
:::---::: PyORBIT v11.0.1 :::---:::

Python version in use:
3.10.18 (main, Jun  5 2025, 13:14:17) [GCC 11.2.0]

reloaded_optimize:  False
reloaded_pyde:  False
reloaded_emcee:  False

number of multiprocessing threads: 16
multiprocessing method (should be fork):  fork

parameters/safe_reload flag (must be True for tinygp):  False

Opening:  RVdata_expres
Opening:  RVdata_harps
Opening:  RVdata_neid
Opening:  BISdata_expres
Opening:  BISdata_harps
Opening:  BISdata_neid
Opening:  FWHMdata_expres
Opening:  FWHMdata_harps
Opening:  FWHMdata_neid
Opening:  Contrastdata_expres
Opening:  Contrastdata_harps
Opening:  Contrastdata_neid
Opening:  Halphadata_expres
Opening:  Halphadata_harps
Opening:  Halphadata_neid
Opening:  CaIIdata_expres
Opening:  CaIIdata_harps
Opening:  CaIIdata_neid

Adding common model of planet:  b
Using orbital model:  keplerian
Using orbital parametrization:  Eastman2013

gp_multidimensional  S+LEAF model, number of harmonics: 4

GP model: gp_multidimensional  hyperparameters_condition:    True
GP model: gp_multidimensional  rotation_decay_condition:     True

====================================================================================================
     Ids, spaces (s), boundaries (b) and priors (p) of the sampler parameters     
====================================================================================================

----- dataset:  RVdata_expres
jitter_0      id:   8  s:Linear      b:[      0.0010,      11.5000]   p:Uniform   []
offset_0      id:   9  s:Linear      b:[ -10006.2420,   10010.4100]   p:Uniform   []

----- dataset: RVdata_expres             ----- model: gp_multidimensional           
rot_amp       id:  10  s:Linear      b:[      0.0000,      10.0000]   p:Uniform   []
con_amp       id:  11  s:Linear      b:[    -20.0000,      20.0000]   p:Uniform   []

----- dataset:  RVdata_harps
jitter_0      id:  12  s:Linear      b:[      0.0009,      13.3000]   p:Uniform   []
offset_0      id:  13  s:Linear      b:[ -10005.4343,   10010.2475]   p:Uniform   []
offset_1      id:  14  s:Linear      b:[ -10005.4343,   10010.2475]   p:Uniform   []

----- dataset: RVdata_harps              ----- model: gp_multidimensional           
rot_amp       id:  15  s:Linear      b:[      0.0000,      10.0000]   p:Uniform   []
con_amp       id:  16  s:Linear      b:[    -20.0000,      20.0000]   p:Uniform   []

----- dataset:  RVdata_neid
jitter_0      id:  17  s:Linear      b:[      0.0010,      12.2000]   p:Uniform   []
offset_0      id:  18  s:Linear      b:[ -10005.9046,   10009.8774]   p:Uniform   []

----- dataset: RVdata_neid               ----- model: gp_multidimensional           
rot_amp       id:  19  s:Linear      b:[      0.0000,      10.0000]   p:Uniform   []
con_amp       id:  20  s:Linear      b:[    -20.0000,      20.0000]   p:Uniform   []

----- dataset:  BISdata_expres
jitter_0      id:  21  s:Linear      b:[      0.0095,      95.0000]   p:Uniform   []
offset_0      id:  22  s:Linear      b:[ -10061.4500,    9948.9833]   p:Uniform   []

----- dataset: BISdata_expres            ----- model: gp_multidimensional           
rot_amp       id:  23  s:Linear      b:[    -10.0000,      10.0000]   p:Uniform   []
con_amp       id:  24  s:Linear      b:[    -20.0000,      20.0000]   p:Uniform   []

----- dataset:  BISdata_harps
jitter_0      id:  25  s:Linear      b:[      0.0095,      95.0000]   p:Uniform   []
offset_0      id:  26  s:Linear      b:[ -10050.8667,    9968.4000]   p:Uniform   []
offset_1      id:  27  s:Linear      b:[ -10050.8667,    9968.4000]   p:Uniform   []

----- dataset: BISdata_harps             ----- model: gp_multidimensional           
rot_amp       id:  28  s:Linear      b:[    -10.0000,      10.0000]   p:Uniform   []
con_amp       id:  29  s:Linear      b:[    -20.0000,      20.0000]   p:Uniform   []

----- dataset:  BISdata_neid
jitter_0      id:  30  s:Linear      b:[      0.0095,      95.0000]   p:Uniform   []
offset_0      id:  31  s:Linear      b:[ -10050.7833,    9957.4667]   p:Uniform   []

----- dataset: BISdata_neid              ----- model: gp_multidimensional           
rot_amp       id:  32  s:Linear      b:[    -10.0000,      10.0000]   p:Uniform   []
con_amp       id:  33  s:Linear      b:[    -20.0000,      20.0000]   p:Uniform   []

----- dataset:  FWHMdata_expres
jitter_0      id:  34  s:Linear      b:[      0.0500,     500.0000]   p:Uniform   []
offset_0      id:  35  s:Linear      b:[  -3233.0765,   16789.6022]   p:Uniform   []

----- dataset: FWHMdata_expres           ----- model: gp_multidimensional           
rot_amp       id:  36  s:Linear      b:[    -10.0000,      10.0000]   p:Uniform   []
con_amp       id:  37  s:Linear      b:[    -20.0000,      20.0000]   p:Uniform   []

----- dataset:  FWHMdata_harps
jitter_0      id:  38  s:Linear      b:[      0.0500,     500.0000]   p:Uniform   []
offset_0      id:  39  s:Linear      b:[  -3088.5511,   17176.1921]   p:Uniform   []
offset_1      id:  40  s:Linear      b:[  -3088.5511,   17176.1921]   p:Uniform   []

----- dataset: FWHMdata_harps            ----- model: gp_multidimensional           
rot_amp       id:  41  s:Linear      b:[    -10.0000,      10.0000]   p:Uniform   []
con_amp       id:  42  s:Linear      b:[    -20.0000,      20.0000]   p:Uniform   []

----- dataset:  FWHMdata_neid
jitter_0      id:  43  s:Linear      b:[      0.0500,     500.0000]   p:Uniform   []
offset_0      id:  44  s:Linear      b:[  -3049.2667,   16964.4316]   p:Uniform   []

----- dataset: FWHMdata_neid             ----- model: gp_multidimensional           
rot_amp       id:  45  s:Linear      b:[    -10.0000,      10.0000]   p:Uniform   []
con_amp       id:  46  s:Linear      b:[    -20.0000,      20.0000]   p:Uniform   []

----- dataset:  Contrastdata_expres
jitter_0      id:  47  s:Linear      b:[      1.3000,   13000.0000]   p:Uniform   []
offset_0      id:  48  s:Linear      b:[-359831.0100, -338852.3247]   p:Uniform   []

----- dataset: Contrastdata_expres       ----- model: gp_multidimensional           
rot_amp       id:  49  s:Linear      b:[    -10.0000,      10.0000]   p:Uniform   []
con_amp       id:  50  s:Linear      b:[    -20.0000,      20.0000]   p:Uniform   []

----- dataset:  Contrastdata_harps
jitter_0      id:  51  s:Linear      b:[      1.3000,   13000.0000]   p:Uniform   []
offset_0      id:  52  s:Linear      b:[-464256.3172, -409348.3188]   p:Uniform   []
offset_1      id:  53  s:Linear      b:[-464256.3172, -409348.3188]   p:Uniform   []

----- dataset: Contrastdata_harps        ----- model: gp_multidimensional           
rot_amp       id:  54  s:Linear      b:[    -10.0000,      10.0000]   p:Uniform   []
con_amp       id:  55  s:Linear      b:[    -20.0000,      20.0000]   p:Uniform   []

----- dataset:  Contrastdata_neid
jitter_0      id:  56  s:Linear      b:[      1.3000,   13000.0000]   p:Uniform   []
offset_0      id:  57  s:Linear      b:[-369967.1260, -349330.7806]   p:Uniform   []

----- dataset: Contrastdata_neid         ----- model: gp_multidimensional           
rot_amp       id:  58  s:Linear      b:[    -10.0000,      10.0000]   p:Uniform   []
con_amp       id:  59  s:Linear      b:[    -20.0000,      20.0000]   p:Uniform   []

----- dataset:  Halphadata_expres
jitter_0      id:  60  s:Linear      b:[      0.0000,       0.1000]   p:Uniform   []
offset_0      id:  61  s:Linear      b:[  -9999.8288,   10000.1728]   p:Uniform   []

----- dataset: Halphadata_expres         ----- model: gp_multidimensional           
rot_amp       id:  62  s:Linear      b:[    -10.0000,      10.0000]   p:Uniform   []
con_amp       id:  63  s:Linear      b:[    -20.0000,      20.0000]   p:Uniform   []

----- dataset:  Halphadata_harps
jitter_0      id:  64  s:Linear      b:[      0.0000,       0.1000]   p:Uniform   []
offset_0      id:  65  s:Linear      b:[  -9999.8279,   10000.1787]   p:Uniform   []
offset_1      id:  66  s:Linear      b:[  -9999.8279,   10000.1787]   p:Uniform   []

----- dataset: Halphadata_harps          ----- model: gp_multidimensional           
rot_amp       id:  67  s:Linear      b:[    -10.0000,      10.0000]   p:Uniform   []
con_amp       id:  68  s:Linear      b:[    -20.0000,      20.0000]   p:Uniform   []

----- dataset:  Halphadata_neid
jitter_0      id:  69  s:Linear      b:[      0.0000,       0.1000]   p:Uniform   []
offset_0      id:  70  s:Linear      b:[  -9999.8297,   10000.1722]   p:Uniform   []

----- dataset: Halphadata_neid           ----- model: gp_multidimensional           
rot_amp       id:  71  s:Linear      b:[    -10.0000,      10.0000]   p:Uniform   []
con_amp       id:  72  s:Linear      b:[    -20.0000,      20.0000]   p:Uniform   []

----- dataset:  CaIIdata_expres
jitter_0      id:  73  s:Linear      b:[      0.0000,       0.3000]   p:Uniform   []
offset_0      id:  74  s:Linear      b:[  -9999.9071,   10000.1079]   p:Uniform   []

----- dataset: CaIIdata_expres           ----- model: gp_multidimensional           
rot_amp       id:  75  s:Linear      b:[    -10.0000,      10.0000]   p:Uniform   []
con_amp       id:  76  s:Linear      b:[    -20.0000,      20.0000]   p:Uniform   []

----- dataset:  CaIIdata_harps
jitter_0      id:  77  s:Linear      b:[      0.0000,       0.3000]   p:Uniform   []
offset_0      id:  78  s:Linear      b:[  -9999.9033,   10000.1089]   p:Uniform   []
offset_1      id:  79  s:Linear      b:[  -9999.9033,   10000.1089]   p:Uniform   []

----- dataset: CaIIdata_harps            ----- model: gp_multidimensional           
rot_amp       id:  80  s:Linear      b:[    -10.0000,      10.0000]   p:Uniform   []
con_amp       id:  81  s:Linear      b:[    -20.0000,      20.0000]   p:Uniform   []

----- dataset:  CaIIdata_neid
jitter_0      id:  82  s:Linear      b:[      0.0000,       0.3000]   p:Uniform   []
offset_0      id:  83  s:Linear      b:[  -9999.9014,   10000.1002]   p:Uniform   []

----- dataset: CaIIdata_neid             ----- model: gp_multidimensional           
rot_amp       id:  84  s:Linear      b:[    -10.0000,      10.0000]   p:Uniform   []
con_amp       id:  85  s:Linear      b:[    -20.0000,      20.0000]   p:Uniform   []

----- common model:  b
P             id:   0  s:Log_Base2   b:[      0.3785,       6.6439]   p:Uniform   []
K             id:   1  s:Log_Base2   b:[     -9.9658,       3.3219]   p:Uniform   []
sre_coso      id:   2  s:Linear      b:[     -1.0000,       1.0000]   p:Uniform   []
sre_sino      id:   3  s:Linear      b:[     -1.0000,       1.0000]   p:Uniform   []
mean_long     id:   4  s:Linear      b:[      0.0000,     360.0000]   p:Uniform   []
e             derived (no id, space, bound)                           p:Gaussian   [0.    0.098]
omega         derived (no id, space, bound)                           p:Uniform   [0.0, 360.0]

----- common model:  activity
Prot          id:   5  s:Linear      b:[     20.0000,      35.0000]   p:Gaussian   [28.   0.5]
Pdec          id:   6  s:Linear      b:[     30.0000,    1000.0000]   p:Uniform   []
Oamp          id:   7  s:Log_Base2   b:[     -6.6439,       0.0000]   p:Gaussian   [0.35  0.035]

----- common model:  star_parameters
mass          derived (no id, space, bound)                           p:Gaussian   [1.e+00 1.e-06]
radius        derived (no id, space, bound)                           p:Gaussian   [1.e+00 1.e-06]
density       derived (no id, space, bound)                           p:Gaussian   [1.e+00 1.e-06]

Include priors:  True

Reference Time Tref:  59334.700184

Dimensions =  86
Nwalkers =  344

Using threading pool for PyDE: True
PyDE running
Boundaries redefined after PyDE output
PyDE completed, it took       1324.4 seconds

====================================================================================================
     Starting point of the sample/optimization routines    
====================================================================================================

----- dataset:  RVdata_expres
jitter_0         8      0.935045 [    0.0010,    11.5000]
offset_0         9      1.705315 [-10006.2420, 10010.4100]

----- dataset: RVdata_expres             ----- model: gp_multidimensional           
rot_amp         10      6.878192 [    0.0000,    10.0000]
con_amp         11      1.501585 [  -20.0000,    20.0000]

----- dataset:  RVdata_harps
jitter_0        12      1.301579 [    0.0009,    13.3000]
offset_0        13      2.230842 [-10005.4343, 10010.2475]
offset_1        14      3.221459 [-10005.4343, 10010.2475]

----- dataset: RVdata_harps              ----- model: gp_multidimensional           
rot_amp         15      3.501264 [    0.0000,    10.0000]
con_amp         16      0.365485 [  -20.0000,    20.0000]

----- dataset:  RVdata_neid
jitter_0        17      1.199022 [    0.0010,    12.2000]
offset_0        18      2.737984 [-10005.9046, 10009.8774]

----- dataset: RVdata_neid               ----- model: gp_multidimensional           
rot_amp         19      5.035555 [    0.0000,    10.0000]
con_amp         20      0.906579 [  -20.0000,    20.0000]

----- dataset:  BISdata_expres
jitter_0        21      1.579690 [    0.0095,    95.0000]
offset_0        22    -54.756471 [-10061.4500,  9948.9833]

----- dataset: BISdata_expres            ----- model: gp_multidimensional           
rot_amp         23      0.569129 [  -10.0000,    10.0000]
con_amp         24      1.441503 [  -20.0000,    20.0000]

----- dataset:  BISdata_harps
jitter_0        25      1.583581 [    0.0095,    95.0000]
offset_0        26    -45.281178 [-10050.8667,  9968.4000]
offset_1        27    -35.640934 [-10050.8667,  9968.4000]

----- dataset: BISdata_harps             ----- model: gp_multidimensional           
rot_amp         28     -0.447424 [  -10.0000,    10.0000]
con_amp         29      0.175979 [  -20.0000,    20.0000]

----- dataset:  BISdata_neid
jitter_0        30      1.272990 [    0.0095,    95.0000]
offset_0        31    -46.768998 [-10050.7833,  9957.4667]

----- dataset: BISdata_neid              ----- model: gp_multidimensional           
rot_amp         32     -0.728394 [  -10.0000,    10.0000]
con_amp         33     -0.221258 [  -20.0000,    20.0000]

----- dataset:  FWHMdata_expres
jitter_0        34      0.053978 [    0.0500,   500.0000]
offset_0        35   6776.459614 [-3233.0765, 16789.6022]

----- dataset: FWHMdata_expres           ----- model: gp_multidimensional           
rot_amp         36     -2.399100 [  -10.0000,    10.0000]
con_amp         37     -3.916083 [  -20.0000,    20.0000]

----- dataset:  FWHMdata_harps
jitter_0        38      0.052179 [    0.0500,   500.0000]
offset_0        39   6917.419251 [-3088.5511, 17176.1921]
offset_1        40   7171.648915 [-3088.5511, 17176.1921]

----- dataset: FWHMdata_harps            ----- model: gp_multidimensional           
rot_amp         41      1.735281 [  -10.0000,    10.0000]
con_amp         42      0.251425 [  -20.0000,    20.0000]

----- dataset:  FWHMdata_neid
jitter_0        43      0.052923 [    0.0500,   500.0000]
offset_0        44   6957.283841 [-3049.2667, 16964.4316]

----- dataset: FWHMdata_neid             ----- model: gp_multidimensional           
rot_amp         45     -0.360362 [  -10.0000,    10.0000]
con_amp         46     -0.113564 [  -20.0000,    20.0000]

----- dataset:  Contrastdata_expres
jitter_0        47    175.683653 [    1.3000, 13000.0000]
offset_0        48  -349485.770218 [-359831.0100, -338852.3247]

----- dataset: Contrastdata_expres       ----- model: gp_multidimensional           
rot_amp         49      9.747695 [  -10.0000,    10.0000]
con_amp         50    -19.998255 [  -20.0000,    20.0000]

----- dataset:  Contrastdata_harps
jitter_0        51    119.422368 [    1.3000, 13000.0000]
offset_0        52  -453776.543845 [-464256.3172, -409348.3188]
offset_1        53  -419709.354963 [-464256.3172, -409348.3188]

----- dataset: Contrastdata_harps        ----- model: gp_multidimensional           
rot_amp         54     -9.982295 [  -10.0000,    10.0000]
con_amp         55     19.994535 [  -20.0000,    20.0000]

----- dataset:  Contrastdata_neid
jitter_0        56     35.484073 [    1.3000, 13000.0000]
offset_0        57  -359598.394244 [-369967.1260, -349330.7806]

----- dataset: Contrastdata_neid         ----- model: gp_multidimensional           
rot_amp         58      9.981869 [  -10.0000,    10.0000]
con_amp         59    -19.976156 [  -20.0000,    20.0000]

----- dataset:  Halphadata_expres
jitter_0        60      0.000010 [    0.0000,     0.1000]
offset_0        61      0.172064 [-9999.8288, 10000.1728]

----- dataset: Halphadata_expres         ----- model: gp_multidimensional           
rot_amp         62      0.000405 [  -10.0000,    10.0000]
con_amp         63      0.000103 [  -20.0000,    20.0000]

----- dataset:  Halphadata_harps
jitter_0        64      0.000461 [    0.0000,     0.1000]
offset_0        65      0.174654 [-9999.8279, 10000.1787]
offset_1        66      0.173862 [-9999.8279, 10000.1787]

----- dataset: Halphadata_harps          ----- model: gp_multidimensional           
rot_amp         67     -0.001922 [  -10.0000,    10.0000]
con_amp         68     -0.000048 [  -20.0000,    20.0000]

----- dataset:  Halphadata_neid
jitter_0        69      0.000010 [    0.0000,     0.1000]
offset_0        70      0.171170 [-9999.8297, 10000.1722]

----- dataset: Halphadata_neid           ----- model: gp_multidimensional           
rot_amp         71      0.000549 [  -10.0000,    10.0000]
con_amp         72     -0.000077 [  -20.0000,    20.0000]

----- dataset:  CaIIdata_expres
jitter_0        73      0.001497 [    0.0000,     0.3000]
offset_0        74      0.100419 [-9999.9071, 10000.1079]

----- dataset: CaIIdata_expres           ----- model: gp_multidimensional           
rot_amp         75      0.001581 [  -10.0000,    10.0000]
con_amp         76     -0.000634 [  -20.0000,    20.0000]

----- dataset:  CaIIdata_harps
jitter_0        77      0.000032 [    0.0000,     0.3000]
offset_0        78      0.104378 [-9999.9033, 10000.1089]
offset_1        79      0.103636 [-9999.9033, 10000.1089]

----- dataset: CaIIdata_harps            ----- model: gp_multidimensional           
rot_amp         80     -0.000826 [  -10.0000,    10.0000]
con_amp         81     -0.000015 [  -20.0000,    20.0000]

----- dataset:  CaIIdata_neid
jitter_0        82      0.000031 [    0.0000,     0.3000]
offset_0        83      0.099482 [-9999.9014, 10000.1002]

----- dataset: CaIIdata_neid             ----- model: gp_multidimensional           
rot_amp         84      0.000865 [  -10.0000,    10.0000]
con_amp         85     -0.000140 [  -20.0000,    20.0000]

----- common model:  b
P                0      6.643851 [    0.3785,     6.6439]
K                1      2.283483 [   -9.9658,     3.3219]
sre_coso         2      0.243058 [   -1.0000,     1.0000]
sre_sino         3     -0.558253 [   -1.0000,     1.0000]
mean_long        4    317.517191 [  137.5172,   497.5172]

----- common model:  activity
Prot             5     28.204958 [   20.0000,    35.0000]
Pdec             6     30.000426 [   30.0000,  1000.0000]
Oamp             7     -1.495991 [   -6.6439,     0.0000]

----- common model:  star_parameters

====================================================================================================
     Starting point projected onto the model parameter space     
====================================================================================================

----- dataset:  RVdata_expres
jitter_0              0.935045 
offset_0              1.705315 


----- dataset: RVdata_expres             ----- model: gp_multidimensional           
rot_amp               6.878192 
con_amp               1.501585 

----- dataset:  RVdata_harps
jitter_0              1.301579 
offset_0              2.230842 
offset_1              3.221459 


----- dataset: RVdata_harps              ----- model: gp_multidimensional           
rot_amp               3.501264 
con_amp               0.365485 

----- dataset:  RVdata_neid
jitter_0              1.199022 
offset_0              2.737984 


----- dataset: RVdata_neid               ----- model: gp_multidimensional           
rot_amp               5.035555 
con_amp               0.906579 

----- dataset:  BISdata_expres
jitter_0              1.579690 
offset_0            -54.756471 


----- dataset: BISdata_expres            ----- model: gp_multidimensional           
rot_amp               0.569129 
con_amp               1.441503 

----- dataset:  BISdata_harps
jitter_0              1.583581 
offset_0            -45.281178 
offset_1            -35.640934 


----- dataset: BISdata_harps             ----- model: gp_multidimensional           
rot_amp              -0.447424 
con_amp               0.175979 

----- dataset:  BISdata_neid
jitter_0              1.272990 
offset_0            -46.768998 


----- dataset: BISdata_neid              ----- model: gp_multidimensional           
rot_amp              -0.728394 
con_amp              -0.221258 

----- dataset:  FWHMdata_expres
jitter_0              0.053978 
offset_0           6776.459614 


----- dataset: FWHMdata_expres           ----- model: gp_multidimensional           
rot_amp              -2.399100 
con_amp              -3.916083 

----- dataset:  FWHMdata_harps
jitter_0              0.052179 
offset_0           6917.419251 
offset_1           7171.648915 


----- dataset: FWHMdata_harps            ----- model: gp_multidimensional           
rot_amp               1.735281 
con_amp               0.251425 

----- dataset:  FWHMdata_neid
jitter_0              0.052923 
offset_0           6957.283841 


----- dataset: FWHMdata_neid             ----- model: gp_multidimensional           
rot_amp              -0.360362 
con_amp              -0.113564 

----- dataset:  Contrastdata_expres
jitter_0            175.683653 
offset_0        -349485.770218 


----- dataset: Contrastdata_expres       ----- model: gp_multidimensional           
rot_amp               9.747695 
con_amp             -19.998255 

----- dataset:  Contrastdata_harps
jitter_0            119.422368 
offset_0        -453776.543845 
offset_1        -419709.354963 


----- dataset: Contrastdata_harps        ----- model: gp_multidimensional           
rot_amp              -9.982295 
con_amp              19.994535 

----- dataset:  Contrastdata_neid
jitter_0             35.484073 
offset_0        -359598.394244 


----- dataset: Contrastdata_neid         ----- model: gp_multidimensional           
rot_amp               9.981869 
con_amp             -19.976156 

----- dataset:  Halphadata_expres
jitter_0              0.000010 
offset_0              0.172064 


----- dataset: Halphadata_expres         ----- model: gp_multidimensional           
rot_amp               0.000405 
con_amp               0.000103 

----- dataset:  Halphadata_harps
jitter_0              0.000461 
offset_0              0.174654 
offset_1              0.173862 


----- dataset: Halphadata_harps          ----- model: gp_multidimensional           
rot_amp              -0.001922 
con_amp              -0.000048 

----- dataset:  Halphadata_neid
jitter_0              0.000010 
offset_0              0.171170 


----- dataset: Halphadata_neid           ----- model: gp_multidimensional           
rot_amp               0.000549 
con_amp              -0.000077 

----- dataset:  CaIIdata_expres
jitter_0              0.001497 
offset_0              0.100419 


----- dataset: CaIIdata_expres           ----- model: gp_multidimensional           
rot_amp               0.001581 
con_amp              -0.000634 

----- dataset:  CaIIdata_harps
jitter_0              0.000032 
offset_0              0.104378 
offset_1              0.103636 


----- dataset: CaIIdata_harps            ----- model: gp_multidimensional           
rot_amp              -0.000826 
con_amp              -0.000015 

----- dataset:  CaIIdata_neid
jitter_0              0.000031 
offset_0              0.099482 


----- dataset: CaIIdata_neid             ----- model: gp_multidimensional           
rot_amp               0.000865 
con_amp              -0.000140 

----- common model:  b
P                    99.999628 
K                     4.868518 
mean_long           317.517191 
e                     0.370724 
omega               -66.472145 

----- common model:  activity
Prot                 28.204958 
Pdec                 30.000426 
Oamp                  0.354537 

----- common model:  star_parameters

====================================================================================================
     Derived parameters obtained from starting point     
====================================================================================================

----- common model:  b
Inclination fixed to 90 deg!
a_Rs                 90.625019 
M_Mj                  0.103249 
M_Me                 32.822327 
Tc                59365.230564 
a_AU_(M)              0.421646 
a_AU_(rho,R)          0.421631 


====================================================================================================
     Statistics on the log-likelihood     
====================================================================================================

 LN probability: -1319.515741 

====================================================================================================
     ------------------------------------------------------------------------------------------     
====================================================================================================



*************************************************************

Running emcee

emcee version:  3.1.6
Using threading pool for emcee: True

Saving temporary steps


Computing the autocorrelation time of the chains

***** WARNING ******
The integrated autocorrelation time cannot be reliably estimated
likely the chains are too short, and ACF analysis is not fully reliable
emcee.autocorr.integrated_time tolerance lowered to 20
If you still get a warning, you should drop these results entirely
Chains too short to apply convergence criteria
They should be at least 600*nthin = 90000

====================================================================================================
     Statistics on the posterior of the sampler parameters     
====================================================================================================

----- dataset:  RVdata_expres
jitter_0         8         0.941       -0.036         0.10   (15-84 p)   [    0.0010,    11.5000]
offset_0         9          1.71        -0.29         0.45   (15-84 p)   [-10006.2420, 10010.4100]

----- dataset: RVdata_expres             ----- model: gp_multidimensional           
rot_amp         10          7.35        -0.53          1.9   (15-84 p)   [    0.0000,    10.0000]
con_amp         11          1.82        -0.36          1.8   (15-84 p)   [  -20.0000,    20.0000]

----- dataset:  RVdata_harps
jitter_0        12         1.306       -0.048         0.11   (15-84 p)   [    0.0009,    13.3000]
offset_0        13          2.23        -0.17         0.24   (15-84 p)   [-10005.4343, 10010.2475]
offset_1        14          3.23        -0.19         0.32   (15-84 p)   [-10005.4343, 10010.2475]

----- dataset: RVdata_harps              ----- model: gp_multidimensional           
rot_amp         15          3.61        -0.38          2.1   (15-84 p)   [    0.0000,    10.0000]
con_amp         16          0.45        -0.12         0.79   (15-84 p)   [  -20.0000,    20.0000]

----- dataset:  RVdata_neid
jitter_0        17         1.203       -0.052        0.099   (15-84 p)   [    0.0010,    12.2000]
offset_0        18          2.74        -0.19         0.31   (15-84 p)   [-10005.9046, 10009.8774]

----- dataset: RVdata_neid               ----- model: gp_multidimensional           
rot_amp         19          5.32        -0.40          2.1   (15-84 p)   [    0.0000,    10.0000]
con_amp         20          1.13        -0.24          1.1   (15-84 p)   [  -20.0000,    20.0000]

----- dataset:  BISdata_expres
jitter_0        21         1.583       -0.099         0.14   (15-84 p)   [    0.0095,    95.0000]
offset_0        22        -54.75        -0.29         0.41   (15-84 p)   [-10061.4500,  9948.9833]

----- dataset: BISdata_expres            ----- model: gp_multidimensional           
rot_amp         23          0.45         -1.9         0.52   (15-84 p)   [  -10.0000,    10.0000]
con_amp         24          1.63        -0.21          1.2   (15-84 p)   [  -20.0000,    20.0000]

----- dataset:  BISdata_harps
jitter_0        25         1.591       -0.081         0.15   (15-84 p)   [    0.0095,    95.0000]
offset_0        26        -45.30        -0.23         0.13   (15-84 p)   [-10050.8667,  9968.4000]
offset_1        27        -35.66        -0.38         0.19   (15-84 p)   [-10050.8667,  9968.4000]

----- dataset: BISdata_harps             ----- model: gp_multidimensional           
rot_amp         28         -0.68         -2.7         0.53   (15-84 p)   [  -10.0000,    10.0000]
con_amp         29          0.18        -0.25         0.43   (15-84 p)   [  -20.0000,    20.0000]

----- dataset:  BISdata_neid
jitter_0        30         1.287       -0.066         0.18   (15-84 p)   [    0.0095,    95.0000]
offset_0        31       -46.780        -0.19        0.087   (15-84 p)   [-10050.7833,  9957.4667]

----- dataset: BISdata_neid              ----- model: gp_multidimensional           
rot_amp         32         -0.80         -1.6         0.49   (15-84 p)   [  -10.0000,    10.0000]
con_amp         33         -0.23        -0.33         0.26   (15-84 p)   [  -20.0000,    20.0000]

----- dataset:  FWHMdata_expres
jitter_0        34          0.22        -0.17         0.62   (15-84 p)   [    0.0500,   500.0000]
offset_0        35       6776.47        -0.88         0.86   (15-84 p)   [-3233.0765, 16789.6022]

----- dataset: FWHMdata_expres           ----- model: gp_multidimensional           
rot_amp         36          -2.3         -1.6          3.6   (15-84 p)   [  -10.0000,    10.0000]
con_amp         37         -4.19         -3.0         0.49   (15-84 p)   [  -20.0000,    20.0000]

----- dataset:  FWHMdata_harps
jitter_0        38          0.15        -0.10         0.38   (15-84 p)   [    0.0500,   500.0000]
offset_0        39       6917.44        -0.42         0.53   (15-84 p)   [-3088.5511, 17176.1921]
offset_1        40       7171.73        -0.42          1.0   (15-84 p)   [-3088.5511, 17176.1921]

----- dataset: FWHMdata_harps            ----- model: gp_multidimensional           
rot_amp         41           1.8         -2.4          2.8   (15-84 p)   [  -10.0000,    10.0000]
con_amp         42          0.28        -0.51          1.0   (15-84 p)   [  -20.0000,    20.0000]

----- dataset:  FWHMdata_neid
jitter_0        43         0.129       -0.076         0.29   (15-84 p)   [    0.0500,   500.0000]
offset_0        44       6957.25        -0.56         0.25   (15-84 p)   [-3049.2667, 16964.4316]

----- dataset: FWHMdata_neid             ----- model: gp_multidimensional           
rot_amp         45          -0.7         -4.4          1.3   (15-84 p)   [  -10.0000,    10.0000]
con_amp         46         -0.06        -0.43          1.1   (15-84 p)   [  -20.0000,    20.0000]

----- dataset:  Contrastdata_expres
jitter_0        47           175          -15           14   (15-84 p)   [    1.3000, 13000.0000]
offset_0        48       -349486          -16           15   (15-84 p)   [-359831.0100, -338852.3247]

----- dataset: Contrastdata_expres       ----- model: gp_multidimensional           
rot_amp         49           5.7          -11          4.1   (15-84 p)   [  -10.0000,    10.0000]
con_amp         50       -19.917       -0.081         0.35   (15-84 p)   [  -20.0000,    20.0000]

----- dataset:  Contrastdata_harps
jitter_0        51           119          -12           15   (15-84 p)   [    1.3000, 13000.0000]
offset_0        52       -453776          -15           15   (15-84 p)   [-464256.3172, -409348.3188]
offset_1        53       -419708          -19           32   (15-84 p)   [-464256.3172, -409348.3188]

----- dataset: Contrastdata_harps        ----- model: gp_multidimensional           
rot_amp         54         -9.04        -0.94          3.9   (15-84 p)   [  -10.0000,    10.0000]
con_amp         55         19.84        -0.66         0.15   (15-84 p)   [  -20.0000,    20.0000]

----- dataset:  Contrastdata_neid
jitter_0        56            40          -15           35   (15-84 p)   [    1.3000, 13000.0000]
offset_0        57     -359598.7          -13          9.6   (15-84 p)   [-369967.1260, -349330.7806]

----- dataset: Contrastdata_neid         ----- model: gp_multidimensional           
rot_amp         58          9.29         -2.9         0.69   (15-84 p)   [  -10.0000,    10.0000]
con_amp         59        -19.10        -0.88          3.9   (15-84 p)   [  -20.0000,    20.0000]

----- dataset:  Halphadata_expres
jitter_0        60     0.0000201   -0.0000097     0.000036   (15-84 p)   [    0.0000,     0.1000]
offset_0        61      0.172062    -0.000094     0.000075   (15-84 p)   [-9999.8288, 10000.1728]

----- dataset: Halphadata_expres         ----- model: gp_multidimensional           
rot_amp         62       0.00040     -0.00044      0.00036   (15-84 p)   [  -10.0000,    10.0000]
con_amp         63       0.00011     -0.00012      0.00017   (15-84 p)   [  -20.0000,    20.0000]

----- dataset:  Halphadata_harps
jitter_0        64       0.00047     -0.00011      0.00018   (15-84 p)   [    0.0000,     0.1000]
offset_0        65      0.174645     -0.00015     0.000060   (15-84 p)   [-9999.8279, 10000.1787]
offset_1        66       0.17385     -0.00025      0.00013   (15-84 p)   [-9999.8279, 10000.1787]

----- dataset: Halphadata_harps          ----- model: gp_multidimensional           
rot_amp         67      -0.00210      -0.0016      0.00030   (15-84 p)   [  -10.0000,    10.0000]
con_amp         68      -0.00006     -0.00028      0.00013   (15-84 p)   [  -20.0000,    20.0000]

----- dataset:  Halphadata_neid
jitter_0        69      0.000026    -0.000015     0.000064   (15-84 p)   [    0.0000,     0.1000]
offset_0        70      0.171173    -0.000071      0.00011   (15-84 p)   [-9999.8297, 10000.1722]

----- dataset: Halphadata_neid           ----- model: gp_multidimensional           
rot_amp         71       0.00058     -0.00038      0.00072   (15-84 p)   [  -10.0000,    10.0000]
con_amp         72      -0.00007     -0.00014      0.00023   (15-84 p)   [  -20.0000,    20.0000]

----- dataset:  CaIIdata_expres
jitter_0        73       0.00148     -0.00051      0.00036   (15-84 p)   [    0.0000,     0.3000]
offset_0        74       0.10040     -0.00039      0.00021   (15-84 p)   [-9999.9071, 10000.1079]

----- dataset: CaIIdata_expres           ----- model: gp_multidimensional           
rot_amp         75       0.00171     -0.00093       0.0028   (15-84 p)   [  -10.0000,    10.0000]
con_amp         76      -0.00072     -0.00096      0.00019   (15-84 p)   [  -20.0000,    20.0000]

----- dataset:  CaIIdata_harps
jitter_0        77      0.000105    -0.000074      0.00035   (15-84 p)   [    0.0000,     0.3000]
offset_0        78       0.10438     -0.00031      0.00031   (15-84 p)   [-9999.9033, 10000.1089]
offset_1        79       0.10359     -0.00059      0.00030   (15-84 p)   [-9999.9033, 10000.1089]

----- dataset: CaIIdata_harps            ----- model: gp_multidimensional           
rot_amp         80       -0.0008      -0.0014       0.0017   (15-84 p)   [  -10.0000,    10.0000]
con_amp         81      -0.00006     -0.00080      0.00022   (15-84 p)   [  -20.0000,    20.0000]

----- dataset:  CaIIdata_neid
jitter_0        82      0.000062    -0.000031      0.00013   (15-84 p)   [    0.0000,     0.3000]
offset_0        83       0.09947     -0.00031      0.00022   (15-84 p)   [-9999.9014, 10000.1002]

----- dataset: CaIIdata_neid             ----- model: gp_multidimensional           
rot_amp         84        0.0008      -0.0019       0.0012   (15-84 p)   [  -10.0000,    10.0000]
con_amp         85      -0.00014     -0.00057      0.00043   (15-84 p)   [  -20.0000,    20.0000]

----- common model:  b
P                0       6.64372     -0.00059      0.00013   (15-84 p)   [    0.3785,     6.6439]
K                1         2.282       -0.064        0.044   (15-84 p)   [   -9.9658,     3.3219]
sre_coso         2         0.240       -0.063        0.036   (15-84 p)   [   -1.0000,     1.0000]
sre_sino         3        -0.559       -0.032        0.019   (15-84 p)   [   -1.0000,     1.0000]
mean_long        4         317.6         -2.0          2.6   (15-84 p)   [  137.5172,   497.5172]

----- common model:  activity
Prot             5         28.21        -0.25         0.33   (15-84 p)   [   20.0000,    35.0000]
Pdec             6        30.016       -0.016        0.073   (15-84 p)   [   30.0000,  1000.0000]
Oamp             7        -1.475       -0.043         0.16   (15-84 p)   [   -6.6439,     0.0000]

----- common model:  star_parameters

====================================================================================================
     Statistics on the model parameters obtained from the posteriors samples     
====================================================================================================

----- dataset:  RVdata_expres
jitter_0                 0.941       -0.036         0.10    (15-84 p)
offset_0                  1.71        -0.29         0.45    (15-84 p)


----- dataset: RVdata_expres             ----- model: gp_multidimensional           
rot_amp                   7.35        -0.53          1.9    (15-84 p)
con_amp                   1.82        -0.36          1.8    (15-84 p)

----- dataset:  RVdata_harps
jitter_0                 1.306       -0.048         0.11    (15-84 p)
offset_0                  2.23        -0.17         0.24    (15-84 p)
offset_1                  3.23        -0.19         0.32    (15-84 p)


----- dataset: RVdata_harps              ----- model: gp_multidimensional           
rot_amp                   3.61        -0.38          2.1    (15-84 p)
con_amp                   0.45        -0.12         0.79    (15-84 p)

----- dataset:  RVdata_neid
jitter_0                 1.203       -0.052        0.099    (15-84 p)
offset_0                  2.74        -0.19         0.31    (15-84 p)


----- dataset: RVdata_neid               ----- model: gp_multidimensional           
rot_amp                   5.32        -0.40          2.1    (15-84 p)
con_amp                   1.13        -0.24          1.1    (15-84 p)

----- dataset:  BISdata_expres
jitter_0                 1.583       -0.099         0.14    (15-84 p)
offset_0                -54.75        -0.29         0.41    (15-84 p)


----- dataset: BISdata_expres            ----- model: gp_multidimensional           
rot_amp                   0.45         -1.9         0.52    (15-84 p)
con_amp                   1.63        -0.21          1.2    (15-84 p)

----- dataset:  BISdata_harps
jitter_0                 1.591       -0.081         0.15    (15-84 p)
offset_0                -45.30        -0.23         0.13    (15-84 p)
offset_1                -35.66        -0.38         0.19    (15-84 p)


----- dataset: BISdata_harps             ----- model: gp_multidimensional           
rot_amp                  -0.68         -2.7         0.53    (15-84 p)
con_amp                   0.18        -0.25         0.43    (15-84 p)

----- dataset:  BISdata_neid
jitter_0                 1.287       -0.066         0.18    (15-84 p)
offset_0               -46.780        -0.19        0.087    (15-84 p)


----- dataset: BISdata_neid              ----- model: gp_multidimensional           
rot_amp                  -0.80         -1.6         0.49    (15-84 p)
con_amp                  -0.23        -0.33         0.26    (15-84 p)

----- dataset:  FWHMdata_expres
jitter_0                  0.22        -0.17         0.62    (15-84 p)
offset_0               6776.47        -0.88         0.86    (15-84 p)


----- dataset: FWHMdata_expres           ----- model: gp_multidimensional           
rot_amp                   -2.3         -1.6          3.6    (15-84 p)
con_amp                  -4.19         -3.0         0.49    (15-84 p)

----- dataset:  FWHMdata_harps
jitter_0                  0.15        -0.10         0.38    (15-84 p)
offset_0               6917.44        -0.42         0.53    (15-84 p)
offset_1               7171.73        -0.42          1.0    (15-84 p)


----- dataset: FWHMdata_harps            ----- model: gp_multidimensional           
rot_amp                    1.8         -2.4          2.8    (15-84 p)
con_amp                   0.28        -0.51          1.0    (15-84 p)

----- dataset:  FWHMdata_neid
jitter_0                 0.129       -0.076         0.29    (15-84 p)
offset_0               6957.25        -0.56         0.25    (15-84 p)


----- dataset: FWHMdata_neid             ----- model: gp_multidimensional           
rot_amp                   -0.7         -4.4          1.3    (15-84 p)
con_amp                  -0.06        -0.43          1.1    (15-84 p)

----- dataset:  Contrastdata_expres
jitter_0                   175          -15           14    (15-84 p)
offset_0               -349486          -16           15    (15-84 p)


----- dataset: Contrastdata_expres       ----- model: gp_multidimensional           
rot_amp                    5.7          -11          4.1    (15-84 p)
con_amp                -19.917       -0.081         0.35    (15-84 p)

----- dataset:  Contrastdata_harps
jitter_0                   119          -12           15    (15-84 p)
offset_0               -453776          -15           15    (15-84 p)
offset_1               -419708          -19           32    (15-84 p)


----- dataset: Contrastdata_harps        ----- model: gp_multidimensional           
rot_amp                  -9.04        -0.94          3.9    (15-84 p)
con_amp                  19.84        -0.66         0.15    (15-84 p)

----- dataset:  Contrastdata_neid
jitter_0                    40          -15           35    (15-84 p)
offset_0             -359598.7          -13          9.6    (15-84 p)


----- dataset: Contrastdata_neid         ----- model: gp_multidimensional           
rot_amp                   9.29         -2.9         0.69    (15-84 p)
con_amp                 -19.10        -0.88          3.9    (15-84 p)

----- dataset:  Halphadata_expres
jitter_0             0.0000201   -0.0000097     0.000036    (15-84 p)
offset_0              0.172062    -0.000094     0.000075    (15-84 p)


----- dataset: Halphadata_expres         ----- model: gp_multidimensional           
rot_amp                0.00040     -0.00044      0.00036    (15-84 p)
con_amp                0.00011     -0.00012      0.00017    (15-84 p)

----- dataset:  Halphadata_harps
jitter_0               0.00047     -0.00011      0.00018    (15-84 p)
offset_0              0.174645     -0.00015     0.000060    (15-84 p)
offset_1               0.17385     -0.00025      0.00013    (15-84 p)


----- dataset: Halphadata_harps          ----- model: gp_multidimensional           
rot_amp               -0.00210      -0.0016      0.00030    (15-84 p)
con_amp               -0.00006     -0.00028      0.00013    (15-84 p)

----- dataset:  Halphadata_neid
jitter_0              0.000026    -0.000015     0.000064    (15-84 p)
offset_0              0.171173    -0.000071      0.00011    (15-84 p)


----- dataset: Halphadata_neid           ----- model: gp_multidimensional           
rot_amp                0.00058     -0.00038      0.00072    (15-84 p)
con_amp               -0.00007     -0.00014      0.00023    (15-84 p)

----- dataset:  CaIIdata_expres
jitter_0               0.00148     -0.00051      0.00036    (15-84 p)
offset_0               0.10040     -0.00039      0.00021    (15-84 p)


----- dataset: CaIIdata_expres           ----- model: gp_multidimensional           
rot_amp                0.00171     -0.00093       0.0028    (15-84 p)
con_amp               -0.00072     -0.00096      0.00019    (15-84 p)

----- dataset:  CaIIdata_harps
jitter_0              0.000105    -0.000074      0.00035    (15-84 p)
offset_0               0.10438     -0.00031      0.00031    (15-84 p)
offset_1               0.10359     -0.00059      0.00030    (15-84 p)


----- dataset: CaIIdata_harps            ----- model: gp_multidimensional           
rot_amp                -0.0008      -0.0014       0.0017    (15-84 p)
con_amp               -0.00006     -0.00080      0.00022    (15-84 p)

----- dataset:  CaIIdata_neid
jitter_0              0.000062    -0.000031      0.00013    (15-84 p)
offset_0               0.09947     -0.00031      0.00022    (15-84 p)


----- dataset: CaIIdata_neid             ----- model: gp_multidimensional           
rot_amp                 0.0008      -0.0019       0.0012    (15-84 p)
con_amp               -0.00014     -0.00057      0.00043    (15-84 p)

----- common model:  b
P                      99.9906       -0.041       0.0091    (15-84 p)
K                         4.86        -0.21         0.15    (15-84 p)
mean_long                317.6         -2.0          2.6    (15-84 p)
e                        0.371       -0.023        0.035    (15-84 p)
omega                    -66.8         -6.2          3.3    (15-84 p)

----- common model:  activity
Prot                     28.21        -0.25         0.33    (15-84 p)
Pdec                    30.016       -0.016        0.073    (15-84 p)
Oamp                     0.360       -0.010        0.043    (15-84 p)

----- common model:  star_parameters

====================================================================================================
     Statistics on the derived parameters obtained from the posteriors samples     
====================================================================================================

----- common model:  b
Inclination fixed to 90 deg!
Computing exact mass of the planet (average approximate mass larger than 30.0 Me)
a_Rs                   90.6196       -0.025       0.0055    (15-84 p)
M_Mj                    0.1031      -0.0046       0.0026    (15-84 p)
M_Me                     32.78         -1.5         0.82    (15-84 p)
Tc                     59365.3         -1.6          1.9    (15-84 p)
a_AU_(M)              0.421620     -0.00011     0.000026    (15-84 p)
a_AU_(rho,R)          0.421605     -0.00011     0.000026    (15-84 p)


====================================================================================================
     ------------------------------------------------------------------------------------------     
====================================================================================================



15000.0   steps completed, average lnprob:,  -1369.1452336281404


Computing the autocorrelation time of the chains

***** WARNING ******
The integrated autocorrelation time cannot be reliably estimated
likely the chains are too short, and ACF analysis is not fully reliable
emcee.autocorr.integrated_time tolerance lowered to 20
If you still get a warning, you should drop these results entirely
Chains too short to apply convergence criteria
They should be at least 1300*nthin = 195000

====================================================================================================
     Statistics on the posterior of the sampler parameters     
====================================================================================================

----- dataset:  RVdata_expres
jitter_0         8         1.012       -0.094         0.10   (15-84 p)   [    0.0010,    11.5000]
offset_0         9           1.9         -1.2          1.4   (15-84 p)   [-10006.2420, 10010.4100]

----- dataset: RVdata_expres             ----- model: gp_multidimensional           
rot_amp         10          9.05         -1.5         0.70   (15-84 p)   [    0.0000,    10.0000]
con_amp         11           4.8         -1.3          1.7   (15-84 p)   [  -20.0000,    20.0000]

----- dataset:  RVdata_harps
jitter_0        12          1.35        -0.10         0.11   (15-84 p)   [    0.0009,    13.3000]
offset_0        13          2.27        -0.38         0.58   (15-84 p)   [-10005.4343, 10010.2475]
offset_1        14          3.30        -0.47         0.59   (15-84 p)   [-10005.4343, 10010.2475]

----- dataset: RVdata_harps              ----- model: gp_multidimensional           
rot_amp         15           6.1         -1.9          1.9   (15-84 p)   [    0.0000,    10.0000]
con_amp         16          1.50        -0.88          1.2   (15-84 p)   [  -20.0000,    20.0000]

----- dataset:  RVdata_neid
jitter_0        17          1.26        -0.10         0.12   (15-84 p)   [    0.0010,    12.2000]
offset_0        18          2.86        -0.73         0.91   (15-84 p)   [-10005.9046, 10009.8774]

----- dataset: RVdata_neid               ----- model: gp_multidimensional           
rot_amp         19           7.7         -1.8          1.5   (15-84 p)   [    0.0000,    10.0000]
con_amp         20          2.90        -0.95          1.3   (15-84 p)   [  -20.0000,    20.0000]

----- dataset:  BISdata_expres
jitter_0        21          1.56        -0.16         0.17   (15-84 p)   [    0.0095,    95.0000]
offset_0        22        -54.65        -0.95          1.1   (15-84 p)   [-10061.4500,  9948.9833]

----- dataset: BISdata_expres            ----- model: gp_multidimensional           
rot_amp         23          -2.1         -2.7          2.2   (15-84 p)   [  -10.0000,    10.0000]
con_amp         24          3.77        -1.00          1.3   (15-84 p)   [  -20.0000,    20.0000]

----- dataset:  BISdata_harps
jitter_0        25          1.57        -0.16         0.17   (15-84 p)   [    0.0095,    95.0000]
offset_0        26        -45.36        -0.30         0.35   (15-84 p)   [-10050.8667,  9968.4000]
offset_1        27        -35.84        -0.45         0.49   (15-84 p)   [-10050.8667,  9968.4000]

----- dataset: BISdata_harps             ----- model: gp_multidimensional           
rot_amp         28          -4.2         -2.9          2.6   (15-84 p)   [  -10.0000,    10.0000]
con_amp         29          0.68        -0.73         0.81   (15-84 p)   [  -20.0000,    20.0000]

----- dataset:  BISdata_neid
jitter_0        30          1.31        -0.15         0.16   (15-84 p)   [    0.0095,    95.0000]
offset_0        31        -46.82        -0.28         0.26   (15-84 p)   [-10050.7833,  9957.4667]

----- dataset: BISdata_neid              ----- model: gp_multidimensional           
rot_amp         32          -1.7         -2.2          2.0   (15-84 p)   [  -10.0000,    10.0000]
con_amp         33         -0.50        -0.80         0.70   (15-84 p)   [  -20.0000,    20.0000]

----- dataset:  FWHMdata_expres
jitter_0        34          0.80        -0.53         0.78   (15-84 p)   [    0.0500,   500.0000]
offset_0        35        6776.3         -2.6          2.4   (15-84 p)   [-3233.0765, 16789.6022]

----- dataset: FWHMdata_expres           ----- model: gp_multidimensional           
rot_amp         36          -0.8         -4.5          4.9   (15-84 p)   [  -10.0000,    10.0000]
con_amp         37          -9.0         -3.2          2.7   (15-84 p)   [  -20.0000,    20.0000]

----- dataset:  FWHMdata_harps
jitter_0        38          0.51        -0.33         0.46   (15-84 p)   [    0.0500,   500.0000]
offset_0        39       6917.40        -0.75         0.79   (15-84 p)   [-3088.5511, 17176.1921]
offset_1        40        7171.6         -1.1          1.2   (15-84 p)   [-3088.5511, 17176.1921]

----- dataset: FWHMdata_harps            ----- model: gp_multidimensional           
rot_amp         41          -0.3         -5.3          5.3   (15-84 p)   [  -10.0000,    10.0000]
con_amp         42           1.1         -1.9          2.1   (15-84 p)   [  -20.0000,    20.0000]

----- dataset:  FWHMdata_neid
jitter_0        43          0.52        -0.33         0.46   (15-84 p)   [    0.0500,   500.0000]
offset_0        44       6957.21        -0.72         0.76   (15-84 p)   [-3049.2667, 16964.4316]

----- dataset: FWHMdata_neid             ----- model: gp_multidimensional           
rot_amp         45          -1.9         -4.7          5.3   (15-84 p)   [  -10.0000,    10.0000]
con_amp         46           0.5         -2.2          2.1   (15-84 p)   [  -20.0000,    20.0000]

----- dataset:  Contrastdata_expres
jitter_0        47           184          -18           20   (15-84 p)   [    1.3000, 13000.0000]
offset_0        48       -349483          -21           22   (15-84 p)   [-359831.0100, -338852.3247]

----- dataset: Contrastdata_expres       ----- model: gp_multidimensional           
rot_amp         49           0.1         -6.9          7.1   (15-84 p)   [  -10.0000,    10.0000]
con_amp         50        -19.19        -0.56         0.94   (15-84 p)   [  -20.0000,    20.0000]

----- dataset:  Contrastdata_harps
jitter_0        51           129          -18           18   (15-84 p)   [    1.3000, 13000.0000]
offset_0        52       -453779          -23           22   (15-84 p)   [-464256.3172, -409348.3188]
offset_1        53       -419710          -36           36   (15-84 p)   [-464256.3172, -409348.3188]

----- dataset: Contrastdata_harps        ----- model: gp_multidimensional           
rot_amp         54          -1.8         -5.5          7.3   (15-84 p)   [  -10.0000,    10.0000]
con_amp         55          18.3         -2.0          1.1   (15-84 p)   [  -20.0000,    20.0000]

----- dataset:  Contrastdata_neid
jitter_0        56            45          -28           26   (15-84 p)   [    1.3000, 13000.0000]
offset_0        57       -359598          -16           16   (15-84 p)   [-369967.1260, -349330.7806]

----- dataset: Contrastdata_neid         ----- model: gp_multidimensional           
rot_amp         58           3.7         -7.0          4.4   (15-84 p)   [  -10.0000,    10.0000]
con_amp         59         -11.5         -6.0          9.8   (15-84 p)   [  -20.0000,    20.0000]

----- dataset:  Halphadata_expres
jitter_0        60      0.000066    -0.000040     0.000066   (15-84 p)   [    0.0000,     0.1000]
offset_0        61       0.17206     -0.00013      0.00015   (15-84 p)   [-9999.8288, 10000.1728]

----- dataset: Halphadata_expres         ----- model: gp_multidimensional           
rot_amp         62       0.00046     -0.00088      0.00083   (15-84 p)   [  -10.0000,    10.0000]
con_amp         63       0.00024     -0.00036      0.00038   (15-84 p)   [  -20.0000,    20.0000]

----- dataset:  Halphadata_harps
jitter_0        64       0.00047     -0.00023      0.00018   (15-84 p)   [    0.0000,     0.1000]
offset_0        65       0.17461     -0.00023      0.00018   (15-84 p)   [-9999.8279, 10000.1787]
offset_1        66       0.17380     -0.00030      0.00027   (15-84 p)   [-9999.8279, 10000.1787]

----- dataset: Halphadata_harps          ----- model: gp_multidimensional           
rot_amp         67       -0.0039      -0.0017       0.0014   (15-84 p)   [  -10.0000,    10.0000]
con_amp         68      -0.00033     -0.00051      0.00045   (15-84 p)   [  -20.0000,    20.0000]

----- dataset:  Halphadata_neid
jitter_0        69      0.000096    -0.000060     0.000088   (15-84 p)   [    0.0000,     0.1000]
offset_0        70       0.17118     -0.00014      0.00015   (15-84 p)   [-9999.8297, 10000.1722]

----- dataset: Halphadata_neid           ----- model: gp_multidimensional           
rot_amp         71        0.0008      -0.0012       0.0011   (15-84 p)   [  -10.0000,    10.0000]
con_amp         72       0.00002     -0.00042      0.00042   (15-84 p)   [  -20.0000,    20.0000]

----- dataset:  CaIIdata_expres
jitter_0        73       0.00149     -0.00063      0.00052   (15-84 p)   [    0.0000,     0.3000]
offset_0        74       0.10042     -0.00064      0.00049   (15-84 p)   [-9999.9071, 10000.1079]

----- dataset: CaIIdata_expres           ----- model: gp_multidimensional           
rot_amp         75        0.0042      -0.0031       0.0034   (15-84 p)   [  -10.0000,    10.0000]
con_amp         76       -0.0014      -0.0013       0.0011   (15-84 p)   [  -20.0000,    20.0000]

----- dataset:  CaIIdata_harps
jitter_0        77       0.00038     -0.00025      0.00038   (15-84 p)   [    0.0000,     0.3000]
offset_0        78       0.10437     -0.00049      0.00045   (15-84 p)   [-9999.9033, 10000.1089]
offset_1        79       0.10355     -0.00069      0.00065   (15-84 p)   [-9999.9033, 10000.1089]

----- dataset: CaIIdata_harps            ----- model: gp_multidimensional           
rot_amp         80       -0.0008      -0.0034       0.0034   (15-84 p)   [  -10.0000,    10.0000]
con_amp         81       -0.0004      -0.0011       0.0011   (15-84 p)   [  -20.0000,    20.0000]

----- dataset:  CaIIdata_neid
jitter_0        82       0.00025     -0.00015      0.00021   (15-84 p)   [    0.0000,     0.3000]
offset_0        83       0.09950     -0.00044      0.00043   (15-84 p)   [-9999.9014, 10000.1002]

----- dataset: CaIIdata_neid             ----- model: gp_multidimensional           
rot_amp         84        0.0014      -0.0034       0.0035   (15-84 p)   [  -10.0000,    10.0000]
con_amp         85       -0.0002      -0.0013       0.0012   (15-84 p)   [  -20.0000,    20.0000]

----- common model:  b
P                0       6.64263      -0.0014      0.00086   (15-84 p)   [    0.3785,     6.6439]
K                1         2.280        -0.12        0.089   (15-84 p)   [   -9.9658,     3.3219]
sre_coso         2         0.219       -0.090        0.071   (15-84 p)   [   -1.0000,     1.0000]
sre_sino         3        -0.578       -0.033        0.038   (15-84 p)   [   -1.0000,     1.0000]
mean_long        4         317.7         -3.9          3.6   (15-84 p)   [  137.5172,   497.5172]

----- common model:  activity
Prot             5         28.24        -0.40         0.42   (15-84 p)   [   20.0000,    35.0000]
Pdec             6         30.16        -0.11         0.19   (15-84 p)   [   30.0000,  1000.0000]
Oamp             7         -1.36        -0.13         0.12   (15-84 p)   [   -6.6439,     0.0000]

----- common model:  star_parameters

====================================================================================================
     Statistics on the model parameters obtained from the posteriors samples     
====================================================================================================

----- dataset:  RVdata_expres
jitter_0                 1.012       -0.094         0.10    (15-84 p)
offset_0                   1.9         -1.2          1.4    (15-84 p)


----- dataset: RVdata_expres             ----- model: gp_multidimensional           
rot_amp                   9.05         -1.5         0.70    (15-84 p)
con_amp                    4.8         -1.3          1.7    (15-84 p)

----- dataset:  RVdata_harps
jitter_0                  1.35        -0.10         0.11    (15-84 p)
offset_0                  2.27        -0.38         0.58    (15-84 p)
offset_1                  3.30        -0.47         0.59    (15-84 p)


----- dataset: RVdata_harps              ----- model: gp_multidimensional           
rot_amp                    6.1         -1.9          1.9    (15-84 p)
con_amp                   1.50        -0.88          1.2    (15-84 p)

----- dataset:  RVdata_neid
jitter_0                  1.26        -0.10         0.12    (15-84 p)
offset_0                  2.86        -0.73         0.91    (15-84 p)


----- dataset: RVdata_neid               ----- model: gp_multidimensional           
rot_amp                    7.7         -1.8          1.5    (15-84 p)
con_amp                   2.90        -0.95          1.3    (15-84 p)

----- dataset:  BISdata_expres
jitter_0                  1.56        -0.16         0.17    (15-84 p)
offset_0                -54.65        -0.95          1.1    (15-84 p)


----- dataset: BISdata_expres            ----- model: gp_multidimensional           
rot_amp                   -2.1         -2.7          2.2    (15-84 p)
con_amp                   3.77        -1.00          1.3    (15-84 p)

----- dataset:  BISdata_harps
jitter_0                  1.57        -0.16         0.17    (15-84 p)
offset_0                -45.36        -0.30         0.35    (15-84 p)
offset_1                -35.84        -0.45         0.49    (15-84 p)


----- dataset: BISdata_harps             ----- model: gp_multidimensional           
rot_amp                   -4.2         -2.9          2.6    (15-84 p)
con_amp                   0.68        -0.73         0.81    (15-84 p)

----- dataset:  BISdata_neid
jitter_0                  1.31        -0.15         0.16    (15-84 p)
offset_0                -46.82        -0.28         0.26    (15-84 p)


----- dataset: BISdata_neid              ----- model: gp_multidimensional           
rot_amp                   -1.7         -2.2          2.0    (15-84 p)
con_amp                  -0.50        -0.80         0.70    (15-84 p)

----- dataset:  FWHMdata_expres
jitter_0                  0.80        -0.53         0.78    (15-84 p)
offset_0                6776.3         -2.6          2.4    (15-84 p)


----- dataset: FWHMdata_expres           ----- model: gp_multidimensional           
rot_amp                   -0.8         -4.5          4.9    (15-84 p)
con_amp                   -9.0         -3.2          2.7    (15-84 p)

----- dataset:  FWHMdata_harps
jitter_0                  0.51        -0.33         0.46    (15-84 p)
offset_0               6917.40        -0.75         0.79    (15-84 p)
offset_1                7171.6         -1.1          1.2    (15-84 p)


----- dataset: FWHMdata_harps            ----- model: gp_multidimensional           
rot_amp                   -0.3         -5.3          5.3    (15-84 p)
con_amp                    1.1         -1.9          2.1    (15-84 p)

----- dataset:  FWHMdata_neid
jitter_0                  0.52        -0.33         0.46    (15-84 p)
offset_0               6957.21        -0.72         0.76    (15-84 p)


----- dataset: FWHMdata_neid             ----- model: gp_multidimensional           
rot_amp                   -1.9         -4.7          5.3    (15-84 p)
con_amp                    0.5         -2.2          2.1    (15-84 p)

----- dataset:  Contrastdata_expres
jitter_0                   184          -18           20    (15-84 p)
offset_0               -349483          -21           22    (15-84 p)


----- dataset: Contrastdata_expres       ----- model: gp_multidimensional           
rot_amp                    0.1         -6.9          7.1    (15-84 p)
con_amp                 -19.19        -0.56         0.94    (15-84 p)

----- dataset:  Contrastdata_harps
jitter_0                   129          -18           18    (15-84 p)
offset_0               -453779          -23           22    (15-84 p)
offset_1               -419710          -36           36    (15-84 p)


----- dataset: Contrastdata_harps        ----- model: gp_multidimensional           
rot_amp                   -1.8         -5.5          7.3    (15-84 p)
con_amp                   18.3         -2.0          1.1    (15-84 p)

----- dataset:  Contrastdata_neid
jitter_0                    45          -28           26    (15-84 p)
offset_0               -359598          -16           16    (15-84 p)


----- dataset: Contrastdata_neid         ----- model: gp_multidimensional           
rot_amp                    3.7         -7.0          4.4    (15-84 p)
con_amp                  -11.5         -6.0          9.8    (15-84 p)

----- dataset:  Halphadata_expres
jitter_0              0.000066    -0.000040     0.000066    (15-84 p)
offset_0               0.17206     -0.00013      0.00015    (15-84 p)


----- dataset: Halphadata_expres         ----- model: gp_multidimensional           
rot_amp                0.00046     -0.00088      0.00083    (15-84 p)
con_amp                0.00024     -0.00036      0.00038    (15-84 p)

----- dataset:  Halphadata_harps
jitter_0               0.00047     -0.00023      0.00018    (15-84 p)
offset_0               0.17461     -0.00023      0.00018    (15-84 p)
offset_1               0.17380     -0.00030      0.00027    (15-84 p)


----- dataset: Halphadata_harps          ----- model: gp_multidimensional           
rot_amp                -0.0039      -0.0017       0.0014    (15-84 p)
con_amp               -0.00033     -0.00051      0.00045    (15-84 p)

----- dataset:  Halphadata_neid
jitter_0              0.000096    -0.000060     0.000088    (15-84 p)
offset_0               0.17118     -0.00014      0.00015    (15-84 p)


----- dataset: Halphadata_neid           ----- model: gp_multidimensional           
rot_amp                 0.0008      -0.0012       0.0011    (15-84 p)
con_amp                0.00002     -0.00042      0.00042    (15-84 p)

----- dataset:  CaIIdata_expres
jitter_0               0.00149     -0.00063      0.00052    (15-84 p)
offset_0               0.10042     -0.00064      0.00049    (15-84 p)


----- dataset: CaIIdata_expres           ----- model: gp_multidimensional           
rot_amp                 0.0042      -0.0031       0.0034    (15-84 p)
con_amp                -0.0014      -0.0013       0.0011    (15-84 p)

----- dataset:  CaIIdata_harps
jitter_0               0.00038     -0.00025      0.00038    (15-84 p)
offset_0               0.10437     -0.00049      0.00045    (15-84 p)
offset_1               0.10355     -0.00069      0.00065    (15-84 p)


----- dataset: CaIIdata_harps            ----- model: gp_multidimensional           
rot_amp                -0.0008      -0.0034       0.0034    (15-84 p)
con_amp                -0.0004      -0.0011       0.0011    (15-84 p)

----- dataset:  CaIIdata_neid
jitter_0               0.00025     -0.00015      0.00021    (15-84 p)
offset_0               0.09950     -0.00044      0.00043    (15-84 p)


----- dataset: CaIIdata_neid             ----- model: gp_multidimensional           
rot_amp                 0.0014      -0.0034       0.0035    (15-84 p)
con_amp                -0.0002      -0.0013       0.0012    (15-84 p)

----- common model:  b
P                       99.915       -0.095        0.060    (15-84 p)
K                         4.86        -0.38         0.31    (15-84 p)
mean_long                317.7         -3.9          3.6    (15-84 p)
e                        0.385       -0.045        0.044    (15-84 p)
omega                    -69.3         -8.4          6.6    (15-84 p)

----- common model:  activity
Prot                     28.24        -0.40         0.42    (15-84 p)
Pdec                     30.16        -0.11         0.19    (15-84 p)
Oamp                     0.390       -0.034        0.035    (15-84 p)

----- common model:  star_parameters

====================================================================================================
     Statistics on the derived parameters obtained from the posteriors samples     
====================================================================================================

----- common model:  b
Inclination fixed to 90 deg!
Computing exact mass of the planet (average approximate mass larger than 30.0 Me)
a_Rs                    90.574       -0.057        0.036    (15-84 p)
M_Mj                    0.1022      -0.0070       0.0053    (15-84 p)
M_Me                      32.5         -2.2          1.7    (15-84 p)
Tc                     59365.6         -3.0          3.4    (15-84 p)
a_AU_(M)               0.42141     -0.00027      0.00017    (15-84 p)
a_AU_(rho,R)           0.42139     -0.00027      0.00017    (15-84 p)


====================================================================================================
     ------------------------------------------------------------------------------------------     
====================================================================================================



30000.0   steps completed, average lnprob:,  -1373.8264654953762


Computing the autocorrelation time of the chains

***** WARNING ******
The integrated autocorrelation time cannot be reliably estimated
likely the chains are too short, and ACF analysis is not fully reliable
emcee.autocorr.integrated_time tolerance lowered to 20
If you still get a warning, you should drop these results entirely
Chains too short to apply convergence criteria
They should be at least 1900*nthin = 285000

====================================================================================================
     Statistics on the posterior of the sampler parameters     
====================================================================================================

----- dataset:  RVdata_expres
jitter_0         8         1.007       -0.092        0.100   (15-84 p)   [    0.0010,    11.5000]
offset_0         9           1.9         -1.4          1.6   (15-84 p)   [-10006.2420, 10010.4100]

----- dataset: RVdata_expres             ----- model: gp_multidimensional           
rot_amp         10          9.01         -1.5         0.73   (15-84 p)   [    0.0000,    10.0000]
con_amp         11           5.1         -1.3          2.0   (15-84 p)   [  -20.0000,    20.0000]

----- dataset:  RVdata_harps
jitter_0        12          1.35        -0.10         0.11   (15-84 p)   [    0.0009,    13.3000]
offset_0        13          2.28        -0.43         0.63   (15-84 p)   [-10005.4343, 10010.2475]
offset_1        14          3.30        -0.52         0.65   (15-84 p)   [-10005.4343, 10010.2475]

----- dataset: RVdata_harps              ----- model: gp_multidimensional           
rot_amp         15           6.2         -2.0          1.9   (15-84 p)   [    0.0000,    10.0000]
con_amp         16          1.66        -0.97          1.3   (15-84 p)   [  -20.0000,    20.0000]

----- dataset:  RVdata_neid
jitter_0        17          1.26        -0.10         0.12   (15-84 p)   [    0.0010,    12.2000]
offset_0        18          2.87        -0.86         0.99   (15-84 p)   [-10005.9046, 10009.8774]

----- dataset: RVdata_neid               ----- model: gp_multidimensional           
rot_amp         19           7.7         -1.8          1.5   (15-84 p)   [    0.0000,    10.0000]
con_amp         20           3.1         -1.0          1.5   (15-84 p)   [  -20.0000,    20.0000]

----- dataset:  BISdata_expres
jitter_0        21          1.56        -0.15         0.16   (15-84 p)   [    0.0095,    95.0000]
offset_0        22         -54.6         -1.1          1.2   (15-84 p)   [-10061.4500,  9948.9833]

----- dataset: BISdata_expres            ----- model: gp_multidimensional           
rot_amp         23          -2.5         -2.7          2.2   (15-84 p)   [  -10.0000,    10.0000]
con_amp         24           4.0         -1.1          1.4   (15-84 p)   [  -20.0000,    20.0000]

----- dataset:  BISdata_harps
jitter_0        25          1.57        -0.15         0.16   (15-84 p)   [    0.0095,    95.0000]
offset_0        26        -45.37        -0.34         0.38   (15-84 p)   [-10050.8667,  9968.4000]
offset_1        27        -35.81        -0.47         0.48   (15-84 p)   [-10050.8667,  9968.4000]

----- dataset: BISdata_harps             ----- model: gp_multidimensional           
rot_amp         28          -4.5         -2.9          2.7   (15-84 p)   [  -10.0000,    10.0000]
con_amp         29          0.78        -0.79         0.87   (15-84 p)   [  -20.0000,    20.0000]

----- dataset:  BISdata_neid
jitter_0        30          1.31        -0.15         0.16   (15-84 p)   [    0.0095,    95.0000]
offset_0        31        -46.81        -0.29         0.28   (15-84 p)   [-10050.7833,  9957.4667]

----- dataset: BISdata_neid              ----- model: gp_multidimensional           
rot_amp         32          -1.7         -2.3          2.1   (15-84 p)   [  -10.0000,    10.0000]
con_amp         33         -0.53        -0.82         0.72   (15-84 p)   [  -20.0000,    20.0000]

----- dataset:  FWHMdata_expres
jitter_0        34          0.76        -0.50         0.76   (15-84 p)   [    0.0500,   500.0000]
offset_0        35        6776.3         -2.8          2.7   (15-84 p)   [-3233.0765, 16789.6022]

----- dataset: FWHMdata_expres           ----- model: gp_multidimensional           
rot_amp         36          -0.5         -4.6          5.0   (15-84 p)   [  -10.0000,    10.0000]
con_amp         37          -9.4         -3.6          2.8   (15-84 p)   [  -20.0000,    20.0000]

----- dataset:  FWHMdata_harps
jitter_0        38          0.46        -0.29         0.46   (15-84 p)   [    0.0500,   500.0000]
offset_0        39       6917.38        -0.77         0.86   (15-84 p)   [-3088.5511, 17176.1921]
offset_1        40        7171.6         -1.2          1.2   (15-84 p)   [-3088.5511, 17176.1921]

----- dataset: FWHMdata_harps            ----- model: gp_multidimensional           
rot_amp         41          -0.6         -5.4          5.3   (15-84 p)   [  -10.0000,    10.0000]
con_amp         42           1.1         -2.0          2.1   (15-84 p)   [  -20.0000,    20.0000]

----- dataset:  FWHMdata_neid
jitter_0        43          0.52        -0.33         0.48   (15-84 p)   [    0.0500,   500.0000]
offset_0        44       6957.24        -0.75         0.80   (15-84 p)   [-3049.2667, 16964.4316]

----- dataset: FWHMdata_neid             ----- model: gp_multidimensional           
rot_amp         45          -1.9         -4.8          5.5   (15-84 p)   [  -10.0000,    10.0000]
con_amp         46           0.4         -2.3          2.3   (15-84 p)   [  -20.0000,    20.0000]

----- dataset:  Contrastdata_expres
jitter_0        47           184          -18           20   (15-84 p)   [    1.3000, 13000.0000]
offset_0        48       -349483          -22           22   (15-84 p)   [-359831.0100, -338852.3247]

----- dataset: Contrastdata_expres       ----- model: gp_multidimensional           
rot_amp         49           0.2         -6.9          6.8   (15-84 p)   [  -10.0000,    10.0000]
con_amp         50        -18.77        -0.88          1.7   (15-84 p)   [  -20.0000,    20.0000]

----- dataset:  Contrastdata_harps
jitter_0        51           129          -18           18   (15-84 p)   [    1.3000, 13000.0000]
offset_0        52       -453778          -22           21   (15-84 p)   [-464256.3172, -409348.3188]
offset_1        53       -419710          -36           36   (15-84 p)   [-464256.3172, -409348.3188]

----- dataset: Contrastdata_harps        ----- model: gp_multidimensional           
rot_amp         54          -1.0         -6.2          7.2   (15-84 p)   [  -10.0000,    10.0000]
con_amp         55          17.5         -4.1          1.7   (15-84 p)   [  -20.0000,    20.0000]

----- dataset:  Contrastdata_neid
jitter_0        56            45          -27           26   (15-84 p)   [    1.3000, 13000.0000]
offset_0        57       -359599          -16           16   (15-84 p)   [-369967.1260, -349330.7806]

----- dataset: Contrastdata_neid         ----- model: gp_multidimensional           
rot_amp         58           2.1         -7.6          5.6   (15-84 p)   [  -10.0000,    10.0000]
con_amp         59          -9.0         -7.7           15   (15-84 p)   [  -20.0000,    20.0000]

----- dataset:  Halphadata_expres
jitter_0        60      0.000071    -0.000044     0.000072   (15-84 p)   [    0.0000,     0.1000]
offset_0        61       0.17206     -0.00014      0.00016   (15-84 p)   [-9999.8288, 10000.1728]

----- dataset: Halphadata_expres         ----- model: gp_multidimensional           
rot_amp         62       0.00047     -0.00088      0.00087   (15-84 p)   [  -10.0000,    10.0000]
con_amp         63       0.00029     -0.00037      0.00040   (15-84 p)   [  -20.0000,    20.0000]

----- dataset:  Halphadata_harps
jitter_0        64       0.00046     -0.00023      0.00018   (15-84 p)   [    0.0000,     0.1000]
offset_0        65       0.17462     -0.00023      0.00019   (15-84 p)   [-9999.8279, 10000.1787]
offset_1        66       0.17380     -0.00030      0.00028   (15-84 p)   [-9999.8279, 10000.1787]

----- dataset: Halphadata_harps          ----- model: gp_multidimensional           
rot_amp         67       -0.0041      -0.0017       0.0015   (15-84 p)   [  -10.0000,    10.0000]
con_amp         68      -0.00036     -0.00055      0.00049   (15-84 p)   [  -20.0000,    20.0000]

----- dataset:  Halphadata_neid
jitter_0        69      0.000094    -0.000060     0.000091   (15-84 p)   [    0.0000,     0.1000]
offset_0        70       0.17118     -0.00015      0.00016   (15-84 p)   [-9999.8297, 10000.1722]

----- dataset: Halphadata_neid           ----- model: gp_multidimensional           
rot_amp         71        0.0008      -0.0012       0.0012   (15-84 p)   [  -10.0000,    10.0000]
con_amp         72       0.00001     -0.00045      0.00046   (15-84 p)   [  -20.0000,    20.0000]

----- dataset:  CaIIdata_expres
jitter_0        73       0.00152     -0.00062      0.00052   (15-84 p)   [    0.0000,     0.3000]
offset_0        74       0.10043     -0.00069      0.00053   (15-84 p)   [-9999.9071, 10000.1079]

----- dataset: CaIIdata_expres           ----- model: gp_multidimensional           
rot_amp         75        0.0043      -0.0032       0.0037   (15-84 p)   [  -10.0000,    10.0000]
con_amp         76       -0.0015      -0.0014       0.0013   (15-84 p)   [  -20.0000,    20.0000]

----- dataset:  CaIIdata_harps
jitter_0        77       0.00036     -0.00023      0.00037   (15-84 p)   [    0.0000,     0.3000]
offset_0        78       0.10438     -0.00051      0.00047   (15-84 p)   [-9999.9033, 10000.1089]
offset_1        79       0.10357     -0.00069      0.00069   (15-84 p)   [-9999.9033, 10000.1089]

----- dataset: CaIIdata_harps            ----- model: gp_multidimensional           
rot_amp         80       -0.0006      -0.0035       0.0036   (15-84 p)   [  -10.0000,    10.0000]
con_amp         81       -0.0004      -0.0012       0.0012   (15-84 p)   [  -20.0000,    20.0000]

----- dataset:  CaIIdata_neid
jitter_0        82       0.00025     -0.00016      0.00023   (15-84 p)   [    0.0000,     0.3000]
offset_0        83       0.09951     -0.00045      0.00045   (15-84 p)   [-9999.9014, 10000.1002]

----- dataset: CaIIdata_neid             ----- model: gp_multidimensional           
rot_amp         84        0.0016      -0.0036       0.0037   (15-84 p)   [  -10.0000,    10.0000]
con_amp         85       -0.0002      -0.0013       0.0013   (15-84 p)   [  -20.0000,    20.0000]

----- common model:  b
P                0        6.6421      -0.0026       0.0012   (15-84 p)   [    0.3785,     6.6439]
K                1         2.275        -0.12        0.090   (15-84 p)   [   -9.9658,     3.3219]
sre_coso         2         0.216       -0.096        0.074   (15-84 p)   [   -1.0000,     1.0000]
sre_sino         3        -0.576       -0.033        0.038   (15-84 p)   [   -1.0000,     1.0000]
mean_long        4         317.4         -4.1          3.7   (15-84 p)   [  137.5172,   497.5172]

----- common model:  activity
Prot             5         28.24        -0.40         0.41   (15-84 p)   [   20.0000,    35.0000]
Pdec             6         30.24        -0.17         0.36   (15-84 p)   [   30.0000,  1000.0000]
Oamp             7         -1.35        -0.13         0.12   (15-84 p)   [   -6.6439,     0.0000]

----- common model:  star_parameters

====================================================================================================
     Statistics on the model parameters obtained from the posteriors samples     
====================================================================================================

----- dataset:  RVdata_expres
jitter_0                 1.007       -0.092        0.100    (15-84 p)
offset_0                   1.9         -1.4          1.6    (15-84 p)


----- dataset: RVdata_expres             ----- model: gp_multidimensional           
rot_amp                   9.01         -1.5         0.73    (15-84 p)
con_amp                    5.1         -1.3          2.0    (15-84 p)

----- dataset:  RVdata_harps
jitter_0                  1.35        -0.10         0.11    (15-84 p)
offset_0                  2.28        -0.43         0.63    (15-84 p)
offset_1                  3.30        -0.52         0.65    (15-84 p)


----- dataset: RVdata_harps              ----- model: gp_multidimensional           
rot_amp                    6.2         -2.0          1.9    (15-84 p)
con_amp                   1.66        -0.97          1.3    (15-84 p)

----- dataset:  RVdata_neid
jitter_0                  1.26        -0.10         0.12    (15-84 p)
offset_0                  2.87        -0.86         0.99    (15-84 p)


----- dataset: RVdata_neid               ----- model: gp_multidimensional           
rot_amp                    7.7         -1.8          1.5    (15-84 p)
con_amp                    3.1         -1.0          1.5    (15-84 p)

----- dataset:  BISdata_expres
jitter_0                  1.56        -0.15         0.16    (15-84 p)
offset_0                 -54.6         -1.1          1.2    (15-84 p)


----- dataset: BISdata_expres            ----- model: gp_multidimensional           
rot_amp                   -2.5         -2.7          2.2    (15-84 p)
con_amp                    4.0         -1.1          1.4    (15-84 p)

----- dataset:  BISdata_harps
jitter_0                  1.57        -0.15         0.16    (15-84 p)
offset_0                -45.37        -0.34         0.38    (15-84 p)
offset_1                -35.81        -0.47         0.48    (15-84 p)


----- dataset: BISdata_harps             ----- model: gp_multidimensional           
rot_amp                   -4.5         -2.9          2.7    (15-84 p)
con_amp                   0.78        -0.79         0.87    (15-84 p)

----- dataset:  BISdata_neid
jitter_0                  1.31        -0.15         0.16    (15-84 p)
offset_0                -46.81        -0.29         0.28    (15-84 p)


----- dataset: BISdata_neid              ----- model: gp_multidimensional           
rot_amp                   -1.7         -2.3          2.1    (15-84 p)
con_amp                  -0.53        -0.82         0.72    (15-84 p)

----- dataset:  FWHMdata_expres
jitter_0                  0.76        -0.50         0.76    (15-84 p)
offset_0                6776.3         -2.8          2.7    (15-84 p)


----- dataset: FWHMdata_expres           ----- model: gp_multidimensional           
rot_amp                   -0.5         -4.6          5.0    (15-84 p)
con_amp                   -9.4         -3.6          2.8    (15-84 p)

----- dataset:  FWHMdata_harps
jitter_0                  0.46        -0.29         0.46    (15-84 p)
offset_0               6917.38        -0.77         0.86    (15-84 p)
offset_1                7171.6         -1.2          1.2    (15-84 p)


----- dataset: FWHMdata_harps            ----- model: gp_multidimensional           
rot_amp                   -0.6         -5.4          5.3    (15-84 p)
con_amp                    1.1         -2.0          2.1    (15-84 p)

----- dataset:  FWHMdata_neid
jitter_0                  0.52        -0.33         0.48    (15-84 p)
offset_0               6957.24        -0.75         0.80    (15-84 p)


----- dataset: FWHMdata_neid             ----- model: gp_multidimensional           
rot_amp                   -1.9         -4.8          5.5    (15-84 p)
con_amp                    0.4         -2.3          2.3    (15-84 p)

----- dataset:  Contrastdata_expres
jitter_0                   184          -18           20    (15-84 p)
offset_0               -349483          -22           22    (15-84 p)


----- dataset: Contrastdata_expres       ----- model: gp_multidimensional           
rot_amp                    0.2         -6.9          6.8    (15-84 p)
con_amp                 -18.77        -0.88          1.7    (15-84 p)

----- dataset:  Contrastdata_harps
jitter_0                   129          -18           18    (15-84 p)
offset_0               -453778          -22           21    (15-84 p)
offset_1               -419710          -36           36    (15-84 p)


----- dataset: Contrastdata_harps        ----- model: gp_multidimensional           
rot_amp                   -1.0         -6.2          7.2    (15-84 p)
con_amp                   17.5         -4.1          1.7    (15-84 p)

----- dataset:  Contrastdata_neid
jitter_0                    45          -27           26    (15-84 p)
offset_0               -359599          -16           16    (15-84 p)


----- dataset: Contrastdata_neid         ----- model: gp_multidimensional           
rot_amp                    2.1         -7.6          5.6    (15-84 p)
con_amp                   -9.0         -7.7           15    (15-84 p)

----- dataset:  Halphadata_expres
jitter_0              0.000071    -0.000044     0.000072    (15-84 p)
offset_0               0.17206     -0.00014      0.00016    (15-84 p)


----- dataset: Halphadata_expres         ----- model: gp_multidimensional           
rot_amp                0.00047     -0.00088      0.00087    (15-84 p)
con_amp                0.00029     -0.00037      0.00040    (15-84 p)

----- dataset:  Halphadata_harps
jitter_0               0.00046     -0.00023      0.00018    (15-84 p)
offset_0               0.17462     -0.00023      0.00019    (15-84 p)
offset_1               0.17380     -0.00030      0.00028    (15-84 p)


----- dataset: Halphadata_harps          ----- model: gp_multidimensional           
rot_amp                -0.0041      -0.0017       0.0015    (15-84 p)
con_amp               -0.00036     -0.00055      0.00049    (15-84 p)

----- dataset:  Halphadata_neid
jitter_0              0.000094    -0.000060     0.000091    (15-84 p)
offset_0               0.17118     -0.00015      0.00016    (15-84 p)


----- dataset: Halphadata_neid           ----- model: gp_multidimensional           
rot_amp                 0.0008      -0.0012       0.0012    (15-84 p)
con_amp                0.00001     -0.00045      0.00046    (15-84 p)

----- dataset:  CaIIdata_expres
jitter_0               0.00152     -0.00062      0.00052    (15-84 p)
offset_0               0.10043     -0.00069      0.00053    (15-84 p)


----- dataset: CaIIdata_expres           ----- model: gp_multidimensional           
rot_amp                 0.0043      -0.0032       0.0037    (15-84 p)
con_amp                -0.0015      -0.0014       0.0013    (15-84 p)

----- dataset:  CaIIdata_harps
jitter_0               0.00036     -0.00023      0.00037    (15-84 p)
offset_0               0.10438     -0.00051      0.00047    (15-84 p)
offset_1               0.10357     -0.00069      0.00069    (15-84 p)


----- dataset: CaIIdata_harps            ----- model: gp_multidimensional           
rot_amp                -0.0006      -0.0035       0.0036    (15-84 p)
con_amp                -0.0004      -0.0012       0.0012    (15-84 p)

----- dataset:  CaIIdata_neid
jitter_0               0.00025     -0.00016      0.00023    (15-84 p)
offset_0               0.09951     -0.00045      0.00045    (15-84 p)


----- dataset: CaIIdata_neid             ----- model: gp_multidimensional           
rot_amp                 0.0016      -0.0036       0.0037    (15-84 p)
con_amp                -0.0002      -0.0013       0.0013    (15-84 p)

----- common model:  b
P                       99.881        -0.18        0.084    (15-84 p)
K                         4.84        -0.39         0.31    (15-84 p)
mean_long                317.4         -4.1          3.7    (15-84 p)
e                        0.383       -0.048        0.042    (15-84 p)
omega                    -69.6         -8.8          6.9    (15-84 p)

----- common model:  activity
Prot                     28.24        -0.40         0.41    (15-84 p)
Pdec                     30.24        -0.17         0.36    (15-84 p)
Oamp                     0.392       -0.033        0.034    (15-84 p)

----- common model:  star_parameters

====================================================================================================
     Statistics on the derived parameters obtained from the posteriors samples     
====================================================================================================

----- common model:  b
Inclination fixed to 90 deg!
Computing exact mass of the planet (average approximate mass larger than 30.0 Me)
a_Rs                    90.554        -0.11        0.051    (15-84 p)
M_Mj                    0.1019      -0.0071       0.0053    (15-84 p)
M_Me                      32.4         -2.3          1.7    (15-84 p)
Tc                     59365.7         -3.1          3.6    (15-84 p)
a_AU_(M)               0.42131     -0.00050      0.00024    (15-84 p)
a_AU_(rho,R)           0.42130     -0.00050      0.00024    (15-84 p)


====================================================================================================
     ------------------------------------------------------------------------------------------     
====================================================================================================



45000.0   steps completed, average lnprob:,  -1373.494085591378


Computing the autocorrelation time of the chains

***** WARNING ******
The integrated autocorrelation time cannot be reliably estimated
likely the chains are too short, and ACF analysis is not fully reliable
emcee.autocorr.integrated_time tolerance lowered to 20
If you still get a warning, you should drop these results entirely
Chains too short to apply convergence criteria
They should be at least 2450*nthin = 367500

====================================================================================================
     Statistics on the posterior of the sampler parameters     
====================================================================================================

----- dataset:  RVdata_expres
jitter_0         8         1.008       -0.091        0.100   (15-84 p)   [    0.0010,    11.5000]
offset_0         9           1.9         -1.5          1.7   (15-84 p)   [-10006.2420, 10010.4100]

----- dataset: RVdata_expres             ----- model: gp_multidimensional           
rot_amp         10          8.98         -1.5         0.76   (15-84 p)   [    0.0000,    10.0000]
con_amp         11           5.3         -1.4          2.3   (15-84 p)   [  -20.0000,    20.0000]

----- dataset:  RVdata_harps
jitter_0        12         1.342       -0.100         0.11   (15-84 p)   [    0.0009,    13.3000]
offset_0        13          2.29        -0.46         0.67   (15-84 p)   [-10005.4343, 10010.2475]
offset_1        14          3.31        -0.54         0.69   (15-84 p)   [-10005.4343, 10010.2475]

----- dataset: RVdata_harps              ----- model: gp_multidimensional           
rot_amp         15           6.2         -2.0          1.9   (15-84 p)   [    0.0000,    10.0000]
con_amp         16           1.8         -1.0          1.4   (15-84 p)   [  -20.0000,    20.0000]

----- dataset:  RVdata_neid
jitter_0        17         1.257       -0.100         0.12   (15-84 p)   [    0.0010,    12.2000]
offset_0        18          2.88        -0.91          1.0   (15-84 p)   [-10005.9046, 10009.8774]

----- dataset: RVdata_neid               ----- model: gp_multidimensional           
rot_amp         19           7.7         -1.8          1.5   (15-84 p)   [    0.0000,    10.0000]
con_amp         20           3.3         -1.1          1.7   (15-84 p)   [  -20.0000,    20.0000]

----- dataset:  BISdata_expres
jitter_0        21          1.56        -0.15         0.16   (15-84 p)   [    0.0095,    95.0000]
offset_0        22         -54.6         -1.2          1.3   (15-84 p)   [-10061.4500,  9948.9833]

----- dataset: BISdata_expres            ----- model: gp_multidimensional           
rot_amp         23          -2.7         -2.8          2.3   (15-84 p)   [  -10.0000,    10.0000]
con_amp         24           4.2         -1.1          1.5   (15-84 p)   [  -20.0000,    20.0000]

----- dataset:  BISdata_harps
jitter_0        25          1.57        -0.15         0.16   (15-84 p)   [    0.0095,    95.0000]
offset_0        26        -45.37        -0.35         0.40   (15-84 p)   [-10050.8667,  9968.4000]
offset_1        27        -35.80        -0.49         0.51   (15-84 p)   [-10050.8667,  9968.4000]

----- dataset: BISdata_harps             ----- model: gp_multidimensional           
rot_amp         28          -4.6         -2.9          2.7   (15-84 p)   [  -10.0000,    10.0000]
con_amp         29          0.80        -0.82         0.92   (15-84 p)   [  -20.0000,    20.0000]

----- dataset:  BISdata_neid
jitter_0        30          1.32        -0.15         0.16   (15-84 p)   [    0.0095,    95.0000]
offset_0        31        -46.81        -0.29         0.28   (15-84 p)   [-10050.7833,  9957.4667]

----- dataset: BISdata_neid              ----- model: gp_multidimensional           
rot_amp         32          -1.6         -2.2          2.1   (15-84 p)   [  -10.0000,    10.0000]
con_amp         33         -0.56        -0.85         0.75   (15-84 p)   [  -20.0000,    20.0000]

----- dataset:  FWHMdata_expres
jitter_0        34          0.76        -0.50         0.73   (15-84 p)   [    0.0500,   500.0000]
offset_0        35        6776.2         -3.0          2.8   (15-84 p)   [-3233.0765, 16789.6022]

----- dataset: FWHMdata_expres           ----- model: gp_multidimensional           
rot_amp         36          -0.4         -4.7          5.2   (15-84 p)   [  -10.0000,    10.0000]
con_amp         37          -9.7         -3.7          2.9   (15-84 p)   [  -20.0000,    20.0000]

----- dataset:  FWHMdata_harps
jitter_0        38          0.44        -0.28         0.45   (15-84 p)   [    0.0500,   500.0000]
offset_0        39       6917.40        -0.79         0.90   (15-84 p)   [-3088.5511, 17176.1921]
offset_1        40        7171.6         -1.2          1.3   (15-84 p)   [-3088.5511, 17176.1921]

----- dataset: FWHMdata_harps            ----- model: gp_multidimensional           
rot_amp         41          -0.7         -5.4          5.5   (15-84 p)   [  -10.0000,    10.0000]
con_amp         42           1.2         -2.0          2.2   (15-84 p)   [  -20.0000,    20.0000]

----- dataset:  FWHMdata_neid
jitter_0        43          0.51        -0.33         0.49   (15-84 p)   [    0.0500,   500.0000]
offset_0        44       6957.25        -0.78         0.80   (15-84 p)   [-3049.2667, 16964.4316]

----- dataset: FWHMdata_neid             ----- model: gp_multidimensional           
rot_amp         45          -1.8         -4.9          5.5   (15-84 p)   [  -10.0000,    10.0000]
con_amp         46           0.4         -2.4          2.3   (15-84 p)   [  -20.0000,    20.0000]

----- dataset:  Contrastdata_expres
jitter_0        47           185          -18           20   (15-84 p)   [    1.3000, 13000.0000]
offset_0        48       -349484          -22           22   (15-84 p)   [-359831.0100, -338852.3247]

----- dataset: Contrastdata_expres       ----- model: gp_multidimensional           
rot_amp         49           0.5         -7.2          6.6   (15-84 p)   [  -10.0000,    10.0000]
con_amp         50         -18.3         -1.3          3.2   (15-84 p)   [  -20.0000,    20.0000]

----- dataset:  Contrastdata_harps
jitter_0        51           128          -18           19   (15-84 p)   [    1.3000, 13000.0000]
offset_0        52       -453778          -22           21   (15-84 p)   [-464256.3172, -409348.3188]
offset_1        53       -419710          -36           35   (15-84 p)   [-464256.3172, -409348.3188]

----- dataset: Contrastdata_harps        ----- model: gp_multidimensional           
rot_amp         54          -0.6         -6.5          7.1   (15-84 p)   [  -10.0000,    10.0000]
con_amp         55          16.6         -6.5          2.5   (15-84 p)   [  -20.0000,    20.0000]

----- dataset:  Contrastdata_neid
jitter_0        56            44          -27           26   (15-84 p)   [    1.3000, 13000.0000]
offset_0        57       -359598          -15           16   (15-84 p)   [-369967.1260, -349330.7806]

----- dataset: Contrastdata_neid         ----- model: gp_multidimensional           
rot_amp         58           1.2         -7.4          6.2   (15-84 p)   [  -10.0000,    10.0000]
con_amp         59          -7.1         -9.2           16   (15-84 p)   [  -20.0000,    20.0000]

----- dataset:  Halphadata_expres
jitter_0        60      0.000073    -0.000045     0.000073   (15-84 p)   [    0.0000,     0.1000]
offset_0        61       0.17206     -0.00014      0.00017   (15-84 p)   [-9999.8288, 10000.1728]

----- dataset: Halphadata_expres         ----- model: gp_multidimensional           
rot_amp         62       0.00047     -0.00089      0.00091   (15-84 p)   [  -10.0000,    10.0000]
con_amp         63       0.00031     -0.00039      0.00042   (15-84 p)   [  -20.0000,    20.0000]

----- dataset:  Halphadata_harps
jitter_0        64       0.00045     -0.00022      0.00018   (15-84 p)   [    0.0000,     0.1000]
offset_0        65       0.17462     -0.00024      0.00020   (15-84 p)   [-9999.8279, 10000.1787]
offset_1        66       0.17379     -0.00031      0.00029   (15-84 p)   [-9999.8279, 10000.1787]

----- dataset: Halphadata_harps          ----- model: gp_multidimensional           
rot_amp         67       -0.0041      -0.0018       0.0015   (15-84 p)   [  -10.0000,    10.0000]
con_amp         68      -0.00039     -0.00057      0.00050   (15-84 p)   [  -20.0000,    20.0000]

----- dataset:  Halphadata_neid
jitter_0        69      0.000089    -0.000057     0.000091   (15-84 p)   [    0.0000,     0.1000]
offset_0        70       0.17118     -0.00015      0.00016   (15-84 p)   [-9999.8297, 10000.1722]

----- dataset: Halphadata_neid           ----- model: gp_multidimensional           
rot_amp         71        0.0008      -0.0012       0.0012   (15-84 p)   [  -10.0000,    10.0000]
con_amp         72       0.00001     -0.00046      0.00048   (15-84 p)   [  -20.0000,    20.0000]

----- dataset:  CaIIdata_expres
jitter_0        73       0.00152     -0.00063      0.00052   (15-84 p)   [    0.0000,     0.3000]
offset_0        74       0.10041     -0.00070      0.00054   (15-84 p)   [-9999.9071, 10000.1079]

----- dataset: CaIIdata_expres           ----- model: gp_multidimensional           
rot_amp         75        0.0044      -0.0034       0.0040   (15-84 p)   [  -10.0000,    10.0000]
con_amp         76       -0.0015      -0.0015       0.0013   (15-84 p)   [  -20.0000,    20.0000]

----- dataset:  CaIIdata_harps
jitter_0        77       0.00035     -0.00023      0.00036   (15-84 p)   [    0.0000,     0.3000]
offset_0        78       0.10437     -0.00052      0.00048   (15-84 p)   [-9999.9033, 10000.1089]
offset_1        79       0.10359     -0.00070      0.00069   (15-84 p)   [-9999.9033, 10000.1089]

----- dataset: CaIIdata_harps            ----- model: gp_multidimensional           
rot_amp         80       -0.0006      -0.0036       0.0036   (15-84 p)   [  -10.0000,    10.0000]
con_amp         81       -0.0004      -0.0012       0.0012   (15-84 p)   [  -20.0000,    20.0000]

----- dataset:  CaIIdata_neid
jitter_0        82       0.00025     -0.00016      0.00024   (15-84 p)   [    0.0000,     0.3000]
offset_0        83       0.09950     -0.00046      0.00046   (15-84 p)   [-9999.9014, 10000.1002]

----- dataset: CaIIdata_neid             ----- model: gp_multidimensional           
rot_amp         84        0.0017      -0.0037       0.0038   (15-84 p)   [  -10.0000,    10.0000]
con_amp         85       -0.0002      -0.0014       0.0014   (15-84 p)   [  -20.0000,    20.0000]

----- common model:  b
P                0        6.6415      -0.0045       0.0017   (15-84 p)   [    0.3785,     6.6439]
K                1         2.273        -0.12        0.093   (15-84 p)   [   -9.9658,     3.3219]
sre_coso         2         0.214        -0.10        0.077   (15-84 p)   [   -1.0000,     1.0000]
sre_sino         3        -0.576       -0.033        0.039   (15-84 p)   [   -1.0000,     1.0000]
mean_long        4         317.2         -4.2          3.7   (15-84 p)   [  137.5172,   497.5172]

----- common model:  activity
Prot             5         28.23        -0.41         0.41   (15-84 p)   [   20.0000,    35.0000]
Pdec             6         30.35        -0.26         0.73   (15-84 p)   [   30.0000,  1000.0000]
Oamp             7         -1.34        -0.13         0.12   (15-84 p)   [   -6.6439,     0.0000]

----- common model:  star_parameters

====================================================================================================
     Statistics on the model parameters obtained from the posteriors samples     
====================================================================================================

----- dataset:  RVdata_expres
jitter_0                 1.008       -0.091        0.100    (15-84 p)
offset_0                   1.9         -1.5          1.7    (15-84 p)


----- dataset: RVdata_expres             ----- model: gp_multidimensional           
rot_amp                   8.98         -1.5         0.76    (15-84 p)
con_amp                    5.3         -1.4          2.3    (15-84 p)

----- dataset:  RVdata_harps
jitter_0                 1.342       -0.100         0.11    (15-84 p)
offset_0                  2.29        -0.46         0.67    (15-84 p)
offset_1                  3.31        -0.54         0.69    (15-84 p)


----- dataset: RVdata_harps              ----- model: gp_multidimensional           
rot_amp                    6.2         -2.0          1.9    (15-84 p)
con_amp                    1.8         -1.0          1.4    (15-84 p)

----- dataset:  RVdata_neid
jitter_0                 1.257       -0.100         0.12    (15-84 p)
offset_0                  2.88        -0.91          1.0    (15-84 p)


----- dataset: RVdata_neid               ----- model: gp_multidimensional           
rot_amp                    7.7         -1.8          1.5    (15-84 p)
con_amp                    3.3         -1.1          1.7    (15-84 p)

----- dataset:  BISdata_expres
jitter_0                  1.56        -0.15         0.16    (15-84 p)
offset_0                 -54.6         -1.2          1.3    (15-84 p)


----- dataset: BISdata_expres            ----- model: gp_multidimensional           
rot_amp                   -2.7         -2.8          2.3    (15-84 p)
con_amp                    4.2         -1.1          1.5    (15-84 p)

----- dataset:  BISdata_harps
jitter_0                  1.57        -0.15         0.16    (15-84 p)
offset_0                -45.37        -0.35         0.40    (15-84 p)
offset_1                -35.80        -0.49         0.51    (15-84 p)


----- dataset: BISdata_harps             ----- model: gp_multidimensional           
rot_amp                   -4.6         -2.9          2.7    (15-84 p)
con_amp                   0.80        -0.82         0.92    (15-84 p)

----- dataset:  BISdata_neid
jitter_0                  1.32        -0.15         0.16    (15-84 p)
offset_0                -46.81        -0.29         0.28    (15-84 p)


----- dataset: BISdata_neid              ----- model: gp_multidimensional           
rot_amp                   -1.6         -2.2          2.1    (15-84 p)
con_amp                  -0.56        -0.85         0.75    (15-84 p)

----- dataset:  FWHMdata_expres
jitter_0                  0.76        -0.50         0.73    (15-84 p)
offset_0                6776.2         -3.0          2.8    (15-84 p)


----- dataset: FWHMdata_expres           ----- model: gp_multidimensional           
rot_amp                   -0.4         -4.7          5.2    (15-84 p)
con_amp                   -9.7         -3.7          2.9    (15-84 p)

----- dataset:  FWHMdata_harps
jitter_0                  0.44        -0.28         0.45    (15-84 p)
offset_0               6917.40        -0.79         0.90    (15-84 p)
offset_1                7171.6         -1.2          1.3    (15-84 p)


----- dataset: FWHMdata_harps            ----- model: gp_multidimensional           
rot_amp                   -0.7         -5.4          5.5    (15-84 p)
con_amp                    1.2         -2.0          2.2    (15-84 p)

----- dataset:  FWHMdata_neid
jitter_0                  0.51        -0.33         0.49    (15-84 p)
offset_0               6957.25        -0.78         0.80    (15-84 p)


----- dataset: FWHMdata_neid             ----- model: gp_multidimensional           
rot_amp                   -1.8         -4.9          5.5    (15-84 p)
con_amp                    0.4         -2.4          2.3    (15-84 p)

----- dataset:  Contrastdata_expres
jitter_0                   185          -18           20    (15-84 p)
offset_0               -349484          -22           22    (15-84 p)


----- dataset: Contrastdata_expres       ----- model: gp_multidimensional           
rot_amp                    0.5         -7.2          6.6    (15-84 p)
con_amp                  -18.3         -1.3          3.2    (15-84 p)

----- dataset:  Contrastdata_harps
jitter_0                   128          -18           19    (15-84 p)
offset_0               -453778          -22           21    (15-84 p)
offset_1               -419710          -36           35    (15-84 p)


----- dataset: Contrastdata_harps        ----- model: gp_multidimensional           
rot_amp                   -0.6         -6.5          7.1    (15-84 p)
con_amp                   16.6         -6.5          2.5    (15-84 p)

----- dataset:  Contrastdata_neid
jitter_0                    44          -27           26    (15-84 p)
offset_0               -359598          -15           16    (15-84 p)


----- dataset: Contrastdata_neid         ----- model: gp_multidimensional           
rot_amp                    1.2         -7.4          6.2    (15-84 p)
con_amp                   -7.1         -9.2           16    (15-84 p)

----- dataset:  Halphadata_expres
jitter_0              0.000073    -0.000045     0.000073    (15-84 p)
offset_0               0.17206     -0.00014      0.00017    (15-84 p)


----- dataset: Halphadata_expres         ----- model: gp_multidimensional           
rot_amp                0.00047     -0.00089      0.00091    (15-84 p)
con_amp                0.00031     -0.00039      0.00042    (15-84 p)

----- dataset:  Halphadata_harps
jitter_0               0.00045     -0.00022      0.00018    (15-84 p)
offset_0               0.17462     -0.00024      0.00020    (15-84 p)
offset_1               0.17379     -0.00031      0.00029    (15-84 p)


----- dataset: Halphadata_harps          ----- model: gp_multidimensional           
rot_amp                -0.0041      -0.0018       0.0015    (15-84 p)
con_amp               -0.00039     -0.00057      0.00050    (15-84 p)

----- dataset:  Halphadata_neid
jitter_0              0.000089    -0.000057     0.000091    (15-84 p)
offset_0               0.17118     -0.00015      0.00016    (15-84 p)


----- dataset: Halphadata_neid           ----- model: gp_multidimensional           
rot_amp                 0.0008      -0.0012       0.0012    (15-84 p)
con_amp                0.00001     -0.00046      0.00048    (15-84 p)

----- dataset:  CaIIdata_expres
jitter_0               0.00152     -0.00063      0.00052    (15-84 p)
offset_0               0.10041     -0.00070      0.00054    (15-84 p)


----- dataset: CaIIdata_expres           ----- model: gp_multidimensional           
rot_amp                 0.0044      -0.0034       0.0040    (15-84 p)
con_amp                -0.0015      -0.0015       0.0013    (15-84 p)

----- dataset:  CaIIdata_harps
jitter_0               0.00035     -0.00023      0.00036    (15-84 p)
offset_0               0.10437     -0.00052      0.00048    (15-84 p)
offset_1               0.10359     -0.00070      0.00069    (15-84 p)


----- dataset: CaIIdata_harps            ----- model: gp_multidimensional           
rot_amp                -0.0006      -0.0036       0.0036    (15-84 p)
con_amp                -0.0004      -0.0012       0.0012    (15-84 p)

----- dataset:  CaIIdata_neid
jitter_0               0.00025     -0.00016      0.00024    (15-84 p)
offset_0               0.09950     -0.00046      0.00046    (15-84 p)


----- dataset: CaIIdata_neid             ----- model: gp_multidimensional           
rot_amp                 0.0017      -0.0037       0.0038    (15-84 p)
con_amp                -0.0002      -0.0014       0.0014    (15-84 p)

----- common model:  b
P                        99.84        -0.31         0.12    (15-84 p)
K                         4.83        -0.40         0.32    (15-84 p)
mean_long                317.2         -4.2          3.7    (15-84 p)
e                        0.383       -0.050        0.043    (15-84 p)
omega                    -69.8         -9.2          7.1    (15-84 p)

----- common model:  activity
Prot                     28.23        -0.41         0.41    (15-84 p)
Pdec                     30.35        -0.26         0.73    (15-84 p)
Oamp                     0.394       -0.033        0.034    (15-84 p)

----- common model:  star_parameters

====================================================================================================
     Statistics on the derived parameters obtained from the posteriors samples     
====================================================================================================

----- common model:  b
Inclination fixed to 90 deg!
Computing exact mass of the planet (average approximate mass larger than 30.0 Me)
a_Rs                    90.528        -0.19        0.070    (15-84 p)
M_Mj                    0.1018      -0.0072       0.0054    (15-84 p)
M_Me                      32.4         -2.3          1.7    (15-84 p)
Tc                     59365.8         -3.2          3.8    (15-84 p)
a_AU_(M)               0.42119     -0.00088      0.00033    (15-84 p)
a_AU_(rho,R)           0.42118     -0.00088      0.00033    (15-84 p)


====================================================================================================
     ------------------------------------------------------------------------------------------     
====================================================================================================



60000.0   steps completed, average lnprob:,  -1374.4944815380723


emcee completed


:::---::: PyORBIT v11.0.1 :::---:::

Python version in use:
3.10.18 (main, Jun  5 2025, 13:14:17) [GCC 11.2.0]
LaTeX disabled by default

Using orbital model:  keplerian
Using orbital parametrization:  Eastman2013

gp_multidimensional  S+LEAF model, number of harmonics: 4

GP model: gp_multidimensional  hyperparameters_condition:    True
GP model: gp_multidimensional  rotation_decay_condition:     True

### PyORBIT version used in the analysis:  11.0.1

 emcee version:  3.1.6

 Reference Time Tref: 59334.700184

 Data points:1926
 Dimensions: 86
 Nwalkers:   344
 Steps:      60000


Number of samplings: 103200

Recomputing ln-prior, it may take a while...

ln-probability   distribution:  -1373.39       -8.84      7.92 (15-84 p) 
ln-prior         distribution:   -446.92       -2.36      2.07 (15-84 p) 
ln-likelihood    distribution:   -926.26       -9.14      8.04 (15-84 p) 


*** Information criteria using the likelihood distribution

 BIC from distribution  (using likelihood)  =   2502.96    -16.07   18.28 (15-84 p)
 AIC from distribution  (using likelihood)  =   2024.52    -16.07   18.28 (15-84 p)
 AICc from distribution (using likelihood)  =   2032.66    -16.07   18.28 (15-84 p)


*** Information criteria using the median parameter set

 ln_probability of Median solution =  -1335.47
 ln_priors of Median solution      =   -446.04
 ln_likelihood of Median solution  =   -889.43

 Median BIC  (using likelihood) =   2429.30
 Median AIC  (using likelihood) =   1950.86
 Median AICc (using likelihood) =   1959.00


*** Information criteria using the MAP parameter set

 ln_probability of MAP solution =  -1322.15
 ln_priors of MAP solution      =   -445.34
 ln_likelihood of MAP solution  =   -876.81

 MAP BIC  (using likelihood)    =   2404.06
 MAP AIC  (using likelihood)    =   1925.62
 MAP AICc (using likelihood)    =   1933.76

 AICc suggested over AIC because NDATA ( 1926 ) < 40 * NDIM ( 86 )

****************************************************************************************************


Computing the autocorrelation time of the chains

***** WARNING ******
The integrated autocorrelation time cannot be reliably estimated
likely the chains are too short, and ACF analysis is not fully reliable
emcee.autocorr.integrated_time tolerance lowered to 20
If you still get a warning, you should drop these results entirely
Chains too short to apply convergence criteria
They should be at least 2450*nthin = 367500

 ACF computation failed, no plot will be generated 


====================================================================================================
     Ids, spaces (s), boundaries (b) and priors (p) of the sampler parameters     
====================================================================================================

----- dataset:  RVdata_expres
jitter_0      id:   8  s:Linear      b:[      0.0010,      11.5000]   p:Uniform   []
offset_0      id:   9  s:Linear      b:[ -10006.2420,   10010.4100]   p:Uniform   []

----- dataset: RVdata_expres             ----- model: gp_multidimensional           
rot_amp       id:  10  s:Linear      b:[      0.0000,      10.0000]   p:Uniform   []
con_amp       id:  11  s:Linear      b:[    -20.0000,      20.0000]   p:Uniform   []

----- dataset:  RVdata_harps
jitter_0      id:  12  s:Linear      b:[      0.0009,      13.3000]   p:Uniform   []
offset_0      id:  13  s:Linear      b:[ -10005.4343,   10010.2475]   p:Uniform   []
offset_1      id:  14  s:Linear      b:[ -10005.4343,   10010.2475]   p:Uniform   []

----- dataset: RVdata_harps              ----- model: gp_multidimensional           
rot_amp       id:  15  s:Linear      b:[      0.0000,      10.0000]   p:Uniform   []
con_amp       id:  16  s:Linear      b:[    -20.0000,      20.0000]   p:Uniform   []

----- dataset:  RVdata_neid
jitter_0      id:  17  s:Linear      b:[      0.0010,      12.2000]   p:Uniform   []
offset_0      id:  18  s:Linear      b:[ -10005.9046,   10009.8774]   p:Uniform   []

----- dataset: RVdata_neid               ----- model: gp_multidimensional           
rot_amp       id:  19  s:Linear      b:[      0.0000,      10.0000]   p:Uniform   []
con_amp       id:  20  s:Linear      b:[    -20.0000,      20.0000]   p:Uniform   []

----- dataset:  BISdata_expres
jitter_0      id:  21  s:Linear      b:[      0.0095,      95.0000]   p:Uniform   []
offset_0      id:  22  s:Linear      b:[ -10061.4500,    9948.9833]   p:Uniform   []

----- dataset: BISdata_expres            ----- model: gp_multidimensional           
rot_amp       id:  23  s:Linear      b:[    -10.0000,      10.0000]   p:Uniform   []
con_amp       id:  24  s:Linear      b:[    -20.0000,      20.0000]   p:Uniform   []

----- dataset:  BISdata_harps
jitter_0      id:  25  s:Linear      b:[      0.0095,      95.0000]   p:Uniform   []
offset_0      id:  26  s:Linear      b:[ -10050.8667,    9968.4000]   p:Uniform   []
offset_1      id:  27  s:Linear      b:[ -10050.8667,    9968.4000]   p:Uniform   []

----- dataset: BISdata_harps             ----- model: gp_multidimensional           
rot_amp       id:  28  s:Linear      b:[    -10.0000,      10.0000]   p:Uniform   []
con_amp       id:  29  s:Linear      b:[    -20.0000,      20.0000]   p:Uniform   []

----- dataset:  BISdata_neid
jitter_0      id:  30  s:Linear      b:[      0.0095,      95.0000]   p:Uniform   []
offset_0      id:  31  s:Linear      b:[ -10050.7833,    9957.4667]   p:Uniform   []

----- dataset: BISdata_neid              ----- model: gp_multidimensional           
rot_amp       id:  32  s:Linear      b:[    -10.0000,      10.0000]   p:Uniform   []
con_amp       id:  33  s:Linear      b:[    -20.0000,      20.0000]   p:Uniform   []

----- dataset:  FWHMdata_expres
jitter_0      id:  34  s:Linear      b:[      0.0500,     500.0000]   p:Uniform   []
offset_0      id:  35  s:Linear      b:[  -3233.0765,   16789.6022]   p:Uniform   []

----- dataset: FWHMdata_expres           ----- model: gp_multidimensional           
rot_amp       id:  36  s:Linear      b:[    -10.0000,      10.0000]   p:Uniform   []
con_amp       id:  37  s:Linear      b:[    -20.0000,      20.0000]   p:Uniform   []

----- dataset:  FWHMdata_harps
jitter_0      id:  38  s:Linear      b:[      0.0500,     500.0000]   p:Uniform   []
offset_0      id:  39  s:Linear      b:[  -3088.5511,   17176.1921]   p:Uniform   []
offset_1      id:  40  s:Linear      b:[  -3088.5511,   17176.1921]   p:Uniform   []

----- dataset: FWHMdata_harps            ----- model: gp_multidimensional           
rot_amp       id:  41  s:Linear      b:[    -10.0000,      10.0000]   p:Uniform   []
con_amp       id:  42  s:Linear      b:[    -20.0000,      20.0000]   p:Uniform   []

----- dataset:  FWHMdata_neid
jitter_0      id:  43  s:Linear      b:[      0.0500,     500.0000]   p:Uniform   []
offset_0      id:  44  s:Linear      b:[  -3049.2667,   16964.4316]   p:Uniform   []

----- dataset: FWHMdata_neid             ----- model: gp_multidimensional           
rot_amp       id:  45  s:Linear      b:[    -10.0000,      10.0000]   p:Uniform   []
con_amp       id:  46  s:Linear      b:[    -20.0000,      20.0000]   p:Uniform   []

----- dataset:  Contrastdata_expres
jitter_0      id:  47  s:Linear      b:[      1.3000,   13000.0000]   p:Uniform   []
offset_0      id:  48  s:Linear      b:[-359831.0100, -338852.3247]   p:Uniform   []

----- dataset: Contrastdata_expres       ----- model: gp_multidimensional           
rot_amp       id:  49  s:Linear      b:[    -10.0000,      10.0000]   p:Uniform   []
con_amp       id:  50  s:Linear      b:[    -20.0000,      20.0000]   p:Uniform   []

----- dataset:  Contrastdata_harps
jitter_0      id:  51  s:Linear      b:[      1.3000,   13000.0000]   p:Uniform   []
offset_0      id:  52  s:Linear      b:[-464256.3172, -409348.3188]   p:Uniform   []
offset_1      id:  53  s:Linear      b:[-464256.3172, -409348.3188]   p:Uniform   []

----- dataset: Contrastdata_harps        ----- model: gp_multidimensional           
rot_amp       id:  54  s:Linear      b:[    -10.0000,      10.0000]   p:Uniform   []
con_amp       id:  55  s:Linear      b:[    -20.0000,      20.0000]   p:Uniform   []

----- dataset:  Contrastdata_neid
jitter_0      id:  56  s:Linear      b:[      1.3000,   13000.0000]   p:Uniform   []
offset_0      id:  57  s:Linear      b:[-369967.1260, -349330.7806]   p:Uniform   []

----- dataset: Contrastdata_neid         ----- model: gp_multidimensional           
rot_amp       id:  58  s:Linear      b:[    -10.0000,      10.0000]   p:Uniform   []
con_amp       id:  59  s:Linear      b:[    -20.0000,      20.0000]   p:Uniform   []

----- dataset:  Halphadata_expres
jitter_0      id:  60  s:Linear      b:[      0.0000,       0.1000]   p:Uniform   []
offset_0      id:  61  s:Linear      b:[  -9999.8288,   10000.1728]   p:Uniform   []

----- dataset: Halphadata_expres         ----- model: gp_multidimensional           
rot_amp       id:  62  s:Linear      b:[    -10.0000,      10.0000]   p:Uniform   []
con_amp       id:  63  s:Linear      b:[    -20.0000,      20.0000]   p:Uniform   []

----- dataset:  Halphadata_harps
jitter_0      id:  64  s:Linear      b:[      0.0000,       0.1000]   p:Uniform   []
offset_0      id:  65  s:Linear      b:[  -9999.8279,   10000.1787]   p:Uniform   []
offset_1      id:  66  s:Linear      b:[  -9999.8279,   10000.1787]   p:Uniform   []

----- dataset: Halphadata_harps          ----- model: gp_multidimensional           
rot_amp       id:  67  s:Linear      b:[    -10.0000,      10.0000]   p:Uniform   []
con_amp       id:  68  s:Linear      b:[    -20.0000,      20.0000]   p:Uniform   []

----- dataset:  Halphadata_neid
jitter_0      id:  69  s:Linear      b:[      0.0000,       0.1000]   p:Uniform   []
offset_0      id:  70  s:Linear      b:[  -9999.8297,   10000.1722]   p:Uniform   []

----- dataset: Halphadata_neid           ----- model: gp_multidimensional           
rot_amp       id:  71  s:Linear      b:[    -10.0000,      10.0000]   p:Uniform   []
con_amp       id:  72  s:Linear      b:[    -20.0000,      20.0000]   p:Uniform   []

----- dataset:  CaIIdata_expres
jitter_0      id:  73  s:Linear      b:[      0.0000,       0.3000]   p:Uniform   []
offset_0      id:  74  s:Linear      b:[  -9999.9071,   10000.1079]   p:Uniform   []

----- dataset: CaIIdata_expres           ----- model: gp_multidimensional           
rot_amp       id:  75  s:Linear      b:[    -10.0000,      10.0000]   p:Uniform   []
con_amp       id:  76  s:Linear      b:[    -20.0000,      20.0000]   p:Uniform   []

----- dataset:  CaIIdata_harps
jitter_0      id:  77  s:Linear      b:[      0.0000,       0.3000]   p:Uniform   []
offset_0      id:  78  s:Linear      b:[  -9999.9033,   10000.1089]   p:Uniform   []
offset_1      id:  79  s:Linear      b:[  -9999.9033,   10000.1089]   p:Uniform   []

----- dataset: CaIIdata_harps            ----- model: gp_multidimensional           
rot_amp       id:  80  s:Linear      b:[    -10.0000,      10.0000]   p:Uniform   []
con_amp       id:  81  s:Linear      b:[    -20.0000,      20.0000]   p:Uniform   []

----- dataset:  CaIIdata_neid
jitter_0      id:  82  s:Linear      b:[      0.0000,       0.3000]   p:Uniform   []
offset_0      id:  83  s:Linear      b:[  -9999.9014,   10000.1002]   p:Uniform   []

----- dataset: CaIIdata_neid             ----- model: gp_multidimensional           
rot_amp       id:  84  s:Linear      b:[    -10.0000,      10.0000]   p:Uniform   []
con_amp       id:  85  s:Linear      b:[    -20.0000,      20.0000]   p:Uniform   []

----- common model:  b
P             id:   0  s:Log_Base2   b:[      0.3785,       6.6439]   p:Uniform   []
K             id:   1  s:Log_Base2   b:[     -9.9658,       3.3219]   p:Uniform   []
sre_coso      id:   2  s:Linear      b:[     -1.0000,       1.0000]   p:Uniform   []
sre_sino      id:   3  s:Linear      b:[     -1.0000,       1.0000]   p:Uniform   []
mean_long     id:   4  s:Linear      b:[    137.5172,     497.5172]   p:Uniform   []
e             derived (no id, space, bound)                           p:Gaussian   [0.    0.098]
omega         derived (no id, space, bound)                           p:Uniform   [0.0, 360.0]

----- common model:  activity
Prot          id:   5  s:Linear      b:[     20.0000,      35.0000]   p:Gaussian   [28.   0.5]
Pdec          id:   6  s:Linear      b:[     30.0000,    1000.0000]   p:Uniform   []
Oamp          id:   7  s:Log_Base2   b:[     -6.6439,       0.0000]   p:Gaussian   [0.35  0.035]

----- common model:  star_parameters
mass          derived (no id, space, bound)                           p:Gaussian   [1.e+00 1.e-06]
radius        derived (no id, space, bound)                           p:Gaussian   [1.e+00 1.e-06]
density       derived (no id, space, bound)                           p:Gaussian   [1.e+00 1.e-06]


****************************************************************************************************
****************************************************************************************************

 Confidence intervals (median value, 34.135th percentile from the median on the left and right side)

====================================================================================================
     Statistics on the posterior of the sampler parameters     
====================================================================================================

----- dataset:  RVdata_expres
jitter_0         8         1.008       -0.091        0.100   (15-84 p)   [    0.0010,    11.5000]
offset_0         9           1.9         -1.5          1.7   (15-84 p)   [-10006.2420, 10010.4100]

----- dataset: RVdata_expres             ----- model: gp_multidimensional           
rot_amp         10          8.98         -1.5         0.76   (15-84 p)   [    0.0000,    10.0000]
con_amp         11           5.3         -1.4          2.3   (15-84 p)   [  -20.0000,    20.0000]

----- dataset:  RVdata_harps
jitter_0        12         1.342       -0.100         0.11   (15-84 p)   [    0.0009,    13.3000]
offset_0        13          2.29        -0.46         0.67   (15-84 p)   [-10005.4343, 10010.2475]
offset_1        14          3.31        -0.54         0.69   (15-84 p)   [-10005.4343, 10010.2475]

----- dataset: RVdata_harps              ----- model: gp_multidimensional           
rot_amp         15           6.2         -2.0          1.9   (15-84 p)   [    0.0000,    10.0000]
con_amp         16           1.8         -1.0          1.4   (15-84 p)   [  -20.0000,    20.0000]

----- dataset:  RVdata_neid
jitter_0        17         1.257       -0.100         0.12   (15-84 p)   [    0.0010,    12.2000]
offset_0        18          2.88        -0.91          1.0   (15-84 p)   [-10005.9046, 10009.8774]

----- dataset: RVdata_neid               ----- model: gp_multidimensional           
rot_amp         19           7.7         -1.8          1.5   (15-84 p)   [    0.0000,    10.0000]
con_amp         20           3.3         -1.1          1.7   (15-84 p)   [  -20.0000,    20.0000]

----- dataset:  BISdata_expres
jitter_0        21          1.56        -0.15         0.16   (15-84 p)   [    0.0095,    95.0000]
offset_0        22         -54.6         -1.2          1.3   (15-84 p)   [-10061.4500,  9948.9833]

----- dataset: BISdata_expres            ----- model: gp_multidimensional           
rot_amp         23          -2.7         -2.8          2.3   (15-84 p)   [  -10.0000,    10.0000]
con_amp         24           4.2         -1.1          1.5   (15-84 p)   [  -20.0000,    20.0000]

----- dataset:  BISdata_harps
jitter_0        25          1.57        -0.15         0.16   (15-84 p)   [    0.0095,    95.0000]
offset_0        26        -45.37        -0.35         0.40   (15-84 p)   [-10050.8667,  9968.4000]
offset_1        27        -35.80        -0.49         0.51   (15-84 p)   [-10050.8667,  9968.4000]

----- dataset: BISdata_harps             ----- model: gp_multidimensional           
rot_amp         28          -4.6         -2.9          2.7   (15-84 p)   [  -10.0000,    10.0000]
con_amp         29          0.80        -0.82         0.92   (15-84 p)   [  -20.0000,    20.0000]

----- dataset:  BISdata_neid
jitter_0        30          1.32        -0.15         0.16   (15-84 p)   [    0.0095,    95.0000]
offset_0        31        -46.81        -0.29         0.28   (15-84 p)   [-10050.7833,  9957.4667]

----- dataset: BISdata_neid              ----- model: gp_multidimensional           
rot_amp         32          -1.6         -2.2          2.1   (15-84 p)   [  -10.0000,    10.0000]
con_amp         33         -0.56        -0.85         0.75   (15-84 p)   [  -20.0000,    20.0000]

----- dataset:  FWHMdata_expres
jitter_0        34          0.76        -0.50         0.73   (15-84 p)   [    0.0500,   500.0000]
offset_0        35        6776.2         -3.0          2.8   (15-84 p)   [-3233.0765, 16789.6022]

----- dataset: FWHMdata_expres           ----- model: gp_multidimensional           
rot_amp         36          -0.4         -4.7          5.2   (15-84 p)   [  -10.0000,    10.0000]
con_amp         37          -9.7         -3.7          2.9   (15-84 p)   [  -20.0000,    20.0000]

----- dataset:  FWHMdata_harps
jitter_0        38          0.44        -0.28         0.45   (15-84 p)   [    0.0500,   500.0000]
offset_0        39       6917.40        -0.79         0.90   (15-84 p)   [-3088.5511, 17176.1921]
offset_1        40        7171.6         -1.2          1.3   (15-84 p)   [-3088.5511, 17176.1921]

----- dataset: FWHMdata_harps            ----- model: gp_multidimensional           
rot_amp         41          -0.7         -5.4          5.5   (15-84 p)   [  -10.0000,    10.0000]
con_amp         42           1.2         -2.0          2.2   (15-84 p)   [  -20.0000,    20.0000]

----- dataset:  FWHMdata_neid
jitter_0        43          0.51        -0.33         0.49   (15-84 p)   [    0.0500,   500.0000]
offset_0        44       6957.25        -0.78         0.80   (15-84 p)   [-3049.2667, 16964.4316]

----- dataset: FWHMdata_neid             ----- model: gp_multidimensional           
rot_amp         45          -1.8         -4.9          5.5   (15-84 p)   [  -10.0000,    10.0000]
con_amp         46           0.4         -2.4          2.3   (15-84 p)   [  -20.0000,    20.0000]

----- dataset:  Contrastdata_expres
jitter_0        47           185          -18           20   (15-84 p)   [    1.3000, 13000.0000]
offset_0        48       -349484          -22           22   (15-84 p)   [-359831.0100, -338852.3247]

----- dataset: Contrastdata_expres       ----- model: gp_multidimensional           
rot_amp         49           0.5         -7.2          6.6   (15-84 p)   [  -10.0000,    10.0000]
con_amp         50         -18.3         -1.3          3.2   (15-84 p)   [  -20.0000,    20.0000]

----- dataset:  Contrastdata_harps
jitter_0        51           128          -18           19   (15-84 p)   [    1.3000, 13000.0000]
offset_0        52       -453778          -22           21   (15-84 p)   [-464256.3172, -409348.3188]
offset_1        53       -419710          -36           35   (15-84 p)   [-464256.3172, -409348.3188]

----- dataset: Contrastdata_harps        ----- model: gp_multidimensional           
rot_amp         54          -0.6         -6.5          7.1   (15-84 p)   [  -10.0000,    10.0000]
con_amp         55          16.6         -6.5          2.5   (15-84 p)   [  -20.0000,    20.0000]

----- dataset:  Contrastdata_neid
jitter_0        56            44          -27           26   (15-84 p)   [    1.3000, 13000.0000]
offset_0        57       -359598          -15           16   (15-84 p)   [-369967.1260, -349330.7806]

----- dataset: Contrastdata_neid         ----- model: gp_multidimensional           
rot_amp         58           1.2         -7.4          6.2   (15-84 p)   [  -10.0000,    10.0000]
con_amp         59          -7.1         -9.2           16   (15-84 p)   [  -20.0000,    20.0000]

----- dataset:  Halphadata_expres
jitter_0        60      0.000073    -0.000045     0.000073   (15-84 p)   [    0.0000,     0.1000]
offset_0        61       0.17206     -0.00014      0.00017   (15-84 p)   [-9999.8288, 10000.1728]

----- dataset: Halphadata_expres         ----- model: gp_multidimensional           
rot_amp         62       0.00047     -0.00089      0.00091   (15-84 p)   [  -10.0000,    10.0000]
con_amp         63       0.00031     -0.00039      0.00042   (15-84 p)   [  -20.0000,    20.0000]

----- dataset:  Halphadata_harps
jitter_0        64       0.00045     -0.00022      0.00018   (15-84 p)   [    0.0000,     0.1000]
offset_0        65       0.17462     -0.00024      0.00020   (15-84 p)   [-9999.8279, 10000.1787]
offset_1        66       0.17379     -0.00031      0.00029   (15-84 p)   [-9999.8279, 10000.1787]

----- dataset: Halphadata_harps          ----- model: gp_multidimensional           
rot_amp         67       -0.0041      -0.0018       0.0015   (15-84 p)   [  -10.0000,    10.0000]
con_amp         68      -0.00039     -0.00057      0.00050   (15-84 p)   [  -20.0000,    20.0000]

----- dataset:  Halphadata_neid
jitter_0        69      0.000089    -0.000057     0.000091   (15-84 p)   [    0.0000,     0.1000]
offset_0        70       0.17118     -0.00015      0.00016   (15-84 p)   [-9999.8297, 10000.1722]

----- dataset: Halphadata_neid           ----- model: gp_multidimensional           
rot_amp         71        0.0008      -0.0012       0.0012   (15-84 p)   [  -10.0000,    10.0000]
con_amp         72       0.00001     -0.00046      0.00048   (15-84 p)   [  -20.0000,    20.0000]

----- dataset:  CaIIdata_expres
jitter_0        73       0.00152     -0.00063      0.00052   (15-84 p)   [    0.0000,     0.3000]
offset_0        74       0.10041     -0.00070      0.00054   (15-84 p)   [-9999.9071, 10000.1079]

----- dataset: CaIIdata_expres           ----- model: gp_multidimensional           
rot_amp         75        0.0044      -0.0034       0.0040   (15-84 p)   [  -10.0000,    10.0000]
con_amp         76       -0.0015      -0.0015       0.0013   (15-84 p)   [  -20.0000,    20.0000]

----- dataset:  CaIIdata_harps
jitter_0        77       0.00035     -0.00023      0.00036   (15-84 p)   [    0.0000,     0.3000]
offset_0        78       0.10437     -0.00052      0.00048   (15-84 p)   [-9999.9033, 10000.1089]
offset_1        79       0.10359     -0.00070      0.00069   (15-84 p)   [-9999.9033, 10000.1089]

----- dataset: CaIIdata_harps            ----- model: gp_multidimensional           
rot_amp         80       -0.0006      -0.0036       0.0036   (15-84 p)   [  -10.0000,    10.0000]
con_amp         81       -0.0004      -0.0012       0.0012   (15-84 p)   [  -20.0000,    20.0000]

----- dataset:  CaIIdata_neid
jitter_0        82       0.00025     -0.00016      0.00024   (15-84 p)   [    0.0000,     0.3000]
offset_0        83       0.09950     -0.00046      0.00046   (15-84 p)   [-9999.9014, 10000.1002]

----- dataset: CaIIdata_neid             ----- model: gp_multidimensional           
rot_amp         84        0.0017      -0.0037       0.0038   (15-84 p)   [  -10.0000,    10.0000]
con_amp         85       -0.0002      -0.0014       0.0014   (15-84 p)   [  -20.0000,    20.0000]

----- common model:  b
P                0        6.6415      -0.0045       0.0017   (15-84 p)   [    0.3785,     6.6439]
K                1         2.273        -0.12        0.093   (15-84 p)   [   -9.9658,     3.3219]
sre_coso         2         0.214        -0.10        0.077   (15-84 p)   [   -1.0000,     1.0000]
sre_sino         3        -0.576       -0.033        0.039   (15-84 p)   [   -1.0000,     1.0000]
mean_long        4         317.2         -4.2          3.7   (15-84 p)   [  137.5172,   497.5172]

----- common model:  activity
Prot             5         28.23        -0.41         0.41   (15-84 p)   [   20.0000,    35.0000]
Pdec             6         30.35        -0.26         0.73   (15-84 p)   [   30.0000,  1000.0000]
Oamp             7         -1.34        -0.13         0.12   (15-84 p)   [   -6.6439,     0.0000]

----- common model:  star_parameters

====================================================================================================
     Statistics on the model parameters obtained from the posteriors samples     
====================================================================================================

----- dataset:  RVdata_expres
jitter_0                 1.008       -0.091        0.100    (15-84 p)
offset_0                   1.9         -1.5          1.7    (15-84 p)


----- dataset: RVdata_expres             ----- model: gp_multidimensional           
rot_amp                   8.98         -1.5         0.76    (15-84 p)
con_amp                    5.3         -1.4          2.3    (15-84 p)

----- dataset:  RVdata_harps
jitter_0                 1.342       -0.100         0.11    (15-84 p)
offset_0                  2.29        -0.46         0.67    (15-84 p)
offset_1                  3.31        -0.54         0.69    (15-84 p)


----- dataset: RVdata_harps              ----- model: gp_multidimensional           
rot_amp                    6.2         -2.0          1.9    (15-84 p)
con_amp                    1.8         -1.0          1.4    (15-84 p)

----- dataset:  RVdata_neid
jitter_0                 1.257       -0.100         0.12    (15-84 p)
offset_0                  2.88        -0.91          1.0    (15-84 p)


----- dataset: RVdata_neid               ----- model: gp_multidimensional           
rot_amp                    7.7         -1.8          1.5    (15-84 p)
con_amp                    3.3         -1.1          1.7    (15-84 p)

----- dataset:  BISdata_expres
jitter_0                  1.56        -0.15         0.16    (15-84 p)
offset_0                 -54.6         -1.2          1.3    (15-84 p)


----- dataset: BISdata_expres            ----- model: gp_multidimensional           
rot_amp                   -2.7         -2.8          2.3    (15-84 p)
con_amp                    4.2         -1.1          1.5    (15-84 p)

----- dataset:  BISdata_harps
jitter_0                  1.57        -0.15         0.16    (15-84 p)
offset_0                -45.37        -0.35         0.40    (15-84 p)
offset_1                -35.80        -0.49         0.51    (15-84 p)


----- dataset: BISdata_harps             ----- model: gp_multidimensional           
rot_amp                   -4.6         -2.9          2.7    (15-84 p)
con_amp                   0.80        -0.82         0.92    (15-84 p)

----- dataset:  BISdata_neid
jitter_0                  1.32        -0.15         0.16    (15-84 p)
offset_0                -46.81        -0.29         0.28    (15-84 p)


----- dataset: BISdata_neid              ----- model: gp_multidimensional           
rot_amp                   -1.6         -2.2          2.1    (15-84 p)
con_amp                  -0.56        -0.85         0.75    (15-84 p)

----- dataset:  FWHMdata_expres
jitter_0                  0.76        -0.50         0.73    (15-84 p)
offset_0                6776.2         -3.0          2.8    (15-84 p)


----- dataset: FWHMdata_expres           ----- model: gp_multidimensional           
rot_amp                   -0.4         -4.7          5.2    (15-84 p)
con_amp                   -9.7         -3.7          2.9    (15-84 p)

----- dataset:  FWHMdata_harps
jitter_0                  0.44        -0.28         0.45    (15-84 p)
offset_0               6917.40        -0.79         0.90    (15-84 p)
offset_1                7171.6         -1.2          1.3    (15-84 p)


----- dataset: FWHMdata_harps            ----- model: gp_multidimensional           
rot_amp                   -0.7         -5.4          5.5    (15-84 p)
con_amp                    1.2         -2.0          2.2    (15-84 p)

----- dataset:  FWHMdata_neid
jitter_0                  0.51        -0.33         0.49    (15-84 p)
offset_0               6957.25        -0.78         0.80    (15-84 p)


----- dataset: FWHMdata_neid             ----- model: gp_multidimensional           
rot_amp                   -1.8         -4.9          5.5    (15-84 p)
con_amp                    0.4         -2.4          2.3    (15-84 p)

----- dataset:  Contrastdata_expres
jitter_0                   185          -18           20    (15-84 p)
offset_0               -349484          -22           22    (15-84 p)


----- dataset: Contrastdata_expres       ----- model: gp_multidimensional           
rot_amp                    0.5         -7.2          6.6    (15-84 p)
con_amp                  -18.3         -1.3          3.2    (15-84 p)

----- dataset:  Contrastdata_harps
jitter_0                   128          -18           19    (15-84 p)
offset_0               -453778          -22           21    (15-84 p)
offset_1               -419710          -36           35    (15-84 p)


----- dataset: Contrastdata_harps        ----- model: gp_multidimensional           
rot_amp                   -0.6         -6.5          7.1    (15-84 p)
con_amp                   16.6         -6.5          2.5    (15-84 p)

----- dataset:  Contrastdata_neid
jitter_0                    44          -27           26    (15-84 p)
offset_0               -359598          -15           16    (15-84 p)


----- dataset: Contrastdata_neid         ----- model: gp_multidimensional           
rot_amp                    1.2         -7.4          6.2    (15-84 p)
con_amp                   -7.1         -9.2           16    (15-84 p)

----- dataset:  Halphadata_expres
jitter_0              0.000073    -0.000045     0.000073    (15-84 p)
offset_0               0.17206     -0.00014      0.00017    (15-84 p)


----- dataset: Halphadata_expres         ----- model: gp_multidimensional           
rot_amp                0.00047     -0.00089      0.00091    (15-84 p)
con_amp                0.00031     -0.00039      0.00042    (15-84 p)

----- dataset:  Halphadata_harps
jitter_0               0.00045     -0.00022      0.00018    (15-84 p)
offset_0               0.17462     -0.00024      0.00020    (15-84 p)
offset_1               0.17379     -0.00031      0.00029    (15-84 p)


----- dataset: Halphadata_harps          ----- model: gp_multidimensional           
rot_amp                -0.0041      -0.0018       0.0015    (15-84 p)
con_amp               -0.00039     -0.00057      0.00050    (15-84 p)

----- dataset:  Halphadata_neid
jitter_0              0.000089    -0.000057     0.000091    (15-84 p)
offset_0               0.17118     -0.00015      0.00016    (15-84 p)


----- dataset: Halphadata_neid           ----- model: gp_multidimensional           
rot_amp                 0.0008      -0.0012       0.0012    (15-84 p)
con_amp                0.00001     -0.00046      0.00048    (15-84 p)

----- dataset:  CaIIdata_expres
jitter_0               0.00152     -0.00063      0.00052    (15-84 p)
offset_0               0.10041     -0.00070      0.00054    (15-84 p)


----- dataset: CaIIdata_expres           ----- model: gp_multidimensional           
rot_amp                 0.0044      -0.0034       0.0040    (15-84 p)
con_amp                -0.0015      -0.0015       0.0013    (15-84 p)

----- dataset:  CaIIdata_harps
jitter_0               0.00035     -0.00023      0.00036    (15-84 p)
offset_0               0.10437     -0.00052      0.00048    (15-84 p)
offset_1               0.10359     -0.00070      0.00069    (15-84 p)


----- dataset: CaIIdata_harps            ----- model: gp_multidimensional           
rot_amp                -0.0006      -0.0036       0.0036    (15-84 p)
con_amp                -0.0004      -0.0012       0.0012    (15-84 p)

----- dataset:  CaIIdata_neid
jitter_0               0.00025     -0.00016      0.00024    (15-84 p)
offset_0               0.09950     -0.00046      0.00046    (15-84 p)


----- dataset: CaIIdata_neid             ----- model: gp_multidimensional           
rot_amp                 0.0017      -0.0037       0.0038    (15-84 p)
con_amp                -0.0002      -0.0014       0.0014    (15-84 p)

----- common model:  b
P                        99.84        -0.31         0.12    (15-84 p)
K                         4.83        -0.40         0.32    (15-84 p)
mean_long                317.2         -4.2          3.7    (15-84 p)
e                        0.383       -0.050        0.043    (15-84 p)
omega                    -69.8         -9.2          7.1    (15-84 p)

----- common model:  activity
Prot                     28.23        -0.41         0.41    (15-84 p)
Pdec                     30.35        -0.26         0.73    (15-84 p)
Oamp                     0.394       -0.033        0.034    (15-84 p)

----- common model:  star_parameters

====================================================================================================
     Statistics on the derived parameters obtained from the posteriors samples     
====================================================================================================

----- common model:  b
Inclination fixed to 90 deg!
Computing exact mass of the planet (average approximate mass larger than 30.0 Me)
a_Rs                    90.528        -0.19        0.070    (15-84 p)
M_Mj                    0.1018      -0.0072       0.0054    (15-84 p)
M_Me                      32.4         -2.3          1.7    (15-84 p)
Tc                     59365.8         -3.2          3.8    (15-84 p)
a_AU_(M)               0.42119     -0.00088      0.00033    (15-84 p)
a_AU_(rho,R)           0.42118     -0.00088      0.00033    (15-84 p)


====================================================================================================
     ------------------------------------------------------------------------------------------     
====================================================================================================



****************************************************************************************************

 Parameters corresponding to the Maximum a Posteriori probability ( -1322.1544453408037 )

====================================================================================================
     Statistics on the posterior of the sampler parameters     
====================================================================================================

----- dataset:  RVdata_expres
jitter_0         8      0.972373 [    0.0010,    11.5000]
offset_0         9      1.777799 [-10006.2420, 10010.4100]

----- dataset: RVdata_expres             ----- model: gp_multidimensional           
rot_amp         10      6.572297 [    0.0000,    10.0000]
con_amp         11      1.644532 [  -20.0000,    20.0000]

----- dataset:  RVdata_harps
jitter_0        12      1.283712 [    0.0009,    13.3000]
offset_0        13      2.220280 [-10005.4343, 10010.2475]
offset_1        14      3.144957 [-10005.4343, 10010.2475]

----- dataset: RVdata_harps              ----- model: gp_multidimensional           
rot_amp         15      3.962314 [    0.0000,    10.0000]
con_amp         16      0.438834 [  -20.0000,    20.0000]

----- dataset:  RVdata_neid
jitter_0        17      1.186729 [    0.0010,    12.2000]
offset_0        18      2.697090 [-10005.9046, 10009.8774]

----- dataset: RVdata_neid               ----- model: gp_multidimensional           
rot_amp         19      4.718167 [    0.0000,    10.0000]
con_amp         20      0.951794 [  -20.0000,    20.0000]

----- dataset:  BISdata_expres
jitter_0        21      1.666328 [    0.0095,    95.0000]
offset_0        22    -54.583329 [-10061.4500,  9948.9833]

----- dataset: BISdata_expres            ----- model: gp_multidimensional           
rot_amp         23      0.619830 [  -10.0000,    10.0000]
con_amp         24      1.677822 [  -20.0000,    20.0000]

----- dataset:  BISdata_harps
jitter_0        25      1.584229 [    0.0095,    95.0000]
offset_0        26    -45.202582 [-10050.8667,  9968.4000]
offset_1        27    -35.628400 [-10050.8667,  9968.4000]

----- dataset: BISdata_harps             ----- model: gp_multidimensional           
rot_amp         28     -0.757948 [  -10.0000,    10.0000]
con_amp         29      0.167311 [  -20.0000,    20.0000]

----- dataset:  BISdata_neid
jitter_0        30      1.249692 [    0.0095,    95.0000]
offset_0        31    -46.792892 [-10050.7833,  9957.4667]

----- dataset: BISdata_neid              ----- model: gp_multidimensional           
rot_amp         32     -1.126488 [  -10.0000,    10.0000]
con_amp         33     -0.188891 [  -20.0000,    20.0000]

----- dataset:  FWHMdata_expres
jitter_0        34      0.127300 [    0.0500,   500.0000]
offset_0        35   6776.301567 [-3233.0765, 16789.6022]

----- dataset: FWHMdata_expres           ----- model: gp_multidimensional           
rot_amp         36     -2.113608 [  -10.0000,    10.0000]
con_amp         37     -4.294841 [  -20.0000,    20.0000]

----- dataset:  FWHMdata_harps
jitter_0        38      0.093159 [    0.0500,   500.0000]
offset_0        39   6917.462232 [-3088.5511, 17176.1921]
offset_1        40   7171.722422 [-3088.5511, 17176.1921]

----- dataset: FWHMdata_harps            ----- model: gp_multidimensional           
rot_amp         41      1.631146 [  -10.0000,    10.0000]
con_amp         42      0.337314 [  -20.0000,    20.0000]

----- dataset:  FWHMdata_neid
jitter_0        43      0.114712 [    0.0500,   500.0000]
offset_0        44   6956.861342 [-3049.2667, 16964.4316]

----- dataset: FWHMdata_neid             ----- model: gp_multidimensional           
rot_amp         45     -1.090148 [  -10.0000,    10.0000]
con_amp         46     -0.236773 [  -20.0000,    20.0000]

----- dataset:  Contrastdata_expres
jitter_0        47    182.050582 [    1.3000, 13000.0000]
offset_0        48  -349479.760518 [-359831.0100, -338852.3247]

----- dataset: Contrastdata_expres       ----- model: gp_multidimensional           
rot_amp         49      8.104125 [  -10.0000,    10.0000]
con_amp         50    -19.962055 [  -20.0000,    20.0000]

----- dataset:  Contrastdata_harps
jitter_0        51    116.385607 [    1.3000, 13000.0000]
offset_0        52  -453776.057269 [-464256.3172, -409348.3188]
offset_1        53  -419712.720324 [-464256.3172, -409348.3188]

----- dataset: Contrastdata_harps        ----- model: gp_multidimensional           
rot_amp         54     -8.931107 [  -10.0000,    10.0000]
con_amp         55     19.874199 [  -20.0000,    20.0000]

----- dataset:  Contrastdata_neid
jitter_0        56     21.953191 [    1.3000, 13000.0000]
offset_0        57  -359599.271653 [-369967.1260, -349330.7806]

----- dataset: Contrastdata_neid         ----- model: gp_multidimensional           
rot_amp         58      9.453063 [  -10.0000,    10.0000]
con_amp         59    -19.746525 [  -20.0000,    20.0000]

----- dataset:  Halphadata_expres
jitter_0        60      0.000019 [    0.0000,     0.1000]
offset_0        61      0.172094 [-9999.8288, 10000.1728]

----- dataset: Halphadata_expres         ----- model: gp_multidimensional           
rot_amp         62      0.000499 [  -10.0000,    10.0000]
con_amp         63      0.000099 [  -20.0000,    20.0000]

----- dataset:  Halphadata_harps
jitter_0        64      0.000481 [    0.0000,     0.1000]
offset_0        65      0.174674 [-9999.8279, 10000.1787]
offset_1        66      0.173889 [-9999.8279, 10000.1787]

----- dataset: Halphadata_harps          ----- model: gp_multidimensional           
rot_amp         67     -0.002096 [  -10.0000,    10.0000]
con_amp         68      0.000023 [  -20.0000,    20.0000]

----- dataset:  Halphadata_neid
jitter_0        69      0.000017 [    0.0000,     0.1000]
offset_0        70      0.171184 [-9999.8297, 10000.1722]

----- dataset: Halphadata_neid           ----- model: gp_multidimensional           
rot_amp         71      0.000682 [  -10.0000,    10.0000]
con_amp         72     -0.000087 [  -20.0000,    20.0000]

----- dataset:  CaIIdata_expres
jitter_0        73      0.001430 [    0.0000,     0.3000]
offset_0        74      0.100452 [-9999.9071, 10000.1079]

----- dataset: CaIIdata_expres           ----- model: gp_multidimensional           
rot_amp         75      0.001395 [  -10.0000,    10.0000]
con_amp         76     -0.000681 [  -20.0000,    20.0000]

----- dataset:  CaIIdata_harps
jitter_0        77      0.000114 [    0.0000,     0.3000]
offset_0        78      0.104356 [-9999.9033, 10000.1089]
offset_1        79      0.103586 [-9999.9033, 10000.1089]

----- dataset: CaIIdata_harps            ----- model: gp_multidimensional           
rot_amp         80     -0.001590 [  -10.0000,    10.0000]
con_amp         81     -0.000101 [  -20.0000,    20.0000]

----- dataset:  CaIIdata_neid
jitter_0        82      0.000058 [    0.0000,     0.3000]
offset_0        83      0.099553 [-9999.9014, 10000.1002]

----- dataset: CaIIdata_neid             ----- model: gp_multidimensional           
rot_amp         84      0.001148 [  -10.0000,    10.0000]
con_amp         85     -0.000228 [  -20.0000,    20.0000]

----- common model:  b
P                0      6.643714 [    0.3785,     6.6439]
K                1      2.284064 [   -9.9658,     3.3219]
sre_coso         2      0.240833 [   -1.0000,     1.0000]
sre_sino         3     -0.566982 [   -1.0000,     1.0000]
mean_long        4    317.435447 [  137.5172,   497.5172]

----- common model:  activity
Prot             5     28.243283 [   20.0000,    35.0000]
Pdec             6     30.003469 [   30.0000,  1000.0000]
Oamp             7     -1.511358 [   -6.6439,     0.0000]

----- common model:  star_parameters

====================================================================================================
     Statistics on the model parameters obtained from the posteriors samples     
====================================================================================================

----- dataset:  RVdata_expres
jitter_0              0.972373 
offset_0              1.777799 


----- dataset: RVdata_expres             ----- model: gp_multidimensional           
rot_amp               6.572297 
con_amp               1.644532 

----- dataset:  RVdata_harps
jitter_0              1.283712 
offset_0              2.220280 
offset_1              3.144957 


----- dataset: RVdata_harps              ----- model: gp_multidimensional           
rot_amp               3.962314 
con_amp               0.438834 

----- dataset:  RVdata_neid
jitter_0              1.186729 
offset_0              2.697090 


----- dataset: RVdata_neid               ----- model: gp_multidimensional           
rot_amp               4.718167 
con_amp               0.951794 

----- dataset:  BISdata_expres
jitter_0              1.666328 
offset_0            -54.583329 


----- dataset: BISdata_expres            ----- model: gp_multidimensional           
rot_amp               0.619830 
con_amp               1.677822 

----- dataset:  BISdata_harps
jitter_0              1.584229 
offset_0            -45.202582 
offset_1            -35.628400 


----- dataset: BISdata_harps             ----- model: gp_multidimensional           
rot_amp              -0.757948 
con_amp               0.167311 

----- dataset:  BISdata_neid
jitter_0              1.249692 
offset_0            -46.792892 


----- dataset: BISdata_neid              ----- model: gp_multidimensional           
rot_amp              -1.126488 
con_amp              -0.188891 

----- dataset:  FWHMdata_expres
jitter_0              0.127300 
offset_0           6776.301567 


----- dataset: FWHMdata_expres           ----- model: gp_multidimensional           
rot_amp              -2.113608 
con_amp              -4.294841 

----- dataset:  FWHMdata_harps
jitter_0              0.093159 
offset_0           6917.462232 
offset_1           7171.722422 


----- dataset: FWHMdata_harps            ----- model: gp_multidimensional           
rot_amp               1.631146 
con_amp               0.337314 

----- dataset:  FWHMdata_neid
jitter_0              0.114712 
offset_0           6956.861342 


----- dataset: FWHMdata_neid             ----- model: gp_multidimensional           
rot_amp              -1.090148 
con_amp              -0.236773 

----- dataset:  Contrastdata_expres
jitter_0            182.050582 
offset_0        -349479.760518 


----- dataset: Contrastdata_expres       ----- model: gp_multidimensional           
rot_amp               8.104125 
con_amp             -19.962055 

----- dataset:  Contrastdata_harps
jitter_0            116.385607 
offset_0        -453776.057269 
offset_1        -419712.720324 


----- dataset: Contrastdata_harps        ----- model: gp_multidimensional           
rot_amp              -8.931107 
con_amp              19.874199 

----- dataset:  Contrastdata_neid
jitter_0             21.953191 
offset_0        -359599.271653 


----- dataset: Contrastdata_neid         ----- model: gp_multidimensional           
rot_amp               9.453063 
con_amp             -19.746525 

----- dataset:  Halphadata_expres
jitter_0              0.000019 
offset_0              0.172094 


----- dataset: Halphadata_expres         ----- model: gp_multidimensional           
rot_amp               0.000499 
con_amp               0.000099 

----- dataset:  Halphadata_harps
jitter_0              0.000481 
offset_0              0.174674 
offset_1              0.173889 


----- dataset: Halphadata_harps          ----- model: gp_multidimensional           
rot_amp              -0.002096 
con_amp               0.000023 

----- dataset:  Halphadata_neid
jitter_0              0.000017 
offset_0              0.171184 


----- dataset: Halphadata_neid           ----- model: gp_multidimensional           
rot_amp               0.000682 
con_amp              -0.000087 

----- dataset:  CaIIdata_expres
jitter_0              0.001430 
offset_0              0.100452 


----- dataset: CaIIdata_expres           ----- model: gp_multidimensional           
rot_amp               0.001395 
con_amp              -0.000681 

----- dataset:  CaIIdata_harps
jitter_0              0.000114 
offset_0              0.104356 
offset_1              0.103586 


----- dataset: CaIIdata_harps            ----- model: gp_multidimensional           
rot_amp              -0.001590 
con_amp              -0.000101 

----- dataset:  CaIIdata_neid
jitter_0              0.000058 
offset_0              0.099553 


----- dataset: CaIIdata_neid             ----- model: gp_multidimensional           
rot_amp               0.001148 
con_amp              -0.000228 

----- common model:  b
P                    99.990128 
K                     4.870482 
mean_long           317.435447 
e                     0.379469 
omega               -66.985969 

----- common model:  activity
Prot                 28.243283 
Pdec                 30.003469 
Oamp                  0.350781 

----- common model:  star_parameters

====================================================================================================
     Statistics on the derived parameters obtained from the posteriors samples     
====================================================================================================

----- common model:  b
Inclination fixed to 90 deg!
a_Rs                 90.619327 
M_Mj                  0.102894 
M_Me                 32.709458 
Tc                59365.175896 
a_AU_(M)              0.421619 
a_AU_(rho,R)          0.421604 


====================================================================================================
     ------------------------------------------------------------------------------------------     
====================================================================================================



****************************************************************************************************

 Parameters corresponding to the sample closest to the median values ( -1351.47132859567 )

====================================================================================================
     Statistics on the posterior of the sampler parameters     
====================================================================================================

----- dataset:  RVdata_expres
jitter_0         8      0.965811 [    0.0010,    11.5000]
offset_0         9      1.851052 [-10006.2420, 10010.4100]

----- dataset: RVdata_expres             ----- model: gp_multidimensional           
rot_amp         10      9.320615 [    0.0000,    10.0000]
con_amp         11      3.948289 [  -20.0000,    20.0000]

----- dataset:  RVdata_harps
jitter_0        12      1.341489 [    0.0009,    13.3000]
offset_0        13      2.421628 [-10005.4343, 10010.2475]
offset_1        14      2.737678 [-10005.4343, 10010.2475]

----- dataset: RVdata_harps              ----- model: gp_multidimensional           
rot_amp         15      5.331295 [    0.0000,    10.0000]
con_amp         16      0.727720 [  -20.0000,    20.0000]

----- dataset:  RVdata_neid
jitter_0        17      1.341071 [    0.0010,    12.2000]
offset_0        18      3.034669 [-10005.9046, 10009.8774]

----- dataset: RVdata_neid               ----- model: gp_multidimensional           
rot_amp         19      8.000011 [    0.0000,    10.0000]
con_amp         20      1.806801 [  -20.0000,    20.0000]

----- dataset:  BISdata_expres
jitter_0        21      1.466158 [    0.0095,    95.0000]
offset_0        22    -54.480661 [-10061.4500,  9948.9833]

----- dataset: BISdata_expres            ----- model: gp_multidimensional           
rot_amp         23     -2.116716 [  -10.0000,    10.0000]
con_amp         24      3.937024 [  -20.0000,    20.0000]

----- dataset:  BISdata_harps
jitter_0        25      1.450064 [    0.0095,    95.0000]
offset_0        26    -45.460103 [-10050.8667,  9968.4000]
offset_1        27    -35.282015 [-10050.8667,  9968.4000]

----- dataset: BISdata_harps             ----- model: gp_multidimensional           
rot_amp         28     -3.779540 [  -10.0000,    10.0000]
con_amp         29      0.378986 [  -20.0000,    20.0000]

----- dataset:  BISdata_neid
jitter_0        30      1.330023 [    0.0095,    95.0000]
offset_0        31    -46.929833 [-10050.7833,  9957.4667]

----- dataset: BISdata_neid              ----- model: gp_multidimensional           
rot_amp         32     -3.863196 [  -10.0000,    10.0000]
con_amp         33      0.755730 [  -20.0000,    20.0000]

----- dataset:  FWHMdata_expres
jitter_0        34      0.481891 [    0.0500,   500.0000]
offset_0        35   6775.983814 [-3233.0765, 16789.6022]

----- dataset: FWHMdata_expres           ----- model: gp_multidimensional           
rot_amp         36     -4.529685 [  -10.0000,    10.0000]
con_amp         37     -8.653518 [  -20.0000,    20.0000]

----- dataset:  FWHMdata_harps
jitter_0        38      0.098248 [    0.0500,   500.0000]
offset_0        39   6917.331537 [-3088.5511, 17176.1921]
offset_1        40   7171.081152 [-3088.5511, 17176.1921]

----- dataset: FWHMdata_harps            ----- model: gp_multidimensional           
rot_amp         41     -3.580775 [  -10.0000,    10.0000]
con_amp         42      2.682234 [  -20.0000,    20.0000]

----- dataset:  FWHMdata_neid
jitter_0        43      0.223249 [    0.0500,   500.0000]
offset_0        44   6957.436410 [-3049.2667, 16964.4316]

----- dataset: FWHMdata_neid             ----- model: gp_multidimensional           
rot_amp         45     -3.627370 [  -10.0000,    10.0000]
con_amp         46      1.013355 [  -20.0000,    20.0000]

----- dataset:  Contrastdata_expres
jitter_0        47    195.853412 [    1.3000, 13000.0000]
offset_0        48  -349509.076312 [-359831.0100, -338852.3247]

----- dataset: Contrastdata_expres       ----- model: gp_multidimensional           
rot_amp         49     -3.051060 [  -10.0000,    10.0000]
con_amp         50    -18.504654 [  -20.0000,    20.0000]

----- dataset:  Contrastdata_harps
jitter_0        51    115.761878 [    1.3000, 13000.0000]
offset_0        52  -453777.189628 [-464256.3172, -409348.3188]
offset_1        53  -419678.881749 [-464256.3172, -409348.3188]

----- dataset: Contrastdata_harps        ----- model: gp_multidimensional           
rot_amp         54     -1.115149 [  -10.0000,    10.0000]
con_amp         55     18.830961 [  -20.0000,    20.0000]

----- dataset:  Contrastdata_neid
jitter_0        56     42.906185 [    1.3000, 13000.0000]
offset_0        57  -359609.946820 [-369967.1260, -349330.7806]

----- dataset: Contrastdata_neid         ----- model: gp_multidimensional           
rot_amp         58      3.199880 [  -10.0000,    10.0000]
con_amp         59    -13.522581 [  -20.0000,    20.0000]

----- dataset:  Halphadata_expres
jitter_0        60      0.000073 [    0.0000,     0.1000]
offset_0        61      0.172153 [-9999.8288, 10000.1728]

----- dataset: Halphadata_expres         ----- model: gp_multidimensional           
rot_amp         62      0.000045 [  -10.0000,    10.0000]
con_amp         63      0.000653 [  -20.0000,    20.0000]

----- dataset:  Halphadata_harps
jitter_0        64      0.000362 [    0.0000,     0.1000]
offset_0        65      0.174668 [-9999.8279, 10000.1787]
offset_1        66      0.173711 [-9999.8279, 10000.1787]

----- dataset: Halphadata_harps          ----- model: gp_multidimensional           
rot_amp         67     -0.004346 [  -10.0000,    10.0000]
con_amp         68     -0.000376 [  -20.0000,    20.0000]

----- dataset:  Halphadata_neid
jitter_0        69      0.000046 [    0.0000,     0.1000]
offset_0        70      0.171236 [-9999.8297, 10000.1722]

----- dataset: Halphadata_neid           ----- model: gp_multidimensional           
rot_amp         71      0.001681 [  -10.0000,    10.0000]
con_amp         72      0.000220 [  -20.0000,    20.0000]

----- dataset:  CaIIdata_expres
jitter_0        73      0.002164 [    0.0000,     0.3000]
offset_0        74      0.100443 [-9999.9071, 10000.1079]

----- dataset: CaIIdata_expres           ----- model: gp_multidimensional           
rot_amp         75      0.008599 [  -10.0000,    10.0000]
con_amp         76     -0.001151 [  -20.0000,    20.0000]

----- dataset:  CaIIdata_harps
jitter_0        77      0.000425 [    0.0000,     0.3000]
offset_0        78      0.104817 [-9999.9033, 10000.1089]
offset_1        79      0.103364 [-9999.9033, 10000.1089]

----- dataset: CaIIdata_harps            ----- model: gp_multidimensional           
rot_amp         80      0.001025 [  -10.0000,    10.0000]
con_amp         81     -0.000627 [  -20.0000,    20.0000]

----- dataset:  CaIIdata_neid
jitter_0        82      0.000268 [    0.0000,     0.3000]
offset_0        83      0.099120 [-9999.9014, 10000.1002]

----- dataset: CaIIdata_neid             ----- model: gp_multidimensional           
rot_amp         84     -0.000773 [  -10.0000,    10.0000]
con_amp         85     -0.001047 [  -20.0000,    20.0000]

----- common model:  b
P                0      6.642706 [    0.3785,     6.6439]
K                1      2.302856 [   -9.9658,     3.3219]
sre_coso         2      0.256652 [   -1.0000,     1.0000]
sre_sino         3     -0.575495 [   -1.0000,     1.0000]
mean_long        4    319.468442 [  137.5172,   497.5172]

----- common model:  activity
Prot             5     28.166702 [   20.0000,    35.0000]
Pdec             6     30.108326 [   30.0000,  1000.0000]
Oamp             7     -1.473473 [   -6.6439,     0.0000]

----- common model:  star_parameters

====================================================================================================
     Statistics on the model parameters obtained from the posteriors samples     
====================================================================================================

----- dataset:  RVdata_expres
jitter_0              0.965811 
offset_0              1.851052 


----- dataset: RVdata_expres             ----- model: gp_multidimensional           
rot_amp               9.320615 
con_amp               3.948289 

----- dataset:  RVdata_harps
jitter_0              1.341489 
offset_0              2.421628 
offset_1              2.737678 


----- dataset: RVdata_harps              ----- model: gp_multidimensional           
rot_amp               5.331295 
con_amp               0.727720 

----- dataset:  RVdata_neid
jitter_0              1.341071 
offset_0              3.034669 


----- dataset: RVdata_neid               ----- model: gp_multidimensional           
rot_amp               8.000011 
con_amp               1.806801 

----- dataset:  BISdata_expres
jitter_0              1.466158 
offset_0            -54.480661 


----- dataset: BISdata_expres            ----- model: gp_multidimensional           
rot_amp              -2.116716 
con_amp               3.937024 

----- dataset:  BISdata_harps
jitter_0              1.450064 
offset_0            -45.460103 
offset_1            -35.282015 


----- dataset: BISdata_harps             ----- model: gp_multidimensional           
rot_amp              -3.779540 
con_amp               0.378986 

----- dataset:  BISdata_neid
jitter_0              1.330023 
offset_0            -46.929833 


----- dataset: BISdata_neid              ----- model: gp_multidimensional           
rot_amp              -3.863196 
con_amp               0.755730 

----- dataset:  FWHMdata_expres
jitter_0              0.481891 
offset_0           6775.983814 


----- dataset: FWHMdata_expres           ----- model: gp_multidimensional           
rot_amp              -4.529685 
con_amp              -8.653518 

----- dataset:  FWHMdata_harps
jitter_0              0.098248 
offset_0           6917.331537 
offset_1           7171.081152 


----- dataset: FWHMdata_harps            ----- model: gp_multidimensional           
rot_amp              -3.580775 
con_amp               2.682234 

----- dataset:  FWHMdata_neid
jitter_0              0.223249 
offset_0           6957.436410 


----- dataset: FWHMdata_neid             ----- model: gp_multidimensional           
rot_amp              -3.627370 
con_amp               1.013355 

----- dataset:  Contrastdata_expres
jitter_0            195.853412 
offset_0        -349509.076312 


----- dataset: Contrastdata_expres       ----- model: gp_multidimensional           
rot_amp              -3.051060 
con_amp             -18.504654 

----- dataset:  Contrastdata_harps
jitter_0            115.761878 
offset_0        -453777.189628 
offset_1        -419678.881749 


----- dataset: Contrastdata_harps        ----- model: gp_multidimensional           
rot_amp              -1.115149 
con_amp              18.830961 

----- dataset:  Contrastdata_neid
jitter_0             42.906185 
offset_0        -359609.946820 


----- dataset: Contrastdata_neid         ----- model: gp_multidimensional           
rot_amp               3.199880 
con_amp             -13.522581 

----- dataset:  Halphadata_expres
jitter_0              0.000073 
offset_0              0.172153 


----- dataset: Halphadata_expres         ----- model: gp_multidimensional           
rot_amp               0.000045 
con_amp               0.000653 

----- dataset:  Halphadata_harps
jitter_0              0.000362 
offset_0              0.174668 
offset_1              0.173711 


----- dataset: Halphadata_harps          ----- model: gp_multidimensional           
rot_amp              -0.004346 
con_amp              -0.000376 

----- dataset:  Halphadata_neid
jitter_0              0.000046 
offset_0              0.171236 


----- dataset: Halphadata_neid           ----- model: gp_multidimensional           
rot_amp               0.001681 
con_amp               0.000220 

----- dataset:  CaIIdata_expres
jitter_0              0.002164 
offset_0              0.100443 


----- dataset: CaIIdata_expres           ----- model: gp_multidimensional           
rot_amp               0.008599 
con_amp              -0.001151 

----- dataset:  CaIIdata_harps
jitter_0              0.000425 
offset_0              0.104817 
offset_1              0.103364 


----- dataset: CaIIdata_harps            ----- model: gp_multidimensional           
rot_amp               0.001025 
con_amp              -0.000627 

----- dataset:  CaIIdata_neid
jitter_0              0.000268 
offset_0              0.099120 


----- dataset: CaIIdata_neid             ----- model: gp_multidimensional           
rot_amp              -0.000773 
con_amp              -0.001047 

----- common model:  b
P                    99.920310 
K                     4.934338 
mean_long           319.468442 
e                     0.397065 
omega               -65.964673 

----- common model:  activity
Prot                 28.166702 
Pdec                 30.108326 
Oamp                  0.360114 

----- common model:  star_parameters

====================================================================================================
     Statistics on the derived parameters obtained from the posteriors samples     
====================================================================================================

----- common model:  b
Inclination fixed to 90 deg!
a_Rs                 90.577165 
M_Mj                  0.103384 
M_Me                 32.865061 
Tc                59363.930909 
a_AU_(M)              0.421422 
a_AU_(rho,R)          0.421407 


====================================================================================================
     ------------------------------------------------------------------------------------------     
====================================================================================================



****************************************************************************************************

Inclination fixed to 90 deg!
Note: stellar density derived from stellar mass and radius

Inclination fixed to 90 deg!
Inclination fixed to 90 deg!
 Plot FLAT chain 

****************************************************************************************************

 Skipping full correlation plot due to the high number of parameters
 To avoid this behaviour, set the keyword parameters:force_full_correlation_plot to True

****************************************************************************************************

 Plotting the chains... 

****************************************************************************************************

 Plotting the Gelman-Rubin traces... 

     Gelman-Rubin:     8     1.115275 RVdata_expres_jitter_0 
     Gelman-Rubin:     9     1.521513 RVdata_expres_offset_0 
     Gelman-Rubin:    10     1.157173 RVdata_expres_gp_multidimensional_rot_amp 
     Gelman-Rubin:    11     1.104696 RVdata_expres_gp_multidimensional_con_amp 
     Gelman-Rubin:    12     1.137750 RVdata_harps_jitter_0 
     Gelman-Rubin:    13     1.411314 RVdata_harps_offset_0 
     Gelman-Rubin:    14     1.357166 RVdata_harps_offset_1 
     Gelman-Rubin:    15     1.110193 RVdata_harps_gp_multidimensional_rot_amp 
     Gelman-Rubin:    16     1.163915 RVdata_harps_gp_multidimensional_con_amp 
     Gelman-Rubin:    17     1.118888 RVdata_neid_jitter_0 
     Gelman-Rubin:    18     1.499025 RVdata_neid_offset_0 
     Gelman-Rubin:    19     1.109298 RVdata_neid_gp_multidimensional_rot_amp 
     Gelman-Rubin:    20     1.121083 RVdata_neid_gp_multidimensional_con_amp 
     Gelman-Rubin:    21     1.108228 BISdata_expres_jitter_0 
     Gelman-Rubin:    22     1.507444 BISdata_expres_offset_0 
     Gelman-Rubin:    23     1.104636 BISdata_expres_gp_multidimensional_rot_amp 
     Gelman-Rubin:    24     1.089776 BISdata_expres_gp_multidimensional_con_amp 
     Gelman-Rubin:    25     1.112815 BISdata_harps_jitter_0 
     Gelman-Rubin:    26     1.264663 BISdata_harps_offset_0 
     Gelman-Rubin:    27     1.194760 BISdata_harps_offset_1 
     Gelman-Rubin:    28     1.094789 BISdata_harps_gp_multidimensional_rot_amp 
     Gelman-Rubin:    29     1.174682 BISdata_harps_gp_multidimensional_con_amp 
     Gelman-Rubin:    30     1.114932 BISdata_neid_jitter_0 
     Gelman-Rubin:    31     1.247754 BISdata_neid_offset_0 
     Gelman-Rubin:    32     1.121830 BISdata_neid_gp_multidimensional_rot_amp 
     Gelman-Rubin:    33     1.161496 BISdata_neid_gp_multidimensional_con_amp 
     Gelman-Rubin:    34     1.115583 FWHMdata_expres_jitter_0 
     Gelman-Rubin:    35     1.514017 FWHMdata_expres_offset_0 
     Gelman-Rubin:    36     1.117048 FWHMdata_expres_gp_multidimensional_rot_amp 
     Gelman-Rubin:    37     1.091755 FWHMdata_expres_gp_multidimensional_con_amp 
     Gelman-Rubin:    38     1.109720 FWHMdata_harps_jitter_0 
     Gelman-Rubin:    39     1.215979 FWHMdata_harps_offset_0 
     Gelman-Rubin:    40     1.180002 FWHMdata_harps_offset_1 
     Gelman-Rubin:    41     1.128425 FWHMdata_harps_gp_multidimensional_rot_amp 
     Gelman-Rubin:    42     1.173654 FWHMdata_harps_gp_multidimensional_con_amp 
     Gelman-Rubin:    43     1.116683 FWHMdata_neid_jitter_0 
     Gelman-Rubin:    44     1.206482 FWHMdata_neid_offset_0 
     Gelman-Rubin:    45     1.135805 FWHMdata_neid_gp_multidimensional_rot_amp 
     Gelman-Rubin:    46     1.196170 FWHMdata_neid_gp_multidimensional_con_amp 
     Gelman-Rubin:    47     1.108751 Contrastdata_expres_jitter_0 
     Gelman-Rubin:    48     1.137028 Contrastdata_expres_offset_0 
     Gelman-Rubin:    49     1.102615 Contrastdata_expres_gp_multidimensional_rot_amp 
     Gelman-Rubin:    50     1.065191 Contrastdata_expres_gp_multidimensional_con_amp 
     Gelman-Rubin:    51     1.108182 Contrastdata_harps_jitter_0 
     Gelman-Rubin:    52     1.131834 Contrastdata_harps_offset_0 
     Gelman-Rubin:    53     1.124531 Contrastdata_harps_offset_1 
     Gelman-Rubin:    54     1.083542 Contrastdata_harps_gp_multidimensional_rot_amp 
     Gelman-Rubin:    55     1.072723 Contrastdata_harps_gp_multidimensional_con_amp 
     Gelman-Rubin:    56     1.109932 Contrastdata_neid_jitter_0 
     Gelman-Rubin:    57     1.129935 Contrastdata_neid_offset_0 
     Gelman-Rubin:    58     1.082910 Contrastdata_neid_gp_multidimensional_rot_amp 
     Gelman-Rubin:    59     1.100453 Contrastdata_neid_gp_multidimensional_con_amp 
     Gelman-Rubin:    60     1.118528 Halphadata_expres_jitter_0 
     Gelman-Rubin:    61     1.283146 Halphadata_expres_offset_0 
     Gelman-Rubin:    62     1.129141 Halphadata_expres_gp_multidimensional_rot_amp 
     Gelman-Rubin:    63     1.148611 Halphadata_expres_gp_multidimensional_con_amp 
     Gelman-Rubin:    64     1.114780 Halphadata_harps_jitter_0 
     Gelman-Rubin:    65     1.256346 Halphadata_harps_offset_0 
     Gelman-Rubin:    66     1.192629 Halphadata_harps_offset_1 
     Gelman-Rubin:    67     1.115691 Halphadata_harps_gp_multidimensional_rot_amp 
     Gelman-Rubin:    68     1.166417 Halphadata_harps_gp_multidimensional_con_amp 
     Gelman-Rubin:    69     1.130840 Halphadata_neid_jitter_0 
     Gelman-Rubin:    70     1.190425 Halphadata_neid_offset_0 
     Gelman-Rubin:    71     1.141736 Halphadata_neid_gp_multidimensional_rot_amp 
     Gelman-Rubin:    72     1.176345 Halphadata_neid_gp_multidimensional_con_amp 
     Gelman-Rubin:    73     1.140218 CaIIdata_expres_jitter_0 
     Gelman-Rubin:    74     1.324127 CaIIdata_expres_offset_0 
     Gelman-Rubin:    75     1.121201 CaIIdata_expres_gp_multidimensional_rot_amp 
     Gelman-Rubin:    76     1.171196 CaIIdata_expres_gp_multidimensional_con_amp 
     Gelman-Rubin:    77     1.106296 CaIIdata_harps_jitter_0 
     Gelman-Rubin:    78     1.220490 CaIIdata_harps_offset_0 
     Gelman-Rubin:    79     1.189855 CaIIdata_harps_offset_1 
     Gelman-Rubin:    80     1.139568 CaIIdata_harps_gp_multidimensional_rot_amp 
     Gelman-Rubin:    81     1.195976 CaIIdata_harps_gp_multidimensional_con_amp 
     Gelman-Rubin:    82     1.111672 CaIIdata_neid_jitter_0 
     Gelman-Rubin:    83     1.204966 CaIIdata_neid_offset_0 
     Gelman-Rubin:    84     1.126740 CaIIdata_neid_gp_multidimensional_rot_amp 
     Gelman-Rubin:    85     1.195713 CaIIdata_neid_gp_multidimensional_con_amp 
     Gelman-Rubin:     0     1.076586 b_P 
     Gelman-Rubin:     1     1.220832 b_K 
     Gelman-Rubin:     2     1.223219 b_sre_coso 
     Gelman-Rubin:     3     1.150326 b_sre_sino 
     Gelman-Rubin:     4     1.183518 b_mean_long 
     Gelman-Rubin:     5     1.121420 activity_Prot 
     Gelman-Rubin:     6     1.055357 activity_Pdec 
     Gelman-Rubin:     7     1.093781 activity_Oamp 

****************************************************************************************************

Plotting the common models corner plots
     Common model:  b
     Common model:  activity
     Common model:  star_parameters

****************************************************************************************************

Plotting the dataset + models corner plots 

     Dataset:  RVdata_expres     model:  gp_multidimensional  corner plot  starting 
     Dataset:  RVdata_expres     model:  gp_multidimensional  corner plot  done 
     Dataset:  RVdata_expres     model:  radial_velocities_b  corner plot  starting 
     Dataset:  RVdata_expres     model:  radial_velocities_b  corner plot  done 
     Dataset:  RVdata_harps     model:  gp_multidimensional  corner plot  starting 
     Dataset:  RVdata_harps     model:  gp_multidimensional  corner plot  done 
     Dataset:  RVdata_harps     model:  radial_velocities_b  corner plot  starting 
     Dataset:  RVdata_harps     model:  radial_velocities_b  corner plot  done 
     Dataset:  RVdata_neid     model:  gp_multidimensional  corner plot  starting 
     Dataset:  RVdata_neid     model:  gp_multidimensional  corner plot  done 
     Dataset:  RVdata_neid     model:  radial_velocities_b  corner plot  starting 
     Dataset:  RVdata_neid     model:  radial_velocities_b  corner plot  done 
     Dataset:  BISdata_expres     model:  gp_multidimensional  corner plot  starting 
     Dataset:  BISdata_expres     model:  gp_multidimensional  corner plot  done 
     Dataset:  BISdata_harps     model:  gp_multidimensional  corner plot  starting 
     Dataset:  BISdata_harps     model:  gp_multidimensional  corner plot  done 
     Dataset:  BISdata_neid     model:  gp_multidimensional  corner plot  starting 
     Dataset:  BISdata_neid     model:  gp_multidimensional  corner plot  done 
     Dataset:  FWHMdata_expres     model:  gp_multidimensional  corner plot  starting 
     Dataset:  FWHMdata_expres     model:  gp_multidimensional  corner plot  done 
     Dataset:  FWHMdata_harps     model:  gp_multidimensional  corner plot  starting 
     Dataset:  FWHMdata_harps     model:  gp_multidimensional  corner plot  done 
     Dataset:  FWHMdata_neid     model:  gp_multidimensional  corner plot  starting 
     Dataset:  FWHMdata_neid     model:  gp_multidimensional  corner plot  done 
     Dataset:  Contrastdata_expres     model:  gp_multidimensional  corner plot  starting 
     Dataset:  Contrastdata_expres     model:  gp_multidimensional  corner plot  done 
     Dataset:  Contrastdata_harps     model:  gp_multidimensional  corner plot  starting 
     Dataset:  Contrastdata_harps     model:  gp_multidimensional  corner plot  done 
     Dataset:  Contrastdata_neid     model:  gp_multidimensional  corner plot  starting 
     Dataset:  Contrastdata_neid     model:  gp_multidimensional  corner plot  done 
     Dataset:  Halphadata_expres     model:  gp_multidimensional  corner plot  starting 
     Dataset:  Halphadata_expres     model:  gp_multidimensional  corner plot  done 
     Dataset:  Halphadata_harps     model:  gp_multidimensional  corner plot  starting 
     Dataset:  Halphadata_harps     model:  gp_multidimensional  corner plot  done 
     Dataset:  Halphadata_neid     model:  gp_multidimensional  corner plot  starting 
     Dataset:  Halphadata_neid     model:  gp_multidimensional  corner plot  done 
     Dataset:  CaIIdata_expres     model:  gp_multidimensional  corner plot  starting 
     Dataset:  CaIIdata_expres     model:  gp_multidimensional  corner plot  done 
     Dataset:  CaIIdata_harps     model:  gp_multidimensional  corner plot  starting 
     Dataset:  CaIIdata_harps     model:  gp_multidimensional  corner plot  done 
     Dataset:  CaIIdata_neid     model:  gp_multidimensional  corner plot  starting 
     Dataset:  CaIIdata_neid     model:  gp_multidimensional  corner plot  done 

****************************************************************************************************

 Saving the planet parameter samplings to files (with plots)

****************************************************************************************************

 Saving all the parameter samplings to files (with plots)

****************************************************************************************************

 Computing the models for plot/data writing 
     Splitting the plot array to allow GP prediction of extended datasets, it may take a while...
     # 21 chunks of 93 times each
     Check the documentation if the code is taking too long or if it crashes...
     Splitting the plot array to allow GP prediction of extended datasets, it may take a while...
     # 21 chunks of 93 times each
     Check the documentation if the code is taking too long or if it crashes...
     Splitting the plot array to allow GP prediction of extended datasets, it may take a while...
     # 21 chunks of 93 times each
     Check the documentation if the code is taking too long or if it crashes...
     Splitting the plot array to allow GP prediction of extended datasets, it may take a while...
     # 15 chunks of 93 times each
     Check the documentation if the code is taking too long or if it crashes...
     Splitting the plot array to allow GP prediction of extended datasets, it may take a while...
     # 15 chunks of 93 times each
     Check the documentation if the code is taking too long or if it crashes...
     Splitting the plot array to allow GP prediction of extended datasets, it may take a while...
     # 13 chunks of 93 times each
     Check the documentation if the code is taking too long or if it crashes...
     Splitting the plot array to allow GP prediction of extended datasets, it may take a while...
     # 15 chunks of 93 times each
     Check the documentation if the code is taking too long or if it crashes...
     Splitting the plot array to allow GP prediction of extended datasets, it may take a while...
     # 15 chunks of 93 times each
     Check the documentation if the code is taking too long or if it crashes...
     Splitting the plot array to allow GP prediction of extended datasets, it may take a while...
     # 13 chunks of 93 times each
     Check the documentation if the code is taking too long or if it crashes...
     Splitting the plot array to allow GP prediction of extended datasets, it may take a while...
     # 15 chunks of 93 times each
     Check the documentation if the code is taking too long or if it crashes...
     Splitting the plot array to allow GP prediction of extended datasets, it may take a while...
     # 15 chunks of 93 times each
     Check the documentation if the code is taking too long or if it crashes...
     Splitting the plot array to allow GP prediction of extended datasets, it may take a while...
     # 13 chunks of 93 times each
     Check the documentation if the code is taking too long or if it crashes...
     Splitting the plot array to allow GP prediction of extended datasets, it may take a while...
     # 15 chunks of 93 times each
     Check the documentation if the code is taking too long or if it crashes...
     Splitting the plot array to allow GP prediction of extended datasets, it may take a while...
     # 15 chunks of 93 times each
     Check the documentation if the code is taking too long or if it crashes...
     Splitting the plot array to allow GP prediction of extended datasets, it may take a while...
     # 13 chunks of 93 times each
     Check the documentation if the code is taking too long or if it crashes...
     Splitting the plot array to allow GP prediction of extended datasets, it may take a while...
     # 15 chunks of 93 times each
     Check the documentation if the code is taking too long or if it crashes...
     Splitting the plot array to allow GP prediction of extended datasets, it may take a while...
     # 15 chunks of 93 times each
     Check the documentation if the code is taking too long or if it crashes...
     Splitting the plot array to allow GP prediction of extended datasets, it may take a while...
     # 13 chunks of 93 times each
     Check the documentation if the code is taking too long or if it crashes...
     Splitting the plot array to allow GP prediction of extended datasets, it may take a while...
     # 21 chunks of 93 times each
     Check the documentation if the code is taking too long or if it crashes...
     Splitting the plot array to allow GP prediction of extended datasets, it may take a while...
     # 21 chunks of 93 times each
     Check the documentation if the code is taking too long or if it crashes...
     Splitting the plot array to allow GP prediction of extended datasets, it may take a while...
     # 21 chunks of 93 times each
     Check the documentation if the code is taking too long or if it crashes...
     Splitting the plot array to allow GP prediction of extended datasets, it may take a while...
     # 15 chunks of 93 times each
     Check the documentation if the code is taking too long or if it crashes...
     Splitting the plot array to allow GP prediction of extended datasets, it may take a while...
     # 15 chunks of 93 times each
     Check the documentation if the code is taking too long or if it crashes...
     Splitting the plot array to allow GP prediction of extended datasets, it may take a while...
     # 13 chunks of 93 times each
     Check the documentation if the code is taking too long or if it crashes...
     Splitting the plot array to allow GP prediction of extended datasets, it may take a while...
     # 15 chunks of 93 times each
     Check the documentation if the code is taking too long or if it crashes...
     Splitting the plot array to allow GP prediction of extended datasets, it may take a while...
     # 15 chunks of 93 times each
     Check the documentation if the code is taking too long or if it crashes...
     Splitting the plot array to allow GP prediction of extended datasets, it may take a while...
     # 13 chunks of 93 times each
     Check the documentation if the code is taking too long or if it crashes...
     Splitting the plot array to allow GP prediction of extended datasets, it may take a while...
     # 15 chunks of 93 times each
     Check the documentation if the code is taking too long or if it crashes...
     Splitting the plot array to allow GP prediction of extended datasets, it may take a while...
     # 15 chunks of 93 times each
     Check the documentation if the code is taking too long or if it crashes...
     Splitting the plot array to allow GP prediction of extended datasets, it may take a while...
     # 13 chunks of 93 times each
     Check the documentation if the code is taking too long or if it crashes...
     Splitting the plot array to allow GP prediction of extended datasets, it may take a while...
     # 15 chunks of 93 times each
     Check the documentation if the code is taking too long or if it crashes...
     Splitting the plot array to allow GP prediction of extended datasets, it may take a while...
     # 15 chunks of 93 times each
     Check the documentation if the code is taking too long or if it crashes...
     Splitting the plot array to allow GP prediction of extended datasets, it may take a while...
     # 13 chunks of 93 times each
     Check the documentation if the code is taking too long or if it crashes...
     Splitting the plot array to allow GP prediction of extended datasets, it may take a while...
     # 15 chunks of 93 times each
     Check the documentation if the code is taking too long or if it crashes...
     Splitting the plot array to allow GP prediction of extended datasets, it may take a while...
     # 15 chunks of 93 times each
     Check the documentation if the code is taking too long or if it crashes...
     Splitting the plot array to allow GP prediction of extended datasets, it may take a while...
     # 13 chunks of 93 times each
     Check the documentation if the code is taking too long or if it crashes...
     Splitting the plot array to allow GP prediction of extended datasets, it may take a while...
     # 21 chunks of 93 times each
     Check the documentation if the code is taking too long or if it crashes...
     Splitting the plot array to allow GP prediction of extended datasets, it may take a while...
     # 21 chunks of 93 times each
     Check the documentation if the code is taking too long or if it crashes...
     Splitting the plot array to allow GP prediction of extended datasets, it may take a while...
     # 21 chunks of 93 times each
     Check the documentation if the code is taking too long or if it crashes...
     Splitting the plot array to allow GP prediction of extended datasets, it may take a while...
     # 15 chunks of 93 times each
     Check the documentation if the code is taking too long or if it crashes...
     Splitting the plot array to allow GP prediction of extended datasets, it may take a while...
     # 15 chunks of 93 times each
     Check the documentation if the code is taking too long or if it crashes...
     Splitting the plot array to allow GP prediction of extended datasets, it may take a while...
     # 13 chunks of 93 times each
     Check the documentation if the code is taking too long or if it crashes...
     Splitting the plot array to allow GP prediction of extended datasets, it may take a while...
     # 15 chunks of 93 times each
     Check the documentation if the code is taking too long or if it crashes...
     Splitting the plot array to allow GP prediction of extended datasets, it may take a while...
     # 15 chunks of 93 times each
     Check the documentation if the code is taking too long or if it crashes...
     Splitting the plot array to allow GP prediction of extended datasets, it may take a while...
     # 13 chunks of 93 times each
     Check the documentation if the code is taking too long or if it crashes...
     Splitting the plot array to allow GP prediction of extended datasets, it may take a while...
     # 15 chunks of 93 times each
     Check the documentation if the code is taking too long or if it crashes...
     Splitting the plot array to allow GP prediction of extended datasets, it may take a while...
     # 15 chunks of 93 times each
     Check the documentation if the code is taking too long or if it crashes...
     Splitting the plot array to allow GP prediction of extended datasets, it may take a while...
     # 13 chunks of 93 times each
     Check the documentation if the code is taking too long or if it crashes...
     Splitting the plot array to allow GP prediction of extended datasets, it may take a while...
     # 15 chunks of 93 times each
     Check the documentation if the code is taking too long or if it crashes...
     Splitting the plot array to allow GP prediction of extended datasets, it may take a while...
     # 15 chunks of 93 times each
     Check the documentation if the code is taking too long or if it crashes...
     Splitting the plot array to allow GP prediction of extended datasets, it may take a while...
     # 13 chunks of 93 times each
     Check the documentation if the code is taking too long or if it crashes...
     Splitting the plot array to allow GP prediction of extended datasets, it may take a while...
     # 15 chunks of 93 times each
     Check the documentation if the code is taking too long or if it crashes...
     Splitting the plot array to allow GP prediction of extended datasets, it may take a while...
     # 15 chunks of 93 times each
     Check the documentation if the code is taking too long or if it crashes...
     Splitting the plot array to allow GP prediction of extended datasets, it may take a while...
     # 13 chunks of 93 times each
     Check the documentation if the code is taking too long or if it crashes...
 Writing the plots 
 Writing the   data files 
 Writing the  MAP_ data files 
 Writing the  sampleMED_ data files 

****************************************************************************************************

