
:::---::: PyORBIT v11.0.1 :::---:::

Python version in use:
3.10.18 (main, Jun  5 2025, 13:14:17) [GCC 11.2.0]

reloaded_optimize:  False
reloaded_pyde:  False
reloaded_emcee:  False

number of multiprocessing threads: 16
multiprocessing method (should be fork):  fork

parameters/safe_reload flag (must be True for tinygp):  False

Opening:  RVdata
Opening:  BISdata
Opening:  FWHMdata
Opening:  CaIIdata
Opening:  Halphadata

Adding common model of planet:  b
Adding common model of planet:  c
Adding common model of planet:  d
Using orbital model:  keplerian
Using orbital parametrization:  Eastman2013

Using orbital model:  keplerian
Using orbital parametrization:  Eastman2013

Using orbital model:  keplerian
Using orbital parametrization:  Eastman2013

gp_multidimensional  S+LEAF model, number of harmonics: 4

GP model: gp_multidimensional  hyperparameters_condition:    True
GP model: gp_multidimensional  rotation_decay_condition:     True

====================================================================================================
     Ids, spaces (s), boundaries (b) and priors (p) of the sampler parameters     
====================================================================================================

----- dataset:  RVdata
jitter_0      id:  18  s:Linear      b:[      0.0009,      13.3000]   p:Uniform   []
offset_0      id:  19  s:Linear      b:[  -9995.9140,   10015.5990]   p:Uniform   []
offset_1      id:  20  s:Linear      b:[  -9995.9140,   10015.5990]   p:Uniform   []
offset_2      id:  21  s:Linear      b:[  -9995.9140,   10015.5990]   p:Uniform   []
offset_3      id:  22  s:Linear      b:[  -9995.9140,   10015.5990]   p:Uniform   []

----- dataset: RVdata                    ----- model: gp_multidimensional           
rot_amp       id:  23  s:Linear      b:[      0.0000,      10.0000]   p:Uniform   []
con_amp       id:  24  s:Linear      b:[    -20.0000,      20.0000]   p:Uniform   []

----- dataset:  BISdata
jitter_0      id:  25  s:Linear      b:[      0.0095,      95.0000]   p:Uniform   []
offset_0      id:  26  s:Linear      b:[ -10078.4667,    9962.7167]   p:Uniform   []
offset_1      id:  27  s:Linear      b:[ -10078.4667,    9962.7167]   p:Uniform   []
offset_2      id:  28  s:Linear      b:[ -10078.4667,    9962.7167]   p:Uniform   []
offset_3      id:  29  s:Linear      b:[ -10078.4667,    9962.7167]   p:Uniform   []

----- dataset: BISdata                   ----- model: gp_multidimensional           
rot_amp       id:  30  s:Linear      b:[    -10.0000,      10.0000]   p:Uniform   []
con_amp       id:  31  s:Linear      b:[    -20.0000,      20.0000]   p:Uniform   []

----- dataset:  FWHMdata
jitter_0      id:  32  s:Linear      b:[      0.0500,     500.0000]   p:Uniform   []
offset_0      id:  33  s:Linear      b:[  -3316.4638,   16948.3677]   p:Uniform   []
offset_1      id:  34  s:Linear      b:[  -3316.4638,   16948.3677]   p:Uniform   []
offset_2      id:  35  s:Linear      b:[  -3316.4638,   16948.3677]   p:Uniform   []
offset_3      id:  36  s:Linear      b:[  -3316.4638,   16948.3677]   p:Uniform   []

----- dataset: FWHMdata                  ----- model: gp_multidimensional           
rot_amp       id:  37  s:Linear      b:[    -10.0000,      10.0000]   p:Uniform   []
con_amp       id:  38  s:Linear      b:[    -20.0000,      20.0000]   p:Uniform   []

----- dataset:  CaIIdata
jitter_0      id:  39  s:Linear      b:[      0.0000,       0.3000]   p:Uniform   []
offset_0      id:  40  s:Linear      b:[  -9999.9063,   10000.1099]   p:Uniform   []
offset_1      id:  41  s:Linear      b:[  -9999.9063,   10000.1099]   p:Uniform   []
offset_2      id:  42  s:Linear      b:[  -9999.9063,   10000.1099]   p:Uniform   []
offset_3      id:  43  s:Linear      b:[  -9999.9063,   10000.1099]   p:Uniform   []

----- dataset: CaIIdata                  ----- model: gp_multidimensional           
rot_amp       id:  44  s:Linear      b:[    -10.0000,      10.0000]   p:Uniform   []
con_amp       id:  45  s:Linear      b:[    -20.0000,      20.0000]   p:Uniform   []

----- dataset:  Halphadata
jitter_0      id:  46  s:Linear      b:[      0.0000,       0.1000]   p:Uniform   []
offset_0      id:  47  s:Linear      b:[  -9999.8298,   10000.1791]   p:Uniform   []
offset_1      id:  48  s:Linear      b:[  -9999.8298,   10000.1791]   p:Uniform   []
offset_2      id:  49  s:Linear      b:[  -9999.8298,   10000.1791]   p:Uniform   []
offset_3      id:  50  s:Linear      b:[  -9999.8298,   10000.1791]   p:Uniform   []

----- dataset: Halphadata                ----- model: gp_multidimensional           
rot_amp       id:  51  s:Linear      b:[    -10.0000,      10.0000]   p:Uniform   []
con_amp       id:  52  s:Linear      b:[    -20.0000,      20.0000]   p:Uniform   []

----- common model:  b
P             id:   0  s:Log_Base2   b:[      0.3785,       6.6439]   p:Uniform   []
K             id:   1  s:Log_Base2   b:[     -9.9658,       3.3219]   p:Uniform   []
sre_coso      id:   2  s:Linear      b:[     -1.0000,       1.0000]   p:Uniform   []
sre_sino      id:   3  s:Linear      b:[     -1.0000,       1.0000]   p:Uniform   []
mean_long     id:   4  s:Linear      b:[      0.0000,     360.0000]   p:Uniform   []
e             derived (no id, space, bound)                           p:Gaussian   [0.    0.098]
omega         derived (no id, space, bound)                           p:Uniform   [0.0, 360.0]

----- common model:  c
P             id:   5  s:Log_Base2   b:[      0.3785,       6.6439]   p:Uniform   []
K             id:   6  s:Log_Base2   b:[     -9.9658,       3.3219]   p:Uniform   []
sre_coso      id:   7  s:Linear      b:[     -1.0000,       1.0000]   p:Uniform   []
sre_sino      id:   8  s:Linear      b:[     -1.0000,       1.0000]   p:Uniform   []
mean_long     id:   9  s:Linear      b:[      0.0000,     360.0000]   p:Uniform   []
e             derived (no id, space, bound)                           p:Gaussian   [0.    0.098]
omega         derived (no id, space, bound)                           p:Uniform   [0.0, 360.0]

----- common model:  d
P             id:  10  s:Log_Base2   b:[      0.3785,       6.6439]   p:Uniform   []
K             id:  11  s:Log_Base2   b:[     -9.9658,       3.3219]   p:Uniform   []
sre_coso      id:  12  s:Linear      b:[     -1.0000,       1.0000]   p:Uniform   []
sre_sino      id:  13  s:Linear      b:[     -1.0000,       1.0000]   p:Uniform   []
mean_long     id:  14  s:Linear      b:[      0.0000,     360.0000]   p:Uniform   []
e             derived (no id, space, bound)                           p:Gaussian   [0.    0.098]
omega         derived (no id, space, bound)                           p:Uniform   [0.0, 360.0]

----- common model:  activity
Prot          id:  15  s:Linear      b:[     20.0000,      35.0000]   p:Gaussian   [28.   0.5]
Pdec          id:  16  s:Linear      b:[     30.0000,    1000.0000]   p:Uniform   []
Oamp          id:  17  s:Log_Base2   b:[     -6.6439,       0.0000]   p:Gaussian   [0.35  0.035]

----- common model:  star_parameters
mass          derived (no id, space, bound)                           p:Gaussian   [1.e+00 1.e-06]
radius        derived (no id, space, bound)                           p:Gaussian   [1.e+00 1.e-06]
density       derived (no id, space, bound)                           p:Gaussian   [1.e+00 1.e-06]

Include priors:  True

Reference Time Tref:  59334.700184

Dimensions =  53
Nwalkers =  212

Using threading pool for PyDE: True
PyDE running
Boundaries redefined after PyDE output
PyDE completed, it took        493.8 seconds

====================================================================================================
     Starting point of the sample/optimization routines    
====================================================================================================

----- dataset:  RVdata
jitter_0        18      1.186927 [    0.0009,    13.3000]
offset_0        19      8.713267 [-9995.9140, 10015.5990]
offset_1        20     10.830368 [-9995.9140, 10015.5990]
offset_2        21     10.084027 [-9995.9140, 10015.5990]
offset_3        22      9.712976 [-9995.9140, 10015.5990]

----- dataset: RVdata                    ----- model: gp_multidimensional           
rot_amp         23      4.382152 [    0.0000,    10.0000]
con_amp         24      0.715271 [  -20.0000,    20.0000]

----- dataset:  BISdata
jitter_0        25      1.875906 [    0.0095,    95.0000]
offset_0        26    -73.678733 [-10078.4667,  9962.7167]
offset_1        27    -43.575022 [-10078.4667,  9962.7167]
offset_2        28    -52.003342 [-10078.4667,  9962.7167]
offset_3        29    -59.587830 [-10078.4667,  9962.7167]

----- dataset: BISdata                   ----- model: gp_multidimensional           
rot_amp         30      0.298648 [  -10.0000,    10.0000]
con_amp         31      0.295964 [  -20.0000,    20.0000]

----- dataset:  FWHMdata
jitter_0        32      0.052084 [    0.0500,   500.0000]
offset_0        33   6694.283927 [-3316.4638, 16948.3677]
offset_1        34   6941.219916 [-3316.4638, 16948.3677]
offset_2        35   6857.744496 [-3316.4638, 16948.3677]
offset_3        36   6896.723333 [-3316.4638, 16948.3677]

----- dataset: FWHMdata                  ----- model: gp_multidimensional           
rot_amp         37     -0.054155 [  -10.0000,    10.0000]
con_amp         38     -3.246066 [  -20.0000,    20.0000]

----- dataset:  CaIIdata
jitter_0        39      0.000032 [    0.0000,     0.3000]
offset_0        40      0.100620 [-9999.9063, 10000.1099]
offset_1        41      0.104204 [-9999.9063, 10000.1099]
offset_2        42      0.103814 [-9999.9063, 10000.1099]
offset_3        43      0.099510 [-9999.9063, 10000.1099]

----- dataset: CaIIdata                  ----- model: gp_multidimensional           
rot_amp         44      0.000881 [  -10.0000,    10.0000]
con_amp         45      0.000189 [  -20.0000,    20.0000]

----- dataset:  Halphadata
jitter_0        46      0.000010 [    0.0000,     0.1000]
offset_0        47      0.172041 [-9999.8298, 10000.1791]
offset_1        48      0.174121 [-9999.8298, 10000.1791]
offset_2        49      0.175026 [-9999.8298, 10000.1791]
offset_3        50      0.171076 [-9999.8298, 10000.1791]

----- dataset: Halphadata                ----- model: gp_multidimensional           
rot_amp         51      0.000080 [  -10.0000,    10.0000]
con_amp         52      0.000019 [  -20.0000,    20.0000]

----- common model:  b
P                0      1.543142 [    0.3785,     6.6439]
K                1      1.295180 [   -9.9658,     3.3219]
sre_coso         2     -0.252000 [   -1.0000,     1.0000]
sre_sino         3      0.084655 [   -1.0000,     1.0000]
mean_long        4    197.757420 [   17.7574,   377.7574]

----- common model:  c
P                5      1.038967 [    0.3785,     6.6439]
K                6     -0.711251 [   -9.9658,     3.3219]
sre_coso         7      0.084901 [   -1.0000,     1.0000]
sre_sino         8      0.398100 [   -1.0000,     1.0000]
mean_long        9    240.275457 [   60.2755,   420.2755]

----- common model:  d
P               10      1.211978 [    0.3785,     6.6439]
K               11     -0.410295 [   -9.9658,     3.3219]
sre_coso        12     -0.137545 [   -1.0000,     1.0000]
sre_sino        13      0.336160 [   -1.0000,     1.0000]
mean_long       14    160.321020 [  -19.6790,   340.3210]

----- common model:  activity
Prot            15     27.667953 [   20.0000,    35.0000]
Pdec            16     30.002628 [   30.0000,  1000.0000]
Oamp            17     -1.313911 [   -6.6439,     0.0000]

----- common model:  star_parameters

====================================================================================================
     Starting point projected onto the model parameter space     
====================================================================================================

----- dataset:  RVdata
jitter_0              1.186927 
offset_0              8.713267 
offset_1             10.830368 
offset_2             10.084027 
offset_3              9.712976 


----- dataset: RVdata                    ----- model: gp_multidimensional           
rot_amp               4.382152 
con_amp               0.715271 

----- dataset:  BISdata
jitter_0              1.875906 
offset_0            -73.678733 
offset_1            -43.575022 
offset_2            -52.003342 
offset_3            -59.587830 


----- dataset: BISdata                   ----- model: gp_multidimensional           
rot_amp               0.298648 
con_amp               0.295964 

----- dataset:  FWHMdata
jitter_0              0.052084 
offset_0           6694.283927 
offset_1           6941.219916 
offset_2           6857.744496 
offset_3           6896.723333 


----- dataset: FWHMdata                  ----- model: gp_multidimensional           
rot_amp              -0.054155 
con_amp              -3.246066 

----- dataset:  CaIIdata
jitter_0              0.000032 
offset_0              0.100620 
offset_1              0.104204 
offset_2              0.103814 
offset_3              0.099510 


----- dataset: CaIIdata                  ----- model: gp_multidimensional           
rot_amp               0.000881 
con_amp               0.000189 

----- dataset:  Halphadata
jitter_0              0.000010 
offset_0              0.172041 
offset_1              0.174121 
offset_2              0.175026 
offset_3              0.171076 


----- dataset: Halphadata                ----- model: gp_multidimensional           
rot_amp               0.000080 
con_amp               0.000019 

----- common model:  b
P                     2.914285 
K                     2.454077 
mean_long           197.757420 
e                     0.070671 
omega               161.431128 

----- common model:  c
P                     2.054756 
K                     0.610790 
mean_long           240.275457 
e                     0.165692 
omega                77.961077 

----- common model:  d
P                     2.316550 
K                     0.752470 
mean_long           160.321020 
e                     0.131923 
omega               112.252700 

----- common model:  activity
Prot                 27.667953 
Pdec                 30.002628 
Oamp                  0.402229 

----- common model:  star_parameters

====================================================================================================
     Derived parameters obtained from starting point     
====================================================================================================

----- common model:  b
Inclination fixed to 90 deg!
a_Rs                  8.582311 
M_Mj                  0.017201 
M_Me                  5.468051 
Tc                59336.803213 
a_AU_(M)              0.039929 
a_AU_(rho,R)          0.039929 

----- common model:  c
Inclination fixed to 90 deg!
a_Rs                  6.798648 
M_Mj                  0.003767 
M_Me                  1.197523 
Tc                59335.877107 
a_AU_(M)              0.031631 
a_AU_(rho,R)          0.031631 

----- common model:  d
Inclination fixed to 90 deg!
a_Rs                  7.364515 
M_Mj                  0.004855 
M_Me                  1.543387 
Tc                59336.597927 
a_AU_(M)              0.034263 
a_AU_(rho,R)          0.034263 


====================================================================================================
     Statistics on the log-likelihood     
====================================================================================================

 LN probability:   732.289286 

====================================================================================================
     ------------------------------------------------------------------------------------------     
====================================================================================================



*************************************************************

Running emcee

emcee version:  3.1.6
Using threading pool for emcee: True

Saving temporary steps


Computing the autocorrelation time of the chains

***** WARNING ******
The integrated autocorrelation time cannot be reliably estimated
likely the chains are too short, and ACF analysis is not fully reliable
emcee.autocorr.integrated_time tolerance lowered to 20
If you still get a warning, you should drop these results entirely
Chains too short to apply convergence criteria
They should be at least 550*nthin = 82500

====================================================================================================
     Statistics on the posterior of the sampler parameters     
====================================================================================================

----- dataset:  RVdata
jitter_0        18         1.244       -0.058        0.061   (15-84 p)   [    0.0009,    13.3000]
offset_0        19          8.80        -0.50         0.52   (15-84 p)   [-9995.9140, 10015.5990]
offset_1        20         11.03        -0.58         0.57   (15-84 p)   [-9995.9140, 10015.5990]
offset_2        21         10.26        -0.50         0.52   (15-84 p)   [-9995.9140, 10015.5990]
offset_3        22          9.78        -0.50         0.55   (15-84 p)   [-9995.9140, 10015.5990]

----- dataset: RVdata                    ----- model: gp_multidimensional           
rot_amp         23           6.9         -1.5          1.7   (15-84 p)   [    0.0000,    10.0000]
con_amp         24          1.08        -0.29         0.38   (15-84 p)   [  -20.0000,    20.0000]

----- dataset:  BISdata
jitter_0        25         1.903       -0.096         0.11   (15-84 p)   [    0.0095,    95.0000]
offset_0        26        -73.65        -0.29         0.31   (15-84 p)   [-10078.4667,  9962.7167]
offset_1        27        -43.56        -0.52         0.51   (15-84 p)   [-10078.4667,  9962.7167]
offset_2        28        -51.99        -0.31         0.33   (15-84 p)   [-10078.4667,  9962.7167]
offset_3        29        -59.56        -0.29         0.33   (15-84 p)   [-10078.4667,  9962.7167]

----- dataset: BISdata                   ----- model: gp_multidimensional           
rot_amp         30           0.7         -1.2          1.2   (15-84 p)   [  -10.0000,    10.0000]
con_amp         31          0.43        -0.22         0.25   (15-84 p)   [  -20.0000,    20.0000]

----- dataset:  FWHMdata
jitter_0        32          0.31        -0.18         0.28   (15-84 p)   [    0.0500,   500.0000]
offset_0        33        6693.7         -2.3          2.2   (15-84 p)   [-3316.4638, 16948.3677]
offset_1        34        6940.7         -2.5          2.5   (15-84 p)   [-3316.4638, 16948.3677]
offset_2        35        6857.2         -2.3          2.2   (15-84 p)   [-3316.4638, 16948.3677]
offset_3        36        6896.2         -2.3          2.3   (15-84 p)   [-3316.4638, 16948.3677]

----- dataset: FWHMdata                  ----- model: gp_multidimensional           
rot_amp         37           1.3         -3.5          3.8   (15-84 p)   [  -10.0000,    10.0000]
con_amp         38          -4.9         -1.4          1.0   (15-84 p)   [  -20.0000,    20.0000]

----- dataset:  CaIIdata
jitter_0        39       0.00026     -0.00016      0.00025   (15-84 p)   [    0.0000,     0.3000]
offset_0        40       0.10063     -0.00036      0.00036   (15-84 p)   [-9999.9063, 10000.1099]
offset_1        41       0.10426     -0.00069      0.00066   (15-84 p)   [-9999.9063, 10000.1099]
offset_2        42       0.10382     -0.00038      0.00039   (15-84 p)   [-9999.9063, 10000.1099]
offset_3        43       0.09953     -0.00038      0.00042   (15-84 p)   [-9999.9063, 10000.1099]

----- dataset: CaIIdata                  ----- model: gp_multidimensional           
rot_amp         44        0.0013      -0.0015       0.0016   (15-84 p)   [  -10.0000,    10.0000]
con_amp         45       0.00028     -0.00029      0.00033   (15-84 p)   [  -20.0000,    20.0000]

----- dataset:  Halphadata
jitter_0        46      0.000060    -0.000035     0.000061   (15-84 p)   [    0.0000,     0.1000]
offset_0        47       0.17205     -0.00012      0.00011   (15-84 p)   [-9999.8298, 10000.1791]
offset_1        48       0.17414     -0.00023      0.00022   (15-84 p)   [-9999.8298, 10000.1791]
offset_2        49       0.17503     -0.00012      0.00013   (15-84 p)   [-9999.8298, 10000.1791]
offset_3        50       0.17108     -0.00013      0.00013   (15-84 p)   [-9999.8298, 10000.1791]

----- dataset: Halphadata                ----- model: gp_multidimensional           
rot_amp         51       0.00012     -0.00046      0.00050   (15-84 p)   [  -10.0000,    10.0000]
con_amp         52      0.000030    -0.000098      0.00010   (15-84 p)   [  -20.0000,    20.0000]

----- common model:  b
P                0        1.5431      -0.0017       0.0018   (15-84 p)   [    0.3785,     6.6439]
K                1         1.240       -0.096        0.092   (15-84 p)   [   -9.9658,     3.3219]
sre_coso         2         -0.18        -0.11         0.17   (15-84 p)   [   -1.0000,     1.0000]
sre_sino         3         -0.00        -0.15         0.16   (15-84 p)   [   -1.0000,     1.0000]
mean_long        4         198.3         -7.8          8.1   (15-84 p)   [   17.7574,   377.7574]

----- common model:  c
P                5        1.0383      -0.0049       0.0047   (15-84 p)   [    0.3785,     6.6439]
K                6         -1.02        -0.61         0.39   (15-84 p)   [   -9.9658,     3.3219]
sre_coso         7         -0.01        -0.22         0.23   (15-84 p)   [   -1.0000,     1.0000]
sre_sino         8          0.11        -0.25         0.22   (15-84 p)   [   -1.0000,     1.0000]
mean_long        9           246          -33           34   (15-84 p)   [   60.2755,   420.2755]

----- common model:  d
P               10        1.2130      -0.0063       0.0077   (15-84 p)   [    0.3785,     6.6439]
K               11         -0.91        -0.79         0.48   (15-84 p)   [   -9.9658,     3.3219]
sre_coso        12         -0.02        -0.22         0.22   (15-84 p)   [   -1.0000,     1.0000]
sre_sino        13          0.09        -0.24         0.20   (15-84 p)   [   -1.0000,     1.0000]
mean_long       14           165          -40           52   (15-84 p)   [  -19.6790,   340.3210]

----- common model:  activity
Prot            15         27.90        -0.54         0.53   (15-84 p)   [   20.0000,    35.0000]
Pdec            16         30.98        -0.73          2.5   (15-84 p)   [   30.0000,  1000.0000]
Oamp            17         -1.30        -0.12         0.12   (15-84 p)   [   -6.6439,     0.0000]

----- common model:  star_parameters

====================================================================================================
     Statistics on the model parameters obtained from the posteriors samples     
====================================================================================================

----- dataset:  RVdata
jitter_0                 1.244       -0.058        0.061    (15-84 p)
offset_0                  8.80        -0.50         0.52    (15-84 p)
offset_1                 11.03        -0.58         0.57    (15-84 p)
offset_2                 10.26        -0.50         0.52    (15-84 p)
offset_3                  9.78        -0.50         0.55    (15-84 p)


----- dataset: RVdata                    ----- model: gp_multidimensional           
rot_amp                    6.9         -1.5          1.7    (15-84 p)
con_amp                   1.08        -0.29         0.38    (15-84 p)

----- dataset:  BISdata
jitter_0                 1.903       -0.096         0.11    (15-84 p)
offset_0                -73.65        -0.29         0.31    (15-84 p)
offset_1                -43.56        -0.52         0.51    (15-84 p)
offset_2                -51.99        -0.31         0.33    (15-84 p)
offset_3                -59.56        -0.29         0.33    (15-84 p)


----- dataset: BISdata                   ----- model: gp_multidimensional           
rot_amp                    0.7         -1.2          1.2    (15-84 p)
con_amp                   0.43        -0.22         0.25    (15-84 p)

----- dataset:  FWHMdata
jitter_0                  0.31        -0.18         0.28    (15-84 p)
offset_0                6693.7         -2.3          2.2    (15-84 p)
offset_1                6940.7         -2.5          2.5    (15-84 p)
offset_2                6857.2         -2.3          2.2    (15-84 p)
offset_3                6896.2         -2.3          2.3    (15-84 p)


----- dataset: FWHMdata                  ----- model: gp_multidimensional           
rot_amp                    1.3         -3.5          3.8    (15-84 p)
con_amp                   -4.9         -1.4          1.0    (15-84 p)

----- dataset:  CaIIdata
jitter_0               0.00026     -0.00016      0.00025    (15-84 p)
offset_0               0.10063     -0.00036      0.00036    (15-84 p)
offset_1               0.10426     -0.00069      0.00066    (15-84 p)
offset_2               0.10382     -0.00038      0.00039    (15-84 p)
offset_3               0.09953     -0.00038      0.00042    (15-84 p)


----- dataset: CaIIdata                  ----- model: gp_multidimensional           
rot_amp                 0.0013      -0.0015       0.0016    (15-84 p)
con_amp                0.00028     -0.00029      0.00033    (15-84 p)

----- dataset:  Halphadata
jitter_0              0.000060    -0.000035     0.000061    (15-84 p)
offset_0               0.17205     -0.00012      0.00011    (15-84 p)
offset_1               0.17414     -0.00023      0.00022    (15-84 p)
offset_2               0.17503     -0.00012      0.00013    (15-84 p)
offset_3               0.17108     -0.00013      0.00013    (15-84 p)


----- dataset: Halphadata                ----- model: gp_multidimensional           
rot_amp                0.00012     -0.00046      0.00050    (15-84 p)
con_amp               0.000030    -0.000098      0.00010    (15-84 p)

----- common model:  b
P                       2.9142      -0.0033       0.0036    (15-84 p)
K                         2.36        -0.15         0.16    (15-84 p)
mean_long                198.3         -7.8          8.1    (15-84 p)
e                        0.060       -0.041        0.048    (15-84 p)
omega                      -17         -143          176    (15-84 p)

----- common model:  c
P                       2.0538      -0.0069       0.0068    (15-84 p)
K                         0.49        -0.17         0.15    (15-84 p)
mean_long                  246          -33           34    (15-84 p)
e                        0.086       -0.061        0.090    (15-84 p)
omega                       55         -151           76    (15-84 p)

----- common model:  d
P                        2.318       -0.010        0.012    (15-84 p)
K                         0.53        -0.22         0.21    (15-84 p)
mean_long                  165          -40           52    (15-84 p)
e                        0.077       -0.053        0.076    (15-84 p)
omega                       52         -154           84    (15-84 p)

----- common model:  activity
Prot                     27.90        -0.54         0.53    (15-84 p)
Pdec                     30.98        -0.73          2.5    (15-84 p)
Oamp                     0.406       -0.032        0.034    (15-84 p)

----- common model:  star_parameters

====================================================================================================
     Statistics on the derived parameters obtained from the posteriors samples     
====================================================================================================

----- common model:  b
Inclination fixed to 90 deg!
Computing planetary mass under the approximation M_planet << M_star (threshold at 30.0 Me)
a_Rs                    8.5821      -0.0066       0.0071    (15-84 p)
M_Mj                    0.0165      -0.0011       0.0011    (15-84 p)
M_Me                      5.26        -0.34         0.35    (15-84 p)
Tc                   59336.780       -0.074        0.073    (15-84 p)
a_AU_(M)              0.039928    -0.000031     0.000033    (15-84 p)
a_AU_(rho,R)          0.039928    -0.000031     0.000033    (15-84 p)

----- common model:  c
Inclination fixed to 90 deg!
Computing planetary mass under the approximation M_planet << M_star (threshold at 30.0 Me)
a_Rs                     6.797       -0.015        0.015    (15-84 p)
M_Mj                   0.00305      -0.0010      0.00094    (15-84 p)
M_Me                      0.97        -0.33         0.30    (15-84 p)
Tc                    59335.87        -0.20         0.19    (15-84 p)
a_AU_(M)              0.031621    -0.000071     0.000069    (15-84 p)
a_AU_(rho,R)          0.031621    -0.000071     0.000069    (15-84 p)

----- common model:  d
Inclination fixed to 90 deg!
Computing planetary mass under the approximation M_planet << M_star (threshold at 30.0 Me)
a_Rs                     7.368       -0.021        0.026    (15-84 p)
M_Mj                    0.0034      -0.0014       0.0013    (15-84 p)
M_Me                      1.09        -0.46         0.43    (15-84 p)
Tc                    59336.51        -0.40         0.24    (15-84 p)
a_AU_(M)              0.034280    -0.000100      0.00012    (15-84 p)
a_AU_(rho,R)          0.034280    -0.000100      0.00012    (15-84 p)


====================================================================================================
     ------------------------------------------------------------------------------------------     
====================================================================================================



15000.0   steps completed, average lnprob:,  701.0602976742745


Computing the autocorrelation time of the chains

***** WARNING ******
The integrated autocorrelation time cannot be reliably estimated
likely the chains are too short, and ACF analysis is not fully reliable
emcee.autocorr.integrated_time tolerance lowered to 20
If you still get a warning, you should drop these results entirely
Chains too short to apply convergence criteria
They should be at least 1050*nthin = 157500

====================================================================================================
     Statistics on the posterior of the sampler parameters     
====================================================================================================

----- dataset:  RVdata
jitter_0        18         1.248       -0.059        0.062   (15-84 p)   [    0.0009,    13.3000]
offset_0        19          8.93        -0.56         0.65   (15-84 p)   [-9995.9140, 10015.5990]
offset_1        20         11.16        -0.66         0.70   (15-84 p)   [-9995.9140, 10015.5990]
offset_2        21         10.38        -0.58         0.64   (15-84 p)   [-9995.9140, 10015.5990]
offset_3        22          9.91        -0.57         0.67   (15-84 p)   [-9995.9140, 10015.5990]

----- dataset: RVdata                    ----- model: gp_multidimensional           
rot_amp         23           7.6         -1.6          1.5   (15-84 p)   [    0.0000,    10.0000]
con_amp         24          1.20        -0.32         0.41   (15-84 p)   [  -20.0000,    20.0000]

----- dataset:  BISdata
jitter_0        25         1.901       -0.100         0.10   (15-84 p)   [    0.0095,    95.0000]
offset_0        26        -73.58        -0.32         0.35   (15-84 p)   [-10078.4667,  9962.7167]
offset_1        27        -43.51        -0.51         0.56   (15-84 p)   [-10078.4667,  9962.7167]
offset_2        28        -51.94        -0.33         0.37   (15-84 p)   [-10078.4667,  9962.7167]
offset_3        29        -59.54        -0.32         0.38   (15-84 p)   [-10078.4667,  9962.7167]

----- dataset: BISdata                   ----- model: gp_multidimensional           
rot_amp         30           0.8         -1.3          1.4   (15-84 p)   [  -10.0000,    10.0000]
con_amp         31          0.47        -0.24         0.28   (15-84 p)   [  -20.0000,    20.0000]

----- dataset:  FWHMdata
jitter_0        32          0.30        -0.18         0.31   (15-84 p)   [    0.0500,   500.0000]
offset_0        33        6693.2         -2.8          2.6   (15-84 p)   [-3316.4638, 16948.3677]
offset_1        34        6940.0         -2.9          2.8   (15-84 p)   [-3316.4638, 16948.3677]
offset_2        35        6856.7         -2.8          2.6   (15-84 p)   [-3316.4638, 16948.3677]
offset_3        36        6895.7         -2.8          2.6   (15-84 p)   [-3316.4638, 16948.3677]

----- dataset: FWHMdata                  ----- model: gp_multidimensional           
rot_amp         37           1.3         -3.8          4.0   (15-84 p)   [  -10.0000,    10.0000]
con_amp         38          -5.4         -1.6          1.2   (15-84 p)   [  -20.0000,    20.0000]

----- dataset:  CaIIdata
jitter_0        39       0.00027     -0.00017      0.00026   (15-84 p)   [    0.0000,     0.3000]
offset_0        40       0.10066     -0.00036      0.00037   (15-84 p)   [-9999.9063, 10000.1099]
offset_1        41       0.10428     -0.00072      0.00071   (15-84 p)   [-9999.9063, 10000.1099]
offset_2        42       0.10385     -0.00039      0.00041   (15-84 p)   [-9999.9063, 10000.1099]
offset_3        43       0.09956     -0.00041      0.00044   (15-84 p)   [-9999.9063, 10000.1099]

----- dataset: CaIIdata                  ----- model: gp_multidimensional           
rot_amp         44        0.0014      -0.0016       0.0017   (15-84 p)   [  -10.0000,    10.0000]
con_amp         45       0.00028     -0.00035      0.00036   (15-84 p)   [  -20.0000,    20.0000]

----- dataset:  Halphadata
jitter_0        46      0.000064    -0.000038     0.000061   (15-84 p)   [    0.0000,     0.1000]
offset_0        47       0.17205     -0.00012      0.00012   (15-84 p)   [-9999.8298, 10000.1791]
offset_1        48       0.17411     -0.00022      0.00022   (15-84 p)   [-9999.8298, 10000.1791]
offset_2        49       0.17503     -0.00012      0.00013   (15-84 p)   [-9999.8298, 10000.1791]
offset_3        50       0.17108     -0.00012      0.00013   (15-84 p)   [-9999.8298, 10000.1791]

----- dataset: Halphadata                ----- model: gp_multidimensional           
rot_amp         51       0.00016     -0.00050      0.00054   (15-84 p)   [  -10.0000,    10.0000]
con_amp         52       0.00003     -0.00011      0.00011   (15-84 p)   [  -20.0000,    20.0000]

----- common model:  b
P                0        1.5431      -0.0017       0.0017   (15-84 p)   [    0.3785,     6.6439]
K                1         1.240       -0.097        0.088   (15-84 p)   [   -9.9658,     3.3219]
sre_coso         2         -0.17        -0.12         0.17   (15-84 p)   [   -1.0000,     1.0000]
sre_sino         3          0.01        -0.16         0.15   (15-84 p)   [   -1.0000,     1.0000]
mean_long        4         198.0         -7.8          8.2   (15-84 p)   [   17.7574,   377.7574]

----- common model:  c
P                5        1.0386      -0.0055       0.0051   (15-84 p)   [    0.3785,     6.6439]
K                6         -1.05        -0.64         0.41   (15-84 p)   [   -9.9658,     3.3219]
sre_coso         7          0.00        -0.24         0.23   (15-84 p)   [   -1.0000,     1.0000]
sre_sino         8          0.09        -0.23         0.22   (15-84 p)   [   -1.0000,     1.0000]
mean_long        9           247          -36           37   (15-84 p)   [   60.2755,   420.2755]

----- common model:  d
P               10        1.2125      -0.0071       0.0071   (15-84 p)   [    0.3785,     6.6439]
K               11         -0.88         -1.1         0.48   (15-84 p)   [   -9.9658,     3.3219]
sre_coso        12         -0.03        -0.20         0.22   (15-84 p)   [   -1.0000,     1.0000]
sre_sino        13          0.07        -0.23         0.22   (15-84 p)   [   -1.0000,     1.0000]
mean_long       14           161          -45           47   (15-84 p)   [  -19.6790,   340.3210]

----- common model:  activity
Prot            15         27.83        -0.57         0.54   (15-84 p)   [   20.0000,    35.0000]
Pdec            16          36.0         -4.3          7.5   (15-84 p)   [   30.0000,  1000.0000]
Oamp            17         -1.30        -0.12         0.11   (15-84 p)   [   -6.6439,     0.0000]

----- common model:  star_parameters

====================================================================================================
     Statistics on the model parameters obtained from the posteriors samples     
====================================================================================================

----- dataset:  RVdata
jitter_0                 1.248       -0.059        0.062    (15-84 p)
offset_0                  8.93        -0.56         0.65    (15-84 p)
offset_1                 11.16        -0.66         0.70    (15-84 p)
offset_2                 10.38        -0.58         0.64    (15-84 p)
offset_3                  9.91        -0.57         0.67    (15-84 p)


----- dataset: RVdata                    ----- model: gp_multidimensional           
rot_amp                    7.6         -1.6          1.5    (15-84 p)
con_amp                   1.20        -0.32         0.41    (15-84 p)

----- dataset:  BISdata
jitter_0                 1.901       -0.100         0.10    (15-84 p)
offset_0                -73.58        -0.32         0.35    (15-84 p)
offset_1                -43.51        -0.51         0.56    (15-84 p)
offset_2                -51.94        -0.33         0.37    (15-84 p)
offset_3                -59.54        -0.32         0.38    (15-84 p)


----- dataset: BISdata                   ----- model: gp_multidimensional           
rot_amp                    0.8         -1.3          1.4    (15-84 p)
con_amp                   0.47        -0.24         0.28    (15-84 p)

----- dataset:  FWHMdata
jitter_0                  0.30        -0.18         0.31    (15-84 p)
offset_0                6693.2         -2.8          2.6    (15-84 p)
offset_1                6940.0         -2.9          2.8    (15-84 p)
offset_2                6856.7         -2.8          2.6    (15-84 p)
offset_3                6895.7         -2.8          2.6    (15-84 p)


----- dataset: FWHMdata                  ----- model: gp_multidimensional           
rot_amp                    1.3         -3.8          4.0    (15-84 p)
con_amp                   -5.4         -1.6          1.2    (15-84 p)

----- dataset:  CaIIdata
jitter_0               0.00027     -0.00017      0.00026    (15-84 p)
offset_0               0.10066     -0.00036      0.00037    (15-84 p)
offset_1               0.10428     -0.00072      0.00071    (15-84 p)
offset_2               0.10385     -0.00039      0.00041    (15-84 p)
offset_3               0.09956     -0.00041      0.00044    (15-84 p)


----- dataset: CaIIdata                  ----- model: gp_multidimensional           
rot_amp                 0.0014      -0.0016       0.0017    (15-84 p)
con_amp                0.00028     -0.00035      0.00036    (15-84 p)

----- dataset:  Halphadata
jitter_0              0.000064    -0.000038     0.000061    (15-84 p)
offset_0               0.17205     -0.00012      0.00012    (15-84 p)
offset_1               0.17411     -0.00022      0.00022    (15-84 p)
offset_2               0.17503     -0.00012      0.00013    (15-84 p)
offset_3               0.17108     -0.00012      0.00013    (15-84 p)


----- dataset: Halphadata                ----- model: gp_multidimensional           
rot_amp                0.00016     -0.00050      0.00054    (15-84 p)
con_amp                0.00003     -0.00011      0.00011    (15-84 p)

----- common model:  b
P                       2.9143      -0.0035       0.0035    (15-84 p)
K                         2.36        -0.15         0.15    (15-84 p)
mean_long                198.0         -7.8          8.2    (15-84 p)
e                        0.057       -0.038        0.049    (15-84 p)
omega                       48         -206          110    (15-84 p)

----- common model:  c
P                       2.0542      -0.0078       0.0073    (15-84 p)
K                         0.48        -0.17         0.16    (15-84 p)
mean_long                  247          -36           37    (15-84 p)
e                        0.084       -0.060        0.090    (15-84 p)
omega                       47         -146           83    (15-84 p)

----- common model:  d
P                        2.317       -0.011        0.011    (15-84 p)
K                         0.54        -0.29         0.22    (15-84 p)
mean_long                  161          -45           47    (15-84 p)
e                        0.074       -0.052        0.080    (15-84 p)
omega                       44         -158           90    (15-84 p)

----- common model:  activity
Prot                     27.83        -0.57         0.54    (15-84 p)
Pdec                      36.0         -4.3          7.5    (15-84 p)
Oamp                     0.406       -0.033        0.032    (15-84 p)

----- common model:  star_parameters

====================================================================================================
     Statistics on the derived parameters obtained from the posteriors samples     
====================================================================================================

----- common model:  b
Inclination fixed to 90 deg!
Computing planetary mass under the approximation M_planet << M_star (threshold at 30.0 Me)
a_Rs                    8.5822      -0.0068       0.0068    (15-84 p)
M_Mj                    0.0166      -0.0011       0.0010    (15-84 p)
M_Me                      5.26        -0.34         0.33    (15-84 p)
Tc                   59336.778       -0.074        0.073    (15-84 p)
a_AU_(M)              0.039929    -0.000032     0.000032    (15-84 p)
a_AU_(rho,R)          0.039929    -0.000032     0.000032    (15-84 p)

----- common model:  c
Inclination fixed to 90 deg!
Computing planetary mass under the approximation M_planet << M_star (threshold at 30.0 Me)
a_Rs                     6.798       -0.017        0.016    (15-84 p)
M_Mj                   0.00300      -0.0011      0.00096    (15-84 p)
M_Me                      0.95        -0.34         0.31    (15-84 p)
Tc                    59335.86        -0.23         0.20    (15-84 p)
a_AU_(M)              0.031625    -0.000080     0.000075    (15-84 p)
a_AU_(rho,R)          0.031625    -0.000080     0.000075    (15-84 p)

----- common model:  d
Inclination fixed to 90 deg!
Computing planetary mass under the approximation M_planet << M_star (threshold at 30.0 Me)
a_Rs                     7.366       -0.024        0.024    (15-84 p)
M_Mj                    0.0035      -0.0019       0.0014    (15-84 p)
M_Me                      1.12        -0.60         0.44    (15-84 p)
Tc                    59336.52        -0.43         0.24    (15-84 p)
a_AU_(M)               0.03427     -0.00011      0.00011    (15-84 p)
a_AU_(rho,R)           0.03427     -0.00011      0.00011    (15-84 p)


====================================================================================================
     ------------------------------------------------------------------------------------------     
====================================================================================================



30000.0   steps completed, average lnprob:,  701.0017207044219


Computing the autocorrelation time of the chains

***** WARNING ******
The integrated autocorrelation time cannot be reliably estimated
likely the chains are too short, and ACF analysis is not fully reliable
emcee.autocorr.integrated_time tolerance lowered to 20
If you still get a warning, you should drop these results entirely
Chains too short to apply convergence criteria
They should be at least 1250*nthin = 187500

====================================================================================================
     Statistics on the posterior of the sampler parameters     
====================================================================================================

----- dataset:  RVdata
jitter_0        18         1.248       -0.058        0.063   (15-84 p)   [    0.0009,    13.3000]
offset_0        19          8.96        -0.57         0.65   (15-84 p)   [-9995.9140, 10015.5990]
offset_1        20         11.19        -0.64         0.70   (15-84 p)   [-9995.9140, 10015.5990]
offset_2        21         10.41        -0.57         0.65   (15-84 p)   [-9995.9140, 10015.5990]
offset_3        22          9.94        -0.57         0.67   (15-84 p)   [-9995.9140, 10015.5990]

----- dataset: RVdata                    ----- model: gp_multidimensional           
rot_amp         23           7.6         -1.7          1.6   (15-84 p)   [    0.0000,    10.0000]
con_amp         24          1.19        -0.32         0.42   (15-84 p)   [  -20.0000,    20.0000]

----- dataset:  BISdata
jitter_0        25         1.900       -0.098         0.10   (15-84 p)   [    0.0095,    95.0000]
offset_0        26        -73.57        -0.31         0.35   (15-84 p)   [-10078.4667,  9962.7167]
offset_1        27        -43.48        -0.52         0.56   (15-84 p)   [-10078.4667,  9962.7167]
offset_2        28        -51.93        -0.32         0.38   (15-84 p)   [-10078.4667,  9962.7167]
offset_3        29        -59.52        -0.32         0.38   (15-84 p)   [-10078.4667,  9962.7167]

----- dataset: BISdata                   ----- model: gp_multidimensional           
rot_amp         30           0.8         -1.3          1.4   (15-84 p)   [  -10.0000,    10.0000]
con_amp         31          0.47        -0.24         0.28   (15-84 p)   [  -20.0000,    20.0000]

----- dataset:  FWHMdata
jitter_0        32          0.31        -0.18         0.31   (15-84 p)   [    0.0500,   500.0000]
offset_0        33        6693.1         -2.8          2.5   (15-84 p)   [-3316.4638, 16948.3677]
offset_1        34        6940.0         -2.9          2.7   (15-84 p)   [-3316.4638, 16948.3677]
offset_2        35        6856.5         -2.8          2.5   (15-84 p)   [-3316.4638, 16948.3677]
offset_3        36        6895.5         -2.8          2.5   (15-84 p)   [-3316.4638, 16948.3677]

----- dataset: FWHMdata                  ----- model: gp_multidimensional           
rot_amp         37           1.3         -3.8          4.0   (15-84 p)   [  -10.0000,    10.0000]
con_amp         38          -5.4         -1.6          1.2   (15-84 p)   [  -20.0000,    20.0000]

----- dataset:  CaIIdata
jitter_0        39       0.00026     -0.00017      0.00025   (15-84 p)   [    0.0000,     0.3000]
offset_0        40       0.10067     -0.00036      0.00038   (15-84 p)   [-9999.9063, 10000.1099]
offset_1        41       0.10426     -0.00071      0.00073   (15-84 p)   [-9999.9063, 10000.1099]
offset_2        42       0.10386     -0.00040      0.00042   (15-84 p)   [-9999.9063, 10000.1099]
offset_3        43       0.09955     -0.00040      0.00045   (15-84 p)   [-9999.9063, 10000.1099]

----- dataset: CaIIdata                  ----- model: gp_multidimensional           
rot_amp         44        0.0014      -0.0016       0.0017   (15-84 p)   [  -10.0000,    10.0000]
con_amp         45       0.00027     -0.00035      0.00037   (15-84 p)   [  -20.0000,    20.0000]

----- dataset:  Halphadata
jitter_0        46      0.000064    -0.000038     0.000062   (15-84 p)   [    0.0000,     0.1000]
offset_0        47       0.17205     -0.00011      0.00012   (15-84 p)   [-9999.8298, 10000.1791]
offset_1        48       0.17412     -0.00022      0.00023   (15-84 p)   [-9999.8298, 10000.1791]
offset_2        49       0.17503     -0.00013      0.00013   (15-84 p)   [-9999.8298, 10000.1791]
offset_3        50       0.17108     -0.00013      0.00013   (15-84 p)   [-9999.8298, 10000.1791]

----- dataset: Halphadata                ----- model: gp_multidimensional           
rot_amp         51       0.00018     -0.00051      0.00053   (15-84 p)   [  -10.0000,    10.0000]
con_amp         52       0.00003     -0.00011      0.00011   (15-84 p)   [  -20.0000,    20.0000]

----- common model:  b
P                0        1.5431      -0.0017       0.0018   (15-84 p)   [    0.3785,     6.6439]
K                1         1.236       -0.094        0.089   (15-84 p)   [   -9.9658,     3.3219]
sre_coso         2         -0.17        -0.11         0.17   (15-84 p)   [   -1.0000,     1.0000]
sre_sino         3          0.01        -0.16         0.15   (15-84 p)   [   -1.0000,     1.0000]
mean_long        4         198.0         -7.7          8.3   (15-84 p)   [   17.7574,   377.7574]

----- common model:  c
P                5        1.0385      -0.0054       0.0051   (15-84 p)   [    0.3785,     6.6439]
K                6         -1.05        -0.61         0.40   (15-84 p)   [   -9.9658,     3.3219]
sre_coso         7          0.00        -0.24         0.23   (15-84 p)   [   -1.0000,     1.0000]
sre_sino         8          0.10        -0.24         0.22   (15-84 p)   [   -1.0000,     1.0000]
mean_long        9           247          -36           36   (15-84 p)   [   60.2755,   420.2755]

----- common model:  d
P               10        1.2125      -0.0075       0.0075   (15-84 p)   [    0.3785,     6.6439]
K               11         -0.90         -1.3         0.50   (15-84 p)   [   -9.9658,     3.3219]
sre_coso        12         -0.02        -0.21         0.21   (15-84 p)   [   -1.0000,     1.0000]
sre_sino        13          0.07        -0.23         0.21   (15-84 p)   [   -1.0000,     1.0000]
mean_long       14           162          -45           50   (15-84 p)   [  -19.6790,   340.3210]

----- common model:  activity
Prot            15         27.81        -0.56         0.55   (15-84 p)   [   20.0000,    35.0000]
Pdec            16          36.2         -4.4          8.1   (15-84 p)   [   30.0000,  1000.0000]
Oamp            17         -1.30        -0.12         0.11   (15-84 p)   [   -6.6439,     0.0000]

----- common model:  star_parameters

====================================================================================================
     Statistics on the model parameters obtained from the posteriors samples     
====================================================================================================

----- dataset:  RVdata
jitter_0                 1.248       -0.058        0.063    (15-84 p)
offset_0                  8.96        -0.57         0.65    (15-84 p)
offset_1                 11.19        -0.64         0.70    (15-84 p)
offset_2                 10.41        -0.57         0.65    (15-84 p)
offset_3                  9.94        -0.57         0.67    (15-84 p)


----- dataset: RVdata                    ----- model: gp_multidimensional           
rot_amp                    7.6         -1.7          1.6    (15-84 p)
con_amp                   1.19        -0.32         0.42    (15-84 p)

----- dataset:  BISdata
jitter_0                 1.900       -0.098         0.10    (15-84 p)
offset_0                -73.57        -0.31         0.35    (15-84 p)
offset_1                -43.48        -0.52         0.56    (15-84 p)
offset_2                -51.93        -0.32         0.38    (15-84 p)
offset_3                -59.52        -0.32         0.38    (15-84 p)


----- dataset: BISdata                   ----- model: gp_multidimensional           
rot_amp                    0.8         -1.3          1.4    (15-84 p)
con_amp                   0.47        -0.24         0.28    (15-84 p)

----- dataset:  FWHMdata
jitter_0                  0.31        -0.18         0.31    (15-84 p)
offset_0                6693.1         -2.8          2.5    (15-84 p)
offset_1                6940.0         -2.9          2.7    (15-84 p)
offset_2                6856.5         -2.8          2.5    (15-84 p)
offset_3                6895.5         -2.8          2.5    (15-84 p)


----- dataset: FWHMdata                  ----- model: gp_multidimensional           
rot_amp                    1.3         -3.8          4.0    (15-84 p)
con_amp                   -5.4         -1.6          1.2    (15-84 p)

----- dataset:  CaIIdata
jitter_0               0.00026     -0.00017      0.00025    (15-84 p)
offset_0               0.10067     -0.00036      0.00038    (15-84 p)
offset_1               0.10426     -0.00071      0.00073    (15-84 p)
offset_2               0.10386     -0.00040      0.00042    (15-84 p)
offset_3               0.09955     -0.00040      0.00045    (15-84 p)


----- dataset: CaIIdata                  ----- model: gp_multidimensional           
rot_amp                 0.0014      -0.0016       0.0017    (15-84 p)
con_amp                0.00027     -0.00035      0.00037    (15-84 p)

----- dataset:  Halphadata
jitter_0              0.000064    -0.000038     0.000062    (15-84 p)
offset_0               0.17205     -0.00011      0.00012    (15-84 p)
offset_1               0.17412     -0.00022      0.00023    (15-84 p)
offset_2               0.17503     -0.00013      0.00013    (15-84 p)
offset_3               0.17108     -0.00013      0.00013    (15-84 p)


----- dataset: Halphadata                ----- model: gp_multidimensional           
rot_amp                0.00018     -0.00051      0.00053    (15-84 p)
con_amp                0.00003     -0.00011      0.00011    (15-84 p)

----- common model:  b
P                       2.9142      -0.0034       0.0036    (15-84 p)
K                         2.35        -0.15         0.15    (15-84 p)
mean_long                198.0         -7.7          8.3    (15-84 p)
e                        0.057       -0.039        0.049    (15-84 p)
omega                       37         -195          121    (15-84 p)

----- common model:  c
P                       2.0541      -0.0076       0.0073    (15-84 p)
K                         0.48        -0.17         0.16    (15-84 p)
mean_long                  247          -36           36    (15-84 p)
e                        0.086       -0.061        0.092    (15-84 p)
omega                       50         -147           79    (15-84 p)

----- common model:  d
P                        2.317       -0.012        0.012    (15-84 p)
K                         0.54        -0.31         0.22    (15-84 p)
mean_long                  162          -45           50    (15-84 p)
e                        0.073       -0.052        0.078    (15-84 p)
omega                       43         -154           90    (15-84 p)

----- common model:  activity
Prot                     27.81        -0.56         0.55    (15-84 p)
Pdec                      36.2         -4.4          8.1    (15-84 p)
Oamp                     0.407       -0.033        0.032    (15-84 p)

----- common model:  star_parameters

====================================================================================================
     Statistics on the derived parameters obtained from the posteriors samples     
====================================================================================================

----- common model:  b
Inclination fixed to 90 deg!
Computing planetary mass under the approximation M_planet << M_star (threshold at 30.0 Me)
a_Rs                    8.5821      -0.0067       0.0070    (15-84 p)
M_Mj                    0.0165      -0.0010       0.0010    (15-84 p)
M_Me                      5.25        -0.33         0.33    (15-84 p)
Tc                   59336.779       -0.074        0.071    (15-84 p)
a_AU_(M)              0.039928    -0.000031     0.000033    (15-84 p)
a_AU_(rho,R)          0.039928    -0.000031     0.000033    (15-84 p)

----- common model:  c
Inclination fixed to 90 deg!
Computing planetary mass under the approximation M_planet << M_star (threshold at 30.0 Me)
a_Rs                     6.797       -0.017        0.016    (15-84 p)
M_Mj                   0.00301      -0.0010      0.00096    (15-84 p)
M_Me                      0.96        -0.33         0.30    (15-84 p)
Tc                    59335.86        -0.22         0.20    (15-84 p)
a_AU_(M)              0.031624    -0.000078     0.000075    (15-84 p)
a_AU_(rho,R)          0.031624    -0.000078     0.000075    (15-84 p)

----- common model:  d
Inclination fixed to 90 deg!
Computing planetary mass under the approximation M_planet << M_star (threshold at 30.0 Me)
a_Rs                     7.366       -0.026        0.026    (15-84 p)
M_Mj                    0.0035      -0.0020       0.0014    (15-84 p)
M_Me                      1.10        -0.64         0.45    (15-84 p)
Tc                    59336.50        -0.47         0.25    (15-84 p)
a_AU_(M)               0.03427     -0.00012      0.00012    (15-84 p)
a_AU_(rho,R)           0.03427     -0.00012      0.00012    (15-84 p)


====================================================================================================
     ------------------------------------------------------------------------------------------     
====================================================================================================



45000.0   steps completed, average lnprob:,  700.2833441169844


Computing the autocorrelation time of the chains

***** WARNING ******
The integrated autocorrelation time cannot be reliably estimated
likely the chains are too short, and ACF analysis is not fully reliable
emcee.autocorr.integrated_time tolerance lowered to 20
If you still get a warning, you should drop these results entirely
Chains too short to apply convergence criteria
They should be at least 1300*nthin = 195000

====================================================================================================
     Statistics on the posterior of the sampler parameters     
====================================================================================================

----- dataset:  RVdata
jitter_0        18         1.250       -0.058        0.062   (15-84 p)   [    0.0009,    13.3000]
offset_0        19          8.96        -0.57         0.66   (15-84 p)   [-9995.9140, 10015.5990]
offset_1        20         11.19        -0.64         0.71   (15-84 p)   [-9995.9140, 10015.5990]
offset_2        21         10.41        -0.57         0.66   (15-84 p)   [-9995.9140, 10015.5990]
offset_3        22          9.94        -0.57         0.67   (15-84 p)   [-9995.9140, 10015.5990]

----- dataset: RVdata                    ----- model: gp_multidimensional           
rot_amp         23           7.7         -1.7          1.5   (15-84 p)   [    0.0000,    10.0000]
con_amp         24          1.19        -0.32         0.42   (15-84 p)   [  -20.0000,    20.0000]

----- dataset:  BISdata
jitter_0        25         1.902       -0.098         0.10   (15-84 p)   [    0.0095,    95.0000]
offset_0        26        -73.58        -0.31         0.36   (15-84 p)   [-10078.4667,  9962.7167]
offset_1        27        -43.48        -0.52         0.56   (15-84 p)   [-10078.4667,  9962.7167]
offset_2        28        -51.92        -0.33         0.38   (15-84 p)   [-10078.4667,  9962.7167]
offset_3        29        -59.51        -0.33         0.39   (15-84 p)   [-10078.4667,  9962.7167]

----- dataset: BISdata                   ----- model: gp_multidimensional           
rot_amp         30           0.8         -1.3          1.4   (15-84 p)   [  -10.0000,    10.0000]
con_amp         31          0.48        -0.24         0.29   (15-84 p)   [  -20.0000,    20.0000]

----- dataset:  FWHMdata
jitter_0        32          0.31        -0.18         0.30   (15-84 p)   [    0.0500,   500.0000]
offset_0        33        6693.1         -2.8          2.5   (15-84 p)   [-3316.4638, 16948.3677]
offset_1        34        6940.0         -2.9          2.7   (15-84 p)   [-3316.4638, 16948.3677]
offset_2        35        6856.5         -2.8          2.5   (15-84 p)   [-3316.4638, 16948.3677]
offset_3        36        6895.5         -2.8          2.5   (15-84 p)   [-3316.4638, 16948.3677]

----- dataset: FWHMdata                  ----- model: gp_multidimensional           
rot_amp         37           1.3         -3.8          4.0   (15-84 p)   [  -10.0000,    10.0000]
con_amp         38          -5.4         -1.6          1.2   (15-84 p)   [  -20.0000,    20.0000]

----- dataset:  CaIIdata
jitter_0        39       0.00027     -0.00017      0.00025   (15-84 p)   [    0.0000,     0.3000]
offset_0        40       0.10067     -0.00036      0.00038   (15-84 p)   [-9999.9063, 10000.1099]
offset_1        41       0.10426     -0.00070      0.00073   (15-84 p)   [-9999.9063, 10000.1099]
offset_2        42       0.10386     -0.00040      0.00042   (15-84 p)   [-9999.9063, 10000.1099]
offset_3        43       0.09955     -0.00040      0.00044   (15-84 p)   [-9999.9063, 10000.1099]

----- dataset: CaIIdata                  ----- model: gp_multidimensional           
rot_amp         44        0.0013      -0.0016       0.0017   (15-84 p)   [  -10.0000,    10.0000]
con_amp         45       0.00027     -0.00034      0.00037   (15-84 p)   [  -20.0000,    20.0000]

----- dataset:  Halphadata
jitter_0        46      0.000065    -0.000039     0.000062   (15-84 p)   [    0.0000,     0.1000]
offset_0        47       0.17205     -0.00011      0.00012   (15-84 p)   [-9999.8298, 10000.1791]
offset_1        48       0.17412     -0.00022      0.00023   (15-84 p)   [-9999.8298, 10000.1791]
offset_2        49       0.17503     -0.00013      0.00013   (15-84 p)   [-9999.8298, 10000.1791]
offset_3        50       0.17108     -0.00013      0.00013   (15-84 p)   [-9999.8298, 10000.1791]

----- dataset: Halphadata                ----- model: gp_multidimensional           
rot_amp         51       0.00018     -0.00052      0.00054   (15-84 p)   [  -10.0000,    10.0000]
con_amp         52       0.00003     -0.00011      0.00011   (15-84 p)   [  -20.0000,    20.0000]

----- common model:  b
P                0        1.5431      -0.0017       0.0018   (15-84 p)   [    0.3785,     6.6439]
K                1         1.232       -0.096        0.090   (15-84 p)   [   -9.9658,     3.3219]
sre_coso         2         -0.17        -0.12         0.17   (15-84 p)   [   -1.0000,     1.0000]
sre_sino         3          0.01        -0.16         0.15   (15-84 p)   [   -1.0000,     1.0000]
mean_long        4         198.0         -7.6          8.3   (15-84 p)   [   17.7574,   377.7574]

----- common model:  c
P                5        1.0384      -0.0055       0.0053   (15-84 p)   [    0.3785,     6.6439]
K                6         -1.05        -0.63         0.41   (15-84 p)   [   -9.9658,     3.3219]
sre_coso         7          0.00        -0.23         0.23   (15-84 p)   [   -1.0000,     1.0000]
sre_sino         8          0.10        -0.24         0.22   (15-84 p)   [   -1.0000,     1.0000]
mean_long        9           246          -36           37   (15-84 p)   [   60.2755,   420.2755]

----- common model:  d
P               10        1.2124      -0.0080       0.0081   (15-84 p)   [    0.3785,     6.6439]
K               11         -0.92         -1.5         0.52   (15-84 p)   [   -9.9658,     3.3219]
sre_coso        12         -0.02        -0.21         0.21   (15-84 p)   [   -1.0000,     1.0000]
sre_sino        13          0.07        -0.23         0.21   (15-84 p)   [   -1.0000,     1.0000]
mean_long       14           162          -46           52   (15-84 p)   [  -19.6790,   340.3210]

----- common model:  activity
Prot            15         27.82        -0.56         0.56   (15-84 p)   [   20.0000,    35.0000]
Pdec            16          36.2         -4.5          8.1   (15-84 p)   [   30.0000,  1000.0000]
Oamp            17         -1.30        -0.12         0.11   (15-84 p)   [   -6.6439,     0.0000]

----- common model:  star_parameters

====================================================================================================
     Statistics on the model parameters obtained from the posteriors samples     
====================================================================================================

----- dataset:  RVdata
jitter_0                 1.250       -0.058        0.062    (15-84 p)
offset_0                  8.96        -0.57         0.66    (15-84 p)
offset_1                 11.19        -0.64         0.71    (15-84 p)
offset_2                 10.41        -0.57         0.66    (15-84 p)
offset_3                  9.94        -0.57         0.67    (15-84 p)


----- dataset: RVdata                    ----- model: gp_multidimensional           
rot_amp                    7.7         -1.7          1.5    (15-84 p)
con_amp                   1.19        -0.32         0.42    (15-84 p)

----- dataset:  BISdata
jitter_0                 1.902       -0.098         0.10    (15-84 p)
offset_0                -73.58        -0.31         0.36    (15-84 p)
offset_1                -43.48        -0.52         0.56    (15-84 p)
offset_2                -51.92        -0.33         0.38    (15-84 p)
offset_3                -59.51        -0.33         0.39    (15-84 p)


----- dataset: BISdata                   ----- model: gp_multidimensional           
rot_amp                    0.8         -1.3          1.4    (15-84 p)
con_amp                   0.48        -0.24         0.29    (15-84 p)

----- dataset:  FWHMdata
jitter_0                  0.31        -0.18         0.30    (15-84 p)
offset_0                6693.1         -2.8          2.5    (15-84 p)
offset_1                6940.0         -2.9          2.7    (15-84 p)
offset_2                6856.5         -2.8          2.5    (15-84 p)
offset_3                6895.5         -2.8          2.5    (15-84 p)


----- dataset: FWHMdata                  ----- model: gp_multidimensional           
rot_amp                    1.3         -3.8          4.0    (15-84 p)
con_amp                   -5.4         -1.6          1.2    (15-84 p)

----- dataset:  CaIIdata
jitter_0               0.00027     -0.00017      0.00025    (15-84 p)
offset_0               0.10067     -0.00036      0.00038    (15-84 p)
offset_1               0.10426     -0.00070      0.00073    (15-84 p)
offset_2               0.10386     -0.00040      0.00042    (15-84 p)
offset_3               0.09955     -0.00040      0.00044    (15-84 p)


----- dataset: CaIIdata                  ----- model: gp_multidimensional           
rot_amp                 0.0013      -0.0016       0.0017    (15-84 p)
con_amp                0.00027     -0.00034      0.00037    (15-84 p)

----- dataset:  Halphadata
jitter_0              0.000065    -0.000039     0.000062    (15-84 p)
offset_0               0.17205     -0.00011      0.00012    (15-84 p)
offset_1               0.17412     -0.00022      0.00023    (15-84 p)
offset_2               0.17503     -0.00013      0.00013    (15-84 p)
offset_3               0.17108     -0.00013      0.00013    (15-84 p)


----- dataset: Halphadata                ----- model: gp_multidimensional           
rot_amp                0.00018     -0.00052      0.00054    (15-84 p)
con_amp                0.00003     -0.00011      0.00011    (15-84 p)

----- common model:  b
P                       2.9141      -0.0034       0.0036    (15-84 p)
K                         2.35        -0.15         0.15    (15-84 p)
mean_long                198.0         -7.6          8.3    (15-84 p)
e                        0.057       -0.039        0.049    (15-84 p)
omega                       33         -191          125    (15-84 p)

----- common model:  c
P                       2.0539      -0.0078       0.0075    (15-84 p)
K                         0.48        -0.17         0.16    (15-84 p)
mean_long                  246          -36           37    (15-84 p)
e                        0.086       -0.060        0.091    (15-84 p)
omega                       48         -148           81    (15-84 p)

----- common model:  d
P                        2.317       -0.013        0.013    (15-84 p)
K                         0.53        -0.34         0.23    (15-84 p)
mean_long                  162          -46           52    (15-84 p)
e                        0.072       -0.051        0.078    (15-84 p)
omega                       41         -152           91    (15-84 p)

----- common model:  activity
Prot                     27.82        -0.56         0.56    (15-84 p)
Pdec                      36.2         -4.5          8.1    (15-84 p)
Oamp                     0.407       -0.032        0.032    (15-84 p)

----- common model:  star_parameters

====================================================================================================
     Statistics on the derived parameters obtained from the posteriors samples     
====================================================================================================

----- common model:  b
Inclination fixed to 90 deg!
Computing planetary mass under the approximation M_planet << M_star (threshold at 30.0 Me)
a_Rs                    8.5820      -0.0066       0.0070    (15-84 p)
M_Mj                    0.0165      -0.0011       0.0011    (15-84 p)
M_Me                      5.23        -0.34         0.33    (15-84 p)
Tc                   59336.779       -0.074        0.071    (15-84 p)
a_AU_(M)              0.039928    -0.000031     0.000033    (15-84 p)
a_AU_(rho,R)          0.039927    -0.000031     0.000033    (15-84 p)

----- common model:  c
Inclination fixed to 90 deg!
Computing planetary mass under the approximation M_planet << M_star (threshold at 30.0 Me)
a_Rs                     6.797       -0.017        0.017    (15-84 p)
M_Mj                   0.00300      -0.0011      0.00096    (15-84 p)
M_Me                      0.95        -0.34         0.31    (15-84 p)
Tc                    59335.87        -0.22         0.20    (15-84 p)
a_AU_(M)              0.031622    -0.000080     0.000077    (15-84 p)
a_AU_(rho,R)          0.031622    -0.000080     0.000077    (15-84 p)

----- common model:  d
Inclination fixed to 90 deg!
Computing planetary mass under the approximation M_planet << M_star (threshold at 30.0 Me)
a_Rs                     7.366       -0.027        0.028    (15-84 p)
M_Mj                    0.0034      -0.0022       0.0015    (15-84 p)
M_Me                      1.08        -0.71         0.46    (15-84 p)
Tc                    59336.50        -0.52         0.25    (15-84 p)
a_AU_(M)               0.03427     -0.00013      0.00013    (15-84 p)
a_AU_(rho,R)           0.03427     -0.00013      0.00013    (15-84 p)


====================================================================================================
     ------------------------------------------------------------------------------------------     
====================================================================================================



60000.0   steps completed, average lnprob:,  697.9827286780188


emcee completed


:::---::: PyORBIT v11.0.1 :::---:::

Python version in use:
3.10.18 (main, Jun  5 2025, 13:14:17) [GCC 11.2.0]
LaTeX disabled by default

Using orbital model:  keplerian
Using orbital parametrization:  Eastman2013

Using orbital model:  keplerian
Using orbital parametrization:  Eastman2013

Using orbital model:  keplerian
Using orbital parametrization:  Eastman2013

gp_multidimensional  S+LEAF model, number of harmonics: 4

GP model: gp_multidimensional  hyperparameters_condition:    True
GP model: gp_multidimensional  rotation_decay_condition:     True

### PyORBIT version used in the analysis:  11.0.1

 emcee version:  3.1.6

 Reference Time Tref: 59334.700184

 Data points:1435
 Dimensions: 53
 Nwalkers:   212
 Steps:      60000


Number of samplings: 63600

Recomputing ln-prior, it may take a while...

ln-probability   distribution:    699.90       -6.62      5.81 (15-84 p) 
ln-prior         distribution:   -300.85       -2.62      1.82 (15-84 p) 
ln-likelihood    distribution:   1001.10       -6.77      6.07 (15-84 p) 


*** Information criteria using the likelihood distribution

 BIC from distribution  (using likelihood)  =  -1616.95    -12.14   13.55 (15-84 p)
 AIC from distribution  (using likelihood)  =  -1896.21    -12.14   13.55 (15-84 p)
 AICc from distribution (using likelihood)  =  -1892.06    -12.14   13.55 (15-84 p)


*** Information criteria using the median parameter set

 ln_probability of Median solution =    724.07
 ln_priors of Median solution      =   -298.60
 ln_likelihood of Median solution  =   1022.67

 Median BIC  (using likelihood) =  -1660.09
 Median AIC  (using likelihood) =  -1939.35
 Median AICc (using likelihood) =  -1935.20


*** Information criteria using the MAP parameter set

 ln_probability of MAP solution =    718.95
 ln_priors of MAP solution      =   -298.43
 ln_likelihood of MAP solution  =   1017.38

 MAP BIC  (using likelihood)    =  -1649.50
 MAP AIC  (using likelihood)    =  -1928.76
 MAP AICc (using likelihood)    =  -1924.61

 AICc suggested over AIC because NDATA ( 1435 ) < 40 * NDIM ( 53 )

****************************************************************************************************


Computing the autocorrelation time of the chains

***** WARNING ******
The integrated autocorrelation time cannot be reliably estimated
likely the chains are too short, and ACF analysis is not fully reliable
emcee.autocorr.integrated_time tolerance lowered to 20
If you still get a warning, you should drop these results entirely
Chains too short to apply convergence criteria
They should be at least 1300*nthin = 195000

 ACF computation failed, no plot will be generated 


====================================================================================================
     Ids, spaces (s), boundaries (b) and priors (p) of the sampler parameters     
====================================================================================================

----- dataset:  RVdata
jitter_0      id:  18  s:Linear      b:[      0.0009,      13.3000]   p:Uniform   []
offset_0      id:  19  s:Linear      b:[  -9995.9140,   10015.5990]   p:Uniform   []
offset_1      id:  20  s:Linear      b:[  -9995.9140,   10015.5990]   p:Uniform   []
offset_2      id:  21  s:Linear      b:[  -9995.9140,   10015.5990]   p:Uniform   []
offset_3      id:  22  s:Linear      b:[  -9995.9140,   10015.5990]   p:Uniform   []

----- dataset: RVdata                    ----- model: gp_multidimensional           
rot_amp       id:  23  s:Linear      b:[      0.0000,      10.0000]   p:Uniform   []
con_amp       id:  24  s:Linear      b:[    -20.0000,      20.0000]   p:Uniform   []

----- dataset:  BISdata
jitter_0      id:  25  s:Linear      b:[      0.0095,      95.0000]   p:Uniform   []
offset_0      id:  26  s:Linear      b:[ -10078.4667,    9962.7167]   p:Uniform   []
offset_1      id:  27  s:Linear      b:[ -10078.4667,    9962.7167]   p:Uniform   []
offset_2      id:  28  s:Linear      b:[ -10078.4667,    9962.7167]   p:Uniform   []
offset_3      id:  29  s:Linear      b:[ -10078.4667,    9962.7167]   p:Uniform   []

----- dataset: BISdata                   ----- model: gp_multidimensional           
rot_amp       id:  30  s:Linear      b:[    -10.0000,      10.0000]   p:Uniform   []
con_amp       id:  31  s:Linear      b:[    -20.0000,      20.0000]   p:Uniform   []

----- dataset:  FWHMdata
jitter_0      id:  32  s:Linear      b:[      0.0500,     500.0000]   p:Uniform   []
offset_0      id:  33  s:Linear      b:[  -3316.4638,   16948.3677]   p:Uniform   []
offset_1      id:  34  s:Linear      b:[  -3316.4638,   16948.3677]   p:Uniform   []
offset_2      id:  35  s:Linear      b:[  -3316.4638,   16948.3677]   p:Uniform   []
offset_3      id:  36  s:Linear      b:[  -3316.4638,   16948.3677]   p:Uniform   []

----- dataset: FWHMdata                  ----- model: gp_multidimensional           
rot_amp       id:  37  s:Linear      b:[    -10.0000,      10.0000]   p:Uniform   []
con_amp       id:  38  s:Linear      b:[    -20.0000,      20.0000]   p:Uniform   []

----- dataset:  CaIIdata
jitter_0      id:  39  s:Linear      b:[      0.0000,       0.3000]   p:Uniform   []
offset_0      id:  40  s:Linear      b:[  -9999.9063,   10000.1099]   p:Uniform   []
offset_1      id:  41  s:Linear      b:[  -9999.9063,   10000.1099]   p:Uniform   []
offset_2      id:  42  s:Linear      b:[  -9999.9063,   10000.1099]   p:Uniform   []
offset_3      id:  43  s:Linear      b:[  -9999.9063,   10000.1099]   p:Uniform   []

----- dataset: CaIIdata                  ----- model: gp_multidimensional           
rot_amp       id:  44  s:Linear      b:[    -10.0000,      10.0000]   p:Uniform   []
con_amp       id:  45  s:Linear      b:[    -20.0000,      20.0000]   p:Uniform   []

----- dataset:  Halphadata
jitter_0      id:  46  s:Linear      b:[      0.0000,       0.1000]   p:Uniform   []
offset_0      id:  47  s:Linear      b:[  -9999.8298,   10000.1791]   p:Uniform   []
offset_1      id:  48  s:Linear      b:[  -9999.8298,   10000.1791]   p:Uniform   []
offset_2      id:  49  s:Linear      b:[  -9999.8298,   10000.1791]   p:Uniform   []
offset_3      id:  50  s:Linear      b:[  -9999.8298,   10000.1791]   p:Uniform   []

----- dataset: Halphadata                ----- model: gp_multidimensional           
rot_amp       id:  51  s:Linear      b:[    -10.0000,      10.0000]   p:Uniform   []
con_amp       id:  52  s:Linear      b:[    -20.0000,      20.0000]   p:Uniform   []

----- common model:  b
P             id:   0  s:Log_Base2   b:[      0.3785,       6.6439]   p:Uniform   []
K             id:   1  s:Log_Base2   b:[     -9.9658,       3.3219]   p:Uniform   []
sre_coso      id:   2  s:Linear      b:[     -1.0000,       1.0000]   p:Uniform   []
sre_sino      id:   3  s:Linear      b:[     -1.0000,       1.0000]   p:Uniform   []
mean_long     id:   4  s:Linear      b:[     17.7574,     377.7574]   p:Uniform   []
e             derived (no id, space, bound)                           p:Gaussian   [0.    0.098]
omega         derived (no id, space, bound)                           p:Uniform   [0.0, 360.0]

----- common model:  c
P             id:   5  s:Log_Base2   b:[      0.3785,       6.6439]   p:Uniform   []
K             id:   6  s:Log_Base2   b:[     -9.9658,       3.3219]   p:Uniform   []
sre_coso      id:   7  s:Linear      b:[     -1.0000,       1.0000]   p:Uniform   []
sre_sino      id:   8  s:Linear      b:[     -1.0000,       1.0000]   p:Uniform   []
mean_long     id:   9  s:Linear      b:[     60.2755,     420.2755]   p:Uniform   []
e             derived (no id, space, bound)                           p:Gaussian   [0.    0.098]
omega         derived (no id, space, bound)                           p:Uniform   [0.0, 360.0]

----- common model:  d
P             id:  10  s:Log_Base2   b:[      0.3785,       6.6439]   p:Uniform   []
K             id:  11  s:Log_Base2   b:[     -9.9658,       3.3219]   p:Uniform   []
sre_coso      id:  12  s:Linear      b:[     -1.0000,       1.0000]   p:Uniform   []
sre_sino      id:  13  s:Linear      b:[     -1.0000,       1.0000]   p:Uniform   []
mean_long     id:  14  s:Linear      b:[    -19.6790,     340.3210]   p:Uniform   []
e             derived (no id, space, bound)                           p:Gaussian   [0.    0.098]
omega         derived (no id, space, bound)                           p:Uniform   [0.0, 360.0]

----- common model:  activity
Prot          id:  15  s:Linear      b:[     20.0000,      35.0000]   p:Gaussian   [28.   0.5]
Pdec          id:  16  s:Linear      b:[     30.0000,    1000.0000]   p:Uniform   []
Oamp          id:  17  s:Log_Base2   b:[     -6.6439,       0.0000]   p:Gaussian   [0.35  0.035]

----- common model:  star_parameters
mass          derived (no id, space, bound)                           p:Gaussian   [1.e+00 1.e-06]
radius        derived (no id, space, bound)                           p:Gaussian   [1.e+00 1.e-06]
density       derived (no id, space, bound)                           p:Gaussian   [1.e+00 1.e-06]


****************************************************************************************************
****************************************************************************************************

 Confidence intervals (median value, 34.135th percentile from the median on the left and right side)

====================================================================================================
     Statistics on the posterior of the sampler parameters     
====================================================================================================

----- dataset:  RVdata
jitter_0        18         1.250       -0.058        0.062   (15-84 p)   [    0.0009,    13.3000]
offset_0        19          8.96        -0.57         0.66   (15-84 p)   [-9995.9140, 10015.5990]
offset_1        20         11.19        -0.64         0.71   (15-84 p)   [-9995.9140, 10015.5990]
offset_2        21         10.41        -0.57         0.66   (15-84 p)   [-9995.9140, 10015.5990]
offset_3        22          9.94        -0.57         0.67   (15-84 p)   [-9995.9140, 10015.5990]

----- dataset: RVdata                    ----- model: gp_multidimensional           
rot_amp         23           7.7         -1.7          1.5   (15-84 p)   [    0.0000,    10.0000]
con_amp         24          1.19        -0.32         0.42   (15-84 p)   [  -20.0000,    20.0000]

----- dataset:  BISdata
jitter_0        25         1.902       -0.098         0.10   (15-84 p)   [    0.0095,    95.0000]
offset_0        26        -73.58        -0.31         0.36   (15-84 p)   [-10078.4667,  9962.7167]
offset_1        27        -43.48        -0.52         0.56   (15-84 p)   [-10078.4667,  9962.7167]
offset_2        28        -51.92        -0.33         0.38   (15-84 p)   [-10078.4667,  9962.7167]
offset_3        29        -59.51        -0.33         0.39   (15-84 p)   [-10078.4667,  9962.7167]

----- dataset: BISdata                   ----- model: gp_multidimensional           
rot_amp         30           0.8         -1.3          1.4   (15-84 p)   [  -10.0000,    10.0000]
con_amp         31          0.48        -0.24         0.29   (15-84 p)   [  -20.0000,    20.0000]

----- dataset:  FWHMdata
jitter_0        32          0.31        -0.18         0.30   (15-84 p)   [    0.0500,   500.0000]
offset_0        33        6693.1         -2.8          2.5   (15-84 p)   [-3316.4638, 16948.3677]
offset_1        34        6940.0         -2.9          2.7   (15-84 p)   [-3316.4638, 16948.3677]
offset_2        35        6856.5         -2.8          2.5   (15-84 p)   [-3316.4638, 16948.3677]
offset_3        36        6895.5         -2.8          2.5   (15-84 p)   [-3316.4638, 16948.3677]

----- dataset: FWHMdata                  ----- model: gp_multidimensional           
rot_amp         37           1.3         -3.8          4.0   (15-84 p)   [  -10.0000,    10.0000]
con_amp         38          -5.4         -1.6          1.2   (15-84 p)   [  -20.0000,    20.0000]

----- dataset:  CaIIdata
jitter_0        39       0.00027     -0.00017      0.00025   (15-84 p)   [    0.0000,     0.3000]
offset_0        40       0.10067     -0.00036      0.00038   (15-84 p)   [-9999.9063, 10000.1099]
offset_1        41       0.10426     -0.00070      0.00073   (15-84 p)   [-9999.9063, 10000.1099]
offset_2        42       0.10386     -0.00040      0.00042   (15-84 p)   [-9999.9063, 10000.1099]
offset_3        43       0.09955     -0.00040      0.00044   (15-84 p)   [-9999.9063, 10000.1099]

----- dataset: CaIIdata                  ----- model: gp_multidimensional           
rot_amp         44        0.0013      -0.0016       0.0017   (15-84 p)   [  -10.0000,    10.0000]
con_amp         45       0.00027     -0.00034      0.00037   (15-84 p)   [  -20.0000,    20.0000]

----- dataset:  Halphadata
jitter_0        46      0.000065    -0.000039     0.000062   (15-84 p)   [    0.0000,     0.1000]
offset_0        47       0.17205     -0.00011      0.00012   (15-84 p)   [-9999.8298, 10000.1791]
offset_1        48       0.17412     -0.00022      0.00023   (15-84 p)   [-9999.8298, 10000.1791]
offset_2        49       0.17503     -0.00013      0.00013   (15-84 p)   [-9999.8298, 10000.1791]
offset_3        50       0.17108     -0.00013      0.00013   (15-84 p)   [-9999.8298, 10000.1791]

----- dataset: Halphadata                ----- model: gp_multidimensional           
rot_amp         51       0.00018     -0.00052      0.00054   (15-84 p)   [  -10.0000,    10.0000]
con_amp         52       0.00003     -0.00011      0.00011   (15-84 p)   [  -20.0000,    20.0000]

----- common model:  b
P                0        1.5431      -0.0017       0.0018   (15-84 p)   [    0.3785,     6.6439]
K                1         1.232       -0.096        0.090   (15-84 p)   [   -9.9658,     3.3219]
sre_coso         2         -0.17        -0.12         0.17   (15-84 p)   [   -1.0000,     1.0000]
sre_sino         3          0.01        -0.16         0.15   (15-84 p)   [   -1.0000,     1.0000]
mean_long        4         198.0         -7.6          8.3   (15-84 p)   [   17.7574,   377.7574]

----- common model:  c
P                5        1.0384      -0.0055       0.0053   (15-84 p)   [    0.3785,     6.6439]
K                6         -1.05        -0.63         0.41   (15-84 p)   [   -9.9658,     3.3219]
sre_coso         7          0.00        -0.23         0.23   (15-84 p)   [   -1.0000,     1.0000]
sre_sino         8          0.10        -0.24         0.22   (15-84 p)   [   -1.0000,     1.0000]
mean_long        9           246          -36           37   (15-84 p)   [   60.2755,   420.2755]

----- common model:  d
P               10        1.2124      -0.0080       0.0081   (15-84 p)   [    0.3785,     6.6439]
K               11         -0.92         -1.5         0.52   (15-84 p)   [   -9.9658,     3.3219]
sre_coso        12         -0.02        -0.21         0.21   (15-84 p)   [   -1.0000,     1.0000]
sre_sino        13          0.07        -0.23         0.21   (15-84 p)   [   -1.0000,     1.0000]
mean_long       14           162          -46           52   (15-84 p)   [  -19.6790,   340.3210]

----- common model:  activity
Prot            15         27.82        -0.56         0.56   (15-84 p)   [   20.0000,    35.0000]
Pdec            16          36.2         -4.5          8.1   (15-84 p)   [   30.0000,  1000.0000]
Oamp            17         -1.30        -0.12         0.11   (15-84 p)   [   -6.6439,     0.0000]

----- common model:  star_parameters

====================================================================================================
     Statistics on the model parameters obtained from the posteriors samples     
====================================================================================================

----- dataset:  RVdata
jitter_0                 1.250       -0.058        0.062    (15-84 p)
offset_0                  8.96        -0.57         0.66    (15-84 p)
offset_1                 11.19        -0.64         0.71    (15-84 p)
offset_2                 10.41        -0.57         0.66    (15-84 p)
offset_3                  9.94        -0.57         0.67    (15-84 p)


----- dataset: RVdata                    ----- model: gp_multidimensional           
rot_amp                    7.7         -1.7          1.5    (15-84 p)
con_amp                   1.19        -0.32         0.42    (15-84 p)

----- dataset:  BISdata
jitter_0                 1.902       -0.098         0.10    (15-84 p)
offset_0                -73.58        -0.31         0.36    (15-84 p)
offset_1                -43.48        -0.52         0.56    (15-84 p)
offset_2                -51.92        -0.33         0.38    (15-84 p)
offset_3                -59.51        -0.33         0.39    (15-84 p)


----- dataset: BISdata                   ----- model: gp_multidimensional           
rot_amp                    0.8         -1.3          1.4    (15-84 p)
con_amp                   0.48        -0.24         0.29    (15-84 p)

----- dataset:  FWHMdata
jitter_0                  0.31        -0.18         0.30    (15-84 p)
offset_0                6693.1         -2.8          2.5    (15-84 p)
offset_1                6940.0         -2.9          2.7    (15-84 p)
offset_2                6856.5         -2.8          2.5    (15-84 p)
offset_3                6895.5         -2.8          2.5    (15-84 p)


----- dataset: FWHMdata                  ----- model: gp_multidimensional           
rot_amp                    1.3         -3.8          4.0    (15-84 p)
con_amp                   -5.4         -1.6          1.2    (15-84 p)

----- dataset:  CaIIdata
jitter_0               0.00027     -0.00017      0.00025    (15-84 p)
offset_0               0.10067     -0.00036      0.00038    (15-84 p)
offset_1               0.10426     -0.00070      0.00073    (15-84 p)
offset_2               0.10386     -0.00040      0.00042    (15-84 p)
offset_3               0.09955     -0.00040      0.00044    (15-84 p)


----- dataset: CaIIdata                  ----- model: gp_multidimensional           
rot_amp                 0.0013      -0.0016       0.0017    (15-84 p)
con_amp                0.00027     -0.00034      0.00037    (15-84 p)

----- dataset:  Halphadata
jitter_0              0.000065    -0.000039     0.000062    (15-84 p)
offset_0               0.17205     -0.00011      0.00012    (15-84 p)
offset_1               0.17412     -0.00022      0.00023    (15-84 p)
offset_2               0.17503     -0.00013      0.00013    (15-84 p)
offset_3               0.17108     -0.00013      0.00013    (15-84 p)


----- dataset: Halphadata                ----- model: gp_multidimensional           
rot_amp                0.00018     -0.00052      0.00054    (15-84 p)
con_amp                0.00003     -0.00011      0.00011    (15-84 p)

----- common model:  b
P                       2.9141      -0.0034       0.0036    (15-84 p)
K                         2.35        -0.15         0.15    (15-84 p)
mean_long                198.0         -7.6          8.3    (15-84 p)
e                        0.057       -0.039        0.049    (15-84 p)
omega                      175          -61           54    (15-84 p)

----- common model:  c
P                       2.0539      -0.0078       0.0075    (15-84 p)
K                         0.48        -0.17         0.16    (15-84 p)
mean_long                  246          -36           37    (15-84 p)
e                        0.086       -0.060        0.091    (15-84 p)
omega                       77         -108           89    (15-84 p)

----- common model:  d
P                        2.317       -0.013        0.013    (15-84 p)
K                         0.53        -0.34         0.23    (15-84 p)
mean_long                  163          -45           53    (15-84 p)
e                        0.072       -0.051        0.078    (15-84 p)
omega                      114         -102          111    (15-84 p)

----- common model:  activity
Prot                     27.82        -0.56         0.56    (15-84 p)
Pdec                      36.2         -4.5          8.1    (15-84 p)
Oamp                     0.407       -0.032        0.032    (15-84 p)

----- common model:  star_parameters

====================================================================================================
     Statistics on the derived parameters obtained from the posteriors samples     
====================================================================================================

----- common model:  b
Inclination fixed to 90 deg!
Computing planetary mass under the approximation M_planet << M_star (threshold at 30.0 Me)
a_Rs                    8.5820      -0.0066       0.0070    (15-84 p)
M_Mj                    0.0165      -0.0011       0.0011    (15-84 p)
M_Me                      5.23        -0.34         0.33    (15-84 p)
Tc                   59336.779       -0.074        0.071    (15-84 p)
a_AU_(M)              0.039928    -0.000031     0.000033    (15-84 p)
a_AU_(rho,R)          0.039927    -0.000031     0.000033    (15-84 p)

----- common model:  c
Inclination fixed to 90 deg!
Computing planetary mass under the approximation M_planet << M_star (threshold at 30.0 Me)
a_Rs                     6.797       -0.017        0.017    (15-84 p)
M_Mj                   0.00300      -0.0011      0.00096    (15-84 p)
M_Me                      0.95        -0.34         0.31    (15-84 p)
Tc                    59335.87        -0.22         0.20    (15-84 p)
a_AU_(M)              0.031622    -0.000080     0.000077    (15-84 p)
a_AU_(rho,R)          0.031622    -0.000080     0.000077    (15-84 p)

----- common model:  d
Inclination fixed to 90 deg!
Computing planetary mass under the approximation M_planet << M_star (threshold at 30.0 Me)
a_Rs                     7.366       -0.027        0.028    (15-84 p)
M_Mj                    0.0034      -0.0022       0.0015    (15-84 p)
M_Me                      1.08        -0.71         0.46    (15-84 p)
Tc                    59336.50        -0.52         0.25    (15-84 p)
a_AU_(M)               0.03427     -0.00013      0.00013    (15-84 p)
a_AU_(rho,R)           0.03427     -0.00013      0.00013    (15-84 p)


====================================================================================================
     ------------------------------------------------------------------------------------------     
====================================================================================================



****************************************************************************************************

 Parameters corresponding to the Maximum a Posteriori probability ( 718.9514354382675 )

====================================================================================================
     Statistics on the posterior of the sampler parameters     
====================================================================================================

----- dataset:  RVdata
jitter_0        18      1.304739 [    0.0009,    13.3000]
offset_0        19      8.866365 [-9995.9140, 10015.5990]
offset_1        20     10.694186 [-9995.9140, 10015.5990]
offset_2        21     10.096996 [-9995.9140, 10015.5990]
offset_3        22      9.700145 [-9995.9140, 10015.5990]

----- dataset: RVdata                    ----- model: gp_multidimensional           
rot_amp         23      3.964925 [    0.0000,    10.0000]
con_amp         24      0.686713 [  -20.0000,    20.0000]

----- dataset:  BISdata
jitter_0        25      1.923365 [    0.0095,    95.0000]
offset_0        26    -73.746713 [-10078.4667,  9962.7167]
offset_1        27    -43.025379 [-10078.4667,  9962.7167]
offset_2        28    -51.855126 [-10078.4667,  9962.7167]
offset_3        29    -59.487632 [-10078.4667,  9962.7167]

----- dataset: BISdata                   ----- model: gp_multidimensional           
rot_amp         30     -0.137600 [  -10.0000,    10.0000]
con_amp         31      0.388379 [  -20.0000,    20.0000]

----- dataset:  FWHMdata
jitter_0        32      0.340823 [    0.0500,   500.0000]
offset_0        33   6695.046573 [-3316.4638, 16948.3677]
offset_1        34   6942.546391 [-3316.4638, 16948.3677]
offset_2        35   6857.019965 [-3316.4638, 16948.3677]
offset_3        36   6896.473274 [-3316.4638, 16948.3677]

----- dataset: FWHMdata                  ----- model: gp_multidimensional           
rot_amp         37      1.030841 [  -10.0000,    10.0000]
con_amp         38     -2.747701 [  -20.0000,    20.0000]

----- dataset:  CaIIdata
jitter_0        39      0.000328 [    0.0000,     0.3000]
offset_0        40      0.100784 [-9999.9063, 10000.1099]
offset_1        41      0.104178 [-9999.9063, 10000.1099]
offset_2        42      0.103811 [-9999.9063, 10000.1099]
offset_3        43      0.099729 [-9999.9063, 10000.1099]

----- dataset: CaIIdata                  ----- model: gp_multidimensional           
rot_amp         44      0.000918 [  -10.0000,    10.0000]
con_amp         45      0.000159 [  -20.0000,    20.0000]

----- dataset:  Halphadata
jitter_0        46      0.000086 [    0.0000,     0.1000]
offset_0        47      0.172066 [-9999.8298, 10000.1791]
offset_1        48      0.174217 [-9999.8298, 10000.1791]
offset_2        49      0.175008 [-9999.8298, 10000.1791]
offset_3        50      0.171060 [-9999.8298, 10000.1791]

----- dataset: Halphadata                ----- model: gp_multidimensional           
rot_amp         51      0.000105 [  -10.0000,    10.0000]
con_amp         52      0.000037 [  -20.0000,    20.0000]

----- common model:  b
P                0      1.544000 [    0.3785,     6.6439]
K                1      1.307959 [   -9.9658,     3.3219]
sre_coso         2     -0.174106 [   -1.0000,     1.0000]
sre_sino         3      0.080030 [   -1.0000,     1.0000]
mean_long        4    205.480865 [   17.7574,   377.7574]

----- common model:  c
P                5      1.041200 [    0.3785,     6.6439]
K                6     -1.090958 [   -9.9658,     3.3219]
sre_coso         7      0.171373 [   -1.0000,     1.0000]
sre_sino         8      0.271144 [   -1.0000,     1.0000]
mean_long        9    242.781279 [   60.2755,   420.2755]

----- common model:  d
P               10      1.213734 [    0.3785,     6.6439]
K               11     -0.383368 [   -9.9658,     3.3219]
sre_coso        12     -0.147404 [   -1.0000,     1.0000]
sre_sino        13      0.255398 [   -1.0000,     1.0000]
mean_long       14    176.574018 [  -19.6790,   340.3210]

----- common model:  activity
Prot            15     27.659415 [   20.0000,    35.0000]
Pdec            16     30.753986 [   30.0000,  1000.0000]
Oamp            17     -1.494590 [   -6.6439,     0.0000]

----- common model:  star_parameters

====================================================================================================
     Statistics on the model parameters obtained from the posteriors samples     
====================================================================================================

----- dataset:  RVdata
jitter_0              1.304739 
offset_0              8.866365 
offset_1             10.694186 
offset_2             10.096996 
offset_3              9.700145 


----- dataset: RVdata                    ----- model: gp_multidimensional           
rot_amp               3.964925 
con_amp               0.686713 

----- dataset:  BISdata
jitter_0              1.923365 
offset_0            -73.746713 
offset_1            -43.025379 
offset_2            -51.855126 
offset_3            -59.487632 


----- dataset: BISdata                   ----- model: gp_multidimensional           
rot_amp              -0.137600 
con_amp               0.388379 

----- dataset:  FWHMdata
jitter_0              0.340823 
offset_0           6695.046573 
offset_1           6942.546391 
offset_2           6857.019965 
offset_3           6896.473274 


----- dataset: FWHMdata                  ----- model: gp_multidimensional           
rot_amp               1.030841 
con_amp              -2.747701 

----- dataset:  CaIIdata
jitter_0              0.000328 
offset_0              0.100784 
offset_1              0.104178 
offset_2              0.103811 
offset_3              0.099729 


----- dataset: CaIIdata                  ----- model: gp_multidimensional           
rot_amp               0.000918 
con_amp               0.000159 

----- dataset:  Halphadata
jitter_0              0.000086 
offset_0              0.172066 
offset_1              0.174217 
offset_2              0.175008 
offset_3              0.171060 


----- dataset: Halphadata                ----- model: gp_multidimensional           
rot_amp               0.000105 
con_amp               0.000037 

----- common model:  b
P                     2.916019 
K                     2.475910 
mean_long           205.480865 
e                     0.036718 
omega               155.313462 

----- common model:  c
P                     2.057939 
K                     0.469450 
mean_long           242.781279 
e                     0.102888 
omega                57.705607 

----- common model:  d
P                     2.319372 
K                     0.766646 
mean_long           176.574018 
e                     0.086956 
omega               119.991560 

----- common model:  activity
Prot                 27.659415 
Pdec                 30.753986 
Oamp                  0.354882 

----- common model:  star_parameters

====================================================================================================
     Statistics on the derived parameters obtained from the posteriors samples     
====================================================================================================

----- common model:  b
Inclination fixed to 90 deg!
a_Rs                  8.585706 
M_Mj                  0.017389 
M_Me                  5.527892 
Tc                59336.711410 
a_AU_(M)              0.039945 
a_AU_(rho,R)          0.039945 

----- common model:  c
Inclination fixed to 90 deg!
a_Rs                  6.805666 
M_Mj                  0.002922 
M_Me                  0.928835 
Tc                59335.850979 
a_AU_(M)              0.031663 
a_AU_(rho,R)          0.031663 

----- common model:  d
Inclination fixed to 90 deg!
a_Rs                  7.370489 
M_Mj                  0.004973 
M_Me                  1.580960 
Tc                59336.492140 
a_AU_(M)              0.034291 
a_AU_(rho,R)          0.034291 


====================================================================================================
     ------------------------------------------------------------------------------------------     
====================================================================================================



****************************************************************************************************

 Parameters corresponding to the sample closest to the median values ( 709.6529749186577 )

====================================================================================================
     Statistics on the posterior of the sampler parameters     
====================================================================================================

----- dataset:  RVdata
jitter_0        18      1.261383 [    0.0009,    13.3000]
offset_0        19      8.838806 [-9995.9140, 10015.5990]
offset_1        20     10.760631 [-9995.9140, 10015.5990]
offset_2        21     10.626929 [-9995.9140, 10015.5990]
offset_3        22      9.990022 [-9995.9140, 10015.5990]

----- dataset: RVdata                    ----- model: gp_multidimensional           
rot_amp         23      6.706245 [    0.0000,    10.0000]
con_amp         24      0.960057 [  -20.0000,    20.0000]

----- dataset:  BISdata
jitter_0        25      1.901513 [    0.0095,    95.0000]
offset_0        26    -73.518468 [-10078.4667,  9962.7167]
offset_1        27    -43.240753 [-10078.4667,  9962.7167]
offset_2        28    -51.741559 [-10078.4667,  9962.7167]
offset_3        29    -59.696936 [-10078.4667,  9962.7167]

----- dataset: BISdata                   ----- model: gp_multidimensional           
rot_amp         30      0.469401 [  -10.0000,    10.0000]
con_amp         31      0.523860 [  -20.0000,    20.0000]

----- dataset:  FWHMdata
jitter_0        32      0.246590 [    0.0500,   500.0000]
offset_0        33   6692.163874 [-3316.4638, 16948.3677]
offset_1        34   6936.636127 [-3316.4638, 16948.3677]
offset_2        35   6855.496080 [-3316.4638, 16948.3677]
offset_3        36   6894.534542 [-3316.4638, 16948.3677]

----- dataset: FWHMdata                  ----- model: gp_multidimensional           
rot_amp         37     -0.166168 [  -10.0000,    10.0000]
con_amp         38     -6.275473 [  -20.0000,    20.0000]

----- dataset:  CaIIdata
jitter_0        39      0.000093 [    0.0000,     0.3000]
offset_0        40      0.100614 [-9999.9063, 10000.1099]
offset_1        41      0.104631 [-9999.9063, 10000.1099]
offset_2        42      0.104345 [-9999.9063, 10000.1099]
offset_3        43      0.099788 [-9999.9063, 10000.1099]

----- dataset: CaIIdata                  ----- model: gp_multidimensional           
rot_amp         44      0.000886 [  -10.0000,    10.0000]
con_amp         45      0.000157 [  -20.0000,    20.0000]

----- dataset:  Halphadata
jitter_0        46      0.000071 [    0.0000,     0.1000]
offset_0        47      0.172040 [-9999.8298, 10000.1791]
offset_1        48      0.174047 [-9999.8298, 10000.1791]
offset_2        49      0.175265 [-9999.8298, 10000.1791]
offset_3        50      0.171076 [-9999.8298, 10000.1791]

----- dataset: Halphadata                ----- model: gp_multidimensional           
rot_amp         51      0.000697 [  -10.0000,    10.0000]
con_amp         52     -0.000008 [  -20.0000,    20.0000]

----- common model:  b
P                0      1.542740 [    0.3785,     6.6439]
K                1      1.218473 [   -9.9658,     3.3219]
sre_coso         2     -0.205032 [   -1.0000,     1.0000]
sre_sino         3     -0.060443 [   -1.0000,     1.0000]
mean_long        4    198.057144 [   17.7574,   377.7574]

----- common model:  c
P                5      1.034045 [    0.3785,     6.6439]
K                6     -1.165081 [   -9.9658,     3.3219]
sre_coso         7      0.023279 [   -1.0000,     1.0000]
sre_sino         8      0.101796 [   -1.0000,     1.0000]
mean_long        9    201.782317 [   60.2755,   420.2755]

----- common model:  d
P               10      1.208338 [    0.3785,     6.6439]
K               11     -1.001943 [   -9.9658,     3.3219]
sre_coso        12     -0.103568 [   -1.0000,     1.0000]
sre_sino        13      0.164577 [   -1.0000,     1.0000]
mean_long       14    153.642292 [  -19.6790,   340.3210]

----- common model:  activity
Prot            15     28.218284 [   20.0000,    35.0000]
Pdec            16     30.673748 [   30.0000,  1000.0000]
Oamp            17     -1.342680 [   -6.6439,     0.0000]

----- common model:  star_parameters

====================================================================================================
     Statistics on the model parameters obtained from the posteriors samples     
====================================================================================================

----- dataset:  RVdata
jitter_0              1.261383 
offset_0              8.838806 
offset_1             10.760631 
offset_2             10.626929 
offset_3              9.990022 


----- dataset: RVdata                    ----- model: gp_multidimensional           
rot_amp               6.706245 
con_amp               0.960057 

----- dataset:  BISdata
jitter_0              1.901513 
offset_0            -73.518468 
offset_1            -43.240753 
offset_2            -51.741559 
offset_3            -59.696936 


----- dataset: BISdata                   ----- model: gp_multidimensional           
rot_amp               0.469401 
con_amp               0.523860 

----- dataset:  FWHMdata
jitter_0              0.246590 
offset_0           6692.163874 
offset_1           6936.636127 
offset_2           6855.496080 
offset_3           6894.534542 


----- dataset: FWHMdata                  ----- model: gp_multidimensional           
rot_amp              -0.166168 
con_amp              -6.275473 

----- dataset:  CaIIdata
jitter_0              0.000093 
offset_0              0.100614 
offset_1              0.104631 
offset_2              0.104345 
offset_3              0.099788 


----- dataset: CaIIdata                  ----- model: gp_multidimensional           
rot_amp               0.000886 
con_amp               0.000157 

----- dataset:  Halphadata
jitter_0              0.000071 
offset_0              0.172040 
offset_1              0.174047 
offset_2              0.175265 
offset_3              0.171076 


----- dataset: Halphadata                ----- model: gp_multidimensional           
rot_amp               0.000697 
con_amp              -0.000008 

----- common model:  b
P                     2.913472 
K                     2.327003 
mean_long           198.057144 
e                     0.045691 
omega              -163.574481 

----- common model:  c
P                     2.047758 
K                     0.445939 
mean_long           201.782317 
e                     0.010904 
omega                77.119017 

----- common model:  d
P                     2.310714 
K                     0.499327 
mean_long           153.642292 
e                     0.037812 
omega               122.182025 

----- common model:  activity
Prot                 28.218284 
Pdec                 30.673748 
Oamp                  0.394287 

----- common model:  star_parameters

====================================================================================================
     Statistics on the derived parameters obtained from the posteriors samples     
====================================================================================================

----- common model:  b
Inclination fixed to 90 deg!
a_Rs                  8.580705 
M_Mj                  0.016332 
M_Me                  5.191987 
Tc                59336.780181 
a_AU_(M)              0.039922 
a_AU_(rho,R)          0.039922 

----- common model:  c
Inclination fixed to 90 deg!
a_Rs                  6.783206 
M_Mj                  0.002786 
M_Me                  0.885508 
Tc                59336.110528 
a_AU_(M)              0.031559 
a_AU_(rho,R)          0.031559 

----- common model:  d
Inclination fixed to 90 deg!
a_Rs                  7.352135 
M_Mj                  0.003245 
M_Me                  1.031589 
Tc                59336.616864 
a_AU_(M)              0.034206 
a_AU_(rho,R)          0.034206 


====================================================================================================
     ------------------------------------------------------------------------------------------     
====================================================================================================



****************************************************************************************************

Inclination fixed to 90 deg!
Inclination fixed to 90 deg!
Inclination fixed to 90 deg!
Note: stellar density derived from stellar mass and radius

Inclination fixed to 90 deg!
Inclination fixed to 90 deg!
Inclination fixed to 90 deg!
Inclination fixed to 90 deg!
Inclination fixed to 90 deg!
Inclination fixed to 90 deg!
 Plot FLAT chain 

****************************************************************************************************

 Skipping full correlation plot due to the high number of parameters
 To avoid this behaviour, set the keyword parameters:force_full_correlation_plot to True

****************************************************************************************************

 Plotting the chains... 

****************************************************************************************************

 Plotting the Gelman-Rubin traces... 

     Gelman-Rubin:    18     1.030192 RVdata_jitter_0 
     Gelman-Rubin:    19     1.049341 RVdata_offset_0 
     Gelman-Rubin:    20     1.044541 RVdata_offset_1 
     Gelman-Rubin:    21     1.049577 RVdata_offset_2 
     Gelman-Rubin:    22     1.048743 RVdata_offset_3 
     Gelman-Rubin:    23     1.023057 RVdata_gp_multidimensional_rot_amp 
     Gelman-Rubin:    24     1.041040 RVdata_gp_multidimensional_con_amp 
     Gelman-Rubin:    25     1.028179 BISdata_jitter_0 
     Gelman-Rubin:    26     1.042317 BISdata_offset_0 
     Gelman-Rubin:    27     1.030643 BISdata_offset_1 
     Gelman-Rubin:    28     1.038268 BISdata_offset_2 
     Gelman-Rubin:    29     1.040953 BISdata_offset_3 
     Gelman-Rubin:    30     1.038205 BISdata_gp_multidimensional_rot_amp 
     Gelman-Rubin:    31     1.036750 BISdata_gp_multidimensional_con_amp 
     Gelman-Rubin:    32     1.027308 FWHMdata_jitter_0 
     Gelman-Rubin:    33     1.053722 FWHMdata_offset_0 
     Gelman-Rubin:    34     1.050056 FWHMdata_offset_1 
     Gelman-Rubin:    35     1.052506 FWHMdata_offset_2 
     Gelman-Rubin:    36     1.052507 FWHMdata_offset_3 
     Gelman-Rubin:    37     1.031865 FWHMdata_gp_multidimensional_rot_amp 
     Gelman-Rubin:    38     1.039164 FWHMdata_gp_multidimensional_con_amp 
     Gelman-Rubin:    39     1.028342 CaIIdata_jitter_0 
     Gelman-Rubin:    40     1.033073 CaIIdata_offset_0 
     Gelman-Rubin:    41     1.024946 CaIIdata_offset_1 
     Gelman-Rubin:    42     1.034408 CaIIdata_offset_2 
     Gelman-Rubin:    43     1.032011 CaIIdata_offset_3 
     Gelman-Rubin:    44     1.026573 CaIIdata_gp_multidimensional_rot_amp 
     Gelman-Rubin:    45     1.036492 CaIIdata_gp_multidimensional_con_amp 
     Gelman-Rubin:    46     1.029445 Halphadata_jitter_0 
     Gelman-Rubin:    47     1.034002 Halphadata_offset_0 
     Gelman-Rubin:    48     1.027461 Halphadata_offset_1 
     Gelman-Rubin:    49     1.030515 Halphadata_offset_2 
     Gelman-Rubin:    50     1.023228 Halphadata_offset_3 
     Gelman-Rubin:    51     1.026966 Halphadata_gp_multidimensional_rot_amp 
     Gelman-Rubin:    52     1.027822 Halphadata_gp_multidimensional_con_amp 
     Gelman-Rubin:     0     1.034446 b_P 
     Gelman-Rubin:     1     1.036515 b_K 
     Gelman-Rubin:     2     1.028313 b_sre_coso 
     Gelman-Rubin:     3     1.027478 b_sre_sino 
     Gelman-Rubin:     4     1.028332 b_mean_long 
     Gelman-Rubin:     5     1.158301 c_P 
     Gelman-Rubin:     6     1.152044 c_K 
     Gelman-Rubin:     7     1.023236 c_sre_coso 
     Gelman-Rubin:     8     1.035917 c_sre_sino 
     Gelman-Rubin:     9     1.053270 c_mean_long 
     Gelman-Rubin:    10     1.114371 d_P 
     Gelman-Rubin:    11     1.172212 d_K 
     Gelman-Rubin:    12     1.024990 d_sre_coso 
     Gelman-Rubin:    13     1.030707 d_sre_sino 
     Gelman-Rubin:    14     1.044739 d_mean_long 
     Gelman-Rubin:    15     1.029280 activity_Prot 
     Gelman-Rubin:    16     1.033181 activity_Pdec 
     Gelman-Rubin:    17     1.026633 activity_Oamp 

****************************************************************************************************

Plotting the common models corner plots
     Common model:  b
     Common model:  c
     Common model:  d
     Common model:  activity
     Common model:  star_parameters

****************************************************************************************************

Plotting the dataset + models corner plots 

     Dataset:  RVdata     model:  gp_multidimensional  corner plot  starting 
     Dataset:  RVdata     model:  gp_multidimensional  corner plot  done 
     Dataset:  RVdata     model:  radial_velocities_b  corner plot  starting 
     Dataset:  RVdata     model:  radial_velocities_b  corner plot  done 
     Dataset:  RVdata     model:  radial_velocities_c  corner plot  starting 
     Dataset:  RVdata     model:  radial_velocities_c  corner plot  done 
     Dataset:  RVdata     model:  radial_velocities_d  corner plot  starting 
     Dataset:  RVdata     model:  radial_velocities_d  corner plot  done 
     Dataset:  BISdata     model:  gp_multidimensional  corner plot  starting 
     Dataset:  BISdata     model:  gp_multidimensional  corner plot  done 
     Dataset:  FWHMdata     model:  gp_multidimensional  corner plot  starting 
     Dataset:  FWHMdata     model:  gp_multidimensional  corner plot  done 
     Dataset:  CaIIdata     model:  gp_multidimensional  corner plot  starting 
     Dataset:  CaIIdata     model:  gp_multidimensional  corner plot  done 
     Dataset:  Halphadata     model:  gp_multidimensional  corner plot  starting 
     Dataset:  Halphadata     model:  gp_multidimensional  corner plot  done 

****************************************************************************************************

 Saving the planet parameter samplings to files (with plots)

****************************************************************************************************

 Saving all the parameter samplings to files (with plots)

****************************************************************************************************

 Computing the models for plot/data writing 
     Splitting the plot array to allow GP prediction of extended datasets, it may take a while...
     # 58 chunks of 100 times each
     Check the documentation if the code is taking too long or if it crashes...
     Splitting the plot array to allow GP prediction of extended datasets, it may take a while...
     # 35 chunks of 100 times each
     Check the documentation if the code is taking too long or if it crashes...
     Splitting the plot array to allow GP prediction of extended datasets, it may take a while...
     # 35 chunks of 100 times each
     Check the documentation if the code is taking too long or if it crashes...
     Splitting the plot array to allow GP prediction of extended datasets, it may take a while...
     # 35 chunks of 100 times each
     Check the documentation if the code is taking too long or if it crashes...
     Splitting the plot array to allow GP prediction of extended datasets, it may take a while...
     # 35 chunks of 100 times each
     Check the documentation if the code is taking too long or if it crashes...
     Splitting the plot array to allow GP prediction of extended datasets, it may take a while...
     # 58 chunks of 100 times each
     Check the documentation if the code is taking too long or if it crashes...
     Splitting the plot array to allow GP prediction of extended datasets, it may take a while...
     # 35 chunks of 100 times each
     Check the documentation if the code is taking too long or if it crashes...
     Splitting the plot array to allow GP prediction of extended datasets, it may take a while...
     # 35 chunks of 100 times each
     Check the documentation if the code is taking too long or if it crashes...
     Splitting the plot array to allow GP prediction of extended datasets, it may take a while...
     # 35 chunks of 100 times each
     Check the documentation if the code is taking too long or if it crashes...
     Splitting the plot array to allow GP prediction of extended datasets, it may take a while...
     # 35 chunks of 100 times each
     Check the documentation if the code is taking too long or if it crashes...
     Splitting the plot array to allow GP prediction of extended datasets, it may take a while...
     # 58 chunks of 100 times each
     Check the documentation if the code is taking too long or if it crashes...
     Splitting the plot array to allow GP prediction of extended datasets, it may take a while...
     # 35 chunks of 100 times each
     Check the documentation if the code is taking too long or if it crashes...
     Splitting the plot array to allow GP prediction of extended datasets, it may take a while...
     # 35 chunks of 100 times each
     Check the documentation if the code is taking too long or if it crashes...
     Splitting the plot array to allow GP prediction of extended datasets, it may take a while...
     # 35 chunks of 100 times each
     Check the documentation if the code is taking too long or if it crashes...
     Splitting the plot array to allow GP prediction of extended datasets, it may take a while...
     # 35 chunks of 100 times each
     Check the documentation if the code is taking too long or if it crashes...
 Writing the plots 
 Writing the   data files 
 Writing the  MAP_ data files 
 Writing the  sampleMED_ data files 

****************************************************************************************************

