
:::---::: PyORBIT v11.0.1 :::---:::

Python version in use:
3.10.18 (main, Jun  5 2025, 13:14:17) [GCC 11.2.0]

reloaded_optimize:  False
reloaded_pyde:  False
reloaded_emcee:  False

number of multiprocessing threads: 16
multiprocessing method (should be fork):  fork

parameters/safe_reload flag (must be True for tinygp):  False

Opening:  RVdata_expres
Opening:  RVdata_harps
Opening:  RVdata_neid
Opening:  FIESTAdata_expres_mode1
Opening:  FIESTAdata_expres_mode2
Opening:  FIESTAdata_harps_mode1
Opening:  FIESTAdata_harps_mode2
Opening:  FIESTAdata_harpsn_mode1
Opening:  FIESTAdata_harpsn_mode2
Opening:  FIESTAdata_neid_mode1
Opening:  FIESTAdata_neid_mode2

Adding common model of planet:  b
Using orbital model:  keplerian
Using orbital parametrization:  Eastman2013

gp_multidimensional  S+LEAF model, number of harmonics: 4

GP model: gp_multidimensional  hyperparameters_condition:    True
GP model: gp_multidimensional  rotation_decay_condition:     True

====================================================================================================
     Ids, spaces (s), boundaries (b) and priors (p) of the sampler parameters     
====================================================================================================

----- dataset:  RVdata_expres
jitter_0      id:   8  s:Linear      b:[      0.0010,      11.5000]   p:Uniform   []
offset_0      id:   9  s:Linear      b:[  -9994.9840,   10012.5060]   p:Uniform   []

----- dataset: RVdata_expres             ----- model: gp_multidimensional           
rot_amp       id:  10  s:Linear      b:[      0.0000,      10.0000]   p:Uniform   []
con_amp       id:  11  s:Linear      b:[    -20.0000,      20.0000]   p:Uniform   []

----- dataset:  RVdata_harps
jitter_0      id:  12  s:Linear      b:[      0.0009,      12.9000]   p:Uniform   []
offset_0      id:  13  s:Linear      b:[  -9994.6135,   10012.7635]   p:Uniform   []
offset_1      id:  14  s:Linear      b:[  -9994.6135,   10012.7635]   p:Uniform   []

----- dataset: RVdata_harps              ----- model: gp_multidimensional           
rot_amp       id:  15  s:Linear      b:[      0.0000,      10.0000]   p:Uniform   []
con_amp       id:  16  s:Linear      b:[    -20.0000,      20.0000]   p:Uniform   []

----- dataset:  RVdata_neid
jitter_0      id:  17  s:Linear      b:[      0.0011,      12.4000]   p:Uniform   []
offset_0      id:  18  s:Linear      b:[  -9993.5576,   10013.2194]   p:Uniform   []

----- dataset: RVdata_neid               ----- model: gp_multidimensional           
rot_amp       id:  19  s:Linear      b:[      0.0000,      10.0000]   p:Uniform   []
con_amp       id:  20  s:Linear      b:[    -20.0000,      20.0000]   p:Uniform   []

----- dataset:  FIESTAdata_expres_mode1
jitter_0      id:  21  s:Linear      b:[      0.0017,      18.8973]   p:Uniform   []
offset_0      id:  22  s:Linear      b:[ -10002.3471,   10001.9133]   p:Uniform   []

----- dataset: FIESTAdata_expres_mode1   ----- model: gp_multidimensional           
rot_amp       id:  23  s:Linear      b:[    -10.0000,      10.0000]   p:Uniform   []
con_amp       id:  24  s:Linear      b:[    -20.0000,      20.0000]   p:Uniform   []

----- dataset:  FIESTAdata_expres_mode2
jitter_0      id:  25  s:Linear      b:[      0.0019,      21.6462]   p:Uniform   []
offset_0      id:  26  s:Linear      b:[ -10002.8387,   10003.2038]   p:Uniform   []

----- dataset: FIESTAdata_expres_mode2   ----- model: gp_multidimensional           
rot_amp       id:  27  s:Linear      b:[    -10.0000,      10.0000]   p:Uniform   []
con_amp       id:  28  s:Linear      b:[    -20.0000,      20.0000]   p:Uniform   []

----- dataset:  FIESTAdata_harps_mode1
jitter_0      id:  29  s:Linear      b:[      0.0014,      14.6738]   p:Uniform   []
offset_0      id:  30  s:Linear      b:[ -10001.3948,   10000.9942]   p:Uniform   []

----- dataset: FIESTAdata_harps_mode1    ----- model: gp_multidimensional           
rot_amp       id:  31  s:Linear      b:[    -10.0000,      10.0000]   p:Uniform   []
con_amp       id:  32  s:Linear      b:[    -20.0000,      20.0000]   p:Uniform   []

----- dataset:  FIESTAdata_harps_mode2
jitter_0      id:  33  s:Linear      b:[      0.0016,      17.3094]   p:Uniform   []
offset_0      id:  34  s:Linear      b:[ -10001.5483,   10001.6796]   p:Uniform   []

----- dataset: FIESTAdata_harps_mode2    ----- model: gp_multidimensional           
rot_amp       id:  35  s:Linear      b:[    -10.0000,      10.0000]   p:Uniform   []
con_amp       id:  36  s:Linear      b:[    -20.0000,      20.0000]   p:Uniform   []

----- dataset:  FIESTAdata_harpsn_mode1
jitter_0      id:  37  s:Linear      b:[      0.0011,      12.1232]   p:Uniform   []
offset_0      id:  38  s:Linear      b:[ -10002.3609,   10001.9648]   p:Uniform   []

----- dataset: FIESTAdata_harpsn_mode1   ----- model: gp_multidimensional           
rot_amp       id:  39  s:Linear      b:[    -10.0000,      10.0000]   p:Uniform   []
con_amp       id:  40  s:Linear      b:[    -20.0000,      20.0000]   p:Uniform   []

----- dataset:  FIESTAdata_harpsn_mode2
jitter_0      id:  41  s:Linear      b:[      0.0012,      14.0334]   p:Uniform   []
offset_0      id:  42  s:Linear      b:[ -10002.1892,   10002.9867]   p:Uniform   []

----- dataset: FIESTAdata_harpsn_mode2   ----- model: gp_multidimensional           
rot_amp       id:  43  s:Linear      b:[    -10.0000,      10.0000]   p:Uniform   []
con_amp       id:  44  s:Linear      b:[    -20.0000,      20.0000]   p:Uniform   []

----- dataset:  FIESTAdata_neid_mode1
jitter_0      id:  45  s:Linear      b:[      0.0018,      19.3448]   p:Uniform   []
offset_0      id:  46  s:Linear      b:[ -10002.0261,   10002.1623]   p:Uniform   []

----- dataset: FIESTAdata_neid_mode1     ----- model: gp_multidimensional           
rot_amp       id:  47  s:Linear      b:[    -10.0000,      10.0000]   p:Uniform   []
con_amp       id:  48  s:Linear      b:[    -20.0000,      20.0000]   p:Uniform   []

----- dataset:  FIESTAdata_neid_mode2
jitter_0      id:  49  s:Linear      b:[      0.0021,      23.3084]   p:Uniform   []
offset_0      id:  50  s:Linear      b:[ -10003.7352,   10003.4194]   p:Uniform   []

----- dataset: FIESTAdata_neid_mode2     ----- model: gp_multidimensional           
rot_amp       id:  51  s:Linear      b:[    -10.0000,      10.0000]   p:Uniform   []
con_amp       id:  52  s:Linear      b:[    -20.0000,      20.0000]   p:Uniform   []

----- common model:  b
P             id:   0  s:Log_Base2   b:[      0.3785,       6.6439]   p:Uniform   []
K             id:   1  s:Log_Base2   b:[     -9.9658,       3.3219]   p:Uniform   []
sre_coso      id:   2  s:Linear      b:[     -1.0000,       1.0000]   p:Uniform   []
sre_sino      id:   3  s:Linear      b:[     -1.0000,       1.0000]   p:Uniform   []
mean_long     id:   4  s:Linear      b:[      0.0000,     360.0000]   p:Uniform   []
e             derived (no id, space, bound)                           p:Gaussian   [0.    0.098]
omega         derived (no id, space, bound)                           p:Uniform   [0.0, 360.0]

----- common model:  activity
Prot          id:   5  s:Linear      b:[     20.0000,      35.0000]   p:Gaussian   [28.   0.5]
Pdec          id:   6  s:Linear      b:[     30.0000,    1000.0000]   p:Uniform   []
Oamp          id:   7  s:Log_Base2   b:[     -6.6439,       0.0000]   p:Gaussian   [0.35  0.035]

----- common model:  star_parameters
mass          derived (no id, space, bound)                           p:Gaussian   [1.e+00 1.e-06]
radius        derived (no id, space, bound)                           p:Gaussian   [1.e+00 1.e-06]
density       derived (no id, space, bound)                           p:Gaussian   [1.e+00 1.e-06]

Include priors:  True

Reference Time Tref:  59334.700184

Dimensions =  53
Nwalkers =  212

Using threading pool for PyDE: True
PyDE running
Boundaries redefined after PyDE output
PyDE completed, it took        236.5 seconds

====================================================================================================
     Starting point of the sample/optimization routines    
====================================================================================================

----- dataset:  RVdata_expres
jitter_0         8      1.391330 [    0.0010,    11.5000]
offset_0         9      8.564068 [-9994.9840, 10012.5060]

----- dataset: RVdata_expres             ----- model: gp_multidimensional           
rot_amp         10      0.000688 [    0.0000,    10.0000]
con_amp         11     -0.562399 [  -20.0000,    20.0000]

----- dataset:  RVdata_harps
jitter_0        12      1.353668 [    0.0009,    12.9000]
offset_0        13      9.158794 [-9994.6135, 10012.7635]
offset_1        14      9.913644 [-9994.6135, 10012.7635]

----- dataset: RVdata_harps              ----- model: gp_multidimensional           
rot_amp         15      0.708010 [    0.0000,    10.0000]
con_amp         16      1.612534 [  -20.0000,    20.0000]

----- dataset:  RVdata_neid
jitter_0        17      1.373181 [    0.0011,    12.4000]
offset_0        18      9.943105 [-9993.5576, 10013.2194]

----- dataset: RVdata_neid               ----- model: gp_multidimensional           
rot_amp         19      0.001033 [    0.0000,    10.0000]
con_amp         20      0.470192 [  -20.0000,    20.0000]

----- dataset:  FIESTAdata_expres_mode1
jitter_0        21      0.711116 [    0.0017,    18.8973]
offset_0        22     -0.139339 [-10002.3471, 10001.9133]

----- dataset: FIESTAdata_expres_mode1   ----- model: gp_multidimensional           
rot_amp         23     -2.763926 [  -10.0000,    10.0000]
con_amp         24      0.881751 [  -20.0000,    20.0000]

----- dataset:  FIESTAdata_expres_mode2
jitter_0        25      0.799324 [    0.0019,    21.6462]
offset_0        26      0.202147 [-10002.8387, 10003.2038]

----- dataset: FIESTAdata_expres_mode2   ----- model: gp_multidimensional           
rot_amp         27      4.034592 [  -10.0000,    10.0000]
con_amp         28     -1.212208 [  -20.0000,    20.0000]

----- dataset:  FIESTAdata_harps_mode1
jitter_0        29      0.422484 [    0.0014,    14.6738]
offset_0        30     -0.194078 [-10001.3948, 10000.9942]

----- dataset: FIESTAdata_harps_mode1    ----- model: gp_multidimensional           
rot_amp         31      1.784707 [  -10.0000,    10.0000]
con_amp         32     -0.829446 [  -20.0000,    20.0000]

----- dataset:  FIESTAdata_harps_mode2
jitter_0        33      0.769300 [    0.0016,    17.3094]
offset_0        34      0.309269 [-10001.5483, 10001.6796]

----- dataset: FIESTAdata_harps_mode2    ----- model: gp_multidimensional           
rot_amp         35     -2.484775 [  -10.0000,    10.0000]
con_amp         36      1.892838 [  -20.0000,    20.0000]

----- dataset:  FIESTAdata_harpsn_mode1
jitter_0        37      0.818461 [    0.0011,    12.1232]
offset_0        38      0.416407 [-10002.3609, 10001.9648]

----- dataset: FIESTAdata_harpsn_mode1   ----- model: gp_multidimensional           
rot_amp         39      2.110540 [  -10.0000,    10.0000]
con_amp         40      2.242258 [  -20.0000,    20.0000]

----- dataset:  FIESTAdata_harpsn_mode2
jitter_0        41      1.065702 [    0.0012,    14.0334]
offset_0        42     -0.433094 [-10002.1892, 10002.9867]

----- dataset: FIESTAdata_harpsn_mode2   ----- model: gp_multidimensional           
rot_amp         43     -2.036342 [  -10.0000,    10.0000]
con_amp         44     -2.699126 [  -20.0000,    20.0000]

----- dataset:  FIESTAdata_neid_mode1
jitter_0        45      0.884865 [    0.0018,    19.3448]
offset_0        46     -0.000850 [-10002.0261, 10002.1623]

----- dataset: FIESTAdata_neid_mode1     ----- model: gp_multidimensional           
rot_amp         47     -0.801304 [  -10.0000,    10.0000]
con_amp         48      1.440391 [  -20.0000,    20.0000]

----- dataset:  FIESTAdata_neid_mode2
jitter_0        49      1.388187 [    0.0021,    23.3084]
offset_0        50     -0.063507 [-10003.7352, 10003.4194]

----- dataset: FIESTAdata_neid_mode2     ----- model: gp_multidimensional           
rot_amp         51      0.398648 [  -10.0000,    10.0000]
con_amp         52     -1.770592 [  -20.0000,    20.0000]

----- common model:  b
P                0      3.754878 [    0.3785,     6.6439]
K                1      0.017350 [   -9.9658,     3.3219]
sre_coso         2     -0.206670 [   -1.0000,     1.0000]
sre_sino         3     -0.030283 [   -1.0000,     1.0000]
mean_long        4    242.470093 [   62.4701,   422.4701]

----- common model:  activity
Prot             5     28.102109 [   20.0000,    35.0000]
Pdec             6     30.001679 [   30.0000,  1000.0000]
Oamp             7     -1.698174 [   -6.6439,     0.0000]

----- common model:  star_parameters

====================================================================================================
     Starting point projected onto the model parameter space     
====================================================================================================

----- dataset:  RVdata_expres
jitter_0              1.391330 
offset_0              8.564068 


----- dataset: RVdata_expres             ----- model: gp_multidimensional           
rot_amp               0.000688 
con_amp              -0.562399 

----- dataset:  RVdata_harps
jitter_0              1.353668 
offset_0              9.158794 
offset_1              9.913644 


----- dataset: RVdata_harps              ----- model: gp_multidimensional           
rot_amp               0.708010 
con_amp               1.612534 

----- dataset:  RVdata_neid
jitter_0              1.373181 
offset_0              9.943105 


----- dataset: RVdata_neid               ----- model: gp_multidimensional           
rot_amp               0.001033 
con_amp               0.470192 

----- dataset:  FIESTAdata_expres_mode1
jitter_0              0.711116 
offset_0             -0.139339 


----- dataset: FIESTAdata_expres_mode1   ----- model: gp_multidimensional           
rot_amp              -2.763926 
con_amp               0.881751 

----- dataset:  FIESTAdata_expres_mode2
jitter_0              0.799324 
offset_0              0.202147 


----- dataset: FIESTAdata_expres_mode2   ----- model: gp_multidimensional           
rot_amp               4.034592 
con_amp              -1.212208 

----- dataset:  FIESTAdata_harps_mode1
jitter_0              0.422484 
offset_0             -0.194078 


----- dataset: FIESTAdata_harps_mode1    ----- model: gp_multidimensional           
rot_amp               1.784707 
con_amp              -0.829446 

----- dataset:  FIESTAdata_harps_mode2
jitter_0              0.769300 
offset_0              0.309269 


----- dataset: FIESTAdata_harps_mode2    ----- model: gp_multidimensional           
rot_amp              -2.484775 
con_amp               1.892838 

----- dataset:  FIESTAdata_harpsn_mode1
jitter_0              0.818461 
offset_0              0.416407 


----- dataset: FIESTAdata_harpsn_mode1   ----- model: gp_multidimensional           
rot_amp               2.110540 
con_amp               2.242258 

----- dataset:  FIESTAdata_harpsn_mode2
jitter_0              1.065702 
offset_0             -0.433094 


----- dataset: FIESTAdata_harpsn_mode2   ----- model: gp_multidimensional           
rot_amp              -2.036342 
con_amp              -2.699126 

----- dataset:  FIESTAdata_neid_mode1
jitter_0              0.884865 
offset_0             -0.000850 


----- dataset: FIESTAdata_neid_mode1     ----- model: gp_multidimensional           
rot_amp              -0.801304 
con_amp               1.440391 

----- dataset:  FIESTAdata_neid_mode2
jitter_0              1.388187 
offset_0             -0.063507 


----- dataset: FIESTAdata_neid_mode2     ----- model: gp_multidimensional           
rot_amp               0.398648 
con_amp              -1.770592 

----- common model:  b
P                    13.499914 
K                     1.012099 
mean_long           242.470093 
e                     0.043630 
omega              -171.663823 

----- common model:  activity
Prot                 28.102109 
Pdec                 30.001679 
Oamp                  0.308176 

----- common model:  star_parameters

====================================================================================================
     Derived parameters obtained from starting point     
====================================================================================================

----- common model:  b
Inclination fixed to 90 deg!
a_Rs                 23.849029 
M_Mj                  0.011844 
M_Me                  3.765062 
Tc                59342.668834 
a_AU_(M)              0.110958 
a_AU_(rho,R)          0.110957 


====================================================================================================
     Statistics on the log-likelihood     
====================================================================================================

 LN probability: -1336.634761 

====================================================================================================
     ------------------------------------------------------------------------------------------     
====================================================================================================



*************************************************************

Running emcee

emcee version:  3.1.6
Using threading pool for emcee: True

Saving temporary steps


Computing the autocorrelation time of the chains

***** WARNING ******
The integrated autocorrelation time cannot be reliably estimated
likely the chains are too short, and ACF analysis is not fully reliable
emcee.autocorr.integrated_time tolerance lowered to 20
If you still get a warning, you should drop these results entirely
Chains too short to apply convergence criteria
They should be at least 20800*nthin = 208000

====================================================================================================
     Statistics on the posterior of the sampler parameters     
====================================================================================================

----- dataset:  RVdata_expres
jitter_0         8          1.43        -0.10         0.12   (15-84 p)   [    0.0010,    11.5000]
offset_0         9          8.49        -0.68         0.52   (15-84 p)   [-9994.9840, 10012.5060]

----- dataset: RVdata_expres             ----- model: gp_multidimensional           
rot_amp         10          0.83        -0.60          1.1   (15-84 p)   [    0.0000,    10.0000]
con_amp         11         -1.90         -1.1         1.00   (15-84 p)   [  -20.0000,    20.0000]

----- dataset:  RVdata_harps
jitter_0        12          1.38        -0.12         0.13   (15-84 p)   [    0.0009,    12.9000]
offset_0        13           9.5         -1.5          1.7   (15-84 p)   [-9994.6135, 10012.7635]
offset_1        14          10.1         -1.6          1.7   (15-84 p)   [-9994.6135, 10012.7635]

----- dataset: RVdata_harps              ----- model: gp_multidimensional           
rot_amp         15           2.5         -1.6          2.2   (15-84 p)   [    0.0000,    10.0000]
con_amp         16           5.5         -2.1          2.3   (15-84 p)   [  -20.0000,    20.0000]

----- dataset:  RVdata_neid
jitter_0        17          1.44        -0.13         0.14   (15-84 p)   [    0.0011,    12.4000]
offset_0        18         10.00        -0.47         0.49   (15-84 p)   [-9993.5576, 10013.2194]

----- dataset: RVdata_neid               ----- model: gp_multidimensional           
rot_amp         19           1.6         -1.2          1.9   (15-84 p)   [    0.0000,    10.0000]
con_amp         20           0.6         -1.9          1.9   (15-84 p)   [  -20.0000,    20.0000]

----- dataset:  FIESTAdata_expres_mode1
jitter_0        21         0.737       -0.058        0.065   (15-84 p)   [    0.0017,    18.8973]
offset_0        22         -0.01        -0.61         0.66   (15-84 p)   [-10002.3471, 10001.9133]

----- dataset: FIESTAdata_expres_mode1   ----- model: gp_multidimensional           
rot_amp         23          -6.5         -1.3          1.2   (15-84 p)   [  -10.0000,    10.0000]
con_amp         24          2.11        -0.73         0.89   (15-84 p)   [  -20.0000,    20.0000]

----- dataset:  FIESTAdata_expres_mode2
jitter_0        25         0.834       -0.070        0.076   (15-84 p)   [    0.0019,    21.6462]
offset_0        26          0.03        -0.96         0.83   (15-84 p)   [-10002.8387, 10003.2038]

----- dataset: FIESTAdata_expres_mode2   ----- model: gp_multidimensional           
rot_amp         27          9.18         -1.2         0.61   (15-84 p)   [  -10.0000,    10.0000]
con_amp         28         -2.94         -1.0         0.89   (15-84 p)   [  -20.0000,    20.0000]

----- dataset:  FIESTAdata_harps_mode1
jitter_0        29          0.52        -0.11         0.14   (15-84 p)   [    0.0014,    14.6738]
offset_0        30         -0.19         -1.1         0.75   (15-84 p)   [-10001.3948, 10000.9942]

----- dataset: FIESTAdata_harps_mode1    ----- model: gp_multidimensional           
rot_amp         31           4.6         -2.2          2.4   (15-84 p)   [  -10.0000,    10.0000]
con_amp         32          -2.4         -2.8          2.5   (15-84 p)   [  -20.0000,    20.0000]

----- dataset:  FIESTAdata_harps_mode2
jitter_0        33          0.93        -0.19         0.27   (15-84 p)   [    0.0016,    17.3094]
offset_0        34           0.3         -1.7          2.0   (15-84 p)   [-10001.5483, 10001.6796]

----- dataset: FIESTAdata_harps_mode2    ----- model: gp_multidimensional           
rot_amp         35          -5.8         -2.7          3.3   (15-84 p)   [  -10.0000,    10.0000]
con_amp         36           5.6         -4.0          4.2   (15-84 p)   [  -20.0000,    20.0000]

----- dataset:  FIESTAdata_harpsn_mode1
jitter_0        37         0.849       -0.078        0.093   (15-84 p)   [    0.0011,    12.1232]
offset_0        38           0.7         -1.7          2.0   (15-84 p)   [-10002.3609, 10001.9648]

----- dataset: FIESTAdata_harpsn_mode1   ----- model: gp_multidimensional           
rot_amp         39           5.4         -1.8          2.1   (15-84 p)   [  -10.0000,    10.0000]
con_amp         40           6.1         -1.5          1.7   (15-84 p)   [  -20.0000,    20.0000]

----- dataset:  FIESTAdata_harpsn_mode2
jitter_0        41         1.099       -0.095         0.12   (15-84 p)   [    0.0012,    14.0334]
offset_0        42          -0.8         -2.5          2.0   (15-84 p)   [-10002.1892, 10002.9867]

----- dataset: FIESTAdata_harpsn_mode2   ----- model: gp_multidimensional           
rot_amp         43          -5.1         -2.3          2.1   (15-84 p)   [  -10.0000,    10.0000]
con_amp         44          -7.2         -2.2          1.8   (15-84 p)   [  -20.0000,    20.0000]

----- dataset:  FIESTAdata_neid_mode1
jitter_0        45         0.917       -0.090         0.10   (15-84 p)   [    0.0018,    19.3448]
offset_0        46           0.2         -1.1          1.4   (15-84 p)   [-10002.0261, 10002.1623]

----- dataset: FIESTAdata_neid_mode1     ----- model: gp_multidimensional           
rot_amp         47          -2.2         -2.2          2.2   (15-84 p)   [  -10.0000,    10.0000]
con_amp         48           4.1         -1.3          1.5   (15-84 p)   [  -20.0000,    20.0000]

----- dataset:  FIESTAdata_neid_mode2
jitter_0        49          1.45        -0.13         0.16   (15-84 p)   [    0.0021,    23.3084]
offset_0        50          -0.3         -1.6          1.3   (15-84 p)   [-10003.7352, 10003.4194]

----- dataset: FIESTAdata_neid_mode2     ----- model: gp_multidimensional           
rot_amp         51           1.2         -3.2          3.1   (15-84 p)   [  -10.0000,    10.0000]
con_amp         52          -4.9         -2.2          1.9   (15-84 p)   [  -20.0000,    20.0000]

----- common model:  b
P                0         3.760       -0.021        0.021   (15-84 p)   [    0.3785,     6.6439]
K                1         -0.13        -0.30         0.23   (15-84 p)   [   -9.9658,     3.3219]
sre_coso         2         -0.06        -0.20         0.22   (15-84 p)   [   -1.0000,     1.0000]
sre_sino         3         -0.01        -0.20         0.21   (15-84 p)   [   -1.0000,     1.0000]
mean_long        4           247          -16           17   (15-84 p)   [   62.4701,   422.4701]

----- common model:  activity
Prot             5         28.23        -0.38         0.37   (15-84 p)   [   20.0000,    35.0000]
Pdec             6          42.7         -7.4          9.1   (15-84 p)   [   30.0000,  1000.0000]
Oamp             7         -1.49        -0.14         0.13   (15-84 p)   [   -6.6439,     0.0000]

----- common model:  star_parameters

====================================================================================================
     Statistics on the model parameters obtained from the posteriors samples     
====================================================================================================

----- dataset:  RVdata_expres
jitter_0                  1.43        -0.10         0.12    (15-84 p)
offset_0                  8.49        -0.68         0.52    (15-84 p)


----- dataset: RVdata_expres             ----- model: gp_multidimensional           
rot_amp                   0.83        -0.60          1.1    (15-84 p)
con_amp                  -1.90         -1.1         1.00    (15-84 p)

----- dataset:  RVdata_harps
jitter_0                  1.38        -0.12         0.13    (15-84 p)
offset_0                   9.5         -1.5          1.7    (15-84 p)
offset_1                  10.1         -1.6          1.7    (15-84 p)


----- dataset: RVdata_harps              ----- model: gp_multidimensional           
rot_amp                    2.5         -1.6          2.2    (15-84 p)
con_amp                    5.5         -2.1          2.3    (15-84 p)

----- dataset:  RVdata_neid
jitter_0                  1.44        -0.13         0.14    (15-84 p)
offset_0                 10.00        -0.47         0.49    (15-84 p)


----- dataset: RVdata_neid               ----- model: gp_multidimensional           
rot_amp                    1.6         -1.2          1.9    (15-84 p)
con_amp                    0.6         -1.9          1.9    (15-84 p)

----- dataset:  FIESTAdata_expres_mode1
jitter_0                 0.737       -0.058        0.065    (15-84 p)
offset_0                 -0.01        -0.61         0.66    (15-84 p)


----- dataset: FIESTAdata_expres_mode1   ----- model: gp_multidimensional           
rot_amp                   -6.5         -1.3          1.2    (15-84 p)
con_amp                   2.11        -0.73         0.89    (15-84 p)

----- dataset:  FIESTAdata_expres_mode2
jitter_0                 0.834       -0.070        0.076    (15-84 p)
offset_0                  0.03        -0.96         0.83    (15-84 p)


----- dataset: FIESTAdata_expres_mode2   ----- model: gp_multidimensional           
rot_amp                   9.18         -1.2         0.61    (15-84 p)
con_amp                  -2.94         -1.0         0.89    (15-84 p)

----- dataset:  FIESTAdata_harps_mode1
jitter_0                  0.52        -0.11         0.14    (15-84 p)
offset_0                 -0.19         -1.1         0.75    (15-84 p)


----- dataset: FIESTAdata_harps_mode1    ----- model: gp_multidimensional           
rot_amp                    4.6         -2.2          2.4    (15-84 p)
con_amp                   -2.4         -2.8          2.5    (15-84 p)

----- dataset:  FIESTAdata_harps_mode2
jitter_0                  0.93        -0.19         0.27    (15-84 p)
offset_0                   0.3         -1.7          2.0    (15-84 p)


----- dataset: FIESTAdata_harps_mode2    ----- model: gp_multidimensional           
rot_amp                   -5.8         -2.7          3.3    (15-84 p)
con_amp                    5.6         -4.0          4.2    (15-84 p)

----- dataset:  FIESTAdata_harpsn_mode1
jitter_0                 0.849       -0.078        0.093    (15-84 p)
offset_0                   0.7         -1.7          2.0    (15-84 p)


----- dataset: FIESTAdata_harpsn_mode1   ----- model: gp_multidimensional           
rot_amp                    5.4         -1.8          2.1    (15-84 p)
con_amp                    6.1         -1.5          1.7    (15-84 p)

----- dataset:  FIESTAdata_harpsn_mode2
jitter_0                 1.099       -0.095         0.12    (15-84 p)
offset_0                  -0.8         -2.5          2.0    (15-84 p)


----- dataset: FIESTAdata_harpsn_mode2   ----- model: gp_multidimensional           
rot_amp                   -5.1         -2.3          2.1    (15-84 p)
con_amp                   -7.2         -2.2          1.8    (15-84 p)

----- dataset:  FIESTAdata_neid_mode1
jitter_0                 0.917       -0.090         0.10    (15-84 p)
offset_0                   0.2         -1.1          1.4    (15-84 p)


----- dataset: FIESTAdata_neid_mode1     ----- model: gp_multidimensional           
rot_amp                   -2.2         -2.2          2.2    (15-84 p)
con_amp                    4.1         -1.3          1.5    (15-84 p)

----- dataset:  FIESTAdata_neid_mode2
jitter_0                  1.45        -0.13         0.16    (15-84 p)
offset_0                  -0.3         -1.6          1.3    (15-84 p)


----- dataset: FIESTAdata_neid_mode2     ----- model: gp_multidimensional           
rot_amp                    1.2         -3.2          3.1    (15-84 p)
con_amp                   -4.9         -2.2          1.9    (15-84 p)

----- common model:  b
P                        13.55        -0.19         0.20    (15-84 p)
K                         0.91        -0.17         0.16    (15-84 p)
mean_long                  247          -16           17    (15-84 p)
e                        0.064       -0.046        0.071    (15-84 p)
omega                      -11         -124          149    (15-84 p)

----- common model:  activity
Prot                     28.23        -0.38         0.37    (15-84 p)
Pdec                      42.7         -7.4          9.1    (15-84 p)
Oamp                     0.356       -0.033        0.033    (15-84 p)

----- common model:  star_parameters

====================================================================================================
     Statistics on the derived parameters obtained from the posteriors samples     
====================================================================================================

----- common model:  b
Inclination fixed to 90 deg!
Computing planetary mass under the approximation M_planet << M_star (threshold at 30.0 Me)
a_Rs                     23.91        -0.23         0.24    (15-84 p)
M_Mj                    0.0107      -0.0020       0.0019    (15-84 p)
M_Me                      3.39        -0.64         0.59    (15-84 p)
Tc                    59342.40        -0.61         0.60    (15-84 p)
a_AU_(M)                0.1112      -0.0011       0.0011    (15-84 p)
a_AU_(rho,R)            0.1112      -0.0011       0.0011    (15-84 p)


====================================================================================================
     ------------------------------------------------------------------------------------------     
====================================================================================================



35000.0   steps completed, average lnprob:,  -1374.0163241558348


Computing the autocorrelation time of the chains

***** WARNING ******
The integrated autocorrelation time cannot be reliably estimated
likely the chains are too short, and ACF analysis is not fully reliable
emcee.autocorr.integrated_time tolerance lowered to 20
If you still get a warning, you should drop these results entirely
Chains too short to apply convergence criteria
They should be at least 33900*nthin = 339000

====================================================================================================
     Statistics on the posterior of the sampler parameters     
====================================================================================================

----- dataset:  RVdata_expres
jitter_0         8          1.43        -0.10         0.11   (15-84 p)   [    0.0010,    11.5000]
offset_0         9          8.44        -0.76         0.62   (15-84 p)   [-9994.9840, 10012.5060]

----- dataset: RVdata_expres             ----- model: gp_multidimensional           
rot_amp         10          0.87        -0.62          1.1   (15-84 p)   [    0.0000,    10.0000]
con_amp         11          -2.0         -1.2          1.1   (15-84 p)   [  -20.0000,    20.0000]

----- dataset:  RVdata_harps
jitter_0        12          1.38        -0.12         0.13   (15-84 p)   [    0.0009,    12.9000]
offset_0        13           9.7         -1.8          2.0   (15-84 p)   [-9994.6135, 10012.7635]
offset_1        14          10.3         -1.9          2.0   (15-84 p)   [-9994.6135, 10012.7635]

----- dataset: RVdata_harps              ----- model: gp_multidimensional           
rot_amp         15           2.5         -1.6          2.2   (15-84 p)   [    0.0000,    10.0000]
con_amp         16           5.7         -2.1          2.4   (15-84 p)   [  -20.0000,    20.0000]

----- dataset:  RVdata_neid
jitter_0        17          1.45        -0.13         0.15   (15-84 p)   [    0.0011,    12.4000]
offset_0        18         10.01        -0.52         0.57   (15-84 p)   [-9993.5576, 10013.2194]

----- dataset: RVdata_neid               ----- model: gp_multidimensional           
rot_amp         19           1.7         -1.2          2.1   (15-84 p)   [    0.0000,    10.0000]
con_amp         20           0.5         -1.9          2.0   (15-84 p)   [  -20.0000,    20.0000]

----- dataset:  FIESTAdata_expres_mode1
jitter_0        21         0.740       -0.057        0.065   (15-84 p)   [    0.0017,    18.8973]
offset_0        22          0.05        -0.71         0.76   (15-84 p)   [-10002.3471, 10001.9133]

----- dataset: FIESTAdata_expres_mode1   ----- model: gp_multidimensional           
rot_amp         23          -6.7         -1.3          1.2   (15-84 p)   [  -10.0000,    10.0000]
con_amp         24          2.22        -0.78         0.90   (15-84 p)   [  -20.0000,    20.0000]

----- dataset:  FIESTAdata_expres_mode2
jitter_0        25         0.836       -0.068        0.078   (15-84 p)   [    0.0019,    21.6462]
offset_0        26         -0.08         -1.1         0.99   (15-84 p)   [-10002.8387, 10003.2038]

----- dataset: FIESTAdata_expres_mode2   ----- model: gp_multidimensional           
rot_amp         27          9.28         -1.0         0.53   (15-84 p)   [  -10.0000,    10.0000]
con_amp         28         -3.02         -1.0         0.88   (15-84 p)   [  -20.0000,    20.0000]

----- dataset:  FIESTAdata_harps_mode1
jitter_0        29          0.52        -0.11         0.15   (15-84 p)   [    0.0014,    14.6738]
offset_0        30         -0.23         -1.3         0.85   (15-84 p)   [-10001.3948, 10000.9942]

----- dataset: FIESTAdata_harps_mode1    ----- model: gp_multidimensional           
rot_amp         31           4.6         -2.4          2.5   (15-84 p)   [  -10.0000,    10.0000]
con_amp         32          -2.4         -3.0          2.9   (15-84 p)   [  -20.0000,    20.0000]

----- dataset:  FIESTAdata_harps_mode2
jitter_0        33          0.93        -0.19         0.28   (15-84 p)   [    0.0016,    17.3094]
offset_0        34           0.4         -1.8          2.4   (15-84 p)   [-10001.5483, 10001.6796]

----- dataset: FIESTAdata_harps_mode2    ----- model: gp_multidimensional           
rot_amp         35          -5.8         -2.7          3.6   (15-84 p)   [  -10.0000,    10.0000]
con_amp         36           5.6         -4.4          4.3   (15-84 p)   [  -20.0000,    20.0000]

----- dataset:  FIESTAdata_harpsn_mode1
jitter_0        37         0.851       -0.078        0.090   (15-84 p)   [    0.0011,    12.1232]
offset_0        38           1.0         -2.0          2.2   (15-84 p)   [-10002.3609, 10001.9648]

----- dataset: FIESTAdata_harpsn_mode1   ----- model: gp_multidimensional           
rot_amp         39           5.6         -1.8          2.0   (15-84 p)   [  -10.0000,    10.0000]
con_amp         40           6.3         -1.5          1.8   (15-84 p)   [  -20.0000,    20.0000]

----- dataset:  FIESTAdata_harpsn_mode2
jitter_0        41         1.100       -0.094         0.11   (15-84 p)   [    0.0012,    14.0334]
offset_0        42          -1.1         -2.6          2.5   (15-84 p)   [-10002.1892, 10002.9867]

----- dataset: FIESTAdata_harpsn_mode2   ----- model: gp_multidimensional           
rot_amp         43          -5.4         -2.4          2.2   (15-84 p)   [  -10.0000,    10.0000]
con_amp         44          -7.5         -2.2          1.9   (15-84 p)   [  -20.0000,    20.0000]

----- dataset:  FIESTAdata_neid_mode1
jitter_0        45         0.914       -0.088         0.10   (15-84 p)   [    0.0018,    19.3448]
offset_0        46           0.3         -1.4          1.5   (15-84 p)   [-10002.0261, 10002.1623]

----- dataset: FIESTAdata_neid_mode1     ----- model: gp_multidimensional           
rot_amp         47          -2.2         -2.3          2.2   (15-84 p)   [  -10.0000,    10.0000]
con_amp         48           4.2         -1.4          1.6   (15-84 p)   [  -20.0000,    20.0000]

----- dataset:  FIESTAdata_neid_mode2
jitter_0        49          1.45        -0.14         0.17   (15-84 p)   [    0.0021,    23.3084]
offset_0        50          -0.4         -1.9          1.6   (15-84 p)   [-10003.7352, 10003.4194]

----- dataset: FIESTAdata_neid_mode2     ----- model: gp_multidimensional           
rot_amp         51           1.1         -3.2          3.2   (15-84 p)   [  -10.0000,    10.0000]
con_amp         52          -5.1         -2.2          2.0   (15-84 p)   [  -20.0000,    20.0000]

----- common model:  b
P                0         3.762       -0.021        0.021   (15-84 p)   [    0.3785,     6.6439]
K                1         -0.14        -0.30         0.24   (15-84 p)   [   -9.9658,     3.3219]
sre_coso         2         -0.06        -0.20         0.22   (15-84 p)   [   -1.0000,     1.0000]
sre_sino         3         -0.01        -0.20         0.20   (15-84 p)   [   -1.0000,     1.0000]
mean_long        4           248          -17           17   (15-84 p)   [   62.4701,   422.4701]

----- common model:  activity
Prot             5         28.24        -0.37         0.36   (15-84 p)   [   20.0000,    35.0000]
Pdec             6          44.6         -8.2          9.1   (15-84 p)   [   30.0000,  1000.0000]
Oamp             7         -1.49        -0.14         0.13   (15-84 p)   [   -6.6439,     0.0000]

----- common model:  star_parameters

====================================================================================================
     Statistics on the model parameters obtained from the posteriors samples     
====================================================================================================

----- dataset:  RVdata_expres
jitter_0                  1.43        -0.10         0.11    (15-84 p)
offset_0                  8.44        -0.76         0.62    (15-84 p)


----- dataset: RVdata_expres             ----- model: gp_multidimensional           
rot_amp                   0.87        -0.62          1.1    (15-84 p)
con_amp                   -2.0         -1.2          1.1    (15-84 p)

----- dataset:  RVdata_harps
jitter_0                  1.38        -0.12         0.13    (15-84 p)
offset_0                   9.7         -1.8          2.0    (15-84 p)
offset_1                  10.3         -1.9          2.0    (15-84 p)


----- dataset: RVdata_harps              ----- model: gp_multidimensional           
rot_amp                    2.5         -1.6          2.2    (15-84 p)
con_amp                    5.7         -2.1          2.4    (15-84 p)

----- dataset:  RVdata_neid
jitter_0                  1.45        -0.13         0.15    (15-84 p)
offset_0                 10.01        -0.52         0.57    (15-84 p)


----- dataset: RVdata_neid               ----- model: gp_multidimensional           
rot_amp                    1.7         -1.2          2.1    (15-84 p)
con_amp                    0.5         -1.9          2.0    (15-84 p)

----- dataset:  FIESTAdata_expres_mode1
jitter_0                 0.740       -0.057        0.065    (15-84 p)
offset_0                  0.05        -0.71         0.76    (15-84 p)


----- dataset: FIESTAdata_expres_mode1   ----- model: gp_multidimensional           
rot_amp                   -6.7         -1.3          1.2    (15-84 p)
con_amp                   2.22        -0.78         0.90    (15-84 p)

----- dataset:  FIESTAdata_expres_mode2
jitter_0                 0.836       -0.068        0.078    (15-84 p)
offset_0                 -0.08         -1.1         0.99    (15-84 p)


----- dataset: FIESTAdata_expres_mode2   ----- model: gp_multidimensional           
rot_amp                   9.28         -1.0         0.53    (15-84 p)
con_amp                  -3.02         -1.0         0.88    (15-84 p)

----- dataset:  FIESTAdata_harps_mode1
jitter_0                  0.52        -0.11         0.15    (15-84 p)
offset_0                 -0.23         -1.3         0.85    (15-84 p)


----- dataset: FIESTAdata_harps_mode1    ----- model: gp_multidimensional           
rot_amp                    4.6         -2.4          2.5    (15-84 p)
con_amp                   -2.4         -3.0          2.9    (15-84 p)

----- dataset:  FIESTAdata_harps_mode2
jitter_0                  0.93        -0.19         0.28    (15-84 p)
offset_0                   0.4         -1.8          2.4    (15-84 p)


----- dataset: FIESTAdata_harps_mode2    ----- model: gp_multidimensional           
rot_amp                   -5.8         -2.7          3.6    (15-84 p)
con_amp                    5.6         -4.4          4.3    (15-84 p)

----- dataset:  FIESTAdata_harpsn_mode1
jitter_0                 0.851       -0.078        0.090    (15-84 p)
offset_0                   1.0         -2.0          2.2    (15-84 p)


----- dataset: FIESTAdata_harpsn_mode1   ----- model: gp_multidimensional           
rot_amp                    5.6         -1.8          2.0    (15-84 p)
con_amp                    6.3         -1.5          1.8    (15-84 p)

----- dataset:  FIESTAdata_harpsn_mode2
jitter_0                 1.100       -0.094         0.11    (15-84 p)
offset_0                  -1.1         -2.6          2.5    (15-84 p)


----- dataset: FIESTAdata_harpsn_mode2   ----- model: gp_multidimensional           
rot_amp                   -5.4         -2.4          2.2    (15-84 p)
con_amp                   -7.5         -2.2          1.9    (15-84 p)

----- dataset:  FIESTAdata_neid_mode1
jitter_0                 0.914       -0.088         0.10    (15-84 p)
offset_0                   0.3         -1.4          1.5    (15-84 p)


----- dataset: FIESTAdata_neid_mode1     ----- model: gp_multidimensional           
rot_amp                   -2.2         -2.3          2.2    (15-84 p)
con_amp                    4.2         -1.4          1.6    (15-84 p)

----- dataset:  FIESTAdata_neid_mode2
jitter_0                  1.45        -0.14         0.17    (15-84 p)
offset_0                  -0.4         -1.9          1.6    (15-84 p)


----- dataset: FIESTAdata_neid_mode2     ----- model: gp_multidimensional           
rot_amp                    1.1         -3.2          3.2    (15-84 p)
con_amp                   -5.1         -2.2          2.0    (15-84 p)

----- common model:  b
P                        13.56        -0.19         0.20    (15-84 p)
K                         0.91        -0.17         0.16    (15-84 p)
mean_long                  248          -17           17    (15-84 p)
e                        0.064       -0.045        0.070    (15-84 p)
omega                       -6         -131          146    (15-84 p)

----- common model:  activity
Prot                     28.24        -0.37         0.36    (15-84 p)
Pdec                      44.6         -8.2          9.1    (15-84 p)
Oamp                     0.356       -0.033        0.033    (15-84 p)

----- common model:  star_parameters

====================================================================================================
     Statistics on the derived parameters obtained from the posteriors samples     
====================================================================================================

----- common model:  b
Inclination fixed to 90 deg!
Computing planetary mass under the approximation M_planet << M_star (threshold at 30.0 Me)
a_Rs                     23.92        -0.23         0.24    (15-84 p)
M_Mj                    0.0106      -0.0020       0.0019    (15-84 p)
M_Me                      3.38        -0.64         0.61    (15-84 p)
Tc                    59342.40        -0.61         0.61    (15-84 p)
a_AU_(M)                0.1113      -0.0011       0.0011    (15-84 p)
a_AU_(rho,R)            0.1113      -0.0011       0.0011    (15-84 p)


====================================================================================================
     ------------------------------------------------------------------------------------------     
====================================================================================================



70000.0   steps completed, average lnprob:,  -1374.1135342158816


emcee completed


:::---::: PyORBIT v11.0.1 :::---:::

Python version in use:
3.10.18 (main, Jun  5 2025, 13:14:17) [GCC 11.2.0]
LaTeX disabled by default

Using orbital model:  keplerian
Using orbital parametrization:  Eastman2013

gp_multidimensional  S+LEAF model, number of harmonics: 4

GP model: gp_multidimensional  hyperparameters_condition:    True
GP model: gp_multidimensional  rotation_decay_condition:     True

### PyORBIT version used in the analysis:  11.0.1

 emcee version:  3.1.6

 Reference Time Tref: 59334.700184

 Data points:722
 Dimensions: 53
 Nwalkers:   212
 Steps:      70000


Number of samplings: 1166000

Recomputing ln-prior, it may take a while...

ln-probability   distribution:  -1374.48       -6.56      5.87 (15-84 p) 
ln-prior         distribution:   -243.58       -1.22      0.67 (15-84 p) 
ln-likelihood    distribution:  -1130.64       -6.44      5.77 (15-84 p) 


*** Information criteria using the likelihood distribution

 BIC from distribution  (using likelihood)  =   2610.13    -11.55   12.88 (15-84 p)
 AIC from distribution  (using likelihood)  =   2367.29    -11.55   12.88 (15-84 p)
 AICc from distribution (using likelihood)  =   2375.85    -11.55   12.88 (15-84 p)


*** Information criteria using the median parameter set

 ln_probability of Median solution =  -1349.82
 ln_priors of Median solution      =   -242.67
 ln_likelihood of Median solution  =  -1107.15

 Median BIC  (using likelihood) =   2563.15
 Median AIC  (using likelihood) =   2320.31
 Median AICc (using likelihood) =   2328.87


*** Information criteria using the MAP parameter set

 ln_probability of MAP solution =  -1353.50
 ln_priors of MAP solution      =   -243.53
 ln_likelihood of MAP solution  =  -1109.97

 MAP BIC  (using likelihood)    =   2568.79
 MAP AIC  (using likelihood)    =   2325.94
 MAP AICc (using likelihood)    =   2334.51

 AICc suggested over AIC because NDATA ( 722 ) < 40 * NDIM ( 53 )

****************************************************************************************************


Computing the autocorrelation time of the chains

***** WARNING ******
The integrated autocorrelation time cannot be reliably estimated
likely the chains are too short, and ACF analysis is not fully reliable
emcee.autocorr.integrated_time tolerance lowered to 20
If you still get a warning, you should drop these results entirely
Chains too short to apply convergence criteria
They should be at least 33900*nthin = 339000

 ACF computation failed, no plot will be generated 


====================================================================================================
     Ids, spaces (s), boundaries (b) and priors (p) of the sampler parameters     
====================================================================================================

----- dataset:  RVdata_expres
jitter_0      id:   8  s:Linear      b:[      0.0010,      11.5000]   p:Uniform   []
offset_0      id:   9  s:Linear      b:[  -9994.9840,   10012.5060]   p:Uniform   []

----- dataset: RVdata_expres             ----- model: gp_multidimensional           
rot_amp       id:  10  s:Linear      b:[      0.0000,      10.0000]   p:Uniform   []
con_amp       id:  11  s:Linear      b:[    -20.0000,      20.0000]   p:Uniform   []

----- dataset:  RVdata_harps
jitter_0      id:  12  s:Linear      b:[      0.0009,      12.9000]   p:Uniform   []
offset_0      id:  13  s:Linear      b:[  -9994.6135,   10012.7635]   p:Uniform   []
offset_1      id:  14  s:Linear      b:[  -9994.6135,   10012.7635]   p:Uniform   []

----- dataset: RVdata_harps              ----- model: gp_multidimensional           
rot_amp       id:  15  s:Linear      b:[      0.0000,      10.0000]   p:Uniform   []
con_amp       id:  16  s:Linear      b:[    -20.0000,      20.0000]   p:Uniform   []

----- dataset:  RVdata_neid
jitter_0      id:  17  s:Linear      b:[      0.0011,      12.4000]   p:Uniform   []
offset_0      id:  18  s:Linear      b:[  -9993.5576,   10013.2194]   p:Uniform   []

----- dataset: RVdata_neid               ----- model: gp_multidimensional           
rot_amp       id:  19  s:Linear      b:[      0.0000,      10.0000]   p:Uniform   []
con_amp       id:  20  s:Linear      b:[    -20.0000,      20.0000]   p:Uniform   []

----- dataset:  FIESTAdata_expres_mode1
jitter_0      id:  21  s:Linear      b:[      0.0017,      18.8973]   p:Uniform   []
offset_0      id:  22  s:Linear      b:[ -10002.3471,   10001.9133]   p:Uniform   []

----- dataset: FIESTAdata_expres_mode1   ----- model: gp_multidimensional           
rot_amp       id:  23  s:Linear      b:[    -10.0000,      10.0000]   p:Uniform   []
con_amp       id:  24  s:Linear      b:[    -20.0000,      20.0000]   p:Uniform   []

----- dataset:  FIESTAdata_expres_mode2
jitter_0      id:  25  s:Linear      b:[      0.0019,      21.6462]   p:Uniform   []
offset_0      id:  26  s:Linear      b:[ -10002.8387,   10003.2038]   p:Uniform   []

----- dataset: FIESTAdata_expres_mode2   ----- model: gp_multidimensional           
rot_amp       id:  27  s:Linear      b:[    -10.0000,      10.0000]   p:Uniform   []
con_amp       id:  28  s:Linear      b:[    -20.0000,      20.0000]   p:Uniform   []

----- dataset:  FIESTAdata_harps_mode1
jitter_0      id:  29  s:Linear      b:[      0.0014,      14.6738]   p:Uniform   []
offset_0      id:  30  s:Linear      b:[ -10001.3948,   10000.9942]   p:Uniform   []

----- dataset: FIESTAdata_harps_mode1    ----- model: gp_multidimensional           
rot_amp       id:  31  s:Linear      b:[    -10.0000,      10.0000]   p:Uniform   []
con_amp       id:  32  s:Linear      b:[    -20.0000,      20.0000]   p:Uniform   []

----- dataset:  FIESTAdata_harps_mode2
jitter_0      id:  33  s:Linear      b:[      0.0016,      17.3094]   p:Uniform   []
offset_0      id:  34  s:Linear      b:[ -10001.5483,   10001.6796]   p:Uniform   []

----- dataset: FIESTAdata_harps_mode2    ----- model: gp_multidimensional           
rot_amp       id:  35  s:Linear      b:[    -10.0000,      10.0000]   p:Uniform   []
con_amp       id:  36  s:Linear      b:[    -20.0000,      20.0000]   p:Uniform   []

----- dataset:  FIESTAdata_harpsn_mode1
jitter_0      id:  37  s:Linear      b:[      0.0011,      12.1232]   p:Uniform   []
offset_0      id:  38  s:Linear      b:[ -10002.3609,   10001.9648]   p:Uniform   []

----- dataset: FIESTAdata_harpsn_mode1   ----- model: gp_multidimensional           
rot_amp       id:  39  s:Linear      b:[    -10.0000,      10.0000]   p:Uniform   []
con_amp       id:  40  s:Linear      b:[    -20.0000,      20.0000]   p:Uniform   []

----- dataset:  FIESTAdata_harpsn_mode2
jitter_0      id:  41  s:Linear      b:[      0.0012,      14.0334]   p:Uniform   []
offset_0      id:  42  s:Linear      b:[ -10002.1892,   10002.9867]   p:Uniform   []

----- dataset: FIESTAdata_harpsn_mode2   ----- model: gp_multidimensional           
rot_amp       id:  43  s:Linear      b:[    -10.0000,      10.0000]   p:Uniform   []
con_amp       id:  44  s:Linear      b:[    -20.0000,      20.0000]   p:Uniform   []

----- dataset:  FIESTAdata_neid_mode1
jitter_0      id:  45  s:Linear      b:[      0.0018,      19.3448]   p:Uniform   []
offset_0      id:  46  s:Linear      b:[ -10002.0261,   10002.1623]   p:Uniform   []

----- dataset: FIESTAdata_neid_mode1     ----- model: gp_multidimensional           
rot_amp       id:  47  s:Linear      b:[    -10.0000,      10.0000]   p:Uniform   []
con_amp       id:  48  s:Linear      b:[    -20.0000,      20.0000]   p:Uniform   []

----- dataset:  FIESTAdata_neid_mode2
jitter_0      id:  49  s:Linear      b:[      0.0021,      23.3084]   p:Uniform   []
offset_0      id:  50  s:Linear      b:[ -10003.7352,   10003.4194]   p:Uniform   []

----- dataset: FIESTAdata_neid_mode2     ----- model: gp_multidimensional           
rot_amp       id:  51  s:Linear      b:[    -10.0000,      10.0000]   p:Uniform   []
con_amp       id:  52  s:Linear      b:[    -20.0000,      20.0000]   p:Uniform   []

----- common model:  b
P             id:   0  s:Log_Base2   b:[      0.3785,       6.6439]   p:Uniform   []
K             id:   1  s:Log_Base2   b:[     -9.9658,       3.3219]   p:Uniform   []
sre_coso      id:   2  s:Linear      b:[     -1.0000,       1.0000]   p:Uniform   []
sre_sino      id:   3  s:Linear      b:[     -1.0000,       1.0000]   p:Uniform   []
mean_long     id:   4  s:Linear      b:[     62.4701,     422.4701]   p:Uniform   []
e             derived (no id, space, bound)                           p:Gaussian   [0.    0.098]
omega         derived (no id, space, bound)                           p:Uniform   [0.0, 360.0]

----- common model:  activity
Prot          id:   5  s:Linear      b:[     20.0000,      35.0000]   p:Gaussian   [28.   0.5]
Pdec          id:   6  s:Linear      b:[     30.0000,    1000.0000]   p:Uniform   []
Oamp          id:   7  s:Log_Base2   b:[     -6.6439,       0.0000]   p:Gaussian   [0.35  0.035]

----- common model:  star_parameters
mass          derived (no id, space, bound)                           p:Gaussian   [1.e+00 1.e-06]
radius        derived (no id, space, bound)                           p:Gaussian   [1.e+00 1.e-06]
density       derived (no id, space, bound)                           p:Gaussian   [1.e+00 1.e-06]


****************************************************************************************************
****************************************************************************************************

 Confidence intervals (median value, 34.135th percentile from the median on the left and right side)

====================================================================================================
     Statistics on the posterior of the sampler parameters     
====================================================================================================

----- dataset:  RVdata_expres
jitter_0         8          1.43        -0.10         0.11   (15-84 p)   [    0.0010,    11.5000]
offset_0         9          8.44        -0.76         0.62   (15-84 p)   [-9994.9840, 10012.5060]

----- dataset: RVdata_expres             ----- model: gp_multidimensional           
rot_amp         10          0.87        -0.62          1.1   (15-84 p)   [    0.0000,    10.0000]
con_amp         11          -2.0         -1.2          1.1   (15-84 p)   [  -20.0000,    20.0000]

----- dataset:  RVdata_harps
jitter_0        12          1.38        -0.12         0.13   (15-84 p)   [    0.0009,    12.9000]
offset_0        13           9.7         -1.8          2.0   (15-84 p)   [-9994.6135, 10012.7635]
offset_1        14          10.3         -1.9          2.0   (15-84 p)   [-9994.6135, 10012.7635]

----- dataset: RVdata_harps              ----- model: gp_multidimensional           
rot_amp         15           2.5         -1.6          2.2   (15-84 p)   [    0.0000,    10.0000]
con_amp         16           5.7         -2.1          2.4   (15-84 p)   [  -20.0000,    20.0000]

----- dataset:  RVdata_neid
jitter_0        17          1.45        -0.13         0.15   (15-84 p)   [    0.0011,    12.4000]
offset_0        18         10.01        -0.52         0.57   (15-84 p)   [-9993.5576, 10013.2194]

----- dataset: RVdata_neid               ----- model: gp_multidimensional           
rot_amp         19           1.7         -1.2          2.1   (15-84 p)   [    0.0000,    10.0000]
con_amp         20           0.5         -1.9          2.0   (15-84 p)   [  -20.0000,    20.0000]

----- dataset:  FIESTAdata_expres_mode1
jitter_0        21         0.740       -0.057        0.065   (15-84 p)   [    0.0017,    18.8973]
offset_0        22          0.05        -0.71         0.76   (15-84 p)   [-10002.3471, 10001.9133]

----- dataset: FIESTAdata_expres_mode1   ----- model: gp_multidimensional           
rot_amp         23          -6.7         -1.3          1.2   (15-84 p)   [  -10.0000,    10.0000]
con_amp         24          2.22        -0.78         0.90   (15-84 p)   [  -20.0000,    20.0000]

----- dataset:  FIESTAdata_expres_mode2
jitter_0        25         0.836       -0.068        0.078   (15-84 p)   [    0.0019,    21.6462]
offset_0        26         -0.08         -1.1         0.99   (15-84 p)   [-10002.8387, 10003.2038]

----- dataset: FIESTAdata_expres_mode2   ----- model: gp_multidimensional           
rot_amp         27          9.28         -1.0         0.53   (15-84 p)   [  -10.0000,    10.0000]
con_amp         28         -3.02         -1.0         0.88   (15-84 p)   [  -20.0000,    20.0000]

----- dataset:  FIESTAdata_harps_mode1
jitter_0        29          0.52        -0.11         0.15   (15-84 p)   [    0.0014,    14.6738]
offset_0        30         -0.23         -1.3         0.85   (15-84 p)   [-10001.3948, 10000.9942]

----- dataset: FIESTAdata_harps_mode1    ----- model: gp_multidimensional           
rot_amp         31           4.6         -2.4          2.5   (15-84 p)   [  -10.0000,    10.0000]
con_amp         32          -2.4         -3.0          2.9   (15-84 p)   [  -20.0000,    20.0000]

----- dataset:  FIESTAdata_harps_mode2
jitter_0        33          0.93        -0.19         0.28   (15-84 p)   [    0.0016,    17.3094]
offset_0        34           0.4         -1.8          2.4   (15-84 p)   [-10001.5483, 10001.6796]

----- dataset: FIESTAdata_harps_mode2    ----- model: gp_multidimensional           
rot_amp         35          -5.8         -2.7          3.6   (15-84 p)   [  -10.0000,    10.0000]
con_amp         36           5.6         -4.4          4.3   (15-84 p)   [  -20.0000,    20.0000]

----- dataset:  FIESTAdata_harpsn_mode1
jitter_0        37         0.851       -0.078        0.090   (15-84 p)   [    0.0011,    12.1232]
offset_0        38           1.0         -2.0          2.2   (15-84 p)   [-10002.3609, 10001.9648]

----- dataset: FIESTAdata_harpsn_mode1   ----- model: gp_multidimensional           
rot_amp         39           5.6         -1.8          2.0   (15-84 p)   [  -10.0000,    10.0000]
con_amp         40           6.3         -1.5          1.8   (15-84 p)   [  -20.0000,    20.0000]

----- dataset:  FIESTAdata_harpsn_mode2
jitter_0        41         1.100       -0.094         0.11   (15-84 p)   [    0.0012,    14.0334]
offset_0        42          -1.1         -2.6          2.5   (15-84 p)   [-10002.1892, 10002.9867]

----- dataset: FIESTAdata_harpsn_mode2   ----- model: gp_multidimensional           
rot_amp         43          -5.4         -2.4          2.2   (15-84 p)   [  -10.0000,    10.0000]
con_amp         44          -7.5         -2.2          1.9   (15-84 p)   [  -20.0000,    20.0000]

----- dataset:  FIESTAdata_neid_mode1
jitter_0        45         0.914       -0.088         0.10   (15-84 p)   [    0.0018,    19.3448]
offset_0        46           0.3         -1.4          1.5   (15-84 p)   [-10002.0261, 10002.1623]

----- dataset: FIESTAdata_neid_mode1     ----- model: gp_multidimensional           
rot_amp         47          -2.2         -2.3          2.2   (15-84 p)   [  -10.0000,    10.0000]
con_amp         48           4.2         -1.4          1.6   (15-84 p)   [  -20.0000,    20.0000]

----- dataset:  FIESTAdata_neid_mode2
jitter_0        49          1.45        -0.14         0.17   (15-84 p)   [    0.0021,    23.3084]
offset_0        50          -0.4         -1.9          1.6   (15-84 p)   [-10003.7352, 10003.4194]

----- dataset: FIESTAdata_neid_mode2     ----- model: gp_multidimensional           
rot_amp         51           1.1         -3.2          3.2   (15-84 p)   [  -10.0000,    10.0000]
con_amp         52          -5.1         -2.2          2.0   (15-84 p)   [  -20.0000,    20.0000]

----- common model:  b
P                0         3.762       -0.021        0.021   (15-84 p)   [    0.3785,     6.6439]
K                1         -0.14        -0.30         0.24   (15-84 p)   [   -9.9658,     3.3219]
sre_coso         2         -0.06        -0.20         0.22   (15-84 p)   [   -1.0000,     1.0000]
sre_sino         3         -0.01        -0.20         0.20   (15-84 p)   [   -1.0000,     1.0000]
mean_long        4           248          -17           17   (15-84 p)   [   62.4701,   422.4701]

----- common model:  activity
Prot             5         28.24        -0.37         0.36   (15-84 p)   [   20.0000,    35.0000]
Pdec             6          44.6         -8.2          9.1   (15-84 p)   [   30.0000,  1000.0000]
Oamp             7         -1.49        -0.14         0.13   (15-84 p)   [   -6.6439,     0.0000]

----- common model:  star_parameters

====================================================================================================
     Statistics on the model parameters obtained from the posteriors samples     
====================================================================================================

----- dataset:  RVdata_expres
jitter_0                  1.43        -0.10         0.11    (15-84 p)
offset_0                  8.44        -0.76         0.62    (15-84 p)


----- dataset: RVdata_expres             ----- model: gp_multidimensional           
rot_amp                   0.87        -0.62          1.1    (15-84 p)
con_amp                   -2.0         -1.2          1.1    (15-84 p)

----- dataset:  RVdata_harps
jitter_0                  1.38        -0.12         0.13    (15-84 p)
offset_0                   9.7         -1.8          2.0    (15-84 p)
offset_1                  10.3         -1.9          2.0    (15-84 p)


----- dataset: RVdata_harps              ----- model: gp_multidimensional           
rot_amp                    2.5         -1.6          2.2    (15-84 p)
con_amp                    5.7         -2.1          2.4    (15-84 p)

----- dataset:  RVdata_neid
jitter_0                  1.45        -0.13         0.15    (15-84 p)
offset_0                 10.01        -0.52         0.57    (15-84 p)


----- dataset: RVdata_neid               ----- model: gp_multidimensional           
rot_amp                    1.7         -1.2          2.1    (15-84 p)
con_amp                    0.5         -1.9          2.0    (15-84 p)

----- dataset:  FIESTAdata_expres_mode1
jitter_0                 0.740       -0.057        0.065    (15-84 p)
offset_0                  0.05        -0.71         0.76    (15-84 p)


----- dataset: FIESTAdata_expres_mode1   ----- model: gp_multidimensional           
rot_amp                   -6.7         -1.3          1.2    (15-84 p)
con_amp                   2.22        -0.78         0.90    (15-84 p)

----- dataset:  FIESTAdata_expres_mode2
jitter_0                 0.836       -0.068        0.078    (15-84 p)
offset_0                 -0.08         -1.1         0.99    (15-84 p)


----- dataset: FIESTAdata_expres_mode2   ----- model: gp_multidimensional           
rot_amp                   9.28         -1.0         0.53    (15-84 p)
con_amp                  -3.02         -1.0         0.88    (15-84 p)

----- dataset:  FIESTAdata_harps_mode1
jitter_0                  0.52        -0.11         0.15    (15-84 p)
offset_0                 -0.23         -1.3         0.85    (15-84 p)


----- dataset: FIESTAdata_harps_mode1    ----- model: gp_multidimensional           
rot_amp                    4.6         -2.4          2.5    (15-84 p)
con_amp                   -2.4         -3.0          2.9    (15-84 p)

----- dataset:  FIESTAdata_harps_mode2
jitter_0                  0.93        -0.19         0.28    (15-84 p)
offset_0                   0.4         -1.8          2.4    (15-84 p)


----- dataset: FIESTAdata_harps_mode2    ----- model: gp_multidimensional           
rot_amp                   -5.8         -2.7          3.6    (15-84 p)
con_amp                    5.6         -4.4          4.3    (15-84 p)

----- dataset:  FIESTAdata_harpsn_mode1
jitter_0                 0.851       -0.078        0.090    (15-84 p)
offset_0                   1.0         -2.0          2.2    (15-84 p)


----- dataset: FIESTAdata_harpsn_mode1   ----- model: gp_multidimensional           
rot_amp                    5.6         -1.8          2.0    (15-84 p)
con_amp                    6.3         -1.5          1.8    (15-84 p)

----- dataset:  FIESTAdata_harpsn_mode2
jitter_0                 1.100       -0.094         0.11    (15-84 p)
offset_0                  -1.1         -2.6          2.5    (15-84 p)


----- dataset: FIESTAdata_harpsn_mode2   ----- model: gp_multidimensional           
rot_amp                   -5.4         -2.4          2.2    (15-84 p)
con_amp                   -7.5         -2.2          1.9    (15-84 p)

----- dataset:  FIESTAdata_neid_mode1
jitter_0                 0.914       -0.088         0.10    (15-84 p)
offset_0                   0.3         -1.4          1.5    (15-84 p)


----- dataset: FIESTAdata_neid_mode1     ----- model: gp_multidimensional           
rot_amp                   -2.2         -2.3          2.2    (15-84 p)
con_amp                    4.2         -1.4          1.6    (15-84 p)

----- dataset:  FIESTAdata_neid_mode2
jitter_0                  1.45        -0.14         0.17    (15-84 p)
offset_0                  -0.4         -1.9          1.6    (15-84 p)


----- dataset: FIESTAdata_neid_mode2     ----- model: gp_multidimensional           
rot_amp                    1.1         -3.2          3.2    (15-84 p)
con_amp                   -5.1         -2.2          2.0    (15-84 p)

----- common model:  b
P                        13.56        -0.19         0.20    (15-84 p)
K                         0.91        -0.17         0.16    (15-84 p)
mean_long                  248          -17           17    (15-84 p)
e                        0.064       -0.045        0.070    (15-84 p)
omega                      112         -159           93    (15-84 p)

----- common model:  activity
Prot                     28.24        -0.37         0.36    (15-84 p)
Pdec                      44.6         -8.2          9.1    (15-84 p)
Oamp                     0.356       -0.033        0.033    (15-84 p)

----- common model:  star_parameters

====================================================================================================
     Statistics on the derived parameters obtained from the posteriors samples     
====================================================================================================

----- common model:  b
Inclination fixed to 90 deg!
Computing planetary mass under the approximation M_planet << M_star (threshold at 30.0 Me)
a_Rs                     23.92        -0.23         0.24    (15-84 p)
M_Mj                    0.0106      -0.0020       0.0019    (15-84 p)
M_Me                      3.38        -0.64         0.61    (15-84 p)
Tc                    59342.40        -0.61         0.61    (15-84 p)
a_AU_(M)                0.1113      -0.0011       0.0011    (15-84 p)
a_AU_(rho,R)            0.1113      -0.0011       0.0011    (15-84 p)


====================================================================================================
     ------------------------------------------------------------------------------------------     
====================================================================================================



****************************************************************************************************

 Parameters corresponding to the Maximum a Posteriori probability ( -1353.4965008585036 )

====================================================================================================
     Statistics on the posterior of the sampler parameters     
====================================================================================================

----- dataset:  RVdata_expres
jitter_0         8      1.339351 [    0.0010,    11.5000]
offset_0         9      8.503501 [-9994.9840, 10012.5060]

----- dataset: RVdata_expres             ----- model: gp_multidimensional           
rot_amp         10      0.470574 [    0.0000,    10.0000]
con_amp         11     -0.697423 [  -20.0000,    20.0000]

----- dataset:  RVdata_harps
jitter_0        12      1.316925 [    0.0009,    12.9000]
offset_0        13      9.124921 [-9994.6135, 10012.7635]
offset_1        14      9.957537 [-9994.6135, 10012.7635]

----- dataset: RVdata_harps              ----- model: gp_multidimensional           
rot_amp         15      1.689919 [    0.0000,    10.0000]
con_amp         16      3.975793 [  -20.0000,    20.0000]

----- dataset:  RVdata_neid
jitter_0        17      1.301893 [    0.0011,    12.4000]
offset_0        18     10.098475 [-9993.5576, 10013.2194]

----- dataset: RVdata_neid               ----- model: gp_multidimensional           
rot_amp         19      1.060028 [    0.0000,    10.0000]
con_amp         20      0.098343 [  -20.0000,    20.0000]

----- dataset:  FIESTAdata_expres_mode1
jitter_0        21      0.826144 [    0.0017,    18.8973]
offset_0        22     -0.061471 [-10002.3471, 10001.9133]

----- dataset: FIESTAdata_expres_mode1   ----- model: gp_multidimensional           
rot_amp         23     -4.697193 [  -10.0000,    10.0000]
con_amp         24      1.084622 [  -20.0000,    20.0000]

----- dataset:  FIESTAdata_expres_mode2
jitter_0        25      0.755595 [    0.0019,    21.6462]
offset_0        26      0.274642 [-10002.8387, 10003.2038]

----- dataset: FIESTAdata_expres_mode2   ----- model: gp_multidimensional           
rot_amp         27      8.178873 [  -10.0000,    10.0000]
con_amp         28     -2.351633 [  -20.0000,    20.0000]

----- dataset:  FIESTAdata_harps_mode1
jitter_0        29      0.421374 [    0.0014,    14.6738]
offset_0        30     -0.102681 [-10001.3948, 10000.9942]

----- dataset: FIESTAdata_harps_mode1    ----- model: gp_multidimensional           
rot_amp         31      3.628877 [  -10.0000,    10.0000]
con_amp         32     -1.629909 [  -20.0000,    20.0000]

----- dataset:  FIESTAdata_harps_mode2
jitter_0        33      0.962644 [    0.0016,    17.3094]
offset_0        34      0.309897 [-10001.5483, 10001.6796]

----- dataset: FIESTAdata_harps_mode2    ----- model: gp_multidimensional           
rot_amp         35     -6.211868 [  -10.0000,    10.0000]
con_amp         36      3.660198 [  -20.0000,    20.0000]

----- dataset:  FIESTAdata_harpsn_mode1
jitter_0        37      0.804044 [    0.0011,    12.1232]
offset_0        38      0.503138 [-10002.3609, 10001.9648]

----- dataset: FIESTAdata_harpsn_mode1   ----- model: gp_multidimensional           
rot_amp         39      3.483834 [  -10.0000,    10.0000]
con_amp         40      5.456373 [  -20.0000,    20.0000]

----- dataset:  FIESTAdata_harpsn_mode2
jitter_0        41      0.999113 [    0.0012,    14.0334]
offset_0        42     -0.560233 [-10002.1892, 10002.9867]

----- dataset: FIESTAdata_harpsn_mode2   ----- model: gp_multidimensional           
rot_amp         43     -3.965540 [  -10.0000,    10.0000]
con_amp         44     -6.931522 [  -20.0000,    20.0000]

----- dataset:  FIESTAdata_neid_mode1
jitter_0        45      0.872304 [    0.0018,    19.3448]
offset_0        46      0.034530 [-10002.0261, 10002.1623]

----- dataset: FIESTAdata_neid_mode1     ----- model: gp_multidimensional           
rot_amp         47     -2.331849 [  -10.0000,    10.0000]
con_amp         48      3.422869 [  -20.0000,    20.0000]

----- dataset:  FIESTAdata_neid_mode2
jitter_0        49      1.413165 [    0.0021,    23.3084]
offset_0        50      0.240926 [-10003.7352, 10003.4194]

----- dataset: FIESTAdata_neid_mode2     ----- model: gp_multidimensional           
rot_amp         51      1.087103 [  -10.0000,    10.0000]
con_amp         52     -2.363261 [  -20.0000,    20.0000]

----- common model:  b
P                0      3.766438 [    0.3785,     6.6439]
K                1      0.004916 [   -9.9658,     3.3219]
sre_coso         2      0.017087 [   -1.0000,     1.0000]
sre_sino         3      0.054008 [   -1.0000,     1.0000]
mean_long        4    248.225789 [   62.4701,   422.4701]

----- common model:  activity
Prot             5     28.521167 [   20.0000,    35.0000]
Pdec             6     42.833804 [   30.0000,  1000.0000]
Oamp             7     -1.656373 [   -6.6439,     0.0000]

----- common model:  star_parameters

====================================================================================================
     Statistics on the model parameters obtained from the posteriors samples     
====================================================================================================

----- dataset:  RVdata_expres
jitter_0              1.339351 
offset_0              8.503501 


----- dataset: RVdata_expres             ----- model: gp_multidimensional           
rot_amp               0.470574 
con_amp              -0.697423 

----- dataset:  RVdata_harps
jitter_0              1.316925 
offset_0              9.124921 
offset_1              9.957537 


----- dataset: RVdata_harps              ----- model: gp_multidimensional           
rot_amp               1.689919 
con_amp               3.975793 

----- dataset:  RVdata_neid
jitter_0              1.301893 
offset_0             10.098475 


----- dataset: RVdata_neid               ----- model: gp_multidimensional           
rot_amp               1.060028 
con_amp               0.098343 

----- dataset:  FIESTAdata_expres_mode1
jitter_0              0.826144 
offset_0             -0.061471 


----- dataset: FIESTAdata_expres_mode1   ----- model: gp_multidimensional           
rot_amp              -4.697193 
con_amp               1.084622 

----- dataset:  FIESTAdata_expres_mode2
jitter_0              0.755595 
offset_0              0.274642 


----- dataset: FIESTAdata_expres_mode2   ----- model: gp_multidimensional           
rot_amp               8.178873 
con_amp              -2.351633 

----- dataset:  FIESTAdata_harps_mode1
jitter_0              0.421374 
offset_0             -0.102681 


----- dataset: FIESTAdata_harps_mode1    ----- model: gp_multidimensional           
rot_amp               3.628877 
con_amp              -1.629909 

----- dataset:  FIESTAdata_harps_mode2
jitter_0              0.962644 
offset_0              0.309897 


----- dataset: FIESTAdata_harps_mode2    ----- model: gp_multidimensional           
rot_amp              -6.211868 
con_amp               3.660198 

----- dataset:  FIESTAdata_harpsn_mode1
jitter_0              0.804044 
offset_0              0.503138 


----- dataset: FIESTAdata_harpsn_mode1   ----- model: gp_multidimensional           
rot_amp               3.483834 
con_amp               5.456373 

----- dataset:  FIESTAdata_harpsn_mode2
jitter_0              0.999113 
offset_0             -0.560233 


----- dataset: FIESTAdata_harpsn_mode2   ----- model: gp_multidimensional           
rot_amp              -3.965540 
con_amp              -6.931522 

----- dataset:  FIESTAdata_neid_mode1
jitter_0              0.872304 
offset_0              0.034530 


----- dataset: FIESTAdata_neid_mode1     ----- model: gp_multidimensional           
rot_amp              -2.331849 
con_amp               3.422869 

----- dataset:  FIESTAdata_neid_mode2
jitter_0              1.413165 
offset_0              0.240926 


----- dataset: FIESTAdata_neid_mode2     ----- model: gp_multidimensional           
rot_amp               1.087103 
con_amp              -2.363261 

----- common model:  b
P                    13.608520 
K                     1.003413 
mean_long           248.225789 
e                     0.003209 
omega                72.443380 

----- common model:  activity
Prot                 28.521167 
Pdec                 42.833804 
Oamp                  0.317236 

----- common model:  star_parameters

====================================================================================================
     Statistics on the derived parameters obtained from the posteriors samples     
====================================================================================================

----- common model:  b
Inclination fixed to 90 deg!
a_Rs                 23.976733 
M_Mj                  0.011785 
M_Me                  3.746282 
Tc                59342.323358 
a_AU_(M)              0.111552 
a_AU_(rho,R)          0.111551 


====================================================================================================
     ------------------------------------------------------------------------------------------     
====================================================================================================



****************************************************************************************************

 Parameters corresponding to the sample closest to the median values ( -1360.0785043055716 )

====================================================================================================
     Statistics on the posterior of the sampler parameters     
====================================================================================================

----- dataset:  RVdata_expres
jitter_0         8      1.420748 [    0.0010,    11.5000]
offset_0         9      8.649101 [-9994.9840, 10012.5060]

----- dataset: RVdata_expres             ----- model: gp_multidimensional           
rot_amp         10      0.093286 [    0.0000,    10.0000]
con_amp         11     -1.749562 [  -20.0000,    20.0000]

----- dataset:  RVdata_harps
jitter_0        12      1.396442 [    0.0009,    12.9000]
offset_0        13      9.258072 [-9994.6135, 10012.7635]
offset_1        14      9.699136 [-9994.6135, 10012.7635]

----- dataset: RVdata_harps              ----- model: gp_multidimensional           
rot_amp         15      2.661063 [    0.0000,    10.0000]
con_amp         16      6.773145 [  -20.0000,    20.0000]

----- dataset:  RVdata_neid
jitter_0        17      1.444875 [    0.0011,    12.4000]
offset_0        18      9.875399 [-9993.5576, 10013.2194]

----- dataset: RVdata_neid               ----- model: gp_multidimensional           
rot_amp         19      1.625430 [    0.0000,    10.0000]
con_amp         20      0.009605 [  -20.0000,    20.0000]

----- dataset:  FIESTAdata_expres_mode1
jitter_0        21      0.815690 [    0.0017,    18.8973]
offset_0        22     -0.061645 [-10002.3471, 10001.9133]

----- dataset: FIESTAdata_expres_mode1   ----- model: gp_multidimensional           
rot_amp         23     -6.851715 [  -10.0000,    10.0000]
con_amp         24      2.051247 [  -20.0000,    20.0000]

----- dataset:  FIESTAdata_expres_mode2
jitter_0        25      0.827305 [    0.0019,    21.6462]
offset_0        26      0.063316 [-10002.8387, 10003.2038]

----- dataset: FIESTAdata_expres_mode2   ----- model: gp_multidimensional           
rot_amp         27      8.601209 [  -10.0000,    10.0000]
con_amp         28     -3.336556 [  -20.0000,    20.0000]

----- dataset:  FIESTAdata_harps_mode1
jitter_0        29      0.375691 [    0.0014,    14.6738]
offset_0        30     -0.343098 [-10001.3948, 10000.9942]

----- dataset: FIESTAdata_harps_mode1    ----- model: gp_multidimensional           
rot_amp         31      4.850531 [  -10.0000,    10.0000]
con_amp         32     -1.705520 [  -20.0000,    20.0000]

----- dataset:  FIESTAdata_harps_mode2
jitter_0        33      0.919885 [    0.0016,    17.3094]
offset_0        34      0.767926 [-10001.5483, 10001.6796]

----- dataset: FIESTAdata_harps_mode2    ----- model: gp_multidimensional           
rot_amp         35     -5.026754 [  -10.0000,    10.0000]
con_amp         36      6.454090 [  -20.0000,    20.0000]

----- dataset:  FIESTAdata_harpsn_mode1
jitter_0        37      0.894524 [    0.0011,    12.1232]
offset_0        38      0.651023 [-10002.3609, 10001.9648]

----- dataset: FIESTAdata_harpsn_mode1   ----- model: gp_multidimensional           
rot_amp         39      4.186904 [  -10.0000,    10.0000]
con_amp         40      6.364931 [  -20.0000,    20.0000]

----- dataset:  FIESTAdata_harpsn_mode2
jitter_0        41      1.006426 [    0.0012,    14.0334]
offset_0        42     -0.628692 [-10002.1892, 10002.9867]

----- dataset: FIESTAdata_harpsn_mode2   ----- model: gp_multidimensional           
rot_amp         43     -4.759019 [  -10.0000,    10.0000]
con_amp         44     -8.155530 [  -20.0000,    20.0000]

----- dataset:  FIESTAdata_neid_mode1
jitter_0        45      0.824537 [    0.0018,    19.3448]
offset_0        46     -0.031192 [-10002.0261, 10002.1623]

----- dataset: FIESTAdata_neid_mode1     ----- model: gp_multidimensional           
rot_amp         47     -1.877278 [  -10.0000,    10.0000]
con_amp         48      3.487097 [  -20.0000,    20.0000]

----- dataset:  FIESTAdata_neid_mode2
jitter_0        49      1.567618 [    0.0021,    23.3084]
offset_0        50     -0.468177 [-10003.7352, 10003.4194]

----- dataset: FIESTAdata_neid_mode2     ----- model: gp_multidimensional           
rot_amp         51      1.305029 [  -10.0000,    10.0000]
con_amp         52     -5.775024 [  -20.0000,    20.0000]

----- common model:  b
P                0      3.767387 [    0.3785,     6.6439]
K                1     -0.434678 [   -9.9658,     3.3219]
sre_coso         2     -0.127057 [   -1.0000,     1.0000]
sre_sino         3      0.038645 [   -1.0000,     1.0000]
mean_long        4    249.762441 [   62.4701,   422.4701]

----- common model:  activity
Prot             5     27.906415 [   20.0000,    35.0000]
Pdec             6     38.057943 [   30.0000,  1000.0000]
Oamp             7     -1.429054 [   -6.6439,     0.0000]

----- common model:  star_parameters

====================================================================================================
     Statistics on the model parameters obtained from the posteriors samples     
====================================================================================================

----- dataset:  RVdata_expres
jitter_0              1.420748 
offset_0              8.649101 


----- dataset: RVdata_expres             ----- model: gp_multidimensional           
rot_amp               0.093286 
con_amp              -1.749562 

----- dataset:  RVdata_harps
jitter_0              1.396442 
offset_0              9.258072 
offset_1              9.699136 


----- dataset: RVdata_harps              ----- model: gp_multidimensional           
rot_amp               2.661063 
con_amp               6.773145 

----- dataset:  RVdata_neid
jitter_0              1.444875 
offset_0              9.875399 


----- dataset: RVdata_neid               ----- model: gp_multidimensional           
rot_amp               1.625430 
con_amp               0.009605 

----- dataset:  FIESTAdata_expres_mode1
jitter_0              0.815690 
offset_0             -0.061645 


----- dataset: FIESTAdata_expres_mode1   ----- model: gp_multidimensional           
rot_amp              -6.851715 
con_amp               2.051247 

----- dataset:  FIESTAdata_expres_mode2
jitter_0              0.827305 
offset_0              0.063316 


----- dataset: FIESTAdata_expres_mode2   ----- model: gp_multidimensional           
rot_amp               8.601209 
con_amp              -3.336556 

----- dataset:  FIESTAdata_harps_mode1
jitter_0              0.375691 
offset_0             -0.343098 


----- dataset: FIESTAdata_harps_mode1    ----- model: gp_multidimensional           
rot_amp               4.850531 
con_amp              -1.705520 

----- dataset:  FIESTAdata_harps_mode2
jitter_0              0.919885 
offset_0              0.767926 


----- dataset: FIESTAdata_harps_mode2    ----- model: gp_multidimensional           
rot_amp              -5.026754 
con_amp               6.454090 

----- dataset:  FIESTAdata_harpsn_mode1
jitter_0              0.894524 
offset_0              0.651023 


----- dataset: FIESTAdata_harpsn_mode1   ----- model: gp_multidimensional           
rot_amp               4.186904 
con_amp               6.364931 

----- dataset:  FIESTAdata_harpsn_mode2
jitter_0              1.006426 
offset_0             -0.628692 


----- dataset: FIESTAdata_harpsn_mode2   ----- model: gp_multidimensional           
rot_amp              -4.759019 
con_amp              -8.155530 

----- dataset:  FIESTAdata_neid_mode1
jitter_0              0.824537 
offset_0             -0.031192 


----- dataset: FIESTAdata_neid_mode1     ----- model: gp_multidimensional           
rot_amp              -1.877278 
con_amp               3.487097 

----- dataset:  FIESTAdata_neid_mode2
jitter_0              1.567618 
offset_0             -0.468177 


----- dataset: FIESTAdata_neid_mode2     ----- model: gp_multidimensional           
rot_amp               1.305029 
con_amp              -5.775024 

----- common model:  b
P                    13.617471 
K                     0.739859 
mean_long           249.762441 
e                     0.017637 
omega               163.082714 

----- common model:  activity
Prot                 27.906415 
Pdec                 38.057943 
Oamp                  0.371374 

----- common model:  star_parameters

====================================================================================================
     Statistics on the derived parameters obtained from the posteriors samples     
====================================================================================================

----- common model:  b
Inclination fixed to 90 deg!
a_Rs                 23.987261 
M_Mj                  0.008690 
M_Me                  2.762476 
Tc                59342.347288 
a_AU_(M)              0.111601 
a_AU_(rho,R)          0.111600 


====================================================================================================
     ------------------------------------------------------------------------------------------     
====================================================================================================



****************************************************************************************************

Inclination fixed to 90 deg!
Note: stellar density derived from stellar mass and radius

Inclination fixed to 90 deg!
Inclination fixed to 90 deg!
 Plot FLAT chain 

****************************************************************************************************

 Skipping full correlation plot due to the high number of parameters
 To avoid this behaviour, set the keyword parameters:force_full_correlation_plot to True

****************************************************************************************************

 Plotting the chains... 

****************************************************************************************************

 Plotting the Gelman-Rubin traces... 

     Gelman-Rubin:     8     1.051534 RVdata_expres_jitter_0 
     Gelman-Rubin:     9     1.354491 RVdata_expres_offset_0 
     Gelman-Rubin:    10     1.052167 RVdata_expres_gp_multidimensional_rot_amp 
     Gelman-Rubin:    11     1.058172 RVdata_expres_gp_multidimensional_con_amp 
     Gelman-Rubin:    12     1.042977 RVdata_harps_jitter_0 
     Gelman-Rubin:    13     1.421851 RVdata_harps_offset_0 
     Gelman-Rubin:    14     1.411785 RVdata_harps_offset_1 
     Gelman-Rubin:    15     1.051146 RVdata_harps_gp_multidimensional_rot_amp 
     Gelman-Rubin:    16     1.066982 RVdata_harps_gp_multidimensional_con_amp 
     Gelman-Rubin:    17     1.038903 RVdata_neid_jitter_0 
     Gelman-Rubin:    18     1.113785 RVdata_neid_offset_0 
     Gelman-Rubin:    19     1.050547 RVdata_neid_gp_multidimensional_rot_amp 
     Gelman-Rubin:    20     1.067548 RVdata_neid_gp_multidimensional_con_amp 
     Gelman-Rubin:    21     1.045705 FIESTAdata_expres_mode1_jitter_0 
     Gelman-Rubin:    22     1.408030 FIESTAdata_expres_mode1_offset_0 
     Gelman-Rubin:    23     1.037948 FIESTAdata_expres_mode1_gp_multidimensional_rot_amp 
     Gelman-Rubin:    24     1.055069 FIESTAdata_expres_mode1_gp_multidimensional_con_amp 
     Gelman-Rubin:    25     1.042461 FIESTAdata_expres_mode2_jitter_0 
     Gelman-Rubin:    26     1.414460 FIESTAdata_expres_mode2_offset_0 
     Gelman-Rubin:    27     1.029025 FIESTAdata_expres_mode2_gp_multidimensional_rot_amp 
     Gelman-Rubin:    28     1.051379 FIESTAdata_expres_mode2_gp_multidimensional_con_amp 
     Gelman-Rubin:    29     1.071662 FIESTAdata_harps_mode1_jitter_0 
     Gelman-Rubin:    30     1.257187 FIESTAdata_harps_mode1_offset_0 
     Gelman-Rubin:    31     1.082794 FIESTAdata_harps_mode1_gp_multidimensional_rot_amp 
     Gelman-Rubin:    32     1.111363 FIESTAdata_harps_mode1_gp_multidimensional_con_amp 
     Gelman-Rubin:    33     1.077312 FIESTAdata_harps_mode2_jitter_0 
     Gelman-Rubin:    34     1.310546 FIESTAdata_harps_mode2_offset_0 
     Gelman-Rubin:    35     1.102942 FIESTAdata_harps_mode2_gp_multidimensional_rot_amp 
     Gelman-Rubin:    36     1.103468 FIESTAdata_harps_mode2_gp_multidimensional_con_amp 
     Gelman-Rubin:    37     1.037346 FIESTAdata_harpsn_mode1_jitter_0 
     Gelman-Rubin:    38     1.459355 FIESTAdata_harpsn_mode1_offset_0 
     Gelman-Rubin:    39     1.045261 FIESTAdata_harpsn_mode1_gp_multidimensional_rot_amp 
     Gelman-Rubin:    40     1.047366 FIESTAdata_harpsn_mode1_gp_multidimensional_con_amp 
     Gelman-Rubin:    41     1.050317 FIESTAdata_harpsn_mode2_jitter_0 
     Gelman-Rubin:    42     1.451795 FIESTAdata_harpsn_mode2_offset_0 
     Gelman-Rubin:    43     1.044037 FIESTAdata_harpsn_mode2_gp_multidimensional_rot_amp 
     Gelman-Rubin:    44     1.048330 FIESTAdata_harpsn_mode2_gp_multidimensional_con_amp 
     Gelman-Rubin:    45     1.050345 FIESTAdata_neid_mode1_jitter_0 
     Gelman-Rubin:    46     1.432652 FIESTAdata_neid_mode1_offset_0 
     Gelman-Rubin:    47     1.046852 FIESTAdata_neid_mode1_gp_multidimensional_rot_amp 
     Gelman-Rubin:    48     1.062399 FIESTAdata_neid_mode1_gp_multidimensional_con_amp 
     Gelman-Rubin:    49     1.042863 FIESTAdata_neid_mode2_jitter_0 
     Gelman-Rubin:    50     1.417744 FIESTAdata_neid_mode2_offset_0 
     Gelman-Rubin:    51     1.042241 FIESTAdata_neid_mode2_gp_multidimensional_rot_amp 
     Gelman-Rubin:    52     1.052187 FIESTAdata_neid_mode2_gp_multidimensional_con_amp 
     Gelman-Rubin:     0     1.051230 b_P 
     Gelman-Rubin:     1     1.047356 b_K 
     Gelman-Rubin:     2     1.045178 b_sre_coso 
     Gelman-Rubin:     3     1.043897 b_sre_sino 
     Gelman-Rubin:     4     1.052273 b_mean_long 
     Gelman-Rubin:     5     1.053774 activity_Prot 
     Gelman-Rubin:     6     1.037134 activity_Pdec 
     Gelman-Rubin:     7     1.040441 activity_Oamp 

****************************************************************************************************

Plotting the common models corner plots
     Common model:  b
     Common model:  activity
     Common model:  star_parameters

****************************************************************************************************

Plotting the dataset + models corner plots 

     Dataset:  RVdata_expres     model:  gp_multidimensional  corner plot  starting 
     Dataset:  RVdata_expres     model:  gp_multidimensional  corner plot  done 
     Dataset:  RVdata_expres     model:  radial_velocities_b  corner plot  starting 
     Dataset:  RVdata_expres     model:  radial_velocities_b  corner plot  done 
     Dataset:  RVdata_harps     model:  gp_multidimensional  corner plot  starting 
     Dataset:  RVdata_harps     model:  gp_multidimensional  corner plot  done 
     Dataset:  RVdata_harps     model:  radial_velocities_b  corner plot  starting 
     Dataset:  RVdata_harps     model:  radial_velocities_b  corner plot  done 
     Dataset:  RVdata_neid     model:  gp_multidimensional  corner plot  starting 
     Dataset:  RVdata_neid     model:  gp_multidimensional  corner plot  done 
     Dataset:  RVdata_neid     model:  radial_velocities_b  corner plot  starting 
     Dataset:  RVdata_neid     model:  radial_velocities_b  corner plot  done 
     Dataset:  FIESTAdata_expres_mode1     model:  gp_multidimensional  corner plot  starting 
     Dataset:  FIESTAdata_expres_mode1     model:  gp_multidimensional  corner plot  done 
     Dataset:  FIESTAdata_expres_mode2     model:  gp_multidimensional  corner plot  starting 
     Dataset:  FIESTAdata_expres_mode2     model:  gp_multidimensional  corner plot  done 
     Dataset:  FIESTAdata_harps_mode1     model:  gp_multidimensional  corner plot  starting 
     Dataset:  FIESTAdata_harps_mode1     model:  gp_multidimensional  corner plot  done 
     Dataset:  FIESTAdata_harps_mode2     model:  gp_multidimensional  corner plot  starting 
     Dataset:  FIESTAdata_harps_mode2     model:  gp_multidimensional  corner plot  done 
     Dataset:  FIESTAdata_harpsn_mode1     model:  gp_multidimensional  corner plot  starting 
     Dataset:  FIESTAdata_harpsn_mode1     model:  gp_multidimensional  corner plot  done 
     Dataset:  FIESTAdata_harpsn_mode2     model:  gp_multidimensional  corner plot  starting 
     Dataset:  FIESTAdata_harpsn_mode2     model:  gp_multidimensional  corner plot  done 
     Dataset:  FIESTAdata_neid_mode1     model:  gp_multidimensional  corner plot  starting 
     Dataset:  FIESTAdata_neid_mode1     model:  gp_multidimensional  corner plot  done 
     Dataset:  FIESTAdata_neid_mode2     model:  gp_multidimensional  corner plot  starting 
     Dataset:  FIESTAdata_neid_mode2     model:  gp_multidimensional  corner plot  done 

****************************************************************************************************

 Saving the planet parameter samplings to files (with plots)

****************************************************************************************************

 Saving all the parameter samplings to files (with plots)

****************************************************************************************************

 Computing the models for plot/data writing 
     Splitting the plot array to allow GP prediction of extended datasets, it may take a while...
     # 21 chunks of 60 times each
     Check the documentation if the code is taking too long or if it crashes...
     Splitting the plot array to allow GP prediction of extended datasets, it may take a while...
     # 21 chunks of 60 times each
     Check the documentation if the code is taking too long or if it crashes...
     Splitting the plot array to allow GP prediction of extended datasets, it may take a while...
     # 21 chunks of 60 times each
     Check the documentation if the code is taking too long or if it crashes...
     Splitting the plot array to allow GP prediction of extended datasets, it may take a while...
     # 21 chunks of 60 times each
     Check the documentation if the code is taking too long or if it crashes...
     Splitting the plot array to allow GP prediction of extended datasets, it may take a while...
     # 21 chunks of 60 times each
     Check the documentation if the code is taking too long or if it crashes...
     Splitting the plot array to allow GP prediction of extended datasets, it may take a while...
     # 4 chunks of 60 times each
     Check the documentation if the code is taking too long or if it crashes...
     Splitting the plot array to allow GP prediction of extended datasets, it may take a while...
     # 4 chunks of 60 times each
     Check the documentation if the code is taking too long or if it crashes...
     Splitting the plot array to allow GP prediction of extended datasets, it may take a while...
     # 14 chunks of 60 times each
     Check the documentation if the code is taking too long or if it crashes...
     Splitting the plot array to allow GP prediction of extended datasets, it may take a while...
     # 14 chunks of 60 times each
     Check the documentation if the code is taking too long or if it crashes...
     Splitting the plot array to allow GP prediction of extended datasets, it may take a while...
     # 13 chunks of 60 times each
     Check the documentation if the code is taking too long or if it crashes...
     Splitting the plot array to allow GP prediction of extended datasets, it may take a while...
     # 13 chunks of 60 times each
     Check the documentation if the code is taking too long or if it crashes...
     Splitting the plot array to allow GP prediction of extended datasets, it may take a while...
     # 21 chunks of 60 times each
     Check the documentation if the code is taking too long or if it crashes...
     Splitting the plot array to allow GP prediction of extended datasets, it may take a while...
     # 21 chunks of 60 times each
     Check the documentation if the code is taking too long or if it crashes...
     Splitting the plot array to allow GP prediction of extended datasets, it may take a while...
     # 21 chunks of 60 times each
     Check the documentation if the code is taking too long or if it crashes...
     Splitting the plot array to allow GP prediction of extended datasets, it may take a while...
     # 21 chunks of 60 times each
     Check the documentation if the code is taking too long or if it crashes...
     Splitting the plot array to allow GP prediction of extended datasets, it may take a while...
     # 21 chunks of 60 times each
     Check the documentation if the code is taking too long or if it crashes...
     Splitting the plot array to allow GP prediction of extended datasets, it may take a while...
     # 4 chunks of 60 times each
     Check the documentation if the code is taking too long or if it crashes...
     Splitting the plot array to allow GP prediction of extended datasets, it may take a while...
     # 4 chunks of 60 times each
     Check the documentation if the code is taking too long or if it crashes...
     Splitting the plot array to allow GP prediction of extended datasets, it may take a while...
     # 14 chunks of 60 times each
     Check the documentation if the code is taking too long or if it crashes...
     Splitting the plot array to allow GP prediction of extended datasets, it may take a while...
     # 14 chunks of 60 times each
     Check the documentation if the code is taking too long or if it crashes...
     Splitting the plot array to allow GP prediction of extended datasets, it may take a while...
     # 13 chunks of 60 times each
     Check the documentation if the code is taking too long or if it crashes...
     Splitting the plot array to allow GP prediction of extended datasets, it may take a while...
     # 13 chunks of 60 times each
     Check the documentation if the code is taking too long or if it crashes...
     Splitting the plot array to allow GP prediction of extended datasets, it may take a while...
     # 21 chunks of 60 times each
     Check the documentation if the code is taking too long or if it crashes...
     Splitting the plot array to allow GP prediction of extended datasets, it may take a while...
     # 21 chunks of 60 times each
     Check the documentation if the code is taking too long or if it crashes...
     Splitting the plot array to allow GP prediction of extended datasets, it may take a while...
     # 21 chunks of 60 times each
     Check the documentation if the code is taking too long or if it crashes...
     Splitting the plot array to allow GP prediction of extended datasets, it may take a while...
     # 21 chunks of 60 times each
     Check the documentation if the code is taking too long or if it crashes...
     Splitting the plot array to allow GP prediction of extended datasets, it may take a while...
     # 21 chunks of 60 times each
     Check the documentation if the code is taking too long or if it crashes...
     Splitting the plot array to allow GP prediction of extended datasets, it may take a while...
     # 4 chunks of 60 times each
     Check the documentation if the code is taking too long or if it crashes...
     Splitting the plot array to allow GP prediction of extended datasets, it may take a while...
     # 4 chunks of 60 times each
     Check the documentation if the code is taking too long or if it crashes...
     Splitting the plot array to allow GP prediction of extended datasets, it may take a while...
     # 14 chunks of 60 times each
     Check the documentation if the code is taking too long or if it crashes...
     Splitting the plot array to allow GP prediction of extended datasets, it may take a while...
     # 14 chunks of 60 times each
     Check the documentation if the code is taking too long or if it crashes...
     Splitting the plot array to allow GP prediction of extended datasets, it may take a while...
     # 13 chunks of 60 times each
     Check the documentation if the code is taking too long or if it crashes...
     Splitting the plot array to allow GP prediction of extended datasets, it may take a while...
     # 13 chunks of 60 times each
     Check the documentation if the code is taking too long or if it crashes...
 Writing the plots 
 Writing the   data files 
 Writing the  MAP_ data files 
 Writing the  sampleMED_ data files 

****************************************************************************************************

