1.109313473444 
1.512420313329 
1.495989981048 
1.683229848472 
1.582438223132 
1.537074443632 
1.447088406004 
1.254805013735 
1.228209624924 
1.258919163610 
1.274370137960 
1.281159862611 
1.243135318417 
1.248474746038 
1.171587701384 
1.143101789324 
1.322461180268 
0.997898678248 
0.936944655855 
1.047914508470 
1.173895408946 
1.092805240546 
1.122116286249 
1.224287070849 
1.188644362387 
1.354407163534 
1.390589747079 
1.418842164540 
1.431874195383 
1.489691884525 
1.437483898761 
1.507263256856 
1.450736340649 
1.417971082043 
1.613776712545 
1.679671454455 
1.543891042078 
1.433346938788 
1.529795514774 
1.450825690138 
1.363208929610 
1.256264059380 
1.400617413204 
1.566063588902 
1.540489126059 
1.551378765989 
1.478997910661 
1.699800428258 
1.530598628774 
1.790793411512 
1.582062162238 
1.426026836808 
1.409535143087 
1.421234480293 
1.406662306543 
1.337291034805 
1.127744305853 
1.111147461584 
1.077963852947 
1.277072824424 
1.271370878209 
1.269288268893 
1.252998035119 
1.380478753658 
1.267740021920 
1.385444327027 
1.567121338948 
1.405760173075 
1.460474432446 
1.553341713203 
1.486737409587 
1.394858405425 
1.400938407864 
1.613947122072 
1.422336236575 
1.393447414241 
1.242835198099 
1.287605262514 
1.303148130883 
1.316944973664 
1.267933987018 
1.189757793248 
1.071542264465 
1.087185190852 
1.078593197240 
1.148790279682 
1.244727382585 
1.405328841744 
1.390101894029 
1.399686984199 
1.332599225861 
1.371300415254 
1.300849457880 
1.383719224216 
1.441423350216 
1.386642334121 
1.340005634557 
1.304871979390 
1.195106147750 
1.306042344961 
1.310324005711 
1.320880965348 
1.596226309309 
1.629385256689 
1.744915625018 
1.619523443048 
1.641858174021 
1.542045483802 
1.557306773605 
1.559756278603 
1.585173067320 
1.795179862998 
1.645064197262 
1.563522753031 
1.556293665484 
1.510531639279 
1.515171078378 
1.285461894268 
1.297751966545 
1.260315685909 
1.310085043717 
1.406768168669 
1.387719158115 
1.333967562848 
1.307846472547 
1.266770202717 
1.372449955589 
1.278974533333 
1.263437292751 
1.388914521061 
1.429342712317 
1.347236865560 
1.380028935115 
1.246766440511 
1.146963344436 
1.233299192017 
1.218507279631 
1.139536883551 
1.134790727941 
1.021594529821 
1.159534485451 
1.228428607231 
1.187989925992 
1.065919585897 
1.008784365863 
1.088076772562 
1.142805003374 
1.094762502376 
1.103013969510 
1.066297782461 
1.056226794558 
1.071723379818 
1.095281190306 
1.118044162590 
1.122377512556 
1.216196083671 
1.205161480964 
1.251333706931 
1.326950526010 
1.311867174765 
1.272210590159 
1.269594005099 
1.231146481060 
1.215781956571 
1.223059583402 
1.278052670598 
1.395927255838 
1.446205866776 
1.443172137669 
1.410221042730 
1.282216764537 
1.190216430908 
1.278116007195 
1.284819127133 
1.292806647590 
1.255762824674 
1.231202362093 
1.265843720672 
1.262427194632 
1.238343440412 
1.260283354907 
1.268448563159 
1.245502227044 
1.262734616958 
1.314112883588 
1.316696742702 
1.271161153177 
1.306483398859 
1.297476076759 
1.308617056780 
1.317012703426 
1.335922601447 
1.397849394358 
1.350614196422 
1.431976102132 
1.387036336060 
1.374761187769 
1.379412638236 
1.468601279927 
1.526772864121 
1.503390367649 
1.431549116719 
1.427220445769 
1.411735669490 
1.447665341613 
1.423663703782 
1.340593108673 
1.336918874130 
1.294587786948 
1.271087424616 
1.270717998732 
1.273477831791 
1.272010548685 
1.301567981738 
1.297429300772 
1.293295911326 
1.258382150872 
1.193526736906 
1.200157482502 
1.195505544968 
1.227598705820 
1.206217410437 
1.227664487154 
1.192077124540 
1.182656661405 
1.251082304402 
1.223467240723 
1.220106174374 
1.141233313901 
1.170079131426 
1.175268314070 
1.143543486243 
1.189469000573 
1.238907746795 
1.227477669094 
1.199808076942 
1.196249641018 
1.291033773248 
1.291556459362 
1.329738879546 
1.288217957926 
1.265047733408 
1.293212823552 
1.241028384828 
1.308094387666 
1.273721301194 
1.319277696825 
1.394941143431 
1.341304689122 
1.340470424030 
1.360279058577 
1.304375738335 
1.229131384841 
1.220562600257 
1.149630185984 
1.106502468030 
1.157279739685 
1.159381774184 
1.180713866634 
1.185499998579 
1.139858427312 
1.191627272156 
1.153659192705 
1.220392434701 
1.320658083631 
1.374610283209 
1.364641702354 
1.369930746548 
1.365213143851 
1.433446654855 
1.424665124673 
1.399349216348 
1.422925892812 
1.437812808177 
1.434296924607 
1.474598567328 
1.466330574567 
1.505369303523 
1.541582548001 
1.523912900032 
1.550554610632 
1.466312599981 
1.405486115101 
1.418688283052 
1.432757477439 
1.465933325929 
1.499114450124 
1.496837819698 
1.483647438093 
1.399052261761 
1.423412117449 
1.386891944732 
1.405206309284 
1.430404885225 
1.416536747310 
1.445327036993 
1.436576154252 
1.391175459493 
1.325714442594 
1.316423183879 
1.283788213786 
1.296173902156 
1.295504400104 
1.314886010897 
1.355101923094 
1.332224866082 
1.336359791215 
1.335469393523 
1.280085291743 
1.225147154412 
1.247950428880 
1.270847373373 
1.291904537064 
1.240985512013 
1.260616944992 
1.235007167724 
1.268203663867 
1.268375012897 
1.272469441587 
1.312241772067 
1.315913470928 
1.325242406298 
1.323001408281 
1.316170856967 
1.304397460082 
1.272912702756 
1.324953184804 
1.320057030129 
1.312974472024 
1.297828577121 
1.355747023997 
1.361625035422 
1.387417111526 
1.383559301525 
1.387344875827 
1.436875017270 
1.432895490779 
1.432726255986 
1.439351016064 
1.446122091502 
1.413289904785 
1.442739407930 
1.440698733135 
1.441116408629 
1.449378801992 
1.456892787789 
1.453305334424 
1.357298344438 
1.358435701363 
1.432666197740 
1.412423741286 
1.330764936196 
1.324668762187 
1.290820603756 
1.286653214015 
1.302852715840 
1.299979176129 
1.250201238543 
1.240442557180 
1.239327097758 
1.220656828554 
1.224282994762 
1.212906685913 
1.212832336029 
1.223040078439 
1.225609419288 
1.218899356824 
1.233813123418 
1.226580199281 
1.228075607551 
1.223796019130 
1.236523535083 
1.237390638643 
1.254839817143 
1.266393067640 
1.266849679930 
1.264273108192 
1.268315209273 
1.267638495419 
1.266396383233 
1.648926904565 
1.634602927316 
1.453725765827 
1.515445046367 
1.552149233348 
1.506161053467 
1.466480740988 
1.387635982261 
1.260635540575 
1.352659415727 
1.193918108717 
1.133883164097 
1.021163407439 
1.221546457529 
1.200624974292 
1.196643465984 
1.354162806875 
1.303254787953 
1.223014709817 
1.319889643678 
1.399844265310 
1.515875703487 
1.520589416852 
1.464529299020 
1.288988636830 
1.196121203590 
1.290134847054 
1.196586587781 
1.186072847337 
1.330557794936 
1.316738142051 
1.381245655654 
1.535558200740 
1.415512812649 
1.265636389940 
1.183296262414 
1.186671863125 
1.233060769520 
1.308085018949 
1.265911533563 
1.270008729576 
1.304918223464 
1.439777134693 
1.524271723425 
1.420969096967 
1.138172651848 
1.313857672014 
1.304314613870 
1.309142459092 
1.170615848255 
1.325503561668 
1.280165564387 
1.226954773143 
1.300121849186 
1.073422086453 
1.211925369183 
1.148989846534 
1.189064007279 
1.161868825422 
0.980545561645 
1.207394384206 
1.123374628804 
1.144270338465 
1.101619791727 
1.093737281392 
1.330715559943 
1.315417002928 
1.292079184885 
1.284924799394 
1.359804242789 
1.289822729052 
1.297529623176 
1.185668948514 
1.221749020558 
1.356698408088 
1.356534380269 
1.240105336223 
1.271571335938 
1.327048966764 
1.315999014068 
1.361803749752 
1.396213992088 
1.373928497695 
1.337782500691 
1.362692208087 
1.423044986675 
1.461258602318 
1.237964364367 
1.361767869140 
1.205223765643 
1.282080101640 
1.481714313825 
1.502347698382 
1.404884175954 
1.329299274967 
1.305622331586 
1.390599112391 
1.371181232302 
1.341259000821 
1.365640568127 
1.384883394789 
1.439997531313 
1.377736288788 
1.364435853799 
1.307547143000 
1.276893695536 
1.248217454799 
1.117775311826 
1.117172960742 
1.122615854276 
1.172255254717 
1.264478410979 
1.261527344787 
1.254562988251 
1.232600271378 
1.245880555592 
1.245977286357 
1.291058834308 
1.303211125733 
1.330019601912 
1.341319995741 
1.325165759945 
1.276796659526 
1.246966423130 
1.262287528347 
1.323047333978 
1.319014094630 
1.301992703264 
1.292602048898 
1.282660333435 
1.285064531929 
1.265359145423 
1.256510267353 
1.191411376015 
1.162934392679 
1.192352077999 
1.157101957488 
1.239536931057 
1.443594474910 
1.428305849638 
1.338566971589 
1.308366046865 
1.385338447417 
1.444134106049 
1.403070252929 
1.443727147690 
1.356586998341 
1.444331955144 
1.411524029976 
1.502870813900 
1.378055167757 
1.315419293414 
1.328368173661 
1.377972849821 
1.341227260358 
1.412238333718 
1.448939518006 
1.470477695581 
1.488687178413 
1.452173369521 
1.449765927546 
1.416235478726 
1.519075494062 
1.442600542682 
1.437509850057 
1.380169604117 
1.361395091599 
1.410002864505 
1.491881572141 
1.552288392040 
1.449613723865 
1.297139854595 
1.352569926691 
1.356197235069 
1.373394277223 
1.270388017997 
1.227735429994 
1.373716556708 
1.382153547286 
1.401617158532 
1.354336257499 
1.291140345133 
1.371350728819 
1.381801872655 
1.371583233313 
1.337908581934 
1.331951372961 
1.475181880965 
1.471476663418 
1.437650142057 
1.531280467182 
1.480904141061 
1.446232558589 
1.467888064219 
1.461659021471 
1.411383359658 
1.390234758892 
1.391009615287 
1.506162975670 
1.397113105856 
1.363386237521 
1.368898754758 
1.185822909128 
1.169424387043 
1.196512082483 
1.184215815728 
1.056024207301 
1.084303022868 
1.166914986309 
1.228991416714 
1.264904188608 
1.238995608149 
1.210689717156 
1.214064300879 
1.199745376563 
1.158725702938 
1.016426856299 
1.062183619662 
1.099067509367 
1.089903729082 
1.137206345152 
1.152610285609 
1.180081011349 
1.185611056436 
1.209790798445 
1.214486784254 
1.194661710109 
1.184941266199 
1.180263861153 
1.096415179350 
1.109943770906 
1.160449387573 
1.113558250091 
1.117233632810 
1.133650924372 
1.175045069931 
1.226573893064 
1.093763732230 
1.018054649608 
1.105764248822 
1.121471279869 
1.181856211153 
1.166998557974 
1.013100725900 
1.066657459040 
1.165461617950 
1.113380838484 
1.253089107274 
1.320262504749 
1.356656292281 
1.175859338271 
1.138768874392 
0.945874655417 
0.918956849773 
0.910588791961 
0.968841618336 
1.043982160889 
1.019693325415 
0.875308503644 
0.904144969535 
1.079851006364 
1.199795676510 
1.166418196405 
1.257741199457 
1.162525761184 
1.165603273640 
1.148600698298 
1.212050290797 
1.215440378068 
1.183008116763 
1.210090363101 
1.282978866632 
1.337751544782 
1.354238384728 
1.374615291654 
1.412356853082 
1.414878696678 
1.366366200564 
1.394121740377 
1.332818316386 
1.177258367900 
1.064238122424 
1.192899390898 
1.088785085200 
1.275721864191 
1.264579031662 
1.277859481417 
1.272100275456 
1.273843776275 
1.278455037918 
1.291045476174 
1.397745712479 
1.268344678851 
1.253308291594 
1.266449999545 
1.306779594028 
1.302162133639 
1.305116790320 
1.326213888522 
1.252536348117 
1.237884684052 
1.229445163395 
1.181963040353 
1.228453243064 
1.162756543068 
1.266364310729 
1.258509360738 
1.227570958398 
1.371451581941 
1.356900890077 
1.398409794877 
1.402022901128 
1.332151921583 
1.350972292944 
1.312616993559 
1.280689291234 
1.267155800599 
1.254823658516 
1.269638309350 
1.342221773252 
1.341807505123 
1.214549851633 
1.246917219439 
1.222226736729 
1.122568294218 
1.197426555866 
1.395751269654 
1.301971234911 
1.306151550720 
1.343146608955 
1.337817406039 
1.335058896949 
1.261294796083 
1.238891916585 
1.234575368798 
1.219468835871 
1.305257735598 
1.164801977560 
1.194046116200 
1.194046116200 
1.194104414217 
1.255134719332 
1.198933641294 
1.171662268002 
1.142281121301 
1.178028142346 
1.103892607280 
1.091808402988 
1.113727583035 
1.116365203264 
1.087752932211 
1.090470066514 
1.037088210777 
1.105145002497 
1.142610920486 
1.157785522571 
1.133171977693 
1.194784189522 
1.222363672649 
1.258223029799 
1.245934068986 
1.245934068986 
1.174391170691 
1.174391170691 
1.174391170691 
1.206249219627 
1.292066941318 
1.305568511537 
1.355432386319 
1.388984037989 
1.364114993044 
1.299072389674 
1.278836961705 
1.424308037476 
1.427817039992 
1.492278049395 
1.473353604733 
1.188596762896 
1.035747871692 
1.152875811844 
1.377676146063 
1.355474771539 
1.346453028669 
1.341043450908 
1.288996227366 
1.328956291012 
1.282415138772 
1.332763003858 
1.243328373145 
1.174759786764 
1.237740672735 
1.305597959769 
1.309710082842 
1.181006706339 
1.133169054192 
1.126030199536 
1.130565535931 
1.247771307126 
1.166213131124 
1.190326325546 
1.170452433126 
1.111305031670 
1.165095557492 
1.132792638747 
1.057558048463 
1.205128711700 
1.134926838887 
1.245900536213 
1.236056238620 
1.299257138269 
1.322936395418 
1.474678025271 
1.494047061107 
1.486532641208 
1.506995081356 
1.444512238380 
1.422582849160 
1.427377068595 
1.345289571345 
1.416727707092 
1.389939942347 
1.403579393895 
1.424303071900 
1.426525313974 
1.437178378176 
1.380694056347 
1.350131826655 
1.360943162212 
1.304875160144 
1.312829433255 
1.282344944167 
1.281353328977 
1.280812300046 
1.301144338933 
1.385420165846 
1.392400230420 
1.421616366806 
1.438495029922 
1.400716184680 
1.370978914804 
1.370544183791 
1.357104603906 
1.321534066853 
1.355820707497 
1.359449835289 
1.337003837740 
1.382765382073 
1.383794976647 
1.379889936205 
1.427896053579 
1.422887728278 
1.439725042331 
1.413918301810 
1.442532654959 
1.375562018682 
1.400132724909 
1.409852036611 
1.403026684325 
1.433485507349 
1.463185574725 
1.510193414418 
1.498496022958 
1.577434389927 
1.517914028865 
1.491990232873 
1.462166167947 
1.456850921730 
1.441178662612 
1.422793331845 
1.443519873773 
1.425926653746 
1.390273390952 
1.430452215166 
1.596492223654 
1.474669413363 
1.584840914737 
1.413303351527 
1.257523256081 
1.236992594059 
1.326153247209 
1.244560711452 
1.287279408372 
1.217405440465 
1.297574506062 
1.310136275029 
1.299791152467 
1.288257942902 
1.239525977402 
1.293441862570 
1.318398843414 
1.290642459875 
1.263913707443 
1.201293833892 
1.255077920148 
1.278057519716 
1.307117138881 
1.300277919348 
1.340684208248 
1.368818914010 
1.353622045135 
1.359400733848 
1.343418268269 
1.335160043068 
1.325157509751 
1.287919586293 
1.258370798823 
1.218275564294 
1.195454839776 
1.256388414297 
1.384882553677 
1.286888897474 
1.305121981351 
1.357978166345 
1.293583201191 
1.254988947816 
1.236899545055 
1.272656824384 
1.366749493393 
1.317177357543 
1.301150243512 
1.267677757689 
1.311642101851 
1.370004285819 
1.409105641369 
1.411022816295 
1.401850522766 
1.385844570164 
1.286892594186 
1.263925063570 
1.253960179441 
1.266185258181 
1.161697628681 
1.198893572465 
1.158859932407 
1.149184873305 
1.161467042747 
1.106868206175 
0.999055844832 
1.062222588365 
1.080413151991 
0.991912509766 
1.075289585054 
1.103925241927 
1.070509303312 
1.067424802852 
1.091791109763 
1.161266526746 
1.139034902161 
1.165464581054 
1.132253775226 
1.134446904096 
1.156056960575 
1.138665841946 
1.106340663683 
1.110902047290 
1.100381710389 
1.094452802360 
1.138839551927 
1.128404525061 
1.126327333572 
1.146055466564 
1.076100336687 
0.978534221819 
1.078595224495 
1.127359912310 
1.143656794395 
1.177833515873 
1.097500838073 
1.100497262375 
1.064059303395 
1.119305368704 
1.133681398336 
1.157635338292 
1.139763590430 
1.154962217731 
1.164681829488 
1.206296809465 
1.165275855112 
1.169218455830 
1.152971513434 
1.150468213189 
1.147666173767 
1.192273637675 
1.190498181026 
1.151965535818 
1.169033383949 
1.193185464639 
1.194876095937 
1.189365971489 
1.188291617842 
1.181661709872 
1.182760098482 
1.204983167873 
1.133369747776 
1.153718238443 
1.136295242573 
1.197157881646 
1.217516940717 
1.223106961037 
1.264249653460 
1.247711587260 
1.223214138675 
1.221767794860 
1.224583864694 
1.233318909552 
1.211557208598 
1.240078554514 
1.251895416248 
1.287309883415 
1.279224726670 
1.289736819527 
1.308556286938 
1.313187414470 
1.315588556118 
1.284416261668 
1.291346801236 
1.275084141869 
1.272493229905 
1.284246831833 
1.336296050360 
1.317703821123 
1.318937054069 
1.318816781737 
1.318816781737 
1.319403063047 
1.346974339566 
1.337642548057 
1.346018196406 
1.321925674192 
1.313404471570 
1.324438384763 
1.314798869903 
1.314798869903 
1.242518999840 
1.301463604846 
1.324951852298 
1.369911052310 
1.373773358510 
1.329253862813 
1.377251653874 
1.549397749034 
1.523579622719 
1.497964989782 
1.519547185841 
1.518971625034 
1.534627912342 
1.557027020029 
1.569356536661 
1.568275395324 
1.571048873192 
1.610606482628 
1.572524176285 
1.579216478781 
1.599525504430 
1.550047734959 
1.512204064541 
1.547966298819 
1.505147995343 
1.529092740525 
1.530237299929 
1.471910183604 
1.487195506354 
1.370363179670 
1.431005498091 
1.405489858339 
1.406141361965 
1.313231581518 
1.285612824148 
1.321563177210 
1.337574534822 
1.346623965757 
1.350802299913 
1.362936415470 
1.373207906448 
1.339348568996 
1.281791308162 
1.268581384535 
1.303841968999 
1.304321187430 
1.346272996926 
1.346272996926 
1.365748298979 
1.373386589888 
1.375347646210 
1.280745636869 
1.271253715136 
1.337821302020 
1.351375600542 
1.393973564760 
1.319916371683 
1.242321166058 
1.239542504303 
1.249275071416 
1.279382573861 
1.302615615375 
1.314292431948 
1.314491126690 
1.304151622552 
1.263653372737 
1.266621427283 
1.273181470238 
1.273181470238 
1.277323619312 
1.269775295346 
1.266348302365 
1.266578013821 
1.278418708496 
1.264582307386 
1.264383772776 
1.265289775061 
1.263087295506 
1.267915859170 
1.267915859170 
1.267494229219 
1.247491412447 
1.247392623586 
1.247392623586 
1.256146289998 
1.256146854819 
1.257964987729 
1.256869206300 
1.259796390740 
1.251082513095 
1.251467625681 
1.253255646805 
1.252953775974 
1.253742775853 
1.246566919190 
1.308282201388 
1.303825466061 
1.324735493943 
1.324735493943 
1.341870237632 
1.326770945748 
1.415067098325 
1.411909909241 
1.436727013807 
1.434048969041 
1.465714937259 
1.482139436955 
1.454078091906 
1.482016932352 
1.481632670005 
1.481632670005 
1.481508972218 
1.481508972218 
1.489414332483 
1.483107425461 
1.480564418126 
1.436777423528 
1.385665826305 
1.367437171383 
1.376553305288 
1.385744553807 
1.405968110089 
1.404626528854 
1.407489432435 
1.441233459190 
1.446364504709 
1.461147187610 
1.478525515748 
1.205490753238 
1.118492412598 
1.425977781792 
1.031027719205 
1.127654159760 
1.249912459674 
1.105635077695 
1.298762052815 
1.343706005751 
1.315035054910 
1.071482669825 
1.041261612883 
1.082835790308 
1.031941331663 
1.087755456771 
1.267477596500 
1.209370601637 
1.211326444782 
1.096083269310 
1.034851495582 
1.243456289704 
1.047400308939 
1.141647384998 
1.152677194367 
1.278182930340 
1.273061290486 
1.316781868148 
1.272677096767 
1.374963873637 
1.324832952693 
1.288454768260 
1.282628422302 
1.531269736714 
1.402558821986 
1.518343681935 
1.410646140399 
1.372123971638 
1.261565037268 
1.275898489636 
1.204198425462 
1.176981741093 
1.206393561852 
1.188132001114 
1.303596722782 
1.387196643027 
1.187249318936 
1.264504450458 
1.214406414722 
1.166870622193 
1.166091075908 
1.283622931885 
1.313738634320 
1.238970649791 
1.323910244151 
1.294045534059 
1.259023737446 
1.256439168743 
1.168708749098 
1.088109609889 
1.166291317035 
1.218065701377 
1.349822548853 
1.256444334772 
1.356199147597 
1.196427146188 
1.321053329252 
1.278107008085 
1.250779583802 
1.214650615078 
1.116893580669 
1.174123006602 
1.132905732004 
1.130521136584 
1.193673374411 
1.243222878993 
1.098985097316 
1.181744960794 
1.239092069641 
1.362051326259 
1.371418521831 
1.407276600829 
1.452808359526 
1.325622552377 
1.122371562357 
1.169840745959 
1.183101930012 
1.006211616157 
1.008911472538 
1.048791458887 
1.262733114555 
1.274979906899 
1.193576350399 
1.279002225632 
1.104461268782 
1.321192921047 
1.319351873517 
1.357274679724 
1.374672862995 
1.384674474427 
1.351520637792 
1.393658054214 
1.401599933678 
1.510568064006 
1.401633172679 
1.485443795028 
1.417273067706 
1.469908222997 
1.503797329478 
1.344406866380 
1.351414694823 
1.273925992661 
1.172377433317 
1.221179027774 
1.026576637763 
1.118693856239 
1.074255308881 
1.302885267895 
1.548585206424 
1.555486433062 
1.530485269107 
1.419303524143 
1.439830096293 
1.439983370843 
1.390035384346 
1.348900208707 
1.358894900997 
1.383387021270 
1.433560831764 
1.519096894085 
1.495201910233 
1.451627295099 
1.401310466710 
1.423781042030 
1.433588318866 
1.372653136324 
1.362808483800 
1.326698417767 
1.169525138215 
1.165215493300 
1.229486994015 
1.214497107437 
1.022414139830 
1.086784807104 
1.097971705240 
1.086273069012 
1.121112577917 
1.131693908402 
1.101792388125 
1.102115692315 
1.253805600770 
1.102405857630 
1.154908278543 
1.091402735647 
1.169825743198 
1.358448443021 
1.299393014934 
1.229987492165 
1.280893392274 
1.231194330127 
1.267056846725 
1.344328479649 
1.345687022084 
1.379192525800 
1.370356780124 
1.317532870966 
1.253020680065 
1.175682417007 
1.141120790157 
1.093748135719 
1.126581611033 
1.198306960586 
1.220735198971 
1.453722674726 
1.411631705257 
1.174932739875 
1.165855827833 
1.350978482912 
1.457142987932 
1.445694895686 
1.482056234721 
1.108268951652 
1.068645725691 
1.139893317272 
1.199314048040 
1.286293802950 
1.360270982107 
1.400260450717 
1.395643719602 
1.444934525038 
1.325937322174 
1.387927970448 
1.338448624019 
1.291410835250 
1.222985069031 
1.247812171212 
1.280789072427 
1.323813445424 
1.349884993375 
1.317149156671 
1.419439585421 
1.491275839346 
1.435668547826 
1.355591697384 
1.330210416676 
1.453012356812 
1.296688965407 
1.337935972708 
1.155825233947 
1.096418413009 
1.141104871234 
1.199833760776 
1.156443460922 
1.211822725559 
1.226132593033 
1.331952014410 
1.348150124788 
1.362111493953 
1.367013889260 
1.360101524635 
1.357454807292 
1.434274988076 
1.452722731271 
1.442262718936 
1.423007933196 
1.463396726533 
1.443320256203 
1.425252976541 
1.426025438636 
1.461225552552 
1.491793616231 
1.470018536880 
1.467155455502 
1.447913607514 
1.429595978989 
1.465776513243 
1.470557212482 
1.544662528278 
1.548323686972 
1.414200784946 
1.397676495686 
1.416555159902 
1.343005768334 
1.376444148329 
1.350497548836 
1.362199332572 
1.366543390816 
1.423809984198 
1.452417081524 
1.461642795771 
1.387337175188 
1.364611910100 
1.476714484244 
1.408974711975 
1.343328974338 
1.538884934762 
1.420033064100 
1.625669561064 
1.423130290884 
1.287731834103 
1.267586597074 
1.291745770562 
1.254486296649 
1.298312934833 
1.273519683977 
1.323001508387 
1.336397359377 
1.372886259677 
1.384744082491 
1.458249251793 
1.430831992018 
1.435352290279 
1.470440229589 
1.456864422265 
1.466635372108 
1.421735097265 
1.446964258557 
1.417524425434 
1.407478937689 
1.405212342163 
1.307272857156 
1.308042272215 
1.362945259200 
1.465437495844 
1.462097341625 
1.512897469379 
1.490974134279 
1.372021733276 
1.339850101369 
1.334917017779 
1.440701528586 
1.433401854086 
1.428408221636 
1.370323899641 
1.363875414419 
1.279773709751 
1.198441843608 
1.205658436387 
1.371575662656 
1.258109917776 
1.235858142609 
1.305918706148 
1.401648097614 
1.299392603819 
1.338052133927 
1.194790306286 
1.013023021937 
0.910906597714 
1.261306751286 
1.059434648679 
1.223896621680 
1.223749925662 
1.165679292390 
1.248630115074 
1.274182187262 
1.395952013782 
1.341530786881 
1.338978505633 
1.287145348805 
1.240257901196 
1.172428253728 
1.144241414099 
1.219709862265 
1.313724005674 
1.330908913127 
1.337124345601 
1.276538055903 
1.230116872198 
1.214039477008 
1.310205383903 
1.262093474982 
1.129236714461 
1.048026734695 
1.129787788986 
1.156972298698 
1.136681908720 
1.115519335004 
1.115519335004 
1.159015228375 
1.148139665536 
1.173836252156 
1.178199314709 
1.181687301449 
1.177363031332 
1.215021473409 
1.227799770829 
1.167160046429 
1.253067590248 
1.282630273425 
1.281001817569 
1.336371170754 
1.286709659993 
1.326038161783 
1.318205057752 
1.319567135879 
1.345438464716 
1.301925420783 
1.266469952402 
1.321732462013 
1.333608239434 
1.360554258470 
1.385677730121 
1.342199642023 
1.353515986454 
1.626495611610 
1.570615784347 
1.497815922744 
1.610659698391 
1.340730688615 
1.387088004708 
1.306345640409 
1.373408793648 
1.408816871447 
1.534045011765 
1.514468064939 
1.471340959213 
1.470060420420 
1.556231599534 
1.605301945241 
1.570124375464 
1.395813973539 
1.553149190600 
1.460602980549 
1.484042288619 
1.742509083737 
1.708404439659 
1.664977934994 
1.571016813569 
1.599833633893 
1.568155699786 
1.591530838317 
1.681820998464 
1.602745325058 
1.554451004091 
1.502961649092 
1.460163354916 
1.460831185461 
1.531177363311 
1.415596678676 
1.454116863670 
1.698765854119 
1.437976967578 
1.360034351776 
1.346133945844 
1.391563098599 
1.395557683815 
1.301275309364 
1.308433421743 
1.246904151834 
1.291562778126 
1.287644144896 
1.254946199953 
1.178395808076 
1.300241887809 
1.291133061568 
1.285796810883 
1.446397238521 
1.313081571233 
1.431333157877 
1.510915100955 
1.406405995326 
1.399729354470 
1.403292278600 
1.434024228730 
1.377412970763 
1.551047004389 
1.399982220648 
1.415222525532 
1.328038158197 
1.182822404583 
1.161764091191 
1.125603231683 
1.063845286454 
1.247079358876 
1.288734312179 
1.243285257958 
1.319582665588 
1.139020830301 
1.202404479693 
1.180202652831 
1.184176780385 
1.183426434152 
1.211653901617 
1.205628622515 
1.244473179815 
1.183558711756 
1.314093507911 
1.046722371905 
1.231254193895 
0.975777238602 
0.873998372635 
1.273710847701 
1.373833998435 
1.327371985030 
1.322561202843 
1.290508160368 
1.313422820113 
1.296014209340 
1.723342648372 
1.696490558893 
1.659118818916 
1.647405271421 
1.650678910349 
1.776027061293 
1.832690893393 
1.698918088144 
1.611289847786 
1.610465839627 
1.402346464110 
1.427893009705 
1.457728796853 
1.462243283154 
1.470347310604 
1.452631227933 
1.431558352954 
1.387638534952 
1.456348171431 
1.479321159700 
1.549142156535 
1.664548972122 
1.755447298985 
1.723208340757 
1.803197279819 
1.598814818386 
1.682679620573 
1.531613517125 
1.600087350233 
1.599411581452 
1.505347629086 
1.531110190902 
1.542885911470 
1.536218702430 
1.593747580281 
1.545163848215 
1.501149115257 
1.498621208450 
1.544811905116 
1.476852332240 
1.454294741658 
1.565215790119 
1.591293517917 
1.676620463307 
1.551682192224 
1.557351660633 
1.649315606086 
1.548773984306 
1.500691742290 
1.448292670781 
1.365064067872 
1.399193195223 
1.522670701809 
1.521674473238 
1.601587120444 
1.548524924685 
1.458611676439 
1.339876300851 
1.278471853448 
1.237431817964 
1.285043035372 
1.269101636421 
1.248982767556 
1.227238081607 
1.127215710459 
1.201840457905 
1.183921325849 
1.285145089006 
1.301036698511 
1.294459499197 
1.290575270429 
1.298715292581 
1.440061219103 
1.467724495261 
1.414574888774 
1.373888654532 
1.410520242272 
1.368290044153 
1.303420080181 
1.315998871471 
1.352842119080 
1.349371505758 
1.352047604097 
1.449994220684 
1.450225942029 
1.365440995316 
1.352512159117 
1.385421406823 
1.363212354619 
1.367066073111 
1.395392555420 
1.389758173678 
1.444857008926 
1.425505592949 
1.419490582146 
1.461059044641 
1.451362098439 
1.264790082422 
1.322615473468 
1.304430825194 
1.325143389132 
1.295796872360 
1.322595759267 
1.327851103326 
1.224012534607 
1.238815608881 
1.270753336640 
1.243529929897 
1.209111990242 
1.222006703996 
1.217988462948 
1.220257153718 
1.217950023735 
1.221551830844 
1.205430054708 
1.205085903322 
1.197649339043 
1.127285266846 
1.146099969648 
1.252323051081 
1.275196428644 
1.309903505599 
1.290367745619 
1.242021849724 
1.261313727558 
1.259558885814 
1.260588997474 
1.247626072929 
1.247827921091 
1.370602349214 
1.359084680872 
1.343321908945 
1.331145416492 
1.320457891689 
1.347224100006 
1.368532800384 
1.333820205965 
1.332184902781 
1.454158457293 
1.448205344304 
1.412746523966 
1.463218155707 
1.438092810666 
1.347200065868 
1.286874408998 
1.263095436192 
1.285444792597 
1.244496683934 
1.273926102398 
1.253365704994 
1.247825743442 
1.263564710881 
1.247038803496 
1.260199163070 
1.258268958361 
1.322605384056 
1.334037981542 
1.320574489659 
1.313832373329 
1.316676939830 
1.254068049695 
1.219260301609 
1.221180342809 
1.186790316098 
1.115281733125 
1.083960178456 
1.049917867085 
1.067773238421 
1.151465145889 
1.166778271471 
1.297658177680 
1.274377981831 
1.263150768667 
1.229570704544 
1.177054034291 
1.094063854784 
1.192566176296 
1.230222517998 
1.375785773193 
1.377711079409 
1.352071980326 
1.343616015633 
1.319769694506 
1.406309250387 
1.450670972765 
1.552138190199 
1.525396202151 
1.525150899421 
1.497184435380 
1.493606971484 
1.486633670963 
1.493505103664 
1.490439577989 
1.500451996992 
1.472426069268 
1.438218004309 
1.470175957947 
1.457020028371 
1.472888898875 
1.431427834036 
1.388759358309 
1.255325784210 
1.293837360529 
1.410529516616 
1.394735641876 
1.382668305338 
1.381990432920 
1.457988634705 
1.469012363563 
1.456388791414 
1.469724930446 
1.407000542365 
1.415679053939 
1.420282485476 
1.428391362066 
1.302964553074 
1.320561331873 
1.314178933226 
1.318132594214 
1.317503207364 
1.284974528597 
1.327617216244 
1.379291310290 
1.385898789490 
1.451374259472 
1.429902861692 
1.401630300178 
1.287752644050 
1.292775387908 
1.329566735184 
1.494907849958 
1.439093722427 
1.415884156174 
1.441996529035 
1.455721688962 
1.442969086801 
1.417524929184 
1.430941537591 
1.476582231478 
1.419048544021 
1.438738177808 
1.382991348616 
1.368768541828 
1.377951147450 
1.468328192142 
1.324739057807 
1.323896416175 
1.317044351774 
1.508515817329 
1.486504016926 
1.491292719334 
1.401964595643 
1.328996062364 
1.381367970951 
1.354210293169 
1.316474098896 
1.275286533217 
1.280653083211 
1.248901452281 
1.266048243229 
1.147565490491 
1.153637717040 
1.243438145835 
1.211242448688 
1.234874784687 
1.222259775939 
1.097581449620 
1.121769162818 
1.120578859906 
1.148298212539 
1.168866122701 
1.177505407893 
1.196396816976 
1.163718804580 
1.159440227225 
1.200636660680 
1.145378389078 
1.166569608466 
1.033135651855 
1.007064375803 
1.038030993013 
1.099661599919 
1.071983093687 
1.077990112868 
1.098303688607 
1.135138711455 
1.160408922769 
1.212807421770 
1.267269526610 
1.215202106781 
1.209234194064 
1.150204093855 
1.185550690789 
1.218026821540 
1.217808163163 
1.249590605874 
1.214447308465 
1.219643891950 
1.160042838253 
1.194677958265 
1.347208200107 
1.477575242146 
1.343555857487 
1.317026619128 
1.436435079113 
1.343104568627 
1.329837918947 
1.307261254598 
1.356247389104 
1.448543889221 
1.466170546250 
1.471753642424 
1.403413399879 
1.623102152009 
1.612193650577 
1.533295597539 
1.477188473584 
1.338669005838 
1.107668368072 
1.069855803804 
1.017015069597 
1.165677588491 
1.444690298068 
1.478945035989 
1.396152772179 
1.335785555100 
1.279818230388 
1.314791018815 
1.177917537788 
1.233972799470 
1.340069916736 
1.314389742575 
1.185524078606 
1.142950443773 
1.325237245425 
1.441774144144 
1.419331887773 
1.349242213742 
1.189810246652 
1.143184394506 
1.587855177037 
1.376787450796 
1.375857887861 
1.393846848047 
1.213903747993 
1.339126313008 
1.296396762830 
1.303961915867 
1.276320852639 
1.327480008592 
1.432708687535 
1.388434152554 
1.336829676370 
1.252487141551 
1.223899483980 
1.225519600373 
1.233121124301 
1.277426032974 
1.260752055460 
1.276516581193 
1.263151611338 
1.308542992762 
1.330903089270 
1.384294765076 
1.283961662399 
1.323675641153 
1.306113577807 
1.291554397935 
1.270038963972 
1.337717691137 
1.290190771470 
1.332464810018 
1.201906663207 
1.289285261550 
1.257255788360 
1.219053385754 
1.235472730962 
1.439824317709 
1.456770537313 
1.363701404367 
1.379979373804 
1.497508292310 
1.418903566712 
1.418976455046 
1.350012797856 
1.420892375711 
1.410769390215 
1.388017321809 
1.353717769884 
1.535213152325 
1.502343434076 
1.322443724633 
1.343249983511 
1.402334223896 
1.465243205853 
1.551786830984 
1.508458397029 
1.368943450085 
1.411015263974 
1.338187806650 
1.302336501877 
1.239598310643 
1.287856370042 
1.295672784697 
1.179703519752 
1.169919156260 
1.178981312414 
1.242967292940 
1.406162154344 
1.486357198032 
1.541005330921 
1.568905667535 
1.517578567641 
1.456561379812 
1.406857052656 
1.445123962013 
1.359314406026 
1.441734937927 
1.312735707408 
1.429974041820 
1.396518371952 
1.417036307928 
1.644289137961 
1.439043796087 
1.362163934655 
1.330224113156 
1.231678232887 
1.225559694611 
1.273286642747 
1.226211779209 
1.222996016619 
1.131633762209 
1.194025611583 
1.223001584527 
1.130510217741 
1.252942526026 
1.309370217954 
1.292397860179 
1.278957935731 
1.289720518770 
1.245232061264 
1.280239909689 
1.204982418732 
1.223786752172 
1.304647874178 
1.360868753782 
1.314477414494 
1.266574099968 
1.204077298925 
1.510874319795 
1.467347286107 
1.530235676589 
1.404883598043 
1.431683852448 
1.447500333656 
1.262031180683 
1.301162278141 
1.335621970602 
1.556147128487 
1.547965066762 
1.495073568025 
1.253842176994 
1.222917408813 
1.320973359430 
1.472203270483 
1.409759793072 
1.186937219027 
1.218296327795 
1.183690388615 
1.147527819631 
1.188274230424 
1.236991741185 
1.111152000588 
1.070650798758 
1.039251222332 
1.127251081626 
1.275554882779 
1.364391175683 
1.375830793878 
1.367500056903 
1.399281803037 
1.369330919007 
1.243573833522 
1.241123811177 
1.262146397629 
1.233220104535 
1.252534689217 
1.308497402022 
1.351282548108 
1.263441776036 
1.362780063104 
1.180517795507 
1.252191882901 
1.198857050843 
1.229557828262 
1.217547570581 
1.270821891667 
1.242587188200 
1.246547111310 
1.217764319691 
1.223417429746 
1.207526432663 
1.266314371774 
1.270910364816 
1.291765244073 
1.283772120307 
1.340987321362 
1.328398202763 
1.221901800486 
1.220435252315 
1.375825957320 
1.367931673681 
1.381446526912 
1.525461820987 
1.441036187275 
1.438096416083 
1.383497165217 
1.263454853925 
1.223635463272 
1.211231168413 
1.256893385046 
1.224664038853 
1.164077025957 
1.116608023840 
1.211249585642 
1.165132527356 
1.128296372169 
1.114514919295 
1.208937197236 
1.150666259843 
1.088561943933 
1.220699555947 
1.202848189880 
1.174255945920 
1.344965635628 
1.433624130582 
1.334897400468 
1.460475336014 
1.397827306675 
1.411440656248 
1.371934606091 
1.336439272142 
1.366739823341 
1.429647694997 
1.508781666128 
1.563591850214 
1.325301768671 
1.496107474767 
1.478914831170 
1.418552459448 
1.394985110656 
1.391677667140 
1.422104657326 
1.516970207266 
1.387033664251 
1.397355181482 
1.292106042286 
1.265743648837 
1.310580198257 
1.324760239094 
1.312153089921 
1.307941520093 
1.353507824862 
1.437051212493 
1.482033415214 
1.486802882644 
1.410232480858 
1.305699724649 
1.293133826689 
1.280719493250 
1.372537771319 
1.416262422560 
1.360776530684 
1.389286977087 
1.432977416018 
1.337057870625 
1.382665938141 
1.333592676653 
1.370569854470 
1.415496491921 
1.412903210538 
1.375873896451 
1.355136592704 
1.345846108418 
1.314064456130 
1.258327885748 
1.265805910156 
1.317252357449 
1.314747048581 
1.307796654020 
1.350949655964 
1.422010245619 
1.461220496801 
1.386374517460 
1.323604659165 
1.162758901648 
1.319923119758 
1.244419349050 
1.345325229351 
1.318484613125 
1.321638607264 
1.344850314771 
1.438242436781 
1.409123859688 
1.436499930446 
1.245679963809 
1.391384479251 
1.518730989836 
1.537905622509 
1.543084601529 
1.561478258154 
1.464841333822 
1.498175459792 
1.654268951942 
1.494484965163 
1.474747605477 
1.480474056712 
1.478093039620 
1.455144204327 
1.425365674841 
1.293222372198 
1.252154424715 
1.326794584216 
1.314732588877 
1.226074339490 
1.193310097319 
1.276673279416 
1.153759637346 
1.267778379687 
1.225650380209 
1.202773570687 
1.241137238304 
1.284415193265 
1.316863368649 
1.267123914649 
1.357162399161 
1.251158901886 
1.266384875135 
1.274242930718 
1.311277529579 
1.223761772480 
1.187734803191 
1.141029033351 
1.121067724418 
1.141534100198 
1.146025632740 
1.269251918506 
1.138924723459 
1.060078975140 
1.014524692780 
0.879736323465 
1.025826448268 
0.812489011535 
1.101718804629 
1.016382634486 
0.963489673537 
1.160871715821 
1.138661236786 
1.124792093942 
1.267367408126 
1.169572941699 
1.214909963608 
1.201308644264 
1.163787438518 
1.222660787444 
1.360303864560 
1.405310344053 
1.341878958503 
1.368466358066 
1.423154448151 
1.342696376004 
1.413458379799 
1.389348149102 
1.384617748418 
1.318424380045 
1.317340096383 
1.345394029077 
1.330277138778 
1.233692369182 
1.138051896889 
1.254869517527 
1.312560245907 
1.517708187935 
1.428892882191 
1.174351038226 
1.134067426905 
1.178462568826 
1.269631826653 
1.225525867642 
1.136484014388 
1.117600671051 
1.170902312400 
1.036054450495 
1.089994066590 
1.165650850733 
1.043285903853 
1.140396355237 
1.125506843718 
1.238558188457 
1.230507222712 
1.336763379674 
1.531255663026 
1.148484171666 
1.206394540678 
1.241896830400 
1.210307210475 
1.121554095098 
1.089491662508 
1.273209127752 
1.306516175543 
1.286656253604 
1.260837676089 
1.208735772037 
1.224450552319 
1.232532773091 
1.355990572972 
1.123819665991 
1.134297527015 
1.256685752915 
1.189004787040 
1.346855257850 
1.332181547673 
1.439734269889 
1.631813946831 
1.469544716552 
1.392320822867 
1.289496676796 
1.206701283590 
1.350355988325 
1.404824559853 
1.449909784389 
1.348812107489 
1.326080087096 
1.236060697729 
1.098294644291 
1.233869777261 
1.207432276530 
1.415411331770 
1.417613033213 
1.249834451483 
1.346680472166 
1.264151022531 
1.277023682833 
1.246499199194 
1.258733897691 
1.259401100777 
1.313158374486 
1.133066071196 
1.150077835853 
1.193544604614 
1.200984651880 
1.210991297639 
1.107931935896 
1.194603743115 
1.263211446690 
1.252918297258 
1.203085728333 
1.157033273936 
1.242867409782 
1.105232917615 
1.202064769240 
1.230639828331 
1.186322389726 
1.201671324394 
1.173237723821 
1.227783072625 
1.207257589081 
1.215355316314 
1.277073662189 
1.280504900067 
1.354544297634 
1.376496970094 
1.379134851760 
1.376758588151 
1.388248227756 
1.217645001317 
1.258681658466 
1.255969505093 
1.269906161439 
1.234477299357 
1.364655879359 
1.415414967113 
1.416374408086 
1.305031464204 
1.317983146532 
1.308910026013 
1.285528042562 
1.268622380663 
1.139737453512 
1.066060349213 
1.017946092970 
1.027888906981 
0.846047705382 
0.964907776757 
0.979095511405 
1.119445879501 
1.030825791068 
0.961748610289 
1.133682949762 
1.130781340487 
1.204666024212 
1.055858554450 
1.247975657918 
1.308437377112 
1.166277086481 
0.982854027339 
1.086803453219 
1.136480506038 
1.049073388201 
1.049376788811 
1.211754912608 
1.266007214413 
1.306143809095 
1.321656656110 
1.339500160523 
1.413560296733 
1.358666824221 
1.389289357943 
1.218793868817 
1.379644379131 
1.337694255900 
1.296370393743 
1.325522855889 
1.278539612531 
1.232187829500 
1.306583662375 
1.274086674895 
1.330350540779 
1.422335665208 
1.360520505239 
1.398716229652 
1.414467332754 
1.365279086476 
1.571487901606 
1.589173226728 
1.559621236297 
1.525905108215 
1.509322194722 
1.531307491200 
1.671501778133 
1.619684397534 
1.502372305461 
1.468613797471 
1.451573582887 
1.446561894206 
1.318131336245 
1.269516365561 
1.325040317495 
1.285547872727 
1.235788340750 
1.274462258480 
1.306817483173 
1.303216126380 
1.298709488362 
1.280788599516 
1.299828761297 
1.331285318552 
1.339156532481 
1.259289862704 
1.229423842833 
1.221758507545 
1.267837778136 
1.287897997223 
1.325400822360 
1.337765471295 
1.314348139125 
1.394487279941 
1.256075381088 
1.230180112577 
1.142244422267 
1.306226105687 
1.332845143993 
1.366463710675 
1.380663599656 
1.341114789018 
1.423151068674 
1.379264820641 
1.393380613171 
1.373561111169 
1.497778989283 
1.467958503184 
1.513048210992 
1.477156311812 
1.467430736571 
1.404707161740 
1.432541325521 
1.434421387739 
1.431424160327 
1.408105036356 
1.480173137988 
1.435783669378 
1.480983591208 
1.391405696949 
1.549356687659 
1.514882491823 
1.628061358785 
1.606042899919 
1.596301374302 
1.613778392134 
1.660094789202 
1.645691271715 
1.469576950235 
1.445540141249 
1.454423522500 
1.491131768922 
1.496913996030 
1.449137079324 
1.413356690640 
1.525108773780 
1.582892258726 
1.571574887829 
1.520023804452 
1.668776554942 
1.505777656402 
1.433702230884 
1.463335887053 
1.451097923973 
1.375318595835 
1.500969334801 
1.552293629691 
1.453502928876 
1.424497371918 
1.458400964907 
1.516317623675 
1.499133132386 
1.437006896008 
1.436930529439 
1.474965364762 
1.451889790849 
1.476269934058 
1.406744200904 
1.416945927947 
1.346847673975 
1.318349016207 
1.227213152255 
1.304158259934 
1.391819259847 
1.321088731543 
1.296365301736 
1.327615476177 
1.326565773435 
1.273052407809 
1.266706462030 
1.282933942657 
1.332155383986 
1.332346620332 
1.354623796074 
1.359715013535 
1.390850008898 
1.417098265562 
1.394992281031 
1.376586353219 
1.337237309680 
1.352012365609 
1.325382666874 
1.265810860650 
1.266917183520 
1.335199631437 
1.332447629165 
1.338387693979 
1.319965240926 
1.325220381400 
1.387987003154 
1.334610766892 
1.292781071229 
1.366890810737 
1.387690178990 
1.392735624516 
1.403203119759 
1.396656211187 
1.394634463718 
1.400966649906 
1.387124144285 
1.393839659498 
1.403374092046 
1.323325602236 
1.336262741650 
1.312682846933 
1.335340052568 
1.338454877161 
1.347600110241 
1.371206475602 
1.419348201113 
1.215861403036 
1.198155880697 
1.212886626848 
1.203311346841 
1.137671258677 
1.146022417937 
1.157195716687 
1.219964889800 
1.207687369711 
1.288964370315 
1.221439058240 
1.208927768292 
1.191523808755 
1.148019578442 
1.178827924740 
1.177163435988 
1.151613449996 
1.134659955652 
1.096730563120 
1.101001897532 
1.132771408098 
1.191078873654 
1.204502775689 
1.264120441736 
1.288629819556 
1.275466970518 
1.369089305677 
1.352067724745 
1.306626883058 
1.361974384700 
1.372163155889 
1.400903288512 
1.392050213797 
1.277894219481 
1.182532116380 
1.201442639210 
1.168479312747 
1.181235107348 
1.134006068731 
1.173859693298 
1.136087379590 
1.101733829560 
1.138713806044 
1.130217289998 
1.132136496797 
1.134488328800 
1.156929156889 
1.199623862865 
1.197965571864 
1.177073091157 
1.162321112728 
1.193152474388 
1.241068061824 
1.250205662626 
1.225552296691 
1.249279126704 
1.258255799528 
1.263017485529 
1.203302399107 
1.216180823822 
1.136048302703 
1.154989989907 
1.125425611902 
1.098919217969 
1.053910952109 
0.999588778736 
1.113955905125 
1.176231403019 
1.188321931635 
1.131897793171 
1.154870125554 
1.087627393371 
1.058799977602 
1.192953406605 
1.169213374850 
1.201378370443 
1.393372002266 
1.426286868160 
1.436125923954 
1.358673221325 
1.331830695017 
1.389377989700 
1.315570351075 
1.340739792562 
1.421258087493 
1.358937928614 
1.266470914150 
1.221353877596 
1.254348701030 
1.399929115433 
1.203796826738 
1.376369790055 
1.494275324201 
1.496908855750 
1.415283064690 
1.474639360917 
1.520020050148 
1.382059185501 
1.334913523475 
1.174005054426 
0.940301208531 
1.200246091861 
1.295653876110 
1.222167648304 
1.159473264161 
1.252363065693 
1.228109257177 
1.257636695699 
1.191093239259 
1.269369160777 
1.388221372023 
1.475195748430 
1.458205746315 
1.339955173850 
1.331948294445 
1.322004242112 
1.353413054409 
1.388460090653 
1.437520314307 
1.345290116358 
1.315365978289 
1.312853059130 
1.314944713477 
1.285398552118 
1.307394608422 
1.329757364580 
1.270569244879 
1.277851683317 
1.296231963251 
1.260075469688 
1.244408642591 
1.219572498745 
1.122187577624 
1.113129356703 
1.080089302657 
1.101841016426 
1.102187726977 
1.177128858962 
1.169470374627 
1.143041170702 
1.227516460951 
1.338500373152 
1.287961999384 
1.293510959015 
1.283791389172 
1.336201705838 
1.348742699243 
1.345686880212 
1.311985585489 
1.288362595403 
1.265766552722 
1.227423135877 
1.245243258660 
1.220565447061 
1.122279514390 
1.183332555706 
1.265481826863 
1.282402252375 
1.201758814416 
0.901847567836 
0.815102090983 
1.147889156180 
1.132409149129 
0.969067340612 
1.033221208857 
0.947613891755 
0.906830715272 
0.921113303299 
0.866933283836 
0.893244421959 
1.041303685204 
1.016986380119 
0.936900143994 
1.177625641577 
1.282705144234 
1.313005164191 
1.340932246029 
1.227466699064 
1.209664247263 
1.239174209794 
1.208068873152 
1.269288246237 
1.319436756636 
1.327688617385 
1.222724302819 
1.231750739095 
1.213016453987 
1.320045730299 
1.320245334716 
1.263244175900 
1.235265053824 
1.260129295645 
1.246449814086 
1.273798964553 
1.275042856730 
1.314107163038 
1.380322040554 
1.345992576697 
1.360960267126 
1.345873358347 
1.385439622497 
1.384583485768 
1.438558908560 
1.362646405173 
1.338705219212 
1.282404355703 
1.244208002517 
1.231980082324 
1.133547827500 
1.194115936925 
1.115739745791 
1.123742330642 
1.146301230434 
1.160175163622 
1.134901638728 
1.243937819988 
1.256214072720 
1.228056000010 
1.250181770659 
1.264794570043 
1.292972499221 
1.302095198203 
1.371808008761 
1.373520915362 
1.346970982240 
1.543537715825 
1.595437870661 
1.545140168569 
1.567979573843 
1.483614693111 
1.417085612551 
1.302597886792 
1.339671358292 
1.351131199893 
1.339619973264 
1.302752561421 
1.325100349660 
1.248575329172 
1.350364539162 
1.318360009459 
1.291257252739 
1.285375001119 
1.267865165386 
1.292806161683 
1.259765327515 
1.274031645801 
1.304069044424 
1.305651885144 
1.271036483607 
1.382137905255 
1.364693250381 
1.418230565811 
1.363671380061 
1.340863136569 
1.353117266574 
1.335388129487 
1.346552759296 
1.312262173431 
1.325213404092 
1.382388632478 
1.301176943971 
1.276690081448 
1.377905190457 
1.432031223950 
1.524571892167 
1.462576626301 
1.439310569526 
1.379791057440 
1.411646804310 
1.340073938160 
1.168749315358 
1.148827632374 
1.160914078554 
1.155954283603 
1.153746718544 
1.036015042081 
1.094766915025 
1.102810090840 
1.109821884325 
1.122285142475 
1.268697844858 
1.276266065297 
1.263434285837 
1.293605078030 
1.284496819894 
1.332438938677 
1.277826102982 
1.322716856920 
1.309635472689 
1.329467857871 
1.309407512228 
1.356956134162 
1.373035795191 
1.379951958782 
1.352115226812 
1.345100003281 
1.351688652674 
1.405325123160 
1.418222824542 
1.395886222600 
1.386780039824 
1.361867806553 
1.479950044007 
1.354208477011 
1.362772171641 
1.388300126414 
1.362780565999 
1.180380931909 
0.999902138384 
1.027428834023 
1.068455796680 
1.111784215450 
1.117568262420 
1.118302426020 
1.038487770685 
1.051539098675 
1.064939474026 
1.076138798123 
1.117876249278 
1.114666870217 
1.136210159357 
1.107092789762 
1.068585836927 
1.070517071063 
1.032242261788 
1.022553335766 
1.049005470615 
1.107745922603 
1.063086078101 
1.194735392053 
1.167196668019 
1.147745241763 
1.098731512554 
1.146495047775 
1.106261614618 
1.100041983351 
1.143776558972 
1.183486681323 
1.214069255888 
1.213322149560 
1.224591144287 
1.186362879523 
1.234832563005 
1.274782392218 
1.276407042125 
1.287910729093 
1.299025847588 
1.321976036992 
1.348698199962 
1.368127473091 
1.340404086272 
1.352359986942 
1.423397262701 
1.422973041341 
1.425388899533 
1.373232037841 
1.378827232668 
1.386415977678 
1.403863143648 
1.357843972742 
1.406563264403 
1.339735762544 
1.354676701763 
1.359082064272 
1.394888800618 
1.398545836092 
1.331058978833 
1.284895801396 
1.312630288462 
1.289980409471 
1.391659315062 
1.399933900436 
1.450971631511 
1.438381608754 
1.455707069592 
1.437689947450 
1.434084470789 
1.567785558427 
1.529605090020 
1.398827904228 
1.357617594241 
1.323299169100 
1.287848202273 
1.287848202273 
1.287746948973 
1.269759801828 
1.289419287436 
1.240550517365 
1.251509591483 
1.356198744963 
1.376040309177 
1.378182211128 
1.402608082971 
1.399828738683 
1.324508964418 
1.277759868036 
1.286570293011 
1.285610006088 
1.279586784249 
1.276104989448 
1.336062836811 
1.331430901686 
1.274421763902 
1.292139806958 
1.316587309669 
1.311700854690 
1.322821404317 
1.301109420351 
1.297355096498 
1.388333616713 
1.358586594760 
1.279584383534 
1.259702170750 
1.291412549165 
1.308977379682 
1.368034077185 
1.350760114633 
1.417987794648 
1.330171842291 
1.316439702644 
1.350350592706 
1.320907778458 
1.347355798611 
1.294225506166 
1.255553324534 
1.364678268914 
1.368970820904 
1.400962495735 
1.403621679818 
1.360732971858 
1.259916262739 
1.264403381236 
1.316938470910 
1.389384266519 
1.303979839329 
1.354882366540 
1.360523966858 
1.253595983021 
1.258275847599 
1.258275847599 
1.250640687226 
1.249665775908 
1.214442926203 
1.178609060221 
1.134875811161 
1.105244452459 
1.079506727583 
1.019142625633 
1.118523119344 
1.099433241297 
1.114839020225 
1.116910517393 
1.110321635018 
1.058227606738 
1.031586965171 
1.064098029620 
1.062561244413 
1.085811905023 
1.129790667823 
1.203749808114 
1.353139252016 
1.326160510437 
1.443311882289 
1.468554425427 
1.290894122469 
1.194295370994 
1.210501219754 
1.187164439489 
1.253928440180 
1.170660081468 
1.172613395290 
1.003790640943 
1.010538001949 
1.118629111860 
1.105827973836 
1.198883319549 
1.083872724005 
1.016391597685 
1.190483485691 
1.016296620703 
1.279982592553 
1.457141962684 
1.425646693683 
1.495915636737 
1.428018745349 
1.441520042848 
1.375210734419 
1.446267031837 
1.497726253540 
1.459060525722 
1.298488993455 
1.366366662793 
1.346582625498 
1.360597560987 
1.022936842192 
1.281576542436 
1.406595295707 
1.449524638368 
1.431323753608 
1.517035107513 
1.614696301983 
1.337973713521 
1.277662297662 
1.361198965857 
1.330803500070 
1.353921552379 
1.446486780110 
1.429108183927 
1.413609986668 
1.447093264003 
1.345192540297 
1.460648744048 
1.198023278482 
1.239746785143 
1.298081419087 
1.211367223140 
1.245746060282 
1.278767020021 
1.299567215130 
1.317132619246 
1.327547173929 
1.228785193730 
1.274042910112 
1.303375560252 
1.349095556635 
1.316071384640 
1.370898602400 
1.398150202172 
1.440136297609 
1.410283224704 
1.426863025432 
1.437540670545 
1.397568778772 
1.286341388803 
1.334102328285 
1.308443807102 
1.328471411179 
1.342832883067 
1.313621265139 
1.318850793032 
1.290234089766 
1.275326630472 
1.213973948812 
1.063943974175 
1.106772416548 
1.141379682334 
1.030514573885 
0.946718413135 
0.923088953184 
1.035400798199 
0.852707149060 
0.916894286762 
0.903476319889 
0.870126614798 
0.909821348667 
1.076744254221 
0.993181217278 
0.981166762336 
1.359425898825 
1.181688099784 
1.375902773939 
1.362251497462 
1.316689319819 
1.331071802641 
1.309725238150 
0.945604789158 
1.169615117295 
1.042175184678 
1.160510223279 
1.114449941351 
0.985409418412 
1.033075889726 
0.948157153601 
1.028967012092 
1.013754474765 
1.043095314491 
1.172579653582 
1.111780109718 
1.173629773490 
1.078374076071 
1.033468138580 
0.941562173017 
1.080500278097 
1.166089914953 
1.185349241379 
1.238243142474 
1.261638330451 
1.179612086536 
1.220916389892 
1.193737926030 
1.087968378713 
1.212995232719 
1.180043117752 
1.163446285573 
1.266951390917 
1.274249509044 
1.214367654093 
1.170743211137 
1.169925665944 
1.135358709449 
1.102437216312 
1.151906881776 
1.161436289109 
1.234405677648 
1.237037578048 
1.288861586730 
1.442596456460 
1.403911154352 
1.462621712195 
1.306986098161 
1.289788930598 
1.263715300676 
1.305360982701 
1.313319658332 
1.304892795348 
1.306468650499 
1.309424276791 
1.291511513431 
1.319297886921 
1.334106400001 
1.356511199821 
1.489548749696 
1.483752858254 
1.403209867068 
1.370394306221 
1.458245856646 
1.445377054320 
1.470929229103 
1.400799438346 
0.934155403073 
0.996947576440 
0.704841288437 
0.830823861755 
0.913585831014 
0.856021948242 
0.838953863720 
0.894275290891 
1.032341242752 
0.921331039595 
1.071839204139 
1.121659986809 
1.047870649140 
1.092305220972 
1.248437646017 
1.385649417834 
1.335743634024 
1.389388066079 
1.382312638714 
1.531548829876 
1.591213099943 
1.575408983654 
1.554762641212 
1.589333807004 
1.438468835981 
1.433814106205 
1.357699462898 
1.336677137442 
1.322488332650 
1.341665772754 
1.240810373841 
1.172687133339 
1.250933025925 
1.224179963054 
1.209307435382 
1.184031990399 
1.193090033784 
1.221789480380 
1.323388403400 
1.382072793039 
1.367537444189 
1.302249114330 
1.273332837809 
1.421387113916 
1.429646779777 
1.405827042567 
1.408957111095 
1.437064527713 
1.464133583262 
1.400257728092 
1.339982585103 
1.394329162253 
1.349819422489 
1.504441688574 
1.451025005316 
1.404419130946 
1.375416216490 
1.276014895482 
1.283831527400 
1.208432386828 
1.257606416783 
1.333555112660 
1.281262511813 
1.288659212699 
1.228288344185 
1.119303388547 
1.090097002784 
1.277226767744 
1.340281625723 
1.385965073694 
1.317557744925 
1.337362371590 
1.314051493314 
1.263367678264 
1.284082489302 
1.273780046373 
1.266941404021 
1.181560241430 
1.167675876836 
1.199530084956 
1.215056164619 
1.186358333052 
0.867175761709 
0.815301746438 
0.920490899950 
0.907839455769 
0.915983885621 
1.033051174380 
0.978006062368 
0.963442305931 
0.895597472040 
1.040383558239 
1.052131746603 
1.102295439665 
1.146785963779 
1.188511606295 
1.211367000801 
1.178415986252 
1.210893563722 
1.177683800709 
1.129979338564 
1.323226130470 
1.310736495075 
1.249263128400 
1.152494682165 
1.202898623046 
1.207982405552 
1.215208826736 
1.137082496114 
1.222617978003 
1.469914997391 
1.523360200496 
1.426163722210 
1.455759161162 
1.452969357638 
1.477036060872 
1.564384693704 
1.497353174527 
1.481503526540 
1.565409321756 
1.515559618044 
1.529032190854 
1.502189149882 
1.403477344132 
1.458667218519 
1.443620052448 
1.522313697353 
1.556221402730 
1.578554237395 
1.464690458986 
1.388592665209 
1.327622571485 
1.406454801826 
1.313086328836 
1.296736682860 
1.320773181098 
1.257109011203 
1.289444330324 
1.235292995794 
1.281898567254 
1.258617302341 
1.242611721886 
1.244278027660 
1.245742625340 
1.249248960850 
1.223377389523 
1.280301709396 
1.276340131138 
1.273931490207 
1.244858767636 
1.248556473713 
1.249618186659 
1.249799378591 
1.245085444207 
1.287180516473 
1.285985395572 
1.225698881815 
1.223804940949 
1.213147726413 
1.183869725461 
1.205121752715 
1.256569528604 
1.206472548356 
1.234417405540 
1.242887336130 
1.233885468275 
1.220345691194 
1.166239717936 
1.211523453463 
1.212635036537 
1.197323053477 
1.208545106345 
1.203924269201 
1.179872158198 
1.184956622592 
1.193426490079 
1.184880078764 
1.202540912289 
1.237671657670 
1.239852464666 
1.231009144046 
1.221944014848 
1.196013909305 
1.221137648652 
1.269183325263 
1.262084623187 
1.312067938038 
1.318470873797 
1.319774476714 
1.300033933162 
1.305631890350 
1.305631890350 
1.268675924423 
1.258790976055 
1.270494504201 
1.307427511493 
1.309385341589 
1.287233782105 
1.340109759719 
1.319058759482 
1.334485621332 
1.354155525148 
1.411655183578 
1.342166017415 
1.290532201435 
1.291419911097 
1.298725081104 
1.289390762733 
1.259947550420 
1.241199991702 
1.276611688036 
1.305635776922 
1.300238112701 
1.366414985864 
1.399993665618 
1.329304256345 
1.440685976768 
1.524372022323 
1.384980387733 
1.315153367849 
1.267234047657 
1.283432290625 
1.392109899263 
1.508464035007 
1.339209111319 
1.422583302400 
1.364649592770 
1.268802945610 
1.216959674681 
1.222643385879 
1.299507360020 
1.315117774595 
1.285517100312 
1.258167973064 
1.319245764583 
1.354205665447 
1.293732148832 
1.207728174527 
1.307457442545 
1.234615225078 
1.200817531210 
1.046640369312 
1.077416857727 
1.179187839188 
1.136801257909 
1.153419078867 
1.177177429207 
1.260274299818 
1.352014677712 
1.512120500576 
1.478310371860 
1.438512294110 
1.539081478653 
1.470700491787 
1.534353288351 
1.499944006534 
1.490261431687 
1.432005091033 
1.272547810998 
1.290537967347 
1.255633765833 
1.254006622159 
1.218586517085 
1.266901444212 
1.201995396225 
1.219969133742 
1.111937426420 
1.233265458173 
1.041617754503 
1.036241776706 
1.159002511513 
1.024975692377 
1.068167257442 
1.091993205398 
1.175893553500 
1.111646008156 
1.327001373841 
1.426883077299 
1.448789609967 
1.477096468983 
1.494444490684 
1.470963939005 
1.405497662419 
1.418600273730 
1.460668678295 
1.535015614259 
1.454158322358 
1.453276407440 
1.499386254717 
1.497232100253 
1.554217260526 
1.603142454817 
1.561003886629 
1.523049995123 
1.548695735521 
1.547866006858 
1.558240710611 
1.540220474180 
1.526938830918 
1.359847462058 
1.268556569334 
1.232168347053 
1.266954532080 
1.329328291210 
1.296676724100 
1.366192834609 
1.413215880045 
1.380107106887 
1.413384608687 
1.362458287055 
1.342433950476 
1.322850716802 
1.348091752521 
1.362982181960 
1.357104524354 
1.355799200781 
1.374630767064 
1.382674922467 
1.363131876697 
1.353457333160 
1.305891671122 
1.303459674335 
1.330846817837 
1.373751038588 
1.360238051778 
1.390047730590 
1.411023558410 
1.390817209259 
1.441737991154 
1.413989448529 
1.398686746627 
1.424377905974 
1.429001344567 
1.432412288570 
1.438796969033 
1.416733961885 
1.392048561818 
1.407491424943 
1.418909927601 
1.437204707763 
1.400321036912 
1.342062387702 
1.345638526696 
1.403672475442 
1.343364292598 
1.465138256980 
1.473774360452 
1.481935674992 
1.450825446909 
1.400994879440 
1.379500110391 
1.364043287687 
1.375864903516 
1.553867010401 
1.570833164510 
1.546066916917 
1.463793461650 
1.496707175114 
1.488815110102 
1.491230021235 
1.425824556861 
1.277591140599 
1.384646917903 
1.411033352584 
1.438328642695 
1.488643245411 
1.482269195192 
1.485741308938 
1.459220170432 
1.416845751881 
1.386032230667 
1.296132506591 
1.303489938782 
1.301399460585 
1.381830840811 
1.368468424198 
1.361518537561 
1.300634571128 
1.345910981521 
1.352359007997 
1.351775123198 
1.354603083460 
1.342713933557 
1.404644919029 
1.408568107399 
1.410689783048 
1.443575675998 
1.426127317607 
1.346073121885 
1.344890402893 
1.341270027188 
1.362754415911 
1.353170244109 
1.339140793970 
1.355315110433 
1.357191408127 
1.361490582975 
1.340566150112 
1.343382230981 
1.388972064553 
1.378240724620 
1.370559463892 
1.362452837807 
1.347258317854 
1.313121699625 
1.383066509229 
1.377340006199 
1.354896925480 
1.352370612322 
1.264183404877 
1.259659593743 
1.250352040533 
1.316230429074 
1.302378235125 
1.190243196521 
1.214052172599 
1.214298393812 
1.218188424922 
1.224610791864 
1.189498870317 
1.231152648451 
1.257605937041 
1.264035870738 
1.251551368242 
1.251514742560 
1.206839001677 
1.214436805264 
1.222867208750 
1.219699142823 
1.260938821880 
1.262814771626 
1.249391378885 
1.336242757885 
1.322824145004 
1.345313839989 
1.318983286384 
1.318983286384 
1.329690439043 
1.299351207922 
1.266260053466 
1.228539859847 
1.214932587801 
1.239437466390 
1.253392815695 
1.212461174427 
1.208981541286 
1.124678682942 
1.102794259850 
1.091950917393 
1.098375621158 
1.143069617843 
1.073339984756 
1.024783979739 
1.063919348383 
0.942086465852 
1.083359500680 
1.101751845887 
1.085724994500 
1.113794006982 
1.115867147510 
1.105851750016 
1.286024720339 
1.285793413708 
1.314441411713 
1.327501112817 
1.283389571448 
1.447514790749 
1.437888924074 
1.353095942629 
1.330713158873 
1.285328880564 
1.325614751943 
1.354206506342 
1.341029974800 
1.217354370251 
1.180572037938 
1.207410283283 
1.193148100777 
1.202364142163 
1.257652125833 
1.247178334467 
1.249849539890 
1.281726413939 
1.243219805807 
1.243637327462 
1.287488062210 
1.157202818102 
1.048535741027 
0.963762814965 
1.031490256267 
0.979935666605 
1.015796711371 
1.002292077756 
0.968293906066 
1.072994705008 
1.009121107451 
0.954799458546 
1.064773868030 
1.082399344610 
1.221348412846 
1.235510777272 
1.242636685225 
1.168626425216 
1.225878871934 
1.311246837665 
1.272299226463 
1.274250510059 
1.275639994998 
1.264178782072 
1.236521905199 
1.213682301170 
1.171223264586 
1.314509697596 
1.188179711741 
1.206761472972 
1.256681724324 
1.261158876154 
1.266268565120 
1.231120112842 
1.202592657700 
1.211921911647 
1.234766370668 
1.095834247728 
1.114164537279 
1.059186752946 
1.092095115821 
1.136424127027 
1.163058011358 
1.270054851868 
1.317058419056 
1.305764145994 
1.068613288636 
1.060034254693 
1.133811408054 
1.235480186278 
1.255049403877 
1.209758916258 
1.247958715718 
1.287684006440 
1.368347325662 
1.356682128977 
1.358123057826 
1.437791085595 
1.452026139082 
1.449049115789 
1.462845190949 
1.434238683796 
1.441706756074 
1.418059339107 
1.392210341051 
1.415839571040 
1.418378100350 
1.418888810994 
1.418851701283 
1.413318101496 
1.426010689723 
1.444670259949 
1.448433950255 
1.405474036290 
1.423103747641 
1.438498610874 
1.453068474580 
1.558025208194 
1.429333149395 
1.446158508018 
1.416371590183 
1.334166179543 
1.425655281928 
1.406238725578 
1.314561866478 
1.399243105205 
1.398965051571 
1.370238500174 
1.362323013918 
1.329612429933 
1.258153074839 
1.256600862219 
1.258200673126 
1.283524189088 
1.237135668757 
1.268956334204 
1.334187004194 
1.407303718513 
1.332709572900 
1.370313336524 
1.397848557620 
1.380311952856 
1.443152076549 
1.465971111760 
1.482270169565 
1.439301261572 
1.331175442013 
1.356577581153 
1.209240656543 
1.118460535346 
1.045706864778 
1.124638949619 
1.198510700239 
1.120623481618 
0.923803617147 
0.777062119135 
0.839242373632 
1.056127799566 
0.987321237592 
0.989282163007 
0.981569328850 
0.850568509920 
1.170002807924 
1.211543406843 
1.244001565820 
1.251499327483 
1.324426099520 
1.451706019339 
1.480943661630 
1.463757217339 
1.461907261835 
1.490368607190 
1.320333334162 
1.342709560477 
1.186832582523 
1.108702790761 
1.103689458858 
1.171106439568 
1.059468752964 
1.047627727045 
1.222380562112 
1.200149026296 
0.791597846214 
0.860778274405 
1.090559519860 
1.071349096061 
0.983127063029 
1.240801984328 
1.292014622778 
1.392373069584 
1.304176384185 
1.242257297480 
1.270320230262 
1.203227400191 
1.238653154329 
1.324832621100 
1.390072947651 
1.322264297078 
1.500787682221 
1.345289947877 
1.368176067158 
1.353037402341 
1.488646781852 
1.342961793946 
1.354270014555 
1.319383418379 
1.316687762647 
1.189422391526 
1.258491266384 
1.295566653436 
1.309860011710 
1.311005841985 
1.475933301468 
1.423974939177 
1.339120841756 
1.354276870937 
1.351888910815 
1.372794032339 
1.338847128408 
1.405274217617 
1.444797685824 
1.446944982713 
1.451150308529 
1.430001393663 
1.430281104920 
1.386898397214 
1.332105834117 
1.324776599414 
1.297802199609 
1.405938082271 
1.389510708031 
1.391838142464 
1.375535329704 
1.368946174972 
1.468810452737 
1.405899493938 
1.350238152234 
1.351166374894 
1.341034234792 
1.350394008401 
1.314965522942 
1.294596513133 
1.253798468702 
1.253515674099 
1.184633617735 
1.240546751891 
1.091836546872 
1.174369051716 
1.178549480681 
1.139104992655 
1.214149291212 
1.213019598041 
1.226194192119 
1.233890583867 
1.187392855323 
1.284758053827 
1.413224037576 
1.375436616117 
1.339736172306 
1.252972921287 
1.309540418285 
1.324046955486 
1.267038338884 
1.336941252515 
1.291640568211 
1.185713316305 
1.314512749531 
1.351590413250 
1.362666600890 
1.390188384215 
1.367505596558 
1.257862107232 
1.295733806093 
1.275917448127 
1.228996430104 
1.340334085682 
1.304101929583 
1.303351183436 
1.241251386075 
1.226161053523 
1.182224566918 
0.956852098507 
1.171065047133 
1.358586768722 
1.365148747296 
1.128064850834 
1.172914924459 
1.128140517864 
1.238843165106 
1.163779900145 
1.244097272085 
1.242061563909 
1.362974334604 
1.514012466767 
1.508446747057 
1.516960123198 
1.530863303619 
1.517720846582 
1.449618493336 
1.472524578641 
1.478447040443 
1.457148330966 
1.514690835708 
1.393977713079 
1.374870508628 
1.398305849871 
1.389086927759 
1.384861508274 
1.347227706618 
1.411210575165 
1.468440317929 
1.477431853947 
1.497035354199 
1.475550184189 
1.443641978961 
1.484601441700 
1.435784549081 
1.454139034420 
1.443564194171 
1.465319495629 
1.445965730795 
1.489779468804 
1.497672468943 
1.485605642178 
1.503069769375 
1.475266933299 
1.466832837503 
1.457597665253 
1.465411643335 
1.385028936902 
1.257818971581 
1.226315939757 
1.205365182532 
1.305273579191 
1.319503841050 
1.328718208078 
1.298862702363 
1.325195933948 
1.215244438662 
1.231740476590 
1.185024106697 
1.207966978709 
1.238374626936 
1.298860728693 
1.185418306889 
1.297521468955 
1.230413168424 
1.251452511378 
1.318588825747 
1.308956990933 
1.330292456377 
1.356466633082 
1.431556052165 
1.371306912329 
1.393175897814 
1.356335842334 
1.355009118274 
1.341085562120 
1.335492689709 
1.273174483899 
1.260209282397 
1.318117714077 
1.322610335971 
1.310092082026 
1.375100043354 
1.426706451554 
1.483260353270 
1.459136222117 
1.426421088350 
1.411721811083 
1.433530553360 
1.414419144652 
1.393206362339 
1.422508104513 
1.447766220906 
1.442123679477 
1.452585705449 
1.378073937434 
1.376373947765 
1.403992474938 
1.326741621957 
1.407486001209 
1.375547291074 
1.302595120065 
1.342134961762 
1.201346984702 
1.424278231342 
1.446043161113 
1.416480592065 
1.414048031159 
1.421141420812 
1.390226876528 
1.398465775304 
1.463233059720 
1.432612156787 
1.435865441693 
1.590807492102 
1.529826961939 
1.530431298582 
1.513684466223 
1.635551255481 
1.536172499931 
1.430914250654 
1.553070283072 
1.608070380196 
1.907247352679 
1.754460256932 
1.624603753923 
1.549723547939 
1.532214885638 
1.495580610170 
1.582528913802 
1.587873696980 
1.580944104111 
1.575789967281 
1.681158813371 
1.518021225440 
1.523771423947 
1.518113218998 
1.458140078010 
1.415236712513 
1.556617729580 
1.448546593272 
1.453131069131 
1.341072827494 
1.393159892595 
1.375019133179 
1.199605687659 
1.240865939095 
1.186941704136 
1.250436498043 
1.173221583410 
1.180456326721 
1.172109415026 
1.167059638570 
1.114536290382 
1.133259505772 
1.125925437629 
1.132577769518 
1.139726950787 
1.225957899802 
1.217872323963 
1.190093365668 
1.219252555902 
1.200657581434 
1.192024272799 
1.218710210347 
1.192207469619 
1.184400347874 
1.184071970837 
1.203708041521 
1.273287199894 
1.264586605809 
1.277418157537 
1.219875794723 
1.206312085506 
1.218584353850 
1.219642891502 
1.236337544022 
1.227636313485 
1.212395356651 
1.213503898996 
1.205576577155 
1.218024483616 
1.128442151524 
1.096505667509 
1.143678409417 
1.154418365982 
1.207307022290 
1.273358128927 
1.275939638171 
1.228461228304 
1.234177080605 
1.264417112409 
1.255626590354 
1.268395943441 
1.276693606463 
1.276693606463 
1.313777872068 
1.302303458418 
1.321181095086 
1.319106187352 
1.232191178990 
1.301418787973 
1.251193506075 
1.254821232126 
1.235674235589 
1.249754637537 
1.261099586647 
1.237120163660 
1.227291316781 
1.294817298473 
1.321599505160 
1.237732664690 
1.253216107721 
1.297843995611 
1.234109671289 
1.301971193729 
1.278979502393 
1.394452914103 
1.317957042776 
1.312711283484 
1.269992684407 
1.340135019280 
1.415478657987 
1.339802534138 
1.377186843261 
1.368250151415 
1.380226390343 
1.371290875621 
1.349935912897 
1.314517538783 
1.331459616262 
1.308768300780 
1.353201005116 
1.352848772560 
1.353272123072 
1.421412539734 
1.415107841103 
1.495278862940 
1.531263438057 
1.496706402663 
1.616401714524 
1.643743966190 
1.661689601888 
1.358822257881 
1.379710309613 
1.491875040169 
1.390795171125 
1.391011046818 
1.438400766592 
1.287950999568 
1.338488413415 
1.420812861416 
1.111102860317 
1.193325332262 
1.201491128510 
1.181590902286 
1.196415594784 
1.086482362191 
1.160991809972 
1.149180486840 
0.823313066280 
0.885878408115 
1.035461950559 
1.128270511751 
1.098727363013 
1.215133336509 
1.170801875645 
1.225207630703 
1.330754699827 
1.194076034700 
1.286543372319 
1.152170735135 
1.243281432760 
1.276663466512 
1.432707387833 
1.569467208011 
1.443045499200 
1.516813395228 
1.413538211635 
1.396138215151 
1.387126109524 
1.376651971131 
1.293426491679 
1.524317360933 
1.633176278668 
1.624502017384 
1.514081576108 
1.455326272140 
1.523816734846 
1.523149940721 
1.496674562339 
1.586851551350 
1.664386572904 
1.510458156833 
1.543414031105 
1.505622418077 
1.617735443293 
1.421299644924 
1.380217588959 
1.303316682553 
1.250949860338 
1.204197866204 
1.328609341258 
1.348621783078 
1.436990602594 
1.388892548839 
1.335123928329 
1.328850300532 
1.326631540426 
1.315763860970 
1.536439728148 
1.477594872085 
1.585377200130 
1.664547890289 
1.607649192200 
1.560015874867 
1.561874523842 
1.511708859074 
1.385905326745 
1.383768656573 
1.405588587044 
1.461944606218 
1.206353174994 
1.193978462991 
1.274759555275 
1.285797827429 
1.282696034436 
1.379044467938 
1.349019027448 
1.220513216506 
1.220645742566 
1.315574504992 
1.312152270804 
1.283546166127 
1.345612979817 
1.277957549096 
1.289055570135 
1.260365713662 
1.316660874122 
1.347546546497 
1.346236630640 
1.252771757766 
1.293759616961 
1.274428397437 
1.275279785046 
1.460777558438 
1.471814730908 
1.433561736515 
1.353873628402 
1.251527920829 
1.185365636302 
1.298274494577 
1.438015120922 
1.411969090699 
1.443435003877 
1.454380012713 
1.475409700255 
1.497571848987 
1.261427404786 
1.292930695960 
1.316658769122 
1.295631959038 
1.224307507979 
1.353172486531 
1.342981064572 
1.384123967906 
1.303831554746 
1.244865231816 
1.199193183074 
1.184097899378 
1.271618717530 
1.288266421747 
1.304301105859 
1.410664307145 
1.507370038896 
1.377375582499 
1.488988484922 
1.341528830910 
1.463658415513 
1.658627399532 
1.709939297179 
1.745678230583 
1.725855249470 
1.826800356650 
1.469012325253 
1.503636917566 
1.509343069224 
1.556976956015 
1.302525733826 
1.279800496224 
1.296777117767 
1.144277617224 
1.300208199169 
1.383738353715 
1.382675486773 
1.360285618833 
1.453992127074 
1.477136217583 
1.461634604069 
1.472680682709 
1.473087139261 
1.530431205197 
1.504203326357 
1.526722956622 
1.376597554271 
1.392426085612 
1.425243838609 
1.420374044522 
1.575671045750 
1.641147372524 
1.576327520244 
1.644280398799 
1.525767819360 
1.551334866053 
1.543613034177 
1.496009375649 
1.513489831602 
1.603746314353 
1.635208226661 
1.626037207370 
1.529883296277 
1.312111458989 
1.372898773511 
1.215201233565 
1.279060021688 
1.200856939958 
1.110113929395 
0.902032536864 
0.964321018570 
1.230558839973 
1.253575756001 
1.179063768462 
1.187386846395 
1.140214713481 
1.105578776246 
1.185240515625 
1.179080415888 
1.376509101299 
1.242987824577 
1.272142030377 
1.264118793297 
1.462598050380 
1.475150093531 
1.344052995021 
1.310695950625 
1.316253425309 
1.399275375709 
1.413890195127 
1.318098242474 
1.173072910350 
1.328059938315 
1.332817715569 
1.292658073517 
1.280047703946 
1.269143501359 
1.250418712041 
1.296509068406 
1.283677805488 
1.299169290683 
1.301276870717 
1.300064026872 
1.288221883553 
1.360159129502 
1.395194822524 
1.354429390483 
1.243493449776 
1.295139007140 
1.295325641424 
1.186406462632 
1.205892986780 
1.274842888594 
1.271480762078 
1.214768462636 
1.250210632538 
1.229133180092 
1.189083102398 
1.284658589568 
1.237835271492 
1.321451234146 
1.320409608792 
1.313273136859 
1.225481916077 
1.255708930585 
1.282023641615 
1.292252071674 
1.270555116657 
1.451040447046 
1.381361494906 
1.289934710103 
1.359634865901 
1.268556525101 
1.197828854770 
1.233053438223 
1.398602910042 
1.399093517192 
1.400393096156 
1.411210365325 
1.317339568222 
1.317015536684 
1.338089147228 
1.305128789368 
1.196249677540 
1.203973228535 
1.195817291028 
1.263428135546 
1.474768607540 
1.397725240337 
1.399713843936 
1.380588451850 
1.386124513565 
1.451074279425 
1.446201400164 
1.405143528903 
1.317510216408 
1.323087916302 
1.354012429308 
1.333976154475 
1.310172399003 
1.276217063053 
1.312154873649 
1.302105594940 
1.350606582745 
1.336015118937 
1.319660142051 
1.327577572472 
1.333494019930 
1.215867588946 
1.254665244335 
1.247541558215 
1.243581846729 
1.240456958962 
1.149391697610 
1.138695494515 
1.161175804008 
1.236212031971 
1.267295477691 
1.208077988383 
1.156122995565 
1.241292303887 
1.248025713633 
1.254169311387 
1.142785764217 
1.173704713839 
1.184768164545 
1.291310791989 
1.295941027588 
1.287901425267 
1.278842925955 
1.115098872078 
1.017776471873 
0.972927340603 
1.029261315115 
1.117077838928 
1.141481295916 
1.172153822493 
1.130999343519 
1.028680396053 
1.052011124839 
1.111027525136 
1.059032763728 
1.072700967590 
1.102643765605 
1.051910867805 
1.069494103838 
1.137372222171 
1.133940164546 
1.102002925268 
1.156409316285 
1.114331359814 
1.122034080483 
1.132593619649 
1.099984256164 
1.045244236237 
1.042775717389 
1.039233223751 
1.127720063017 
1.143780956546 
1.165622469880 
1.145859789213 
1.254319094997 
1.144313309957 
1.133869875773 
1.162568189911 
1.123081204987 
1.144885188673 
1.150667599687 
1.153730316139 
1.269403169328 
1.265372100703 
1.282198004758 
1.230626019160 
1.207539640516 
1.238114600688 
1.210326172232 
1.197758041163 
1.218474206098 
1.180585959806 
1.183468726981 
1.180490901532 
1.152796484900 
1.260392039417 
1.261680262581 
1.284922792978 
1.293394960010 
1.275354230903 
1.280334136382 
1.282125425191 
1.279928672264 
1.248437759921 
1.285895195301 
1.283891369438 
1.263666425069 
1.239183736882 
1.292725118687 
1.351281704103 
1.361299063960 
1.363965403624 
1.340777136473 
1.356540837883 
1.481855730910 
1.499416219554 
1.471775383538 
1.484557155089 
1.398263885720 
1.465076181251 
1.211405437446 
1.112307272639 
1.179045122140 
1.321156198397 
1.346405508142 
1.333452463871 
1.323709780454 
1.269263877271 
1.212635364753 
1.163403134852 
1.299143174971 
1.205103956624 
1.316626138809 
1.245964986648 
1.117137334672 
1.439323414696 
1.370844892271 
1.349956693078 
1.377702046221 
1.498578639666 
1.583957082972 
1.567360599082 
1.549979195818 
1.557481245812 
1.598894337484 
1.580678041268 
1.659185490613 
1.765344649240 
1.673778579148 
1.620017972742 
1.537778359603 
1.354243684385 
1.431566317617 
1.447652630945 
1.480394312059 
1.597107857999 
1.497816050570 
1.488968236924 
1.555840009857 
1.424673911819 
1.472720462106 
1.420814884734 
1.407717805029 
1.424349710029 
1.146184127996 
1.331742080320 
1.397239954325 
1.413745929842 
1.147550036627 
1.195487239429 
1.111264279730 
1.234699109260 
1.055996482585 
1.102861236673 
0.881553278064 
0.879204476915 
0.825932116324 
0.914524248964 
0.962499226834 
1.100512199222 
1.036568911417 
1.002729758022 
0.961212499401 
0.970584817506 
0.995043840496 
1.030767159186 
1.061297230823 
1.146994885670 
1.114303963605 
1.137546145185 
1.238612282122 
1.276091232432 
1.309159250020 
1.313840869300 
1.279903871802 
1.421767470179 
1.546757139597 
1.372434179038 
1.369594541987 
1.386013812700 
1.428945178733 
1.429645210081 
1.272366073882 
1.294812394997 
1.364458197442 
1.221371128420 
1.175367915850 
1.221353094989 
1.169766761793 
1.222848854021 
1.271054125475 
1.234974171038 
1.238157124284 
1.180902203099 
1.351414132616 
1.323291116136 
1.281996746221 
1.266444054923 
1.213203519350 
1.157827949099 
1.298340845481 
1.284183481184 
1.284984732127 
1.201441170261 
1.064699449752 
1.060170405338 
1.119015576835 
1.208671905451 
1.234286232468 
1.310279883353 
1.233728588182 
1.189579375158 
1.294847179256 
1.278800233807 
1.389545343807 
1.188572000226 
1.244356558153 
1.238769996616 
1.162291214196 
1.142365042131 
1.216823111914 
1.119412647340 
1.122011114532 
1.255701377902 
1.213073022319 
1.303737704395 
1.154202015323 
1.132115257010 
1.136475497271 
0.973158908388 
1.084142114842 
1.183963004390 
0.926776724311 
0.811933623990 
1.043513966338 
0.956268046801 
1.164474091868 
1.166021461262 
1.195743716516 
1.413504280073 
1.585171064171 
1.511952823303 
1.458528895648 
1.388627814546 
1.433897292251 
1.417818039818 
1.375188755211 
1.434194145904 
1.375412921875 
1.399326045592 
1.528123200988 
1.384557866097 
1.442408613805 
1.486809628233 
1.533706340967 
1.494728294124 
1.485747762187 
1.413778584185 
1.340441140787 
1.306556490741 
1.322109715828 
1.322655073005 
1.265523094798 
1.180215298197 
1.165462227792 
1.067108367283 
1.135897378678 
1.166911269538 
1.122041371935 
1.143011906378 
1.080761779733 
1.116442282787 
1.136391628809 
1.123835377851 
1.191560763195 
0.997968270708 
1.345691350695 
1.264300554778 
1.305012810697 
1.299984041266 
1.321561542865 
1.319552560468 
1.331375007190 
1.395804645900 
1.404137221889 
1.218775263882 
1.371843233924 
1.304901329044 
1.334810140873 
1.159815646745 
1.124422872053 
1.120384579104 
1.093149730763 
1.065146372493 
1.145569019084 
1.123922839889 
1.280258230330 
1.390337198126 
1.341363660350 
1.335129848565 
1.274160082854 
1.254376207759 
1.216878569835 
1.236219516036 
1.275700537224 
1.306277883633 
1.297492180707 
1.303003002931 
1.288100929743 
1.307472465724 
1.309038343001 
1.290984331915 
1.289200585769 
1.319629784709 
1.307471398344 
1.283571885261 
1.348000975434 
1.389728234100 
1.371551478140 
1.376468218085 
1.383757778399 
1.352056024330 
1.428609150438 
1.451967281581 
1.460903699096 
1.330295421836 
1.259213888912 
1.257624402273 
1.409126369336 
1.361505514001 
1.442584832046 
1.518444107843 
1.521343998786 
1.394252844599 
1.324124603308 
1.287815841557 
1.398233154544 
1.402097599778 
1.275983492991 
1.280694170834 
1.302990087555 
1.377985348575 
1.390276354821 
1.387747440169 
1.358816131299 
1.340230788414 
1.307628494246 
1.299492826688 
1.381128646019 
1.377340243695 
1.390816081554 
1.378985603032 
1.224460606061 
1.222022515600 
1.186719325757 
1.207650041311 
1.209000123128 
1.145668900825 
1.103013343896 
1.146342325883 
1.240663516478 
1.116751521502 
1.150173400323 
1.146079693106 
1.129402804384 
1.143797310145 
1.134542530776 
1.171541700448 
1.152942589602 
1.212222218896 
1.184613300736 
1.103483310017 
1.072394766826 
1.108640550089 
1.104003084065 
1.015520946976 
1.066609721775 
1.151673670234 
1.275034386521 
1.307839082898 
1.389859761822 
1.354754479102 
1.389540444414 
1.390520301301 
1.392935604882 
1.369848260613 
1.346800873986 
1.392685726007 
1.393679197161 
1.446398951361 
1.446855420786 
1.507595915927 
1.492154761852 
1.352283964991 
1.334839403246 
1.298099437489 
1.384214768424 
1.463144206701 
1.500090848967 
1.646046495524 
1.430504123185 
1.454517936494 
1.432730668470 
1.370178813948 
1.371121049055 
1.424643863062 
1.426954697159 
1.354839546874 
1.400168574762 
1.363712000028 
1.357606027713 
1.348899062490 
1.318490312826 
1.294692778963 
1.313460979414 
1.303172833117 
1.234123720490 
1.242232011244 
1.256614973386 
1.303814546698 
1.411753402591 
1.346193638939 
1.209610642014 
1.183490973920 
1.316476783186 
1.329657269906 
1.337767957837 
1.329062970167 
1.296306377524 
1.384891493257 
1.421883994060 
1.400307090594 
1.358780402808 
1.351113609649 
1.296835906563 
1.286342783736 
1.237682042338 
1.123466572898 
1.273613616018 
1.298911394429 
1.307909713831 
1.320349774237 
1.312727989893 
1.360859414554 
1.386760460425 
1.322781300446 
1.406045856878 
1.434593646627 
1.442824205074 
1.435820205732 
1.367051902176 
1.378555892599 
1.301911484892 
1.261551725988 
1.392442133738 
1.366011511042 
1.328448023401 
1.351319343217 
1.341925130528 
1.330080689700 
1.352014207225 
1.341317831135 
1.217481856976 
1.231517863993 
1.279103569050 
1.283225769371 
1.381433401085 
1.384812995848 
1.389054076347 
1.428731479597 
1.265172998829 
1.327521668844 
1.172077640593 
1.379922745084 
1.430493037253 
1.419158535163 
1.525184586723 
1.529632531909 
1.469176475283 
1.464983987858 
1.437710509908 
1.433257439095 
1.360949716783 
1.439745228279 
1.515651582701 
1.550080810104 
1.515786227279 
1.531215870744 
1.558736168309 
1.417039509888 
1.328501316188 
1.359140570760 
1.390114937626 
1.388571946881 
1.457399130420 
1.410900879479 
1.380519622100 
1.310584996812 
1.297204713196 
1.193082148222 
1.225905276050 
1.212240593417 
1.196767258038 
1.365396306595 
1.366821522500 
1.328874417067 
1.348299537860 
1.357775490212 
1.384898179916 
1.331507387282 
1.344244870957 
1.418058618528 
1.409225422501 
1.481764770143 
1.480487177925 
1.497604020606 
1.546068496070 
1.439540456689 
1.514570519584 
1.407134901141 
1.349086639804 
1.355877860722 
1.340189426183 
1.329278201613 
1.259868108645 
1.266901637509 
1.378829504395 
1.397714368011 
1.385321818455 
1.335232250898 
1.366618582730 
1.323261157301 
1.299817307944 
1.331562838622 
1.346636592463 
1.359496582402 
1.357803599207 
1.367518209910 
1.484519969547 
1.397696813946 
1.356409892982 
1.415504381908 
1.463956891081 
1.458017142321 
1.443218963037 
1.393801570845 
1.524859331064 
1.561355982154 
1.617735111323 
1.604136001638 
1.501423388884 
1.529773778439 
1.539293346044 
1.553659009846 
1.516982264886 
1.545732599932 
1.505446682632 
1.443111330193 
1.464409863556 
1.513371783044 
1.496974784822 
1.483256075543 
1.521028102614 
1.513827711310 
1.548947751537 
1.503937151082 
1.424669147792 
1.417609895217 
1.417400403082 
1.426189162407 
1.403230794474 
1.413592677973 
1.394772361956 
1.416602427202 
1.411658120047 
1.463920795919 
1.522271170641 
1.504457006813 
1.533077084425 
1.390281168923 
1.374319172335 
1.368566251766 
1.383269645677 
1.342237413210 
1.325696107575 
1.327142371220 
1.325182911832 
1.316538896195 
1.305070432559 
1.314381182071 
1.322263145887 
1.304185248867 
1.284320458717 
1.387861945213 
1.379017506507 
1.370521509464 
1.328790416852 
1.328942296218 
1.275715169342 
1.311108061631 
1.319013769511 
1.315065837607 
1.311502837630 
1.290900674397 
1.296986472891 
1.298242848654 
1.297282632385 
1.304771581059 
1.292761787434 
1.289242422175 
1.370239810588 
1.377499455309 
1.376941229261 
1.389045558536 
1.309821771932 
1.309697024349 
1.307799873531 
1.310963776638 
1.306449970290 
1.346612061585 
1.318438393516 
1.303298989488 
1.408859946396 
1.423284588685 
1.392933138223 
1.389202983464 
1.373977180095 
1.395532520447 
1.397592419710 
1.353771399594 
1.286243040467 
1.270480263593 
1.252992792397 
1.258278089831 
1.234614646222 
1.192712298269 
1.191755715626 
1.140350698852 
1.142323625468 
1.143652141687 
1.128257205960 
1.135704016801 
1.178842911074 
1.134808867939 
1.148662718112 
1.171878146543 
1.163928185010 
1.163646457594 
1.162439596450 
1.172215550798 
1.163044359588 
1.179639961137 
1.141358374969 
1.155832766510 
1.172774637421 
1.173003244613 
1.187916297077 
1.160640937513 
1.161504060433 
1.156980153043 
1.166459700574 
1.187447455173 
1.176849973206 
1.175201738715 
1.168346267344 
1.137770232946 
1.137683517402 
1.166136622256 
1.166296981027 
1.164263265165 
1.185773324198 
1.205876751970 
1.212918751528 
1.181708861709 
1.172077230121 
1.155157394874 
1.151034025895 
1.097401513758 
1.094676095776 
1.097092645631 
1.102342414204 
1.093247379275 
1.094046897954 
1.107869685661 
1.080131756141 
1.108615852812 
1.089480205990 
1.133280356160 
1.123753444544 
1.121821824278 
1.086370571339 
1.120102742803 
1.126318544440 
1.125282831501 
1.136261252973 
1.154292004982 
1.217064739339 
1.226519287564 
1.223993273964 
1.221907926057 
1.221907926057 
1.176791138984 
1.186997496167 
1.134849646354 
1.167354667752 
1.171703910268 
1.179479075284 
1.230537379353 
1.238117484904 
1.235591672074 
1.227204420611 
1.232332562710 
1.254301980288 
1.249463857427 
1.248785005211 
1.235414534150 
1.238719057359 
1.250816228592 
1.276535096032 
1.279428068308 
1.282645770505 
1.281856870942 
1.274126338155 
1.283106786196 
1.271984369231 
1.274637010390 
1.275340201751 
1.282824941985 
1.297311007000 
1.299609290862 
1.287090459623 
1.305623480585 
1.299153492609 
1.313319791394 
1.312358496313 
1.312154204013 
1.376635861331 
1.442937541943 
1.418907262733 
1.456169787263 
1.450816256395 
1.468325767943 
1.458827900903 
1.448707260098 
1.487889854900 
1.467684186287 
1.462903083657 
1.417354089699 
1.439286028409 
1.446296096713 
1.414379697650 
1.435171585433 
1.450443417931 
1.459182656918 
1.460274258415 
1.487824121347 
1.511875324532 
1.471640795289 
1.421308707400 
1.425125933363 
1.458619827602 
1.435307417323 
1.433353797174 
1.439567046891 
1.435066901950 
1.451851416869 
1.493246043067 
1.560704894993 
1.556541432639 
1.559571469272 
1.550408669418 
1.556455612039 
1.508973088435 
1.507113284157 
1.508628786517 
1.534878403944 
1.590335027045 
1.514432921109 
1.516180016840 
1.528277850452 
1.485323808808 
1.532811725432 
1.531183628228 
1.511469324119 
1.484139353539 
1.531085796061 
1.519900233750 
1.594185725446 
1.573619891524 
1.524271909326 
1.547263508885 
1.585316511314 
1.573592919633 
1.582150262244 
1.578645343995 
1.593220121206 
1.553839974303 
1.550765261652 
1.547513288798 
1.485568596579 
1.477658804513 
1.450389618887 
1.450503856393 
1.479345154679 
1.431175922347 
1.509629777069 
1.493495007358 
1.530880161388 
1.503654868891 
1.502522068331 
1.448011070222 
1.438017655282 
1.456234799689 
1.456195347719 
1.449032788006 
1.433536599297 
1.416861606970 
1.449063007759 
1.432769669443 
1.421941110886 
1.411261912931 
1.359067105250 
1.547345008330 
1.530580117511 
1.443163283211 
1.456614531730 
1.491950862867 
1.677565658592 
1.634150280915 
1.599927369338 
1.566984936894 
1.566984936894 
1.566943092877 
1.596410935256 
1.596718363690 
1.559222042130 
1.531259786001 
1.497371109288 
1.600643584360 
1.592965935964 
1.619985697480 
1.482072192082 
1.440586723640 
1.435273825243 
1.439704620613 
1.457864835341 
1.466462502532 
1.469048229359 
1.480492603783 
1.487894015692 
1.494441024638 
1.475191699554 
1.477106261515 
1.473371711087 
1.471090195845 
1.457852103051 
1.463072245707 
1.435309002195 
1.536868141863 
1.438140983134 
1.161305192298 
1.039384930788 
1.298841118931 
1.238262708329 
0.958571672989 
1.092505800990 
1.012234858883 
1.018851474339 
1.300247575477 
1.205747899476 
1.055947970941 
1.086206050307 
1.155169966836 
1.216594509650 
1.106432332745 
1.207166062715 
1.181319262175 
1.281473575624 
1.216284649544 
1.183853463376 
1.080204067994 
1.163938851662 
1.207316869421 
1.213152676080 
1.126705348889 
1.137612558041 
1.043498284938 
1.124968663292 
1.048114718969 
1.162201000899 
1.100820310193 
1.207574376202 
1.331250978255 
1.295967640853 
1.235548714903 
1.344475090725 
1.494916256112 
1.517255291029 
1.430934051884 
1.545767832451 
1.423679027219 
1.388301233860 
1.408192444381 
1.409326672822 
1.624665503135 
1.546716754451 
1.524433897217 
1.494689321495 
1.334064356933 
1.340840016090 
1.509478904707 
1.425637586507 
1.262659904718 
1.224537064671 
1.222236175588 
1.354369184407 
1.259989117434 
1.020505437983 
0.861123012845 
1.074340642687 
0.964703104637 
1.036186620610 
1.082475871527 
1.249173731407 
1.356041996481 
1.360857213826 
1.294360065869 
1.235905534548 
1.138586379622 
1.239288935175 
1.094847469708 
1.113930381763 
1.041333383627 
1.186362426232 
1.245501805705 
1.219251785364 
1.257420101777 
1.345557167330 
1.216800203400 
1.338313930377 
1.272791246534 
1.352594374352 
1.352160857301 
1.264876001918 
1.263958061583 
1.285674148792 
1.370097943935 
1.185694096256 
1.165141908740 
1.119662176507 
1.126180015985 
1.086284509834 
1.136070678860 
1.071798539177 
0.912090508425 
1.067233032900 
0.988318560854 
0.881415108565 
1.201410106899 
1.469282822556 
1.211641391945 
1.367408336435 
1.384153089577 
1.526228214360 
1.336992339551 
1.503514471706 
1.482160522564 
1.438987030974 
1.430016685266 
1.409587460874 
1.425091970962 
1.475747389702 
1.406554310086 
1.409802232650 
1.318031802214 
1.380886576920 
1.315951943112 
1.367948874233 
1.377338846705 
1.288523510614 
1.308197880385 
1.295730488242 
1.268393122578 
1.257944139435 
1.205839585972 
1.197839596788 
1.380617153226 
1.256094308043 
1.220913576726 
1.271616387740 
1.312151797179 
1.260947102765 
1.383774715442 
1.710105538506 
1.532552011962 
1.611021703156 
1.427546223151 
1.356416634777 
1.355850991347 
1.338164219134 
1.350857254799 
1.386242373359 
1.369709898645 
1.395723405963 
1.278198986663 
1.320771792778 
1.349372906755 
1.447776690385 
1.291120058336 
1.403772244173 
1.367033766463 
1.408746960722 
1.384194062431 
1.481532431750 
1.483124640108 
1.489032896083 
1.321289931930 
1.594339042778 
1.413099828737 
1.353336781664 
1.315768268962 
1.336697032982 
1.310856917956 
1.266923842683 
1.234950941418 
1.292708057672 
1.291000189544 
1.239079801437 
1.228039626129 
1.151600327539 
1.261919369154 
1.224050618100 
1.202764939032 
1.221503589075 
1.090045533892 
1.191201031622 
1.164973356456 
1.158173294890 
1.159026284560 
1.223534738173 
1.242117438962 
1.261048771398 
1.244926821950 
1.225079736358 
1.197456480470 
1.201070873614 
1.222199528037 
1.349494247863 
1.340726004932 
1.302757095848 
1.430092298200 
1.429470822338 
1.384447696018 
1.423158190234 
1.391903588532 
1.294675155774 
1.276457632211 
1.263380710224 
1.281483328486 
1.332381455558 
1.340774210401 
1.360872304236 
1.338343419219 
1.321818893982 
1.386972539525 
1.347352453487 
1.350751217401 
1.455068999946 
1.417670579637 
1.420733147320 
1.461596336989 
1.444368956393 
1.440217371964 
1.424113449899 
1.427511641495 
1.483220078381 
1.462408802952 
1.357450594213 
1.328189245590 
1.281518429298 
1.227540597317 
1.159704920904 
1.235495552950 
1.187010052053 
1.135691897282 
1.202403329877 
1.237824378726 
1.230262126682 
1.174164421731 
1.240514434998 
1.157448502976 
1.210469283031 
1.203539563485 
1.136776703053 
1.258886478041 
1.297898424738 
1.390442833337 
1.361832240889 
1.365037308074 
1.357393464992 
1.360072198328 
1.387847882013 
1.365442731568 
1.361519075395 
1.342899504908 
1.317630790374 
1.286604076126 
1.316825348995 
1.319214038398 
1.315622189399 
1.332469180752 
1.363333682116 
1.335492134939 
1.350249903841 
1.355977832774 
1.311696121169 
1.312352819073 
1.360574651199 
1.360761926646 
1.391375728532 
1.394132462359 
1.428356856052 
1.514092818462 
1.514691137928 
1.479801758468 
1.500253340637 
1.475837569063 
1.483632883334 
1.546418362499 
1.566614528427 
1.540883925079 
1.366778600107 
1.353404497909 
1.275193807453 
1.261343263071 
1.278753239052 
1.263332519606 
1.318481113110 
1.379986794433 
1.376621341960 
1.345174656484 
1.329291505862 
1.352730726571 
1.303858823617 
1.345930621448 
1.355540762791 
1.370652872745 
1.371201751354 
1.360138161395 
1.408978544322 
1.475457878006 
1.448105468765 
1.420190822769 
1.352975159004 
1.333400395291 
1.245807861467 
1.237960932952 
1.242961966270 
1.242446818909 
1.183828246663 
1.163246764233 
1.224864323063 
1.213463588022 
1.268634275033 
1.171105119454 
1.159077171421 
1.157829055479 
1.083944057754 
1.116549532443 
1.042269801025 
1.146824036623 
1.114870645319 
1.226412390025 
1.221280791503 
1.234038610880 
1.193084804831 
1.122506478858 
1.089864273364 
1.130849212059 
1.137638835561 
1.255315842030 
1.210617227784 
1.216016731795 
1.219765436315 
1.210042520849 
1.214063840947 
1.198043097946 
1.195965225094 
1.183760997883 
1.181052017804 
1.208525940988 
1.183437158140 
1.209282925508 
1.227959641918 
1.226867711969 
1.220240973275 
1.252888592555 
1.225666867797 
1.178903244469 
1.254285250580 
1.238101744201 
1.263570274950 
1.248146149151 
1.242475749372 
1.113709788830 
1.129995575342 
1.145942721981 
1.261337929143 
1.191996887190 
1.193109037129 
1.210672742840 
1.313569444736 
1.311642892341 
1.312015257433 
1.314575846006 
1.307924111885 
1.303147316529 
1.313111926170 
1.321263974159 
1.349856418029 
1.347178985295 
1.339757675324 
1.359549180670 
1.358996460599 
1.363695184003 
1.360954058024 
1.368740611616 
1.377426565265 
1.373179902696 
1.365641296530 
1.391709976389 
1.385468246473 
1.352881036441 
1.352929157645 
1.353156839262 
1.336387584810 
1.342981167866 
1.348292829766 
1.314075437626 
1.491542545628 
1.728179792820 
1.599082685279 
1.578826192969 
1.598833552418 
1.488360168454 
1.459039310915 
1.406114013891 
1.331591512178 
1.288373079289 
1.322879080761 
1.252549777468 
1.085762236862 
1.064226541465 
1.092308945246 
1.185250692220 
1.378327339706 
1.239713994643 
1.262153808849 
1.304408991490 
1.102087563893 
1.187463180009 
1.094303652299 
1.116465176207 
1.127469774262 
1.189735513039 
1.162835095833 
1.063206806430 
1.111321940533 
1.180686196480 
1.134903441735 
0.978206738850 
1.069028079835 
1.054511611430 
1.178249095858 
1.229669972430 
1.142792841100 
1.104329477393 
1.088807452251 
1.081390853452 
1.279217210276 
1.168192350507 
1.199375557814 
1.206315141185 
1.212258815319 
1.390787178181 
1.296407351786 
1.241407470342 
1.234461490011 
1.319800711731 
1.116108139172 
1.211359132027 
1.474140855626 
1.472243016551 
1.468139942852 
1.476180480529 
1.373487925712 
1.336160818345 
1.384266843416 
1.362613121801 
1.313780320782 
1.308463797507 
1.328811505756 
1.311102527074 
1.306613844154 
1.358801865784 
1.348584697910 
1.284873518838 
1.380642053003 
1.383600824695 
1.383578905954 
1.399376116769 
1.365699165390 
1.342861530243 
1.233841476826 
1.217078962126 
1.191254441526 
1.101116691064 
1.353251637929 
1.597041991521 
1.564818874360 
1.484940232331 
1.462454374741 
1.481309929024 
1.454301819950 
1.475091713270 
1.421243072634 
1.465322442429 
1.434012466012 
1.385647678466 
1.371841450424 
1.413231602635 
1.420967097481 
1.392935136102 
1.379616536948 
1.391712957907 
1.456595338487 
1.446015611700 
1.433418013421 
1.398666846322 
1.395716040712 
1.417218879343 
1.408875913977 
1.417661923277 
1.394956483394 
1.397129885792 
1.453973632962 
1.446732892251 
1.414907413096 
1.407744804823 
1.345470877453 
1.370089009619 
1.336074483917 
1.336616300093 
1.396977379439 
1.364993447473 
1.348550893321 
1.344167154906 
1.334721958006 
1.304393434880 
1.271733567078 
1.265913536938 
1.294598582238 
1.278858346092 
1.272437324411 
1.294806072514 
1.345599785757 
1.341151327244 
1.342115967800 
1.274561459387 
1.291518343174 
1.324949546877 
1.439092891690 
1.391033343026 
1.373964355285 
1.350018585318 
1.308746669207 
1.319745998412 
1.348957584528 
1.347280952703 
1.334407009763 
1.389269394946 
1.316499420940 
1.326261354262 
1.347462087488 
1.327440220946 
1.400366748963 
1.412316622969 
1.439575991706 
1.444159199066 
1.525594042497 
1.500162726482 
1.488441231772 
1.549471820222 
1.616791938665 
1.628352862599 
1.482254245880 
1.510602730553 
1.495574123414 
1.512311747340 
1.438515971781 
1.412488913967 
1.422365302015 
1.412006636209 
1.471254384419 
1.448102942089 
1.458665303562 
1.515576313491 
1.458122770115 
1.434246070464 
1.433839891510 
1.430624408419 
1.321580512013 
1.323230116035 
1.318396020878 
1.312340541215 
1.296754935055 
1.305888642910 
1.296810390703 
1.274738675744 
1.256122285273 
1.314184894801 
1.284836580636 
1.271263289531 
1.159739156843 
1.145127556649 
1.129513409238 
1.155467111031 
1.161186031386 
1.145621823901 
1.160888251403 
1.159768919515 
1.205290625518 
1.258857801833 
1.279072541842 
1.268513398569 
1.233429024012 
1.222356167727 
1.220965998126 
1.280937718537 
1.227608692681 
1.227223650667 
1.232436240345 
1.224823527948 
1.231285810173 
1.287066619510 
1.301174855467 
1.285387497621 
1.322352407197 
1.359335382757 
1.299695760993 
1.260557739091 
1.243088700229 
1.269403504757 
1.256515977091 
1.254126892822 
1.229864120993 
1.226037504780 
1.245737293241 
1.194629270922 
1.205547250194 
1.238665087865 
1.291923163874 
1.287384249814 
1.408659944927 
1.376560699116 
1.373770891593 
1.295652736362 
1.336843530230 
1.333960087663 
1.298067020519 
1.329929415555 
1.319093878782 
1.306631342950 
1.301666544398 
1.300415306207 
1.305409973249 
1.275258245869 
1.291897796250 
1.375314375275 
1.361476246444 
1.370847978977 
1.376871840826 
1.360655191145 
1.395434034391 
1.400363527202 
1.418460572963 
1.393990824442 
1.401191970945 
1.337986749497 
1.482057475528 
1.360985046360 
1.353048612542 
1.360017773695 
1.342466655217 
1.319816442743 
1.323009124853 
1.340023629828 
1.335631232371 
1.371533710138 
1.334040781243 
1.482854747660 
1.496593404300 
1.468249881382 
1.477074307342 
1.456402526656 
1.449005448081 
1.433641641947 
1.470557430592 
1.516000765841 
1.507148937523 
1.520848580852 
1.475332857016 
1.469684233993 
1.433782056461 
1.446493663643 
1.414902748008 
1.239846842277 
1.234810324033 
1.237642822323 
1.236376193229 
1.193663912587 
1.204978067703 
1.275805802120 
1.240294446185 
1.330159793551 
1.341571956822 
1.334624297316 
1.342032154451 
1.308276844074 
1.155539412845 
1.272329716378 
1.238339662556 
1.223720739139 
1.201153362342 
1.241416593191 
1.294117446759 
1.287895928720 
1.353477807379 
1.334843571403 
1.271499869924 
1.275010705079 
1.295213720419 
1.338058864219 
1.334164540912 
1.236123840918 
1.297713042853 
1.266052878622 
1.332932371477 
1.359941234546 
1.363325389801 
1.374207609904 
1.313718474506 
1.308222643543 
1.338427772288 
1.352159390078 
1.370241652868 
1.411514716398 
1.399108367638 
1.469362533662 
1.527625230558 
1.520039749689 
1.518539390705 
1.588092852260 
1.522591853050 
1.542656794278 
1.527627801485 
1.503533681138 
1.438888093802 
1.391361787244 
1.402926166201 
1.396673675132 
1.388241785172 
1.393929289130 
1.409036694492 
1.419720328680 
1.405501269027 
1.436508769712 
1.435338595886 
1.417589341031 
1.440778391470 
1.343572148990 
1.364749386044 
1.350782063088 
1.359499993236 
1.391375801120 
1.358855775447 
1.352069426593 
1.377106287451 
1.393224828885 
1.573518010569 
1.447220565623 
1.508621203353 
1.466543732070 
1.506699920746 
1.488087901778 
1.486530293651 
1.438352263146 
1.424712715084 
1.439289653552 
1.411486405443 
1.392335711726 
1.393598385598 
1.388277932129 
1.370774866430 
1.356927970882 
1.338691591534 
1.321826016074 
1.322556347594 
1.291035883430 
1.370695231650 
1.363454408515 
1.384989253620 
1.388901682057 
1.370700952876 
1.364708010400 
1.366120826129 
1.388949337337 
1.384902337714 
1.388005885212 
1.393579783560 
1.410170952130 
1.212972047227 
1.318736718075 
1.321794729323 
1.415558317414 
1.331632503614 
1.279986291149 
1.328813975161 
1.356009656216 
1.286005529457 
1.297113537827 
1.191379893077 
1.166292254277 
1.275683213373 
1.219090684844 
1.307121025959 
1.351595044448 
1.341784405861 
1.358249453972 
1.344224041883 
1.346102946303 
1.324640886198 
1.389127801553 
1.309906693243 
1.279971651727 
1.297604278787 
1.355075741529 
1.340811957244 
1.412063908604 
1.384308580503 
1.461764002454 
1.443222674628 
1.415257752447 
1.409828531397 
1.316110586125 
1.297893625352 
1.217967827987 
1.109273020536 
1.162811188138 
1.028138619746 
0.835270453671 
1.032774055370 
0.941782840041 
1.014464297025 
0.979807924253 
0.823942019290 
1.033635966230 
0.967659890582 
0.929717674899 
0.787933050017 
0.988329480622 
1.150569041788 
1.045675125681 
0.972821790645 
1.096913243641 
1.072982182147 
1.058350752646 
0.980510319887 
1.045043865081 
0.991876288447 
0.894181735669 
1.000844009971 
0.970712876276 
1.134026270266 
1.194031190382 
1.169075421573 
1.270915510616 
1.288458658738 
1.158905443963 
1.158032578489 
1.253009988420 
1.227151224678 
1.240417437516 
1.241832985476 
1.237337537939 
1.231945381224 
1.258707131682 
1.268153257824 
1.413452111682 
1.372483346657 
1.415044868484 
1.492112394718 
1.414669122108 
1.418655498019 
1.415165999778 
1.480058591622 
1.517566917150 
1.481557533815 
1.377403085455 
1.452049006331 
1.446726636846 
1.443214031812 
1.439249572441 
1.409375304573 
1.443620844328 
1.458308301082 
1.449063470506 
1.452128548192 
1.499570562598 
1.498869569982 
1.499202173538 
1.517617140982 
1.448417145666 
1.356219827527 
1.346749268293 
1.362425315752 
1.349163379285 
1.383920907857 
1.372813647655 
1.415945605287 
1.462204428960 
1.417183727697 
1.414385640714 
1.428980272102 
1.430260590319 
1.422096669475 
1.336900270888 
1.283079773120 
1.316474001099 
1.320058980655 
1.332527815882 
1.266448299974 
1.315404104084 
1.325487773316 
1.357759464373 
1.286620398944 
1.282523226919 
1.338926513014 
1.368345720692 
1.408986041667 
1.403084722686 
1.490032517277 
1.518231929130 
1.519851561944 
1.548037731257 
1.579132494856 
1.505842413290 
1.489840271786 
1.560651512913 
1.500339470198 
1.420617481994 
1.499610475523 
1.305983438663 
1.231313813474 
1.197706485125 
1.214201400969 
1.149372379655 
1.150123305655 
1.115289556650 
1.160386089640 
1.364525378596 
1.316621589779 
1.205305363924 
1.190670958454 
1.238413467698 
1.119852589994 
1.339029696017 
1.394933702006 
1.394143026214 
1.404469819350 
1.352594067076 
1.292246918007 
1.299780536110 
1.329734894109 
1.296609883584 
1.352885270429 
1.302811566416 
1.297934088714 
1.282040580525 
1.322248544162 
1.318363552824 
1.326990374129 
1.325492936964 
1.283926803652 
1.264961793193 
1.304731285069 
1.307196557155 
1.308706650778 
1.324895276380 
1.453921502997 
1.480914401325 
1.386697981727 
1.400820160917 
1.367815869911 
1.418838460788 
1.417019879209 
1.318759494925 
1.213932842368 
1.200943354161 
1.229759550632 
1.235482189879 
1.264264354531 
1.310972972361 
1.362070803211 
1.372937546832 
1.310970684308 
1.284474476922 
1.305098874178 
1.243023864617 
1.227639419203 
1.218033095821 
1.213258478658 
1.243509943866 
1.292978116478 
1.301859082639 
1.330426457439 
1.353530212347 
1.098100701882 
1.491070058200 
1.552777580812 
1.307306476302 
1.317068744496 
1.270834346964 
1.107908669093 
1.120356473023 
1.108339169343 
1.124567870903 
1.042895105756 
0.949312596849 
1.052261134988 
1.094910403567 
1.106805030455 
1.085039179612 
1.126564514382 
0.991131664107 
1.187909996028 
1.151221657500 
1.154235829207 
1.180083858221 
1.118929097247 
1.088746783094 
1.090814569905 
1.002907513107 
1.034166791955 
0.941001040718 
0.976319212841 
0.973417562609 
0.992114183816 
1.008989096658 
0.992546644662 
1.069814074969 
1.052586860372 
1.183836082569 
1.214540675193 
1.081029742016 
1.077776365643 
1.061087081110 
1.060049613838 
1.073109826306 
1.123836447221 
1.086737826439 
1.125192174579 
1.153550234567 
1.058595834707 
1.073991235023 
0.973750660949 
1.048748445484 
1.018324717154 
1.171375730611 
1.005591170847 
0.935058203151 
1.131940235003 
1.065951461554 
1.217506302200 
1.297205104428 
1.277215792735 
1.280453432450 
1.282977334871 
1.341112000157 
1.206740503996 
1.217803646283 
1.223840498966 
1.176424422800 
1.168392971263 
1.167925682996 
1.171482967070 
1.107985490713 
1.199414046628 
1.231823855763 
1.296922906627 
1.223653205895 
1.176188896073 
1.227256496332 
1.092645602938 
1.242839685676 
1.237077856705 
1.229837682771 
1.254415684041 
1.256130161814 
1.243670289499 
1.187857832942 
1.143853777603 
1.140019886570 
1.113591363108 
1.103687738369 
1.104080364502 
1.203499186358 
1.271912446322 
1.304567551435 
1.256842167290 
1.178676253231 
1.156999731990 
1.200121491795 
1.193222073990 
1.160540742005 
1.274332089647 
1.288547928616 
1.367419364448 
1.409902558801 
1.417014049980 
1.414203580510 
1.372288144289 
1.367548401356 
1.307422294613 
1.223055721101 
1.224396557366 
1.274305669776 
1.247966997733 
1.255976691928 
1.276888513578 
1.264543439319 
1.271921680141 
1.271824178929 
1.313764544512 
1.356733228248 
1.295923416165 
1.240189966099 
1.256158385016 
1.245482610585 
1.307595162870 
1.292691266160 
1.324697345806 
1.298779442310 
1.274003373702 
1.303817843118 
1.301444986390 
1.278456343805 
1.283002948089 
1.292188020147 
1.286447455480 
1.385502008781 
1.404074129211 
1.428077710986 
1.418288841024 
1.399516056065 
1.451193798682 
1.499328319968 
1.440463860046 
1.452120229479 
1.503776539177 
1.483728023006 
1.503580424150 
1.541428590273 
1.529090947576 
1.543945876284 
1.403138827670 
1.557079542118 
1.483682899895 
1.474869093125 
1.439995474337 
1.436384896927 
1.420761729357 
1.521817144685 
1.374836540073 
1.376889571282 
1.404526265346 
1.388289254486 
1.484567851340 
1.453541547369 
1.523032107460 
1.570161860184 
1.400708572495 
1.401506307712 
1.372255974788 
1.405875390095 
1.404135704019 
1.456989395117 
1.399734832626 
1.365375855288 
1.110967018714 
1.153497609182 
1.213276596245 
1.172313341688 
1.254614193412 
1.174181456880 
1.260824327867 
1.325361320884 
1.232327102869 
1.303424405094 
1.375224662316 
1.254595665194 
1.274124822607 
1.167680098853 
1.336462628221 
1.358499842084 
1.342215435188 
1.436582417959 
1.409572067069 
1.381455244549 
1.418342007167 
1.384774276291 
1.419020478911 
1.453096019620 
1.396424231055 
1.245497326381 
1.194740362149 
1.176126046127 
1.086225815241 
1.147488296932 
1.064908090718 
1.534753537772 
1.461546518176 
1.210469288257 
1.354995964533 
1.408577191354 
1.288587399186 
1.453920737362 
1.457441717034 
1.434632168918 
1.460153336186 
1.541970822968 
1.616679606024 
1.342168850529 
1.319688350768 
1.082160323663 
1.156989320185 
1.078225871064 
1.151560105087 
1.188496148701 
1.176821439379 
1.132386312997 
1.102808950909 
1.188956219045 
1.264423316375 
1.286605887404 
1.439247671789 
1.447219802256 
1.210596764734 
1.213590732559 
1.345528422785 
1.100515181728 
1.153127498009 
1.164111040605 
1.110433913383 
1.086707257822 
1.218895331265 
1.192057693783 
1.259022467821 
1.158265857132 
1.080822143539 
1.044046996029 
1.227505249261 
1.240833388384 
1.232893142685 
1.222762902434 
1.300069239295 
1.149203426996 
1.342266096799 
1.440508390896 
1.386719475385 
1.340800936531 
1.209213077343 
1.433490850545 
1.628835584255 
1.653775026515 
1.584173387978 
1.550155570771 
1.377377550822 
1.458244055949 
1.480057325006 
1.484536661826 
1.468189305786 
1.486469094287 
1.459876493302 
1.404725490622 
1.409399784686 
1.458971939912 
1.384337179437 
1.295341378211 
1.190645163822 
1.241996527075 
1.288581390554 
1.133319198183 
1.313168292523 
1.402511062323 
1.389865940123 
1.460760987486 
1.456940290146 
1.306358678611 
1.296355039398 
1.134571649401 
1.123700384107 
1.112436760587 
1.234119767494 
1.193654754548 
1.183223013171 
1.177187601773 
1.161497690757 
1.157780964503 
1.150518388907 
1.151086786822 
1.139063810104 
1.194944555878 
1.254583618572 
1.247113027331 
1.246169393370 
1.226367796746 
1.312025194911 
1.234373575551 
1.251521995924 
1.240691794417 
1.306437807734 
1.285875584496 
1.292756101482 
1.086553040497 
1.079299340340 
1.046945907300 
1.124507613757 
1.094752269387 
1.168102500402 
1.157115224755 
1.207411858296 
1.170546181852 
1.289172393283 
1.235156078593 
1.284753737045 
1.396086206946 
1.272210214147 
1.217523977281 
1.160015632540 
1.132432624370 
1.020929874397 
0.991705542532 
0.984789677686 
1.057459696618 
1.182191734545 
1.144165828999 
1.195428895631 
1.158896331307 
1.186724743101 
1.177475955198 
1.174071655688 
1.270762756932 
1.406735267891 
1.419995488836 
1.432829732746 
1.372947998107 
1.382882258211 
1.382525218303 
1.320668336212 
1.223865140326 
1.249597407829 
1.242443618663 
1.262351282598 
1.390652310532 
1.319163287828 
1.369598586865 
1.394005150236 
1.377360834628 
1.319858264952 
1.263051265391 
1.283074519705 
1.285243685425 
1.342120720500 
1.314727100219 
1.258224492098 
1.290725467065 
1.431404087105 
1.339826530258 
1.390006089824 
1.385385618768 
1.265002586090 
1.197799345648 
1.185693789544 
1.213586708799 
1.219358237900 
1.130159097605 
1.278078256292 
1.328795675427 
1.301078005614 
1.311010507855 
1.296803030793 
1.338349349226 
1.308248601352 
1.218675750383 
1.216020489459 
1.112129147502 
1.136714949564 
1.146608075660 
1.226297792159 
1.216772365012 
1.300116901686 
1.393412212593 
1.422708614391 
1.488244826886 
1.257309330976 
1.275847372360 
1.275780531457 
1.308686713841 
1.302237739479 
1.194192085172 
1.296270609897 
1.285467514406 
1.274768158263 
1.234425432540 
1.170067304243 
1.139366241181 
1.266412780576 
1.296025626636 
1.199336201023 
1.104621059518 
1.114191611076 
1.199307949861 
1.195667176279 
1.166127362686 
1.255926843304 
1.256921209816 
1.290769181159 
1.361528981189 
1.354100897448 
1.397752031905 
1.414401740712 
1.497276895326 
1.455711367284 
1.412306804070 
1.434300698567 
1.394636198199 
1.394335565064 
1.458775967042 
1.344322930590 
1.317015077907 
1.374724427520 
1.466276357225 
1.449007348516 
1.369711731125 
1.379338841675 
1.342524659055 
1.346896878289 
1.373619626362 
1.421462054956 
1.295094728116 
1.305341788683 
1.347387682595 
1.387312378529 
1.339354540210 
1.298723106850 
1.400862978546 
1.374429132462 
1.362698417472 
1.319126613325 
1.302819932815 
1.257624759709 
1.251297177034 
1.324558102804 
1.292520317389 
1.238408304345 
1.292573943306 
1.338843047978 
1.294671663993 
1.276117411514 
1.195236203987 
1.194663398266 
1.228761094868 
1.072937734544 
0.992408032427 
1.305634254160 
1.238145465028 
1.323885351976 
1.346875767939 
1.476998848690 
1.658085248829 
1.535527586068 
1.504001589865 
1.310961985688 
1.299272776177 
1.290446139277 
1.364638962841 
1.353879537677 
1.364634718122 
1.363251970731 
1.239940227381 
1.235485763954 
1.257748762405 
1.301962815731 
1.247744369614 
1.252799235739 
1.248323042027 
1.304013174344 
1.209807471437 
1.230193138133 
1.312847900623 
1.267832275728 
1.262801481369 
1.320303166595 
1.358126668731 
1.406248632697 
1.407381288451 
1.388493666761 
1.376275097429 
1.412850524687 
1.414688697232 
1.445053363347 
1.442005698441 
1.335864907788 
1.448142915540 
1.449040558018 
1.460129452181 
1.439373821803 
1.404179612849 
1.449898656387 
1.379910621629 
1.378940787004 
1.453636005540 
1.398708174529 
1.323184156261 
1.319111288508 
1.361145762963 
1.306722758357 
1.334820349708 
1.300042112122 
1.535005785292 
1.564523591579 
1.356553327383 
1.422908629009 
1.450560220622 
1.409848950342 
1.418404605889 
1.413130053417 
1.335040556124 
1.336597801384 
1.268083132468 
1.224084901717 
1.244502962359 
1.193791264147 
1.152199849480 
1.247071090141 
1.245977059026 
1.253953734711 
1.227491064294 
1.247261255072 
1.301922678653 
1.288935087863 
1.360749894411 
1.322995895087 
1.261669594805 
1.362549209352 
1.415141110493 
1.363407238682 
1.339368904626 
1.327762190684 
1.309259511212 
1.541355843677 
1.550719280501 
1.407521500601 
1.344642950873 
1.345908907852 
1.366108647766 
1.357844567929 
1.451920670071 
1.499349324680 
1.405481077189 
1.355177645156 
1.310186859564 
1.343319754908 
1.368104457976 
1.332608214355 
1.481209740653 
1.568555039429 
1.419914260776 
1.190367788818 
1.377294865378 
1.381744813210 
1.347560082963 
1.243187279752 
1.231128044421 
1.240059779576 
1.229934448724 
1.197506204447 
1.311432341804 
1.362382196488 
1.448394563185 
1.522864044349 
1.525656364920 
1.561859514169 
1.581924355116 
1.473530512066 
1.452339374345 
1.450177544012 
1.358233003694 
1.277915221691 
1.366510078062 
1.397693890634 
1.375248739525 
1.335733158827 
1.316957061504 
1.307006297242 
1.296284433892 
1.291842626535 
1.397436452476 
1.287703516434 
1.300126323929 
1.286266396628 
1.284747880804 
1.278878152778 
1.271044750572 
1.306840869610 
1.163107142664 
1.125425691003 
1.146221721307 
1.223984230488 
1.166343624101 
1.227688073326 
1.201103235738 
1.224300265966 
1.229396417503 
1.259189195370 
1.164339591914 
1.169144948336 
1.262039494506 
1.342271689895 
1.270205334129 
1.430065648533 
1.201996094850 
1.344408364042 
1.221116506153 
1.220233590793 
1.260022488179 
1.231906955573 
1.228645731571 
1.181585661534 
1.161118156396 
1.297598619254 
1.263553439859 
1.238905541684 
1.225466152240 
1.315165661262 
1.252345120943 
1.240574393668 
1.222158587283 
1.285581312362 
1.222517003690 
1.213557166549 
1.174433634231 
1.175548283563 
1.205952440516 
1.214164892694 
1.194975959407 
1.190932894913 
1.215743501695 
1.164216415044 
1.183455830998 
1.191342517882 
1.209060381896 
1.274321776563 
1.275438941054 
1.293334792984 
1.294406656651 
1.225579211340 
1.218513784202 
1.246838751483 
1.261673245501 
1.250851665843 
1.261547389027 
1.224333187470 
1.233171411498 
1.210047719982 
1.205214560514 
1.223320023716 
1.286458258231 
1.305120929090 
1.315892753730 
1.339903275083 
1.310785851412 
1.356455823244 
1.314672847015 
1.317544812247 
1.326018244785 
1.250248934630 
1.251166380164 
1.242398655450 
1.291902074786 
1.276799612262 
1.270648944007 
1.283708681580 
1.305311094762 
1.305286195786 
1.326067799935 
1.314263337854 
1.233513111972 
1.231374760868 
1.227572280140 
1.223794544160 
1.234325020354 
1.239826090968 
1.283103169382 
1.300617692820 
1.331652167548 
1.333484401509 
1.328360168814 
1.249484946812 
1.248121090771 
1.274800238361 
1.357066205655 
1.351896430056 
1.327893512390 
1.331745023318 
1.342302858092 
1.222735635514 
1.078734795863 
1.075943829721 
1.086147891478 
1.033034398390 
1.036827832909 
1.000224596973 
1.134392326199 
1.187115035287 
1.211806009645 
1.198536067973 
1.173144091549 
1.177063839905 
1.117890777702 
1.154166000328 
1.211928172377 
1.204602372242 
1.167448093571 
1.160056365428 
1.171049764476 
1.175365709819 
1.182915887558 
1.133030287629 
1.117159759727 
1.135640277251 
1.150796610646 
1.188245462653 
1.277695476560 
1.269492208877 
1.287032080065 
1.198135190110 
1.149041846191 
1.187921871230 
1.219489422792 
1.214112906964 
1.177220689558 
1.153341438967 
1.155096948691 
1.084155587503 
1.040493105346 
0.980585131465 
0.955597117758 
1.038276796324 
1.089697614848 
1.085547602240 
1.091075474783 
1.151826156114 
1.197427343162 
1.197778228779 
1.193262015964 
1.158091839451 
1.094924718889 
1.075988924379 
1.086738309870 
1.076708332645 
1.220366439620 
1.168515736002 
1.203707020517 
1.164556274262 
1.192606679007 
1.179866481975 
1.158052539482 
1.168302324463 
1.168759734712 
1.172967261101 
1.178693753549 
1.149595613229 
1.168113433832 
1.168776285672 
1.173363480773 
1.151984774483 
1.136882225708 
1.100306487885 
1.116222263442 
1.096507252237 
1.097332902420 
1.065989312421 
1.090320431958 
1.073700264917 
1.095680552061 
1.103088779846 
1.141007576650 
1.124470023781 
1.124853251526 
1.123662957603 
1.135191519752 
1.174906082730 
1.266854441938 
1.257568723889 
1.264650102627 
1.259620327958 
1.266421982954 
1.265966661588 
1.268765352263 
1.261706625388 
1.288925810880 
1.265817811225 
1.261948500359 
1.252396327413 
1.244112326413 
1.244815363344 
1.273004684100 
1.256500741460 
1.261133235303 
1.228613427451 
1.289235484188 
1.265462971953 
1.223433328762 
1.238264370856 
1.323848211398 
1.374822479762 
1.316261936225 
1.349425110250 
1.334271543065 
1.345259637142 
1.241486573961 
1.222693818115 
1.214582225769 
1.199872267460 
1.188634515504 
1.170204676538 
1.184451950556 
1.155471928852 
1.146966460430 
1.139987285463 
1.125235646291 
1.121500259872 
1.133892693056 
1.086144485804 
1.150254670731 
1.178654922545 
1.170241848860 
1.193918245799 
1.179806358125 
1.228745143068 
1.227008441594 
1.221689286792 
1.192762380704 
1.204558040444 
1.179634344100 
1.201113805463 
1.319680453647 
1.389296608782 
1.386554161045 
1.470917860995 
1.406263510148 
1.399295965607 
1.417508640917 
1.418115848877 
1.384701782539 
1.351302385311 
1.398335929007 
1.398943120419 
1.239128301977 
1.236272119775 
1.425088470123 
1.553318451625 
1.520248619876 
1.451265510164 
1.371155015964 
1.424927718184 
1.394520122977 
1.360415873459 
1.307642638443 
1.264336687624 
1.334375449249 
1.436298665824 
1.379959500801 
1.350089163147 
1.465488930465 
1.448852778802 
1.505104395930 
1.524295848788 
1.500681343411 
1.434907883662 
1.440043596431 
1.406236887381 
1.411800815106 
1.452962274057 
1.417361160654 
1.412119815417 
1.393714343202 
1.397335092107 
1.394872267001 
1.357967515781 
1.354236280416 
1.331291415566 
1.350930033273 
1.335317592736 
1.320889910213 
1.307852371590 
1.310268403893 
1.309408586464 
1.312204776028 
1.318328371264 
1.314406320915 
1.313849860867 
1.312354302449 
1.304750513535 
1.304855073073 
1.293206167178 
1.244820433704 
1.246732269002 
1.259596356256 
1.264368258184 
1.245423737556 
1.254437495675 
1.251652342684 
1.261673785422 
1.262797737081 
1.260273057650 
1.256998404560 
1.257553315072 
1.273272066116 
1.268288206389 
1.274302923190 
1.269564928357 
1.276261085913 
1.251122366039 
1.202342382702 
1.223848960753 
1.235696138552 
1.251024383607 
1.139843614386 
1.084237200866 
1.004029058511 
1.009263348057 
1.007006657411 
0.993036368114 
1.031906826860 
1.106382069799 
1.251403964945 
1.178681342275 
1.303799386122 
1.368239275136 
1.406403274703 
1.317275160306 
1.389126295213 
1.349227341280 
1.633764546288 
1.420388451649 
1.359852637882 
1.049786047318 
1.207424853176 
1.287188165107 
1.246596897334 
1.202656786395 
1.444913118005 
1.471875463445 
1.518944366033 
1.305722372847 
1.360866008052 
1.424042353375 
1.367753344747 
1.383613903391 
1.374068238080 
1.405120417412 
1.418817604690 
1.395773804029 
1.346891448426 
1.416923393566 
1.331486203252 
1.358793134279 
1.166856747174 
1.075367896567 
1.166545721602 
1.307917701646 
1.273035471469 
1.185992191561 
1.240210293256 
1.146762072099 
1.155341389188 
1.180155342184 
1.240205552237 
1.318645432480 
1.280954413186 
1.443620245627 
1.453249832641 
1.620954890406 
1.536382282586 
1.536777064169 
1.412012793489 
1.492159188140 
1.544006121948 
1.618382937659 
1.524328262766 
1.514176868174 
1.459628346719 
1.571005290730 
1.551205852956 
1.594366109762 
1.615941265068 
1.696700897918 
1.618903757071 
1.500715883293 
1.477569396762 
1.441362506007 
1.405706082674 
1.481178299339 
1.414068976373 
1.294873388555 
1.355808732085 
1.342700282547 
1.392489627500 
1.486801082371 
1.534751633829 
1.529807732967 
1.631780659791 
1.569679437841 
1.618853550927 
1.687256267845 
1.704750357098 
1.603853750787 
1.520068195242 
1.424769149350 
1.419439030679 
1.494942966334 
1.468661219053 
1.448225074333 
1.443744226365 
1.440940202946 
1.416087237794 
1.350787216899 
1.313296907374 
1.239456825631 
1.316705408914 
1.329394894000 
1.524846544447 
1.308792862406 
1.195862509389 
1.446024913502 
1.436419436498 
1.498464823832 
1.468438085886 
1.504104404291 
1.312167145827 
1.307963514018 
1.358571474800 
1.408286816215 
1.408818544858 
1.309061446201 
1.277344632062 
1.313121542926 
1.271098441383 
1.275774806774 
1.188605295682 
1.223436709478 
1.244668885905 
1.251220991348 
1.339829964175 
1.297686510703 
1.298680263543 
1.232197298472 
1.359689459336 
1.266910508278 
1.449688850614 
1.437930621377 
1.398996307608 
1.330511885258 
1.345875500424 
1.402015873650 
1.426823580270 
1.448034287450 
1.364915647068 
1.332560799537 
1.404768469663 
1.323755368271 
1.462185077425 
1.461646230569 
1.547825339641 
1.509819152961 
1.498257586265 
1.461171255902 
1.411807137944 
1.444911961666 
1.365289329218 
1.318943805128 
1.290947224244 
1.231769621263 
1.181063061615 
1.045530898605 
0.992268665012 
1.063752408850 
1.025751032336 
1.292102127133 
1.282475458781 
1.350981630518 
1.356247139271 
1.396395227540 
1.369789281020 
1.394147248728 
1.362755624466 
1.366362075357 
1.371636518141 
1.407104726567 
1.392658170834 
1.425950736401 
1.432562606578 
1.449322883342 
1.372222700956 
1.411219319065 
1.315470515890 
1.307985370594 
1.300333598580 
1.297465648245 
1.370036097173 
1.371908456339 
1.312947232035 
1.510308930929 
1.493333696334 
1.383924036808 
1.403326948583 
1.411471892354 
1.396758592110 
1.333438311874 
0.985941826630 
1.101962007436 
0.861945363119 
1.083616518825 
1.166450139448 
1.158509975200 
1.160275374670 
1.188043265271 
1.250044613237 
1.264262883816 
1.176198630704 
1.144109161501 
1.155969590461 
1.176855033549 
1.155714852872 
1.168354127017 
1.199148892672 
1.214153951787 
1.269922556341 
1.355690675716 
1.324549190680 
1.378117069996 
1.372713908198 
1.321551689166 
1.326680895502 
1.346525614673 
1.330835877981 
1.291733571708 
1.229226863040 
1.267128607619 
1.160967262839 
1.220776087866 
1.238706994525 
1.239448160711 
1.279011445690 
1.281480526721 
1.254646380752 
1.378314957855 
1.251303894373 
1.237051231049 
1.204885396082 
1.294454114444 
1.324503012591 
1.285994364082 
1.313671710214 
1.319679296907 
1.334697393286 
1.349275055731 
1.349062279280 
1.334986930093 
1.352411394306 
1.398575678500 
1.398572770317 
1.356441806545 
1.351716805388 
1.307999391377 
1.266738442609 
1.234969511720 
1.215811884354 
1.225318776978 
1.151361206189 
1.107161013482 
1.141872660924 
1.142742421301 
1.168038211584 
1.156599728045 
1.159020545423 
1.178810457911 
1.174352071895 
1.176772381331 
1.211016781919 
1.265747245094 
1.306297118775 
1.283981383294 
1.381140846915 
1.367723262012 
1.405059973513 
1.404498425171 
1.396940939237 
1.425092370959 
1.417519349613 
1.389219431516 
1.373965632432 
1.363302224088 
1.384395239582 
1.371958083490 
1.382417368975 
1.381390168922 
1.394402480724 
1.363191215069 
1.367186815007 
1.361713713397 
1.348122502168 
1.344279437185 
1.355518671707 
1.360282055252 
1.357422484329 
1.361603863789 
1.341458592834 
1.306460864488 
1.295742181779 
1.314070582903 
1.307289166392 
1.306755037662 
1.309307419336 
1.321152205705 
1.303714469786 
1.294752790723 
1.291831465805 
1.286043936437 
1.288450368374 
1.301558913324 
1.343368604605 
1.414587400799 
1.414587400799 
1.392817655482 
1.381057564784 
1.408498911016 
1.411500589539 
1.388684891672 
1.406238582784 
1.398862301350 
1.385856170688 
1.394825976455 
1.363098300721 
1.328585195864 
1.356205993604 
1.342257299760 
1.309372209147 
1.306664315121 
1.290409515180 
1.338385660570 
1.290901560952 
1.332874654081 
1.322997958395 
1.268795454449 
1.294793277141 
1.296967144670 
1.288399821787 
1.293704462531 
1.314425756420 
1.278614779620 
1.265024315589 
1.254923564655 
1.227647562055 
1.270671787217 
1.260203639898 
1.227492240592 
1.182167965300 
1.183616535710 
1.184442470954 
1.175593558093 
1.194443879906 
1.369884015220 
1.427511541436 
1.336894603883 
1.331058891708 
1.305291870739 
1.315953980555 
1.311012229669 
1.361015176589 
1.324053167474 
1.343568374641 
1.356631625049 
1.341685067418 
1.492291846398 
1.441579959129 
1.427416008926 
1.475936829135 
1.447616481103 
1.443228835797 
1.373316114525 
1.372212825136 
1.264456298766 
1.333737140007 
1.324003377308 
1.218087867914 
1.221517441870 
1.328826512609 
1.299271842657 
1.305518844439 
1.262115997406 
1.297262328457 
1.287943421003 
1.332539634335 
1.301669505156 
1.329381714299 
1.340047512474 
1.338785582370 
1.336689261454 
1.331159966016 
1.350569133856 
1.363702559355 
1.392364311877 
1.391885321420 
1.460176581636 
1.267813742970 
1.144394392544 
1.165324723540 
1.160779300212 
1.261934907630 
0.800661556111 
1.245206725942 
1.155372776857 
0.997064440360 
1.079853274666 
1.101584368164 
1.207622530124 
1.210065911994 
1.336786391533 
1.439159754614 
1.368279882590 
1.351119577943 
1.486088663655 
1.315910822319 
1.280837485358 
1.299024982827 
1.257292963121 
1.226253078127 
1.190097663021 
1.157511435444 
1.206800793232 
1.297785455344 
1.341691484477 
1.351064840476 
1.372647132705 
1.270309698863 
1.305992154188 
1.369791462873 
1.494470323340 
1.591916684789 
1.692386193193 
1.575890723913 
1.586881160370 
1.527709174931 
1.561507755093 
1.569528254624 
1.621638328392 
1.592287354309 
1.704042619658 
1.515406363713 
1.528554204615 
1.490949468566 
1.289640236296 
1.317498326963 
1.394314395516 
1.458865158751 
1.427528761761 
1.440706274134 
1.559888171184 
1.529290737279 
1.504971966872 
1.310984795537 
1.402491101510 
1.279718148021 
1.245388656748 
1.281320512570 
1.369538029695 
1.405114838794 
1.408631002611 
1.400931511589 
1.339437901406 
1.409619748814 
1.379199075538 
1.244618356056 
0.934929940858 
1.176015218566 
1.327390795781 
1.208103484067 
1.073479786665 
0.958708428677 
0.923287627371 
1.152068201185 
1.035999942218 
1.302313948462 
1.263311471704 
1.407699681492 
1.277491448253 
1.251028618029 
1.187964818339 
1.188259339430 
1.196710726678 
1.134456690599 
1.192776934387 
1.294245580685 
1.240227665012 
1.380032034930 
1.353691044711 
1.375774251900 
1.337786330769 
1.499346184785 
1.505999565131 
1.427215472488 
1.400803782573 
1.346439399858 
1.259186924857 
1.302476670401 
1.296366512557 
1.213226489428 
1.227242822473 
0.846783027120 
0.986739173175 
1.017740726717 
1.112747379446 
1.121054290258 
1.018000788866 
1.195059433563 
1.292692618585 
1.223339182199 
1.330278682430 
1.301504612647 
1.142143477820 
0.981297643720 
1.010222372628 
1.210969321411 
1.166610532129 
1.222787535760 
1.319811724798 
1.430936853863 
1.413492807593 
1.294074750827 
1.383745998005 
1.492348477250 
1.569832754558 
1.222109571384 
1.236434837825 
1.390499759442 
1.352497876368 
1.372769364971 
1.458856011674 
1.463156030256 
1.583735618853 
1.482788991742 
1.519356882772 
1.376910130028 
1.350778800598 
1.365211564478 
1.334127883442 
1.402430789219 
1.330622692315 
1.458078808659 
1.314619961915 
1.281637319483 
1.356449236451 
1.415488418624 
1.431835048826 
1.488198631845 
1.520712121680 
1.541572241143 
1.448709815488 
1.460580625104 
1.462882263943 
1.372729266646 
1.327336789907 
1.664888485023 
1.740804601011 
1.736372728660 
1.867198375887 
1.649132857739 
1.685589644908 
1.662851446542 
1.412298723278 
1.423093520086 
1.371074541681 
1.315813252795 
1.320541102572 
1.282357491072 
1.378272145892 
1.367465786454 
1.309269754436 
1.254141081074 
1.286122321546 
1.375788894474 
1.432418152584 
1.445920201374 
1.378548321013 
1.281192543895 
1.251092958077 
1.210373962751 
1.218188026236 
1.236365451054 
1.257936783025 
1.266325391253 
1.268907068083 
1.104902101178 
0.892909853287 
0.983692785872 
1.163076398353 
1.199897090677 
1.177579390480 
1.228589493304 
1.257831062924 
1.245484525011 
1.251040293502 
1.337702821098 
1.339170672759 
1.507545862622 
1.514712000467 
1.549594481297 
1.427843147957 
1.442545662041 
1.414764098278 
1.458214959047 
1.447465597942 
1.352052582492 
1.259542933805 
1.244521152024 
1.197622530524 
1.192506684089 
1.209218696981 
1.207270116339 
1.223784920641 
1.247695406509 
1.254297054588 
1.257635371336 
1.289169777240 
1.309688246471 
1.334585112807 
1.362319603702 
1.629827303495 
1.562191117253 
1.604215877937 
1.621267567165 
1.519783815681 
1.567127873532 
1.397528823515 
1.519968994538 
1.506140638953 
1.487894633380 
1.477062669095 
1.411857772658 
1.412113864444 
1.485667352502 
1.396313845829 
1.371108297517 
1.341926453222 
1.438134385967 
1.339974547628 
1.335139982104 
1.347697913790 
1.413557179269 
1.366753693211 
1.364552681390 
1.369129262603 
1.380788106913 
1.509009657315 
1.472452500316 
1.458793763457 
1.462658588799 
1.495521543950 
1.571909995913 
1.444110154509 
1.400787503330 
1.472964446570 
1.357146816917 
1.495179098636 
1.425309347004 
1.320395588047 
1.232758472952 
1.285120383201 
1.139256931470 
1.150771518316 
1.203458196671 
1.207063794291 
1.270265667752 
1.208282389559 
1.183837448984 
1.185630465364 
1.139161207157 
1.067416114590 
1.147761243035 
1.193132239994 
1.231508665645 
1.145175164355 
1.141891704502 
1.025474594344 
0.946541948326 
1.012535993808 
1.090639445155 
1.200013401123 
1.238864314394 
1.279686802464 
1.235042462355 
1.368605640204 
1.337574709301 
1.324536996368 
1.319896989145 
1.301618003004 
1.285601989432 
1.149389733347 
1.304383274246 
1.261207979340 
1.218596236781 
1.106411556035 
1.070909915996 
1.016850710622 
0.978020268305 
0.874170965265 
0.985254002308 
0.913864248941 
0.985679959052 
1.087302815696 
1.066873388414 
1.033938512228 
1.135616325823 
1.144395349003 
1.057392185312 
1.224339990750 
1.210519238272 
1.197542862226 
1.289727061909 
1.290931491659 
1.275902522949 
1.297594158574 
1.215258716450 
1.209205250217 
1.309280081821 
1.312758427009 
1.320515624610 
1.366564744164 
1.367590506387 
1.319948883658 
1.350000043618 
1.331408187692 
1.310302981315 
1.311301979661 
1.348730225115 
1.380162901302 
1.379253800873 
1.330634945941 
1.351963031023 
1.351785386010 
1.277497646106 
1.294268562816 
1.334487070899 
1.329399949414 
1.317931046746 
1.291574659389 
1.322638178641 
1.322735304890 
1.363137567946 
1.359980901120 
1.380128357174 
1.391593925588 
1.400307315069 
1.324280765898 
1.341010609452 
1.193730627504 
1.227035100112 
1.229967973486 
1.118540683633 
1.225608702064 
1.301349383047 
1.348366037525 
1.342511367610 
1.372274965124 
1.346908403908 
1.362094487370 
1.388854804344 
1.430080551584 
1.285899336592 
1.403206840326 
1.239863661701 
1.296771857678 
1.306462253651 
1.322033464640 
1.327409273179 
1.299097779601 
1.305744618515 
1.293502204026 
1.334456484223 
1.339089944121 
1.443333682849 
1.407073726221 
1.393195350895 
1.331553588492 
1.417816320480 
1.315605021197 
1.439940095248 
1.385023822093 
1.614120416153 
1.343240930993 
1.307825236483 
1.186190729415 
1.200248685203 
1.199958892681 
1.269717755231 
1.192027706196 
1.275577153693 
1.184266406513 
1.231633348963 
1.318636365514 
1.423079207754 
1.203499233681 
1.235334308239 
1.203865240672 
1.441907888096 
1.186060504448 
1.223629076596 
1.178583586964 
1.194116310291 
1.130009526072 
1.122535080182 
1.127151685613 
1.138856715615 
1.073427597596 
1.186129111629 
1.325130914488 
1.186312934058 
1.218140043912 
1.262478267871 
1.251427526701 
1.080205724787 
1.003884047437 
1.042372767899 
1.099089690969 
1.260124349554 
1.191634012122 
1.203633499692 
1.324393609521 
1.499396648216 
1.493812970248 
1.483242455870 
1.419747755656 
1.493620194379 
1.621915868582 
1.585674457786 
1.550258749543 
1.669572063474 
1.728156392761 
1.413229191747 
1.441841206158 
1.607093430545 
1.616216414985 
1.473516427137 
1.375233285770 
1.438345934013 
1.583483191345 
1.430782304045 
1.420657616298 
1.533001229873 
1.566719930687 
1.651244553784 
1.656019453922 
1.590307725413 
1.689083223158 
1.785565091822 
1.694756908603 
1.677610414255 
1.700331393084 
1.742144133170 
1.712291686283 
1.579922411721 
1.619832529873 
1.781363330045 
1.845779083320 
1.630032747844 
1.487048605179 
1.654788220167 
1.637082938880 
1.510156890105 
1.516757762624 
1.451720547080 
1.557438366294 
1.506069054959 
1.540722607465 
1.442504282704 
1.378184189831 
1.341047610124 
1.301335754493 
1.292458807227 
1.393921424788 
1.238716011904 
1.176767349440 
1.191676269436 
1.345209005861 
1.424904321141 
1.324079696778 
1.380682166589 
1.301511632403 
1.317601176694 
1.455942601441 
1.391117794573 
1.209979306267 
1.242996435429 
1.333183584340 
1.315152663074 
1.372253154455 
1.381642935044 
1.422323809414 
1.367950776815 
1.463264982066 
1.371498854506 
1.288790069198 
1.270156734944 
1.250626087407 
1.304533864208 
1.289074626272 
1.352955916572 
1.418638979193 
1.465983114445 
1.444877382774 
1.474360997122 
1.468408479012 
1.488533913116 
1.253524677433 
1.183252371633 
1.231659824842 
1.224883445265 
1.194197898181 
1.129029083436 
1.158565937458 
1.258873255618 
1.201345334375 
1.161133022642 
1.218487239232 
0.950135385482 
1.066105411006 
1.131936507519 
1.193431772279 
1.181835943755 
1.213238491573 
1.124345503914 
1.154596172337 
1.058555256277 
1.220655213176 
1.241915744219 
1.256110444270 
1.208900434159 
1.193010867613 
1.223010704948 
1.233559057298 
1.242122974584 
1.159775129507 
1.122476578965 
1.141962386950 
1.159664343114 
1.192921482760 
1.364949463075 
1.396898805661 
1.436222799119 
1.411730737567 
1.491389859021 
1.646792823029 
1.478588497325 
1.503573230217 
1.551700032759 
1.572239157070 
1.518165452088 
1.630167630542 
1.626554855673 
1.664241441609 
1.616205619393 
1.827551947465 
1.610175689278 
1.616758028517 
1.663376241668 
1.610507996154 
1.546183667640 
1.523943366646 
1.396799297626 
1.421144389199 
1.363205459437 
1.371488517708 
1.372647107459 
1.366649961813 
1.355812574108 
1.277063071977 
1.317839059075 
1.317532732095 
1.401643146309 
1.339675758202 
1.411441293398 
1.390413844891 
1.428227781500 
1.420805451771 
1.339227069391 
1.501398635711 
1.312005461842 
1.315517114827 
1.380561574528 
1.276650464257 
1.264592183649 
1.167541941137 
1.174399332858 
1.183951592662 
1.207384745520 
1.207832717111 
1.216825730492 
1.186360242630 
1.171343880966 
1.211333554788 
1.153176681554 
1.335330770105 
1.356885421686 
1.277675306378 
1.415151382058 
1.352123743149 
1.271989671749 
1.331760187507 
1.301159558309 
1.290172302025 
1.365594344261 
1.370564522067 
1.292483498979 
1.284293542254 
1.239744680946 
1.329512541432 
1.354568469494 
1.306610631782 
1.279761152279 
1.338839945607 
1.282033417648 
1.365832200675 
1.444154298490 
1.469859593319 
1.599598294010 
1.591792112702 
1.548583756661 
1.616549419362 
1.582848213111 
1.468635243490 
1.355031436532 
1.399080203026 
1.400891359179 
1.408317732679 
1.322766399642 
1.439563200401 
1.423836680946 
1.403342363903 
1.326699112842 
1.292451114285 
1.240944796525 
1.108218029185 
1.111321208561 
1.110154070590 
1.131378465565 
1.196755255664 
1.209341696285 
1.250156051040 
1.211371274703 
1.204823649517 
1.148214418249 
1.188382397163 
1.188656598062 
1.158791080830 
1.147046187491 
1.159814818475 
1.179278198846 
1.125969647207 
1.266321292645 
1.231985054990 
1.156042884518 
1.037622273582 
1.049625943191 
1.031155881742 
1.130375867467 
1.115309988848 
1.101554183608 
1.087519393120 
1.053511614704 
0.959402467547 
1.233394989178 
1.210698390358 
1.267042025012 
1.343852889706 
1.229676241249 
1.173595215704 
1.228703883306 
1.185131400798 
1.291814529961 
1.395526480408 
1.345986034403 
1.203476149999 
1.157429053465 
1.178088797032 
1.252167645993 
1.258533738580 
1.256093792827 
1.190060071107 
1.307080654098 
1.358216867242 
1.440860986959 
1.473521472662 
1.445198466802 
1.372335906437 
1.369501386695 
1.335503166958 
1.489849961409 
1.386927958336 
1.438556881855 
1.420952134484 
1.460838387093 
1.385853719050 
1.532356928471 
1.604280935810 
1.554896580546 
1.519184113114 
1.554645167018 
1.594347454347 
1.492912879424 
1.438346125944 
1.405769246975 
1.331375505154 
1.301448853007 
1.349302942801 
1.250133980911 
1.314201640918 
1.363255349243 
1.368569101336 
1.357393028813 
1.354321962707 
1.375557561362 
1.384184852371 
1.354136273389 
1.359709763079 
1.335643125734 
1.498944522598 
1.381059899586 
1.344914229359 
1.644833971727 
1.591319837795 
1.617014413948 
1.598297888281 
1.408568376328 
1.533579968136 
1.462399682948 
1.408033051667 
1.448513359474 
1.366500473474 
1.439949609355 
1.318672233969 
1.231456389977 
1.254225467372 
1.371661112280 
1.315351317912 
1.358002528676 
1.436781132239 
1.453615424311 
1.401542322811 
1.404380405996 
1.435772144007 
1.439790341916 
1.448738494573 
1.444655073857 
1.359502780710 
1.356311613014 
1.353961524416 
1.371046122093 
1.370969123559 
1.356616218102 
1.395850110542 
1.405186657579 
1.414368238888 
1.459149650051 
1.431330854433 
1.069231851659 
1.011680870810 
1.172908331959 
1.109078780300 
1.071564402375 
0.987013570206 
1.097704746983 
1.103558022700 
1.154143548058 
1.032272692181 
0.986188865026 
0.987259358008 
0.972342286836 
1.094034617964 
1.178010538399 
1.251007015977 
1.246420612923 
1.205770273898 
1.176658744888 
1.395401380028 
1.280265654436 
1.124238003520 
1.244290317675 
1.273851318828 
1.236162621354 
1.308714156303 
1.244762719792 
1.345272325592 
1.221703903922 
1.295059135626 
1.345833333818 
1.256203816332 
1.130582472190 
0.910531575538 
0.980659429398 
1.257073334318 
0.927549369298 
0.905488570197 
0.973494886786 
1.134333869899 
1.203006168660 
1.174127900969 
1.279099155801 
1.282098464092 
1.280739073881 
1.437047126978 
1.805186794592 
1.725257364011 
1.794973384234 
1.567929128183 
1.524660602149 
1.709502779604 
1.858917439956 
1.686387432527 
1.627478314315 
1.627946763493 
1.632564639454 
1.658638868082 
1.427603659882 
1.409358333683 
1.341468175714 
1.284467650189 
1.163160006688 
1.198436038866 
1.177952990447 
1.178263750545 
1.184208670368 
1.094523629097 
0.922501856811 
1.023053714409 
0.998586989398 
0.914502942860 
0.771751271256 
0.826059417837 
0.793537344023 
0.779515132971 
0.779515132971 
0.813047310161 
0.974942329716 
1.008425858776 
1.164916638684 
1.204159737969 
1.215520237965 
1.210377181047 
1.284334258486 
1.379872573704 
1.361081615285 
1.363840077151 
1.312321124344 
1.272229504889 
1.299894815864 
1.309865412967 
1.384307046543 
1.399029772926 
1.286012737540 
1.324923817875 
1.397581498160 
1.468060675403 
1.479507812386 
1.567853444494 
1.528923497410 
1.469505563630 
1.476219214561 
1.457255424136 
1.421738916015 
1.463470446972 
1.461213764845 
1.474943537519 
1.468312119045 
1.460003394297 
1.462588206353 
1.493102119453 
1.481882027566 
1.441249377093 
1.494728056279 
1.550285354582 
1.508065981472 
1.577225966011 
1.539994483503 
1.555663662157 
1.518794613618 
1.478756276983 
1.388717356290 
1.487446182578 
1.542343830160 
1.409420488543 
1.458317478693 
1.415396991931 
1.482375239356 
1.427697469742 
1.431948348842 
1.364132679940 
1.399921316709 
1.368624522794 
1.543354697869 
1.467874092898 
1.481827971990 
1.502894198118 
1.454031182865 
1.453447074962 
1.447705565984 
1.428085939266 
1.386304009739 
1.430174750144 
1.432461222195 
1.449451842760 
1.442754280435 
1.429928870894 
1.397348156813 
1.373468815560 
1.465538028829 
1.427346466693 
1.517309896613 
1.412050357993 
1.409784273125 
1.366830789907 
1.210725741143 
1.235954685326 
1.211831392610 
1.208266415487 
1.254164430639 
1.258716354629 
1.282021652311 
1.287452939713 
1.100899197345 
1.086980919202 
1.174993396692 
1.178907490851 
1.160942129870 
1.138110839650 
1.178414235535 
1.193996353168 
1.191671022821 
1.221647278278 
1.241251940038 
1.207841480332 
1.211237785692 
1.197195757210 
1.165498575942 
1.196387966111 
1.193371002264 
1.278347250274 
1.162656279423 
1.166806955482 
1.148634144420 
1.175008799478 
1.164888429171 
1.279377650128 
1.287344942589 
1.376130327331 
1.408415516168 
1.425289673084 
1.281270562326 
1.249466786596 
1.400234072082 
1.356034898440 
1.422143150297 
1.372884457961 
1.322360411384 
1.294971549088 
1.325286693982 
1.280826553250 
1.277266511985 
1.270812366653 
1.087542452479 
1.057469348001 
1.126907783225 
1.106859751317 
1.102092902235 
1.104709090057 
1.061446025851 
1.170965434400 
1.239903663452 
1.300601442534 
1.309209163922 
1.286123527031 
1.261626721732 
1.263541119204 
1.182058956591 
1.223924012698 
1.252745524463 
1.283998401961 
1.232037121356 
1.221812773491 
1.193772751166 
1.128600368991 
1.044417413012 
1.190077617820 
1.189551567633 
1.178392391843 
1.221158905338 
1.156765172029 
1.148649473443 
1.131263355757 
1.148589522454 
1.249722834894 
1.253511938377 
1.247703614304 
1.220125284442 
1.217459877257 
1.240345627667 
1.244276340932 
1.220642029257 
1.230665993576 
1.245637626115 
1.260559983571 
1.279706876848 
1.252065978217 
1.346363481184 
1.344096275889 
1.297184672937 
1.310588302996 
1.278097930682 
1.313621813518 
1.307216774103 
1.283034010032 
1.270296139954 
1.267798762348 
1.217496709769 
1.192008472908 
1.210354876482 
1.275588704868 
1.266972075053 
1.276437130580 
1.388889657068 
1.373299108476 
1.386023574477 
1.430218167144 
1.322652084170 
1.316497846223 
1.304097416236 
1.286448534693 
1.303163483919 
1.332461363252 
1.351332171497 
1.348672574973 
1.308410651903 
1.287280031249 
1.278554173979 
1.260462617535 
1.253228929452 
1.233868146093 
1.151943398211 
1.118379945279 
1.059918656498 
1.122889665244 
1.090706163494 
1.091575561817 
1.096429021300 
1.166634692956 
1.117815691741 
1.101822403027 
1.114870819564 
1.160929063968 
1.121072977059 
1.122091994754 
1.103094852166 
1.116153463677 
1.194484225852 
1.090590662156 
1.188065110055 
1.195234547730 
1.168139106548 
1.208685986115 
1.271027554046 
1.257397596506 
1.246200756556 
1.218706293655 
1.145129008111 
1.219413740440 
1.097306211397 
1.197261833181 
1.352747412275 
1.317814794995 
1.217210298327 
1.197251386833 
1.190907918803 
1.150475130409 
1.176676201559 
1.193975924545 
1.199701134236 
1.225737371711 
1.243414983895 
1.192787896312 
1.195572153817 
1.179317740937 
1.142766898528 
1.186654628706 
1.188188446651 
1.180990772878 
1.179225213766 
1.214990352982 
1.290078988054 
1.291115416389 
1.271373521982 
1.246357593183 
1.238148838571 
1.213360385384 
1.227519384150 
1.214535920908 
1.249450256551 
1.321137138021 
1.294442068206 
1.280563293330 
1.295136703809 
1.294835857059 
1.320627197572 
1.336501819763 
1.321565710440 
1.370558313571 
1.353230754257 
1.356200834338 
1.351175528592 
1.379058175644 
1.370678644611 
1.375802107689 
1.346390325277 
1.339227049574 
1.370270153875 
1.342009212355 
1.437564899970 
1.419845504543 
1.387905806067 
1.383955965964 
1.394557999808 
1.392196846040 
1.353443167617 
1.346013477808 
1.332024192578 
1.319491458121 
1.308220745050 
1.315667782701 
1.325235508300 
1.341091117919 
1.321099805291 
1.276420409321 
1.257216427204 
1.313637294043 
1.284877016809 
1.287704289661 
1.349463871696 
1.283952652722 
1.300165322033 
1.390183407476 
1.400953941367 
1.514033608042 
1.355947730443 
1.309047298390 
1.179400681169 
1.229527633014 
1.288907563304 
1.406936765313 
1.273498376734 
1.124153305394 
1.302362382403 
1.101534429274 
1.101012080411 
1.363967112594 
1.374535676987 
1.484485387376 
1.332660100529 
1.369926845384 
1.382318818184 
1.343007695726 
1.386662001851 
1.355401775680 
1.372574431481 
1.334659784888 
1.329017550598 
1.356288945459 
1.359155768899 
1.418389361201 
1.415484926413 
1.468195452324 
1.512514890833 
1.502368549493 
1.506423865577 
1.507962239732 
1.399366141506 
1.474370171161 
1.346358812005 
1.255607478509 
1.349229158092 
1.359474615030 
1.396642860776 
1.318326060432 
1.279830222262 
1.254348124095 
1.255989838423 
1.269659137421 
1.301159534708 
1.507628227423 
1.424777757400 
1.511918134757 
1.507201009925 
1.483874713522 
1.590303547537 
1.449281056099 
1.443889181084 
1.404337273941 
1.365357262890 
1.343757792135 
1.263608310751 
1.237849418639 
1.240521719487 
1.266726868817 
1.263267236037 
1.273858559111 
1.307681699271 
1.324276416713 
1.265080909415 
1.259207368618 
1.130593587238 
1.167066663278 
1.220946556193 
1.233652342706 
1.155389183430 
1.148884200946 
1.293426141142 
1.321768689392 
1.317814852099 
1.290029995122 
1.322877742712 
1.303547193461 
1.300822580598 
1.278039981611 
1.303608846742 
1.311255796025 
1.306776045177 
1.200686422366 
1.184661879691 
1.213817622675 
1.230945236273 
1.249152438942 
1.309303195754 
1.314173508547 
1.385734076765 
1.437544474246 
1.416167590485 
1.434639414893 
1.444074099630 
1.483910589075 
1.423738549980 
1.442224772233 
1.467472920053 
1.474975613716 
1.458861543364 
1.448466729721 
1.456336843940 
1.511644366510 
1.482030746665 
1.454586856910 
1.449104992569 
1.501671239898 
1.502716639790 
1.568158654300 
1.460444800406 
1.441713937148 
1.478281872830 
1.485421854403 
1.480259149224 
1.462751432051 
1.475653022855 
1.444164750232 
1.444129930579 
1.258225150621 
1.257116151517 
1.282074771764 
1.289117897455 
1.332865761670 
1.366956835238 
1.433366816047 
1.432532409902 
1.385045435597 
1.405075162404 
1.394159575019 
1.393081344307 
1.447091649481 
1.488491400984 
1.503846940264 
1.488003886591 
1.472149952735 
1.627811138742 
1.638058160471 
1.587713251957 
1.568310950402 
1.528311207592 
1.546288471251 
1.521196714913 
1.466652162703 
1.491827579621 
1.402701231039 
1.423200796877 
1.459153334919 
1.472309602314 
1.460591440224 
1.416208009243 
1.405029929280 
1.428648857192 
1.390104646790 
1.390726519414 
1.395283031138 
1.386945902326 
1.363212805601 
1.385607907097 
1.358343533079 
1.359843263346 
1.370697082735 
1.372002100058 
1.358697565548 
1.363869047028 
1.340926318599 
1.358329489514 
1.357429674442 
1.356278772442 
1.301767899396 
1.274119161238 
1.229326999010 
1.158117254202 
1.156977953736 
1.131543278839 
1.164185317051 
1.167204681587 
1.168907534261 
1.210540799786 
1.203383896170 
1.193668107191 
1.204091779497 
1.194119641364 
1.272573379659 
1.276584644587 
1.235191806329 
1.208122341927 
1.210945227856 
1.204946595500 
1.198937846467 
1.187989095186 
1.182275421391 
1.181813551833 
1.131584324016 
1.173910875111 
1.163140664850 
1.427307159574 
1.544618132075 
1.576925430313 
1.791636916697 
1.782882311012 
1.589798338322 
1.589331199145 
1.582692527873 
1.582021538646 
1.647586697860 
1.600116100826 
1.590651945659 
1.474137855826 
1.476636832187 
1.446308417724 
1.449198827704 
1.445831493727 
1.491618380626 
1.411971328754 
1.391414423733 
1.420698152736 
1.466501660650 
1.475371762524 
1.459655504667 
1.471476314813 
1.480676680239 
1.477377411324 
1.486120538927 
1.415336082184 
1.386127974849 
1.460383482648 
1.428016257383 
1.403497818596 
1.464416402369 
1.476446170298 
1.569123916225 
1.481860308787 
1.482055608416 
1.514620473485 
1.432599187193 
1.369122133714 
1.368282786429 
1.341759275244 
1.339696198719 
1.332222009781 
1.383273406645 
1.295775758040 
1.238038312277 
1.251429877056 
1.255315223923 
1.271992677300 
1.274499909499 
1.248266176571 
1.265711727740 
1.239010851489 
1.247096742301 
1.213885235075 
1.197581199351 
1.137763676300 
1.150968445424 
1.129325571832 
1.117190392810 
1.137128398559 
1.037857900375 
0.976537076527 
0.974471011505 
1.009031869644 
0.990866541934 
1.015141937491 
0.946250844007 
1.002979573276 
1.049322120566 
1.048913097171 
1.114300547150 
1.165595256389 
1.170434914577 
1.174998342726 
1.124338168272 
1.133683507831 
1.163890207593 
1.184017599690 
1.138897697512 
1.180619202379 
1.202257415693 
1.152780587430 
1.130716916345 
1.138238806020 
1.159009043100 
1.156336733248 
1.127825357728 
1.111952071299 
1.131195382034 
1.131195382034 
1.162086053656 
1.234604772617 
1.283256011576 
1.283256011576 
1.271122072557 
1.299681041555 
1.303985706738 
1.310079278953 
1.310117177157 
1.342917136238 
1.334312949536 
1.313655972485 
1.342755311089 
1.345540921325 
1.371672121787 
1.313667842813 
1.332927677489 
1.344371340052 
1.319146508235 
1.322942796387 
1.355322862658 
1.351047995013 
1.338756610801 
1.343948292315 
1.336496723243 
1.308806955272 
1.268273176026 
1.221826010347 
1.188418765949 
1.229013191536 
1.198812768999 
1.302149539254 
1.333691712643 
1.319977063597 
1.300953255478 
1.213818147039 
1.171755755381 
1.210870784098 
1.155468425579 
1.188812442344 
1.204647250952 
1.203263824213 
1.189372490020 
1.190785637421 
1.184984126040 
1.192757808305 
1.205949913302 
1.239972343610 
1.229253756321 
1.222907977863 
1.226754304668 
1.242111103043 
1.257765893903 
1.264002586277 
1.227505359318 
1.252072713779 
1.244165680606 
1.225450129487 
1.239183727756 
1.263382850419 
1.269356635896 
1.272771103449 
1.271758902337 
1.264820027447 
1.200081039852 
1.197562212925 
1.196007159563 
1.198757946336 
1.202856126822 
1.200249343642 
1.202221479146 
1.202944417406 
1.207336797746 
1.219231586201 
1.235649988102 
1.240615306256 
1.240615306256 
1.252776581892 
1.236259697068 
1.268121576042 
1.268121576042 
1.266127241464 
1.210707975092 
1.248175565698 
1.180797453262 
1.449963578411 
1.473677624361 
1.384110547916 
1.353098097127 
1.567902987419 
1.416189592556 
1.499332753232 
1.462719444615 
1.513045202444 
1.327522136159 
1.274663868676 
1.272072664748 
1.396007023987 
1.074202903541 
1.160077424272 
1.116310821267 
1.246801729175 
1.067929419890 
0.978307531943 
0.939900811936 
0.998778232269 
1.002630630440 
1.125262695418 
1.055683956338 
1.121027059521 
1.075070987433 
0.955706120727 
1.127871026854 
1.251791209225 
1.159253232412 
1.209939901629 
1.072244981221 
1.079770242490 
1.218392687411 
1.228587814237 
1.271521053090 
1.242061816854 
1.201754887413 
1.126725491262 
1.089831281003 
1.290833064022 
1.267886729411 
1.216974911696 
1.197655778735 
1.192448924585 
1.150157257046 
1.231811824714 
1.270693389382 
1.041824352246 
1.156755110626 
1.355478492681 
1.414922491071 
1.321950363493 
1.299180194578 
1.228148028557 
1.126630405252 
1.141293139225 
1.023284259931 
0.976895516325 
1.083920232171 
1.135575844005 
1.192078813624 
1.264236528650 
1.290956983641 
1.279946171428 
1.180093454596 
1.177888322826 
1.163928364240 
1.229402181050 
1.188057620435 
1.184968948473 
1.200877837230 
1.112896533770 
1.119012036089 
1.132569232214 
1.011888039572 
1.194803723617 
1.102849282926 
1.251432909507 
1.252564012630 
1.321133466159 
1.278868551614 
1.326967584699 
1.231973999520 
1.212573741108 
1.333452063628 
1.381601141821 
1.294262940747 
1.293400091199 
1.313657459219 
1.316988401421 
1.375326898843 
1.367022106257 
1.404890712634 
1.440523476604 
1.489270753085 
1.510094926466 
1.566394080480 
1.534806316124 
1.552794012998 
1.389080616579 
1.455254547501 
1.553181996486 
1.484442396881 
1.632331888538 
1.482138109130 
1.465892070715 
1.369069865290 
1.386270872101 
1.362714566930 
1.469424377921 
1.444229940351 
1.181680370283 
1.252077196599 
1.203134839186 
1.168510387395 
1.188475874532 
1.135192381010 
1.086633446925 
1.221483475454 
1.202037510390 
1.237776271151 
1.353693418932 
1.391263003898 
1.331820567801 
1.232499045469 
1.136855115764 
1.160996777446 
1.312091319043 
1.398236564689 
1.554506224021 
1.504806391430 
1.517524289786 
1.328651999578 
1.335664180381 
1.318583708084 
1.309696298443 
1.278486235092 
1.277115424890 
1.276860976796 
1.292961117391 
1.309598780666 
1.408035972751 
1.321766253646 
1.384452279594 
1.460969801731 
1.464480397695 
1.365574319508 
1.280602635551 
1.391507140211 
1.605258305639 
1.557276721526 
1.607399068099 
1.552594477575 
1.507657176385 
1.362573533888 
1.416255021604 
1.567511659162 
1.584575138765 
1.614725900531 
1.492373214461 
1.509160347374 
1.457981815981 
1.431900474671 
1.536007106684 
1.541586053823 
1.391724847532 
1.413831885345 
1.378100809366 
1.350552128745 
1.529461215893 
1.442094265284 
1.450535449716 
1.635081788560 
1.479431776822 
1.503414761271 
1.444758350560 
1.425623468354 
1.370253716426 
1.116686353165 
1.300394667397 
1.282517487705 
1.272472195106 
1.353433115066 
1.379724657362 
1.337624625194 
1.329076198196 
1.251219768938 
1.226895254852 
1.338842697286 
1.222393031907 
1.273345923966 
1.224519862327 
1.364049674274 
1.245754632265 
1.149487314853 
1.231296952717 
1.351559378419 
1.299875175196 
1.389092721352 
1.353821249596 
1.358519026064 
1.424227376474 
1.456923146142 
1.425987571631 
1.320355160512 
1.195219856147 
1.116182732268 
1.166651046025 
1.217831612155 
1.263527831471 
1.304416872814 
1.315091827055 
1.335024761065 
1.338266328275 
1.298757287393 
1.233930229728 
1.203610390430 
1.193261614426 
1.214960862728 
1.192395390538 
1.234416022656 
1.279616647084 
1.275214643131 
1.314600130234 
1.177805868834 
1.166519667900 
1.162818978464 
1.160970801315 
1.066423468362 
1.115031006350 
1.219057155030 
1.204458727979 
1.283641699009 
1.366399885917 
1.271811537629 
1.156490160077 
1.254497314968 
1.251713125780 
1.254386986307 
1.298152314557 
1.260461099040 
1.333591108854 
1.399520186159 
1.325904243417 
1.278718331149 
1.301086963789 
1.235492092277 
1.201308130806 
1.115333455369 
1.107382674384 
1.102474544858 
1.108565109729 
1.157693767698 
1.189156739037 
1.194026648275 
1.066980442186 
1.092436184474 
1.043992750399 
1.151276874239 
1.133214484339 
1.159543260679 
1.111955199175 
1.183620098651 
1.402210335708 
1.390136757117 
1.373137328342 
1.489056799891 
1.362173962656 
1.381637716425 
1.454118292906 
1.520327894737 
1.376488689627 
1.437691262494 
1.403325915977 
1.351617681760 
1.376997817648 
1.398592037311 
1.393052518535 
1.373406607322 
1.345638147487 
1.342643437996 
1.391888693366 
1.440346933041 
1.392209864250 
1.392664460007 
1.400990058515 
1.413853000034 
1.404997692931 
1.409123340759 
1.410903845261 
1.379853326506 
1.413874774636 
1.485215634451 
1.490407369554 
1.462287690768 
1.473875319901 
1.424676946097 
1.450510702922 
1.345420646413 
1.290719669715 
1.220093495354 
1.220754037279 
1.283695550845 
1.273463392078 
1.224632078517 
1.059267150862 
0.972491426430 
0.968483071548 
0.946966812679 
1.085003892763 
1.046484967027 
1.122864334911 
1.004218159836 
1.011281336776 
1.058102760792 
1.106897282653 
1.093344761246 
0.811434747444 
0.892853158131 
0.824802456169 
0.970913519707 
0.915602277411 
0.982427659718 
0.963015367337 
0.997647913307 
1.079106662810 
1.083043217910 
1.071441971239 
1.002329231028 
0.987103938534 
0.970324041174 
1.059756581888 
0.966451989550 
1.003970717946 
1.027787011214 
1.075014991974 
1.071582235634 
1.147015235643 
1.181592681600 
1.194311440240 
1.263789166645 
1.312190833834 
1.318553328928 
1.297702061711 
1.283231148546 
1.331917465415 
1.315362031624 
1.222360828299 
1.298810401681 
1.361390091139 
1.321455680132 
1.329032639336 
1.327265390786 
1.335010439512 
1.343311246316 
1.574082609069 
1.552109981317 
1.592104362320 
1.465786972945 
1.567102943116 
1.541948229850 
1.487214796305 
1.490980744567 
1.501276411070 
1.452191159927 
1.491826756262 
1.464740940346 
1.461465738870 
1.457979123764 
1.460288047003 
1.458093159786 
1.454251932857 
1.408525679053 
1.428646033503 
1.415245463917 
1.551867274801 
1.504980621482 
1.522501237691 
1.472187060266 
1.366161514617 
1.205024404257 
1.452394424305 
1.525631595580 
1.548543628496 
1.585799767439 
1.502140530631 
1.690343041746 
1.679881606456 
1.593751650825 
1.506089932438 
1.611038676723 
1.530826055280 
1.604163898270 
1.566186350060 
1.492010028720 
1.354455430278 
1.447404252077 
1.501141224016 
1.466710314068 
1.689760105243 
1.534722185139 
1.462606006866 
1.487441956846 
1.592630739833 
1.514788327403 
1.437581919415 
1.443690106357 
1.384244418651 
1.255930794416 
1.482500705171 
1.596145929779 
1.633630776601 
1.658682505640 
1.647407641729 
1.524548484763 
1.605399969670 
1.617385593950 
1.596005904684 
1.544516994823 
1.493459689947 
1.614855441570 
1.410509783318 
1.378097975274 
1.347982463419 
1.374653065100 
1.280511403395 
1.181578480737 
1.257705090276 
1.306187796692 
1.289819305160 
1.297082683316 
1.187071449479 
1.301137714784 
1.194828906527 
1.237768060688 
1.355061717154 
1.384791055425 
1.472779632325 
1.503976345160 
1.400049829359 
1.294921649467 
1.275217066667 
1.299814976402 
1.259129196813 
1.556123976934 
1.555296754114 
1.397729752818 
1.419040135030 
1.463759827379 
1.438142832021 
1.396323661615 
1.411340471928 
1.367675251125 
1.241191322006 
1.345440046297 
1.334838100480 
1.202006303083 
1.183669421278 
1.325609088304 
1.160730629834 
1.134761067620 
1.111118824465 
1.055794075113 
1.066284748126 
1.161408470957 
1.039509750186 
1.153522700369 
0.845978855679 
1.192963296310 
1.159573284564 
1.130010207026 
1.364342936926 
1.197980266347 
1.117923315944 
1.134710133851 
1.186496603327 
1.149355317218 
1.074287042275 
1.174615636948 
1.178481433387 
1.375536719831 
1.308499036491 
1.265169381044 
1.257674616828 
1.322815811399 
1.461870790728 
1.443769590003 
1.379080635391 
1.222180092782 
1.231216234745 
1.214014268107 
1.150258540077 
1.096149248285 
1.064385276368 
1.073982615424 
1.092391031613 
1.180978356637 
1.122602315878 
1.090952507476 
1.082142474503 
1.234890004340 
1.162115379082 
1.257043278808 
1.282767543241 
1.320905880241 
1.316416716123 
1.241932349324 
1.406796275162 
1.277577831615 
1.236222813295 
1.260079779406 
1.276571727537 
1.225945168683 
1.380159394027 
1.361981257117 
1.350775673342 
1.432921467038 
1.499080682082 
1.565737552686 
1.591969619202 
1.704834598507 
1.601531461805 
1.546055765400 
1.527057990630 
1.598839015891 
1.515847092354 
1.429799552578 
1.159522818397 
1.216015549849 
1.193175940787 
1.262968986279 
1.148597128415 
1.171315670020 
1.266650541652 
1.220337155334 
1.126549623146 
1.045970132011 
1.113499679651 
1.112851770296 
1.051993668412 
1.117415952970 
1.177983897949 
1.337447305602 
1.065584526651 
1.013218422623 
1.135881061956 
1.193449160533 
1.168921194760 
1.204826924584 
1.183188134665 
1.181688555996 
1.190307079946 
1.147529645510 
1.183238735928 
1.151264994237 
1.150685105234 
1.171248429189 
1.175895985354 
1.385856252803 
1.368213346809 
1.409232774419 
1.388918314702 
1.397270641896 
1.454371652370 
1.510025580733 
1.488323780955 
1.555476143172 
1.517417109061 
1.476856218891 
1.468571964209 
1.480748577990 
1.427235930226 
1.420834490017 
1.426849977087 
1.456817017870 
1.531629538794 
1.564707220206 
1.541871453930 
1.558185658790 
1.551585446852 
1.553169489042 
1.512217882025 
1.479264250781 
1.430748735367 
1.431212060093 
1.478862425470 
1.484962759170 
1.460130502679 
1.413702558867 
1.399862726699 
1.371962520222 
1.366015460434 
1.526312148103 
1.548257917883 
1.494942118099 
1.474491763924 
1.538486240932 
1.549771387901 
1.493497933117 
1.527694328805 
1.539515603075 
1.486967491227 
1.466165083081 
1.458406705963 
1.442227143483 
1.467835853480 
1.500650824645 
1.449994252710 
1.471398380051 
1.464912217677 
1.517218777644 
1.508292273143 
1.453292650860 
1.459414356149 
1.458878607138 
1.430325999974 
1.383499680734 
1.386922152665 
1.382821985822 
1.384019172071 
1.392268825674 
1.404382702128 
1.407065196474 
1.409180899170 
1.400967474820 
1.421514640378 
1.407414561295 
1.411913336399 
1.415159935862 
1.424162957841 
1.403666516450 
1.406871076744 
1.638696552840 
1.616966983172 
1.564147115660 
1.554299304786 
1.556331366217 
1.660877278683 
1.526883070080 
1.635320139268 
1.546973595881 
1.513117705566 
1.504251536216 
1.515678902648 
1.543374892305 
1.489313988363 
1.515961973385 
1.508421494958 
1.572217763008 
1.481020806004 
1.491348232560 
1.489811568249 
1.399617991529 
1.424183829442 
1.465032471173 
1.438850098885 
1.408419099601 
1.356095939118 
1.300506625452 
1.315409192297 
1.308784506230 
1.326024419326 
1.293548338259 
1.279508870323 
1.294391034177 
1.280277947328 
1.295811657790 
1.280094591441 
1.280858897157 
1.318762814135 
1.323935960130 
1.316467568837 
1.298371970927 
1.303807876801 
1.234861857000 
1.350485050301 
1.353390399506 
1.367632168748 
1.214190356456 
1.196775335195 
1.001031848935 
1.013532173764 
0.939730816899 
0.900224624349 
0.919630892221 
1.107190628983 
1.101548150953 
1.108221948439 
1.023560045286 
0.963197088088 
0.808341265834 
1.003551302279 
0.964355380902 
1.184188878472 
1.196242820620 
1.195230152650 
1.204734643697 
1.226124084768 
1.221746864478 
1.244156836110 
1.226475353801 
1.254233308883 
1.292571001199 
1.292371596688 
1.301404591108 
1.318475937769 
1.318475937769 
1.326513180864 
1.310082525974 
1.326537094268 
1.438950143460 
1.489764395631 
1.459040017742 
1.370816804673 
1.357211961504 
1.394442511476 
1.214992574075 
1.203031821881 
1.188832989009 
1.175897565475 
1.149680611179 
1.150904244502 
1.154545084535 
1.209507196727 
1.285262196706 
1.275966781951 
1.295097914004 
1.376149629375 
1.373186614019 
1.374322921482 
1.345380926058 
1.389808424925 
1.410274400451 
1.342894761775 
1.420413611462 
1.351316520002 
1.315746730894 
1.329623937380 
1.332357849642 
1.400816598814 
1.396994099180 
1.362532787252 
1.335185829693 
1.283840134659 
1.330681313480 
1.316598754886 
1.379962605434 
1.378958720190 
1.192311340237 
1.196801920792 
1.248693486796 
1.224239322125 
1.332453589364 
1.305350235479 
1.313034444923 
1.300290510116 
1.337252443307 
1.359754608388 
1.371600229550 
1.546559808325 
1.530149095111 
1.391514555442 
1.289632500995 
1.289491413526 
1.379398121704 
1.428567450091 
1.168188756280 
1.337111481758 
1.371090232065 
1.395702867288 
1.471201854107 
1.552925374112 
1.522293711240 
1.537437223495 
1.528267699571 
1.635963337250 
1.511077197834 
1.474479947715 
1.469954230515 
1.496100983443 
1.544105115004 
1.629087208791 
1.767543390089 
1.863618176910 
1.518357252296 
1.534543021911 
1.626188713398 
1.426121345069 
1.326515794522 
1.347194802171 
1.116722765485 
1.075036972198 
1.116227267859 
1.208510231471 
1.263721475840 
1.132711806145 
1.308690618098 
1.421634890561 
1.337763681897 
1.377181685085 
1.483887037198 
1.505120025587 
1.512002825594 
1.630612272919 
1.345681632965 
1.219310017062 
1.257513990591 
1.302480059480 
1.361026837590 
1.499358334429 
1.428622553911 
1.427042905780 
1.399581626817 
1.412958525570 
1.466978708305 
1.480387456832 
1.406726037554 
1.396453818770 
1.428189827451 
1.479219898747 
1.453911265083 
1.457368768552 
1.382470654088 
1.286252833169 
1.353151094770 
1.339693209434 
1.347487235206 
1.364499856074 
1.294927620715 
1.315620284987 
1.303009012681 
1.403409924697 
1.447756321804 
1.330186158784 
1.323255045036 
1.339477293997 
1.231833221588 
0.928022832354 
0.857625641234 
0.924548857848 
0.956752112636 
0.828156663033 
0.878783415376 
0.769808584675 
1.020700699179 
1.044399395992 
1.035747253925 
1.160835567415 
1.141523505227 
0.979825658377 
1.016505859514 
0.937311164843 
0.860601035005 
0.782282079898 
0.938466409621 
0.874617491546 
0.883625578133 
0.920292861241 
0.896136484652 
1.028172935791 
0.912207758267 
0.998166017083 
1.014955768512 
0.972256173832 
0.934870169569 
0.941631870014 
1.024572273374 
1.079915766037 
1.160848564266 
1.164485957929 
1.127134821451 
1.374643073520 
1.357357615467 
1.343270473123 
1.315278004626 
1.390209905103 
1.409165270603 
1.346718384699 
1.345913990674 
1.323476395853 
1.258928731032 
1.297961739626 
1.270257579928 
1.408690577746 
1.459556701891 
1.260946933353 
1.222530208172 
1.234293185869 
1.256618371887 
1.360489462828 
1.509429852538 
1.428022013026 
1.462635603743 
1.410055401226 
1.425403733174 
1.342273090864 
1.368574974291 
1.428827069682 
1.405343454038 
1.411384041586 
1.167451796736 
1.022498292620 
1.148044580574 
1.149167610423 
1.145261743606 
1.127514796579 
1.068055946798 
1.076449043327 
1.102628626086 
1.130209257230 
1.125275827704 
1.044212780902 
1.189478385828 
1.198370390034 
1.204901423971 
1.119460502068 
1.263435410198 
1.294188374962 
1.283837938060 
1.349659701606 
1.341391141894 
1.263278811650 
1.291247424616 
1.292194386716 
1.292176229189 
1.306496265942 
1.245580160872 
1.297286869570 
1.364002510707 
1.221028844157 
1.208311633731 
1.195353238513 
1.177668224200 
1.188886116654 
1.167662305423 
1.227943016565 
1.276440697776 
1.234408619165 
1.231585269449 
1.233717466391 
1.330341356818 
1.409034818706 
1.388593979096 
1.411069007187 
1.420298699221 
1.421329629910 
1.431972904618 
1.444902080204 
1.451100421610 
1.402876012213 
1.362656064258 
1.342642996906 
1.320916586758 
1.319366100566 
1.330458368718 
1.282806177974 
1.320467561543 
1.299238635569 
1.229292511878 
1.256373821601 
1.255440762064 
1.245570635232 
1.224629682530 
1.211434995332 
1.201390195102 
1.211025899481 
1.197473927364 
1.199270995593 
1.181573047893 
1.206678882596 
1.211078792800 
1.208754328687 
1.227733072991 
1.299912086204 
1.301389759295 
1.305594452114 
1.265922568514 
1.274729583190 
1.249922339755 
1.204691903299 
1.199191796243 
1.227472051112 
1.210069291182 
1.231156370806 
1.230075823198 
1.289575626555 
1.278835961301 
1.280053545661 
1.345177412483 
1.320855281742 
1.327431622698 
1.253241087010 
1.243295590389 
1.235081251847 
1.238310080038 
1.183548107543 
1.188813201317 
1.226832419394 
1.215277511069 
1.237539813218 
1.230203804378 
1.254308144657 
1.254308144657 
1.282929573308 
1.368677449312 
1.369645690560 
1.403303047681 
1.363892230874 
1.359809774678 
1.372691987414 
1.312303985761 
1.314891505458 
1.366312614404 
1.303608112050 
1.309785084704 
1.320403668331 
1.314706200045 
1.316223460447 
1.314489401542 
1.306984522898 
1.271978021081 
1.280465159832 
1.238359077924 
1.231856051549 
1.215100213665 
1.207891431391 
1.190178667964 
1.237458863453 
1.325360975746 
1.341865782021 
1.349980188826 
1.318240416158 
1.338126663364 
1.343429005321 
1.416082477482 
1.329304693486 
1.356933060462 
1.383000936624 
1.402214539009 
1.353369831001 
1.377554817469 
1.371797011751 
1.367274290553 
1.361372073777 
1.344321925590 
1.326946165491 
1.337065038210 
1.333995241529 
1.316643687486 
1.374857426295 
1.407690621599 
1.391602716436 
1.330800674360 
1.302824829132 
1.309555826150 
1.337938561012 
1.336625118366 
1.294296702470 
1.175804212280 
1.142231524205 
1.162351555948 
1.197422985902 
1.230855286263 
1.320280462593 
1.303980999188 
1.208096030481 
1.226845585816 
1.240646881977 
1.264136174675 
1.307917435108 
1.282300327864 
1.301166346428 
1.293088435963 
1.281607086031 
1.260229436532 
1.299273163096 
1.312210560568 
1.383296458754 
1.337107923636 
1.215945995582 
1.192698115998 
1.352045079002 
1.385369915775 
1.366439035235 
1.360699691647 
1.441585482720 
1.425211225999 
1.352713511864 
1.331733760016 
1.343386583589 
1.326312744665 
1.222486968288 
1.234767068897 
1.248546371887 
1.259959283319 
1.242322271909 
1.225743560871 
1.192119523976 
1.210440361480 
1.175140420914 
1.162799256790 
1.153916628554 
1.180319542517 
1.249837344343 
1.093271959360 
1.081494596901 
1.137709669005 
1.160842656971 
1.175219975099 
1.167805195932 
1.101886180483 
1.135371210695 
1.136202028025 
1.149518714450 
1.158316382855 
1.090764750506 
1.121803810061 
1.099789811812 
1.081628084493 
1.181451196924 
1.169642030722 
1.189568880667 
1.179843900488 
1.154017305194 
1.223006713390 
1.203063227847 
1.192284923039 
1.200799344712 
1.133620795183 
1.151697362467 
1.175622502977 
1.204243701084 
1.172177539568 
0.990689472622 
1.020194815544 
1.052065544679 
1.053767323669 
1.052962746068 
1.012257271803 
1.411876666892 
1.498524017066 
1.468750147785 
1.474602925690 
1.380862157656 
1.532548214899 
1.655448983950 
1.670957720537 
1.653796558419 
1.590198623884 
1.549167445777 
1.384537782890 
1.375442504695 
1.300290296702 
1.338279577977 
1.450679987691 
1.409446067807 
1.397104708531 
1.454976931774 
1.394202743092 
1.422120557952 
1.434219374638 
1.354578936334 
1.433775128479 
1.379025485946 
1.352834955975 
1.343990673219 
1.336806862480 
1.733276949716 
1.678022801527 
1.546688029470 
1.544976754644 
1.421541087023 
1.485011031937 
1.474779171657 
1.578977017157 
1.425171820636 
1.416440307463 
1.410356185726 
1.546145450548 
1.529725750455 
1.505887116764 
1.581160974542 
1.465310888412 
1.408092544926 
1.403048225623 
1.472958590514 
1.428625473023 
1.486224877101 
1.492553250133 
1.647976535491 
1.559398983538 
1.426665568442 
1.468017029610 
1.458429281271 
1.461926000101 
1.421449473788 
1.421764651286 
1.382476084958 
1.398813791924 
1.379797098922 
1.323796715538 
1.299910591996 
1.400687870475 
1.375194911976 
1.397212434957 
1.399685836468 
1.380566046592 
1.383123475300 
1.294926113115 
1.284340006213 
1.237134973187 
1.186094284919 
1.249320320742 
1.186698829212 
1.206283254209 
1.165648235831 
1.340948576189 
1.209867610999 
1.139024183584 
1.199161759296 
1.221604127655 
1.199129081456 
1.116347321893 
1.137301461978 
1.173074252894 
1.270161273202 
1.167661328570 
1.188959096816 
1.099192217002 
1.242097337548 
1.066693821764 
1.007295653733 
1.032390098320 
1.086442755650 
1.153745022823 
1.110534283237 
1.110576223976 
1.132929663395 
1.430932810987 
1.437659628330 
1.414633944586 
1.421510214726 
1.405335163214 
1.355137910793 
1.375251285648 
1.270890700709 
1.268216320787 
1.391727819701 
1.331765547437 
1.265741657052 
1.233834108719 
1.183522517354 
1.253248653234 
1.351428736600 
1.337157969143 
1.371297493346 
1.429057800375 
1.446728717010 
1.416047096636 
1.322851752312 
1.210451463181 
1.228449159435 
1.235036340386 
1.112642264521 
1.221872313252 
1.333422435619 
1.222135492795 
1.169688107093 
1.286789387054 
1.251645228914 
0.960079296224 
1.147109400047 
0.992843743011 
1.100408320884 
1.201400165105 
0.948483850690 
1.301614584869 
1.136191944423 
1.188623755436 
1.248136756129 
1.221649342376 
1.204098036229 
1.200620064976 
1.137740200917 
1.057383871083 
1.097781213222 
1.242240262568 
1.198421870795 
1.087617702270 
1.145878038794 
1.144392880255 
1.194286771746 
1.134542386346 
1.110020644403 
1.350095091996 
1.390720442028 
1.369007098430 
1.243562501592 
1.108711055964 
1.174319566537 
1.004967598282 
1.048865184784 
1.087026847463 
1.138526921980 
1.203234686091 
1.059170932771 
1.074034737817 
1.149007407367 
1.130434525800 
1.189778430510 
1.101760209001 
1.116363503406 
1.051242921070 
1.015198003412 
1.053589401285 
0.743404024317 
0.756793210094 
0.942373549254 
1.118651300176 
1.083665787185 
1.100594735831 
1.086521500563 
1.098568153105 
1.227758476522 
1.181212683572 
1.114080207867 
1.107209069873 
1.148779934924 
1.151818732174 
1.180190743153 
1.159637186257 
1.163719323862 
1.152390887118 
1.152859671218 
1.141315656802 
1.120652767673 
1.128144634664 
1.150119940177 
1.233846300758 
1.216501539940 
1.216501539940 
1.236112487747 
1.253349422750 
1.285092405193 
1.240660459145 
1.249120124807 
1.273233236917 
1.269694414877 
1.252390204992 
1.253697118249 
1.254350836504 
1.247883150769 
1.270220217291 
1.250239853612 
1.340027579119 
1.331329399372 
1.334360419713 
1.241303769595 
1.138024722205 
1.118082627469 
1.218413168835 
1.169541603024 
1.132655078032 
1.112363046189 
1.082224016399 
1.082346871799 
1.126567781405 
1.076732470898 
0.987443217706 
0.921010834527 
0.884318105861 
0.994545260271 
1.111611589131 
1.119973541888 
1.068797308233 
1.058905929971 
1.172823449773 
1.211488107004 
1.140649301954 
1.172880414513 
1.210902542651 
1.242125525398 
1.242450332195 
1.231589115338 
1.222204247011 
1.273081293358 
1.275334412117 
1.186371364363 
1.228547328249 
1.219383229497 
1.220810227545 
1.196906595956 
1.206456206421 
1.210387567399 
1.148918087350 
1.126861867200 
1.149295912964 
1.163551475420 
1.154923448128 
1.227031244355 
1.192463946654 
1.105696553172 
1.143772597375 
1.142555619780 
1.062975608249 
1.018926000723 
1.193882102913 
1.177045877420 
1.126703072516 
1.091539638305 
1.010478683248 
1.055890788697 
1.056039654548 
1.076140435709 
0.956709836384 
1.173547563404 
1.084368177865 
1.032787628087 
0.999487201067 
1.020133784455 
0.883171057877 
0.899331470193 
1.101840884013 
1.164210801777 
1.082035775661 
1.036657466362 
1.129311290118 
1.119781870860 
1.101741270891 
1.064434502191 
1.109483389719 
1.106900399192 
1.017784351864 
0.970452701030 
1.014357973823 
0.972882351445 
0.953953003711 
0.977725192811 
1.064996236636 
1.148935894250 
1.204098289320 
1.088931126616 
1.028471549831 
1.038646156166 
1.098403064052 
1.097854182153 
1.230597782729 
1.195188989829 
1.207538907142 
1.205305846198 
1.266795839298 
1.104713404199 
1.119724304832 
1.125759022857 
1.136363695513 
1.156643941712 
1.166313624378 
1.041918834722 
1.084664624772 
1.092587051288 
1.100384450364 
1.100838140257 
1.179410980497 
1.180925002482 
1.189542223662 
1.209519496617 
1.199471466681 
1.194577687133 
1.097511214924 
1.163819901653 
1.234077498053 
1.330620374417 
1.288628399193 
1.252519627392 
1.241677843396 
1.249153829366 
1.309306396768 
1.377648397975 
1.349754211408 
1.386178538276 
1.343256250744 
1.368644711818 
1.252046249526 
1.258457962870 
1.396823580536 
1.421994467224 
1.374948854517 
1.260571906500 
1.306580971079 
1.312898181935 
1.341152259749 
1.357809850780 
1.389787617261 
1.295287944043 
1.270324156358 
1.318394703389 
1.326045353685 
1.311459552675 
1.309509680561 
1.380759550344 
1.380759550344 
1.379143843399 
1.382307717089 
1.378875810540 
1.309980486952 
1.285670533889 
1.284258245946 
1.270862336115 
1.280136474427 
1.351111029285 
1.320822616204 
1.319508864158 
1.264781100305 
1.330783247183 
1.355040495525 
1.404935688833 
1.401772443635 
1.384337462261 
1.428704880659 
1.453913775862 
1.123072112878 
1.162219515719 
1.182788821903 
1.287819937863 
1.173894402700 
1.155550499067 
1.078669893574 
1.041775646493 
1.207536188385 
0.900463597109 
1.168349883925 
1.059282478023 
1.146223700126 
1.117882979876 
1.190982583888 
0.927412630515 
1.029390097584 
1.093950735741 
1.041752580745 
1.118057621354 
1.354393146235 
1.420974776536 
1.336262912832 
1.302050433990 
1.336209213978 
1.447348861525 
1.306116847727 
1.217513383453 
1.235193785826 
1.199530444932 
1.157340269824 
1.181304513658 
1.133136016267 
1.210684031974 
1.238681740778 
1.540323811689 
1.535367607159 
1.166107808809 
1.155680524058 
1.129734967635 
1.422013620456 
1.185536517590 
1.291449860181 
1.304113960756 
1.126445861986 
1.007530171571 
1.021495973524 
0.918361543043 
0.939440643029 
0.848019072992 
1.057721205908 
1.150865070215 
1.134506642993 
1.067362186748 
1.285460858797 
1.297046508776 
1.320043687656 
1.228777920417 
1.357785348948 
1.294440474903 
1.315067784734 
1.456635275750 
1.488763746042 
1.384142389793 
1.397709684179 
1.446130030750 
1.452302150495 
1.333431960515 
1.617187446243 
1.447279247617 
1.404920278367 
1.347580068334 
1.418225362429 
1.425577505758 
1.658232257792 
1.681560205067 
1.657114007136 
1.462013400356 
1.560487449535 
1.603123039554 
1.566269018082 
1.632744534456 
1.573951528956 
1.558053442674 
1.568802828029 
1.443255139300 
1.428898393514 
1.376058979035 
1.348705718262 
1.368572695579 
1.315340235117 
1.290393523055 
1.183292996737 
1.161898276692 
1.289707049600 
1.373355185578 
1.252204636074 
1.229712648839 
1.295958013251 
1.316089899653 
1.359565562588 
1.374873648407 
1.347236285389 
1.363292197741 
1.463689290390 
1.485642998756 
1.353624042280 
1.387405906974 
1.375014383255 
1.166478760638 
1.246589693923 
1.315762271829 
1.305823830137 
1.248532641554 
1.294332401557 
1.342057356459 
1.199376809034 
1.292145174548 
1.386580631078 
1.387874076345 
1.391942847671 
1.369553340163 
1.426563941303 
1.450289390031 
1.521025233295 
1.456310280399 
1.463834478696 
1.467638959052 
1.525687901852 
1.514254208061 
1.565019557492 
1.479488782153 
1.482489608350 
1.472188409969 
1.434021022265 
1.496750522448 
1.483129138842 
1.610295955355 
1.427648720065 
1.452299129263 
1.465111219787 
1.395128144543 
1.535764797665 
1.571268908452 
1.715977835947 
1.617770453423 
1.628179701797 
1.482523437028 
1.380621265294 
1.277299137861 
1.345505963758 
1.305699643967 
1.336265293092 
1.235925687786 
1.156916047284 
1.258681042694 
1.411186066704 
1.167619365889 
1.221570538333 
1.243338709276 
1.252962586841 
1.356994408847 
1.283366109753 
1.259322994784 
1.259368828262 
1.129436527383 
1.164487946201 
1.308518851482 
1.286416033715 
1.397030314015 
1.247126765678 
1.285218897948 
1.438525292872 
1.341958752175 
1.223159902532 
1.114526619403 
1.069017984723 
1.064591645315 
1.066398153627 
1.088446784293 
1.056040617710 
1.121901282289 
1.129383888631 
1.163750148448 
1.139273361617 
1.121516670638 
1.182045746207 
1.162859273090 
1.147271527525 
1.183052526345 
0.961721873735 
1.105756191336 
1.016049932616 
1.060856204619 
1.012932594598 
1.071959496295 
0.973591257938 
1.076445467576 
1.102581674245 
1.107047380852 
1.010747485286 
0.988620496914 
1.046376911603 
0.978923076431 
1.160020529290 
1.143537205747 
1.152643988523 
1.105790103407 
1.090713438328 
1.107090570918 
1.125755373511 
1.175746196729 
1.098068136628 
1.155830774537 
1.177241849125 
1.167397001654 
1.137384558686 
0.891356497506 
1.141348913302 
1.122943563580 
1.190696540471 
1.073819061335 
1.076795315167 
0.953329573085 
1.055630543325 
1.018914894618 
1.091044350982 
1.158287736431 
1.082596316145 
0.976143322037 
0.999184272642 
1.037008472893 
1.231170249664 
1.245010935862 
1.270675322807 
1.206691737469 
1.254026659833 
1.211531045670 
1.201796193873 
1.073480211502 
1.138666061236 
1.093470373233 
1.174039826279 
1.109867255343 
1.014783786443 
1.140609777109 
1.113715457328 
1.198313491033 
1.259948099770 
1.363921234313 
1.349174361192 
1.355203928281 
1.335029937292 
1.242762571509 
1.223760763426 
1.226077229504 
1.112059063835 
1.050619523845 
1.003009702869 
1.168861149195 
1.173125227580 
1.170369739030 
1.301465918505 
1.288296111426 
1.264140640574 
1.399613206634 
1.378044518481 
1.404573254430 
1.362553001235 
1.384974861816 
1.398854390980 
1.374304027635 
1.373198299954 
1.383951180850 
1.367692295531 
1.392682438196 
1.470711626012 
1.461156263137 
1.467230840394 
1.549402160926 
1.552418780925 
1.518025652772 
1.510545382451 
1.435030253044 
1.405405096320 
1.392332582823 
1.449910748183 
1.298189743204 
1.346104274342 
1.242824343269 
1.377951327436 
1.378909104237 
1.487912645108 
1.428919432156 
1.453526267804 
1.401216467556 
1.530630469974 
1.568727952358 
1.635977790705 
1.627485182473 
1.597680200163 
1.723849243918 
1.712838525471 
1.671944323010 
1.541490558171 
1.556881263866 
1.603743025252 
1.618994641146 
1.471167861235 
1.587567252097 
1.632956941764 
1.572884928709 
1.607849476597 
1.430082314251 
1.377261895512 
1.315642419461 
1.296309998806 
1.296250950848 
1.462107627885 
1.475357263587 
1.477585703653 
1.500746226318 
1.395730783873 
1.506890032979 
1.455315254698 
1.416664669296 
1.410997293110 
1.570552528049 
1.344664266779 
1.358004151061 
1.255678466552 
1.242291514112 
1.249950329291 
1.315418971896 
1.311952237955 
1.263138601188 
1.274398240360 
1.326867287539 
1.255586887300 
1.216220228428 
1.201468546959 
1.282504106572 
1.250180382497 
1.191919058698 
1.153033244984 
1.177317318058 
1.162673111331 
1.184111115346 
0.984117869266 
1.092726739193 
0.961341519327 
0.925331941010 
0.952676772981 
0.981433651065 
1.041862469581 
0.968426619186 
1.027343924568 
0.968179850385 
1.027678517579 
1.104745823007 
1.112999800756 
1.115206615417 
1.108286676354 
1.114201112695 
1.125613315086 
1.161941641326 
0.932580408713 
1.140759938870 
1.107735815501 
1.148170035755 
1.071874466950 
1.085626601231 
1.132033634979 
1.184366403982 
1.127934038309 
1.111171487860 
1.187787933604 
1.154414050038 
1.366634942832 
1.262189957707 
1.294710107247 
1.316281427965 
1.129795170053 
1.085395964461 
1.405814525648 
1.341184052576 
1.119314785263 
1.223708643007 
1.425228267633 
1.366851351131 
1.226926232223 
1.174683234254 
1.213018962081 
1.229008741315 
1.187091963252 
1.321434878299 
1.317692155261 
1.322716693727 
1.358080308912 
1.334002895918 
1.231063188550 
1.163014420473 
1.237252910623 
1.210814037656 
1.233975127179 
1.127112285827 
1.122721952166 
1.218711948080 
1.274156065848 
1.286999919229 
1.298661034621 
1.292392109708 
1.199693047217 
1.150779616491 
1.238904220561 
1.037578661319 
1.279574462173 
1.248949434944 
1.205196855352 
1.195376819599 
1.176144083189 
1.193616567844 
1.318684581946 
1.487209386296 
1.529094461465 
1.576865788451 
1.494271905377 
1.490975743316 
1.371672541956 
1.379490702855 
1.412663066661 
1.449087991715 
1.314735617824 
1.373144702841 
1.227271489139 
1.148206785552 
1.221472675966 
1.197990723733 
1.229654946486 
1.183011689366 
1.252418748007 
1.254180462911 
1.114319445402 
1.126455552419 
1.219705893709 
1.216917267303 
1.278377041144 
1.276918469416 
1.305959540257 
1.278807669705 
1.284361143096 
1.201697776984 
1.233713483618 
1.234947715971 
1.220627519245 
1.222618941938 
1.121065700734 
1.217654375828 
1.098315900203 
1.311267440493 
1.367545502780 
1.360864012185 
1.330224283256 
1.381335294223 
1.440847435981 
1.403132268127 
1.445372529637 
1.399550736842 
1.400388844378 
1.362346709443 
1.436013314564 
1.476015166732 
1.433906350858 
1.472855776078 
1.474579020917 
1.466377710511 
1.470024855954 
1.356891778931 
1.366951218452 
1.423975303933 
1.526387195706 
1.530378229242 
1.539955240528 
1.492012030156 
1.480781985955 
1.464106918806 
1.557226356355 
1.540466520774 
1.506162621882 
1.516186666888 
1.472268319598 
1.495869762815 
1.590753095791 
1.555410714240 
1.500727074318 
1.501849756526 
1.509081151460 
1.501564087887 
1.517749125944 
1.518764867496 
1.520288638848 
1.520288638848 
1.481500985487 
1.552667022500 
1.544676309076 
1.537975164788 
1.636120627871 
1.624573588378 
1.608054831885 
1.616319569894 
1.566969984924 
1.725632422225 
1.626452435433 
1.586690889463 
1.619828815714 
1.551227375965 
1.553431592357 
1.533964585285 
1.523413607075 
1.637598373789 
1.572846700130 
1.640899936265 
1.597795813841 
1.529061092209 
1.561701520387 
1.417837037156 
1.364470415063 
1.491259230178 
1.529975609964 
1.626549860217 
1.555355173291 
1.627055972807 
1.632600332395 
1.605644150095 
1.758449862475 
1.807388319878 
1.814567238788 
1.837731831649 
1.740592343242 
1.781102386207 
1.629964467305 
1.670123360312 
1.742451915980 
1.740006727844 
1.740006727844 
1.706738982922 
1.681404641619 
1.615236876539 
1.668105202329 
1.503974060563 
1.561220206002 
1.574261967597 
1.488733719088 
1.367345700120 
1.300919221329 
1.286959413450 
1.332687157470 
1.292389518997 
1.285833403516 
1.353402622817 
1.344584483756 
1.244927228912 
1.239894780882 
1.266242492936 
1.263481045053 
1.268087661557 
1.172254939122 
1.191686547435 
1.190162215399 
1.205975895103 
1.302978597793 
1.279211974016 
1.276259155143 
1.271661171801 
1.204790866170 
1.201881752169 
1.250631359372 
1.228359695872 
1.228715926347 
1.247133659675 
1.307638072167 
1.342624784466 
1.344512675226 
1.350456138884 
1.469664432527 
1.476380648938 
1.487951729706 
1.525029542823 
1.494104222427 
1.488877284220 
1.571756950597 
1.614924179925 
1.556746406179 
1.598549365505 
1.489640405460 
1.444947261662 
1.368073994371 
1.433743522806 
1.407959012041 
1.434809408308 
1.440421581053 
1.513533630178 
1.478273048958 
1.362245819456 
1.403318727416 
1.400547466276 
1.387745610738 
1.403762699353 
1.410599715114 
1.408896360725 
1.449259010048 
1.441466727655 
1.434314194084 
1.418435094844 
1.415161263754 
1.363770094675 
1.261686521006 
1.258423536746 
1.248213317996 
1.263697963565 
1.255088556354 
1.240136622230 
1.240136622230 
1.234857209601 
1.241552802190 
1.292226938977 
1.253249005365 
1.247892725414 
1.236552989093 
1.235158604686 
1.214032519314 
1.227356166243 
1.259127016747 
1.324468851986 
1.331932109809 
1.353500972463 
1.383775375569 
1.362474137964 
1.389325688697 
1.430407045050 
1.468064453872 
1.473670040344 
1.454118512599 
1.465704490419 
1.444658025215 
1.449546808586 
1.489628678603 
1.428028595095 
1.404732111837 
1.343795050658 
1.334271554389 
1.357037740327 
1.327181693746 
1.319550343504 
1.332378579025 
1.321652291100 
1.380434496002 
1.285038901429 
1.279930602141 
1.261017657381 
1.252470059360 
1.286696424369 
1.326336234079 
1.240721278971 
1.295591170848 
1.305179951855 
1.270566841912 
1.229646611244 
1.270822341998 
1.265120065356 
1.302457683034 
1.354339515136 
1.343623977359 
1.290547262274 
1.295335316655 
1.353693656382 
1.361886804130 
1.375679905736 
1.301696798219 
1.290179972870 
1.330348056386 
1.339317642558 
1.303214790739 
1.267585307985 
1.271062754182 
1.345953507130 
1.234398142389 
1.242171631097 
1.272256134070 
1.334700476075 
1.436280049682 
1.425517028445 
1.287284783138 
1.269858588168 
1.229296201603 
1.295577084445 
1.272728606453 
1.308600603608 
1.283288005238 
1.329840998841 
1.382180488923 
1.384792822789 
1.347288086190 
1.357885508688 
1.347538031179 
1.366871283679 
1.375950709536 
1.383462797209 
1.471303092716 
1.548422089723 
1.529141197069 
1.536927905422 
1.511223023207 
1.371532800203 
1.330984207655 
1.299755277936 
1.296182707906 
1.237142203525 
1.257648125828 
1.329035665603 
1.308946634373 
1.339206858777 
1.346760610748 
1.346676214087 
1.359413882297 
1.356067827786 
1.299376434813 
1.296708739291 
1.332658553585 
1.268073796091 
1.208585899468 
1.151405242161 
1.159371308641 
1.248906259476 
1.299980124838 
1.275823193722 
1.434459182334 
1.477611007271 
1.455427598879 
1.432818701573 
1.413330033905 
1.337504165971 
1.344443362553 
1.373271544483 
1.381354075501 
1.363964814023 
1.382164975158 
1.386390545855 
1.384381227578 
1.375640866649 
1.369041542457 
1.398064793575 
1.399541407317 
1.401691231444 
1.387486140359 
1.447110007862 
1.429454651743 
1.444470251806 
1.431342397216 
1.169070021091 
1.202596438795 
1.203032218574 
1.072808481227 
1.227320238731 
1.345938726352 
1.445043878596 
1.296485746357 
1.269649918575 
1.436293235012 
1.449075098895 
1.298213069967 
1.230102154434 
1.150525282222 
1.077995456485 
1.230136926306 
1.339525265788 
1.337906659927 
1.345737810988 
1.312106080543 
1.295636295288 
1.370500129816 
1.376793664156 
1.413219317334 
1.352704561288 
1.357411043785 
1.386621355228 
1.415392186999 
1.331358435852 
1.258159037395 
1.302316888658 
1.338905563220 
1.375166916098 
1.340246197343 
1.255262987188 
0.997025415779 
1.266176083261 
1.274381613826 
1.300245825720 
1.465121191640 
1.388395788716 
1.438049273315 
1.345623632374 
1.394361024437 
1.352763219175 
1.382040161472 
1.403649216834 
1.489455183750 
1.457492163632 
1.475564142782 
1.449505061516 
1.292428803929 
1.359040271858 
1.380034555463 
1.506529731385 
1.583255184578 
1.348727019397 
1.069942856938 
1.078234473636 
0.949944047045 
1.059130384052 
1.030442098368 
1.164309907360 
1.304066678652 
1.321573634547 
1.231329332386 
1.355207982121 
1.305703726849 
1.257380557054 
1.266371690350 
1.200196245915 
1.200645934088 
1.139199709594 
1.125196314314 
1.245407681185 
1.229491446404 
1.191011969982 
1.314073571155 
1.238418284006 
1.021275115199 
1.062432582256 
1.171042807055 
1.126984388353 
1.310896762971 
1.333955677923 
1.404818927514 
1.436251875710 
1.471427135454 
1.433795909461 
1.441600962534 
1.413769767178 
1.429004468794 
1.506369057268 
1.470609356803 
1.503012304434 
1.530450797879 
1.488524496202 
1.432203118050 
1.253021681306 
1.359383031578 
1.453337700665 
1.415148659476 
1.384776596113 
1.275082349999 
1.155151924818 
1.187092178180 
1.191978654826 
1.170868592402 
1.141579935593 
1.108101276331 
1.199202109102 
1.244165403640 
1.318923990594 
1.263923765530 
1.375157316018 
1.357993116154 
1.316169482981 
1.311394918101 
1.362678452761 
1.285966618223 
1.313625923437 
1.204071313637 
1.220261887569 
1.412045856445 
1.374080079221 
1.365492749392 
1.415670017406 
1.460765025249 
1.515654368816 
1.581593740835 
1.615435778502 
1.524884678719 
1.557356841867 
1.534138648504 
1.409156388987 
1.258650863592 
1.350556117173 
1.231778592424 
1.213498045954 
1.252305725217 
1.223758062351 
1.166889819584 
1.126488341471 
1.158260355850 
1.184240913690 
1.186656648845 
1.099026136898 
1.160184989625 
1.101636749202 
1.090412869826 
1.135051088925 
1.152031082133 
1.172433163800 
1.104027641303 
1.109866648223 
1.131416845751 
1.076097015808 
1.307533634171 
1.392212181912 
1.336319367644 
1.318055872124 
1.331991251885 
1.521284075470 
1.559020170788 
1.476267832801 
1.460155900667 
1.433031274173 
1.290969758297 
1.352310029247 
1.340968493500 
1.348962107028 
1.395541136032 
1.378680924432 
1.379823749192 
1.476250210979 
1.372004672076 
1.505682781901 
1.406987534723 
1.397247356746 
1.394347692698 
1.375626614057 
1.265325560062 
1.353979689784 
1.392795871017 
1.389373266057 
1.340312750514 
1.350261541285 
1.322334648005 
1.329955129500 
1.395587859467 
1.409205050828 
1.417650659641 
1.433431258593 
1.401931946026 
1.431146451537 
1.441241610321 
1.483218089418 
1.515846336098 
1.567214027259 
1.623126338412 
1.545308534592 
1.582751159382 
1.553036412709 
1.456097426555 
1.351715846120 
1.336474349996 
1.317706812671 
1.307469908918 
1.320213670601 
1.369054331519 
1.302930829846 
1.325650858010 
1.325650858010 
1.312266201161 
1.340643779158 
1.348909938551 
1.358693010038 
1.377950873255 
1.454614086271 
1.422172316008 
1.473780099909 
1.451425751535 
1.405288905477 
1.414719319903 
1.469668103470 
1.446393947213 
1.492055395801 
1.420623539503 
1.344230344068 
1.298314160752 
1.322475243386 
1.274883921802 
1.277288884668 
1.256124096839 
1.443668895636 
1.410525549903 
1.474269691845 
1.374786852329 
1.450702982665 
1.388830502940 
1.373921401718 
1.316240275008 
1.298149768781 
1.376691143229 
1.384048833261 
1.316981714502 
1.276032134049 
1.249019095245 
1.240345917101 
1.265358482618 
1.248721710364 
1.227396657382 
1.164394777900 
1.135355868788 
1.151120778158 
1.158566723895 
1.183171264111 
1.352491141418 
1.339019301370 
1.326041694159 
1.363956937727 
1.353844501671 
1.325237371066 
1.322882077347 
1.290323803167 
1.251893111431 
1.311920446908 
1.322247897336 
1.289940611498 
1.287756153087 
1.250506775728 
1.304181636716 
1.342738648373 
1.334031331402 
1.356682914764 
1.355958484373 
1.356795866086 
1.332850020525 
1.342091152519 
1.307531072651 
1.297288631115 
1.285534166029 
1.328796611491 
1.380942373115 
1.404549427116 
1.373104710188 
1.442288304031 
1.483498644883 
1.376247030674 
1.436333802061 
1.457881791069 
1.443401133030 
1.404026532930 
1.460125843025 
1.470431198799 
1.454455201501 
1.454122682550 
1.394277607737 
1.363286837983 
1.379167793853 
1.387348539716 
1.361322862330 
1.364839555832 
1.396285357285 
1.401342638417 
1.341894123374 
1.339155463716 
1.334560049180 
1.220099730848 
1.290857168458 
1.289654917886 
1.238614554387 
1.238614554387 
1.227600252973 
1.178122690953 
1.166487881437 
1.221447163317 
1.202737826127 
1.181452067670 
1.064427095177 
0.991518471609 
0.865507256669 
1.080688924127 
0.928801648993 
1.067990821583 
1.106490380133 
1.084431704968 
1.032727904727 
1.057010660908 
0.966334124423 
1.010937034354 
0.998787190527 
1.162984152716 
1.118546443159 
1.085202239302 
1.223634440254 
1.216513717976 
1.285327204704 
1.155455686226 
1.103339192311 
1.188940916624 
1.245223515311 
1.207357337118 
1.218416317399 
1.171565112392 
1.193475918357 
1.145861389633 
1.105639506462 
1.084605920117 
1.152516568716 
1.147427645077 
1.117329110451 
1.207438316862 
1.265189922367 
1.293783055514 
1.350126797384 
1.495237954672 
1.435652846319 
1.415193565506 
1.267555113448 
1.405439431822 
1.415055221461 
1.442082265360 
1.430808874500 
1.426085447150 
1.481847975833 
1.474217233166 
1.497257349313 
1.601193347397 
1.467892428494 
1.540506936818 
1.593443133501 
1.490593815021 
1.694952663722 
1.719161429208 
1.782389964998 
1.552751473211 
1.590010918808 
1.386376178389 
1.373569054686 
1.464556029214 
1.475346174701 
1.426345506846 
1.329992914215 
1.165697997231 
1.382982148520 
1.373575015843 
1.313779465897 
1.365838970598 
1.156686352777 
1.102515596531 
1.347553152539 
1.431585310638 
1.471073236233 
1.862295946300 
1.678431608316 
1.800480859888 
1.653700873600 
1.460772982965 
1.546307556559 
1.658126166597 
1.533504876326 
1.305152202255 
1.310088677850 
1.339562748245 
1.362440033433 
1.264743651541 
1.245847192979 
1.194368499890 
1.186823273967 
1.293912400655 
1.279214110890 
1.214044420959 
1.421980729525 
1.253264563941 
1.311304934205 
1.158878406791 
1.138481439828 
1.161361287027 
1.079799920640 
1.337671400473 
1.343230710338 
1.259430858834 
1.364989995598 
1.287289778899 
1.278287240635 
1.215808987594 
1.253682524632 
1.182553344700 
1.244410652876 
1.422072546845 
1.282678335047 
1.315573391461 
1.431287866227 
1.392729748465 
1.595093327991 
1.468790005220 
1.455500072250 
1.452946043521 
1.643384924466 
1.682525544509 
1.416392409751 
1.359211312610 
1.489445383653 
1.505443049882 
1.416934439355 
1.409001183036 
1.387636552336 
1.352790261096 
1.358730749799 
1.327386250033 
1.099877487354 
1.190595478012 
1.134042770662 
1.146182247942 
1.160032971768 
1.199435418784 
1.203257262176 
1.034940866467 
1.018090571269 
0.960381609615 
1.143796068587 
1.173852705214 
1.165920393242 
1.145423855641 
1.197347002056 
1.170632919536 
1.180697728708 
1.248869018433 
1.272718166427 
1.238700648681 
1.232078017702 
1.285913831307 
1.242208022266 
1.334613181596 
1.413292071571 
1.372217141299 
1.383263031843 
1.266582974368 
1.242191773127 
1.159746309919 
1.116335659891 
1.101460130380 
1.132132471752 
1.176741407859 
1.353650587158 
1.158220358987 
1.150950908519 
1.186807903065 
1.176412378011 
1.085997383648 
1.252191878485 
1.290993660481 
1.497116098988 
1.506937407047 
1.320357784740 
1.347571923547 
1.383329094267 
1.603276266986 
1.548773274778 
1.581309194560 
1.468370495485 
1.484979543981 
1.590269127806 
1.661272345594 
1.586335036334 
1.283149280755 
1.159059102618 
1.261495982534 
1.252197842753 
1.312147914788 
1.299006756650 
1.302225723409 
1.293902561731 
1.342073445333 
1.381390042246 
1.408651878475 
1.329732975467 
1.289947046891 
1.406822648014 
1.368052040746 
1.376212386925 
1.577939848470 
1.486194690151 
1.546501745909 
1.410515973030 
1.403384071041 
1.365551349820 
1.237617694348 
1.250554894122 
1.153251661738 
1.255233210284 
1.124735075858 
1.254690494627 
1.195450112876 
1.219264073495 
1.158971603352 
1.225778519954 
1.288482559763 
1.316765591011 
1.356115260905 
1.273016840166 
1.416871320469 
1.332929161780 
1.394387946256 
1.416628572693 
1.512479744946 
1.587008747167 
1.599523799052 
1.542043993151 
1.689251917180 
1.648100167925 
1.652167763185 
1.659688540166 
1.584849629102 
1.793886963865 
1.652233321470 
1.627606910605 
1.655118782666 
1.819095301005 
1.927048481869 
1.852129051203 
1.818179111476 
1.906647596544 
1.798234972109 
1.802688520068 
1.758319299229 
1.671877286447 
1.680747681645 
1.518229090722 
1.559479331963 
1.565927354501 
1.526993026208 
1.423575889005 
1.425803773458 
1.519115181931 
1.454600474394 
1.452036682332 
1.383141646984 
1.343437106812 
1.387585622728 
1.436094349113 
1.431846397656 
1.487525074272 
1.459877211130 
1.483109506799 
1.526301306940 
1.450221253197 
1.399547212176 
1.480777980356 
1.517400135969 
1.536660721509 
1.520453301713 
1.576633931885 
1.757148279517 
1.614782150674 
1.538291820541 
1.431149930892 
1.522919461000 
1.508896313232 
1.538999119870 
1.571696367529 
1.524863875178 
1.529659735855 
1.572088894709 
1.764494333236 
1.799719063897 
1.597179263655 
1.556472795485 
1.536835989344 
1.450838208143 
1.459336339806 
1.373973811298 
1.335426762571 
1.219818280951 
1.073808212109 
1.202277234397 
1.213790337797 
1.238737983480 
1.152694556326 
1.138964012564 
1.214140016215 
1.305249864195 
1.300621797556 
1.307433375160 
1.220874832308 
1.159927475831 
1.076045051061 
1.098955269066 
1.039976516825 
1.165289274770 
1.178327306316 
1.219179349050 
1.118647268596 
1.137781760977 
1.139643259440 
1.228689801853 
1.217964327163 
1.244314414842 
1.388561245806 
1.433415385939 
1.359394707699 
1.363347771597 
1.331432529913 
1.318179315956 
1.266457031194 
1.331954612624 
1.320095591152 
1.310047704475 
1.297627268422 
1.321502439692 
1.327519903810 
1.346187578815 
1.361669532876 
1.375524634106 
1.247248370085 
1.146703753895 
1.166472978001 
1.177606305766 
1.186552654220 
1.155633836541 
1.162625777766 
1.201675551752 
1.211763470272 
1.153202031154 
1.184236103649 
1.053600947053 
1.071493380279 
1.150127627834 
1.131143593063 
1.105208240421 
1.121068273575 
1.128233955798 
1.122417417758 
1.156049658583 
1.205966627696 
1.222939414241 
1.193831619274 
1.187479864193 
1.220039184592 
1.274114760414 
1.259004731610 
1.261554490616 
1.251223156852 
1.251223156852 
1.232446213837 
1.254415508982 
1.246288726572 
1.346200407506 
1.311222843626 
1.264610313460 
1.298422912912 
1.158697328403 
1.199986320182 
1.171898653118 
1.226361704027 
1.212568306802 
1.209031894138 
1.243173785902 
1.116774500353 
1.157153820034 
1.234685615811 
0.995746539844 
0.974644463728 
1.039870685332 
0.974147362804 
1.016347476616 
1.016417032941 
1.104552033290 
1.106462176171 
1.108650917948 
0.973327817162 
1.081262280903 
1.090562502184 
1.164696740943 
1.180716044188 
1.207862443688 
1.187000242929 
1.223539325704 
1.258869915833 
1.281576121077 
1.276653491054 
1.292505960991 
1.292287438951 
1.300105546294 
1.176379036717 
1.296750283493 
1.299735001982 
1.483597162640 
1.487514756361 
1.295709913920 
1.299531263628 
1.274735832950 
1.113751374208 
1.154775293122 
1.357482594077 
1.410591886820 
1.465655981661 
1.490459074463 
1.510141155223 
1.463301436443 
1.475767182358 
1.543963275576 
1.505468959634 
1.505468959634 
1.585475184535 
1.507523371892 
1.458522817733 
1.315373313051 
1.420871469994 
1.443593038160 
1.233948423253 
1.230123968925 
1.295515262051 
1.223749631191 
1.127641596819 
0.946593059906 
0.947157077244 
1.015786108547 
0.925384148354 
1.522425520703 
1.381866644731 
1.544304410664 
1.567533042649 
1.428043679451 
1.371087666935 
1.367413866414 
1.344915122560 
1.208524585339 
1.258936614845 
1.106964488192 
1.162643251236 
1.234004824752 
1.114264214164 
0.947566923329 
0.993734565952 
0.947217312853 
1.065319049516 
1.197185711001 
1.144614773041 
1.133043443758 
1.241114508732 
1.231216115041 
1.347873372581 
1.461951419747 
1.466316348634 
1.358668567523 
1.525233693598 
1.448856292644 
1.465030152257 
1.441563288384 
1.493827188141 
1.450150411765 
1.391487670116 
1.480721649734 
1.592864387936 
1.470174751355 
1.425983130566 
1.319982881601 
1.126166210691 
1.107268850678 
1.136547050799 
1.379864080460 
1.355511275680 
1.378193719174 
1.304724929686 
1.151105181952 
1.269275677892 
1.294321399999 
1.477560088353 
1.407621122581 
1.272544689415 
1.246021086870 
1.258673615535 
1.239744146017 
1.188892293364 
1.233730525254 
1.239628281483 
1.325221195278 
1.514247128827 
1.446911991767 
1.387604016036 
1.440798181496 
1.455064614508 
1.378697950863 
1.307934852379 
1.379924191602 
1.185739150131 
1.216314776612 
1.234160202175 
1.179030667128 
1.243873367993 
1.400351496159 
1.351605965406 
1.448955994986 
1.244759647549 
1.226753726400 
1.313452368814 
1.212590529981 
1.458465589726 
1.463240249015 
1.380879862507 
1.529901533520 
1.405594829480 
1.423468358847 
1.360570794421 
1.378322966922 
1.441635007520 
1.384973615612 
1.461444166605 
1.432990994857 
1.419654581067 
1.465410942505 
1.476582854213 
1.298129253221 
1.404597010132 
1.392955068401 
1.444356782650 
1.452562576769 
1.366125151224 
1.426430220610 
1.418677287010 
1.415731574723 
1.378228548571 
1.370517201838 
1.490088546948 
1.391035729710 
1.374692434826 
1.446716461486 
1.475143620885 
1.448328075012 
1.471474750581 
1.369737526658 
1.202186276448 
1.307205760234 
1.325843922423 
1.392015523407 
1.378835781666 
1.386638324882 
1.566817870342 
1.523818529182 
1.320172716898 
1.406792923278 
1.378521848817 
1.238809830653 
1.159998029713 
1.304061204916 
1.397334880050 
1.293286864074 
1.396529179537 
1.433845790080 
1.463683462987 
1.308025292746 
1.389596392299 
1.486159815451 
1.495054609371 
1.477764903745 
1.426017701752 
1.568990860487 
1.381659255163 
1.399287473870 
1.341983958226 
1.266446110761 
1.331951151346 
1.325932467500 
1.387560196800 
1.377858518492 
1.263778019940 
1.206821565427 
1.243247328842 
1.263971541182 
1.229654140411 
1.181463527673 
1.147580386502 
1.170485699365 
1.140299470921 
1.138258063819 
1.206969256139 
1.309516344204 
1.292997132202 
1.195562047504 
1.217044197987 
1.203716978686 
1.241647114733 
1.206505432491 
1.187412555567 
1.194362435920 
1.218961706251 
1.245781990807 
1.309125866654 
1.320162522393 
1.208671932762 
1.144330652324 
1.141222124667 
1.133490424141 
1.073554910940 
1.055045627353 
1.051235824531 
1.103489749811 
1.095463901200 
1.160440964158 
1.223360205320 
1.232563315052 
1.239334528893 
1.311000440777 
1.299042630390 
1.264777447406 
1.209881394040 
1.273688002049 
1.301205603947 
1.259307995748 
1.226462596748 
1.235081983322 
1.238668048339 
1.263528015552 
1.256502821520 
1.279420525565 
1.261367761764 
1.299948585451 
1.340266150424 
1.232158394571 
1.257887834054 
1.180895975989 
1.221937052806 
1.182286967554 
1.177599947356 
1.221465472454 
1.274575585692 
1.457566113067 
1.417932266031 
1.402611587624 
1.432496869540 
1.526655837679 
1.531933149752 
1.378803782786 
1.407934479557 
1.434840237360 
1.442334267460 
1.467956190295 
1.417139924816 
1.414503044154 
1.488462467081 
1.533888277549 
1.484906707899 
1.550909838344 
1.619691192024 
1.661795171626 
1.520885664908 
1.509119734762 
1.451500462083 
1.517398822313 
1.514663706140 
1.460451657987 
1.475294269223 
1.476736514181 
1.424795083258 
1.358226877596 
1.316458720074 
1.335913387009 
1.414294134723 
1.448672378920 
1.443891382333 
1.392344546377 
1.305778061431 
1.298367149879 
1.353058361230 
1.389166621815 
1.442845922546 
1.459051872331 
1.463469675730 
1.601745430112 
1.510850514157 
1.387224965309 
1.372127423678 
1.412991139178 
1.432251515305 
1.535656205541 
1.456899658696 
1.566383097561 
1.553819111499 
1.491945736376 
1.521082467600 
1.596477673599 
1.544493415563 
1.550981799620 
1.594221661764 
1.599002225289 
1.505764848172 
1.532037170514 
1.625756695869 
1.595806873886 
1.581137711561 
1.654601155700 
1.638202418899 
1.553635780764 
1.524674500318 
1.483804242285 
1.516129211243 
1.477113262982 
1.435584958693 
1.465167978411 
1.489225876052 
1.528948362047 
1.552992893061 
1.570112836257 
1.473359904612 
1.373899299558 
1.375709714153 
1.388297628301 
1.406815347805 
1.403624862413 
1.457193851594 
1.483660059114 
1.407555496174 
1.484276953801 
1.455861774210 
1.500008003895 
1.511185375161 
1.473531045628 
1.419750887132 
1.415520831082 
1.426653410179 
1.428556393251 
1.565124022007 
1.644677062502 
1.726955786315 
1.658554826102 
1.570940921688 
1.523778440521 
1.506477261661 
1.626393723069 
1.625528048103 
1.651172653503 
1.634604306651 
1.611061893141 
1.613086380909 
1.632339918529 
1.566083455603 
1.674803310489 
1.703885737278 
1.741579110957 
1.808171124550 
1.734581396682 
1.717364016833 
1.693104869287 
1.707572517637 
1.825105918128 
1.822963131464 
1.843653030182 
1.858639211498 
1.832352488461 
1.658378238069 
1.450399665495 
1.477836984379 
1.511025661982 
1.499956234275 
1.451867356103 
1.478242477412 
1.424465085025 
1.434543440644 
1.412809711778 
1.388577482579 
1.455145947755 
1.536023291313 
1.534111199673 
1.461154129764 
1.573109024342 
1.364190856460 
1.303048276228 
1.225949202318 
1.277582713895 
1.297563460583 
1.185826582970 
1.208336600543 
1.269755689815 
1.181305533856 
1.252209456554 
1.282499172285 
1.083311029193 
1.026886620033 
1.019373194187 
1.075021243067 
1.082858557180 
1.084968038158 
1.060780096922 
1.162599425407 
1.093497684037 
0.987693148265 
0.989952541206 
1.010660327389 
1.054584609326 
1.078297345559 
1.091858183897 
1.027695736582 
0.953291459074 
0.938378564722 
1.034046521917 
0.691364305772 
1.006939517171 
0.898737594775 
1.483427499088 
1.670455411299 
1.524130174311 
1.499121757097 
1.489344355749 
1.463393134041 
1.536312457932 
1.605194321765 
1.529903956992 
1.487739383807 
1.516571340425 
1.490582391525 
1.412979034458 
1.443016495885 
1.389480246629 
1.613116760853 
1.640660643674 
1.574076118649 
1.826459035402 
1.631874276002 
1.397650811895 
1.231332852183 
1.253629622926 
1.253737537155 
1.298297439651 
1.302424951858 
1.284299461758 
1.310521329771 
1.214877493303 
1.227608566973 
1.224161165408 
1.178084816270 
1.282672775187 
1.310121262130 
1.398747061829 
1.381563253816 
1.294070195208 
1.287034390159 
1.373887549226 
1.252442508437 
1.410984065040 
1.428263538256 
1.432419501981 
1.435914415691 
1.319742743403 
1.375732427754 
1.410122431414 
1.467520152163 
1.449950422312 
1.409294507567 
1.553931764590 
1.532584114994 
1.453991528017 
1.428126428653 
1.414572215228 
1.397766023060 
1.422364771011 
1.552796225673 
1.581788836432 
1.607671342936 
1.528666534513 
1.557034899006 
1.682749646736 
1.636458767050 
1.609042218731 
1.551240400735 
1.464118167735 
1.400188209881 
1.344362607893 
1.273769583855 
1.365182297601 
1.324306234943 
1.372966953564 
1.424298441981 
1.460806928400 
1.530543936425 
1.500703460554 
1.475108536019 
1.441006327131 
1.391073446914 
1.389182922949 
1.377253215387 
1.318230054507 
1.225288150865 
1.215564117549 
1.210969555046 
1.192348739989 
1.173878668143 
1.221356107678 
1.173499834240 
1.197456302650 
1.272211251472 
1.253066793955 
1.275092980232 
1.319128937433 
1.379246329820 
1.366512102038 
1.407912600006 
1.393775227422 
1.374526712584 
1.403146531208 
1.382366602247 
1.434639163710 
1.459280603970 
1.477930040783 
1.483787247367 
1.460577389718 
1.419103428379 
1.484893117575 
1.478467257628 
1.523227242433 
1.529228047754 
1.513202282594 
1.429988901645 
1.491646653338 
1.509877984243 
1.549092371442 
1.566237227789 
1.475689674473 
1.549347510017 
1.567914754122 
1.530025001947 
1.519040426972 
1.458339883265 
1.357011294503 
1.403590411143 
1.374230419188 
1.360179702055 
1.292065940617 
1.256673965593 
1.274738592348 
1.317844128424 
1.489897176521 
1.350496076118 
1.175199285674 
1.161482517675 
1.249155398098 
1.136449966597 
1.161274292412 
1.117269177920 
1.040089699959 
1.034900910556 
1.153339695268 
1.160117968640 
1.235426164847 
1.222698228807 
1.269354487449 
1.287341187314 
1.274446070902 
1.416690710644 
1.427176070567 
1.349810506830 
1.387353806215 
1.380483003475 
1.342395963729 
1.351305261148 
1.352670742849 
1.335510740762 
1.336001350159 
1.322957606599 
1.348362324438 
1.325698071865 
1.347114162713 
1.307783348872 
1.368818532327 
1.349219945271 
1.354453313935 
1.286427284723 
1.279741917610 
1.345965003023 
1.332194841849 
1.317292306251 
1.275485761205 
1.217849787536 
1.261379329379 
1.343155636939 
1.374001595010 
1.308733005036 
1.305237707619 
1.291883654545 
1.271042336785 
1.266931082267 
1.247748628879 
1.249558028711 
1.247848915229 
1.241364124802 
1.218875720924 
1.200183000229 
1.200346454739 
1.224782587221 
1.369608323645 
1.276333732877 
1.263829271044 
1.284753060030 
1.312260961227 
1.318533936527 
1.316994302935 
1.359010904134 
1.363483881041 
1.364155955956 
1.304202896672 
1.249405754778 
1.319155312650 
1.333212357741 
1.347586028548 
1.359350529291 
1.381022096247 
1.371070380635 
1.405495783285 
1.383709449608 
1.358718466740 
1.364580581025 
1.299406014183 
1.277462571116 
1.302407394919 
1.300696453066 
1.397707533055 
1.402728648370 
1.371493489465 
1.365386446741 
1.362054767312 
1.364971640627 
1.494429067217 
1.454286790150 
1.469059103373 
1.579786788474 
1.560928010815 
1.544945534526 
1.433094731203 
1.395650053644 
1.257074396065 
1.246315121589 
1.254228329329 
1.244684407690 
1.255992373830 
1.238334635284 
1.273701190606 
1.386509216234 
1.499771130601 
1.457166641595 
1.459346968562 
1.602757149485 
1.662104390770 
1.637997298332 
1.662530976522 
1.608249793370 
1.609047185416 
1.562685608205 
1.593507098503 
1.572125076172 
1.507956528428 
1.556083658699 
1.616863967409 
1.519905409471 
1.332345726814 
1.470209105218 
1.554085051620 
1.545256044516 
1.525707246333 
1.509895072448 
1.499241502754 
1.512139931892 
1.457351748695 
1.409726636029 
1.455890219531 
1.462040279194 
1.520924951922 
1.520107349325 
1.537839980930 
1.534466333563 
1.472233721064 
1.508556958064 
1.476741946812 
1.489368327955 
1.495368377352 
1.462769428530 
1.480830605885 
1.399064974565 
1.363156269197 
1.373760445127 
1.329134360182 
1.330702177005 
1.259173528543 
1.224290587788 
1.185833073520 
1.189588196902 
1.182128229694 
1.197763014597 
1.257069128005 
1.219679340320 
1.219583730983 
1.264905404750 
1.305824874524 
1.320428339600 
1.318411872855 
1.338027604409 
1.303036675849 
1.291106277153 
1.317668918398 
1.274399721250 
1.347155011701 
1.323207670974 
1.309324883092 
1.329078958062 
1.296589186783 
1.352604306265 
1.337054829325 
1.366741677553 
1.307468731117 
1.190201907632 
1.139572617618 
1.155753890825 
1.118952371953 
1.096573983875 
1.099063640623 
1.165732309208 
0.990011250007 
1.064868711202 
1.073394636244 
1.019268207129 
1.045224112030 
1.043974719483 
1.127399881703 
1.169596326987 
1.159350913756 
1.202438629831 
1.190353212138 
1.198114886304 
1.207772831903 
1.241668911670 
1.239257387300 
1.240844716714 
1.265731485325 
1.309242944811 
1.324633377222 
1.299280761499 
1.272148999980 
1.345934171539 
1.358848898160 
1.323196190793 
1.325898240841 
1.329011977180 
1.321222243342 
1.355248568415 
1.355859082310 
1.335450869939 
1.286835496105 
1.258511680992 
1.269796309953 
1.237961749719 
1.238211689758 
1.283571722202 
1.311700225756 
1.352265015834 
1.379964557277 
1.370593612301 
1.427210237658 
1.379174888603 
1.396097364948 
1.403424479477 
1.426196891255 
1.450236315774 
1.395529478981 
1.457898337220 
1.373162023012 
1.421644029464 
1.360039607633 
1.350885406120 
1.375365772072 
1.378145589666 
1.344200041130 
1.373076799605 
1.380408722915 
1.292812106230 
1.302729581523 
1.304363165836 
1.280748290148 
1.310443013518 
1.341570357111 
1.303618351830 
1.275931588966 
1.211772444718 
1.206901471774 
1.118543844920 
1.180822307841 
1.221222874777 
1.316319656050 
1.211957971333 
1.116061930151 
1.038128454738 
0.957538733874 
1.029497427880 
0.928261051320 
0.845235949421 
0.875511319039 
0.999628200932 
0.967348915198 
1.057330203191 
0.997104912853 
1.017043296487 
0.854467750443 
0.945821363887 
0.835593475689 
0.919234701522 
0.997044158089 
0.922367031924 
0.937541112246 
1.011346380726 
0.981712931133 
0.958506893575 
1.035891434119 
1.037415311613 
1.023292416363 
1.141144317049 
1.100313110965 
1.007968656731 
1.002445755401 
1.022376214591 
1.040022211544 
0.950944753582 
0.967029444076 
1.048995260764 
1.021488990928 
1.005317631977 
1.059530997235 
1.084008543690 
1.249963211898 
1.234051664193 
1.326503863724 
1.307235691309 
1.291543901368 
1.295580107578 
1.254720231899 
1.250086251702 
1.282181881916 
1.241652134886 
1.308076375956 
1.293872860599 
1.342205935907 
1.285913800467 
1.249999330763 
1.225177824435 
1.240708178001 
1.196207460600 
1.162261747900 
1.147733220272 
1.158067777085 
1.028151542236 
1.028213052742 
0.985781595226 
1.157036538444 
1.061081253963 
1.063734014397 
1.078705910454 
1.080802620679 
1.096940982818 
1.148560205346 
1.074846015711 
1.022371153608 
1.090253411276 
1.212019289820 
1.206505688265 
1.325657221314 
1.378517167402 
1.427809811766 
1.436398497478 
1.188130946324 
1.201485559877 
1.194973187485 
1.276999814000 
1.191856473044 
1.338088610332 
1.343695224281 
1.392152407030 
1.388284343434 
1.362636424876 
1.380511348462 
1.358962553658 
1.335637125121 
1.346229300044 
1.419293310162 
1.421445631975 
1.385547308099 
1.385979005415 
1.379174563132 
1.340684999497 
1.360661669742 
1.362807758806 
1.360491697475 
1.342271552198 
1.237920625788 
1.225917543355 
1.139702103270 
1.204391031878 
1.163764285899 
1.229506237860 
1.284064167563 
1.396872189708 
1.436478067011 
1.423080469706 
1.403287672868 
1.402230696339 
1.418294955792 
1.404579555294 
1.406958753373 
1.395978238562 
1.390536011976 
1.350516072156 
1.386111793953 
1.380066343825 
1.502136891078 
1.461758978297 
1.494827879646 
1.454078959716 
1.392002118041 
1.345935079174 
1.299681556643 
1.313675517215 
1.278649911389 
1.277003505767 
1.299252528511 
1.258816491213 
1.256661681347 
1.250751453790 
1.259268521761 
1.377301998065 
1.495343655668 
1.642346510155 
1.606357627091 
1.216276232001 
1.189693137658 
1.205744803132 
1.227035001874 
1.231311236376 
1.174920941378 
1.189312047638 
1.313830347411 
1.362838739335 
1.381828366037 
1.353699798859 
1.340524232172 
1.348370005615 
1.354147983408 
1.310417571250 
1.252580030415 
1.340205170493 
1.351891007685 
1.300191569730 
1.300545810486 
1.294118886098 
1.280308756590 
1.278865393031 
1.281304892498 
1.260471379698 
1.214324012394 
1.220404831261 
1.222012148411 
1.249935617913 
1.249964832952 
1.201289650036 
1.238931818912 
1.271221363909 
1.339320045117 
1.344506496722 
1.353030804308 
1.358517948052 
1.329250156280 
1.299782472713 
1.260999947521 
1.287210382693 
1.236428640168 
1.172043091932 
1.140140122879 
1.247599234271 
1.200600677973 
1.190400670547 
1.184379111644 
1.188294335874 
1.205536943420 
1.277474796443 
1.293415462923 
1.346384851629 
1.324486249839 
1.416256599734 
1.413307728859 
1.458692225844 
1.496765209277 
1.503370636372 
1.507920925097 
1.453081121715 
1.496105572489 
1.517698852991 
1.474191860375 
1.523645162357 
1.482737819217 
1.532459077796 
1.531075308588 
1.621588521052 
1.515065300637 
1.423374724478 
1.427298624219 
1.404564797046 
1.392269839661 
1.383821598350 
1.378831864930 
1.372834964809 
1.357780806845 
1.342713329630 
1.151556191196 
1.194680537495 
1.320310750038 
1.081134269134 
1.111427199617 
1.185907410943 
1.156800628098 
1.160508776892 
1.196390286132 
1.229976731966 
1.242071325938 
1.251521942025 
1.276991531677 
1.294337456793 
1.298223553442 
1.270453507008 
1.208827724918 
1.211118661150 
1.233034635552 
1.202546601079 
1.188732713160 
1.173231890528 
1.343847064169 
1.348973464780 
1.356717487261 
1.273346441290 
1.236741064979 
1.236577637269 
1.267136603073 
1.304324349507 
1.332779797406 
1.403595903650 
1.377486800262 
1.345586686151 
1.388572694049 
1.405536032149 
1.356948369499 
1.352573331768 
1.275779255135 
1.282879117173 
1.257814684654 
1.263057280035 
1.262821113388 
1.308202562836 
1.318272370769 
1.316652113874 
1.286389664195 
1.309149666037 
1.326136516552 
1.369621714665 
1.319957213456 
1.269007132955 
1.175294882312 
1.242050250649 
1.240794450052 
1.244481920076 
1.258980308074 
1.268648793351 
1.289815941953 
1.297918558775 
1.369488391043 
1.364472530230 
1.365387844382 
1.363627578223 
1.363298047505 
1.388803169225 
1.387118789525 
1.346405506672 
1.337339100103 
1.384521120188 
1.242412070988 
1.240853118671 
1.242791902754 
1.243265732793 
1.207357318507 
1.242677524117 
1.247946992821 
1.268133458782 
1.269103646405 
1.309938658895 
1.286743298700 
1.330040949495 
1.343861223562 
1.371400787815 
1.350407102389 
1.342015169559 
1.326168502451 
1.268952654914 
1.306980066856 
1.267384645185 
1.235133476785 
1.237486707164 
1.238922271860 
1.193594270104 
1.214180227216 
1.211444359258 
1.273770152979 
1.292505384902 
1.239111098269 
1.225016000458 
1.166944594315 
1.191060768029 
1.182157389630 
1.145976812914 
1.134759715310 
1.220335777859 
1.224201414159 
1.116047962032 
1.081704629013 
1.084335514478 
1.122451539649 
1.055145752099 
0.985601149258 
0.805723755953 
0.974279903301 
0.995759435363 
1.022931809247 
1.003703569084 
1.033031029169 
0.903980933912 
0.943957007276 
0.780126524949 
1.036513604490 
0.995513410638 
1.007806232347 
0.989486729505 
0.998380710255 
0.987796672312 
0.998421655066 
0.948037191631 
0.961190734938 
1.004044458215 
1.003995153621 
1.056489784619 
1.015506227797 
0.954829022894 
0.942880234773 
1.042212785311 
1.011442047614 
0.990398739416 
0.977257994224 
0.983958474231 
1.016330099473 
0.984408398215 
0.991895088411 
0.969556069430 
1.169535738046 
1.185473103195 
1.174769977310 
1.065623456382 
0.951927547465 
1.055416506550 
1.306226521969 
1.261627270520 
1.308501669592 
1.407183901799 
1.542448058941 
1.216620522151 
1.175837323144 
1.202329290584 
1.198031327399 
1.184954801249 
1.132419131246 
1.285842738336 
1.633970125647 
1.494003009460 
1.330431769745 
1.436885318894 
1.465380134964 
1.478044380333 
1.174415461385 
1.325957871375 
1.243989364576 
1.208309977019 
1.257255429698 
1.560842336948 
1.542961936885 
1.705156236121 
1.533983141559 
1.481011894911 
1.549666644723 
1.480933959933 
1.458305317946 
1.501819102192 
1.417590763676 
1.372533069918 
1.417871342377 
1.353195036387 
1.338937375110 
1.520815196969 
1.334416881600 
0.956117746192 
1.048220373474 
1.091408127342 
1.256189268640 
1.088299536534 
1.112481448976 
0.974414648538 
1.008775838691 
1.291679454352 
1.259879504546 
1.168043734018 
1.247777403706 
1.114740850474 
1.018524177797 
1.192036815710 
1.111788020264 
1.140285309902 
1.162077006581 
1.115240200565 
1.257829012979 
1.323069109140 
1.303362788891 
1.375909072076 
1.286205559801 
1.326992893297 
1.341345940624 
1.287182062737 
1.265383134167 
1.251832247651 
1.224575636411 
1.244402017398 
1.397423282358 
1.290730682945 
1.159842943809 
1.198941055954 
1.144013666931 
1.089857824719 
1.231851136843 
1.278670055036 
1.278763273700 
1.138341008406 
1.112236878332 
1.186094214788 
1.270118502425 
1.241770899020 
1.387413125064 
1.340194183146 
1.083312643619 
1.139460372866 
1.073227171888 
1.257203675422 
1.481352883318 
1.537865644680 
1.425380228685 
1.316776894876 
1.151053397356 
1.424797398923 
1.493502865814 
1.241421007116 
1.215515752336 
1.174543375624 
1.278963985538 
1.314003098490 
1.272998451524 
1.250653110006 
1.205460924942 
1.111488408994 
1.294616929852 
1.345755337414 
1.407757981813 
1.446011203414 
1.407974765124 
1.397347454370 
1.293638028519 
1.208755844308 
1.212641051509 
1.144978964885 
1.133533901545 
1.154294179652 
1.060275536008 
1.080243475812 
1.227505555922 
1.116090778247 
1.237817937955 
1.211692860767 
1.114921152318 
1.213442014834 
1.189406983626 
1.179910110648 
1.348607146610 
1.266471209308 
1.064635594121 
1.089508478480 
0.935439777954 
0.912623348543 
0.830235366796 
0.974805445496 
1.028351363136 
1.090206939705 
1.126220778415 
1.196456703322 
1.308041020787 
1.219587266693 
1.226817112691 
1.264474155090 
1.250711407825 
1.293270047088 
1.260537022868 
1.176495437438 
1.408886995005 
1.378052160397 
1.475671647531 
1.325231792951 
1.349953990833 
1.211627929799 
1.396509066623 
1.355409520816 
1.260904442243 
1.214079954452 
1.228987439700 
1.271464107735 
1.334371413359 
1.321625906602 
1.372549621207 
1.364048898162 
1.448589468578 
1.395126333762 
1.520993223749 
1.470812661113 
1.291261067570 
1.310982975862 
1.328266594280 
1.213954765497 
1.033822732292 
0.967143105951 
0.951993480039 
0.974798544767 
0.936427426573 
1.149561429806 
1.184928866965 
1.234957607305 
1.302827185747 
1.342240268651 
1.344633477521 
1.557003771266 
1.563166093619 
1.535943564417 
1.534093502868 
1.509594112894 
1.451481327080 
1.465180433598 
1.295551225351 
1.298562267187 
1.305637828779 
1.380420861852 
1.359126138383 
1.280762885251 
1.263523052607 
1.447525920015 
1.461648637715 
1.498852526053 
1.465051427335 
1.483063180447 
1.523063772822 
1.469088837627 
1.421122815190 
1.497272054318 
1.303990428903 
1.288632164361 
1.068803091823 
1.155250626983 
1.272137311114 
1.173506343768 
1.118501592867 
1.093380693769 
1.216289871766 
1.289882094296 
1.207875073321 
1.311979179649 
1.238188480166 
1.329730481427 
1.296665979946 
1.384297338165 
1.412759789891 
1.351609788970 
1.368388705491 
1.369123934926 
1.375100600326 
1.377050829418 
1.457385907364 
1.465133299538 
1.433771013726 
1.138998212587 
1.118000420139 
1.195683687800 
1.294956887206 
1.352426574679 
1.388395769618 
1.380738267475 
1.298445040577 
1.343182563587 
1.362304267476 
1.322765349720 
1.278346391286 
1.345004689300 
1.379803711019 
1.390722766142 
1.305106776256 
1.280630533545 
1.233123900888 
1.448454097411 
1.443932721208 
1.358091298714 
1.338468455378 
1.275432468564 
1.202976172449 
1.185507451289 
1.187203922091 
1.227882952913 
1.131244263528 
1.195140879731 
1.204188046267 
1.058077523165 
1.065209072670 
1.109303766982 
1.177992874612 
1.174526049251 
1.266593485725 
1.373545213017 
1.336177620720 
1.308387824734 
1.281323556353 
1.318541882398 
1.243877782619 
1.235205434769 
1.147102484133 
1.177392124049 
1.224262633110 
1.184794035015 
1.219556400348 
1.175032903119 
1.139839114203 
1.139159999802 
1.339328361924 
1.368817067867 
1.371870092102 
1.359819604353 
1.413879304233 
1.369106446136 
1.374871409148 
1.375807921490 
1.349126248945 
1.269488208694 
1.259688365459 
1.266262585405 
1.169004334957 
1.201912354165 
1.202023956980 
1.264076925877 
1.305929180300 
1.335828390031 
1.142868901802 
1.124932892868 
1.196383652707 
1.233938961905 
1.235260837643 
1.215858645789 
1.221306087688 
1.262883838429 
1.149200706239 
1.122399627653 
1.182287713472 
1.253038329223 
1.289039254874 
1.195226604835 
1.155672315265 
1.216335471287 
1.171837541627 
1.337765014404 
1.344176632161 
1.260175758966 
1.313019406284 
1.322760075408 
1.324988944246 
1.302995266031 
1.233286627729 
1.252889810207 
1.282443087025 
1.289126204406 
1.388698624810 
1.405180510330 
1.301816165488 
1.201052770921 
1.122166673784 
1.253455049684 
1.268155237686 
1.273323130668 
1.321546911889 
1.220878984875 
1.239158151708 
0.945031456804 
0.991887485660 
1.004243222428 
0.955793844878 
0.994503771443 
1.001678208455 
1.051097043981 
1.037636142525 
0.985575472166 
1.083054485604 
0.997023711541 
1.043504630358 
1.096114785182 
1.146243811568 
1.115728490738 
1.154024706339 
1.168887428877 
1.206716909257 
1.250111971001 
1.348714899099 
1.348328884631 
1.343165114540 
1.379364961247 
1.382521407585 
1.365880338328 
1.338464977041 
1.440646982735 
1.410814815397 
1.472433924226 
1.476990827906 
1.470540928546 
1.462794341854 
1.447822557431 
1.403240211231 
1.339370737841 
1.383377653680 
1.396289568009 
1.377643861573 
1.411088674647 
1.380763509581 
1.293747478577 
1.461736963778 
1.237196248406 
1.243284649654 
1.385000972767 
1.362125657253 
1.135738663714 
1.177582638306 
1.131671806729 
1.152902501082 
1.337953207549 
1.397711832475 
1.316089920671 
1.403035503027 
1.323235395850 
1.555852814700 
1.392058066338 
1.242177960049 
1.202822655331 
1.158165927691 
1.169014196641 
1.157666000667 
1.195548103555 
1.319535126928 
1.185277647042 
1.053383631876 
0.892155342844 
1.065417905883 
1.169639415607 
1.110919621108 
0.997236462011 
1.098424941956 
1.066369065472 
1.131438650524 
1.238394695072 
0.910603470024 
1.141073906168 
1.253001363678 
1.305271128548 
1.225952648358 
1.214142620168 
1.122305094354 
1.140499548939 
1.121229058366 
1.188681396231 
1.175848268964 
1.122814387722 
1.022879779344 
0.957748844374 
1.077151544552 
1.022095299404 
1.217794235995 
1.236109864237 
1.441838496043 
1.341772066901 
1.386641986322 
1.295166786687 
1.363738952152 
1.497350394962 
1.297719580561 
1.186564649173 
1.193906972556 
1.177069144153 
1.214339416752 
1.250270897912 
1.237698335810 
1.333838015884 
1.202904996487 
1.166309917768 
1.108155436934 
1.127532888039 
1.223186030078 
1.147262120221 
1.233092142779 
1.274555472388 
1.183409435993 
1.281148034010 
1.229030405650 
1.084959776806 
1.170158333207 
1.104419514943 
1.137717561094 
1.216327719423 
1.079594820036 
1.165121257887 
1.179131121461 
1.288005237096 
1.299980650589 
1.330490872681 
1.272503018858 
1.366223218304 
1.391521821064 
1.447472036855 
1.306236713745 
1.202194682847 
1.216754469459 
1.033963807152 
0.996800650070 
1.047206824592 
1.167780917561 
1.170572127747 
1.182803287598 
1.191420003586 
1.356600692054 
1.325650694291 
1.343451090918 
1.373116222209 
1.302244710020 
1.263972562825 
1.209878519087 
1.365839819236 
1.390226892789 
1.369236115264 
1.384530054893 
1.394707639742 
1.302931294144 
1.295959271023 
1.261882570747 
1.208632204094 
1.118982073577 
1.108327871047 
1.016887068776 
1.050192238870 
1.126654085539 
1.123481766470 
1.088243889013 
1.106044845718 
1.115735537721 
1.175244352402 
1.134531363319 
1.228363476204 
1.238806395830 
1.240051606698 
1.176931557994 
1.141687269660 
1.062324377343 
1.088009885992 
1.193620929749 
1.127249124448 
1.145830102231 
1.138123550618 
1.211886111357 
1.206656823161 
1.228038061365 
1.232329867010 
1.225107930667 
1.212332075644 
1.185432260420 
1.221479626724 
1.252250941886 
1.178098341936 
1.242091555962 
1.142235477692 
1.206187829711 
1.277243946263 
1.413719641439 
1.356855049740 
1.389159484724 
1.530703991984 
1.493828512728 
1.364525243409 
1.421188941591 
1.400289017100 
1.457680777771 
1.457052286952 
1.478890811593 
1.382547226063 
1.373566321218 
1.328908319815 
1.402773749297 
1.389848542153 
1.468464764425 
1.395656436029 
1.293881495525 
1.270731856011 
1.244689898352 
1.294264900753 
1.245463583907 
1.260197565589 
1.158875182853 
1.180539334433 
1.263256537732 
1.288930818954 
1.326574950942 
1.354886970277 
1.378841718444 
1.278636231527 
1.273299673295 
1.271971582861 
1.284902562407 
1.402625352759 
1.412732733571 
1.395887633057 
1.351793810317 
1.336307745437 
1.383416699447 
1.352701558841 
1.343510281974 
1.538382332208 
1.553477006606 
1.444125267876 
1.279161568882 
1.389744190080 
1.518589159552 
1.503330158132 
1.519819852428 
1.584018075485 
1.598442839861 
1.591850139375 
1.559517538851 
1.448800962791 
1.486983217030 
1.535815346141 
1.351884225753 
1.328495969199 
1.500398250214 
1.508565351131 
1.516969173637 
1.553197413044 
1.599863003047 
1.547563089783 
1.586716148632 
1.576786736868 
1.600764772086 
1.622335725601 
1.600731564442 
1.625497254798 
1.564560221879 
1.524419678647 
1.427617376974 
1.502027209975 
1.483441611351 
1.467841317088 
1.366856768769 
1.384928541687 
1.335177107203 
1.315742511818 
1.409649400046 
1.426034096919 
1.421381046652 
1.415240256304 
1.355619478222 
1.353273774659 
1.374816797249 
1.239679485604 
1.273137827332 
1.256994550466 
1.307305848696 
1.301568066560 
1.391689018317 
1.212596122706 
1.165114369427 
1.151818198522 
1.149681764638 
1.231487427588 
1.248746312065 
1.339387459056 
1.369048031700 
1.238023582922 
1.232749051858 
1.217992605620 
1.290406875404 
1.288250928518 
1.298406606216 
1.324264712904 
1.228888906115 
1.275851157683 
1.275152698993 
1.130234608943 
1.150829477465 
1.169169178231 
1.221239992065 
1.271526498852 
1.281160082061 
1.263207721954 
1.295425517303 
1.422822002587 
1.319141824702 
1.295737565801 
1.216889577971 
1.330487967642 
1.336866298542 
1.371882772810 
1.415619312667 
1.539736976567 
1.483447712780 
1.489484747926 
1.475500631163 
1.406042028733 
1.437062623010 
1.556647215602 
1.541484882199 
1.481219884811 
1.592343104700 
1.593109210640 
1.559236917682 
1.621493821422 
1.604786550539 
1.689574559395 
1.664030830700 
1.334847233654 
1.381084258979 
1.422997535867 
1.421419464703 
1.478100978787 
1.605581897122 
1.585606871076 
1.581803698807 
1.511036726360 
1.541597566163 
1.415409543249 
1.385955336211 
1.364951140321 
1.376249426832 
1.297142219068 
1.220077502493 
1.242892972412 
1.276688058987 
1.326007677452 
1.325712046284 
1.307376476533 
1.240218148814 
1.246879489917 
1.236732796668 
0.963050306145 
1.043148167695 
1.043828627077 
1.004928702977 
1.041092101671 
1.151203571650 
1.037518854782 
1.128323768060 
1.145791839800 
1.161276736532 
1.186286782027 
1.205820983295 
1.076076893088 
1.050899981694 
1.131528619605 
1.069711989570 
1.054974951163 
0.996317426945 
0.954869524755 
1.031771712877 
0.991712227220 
1.134328411504 
1.234578209997 
1.135853930286 
1.020342803914 
1.019973415740 
1.087841380396 
1.013389821263 
1.002638152274 
0.936154876274 
0.995113804775 
1.008852781261 
1.036870339956 
0.906952516147 
0.871702283789 
0.971392006814 
0.820126913009 
1.002362225804 
1.069359351880 
0.992712969115 
1.075628164914 
1.107027460021 
1.217644255355 
1.193175651009 
1.205010427029 
1.211397588328 
1.233398992680 
1.278750415678 
1.293907317604 
1.321153668729 
1.351872473048 
1.366683712197 
1.378897825295 
1.346052074587 
1.346052074587 
1.361252574689 
1.341860531596 
1.576458305521 
1.434510216425 
1.589038647411 
1.641266597621 
1.444688259043 
1.375621200877 
1.262124385668 
1.532400418531 
1.606511558535 
1.449059957960 
1.465888797050 
1.353251442868 
1.526298971313 
1.506909951770 
1.586185608438 
1.308015237150 
1.437108224668 
1.500753043524 
1.463132253778 
1.358783805058 
1.357176727303 
1.347614760516 
1.265267640203 
1.337983464790 
1.309513653690 
1.336095908190 
1.416613548934 
1.519531984289 
1.513251115621 
1.519932796990 
1.307447109883 
1.301684902600 
1.085922029839 
1.124337259996 
1.319603385147 
1.194442479255 
1.453497656851 
1.540201137897 
1.546434185437 
1.490670336693 
1.489531635912 
1.423460554563 
1.494254479439 
1.353275901940 
1.383010820829 
1.466132225162 
1.416725787683 
1.359070654150 
1.457852630810 
1.465719650412 
1.502864781838 
1.466786367701 
1.404950118262 
1.285049109825 
1.395776960123 
1.407143797270 
1.414920913046 
1.326855196332 
1.352557376909 
1.437656779302 
1.411015454180 
1.373357072284 
1.341068326427 
1.329683904690 
1.457330176196 
1.511372749531 
1.610313009487 
1.421680931428 
1.502164422224 
1.586194579690 
1.380765534625 
1.227106514513 
1.229748291276 
1.183336545946 
1.377199275252 
1.496702992682 
1.276314800482 
1.311405694815 
1.340474215916 
1.386210037023 
1.585384870377 
1.530147696336 
1.500105435571 
1.439053084598 
1.386836663741 
1.292899318671 
1.428141726367 
1.150473940828 
1.293042539072 
1.321931764280 
1.173499603233 
0.959228303009 
0.990700803605 
1.106525302007 
1.024950071715 
1.133894067083 
1.166883859823 
1.107021759529 
1.137766101199 
1.264370548579 
1.381550616570 
1.221573354687 
1.218802885076 
1.224112638792 
1.220626274647 
1.111977158430 
1.255398696666 
1.335164950130 
1.295461577680 
1.251238711150 
1.235528017366 
1.256971594721 
1.192915251581 
1.382640858552 
1.337644383073 
1.349850316787 
1.286409926965 
1.250541625434 
1.193639435736 
1.211408816404 
1.213673655458 
1.147813205553 
1.086661276696 
1.281531654330 
1.155606771972 
1.211799295311 
1.180954466176 
1.226162605516 
1.220786042383 
1.236291841974 
1.175847299522 
1.191191783139 
1.123546648971 
1.218316317421 
1.223974559308 
1.245285575483 
1.305954360423 
1.358116728013 
1.325832310661 
1.287414930854 
1.211284419307 
1.218522517712 
1.151859115937 
1.184199192490 
1.095069536074 
1.296095286652 
1.157274306012 
1.157816187419 
1.138579231133 
1.183224001167 
1.200445037108 
1.011907838927 
1.026838392481 
1.140225468812 
1.031265399103 
1.111236517899 
1.227664150090 
1.079587538607 
1.190334489142 
1.106241970272 
1.157117843010 
1.252589595046 
1.266747273263 
1.230040839342 
1.230012944861 
1.312335038605 
1.338211396855 
1.305426021233 
1.292170539744 
1.285240706987 
1.306749757277 
1.523643310245 
1.410548817934 
1.521151787842 
1.704240867636 
1.555464424151 
1.570950028215 
1.371138662829 
1.454666750702 
1.502988311283 
1.489364748051 
1.485981793935 
1.407999210371 
1.404928483290 
1.406598771372 
1.421926695389 
1.449393157438 
1.390765850932 
1.327944205210 
1.308858882684 
1.279305345886 
1.282173381981 
1.269856841643 
1.273893449564 
1.294176774707 
1.278918927444 
1.285352768563 
1.259147289116 
1.297134249867 
1.261635885506 
1.225968566365 
1.212166818056 
1.211996788615 
1.101579939458 
1.041759150319 
1.081908155264 
1.120810549152 
1.136812422119 
1.023525672661 
1.097902589292 
1.105938871317 
1.143753999159 
1.109779419520 
1.220587534644 
1.311774258379 
1.322031382457 
1.346175153242 
1.360230469695 
1.389277673507 
1.427644292591 
1.347645300886 
1.416847410867 
1.450357750905 
1.453546646836 
1.481102279675 
1.416898624662 
1.448245144275 
1.415278279914 
1.386644408916 
1.384871066233 
1.403686883461 
1.331615658171 
1.330388337492 
1.363499332581 
1.382845051358 
1.367553449237 
1.339210013561 
1.351583869484 
1.345617215448 
1.340026118057 
1.345034120955 
1.329575046340 
1.316120499192 
1.335724766335 
1.314728637432 
1.308879459631 
1.371434292491 
1.336918279018 
1.289358517240 
1.274817741402 
1.236037563134 
1.272432649915 
1.331084997821 
1.299743418842 
1.289210902426 
1.299969620520 
1.296521117003 
1.290094527767 
1.172238550879 
1.176523750663 
1.267980656308 
1.267615156533 
1.284668959570 
1.258016042606 
1.239174200588 
1.178398921212 
1.117614277400 
1.132229854112 
1.194419907874 
1.228832047555 
1.195793750893 
1.218190239338 
1.198984924327 
1.204772737335 
1.092477018609 
1.117138686788 
1.224361517869 
1.188236974199 
1.207557763563 
1.213738284397 
1.147800822196 
1.140899827584 
1.230704361462 
1.245389267081 
1.278137173605 
1.256792836694 
1.256824840007 
1.353642815791 
1.353693133283 
1.315788669149 
1.340734503170 
1.365240483192 
1.348569535286 
1.293792888154 
1.298153911474 
1.296330142965 
1.315640335586 
1.423459304278 
1.392974743047 
1.396216046414 
1.379333443656 
1.484985905678 
1.454073497615 
1.497594405273 
1.507338823200 
1.327089916439 
1.384535793928 
1.455011871250 
1.322392570236 
1.432751356429 
1.429211240670 
1.452600207561 
1.470463427389 
1.446023238025 
1.472717283992 
1.389187380137 
1.324428567760 
1.258109928732 
1.296659224932 
1.355248304754 
1.375293876032 
1.321698404193 
1.346222543668 
1.272879741216 
1.218021420464 
1.174620751765 
1.224328196069 
1.211522268767 
1.233557136592 
1.188293142093 
1.107533492077 
1.113472380716 
1.156493265224 
1.074296276055 
1.068812370043 
1.044190042421 
0.948102036956 
1.020685584983 
0.983810741511 
1.007072305793 
1.047412594987 
1.096426955169 
1.032206669186 
1.041579447323 
1.054182866933 
1.117598414682 
1.178271203659 
1.153861326971 
1.200673918010 
1.251429123139 
1.347180554674 
1.356002140347 
1.358024876595 
1.280730410366 
1.291882329158 
1.312625310717 
1.279284809482 
1.398661545096 
1.394912029105 
1.366647912497 
1.356804434709 
1.341699819895 
1.355115303464 
1.396700095703 
1.361069913057 
1.393203331516 
1.328463515241 
1.356445924716 
1.409164042875 
1.390466197198 
1.368047238421 
1.384063058524 
1.394944123606 
1.409131419406 
1.468036171437 
1.452366465994 
1.411980515769 
1.407727706745 
1.358511730984 
1.379421237203 
1.103751648300 
1.255630648867 
1.075973726597 
1.036831398737 
1.115594136531 
1.132361150371 
1.098963887057 
1.144388538349 
1.278070730250 
1.204332525435 
1.142393889105 
1.231737744627 
1.356364692061 
1.299060588534 
0.997085138348 
1.145139298221 
1.220695373682 
1.418086908235 
1.374970379141 
1.475962457023 
1.478866467091 
1.291789678622 
1.227321587119 
1.369097564546 
1.462406900006 
1.411673465116 
1.522525635326 
1.578227743875 
1.675975060987 
1.468683541154 
1.532997839467 
1.567440999954 
1.551211872253 
1.580667902291 
1.447363579221 
1.338552444771 
1.382517800920 
1.385757434821 
1.423640208183 
1.376633259564 
1.498975066231 
1.504086506608 
1.530726999985 
1.547862782751 
1.470666350134 
1.522904304440 
1.450009751342 
1.327121508048 
1.297877341190 
1.301068715748 
1.342900127260 
1.306381303309 
1.370412430871 
1.287615152964 
1.352249753720 
1.448774073532 
1.449437963114 
1.478929154740 
1.440281501566 
1.397591639516 
1.400162245027 
1.372477356909 
1.290946794669 
1.330443764617 
1.488621232206 
1.415133043543 
1.419099967981 
1.432540877835 
1.479717114053 
1.526658142712 
1.318186016497 
1.318455096544 
1.304033102945 
1.246821170375 
1.238830053893 
1.357133082415 
1.249277167987 
1.200183590543 
1.411784805493 
1.350121011511 
1.481777252708 
1.386116892809 
1.434278908145 
1.401438986573 
1.372348930168 
1.479278533221 
1.320150870850 
1.299706026949 
1.288303664867 
1.457146912153 
1.421364895132 
1.609366852767 
1.303354248905 
1.268622036226 
1.132974848602 
1.161877598912 
1.108838308324 
1.092908264261 
1.255294365508 
1.238589705253 
1.300816887132 
1.319600732142 
1.338252066034 
1.294727138812 
1.169320716403 
0.956853861038 
1.069270631068 
1.238483105233 
1.122534012773 
1.156159555910 
1.213363464788 
1.433568320673 
1.474612702899 
1.453327334278 
1.465044882212 
1.530855456659 
1.494446276456 
1.460999069924 
1.438200913344 
1.493580947125 
1.396545402511 
1.451946548877 
1.478967033673 
1.622854507633 
1.486930063459 
1.540474831783 
1.495427161645 
1.369497168122 
1.391461034003 
1.243630403699 
1.289567609866 
1.306521637700 
1.350373447329 
1.471254390741 
1.619126424059 
1.552273140394 
1.527204221335 
1.598376538818 
1.652294323849 
1.586792136068 
1.614432091066 
1.606412891982 
1.591833341421 
1.572547860834 
1.473130783600 
1.421563009939 
1.407985245914 
1.418824141956 
1.362125621937 
1.243723367935 
1.264164895902 
1.133426242267 
1.176203569716 
1.228883779513 
1.239006709785 
1.230513411505 
1.425919501166 
1.435737951555 
1.436249752928 
1.445381757772 
1.540109321528 
1.144828212229 
1.121533283963 
1.143310628298 
1.163495779704 
1.129954192336 
0.906500010351 
0.875337364085 
0.841208362716 
0.871503641742 
0.939340497052 
0.904680519140 
0.854228756178 
0.946189140983 
0.976423204483 
0.912247881244 
0.956650162650 
0.870565659104 
0.970343887377 
0.997477310530 
1.168514685572 
1.180621306603 
1.188698629707 
1.178275405477 
1.173648383460 
1.210144108968 
1.247372013808 
1.199519939092 
1.240508240305 
1.151256874997 
1.101129839458 
1.096829634385 
0.990228649627 
1.122770883293 
1.200519998460 
1.243314315324 
1.258467045469 
1.249061970553 
1.244692329707 
1.257458238376 
1.193494233560 
1.258846193710 
1.222747159708 
1.151000135678 
1.292093245346 
1.428076366618 
1.435869385149 
1.336247438241 
1.367177229280 
1.356987842444 
1.349636559140 
1.336080132876 
1.359482950248 
1.360526665819 
1.385281131859 
1.434259100276 
1.478322031315 
1.376276015645 
1.372911748472 
1.324150786640 
1.300405426513 
1.340421033507 
1.396978905990 
1.364527368273 
1.390856685238 
1.375415956570 
1.293067259388 
1.317168033588 
1.339671667664 
1.285877468139 
1.339602862727 
1.274508469948 
1.251514787659 
1.269813453772 
1.293830813429 
1.370131474242 
1.355890391070 
1.320560908508 
1.380483697669 
1.338353212759 
1.361570916983 
1.382488984368 
1.345635040776 
1.336666022393 
1.334431867960 
1.301775442561 
1.327452295737 
1.336768556223 
1.484810042986 
1.553078475802 
1.471423019862 
1.472990620408 
1.501202638019 
1.527471945592 
1.512341631447 
1.490916117253 
1.484873905349 
1.490361502150 
1.441896176447 
1.597760829271 
1.718874410235 
1.544197372317 
1.340347009768 
1.386119008542 
1.362737485635 
1.460607586802 
1.455168303528 
1.383523898101 
1.475800310828 
1.549751942800 
1.555189613872 
1.487972096188 
1.523621717589 
1.455047836759 
1.536626005639 
1.567552259589 
1.647156007652 
1.631342048995 
1.617558320681 
1.721338853413 
1.703990032079 
1.668383952290 
1.606566341872 
1.684293952309 
1.508359899260 
1.544658461366 
1.484743819286 
1.533424052096 
1.392590143601 
1.347820779089 
1.419557439344 
1.460467283094 
1.466927526941 
1.465925444445 
1.460243622369 
1.322062139613 
1.316968441091 
1.320336994987 
1.252832898768 
1.213342176955 
1.162046249067 
1.215803560885 
1.217081383857 
1.171919744138 
1.120340337200 
1.116903266445 
1.127486094208 
1.202436140997 
1.268110262893 
1.213553128002 
1.308338944785 
1.288245840289 
1.199565639543 
1.247991830680 
1.214208563463 
1.266679708235 
1.231565137052 
1.243953644179 
1.247550328022 
1.241732955378 
1.244313867423 
1.309793942415 
1.308040344742 
1.286937354769 
1.274451275988 
1.238170976948 
1.253256942221 
1.246003464747 
1.269978023196 
1.241958730685 
1.341341908738 
1.351380339029 
1.338693747632 
1.511745540293 
1.598717261074 
1.521383719181 
1.604927993797 
1.484692038713 
1.488324286349 
1.472853812756 
1.473064380435 
1.523876920857 
1.449407370140 
1.612460274242 
1.580394978659 
1.623320363201 
1.666664108439 
1.627213786193 
1.610973631798 
1.647044659128 
1.659339848544 
1.603330683797 
1.591775597652 
1.575267958760 
1.471821328005 
1.492060507778 
1.568949236064 
1.582836320214 
1.583048520193 
1.602158404821 
1.508448583102 
1.608190552808 
1.611728237397 
1.513640790891 
1.554504438520 
1.540043941702 
1.558891070356 
1.516890837355 
1.541390658664 
1.540933612733 
1.552333188583 
1.484730467750 
1.563436628394 
1.510541621266 
1.572477542026 
1.565970194060 
1.577757144029 
1.570282047158 
1.607280976863 
1.605834535668 
1.343653662517 
1.313445839122 
1.259687953664 
1.336713231650 
1.390892231925 
1.490302581530 
1.439225653252 
1.468101664993 
1.419714919406 
1.408234207326 
1.419459073630 
1.485981544520 
1.413560554576 
1.391587365530 
1.328706459406 
1.280151872915 
1.241665799564 
1.311628882389 
1.253083030873 
1.273167189079 
1.160357248677 
1.287583387071 
1.257490354316 
1.206448130522 
1.233120468848 
1.276553557728 
1.367353922703 
1.356619873378 
1.359347644091 
1.226589584289 
1.213054963936 
1.225188461777 
1.317089287232 
1.267743200363 
1.226043948074 
1.188255125278 
1.235581349281 
1.180705586180 
1.194721229907 
1.262173826927 
1.355861466055 
1.356752978669 
1.339540707925 
1.326281727898 
1.328054155509 
1.375169483338 
1.391652712340 
1.347573452850 
1.267859590868 
1.317951214656 
1.291425058552 
1.306928063327 
1.302030699736 
1.358203516566 
1.218064180652 
1.185642185713 
1.247697251433 
1.217530724548 
1.211593356673 
1.224262175582 
1.142462448042 
1.134910129946 
1.169421468353 
1.172393957358 
1.121305664355 
1.154024210174 
1.250680909564 
1.241696068634 
1.295267442292 
1.314373571114 
1.322536201489 
1.226251608187 
1.278117182597 
1.263628227683 
1.333682314164 
1.249224197697 
1.158548340125 
1.242891514706 
1.287387859926 
1.267863079185 
1.182978736175 
1.196092822420 
1.249931477087 
1.226164448451 
1.255322847113 
1.122187699596 
1.249117687572 
1.180849921301 
1.195360365745 
1.149987041513 
1.292622935774 
1.253498112828 
1.258093932545 
1.268655558179 
1.261158080445 
1.126423818896 
1.164152969746 
1.154033572253 
1.121701002959 
1.307910698379 
1.309347048498 
1.262927702401 
1.286632672415 
1.369088882091 
1.381758049612 
1.391944427583 
1.347078508646 
1.346435088622 
1.360001717650 
1.398259664079 
1.449660573464 
1.426876689801 
1.454961875584 
1.407710854155 
1.436184501554 
1.407347682366 
1.416424003509 
1.504380860100 
1.347903747300 
1.365378218681 
1.365414876378 
1.252402723826 
1.399576221223 
1.370098905549 
1.298145680161 
1.267429838907 
1.184277069982 
1.197729795145 
1.216563560768 
1.213305293526 
1.233273727557 
1.292892901848 
1.297021109687 
1.305032917263 
1.393844081356 
1.344746102446 
1.180020888007 
1.238375762597 
1.255231982930 
1.399389161990 
1.321106145781 
1.309648147113 
1.348140748348 
1.343792433066 
1.351793575085 
1.382118029815 
1.370037707741 
1.427759939488 
1.361375584350 
1.400810587590 
1.416153773358 
1.430342689001 
1.355594570554 
1.303970298770 
1.272397336832 
1.262654964293 
1.428583449995 
1.442367914558 
1.514539574747 
1.517951773776 
1.494036854909 
1.487707759675 
1.614574242208 
1.620989653279 
1.683675841074 
1.577861085489 
1.399365251487 
1.252674943497 
1.336981908251 
1.327157167206 
1.475726353815 
1.500430172416 
1.564306531694 
1.543281506910 
1.483503750142 
1.460752439307 
1.518992618404 
1.423730583080 
1.585584390925 
1.510181713763 
1.537420279875 
1.615138510022 
1.589025938251 
1.678801703671 
1.564142705869 
1.373220568187 
1.379894281292 
1.499742810370 
1.528201172578 
1.466462539007 
1.439034130607 
1.446630937341 
1.476592211769 
1.512548658507 
1.576276508319 
1.514745773809 
1.470219813130 
1.484587461655 
1.503338050987 
1.477993034030 
1.336126612628 
1.278477504099 
1.340119799416 
1.353137174146 
1.361103127559 
1.339010259015 
1.321770848947 
1.357858075795 
1.284899064485 
1.280994452240 
1.244488212343 
1.195053520126 
1.218602921715 
1.264489525235 
1.206484073561 
1.082337090592 
1.221199823946 
1.216744108196 
1.174402866656 
1.202518486074 
1.203310724145 
1.170607672861 
1.125081360390 
1.171272723847 
1.226419346111 
1.243021273106 
1.239912038183 
1.250278677351 
1.249504605088 
1.233359348586 
1.220480354142 
1.211915152593 
1.182634981827 
1.202742140807 
1.250531089378 
1.236712635052 
1.335417162675 
1.366809035425 
1.348951867480 
1.373383771320 
1.364775939558 
1.417383554360 
1.424794338784 
1.434910784267 
1.419990981471 
1.443345888218 
1.357642391604 
1.283473747790 
1.271312090743 
1.272593775756 
1.305043493699 
1.183517631158 
1.129178938053 
1.095178668386 
1.349353439916 
1.315361875209 
1.263971128890 
1.258773072775 
1.243441593128 
1.235634501717 
1.257447346462 
1.296474920702 
1.309179718432 
1.255339391381 
1.267926917523 
1.313943369107 
1.312625174202 
1.270903161266 
1.297112544106 
1.290410516979 
1.195214948994 
1.212505928126 
1.248974634865 
1.125206038930 
1.110061046001 
1.150165061533 
1.310555079648 
1.336110050419 
1.350989604313 
1.386047568278 
1.354345417858 
1.389378953424 
1.381346547640 
1.450876548247 
1.422033241530 
1.472315610552 
1.397291841807 
1.380208548169 
1.398774176099 
1.414078999377 
1.416179003545 
1.459231011848 
1.372467546000 
1.324111003645 
1.300451093389 
1.324135278577 
1.322571898653 
1.311201860160 
1.301317286798 
1.267916361875 
1.286880604646 
1.418491991206 
1.400875929355 
1.439086586017 
1.432790548968 
1.306384616430 
1.282569905086 
1.316655845337 
1.334042668278 
1.352967985284 
1.462296294806 
1.519591051774 
1.448442469916 
1.355992712664 
1.328965800292 
1.239676774649 
1.229679681206 
1.284536274616 
1.307411481927 
1.282888061604 
1.314710906042 
1.314017293736 
1.323694356963 
1.319880636169 
1.253197846765 
1.267279536975 
1.289299381498 
1.273005211401 
1.271088732659 
1.140570288604 
1.244589187444 
1.237692318140 
1.278861192253 
1.267049456765 
1.249107850198 
1.313728756319 
1.298279645781 
1.301640197433 
1.294358163410 
1.308905295758 
1.274191478705 
1.312517961461 
1.271266111933 
1.267995797706 
1.259352640247 
1.326146056109 
1.320357319320 
1.355728140386 
1.382731190410 
1.445239773426 
1.410373230855 
1.438158281162 
1.405407896742 
1.360047587488 
1.433825360486 
1.488373780100 
1.299490251781 
1.286287741499 
1.191490656018 
1.183268343486 
1.243671265524 
1.294994464397 
1.220240538578 
1.216126362088 
1.224394394438 
1.216915428770 
1.066410114809 
1.121572363642 
1.054444347054 
1.017826888948 
1.025337393293 
1.021339408055 
1.070549516999 
1.137630776006 
1.134354571749 
1.128663714653 
1.204152775223 
1.120554768757 
1.073287523210 
1.038641847078 
1.660413101968 
1.486940217104 
1.360396908803 
1.346988651462 
1.379036295220 
1.224967781644 
1.224951606108 
1.219398239281 
1.300725086427 
1.364236400651 
1.292024554114 
1.396946196733 
1.308096087532 
1.365211979871 
1.367857722740 
1.213642498238 
1.274154406588 
1.339862875642 
1.354441942309 
1.583552942042 
1.358180942031 
1.364234174882 
1.383244995223 
1.456126676800 
1.310141920144 
1.236399900470 
1.274598956010 
1.313094986770 
1.339711383953 
1.286434930903 
1.348515197668 
1.118916108765 
1.183343959712 
1.197132247182 
1.180255207692 
1.446624078978 
1.779627638519 
1.722669739135 
1.558876689246 
1.637707222372 
1.679707966911 
1.730832600253 
1.647386843340 
1.608295096661 
1.623869963394 
1.622242200799 
1.508440306589 
1.527771594396 
1.449831906078 
1.455635935304 
1.269054823116 
1.438168557891 
1.401109099823 
1.386694167893 
1.354458766088 
1.431622162232 
1.396124097352 
1.378095118836 
1.348501052460 
1.182926656671 
1.305048001806 
1.314280415014 
1.337399349575 
1.385203936787 
1.502332144193 
1.351372465859 
1.316885312823 
1.254207709506 
1.302283497526 
1.410289879357 
1.353873390499 
1.270791500409 
1.342191795871 
1.338077500910 
1.343990448379 
1.264004069053 
1.277222530823 
1.284446184622 
1.240237353896 
1.086399671921 
0.995274476257 
1.227584126566 
1.182274401758 
1.169512091440 
1.161517644780 
1.190147529332 
1.296225121391 
1.397928915143 
1.442855530926 
1.391434174603 
1.374897679053 
1.370006010167 
1.311698516574 
1.360170790340 
1.332138401944 
1.406911481071 
1.370308309213 
1.381672645804 
1.441379596903 
1.427267493974 
1.380806523664 
1.344982578557 
1.346058088021 
1.373457362076 
1.452125489270 
1.427854516876 
1.428984053073 
1.354962155644 
1.175751879875 
1.224798102789 
1.337772791538 
1.322405902017 
1.502205954117 
1.354542107814 
1.318226475148 
1.166011114227 
1.279184809317 
1.206388495251 
1.192979734737 
1.177193249245 
1.165725662083 
1.140776109706 
1.179297549126 
1.233576611281 
1.267947460111 
1.177584251071 
1.215427074725 
1.198651784675 
1.162417091031 
1.160036534069 
1.201607352191 
1.350484876536 
1.326552172914 
1.339781737752 
1.159666459500 
1.608944507365 
1.538629367812 
1.504343548560 
1.385976101550 
1.521026604965 
1.443937308628 
1.437755275502 
1.515870793992 
1.575995971481 
1.385860685579 
1.474083049645 
1.511602582084 
1.511191122344 
1.365135260010 
1.317969958061 
1.275819809223 
1.231123668229 
1.167208219034 
1.194973375144 
1.095488353909 
1.175824292461 
1.096898208674 
1.125661715926 
1.144100211564 
1.172139042632 
1.416394635716 
1.328830255049 
1.299224062077 
1.243695841293 
1.190309783404 
1.065582201064 
1.103011824624 
1.237429059869 
1.251123011164 
1.215127022361 
1.220521317236 
1.314308758837 
1.254895234388 
1.303954372039 
1.279671912675 
1.323295233992 
1.257436693562 
1.232082425513 
1.272064050802 
1.276093541047 
1.342326932552 
1.066247713581 
1.002377060580 
1.080081953829 
1.036695055114 
1.157169782078 
1.114276337758 
1.151445695112 
1.164427822642 
1.185245332197 
1.173902422088 
1.192659145112 
1.216411663599 
1.212429387469 
1.232269047692 
1.240154739355 
1.271779155302 
1.210339313627 
1.253264106926 
1.378148130821 
1.402014283986 
1.374301447384 
1.244228717573 
1.292357942547 
1.251306922270 
1.151235822141 
1.145445342138 
1.122525603716 
1.109592569414 
1.295296844778 
1.086706210314 
1.115696493900 
1.003827706216 
1.064413849713 
1.115796841911 
1.151623211857 
1.183663090785 
1.109879497190 
1.225649903183 
1.252731488375 
1.340696684664 
1.281288724402 
1.247341507337 
1.211445878882 
1.236004173915 
1.228765174039 
1.311751994904 
1.274408853222 
1.284468258085 
1.129094736477 
1.159707606215 
1.118294733434 
1.134715274498 
1.096650815884 
1.182292553263 
1.206870145646 
1.146093874835 
1.063056019446 
1.156534263370 
1.185520212425 
1.247481296519 
1.176855843234 
1.138092612542 
1.219665824939 
1.179446845937 
1.074340619580 
1.108591019196 
1.049027093424 
1.184826549129 
1.143098110008 
1.274025697940 
1.401645983181 
1.283520429981 
1.292951569350 
1.376651054529 
1.430028122439 
1.437377303172 
1.318529298605 
1.282315723525 
1.312380509027 
1.244093752983 
1.105460196796 
1.087580108270 
1.096307722255 
1.118735275227 
1.074399756630 
1.121882204279 
1.114528436630 
1.114214896805 
1.066679547168 
1.090786245374 
1.080827698879 
1.164382554517 
1.126130626480 
1.082425658997 
1.183577670245 
1.253051164334 
1.241237157427 
1.152960505857 
1.214914588463 
1.159740322616 
1.224572701535 
1.226795477858 
1.199539338448 
1.207752962777 
1.171334009793 
1.186646434598 
1.019484280394 
1.149815268488 
1.143860648298 
1.193362743080 
1.302452975191 
1.262526488592 
1.273386601093 
1.278339119912 
1.360320924198 
1.325557235540 
1.291886432586 
1.242407130349 
1.166877424606 
1.154995697202 
1.140797244149 
1.279334920759 
1.169620741824 
1.150543500635 
1.115858930212 
1.147712394692 
1.052313352291 
1.245481596889 
1.227252801575 
1.293213827471 
1.309823719033 
1.398688804549 
1.397995239357 
1.478935730393 
1.331888235608 
1.345641975660 
1.377196401011 
1.376258042450 
1.405050155643 
1.355950579294 
1.402758915451 
1.459710756094 
1.458837900953 
1.505584539145 
1.517211279341 
1.580779824812 
1.455080980018 
1.461510176751 
1.389447797854 
1.384904474912 
1.373827115393 
1.307298785989 
1.362265117267 
1.372950113262 
1.441315100097 
1.479157703092 
1.434907673492 
1.463315663429 
1.514563742895 
1.465756420955 
1.427867911417 
1.441691781487 
1.440739569270 
1.350305675052 
1.346798866617 
1.392919567984 
1.475571686231 
1.582306100535 
1.675136036221 
1.343399652830 
1.275334957765 
1.195061625071 
1.208322241487 
1.202951836653 
1.171821006979 
1.217943302388 
1.171753482088 
1.203208217030 
1.184899886757 
1.176262613015 
1.290478020971 
1.364381435037 
1.391199551766 
1.347657516248 
1.269092472659 
1.247810686145 
1.328989518373 
1.354734591431 
1.365871177919 
1.355498221189 
1.484685629423 
1.558917130619 
1.569667534331 
1.517977274770 
1.504069615666 
1.459673265160 
1.473019614547 
1.415415550433 
1.411305760968 
1.220490356997 
1.057577222606 
1.075693625686 
1.222078237799 
1.305037918993 
1.333504271352 
1.180515712934 
1.093615002275 
1.215103954423 
1.332377652719 
1.480791453032 
1.520950547041 
1.464649663978 
1.316035746781 
1.079372790229 
1.107518202100 
1.130980199967 
1.143534615021 
1.430774550723 
1.557543316158 
1.387002799171 
1.448681742420 
1.449030084596 
1.470348313021 
1.479503342695 
1.430499872998 
1.439417443889 
1.476722770324 
1.542846215748 
1.728628159194 
1.649177648263 
1.566496448239 
1.548299062855 
1.433269754718 
1.518067585388 
1.439761693995 
1.438510298653 
1.447766575249 
1.378123839937 
1.415604285321 
1.325031935952 
1.294577279155 
1.337405192785 
1.299042900259 
1.315098625623 
1.240117431136 
1.197392766685 
1.100757353320 
1.278629828448 
1.237572874390 
1.263263512114 
1.209365388740 
1.258018775863 
1.217206056230 
1.227346854953 
1.340849579419 
1.272063060713 
1.186670517395 
1.254229471587 
1.270740925044 
1.210770490518 
1.144484256222 
1.204213999489 
1.214415120200 
1.251241811070 
1.462242659092 
1.369071225890 
1.531485020365 
1.430321614643 
1.470191062008 
1.520022723852 
1.275327076672 
1.276642308930 
1.266519756422 
1.233661143973 
1.272503951445 
1.175939303173 
1.252414767559 
1.078804054936 
0.997119656334 
1.141755338816 
1.370717534088 
1.421360640815 
1.341142099067 
1.350759475459 
1.257636605911 
1.194994467431 
1.360390968957 
1.163459817938 
1.430885695203 
1.492849768539 
1.553489416514 
1.517410829462 
1.541403635974 
1.635399939886 
1.575095793523 
1.813984427640 
1.804317159554 
1.824551427698 
1.730577400687 
1.855867867111 
1.873376831228 
1.806034908189 
1.798995264525 
1.678853924050 
1.869589029251 
1.905243946220 
1.773939253085 
1.841096592880 
1.744207917859 
1.813938640091 
1.721113530311 
1.772899840880 
1.646940379268 
1.638219639521 
1.558083854487 
1.392945152147 
1.444730160480 
1.488228474636 
1.497540747814 
1.428434939002 
1.342850878394 
1.293087977351 
1.193578120269 
1.183732853384 
1.215283612234 
1.195509537017 
1.181716299055 
1.061324332104 
0.968370680119 
1.092883754835 
1.082316320646 
1.062374185473 
0.965014255811 
0.979875350872 
1.065840008100 
0.960744124980 
1.011859568448 
1.109688906898 
1.188342586645 
1.188269790096 
1.196067058606 
1.199670342958 
1.196703343469 
1.226621442846 
1.230120547019 
1.295351492450 
1.365241163642 
1.414683239125 
1.394080237291 
1.376539269154 
1.415592690738 
1.360871988416 
1.341998390461 
1.277149735586 
1.208981603538 
1.255166794251 
1.200954629299 
1.228647508898 
1.203669758012 
1.164484662234 
1.197233815174 
1.285848947803 
1.212585793897 
1.112669958632 
1.074327146575 
1.338056145805 
1.417813198045 
1.391337245123 
1.190692994149 
1.079137654842 
1.171556425018 
1.054414157934 
1.121595341331 
1.157978172963 
1.349682683657 
1.585957475430 
1.302402625262 
1.497362620095 
1.397168262288 
1.521274442953 
1.390665792148 
1.341991150816 
1.366655853931 
1.276017215853 
1.268874726905 
1.157697140878 
1.115443423737 
1.163145458285 
1.155210422418 
1.301666364300 
1.348021737098 
1.367762285718 
1.345596664452 
1.270972466297 
1.155459439861 
1.222651461677 
1.266207921794 
1.271122821924 
1.202173915029 
1.239835594108 
1.337877938606 
1.357909580085 
1.366409174579 
1.175499561892 
1.152334695011 
1.236983786774 
1.244652768711 
1.225738476413 
1.257060101177 
1.203487865075 
1.219835089310 
1.235982478057 
1.309721120431 
1.315515955474 
1.310029044270 
1.299543159085 
1.288113554204 
1.290932357944 
1.325142505801 
1.301843972537 
1.327596482146 
1.347450164288 
1.335475760940 
1.198060330853 
1.241356799311 
1.251052572385 
1.160247745544 
1.318463699534 
1.274900744069 
1.307353842624 
1.324310045402 
1.277457311564 
1.287850095001 
1.289132218462 
1.247105190040 
1.306368042851 
1.326435797887 
1.446648356596 
1.370804277902 
1.392931563077 
1.248410843479 
1.251017192950 
1.207187472416 
1.208850597828 
1.205811609004 
1.165939816265 
1.116179584999 
1.061953407719 
1.069276277999 
1.151092482371 
1.197915471171 
1.208101134057 
1.299372443714 
1.209359721214 
1.185702712521 
1.196367055478 
1.152801013938 
1.289669011553 
1.332879998377 
1.286056180238 
1.449846177910 
1.350741388022 
1.371935952149 
1.320407973659 
1.360785444015 
1.372754447186 
1.361613900160 
1.334092756073 
1.337592120316 
1.383833371002 
1.453748516801 
1.415975403178 
1.347111029259 
1.351620960264 
1.361772329969 
1.427743521297 
1.378260389475 
1.415487492998 
1.445557153442 
1.328854840850 
1.286914309026 
1.219033036667 
1.193369639335 
1.338183760779 
1.321116856558 
1.346983344181 
1.395126876713 
1.388196204092 
1.378743338735 
1.338708115058 
1.251513563014 
1.226161970853 
1.318606378676 
1.342768072684 
1.428097165916 
1.383343818830 
1.403861874328 
1.393118597311 
1.341858372536 
1.306928697680 
1.384447637790 
1.359852458773 
1.417966967847 
1.260284868589 
1.380250491341 
1.419676802858 
1.412437691405 
1.402749278950 
1.384874551043 
1.377847629560 
1.316176206217 
1.366857665879 
1.478084909640 
1.425650932104 
1.444872405057 
1.454113005867 
1.512909077775 
1.548053812556 
1.382614349735 
1.306703429181 
1.281248641884 
1.340272887570 
1.384395744473 
1.383912278157 
1.456940597590 
1.389563798292 
1.397646237531 
1.405520263294 
1.319704362719 
1.297291769389 
1.212158427137 
1.363768940637 
1.379136322239 
1.429761775080 
1.380153092899 
1.362985786213 
1.341945519875 
1.319823269310 
1.284748633048 
1.382724275498 
1.397609248227 
1.381195352199 
1.349028355770 
1.387343393465 
1.265508719971 
1.211916354825 
1.265092251925 
1.219314032647 
1.215608874994 
1.199874686466 
1.212096536212 
1.210490606813 
1.220478170286 
1.219390399657 
1.127281154581 
1.174861092790 
1.177595499071 
1.111424931441 
1.162591926842 
1.350249869501 
1.348505939656 
1.344183363606 
1.222679807819 
1.103407307822 
1.164942600545 
1.147950882961 
1.180713254977 
1.146332309349 
0.993661951144 
1.020651857961 
1.076427511831 
1.137337837007 
1.137337837007 
1.113839349001 
1.038001813393 
1.089791504730 
0.966050614893 
0.967610837355 
0.995865482936 
1.221583395105 
1.426957914353 
1.241164617510 
1.267259495627 
1.222340329849 
0.864028830299 
1.287276851568 
1.325056120545 
1.173489347963 
1.349314371592 
1.278631306138 
1.369238163418 
1.469637247262 
1.324200324988 
1.435458991422 
1.339167492140 
1.382968553236 
1.317708959645 
1.284784384794 
1.147382224552 
0.997540825933 
1.240814494661 
1.168382559310 
1.025957877857 
1.100634369661 
1.319162464261 
1.381539905374 
1.241993260671 
1.332319087616 
1.279660879535 
1.312344490551 
1.247395145284 
1.210305969984 
1.319963357673 
1.567213674706 
1.615943514737 
1.589821563801 
1.579262060037 
1.441437173875 
1.551263657359 
1.591454492431 
1.518715229700 
1.668998660119 
1.615112008462 
1.662689871703 
1.648213530867 
1.484392420338 
1.342845287377 
1.370785183315 
1.486226560682 
1.468084180517 
1.469550320167 
1.543372745365 
1.496179784281 
1.418666601354 
1.545758138883 
1.504860116070 
1.504604081794 
1.495811882614 
1.187320339580 
1.034858988789 
1.152713784825 
1.312400251519 
1.291836088208 
1.331358854216 
1.256226842582 
1.217238358251 
0.833281746104 
1.046409818137 
1.088437806162 
1.095065987962 
0.906032546157 
1.164804756904 
1.321880117815 
1.298272023890 
1.309459902620 
1.289265123243 
1.311001780471 
1.522312298382 
1.516845307856 
1.205745259024 
1.192688281279 
1.182782451148 
1.237741891019 
1.221972090873 
1.179650050923 
1.277658647648 
1.274542905454 
1.264113440021 
1.265623323414 
1.281849433122 
1.191654474978 
1.128363962375 
1.190874662603 
1.107096314684 
1.044606599734 
1.363789622448 
1.351409377644 
1.360315520210 
1.588086918329 
1.594851946871 
1.659261623991 
1.758525985548 
1.689026505677 
1.449998127835 
1.437620094648 
1.349672839045 
1.481054998425 
1.396982049485 
1.420786301687 
1.408494896048 
1.363490411812 
1.398769402697 
1.305072868883 
1.300902883076 
1.283811794500 
1.326588149785 
1.326315275757 
1.295882526038 
1.234262155925 
1.217199893136 
1.232021425856 
1.165875046600 
1.163174049669 
1.138060840384 
1.181371355003 
1.192875419898 
1.217780266637 
1.227024965762 
1.268984212945 
1.261762871738 
1.350822910167 
1.338229308441 
1.397975608206 
1.339446766109 
1.358921480534 
1.323741507901 
1.336496825246 
1.338220686594 
1.405358883306 
1.485296559596 
1.379890553651 
1.401596985884 
1.421574921906 
1.397689413391 
1.403785082704 
1.430548842915 
1.546005109454 
1.539498436390 
1.574684947096 
1.688223715937 
1.618497960568 
1.538219294503 
1.581282976491 
1.564641773053 
1.511140026482 
1.517116104151 
1.550895467992 
1.362695966181 
1.335154764073 
1.430262563574 
1.389199988989 
1.415191560488 
1.402513836166 
1.448385124523 
1.340831570447 
1.239356459921 
1.255092661615 
1.231379136606 
1.206082381309 
1.032829588805 
0.948248807636 
1.051661924802 
1.248069677665 
1.116628295065 
1.280046464992 
1.289055447754 
1.306638254679 
1.297644579046 
1.270100605855 
1.219146307221 
1.288495214542 
1.302901538685 
1.343110719158 
1.356463695442 
1.319502370090 
1.270867115379 
1.247719741704 
1.179177943864 
1.255168189095 
1.131827305735 
1.193551797796 
1.160076505900 
1.222210325895 
1.181676292010 
1.319492146127 
1.370204875603 
1.408447144524 
1.421250113862 
1.446172810483 
1.463157888639 
1.453317000789 
1.452211472735 
1.450712109639 
1.454405424316 
1.506749910883 
1.506923777467 
1.504063311849 
1.500540795306 
1.456572272237 
1.465415684361 
1.578088909558 
1.596569913426 
1.625226579732 
1.500166177034 
1.507969870505 
1.548830952470 
1.477836246717 
1.526056735326 
1.449598285517 
1.438832460934 
1.430616203319 
1.397911729509 
1.420267367055 
1.394032301818 
1.375335196405 
1.395014713646 
1.371142677015 
1.427845303336 
1.408874787947 
1.430384040690 
1.408695483036 
1.337415268462 
1.353113080819 
1.376436961670 
1.317192443625 
1.305233065964 
1.278926686263 
1.274381646659 
1.276062520692 
1.192577999285 
1.203219644207 
1.216493517237 
1.186795761605 
1.210894762931 
1.209310993073 
1.241948492988 
1.253283801027 
1.226133165666 
1.250288727648 
1.318659140778 
1.316435344294 
1.327114099977 
1.281074935208 
1.340925380535 
1.460698376193 
1.455683907710 
1.442345973628 
1.547976855517 
1.449111600995 
1.560248363741 
1.543689850891 
1.454450374585 
1.479703664249 
1.498027114492 
1.543472192040 
1.537113794095 
1.531004314285 
1.567226994861 
1.429094343028 
1.379870114171 
1.377713835297 
1.368308053638 
1.354213636414 
1.366618947066 
1.377605638807 
1.375578568957 
1.342652442431 
1.303660442402 
1.307053873882 
1.284294889069 
1.304282192144 
1.298453048441 
1.249078494658 
1.258388848766 
1.268040952008 
1.289057112651 
1.289009411514 
1.288280178697 
1.289909582691 
1.275957335701 
1.275812634613 
1.294467269603 
1.311289079571 
1.335582818502 
1.352126749264 
1.323299789982 
1.304454629430 
1.306202505047 
1.308955962262 
1.306690056783 
1.307645434959 
1.358310579755 
1.341253697738 
1.340953435928 
1.360145924365 
1.375716111820 
1.395472773727 
1.432399948861 
1.396639269839 
1.364020389198 
1.355453553574 
1.357955475735 
1.347759112334 
1.328554515671 
1.341560437102 
1.344186402724 
1.352690083063 
1.231376780355 
1.236420040939 
1.238807860188 
1.242933721918 
1.235891195746 
1.235164469461 
1.252236266487 
1.254831470605 
1.262484593493 
1.217569186993 
1.220677528134 
1.207218978165 
1.224336725540 
1.254679534491 
1.262377806838 
1.283613933264 
1.281809643441 
1.280019092629 
1.257037059974 
1.260084035652 
1.282147422388 
1.344867341897 
1.318860473277 
1.249134522641 
1.169869983990 
1.154881190288 
1.199467772394 
1.161115173602 
1.146115279191 
1.156111025392 
1.115149610272 
1.119182391686 
1.122476941596 
1.142515056632 
1.223974365941 
1.211967189401 
1.238001769741 
1.165175083247 
1.155202149294 
1.200512160707 
1.209687116015 
1.246319046239 
1.264945432562 
1.300957802718 
1.324959921224 
1.356119473463 
1.376792871540 
1.376753670540 
1.373793993757 
1.313831013739 
1.310903860109 
1.287497815739 
1.234894558471 
1.218772833960 
1.224652623774 
1.207822719499 
1.225763993911 
1.246361235025 
1.122979703355 
1.101096420165 
1.093366244828 
1.136716094224 
1.607131101416 
1.581262404388 
1.511166984055 
1.424468602734 
1.404328468368 
1.226538562197 
1.172396474225 
1.077466597836 
1.048061006498 
1.158552713783 
1.320586979074 
1.448791511371 
1.436680355512 
1.324468479432 
1.235101302310 
1.231786018083 
1.164112213286 
1.210832998394 
1.215449239275 
1.345866412906 
1.375774871954 
1.437218451982 
1.317719628462 
1.273522211863 
1.264462965217 
1.247237063706 
1.097542581426 
1.266622000034 
1.269394472031 
1.399589413070 
1.506425877040 
1.481076277879 
1.396713132642 
1.377564876472 
1.241669219889 
1.096519959328 
1.062831196451 
0.891987992979 
1.154705351723 
1.027184058812 
1.123152535272 
1.145905139440 
1.023240192688 
0.963623527169 
0.891626031615 
1.077841602542 
0.897991825525 
0.996794804697 
1.000215409779 
0.553283777487 
0.907669714531 
0.979057429483 
1.214865164658 
1.210119746462 
1.262060945882 
1.372761965050 
1.297170064372 
1.381447579619 
1.380982871731 
1.378296487196 
1.481914471669 
1.281315079445 
1.272791347405 
1.193498696461 
1.187145005587 
1.246673913887 
1.249858395956 
1.290434660852 
1.277804986948 
1.301995189432 
1.391842113665 
1.377458328516 
1.336860345411 
1.338399546110 
1.334921010187 
1.300988127486 
1.291105953159 
1.300471113829 
1.280832809209 
1.292559678899 
1.275379919006 
1.330007637613 
1.434105690283 
1.386381692336 
1.436348356591 
1.483348638992 
1.472753090835 
1.481951579408 
1.529932453072 
1.541018041095 
1.530915187461 
1.531950360780 
1.541010884037 
1.574715662419 
1.761680087067 
1.695591917802 
1.720132045713 
1.688818621092 
1.663664548480 
1.510521338075 
1.576071277571 
1.550281370320 
1.600195991313 
1.552296248210 
1.524001979797 
1.535947674799 
1.639363923280 
1.569945395959 
1.438010169795 
1.469711180500 
1.498418816080 
1.496910750491 
1.512830674723 
1.482567285476 
1.429848608253 
1.483934500760 
1.402462447018 
1.308556490772 
1.249074144115 
1.357890670036 
1.317809680592 
1.354058992179 
1.335677001062 
1.310046802589 
1.291275801363 
1.278048935954 
1.337291058277 
1.177253613165 
1.106468730433 
1.195998653297 
1.220136641731 
1.313675900517 
1.308522855757 
1.294987137655 
1.282636947412 
1.276732009877 
1.340870392361 
1.296615896787 
1.290677299293 
1.258816605069 
1.339253653517 
1.224854094232 
1.264112859459 
1.118369273958 
1.141243681001 
1.145320075029 
1.129266357809 
1.156069045142 
1.238578644531 
1.218659367480 
1.158576418670 
1.411311554309 
1.433557839098 
1.337536114076 
1.372493874176 
1.312958404513 
1.298709774706 
1.269158826093 
1.299170460146 
1.346433662960 
1.388876397062 
1.348416061515 
1.280826697452 
1.383808990788 
1.296837259286 
1.275264650975 
1.285452046555 
1.282637635512 
1.277613053840 
1.292395711393 
1.262772940905 
1.299369766980 
1.394362314123 
1.381552587082 
1.410584899180 
1.404120276055 
1.298528157242 
1.476024839425 
1.486468671262 
1.451352224301 
1.428057738412 
1.372972079536 
1.361807530622 
1.386654015409 
1.133550405748 
0.932073509197 
0.996885141956 
0.898602759788 
0.962367310802 
0.867064600584 
1.135202530621 
1.439217601452 
1.476062524051 
1.516697498052 
1.508258336210 
1.516581922638 
1.503543808588 
1.380310414720 
1.333026445918 
1.252330016242 
1.250438493566 
1.204267939329 
1.192496922368 
1.145212368178 
1.135929824223 
1.029301767204 
1.149272453197 
1.174019715465 
1.296091884999 
1.220567882624 
1.191656860746 
1.015354616888 
0.949484611183 
0.920856014820 
0.888033284678 
1.100510467324 
1.084837525412 
1.149992568419 
1.034293366141 
1.052682998587 
1.154342907420 
1.193969466471 
1.190714649660 
1.233326076652 
1.259832689257 
1.272911863799 
1.312010598415 
1.283918546007 
1.224298011738 
1.194818566979 
1.082619055985 
1.145004405162 
1.122807049292 
1.042931637208 
1.019574991707 
1.006445143374 
1.030419486229 
1.076112361443 
1.076165360117 
1.089017378491 
1.123174798219 
1.194723971425 
1.189312898558 
1.215330827426 
1.242473337919 
1.220386561038 
1.257896669662 
1.248982013299 
1.263137551031 
1.283013242011 
1.300294747273 
1.320414330862 
1.331250060694 
1.358787456323 
1.348051140911 
1.346326647697 
1.320613998045 
1.296585741907 
1.306078900285 
1.294723140101 
1.289820571409 
1.256473279925 
1.294449697335 
1.301586682505 
1.301586682505 
1.298924529965 
1.298959092065 
1.299495504267 
1.305932625274 
1.327595273585 
1.356203083544 
1.350865431232 
1.344943620492 
1.284675105880 
1.243965563413 
1.180418960396 
1.150333199176 
1.158616167604 
1.177029151530 
1.146632917814 
1.142846749901 
1.150538085236 
1.149831508410 
1.160934535232 
1.095407777912 
1.107542368680 
1.107600037600 
1.095837857629 
1.106722305266 
1.112062860653 
1.164922540416 
1.129794867861 
1.079872084071 
1.070838433182 
0.960204623265 
0.991676962957 
0.987117557380 
1.011283597501 
1.158995079647 
1.091460701237 
1.142558359217 
1.112721142265 
1.046991491037 
1.064482084549 
1.163735605438 
1.127690262372 
1.093350460506 
1.196895986598 
1.158396922175 
1.215874279955 
1.193839467273 
1.184323565660 
1.177826924414 
1.180115543161 
1.165311023597 
1.157432380169 
1.152417780513 
1.151337427358 
1.170341180740 
1.156166914684 
1.152087769431 
1.161096947669 
1.160402952999 
1.150817010118 
1.104741231344 
1.275503359086 
1.303063661947 
1.310965218154 
1.371903173545 
1.377479687239 
1.412546272649 
1.442308816095 
1.448882670484 
1.468969197789 
1.493156461773 
1.568729693009 
1.551577951206 
1.579952749349 
1.580835009118 
1.584335494743 
1.679013926923 
1.669117250785 
1.622097305884 
1.627672529432 
1.617723996314 
1.600475854900 
1.515600572753 
1.478632022677 
1.489763872270 
1.523821552679 
1.509892069204 
1.518414486589 
1.554538812917 
1.435845546648 
1.599996991046 
1.599996991046 
1.572753295071 
1.566353022044 
1.388890093542 
1.432097009013 
1.662247337222 
1.517179437301 
1.477689173905 
1.518728283507 
1.585038803409 
1.374347267802 
1.342597938180 
1.362933685665 
1.367421692640 
1.292893482913 
1.271927695062 
1.253982800725 
1.280536269042 
1.295654872584 
1.373896408669 
1.413428595747 
1.395921856020 
1.387985867454 
1.386187807281 
1.382405634286 
1.699466632993 
1.752017127553 
1.496921385159 
1.332435566552 
1.304458723978 
1.247630747535 
1.270794500975 
1.307042669481 
1.354143782778 
1.463480064801 
1.319217761809 
1.373702149799 
1.523161328767 
1.552706984939 
1.677379493407 
1.576759025901 
1.447709920155 
1.358138169166 
1.288560483750 
1.089434341109 
1.225521781819 
1.293722424163 
1.236336692285 
1.366554468588 
1.308498158966 
1.248176451020 
1.185627453270 
1.085772759921 
1.143891319928 
1.124379624486 
1.249304080790 
1.227384624689 
1.104879458156 
1.106323369776 
1.141381306435 
1.102592218673 
1.052167368372 
1.211392891732 
1.082092893015 
1.180436868326 
1.138057045490 
1.054799283226 
1.218133059719 
1.134455821545 
1.143934557205 
1.201390190945 
1.214530100704 
1.268286237292 
1.303289984074 
1.403528267316 
1.275171012568 
1.279150106332 
1.208003513208 
1.313203558866 
1.339209739555 
1.270219308059 
1.329252055588 
1.229397952726 
1.245235357679 
1.246757227955 
1.540158670710 
1.452976412049 
1.393097207874 
1.327562302857 
1.372742376765 
1.428938808621 
1.369256345623 
1.361215186193 
1.377489647141 
1.271481591526 
1.202548161772 
1.209746094014 
1.390802161255 
1.242284736765 
1.197670224354 
1.282085347841 
1.228072647425 
1.292353660807 
1.299940131538 
1.306810288424 
1.324309346917 
1.330132484429 
1.408935224226 
1.387478433772 
1.384190920194 
1.346576597087 
1.298026796659 
1.300514755168 
1.259169727186 
1.271660339736 
1.275004220634 
1.457166237822 
1.436478709911 
1.370482594342 
1.385708524564 
1.521192441229 
1.506685152387 
1.439754336566 
1.471918679547 
1.433799923962 
1.448533703454 
1.342707642740 
1.211475457661 
1.195018199210 
1.231995956902 
1.154012811407 
1.121871537651 
1.093166967801 
1.103066453100 
1.108341323619 
1.073005947221 
1.180774558756 
1.193819695061 
1.242261100214 
1.269939102875 
1.255957716881 
1.308542263497 
1.411349303515 
1.533581179769 
1.523636446929 
1.492458571365 
1.474883780216 
1.465465135437 
1.436949286898 
1.430934516367 
1.437603654534 
1.393666050334 
1.368808777635 
1.456467793928 
1.467275149517 
1.512619342234 
1.575888688254 
1.543972268256 
1.493326806887 
1.421867885592 
1.445524496929 
1.412941334398 
1.304331864097 
1.293543487451 
1.340500888985 
1.262352773654 
1.314254247495 
1.342203397292 
1.266812503511 
1.312365001222 
1.294487371234 
1.286130699108 
1.279212553693 
1.270190709245 
1.236101567751 
1.260947669120 
1.266598371437 
1.192562184359 
1.154457840067 
0.957960365790 
1.039201204770 
0.949067091956 
1.022855244317 
1.042620528034 
1.087506856452 
1.105326064213 
1.070641925422 
1.054126363107 
1.048178642372 
1.059972549258 
1.051037036921 
1.038409326496 
1.076003957206 
1.135579182813 
1.129339510311 
1.078417646835 
1.070325887705 
1.146304672524 
1.120117438616 
1.132910162055 
1.261755886911 
1.260464156973 
1.263267566095 
1.250795254419 
1.256350382689 
1.279245871220 
1.270343663739 
1.238015698506 
1.353959742219 
1.342230214544 
1.356923846826 
1.357274690573 
1.333793390706 
1.324949981850 
1.319520358912 
1.328239483912 
1.353736475465 
1.341207436699 
1.289742558053 
1.292228357270 
1.287725162625 
1.241494034756 
1.241535245873 
1.248249208955 
1.240952632751 
1.241037249188 
1.238309154659 
1.294325597947 
1.298441102969 
1.304854804993 
1.149145314634 
1.262165507949 
1.131453321305 
1.142027080579 
1.181314792442 
1.107267505117 
0.945443607199 
1.085817487038 
1.237791836959 
1.130333060479 
1.098504709465 
1.146276716447 
1.286350705591 
1.344164333819 
1.360827021241 
1.353230372802 
1.352835853660 
1.365883754416 
1.321518052969 
1.266505958391 
1.289156766261 
1.297185666669 
1.327628692961 
1.324756456277 
1.361847472425 
1.282095316998 
1.321113293562 
1.331935028663 
1.321869008575 
1.404314197676 
1.371502091893 
1.360536496707 
1.346841940826 
1.303521892541 
1.322186399606 
1.350163475442 
1.382532401093 
1.308423021852 
1.296546479736 
1.280831199023 
1.281497885079 
1.352238782801 
1.385357128099 
1.385211643375 
1.322997199123 
1.322972848144 
1.339570653677 
1.330232874573 
1.416214762423 
1.426407448562 
1.482768899684 
1.471012696092 
1.452645439485 
1.534133031042 
1.476447747767 
1.485657314796 
1.409945068740 
1.406378915030 
1.384370739074 
1.390877445476 
1.365154765939 
1.368180169844 
1.338031154069 
1.269132179927 
1.302995139492 
1.288615767838 
1.287449478400 
1.326819433385 
1.270951312651 
1.254173660403 
1.268355412169 
1.270341881465 
1.215493263892 
1.242502527053 
1.213991659108 
1.238323350415 
1.234396216628 
1.255197792630 
1.297851197004 
1.296193664030 
1.354978163007 
1.332214926869 
1.368731349390 
1.358602533535 
1.369965723013 
1.332562536107 
1.288634610784 
1.287963458890 
1.289054770877 
1.324773919666 
1.460231057154 
1.448665756573 
1.427996502593 
1.430685116396 
1.414004906508 
1.471396756985 
1.529764528977 
1.480197658908 
1.460408697461 
1.503088047143 
1.472633824466 
1.470903781137 
1.491478778568 
1.373557020519 
1.430156335486 
1.444976804457 
1.291209264656 
1.315294016535 
1.339531468751 
1.293214496917 
1.306643081541 
1.287428835018 
1.290076895067 
1.275865543433 
1.236892055249 
1.177780599053 
1.144877800812 
1.182205132455 
1.167198211834 
1.201064588594 
1.148089165642 
1.082949663429 
1.138760597818 
1.070165141449 
1.151792687272 
1.175546365484 
1.177254181844 
1.141037474789 
1.116811079182 
1.111937524144 
1.132038764570 
1.095845042142 
1.108121092586 
1.108447746799 
1.073310815395 
1.047550367073 
1.167335086792 
1.124902129469 
1.139187587578 
1.159265999365 
1.094786128140 
1.083379771871 
1.085894852772 
1.171032844798 
1.062458707613 
1.159078038407 
1.083610959576 
1.113635769326 
1.108798009986 
1.159430230631 
1.201458058591 
1.269885015218 
1.309257033861 
1.302424077435 
1.234062752424 
1.123812498376 
1.172865729376 
1.161221483374 
1.138073647920 
1.148421898427 
1.167744345983 
1.263624058181 
1.266386170898 
1.195727528460 
1.154805147896 
1.232762042117 
1.172189491566 
1.173757399758 
1.166151263061 
1.267212898597 
1.355746006253 
1.179844645905 
1.212965389727 
1.148012456533 
1.139926162629 
1.206371651823 
1.058879182927 
1.280756042039 
1.278510146752 
1.286575427426 
1.061089586719 
1.153837532491 
1.167055525696 
1.329740899808 
1.308328133661 
1.508696839515 
1.417999782846 
1.355622867781 
1.390435742161 
1.255397220564 
1.289215088761 
1.206188305650 
1.389323998467 
1.351795895172 
1.518876345401 
1.432581090313 
1.340697935198 
1.310843592538 
1.300065262647 
1.291216970049 
1.530959832025 
1.372941788535 
1.242368306638 
1.246332306171 
1.282128829452 
1.339780834084 
1.519030118313 
1.580157646847 
1.507895034579 
1.515337624528 
1.372861144254 
1.339621455971 
1.574478905007 
1.365105327860 
1.393493064835 
1.244204304689 
1.396774994355 
1.330753649854 
1.260398976831 
1.414424783157 
1.435942529923 
1.431065717449 
1.424183247000 
1.453248958252 
1.530800137613 
1.539371509455 
1.400970306329 
1.452020902986 
1.453803711284 
1.572380543199 
1.502914587438 
1.474036750930 
1.461130210834 
1.337213604469 
1.471488038899 
1.300934187871 
1.420443890839 
1.140691448203 
1.201166382760 
1.262222735323 
1.231660259689 
1.097873365841 
1.195449114311 
1.141991572381 
1.281647610336 
1.231402578533 
1.309699183678 
1.325296966767 
1.209556792735 
1.085889366843 
1.197946857104 
1.365076885157 
1.323031339613 
1.266727825393 
1.214004655368 
1.182494697100 
1.208482786767 
1.203052564228 
1.214505792076 
1.128747703044 
1.238271791173 
1.255077192907 
1.093576121122 
1.154360657728 
1.069800149178 
1.134269040999 
1.192983681910 
1.056117374139 
1.120932196199 
1.195429426153 
1.198397434770 
1.253722554797 
1.390369880203 
1.158914654009 
1.100898190674 
1.208476823117 
1.440151331217 
1.520510288505 
1.312685547463 
1.191588275943 
1.235286123846 
1.314683472912 
1.310257931377 
1.384751238770 
1.417120953809 
1.316271406468 
1.320940331960 
1.344833270443 
1.289550440165 
1.657023932261 
1.487605928072 
1.583364746423 
1.520373126683 
1.476197352638 
1.370258940623 
1.323391711306 
1.394866016476 
1.386777198807 
1.420232155641 
1.563373128130 
1.558516107926 
1.569162533495 
1.474606417734 
1.478555748927 
1.492508636965 
1.513117565105 
1.532452887813 
1.471312414897 
1.482605306968 
1.423423559613 
1.567068953007 
1.527414114383 
1.460670005187 
1.441971623615 
1.182701632553 
1.155864273531 
1.024820290853 
1.010630770048 
1.227491913884 
1.209122396744 
1.070560698758 
1.145577719257 
1.166514708611 
1.262650496858 
1.263785021099 
1.355350779587 
1.375609216139 
1.326509734138 
1.409892317045 
1.398145034762 
1.486337577834 
1.478714490378 
1.454438934423 
1.467652984242 
1.422565331353 
1.470791134053 
1.572871918367 
1.500783169104 
1.535608162155 
1.516854102465 
1.385314990763 
1.385587096486 
1.314374988970 
1.322302561917 
1.205923541483 
1.237592630049 
1.245423547415 
1.145111074156 
1.125329116522 
1.084741779501 
1.097260117802 
1.073275643700 
1.111932456390 
1.065837362752 
1.117320225756 
1.051297030058 
1.102165458411 
1.179480602368 
1.165598987379 
1.211664775567 
1.145098558452 
1.061552822786 
1.055711264407 
1.077897456631 
1.058188500125 
1.181715414576 
1.097599050280 
1.101437394553 
1.050841959529 
0.919509406173 
1.000318041042 
1.031023648630 
0.952647771161 
1.042577086382 
1.155251684253 
1.054011244324 
0.888938652336 
1.148442025262 
0.874232687470 
1.044239538721 
1.040193743514 
1.017503558721 
1.029298558191 
1.044750073234 
0.990580683935 
1.073640957430 
1.030979872505 
1.161861787568 
1.163011024095 
1.133612186165 
1.230513227916 
1.249224401551 
1.155203215449 
1.173790056582 
1.177560588791 
1.116789179894 
1.204610307016 
1.263384755796 
1.285901485268 
1.296852786758 
1.316593641909 
1.343584765227 
1.349080806970 
1.421202413045 
1.410535176907 
1.383563051298 
1.357389912749 
1.479586179222 
1.431256289564 
1.573391858626 
1.652635655137 
1.573224278461 
1.588439004432 
1.593640430019 
1.442937882039 
1.355667330108 
1.347195258043 
1.318215958359 
1.369769261124 
1.249451470451 
1.265418948990 
1.288013607019 
1.305105539835 
1.316030675705 
1.322511218738 
1.343773183779 
1.353768162404 
1.362054551570 
1.289563923683 
1.469341282237 
1.404481504988 
1.488968793304 
1.489930829084 
1.637261724739 
1.575213311559 
1.584715488059 
1.496852705846 
1.448455787737 
1.396707645536 
1.372232232121 
1.449705208194 
1.399449704034 
1.453726514469 
1.409227773240 
1.423909796943 
1.369990570404 
1.321046292290 
1.478021353405 
1.393195962788 
1.468020862061 
1.467846969920 
1.460497440106 
1.392087235422 
1.326100510257 
1.390255099884 
1.410388939020 
1.579444442380 
1.482190428019 
1.461403938986 
1.469133616292 
1.476363117064 
1.425113188800 
1.425924386107 
1.412034169061 
1.424053442403 
1.469869419957 
1.457098241982 
1.498503511879 
1.515000097190 
1.551924684340 
1.492954588039 
1.451041786711 
1.580339666259 
1.481923770814 
1.519105187523 
1.497759508139 
1.446770053053 
1.418381162158 
1.464349061178 
1.459763208448 
1.412002286717 
1.444162819914 
1.473536680296 
1.445862398284 
1.496689039639 
1.492102616695 
1.507129341905 
1.620220757403 
1.592796937135 
1.588021825949 
1.490840596831 
1.422060599434 
1.521378900950 
1.382344320802 
1.382351127433 
1.363145513084 
1.196904271327 
1.201889633965 
1.208342980385 
1.206037844736 
1.198185879934 
1.186764263739 
1.236395428392 
1.231644100284 
1.220785594100 
1.225920210058 
1.232184795627 
1.201980441022 
1.191530322950 
1.176172304492 
1.216726921371 
1.119498776410 
1.185288840523 
1.458106705464 
1.396168420838 
1.461879205463 
1.305218468224 
1.354659841681 
1.343551359645 
1.307833157152 
1.398005633511 
1.293537183518 
1.466098713699 
1.372455163606 
1.448345462595 
1.492095294717 
1.424098811682 
1.375633444015 
1.273330563085 
1.225436011146 
1.356542828099 
1.377112576366 
1.513877953002 
1.553780162905 
1.545187081765 
1.532830468579 
1.423713125505 
1.565566161208 
1.591023147362 
1.534834593487 
1.570932655915 
1.592400919078 
1.624957912106 
1.707978062436 
1.617146658309 
1.625640082001 
1.607773407166 
1.669177183914 
1.714112565490 
1.740787282053 
1.564241306498 
1.500610634970 
1.535273437879 
1.529816755356 
1.397852259364 
1.205586808132 
1.360875894192 
1.447980819288 
1.376116988976 
1.333672833065 
1.293034229926 
1.296956182055 
1.222745788695 
1.222255935401 
1.227878442104 
1.185599650045 
1.159726774455 
1.246215176740 
1.080696256683 
0.863590664632 
0.765743769410 
1.000458516948 
0.972231490873 
1.112936479483 
1.188687050603 
1.048463846585 
1.139207536669 
1.245000458624 
1.241435707215 
1.168328928011 
1.362151443794 
1.250394409191 
1.170549900042 
1.322113385852 
1.357042480649 
1.453218730317 
1.408465834331 
1.376205755079 
1.357155101429 
1.302701267096 
1.264547928402 
1.263844061212 
1.310724588163 
1.092116320224 
1.041243542447 
0.977047895259 
0.966148282684 
1.126684357045 
1.277817065256 
1.243473293772 
1.199027729474 
1.266229359671 
1.199696485416 
1.257859220120 
1.182293734067 
1.286109587645 
1.298077169414 
1.453547622010 
1.337863703342 
1.480729791645 
1.438474588474 
1.339347196828 
1.172224912650 
1.361323464084 
1.412662723406 
1.251430809063 
1.176192642032 
1.114622734178 
1.168439508134 
1.075310790582 
1.156852201654 
1.071347420787 
1.113580000040 
0.995905514755 
1.090689301266 
1.058841504332 
1.169451293059 
1.234601084214 
1.335795840933 
1.373925405986 
1.409136085798 
1.465441070515 
1.485274053240 
1.460999580621 
1.502709783487 
1.642470122869 
1.550672804514 
1.392662245099 
1.229298886189 
1.125689809641 
1.221073857471 
1.213910522012 
1.188026230195 
1.222257840070 
1.220543477458 
1.337588541051 
1.313130992255 
1.357183433684 
1.368371822884 
1.381380502461 
1.442363698368 
1.427412914550 
1.226900903143 
1.317487028346 
1.282436786822 
1.324356829917 
1.334322222780 
1.335613227550 
1.282710354343 
1.301230240073 
1.288747225031 
1.307812162122 
1.365163537222 
1.212629714644 
1.205142837429 
1.160899608167 
1.168446756706 
1.173748063160 
1.284051512485 
1.348769441644 
1.344844048670 
1.317378732844 
1.271808795400 
1.321037261901 
1.241513720097 
1.175275361082 
0.982862970475 
0.969007319900 
0.898496600710 
0.951464289565 
0.985906743623 
0.991529422918 
1.042830544494 
1.101978661735 
1.106567495828 
1.070255175127 
1.028082373506 
1.083662346969 
1.045338500223 
1.057496990288 
1.085977340165 
1.180676928455 
1.202228349679 
1.260560479884 
1.285970339344 
1.266153989589 
1.243100544017 
1.239886391966 
1.248288182801 
1.259883852156 
1.235462697278 
1.210483010304 
1.226892989408 
1.252050302929 
1.281534940581 
1.262929533276 
1.260807002633 
1.196029512533 
1.209765389631 
1.214672170739 
1.208867456683 
1.225278722777 
1.303658755210 
1.292217542809 
1.281298703505 
1.308662746299 
1.355600828476 
1.365126313957 
1.346048214536 
1.342343431045 
1.317203254558 
1.317739278979 
1.343695656739 
1.391328678809 
1.293692309744 
1.288038680225 
1.295674304286 
1.313107825762 
1.323370324671 
1.304447769896 
1.438156616020 
1.467875436786 
1.352834942840 
1.353206483179 
1.485419435442 
1.446269510593 
1.343513197224 
1.340501793346 
1.308252121989 
1.302210339820 
1.379038871930 
1.336090962631 
1.251550060371 
1.253253582417 
1.297519597306 
1.348680724638 
1.352096226531 
1.362986614955 
1.399667429765 
1.354311727587 
1.402810458807 
1.404168395109 
1.417578327436 
1.527837541854 
1.574733078018 
1.493972893528 
1.530929888256 
1.525851001963 
1.479165812471 
1.516901532383 
1.481741806703 
1.453247669694 
1.435033024584 
1.398524746860 
1.388168573099 
1.401807490508 
1.457682608080 
1.451234348699 
1.473512066019 
1.491547060908 
1.453847981624 
1.474730762203 
1.562213536492 
1.601947402616 
1.593760263103 
1.576272280244 
1.539615713512 
1.566554667925 
1.550546306191 
1.541430190370 
1.533481723539 
1.539251416124 
1.540761712960 
1.529034742864 
1.538349457630 
1.571016308304 
1.503148935973 
1.671768913080 
1.605611897305 
1.557109086538 
1.584235109705 
1.542289957609 
1.496789387267 
1.464045223191 
1.433405806407 
1.462581091260 
1.499176850348 
1.497145018358 
1.493221767853 
1.476326893545 
1.489987405525 
1.475612035248 
1.430358056061 
1.472925313010 
1.424905955332 
1.425473996939 
1.439222952450 
1.425983743761 
1.395554230370 
1.379365616002 
1.417363341317 
1.386485100005 
1.456673409728 
1.424639714593 
1.380578209191 
1.388217710683 
1.365114558081 
1.348481547303 
1.354679586972 
1.355625271224 
1.363359402585 
1.347899498822 
1.339868121891 
1.337146477971 
1.346004547750 
1.326563978773 
1.324150876713 
1.316095652135 
1.310650674322 
1.297780527129 
1.316896805135 
1.338390029493 
1.339053025950 
1.339473108282 
1.330525267182 
1.329164634695 
1.322123093072 
1.264237123453 
1.260989646506 
1.254794776346 
1.245752979424 
1.219943565872 
1.222775072809 
1.261298216901 
1.216529104652 
1.180488951951 
1.179338189844 
1.149112066491 
1.177729018640 
1.153342936100 
1.146682462984 
1.068985555331 
1.128022876422 
1.108071960435 
1.123537651864 
1.123476719121 
1.074218293473 
1.073018784976 
1.034054320298 
0.989421655257 
0.998586512124 
1.025053032632 
1.013084373258 
0.990462446487 
0.927835224029 
0.952205971206 
0.951766508232 
0.970065932110 
0.988885683607 
0.982588045564 
1.044988860086 
1.019680309337 
0.972619977906 
1.076446695151 
1.000933180537 
1.040332267049 
1.071173280028 
1.058443367908 
1.065088666283 
1.068799902751 
1.145267946782 
1.135897759942 
1.171790573519 
1.191636810776 
1.164348128772 
1.158963178353 
1.192657080983 
1.180986410282 
1.202959035466 
1.169939902257 
1.182332939972 
1.173199513563 
1.139069928267 
1.148068863582 
1.179754131026 
1.191925072613 
1.229214416359 
1.199513704514 
1.299945827052 
1.340000190928 
1.385777519343 
1.372087838523 
1.377371090384 
1.354782667116 
1.328798818294 
1.408336384814 
1.323268722337 
1.326930781012 
1.313912766570 
1.250868062793 
1.338898725557 
1.308650595226 
1.320916826699 
1.314519808492 
1.328134235442 
1.324513820039 
1.320828994852 
1.328581733717 
1.328787808334 
1.327196797667 
1.307936451753 
1.326324459549 
1.354980837482 
1.343274068124 
1.360076981473 
1.447353747535 
1.503582162611 
1.573966200725 
1.558872483146 
1.514192618747 
1.514192618747 
1.434330250130 
1.444869225290 
1.426950667388 
1.426955839404 
1.238102301352 
1.328182742934 
1.167477561372 
1.161212783540 
1.315921793920 
1.285208398469 
1.318659962266 
1.279291383759 
1.051449126077 
1.035134286210 
1.286601974839 
1.250059578238 
1.263980102479 
1.269689944121 
1.331321424705 
1.359396999406 
1.286403492223 
1.338809090907 
1.358161357274 
1.182996027319 
1.269117871674 
1.339063888447 
1.233215874411 
1.186213370928 
1.170135378216 
1.216448294160 
1.226770639254 
1.220146955467 
1.225222064794 
1.224589400963 
1.214780329851 
1.131244492713 
1.139682863458 
1.140850210060 
1.126580892649 
1.171577093534 
1.241719240063 
1.173059104043 
1.191225847560 
1.185596107753 
1.169856371479 
1.194627972846 
1.285486380361 
1.242239027505 
1.284733585945 
1.259001281238 
1.235623897109 
1.267005101965 
1.266015939805 
1.269974425007 
1.284101552650 
1.337245941067 
1.354160268063 
1.355989845849 
1.319646141932 
1.307722082690 
1.310871066485 
1.298943790136 
1.350391178251 
1.340439787671 
1.337950118534 
1.318606092571 
1.332498188705 
1.323849170688 
1.310795593835 
1.301012789149 
1.371570628840 
1.370822881825 
1.372344228783 
1.346671676885 
1.476659778665 
1.535572824762 
1.503061633612 
1.411429190023 
1.529327882232 
1.540801025893 
1.540352399469 
1.558442562865 
1.680503687023 
1.522669360789 
1.449623432892 
1.332462305990 
1.479429344733 
1.503763057886 
1.528352450480 
1.516642465532 
1.517487730146 
1.536621577536 
1.538119860431 
1.534658435343 
1.536452230968 
1.489764125637 
1.460101912610 
1.430967980492 
1.450290655159 
1.403452143595 
1.430879553299 
1.483837173776 
1.590891991521 
1.481130348067 
1.486068514652 
1.508886900283 
1.464867769022 
1.481827710765 
1.397822053021 
1.453993640279 
1.413589896671 
1.575317945985 
1.561883851021 
1.556078833119 
1.547056312522 
1.609116894861 
1.499593943442 
1.423589435431 
1.495888726279 
1.461560564135 
1.469070353263 
1.462332706289 
1.387013590226 
1.329159151547 
1.267934302208 
1.247498589498 
1.418288756180 
1.349236769120 
1.403076666814 
1.519071409300 
1.425419716961 
1.477176457105 
1.544800996117 
1.420143252464 
1.396484961509 
1.427876702356 
1.290833183851 
1.303253115261 
1.327186277350 
1.316587257645 
1.374999879207 
1.108919442614 
1.110717705492 
1.068547971011 
1.256535534725 
1.257886206031 
1.355422114806 
1.188850953349 
1.330538358469 
1.307747176176 
1.304202352000 
1.322799411354 
1.188371790843 
1.236356370101 
1.348992002328 
1.460019671284 
1.415565563183 
1.393776814829 
1.281575134600 
1.035120612958 
1.142705689389 
1.209121139978 
1.174392567742 
1.172952615984 
1.145541203284 
1.155127119637 
1.021916773029 
0.988911034463 
1.044037141666 
1.120513477091 
1.233884423463 
1.109039619514 
1.081845811458 
1.063973757594 
0.979871642500 
0.894284096894 
0.983530202425 
1.027658218151 
0.987886156148 
1.076906894547 
0.932350187272 
1.138017434344 
1.084955418012 
1.125152344715 
1.119757135932 
1.128402556676 
1.207591017526 
1.210796389574 
1.358180037943 
1.356342558771 
1.348507372098 
1.261583827757 
1.249506895494 
1.316954756367 
1.265780771177 
1.233992829811 
1.259738352718 
1.255909966694 
1.266225378520 
1.284067857904 
1.332779264715 
1.334338402438 
1.341680825574 
1.406597753558 
1.457667108303 
1.530991572170 
1.424243183632 
1.277380702224 
1.332249263772 
1.334711452104 
1.315760229446 
1.475764857857 
1.403321277833 
1.392472804653 
1.463091509968 
1.431101936004 
1.453737368000 
1.443581065586 
1.448367585725 
1.426952300501 
1.399073846376 
1.418585562549 
1.378176158801 
1.385289715144 
1.367514622937 
1.382555562022 
1.318714519135 
1.302692752204 
1.402500785305 
1.378890455909 
1.378727870006 
1.364057291166 
1.388522917694 
1.364011279307 
1.352975530990 
1.389799740693 
1.348933521130 
1.382400496744 
1.358204167558 
1.309132718190 
1.316200738459 
1.330676351377 
1.346494087496 
1.318331089545 
1.334350240383 
1.289696840078 
1.284446226018 
1.318721527748 
1.359815392184 
1.348005025377 
1.320880652679 
1.325704199700 
1.344165582628 
1.371346709999 
1.370630872442 
1.376599185820 
1.364621568009 
1.425147742544 
1.431453583441 
1.453444852224 
1.475811526285 
1.491009538601 
1.506282004292 
1.493968395552 
1.483620908256 
1.506274218793 
1.456205169505 
1.493016417241 
1.492361843637 
1.451000277173 
1.450958029969 
1.462762442353 
1.464838545609 
1.461034581488 
1.471399174631 
1.526018134285 
1.499283777212 
1.527898877713 
1.504412393654 
1.506341105650 
1.516518353770 
1.524319460477 
1.409119183365 
1.435090063763 
1.438938031759 
1.426933792182 
1.479605287905 
1.387307327316 
1.360258358611 
1.379961784386 
1.358731015760 
1.366929313541 
1.366929313541 
1.375398758186 
1.377789707330 
1.421109395790 
1.415565510335 
1.367127760196 
1.389537727380 
1.391219277002 
1.401670529560 
1.435024512294 
1.450891383515 
1.411006790617 
1.365984434346 
1.405869459249 
1.410227758145 
1.414134475439 
1.418793342425 
1.385460960664 
1.494483154131 
1.425232493955 
1.455749072002 
1.454655236066 
1.538541932924 
1.467328066538 
1.486097317313 
1.457525230582 
1.248503581482 
1.307075359397 
1.292626482834 
1.300798784247 
1.329568238624 
1.352172128352 
1.362167364482 
1.386787883711 
1.362388747954 
1.296420576666 
1.301396347535 
1.384005063969 
1.382509093396 
1.356741857451 
1.319469677746 
1.303870228617 
1.283989065341 
1.241549593343 
1.220929840532 
1.221076595154 
1.221041098028 
1.016472955555 
1.071066149116 
1.087084723645 
1.088053213243 
1.120709395515 
1.151126026605 
1.204996355223 
1.209209790318 
1.216334641117 
1.222034610625 
1.059433397399 
1.058411460453 
1.116338678525 
1.173084732200 
1.160936386161 
1.152697869470 
1.243603650216 
1.289286940757 
1.282745212556 
1.251914148268 
1.243099932067 
1.283147812113 
1.296174369180 
1.313465626337 
1.289364369616 
1.315963344991 
1.297511199954 
1.287177307030 
1.382553171665 
1.359500886875 
1.377759784267 
1.474659090561 
1.481978231997 
1.504087183227 
1.388473616087 
1.389375653088 
1.450004652409 
1.585967990885 
1.482232749398 
1.576134913706 
1.515275476133 
1.502136168528 
1.533827036528 
1.486552708827 
1.456554466375 
1.552254497206 
1.577742371729 
1.460678121391 
1.212640284978 
1.261681314649 
1.674263792954 
1.771866536044 
1.627042102903 
1.551041096148 
1.595082423024 
1.284454447342 
1.275777611388 
1.388250395877 
1.549070050390 
1.454963282162 
1.394398798893 
1.324662044626 
1.308912036396 
1.314142598877 
1.402398163584 
1.291144423819 
1.325740206393 
1.400131950568 
1.410113899711 
1.465587404661 
1.417819052357 
1.432151946226 
1.475524180370 
1.440537372007 
1.433796127581 
1.436015552192 
1.385505892354 
1.307348713451 
1.258536666723 
1.258912223448 
1.253978641156 
1.243117622042 
1.290323475249 
1.309716121994 
1.267635077638 
1.261426275005 
1.202885041397 
1.174804442283 
1.176901139538 
1.244689596728 
1.194875713165 
1.227304028336 
1.022920678300 
1.252687822270 
1.113081498032 
1.325312234739 
1.194989803820 
1.020228878099 
1.177155349125 
1.161339917304 
1.278702230830 
1.268285727521 
1.310635334428 
1.221893620321 
1.349022399478 
1.450359237585 
1.460290974255 
1.451039377734 
1.337616850053 
1.343713969980 
1.349632465170 
1.275880531634 
1.277966755060 
1.329645031619 
1.378341378451 
1.396453281284 
1.313089527460 
1.333998556016 
1.330669353041 
1.311689360388 
1.480067269092 
1.547243262000 
1.421903152597 
1.385864057728 
1.246387530877 
1.207647175478 
1.191068561793 
1.204311810378 
1.214393211781 
1.202497725282 
1.211648867240 
1.242431422011 
1.231515914926 
1.207561866060 
1.239060284741 
1.255486010263 
1.324902133253 
1.317829792562 
1.235819076289 
1.329875302689 
1.427333545171 
1.387722791018 
1.434434852085 
1.493252869456 
1.488431780191 
1.471886019824 
1.428006101169 
1.444902361551 
1.471690009624 
1.439803575904 
1.337965688456 
1.336096208084 
1.275318890285 
1.252978690009 
1.321813695191 
1.312486514629 
1.287323424815 
1.329939330731 
1.334229492218 
1.355877287387 
1.424207495528 
1.397957173126 
1.385169038093 
1.349309173329 
1.378632602550 
1.404801258174 
1.422779637739 
1.453545392818 
1.390111282324 
1.428460221122 
1.439767885217 
1.491980862571 
1.509785618146 
1.537259170754 
1.561540125333 
1.525183708513 
1.533648517961 
1.437920673963 
1.477875379028 
1.464916908105 
1.765261499266 
1.691282440064 
1.612491605054 
1.511512477782 
1.510087785755 
1.652198252314 
1.770787677978 
1.652630630601 
1.684061662456 
1.675272820757 
1.608409951399 
1.660060186981 
1.639375069442 
1.608324910770 
1.524966400801 
1.550857264884 
1.552155374430 
1.558279454550 
1.548059782254 
1.625982960038 
1.586851340595 
1.612506344276 
1.728675751006 
1.576997566546 
1.599091555405 
1.614770014086 
1.613582990036 
1.618476872658 
1.598379182009 
1.550308033107 
1.530197724022 
1.576195603680 
1.581142978523 
1.534253742121 
1.501728716336 
1.581547196552 
1.453471290206 
1.489363491720 
1.500517835512 
1.484795126509 
1.468919435720 
1.448054825412 
1.444744809625 
1.433416549204 
1.459867758292 
1.460889649925 
1.469097398560 
1.410207286407 
1.459678383996 
1.453420934465 
1.467350107422 
1.451747346907 
1.449575961009 
1.414034648759 
1.417233835251 
1.409186447470 
1.399754597516 
1.395707805853 
1.449944573828 
1.456787201472 
1.532222521068 
1.525551188739 
1.538192969541 
1.541287404965 
1.686710901058 
1.711124423041 
1.696879361733 
1.631254804939 
1.587458766666 
1.607508121681 
1.482905312088 
1.501024554609 
1.579520708415 
1.600679281070 
1.588061186194 
1.597914990626 
1.584074972820 
1.570407233230 
1.433646529420 
1.467607827041 
1.549867253012 
1.532141881931 
1.548802684713 
1.468706119427 
1.451399979733 
1.390403807613 
1.330114245983 
1.312788564422 
1.329819199401 
1.290433478393 
1.284741941942 
1.187202849152 
1.167117874151 
1.150871635471 
1.156105003795 
1.189194119042 
1.199233485335 
1.121562659829 
1.160243694427 
1.188029956546 
1.212368047262 
1.198699252918 
1.341332435719 
1.582403121156 
1.508506641292 
1.531639060464 
1.452691689679 
1.510566621839 
1.475316308680 
1.535780082728 
1.555602760342 
1.518137213889 
1.432291021127 
1.480706100829 
1.449943750701 
1.432301446249 
1.526730727419 
1.508348381054 
1.392125321520 
1.447505990611 
1.370266273121 
1.352501030613 
1.382272891005 
1.369923338486 
1.406910508804 
1.426114037405 
1.353948376650 
1.416038778258 
1.371350243369 
1.379479101405 
1.477098819140 
1.529090915977 
1.552231930570 
1.506035441326 
1.500511690886 
1.528582436735 
1.506531598650 
1.549049432256 
1.507921531918 
1.510477289765 
1.469012884276 
1.473364201004 
1.521574532974 
1.509401780797 
1.506757804126 
1.494092684574 
1.493125165809 
1.490636439606 
1.491693437610 
1.517781652426 
1.506729406154 
1.570932151272 
1.570520344783 
1.569355737487 
1.574673725287 
1.555132215949 
1.549275072258 
1.523754454132 
1.517831996835 
1.499362167174 
1.536875740966 
1.539303151904 
1.575253478761 
1.512465980007 
1.462391143601 
1.538534877858 
1.552472325076 
1.510090440692 
1.474372663539 
1.364942015388 
1.395979912401 
1.404865288088 
1.400733627415 
1.392325899476 
1.449980722478 
1.429365011007 
1.397296160700 
1.389062475637 
1.373412709293 
1.446981884559 
1.509867036320 
1.509662641850 
1.533969498645 
1.527512646114 
1.508920514692 
1.493658588481 
1.488392340985 
1.524159302503 
1.446228928495 
1.394494136817 
1.365518262873 
1.376807301248 
1.387945306493 
1.389626518358 
1.416443612641 
1.418214566221 
1.376062144394 
1.403310234329 
1.417767637191 
1.414582043990 
1.409233748286 
1.395244733020 
1.410170158209 
1.403884074315 
1.394936313289 
1.429224118219 
1.398517649407 
1.412661303160 
1.420731378025 
1.431239486827 
1.437317851569 
1.428928733588 
1.423390224411 
1.424496852688 
1.429069209331 
1.444279438423 
1.404790396134 
1.383519519857 
1.392726780843 
1.427894589422 
1.426478303034 
1.548155418041 
1.530314384674 
1.476996235197 
1.542141568793 
1.564020602602 
1.550560275170 
1.540059037347 
1.503404638390 
1.525867310519 
1.564573645426 
1.589596257219 
1.639547478291 
1.651992620687 
1.575190987685 
1.741417584235 
1.711797840195 
1.632035669975 
1.671681948302 
1.654388507905 
1.694474436136 
1.694474436136 
1.698052757482 
1.604762079391 
1.620027900424 
1.184760808512 
1.092065858465 
1.184900076570 
1.341136335697 
1.345117684880 
1.265695250010 
1.221558953787 
1.299584771117 
1.257629047313 
1.274732302115 
1.152143521081 
1.474058697828 
1.171369782415 
1.207991109706 
1.174162803382 
1.278612186613 
1.396806779340 
1.444741717611 
1.457769421217 
1.421362852846 
1.276932720291 
1.299439792219 
1.375352960527 
1.287060139046 
1.385607023679 
1.251327975375 
1.350935330294 
1.347758112601 
1.294889334191 
1.412715417168 
1.428884680915 
1.422666781695 
1.376702114213 
1.430163348650 
1.364725176990 
1.561748912259 
1.485282520393 
1.573893475506 
1.578723132080 
1.553414017818 
1.508971962847 
1.612876882949 
1.558570218859 
1.453615678585 
1.556622503851 
1.445995167415 
1.477925973495 
1.445976414607 
1.582201348608 
1.755857363120 
1.698179284494 
1.712071354199 
1.637476070994 
1.634582945863 
1.626189029093 
1.618070178081 
1.637246300134 
1.610726944757 
1.358015321135 
1.225516748333 
1.270236502193 
1.255098921615 
1.299062757170 
1.321183763034 
1.258878570328 
1.393390155712 
1.385929494975 
1.429231832884 
1.429647766001 
1.678373933812 
1.716127568071 
1.615231809362 
1.612483257018 
1.699908826731 
1.691868481523 
1.643755579011 
1.686825634006 
1.644534668988 
1.635519538260 
1.598287205015 
1.647127025498 
1.684001149874 
1.567111941835 
1.679643544257 
1.719185955539 
1.592119869384 
1.695321402585 
1.701819112124 
1.846089641881 
1.950887986759 
1.949596311745 
1.897506391418 
1.787195284687 
1.775593955182 
1.744061885450 
1.704823582976 
1.581181973900 
1.848095082129 
1.651325954993 
1.751888667309 
1.627052046533 
1.472358213195 
1.607925522706 
1.604152367437 
1.540482952449 
1.455712027161 
1.318073657880 
1.212955777459 
1.321917415277 
1.377509704967 
1.334848621860 
1.328514415977 
1.255066494434 
1.281415196344 
1.481786689050 
1.583278607658 
1.595821738461 
1.587588577561 
1.507567540922 
1.432066569535 
1.471539715364 
1.288529271804 
1.298411302761 
1.328690297250 
1.337944331480 
1.358902993372 
1.341510103771 
1.298165168355 
1.474837826361 
1.442767016864 
1.399448025684 
1.406870018157 
1.466636753660 
1.437745218721 
1.355969423302 
1.468767736609 
1.367712762608 
1.544954126843 
1.617388703109 
1.368928335082 
1.235520896103 
1.247641870381 
1.211501218363 
1.213353674210 
1.109871060566 
1.156855661532 
1.210547210157 
1.266703971139 
1.431962775770 
1.421410598129 
1.462958291021 
1.527154056652 
1.399982231824 
1.423460788966 
1.406724776342 
1.496388181506 
1.491856257759 
1.546032281180 
1.563373579162 
1.567551183544 
1.587259340296 
1.581443201561 
1.539803111808 
1.610889679022 
1.649016666383 
1.620745356982 
1.567604909553 
1.558151838551 
1.507567652304 
1.464487501259 
1.415349007954 
1.501962058247 
1.496206184490 
1.467741789824 
1.502954703574 
1.423325636887 
1.282405557036 
1.233985637835 
1.372541258652 
1.227272837061 
1.221660618358 
1.228188517075 
1.224959655698 
1.211605942507 
1.205118550909 
1.267139139809 
1.265479750575 
1.245152068304 
1.278812946341 
1.312011047678 
1.304517624213 
1.316173938594 
1.248204976853 
1.372364555235 
1.367107819950 
1.352320639603 
1.225699284984 
1.275071476477 
1.314403109930 
1.315886951537 
1.496715119671 
1.503035975043 
1.529582631334 
1.396626837069 
1.392779905757 
1.329050638001 
1.298537440238 
1.338086143319 
1.362909135774 
1.391607030627 
1.397755182868 
1.394494391074 
1.393924187394 
1.306520935288 
1.312158646337 
1.353130615937 
1.344383384781 
1.341611108448 
1.336242633285 
1.220604606825 
1.190393181396 
1.188966363171 
1.188966363171 
1.197259517197 
1.193285486861 
1.195130302909 
1.120705715562 
1.121276248215 
1.120779387225 
1.121395795381 
1.112309472116 
1.094878884295 
1.140830840363 
1.132687910782 
1.148282372905 
1.102447721195 
1.068499587081 
1.083288744548 
1.095635687672 
1.141683161545 
1.274941368888 
1.312887507513 
1.227329946432 
1.173151712788 
1.163980811364 
1.177918472065 
1.176185066000 
1.154931811258 
1.206450645495 
1.261475412408 
1.271173047992 
1.249005003528 
1.267182039413 
1.275983971895 
1.255095090176 
1.251905075020 
1.202073441516 
1.256396434372 
1.153682375722 
1.181442961547 
1.173121046773 
1.131229443723 
1.093826986007 
1.123771307404 
1.127671953857 
1.116377454238 
1.131239911583 
1.069088100935 
1.077222934039 
1.081696861770 
1.054174393189 
1.068097616211 
1.063640519051 
1.060184157668 
1.090068496824 
1.144931662101 
1.058724865204 
1.007018307620 
1.106684611838 
1.029384188560 
0.998202227056 
1.043400739214 
1.035713090285 
1.073354813091 
1.063448511657 
1.022887420024 
1.070198257313 
0.975738630387 
1.061043120642 
1.084655186548 
1.022291497347 
1.059455263507 
0.981134903560 
0.998575869704 
1.044671242372 
1.133558366131 
1.144812924508 
1.105888376263 
1.250403697478 
1.215493965612 
1.230621831874 
1.197048215106 
1.192651652894 
1.074459915835 
1.196937950111 
1.282466873028 
1.311696096479 
1.295050055691 
1.249581975563 
1.239104622581 
1.245663587904 
1.228821309104 
1.201656453979 
1.223422296804 
1.216063961476 
1.219492067468 
1.216911401368 
1.224083063355 
1.299448811823 
1.304489283086 
1.388049495575 
1.408489849886 
1.529519771725 
1.462561538213 
1.518636602081 
1.507302296303 
1.519163340973 
1.549238901293 
1.536551611179 
1.573047890403 
1.587277332896 
1.543722960357 
1.501830062943 
1.511450348170 
1.396961319954 
1.599788110524 
1.599761745699 
1.545044804759 
1.549180476198 
1.508494977337 
1.554257789632 
1.585989965857 
1.630985483206 
1.511519439903 
1.487487132090 
1.355173808893 
1.382136036025 
1.351333304278 
1.197343388675 
1.277048982042 
1.230943653845 
1.277758962308 
1.286903786915 
1.259189578698 
1.303559379235 
1.285778700251 
1.309380572215 
1.308246815472 
1.289231672604 
1.296113753386 
1.286840388461 
1.304503109546 
1.322086089163 
1.298910484880 
1.269715604039 
1.261607356973 
1.203644015919 
1.255027159955 
1.199230780930 
1.211170630330 
0.957918890697 
1.092569371038 
1.058584871357 
1.174593541317 
1.219343959559 
1.306551516228 
1.262818336212 
1.257380533477 
1.280948233287 
1.290339323782 
1.171357653050 
1.215898737312 
1.247555885529 
1.413246590505 
1.448012476144 
1.431820850228 
1.381379129897 
1.275754253344 
1.301075312266 
1.420555318838 
1.510764746925 
1.327149639672 
1.429730444801 
1.300131080719 
1.248435513232 
1.098626737602 
1.136786822872 
1.200220469613 
1.178995871085 
1.258566168403 
1.342529875602 
1.545127496176 
1.643994561285 
1.435915900342 
1.550804495170 
1.412484886942 
1.372712660232 
1.350440397063 
1.325724537839 
1.299253088417 
1.155600552807 
1.344987585072 
1.318202534695 
1.376738213837 
1.350319298688 
1.467321743508 
1.445421368190 
1.387740960484 
1.239080068967 
1.483064885003 
1.429907632617 
1.402922005486 
1.544689066446 
1.498836658284 
1.443280849616 
1.407374731573 
1.285479493821 
0.963852246902 
1.190437146434 
1.263344669814 
1.216458590073 
1.226862083127 
1.488874808034 
1.404177706140 
1.317775013965 
1.205009961983 
1.229025833242 
1.229696256014 
1.312393376595 
1.314787967701 
1.280031931752 
1.315007552156 
1.279837935100 
1.215032654028 
1.314702319796 
1.293328610086 
1.461486707465 
1.424409481611 
1.251241036389 
1.223433362570 
1.096094517164 
1.160954827834 
1.131293243033 
1.162394595227 
1.200794675706 
1.188160000706 
1.187779709883 
1.104331590112 
1.178045108226 
1.010472377029 
1.012462332955 
0.802449207813 
0.931737896872 
1.038118426703 
1.073217202296 
1.014951823189 
1.113345582428 
1.146312935824 
1.161540073627 
1.198987987724 
0.891115676903 
0.857432620529 
0.929658983104 
1.118922782361 
1.066420184694 
1.106032820506 
1.096340624222 
1.166099426808 
1.267202090174 
1.276926667733 
1.266166015860 
1.136775301016 
1.174603384733 
1.180151746347 
1.240310863961 
1.264574616269 
1.247970973011 
1.331870857872 
1.348247844434 
1.394987476357 
1.332717974103 
1.365651887742 
1.357456588265 
1.408928669059 
1.257332107852 
1.257516085052 
1.248517939192 
1.275233829971 
1.230457902318 
1.229165381258 
1.241200254442 
1.273146100581 
1.251255848063 
1.213851777407 
1.201626040673 
1.218703017216 
1.256508696419 
1.250534355959 
1.211190312713 
1.295891193701 
1.292274749747 
1.303480873645 
1.356556016446 
1.349142646827 
1.339029036887 
1.336284672981 
1.313397855780 
1.279198475357 
1.301599617025 
1.275821365853 
1.198795185035 
1.209191520555 
1.278190397006 
1.281632012214 
1.323635242236 
1.328645085966 
1.312262279595 
1.256555825332 
1.239777289246 
1.259035643035 
1.248759904135 
1.206632296229 
1.236418821992 
1.101517196393 
1.077486306211 
1.146323683156 
1.213962121030 
1.348892808052 
1.383095934601 
1.398559891130 
1.465379119570 
1.419727869304 
1.414762333759 
1.468929416613 
1.467821147733 
1.388325325290 
1.392887197428 
1.425892392699 
1.394880403844 
1.437746387355 
1.389199509167 
1.416540862666 
1.426511877610 
1.311821202168 
1.268852793179 
1.267160466046 
1.274389623863 
1.295414973339 
1.305367722662 
1.245934131123 
1.243600566918 
1.239458109770 
1.261132915984 
1.283678034387 
1.347359553728 
1.430221537058 
1.406017627607 
1.395560889049 
1.381148250329 
1.425157016841 
1.430687984849 
1.388180272306 
1.412253826325 
1.378402716608 
1.361194784792 
1.339165474377 
1.338418277728 
1.352773515250 
1.372390638028 
1.370991497095 
1.365056658869 
1.396933573510 
1.445556926854 
1.446198026620 
1.350556443004 
1.293885525427 
1.387694486035 
1.427807888713 
1.429432383762 
1.412793981363 
1.342931245901 
1.429384215774 
1.399306974418 
1.418190142606 
1.415783909598 
1.415783909598 
1.412527785446 
1.419491672462 
1.373788415936 
1.394832130778 
1.379596417363 
1.377376917479 
1.361664811382 
1.362978457081 
1.361954897198 
1.327047284324 
1.263341040057 
1.235151960479 
1.247147186020 
1.245093545380 
1.171148732295 
1.228586767603 
1.264014616753 
1.288282833806 
1.276538186740 
1.278201113175 
1.263973895824 
1.318631947495 
1.312592197444 
1.376258134222 
1.406311539492 
1.391271829537 
1.395935016328 
1.396227816289 
1.394054185236 
1.446954045655 
1.400789131206 
1.346332937672 
1.427353798682 
1.380673792612 
1.432933071645 
1.417351797284 
1.416490121547 
1.458763392568 
1.426549925542 
1.423644220741 
1.392642709670 
1.350239446658 
1.406194156057 
1.403135448536 
1.511159226354 
1.608235717889 
1.602830369334 
1.601041197415 
1.618514286583 
1.550939206182 
1.561050594917 
1.563643623679 
1.540017348035 
1.464252270058 
1.487044507914 
1.481846269910 
1.490660847660 
1.453044186237 
1.484740195776 
1.434478659540 
1.404099128690 
1.393618644011 
1.401694194977 
1.381974336645 
1.382402335569 
1.366238976680 
1.364759176188 
1.416498234112 
1.355973543928 
1.315712314534 
1.332431815307 
1.323764361710 
1.403375794002 
1.363419521171 
1.346113506523 
1.348389791659 
1.322834517319 
1.299787361088 
1.306273462662 
1.309467041537 
1.278193171653 
1.276287500985 
1.282279636425 
1.280252000520 
1.291815641777 
1.290710309190 
1.358574430173 
1.406000335255 
1.411551346018 
1.354035256927 
1.364368934684 
1.360011691820 
1.312597584133 
1.367657482308 
1.363295433635 
1.360066840404 
1.350787849068 
1.359285554089 
1.346058897929 
1.353064060665 
1.349987030617 
1.347041717555 
1.341129153853 
1.329697988575 
1.352813396305 
1.302819634603 
1.274289143957 
1.296369337267 
1.302894969704 
1.267232271668 
1.244939235417 
1.244936154639 
1.252904685137 
1.263206057685 
1.239082707191 
1.237046254071 
1.238842955192 
1.238842443364 
1.214557995733 
1.214055532674 
1.184235785195 
1.180391633473 
1.199106604067 
1.210597984228 
1.209262695630 
1.207443603705 
1.224882467770 
1.231226589797 
1.253033496793 
1.225685962016 
1.224250708293 
1.183387311082 
1.162458245757 
1.175265981150 
1.309891270318 
1.336648762554 
1.368544597645 
1.354374016556 
1.385186234876 
1.255594001939 
1.199478586800 
1.251461415754 
1.217020169566 
1.203194824439 
1.196264340934 
1.201167846551 
1.189433615254 
1.169593647172 
1.179118228994 
1.148444332316 
1.130007245416 
1.145332195769 
1.172487238213 
1.112611054614 
1.115942175763 
1.129909281859 
1.150673442411 
1.133227740253 
1.168742958555 
1.175649120367 
1.193793592408 
1.201981760897 
1.211565205038 
1.341244161928 
1.197858147316 
1.413412046477 
1.335002883638 
1.209940724088 
1.188039461916 
1.327891087914 
1.338841559925 
1.278704709823 
1.358888851409 
1.444600023375 
1.365725458763 
1.221645352700 
1.272302449438 
1.118823553947 
1.315336120814 
1.284649732751 
1.310890198038 
1.062301996002 
1.135819809806 
1.048329964764 
1.204065885486 
1.271961339751 
1.290228699140 
1.419263168948 
1.346043487146 
1.300892793142 
1.213575016158 
1.132648176104 
1.205025505749 
1.117936484596 
1.122560450216 
1.070991018617 
1.103556954698 
1.195553105570 
1.268479733613 
1.198327554863 
1.349425962868 
1.187965845540 
1.205630402582 
1.132771230220 
1.058891514793 
1.142287819902 
1.241027576042 
1.250528022083 
1.246742534656 
1.250760694543 
1.285853097902 
1.360442164401 
1.113328461154 
1.293833360611 
1.303742511749 
1.271510530077 
1.164497644344 
1.424215137138 
1.444949448896 
1.601393080565 
1.277651937215 
1.083079614559 
1.130031825404 
1.146847067416 
1.508725045193 
1.316029845775 
1.296379282778 
1.151382149546 
1.110048656465 
1.062723411193 
1.258757096912 
1.263361796035 
1.311826889907 
1.271408683118 
1.338424292636 
1.474503524604 
1.353501773311 
1.341506476119 
1.359454509395 
1.347788261794 
1.415114805363 
1.448483165058 
1.493583998928 
1.574205243679 
1.512263736615 
1.375595487865 
1.292190038488 
1.282174250674 
1.248764661820 
1.583523786455 
1.550704596097 
1.462014003119 
1.561883315385 
1.395420344523 
1.425608653152 
1.486559815817 
1.447737307303 
1.061868379383 
1.287215338096 
1.232967160699 
1.229123488931 
1.355588098586 
1.311582303550 
1.301812073991 
1.352174437602 
1.376225633626 
1.371285607564 
1.278456047496 
1.289161054393 
1.446799685162 
1.512063630860 
1.520602014772 
1.486936209049 
1.463487334753 
1.452533670069 
1.364791176201 
1.405645384886 
1.335032222198 
1.313509648883 
1.274005059697 
1.219817673721 
1.465199037732 
1.475968063270 
1.642597234765 
1.516618616831 
1.570013611419 
1.416466723026 
1.525392029539 
1.521553864184 
1.515288562336 
1.535446692167 
1.491359362254 
1.614537238005 
1.554718211641 
1.495526614644 
1.496384450027 
1.473971029881 
1.489976036268 
1.658275729929 
1.646230239625 
1.582811483682 
1.524118601116 
1.491624159415 
1.680859845305 
1.673053229496 
1.667774149973 
1.720311440143 
1.677094573927 
1.934245344832 
1.668015745876 
1.733131298482 
1.758344124084 
1.676580119855 
1.566743228561 
1.591211385918 
1.515169770579 
1.590326876552 
1.423638272104 
1.436453023453 
1.298493429544 
1.207510011819 
1.204477314551 
1.239829660753 
1.384413211671 
1.318559230127 
1.231219967779 
1.218134159648 
1.265129688599 
1.294119535109 
1.325122484865 
1.308937930020 
1.325823186556 
1.319200258231 
1.294843285591 
1.345478033168 
1.263091643444 
1.343613491412 
1.287226449228 
1.249931629564 
1.561157635140 
1.431452740922 
1.426925770247 
1.368687361694 
1.475787409703 
1.440468322775 
1.416018142077 
1.471769208894 
1.399946108630 
1.393185531518 
1.410178563341 
1.409831835328 
1.464047943634 
1.484351615916 
1.526556466866 
1.548262904104 
1.440346520113 
1.428797698073 
1.417103409953 
1.578229815222 
1.512263434483 
1.458079645172 
1.473302169456 
1.530629619549 
1.585212080112 
1.603824220600 
1.627072793708 
1.627810065168 
1.679558743393 
1.634147882282 
1.513240938359 
1.709019278701 
1.480194345799 
1.557444321602 
1.353374384629 
1.349143560500 
1.320634126406 
1.274736431414 
1.406554628492 
1.349616005277 
1.281011223239 
1.132853580559 
1.107061639414 
1.142583671345 
1.057013598329 
1.071506476256 
1.141956672465 
1.147631090054 
1.109113846921 
1.112890985866 
1.228409125628 
1.284248582009 
1.209020300070 
1.208200953770 
1.349713003800 
1.293129077361 
1.188967190196 
1.210710153649 
1.198299570640 
1.178238129488 
1.319384821488 
1.267034694419 
1.283478668716 
1.254670330097 
1.275095326389 
1.309865971816 
1.315978094372 
1.283081066862 
1.406881463595 
1.259522513596 
1.188413741893 
1.233555902540 
1.231645496862 
1.307605751725 
1.310706907105 
1.296295340714 
1.300044852097 
1.312251303806 
1.314972380646 
1.266941862853 
1.110880034636 
1.099727513604 
1.152316953410 
1.021271024764 
1.066153448270 
1.165999929179 
1.125427162794 
1.215255597256 
1.261741671613 
1.413131399566 
1.435503354320 
1.360476024795 
1.244601971902 
1.164333500566 
1.135387313728 
1.137246055127 
1.303203622435 
1.221235627530 
1.232711702455 
1.234423485512 
1.197865023913 
1.191153658816 
1.242934697849 
1.308423024460 
1.328301338484 
1.365852699746 
1.432427848602 
1.414897403678 
1.372606750814 
1.366520107119 
1.347727936551 
1.306734695957 
1.343793962898 
1.318897101929 
1.319572955707 
1.428474453112 
1.341068251808 
1.278241523118 
1.248865829529 
1.423090796215 
1.332094093279 
1.264295690653 
1.303126427412 
1.421333195612 
1.387678376085 
1.358631974414 
1.371098325586 
1.402391679308 
1.236320937579 
1.271150521986 
1.267961688990 
1.268262184467 
1.284179278655 
1.265261519740 
1.297095383759 
1.288298715145 
1.284138634606 
1.360579464959 
1.344719126667 
1.353277503022 
1.366460171792 
1.361826385330 
1.335334813886 
1.286431307114 
1.253879375823 
1.221434743935 
1.162414463978 
1.206956854396 
1.091453215889 
1.161593496738 
1.063866844470 
0.960535777205 
1.186378981976 
1.202527200093 
1.227686391033 
1.388871460275 
1.190251588166 
1.158423350276 
1.190259050642 
1.152126720445 
1.096051475963 
1.149114807920 
1.133560109348 
1.163339697290 
1.153874248877 
1.153322538482 
1.208979512356 
1.201836866812 
1.163650578354 
1.124940714123 
1.202719740832 
1.302873003974 
1.301765723324 
1.311382439470 
1.269345644744 
1.158365852206 
1.093832650405 
1.038431498272 
1.061457052904 
1.074786461820 
1.021966539968 
1.041778346996 
1.036273279784 
1.041682430195 
1.061881425563 
1.148862593890 
1.225418354634 
1.223464175762 
1.220191293024 
1.214974482459 
1.223099679839 
1.270881512423 
1.259005980731 
1.216125984657 
1.189923701134 
1.135030935332 
1.245495471963 
1.205849708462 
1.231758245538 
1.259158183873 
1.263251424669 
1.319638134326 
1.369025685588 
1.376643220620 
1.450233427841 
1.411736932168 
1.525099707703 
1.446053879072 
1.624253402171 
1.729076457844 
1.618154244570 
1.496995068040 
1.477863511241 
1.575908733987 
1.327422581711 
1.278461803564 
1.459883498484 
1.420372294243 
1.600864840950 
1.477448533738 
1.420742064805 
1.345893832288 
1.436602135030 
1.396228319888 
1.402142227831 
1.397308971179 
1.328256801806 
1.356050173380 
1.343588877082 
1.279642542050 
1.375364834948 
1.342377973108 
1.444071483867 
1.495821337041 
1.356924068821 
1.397522372097 
1.507183234580 
1.316902141816 
1.308127958980 
1.249850311538 
1.418685179789 
1.381687119493 
1.414537809814 
1.429879305810 
1.559505590990 
1.427607976088 
1.424816484605 
1.397417056342 
1.453736561893 
1.492860706275 
1.338345369992 
1.190762277710 
1.228534720257 
1.256867347231 
1.296023685416 
1.190801709388 
1.348760546847 
1.283579049675 
1.267161779626 
1.411196369316 
1.554299262421 
1.331241959059 
1.316968982199 
1.382723259555 
1.316794330451 
1.295390892091 
1.244794881425 
1.323967520847 
1.214549635966 
1.230848415534 
1.257394442550 
1.351418132488 
1.316364285773 
1.339974720356 
1.389758782741 
1.315865285909 
1.327906469174 
1.259805907678 
1.239969860010 
1.250315901877 
1.292874105590 
1.218737637826 
1.246190003541 
1.238939324112 
1.299495928795 
1.074321838902 
1.004997254081 
1.210658939147 
1.181474722142 
1.251503223589 
1.146903773889 
1.173036594732 
1.229030191807 
1.326607717169 
1.425660554890 
1.449097976327 
1.441217683537 
1.476885459957 
1.393911176878 
1.410809038795 
1.384552395742 
1.328480430948 
1.373113659925 
1.316407946558 
1.320213935524 
1.277649473929 
1.339007569706 
1.599990880665 
1.527690413110 
1.588715487219 
1.414094951607 
1.471974330114 
1.279673448651 
1.286218559597 
1.263962509703 
1.273152118308 
1.267148398380 
1.214745435440 
1.233711723713 
1.235141275432 
1.314346382500 
1.326936087669 
1.370836494461 
1.314779670170 
1.343351539660 
1.312087442992 
1.316687662512 
1.372011191104 
1.488046159109 
1.552132154839 
1.598005560757 
1.512233905637 
1.552324016909 
1.568182950368 
1.569404382972 
1.576628618846 
1.581716585889 
1.551029386177 
1.562656163060 
1.595599231634 
1.594932243325 
1.644881884412 
1.638146262443 
1.561760746545 
1.553214606476 
1.548992423789 
1.591155197471 
1.504769620281 
1.455465171837 
1.283817866463 
1.195258399574 
1.319013224090 
1.267236041839 
1.331255120320 
1.338620322220 
1.351848292232 
1.434359104169 
1.328759024090 
1.336923030029 
1.335763261153 
1.542405821554 
1.553380520997 
1.612815741078 
1.506816908805 
1.351632049708 
1.303970107338 
1.311399080719 
1.291493683293 
1.198227392162 
1.198285706094 
1.367761121771 
1.332673497217 
1.231134643394 
1.262086407990 
1.227832324970 
1.401887216557 
1.275036409931 
1.369284623366 
1.322859766546 
1.491747291802 
1.316281727526 
1.324592365506 
1.302373980315 
1.342648793117 
1.320048321997 
1.328033239971 
1.310280048861 
1.331355510421 
1.394602727357 
1.399211299384 
1.398682364931 
1.385566597287 
1.397585363767 
1.413764057066 
1.322784075153 
1.448659069080 
1.512956471602 
1.602746260456 
1.545845592913 
1.492037692129 
1.406518470869 
1.430028600012 
1.333557209502 
1.464199227309 
1.443911755096 
1.408248293402 
1.417002597349 
1.476267540402 
1.481534526846 
1.510480355168 
1.473276451018 
1.491097385869 
1.509022716209 
1.611515101511 
1.410667548605 
1.422994299300 
1.415788910997 
1.378692759094 
1.231603294837 
1.237720943610 
1.335807362309 
1.378052270481 
1.332069357455 
1.315002046279 
1.340107202313 
1.369729233574 
1.358389957486 
1.305144883869 
1.370637390289 
1.279652102451 
1.250641621939 
1.365517871455 
1.274558806761 
1.265235056823 
1.261742046231 
1.105925428717 
1.100136866269 
1.103202786398 
1.123435082575 
1.187153997429 
1.215936016910 
1.145563231723 
1.233311385653 
1.151243110988 
1.158985730750 
1.177426280269 
1.208928367700 
1.291051657322 
1.249945670173 
1.368871217778 
1.396426262684 
1.391808453997 
1.421732937539 
1.404164597466 
1.425725840520 
1.368654791564 
1.212408125615 
1.220587181287 
1.199114896536 
1.194150621346 
1.245567355770 
1.268568413353 
1.227084442758 
1.203501173275 
1.259135267669 
1.338871388957 
1.428539772357 
1.403727737396 
1.436422636270 
1.423184896583 
1.435647556491 
1.530806689644 
1.585585656243 
1.609823904680 
1.620183804745 
1.590958815401 
1.553853587476 
1.494555495806 
1.496322130607 
1.451242759731 
1.469541870787 
1.424516337697 
1.497047029490 
1.554545480924 
1.513918369738 
1.585379433518 
1.667757821622 
1.563864418498 
1.476537411254 
1.409825414345 
1.351425931219 
1.306586273368 
1.360800802853 
1.325605784073 
1.286471074703 
1.242229740377 
1.188754359036 
1.266182427241 
1.298035532420 
1.311088306776 
1.347019787375 
1.307437687716 
1.303756137759 
1.330895070438 
1.370548114114 
1.392866293554 
1.521156715572 
1.584179773252 
1.580415559939 
1.511223667774 
1.604212026512 
1.544503355284 
1.522060383548 
1.422401988586 
1.441823394749 
1.445830211888 
1.468479747649 
1.378327720100 
1.419770522718 
1.471166827856 
1.421480088955 
1.360275894488 
1.378726886162 
1.366768788581 
1.299192723607 
1.256388507225 
1.157426661068 
1.158177403963 
1.148019807823 
1.353365289167 
1.401553883669 
1.392926262213 
1.278456804856 
1.300465719211 
1.201455417086 
1.213082065832 
1.191341748467 
1.227950269306 
1.013656947992 
0.979700780651 
1.089783652218 
1.004473709693 
1.026603421689 
0.989653328134 
1.057581109244 
1.063889761375 
1.039283792968 
1.027143271022 
1.120967559100 
0.992428179051 
0.982880992495 
1.039925252500 
1.189269871287 
1.107105591900 
0.988359703330 
1.044250478370 
1.165040213933 
1.177061953269 
1.162909067458 
1.247220741170 
1.200872321034 
1.176588102950 
1.276668163358 
1.296016583027 
1.282111375171 
1.297523890016 
1.332830926144 
1.207752967519 
1.481967152865 
1.337636849559 
1.313291018458 
1.316450279570 
1.355803378945 
1.341629786510 
1.363334841624 
1.352417058356 
1.344886046558 
1.336296579721 
1.307788357147 
1.313386554547 
1.132226606703 
1.027843447888 
1.179387958063 
1.224417200085 
1.159446141787 
1.667610449560 
1.658735773906 
1.489751262692 
1.592434471925 
1.707717267482 
1.561856670047 
1.609093820759 
1.624460201216 
1.602206638646 
1.500622986648 
1.532223709600 
1.216728273739 
1.340956589034 
1.365703354645 
1.426649991114 
1.342312992233 
1.567158225276 
1.635131687653 
1.487794741338 
1.435919390632 
1.531920055461 
1.537193979831 
1.617451987513 
1.501700144311 
1.555983210819 
1.444247390882 
1.436810395188 
1.297789476937 
1.253284053343 
1.140419419340 
1.231447625000 
1.190418434965 
1.226344420043 
1.248934144785 
1.391155991556 
1.432578008395 
1.344622070421 
1.332020448025 
1.335540119066 
1.403230095543 
1.313841966780 
1.293895592100 
1.313777112723 
1.070712480550 
1.065390121568 
0.962317920555 
1.126991638955 
1.118071629138 
1.152259353480 
1.157504895109 
1.342096631213 
1.305393027212 
1.385005965683 
1.271058707419 
1.234066622844 
1.227313200140 
1.192634686774 
1.113158177464 
1.041189592859 
1.159320525017 
1.143829264071 
1.143345190687 
1.032273531081 
0.986198612082 
0.810368277007 
0.880391643528 
0.947581171265 
0.826371506163 
0.834716281180 
0.974658574597 
1.018869255226 
1.040866562941 
1.050445625250 
1.042850404348 
1.136129692234 
1.097057220017 
1.131498685249 
1.153208873664 
1.153615318416 
1.037191019699 
1.266170434267 
1.152994974189 
0.977719195467 
0.963471781428 
1.019648813940 
1.019388180297 
0.981015068696 
1.200729393642 
1.298261323746 
1.272834464623 
1.298262331872 
1.321944545300 
1.504474987938 
1.595886604872 
1.502086709992 
1.586552648796 
1.348684871264 
1.348772881496 
1.246349530822 
1.174507136483 
1.248808905845 
1.340833733965 
1.293593448349 
1.271595778364 
1.072048478491 
1.042821814526 
1.085721728212 
1.109845923225 
1.107782120090 
1.105557235122 
1.334332233708 
1.299189544816 
1.326947985160 
1.316560918981 
1.298527869465 
1.305816950307 
1.301096659715 
1.280746647792 
1.276092449034 
1.252415839376 
1.262903002047 
1.289085020866 
1.280666985670 
1.293272512317 
1.251776982498 
1.278328109259 
1.269861893851 
1.303747378866 
1.292982933605 
1.293323102689 
1.292845807203 
1.302354409042 
1.298296938870 
1.300360797202 
1.245196822290 
1.281038204068 
1.272790353417 
1.334215665536 
1.328318070230 
1.350099976342 
1.336169157711 
1.342588343495 
1.303890663939 
1.311845520146 
1.355894440374 
1.308843392950 
1.228923769856 
1.171474915466 
1.234361370159 
1.291315296868 
1.293434581476 
1.373471009247 
1.338932582066 
1.336192846036 
1.377232523171 
1.381364578962 
1.302626982178 
1.302626982178 
1.293940275221 
1.295107245501 
1.289297243641 
1.335896237960 
1.332195931387 
1.265153254647 
1.160189435402 
1.191118740800 
1.146202718451 
1.178873698989 
1.279975025831 
1.310058914711 
1.302471774463 
1.393897401091 
1.412370688684 
1.404527739604 
1.455960433126 
1.422788341559 
1.433086783667 
1.417382015918 
1.302655063477 
1.299257542135 
1.290254648811 
1.288606453719 
1.293496295132 
1.323905878836 
1.313096935708 
1.315692234458 
1.314499595487 
1.338845814269 
1.323377841537 
1.293599221358 
1.317844273788 
1.359814354215 
1.388040491542 
1.340834228626 
1.329410854506 
1.347298747787 
1.356009142411 
1.356715338864 
1.356715338864 
1.389058803301 
1.371918520519 
1.350702350868 
1.275761900067 
1.280336064308 
1.292827487466 
1.285654045310 
1.272509226053 
1.215734699838 
1.210276329473 
1.288802860300 
1.215460616883 
1.194277316792 
1.187275196989 
1.199027294489 
1.118588686840 
1.142698334933 
1.249860950534 
1.273706015403 
1.273856215590 
1.282940350929 
1.282476333855 
1.280492508702 
1.281333176120 
1.297246840300 
1.290828081221 
1.271910390295 
1.295571870829 
1.330535954233 
1.343882019221 
1.339988161186 
1.282249136467 
1.367544764642 
1.367672080317 
1.368372608413 
1.362429924335 
1.386366568611 
1.337981060546 
1.344222282722 
1.364732062236 
1.341517560511 
1.321661514760 
1.282527472953 
1.287588371361 
1.261164588333 
1.294495994616 
1.323109262455 
1.282301911732 
1.307367479710 
1.278478302559 
1.181794041146 
1.203655474516 
1.318313183968 
1.262502846421 
1.248763128849 
1.317061310048 
1.228348017144 
1.192501993743 
1.284695517997 
1.290686610251 
1.230860009560 
1.142036865638 
1.124982693512 
1.080700009065 
0.976211158799 
1.021829861584 
1.097803302975 
1.089960600596 
1.220401902246 
1.301282340295 
1.285961034335 
1.265623084913 
1.256651778382 
1.256063626529 
1.257483927623 
1.256163423501 
1.247275362166 
1.299572358922 
1.353799437126 
1.381064314428 
1.436551576412 
1.477250695448 
1.390501217063 
1.342203421564 
1.348886618330 
1.300432864349 
1.334034036913 
1.360382421442 
1.347903126146 
1.414420551954 
1.417860000653 
1.413912496595 
1.416054221383 
1.422809893046 
1.413817368882 
1.428363794535 
1.419217106097 
1.426009433211 
1.442239369763 
1.440858717532 
1.434395503063 
1.443425034203 
1.447241197094 
1.427073520911 
1.429718624737 
1.418713028862 
1.509204881826 
1.514316885789 
1.483102536291 
1.486804194074 
1.451009280501 
1.442443481447 
1.413600889437 
1.403207471166 
1.411988950451 
1.452309335917 
1.426394441169 
1.436708864062 
1.431643479887 
1.396299906397 
1.394809111793 
1.404835893816 
1.397186407795 
1.325645250453 
1.275916176277 
1.290781588213 
1.271923555518 
1.275132596598 
1.242258359000 
1.240279633903 
1.269668174060 
1.268537261762 
1.263803596852 
1.273443265984 
1.268223694711 
1.266866141486 
1.320419107135 
1.364827476850 
1.400568267893 
1.297964572647 
1.334278295574 
1.313980711865 
1.324389729064 
1.328761343956 
1.302191307563 
1.285319798854 
1.184880493276 
1.170996804106 
1.183214339535 
1.218205728657 
1.202624583305 
1.175788831905 
1.060839588757 
1.054801534847 
1.072854118941 
1.061939505362 
0.880120597348 
1.096308307681 
1.082979016493 
1.044989477135 
1.099270723469 
1.033039970075 
1.028855441820 
1.111717344333 
1.110285615567 
1.222154261193 
1.216191701886 
1.221505970428 
1.217590989565 
1.248400458833 
1.257404279572 
1.274253618266 
1.293423908031 
1.295111086315 
1.350614408179 
1.226102617223 
1.225617349268 
1.258703660919 
1.238776039865 
1.241716386892 
1.222875954134 
1.534920682555 
1.574653102890 
1.799780580570 
1.648910829998 
1.520497176394 
1.473957182311 
1.347722312055 
1.399045537038 
1.538441467601 
1.377359616606 
1.340902492397 
1.322918618245 
1.394809779150 
1.397757387483 
1.353275355269 
1.019055425083 
1.166509094057 
1.025146516014 
1.118701876209 
1.099866098129 
1.144889893272 
0.983431132909 
1.045594776383 
1.149321510622 
1.159951840365 
1.107475699954 
1.161086828374 
1.184358044705 
1.244104905800 
1.311675052285 
1.370420580920 
1.447081160675 
1.464632085376 
1.505111356972 
1.546534619274 
1.527518088168 
1.327267018234 
1.358992016749 
1.046948392357 
0.991125829095 
1.194464163040 
1.409450358856 
1.345680491160 
1.204269468405 
1.266160508458 
1.261203415998 
1.188555662938 
0.981364649300 
1.143674004676 
1.238746834700 
1.522688713441 
1.600128302923 
1.736755848560 
1.733976888653 
1.432622391832 
1.517937756158 
1.413952086743 
1.410841099967 
1.367333861805 
1.365404907355 
1.413848926674 
1.380940810530 
1.504602293709 
1.479903000969 
1.283267278839 
1.363820856164 
1.355406760333 
1.365560727495 
1.387376770208 
1.405700811192 
1.465603241830 
1.432110110188 
1.401820706700 
1.355839305904 
1.353225446902 
1.314153849742 
1.536546248659 
1.588774933423 
1.545875371562 
1.685023826824 
1.722434782650 
1.791517855766 
1.614492673870 
1.705151872318 
1.768091283126 
1.709204418125 
1.654864114030 
1.396910004001 
1.615843985855 
1.477178594796 
1.458290387714 
1.548679982883 
1.535970143972 
1.432028850215 
1.568322021645 
1.500807628052 
1.460304879992 
1.580353896416 
1.645762618432 
1.576177765250 
1.593961595152 
1.613187085115 
1.539684999137 
1.532202858543 
1.549898302584 
1.553749862569 
1.553020131061 
1.525168971789 
1.548356295317 
1.449746252919 
1.530216131608 
1.527588939102 
1.575283404432 
1.577351466859 
1.627106594350 
1.541162769194 
1.543785675790 
1.514384476461 
1.341555765767 
1.270640863946 
1.253136246635 
1.278326988128 
1.194615589855 
1.170230655103 
1.182841241150 
1.217826734886 
1.132131113970 
1.142674524898 
1.244936925389 
1.268845473998 
1.291646076223 
1.362927183767 
1.403754361108 
1.349402219404 
1.360672404412 
1.385968092297 
1.447620565795 
1.494437436815 
1.469545683187 
1.600150139659 
1.701540334509 
1.646366161800 
1.665235867420 
1.598624880981 
1.405869692123 
1.371085829059 
1.358732152893 
1.385288136790 
1.435527967087 
1.417168154905 
1.365583107937 
1.323036819364 
1.427319966973 
1.383553957529 
1.346505951346 
1.295336405877 
1.334938995135 
1.449150877837 
1.297876812785 
1.300687226421 
1.261426218217 
1.348811409745 
1.390491664812 
1.377878430492 
1.360763988322 
1.312009526750 
1.185929673591 
1.325013957865 
1.293704051316 
1.205404547237 
1.223548453171 
1.290789258053 
1.315422815966 
1.334813145401 
1.493585324964 
1.504157050365 
1.519832828688 
1.621503056012 
1.601210560634 
1.630843935495 
1.645712267312 
1.613564486705 
1.558745054055 
1.606039428063 
1.549673022650 
1.577679184471 
1.577679184471 
1.613282210391 
1.541504133705 
1.483575288186 
1.461667313545 
1.547670842437 
1.558038965217 
1.740671008189 
1.589698056261 
1.533140914999 
1.417184833434 
1.389212517741 
1.354672816277 
1.330151256656 
1.339001172080 
1.297534296355 
1.274187520407 
1.229603275891 
1.202380570807 
1.191295982348 
1.156945847379 
1.185553492921 
1.233743103288 
1.213608245000 
1.149426990326 
1.062377141925 
1.043680769914 
1.081077301269 
1.101365057041 
1.123836453987 
1.347931129351 
1.391550609318 
1.351138125224 
1.197447248540 
1.231844796604 
1.203375233530 
1.267327663245 
1.283046400648 
1.276850527023 
1.284394289673 
1.240185053501 
1.425358599915 
1.419003256897 
1.541107538510 
1.434833506614 
1.462870154407 
1.454325412761 
1.614879049066 
1.588391099803 
1.489564890142 
1.465350710054 
1.528888115058 
1.580394095273 
1.496619194210 
1.526212459800 
1.650857072360 
1.618063299966 
1.497475597662 
1.503446704354 
1.465412626043 
1.448433731367 
1.540826522996 
1.502629341798 
1.463143907241 
1.387776273712 
1.392375511651 
1.445213723098 
1.483322160611 
1.562148468980 
1.502794015286 
1.421402811741 
1.395561457995 
1.527660524086 
1.430148938830 
1.496881703083 
1.500395330455 
1.467997312301 
1.494019695295 
1.467943203648 
1.447374057238 
1.466199674740 
1.445899742087 
1.450597296271 
1.440949756307 
1.428598675496 
1.443837219442 
1.441164769474 
1.449316911589 
1.445841698289 
1.445330030547 
1.483519856967 
1.454206456945 
1.449697136926 
1.432086619812 
1.508462738131 
1.501452586334 
1.549782190709 
1.458484038426 
1.396557461001 
1.401150547653 
1.443695795126 
1.434105259762 
1.441679747890 
1.451624248697 
1.451231070417 
1.464865116025 
1.466659180224 
1.470473848653 
1.478220470836 
1.461482186870 
1.494049931420 
1.552496129396 
1.584874335486 
1.576436894539 
1.591287975602 
1.489036986395 
1.535527292607 
1.510935880097 
1.618220696215 
1.632027751232 
1.607914416591 
1.587740627757 
1.724949126573 
1.653450631402 
1.636299330942 
1.671683080943 
1.622479337965 
1.627427009809 
1.496828063776 
1.345149748766 
1.486645912619 
1.461288351581 
1.424182454555 
1.418285657493 
1.410403385897 
1.426535335209 
1.455424763359 
1.422541549948 
1.531901641213 
1.438686578945 
1.406439908307 
1.501632420663 
1.477883825011 
1.510994456672 
1.494942480363 
1.488800089348 
1.555145666111 
1.374444628877 
1.328550293986 
1.342387046636 
1.343235627032 
1.341201372586 
1.327298055736 
1.339758687907 
1.358493204487 
1.363082506441 
1.356495365146 
1.351215675012 
1.315059896382 
1.349166881843 
1.254202654361 
1.129354305563 
1.099071937596 
1.123141647708 
1.147449114799 
1.203944795422 
1.122015682368 
1.156680072829 
1.129586638302 
1.215367974119 
1.240272542561 
1.250679038945 
1.240516487233 
1.231656248260 
1.246556927436 
1.335451286539 
1.287773025224 
1.434149152332 
1.488644596907 
1.453174963639 
1.412524483405 
1.453589740037 
1.437301928777 
1.444514130416 
1.483088454851 
1.489707084246 
1.489990106424 
1.432162188369 
1.463500510800 
1.431839528817 
1.482383881419 
1.457628486789 
1.515926799577 
1.526653262391 
1.389525805481 
1.266243370173 
1.443335163551 
1.162628097274 
1.167545143942 
1.220534069831 
1.240923883083 
1.238090433988 
1.425573507427 
1.513389277305 
1.454387597625 
1.376100367333 
1.041005619313 
1.080832592664 
1.204527521832 
1.439791576923 
1.343604560461 
1.202099905423 
1.286647437282 
1.162121608691 
1.179759207311 
1.269714220216 
1.356568696618 
1.308573675705 
1.095136793878 
1.281560126535 
1.146407094359 
1.214937905503 
1.314835262968 
1.268517148734 
1.121732892931 
1.240770778726 
1.205484950686 
1.210734596667 
1.283777835058 
1.296861286607 
1.280364287048 
1.114933951818 
1.117261908907 
1.120532481843 
1.001814217913 
1.033770425919 
1.095068135843 
1.142122486339 
1.165943886297 
1.220348397526 
1.207527054917 
1.043287246510 
1.141871628772 
1.205467675763 
1.115596698566 
1.113161331937 
1.086009171008 
1.127048609747 
1.309700679522 
1.317387130842 
1.137703468921 
1.116400933481 
1.172855424311 
1.214298255080 
1.142429390039 
1.241551636640 
1.270779857365 
1.295813667618 
1.264443840029 
1.280512648219 
1.286132191260 
1.139204540622 
1.172270253234 
1.159214858731 
1.125752752131 
1.175396774667 
1.075601830378 
1.157527113367 
1.194605264550 
1.170427861538 
1.246501319872 
1.204673288514 
1.166213245242 
1.044581137619 
1.337164772455 
1.434019406752 
1.544861531285 
1.506819686870 
1.418066352500 
1.428414812680 
1.464910212926 
1.436663893557 
1.458622893710 
1.415416902324 
1.392379721800 
1.367031510040 
1.377091771336 
1.375149742640 
1.278687512434 
1.309189037848 
1.332999520826 
1.288955001702 
1.300369856732 
1.087110529325 
1.083912016545 
1.107081210214 
1.178683433162 
1.081524161801 
1.023525616700 
0.997124404945 
1.026020259763 
1.071089832300 
1.075780313772 
1.133127299417 
1.140971080067 
1.025164287779 
1.030525618217 
0.913887146013 
0.894075489174 
0.744806027677 
0.958206430516 
0.934894901803 
1.140159892866 
0.985050526545 
0.861311215921 
0.705147467316 
0.886282549286 
1.124975249563 
1.115411044916 
1.136804268373 
1.166797115564 
1.196291909748 
1.182123920745 
1.205867289364 
1.083354167417 
1.156246110445 
1.292945225055 
1.183000586810 
1.217141616195 
1.191166107785 
1.206758277642 
1.211870994440 
1.121191559921 
1.069373339824 
1.085534859888 
0.870203560916 
0.956490555798 
1.053482192387 
1.110941951733 
1.390053027531 
1.456241217739 
1.424015781059 
1.337232038894 
1.333829930193 
1.379348493187 
1.368379039403 
1.349223249626 
1.391205592887 
1.401937412605 
1.411044590564 
1.396394841679 
1.519617887698 
1.629849996257 
1.606522052411 
1.553557091438 
1.562723452381 
1.684944623333 
1.652411334625 
1.556165892026 
1.562542727235 
1.660317145682 
1.555230130044 
1.434829210636 
1.407222004576 
1.390987630952 
1.387042261905 
1.399301144889 
1.233386649228 
1.279834088407 
1.266810686215 
1.475972289055 
1.493812391700 
1.534112909743 
1.465783232065 
1.591691315711 
1.598137980253 
1.604732516175 
1.591740416031 
1.591085703655 
1.606064189107 
1.689186458458 
1.475383148223 
1.609113473658 
1.515097578906 
1.518932500310 
1.474015879711 
1.473066930372 
1.487266073194 
1.499814674055 
1.511491325805 
1.495978161307 
1.470568886261 
1.520281410913 
1.626795078979 
1.695450334901 
1.564607571860 
1.660899710198 
1.636932153152 
1.575255773840 
1.558496454649 
1.542129417342 
1.598335992462 
1.555964364100 
1.665829418144 
1.693380167261 
1.604490730722 
1.623295107354 
1.566425517472 
1.518225757520 
1.541411310225 
1.556881558505 
1.570624517552 
1.479165437636 
1.498183876833 
1.471208219860 
1.471309365492 
1.483400763766 
1.497871904617 
1.435015247596 
1.515375922371 
1.523919366833 
1.510531132608 
1.690790516693 
1.590564741365 
1.623701517459 
1.584666927384 
1.583782947900 
1.585156130671 
1.469472625275 
1.469198163022 
1.268029943841 
1.333298008606 
1.278900568360 
1.376048766864 
1.339516800312 
1.363381630551 
1.381029471534 
1.362606499908 
1.354283226103 
1.429612235640 
1.397481268942 
1.391015187357 
1.397040080255 
1.396528207317 
1.399702849455 
1.397854767591 
1.397854767591 
1.383350654536 
1.403287016880 
1.390950502383 
1.392812122623 
1.353733346968 
1.351886428990 
1.340615908746 
1.265385027550 
1.266825834036 
1.285577935441 
1.300060396480 
1.380874351653 
1.241524540292 
1.181561085441 
1.195052476507 
1.224807403504 
1.224629775749 
1.238634333418 
1.257797432345 
1.274682590574 
1.308994943832 
1.284752987423 
1.216041277111 
1.216836744065 
1.223571721596 
1.205206413691 
1.204555251532 
1.192278432513 
1.186391865142 
1.204392474540 
1.248971741234 
1.270023746372 
1.263679688005 
1.270781383641 
1.269466079402 
1.258862623413 
1.267361854065 
1.320685222836 
1.291275364424 
1.285529202730 
1.308778101134 
1.291916904725 
1.286946683206 
1.227701408670 
1.238289072075 
1.216918762256 
1.215056158527 
1.216741976904 
1.280343462420 
1.271036971372 
1.228391036447 
1.162638767295 
1.207278479072 
1.149407211442 
1.164943111972 
1.192953208955 
1.154202000888 
1.235391838595 
1.283602946012 
1.242114781226 
1.202440297443 
1.202068535567 
1.192975891110 
1.189277571918 
1.202281487573 
1.141055056976 
1.156606211545 
1.135371326750 
1.188306484956 
1.283699019861 
1.279531534729 
1.266436429468 
1.269419769171 
1.272237930165 
1.271780989409 
1.270282125775 
1.282363090481 
1.268144322970 
1.261488153037 
1.294007581303 
1.267386824620 
1.264361267929 
1.249393166119 
1.228726595019 
1.231937974971 
1.242289035724 
1.244150248992 
1.258597074364 
1.151008343117 
1.134135629430 
1.191774780033 
1.214286354012 
1.426228786340 
1.348489223361 
1.336998428379 
1.256149018686 
1.286324655398 
1.278034507303 
1.254612026623 
1.302576436542 
1.429307881229 
1.460687446824 
1.429221778072 
1.441971214812 
1.512658449982 
1.446032301466 
1.453825041020 
1.327773075082 
1.363358120820 
1.358846399168 
1.445668220223 
1.456807272490 
1.402074667166 
1.354044051492 
1.357682429757 
1.376464358069 
1.343204889441 
1.198847890263 
1.189989586989 
1.157865733463 
1.168630024090 
1.241906976091 
1.185175274548 
1.189802059256 
1.217706423592 
1.209832632793 
1.146767248019 
1.279372513371 
1.228999424799 
1.188681175911 
1.419235603703 
1.432369491705 
1.369395790596 
1.380773391865 
1.344257583122 
1.393936083176 
1.322040216465 
1.302962887898 
1.465877508812 
1.367247316282 
1.344904475902 
1.258425260197 
1.191119728975 
1.240568720893 
1.312518085329 
1.222030411246 
1.060945804398 
1.005466651744 
0.994997145845 
1.075063119799 
1.067189655570 
1.120289600639 
1.148687635183 
1.314022743257 
1.346397758970 
1.206798323776 
1.156163164432 
1.161808599749 
1.345289734534 
1.378834404739 
1.344078693072 
1.370896075949 
1.269899254749 
1.245581889049 
1.270258742617 
1.159869608298 
1.327018572444 
1.356635194965 
1.575722480483 
1.460218483401 
1.467093247784 
1.471911576589 
1.442637021085 
1.456539602027 
1.471034468712 
1.384228230110 
1.359526873019 
1.355684306528 
1.509208173118 
1.450036205652 
1.353053233508 
1.301907629919 
1.343964831615 
1.420659810145 
1.354202325609 
1.374379190168 
1.330214856457 
1.462272589958 
1.326605942605 
1.134942051265 
0.919994985494 
1.045976648029 
1.029076735707 
1.081343183968 
1.100976060305 
1.082803121370 
1.123146044853 
1.131851107425 
1.140619686025 
1.210435868513 
1.269339908874 
1.348279145721 
1.267582457718 
1.264711661883 
1.161392127917 
1.151414668027 
1.192638465869 
1.290595099172 
1.337852263169 
1.324151978311 
1.199472363509 
1.281573965507 
1.310814458008 
1.371111158207 
1.344754161266 
1.511340982135 
1.525015144099 
1.599221458052 
1.660286257064 
1.623801576355 
1.545289582038 
1.532084693896 
1.509980593732 
1.499707924752 
1.360982681266 
1.318391842922 
1.302704335338 
1.349025622679 
1.420241515023 
1.371120920981 
1.493509657156 
1.113113751788 
1.328920493824 
1.297775826087 
1.300151963776 
1.308911338032 
1.317791878033 
1.339553894731 
1.315838207240 
1.285262155240 
1.447432399851 
1.437931559908 
1.455648928470 
1.501823862933 
1.394339834290 
1.332922846782 
1.329458493605 
1.331460711580 
1.318124906412 
1.269112701714 
1.248381427820 
1.268006123693 
1.277206396863 
1.290265011165 
1.311745457594 
1.230539550543 
1.192729501347 
1.267840564395 
1.209661897651 
1.045285290114 
1.093973816614 
1.123919884382 
1.151684313562 
1.133667460619 
1.188290259689 
1.129217544820 
1.167978589373 
1.188633953645 
1.280162293196 
1.276805721980 
1.254277326290 
1.334643607077 
1.324013767190 
1.339966712869 
1.150457141939 
1.002925958315 
1.128670831499 
1.134307811850 
1.020451266481 
1.116043571866 
1.059082579287 
1.031949517166 
1.216110841066 
1.069738655384 
1.163864078982 
1.106023452190 
1.066057581171 
1.116521214278 
1.149600819305 
1.239256836051 
1.234341323932 
0.843076217837 
0.854178603283 
1.097947523984 
0.615689625156 
1.014596580336 
0.919038970140 
1.129115482553 
1.161071067074 
1.235920937012 
1.197843469970 
0.931169168920 
0.968958026580 
1.275110220810 
1.309731039959 
1.279442168120 
1.250166993962 
1.237063034683 
1.234211528603 
1.263317620645 
1.331438809205 
1.432368428408 
1.410952935862 
1.305279766764 
1.291660110945 
1.293325938917 
1.322224904232 
1.279989460335 
1.301949542376 
1.229898059845 
1.225271260662 
1.232957235683 
1.210135893362 
1.328586796781 
1.262860664869 
1.282715973858 
1.194317651440 
1.159385180071 
1.179087453663 
1.301794172887 
1.283891121659 
1.319508819912 
1.352849939656 
1.422379922002 
1.476564629092 
1.429267174560 
1.533576218529 
1.422267538793 
1.387137833917 
1.319729337896 
1.302237828476 
1.296030409380 
1.293257924056 
1.322264062192 
1.362416549827 
1.372936235791 
1.397178339695 
1.470252357545 
1.439385734498 
1.456043569479 
1.516459662182 
1.300856079153 
1.319801579635 
1.277357923436 
1.275109324600 
1.238908984414 
1.220658708124 
1.166491550220 
1.120115947312 
1.121532665393 
1.260537471857 
1.275364139801 
1.270366907954 
1.350791838980 
1.355850923188 
1.217334961100 
1.150473530462 
1.258245920651 
1.219710011827 
1.186662037687 
1.127800310467 
1.272937189287 
1.300624298492 
1.245194829261 
1.075252930165 
1.105199568776 
1.150097106156 
1.200655685031 
1.170896840926 
1.140419117764 
1.129369428222 
1.133930854383 
1.112189136451 
1.106431833448 
1.122648880644 
1.036817177457 
1.064549889199 
1.123356760303 
1.168443210440 
1.107224108345 
1.143330023502 
1.145748005050 
1.089974360920 
1.151766311152 
1.155476085369 
1.181906874386 
1.058596470126 
1.264403299142 
1.368138048360 
1.411678241411 
1.408728893309 
1.405054230566 
1.380177713550 
1.373613436607 
1.309316887926 
1.318516651013 
1.358802927711 
1.328936157960 
1.284114147366 
1.299473418672 
1.307455073371 
1.356071234001 
1.300990562808 
1.290099568080 
1.160069343759 
1.153278537455 
1.025232396624 
1.151071046283 
1.084761118177 
1.126234763508 
1.181027126238 
1.207084288834 
0.993327047802 
1.159967369241 
1.066610751830 
0.864460175589 
1.054090272217 
1.161891841501 
1.212821085343 
1.228371871434 
1.196256314266 
1.189822813605 
1.180547702409 
1.236829682212 
1.249924945206 
1.224309789248 
1.212170465306 
1.253329891500 
1.150806386881 
1.120953594364 
1.065860241034 
1.215375963956 
1.214095301553 
1.149357807262 
1.192717039948 
1.175314080745 
1.180500408061 
1.327316277867 
1.258422206523 
1.297958362293 
1.271464895570 
1.250828489151 
1.259010331375 
1.248763833415 
1.205392001972 
1.248746174940 
1.280065308354 
1.311227542151 
1.377096438171 
1.345256562476 
1.345413405610 
1.272376739276 
1.333894418002 
1.301419429287 
1.290999521704 
1.288298917533 
1.237776453847 
1.232694681147 
1.299616126823 
1.317437292114 
1.293550758636 
1.293201864947 
1.330112249801 
1.326230301180 
1.315177633106 
1.303874544451 
1.303874544451 
1.364252331010 
1.387576935672 
1.450140572914 
1.512216600676 
1.440913695176 
1.418005387295 
1.375510240645 
1.324287718550 
1.281376213632 
1.257152136446 
1.256963338141 
1.243641365400 
1.242668167264 
1.060160270198 
1.078749064807 
1.177423458067 
1.256516322023 
1.218172888745 
1.215112357451 
1.190362233193 
1.326669261041 
1.371152441459 
1.411202167185 
1.459578566804 
1.442269596859 
1.451060283072 
1.472466003911 
1.477486205970 
1.437908531364 
1.409051270356 
1.261661683555 
1.126137054331 
1.195003816522 
1.271386635967 
1.225946404204 
1.123990775947 
1.035738699230 
1.166442299481 
1.283201170100 
1.379988137894 
1.443004340801 
1.419613704001 
1.375854000354 
1.290424088906 
1.275797836214 
1.528244811579 
1.553048216649 
1.384570613796 
1.329390460838 
1.209580230391 
1.207871114582 
1.239556839712 
1.322101038241 
1.339421383609 
1.359657091928 
1.337554268253 
1.333101916292 
1.305465709486 
1.404706693521 
1.378720055230 
1.404829867533 
1.268347192196 
1.195795883385 
1.350122560201 
1.353835302352 
1.368020240873 
1.364332983262 
1.381881837605 
1.320168479406 
1.488219636926 
1.602968107407 
1.454523173646 
1.351883998627 
1.418110309291 
1.351044750553 
1.337618711534 
1.347738077994 
1.344078787170 
1.475066742128 
1.450549852890 
1.409068641789 
1.495808535400 
1.530155261222 
1.560246827358 
1.590479829080 
1.507702109004 
1.443170461210 
1.519915848666 
1.629438653007 
1.404021824339 
1.505336193551 
1.322514357888 
1.300094067152 
1.303737707018 
1.408852532695 
1.351613823664 
1.355664449170 
1.314369176635 
1.286730291175 
1.159212291688 
1.027478213835 
1.126337059511 
1.055477056887 
1.043843046530 
1.102850587004 
1.128057489137 
1.214270721662 
1.284398223653 
1.263817573521 
1.310733562785 
1.283643452671 
1.249273769889 
1.266907993183 
1.302817352278 
1.306458277960 
1.389537613792 
1.344960485138 
1.383454483895 
1.330265855488 
1.232512849374 
1.003457939917 
1.148580929328 
1.155266212014 
1.151154077015 
1.239302181438 
1.235548652819 
1.287780246252 
1.290580544332 
1.220253210762 
1.259993507282 
1.278644852410 
1.312972991280 
1.396979557012 
1.381994234204 
1.327323738223 
1.337448570834 
1.277083092861 
1.294421425213 
1.244259634486 
1.238548027695 
1.253693952798 
1.200645372190 
1.230376294459 
1.183699553739 
1.210205578662 
1.162523169205 
1.121138925410 
1.077849717512 
1.042128744785 
1.134586821754 
1.207972305271 
1.215512507287 
1.245500699796 
1.126680866520 
1.143959027289 
1.185347412774 
1.312737003366 
1.320834280692 
1.278083885850 
1.147134071976 
1.253097846583 
1.416924175491 
1.331903913138 
1.342969905483 
1.307954736985 
1.302121232184 
1.290416447711 
1.248296321221 
1.208090486726 
1.177740894168 
1.279766191264 
1.116700075403 
1.203316839944 
1.195015167898 
1.242129889784 
1.339137661550 
1.246310984777 
1.376789168323 
1.411362579072 
1.522807812759 
1.489054943443 
1.530489385337 
1.504500080363 
1.476752277845 
1.452153378413 
1.307608764848 
1.328457758517 
1.196504352990 
1.093074376550 
1.102068147638 
1.191794825366 
1.187151627826 
1.238520870895 
1.236819756242 
1.307945881943 
1.207296380797 
1.089646420546 
1.174227878639 
1.252732228469 
1.197303920461 
1.189961572608 
1.207822956187 
1.271085092815 
1.270727387843 
1.089679239610 
1.054078957621 
1.048100997993 
1.061752170502 
1.024710516786 
1.146234808841 
1.176122048379 
1.230628212991 
1.122725329614 
1.142383331814 
1.153910000616 
1.139465753438 
1.109240364515 
1.134225191403 
1.168422603089 
1.172637594197 
1.205215505764 
1.108590530949 
1.099062090437 
1.132334910961 
1.122773875950 
1.041981290631 
1.001947303206 
1.048457024514 
1.128494956936 
1.130118737683 
1.173696004812 
1.118645844030 
1.118279694136 
1.156294734708 
1.093151857602 
0.997277831458 
0.980692780664 
1.085364758417 
1.124902806163 
1.170680894978 
1.168830588875 
1.132722195760 
1.151543561504 
1.209667576878 
1.009847260997 
1.224882256980 
1.245626183158 
1.247513566455 
1.158920748080 
1.154925166727 
1.123650496974 
1.136519148216 
1.055013950842 
1.083641557399 
1.082116403179 
1.009442497178 
1.080892373548 
1.029041191198 
1.057080674887 
1.073720707503 
0.993686070195 
1.058088490844 
1.222012588932 
1.218469760128 
1.256179804573 
1.260129569679 
1.280657778489 
1.300393002779 
1.242858908507 
1.266477240004 
1.213432366859 
1.234363359227 
1.188726455470 
1.232879145741 
1.288045502690 
1.286870311480 
1.316513824396 
1.292038572832 
1.318667990627 
1.338436736284 
1.325344049790 
1.340319369375 
1.329961643774 
1.359774083977 
1.326202124517 
1.306162102556 
1.285619320296 
1.282312052850 
1.262319012490 
1.228564095664 
1.185895821038 
1.183484531801 
1.174744283205 
1.158807983180 
1.158539392310 
1.153466989501 
1.152269907016 
1.177559716768 
1.188893702007 
1.202186171166 
1.183980344968 
1.202427334041 
1.188096754453 
1.145495273090 
1.156952225293 
1.102801986785 
1.197624545072 
1.198031571393 
1.197532001948 
1.198027589072 
1.157760970851 
1.174087705457 
1.152006668685 
1.135549849495 
1.179258039802 
1.126658083059 
1.080274475891 
1.106059554571 
1.118348774540 
1.121735209279 
1.164023842165 
1.158556711500 
1.183908127027 
1.183248439896 
1.188675974322 
1.197389724409 
1.208414811792 
1.207004847019 
1.198441233976 
1.223224798528 
1.208937688612 
1.223931481325 
1.179444503508 
1.156465414240 
1.131751887712 
1.056944774562 
0.969297249672 
0.999885527618 
1.002763123559 
1.007580194533 
1.012600350956 
1.108009856611 
1.124226313319 
1.087458436057 
1.057415741777 
1.083425129858 
1.080541730826 
1.144717135814 
1.169115179185 
1.226196658487 
1.218559924228 
1.269401366245 
1.274261974180 
1.261070068970 
1.230417843931 
1.238093288780 
1.208274943568 
1.262207015786 
1.333606820339 
1.472009126586 
1.477377728218 
1.475871646768 
1.467187728210 
1.280305359077 
1.295950503887 
1.303286197025 
1.296322475053 
1.295895493969 
1.292209454999 
1.281552387407 
1.250547051110 
1.240232040374 
1.225628893798 
1.155050576501 
1.227049389618 
1.202304785709 
1.376876730949 
1.339904889478 
1.308960660471 
1.242419418188 
1.243171414129 
1.279453566413 
1.290709358635 
1.265883974172 
1.287174850214 
1.348721357410 
1.341227133967 
1.274421229306 
1.271026956037 
1.273301660433 
1.284672522888 
1.274303344973 
1.268168907751 
1.275037547099 
1.294332997038 
1.257260460104 
1.304944382088 
1.295988255606 
1.285660086534 
1.281897770791 
1.290484858236 
1.290213754834 
1.298417637260 
1.299657527407 
1.223137485738 
1.268973831899 
1.263060450001 
1.251633109345 
1.260584127906 
1.281102490540 
1.169559498812 
1.231171255632 
1.288534161446 
1.143522871849 
1.324339762850 
1.226575626293 
1.338976472108 
1.417180608232 
1.356933878195 
1.316188451873 
1.291236738955 
1.302025646577 
1.121720563464 
1.168900558071 
1.360319210889 
1.287620399421 
1.294485727314 
1.312133505792 
1.147699591297 
1.136418442566 
1.150852176558 
1.490174587039 
1.438429684174 
1.353001342184 
1.356424727801 
1.421338076103 
1.452499459975 
1.501690745166 
1.443519828456 
1.395959993183 
1.392564847403 
1.463813075838 
1.474967779549 
1.535644305318 
1.531978202326 
1.557152151439 
1.478787495556 
1.403684757051 
1.343495424615 
1.287899351486 
1.385582322159 
1.390512390852 
1.481544801077 
1.442964880611 
1.476616660252 
1.460493973127 
1.485150964938 
1.400561968447 
1.528552032616 
1.579027360959 
1.464831865839 
1.342604628795 
0.995281517686 
1.040845548295 
1.089590337951 
1.101416470765 
1.007295654020 
1.095618663451 
1.308851638962 
1.233824520721 
1.268196517425 
1.226358680358 
1.191109508701 
1.136025336982 
1.148419740239 
1.212129836354 
1.217426512703 
1.061196825416 
1.198537624265 
1.247817712584 
1.055683344185 
1.041807176434 
1.096177700841 
1.112357024436 
0.991602664883 
1.176367210826 
1.222722397015 
1.035607920730 
1.063147062946 
1.062835671593 
1.276332408314 
1.024823184906 
1.148051410518 
1.215086456795 
1.195443333404 
1.069028731173 
1.247431607931 
1.208685245736 
0.849557531760 
0.944107059919 
1.059106969890 
1.154964367360 
1.229561749011 
1.220590654214 
1.153443967330 
1.078662658058 
1.091487868195 
0.927482424721 
0.903673032847 
1.015971648079 
1.051684347377 
1.008856441287 
0.952018768139 
1.065875590933 
1.133894216236 
1.112211254771 
1.003477427609 
1.311266773293 
1.423577761817 
1.524715378354 
1.478878431802 
1.452595156510 
1.467297068425 
1.470949165553 
1.500603535526 
1.400172056656 
1.377250774700 
1.489954786484 
1.276693724575 
1.307434285218 
1.280283731764 
1.318906194163 
1.318730328672 
1.363250584401 
1.506783150239 
1.584797025715 
1.455019530776 
1.466336773156 
1.461977596540 
1.478575263197 
1.463974915168 
1.330043545781 
1.299884747192 
1.292389199831 
1.438400622522 
1.419019722468 
1.637751646869 
1.561642207078 
1.465912139161 
1.595797874224 
1.462518787467 
1.368142110224 
1.407025344245 
1.384126416645 
1.459965618901 
1.434046592319 
1.397438232896 
1.422645102303 
1.501984176191 
1.393099572030 
1.198750587674 
1.189286661037 
1.149075785797 
1.132301323666 
1.117686773966 
1.216685511078 
1.183189812803 
1.258860810650 
1.324534047079 
1.356027866576 
1.222099462479 
1.124105509899 
1.216669896720 
1.250739246281 
1.158162555745 
1.130468390651 
1.224140275914 
1.175631136008 
1.148716623723 
1.184217465253 
1.144363892300 
1.167401288812 
1.108689143836 
1.120819258273 
1.138895732651 
1.187116086302 
1.279780953509 
1.332021486345 
1.332110027703 
1.274410402415 
1.254721374588 
1.254910248660 
1.258232590607 
1.358688179506 
1.508788813032 
1.352213205988 
1.488062032402 
1.650085250523 
1.582190617742 
1.437679755358 
1.346205045479 
1.406268362655 
1.434431429561 
1.452153034667 
1.340960616107 
1.344323649668 
1.369311550089 
1.357363171702 
1.381390682560 
1.371285408210 
1.304478555594 
1.375287696860 
1.437350092768 
1.384586120160 
1.381282863338 
1.540088534903 
1.627418146086 
1.699373608066 
1.522234383003 
1.425603188640 
1.448124713655 
1.234140891877 
1.162193912089 
1.104276214251 
1.153254053336 
1.007048669378 
1.052495342607 
1.039166621109 
1.108269552212 
1.202699771075 
1.276542338969 
1.302160775150 
1.309783252877 
1.386194486611 
1.388489342453 
1.433593358003 
1.382524263206 
1.387728414942 
1.378584129767 
1.271377188296 
1.213413413792 
1.209014416396 
1.201585880757 
1.228249082932 
1.257025684913 
1.199749473397 
1.163982394729 
1.199163149079 
1.106874347604 
1.130429917365 
1.157646048396 
1.164510248036 
1.226582563817 
1.335610709407 
1.101239003056 
1.206079468607 
1.221214178832 
1.192630589826 
1.159466474197 
1.206754877466 
1.215167448428 
1.173080604453 
1.150647201532 
1.157534269785 
1.135904662409 
1.117645455782 
1.185999935617 
1.179819515775 
1.153372425815 
1.242141976677 
1.268513482954 
1.233567615438 
1.253150002849 
1.232704969010 
1.302614176366 
1.298552655107 
1.292282796815 
1.323243788587 
1.349538034572 
1.260058172466 
1.274273097703 
1.234762834354 
1.296718806687 
1.214795912693 
1.265822257061 
1.252507418168 
1.227670815759 
1.259425986108 
1.281761933931 
1.258217469843 
1.279595790923 
1.384055481117 
1.371470187153 
1.316720488751 
1.269028571383 
1.274217150544 
1.274777075631 
1.312969744217 
1.308094670354 
1.306713164031 
1.310352204236 
1.272989375039 
1.267878864907 
1.353294637626 
1.369046014337 
1.380272039588 
1.380272039588 
1.366891232855 
1.310955127605 
1.350599849700 
1.382470936351 
1.361228435585 
1.350546129065 
1.334871312594 
1.322057763109 
1.338382832908 
1.315501997089 
1.327411324843 
1.380037198101 
1.326741173647 
1.366880457755 
1.349504209331 
1.473484207674 
1.452309316834 
1.446585942713 
1.410030774455 
1.447578625747 
1.457898581089 
1.395540502524 
1.379135827304 
1.422832994608 
1.359089914029 
1.278814565031 
1.259091359690 
1.259678879677 
1.283722712536 
1.329981433361 
1.360266920807 
1.302386741595 
1.526754105134 
1.630083807780 
1.663393221645 
1.678707884846 
1.540905252251 
1.521192783925 
1.674733356192 
1.600458643974 
1.498375261113 
1.561678525601 
1.471549668522 
1.386908901819 
1.371832760641 
1.429080399398 
1.438998405081 
1.480876133677 
1.558787608096 
1.508105947149 
1.519259902991 
1.495613485021 
1.532236820727 
1.537542566283 
1.391433456108 
1.450386071897 
1.410991871862 
1.430386949463 
1.425544974598 
1.446854464173 
1.465100194145 
1.408650457311 
1.431139175149 
1.451862425319 
1.458581841337 
1.445496009581 
1.525677831978 
1.497778492851 
1.451658045687 
1.393726800125 
1.419656471132 
1.448421394474 
1.458347699331 
1.411876955132 
1.347894691787 
1.415101554737 
1.508601725104 
1.344418707509 
1.377615494463 
1.382771248684 
1.382852294292 
1.332063498436 
1.383061289134 
1.436855169960 
1.468251524696 
1.479910619987 
1.453007509184 
1.447336895324 
1.491313859799 
1.494546955226 
1.494948835960 
1.521027288598 
1.550937165232 
1.466833097142 
1.477539897298 
1.571267558347 
1.607605892027 
1.587598060717 
1.612209942173 
1.582992590520 
1.522757538738 
1.499597410842 
1.493526440238 
1.607700163482 
1.459604243635 
1.533608285828 
1.445416742803 
1.476591712302 
1.485197698120 
1.470610683736 
1.476817097862 
1.470657888990 
1.441203110824 
1.453170063228 
1.586280263995 
1.661254382468 
1.675673935678 
1.496909489360 
1.454158100739 
1.456492713980 
1.401270667935 
1.512414368230 
1.469058963966 
1.401261179404 
1.241333062961 
1.334700368663 
1.300990371139 
1.307172686900 
1.370374899852 
1.249407060016 
1.449171725286 
1.214273087694 
1.263647623247 
1.271689249305 
1.205726624952 
1.290188713583 
1.374268283912 
1.459608426430 
1.501809331636 
1.495760087183 
1.499460986183 
1.429581672993 
1.345915809056 
1.599187168916 
1.617099727578 
1.553624896985 
1.554841718349 
1.541983319144 
1.512063577480 
1.524971492479 
1.504655573607 
1.449776296372 
1.350584201945 
1.187177140975 
1.149238552136 
1.186605622546 
1.271936789479 
1.274658710523 
1.293283189451 
1.350060751216 
1.394698232668 
1.344768220278 
1.507626101065 
1.468941531110 
1.454142894089 
1.464793164750 
1.360327398183 
1.365309944432 
1.369089416703 
1.344400434559 
1.319414838041 
1.365329978973 
1.334224548646 
1.333444407979 
1.266236501353 
1.268536957953 
1.279548883770 
1.309652414669 
1.265607806699 
1.256198996192 
1.249112570293 
1.266991506811 
1.109409420606 
1.286792749697 
1.252841636017 
1.171947270427 
1.106377027756 
1.119396316231 
1.117294367102 
1.088884691678 
1.079632200655 
1.137479155907 
1.062633103851 
1.147331565316 
1.204382767442 
1.197391126584 
1.258287251133 
1.310146098637 
1.328540746929 
1.376666524133 
1.355310406489 
1.276897067044 
1.364417487311 
1.418147172695 
1.407069404303 
1.404769066498 
1.341799174936 
1.300721347049 
1.283839754665 
1.246870271476 
1.264901604575 
1.259934108864 
1.272668095419 
1.309021137163 
1.306795346346 
1.409654726052 
1.454277262341 
1.356993473797 
1.442260384411 
1.488558673406 
1.510202479913 
1.516797778894 
1.528695202346 
1.482863969564 
1.413849130190 
1.439775784421 
1.434763722028 
1.428830298074 
1.423855341507 
1.451966443624 
1.565159231078 
1.518621185753 
1.480079312779 
1.502478308779 
1.535944043915 
1.595324051564 
1.603430181537 
1.639241487011 
1.688305059516 
1.731116014135 
1.683242546680 
1.673516621905 
1.464351626518 
1.506490689266 
1.459905706293 
1.324938142269 
1.321363089640 
1.337866795279 
1.297132476476 
1.239090735744 
1.143705859775 
1.118170025877 
1.096272863536 
1.151887933022 
1.052998633527 
1.150569106422 
1.313626397937 
1.317886900498 
1.496922073720 
1.346046549486 
1.285831584492 
1.312466158999 
1.259820121968 
1.252163030276 
1.288288997980 
1.250087610322 
1.256057747145 
1.093611060989 
1.080229514768 
1.099660877918 
1.126041613531 
1.158826427278 
1.128889239999 
1.228365306632 
1.004374458972 
0.941036013881 
0.956343599508 
1.058540388447 
1.035967219673 
1.064820574248 
1.038089412480 
1.166795702608 
1.062567324970 
0.986892715166 
0.911899232789 
1.029521867525 
0.994813870422 
0.999309377623 
1.055638798940 
1.014450787829 
1.124276669823 
1.283642822190 
1.232836226242 
1.375893892495 
1.447269717881 
1.454770065056 
1.377951814716 
1.392831970229 
1.466814472715 
1.486788236897 
1.389247699136 
1.185303045602 
1.175889819528 
1.252663351326 
1.252327211588 
1.282845176310 
1.228668610282 
1.219767640820 
1.318640696805 
1.370110801657 
1.372798792724 
1.414716559315 
1.417859610786 
1.447159318077 
1.379556184027 
1.470800663638 
1.444440170071 
1.484805961351 
1.572319566448 
1.536178595272 
1.582579536466 
1.481174095947 
1.584421656756 
1.660246909211 
1.539287782044 
1.524606441501 
1.470348187271 
1.508689521090 
1.527347680871 
1.523144072073 
1.559709264864 
1.575338175257 
1.427410853147 
1.397944780261 
1.333326541064 
1.364928863832 
1.355438975978 
1.227275070022 
1.250044801592 
1.211155403798 
1.321240194825 
1.256563056282 
1.241087942712 
1.308408311208 
1.274766566846 
1.320916782425 
1.297855508432 
1.292331157710 
1.292099880857 
1.254095018785 
1.237694977584 
1.240881220074 
1.215201523959 
1.229116430762 
1.218885683660 
1.238988967959 
1.241626771094 
1.203685533311 
1.203685533311 
1.227976172866 
1.201002147792 
1.284047053911 
1.273125626060 
1.313816063255 
1.296495787896 
1.126815690840 
1.160521236376 
1.242815564749 
1.225638092215 
1.211712448954 
1.264775405369 
1.276554977650 
1.261286063922 
1.279038399391 
1.276789807855 
1.283606602725 
1.320772053401 
1.338899950469 
1.374116477776 
1.362838840639 
1.372784426003 
1.367420038731 
1.416507863678 
1.443784394589 
1.429667020785 
1.418746923023 
1.296196925495 
1.244422102950 
1.272180311264 
1.284211517589 
1.271711170603 
1.314087974952 
1.316675030079 
1.333418677933 
1.350524066788 
1.322048493023 
1.336367863634 
1.331040779776 
1.356529141353 
1.380054202945 
1.382819299017 
1.402380465139 
1.421611045952 
1.400717607342 
1.433737084132 
1.373853589681 
1.363211712851 
1.339158354204 
1.352843485691 
1.348452625808 
1.322302818179 
1.315196990787 
1.339039577724 
1.284572464212 
1.289594452623 
1.280147733718 
1.261300510305 
1.261300510305 
1.249637085487 
1.266924744030 
1.280529006903 
1.258508019718 
1.253109268745 
1.234683775162 
1.230259792974 
1.289192382926 
1.275330036594 
1.275659058053 
1.280634345989 
1.322247871345 
1.325726370409 
1.305150287724 
1.375035424479 
1.393583172353 
1.401844246112 
1.394846241424 
1.394846241424 
1.373342974342 
1.425264008260 
1.427852765301 
1.358282923349 
1.417152184128 
1.449895631691 
1.425173903880 
1.376798752957 
1.378521961987 
1.329293209355 
1.388134432348 
1.326308296975 
1.414717939347 
1.433270523374 
1.353270181162 
1.317869780571 
1.297584456326 
1.298837171242 
1.285444514935 
1.294160329863 
1.345880700383 
1.344155996120 
1.297075074232 
1.319301866633 
1.339156084192 
1.322594744399 
1.238980625465 
1.484147596398 
1.360405402110 
1.427408215265 
1.365329858256 
1.532690828162 
1.472899721555 
1.309624788207 
1.368246367856 
1.454613792054 
1.562388826316 
1.518811664639 
1.329807845801 
1.234568872893 
1.229917637186 
1.310260109072 
1.303021200905 
1.388890500078 
1.322086820663 
1.332505641330 
1.248929085736 
1.215460820912 
1.165548116964 
1.346422973613 
1.401924098662 
1.249588991686 
1.230840571308 
1.192196004213 
1.195048227457 
1.203595054056 
1.354929060144 
1.619042343723 
1.694407830839 
1.627823234599 
1.836427897263 
1.808971534325 
1.541872978891 
1.700819151918 
1.731110936715 
1.636592759776 
1.571213276260 
1.592211876393 
1.590730230201 
1.629693214517 
1.455001384489 
1.238474928051 
1.206314933624 
1.228174566973 
1.249178061981 
1.214001090139 
1.281273999492 
1.199670982816 
1.245990694965 
1.298054909638 
1.257814979864 
1.264970053288 
1.270329183898 
1.265007649401 
1.276874052374 
1.221217531253 
1.182473907291 
1.108661309186 
1.107033254359 
1.134079108262 
1.125309673223 
1.176718576167 
1.180292460052 
1.135933222390 
1.287773687254 
1.325308500569 
1.300119175626 
1.308176169658 
1.388264383265 
1.283336607027 
1.488327256041 
1.690614368567 
1.646639140181 
1.572607045501 
1.568431087632 
1.418783416994 
1.089211785920 
1.116198773974 
1.136972847290 
1.141409932006 
1.184344351972 
1.131099018045 
0.959930755161 
1.019937289797 
1.195434217235 
1.289637665564 
1.264766614467 
1.241940060298 
1.243987314194 
1.206498545603 
1.203385828417 
1.188952663556 
1.197467792636 
1.278341289497 
1.271526148226 
1.285237389414 
1.314961412449 
1.316451425529 
1.281838788481 
1.267631007831 
1.216768400866 
1.199214306216 
1.052647734612 
1.065994209136 
1.070243304678 
1.074710669999 
1.137382997717 
1.284379853328 
1.153117922160 
1.200141754692 
1.139397421816 
1.302754485170 
1.284925178119 
1.243744433297 
1.278349548848 
1.291700652620 
1.347850784899 
1.468148351310 
1.412208953467 
1.428761398080 
1.392094111902 
1.307774014487 
1.201899934524 
1.144624911232 
1.358310369184 
1.185136893751 
1.144078507731 
1.283718632989 
1.321386404003 
1.329549867393 
1.341013102959 
1.343253117377 
1.342234295472 
1.376129546190 
1.377445698300 
1.356381253988 
1.409125035414 
1.395739905647 
1.400838317991 
1.374116586945 
1.135761876222 
0.938568807941 
1.343373862716 
1.362687091372 
1.351465869627 
1.349556323513 
1.405391863192 
1.417056550567 
1.438446907599 
1.307336671246 
1.231404585042 
1.268735684376 
1.511000386115 
1.498502866791 
1.457730483917 
1.406049396267 
1.409643552207 
1.431858936474 
1.444358989942 
1.438177182099 
1.488991097366 
1.551903026443 
1.588411111457 
1.582394622934 
1.448126450492 
1.532206248235 
1.536612375466 
1.510422624156 
1.499529910032 
1.433682542827 
1.453886345457 
1.482313672594 
1.389455013207 
1.481568318936 
1.456900711591 
1.423361111371 
1.449708881207 
1.439176452403 
1.381712839263 
1.381428964351 
1.336973353944 
1.313667453456 
1.288006534026 
1.272727367262 
1.255928863251 
1.236290994602 
1.356259819255 
1.391679186611 
1.282303619053 
1.257458796671 
1.210190239905 
1.294052771955 
1.405605498200 
1.403975080434 
1.426336068519 
1.444649560465 
1.513434243506 
1.627814769058 
1.615021633433 
1.723208079264 
1.713004141761 
1.601751933546 
1.559278624531 
1.663313922177 
1.717636625002 
1.623735651277 
1.680002108800 
1.663621490704 
1.597729152328 
1.570177100928 
1.564070859674 
1.567319906796 
1.423470293145 
1.439331462258 
1.504919643747 
1.569488575058 
1.595530991432 
1.541225324091 
1.685508750071 
1.621776969708 
1.540961220143 
1.457074676298 
1.452669208000 
1.446431869364 
1.458296322669 
1.443987009693 
1.476896051813 
1.509634062153 
1.514377326858 
1.412671077747 
1.415977596528 
1.477619247920 
1.473012028896 
1.543355485880 
1.444499998224 
1.533409968146 
1.508127846994 
1.443865037139 
1.428889844737 
1.440851916800 
1.424135375835 
1.491082966683 
1.562370352929 
1.454276448940 
1.432458329397 
1.542358497197 
1.579487902808 
1.614250148970 
1.517801881462 
1.490238759314 
1.553677560757 
1.381704183562 
1.336183350917 
1.419808462969 
1.226758116840 
1.323778644381 
1.350563158620 
1.362070662321 
1.452758540874 
1.462112247998 
1.523679903596 
1.421041081031 
1.450475719046 
1.316330302814 
1.322504889928 
1.301226053907 
1.329949231061 
1.403733446152 
1.382448204323 
1.468751316927 
1.490278907458 
1.540361643059 
1.524744628199 
1.539400633947 
1.510666929585 
1.510558520180 
1.548752466005 
1.507068897721 
1.567448598069 
1.602873163123 
1.588565473595 
1.572566108514 
1.636411894105 
1.461158126112 
1.595503809771 
1.701481142421 
1.673581912078 
1.535655427314 
1.579594927416 
1.533246453161 
1.526714048517 
1.535028200586 
1.527270075077 
1.492737472487 
1.489873571311 
1.509063409739 
1.515294309324 
1.501654132278 
1.457476359794 
1.456508379438 
1.439876767735 
1.427866522775 
1.440197222841 
1.480370417821 
1.468044984399 
1.468006027240 
1.457504851925 
1.436146347166 
1.439792882410 
1.438483767122 
1.424862317141 
1.414552447932 
1.394399251917 
1.364199619622 
1.367156675615 
1.362478203435 
1.384079505929 
1.374736693937 
1.375544608610 
1.372581681105 
1.377822120167 
1.358340713655 
1.346941041310 
1.298828199729 
1.289360059731 
1.316827569961 
1.318777591134 
1.320784514086 
1.310347157673 
1.288044786902 
1.330611030880 
1.247300260842 
1.250186746979 
1.248820218323 
1.247050460570 
1.249231501511 
1.288620356934 
1.281823508404 
1.247273293364 
1.238301974354 
1.238164513808 
1.245989938614 
1.258987375657 
1.288571899610 
1.273469309243 
1.275837062965 
1.273398489541 
1.270577096098 
1.294156030787 
1.288786366093 
1.231070661349 
1.214378555426 
1.216749654989 
1.188646482496 
1.296687609239 
1.303687712570 
1.348762202660 
1.325854694738 
1.310400027304 
1.300019595624 
1.311963838030 
1.249779139679 
1.246124999497 
1.256502847674 
1.252851595778 
1.263940489387 
1.313325583920 
1.339679186835 
1.344792914322 
1.338437299852 
1.515337928958 
1.487256979065 
1.478915529439 
1.519755220171 
1.461118714389 
1.478790489973 
1.240410488001 
1.183084589094 
1.236750896922 
1.244009682230 
1.248467071202 
1.338108383989 
1.292831121523 
1.385527740576 
1.363841360669 
1.396029041996 
1.392195432076 
1.406256619325 
1.491188338859 
1.333774668644 
1.297159009657 
1.293205874973 
0.990012001010 
1.066660860477 
1.266755804191 
1.090277417427 
0.959391825027 
1.142543319123 
1.199524127920 
1.190658555100 
1.159127063152 
1.145374694784 
1.157119026893 
1.189256827225 
1.332389877698 
1.392801842894 
1.142323027719 
1.115237124214 
1.120797973718 
1.190788052195 
1.153277357462 
1.089387441216 
1.077708314959 
1.127208316740 
0.974483797562 
1.187134695499 
0.971012533867 
1.111921250384 
1.083521390061 
1.012223331593 
1.055806054073 
1.077058393165 
1.128732706612 
1.205424222195 
1.160104159649 
1.321032815646 
1.275193258764 
1.251173518959 
1.183489324253 
1.196353999751 
1.240594174235 
1.249356713877 
1.379281428069 
1.293553525198 
1.272089572947 
1.222606980776 
1.252278922743 
1.179979887502 
1.327292342290 
1.223230016893 
1.264673971829 
1.326401501274 
1.313601158234 
1.377284573488 
1.374986055281 
1.408476721493 
1.316739184991 
1.339519846459 
1.401384684702 
1.441898645538 
1.447797308654 
1.466074431734 
1.545661718347 
1.444600957059 
1.372924852091 
1.390360166780 
1.368333440627 
1.577811949247 
1.557179399244 
1.254429694380 
1.242361699793 
1.318322262920 
1.409624582214 
1.322897357801 
1.455225944297 
1.591339112746 
1.533061022393 
1.398214185806 
1.351975903411 
1.356329156977 
1.324267803035 
1.278136262317 
1.246835567726 
1.268299920248 
1.406442167152 
1.443584416873 
1.481641414911 
1.378133407588 
1.463671353851 
1.470239391820 
1.446301242475 
1.515015832646 
1.389535074519 
1.371979671318 
1.351942577168 
1.342775102562 
1.449112899717 
1.389070882316 
1.383334180561 
1.377570448750 
1.273852390579 
1.346852807121 
1.356606877793 
1.407612623131 
1.299597968665 
1.410759207193 
1.441764229149 
1.269169164649 
1.298333044997 
1.348769492960 
1.345326225216 
1.244842656860 
1.237671638780 
1.188512878672 
1.196489695277 
1.148329494453 
1.020859372831 
1.071198311870 
1.247650949774 
1.105491989107 
1.132477832697 
1.340276602972 
1.316400493910 
1.244201967972 
1.290802934792 
1.364229585628 
1.350120826500 
1.273326292421 
1.362434823939 
1.365386084886 
1.364051306688 
1.328084560202 
1.348376835708 
1.319311827935 
1.319685712978 
1.149291370977 
1.348785781810 
1.322737948497 
1.378784391330 
1.277007491428 
1.239243602102 
1.223482391335 
1.277000710131 
1.124090799926 
1.104354493703 
1.059152263487 
0.989541396396 
1.061693766753 
1.096242657995 
1.200743531879 
1.161044567540 
1.338246290653 
1.272259791672 
1.272215808213 
1.319614187503 
1.295532260884 
1.281591085223 
1.319423535920 
1.272524423175 
1.394508955325 
1.212524226383 
1.186125951367 
0.941022625802 
1.201645137708 
1.182709772834 
1.191603228373 
1.207218697282 
1.139737967925 
1.190385181890 
1.154990643334 
1.125643748276 
1.184799314904 
1.115268630715 
1.111821801824 
1.125383789217 
1.090420454202 
1.340124277648 
1.346259625485 
1.315552858942 
1.355707933146 
1.373717546256 
1.262443563762 
1.256334028227 
1.218290888783 
1.149370985273 
1.175800757303 
1.113020221013 
1.136530882243 
1.067230612790 
1.046264552009 
1.086942611208 
1.087215172927 
1.164327064672 
1.230443194553 
1.225049641054 
1.330500226522 
1.395606602071 
1.365726809659 
1.368297581934 
1.371919261694 
1.407732680518 
1.339916683724 
1.300256407059 
1.323823723004 
1.450702443776 
1.486198200384 
1.551610650117 
1.502639641006 
1.508645249678 
1.445372727877 
1.384627431740 
1.312148352999 
1.377200963254 
1.297855429660 
1.235176812542 
1.240084372457 
1.379177964874 
1.423707030940 
1.384805334013 
1.555688245539 
1.761156049033 
1.466959735460 
1.433745996808 
1.393369456247 
1.393087482085 
1.306234508160 
1.345486933306 
1.358695170640 
1.329431972894 
1.363958742045 
1.271116407588 
1.267863514650 
1.310500241012 
1.395529070701 
1.340352447020 
1.368322259215 
1.429557243979 
1.346771177623 
1.411315377642 
1.588263268866 
1.586408927900 
1.697108548659 
1.643426961696 
1.505355890984 
1.426318200702 
1.472347324469 
1.404671988499 
1.462787183912 
1.506422952707 
1.476620931747 
1.520816013238 
1.526977548882 
1.604678840714 
1.588087518869 
1.423157491061 
1.464789499328 
1.303747853307 
1.303436803291 
1.257646573641 
1.337071451681 
1.405814065853 
1.376984147225 
1.370240834619 
1.403681540639 
1.338515355322 
1.485010850390 
1.375764533609 
1.336878190865 
1.278872531194 
1.309405656089 
1.326547828530 
1.261344441477 
1.322315069969 
1.363504874751 
1.321342063056 
1.264448445426 
1.270565048626 
1.295454986813 
1.222509135822 
1.177849584163 
1.277255191812 
1.269334599161 
1.353601432620 
1.434295543311 
1.446191648501 
1.405291546770 
1.405061664573 
1.362036457235 
1.433664601960 
1.448974611118 
1.450535447568 
1.458396943716 
1.306351494439 
1.413920398842 
1.289842439243 
1.303896291812 
1.349953862177 
1.294105908875 
1.354873229359 
1.256945834096 
1.365421716003 
1.272246837974 
1.250554019409 
1.259927483953 
1.203630370240 
1.151458142565 
1.116584119814 
1.218979132295 
1.206189946855 
1.121352635731 
1.067538933906 
1.026452594604 
0.924711807479 
0.931422262911 
0.969685330105 
0.845307510713 
0.736061201351 
0.883547350328 
0.897127597826 
0.763178261977 
0.866409819430 
0.963538635697 
1.034290616274 
1.051122943333 
1.152245556821 
1.104058945050 
1.081434725328 
1.099982579744 
1.249828369152 
1.289166614231 
1.112402696976 
1.112709840575 
1.107209595575 
1.101459975753 
1.086046770928 
1.147287241483 
1.167081285728 
1.224942965624 
1.334417026127 
1.232073692776 
1.273000806960 
1.421785687416 
1.370214862013 
1.419517654625 
1.402414985004 
1.404397083296 
1.234414758944 
1.188577877443 
1.256783838252 
1.173548584761 
1.280185061719 
1.321732630254 
1.375321157596 
1.335633603334 
1.361894848130 
1.426473071281 
1.478063286793 
1.525613638636 
1.485638587892 
1.374407463387 
1.335627541008 
1.362321945632 
1.304010621726 
1.271738778512 
1.278741943524 
1.258674818755 
1.409502029946 
1.122881917113 
1.339311504856 
1.365059030307 
1.318452011204 
1.244169976281 
1.189287522604 
1.375755920698 
1.425674224763 
1.487620491775 
1.457966029978 
1.439255747833 
1.363762055423 
1.294502388968 
1.279949933523 
1.330218825077 
1.463438913202 
1.410653906803 
1.458166828219 
1.576638876956 
1.402692893490 
1.496783348054 
1.322699873490 
1.203469566221 
1.221465263844 
1.151468097650 
1.260639888282 
1.208812249793 
1.155345250019 
1.135885476457 
1.170150057366 
1.194722226280 
1.230271902638 
1.263700126421 
1.276924653812 
1.318345913295 
1.311970377630 
1.377100292118 
1.510961451265 
1.657634614993 
1.578598272089 
1.525339718981 
1.531429991336 
1.676734748840 
1.574979791238 
1.587200573055 
1.552768350161 
1.632647646792 
1.501570332835 
1.328910872442 
1.305850531296 
1.343576187631 
1.278777590568 
1.228561410092 
1.270406125967 
1.285536614440 
1.211616849994 
1.263490037564 
1.177916130557 
1.186218626750 
1.095746756724 
1.213180261358 
1.429391698887 
1.307582571571 
1.298211972130 
1.270339805591 
1.240442826997 
1.255948203038 
1.254097845743 
1.235346558899 
1.272326009410 
1.262769436389 
1.275706862611 
1.255198461258 
1.206981260963 
1.199327101585 
1.214183119658 
1.272310547697 
1.281667413271 
1.262383843021 
1.458636963180 
1.408765922354 
1.387505988755 
1.396142542714 
1.426582046658 
1.490973942519 
1.515839732977 
1.505381304407 
1.460571090703 
1.471465897141 
1.457665689051 
1.492107608411 
1.513868370762 
1.467958182262 
1.553108657542 
1.530051972737 
1.498475958001 
1.569431135675 
1.543397558621 
1.374700241514 
1.311110246359 
1.323556823784 
1.341401427374 
1.338127282332 
1.335901599598 
1.229639383983 
1.225513655644 
1.241939297840 
1.181881316954 
1.115754094614 
1.100295341661 
1.074930838517 
1.069771950001 
1.129326626961 
1.114016682047 
1.101422351980 
1.099384832783 
1.093946050539 
1.199489610824 
1.204684123145 
1.193446450596 
1.190048500045 
1.174439776417 
1.189892811898 
1.251277959661 
1.251942979782 
1.297361625038 
1.300580002797 
1.289544233517 
1.393637265783 
1.368576384243 
1.352436978053 
1.266886028847 
1.388669841541 
1.402882391244 
1.404015516323 
1.534151972850 
1.418662320339 
1.384951734682 
1.393417279833 
1.400326101137 
1.434196858097 
1.470617478016 
1.563006587772 
1.529675676719 
1.578842236847 
1.571256059380 
1.489964298617 
1.437982628666 
1.458011503157 
1.509678041526 
1.499692527607 
1.579911123346 
1.529956950066 
1.551597454998 
1.551346072475 
1.517315066369 
1.559696069497 
1.545343264637 
1.536304661581 
1.500805728415 
1.482424919337 
1.403882108233 
1.422298024736 
1.338225194271 
1.410238929464 
1.466357785613 
1.400456910086 
1.334681404015 
1.329083830939 
1.372642236906 
1.531939840354 
1.532113288708 
1.489330972736 
1.497647649812 
1.473468374996 
1.388743768838 
1.370976726451 
1.374519733074 
1.344307318829 
1.328855398503 
1.458638437871 
1.405871025047 
1.413230505781 
1.419599899777 
1.488234883086 
1.481576299245 
1.452780535937 
1.377333442629 
1.404156558068 
1.445064427013 
1.342684324121 
1.317605614541 
1.340650768086 
1.377679814685 
1.388827854195 
1.402844996390 
1.413468013260 
1.440164816146 
1.418168749128 
1.431570057915 
1.443349797000 
1.695397332760 
1.711717097132 
1.524272297738 
1.503600888608 
1.514974456561 
1.533900553695 
1.497696954690 
1.476172764848 
1.475888760985 
1.477051280715 
1.321043846535 
1.390720724567 
1.380269453599 
1.388402078751 
1.505559812607 
1.471315813683 
1.529788452671 
1.523088322833 
1.560931168800 
1.356887678585 
1.360371214173 
1.380780687479 
1.302220966060 
1.407585683274 
1.477608229990 
1.512538228849 
1.418234390536 
1.417582352206 
1.474246953688 
1.460499587498 
1.454515797227 
1.429203743482 
1.408221687425 
1.355433113648 
1.398073353819 
1.415865701049 
1.404269450244 
1.401460782039 
1.436838896535 
1.474539380473 
1.389490418496 
1.550982000406 
1.537554757323 
1.500965897547 
1.590586597950 
1.636019573801 
1.524877239776 
1.524031601361 
1.502848125247 
1.519362549987 
1.510207254866 
1.567674547092 
1.572504552824 
1.548303058950 
1.470287588355 
1.477671748909 
1.422368175989 
1.466177078912 
1.411615394670 
1.363964646872 
1.320688256535 
1.309013117541 
1.376507638961 
1.420322174268 
1.482325317993 
1.479641755580 
1.501822364861 
1.573077497262 
1.506768762297 
1.493775400891 
1.477484880624 
1.497154968279 
1.451612061322 
1.417199220809 
1.425409292852 
1.455031751131 
1.414597407246 
1.432037629714 
1.462091394751 
1.494114601052 
1.482228674657 
1.406170597959 
1.427374882576 
1.508244691573 
1.417196793088 
1.413042735351 
1.302086972114 
1.310458311836 
1.324664502981 
1.375071947010 
1.363204389028 
1.367969293125 
1.372211187788 
1.391672501366 
1.383313812242 
1.331485461233 
1.353556802547 
1.300148007794 
1.257430974533 
1.240157119622 
1.263481788494 
1.298236219096 
1.299840244135 
1.276977202516 
1.304664715240 
1.386806935483 
1.472325863967 
1.406604099374 
1.458589153255 
1.424667751163 
1.409434629028 
1.430078604380 
1.392338932609 
1.382509102958 
1.397433581089 
1.374538558802 
1.376211696507 
1.387448344329 
1.505295017454 
1.510572413417 
1.469155867975 
1.511872379793 
1.503846070417 
1.451770715493 
1.424723228352 
1.487589486348 
1.475911075568 
1.529808125561 
1.429211620595 
1.458608714537 
1.482981149674 
1.467229725446 
1.466627037827 
1.444162737175 
1.444876979415 
1.462601758084 
1.452350002216 
1.417252987561 
1.436086846249 
1.425626855582 
1.448999185160 
1.443977481437 
1.464992103771 
1.466341847220 
1.494662150686 
1.457105302518 
1.423443480434 
1.455057080057 
1.490852232165 
1.508323785338 
1.513495531845 
1.479448326019 
1.484989531634 
1.552992948704 
1.513074845800 
1.447901645061 
1.452388093431 
1.508723389208 
1.524914243051 
1.619207665152 
1.593775629807 
1.609101296938 
1.632321239254 
1.631191713165 
1.509280646913 
1.515255256853 
1.564427086625 
1.443459615857 
1.470171163179 
1.587680123333 
1.680239169175 
1.528505191383 
1.546067435842 
1.537372061294 
1.367000802890 
1.350440379748 
1.478425416026 
1.292078112264 
1.103451136988 
1.098794046558 
1.109895077351 
1.119564367666 
1.276835407630 
1.276174352134 
1.272843618999 
1.284654540500 
1.345447885307 
1.346298504926 
1.279574568224 
1.266154325615 
1.200222469548 
1.373045683249 
1.472378567452 
1.436059538651 
1.443859901738 
1.635638820372 
1.547959591006 
1.549739844159 
1.570424008671 
1.408374191484 
1.248382633972 
1.229435780491 
1.237690126959 
1.179207952601 
1.120708677584 
1.132879767227 
1.139919282420 
1.258616350441 
1.239924662553 
1.177029468171 
1.203043417586 
1.215487325876 
1.241044095624 
1.316769041519 
1.338126626085 
1.292896362155 
1.268634466615 
1.261167290890 
1.343529735652 
1.346760006997 
1.274149356097 
1.483069634847 
1.418247358976 
1.451484183059 
1.442351662726 
1.370623764243 
1.245899891942 
1.286577460850 
1.029067547476 
1.019782898207 
1.169093647438 
1.185420842009 
1.217182325049 
1.280237522063 
1.146407332959 
1.345120949976 
1.304946307023 
1.315376440295 
1.266482913699 
1.291569664757 
1.327860097978 
1.328995575156 
1.465709300165 
1.472835819422 
1.476028111326 
1.409503814939 
1.437566354807 
1.409218714233 
1.385144117325 
1.311520120818 
1.280122068174 
1.292264157352 
1.204870149704 
1.381961668461 
1.365756486008 
1.371094638168 
1.393652812960 
1.430536858289 
1.378781966959 
1.516203828058 
1.385117018105 
1.395962909771 
1.452109494356 
1.448576967242 
1.508438585773 
1.361858570968 
1.412305978900 
1.238113226071 
1.253892082326 
1.354337030455 
1.305526409021 
1.353557671235 
1.375398944765 
1.524057821268 
1.417067141757 
1.420730259251 
1.455846843258 
1.360151253813 
1.378679829733 
1.394111965681 
1.296848487491 
1.298847668951 
1.299881335599 
1.316115544564 
1.235130440419 
1.240914764135 
1.224326435197 
1.205337037832 
1.117875313726 
1.268825617855 
1.322301784937 
1.313824425811 
1.317967729790 
1.329544453312 
1.346309095919 
1.270122557880 
1.334043369886 
1.363804355809 
1.349455134106 
1.364989677223 
1.305233405803 
1.226600241658 
1.126171239929 
1.120835493931 
1.160682873090 
1.210975875500 
1.334260642261 
1.312179357134 
1.347015143654 
1.334747582852 
1.247152433673 
1.239183306869 
1.085235348904 
1.253032750344 
1.249678114603 
1.236302195706 
1.221537988133 
1.268260060252 
1.259126733876 
1.290415518805 
1.394517694957 
1.312772579181 
1.318439396121 
1.279665828601 
1.213785013202 
1.431458985068 
1.412717745021 
1.510887732709 
1.514270155215 
1.444700028369 
1.528185901484 
1.479964793634 
1.512026000997 
1.437910713057 
1.448087371342 
1.481406937748 
1.548194616008 
1.499581768008 
1.398718786720 
1.325035495997 
1.426310708580 
1.558303722788 
1.574898414943 
1.727494651356 
1.509147716114 
1.496896920785 
1.466671247704 
1.426000410045 
1.426000410045 
1.332052748723 
1.337000715142 
1.280567469854 
1.408770768740 
1.254181071079 
1.348330742102 
1.323260574453 
1.369227892272 
1.379499470808 
1.355699270836 
1.421430512289 
1.313335755963 
1.380318319749 
1.308877004736 
1.463803423049 
1.486479281787 
1.470278926579 
1.464145377441 
1.561208628962 
1.613527724999 
1.551281155622 
1.535558527134 
1.645435187304 
1.614093684393 
1.748278723093 
1.588834363471 
1.518359579657 
1.480965539035 
1.582557478650 
1.503703019697 
1.549452095473 
1.574299858920 
1.415076651159 
1.460600837703 
1.480434933429 
1.485053005834 
1.414541603641 
1.476300009346 
1.390073397644 
1.417893302679 
1.415473767756 
1.453163656168 
1.423556969390 
1.403316782710 
1.479797575790 
1.466055102623 
1.545198933755 
1.522608820175 
1.514200451091 
1.477161109217 
1.527907484200 
1.472967510551 
1.514202406466 
1.460886730711 
1.499248143265 
1.482804788265 
1.600278110884 
1.582263484478 
1.565252894068 
1.580457309167 
1.427143065656 
1.451170540672 
1.509445088855 
1.535240718812 
1.442546217634 
1.381394052904 
1.335590282595 
1.428656822780 
1.361643503583 
1.360672598042 
1.361690251031 
1.340077936357 
1.369432018718 
1.398298888251 
1.216939113311 
1.215250397297 
1.196638049348 
1.166012889935 
1.228839331210 
1.176827203317 
1.131330993331 
1.222960492839 
1.197243381352 
1.115013544595 
1.172085512772 
1.387975779813 
1.364266259597 
1.318745532521 
1.230273296406 
1.209393516815 
1.212861018336 
1.255518491803 
1.237604970113 
1.257992408618 
1.323675367055 
1.291946933625 
1.298722894474 
1.265666543397 
1.296503554832 
1.308342846475 
1.213734818430 
1.266561041170 
1.250560235007 
1.224445067395 
1.164730583811 
1.299922001838 
1.308202761186 
1.164796157647 
1.082119136198 
1.120909496653 
1.117611478340 
1.048671226819 
1.055683626238 
0.963317710816 
0.987830928988 
1.009628025988 
1.071576870960 
1.059559517652 
1.113926876041 
1.027652756708 
1.021132494354 
1.005896105774 
1.121874641480 
1.155324547084 
1.047519897181 
1.122823621079 
1.184265381131 
1.123165453844 
1.199475689240 
1.124469185701 
1.054693112869 
1.143220874861 
1.217227619198 
1.241900846749 
1.390113632342 
1.402207227127 
1.369724872526 
1.285370753552 
1.272808704098 
1.252710144279 
1.235429070804 
1.327737657854 
1.317993771200 
1.335912342851 
1.335654837870 
1.307913754400 
1.336177676656 
1.329719778381 
1.423767657505 
1.332710154579 
1.337926759160 
1.322338500700 
1.363506321672 
1.392159860845 
1.392797161240 
1.411469876636 
1.366519242361 
1.370871167686 
1.442016348992 
1.438143873991 
1.417919150828 
1.442983257543 
1.435860653517 
1.333983711050 
1.358642369592 
1.370189720345 
1.294768128669 
1.322742896883 
1.355699050889 
1.262341553223 
1.249971010633 
1.255751401881 
1.281225104740 
1.261383469554 
1.254676708822 
1.230458816886 
1.226149867597 
1.220594718791 
1.221669677530 
1.197035010552 
1.185612350874 
1.201202289844 
0.931795749308 
1.085291093594 
1.167690267786 
1.091111516469 
1.106175042038 
1.091030528197 
1.087153951427 
1.085837254903 
1.082484595930 
1.058948101624 
1.064278735345 
1.103287994497 
1.099542100829 
1.168082484946 
1.173818963842 
1.190986546460 
1.168569408811 
1.190700158315 
1.210806806108 
1.102003710239 
1.107201376137 
1.102378728818 
0.995715486170 
0.988689703024 
1.228013240645 
1.299652432234 
1.148473454406 
1.392956309240 
1.391701124878 
1.302130406438 
1.395728824184 
1.301605241952 
1.301157677861 
1.358655328148 
1.366248094250 
1.447804361243 
1.384340284672 
1.407851267667 
1.158842961872 
1.387861862123 
1.446981267963 
1.330723358793 
1.523375219934 
1.451632413378 
1.422904922612 
1.498151850810 
1.523142865638 
1.386091275716 
1.377681460368 
1.304764463094 
1.389095315107 
1.406881391488 
1.523998400958 
1.495955777339 
1.389232216479 
1.310272990063 
1.449592177599 
1.506301151013 
1.558019125154 
1.450806965319 
1.432954644599 
1.437661850673 
1.548287824125 
1.710698272527 
1.598943957963 
1.684825350192 
1.202551101308 
1.195000933444 
1.414021099494 
1.420867875820 
1.388841128438 
1.379966829026 
1.377186682262 
1.371701135654 
1.301191410668 
1.297894466953 
1.192634443480 
1.244776526547 
1.294786639345 
1.396465552442 
1.454254948741 
1.462352523845 
1.571270277587 
1.505811666856 
1.438666728935 
1.277495640543 
1.274341297945 
1.281016060184 
1.238546681661 
1.232527398127 
1.151923077683 
1.168743596242 
1.153028394785 
1.148965022591 
1.153533023372 
1.082093041165 
1.089334733620 
1.099019611622 
1.017015661388 
1.012438243187 
1.222782938191 
1.184152258479 
1.214278641627 
0.855860634316 
0.959678520257 
1.093632741586 
1.305644203773 
1.437053878769 
1.356090383690 
1.282840442395 
1.215290178917 
1.211176846606 
1.209933266183 
1.259848184337 
1.088922305576 
1.158416443916 
1.318999856635 
1.326038331879 
1.422437133122 
1.255471166140 
1.163579360347 
1.177972750662 
1.241004613782 
1.262509495040 
1.278513889205 
1.293606941397 
1.289723099165 
1.293826962545 
1.285201397559 
1.380187759996 
1.169018168486 
1.234134677083 
1.276495232490 
1.240859105657 
1.219866942745 
1.341762606096 
1.317814447948 
1.287676406499 
1.256559666573 
1.242322038282 
1.379465828889 
0.947451820004 
1.359503677677 
1.414795000362 
1.436664428164 
1.487001311930 
1.562442738939 
1.571031533581 
1.575891974454 
1.574643600238 
1.558451290190 
1.507491077521 
1.461648137301 
1.597832819480 
1.410233724346 
1.406945878004 
1.316679360576 
1.399574143719 
1.354677583123 
1.457819862017 
1.487444758764 
1.458154506579 
1.437883224971 
1.400504108838 
1.510709861781 
1.383377339710 
1.379990937821 
1.396196738857 
1.406331758566 
1.383283477380 
1.353351262001 
1.329663141830 
1.320556509823 
1.359351113507 
1.395025836887 
1.335749143679 
1.308117153646 
1.383169297211 
1.395405537220 
1.475537744176 
1.421509841671 
1.431169158165 
1.331445436190 
1.241045250692 
1.213842048426 
1.194110305435 
1.246480427187 
1.299499655968 
1.285976370547 
1.247457086149 
1.267326824366 
1.289721672768 
1.279644086690 
1.269016469334 
1.238081736797 
1.245639262542 
1.226700147516 
1.211572912125 
1.300150505736 
1.122500350637 
1.249382839656 
1.288334554865 
1.300096622137 
1.301117750467 
1.263081542920 
1.278510717781 
1.206146815179 
1.204271221843 
1.217226936782 
1.257940850364 
1.279630852434 
1.275791818119 
1.268035876000 
1.258889424217 
1.255648421895 
1.236290828212 
1.238232279770 
1.233037668703 
1.209685831369 
1.239956239161 
1.233200028554 
1.257270879445 
1.232894860452 
1.258765980841 
1.267830213014 
1.298663072961 
1.263910504595 
1.270205827725 
1.270058802780 
1.268225835012 
1.289757972738 
1.271585705982 
1.274736513272 
1.272093362153 
1.267167354914 
1.269633113008 
1.262438318913 
1.228795307186 
1.293393157272 
1.274414815799 
1.211774221014 
1.211604388335 
1.210274561741 
1.273294659273 
1.213812669547 
1.246239018892 
1.256554388496 
1.343148513306 
1.249721984485 
1.231534945378 
1.225597489514 
1.223813019410 
1.268141639419 
1.199965493537 
1.304808541048 
1.242239407023 
1.200229840111 
1.198671410112 
1.202549076175 
1.196716545018 
1.197890121636 
1.233278317082 
1.274423206946 
1.216802081284 
1.212498452690 
1.213054093866 
1.218963185103 
1.197005338094 
1.222422658978 
1.274553028171 
1.271853139565 
1.275369518885 
1.215661891701 
1.208341884210 
1.190785544104 
1.146336386876 
1.239536245814 
1.299716029382 
1.105111984207 
1.110127636775 
1.031868269888 
1.001211336780 
1.136729911709 
1.049395115109 
1.050063362236 
1.041323091987 
0.924218389431 
1.089374655639 
1.112067906758 
1.111230052559 
1.009147906590 
1.091809817728 
1.073646872223 
0.941001620425 
0.937194323514 
0.936184859226 
0.931060264250 
0.984140677057 
0.994248501498 
1.030909682755 
0.977148807678 
1.122648204308 
1.118914420039 
1.107366408156 
1.185816800518 
1.035942196682 
0.980823172134 
1.135596600403 
1.092266764645 
1.191313332365 
1.132954120542 
1.227413696489 
1.256658158512 
1.217495175582 
1.230198220603 
1.281810552459 
1.354502650532 
1.305655435645 
1.280731247941 
1.289868754963 
1.316274094925 
1.321877563635 
1.346657012286 
1.348624868087 
1.260698731360 
1.311781677758 
1.410789600624 
1.319787758066 
1.156509344285 
1.175813925587 
1.191914938765 
1.176165918323 
1.248047596341 
1.275620229944 
1.228075198385 
1.197732964470 
1.052356689833 
1.068035155175 
1.044497911775 
1.069371944283 
1.068078743711 
1.152550454832 
1.152328124470 
1.136886808523 
1.228557237414 
1.174014835739 
1.157545901436 
1.175902831483 
1.164925849506 
1.229663110928 
1.309162334863 
1.290610885043 
1.224119088935 
1.258618712246 
1.263347742137 
1.249158115758 
1.249024173353 
1.251042230297 
1.202743685191 
1.202480359462 
1.257121798804 
1.292574333904 
1.285146018123 
1.389923702786 
1.482406438746 
1.511405599953 
1.525222996906 
1.384402535843 
1.333661501239 
1.366650831093 
1.415042842492 
1.411867537131 
1.197607464732 
1.157711104704 
1.136733107882 
1.128129437227 
1.266446138956 
1.211868793547 
1.163871742135 
1.155764162125 
1.176438753686 
1.181274751730 
1.224851737712 
1.232458628057 
1.251590582773 
1.324415900348 
1.250843637353 
1.234761998535 
1.212105700009 
1.010089800346 
0.984529288700 
0.950206616254 
1.012790185222 
1.014308501793 
1.095498448644 
1.278786336428 
1.253888755967 
1.207633300750 
1.252513366820 
1.209862797137 
1.163837293862 
1.213147004660 
1.166417364605 
1.192585500718 
1.148490751413 
1.291346326096 
1.381396632601 
1.175830511713 
1.191778631633 
1.560094477172 
1.453244878427 
1.241387339274 
1.453775176997 
1.264715766000 
1.231534987584 
1.171473070554 
1.102038995376 
1.139194739718 
1.111491575348 
1.058921751177 
1.197210058512 
1.226293243058 
1.216426915241 
1.164208377426 
1.248797023525 
1.262250537601 
1.266485972188 
1.301552105582 
1.489972113386 
1.489178428060 
1.378737353422 
1.438681597812 
1.429914134140 
1.432537741947 
1.438313874727 
1.382835476358 
1.412379883790 
1.410498627984 
1.403369321668 
1.261423262987 
1.233623016353 
1.138384656422 
1.270744978137 
1.286234406331 
1.345958446907 
1.257865301312 
1.215933112533 
1.187082234827 
1.280197635010 
1.255027625857 
1.339622865520 
1.333005158593 
1.276453908612 
1.389269026097 
1.413340998077 
1.321222261805 
1.363428308751 
1.252707232846 
1.038301776844 
1.125286419621 
1.084722551613 
0.986210409150 
1.063061569800 
0.997835479665 
1.032324237756 
0.914432078955 
0.947304109842 
0.916543577425 
1.000254082942 
1.109782996969 
1.105944011412 
1.140803730856 
1.053999919111 
1.099883340178 
1.118970069702 
1.168979904839 
1.199576410634 
1.317456739055 
1.084176557339 
1.150006779760 
1.308448517770 
1.358758219658 
1.336417028924 
1.432056410686 
1.371447143758 
1.550826283215 
1.435853704389 
1.362136726133 
1.236501914711 
1.199543932277 
1.211458258367 
1.226057155554 
0.965303232264 
1.185339625723 
1.304494412819 
1.230670476017 
1.319340761368 
1.254540067818 
1.309446334788 
1.256607580705 
1.252143367498 
1.275849905484 
1.292761860791 
1.287938034436 
1.308014917144 
1.387523435392 
1.437847868735 
1.432180644881 
1.421395261142 
1.308026711855 
1.247949854962 
1.259639080735 
1.276547304341 
1.313856409626 
1.368507439693 
1.634474480801 
1.540264854690 
1.431224388755 
1.387005911776 
1.397119356213 
1.416277144815 
1.363129516777 
1.435145299432 
1.468050869422 
1.334553981821 
1.152740069609 
1.067782754249 
1.234302322193 
1.249674763765 
1.082629692106 
1.139939192838 
1.010669670792 
0.967518667600 
1.095434217495 
1.126126574724 
1.186125649843 
1.191437553319 
1.181978857787 
1.202529214605 
1.247628426660 
1.249020177938 
1.421906410691 
1.557078296379 
1.482783182569 
1.549952960022 
1.508447271872 
1.488004485570 
1.488393227665 
1.440460247672 
1.422467116810 
1.361217556147 
1.227501633772 
1.193154843622 
1.219461494845 
1.216123531312 
1.212947777704 
1.181855713908 
1.115965600468 
1.152136808193 
1.118679557177 
1.158655933839 
1.189082986428 
1.274718048898 
1.237660044023 
1.265551425236 
1.197947265573 
1.168614565148 
1.152303247968 
1.099225448415 
1.122998960238 
1.054997423305 
1.182429688816 
1.203825788049 
1.201300977757 
1.206027234683 
1.200488703843 
1.215362502205 
1.227981900554 
1.230257817242 
1.242528916422 
1.180711697457 
1.144364236470 
1.146959127685 
1.154367504179 
1.105478005694 
1.021741838362 
1.039736283236 
0.969681019739 
1.072500124719 
1.121913620370 
1.130290516611 
1.081640137016 
1.135798944997 
1.146787594328 
1.144322820724 
1.093422071866 
1.093422071866 
1.103687800289 
1.206428959209 
1.208421621021 
1.219929977373 
1.258013109439 
1.255581595226 
1.273724550940 
1.271249052189 
1.274887255253 
1.261535962720 
1.256501824258 
1.254139873096 
1.294092247760 
1.307068704975 
1.255368132424 
1.275626425357 
1.290037519106 
1.341824151395 
1.353311344680 
1.431359844807 
1.353608047225 
1.267756127367 
1.264876725801 
1.269663116728 
1.322473632581 
1.350543636711 
1.382138364419 
1.393257566175 
1.324934020880 
1.319808261117 
1.295343863618 
1.270208104709 
1.270208104709 
1.278646335331 
1.281363871424 
1.287925811162 
1.289568551670 
1.292255149970 
1.224239883414 
1.280891539793 
1.278765789416 
1.287693465346 
1.251959653003 
1.271637635212 
1.299429139949 
1.278843145531 
1.255171339512 
1.266098182896 
1.267202793863 
1.239537943610 
1.261620448656 
1.225054186863 
1.333424376603 
1.317487236927 
1.338765284373 
1.394450720161 
1.354586999751 
1.360530022090 
1.365041991132 
1.357928866070 
1.357523686349 
1.291338276992 
1.286298712705 
1.266772348316 
1.274907893506 
1.281345356505 
1.279402645841 
1.262667113950 
1.254025113824 
1.259365871272 
1.293023255107 
1.288453973185 
1.341644871921 
1.351725803797 
1.365080856002 
1.375139507711 
1.392778354506 
1.417973544079 
1.432571238130 
1.431398630119 
1.425159580124 
1.414511919607 
1.420071167187 
1.414676925890 
1.482425722488 
1.505062690709 
1.496429295932 
1.473545917036 
1.478920844995 
1.473780791096 
1.480260723437 
1.564771956275 
1.526902903800 
1.488987893629 
1.397494665131 
1.390930172320 
1.436733989762 
1.400627502534 
1.447758309055 
1.447847944242 
1.482193293958 
1.528590992712 
1.514692428125 
1.508833728780 
1.498041184255 
1.487365586684 
1.545512775216 
1.574151478066 
1.565099708636 
1.507035070200 
1.507770884316 
1.453648920451 
1.462085824740 
1.348032336676 
1.276591603750 
1.221399477013 
1.250075743770 
1.192873002230 
1.190492206251 
1.204385710253 
1.238335724450 
1.189450597082 
1.220436276423 
1.219823328469 
1.201695670426 
1.244053912113 
1.244253192121 
1.271157208199 
1.301817853835 
1.300338425902 
1.320084793617 
1.281476600786 
1.294787450975 
1.328285806216 
1.332429452737 
1.326521361667 
1.311700143211 
1.319847364092 
1.291776321647 
1.312449924076 
1.311346607683 
1.308615557613 
1.329662049641 
1.331360291333 
1.319901987319 
1.300679639782 
1.309889757457 
1.317416540738 
1.295458541547 
1.304850993359 
1.291505595196 
1.309633735835 
1.307934490357 
1.260955104561 
1.324361348220 
1.331031284408 
1.313410118544 
1.313196431517 
1.301073426915 
1.306600932910 
1.329940430548 
1.280529293449 
1.272473058932 
1.250646663007 
1.210254440590 
1.254821684541 
1.177832337683 
1.165642683990 
1.150721104991 
1.139382076037 
1.133595805575 
1.160010844378 
1.151508028821 
1.180492315815 
1.122655359200 
1.125084743079 
1.164209618974 
1.183072499502 
1.260048717182 
1.250010207246 
1.222389813193 
1.307033760120 
1.286764208595 
1.291562615535 
1.266955854289 
1.241969034462 
1.321918557159 
1.387471509073 
1.552399525367 
1.583310975156 
1.308447476396 
1.344476391010 
1.165356383116 
1.043739557916 
1.129647976389 
1.118545953478 
1.255989947256 
1.187223834796 
1.134926998201 
1.234151943013 
1.270301672065 
1.176352277292 
1.073190046677 
1.076264936271 
1.201943133427 
1.295972573146 
1.203915774371 
1.435252684399 
1.443769293730 
1.451771691988 
1.444645766336 
1.365645494727 
1.372050530729 
1.429013762764 
1.353806097346 
1.425664491379 
1.253922319460 
1.287667815647 
1.353899885449 
1.255871161178 
1.254976934226 
1.191358759493 
0.993982440086 
0.961813314446 
1.071238948933 
1.030952832955 
1.228508627184 
1.263569471058 
1.439106102341 
1.355152430344 
1.277787208340 
1.196015838291 
1.063776136389 
1.330296255088 
1.376972399003 
1.552277133419 
1.591507915094 
1.529285399256 
1.452253722613 
1.497665914719 
1.433690405023 
1.410231073543 
1.345022341815 
1.099988807956 
1.306321269612 
1.377809154352 
1.294415477317 
1.407199013338 
1.423616283035 
1.297621409100 
1.290936898299 
1.127369254101 
0.972495192415 
0.912394128508 
0.935457061739 
1.082741869093 
0.595118560702 
1.033786937830 
1.201043280093 
1.256673880256 
1.280730068095 
1.303585340590 
1.304491133810 
1.242115379888 
1.188386839706 
1.254918416961 
1.194435502740 
1.192862495598 
1.128411215350 
1.172845130200 
1.109660662766 
1.216473195462 
1.174434727717 
1.156050728588 
1.253923080208 
1.280526099363 
1.012059980037 
1.042492064411 
1.234419591117 
1.264401120002 
1.304364486924 
1.444436505738 
1.434740874894 
1.401924530921 
1.520539297899 
1.390320995782 
1.529725254176 
1.566402689386 
1.558450254387 
1.649915936183 
1.789266117496 
1.773809224840 
1.832484809266 
1.909016935722 
1.845746091930 
1.619228485008 
1.733031013888 
1.709815086325 
1.596761872220 
1.641323245709 
1.778794438438 
1.730079063398 
1.774827190910 
1.627486514674 
1.571080043837 
1.566655706473 
1.522460681874 
1.545466378478 
1.514478657778 
1.485661335297 
1.485608023656 
1.540772748207 
1.477263001675 
1.520199763942 
1.523149060098 
1.553251318664 
1.538993393116 
1.538205749976 
1.493671616832 
1.518916508570 
1.484451980785 
1.473670898768 
1.542639390051 
1.541493887661 
1.513101804512 
1.539838029103 
1.564995684875 
1.540156373782 
1.547549148977 
1.554496468732 
1.602938495144 
1.605755455649 
1.744094117454 
1.742925443292 
1.703388299123 
1.646197288925 
1.556223778688 
1.516683140570 
1.479144828165 
1.400564670598 
1.423554802127 
1.426055191419 
1.329479735611 
1.370574150180 
1.435605746320 
1.388548712380 
1.389972123186 
1.391454180657 
1.405589130740 
1.301161788083 
1.274851106135 
1.260983442101 
1.229545529576 
1.197119113315 
1.207918311754 
1.228897795886 
1.249625415904 
1.268167977604 
1.314328698231 
1.227766841999 
1.263629349344 
1.267542778184 
1.166147858062 
1.234751603353 
0.979777816696 
1.122428408637 
1.186850036699 
1.247235531977 
1.289103040552 
1.177721749497 
1.166054657452 
1.194236595936 
1.229945597021 
1.139816648171 
1.121792091809 
1.147589096009 
1.141763742255 
1.268779676717 
1.130679816689 
1.181111121268 
1.017010500776 
0.998118937894 
1.092277321921 
1.222558897975 
1.189964739171 
1.294104977510 
1.298512465306 
1.331541592632 
1.330689408051 
1.378510133086 
1.330558977186 
1.321324675892 
1.324203290290 
1.311787099038 
1.339047507587 
1.333505642020 
1.322937727768 
1.370563938895 
1.343980335895 
1.364961470263 
1.362635118225 
1.259897592662 
1.301903821774 
1.311526170748 
1.291556683710 
1.222296006162 
1.237049968939 
1.162109671280 
1.206679090287 
1.233021505574 
1.234694472691 
1.218297860743 
1.236440288402 
1.258467034902 
1.208368996136 
1.260241047313 
1.240915619359 
1.232436019074 
1.226044292979 
1.197980621983 
1.197945406224 
1.220385169448 
1.176359472621 
1.161416982846 
1.173532478485 
1.140652927631 
1.133445099832 
1.131118133681 
1.226538260612 
1.320550634277 
1.287328117883 
1.317692812391 
1.318091819050 
1.352022348877 
1.350491868802 
1.329580062449 
1.345910365174 
1.352349863627 
1.316446236669 
1.325632308069 
1.329409645440 
1.321994525531 
1.276639827464 
1.284490606779 
1.312574214666 
1.379958219949 
1.338106636509 
1.338083694780 
1.328720163753 
1.336349570836 
1.335690617978 
1.317135179195 
1.271811819590 
1.288216799675 
1.288216799675 
1.280205373900 
1.290628845726 
1.296522191799 
1.309400565292 
1.330476861141 
1.331836500172 
1.267572353639 
1.275498442935 
1.264322694562 
1.310976475002 
1.321272790034 
1.281431745044 
1.281615497716 
1.315327020609 
1.402122866932 
1.390747542894 
1.442609094181 
1.455851029169 
1.417877240876 
1.378114206936 
1.348891417993 
1.287088864650 
1.390970938703 
1.411553359288 
1.421528024641 
1.452436593793 
1.494518106596 
1.469236872249 
1.451936374307 
1.470941404707 
1.414430769430 
1.432841920301 
1.423774115695 
1.573473260664 
1.546380080355 
1.533423447142 
1.583943903006 
1.527888125106 
1.528789484133 
1.469514112740 
1.473954114750 
1.528832012251 
1.497122501124 
1.411710234654 
1.405974253058 
1.406935987674 
1.404464384172 
1.375206714279 
1.375236087214 
1.377460449570 
1.376709515801 
1.226815859266 
1.249697032940 
1.240423652693 
1.302332474372 
1.289551545065 
1.279739736886 
1.317923144741 
1.325039472777 
1.345044309383 
1.338689445794 
1.369408018065 
1.382477972901 
1.411922202852 
1.394549026346 
1.362974195978 
1.360985668291 
1.369555671420 
1.368061950615 
1.347542111403 
1.351090293065 
1.361402295544 
1.346749850251 
1.356198228503 
1.333278643277 
1.315134236386 
1.322013125749 
1.289530018138 
1.287177152035 
1.295893932348 
1.313919387912 
1.304001689258 
1.278090726109 
1.300335595310 
1.291779889552 
1.286909975505 
1.262427287212 
1.290222229112 
1.272127708422 
1.266785584124 
1.261121067001 
1.362482615442 
1.420473338438 
1.446335301364 
1.453130206011 
1.480124285163 
1.486310205604 
1.513009949180 
1.398014893013 
1.470822539077 
1.467923573684 
1.462059924159 
1.511168447804 
1.484214582496 
1.489491404032 
1.443183051339 
1.433973792760 
1.378221372168 
1.372104247008 
1.358483689112 
1.382160751612 
1.391105450569 
1.372733278378 
1.306823073154 
1.297777566771 
1.246481266860 
1.440419780972 
1.497540321481 
1.533885514364 
1.539657979376 
1.248210683063 
1.359224969238 
1.266330517897 
1.228697698034 
1.100366308756 
1.105292356750 
1.102215231909 
1.116576724885 
1.230217644932 
1.402067899264 
1.382023963158 
1.392374009326 
1.410338914631 
1.339610146150 
1.340644590448 
1.422448794574 
1.312731967546 
1.286109316932 
1.300383310312 
1.246620592881 
1.237757547833 
1.318870153655 
1.246118683268 
1.200924700681 
1.218492169012 
1.343919045298 
1.189176321210 
1.281595801412 
1.212110494666 
1.398374556230 
1.578188267782 
1.451740032978 
1.447398301128 
1.467619230638 
1.529415343535 
1.391205656263 
1.570889293335 
1.574357430983 
1.620230757631 
1.370543365877 
1.347378934725 
1.245827403574 
1.381382426489 
1.481150662697 
1.491878551863 
1.504376718594 
1.557852074625 
1.496716675247 
1.482570246763 
1.424871386224 
1.385073334747 
1.362580827334 
1.298255400426 
1.287053942193 
1.311441528885 
1.226128840075 
1.325328589925 
1.297967501714 
1.307319989064 
1.332225840672 
1.396982894454 
1.313461153915 
1.304263535970 
1.275565718448 
1.282793032070 
1.144501325498 
1.173248478905 
1.389533867507 
1.480164295568 
1.508605604290 
1.272386497037 
1.370024477084 
1.289340938320 
1.293536980957 
1.237252541907 
1.182255834160 
1.486582316840 
1.490274925792 
1.531175744856 
1.399553605344 
1.421224730706 
1.319943139740 
1.369092773132 
1.449770087933 
1.505077226898 
1.451739740431 
1.318778042198 
1.334742728140 
1.324245924001 
1.356762881891 
1.327493417230 
1.248845680435 
1.204837481636 
0.978913017119 
1.154305475943 
1.186865748309 
1.083343222932 
1.199597397981 
1.176946533430 
1.171427288451 
1.142730569956 
1.145147403667 
1.073740609119 
1.202313726305 
1.210007014739 
1.293684577393 
1.307218814730 
1.522856126169 
1.498520026761 
1.351911462386 
1.357857128704 
1.359681363390 
1.304322303745 
1.301886164140 
1.165223352489 
1.233400650624 
1.261300144464 
1.294584400301 
1.262522947294 
1.168982707734 
1.175393065853 
1.155060305707 
1.117192010651 
1.226004896193 
1.173991797553 
1.270923917093 
1.221391437858 
1.218321057775 
1.118877910680 
1.285545966041 
1.158420493191 
1.209964238502 
1.041779918901 
1.075324928506 
1.190803033669 
1.090763407125 
1.105810176159 
1.116444775742 
1.100977608004 
1.073435640949 
1.074747254395 
1.056269889968 
1.056269889968 
1.043847070273 
1.276894606070 
1.365695748593 
1.314026406525 
1.251240298779 
1.195941181534 
1.202133385593 
1.148373786372 
1.144469263887 
1.136631550393 
1.087765610183 
1.126661990152 
1.154439586915 
1.161911530000 
1.192905335513 
1.176855027452 
1.096116470782 
1.069712499353 
1.087763348827 
1.252577092533 
1.137313461670 
1.210142143946 
1.230551570344 
1.275170303095 
1.298830850728 
1.265934688216 
1.246509379606 
1.230739561212 
1.234025998972 
1.180729688187 
1.129903970264 
1.171560515696 
1.215951254474 
1.159713769547 
1.197784227595 
1.132151523227 
1.200452408231 
0.984045473456 
1.092817208521 
1.157687174551 
1.033103757977 
0.943542623363 
1.079300365775 
0.940226096085 
1.033992626778 
1.006720640893 
1.052032813726 
1.124230447106 
1.144713646604 
1.092916408851 
1.039688731110 
1.156473835294 
0.961392029185 
1.076194318192 
1.182903568710 
1.213998571819 
1.180146083597 
1.248364382718 
1.281568944809 
1.176087035855 
1.106209397978 
1.151584308524 
1.226257417232 
1.309583952563 
1.413645872666 
1.416665005370 
1.509931990602 
1.416939326119 
1.277263062953 
1.262512285900 
1.299704805232 
1.293883954296 
1.317201587994 
1.195506719259 
1.241969185928 
1.230743362042 
1.230280926411 
1.407957405380 
1.444285492172 
1.460913395861 
1.446221271020 
1.406375277037 
1.518565290691 
1.477835067882 
1.573571147139 
1.475653659472 
1.570382657862 
1.588976706834 
1.554700113986 
1.555671602810 
1.515994262231 
1.645939923464 
1.551446806198 
1.480825429658 
1.482325709488 
1.482966156672 
1.417074948803 
1.439012308495 
1.438419283080 
1.490324304173 
1.381613201740 
1.340971875010 
1.389072722729 
1.372842161529 
1.346855364403 
1.346299111542 
1.382850202484 
1.239030794084 
1.144016018157 
1.196264103976 
1.190287362907 
1.126569096391 
1.224615468938 
1.173074054289 
1.253297058313 
1.252971275440 
1.181654168006 
1.118764875858 
1.180757934817 
1.162107179597 
1.357140507346 
1.319872485729 
1.347756077973 
1.399200074159 
1.258026944404 
1.330218289733 
1.386697748389 
1.308818382184 
1.227469277138 
1.249203972411 
1.255223567942 
1.233495340655 
1.253247719177 
1.279471556518 
1.296070575824 
1.303124153923 
1.350503324291 
1.367794078984 
1.380164468040 
1.351722373420 
1.380555328135 
1.427860773881 
1.359069707027 
1.480179884450 
1.343612114612 
1.416512648988 
1.317624188798 
1.304077173660 
1.376794243615 
1.382612959641 
1.269483934246 
1.246718180085 
1.135158789586 
1.236184377973 
1.189099664927 
1.206216510056 
1.185898246358 
1.306242922401 
1.349463477984 
1.353141941666 
1.483046091653 
1.493994324692 
1.484076485665 
1.519400366453 
1.552758582025 
1.396451676546 
1.459424002409 
1.455198813142 
1.319044836996 
1.187249241186 
1.205436403073 
1.288055426607 
1.164154976267 
1.151692509805 
1.201660208112 
1.137464181427 
1.225675230351 
1.212213190582 
1.270354686861 
1.240513084353 
1.266357421648 
1.216854970215 
1.385415609010 
1.545213636140 
1.511767633441 
1.488782267352 
1.527962727044 
1.478326555811 
1.519772612593 
1.538939450998 
1.519009785134 
1.424385009922 
1.459827301244 
1.493961129299 
1.370290995296 
1.377176698970 
1.351567587219 
1.334081499866 
1.265401739402 
1.261304437019 
0.988873929861 
0.994857546130 
1.100833713891 
1.063678006766 
1.049067504245 
1.048693016286 
0.942485574485 
1.056825614866 
0.956392538512 
0.946914702242 
1.039491749933 
1.105384893715 
1.055801146252 
1.104286060548 
0.984487318573 
1.122529943129 
1.072678747526 
1.072442624091 
1.088815008261 
1.133649081021 
1.071181735326 
1.064629588059 
1.164718478050 
1.206001899092 
1.228785881423 
1.245474578092 
1.258911687272 
1.257279767111 
1.085949291234 
1.102701872515 
1.106886624513 
1.080468785268 
