
:::---::: PyORBIT v11.0.1 :::---:::

Python version in use:
3.10.18 (main, Jun  5 2025, 13:14:17) [GCC 11.2.0]

reloaded_optimize:  False
reloaded_pyde:  False
reloaded_emcee:  False

number of multiprocessing threads: 16
multiprocessing method (should be fork):  fork

parameters/safe_reload flag (must be True for tinygp):  False

Opening:  RVdata
Opening:  BISdata
Opening:  CaIIdata
Opening:  Contrastdata
Opening:  FWHMdata
Opening:  Halphadata

Adding common model of planet:  b
Using orbital model:  keplerian
Using orbital parametrization:  Eastman2013

gp_multidimensional  S+LEAF model, number of harmonics: 4

GP model: gp_multidimensional  hyperparameters_condition:    True
GP model: gp_multidimensional  rotation_decay_condition:     True

====================================================================================================
     Ids, spaces (s), boundaries (b) and priors (p) of the sampler parameters     
====================================================================================================

----- dataset:  RVdata
jitter_0      id:   8  s:Linear      b:[      0.0009,      12.4000]   p:Uniform   []
offset_0      id:   9  s:Linear      b:[  -9996.0180,   10014.1890]   p:Uniform   []
offset_1      id:  10  s:Linear      b:[  -9996.0180,   10014.1890]   p:Uniform   []
offset_2      id:  11  s:Linear      b:[  -9996.0180,   10014.1890]   p:Uniform   []
offset_3      id:  12  s:Linear      b:[  -9996.0180,   10014.1890]   p:Uniform   []

----- dataset: RVdata                    ----- model: gp_multidimensional           
rot_amp       id:  13  s:Linear      b:[      0.0000,      10.0000]   p:Uniform   []
con_amp       id:  14  s:Linear      b:[    -20.0000,      20.0000]   p:Uniform   []

----- dataset:  BISdata
jitter_0      id:  15  s:Linear      b:[      0.0095,      95.0000]   p:Uniform   []
offset_0      id:  16  s:Linear      b:[ -10078.4500,    9961.4333]   p:Uniform   []
offset_1      id:  17  s:Linear      b:[ -10078.4500,    9961.4333]   p:Uniform   []
offset_2      id:  18  s:Linear      b:[ -10078.4500,    9961.4333]   p:Uniform   []
offset_3      id:  19  s:Linear      b:[ -10078.4500,    9961.4333]   p:Uniform   []

----- dataset: BISdata                   ----- model: gp_multidimensional           
rot_amp       id:  20  s:Linear      b:[    -10.0000,      10.0000]   p:Uniform   []
con_amp       id:  21  s:Linear      b:[    -20.0000,      20.0000]   p:Uniform   []

----- dataset:  CaIIdata
jitter_0      id:  22  s:Linear      b:[      0.0000,       0.3000]   p:Uniform   []
offset_0      id:  23  s:Linear      b:[  -9999.9104,   10000.1104]   p:Uniform   []
offset_1      id:  24  s:Linear      b:[  -9999.9104,   10000.1104]   p:Uniform   []
offset_2      id:  25  s:Linear      b:[  -9999.9104,   10000.1104]   p:Uniform   []
offset_3      id:  26  s:Linear      b:[  -9999.9104,   10000.1104]   p:Uniform   []

----- dataset: CaIIdata                  ----- model: gp_multidimensional           
rot_amp       id:  27  s:Linear      b:[    -10.0000,      10.0000]   p:Uniform   []
con_amp       id:  28  s:Linear      b:[    -20.0000,      20.0000]   p:Uniform   []

----- dataset:  Contrastdata
jitter_0      id:  29  s:Linear      b:[      1.3000,   13000.0000]   p:Uniform   []
offset_0      id:  30  s:Linear      b:[-468190.4466, -342942.6781]   p:Uniform   []
offset_1      id:  31  s:Linear      b:[-468190.4466, -342942.6781]   p:Uniform   []
offset_2      id:  32  s:Linear      b:[-468190.4466, -342942.6781]   p:Uniform   []
offset_3      id:  33  s:Linear      b:[-468190.4466, -342942.6781]   p:Uniform   []

----- dataset: Contrastdata              ----- model: gp_multidimensional           
rot_amp       id:  34  s:Linear      b:[    -10.0000,      10.0000]   p:Uniform   []
con_amp       id:  35  s:Linear      b:[    -20.0000,      20.0000]   p:Uniform   []

----- dataset:  FWHMdata
jitter_0      id:  36  s:Linear      b:[      0.0500,     500.0000]   p:Uniform   []
offset_0      id:  37  s:Linear      b:[  -3321.0090,   16950.9434]   p:Uniform   []
offset_1      id:  38  s:Linear      b:[  -3321.0090,   16950.9434]   p:Uniform   []
offset_2      id:  39  s:Linear      b:[  -3321.0090,   16950.9434]   p:Uniform   []
offset_3      id:  40  s:Linear      b:[  -3321.0090,   16950.9434]   p:Uniform   []

----- dataset: FWHMdata                  ----- model: gp_multidimensional           
rot_amp       id:  41  s:Linear      b:[    -10.0000,      10.0000]   p:Uniform   []
con_amp       id:  42  s:Linear      b:[    -20.0000,      20.0000]   p:Uniform   []

----- dataset:  Halphadata
jitter_0      id:  43  s:Linear      b:[      0.0000,       0.1000]   p:Uniform   []
offset_0      id:  44  s:Linear      b:[  -9999.8298,   10000.1788]   p:Uniform   []
offset_1      id:  45  s:Linear      b:[  -9999.8298,   10000.1788]   p:Uniform   []
offset_2      id:  46  s:Linear      b:[  -9999.8298,   10000.1788]   p:Uniform   []
offset_3      id:  47  s:Linear      b:[  -9999.8298,   10000.1788]   p:Uniform   []

----- dataset: Halphadata                ----- model: gp_multidimensional           
rot_amp       id:  48  s:Linear      b:[    -10.0000,      10.0000]   p:Uniform   []
con_amp       id:  49  s:Linear      b:[    -20.0000,      20.0000]   p:Uniform   []

----- common model:  b
P             id:   0  s:Log_Base2   b:[      0.3785,       6.6439]   p:Uniform   []
K             id:   1  s:Log_Base2   b:[     -9.9658,       3.3219]   p:Uniform   []
sre_coso      id:   2  s:Linear      b:[     -1.0000,       1.0000]   p:Uniform   []
sre_sino      id:   3  s:Linear      b:[     -1.0000,       1.0000]   p:Uniform   []
mean_long     id:   4  s:Linear      b:[      0.0000,     360.0000]   p:Uniform   []
e             derived (no id, space, bound)                           p:Gaussian   [0.    0.098]
omega         derived (no id, space, bound)                           p:Uniform   [0.0, 360.0]

----- common model:  activity
Prot          id:   5  s:Linear      b:[     20.0000,      35.0000]   p:Gaussian   [28.   0.5]
Pdec          id:   6  s:Linear      b:[     30.0000,    1000.0000]   p:Uniform   []
Oamp          id:   7  s:Log_Base2   b:[     -6.6439,       0.0000]   p:Gaussian   [0.35  0.035]

----- common model:  star_parameters
mass          derived (no id, space, bound)                           p:Gaussian   [1.e+00 1.e-06]
radius        derived (no id, space, bound)                           p:Gaussian   [1.e+00 1.e-06]
density       derived (no id, space, bound)                           p:Gaussian   [1.e+00 1.e-06]

Include priors:  True

Reference Time Tref:  59334.700184

Dimensions =  50
Nwalkers =  200

Using threading pool for PyDE: True
PyDE running
Boundaries redefined after PyDE output
PyDE completed, it took        388.4 seconds

====================================================================================================
     Starting point of the sample/optimization routines    
====================================================================================================

----- dataset:  RVdata
jitter_0         8      1.292595 [    0.0009,    12.4000]
offset_0         9      8.727036 [-9996.0180, 10014.1890]
offset_1        10     11.033364 [-9996.0180, 10014.1890]
offset_2        11      9.951134 [-9996.0180, 10014.1890]
offset_3        12     10.059208 [-9996.0180, 10014.1890]

----- dataset: RVdata                    ----- model: gp_multidimensional           
rot_amp         13      3.269707 [    0.0000,    10.0000]
con_amp         14      0.364038 [  -20.0000,    20.0000]

----- dataset:  BISdata
jitter_0        15      1.920028 [    0.0095,    95.0000]
offset_0        16    -73.631070 [-10078.4500,  9961.4333]
offset_1        17    -43.793211 [-10078.4500,  9961.4333]
offset_2        18    -52.514680 [-10078.4500,  9961.4333]
offset_3        19    -59.938892 [-10078.4500,  9961.4333]

----- dataset: BISdata                   ----- model: gp_multidimensional           
rot_amp         20     -0.342978 [  -10.0000,    10.0000]
con_amp         21     -0.003153 [  -20.0000,    20.0000]

----- dataset:  CaIIdata
jitter_0        22      0.000032 [    0.0000,     0.3000]
offset_0        23      0.100625 [-9999.9104, 10000.1104]
offset_1        24      0.103684 [-9999.9104, 10000.1104]
offset_2        25      0.103895 [-9999.9104, 10000.1104]
offset_3        26      0.099401 [-9999.9104, 10000.1104]

----- dataset: CaIIdata                  ----- model: gp_multidimensional           
rot_amp         27      0.000951 [  -10.0000,    10.0000]
con_amp         28      0.000004 [  -20.0000,    20.0000]

----- dataset:  Contrastdata
jitter_0        29    195.651716 [    1.3000, 13000.0000]
offset_0        30  -353783.299986 [-468190.4466, -342942.6781]
offset_1        31  -433682.057383 [-468190.4466, -342942.6781]
offset_2        32  -457691.314916 [-468190.4466, -342942.6781]
offset_3        33  -362679.669026 [-468190.4466, -342942.6781]

----- dataset: Contrastdata              ----- model: gp_multidimensional           
rot_amp         34      9.982251 [  -10.0000,    10.0000]
con_amp         35    -19.999613 [  -20.0000,    20.0000]

----- dataset:  FWHMdata
jitter_0        36      0.053077 [    0.0500,   500.0000]
offset_0        37   6694.081811 [-3321.0090, 16950.9434]
offset_1        38   6939.108031 [-3321.0090, 16950.9434]
offset_2        39   6857.483849 [-3321.0090, 16950.9434]
offset_3        40   6896.533702 [-3321.0090, 16950.9434]

----- dataset: FWHMdata                  ----- model: gp_multidimensional           
rot_amp         41      0.700985 [  -10.0000,    10.0000]
con_amp         42     -1.935075 [  -20.0000,    20.0000]

----- dataset:  Halphadata
jitter_0        43      0.000010 [    0.0000,     0.1000]
offset_0        44      0.172072 [-9999.8298, 10000.1788]
offset_1        45      0.173998 [-9999.8298, 10000.1788]
offset_2        46      0.174914 [-9999.8298, 10000.1788]
offset_3        47      0.171216 [-9999.8298, 10000.1788]

----- dataset: Halphadata                ----- model: gp_multidimensional           
rot_amp         48      0.000177 [  -10.0000,    10.0000]
con_amp         49     -0.000008 [  -20.0000,    20.0000]

----- common model:  b
P                0      1.483371 [    0.3785,     6.6439]
K                1     -0.431422 [   -9.9658,     3.3219]
sre_coso         2      0.125551 [   -1.0000,     1.0000]
sre_sino         3      0.338936 [   -1.0000,     1.0000]
mean_long        4    248.958527 [   68.9585,   428.9585]

----- common model:  activity
Prot             5     27.303079 [   20.0000,    35.0000]
Pdec             6     30.000881 [   30.0000,  1000.0000]
Oamp             7     -1.298321 [   -6.6439,     0.0000]

----- common model:  star_parameters

====================================================================================================
     Starting point projected onto the model parameter space     
====================================================================================================

----- dataset:  RVdata
jitter_0              1.292595 
offset_0              8.727036 
offset_1             11.033364 
offset_2              9.951134 
offset_3             10.059208 


----- dataset: RVdata                    ----- model: gp_multidimensional           
rot_amp               3.269707 
con_amp               0.364038 

----- dataset:  BISdata
jitter_0              1.920028 
offset_0            -73.631070 
offset_1            -43.793211 
offset_2            -52.514680 
offset_3            -59.938892 


----- dataset: BISdata                   ----- model: gp_multidimensional           
rot_amp              -0.342978 
con_amp              -0.003153 

----- dataset:  CaIIdata
jitter_0              0.000032 
offset_0              0.100625 
offset_1              0.103684 
offset_2              0.103895 
offset_3              0.099401 


----- dataset: CaIIdata                  ----- model: gp_multidimensional           
rot_amp               0.000951 
con_amp               0.000004 

----- dataset:  Contrastdata
jitter_0            195.651716 
offset_0        -353783.299986 
offset_1        -433682.057383 
offset_2        -457691.314916 
offset_3        -362679.669026 


----- dataset: Contrastdata              ----- model: gp_multidimensional           
rot_amp               9.982251 
con_amp             -19.999613 

----- dataset:  FWHMdata
jitter_0              0.053077 
offset_0           6694.081811 
offset_1           6939.108031 
offset_2           6857.483849 
offset_3           6896.533702 


----- dataset: FWHMdata                  ----- model: gp_multidimensional           
rot_amp               0.700985 
con_amp              -1.935075 

----- dataset:  Halphadata
jitter_0              0.000010 
offset_0              0.172072 
offset_1              0.173998 
offset_2              0.174914 
offset_3              0.171216 


----- dataset: Halphadata                ----- model: gp_multidimensional           
rot_amp               0.000177 
con_amp              -0.000008 

----- common model:  b
P                     2.796012 
K                     0.741530 
mean_long           248.958527 
e                     0.130641 
omega                69.674081 

----- common model:  activity
Prot                 27.303079 
Pdec                 30.000881 
Oamp                  0.406599 

----- common model:  star_parameters

====================================================================================================
     Derived parameters obtained from starting point     
====================================================================================================

----- common model:  b
Inclination fixed to 90 deg!
a_Rs                  8.348513 
M_Mj                  0.005095 
M_Me                  1.619650 
Tc                59336.224675 
a_AU_(M)              0.038841 
a_AU_(rho,R)          0.038841 


====================================================================================================
     Statistics on the log-likelihood     
====================================================================================================

 LN probability: -1447.776772 

====================================================================================================
     ------------------------------------------------------------------------------------------     
====================================================================================================



*************************************************************

Running emcee

emcee version:  3.1.6
Using threading pool for emcee: True

Saving temporary steps


Computing the autocorrelation time of the chains

***** WARNING ******
The integrated autocorrelation time cannot be reliably estimated
likely the chains are too short, and ACF analysis is not fully reliable
emcee.autocorr.integrated_time tolerance lowered to 20
If you still get a warning, you should drop these results entirely
Chains too short to apply convergence criteria
They should be at least 550*nthin = 82500

====================================================================================================
     Statistics on the posterior of the sampler parameters     
====================================================================================================

----- dataset:  RVdata
jitter_0         8         1.310       -0.054        0.059   (15-84 p)   [    0.0009,    12.4000]
offset_0         9          8.77        -0.25         0.27   (15-84 p)   [-9996.0180, 10014.1890]
offset_1        10         11.10        -0.43         0.43   (15-84 p)   [-9996.0180, 10014.1890]
offset_2        11         10.00        -0.27         0.29   (15-84 p)   [-9996.0180, 10014.1890]
offset_3        12         10.09        -0.27         0.28   (15-84 p)   [-9996.0180, 10014.1890]

----- dataset: RVdata                    ----- model: gp_multidimensional           
rot_amp         13          4.43        -0.84          1.0   (15-84 p)   [    0.0000,    10.0000]
con_amp         14         0.463       -0.096         0.12   (15-84 p)   [  -20.0000,    20.0000]

----- dataset:  BISdata
jitter_0        15         1.955       -0.094         0.10   (15-84 p)   [    0.0095,    95.0000]
offset_0        16        -73.62        -0.22         0.20   (15-84 p)   [-10078.4500,  9961.4333]
offset_1        17        -43.79        -0.55         0.53   (15-84 p)   [-10078.4500,  9961.4333]
offset_2        18        -52.51        -0.22         0.22   (15-84 p)   [-10078.4500,  9961.4333]
offset_3        19        -59.93        -0.25         0.25   (15-84 p)   [-10078.4500,  9961.4333]

----- dataset: BISdata                   ----- model: gp_multidimensional           
rot_amp         20         -0.47        -0.61         0.59   (15-84 p)   [  -10.0000,    10.0000]
con_amp         21        -0.003       -0.080        0.083   (15-84 p)   [  -20.0000,    20.0000]

----- dataset:  CaIIdata
jitter_0        22       0.00029     -0.00018      0.00028   (15-84 p)   [    0.0000,     0.3000]
offset_0        23       0.10062     -0.00030      0.00029   (15-84 p)   [-9999.9104, 10000.1104]
offset_1        24       0.10367     -0.00079      0.00073   (15-84 p)   [-9999.9104, 10000.1104]
offset_2        25       0.10390     -0.00032      0.00032   (15-84 p)   [-9999.9104, 10000.1104]
offset_3        26       0.09939     -0.00034      0.00035   (15-84 p)   [-9999.9104, 10000.1104]

----- dataset: CaIIdata                  ----- model: gp_multidimensional           
rot_amp         27       0.00126     -0.00078      0.00087   (15-84 p)   [  -10.0000,    10.0000]
con_amp         28       0.00000     -0.00011      0.00011   (15-84 p)   [  -20.0000,    20.0000]

----- dataset:  Contrastdata
jitter_0        29           206          -12           13   (15-84 p)   [    1.3000, 13000.0000]
offset_0        30       -353782          -24           24   (15-84 p)   [-468190.4466, -342942.6781]
offset_1        31       -433669          -62           62   (15-84 p)   [-468190.4466, -342942.6781]
offset_2        32       -457689          -27           27   (15-84 p)   [-468190.4466, -342942.6781]
offset_3        33       -362678          -27           28   (15-84 p)   [-468190.4466, -342942.6781]

----- dataset: Contrastdata              ----- model: gp_multidimensional           
rot_amp         34           2.8         -7.9          5.2   (15-84 p)   [  -10.0000,    10.0000]
con_amp         35        -19.81        -0.14         0.44   (15-84 p)   [  -20.0000,    20.0000]

----- dataset:  FWHMdata
jitter_0        36          0.35        -0.21         0.34   (15-84 p)   [    0.0500,   500.0000]
offset_0        37        6693.9         -1.2          1.2   (15-84 p)   [-3321.0090, 16950.9434]
offset_1        38        6939.0         -1.8          1.7   (15-84 p)   [-3321.0090, 16950.9434]
offset_2        39        6857.3         -1.3          1.3   (15-84 p)   [-3321.0090, 16950.9434]
offset_3        40        6896.3         -1.3          1.3   (15-84 p)   [-3321.0090, 16950.9434]

----- dataset: FWHMdata                  ----- model: gp_multidimensional           
rot_amp         41           0.7         -1.7          1.7   (15-84 p)   [  -10.0000,    10.0000]
con_amp         42         -2.52        -0.54         0.41   (15-84 p)   [  -20.0000,    20.0000]

----- dataset:  Halphadata
jitter_0        43      0.000057    -0.000034     0.000055   (15-84 p)   [    0.0000,     0.1000]
offset_0        44      0.172069    -0.000098     0.000098   (15-84 p)   [-9999.8298, 10000.1788]
offset_1        45       0.17400     -0.00026      0.00026   (15-84 p)   [-9999.8298, 10000.1788]
offset_2        46       0.17491     -0.00011      0.00011   (15-84 p)   [-9999.8298, 10000.1788]
offset_3        47       0.17122     -0.00011      0.00011   (15-84 p)   [-9999.8298, 10000.1788]

----- dataset: Halphadata                ----- model: gp_multidimensional           
rot_amp         48       0.00022     -0.00027      0.00026   (15-84 p)   [  -10.0000,    10.0000]
con_amp         49     -0.000010    -0.000040     0.000037   (15-84 p)   [  -20.0000,    20.0000]

----- common model:  b
P                0        1.4841      -0.0042       0.0047   (15-84 p)   [    0.3785,     6.6439]
K                1         -0.61        -0.35         0.27   (15-84 p)   [   -9.9658,     3.3219]
sre_coso         2          0.07        -0.22         0.20   (15-84 p)   [   -1.0000,     1.0000]
sre_sino         3          0.19        -0.23         0.17   (15-84 p)   [   -1.0000,     1.0000]
mean_long        4           253          -23           26   (15-84 p)   [   68.9585,   428.9585]

----- common model:  activity
Prot             5         27.51        -0.41         0.44   (15-84 p)   [   20.0000,    35.0000]
Pdec             6         30.43        -0.32          1.0   (15-84 p)   [   30.0000,  1000.0000]
Oamp             7         -1.29        -0.12         0.10   (15-84 p)   [   -6.6439,     0.0000]

----- common model:  star_parameters

====================================================================================================
     Statistics on the model parameters obtained from the posteriors samples     
====================================================================================================

----- dataset:  RVdata
jitter_0                 1.310       -0.054        0.059    (15-84 p)
offset_0                  8.77        -0.25         0.27    (15-84 p)
offset_1                 11.10        -0.43         0.43    (15-84 p)
offset_2                 10.00        -0.27         0.29    (15-84 p)
offset_3                 10.09        -0.27         0.28    (15-84 p)


----- dataset: RVdata                    ----- model: gp_multidimensional           
rot_amp                   4.43        -0.84          1.0    (15-84 p)
con_amp                  0.463       -0.096         0.12    (15-84 p)

----- dataset:  BISdata
jitter_0                 1.955       -0.094         0.10    (15-84 p)
offset_0                -73.62        -0.22         0.20    (15-84 p)
offset_1                -43.79        -0.55         0.53    (15-84 p)
offset_2                -52.51        -0.22         0.22    (15-84 p)
offset_3                -59.93        -0.25         0.25    (15-84 p)


----- dataset: BISdata                   ----- model: gp_multidimensional           
rot_amp                  -0.47        -0.61         0.59    (15-84 p)
con_amp                 -0.003       -0.080        0.083    (15-84 p)

----- dataset:  CaIIdata
jitter_0               0.00029     -0.00018      0.00028    (15-84 p)
offset_0               0.10062     -0.00030      0.00029    (15-84 p)
offset_1               0.10367     -0.00079      0.00073    (15-84 p)
offset_2               0.10390     -0.00032      0.00032    (15-84 p)
offset_3               0.09939     -0.00034      0.00035    (15-84 p)


----- dataset: CaIIdata                  ----- model: gp_multidimensional           
rot_amp                0.00126     -0.00078      0.00087    (15-84 p)
con_amp                0.00000     -0.00011      0.00011    (15-84 p)

----- dataset:  Contrastdata
jitter_0                   206          -12           13    (15-84 p)
offset_0               -353782          -24           24    (15-84 p)
offset_1               -433669          -62           62    (15-84 p)
offset_2               -457689          -27           27    (15-84 p)
offset_3               -362678          -27           28    (15-84 p)


----- dataset: Contrastdata              ----- model: gp_multidimensional           
rot_amp                    2.8         -7.9          5.2    (15-84 p)
con_amp                 -19.81        -0.14         0.44    (15-84 p)

----- dataset:  FWHMdata
jitter_0                  0.35        -0.21         0.34    (15-84 p)
offset_0                6693.9         -1.2          1.2    (15-84 p)
offset_1                6939.0         -1.8          1.7    (15-84 p)
offset_2                6857.3         -1.3          1.3    (15-84 p)
offset_3                6896.3         -1.3          1.3    (15-84 p)


----- dataset: FWHMdata                  ----- model: gp_multidimensional           
rot_amp                    0.7         -1.7          1.7    (15-84 p)
con_amp                  -2.52        -0.54         0.41    (15-84 p)

----- dataset:  Halphadata
jitter_0              0.000057    -0.000034     0.000055    (15-84 p)
offset_0              0.172069    -0.000098     0.000098    (15-84 p)
offset_1               0.17400     -0.00026      0.00026    (15-84 p)
offset_2               0.17491     -0.00011      0.00011    (15-84 p)
offset_3               0.17122     -0.00011      0.00011    (15-84 p)


----- dataset: Halphadata                ----- model: gp_multidimensional           
rot_amp                0.00022     -0.00027      0.00026    (15-84 p)
con_amp              -0.000010    -0.000040     0.000037    (15-84 p)

----- common model:  b
P                       2.7975      -0.0081       0.0092    (15-84 p)
K                         0.65        -0.14         0.14    (15-84 p)
mean_long                  253          -23           26    (15-84 p)
e                        0.098       -0.067        0.085    (15-84 p)
omega                       61          -78           55    (15-84 p)

----- common model:  activity
Prot                     27.51        -0.41         0.44    (15-84 p)
Pdec                     30.43        -0.32          1.0    (15-84 p)
Oamp                     0.410       -0.032        0.030    (15-84 p)

----- common model:  star_parameters

====================================================================================================
     Statistics on the derived parameters obtained from the posteriors samples     
====================================================================================================

----- common model:  b
Inclination fixed to 90 deg!
Computing planetary mass under the approximation M_planet << M_star (threshold at 30.0 Me)
a_Rs                     8.351       -0.016        0.018    (15-84 p)
M_Mj                   0.00450     -0.00097      0.00091    (15-84 p)
M_Me                      1.43        -0.31         0.29    (15-84 p)
Tc                    59336.21        -0.20         0.18    (15-84 p)
a_AU_(M)              0.038855    -0.000075     0.000085    (15-84 p)
a_AU_(rho,R)          0.038855    -0.000075     0.000085    (15-84 p)


====================================================================================================
     ------------------------------------------------------------------------------------------     
====================================================================================================



15000.0   steps completed, average lnprob:,  -1475.3265579004114


Computing the autocorrelation time of the chains

***** WARNING ******
The integrated autocorrelation time cannot be reliably estimated
likely the chains are too short, and ACF analysis is not fully reliable
emcee.autocorr.integrated_time tolerance lowered to 20
If you still get a warning, you should drop these results entirely
Chains too short to apply convergence criteria
They should be at least 900*nthin = 135000

====================================================================================================
     Statistics on the posterior of the sampler parameters     
====================================================================================================

----- dataset:  RVdata
jitter_0         8         1.313       -0.053        0.061   (15-84 p)   [    0.0009,    12.4000]
offset_0         9          8.77        -0.26         0.27   (15-84 p)   [-9996.0180, 10014.1890]
offset_1        10         11.11        -0.42         0.44   (15-84 p)   [-9996.0180, 10014.1890]
offset_2        11         10.00        -0.28         0.29   (15-84 p)   [-9996.0180, 10014.1890]
offset_3        12         10.09        -0.28         0.30   (15-84 p)   [-9996.0180, 10014.1890]

----- dataset: RVdata                    ----- model: gp_multidimensional           
rot_amp         13          4.54        -0.87          1.1   (15-84 p)   [    0.0000,    10.0000]
con_amp         14          0.48        -0.10         0.14   (15-84 p)   [  -20.0000,    20.0000]

----- dataset:  BISdata
jitter_0        15         1.948       -0.093        0.099   (15-84 p)   [    0.0095,    95.0000]
offset_0        16        -73.62        -0.21         0.21   (15-84 p)   [-10078.4500,  9961.4333]
offset_1        17        -43.82        -0.55         0.54   (15-84 p)   [-10078.4500,  9961.4333]
offset_2        18        -52.52        -0.22         0.24   (15-84 p)   [-10078.4500,  9961.4333]
offset_3        19        -59.94        -0.24         0.24   (15-84 p)   [-10078.4500,  9961.4333]

----- dataset: BISdata                   ----- model: gp_multidimensional           
rot_amp         20         -0.44        -0.63         0.59   (15-84 p)   [  -10.0000,    10.0000]
con_amp         21        -0.002       -0.085        0.087   (15-84 p)   [  -20.0000,    20.0000]

----- dataset:  CaIIdata
jitter_0        22       0.00028     -0.00018      0.00027   (15-84 p)   [    0.0000,     0.3000]
offset_0        23       0.10063     -0.00029      0.00029   (15-84 p)   [-9999.9104, 10000.1104]
offset_1        24       0.10364     -0.00077      0.00078   (15-84 p)   [-9999.9104, 10000.1104]
offset_2        25       0.10390     -0.00033      0.00032   (15-84 p)   [-9999.9104, 10000.1104]
offset_3        26       0.09939     -0.00033      0.00033   (15-84 p)   [-9999.9104, 10000.1104]

----- dataset: CaIIdata                  ----- model: gp_multidimensional           
rot_amp         27       0.00132     -0.00082      0.00087   (15-84 p)   [  -10.0000,    10.0000]
con_amp         28       0.00000     -0.00011      0.00012   (15-84 p)   [  -20.0000,    20.0000]

----- dataset:  Contrastdata
jitter_0        29           207          -12           12   (15-84 p)   [    1.3000, 13000.0000]
offset_0        30       -353781          -23           24   (15-84 p)   [-468190.4466, -342942.6781]
offset_1        31       -433669          -60           60   (15-84 p)   [-468190.4466, -342942.6781]
offset_2        32       -457691          -26           28   (15-84 p)   [-468190.4466, -342942.6781]
offset_3        33       -362677          -28           28   (15-84 p)   [-468190.4466, -342942.6781]

----- dataset: Contrastdata              ----- model: gp_multidimensional           
rot_amp         34           1.3         -7.4          6.2   (15-84 p)   [  -10.0000,    10.0000]
con_amp         35        -19.45        -0.42         0.94   (15-84 p)   [  -20.0000,    20.0000]

----- dataset:  FWHMdata
jitter_0        36          0.33        -0.20         0.33   (15-84 p)   [    0.0500,   500.0000]
offset_0        37        6693.8         -1.3          1.3   (15-84 p)   [-3321.0090, 16950.9434]
offset_1        38        6939.1         -1.8          1.8   (15-84 p)   [-3321.0090, 16950.9434]
offset_2        39        6857.3         -1.3          1.3   (15-84 p)   [-3321.0090, 16950.9434]
offset_3        40        6896.3         -1.4          1.3   (15-84 p)   [-3321.0090, 16950.9434]

----- dataset: FWHMdata                  ----- model: gp_multidimensional           
rot_amp         41           0.8         -1.7          1.7   (15-84 p)   [  -10.0000,    10.0000]
con_amp         42         -2.61        -0.57         0.44   (15-84 p)   [  -20.0000,    20.0000]

----- dataset:  Halphadata
jitter_0        43      0.000061    -0.000036     0.000056   (15-84 p)   [    0.0000,     0.1000]
offset_0        44      0.172076    -0.000097     0.000096   (15-84 p)   [-9999.8298, 10000.1788]
offset_1        45       0.17399     -0.00025      0.00025   (15-84 p)   [-9999.8298, 10000.1788]
offset_2        46       0.17491     -0.00011      0.00011   (15-84 p)   [-9999.8298, 10000.1788]
offset_3        47       0.17122     -0.00011      0.00011   (15-84 p)   [-9999.8298, 10000.1788]

----- dataset: Halphadata                ----- model: gp_multidimensional           
rot_amp         48       0.00022     -0.00026      0.00028   (15-84 p)   [  -10.0000,    10.0000]
con_amp         49     -0.000011    -0.000039     0.000040   (15-84 p)   [  -20.0000,    20.0000]

----- common model:  b
P                0        1.4841      -0.0043       0.0050   (15-84 p)   [    0.3785,     6.6439]
K                1         -0.61        -0.34         0.27   (15-84 p)   [   -9.9658,     3.3219]
sre_coso         2          0.08        -0.22         0.20   (15-84 p)   [   -1.0000,     1.0000]
sre_sino         3          0.17        -0.23         0.18   (15-84 p)   [   -1.0000,     1.0000]
mean_long        4           253          -24           29   (15-84 p)   [   68.9585,   428.9585]

----- common model:  activity
Prot             5         27.47        -0.42         0.44   (15-84 p)   [   20.0000,    35.0000]
Pdec             6          31.3         -1.0          2.2   (15-84 p)   [   30.0000,  1000.0000]
Oamp             7         -1.29        -0.11         0.10   (15-84 p)   [   -6.6439,     0.0000]

----- common model:  star_parameters

====================================================================================================
     Statistics on the model parameters obtained from the posteriors samples     
====================================================================================================

----- dataset:  RVdata
jitter_0                 1.313       -0.053        0.061    (15-84 p)
offset_0                  8.77        -0.26         0.27    (15-84 p)
offset_1                 11.11        -0.42         0.44    (15-84 p)
offset_2                 10.00        -0.28         0.29    (15-84 p)
offset_3                 10.09        -0.28         0.30    (15-84 p)


----- dataset: RVdata                    ----- model: gp_multidimensional           
rot_amp                   4.54        -0.87          1.1    (15-84 p)
con_amp                   0.48        -0.10         0.14    (15-84 p)

----- dataset:  BISdata
jitter_0                 1.948       -0.093        0.099    (15-84 p)
offset_0                -73.62        -0.21         0.21    (15-84 p)
offset_1                -43.82        -0.55         0.54    (15-84 p)
offset_2                -52.52        -0.22         0.24    (15-84 p)
offset_3                -59.94        -0.24         0.24    (15-84 p)


----- dataset: BISdata                   ----- model: gp_multidimensional           
rot_amp                  -0.44        -0.63         0.59    (15-84 p)
con_amp                 -0.002       -0.085        0.087    (15-84 p)

----- dataset:  CaIIdata
jitter_0               0.00028     -0.00018      0.00027    (15-84 p)
offset_0               0.10063     -0.00029      0.00029    (15-84 p)
offset_1               0.10364     -0.00077      0.00078    (15-84 p)
offset_2               0.10390     -0.00033      0.00032    (15-84 p)
offset_3               0.09939     -0.00033      0.00033    (15-84 p)


----- dataset: CaIIdata                  ----- model: gp_multidimensional           
rot_amp                0.00132     -0.00082      0.00087    (15-84 p)
con_amp                0.00000     -0.00011      0.00012    (15-84 p)

----- dataset:  Contrastdata
jitter_0                   207          -12           12    (15-84 p)
offset_0               -353781          -23           24    (15-84 p)
offset_1               -433669          -60           60    (15-84 p)
offset_2               -457691          -26           28    (15-84 p)
offset_3               -362677          -28           28    (15-84 p)


----- dataset: Contrastdata              ----- model: gp_multidimensional           
rot_amp                    1.3         -7.4          6.2    (15-84 p)
con_amp                 -19.45        -0.42         0.94    (15-84 p)

----- dataset:  FWHMdata
jitter_0                  0.33        -0.20         0.33    (15-84 p)
offset_0                6693.8         -1.3          1.3    (15-84 p)
offset_1                6939.1         -1.8          1.8    (15-84 p)
offset_2                6857.3         -1.3          1.3    (15-84 p)
offset_3                6896.3         -1.4          1.3    (15-84 p)


----- dataset: FWHMdata                  ----- model: gp_multidimensional           
rot_amp                    0.8         -1.7          1.7    (15-84 p)
con_amp                  -2.61        -0.57         0.44    (15-84 p)

----- dataset:  Halphadata
jitter_0              0.000061    -0.000036     0.000056    (15-84 p)
offset_0              0.172076    -0.000097     0.000096    (15-84 p)
offset_1               0.17399     -0.00025      0.00025    (15-84 p)
offset_2               0.17491     -0.00011      0.00011    (15-84 p)
offset_3               0.17122     -0.00011      0.00011    (15-84 p)


----- dataset: Halphadata                ----- model: gp_multidimensional           
rot_amp                0.00022     -0.00026      0.00028    (15-84 p)
con_amp              -0.000011    -0.000039     0.000040    (15-84 p)

----- common model:  b
P                       2.7975      -0.0083       0.0096    (15-84 p)
K                         0.65        -0.14         0.14    (15-84 p)
mean_long                  253          -24           29    (15-84 p)
e                        0.093       -0.064        0.087    (15-84 p)
omega                       54          -87           60    (15-84 p)

----- common model:  activity
Prot                     27.47        -0.42         0.44    (15-84 p)
Pdec                      31.3         -1.0          2.2    (15-84 p)
Oamp                     0.410       -0.030        0.030    (15-84 p)

----- common model:  star_parameters

====================================================================================================
     Statistics on the derived parameters obtained from the posteriors samples     
====================================================================================================

----- common model:  b
Inclination fixed to 90 deg!
Computing planetary mass under the approximation M_planet << M_star (threshold at 30.0 Me)
a_Rs                     8.351       -0.017        0.019    (15-84 p)
M_Mj                   0.00450     -0.00093      0.00093    (15-84 p)
M_Me                      1.43        -0.30         0.29    (15-84 p)
Tc                    59336.21        -0.21         0.18    (15-84 p)
a_AU_(M)              0.038855    -0.000077     0.000089    (15-84 p)
a_AU_(rho,R)          0.038855    -0.000077     0.000089    (15-84 p)


====================================================================================================
     ------------------------------------------------------------------------------------------     
====================================================================================================



30000.0   steps completed, average lnprob:,  -1476.470667788055


Computing the autocorrelation time of the chains

***** WARNING ******
The integrated autocorrelation time cannot be reliably estimated
likely the chains are too short, and ACF analysis is not fully reliable
emcee.autocorr.integrated_time tolerance lowered to 20
If you still get a warning, you should drop these results entirely
Chains too short to apply convergence criteria
They should be at least 950*nthin = 142500

====================================================================================================
     Statistics on the posterior of the sampler parameters     
====================================================================================================

----- dataset:  RVdata
jitter_0         8         1.314       -0.055        0.060   (15-84 p)   [    0.0009,    12.4000]
offset_0         9          8.77        -0.26         0.28   (15-84 p)   [-9996.0180, 10014.1890]
offset_1        10         11.11        -0.43         0.45   (15-84 p)   [-9996.0180, 10014.1890]
offset_2        11         10.00        -0.28         0.29   (15-84 p)   [-9996.0180, 10014.1890]
offset_3        12         10.10        -0.28         0.30   (15-84 p)   [-9996.0180, 10014.1890]

----- dataset: RVdata                    ----- model: gp_multidimensional           
rot_amp         13          4.56        -0.86          1.1   (15-84 p)   [    0.0000,    10.0000]
con_amp         14          0.48        -0.10         0.14   (15-84 p)   [  -20.0000,    20.0000]

----- dataset:  BISdata
jitter_0        15         1.950       -0.093        0.097   (15-84 p)   [    0.0095,    95.0000]
offset_0        16        -73.62        -0.21         0.21   (15-84 p)   [-10078.4500,  9961.4333]
offset_1        17        -43.81        -0.56         0.56   (15-84 p)   [-10078.4500,  9961.4333]
offset_2        18        -52.52        -0.23         0.24   (15-84 p)   [-10078.4500,  9961.4333]
offset_3        19        -59.94        -0.24         0.24   (15-84 p)   [-10078.4500,  9961.4333]

----- dataset: BISdata                   ----- model: gp_multidimensional           
rot_amp         20         -0.46        -0.62         0.60   (15-84 p)   [  -10.0000,    10.0000]
con_amp         21        -0.002       -0.083        0.086   (15-84 p)   [  -20.0000,    20.0000]

----- dataset:  CaIIdata
jitter_0        22       0.00028     -0.00018      0.00027   (15-84 p)   [    0.0000,     0.3000]
offset_0        23       0.10063     -0.00029      0.00028   (15-84 p)   [-9999.9104, 10000.1104]
offset_1        24       0.10365     -0.00078      0.00078   (15-84 p)   [-9999.9104, 10000.1104]
offset_2        25       0.10390     -0.00032      0.00032   (15-84 p)   [-9999.9104, 10000.1104]
offset_3        26       0.09940     -0.00034      0.00033   (15-84 p)   [-9999.9104, 10000.1104]

----- dataset: CaIIdata                  ----- model: gp_multidimensional           
rot_amp         27       0.00129     -0.00082      0.00089   (15-84 p)   [  -10.0000,    10.0000]
con_amp         28       0.00000     -0.00012      0.00012   (15-84 p)   [  -20.0000,    20.0000]

----- dataset:  Contrastdata
jitter_0        29           207          -12           13   (15-84 p)   [    1.3000, 13000.0000]
offset_0        30       -353781          -23           24   (15-84 p)   [-468190.4466, -342942.6781]
offset_1        31       -433672          -59           61   (15-84 p)   [-468190.4466, -342942.6781]
offset_2        32       -457690          -27           27   (15-84 p)   [-468190.4466, -342942.6781]
offset_3        33       -362677          -28           28   (15-84 p)   [-468190.4466, -342942.6781]

----- dataset: Contrastdata              ----- model: gp_multidimensional           
rot_amp         34           1.3         -7.4          6.2   (15-84 p)   [  -10.0000,    10.0000]
con_amp         35        -19.45        -0.41         0.95   (15-84 p)   [  -20.0000,    20.0000]

----- dataset:  FWHMdata
jitter_0        36          0.34        -0.20         0.34   (15-84 p)   [    0.0500,   500.0000]
offset_0        37        6693.8         -1.3          1.3   (15-84 p)   [-3321.0090, 16950.9434]
offset_1        38        6939.0         -1.8          1.8   (15-84 p)   [-3321.0090, 16950.9434]
offset_2        39        6857.2         -1.4          1.3   (15-84 p)   [-3321.0090, 16950.9434]
offset_3        40        6896.3         -1.4          1.3   (15-84 p)   [-3321.0090, 16950.9434]

----- dataset: FWHMdata                  ----- model: gp_multidimensional           
rot_amp         41           0.8         -1.7          1.7   (15-84 p)   [  -10.0000,    10.0000]
con_amp         42         -2.60        -0.58         0.44   (15-84 p)   [  -20.0000,    20.0000]

----- dataset:  Halphadata
jitter_0        43      0.000059    -0.000035     0.000054   (15-84 p)   [    0.0000,     0.1000]
offset_0        44      0.172072    -0.000095     0.000095   (15-84 p)   [-9999.8298, 10000.1788]
offset_1        45       0.17399     -0.00025      0.00026   (15-84 p)   [-9999.8298, 10000.1788]
offset_2        46       0.17491     -0.00011      0.00011   (15-84 p)   [-9999.8298, 10000.1788]
offset_3        47       0.17121     -0.00011      0.00011   (15-84 p)   [-9999.8298, 10000.1788]

----- dataset: Halphadata                ----- model: gp_multidimensional           
rot_amp         48       0.00022     -0.00026      0.00028   (15-84 p)   [  -10.0000,    10.0000]
con_amp         49     -0.000011    -0.000039     0.000039   (15-84 p)   [  -20.0000,    20.0000]

----- common model:  b
P                0        1.4841      -0.0043       0.0049   (15-84 p)   [    0.3785,     6.6439]
K                1         -0.60        -0.33         0.27   (15-84 p)   [   -9.9658,     3.3219]
sre_coso         2          0.07        -0.22         0.20   (15-84 p)   [   -1.0000,     1.0000]
sre_sino         3          0.19        -0.23         0.17   (15-84 p)   [   -1.0000,     1.0000]
mean_long        4           253          -24           28   (15-84 p)   [   68.9585,   428.9585]

----- common model:  activity
Prot             5         27.48        -0.42         0.44   (15-84 p)   [   20.0000,    35.0000]
Pdec             6          31.4         -1.0          2.2   (15-84 p)   [   30.0000,  1000.0000]
Oamp             7         -1.29        -0.11         0.10   (15-84 p)   [   -6.6439,     0.0000]

----- common model:  star_parameters

====================================================================================================
     Statistics on the model parameters obtained from the posteriors samples     
====================================================================================================

----- dataset:  RVdata
jitter_0                 1.314       -0.055        0.060    (15-84 p)
offset_0                  8.77        -0.26         0.28    (15-84 p)
offset_1                 11.11        -0.43         0.45    (15-84 p)
offset_2                 10.00        -0.28         0.29    (15-84 p)
offset_3                 10.10        -0.28         0.30    (15-84 p)


----- dataset: RVdata                    ----- model: gp_multidimensional           
rot_amp                   4.56        -0.86          1.1    (15-84 p)
con_amp                   0.48        -0.10         0.14    (15-84 p)

----- dataset:  BISdata
jitter_0                 1.950       -0.093        0.097    (15-84 p)
offset_0                -73.62        -0.21         0.21    (15-84 p)
offset_1                -43.81        -0.56         0.56    (15-84 p)
offset_2                -52.52        -0.23         0.24    (15-84 p)
offset_3                -59.94        -0.24         0.24    (15-84 p)


----- dataset: BISdata                   ----- model: gp_multidimensional           
rot_amp                  -0.46        -0.62         0.60    (15-84 p)
con_amp                 -0.002       -0.083        0.086    (15-84 p)

----- dataset:  CaIIdata
jitter_0               0.00028     -0.00018      0.00027    (15-84 p)
offset_0               0.10063     -0.00029      0.00028    (15-84 p)
offset_1               0.10365     -0.00078      0.00078    (15-84 p)
offset_2               0.10390     -0.00032      0.00032    (15-84 p)
offset_3               0.09940     -0.00034      0.00033    (15-84 p)


----- dataset: CaIIdata                  ----- model: gp_multidimensional           
rot_amp                0.00129     -0.00082      0.00089    (15-84 p)
con_amp                0.00000     -0.00012      0.00012    (15-84 p)

----- dataset:  Contrastdata
jitter_0                   207          -12           13    (15-84 p)
offset_0               -353781          -23           24    (15-84 p)
offset_1               -433672          -59           61    (15-84 p)
offset_2               -457690          -27           27    (15-84 p)
offset_3               -362677          -28           28    (15-84 p)


----- dataset: Contrastdata              ----- model: gp_multidimensional           
rot_amp                    1.3         -7.4          6.2    (15-84 p)
con_amp                 -19.45        -0.41         0.95    (15-84 p)

----- dataset:  FWHMdata
jitter_0                  0.34        -0.20         0.34    (15-84 p)
offset_0                6693.8         -1.3          1.3    (15-84 p)
offset_1                6939.0         -1.8          1.8    (15-84 p)
offset_2                6857.2         -1.4          1.3    (15-84 p)
offset_3                6896.3         -1.4          1.3    (15-84 p)


----- dataset: FWHMdata                  ----- model: gp_multidimensional           
rot_amp                    0.8         -1.7          1.7    (15-84 p)
con_amp                  -2.60        -0.58         0.44    (15-84 p)

----- dataset:  Halphadata
jitter_0              0.000059    -0.000035     0.000054    (15-84 p)
offset_0              0.172072    -0.000095     0.000095    (15-84 p)
offset_1               0.17399     -0.00025      0.00026    (15-84 p)
offset_2               0.17491     -0.00011      0.00011    (15-84 p)
offset_3               0.17121     -0.00011      0.00011    (15-84 p)


----- dataset: Halphadata                ----- model: gp_multidimensional           
rot_amp                0.00022     -0.00026      0.00028    (15-84 p)
con_amp              -0.000011    -0.000039     0.000039    (15-84 p)

----- common model:  b
P                       2.7975      -0.0083       0.0094    (15-84 p)
K                         0.66        -0.14         0.14    (15-84 p)
mean_long                  253          -24           28    (15-84 p)
e                        0.095       -0.064        0.086    (15-84 p)
omega                       58          -80           58    (15-84 p)

----- common model:  activity
Prot                     27.48        -0.42         0.44    (15-84 p)
Pdec                      31.4         -1.0          2.2    (15-84 p)
Oamp                     0.410       -0.030        0.030    (15-84 p)

----- common model:  star_parameters

====================================================================================================
     Statistics on the derived parameters obtained from the posteriors samples     
====================================================================================================

----- common model:  b
Inclination fixed to 90 deg!
Computing planetary mass under the approximation M_planet << M_star (threshold at 30.0 Me)
a_Rs                     8.351       -0.017        0.019    (15-84 p)
M_Mj                   0.00453     -0.00092      0.00092    (15-84 p)
M_Me                      1.44        -0.29         0.29    (15-84 p)
Tc                    59336.21        -0.21         0.18    (15-84 p)
a_AU_(M)              0.038855    -0.000077     0.000087    (15-84 p)
a_AU_(rho,R)          0.038855    -0.000077     0.000087    (15-84 p)


====================================================================================================
     ------------------------------------------------------------------------------------------     
====================================================================================================



45000.0   steps completed, average lnprob:,  -1477.394042914021


Computing the autocorrelation time of the chains

***** WARNING ******
The integrated autocorrelation time cannot be reliably estimated
likely the chains are too short, and ACF analysis is not fully reliable
emcee.autocorr.integrated_time tolerance lowered to 20
If you still get a warning, you should drop these results entirely
Chains too short to apply convergence criteria
They should be at least 1000*nthin = 150000

====================================================================================================
     Statistics on the posterior of the sampler parameters     
====================================================================================================

----- dataset:  RVdata
jitter_0         8         1.314       -0.055        0.061   (15-84 p)   [    0.0009,    12.4000]
offset_0         9          8.78        -0.26         0.28   (15-84 p)   [-9996.0180, 10014.1890]
offset_1        10         11.10        -0.43         0.44   (15-84 p)   [-9996.0180, 10014.1890]
offset_2        11         10.01        -0.28         0.29   (15-84 p)   [-9996.0180, 10014.1890]
offset_3        12         10.10        -0.29         0.30   (15-84 p)   [-9996.0180, 10014.1890]

----- dataset: RVdata                    ----- model: gp_multidimensional           
rot_amp         13          4.55        -0.87          1.1   (15-84 p)   [    0.0000,    10.0000]
con_amp         14          0.48        -0.10         0.13   (15-84 p)   [  -20.0000,    20.0000]

----- dataset:  BISdata
jitter_0        15         1.949       -0.094        0.098   (15-84 p)   [    0.0095,    95.0000]
offset_0        16        -73.63        -0.21         0.21   (15-84 p)   [-10078.4500,  9961.4333]
offset_1        17        -43.81        -0.56         0.55   (15-84 p)   [-10078.4500,  9961.4333]
offset_2        18        -52.52        -0.23         0.23   (15-84 p)   [-10078.4500,  9961.4333]
offset_3        19        -59.94        -0.24         0.24   (15-84 p)   [-10078.4500,  9961.4333]

----- dataset: BISdata                   ----- model: gp_multidimensional           
rot_amp         20         -0.45        -0.62         0.59   (15-84 p)   [  -10.0000,    10.0000]
con_amp         21        -0.001       -0.084        0.084   (15-84 p)   [  -20.0000,    20.0000]

----- dataset:  CaIIdata
jitter_0        22       0.00028     -0.00017      0.00027   (15-84 p)   [    0.0000,     0.3000]
offset_0        23       0.10063     -0.00029      0.00028   (15-84 p)   [-9999.9104, 10000.1104]
offset_1        24       0.10366     -0.00079      0.00077   (15-84 p)   [-9999.9104, 10000.1104]
offset_2        25       0.10390     -0.00032      0.00032   (15-84 p)   [-9999.9104, 10000.1104]
offset_3        26       0.09940     -0.00034      0.00034   (15-84 p)   [-9999.9104, 10000.1104]

----- dataset: CaIIdata                  ----- model: gp_multidimensional           
rot_amp         27       0.00129     -0.00082      0.00089   (15-84 p)   [  -10.0000,    10.0000]
con_amp         28       0.00000     -0.00012      0.00011   (15-84 p)   [  -20.0000,    20.0000]

----- dataset:  Contrastdata
jitter_0        29           207          -12           12   (15-84 p)   [    1.3000, 13000.0000]
offset_0        30       -353781          -24           24   (15-84 p)   [-468190.4466, -342942.6781]
offset_1        31       -433672          -60           61   (15-84 p)   [-468190.4466, -342942.6781]
offset_2        32       -457690          -27           27   (15-84 p)   [-468190.4466, -342942.6781]
offset_3        33       -362678          -28           28   (15-84 p)   [-468190.4466, -342942.6781]

----- dataset: Contrastdata              ----- model: gp_multidimensional           
rot_amp         34           1.3         -7.4          6.2   (15-84 p)   [  -10.0000,    10.0000]
con_amp         35        -19.44        -0.42         0.95   (15-84 p)   [  -20.0000,    20.0000]

----- dataset:  FWHMdata
jitter_0        36          0.34        -0.21         0.33   (15-84 p)   [    0.0500,   500.0000]
offset_0        37        6693.8         -1.3          1.3   (15-84 p)   [-3321.0090, 16950.9434]
offset_1        38        6939.0         -1.8          1.8   (15-84 p)   [-3321.0090, 16950.9434]
offset_2        39        6857.2         -1.3          1.3   (15-84 p)   [-3321.0090, 16950.9434]
offset_3        40        6896.3         -1.4          1.3   (15-84 p)   [-3321.0090, 16950.9434]

----- dataset: FWHMdata                  ----- model: gp_multidimensional           
rot_amp         41           0.8         -1.7          1.8   (15-84 p)   [  -10.0000,    10.0000]
con_amp         42         -2.60        -0.57         0.44   (15-84 p)   [  -20.0000,    20.0000]

----- dataset:  Halphadata
jitter_0        43      0.000059    -0.000035     0.000054   (15-84 p)   [    0.0000,     0.1000]
offset_0        44      0.172071    -0.000096     0.000096   (15-84 p)   [-9999.8298, 10000.1788]
offset_1        45       0.17399     -0.00025      0.00025   (15-84 p)   [-9999.8298, 10000.1788]
offset_2        46       0.17491     -0.00011      0.00010   (15-84 p)   [-9999.8298, 10000.1788]
offset_3        47       0.17121     -0.00011      0.00011   (15-84 p)   [-9999.8298, 10000.1788]

----- dataset: Halphadata                ----- model: gp_multidimensional           
rot_amp         48       0.00022     -0.00026      0.00028   (15-84 p)   [  -10.0000,    10.0000]
con_amp         49     -0.000011    -0.000038     0.000039   (15-84 p)   [  -20.0000,    20.0000]

----- common model:  b
P                0        1.4841      -0.0043       0.0049   (15-84 p)   [    0.3785,     6.6439]
K                1         -0.60        -0.33         0.27   (15-84 p)   [   -9.9658,     3.3219]
sre_coso         2          0.07        -0.22         0.20   (15-84 p)   [   -1.0000,     1.0000]
sre_sino         3          0.19        -0.23         0.17   (15-84 p)   [   -1.0000,     1.0000]
mean_long        4           253          -24           28   (15-84 p)   [   68.9585,   428.9585]

----- common model:  activity
Prot             5         27.48        -0.42         0.44   (15-84 p)   [   20.0000,    35.0000]
Pdec             6          31.3         -1.0          2.1   (15-84 p)   [   30.0000,  1000.0000]
Oamp             7         -1.29        -0.11         0.10   (15-84 p)   [   -6.6439,     0.0000]

----- common model:  star_parameters

====================================================================================================
     Statistics on the model parameters obtained from the posteriors samples     
====================================================================================================

----- dataset:  RVdata
jitter_0                 1.314       -0.055        0.061    (15-84 p)
offset_0                  8.78        -0.26         0.28    (15-84 p)
offset_1                 11.10        -0.43         0.44    (15-84 p)
offset_2                 10.01        -0.28         0.29    (15-84 p)
offset_3                 10.10        -0.29         0.30    (15-84 p)


----- dataset: RVdata                    ----- model: gp_multidimensional           
rot_amp                   4.55        -0.87          1.1    (15-84 p)
con_amp                   0.48        -0.10         0.13    (15-84 p)

----- dataset:  BISdata
jitter_0                 1.949       -0.094        0.098    (15-84 p)
offset_0                -73.63        -0.21         0.21    (15-84 p)
offset_1                -43.81        -0.56         0.55    (15-84 p)
offset_2                -52.52        -0.23         0.23    (15-84 p)
offset_3                -59.94        -0.24         0.24    (15-84 p)


----- dataset: BISdata                   ----- model: gp_multidimensional           
rot_amp                  -0.45        -0.62         0.59    (15-84 p)
con_amp                 -0.001       -0.084        0.084    (15-84 p)

----- dataset:  CaIIdata
jitter_0               0.00028     -0.00017      0.00027    (15-84 p)
offset_0               0.10063     -0.00029      0.00028    (15-84 p)
offset_1               0.10366     -0.00079      0.00077    (15-84 p)
offset_2               0.10390     -0.00032      0.00032    (15-84 p)
offset_3               0.09940     -0.00034      0.00034    (15-84 p)


----- dataset: CaIIdata                  ----- model: gp_multidimensional           
rot_amp                0.00129     -0.00082      0.00089    (15-84 p)
con_amp                0.00000     -0.00012      0.00011    (15-84 p)

----- dataset:  Contrastdata
jitter_0                   207          -12           12    (15-84 p)
offset_0               -353781          -24           24    (15-84 p)
offset_1               -433672          -60           61    (15-84 p)
offset_2               -457690          -27           27    (15-84 p)
offset_3               -362678          -28           28    (15-84 p)


----- dataset: Contrastdata              ----- model: gp_multidimensional           
rot_amp                    1.3         -7.4          6.2    (15-84 p)
con_amp                 -19.44        -0.42         0.95    (15-84 p)

----- dataset:  FWHMdata
jitter_0                  0.34        -0.21         0.33    (15-84 p)
offset_0                6693.8         -1.3          1.3    (15-84 p)
offset_1                6939.0         -1.8          1.8    (15-84 p)
offset_2                6857.2         -1.3          1.3    (15-84 p)
offset_3                6896.3         -1.4          1.3    (15-84 p)


----- dataset: FWHMdata                  ----- model: gp_multidimensional           
rot_amp                    0.8         -1.7          1.8    (15-84 p)
con_amp                  -2.60        -0.57         0.44    (15-84 p)

----- dataset:  Halphadata
jitter_0              0.000059    -0.000035     0.000054    (15-84 p)
offset_0              0.172071    -0.000096     0.000096    (15-84 p)
offset_1               0.17399     -0.00025      0.00025    (15-84 p)
offset_2               0.17491     -0.00011      0.00010    (15-84 p)
offset_3               0.17121     -0.00011      0.00011    (15-84 p)


----- dataset: Halphadata                ----- model: gp_multidimensional           
rot_amp                0.00022     -0.00026      0.00028    (15-84 p)
con_amp              -0.000011    -0.000038     0.000039    (15-84 p)

----- common model:  b
P                       2.7975      -0.0083       0.0095    (15-84 p)
K                         0.66        -0.14         0.14    (15-84 p)
mean_long                  253          -24           28    (15-84 p)
e                        0.094       -0.064        0.087    (15-84 p)
omega                       59          -82           58    (15-84 p)

----- common model:  activity
Prot                     27.48        -0.42         0.44    (15-84 p)
Pdec                      31.3         -1.0          2.1    (15-84 p)
Oamp                     0.410       -0.030        0.031    (15-84 p)

----- common model:  star_parameters

====================================================================================================
     Statistics on the derived parameters obtained from the posteriors samples     
====================================================================================================

----- common model:  b
Inclination fixed to 90 deg!
Computing planetary mass under the approximation M_planet << M_star (threshold at 30.0 Me)
a_Rs                     8.352       -0.016        0.019    (15-84 p)
M_Mj                   0.00453     -0.00092      0.00092    (15-84 p)
M_Me                      1.44        -0.29         0.29    (15-84 p)
Tc                    59336.21        -0.21         0.18    (15-84 p)
a_AU_(M)              0.038855    -0.000076     0.000088    (15-84 p)
a_AU_(rho,R)          0.038855    -0.000076     0.000088    (15-84 p)


====================================================================================================
     ------------------------------------------------------------------------------------------     
====================================================================================================



60000.0   steps completed, average lnprob:,  -1476.4121998673377


emcee completed


:::---::: PyORBIT v11.0.1 :::---:::

Python version in use:
3.10.18 (main, Jun  5 2025, 13:14:17) [GCC 11.2.0]
LaTeX disabled by default

Using orbital model:  keplerian
Using orbital parametrization:  Eastman2013

gp_multidimensional  S+LEAF model, number of harmonics: 4

GP model: gp_multidimensional  hyperparameters_condition:    True
GP model: gp_multidimensional  rotation_decay_condition:     True

### PyORBIT version used in the analysis:  11.0.1

 emcee version:  3.1.6

 Reference Time Tref: 59334.700184

 Data points:1932
 Dimensions: 50
 Nwalkers:   200
 Steps:      60000


Number of samplings: 60000

Recomputing ln-prior, it may take a while...

ln-probability   distribution:  -1476.43       -6.16      5.37 (15-84 p) 
ln-prior         distribution:   -328.90       -2.38      1.71 (15-84 p) 
ln-likelihood    distribution:  -1147.20       -6.43      5.61 (15-84 p) 


*** Information criteria using the likelihood distribution

 BIC from distribution  (using likelihood)  =   2672.72    -11.23   12.85 (15-84 p)
 AIC from distribution  (using likelihood)  =   2394.40    -11.23   12.85 (15-84 p)
 AICc from distribution (using likelihood)  =   2397.11    -11.23   12.85 (15-84 p)


*** Information criteria using the median parameter set

 ln_probability of Median solution =  -1453.49
 ln_priors of Median solution      =   -327.76
 ln_likelihood of Median solution  =  -1125.74

 Median BIC  (using likelihood) =   2629.79
 Median AIC  (using likelihood) =   2351.47
 Median AICc (using likelihood) =   2354.19


*** Information criteria using the MAP parameter set

 ln_probability of MAP solution =  -1458.65
 ln_priors of MAP solution      =   -330.09
 ln_likelihood of MAP solution  =  -1128.56

 MAP BIC  (using likelihood)    =   2635.43
 MAP AIC  (using likelihood)    =   2357.11
 MAP AICc (using likelihood)    =   2359.83

 AICc suggested over AIC because NDATA ( 1932 ) < 40 * NDIM ( 50 )

****************************************************************************************************


Computing the autocorrelation time of the chains

***** WARNING ******
The integrated autocorrelation time cannot be reliably estimated
likely the chains are too short, and ACF analysis is not fully reliable
emcee.autocorr.integrated_time tolerance lowered to 20
If you still get a warning, you should drop these results entirely
Chains too short to apply convergence criteria
They should be at least 1000*nthin = 150000

 ACF computation failed, no plot will be generated 


====================================================================================================
     Ids, spaces (s), boundaries (b) and priors (p) of the sampler parameters     
====================================================================================================

----- dataset:  RVdata
jitter_0      id:   8  s:Linear      b:[      0.0009,      12.4000]   p:Uniform   []
offset_0      id:   9  s:Linear      b:[  -9996.0180,   10014.1890]   p:Uniform   []
offset_1      id:  10  s:Linear      b:[  -9996.0180,   10014.1890]   p:Uniform   []
offset_2      id:  11  s:Linear      b:[  -9996.0180,   10014.1890]   p:Uniform   []
offset_3      id:  12  s:Linear      b:[  -9996.0180,   10014.1890]   p:Uniform   []

----- dataset: RVdata                    ----- model: gp_multidimensional           
rot_amp       id:  13  s:Linear      b:[      0.0000,      10.0000]   p:Uniform   []
con_amp       id:  14  s:Linear      b:[    -20.0000,      20.0000]   p:Uniform   []

----- dataset:  BISdata
jitter_0      id:  15  s:Linear      b:[      0.0095,      95.0000]   p:Uniform   []
offset_0      id:  16  s:Linear      b:[ -10078.4500,    9961.4333]   p:Uniform   []
offset_1      id:  17  s:Linear      b:[ -10078.4500,    9961.4333]   p:Uniform   []
offset_2      id:  18  s:Linear      b:[ -10078.4500,    9961.4333]   p:Uniform   []
offset_3      id:  19  s:Linear      b:[ -10078.4500,    9961.4333]   p:Uniform   []

----- dataset: BISdata                   ----- model: gp_multidimensional           
rot_amp       id:  20  s:Linear      b:[    -10.0000,      10.0000]   p:Uniform   []
con_amp       id:  21  s:Linear      b:[    -20.0000,      20.0000]   p:Uniform   []

----- dataset:  CaIIdata
jitter_0      id:  22  s:Linear      b:[      0.0000,       0.3000]   p:Uniform   []
offset_0      id:  23  s:Linear      b:[  -9999.9104,   10000.1104]   p:Uniform   []
offset_1      id:  24  s:Linear      b:[  -9999.9104,   10000.1104]   p:Uniform   []
offset_2      id:  25  s:Linear      b:[  -9999.9104,   10000.1104]   p:Uniform   []
offset_3      id:  26  s:Linear      b:[  -9999.9104,   10000.1104]   p:Uniform   []

----- dataset: CaIIdata                  ----- model: gp_multidimensional           
rot_amp       id:  27  s:Linear      b:[    -10.0000,      10.0000]   p:Uniform   []
con_amp       id:  28  s:Linear      b:[    -20.0000,      20.0000]   p:Uniform   []

----- dataset:  Contrastdata
jitter_0      id:  29  s:Linear      b:[      1.3000,   13000.0000]   p:Uniform   []
offset_0      id:  30  s:Linear      b:[-468190.4466, -342942.6781]   p:Uniform   []
offset_1      id:  31  s:Linear      b:[-468190.4466, -342942.6781]   p:Uniform   []
offset_2      id:  32  s:Linear      b:[-468190.4466, -342942.6781]   p:Uniform   []
offset_3      id:  33  s:Linear      b:[-468190.4466, -342942.6781]   p:Uniform   []

----- dataset: Contrastdata              ----- model: gp_multidimensional           
rot_amp       id:  34  s:Linear      b:[    -10.0000,      10.0000]   p:Uniform   []
con_amp       id:  35  s:Linear      b:[    -20.0000,      20.0000]   p:Uniform   []

----- dataset:  FWHMdata
jitter_0      id:  36  s:Linear      b:[      0.0500,     500.0000]   p:Uniform   []
offset_0      id:  37  s:Linear      b:[  -3321.0090,   16950.9434]   p:Uniform   []
offset_1      id:  38  s:Linear      b:[  -3321.0090,   16950.9434]   p:Uniform   []
offset_2      id:  39  s:Linear      b:[  -3321.0090,   16950.9434]   p:Uniform   []
offset_3      id:  40  s:Linear      b:[  -3321.0090,   16950.9434]   p:Uniform   []

----- dataset: FWHMdata                  ----- model: gp_multidimensional           
rot_amp       id:  41  s:Linear      b:[    -10.0000,      10.0000]   p:Uniform   []
con_amp       id:  42  s:Linear      b:[    -20.0000,      20.0000]   p:Uniform   []

----- dataset:  Halphadata
jitter_0      id:  43  s:Linear      b:[      0.0000,       0.1000]   p:Uniform   []
offset_0      id:  44  s:Linear      b:[  -9999.8298,   10000.1788]   p:Uniform   []
offset_1      id:  45  s:Linear      b:[  -9999.8298,   10000.1788]   p:Uniform   []
offset_2      id:  46  s:Linear      b:[  -9999.8298,   10000.1788]   p:Uniform   []
offset_3      id:  47  s:Linear      b:[  -9999.8298,   10000.1788]   p:Uniform   []

----- dataset: Halphadata                ----- model: gp_multidimensional           
rot_amp       id:  48  s:Linear      b:[    -10.0000,      10.0000]   p:Uniform   []
con_amp       id:  49  s:Linear      b:[    -20.0000,      20.0000]   p:Uniform   []

----- common model:  b
P             id:   0  s:Log_Base2   b:[      0.3785,       6.6439]   p:Uniform   []
K             id:   1  s:Log_Base2   b:[     -9.9658,       3.3219]   p:Uniform   []
sre_coso      id:   2  s:Linear      b:[     -1.0000,       1.0000]   p:Uniform   []
sre_sino      id:   3  s:Linear      b:[     -1.0000,       1.0000]   p:Uniform   []
mean_long     id:   4  s:Linear      b:[     68.9585,     428.9585]   p:Uniform   []
e             derived (no id, space, bound)                           p:Gaussian   [0.    0.098]
omega         derived (no id, space, bound)                           p:Uniform   [0.0, 360.0]

----- common model:  activity
Prot          id:   5  s:Linear      b:[     20.0000,      35.0000]   p:Gaussian   [28.   0.5]
Pdec          id:   6  s:Linear      b:[     30.0000,    1000.0000]   p:Uniform   []
Oamp          id:   7  s:Log_Base2   b:[     -6.6439,       0.0000]   p:Gaussian   [0.35  0.035]

----- common model:  star_parameters
mass          derived (no id, space, bound)                           p:Gaussian   [1.e+00 1.e-06]
radius        derived (no id, space, bound)                           p:Gaussian   [1.e+00 1.e-06]
density       derived (no id, space, bound)                           p:Gaussian   [1.e+00 1.e-06]


****************************************************************************************************
****************************************************************************************************

 Confidence intervals (median value, 34.135th percentile from the median on the left and right side)

====================================================================================================
     Statistics on the posterior of the sampler parameters     
====================================================================================================

----- dataset:  RVdata
jitter_0         8         1.314       -0.055        0.061   (15-84 p)   [    0.0009,    12.4000]
offset_0         9          8.78        -0.26         0.28   (15-84 p)   [-9996.0180, 10014.1890]
offset_1        10         11.10        -0.43         0.44   (15-84 p)   [-9996.0180, 10014.1890]
offset_2        11         10.01        -0.28         0.29   (15-84 p)   [-9996.0180, 10014.1890]
offset_3        12         10.10        -0.29         0.30   (15-84 p)   [-9996.0180, 10014.1890]

----- dataset: RVdata                    ----- model: gp_multidimensional           
rot_amp         13          4.55        -0.87          1.1   (15-84 p)   [    0.0000,    10.0000]
con_amp         14          0.48        -0.10         0.13   (15-84 p)   [  -20.0000,    20.0000]

----- dataset:  BISdata
jitter_0        15         1.949       -0.094        0.098   (15-84 p)   [    0.0095,    95.0000]
offset_0        16        -73.63        -0.21         0.21   (15-84 p)   [-10078.4500,  9961.4333]
offset_1        17        -43.81        -0.56         0.55   (15-84 p)   [-10078.4500,  9961.4333]
offset_2        18        -52.52        -0.23         0.23   (15-84 p)   [-10078.4500,  9961.4333]
offset_3        19        -59.94        -0.24         0.24   (15-84 p)   [-10078.4500,  9961.4333]

----- dataset: BISdata                   ----- model: gp_multidimensional           
rot_amp         20         -0.45        -0.62         0.59   (15-84 p)   [  -10.0000,    10.0000]
con_amp         21        -0.001       -0.084        0.084   (15-84 p)   [  -20.0000,    20.0000]

----- dataset:  CaIIdata
jitter_0        22       0.00028     -0.00017      0.00027   (15-84 p)   [    0.0000,     0.3000]
offset_0        23       0.10063     -0.00029      0.00028   (15-84 p)   [-9999.9104, 10000.1104]
offset_1        24       0.10366     -0.00079      0.00077   (15-84 p)   [-9999.9104, 10000.1104]
offset_2        25       0.10390     -0.00032      0.00032   (15-84 p)   [-9999.9104, 10000.1104]
offset_3        26       0.09940     -0.00034      0.00034   (15-84 p)   [-9999.9104, 10000.1104]

----- dataset: CaIIdata                  ----- model: gp_multidimensional           
rot_amp         27       0.00129     -0.00082      0.00089   (15-84 p)   [  -10.0000,    10.0000]
con_amp         28       0.00000     -0.00012      0.00011   (15-84 p)   [  -20.0000,    20.0000]

----- dataset:  Contrastdata
jitter_0        29           207          -12           12   (15-84 p)   [    1.3000, 13000.0000]
offset_0        30       -353781          -24           24   (15-84 p)   [-468190.4466, -342942.6781]
offset_1        31       -433672          -60           61   (15-84 p)   [-468190.4466, -342942.6781]
offset_2        32       -457690          -27           27   (15-84 p)   [-468190.4466, -342942.6781]
offset_3        33       -362678          -28           28   (15-84 p)   [-468190.4466, -342942.6781]

----- dataset: Contrastdata              ----- model: gp_multidimensional           
rot_amp         34           1.3         -7.4          6.2   (15-84 p)   [  -10.0000,    10.0000]
con_amp         35        -19.44        -0.42         0.95   (15-84 p)   [  -20.0000,    20.0000]

----- dataset:  FWHMdata
jitter_0        36          0.34        -0.21         0.33   (15-84 p)   [    0.0500,   500.0000]
offset_0        37        6693.8         -1.3          1.3   (15-84 p)   [-3321.0090, 16950.9434]
offset_1        38        6939.0         -1.8          1.8   (15-84 p)   [-3321.0090, 16950.9434]
offset_2        39        6857.2         -1.3          1.3   (15-84 p)   [-3321.0090, 16950.9434]
offset_3        40        6896.3         -1.4          1.3   (15-84 p)   [-3321.0090, 16950.9434]

----- dataset: FWHMdata                  ----- model: gp_multidimensional           
rot_amp         41           0.8         -1.7          1.8   (15-84 p)   [  -10.0000,    10.0000]
con_amp         42         -2.60        -0.57         0.44   (15-84 p)   [  -20.0000,    20.0000]

----- dataset:  Halphadata
jitter_0        43      0.000059    -0.000035     0.000054   (15-84 p)   [    0.0000,     0.1000]
offset_0        44      0.172071    -0.000096     0.000096   (15-84 p)   [-9999.8298, 10000.1788]
offset_1        45       0.17399     -0.00025      0.00025   (15-84 p)   [-9999.8298, 10000.1788]
offset_2        46       0.17491     -0.00011      0.00010   (15-84 p)   [-9999.8298, 10000.1788]
offset_3        47       0.17121     -0.00011      0.00011   (15-84 p)   [-9999.8298, 10000.1788]

----- dataset: Halphadata                ----- model: gp_multidimensional           
rot_amp         48       0.00022     -0.00026      0.00028   (15-84 p)   [  -10.0000,    10.0000]
con_amp         49     -0.000011    -0.000038     0.000039   (15-84 p)   [  -20.0000,    20.0000]

----- common model:  b
P                0        1.4841      -0.0043       0.0049   (15-84 p)   [    0.3785,     6.6439]
K                1         -0.60        -0.33         0.27   (15-84 p)   [   -9.9658,     3.3219]
sre_coso         2          0.07        -0.22         0.20   (15-84 p)   [   -1.0000,     1.0000]
sre_sino         3          0.19        -0.23         0.17   (15-84 p)   [   -1.0000,     1.0000]
mean_long        4           253          -24           28   (15-84 p)   [   68.9585,   428.9585]

----- common model:  activity
Prot             5         27.48        -0.42         0.44   (15-84 p)   [   20.0000,    35.0000]
Pdec             6          31.3         -1.0          2.1   (15-84 p)   [   30.0000,  1000.0000]
Oamp             7         -1.29        -0.11         0.10   (15-84 p)   [   -6.6439,     0.0000]

----- common model:  star_parameters

====================================================================================================
     Statistics on the model parameters obtained from the posteriors samples     
====================================================================================================

----- dataset:  RVdata
jitter_0                 1.314       -0.055        0.061    (15-84 p)
offset_0                  8.78        -0.26         0.28    (15-84 p)
offset_1                 11.10        -0.43         0.44    (15-84 p)
offset_2                 10.01        -0.28         0.29    (15-84 p)
offset_3                 10.10        -0.29         0.30    (15-84 p)


----- dataset: RVdata                    ----- model: gp_multidimensional           
rot_amp                   4.55        -0.87          1.1    (15-84 p)
con_amp                   0.48        -0.10         0.13    (15-84 p)

----- dataset:  BISdata
jitter_0                 1.949       -0.094        0.098    (15-84 p)
offset_0                -73.63        -0.21         0.21    (15-84 p)
offset_1                -43.81        -0.56         0.55    (15-84 p)
offset_2                -52.52        -0.23         0.23    (15-84 p)
offset_3                -59.94        -0.24         0.24    (15-84 p)


----- dataset: BISdata                   ----- model: gp_multidimensional           
rot_amp                  -0.45        -0.62         0.59    (15-84 p)
con_amp                 -0.001       -0.084        0.084    (15-84 p)

----- dataset:  CaIIdata
jitter_0               0.00028     -0.00017      0.00027    (15-84 p)
offset_0               0.10063     -0.00029      0.00028    (15-84 p)
offset_1               0.10366     -0.00079      0.00077    (15-84 p)
offset_2               0.10390     -0.00032      0.00032    (15-84 p)
offset_3               0.09940     -0.00034      0.00034    (15-84 p)


----- dataset: CaIIdata                  ----- model: gp_multidimensional           
rot_amp                0.00129     -0.00082      0.00089    (15-84 p)
con_amp                0.00000     -0.00012      0.00011    (15-84 p)

----- dataset:  Contrastdata
jitter_0                   207          -12           12    (15-84 p)
offset_0               -353781          -24           24    (15-84 p)
offset_1               -433672          -60           61    (15-84 p)
offset_2               -457690          -27           27    (15-84 p)
offset_3               -362678          -28           28    (15-84 p)


----- dataset: Contrastdata              ----- model: gp_multidimensional           
rot_amp                    1.3         -7.4          6.2    (15-84 p)
con_amp                 -19.44        -0.42         0.95    (15-84 p)

----- dataset:  FWHMdata
jitter_0                  0.34        -0.21         0.33    (15-84 p)
offset_0                6693.8         -1.3          1.3    (15-84 p)
offset_1                6939.0         -1.8          1.8    (15-84 p)
offset_2                6857.2         -1.3          1.3    (15-84 p)
offset_3                6896.3         -1.4          1.3    (15-84 p)


----- dataset: FWHMdata                  ----- model: gp_multidimensional           
rot_amp                    0.8         -1.7          1.8    (15-84 p)
con_amp                  -2.60        -0.57         0.44    (15-84 p)

----- dataset:  Halphadata
jitter_0              0.000059    -0.000035     0.000054    (15-84 p)
offset_0              0.172071    -0.000096     0.000096    (15-84 p)
offset_1               0.17399     -0.00025      0.00025    (15-84 p)
offset_2               0.17491     -0.00011      0.00010    (15-84 p)
offset_3               0.17121     -0.00011      0.00011    (15-84 p)


----- dataset: Halphadata                ----- model: gp_multidimensional           
rot_amp                0.00022     -0.00026      0.00028    (15-84 p)
con_amp              -0.000011    -0.000038     0.000039    (15-84 p)

----- common model:  b
P                       2.7975      -0.0083       0.0095    (15-84 p)
K                         0.66        -0.14         0.14    (15-84 p)
mean_long                  253          -24           28    (15-84 p)
e                        0.094       -0.064        0.087    (15-84 p)
omega                       60          -81           58    (15-84 p)

----- common model:  activity
Prot                     27.48        -0.42         0.44    (15-84 p)
Pdec                      31.3         -1.0          2.1    (15-84 p)
Oamp                     0.410       -0.030        0.031    (15-84 p)

----- common model:  star_parameters

====================================================================================================
     Statistics on the derived parameters obtained from the posteriors samples     
====================================================================================================

----- common model:  b
Inclination fixed to 90 deg!
Computing planetary mass under the approximation M_planet << M_star (threshold at 30.0 Me)
a_Rs                     8.352       -0.016        0.019    (15-84 p)
M_Mj                   0.00453     -0.00092      0.00092    (15-84 p)
M_Me                      1.44        -0.29         0.29    (15-84 p)
Tc                    59336.21        -0.21         0.18    (15-84 p)
a_AU_(M)              0.038855    -0.000076     0.000088    (15-84 p)
a_AU_(rho,R)          0.038855    -0.000076     0.000088    (15-84 p)


====================================================================================================
     ------------------------------------------------------------------------------------------     
====================================================================================================



****************************************************************************************************

 Parameters corresponding to the Maximum a Posteriori probability ( -1458.649826987345 )

====================================================================================================
     Statistics on the posterior of the sampler parameters     
====================================================================================================

----- dataset:  RVdata
jitter_0         8      1.319167 [    0.0009,    12.4000]
offset_0         9      8.717275 [-9996.0180, 10014.1890]
offset_1        10     11.163417 [-9996.0180, 10014.1890]
offset_2        11      9.915146 [-9996.0180, 10014.1890]
offset_3        12     10.024769 [-9996.0180, 10014.1890]

----- dataset: RVdata                    ----- model: gp_multidimensional           
rot_amp         13      3.405858 [    0.0000,    10.0000]
con_amp         14      0.368411 [  -20.0000,    20.0000]

----- dataset:  BISdata
jitter_0        15      1.860737 [    0.0095,    95.0000]
offset_0        16    -73.740685 [-10078.4500,  9961.4333]
offset_1        17    -43.424919 [-10078.4500,  9961.4333]
offset_2        18    -52.600894 [-10078.4500,  9961.4333]
offset_3        19    -60.026734 [-10078.4500,  9961.4333]

----- dataset: BISdata                   ----- model: gp_multidimensional           
rot_amp         20     -0.602399 [  -10.0000,    10.0000]
con_amp         21     -0.014935 [  -20.0000,    20.0000]

----- dataset:  CaIIdata
jitter_0        22      0.000213 [    0.0000,     0.3000]
offset_0        23      0.100755 [-9999.9104, 10000.1104]
offset_1        24      0.104184 [-9999.9104, 10000.1104]
offset_2        25      0.103577 [-9999.9104, 10000.1104]
offset_3        26      0.099200 [-9999.9104, 10000.1104]

----- dataset: CaIIdata                  ----- model: gp_multidimensional           
rot_amp         27      0.001676 [  -10.0000,    10.0000]
con_amp         28      0.000045 [  -20.0000,    20.0000]

----- dataset:  Contrastdata
jitter_0        29    186.890613 [    1.3000, 13000.0000]
offset_0        30  -353775.332050 [-468190.4466, -342942.6781]
offset_1        31  -433709.019446 [-468190.4466, -342942.6781]
offset_2        32  -457699.611039 [-468190.4466, -342942.6781]
offset_3        33  -362707.604406 [-468190.4466, -342942.6781]

----- dataset: Contrastdata              ----- model: gp_multidimensional           
rot_amp         34     -5.678774 [  -10.0000,    10.0000]
con_amp         35    -19.661853 [  -20.0000,    20.0000]

----- dataset:  FWHMdata
jitter_0        36      0.413127 [    0.0500,   500.0000]
offset_0        37   6693.237986 [-3321.0090, 16950.9434]
offset_1        38   6938.079515 [-3321.0090, 16950.9434]
offset_2        39   6856.982160 [-3321.0090, 16950.9434]
offset_3        40   6895.865135 [-3321.0090, 16950.9434]

----- dataset: FWHMdata                  ----- model: gp_multidimensional           
rot_amp         41      0.320663 [  -10.0000,    10.0000]
con_amp         42     -1.970667 [  -20.0000,    20.0000]

----- dataset:  Halphadata
jitter_0        43      0.000031 [    0.0000,     0.1000]
offset_0        44      0.172136 [-9999.8298, 10000.1788]
offset_1        45      0.174201 [-9999.8298, 10000.1788]
offset_2        46      0.174804 [-9999.8298, 10000.1788]
offset_3        47      0.171155 [-9999.8298, 10000.1788]

----- dataset: Halphadata                ----- model: gp_multidimensional           
rot_amp         48      0.000156 [  -10.0000,    10.0000]
con_amp         49     -0.000012 [  -20.0000,    20.0000]

----- common model:  b
P                0      1.486867 [    0.3785,     6.6439]
K                1     -0.481332 [   -9.9658,     3.3219]
sre_coso         2      0.391838 [   -1.0000,     1.0000]
sre_sino         3      0.022619 [   -1.0000,     1.0000]
mean_long        4    266.932986 [   68.9585,   428.9585]

----- common model:  activity
Prot             5     27.193282 [   20.0000,    35.0000]
Pdec             6     30.860629 [   30.0000,  1000.0000]
Oamp             7     -1.259446 [   -6.6439,     0.0000]

----- common model:  star_parameters

====================================================================================================
     Statistics on the model parameters obtained from the posteriors samples     
====================================================================================================

----- dataset:  RVdata
jitter_0              1.319167 
offset_0              8.717275 
offset_1             11.163417 
offset_2              9.915146 
offset_3             10.024769 


----- dataset: RVdata                    ----- model: gp_multidimensional           
rot_amp               3.405858 
con_amp               0.368411 

----- dataset:  BISdata
jitter_0              1.860737 
offset_0            -73.740685 
offset_1            -43.424919 
offset_2            -52.600894 
offset_3            -60.026734 


----- dataset: BISdata                   ----- model: gp_multidimensional           
rot_amp              -0.602399 
con_amp              -0.014935 

----- dataset:  CaIIdata
jitter_0              0.000213 
offset_0              0.100755 
offset_1              0.104184 
offset_2              0.103577 
offset_3              0.099200 


----- dataset: CaIIdata                  ----- model: gp_multidimensional           
rot_amp               0.001676 
con_amp               0.000045 

----- dataset:  Contrastdata
jitter_0            186.890613 
offset_0        -353775.332050 
offset_1        -433709.019446 
offset_2        -457699.611039 
offset_3        -362707.604406 


----- dataset: Contrastdata              ----- model: gp_multidimensional           
rot_amp              -5.678774 
con_amp             -19.661853 

----- dataset:  FWHMdata
jitter_0              0.413127 
offset_0           6693.237986 
offset_1           6938.079515 
offset_2           6856.982160 
offset_3           6895.865135 


----- dataset: FWHMdata                  ----- model: gp_multidimensional           
rot_amp               0.320663 
con_amp              -1.970667 

----- dataset:  Halphadata
jitter_0              0.000031 
offset_0              0.172136 
offset_1              0.174201 
offset_2              0.174804 
offset_3              0.171155 


----- dataset: Halphadata                ----- model: gp_multidimensional           
rot_amp               0.000156 
con_amp              -0.000012 

----- common model:  b
P                     2.802796 
K                     0.716316 
mean_long           266.932986 
e                     0.154049 
omega                 3.303816 

----- common model:  activity
Prot                 27.193282 
Pdec                 30.860629 
Oamp                  0.417704 

----- common model:  star_parameters

====================================================================================================
     Statistics on the derived parameters obtained from the posteriors samples     
====================================================================================================

----- common model:  b
Inclination fixed to 90 deg!
a_Rs                  8.361998 
M_Mj                  0.004909 
M_Me                  1.560523 
Tc                59335.989698 
a_AU_(M)              0.038904 
a_AU_(rho,R)          0.038904 


====================================================================================================
     ------------------------------------------------------------------------------------------     
====================================================================================================



****************************************************************************************************

 Parameters corresponding to the sample closest to the median values ( -1464.5423319135023 )

====================================================================================================
     Statistics on the posterior of the sampler parameters     
====================================================================================================

----- dataset:  RVdata
jitter_0         8      1.345481 [    0.0009,    12.4000]
offset_0         9      8.651413 [-9996.0180, 10014.1890]
offset_1        10     11.044715 [-9996.0180, 10014.1890]
offset_2        11     10.109674 [-9996.0180, 10014.1890]
offset_3        12      9.789653 [-9996.0180, 10014.1890]

----- dataset: RVdata                    ----- model: gp_multidimensional           
rot_amp         13      5.197300 [    0.0000,    10.0000]
con_amp         14      0.446307 [  -20.0000,    20.0000]

----- dataset:  BISdata
jitter_0        15      1.885195 [    0.0095,    95.0000]
offset_0        16    -73.446274 [-10078.4500,  9961.4333]
offset_1        17    -43.895283 [-10078.4500,  9961.4333]
offset_2        18    -52.585707 [-10078.4500,  9961.4333]
offset_3        19    -59.889124 [-10078.4500,  9961.4333]

----- dataset: BISdata                   ----- model: gp_multidimensional           
rot_amp         20     -0.564279 [  -10.0000,    10.0000]
con_amp         21     -0.020725 [  -20.0000,    20.0000]

----- dataset:  CaIIdata
jitter_0        22      0.000235 [    0.0000,     0.3000]
offset_0        23      0.100580 [-9999.9104, 10000.1104]
offset_1        24      0.104239 [-9999.9104, 10000.1104]
offset_2        25      0.103981 [-9999.9104, 10000.1104]
offset_3        26      0.099478 [-9999.9104, 10000.1104]

----- dataset: CaIIdata                  ----- model: gp_multidimensional           
rot_amp         27      0.000200 [  -10.0000,    10.0000]
con_amp         28      0.000019 [  -20.0000,    20.0000]

----- dataset:  Contrastdata
jitter_0        29    223.631061 [    1.3000, 13000.0000]
offset_0        30  -353800.365291 [-468190.4466, -342942.6781]
offset_1        31  -433663.864228 [-468190.4466, -342942.6781]
offset_2        32  -457700.758958 [-468190.4466, -342942.6781]
offset_3        33  -362663.919907 [-468190.4466, -342942.6781]

----- dataset: Contrastdata              ----- model: gp_multidimensional           
rot_amp         34      2.861329 [  -10.0000,    10.0000]
con_amp         35    -18.880829 [  -20.0000,    20.0000]

----- dataset:  FWHMdata
jitter_0        36      0.268825 [    0.0500,   500.0000]
offset_0        37   6694.211005 [-3321.0090, 16950.9434]
offset_1        38   6939.865134 [-3321.0090, 16950.9434]
offset_2        39   6857.851856 [-3321.0090, 16950.9434]
offset_3        40   6895.886220 [-3321.0090, 16950.9434]

----- dataset: FWHMdata                  ----- model: gp_multidimensional           
rot_amp         41      1.681701 [  -10.0000,    10.0000]
con_amp         42     -2.468702 [  -20.0000,    20.0000]

----- dataset:  Halphadata
jitter_0        43      0.000015 [    0.0000,     0.1000]
offset_0        44      0.172043 [-9999.8298, 10000.1788]
offset_1        45      0.174120 [-9999.8298, 10000.1788]
offset_2        46      0.174994 [-9999.8298, 10000.1788]
offset_3        47      0.171224 [-9999.8298, 10000.1788]

----- dataset: Halphadata                ----- model: gp_multidimensional           
rot_amp         48      0.000270 [  -10.0000,    10.0000]
con_amp         49      0.000032 [  -20.0000,    20.0000]

----- common model:  b
P                0      1.488488 [    0.3785,     6.6439]
K                1     -0.618410 [   -9.9658,     3.3219]
sre_coso         2      0.073582 [   -1.0000,     1.0000]
sre_sino         3      0.019986 [   -1.0000,     1.0000]
mean_long        4    272.116551 [   68.9585,   428.9585]

----- common model:  activity
Prot             5     27.799588 [   20.0000,    35.0000]
Pdec             6     30.563366 [   30.0000,  1000.0000]
Oamp             7     -1.322769 [   -6.6439,     0.0000]

----- common model:  star_parameters

====================================================================================================
     Statistics on the model parameters obtained from the posteriors samples     
====================================================================================================

----- dataset:  RVdata
jitter_0              1.345481 
offset_0              8.651413 
offset_1             11.044715 
offset_2             10.109674 
offset_3              9.789653 


----- dataset: RVdata                    ----- model: gp_multidimensional           
rot_amp               5.197300 
con_amp               0.446307 

----- dataset:  BISdata
jitter_0              1.885195 
offset_0            -73.446274 
offset_1            -43.895283 
offset_2            -52.585707 
offset_3            -59.889124 


----- dataset: BISdata                   ----- model: gp_multidimensional           
rot_amp              -0.564279 
con_amp              -0.020725 

----- dataset:  CaIIdata
jitter_0              0.000235 
offset_0              0.100580 
offset_1              0.104239 
offset_2              0.103981 
offset_3              0.099478 


----- dataset: CaIIdata                  ----- model: gp_multidimensional           
rot_amp               0.000200 
con_amp               0.000019 

----- dataset:  Contrastdata
jitter_0            223.631061 
offset_0        -353800.365291 
offset_1        -433663.864228 
offset_2        -457700.758958 
offset_3        -362663.919907 


----- dataset: Contrastdata              ----- model: gp_multidimensional           
rot_amp               2.861329 
con_amp             -18.880829 

----- dataset:  FWHMdata
jitter_0              0.268825 
offset_0           6694.211005 
offset_1           6939.865134 
offset_2           6857.851856 
offset_3           6895.886220 


----- dataset: FWHMdata                  ----- model: gp_multidimensional           
rot_amp               1.681701 
con_amp              -2.468702 

----- dataset:  Halphadata
jitter_0              0.000015 
offset_0              0.172043 
offset_1              0.174120 
offset_2              0.174994 
offset_3              0.171224 


----- dataset: Halphadata                ----- model: gp_multidimensional           
rot_amp               0.000270 
con_amp               0.000032 

----- common model:  b
P                     2.805947 
K                     0.651389 
mean_long           272.116551 
e                     0.005814 
omega                15.195399 

----- common model:  activity
Prot                 27.799588 
Pdec                 30.563366 
Oamp                  0.399767 

----- common model:  star_parameters

====================================================================================================
     Statistics on the derived parameters obtained from the posteriors samples     
====================================================================================================

----- common model:  b
Inclination fixed to 90 deg!
a_Rs                  8.368262 
M_Mj                  0.004520 
M_Me                  1.436733 
Tc                59336.081655 
a_AU_(M)              0.038933 
a_AU_(rho,R)          0.038933 


====================================================================================================
     ------------------------------------------------------------------------------------------     
====================================================================================================



****************************************************************************************************

Inclination fixed to 90 deg!
Note: stellar density derived from stellar mass and radius

Inclination fixed to 90 deg!
Inclination fixed to 90 deg!
 Plot FLAT chain 

****************************************************************************************************

 Skipping full correlation plot due to the high number of parameters
 To avoid this behaviour, set the keyword parameters:force_full_correlation_plot to True

****************************************************************************************************

 Plotting the chains... 

****************************************************************************************************

 Plotting the Gelman-Rubin traces... 

     Gelman-Rubin:     8     1.015284 RVdata_jitter_0 
     Gelman-Rubin:     9     1.019115 RVdata_offset_0 
     Gelman-Rubin:    10     1.017560 RVdata_offset_1 
     Gelman-Rubin:    11     1.018499 RVdata_offset_2 
     Gelman-Rubin:    12     1.020255 RVdata_offset_3 
     Gelman-Rubin:    13     1.026154 RVdata_gp_multidimensional_rot_amp 
     Gelman-Rubin:    14     1.026893 RVdata_gp_multidimensional_con_amp 
     Gelman-Rubin:    15     1.020428 BISdata_jitter_0 
     Gelman-Rubin:    16     1.022152 BISdata_offset_0 
     Gelman-Rubin:    17     1.019973 BISdata_offset_1 
     Gelman-Rubin:    18     1.019047 BISdata_offset_2 
     Gelman-Rubin:    19     1.018653 BISdata_offset_3 
     Gelman-Rubin:    20     1.019827 BISdata_gp_multidimensional_rot_amp 
     Gelman-Rubin:    21     1.023665 BISdata_gp_multidimensional_con_amp 
     Gelman-Rubin:    22     1.023522 CaIIdata_jitter_0 
     Gelman-Rubin:    23     1.018959 CaIIdata_offset_0 
     Gelman-Rubin:    24     1.017875 CaIIdata_offset_1 
     Gelman-Rubin:    25     1.018458 CaIIdata_offset_2 
     Gelman-Rubin:    26     1.022197 CaIIdata_offset_3 
     Gelman-Rubin:    27     1.015417 CaIIdata_gp_multidimensional_rot_amp 
     Gelman-Rubin:    28     1.019580 CaIIdata_gp_multidimensional_con_amp 
     Gelman-Rubin:    29     1.023023 Contrastdata_jitter_0 
     Gelman-Rubin:    30     1.018273 Contrastdata_offset_0 
     Gelman-Rubin:    31     1.016980 Contrastdata_offset_1 
     Gelman-Rubin:    32     1.017778 Contrastdata_offset_2 
     Gelman-Rubin:    33     1.019045 Contrastdata_offset_3 
     Gelman-Rubin:    34     1.022220 Contrastdata_gp_multidimensional_rot_amp 
     Gelman-Rubin:    35     1.032529 Contrastdata_gp_multidimensional_con_amp 
     Gelman-Rubin:    36     1.026242 FWHMdata_jitter_0 
     Gelman-Rubin:    37     1.019379 FWHMdata_offset_0 
     Gelman-Rubin:    38     1.017721 FWHMdata_offset_1 
     Gelman-Rubin:    39     1.018920 FWHMdata_offset_2 
     Gelman-Rubin:    40     1.020442 FWHMdata_offset_3 
     Gelman-Rubin:    41     1.017072 FWHMdata_gp_multidimensional_rot_amp 
     Gelman-Rubin:    42     1.024396 FWHMdata_gp_multidimensional_con_amp 
     Gelman-Rubin:    43     1.025134 Halphadata_jitter_0 
     Gelman-Rubin:    44     1.022831 Halphadata_offset_0 
     Gelman-Rubin:    45     1.019217 Halphadata_offset_1 
     Gelman-Rubin:    46     1.019922 Halphadata_offset_2 
     Gelman-Rubin:    47     1.018999 Halphadata_offset_3 
     Gelman-Rubin:    48     1.019673 Halphadata_gp_multidimensional_rot_amp 
     Gelman-Rubin:    49     1.019306 Halphadata_gp_multidimensional_con_amp 
     Gelman-Rubin:     0     1.023967 b_P 
     Gelman-Rubin:     1     1.023889 b_K 
     Gelman-Rubin:     2     1.018241 b_sre_coso 
     Gelman-Rubin:     3     1.023830 b_sre_sino 
     Gelman-Rubin:     4     1.022676 b_mean_long 
     Gelman-Rubin:     5     1.021847 activity_Prot 
     Gelman-Rubin:     6     1.026805 activity_Pdec 
     Gelman-Rubin:     7     1.015967 activity_Oamp 

****************************************************************************************************

Plotting the common models corner plots
     Common model:  b
     Common model:  activity
     Common model:  star_parameters

****************************************************************************************************

Plotting the dataset + models corner plots 

     Dataset:  RVdata     model:  gp_multidimensional  corner plot  starting 
     Dataset:  RVdata     model:  gp_multidimensional  corner plot  done 
     Dataset:  RVdata     model:  radial_velocities_b  corner plot  starting 
     Dataset:  RVdata     model:  radial_velocities_b  corner plot  done 
     Dataset:  BISdata     model:  gp_multidimensional  corner plot  starting 
     Dataset:  BISdata     model:  gp_multidimensional  corner plot  done 
     Dataset:  CaIIdata     model:  gp_multidimensional  corner plot  starting 
     Dataset:  CaIIdata     model:  gp_multidimensional  corner plot  done 
     Dataset:  Contrastdata     model:  gp_multidimensional  corner plot  starting 
     Dataset:  Contrastdata     model:  gp_multidimensional  corner plot  done 
     Dataset:  FWHMdata     model:  gp_multidimensional  corner plot  starting 
     Dataset:  FWHMdata     model:  gp_multidimensional  corner plot  done 
     Dataset:  Halphadata     model:  gp_multidimensional  corner plot  starting 
     Dataset:  Halphadata     model:  gp_multidimensional  corner plot  done 

****************************************************************************************************

 Saving the planet parameter samplings to files (with plots)

****************************************************************************************************

 Saving all the parameter samplings to files (with plots)

****************************************************************************************************

 Computing the models for plot/data writing 
     Splitting the plot array to allow GP prediction of extended datasets, it may take a while...
     # 65 chunks of 100 times each
     Check the documentation if the code is taking too long or if it crashes...
     Splitting the plot array to allow GP prediction of extended datasets, it may take a while...
     # 39 chunks of 100 times each
     Check the documentation if the code is taking too long or if it crashes...
     Splitting the plot array to allow GP prediction of extended datasets, it may take a while...
     # 39 chunks of 100 times each
     Check the documentation if the code is taking too long or if it crashes...
     Splitting the plot array to allow GP prediction of extended datasets, it may take a while...
     # 39 chunks of 100 times each
     Check the documentation if the code is taking too long or if it crashes...
     Splitting the plot array to allow GP prediction of extended datasets, it may take a while...
     # 39 chunks of 100 times each
     Check the documentation if the code is taking too long or if it crashes...
     Splitting the plot array to allow GP prediction of extended datasets, it may take a while...
     # 39 chunks of 100 times each
     Check the documentation if the code is taking too long or if it crashes...
     Splitting the plot array to allow GP prediction of extended datasets, it may take a while...
     # 65 chunks of 100 times each
     Check the documentation if the code is taking too long or if it crashes...
     Splitting the plot array to allow GP prediction of extended datasets, it may take a while...
     # 39 chunks of 100 times each
     Check the documentation if the code is taking too long or if it crashes...
     Splitting the plot array to allow GP prediction of extended datasets, it may take a while...
     # 39 chunks of 100 times each
     Check the documentation if the code is taking too long or if it crashes...
     Splitting the plot array to allow GP prediction of extended datasets, it may take a while...
     # 39 chunks of 100 times each
     Check the documentation if the code is taking too long or if it crashes...
     Splitting the plot array to allow GP prediction of extended datasets, it may take a while...
     # 39 chunks of 100 times each
     Check the documentation if the code is taking too long or if it crashes...
     Splitting the plot array to allow GP prediction of extended datasets, it may take a while...
     # 39 chunks of 100 times each
     Check the documentation if the code is taking too long or if it crashes...
     Splitting the plot array to allow GP prediction of extended datasets, it may take a while...
     # 65 chunks of 100 times each
     Check the documentation if the code is taking too long or if it crashes...
     Splitting the plot array to allow GP prediction of extended datasets, it may take a while...
     # 39 chunks of 100 times each
     Check the documentation if the code is taking too long or if it crashes...
     Splitting the plot array to allow GP prediction of extended datasets, it may take a while...
     # 39 chunks of 100 times each
     Check the documentation if the code is taking too long or if it crashes...
     Splitting the plot array to allow GP prediction of extended datasets, it may take a while...
     # 39 chunks of 100 times each
     Check the documentation if the code is taking too long or if it crashes...
     Splitting the plot array to allow GP prediction of extended datasets, it may take a while...
     # 39 chunks of 100 times each
     Check the documentation if the code is taking too long or if it crashes...
     Splitting the plot array to allow GP prediction of extended datasets, it may take a while...
     # 39 chunks of 100 times each
     Check the documentation if the code is taking too long or if it crashes...
 Writing the plots 
 Writing the   data files 
 Writing the  MAP_ data files 
 Writing the  sampleMED_ data files 

****************************************************************************************************

