
:::---::: PyORBIT v11.0.1 :::---:::

Python version in use:
3.10.18 (main, Jun  5 2025, 13:14:17) [GCC 11.2.0]

reloaded_optimize:  False
reloaded_pyde:  False
reloaded_emcee:  False

number of multiprocessing threads: 16
multiprocessing method (should be fork):  fork

parameters/safe_reload flag (must be True for tinygp):  False

Opening:  RVdata_expres
Opening:  RVdata_harps
Opening:  RVdata_neid
Opening:  BISdata_expres
Opening:  BISdata_harps
Opening:  BISdata_neid
Opening:  FWHMdata_expres
Opening:  FWHMdata_harps
Opening:  FWHMdata_neid

gp_multidimensional  S+LEAF model, number of harmonics: 4

GP model: gp_multidimensional  hyperparameters_condition:    True
GP model: gp_multidimensional  rotation_decay_condition:     True

====================================================================================================
     Ids, spaces (s), boundaries (b) and priors (p) of the sampler parameters     
====================================================================================================

----- dataset:  RVdata_expres
jitter_0      id:   3  s:Linear      b:[      0.0010,      13.2000]   p:Uniform   []
offset_0      id:   4  s:Linear      b:[  -9995.2560,   10011.7850]   p:Uniform   []

----- dataset: RVdata_expres             ----- model: gp_multidimensional           
rot_amp       id:   5  s:Linear      b:[      0.0000,      10.0000]   p:Uniform   []
con_amp       id:   6  s:Linear      b:[    -20.0000,      20.0000]   p:Uniform   []

----- dataset:  RVdata_harps
jitter_0      id:   7  s:Linear      b:[      0.0009,      12.4000]   p:Uniform   []
offset_0      id:   8  s:Linear      b:[  -9994.3075,   10013.5087]   p:Uniform   []
offset_1      id:   9  s:Linear      b:[  -9994.3075,   10013.5087]   p:Uniform   []

----- dataset: RVdata_harps              ----- model: gp_multidimensional           
rot_amp       id:  10  s:Linear      b:[      0.0000,      10.0000]   p:Uniform   []
con_amp       id:  11  s:Linear      b:[    -20.0000,      20.0000]   p:Uniform   []

----- dataset:  RVdata_neid
jitter_0      id:  12  s:Linear      b:[      0.0010,      12.3000]   p:Uniform   []
offset_0      id:  13  s:Linear      b:[  -9994.4136,   10013.1384]   p:Uniform   []

----- dataset: RVdata_neid               ----- model: gp_multidimensional           
rot_amp       id:  14  s:Linear      b:[      0.0000,      10.0000]   p:Uniform   []
con_amp       id:  15  s:Linear      b:[    -20.0000,      20.0000]   p:Uniform   []

----- dataset:  BISdata_expres
jitter_0      id:  16  s:Linear      b:[      0.0095,      95.0000]   p:Uniform   []
offset_0      id:  17  s:Linear      b:[ -10061.4000,    9951.1167]   p:Uniform   []

----- dataset: BISdata_expres            ----- model: gp_multidimensional           
rot_amp       id:  18  s:Linear      b:[    -10.0000,      10.0000]   p:Uniform   []
con_amp       id:  19  s:Linear      b:[    -20.0000,      20.0000]   p:Uniform   []

----- dataset:  BISdata_harps
jitter_0      id:  20  s:Linear      b:[      0.0095,      95.0000]   p:Uniform   []
offset_0      id:  21  s:Linear      b:[ -10049.9333,    9969.5167]   p:Uniform   []
offset_1      id:  22  s:Linear      b:[ -10049.9333,    9969.5167]   p:Uniform   []

----- dataset: BISdata_harps             ----- model: gp_multidimensional           
rot_amp       id:  23  s:Linear      b:[    -10.0000,      10.0000]   p:Uniform   []
con_amp       id:  24  s:Linear      b:[    -20.0000,      20.0000]   p:Uniform   []

----- dataset:  BISdata_neid
jitter_0      id:  25  s:Linear      b:[      0.0095,      95.0000]   p:Uniform   []
offset_0      id:  26  s:Linear      b:[ -10050.4500,    9956.6833]   p:Uniform   []

----- dataset: BISdata_neid              ----- model: gp_multidimensional           
rot_amp       id:  27  s:Linear      b:[    -10.0000,      10.0000]   p:Uniform   []
con_amp       id:  28  s:Linear      b:[    -20.0000,      20.0000]   p:Uniform   []

----- dataset:  FWHMdata_expres
jitter_0      id:  29  s:Linear      b:[      0.0500,     500.0000]   p:Uniform   []
offset_0      id:  30  s:Linear      b:[  -3235.8126,   16790.1992]   p:Uniform   []

----- dataset: FWHMdata_expres           ----- model: gp_multidimensional           
rot_amp       id:  31  s:Linear      b:[    -10.0000,      10.0000]   p:Uniform   []
con_amp       id:  32  s:Linear      b:[    -20.0000,      20.0000]   p:Uniform   []

----- dataset:  FWHMdata_harps
jitter_0      id:  33  s:Linear      b:[      0.0500,     500.0000]   p:Uniform   []
offset_0      id:  34  s:Linear      b:[  -3089.7611,   17180.8050]   p:Uniform   []
offset_1      id:  35  s:Linear      b:[  -3089.7611,   17180.8050]   p:Uniform   []

----- dataset: FWHMdata_harps            ----- model: gp_multidimensional           
rot_amp       id:  36  s:Linear      b:[    -10.0000,      10.0000]   p:Uniform   []
con_amp       id:  37  s:Linear      b:[    -20.0000,      20.0000]   p:Uniform   []

----- dataset:  FWHMdata_neid
jitter_0      id:  38  s:Linear      b:[      0.0500,     500.0000]   p:Uniform   []
offset_0      id:  39  s:Linear      b:[  -3050.2529,   16963.2953]   p:Uniform   []

----- dataset: FWHMdata_neid             ----- model: gp_multidimensional           
rot_amp       id:  40  s:Linear      b:[    -10.0000,      10.0000]   p:Uniform   []
con_amp       id:  41  s:Linear      b:[    -20.0000,      20.0000]   p:Uniform   []

----- common model:  activity
Prot          id:   0  s:Linear      b:[     20.0000,      35.0000]   p:Gaussian   [28.   0.5]
Pdec          id:   1  s:Linear      b:[     30.0000,    1000.0000]   p:Uniform   []
Oamp          id:   2  s:Log_Base2   b:[     -6.6439,       0.0000]   p:Gaussian   [0.35  0.035]

----- common model:  star_parameters
mass          derived (no id, space, bound)                           p:Gaussian   [1.e+00 1.e-06]
radius        derived (no id, space, bound)                           p:Gaussian   [1.e+00 1.e-06]
density       derived (no id, space, bound)                           p:Gaussian   [1.e+00 1.e-06]

Include priors:  True

Reference Time Tref:  59334.700184

Dimensions =  42
Nwalkers =  168

Using threading pool for PyDE: True
PyDE running
Boundaries redefined after PyDE output
PyDE completed, it took        104.8 seconds

====================================================================================================
     Starting point of the sample/optimization routines    
====================================================================================================

----- dataset:  RVdata_expres
jitter_0         3      1.476420 [    0.0010,    13.2000]
offset_0         4      8.610349 [-9995.2560, 10011.7850]

----- dataset: RVdata_expres             ----- model: gp_multidimensional           
rot_amp          5      0.607308 [    0.0000,    10.0000]
con_amp          6      0.997995 [  -20.0000,    20.0000]

----- dataset:  RVdata_harps
jitter_0         7      1.122473 [    0.0009,    12.4000]
offset_0         8      9.176893 [-9994.3075, 10013.5087]
offset_1         9     10.167521 [-9994.3075, 10013.5087]

----- dataset: RVdata_harps              ----- model: gp_multidimensional           
rot_amp         10      1.934694 [    0.0000,    10.0000]
con_amp         11      1.233477 [  -20.0000,    20.0000]

----- dataset:  RVdata_neid
jitter_0        12      0.972091 [    0.0010,    12.3000]
offset_0        13      9.559060 [-9994.4136, 10013.1384]

----- dataset: RVdata_neid               ----- model: gp_multidimensional           
rot_amp         14      0.000220 [    0.0000,    10.0000]
con_amp         15      1.382411 [  -20.0000,    20.0000]

----- dataset:  BISdata_expres
jitter_0        16      1.799060 [    0.0095,    95.0000]
offset_0        17    -54.765756 [-10061.4000,  9951.1167]

----- dataset: BISdata_expres            ----- model: gp_multidimensional           
rot_amp         18     -3.268464 [  -10.0000,    10.0000]
con_amp         19      0.960762 [  -20.0000,    20.0000]

----- dataset:  BISdata_harps
jitter_0        20      2.163852 [    0.0095,    95.0000]
offset_0        21    -45.516609 [-10049.9333,  9969.5167]
offset_1        22    -35.008920 [-10049.9333,  9969.5167]

----- dataset: BISdata_harps             ----- model: gp_multidimensional           
rot_amp         23      0.277054 [  -10.0000,    10.0000]
con_amp         24      0.003522 [  -20.0000,    20.0000]

----- dataset:  BISdata_neid
jitter_0        25      1.174173 [    0.0095,    95.0000]
offset_0        26    -46.614539 [-10050.4500,  9956.6833]

----- dataset: BISdata_neid              ----- model: gp_multidimensional           
rot_amp         27     -0.345348 [  -10.0000,    10.0000]
con_amp         28      0.447000 [  -20.0000,    20.0000]

----- dataset:  FWHMdata_expres
jitter_0        29      1.839955 [    0.0500,   500.0000]
offset_0        30   6777.087190 [-3235.8126, 16790.1992]

----- dataset: FWHMdata_expres           ----- model: gp_multidimensional           
rot_amp         31      0.980294 [  -10.0000,    10.0000]
con_amp         32      0.443630 [  -20.0000,    20.0000]

----- dataset:  FWHMdata_harps
jitter_0        33      0.054731 [    0.0500,   500.0000]
offset_0        34   6916.822472 [-3089.7611, 17180.8050]
offset_1        35   7171.770019 [-3089.7611, 17180.8050]

----- dataset: FWHMdata_harps            ----- model: gp_multidimensional           
rot_amp         36      0.929616 [  -10.0000,    10.0000]
con_amp         37      0.736162 [  -20.0000,    20.0000]

----- dataset:  FWHMdata_neid
jitter_0        38      0.055192 [    0.0500,   500.0000]
offset_0        39   6956.675244 [-3050.2529, 16963.2953]

----- dataset: FWHMdata_neid             ----- model: gp_multidimensional           
rot_amp         40     -1.137406 [  -10.0000,    10.0000]
con_amp         41     -0.822719 [  -20.0000,    20.0000]

----- common model:  activity
Prot             0     27.964918 [   20.0000,    35.0000]
Pdec             1     30.001714 [   30.0000,  1000.0000]
Oamp             2     -1.583317 [   -6.6439,     0.0000]

----- common model:  star_parameters

====================================================================================================
     Starting point projected onto the model parameter space     
====================================================================================================

----- dataset:  RVdata_expres
jitter_0              1.476420 
offset_0              8.610349 


----- dataset: RVdata_expres             ----- model: gp_multidimensional           
rot_amp               0.607308 
con_amp               0.997995 

----- dataset:  RVdata_harps
jitter_0              1.122473 
offset_0              9.176893 
offset_1             10.167521 


----- dataset: RVdata_harps              ----- model: gp_multidimensional           
rot_amp               1.934694 
con_amp               1.233477 

----- dataset:  RVdata_neid
jitter_0              0.972091 
offset_0              9.559060 


----- dataset: RVdata_neid               ----- model: gp_multidimensional           
rot_amp               0.000220 
con_amp               1.382411 

----- dataset:  BISdata_expres
jitter_0              1.799060 
offset_0            -54.765756 


----- dataset: BISdata_expres            ----- model: gp_multidimensional           
rot_amp              -3.268464 
con_amp               0.960762 

----- dataset:  BISdata_harps
jitter_0              2.163852 
offset_0            -45.516609 
offset_1            -35.008920 


----- dataset: BISdata_harps             ----- model: gp_multidimensional           
rot_amp               0.277054 
con_amp               0.003522 

----- dataset:  BISdata_neid
jitter_0              1.174173 
offset_0            -46.614539 


----- dataset: BISdata_neid              ----- model: gp_multidimensional           
rot_amp              -0.345348 
con_amp               0.447000 

----- dataset:  FWHMdata_expres
jitter_0              1.839955 
offset_0           6777.087190 


----- dataset: FWHMdata_expres           ----- model: gp_multidimensional           
rot_amp               0.980294 
con_amp               0.443630 

----- dataset:  FWHMdata_harps
jitter_0              0.054731 
offset_0           6916.822472 
offset_1           7171.770019 


----- dataset: FWHMdata_harps            ----- model: gp_multidimensional           
rot_amp               0.929616 
con_amp               0.736162 

----- dataset:  FWHMdata_neid
jitter_0              0.055192 
offset_0           6956.675244 


----- dataset: FWHMdata_neid             ----- model: gp_multidimensional           
rot_amp              -1.137406 
con_amp              -0.822719 

----- common model:  activity
Prot                 27.964918 
Pdec                 30.001714 
Oamp                  0.333714 

----- common model:  star_parameters

====================================================================================================
     Derived parameters obtained from starting point     
====================================================================================================


====================================================================================================
     Statistics on the log-likelihood     
====================================================================================================

 LN probability: -2355.991177 

====================================================================================================
     ------------------------------------------------------------------------------------------     
====================================================================================================



*************************************************************

Running emcee

emcee version:  3.1.6
Using threading pool for emcee: True

Saving temporary steps


Computing the autocorrelation time of the chains

***** WARNING ******
The integrated autocorrelation time cannot be reliably estimated
likely the chains are too short, and ACF analysis is not fully reliable
emcee.autocorr.integrated_time tolerance lowered to 20
If you still get a warning, you should drop these results entirely
Chains too short to apply convergence criteria
They should be at least 600*nthin = 90000

====================================================================================================
     Statistics on the posterior of the sampler parameters     
====================================================================================================

----- dataset:  RVdata_expres
jitter_0         3          1.50        -0.11         0.13   (15-84 p)   [    0.0010,    13.2000]
offset_0         4          8.75        -0.79         0.92   (15-84 p)   [-9995.2560, 10011.7850]

----- dataset: RVdata_expres             ----- model: gp_multidimensional           
rot_amp          5           1.8         -1.2          1.6   (15-84 p)   [    0.0000,    10.0000]
con_amp          6          2.30        -0.84          1.1   (15-84 p)   [  -20.0000,    20.0000]

----- dataset:  RVdata_harps
jitter_0         7         1.141       -0.090         0.11   (15-84 p)   [    0.0009,    12.4000]
offset_0         8           9.4         -1.0          1.1   (15-84 p)   [-9994.3075, 10013.5087]
offset_1         9          10.4         -1.0          1.1   (15-84 p)   [-9994.3075, 10013.5087]

----- dataset: RVdata_harps              ----- model: gp_multidimensional           
rot_amp         10           5.3         -2.0          2.4   (15-84 p)   [    0.0000,    10.0000]
con_amp         11          2.84        -0.79         0.98   (15-84 p)   [  -20.0000,    20.0000]

----- dataset:  RVdata_neid
jitter_0        12         1.000       -0.081         0.10   (15-84 p)   [    0.0010,    12.3000]
offset_0        13           9.8         -1.2          1.3   (15-84 p)   [-9994.4136, 10013.1384]

----- dataset: RVdata_neid               ----- model: gp_multidimensional           
rot_amp         14          0.19        -0.15         0.46   (15-84 p)   [    0.0000,    10.0000]
con_amp         15          3.30        -0.85          1.1   (15-84 p)   [  -20.0000,    20.0000]

----- dataset:  BISdata_expres
jitter_0        16          1.86        -0.18         0.18   (15-84 p)   [    0.0095,    95.0000]
offset_0        17        -54.55        -0.89          1.1   (15-84 p)   [-10061.4000,  9951.1167]

----- dataset: BISdata_expres            ----- model: gp_multidimensional           
rot_amp         18          -6.8         -2.0          2.1   (15-84 p)   [  -10.0000,    10.0000]
con_amp         19           2.7         -1.1          1.4   (15-84 p)   [  -20.0000,    20.0000]

----- dataset:  BISdata_harps
jitter_0        20          2.22        -0.17         0.19   (15-84 p)   [    0.0095,    95.0000]
offset_0        21        -45.52        -0.39         0.37   (15-84 p)   [-10049.9333,  9969.5167]
offset_1        22        -34.99        -0.54         0.53   (15-84 p)   [-10049.9333,  9969.5167]

----- dataset: BISdata_harps             ----- model: gp_multidimensional           
rot_amp         23           0.2         -2.4          2.4   (15-84 p)   [  -10.0000,    10.0000]
con_amp         24          0.06        -0.90         0.91   (15-84 p)   [  -20.0000,    20.0000]

----- dataset:  BISdata_neid
jitter_0        25          1.21        -0.15         0.17   (15-84 p)   [    0.0095,    95.0000]
offset_0        26        -46.54        -0.37         0.51   (15-84 p)   [-10050.4500,  9956.6833]

----- dataset: BISdata_neid              ----- model: gp_multidimensional           
rot_amp         27          -0.7         -1.9          1.8   (15-84 p)   [  -10.0000,    10.0000]
con_amp         28          1.06        -0.70         0.91   (15-84 p)   [  -20.0000,    20.0000]

----- dataset:  FWHMdata_expres
jitter_0        29           1.6         -1.0          1.0   (15-84 p)   [    0.0500,   500.0000]
offset_0        30        6777.1         -1.1          1.2   (15-84 p)   [-3235.8126, 16790.1992]

----- dataset: FWHMdata_expres           ----- model: gp_multidimensional           
rot_amp         31           1.8         -4.9          4.6   (15-84 p)   [  -10.0000,    10.0000]
con_amp         32           1.2         -3.3          3.6   (15-84 p)   [  -20.0000,    20.0000]

----- dataset:  FWHMdata_harps
jitter_0        33          0.42        -0.26         0.43   (15-84 p)   [    0.0500,   500.0000]
offset_0        34       6916.85        -0.84         0.98   (15-84 p)   [-3089.7611, 17180.8050]
offset_1        35        7171.8         -1.1          1.2   (15-84 p)   [-3089.7611, 17180.8050]

----- dataset: FWHMdata_harps            ----- model: gp_multidimensional           
rot_amp         36           1.5         -4.6          4.5   (15-84 p)   [  -10.0000,    10.0000]
con_amp         37           1.5         -1.7          1.9   (15-84 p)   [  -20.0000,    20.0000]

----- dataset:  FWHMdata_neid
jitter_0        38          0.51        -0.33         0.53   (15-84 p)   [    0.0500,   500.0000]
offset_0        39       6956.57         -1.3         0.90   (15-84 p)   [-3050.2529, 16963.2953]

----- dataset: FWHMdata_neid             ----- model: gp_multidimensional           
rot_amp         40          -1.9         -4.7          5.2   (15-84 p)   [  -10.0000,    10.0000]
con_amp         41          -2.0         -2.5          2.1   (15-84 p)   [  -20.0000,    20.0000]

----- common model:  activity
Prot             0         28.00        -0.51         0.53   (15-84 p)   [   20.0000,    35.0000]
Pdec             1          34.0         -3.3          9.8   (15-84 p)   [   30.0000,  1000.0000]
Oamp             2         -1.41        -0.14         0.13   (15-84 p)   [   -6.6439,     0.0000]

----- common model:  star_parameters

====================================================================================================
     Statistics on the model parameters obtained from the posteriors samples     
====================================================================================================

----- dataset:  RVdata_expres
jitter_0                  1.50        -0.11         0.13    (15-84 p)
offset_0                  8.75        -0.79         0.92    (15-84 p)


----- dataset: RVdata_expres             ----- model: gp_multidimensional           
rot_amp                    1.8         -1.2          1.6    (15-84 p)
con_amp                   2.30        -0.84          1.1    (15-84 p)

----- dataset:  RVdata_harps
jitter_0                 1.141       -0.090         0.11    (15-84 p)
offset_0                   9.4         -1.0          1.1    (15-84 p)
offset_1                  10.4         -1.0          1.1    (15-84 p)


----- dataset: RVdata_harps              ----- model: gp_multidimensional           
rot_amp                    5.3         -2.0          2.4    (15-84 p)
con_amp                   2.84        -0.79         0.98    (15-84 p)

----- dataset:  RVdata_neid
jitter_0                 1.000       -0.081         0.10    (15-84 p)
offset_0                   9.8         -1.2          1.3    (15-84 p)


----- dataset: RVdata_neid               ----- model: gp_multidimensional           
rot_amp                   0.19        -0.15         0.46    (15-84 p)
con_amp                   3.30        -0.85          1.1    (15-84 p)

----- dataset:  BISdata_expres
jitter_0                  1.86        -0.18         0.18    (15-84 p)
offset_0                -54.55        -0.89          1.1    (15-84 p)


----- dataset: BISdata_expres            ----- model: gp_multidimensional           
rot_amp                   -6.8         -2.0          2.1    (15-84 p)
con_amp                    2.7         -1.1          1.4    (15-84 p)

----- dataset:  BISdata_harps
jitter_0                  2.22        -0.17         0.19    (15-84 p)
offset_0                -45.52        -0.39         0.37    (15-84 p)
offset_1                -34.99        -0.54         0.53    (15-84 p)


----- dataset: BISdata_harps             ----- model: gp_multidimensional           
rot_amp                    0.2         -2.4          2.4    (15-84 p)
con_amp                   0.06        -0.90         0.91    (15-84 p)

----- dataset:  BISdata_neid
jitter_0                  1.21        -0.15         0.17    (15-84 p)
offset_0                -46.54        -0.37         0.51    (15-84 p)


----- dataset: BISdata_neid              ----- model: gp_multidimensional           
rot_amp                   -0.7         -1.9          1.8    (15-84 p)
con_amp                   1.06        -0.70         0.91    (15-84 p)

----- dataset:  FWHMdata_expres
jitter_0                   1.6         -1.0          1.0    (15-84 p)
offset_0                6777.1         -1.1          1.2    (15-84 p)


----- dataset: FWHMdata_expres           ----- model: gp_multidimensional           
rot_amp                    1.8         -4.9          4.6    (15-84 p)
con_amp                    1.2         -3.3          3.6    (15-84 p)

----- dataset:  FWHMdata_harps
jitter_0                  0.42        -0.26         0.43    (15-84 p)
offset_0               6916.85        -0.84         0.98    (15-84 p)
offset_1                7171.8         -1.1          1.2    (15-84 p)


----- dataset: FWHMdata_harps            ----- model: gp_multidimensional           
rot_amp                    1.5         -4.6          4.5    (15-84 p)
con_amp                    1.5         -1.7          1.9    (15-84 p)

----- dataset:  FWHMdata_neid
jitter_0                  0.51        -0.33         0.53    (15-84 p)
offset_0               6956.57         -1.3         0.90    (15-84 p)


----- dataset: FWHMdata_neid             ----- model: gp_multidimensional           
rot_amp                   -1.9         -4.7          5.2    (15-84 p)
con_amp                   -2.0         -2.5          2.1    (15-84 p)

----- common model:  activity
Prot                     28.00        -0.51         0.53    (15-84 p)
Pdec                      34.0         -3.3          9.8    (15-84 p)
Oamp                     0.376       -0.034        0.035    (15-84 p)

----- common model:  star_parameters

====================================================================================================
     Statistics on the derived parameters obtained from the posteriors samples     
====================================================================================================


====================================================================================================
     ------------------------------------------------------------------------------------------     
====================================================================================================



15000.0   steps completed, average lnprob:,  -2387.666967170952


Computing the autocorrelation time of the chains

***** WARNING ******
The integrated autocorrelation time cannot be reliably estimated
likely the chains are too short, and ACF analysis is not fully reliable
emcee.autocorr.integrated_time tolerance lowered to 20
If you still get a warning, you should drop these results entirely
Chains too short to apply convergence criteria
They should be at least 1150*nthin = 172500

====================================================================================================
     Statistics on the posterior of the sampler parameters     
====================================================================================================

----- dataset:  RVdata_expres
jitter_0         3          1.49        -0.11         0.12   (15-84 p)   [    0.0010,    13.2000]
offset_0         4           9.0         -1.2          1.5   (15-84 p)   [-9995.2560, 10011.7850]

----- dataset: RVdata_expres             ----- model: gp_multidimensional           
rot_amp          5           2.8         -1.8          2.6   (15-84 p)   [    0.0000,    10.0000]
con_amp          6           3.1         -1.2          1.5   (15-84 p)   [  -20.0000,    20.0000]

----- dataset:  RVdata_harps
jitter_0         7         1.168       -0.094        0.099   (15-84 p)   [    0.0009,    12.4000]
offset_0         8           9.6         -1.4          1.6   (15-84 p)   [-9994.3075, 10013.5087]
offset_1         9          10.6         -1.4          1.6   (15-84 p)   [-9994.3075, 10013.5087]

----- dataset: RVdata_harps              ----- model: gp_multidimensional           
rot_amp         10           6.9         -2.2          2.0   (15-84 p)   [    0.0000,    10.0000]
con_amp         11           3.6         -1.1          1.4   (15-84 p)   [  -20.0000,    20.0000]

----- dataset:  RVdata_neid
jitter_0        12         0.996       -0.082        0.092   (15-84 p)   [    0.0010,    12.3000]
offset_0        13          10.2         -1.8          2.1   (15-84 p)   [-9994.4136, 10013.1384]

----- dataset: RVdata_neid               ----- model: gp_multidimensional           
rot_amp         14          0.75        -0.56          1.2   (15-84 p)   [    0.0000,    10.0000]
con_amp         15           4.5         -1.3          1.7   (15-84 p)   [  -20.0000,    20.0000]

----- dataset:  BISdata_expres
jitter_0        16          1.89        -0.17         0.19   (15-84 p)   [    0.0095,    95.0000]
offset_0        17         -54.3         -1.3          1.8   (15-84 p)   [-10061.4000,  9951.1167]

----- dataset: BISdata_expres            ----- model: gp_multidimensional           
rot_amp         18          -7.9         -1.5          2.7   (15-84 p)   [  -10.0000,    10.0000]
con_amp         19           3.6         -1.5          2.1   (15-84 p)   [  -20.0000,    20.0000]

----- dataset:  BISdata_harps
jitter_0        20          2.21        -0.16         0.18   (15-84 p)   [    0.0095,    95.0000]
offset_0        21        -45.54        -0.47         0.47   (15-84 p)   [-10049.9333,  9969.5167]
offset_1        22        -35.02        -0.64         0.61   (15-84 p)   [-10049.9333,  9969.5167]

----- dataset: BISdata_harps             ----- model: gp_multidimensional           
rot_amp         23           0.6         -3.4          3.3   (15-84 p)   [  -10.0000,    10.0000]
con_amp         24          -0.1         -1.2          1.2   (15-84 p)   [  -20.0000,    20.0000]

----- dataset:  BISdata_neid
jitter_0        25          1.20        -0.15         0.16   (15-84 p)   [    0.0095,    95.0000]
offset_0        26        -46.46        -0.52         0.81   (15-84 p)   [-10050.4500,  9956.6833]

----- dataset: BISdata_neid              ----- model: gp_multidimensional           
rot_amp         27          -0.8         -2.5          2.5   (15-84 p)   [  -10.0000,    10.0000]
con_amp         28           1.4         -1.0          1.2   (15-84 p)   [  -20.0000,    20.0000]

----- dataset:  FWHMdata_expres
jitter_0        29          1.71         -1.1         0.99   (15-84 p)   [    0.0500,   500.0000]
offset_0        30        6776.9         -1.7          1.5   (15-84 p)   [-3235.8126, 16790.1992]

----- dataset: FWHMdata_expres           ----- model: gp_multidimensional           
rot_amp         31           2.2         -5.7          4.9   (15-84 p)   [  -10.0000,    10.0000]
con_amp         32           0.4         -4.8          4.5   (15-84 p)   [  -20.0000,    20.0000]

----- dataset:  FWHMdata_harps
jitter_0        33          0.41        -0.26         0.43   (15-84 p)   [    0.0500,   500.0000]
offset_0        34        6917.0         -1.1          1.3   (15-84 p)   [-3089.7611, 17180.8050]
offset_1        35        7171.9         -1.4          1.5   (15-84 p)   [-3089.7611, 17180.8050]

----- dataset: FWHMdata_harps            ----- model: gp_multidimensional           
rot_amp         36           2.4         -5.5          4.6   (15-84 p)   [  -10.0000,    10.0000]
con_amp         37           1.9         -2.4          2.6   (15-84 p)   [  -20.0000,    20.0000]

----- dataset:  FWHMdata_neid
jitter_0        38          0.50        -0.32         0.50   (15-84 p)   [    0.0500,   500.0000]
offset_0        39        6956.6         -1.7          1.2   (15-84 p)   [-3050.2529, 16963.2953]

----- dataset: FWHMdata_neid             ----- model: gp_multidimensional           
rot_amp         40          -2.2         -5.1          5.9   (15-84 p)   [  -10.0000,    10.0000]
con_amp         41          -2.4         -3.6          2.8   (15-84 p)   [  -20.0000,    20.0000]

----- common model:  activity
Prot             0         28.09        -0.55         0.58   (15-84 p)   [   20.0000,    35.0000]
Pdec             1            53          -12           17   (15-84 p)   [   30.0000,  1000.0000]
Oamp             2         -1.42        -0.14         0.13   (15-84 p)   [   -6.6439,     0.0000]

----- common model:  star_parameters

====================================================================================================
     Statistics on the model parameters obtained from the posteriors samples     
====================================================================================================

----- dataset:  RVdata_expres
jitter_0                  1.49        -0.11         0.12    (15-84 p)
offset_0                   9.0         -1.2          1.5    (15-84 p)


----- dataset: RVdata_expres             ----- model: gp_multidimensional           
rot_amp                    2.8         -1.8          2.6    (15-84 p)
con_amp                    3.1         -1.2          1.5    (15-84 p)

----- dataset:  RVdata_harps
jitter_0                 1.168       -0.094        0.099    (15-84 p)
offset_0                   9.6         -1.4          1.6    (15-84 p)
offset_1                  10.6         -1.4          1.6    (15-84 p)


----- dataset: RVdata_harps              ----- model: gp_multidimensional           
rot_amp                    6.9         -2.2          2.0    (15-84 p)
con_amp                    3.6         -1.1          1.4    (15-84 p)

----- dataset:  RVdata_neid
jitter_0                 0.996       -0.082        0.092    (15-84 p)
offset_0                  10.2         -1.8          2.1    (15-84 p)


----- dataset: RVdata_neid               ----- model: gp_multidimensional           
rot_amp                   0.75        -0.56          1.2    (15-84 p)
con_amp                    4.5         -1.3          1.7    (15-84 p)

----- dataset:  BISdata_expres
jitter_0                  1.89        -0.17         0.19    (15-84 p)
offset_0                 -54.3         -1.3          1.8    (15-84 p)


----- dataset: BISdata_expres            ----- model: gp_multidimensional           
rot_amp                   -7.9         -1.5          2.7    (15-84 p)
con_amp                    3.6         -1.5          2.1    (15-84 p)

----- dataset:  BISdata_harps
jitter_0                  2.21        -0.16         0.18    (15-84 p)
offset_0                -45.54        -0.47         0.47    (15-84 p)
offset_1                -35.02        -0.64         0.61    (15-84 p)


----- dataset: BISdata_harps             ----- model: gp_multidimensional           
rot_amp                    0.6         -3.4          3.3    (15-84 p)
con_amp                   -0.1         -1.2          1.2    (15-84 p)

----- dataset:  BISdata_neid
jitter_0                  1.20        -0.15         0.16    (15-84 p)
offset_0                -46.46        -0.52         0.81    (15-84 p)


----- dataset: BISdata_neid              ----- model: gp_multidimensional           
rot_amp                   -0.8         -2.5          2.5    (15-84 p)
con_amp                    1.4         -1.0          1.2    (15-84 p)

----- dataset:  FWHMdata_expres
jitter_0                  1.71         -1.1         0.99    (15-84 p)
offset_0                6776.9         -1.7          1.5    (15-84 p)


----- dataset: FWHMdata_expres           ----- model: gp_multidimensional           
rot_amp                    2.2         -5.7          4.9    (15-84 p)
con_amp                    0.4         -4.8          4.5    (15-84 p)

----- dataset:  FWHMdata_harps
jitter_0                  0.41        -0.26         0.43    (15-84 p)
offset_0                6917.0         -1.1          1.3    (15-84 p)
offset_1                7171.9         -1.4          1.5    (15-84 p)


----- dataset: FWHMdata_harps            ----- model: gp_multidimensional           
rot_amp                    2.4         -5.5          4.6    (15-84 p)
con_amp                    1.9         -2.4          2.6    (15-84 p)

----- dataset:  FWHMdata_neid
jitter_0                  0.50        -0.32         0.50    (15-84 p)
offset_0                6956.6         -1.7          1.2    (15-84 p)


----- dataset: FWHMdata_neid             ----- model: gp_multidimensional           
rot_amp                   -2.2         -5.1          5.9    (15-84 p)
con_amp                   -2.4         -3.6          2.8    (15-84 p)

----- common model:  activity
Prot                     28.09        -0.55         0.58    (15-84 p)
Pdec                        53          -12           17    (15-84 p)
Oamp                     0.374       -0.035        0.035    (15-84 p)

----- common model:  star_parameters

====================================================================================================
     Statistics on the derived parameters obtained from the posteriors samples     
====================================================================================================


====================================================================================================
     ------------------------------------------------------------------------------------------     
====================================================================================================



30000.0   steps completed, average lnprob:,  -2388.0933118189205


Computing the autocorrelation time of the chains

***** WARNING ******
The integrated autocorrelation time cannot be reliably estimated
likely the chains are too short, and ACF analysis is not fully reliable
emcee.autocorr.integrated_time tolerance lowered to 20
If you still get a warning, you should drop these results entirely
Chains too short to apply convergence criteria
They should be at least 1400*nthin = 210000

====================================================================================================
     Statistics on the posterior of the sampler parameters     
====================================================================================================

----- dataset:  RVdata_expres
jitter_0         3          1.49        -0.11         0.12   (15-84 p)   [    0.0010,    13.2000]
offset_0         4          8.87        -0.98          1.6   (15-84 p)   [-9995.2560, 10011.7850]

----- dataset: RVdata_expres             ----- model: gp_multidimensional           
rot_amp          5           3.1         -2.0          3.0   (15-84 p)   [    0.0000,    10.0000]
con_amp          6           3.0         -1.5          1.6   (15-84 p)   [  -20.0000,    20.0000]

----- dataset:  RVdata_harps
jitter_0         7         1.175       -0.096         0.11   (15-84 p)   [    0.0009,    12.4000]
offset_0         8           9.4         -1.2          1.7   (15-84 p)   [-9994.3075, 10013.5087]
offset_1         9          10.5         -1.2          1.7   (15-84 p)   [-9994.3075, 10013.5087]

----- dataset: RVdata_harps              ----- model: gp_multidimensional           
rot_amp         10           7.0         -2.3          2.0   (15-84 p)   [    0.0000,    10.0000]
con_amp         11           3.4         -1.5          1.5   (15-84 p)   [  -20.0000,    20.0000]

----- dataset:  RVdata_neid
jitter_0        12         1.002       -0.082        0.091   (15-84 p)   [    0.0010,    12.3000]
offset_0        13          10.0         -1.5          2.2   (15-84 p)   [-9994.4136, 10013.1384]

----- dataset: RVdata_neid               ----- model: gp_multidimensional           
rot_amp         14          0.90        -0.68          2.2   (15-84 p)   [    0.0000,    10.0000]
con_amp         15           4.3         -1.6          1.8   (15-84 p)   [  -20.0000,    20.0000]

----- dataset:  BISdata_expres
jitter_0        16          1.90        -0.18         0.19   (15-84 p)   [    0.0095,    95.0000]
offset_0        17         -54.4         -1.2          1.8   (15-84 p)   [-10061.4000,  9951.1167]

----- dataset: BISdata_expres            ----- model: gp_multidimensional           
rot_amp         18          -7.6         -1.8          4.0   (15-84 p)   [  -10.0000,    10.0000]
con_amp         19           3.4         -1.6          2.1   (15-84 p)   [  -20.0000,    20.0000]

----- dataset:  BISdata_harps
jitter_0        20          2.22        -0.17         0.18   (15-84 p)   [    0.0095,    95.0000]
offset_0        21        -45.53        -0.47         0.46   (15-84 p)   [-10049.9333,  9969.5167]
offset_1        22        -35.01        -0.63         0.60   (15-84 p)   [-10049.9333,  9969.5167]

----- dataset: BISdata_harps             ----- model: gp_multidimensional           
rot_amp         23           0.4         -3.3          3.3   (15-84 p)   [  -10.0000,    10.0000]
con_amp         24          -0.1         -1.2          1.1   (15-84 p)   [  -20.0000,    20.0000]

----- dataset:  BISdata_neid
jitter_0        25          1.20        -0.14         0.16   (15-84 p)   [    0.0095,    95.0000]
offset_0        26        -46.51        -0.48         0.77   (15-84 p)   [-10050.4500,  9956.6833]

----- dataset: BISdata_neid              ----- model: gp_multidimensional           
rot_amp         27          -0.5         -2.7          2.9   (15-84 p)   [  -10.0000,    10.0000]
con_amp         28           1.3         -1.1          1.2   (15-84 p)   [  -20.0000,    20.0000]

----- dataset:  FWHMdata_expres
jitter_0        29           1.6         -1.1          1.0   (15-84 p)   [    0.0500,   500.0000]
offset_0        30        6776.9         -1.8          1.6   (15-84 p)   [-3235.8126, 16790.1992]

----- dataset: FWHMdata_expres           ----- model: gp_multidimensional           
rot_amp         31           2.4         -5.7          4.8   (15-84 p)   [  -10.0000,    10.0000]
con_amp         32          -0.1         -5.9          4.8   (15-84 p)   [  -20.0000,    20.0000]

----- dataset:  FWHMdata_harps
jitter_0        33          0.42        -0.26         0.43   (15-84 p)   [    0.0500,   500.0000]
offset_0        34        6917.0         -1.0          1.2   (15-84 p)   [-3089.7611, 17180.8050]
offset_1        35        7171.9         -1.3          1.5   (15-84 p)   [-3089.7611, 17180.8050]

----- dataset: FWHMdata_harps            ----- model: gp_multidimensional           
rot_amp         36           2.6         -5.4          4.5   (15-84 p)   [  -10.0000,    10.0000]
con_amp         37           1.6         -2.4          2.7   (15-84 p)   [  -20.0000,    20.0000]

----- dataset:  FWHMdata_neid
jitter_0        38          0.51        -0.32         0.52   (15-84 p)   [    0.0500,   500.0000]
offset_0        39        6956.6         -1.7          1.1   (15-84 p)   [-3050.2529, 16963.2953]

----- dataset: FWHMdata_neid             ----- model: gp_multidimensional           
rot_amp         40          -2.4         -4.9          5.8   (15-84 p)   [  -10.0000,    10.0000]
con_amp         41          -2.2         -3.6          2.8   (15-84 p)   [  -20.0000,    20.0000]

----- common model:  activity
Prot             0         28.13        -0.56         0.58   (15-84 p)   [   20.0000,    35.0000]
Pdec             1            52          -13           17   (15-84 p)   [   30.0000,  1000.0000]
Oamp             2         -1.41        -0.14         0.13   (15-84 p)   [   -6.6439,     0.0000]

----- common model:  star_parameters

====================================================================================================
     Statistics on the model parameters obtained from the posteriors samples     
====================================================================================================

----- dataset:  RVdata_expres
jitter_0                  1.49        -0.11         0.12    (15-84 p)
offset_0                  8.87        -0.98          1.6    (15-84 p)


----- dataset: RVdata_expres             ----- model: gp_multidimensional           
rot_amp                    3.1         -2.0          3.0    (15-84 p)
con_amp                    3.0         -1.5          1.6    (15-84 p)

----- dataset:  RVdata_harps
jitter_0                 1.175       -0.096         0.11    (15-84 p)
offset_0                   9.4         -1.2          1.7    (15-84 p)
offset_1                  10.5         -1.2          1.7    (15-84 p)


----- dataset: RVdata_harps              ----- model: gp_multidimensional           
rot_amp                    7.0         -2.3          2.0    (15-84 p)
con_amp                    3.4         -1.5          1.5    (15-84 p)

----- dataset:  RVdata_neid
jitter_0                 1.002       -0.082        0.091    (15-84 p)
offset_0                  10.0         -1.5          2.2    (15-84 p)


----- dataset: RVdata_neid               ----- model: gp_multidimensional           
rot_amp                   0.90        -0.68          2.2    (15-84 p)
con_amp                    4.3         -1.6          1.8    (15-84 p)

----- dataset:  BISdata_expres
jitter_0                  1.90        -0.18         0.19    (15-84 p)
offset_0                 -54.4         -1.2          1.8    (15-84 p)


----- dataset: BISdata_expres            ----- model: gp_multidimensional           
rot_amp                   -7.6         -1.8          4.0    (15-84 p)
con_amp                    3.4         -1.6          2.1    (15-84 p)

----- dataset:  BISdata_harps
jitter_0                  2.22        -0.17         0.18    (15-84 p)
offset_0                -45.53        -0.47         0.46    (15-84 p)
offset_1                -35.01        -0.63         0.60    (15-84 p)


----- dataset: BISdata_harps             ----- model: gp_multidimensional           
rot_amp                    0.4         -3.3          3.3    (15-84 p)
con_amp                   -0.1         -1.2          1.1    (15-84 p)

----- dataset:  BISdata_neid
jitter_0                  1.20        -0.14         0.16    (15-84 p)
offset_0                -46.51        -0.48         0.77    (15-84 p)


----- dataset: BISdata_neid              ----- model: gp_multidimensional           
rot_amp                   -0.5         -2.7          2.9    (15-84 p)
con_amp                    1.3         -1.1          1.2    (15-84 p)

----- dataset:  FWHMdata_expres
jitter_0                   1.6         -1.1          1.0    (15-84 p)
offset_0                6776.9         -1.8          1.6    (15-84 p)


----- dataset: FWHMdata_expres           ----- model: gp_multidimensional           
rot_amp                    2.4         -5.7          4.8    (15-84 p)
con_amp                   -0.1         -5.9          4.8    (15-84 p)

----- dataset:  FWHMdata_harps
jitter_0                  0.42        -0.26         0.43    (15-84 p)
offset_0                6917.0         -1.0          1.2    (15-84 p)
offset_1                7171.9         -1.3          1.5    (15-84 p)


----- dataset: FWHMdata_harps            ----- model: gp_multidimensional           
rot_amp                    2.6         -5.4          4.5    (15-84 p)
con_amp                    1.6         -2.4          2.7    (15-84 p)

----- dataset:  FWHMdata_neid
jitter_0                  0.51        -0.32         0.52    (15-84 p)
offset_0                6956.6         -1.7          1.1    (15-84 p)


----- dataset: FWHMdata_neid             ----- model: gp_multidimensional           
rot_amp                   -2.4         -4.9          5.8    (15-84 p)
con_amp                   -2.2         -3.6          2.8    (15-84 p)

----- common model:  activity
Prot                     28.13        -0.56         0.58    (15-84 p)
Pdec                        52          -13           17    (15-84 p)
Oamp                     0.377       -0.035        0.036    (15-84 p)

----- common model:  star_parameters

====================================================================================================
     Statistics on the derived parameters obtained from the posteriors samples     
====================================================================================================


====================================================================================================
     ------------------------------------------------------------------------------------------     
====================================================================================================



45000.0   steps completed, average lnprob:,  -2386.2833916139207


Computing the autocorrelation time of the chains

***** WARNING ******
The integrated autocorrelation time cannot be reliably estimated
likely the chains are too short, and ACF analysis is not fully reliable
emcee.autocorr.integrated_time tolerance lowered to 20
If you still get a warning, you should drop these results entirely
Chains too short to apply convergence criteria
They should be at least 2250*nthin = 337500

====================================================================================================
     Statistics on the posterior of the sampler parameters     
====================================================================================================

----- dataset:  RVdata_expres
jitter_0         3          1.48        -0.11         0.12   (15-84 p)   [    0.0010,    13.2000]
offset_0         4          8.75        -0.79          1.6   (15-84 p)   [-9995.2560, 10011.7850]

----- dataset: RVdata_expres             ----- model: gp_multidimensional           
rot_amp          5           3.7         -2.3          3.1   (15-84 p)   [    0.0000,    10.0000]
con_amp          6           2.7         -1.9          1.7   (15-84 p)   [  -20.0000,    20.0000]

----- dataset:  RVdata_harps
jitter_0         7          1.19        -0.10         0.11   (15-84 p)   [    0.0009,    12.4000]
offset_0         8          9.26        -0.92          1.7   (15-84 p)   [-9994.3075, 10013.5087]
offset_1         9         10.34        -0.99          1.6   (15-84 p)   [-9994.3075, 10013.5087]

----- dataset: RVdata_harps              ----- model: gp_multidimensional           
rot_amp         10           6.8         -2.2          2.0   (15-84 p)   [    0.0000,    10.0000]
con_amp         11           3.2         -3.6          1.6   (15-84 p)   [  -20.0000,    20.0000]

----- dataset:  RVdata_neid
jitter_0        12         1.005       -0.082        0.093   (15-84 p)   [    0.0010,    12.3000]
offset_0        13           9.7         -1.1          2.3   (15-84 p)   [-9994.4136, 10013.1384]

----- dataset: RVdata_neid               ----- model: gp_multidimensional           
rot_amp         14          1.22        -0.95          5.9   (15-84 p)   [    0.0000,    10.0000]
con_amp         15           4.1         -3.2          2.0   (15-84 p)   [  -20.0000,    20.0000]

----- dataset:  BISdata_expres
jitter_0        16          1.91        -0.18         0.19   (15-84 p)   [    0.0095,    95.0000]
offset_0        17         -54.4         -1.1          1.7   (15-84 p)   [-10061.4000,  9951.1167]

----- dataset: BISdata_expres            ----- model: gp_multidimensional           
rot_amp         18          -7.0         -2.3           13   (15-84 p)   [  -10.0000,    10.0000]
con_amp         19           3.1         -1.6          2.3   (15-84 p)   [  -20.0000,    20.0000]

----- dataset:  BISdata_harps
jitter_0        20          2.22        -0.16         0.18   (15-84 p)   [    0.0095,    95.0000]
offset_0        21        -45.52        -0.46         0.45   (15-84 p)   [-10049.9333,  9969.5167]
offset_1        22        -35.00        -0.60         0.59   (15-84 p)   [-10049.9333,  9969.5167]

----- dataset: BISdata_harps             ----- model: gp_multidimensional           
rot_amp         23           0.3         -3.2          3.2   (15-84 p)   [  -10.0000,    10.0000]
con_amp         24          -0.1         -1.1          1.1   (15-84 p)   [  -20.0000,    20.0000]

----- dataset:  BISdata_neid
jitter_0        25          1.20        -0.15         0.16   (15-84 p)   [    0.0095,    95.0000]
offset_0        26        -46.54        -0.44         0.73   (15-84 p)   [-10050.4500,  9956.6833]

----- dataset: BISdata_neid              ----- model: gp_multidimensional           
rot_amp         27           0.1         -3.0          3.6   (15-84 p)   [  -10.0000,    10.0000]
con_amp         28           1.1         -1.1          1.4   (15-84 p)   [  -20.0000,    20.0000]

----- dataset:  FWHMdata_expres
jitter_0        29          1.40        -0.96          1.1   (15-84 p)   [    0.0500,   500.0000]
offset_0        30        6776.9         -2.2          1.8   (15-84 p)   [-3235.8126, 16790.1992]

----- dataset: FWHMdata_expres           ----- model: gp_multidimensional           
rot_amp         31           2.8         -5.8          4.8   (15-84 p)   [  -10.0000,    10.0000]
con_amp         32          -1.2         -6.7          5.4   (15-84 p)   [  -20.0000,    20.0000]

----- dataset:  FWHMdata_harps
jitter_0        33          0.42        -0.26         0.42   (15-84 p)   [    0.0500,   500.0000]
offset_0        34       6916.93        -0.97          1.2   (15-84 p)   [-3089.7611, 17180.8050]
offset_1        35        7171.9         -1.3          1.4   (15-84 p)   [-3089.7611, 17180.8050]

----- dataset: FWHMdata_harps            ----- model: gp_multidimensional           
rot_amp         36           2.6         -5.3          4.5   (15-84 p)   [  -10.0000,    10.0000]
con_amp         37           1.2         -2.3          2.8   (15-84 p)   [  -20.0000,    20.0000]

----- dataset:  FWHMdata_neid
jitter_0        38          0.50        -0.32         0.51   (15-84 p)   [    0.0500,   500.0000]
offset_0        39        6956.6         -1.6          1.1   (15-84 p)   [-3050.2529, 16963.2953]

----- dataset: FWHMdata_neid             ----- model: gp_multidimensional           
rot_amp         40          -2.7         -4.8          5.8   (15-84 p)   [  -10.0000,    10.0000]
con_amp         41          -1.8         -3.6          2.5   (15-84 p)   [  -20.0000,    20.0000]

----- common model:  activity
Prot             0         28.20        -0.57         0.56   (15-84 p)   [   20.0000,    35.0000]
Pdec             1            49          -14           19   (15-84 p)   [   30.0000,  1000.0000]
Oamp             2         -1.40        -0.14         0.13   (15-84 p)   [   -6.6439,     0.0000]

----- common model:  star_parameters

====================================================================================================
     Statistics on the model parameters obtained from the posteriors samples     
====================================================================================================

----- dataset:  RVdata_expres
jitter_0                  1.48        -0.11         0.12    (15-84 p)
offset_0                  8.75        -0.79          1.6    (15-84 p)


----- dataset: RVdata_expres             ----- model: gp_multidimensional           
rot_amp                    3.7         -2.3          3.1    (15-84 p)
con_amp                    2.7         -1.9          1.7    (15-84 p)

----- dataset:  RVdata_harps
jitter_0                  1.19        -0.10         0.11    (15-84 p)
offset_0                  9.26        -0.92          1.7    (15-84 p)
offset_1                 10.34        -0.99          1.6    (15-84 p)


----- dataset: RVdata_harps              ----- model: gp_multidimensional           
rot_amp                    6.8         -2.2          2.0    (15-84 p)
con_amp                    3.2         -3.6          1.6    (15-84 p)

----- dataset:  RVdata_neid
jitter_0                 1.005       -0.082        0.093    (15-84 p)
offset_0                   9.7         -1.1          2.3    (15-84 p)


----- dataset: RVdata_neid               ----- model: gp_multidimensional           
rot_amp                   1.22        -0.95          5.9    (15-84 p)
con_amp                    4.1         -3.2          2.0    (15-84 p)

----- dataset:  BISdata_expres
jitter_0                  1.91        -0.18         0.19    (15-84 p)
offset_0                 -54.4         -1.1          1.7    (15-84 p)


----- dataset: BISdata_expres            ----- model: gp_multidimensional           
rot_amp                   -7.0         -2.3           13    (15-84 p)
con_amp                    3.1         -1.6          2.3    (15-84 p)

----- dataset:  BISdata_harps
jitter_0                  2.22        -0.16         0.18    (15-84 p)
offset_0                -45.52        -0.46         0.45    (15-84 p)
offset_1                -35.00        -0.60         0.59    (15-84 p)


----- dataset: BISdata_harps             ----- model: gp_multidimensional           
rot_amp                    0.3         -3.2          3.2    (15-84 p)
con_amp                   -0.1         -1.1          1.1    (15-84 p)

----- dataset:  BISdata_neid
jitter_0                  1.20        -0.15         0.16    (15-84 p)
offset_0                -46.54        -0.44         0.73    (15-84 p)


----- dataset: BISdata_neid              ----- model: gp_multidimensional           
rot_amp                    0.1         -3.0          3.6    (15-84 p)
con_amp                    1.1         -1.1          1.4    (15-84 p)

----- dataset:  FWHMdata_expres
jitter_0                  1.40        -0.96          1.1    (15-84 p)
offset_0                6776.9         -2.2          1.8    (15-84 p)


----- dataset: FWHMdata_expres           ----- model: gp_multidimensional           
rot_amp                    2.8         -5.8          4.8    (15-84 p)
con_amp                   -1.2         -6.7          5.4    (15-84 p)

----- dataset:  FWHMdata_harps
jitter_0                  0.42        -0.26         0.42    (15-84 p)
offset_0               6916.93        -0.97          1.2    (15-84 p)
offset_1                7171.9         -1.3          1.4    (15-84 p)


----- dataset: FWHMdata_harps            ----- model: gp_multidimensional           
rot_amp                    2.6         -5.3          4.5    (15-84 p)
con_amp                    1.2         -2.3          2.8    (15-84 p)

----- dataset:  FWHMdata_neid
jitter_0                  0.50        -0.32         0.51    (15-84 p)
offset_0                6956.6         -1.6          1.1    (15-84 p)


----- dataset: FWHMdata_neid             ----- model: gp_multidimensional           
rot_amp                   -2.7         -4.8          5.8    (15-84 p)
con_amp                   -1.8         -3.6          2.5    (15-84 p)

----- common model:  activity
Prot                     28.20        -0.57         0.56    (15-84 p)
Pdec                        49          -14           19    (15-84 p)
Oamp                     0.380       -0.036        0.037    (15-84 p)

----- common model:  star_parameters

====================================================================================================
     Statistics on the derived parameters obtained from the posteriors samples     
====================================================================================================


====================================================================================================
     ------------------------------------------------------------------------------------------     
====================================================================================================



60000.0   steps completed, average lnprob:,  -2379.3482121429743


emcee completed


:::---::: PyORBIT v11.0.1 :::---:::

Python version in use:
3.10.18 (main, Jun  5 2025, 13:14:17) [GCC 11.2.0]
LaTeX disabled by default

gp_multidimensional  S+LEAF model, number of harmonics: 4

GP model: gp_multidimensional  hyperparameters_condition:    True
GP model: gp_multidimensional  rotation_decay_condition:     True

### PyORBIT version used in the analysis:  11.0.1

 emcee version:  3.1.6

 Reference Time Tref: 59334.700184

 Data points:966
 Dimensions: 42
 Nwalkers:   168
 Steps:      60000


Number of samplings: 50400

Recomputing ln-prior, it may take a while...

ln-probability   distribution:  -2387.13       -7.50      9.80 (15-84 p) 
ln-prior         distribution:   -222.71       -1.76      0.87 (15-84 p) 
ln-likelihood    distribution:  -2164.21       -7.32     10.34 (15-84 p) 


*** Information criteria using the likelihood distribution

 BIC from distribution  (using likelihood)  =   4617.09    -20.69   14.64 (15-84 p)
 AIC from distribution  (using likelihood)  =   4412.42    -20.69   14.64 (15-84 p)
 AICc from distribution (using likelihood)  =   4416.33    -20.69   14.64 (15-84 p)


*** Information criteria using the median parameter set

 ln_probability of Median solution =  -2370.48
 ln_priors of Median solution      =   -221.99
 ln_likelihood of Median solution  =  -2148.49

 Median BIC  (using likelihood) =   4585.66
 Median AIC  (using likelihood) =   4380.98
 Median AICc (using likelihood) =   4384.90


*** Information criteria using the MAP parameter set

 ln_probability of MAP solution =  -2359.51
 ln_priors of MAP solution      =   -222.38
 ln_likelihood of MAP solution  =  -2137.13

 MAP BIC  (using likelihood)    =   4562.93
 MAP AIC  (using likelihood)    =   4358.26
 MAP AICc (using likelihood)    =   4362.18

 AICc suggested over AIC because NDATA ( 966 ) < 40 * NDIM ( 42 )

****************************************************************************************************


Computing the autocorrelation time of the chains

***** WARNING ******
The integrated autocorrelation time cannot be reliably estimated
likely the chains are too short, and ACF analysis is not fully reliable
emcee.autocorr.integrated_time tolerance lowered to 20
If you still get a warning, you should drop these results entirely
Chains too short to apply convergence criteria
They should be at least 2250*nthin = 337500

 ACF computation failed, no plot will be generated 


====================================================================================================
     Ids, spaces (s), boundaries (b) and priors (p) of the sampler parameters     
====================================================================================================

----- dataset:  RVdata_expres
jitter_0      id:   3  s:Linear      b:[      0.0010,      13.2000]   p:Uniform   []
offset_0      id:   4  s:Linear      b:[  -9995.2560,   10011.7850]   p:Uniform   []

----- dataset: RVdata_expres             ----- model: gp_multidimensional           
rot_amp       id:   5  s:Linear      b:[      0.0000,      10.0000]   p:Uniform   []
con_amp       id:   6  s:Linear      b:[    -20.0000,      20.0000]   p:Uniform   []

----- dataset:  RVdata_harps
jitter_0      id:   7  s:Linear      b:[      0.0009,      12.4000]   p:Uniform   []
offset_0      id:   8  s:Linear      b:[  -9994.3075,   10013.5087]   p:Uniform   []
offset_1      id:   9  s:Linear      b:[  -9994.3075,   10013.5087]   p:Uniform   []

----- dataset: RVdata_harps              ----- model: gp_multidimensional           
rot_amp       id:  10  s:Linear      b:[      0.0000,      10.0000]   p:Uniform   []
con_amp       id:  11  s:Linear      b:[    -20.0000,      20.0000]   p:Uniform   []

----- dataset:  RVdata_neid
jitter_0      id:  12  s:Linear      b:[      0.0010,      12.3000]   p:Uniform   []
offset_0      id:  13  s:Linear      b:[  -9994.4136,   10013.1384]   p:Uniform   []

----- dataset: RVdata_neid               ----- model: gp_multidimensional           
rot_amp       id:  14  s:Linear      b:[      0.0000,      10.0000]   p:Uniform   []
con_amp       id:  15  s:Linear      b:[    -20.0000,      20.0000]   p:Uniform   []

----- dataset:  BISdata_expres
jitter_0      id:  16  s:Linear      b:[      0.0095,      95.0000]   p:Uniform   []
offset_0      id:  17  s:Linear      b:[ -10061.4000,    9951.1167]   p:Uniform   []

----- dataset: BISdata_expres            ----- model: gp_multidimensional           
rot_amp       id:  18  s:Linear      b:[    -10.0000,      10.0000]   p:Uniform   []
con_amp       id:  19  s:Linear      b:[    -20.0000,      20.0000]   p:Uniform   []

----- dataset:  BISdata_harps
jitter_0      id:  20  s:Linear      b:[      0.0095,      95.0000]   p:Uniform   []
offset_0      id:  21  s:Linear      b:[ -10049.9333,    9969.5167]   p:Uniform   []
offset_1      id:  22  s:Linear      b:[ -10049.9333,    9969.5167]   p:Uniform   []

----- dataset: BISdata_harps             ----- model: gp_multidimensional           
rot_amp       id:  23  s:Linear      b:[    -10.0000,      10.0000]   p:Uniform   []
con_amp       id:  24  s:Linear      b:[    -20.0000,      20.0000]   p:Uniform   []

----- dataset:  BISdata_neid
jitter_0      id:  25  s:Linear      b:[      0.0095,      95.0000]   p:Uniform   []
offset_0      id:  26  s:Linear      b:[ -10050.4500,    9956.6833]   p:Uniform   []

----- dataset: BISdata_neid              ----- model: gp_multidimensional           
rot_amp       id:  27  s:Linear      b:[    -10.0000,      10.0000]   p:Uniform   []
con_amp       id:  28  s:Linear      b:[    -20.0000,      20.0000]   p:Uniform   []

----- dataset:  FWHMdata_expres
jitter_0      id:  29  s:Linear      b:[      0.0500,     500.0000]   p:Uniform   []
offset_0      id:  30  s:Linear      b:[  -3235.8126,   16790.1992]   p:Uniform   []

----- dataset: FWHMdata_expres           ----- model: gp_multidimensional           
rot_amp       id:  31  s:Linear      b:[    -10.0000,      10.0000]   p:Uniform   []
con_amp       id:  32  s:Linear      b:[    -20.0000,      20.0000]   p:Uniform   []

----- dataset:  FWHMdata_harps
jitter_0      id:  33  s:Linear      b:[      0.0500,     500.0000]   p:Uniform   []
offset_0      id:  34  s:Linear      b:[  -3089.7611,   17180.8050]   p:Uniform   []
offset_1      id:  35  s:Linear      b:[  -3089.7611,   17180.8050]   p:Uniform   []

----- dataset: FWHMdata_harps            ----- model: gp_multidimensional           
rot_amp       id:  36  s:Linear      b:[    -10.0000,      10.0000]   p:Uniform   []
con_amp       id:  37  s:Linear      b:[    -20.0000,      20.0000]   p:Uniform   []

----- dataset:  FWHMdata_neid
jitter_0      id:  38  s:Linear      b:[      0.0500,     500.0000]   p:Uniform   []
offset_0      id:  39  s:Linear      b:[  -3050.2529,   16963.2953]   p:Uniform   []

----- dataset: FWHMdata_neid             ----- model: gp_multidimensional           
rot_amp       id:  40  s:Linear      b:[    -10.0000,      10.0000]   p:Uniform   []
con_amp       id:  41  s:Linear      b:[    -20.0000,      20.0000]   p:Uniform   []

----- common model:  activity
Prot          id:   0  s:Linear      b:[     20.0000,      35.0000]   p:Gaussian   [28.   0.5]
Pdec          id:   1  s:Linear      b:[     30.0000,    1000.0000]   p:Uniform   []
Oamp          id:   2  s:Log_Base2   b:[     -6.6439,       0.0000]   p:Gaussian   [0.35  0.035]

----- common model:  star_parameters
mass          derived (no id, space, bound)                           p:Gaussian   [1.e+00 1.e-06]
radius        derived (no id, space, bound)                           p:Gaussian   [1.e+00 1.e-06]
density       derived (no id, space, bound)                           p:Gaussian   [1.e+00 1.e-06]


****************************************************************************************************
****************************************************************************************************

 Confidence intervals (median value, 34.135th percentile from the median on the left and right side)

====================================================================================================
     Statistics on the posterior of the sampler parameters     
====================================================================================================

----- dataset:  RVdata_expres
jitter_0         3          1.48        -0.11         0.12   (15-84 p)   [    0.0010,    13.2000]
offset_0         4          8.75        -0.79          1.6   (15-84 p)   [-9995.2560, 10011.7850]

----- dataset: RVdata_expres             ----- model: gp_multidimensional           
rot_amp          5           3.7         -2.3          3.1   (15-84 p)   [    0.0000,    10.0000]
con_amp          6           2.7         -1.9          1.7   (15-84 p)   [  -20.0000,    20.0000]

----- dataset:  RVdata_harps
jitter_0         7          1.19        -0.10         0.11   (15-84 p)   [    0.0009,    12.4000]
offset_0         8          9.26        -0.92          1.7   (15-84 p)   [-9994.3075, 10013.5087]
offset_1         9         10.34        -0.99          1.6   (15-84 p)   [-9994.3075, 10013.5087]

----- dataset: RVdata_harps              ----- model: gp_multidimensional           
rot_amp         10           6.8         -2.2          2.0   (15-84 p)   [    0.0000,    10.0000]
con_amp         11           3.2         -3.6          1.6   (15-84 p)   [  -20.0000,    20.0000]

----- dataset:  RVdata_neid
jitter_0        12         1.005       -0.082        0.093   (15-84 p)   [    0.0010,    12.3000]
offset_0        13           9.7         -1.1          2.3   (15-84 p)   [-9994.4136, 10013.1384]

----- dataset: RVdata_neid               ----- model: gp_multidimensional           
rot_amp         14          1.22        -0.95          5.9   (15-84 p)   [    0.0000,    10.0000]
con_amp         15           4.1         -3.2          2.0   (15-84 p)   [  -20.0000,    20.0000]

----- dataset:  BISdata_expres
jitter_0        16          1.91        -0.18         0.19   (15-84 p)   [    0.0095,    95.0000]
offset_0        17         -54.4         -1.1          1.7   (15-84 p)   [-10061.4000,  9951.1167]

----- dataset: BISdata_expres            ----- model: gp_multidimensional           
rot_amp         18          -7.0         -2.3           13   (15-84 p)   [  -10.0000,    10.0000]
con_amp         19           3.1         -1.6          2.3   (15-84 p)   [  -20.0000,    20.0000]

----- dataset:  BISdata_harps
jitter_0        20          2.22        -0.16         0.18   (15-84 p)   [    0.0095,    95.0000]
offset_0        21        -45.52        -0.46         0.45   (15-84 p)   [-10049.9333,  9969.5167]
offset_1        22        -35.00        -0.60         0.59   (15-84 p)   [-10049.9333,  9969.5167]

----- dataset: BISdata_harps             ----- model: gp_multidimensional           
rot_amp         23           0.3         -3.2          3.2   (15-84 p)   [  -10.0000,    10.0000]
con_amp         24          -0.1         -1.1          1.1   (15-84 p)   [  -20.0000,    20.0000]

----- dataset:  BISdata_neid
jitter_0        25          1.20        -0.15         0.16   (15-84 p)   [    0.0095,    95.0000]
offset_0        26        -46.54        -0.44         0.73   (15-84 p)   [-10050.4500,  9956.6833]

----- dataset: BISdata_neid              ----- model: gp_multidimensional           
rot_amp         27           0.1         -3.0          3.6   (15-84 p)   [  -10.0000,    10.0000]
con_amp         28           1.1         -1.1          1.4   (15-84 p)   [  -20.0000,    20.0000]

----- dataset:  FWHMdata_expres
jitter_0        29          1.40        -0.96          1.1   (15-84 p)   [    0.0500,   500.0000]
offset_0        30        6776.9         -2.2          1.8   (15-84 p)   [-3235.8126, 16790.1992]

----- dataset: FWHMdata_expres           ----- model: gp_multidimensional           
rot_amp         31           2.8         -5.8          4.8   (15-84 p)   [  -10.0000,    10.0000]
con_amp         32          -1.2         -6.7          5.4   (15-84 p)   [  -20.0000,    20.0000]

----- dataset:  FWHMdata_harps
jitter_0        33          0.42        -0.26         0.42   (15-84 p)   [    0.0500,   500.0000]
offset_0        34       6916.93        -0.97          1.2   (15-84 p)   [-3089.7611, 17180.8050]
offset_1        35        7171.9         -1.3          1.4   (15-84 p)   [-3089.7611, 17180.8050]

----- dataset: FWHMdata_harps            ----- model: gp_multidimensional           
rot_amp         36           2.6         -5.3          4.5   (15-84 p)   [  -10.0000,    10.0000]
con_amp         37           1.2         -2.3          2.8   (15-84 p)   [  -20.0000,    20.0000]

----- dataset:  FWHMdata_neid
jitter_0        38          0.50        -0.32         0.51   (15-84 p)   [    0.0500,   500.0000]
offset_0        39        6956.6         -1.6          1.1   (15-84 p)   [-3050.2529, 16963.2953]

----- dataset: FWHMdata_neid             ----- model: gp_multidimensional           
rot_amp         40          -2.7         -4.8          5.8   (15-84 p)   [  -10.0000,    10.0000]
con_amp         41          -1.8         -3.6          2.5   (15-84 p)   [  -20.0000,    20.0000]

----- common model:  activity
Prot             0         28.20        -0.57         0.56   (15-84 p)   [   20.0000,    35.0000]
Pdec             1            49          -14           19   (15-84 p)   [   30.0000,  1000.0000]
Oamp             2         -1.40        -0.14         0.13   (15-84 p)   [   -6.6439,     0.0000]

----- common model:  star_parameters

====================================================================================================
     Statistics on the model parameters obtained from the posteriors samples     
====================================================================================================

----- dataset:  RVdata_expres
jitter_0                  1.48        -0.11         0.12    (15-84 p)
offset_0                  8.75        -0.79          1.6    (15-84 p)


----- dataset: RVdata_expres             ----- model: gp_multidimensional           
rot_amp                    3.7         -2.3          3.1    (15-84 p)
con_amp                    2.7         -1.9          1.7    (15-84 p)

----- dataset:  RVdata_harps
jitter_0                  1.19        -0.10         0.11    (15-84 p)
offset_0                  9.26        -0.92          1.7    (15-84 p)
offset_1                 10.34        -0.99          1.6    (15-84 p)


----- dataset: RVdata_harps              ----- model: gp_multidimensional           
rot_amp                    6.8         -2.2          2.0    (15-84 p)
con_amp                    3.2         -3.6          1.6    (15-84 p)

----- dataset:  RVdata_neid
jitter_0                 1.005       -0.082        0.093    (15-84 p)
offset_0                   9.7         -1.1          2.3    (15-84 p)


----- dataset: RVdata_neid               ----- model: gp_multidimensional           
rot_amp                   1.22        -0.95          5.9    (15-84 p)
con_amp                    4.1         -3.2          2.0    (15-84 p)

----- dataset:  BISdata_expres
jitter_0                  1.91        -0.18         0.19    (15-84 p)
offset_0                 -54.4         -1.1          1.7    (15-84 p)


----- dataset: BISdata_expres            ----- model: gp_multidimensional           
rot_amp                   -7.0         -2.3           13    (15-84 p)
con_amp                    3.1         -1.6          2.3    (15-84 p)

----- dataset:  BISdata_harps
jitter_0                  2.22        -0.16         0.18    (15-84 p)
offset_0                -45.52        -0.46         0.45    (15-84 p)
offset_1                -35.00        -0.60         0.59    (15-84 p)


----- dataset: BISdata_harps             ----- model: gp_multidimensional           
rot_amp                    0.3         -3.2          3.2    (15-84 p)
con_amp                   -0.1         -1.1          1.1    (15-84 p)

----- dataset:  BISdata_neid
jitter_0                  1.20        -0.15         0.16    (15-84 p)
offset_0                -46.54        -0.44         0.73    (15-84 p)


----- dataset: BISdata_neid              ----- model: gp_multidimensional           
rot_amp                    0.1         -3.0          3.6    (15-84 p)
con_amp                    1.1         -1.1          1.4    (15-84 p)

----- dataset:  FWHMdata_expres
jitter_0                  1.40        -0.96          1.1    (15-84 p)
offset_0                6776.9         -2.2          1.8    (15-84 p)


----- dataset: FWHMdata_expres           ----- model: gp_multidimensional           
rot_amp                    2.8         -5.8          4.8    (15-84 p)
con_amp                   -1.2         -6.7          5.4    (15-84 p)

----- dataset:  FWHMdata_harps
jitter_0                  0.42        -0.26         0.42    (15-84 p)
offset_0               6916.93        -0.97          1.2    (15-84 p)
offset_1                7171.9         -1.3          1.4    (15-84 p)


----- dataset: FWHMdata_harps            ----- model: gp_multidimensional           
rot_amp                    2.6         -5.3          4.5    (15-84 p)
con_amp                    1.2         -2.3          2.8    (15-84 p)

----- dataset:  FWHMdata_neid
jitter_0                  0.50        -0.32         0.51    (15-84 p)
offset_0                6956.6         -1.6          1.1    (15-84 p)


----- dataset: FWHMdata_neid             ----- model: gp_multidimensional           
rot_amp                   -2.7         -4.8          5.8    (15-84 p)
con_amp                   -1.8         -3.6          2.5    (15-84 p)

----- common model:  activity
Prot                     28.20        -0.57         0.56    (15-84 p)
Pdec                        49          -14           19    (15-84 p)
Oamp                     0.380       -0.036        0.037    (15-84 p)

----- common model:  star_parameters

====================================================================================================
     Statistics on the derived parameters obtained from the posteriors samples     
====================================================================================================


====================================================================================================
     ------------------------------------------------------------------------------------------     
====================================================================================================



****************************************************************************************************

 Parameters corresponding to the Maximum a Posteriori probability ( -2359.506281071763 )

====================================================================================================
     Statistics on the posterior of the sampler parameters     
====================================================================================================

----- dataset:  RVdata_expres
jitter_0         3      1.337854 [    0.0010,    13.2000]
offset_0         4      8.727547 [-9995.2560, 10011.7850]

----- dataset: RVdata_expres             ----- model: gp_multidimensional           
rot_amp          5      4.665485 [    0.0000,    10.0000]
con_amp          6      0.500857 [  -20.0000,    20.0000]

----- dataset:  RVdata_harps
jitter_0         7      1.436090 [    0.0009,    12.4000]
offset_0         8      9.016906 [-9994.3075, 10013.5087]
offset_1         9     10.306640 [-9994.3075, 10013.5087]

----- dataset: RVdata_harps              ----- model: gp_multidimensional           
rot_amp         10      4.735655 [    0.0000,    10.0000]
con_amp         11     -0.266201 [  -20.0000,    20.0000]

----- dataset:  RVdata_neid
jitter_0        12      0.977958 [    0.0010,    12.3000]
offset_0        13      9.529371 [-9994.4136, 10013.1384]

----- dataset: RVdata_neid               ----- model: gp_multidimensional           
rot_amp         14      5.216028 [    0.0000,    10.0000]
con_amp         15      0.364718 [  -20.0000,    20.0000]

----- dataset:  BISdata_expres
jitter_0        16      1.947870 [    0.0095,    95.0000]
offset_0        17    -54.634978 [-10061.4000,  9951.1167]

----- dataset: BISdata_expres            ----- model: gp_multidimensional           
rot_amp         18      6.318830 [  -10.0000,    10.0000]
con_amp         19      0.855264 [  -20.0000,    20.0000]

----- dataset:  BISdata_harps
jitter_0        20      2.278690 [    0.0095,    95.0000]
offset_0        21    -45.645125 [-10049.9333,  9969.5167]
offset_1        22    -35.232458 [-10049.9333,  9969.5167]

----- dataset: BISdata_harps             ----- model: gp_multidimensional           
rot_amp         23     -1.039553 [  -10.0000,    10.0000]
con_amp         24      0.015478 [  -20.0000,    20.0000]

----- dataset:  BISdata_neid
jitter_0        25      1.303947 [    0.0095,    95.0000]
offset_0        26    -46.382288 [-10050.4500,  9956.6833]

----- dataset: BISdata_neid              ----- model: gp_multidimensional           
rot_amp         27      2.330973 [  -10.0000,    10.0000]
con_amp         28      0.121743 [  -20.0000,    20.0000]

----- dataset:  FWHMdata_expres
jitter_0        29      0.397531 [    0.0500,   500.0000]
offset_0        30   6777.086759 [-3235.8126, 16790.1992]

----- dataset: FWHMdata_expres           ----- model: gp_multidimensional           
rot_amp         31      9.190021 [  -10.0000,    10.0000]
con_amp         32     -5.650239 [  -20.0000,    20.0000]

----- dataset:  FWHMdata_harps
jitter_0        33      0.118215 [    0.0500,   500.0000]
offset_0        34   6916.704500 [-3089.7611, 17180.8050]
offset_1        35   7171.824607 [-3089.7611, 17180.8050]

----- dataset: FWHMdata_harps            ----- model: gp_multidimensional           
rot_amp         36      3.132236 [  -10.0000,    10.0000]
con_amp         37     -0.391350 [  -20.0000,    20.0000]

----- dataset:  FWHMdata_neid
jitter_0        38      0.522973 [    0.0500,   500.0000]
offset_0        39   6957.222351 [-3050.2529, 16963.2953]

----- dataset: FWHMdata_neid             ----- model: gp_multidimensional           
rot_amp         40      0.798633 [  -10.0000,    10.0000]
con_amp         41      0.399777 [  -20.0000,    20.0000]

----- common model:  activity
Prot             0     28.314044 [   20.0000,    35.0000]
Pdec             1     31.700844 [   30.0000,  1000.0000]
Oamp             2     -1.360049 [   -6.6439,     0.0000]

----- common model:  star_parameters

====================================================================================================
     Statistics on the model parameters obtained from the posteriors samples     
====================================================================================================

----- dataset:  RVdata_expres
jitter_0              1.337854 
offset_0              8.727547 


----- dataset: RVdata_expres             ----- model: gp_multidimensional           
rot_amp               4.665485 
con_amp               0.500857 

----- dataset:  RVdata_harps
jitter_0              1.436090 
offset_0              9.016906 
offset_1             10.306640 


----- dataset: RVdata_harps              ----- model: gp_multidimensional           
rot_amp               4.735655 
con_amp              -0.266201 

----- dataset:  RVdata_neid
jitter_0              0.977958 
offset_0              9.529371 


----- dataset: RVdata_neid               ----- model: gp_multidimensional           
rot_amp               5.216028 
con_amp               0.364718 

----- dataset:  BISdata_expres
jitter_0              1.947870 
offset_0            -54.634978 


----- dataset: BISdata_expres            ----- model: gp_multidimensional           
rot_amp               6.318830 
con_amp               0.855264 

----- dataset:  BISdata_harps
jitter_0              2.278690 
offset_0            -45.645125 
offset_1            -35.232458 


----- dataset: BISdata_harps             ----- model: gp_multidimensional           
rot_amp              -1.039553 
con_amp               0.015478 

----- dataset:  BISdata_neid
jitter_0              1.303947 
offset_0            -46.382288 


----- dataset: BISdata_neid              ----- model: gp_multidimensional           
rot_amp               2.330973 
con_amp               0.121743 

----- dataset:  FWHMdata_expres
jitter_0              0.397531 
offset_0           6777.086759 


----- dataset: FWHMdata_expres           ----- model: gp_multidimensional           
rot_amp               9.190021 
con_amp              -5.650239 

----- dataset:  FWHMdata_harps
jitter_0              0.118215 
offset_0           6916.704500 
offset_1           7171.824607 


----- dataset: FWHMdata_harps            ----- model: gp_multidimensional           
rot_amp               3.132236 
con_amp              -0.391350 

----- dataset:  FWHMdata_neid
jitter_0              0.522973 
offset_0           6957.222351 


----- dataset: FWHMdata_neid             ----- model: gp_multidimensional           
rot_amp               0.798633 
con_amp               0.399777 

----- common model:  activity
Prot                 28.314044 
Pdec                 31.700844 
Oamp                  0.389569 

----- common model:  star_parameters

====================================================================================================
     Statistics on the derived parameters obtained from the posteriors samples     
====================================================================================================


====================================================================================================
     ------------------------------------------------------------------------------------------     
====================================================================================================



****************************************************************************************************

 Parameters corresponding to the sample closest to the median values ( -2381.2793853638423 )

====================================================================================================
     Statistics on the posterior of the sampler parameters     
====================================================================================================

----- dataset:  RVdata_expres
jitter_0         3      1.540655 [    0.0010,    13.2000]
offset_0         4      8.437537 [-9995.2560, 10011.7850]

----- dataset: RVdata_expres             ----- model: gp_multidimensional           
rot_amp          5      3.441001 [    0.0000,    10.0000]
con_amp          6      5.487298 [  -20.0000,    20.0000]

----- dataset:  RVdata_harps
jitter_0         7      1.190345 [    0.0009,    12.4000]
offset_0         8      8.821948 [-9994.3075, 10013.5087]
offset_1         9      9.887364 [-9994.3075, 10013.5087]

----- dataset: RVdata_harps              ----- model: gp_multidimensional           
rot_amp         10      6.981756 [    0.0000,    10.0000]
con_amp         11      3.039747 [  -20.0000,    20.0000]

----- dataset:  RVdata_neid
jitter_0        12      1.030295 [    0.0010,    12.3000]
offset_0        13      9.349225 [-9994.4136, 10013.1384]

----- dataset: RVdata_neid               ----- model: gp_multidimensional           
rot_amp         14      0.971963 [    0.0000,    10.0000]
con_amp         15      5.424003 [  -20.0000,    20.0000]

----- dataset:  BISdata_expres
jitter_0        16      1.893396 [    0.0095,    95.0000]
offset_0        17    -54.864229 [-10061.4000,  9951.1167]

----- dataset: BISdata_expres            ----- model: gp_multidimensional           
rot_amp         18     -9.114313 [  -10.0000,    10.0000]
con_amp         19      2.945974 [  -20.0000,    20.0000]

----- dataset:  BISdata_harps
jitter_0        20      2.203470 [    0.0095,    95.0000]
offset_0        21    -45.507663 [-10049.9333,  9969.5167]
offset_1        22    -34.485173 [-10049.9333,  9969.5167]

----- dataset: BISdata_harps             ----- model: gp_multidimensional           
rot_amp         23      0.790622 [  -10.0000,    10.0000]
con_amp         24      0.910931 [  -20.0000,    20.0000]

----- dataset:  BISdata_neid
jitter_0        25      1.380192 [    0.0095,    95.0000]
offset_0        26    -46.469880 [-10050.4500,  9956.6833]

----- dataset: BISdata_neid              ----- model: gp_multidimensional           
rot_amp         27     -0.473880 [  -10.0000,    10.0000]
con_amp         28      1.158798 [  -20.0000,    20.0000]

----- dataset:  FWHMdata_expres
jitter_0        29      1.786648 [    0.0500,   500.0000]
offset_0        30   6777.407161 [-3235.8126, 16790.1992]

----- dataset: FWHMdata_expres           ----- model: gp_multidimensional           
rot_amp         31      3.797025 [  -10.0000,    10.0000]
con_amp         32     -0.300797 [  -20.0000,    20.0000]

----- dataset:  FWHMdata_harps
jitter_0        33      0.595930 [    0.0500,   500.0000]
offset_0        34   6917.003532 [-3089.7611, 17180.8050]
offset_1        35   7172.162293 [-3089.7611, 17180.8050]

----- dataset: FWHMdata_harps            ----- model: gp_multidimensional           
rot_amp         36      1.706637 [  -10.0000,    10.0000]
con_amp         37      2.698801 [  -20.0000,    20.0000]

----- dataset:  FWHMdata_neid
jitter_0        38      0.316279 [    0.0500,   500.0000]
offset_0        39   6957.100576 [-3050.2529, 16963.2953]

----- dataset: FWHMdata_neid             ----- model: gp_multidimensional           
rot_amp         40     -2.133237 [  -10.0000,    10.0000]
con_amp         41     -5.547395 [  -20.0000,    20.0000]

----- common model:  activity
Prot             0     28.029004 [   20.0000,    35.0000]
Pdec             1     61.981127 [   30.0000,  1000.0000]
Oamp             2     -1.568955 [   -6.6439,     0.0000]

----- common model:  star_parameters

====================================================================================================
     Statistics on the model parameters obtained from the posteriors samples     
====================================================================================================

----- dataset:  RVdata_expres
jitter_0              1.540655 
offset_0              8.437537 


----- dataset: RVdata_expres             ----- model: gp_multidimensional           
rot_amp               3.441001 
con_amp               5.487298 

----- dataset:  RVdata_harps
jitter_0              1.190345 
offset_0              8.821948 
offset_1              9.887364 


----- dataset: RVdata_harps              ----- model: gp_multidimensional           
rot_amp               6.981756 
con_amp               3.039747 

----- dataset:  RVdata_neid
jitter_0              1.030295 
offset_0              9.349225 


----- dataset: RVdata_neid               ----- model: gp_multidimensional           
rot_amp               0.971963 
con_amp               5.424003 

----- dataset:  BISdata_expres
jitter_0              1.893396 
offset_0            -54.864229 


----- dataset: BISdata_expres            ----- model: gp_multidimensional           
rot_amp              -9.114313 
con_amp               2.945974 

----- dataset:  BISdata_harps
jitter_0              2.203470 
offset_0            -45.507663 
offset_1            -34.485173 


----- dataset: BISdata_harps             ----- model: gp_multidimensional           
rot_amp               0.790622 
con_amp               0.910931 

----- dataset:  BISdata_neid
jitter_0              1.380192 
offset_0            -46.469880 


----- dataset: BISdata_neid              ----- model: gp_multidimensional           
rot_amp              -0.473880 
con_amp               1.158798 

----- dataset:  FWHMdata_expres
jitter_0              1.786648 
offset_0           6777.407161 


----- dataset: FWHMdata_expres           ----- model: gp_multidimensional           
rot_amp               3.797025 
con_amp              -0.300797 

----- dataset:  FWHMdata_harps
jitter_0              0.595930 
offset_0           6917.003532 
offset_1           7172.162293 


----- dataset: FWHMdata_harps            ----- model: gp_multidimensional           
rot_amp               1.706637 
con_amp               2.698801 

----- dataset:  FWHMdata_neid
jitter_0              0.316279 
offset_0           6957.100576 


----- dataset: FWHMdata_neid             ----- model: gp_multidimensional           
rot_amp              -2.133237 
con_amp              -5.547395 

----- common model:  activity
Prot                 28.029004 
Pdec                 61.981127 
Oamp                  0.337052 

----- common model:  star_parameters

====================================================================================================
     Statistics on the derived parameters obtained from the posteriors samples     
====================================================================================================


====================================================================================================
     ------------------------------------------------------------------------------------------     
====================================================================================================



****************************************************************************************************

Note: stellar density derived from stellar mass and radius

 Plot FLAT chain 

****************************************************************************************************

 Skipping full correlation plot due to the high number of parameters
 To avoid this behaviour, set the keyword parameters:force_full_correlation_plot to True

****************************************************************************************************

 Plotting the chains... 

****************************************************************************************************

 Plotting the Gelman-Rubin traces... 

     Gelman-Rubin:     3     1.041464 RVdata_expres_jitter_0 
     Gelman-Rubin:     4     1.294291 RVdata_expres_offset_0 
     Gelman-Rubin:     5     1.056850 RVdata_expres_gp_multidimensional_rot_amp 
     Gelman-Rubin:     6     1.107013 RVdata_expres_gp_multidimensional_con_amp 
     Gelman-Rubin:     7     1.047636 RVdata_harps_jitter_0 
     Gelman-Rubin:     8     1.287562 RVdata_harps_offset_0 
     Gelman-Rubin:     9     1.280935 RVdata_harps_offset_1 
     Gelman-Rubin:    10     1.032681 RVdata_harps_gp_multidimensional_rot_amp 
     Gelman-Rubin:    11     1.124726 RVdata_harps_gp_multidimensional_con_amp 
     Gelman-Rubin:    12     1.047699 RVdata_neid_jitter_0 
     Gelman-Rubin:    13     1.304118 RVdata_neid_offset_0 
     Gelman-Rubin:    14     1.104936 RVdata_neid_gp_multidimensional_rot_amp 
     Gelman-Rubin:    15     1.114110 RVdata_neid_gp_multidimensional_con_amp 
     Gelman-Rubin:    16     1.040374 BISdata_expres_jitter_0 
     Gelman-Rubin:    17     1.273202 BISdata_expres_offset_0 
     Gelman-Rubin:    18     1.131655 BISdata_expres_gp_multidimensional_rot_amp 
     Gelman-Rubin:    19     1.078733 BISdata_expres_gp_multidimensional_con_amp 
     Gelman-Rubin:    20     1.040311 BISdata_harps_jitter_0 
     Gelman-Rubin:    21     1.103646 BISdata_harps_offset_0 
     Gelman-Rubin:    22     1.080945 BISdata_harps_offset_1 
     Gelman-Rubin:    23     1.047584 BISdata_harps_gp_multidimensional_rot_amp 
     Gelman-Rubin:    24     1.066722 BISdata_harps_gp_multidimensional_con_amp 
     Gelman-Rubin:    25     1.037208 BISdata_neid_jitter_0 
     Gelman-Rubin:    26     1.233191 BISdata_neid_offset_0 
     Gelman-Rubin:    27     1.069259 BISdata_neid_gp_multidimensional_rot_amp 
     Gelman-Rubin:    28     1.095690 BISdata_neid_gp_multidimensional_con_amp 
     Gelman-Rubin:    29     1.050253 FWHMdata_expres_jitter_0 
     Gelman-Rubin:    30     1.099856 FWHMdata_expres_offset_0 
     Gelman-Rubin:    31     1.052728 FWHMdata_expres_gp_multidimensional_rot_amp 
     Gelman-Rubin:    32     1.093119 FWHMdata_expres_gp_multidimensional_con_amp 
     Gelman-Rubin:    33     1.056161 FWHMdata_harps_jitter_0 
     Gelman-Rubin:    34     1.126663 FWHMdata_harps_offset_0 
     Gelman-Rubin:    35     1.095467 FWHMdata_harps_offset_1 
     Gelman-Rubin:    36     1.035399 FWHMdata_harps_gp_multidimensional_rot_amp 
     Gelman-Rubin:    37     1.075232 FWHMdata_harps_gp_multidimensional_con_amp 
     Gelman-Rubin:    38     1.042518 FWHMdata_neid_jitter_0 
     Gelman-Rubin:    39     1.153002 FWHMdata_neid_offset_0 
     Gelman-Rubin:    40     1.044571 FWHMdata_neid_gp_multidimensional_rot_amp 
     Gelman-Rubin:    41     1.070722 FWHMdata_neid_gp_multidimensional_con_amp 
     Gelman-Rubin:     0     1.037291 activity_Prot 
     Gelman-Rubin:     1     1.075738 activity_Pdec 
     Gelman-Rubin:     2     1.042402 activity_Oamp 

****************************************************************************************************

Plotting the common models corner plots
     Common model:  activity
     Common model:  star_parameters

****************************************************************************************************

Plotting the dataset + models corner plots 

     Dataset:  RVdata_expres     model:  gp_multidimensional  corner plot  starting 
     Dataset:  RVdata_expres     model:  gp_multidimensional  corner plot  done 
     Dataset:  RVdata_harps     model:  gp_multidimensional  corner plot  starting 
     Dataset:  RVdata_harps     model:  gp_multidimensional  corner plot  done 
     Dataset:  RVdata_neid     model:  gp_multidimensional  corner plot  starting 
     Dataset:  RVdata_neid     model:  gp_multidimensional  corner plot  done 
     Dataset:  BISdata_expres     model:  gp_multidimensional  corner plot  starting 
     Dataset:  BISdata_expres     model:  gp_multidimensional  corner plot  done 
     Dataset:  BISdata_harps     model:  gp_multidimensional  corner plot  starting 
     Dataset:  BISdata_harps     model:  gp_multidimensional  corner plot  done 
     Dataset:  BISdata_neid     model:  gp_multidimensional  corner plot  starting 
     Dataset:  BISdata_neid     model:  gp_multidimensional  corner plot  done 
     Dataset:  FWHMdata_expres     model:  gp_multidimensional  corner plot  starting 
     Dataset:  FWHMdata_expres     model:  gp_multidimensional  corner plot  done 
     Dataset:  FWHMdata_harps     model:  gp_multidimensional  corner plot  starting 
     Dataset:  FWHMdata_harps     model:  gp_multidimensional  corner plot  done 
     Dataset:  FWHMdata_neid     model:  gp_multidimensional  corner plot  starting 
     Dataset:  FWHMdata_neid     model:  gp_multidimensional  corner plot  done 

****************************************************************************************************

 Saving the planet parameter samplings to files (with plots)

****************************************************************************************************

 Saving all the parameter samplings to files (with plots)

****************************************************************************************************

 Computing the models for plot/data writing 
     Splitting the plot array to allow GP prediction of extended datasets, it may take a while...
     # 21 chunks of 90 times each
     Check the documentation if the code is taking too long or if it crashes...
     Splitting the plot array to allow GP prediction of extended datasets, it may take a while...
     # 21 chunks of 90 times each
     Check the documentation if the code is taking too long or if it crashes...
     Splitting the plot array to allow GP prediction of extended datasets, it may take a while...
     # 21 chunks of 90 times each
     Check the documentation if the code is taking too long or if it crashes...
     Splitting the plot array to allow GP prediction of extended datasets, it may take a while...
     # 15 chunks of 90 times each
     Check the documentation if the code is taking too long or if it crashes...
     Splitting the plot array to allow GP prediction of extended datasets, it may take a while...
     # 17 chunks of 90 times each
     Check the documentation if the code is taking too long or if it crashes...
     Splitting the plot array to allow GP prediction of extended datasets, it may take a while...
     # 13 chunks of 90 times each
     Check the documentation if the code is taking too long or if it crashes...
     Splitting the plot array to allow GP prediction of extended datasets, it may take a while...
     # 15 chunks of 90 times each
     Check the documentation if the code is taking too long or if it crashes...
     Splitting the plot array to allow GP prediction of extended datasets, it may take a while...
     # 17 chunks of 90 times each
     Check the documentation if the code is taking too long or if it crashes...
     Splitting the plot array to allow GP prediction of extended datasets, it may take a while...
     # 13 chunks of 90 times each
     Check the documentation if the code is taking too long or if it crashes...
     Splitting the plot array to allow GP prediction of extended datasets, it may take a while...
     # 21 chunks of 90 times each
     Check the documentation if the code is taking too long or if it crashes...
     Splitting the plot array to allow GP prediction of extended datasets, it may take a while...
     # 21 chunks of 90 times each
     Check the documentation if the code is taking too long or if it crashes...
     Splitting the plot array to allow GP prediction of extended datasets, it may take a while...
     # 21 chunks of 90 times each
     Check the documentation if the code is taking too long or if it crashes...
     Splitting the plot array to allow GP prediction of extended datasets, it may take a while...
     # 15 chunks of 90 times each
     Check the documentation if the code is taking too long or if it crashes...
     Splitting the plot array to allow GP prediction of extended datasets, it may take a while...
     # 17 chunks of 90 times each
     Check the documentation if the code is taking too long or if it crashes...
     Splitting the plot array to allow GP prediction of extended datasets, it may take a while...
     # 13 chunks of 90 times each
     Check the documentation if the code is taking too long or if it crashes...
     Splitting the plot array to allow GP prediction of extended datasets, it may take a while...
     # 15 chunks of 90 times each
     Check the documentation if the code is taking too long or if it crashes...
     Splitting the plot array to allow GP prediction of extended datasets, it may take a while...
     # 17 chunks of 90 times each
     Check the documentation if the code is taking too long or if it crashes...
     Splitting the plot array to allow GP prediction of extended datasets, it may take a while...
     # 13 chunks of 90 times each
     Check the documentation if the code is taking too long or if it crashes...
     Splitting the plot array to allow GP prediction of extended datasets, it may take a while...
     # 21 chunks of 90 times each
     Check the documentation if the code is taking too long or if it crashes...
     Splitting the plot array to allow GP prediction of extended datasets, it may take a while...
     # 21 chunks of 90 times each
     Check the documentation if the code is taking too long or if it crashes...
     Splitting the plot array to allow GP prediction of extended datasets, it may take a while...
     # 21 chunks of 90 times each
     Check the documentation if the code is taking too long or if it crashes...
     Splitting the plot array to allow GP prediction of extended datasets, it may take a while...
     # 15 chunks of 90 times each
     Check the documentation if the code is taking too long or if it crashes...
     Splitting the plot array to allow GP prediction of extended datasets, it may take a while...
     # 17 chunks of 90 times each
     Check the documentation if the code is taking too long or if it crashes...
     Splitting the plot array to allow GP prediction of extended datasets, it may take a while...
     # 13 chunks of 90 times each
     Check the documentation if the code is taking too long or if it crashes...
     Splitting the plot array to allow GP prediction of extended datasets, it may take a while...
     # 15 chunks of 90 times each
     Check the documentation if the code is taking too long or if it crashes...
     Splitting the plot array to allow GP prediction of extended datasets, it may take a while...
     # 17 chunks of 90 times each
     Check the documentation if the code is taking too long or if it crashes...
     Splitting the plot array to allow GP prediction of extended datasets, it may take a while...
     # 13 chunks of 90 times each
     Check the documentation if the code is taking too long or if it crashes...
 Writing the plots 
 Writing the   data files 
 Writing the  MAP_ data files 
 Writing the  sampleMED_ data files 

****************************************************************************************************

