
:::---::: PyORBIT v11.0.1 :::---:::

Python version in use:
3.10.18 (main, Jun  5 2025, 13:14:17) [GCC 11.2.0]

reloaded_optimize:  False
reloaded_pyde:  False
reloaded_emcee:  False

number of multiprocessing threads: 16
multiprocessing method (should be fork):  fork

parameters/safe_reload flag (must be True for tinygp):  False

Opening:  RVdata_expres
Opening:  RVdata_harps
Opening:  RVdata_neid
Opening:  BISdata_expres
Opening:  BISdata_harps
Opening:  BISdata_neid
Opening:  FWHMdata_expres
Opening:  FWHMdata_harps
Opening:  FWHMdata_neid
Opening:  Contrastdata_expres
Opening:  Contrastdata_harps
Opening:  Contrastdata_neid
Opening:  Halphadata_expres
Opening:  Halphadata_harps
Opening:  Halphadata_neid
Opening:  CaIIdata_expres
Opening:  CaIIdata_harps
Opening:  CaIIdata_neid

gp_multidimensional  S+LEAF model, number of harmonics: 4

GP model: gp_multidimensional  hyperparameters_condition:    True
GP model: gp_multidimensional  rotation_decay_condition:     True

====================================================================================================
     Ids, spaces (s), boundaries (b) and priors (p) of the sampler parameters     
====================================================================================================

----- dataset:  RVdata_expres
jitter_0      id:   3  s:Linear      b:[      0.0010,      11.5000]   p:Uniform   []
offset_0      id:   4  s:Linear      b:[ -10006.2420,   10010.4100]   p:Uniform   []

----- dataset: RVdata_expres             ----- model: gp_multidimensional           
rot_amp       id:   5  s:Linear      b:[      0.0000,      10.0000]   p:Uniform   []
con_amp       id:   6  s:Linear      b:[    -20.0000,      20.0000]   p:Uniform   []

----- dataset:  RVdata_harps
jitter_0      id:   7  s:Linear      b:[      0.0009,      13.3000]   p:Uniform   []
offset_0      id:   8  s:Linear      b:[ -10005.4343,   10010.2475]   p:Uniform   []
offset_1      id:   9  s:Linear      b:[ -10005.4343,   10010.2475]   p:Uniform   []

----- dataset: RVdata_harps              ----- model: gp_multidimensional           
rot_amp       id:  10  s:Linear      b:[      0.0000,      10.0000]   p:Uniform   []
con_amp       id:  11  s:Linear      b:[    -20.0000,      20.0000]   p:Uniform   []

----- dataset:  RVdata_neid
jitter_0      id:  12  s:Linear      b:[      0.0010,      12.2000]   p:Uniform   []
offset_0      id:  13  s:Linear      b:[ -10005.9046,   10009.8774]   p:Uniform   []

----- dataset: RVdata_neid               ----- model: gp_multidimensional           
rot_amp       id:  14  s:Linear      b:[      0.0000,      10.0000]   p:Uniform   []
con_amp       id:  15  s:Linear      b:[    -20.0000,      20.0000]   p:Uniform   []

----- dataset:  BISdata_expres
jitter_0      id:  16  s:Linear      b:[      0.0095,      95.0000]   p:Uniform   []
offset_0      id:  17  s:Linear      b:[ -10061.4500,    9948.9833]   p:Uniform   []

----- dataset: BISdata_expres            ----- model: gp_multidimensional           
rot_amp       id:  18  s:Linear      b:[    -10.0000,      10.0000]   p:Uniform   []
con_amp       id:  19  s:Linear      b:[    -20.0000,      20.0000]   p:Uniform   []

----- dataset:  BISdata_harps
jitter_0      id:  20  s:Linear      b:[      0.0095,      95.0000]   p:Uniform   []
offset_0      id:  21  s:Linear      b:[ -10050.8667,    9968.4000]   p:Uniform   []
offset_1      id:  22  s:Linear      b:[ -10050.8667,    9968.4000]   p:Uniform   []

----- dataset: BISdata_harps             ----- model: gp_multidimensional           
rot_amp       id:  23  s:Linear      b:[    -10.0000,      10.0000]   p:Uniform   []
con_amp       id:  24  s:Linear      b:[    -20.0000,      20.0000]   p:Uniform   []

----- dataset:  BISdata_neid
jitter_0      id:  25  s:Linear      b:[      0.0095,      95.0000]   p:Uniform   []
offset_0      id:  26  s:Linear      b:[ -10050.7833,    9957.4667]   p:Uniform   []

----- dataset: BISdata_neid              ----- model: gp_multidimensional           
rot_amp       id:  27  s:Linear      b:[    -10.0000,      10.0000]   p:Uniform   []
con_amp       id:  28  s:Linear      b:[    -20.0000,      20.0000]   p:Uniform   []

----- dataset:  FWHMdata_expres
jitter_0      id:  29  s:Linear      b:[      0.0500,     500.0000]   p:Uniform   []
offset_0      id:  30  s:Linear      b:[  -3233.0765,   16789.6022]   p:Uniform   []

----- dataset: FWHMdata_expres           ----- model: gp_multidimensional           
rot_amp       id:  31  s:Linear      b:[    -10.0000,      10.0000]   p:Uniform   []
con_amp       id:  32  s:Linear      b:[    -20.0000,      20.0000]   p:Uniform   []

----- dataset:  FWHMdata_harps
jitter_0      id:  33  s:Linear      b:[      0.0500,     500.0000]   p:Uniform   []
offset_0      id:  34  s:Linear      b:[  -3088.5511,   17176.1921]   p:Uniform   []
offset_1      id:  35  s:Linear      b:[  -3088.5511,   17176.1921]   p:Uniform   []

----- dataset: FWHMdata_harps            ----- model: gp_multidimensional           
rot_amp       id:  36  s:Linear      b:[    -10.0000,      10.0000]   p:Uniform   []
con_amp       id:  37  s:Linear      b:[    -20.0000,      20.0000]   p:Uniform   []

----- dataset:  FWHMdata_neid
jitter_0      id:  38  s:Linear      b:[      0.0500,     500.0000]   p:Uniform   []
offset_0      id:  39  s:Linear      b:[  -3049.2667,   16964.4316]   p:Uniform   []

----- dataset: FWHMdata_neid             ----- model: gp_multidimensional           
rot_amp       id:  40  s:Linear      b:[    -10.0000,      10.0000]   p:Uniform   []
con_amp       id:  41  s:Linear      b:[    -20.0000,      20.0000]   p:Uniform   []

----- dataset:  Contrastdata_expres
jitter_0      id:  42  s:Linear      b:[      1.3000,   13000.0000]   p:Uniform   []
offset_0      id:  43  s:Linear      b:[-359831.0100, -338852.3247]   p:Uniform   []

----- dataset: Contrastdata_expres       ----- model: gp_multidimensional           
rot_amp       id:  44  s:Linear      b:[    -10.0000,      10.0000]   p:Uniform   []
con_amp       id:  45  s:Linear      b:[    -20.0000,      20.0000]   p:Uniform   []

----- dataset:  Contrastdata_harps
jitter_0      id:  46  s:Linear      b:[      1.3000,   13000.0000]   p:Uniform   []
offset_0      id:  47  s:Linear      b:[-464256.3172, -409348.3188]   p:Uniform   []
offset_1      id:  48  s:Linear      b:[-464256.3172, -409348.3188]   p:Uniform   []

----- dataset: Contrastdata_harps        ----- model: gp_multidimensional           
rot_amp       id:  49  s:Linear      b:[    -10.0000,      10.0000]   p:Uniform   []
con_amp       id:  50  s:Linear      b:[    -20.0000,      20.0000]   p:Uniform   []

----- dataset:  Contrastdata_neid
jitter_0      id:  51  s:Linear      b:[      1.3000,   13000.0000]   p:Uniform   []
offset_0      id:  52  s:Linear      b:[-369967.1260, -349330.7806]   p:Uniform   []

----- dataset: Contrastdata_neid         ----- model: gp_multidimensional           
rot_amp       id:  53  s:Linear      b:[    -10.0000,      10.0000]   p:Uniform   []
con_amp       id:  54  s:Linear      b:[    -20.0000,      20.0000]   p:Uniform   []

----- dataset:  Halphadata_expres
jitter_0      id:  55  s:Linear      b:[      0.0000,       0.1000]   p:Uniform   []
offset_0      id:  56  s:Linear      b:[  -9999.8288,   10000.1728]   p:Uniform   []

----- dataset: Halphadata_expres         ----- model: gp_multidimensional           
rot_amp       id:  57  s:Linear      b:[    -10.0000,      10.0000]   p:Uniform   []
con_amp       id:  58  s:Linear      b:[    -20.0000,      20.0000]   p:Uniform   []

----- dataset:  Halphadata_harps
jitter_0      id:  59  s:Linear      b:[      0.0000,       0.1000]   p:Uniform   []
offset_0      id:  60  s:Linear      b:[  -9999.8279,   10000.1787]   p:Uniform   []
offset_1      id:  61  s:Linear      b:[  -9999.8279,   10000.1787]   p:Uniform   []

----- dataset: Halphadata_harps          ----- model: gp_multidimensional           
rot_amp       id:  62  s:Linear      b:[    -10.0000,      10.0000]   p:Uniform   []
con_amp       id:  63  s:Linear      b:[    -20.0000,      20.0000]   p:Uniform   []

----- dataset:  Halphadata_neid
jitter_0      id:  64  s:Linear      b:[      0.0000,       0.1000]   p:Uniform   []
offset_0      id:  65  s:Linear      b:[  -9999.8297,   10000.1722]   p:Uniform   []

----- dataset: Halphadata_neid           ----- model: gp_multidimensional           
rot_amp       id:  66  s:Linear      b:[    -10.0000,      10.0000]   p:Uniform   []
con_amp       id:  67  s:Linear      b:[    -20.0000,      20.0000]   p:Uniform   []

----- dataset:  CaIIdata_expres
jitter_0      id:  68  s:Linear      b:[      0.0000,       0.3000]   p:Uniform   []
offset_0      id:  69  s:Linear      b:[  -9999.9071,   10000.1079]   p:Uniform   []

----- dataset: CaIIdata_expres           ----- model: gp_multidimensional           
rot_amp       id:  70  s:Linear      b:[    -10.0000,      10.0000]   p:Uniform   []
con_amp       id:  71  s:Linear      b:[    -20.0000,      20.0000]   p:Uniform   []

----- dataset:  CaIIdata_harps
jitter_0      id:  72  s:Linear      b:[      0.0000,       0.3000]   p:Uniform   []
offset_0      id:  73  s:Linear      b:[  -9999.9033,   10000.1089]   p:Uniform   []
offset_1      id:  74  s:Linear      b:[  -9999.9033,   10000.1089]   p:Uniform   []

----- dataset: CaIIdata_harps            ----- model: gp_multidimensional           
rot_amp       id:  75  s:Linear      b:[    -10.0000,      10.0000]   p:Uniform   []
con_amp       id:  76  s:Linear      b:[    -20.0000,      20.0000]   p:Uniform   []

----- dataset:  CaIIdata_neid
jitter_0      id:  77  s:Linear      b:[      0.0000,       0.3000]   p:Uniform   []
offset_0      id:  78  s:Linear      b:[  -9999.9014,   10000.1002]   p:Uniform   []

----- dataset: CaIIdata_neid             ----- model: gp_multidimensional           
rot_amp       id:  79  s:Linear      b:[    -10.0000,      10.0000]   p:Uniform   []
con_amp       id:  80  s:Linear      b:[    -20.0000,      20.0000]   p:Uniform   []

----- common model:  activity
Prot          id:   0  s:Linear      b:[     20.0000,      35.0000]   p:Gaussian   [28.   0.5]
Pdec          id:   1  s:Linear      b:[     30.0000,    1000.0000]   p:Uniform   []
Oamp          id:   2  s:Log_Base2   b:[     -6.6439,       0.0000]   p:Gaussian   [0.35  0.035]

----- common model:  star_parameters
mass          derived (no id, space, bound)                           p:Gaussian   [1.e+00 1.e-06]
radius        derived (no id, space, bound)                           p:Gaussian   [1.e+00 1.e-06]
density       derived (no id, space, bound)                           p:Gaussian   [1.e+00 1.e-06]

Include priors:  True

Reference Time Tref:  59334.700184

Dimensions =  81
Nwalkers =  324

Using threading pool for PyDE: True
PyDE running
Boundaries redefined after PyDE output
PyDE completed, it took       1303.2 seconds

====================================================================================================
     Starting point of the sample/optimization routines    
====================================================================================================

----- dataset:  RVdata_expres
jitter_0         3      0.937844 [    0.0010,    11.5000]
offset_0         4      1.899038 [-10006.2420, 10010.4100]

----- dataset: RVdata_expres             ----- model: gp_multidimensional           
rot_amp          5      0.794136 [    0.0000,    10.0000]
con_amp          6     -3.887875 [  -20.0000,    20.0000]

----- dataset:  RVdata_harps
jitter_0         7      1.356455 [    0.0009,    13.3000]
offset_0         8      2.432977 [-10005.4343, 10010.2475]
offset_1         9      3.093623 [-10005.4343, 10010.2475]

----- dataset: RVdata_harps              ----- model: gp_multidimensional           
rot_amp         10      0.526955 [    0.0000,    10.0000]
con_amp         11     -3.113978 [  -20.0000,    20.0000]

----- dataset:  RVdata_neid
jitter_0        12      1.235784 [    0.0010,    12.2000]
offset_0        13      2.806016 [-10005.9046, 10009.8774]

----- dataset: RVdata_neid               ----- model: gp_multidimensional           
rot_amp         14      0.001649 [    0.0000,    10.0000]
con_amp         15     -3.316729 [  -20.0000,    20.0000]

----- dataset:  BISdata_expres
jitter_0        16      1.748052 [    0.0095,    95.0000]
offset_0        17    -54.903402 [-10061.4500,  9948.9833]

----- dataset: BISdata_expres            ----- model: gp_multidimensional           
rot_amp         18      1.846047 [  -10.0000,    10.0000]
con_amp         19     -0.522839 [  -20.0000,    20.0000]

----- dataset:  BISdata_harps
jitter_0        20      1.511856 [    0.0095,    95.0000]
offset_0        21    -45.455014 [-10050.8667,  9968.4000]
offset_1        22    -35.933998 [-10050.8667,  9968.4000]

----- dataset: BISdata_harps             ----- model: gp_multidimensional           
rot_amp         23      2.545099 [  -10.0000,    10.0000]
con_amp         24      0.092761 [  -20.0000,    20.0000]

----- dataset:  BISdata_neid
jitter_0        25      1.280182 [    0.0095,    95.0000]
offset_0        26    -46.790982 [-10050.7833,  9957.4667]

----- dataset: BISdata_neid              ----- model: gp_multidimensional           
rot_amp         27      0.039840 [  -10.0000,    10.0000]
con_amp         28      0.142625 [  -20.0000,    20.0000]

----- dataset:  FWHMdata_expres
jitter_0        29      0.061886 [    0.0500,   500.0000]
offset_0        30   6776.684105 [-3233.0765, 16789.6022]

----- dataset: FWHMdata_expres           ----- model: gp_multidimensional           
rot_amp         31      1.599454 [  -10.0000,    10.0000]
con_amp         32      1.630869 [  -20.0000,    20.0000]

----- dataset:  FWHMdata_harps
jitter_0        33      0.052554 [    0.0500,   500.0000]
offset_0        34   6917.211322 [-3088.5511, 17176.1921]
offset_1        35   7171.495687 [-3088.5511, 17176.1921]

----- dataset: FWHMdata_harps            ----- model: gp_multidimensional           
rot_amp         36      2.607621 [  -10.0000,    10.0000]
con_amp         37     -0.207639 [  -20.0000,    20.0000]

----- dataset:  FWHMdata_neid
jitter_0        38      0.052011 [    0.0500,   500.0000]
offset_0        39   6957.072343 [-3049.2667, 16964.4316]

----- dataset: FWHMdata_neid             ----- model: gp_multidimensional           
rot_amp         40      1.015802 [  -10.0000,    10.0000]
con_amp         41      0.444449 [  -20.0000,    20.0000]

----- dataset:  Contrastdata_expres
jitter_0        42    177.235810 [    1.3000, 13000.0000]
offset_0        43  -349490.049162 [-359831.0100, -338852.3247]

----- dataset: Contrastdata_expres       ----- model: gp_multidimensional           
rot_amp         44      9.906616 [  -10.0000,    10.0000]
con_amp         45     19.996912 [  -20.0000,    20.0000]

----- dataset:  Contrastdata_harps
jitter_0        46    116.149447 [    1.3000, 13000.0000]
offset_0        47  -453771.943248 [-464256.3172, -409348.3188]
offset_1        48  -419687.699844 [-464256.3172, -409348.3188]

----- dataset: Contrastdata_harps        ----- model: gp_multidimensional           
rot_amp         49     -9.714894 [  -10.0000,    10.0000]
con_amp         50    -19.997683 [  -20.0000,    20.0000]

----- dataset:  Contrastdata_neid
jitter_0        51     29.577323 [    1.3000, 13000.0000]
offset_0        52  -359606.318529 [-369967.1260, -349330.7806]

----- dataset: Contrastdata_neid         ----- model: gp_multidimensional           
rot_amp         53     -9.980472 [  -10.0000,    10.0000]
con_amp         54     19.988784 [  -20.0000,    20.0000]

----- dataset:  Halphadata_expres
jitter_0        55      0.000010 [    0.0000,     0.1000]
offset_0        56      0.172087 [-9999.8288, 10000.1728]

----- dataset: Halphadata_expres         ----- model: gp_multidimensional           
rot_amp         57     -0.000005 [  -10.0000,    10.0000]
con_amp         58     -0.000135 [  -20.0000,    20.0000]

----- dataset:  Halphadata_harps
jitter_0        59      0.000539 [    0.0000,     0.1000]
offset_0        60      0.174699 [-9999.8279, 10000.1787]
offset_1        61      0.173877 [-9999.8279, 10000.1787]

----- dataset: Halphadata_harps          ----- model: gp_multidimensional           
rot_amp         62      0.001021 [  -10.0000,    10.0000]
con_amp         63      0.000079 [  -20.0000,    20.0000]

----- dataset:  Halphadata_neid
jitter_0        64      0.000010 [    0.0000,     0.1000]
offset_0        65      0.171133 [-9999.8297, 10000.1722]

----- dataset: Halphadata_neid           ----- model: gp_multidimensional           
rot_amp         66     -0.000043 [  -10.0000,    10.0000]
con_amp         67      0.000043 [  -20.0000,    20.0000]

----- dataset:  CaIIdata_expres
jitter_0        68      0.001455 [    0.0000,     0.3000]
offset_0        69      0.100494 [-9999.9071, 10000.1079]

----- dataset: CaIIdata_expres           ----- model: gp_multidimensional           
rot_amp         70     -0.003221 [  -10.0000,    10.0000]
con_amp         71      0.000180 [  -20.0000,    20.0000]

----- dataset:  CaIIdata_harps
jitter_0        72      0.000032 [    0.0000,     0.3000]
offset_0        73      0.104492 [-9999.9033, 10000.1089]
offset_1        74      0.103862 [-9999.9033, 10000.1089]

----- dataset: CaIIdata_harps            ----- model: gp_multidimensional           
rot_amp         75     -0.000592 [  -10.0000,    10.0000]
con_amp         76     -0.000090 [  -20.0000,    20.0000]

----- dataset:  CaIIdata_neid
jitter_0        77      0.000031 [    0.0000,     0.3000]
offset_0        78      0.099430 [-9999.9014, 10000.1002]

----- dataset: CaIIdata_neid             ----- model: gp_multidimensional           
rot_amp         79     -0.000325 [  -10.0000,    10.0000]
con_amp         80      0.000073 [  -20.0000,    20.0000]

----- common model:  activity
Prot             0     28.032830 [   20.0000,    35.0000]
Pdec             1     30.002514 [   30.0000,  1000.0000]
Oamp             2     -1.539481 [   -6.6439,     0.0000]

----- common model:  star_parameters

====================================================================================================
     Starting point projected onto the model parameter space     
====================================================================================================

----- dataset:  RVdata_expres
jitter_0              0.937844 
offset_0              1.899038 


----- dataset: RVdata_expres             ----- model: gp_multidimensional           
rot_amp               0.794136 
con_amp              -3.887875 

----- dataset:  RVdata_harps
jitter_0              1.356455 
offset_0              2.432977 
offset_1              3.093623 


----- dataset: RVdata_harps              ----- model: gp_multidimensional           
rot_amp               0.526955 
con_amp              -3.113978 

----- dataset:  RVdata_neid
jitter_0              1.235784 
offset_0              2.806016 


----- dataset: RVdata_neid               ----- model: gp_multidimensional           
rot_amp               0.001649 
con_amp              -3.316729 

----- dataset:  BISdata_expres
jitter_0              1.748052 
offset_0            -54.903402 


----- dataset: BISdata_expres            ----- model: gp_multidimensional           
rot_amp               1.846047 
con_amp              -0.522839 

----- dataset:  BISdata_harps
jitter_0              1.511856 
offset_0            -45.455014 
offset_1            -35.933998 


----- dataset: BISdata_harps             ----- model: gp_multidimensional           
rot_amp               2.545099 
con_amp               0.092761 

----- dataset:  BISdata_neid
jitter_0              1.280182 
offset_0            -46.790982 


----- dataset: BISdata_neid              ----- model: gp_multidimensional           
rot_amp               0.039840 
con_amp               0.142625 

----- dataset:  FWHMdata_expres
jitter_0              0.061886 
offset_0           6776.684105 


----- dataset: FWHMdata_expres           ----- model: gp_multidimensional           
rot_amp               1.599454 
con_amp               1.630869 

----- dataset:  FWHMdata_harps
jitter_0              0.052554 
offset_0           6917.211322 
offset_1           7171.495687 


----- dataset: FWHMdata_harps            ----- model: gp_multidimensional           
rot_amp               2.607621 
con_amp              -0.207639 

----- dataset:  FWHMdata_neid
jitter_0              0.052011 
offset_0           6957.072343 


----- dataset: FWHMdata_neid             ----- model: gp_multidimensional           
rot_amp               1.015802 
con_amp               0.444449 

----- dataset:  Contrastdata_expres
jitter_0            177.235810 
offset_0        -349490.049162 


----- dataset: Contrastdata_expres       ----- model: gp_multidimensional           
rot_amp               9.906616 
con_amp              19.996912 

----- dataset:  Contrastdata_harps
jitter_0            116.149447 
offset_0        -453771.943248 
offset_1        -419687.699844 


----- dataset: Contrastdata_harps        ----- model: gp_multidimensional           
rot_amp              -9.714894 
con_amp             -19.997683 

----- dataset:  Contrastdata_neid
jitter_0             29.577323 
offset_0        -359606.318529 


----- dataset: Contrastdata_neid         ----- model: gp_multidimensional           
rot_amp              -9.980472 
con_amp              19.988784 

----- dataset:  Halphadata_expres
jitter_0              0.000010 
offset_0              0.172087 


----- dataset: Halphadata_expres         ----- model: gp_multidimensional           
rot_amp              -0.000005 
con_amp              -0.000135 

----- dataset:  Halphadata_harps
jitter_0              0.000539 
offset_0              0.174699 
offset_1              0.173877 


----- dataset: Halphadata_harps          ----- model: gp_multidimensional           
rot_amp               0.001021 
con_amp               0.000079 

----- dataset:  Halphadata_neid
jitter_0              0.000010 
offset_0              0.171133 


----- dataset: Halphadata_neid           ----- model: gp_multidimensional           
rot_amp              -0.000043 
con_amp               0.000043 

----- dataset:  CaIIdata_expres
jitter_0              0.001455 
offset_0              0.100494 


----- dataset: CaIIdata_expres           ----- model: gp_multidimensional           
rot_amp              -0.003221 
con_amp               0.000180 

----- dataset:  CaIIdata_harps
jitter_0              0.000032 
offset_0              0.104492 
offset_1              0.103862 


----- dataset: CaIIdata_harps            ----- model: gp_multidimensional           
rot_amp              -0.000592 
con_amp              -0.000090 

----- dataset:  CaIIdata_neid
jitter_0              0.000031 
offset_0              0.099430 


----- dataset: CaIIdata_neid             ----- model: gp_multidimensional           
rot_amp              -0.000325 
con_amp               0.000073 

----- common model:  activity
Prot                 28.032830 
Pdec                 30.002514 
Oamp                  0.344009 

----- common model:  star_parameters

====================================================================================================
     Derived parameters obtained from starting point     
====================================================================================================


====================================================================================================
     Statistics on the log-likelihood     
====================================================================================================

 LN probability: -1324.088656 

====================================================================================================
     ------------------------------------------------------------------------------------------     
====================================================================================================



*************************************************************

Running emcee

emcee version:  3.1.6
Using threading pool for emcee: True

Saving temporary steps


Computing the autocorrelation time of the chains

***** WARNING ******
The integrated autocorrelation time cannot be reliably estimated
likely the chains are too short, and ACF analysis is not fully reliable
emcee.autocorr.integrated_time tolerance lowered to 20
If you still get a warning, you should drop these results entirely
Chains too short to apply convergence criteria
They should be at least 600*nthin = 90000

====================================================================================================
     Statistics on the posterior of the sampler parameters     
====================================================================================================

----- dataset:  RVdata_expres
jitter_0         3         0.939       -0.031        0.061   (15-84 p)   [    0.0010,    11.5000]
offset_0         4          1.91        -0.37         0.42   (15-84 p)   [-10006.2420, 10010.4100]

----- dataset: RVdata_expres             ----- model: gp_multidimensional           
rot_amp          5          0.90        -0.17          2.2   (15-84 p)   [    0.0000,    10.0000]
con_amp          6        -3.935         -1.5        0.075   (15-84 p)   [  -20.0000,    20.0000]

----- dataset:  RVdata_harps
jitter_0         7         1.356       -0.046        0.058   (15-84 p)   [    0.0009,    13.3000]
offset_0         8          2.44        -0.31         0.39   (15-84 p)   [-10005.4343, 10010.2475]
offset_1         9          3.10        -0.37         0.39   (15-84 p)   [-10005.4343, 10010.2475]

----- dataset: RVdata_harps              ----- model: gp_multidimensional           
rot_amp         10          0.64        -0.20          1.6   (15-84 p)   [    0.0000,    10.0000]
con_amp         11        -3.163         -1.2        0.066   (15-84 p)   [  -20.0000,    20.0000]

----- dataset:  RVdata_neid
jitter_0        12         1.242       -0.023         0.14   (15-84 p)   [    0.0010,    12.2000]
offset_0        13          2.81        -0.34         0.39   (15-84 p)   [-10005.9046, 10009.8774]

----- dataset: RVdata_neid               ----- model: gp_multidimensional           
rot_amp         14         0.014       -0.013         0.17   (15-84 p)   [    0.0000,    10.0000]
con_amp         15        -3.359         -1.3        0.075   (15-84 p)   [  -20.0000,    20.0000]

----- dataset:  BISdata_expres
jitter_0        16         1.757       -0.048         0.13   (15-84 p)   [    0.0095,    95.0000]
offset_0        17        -54.91        -0.12         0.11   (15-84 p)   [-10061.4500,  9948.9833]

----- dataset: BISdata_expres            ----- model: gp_multidimensional           
rot_amp         18          1.85        -0.42         0.89   (15-84 p)   [  -10.0000,    10.0000]
con_amp         19        -0.533        -0.26        0.058   (15-84 p)   [  -20.0000,    20.0000]

----- dataset:  BISdata_harps
jitter_0        20         1.513       -0.065        0.094   (15-84 p)   [    0.0095,    95.0000]
offset_0        21       -45.445       -0.050         0.18   (15-84 p)   [-10050.8667,  9968.4000]
offset_1        22        -35.93        -0.12         0.33   (15-84 p)   [-10050.8667,  9968.4000]

----- dataset: BISdata_harps             ----- model: gp_multidimensional           
rot_amp         23          2.66        -0.27          2.6   (15-84 p)   [  -10.0000,    10.0000]
con_amp         24         0.082        -0.19        0.043   (15-84 p)   [  -20.0000,    20.0000]

----- dataset:  BISdata_neid
jitter_0        25         1.276       -0.096        0.069   (15-84 p)   [    0.0095,    95.0000]
offset_0        26       -46.787       -0.081         0.11   (15-84 p)   [-10050.7833,  9957.4667]

----- dataset: BISdata_neid              ----- model: gp_multidimensional           
rot_amp         27          0.04        -0.72         0.60   (15-84 p)   [  -10.0000,    10.0000]
con_amp         28         0.144       -0.089         0.12   (15-84 p)   [  -20.0000,    20.0000]

----- dataset:  FWHMdata_expres
jitter_0        29         0.132       -0.079         0.83   (15-84 p)   [    0.0500,   500.0000]
offset_0        30       6776.66        -0.48         0.21   (15-84 p)   [-3233.0765, 16789.6022]

----- dataset: FWHMdata_expres           ----- model: gp_multidimensional           
rot_amp         31           1.6         -1.4          1.9   (15-84 p)   [  -10.0000,    10.0000]
con_amp         32          1.70        -0.12         0.98   (15-84 p)   [  -20.0000,    20.0000]

----- dataset:  FWHMdata_harps
jitter_0        33         0.068       -0.017         0.18   (15-84 p)   [    0.0500,   500.0000]
offset_0        34       6917.20        -0.42         0.25   (15-84 p)   [-3088.5511, 17176.1921]
offset_1        35       7171.49        -0.64         0.51   (15-84 p)   [-3088.5511, 17176.1921]

----- dataset: FWHMdata_harps            ----- model: gp_multidimensional           
rot_amp         36          2.67        -0.86          2.5   (15-84 p)   [  -10.0000,    10.0000]
con_amp         37         -0.18        -0.17         0.47   (15-84 p)   [  -20.0000,    20.0000]

----- dataset:  FWHMdata_neid
jitter_0        38         0.065       -0.014         0.15   (15-84 p)   [    0.0500,   500.0000]
offset_0        39       6957.07        -0.35         0.31   (15-84 p)   [-3049.2667, 16964.4316]

----- dataset: FWHMdata_neid             ----- model: gp_multidimensional           
rot_amp         40           1.0         -1.4          1.8   (15-84 p)   [  -10.0000,    10.0000]
con_amp         41          0.46        -0.23         0.42   (15-84 p)   [  -20.0000,    20.0000]

----- dataset:  Contrastdata_expres
jitter_0        42           177          -11           12   (15-84 p)   [    1.3000, 13000.0000]
offset_0        43       -349490          -11           14   (15-84 p)   [-359831.0100, -338852.3247]

----- dataset: Contrastdata_expres       ----- model: gp_multidimensional           
rot_amp         44          9.45         -4.8         0.52   (15-84 p)   [  -10.0000,    10.0000]
con_amp         45        19.969        -0.46        0.030   (15-84 p)   [  -20.0000,    20.0000]

----- dataset:  Contrastdata_harps
jitter_0        46         116.4         -8.0           10   (15-84 p)   [    1.3000, 13000.0000]
offset_0        47       -453772          -11           13   (15-84 p)   [-464256.3172, -409348.3188]
offset_1        48     -419689.9          -35          7.5   (15-84 p)   [-464256.3172, -409348.3188]

----- dataset: Contrastdata_harps        ----- model: gp_multidimensional           
rot_amp         49          -8.8         -1.1          9.5   (15-84 p)   [  -10.0000,    10.0000]
con_amp         50       -19.982       -0.017         0.24   (15-84 p)   [  -20.0000,    20.0000]

----- dataset:  Contrastdata_neid
jitter_0        51          32.8         -9.1           36   (15-84 p)   [    1.3000, 13000.0000]
offset_0        52     -359606.7         -8.5          6.8   (15-84 p)   [-369967.1260, -349330.7806]

----- dataset: Contrastdata_neid         ----- model: gp_multidimensional           
rot_amp         53         -9.86        -0.14          1.7   (15-84 p)   [  -10.0000,    10.0000]
con_amp         54        19.907         -1.3        0.090   (15-84 p)   [  -20.0000,    20.0000]

----- dataset:  Halphadata_expres
jitter_0        55     0.0000126   -0.0000025     0.000032   (15-84 p)   [    0.0000,     0.1000]
offset_0        56      0.172083    -0.000079     0.000044   (15-84 p)   [-9999.8288, 10000.1728]

----- dataset: Halphadata_expres         ----- model: gp_multidimensional           
rot_amp         57       0.00001     -0.00014      0.00048   (15-84 p)   [  -10.0000,    10.0000]
con_amp         58     -0.000139     -0.00011     0.000030   (15-84 p)   [  -20.0000,    20.0000]

----- dataset:  Halphadata_harps
jitter_0        59      0.000543    -0.000068      0.00012   (15-84 p)   [    0.0000,     0.1000]
offset_0        60      0.174703    -0.000062      0.00010   (15-84 p)   [-9999.8279, 10000.1787]
offset_1        61       0.17388     -0.00017      0.00011   (15-84 p)   [-9999.8279, 10000.1787]

----- dataset: Halphadata_harps          ----- model: gp_multidimensional           
rot_amp         62       0.00105     -0.00018      0.00063   (15-84 p)   [  -10.0000,    10.0000]
con_amp         63      0.000076    -0.000082     0.000063   (15-84 p)   [  -20.0000,    20.0000]

----- dataset:  Halphadata_neid
jitter_0        64     0.0000136   -0.0000035     0.000040   (15-84 p)   [    0.0000,     0.1000]
offset_0        65      0.171133    -0.000058     0.000060   (15-84 p)   [-9999.8297, 10000.1722]

----- dataset: Halphadata_neid           ----- model: gp_multidimensional           
rot_amp         66      -0.00004     -0.00029      0.00038   (15-84 p)   [  -10.0000,    10.0000]
con_amp         67      0.000044    -0.000065     0.000067   (15-84 p)   [  -20.0000,    20.0000]

----- dataset:  CaIIdata_expres
jitter_0        68       0.00146     -0.00028      0.00026   (15-84 p)   [    0.0000,     0.3000]
offset_0        69       0.10050     -0.00018      0.00023   (15-84 p)   [-9999.9071, 10000.1079]

----- dataset: CaIIdata_expres           ----- model: gp_multidimensional           
rot_amp         70      -0.00353      -0.0039      0.00046   (15-84 p)   [  -10.0000,    10.0000]
con_amp         71       0.00017     -0.00024      0.00013   (15-84 p)   [  -20.0000,    20.0000]

----- dataset:  CaIIdata_harps
jitter_0        72      0.000050    -0.000019      0.00019   (15-84 p)   [    0.0000,     0.3000]
offset_0        73       0.10449     -0.00017      0.00024   (15-84 p)   [-9999.9033, 10000.1089]
offset_1        74       0.10390     -0.00013      0.00059   (15-84 p)   [-9999.9033, 10000.1089]

----- dataset: CaIIdata_harps            ----- model: gp_multidimensional           
rot_amp         75      -0.00066      -0.0020      0.00048   (15-84 p)   [  -10.0000,    10.0000]
con_amp         76      -0.00010     -0.00025      0.00013   (15-84 p)   [  -20.0000,    20.0000]

----- dataset:  CaIIdata_neid
jitter_0        77     0.0000374   -0.0000071     0.000081   (15-84 p)   [    0.0000,     0.3000]
offset_0        78       0.09943     -0.00016      0.00017   (15-84 p)   [-9999.9014, 10000.1002]

----- dataset: CaIIdata_neid             ----- model: gp_multidimensional           
rot_amp         79      -0.00033      -0.0012      0.00081   (15-84 p)   [  -10.0000,    10.0000]
con_amp         80       0.00008     -0.00010      0.00026   (15-84 p)   [  -20.0000,    20.0000]

----- common model:  activity
Prot             0         28.03        -0.17         0.19   (15-84 p)   [   20.0000,    35.0000]
Pdec             1        30.027       -0.026         0.33   (15-84 p)   [   30.0000,  1000.0000]
Oamp             2        -1.534       -0.026         0.14   (15-84 p)   [   -6.6439,     0.0000]

----- common model:  star_parameters

====================================================================================================
     Statistics on the model parameters obtained from the posteriors samples     
====================================================================================================

----- dataset:  RVdata_expres
jitter_0                 0.939       -0.031        0.061    (15-84 p)
offset_0                  1.91        -0.37         0.42    (15-84 p)


----- dataset: RVdata_expres             ----- model: gp_multidimensional           
rot_amp                   0.90        -0.17          2.2    (15-84 p)
con_amp                 -3.935         -1.5        0.075    (15-84 p)

----- dataset:  RVdata_harps
jitter_0                 1.356       -0.046        0.058    (15-84 p)
offset_0                  2.44        -0.31         0.39    (15-84 p)
offset_1                  3.10        -0.37         0.39    (15-84 p)


----- dataset: RVdata_harps              ----- model: gp_multidimensional           
rot_amp                   0.64        -0.20          1.6    (15-84 p)
con_amp                 -3.163         -1.2        0.066    (15-84 p)

----- dataset:  RVdata_neid
jitter_0                 1.242       -0.023         0.14    (15-84 p)
offset_0                  2.81        -0.34         0.39    (15-84 p)


----- dataset: RVdata_neid               ----- model: gp_multidimensional           
rot_amp                  0.014       -0.013         0.17    (15-84 p)
con_amp                 -3.359         -1.3        0.075    (15-84 p)

----- dataset:  BISdata_expres
jitter_0                 1.757       -0.048         0.13    (15-84 p)
offset_0                -54.91        -0.12         0.11    (15-84 p)


----- dataset: BISdata_expres            ----- model: gp_multidimensional           
rot_amp                   1.85        -0.42         0.89    (15-84 p)
con_amp                 -0.533        -0.26        0.058    (15-84 p)

----- dataset:  BISdata_harps
jitter_0                 1.513       -0.065        0.094    (15-84 p)
offset_0               -45.445       -0.050         0.18    (15-84 p)
offset_1                -35.93        -0.12         0.33    (15-84 p)


----- dataset: BISdata_harps             ----- model: gp_multidimensional           
rot_amp                   2.66        -0.27          2.6    (15-84 p)
con_amp                  0.082        -0.19        0.043    (15-84 p)

----- dataset:  BISdata_neid
jitter_0                 1.276       -0.096        0.069    (15-84 p)
offset_0               -46.787       -0.081         0.11    (15-84 p)


----- dataset: BISdata_neid              ----- model: gp_multidimensional           
rot_amp                   0.04        -0.72         0.60    (15-84 p)
con_amp                  0.144       -0.089         0.12    (15-84 p)

----- dataset:  FWHMdata_expres
jitter_0                 0.132       -0.079         0.83    (15-84 p)
offset_0               6776.66        -0.48         0.21    (15-84 p)


----- dataset: FWHMdata_expres           ----- model: gp_multidimensional           
rot_amp                    1.6         -1.4          1.9    (15-84 p)
con_amp                   1.70        -0.12         0.98    (15-84 p)

----- dataset:  FWHMdata_harps
jitter_0                 0.068       -0.017         0.18    (15-84 p)
offset_0               6917.20        -0.42         0.25    (15-84 p)
offset_1               7171.49        -0.64         0.51    (15-84 p)


----- dataset: FWHMdata_harps            ----- model: gp_multidimensional           
rot_amp                   2.67        -0.86          2.5    (15-84 p)
con_amp                  -0.18        -0.17         0.47    (15-84 p)

----- dataset:  FWHMdata_neid
jitter_0                 0.065       -0.014         0.15    (15-84 p)
offset_0               6957.07        -0.35         0.31    (15-84 p)


----- dataset: FWHMdata_neid             ----- model: gp_multidimensional           
rot_amp                    1.0         -1.4          1.8    (15-84 p)
con_amp                   0.46        -0.23         0.42    (15-84 p)

----- dataset:  Contrastdata_expres
jitter_0                   177          -11           12    (15-84 p)
offset_0               -349490          -11           14    (15-84 p)


----- dataset: Contrastdata_expres       ----- model: gp_multidimensional           
rot_amp                   9.45         -4.8         0.52    (15-84 p)
con_amp                 19.969        -0.46        0.030    (15-84 p)

----- dataset:  Contrastdata_harps
jitter_0                 116.4         -8.0           10    (15-84 p)
offset_0               -453772          -11           13    (15-84 p)
offset_1             -419689.9          -35          7.5    (15-84 p)


----- dataset: Contrastdata_harps        ----- model: gp_multidimensional           
rot_amp                   -8.8         -1.1          9.5    (15-84 p)
con_amp                -19.982       -0.017         0.24    (15-84 p)

----- dataset:  Contrastdata_neid
jitter_0                  32.8         -9.1           36    (15-84 p)
offset_0             -359606.7         -8.5          6.8    (15-84 p)


----- dataset: Contrastdata_neid         ----- model: gp_multidimensional           
rot_amp                  -9.86        -0.14          1.7    (15-84 p)
con_amp                 19.907         -1.3        0.090    (15-84 p)

----- dataset:  Halphadata_expres
jitter_0             0.0000126   -0.0000025     0.000032    (15-84 p)
offset_0              0.172083    -0.000079     0.000044    (15-84 p)


----- dataset: Halphadata_expres         ----- model: gp_multidimensional           
rot_amp                0.00001     -0.00014      0.00048    (15-84 p)
con_amp              -0.000139     -0.00011     0.000030    (15-84 p)

----- dataset:  Halphadata_harps
jitter_0              0.000543    -0.000068      0.00012    (15-84 p)
offset_0              0.174703    -0.000062      0.00010    (15-84 p)
offset_1               0.17388     -0.00017      0.00011    (15-84 p)


----- dataset: Halphadata_harps          ----- model: gp_multidimensional           
rot_amp                0.00105     -0.00018      0.00063    (15-84 p)
con_amp               0.000076    -0.000082     0.000063    (15-84 p)

----- dataset:  Halphadata_neid
jitter_0             0.0000136   -0.0000035     0.000040    (15-84 p)
offset_0              0.171133    -0.000058     0.000060    (15-84 p)


----- dataset: Halphadata_neid           ----- model: gp_multidimensional           
rot_amp               -0.00004     -0.00029      0.00038    (15-84 p)
con_amp               0.000044    -0.000065     0.000067    (15-84 p)

----- dataset:  CaIIdata_expres
jitter_0               0.00146     -0.00028      0.00026    (15-84 p)
offset_0               0.10050     -0.00018      0.00023    (15-84 p)


----- dataset: CaIIdata_expres           ----- model: gp_multidimensional           
rot_amp               -0.00353      -0.0039      0.00046    (15-84 p)
con_amp                0.00017     -0.00024      0.00013    (15-84 p)

----- dataset:  CaIIdata_harps
jitter_0              0.000050    -0.000019      0.00019    (15-84 p)
offset_0               0.10449     -0.00017      0.00024    (15-84 p)
offset_1               0.10390     -0.00013      0.00059    (15-84 p)


----- dataset: CaIIdata_harps            ----- model: gp_multidimensional           
rot_amp               -0.00066      -0.0020      0.00048    (15-84 p)
con_amp               -0.00010     -0.00025      0.00013    (15-84 p)

----- dataset:  CaIIdata_neid
jitter_0             0.0000374   -0.0000071     0.000081    (15-84 p)
offset_0               0.09943     -0.00016      0.00017    (15-84 p)


----- dataset: CaIIdata_neid             ----- model: gp_multidimensional           
rot_amp               -0.00033      -0.0012      0.00081    (15-84 p)
con_amp                0.00008     -0.00010      0.00026    (15-84 p)

----- common model:  activity
Prot                     28.03        -0.17         0.19    (15-84 p)
Pdec                    30.027       -0.026         0.33    (15-84 p)
Oamp                    0.3453      -0.0062        0.036    (15-84 p)

----- common model:  star_parameters

====================================================================================================
     Statistics on the derived parameters obtained from the posteriors samples     
====================================================================================================


====================================================================================================
     ------------------------------------------------------------------------------------------     
====================================================================================================



15000.0   steps completed, average lnprob:,  -1371.0301284060465


Computing the autocorrelation time of the chains

***** WARNING ******
The integrated autocorrelation time cannot be reliably estimated
likely the chains are too short, and ACF analysis is not fully reliable
emcee.autocorr.integrated_time tolerance lowered to 20
If you still get a warning, you should drop these results entirely
Chains too short to apply convergence criteria
They should be at least 1300*nthin = 195000

====================================================================================================
     Statistics on the posterior of the sampler parameters     
====================================================================================================

----- dataset:  RVdata_expres
jitter_0         3         0.965       -0.080        0.091   (15-84 p)   [    0.0010,    11.5000]
offset_0         4           2.5         -2.7          3.2   (15-84 p)   [-10006.2420, 10010.4100]

----- dataset: RVdata_expres             ----- model: gp_multidimensional           
rot_amp          5           4.1         -2.4          3.0   (15-84 p)   [    0.0000,    10.0000]
con_amp          6          -8.5         -2.7          2.0   (15-84 p)   [  -20.0000,    20.0000]

----- dataset:  RVdata_harps
jitter_0         7          1.39        -0.10         0.12   (15-84 p)   [    0.0009,    13.3000]
offset_0         8           2.9         -2.1          2.7   (15-84 p)   [-10005.4343, 10010.2475]
offset_1         9           3.5         -2.1          2.7   (15-84 p)   [-10005.4343, 10010.2475]

----- dataset: RVdata_harps              ----- model: gp_multidimensional           
rot_amp         10           2.4         -1.6          2.3   (15-84 p)   [    0.0000,    10.0000]
con_amp         11          -6.9         -2.1          1.6   (15-84 p)   [  -20.0000,    20.0000]

----- dataset:  RVdata_neid
jitter_0        12          1.30        -0.11         0.13   (15-84 p)   [    0.0010,    12.2000]
offset_0        13           3.3         -2.3          2.8   (15-84 p)   [-10005.9046, 10009.8774]

----- dataset: RVdata_neid               ----- model: gp_multidimensional           
rot_amp         14          0.56        -0.39         0.74   (15-84 p)   [    0.0000,    10.0000]
con_amp         15          -7.3         -2.3          1.7   (15-84 p)   [  -20.0000,    20.0000]

----- dataset:  BISdata_expres
jitter_0        16          1.81        -0.17         0.18   (15-84 p)   [    0.0095,    95.0000]
offset_0        17        -54.83        -0.38         0.46   (15-84 p)   [-10061.4500,  9948.9833]

----- dataset: BISdata_expres            ----- model: gp_multidimensional           
rot_amp         18           4.4         -2.6          2.8   (15-84 p)   [  -10.0000,    10.0000]
con_amp         19         -1.06        -0.60         0.44   (15-84 p)   [  -20.0000,    20.0000]

----- dataset:  BISdata_harps
jitter_0        20          1.56        -0.15         0.16   (15-84 p)   [    0.0095,    95.0000]
offset_0        21        -45.42        -0.30         0.27   (15-84 p)   [-10050.8667,  9968.4000]
offset_1        22        -35.88        -0.49         0.45   (15-84 p)   [-10050.8667,  9968.4000]

----- dataset: BISdata_harps             ----- model: gp_multidimensional           
rot_amp         23           6.4         -2.7          2.3   (15-84 p)   [  -10.0000,    10.0000]
con_amp         24          0.24        -0.38         0.42   (15-84 p)   [  -20.0000,    20.0000]

----- dataset:  BISdata_neid
jitter_0        25          1.31        -0.15         0.16   (15-84 p)   [    0.0095,    95.0000]
offset_0        26        -46.77        -0.25         0.22   (15-84 p)   [-10050.7833,  9957.4667]

----- dataset: BISdata_neid              ----- model: gp_multidimensional           
rot_amp         27           0.1         -2.6          2.5   (15-84 p)   [  -10.0000,    10.0000]
con_amp         28          0.23        -0.33         0.37   (15-84 p)   [  -20.0000,    20.0000]

----- dataset:  FWHMdata_expres
jitter_0        29          1.16        -0.75         0.85   (15-84 p)   [    0.0500,   500.0000]
offset_0        30        6776.5         -1.6          1.2   (15-84 p)   [-3233.0765, 16789.6022]

----- dataset: FWHMdata_expres           ----- model: gp_multidimensional           
rot_amp         31           2.0         -5.7          5.1   (15-84 p)   [  -10.0000,    10.0000]
con_amp         32           3.5         -1.2          1.6   (15-84 p)   [  -20.0000,    20.0000]

----- dataset:  FWHMdata_harps
jitter_0        33          0.42        -0.25         0.40   (15-84 p)   [    0.0500,   500.0000]
offset_0        34       6917.20        -0.72         0.75   (15-84 p)   [-3088.5511, 17176.1921]
offset_1        35        7171.4         -1.3          1.3   (15-84 p)   [-3088.5511, 17176.1921]

----- dataset: FWHMdata_harps            ----- model: gp_multidimensional           
rot_amp         36           4.4         -5.3          3.9   (15-84 p)   [  -10.0000,    10.0000]
con_amp         37          -0.3         -1.2          1.0   (15-84 p)   [  -20.0000,    20.0000]

----- dataset:  FWHMdata_neid
jitter_0        38          0.41        -0.25         0.41   (15-84 p)   [    0.0500,   500.0000]
offset_0        39       6957.00        -0.84         0.74   (15-84 p)   [-3049.2667, 16964.4316]

----- dataset: FWHMdata_neid             ----- model: gp_multidimensional           
rot_amp         40           2.2         -6.0          4.9   (15-84 p)   [  -10.0000,    10.0000]
con_amp         41           1.0         -1.1          1.2   (15-84 p)   [  -20.0000,    20.0000]

----- dataset:  Contrastdata_expres
jitter_0        42           183          -19           22   (15-84 p)   [    1.3000, 13000.0000]
offset_0        43       -349487          -24           25   (15-84 p)   [-359831.0100, -338852.3247]

----- dataset: Contrastdata_expres       ----- model: gp_multidimensional           
rot_amp         44           1.2         -7.7          6.5   (15-84 p)   [  -10.0000,    10.0000]
con_amp         45         18.68         -1.8         0.94   (15-84 p)   [  -20.0000,    20.0000]

----- dataset:  Contrastdata_harps
jitter_0        46           124          -18           20   (15-84 p)   [    1.3000, 13000.0000]
offset_0        47       -453776          -22           22   (15-84 p)   [-464256.3172, -409348.3188]
offset_1        48       -419706          -36           35   (15-84 p)   [-464256.3172, -409348.3188]

----- dataset: Contrastdata_harps        ----- model: gp_multidimensional           
rot_amp         49          -0.4         -6.9          7.4   (15-84 p)   [  -10.0000,    10.0000]
con_amp         50        -19.23        -0.52          1.1   (15-84 p)   [  -20.0000,    20.0000]

----- dataset:  Contrastdata_neid
jitter_0        51            41          -27           29   (15-84 p)   [    1.3000, 13000.0000]
offset_0        52       -359603          -16           17   (15-84 p)   [-369967.1260, -349330.7806]

----- dataset: Contrastdata_neid         ----- model: gp_multidimensional           
rot_amp         53          -5.0         -3.5          6.6   (15-84 p)   [  -10.0000,    10.0000]
con_amp         54          15.6         -5.2          2.8   (15-84 p)   [  -20.0000,    20.0000]

----- dataset:  Halphadata_expres
jitter_0        55      0.000084    -0.000051     0.000076   (15-84 p)   [    0.0000,     0.1000]
offset_0        56       0.17212     -0.00015      0.00019   (15-84 p)   [-9999.8288, 10000.1728]

----- dataset: Halphadata_expres         ----- model: gp_multidimensional           
rot_amp         57        0.0000      -0.0012       0.0012   (15-84 p)   [  -10.0000,    10.0000]
con_amp         58      -0.00033     -0.00024      0.00019   (15-84 p)   [  -20.0000,    20.0000]

----- dataset:  Halphadata_harps
jitter_0        59       0.00055     -0.00021      0.00017   (15-84 p)   [    0.0000,     0.1000]
offset_0        60       0.17472     -0.00019      0.00016   (15-84 p)   [-9999.8279, 10000.1787]
offset_1        61       0.17388     -0.00031      0.00028   (15-84 p)   [-9999.8279, 10000.1787]

----- dataset: Halphadata_harps          ----- model: gp_multidimensional           
rot_amp         62        0.0020      -0.0018       0.0018   (15-84 p)   [  -10.0000,    10.0000]
con_amp         63       0.00016     -0.00024      0.00025   (15-84 p)   [  -20.0000,    20.0000]

----- dataset:  Halphadata_neid
jitter_0        64      0.000088    -0.000055     0.000088   (15-84 p)   [    0.0000,     0.1000]
offset_0        65       0.17114     -0.00015      0.00014   (15-84 p)   [-9999.8297, 10000.1722]

----- dataset: Halphadata_neid           ----- model: gp_multidimensional           
rot_amp         66        0.0000      -0.0013       0.0014   (15-84 p)   [  -10.0000,    10.0000]
con_amp         67       0.00008     -0.00021      0.00024   (15-84 p)   [  -20.0000,    20.0000]

----- dataset:  CaIIdata_expres
jitter_0        68       0.00151     -0.00070      0.00053   (15-84 p)   [    0.0000,     0.3000]
offset_0        69       0.10054     -0.00045      0.00042   (15-84 p)   [-9999.9071, 10000.1079]

----- dataset: CaIIdata_expres           ----- model: gp_multidimensional           
rot_amp         70       -0.0091      -0.0057       0.0045   (15-84 p)   [  -10.0000,    10.0000]
con_amp         71       0.00011     -0.00070      0.00069   (15-84 p)   [  -20.0000,    20.0000]

----- dataset:  CaIIdata_harps
jitter_0        72       0.00035     -0.00022      0.00036   (15-84 p)   [    0.0000,     0.3000]
offset_0        73       0.10457     -0.00043      0.00047   (15-84 p)   [-9999.9033, 10000.1089]
offset_1        74       0.10400     -0.00071      0.00083   (15-84 p)   [-9999.9033, 10000.1089]

----- dataset: CaIIdata_harps            ----- model: gp_multidimensional           
rot_amp         75       -0.0024      -0.0040       0.0040   (15-84 p)   [  -10.0000,    10.0000]
con_amp         76      -0.00028     -0.00063      0.00063   (15-84 p)   [  -20.0000,    20.0000]

----- dataset:  CaIIdata_neid
jitter_0        77       0.00021     -0.00013      0.00019   (15-84 p)   [    0.0000,     0.3000]
offset_0        78       0.09946     -0.00043      0.00041   (15-84 p)   [-9999.9014, 10000.1002]

----- dataset: CaIIdata_neid             ----- model: gp_multidimensional           
rot_amp         79       -0.0015      -0.0039       0.0036   (15-84 p)   [  -10.0000,    10.0000]
con_amp         80       0.00006     -0.00065      0.00070   (15-84 p)   [  -20.0000,    20.0000]

----- common model:  activity
Prot             0         28.01        -0.45         0.42   (15-84 p)   [   20.0000,    35.0000]
Pdec             1         31.35        -0.91          2.0   (15-84 p)   [   30.0000,  1000.0000]
Oamp             2         -1.33        -0.13         0.12   (15-84 p)   [   -6.6439,     0.0000]

----- common model:  star_parameters

====================================================================================================
     Statistics on the model parameters obtained from the posteriors samples     
====================================================================================================

----- dataset:  RVdata_expres
jitter_0                 0.965       -0.080        0.091    (15-84 p)
offset_0                   2.5         -2.7          3.2    (15-84 p)


----- dataset: RVdata_expres             ----- model: gp_multidimensional           
rot_amp                    4.1         -2.4          3.0    (15-84 p)
con_amp                   -8.5         -2.7          2.0    (15-84 p)

----- dataset:  RVdata_harps
jitter_0                  1.39        -0.10         0.12    (15-84 p)
offset_0                   2.9         -2.1          2.7    (15-84 p)
offset_1                   3.5         -2.1          2.7    (15-84 p)


----- dataset: RVdata_harps              ----- model: gp_multidimensional           
rot_amp                    2.4         -1.6          2.3    (15-84 p)
con_amp                   -6.9         -2.1          1.6    (15-84 p)

----- dataset:  RVdata_neid
jitter_0                  1.30        -0.11         0.13    (15-84 p)
offset_0                   3.3         -2.3          2.8    (15-84 p)


----- dataset: RVdata_neid               ----- model: gp_multidimensional           
rot_amp                   0.56        -0.39         0.74    (15-84 p)
con_amp                   -7.3         -2.3          1.7    (15-84 p)

----- dataset:  BISdata_expres
jitter_0                  1.81        -0.17         0.18    (15-84 p)
offset_0                -54.83        -0.38         0.46    (15-84 p)


----- dataset: BISdata_expres            ----- model: gp_multidimensional           
rot_amp                    4.4         -2.6          2.8    (15-84 p)
con_amp                  -1.06        -0.60         0.44    (15-84 p)

----- dataset:  BISdata_harps
jitter_0                  1.56        -0.15         0.16    (15-84 p)
offset_0                -45.42        -0.30         0.27    (15-84 p)
offset_1                -35.88        -0.49         0.45    (15-84 p)


----- dataset: BISdata_harps             ----- model: gp_multidimensional           
rot_amp                    6.4         -2.7          2.3    (15-84 p)
con_amp                   0.24        -0.38         0.42    (15-84 p)

----- dataset:  BISdata_neid
jitter_0                  1.31        -0.15         0.16    (15-84 p)
offset_0                -46.77        -0.25         0.22    (15-84 p)


----- dataset: BISdata_neid              ----- model: gp_multidimensional           
rot_amp                    0.1         -2.6          2.5    (15-84 p)
con_amp                   0.23        -0.33         0.37    (15-84 p)

----- dataset:  FWHMdata_expres
jitter_0                  1.16        -0.75         0.85    (15-84 p)
offset_0                6776.5         -1.6          1.2    (15-84 p)


----- dataset: FWHMdata_expres           ----- model: gp_multidimensional           
rot_amp                    2.0         -5.7          5.1    (15-84 p)
con_amp                    3.5         -1.2          1.6    (15-84 p)

----- dataset:  FWHMdata_harps
jitter_0                  0.42        -0.25         0.40    (15-84 p)
offset_0               6917.20        -0.72         0.75    (15-84 p)
offset_1                7171.4         -1.3          1.3    (15-84 p)


----- dataset: FWHMdata_harps            ----- model: gp_multidimensional           
rot_amp                    4.4         -5.3          3.9    (15-84 p)
con_amp                   -0.3         -1.2          1.0    (15-84 p)

----- dataset:  FWHMdata_neid
jitter_0                  0.41        -0.25         0.41    (15-84 p)
offset_0               6957.00        -0.84         0.74    (15-84 p)


----- dataset: FWHMdata_neid             ----- model: gp_multidimensional           
rot_amp                    2.2         -6.0          4.9    (15-84 p)
con_amp                    1.0         -1.1          1.2    (15-84 p)

----- dataset:  Contrastdata_expres
jitter_0                   183          -19           22    (15-84 p)
offset_0               -349487          -24           25    (15-84 p)


----- dataset: Contrastdata_expres       ----- model: gp_multidimensional           
rot_amp                    1.2         -7.7          6.5    (15-84 p)
con_amp                  18.68         -1.8         0.94    (15-84 p)

----- dataset:  Contrastdata_harps
jitter_0                   124          -18           20    (15-84 p)
offset_0               -453776          -22           22    (15-84 p)
offset_1               -419706          -36           35    (15-84 p)


----- dataset: Contrastdata_harps        ----- model: gp_multidimensional           
rot_amp                   -0.4         -6.9          7.4    (15-84 p)
con_amp                 -19.23        -0.52          1.1    (15-84 p)

----- dataset:  Contrastdata_neid
jitter_0                    41          -27           29    (15-84 p)
offset_0               -359603          -16           17    (15-84 p)


----- dataset: Contrastdata_neid         ----- model: gp_multidimensional           
rot_amp                   -5.0         -3.5          6.6    (15-84 p)
con_amp                   15.6         -5.2          2.8    (15-84 p)

----- dataset:  Halphadata_expres
jitter_0              0.000084    -0.000051     0.000076    (15-84 p)
offset_0               0.17212     -0.00015      0.00019    (15-84 p)


----- dataset: Halphadata_expres         ----- model: gp_multidimensional           
rot_amp                 0.0000      -0.0012       0.0012    (15-84 p)
con_amp               -0.00033     -0.00024      0.00019    (15-84 p)

----- dataset:  Halphadata_harps
jitter_0               0.00055     -0.00021      0.00017    (15-84 p)
offset_0               0.17472     -0.00019      0.00016    (15-84 p)
offset_1               0.17388     -0.00031      0.00028    (15-84 p)


----- dataset: Halphadata_harps          ----- model: gp_multidimensional           
rot_amp                 0.0020      -0.0018       0.0018    (15-84 p)
con_amp                0.00016     -0.00024      0.00025    (15-84 p)

----- dataset:  Halphadata_neid
jitter_0              0.000088    -0.000055     0.000088    (15-84 p)
offset_0               0.17114     -0.00015      0.00014    (15-84 p)


----- dataset: Halphadata_neid           ----- model: gp_multidimensional           
rot_amp                 0.0000      -0.0013       0.0014    (15-84 p)
con_amp                0.00008     -0.00021      0.00024    (15-84 p)

----- dataset:  CaIIdata_expres
jitter_0               0.00151     -0.00070      0.00053    (15-84 p)
offset_0               0.10054     -0.00045      0.00042    (15-84 p)


----- dataset: CaIIdata_expres           ----- model: gp_multidimensional           
rot_amp                -0.0091      -0.0057       0.0045    (15-84 p)
con_amp                0.00011     -0.00070      0.00069    (15-84 p)

----- dataset:  CaIIdata_harps
jitter_0               0.00035     -0.00022      0.00036    (15-84 p)
offset_0               0.10457     -0.00043      0.00047    (15-84 p)
offset_1               0.10400     -0.00071      0.00083    (15-84 p)


----- dataset: CaIIdata_harps            ----- model: gp_multidimensional           
rot_amp                -0.0024      -0.0040       0.0040    (15-84 p)
con_amp               -0.00028     -0.00063      0.00063    (15-84 p)

----- dataset:  CaIIdata_neid
jitter_0               0.00021     -0.00013      0.00019    (15-84 p)
offset_0               0.09946     -0.00043      0.00041    (15-84 p)


----- dataset: CaIIdata_neid             ----- model: gp_multidimensional           
rot_amp                -0.0015      -0.0039       0.0036    (15-84 p)
con_amp                0.00006     -0.00065      0.00070    (15-84 p)

----- common model:  activity
Prot                     28.01        -0.45         0.42    (15-84 p)
Pdec                     31.35        -0.91          2.0    (15-84 p)
Oamp                     0.396       -0.034        0.035    (15-84 p)

----- common model:  star_parameters

====================================================================================================
     Statistics on the derived parameters obtained from the posteriors samples     
====================================================================================================


====================================================================================================
     ------------------------------------------------------------------------------------------     
====================================================================================================



30000.0   steps completed, average lnprob:,  -1377.934530698588


Computing the autocorrelation time of the chains

***** WARNING ******
The integrated autocorrelation time cannot be reliably estimated
likely the chains are too short, and ACF analysis is not fully reliable
emcee.autocorr.integrated_time tolerance lowered to 20
If you still get a warning, you should drop these results entirely
Chains too short to apply convergence criteria
They should be at least 2050*nthin = 307500

====================================================================================================
     Statistics on the posterior of the sampler parameters     
====================================================================================================

----- dataset:  RVdata_expres
jitter_0         3         0.967       -0.080        0.093   (15-84 p)   [    0.0010,    11.5000]
offset_0         4           3.1         -3.3          4.1   (15-84 p)   [-10006.2420, 10010.4100]

----- dataset: RVdata_expres             ----- model: gp_multidimensional           
rot_amp          5           4.6         -2.8          3.2   (15-84 p)   [    0.0000,    10.0000]
con_amp          6         -10.2         -4.5          2.9   (15-84 p)   [  -20.0000,    20.0000]

----- dataset:  RVdata_harps
jitter_0         7         1.379       -0.099         0.12   (15-84 p)   [    0.0009,    13.3000]
offset_0         8           3.4         -2.7          3.4   (15-84 p)   [-10005.4343, 10010.2475]
offset_1         9           4.1         -2.6          3.5   (15-84 p)   [-10005.4343, 10010.2475]

----- dataset: RVdata_harps              ----- model: gp_multidimensional           
rot_amp         10           2.8         -1.8          2.6   (15-84 p)   [    0.0000,    10.0000]
con_amp         11          -8.2         -3.7          2.3   (15-84 p)   [  -20.0000,    20.0000]

----- dataset:  RVdata_neid
jitter_0        12          1.29        -0.10         0.13   (15-84 p)   [    0.0010,    12.2000]
offset_0        13           3.9         -2.9          3.6   (15-84 p)   [-10005.9046, 10009.8774]

----- dataset: RVdata_neid               ----- model: gp_multidimensional           
rot_amp         14          0.95        -0.69          1.8   (15-84 p)   [    0.0000,    10.0000]
con_amp         15          -8.8         -3.9          2.5   (15-84 p)   [  -20.0000,    20.0000]

----- dataset:  BISdata_expres
jitter_0        16          1.80        -0.16         0.18   (15-84 p)   [    0.0095,    95.0000]
offset_0        17        -54.76        -0.45         0.61   (15-84 p)   [-10061.4500,  9948.9833]

----- dataset: BISdata_expres            ----- model: gp_multidimensional           
rot_amp         18           4.8         -2.9          3.0   (15-84 p)   [  -10.0000,    10.0000]
con_amp         19         -1.29        -0.79         0.56   (15-84 p)   [  -20.0000,    20.0000]

----- dataset:  BISdata_harps
jitter_0        20          1.56        -0.15         0.16   (15-84 p)   [    0.0095,    95.0000]
offset_0        21        -45.44        -0.34         0.29   (15-84 p)   [-10050.8667,  9968.4000]
offset_1        22        -35.90        -0.52         0.48   (15-84 p)   [-10050.8667,  9968.4000]

----- dataset: BISdata_harps             ----- model: gp_multidimensional           
rot_amp         23           6.7         -2.8          2.2   (15-84 p)   [  -10.0000,    10.0000]
con_amp         24          0.32        -0.45         0.54   (15-84 p)   [  -20.0000,    20.0000]

----- dataset:  BISdata_neid
jitter_0        25          1.32        -0.15         0.16   (15-84 p)   [    0.0095,    95.0000]
offset_0        26        -46.80        -0.29         0.24   (15-84 p)   [-10050.7833,  9957.4667]

----- dataset: BISdata_neid              ----- model: gp_multidimensional           
rot_amp         27           0.1         -2.8          2.8   (15-84 p)   [  -10.0000,    10.0000]
con_amp         28          0.28        -0.39         0.51   (15-84 p)   [  -20.0000,    20.0000]

----- dataset:  FWHMdata_expres
jitter_0        29          1.13        -0.73         0.87   (15-84 p)   [    0.0500,   500.0000]
offset_0        30        6776.2         -2.0          1.4   (15-84 p)   [-3233.0765, 16789.6022]

----- dataset: FWHMdata_expres           ----- model: gp_multidimensional           
rot_amp         31           2.0         -6.1          5.1   (15-84 p)   [  -10.0000,    10.0000]
con_amp         32           4.2         -1.5          2.3   (15-84 p)   [  -20.0000,    20.0000]

----- dataset:  FWHMdata_harps
jitter_0        33          0.44        -0.27         0.43   (15-84 p)   [    0.0500,   500.0000]
offset_0        34       6917.27        -0.76         0.80   (15-84 p)   [-3088.5511, 17176.1921]
offset_1        35        7171.5         -1.2          1.4   (15-84 p)   [-3088.5511, 17176.1921]

----- dataset: FWHMdata_harps            ----- model: gp_multidimensional           
rot_amp         36           4.0         -5.8          4.1   (15-84 p)   [  -10.0000,    10.0000]
con_amp         37          -0.5         -1.4          1.2   (15-84 p)   [  -20.0000,    20.0000]

----- dataset:  FWHMdata_neid
jitter_0        38          0.45        -0.28         0.47   (15-84 p)   [    0.0500,   500.0000]
offset_0        39       6956.96        -0.96         0.77   (15-84 p)   [-3049.2667, 16964.4316]

----- dataset: FWHMdata_neid             ----- model: gp_multidimensional           
rot_amp         40           1.5         -6.3          5.4   (15-84 p)   [  -10.0000,    10.0000]
con_amp         41           1.1         -1.3          1.5   (15-84 p)   [  -20.0000,    20.0000]

----- dataset:  Contrastdata_expres
jitter_0        42           184          -19           22   (15-84 p)   [    1.3000, 13000.0000]
offset_0        43       -349486          -24           23   (15-84 p)   [-359831.0100, -338852.3247]

----- dataset: Contrastdata_expres       ----- model: gp_multidimensional           
rot_amp         44          -0.0         -7.0          7.1   (15-84 p)   [  -10.0000,    10.0000]
con_amp         45          17.8         -4.1          1.6   (15-84 p)   [  -20.0000,    20.0000]

----- dataset:  Contrastdata_harps
jitter_0        46           125          -18           19   (15-84 p)   [    1.3000, 13000.0000]
offset_0        47       -453774          -22           22   (15-84 p)   [-464256.3172, -409348.3188]
offset_1        48       -419706          -35           36   (15-84 p)   [-464256.3172, -409348.3188]

----- dataset: Contrastdata_harps        ----- model: gp_multidimensional           
rot_amp         49          -0.3         -6.8          7.1   (15-84 p)   [  -10.0000,    10.0000]
con_amp         50        -18.74        -0.91          2.3   (15-84 p)   [  -20.0000,    20.0000]

----- dataset:  Contrastdata_neid
jitter_0        51            42          -27           27   (15-84 p)   [    1.3000, 13000.0000]
offset_0        52       -359601          -16           17   (15-84 p)   [-369967.1260, -349330.7806]

----- dataset: Contrastdata_neid         ----- model: gp_multidimensional           
rot_amp         53          -2.9         -5.1          8.3   (15-84 p)   [  -10.0000,    10.0000]
con_amp         54          13.1          -13          4.8   (15-84 p)   [  -20.0000,    20.0000]

----- dataset:  Halphadata_expres
jitter_0        55      0.000087    -0.000053     0.000079   (15-84 p)   [    0.0000,     0.1000]
offset_0        56       0.17213     -0.00017      0.00022   (15-84 p)   [-9999.8288, 10000.1728]

----- dataset: Halphadata_expres         ----- model: gp_multidimensional           
rot_amp         57        0.0000      -0.0014       0.0014   (15-84 p)   [  -10.0000,    10.0000]
con_amp         58      -0.00038     -0.00031      0.00023   (15-84 p)   [  -20.0000,    20.0000]

----- dataset:  Halphadata_harps
jitter_0        59       0.00056     -0.00021      0.00017   (15-84 p)   [    0.0000,     0.1000]
offset_0        60       0.17470     -0.00021      0.00017   (15-84 p)   [-9999.8279, 10000.1787]
offset_1        61       0.17387     -0.00034      0.00029   (15-84 p)   [-9999.8279, 10000.1787]

----- dataset: Halphadata_harps          ----- model: gp_multidimensional           
rot_amp         62        0.0021      -0.0020       0.0022   (15-84 p)   [  -10.0000,    10.0000]
con_amp         63       0.00020     -0.00028      0.00033   (15-84 p)   [  -20.0000,    20.0000]

----- dataset:  Halphadata_neid
jitter_0        64      0.000089    -0.000057     0.000093   (15-84 p)   [    0.0000,     0.1000]
offset_0        65       0.17113     -0.00016      0.00015   (15-84 p)   [-9999.8297, 10000.1722]

----- dataset: Halphadata_neid           ----- model: gp_multidimensional           
rot_amp         66        0.0000      -0.0015       0.0015   (15-84 p)   [  -10.0000,    10.0000]
con_amp         67       0.00011     -0.00026      0.00030   (15-84 p)   [  -20.0000,    20.0000]

----- dataset:  CaIIdata_expres
jitter_0        68       0.00146     -0.00069      0.00053   (15-84 p)   [    0.0000,     0.3000]
offset_0        69       0.10050     -0.00051      0.00044   (15-84 p)   [-9999.9071, 10000.1079]

----- dataset: CaIIdata_expres           ----- model: gp_multidimensional           
rot_amp         70       -0.0102      -0.0068       0.0053   (15-84 p)   [  -10.0000,    10.0000]
con_amp         71       0.00025     -0.00078      0.00092   (15-84 p)   [  -20.0000,    20.0000]

----- dataset:  CaIIdata_harps
jitter_0        72       0.00038     -0.00024      0.00038   (15-84 p)   [    0.0000,     0.3000]
offset_0        73       0.10454     -0.00045      0.00050   (15-84 p)   [-9999.9033, 10000.1089]
offset_1        74       0.10395     -0.00074      0.00083   (15-84 p)   [-9999.9033, 10000.1089]

----- dataset: CaIIdata_harps            ----- model: gp_multidimensional           
rot_amp         75       -0.0026      -0.0045       0.0045   (15-84 p)   [  -10.0000,    10.0000]
con_amp         76      -0.00028     -0.00073      0.00074   (15-84 p)   [  -20.0000,    20.0000]

----- dataset:  CaIIdata_neid
jitter_0        77       0.00022     -0.00013      0.00021   (15-84 p)   [    0.0000,     0.3000]
offset_0        78       0.09943     -0.00046      0.00046   (15-84 p)   [-9999.9014, 10000.1002]

----- dataset: CaIIdata_neid             ----- model: gp_multidimensional           
rot_amp         79       -0.0013      -0.0044       0.0042   (15-84 p)   [  -10.0000,    10.0000]
con_amp         80       0.00010     -0.00077      0.00084   (15-84 p)   [  -20.0000,    20.0000]

----- common model:  activity
Prot             0         28.00        -0.45         0.42   (15-84 p)   [   20.0000,    35.0000]
Pdec             1          33.5         -2.7           10   (15-84 p)   [   30.0000,  1000.0000]
Oamp             2         -1.32        -0.13         0.12   (15-84 p)   [   -6.6439,     0.0000]

----- common model:  star_parameters

====================================================================================================
     Statistics on the model parameters obtained from the posteriors samples     
====================================================================================================

----- dataset:  RVdata_expres
jitter_0                 0.967       -0.080        0.093    (15-84 p)
offset_0                   3.1         -3.3          4.1    (15-84 p)


----- dataset: RVdata_expres             ----- model: gp_multidimensional           
rot_amp                    4.6         -2.8          3.2    (15-84 p)
con_amp                  -10.2         -4.5          2.9    (15-84 p)

----- dataset:  RVdata_harps
jitter_0                 1.379       -0.099         0.12    (15-84 p)
offset_0                   3.4         -2.7          3.4    (15-84 p)
offset_1                   4.1         -2.6          3.5    (15-84 p)


----- dataset: RVdata_harps              ----- model: gp_multidimensional           
rot_amp                    2.8         -1.8          2.6    (15-84 p)
con_amp                   -8.2         -3.7          2.3    (15-84 p)

----- dataset:  RVdata_neid
jitter_0                  1.29        -0.10         0.13    (15-84 p)
offset_0                   3.9         -2.9          3.6    (15-84 p)


----- dataset: RVdata_neid               ----- model: gp_multidimensional           
rot_amp                   0.95        -0.69          1.8    (15-84 p)
con_amp                   -8.8         -3.9          2.5    (15-84 p)

----- dataset:  BISdata_expres
jitter_0                  1.80        -0.16         0.18    (15-84 p)
offset_0                -54.76        -0.45         0.61    (15-84 p)


----- dataset: BISdata_expres            ----- model: gp_multidimensional           
rot_amp                    4.8         -2.9          3.0    (15-84 p)
con_amp                  -1.29        -0.79         0.56    (15-84 p)

----- dataset:  BISdata_harps
jitter_0                  1.56        -0.15         0.16    (15-84 p)
offset_0                -45.44        -0.34         0.29    (15-84 p)
offset_1                -35.90        -0.52         0.48    (15-84 p)


----- dataset: BISdata_harps             ----- model: gp_multidimensional           
rot_amp                    6.7         -2.8          2.2    (15-84 p)
con_amp                   0.32        -0.45         0.54    (15-84 p)

----- dataset:  BISdata_neid
jitter_0                  1.32        -0.15         0.16    (15-84 p)
offset_0                -46.80        -0.29         0.24    (15-84 p)


----- dataset: BISdata_neid              ----- model: gp_multidimensional           
rot_amp                    0.1         -2.8          2.8    (15-84 p)
con_amp                   0.28        -0.39         0.51    (15-84 p)

----- dataset:  FWHMdata_expres
jitter_0                  1.13        -0.73         0.87    (15-84 p)
offset_0                6776.2         -2.0          1.4    (15-84 p)


----- dataset: FWHMdata_expres           ----- model: gp_multidimensional           
rot_amp                    2.0         -6.1          5.1    (15-84 p)
con_amp                    4.2         -1.5          2.3    (15-84 p)

----- dataset:  FWHMdata_harps
jitter_0                  0.44        -0.27         0.43    (15-84 p)
offset_0               6917.27        -0.76         0.80    (15-84 p)
offset_1                7171.5         -1.2          1.4    (15-84 p)


----- dataset: FWHMdata_harps            ----- model: gp_multidimensional           
rot_amp                    4.0         -5.8          4.1    (15-84 p)
con_amp                   -0.5         -1.4          1.2    (15-84 p)

----- dataset:  FWHMdata_neid
jitter_0                  0.45        -0.28         0.47    (15-84 p)
offset_0               6956.96        -0.96         0.77    (15-84 p)


----- dataset: FWHMdata_neid             ----- model: gp_multidimensional           
rot_amp                    1.5         -6.3          5.4    (15-84 p)
con_amp                    1.1         -1.3          1.5    (15-84 p)

----- dataset:  Contrastdata_expres
jitter_0                   184          -19           22    (15-84 p)
offset_0               -349486          -24           23    (15-84 p)


----- dataset: Contrastdata_expres       ----- model: gp_multidimensional           
rot_amp                   -0.0         -7.0          7.1    (15-84 p)
con_amp                   17.8         -4.1          1.6    (15-84 p)

----- dataset:  Contrastdata_harps
jitter_0                   125          -18           19    (15-84 p)
offset_0               -453774          -22           22    (15-84 p)
offset_1               -419706          -35           36    (15-84 p)


----- dataset: Contrastdata_harps        ----- model: gp_multidimensional           
rot_amp                   -0.3         -6.8          7.1    (15-84 p)
con_amp                 -18.74        -0.91          2.3    (15-84 p)

----- dataset:  Contrastdata_neid
jitter_0                    42          -27           27    (15-84 p)
offset_0               -359601          -16           17    (15-84 p)


----- dataset: Contrastdata_neid         ----- model: gp_multidimensional           
rot_amp                   -2.9         -5.1          8.3    (15-84 p)
con_amp                   13.1          -13          4.8    (15-84 p)

----- dataset:  Halphadata_expres
jitter_0              0.000087    -0.000053     0.000079    (15-84 p)
offset_0               0.17213     -0.00017      0.00022    (15-84 p)


----- dataset: Halphadata_expres         ----- model: gp_multidimensional           
rot_amp                 0.0000      -0.0014       0.0014    (15-84 p)
con_amp               -0.00038     -0.00031      0.00023    (15-84 p)

----- dataset:  Halphadata_harps
jitter_0               0.00056     -0.00021      0.00017    (15-84 p)
offset_0               0.17470     -0.00021      0.00017    (15-84 p)
offset_1               0.17387     -0.00034      0.00029    (15-84 p)


----- dataset: Halphadata_harps          ----- model: gp_multidimensional           
rot_amp                 0.0021      -0.0020       0.0022    (15-84 p)
con_amp                0.00020     -0.00028      0.00033    (15-84 p)

----- dataset:  Halphadata_neid
jitter_0              0.000089    -0.000057     0.000093    (15-84 p)
offset_0               0.17113     -0.00016      0.00015    (15-84 p)


----- dataset: Halphadata_neid           ----- model: gp_multidimensional           
rot_amp                 0.0000      -0.0015       0.0015    (15-84 p)
con_amp                0.00011     -0.00026      0.00030    (15-84 p)

----- dataset:  CaIIdata_expres
jitter_0               0.00146     -0.00069      0.00053    (15-84 p)
offset_0               0.10050     -0.00051      0.00044    (15-84 p)


----- dataset: CaIIdata_expres           ----- model: gp_multidimensional           
rot_amp                -0.0102      -0.0068       0.0053    (15-84 p)
con_amp                0.00025     -0.00078      0.00092    (15-84 p)

----- dataset:  CaIIdata_harps
jitter_0               0.00038     -0.00024      0.00038    (15-84 p)
offset_0               0.10454     -0.00045      0.00050    (15-84 p)
offset_1               0.10395     -0.00074      0.00083    (15-84 p)


----- dataset: CaIIdata_harps            ----- model: gp_multidimensional           
rot_amp                -0.0026      -0.0045       0.0045    (15-84 p)
con_amp               -0.00028     -0.00073      0.00074    (15-84 p)

----- dataset:  CaIIdata_neid
jitter_0               0.00022     -0.00013      0.00021    (15-84 p)
offset_0               0.09943     -0.00046      0.00046    (15-84 p)


----- dataset: CaIIdata_neid             ----- model: gp_multidimensional           
rot_amp                -0.0013      -0.0044       0.0042    (15-84 p)
con_amp                0.00010     -0.00077      0.00084    (15-84 p)

----- common model:  activity
Prot                     28.00        -0.45         0.42    (15-84 p)
Pdec                      33.5         -2.7           10    (15-84 p)
Oamp                     0.401       -0.035        0.035    (15-84 p)

----- common model:  star_parameters

====================================================================================================
     Statistics on the derived parameters obtained from the posteriors samples     
====================================================================================================


====================================================================================================
     ------------------------------------------------------------------------------------------     
====================================================================================================



45000.0   steps completed, average lnprob:,  -1381.3904976094627


Computing the autocorrelation time of the chains

***** WARNING ******
The integrated autocorrelation time cannot be reliably estimated
likely the chains are too short, and ACF analysis is not fully reliable
emcee.autocorr.integrated_time tolerance lowered to 20
If you still get a warning, you should drop these results entirely
Chains too short to apply convergence criteria
They should be at least 2750*nthin = 412500

====================================================================================================
     Statistics on the posterior of the sampler parameters     
====================================================================================================

----- dataset:  RVdata_expres
jitter_0         3         0.968       -0.079        0.092   (15-84 p)   [    0.0010,    11.5000]
offset_0         4           3.7         -3.8          5.0   (15-84 p)   [-10006.2420, 10010.4100]

----- dataset: RVdata_expres             ----- model: gp_multidimensional           
rot_amp          5           5.0         -2.9          3.2   (15-84 p)   [    0.0000,    10.0000]
con_amp          6         -12.2         -5.7          4.2   (15-84 p)   [  -20.0000,    20.0000]

----- dataset:  RVdata_harps
jitter_0         7         1.380       -0.098         0.11   (15-84 p)   [    0.0009,    13.3000]
offset_0         8           3.9         -3.1          4.1   (15-84 p)   [-10005.4343, 10010.2475]
offset_1         9           4.5         -3.1          4.1   (15-84 p)   [-10005.4343, 10010.2475]

----- dataset: RVdata_harps              ----- model: gp_multidimensional           
rot_amp         10           3.1         -2.0          2.9   (15-84 p)   [    0.0000,    10.0000]
con_amp         11          -9.8         -4.5          3.4   (15-84 p)   [  -20.0000,    20.0000]

----- dataset:  RVdata_neid
jitter_0        12          1.28        -0.10         0.12   (15-84 p)   [    0.0010,    12.2000]
offset_0        13           4.4         -3.3          4.3   (15-84 p)   [-10005.9046, 10009.8774]

----- dataset: RVdata_neid               ----- model: gp_multidimensional           
rot_amp         14           1.4         -1.0          2.7   (15-84 p)   [    0.0000,    10.0000]
con_amp         15         -10.4         -4.7          3.6   (15-84 p)   [  -20.0000,    20.0000]

----- dataset:  BISdata_expres
jitter_0        16          1.79        -0.16         0.18   (15-84 p)   [    0.0095,    95.0000]
offset_0        17        -54.70        -0.51         0.75   (15-84 p)   [-10061.4500,  9948.9833]

----- dataset: BISdata_expres            ----- model: gp_multidimensional           
rot_amp         18           5.2         -3.2          3.0   (15-84 p)   [  -10.0000,    10.0000]
con_amp         19         -1.51        -0.94         0.69   (15-84 p)   [  -20.0000,    20.0000]

----- dataset:  BISdata_harps
jitter_0        20          1.56        -0.15         0.16   (15-84 p)   [    0.0095,    95.0000]
offset_0        21        -45.45        -0.37         0.30   (15-84 p)   [-10050.8667,  9968.4000]
offset_1        22        -35.91        -0.56         0.49   (15-84 p)   [-10050.8667,  9968.4000]

----- dataset: BISdata_harps             ----- model: gp_multidimensional           
rot_amp         23           6.8         -3.0          2.2   (15-84 p)   [  -10.0000,    10.0000]
con_amp         24          0.36        -0.51         0.61   (15-84 p)   [  -20.0000,    20.0000]

----- dataset:  BISdata_neid
jitter_0        25          1.32        -0.15         0.16   (15-84 p)   [    0.0095,    95.0000]
offset_0        26        -46.81        -0.32         0.26   (15-84 p)   [-10050.7833,  9957.4667]

----- dataset: BISdata_neid              ----- model: gp_multidimensional           
rot_amp         27           0.1         -3.1          3.0   (15-84 p)   [  -10.0000,    10.0000]
con_amp         28          0.33        -0.45         0.59   (15-84 p)   [  -20.0000,    20.0000]

----- dataset:  FWHMdata_expres
jitter_0        29          1.08        -0.71         0.88   (15-84 p)   [    0.0500,   500.0000]
offset_0        30        6776.0         -2.4          1.6   (15-84 p)   [-3233.0765, 16789.6022]

----- dataset: FWHMdata_expres           ----- model: gp_multidimensional           
rot_amp         31           1.9         -6.4          5.3   (15-84 p)   [  -10.0000,    10.0000]
con_amp         32           4.9         -1.9          2.9   (15-84 p)   [  -20.0000,    20.0000]

----- dataset:  FWHMdata_harps
jitter_0        33          0.44        -0.27         0.44   (15-84 p)   [    0.0500,   500.0000]
offset_0        34       6917.30        -0.79         0.86   (15-84 p)   [-3088.5511, 17176.1921]
offset_1        35        7171.6         -1.2          1.4   (15-84 p)   [-3088.5511, 17176.1921]

----- dataset: FWHMdata_harps            ----- model: gp_multidimensional           
rot_amp         36           3.8         -6.2          4.3   (15-84 p)   [  -10.0000,    10.0000]
con_amp         37          -0.5         -1.6          1.4   (15-84 p)   [  -20.0000,    20.0000]

----- dataset:  FWHMdata_neid
jitter_0        38          0.46        -0.30         0.48   (15-84 p)   [    0.0500,   500.0000]
offset_0        39       6956.93         -1.1         0.81   (15-84 p)   [-3049.2667, 16964.4316]

----- dataset: FWHMdata_neid             ----- model: gp_multidimensional           
rot_amp         40           1.1         -6.3          5.6   (15-84 p)   [  -10.0000,    10.0000]
con_amp         41           1.2         -1.5          1.8   (15-84 p)   [  -20.0000,    20.0000]

----- dataset:  Contrastdata_expres
jitter_0        42           186          -19           20   (15-84 p)   [    1.3000, 13000.0000]
offset_0        43       -349485          -23           23   (15-84 p)   [-359831.0100, -338852.3247]

----- dataset: Contrastdata_expres       ----- model: gp_multidimensional           
rot_amp         44          -0.5         -6.7          7.3   (15-84 p)   [  -10.0000,    10.0000]
con_amp         45          16.8         -7.2          2.4   (15-84 p)   [  -20.0000,    20.0000]

----- dataset:  Contrastdata_harps
jitter_0        46           125          -18           19   (15-84 p)   [    1.3000, 13000.0000]
offset_0        47       -453774          -22           22   (15-84 p)   [-464256.3172, -409348.3188]
offset_1        48       -419704          -35           35   (15-84 p)   [-464256.3172, -409348.3188]

----- dataset: Contrastdata_harps        ----- model: gp_multidimensional           
rot_amp         49          -0.2         -6.8          7.1   (15-84 p)   [  -10.0000,    10.0000]
con_amp         50         -18.1         -1.4          4.3   (15-84 p)   [  -20.0000,    20.0000]

----- dataset:  Contrastdata_neid
jitter_0        51            43          -27           27   (15-84 p)   [    1.3000, 13000.0000]
offset_0        52       -359600          -16           17   (15-84 p)   [-369967.1260, -349330.7806]

----- dataset: Contrastdata_neid         ----- model: gp_multidimensional           
rot_amp         53          -2.0         -5.7          8.0   (15-84 p)   [  -10.0000,    10.0000]
con_amp         54          11.0          -16          6.6   (15-84 p)   [  -20.0000,    20.0000]

----- dataset:  Halphadata_expres
jitter_0        55      0.000086    -0.000052     0.000078   (15-84 p)   [    0.0000,     0.1000]
offset_0        56       0.17214     -0.00018      0.00025   (15-84 p)   [-9999.8288, 10000.1728]

----- dataset: Halphadata_expres         ----- model: gp_multidimensional           
rot_amp         57        0.0000      -0.0015       0.0016   (15-84 p)   [  -10.0000,    10.0000]
con_amp         58      -0.00043     -0.00036      0.00027   (15-84 p)   [  -20.0000,    20.0000]

----- dataset:  Halphadata_harps
jitter_0        59       0.00057     -0.00020      0.00017   (15-84 p)   [    0.0000,     0.1000]
offset_0        60       0.17469     -0.00024      0.00019   (15-84 p)   [-9999.8279, 10000.1787]
offset_1        61       0.17387     -0.00036      0.00031   (15-84 p)   [-9999.8279, 10000.1787]

----- dataset: Halphadata_harps          ----- model: gp_multidimensional           
rot_amp         62        0.0024      -0.0022       0.0026   (15-84 p)   [  -10.0000,    10.0000]
con_amp         63       0.00022     -0.00032      0.00039   (15-84 p)   [  -20.0000,    20.0000]

----- dataset:  Halphadata_neid
jitter_0        64      0.000090    -0.000057     0.000094   (15-84 p)   [    0.0000,     0.1000]
offset_0        65       0.17112     -0.00018      0.00016   (15-84 p)   [-9999.8297, 10000.1722]

----- dataset: Halphadata_neid           ----- model: gp_multidimensional           
rot_amp         66       -0.0000      -0.0018       0.0017   (15-84 p)   [  -10.0000,    10.0000]
con_amp         67       0.00012     -0.00029      0.00035   (15-84 p)   [  -20.0000,    20.0000]

----- dataset:  CaIIdata_expres
jitter_0        68       0.00145     -0.00069      0.00053   (15-84 p)   [    0.0000,     0.3000]
offset_0        69       0.10049     -0.00055      0.00047   (15-84 p)   [-9999.9071, 10000.1079]

----- dataset: CaIIdata_expres           ----- model: gp_multidimensional           
rot_amp         70       -0.0116      -0.0079       0.0060   (15-84 p)   [  -10.0000,    10.0000]
con_amp         71       0.00032     -0.00087       0.0011   (15-84 p)   [  -20.0000,    20.0000]

----- dataset:  CaIIdata_harps
jitter_0        72       0.00039     -0.00025      0.00037   (15-84 p)   [    0.0000,     0.3000]
offset_0        73       0.10455     -0.00048      0.00055   (15-84 p)   [-9999.9033, 10000.1089]
offset_1        74       0.10392     -0.00077      0.00084   (15-84 p)   [-9999.9033, 10000.1089]

----- dataset: CaIIdata_harps            ----- model: gp_multidimensional           
rot_amp         75       -0.0026      -0.0050       0.0050   (15-84 p)   [  -10.0000,    10.0000]
con_amp         76      -0.00030     -0.00089      0.00086   (15-84 p)   [  -20.0000,    20.0000]

----- dataset:  CaIIdata_neid
jitter_0        77       0.00023     -0.00014      0.00022   (15-84 p)   [    0.0000,     0.3000]
offset_0        78       0.09942     -0.00050      0.00049   (15-84 p)   [-9999.9014, 10000.1002]

----- dataset: CaIIdata_neid             ----- model: gp_multidimensional           
rot_amp         79       -0.0013      -0.0051       0.0047   (15-84 p)   [  -10.0000,    10.0000]
con_amp         80       0.00015     -0.00089      0.00099   (15-84 p)   [  -20.0000,    20.0000]

----- common model:  activity
Prot             0         28.02        -0.43         0.40   (15-84 p)   [   20.0000,    35.0000]
Pdec             1          39.0         -7.9           21   (15-84 p)   [   30.0000,  1000.0000]
Oamp             2         -1.33        -0.13         0.12   (15-84 p)   [   -6.6439,     0.0000]

----- common model:  star_parameters

====================================================================================================
     Statistics on the model parameters obtained from the posteriors samples     
====================================================================================================

----- dataset:  RVdata_expres
jitter_0                 0.968       -0.079        0.092    (15-84 p)
offset_0                   3.7         -3.8          5.0    (15-84 p)


----- dataset: RVdata_expres             ----- model: gp_multidimensional           
rot_amp                    5.0         -2.9          3.2    (15-84 p)
con_amp                  -12.2         -5.7          4.2    (15-84 p)

----- dataset:  RVdata_harps
jitter_0                 1.380       -0.098         0.11    (15-84 p)
offset_0                   3.9         -3.1          4.1    (15-84 p)
offset_1                   4.5         -3.1          4.1    (15-84 p)


----- dataset: RVdata_harps              ----- model: gp_multidimensional           
rot_amp                    3.1         -2.0          2.9    (15-84 p)
con_amp                   -9.8         -4.5          3.4    (15-84 p)

----- dataset:  RVdata_neid
jitter_0                  1.28        -0.10         0.12    (15-84 p)
offset_0                   4.4         -3.3          4.3    (15-84 p)


----- dataset: RVdata_neid               ----- model: gp_multidimensional           
rot_amp                    1.4         -1.0          2.7    (15-84 p)
con_amp                  -10.4         -4.7          3.6    (15-84 p)

----- dataset:  BISdata_expres
jitter_0                  1.79        -0.16         0.18    (15-84 p)
offset_0                -54.70        -0.51         0.75    (15-84 p)


----- dataset: BISdata_expres            ----- model: gp_multidimensional           
rot_amp                    5.2         -3.2          3.0    (15-84 p)
con_amp                  -1.51        -0.94         0.69    (15-84 p)

----- dataset:  BISdata_harps
jitter_0                  1.56        -0.15         0.16    (15-84 p)
offset_0                -45.45        -0.37         0.30    (15-84 p)
offset_1                -35.91        -0.56         0.49    (15-84 p)


----- dataset: BISdata_harps             ----- model: gp_multidimensional           
rot_amp                    6.8         -3.0          2.2    (15-84 p)
con_amp                   0.36        -0.51         0.61    (15-84 p)

----- dataset:  BISdata_neid
jitter_0                  1.32        -0.15         0.16    (15-84 p)
offset_0                -46.81        -0.32         0.26    (15-84 p)


----- dataset: BISdata_neid              ----- model: gp_multidimensional           
rot_amp                    0.1         -3.1          3.0    (15-84 p)
con_amp                   0.33        -0.45         0.59    (15-84 p)

----- dataset:  FWHMdata_expres
jitter_0                  1.08        -0.71         0.88    (15-84 p)
offset_0                6776.0         -2.4          1.6    (15-84 p)


----- dataset: FWHMdata_expres           ----- model: gp_multidimensional           
rot_amp                    1.9         -6.4          5.3    (15-84 p)
con_amp                    4.9         -1.9          2.9    (15-84 p)

----- dataset:  FWHMdata_harps
jitter_0                  0.44        -0.27         0.44    (15-84 p)
offset_0               6917.30        -0.79         0.86    (15-84 p)
offset_1                7171.6         -1.2          1.4    (15-84 p)


----- dataset: FWHMdata_harps            ----- model: gp_multidimensional           
rot_amp                    3.8         -6.2          4.3    (15-84 p)
con_amp                   -0.5         -1.6          1.4    (15-84 p)

----- dataset:  FWHMdata_neid
jitter_0                  0.46        -0.30         0.48    (15-84 p)
offset_0               6956.93         -1.1         0.81    (15-84 p)


----- dataset: FWHMdata_neid             ----- model: gp_multidimensional           
rot_amp                    1.1         -6.3          5.6    (15-84 p)
con_amp                    1.2         -1.5          1.8    (15-84 p)

----- dataset:  Contrastdata_expres
jitter_0                   186          -19           20    (15-84 p)
offset_0               -349485          -23           23    (15-84 p)


----- dataset: Contrastdata_expres       ----- model: gp_multidimensional           
rot_amp                   -0.5         -6.7          7.3    (15-84 p)
con_amp                   16.8         -7.2          2.4    (15-84 p)

----- dataset:  Contrastdata_harps
jitter_0                   125          -18           19    (15-84 p)
offset_0               -453774          -22           22    (15-84 p)
offset_1               -419704          -35           35    (15-84 p)


----- dataset: Contrastdata_harps        ----- model: gp_multidimensional           
rot_amp                   -0.2         -6.8          7.1    (15-84 p)
con_amp                  -18.1         -1.4          4.3    (15-84 p)

----- dataset:  Contrastdata_neid
jitter_0                    43          -27           27    (15-84 p)
offset_0               -359600          -16           17    (15-84 p)


----- dataset: Contrastdata_neid         ----- model: gp_multidimensional           
rot_amp                   -2.0         -5.7          8.0    (15-84 p)
con_amp                   11.0          -16          6.6    (15-84 p)

----- dataset:  Halphadata_expres
jitter_0              0.000086    -0.000052     0.000078    (15-84 p)
offset_0               0.17214     -0.00018      0.00025    (15-84 p)


----- dataset: Halphadata_expres         ----- model: gp_multidimensional           
rot_amp                 0.0000      -0.0015       0.0016    (15-84 p)
con_amp               -0.00043     -0.00036      0.00027    (15-84 p)

----- dataset:  Halphadata_harps
jitter_0               0.00057     -0.00020      0.00017    (15-84 p)
offset_0               0.17469     -0.00024      0.00019    (15-84 p)
offset_1               0.17387     -0.00036      0.00031    (15-84 p)


----- dataset: Halphadata_harps          ----- model: gp_multidimensional           
rot_amp                 0.0024      -0.0022       0.0026    (15-84 p)
con_amp                0.00022     -0.00032      0.00039    (15-84 p)

----- dataset:  Halphadata_neid
jitter_0              0.000090    -0.000057     0.000094    (15-84 p)
offset_0               0.17112     -0.00018      0.00016    (15-84 p)


----- dataset: Halphadata_neid           ----- model: gp_multidimensional           
rot_amp                -0.0000      -0.0018       0.0017    (15-84 p)
con_amp                0.00012     -0.00029      0.00035    (15-84 p)

----- dataset:  CaIIdata_expres
jitter_0               0.00145     -0.00069      0.00053    (15-84 p)
offset_0               0.10049     -0.00055      0.00047    (15-84 p)


----- dataset: CaIIdata_expres           ----- model: gp_multidimensional           
rot_amp                -0.0116      -0.0079       0.0060    (15-84 p)
con_amp                0.00032     -0.00087       0.0011    (15-84 p)

----- dataset:  CaIIdata_harps
jitter_0               0.00039     -0.00025      0.00037    (15-84 p)
offset_0               0.10455     -0.00048      0.00055    (15-84 p)
offset_1               0.10392     -0.00077      0.00084    (15-84 p)


----- dataset: CaIIdata_harps            ----- model: gp_multidimensional           
rot_amp                -0.0026      -0.0050       0.0050    (15-84 p)
con_amp               -0.00030     -0.00089      0.00086    (15-84 p)

----- dataset:  CaIIdata_neid
jitter_0               0.00023     -0.00014      0.00022    (15-84 p)
offset_0               0.09942     -0.00050      0.00049    (15-84 p)


----- dataset: CaIIdata_neid             ----- model: gp_multidimensional           
rot_amp                -0.0013      -0.0051       0.0047    (15-84 p)
con_amp                0.00015     -0.00089      0.00099    (15-84 p)

----- common model:  activity
Prot                     28.02        -0.43         0.40    (15-84 p)
Pdec                      39.0         -7.9           21    (15-84 p)
Oamp                     0.399       -0.034        0.034    (15-84 p)

----- common model:  star_parameters

====================================================================================================
     Statistics on the derived parameters obtained from the posteriors samples     
====================================================================================================


====================================================================================================
     ------------------------------------------------------------------------------------------     
====================================================================================================



60000.0   steps completed, average lnprob:,  -1381.6394225625431


emcee completed


:::---::: PyORBIT v11.0.1 :::---:::

Python version in use:
3.10.18 (main, Jun  5 2025, 13:14:17) [GCC 11.2.0]
LaTeX disabled by default

gp_multidimensional  S+LEAF model, number of harmonics: 4

GP model: gp_multidimensional  hyperparameters_condition:    True
GP model: gp_multidimensional  rotation_decay_condition:     True

### PyORBIT version used in the analysis:  11.0.1

 emcee version:  3.1.6

 Reference Time Tref: 59334.700184

 Data points:1926
 Dimensions: 81
 Nwalkers:   324
 Steps:      60000


Number of samplings: 97200

Recomputing ln-prior, it may take a while...

ln-probability   distribution:  -1379.39       -8.21      8.49 (15-84 p) 
ln-prior         distribution:   -421.85       -1.91      1.01 (15-84 p) 
ln-likelihood    distribution:   -957.05       -8.18      8.37 (15-84 p) 


*** Information criteria using the likelihood distribution

 BIC from distribution  (using likelihood)  =   2526.72    -16.75   16.37 (15-84 p)
 AIC from distribution  (using likelihood)  =   2076.11    -16.75   16.37 (15-84 p)
 AICc from distribution (using likelihood)  =   2083.31    -16.75   16.37 (15-84 p)


*** Information criteria using the median parameter set

 ln_probability of Median solution =  -1345.41
 ln_priors of Median solution      =   -421.45
 ln_likelihood of Median solution  =   -923.96

 Median BIC  (using likelihood) =   2460.55
 Median AIC  (using likelihood) =   2009.93
 Median AICc (using likelihood) =   2017.13


*** Information criteria using the MAP parameter set

 ln_probability of MAP solution =  -1327.00
 ln_priors of MAP solution      =   -420.57
 ln_likelihood of MAP solution  =   -906.43

 MAP BIC  (using likelihood)    =   2425.48
 MAP AIC  (using likelihood)    =   1974.86
 MAP AICc (using likelihood)    =   1982.07

 AICc suggested over AIC because NDATA ( 1926 ) < 40 * NDIM ( 81 )

****************************************************************************************************


Computing the autocorrelation time of the chains

***** WARNING ******
The integrated autocorrelation time cannot be reliably estimated
likely the chains are too short, and ACF analysis is not fully reliable
emcee.autocorr.integrated_time tolerance lowered to 20
If you still get a warning, you should drop these results entirely
Chains too short to apply convergence criteria
They should be at least 2750*nthin = 412500

 ACF computation failed, no plot will be generated 


====================================================================================================
     Ids, spaces (s), boundaries (b) and priors (p) of the sampler parameters     
====================================================================================================

----- dataset:  RVdata_expres
jitter_0      id:   3  s:Linear      b:[      0.0010,      11.5000]   p:Uniform   []
offset_0      id:   4  s:Linear      b:[ -10006.2420,   10010.4100]   p:Uniform   []

----- dataset: RVdata_expres             ----- model: gp_multidimensional           
rot_amp       id:   5  s:Linear      b:[      0.0000,      10.0000]   p:Uniform   []
con_amp       id:   6  s:Linear      b:[    -20.0000,      20.0000]   p:Uniform   []

----- dataset:  RVdata_harps
jitter_0      id:   7  s:Linear      b:[      0.0009,      13.3000]   p:Uniform   []
offset_0      id:   8  s:Linear      b:[ -10005.4343,   10010.2475]   p:Uniform   []
offset_1      id:   9  s:Linear      b:[ -10005.4343,   10010.2475]   p:Uniform   []

----- dataset: RVdata_harps              ----- model: gp_multidimensional           
rot_amp       id:  10  s:Linear      b:[      0.0000,      10.0000]   p:Uniform   []
con_amp       id:  11  s:Linear      b:[    -20.0000,      20.0000]   p:Uniform   []

----- dataset:  RVdata_neid
jitter_0      id:  12  s:Linear      b:[      0.0010,      12.2000]   p:Uniform   []
offset_0      id:  13  s:Linear      b:[ -10005.9046,   10009.8774]   p:Uniform   []

----- dataset: RVdata_neid               ----- model: gp_multidimensional           
rot_amp       id:  14  s:Linear      b:[      0.0000,      10.0000]   p:Uniform   []
con_amp       id:  15  s:Linear      b:[    -20.0000,      20.0000]   p:Uniform   []

----- dataset:  BISdata_expres
jitter_0      id:  16  s:Linear      b:[      0.0095,      95.0000]   p:Uniform   []
offset_0      id:  17  s:Linear      b:[ -10061.4500,    9948.9833]   p:Uniform   []

----- dataset: BISdata_expres            ----- model: gp_multidimensional           
rot_amp       id:  18  s:Linear      b:[    -10.0000,      10.0000]   p:Uniform   []
con_amp       id:  19  s:Linear      b:[    -20.0000,      20.0000]   p:Uniform   []

----- dataset:  BISdata_harps
jitter_0      id:  20  s:Linear      b:[      0.0095,      95.0000]   p:Uniform   []
offset_0      id:  21  s:Linear      b:[ -10050.8667,    9968.4000]   p:Uniform   []
offset_1      id:  22  s:Linear      b:[ -10050.8667,    9968.4000]   p:Uniform   []

----- dataset: BISdata_harps             ----- model: gp_multidimensional           
rot_amp       id:  23  s:Linear      b:[    -10.0000,      10.0000]   p:Uniform   []
con_amp       id:  24  s:Linear      b:[    -20.0000,      20.0000]   p:Uniform   []

----- dataset:  BISdata_neid
jitter_0      id:  25  s:Linear      b:[      0.0095,      95.0000]   p:Uniform   []
offset_0      id:  26  s:Linear      b:[ -10050.7833,    9957.4667]   p:Uniform   []

----- dataset: BISdata_neid              ----- model: gp_multidimensional           
rot_amp       id:  27  s:Linear      b:[    -10.0000,      10.0000]   p:Uniform   []
con_amp       id:  28  s:Linear      b:[    -20.0000,      20.0000]   p:Uniform   []

----- dataset:  FWHMdata_expres
jitter_0      id:  29  s:Linear      b:[      0.0500,     500.0000]   p:Uniform   []
offset_0      id:  30  s:Linear      b:[  -3233.0765,   16789.6022]   p:Uniform   []

----- dataset: FWHMdata_expres           ----- model: gp_multidimensional           
rot_amp       id:  31  s:Linear      b:[    -10.0000,      10.0000]   p:Uniform   []
con_amp       id:  32  s:Linear      b:[    -20.0000,      20.0000]   p:Uniform   []

----- dataset:  FWHMdata_harps
jitter_0      id:  33  s:Linear      b:[      0.0500,     500.0000]   p:Uniform   []
offset_0      id:  34  s:Linear      b:[  -3088.5511,   17176.1921]   p:Uniform   []
offset_1      id:  35  s:Linear      b:[  -3088.5511,   17176.1921]   p:Uniform   []

----- dataset: FWHMdata_harps            ----- model: gp_multidimensional           
rot_amp       id:  36  s:Linear      b:[    -10.0000,      10.0000]   p:Uniform   []
con_amp       id:  37  s:Linear      b:[    -20.0000,      20.0000]   p:Uniform   []

----- dataset:  FWHMdata_neid
jitter_0      id:  38  s:Linear      b:[      0.0500,     500.0000]   p:Uniform   []
offset_0      id:  39  s:Linear      b:[  -3049.2667,   16964.4316]   p:Uniform   []

----- dataset: FWHMdata_neid             ----- model: gp_multidimensional           
rot_amp       id:  40  s:Linear      b:[    -10.0000,      10.0000]   p:Uniform   []
con_amp       id:  41  s:Linear      b:[    -20.0000,      20.0000]   p:Uniform   []

----- dataset:  Contrastdata_expres
jitter_0      id:  42  s:Linear      b:[      1.3000,   13000.0000]   p:Uniform   []
offset_0      id:  43  s:Linear      b:[-359831.0100, -338852.3247]   p:Uniform   []

----- dataset: Contrastdata_expres       ----- model: gp_multidimensional           
rot_amp       id:  44  s:Linear      b:[    -10.0000,      10.0000]   p:Uniform   []
con_amp       id:  45  s:Linear      b:[    -20.0000,      20.0000]   p:Uniform   []

----- dataset:  Contrastdata_harps
jitter_0      id:  46  s:Linear      b:[      1.3000,   13000.0000]   p:Uniform   []
offset_0      id:  47  s:Linear      b:[-464256.3172, -409348.3188]   p:Uniform   []
offset_1      id:  48  s:Linear      b:[-464256.3172, -409348.3188]   p:Uniform   []

----- dataset: Contrastdata_harps        ----- model: gp_multidimensional           
rot_amp       id:  49  s:Linear      b:[    -10.0000,      10.0000]   p:Uniform   []
con_amp       id:  50  s:Linear      b:[    -20.0000,      20.0000]   p:Uniform   []

----- dataset:  Contrastdata_neid
jitter_0      id:  51  s:Linear      b:[      1.3000,   13000.0000]   p:Uniform   []
offset_0      id:  52  s:Linear      b:[-369967.1260, -349330.7806]   p:Uniform   []

----- dataset: Contrastdata_neid         ----- model: gp_multidimensional           
rot_amp       id:  53  s:Linear      b:[    -10.0000,      10.0000]   p:Uniform   []
con_amp       id:  54  s:Linear      b:[    -20.0000,      20.0000]   p:Uniform   []

----- dataset:  Halphadata_expres
jitter_0      id:  55  s:Linear      b:[      0.0000,       0.1000]   p:Uniform   []
offset_0      id:  56  s:Linear      b:[  -9999.8288,   10000.1728]   p:Uniform   []

----- dataset: Halphadata_expres         ----- model: gp_multidimensional           
rot_amp       id:  57  s:Linear      b:[    -10.0000,      10.0000]   p:Uniform   []
con_amp       id:  58  s:Linear      b:[    -20.0000,      20.0000]   p:Uniform   []

----- dataset:  Halphadata_harps
jitter_0      id:  59  s:Linear      b:[      0.0000,       0.1000]   p:Uniform   []
offset_0      id:  60  s:Linear      b:[  -9999.8279,   10000.1787]   p:Uniform   []
offset_1      id:  61  s:Linear      b:[  -9999.8279,   10000.1787]   p:Uniform   []

----- dataset: Halphadata_harps          ----- model: gp_multidimensional           
rot_amp       id:  62  s:Linear      b:[    -10.0000,      10.0000]   p:Uniform   []
con_amp       id:  63  s:Linear      b:[    -20.0000,      20.0000]   p:Uniform   []

----- dataset:  Halphadata_neid
jitter_0      id:  64  s:Linear      b:[      0.0000,       0.1000]   p:Uniform   []
offset_0      id:  65  s:Linear      b:[  -9999.8297,   10000.1722]   p:Uniform   []

----- dataset: Halphadata_neid           ----- model: gp_multidimensional           
rot_amp       id:  66  s:Linear      b:[    -10.0000,      10.0000]   p:Uniform   []
con_amp       id:  67  s:Linear      b:[    -20.0000,      20.0000]   p:Uniform   []

----- dataset:  CaIIdata_expres
jitter_0      id:  68  s:Linear      b:[      0.0000,       0.3000]   p:Uniform   []
offset_0      id:  69  s:Linear      b:[  -9999.9071,   10000.1079]   p:Uniform   []

----- dataset: CaIIdata_expres           ----- model: gp_multidimensional           
rot_amp       id:  70  s:Linear      b:[    -10.0000,      10.0000]   p:Uniform   []
con_amp       id:  71  s:Linear      b:[    -20.0000,      20.0000]   p:Uniform   []

----- dataset:  CaIIdata_harps
jitter_0      id:  72  s:Linear      b:[      0.0000,       0.3000]   p:Uniform   []
offset_0      id:  73  s:Linear      b:[  -9999.9033,   10000.1089]   p:Uniform   []
offset_1      id:  74  s:Linear      b:[  -9999.9033,   10000.1089]   p:Uniform   []

----- dataset: CaIIdata_harps            ----- model: gp_multidimensional           
rot_amp       id:  75  s:Linear      b:[    -10.0000,      10.0000]   p:Uniform   []
con_amp       id:  76  s:Linear      b:[    -20.0000,      20.0000]   p:Uniform   []

----- dataset:  CaIIdata_neid
jitter_0      id:  77  s:Linear      b:[      0.0000,       0.3000]   p:Uniform   []
offset_0      id:  78  s:Linear      b:[  -9999.9014,   10000.1002]   p:Uniform   []

----- dataset: CaIIdata_neid             ----- model: gp_multidimensional           
rot_amp       id:  79  s:Linear      b:[    -10.0000,      10.0000]   p:Uniform   []
con_amp       id:  80  s:Linear      b:[    -20.0000,      20.0000]   p:Uniform   []

----- common model:  activity
Prot          id:   0  s:Linear      b:[     20.0000,      35.0000]   p:Gaussian   [28.   0.5]
Pdec          id:   1  s:Linear      b:[     30.0000,    1000.0000]   p:Uniform   []
Oamp          id:   2  s:Log_Base2   b:[     -6.6439,       0.0000]   p:Gaussian   [0.35  0.035]

----- common model:  star_parameters
mass          derived (no id, space, bound)                           p:Gaussian   [1.e+00 1.e-06]
radius        derived (no id, space, bound)                           p:Gaussian   [1.e+00 1.e-06]
density       derived (no id, space, bound)                           p:Gaussian   [1.e+00 1.e-06]


****************************************************************************************************
****************************************************************************************************

 Confidence intervals (median value, 34.135th percentile from the median on the left and right side)

====================================================================================================
     Statistics on the posterior of the sampler parameters     
====================================================================================================

----- dataset:  RVdata_expres
jitter_0         3         0.968       -0.079        0.092   (15-84 p)   [    0.0010,    11.5000]
offset_0         4           3.7         -3.8          5.0   (15-84 p)   [-10006.2420, 10010.4100]

----- dataset: RVdata_expres             ----- model: gp_multidimensional           
rot_amp          5           5.0         -2.9          3.2   (15-84 p)   [    0.0000,    10.0000]
con_amp          6         -12.2         -5.7          4.2   (15-84 p)   [  -20.0000,    20.0000]

----- dataset:  RVdata_harps
jitter_0         7         1.380       -0.098         0.11   (15-84 p)   [    0.0009,    13.3000]
offset_0         8           3.9         -3.1          4.1   (15-84 p)   [-10005.4343, 10010.2475]
offset_1         9           4.5         -3.1          4.1   (15-84 p)   [-10005.4343, 10010.2475]

----- dataset: RVdata_harps              ----- model: gp_multidimensional           
rot_amp         10           3.1         -2.0          2.9   (15-84 p)   [    0.0000,    10.0000]
con_amp         11          -9.8         -4.5          3.4   (15-84 p)   [  -20.0000,    20.0000]

----- dataset:  RVdata_neid
jitter_0        12          1.28        -0.10         0.12   (15-84 p)   [    0.0010,    12.2000]
offset_0        13           4.4         -3.3          4.3   (15-84 p)   [-10005.9046, 10009.8774]

----- dataset: RVdata_neid               ----- model: gp_multidimensional           
rot_amp         14           1.4         -1.0          2.7   (15-84 p)   [    0.0000,    10.0000]
con_amp         15         -10.4         -4.7          3.6   (15-84 p)   [  -20.0000,    20.0000]

----- dataset:  BISdata_expres
jitter_0        16          1.79        -0.16         0.18   (15-84 p)   [    0.0095,    95.0000]
offset_0        17        -54.70        -0.51         0.75   (15-84 p)   [-10061.4500,  9948.9833]

----- dataset: BISdata_expres            ----- model: gp_multidimensional           
rot_amp         18           5.2         -3.2          3.0   (15-84 p)   [  -10.0000,    10.0000]
con_amp         19         -1.51        -0.94         0.69   (15-84 p)   [  -20.0000,    20.0000]

----- dataset:  BISdata_harps
jitter_0        20          1.56        -0.15         0.16   (15-84 p)   [    0.0095,    95.0000]
offset_0        21        -45.45        -0.37         0.30   (15-84 p)   [-10050.8667,  9968.4000]
offset_1        22        -35.91        -0.56         0.49   (15-84 p)   [-10050.8667,  9968.4000]

----- dataset: BISdata_harps             ----- model: gp_multidimensional           
rot_amp         23           6.8         -3.0          2.2   (15-84 p)   [  -10.0000,    10.0000]
con_amp         24          0.36        -0.51         0.61   (15-84 p)   [  -20.0000,    20.0000]

----- dataset:  BISdata_neid
jitter_0        25          1.32        -0.15         0.16   (15-84 p)   [    0.0095,    95.0000]
offset_0        26        -46.81        -0.32         0.26   (15-84 p)   [-10050.7833,  9957.4667]

----- dataset: BISdata_neid              ----- model: gp_multidimensional           
rot_amp         27           0.1         -3.1          3.0   (15-84 p)   [  -10.0000,    10.0000]
con_amp         28          0.33        -0.45         0.59   (15-84 p)   [  -20.0000,    20.0000]

----- dataset:  FWHMdata_expres
jitter_0        29          1.08        -0.71         0.88   (15-84 p)   [    0.0500,   500.0000]
offset_0        30        6776.0         -2.4          1.6   (15-84 p)   [-3233.0765, 16789.6022]

----- dataset: FWHMdata_expres           ----- model: gp_multidimensional           
rot_amp         31           1.9         -6.4          5.3   (15-84 p)   [  -10.0000,    10.0000]
con_amp         32           4.9         -1.9          2.9   (15-84 p)   [  -20.0000,    20.0000]

----- dataset:  FWHMdata_harps
jitter_0        33          0.44        -0.27         0.44   (15-84 p)   [    0.0500,   500.0000]
offset_0        34       6917.30        -0.79         0.86   (15-84 p)   [-3088.5511, 17176.1921]
offset_1        35        7171.6         -1.2          1.4   (15-84 p)   [-3088.5511, 17176.1921]

----- dataset: FWHMdata_harps            ----- model: gp_multidimensional           
rot_amp         36           3.8         -6.2          4.3   (15-84 p)   [  -10.0000,    10.0000]
con_amp         37          -0.5         -1.6          1.4   (15-84 p)   [  -20.0000,    20.0000]

----- dataset:  FWHMdata_neid
jitter_0        38          0.46        -0.30         0.48   (15-84 p)   [    0.0500,   500.0000]
offset_0        39       6956.93         -1.1         0.81   (15-84 p)   [-3049.2667, 16964.4316]

----- dataset: FWHMdata_neid             ----- model: gp_multidimensional           
rot_amp         40           1.1         -6.3          5.6   (15-84 p)   [  -10.0000,    10.0000]
con_amp         41           1.2         -1.5          1.8   (15-84 p)   [  -20.0000,    20.0000]

----- dataset:  Contrastdata_expres
jitter_0        42           186          -19           20   (15-84 p)   [    1.3000, 13000.0000]
offset_0        43       -349485          -23           23   (15-84 p)   [-359831.0100, -338852.3247]

----- dataset: Contrastdata_expres       ----- model: gp_multidimensional           
rot_amp         44          -0.5         -6.7          7.3   (15-84 p)   [  -10.0000,    10.0000]
con_amp         45          16.8         -7.2          2.4   (15-84 p)   [  -20.0000,    20.0000]

----- dataset:  Contrastdata_harps
jitter_0        46           125          -18           19   (15-84 p)   [    1.3000, 13000.0000]
offset_0        47       -453774          -22           22   (15-84 p)   [-464256.3172, -409348.3188]
offset_1        48       -419704          -35           35   (15-84 p)   [-464256.3172, -409348.3188]

----- dataset: Contrastdata_harps        ----- model: gp_multidimensional           
rot_amp         49          -0.2         -6.8          7.1   (15-84 p)   [  -10.0000,    10.0000]
con_amp         50         -18.1         -1.4          4.3   (15-84 p)   [  -20.0000,    20.0000]

----- dataset:  Contrastdata_neid
jitter_0        51            43          -27           27   (15-84 p)   [    1.3000, 13000.0000]
offset_0        52       -359600          -16           17   (15-84 p)   [-369967.1260, -349330.7806]

----- dataset: Contrastdata_neid         ----- model: gp_multidimensional           
rot_amp         53          -2.0         -5.7          8.0   (15-84 p)   [  -10.0000,    10.0000]
con_amp         54          11.0          -16          6.6   (15-84 p)   [  -20.0000,    20.0000]

----- dataset:  Halphadata_expres
jitter_0        55      0.000086    -0.000052     0.000078   (15-84 p)   [    0.0000,     0.1000]
offset_0        56       0.17214     -0.00018      0.00025   (15-84 p)   [-9999.8288, 10000.1728]

----- dataset: Halphadata_expres         ----- model: gp_multidimensional           
rot_amp         57        0.0000      -0.0015       0.0016   (15-84 p)   [  -10.0000,    10.0000]
con_amp         58      -0.00043     -0.00036      0.00027   (15-84 p)   [  -20.0000,    20.0000]

----- dataset:  Halphadata_harps
jitter_0        59       0.00057     -0.00020      0.00017   (15-84 p)   [    0.0000,     0.1000]
offset_0        60       0.17469     -0.00024      0.00019   (15-84 p)   [-9999.8279, 10000.1787]
offset_1        61       0.17387     -0.00036      0.00031   (15-84 p)   [-9999.8279, 10000.1787]

----- dataset: Halphadata_harps          ----- model: gp_multidimensional           
rot_amp         62        0.0024      -0.0022       0.0026   (15-84 p)   [  -10.0000,    10.0000]
con_amp         63       0.00022     -0.00032      0.00039   (15-84 p)   [  -20.0000,    20.0000]

----- dataset:  Halphadata_neid
jitter_0        64      0.000090    -0.000057     0.000094   (15-84 p)   [    0.0000,     0.1000]
offset_0        65       0.17112     -0.00018      0.00016   (15-84 p)   [-9999.8297, 10000.1722]

----- dataset: Halphadata_neid           ----- model: gp_multidimensional           
rot_amp         66       -0.0000      -0.0018       0.0017   (15-84 p)   [  -10.0000,    10.0000]
con_amp         67       0.00012     -0.00029      0.00035   (15-84 p)   [  -20.0000,    20.0000]

----- dataset:  CaIIdata_expres
jitter_0        68       0.00145     -0.00069      0.00053   (15-84 p)   [    0.0000,     0.3000]
offset_0        69       0.10049     -0.00055      0.00047   (15-84 p)   [-9999.9071, 10000.1079]

----- dataset: CaIIdata_expres           ----- model: gp_multidimensional           
rot_amp         70       -0.0116      -0.0079       0.0060   (15-84 p)   [  -10.0000,    10.0000]
con_amp         71       0.00032     -0.00087       0.0011   (15-84 p)   [  -20.0000,    20.0000]

----- dataset:  CaIIdata_harps
jitter_0        72       0.00039     -0.00025      0.00037   (15-84 p)   [    0.0000,     0.3000]
offset_0        73       0.10455     -0.00048      0.00055   (15-84 p)   [-9999.9033, 10000.1089]
offset_1        74       0.10392     -0.00077      0.00084   (15-84 p)   [-9999.9033, 10000.1089]

----- dataset: CaIIdata_harps            ----- model: gp_multidimensional           
rot_amp         75       -0.0026      -0.0050       0.0050   (15-84 p)   [  -10.0000,    10.0000]
con_amp         76      -0.00030     -0.00089      0.00086   (15-84 p)   [  -20.0000,    20.0000]

----- dataset:  CaIIdata_neid
jitter_0        77       0.00023     -0.00014      0.00022   (15-84 p)   [    0.0000,     0.3000]
offset_0        78       0.09942     -0.00050      0.00049   (15-84 p)   [-9999.9014, 10000.1002]

----- dataset: CaIIdata_neid             ----- model: gp_multidimensional           
rot_amp         79       -0.0013      -0.0051       0.0047   (15-84 p)   [  -10.0000,    10.0000]
con_amp         80       0.00015     -0.00089      0.00099   (15-84 p)   [  -20.0000,    20.0000]

----- common model:  activity
Prot             0         28.02        -0.43         0.40   (15-84 p)   [   20.0000,    35.0000]
Pdec             1          39.0         -7.9           21   (15-84 p)   [   30.0000,  1000.0000]
Oamp             2         -1.33        -0.13         0.12   (15-84 p)   [   -6.6439,     0.0000]

----- common model:  star_parameters

====================================================================================================
     Statistics on the model parameters obtained from the posteriors samples     
====================================================================================================

----- dataset:  RVdata_expres
jitter_0                 0.968       -0.079        0.092    (15-84 p)
offset_0                   3.7         -3.8          5.0    (15-84 p)


----- dataset: RVdata_expres             ----- model: gp_multidimensional           
rot_amp                    5.0         -2.9          3.2    (15-84 p)
con_amp                  -12.2         -5.7          4.2    (15-84 p)

----- dataset:  RVdata_harps
jitter_0                 1.380       -0.098         0.11    (15-84 p)
offset_0                   3.9         -3.1          4.1    (15-84 p)
offset_1                   4.5         -3.1          4.1    (15-84 p)


----- dataset: RVdata_harps              ----- model: gp_multidimensional           
rot_amp                    3.1         -2.0          2.9    (15-84 p)
con_amp                   -9.8         -4.5          3.4    (15-84 p)

----- dataset:  RVdata_neid
jitter_0                  1.28        -0.10         0.12    (15-84 p)
offset_0                   4.4         -3.3          4.3    (15-84 p)


----- dataset: RVdata_neid               ----- model: gp_multidimensional           
rot_amp                    1.4         -1.0          2.7    (15-84 p)
con_amp                  -10.4         -4.7          3.6    (15-84 p)

----- dataset:  BISdata_expres
jitter_0                  1.79        -0.16         0.18    (15-84 p)
offset_0                -54.70        -0.51         0.75    (15-84 p)


----- dataset: BISdata_expres            ----- model: gp_multidimensional           
rot_amp                    5.2         -3.2          3.0    (15-84 p)
con_amp                  -1.51        -0.94         0.69    (15-84 p)

----- dataset:  BISdata_harps
jitter_0                  1.56        -0.15         0.16    (15-84 p)
offset_0                -45.45        -0.37         0.30    (15-84 p)
offset_1                -35.91        -0.56         0.49    (15-84 p)


----- dataset: BISdata_harps             ----- model: gp_multidimensional           
rot_amp                    6.8         -3.0          2.2    (15-84 p)
con_amp                   0.36        -0.51         0.61    (15-84 p)

----- dataset:  BISdata_neid
jitter_0                  1.32        -0.15         0.16    (15-84 p)
offset_0                -46.81        -0.32         0.26    (15-84 p)


----- dataset: BISdata_neid              ----- model: gp_multidimensional           
rot_amp                    0.1         -3.1          3.0    (15-84 p)
con_amp                   0.33        -0.45         0.59    (15-84 p)

----- dataset:  FWHMdata_expres
jitter_0                  1.08        -0.71         0.88    (15-84 p)
offset_0                6776.0         -2.4          1.6    (15-84 p)


----- dataset: FWHMdata_expres           ----- model: gp_multidimensional           
rot_amp                    1.9         -6.4          5.3    (15-84 p)
con_amp                    4.9         -1.9          2.9    (15-84 p)

----- dataset:  FWHMdata_harps
jitter_0                  0.44        -0.27         0.44    (15-84 p)
offset_0               6917.30        -0.79         0.86    (15-84 p)
offset_1                7171.6         -1.2          1.4    (15-84 p)


----- dataset: FWHMdata_harps            ----- model: gp_multidimensional           
rot_amp                    3.8         -6.2          4.3    (15-84 p)
con_amp                   -0.5         -1.6          1.4    (15-84 p)

----- dataset:  FWHMdata_neid
jitter_0                  0.46        -0.30         0.48    (15-84 p)
offset_0               6956.93         -1.1         0.81    (15-84 p)


----- dataset: FWHMdata_neid             ----- model: gp_multidimensional           
rot_amp                    1.1         -6.3          5.6    (15-84 p)
con_amp                    1.2         -1.5          1.8    (15-84 p)

----- dataset:  Contrastdata_expres
jitter_0                   186          -19           20    (15-84 p)
offset_0               -349485          -23           23    (15-84 p)


----- dataset: Contrastdata_expres       ----- model: gp_multidimensional           
rot_amp                   -0.5         -6.7          7.3    (15-84 p)
con_amp                   16.8         -7.2          2.4    (15-84 p)

----- dataset:  Contrastdata_harps
jitter_0                   125          -18           19    (15-84 p)
offset_0               -453774          -22           22    (15-84 p)
offset_1               -419704          -35           35    (15-84 p)


----- dataset: Contrastdata_harps        ----- model: gp_multidimensional           
rot_amp                   -0.2         -6.8          7.1    (15-84 p)
con_amp                  -18.1         -1.4          4.3    (15-84 p)

----- dataset:  Contrastdata_neid
jitter_0                    43          -27           27    (15-84 p)
offset_0               -359600          -16           17    (15-84 p)


----- dataset: Contrastdata_neid         ----- model: gp_multidimensional           
rot_amp                   -2.0         -5.7          8.0    (15-84 p)
con_amp                   11.0          -16          6.6    (15-84 p)

----- dataset:  Halphadata_expres
jitter_0              0.000086    -0.000052     0.000078    (15-84 p)
offset_0               0.17214     -0.00018      0.00025    (15-84 p)


----- dataset: Halphadata_expres         ----- model: gp_multidimensional           
rot_amp                 0.0000      -0.0015       0.0016    (15-84 p)
con_amp               -0.00043     -0.00036      0.00027    (15-84 p)

----- dataset:  Halphadata_harps
jitter_0               0.00057     -0.00020      0.00017    (15-84 p)
offset_0               0.17469     -0.00024      0.00019    (15-84 p)
offset_1               0.17387     -0.00036      0.00031    (15-84 p)


----- dataset: Halphadata_harps          ----- model: gp_multidimensional           
rot_amp                 0.0024      -0.0022       0.0026    (15-84 p)
con_amp                0.00022     -0.00032      0.00039    (15-84 p)

----- dataset:  Halphadata_neid
jitter_0              0.000090    -0.000057     0.000094    (15-84 p)
offset_0               0.17112     -0.00018      0.00016    (15-84 p)


----- dataset: Halphadata_neid           ----- model: gp_multidimensional           
rot_amp                -0.0000      -0.0018       0.0017    (15-84 p)
con_amp                0.00012     -0.00029      0.00035    (15-84 p)

----- dataset:  CaIIdata_expres
jitter_0               0.00145     -0.00069      0.00053    (15-84 p)
offset_0               0.10049     -0.00055      0.00047    (15-84 p)


----- dataset: CaIIdata_expres           ----- model: gp_multidimensional           
rot_amp                -0.0116      -0.0079       0.0060    (15-84 p)
con_amp                0.00032     -0.00087       0.0011    (15-84 p)

----- dataset:  CaIIdata_harps
jitter_0               0.00039     -0.00025      0.00037    (15-84 p)
offset_0               0.10455     -0.00048      0.00055    (15-84 p)
offset_1               0.10392     -0.00077      0.00084    (15-84 p)


----- dataset: CaIIdata_harps            ----- model: gp_multidimensional           
rot_amp                -0.0026      -0.0050       0.0050    (15-84 p)
con_amp               -0.00030     -0.00089      0.00086    (15-84 p)

----- dataset:  CaIIdata_neid
jitter_0               0.00023     -0.00014      0.00022    (15-84 p)
offset_0               0.09942     -0.00050      0.00049    (15-84 p)


----- dataset: CaIIdata_neid             ----- model: gp_multidimensional           
rot_amp                -0.0013      -0.0051       0.0047    (15-84 p)
con_amp                0.00015     -0.00089      0.00099    (15-84 p)

----- common model:  activity
Prot                     28.02        -0.43         0.40    (15-84 p)
Pdec                      39.0         -7.9           21    (15-84 p)
Oamp                     0.399       -0.034        0.034    (15-84 p)

----- common model:  star_parameters

====================================================================================================
     Statistics on the derived parameters obtained from the posteriors samples     
====================================================================================================


====================================================================================================
     ------------------------------------------------------------------------------------------     
====================================================================================================



****************************************************************************************************

 Parameters corresponding to the Maximum a Posteriori probability ( -1327.0028133554665 )

====================================================================================================
     Statistics on the posterior of the sampler parameters     
====================================================================================================

----- dataset:  RVdata_expres
jitter_0         3      0.919133 [    0.0010,    11.5000]
offset_0         4      1.827720 [-10006.2420, 10010.4100]

----- dataset: RVdata_expres             ----- model: gp_multidimensional           
rot_amp          5      0.903659 [    0.0000,    10.0000]
con_amp          6     -4.100320 [  -20.0000,    20.0000]

----- dataset:  RVdata_harps
jitter_0         7      1.359675 [    0.0009,    13.3000]
offset_0         8      2.389854 [-10005.4343, 10010.2475]
offset_1         9      2.987955 [-10005.4343, 10010.2475]

----- dataset: RVdata_harps              ----- model: gp_multidimensional           
rot_amp         10      0.808375 [    0.0000,    10.0000]
con_amp         11     -3.257008 [  -20.0000,    20.0000]

----- dataset:  RVdata_neid
jitter_0        12      1.289540 [    0.0010,    12.2000]
offset_0        13      2.688709 [-10005.9046, 10009.8774]

----- dataset: RVdata_neid               ----- model: gp_multidimensional           
rot_amp         14      0.040976 [    0.0000,    10.0000]
con_amp         15     -3.573156 [  -20.0000,    20.0000]

----- dataset:  BISdata_expres
jitter_0        16      1.794791 [    0.0095,    95.0000]
offset_0        17    -54.874907 [-10061.4500,  9948.9833]

----- dataset: BISdata_expres            ----- model: gp_multidimensional           
rot_amp         18      1.807379 [  -10.0000,    10.0000]
con_amp         19     -0.635375 [  -20.0000,    20.0000]

----- dataset:  BISdata_harps
jitter_0        20      1.520959 [    0.0095,    95.0000]
offset_0        21    -45.444297 [-10050.8667,  9968.4000]
offset_1        22    -36.016212 [-10050.8667,  9968.4000]

----- dataset: BISdata_harps             ----- model: gp_multidimensional           
rot_amp         23      2.045033 [  -10.0000,    10.0000]
con_amp         24      0.036739 [  -20.0000,    20.0000]

----- dataset:  BISdata_neid
jitter_0        25      1.276752 [    0.0095,    95.0000]
offset_0        26    -46.823875 [-10050.7833,  9957.4667]

----- dataset: BISdata_neid              ----- model: gp_multidimensional           
rot_amp         27     -0.091326 [  -10.0000,    10.0000]
con_amp         28      0.214477 [  -20.0000,    20.0000]

----- dataset:  FWHMdata_expres
jitter_0        29      0.225978 [    0.0500,   500.0000]
offset_0        30   6776.666378 [-3233.0765, 16789.6022]

----- dataset: FWHMdata_expres           ----- model: gp_multidimensional           
rot_amp         31      0.586418 [  -10.0000,    10.0000]
con_amp         32      1.680777 [  -20.0000,    20.0000]

----- dataset:  FWHMdata_harps
jitter_0        33      0.069430 [    0.0500,   500.0000]
offset_0        34   6916.936415 [-3088.5511, 17176.1921]
offset_1        35   7171.524159 [-3088.5511, 17176.1921]

----- dataset: FWHMdata_harps            ----- model: gp_multidimensional           
rot_amp         36      2.500350 [  -10.0000,    10.0000]
con_amp         37      0.056020 [  -20.0000,    20.0000]

----- dataset:  FWHMdata_neid
jitter_0        38      0.055667 [    0.0500,   500.0000]
offset_0        39   6957.027130 [-3049.2667, 16964.4316]

----- dataset: FWHMdata_neid             ----- model: gp_multidimensional           
rot_amp         40      1.636456 [  -10.0000,    10.0000]
con_amp         41      0.454882 [  -20.0000,    20.0000]

----- dataset:  Contrastdata_expres
jitter_0        42    173.301038 [    1.3000, 13000.0000]
offset_0        43  -349496.362682 [-359831.0100, -338852.3247]

----- dataset: Contrastdata_expres       ----- model: gp_multidimensional           
rot_amp         44      8.760067 [  -10.0000,    10.0000]
con_amp         45     19.929916 [  -20.0000,    20.0000]

----- dataset:  Contrastdata_harps
jitter_0        46    123.050988 [    1.3000, 13000.0000]
offset_0        47  -453780.654800 [-464256.3172, -409348.3188]
offset_1        48  -419706.172560 [-464256.3172, -409348.3188]

----- dataset: Contrastdata_harps        ----- model: gp_multidimensional           
rot_amp         49     -9.673412 [  -10.0000,    10.0000]
con_amp         50    -19.973769 [  -20.0000,    20.0000]

----- dataset:  Contrastdata_neid
jitter_0        51     32.753106 [    1.3000, 13000.0000]
offset_0        52  -359601.672753 [-369967.1260, -349330.7806]

----- dataset: Contrastdata_neid         ----- model: gp_multidimensional           
rot_amp         53     -9.890579 [  -10.0000,    10.0000]
con_amp         54     19.953691 [  -20.0000,    20.0000]

----- dataset:  Halphadata_expres
jitter_0        55      0.000014 [    0.0000,     0.1000]
offset_0        56      0.172111 [-9999.8288, 10000.1728]

----- dataset: Halphadata_expres         ----- model: gp_multidimensional           
rot_amp         57      0.000013 [  -10.0000,    10.0000]
con_amp         58     -0.000142 [  -20.0000,    20.0000]

----- dataset:  Halphadata_harps
jitter_0        59      0.000548 [    0.0000,     0.1000]
offset_0        60      0.174739 [-9999.8279, 10000.1787]
offset_1        61      0.173921 [-9999.8279, 10000.1787]

----- dataset: Halphadata_harps          ----- model: gp_multidimensional           
rot_amp         62      0.000777 [  -10.0000,    10.0000]
con_amp         63      0.000047 [  -20.0000,    20.0000]

----- dataset:  Halphadata_neid
jitter_0        64      0.000016 [    0.0000,     0.1000]
offset_0        65      0.171123 [-9999.8297, 10000.1722]

----- dataset: Halphadata_neid           ----- model: gp_multidimensional           
rot_amp         66      0.000097 [  -10.0000,    10.0000]
con_amp         67      0.000021 [  -20.0000,    20.0000]

----- dataset:  CaIIdata_expres
jitter_0        68      0.001349 [    0.0000,     0.3000]
offset_0        69      0.100669 [-9999.9071, 10000.1079]

----- dataset: CaIIdata_expres           ----- model: gp_multidimensional           
rot_amp         70     -0.003624 [  -10.0000,    10.0000]
con_amp         71      0.000111 [  -20.0000,    20.0000]

----- dataset:  CaIIdata_harps
jitter_0        72      0.000076 [    0.0000,     0.3000]
offset_0        73      0.104360 [-9999.9033, 10000.1089]
offset_1        74      0.103904 [-9999.9033, 10000.1089]

----- dataset: CaIIdata_harps            ----- model: gp_multidimensional           
rot_amp         75     -0.000374 [  -10.0000,    10.0000]
con_amp         76     -0.000142 [  -20.0000,    20.0000]

----- dataset:  CaIIdata_neid
jitter_0        77      0.000039 [    0.0000,     0.3000]
offset_0        78      0.099489 [-9999.9014, 10000.1002]

----- dataset: CaIIdata_neid             ----- model: gp_multidimensional           
rot_amp         79     -0.000459 [  -10.0000,    10.0000]
con_amp         80      0.000150 [  -20.0000,    20.0000]

----- common model:  activity
Prot             0     28.134389 [   20.0000,    35.0000]
Pdec             1     30.054609 [   30.0000,  1000.0000]
Oamp             2     -1.570452 [   -6.6439,     0.0000]

----- common model:  star_parameters

====================================================================================================
     Statistics on the model parameters obtained from the posteriors samples     
====================================================================================================

----- dataset:  RVdata_expres
jitter_0              0.919133 
offset_0              1.827720 


----- dataset: RVdata_expres             ----- model: gp_multidimensional           
rot_amp               0.903659 
con_amp              -4.100320 

----- dataset:  RVdata_harps
jitter_0              1.359675 
offset_0              2.389854 
offset_1              2.987955 


----- dataset: RVdata_harps              ----- model: gp_multidimensional           
rot_amp               0.808375 
con_amp              -3.257008 

----- dataset:  RVdata_neid
jitter_0              1.289540 
offset_0              2.688709 


----- dataset: RVdata_neid               ----- model: gp_multidimensional           
rot_amp               0.040976 
con_amp              -3.573156 

----- dataset:  BISdata_expres
jitter_0              1.794791 
offset_0            -54.874907 


----- dataset: BISdata_expres            ----- model: gp_multidimensional           
rot_amp               1.807379 
con_amp              -0.635375 

----- dataset:  BISdata_harps
jitter_0              1.520959 
offset_0            -45.444297 
offset_1            -36.016212 


----- dataset: BISdata_harps             ----- model: gp_multidimensional           
rot_amp               2.045033 
con_amp               0.036739 

----- dataset:  BISdata_neid
jitter_0              1.276752 
offset_0            -46.823875 


----- dataset: BISdata_neid              ----- model: gp_multidimensional           
rot_amp              -0.091326 
con_amp               0.214477 

----- dataset:  FWHMdata_expres
jitter_0              0.225978 
offset_0           6776.666378 


----- dataset: FWHMdata_expres           ----- model: gp_multidimensional           
rot_amp               0.586418 
con_amp               1.680777 

----- dataset:  FWHMdata_harps
jitter_0              0.069430 
offset_0           6916.936415 
offset_1           7171.524159 


----- dataset: FWHMdata_harps            ----- model: gp_multidimensional           
rot_amp               2.500350 
con_amp               0.056020 

----- dataset:  FWHMdata_neid
jitter_0              0.055667 
offset_0           6957.027130 


----- dataset: FWHMdata_neid             ----- model: gp_multidimensional           
rot_amp               1.636456 
con_amp               0.454882 

----- dataset:  Contrastdata_expres
jitter_0            173.301038 
offset_0        -349496.362682 


----- dataset: Contrastdata_expres       ----- model: gp_multidimensional           
rot_amp               8.760067 
con_amp              19.929916 

----- dataset:  Contrastdata_harps
jitter_0            123.050988 
offset_0        -453780.654800 
offset_1        -419706.172560 


----- dataset: Contrastdata_harps        ----- model: gp_multidimensional           
rot_amp              -9.673412 
con_amp             -19.973769 

----- dataset:  Contrastdata_neid
jitter_0             32.753106 
offset_0        -359601.672753 


----- dataset: Contrastdata_neid         ----- model: gp_multidimensional           
rot_amp              -9.890579 
con_amp              19.953691 

----- dataset:  Halphadata_expres
jitter_0              0.000014 
offset_0              0.172111 


----- dataset: Halphadata_expres         ----- model: gp_multidimensional           
rot_amp               0.000013 
con_amp              -0.000142 

----- dataset:  Halphadata_harps
jitter_0              0.000548 
offset_0              0.174739 
offset_1              0.173921 


----- dataset: Halphadata_harps          ----- model: gp_multidimensional           
rot_amp               0.000777 
con_amp               0.000047 

----- dataset:  Halphadata_neid
jitter_0              0.000016 
offset_0              0.171123 


----- dataset: Halphadata_neid           ----- model: gp_multidimensional           
rot_amp               0.000097 
con_amp               0.000021 

----- dataset:  CaIIdata_expres
jitter_0              0.001349 
offset_0              0.100669 


----- dataset: CaIIdata_expres           ----- model: gp_multidimensional           
rot_amp              -0.003624 
con_amp               0.000111 

----- dataset:  CaIIdata_harps
jitter_0              0.000076 
offset_0              0.104360 
offset_1              0.103904 


----- dataset: CaIIdata_harps            ----- model: gp_multidimensional           
rot_amp              -0.000374 
con_amp              -0.000142 

----- dataset:  CaIIdata_neid
jitter_0              0.000039 
offset_0              0.099489 


----- dataset: CaIIdata_neid             ----- model: gp_multidimensional           
rot_amp              -0.000459 
con_amp               0.000150 

----- common model:  activity
Prot                 28.134389 
Pdec                 30.054609 
Oamp                  0.336703 

----- common model:  star_parameters

====================================================================================================
     Statistics on the derived parameters obtained from the posteriors samples     
====================================================================================================


====================================================================================================
     ------------------------------------------------------------------------------------------     
====================================================================================================



****************************************************************************************************

 Parameters corresponding to the sample closest to the median values ( -1371.2291488232372 )

====================================================================================================
     Statistics on the posterior of the sampler parameters     
====================================================================================================

----- dataset:  RVdata_expres
jitter_0         3      0.945119 [    0.0010,    11.5000]
offset_0         4      3.307977 [-10006.2420, 10010.4100]

----- dataset: RVdata_expres             ----- model: gp_multidimensional           
rot_amp          5      4.644290 [    0.0000,    10.0000]
con_amp          6    -11.914118 [  -20.0000,    20.0000]

----- dataset:  RVdata_harps
jitter_0         7      1.342452 [    0.0009,    13.3000]
offset_0         8      3.590922 [-10005.4343, 10010.2475]
offset_1         9      3.995561 [-10005.4343, 10010.2475]

----- dataset: RVdata_harps              ----- model: gp_multidimensional           
rot_amp         10      2.351355 [    0.0000,    10.0000]
con_amp         11     -9.784037 [  -20.0000,    20.0000]

----- dataset:  RVdata_neid
jitter_0        12      1.250263 [    0.0010,    12.2000]
offset_0        13      3.992362 [-10005.9046, 10009.8774]

----- dataset: RVdata_neid               ----- model: gp_multidimensional           
rot_amp         14      2.256708 [    0.0000,    10.0000]
con_amp         15    -10.712967 [  -20.0000,    20.0000]

----- dataset:  BISdata_expres
jitter_0        16      1.877590 [    0.0095,    95.0000]
offset_0        17    -54.177711 [-10061.4500,  9948.9833]

----- dataset: BISdata_expres            ----- model: gp_multidimensional           
rot_amp         18      6.988368 [  -10.0000,    10.0000]
con_amp         19     -2.895194 [  -20.0000,    20.0000]

----- dataset:  BISdata_harps
jitter_0        20      1.502128 [    0.0095,    95.0000]
offset_0        21    -45.586499 [-10050.8667,  9968.4000]
offset_1        22    -35.473177 [-10050.8667,  9968.4000]

----- dataset: BISdata_harps             ----- model: gp_multidimensional           
rot_amp         23      9.675172 [  -10.0000,    10.0000]
con_amp         24      0.601130 [  -20.0000,    20.0000]

----- dataset:  BISdata_neid
jitter_0        25      1.215317 [    0.0095,    95.0000]
offset_0        26    -46.608082 [-10050.7833,  9957.4667]

----- dataset: BISdata_neid              ----- model: gp_multidimensional           
rot_amp         27      4.606033 [  -10.0000,    10.0000]
con_amp         28     -0.063487 [  -20.0000,    20.0000]

----- dataset:  FWHMdata_expres
jitter_0        29      1.360174 [    0.0500,   500.0000]
offset_0        30   6775.177860 [-3233.0765, 16789.6022]

----- dataset: FWHMdata_expres           ----- model: gp_multidimensional           
rot_amp         31      3.183480 [  -10.0000,    10.0000]
con_amp         32      6.023626 [  -20.0000,    20.0000]

----- dataset:  FWHMdata_harps
jitter_0        33      0.202197 [    0.0500,   500.0000]
offset_0        34   6917.283335 [-3088.5511, 17176.1921]
offset_1        35   7172.146909 [-3088.5511, 17176.1921]

----- dataset: FWHMdata_harps            ----- model: gp_multidimensional           
rot_amp         36      5.470780 [  -10.0000,    10.0000]
con_amp         37     -0.991656 [  -20.0000,    20.0000]

----- dataset:  FWHMdata_neid
jitter_0        38      0.658640 [    0.0500,   500.0000]
offset_0        39   6956.446292 [-3049.2667, 16964.4316]

----- dataset: FWHMdata_neid             ----- model: gp_multidimensional           
rot_amp         40      2.430620 [  -10.0000,    10.0000]
con_amp         41      4.128129 [  -20.0000,    20.0000]

----- dataset:  Contrastdata_expres
jitter_0        42    177.833474 [    1.3000, 13000.0000]
offset_0        43  -349498.485991 [-359831.0100, -338852.3247]

----- dataset: Contrastdata_expres       ----- model: gp_multidimensional           
rot_amp         44     -0.965527 [  -10.0000,    10.0000]
con_amp         45     16.551748 [  -20.0000,    20.0000]

----- dataset:  Contrastdata_harps
jitter_0        46    147.489600 [    1.3000, 13000.0000]
offset_0        47  -453796.119016 [-464256.3172, -409348.3188]
offset_1        48  -419691.069441 [-464256.3172, -409348.3188]

----- dataset: Contrastdata_harps        ----- model: gp_multidimensional           
rot_amp         49     -0.219855 [  -10.0000,    10.0000]
con_amp         50    -19.498501 [  -20.0000,    20.0000]

----- dataset:  Contrastdata_neid
jitter_0        51     28.076789 [    1.3000, 13000.0000]
offset_0        52  -359586.986768 [-369967.1260, -349330.7806]

----- dataset: Contrastdata_neid         ----- model: gp_multidimensional           
rot_amp         53     -1.445008 [  -10.0000,    10.0000]
con_amp         54      0.657668 [  -20.0000,    20.0000]

----- dataset:  Halphadata_expres
jitter_0        55      0.000069 [    0.0000,     0.1000]
offset_0        56      0.172109 [-9999.8288, 10000.1728]

----- dataset: Halphadata_expres         ----- model: gp_multidimensional           
rot_amp         57      0.001192 [  -10.0000,    10.0000]
con_amp         58     -0.000535 [  -20.0000,    20.0000]

----- dataset:  Halphadata_harps
jitter_0        59      0.000622 [    0.0000,     0.1000]
offset_0        60      0.174653 [-9999.8279, 10000.1787]
offset_1        61      0.174066 [-9999.8279, 10000.1787]

----- dataset: Halphadata_harps          ----- model: gp_multidimensional           
rot_amp         62      0.005875 [  -10.0000,    10.0000]
con_amp         63     -0.000239 [  -20.0000,    20.0000]

----- dataset:  Halphadata_neid
jitter_0        64      0.000156 [    0.0000,     0.1000]
offset_0        65      0.171156 [-9999.8297, 10000.1722]

----- dataset: Halphadata_neid           ----- model: gp_multidimensional           
rot_amp         66      0.002144 [  -10.0000,    10.0000]
con_amp         67     -0.000102 [  -20.0000,    20.0000]

----- dataset:  CaIIdata_expres
jitter_0        68      0.001572 [    0.0000,     0.3000]
offset_0        69      0.100689 [-9999.9071, 10000.1079]

----- dataset: CaIIdata_expres           ----- model: gp_multidimensional           
rot_amp         70     -0.015696 [  -10.0000,    10.0000]
con_amp         71      0.000683 [  -20.0000,    20.0000]

----- dataset:  CaIIdata_harps
jitter_0        72      0.000502 [    0.0000,     0.3000]
offset_0        73      0.104317 [-9999.9033, 10000.1089]
offset_1        74      0.104854 [-9999.9033, 10000.1089]

----- dataset: CaIIdata_harps            ----- model: gp_multidimensional           
rot_amp         75     -0.006488 [  -10.0000,    10.0000]
con_amp         76     -0.000985 [  -20.0000,    20.0000]

----- dataset:  CaIIdata_neid
jitter_0        77      0.000212 [    0.0000,     0.3000]
offset_0        78      0.099493 [-9999.9014, 10000.1002]

----- dataset: CaIIdata_neid             ----- model: gp_multidimensional           
rot_amp         79      0.002180 [  -10.0000,    10.0000]
con_amp         80      0.001042 [  -20.0000,    20.0000]

----- common model:  activity
Prot             0     27.516723 [   20.0000,    35.0000]
Pdec             1     33.298901 [   30.0000,  1000.0000]
Oamp             2     -1.255965 [   -6.6439,     0.0000]

----- common model:  star_parameters

====================================================================================================
     Statistics on the model parameters obtained from the posteriors samples     
====================================================================================================

----- dataset:  RVdata_expres
jitter_0              0.945119 
offset_0              3.307977 


----- dataset: RVdata_expres             ----- model: gp_multidimensional           
rot_amp               4.644290 
con_amp             -11.914118 

----- dataset:  RVdata_harps
jitter_0              1.342452 
offset_0              3.590922 
offset_1              3.995561 


----- dataset: RVdata_harps              ----- model: gp_multidimensional           
rot_amp               2.351355 
con_amp              -9.784037 

----- dataset:  RVdata_neid
jitter_0              1.250263 
offset_0              3.992362 


----- dataset: RVdata_neid               ----- model: gp_multidimensional           
rot_amp               2.256708 
con_amp             -10.712967 

----- dataset:  BISdata_expres
jitter_0              1.877590 
offset_0            -54.177711 


----- dataset: BISdata_expres            ----- model: gp_multidimensional           
rot_amp               6.988368 
con_amp              -2.895194 

----- dataset:  BISdata_harps
jitter_0              1.502128 
offset_0            -45.586499 
offset_1            -35.473177 


----- dataset: BISdata_harps             ----- model: gp_multidimensional           
rot_amp               9.675172 
con_amp               0.601130 

----- dataset:  BISdata_neid
jitter_0              1.215317 
offset_0            -46.608082 


----- dataset: BISdata_neid              ----- model: gp_multidimensional           
rot_amp               4.606033 
con_amp              -0.063487 

----- dataset:  FWHMdata_expres
jitter_0              1.360174 
offset_0           6775.177860 


----- dataset: FWHMdata_expres           ----- model: gp_multidimensional           
rot_amp               3.183480 
con_amp               6.023626 

----- dataset:  FWHMdata_harps
jitter_0              0.202197 
offset_0           6917.283335 
offset_1           7172.146909 


----- dataset: FWHMdata_harps            ----- model: gp_multidimensional           
rot_amp               5.470780 
con_amp              -0.991656 

----- dataset:  FWHMdata_neid
jitter_0              0.658640 
offset_0           6956.446292 


----- dataset: FWHMdata_neid             ----- model: gp_multidimensional           
rot_amp               2.430620 
con_amp               4.128129 

----- dataset:  Contrastdata_expres
jitter_0            177.833474 
offset_0        -349498.485991 


----- dataset: Contrastdata_expres       ----- model: gp_multidimensional           
rot_amp              -0.965527 
con_amp              16.551748 

----- dataset:  Contrastdata_harps
jitter_0            147.489600 
offset_0        -453796.119016 
offset_1        -419691.069441 


----- dataset: Contrastdata_harps        ----- model: gp_multidimensional           
rot_amp              -0.219855 
con_amp             -19.498501 

----- dataset:  Contrastdata_neid
jitter_0             28.076789 
offset_0        -359586.986768 


----- dataset: Contrastdata_neid         ----- model: gp_multidimensional           
rot_amp              -1.445008 
con_amp               0.657668 

----- dataset:  Halphadata_expres
jitter_0              0.000069 
offset_0              0.172109 


----- dataset: Halphadata_expres         ----- model: gp_multidimensional           
rot_amp               0.001192 
con_amp              -0.000535 

----- dataset:  Halphadata_harps
jitter_0              0.000622 
offset_0              0.174653 
offset_1              0.174066 


----- dataset: Halphadata_harps          ----- model: gp_multidimensional           
rot_amp               0.005875 
con_amp              -0.000239 

----- dataset:  Halphadata_neid
jitter_0              0.000156 
offset_0              0.171156 


----- dataset: Halphadata_neid           ----- model: gp_multidimensional           
rot_amp               0.002144 
con_amp              -0.000102 

----- dataset:  CaIIdata_expres
jitter_0              0.001572 
offset_0              0.100689 


----- dataset: CaIIdata_expres           ----- model: gp_multidimensional           
rot_amp              -0.015696 
con_amp               0.000683 

----- dataset:  CaIIdata_harps
jitter_0              0.000502 
offset_0              0.104317 
offset_1              0.104854 


----- dataset: CaIIdata_harps            ----- model: gp_multidimensional           
rot_amp              -0.006488 
con_amp              -0.000985 

----- dataset:  CaIIdata_neid
jitter_0              0.000212 
offset_0              0.099493 


----- dataset: CaIIdata_neid             ----- model: gp_multidimensional           
rot_amp               0.002180 
con_amp               0.001042 

----- common model:  activity
Prot                 27.516723 
Pdec                 33.298901 
Oamp                  0.418714 

----- common model:  star_parameters

====================================================================================================
     Statistics on the derived parameters obtained from the posteriors samples     
====================================================================================================


====================================================================================================
     ------------------------------------------------------------------------------------------     
====================================================================================================



****************************************************************************************************

Note: stellar density derived from stellar mass and radius

 Plot FLAT chain 

****************************************************************************************************

 Skipping full correlation plot due to the high number of parameters
 To avoid this behaviour, set the keyword parameters:force_full_correlation_plot to True

****************************************************************************************************

 Plotting the chains... 

****************************************************************************************************

 Plotting the Gelman-Rubin traces... 

     Gelman-Rubin:     3     1.130489 RVdata_expres_jitter_0 
     Gelman-Rubin:     4     1.316288 RVdata_expres_offset_0 
     Gelman-Rubin:     5     1.076622 RVdata_expres_gp_multidimensional_rot_amp 
     Gelman-Rubin:     6     1.034087 RVdata_expres_gp_multidimensional_con_amp 
     Gelman-Rubin:     7     1.117101 RVdata_harps_jitter_0 
     Gelman-Rubin:     8     1.317806 RVdata_harps_offset_0 
     Gelman-Rubin:     9     1.313784 RVdata_harps_offset_1 
     Gelman-Rubin:    10     1.097080 RVdata_harps_gp_multidimensional_rot_amp 
     Gelman-Rubin:    11     1.033844 RVdata_harps_gp_multidimensional_con_amp 
     Gelman-Rubin:    12     1.109144 RVdata_neid_jitter_0 
     Gelman-Rubin:    13     1.321241 RVdata_neid_offset_0 
     Gelman-Rubin:    14     1.064398 RVdata_neid_gp_multidimensional_rot_amp 
     Gelman-Rubin:    15     1.035109 RVdata_neid_gp_multidimensional_con_amp 
     Gelman-Rubin:    16     1.118918 BISdata_expres_jitter_0 
     Gelman-Rubin:    17     1.278889 BISdata_expres_offset_0 
     Gelman-Rubin:    18     1.092703 BISdata_expres_gp_multidimensional_rot_amp 
     Gelman-Rubin:    19     1.083163 BISdata_expres_gp_multidimensional_con_amp 
     Gelman-Rubin:    20     1.121746 BISdata_harps_jitter_0 
     Gelman-Rubin:    21     1.167492 BISdata_harps_offset_0 
     Gelman-Rubin:    22     1.168901 BISdata_harps_offset_1 
     Gelman-Rubin:    23     1.097928 BISdata_harps_gp_multidimensional_rot_amp 
     Gelman-Rubin:    24     1.147431 BISdata_harps_gp_multidimensional_con_amp 
     Gelman-Rubin:    25     1.103030 BISdata_neid_jitter_0 
     Gelman-Rubin:    26     1.153153 BISdata_neid_offset_0 
     Gelman-Rubin:    27     1.127510 BISdata_neid_gp_multidimensional_rot_amp 
     Gelman-Rubin:    28     1.124370 BISdata_neid_gp_multidimensional_con_amp 
     Gelman-Rubin:    29     1.083785 FWHMdata_expres_jitter_0 
     Gelman-Rubin:    30     1.294329 FWHMdata_expres_offset_0 
     Gelman-Rubin:    31     1.128993 FWHMdata_expres_gp_multidimensional_rot_amp 
     Gelman-Rubin:    32     1.071701 FWHMdata_expres_gp_multidimensional_con_amp 
     Gelman-Rubin:    33     1.098823 FWHMdata_harps_jitter_0 
     Gelman-Rubin:    34     1.142836 FWHMdata_harps_offset_0 
     Gelman-Rubin:    35     1.128834 FWHMdata_harps_offset_1 
     Gelman-Rubin:    36     1.135049 FWHMdata_harps_gp_multidimensional_rot_amp 
     Gelman-Rubin:    37     1.144770 FWHMdata_harps_gp_multidimensional_con_amp 
     Gelman-Rubin:    38     1.101618 FWHMdata_neid_jitter_0 
     Gelman-Rubin:    39     1.192604 FWHMdata_neid_offset_0 
     Gelman-Rubin:    40     1.124385 FWHMdata_neid_gp_multidimensional_rot_amp 
     Gelman-Rubin:    41     1.150677 FWHMdata_neid_gp_multidimensional_con_amp 
     Gelman-Rubin:    42     1.113319 Contrastdata_expres_jitter_0 
     Gelman-Rubin:    43     1.131314 Contrastdata_expres_offset_0 
     Gelman-Rubin:    44     1.072935 Contrastdata_expres_gp_multidimensional_rot_amp 
     Gelman-Rubin:    45     1.069447 Contrastdata_expres_gp_multidimensional_con_amp 
     Gelman-Rubin:    46     1.111330 Contrastdata_harps_jitter_0 
     Gelman-Rubin:    47     1.123769 Contrastdata_harps_offset_0 
     Gelman-Rubin:    48     1.111096 Contrastdata_harps_offset_1 
     Gelman-Rubin:    49     1.081239 Contrastdata_harps_gp_multidimensional_rot_amp 
     Gelman-Rubin:    50     1.065267 Contrastdata_harps_gp_multidimensional_con_amp 
     Gelman-Rubin:    51     1.098069 Contrastdata_neid_jitter_0 
     Gelman-Rubin:    52     1.123253 Contrastdata_neid_offset_0 
     Gelman-Rubin:    53     1.070029 Contrastdata_neid_gp_multidimensional_rot_amp 
     Gelman-Rubin:    54     1.069088 Contrastdata_neid_gp_multidimensional_con_amp 
     Gelman-Rubin:    55     1.101331 Halphadata_expres_jitter_0 
     Gelman-Rubin:    56     1.251397 Halphadata_expres_offset_0 
     Gelman-Rubin:    57     1.140733 Halphadata_expres_gp_multidimensional_rot_amp 
     Gelman-Rubin:    58     1.109721 Halphadata_expres_gp_multidimensional_con_amp 
     Gelman-Rubin:    59     1.114561 Halphadata_harps_jitter_0 
     Gelman-Rubin:    60     1.194792 Halphadata_harps_offset_0 
     Gelman-Rubin:    61     1.160010 Halphadata_harps_offset_1 
     Gelman-Rubin:    62     1.123204 Halphadata_harps_gp_multidimensional_rot_amp 
     Gelman-Rubin:    63     1.137175 Halphadata_harps_gp_multidimensional_con_amp 
     Gelman-Rubin:    64     1.106713 Halphadata_neid_jitter_0 
     Gelman-Rubin:    65     1.155495 Halphadata_neid_offset_0 
     Gelman-Rubin:    66     1.127051 Halphadata_neid_gp_multidimensional_rot_amp 
     Gelman-Rubin:    67     1.151701 Halphadata_neid_gp_multidimensional_con_amp 
     Gelman-Rubin:    68     1.126709 CaIIdata_expres_jitter_0 
     Gelman-Rubin:    69     1.160732 CaIIdata_expres_offset_0 
     Gelman-Rubin:    70     1.098768 CaIIdata_expres_gp_multidimensional_rot_amp 
     Gelman-Rubin:    71     1.149527 CaIIdata_expres_gp_multidimensional_con_amp 
     Gelman-Rubin:    72     1.105367 CaIIdata_harps_jitter_0 
     Gelman-Rubin:    73     1.145142 CaIIdata_harps_offset_0 
     Gelman-Rubin:    74     1.127348 CaIIdata_harps_offset_1 
     Gelman-Rubin:    75     1.122170 CaIIdata_harps_gp_multidimensional_rot_amp 
     Gelman-Rubin:    76     1.139250 CaIIdata_harps_gp_multidimensional_con_amp 
     Gelman-Rubin:    77     1.103016 CaIIdata_neid_jitter_0 
     Gelman-Rubin:    78     1.168170 CaIIdata_neid_offset_0 
     Gelman-Rubin:    79     1.135547 CaIIdata_neid_gp_multidimensional_rot_amp 
     Gelman-Rubin:    80     1.160778 CaIIdata_neid_gp_multidimensional_con_amp 
     Gelman-Rubin:     0     1.122902 activity_Prot 
     Gelman-Rubin:     1     1.020990 activity_Pdec 
     Gelman-Rubin:     2     1.079013 activity_Oamp 

****************************************************************************************************

Plotting the common models corner plots
     Common model:  activity
     Common model:  star_parameters

****************************************************************************************************

Plotting the dataset + models corner plots 

     Dataset:  RVdata_expres     model:  gp_multidimensional  corner plot  starting 
     Dataset:  RVdata_expres     model:  gp_multidimensional  corner plot  done 
     Dataset:  RVdata_harps     model:  gp_multidimensional  corner plot  starting 
     Dataset:  RVdata_harps     model:  gp_multidimensional  corner plot  done 
     Dataset:  RVdata_neid     model:  gp_multidimensional  corner plot  starting 
     Dataset:  RVdata_neid     model:  gp_multidimensional  corner plot  done 
     Dataset:  BISdata_expres     model:  gp_multidimensional  corner plot  starting 
     Dataset:  BISdata_expres     model:  gp_multidimensional  corner plot  done 
     Dataset:  BISdata_harps     model:  gp_multidimensional  corner plot  starting 
     Dataset:  BISdata_harps     model:  gp_multidimensional  corner plot  done 
     Dataset:  BISdata_neid     model:  gp_multidimensional  corner plot  starting 
     Dataset:  BISdata_neid     model:  gp_multidimensional  corner plot  done 
     Dataset:  FWHMdata_expres     model:  gp_multidimensional  corner plot  starting 
     Dataset:  FWHMdata_expres     model:  gp_multidimensional  corner plot  done 
     Dataset:  FWHMdata_harps     model:  gp_multidimensional  corner plot  starting 
     Dataset:  FWHMdata_harps     model:  gp_multidimensional  corner plot  done 
     Dataset:  FWHMdata_neid     model:  gp_multidimensional  corner plot  starting 
     Dataset:  FWHMdata_neid     model:  gp_multidimensional  corner plot  done 
     Dataset:  Contrastdata_expres     model:  gp_multidimensional  corner plot  starting 
     Dataset:  Contrastdata_expres     model:  gp_multidimensional  corner plot  done 
     Dataset:  Contrastdata_harps     model:  gp_multidimensional  corner plot  starting 
     Dataset:  Contrastdata_harps     model:  gp_multidimensional  corner plot  done 
     Dataset:  Contrastdata_neid     model:  gp_multidimensional  corner plot  starting 
     Dataset:  Contrastdata_neid     model:  gp_multidimensional  corner plot  done 
     Dataset:  Halphadata_expres     model:  gp_multidimensional  corner plot  starting 
     Dataset:  Halphadata_expres     model:  gp_multidimensional  corner plot  done 
     Dataset:  Halphadata_harps     model:  gp_multidimensional  corner plot  starting 
     Dataset:  Halphadata_harps     model:  gp_multidimensional  corner plot  done 
     Dataset:  Halphadata_neid     model:  gp_multidimensional  corner plot  starting 
     Dataset:  Halphadata_neid     model:  gp_multidimensional  corner plot  done 
     Dataset:  CaIIdata_expres     model:  gp_multidimensional  corner plot  starting 
     Dataset:  CaIIdata_expres     model:  gp_multidimensional  corner plot  done 
     Dataset:  CaIIdata_harps     model:  gp_multidimensional  corner plot  starting 
     Dataset:  CaIIdata_harps     model:  gp_multidimensional  corner plot  done 
     Dataset:  CaIIdata_neid     model:  gp_multidimensional  corner plot  starting 
     Dataset:  CaIIdata_neid     model:  gp_multidimensional  corner plot  done 

****************************************************************************************************

 Saving the planet parameter samplings to files (with plots)

****************************************************************************************************

 Saving all the parameter samplings to files (with plots)

****************************************************************************************************

 Computing the models for plot/data writing 
     Splitting the plot array to allow GP prediction of extended datasets, it may take a while...
     # 21 chunks of 93 times each
     Check the documentation if the code is taking too long or if it crashes...
     Splitting the plot array to allow GP prediction of extended datasets, it may take a while...
     # 21 chunks of 93 times each
     Check the documentation if the code is taking too long or if it crashes...
     Splitting the plot array to allow GP prediction of extended datasets, it may take a while...
     # 21 chunks of 93 times each
     Check the documentation if the code is taking too long or if it crashes...
     Splitting the plot array to allow GP prediction of extended datasets, it may take a while...
     # 15 chunks of 93 times each
     Check the documentation if the code is taking too long or if it crashes...
     Splitting the plot array to allow GP prediction of extended datasets, it may take a while...
     # 15 chunks of 93 times each
     Check the documentation if the code is taking too long or if it crashes...
     Splitting the plot array to allow GP prediction of extended datasets, it may take a while...
     # 13 chunks of 93 times each
     Check the documentation if the code is taking too long or if it crashes...
     Splitting the plot array to allow GP prediction of extended datasets, it may take a while...
     # 15 chunks of 93 times each
     Check the documentation if the code is taking too long or if it crashes...
     Splitting the plot array to allow GP prediction of extended datasets, it may take a while...
     # 15 chunks of 93 times each
     Check the documentation if the code is taking too long or if it crashes...
     Splitting the plot array to allow GP prediction of extended datasets, it may take a while...
     # 13 chunks of 93 times each
     Check the documentation if the code is taking too long or if it crashes...
     Splitting the plot array to allow GP prediction of extended datasets, it may take a while...
     # 15 chunks of 93 times each
     Check the documentation if the code is taking too long or if it crashes...
     Splitting the plot array to allow GP prediction of extended datasets, it may take a while...
     # 15 chunks of 93 times each
     Check the documentation if the code is taking too long or if it crashes...
     Splitting the plot array to allow GP prediction of extended datasets, it may take a while...
     # 13 chunks of 93 times each
     Check the documentation if the code is taking too long or if it crashes...
     Splitting the plot array to allow GP prediction of extended datasets, it may take a while...
     # 15 chunks of 93 times each
     Check the documentation if the code is taking too long or if it crashes...
     Splitting the plot array to allow GP prediction of extended datasets, it may take a while...
     # 15 chunks of 93 times each
     Check the documentation if the code is taking too long or if it crashes...
     Splitting the plot array to allow GP prediction of extended datasets, it may take a while...
     # 13 chunks of 93 times each
     Check the documentation if the code is taking too long or if it crashes...
     Splitting the plot array to allow GP prediction of extended datasets, it may take a while...
     # 15 chunks of 93 times each
     Check the documentation if the code is taking too long or if it crashes...
     Splitting the plot array to allow GP prediction of extended datasets, it may take a while...
     # 15 chunks of 93 times each
     Check the documentation if the code is taking too long or if it crashes...
     Splitting the plot array to allow GP prediction of extended datasets, it may take a while...
     # 13 chunks of 93 times each
     Check the documentation if the code is taking too long or if it crashes...
     Splitting the plot array to allow GP prediction of extended datasets, it may take a while...
     # 21 chunks of 93 times each
     Check the documentation if the code is taking too long or if it crashes...
     Splitting the plot array to allow GP prediction of extended datasets, it may take a while...
     # 21 chunks of 93 times each
     Check the documentation if the code is taking too long or if it crashes...
     Splitting the plot array to allow GP prediction of extended datasets, it may take a while...
     # 21 chunks of 93 times each
     Check the documentation if the code is taking too long or if it crashes...
     Splitting the plot array to allow GP prediction of extended datasets, it may take a while...
     # 15 chunks of 93 times each
     Check the documentation if the code is taking too long or if it crashes...
     Splitting the plot array to allow GP prediction of extended datasets, it may take a while...
     # 15 chunks of 93 times each
     Check the documentation if the code is taking too long or if it crashes...
     Splitting the plot array to allow GP prediction of extended datasets, it may take a while...
     # 13 chunks of 93 times each
     Check the documentation if the code is taking too long or if it crashes...
     Splitting the plot array to allow GP prediction of extended datasets, it may take a while...
     # 15 chunks of 93 times each
     Check the documentation if the code is taking too long or if it crashes...
     Splitting the plot array to allow GP prediction of extended datasets, it may take a while...
     # 15 chunks of 93 times each
     Check the documentation if the code is taking too long or if it crashes...
     Splitting the plot array to allow GP prediction of extended datasets, it may take a while...
     # 13 chunks of 93 times each
     Check the documentation if the code is taking too long or if it crashes...
     Splitting the plot array to allow GP prediction of extended datasets, it may take a while...
     # 15 chunks of 93 times each
     Check the documentation if the code is taking too long or if it crashes...
     Splitting the plot array to allow GP prediction of extended datasets, it may take a while...
     # 15 chunks of 93 times each
     Check the documentation if the code is taking too long or if it crashes...
     Splitting the plot array to allow GP prediction of extended datasets, it may take a while...
     # 13 chunks of 93 times each
     Check the documentation if the code is taking too long or if it crashes...
     Splitting the plot array to allow GP prediction of extended datasets, it may take a while...
     # 15 chunks of 93 times each
     Check the documentation if the code is taking too long or if it crashes...
     Splitting the plot array to allow GP prediction of extended datasets, it may take a while...
     # 15 chunks of 93 times each
     Check the documentation if the code is taking too long or if it crashes...
     Splitting the plot array to allow GP prediction of extended datasets, it may take a while...
     # 13 chunks of 93 times each
     Check the documentation if the code is taking too long or if it crashes...
     Splitting the plot array to allow GP prediction of extended datasets, it may take a while...
     # 15 chunks of 93 times each
     Check the documentation if the code is taking too long or if it crashes...
     Splitting the plot array to allow GP prediction of extended datasets, it may take a while...
     # 15 chunks of 93 times each
     Check the documentation if the code is taking too long or if it crashes...
     Splitting the plot array to allow GP prediction of extended datasets, it may take a while...
     # 13 chunks of 93 times each
     Check the documentation if the code is taking too long or if it crashes...
     Splitting the plot array to allow GP prediction of extended datasets, it may take a while...
     # 21 chunks of 93 times each
     Check the documentation if the code is taking too long or if it crashes...
     Splitting the plot array to allow GP prediction of extended datasets, it may take a while...
     # 21 chunks of 93 times each
     Check the documentation if the code is taking too long or if it crashes...
     Splitting the plot array to allow GP prediction of extended datasets, it may take a while...
     # 21 chunks of 93 times each
     Check the documentation if the code is taking too long or if it crashes...
     Splitting the plot array to allow GP prediction of extended datasets, it may take a while...
     # 15 chunks of 93 times each
     Check the documentation if the code is taking too long or if it crashes...
     Splitting the plot array to allow GP prediction of extended datasets, it may take a while...
     # 15 chunks of 93 times each
     Check the documentation if the code is taking too long or if it crashes...
     Splitting the plot array to allow GP prediction of extended datasets, it may take a while...
     # 13 chunks of 93 times each
     Check the documentation if the code is taking too long or if it crashes...
     Splitting the plot array to allow GP prediction of extended datasets, it may take a while...
     # 15 chunks of 93 times each
     Check the documentation if the code is taking too long or if it crashes...
     Splitting the plot array to allow GP prediction of extended datasets, it may take a while...
     # 15 chunks of 93 times each
     Check the documentation if the code is taking too long or if it crashes...
     Splitting the plot array to allow GP prediction of extended datasets, it may take a while...
     # 13 chunks of 93 times each
     Check the documentation if the code is taking too long or if it crashes...
     Splitting the plot array to allow GP prediction of extended datasets, it may take a while...
     # 15 chunks of 93 times each
     Check the documentation if the code is taking too long or if it crashes...
     Splitting the plot array to allow GP prediction of extended datasets, it may take a while...
     # 15 chunks of 93 times each
     Check the documentation if the code is taking too long or if it crashes...
     Splitting the plot array to allow GP prediction of extended datasets, it may take a while...
     # 13 chunks of 93 times each
     Check the documentation if the code is taking too long or if it crashes...
     Splitting the plot array to allow GP prediction of extended datasets, it may take a while...
     # 15 chunks of 93 times each
     Check the documentation if the code is taking too long or if it crashes...
     Splitting the plot array to allow GP prediction of extended datasets, it may take a while...
     # 15 chunks of 93 times each
     Check the documentation if the code is taking too long or if it crashes...
     Splitting the plot array to allow GP prediction of extended datasets, it may take a while...
     # 13 chunks of 93 times each
     Check the documentation if the code is taking too long or if it crashes...
     Splitting the plot array to allow GP prediction of extended datasets, it may take a while...
     # 15 chunks of 93 times each
     Check the documentation if the code is taking too long or if it crashes...
     Splitting the plot array to allow GP prediction of extended datasets, it may take a while...
     # 15 chunks of 93 times each
     Check the documentation if the code is taking too long or if it crashes...
     Splitting the plot array to allow GP prediction of extended datasets, it may take a while...
     # 13 chunks of 93 times each
     Check the documentation if the code is taking too long or if it crashes...
 Writing the plots 
 Writing the   data files 
 Writing the  MAP_ data files 
 Writing the  sampleMED_ data files 

****************************************************************************************************

