
:::---::: PyORBIT v11.0.1 :::---:::

Python version in use:
3.10.18 (main, Jun  5 2025, 13:14:17) [GCC 11.2.0]

reloaded_optimize:  False
reloaded_pyde:  False
reloaded_emcee:  False

number of multiprocessing threads: 16
multiprocessing method (should be fork):  fork

parameters/safe_reload flag (must be True for tinygp):  False

Opening:  RVdata_expres
Opening:  RVdata_harps
Opening:  RVdata_neid
Opening:  FIESTAdata_expres_mode1
Opening:  FIESTAdata_expres_mode2
Opening:  FIESTAdata_harps_mode1
Opening:  FIESTAdata_harps_mode2
Opening:  FIESTAdata_harpsn_mode1
Opening:  FIESTAdata_harpsn_mode2
Opening:  FIESTAdata_neid_mode1
Opening:  FIESTAdata_neid_mode2

Adding common model of planet:  b
Adding common model of planet:  c
Adding common model of planet:  d
Using orbital model:  keplerian
Using orbital parametrization:  Eastman2013

Using orbital model:  keplerian
Using orbital parametrization:  Eastman2013

Using orbital model:  keplerian
Using orbital parametrization:  Eastman2013

gp_multidimensional  S+LEAF model, number of harmonics: 4

GP model: gp_multidimensional  hyperparameters_condition:    True
GP model: gp_multidimensional  rotation_decay_condition:     True

====================================================================================================
     Ids, spaces (s), boundaries (b) and priors (p) of the sampler parameters     
====================================================================================================

----- dataset:  RVdata_expres
jitter_0      id:  18  s:Linear      b:[      0.0010,      11.5000]   p:Uniform   []
offset_0      id:  19  s:Linear      b:[  -9997.8210,   10014.4770]   p:Uniform   []

----- dataset: RVdata_expres             ----- model: gp_multidimensional           
rot_amp       id:  20  s:Linear      b:[      0.0000,      10.0000]   p:Uniform   []
con_amp       id:  21  s:Linear      b:[    -20.0000,      20.0000]   p:Uniform   []

----- dataset:  RVdata_harps
jitter_0      id:  22  s:Linear      b:[      0.0009,      13.3000]   p:Uniform   []
offset_0      id:  23  s:Linear      b:[  -9996.1123,   10015.3455]   p:Uniform   []
offset_1      id:  24  s:Linear      b:[  -9996.1123,   10015.3455]   p:Uniform   []

----- dataset: RVdata_harps              ----- model: gp_multidimensional           
rot_amp       id:  25  s:Linear      b:[      0.0000,      10.0000]   p:Uniform   []
con_amp       id:  26  s:Linear      b:[    -20.0000,      20.0000]   p:Uniform   []

----- dataset:  RVdata_neid
jitter_0      id:  27  s:Linear      b:[      0.0010,      12.2000]   p:Uniform   []
offset_0      id:  28  s:Linear      b:[  -9996.9356,   10015.5004]   p:Uniform   []

----- dataset: RVdata_neid               ----- model: gp_multidimensional           
rot_amp       id:  29  s:Linear      b:[      0.0000,      10.0000]   p:Uniform   []
con_amp       id:  30  s:Linear      b:[    -20.0000,      20.0000]   p:Uniform   []

----- dataset:  FIESTAdata_expres_mode1
jitter_0      id:  31  s:Linear      b:[      0.0017,      18.9426]   p:Uniform   []
offset_0      id:  32  s:Linear      b:[ -10002.2130,   10002.1618]   p:Uniform   []

----- dataset: FIESTAdata_expres_mode1   ----- model: gp_multidimensional           
rot_amp       id:  33  s:Linear      b:[    -10.0000,      10.0000]   p:Uniform   []
con_amp       id:  34  s:Linear      b:[    -20.0000,      20.0000]   p:Uniform   []

----- dataset:  FIESTAdata_expres_mode2
jitter_0      id:  35  s:Linear      b:[      0.0019,      21.7012]   p:Uniform   []
offset_0      id:  36  s:Linear      b:[ -10003.3445,   10002.7002]   p:Uniform   []

----- dataset: FIESTAdata_expres_mode2   ----- model: gp_multidimensional           
rot_amp       id:  37  s:Linear      b:[    -10.0000,      10.0000]   p:Uniform   []
con_amp       id:  38  s:Linear      b:[    -20.0000,      20.0000]   p:Uniform   []

----- dataset:  FIESTAdata_harps_mode1
jitter_0      id:  39  s:Linear      b:[      0.0013,      15.1700]   p:Uniform   []
offset_0      id:  40  s:Linear      b:[ -10001.0951,   10001.4773]   p:Uniform   []

----- dataset: FIESTAdata_harps_mode1    ----- model: gp_multidimensional           
rot_amp       id:  41  s:Linear      b:[    -10.0000,      10.0000]   p:Uniform   []
con_amp       id:  42  s:Linear      b:[    -20.0000,      20.0000]   p:Uniform   []

----- dataset:  FIESTAdata_harps_mode2
jitter_0      id:  43  s:Linear      b:[      0.0016,      17.9392]   p:Uniform   []
offset_0      id:  44  s:Linear      b:[ -10001.9722,   10002.0457]   p:Uniform   []

----- dataset: FIESTAdata_harps_mode2    ----- model: gp_multidimensional           
rot_amp       id:  45  s:Linear      b:[    -10.0000,      10.0000]   p:Uniform   []
con_amp       id:  46  s:Linear      b:[    -20.0000,      20.0000]   p:Uniform   []

----- dataset:  FIESTAdata_harpsn_mode1
jitter_0      id:  47  s:Linear      b:[      0.0010,      12.1173]   p:Uniform   []
offset_0      id:  48  s:Linear      b:[ -10003.2049,   10003.1077]   p:Uniform   []

----- dataset: FIESTAdata_harpsn_mode1   ----- model: gp_multidimensional           
rot_amp       id:  49  s:Linear      b:[    -10.0000,      10.0000]   p:Uniform   []
con_amp       id:  50  s:Linear      b:[    -20.0000,      20.0000]   p:Uniform   []

----- dataset:  FIESTAdata_harpsn_mode2
jitter_0      id:  51  s:Linear      b:[      0.0011,      14.0174]   p:Uniform   []
offset_0      id:  52  s:Linear      b:[ -10003.3816,   10003.8502]   p:Uniform   []

----- dataset: FIESTAdata_harpsn_mode2   ----- model: gp_multidimensional           
rot_amp       id:  53  s:Linear      b:[    -10.0000,      10.0000]   p:Uniform   []
con_amp       id:  54  s:Linear      b:[    -20.0000,      20.0000]   p:Uniform   []

----- dataset:  FIESTAdata_neid_mode1
jitter_0      id:  55  s:Linear      b:[      0.0016,      19.0220]   p:Uniform   []
offset_0      id:  56  s:Linear      b:[ -10001.7697,   10001.9115]   p:Uniform   []

----- dataset: FIESTAdata_neid_mode1     ----- model: gp_multidimensional           
rot_amp       id:  57  s:Linear      b:[    -10.0000,      10.0000]   p:Uniform   []
con_amp       id:  58  s:Linear      b:[    -20.0000,      20.0000]   p:Uniform   []

----- dataset:  FIESTAdata_neid_mode2
jitter_0      id:  59  s:Linear      b:[      0.0020,      22.9785]   p:Uniform   []
offset_0      id:  60  s:Linear      b:[ -10002.4417,   10003.1502]   p:Uniform   []

----- dataset: FIESTAdata_neid_mode2     ----- model: gp_multidimensional           
rot_amp       id:  61  s:Linear      b:[    -10.0000,      10.0000]   p:Uniform   []
con_amp       id:  62  s:Linear      b:[    -20.0000,      20.0000]   p:Uniform   []

----- common model:  b
P             id:   0  s:Log_Base2   b:[      0.3785,       6.6439]   p:Uniform   []
K             id:   1  s:Log_Base2   b:[     -9.9658,       3.3219]   p:Uniform   []
sre_coso      id:   2  s:Linear      b:[     -1.0000,       1.0000]   p:Uniform   []
sre_sino      id:   3  s:Linear      b:[     -1.0000,       1.0000]   p:Uniform   []
mean_long     id:   4  s:Linear      b:[      0.0000,     360.0000]   p:Uniform   []
e             derived (no id, space, bound)                           p:Gaussian   [0.    0.098]
omega         derived (no id, space, bound)                           p:Uniform   [0.0, 360.0]

----- common model:  c
P             id:   5  s:Log_Base2   b:[      0.3785,       6.6439]   p:Uniform   []
K             id:   6  s:Log_Base2   b:[     -9.9658,       3.3219]   p:Uniform   []
sre_coso      id:   7  s:Linear      b:[     -1.0000,       1.0000]   p:Uniform   []
sre_sino      id:   8  s:Linear      b:[     -1.0000,       1.0000]   p:Uniform   []
mean_long     id:   9  s:Linear      b:[      0.0000,     360.0000]   p:Uniform   []
e             derived (no id, space, bound)                           p:Gaussian   [0.    0.098]
omega         derived (no id, space, bound)                           p:Uniform   [0.0, 360.0]

----- common model:  d
P             id:  10  s:Log_Base2   b:[      0.3785,       6.6439]   p:Uniform   []
K             id:  11  s:Log_Base2   b:[     -9.9658,       3.3219]   p:Uniform   []
sre_coso      id:  12  s:Linear      b:[     -1.0000,       1.0000]   p:Uniform   []
sre_sino      id:  13  s:Linear      b:[     -1.0000,       1.0000]   p:Uniform   []
mean_long     id:  14  s:Linear      b:[      0.0000,     360.0000]   p:Uniform   []
e             derived (no id, space, bound)                           p:Gaussian   [0.    0.098]
omega         derived (no id, space, bound)                           p:Uniform   [0.0, 360.0]

----- common model:  activity
Prot          id:  15  s:Linear      b:[     20.0000,      35.0000]   p:Gaussian   [28.   0.5]
Pdec          id:  16  s:Linear      b:[     30.0000,    1000.0000]   p:Uniform   []
Oamp          id:  17  s:Log_Base2   b:[     -6.6439,       0.0000]   p:Gaussian   [0.35  0.035]

----- common model:  star_parameters
mass          derived (no id, space, bound)                           p:Gaussian   [1.e+00 1.e-06]
radius        derived (no id, space, bound)                           p:Gaussian   [1.e+00 1.e-06]
density       derived (no id, space, bound)                           p:Gaussian   [1.e+00 1.e-06]

Include priors:  True

Reference Time Tref:  59334.700184

Dimensions =  63
Nwalkers =  252

Using threading pool for PyDE: True
PyDE running
Boundaries redefined after PyDE output
PyDE completed, it took        251.0 seconds

====================================================================================================
     Starting point of the sample/optimization routines    
====================================================================================================

----- dataset:  RVdata_expres
jitter_0        18      0.996292 [    0.0010,    11.5000]
offset_0        19      6.776669 [-9997.8210, 10014.4770]

----- dataset: RVdata_expres             ----- model: gp_multidimensional           
rot_amp         20      1.450291 [    0.0000,    10.0000]
con_amp         21    -11.776318 [  -20.0000,    20.0000]

----- dataset:  RVdata_harps
jitter_0        22      1.106236 [    0.0009,    13.3000]
offset_0        23      7.668949 [-9996.1123, 10015.3455]
offset_1        24      7.921588 [-9996.1123, 10015.3455]

----- dataset: RVdata_harps              ----- model: gp_multidimensional           
rot_amp         25      8.459194 [    0.0000,    10.0000]
con_amp         26     -8.088679 [  -20.0000,    20.0000]

----- dataset:  RVdata_neid
jitter_0        27      1.191082 [    0.0010,    12.2000]
offset_0        28      7.994152 [-9996.9356, 10015.5004]

----- dataset: RVdata_neid               ----- model: gp_multidimensional           
rot_amp         29      0.910368 [    0.0000,    10.0000]
con_amp         30     -9.584929 [  -20.0000,    20.0000]

----- dataset:  FIESTAdata_expres_mode1
jitter_0        31      0.961730 [    0.0017,    18.9426]
offset_0        32     -0.021517 [-10002.2130, 10002.1618]

----- dataset: FIESTAdata_expres_mode1   ----- model: gp_multidimensional           
rot_amp         33      7.599865 [  -10.0000,    10.0000]
con_amp         34     -0.068693 [  -20.0000,    20.0000]

----- dataset:  FIESTAdata_expres_mode2
jitter_0        35      1.284094 [    0.0019,    21.7012]
offset_0        36      0.002115 [-10003.3445, 10002.7002]

----- dataset: FIESTAdata_expres_mode2   ----- model: gp_multidimensional           
rot_amp         37     -5.841063 [  -10.0000,    10.0000]
con_amp         38      1.494098 [  -20.0000,    20.0000]

----- dataset:  FIESTAdata_harps_mode1
jitter_0        39      0.629406 [    0.0013,    15.1700]
offset_0        40      0.074053 [-10001.0951, 10001.4773]

----- dataset: FIESTAdata_harps_mode1    ----- model: gp_multidimensional           
rot_amp         41      7.013404 [  -10.0000,    10.0000]
con_amp         42     -0.007530 [  -20.0000,    20.0000]

----- dataset:  FIESTAdata_harps_mode2
jitter_0        43      1.055984 [    0.0016,    17.9392]
offset_0        44      0.591269 [-10001.9722, 10002.0457]

----- dataset: FIESTAdata_harps_mode2    ----- model: gp_multidimensional           
rot_amp         45     -7.615757 [  -10.0000,    10.0000]
con_amp         46     -2.914696 [  -20.0000,    20.0000]

----- dataset:  FIESTAdata_harpsn_mode1
jitter_0        47      1.084823 [    0.0010,    12.1173]
offset_0        48     -0.094863 [-10003.2049, 10003.1077]

----- dataset: FIESTAdata_harpsn_mode1   ----- model: gp_multidimensional           
rot_amp         49      9.160998 [  -10.0000,    10.0000]
con_amp         50      0.686233 [  -20.0000,    20.0000]

----- dataset:  FIESTAdata_harpsn_mode2
jitter_0        51      1.286879 [    0.0011,    14.0174]
offset_0        52      0.091536 [-10003.3816, 10003.8502]

----- dataset: FIESTAdata_harpsn_mode2   ----- model: gp_multidimensional           
rot_amp         53     -9.240874 [  -10.0000,    10.0000]
con_amp         54     -0.027799 [  -20.0000,    20.0000]

----- dataset:  FIESTAdata_neid_mode1
jitter_0        55      0.767018 [    0.0016,    19.0220]
offset_0        56     -0.004643 [-10001.7697, 10001.9115]

----- dataset: FIESTAdata_neid_mode1     ----- model: gp_multidimensional           
rot_amp         57     -0.626949 [  -10.0000,    10.0000]
con_amp         58     -0.181017 [  -20.0000,    20.0000]

----- dataset:  FIESTAdata_neid_mode2
jitter_0        59      1.239668 [    0.0020,    22.9785]
offset_0        60      0.019634 [-10002.4417, 10003.1502]

----- dataset: FIESTAdata_neid_mode2     ----- model: gp_multidimensional           
rot_amp         61      1.090692 [  -10.0000,    10.0000]
con_amp         62      0.901134 [  -20.0000,    20.0000]

----- common model:  b
P                0      4.060687 [    0.3785,     6.6439]
K                1     -2.251012 [   -9.9658,     3.3219]
sre_coso         2      0.014508 [   -1.0000,     1.0000]
sre_sino         3      0.073717 [   -1.0000,     1.0000]
mean_long        4    197.454283 [   17.2064,   377.2064]

----- common model:  c
P                5      4.430562 [    0.3785,     6.6439]
K                6     -0.471839 [   -9.9658,     3.3219]
sre_coso         7      0.062267 [   -1.0000,     1.0000]
sre_sino         8      0.008170 [   -1.0000,     1.0000]
mean_long        9    271.410391 [   91.3070,   451.3070]

----- common model:  d
P               10      4.069407 [    0.3785,     6.6439]
K               11     -2.760547 [   -9.9658,     3.3219]
sre_coso        12      0.003783 [   -1.0000,     1.0000]
sre_sino        13     -0.014492 [   -1.0000,     1.0000]
mean_long       14    213.839939 [   33.6414,   393.6414]

----- common model:  activity
Prot            15     27.586033 [   20.0000,    35.0000]
Pdec            16     67.818751 [   30.0000,  1000.0000]
Oamp            17     -1.421775 [   -6.6439,     0.0000]

----- common model:  star_parameters

====================================================================================================
     Starting point projected onto the model parameter space     
====================================================================================================

----- dataset:  RVdata_expres
jitter_0              0.996292 
offset_0              6.776669 


----- dataset: RVdata_expres             ----- model: gp_multidimensional           
rot_amp               1.450291 
con_amp             -11.776318 

----- dataset:  RVdata_harps
jitter_0              1.106236 
offset_0              7.668949 
offset_1              7.921588 


----- dataset: RVdata_harps              ----- model: gp_multidimensional           
rot_amp               8.459194 
con_amp              -8.088679 

----- dataset:  RVdata_neid
jitter_0              1.191082 
offset_0              7.994152 


----- dataset: RVdata_neid               ----- model: gp_multidimensional           
rot_amp               0.910368 
con_amp              -9.584929 

----- dataset:  FIESTAdata_expres_mode1
jitter_0              0.961730 
offset_0             -0.021517 


----- dataset: FIESTAdata_expres_mode1   ----- model: gp_multidimensional           
rot_amp               7.599865 
con_amp              -0.068693 

----- dataset:  FIESTAdata_expres_mode2
jitter_0              1.284094 
offset_0              0.002115 


----- dataset: FIESTAdata_expres_mode2   ----- model: gp_multidimensional           
rot_amp              -5.841063 
con_amp               1.494098 

----- dataset:  FIESTAdata_harps_mode1
jitter_0              0.629406 
offset_0              0.074053 


----- dataset: FIESTAdata_harps_mode1    ----- model: gp_multidimensional           
rot_amp               7.013404 
con_amp              -0.007530 

----- dataset:  FIESTAdata_harps_mode2
jitter_0              1.055984 
offset_0              0.591269 


----- dataset: FIESTAdata_harps_mode2    ----- model: gp_multidimensional           
rot_amp              -7.615757 
con_amp              -2.914696 

----- dataset:  FIESTAdata_harpsn_mode1
jitter_0              1.084823 
offset_0             -0.094863 


----- dataset: FIESTAdata_harpsn_mode1   ----- model: gp_multidimensional           
rot_amp               9.160998 
con_amp               0.686233 

----- dataset:  FIESTAdata_harpsn_mode2
jitter_0              1.286879 
offset_0              0.091536 


----- dataset: FIESTAdata_harpsn_mode2   ----- model: gp_multidimensional           
rot_amp              -9.240874 
con_amp              -0.027799 

----- dataset:  FIESTAdata_neid_mode1
jitter_0              0.767018 
offset_0             -0.004643 


----- dataset: FIESTAdata_neid_mode1     ----- model: gp_multidimensional           
rot_amp              -0.626949 
con_amp              -0.181017 

----- dataset:  FIESTAdata_neid_mode2
jitter_0              1.239668 
offset_0              0.019634 


----- dataset: FIESTAdata_neid_mode2     ----- model: gp_multidimensional           
rot_amp               1.090692 
con_amp               0.901134 

----- common model:  b
P                    16.687402 
K                     0.210077 
mean_long           197.454283 
e                     0.005645 
omega                78.865790 

----- common model:  c
P                    21.564141 
K                     0.721045 
mean_long           271.410391 
e                     0.003944 
omega                 7.474901 

----- common model:  d
P                    16.788564 
K                     0.147568 
mean_long           213.839939 
e                     0.000224 
omega               -75.368482 

----- common model:  activity
Prot                 27.586033 
Pdec                 67.818751 
Oamp                  0.373253 

----- common model:  star_parameters

====================================================================================================
     Derived parameters obtained from starting point     
====================================================================================================

----- common model:  b
Inclination fixed to 90 deg!
a_Rs                 27.468890 
M_Mj                  0.002641 
M_Me                  0.839493 
Tc                59346.400895 
a_AU_(M)              0.127799 
a_AU_(rho,R)          0.127798 

----- common model:  c
Inclination fixed to 90 deg!
a_Rs                 32.588991 
M_Mj                  0.009873 
M_Me                  3.138497 
Tc                59345.370941 
a_AU_(M)              0.151620 
a_AU_(rho,R)          0.151619 

----- common model:  d
Inclination fixed to 90 deg!
a_Rs                 27.579852 
M_Mj                  0.001859 
M_Me                  0.590899 
Tc                59345.713182 
a_AU_(M)              0.128315 
a_AU_(rho,R)          0.128314 


====================================================================================================
     Statistics on the log-likelihood     
====================================================================================================

 LN probability:         -inf 

====================================================================================================
     ------------------------------------------------------------------------------------------     
====================================================================================================



*************************************************************

Running emcee

emcee version:  3.1.6
Using threading pool for emcee: True

Saving temporary steps


Computing the autocorrelation time of the chains

***** WARNING ******
The integrated autocorrelation time cannot be reliably estimated
likely the chains are too short, and ACF analysis is not fully reliable
emcee.autocorr.integrated_time tolerance lowered to 20
If you still get a warning, you should drop these results entirely
Chains too short to apply convergence criteria
They should be at least 18900*nthin = 189000

====================================================================================================
     Statistics on the posterior of the sampler parameters     
====================================================================================================

----- dataset:  RVdata_expres
jitter_0        18         1.014       -0.077        0.086   (15-84 p)   [    0.0010,    11.5000]
offset_0        19          6.76        -0.26         0.28   (15-84 p)   [-9997.8210, 10014.4770]

----- dataset: RVdata_expres             ----- model: gp_multidimensional           
rot_amp         20           1.4         -1.0          1.9   (15-84 p)   [    0.0000,    10.0000]
con_amp         21         -10.9         -1.9          2.1   (15-84 p)   [  -20.0000,    20.0000]

----- dataset:  RVdata_harps
jitter_0        22         1.094       -0.070        0.082   (15-84 p)   [    0.0009,    13.3000]
offset_0        23          7.65        -0.21         0.20   (15-84 p)   [-9996.1123, 10015.3455]
offset_1        24          7.92        -0.26         0.25   (15-84 p)   [-9996.1123, 10015.3455]

----- dataset: RVdata_harps              ----- model: gp_multidimensional           
rot_amp         25           8.1         -1.8          1.3   (15-84 p)   [    0.0000,    10.0000]
con_amp         26          -7.5         -1.4          1.3   (15-84 p)   [  -20.0000,    20.0000]

----- dataset:  RVdata_neid
jitter_0        27         1.203       -0.096        0.099   (15-84 p)   [    0.0010,    12.2000]
offset_0        28          7.99        -0.20         0.26   (15-84 p)   [-9996.9356, 10015.5004]

----- dataset: RVdata_neid               ----- model: gp_multidimensional           
rot_amp         29          0.89        -0.64          1.2   (15-84 p)   [    0.0000,    10.0000]
con_amp         30          -8.9         -1.6          1.7   (15-84 p)   [  -20.0000,    20.0000]

----- dataset:  FIESTAdata_expres_mode1
jitter_0        31         0.958       -0.072        0.071   (15-84 p)   [    0.0017,    18.9426]
offset_0        32        -0.026       -0.099        0.092   (15-84 p)   [-10002.2130, 10002.1618]

----- dataset: FIESTAdata_expres_mode1   ----- model: gp_multidimensional           
rot_amp         33           7.7         -2.0          1.4   (15-84 p)   [  -10.0000,    10.0000]
con_amp         34         -0.10        -0.47         0.45   (15-84 p)   [  -20.0000,    20.0000]

----- dataset:  FIESTAdata_expres_mode2
jitter_0        35         1.283       -0.098        0.094   (15-84 p)   [    0.0019,    21.7012]
offset_0        36          0.01        -0.13         0.12   (15-84 p)   [-10003.3445, 10002.7002]

----- dataset: FIESTAdata_expres_mode2   ----- model: gp_multidimensional           
rot_amp         37          -5.9         -2.4          2.5   (15-84 p)   [  -10.0000,    10.0000]
con_amp         38          1.43        -0.53         0.51   (15-84 p)   [  -20.0000,    20.0000]

----- dataset:  FIESTAdata_harps_mode1
jitter_0        39         0.645       -0.088        0.089   (15-84 p)   [    0.0013,    15.1700]
offset_0        40          0.19        -0.41         0.39   (15-84 p)   [-10001.0951, 10001.4773]

----- dataset: FIESTAdata_harps_mode1    ----- model: gp_multidimensional           
rot_amp         41           6.7         -2.8          2.4   (15-84 p)   [  -10.0000,    10.0000]
con_amp         42          -0.6         -1.5          1.8   (15-84 p)   [  -20.0000,    20.0000]

----- dataset:  FIESTAdata_harps_mode2
jitter_0        43          1.09        -0.14         0.13   (15-84 p)   [    0.0016,    17.9392]
offset_0        44          0.40        -0.51         0.46   (15-84 p)   [-10001.9722, 10002.0457]

----- dataset: FIESTAdata_harps_mode2    ----- model: gp_multidimensional           
rot_amp         45          -7.3         -2.0          2.9   (15-84 p)   [  -10.0000,    10.0000]
con_amp         46          -1.8         -2.2          2.3   (15-84 p)   [  -20.0000,    20.0000]

----- dataset:  FIESTAdata_harpsn_mode1
jitter_0        47         1.065       -0.084        0.091   (15-84 p)   [    0.0010,    12.1173]
offset_0        48         -0.11        -0.13         0.11   (15-84 p)   [-10003.2049, 10003.1077]

----- dataset: FIESTAdata_harpsn_mode1   ----- model: gp_multidimensional           
rot_amp         49          8.75         -1.2         0.92   (15-84 p)   [  -10.0000,    10.0000]
con_amp         50          0.66        -0.36         0.44   (15-84 p)   [  -20.0000,    20.0000]

----- dataset:  FIESTAdata_harpsn_mode2
jitter_0        51         1.276       -0.080        0.080   (15-84 p)   [    0.0011,    14.0174]
offset_0        52          0.11        -0.14         0.13   (15-84 p)   [-10003.3816, 10003.8502]

----- dataset: FIESTAdata_harpsn_mode2   ----- model: gp_multidimensional           
rot_amp         53         -9.05        -0.71          1.2   (15-84 p)   [  -10.0000,    10.0000]
con_amp         54         -0.07        -0.51         0.42   (15-84 p)   [  -20.0000,    20.0000]

----- dataset:  FIESTAdata_neid_mode1
jitter_0        55         0.764       -0.057        0.065   (15-84 p)   [    0.0016,    19.0220]
offset_0        56         0.011       -0.065        0.087   (15-84 p)   [-10001.7697, 10001.9115]

----- dataset: FIESTAdata_neid_mode1     ----- model: gp_multidimensional           
rot_amp         57          -1.0         -2.0          1.8   (15-84 p)   [  -10.0000,    10.0000]
con_amp         58         -0.26        -0.39         0.32   (15-84 p)   [  -20.0000,    20.0000]

----- dataset:  FIESTAdata_neid_mode2
jitter_0        59         1.235        -0.10        0.096   (15-84 p)   [    0.0020,    22.9785]
offset_0        60          0.01        -0.14         0.13   (15-84 p)   [-10002.4417, 10003.1502]

----- dataset: FIESTAdata_neid_mode2     ----- model: gp_multidimensional           
rot_amp         61           1.9         -2.7          3.0   (15-84 p)   [  -10.0000,    10.0000]
con_amp         62          0.89        -0.45         0.51   (15-84 p)   [  -20.0000,    20.0000]

----- common model:  b
P                0           4.4         -3.2          1.3   (15-84 p)   [    0.3785,     6.6439]
K                1          -2.0         -6.1          2.2   (15-84 p)   [   -9.9658,     3.3219]
sre_coso         2          0.01        -0.23         0.23   (15-84 p)   [   -1.0000,     1.0000]
sre_sino         3          0.07        -0.23         0.20   (15-84 p)   [   -1.0000,     1.0000]
mean_long        4           205         -149          121   (15-84 p)   [   17.2064,   377.2064]

----- common model:  c
P                5          4.49        -0.35         0.91   (15-84 p)   [    0.3785,     6.6439]
K                6         -0.07         -6.6         0.85   (15-84 p)   [   -9.9658,     3.3219]
sre_coso         7          0.06        -0.22         0.20   (15-84 p)   [   -1.0000,     1.0000]
sre_sino         8          0.02        -0.23         0.22   (15-84 p)   [   -1.0000,     1.0000]
mean_long        9           300         -124           72   (15-84 p)   [   91.3070,   451.3070]

----- common model:  d
P               10           4.3         -3.1          1.0   (15-84 p)   [    0.3785,     6.6439]
K               11          -2.2         -5.6          2.3   (15-84 p)   [   -9.9658,     3.3219]
sre_coso        12          0.01        -0.23         0.24   (15-84 p)   [   -1.0000,     1.0000]
sre_sino        13         -0.00        -0.22         0.24   (15-84 p)   [   -1.0000,     1.0000]
mean_long       14           271         -181           89   (15-84 p)   [   33.6414,   393.6414]

----- common model:  activity
Prot            15         27.46        -0.46         0.39   (15-84 p)   [   20.0000,    35.0000]
Pdec            16            62          -13           14   (15-84 p)   [   30.0000,  1000.0000]
Oamp            17         -1.42        -0.14         0.12   (15-84 p)   [   -6.6439,     0.0000]

----- common model:  star_parameters

====================================================================================================
     Statistics on the model parameters obtained from the posteriors samples     
====================================================================================================

----- dataset:  RVdata_expres
jitter_0                 1.014       -0.077        0.086    (15-84 p)
offset_0                  6.76        -0.26         0.28    (15-84 p)


----- dataset: RVdata_expres             ----- model: gp_multidimensional           
rot_amp                    1.4         -1.0          1.9    (15-84 p)
con_amp                  -10.9         -1.9          2.1    (15-84 p)

----- dataset:  RVdata_harps
jitter_0                 1.094       -0.070        0.082    (15-84 p)
offset_0                  7.65        -0.21         0.20    (15-84 p)
offset_1                  7.92        -0.26         0.25    (15-84 p)


----- dataset: RVdata_harps              ----- model: gp_multidimensional           
rot_amp                    8.1         -1.8          1.3    (15-84 p)
con_amp                   -7.5         -1.4          1.3    (15-84 p)

----- dataset:  RVdata_neid
jitter_0                 1.203       -0.096        0.099    (15-84 p)
offset_0                  7.99        -0.20         0.26    (15-84 p)


----- dataset: RVdata_neid               ----- model: gp_multidimensional           
rot_amp                   0.89        -0.64          1.2    (15-84 p)
con_amp                   -8.9         -1.6          1.7    (15-84 p)

----- dataset:  FIESTAdata_expres_mode1
jitter_0                 0.958       -0.072        0.071    (15-84 p)
offset_0                -0.026       -0.099        0.092    (15-84 p)


----- dataset: FIESTAdata_expres_mode1   ----- model: gp_multidimensional           
rot_amp                    7.7         -2.0          1.4    (15-84 p)
con_amp                  -0.10        -0.47         0.45    (15-84 p)

----- dataset:  FIESTAdata_expres_mode2
jitter_0                 1.283       -0.098        0.094    (15-84 p)
offset_0                  0.01        -0.13         0.12    (15-84 p)


----- dataset: FIESTAdata_expres_mode2   ----- model: gp_multidimensional           
rot_amp                   -5.9         -2.4          2.5    (15-84 p)
con_amp                   1.43        -0.53         0.51    (15-84 p)

----- dataset:  FIESTAdata_harps_mode1
jitter_0                 0.645       -0.088        0.089    (15-84 p)
offset_0                  0.19        -0.41         0.39    (15-84 p)


----- dataset: FIESTAdata_harps_mode1    ----- model: gp_multidimensional           
rot_amp                    6.7         -2.8          2.4    (15-84 p)
con_amp                   -0.6         -1.5          1.8    (15-84 p)

----- dataset:  FIESTAdata_harps_mode2
jitter_0                  1.09        -0.14         0.13    (15-84 p)
offset_0                  0.40        -0.51         0.46    (15-84 p)


----- dataset: FIESTAdata_harps_mode2    ----- model: gp_multidimensional           
rot_amp                   -7.3         -2.0          2.9    (15-84 p)
con_amp                   -1.8         -2.2          2.3    (15-84 p)

----- dataset:  FIESTAdata_harpsn_mode1
jitter_0                 1.065       -0.084        0.091    (15-84 p)
offset_0                 -0.11        -0.13         0.11    (15-84 p)


----- dataset: FIESTAdata_harpsn_mode1   ----- model: gp_multidimensional           
rot_amp                   8.75         -1.2         0.92    (15-84 p)
con_amp                   0.66        -0.36         0.44    (15-84 p)

----- dataset:  FIESTAdata_harpsn_mode2
jitter_0                 1.276       -0.080        0.080    (15-84 p)
offset_0                  0.11        -0.14         0.13    (15-84 p)


----- dataset: FIESTAdata_harpsn_mode2   ----- model: gp_multidimensional           
rot_amp                  -9.05        -0.71          1.2    (15-84 p)
con_amp                  -0.07        -0.51         0.42    (15-84 p)

----- dataset:  FIESTAdata_neid_mode1
jitter_0                 0.764       -0.057        0.065    (15-84 p)
offset_0                 0.011       -0.065        0.087    (15-84 p)


----- dataset: FIESTAdata_neid_mode1     ----- model: gp_multidimensional           
rot_amp                   -1.0         -2.0          1.8    (15-84 p)
con_amp                  -0.26        -0.39         0.32    (15-84 p)

----- dataset:  FIESTAdata_neid_mode2
jitter_0                 1.235        -0.10        0.096    (15-84 p)
offset_0                  0.01        -0.14         0.13    (15-84 p)


----- dataset: FIESTAdata_neid_mode2     ----- model: gp_multidimensional           
rot_amp                    1.9         -2.7          3.0    (15-84 p)
con_amp                   0.89        -0.45         0.51    (15-84 p)

----- common model:  b
P                           21          -19           33    (15-84 p)
K                         0.24        -0.24         0.92    (15-84 p)
mean_long                  205         -149          121    (15-84 p)
e                        0.073       -0.051        0.082    (15-84 p)
omega                       37         -141           90    (15-84 p)

----- common model:  c
P                         22.5         -4.8           20    (15-84 p)
K                         0.95        -0.94         0.76    (15-84 p)
mean_long                  300         -124           72    (15-84 p)
e                        0.073       -0.052        0.081    (15-84 p)
omega                       10         -106           93    (15-84 p)

----- common model:  d
P                           20          -17           20    (15-84 p)
K                         0.22        -0.22         0.89    (15-84 p)
mean_long                  271         -181           89    (15-84 p)
e                        0.082       -0.056        0.071    (15-84 p)
omega                       -2         -120          119    (15-84 p)

----- common model:  activity
Prot                     27.46        -0.46         0.39    (15-84 p)
Pdec                        62          -13           14    (15-84 p)
Oamp                     0.373       -0.034        0.033    (15-84 p)

----- common model:  star_parameters

====================================================================================================
     Statistics on the derived parameters obtained from the posteriors samples     
====================================================================================================

----- common model:  b
Inclination fixed to 90 deg!
Computing planetary mass under the approximation M_planet << M_star (threshold at 30.0 Me)
a_Rs                        32          -25           28    (15-84 p)
M_Mj                    0.0021      -0.0021        0.015    (15-84 p)
M_Me                      0.67        -0.66          4.8    (15-84 p)
Tc                     59341.7         -6.1           17    (15-84 p)
a_AU_(M)                  0.15        -0.12         0.13    (15-84 p)
a_AU_(rho,R)              0.15        -0.12         0.13    (15-84 p)

----- common model:  c
Inclination fixed to 90 deg!
Computing planetary mass under the approximation M_planet << M_star (threshold at 30.0 Me)
a_Rs                      33.5         -5.0           18    (15-84 p)
M_Mj                     0.014       -0.014        0.011    (15-84 p)
M_Me                       4.5         -4.5          3.4    (15-84 p)
Tc                     59343.4         -4.4          8.6    (15-84 p)
a_AU_(M)                 0.156       -0.023        0.082    (15-84 p)
a_AU_(rho,R)             0.156       -0.023        0.082    (15-84 p)

----- common model:  d
Inclination fixed to 90 deg!
Computing planetary mass under the approximation M_planet << M_star (threshold at 30.0 Me)
a_Rs                        31          -23           18    (15-84 p)
M_Mj                    0.0018      -0.0017        0.014    (15-84 p)
M_Me                      0.57        -0.55          4.5    (15-84 p)
Tc                     59340.5         -5.2          9.1    (15-84 p)
a_AU_(M)                 0.142        -0.11        0.085    (15-84 p)
a_AU_(rho,R)             0.142        -0.11        0.085    (15-84 p)


====================================================================================================
     ------------------------------------------------------------------------------------------     
====================================================================================================



35000.0   steps completed, average lnprob:,  -1593.4811906358823


Computing the autocorrelation time of the chains

***** WARNING ******
The integrated autocorrelation time cannot be reliably estimated
likely the chains are too short, and ACF analysis is not fully reliable
emcee.autocorr.integrated_time tolerance lowered to 20
If you still get a warning, you should drop these results entirely
Chains too short to apply convergence criteria
They should be at least 38600*nthin = 386000

====================================================================================================
     Statistics on the posterior of the sampler parameters     
====================================================================================================

----- dataset:  RVdata_expres
jitter_0        18         1.022       -0.082        0.086   (15-84 p)   [    0.0010,    11.5000]
offset_0        19          6.76        -0.37         0.38   (15-84 p)   [-9997.8210, 10014.4770]

----- dataset: RVdata_expres             ----- model: gp_multidimensional           
rot_amp         20           1.4         -1.0          1.9   (15-84 p)   [    0.0000,    10.0000]
con_amp         21         -10.2         -2.4          2.2   (15-84 p)   [  -20.0000,    20.0000]

----- dataset:  RVdata_harps
jitter_0        22         1.094       -0.080        0.089   (15-84 p)   [    0.0009,    13.3000]
offset_0        23          7.64        -0.29         0.29   (15-84 p)   [-9996.1123, 10015.3455]
offset_1        24          7.92        -0.35         0.32   (15-84 p)   [-9996.1123, 10015.3455]

----- dataset: RVdata_harps              ----- model: gp_multidimensional           
rot_amp         25           7.8         -1.9          1.5   (15-84 p)   [    0.0000,    10.0000]
con_amp         26          -7.2         -1.5          1.4   (15-84 p)   [  -20.0000,    20.0000]

----- dataset:  RVdata_neid
jitter_0        27         1.207       -0.095         0.11   (15-84 p)   [    0.0010,    12.2000]
offset_0        28          7.99        -0.30         0.32   (15-84 p)   [-9996.9356, 10015.5004]

----- dataset: RVdata_neid               ----- model: gp_multidimensional           
rot_amp         29          0.97        -0.70          1.3   (15-84 p)   [    0.0000,    10.0000]
con_amp         30          -8.4         -1.9          1.6   (15-84 p)   [  -20.0000,    20.0000]

----- dataset:  FIESTAdata_expres_mode1
jitter_0        31         0.956       -0.072        0.075   (15-84 p)   [    0.0017,    18.9426]
offset_0        32         -0.03        -0.11         0.10   (15-84 p)   [-10002.2130, 10002.1618]

----- dataset: FIESTAdata_expres_mode1   ----- model: gp_multidimensional           
rot_amp         33           7.6         -2.2          1.5   (15-84 p)   [  -10.0000,    10.0000]
con_amp         34         -0.16        -0.42         0.46   (15-84 p)   [  -20.0000,    20.0000]

----- dataset:  FIESTAdata_expres_mode2
jitter_0        35         1.276        -0.10        0.096   (15-84 p)   [    0.0019,    21.7012]
offset_0        36          0.02        -0.14         0.15   (15-84 p)   [-10003.3445, 10002.7002]

----- dataset: FIESTAdata_expres_mode2   ----- model: gp_multidimensional           
rot_amp         37          -5.7         -2.5          2.6   (15-84 p)   [  -10.0000,    10.0000]
con_amp         38          1.36        -0.54         0.58   (15-84 p)   [  -20.0000,    20.0000]

----- dataset:  FIESTAdata_harps_mode1
jitter_0        39         0.650       -0.092        0.098   (15-84 p)   [    0.0013,    15.1700]
offset_0        40          0.24        -0.42         0.38   (15-84 p)   [-10001.0951, 10001.4773]

----- dataset: FIESTAdata_harps_mode1    ----- model: gp_multidimensional           
rot_amp         41           6.3         -2.7          2.4   (15-84 p)   [  -10.0000,    10.0000]
con_amp         42          -0.8         -1.3          1.9   (15-84 p)   [  -20.0000,    20.0000]

----- dataset:  FIESTAdata_harps_mode2
jitter_0        43          1.11        -0.15         0.15   (15-84 p)   [    0.0016,    17.9392]
offset_0        44          0.33        -0.61         0.52   (15-84 p)   [-10001.9722, 10002.0457]

----- dataset: FIESTAdata_harps_mode2    ----- model: gp_multidimensional           
rot_amp         45          -7.2         -2.1          2.9   (15-84 p)   [  -10.0000,    10.0000]
con_amp         46          -1.2         -2.6          2.2   (15-84 p)   [  -20.0000,    20.0000]

----- dataset:  FIESTAdata_harpsn_mode1
jitter_0        47         1.062       -0.088        0.090   (15-84 p)   [    0.0010,    12.1173]
offset_0        48         -0.13        -0.16         0.13   (15-84 p)   [-10003.2049, 10003.1077]

----- dataset: FIESTAdata_harpsn_mode1   ----- model: gp_multidimensional           
rot_amp         49           8.6         -1.4          1.0   (15-84 p)   [  -10.0000,    10.0000]
con_amp         50          0.67        -0.37         0.41   (15-84 p)   [  -20.0000,    20.0000]

----- dataset:  FIESTAdata_harpsn_mode2
jitter_0        51         1.272       -0.086        0.089   (15-84 p)   [    0.0011,    14.0174]
offset_0        52          0.12        -0.15         0.15   (15-84 p)   [-10003.3816, 10003.8502]

----- dataset: FIESTAdata_harpsn_mode2   ----- model: gp_multidimensional           
rot_amp         53         -8.86        -0.85          1.3   (15-84 p)   [  -10.0000,    10.0000]
con_amp         54         -0.11        -0.51         0.44   (15-84 p)   [  -20.0000,    20.0000]

----- dataset:  FIESTAdata_neid_mode1
jitter_0        55         0.763       -0.059        0.066   (15-84 p)   [    0.0016,    19.0220]
offset_0        56         0.018       -0.078        0.082   (15-84 p)   [-10001.7697, 10001.9115]

----- dataset: FIESTAdata_neid_mode1     ----- model: gp_multidimensional           
rot_amp         57          -1.3         -2.0          1.9   (15-84 p)   [  -10.0000,    10.0000]
con_amp         58         -0.31        -0.41         0.34   (15-84 p)   [  -20.0000,    20.0000]

----- dataset:  FIESTAdata_neid_mode2
jitter_0        59         1.235       -0.099         0.10   (15-84 p)   [    0.0020,    22.9785]
offset_0        60         -0.00        -0.15         0.14   (15-84 p)   [-10002.4417, 10003.1502]

----- dataset: FIESTAdata_neid_mode2     ----- model: gp_multidimensional           
rot_amp         61           2.3         -3.0          2.9   (15-84 p)   [  -10.0000,    10.0000]
con_amp         62          0.91        -0.46         0.53   (15-84 p)   [  -20.0000,    20.0000]

----- common model:  b
P                0           4.4         -3.2          1.2   (15-84 p)   [    0.3785,     6.6439]
K                1          -1.9         -6.0          2.3   (15-84 p)   [   -9.9658,     3.3219]
sre_coso         2         -0.00        -0.22         0.23   (15-84 p)   [   -1.0000,     1.0000]
sre_sino         3          0.05        -0.22         0.21   (15-84 p)   [   -1.0000,     1.0000]
mean_long        4           218         -161          116   (15-84 p)   [   17.2064,   377.2064]

----- common model:  c
P                5          4.48        -0.53         0.79   (15-84 p)   [    0.3785,     6.6439]
K                6          0.05         -6.2         0.77   (15-84 p)   [   -9.9658,     3.3219]
sre_coso         7          0.07        -0.22         0.20   (15-84 p)   [   -1.0000,     1.0000]
sre_sino         8          0.04        -0.23         0.22   (15-84 p)   [   -1.0000,     1.0000]
mean_long        9           303         -114           71   (15-84 p)   [   91.3070,   451.3070]

----- common model:  d
P               10          4.36         -3.2         0.95   (15-84 p)   [    0.3785,     6.6439]
K               11          -2.1         -5.6          2.4   (15-84 p)   [   -9.9658,     3.3219]
sre_coso        12          0.01        -0.24         0.23   (15-84 p)   [   -1.0000,     1.0000]
sre_sino        13         -0.00        -0.23         0.22   (15-84 p)   [   -1.0000,     1.0000]
mean_long       14           265         -179           90   (15-84 p)   [   33.6414,   393.6414]

----- common model:  activity
Prot            15         27.40        -0.44         0.43   (15-84 p)   [   20.0000,    35.0000]
Pdec            16            59          -14           15   (15-84 p)   [   30.0000,  1000.0000]
Oamp            17         -1.42        -0.14         0.12   (15-84 p)   [   -6.6439,     0.0000]

----- common model:  star_parameters

====================================================================================================
     Statistics on the model parameters obtained from the posteriors samples     
====================================================================================================

----- dataset:  RVdata_expres
jitter_0                 1.022       -0.082        0.086    (15-84 p)
offset_0                  6.76        -0.37         0.38    (15-84 p)


----- dataset: RVdata_expres             ----- model: gp_multidimensional           
rot_amp                    1.4         -1.0          1.9    (15-84 p)
con_amp                  -10.2         -2.4          2.2    (15-84 p)

----- dataset:  RVdata_harps
jitter_0                 1.094       -0.080        0.089    (15-84 p)
offset_0                  7.64        -0.29         0.29    (15-84 p)
offset_1                  7.92        -0.35         0.32    (15-84 p)


----- dataset: RVdata_harps              ----- model: gp_multidimensional           
rot_amp                    7.8         -1.9          1.5    (15-84 p)
con_amp                   -7.2         -1.5          1.4    (15-84 p)

----- dataset:  RVdata_neid
jitter_0                 1.207       -0.095         0.11    (15-84 p)
offset_0                  7.99        -0.30         0.32    (15-84 p)


----- dataset: RVdata_neid               ----- model: gp_multidimensional           
rot_amp                   0.97        -0.70          1.3    (15-84 p)
con_amp                   -8.4         -1.9          1.6    (15-84 p)

----- dataset:  FIESTAdata_expres_mode1
jitter_0                 0.956       -0.072        0.075    (15-84 p)
offset_0                 -0.03        -0.11         0.10    (15-84 p)


----- dataset: FIESTAdata_expres_mode1   ----- model: gp_multidimensional           
rot_amp                    7.6         -2.2          1.5    (15-84 p)
con_amp                  -0.16        -0.42         0.46    (15-84 p)

----- dataset:  FIESTAdata_expres_mode2
jitter_0                 1.276        -0.10        0.096    (15-84 p)
offset_0                  0.02        -0.14         0.15    (15-84 p)


----- dataset: FIESTAdata_expres_mode2   ----- model: gp_multidimensional           
rot_amp                   -5.7         -2.5          2.6    (15-84 p)
con_amp                   1.36        -0.54         0.58    (15-84 p)

----- dataset:  FIESTAdata_harps_mode1
jitter_0                 0.650       -0.092        0.098    (15-84 p)
offset_0                  0.24        -0.42         0.38    (15-84 p)


----- dataset: FIESTAdata_harps_mode1    ----- model: gp_multidimensional           
rot_amp                    6.3         -2.7          2.4    (15-84 p)
con_amp                   -0.8         -1.3          1.9    (15-84 p)

----- dataset:  FIESTAdata_harps_mode2
jitter_0                  1.11        -0.15         0.15    (15-84 p)
offset_0                  0.33        -0.61         0.52    (15-84 p)


----- dataset: FIESTAdata_harps_mode2    ----- model: gp_multidimensional           
rot_amp                   -7.2         -2.1          2.9    (15-84 p)
con_amp                   -1.2         -2.6          2.2    (15-84 p)

----- dataset:  FIESTAdata_harpsn_mode1
jitter_0                 1.062       -0.088        0.090    (15-84 p)
offset_0                 -0.13        -0.16         0.13    (15-84 p)


----- dataset: FIESTAdata_harpsn_mode1   ----- model: gp_multidimensional           
rot_amp                    8.6         -1.4          1.0    (15-84 p)
con_amp                   0.67        -0.37         0.41    (15-84 p)

----- dataset:  FIESTAdata_harpsn_mode2
jitter_0                 1.272       -0.086        0.089    (15-84 p)
offset_0                  0.12        -0.15         0.15    (15-84 p)


----- dataset: FIESTAdata_harpsn_mode2   ----- model: gp_multidimensional           
rot_amp                  -8.86        -0.85          1.3    (15-84 p)
con_amp                  -0.11        -0.51         0.44    (15-84 p)

----- dataset:  FIESTAdata_neid_mode1
jitter_0                 0.763       -0.059        0.066    (15-84 p)
offset_0                 0.018       -0.078        0.082    (15-84 p)


----- dataset: FIESTAdata_neid_mode1     ----- model: gp_multidimensional           
rot_amp                   -1.3         -2.0          1.9    (15-84 p)
con_amp                  -0.31        -0.41         0.34    (15-84 p)

----- dataset:  FIESTAdata_neid_mode2
jitter_0                 1.235       -0.099         0.10    (15-84 p)
offset_0                 -0.00        -0.15         0.14    (15-84 p)


----- dataset: FIESTAdata_neid_mode2     ----- model: gp_multidimensional           
rot_amp                    2.3         -3.0          2.9    (15-84 p)
con_amp                   0.91        -0.46         0.53    (15-84 p)

----- common model:  b
P                           21          -19           29    (15-84 p)
K                         0.26        -0.26         0.99    (15-84 p)
mean_long                  218         -161          116    (15-84 p)
e                        0.071       -0.051        0.079    (15-84 p)
omega                       30         -148           99    (15-84 p)

----- common model:  c
P                         22.3         -6.8           16    (15-84 p)
K                         1.04         -1.0         0.73    (15-84 p)
mean_long                  303         -114           71    (15-84 p)
e                        0.075       -0.052        0.084    (15-84 p)
omega                       15         -104           88    (15-84 p)

----- common model:  d
P                           20          -18           19    (15-84 p)
K                         0.23        -0.22         0.96    (15-84 p)
mean_long                  265         -179           90    (15-84 p)
e                        0.080       -0.056        0.075    (15-84 p)
omega                       -0         -122          121    (15-84 p)

----- common model:  activity
Prot                     27.40        -0.44         0.43    (15-84 p)
Pdec                        59          -14           15    (15-84 p)
Oamp                     0.375       -0.035        0.032    (15-84 p)

----- common model:  star_parameters

====================================================================================================
     Statistics on the derived parameters obtained from the posteriors samples     
====================================================================================================

----- common model:  b
Inclination fixed to 90 deg!
Computing planetary mass under the approximation M_planet << M_star (threshold at 30.0 Me)
a_Rs                        32          -25           25    (15-84 p)
M_Mj                    0.0021      -0.0020        0.016    (15-84 p)
M_Me                      0.67        -0.65          5.2    (15-84 p)
Tc                     59341.3         -5.7           13    (15-84 p)
a_AU_(M)                  0.15        -0.12         0.11    (15-84 p)
a_AU_(rho,R)              0.15        -0.12         0.11    (15-84 p)

----- common model:  c
Inclination fixed to 90 deg!
Computing planetary mass under the approximation M_planet << M_star (threshold at 30.0 Me)
a_Rs                      33.4         -7.2           15    (15-84 p)
M_Mj                     0.015       -0.015        0.011    (15-84 p)
M_Me                       4.8         -4.8          3.3    (15-84 p)
Tc                     59343.2         -4.5          8.3    (15-84 p)
a_AU_(M)                 0.155       -0.034        0.068    (15-84 p)
a_AU_(rho,R)             0.155       -0.034        0.068    (15-84 p)

----- common model:  d
Inclination fixed to 90 deg!
Computing planetary mass under the approximation M_planet << M_star (threshold at 30.0 Me)
a_Rs                        31          -24           17    (15-84 p)
M_Mj                    0.0018      -0.0017        0.016    (15-84 p)
M_Me                      0.56        -0.55          5.0    (15-84 p)
Tc                     59340.6         -5.2          9.0    (15-84 p)
a_AU_(M)                 0.146        -0.11        0.081    (15-84 p)
a_AU_(rho,R)             0.146        -0.11        0.081    (15-84 p)


====================================================================================================
     ------------------------------------------------------------------------------------------     
====================================================================================================



70000.0   steps completed, average lnprob:,  -1588.9230570339378


emcee completed


:::---::: PyORBIT v11.0.1 :::---:::

Python version in use:
3.10.18 (main, Jun  5 2025, 13:14:17) [GCC 11.2.0]
LaTeX disabled by default

Using orbital model:  keplerian
Using orbital parametrization:  Eastman2013

Using orbital model:  keplerian
Using orbital parametrization:  Eastman2013

Using orbital model:  keplerian
Using orbital parametrization:  Eastman2013

gp_multidimensional  S+LEAF model, number of harmonics: 4

GP model: gp_multidimensional  hyperparameters_condition:    True
GP model: gp_multidimensional  rotation_decay_condition:     True

### PyORBIT version used in the analysis:  11.0.1

 emcee version:  3.1.6

 Reference Time Tref: 59334.700184

 Data points:836
 Dimensions: 63
 Nwalkers:   252
 Steps:      70000


Number of samplings: 1386000

Recomputing ln-prior, it may take a while...

ln-probability   distribution:  -1591.69       -8.79      7.72 (15-84 p) 
ln-prior         distribution:   -280.46       -2.39      1.67 (15-84 p) 
ln-likelihood    distribution:  -1311.01       -8.61      7.88 (15-84 p) 


*** Information criteria using the likelihood distribution

 BIC from distribution  (using likelihood)  =   3045.92    -15.75   17.21 (15-84 p)
 AIC from distribution  (using likelihood)  =   2748.02    -15.75   17.21 (15-84 p)
 AICc from distribution (using likelihood)  =   2758.46    -15.75   17.21 (15-84 p)


*** Information criteria using the median parameter set

 ln_probability of Median solution =  -1577.29
 ln_priors of Median solution      =   -278.10
 ln_likelihood of Median solution  =  -1299.18

 Median BIC  (using likelihood) =   3022.27
 Median AIC  (using likelihood) =   2724.36
 Median AICc (using likelihood) =   2734.81


*** Information criteria using the MAP parameter set

 ln_probability of MAP solution =  -1566.27
 ln_priors of MAP solution      =   -278.70
 ln_likelihood of MAP solution  =  -1287.57

 MAP BIC  (using likelihood)    =   2999.05
 MAP AIC  (using likelihood)    =   2701.14
 MAP AICc (using likelihood)    =   2711.59

 AICc suggested over AIC because NDATA ( 836 ) < 40 * NDIM ( 63 )

****************************************************************************************************


Computing the autocorrelation time of the chains

***** WARNING ******
The integrated autocorrelation time cannot be reliably estimated
likely the chains are too short, and ACF analysis is not fully reliable
emcee.autocorr.integrated_time tolerance lowered to 20
If you still get a warning, you should drop these results entirely
Chains too short to apply convergence criteria
They should be at least 38600*nthin = 386000

 ACF computation failed, no plot will be generated 


====================================================================================================
     Ids, spaces (s), boundaries (b) and priors (p) of the sampler parameters     
====================================================================================================

----- dataset:  RVdata_expres
jitter_0      id:  18  s:Linear      b:[      0.0010,      11.5000]   p:Uniform   []
offset_0      id:  19  s:Linear      b:[  -9997.8210,   10014.4770]   p:Uniform   []

----- dataset: RVdata_expres             ----- model: gp_multidimensional           
rot_amp       id:  20  s:Linear      b:[      0.0000,      10.0000]   p:Uniform   []
con_amp       id:  21  s:Linear      b:[    -20.0000,      20.0000]   p:Uniform   []

----- dataset:  RVdata_harps
jitter_0      id:  22  s:Linear      b:[      0.0009,      13.3000]   p:Uniform   []
offset_0      id:  23  s:Linear      b:[  -9996.1123,   10015.3455]   p:Uniform   []
offset_1      id:  24  s:Linear      b:[  -9996.1123,   10015.3455]   p:Uniform   []

----- dataset: RVdata_harps              ----- model: gp_multidimensional           
rot_amp       id:  25  s:Linear      b:[      0.0000,      10.0000]   p:Uniform   []
con_amp       id:  26  s:Linear      b:[    -20.0000,      20.0000]   p:Uniform   []

----- dataset:  RVdata_neid
jitter_0      id:  27  s:Linear      b:[      0.0010,      12.2000]   p:Uniform   []
offset_0      id:  28  s:Linear      b:[  -9996.9356,   10015.5004]   p:Uniform   []

----- dataset: RVdata_neid               ----- model: gp_multidimensional           
rot_amp       id:  29  s:Linear      b:[      0.0000,      10.0000]   p:Uniform   []
con_amp       id:  30  s:Linear      b:[    -20.0000,      20.0000]   p:Uniform   []

----- dataset:  FIESTAdata_expres_mode1
jitter_0      id:  31  s:Linear      b:[      0.0017,      18.9426]   p:Uniform   []
offset_0      id:  32  s:Linear      b:[ -10002.2130,   10002.1618]   p:Uniform   []

----- dataset: FIESTAdata_expres_mode1   ----- model: gp_multidimensional           
rot_amp       id:  33  s:Linear      b:[    -10.0000,      10.0000]   p:Uniform   []
con_amp       id:  34  s:Linear      b:[    -20.0000,      20.0000]   p:Uniform   []

----- dataset:  FIESTAdata_expres_mode2
jitter_0      id:  35  s:Linear      b:[      0.0019,      21.7012]   p:Uniform   []
offset_0      id:  36  s:Linear      b:[ -10003.3445,   10002.7002]   p:Uniform   []

----- dataset: FIESTAdata_expres_mode2   ----- model: gp_multidimensional           
rot_amp       id:  37  s:Linear      b:[    -10.0000,      10.0000]   p:Uniform   []
con_amp       id:  38  s:Linear      b:[    -20.0000,      20.0000]   p:Uniform   []

----- dataset:  FIESTAdata_harps_mode1
jitter_0      id:  39  s:Linear      b:[      0.0013,      15.1700]   p:Uniform   []
offset_0      id:  40  s:Linear      b:[ -10001.0951,   10001.4773]   p:Uniform   []

----- dataset: FIESTAdata_harps_mode1    ----- model: gp_multidimensional           
rot_amp       id:  41  s:Linear      b:[    -10.0000,      10.0000]   p:Uniform   []
con_amp       id:  42  s:Linear      b:[    -20.0000,      20.0000]   p:Uniform   []

----- dataset:  FIESTAdata_harps_mode2
jitter_0      id:  43  s:Linear      b:[      0.0016,      17.9392]   p:Uniform   []
offset_0      id:  44  s:Linear      b:[ -10001.9722,   10002.0457]   p:Uniform   []

----- dataset: FIESTAdata_harps_mode2    ----- model: gp_multidimensional           
rot_amp       id:  45  s:Linear      b:[    -10.0000,      10.0000]   p:Uniform   []
con_amp       id:  46  s:Linear      b:[    -20.0000,      20.0000]   p:Uniform   []

----- dataset:  FIESTAdata_harpsn_mode1
jitter_0      id:  47  s:Linear      b:[      0.0010,      12.1173]   p:Uniform   []
offset_0      id:  48  s:Linear      b:[ -10003.2049,   10003.1077]   p:Uniform   []

----- dataset: FIESTAdata_harpsn_mode1   ----- model: gp_multidimensional           
rot_amp       id:  49  s:Linear      b:[    -10.0000,      10.0000]   p:Uniform   []
con_amp       id:  50  s:Linear      b:[    -20.0000,      20.0000]   p:Uniform   []

----- dataset:  FIESTAdata_harpsn_mode2
jitter_0      id:  51  s:Linear      b:[      0.0011,      14.0174]   p:Uniform   []
offset_0      id:  52  s:Linear      b:[ -10003.3816,   10003.8502]   p:Uniform   []

----- dataset: FIESTAdata_harpsn_mode2   ----- model: gp_multidimensional           
rot_amp       id:  53  s:Linear      b:[    -10.0000,      10.0000]   p:Uniform   []
con_amp       id:  54  s:Linear      b:[    -20.0000,      20.0000]   p:Uniform   []

----- dataset:  FIESTAdata_neid_mode1
jitter_0      id:  55  s:Linear      b:[      0.0016,      19.0220]   p:Uniform   []
offset_0      id:  56  s:Linear      b:[ -10001.7697,   10001.9115]   p:Uniform   []

----- dataset: FIESTAdata_neid_mode1     ----- model: gp_multidimensional           
rot_amp       id:  57  s:Linear      b:[    -10.0000,      10.0000]   p:Uniform   []
con_amp       id:  58  s:Linear      b:[    -20.0000,      20.0000]   p:Uniform   []

----- dataset:  FIESTAdata_neid_mode2
jitter_0      id:  59  s:Linear      b:[      0.0020,      22.9785]   p:Uniform   []
offset_0      id:  60  s:Linear      b:[ -10002.4417,   10003.1502]   p:Uniform   []

----- dataset: FIESTAdata_neid_mode2     ----- model: gp_multidimensional           
rot_amp       id:  61  s:Linear      b:[    -10.0000,      10.0000]   p:Uniform   []
con_amp       id:  62  s:Linear      b:[    -20.0000,      20.0000]   p:Uniform   []

----- common model:  b
P             id:   0  s:Log_Base2   b:[      0.3785,       6.6439]   p:Uniform   []
K             id:   1  s:Log_Base2   b:[     -9.9658,       3.3219]   p:Uniform   []
sre_coso      id:   2  s:Linear      b:[     -1.0000,       1.0000]   p:Uniform   []
sre_sino      id:   3  s:Linear      b:[     -1.0000,       1.0000]   p:Uniform   []
mean_long     id:   4  s:Linear      b:[     17.2064,     377.2064]   p:Uniform   []
e             derived (no id, space, bound)                           p:Gaussian   [0.    0.098]
omega         derived (no id, space, bound)                           p:Uniform   [0.0, 360.0]

----- common model:  c
P             id:   5  s:Log_Base2   b:[      0.3785,       6.6439]   p:Uniform   []
K             id:   6  s:Log_Base2   b:[     -9.9658,       3.3219]   p:Uniform   []
sre_coso      id:   7  s:Linear      b:[     -1.0000,       1.0000]   p:Uniform   []
sre_sino      id:   8  s:Linear      b:[     -1.0000,       1.0000]   p:Uniform   []
mean_long     id:   9  s:Linear      b:[     91.3070,     451.3070]   p:Uniform   []
e             derived (no id, space, bound)                           p:Gaussian   [0.    0.098]
omega         derived (no id, space, bound)                           p:Uniform   [0.0, 360.0]

----- common model:  d
P             id:  10  s:Log_Base2   b:[      0.3785,       6.6439]   p:Uniform   []
K             id:  11  s:Log_Base2   b:[     -9.9658,       3.3219]   p:Uniform   []
sre_coso      id:  12  s:Linear      b:[     -1.0000,       1.0000]   p:Uniform   []
sre_sino      id:  13  s:Linear      b:[     -1.0000,       1.0000]   p:Uniform   []
mean_long     id:  14  s:Linear      b:[     33.6414,     393.6414]   p:Uniform   []
e             derived (no id, space, bound)                           p:Gaussian   [0.    0.098]
omega         derived (no id, space, bound)                           p:Uniform   [0.0, 360.0]

----- common model:  activity
Prot          id:  15  s:Linear      b:[     20.0000,      35.0000]   p:Gaussian   [28.   0.5]
Pdec          id:  16  s:Linear      b:[     30.0000,    1000.0000]   p:Uniform   []
Oamp          id:  17  s:Log_Base2   b:[     -6.6439,       0.0000]   p:Gaussian   [0.35  0.035]

----- common model:  star_parameters
mass          derived (no id, space, bound)                           p:Gaussian   [1.e+00 1.e-06]
radius        derived (no id, space, bound)                           p:Gaussian   [1.e+00 1.e-06]
density       derived (no id, space, bound)                           p:Gaussian   [1.e+00 1.e-06]


****************************************************************************************************
****************************************************************************************************

 Confidence intervals (median value, 34.135th percentile from the median on the left and right side)

====================================================================================================
     Statistics on the posterior of the sampler parameters     
====================================================================================================

----- dataset:  RVdata_expres
jitter_0        18         1.022       -0.082        0.086   (15-84 p)   [    0.0010,    11.5000]
offset_0        19          6.76        -0.37         0.38   (15-84 p)   [-9997.8210, 10014.4770]

----- dataset: RVdata_expres             ----- model: gp_multidimensional           
rot_amp         20           1.4         -1.0          1.9   (15-84 p)   [    0.0000,    10.0000]
con_amp         21         -10.2         -2.4          2.2   (15-84 p)   [  -20.0000,    20.0000]

----- dataset:  RVdata_harps
jitter_0        22         1.094       -0.080        0.089   (15-84 p)   [    0.0009,    13.3000]
offset_0        23          7.64        -0.29         0.29   (15-84 p)   [-9996.1123, 10015.3455]
offset_1        24          7.92        -0.35         0.32   (15-84 p)   [-9996.1123, 10015.3455]

----- dataset: RVdata_harps              ----- model: gp_multidimensional           
rot_amp         25           7.8         -1.9          1.5   (15-84 p)   [    0.0000,    10.0000]
con_amp         26          -7.2         -1.5          1.4   (15-84 p)   [  -20.0000,    20.0000]

----- dataset:  RVdata_neid
jitter_0        27         1.207       -0.095         0.11   (15-84 p)   [    0.0010,    12.2000]
offset_0        28          7.99        -0.30         0.32   (15-84 p)   [-9996.9356, 10015.5004]

----- dataset: RVdata_neid               ----- model: gp_multidimensional           
rot_amp         29          0.97        -0.70          1.3   (15-84 p)   [    0.0000,    10.0000]
con_amp         30          -8.4         -1.9          1.6   (15-84 p)   [  -20.0000,    20.0000]

----- dataset:  FIESTAdata_expres_mode1
jitter_0        31         0.956       -0.072        0.075   (15-84 p)   [    0.0017,    18.9426]
offset_0        32         -0.03        -0.11         0.10   (15-84 p)   [-10002.2130, 10002.1618]

----- dataset: FIESTAdata_expres_mode1   ----- model: gp_multidimensional           
rot_amp         33           7.6         -2.2          1.5   (15-84 p)   [  -10.0000,    10.0000]
con_amp         34         -0.16        -0.42         0.46   (15-84 p)   [  -20.0000,    20.0000]

----- dataset:  FIESTAdata_expres_mode2
jitter_0        35         1.276        -0.10        0.096   (15-84 p)   [    0.0019,    21.7012]
offset_0        36          0.02        -0.14         0.15   (15-84 p)   [-10003.3445, 10002.7002]

----- dataset: FIESTAdata_expres_mode2   ----- model: gp_multidimensional           
rot_amp         37          -5.7         -2.5          2.6   (15-84 p)   [  -10.0000,    10.0000]
con_amp         38          1.36        -0.54         0.58   (15-84 p)   [  -20.0000,    20.0000]

----- dataset:  FIESTAdata_harps_mode1
jitter_0        39         0.650       -0.092        0.098   (15-84 p)   [    0.0013,    15.1700]
offset_0        40          0.24        -0.42         0.38   (15-84 p)   [-10001.0951, 10001.4773]

----- dataset: FIESTAdata_harps_mode1    ----- model: gp_multidimensional           
rot_amp         41           6.3         -2.7          2.4   (15-84 p)   [  -10.0000,    10.0000]
con_amp         42          -0.8         -1.3          1.9   (15-84 p)   [  -20.0000,    20.0000]

----- dataset:  FIESTAdata_harps_mode2
jitter_0        43          1.11        -0.15         0.15   (15-84 p)   [    0.0016,    17.9392]
offset_0        44          0.33        -0.61         0.52   (15-84 p)   [-10001.9722, 10002.0457]

----- dataset: FIESTAdata_harps_mode2    ----- model: gp_multidimensional           
rot_amp         45          -7.2         -2.1          2.9   (15-84 p)   [  -10.0000,    10.0000]
con_amp         46          -1.2         -2.6          2.2   (15-84 p)   [  -20.0000,    20.0000]

----- dataset:  FIESTAdata_harpsn_mode1
jitter_0        47         1.062       -0.088        0.090   (15-84 p)   [    0.0010,    12.1173]
offset_0        48         -0.13        -0.16         0.13   (15-84 p)   [-10003.2049, 10003.1077]

----- dataset: FIESTAdata_harpsn_mode1   ----- model: gp_multidimensional           
rot_amp         49           8.6         -1.4          1.0   (15-84 p)   [  -10.0000,    10.0000]
con_amp         50          0.67        -0.37         0.41   (15-84 p)   [  -20.0000,    20.0000]

----- dataset:  FIESTAdata_harpsn_mode2
jitter_0        51         1.272       -0.086        0.089   (15-84 p)   [    0.0011,    14.0174]
offset_0        52          0.12        -0.15         0.15   (15-84 p)   [-10003.3816, 10003.8502]

----- dataset: FIESTAdata_harpsn_mode2   ----- model: gp_multidimensional           
rot_amp         53         -8.86        -0.85          1.3   (15-84 p)   [  -10.0000,    10.0000]
con_amp         54         -0.11        -0.51         0.44   (15-84 p)   [  -20.0000,    20.0000]

----- dataset:  FIESTAdata_neid_mode1
jitter_0        55         0.763       -0.059        0.066   (15-84 p)   [    0.0016,    19.0220]
offset_0        56         0.018       -0.078        0.082   (15-84 p)   [-10001.7697, 10001.9115]

----- dataset: FIESTAdata_neid_mode1     ----- model: gp_multidimensional           
rot_amp         57          -1.3         -2.0          1.9   (15-84 p)   [  -10.0000,    10.0000]
con_amp         58         -0.31        -0.41         0.34   (15-84 p)   [  -20.0000,    20.0000]

----- dataset:  FIESTAdata_neid_mode2
jitter_0        59         1.235       -0.099         0.10   (15-84 p)   [    0.0020,    22.9785]
offset_0        60         -0.00        -0.15         0.14   (15-84 p)   [-10002.4417, 10003.1502]

----- dataset: FIESTAdata_neid_mode2     ----- model: gp_multidimensional           
rot_amp         61           2.3         -3.0          2.9   (15-84 p)   [  -10.0000,    10.0000]
con_amp         62          0.91        -0.46         0.53   (15-84 p)   [  -20.0000,    20.0000]

----- common model:  b
P                0           4.4         -3.2          1.2   (15-84 p)   [    0.3785,     6.6439]
K                1          -1.9         -6.0          2.3   (15-84 p)   [   -9.9658,     3.3219]
sre_coso         2         -0.00        -0.22         0.23   (15-84 p)   [   -1.0000,     1.0000]
sre_sino         3          0.05        -0.22         0.21   (15-84 p)   [   -1.0000,     1.0000]
mean_long        4           218         -161          116   (15-84 p)   [   17.2064,   377.2064]

----- common model:  c
P                5          4.48        -0.53         0.79   (15-84 p)   [    0.3785,     6.6439]
K                6          0.05         -6.2         0.77   (15-84 p)   [   -9.9658,     3.3219]
sre_coso         7          0.07        -0.22         0.20   (15-84 p)   [   -1.0000,     1.0000]
sre_sino         8          0.04        -0.23         0.22   (15-84 p)   [   -1.0000,     1.0000]
mean_long        9           303         -114           71   (15-84 p)   [   91.3070,   451.3070]

----- common model:  d
P               10          4.36         -3.2         0.95   (15-84 p)   [    0.3785,     6.6439]
K               11          -2.1         -5.6          2.4   (15-84 p)   [   -9.9658,     3.3219]
sre_coso        12          0.01        -0.24         0.23   (15-84 p)   [   -1.0000,     1.0000]
sre_sino        13         -0.00        -0.23         0.22   (15-84 p)   [   -1.0000,     1.0000]
mean_long       14           265         -179           90   (15-84 p)   [   33.6414,   393.6414]

----- common model:  activity
Prot            15         27.40        -0.44         0.43   (15-84 p)   [   20.0000,    35.0000]
Pdec            16            59          -14           15   (15-84 p)   [   30.0000,  1000.0000]
Oamp            17         -1.42        -0.14         0.12   (15-84 p)   [   -6.6439,     0.0000]

----- common model:  star_parameters

====================================================================================================
     Statistics on the model parameters obtained from the posteriors samples     
====================================================================================================

----- dataset:  RVdata_expres
jitter_0                 1.022       -0.082        0.086    (15-84 p)
offset_0                  6.76        -0.37         0.38    (15-84 p)


----- dataset: RVdata_expres             ----- model: gp_multidimensional           
rot_amp                    1.4         -1.0          1.9    (15-84 p)
con_amp                  -10.2         -2.4          2.2    (15-84 p)

----- dataset:  RVdata_harps
jitter_0                 1.094       -0.080        0.089    (15-84 p)
offset_0                  7.64        -0.29         0.29    (15-84 p)
offset_1                  7.92        -0.35         0.32    (15-84 p)


----- dataset: RVdata_harps              ----- model: gp_multidimensional           
rot_amp                    7.8         -1.9          1.5    (15-84 p)
con_amp                   -7.2         -1.5          1.4    (15-84 p)

----- dataset:  RVdata_neid
jitter_0                 1.207       -0.095         0.11    (15-84 p)
offset_0                  7.99        -0.30         0.32    (15-84 p)


----- dataset: RVdata_neid               ----- model: gp_multidimensional           
rot_amp                   0.97        -0.70          1.3    (15-84 p)
con_amp                   -8.4         -1.9          1.6    (15-84 p)

----- dataset:  FIESTAdata_expres_mode1
jitter_0                 0.956       -0.072        0.075    (15-84 p)
offset_0                 -0.03        -0.11         0.10    (15-84 p)


----- dataset: FIESTAdata_expres_mode1   ----- model: gp_multidimensional           
rot_amp                    7.6         -2.2          1.5    (15-84 p)
con_amp                  -0.16        -0.42         0.46    (15-84 p)

----- dataset:  FIESTAdata_expres_mode2
jitter_0                 1.276        -0.10        0.096    (15-84 p)
offset_0                  0.02        -0.14         0.15    (15-84 p)


----- dataset: FIESTAdata_expres_mode2   ----- model: gp_multidimensional           
rot_amp                   -5.7         -2.5          2.6    (15-84 p)
con_amp                   1.36        -0.54         0.58    (15-84 p)

----- dataset:  FIESTAdata_harps_mode1
jitter_0                 0.650       -0.092        0.098    (15-84 p)
offset_0                  0.24        -0.42         0.38    (15-84 p)


----- dataset: FIESTAdata_harps_mode1    ----- model: gp_multidimensional           
rot_amp                    6.3         -2.7          2.4    (15-84 p)
con_amp                   -0.8         -1.3          1.9    (15-84 p)

----- dataset:  FIESTAdata_harps_mode2
jitter_0                  1.11        -0.15         0.15    (15-84 p)
offset_0                  0.33        -0.61         0.52    (15-84 p)


----- dataset: FIESTAdata_harps_mode2    ----- model: gp_multidimensional           
rot_amp                   -7.2         -2.1          2.9    (15-84 p)
con_amp                   -1.2         -2.6          2.2    (15-84 p)

----- dataset:  FIESTAdata_harpsn_mode1
jitter_0                 1.062       -0.088        0.090    (15-84 p)
offset_0                 -0.13        -0.16         0.13    (15-84 p)


----- dataset: FIESTAdata_harpsn_mode1   ----- model: gp_multidimensional           
rot_amp                    8.6         -1.4          1.0    (15-84 p)
con_amp                   0.67        -0.37         0.41    (15-84 p)

----- dataset:  FIESTAdata_harpsn_mode2
jitter_0                 1.272       -0.086        0.089    (15-84 p)
offset_0                  0.12        -0.15         0.15    (15-84 p)


----- dataset: FIESTAdata_harpsn_mode2   ----- model: gp_multidimensional           
rot_amp                  -8.86        -0.85          1.3    (15-84 p)
con_amp                  -0.11        -0.51         0.44    (15-84 p)

----- dataset:  FIESTAdata_neid_mode1
jitter_0                 0.763       -0.059        0.066    (15-84 p)
offset_0                 0.018       -0.078        0.082    (15-84 p)


----- dataset: FIESTAdata_neid_mode1     ----- model: gp_multidimensional           
rot_amp                   -1.3         -2.0          1.9    (15-84 p)
con_amp                  -0.31        -0.41         0.34    (15-84 p)

----- dataset:  FIESTAdata_neid_mode2
jitter_0                 1.235       -0.099         0.10    (15-84 p)
offset_0                 -0.00        -0.15         0.14    (15-84 p)


----- dataset: FIESTAdata_neid_mode2     ----- model: gp_multidimensional           
rot_amp                    2.3         -3.0          2.9    (15-84 p)
con_amp                   0.91        -0.46         0.53    (15-84 p)

----- common model:  b
P                           21          -19           29    (15-84 p)
K                         0.26        -0.26         0.99    (15-84 p)
mean_long                   14          -97          112    (15-84 p)
e                        0.071       -0.051        0.079    (15-84 p)
omega                       86         -106          105    (15-84 p)

----- common model:  c
P                         22.3         -6.8           16    (15-84 p)
K                         1.04         -1.0         0.73    (15-84 p)
mean_long                  312          -87           76    (15-84 p)
e                        0.075       -0.052        0.084    (15-84 p)
omega                       42          -92          110    (15-84 p)

----- common model:  d
P                           20          -18           19    (15-84 p)
K                         0.23        -0.22         0.96    (15-84 p)
mean_long                  255         -179           94    (15-84 p)
e                        0.080       -0.056        0.075    (15-84 p)
omega                      157         -136          123    (15-84 p)

----- common model:  activity
Prot                     27.40        -0.44         0.43    (15-84 p)
Pdec                        59          -14           15    (15-84 p)
Oamp                     0.375       -0.035        0.032    (15-84 p)

----- common model:  star_parameters

====================================================================================================
     Statistics on the derived parameters obtained from the posteriors samples     
====================================================================================================

----- common model:  b
Inclination fixed to 90 deg!
Computing planetary mass under the approximation M_planet << M_star (threshold at 30.0 Me)
a_Rs                        32          -25           25    (15-84 p)
M_Mj                    0.0021      -0.0020        0.016    (15-84 p)
M_Me                      0.67        -0.65          5.2    (15-84 p)
Tc                     59341.3         -5.7           13    (15-84 p)
a_AU_(M)                  0.15        -0.12         0.11    (15-84 p)
a_AU_(rho,R)              0.15        -0.12         0.11    (15-84 p)

----- common model:  c
Inclination fixed to 90 deg!
Computing planetary mass under the approximation M_planet << M_star (threshold at 30.0 Me)
a_Rs                      33.4         -7.2           15    (15-84 p)
M_Mj                     0.015       -0.015        0.011    (15-84 p)
M_Me                       4.8         -4.8          3.3    (15-84 p)
Tc                     59343.2         -4.5          8.3    (15-84 p)
a_AU_(M)                 0.155       -0.034        0.068    (15-84 p)
a_AU_(rho,R)             0.155       -0.034        0.068    (15-84 p)

----- common model:  d
Inclination fixed to 90 deg!
Computing planetary mass under the approximation M_planet << M_star (threshold at 30.0 Me)
a_Rs                        31          -24           17    (15-84 p)
M_Mj                    0.0018      -0.0017        0.016    (15-84 p)
M_Me                      0.56        -0.55          5.0    (15-84 p)
Tc                     59340.6         -5.2          9.0    (15-84 p)
a_AU_(M)                 0.146        -0.11        0.081    (15-84 p)
a_AU_(rho,R)             0.146        -0.11        0.081    (15-84 p)


====================================================================================================
     ------------------------------------------------------------------------------------------     
====================================================================================================



****************************************************************************************************

 Parameters corresponding to the Maximum a Posteriori probability ( -1566.2666936459839 )

====================================================================================================
     Statistics on the posterior of the sampler parameters     
====================================================================================================

----- dataset:  RVdata_expres
jitter_0        18      1.142385 [    0.0010,    11.5000]
offset_0        19      6.722725 [-9997.8210, 10014.4770]

----- dataset: RVdata_expres             ----- model: gp_multidimensional           
rot_amp         20      1.290516 [    0.0000,    10.0000]
con_amp         21     -6.283396 [  -20.0000,    20.0000]

----- dataset:  RVdata_harps
jitter_0        22      1.001889 [    0.0009,    13.3000]
offset_0        23      7.620284 [-9996.1123, 10015.3455]
offset_1        24      7.992493 [-9996.1123, 10015.3455]

----- dataset: RVdata_harps              ----- model: gp_multidimensional           
rot_amp         25      5.572595 [    0.0000,    10.0000]
con_amp         26     -4.835322 [  -20.0000,    20.0000]

----- dataset:  RVdata_neid
jitter_0        27      1.162477 [    0.0010,    12.2000]
offset_0        28      8.063027 [-9996.9356, 10015.5004]

----- dataset: RVdata_neid               ----- model: gp_multidimensional           
rot_amp         29      2.200304 [    0.0000,    10.0000]
con_amp         30     -4.683606 [  -20.0000,    20.0000]

----- dataset:  FIESTAdata_expres_mode1
jitter_0        31      0.908800 [    0.0017,    18.9426]
offset_0        32     -0.127185 [-10002.2130, 10002.1618]

----- dataset: FIESTAdata_expres_mode1   ----- model: gp_multidimensional           
rot_amp         33      6.502270 [  -10.0000,    10.0000]
con_amp         34     -0.308088 [  -20.0000,    20.0000]

----- dataset:  FIESTAdata_expres_mode2
jitter_0        35      1.176632 [    0.0019,    21.7012]
offset_0        36      0.350435 [-10003.3445, 10002.7002]

----- dataset: FIESTAdata_expres_mode2   ----- model: gp_multidimensional           
rot_amp         37     -4.937856 [  -10.0000,    10.0000]
con_amp         38      0.652297 [  -20.0000,    20.0000]

----- dataset:  FIESTAdata_harps_mode1
jitter_0        39      0.685631 [    0.0013,    15.1700]
offset_0        40      0.587270 [-10001.0951, 10001.4773]

----- dataset: FIESTAdata_harps_mode1    ----- model: gp_multidimensional           
rot_amp         41      5.812746 [  -10.0000,    10.0000]
con_amp         42     -1.392931 [  -20.0000,    20.0000]

----- dataset:  FIESTAdata_harps_mode2
jitter_0        43      1.079679 [    0.0016,    17.9392]
offset_0        44     -0.122863 [-10001.9722, 10002.0457]

----- dataset: FIESTAdata_harps_mode2    ----- model: gp_multidimensional           
rot_amp         45     -8.335870 [  -10.0000,    10.0000]
con_amp         46      0.219083 [  -20.0000,    20.0000]

----- dataset:  FIESTAdata_harpsn_mode1
jitter_0        47      1.065453 [    0.0010,    12.1173]
offset_0        48     -0.120677 [-10003.2049, 10003.1077]

----- dataset: FIESTAdata_harpsn_mode1   ----- model: gp_multidimensional           
rot_amp         49      5.413697 [  -10.0000,    10.0000]
con_amp         50      0.350958 [  -20.0000,    20.0000]

----- dataset:  FIESTAdata_harpsn_mode2
jitter_0        51      1.274475 [    0.0011,    14.0174]
offset_0        52      0.312450 [-10003.3816, 10003.8502]

----- dataset: FIESTAdata_harpsn_mode2   ----- model: gp_multidimensional           
rot_amp         53     -8.180052 [  -10.0000,    10.0000]
con_amp         54     -0.106843 [  -20.0000,    20.0000]

----- dataset:  FIESTAdata_neid_mode1
jitter_0        55      0.719515 [    0.0016,    19.0220]
offset_0        56      0.048748 [-10001.7697, 10001.9115]

----- dataset: FIESTAdata_neid_mode1     ----- model: gp_multidimensional           
rot_amp         57     -1.839294 [  -10.0000,    10.0000]
con_amp         58     -0.391137 [  -20.0000,    20.0000]

----- dataset:  FIESTAdata_neid_mode2
jitter_0        59      1.327875 [    0.0020,    22.9785]
offset_0        60     -0.253110 [-10002.4417, 10003.1502]

----- dataset: FIESTAdata_neid_mode2     ----- model: gp_multidimensional           
rot_amp         61      2.749356 [  -10.0000,    10.0000]
con_amp         62      0.662110 [  -20.0000,    20.0000]

----- common model:  b
P                0      5.052149 [    0.3785,     6.6439]
K                1      0.300153 [   -9.9658,     3.3219]
sre_coso         2      0.020103 [   -1.0000,     1.0000]
sre_sino         3      0.107718 [   -1.0000,     1.0000]
mean_long        4     29.059522 [   17.2064,   377.2064]

----- common model:  c
P                5      4.428979 [    0.3785,     6.6439]
K                6      0.473950 [   -9.9658,     3.3219]
sre_coso         7      0.156793 [   -1.0000,     1.0000]
sre_sino         8      0.303369 [   -1.0000,     1.0000]
mean_long        9    291.505706 [   91.3070,   451.3070]

----- common model:  d
P               10      6.344038 [    0.3785,     6.6439]
K               11     -8.097106 [   -9.9658,     3.3219]
sre_coso        12     -0.089006 [   -1.0000,     1.0000]
sre_sino        13      0.040650 [   -1.0000,     1.0000]
mean_long       14    206.104858 [   33.6414,   393.6414]

----- common model:  activity
Prot            15     27.491432 [   20.0000,    35.0000]
Pdec            16     38.063517 [   30.0000,  1000.0000]
Oamp            17     -1.401617 [   -6.6439,     0.0000]

----- common model:  star_parameters

====================================================================================================
     Statistics on the model parameters obtained from the posteriors samples     
====================================================================================================

----- dataset:  RVdata_expres
jitter_0              1.142385 
offset_0              6.722725 


----- dataset: RVdata_expres             ----- model: gp_multidimensional           
rot_amp               1.290516 
con_amp              -6.283396 

----- dataset:  RVdata_harps
jitter_0              1.001889 
offset_0              7.620284 
offset_1              7.992493 


----- dataset: RVdata_harps              ----- model: gp_multidimensional           
rot_amp               5.572595 
con_amp              -4.835322 

----- dataset:  RVdata_neid
jitter_0              1.162477 
offset_0              8.063027 


----- dataset: RVdata_neid               ----- model: gp_multidimensional           
rot_amp               2.200304 
con_amp              -4.683606 

----- dataset:  FIESTAdata_expres_mode1
jitter_0              0.908800 
offset_0             -0.127185 


----- dataset: FIESTAdata_expres_mode1   ----- model: gp_multidimensional           
rot_amp               6.502270 
con_amp              -0.308088 

----- dataset:  FIESTAdata_expres_mode2
jitter_0              1.176632 
offset_0              0.350435 


----- dataset: FIESTAdata_expres_mode2   ----- model: gp_multidimensional           
rot_amp              -4.937856 
con_amp               0.652297 

----- dataset:  FIESTAdata_harps_mode1
jitter_0              0.685631 
offset_0              0.587270 


----- dataset: FIESTAdata_harps_mode1    ----- model: gp_multidimensional           
rot_amp               5.812746 
con_amp              -1.392931 

----- dataset:  FIESTAdata_harps_mode2
jitter_0              1.079679 
offset_0             -0.122863 


----- dataset: FIESTAdata_harps_mode2    ----- model: gp_multidimensional           
rot_amp              -8.335870 
con_amp               0.219083 

----- dataset:  FIESTAdata_harpsn_mode1
jitter_0              1.065453 
offset_0             -0.120677 


----- dataset: FIESTAdata_harpsn_mode1   ----- model: gp_multidimensional           
rot_amp               5.413697 
con_amp               0.350958 

----- dataset:  FIESTAdata_harpsn_mode2
jitter_0              1.274475 
offset_0              0.312450 


----- dataset: FIESTAdata_harpsn_mode2   ----- model: gp_multidimensional           
rot_amp              -8.180052 
con_amp              -0.106843 

----- dataset:  FIESTAdata_neid_mode1
jitter_0              0.719515 
offset_0              0.048748 


----- dataset: FIESTAdata_neid_mode1     ----- model: gp_multidimensional           
rot_amp              -1.839294 
con_amp              -0.391137 

----- dataset:  FIESTAdata_neid_mode2
jitter_0              1.327875 
offset_0             -0.253110 


----- dataset: FIESTAdata_neid_mode2     ----- model: gp_multidimensional           
rot_amp               2.749356 
con_amp               0.662110 

----- common model:  b
P                    33.177870 
K                     1.231275 
mean_long            29.059522 
e                     0.012007 
omega                79.428479 

----- common model:  c
P                    21.540482 
K                     1.388907 
mean_long           291.505706 
e                     0.116617 
omega                62.668280 

----- common model:  d
P                    81.235477 
K                     0.003652 
mean_long           206.104858 
e                     0.009574 
omega               155.453303 

----- common model:  activity
Prot                 27.491432 
Pdec                 38.063517 
Oamp                  0.378505 

----- common model:  star_parameters

====================================================================================================
     Statistics on the derived parameters obtained from the posteriors samples     
====================================================================================================

----- common model:  b
Inclination fixed to 90 deg!
a_Rs                 43.432543 
M_Mj                  0.019462 
M_Me                  6.186724 
Tc                59340.293444 
a_AU_(M)              0.202070 
a_AU_(rho,R)          0.202069 

----- common model:  c
Inclination fixed to 90 deg!
a_Rs                 32.565115 
M_Mj                  0.018881 
M_Me                  6.002140 
Tc                59343.843390 
a_AU_(M)              0.151510 
a_AU_(rho,R)          0.151508 

----- common model:  d
Inclination fixed to 90 deg!
a_Rs                 78.900427 
M_Mj                  0.000078 
M_Me                  0.024733 
Tc                59389.960650 
a_AU_(M)              0.367083 
a_AU_(rho,R)          0.367083 


====================================================================================================
     ------------------------------------------------------------------------------------------     
====================================================================================================



****************************************************************************************************

 Parameters corresponding to the sample closest to the median values ( -1580.5575381148658 )

====================================================================================================
     Statistics on the posterior of the sampler parameters     
====================================================================================================

----- dataset:  RVdata_expres
jitter_0        18      1.050259 [    0.0010,    11.5000]
offset_0        19      7.155572 [-9997.8210, 10014.4770]

----- dataset: RVdata_expres             ----- model: gp_multidimensional           
rot_amp         20      0.925623 [    0.0000,    10.0000]
con_amp         21     -9.284693 [  -20.0000,    20.0000]

----- dataset:  RVdata_harps
jitter_0        22      1.081899 [    0.0009,    13.3000]
offset_0        23      7.609590 [-9996.1123, 10015.3455]
offset_1        24      7.975541 [-9996.1123, 10015.3455]

----- dataset: RVdata_harps              ----- model: gp_multidimensional           
rot_amp         25      9.324906 [    0.0000,    10.0000]
con_amp         26     -7.076656 [  -20.0000,    20.0000]

----- dataset:  RVdata_neid
jitter_0        27      1.195581 [    0.0010,    12.2000]
offset_0        28      7.974489 [-9996.9356, 10015.5004]

----- dataset: RVdata_neid               ----- model: gp_multidimensional           
rot_amp         29      1.426842 [    0.0000,    10.0000]
con_amp         30     -8.968916 [  -20.0000,    20.0000]

----- dataset:  FIESTAdata_expres_mode1
jitter_0        31      0.970791 [    0.0017,    18.9426]
offset_0        32     -0.033581 [-10002.2130, 10002.1618]

----- dataset: FIESTAdata_expres_mode1   ----- model: gp_multidimensional           
rot_amp         33      9.545280 [  -10.0000,    10.0000]
con_amp         34     -0.073125 [  -20.0000,    20.0000]

----- dataset:  FIESTAdata_expres_mode2
jitter_0        35      1.266811 [    0.0019,    21.7012]
offset_0        36     -0.019630 [-10003.3445, 10002.7002]

----- dataset: FIESTAdata_expres_mode2   ----- model: gp_multidimensional           
rot_amp         37     -9.054263 [  -10.0000,    10.0000]
con_amp         38      1.399966 [  -20.0000,    20.0000]

----- dataset:  FIESTAdata_harps_mode1
jitter_0        39      0.628581 [    0.0013,    15.1700]
offset_0        40      0.307601 [-10001.0951, 10001.4773]

----- dataset: FIESTAdata_harps_mode1    ----- model: gp_multidimensional           
rot_amp         41      7.956415 [  -10.0000,    10.0000]
con_amp         42     -0.515164 [  -20.0000,    20.0000]

----- dataset:  FIESTAdata_harps_mode2
jitter_0        43      1.058975 [    0.0016,    17.9392]
offset_0        44      0.450156 [-10001.9722, 10002.0457]

----- dataset: FIESTAdata_harps_mode2    ----- model: gp_multidimensional           
rot_amp         45     -8.491721 [  -10.0000,    10.0000]
con_amp         46     -1.838665 [  -20.0000,    20.0000]

----- dataset:  FIESTAdata_harpsn_mode1
jitter_0        47      1.055495 [    0.0010,    12.1173]
offset_0        48     -0.113560 [-10003.2049, 10003.1077]

----- dataset: FIESTAdata_harpsn_mode1   ----- model: gp_multidimensional           
rot_amp         49      8.948306 [  -10.0000,    10.0000]
con_amp         50      0.443472 [  -20.0000,    20.0000]

----- dataset:  FIESTAdata_harpsn_mode2
jitter_0        51      1.297477 [    0.0011,    14.0174]
offset_0        52      0.162201 [-10003.3816, 10003.8502]

----- dataset: FIESTAdata_harpsn_mode2   ----- model: gp_multidimensional           
rot_amp         53     -9.595415 [  -10.0000,    10.0000]
con_amp         54      0.068373 [  -20.0000,    20.0000]

----- dataset:  FIESTAdata_neid_mode1
jitter_0        55      0.751594 [    0.0016,    19.0220]
offset_0        56      0.037855 [-10001.7697, 10001.9115]

----- dataset: FIESTAdata_neid_mode1     ----- model: gp_multidimensional           
rot_amp         57     -1.181261 [  -10.0000,    10.0000]
con_amp         58     -0.234922 [  -20.0000,    20.0000]

----- dataset:  FIESTAdata_neid_mode2
jitter_0        59      1.068834 [    0.0020,    22.9785]
offset_0        60     -0.006480 [-10002.4417, 10003.1502]

----- dataset: FIESTAdata_neid_mode2     ----- model: gp_multidimensional           
rot_amp         61      1.705710 [  -10.0000,    10.0000]
con_amp         62      0.880882 [  -20.0000,    20.0000]

----- common model:  b
P                0      3.206353 [    0.3785,     6.6439]
K                1     -4.009195 [   -9.9658,     3.3219]
sre_coso         2      0.166009 [   -1.0000,     1.0000]
sre_sino         3      0.079293 [   -1.0000,     1.0000]
mean_long        4    229.116015 [   17.2064,   377.2064]

----- common model:  c
P                5      4.450778 [    0.3785,     6.6439]
K                6      0.636851 [   -9.9658,     3.3219]
sre_coso         7      0.019196 [   -1.0000,     1.0000]
sre_sino         8     -0.036110 [   -1.0000,     1.0000]
mean_long        9    314.917858 [   91.3070,   451.3070]

----- common model:  d
P               10      3.151926 [    0.3785,     6.6439]
K               11     -4.303890 [   -9.9658,     3.3219]
sre_coso        12     -0.003940 [   -1.0000,     1.0000]
sre_sino        13     -0.311530 [   -1.0000,     1.0000]
mean_long       14    173.287081 [   33.6414,   393.6414]

----- common model:  activity
Prot            15     27.393352 [   20.0000,    35.0000]
Pdec            16     66.486456 [   30.0000,  1000.0000]
Oamp            17     -1.501877 [   -6.6439,     0.0000]

----- common model:  star_parameters

====================================================================================================
     Statistics on the model parameters obtained from the posteriors samples     
====================================================================================================

----- dataset:  RVdata_expres
jitter_0              1.050259 
offset_0              7.155572 


----- dataset: RVdata_expres             ----- model: gp_multidimensional           
rot_amp               0.925623 
con_amp              -9.284693 

----- dataset:  RVdata_harps
jitter_0              1.081899 
offset_0              7.609590 
offset_1              7.975541 


----- dataset: RVdata_harps              ----- model: gp_multidimensional           
rot_amp               9.324906 
con_amp              -7.076656 

----- dataset:  RVdata_neid
jitter_0              1.195581 
offset_0              7.974489 


----- dataset: RVdata_neid               ----- model: gp_multidimensional           
rot_amp               1.426842 
con_amp              -8.968916 

----- dataset:  FIESTAdata_expres_mode1
jitter_0              0.970791 
offset_0             -0.033581 


----- dataset: FIESTAdata_expres_mode1   ----- model: gp_multidimensional           
rot_amp               9.545280 
con_amp              -0.073125 

----- dataset:  FIESTAdata_expres_mode2
jitter_0              1.266811 
offset_0             -0.019630 


----- dataset: FIESTAdata_expres_mode2   ----- model: gp_multidimensional           
rot_amp              -9.054263 
con_amp               1.399966 

----- dataset:  FIESTAdata_harps_mode1
jitter_0              0.628581 
offset_0              0.307601 


----- dataset: FIESTAdata_harps_mode1    ----- model: gp_multidimensional           
rot_amp               7.956415 
con_amp              -0.515164 

----- dataset:  FIESTAdata_harps_mode2
jitter_0              1.058975 
offset_0              0.450156 


----- dataset: FIESTAdata_harps_mode2    ----- model: gp_multidimensional           
rot_amp              -8.491721 
con_amp              -1.838665 

----- dataset:  FIESTAdata_harpsn_mode1
jitter_0              1.055495 
offset_0             -0.113560 


----- dataset: FIESTAdata_harpsn_mode1   ----- model: gp_multidimensional           
rot_amp               8.948306 
con_amp               0.443472 

----- dataset:  FIESTAdata_harpsn_mode2
jitter_0              1.297477 
offset_0              0.162201 


----- dataset: FIESTAdata_harpsn_mode2   ----- model: gp_multidimensional           
rot_amp              -9.595415 
con_amp               0.068373 

----- dataset:  FIESTAdata_neid_mode1
jitter_0              0.751594 
offset_0              0.037855 


----- dataset: FIESTAdata_neid_mode1     ----- model: gp_multidimensional           
rot_amp              -1.181261 
con_amp              -0.234922 

----- dataset:  FIESTAdata_neid_mode2
jitter_0              1.068834 
offset_0             -0.006480 


----- dataset: FIESTAdata_neid_mode2     ----- model: gp_multidimensional           
rot_amp               1.705710 
con_amp               0.880882 

----- common model:  b
P                     9.230142 
K                     0.062103 
mean_long           229.116015 
e                     0.033847 
omega                25.531078 

----- common model:  c
P                    21.868437 
K                     1.554931 
mean_long           314.917858 
e                     0.001672 
omega               -62.005038 

----- common model:  d
P                     8.888415 
K                     0.050629 
mean_long           173.287081 
e                     0.097067 
omega               -90.724684 

----- common model:  activity
Prot                 27.393352 
Pdec                 66.486456 
Oamp                  0.353094 

----- common model:  star_parameters

====================================================================================================
     Statistics on the derived parameters obtained from the posteriors samples     
====================================================================================================

----- common model:  b
Inclination fixed to 90 deg!
a_Rs                 18.509234 
M_Mj                  0.000640 
M_Me                  0.203602 
Tc                59340.274745 
a_AU_(M)              0.086114 
a_AU_(rho,R)          0.086114 

----- common model:  c
Inclination fixed to 90 deg!
a_Rs                 32.894798 
M_Mj                  0.021391 
M_Me                  6.799935 
Tc                59342.900367 
a_AU_(M)              0.153044 
a_AU_(rho,R)          0.153042 

----- common model:  d
Inclination fixed to 90 deg!
a_Rs                 18.049512 
M_Mj                  0.000513 
M_Me                  0.163230 
Tc                59341.535982 
a_AU_(M)              0.083975 
a_AU_(rho,R)          0.083975 


====================================================================================================
     ------------------------------------------------------------------------------------------     
====================================================================================================



****************************************************************************************************

Inclination fixed to 90 deg!
Inclination fixed to 90 deg!
Inclination fixed to 90 deg!
Note: stellar density derived from stellar mass and radius

Inclination fixed to 90 deg!
Inclination fixed to 90 deg!
Inclination fixed to 90 deg!
Inclination fixed to 90 deg!
Inclination fixed to 90 deg!
Inclination fixed to 90 deg!
 Plot FLAT chain 

****************************************************************************************************

 Skipping full correlation plot due to the high number of parameters
 To avoid this behaviour, set the keyword parameters:force_full_correlation_plot to True

****************************************************************************************************

 Plotting the chains... 

****************************************************************************************************

 Plotting the Gelman-Rubin traces... 

     Gelman-Rubin:    18     1.610319 RVdata_expres_jitter_0 
     Gelman-Rubin:    19     1.476607 RVdata_expres_offset_0 
     Gelman-Rubin:    20     1.697827 RVdata_expres_gp_multidimensional_rot_amp 
     Gelman-Rubin:    21     1.656127 RVdata_expres_gp_multidimensional_con_amp 
     Gelman-Rubin:    22     1.547021 RVdata_harps_jitter_0 
     Gelman-Rubin:    23     1.442776 RVdata_harps_offset_0 
     Gelman-Rubin:    24     1.456598 RVdata_harps_offset_1 
     Gelman-Rubin:    25     1.528351 RVdata_harps_gp_multidimensional_rot_amp 
     Gelman-Rubin:    26     1.563744 RVdata_harps_gp_multidimensional_con_amp 
     Gelman-Rubin:    27     1.591005 RVdata_neid_jitter_0 
     Gelman-Rubin:    28     1.459915 RVdata_neid_offset_0 
     Gelman-Rubin:    29     1.757046 RVdata_neid_gp_multidimensional_rot_amp 
     Gelman-Rubin:    30     1.597053 RVdata_neid_gp_multidimensional_con_amp 
     Gelman-Rubin:    31     1.646134 FIESTAdata_expres_mode1_jitter_0 
     Gelman-Rubin:    32     1.560388 FIESTAdata_expres_mode1_offset_0 
     Gelman-Rubin:    33     1.631118 FIESTAdata_expres_mode1_gp_multidimensional_rot_amp 
     Gelman-Rubin:    34     1.688480 FIESTAdata_expres_mode1_gp_multidimensional_con_amp 
     Gelman-Rubin:    35     1.574302 FIESTAdata_expres_mode2_jitter_0 
     Gelman-Rubin:    36     1.493831 FIESTAdata_expres_mode2_offset_0 
     Gelman-Rubin:    37     1.580355 FIESTAdata_expres_mode2_gp_multidimensional_rot_amp 
     Gelman-Rubin:    38     1.612496 FIESTAdata_expres_mode2_gp_multidimensional_con_amp 
     Gelman-Rubin:    39     1.529216 FIESTAdata_harps_mode1_jitter_0 
     Gelman-Rubin:    40     1.683248 FIESTAdata_harps_mode1_offset_0 
     Gelman-Rubin:    41     1.617197 FIESTAdata_harps_mode1_gp_multidimensional_rot_amp 
     Gelman-Rubin:    42     1.802683 FIESTAdata_harps_mode1_gp_multidimensional_con_amp 
     Gelman-Rubin:    43     1.552920 FIESTAdata_harps_mode2_jitter_0 
     Gelman-Rubin:    44     1.518578 FIESTAdata_harps_mode2_offset_0 
     Gelman-Rubin:    45     1.641628 FIESTAdata_harps_mode2_gp_multidimensional_rot_amp 
     Gelman-Rubin:    46     1.670952 FIESTAdata_harps_mode2_gp_multidimensional_con_amp 
     Gelman-Rubin:    47     1.555725 FIESTAdata_harpsn_mode1_jitter_0 
     Gelman-Rubin:    48     1.546812 FIESTAdata_harpsn_mode1_offset_0 
     Gelman-Rubin:    49     1.562715 FIESTAdata_harpsn_mode1_gp_multidimensional_rot_amp 
     Gelman-Rubin:    50     1.632965 FIESTAdata_harpsn_mode1_gp_multidimensional_con_amp 
     Gelman-Rubin:    51     1.460631 FIESTAdata_harpsn_mode2_jitter_0 
     Gelman-Rubin:    52     1.600769 FIESTAdata_harpsn_mode2_offset_0 
     Gelman-Rubin:    53     1.594554 FIESTAdata_harpsn_mode2_gp_multidimensional_rot_amp 
     Gelman-Rubin:    54     1.669503 FIESTAdata_harpsn_mode2_gp_multidimensional_con_amp 
     Gelman-Rubin:    55     1.614231 FIESTAdata_neid_mode1_jitter_0 
     Gelman-Rubin:    56     1.526198 FIESTAdata_neid_mode1_offset_0 
     Gelman-Rubin:    57     1.556959 FIESTAdata_neid_mode1_gp_multidimensional_rot_amp 
     Gelman-Rubin:    58     1.632136 FIESTAdata_neid_mode1_gp_multidimensional_con_amp 
     Gelman-Rubin:    59     1.551643 FIESTAdata_neid_mode2_jitter_0 
     Gelman-Rubin:    60     1.541927 FIESTAdata_neid_mode2_offset_0 
     Gelman-Rubin:    61     1.584391 FIESTAdata_neid_mode2_gp_multidimensional_rot_amp 
     Gelman-Rubin:    62     1.532819 FIESTAdata_neid_mode2_gp_multidimensional_con_amp 
     Gelman-Rubin:     0     1.895455 b_P 
     Gelman-Rubin:     1     1.951003 b_K 
     Gelman-Rubin:     2     1.669808 b_sre_coso 
     Gelman-Rubin:     3     1.588830 b_sre_sino 
     Gelman-Rubin:     4     1.844039 b_mean_long 
     Gelman-Rubin:     5     2.574912 c_P 
     Gelman-Rubin:     6     2.728194 c_K 
     Gelman-Rubin:     7     1.698198 c_sre_coso 
     Gelman-Rubin:     8     1.750088 c_sre_sino 
     Gelman-Rubin:     9     2.185453 c_mean_long 
     Gelman-Rubin:    10     1.854072 d_P 
     Gelman-Rubin:    11     1.900578 d_K 
     Gelman-Rubin:    12     1.661844 d_sre_coso 
     Gelman-Rubin:    13     1.680028 d_sre_sino 
     Gelman-Rubin:    14     1.784659 d_mean_long 
     Gelman-Rubin:    15     1.553304 activity_Prot 
     Gelman-Rubin:    16     1.604307 activity_Pdec 
     Gelman-Rubin:    17     1.544579 activity_Oamp 

****************************************************************************************************

Plotting the common models corner plots
     Common model:  b
     Common model:  c
     Common model:  d
     Common model:  activity
     Common model:  star_parameters

****************************************************************************************************

Plotting the dataset + models corner plots 

     Dataset:  RVdata_expres     model:  gp_multidimensional  corner plot  starting 
     Dataset:  RVdata_expres     model:  gp_multidimensional  corner plot  done 
     Dataset:  RVdata_expres     model:  radial_velocities_b  corner plot  starting 
     Dataset:  RVdata_expres     model:  radial_velocities_b  corner plot  done 
     Dataset:  RVdata_expres     model:  radial_velocities_c  corner plot  starting 
     Dataset:  RVdata_expres     model:  radial_velocities_c  corner plot  done 
     Dataset:  RVdata_expres     model:  radial_velocities_d  corner plot  starting 
     Dataset:  RVdata_expres     model:  radial_velocities_d  corner plot  done 
     Dataset:  RVdata_harps     model:  gp_multidimensional  corner plot  starting 
     Dataset:  RVdata_harps     model:  gp_multidimensional  corner plot  done 
     Dataset:  RVdata_harps     model:  radial_velocities_b  corner plot  starting 
     Dataset:  RVdata_harps     model:  radial_velocities_b  corner plot  done 
     Dataset:  RVdata_harps     model:  radial_velocities_c  corner plot  starting 
     Dataset:  RVdata_harps     model:  radial_velocities_c  corner plot  done 
     Dataset:  RVdata_harps     model:  radial_velocities_d  corner plot  starting 
     Dataset:  RVdata_harps     model:  radial_velocities_d  corner plot  done 
     Dataset:  RVdata_neid     model:  gp_multidimensional  corner plot  starting 
     Dataset:  RVdata_neid     model:  gp_multidimensional  corner plot  done 
     Dataset:  RVdata_neid     model:  radial_velocities_b  corner plot  starting 
     Dataset:  RVdata_neid     model:  radial_velocities_b  corner plot  done 
     Dataset:  RVdata_neid     model:  radial_velocities_c  corner plot  starting 
     Dataset:  RVdata_neid     model:  radial_velocities_c  corner plot  done 
     Dataset:  RVdata_neid     model:  radial_velocities_d  corner plot  starting 
     Dataset:  RVdata_neid     model:  radial_velocities_d  corner plot  done 
     Dataset:  FIESTAdata_expres_mode1     model:  gp_multidimensional  corner plot  starting 
     Dataset:  FIESTAdata_expres_mode1     model:  gp_multidimensional  corner plot  done 
     Dataset:  FIESTAdata_expres_mode2     model:  gp_multidimensional  corner plot  starting 
     Dataset:  FIESTAdata_expres_mode2     model:  gp_multidimensional  corner plot  done 
     Dataset:  FIESTAdata_harps_mode1     model:  gp_multidimensional  corner plot  starting 
     Dataset:  FIESTAdata_harps_mode1     model:  gp_multidimensional  corner plot  done 
     Dataset:  FIESTAdata_harps_mode2     model:  gp_multidimensional  corner plot  starting 
     Dataset:  FIESTAdata_harps_mode2     model:  gp_multidimensional  corner plot  done 
     Dataset:  FIESTAdata_harpsn_mode1     model:  gp_multidimensional  corner plot  starting 
     Dataset:  FIESTAdata_harpsn_mode1     model:  gp_multidimensional  corner plot  done 
     Dataset:  FIESTAdata_harpsn_mode2     model:  gp_multidimensional  corner plot  starting 
     Dataset:  FIESTAdata_harpsn_mode2     model:  gp_multidimensional  corner plot  done 
     Dataset:  FIESTAdata_neid_mode1     model:  gp_multidimensional  corner plot  starting 
     Dataset:  FIESTAdata_neid_mode1     model:  gp_multidimensional  corner plot  done 
     Dataset:  FIESTAdata_neid_mode2     model:  gp_multidimensional  corner plot  starting 
     Dataset:  FIESTAdata_neid_mode2     model:  gp_multidimensional  corner plot  done 

****************************************************************************************************

 Saving the planet parameter samplings to files (with plots)

****************************************************************************************************

 Saving all the parameter samplings to files (with plots)

****************************************************************************************************

 Computing the models for plot/data writing 
     Splitting the plot array to allow GP prediction of extended datasets, it may take a while...
     # 21 chunks of 78 times each
     Check the documentation if the code is taking too long or if it crashes...
     Splitting the plot array to allow GP prediction of extended datasets, it may take a while...
     # 21 chunks of 78 times each
     Check the documentation if the code is taking too long or if it crashes...
     Splitting the plot array to allow GP prediction of extended datasets, it may take a while...
     # 21 chunks of 78 times each
     Check the documentation if the code is taking too long or if it crashes...
     Splitting the plot array to allow GP prediction of extended datasets, it may take a while...
     # 15 chunks of 78 times each
     Check the documentation if the code is taking too long or if it crashes...
     Splitting the plot array to allow GP prediction of extended datasets, it may take a while...
     # 15 chunks of 78 times each
     Check the documentation if the code is taking too long or if it crashes...
     Splitting the plot array to allow GP prediction of extended datasets, it may take a while...
     # 4 chunks of 78 times each
     Check the documentation if the code is taking too long or if it crashes...
     Splitting the plot array to allow GP prediction of extended datasets, it may take a while...
     # 4 chunks of 78 times each
     Check the documentation if the code is taking too long or if it crashes...
     Splitting the plot array to allow GP prediction of extended datasets, it may take a while...
     # 13 chunks of 78 times each
     Check the documentation if the code is taking too long or if it crashes...
     Splitting the plot array to allow GP prediction of extended datasets, it may take a while...
     # 13 chunks of 78 times each
     Check the documentation if the code is taking too long or if it crashes...
     Splitting the plot array to allow GP prediction of extended datasets, it may take a while...
     # 13 chunks of 78 times each
     Check the documentation if the code is taking too long or if it crashes...
     Splitting the plot array to allow GP prediction of extended datasets, it may take a while...
     # 13 chunks of 78 times each
     Check the documentation if the code is taking too long or if it crashes...
     Splitting the plot array to allow GP prediction of extended datasets, it may take a while...
     # 21 chunks of 78 times each
     Check the documentation if the code is taking too long or if it crashes...
     Splitting the plot array to allow GP prediction of extended datasets, it may take a while...
     # 21 chunks of 78 times each
     Check the documentation if the code is taking too long or if it crashes...
     Splitting the plot array to allow GP prediction of extended datasets, it may take a while...
     # 21 chunks of 78 times each
     Check the documentation if the code is taking too long or if it crashes...
     Splitting the plot array to allow GP prediction of extended datasets, it may take a while...
     # 15 chunks of 78 times each
     Check the documentation if the code is taking too long or if it crashes...
     Splitting the plot array to allow GP prediction of extended datasets, it may take a while...
     # 15 chunks of 78 times each
     Check the documentation if the code is taking too long or if it crashes...
     Splitting the plot array to allow GP prediction of extended datasets, it may take a while...
     # 4 chunks of 78 times each
     Check the documentation if the code is taking too long or if it crashes...
     Splitting the plot array to allow GP prediction of extended datasets, it may take a while...
     # 4 chunks of 78 times each
     Check the documentation if the code is taking too long or if it crashes...
     Splitting the plot array to allow GP prediction of extended datasets, it may take a while...
     # 13 chunks of 78 times each
     Check the documentation if the code is taking too long or if it crashes...
     Splitting the plot array to allow GP prediction of extended datasets, it may take a while...
     # 13 chunks of 78 times each
     Check the documentation if the code is taking too long or if it crashes...
     Splitting the plot array to allow GP prediction of extended datasets, it may take a while...
     # 13 chunks of 78 times each
     Check the documentation if the code is taking too long or if it crashes...
     Splitting the plot array to allow GP prediction of extended datasets, it may take a while...
     # 13 chunks of 78 times each
     Check the documentation if the code is taking too long or if it crashes...
     Splitting the plot array to allow GP prediction of extended datasets, it may take a while...
     # 21 chunks of 78 times each
     Check the documentation if the code is taking too long or if it crashes...
     Splitting the plot array to allow GP prediction of extended datasets, it may take a while...
     # 21 chunks of 78 times each
     Check the documentation if the code is taking too long or if it crashes...
     Splitting the plot array to allow GP prediction of extended datasets, it may take a while...
     # 21 chunks of 78 times each
     Check the documentation if the code is taking too long or if it crashes...
     Splitting the plot array to allow GP prediction of extended datasets, it may take a while...
     # 15 chunks of 78 times each
     Check the documentation if the code is taking too long or if it crashes...
     Splitting the plot array to allow GP prediction of extended datasets, it may take a while...
     # 15 chunks of 78 times each
     Check the documentation if the code is taking too long or if it crashes...
     Splitting the plot array to allow GP prediction of extended datasets, it may take a while...
     # 4 chunks of 78 times each
     Check the documentation if the code is taking too long or if it crashes...
     Splitting the plot array to allow GP prediction of extended datasets, it may take a while...
     # 4 chunks of 78 times each
     Check the documentation if the code is taking too long or if it crashes...
     Splitting the plot array to allow GP prediction of extended datasets, it may take a while...
     # 13 chunks of 78 times each
     Check the documentation if the code is taking too long or if it crashes...
     Splitting the plot array to allow GP prediction of extended datasets, it may take a while...
     # 13 chunks of 78 times each
     Check the documentation if the code is taking too long or if it crashes...
     Splitting the plot array to allow GP prediction of extended datasets, it may take a while...
     # 13 chunks of 78 times each
     Check the documentation if the code is taking too long or if it crashes...
     Splitting the plot array to allow GP prediction of extended datasets, it may take a while...
     # 13 chunks of 78 times each
     Check the documentation if the code is taking too long or if it crashes...
 Writing the plots 
 Writing the   data files 
 Writing the  MAP_ data files 
 Writing the  sampleMED_ data files 

****************************************************************************************************

