
:::---::: PyORBIT v11.0.1 :::---:::

Python version in use:
3.10.18 (main, Jun  5 2025, 13:14:17) [GCC 11.2.0]

reloaded_optimize:  False
reloaded_pyde:  False
reloaded_emcee:  False

number of multiprocessing threads: 16
multiprocessing method (should be fork):  fork

parameters/safe_reload flag (must be True for tinygp):  False

Opening:  RVdata_expres
Opening:  RVdata_harps
Opening:  RVdata_neid
Opening:  BISdata_expres
Opening:  BISdata_harps
Opening:  BISdata_neid
Opening:  FWHMdata_expres
Opening:  FWHMdata_harps
Opening:  FWHMdata_neid
Opening:  Contrastdata_expres
Opening:  Contrastdata_harps
Opening:  Contrastdata_neid
Opening:  Halphadata_expres
Opening:  Halphadata_harps
Opening:  Halphadata_neid
Opening:  CaIIdata_expres
Opening:  CaIIdata_harps
Opening:  CaIIdata_neid

Adding common model of planet:  b
Adding common model of planet:  c
Using orbital model:  keplerian
Using orbital parametrization:  Eastman2013

Using orbital model:  keplerian
Using orbital parametrization:  Eastman2013

gp_multidimensional  S+LEAF model, number of harmonics: 4

GP model: gp_multidimensional  hyperparameters_condition:    True
GP model: gp_multidimensional  rotation_decay_condition:     True

====================================================================================================
     Ids, spaces (s), boundaries (b) and priors (p) of the sampler parameters     
====================================================================================================

----- dataset:  RVdata_expres
jitter_0      id:  13  s:Linear      b:[      0.0010,      11.5000]   p:Uniform   []
offset_0      id:  14  s:Linear      b:[  -9995.6770,   10013.1550]   p:Uniform   []

----- dataset: RVdata_expres             ----- model: gp_multidimensional           
rot_amp       id:  15  s:Linear      b:[      0.0000,      10.0000]   p:Uniform   []
con_amp       id:  16  s:Linear      b:[    -20.0000,      20.0000]   p:Uniform   []

----- dataset:  RVdata_harps
jitter_0      id:  17  s:Linear      b:[      0.0010,      13.3000]   p:Uniform   []
offset_0      id:  18  s:Linear      b:[  -9995.1415,   10014.3487]   p:Uniform   []
offset_1      id:  19  s:Linear      b:[  -9995.1415,   10014.3487]   p:Uniform   []

----- dataset: RVdata_harps              ----- model: gp_multidimensional           
rot_amp       id:  20  s:Linear      b:[      0.0000,      10.0000]   p:Uniform   []
con_amp       id:  21  s:Linear      b:[    -20.0000,      20.0000]   p:Uniform   []

----- dataset:  RVdata_neid
jitter_0      id:  22  s:Linear      b:[      0.0010,      12.2000]   p:Uniform   []
offset_0      id:  23  s:Linear      b:[  -9993.8466,   10013.8014]   p:Uniform   []

----- dataset: RVdata_neid               ----- model: gp_multidimensional           
rot_amp       id:  24  s:Linear      b:[      0.0000,      10.0000]   p:Uniform   []
con_amp       id:  25  s:Linear      b:[    -20.0000,      20.0000]   p:Uniform   []

----- dataset:  BISdata_expres
jitter_0      id:  26  s:Linear      b:[      0.0095,      95.0000]   p:Uniform   []
offset_0      id:  27  s:Linear      b:[ -10062.6333,    9950.1000]   p:Uniform   []

----- dataset: BISdata_expres            ----- model: gp_multidimensional           
rot_amp       id:  28  s:Linear      b:[    -10.0000,      10.0000]   p:Uniform   []
con_amp       id:  29  s:Linear      b:[    -20.0000,      20.0000]   p:Uniform   []

----- dataset:  BISdata_harps
jitter_0      id:  30  s:Linear      b:[      0.0095,      95.0000]   p:Uniform   []
offset_0      id:  31  s:Linear      b:[ -10050.2167,    9967.9000]   p:Uniform   []
offset_1      id:  32  s:Linear      b:[ -10050.2167,    9967.9000]   p:Uniform   []

----- dataset: BISdata_harps             ----- model: gp_multidimensional           
rot_amp       id:  33  s:Linear      b:[    -10.0000,      10.0000]   p:Uniform   []
con_amp       id:  34  s:Linear      b:[    -20.0000,      20.0000]   p:Uniform   []

----- dataset:  BISdata_neid
jitter_0      id:  35  s:Linear      b:[      0.0095,      95.0000]   p:Uniform   []
offset_0      id:  36  s:Linear      b:[ -10050.3833,    9958.6000]   p:Uniform   []

----- dataset: BISdata_neid              ----- model: gp_multidimensional           
rot_amp       id:  37  s:Linear      b:[    -10.0000,      10.0000]   p:Uniform   []
con_amp       id:  38  s:Linear      b:[    -20.0000,      20.0000]   p:Uniform   []

----- dataset:  FWHMdata_expres
jitter_0      id:  39  s:Linear      b:[      0.0500,     500.0000]   p:Uniform   []
offset_0      id:  40  s:Linear      b:[  -3231.3066,   16788.6123]   p:Uniform   []

----- dataset: FWHMdata_expres           ----- model: gp_multidimensional           
rot_amp       id:  41  s:Linear      b:[    -10.0000,      10.0000]   p:Uniform   []
con_amp       id:  42  s:Linear      b:[    -20.0000,      20.0000]   p:Uniform   []

----- dataset:  FWHMdata_harps
jitter_0      id:  43  s:Linear      b:[      0.0500,     500.0000]   p:Uniform   []
offset_0      id:  44  s:Linear      b:[  -3088.2455,   17179.2899]   p:Uniform   []
offset_1      id:  45  s:Linear      b:[  -3088.2455,   17179.2899]   p:Uniform   []

----- dataset: FWHMdata_harps            ----- model: gp_multidimensional           
rot_amp       id:  46  s:Linear      b:[    -10.0000,      10.0000]   p:Uniform   []
con_amp       id:  47  s:Linear      b:[    -20.0000,      20.0000]   p:Uniform   []

----- dataset:  FWHMdata_neid
jitter_0      id:  48  s:Linear      b:[      0.0500,     500.0000]   p:Uniform   []
offset_0      id:  49  s:Linear      b:[  -3050.5362,   16961.5856]   p:Uniform   []

----- dataset: FWHMdata_neid             ----- model: gp_multidimensional           
rot_amp       id:  50  s:Linear      b:[    -10.0000,      10.0000]   p:Uniform   []
con_amp       id:  51  s:Linear      b:[    -20.0000,      20.0000]   p:Uniform   []

----- dataset:  Contrastdata_expres
jitter_0      id:  52  s:Linear      b:[      1.3000,   13000.0000]   p:Uniform   []
offset_0      id:  53  s:Linear      b:[-359920.4253, -338857.3677]   p:Uniform   []

----- dataset: Contrastdata_expres       ----- model: gp_multidimensional           
rot_amp       id:  54  s:Linear      b:[    -10.0000,      10.0000]   p:Uniform   []
con_amp       id:  55  s:Linear      b:[    -20.0000,      20.0000]   p:Uniform   []

----- dataset:  Contrastdata_harps
jitter_0      id:  56  s:Linear      b:[      1.3000,   13000.0000]   p:Uniform   []
offset_0      id:  57  s:Linear      b:[-464231.0713, -409603.2636]   p:Uniform   []
offset_1      id:  58  s:Linear      b:[-464231.0713, -409603.2636]   p:Uniform   []

----- dataset: Contrastdata_harps        ----- model: gp_multidimensional           
rot_amp       id:  59  s:Linear      b:[    -10.0000,      10.0000]   p:Uniform   []
con_amp       id:  60  s:Linear      b:[    -20.0000,      20.0000]   p:Uniform   []

----- dataset:  Contrastdata_neid
jitter_0      id:  61  s:Linear      b:[      1.3000,   13000.0000]   p:Uniform   []
offset_0      id:  62  s:Linear      b:[-369898.1579, -349381.6867]   p:Uniform   []

----- dataset: Contrastdata_neid         ----- model: gp_multidimensional           
rot_amp       id:  63  s:Linear      b:[    -10.0000,      10.0000]   p:Uniform   []
con_amp       id:  64  s:Linear      b:[    -20.0000,      20.0000]   p:Uniform   []

----- dataset:  Halphadata_expres
jitter_0      id:  65  s:Linear      b:[      0.0000,       0.1000]   p:Uniform   []
offset_0      id:  66  s:Linear      b:[  -9999.8289,   10000.1728]   p:Uniform   []

----- dataset: Halphadata_expres         ----- model: gp_multidimensional           
rot_amp       id:  67  s:Linear      b:[    -10.0000,      10.0000]   p:Uniform   []
con_amp       id:  68  s:Linear      b:[    -20.0000,      20.0000]   p:Uniform   []

----- dataset:  Halphadata_harps
jitter_0      id:  69  s:Linear      b:[      0.0000,       0.1000]   p:Uniform   []
offset_0      id:  70  s:Linear      b:[  -9999.8279,   10000.1774]   p:Uniform   []
offset_1      id:  71  s:Linear      b:[  -9999.8279,   10000.1774]   p:Uniform   []

----- dataset: Halphadata_harps          ----- model: gp_multidimensional           
rot_amp       id:  72  s:Linear      b:[    -10.0000,      10.0000]   p:Uniform   []
con_amp       id:  73  s:Linear      b:[    -20.0000,      20.0000]   p:Uniform   []

----- dataset:  Halphadata_neid
jitter_0      id:  74  s:Linear      b:[      0.0000,       0.1000]   p:Uniform   []
offset_0      id:  75  s:Linear      b:[  -9999.8297,   10000.1719]   p:Uniform   []

----- dataset: Halphadata_neid           ----- model: gp_multidimensional           
rot_amp       id:  76  s:Linear      b:[    -10.0000,      10.0000]   p:Uniform   []
con_amp       id:  77  s:Linear      b:[    -20.0000,      20.0000]   p:Uniform   []

----- dataset:  CaIIdata_expres
jitter_0      id:  78  s:Linear      b:[      0.0000,       0.3000]   p:Uniform   []
offset_0      id:  79  s:Linear      b:[  -9999.9072,   10000.1093]   p:Uniform   []

----- dataset: CaIIdata_expres           ----- model: gp_multidimensional           
rot_amp       id:  80  s:Linear      b:[    -10.0000,      10.0000]   p:Uniform   []
con_amp       id:  81  s:Linear      b:[    -20.0000,      20.0000]   p:Uniform   []

----- dataset:  CaIIdata_harps
jitter_0      id:  82  s:Linear      b:[      0.0000,       0.3000]   p:Uniform   []
offset_0      id:  83  s:Linear      b:[  -9999.9030,   10000.1142]   p:Uniform   []
offset_1      id:  84  s:Linear      b:[  -9999.9030,   10000.1142]   p:Uniform   []

----- dataset: CaIIdata_harps            ----- model: gp_multidimensional           
rot_amp       id:  85  s:Linear      b:[    -10.0000,      10.0000]   p:Uniform   []
con_amp       id:  86  s:Linear      b:[    -20.0000,      20.0000]   p:Uniform   []

----- dataset:  CaIIdata_neid
jitter_0      id:  87  s:Linear      b:[      0.0000,       0.3000]   p:Uniform   []
offset_0      id:  88  s:Linear      b:[  -9999.9015,   10000.1001]   p:Uniform   []

----- dataset: CaIIdata_neid             ----- model: gp_multidimensional           
rot_amp       id:  89  s:Linear      b:[    -10.0000,      10.0000]   p:Uniform   []
con_amp       id:  90  s:Linear      b:[    -20.0000,      20.0000]   p:Uniform   []

----- common model:  b
P             id:   0  s:Log_Base2   b:[      0.3785,       6.6439]   p:Uniform   []
K             id:   1  s:Log_Base2   b:[     -9.9658,       3.3219]   p:Uniform   []
sre_coso      id:   2  s:Linear      b:[     -1.0000,       1.0000]   p:Uniform   []
sre_sino      id:   3  s:Linear      b:[     -1.0000,       1.0000]   p:Uniform   []
mean_long     id:   4  s:Linear      b:[      0.0000,     360.0000]   p:Uniform   []
e             derived (no id, space, bound)                           p:Gaussian   [0.    0.098]
omega         derived (no id, space, bound)                           p:Uniform   [0.0, 360.0]

----- common model:  c
P             id:   5  s:Log_Base2   b:[      0.3785,       6.6439]   p:Uniform   []
K             id:   6  s:Log_Base2   b:[     -9.9658,       3.3219]   p:Uniform   []
sre_coso      id:   7  s:Linear      b:[     -1.0000,       1.0000]   p:Uniform   []
sre_sino      id:   8  s:Linear      b:[     -1.0000,       1.0000]   p:Uniform   []
mean_long     id:   9  s:Linear      b:[      0.0000,     360.0000]   p:Uniform   []
e             derived (no id, space, bound)                           p:Gaussian   [0.    0.098]
omega         derived (no id, space, bound)                           p:Uniform   [0.0, 360.0]

----- common model:  activity
Prot          id:  10  s:Linear      b:[     20.0000,      35.0000]   p:Gaussian   [28.   0.5]
Pdec          id:  11  s:Linear      b:[     30.0000,    1000.0000]   p:Uniform   []
Oamp          id:  12  s:Log_Base2   b:[     -6.6439,       0.0000]   p:Gaussian   [0.35  0.035]

----- common model:  star_parameters
mass          derived (no id, space, bound)                           p:Gaussian   [1.e+00 1.e-06]
radius        derived (no id, space, bound)                           p:Gaussian   [1.e+00 1.e-06]
density       derived (no id, space, bound)                           p:Gaussian   [1.e+00 1.e-06]

Include priors:  True

Reference Time Tref:  59334.700184

Dimensions =  91
Nwalkers =  364

Using threading pool for PyDE: True
PyDE running
Boundaries redefined after PyDE output
PyDE completed, it took       1532.3 seconds

====================================================================================================
     Starting point of the sample/optimization routines    
====================================================================================================

----- dataset:  RVdata_expres
jitter_0        13      0.931857 [    0.0010,    11.5000]
offset_0        14      9.561759 [-9995.6770, 10013.1550]

----- dataset: RVdata_expres             ----- model: gp_multidimensional           
rot_amp         15      4.270373 [    0.0000,    10.0000]
con_amp         16     -1.264969 [  -20.0000,    20.0000]

----- dataset:  RVdata_harps
jitter_0        17      1.228313 [    0.0010,    13.3000]
offset_0        18      9.711877 [-9995.1415, 10014.3487]
offset_1        19     11.085573 [-9995.1415, 10014.3487]

----- dataset: RVdata_harps              ----- model: gp_multidimensional           
rot_amp         20      0.783959 [    0.0000,    10.0000]
con_amp         21     -0.593940 [  -20.0000,    20.0000]

----- dataset:  RVdata_neid
jitter_0        22      1.237261 [    0.0010,    12.2000]
offset_0        23     10.747551 [-9993.8466, 10013.8014]

----- dataset: RVdata_neid               ----- model: gp_multidimensional           
rot_amp         24      2.006491 [    0.0000,    10.0000]
con_amp         25     -0.867377 [  -20.0000,    20.0000]

----- dataset:  BISdata_expres
jitter_0        26      2.020508 [    0.0095,    95.0000]
offset_0        27    -54.625013 [-10062.6333,  9950.1000]

----- dataset: BISdata_expres            ----- model: gp_multidimensional           
rot_amp         28      0.421921 [  -10.0000,    10.0000]
con_amp         29     -0.493033 [  -20.0000,    20.0000]

----- dataset:  BISdata_harps
jitter_0        30      1.845787 [    0.0095,    95.0000]
offset_0        31    -45.188334 [-10050.2167,  9967.9000]
offset_1        32    -35.153468 [-10050.2167,  9967.9000]

----- dataset: BISdata_harps             ----- model: gp_multidimensional           
rot_amp         33     -0.997041 [  -10.0000,    10.0000]
con_amp         34     -0.266060 [  -20.0000,    20.0000]

----- dataset:  BISdata_neid
jitter_0        35      1.309617 [    0.0095,    95.0000]
offset_0        36    -46.711669 [-10050.3833,  9958.6000]

----- dataset: BISdata_neid              ----- model: gp_multidimensional           
rot_amp         37     -1.569287 [  -10.0000,    10.0000]
con_amp         38     -0.246063 [  -20.0000,    20.0000]

----- dataset:  FWHMdata_expres
jitter_0        39      0.052717 [    0.0500,   500.0000]
offset_0        40   6774.791753 [-3231.3066, 16788.6123]

----- dataset: FWHMdata_expres           ----- model: gp_multidimensional           
rot_amp         41     -1.237581 [  -10.0000,    10.0000]
con_amp         42      4.751459 [  -20.0000,    20.0000]

----- dataset:  FWHMdata_harps
jitter_0        43      0.053019 [    0.0500,   500.0000]
offset_0        44   6916.960411 [-3088.2455, 17179.2899]
offset_1        45   7172.042776 [-3088.2455, 17179.2899]

----- dataset: FWHMdata_harps            ----- model: gp_multidimensional           
rot_amp         46      1.408958 [  -10.0000,    10.0000]
con_amp         47      0.419457 [  -20.0000,    20.0000]

----- dataset:  FWHMdata_neid
jitter_0        48      0.052604 [    0.0500,   500.0000]
offset_0        49   6956.437851 [-3050.5362, 16961.5856]

----- dataset: FWHMdata_neid             ----- model: gp_multidimensional           
rot_amp         50      0.980873 [  -10.0000,    10.0000]
con_amp         51      0.063480 [  -20.0000,    20.0000]

----- dataset:  Contrastdata_expres
jitter_0        52    186.769802 [    1.3000, 13000.0000]
offset_0        53  -349458.103087 [-359920.4253, -338857.3677]

----- dataset: Contrastdata_expres       ----- model: gp_multidimensional           
rot_amp         54     -9.989061 [  -10.0000,    10.0000]
con_amp         55     19.998720 [  -20.0000,    20.0000]

----- dataset:  Contrastdata_harps
jitter_0        56     41.970713 [    1.3000, 13000.0000]
offset_0        57  -453784.685803 [-464231.0713, -409603.2636]
offset_1        58  -419795.593057 [-464231.0713, -409603.2636]

----- dataset: Contrastdata_harps        ----- model: gp_multidimensional           
rot_amp         59     -9.946750 [  -10.0000,    10.0000]
con_amp         60    -12.171706 [  -20.0000,    20.0000]

----- dataset:  Contrastdata_neid
jitter_0        61      1.531608 [    1.3000, 13000.0000]
offset_0        62  -359634.201108 [-369898.1579, -349381.6867]

----- dataset: Contrastdata_neid         ----- model: gp_multidimensional           
rot_amp         63     -9.987491 [  -10.0000,    10.0000]
con_amp         64     -7.726850 [  -20.0000,    20.0000]

----- dataset:  Halphadata_expres
jitter_0        65      0.000010 [    0.0000,     0.1000]
offset_0        66      0.172045 [-9999.8289, 10000.1728]

----- dataset: Halphadata_expres         ----- model: gp_multidimensional           
rot_amp         67      0.000275 [  -10.0000,    10.0000]
con_amp         68     -0.000004 [  -20.0000,    20.0000]

----- dataset:  Halphadata_harps
jitter_0        69      0.000018 [    0.0000,     0.1000]
offset_0        70      0.174733 [-9999.8279, 10000.1774]
offset_1        71      0.174001 [-9999.8279, 10000.1774]

----- dataset: Halphadata_harps          ----- model: gp_multidimensional           
rot_amp         72     -0.001357 [  -10.0000,    10.0000]
con_amp         73      0.000047 [  -20.0000,    20.0000]

----- dataset:  Halphadata_neid
jitter_0        74      0.000011 [    0.0000,     0.1000]
offset_0        75      0.171139 [-9999.8297, 10000.1719]

----- dataset: Halphadata_neid           ----- model: gp_multidimensional           
rot_amp         76      0.000001 [  -10.0000,    10.0000]
con_amp         77     -0.000003 [  -20.0000,    20.0000]

----- dataset:  CaIIdata_expres
jitter_0        78      0.001878 [    0.0000,     0.3000]
offset_0        79      0.100085 [-9999.9072, 10000.1093]

----- dataset: CaIIdata_expres           ----- model: gp_multidimensional           
rot_amp         80      0.000182 [  -10.0000,    10.0000]
con_amp         81      0.000281 [  -20.0000,    20.0000]

----- dataset:  CaIIdata_harps
jitter_0        82      0.000036 [    0.0000,     0.3000]
offset_0        83      0.104638 [-9999.9030, 10000.1142]
offset_1        84      0.103434 [-9999.9030, 10000.1142]

----- dataset: CaIIdata_harps            ----- model: gp_multidimensional           
rot_amp         85      0.000065 [  -10.0000,    10.0000]
con_amp         86     -0.000016 [  -20.0000,    20.0000]

----- dataset:  CaIIdata_neid
jitter_0        87      0.000032 [    0.0000,     0.3000]
offset_0        88      0.099401 [-9999.9015, 10000.1001]

----- dataset: CaIIdata_neid             ----- model: gp_multidimensional           
rot_amp         89     -0.000230 [  -10.0000,    10.0000]
con_amp         90     -0.000065 [  -20.0000,    20.0000]

----- common model:  b
P                0      2.197763 [    0.3785,     6.6439]
K                1     -0.621166 [   -9.9658,     3.3219]
sre_coso         2      0.226542 [   -1.0000,     1.0000]
sre_sino         3     -0.291920 [   -1.0000,     1.0000]
mean_long        4    180.324778 [    0.3248,   360.3248]

----- common model:  c
P                5      5.604115 [    0.3785,     6.6439]
K                6      0.125402 [   -9.9658,     3.3219]
sre_coso         7     -0.365054 [   -1.0000,     1.0000]
sre_sino         8      0.043165 [   -1.0000,     1.0000]
mean_long        9    238.958677 [   58.9587,   418.9587]

----- common model:  activity
Prot            10     28.638011 [   20.0000,    35.0000]
Pdec            11     30.000948 [   30.0000,  1000.0000]
Oamp            12     -1.367342 [   -6.6439,     0.0000]

----- common model:  star_parameters

====================================================================================================
     Starting point projected onto the model parameter space     
====================================================================================================

----- dataset:  RVdata_expres
jitter_0              0.931857 
offset_0              9.561759 


----- dataset: RVdata_expres             ----- model: gp_multidimensional           
rot_amp               4.270373 
con_amp              -1.264969 

----- dataset:  RVdata_harps
jitter_0              1.228313 
offset_0              9.711877 
offset_1             11.085573 


----- dataset: RVdata_harps              ----- model: gp_multidimensional           
rot_amp               0.783959 
con_amp              -0.593940 

----- dataset:  RVdata_neid
jitter_0              1.237261 
offset_0             10.747551 


----- dataset: RVdata_neid               ----- model: gp_multidimensional           
rot_amp               2.006491 
con_amp              -0.867377 

----- dataset:  BISdata_expres
jitter_0              2.020508 
offset_0            -54.625013 


----- dataset: BISdata_expres            ----- model: gp_multidimensional           
rot_amp               0.421921 
con_amp              -0.493033 

----- dataset:  BISdata_harps
jitter_0              1.845787 
offset_0            -45.188334 
offset_1            -35.153468 


----- dataset: BISdata_harps             ----- model: gp_multidimensional           
rot_amp              -0.997041 
con_amp              -0.266060 

----- dataset:  BISdata_neid
jitter_0              1.309617 
offset_0            -46.711669 


----- dataset: BISdata_neid              ----- model: gp_multidimensional           
rot_amp              -1.569287 
con_amp              -0.246063 

----- dataset:  FWHMdata_expres
jitter_0              0.052717 
offset_0           6774.791753 


----- dataset: FWHMdata_expres           ----- model: gp_multidimensional           
rot_amp              -1.237581 
con_amp               4.751459 

----- dataset:  FWHMdata_harps
jitter_0              0.053019 
offset_0           6916.960411 
offset_1           7172.042776 


----- dataset: FWHMdata_harps            ----- model: gp_multidimensional           
rot_amp               1.408958 
con_amp               0.419457 

----- dataset:  FWHMdata_neid
jitter_0              0.052604 
offset_0           6956.437851 


----- dataset: FWHMdata_neid             ----- model: gp_multidimensional           
rot_amp               0.980873 
con_amp               0.063480 

----- dataset:  Contrastdata_expres
jitter_0            186.769802 
offset_0        -349458.103087 


----- dataset: Contrastdata_expres       ----- model: gp_multidimensional           
rot_amp              -9.989061 
con_amp              19.998720 

----- dataset:  Contrastdata_harps
jitter_0             41.970713 
offset_0        -453784.685803 
offset_1        -419795.593057 


----- dataset: Contrastdata_harps        ----- model: gp_multidimensional           
rot_amp              -9.946750 
con_amp             -12.171706 

----- dataset:  Contrastdata_neid
jitter_0              1.531608 
offset_0        -359634.201108 


----- dataset: Contrastdata_neid         ----- model: gp_multidimensional           
rot_amp              -9.987491 
con_amp              -7.726850 

----- dataset:  Halphadata_expres
jitter_0              0.000010 
offset_0              0.172045 


----- dataset: Halphadata_expres         ----- model: gp_multidimensional           
rot_amp               0.000275 
con_amp              -0.000004 

----- dataset:  Halphadata_harps
jitter_0              0.000018 
offset_0              0.174733 
offset_1              0.174001 


----- dataset: Halphadata_harps          ----- model: gp_multidimensional           
rot_amp              -0.001357 
con_amp               0.000047 

----- dataset:  Halphadata_neid
jitter_0              0.000011 
offset_0              0.171139 


----- dataset: Halphadata_neid           ----- model: gp_multidimensional           
rot_amp               0.000001 
con_amp              -0.000003 

----- dataset:  CaIIdata_expres
jitter_0              0.001878 
offset_0              0.100085 


----- dataset: CaIIdata_expres           ----- model: gp_multidimensional           
rot_amp               0.000182 
con_amp               0.000281 

----- dataset:  CaIIdata_harps
jitter_0              0.000036 
offset_0              0.104638 
offset_1              0.103434 


----- dataset: CaIIdata_harps            ----- model: gp_multidimensional           
rot_amp               0.000065 
con_amp              -0.000016 

----- dataset:  CaIIdata_neid
jitter_0              0.000032 
offset_0              0.099401 


----- dataset: CaIIdata_neid             ----- model: gp_multidimensional           
rot_amp              -0.000230 
con_amp              -0.000065 

----- common model:  b
P                     4.587676 
K                     0.650145 
mean_long           180.324778 
e                     0.136538 
omega               -52.187116 

----- common model:  c
P                    48.641460 
K                     1.090811 
mean_long           238.958677 
e                     0.135127 
omega               173.256528 

----- common model:  activity
Prot                 28.638011 
Pdec                 30.000948 
Oamp                  0.387605 

----- common model:  star_parameters

====================================================================================================
     Derived parameters obtained from starting point     
====================================================================================================

----- common model:  b
Inclination fixed to 90 deg!
a_Rs                 11.613882 
M_Mj                  0.005264 
M_Me                  1.673551 
Tc                59338.004049 
a_AU_(M)              0.054034 
a_AU_(rho,R)          0.054033 

----- common model:  c
Inclination fixed to 90 deg!
a_Rs                 56.051459 
M_Mj                  0.019408 
M_Me                  6.169802 
Tc                59365.262169 
a_AU_(M)              0.260780 
a_AU_(rho,R)          0.260778 


====================================================================================================
     Statistics on the log-likelihood     
====================================================================================================

 LN probability: -1212.395892 

====================================================================================================
     ------------------------------------------------------------------------------------------     
====================================================================================================



*************************************************************

Running emcee

emcee version:  3.1.6
Using threading pool for emcee: True

Saving temporary steps


Computing the autocorrelation time of the chains

***** WARNING ******
The integrated autocorrelation time cannot be reliably estimated
likely the chains are too short, and ACF analysis is not fully reliable
emcee.autocorr.integrated_time tolerance lowered to 20
If you still get a warning, you should drop these results entirely
Chains too short to apply convergence criteria
They should be at least 600*nthin = 90000

====================================================================================================
     Statistics on the posterior of the sampler parameters     
====================================================================================================

----- dataset:  RVdata_expres
jitter_0        13         0.944       -0.035         0.11   (15-84 p)   [    0.0010,    11.5000]
offset_0        14          9.57        -0.35         0.38   (15-84 p)   [-9995.6770, 10013.1550]

----- dataset: RVdata_expres             ----- model: gp_multidimensional           
rot_amp         15          4.39        -0.40          2.6   (15-84 p)   [    0.0000,    10.0000]
con_amp         16         -1.35        -0.59         0.11   (15-84 p)   [  -20.0000,    20.0000]

----- dataset:  RVdata_harps
jitter_0        17         1.233       -0.044        0.088   (15-84 p)   [    0.0010,    13.3000]
offset_0        18          9.71        -0.19         0.19   (15-84 p)   [-9995.1415, 10014.3487]
offset_1        19         11.08        -0.26         0.26   (15-84 p)   [-9995.1415, 10014.3487]

----- dataset: RVdata_harps              ----- model: gp_multidimensional           
rot_amp         20          0.84        -0.30         0.88   (15-84 p)   [    0.0000,    10.0000]
con_amp         21        -0.604        -0.27        0.064   (15-84 p)   [  -20.0000,    20.0000]

----- dataset:  RVdata_neid
jitter_0        22         1.246       -0.053         0.13   (15-84 p)   [    0.0010,    12.2000]
offset_0        23         10.75        -0.26         0.28   (15-84 p)   [-9993.8466, 10013.8014]

----- dataset: RVdata_neid               ----- model: gp_multidimensional           
rot_amp         24          2.12        -0.27          1.5   (15-84 p)   [    0.0000,    10.0000]
con_amp         25        -0.888        -0.34        0.077   (15-84 p)   [  -20.0000,    20.0000]

----- dataset:  BISdata_expres
jitter_0        26          2.02        -0.12         0.14   (15-84 p)   [    0.0095,    95.0000]
offset_0        27        -54.63        -0.27         0.19   (15-84 p)   [-10062.6333,  9950.1000]

----- dataset: BISdata_expres            ----- model: gp_multidimensional           
rot_amp         28          0.50        -0.46          1.1   (15-84 p)   [  -10.0000,    10.0000]
con_amp         29         -0.49        -0.19         0.21   (15-84 p)   [  -20.0000,    20.0000]

----- dataset:  BISdata_harps
jitter_0        30          1.85        -0.10         0.13   (15-84 p)   [    0.0095,    95.0000]
offset_0        31        -45.20        -0.24         0.18   (15-84 p)   [-10050.2167,  9967.9000]
offset_1        32        -35.18        -0.41         0.21   (15-84 p)   [-10050.2167,  9967.9000]

----- dataset: BISdata_harps             ----- model: gp_multidimensional           
rot_amp         33         -1.01        -0.94         0.50   (15-84 p)   [  -10.0000,    10.0000]
con_amp         34         -0.27        -0.23         0.17   (15-84 p)   [  -20.0000,    20.0000]

----- dataset:  BISdata_neid
jitter_0        35          1.31        -0.11         0.14   (15-84 p)   [    0.0095,    95.0000]
offset_0        36        -46.72        -0.20         0.14   (15-84 p)   [-10050.3833,  9958.6000]

----- dataset: BISdata_neid              ----- model: gp_multidimensional           
rot_amp         37         -1.62        -0.92         0.43   (15-84 p)   [  -10.0000,    10.0000]
con_amp         38         -0.24        -0.18         0.20   (15-84 p)   [  -20.0000,    20.0000]

----- dataset:  FWHMdata_expres
jitter_0        39         0.099       -0.047         0.23   (15-84 p)   [    0.0500,   500.0000]
offset_0        40        6774.8         -1.3          1.5   (15-84 p)   [-3231.3066, 16788.6123]

----- dataset: FWHMdata_expres           ----- model: gp_multidimensional           
rot_amp         41          -1.2         -2.2          2.1   (15-84 p)   [  -10.0000,    10.0000]
con_amp         42          4.94        -0.31          1.9   (15-84 p)   [  -20.0000,    20.0000]

----- dataset:  FWHMdata_harps
jitter_0        43         0.104       -0.052         0.25   (15-84 p)   [    0.0500,   500.0000]
offset_0        44       6916.94        -0.47         0.45   (15-84 p)   [-3088.2455, 17179.2899]
offset_1        45       7171.97         -1.0         0.62   (15-84 p)   [-3088.2455, 17179.2899]

----- dataset: FWHMdata_harps            ----- model: gp_multidimensional           
rot_amp         46           1.4         -1.5          1.1   (15-84 p)   [  -10.0000,    10.0000]
con_amp         47          0.40        -0.44         0.30   (15-84 p)   [  -20.0000,    20.0000]

----- dataset:  FWHMdata_neid
jitter_0        48         0.106       -0.054         0.29   (15-84 p)   [    0.0500,   500.0000]
offset_0        49       6956.44        -0.47         0.55   (15-84 p)   [-3050.5362, 16961.5856]

----- dataset: FWHMdata_neid             ----- model: gp_multidimensional           
rot_amp         50           0.9         -2.2          1.3   (15-84 p)   [  -10.0000,    10.0000]
con_amp         51          0.07        -0.49         0.55   (15-84 p)   [  -20.0000,    20.0000]

----- dataset:  Contrastdata_expres
jitter_0        52           186          -15           15   (15-84 p)   [    1.3000, 13000.0000]
offset_0        53       -349459          -20           15   (15-84 p)   [-359920.4253, -338857.3677]

----- dataset: Contrastdata_expres       ----- model: gp_multidimensional           
rot_amp         54         -9.82        -0.17         0.82   (15-84 p)   [  -10.0000,    10.0000]
con_amp         55        19.974        -0.14        0.025   (15-84 p)   [  -20.0000,    20.0000]

----- dataset:  Contrastdata_harps
jitter_0        56            42          -21           19   (15-84 p)   [    1.3000, 13000.0000]
offset_0        57     -453785.5          -17          9.4   (15-84 p)   [-464231.0713, -409603.2636]
offset_1        58       -419794          -18           26   (15-84 p)   [-464231.0713, -409603.2636]

----- dataset: Contrastdata_harps        ----- model: gp_multidimensional           
rot_amp         59          -8.8         -1.2          6.7   (15-84 p)   [  -10.0000,    10.0000]
con_amp         60         -10.6         -4.6           15   (15-84 p)   [  -20.0000,    20.0000]

----- dataset:  Contrastdata_neid
jitter_0        61           7.1         -5.5           22   (15-84 p)   [    1.3000, 13000.0000]
offset_0        62     -359635.6          -17          9.3   (15-84 p)   [-369898.1579, -349381.6867]

----- dataset: Contrastdata_neid         ----- model: gp_multidimensional           
rot_amp         63         -9.81        -0.18          1.2   (15-84 p)   [  -10.0000,    10.0000]
con_amp         64          -6.3         -7.2           16   (15-84 p)   [  -20.0000,    20.0000]

----- dataset:  Halphadata_expres
jitter_0        65      0.000023    -0.000013     0.000061   (15-84 p)   [    0.0000,     0.1000]
offset_0        66      0.172045    -0.000087     0.000073   (15-84 p)   [-9999.8289, 10000.1728]

----- dataset: Halphadata_expres         ----- model: gp_multidimensional           
rot_amp         67       0.00027     -0.00031      0.00031   (15-84 p)   [  -10.0000,    10.0000]
con_amp         68     -0.000005    -0.000098     0.000088   (15-84 p)   [  -20.0000,    20.0000]

----- dataset:  Halphadata_harps
jitter_0        69       0.00014     -0.00012      0.00033   (15-84 p)   [    0.0000,     0.1000]
offset_0        70      0.174730     -0.00010     0.000079   (15-84 p)   [-9999.8279, 10000.1774]
offset_1        71       0.17399     -0.00019      0.00017   (15-84 p)   [-9999.8279, 10000.1774]

----- dataset: Halphadata_harps          ----- model: gp_multidimensional           
rot_amp         72      -0.00139     -0.00066      0.00020   (15-84 p)   [  -10.0000,    10.0000]
con_amp         73      0.000045    -0.000084     0.000077   (15-84 p)   [  -20.0000,    20.0000]

----- dataset:  Halphadata_neid
jitter_0        74      0.000021    -0.000011     0.000053   (15-84 p)   [    0.0000,     0.1000]
offset_0        75       0.17114     -0.00010      0.00011   (15-84 p)   [-9999.8297, 10000.1719]

----- dataset: Halphadata_neid           ----- model: gp_multidimensional           
rot_amp         76      -0.00003     -0.00041      0.00028   (15-84 p)   [  -10.0000,    10.0000]
con_amp         77     -0.000004     -0.00010     0.000081   (15-84 p)   [  -20.0000,    20.0000]

----- dataset:  CaIIdata_expres
jitter_0        78       0.00191     -0.00028      0.00046   (15-84 p)   [    0.0000,     0.3000]
offset_0        79       0.10006     -0.00042      0.00024   (15-84 p)   [-9999.9072, 10000.1093]

----- dataset: CaIIdata_expres           ----- model: gp_multidimensional           
rot_amp         80        0.0002      -0.0011       0.0011   (15-84 p)   [  -10.0000,    10.0000]
con_amp         81       0.00033     -0.00016      0.00056   (15-84 p)   [  -20.0000,    20.0000]

----- dataset:  CaIIdata_harps
jitter_0        82       0.00014     -0.00011      0.00047   (15-84 p)   [    0.0000,     0.3000]
offset_0        83       0.10465     -0.00021      0.00030   (15-84 p)   [-9999.9030, 10000.1142]
offset_1        84       0.10349     -0.00034      0.00068   (15-84 p)   [-9999.9030, 10000.1142]

----- dataset: CaIIdata_harps            ----- model: gp_multidimensional           
rot_amp         85       0.00006     -0.00085      0.00098   (15-84 p)   [  -10.0000,    10.0000]
con_amp         86      -0.00002     -0.00028      0.00023   (15-84 p)   [  -20.0000,    20.0000]

----- dataset:  CaIIdata_neid
jitter_0        87      0.000056    -0.000025      0.00013   (15-84 p)   [    0.0000,     0.3000]
offset_0        88       0.09938     -0.00037      0.00021   (15-84 p)   [-9999.9015, 10000.1001]

----- dataset: CaIIdata_neid             ----- model: gp_multidimensional           
rot_amp         89       -0.0002      -0.0011       0.0010   (15-84 p)   [  -10.0000,    10.0000]
con_amp         90      -0.00007     -0.00032      0.00027   (15-84 p)   [  -20.0000,    20.0000]

----- common model:  b
P                0        2.1979      -0.0044       0.0054   (15-84 p)   [    0.3785,     6.6439]
K                1         -0.66        -0.45         0.11   (15-84 p)   [   -9.9658,     3.3219]
sre_coso         2         0.198        -0.25        0.065   (15-84 p)   [   -1.0000,     1.0000]
sre_sino         3        -0.249       -0.065         0.27   (15-84 p)   [   -1.0000,     1.0000]
mean_long        4         180.5         -8.6           13   (15-84 p)   [    0.3248,   360.3248]

----- common model:  c
P                5         5.606       -0.028        0.050   (15-84 p)   [    0.3785,     6.6439]
K                6          0.11        -0.24         0.14   (15-84 p)   [   -9.9658,     3.3219]
sre_coso         7        -0.355       -0.048         0.18   (15-84 p)   [   -1.0000,     1.0000]
sre_sino         8          0.04        -0.18         0.15   (15-84 p)   [   -1.0000,     1.0000]
mean_long        9         239.8         -7.4           14   (15-84 p)   [   58.9587,   418.9587]

----- common model:  activity
Prot            10         28.63        -0.41         0.23   (15-84 p)   [   20.0000,    35.0000]
Pdec            11        30.014       -0.013        0.066   (15-84 p)   [   30.0000,  1000.0000]
Oamp            12        -1.364       -0.065        0.095   (15-84 p)   [   -6.6439,     0.0000]

----- common model:  star_parameters

====================================================================================================
     Statistics on the model parameters obtained from the posteriors samples     
====================================================================================================

----- dataset:  RVdata_expres
jitter_0                 0.944       -0.035         0.11    (15-84 p)
offset_0                  9.57        -0.35         0.38    (15-84 p)


----- dataset: RVdata_expres             ----- model: gp_multidimensional           
rot_amp                   4.39        -0.40          2.6    (15-84 p)
con_amp                  -1.35        -0.59         0.11    (15-84 p)

----- dataset:  RVdata_harps
jitter_0                 1.233       -0.044        0.088    (15-84 p)
offset_0                  9.71        -0.19         0.19    (15-84 p)
offset_1                 11.08        -0.26         0.26    (15-84 p)


----- dataset: RVdata_harps              ----- model: gp_multidimensional           
rot_amp                   0.84        -0.30         0.88    (15-84 p)
con_amp                 -0.604        -0.27        0.064    (15-84 p)

----- dataset:  RVdata_neid
jitter_0                 1.246       -0.053         0.13    (15-84 p)
offset_0                 10.75        -0.26         0.28    (15-84 p)


----- dataset: RVdata_neid               ----- model: gp_multidimensional           
rot_amp                   2.12        -0.27          1.5    (15-84 p)
con_amp                 -0.888        -0.34        0.077    (15-84 p)

----- dataset:  BISdata_expres
jitter_0                  2.02        -0.12         0.14    (15-84 p)
offset_0                -54.63        -0.27         0.19    (15-84 p)


----- dataset: BISdata_expres            ----- model: gp_multidimensional           
rot_amp                   0.50        -0.46          1.1    (15-84 p)
con_amp                  -0.49        -0.19         0.21    (15-84 p)

----- dataset:  BISdata_harps
jitter_0                  1.85        -0.10         0.13    (15-84 p)
offset_0                -45.20        -0.24         0.18    (15-84 p)
offset_1                -35.18        -0.41         0.21    (15-84 p)


----- dataset: BISdata_harps             ----- model: gp_multidimensional           
rot_amp                  -1.01        -0.94         0.50    (15-84 p)
con_amp                  -0.27        -0.23         0.17    (15-84 p)

----- dataset:  BISdata_neid
jitter_0                  1.31        -0.11         0.14    (15-84 p)
offset_0                -46.72        -0.20         0.14    (15-84 p)


----- dataset: BISdata_neid              ----- model: gp_multidimensional           
rot_amp                  -1.62        -0.92         0.43    (15-84 p)
con_amp                  -0.24        -0.18         0.20    (15-84 p)

----- dataset:  FWHMdata_expres
jitter_0                 0.099       -0.047         0.23    (15-84 p)
offset_0                6774.8         -1.3          1.5    (15-84 p)


----- dataset: FWHMdata_expres           ----- model: gp_multidimensional           
rot_amp                   -1.2         -2.2          2.1    (15-84 p)
con_amp                   4.94        -0.31          1.9    (15-84 p)

----- dataset:  FWHMdata_harps
jitter_0                 0.104       -0.052         0.25    (15-84 p)
offset_0               6916.94        -0.47         0.45    (15-84 p)
offset_1               7171.97         -1.0         0.62    (15-84 p)


----- dataset: FWHMdata_harps            ----- model: gp_multidimensional           
rot_amp                    1.4         -1.5          1.1    (15-84 p)
con_amp                   0.40        -0.44         0.30    (15-84 p)

----- dataset:  FWHMdata_neid
jitter_0                 0.106       -0.054         0.29    (15-84 p)
offset_0               6956.44        -0.47         0.55    (15-84 p)


----- dataset: FWHMdata_neid             ----- model: gp_multidimensional           
rot_amp                    0.9         -2.2          1.3    (15-84 p)
con_amp                   0.07        -0.49         0.55    (15-84 p)

----- dataset:  Contrastdata_expres
jitter_0                   186          -15           15    (15-84 p)
offset_0               -349459          -20           15    (15-84 p)


----- dataset: Contrastdata_expres       ----- model: gp_multidimensional           
rot_amp                  -9.82        -0.17         0.82    (15-84 p)
con_amp                 19.974        -0.14        0.025    (15-84 p)

----- dataset:  Contrastdata_harps
jitter_0                    42          -21           19    (15-84 p)
offset_0             -453785.5          -17          9.4    (15-84 p)
offset_1               -419794          -18           26    (15-84 p)


----- dataset: Contrastdata_harps        ----- model: gp_multidimensional           
rot_amp                   -8.8         -1.2          6.7    (15-84 p)
con_amp                  -10.6         -4.6           15    (15-84 p)

----- dataset:  Contrastdata_neid
jitter_0                   7.1         -5.5           22    (15-84 p)
offset_0             -359635.6          -17          9.3    (15-84 p)


----- dataset: Contrastdata_neid         ----- model: gp_multidimensional           
rot_amp                  -9.81        -0.18          1.2    (15-84 p)
con_amp                   -6.3         -7.2           16    (15-84 p)

----- dataset:  Halphadata_expres
jitter_0              0.000023    -0.000013     0.000061    (15-84 p)
offset_0              0.172045    -0.000087     0.000073    (15-84 p)


----- dataset: Halphadata_expres         ----- model: gp_multidimensional           
rot_amp                0.00027     -0.00031      0.00031    (15-84 p)
con_amp              -0.000005    -0.000098     0.000088    (15-84 p)

----- dataset:  Halphadata_harps
jitter_0               0.00014     -0.00012      0.00033    (15-84 p)
offset_0              0.174730     -0.00010     0.000079    (15-84 p)
offset_1               0.17399     -0.00019      0.00017    (15-84 p)


----- dataset: Halphadata_harps          ----- model: gp_multidimensional           
rot_amp               -0.00139     -0.00066      0.00020    (15-84 p)
con_amp               0.000045    -0.000084     0.000077    (15-84 p)

----- dataset:  Halphadata_neid
jitter_0              0.000021    -0.000011     0.000053    (15-84 p)
offset_0               0.17114     -0.00010      0.00011    (15-84 p)


----- dataset: Halphadata_neid           ----- model: gp_multidimensional           
rot_amp               -0.00003     -0.00041      0.00028    (15-84 p)
con_amp              -0.000004     -0.00010     0.000081    (15-84 p)

----- dataset:  CaIIdata_expres
jitter_0               0.00191     -0.00028      0.00046    (15-84 p)
offset_0               0.10006     -0.00042      0.00024    (15-84 p)


----- dataset: CaIIdata_expres           ----- model: gp_multidimensional           
rot_amp                 0.0002      -0.0011       0.0011    (15-84 p)
con_amp                0.00033     -0.00016      0.00056    (15-84 p)

----- dataset:  CaIIdata_harps
jitter_0               0.00014     -0.00011      0.00047    (15-84 p)
offset_0               0.10465     -0.00021      0.00030    (15-84 p)
offset_1               0.10349     -0.00034      0.00068    (15-84 p)


----- dataset: CaIIdata_harps            ----- model: gp_multidimensional           
rot_amp                0.00006     -0.00085      0.00098    (15-84 p)
con_amp               -0.00002     -0.00028      0.00023    (15-84 p)

----- dataset:  CaIIdata_neid
jitter_0              0.000056    -0.000025      0.00013    (15-84 p)
offset_0               0.09938     -0.00037      0.00021    (15-84 p)


----- dataset: CaIIdata_neid             ----- model: gp_multidimensional           
rot_amp                -0.0002      -0.0011       0.0010    (15-84 p)
con_amp               -0.00007     -0.00032      0.00027    (15-84 p)

----- common model:  b
P                        4.588       -0.014        0.017    (15-84 p)
K                        0.634        -0.17        0.051    (15-84 p)
mean_long                180.5         -8.6           13    (15-84 p)
e                        0.122       -0.076        0.039    (15-84 p)
omega                      -51          -35           58    (15-84 p)

----- common model:  c
P                        48.71        -0.94          1.7    (15-84 p)
K                         1.08        -0.17         0.11    (15-84 p)
mean_long                239.8         -7.4           14    (15-84 p)
e                        0.138       -0.058        0.069    (15-84 p)
omega                      143         -303           30    (15-84 p)

----- common model:  activity
Prot                     28.63        -0.41         0.23    (15-84 p)
Pdec                    30.014       -0.013        0.066    (15-84 p)
Oamp                     0.388       -0.017        0.026    (15-84 p)

----- common model:  star_parameters

====================================================================================================
     Statistics on the derived parameters obtained from the posteriors samples     
====================================================================================================

----- common model:  b
Inclination fixed to 90 deg!
Computing planetary mass under the approximation M_planet << M_star (threshold at 30.0 Me)
a_Rs                    11.615       -0.024        0.029    (15-84 p)
M_Mj                   0.00513      -0.0014      0.00041    (15-84 p)
M_Me                      1.63        -0.43         0.13    (15-84 p)
Tc                    59338.01        -0.13         0.20    (15-84 p)
a_AU_(M)               0.05404     -0.00011      0.00013    (15-84 p)
a_AU_(rho,R)           0.05404     -0.00011      0.00013    (15-84 p)

----- common model:  c
Inclination fixed to 90 deg!
Computing planetary mass under the approximation M_planet << M_star (threshold at 30.0 Me)
a_Rs                     56.10        -0.72          1.3    (15-84 p)
M_Mj                    0.0192      -0.0030       0.0019    (15-84 p)
M_Me                      6.11        -0.95         0.60    (15-84 p)
Tc                     59365.2         -2.1          1.0    (15-84 p)
a_AU_(M)                0.2610      -0.0034       0.0061    (15-84 p)
a_AU_(rho,R)            0.2610      -0.0034       0.0061    (15-84 p)


====================================================================================================
     ------------------------------------------------------------------------------------------     
====================================================================================================



15000.0   steps completed, average lnprob:,  -1264.1465293355527


Computing the autocorrelation time of the chains

***** WARNING ******
The integrated autocorrelation time cannot be reliably estimated
likely the chains are too short, and ACF analysis is not fully reliable
emcee.autocorr.integrated_time tolerance lowered to 20
If you still get a warning, you should drop these results entirely
Chains too short to apply convergence criteria
They should be at least 1300*nthin = 195000

====================================================================================================
     Statistics on the posterior of the sampler parameters     
====================================================================================================

----- dataset:  RVdata_expres
jitter_0        13         1.001       -0.090         0.11   (15-84 p)   [    0.0010,    11.5000]
offset_0        14           9.9         -1.1          1.3   (15-84 p)   [-9995.6770, 10013.1550]

----- dataset: RVdata_expres             ----- model: gp_multidimensional           
rot_amp         15           8.4         -2.3          1.2   (15-84 p)   [    0.0000,    10.0000]
con_amp         16         -3.05         -1.1         0.87   (15-84 p)   [  -20.0000,    20.0000]

----- dataset:  RVdata_harps
jitter_0        17         1.277       -0.095         0.11   (15-84 p)   [    0.0010,    13.3000]
offset_0        18          9.87        -0.52         0.68   (15-84 p)   [-9995.1415, 10014.3487]
offset_1        19         11.29        -0.62         0.68   (15-84 p)   [-9995.1415, 10014.3487]

----- dataset: RVdata_harps              ----- model: gp_multidimensional           
rot_amp         20           1.9         -1.2          1.4   (15-84 p)   [    0.0000,    10.0000]
con_amp         21         -1.45        -0.65         0.49   (15-84 p)   [  -20.0000,    20.0000]

----- dataset:  RVdata_neid
jitter_0        22          1.29        -0.11         0.13   (15-84 p)   [    0.0010,    12.2000]
offset_0        23         10.96        -0.75         0.92   (15-84 p)   [-9993.8466, 10013.8014]

----- dataset: RVdata_neid               ----- model: gp_multidimensional           
rot_amp         24           3.5         -1.9          1.8   (15-84 p)   [    0.0000,    10.0000]
con_amp         25         -2.10        -0.91         0.72   (15-84 p)   [  -20.0000,    20.0000]

----- dataset:  BISdata_expres
jitter_0        26          2.07        -0.18         0.21   (15-84 p)   [    0.0095,    95.0000]
offset_0        27        -54.63        -0.41         0.53   (15-84 p)   [-10062.6333,  9950.1000]

----- dataset: BISdata_expres            ----- model: gp_multidimensional           
rot_amp         28           1.6         -2.2          2.4   (15-84 p)   [  -10.0000,    10.0000]
con_amp         29         -0.86        -0.59         0.55   (15-84 p)   [  -20.0000,    20.0000]

----- dataset:  BISdata_harps
jitter_0        30          1.90        -0.17         0.20   (15-84 p)   [    0.0095,    95.0000]
offset_0        31        -45.26        -0.36         0.41   (15-84 p)   [-10050.2167,  9967.9000]
offset_1        32        -35.15        -0.57         0.59   (15-84 p)   [-10050.2167,  9967.9000]

----- dataset: BISdata_harps             ----- model: gp_multidimensional           
rot_amp         33          -2.0         -1.9          1.9   (15-84 p)   [  -10.0000,    10.0000]
con_amp         34         -0.48        -0.50         0.47   (15-84 p)   [  -20.0000,    20.0000]

----- dataset:  BISdata_neid
jitter_0        35          1.39        -0.17         0.19   (15-84 p)   [    0.0095,    95.0000]
offset_0        36        -46.78        -0.31         0.33   (15-84 p)   [-10050.3833,  9958.6000]

----- dataset: BISdata_neid              ----- model: gp_multidimensional           
rot_amp         37          -2.9         -1.9          1.8   (15-84 p)   [  -10.0000,    10.0000]
con_amp         38         -0.32        -0.50         0.50   (15-84 p)   [  -20.0000,    20.0000]

----- dataset:  FWHMdata_expres
jitter_0        39          0.45        -0.28         0.46   (15-84 p)   [    0.0500,   500.0000]
offset_0        40        6774.2         -4.3          3.7   (15-84 p)   [-3231.3066, 16788.6123]

----- dataset: FWHMdata_expres           ----- model: gp_multidimensional           
rot_amp         41           0.4         -5.3          5.8   (15-84 p)   [  -10.0000,    10.0000]
con_amp         42           9.9         -2.3          2.7   (15-84 p)   [  -20.0000,    20.0000]

----- dataset:  FWHMdata_harps
jitter_0        43          0.44        -0.28         0.40   (15-84 p)   [    0.0500,   500.0000]
offset_0        44       6917.08        -0.82         0.75   (15-84 p)   [-3088.2455, 17179.2899]
offset_1        45        7172.0         -1.3          1.3   (15-84 p)   [-3088.2455, 17179.2899]

----- dataset: FWHMdata_harps            ----- model: gp_multidimensional           
rot_amp         46           3.2         -3.6          3.6   (15-84 p)   [  -10.0000,    10.0000]
con_amp         47           0.7         -1.0          1.1   (15-84 p)   [  -20.0000,    20.0000]

----- dataset:  FWHMdata_neid
jitter_0        48          0.45        -0.28         0.47   (15-84 p)   [    0.0500,   500.0000]
offset_0        49       6956.40        -0.86         0.85   (15-84 p)   [-3050.5362, 16961.5856]

----- dataset: FWHMdata_neid             ----- model: gp_multidimensional           
rot_amp         50           1.3         -5.0          4.6   (15-84 p)   [  -10.0000,    10.0000]
con_amp         51           0.4         -1.3          1.4   (15-84 p)   [  -20.0000,    20.0000]

----- dataset:  Contrastdata_expres
jitter_0        52           202          -22           24   (15-84 p)   [    1.3000, 13000.0000]
offset_0        53       -349456          -26           27   (15-84 p)   [-359920.4253, -338857.3677]

----- dataset: Contrastdata_expres       ----- model: gp_multidimensional           
rot_amp         54          -7.9         -1.5          2.6   (15-84 p)   [  -10.0000,    10.0000]
con_amp         55         19.65        -0.46         0.24   (15-84 p)   [  -20.0000,    20.0000]

----- dataset:  Contrastdata_harps
jitter_0        56            49          -29           25   (15-84 p)   [    1.3000, 13000.0000]
offset_0        57       -453790          -18           18   (15-84 p)   [-464231.0713, -409603.2636]
offset_1        58       -419789          -33           32   (15-84 p)   [-464231.0713, -409603.2636]

----- dataset: Contrastdata_harps        ----- model: gp_multidimensional           
rot_amp         59           1.2         -7.7          6.3   (15-84 p)   [  -10.0000,    10.0000]
con_amp         60            -2          -13           14   (15-84 p)   [  -20.0000,    20.0000]

----- dataset:  Contrastdata_neid
jitter_0        61            26          -18           24   (15-84 p)   [    1.3000, 13000.0000]
offset_0        62       -359636          -18           17   (15-84 p)   [-369898.1579, -349381.6867]

----- dataset: Contrastdata_neid         ----- model: gp_multidimensional           
rot_amp         63          -6.9         -2.1          3.4   (15-84 p)   [  -10.0000,    10.0000]
con_amp         64            -1          -14           14   (15-84 p)   [  -20.0000,    20.0000]

----- dataset:  Halphadata_expres
jitter_0        65      0.000088    -0.000055     0.000080   (15-84 p)   [    0.0000,     0.1000]
offset_0        66       0.17204     -0.00015      0.00015   (15-84 p)   [-9999.8289, 10000.1728]

----- dataset: Halphadata_expres         ----- model: gp_multidimensional           
rot_amp         67       0.00066     -0.00078      0.00086   (15-84 p)   [  -10.0000,    10.0000]
con_amp         68       0.00001     -0.00022      0.00023   (15-84 p)   [  -20.0000,    20.0000]

----- dataset:  Halphadata_harps
jitter_0        69       0.00028     -0.00019      0.00021   (15-84 p)   [    0.0000,     0.1000]
offset_0        70       0.17468     -0.00019      0.00018   (15-84 p)   [-9999.8279, 10000.1774]
offset_1        71       0.17396     -0.00029      0.00028   (15-84 p)   [-9999.8279, 10000.1774]

----- dataset: Halphadata_harps          ----- model: gp_multidimensional           
rot_amp         72      -0.00267      -0.0011      0.00090   (15-84 p)   [  -10.0000,    10.0000]
con_amp         73       0.00014     -0.00024      0.00026   (15-84 p)   [  -20.0000,    20.0000]

----- dataset:  Halphadata_neid
jitter_0        74      0.000099    -0.000062     0.000099   (15-84 p)   [    0.0000,     0.1000]
offset_0        75       0.17116     -0.00017      0.00018   (15-84 p)   [-9999.8297, 10000.1719]

----- dataset: Halphadata_neid           ----- model: gp_multidimensional           
rot_amp         76       0.00011     -0.00095      0.00092   (15-84 p)   [  -10.0000,    10.0000]
con_amp         77      -0.00001     -0.00026      0.00025   (15-84 p)   [  -20.0000,    20.0000]

----- dataset:  CaIIdata_expres
jitter_0        78       0.00199     -0.00058      0.00053   (15-84 p)   [    0.0000,     0.3000]
offset_0        79       0.10008     -0.00070      0.00055   (15-84 p)   [-9999.9072, 10000.1093]

----- dataset: CaIIdata_expres           ----- model: gp_multidimensional           
rot_amp         80        0.0009      -0.0030       0.0031   (15-84 p)   [  -10.0000,    10.0000]
con_amp         81       0.00069     -0.00084      0.00081   (15-84 p)   [  -20.0000,    20.0000]

----- dataset:  CaIIdata_harps
jitter_0        82       0.00058     -0.00038      0.00053   (15-84 p)   [    0.0000,     0.3000]
offset_0        83       0.10471     -0.00046      0.00049   (15-84 p)   [-9999.9030, 10000.1142]
offset_1        84       0.10352     -0.00076      0.00075   (15-84 p)   [-9999.9030, 10000.1142]

----- dataset: CaIIdata_harps            ----- model: gp_multidimensional           
rot_amp         85        0.0000      -0.0022       0.0023   (15-84 p)   [  -10.0000,    10.0000]
con_amp         86      -0.00011     -0.00069      0.00067   (15-84 p)   [  -20.0000,    20.0000]

----- dataset:  CaIIdata_neid
jitter_0        87       0.00027     -0.00016      0.00025   (15-84 p)   [    0.0000,     0.3000]
offset_0        88       0.09935     -0.00049      0.00049   (15-84 p)   [-9999.9015, 10000.1001]

----- dataset: CaIIdata_neid             ----- model: gp_multidimensional           
rot_amp         89       -0.0005      -0.0029       0.0027   (15-84 p)   [  -10.0000,    10.0000]
con_amp         90      -0.00018     -0.00077      0.00074   (15-84 p)   [  -20.0000,    20.0000]

----- common model:  b
P                0         2.198       -0.012        0.011   (15-84 p)   [    0.3785,     6.6439]
K                1         -1.04        -0.57         0.42   (15-84 p)   [   -9.9658,     3.3219]
sre_coso         2          0.07        -0.22         0.21   (15-84 p)   [   -1.0000,     1.0000]
sre_sino         3         -0.11        -0.21         0.26   (15-84 p)   [   -1.0000,     1.0000]
mean_long        4           177          -26           26   (15-84 p)   [    0.3248,   360.3248]

----- common model:  c
P                5          5.62        -0.10         0.11   (15-84 p)   [    0.3785,     6.6439]
K                6         -0.29        -0.58         0.37   (15-84 p)   [   -9.9658,     3.3219]
sre_coso         7         -0.11        -0.21         0.24   (15-84 p)   [   -1.0000,     1.0000]
sre_sino         8          0.03        -0.23         0.23   (15-84 p)   [   -1.0000,     1.0000]
mean_long        9           246          -31           33   (15-84 p)   [   58.9587,   418.9587]

----- common model:  activity
Prot            10         28.35        -0.51         0.49   (15-84 p)   [   20.0000,    35.0000]
Pdec            11         30.18        -0.13         0.20   (15-84 p)   [   30.0000,  1000.0000]
Oamp            12         -1.29        -0.13         0.12   (15-84 p)   [   -6.6439,     0.0000]

----- common model:  star_parameters

====================================================================================================
     Statistics on the model parameters obtained from the posteriors samples     
====================================================================================================

----- dataset:  RVdata_expres
jitter_0                 1.001       -0.090         0.11    (15-84 p)
offset_0                   9.9         -1.1          1.3    (15-84 p)


----- dataset: RVdata_expres             ----- model: gp_multidimensional           
rot_amp                    8.4         -2.3          1.2    (15-84 p)
con_amp                  -3.05         -1.1         0.87    (15-84 p)

----- dataset:  RVdata_harps
jitter_0                 1.277       -0.095         0.11    (15-84 p)
offset_0                  9.87        -0.52         0.68    (15-84 p)
offset_1                 11.29        -0.62         0.68    (15-84 p)


----- dataset: RVdata_harps              ----- model: gp_multidimensional           
rot_amp                    1.9         -1.2          1.4    (15-84 p)
con_amp                  -1.45        -0.65         0.49    (15-84 p)

----- dataset:  RVdata_neid
jitter_0                  1.29        -0.11         0.13    (15-84 p)
offset_0                 10.96        -0.75         0.92    (15-84 p)


----- dataset: RVdata_neid               ----- model: gp_multidimensional           
rot_amp                    3.5         -1.9          1.8    (15-84 p)
con_amp                  -2.10        -0.91         0.72    (15-84 p)

----- dataset:  BISdata_expres
jitter_0                  2.07        -0.18         0.21    (15-84 p)
offset_0                -54.63        -0.41         0.53    (15-84 p)


----- dataset: BISdata_expres            ----- model: gp_multidimensional           
rot_amp                    1.6         -2.2          2.4    (15-84 p)
con_amp                  -0.86        -0.59         0.55    (15-84 p)

----- dataset:  BISdata_harps
jitter_0                  1.90        -0.17         0.20    (15-84 p)
offset_0                -45.26        -0.36         0.41    (15-84 p)
offset_1                -35.15        -0.57         0.59    (15-84 p)


----- dataset: BISdata_harps             ----- model: gp_multidimensional           
rot_amp                   -2.0         -1.9          1.9    (15-84 p)
con_amp                  -0.48        -0.50         0.47    (15-84 p)

----- dataset:  BISdata_neid
jitter_0                  1.39        -0.17         0.19    (15-84 p)
offset_0                -46.78        -0.31         0.33    (15-84 p)


----- dataset: BISdata_neid              ----- model: gp_multidimensional           
rot_amp                   -2.9         -1.9          1.8    (15-84 p)
con_amp                  -0.32        -0.50         0.50    (15-84 p)

----- dataset:  FWHMdata_expres
jitter_0                  0.45        -0.28         0.46    (15-84 p)
offset_0                6774.2         -4.3          3.7    (15-84 p)


----- dataset: FWHMdata_expres           ----- model: gp_multidimensional           
rot_amp                    0.4         -5.3          5.8    (15-84 p)
con_amp                    9.9         -2.3          2.7    (15-84 p)

----- dataset:  FWHMdata_harps
jitter_0                  0.44        -0.28         0.40    (15-84 p)
offset_0               6917.08        -0.82         0.75    (15-84 p)
offset_1                7172.0         -1.3          1.3    (15-84 p)


----- dataset: FWHMdata_harps            ----- model: gp_multidimensional           
rot_amp                    3.2         -3.6          3.6    (15-84 p)
con_amp                    0.7         -1.0          1.1    (15-84 p)

----- dataset:  FWHMdata_neid
jitter_0                  0.45        -0.28         0.47    (15-84 p)
offset_0               6956.40        -0.86         0.85    (15-84 p)


----- dataset: FWHMdata_neid             ----- model: gp_multidimensional           
rot_amp                    1.3         -5.0          4.6    (15-84 p)
con_amp                    0.4         -1.3          1.4    (15-84 p)

----- dataset:  Contrastdata_expres
jitter_0                   202          -22           24    (15-84 p)
offset_0               -349456          -26           27    (15-84 p)


----- dataset: Contrastdata_expres       ----- model: gp_multidimensional           
rot_amp                   -7.9         -1.5          2.6    (15-84 p)
con_amp                  19.65        -0.46         0.24    (15-84 p)

----- dataset:  Contrastdata_harps
jitter_0                    49          -29           25    (15-84 p)
offset_0               -453790          -18           18    (15-84 p)
offset_1               -419789          -33           32    (15-84 p)


----- dataset: Contrastdata_harps        ----- model: gp_multidimensional           
rot_amp                    1.2         -7.7          6.3    (15-84 p)
con_amp                     -2          -13           14    (15-84 p)

----- dataset:  Contrastdata_neid
jitter_0                    26          -18           24    (15-84 p)
offset_0               -359636          -18           17    (15-84 p)


----- dataset: Contrastdata_neid         ----- model: gp_multidimensional           
rot_amp                   -6.9         -2.1          3.4    (15-84 p)
con_amp                     -1          -14           14    (15-84 p)

----- dataset:  Halphadata_expres
jitter_0              0.000088    -0.000055     0.000080    (15-84 p)
offset_0               0.17204     -0.00015      0.00015    (15-84 p)


----- dataset: Halphadata_expres         ----- model: gp_multidimensional           
rot_amp                0.00066     -0.00078      0.00086    (15-84 p)
con_amp                0.00001     -0.00022      0.00023    (15-84 p)

----- dataset:  Halphadata_harps
jitter_0               0.00028     -0.00019      0.00021    (15-84 p)
offset_0               0.17468     -0.00019      0.00018    (15-84 p)
offset_1               0.17396     -0.00029      0.00028    (15-84 p)


----- dataset: Halphadata_harps          ----- model: gp_multidimensional           
rot_amp               -0.00267      -0.0011      0.00090    (15-84 p)
con_amp                0.00014     -0.00024      0.00026    (15-84 p)

----- dataset:  Halphadata_neid
jitter_0              0.000099    -0.000062     0.000099    (15-84 p)
offset_0               0.17116     -0.00017      0.00018    (15-84 p)


----- dataset: Halphadata_neid           ----- model: gp_multidimensional           
rot_amp                0.00011     -0.00095      0.00092    (15-84 p)
con_amp               -0.00001     -0.00026      0.00025    (15-84 p)

----- dataset:  CaIIdata_expres
jitter_0               0.00199     -0.00058      0.00053    (15-84 p)
offset_0               0.10008     -0.00070      0.00055    (15-84 p)


----- dataset: CaIIdata_expres           ----- model: gp_multidimensional           
rot_amp                 0.0009      -0.0030       0.0031    (15-84 p)
con_amp                0.00069     -0.00084      0.00081    (15-84 p)

----- dataset:  CaIIdata_harps
jitter_0               0.00058     -0.00038      0.00053    (15-84 p)
offset_0               0.10471     -0.00046      0.00049    (15-84 p)
offset_1               0.10352     -0.00076      0.00075    (15-84 p)


----- dataset: CaIIdata_harps            ----- model: gp_multidimensional           
rot_amp                 0.0000      -0.0022       0.0023    (15-84 p)
con_amp               -0.00011     -0.00069      0.00067    (15-84 p)

----- dataset:  CaIIdata_neid
jitter_0               0.00027     -0.00016      0.00025    (15-84 p)
offset_0               0.09935     -0.00049      0.00049    (15-84 p)


----- dataset: CaIIdata_neid             ----- model: gp_multidimensional           
rot_amp                -0.0005      -0.0029       0.0027    (15-84 p)
con_amp               -0.00018     -0.00077      0.00074    (15-84 p)

----- common model:  b
P                        4.588       -0.038        0.036    (15-84 p)
K                         0.49        -0.16         0.17    (15-84 p)
mean_long                  177          -26           26    (15-84 p)
e                        0.086       -0.059        0.087    (15-84 p)
omega                      -41          -69          114    (15-84 p)

----- common model:  c
P                         49.0         -3.4          3.9    (15-84 p)
K                         0.82        -0.27         0.24    (15-84 p)
mean_long                  246          -31           33    (15-84 p)
e                        0.085       -0.057        0.083    (15-84 p)
omega                       29         -170          118    (15-84 p)

----- common model:  activity
Prot                     28.35        -0.51         0.49    (15-84 p)
Pdec                     30.18        -0.13         0.20    (15-84 p)
Oamp                     0.409       -0.036        0.036    (15-84 p)

----- common model:  star_parameters

====================================================================================================
     Statistics on the derived parameters obtained from the posteriors samples     
====================================================================================================

----- common model:  b
Inclination fixed to 90 deg!
Computing planetary mass under the approximation M_planet << M_star (threshold at 30.0 Me)
a_Rs                    11.614       -0.064        0.061    (15-84 p)
M_Mj                    0.0039      -0.0013       0.0013    (15-84 p)
M_Me                      1.25        -0.41         0.42    (15-84 p)
Tc                    59338.14        -0.35         0.33    (15-84 p)
a_AU_(M)               0.05403     -0.00030      0.00029    (15-84 p)
a_AU_(rho,R)           0.05403     -0.00030      0.00029    (15-84 p)

----- common model:  c
Inclination fixed to 90 deg!
Computing planetary mass under the approximation M_planet << M_star (threshold at 30.0 Me)
a_Rs                      56.4         -2.6          3.0    (15-84 p)
M_Mj                    0.0147      -0.0048       0.0043    (15-84 p)
M_Me                       4.7         -1.5          1.4    (15-84 p)
Tc                     59363.2         -3.7          2.9    (15-84 p)
a_AU_(M)                 0.262       -0.012        0.014    (15-84 p)
a_AU_(rho,R)             0.262       -0.012        0.014    (15-84 p)


====================================================================================================
     ------------------------------------------------------------------------------------------     
====================================================================================================



30000.0   steps completed, average lnprob:,  -1270.4750722602244


Computing the autocorrelation time of the chains

***** WARNING ******
The integrated autocorrelation time cannot be reliably estimated
likely the chains are too short, and ACF analysis is not fully reliable
emcee.autocorr.integrated_time tolerance lowered to 20
If you still get a warning, you should drop these results entirely
Chains too short to apply convergence criteria
They should be at least 2000*nthin = 300000

====================================================================================================
     Statistics on the posterior of the sampler parameters     
====================================================================================================

----- dataset:  RVdata_expres
jitter_0        13         1.000       -0.091         0.11   (15-84 p)   [    0.0010,    11.5000]
offset_0        14          10.1         -1.4          1.6   (15-84 p)   [-9995.6770, 10013.1550]

----- dataset: RVdata_expres             ----- model: gp_multidimensional           
rot_amp         15           8.3         -2.4          1.2   (15-84 p)   [    0.0000,    10.0000]
con_amp         16          -3.7         -1.6          1.2   (15-84 p)   [  -20.0000,    20.0000]

----- dataset:  RVdata_harps
jitter_0        17         1.274       -0.095         0.11   (15-84 p)   [    0.0010,    13.3000]
offset_0        18          9.96        -0.66         0.86   (15-84 p)   [-9995.1415, 10014.3487]
offset_1        19         11.39        -0.73         0.83   (15-84 p)   [-9995.1415, 10014.3487]

----- dataset: RVdata_harps              ----- model: gp_multidimensional           
rot_amp         20           2.1         -1.3          1.5   (15-84 p)   [    0.0000,    10.0000]
con_amp         21         -1.78        -0.86         0.65   (15-84 p)   [  -20.0000,    20.0000]

----- dataset:  RVdata_neid
jitter_0        22          1.29        -0.11         0.13   (15-84 p)   [    0.0010,    12.2000]
offset_0        23         11.09        -0.94          1.2   (15-84 p)   [-9993.8466, 10013.8014]

----- dataset: RVdata_neid               ----- model: gp_multidimensional           
rot_amp         24           3.3         -2.0          1.9   (15-84 p)   [    0.0000,    10.0000]
con_amp         25         -2.64         -1.2         0.99   (15-84 p)   [  -20.0000,    20.0000]

----- dataset:  BISdata_expres
jitter_0        26          2.07        -0.19         0.21   (15-84 p)   [    0.0095,    95.0000]
offset_0        27        -54.58        -0.45         0.64   (15-84 p)   [-10062.6333,  9950.1000]

----- dataset: BISdata_expres            ----- model: gp_multidimensional           
rot_amp         28           1.9         -2.6          2.9   (15-84 p)   [  -10.0000,    10.0000]
con_amp         29         -1.02        -0.75         0.62   (15-84 p)   [  -20.0000,    20.0000]

----- dataset:  BISdata_harps
jitter_0        30          1.91        -0.17         0.19   (15-84 p)   [    0.0095,    95.0000]
offset_0        31        -45.23        -0.38         0.46   (15-84 p)   [-10050.2167,  9967.9000]
offset_1        32        -35.13        -0.57         0.58   (15-84 p)   [-10050.2167,  9967.9000]

----- dataset: BISdata_harps             ----- model: gp_multidimensional           
rot_amp         33          -2.1         -2.2          2.2   (15-84 p)   [  -10.0000,    10.0000]
con_amp         34         -0.51        -0.61         0.57   (15-84 p)   [  -20.0000,    20.0000]

----- dataset:  BISdata_neid
jitter_0        35          1.40        -0.17         0.19   (15-84 p)   [    0.0095,    95.0000]
offset_0        36        -46.80        -0.32         0.35   (15-84 p)   [-10050.3833,  9958.6000]

----- dataset: BISdata_neid              ----- model: gp_multidimensional           
rot_amp         37          -3.3         -2.3          2.1   (15-84 p)   [  -10.0000,    10.0000]
con_amp         38         -0.28        -0.56         0.58   (15-84 p)   [  -20.0000,    20.0000]

----- dataset:  FWHMdata_expres
jitter_0        39          0.49        -0.31         0.52   (15-84 p)   [    0.0500,   500.0000]
offset_0        40        6773.9         -4.9          4.2   (15-84 p)   [-3231.3066, 16788.6123]

----- dataset: FWHMdata_expres           ----- model: gp_multidimensional           
rot_amp         41           1.1         -5.8          5.5   (15-84 p)   [  -10.0000,    10.0000]
con_amp         42          11.1         -2.7          3.2   (15-84 p)   [  -20.0000,    20.0000]

----- dataset:  FWHMdata_harps
jitter_0        43          0.46        -0.29         0.43   (15-84 p)   [    0.0500,   500.0000]
offset_0        44       6917.06        -0.89         0.79   (15-84 p)   [-3088.2455, 17179.2899]
offset_1        45        7172.0         -1.3          1.3   (15-84 p)   [-3088.2455, 17179.2899]

----- dataset: FWHMdata_harps            ----- model: gp_multidimensional           
rot_amp         46           3.6         -4.0          3.7   (15-84 p)   [  -10.0000,    10.0000]
con_amp         47           0.7         -1.2          1.3   (15-84 p)   [  -20.0000,    20.0000]

----- dataset:  FWHMdata_neid
jitter_0        48          0.50        -0.31         0.50   (15-84 p)   [    0.0500,   500.0000]
offset_0        49       6956.40        -0.94         0.89   (15-84 p)   [-3050.5362, 16961.5856]

----- dataset: FWHMdata_neid             ----- model: gp_multidimensional           
rot_amp         50           1.3         -5.5          4.8   (15-84 p)   [  -10.0000,    10.0000]
con_amp         51           0.3         -1.5          1.6   (15-84 p)   [  -20.0000,    20.0000]

----- dataset:  Contrastdata_expres
jitter_0        52           200          -20           23   (15-84 p)   [    1.3000, 13000.0000]
offset_0        53       -349453          -27           26   (15-84 p)   [-359920.4253, -338857.3677]

----- dataset: Contrastdata_expres       ----- model: gp_multidimensional           
rot_amp         54          -7.0         -2.2          4.6   (15-84 p)   [  -10.0000,    10.0000]
con_amp         55         19.44        -0.99         0.40   (15-84 p)   [  -20.0000,    20.0000]

----- dataset:  Contrastdata_harps
jitter_0        56            48          -28           26   (15-84 p)   [    1.3000, 13000.0000]
offset_0        57       -453790          -18           17   (15-84 p)   [-464231.0713, -409603.2636]
offset_1        58       -419789          -33           32   (15-84 p)   [-464231.0713, -409603.2636]

----- dataset: Contrastdata_harps        ----- model: gp_multidimensional           
rot_amp         59           1.0         -7.4          6.3   (15-84 p)   [  -10.0000,    10.0000]
con_amp         60            -1          -13           14   (15-84 p)   [  -20.0000,    20.0000]

----- dataset:  Contrastdata_neid
jitter_0        61            26          -17           23   (15-84 p)   [    1.3000, 13000.0000]
offset_0        62       -359636          -18           17   (15-84 p)   [-369898.1579, -349381.6867]

----- dataset: Contrastdata_neid         ----- model: gp_multidimensional           
rot_amp         63          -5.6         -3.1          6.7   (15-84 p)   [  -10.0000,    10.0000]
con_amp         64            -1          -13           14   (15-84 p)   [  -20.0000,    20.0000]

----- dataset:  Halphadata_expres
jitter_0        65      0.000085    -0.000053     0.000082   (15-84 p)   [    0.0000,     0.1000]
offset_0        66       0.17205     -0.00016      0.00016   (15-84 p)   [-9999.8289, 10000.1728]

----- dataset: Halphadata_expres         ----- model: gp_multidimensional           
rot_amp         67       0.00066     -0.00087      0.00096   (15-84 p)   [  -10.0000,    10.0000]
con_amp         68      -0.00000     -0.00027      0.00026   (15-84 p)   [  -20.0000,    20.0000]

----- dataset:  Halphadata_harps
jitter_0        69       0.00027     -0.00017      0.00020   (15-84 p)   [    0.0000,     0.1000]
offset_0        70       0.17467     -0.00021      0.00018   (15-84 p)   [-9999.8279, 10000.1774]
offset_1        71       0.17394     -0.00030      0.00028   (15-84 p)   [-9999.8279, 10000.1774]

----- dataset: Halphadata_harps          ----- model: gp_multidimensional           
rot_amp         72      -0.00292      -0.0013      0.00100   (15-84 p)   [  -10.0000,    10.0000]
con_amp         73       0.00018     -0.00028      0.00032   (15-84 p)   [  -20.0000,    20.0000]

----- dataset:  Halphadata_neid
jitter_0        74      0.000105    -0.000066     0.000099   (15-84 p)   [    0.0000,     0.1000]
offset_0        75       0.17115     -0.00018      0.00018   (15-84 p)   [-9999.8297, 10000.1719]

----- dataset: Halphadata_neid           ----- model: gp_multidimensional           
rot_amp         76        0.0001      -0.0011       0.0011   (15-84 p)   [  -10.0000,    10.0000]
con_amp         77       0.00001     -0.00030      0.00030   (15-84 p)   [  -20.0000,    20.0000]

----- dataset:  CaIIdata_expres
jitter_0        78       0.00198     -0.00058      0.00053   (15-84 p)   [    0.0000,     0.3000]
offset_0        79       0.10009     -0.00072      0.00056   (15-84 p)   [-9999.9072, 10000.1093]

----- dataset: CaIIdata_expres           ----- model: gp_multidimensional           
rot_amp         80        0.0008      -0.0034       0.0035   (15-84 p)   [  -10.0000,    10.0000]
con_amp         81       0.00068     -0.00098      0.00097   (15-84 p)   [  -20.0000,    20.0000]

----- dataset:  CaIIdata_harps
jitter_0        82       0.00057     -0.00038      0.00054   (15-84 p)   [    0.0000,     0.3000]
offset_0        83       0.10471     -0.00048      0.00052   (15-84 p)   [-9999.9030, 10000.1142]
offset_1        84       0.10349     -0.00076      0.00078   (15-84 p)   [-9999.9030, 10000.1142]

----- dataset: CaIIdata_harps            ----- model: gp_multidimensional           
rot_amp         85        0.0001      -0.0025       0.0025   (15-84 p)   [  -10.0000,    10.0000]
con_amp         86      -0.00019     -0.00078      0.00073   (15-84 p)   [  -20.0000,    20.0000]

----- dataset:  CaIIdata_neid
jitter_0        87       0.00028     -0.00017      0.00028   (15-84 p)   [    0.0000,     0.3000]
offset_0        88       0.09934     -0.00050      0.00051   (15-84 p)   [-9999.9015, 10000.1001]

----- dataset: CaIIdata_neid             ----- model: gp_multidimensional           
rot_amp         89       -0.0006      -0.0033       0.0030   (15-84 p)   [  -10.0000,    10.0000]
con_amp         90      -0.00016     -0.00088      0.00086   (15-84 p)   [  -20.0000,    20.0000]

----- common model:  b
P                0         2.199       -0.012        0.012   (15-84 p)   [    0.3785,     6.6439]
K                1         -1.02        -0.60         0.41   (15-84 p)   [   -9.9658,     3.3219]
sre_coso         2          0.08        -0.23         0.20   (15-84 p)   [   -1.0000,     1.0000]
sre_sino         3         -0.10        -0.21         0.24   (15-84 p)   [   -1.0000,     1.0000]
mean_long        4           178          -26           26   (15-84 p)   [    0.3248,   360.3248]

----- common model:  c
P                5          5.62        -0.12         0.14   (15-84 p)   [    0.3785,     6.6439]
K                6         -0.43        -0.78         0.43   (15-84 p)   [   -9.9658,     3.3219]
sre_coso         7         -0.08        -0.22         0.24   (15-84 p)   [   -1.0000,     1.0000]
sre_sino         8          0.01        -0.22         0.23   (15-84 p)   [   -1.0000,     1.0000]
mean_long        9           248          -40           46   (15-84 p)   [   58.9587,   418.9587]

----- common model:  activity
Prot            10         28.36        -0.50         0.48   (15-84 p)   [   20.0000,    35.0000]
Pdec            11         30.26        -0.19         0.40   (15-84 p)   [   30.0000,  1000.0000]
Oamp            12         -1.28        -0.13         0.12   (15-84 p)   [   -6.6439,     0.0000]

----- common model:  star_parameters

====================================================================================================
     Statistics on the model parameters obtained from the posteriors samples     
====================================================================================================

----- dataset:  RVdata_expres
jitter_0                 1.000       -0.091         0.11    (15-84 p)
offset_0                  10.1         -1.4          1.6    (15-84 p)


----- dataset: RVdata_expres             ----- model: gp_multidimensional           
rot_amp                    8.3         -2.4          1.2    (15-84 p)
con_amp                   -3.7         -1.6          1.2    (15-84 p)

----- dataset:  RVdata_harps
jitter_0                 1.274       -0.095         0.11    (15-84 p)
offset_0                  9.96        -0.66         0.86    (15-84 p)
offset_1                 11.39        -0.73         0.83    (15-84 p)


----- dataset: RVdata_harps              ----- model: gp_multidimensional           
rot_amp                    2.1         -1.3          1.5    (15-84 p)
con_amp                  -1.78        -0.86         0.65    (15-84 p)

----- dataset:  RVdata_neid
jitter_0                  1.29        -0.11         0.13    (15-84 p)
offset_0                 11.09        -0.94          1.2    (15-84 p)


----- dataset: RVdata_neid               ----- model: gp_multidimensional           
rot_amp                    3.3         -2.0          1.9    (15-84 p)
con_amp                  -2.64         -1.2         0.99    (15-84 p)

----- dataset:  BISdata_expres
jitter_0                  2.07        -0.19         0.21    (15-84 p)
offset_0                -54.58        -0.45         0.64    (15-84 p)


----- dataset: BISdata_expres            ----- model: gp_multidimensional           
rot_amp                    1.9         -2.6          2.9    (15-84 p)
con_amp                  -1.02        -0.75         0.62    (15-84 p)

----- dataset:  BISdata_harps
jitter_0                  1.91        -0.17         0.19    (15-84 p)
offset_0                -45.23        -0.38         0.46    (15-84 p)
offset_1                -35.13        -0.57         0.58    (15-84 p)


----- dataset: BISdata_harps             ----- model: gp_multidimensional           
rot_amp                   -2.1         -2.2          2.2    (15-84 p)
con_amp                  -0.51        -0.61         0.57    (15-84 p)

----- dataset:  BISdata_neid
jitter_0                  1.40        -0.17         0.19    (15-84 p)
offset_0                -46.80        -0.32         0.35    (15-84 p)


----- dataset: BISdata_neid              ----- model: gp_multidimensional           
rot_amp                   -3.3         -2.3          2.1    (15-84 p)
con_amp                  -0.28        -0.56         0.58    (15-84 p)

----- dataset:  FWHMdata_expres
jitter_0                  0.49        -0.31         0.52    (15-84 p)
offset_0                6773.9         -4.9          4.2    (15-84 p)


----- dataset: FWHMdata_expres           ----- model: gp_multidimensional           
rot_amp                    1.1         -5.8          5.5    (15-84 p)
con_amp                   11.1         -2.7          3.2    (15-84 p)

----- dataset:  FWHMdata_harps
jitter_0                  0.46        -0.29         0.43    (15-84 p)
offset_0               6917.06        -0.89         0.79    (15-84 p)
offset_1                7172.0         -1.3          1.3    (15-84 p)


----- dataset: FWHMdata_harps            ----- model: gp_multidimensional           
rot_amp                    3.6         -4.0          3.7    (15-84 p)
con_amp                    0.7         -1.2          1.3    (15-84 p)

----- dataset:  FWHMdata_neid
jitter_0                  0.50        -0.31         0.50    (15-84 p)
offset_0               6956.40        -0.94         0.89    (15-84 p)


----- dataset: FWHMdata_neid             ----- model: gp_multidimensional           
rot_amp                    1.3         -5.5          4.8    (15-84 p)
con_amp                    0.3         -1.5          1.6    (15-84 p)

----- dataset:  Contrastdata_expres
jitter_0                   200          -20           23    (15-84 p)
offset_0               -349453          -27           26    (15-84 p)


----- dataset: Contrastdata_expres       ----- model: gp_multidimensional           
rot_amp                   -7.0         -2.2          4.6    (15-84 p)
con_amp                  19.44        -0.99         0.40    (15-84 p)

----- dataset:  Contrastdata_harps
jitter_0                    48          -28           26    (15-84 p)
offset_0               -453790          -18           17    (15-84 p)
offset_1               -419789          -33           32    (15-84 p)


----- dataset: Contrastdata_harps        ----- model: gp_multidimensional           
rot_amp                    1.0         -7.4          6.3    (15-84 p)
con_amp                     -1          -13           14    (15-84 p)

----- dataset:  Contrastdata_neid
jitter_0                    26          -17           23    (15-84 p)
offset_0               -359636          -18           17    (15-84 p)


----- dataset: Contrastdata_neid         ----- model: gp_multidimensional           
rot_amp                   -5.6         -3.1          6.7    (15-84 p)
con_amp                     -1          -13           14    (15-84 p)

----- dataset:  Halphadata_expres
jitter_0              0.000085    -0.000053     0.000082    (15-84 p)
offset_0               0.17205     -0.00016      0.00016    (15-84 p)


----- dataset: Halphadata_expres         ----- model: gp_multidimensional           
rot_amp                0.00066     -0.00087      0.00096    (15-84 p)
con_amp               -0.00000     -0.00027      0.00026    (15-84 p)

----- dataset:  Halphadata_harps
jitter_0               0.00027     -0.00017      0.00020    (15-84 p)
offset_0               0.17467     -0.00021      0.00018    (15-84 p)
offset_1               0.17394     -0.00030      0.00028    (15-84 p)


----- dataset: Halphadata_harps          ----- model: gp_multidimensional           
rot_amp               -0.00292      -0.0013      0.00100    (15-84 p)
con_amp                0.00018     -0.00028      0.00032    (15-84 p)

----- dataset:  Halphadata_neid
jitter_0              0.000105    -0.000066     0.000099    (15-84 p)
offset_0               0.17115     -0.00018      0.00018    (15-84 p)


----- dataset: Halphadata_neid           ----- model: gp_multidimensional           
rot_amp                 0.0001      -0.0011       0.0011    (15-84 p)
con_amp                0.00001     -0.00030      0.00030    (15-84 p)

----- dataset:  CaIIdata_expres
jitter_0               0.00198     -0.00058      0.00053    (15-84 p)
offset_0               0.10009     -0.00072      0.00056    (15-84 p)


----- dataset: CaIIdata_expres           ----- model: gp_multidimensional           
rot_amp                 0.0008      -0.0034       0.0035    (15-84 p)
con_amp                0.00068     -0.00098      0.00097    (15-84 p)

----- dataset:  CaIIdata_harps
jitter_0               0.00057     -0.00038      0.00054    (15-84 p)
offset_0               0.10471     -0.00048      0.00052    (15-84 p)
offset_1               0.10349     -0.00076      0.00078    (15-84 p)


----- dataset: CaIIdata_harps            ----- model: gp_multidimensional           
rot_amp                 0.0001      -0.0025       0.0025    (15-84 p)
con_amp               -0.00019     -0.00078      0.00073    (15-84 p)

----- dataset:  CaIIdata_neid
jitter_0               0.00028     -0.00017      0.00028    (15-84 p)
offset_0               0.09934     -0.00050      0.00051    (15-84 p)


----- dataset: CaIIdata_neid             ----- model: gp_multidimensional           
rot_amp                -0.0006      -0.0033       0.0030    (15-84 p)
con_amp               -0.00016     -0.00088      0.00086    (15-84 p)

----- common model:  b
P                        4.590       -0.038        0.037    (15-84 p)
K                         0.49        -0.17         0.16    (15-84 p)
mean_long                  178          -26           26    (15-84 p)
e                        0.085       -0.059        0.085    (15-84 p)
omega                      -38          -71          108    (15-84 p)

----- common model:  c
P                         49.2         -4.1          5.1    (15-84 p)
K                         0.74        -0.31         0.26    (15-84 p)
mean_long                  248          -40           46    (15-84 p)
e                        0.080       -0.055        0.081    (15-84 p)
omega                       11         -150          130    (15-84 p)

----- common model:  activity
Prot                     28.36        -0.50         0.48    (15-84 p)
Pdec                     30.26        -0.19         0.40    (15-84 p)
Oamp                     0.411       -0.035        0.034    (15-84 p)

----- common model:  star_parameters

====================================================================================================
     Statistics on the derived parameters obtained from the posteriors samples     
====================================================================================================

----- common model:  b
Inclination fixed to 90 deg!
Computing planetary mass under the approximation M_planet << M_star (threshold at 30.0 Me)
a_Rs                    11.618       -0.064        0.063    (15-84 p)
M_Mj                    0.0040      -0.0014       0.0013    (15-84 p)
M_Me                      1.27        -0.43         0.41    (15-84 p)
Tc                    59338.11        -0.35         0.34    (15-84 p)
a_AU_(M)               0.05405     -0.00030      0.00029    (15-84 p)
a_AU_(rho,R)           0.05405     -0.00030      0.00029    (15-84 p)

----- common model:  c
Inclination fixed to 90 deg!
Computing planetary mass under the approximation M_planet << M_star (threshold at 30.0 Me)
a_Rs                      56.4         -3.2          3.8    (15-84 p)
M_Mj                    0.0133      -0.0055       0.0046    (15-84 p)
M_Me                       4.2         -1.8          1.5    (15-84 p)
Tc                     59362.8         -5.3          3.5    (15-84 p)
a_AU_(M)                 0.263       -0.015        0.018    (15-84 p)
a_AU_(rho,R)             0.263       -0.015        0.018    (15-84 p)


====================================================================================================
     ------------------------------------------------------------------------------------------     
====================================================================================================



45000.0   steps completed, average lnprob:,  -1273.0147108538017


Computing the autocorrelation time of the chains

***** WARNING ******
The integrated autocorrelation time cannot be reliably estimated
likely the chains are too short, and ACF analysis is not fully reliable
emcee.autocorr.integrated_time tolerance lowered to 20
If you still get a warning, you should drop these results entirely
Chains too short to apply convergence criteria
They should be at least 2700*nthin = 405000

====================================================================================================
     Statistics on the posterior of the sampler parameters     
====================================================================================================

----- dataset:  RVdata_expres
jitter_0        13         1.002       -0.091         0.11   (15-84 p)   [    0.0010,    11.5000]
offset_0        14          10.2         -1.6          1.8   (15-84 p)   [-9995.6770, 10013.1550]

----- dataset: RVdata_expres             ----- model: gp_multidimensional           
rot_amp         15           8.2         -2.6          1.3   (15-84 p)   [    0.0000,    10.0000]
con_amp         16          -4.3         -1.9          1.5   (15-84 p)   [  -20.0000,    20.0000]

----- dataset:  RVdata_harps
jitter_0        17         1.269       -0.094         0.11   (15-84 p)   [    0.0010,    13.3000]
offset_0        18         10.04        -0.77         0.98   (15-84 p)   [-9995.1415, 10014.3487]
offset_1        19         11.46        -0.84         0.97   (15-84 p)   [-9995.1415, 10014.3487]

----- dataset: RVdata_harps              ----- model: gp_multidimensional           
rot_amp         20           2.1         -1.3          1.6   (15-84 p)   [    0.0000,    10.0000]
con_amp         21         -2.08         -1.1         0.81   (15-84 p)   [  -20.0000,    20.0000]

----- dataset:  RVdata_neid
jitter_0        22          1.28        -0.11         0.13   (15-84 p)   [    0.0010,    12.2000]
offset_0        23          11.2         -1.1          1.4   (15-84 p)   [-9993.8466, 10013.8014]

----- dataset: RVdata_neid               ----- model: gp_multidimensional           
rot_amp         24           3.1         -2.1          2.1   (15-84 p)   [    0.0000,    10.0000]
con_amp         25          -3.1         -1.5          1.2   (15-84 p)   [  -20.0000,    20.0000]

----- dataset:  BISdata_expres
jitter_0        26          2.06        -0.19         0.21   (15-84 p)   [    0.0095,    95.0000]
offset_0        27        -54.56        -0.48         0.69   (15-84 p)   [-10062.6333,  9950.1000]

----- dataset: BISdata_expres            ----- model: gp_multidimensional           
rot_amp         28           2.3         -2.9          3.5   (15-84 p)   [  -10.0000,    10.0000]
con_amp         29         -1.12        -0.81         0.67   (15-84 p)   [  -20.0000,    20.0000]

----- dataset:  BISdata_harps
jitter_0        30          1.91        -0.16         0.18   (15-84 p)   [    0.0095,    95.0000]
offset_0        31        -45.22        -0.39         0.48   (15-84 p)   [-10050.2167,  9967.9000]
offset_1        32        -35.10        -0.59         0.60   (15-84 p)   [-10050.2167,  9967.9000]

----- dataset: BISdata_harps             ----- model: gp_multidimensional           
rot_amp         33          -2.0         -2.4          2.7   (15-84 p)   [  -10.0000,    10.0000]
con_amp         34         -0.51        -0.67         0.65   (15-84 p)   [  -20.0000,    20.0000]

----- dataset:  BISdata_neid
jitter_0        35          1.40        -0.17         0.20   (15-84 p)   [    0.0095,    95.0000]
offset_0        36        -46.80        -0.34         0.36   (15-84 p)   [-10050.3833,  9958.6000]

----- dataset: BISdata_neid              ----- model: gp_multidimensional           
rot_amp         37          -3.5         -2.6          2.3   (15-84 p)   [  -10.0000,    10.0000]
con_amp         38         -0.23        -0.62         0.67   (15-84 p)   [  -20.0000,    20.0000]

----- dataset:  FWHMdata_expres
jitter_0        39          0.51        -0.33         0.54   (15-84 p)   [    0.0500,   500.0000]
offset_0        40        6773.8         -5.2          4.6   (15-84 p)   [-3231.3066, 16788.6123]

----- dataset: FWHMdata_expres           ----- model: gp_multidimensional           
rot_amp         41           1.4         -5.9          5.3   (15-84 p)   [  -10.0000,    10.0000]
con_amp         42          11.8         -2.9          3.7   (15-84 p)   [  -20.0000,    20.0000]

----- dataset:  FWHMdata_harps
jitter_0        43          0.46        -0.29         0.45   (15-84 p)   [    0.0500,   500.0000]
offset_0        44       6917.03        -0.95         0.81   (15-84 p)   [-3088.2455, 17179.2899]
offset_1        45        7172.0         -1.3          1.3   (15-84 p)   [-3088.2455, 17179.2899]

----- dataset: FWHMdata_harps            ----- model: gp_multidimensional           
rot_amp         46           3.9         -4.1          3.7   (15-84 p)   [  -10.0000,    10.0000]
con_amp         47           0.8         -1.3          1.4   (15-84 p)   [  -20.0000,    20.0000]

----- dataset:  FWHMdata_neid
jitter_0        48          0.52        -0.33         0.52   (15-84 p)   [    0.0500,   500.0000]
offset_0        49       6956.37        -0.97         0.91   (15-84 p)   [-3050.5362, 16961.5856]

----- dataset: FWHMdata_neid             ----- model: gp_multidimensional           
rot_amp         50           1.1         -5.6          5.0   (15-84 p)   [  -10.0000,    10.0000]
con_amp         51           0.3         -1.7          1.7   (15-84 p)   [  -20.0000,    20.0000]

----- dataset:  Contrastdata_expres
jitter_0        52           201          -20           22   (15-84 p)   [    1.3000, 13000.0000]
offset_0        53       -349452          -26           26   (15-84 p)   [-359920.4253, -338857.3677]

----- dataset: Contrastdata_expres       ----- model: gp_multidimensional           
rot_amp         54          -6.2         -2.8          6.7   (15-84 p)   [  -10.0000,    10.0000]
con_amp         55         19.20         -1.6         0.60   (15-84 p)   [  -20.0000,    20.0000]

----- dataset:  Contrastdata_harps
jitter_0        56            47          -28           26   (15-84 p)   [    1.3000, 13000.0000]
offset_0        57       -453790          -17           17   (15-84 p)   [-464231.0713, -409603.2636]
offset_1        58       -419790          -32           30   (15-84 p)   [-464231.0713, -409603.2636]

----- dataset: Contrastdata_harps        ----- model: gp_multidimensional           
rot_amp         59           0.9         -7.3          6.4   (15-84 p)   [  -10.0000,    10.0000]
con_amp         60            -1          -13           14   (15-84 p)   [  -20.0000,    20.0000]

----- dataset:  Contrastdata_neid
jitter_0        61            25          -17           23   (15-84 p)   [    1.3000, 13000.0000]
offset_0        62       -359636          -17           17   (15-84 p)   [-369898.1579, -349381.6867]

----- dataset: Contrastdata_neid         ----- model: gp_multidimensional           
rot_amp         63          -4.4         -4.0          8.4   (15-84 p)   [  -10.0000,    10.0000]
con_amp         64            -1          -13           14   (15-84 p)   [  -20.0000,    20.0000]

----- dataset:  Halphadata_expres
jitter_0        65      0.000084    -0.000052     0.000081   (15-84 p)   [    0.0000,     0.1000]
offset_0        66       0.17205     -0.00017      0.00016   (15-84 p)   [-9999.8289, 10000.1728]

----- dataset: Halphadata_expres         ----- model: gp_multidimensional           
rot_amp         67       0.00069     -0.00096       0.0011   (15-84 p)   [  -10.0000,    10.0000]
con_amp         68      -0.00001     -0.00029      0.00029   (15-84 p)   [  -20.0000,    20.0000]

----- dataset:  Halphadata_harps
jitter_0        69       0.00026     -0.00017      0.00020   (15-84 p)   [    0.0000,     0.1000]
offset_0        70       0.17466     -0.00023      0.00019   (15-84 p)   [-9999.8279, 10000.1774]
offset_1        71       0.17393     -0.00031      0.00029   (15-84 p)   [-9999.8279, 10000.1774]

----- dataset: Halphadata_harps          ----- model: gp_multidimensional           
rot_amp         72       -0.0032      -0.0015       0.0011   (15-84 p)   [  -10.0000,    10.0000]
con_amp         73       0.00023     -0.00030      0.00037   (15-84 p)   [  -20.0000,    20.0000]

----- dataset:  Halphadata_neid
jitter_0        74      0.000105    -0.000066      0.00010   (15-84 p)   [    0.0000,     0.1000]
offset_0        75       0.17115     -0.00019      0.00018   (15-84 p)   [-9999.8297, 10000.1719]

----- dataset: Halphadata_neid           ----- model: gp_multidimensional           
rot_amp         76        0.0001      -0.0012       0.0012   (15-84 p)   [  -10.0000,    10.0000]
con_amp         77       0.00000     -0.00034      0.00033   (15-84 p)   [  -20.0000,    20.0000]

----- dataset:  CaIIdata_expres
jitter_0        78       0.00198     -0.00059      0.00051   (15-84 p)   [    0.0000,     0.3000]
offset_0        79       0.10011     -0.00072      0.00057   (15-84 p)   [-9999.9072, 10000.1093]

----- dataset: CaIIdata_expres           ----- model: gp_multidimensional           
rot_amp         80        0.0006      -0.0040       0.0038   (15-84 p)   [  -10.0000,    10.0000]
con_amp         81        0.0006      -0.0011       0.0011   (15-84 p)   [  -20.0000,    20.0000]

----- dataset:  CaIIdata_harps
jitter_0        82       0.00057     -0.00037      0.00053   (15-84 p)   [    0.0000,     0.3000]
offset_0        83       0.10473     -0.00050      0.00054   (15-84 p)   [-9999.9030, 10000.1142]
offset_1        84       0.10349     -0.00076      0.00080   (15-84 p)   [-9999.9030, 10000.1142]

----- dataset: CaIIdata_harps            ----- model: gp_multidimensional           
rot_amp         85        0.0000      -0.0027       0.0027   (15-84 p)   [  -10.0000,    10.0000]
con_amp         86      -0.00024     -0.00085      0.00079   (15-84 p)   [  -20.0000,    20.0000]

----- dataset:  CaIIdata_neid
jitter_0        87       0.00028     -0.00017      0.00028   (15-84 p)   [    0.0000,     0.3000]
offset_0        88       0.09935     -0.00053      0.00054   (15-84 p)   [-9999.9015, 10000.1001]

----- dataset: CaIIdata_neid             ----- model: gp_multidimensional           
rot_amp         89       -0.0007      -0.0036       0.0034   (15-84 p)   [  -10.0000,    10.0000]
con_amp         90      -0.00015     -0.00097      0.00097   (15-84 p)   [  -20.0000,    20.0000]

----- common model:  b
P                0         2.199       -0.012        0.011   (15-84 p)   [    0.3785,     6.6439]
K                1         -1.01        -0.61         0.40   (15-84 p)   [   -9.9658,     3.3219]
sre_coso         2          0.08        -0.23         0.20   (15-84 p)   [   -1.0000,     1.0000]
sre_sino         3         -0.10        -0.21         0.24   (15-84 p)   [   -1.0000,     1.0000]
mean_long        4           180          -25           25   (15-84 p)   [    0.3248,   360.3248]

----- common model:  c
P                5          5.62        -0.14         0.18   (15-84 p)   [    0.3785,     6.6439]
K                6         -0.54        -0.98         0.49   (15-84 p)   [   -9.9658,     3.3219]
sre_coso         7         -0.06        -0.22         0.23   (15-84 p)   [   -1.0000,     1.0000]
sre_sino         8          0.00        -0.22         0.23   (15-84 p)   [   -1.0000,     1.0000]
mean_long        9           251          -47           63   (15-84 p)   [   58.9587,   418.9587]

----- common model:  activity
Prot            10         28.37        -0.49         0.47   (15-84 p)   [   20.0000,    35.0000]
Pdec            11         30.38        -0.28         0.83   (15-84 p)   [   30.0000,  1000.0000]
Oamp            12         -1.28        -0.13         0.12   (15-84 p)   [   -6.6439,     0.0000]

----- common model:  star_parameters

====================================================================================================
     Statistics on the model parameters obtained from the posteriors samples     
====================================================================================================

----- dataset:  RVdata_expres
jitter_0                 1.002       -0.091         0.11    (15-84 p)
offset_0                  10.2         -1.6          1.8    (15-84 p)


----- dataset: RVdata_expres             ----- model: gp_multidimensional           
rot_amp                    8.2         -2.6          1.3    (15-84 p)
con_amp                   -4.3         -1.9          1.5    (15-84 p)

----- dataset:  RVdata_harps
jitter_0                 1.269       -0.094         0.11    (15-84 p)
offset_0                 10.04        -0.77         0.98    (15-84 p)
offset_1                 11.46        -0.84         0.97    (15-84 p)


----- dataset: RVdata_harps              ----- model: gp_multidimensional           
rot_amp                    2.1         -1.3          1.6    (15-84 p)
con_amp                  -2.08         -1.1         0.81    (15-84 p)

----- dataset:  RVdata_neid
jitter_0                  1.28        -0.11         0.13    (15-84 p)
offset_0                  11.2         -1.1          1.4    (15-84 p)


----- dataset: RVdata_neid               ----- model: gp_multidimensional           
rot_amp                    3.1         -2.1          2.1    (15-84 p)
con_amp                   -3.1         -1.5          1.2    (15-84 p)

----- dataset:  BISdata_expres
jitter_0                  2.06        -0.19         0.21    (15-84 p)
offset_0                -54.56        -0.48         0.69    (15-84 p)


----- dataset: BISdata_expres            ----- model: gp_multidimensional           
rot_amp                    2.3         -2.9          3.5    (15-84 p)
con_amp                  -1.12        -0.81         0.67    (15-84 p)

----- dataset:  BISdata_harps
jitter_0                  1.91        -0.16         0.18    (15-84 p)
offset_0                -45.22        -0.39         0.48    (15-84 p)
offset_1                -35.10        -0.59         0.60    (15-84 p)


----- dataset: BISdata_harps             ----- model: gp_multidimensional           
rot_amp                   -2.0         -2.4          2.7    (15-84 p)
con_amp                  -0.51        -0.67         0.65    (15-84 p)

----- dataset:  BISdata_neid
jitter_0                  1.40        -0.17         0.20    (15-84 p)
offset_0                -46.80        -0.34         0.36    (15-84 p)


----- dataset: BISdata_neid              ----- model: gp_multidimensional           
rot_amp                   -3.5         -2.6          2.3    (15-84 p)
con_amp                  -0.23        -0.62         0.67    (15-84 p)

----- dataset:  FWHMdata_expres
jitter_0                  0.51        -0.33         0.54    (15-84 p)
offset_0                6773.8         -5.2          4.6    (15-84 p)


----- dataset: FWHMdata_expres           ----- model: gp_multidimensional           
rot_amp                    1.4         -5.9          5.3    (15-84 p)
con_amp                   11.8         -2.9          3.7    (15-84 p)

----- dataset:  FWHMdata_harps
jitter_0                  0.46        -0.29         0.45    (15-84 p)
offset_0               6917.03        -0.95         0.81    (15-84 p)
offset_1                7172.0         -1.3          1.3    (15-84 p)


----- dataset: FWHMdata_harps            ----- model: gp_multidimensional           
rot_amp                    3.9         -4.1          3.7    (15-84 p)
con_amp                    0.8         -1.3          1.4    (15-84 p)

----- dataset:  FWHMdata_neid
jitter_0                  0.52        -0.33         0.52    (15-84 p)
offset_0               6956.37        -0.97         0.91    (15-84 p)


----- dataset: FWHMdata_neid             ----- model: gp_multidimensional           
rot_amp                    1.1         -5.6          5.0    (15-84 p)
con_amp                    0.3         -1.7          1.7    (15-84 p)

----- dataset:  Contrastdata_expres
jitter_0                   201          -20           22    (15-84 p)
offset_0               -349452          -26           26    (15-84 p)


----- dataset: Contrastdata_expres       ----- model: gp_multidimensional           
rot_amp                   -6.2         -2.8          6.7    (15-84 p)
con_amp                  19.20         -1.6         0.60    (15-84 p)

----- dataset:  Contrastdata_harps
jitter_0                    47          -28           26    (15-84 p)
offset_0               -453790          -17           17    (15-84 p)
offset_1               -419790          -32           30    (15-84 p)


----- dataset: Contrastdata_harps        ----- model: gp_multidimensional           
rot_amp                    0.9         -7.3          6.4    (15-84 p)
con_amp                     -1          -13           14    (15-84 p)

----- dataset:  Contrastdata_neid
jitter_0                    25          -17           23    (15-84 p)
offset_0               -359636          -17           17    (15-84 p)


----- dataset: Contrastdata_neid         ----- model: gp_multidimensional           
rot_amp                   -4.4         -4.0          8.4    (15-84 p)
con_amp                     -1          -13           14    (15-84 p)

----- dataset:  Halphadata_expres
jitter_0              0.000084    -0.000052     0.000081    (15-84 p)
offset_0               0.17205     -0.00017      0.00016    (15-84 p)


----- dataset: Halphadata_expres         ----- model: gp_multidimensional           
rot_amp                0.00069     -0.00096       0.0011    (15-84 p)
con_amp               -0.00001     -0.00029      0.00029    (15-84 p)

----- dataset:  Halphadata_harps
jitter_0               0.00026     -0.00017      0.00020    (15-84 p)
offset_0               0.17466     -0.00023      0.00019    (15-84 p)
offset_1               0.17393     -0.00031      0.00029    (15-84 p)


----- dataset: Halphadata_harps          ----- model: gp_multidimensional           
rot_amp                -0.0032      -0.0015       0.0011    (15-84 p)
con_amp                0.00023     -0.00030      0.00037    (15-84 p)

----- dataset:  Halphadata_neid
jitter_0              0.000105    -0.000066      0.00010    (15-84 p)
offset_0               0.17115     -0.00019      0.00018    (15-84 p)


----- dataset: Halphadata_neid           ----- model: gp_multidimensional           
rot_amp                 0.0001      -0.0012       0.0012    (15-84 p)
con_amp                0.00000     -0.00034      0.00033    (15-84 p)

----- dataset:  CaIIdata_expres
jitter_0               0.00198     -0.00059      0.00051    (15-84 p)
offset_0               0.10011     -0.00072      0.00057    (15-84 p)


----- dataset: CaIIdata_expres           ----- model: gp_multidimensional           
rot_amp                 0.0006      -0.0040       0.0038    (15-84 p)
con_amp                 0.0006      -0.0011       0.0011    (15-84 p)

----- dataset:  CaIIdata_harps
jitter_0               0.00057     -0.00037      0.00053    (15-84 p)
offset_0               0.10473     -0.00050      0.00054    (15-84 p)
offset_1               0.10349     -0.00076      0.00080    (15-84 p)


----- dataset: CaIIdata_harps            ----- model: gp_multidimensional           
rot_amp                 0.0000      -0.0027       0.0027    (15-84 p)
con_amp               -0.00024     -0.00085      0.00079    (15-84 p)

----- dataset:  CaIIdata_neid
jitter_0               0.00028     -0.00017      0.00028    (15-84 p)
offset_0               0.09935     -0.00053      0.00054    (15-84 p)


----- dataset: CaIIdata_neid             ----- model: gp_multidimensional           
rot_amp                -0.0007      -0.0036       0.0034    (15-84 p)
con_amp               -0.00015     -0.00097      0.00097    (15-84 p)

----- common model:  b
P                        4.592       -0.039        0.037    (15-84 p)
K                         0.50        -0.17         0.16    (15-84 p)
mean_long                  180          -25           25    (15-84 p)
e                        0.085       -0.059        0.084    (15-84 p)
omega                      -38          -72          108    (15-84 p)

----- common model:  c
P                         49.3         -4.6          6.5    (15-84 p)
K                         0.69        -0.34         0.28    (15-84 p)
mean_long                  251          -47           63    (15-84 p)
e                        0.077       -0.053        0.080    (15-84 p)
omega                        4         -140          135    (15-84 p)

----- common model:  activity
Prot                     28.37        -0.49         0.47    (15-84 p)
Pdec                     30.38        -0.28         0.83    (15-84 p)
Oamp                     0.412       -0.035        0.034    (15-84 p)

----- common model:  star_parameters

====================================================================================================
     Statistics on the derived parameters obtained from the posteriors samples     
====================================================================================================

----- common model:  b
Inclination fixed to 90 deg!
Computing planetary mass under the approximation M_planet << M_star (threshold at 30.0 Me)
a_Rs                    11.621       -0.065        0.062    (15-84 p)
M_Mj                    0.0040      -0.0014       0.0013    (15-84 p)
M_Me                      1.28        -0.44         0.41    (15-84 p)
Tc                    59338.09        -0.35         0.33    (15-84 p)
a_AU_(M)               0.05407     -0.00030      0.00029    (15-84 p)
a_AU_(rho,R)           0.05407     -0.00030      0.00029    (15-84 p)

----- common model:  c
Inclination fixed to 90 deg!
Computing planetary mass under the approximation M_planet << M_star (threshold at 30.0 Me)
a_Rs                      56.6         -3.6          4.9    (15-84 p)
M_Mj                    0.0124      -0.0062       0.0050    (15-84 p)
M_Me                       4.0         -2.0          1.6    (15-84 p)
Tc                     59362.3         -7.8          4.1    (15-84 p)
a_AU_(M)                 0.263       -0.017        0.023    (15-84 p)
a_AU_(rho,R)             0.263       -0.017        0.023    (15-84 p)


====================================================================================================
     ------------------------------------------------------------------------------------------     
====================================================================================================



60000.0   steps completed, average lnprob:,  -1277.212337012429


emcee completed


:::---::: PyORBIT v11.0.1 :::---:::

Python version in use:
3.10.18 (main, Jun  5 2025, 13:14:17) [GCC 11.2.0]
LaTeX disabled by default

Using orbital model:  keplerian
Using orbital parametrization:  Eastman2013

Using orbital model:  keplerian
Using orbital parametrization:  Eastman2013

gp_multidimensional  S+LEAF model, number of harmonics: 4

GP model: gp_multidimensional  hyperparameters_condition:    True
GP model: gp_multidimensional  rotation_decay_condition:     True

### PyORBIT version used in the analysis:  11.0.1

 emcee version:  3.1.6

 Reference Time Tref: 59334.700184

 Data points:1680
 Dimensions: 91
 Nwalkers:   364
 Steps:      60000


Number of samplings: 109200

Recomputing ln-prior, it may take a while...

ln-probability   distribution:  -1271.83       -9.58      9.30 (15-84 p) 
ln-prior         distribution:   -458.68       -2.84      1.94 (15-84 p) 
ln-likelihood    distribution:   -812.70       -9.76      9.38 (15-84 p) 


*** Information criteria using the likelihood distribution

 BIC from distribution  (using likelihood)  =   2301.22    -18.75   19.51 (15-84 p)
 AIC from distribution  (using likelihood)  =   1807.40    -18.75   19.51 (15-84 p)
 AICc from distribution (using likelihood)  =   1817.94    -18.75   19.51 (15-84 p)


*** Information criteria using the median parameter set

 ln_probability of Median solution =  -1232.94
 ln_priors of Median solution      =   -456.82
 ln_likelihood of Median solution  =   -776.13

 Median BIC  (using likelihood) =   2228.07
 Median AIC  (using likelihood) =   1734.25
 Median AICc (using likelihood) =   1744.80


*** Information criteria using the MAP parameter set

 ln_probability of MAP solution =  -1220.57
 ln_priors of MAP solution      =   -460.25
 ln_likelihood of MAP solution  =   -760.32

 MAP BIC  (using likelihood)    =   2196.47
 MAP AIC  (using likelihood)    =   1702.65
 MAP AICc (using likelihood)    =   1713.19

 AICc suggested over AIC because NDATA ( 1680 ) < 40 * NDIM ( 91 )

****************************************************************************************************


Computing the autocorrelation time of the chains

***** WARNING ******
The integrated autocorrelation time cannot be reliably estimated
likely the chains are too short, and ACF analysis is not fully reliable
emcee.autocorr.integrated_time tolerance lowered to 20
If you still get a warning, you should drop these results entirely
Chains too short to apply convergence criteria
They should be at least 2700*nthin = 405000

 ACF computation failed, no plot will be generated 


====================================================================================================
     Ids, spaces (s), boundaries (b) and priors (p) of the sampler parameters     
====================================================================================================

----- dataset:  RVdata_expres
jitter_0      id:  13  s:Linear      b:[      0.0010,      11.5000]   p:Uniform   []
offset_0      id:  14  s:Linear      b:[  -9995.6770,   10013.1550]   p:Uniform   []

----- dataset: RVdata_expres             ----- model: gp_multidimensional           
rot_amp       id:  15  s:Linear      b:[      0.0000,      10.0000]   p:Uniform   []
con_amp       id:  16  s:Linear      b:[    -20.0000,      20.0000]   p:Uniform   []

----- dataset:  RVdata_harps
jitter_0      id:  17  s:Linear      b:[      0.0010,      13.3000]   p:Uniform   []
offset_0      id:  18  s:Linear      b:[  -9995.1415,   10014.3487]   p:Uniform   []
offset_1      id:  19  s:Linear      b:[  -9995.1415,   10014.3487]   p:Uniform   []

----- dataset: RVdata_harps              ----- model: gp_multidimensional           
rot_amp       id:  20  s:Linear      b:[      0.0000,      10.0000]   p:Uniform   []
con_amp       id:  21  s:Linear      b:[    -20.0000,      20.0000]   p:Uniform   []

----- dataset:  RVdata_neid
jitter_0      id:  22  s:Linear      b:[      0.0010,      12.2000]   p:Uniform   []
offset_0      id:  23  s:Linear      b:[  -9993.8466,   10013.8014]   p:Uniform   []

----- dataset: RVdata_neid               ----- model: gp_multidimensional           
rot_amp       id:  24  s:Linear      b:[      0.0000,      10.0000]   p:Uniform   []
con_amp       id:  25  s:Linear      b:[    -20.0000,      20.0000]   p:Uniform   []

----- dataset:  BISdata_expres
jitter_0      id:  26  s:Linear      b:[      0.0095,      95.0000]   p:Uniform   []
offset_0      id:  27  s:Linear      b:[ -10062.6333,    9950.1000]   p:Uniform   []

----- dataset: BISdata_expres            ----- model: gp_multidimensional           
rot_amp       id:  28  s:Linear      b:[    -10.0000,      10.0000]   p:Uniform   []
con_amp       id:  29  s:Linear      b:[    -20.0000,      20.0000]   p:Uniform   []

----- dataset:  BISdata_harps
jitter_0      id:  30  s:Linear      b:[      0.0095,      95.0000]   p:Uniform   []
offset_0      id:  31  s:Linear      b:[ -10050.2167,    9967.9000]   p:Uniform   []
offset_1      id:  32  s:Linear      b:[ -10050.2167,    9967.9000]   p:Uniform   []

----- dataset: BISdata_harps             ----- model: gp_multidimensional           
rot_amp       id:  33  s:Linear      b:[    -10.0000,      10.0000]   p:Uniform   []
con_amp       id:  34  s:Linear      b:[    -20.0000,      20.0000]   p:Uniform   []

----- dataset:  BISdata_neid
jitter_0      id:  35  s:Linear      b:[      0.0095,      95.0000]   p:Uniform   []
offset_0      id:  36  s:Linear      b:[ -10050.3833,    9958.6000]   p:Uniform   []

----- dataset: BISdata_neid              ----- model: gp_multidimensional           
rot_amp       id:  37  s:Linear      b:[    -10.0000,      10.0000]   p:Uniform   []
con_amp       id:  38  s:Linear      b:[    -20.0000,      20.0000]   p:Uniform   []

----- dataset:  FWHMdata_expres
jitter_0      id:  39  s:Linear      b:[      0.0500,     500.0000]   p:Uniform   []
offset_0      id:  40  s:Linear      b:[  -3231.3066,   16788.6123]   p:Uniform   []

----- dataset: FWHMdata_expres           ----- model: gp_multidimensional           
rot_amp       id:  41  s:Linear      b:[    -10.0000,      10.0000]   p:Uniform   []
con_amp       id:  42  s:Linear      b:[    -20.0000,      20.0000]   p:Uniform   []

----- dataset:  FWHMdata_harps
jitter_0      id:  43  s:Linear      b:[      0.0500,     500.0000]   p:Uniform   []
offset_0      id:  44  s:Linear      b:[  -3088.2455,   17179.2899]   p:Uniform   []
offset_1      id:  45  s:Linear      b:[  -3088.2455,   17179.2899]   p:Uniform   []

----- dataset: FWHMdata_harps            ----- model: gp_multidimensional           
rot_amp       id:  46  s:Linear      b:[    -10.0000,      10.0000]   p:Uniform   []
con_amp       id:  47  s:Linear      b:[    -20.0000,      20.0000]   p:Uniform   []

----- dataset:  FWHMdata_neid
jitter_0      id:  48  s:Linear      b:[      0.0500,     500.0000]   p:Uniform   []
offset_0      id:  49  s:Linear      b:[  -3050.5362,   16961.5856]   p:Uniform   []

----- dataset: FWHMdata_neid             ----- model: gp_multidimensional           
rot_amp       id:  50  s:Linear      b:[    -10.0000,      10.0000]   p:Uniform   []
con_amp       id:  51  s:Linear      b:[    -20.0000,      20.0000]   p:Uniform   []

----- dataset:  Contrastdata_expres
jitter_0      id:  52  s:Linear      b:[      1.3000,   13000.0000]   p:Uniform   []
offset_0      id:  53  s:Linear      b:[-359920.4253, -338857.3677]   p:Uniform   []

----- dataset: Contrastdata_expres       ----- model: gp_multidimensional           
rot_amp       id:  54  s:Linear      b:[    -10.0000,      10.0000]   p:Uniform   []
con_amp       id:  55  s:Linear      b:[    -20.0000,      20.0000]   p:Uniform   []

----- dataset:  Contrastdata_harps
jitter_0      id:  56  s:Linear      b:[      1.3000,   13000.0000]   p:Uniform   []
offset_0      id:  57  s:Linear      b:[-464231.0713, -409603.2636]   p:Uniform   []
offset_1      id:  58  s:Linear      b:[-464231.0713, -409603.2636]   p:Uniform   []

----- dataset: Contrastdata_harps        ----- model: gp_multidimensional           
rot_amp       id:  59  s:Linear      b:[    -10.0000,      10.0000]   p:Uniform   []
con_amp       id:  60  s:Linear      b:[    -20.0000,      20.0000]   p:Uniform   []

----- dataset:  Contrastdata_neid
jitter_0      id:  61  s:Linear      b:[      1.3000,   13000.0000]   p:Uniform   []
offset_0      id:  62  s:Linear      b:[-369898.1579, -349381.6867]   p:Uniform   []

----- dataset: Contrastdata_neid         ----- model: gp_multidimensional           
rot_amp       id:  63  s:Linear      b:[    -10.0000,      10.0000]   p:Uniform   []
con_amp       id:  64  s:Linear      b:[    -20.0000,      20.0000]   p:Uniform   []

----- dataset:  Halphadata_expres
jitter_0      id:  65  s:Linear      b:[      0.0000,       0.1000]   p:Uniform   []
offset_0      id:  66  s:Linear      b:[  -9999.8289,   10000.1728]   p:Uniform   []

----- dataset: Halphadata_expres         ----- model: gp_multidimensional           
rot_amp       id:  67  s:Linear      b:[    -10.0000,      10.0000]   p:Uniform   []
con_amp       id:  68  s:Linear      b:[    -20.0000,      20.0000]   p:Uniform   []

----- dataset:  Halphadata_harps
jitter_0      id:  69  s:Linear      b:[      0.0000,       0.1000]   p:Uniform   []
offset_0      id:  70  s:Linear      b:[  -9999.8279,   10000.1774]   p:Uniform   []
offset_1      id:  71  s:Linear      b:[  -9999.8279,   10000.1774]   p:Uniform   []

----- dataset: Halphadata_harps          ----- model: gp_multidimensional           
rot_amp       id:  72  s:Linear      b:[    -10.0000,      10.0000]   p:Uniform   []
con_amp       id:  73  s:Linear      b:[    -20.0000,      20.0000]   p:Uniform   []

----- dataset:  Halphadata_neid
jitter_0      id:  74  s:Linear      b:[      0.0000,       0.1000]   p:Uniform   []
offset_0      id:  75  s:Linear      b:[  -9999.8297,   10000.1719]   p:Uniform   []

----- dataset: Halphadata_neid           ----- model: gp_multidimensional           
rot_amp       id:  76  s:Linear      b:[    -10.0000,      10.0000]   p:Uniform   []
con_amp       id:  77  s:Linear      b:[    -20.0000,      20.0000]   p:Uniform   []

----- dataset:  CaIIdata_expres
jitter_0      id:  78  s:Linear      b:[      0.0000,       0.3000]   p:Uniform   []
offset_0      id:  79  s:Linear      b:[  -9999.9072,   10000.1093]   p:Uniform   []

----- dataset: CaIIdata_expres           ----- model: gp_multidimensional           
rot_amp       id:  80  s:Linear      b:[    -10.0000,      10.0000]   p:Uniform   []
con_amp       id:  81  s:Linear      b:[    -20.0000,      20.0000]   p:Uniform   []

----- dataset:  CaIIdata_harps
jitter_0      id:  82  s:Linear      b:[      0.0000,       0.3000]   p:Uniform   []
offset_0      id:  83  s:Linear      b:[  -9999.9030,   10000.1142]   p:Uniform   []
offset_1      id:  84  s:Linear      b:[  -9999.9030,   10000.1142]   p:Uniform   []

----- dataset: CaIIdata_harps            ----- model: gp_multidimensional           
rot_amp       id:  85  s:Linear      b:[    -10.0000,      10.0000]   p:Uniform   []
con_amp       id:  86  s:Linear      b:[    -20.0000,      20.0000]   p:Uniform   []

----- dataset:  CaIIdata_neid
jitter_0      id:  87  s:Linear      b:[      0.0000,       0.3000]   p:Uniform   []
offset_0      id:  88  s:Linear      b:[  -9999.9015,   10000.1001]   p:Uniform   []

----- dataset: CaIIdata_neid             ----- model: gp_multidimensional           
rot_amp       id:  89  s:Linear      b:[    -10.0000,      10.0000]   p:Uniform   []
con_amp       id:  90  s:Linear      b:[    -20.0000,      20.0000]   p:Uniform   []

----- common model:  b
P             id:   0  s:Log_Base2   b:[      0.3785,       6.6439]   p:Uniform   []
K             id:   1  s:Log_Base2   b:[     -9.9658,       3.3219]   p:Uniform   []
sre_coso      id:   2  s:Linear      b:[     -1.0000,       1.0000]   p:Uniform   []
sre_sino      id:   3  s:Linear      b:[     -1.0000,       1.0000]   p:Uniform   []
mean_long     id:   4  s:Linear      b:[      0.3248,     360.3248]   p:Uniform   []
e             derived (no id, space, bound)                           p:Gaussian   [0.    0.098]
omega         derived (no id, space, bound)                           p:Uniform   [0.0, 360.0]

----- common model:  c
P             id:   5  s:Log_Base2   b:[      0.3785,       6.6439]   p:Uniform   []
K             id:   6  s:Log_Base2   b:[     -9.9658,       3.3219]   p:Uniform   []
sre_coso      id:   7  s:Linear      b:[     -1.0000,       1.0000]   p:Uniform   []
sre_sino      id:   8  s:Linear      b:[     -1.0000,       1.0000]   p:Uniform   []
mean_long     id:   9  s:Linear      b:[     58.9587,     418.9587]   p:Uniform   []
e             derived (no id, space, bound)                           p:Gaussian   [0.    0.098]
omega         derived (no id, space, bound)                           p:Uniform   [0.0, 360.0]

----- common model:  activity
Prot          id:  10  s:Linear      b:[     20.0000,      35.0000]   p:Gaussian   [28.   0.5]
Pdec          id:  11  s:Linear      b:[     30.0000,    1000.0000]   p:Uniform   []
Oamp          id:  12  s:Log_Base2   b:[     -6.6439,       0.0000]   p:Gaussian   [0.35  0.035]

----- common model:  star_parameters
mass          derived (no id, space, bound)                           p:Gaussian   [1.e+00 1.e-06]
radius        derived (no id, space, bound)                           p:Gaussian   [1.e+00 1.e-06]
density       derived (no id, space, bound)                           p:Gaussian   [1.e+00 1.e-06]


****************************************************************************************************
****************************************************************************************************

 Confidence intervals (median value, 34.135th percentile from the median on the left and right side)

====================================================================================================
     Statistics on the posterior of the sampler parameters     
====================================================================================================

----- dataset:  RVdata_expres
jitter_0        13         1.002       -0.091         0.11   (15-84 p)   [    0.0010,    11.5000]
offset_0        14          10.2         -1.6          1.8   (15-84 p)   [-9995.6770, 10013.1550]

----- dataset: RVdata_expres             ----- model: gp_multidimensional           
rot_amp         15           8.2         -2.6          1.3   (15-84 p)   [    0.0000,    10.0000]
con_amp         16          -4.3         -1.9          1.5   (15-84 p)   [  -20.0000,    20.0000]

----- dataset:  RVdata_harps
jitter_0        17         1.269       -0.094         0.11   (15-84 p)   [    0.0010,    13.3000]
offset_0        18         10.04        -0.77         0.98   (15-84 p)   [-9995.1415, 10014.3487]
offset_1        19         11.46        -0.84         0.97   (15-84 p)   [-9995.1415, 10014.3487]

----- dataset: RVdata_harps              ----- model: gp_multidimensional           
rot_amp         20           2.1         -1.3          1.6   (15-84 p)   [    0.0000,    10.0000]
con_amp         21         -2.08         -1.1         0.81   (15-84 p)   [  -20.0000,    20.0000]

----- dataset:  RVdata_neid
jitter_0        22          1.28        -0.11         0.13   (15-84 p)   [    0.0010,    12.2000]
offset_0        23          11.2         -1.1          1.4   (15-84 p)   [-9993.8466, 10013.8014]

----- dataset: RVdata_neid               ----- model: gp_multidimensional           
rot_amp         24           3.1         -2.1          2.1   (15-84 p)   [    0.0000,    10.0000]
con_amp         25          -3.1         -1.5          1.2   (15-84 p)   [  -20.0000,    20.0000]

----- dataset:  BISdata_expres
jitter_0        26          2.06        -0.19         0.21   (15-84 p)   [    0.0095,    95.0000]
offset_0        27        -54.56        -0.48         0.69   (15-84 p)   [-10062.6333,  9950.1000]

----- dataset: BISdata_expres            ----- model: gp_multidimensional           
rot_amp         28           2.3         -2.9          3.5   (15-84 p)   [  -10.0000,    10.0000]
con_amp         29         -1.12        -0.81         0.67   (15-84 p)   [  -20.0000,    20.0000]

----- dataset:  BISdata_harps
jitter_0        30          1.91        -0.16         0.18   (15-84 p)   [    0.0095,    95.0000]
offset_0        31        -45.22        -0.39         0.48   (15-84 p)   [-10050.2167,  9967.9000]
offset_1        32        -35.10        -0.59         0.60   (15-84 p)   [-10050.2167,  9967.9000]

----- dataset: BISdata_harps             ----- model: gp_multidimensional           
rot_amp         33          -2.0         -2.4          2.7   (15-84 p)   [  -10.0000,    10.0000]
con_amp         34         -0.51        -0.67         0.65   (15-84 p)   [  -20.0000,    20.0000]

----- dataset:  BISdata_neid
jitter_0        35          1.40        -0.17         0.20   (15-84 p)   [    0.0095,    95.0000]
offset_0        36        -46.80        -0.34         0.36   (15-84 p)   [-10050.3833,  9958.6000]

----- dataset: BISdata_neid              ----- model: gp_multidimensional           
rot_amp         37          -3.5         -2.6          2.3   (15-84 p)   [  -10.0000,    10.0000]
con_amp         38         -0.23        -0.62         0.67   (15-84 p)   [  -20.0000,    20.0000]

----- dataset:  FWHMdata_expres
jitter_0        39          0.51        -0.33         0.54   (15-84 p)   [    0.0500,   500.0000]
offset_0        40        6773.8         -5.2          4.6   (15-84 p)   [-3231.3066, 16788.6123]

----- dataset: FWHMdata_expres           ----- model: gp_multidimensional           
rot_amp         41           1.4         -5.9          5.3   (15-84 p)   [  -10.0000,    10.0000]
con_amp         42          11.8         -2.9          3.7   (15-84 p)   [  -20.0000,    20.0000]

----- dataset:  FWHMdata_harps
jitter_0        43          0.46        -0.29         0.45   (15-84 p)   [    0.0500,   500.0000]
offset_0        44       6917.03        -0.95         0.81   (15-84 p)   [-3088.2455, 17179.2899]
offset_1        45        7172.0         -1.3          1.3   (15-84 p)   [-3088.2455, 17179.2899]

----- dataset: FWHMdata_harps            ----- model: gp_multidimensional           
rot_amp         46           3.9         -4.1          3.7   (15-84 p)   [  -10.0000,    10.0000]
con_amp         47           0.8         -1.3          1.4   (15-84 p)   [  -20.0000,    20.0000]

----- dataset:  FWHMdata_neid
jitter_0        48          0.52        -0.33         0.52   (15-84 p)   [    0.0500,   500.0000]
offset_0        49       6956.37        -0.97         0.91   (15-84 p)   [-3050.5362, 16961.5856]

----- dataset: FWHMdata_neid             ----- model: gp_multidimensional           
rot_amp         50           1.1         -5.6          5.0   (15-84 p)   [  -10.0000,    10.0000]
con_amp         51           0.3         -1.7          1.7   (15-84 p)   [  -20.0000,    20.0000]

----- dataset:  Contrastdata_expres
jitter_0        52           201          -20           22   (15-84 p)   [    1.3000, 13000.0000]
offset_0        53       -349452          -26           26   (15-84 p)   [-359920.4253, -338857.3677]

----- dataset: Contrastdata_expres       ----- model: gp_multidimensional           
rot_amp         54          -6.2         -2.8          6.7   (15-84 p)   [  -10.0000,    10.0000]
con_amp         55         19.20         -1.6         0.60   (15-84 p)   [  -20.0000,    20.0000]

----- dataset:  Contrastdata_harps
jitter_0        56            47          -28           26   (15-84 p)   [    1.3000, 13000.0000]
offset_0        57       -453790          -17           17   (15-84 p)   [-464231.0713, -409603.2636]
offset_1        58       -419790          -32           30   (15-84 p)   [-464231.0713, -409603.2636]

----- dataset: Contrastdata_harps        ----- model: gp_multidimensional           
rot_amp         59           0.9         -7.3          6.4   (15-84 p)   [  -10.0000,    10.0000]
con_amp         60            -1          -13           14   (15-84 p)   [  -20.0000,    20.0000]

----- dataset:  Contrastdata_neid
jitter_0        61            25          -17           23   (15-84 p)   [    1.3000, 13000.0000]
offset_0        62       -359636          -17           17   (15-84 p)   [-369898.1579, -349381.6867]

----- dataset: Contrastdata_neid         ----- model: gp_multidimensional           
rot_amp         63          -4.4         -4.0          8.4   (15-84 p)   [  -10.0000,    10.0000]
con_amp         64            -1          -13           14   (15-84 p)   [  -20.0000,    20.0000]

----- dataset:  Halphadata_expres
jitter_0        65      0.000084    -0.000052     0.000081   (15-84 p)   [    0.0000,     0.1000]
offset_0        66       0.17205     -0.00017      0.00016   (15-84 p)   [-9999.8289, 10000.1728]

----- dataset: Halphadata_expres         ----- model: gp_multidimensional           
rot_amp         67       0.00069     -0.00096       0.0011   (15-84 p)   [  -10.0000,    10.0000]
con_amp         68      -0.00001     -0.00029      0.00029   (15-84 p)   [  -20.0000,    20.0000]

----- dataset:  Halphadata_harps
jitter_0        69       0.00026     -0.00017      0.00020   (15-84 p)   [    0.0000,     0.1000]
offset_0        70       0.17466     -0.00023      0.00019   (15-84 p)   [-9999.8279, 10000.1774]
offset_1        71       0.17393     -0.00031      0.00029   (15-84 p)   [-9999.8279, 10000.1774]

----- dataset: Halphadata_harps          ----- model: gp_multidimensional           
rot_amp         72       -0.0032      -0.0015       0.0011   (15-84 p)   [  -10.0000,    10.0000]
con_amp         73       0.00023     -0.00030      0.00037   (15-84 p)   [  -20.0000,    20.0000]

----- dataset:  Halphadata_neid
jitter_0        74      0.000105    -0.000066      0.00010   (15-84 p)   [    0.0000,     0.1000]
offset_0        75       0.17115     -0.00019      0.00018   (15-84 p)   [-9999.8297, 10000.1719]

----- dataset: Halphadata_neid           ----- model: gp_multidimensional           
rot_amp         76        0.0001      -0.0012       0.0012   (15-84 p)   [  -10.0000,    10.0000]
con_amp         77       0.00000     -0.00034      0.00033   (15-84 p)   [  -20.0000,    20.0000]

----- dataset:  CaIIdata_expres
jitter_0        78       0.00198     -0.00059      0.00051   (15-84 p)   [    0.0000,     0.3000]
offset_0        79       0.10011     -0.00072      0.00057   (15-84 p)   [-9999.9072, 10000.1093]

----- dataset: CaIIdata_expres           ----- model: gp_multidimensional           
rot_amp         80        0.0006      -0.0040       0.0038   (15-84 p)   [  -10.0000,    10.0000]
con_amp         81        0.0006      -0.0011       0.0011   (15-84 p)   [  -20.0000,    20.0000]

----- dataset:  CaIIdata_harps
jitter_0        82       0.00057     -0.00037      0.00053   (15-84 p)   [    0.0000,     0.3000]
offset_0        83       0.10473     -0.00050      0.00054   (15-84 p)   [-9999.9030, 10000.1142]
offset_1        84       0.10349     -0.00076      0.00080   (15-84 p)   [-9999.9030, 10000.1142]

----- dataset: CaIIdata_harps            ----- model: gp_multidimensional           
rot_amp         85        0.0000      -0.0027       0.0027   (15-84 p)   [  -10.0000,    10.0000]
con_amp         86      -0.00024     -0.00085      0.00079   (15-84 p)   [  -20.0000,    20.0000]

----- dataset:  CaIIdata_neid
jitter_0        87       0.00028     -0.00017      0.00028   (15-84 p)   [    0.0000,     0.3000]
offset_0        88       0.09935     -0.00053      0.00054   (15-84 p)   [-9999.9015, 10000.1001]

----- dataset: CaIIdata_neid             ----- model: gp_multidimensional           
rot_amp         89       -0.0007      -0.0036       0.0034   (15-84 p)   [  -10.0000,    10.0000]
con_amp         90      -0.00015     -0.00097      0.00097   (15-84 p)   [  -20.0000,    20.0000]

----- common model:  b
P                0         2.199       -0.012        0.011   (15-84 p)   [    0.3785,     6.6439]
K                1         -1.01        -0.61         0.40   (15-84 p)   [   -9.9658,     3.3219]
sre_coso         2          0.08        -0.23         0.20   (15-84 p)   [   -1.0000,     1.0000]
sre_sino         3         -0.10        -0.21         0.24   (15-84 p)   [   -1.0000,     1.0000]
mean_long        4           180          -25           25   (15-84 p)   [    0.3248,   360.3248]

----- common model:  c
P                5          5.62        -0.14         0.18   (15-84 p)   [    0.3785,     6.6439]
K                6         -0.54        -0.98         0.49   (15-84 p)   [   -9.9658,     3.3219]
sre_coso         7         -0.06        -0.22         0.23   (15-84 p)   [   -1.0000,     1.0000]
sre_sino         8          0.00        -0.22         0.23   (15-84 p)   [   -1.0000,     1.0000]
mean_long        9           251          -47           63   (15-84 p)   [   58.9587,   418.9587]

----- common model:  activity
Prot            10         28.37        -0.49         0.47   (15-84 p)   [   20.0000,    35.0000]
Pdec            11         30.38        -0.28         0.83   (15-84 p)   [   30.0000,  1000.0000]
Oamp            12         -1.28        -0.13         0.12   (15-84 p)   [   -6.6439,     0.0000]

----- common model:  star_parameters

====================================================================================================
     Statistics on the model parameters obtained from the posteriors samples     
====================================================================================================

----- dataset:  RVdata_expres
jitter_0                 1.002       -0.091         0.11    (15-84 p)
offset_0                  10.2         -1.6          1.8    (15-84 p)


----- dataset: RVdata_expres             ----- model: gp_multidimensional           
rot_amp                    8.2         -2.6          1.3    (15-84 p)
con_amp                   -4.3         -1.9          1.5    (15-84 p)

----- dataset:  RVdata_harps
jitter_0                 1.269       -0.094         0.11    (15-84 p)
offset_0                 10.04        -0.77         0.98    (15-84 p)
offset_1                 11.46        -0.84         0.97    (15-84 p)


----- dataset: RVdata_harps              ----- model: gp_multidimensional           
rot_amp                    2.1         -1.3          1.6    (15-84 p)
con_amp                  -2.08         -1.1         0.81    (15-84 p)

----- dataset:  RVdata_neid
jitter_0                  1.28        -0.11         0.13    (15-84 p)
offset_0                  11.2         -1.1          1.4    (15-84 p)


----- dataset: RVdata_neid               ----- model: gp_multidimensional           
rot_amp                    3.1         -2.1          2.1    (15-84 p)
con_amp                   -3.1         -1.5          1.2    (15-84 p)

----- dataset:  BISdata_expres
jitter_0                  2.06        -0.19         0.21    (15-84 p)
offset_0                -54.56        -0.48         0.69    (15-84 p)


----- dataset: BISdata_expres            ----- model: gp_multidimensional           
rot_amp                    2.3         -2.9          3.5    (15-84 p)
con_amp                  -1.12        -0.81         0.67    (15-84 p)

----- dataset:  BISdata_harps
jitter_0                  1.91        -0.16         0.18    (15-84 p)
offset_0                -45.22        -0.39         0.48    (15-84 p)
offset_1                -35.10        -0.59         0.60    (15-84 p)


----- dataset: BISdata_harps             ----- model: gp_multidimensional           
rot_amp                   -2.0         -2.4          2.7    (15-84 p)
con_amp                  -0.51        -0.67         0.65    (15-84 p)

----- dataset:  BISdata_neid
jitter_0                  1.40        -0.17         0.20    (15-84 p)
offset_0                -46.80        -0.34         0.36    (15-84 p)


----- dataset: BISdata_neid              ----- model: gp_multidimensional           
rot_amp                   -3.5         -2.6          2.3    (15-84 p)
con_amp                  -0.23        -0.62         0.67    (15-84 p)

----- dataset:  FWHMdata_expres
jitter_0                  0.51        -0.33         0.54    (15-84 p)
offset_0                6773.8         -5.2          4.6    (15-84 p)


----- dataset: FWHMdata_expres           ----- model: gp_multidimensional           
rot_amp                    1.4         -5.9          5.3    (15-84 p)
con_amp                   11.8         -2.9          3.7    (15-84 p)

----- dataset:  FWHMdata_harps
jitter_0                  0.46        -0.29         0.45    (15-84 p)
offset_0               6917.03        -0.95         0.81    (15-84 p)
offset_1                7172.0         -1.3          1.3    (15-84 p)


----- dataset: FWHMdata_harps            ----- model: gp_multidimensional           
rot_amp                    3.9         -4.1          3.7    (15-84 p)
con_amp                    0.8         -1.3          1.4    (15-84 p)

----- dataset:  FWHMdata_neid
jitter_0                  0.52        -0.33         0.52    (15-84 p)
offset_0               6956.37        -0.97         0.91    (15-84 p)


----- dataset: FWHMdata_neid             ----- model: gp_multidimensional           
rot_amp                    1.1         -5.6          5.0    (15-84 p)
con_amp                    0.3         -1.7          1.7    (15-84 p)

----- dataset:  Contrastdata_expres
jitter_0                   201          -20           22    (15-84 p)
offset_0               -349452          -26           26    (15-84 p)


----- dataset: Contrastdata_expres       ----- model: gp_multidimensional           
rot_amp                   -6.2         -2.8          6.7    (15-84 p)
con_amp                  19.20         -1.6         0.60    (15-84 p)

----- dataset:  Contrastdata_harps
jitter_0                    47          -28           26    (15-84 p)
offset_0               -453790          -17           17    (15-84 p)
offset_1               -419790          -32           30    (15-84 p)


----- dataset: Contrastdata_harps        ----- model: gp_multidimensional           
rot_amp                    0.9         -7.3          6.4    (15-84 p)
con_amp                     -1          -13           14    (15-84 p)

----- dataset:  Contrastdata_neid
jitter_0                    25          -17           23    (15-84 p)
offset_0               -359636          -17           17    (15-84 p)


----- dataset: Contrastdata_neid         ----- model: gp_multidimensional           
rot_amp                   -4.4         -4.0          8.4    (15-84 p)
con_amp                     -1          -13           14    (15-84 p)

----- dataset:  Halphadata_expres
jitter_0              0.000084    -0.000052     0.000081    (15-84 p)
offset_0               0.17205     -0.00017      0.00016    (15-84 p)


----- dataset: Halphadata_expres         ----- model: gp_multidimensional           
rot_amp                0.00069     -0.00096       0.0011    (15-84 p)
con_amp               -0.00001     -0.00029      0.00029    (15-84 p)

----- dataset:  Halphadata_harps
jitter_0               0.00026     -0.00017      0.00020    (15-84 p)
offset_0               0.17466     -0.00023      0.00019    (15-84 p)
offset_1               0.17393     -0.00031      0.00029    (15-84 p)


----- dataset: Halphadata_harps          ----- model: gp_multidimensional           
rot_amp                -0.0032      -0.0015       0.0011    (15-84 p)
con_amp                0.00023     -0.00030      0.00037    (15-84 p)

----- dataset:  Halphadata_neid
jitter_0              0.000105    -0.000066      0.00010    (15-84 p)
offset_0               0.17115     -0.00019      0.00018    (15-84 p)


----- dataset: Halphadata_neid           ----- model: gp_multidimensional           
rot_amp                 0.0001      -0.0012       0.0012    (15-84 p)
con_amp                0.00000     -0.00034      0.00033    (15-84 p)

----- dataset:  CaIIdata_expres
jitter_0               0.00198     -0.00059      0.00051    (15-84 p)
offset_0               0.10011     -0.00072      0.00057    (15-84 p)


----- dataset: CaIIdata_expres           ----- model: gp_multidimensional           
rot_amp                 0.0006      -0.0040       0.0038    (15-84 p)
con_amp                 0.0006      -0.0011       0.0011    (15-84 p)

----- dataset:  CaIIdata_harps
jitter_0               0.00057     -0.00037      0.00053    (15-84 p)
offset_0               0.10473     -0.00050      0.00054    (15-84 p)
offset_1               0.10349     -0.00076      0.00080    (15-84 p)


----- dataset: CaIIdata_harps            ----- model: gp_multidimensional           
rot_amp                 0.0000      -0.0027       0.0027    (15-84 p)
con_amp               -0.00024     -0.00085      0.00079    (15-84 p)

----- dataset:  CaIIdata_neid
jitter_0               0.00028     -0.00017      0.00028    (15-84 p)
offset_0               0.09935     -0.00053      0.00054    (15-84 p)


----- dataset: CaIIdata_neid             ----- model: gp_multidimensional           
rot_amp                -0.0007      -0.0036       0.0034    (15-84 p)
con_amp               -0.00015     -0.00097      0.00097    (15-84 p)

----- common model:  b
P                        4.592       -0.039        0.037    (15-84 p)
K                         0.50        -0.17         0.16    (15-84 p)
mean_long                  180          -25           25    (15-84 p)
e                        0.085       -0.059        0.084    (15-84 p)
omega                      -55          -86           84    (15-84 p)

----- common model:  c
P                         49.3         -4.6          6.5    (15-84 p)
K                         0.69        -0.34         0.28    (15-84 p)
mean_long                  248          -50           58    (15-84 p)
e                        0.077       -0.053        0.080    (15-84 p)
omega                      164         -112          102    (15-84 p)

----- common model:  activity
Prot                     28.37        -0.49         0.47    (15-84 p)
Pdec                     30.38        -0.28         0.83    (15-84 p)
Oamp                     0.412       -0.035        0.034    (15-84 p)

----- common model:  star_parameters

====================================================================================================
     Statistics on the derived parameters obtained from the posteriors samples     
====================================================================================================

----- common model:  b
Inclination fixed to 90 deg!
Computing planetary mass under the approximation M_planet << M_star (threshold at 30.0 Me)
a_Rs                    11.621       -0.065        0.062    (15-84 p)
M_Mj                    0.0040      -0.0014       0.0013    (15-84 p)
M_Me                      1.28        -0.44         0.41    (15-84 p)
Tc                    59338.09        -0.35         0.33    (15-84 p)
a_AU_(M)               0.05407     -0.00030      0.00029    (15-84 p)
a_AU_(rho,R)           0.05407     -0.00030      0.00029    (15-84 p)

----- common model:  c
Inclination fixed to 90 deg!
Computing planetary mass under the approximation M_planet << M_star (threshold at 30.0 Me)
a_Rs                      56.6         -3.6          4.9    (15-84 p)
M_Mj                    0.0124      -0.0062       0.0050    (15-84 p)
M_Me                       4.0         -2.0          1.6    (15-84 p)
Tc                     59362.3         -7.8          4.1    (15-84 p)
a_AU_(M)                 0.263       -0.017        0.023    (15-84 p)
a_AU_(rho,R)             0.263       -0.017        0.023    (15-84 p)


====================================================================================================
     ------------------------------------------------------------------------------------------     
====================================================================================================



****************************************************************************************************

 Parameters corresponding to the Maximum a Posteriori probability ( -1220.5737497610132 )

====================================================================================================
     Statistics on the posterior of the sampler parameters     
====================================================================================================

----- dataset:  RVdata_expres
jitter_0        13      0.917721 [    0.0010,    11.5000]
offset_0        14      9.691117 [-9995.6770, 10013.1550]

----- dataset: RVdata_expres             ----- model: gp_multidimensional           
rot_amp         15      4.447830 [    0.0000,    10.0000]
con_amp         16     -1.269151 [  -20.0000,    20.0000]

----- dataset:  RVdata_harps
jitter_0        17      1.253815 [    0.0010,    13.3000]
offset_0        18      9.712803 [-9995.1415, 10014.3487]
offset_1        19     11.264754 [-9995.1415, 10014.3487]

----- dataset: RVdata_harps              ----- model: gp_multidimensional           
rot_amp         20      0.872633 [    0.0000,    10.0000]
con_amp         21     -0.623685 [  -20.0000,    20.0000]

----- dataset:  RVdata_neid
jitter_0        22      1.272095 [    0.0010,    12.2000]
offset_0        23     10.817136 [-9993.8466, 10013.8014]

----- dataset: RVdata_neid               ----- model: gp_multidimensional           
rot_amp         24      2.165189 [    0.0000,    10.0000]
con_amp         25     -0.886163 [  -20.0000,    20.0000]

----- dataset:  BISdata_expres
jitter_0        26      2.095231 [    0.0095,    95.0000]
offset_0        27    -54.791896 [-10062.6333,  9950.1000]

----- dataset: BISdata_expres            ----- model: gp_multidimensional           
rot_amp         28      0.776226 [  -10.0000,    10.0000]
con_amp         29     -0.463638 [  -20.0000,    20.0000]

----- dataset:  BISdata_harps
jitter_0        30      1.838653 [    0.0095,    95.0000]
offset_0        31    -45.144685 [-10050.2167,  9967.9000]
offset_1        32    -35.414330 [-10050.2167,  9967.9000]

----- dataset: BISdata_harps             ----- model: gp_multidimensional           
rot_amp         33     -0.956051 [  -10.0000,    10.0000]
con_amp         34     -0.476402 [  -20.0000,    20.0000]

----- dataset:  BISdata_neid
jitter_0        35      1.337672 [    0.0095,    95.0000]
offset_0        36    -46.645317 [-10050.3833,  9958.6000]

----- dataset: BISdata_neid              ----- model: gp_multidimensional           
rot_amp         37     -1.412989 [  -10.0000,    10.0000]
con_amp         38     -0.365345 [  -20.0000,    20.0000]

----- dataset:  FWHMdata_expres
jitter_0        39      0.127252 [    0.0500,   500.0000]
offset_0        40   6774.216509 [-3231.3066, 16788.6123]

----- dataset: FWHMdata_expres           ----- model: gp_multidimensional           
rot_amp         41     -2.701623 [  -10.0000,    10.0000]
con_amp         42      5.304774 [  -20.0000,    20.0000]

----- dataset:  FWHMdata_harps
jitter_0        43      0.100435 [    0.0500,   500.0000]
offset_0        44   6916.956152 [-3088.2455, 17179.2899]
offset_1        45   7171.589226 [-3088.2455, 17179.2899]

----- dataset: FWHMdata_harps            ----- model: gp_multidimensional           
rot_amp         46      1.628600 [  -10.0000,    10.0000]
con_amp         47      0.410917 [  -20.0000,    20.0000]

----- dataset:  FWHMdata_neid
jitter_0        48      0.110308 [    0.0500,   500.0000]
offset_0        49   6957.133903 [-3050.5362, 16961.5856]

----- dataset: FWHMdata_neid             ----- model: gp_multidimensional           
rot_amp         50      1.612960 [  -10.0000,    10.0000]
con_amp         51     -0.239447 [  -20.0000,    20.0000]

----- dataset:  Contrastdata_expres
jitter_0        52    168.074591 [    1.3000, 13000.0000]
offset_0        53  -349475.294046 [-359920.4253, -338857.3677]

----- dataset: Contrastdata_expres       ----- model: gp_multidimensional           
rot_amp         54     -9.875264 [  -10.0000,    10.0000]
con_amp         55     19.968071 [  -20.0000,    20.0000]

----- dataset:  Contrastdata_harps
jitter_0        56     56.820831 [    1.3000, 13000.0000]
offset_0        57  -453787.255935 [-464231.0713, -409603.2636]
offset_1        58  -419798.951034 [-464231.0713, -409603.2636]

----- dataset: Contrastdata_harps        ----- model: gp_multidimensional           
rot_amp         59     -9.920351 [  -10.0000,    10.0000]
con_amp         60    -19.286396 [  -20.0000,    20.0000]

----- dataset:  Contrastdata_neid
jitter_0        61      3.433754 [    1.3000, 13000.0000]
offset_0        62  -359635.832373 [-369898.1579, -349381.6867]

----- dataset: Contrastdata_neid         ----- model: gp_multidimensional           
rot_amp         63     -9.722338 [  -10.0000,    10.0000]
con_amp         64    -18.232665 [  -20.0000,    20.0000]

----- dataset:  Halphadata_expres
jitter_0        65      0.000027 [    0.0000,     0.1000]
offset_0        66      0.172092 [-9999.8289, 10000.1728]

----- dataset: Halphadata_expres         ----- model: gp_multidimensional           
rot_amp         67      0.000398 [  -10.0000,    10.0000]
con_amp         68     -0.000004 [  -20.0000,    20.0000]

----- dataset:  Halphadata_harps
jitter_0        69      0.000065 [    0.0000,     0.1000]
offset_0        70      0.174720 [-9999.8279, 10000.1774]
offset_1        71      0.173956 [-9999.8279, 10000.1774]

----- dataset: Halphadata_harps          ----- model: gp_multidimensional           
rot_amp         72     -0.001449 [  -10.0000,    10.0000]
con_amp         73     -0.000009 [  -20.0000,    20.0000]

----- dataset:  Halphadata_neid
jitter_0        74      0.000027 [    0.0000,     0.1000]
offset_0        75      0.171080 [-9999.8297, 10000.1719]

----- dataset: Halphadata_neid           ----- model: gp_multidimensional           
rot_amp         76      0.000045 [  -10.0000,    10.0000]
con_amp         77     -0.000052 [  -20.0000,    20.0000]

----- dataset:  CaIIdata_expres
jitter_0        78      0.002063 [    0.0000,     0.3000]
offset_0        79      0.100043 [-9999.9072, 10000.1093]

----- dataset: CaIIdata_expres           ----- model: gp_multidimensional           
rot_amp         80     -0.000856 [  -10.0000,    10.0000]
con_amp         81      0.000265 [  -20.0000,    20.0000]

----- dataset:  CaIIdata_harps
jitter_0        82      0.000159 [    0.0000,     0.3000]
offset_0        83      0.104688 [-9999.9030, 10000.1142]
offset_1        84      0.103298 [-9999.9030, 10000.1142]

----- dataset: CaIIdata_harps            ----- model: gp_multidimensional           
rot_amp         85      0.000151 [  -10.0000,    10.0000]
con_amp         86     -0.000100 [  -20.0000,    20.0000]

----- dataset:  CaIIdata_neid
jitter_0        87      0.000034 [    0.0000,     0.3000]
offset_0        88      0.099240 [-9999.9015, 10000.1001]

----- dataset: CaIIdata_neid             ----- model: gp_multidimensional           
rot_amp         89     -0.000942 [  -10.0000,    10.0000]
con_amp         90      0.000054 [  -20.0000,    20.0000]

----- common model:  b
P                0      2.194557 [    0.3785,     6.6439]
K                1     -0.569589 [   -9.9658,     3.3219]
sre_coso         2      0.175240 [   -1.0000,     1.0000]
sre_sino         3     -0.352638 [   -1.0000,     1.0000]
mean_long        4    181.623721 [    0.3248,   360.3248]

----- common model:  c
P                5      5.600568 [    0.3785,     6.6439]
K                6      0.325182 [   -9.9658,     3.3219]
sre_coso         7     -0.382917 [   -1.0000,     1.0000]
sre_sino         8      0.171863 [   -1.0000,     1.0000]
mean_long        9    226.363604 [   58.9587,   418.9587]

----- common model:  activity
Prot            10     28.874814 [   20.0000,    35.0000]
Pdec            11     30.010009 [   30.0000,  1000.0000]
Oamp            12     -1.335338 [   -6.6439,     0.0000]

----- common model:  star_parameters

====================================================================================================
     Statistics on the model parameters obtained from the posteriors samples     
====================================================================================================

----- dataset:  RVdata_expres
jitter_0              0.917721 
offset_0              9.691117 


----- dataset: RVdata_expres             ----- model: gp_multidimensional           
rot_amp               4.447830 
con_amp              -1.269151 

----- dataset:  RVdata_harps
jitter_0              1.253815 
offset_0              9.712803 
offset_1             11.264754 


----- dataset: RVdata_harps              ----- model: gp_multidimensional           
rot_amp               0.872633 
con_amp              -0.623685 

----- dataset:  RVdata_neid
jitter_0              1.272095 
offset_0             10.817136 


----- dataset: RVdata_neid               ----- model: gp_multidimensional           
rot_amp               2.165189 
con_amp              -0.886163 

----- dataset:  BISdata_expres
jitter_0              2.095231 
offset_0            -54.791896 


----- dataset: BISdata_expres            ----- model: gp_multidimensional           
rot_amp               0.776226 
con_amp              -0.463638 

----- dataset:  BISdata_harps
jitter_0              1.838653 
offset_0            -45.144685 
offset_1            -35.414330 


----- dataset: BISdata_harps             ----- model: gp_multidimensional           
rot_amp              -0.956051 
con_amp              -0.476402 

----- dataset:  BISdata_neid
jitter_0              1.337672 
offset_0            -46.645317 


----- dataset: BISdata_neid              ----- model: gp_multidimensional           
rot_amp              -1.412989 
con_amp              -0.365345 

----- dataset:  FWHMdata_expres
jitter_0              0.127252 
offset_0           6774.216509 


----- dataset: FWHMdata_expres           ----- model: gp_multidimensional           
rot_amp              -2.701623 
con_amp               5.304774 

----- dataset:  FWHMdata_harps
jitter_0              0.100435 
offset_0           6916.956152 
offset_1           7171.589226 


----- dataset: FWHMdata_harps            ----- model: gp_multidimensional           
rot_amp               1.628600 
con_amp               0.410917 

----- dataset:  FWHMdata_neid
jitter_0              0.110308 
offset_0           6957.133903 


----- dataset: FWHMdata_neid             ----- model: gp_multidimensional           
rot_amp               1.612960 
con_amp              -0.239447 

----- dataset:  Contrastdata_expres
jitter_0            168.074591 
offset_0        -349475.294046 


----- dataset: Contrastdata_expres       ----- model: gp_multidimensional           
rot_amp              -9.875264 
con_amp              19.968071 

----- dataset:  Contrastdata_harps
jitter_0             56.820831 
offset_0        -453787.255935 
offset_1        -419798.951034 


----- dataset: Contrastdata_harps        ----- model: gp_multidimensional           
rot_amp              -9.920351 
con_amp             -19.286396 

----- dataset:  Contrastdata_neid
jitter_0              3.433754 
offset_0        -359635.832373 


----- dataset: Contrastdata_neid         ----- model: gp_multidimensional           
rot_amp              -9.722338 
con_amp             -18.232665 

----- dataset:  Halphadata_expres
jitter_0              0.000027 
offset_0              0.172092 


----- dataset: Halphadata_expres         ----- model: gp_multidimensional           
rot_amp               0.000398 
con_amp              -0.000004 

----- dataset:  Halphadata_harps
jitter_0              0.000065 
offset_0              0.174720 
offset_1              0.173956 


----- dataset: Halphadata_harps          ----- model: gp_multidimensional           
rot_amp              -0.001449 
con_amp              -0.000009 

----- dataset:  Halphadata_neid
jitter_0              0.000027 
offset_0              0.171080 


----- dataset: Halphadata_neid           ----- model: gp_multidimensional           
rot_amp               0.000045 
con_amp              -0.000052 

----- dataset:  CaIIdata_expres
jitter_0              0.002063 
offset_0              0.100043 


----- dataset: CaIIdata_expres           ----- model: gp_multidimensional           
rot_amp              -0.000856 
con_amp               0.000265 

----- dataset:  CaIIdata_harps
jitter_0              0.000159 
offset_0              0.104688 
offset_1              0.103298 


----- dataset: CaIIdata_harps            ----- model: gp_multidimensional           
rot_amp               0.000151 
con_amp              -0.000100 

----- dataset:  CaIIdata_neid
jitter_0              0.000034 
offset_0              0.099240 


----- dataset: CaIIdata_neid             ----- model: gp_multidimensional           
rot_amp              -0.000942 
con_amp               0.000054 

----- common model:  b
P                     4.577490 
K                     0.673809 
mean_long           181.623721 
e                     0.155062 
omega               -63.575367 

----- common model:  c
P                    48.522035 
K                     1.252823 
mean_long           226.363604 
e                     0.176162 
omega               155.828195 

----- common model:  activity
Prot                 28.874814 
Pdec                 30.010009 
Oamp                  0.396299 

----- common model:  star_parameters

====================================================================================================
     Statistics on the derived parameters obtained from the posteriors samples     
====================================================================================================

----- common model:  b
Inclination fixed to 90 deg!
a_Rs                 11.596710 
M_Mj                  0.005437 
M_Me                  1.728403 
Tc                59338.000630 
a_AU_(M)              0.053954 
a_AU_(rho,R)          0.053953 

----- common model:  c
Inclination fixed to 90 deg!
a_Rs                 55.959699 
M_Mj                  0.022127 
M_Me                  7.034151 
Tc                59367.186786 
a_AU_(M)              0.260353 
a_AU_(rho,R)          0.260351 


====================================================================================================
     ------------------------------------------------------------------------------------------     
====================================================================================================



****************************************************************************************************

 Parameters corresponding to the sample closest to the median values ( -1245.712411001996 )

====================================================================================================
     Statistics on the posterior of the sampler parameters     
====================================================================================================

----- dataset:  RVdata_expres
jitter_0        13      0.806888 [    0.0010,    11.5000]
offset_0        14     10.161157 [-9995.6770, 10013.1550]

----- dataset: RVdata_expres             ----- model: gp_multidimensional           
rot_amp         15      7.947881 [    0.0000,    10.0000]
con_amp         16     -2.493348 [  -20.0000,    20.0000]

----- dataset:  RVdata_harps
jitter_0        17      1.200739 [    0.0010,    13.3000]
offset_0        18     10.187728 [-9995.1415, 10014.3487]
offset_1        19     11.382533 [-9995.1415, 10014.3487]

----- dataset: RVdata_harps              ----- model: gp_multidimensional           
rot_amp         20      1.306164 [    0.0000,    10.0000]
con_amp         21     -1.268125 [  -20.0000,    20.0000]

----- dataset:  RVdata_neid
jitter_0        22      1.176563 [    0.0010,    12.2000]
offset_0        23     11.169389 [-9993.8466, 10013.8014]

----- dataset: RVdata_neid               ----- model: gp_multidimensional           
rot_amp         24      4.079260 [    0.0000,    10.0000]
con_amp         25     -1.749780 [  -20.0000,    20.0000]

----- dataset:  BISdata_expres
jitter_0        26      1.954422 [    0.0095,    95.0000]
offset_0        27    -54.465934 [-10062.6333,  9950.1000]

----- dataset: BISdata_expres            ----- model: gp_multidimensional           
rot_amp         28      1.817159 [  -10.0000,    10.0000]
con_amp         29     -0.115711 [  -20.0000,    20.0000]

----- dataset:  BISdata_harps
jitter_0        30      1.847012 [    0.0095,    95.0000]
offset_0        31    -44.943623 [-10050.2167,  9967.9000]
offset_1        32    -35.072003 [-10050.2167,  9967.9000]

----- dataset: BISdata_harps             ----- model: gp_multidimensional           
rot_amp         33     -3.387228 [  -10.0000,    10.0000]
con_amp         34     -0.659363 [  -20.0000,    20.0000]

----- dataset:  BISdata_neid
jitter_0        35      1.249412 [    0.0095,    95.0000]
offset_0        36    -46.524236 [-10050.3833,  9958.6000]

----- dataset: BISdata_neid              ----- model: gp_multidimensional           
rot_amp         37     -3.498236 [  -10.0000,    10.0000]
con_amp         38     -0.568692 [  -20.0000,    20.0000]

----- dataset:  FWHMdata_expres
jitter_0        39      0.604029 [    0.0500,   500.0000]
offset_0        40   6773.202388 [-3231.3066, 16788.6123]

----- dataset: FWHMdata_expres           ----- model: gp_multidimensional           
rot_amp         41      4.652024 [  -10.0000,    10.0000]
con_amp         42      9.085081 [  -20.0000,    20.0000]

----- dataset:  FWHMdata_harps
jitter_0        43      0.299275 [    0.0500,   500.0000]
offset_0        44   6916.968687 [-3088.2455, 17179.2899]
offset_1        45   7173.229715 [-3088.2455, 17179.2899]

----- dataset: FWHMdata_harps            ----- model: gp_multidimensional           
rot_amp         46      2.509245 [  -10.0000,    10.0000]
con_amp         47      1.491902 [  -20.0000,    20.0000]

----- dataset:  FWHMdata_neid
jitter_0        48      0.224874 [    0.0500,   500.0000]
offset_0        49   6957.120761 [-3050.5362, 16961.5856]

----- dataset: FWHMdata_neid             ----- model: gp_multidimensional           
rot_amp         50      4.843173 [  -10.0000,    10.0000]
con_amp         51     -0.268990 [  -20.0000,    20.0000]

----- dataset:  Contrastdata_expres
jitter_0        52    198.821834 [    1.3000, 13000.0000]
offset_0        53  -349441.608119 [-359920.4253, -338857.3677]

----- dataset: Contrastdata_expres       ----- model: gp_multidimensional           
rot_amp         54     -9.056459 [  -10.0000,    10.0000]
con_amp         55     19.900325 [  -20.0000,    20.0000]

----- dataset:  Contrastdata_harps
jitter_0        56     52.613636 [    1.3000, 13000.0000]
offset_0        57  -453779.493181 [-464231.0713, -409603.2636]
offset_1        58  -419780.516817 [-464231.0713, -409603.2636]

----- dataset: Contrastdata_harps        ----- model: gp_multidimensional           
rot_amp         59     -3.241137 [  -10.0000,    10.0000]
con_amp         60      8.827034 [  -20.0000,    20.0000]

----- dataset:  Contrastdata_neid
jitter_0        61     38.283118 [    1.3000, 13000.0000]
offset_0        62  -359632.396667 [-369898.1579, -349381.6867]

----- dataset: Contrastdata_neid         ----- model: gp_multidimensional           
rot_amp         63     -7.216940 [  -10.0000,    10.0000]
con_amp         64     -4.413804 [  -20.0000,    20.0000]

----- dataset:  Halphadata_expres
jitter_0        65      0.000055 [    0.0000,     0.1000]
offset_0        66      0.172082 [-9999.8289, 10000.1728]

----- dataset: Halphadata_expres         ----- model: gp_multidimensional           
rot_amp         67      0.001299 [  -10.0000,    10.0000]
con_amp         68     -0.000127 [  -20.0000,    20.0000]

----- dataset:  Halphadata_harps
jitter_0        69      0.000207 [    0.0000,     0.1000]
offset_0        70      0.174738 [-9999.8279, 10000.1774]
offset_1        71      0.173907 [-9999.8279, 10000.1774]

----- dataset: Halphadata_harps          ----- model: gp_multidimensional           
rot_amp         72     -0.002490 [  -10.0000,    10.0000]
con_amp         73      0.000298 [  -20.0000,    20.0000]

----- dataset:  Halphadata_neid
jitter_0        74      0.000119 [    0.0000,     0.1000]
offset_0        75      0.171100 [-9999.8297, 10000.1719]

----- dataset: Halphadata_neid           ----- model: gp_multidimensional           
rot_amp         76     -0.000142 [  -10.0000,    10.0000]
con_amp         77     -0.000064 [  -20.0000,    20.0000]

----- dataset:  CaIIdata_expres
jitter_0        78      0.001819 [    0.0000,     0.3000]
offset_0        79      0.099932 [-9999.9072, 10000.1093]

----- dataset: CaIIdata_expres           ----- model: gp_multidimensional           
rot_amp         80      0.003278 [  -10.0000,    10.0000]
con_amp         81      0.000717 [  -20.0000,    20.0000]

----- dataset:  CaIIdata_harps
jitter_0        82      0.000584 [    0.0000,     0.3000]
offset_0        83      0.104680 [-9999.9030, 10000.1142]
offset_1        84      0.102925 [-9999.9030, 10000.1142]

----- dataset: CaIIdata_harps            ----- model: gp_multidimensional           
rot_amp         85     -0.001112 [  -10.0000,    10.0000]
con_amp         86      0.000149 [  -20.0000,    20.0000]

----- dataset:  CaIIdata_neid
jitter_0        87      0.000149 [    0.0000,     0.3000]
offset_0        88      0.098726 [-9999.9015, 10000.1001]

----- dataset: CaIIdata_neid             ----- model: gp_multidimensional           
rot_amp         89     -0.000623 [  -10.0000,    10.0000]
con_amp         90      0.000365 [  -20.0000,    20.0000]

----- common model:  b
P                0      2.183342 [    0.3785,     6.6439]
K                1     -0.596050 [   -9.9658,     3.3219]
sre_coso         2      0.176185 [   -1.0000,     1.0000]
sre_sino         3     -0.150013 [   -1.0000,     1.0000]
mean_long        4    175.367940 [    0.3248,   360.3248]

----- common model:  c
P                5      5.643481 [    0.3785,     6.6439]
K                6     -0.217953 [   -9.9658,     3.3219]
sre_coso         7     -0.083071 [   -1.0000,     1.0000]
sre_sino         8      0.008358 [   -1.0000,     1.0000]
mean_long        9    258.844160 [   58.9587,   418.9587]

----- common model:  activity
Prot            10     28.087969 [   20.0000,    35.0000]
Pdec            11     30.121066 [   30.0000,  1000.0000]
Oamp            12     -1.220110 [   -6.6439,     0.0000]

----- common model:  star_parameters

====================================================================================================
     Statistics on the model parameters obtained from the posteriors samples     
====================================================================================================

----- dataset:  RVdata_expres
jitter_0              0.806888 
offset_0             10.161157 


----- dataset: RVdata_expres             ----- model: gp_multidimensional           
rot_amp               7.947881 
con_amp              -2.493348 

----- dataset:  RVdata_harps
jitter_0              1.200739 
offset_0             10.187728 
offset_1             11.382533 


----- dataset: RVdata_harps              ----- model: gp_multidimensional           
rot_amp               1.306164 
con_amp              -1.268125 

----- dataset:  RVdata_neid
jitter_0              1.176563 
offset_0             11.169389 


----- dataset: RVdata_neid               ----- model: gp_multidimensional           
rot_amp               4.079260 
con_amp              -1.749780 

----- dataset:  BISdata_expres
jitter_0              1.954422 
offset_0            -54.465934 


----- dataset: BISdata_expres            ----- model: gp_multidimensional           
rot_amp               1.817159 
con_amp              -0.115711 

----- dataset:  BISdata_harps
jitter_0              1.847012 
offset_0            -44.943623 
offset_1            -35.072003 


----- dataset: BISdata_harps             ----- model: gp_multidimensional           
rot_amp              -3.387228 
con_amp              -0.659363 

----- dataset:  BISdata_neid
jitter_0              1.249412 
offset_0            -46.524236 


----- dataset: BISdata_neid              ----- model: gp_multidimensional           
rot_amp              -3.498236 
con_amp              -0.568692 

----- dataset:  FWHMdata_expres
jitter_0              0.604029 
offset_0           6773.202388 


----- dataset: FWHMdata_expres           ----- model: gp_multidimensional           
rot_amp               4.652024 
con_amp               9.085081 

----- dataset:  FWHMdata_harps
jitter_0              0.299275 
offset_0           6916.968687 
offset_1           7173.229715 


----- dataset: FWHMdata_harps            ----- model: gp_multidimensional           
rot_amp               2.509245 
con_amp               1.491902 

----- dataset:  FWHMdata_neid
jitter_0              0.224874 
offset_0           6957.120761 


----- dataset: FWHMdata_neid             ----- model: gp_multidimensional           
rot_amp               4.843173 
con_amp              -0.268990 

----- dataset:  Contrastdata_expres
jitter_0            198.821834 
offset_0        -349441.608119 


----- dataset: Contrastdata_expres       ----- model: gp_multidimensional           
rot_amp              -9.056459 
con_amp              19.900325 

----- dataset:  Contrastdata_harps
jitter_0             52.613636 
offset_0        -453779.493181 
offset_1        -419780.516817 


----- dataset: Contrastdata_harps        ----- model: gp_multidimensional           
rot_amp              -3.241137 
con_amp               8.827034 

----- dataset:  Contrastdata_neid
jitter_0             38.283118 
offset_0        -359632.396667 


----- dataset: Contrastdata_neid         ----- model: gp_multidimensional           
rot_amp              -7.216940 
con_amp              -4.413804 

----- dataset:  Halphadata_expres
jitter_0              0.000055 
offset_0              0.172082 


----- dataset: Halphadata_expres         ----- model: gp_multidimensional           
rot_amp               0.001299 
con_amp              -0.000127 

----- dataset:  Halphadata_harps
jitter_0              0.000207 
offset_0              0.174738 
offset_1              0.173907 


----- dataset: Halphadata_harps          ----- model: gp_multidimensional           
rot_amp              -0.002490 
con_amp               0.000298 

----- dataset:  Halphadata_neid
jitter_0              0.000119 
offset_0              0.171100 


----- dataset: Halphadata_neid           ----- model: gp_multidimensional           
rot_amp              -0.000142 
con_amp              -0.000064 

----- dataset:  CaIIdata_expres
jitter_0              0.001819 
offset_0              0.099932 


----- dataset: CaIIdata_expres           ----- model: gp_multidimensional           
rot_amp               0.003278 
con_amp               0.000717 

----- dataset:  CaIIdata_harps
jitter_0              0.000584 
offset_0              0.104680 
offset_1              0.102925 


----- dataset: CaIIdata_harps            ----- model: gp_multidimensional           
rot_amp              -0.001112 
con_amp               0.000149 

----- dataset:  CaIIdata_neid
jitter_0              0.000149 
offset_0              0.098726 


----- dataset: CaIIdata_neid             ----- model: gp_multidimensional           
rot_amp              -0.000623 
con_amp               0.000365 

----- common model:  b
P                     4.542044 
K                     0.661563 
mean_long           175.367940 
e                     0.053545 
omega               -40.412687 

----- common model:  c
P                    49.986992 
K                     0.859785 
mean_long           258.844160 
e                     0.006971 
omega               174.254672 

----- common model:  activity
Prot                 28.087969 
Pdec                 30.121066 
Oamp                  0.429250 

----- common model:  star_parameters

====================================================================================================
     Statistics on the derived parameters obtained from the posteriors samples     
====================================================================================================

----- common model:  b
Inclination fixed to 90 deg!
a_Rs                 11.536763 
M_Mj                  0.005382 
M_Me                  1.710865 
Tc                59338.104662 
a_AU_(M)              0.053675 
a_AU_(rho,R)          0.053674 

----- common model:  c
Inclination fixed to 90 deg!
a_Rs                 57.080407 
M_Mj                  0.015580 
M_Me                  4.952803 
Tc                59361.352995 
a_AU_(M)              0.265567 
a_AU_(rho,R)          0.265565 


====================================================================================================
     ------------------------------------------------------------------------------------------     
====================================================================================================



****************************************************************************************************

Inclination fixed to 90 deg!
Inclination fixed to 90 deg!
Note: stellar density derived from stellar mass and radius

Inclination fixed to 90 deg!
Inclination fixed to 90 deg!
Inclination fixed to 90 deg!
Inclination fixed to 90 deg!
 Plot FLAT chain 

****************************************************************************************************

 Skipping full correlation plot due to the high number of parameters
 To avoid this behaviour, set the keyword parameters:force_full_correlation_plot to True

****************************************************************************************************

 Plotting the chains... 

****************************************************************************************************

 Plotting the Gelman-Rubin traces... 

     Gelman-Rubin:    13     1.139110 RVdata_expres_jitter_0 
     Gelman-Rubin:    14     1.412911 RVdata_expres_offset_0 
     Gelman-Rubin:    15     1.125826 RVdata_expres_gp_multidimensional_rot_amp 
     Gelman-Rubin:    16     1.056954 RVdata_expres_gp_multidimensional_con_amp 
     Gelman-Rubin:    17     1.155874 RVdata_harps_jitter_0 
     Gelman-Rubin:    18     1.376077 RVdata_harps_offset_0 
     Gelman-Rubin:    19     1.337058 RVdata_harps_offset_1 
     Gelman-Rubin:    20     1.126923 RVdata_harps_gp_multidimensional_rot_amp 
     Gelman-Rubin:    21     1.069345 RVdata_harps_gp_multidimensional_con_amp 
     Gelman-Rubin:    22     1.133502 RVdata_neid_jitter_0 
     Gelman-Rubin:    23     1.381503 RVdata_neid_offset_0 
     Gelman-Rubin:    24     1.170687 RVdata_neid_gp_multidimensional_rot_amp 
     Gelman-Rubin:    25     1.061721 RVdata_neid_gp_multidimensional_con_amp 
     Gelman-Rubin:    26     1.126650 BISdata_expres_jitter_0 
     Gelman-Rubin:    27     1.329601 BISdata_expres_offset_0 
     Gelman-Rubin:    28     1.149039 BISdata_expres_gp_multidimensional_rot_amp 
     Gelman-Rubin:    29     1.123356 BISdata_expres_gp_multidimensional_con_amp 
     Gelman-Rubin:    30     1.138704 BISdata_harps_jitter_0 
     Gelman-Rubin:    31     1.235074 BISdata_harps_offset_0 
     Gelman-Rubin:    32     1.194576 BISdata_harps_offset_1 
     Gelman-Rubin:    33     1.186715 BISdata_harps_gp_multidimensional_rot_amp 
     Gelman-Rubin:    34     1.199390 BISdata_harps_gp_multidimensional_con_amp 
     Gelman-Rubin:    35     1.132140 BISdata_neid_jitter_0 
     Gelman-Rubin:    36     1.189279 BISdata_neid_offset_0 
     Gelman-Rubin:    37     1.142718 BISdata_neid_gp_multidimensional_rot_amp 
     Gelman-Rubin:    38     1.193998 BISdata_neid_gp_multidimensional_con_amp 
     Gelman-Rubin:    39     1.122471 FWHMdata_expres_jitter_0 
     Gelman-Rubin:    40     1.484624 FWHMdata_expres_offset_0 
     Gelman-Rubin:    41     1.153636 FWHMdata_expres_gp_multidimensional_rot_amp 
     Gelman-Rubin:    42     1.055564 FWHMdata_expres_gp_multidimensional_con_amp 
     Gelman-Rubin:    43     1.135992 FWHMdata_harps_jitter_0 
     Gelman-Rubin:    44     1.218100 FWHMdata_harps_offset_0 
     Gelman-Rubin:    45     1.157651 FWHMdata_harps_offset_1 
     Gelman-Rubin:    46     1.151472 FWHMdata_harps_gp_multidimensional_rot_amp 
     Gelman-Rubin:    47     1.167871 FWHMdata_harps_gp_multidimensional_con_amp 
     Gelman-Rubin:    48     1.128632 FWHMdata_neid_jitter_0 
     Gelman-Rubin:    49     1.185644 FWHMdata_neid_offset_0 
     Gelman-Rubin:    50     1.142614 FWHMdata_neid_gp_multidimensional_rot_amp 
     Gelman-Rubin:    51     1.196160 FWHMdata_neid_gp_multidimensional_con_amp 
     Gelman-Rubin:    52     1.113666 Contrastdata_expres_jitter_0 
     Gelman-Rubin:    53     1.157495 Contrastdata_expres_offset_0 
     Gelman-Rubin:    54     1.092484 Contrastdata_expres_gp_multidimensional_rot_amp 
     Gelman-Rubin:    55     1.080269 Contrastdata_expres_gp_multidimensional_con_amp 
     Gelman-Rubin:    56     1.140675 Contrastdata_harps_jitter_0 
     Gelman-Rubin:    57     1.138209 Contrastdata_harps_offset_0 
     Gelman-Rubin:    58     1.128108 Contrastdata_harps_offset_1 
     Gelman-Rubin:    59     1.091160 Contrastdata_harps_gp_multidimensional_rot_amp 
     Gelman-Rubin:    60     1.135758 Contrastdata_harps_gp_multidimensional_con_amp 
     Gelman-Rubin:    61     1.126037 Contrastdata_neid_jitter_0 
     Gelman-Rubin:    62     1.134910 Contrastdata_neid_offset_0 
     Gelman-Rubin:    63     1.091568 Contrastdata_neid_gp_multidimensional_rot_amp 
     Gelman-Rubin:    64     1.152211 Contrastdata_neid_gp_multidimensional_con_amp 
     Gelman-Rubin:    65     1.122522 Halphadata_expres_jitter_0 
     Gelman-Rubin:    66     1.178740 Halphadata_expres_offset_0 
     Gelman-Rubin:    67     1.148519 Halphadata_expres_gp_multidimensional_rot_amp 
     Gelman-Rubin:    68     1.190376 Halphadata_expres_gp_multidimensional_con_amp 
     Gelman-Rubin:    69     1.107341 Halphadata_harps_jitter_0 
     Gelman-Rubin:    70     1.206432 Halphadata_harps_offset_0 
     Gelman-Rubin:    71     1.192626 Halphadata_harps_offset_1 
     Gelman-Rubin:    72     1.084250 Halphadata_harps_gp_multidimensional_rot_amp 
     Gelman-Rubin:    73     1.164010 Halphadata_harps_gp_multidimensional_con_amp 
     Gelman-Rubin:    74     1.130217 Halphadata_neid_jitter_0 
     Gelman-Rubin:    75     1.198743 Halphadata_neid_offset_0 
     Gelman-Rubin:    76     1.159963 Halphadata_neid_gp_multidimensional_rot_amp 
     Gelman-Rubin:    77     1.185068 Halphadata_neid_gp_multidimensional_con_amp 
     Gelman-Rubin:    78     1.138239 CaIIdata_expres_jitter_0 
     Gelman-Rubin:    79     1.231663 CaIIdata_expres_offset_0 
     Gelman-Rubin:    80     1.148173 CaIIdata_expres_gp_multidimensional_rot_amp 
     Gelman-Rubin:    81     1.174689 CaIIdata_expres_gp_multidimensional_con_amp 
     Gelman-Rubin:    82     1.117790 CaIIdata_harps_jitter_0 
     Gelman-Rubin:    83     1.205407 CaIIdata_harps_offset_0 
     Gelman-Rubin:    84     1.155407 CaIIdata_harps_offset_1 
     Gelman-Rubin:    85     1.174320 CaIIdata_harps_gp_multidimensional_rot_amp 
     Gelman-Rubin:    86     1.188226 CaIIdata_harps_gp_multidimensional_con_amp 
     Gelman-Rubin:    87     1.134788 CaIIdata_neid_jitter_0 
     Gelman-Rubin:    88     1.180158 CaIIdata_neid_offset_0 
     Gelman-Rubin:    89     1.146369 CaIIdata_neid_gp_multidimensional_rot_amp 
     Gelman-Rubin:    90     1.177056 CaIIdata_neid_gp_multidimensional_con_amp 
     Gelman-Rubin:     0     1.231739 b_P 
     Gelman-Rubin:     1     1.251325 b_K 
     Gelman-Rubin:     2     1.143596 b_sre_coso 
     Gelman-Rubin:     3     1.132704 b_sre_sino 
     Gelman-Rubin:     4     1.190902 b_mean_long 
     Gelman-Rubin:     5     1.189603 c_P 
     Gelman-Rubin:     6     1.166453 c_K 
     Gelman-Rubin:     7     1.114459 c_sre_coso 
     Gelman-Rubin:     8     1.142557 c_sre_sino 
     Gelman-Rubin:     9     1.187116 c_mean_long 
     Gelman-Rubin:    10     1.134582 activity_Prot 
     Gelman-Rubin:    11     1.070890 activity_Pdec 
     Gelman-Rubin:    12     1.125543 activity_Oamp 

****************************************************************************************************

Plotting the common models corner plots
     Common model:  b
     Common model:  c
     Common model:  activity
     Common model:  star_parameters

****************************************************************************************************

Plotting the dataset + models corner plots 

     Dataset:  RVdata_expres     model:  gp_multidimensional  corner plot  starting 
     Dataset:  RVdata_expres     model:  gp_multidimensional  corner plot  done 
     Dataset:  RVdata_expres     model:  radial_velocities_b  corner plot  starting 
     Dataset:  RVdata_expres     model:  radial_velocities_b  corner plot  done 
     Dataset:  RVdata_expres     model:  radial_velocities_c  corner plot  starting 
     Dataset:  RVdata_expres     model:  radial_velocities_c  corner plot  done 
     Dataset:  RVdata_harps     model:  gp_multidimensional  corner plot  starting 
     Dataset:  RVdata_harps     model:  gp_multidimensional  corner plot  done 
     Dataset:  RVdata_harps     model:  radial_velocities_b  corner plot  starting 
     Dataset:  RVdata_harps     model:  radial_velocities_b  corner plot  done 
     Dataset:  RVdata_harps     model:  radial_velocities_c  corner plot  starting 
     Dataset:  RVdata_harps     model:  radial_velocities_c  corner plot  done 
     Dataset:  RVdata_neid     model:  gp_multidimensional  corner plot  starting 
     Dataset:  RVdata_neid     model:  gp_multidimensional  corner plot  done 
     Dataset:  RVdata_neid     model:  radial_velocities_b  corner plot  starting 
     Dataset:  RVdata_neid     model:  radial_velocities_b  corner plot  done 
     Dataset:  RVdata_neid     model:  radial_velocities_c  corner plot  starting 
     Dataset:  RVdata_neid     model:  radial_velocities_c  corner plot  done 
     Dataset:  BISdata_expres     model:  gp_multidimensional  corner plot  starting 
     Dataset:  BISdata_expres     model:  gp_multidimensional  corner plot  done 
     Dataset:  BISdata_harps     model:  gp_multidimensional  corner plot  starting 
     Dataset:  BISdata_harps     model:  gp_multidimensional  corner plot  done 
     Dataset:  BISdata_neid     model:  gp_multidimensional  corner plot  starting 
     Dataset:  BISdata_neid     model:  gp_multidimensional  corner plot  done 
     Dataset:  FWHMdata_expres     model:  gp_multidimensional  corner plot  starting 
     Dataset:  FWHMdata_expres     model:  gp_multidimensional  corner plot  done 
     Dataset:  FWHMdata_harps     model:  gp_multidimensional  corner plot  starting 
     Dataset:  FWHMdata_harps     model:  gp_multidimensional  corner plot  done 
     Dataset:  FWHMdata_neid     model:  gp_multidimensional  corner plot  starting 
     Dataset:  FWHMdata_neid     model:  gp_multidimensional  corner plot  done 
     Dataset:  Contrastdata_expres     model:  gp_multidimensional  corner plot  starting 
     Dataset:  Contrastdata_expres     model:  gp_multidimensional  corner plot  done 
     Dataset:  Contrastdata_harps     model:  gp_multidimensional  corner plot  starting 
     Dataset:  Contrastdata_harps     model:  gp_multidimensional  corner plot  done 
     Dataset:  Contrastdata_neid     model:  gp_multidimensional  corner plot  starting 
     Dataset:  Contrastdata_neid     model:  gp_multidimensional  corner plot  done 
     Dataset:  Halphadata_expres     model:  gp_multidimensional  corner plot  starting 
     Dataset:  Halphadata_expres     model:  gp_multidimensional  corner plot  done 
     Dataset:  Halphadata_harps     model:  gp_multidimensional  corner plot  starting 
     Dataset:  Halphadata_harps     model:  gp_multidimensional  corner plot  done 
     Dataset:  Halphadata_neid     model:  gp_multidimensional  corner plot  starting 
     Dataset:  Halphadata_neid     model:  gp_multidimensional  corner plot  done 
     Dataset:  CaIIdata_expres     model:  gp_multidimensional  corner plot  starting 
     Dataset:  CaIIdata_expres     model:  gp_multidimensional  corner plot  done 
     Dataset:  CaIIdata_harps     model:  gp_multidimensional  corner plot  starting 
     Dataset:  CaIIdata_harps     model:  gp_multidimensional  corner plot  done 
     Dataset:  CaIIdata_neid     model:  gp_multidimensional  corner plot  starting 
     Dataset:  CaIIdata_neid     model:  gp_multidimensional  corner plot  done 

****************************************************************************************************

 Saving the planet parameter samplings to files (with plots)

****************************************************************************************************

 Saving all the parameter samplings to files (with plots)

****************************************************************************************************

 Computing the models for plot/data writing 
     Splitting the plot array to allow GP prediction of extended datasets, it may take a while...
     # 21 chunks of 75 times each
     Check the documentation if the code is taking too long or if it crashes...
     Splitting the plot array to allow GP prediction of extended datasets, it may take a while...
     # 21 chunks of 75 times each
     Check the documentation if the code is taking too long or if it crashes...
     Splitting the plot array to allow GP prediction of extended datasets, it may take a while...
     # 21 chunks of 75 times each
     Check the documentation if the code is taking too long or if it crashes...
     Splitting the plot array to allow GP prediction of extended datasets, it may take a while...
     # 17 chunks of 75 times each
     Check the documentation if the code is taking too long or if it crashes...
     Splitting the plot array to allow GP prediction of extended datasets, it may take a while...
     # 17 chunks of 75 times each
     Check the documentation if the code is taking too long or if it crashes...
     Splitting the plot array to allow GP prediction of extended datasets, it may take a while...
     # 13 chunks of 75 times each
     Check the documentation if the code is taking too long or if it crashes...
     Splitting the plot array to allow GP prediction of extended datasets, it may take a while...
     # 17 chunks of 75 times each
     Check the documentation if the code is taking too long or if it crashes...
     Splitting the plot array to allow GP prediction of extended datasets, it may take a while...
     # 17 chunks of 75 times each
     Check the documentation if the code is taking too long or if it crashes...
     Splitting the plot array to allow GP prediction of extended datasets, it may take a while...
     # 13 chunks of 75 times each
     Check the documentation if the code is taking too long or if it crashes...
     Splitting the plot array to allow GP prediction of extended datasets, it may take a while...
     # 17 chunks of 75 times each
     Check the documentation if the code is taking too long or if it crashes...
     Splitting the plot array to allow GP prediction of extended datasets, it may take a while...
     # 17 chunks of 75 times each
     Check the documentation if the code is taking too long or if it crashes...
     Splitting the plot array to allow GP prediction of extended datasets, it may take a while...
     # 13 chunks of 75 times each
     Check the documentation if the code is taking too long or if it crashes...
     Splitting the plot array to allow GP prediction of extended datasets, it may take a while...
     # 17 chunks of 75 times each
     Check the documentation if the code is taking too long or if it crashes...
     Splitting the plot array to allow GP prediction of extended datasets, it may take a while...
     # 17 chunks of 75 times each
     Check the documentation if the code is taking too long or if it crashes...
     Splitting the plot array to allow GP prediction of extended datasets, it may take a while...
     # 13 chunks of 75 times each
     Check the documentation if the code is taking too long or if it crashes...
     Splitting the plot array to allow GP prediction of extended datasets, it may take a while...
     # 17 chunks of 75 times each
     Check the documentation if the code is taking too long or if it crashes...
     Splitting the plot array to allow GP prediction of extended datasets, it may take a while...
     # 17 chunks of 75 times each
     Check the documentation if the code is taking too long or if it crashes...
     Splitting the plot array to allow GP prediction of extended datasets, it may take a while...
     # 13 chunks of 75 times each
     Check the documentation if the code is taking too long or if it crashes...
     Splitting the plot array to allow GP prediction of extended datasets, it may take a while...
     # 21 chunks of 75 times each
     Check the documentation if the code is taking too long or if it crashes...
     Splitting the plot array to allow GP prediction of extended datasets, it may take a while...
     # 21 chunks of 75 times each
     Check the documentation if the code is taking too long or if it crashes...
     Splitting the plot array to allow GP prediction of extended datasets, it may take a while...
     # 21 chunks of 75 times each
     Check the documentation if the code is taking too long or if it crashes...
     Splitting the plot array to allow GP prediction of extended datasets, it may take a while...
     # 17 chunks of 75 times each
     Check the documentation if the code is taking too long or if it crashes...
     Splitting the plot array to allow GP prediction of extended datasets, it may take a while...
     # 17 chunks of 75 times each
     Check the documentation if the code is taking too long or if it crashes...
     Splitting the plot array to allow GP prediction of extended datasets, it may take a while...
     # 13 chunks of 75 times each
     Check the documentation if the code is taking too long or if it crashes...
     Splitting the plot array to allow GP prediction of extended datasets, it may take a while...
     # 17 chunks of 75 times each
     Check the documentation if the code is taking too long or if it crashes...
     Splitting the plot array to allow GP prediction of extended datasets, it may take a while...
     # 17 chunks of 75 times each
     Check the documentation if the code is taking too long or if it crashes...
     Splitting the plot array to allow GP prediction of extended datasets, it may take a while...
     # 13 chunks of 75 times each
     Check the documentation if the code is taking too long or if it crashes...
     Splitting the plot array to allow GP prediction of extended datasets, it may take a while...
     # 17 chunks of 75 times each
     Check the documentation if the code is taking too long or if it crashes...
     Splitting the plot array to allow GP prediction of extended datasets, it may take a while...
     # 17 chunks of 75 times each
     Check the documentation if the code is taking too long or if it crashes...
     Splitting the plot array to allow GP prediction of extended datasets, it may take a while...
     # 13 chunks of 75 times each
     Check the documentation if the code is taking too long or if it crashes...
     Splitting the plot array to allow GP prediction of extended datasets, it may take a while...
     # 17 chunks of 75 times each
     Check the documentation if the code is taking too long or if it crashes...
     Splitting the plot array to allow GP prediction of extended datasets, it may take a while...
     # 17 chunks of 75 times each
     Check the documentation if the code is taking too long or if it crashes...
     Splitting the plot array to allow GP prediction of extended datasets, it may take a while...
     # 13 chunks of 75 times each
     Check the documentation if the code is taking too long or if it crashes...
     Splitting the plot array to allow GP prediction of extended datasets, it may take a while...
     # 17 chunks of 75 times each
     Check the documentation if the code is taking too long or if it crashes...
     Splitting the plot array to allow GP prediction of extended datasets, it may take a while...
     # 17 chunks of 75 times each
     Check the documentation if the code is taking too long or if it crashes...
     Splitting the plot array to allow GP prediction of extended datasets, it may take a while...
     # 13 chunks of 75 times each
     Check the documentation if the code is taking too long or if it crashes...
     Splitting the plot array to allow GP prediction of extended datasets, it may take a while...
     # 21 chunks of 75 times each
     Check the documentation if the code is taking too long or if it crashes...
     Splitting the plot array to allow GP prediction of extended datasets, it may take a while...
     # 21 chunks of 75 times each
     Check the documentation if the code is taking too long or if it crashes...
     Splitting the plot array to allow GP prediction of extended datasets, it may take a while...
     # 21 chunks of 75 times each
     Check the documentation if the code is taking too long or if it crashes...
     Splitting the plot array to allow GP prediction of extended datasets, it may take a while...
     # 17 chunks of 75 times each
     Check the documentation if the code is taking too long or if it crashes...
     Splitting the plot array to allow GP prediction of extended datasets, it may take a while...
     # 17 chunks of 75 times each
     Check the documentation if the code is taking too long or if it crashes...
     Splitting the plot array to allow GP prediction of extended datasets, it may take a while...
     # 13 chunks of 75 times each
     Check the documentation if the code is taking too long or if it crashes...
     Splitting the plot array to allow GP prediction of extended datasets, it may take a while...
     # 17 chunks of 75 times each
     Check the documentation if the code is taking too long or if it crashes...
     Splitting the plot array to allow GP prediction of extended datasets, it may take a while...
     # 17 chunks of 75 times each
     Check the documentation if the code is taking too long or if it crashes...
     Splitting the plot array to allow GP prediction of extended datasets, it may take a while...
     # 13 chunks of 75 times each
     Check the documentation if the code is taking too long or if it crashes...
     Splitting the plot array to allow GP prediction of extended datasets, it may take a while...
     # 17 chunks of 75 times each
     Check the documentation if the code is taking too long or if it crashes...
     Splitting the plot array to allow GP prediction of extended datasets, it may take a while...
     # 17 chunks of 75 times each
     Check the documentation if the code is taking too long or if it crashes...
     Splitting the plot array to allow GP prediction of extended datasets, it may take a while...
     # 13 chunks of 75 times each
     Check the documentation if the code is taking too long or if it crashes...
     Splitting the plot array to allow GP prediction of extended datasets, it may take a while...
     # 17 chunks of 75 times each
     Check the documentation if the code is taking too long or if it crashes...
     Splitting the plot array to allow GP prediction of extended datasets, it may take a while...
     # 17 chunks of 75 times each
     Check the documentation if the code is taking too long or if it crashes...
     Splitting the plot array to allow GP prediction of extended datasets, it may take a while...
     # 13 chunks of 75 times each
     Check the documentation if the code is taking too long or if it crashes...
     Splitting the plot array to allow GP prediction of extended datasets, it may take a while...
     # 17 chunks of 75 times each
     Check the documentation if the code is taking too long or if it crashes...
     Splitting the plot array to allow GP prediction of extended datasets, it may take a while...
     # 17 chunks of 75 times each
     Check the documentation if the code is taking too long or if it crashes...
     Splitting the plot array to allow GP prediction of extended datasets, it may take a while...
     # 13 chunks of 75 times each
     Check the documentation if the code is taking too long or if it crashes...
 Writing the plots 
 Writing the   data files 
 Writing the  MAP_ data files 
 Writing the  sampleMED_ data files 

****************************************************************************************************

