
:::---::: PyORBIT v11.0.1 :::---:::

Python version in use:
3.10.18 (main, Jun  5 2025, 13:14:17) [GCC 11.2.0]

reloaded_optimize:  False
reloaded_pyde:  False
reloaded_emcee:  False

number of multiprocessing threads: 16
multiprocessing method (should be fork):  fork

parameters/safe_reload flag (must be True for tinygp):  False

Opening:  RVdata_expres
Opening:  RVdata_harps
Opening:  RVdata_neid
Opening:  FWHMdata_expres
Opening:  FWHMdata_harps
Opening:  FWHMdata_neid
Opening:  Contrastdata_expres
Opening:  Contrastdata_harps
Opening:  Contrastdata_neid

gp_multidimensional  S+LEAF model, number of harmonics: 4

GP model: gp_multidimensional  hyperparameters_condition:    True
GP model: gp_multidimensional  rotation_decay_condition:     True

====================================================================================================
     Ids, spaces (s), boundaries (b) and priors (p) of the sampler parameters     
====================================================================================================

----- dataset:  RVdata_expres
jitter_0      id:   3  s:Linear      b:[      0.0010,      11.5000]   p:Uniform   []
offset_0      id:   4  s:Linear      b:[  -9995.9140,   10012.9990]   p:Uniform   []

----- dataset: RVdata_expres             ----- model: gp_multidimensional           
rot_amp       id:   5  s:Linear      b:[      0.0000,      10.0000]   p:Uniform   []
con_amp       id:   6  s:Linear      b:[    -20.0000,      20.0000]   p:Uniform   []

----- dataset:  RVdata_harps
jitter_0      id:   7  s:Linear      b:[      0.0009,      13.3000]   p:Uniform   []
offset_0      id:   8  s:Linear      b:[  -9995.5653,   10012.9467]   p:Uniform   []
offset_1      id:   9  s:Linear      b:[  -9995.5653,   10012.9467]   p:Uniform   []

----- dataset: RVdata_harps              ----- model: gp_multidimensional           
rot_amp       id:  10  s:Linear      b:[      0.0000,      10.0000]   p:Uniform   []
con_amp       id:  11  s:Linear      b:[    -20.0000,      20.0000]   p:Uniform   []

----- dataset:  RVdata_neid
jitter_0      id:  12  s:Linear      b:[      0.0010,      12.3000]   p:Uniform   []
offset_0      id:  13  s:Linear      b:[  -9995.1596,   10013.5484]   p:Uniform   []

----- dataset: RVdata_neid               ----- model: gp_multidimensional           
rot_amp       id:  14  s:Linear      b:[      0.0000,      10.0000]   p:Uniform   []
con_amp       id:  15  s:Linear      b:[    -20.0000,      20.0000]   p:Uniform   []

----- dataset:  FWHMdata_expres
jitter_0      id:  16  s:Linear      b:[      0.0500,     500.0000]   p:Uniform   []
offset_0      id:  17  s:Linear      b:[  -3234.0142,   16790.0582]   p:Uniform   []

----- dataset: FWHMdata_expres           ----- model: gp_multidimensional           
rot_amp       id:  18  s:Linear      b:[    -10.0000,      10.0000]   p:Uniform   []
con_amp       id:  19  s:Linear      b:[    -20.0000,      20.0000]   p:Uniform   []

----- dataset:  FWHMdata_harps
jitter_0      id:  20  s:Linear      b:[      0.0500,     500.0000]   p:Uniform   []
offset_0      id:  21  s:Linear      b:[  -3088.2842,   17176.5968]   p:Uniform   []
offset_1      id:  22  s:Linear      b:[  -3088.2842,   17176.5968]   p:Uniform   []

----- dataset: FWHMdata_harps            ----- model: gp_multidimensional           
rot_amp       id:  23  s:Linear      b:[    -10.0000,      10.0000]   p:Uniform   []
con_amp       id:  24  s:Linear      b:[    -20.0000,      20.0000]   p:Uniform   []

----- dataset:  FWHMdata_neid
jitter_0      id:  25  s:Linear      b:[      0.0500,     500.0000]   p:Uniform   []
offset_0      id:  26  s:Linear      b:[  -3049.1752,   16962.7399]   p:Uniform   []

----- dataset: FWHMdata_neid             ----- model: gp_multidimensional           
rot_amp       id:  27  s:Linear      b:[    -10.0000,      10.0000]   p:Uniform   []
con_amp       id:  28  s:Linear      b:[    -20.0000,      20.0000]   p:Uniform   []

----- dataset:  Contrastdata_expres
jitter_0      id:  29  s:Linear      b:[      1.3000,   13000.0000]   p:Uniform   []
offset_0      id:  30  s:Linear      b:[-359920.1893, -338925.2732]   p:Uniform   []

----- dataset: Contrastdata_expres       ----- model: gp_multidimensional           
rot_amp       id:  31  s:Linear      b:[    -10.0000,      10.0000]   p:Uniform   []
con_amp       id:  32  s:Linear      b:[    -20.0000,      20.0000]   p:Uniform   []

----- dataset:  Contrastdata_harps
jitter_0      id:  33  s:Linear      b:[      1.3000,   13000.0000]   p:Uniform   []
offset_0      id:  34  s:Linear      b:[-464133.1886, -409473.9147]   p:Uniform   []
offset_1      id:  35  s:Linear      b:[-464133.1886, -409473.9147]   p:Uniform   []

----- dataset: Contrastdata_harps        ----- model: gp_multidimensional           
rot_amp       id:  36  s:Linear      b:[    -10.0000,      10.0000]   p:Uniform   []
con_amp       id:  37  s:Linear      b:[    -20.0000,      20.0000]   p:Uniform   []

----- dataset:  Contrastdata_neid
jitter_0      id:  38  s:Linear      b:[      1.3000,   13000.0000]   p:Uniform   []
offset_0      id:  39  s:Linear      b:[-369875.7064, -349206.4584]   p:Uniform   []

----- dataset: Contrastdata_neid         ----- model: gp_multidimensional           
rot_amp       id:  40  s:Linear      b:[    -10.0000,      10.0000]   p:Uniform   []
con_amp       id:  41  s:Linear      b:[    -20.0000,      20.0000]   p:Uniform   []

----- common model:  activity
Prot          id:   0  s:Linear      b:[     20.0000,      35.0000]   p:Gaussian   [28.   0.5]
Pdec          id:   1  s:Linear      b:[     30.0000,    1000.0000]   p:Uniform   []
Oamp          id:   2  s:Log_Base2   b:[     -6.6439,       0.0000]   p:Gaussian   [0.35  0.035]

----- common model:  star_parameters
mass          derived (no id, space, bound)                           p:Gaussian   [1.e+00 1.e-06]
radius        derived (no id, space, bound)                           p:Gaussian   [1.e+00 1.e-06]
density       derived (no id, space, bound)                           p:Gaussian   [1.e+00 1.e-06]

Include priors:  True

Reference Time Tref:  59334.700184

Dimensions =  42
Nwalkers =  168

Using threading pool for PyDE: True
PyDE running
Boundaries redefined after PyDE output
PyDE completed, it took         73.3 seconds

====================================================================================================
     Starting point of the sample/optimization routines    
====================================================================================================

----- dataset:  RVdata_expres
jitter_0         3      1.238714 [    0.0010,    11.5000]
offset_0         4      8.874028 [-9995.9140, 10012.9990]

----- dataset: RVdata_expres             ----- model: gp_multidimensional           
rot_amp          5      5.769671 [    0.0000,    10.0000]
con_amp          6      0.764456 [  -20.0000,    20.0000]

----- dataset:  RVdata_harps
jitter_0         7      1.399818 [    0.0009,    13.3000]
offset_0         8      9.307930 [-9995.5653, 10012.9467]
offset_1         9      9.883203 [-9995.5653, 10012.9467]

----- dataset: RVdata_harps              ----- model: gp_multidimensional           
rot_amp         10      4.673537 [    0.0000,    10.0000]
con_amp         11     -0.873728 [  -20.0000,    20.0000]

----- dataset:  RVdata_neid
jitter_0        12      1.610585 [    0.0010,    12.3000]
offset_0        13      9.778645 [-9995.1596, 10013.5484]

----- dataset: RVdata_neid               ----- model: gp_multidimensional           
rot_amp         14      3.996670 [    0.0000,    10.0000]
con_amp         15      0.479598 [  -20.0000,    20.0000]

----- dataset:  FWHMdata_expres
jitter_0        16      0.059738 [    0.0500,   500.0000]
offset_0        17   6776.562768 [-3234.0142, 16790.0582]

----- dataset: FWHMdata_expres           ----- model: gp_multidimensional           
rot_amp         18     -5.391737 [  -10.0000,    10.0000]
con_amp         19     -1.433049 [  -20.0000,    20.0000]

----- dataset:  FWHMdata_harps
jitter_0        20      0.054319 [    0.0500,   500.0000]
offset_0        21   6917.268433 [-3088.2842, 17176.5968]
offset_1        22   7172.862855 [-3088.2842, 17176.5968]

----- dataset: FWHMdata_harps            ----- model: gp_multidimensional           
rot_amp         23      2.519149 [  -10.0000,    10.0000]
con_amp         24     -0.088977 [  -20.0000,    20.0000]

----- dataset:  FWHMdata_neid
jitter_0        25      0.056303 [    0.0500,   500.0000]
offset_0        26   6956.465519 [-3049.1752, 16962.7399]

----- dataset: FWHMdata_neid             ----- model: gp_multidimensional           
rot_amp         27     -1.237891 [  -10.0000,    10.0000]
con_amp         28      0.033418 [  -20.0000,    20.0000]

----- dataset:  Contrastdata_expres
jitter_0        29    148.421514 [    1.3000, 13000.0000]
offset_0        30  -349531.732365 [-359920.1893, -338925.2732]

----- dataset: Contrastdata_expres       ----- model: gp_multidimensional           
rot_amp         31     -9.921472 [  -10.0000,    10.0000]
con_amp         32    -19.994892 [  -20.0000,    20.0000]

----- dataset:  Contrastdata_harps
jitter_0        33    110.770445 [    1.3000, 13000.0000]
offset_0        34  -453774.017034 [-464133.1886, -409473.9147]
offset_1        35  -419726.125991 [-464133.1886, -409473.9147]

----- dataset: Contrastdata_harps        ----- model: gp_multidimensional           
rot_amp         36     -9.956688 [  -10.0000,    10.0000]
con_amp         37     19.984523 [  -20.0000,    20.0000]

----- dataset:  Contrastdata_neid
jitter_0        38     17.475304 [    1.3000, 13000.0000]
offset_0        39  -359613.727712 [-369875.7064, -349206.4584]

----- dataset: Contrastdata_neid         ----- model: gp_multidimensional           
rot_amp         40     -9.953109 [  -10.0000,    10.0000]
con_amp         41     11.910862 [  -20.0000,    20.0000]

----- common model:  activity
Prot             0     26.962752 [   20.0000,    35.0000]
Pdec             1     30.004798 [   30.0000,  1000.0000]
Oamp             2     -1.572916 [   -6.6439,     0.0000]

----- common model:  star_parameters

====================================================================================================
     Starting point projected onto the model parameter space     
====================================================================================================

----- dataset:  RVdata_expres
jitter_0              1.238714 
offset_0              8.874028 


----- dataset: RVdata_expres             ----- model: gp_multidimensional           
rot_amp               5.769671 
con_amp               0.764456 

----- dataset:  RVdata_harps
jitter_0              1.399818 
offset_0              9.307930 
offset_1              9.883203 


----- dataset: RVdata_harps              ----- model: gp_multidimensional           
rot_amp               4.673537 
con_amp              -0.873728 

----- dataset:  RVdata_neid
jitter_0              1.610585 
offset_0              9.778645 


----- dataset: RVdata_neid               ----- model: gp_multidimensional           
rot_amp               3.996670 
con_amp               0.479598 

----- dataset:  FWHMdata_expres
jitter_0              0.059738 
offset_0           6776.562768 


----- dataset: FWHMdata_expres           ----- model: gp_multidimensional           
rot_amp              -5.391737 
con_amp              -1.433049 

----- dataset:  FWHMdata_harps
jitter_0              0.054319 
offset_0           6917.268433 
offset_1           7172.862855 


----- dataset: FWHMdata_harps            ----- model: gp_multidimensional           
rot_amp               2.519149 
con_amp              -0.088977 

----- dataset:  FWHMdata_neid
jitter_0              0.056303 
offset_0           6956.465519 


----- dataset: FWHMdata_neid             ----- model: gp_multidimensional           
rot_amp              -1.237891 
con_amp               0.033418 

----- dataset:  Contrastdata_expres
jitter_0            148.421514 
offset_0        -349531.732365 


----- dataset: Contrastdata_expres       ----- model: gp_multidimensional           
rot_amp              -9.921472 
con_amp             -19.994892 

----- dataset:  Contrastdata_harps
jitter_0            110.770445 
offset_0        -453774.017034 
offset_1        -419726.125991 


----- dataset: Contrastdata_harps        ----- model: gp_multidimensional           
rot_amp              -9.956688 
con_amp              19.984523 

----- dataset:  Contrastdata_neid
jitter_0             17.475304 
offset_0        -359613.727712 


----- dataset: Contrastdata_neid         ----- model: gp_multidimensional           
rot_amp              -9.953109 
con_amp              11.910862 

----- common model:  activity
Prot                 26.962752 
Pdec                 30.004798 
Oamp                  0.336128 

----- common model:  star_parameters

====================================================================================================
     Derived parameters obtained from starting point     
====================================================================================================


====================================================================================================
     Statistics on the log-likelihood     
====================================================================================================

 LN probability: -3439.347947 

====================================================================================================
     ------------------------------------------------------------------------------------------     
====================================================================================================



*************************************************************

Running emcee

emcee version:  3.1.6
Using threading pool for emcee: True

Saving temporary steps


Computing the autocorrelation time of the chains

***** WARNING ******
The integrated autocorrelation time cannot be reliably estimated
likely the chains are too short, and ACF analysis is not fully reliable
emcee.autocorr.integrated_time tolerance lowered to 20
If you still get a warning, you should drop these results entirely
Chains too short to apply convergence criteria
They should be at least 550*nthin = 82500

====================================================================================================
     Statistics on the posterior of the sampler parameters     
====================================================================================================

----- dataset:  RVdata_expres
jitter_0         3          1.26        -0.11         0.13   (15-84 p)   [    0.0010,    11.5000]
offset_0         4          8.91        -0.53         0.55   (15-84 p)   [-9995.9140, 10012.9990]

----- dataset: RVdata_expres             ----- model: gp_multidimensional           
rot_amp          5           8.2         -1.5          1.2   (15-84 p)   [    0.0000,    10.0000]
con_amp          6          1.12        -0.36         0.48   (15-84 p)   [  -20.0000,    20.0000]

----- dataset:  RVdata_harps
jitter_0         7          1.44        -0.12         0.13   (15-84 p)   [    0.0009,    13.3000]
offset_0         8          9.29        -0.64         0.60   (15-84 p)   [-9995.5653, 10012.9467]
offset_1         9          9.87        -0.70         0.74   (15-84 p)   [-9995.5653, 10012.9467]

----- dataset: RVdata_harps              ----- model: gp_multidimensional           
rot_amp         10           6.9         -1.6          1.6   (15-84 p)   [    0.0000,    10.0000]
con_amp         11         -1.32        -0.51         0.41   (15-84 p)   [  -20.0000,    20.0000]

----- dataset:  RVdata_neid
jitter_0        12          1.63        -0.13         0.15   (15-84 p)   [    0.0010,    12.3000]
offset_0        13          9.80        -0.39         0.43   (15-84 p)   [-9995.1596, 10013.5484]

----- dataset: RVdata_neid               ----- model: gp_multidimensional           
rot_amp         14           5.7         -1.3          1.6   (15-84 p)   [    0.0000,    10.0000]
con_amp         15          0.78        -0.39         0.49   (15-84 p)   [  -20.0000,    20.0000]

----- dataset:  FWHMdata_expres
jitter_0        16          0.63        -0.41         0.64   (15-84 p)   [    0.0500,   500.0000]
offset_0        17        6776.5         -1.2          1.1   (15-84 p)   [-3234.0142, 16790.0582]

----- dataset: FWHMdata_expres           ----- model: gp_multidimensional           
rot_amp         18          -5.8         -2.7          3.3   (15-84 p)   [  -10.0000,    10.0000]
con_amp         19          -2.3         -1.2          1.1   (15-84 p)   [  -20.0000,    20.0000]

----- dataset:  FWHMdata_harps
jitter_0        20          0.42        -0.26         0.37   (15-84 p)   [    0.0500,   500.0000]
offset_0        21       6917.27        -0.70         0.67   (15-84 p)   [-3088.2842, 17176.5968]
offset_1        22        7173.0         -1.2          1.2   (15-84 p)   [-3088.2842, 17176.5968]

----- dataset: FWHMdata_harps            ----- model: gp_multidimensional           
rot_amp         23           3.8         -2.8          2.8   (15-84 p)   [  -10.0000,    10.0000]
con_amp         24         -0.16        -0.89         0.86   (15-84 p)   [  -20.0000,    20.0000]

----- dataset:  FWHMdata_neid
jitter_0        25          0.52        -0.33         0.48   (15-84 p)   [    0.0500,   500.0000]
offset_0        26       6956.56        -0.70         0.67   (15-84 p)   [-3049.1752, 16962.7399]

----- dataset: FWHMdata_neid             ----- model: gp_multidimensional           
rot_amp         27          -1.6         -3.1          2.8   (15-84 p)   [  -10.0000,    10.0000]
con_amp         28          0.07        -0.95         0.93   (15-84 p)   [  -20.0000,    20.0000]

----- dataset:  Contrastdata_expres
jitter_0        29           155          -20           21   (15-84 p)   [    1.3000, 13000.0000]
offset_0        30       -349531          -23           23   (15-84 p)   [-359920.1893, -338925.2732]

----- dataset: Contrastdata_expres       ----- model: gp_multidimensional           
rot_amp         31          -0.9         -6.4          7.3   (15-84 p)   [  -10.0000,    10.0000]
con_amp         32         -18.0         -1.4          3.6   (15-84 p)   [  -20.0000,    20.0000]

----- dataset:  Contrastdata_harps
jitter_0        33           115          -20           20   (15-84 p)   [    1.3000, 13000.0000]
offset_0        34       -453777          -21           20   (15-84 p)   [-464133.1886, -409473.9147]
offset_1        35       -419729          -37           36   (15-84 p)   [-464133.1886, -409473.9147]

----- dataset: Contrastdata_harps        ----- model: gp_multidimensional           
rot_amp         36          -0.7         -6.4          7.3   (15-84 p)   [  -10.0000,    10.0000]
con_amp         37          16.8         -5.7          2.3   (15-84 p)   [  -20.0000,    20.0000]

----- dataset:  Contrastdata_neid
jitter_0        38            36          -24           27   (15-84 p)   [    1.3000, 13000.0000]
offset_0        39       -359615          -17           16   (15-84 p)   [-369875.7064, -349206.4584]

----- dataset: Contrastdata_neid         ----- model: gp_multidimensional           
rot_amp         40          -0.9         -6.2          7.2   (15-84 p)   [  -10.0000,    10.0000]
con_amp         41             3          -14           11   (15-84 p)   [  -20.0000,    20.0000]

----- common model:  activity
Prot             0         27.01        -0.42         0.40   (15-84 p)   [   20.0000,    35.0000]
Pdec             1          31.5         -1.2          3.3   (15-84 p)   [   30.0000,  1000.0000]
Oamp             2         -1.52        -0.15         0.13   (15-84 p)   [   -6.6439,     0.0000]

----- common model:  star_parameters

====================================================================================================
     Statistics on the model parameters obtained from the posteriors samples     
====================================================================================================

----- dataset:  RVdata_expres
jitter_0                  1.26        -0.11         0.13    (15-84 p)
offset_0                  8.91        -0.53         0.55    (15-84 p)


----- dataset: RVdata_expres             ----- model: gp_multidimensional           
rot_amp                    8.2         -1.5          1.2    (15-84 p)
con_amp                   1.12        -0.36         0.48    (15-84 p)

----- dataset:  RVdata_harps
jitter_0                  1.44        -0.12         0.13    (15-84 p)
offset_0                  9.29        -0.64         0.60    (15-84 p)
offset_1                  9.87        -0.70         0.74    (15-84 p)


----- dataset: RVdata_harps              ----- model: gp_multidimensional           
rot_amp                    6.9         -1.6          1.6    (15-84 p)
con_amp                  -1.32        -0.51         0.41    (15-84 p)

----- dataset:  RVdata_neid
jitter_0                  1.63        -0.13         0.15    (15-84 p)
offset_0                  9.80        -0.39         0.43    (15-84 p)


----- dataset: RVdata_neid               ----- model: gp_multidimensional           
rot_amp                    5.7         -1.3          1.6    (15-84 p)
con_amp                   0.78        -0.39         0.49    (15-84 p)

----- dataset:  FWHMdata_expres
jitter_0                  0.63        -0.41         0.64    (15-84 p)
offset_0                6776.5         -1.2          1.1    (15-84 p)


----- dataset: FWHMdata_expres           ----- model: gp_multidimensional           
rot_amp                   -5.8         -2.7          3.3    (15-84 p)
con_amp                   -2.3         -1.2          1.1    (15-84 p)

----- dataset:  FWHMdata_harps
jitter_0                  0.42        -0.26         0.37    (15-84 p)
offset_0               6917.27        -0.70         0.67    (15-84 p)
offset_1                7173.0         -1.2          1.2    (15-84 p)


----- dataset: FWHMdata_harps            ----- model: gp_multidimensional           
rot_amp                    3.8         -2.8          2.8    (15-84 p)
con_amp                  -0.16        -0.89         0.86    (15-84 p)

----- dataset:  FWHMdata_neid
jitter_0                  0.52        -0.33         0.48    (15-84 p)
offset_0               6956.56        -0.70         0.67    (15-84 p)


----- dataset: FWHMdata_neid             ----- model: gp_multidimensional           
rot_amp                   -1.6         -3.1          2.8    (15-84 p)
con_amp                   0.07        -0.95         0.93    (15-84 p)

----- dataset:  Contrastdata_expres
jitter_0                   155          -20           21    (15-84 p)
offset_0               -349531          -23           23    (15-84 p)


----- dataset: Contrastdata_expres       ----- model: gp_multidimensional           
rot_amp                   -0.9         -6.4          7.3    (15-84 p)
con_amp                  -18.0         -1.4          3.6    (15-84 p)

----- dataset:  Contrastdata_harps
jitter_0                   115          -20           20    (15-84 p)
offset_0               -453777          -21           20    (15-84 p)
offset_1               -419729          -37           36    (15-84 p)


----- dataset: Contrastdata_harps        ----- model: gp_multidimensional           
rot_amp                   -0.7         -6.4          7.3    (15-84 p)
con_amp                   16.8         -5.7          2.3    (15-84 p)

----- dataset:  Contrastdata_neid
jitter_0                    36          -24           27    (15-84 p)
offset_0               -359615          -17           16    (15-84 p)


----- dataset: Contrastdata_neid         ----- model: gp_multidimensional           
rot_amp                   -0.9         -6.2          7.2    (15-84 p)
con_amp                      3          -14           11    (15-84 p)

----- common model:  activity
Prot                     27.01        -0.42         0.40    (15-84 p)
Pdec                      31.5         -1.2          3.3    (15-84 p)
Oamp                     0.349       -0.033        0.033    (15-84 p)

----- common model:  star_parameters

====================================================================================================
     Statistics on the derived parameters obtained from the posteriors samples     
====================================================================================================


====================================================================================================
     ------------------------------------------------------------------------------------------     
====================================================================================================



15000.0   steps completed, average lnprob:,  -3461.5322932214535


Computing the autocorrelation time of the chains

***** WARNING ******
The integrated autocorrelation time cannot be reliably estimated
likely the chains are too short, and ACF analysis is not fully reliable
emcee.autocorr.integrated_time tolerance lowered to 20
If you still get a warning, you should drop these results entirely
Chains too short to apply convergence criteria
They should be at least 1000*nthin = 150000

====================================================================================================
     Statistics on the posterior of the sampler parameters     
====================================================================================================

----- dataset:  RVdata_expres
jitter_0         3          1.27        -0.10         0.12   (15-84 p)   [    0.0010,    11.5000]
offset_0         4          8.84        -0.62         0.59   (15-84 p)   [-9995.9140, 10012.9990]

----- dataset: RVdata_expres             ----- model: gp_multidimensional           
rot_amp          5          8.59         -1.5         0.98   (15-84 p)   [    0.0000,    10.0000]
con_amp          6          1.29        -0.43         0.56   (15-84 p)   [  -20.0000,    20.0000]

----- dataset:  RVdata_harps
jitter_0         7          1.43        -0.11         0.13   (15-84 p)   [    0.0009,    13.3000]
offset_0         8          9.33        -0.68         0.70   (15-84 p)   [-9995.5653, 10012.9467]
offset_1         9          9.93        -0.73         0.75   (15-84 p)   [-9995.5653, 10012.9467]

----- dataset: RVdata_harps              ----- model: gp_multidimensional           
rot_amp         10           7.2         -1.6          1.5   (15-84 p)   [    0.0000,    10.0000]
con_amp         11         -1.48        -0.57         0.48   (15-84 p)   [  -20.0000,    20.0000]

----- dataset:  RVdata_neid
jitter_0        12          1.64        -0.13         0.15   (15-84 p)   [    0.0010,    12.3000]
offset_0        13          9.75        -0.43         0.46   (15-84 p)   [-9995.1596, 10013.5484]

----- dataset: RVdata_neid               ----- model: gp_multidimensional           
rot_amp         14           6.0         -1.4          1.5   (15-84 p)   [    0.0000,    10.0000]
con_amp         15          0.90        -0.44         0.55   (15-84 p)   [  -20.0000,    20.0000]

----- dataset:  FWHMdata_expres
jitter_0        16          0.62        -0.40         0.62   (15-84 p)   [    0.0500,   500.0000]
offset_0        17        6776.7         -1.2          1.2   (15-84 p)   [-3234.0142, 16790.0582]

----- dataset: FWHMdata_expres           ----- model: gp_multidimensional           
rot_amp         18          -6.2         -2.5          3.2   (15-84 p)   [  -10.0000,    10.0000]
con_amp         19          -2.4         -1.4          1.2   (15-84 p)   [  -20.0000,    20.0000]

----- dataset:  FWHMdata_harps
jitter_0        20          0.41        -0.25         0.42   (15-84 p)   [    0.0500,   500.0000]
offset_0        21       6917.26        -0.65         0.68   (15-84 p)   [-3088.2842, 17176.5968]
offset_1        22        7172.8         -1.1          1.2   (15-84 p)   [-3088.2842, 17176.5968]

----- dataset: FWHMdata_harps            ----- model: gp_multidimensional           
rot_amp         23           3.9         -2.9          2.8   (15-84 p)   [  -10.0000,    10.0000]
con_amp         24         -0.17        -0.94         0.95   (15-84 p)   [  -20.0000,    20.0000]

----- dataset:  FWHMdata_neid
jitter_0        25          0.47        -0.30         0.49   (15-84 p)   [    0.0500,   500.0000]
offset_0        26       6956.48        -0.71         0.67   (15-84 p)   [-3049.1752, 16962.7399]

----- dataset: FWHMdata_neid             ----- model: gp_multidimensional           
rot_amp         27          -1.9         -3.2          3.1   (15-84 p)   [  -10.0000,    10.0000]
con_amp         28           0.0         -1.0          1.0   (15-84 p)   [  -20.0000,    20.0000]

----- dataset:  Contrastdata_expres
jitter_0        29           158          -19           21   (15-84 p)   [    1.3000, 13000.0000]
offset_0        30       -349529          -23           22   (15-84 p)   [-359920.1893, -338925.2732]

----- dataset: Contrastdata_expres       ----- model: gp_multidimensional           
rot_amp         31          -0.5         -6.5          7.2   (15-84 p)   [  -10.0000,    10.0000]
con_amp         32         -13.1         -5.1           11   (15-84 p)   [  -20.0000,    20.0000]

----- dataset:  Contrastdata_harps
jitter_0        33           117          -18           17   (15-84 p)   [    1.3000, 13000.0000]
offset_0        34       -453778          -21           20   (15-84 p)   [-464133.1886, -409473.9147]
offset_1        35       -419729          -36           35   (15-84 p)   [-464133.1886, -409473.9147]

----- dataset: Contrastdata_harps        ----- model: gp_multidimensional           
rot_amp         36          -1.1         -6.3          7.6   (15-84 p)   [  -10.0000,    10.0000]
con_amp         37          10.1          -14          7.4   (15-84 p)   [  -20.0000,    20.0000]

----- dataset:  Contrastdata_neid
jitter_0        38            33          -22           28   (15-84 p)   [    1.3000, 13000.0000]
offset_0        39       -359617          -15           16   (15-84 p)   [-369875.7064, -349206.4584]

----- dataset: Contrastdata_neid         ----- model: gp_multidimensional           
rot_amp         40           0.3         -7.1          6.7   (15-84 p)   [  -10.0000,    10.0000]
con_amp         41             1          -14           12   (15-84 p)   [  -20.0000,    20.0000]

----- common model:  activity
Prot             0         26.91        -0.40         0.42   (15-84 p)   [   20.0000,    35.0000]
Pdec             1          35.4         -4.0          7.4   (15-84 p)   [   30.0000,  1000.0000]
Oamp             2         -1.52        -0.14         0.13   (15-84 p)   [   -6.6439,     0.0000]

----- common model:  star_parameters

====================================================================================================
     Statistics on the model parameters obtained from the posteriors samples     
====================================================================================================

----- dataset:  RVdata_expres
jitter_0                  1.27        -0.10         0.12    (15-84 p)
offset_0                  8.84        -0.62         0.59    (15-84 p)


----- dataset: RVdata_expres             ----- model: gp_multidimensional           
rot_amp                   8.59         -1.5         0.98    (15-84 p)
con_amp                   1.29        -0.43         0.56    (15-84 p)

----- dataset:  RVdata_harps
jitter_0                  1.43        -0.11         0.13    (15-84 p)
offset_0                  9.33        -0.68         0.70    (15-84 p)
offset_1                  9.93        -0.73         0.75    (15-84 p)


----- dataset: RVdata_harps              ----- model: gp_multidimensional           
rot_amp                    7.2         -1.6          1.5    (15-84 p)
con_amp                  -1.48        -0.57         0.48    (15-84 p)

----- dataset:  RVdata_neid
jitter_0                  1.64        -0.13         0.15    (15-84 p)
offset_0                  9.75        -0.43         0.46    (15-84 p)


----- dataset: RVdata_neid               ----- model: gp_multidimensional           
rot_amp                    6.0         -1.4          1.5    (15-84 p)
con_amp                   0.90        -0.44         0.55    (15-84 p)

----- dataset:  FWHMdata_expres
jitter_0                  0.62        -0.40         0.62    (15-84 p)
offset_0                6776.7         -1.2          1.2    (15-84 p)


----- dataset: FWHMdata_expres           ----- model: gp_multidimensional           
rot_amp                   -6.2         -2.5          3.2    (15-84 p)
con_amp                   -2.4         -1.4          1.2    (15-84 p)

----- dataset:  FWHMdata_harps
jitter_0                  0.41        -0.25         0.42    (15-84 p)
offset_0               6917.26        -0.65         0.68    (15-84 p)
offset_1                7172.8         -1.1          1.2    (15-84 p)


----- dataset: FWHMdata_harps            ----- model: gp_multidimensional           
rot_amp                    3.9         -2.9          2.8    (15-84 p)
con_amp                  -0.17        -0.94         0.95    (15-84 p)

----- dataset:  FWHMdata_neid
jitter_0                  0.47        -0.30         0.49    (15-84 p)
offset_0               6956.48        -0.71         0.67    (15-84 p)


----- dataset: FWHMdata_neid             ----- model: gp_multidimensional           
rot_amp                   -1.9         -3.2          3.1    (15-84 p)
con_amp                    0.0         -1.0          1.0    (15-84 p)

----- dataset:  Contrastdata_expres
jitter_0                   158          -19           21    (15-84 p)
offset_0               -349529          -23           22    (15-84 p)


----- dataset: Contrastdata_expres       ----- model: gp_multidimensional           
rot_amp                   -0.5         -6.5          7.2    (15-84 p)
con_amp                  -13.1         -5.1           11    (15-84 p)

----- dataset:  Contrastdata_harps
jitter_0                   117          -18           17    (15-84 p)
offset_0               -453778          -21           20    (15-84 p)
offset_1               -419729          -36           35    (15-84 p)


----- dataset: Contrastdata_harps        ----- model: gp_multidimensional           
rot_amp                   -1.1         -6.3          7.6    (15-84 p)
con_amp                   10.1          -14          7.4    (15-84 p)

----- dataset:  Contrastdata_neid
jitter_0                    33          -22           28    (15-84 p)
offset_0               -359617          -15           16    (15-84 p)


----- dataset: Contrastdata_neid         ----- model: gp_multidimensional           
rot_amp                    0.3         -7.1          6.7    (15-84 p)
con_amp                      1          -14           12    (15-84 p)

----- common model:  activity
Prot                     26.91        -0.40         0.42    (15-84 p)
Pdec                      35.4         -4.0          7.4    (15-84 p)
Oamp                     0.348       -0.032        0.032    (15-84 p)

----- common model:  star_parameters

====================================================================================================
     Statistics on the derived parameters obtained from the posteriors samples     
====================================================================================================


====================================================================================================
     ------------------------------------------------------------------------------------------     
====================================================================================================



30000.0   steps completed, average lnprob:,  -3462.41600830548


Computing the autocorrelation time of the chains

***** WARNING ******
The integrated autocorrelation time cannot be reliably estimated
likely the chains are too short, and ACF analysis is not fully reliable
emcee.autocorr.integrated_time tolerance lowered to 20
If you still get a warning, you should drop these results entirely
Chains too short to apply convergence criteria
They should be at least 1250*nthin = 187500

====================================================================================================
     Statistics on the posterior of the sampler parameters     
====================================================================================================

----- dataset:  RVdata_expres
jitter_0         3          1.27        -0.10         0.12   (15-84 p)   [    0.0010,    11.5000]
offset_0         4          8.86        -0.62         0.58   (15-84 p)   [-9995.9140, 10012.9990]

----- dataset: RVdata_expres             ----- model: gp_multidimensional           
rot_amp          5          8.60         -1.4         0.97   (15-84 p)   [    0.0000,    10.0000]
con_amp          6          1.29        -0.43         0.55   (15-84 p)   [  -20.0000,    20.0000]

----- dataset:  RVdata_harps
jitter_0         7          1.43        -0.11         0.13   (15-84 p)   [    0.0009,    13.3000]
offset_0         8          9.31        -0.68         0.70   (15-84 p)   [-9995.5653, 10012.9467]
offset_1         9          9.90        -0.77         0.74   (15-84 p)   [-9995.5653, 10012.9467]

----- dataset: RVdata_harps              ----- model: gp_multidimensional           
rot_amp         10           7.2         -1.5          1.6   (15-84 p)   [    0.0000,    10.0000]
con_amp         11         -1.49        -0.58         0.48   (15-84 p)   [  -20.0000,    20.0000]

----- dataset:  RVdata_neid
jitter_0        12          1.65        -0.13         0.15   (15-84 p)   [    0.0010,    12.3000]
offset_0        13          9.78        -0.44         0.48   (15-84 p)   [-9995.1596, 10013.5484]

----- dataset: RVdata_neid               ----- model: gp_multidimensional           
rot_amp         14           5.9         -1.4          1.5   (15-84 p)   [    0.0000,    10.0000]
con_amp         15          0.91        -0.44         0.53   (15-84 p)   [  -20.0000,    20.0000]

----- dataset:  FWHMdata_expres
jitter_0        16          0.62        -0.40         0.61   (15-84 p)   [    0.0500,   500.0000]
offset_0        17        6776.6         -1.2          1.2   (15-84 p)   [-3234.0142, 16790.0582]

----- dataset: FWHMdata_expres           ----- model: gp_multidimensional           
rot_amp         18          -6.3         -2.5          3.2   (15-84 p)   [  -10.0000,    10.0000]
con_amp         19          -2.4         -1.4          1.2   (15-84 p)   [  -20.0000,    20.0000]

----- dataset:  FWHMdata_harps
jitter_0        20          0.42        -0.26         0.42   (15-84 p)   [    0.0500,   500.0000]
offset_0        21       6917.25        -0.68         0.69   (15-84 p)   [-3088.2842, 17176.5968]
offset_1        22        7172.8         -1.1          1.2   (15-84 p)   [-3088.2842, 17176.5968]

----- dataset: FWHMdata_harps            ----- model: gp_multidimensional           
rot_amp         23           3.8         -2.9          2.8   (15-84 p)   [  -10.0000,    10.0000]
con_amp         24         -0.14        -0.94         0.96   (15-84 p)   [  -20.0000,    20.0000]

----- dataset:  FWHMdata_neid
jitter_0        25          0.48        -0.31         0.50   (15-84 p)   [    0.0500,   500.0000]
offset_0        26       6956.47        -0.72         0.71   (15-84 p)   [-3049.1752, 16962.7399]

----- dataset: FWHMdata_neid             ----- model: gp_multidimensional           
rot_amp         27          -2.0         -3.1          3.2   (15-84 p)   [  -10.0000,    10.0000]
con_amp         28           0.0         -1.1          1.0   (15-84 p)   [  -20.0000,    20.0000]

----- dataset:  Contrastdata_expres
jitter_0        29           158          -19           21   (15-84 p)   [    1.3000, 13000.0000]
offset_0        30       -349530          -22           21   (15-84 p)   [-359920.1893, -338925.2732]

----- dataset: Contrastdata_expres       ----- model: gp_multidimensional           
rot_amp         31          -0.7         -6.4          7.2   (15-84 p)   [  -10.0000,    10.0000]
con_amp         32         -12.4         -5.7           12   (15-84 p)   [  -20.0000,    20.0000]

----- dataset:  Contrastdata_harps
jitter_0        33           117          -18           18   (15-84 p)   [    1.3000, 13000.0000]
offset_0        34       -453778          -20           20   (15-84 p)   [-464133.1886, -409473.9147]
offset_1        35       -419732          -37           35   (15-84 p)   [-464133.1886, -409473.9147]

----- dataset: Contrastdata_harps        ----- model: gp_multidimensional           
rot_amp         36          -0.7         -6.5          7.3   (15-84 p)   [  -10.0000,    10.0000]
con_amp         37           9.5          -15          7.7   (15-84 p)   [  -20.0000,    20.0000]

----- dataset:  Contrastdata_neid
jitter_0        38            33          -22           27   (15-84 p)   [    1.3000, 13000.0000]
offset_0        39       -359616          -15           16   (15-84 p)   [-369875.7064, -349206.4584]

----- dataset: Contrastdata_neid         ----- model: gp_multidimensional           
rot_amp         40          -0.2         -6.7          6.9   (15-84 p)   [  -10.0000,    10.0000]
con_amp         41             2          -14           12   (15-84 p)   [  -20.0000,    20.0000]

----- common model:  activity
Prot             0         26.93        -0.41         0.40   (15-84 p)   [   20.0000,    35.0000]
Pdec             1          35.6         -4.1          7.9   (15-84 p)   [   30.0000,  1000.0000]
Oamp             2         -1.52        -0.14         0.12   (15-84 p)   [   -6.6439,     0.0000]

----- common model:  star_parameters

====================================================================================================
     Statistics on the model parameters obtained from the posteriors samples     
====================================================================================================

----- dataset:  RVdata_expres
jitter_0                  1.27        -0.10         0.12    (15-84 p)
offset_0                  8.86        -0.62         0.58    (15-84 p)


----- dataset: RVdata_expres             ----- model: gp_multidimensional           
rot_amp                   8.60         -1.4         0.97    (15-84 p)
con_amp                   1.29        -0.43         0.55    (15-84 p)

----- dataset:  RVdata_harps
jitter_0                  1.43        -0.11         0.13    (15-84 p)
offset_0                  9.31        -0.68         0.70    (15-84 p)
offset_1                  9.90        -0.77         0.74    (15-84 p)


----- dataset: RVdata_harps              ----- model: gp_multidimensional           
rot_amp                    7.2         -1.5          1.6    (15-84 p)
con_amp                  -1.49        -0.58         0.48    (15-84 p)

----- dataset:  RVdata_neid
jitter_0                  1.65        -0.13         0.15    (15-84 p)
offset_0                  9.78        -0.44         0.48    (15-84 p)


----- dataset: RVdata_neid               ----- model: gp_multidimensional           
rot_amp                    5.9         -1.4          1.5    (15-84 p)
con_amp                   0.91        -0.44         0.53    (15-84 p)

----- dataset:  FWHMdata_expres
jitter_0                  0.62        -0.40         0.61    (15-84 p)
offset_0                6776.6         -1.2          1.2    (15-84 p)


----- dataset: FWHMdata_expres           ----- model: gp_multidimensional           
rot_amp                   -6.3         -2.5          3.2    (15-84 p)
con_amp                   -2.4         -1.4          1.2    (15-84 p)

----- dataset:  FWHMdata_harps
jitter_0                  0.42        -0.26         0.42    (15-84 p)
offset_0               6917.25        -0.68         0.69    (15-84 p)
offset_1                7172.8         -1.1          1.2    (15-84 p)


----- dataset: FWHMdata_harps            ----- model: gp_multidimensional           
rot_amp                    3.8         -2.9          2.8    (15-84 p)
con_amp                  -0.14        -0.94         0.96    (15-84 p)

----- dataset:  FWHMdata_neid
jitter_0                  0.48        -0.31         0.50    (15-84 p)
offset_0               6956.47        -0.72         0.71    (15-84 p)


----- dataset: FWHMdata_neid             ----- model: gp_multidimensional           
rot_amp                   -2.0         -3.1          3.2    (15-84 p)
con_amp                    0.0         -1.1          1.0    (15-84 p)

----- dataset:  Contrastdata_expres
jitter_0                   158          -19           21    (15-84 p)
offset_0               -349530          -22           21    (15-84 p)


----- dataset: Contrastdata_expres       ----- model: gp_multidimensional           
rot_amp                   -0.7         -6.4          7.2    (15-84 p)
con_amp                  -12.4         -5.7           12    (15-84 p)

----- dataset:  Contrastdata_harps
jitter_0                   117          -18           18    (15-84 p)
offset_0               -453778          -20           20    (15-84 p)
offset_1               -419732          -37           35    (15-84 p)


----- dataset: Contrastdata_harps        ----- model: gp_multidimensional           
rot_amp                   -0.7         -6.5          7.3    (15-84 p)
con_amp                    9.5          -15          7.7    (15-84 p)

----- dataset:  Contrastdata_neid
jitter_0                    33          -22           27    (15-84 p)
offset_0               -359616          -15           16    (15-84 p)


----- dataset: Contrastdata_neid         ----- model: gp_multidimensional           
rot_amp                   -0.2         -6.7          6.9    (15-84 p)
con_amp                      2          -14           12    (15-84 p)

----- common model:  activity
Prot                     26.93        -0.41         0.40    (15-84 p)
Pdec                      35.6         -4.1          7.9    (15-84 p)
Oamp                     0.349       -0.032        0.031    (15-84 p)

----- common model:  star_parameters

====================================================================================================
     Statistics on the derived parameters obtained from the posteriors samples     
====================================================================================================


====================================================================================================
     ------------------------------------------------------------------------------------------     
====================================================================================================



45000.0   steps completed, average lnprob:,  -3462.1612771787522


Computing the autocorrelation time of the chains

***** WARNING ******
The integrated autocorrelation time cannot be reliably estimated
likely the chains are too short, and ACF analysis is not fully reliable
emcee.autocorr.integrated_time tolerance lowered to 20
If you still get a warning, you should drop these results entirely
Chains too short to apply convergence criteria
They should be at least 1350*nthin = 202500

====================================================================================================
     Statistics on the posterior of the sampler parameters     
====================================================================================================

----- dataset:  RVdata_expres
jitter_0         3          1.27        -0.10         0.13   (15-84 p)   [    0.0010,    11.5000]
offset_0         4          8.86        -0.59         0.58   (15-84 p)   [-9995.9140, 10012.9990]

----- dataset: RVdata_expres             ----- model: gp_multidimensional           
rot_amp          5          8.58         -1.4         0.99   (15-84 p)   [    0.0000,    10.0000]
con_amp          6          1.28        -0.43         0.56   (15-84 p)   [  -20.0000,    20.0000]

----- dataset:  RVdata_harps
jitter_0         7          1.43        -0.11         0.12   (15-84 p)   [    0.0009,    13.3000]
offset_0         8          9.30        -0.67         0.68   (15-84 p)   [-9995.5653, 10012.9467]
offset_1         9          9.89        -0.76         0.73   (15-84 p)   [-9995.5653, 10012.9467]

----- dataset: RVdata_harps              ----- model: gp_multidimensional           
rot_amp         10           7.1         -1.5          1.6   (15-84 p)   [    0.0000,    10.0000]
con_amp         11         -1.48        -0.58         0.47   (15-84 p)   [  -20.0000,    20.0000]

----- dataset:  RVdata_neid
jitter_0        12          1.65        -0.13         0.14   (15-84 p)   [    0.0010,    12.3000]
offset_0        13          9.78        -0.42         0.47   (15-84 p)   [-9995.1596, 10013.5484]

----- dataset: RVdata_neid               ----- model: gp_multidimensional           
rot_amp         14           6.0         -1.4          1.5   (15-84 p)   [    0.0000,    10.0000]
con_amp         15          0.90        -0.44         0.53   (15-84 p)   [  -20.0000,    20.0000]

----- dataset:  FWHMdata_expres
jitter_0        16          0.61        -0.39         0.60   (15-84 p)   [    0.0500,   500.0000]
offset_0        17        6776.6         -1.2          1.2   (15-84 p)   [-3234.0142, 16790.0582]

----- dataset: FWHMdata_expres           ----- model: gp_multidimensional           
rot_amp         18          -6.3         -2.5          3.3   (15-84 p)   [  -10.0000,    10.0000]
con_amp         19          -2.4         -1.4          1.2   (15-84 p)   [  -20.0000,    20.0000]

----- dataset:  FWHMdata_harps
jitter_0        20          0.42        -0.26         0.42   (15-84 p)   [    0.0500,   500.0000]
offset_0        21       6917.28        -0.68         0.68   (15-84 p)   [-3088.2842, 17176.5968]
offset_1        22        7172.9         -1.1          1.1   (15-84 p)   [-3088.2842, 17176.5968]

----- dataset: FWHMdata_harps            ----- model: gp_multidimensional           
rot_amp         23           3.9         -2.9          2.8   (15-84 p)   [  -10.0000,    10.0000]
con_amp         24         -0.12        -0.97         0.96   (15-84 p)   [  -20.0000,    20.0000]

----- dataset:  FWHMdata_neid
jitter_0        25          0.48        -0.30         0.49   (15-84 p)   [    0.0500,   500.0000]
offset_0        26       6956.46        -0.72         0.71   (15-84 p)   [-3049.1752, 16962.7399]

----- dataset: FWHMdata_neid             ----- model: gp_multidimensional           
rot_amp         27          -2.0         -3.1          3.1   (15-84 p)   [  -10.0000,    10.0000]
con_amp         28           0.1         -1.1          1.1   (15-84 p)   [  -20.0000,    20.0000]

----- dataset:  Contrastdata_expres
jitter_0        29           157          -19           20   (15-84 p)   [    1.3000, 13000.0000]
offset_0        30       -349531          -22           21   (15-84 p)   [-359920.1893, -338925.2732]

----- dataset: Contrastdata_expres       ----- model: gp_multidimensional           
rot_amp         31          -0.7         -6.4          7.1   (15-84 p)   [  -10.0000,    10.0000]
con_amp         32         -12.6         -5.5           12   (15-84 p)   [  -20.0000,    20.0000]

----- dataset:  Contrastdata_harps
jitter_0        33           117          -18           18   (15-84 p)   [    1.3000, 13000.0000]
offset_0        34       -453778          -20           20   (15-84 p)   [-464133.1886, -409473.9147]
offset_1        35       -419731          -36           36   (15-84 p)   [-464133.1886, -409473.9147]

----- dataset: Contrastdata_harps        ----- model: gp_multidimensional           
rot_amp         36          -0.6         -6.6          7.2   (15-84 p)   [  -10.0000,    10.0000]
con_amp         37           9.4          -14          7.8   (15-84 p)   [  -20.0000,    20.0000]

----- dataset:  Contrastdata_neid
jitter_0        38            34          -22           26   (15-84 p)   [    1.3000, 13000.0000]
offset_0        39       -359617          -16           16   (15-84 p)   [-369875.7064, -349206.4584]

----- dataset: Contrastdata_neid         ----- model: gp_multidimensional           
rot_amp         40          -0.3         -6.7          7.0   (15-84 p)   [  -10.0000,    10.0000]
con_amp         41             2          -14           12   (15-84 p)   [  -20.0000,    20.0000]

----- common model:  activity
Prot             0         26.93        -0.41         0.40   (15-84 p)   [   20.0000,    35.0000]
Pdec             1          35.6         -4.1          8.0   (15-84 p)   [   30.0000,  1000.0000]
Oamp             2         -1.52        -0.14         0.12   (15-84 p)   [   -6.6439,     0.0000]

----- common model:  star_parameters

====================================================================================================
     Statistics on the model parameters obtained from the posteriors samples     
====================================================================================================

----- dataset:  RVdata_expres
jitter_0                  1.27        -0.10         0.13    (15-84 p)
offset_0                  8.86        -0.59         0.58    (15-84 p)


----- dataset: RVdata_expres             ----- model: gp_multidimensional           
rot_amp                   8.58         -1.4         0.99    (15-84 p)
con_amp                   1.28        -0.43         0.56    (15-84 p)

----- dataset:  RVdata_harps
jitter_0                  1.43        -0.11         0.12    (15-84 p)
offset_0                  9.30        -0.67         0.68    (15-84 p)
offset_1                  9.89        -0.76         0.73    (15-84 p)


----- dataset: RVdata_harps              ----- model: gp_multidimensional           
rot_amp                    7.1         -1.5          1.6    (15-84 p)
con_amp                  -1.48        -0.58         0.47    (15-84 p)

----- dataset:  RVdata_neid
jitter_0                  1.65        -0.13         0.14    (15-84 p)
offset_0                  9.78        -0.42         0.47    (15-84 p)


----- dataset: RVdata_neid               ----- model: gp_multidimensional           
rot_amp                    6.0         -1.4          1.5    (15-84 p)
con_amp                   0.90        -0.44         0.53    (15-84 p)

----- dataset:  FWHMdata_expres
jitter_0                  0.61        -0.39         0.60    (15-84 p)
offset_0                6776.6         -1.2          1.2    (15-84 p)


----- dataset: FWHMdata_expres           ----- model: gp_multidimensional           
rot_amp                   -6.3         -2.5          3.3    (15-84 p)
con_amp                   -2.4         -1.4          1.2    (15-84 p)

----- dataset:  FWHMdata_harps
jitter_0                  0.42        -0.26         0.42    (15-84 p)
offset_0               6917.28        -0.68         0.68    (15-84 p)
offset_1                7172.9         -1.1          1.1    (15-84 p)


----- dataset: FWHMdata_harps            ----- model: gp_multidimensional           
rot_amp                    3.9         -2.9          2.8    (15-84 p)
con_amp                  -0.12        -0.97         0.96    (15-84 p)

----- dataset:  FWHMdata_neid
jitter_0                  0.48        -0.30         0.49    (15-84 p)
offset_0               6956.46        -0.72         0.71    (15-84 p)


----- dataset: FWHMdata_neid             ----- model: gp_multidimensional           
rot_amp                   -2.0         -3.1          3.1    (15-84 p)
con_amp                    0.1         -1.1          1.1    (15-84 p)

----- dataset:  Contrastdata_expres
jitter_0                   157          -19           20    (15-84 p)
offset_0               -349531          -22           21    (15-84 p)


----- dataset: Contrastdata_expres       ----- model: gp_multidimensional           
rot_amp                   -0.7         -6.4          7.1    (15-84 p)
con_amp                  -12.6         -5.5           12    (15-84 p)

----- dataset:  Contrastdata_harps
jitter_0                   117          -18           18    (15-84 p)
offset_0               -453778          -20           20    (15-84 p)
offset_1               -419731          -36           36    (15-84 p)


----- dataset: Contrastdata_harps        ----- model: gp_multidimensional           
rot_amp                   -0.6         -6.6          7.2    (15-84 p)
con_amp                    9.4          -14          7.8    (15-84 p)

----- dataset:  Contrastdata_neid
jitter_0                    34          -22           26    (15-84 p)
offset_0               -359617          -16           16    (15-84 p)


----- dataset: Contrastdata_neid         ----- model: gp_multidimensional           
rot_amp                   -0.3         -6.7          7.0    (15-84 p)
con_amp                      2          -14           12    (15-84 p)

----- common model:  activity
Prot                     26.93        -0.41         0.40    (15-84 p)
Pdec                      35.6         -4.1          8.0    (15-84 p)
Oamp                     0.348       -0.031        0.031    (15-84 p)

----- common model:  star_parameters

====================================================================================================
     Statistics on the derived parameters obtained from the posteriors samples     
====================================================================================================


====================================================================================================
     ------------------------------------------------------------------------------------------     
====================================================================================================



60000.0   steps completed, average lnprob:,  -3462.635729339848


emcee completed


:::---::: PyORBIT v11.0.1 :::---:::

Python version in use:
3.10.18 (main, Jun  5 2025, 13:14:17) [GCC 11.2.0]
LaTeX disabled by default

gp_multidimensional  S+LEAF model, number of harmonics: 4

GP model: gp_multidimensional  hyperparameters_condition:    True
GP model: gp_multidimensional  rotation_decay_condition:     True

### PyORBIT version used in the analysis:  11.0.1

 emcee version:  3.1.6

 Reference Time Tref: 59334.700184

 Data points:861
 Dimensions: 42
 Nwalkers:   168
 Steps:      60000


Number of samplings: 50400

Recomputing ln-prior, it may take a while...

ln-probability   distribution:  -3462.27       -5.20      4.50 (15-84 p) 
ln-prior         distribution:   -241.04       -2.21      1.50 (15-84 p) 
ln-likelihood    distribution:  -3220.88       -5.32      4.65 (15-84 p) 


*** Information criteria using the likelihood distribution

 BIC from distribution  (using likelihood)  =   6725.60     -9.31   10.65 (15-84 p)
 AIC from distribution  (using likelihood)  =   6525.76     -9.31   10.65 (15-84 p)
 AICc from distribution (using likelihood)  =   6530.18     -9.31   10.65 (15-84 p)


*** Information criteria using the median parameter set

 ln_probability of Median solution =  -3445.55
 ln_priors of Median solution      =   -240.62
 ln_likelihood of Median solution  =  -3204.93

 Median BIC  (using likelihood) =   6693.70
 Median AIC  (using likelihood) =   6493.86
 Median AICc (using likelihood) =   6498.27


*** Information criteria using the MAP parameter set

 ln_probability of MAP solution =  -3447.18
 ln_priors of MAP solution      =   -239.87
 ln_likelihood of MAP solution  =  -3207.31

 MAP BIC  (using likelihood)    =   6698.46
 MAP AIC  (using likelihood)    =   6498.62
 MAP AICc (using likelihood)    =   6503.04

 AICc suggested over AIC because NDATA ( 861 ) < 40 * NDIM ( 42 )

****************************************************************************************************


Computing the autocorrelation time of the chains

***** WARNING ******
The integrated autocorrelation time cannot be reliably estimated
likely the chains are too short, and ACF analysis is not fully reliable
emcee.autocorr.integrated_time tolerance lowered to 20
If you still get a warning, you should drop these results entirely
Chains too short to apply convergence criteria
They should be at least 1350*nthin = 202500

 ACF computation failed, no plot will be generated 


====================================================================================================
     Ids, spaces (s), boundaries (b) and priors (p) of the sampler parameters     
====================================================================================================

----- dataset:  RVdata_expres
jitter_0      id:   3  s:Linear      b:[      0.0010,      11.5000]   p:Uniform   []
offset_0      id:   4  s:Linear      b:[  -9995.9140,   10012.9990]   p:Uniform   []

----- dataset: RVdata_expres             ----- model: gp_multidimensional           
rot_amp       id:   5  s:Linear      b:[      0.0000,      10.0000]   p:Uniform   []
con_amp       id:   6  s:Linear      b:[    -20.0000,      20.0000]   p:Uniform   []

----- dataset:  RVdata_harps
jitter_0      id:   7  s:Linear      b:[      0.0009,      13.3000]   p:Uniform   []
offset_0      id:   8  s:Linear      b:[  -9995.5653,   10012.9467]   p:Uniform   []
offset_1      id:   9  s:Linear      b:[  -9995.5653,   10012.9467]   p:Uniform   []

----- dataset: RVdata_harps              ----- model: gp_multidimensional           
rot_amp       id:  10  s:Linear      b:[      0.0000,      10.0000]   p:Uniform   []
con_amp       id:  11  s:Linear      b:[    -20.0000,      20.0000]   p:Uniform   []

----- dataset:  RVdata_neid
jitter_0      id:  12  s:Linear      b:[      0.0010,      12.3000]   p:Uniform   []
offset_0      id:  13  s:Linear      b:[  -9995.1596,   10013.5484]   p:Uniform   []

----- dataset: RVdata_neid               ----- model: gp_multidimensional           
rot_amp       id:  14  s:Linear      b:[      0.0000,      10.0000]   p:Uniform   []
con_amp       id:  15  s:Linear      b:[    -20.0000,      20.0000]   p:Uniform   []

----- dataset:  FWHMdata_expres
jitter_0      id:  16  s:Linear      b:[      0.0500,     500.0000]   p:Uniform   []
offset_0      id:  17  s:Linear      b:[  -3234.0142,   16790.0582]   p:Uniform   []

----- dataset: FWHMdata_expres           ----- model: gp_multidimensional           
rot_amp       id:  18  s:Linear      b:[    -10.0000,      10.0000]   p:Uniform   []
con_amp       id:  19  s:Linear      b:[    -20.0000,      20.0000]   p:Uniform   []

----- dataset:  FWHMdata_harps
jitter_0      id:  20  s:Linear      b:[      0.0500,     500.0000]   p:Uniform   []
offset_0      id:  21  s:Linear      b:[  -3088.2842,   17176.5968]   p:Uniform   []
offset_1      id:  22  s:Linear      b:[  -3088.2842,   17176.5968]   p:Uniform   []

----- dataset: FWHMdata_harps            ----- model: gp_multidimensional           
rot_amp       id:  23  s:Linear      b:[    -10.0000,      10.0000]   p:Uniform   []
con_amp       id:  24  s:Linear      b:[    -20.0000,      20.0000]   p:Uniform   []

----- dataset:  FWHMdata_neid
jitter_0      id:  25  s:Linear      b:[      0.0500,     500.0000]   p:Uniform   []
offset_0      id:  26  s:Linear      b:[  -3049.1752,   16962.7399]   p:Uniform   []

----- dataset: FWHMdata_neid             ----- model: gp_multidimensional           
rot_amp       id:  27  s:Linear      b:[    -10.0000,      10.0000]   p:Uniform   []
con_amp       id:  28  s:Linear      b:[    -20.0000,      20.0000]   p:Uniform   []

----- dataset:  Contrastdata_expres
jitter_0      id:  29  s:Linear      b:[      1.3000,   13000.0000]   p:Uniform   []
offset_0      id:  30  s:Linear      b:[-359920.1893, -338925.2732]   p:Uniform   []

----- dataset: Contrastdata_expres       ----- model: gp_multidimensional           
rot_amp       id:  31  s:Linear      b:[    -10.0000,      10.0000]   p:Uniform   []
con_amp       id:  32  s:Linear      b:[    -20.0000,      20.0000]   p:Uniform   []

----- dataset:  Contrastdata_harps
jitter_0      id:  33  s:Linear      b:[      1.3000,   13000.0000]   p:Uniform   []
offset_0      id:  34  s:Linear      b:[-464133.1886, -409473.9147]   p:Uniform   []
offset_1      id:  35  s:Linear      b:[-464133.1886, -409473.9147]   p:Uniform   []

----- dataset: Contrastdata_harps        ----- model: gp_multidimensional           
rot_amp       id:  36  s:Linear      b:[    -10.0000,      10.0000]   p:Uniform   []
con_amp       id:  37  s:Linear      b:[    -20.0000,      20.0000]   p:Uniform   []

----- dataset:  Contrastdata_neid
jitter_0      id:  38  s:Linear      b:[      1.3000,   13000.0000]   p:Uniform   []
offset_0      id:  39  s:Linear      b:[-369875.7064, -349206.4584]   p:Uniform   []

----- dataset: Contrastdata_neid         ----- model: gp_multidimensional           
rot_amp       id:  40  s:Linear      b:[    -10.0000,      10.0000]   p:Uniform   []
con_amp       id:  41  s:Linear      b:[    -20.0000,      20.0000]   p:Uniform   []

----- common model:  activity
Prot          id:   0  s:Linear      b:[     20.0000,      35.0000]   p:Gaussian   [28.   0.5]
Pdec          id:   1  s:Linear      b:[     30.0000,    1000.0000]   p:Uniform   []
Oamp          id:   2  s:Log_Base2   b:[     -6.6439,       0.0000]   p:Gaussian   [0.35  0.035]

----- common model:  star_parameters
mass          derived (no id, space, bound)                           p:Gaussian   [1.e+00 1.e-06]
radius        derived (no id, space, bound)                           p:Gaussian   [1.e+00 1.e-06]
density       derived (no id, space, bound)                           p:Gaussian   [1.e+00 1.e-06]


****************************************************************************************************
****************************************************************************************************

 Confidence intervals (median value, 34.135th percentile from the median on the left and right side)

====================================================================================================
     Statistics on the posterior of the sampler parameters     
====================================================================================================

----- dataset:  RVdata_expres
jitter_0         3          1.27        -0.10         0.13   (15-84 p)   [    0.0010,    11.5000]
offset_0         4          8.86        -0.59         0.58   (15-84 p)   [-9995.9140, 10012.9990]

----- dataset: RVdata_expres             ----- model: gp_multidimensional           
rot_amp          5          8.58         -1.4         0.99   (15-84 p)   [    0.0000,    10.0000]
con_amp          6          1.28        -0.43         0.56   (15-84 p)   [  -20.0000,    20.0000]

----- dataset:  RVdata_harps
jitter_0         7          1.43        -0.11         0.12   (15-84 p)   [    0.0009,    13.3000]
offset_0         8          9.30        -0.67         0.68   (15-84 p)   [-9995.5653, 10012.9467]
offset_1         9          9.89        -0.76         0.73   (15-84 p)   [-9995.5653, 10012.9467]

----- dataset: RVdata_harps              ----- model: gp_multidimensional           
rot_amp         10           7.1         -1.5          1.6   (15-84 p)   [    0.0000,    10.0000]
con_amp         11         -1.48        -0.58         0.47   (15-84 p)   [  -20.0000,    20.0000]

----- dataset:  RVdata_neid
jitter_0        12          1.65        -0.13         0.14   (15-84 p)   [    0.0010,    12.3000]
offset_0        13          9.78        -0.42         0.47   (15-84 p)   [-9995.1596, 10013.5484]

----- dataset: RVdata_neid               ----- model: gp_multidimensional           
rot_amp         14           6.0         -1.4          1.5   (15-84 p)   [    0.0000,    10.0000]
con_amp         15          0.90        -0.44         0.53   (15-84 p)   [  -20.0000,    20.0000]

----- dataset:  FWHMdata_expres
jitter_0        16          0.61        -0.39         0.60   (15-84 p)   [    0.0500,   500.0000]
offset_0        17        6776.6         -1.2          1.2   (15-84 p)   [-3234.0142, 16790.0582]

----- dataset: FWHMdata_expres           ----- model: gp_multidimensional           
rot_amp         18          -6.3         -2.5          3.3   (15-84 p)   [  -10.0000,    10.0000]
con_amp         19          -2.4         -1.4          1.2   (15-84 p)   [  -20.0000,    20.0000]

----- dataset:  FWHMdata_harps
jitter_0        20          0.42        -0.26         0.42   (15-84 p)   [    0.0500,   500.0000]
offset_0        21       6917.28        -0.68         0.68   (15-84 p)   [-3088.2842, 17176.5968]
offset_1        22        7172.9         -1.1          1.1   (15-84 p)   [-3088.2842, 17176.5968]

----- dataset: FWHMdata_harps            ----- model: gp_multidimensional           
rot_amp         23           3.9         -2.9          2.8   (15-84 p)   [  -10.0000,    10.0000]
con_amp         24         -0.12        -0.97         0.96   (15-84 p)   [  -20.0000,    20.0000]

----- dataset:  FWHMdata_neid
jitter_0        25          0.48        -0.30         0.49   (15-84 p)   [    0.0500,   500.0000]
offset_0        26       6956.46        -0.72         0.71   (15-84 p)   [-3049.1752, 16962.7399]

----- dataset: FWHMdata_neid             ----- model: gp_multidimensional           
rot_amp         27          -2.0         -3.1          3.1   (15-84 p)   [  -10.0000,    10.0000]
con_amp         28           0.1         -1.1          1.1   (15-84 p)   [  -20.0000,    20.0000]

----- dataset:  Contrastdata_expres
jitter_0        29           157          -19           20   (15-84 p)   [    1.3000, 13000.0000]
offset_0        30       -349531          -22           21   (15-84 p)   [-359920.1893, -338925.2732]

----- dataset: Contrastdata_expres       ----- model: gp_multidimensional           
rot_amp         31          -0.7         -6.4          7.1   (15-84 p)   [  -10.0000,    10.0000]
con_amp         32         -12.6         -5.5           12   (15-84 p)   [  -20.0000,    20.0000]

----- dataset:  Contrastdata_harps
jitter_0        33           117          -18           18   (15-84 p)   [    1.3000, 13000.0000]
offset_0        34       -453778          -20           20   (15-84 p)   [-464133.1886, -409473.9147]
offset_1        35       -419731          -36           36   (15-84 p)   [-464133.1886, -409473.9147]

----- dataset: Contrastdata_harps        ----- model: gp_multidimensional           
rot_amp         36          -0.6         -6.6          7.2   (15-84 p)   [  -10.0000,    10.0000]
con_amp         37           9.4          -14          7.8   (15-84 p)   [  -20.0000,    20.0000]

----- dataset:  Contrastdata_neid
jitter_0        38            34          -22           26   (15-84 p)   [    1.3000, 13000.0000]
offset_0        39       -359617          -16           16   (15-84 p)   [-369875.7064, -349206.4584]

----- dataset: Contrastdata_neid         ----- model: gp_multidimensional           
rot_amp         40          -0.3         -6.7          7.0   (15-84 p)   [  -10.0000,    10.0000]
con_amp         41             2          -14           12   (15-84 p)   [  -20.0000,    20.0000]

----- common model:  activity
Prot             0         26.93        -0.41         0.40   (15-84 p)   [   20.0000,    35.0000]
Pdec             1          35.6         -4.1          8.0   (15-84 p)   [   30.0000,  1000.0000]
Oamp             2         -1.52        -0.14         0.12   (15-84 p)   [   -6.6439,     0.0000]

----- common model:  star_parameters

====================================================================================================
     Statistics on the model parameters obtained from the posteriors samples     
====================================================================================================

----- dataset:  RVdata_expres
jitter_0                  1.27        -0.10         0.13    (15-84 p)
offset_0                  8.86        -0.59         0.58    (15-84 p)


----- dataset: RVdata_expres             ----- model: gp_multidimensional           
rot_amp                   8.58         -1.4         0.99    (15-84 p)
con_amp                   1.28        -0.43         0.56    (15-84 p)

----- dataset:  RVdata_harps
jitter_0                  1.43        -0.11         0.12    (15-84 p)
offset_0                  9.30        -0.67         0.68    (15-84 p)
offset_1                  9.89        -0.76         0.73    (15-84 p)


----- dataset: RVdata_harps              ----- model: gp_multidimensional           
rot_amp                    7.1         -1.5          1.6    (15-84 p)
con_amp                  -1.48        -0.58         0.47    (15-84 p)

----- dataset:  RVdata_neid
jitter_0                  1.65        -0.13         0.14    (15-84 p)
offset_0                  9.78        -0.42         0.47    (15-84 p)


----- dataset: RVdata_neid               ----- model: gp_multidimensional           
rot_amp                    6.0         -1.4          1.5    (15-84 p)
con_amp                   0.90        -0.44         0.53    (15-84 p)

----- dataset:  FWHMdata_expres
jitter_0                  0.61        -0.39         0.60    (15-84 p)
offset_0                6776.6         -1.2          1.2    (15-84 p)


----- dataset: FWHMdata_expres           ----- model: gp_multidimensional           
rot_amp                   -6.3         -2.5          3.3    (15-84 p)
con_amp                   -2.4         -1.4          1.2    (15-84 p)

----- dataset:  FWHMdata_harps
jitter_0                  0.42        -0.26         0.42    (15-84 p)
offset_0               6917.28        -0.68         0.68    (15-84 p)
offset_1                7172.9         -1.1          1.1    (15-84 p)


----- dataset: FWHMdata_harps            ----- model: gp_multidimensional           
rot_amp                    3.9         -2.9          2.8    (15-84 p)
con_amp                  -0.12        -0.97         0.96    (15-84 p)

----- dataset:  FWHMdata_neid
jitter_0                  0.48        -0.30         0.49    (15-84 p)
offset_0               6956.46        -0.72         0.71    (15-84 p)


----- dataset: FWHMdata_neid             ----- model: gp_multidimensional           
rot_amp                   -2.0         -3.1          3.1    (15-84 p)
con_amp                    0.1         -1.1          1.1    (15-84 p)

----- dataset:  Contrastdata_expres
jitter_0                   157          -19           20    (15-84 p)
offset_0               -349531          -22           21    (15-84 p)


----- dataset: Contrastdata_expres       ----- model: gp_multidimensional           
rot_amp                   -0.7         -6.4          7.1    (15-84 p)
con_amp                  -12.6         -5.5           12    (15-84 p)

----- dataset:  Contrastdata_harps
jitter_0                   117          -18           18    (15-84 p)
offset_0               -453778          -20           20    (15-84 p)
offset_1               -419731          -36           36    (15-84 p)


----- dataset: Contrastdata_harps        ----- model: gp_multidimensional           
rot_amp                   -0.6         -6.6          7.2    (15-84 p)
con_amp                    9.4          -14          7.8    (15-84 p)

----- dataset:  Contrastdata_neid
jitter_0                    34          -22           26    (15-84 p)
offset_0               -359617          -16           16    (15-84 p)


----- dataset: Contrastdata_neid         ----- model: gp_multidimensional           
rot_amp                   -0.3         -6.7          7.0    (15-84 p)
con_amp                      2          -14           12    (15-84 p)

----- common model:  activity
Prot                     26.93        -0.41         0.40    (15-84 p)
Pdec                      35.6         -4.1          8.0    (15-84 p)
Oamp                     0.348       -0.031        0.031    (15-84 p)

----- common model:  star_parameters

====================================================================================================
     Statistics on the derived parameters obtained from the posteriors samples     
====================================================================================================


====================================================================================================
     ------------------------------------------------------------------------------------------     
====================================================================================================



****************************************************************************************************

 Parameters corresponding to the Maximum a Posteriori probability ( -3447.1799035917675 )

====================================================================================================
     Statistics on the posterior of the sampler parameters     
====================================================================================================

----- dataset:  RVdata_expres
jitter_0         3      1.263640 [    0.0010,    11.5000]
offset_0         4      9.032475 [-9995.9140, 10012.9990]

----- dataset: RVdata_expres             ----- model: gp_multidimensional           
rot_amp          5      7.544232 [    0.0000,    10.0000]
con_amp          6      0.827595 [  -20.0000,    20.0000]

----- dataset:  RVdata_harps
jitter_0         7      1.438727 [    0.0009,    13.3000]
offset_0         8      9.499640 [-9995.5653, 10012.9467]
offset_1         9     10.111961 [-9995.5653, 10012.9467]

----- dataset: RVdata_harps              ----- model: gp_multidimensional           
rot_amp         10      5.905803 [    0.0000,    10.0000]
con_amp         11     -0.792416 [  -20.0000,    20.0000]

----- dataset:  RVdata_neid
jitter_0        12      1.552026 [    0.0010,    12.3000]
offset_0        13      9.890599 [-9995.1596, 10013.5484]

----- dataset: RVdata_neid               ----- model: gp_multidimensional           
rot_amp         14      5.809325 [    0.0000,    10.0000]
con_amp         15      0.558487 [  -20.0000,    20.0000]

----- dataset:  FWHMdata_expres
jitter_0        16      0.863402 [    0.0500,   500.0000]
offset_0        17   6776.040205 [-3234.0142, 16790.0582]

----- dataset: FWHMdata_expres           ----- model: gp_multidimensional           
rot_amp         18     -5.574481 [  -10.0000,    10.0000]
con_amp         19     -1.700405 [  -20.0000,    20.0000]

----- dataset:  FWHMdata_harps
jitter_0        20      0.136007 [    0.0500,   500.0000]
offset_0        21   6917.685585 [-3088.2842, 17176.5968]
offset_1        22   7172.214194 [-3088.2842, 17176.5968]

----- dataset: FWHMdata_harps            ----- model: gp_multidimensional           
rot_amp         23      4.233721 [  -10.0000,    10.0000]
con_amp         24     -0.009649 [  -20.0000,    20.0000]

----- dataset:  FWHMdata_neid
jitter_0        25      0.337295 [    0.0500,   500.0000]
offset_0        26   6955.963778 [-3049.1752, 16962.7399]

----- dataset: FWHMdata_neid             ----- model: gp_multidimensional           
rot_amp         27      0.910882 [  -10.0000,    10.0000]
con_amp         28     -0.135801 [  -20.0000,    20.0000]

----- dataset:  Contrastdata_expres
jitter_0        29    164.746727 [    1.3000, 13000.0000]
offset_0        30  -349520.804066 [-359920.1893, -338925.2732]

----- dataset: Contrastdata_expres       ----- model: gp_multidimensional           
rot_amp         31      5.487668 [  -10.0000,    10.0000]
con_amp         32    -14.007464 [  -20.0000,    20.0000]

----- dataset:  Contrastdata_harps
jitter_0        33    101.847658 [    1.3000, 13000.0000]
offset_0        34  -453765.584608 [-464133.1886, -409473.9147]
offset_1        35  -419701.818464 [-464133.1886, -409473.9147]

----- dataset: Contrastdata_harps        ----- model: gp_multidimensional           
rot_amp         36     -6.965016 [  -10.0000,    10.0000]
con_amp         37     13.578898 [  -20.0000,    20.0000]

----- dataset:  Contrastdata_neid
jitter_0        38     24.268719 [    1.3000, 13000.0000]
offset_0        39  -359626.885663 [-369875.7064, -349206.4584]

----- dataset: Contrastdata_neid         ----- model: gp_multidimensional           
rot_amp         40      0.262526 [  -10.0000,    10.0000]
con_amp         41    -12.802415 [  -20.0000,    20.0000]

----- common model:  activity
Prot             0     27.119331 [   20.0000,    35.0000]
Pdec             1     32.924385 [   30.0000,  1000.0000]
Oamp             2     -1.518390 [   -6.6439,     0.0000]

----- common model:  star_parameters

====================================================================================================
     Statistics on the model parameters obtained from the posteriors samples     
====================================================================================================

----- dataset:  RVdata_expres
jitter_0              1.263640 
offset_0              9.032475 


----- dataset: RVdata_expres             ----- model: gp_multidimensional           
rot_amp               7.544232 
con_amp               0.827595 

----- dataset:  RVdata_harps
jitter_0              1.438727 
offset_0              9.499640 
offset_1             10.111961 


----- dataset: RVdata_harps              ----- model: gp_multidimensional           
rot_amp               5.905803 
con_amp              -0.792416 

----- dataset:  RVdata_neid
jitter_0              1.552026 
offset_0              9.890599 


----- dataset: RVdata_neid               ----- model: gp_multidimensional           
rot_amp               5.809325 
con_amp               0.558487 

----- dataset:  FWHMdata_expres
jitter_0              0.863402 
offset_0           6776.040205 


----- dataset: FWHMdata_expres           ----- model: gp_multidimensional           
rot_amp              -5.574481 
con_amp              -1.700405 

----- dataset:  FWHMdata_harps
jitter_0              0.136007 
offset_0           6917.685585 
offset_1           7172.214194 


----- dataset: FWHMdata_harps            ----- model: gp_multidimensional           
rot_amp               4.233721 
con_amp              -0.009649 

----- dataset:  FWHMdata_neid
jitter_0              0.337295 
offset_0           6955.963778 


----- dataset: FWHMdata_neid             ----- model: gp_multidimensional           
rot_amp               0.910882 
con_amp              -0.135801 

----- dataset:  Contrastdata_expres
jitter_0            164.746727 
offset_0        -349520.804066 


----- dataset: Contrastdata_expres       ----- model: gp_multidimensional           
rot_amp               5.487668 
con_amp             -14.007464 

----- dataset:  Contrastdata_harps
jitter_0            101.847658 
offset_0        -453765.584608 
offset_1        -419701.818464 


----- dataset: Contrastdata_harps        ----- model: gp_multidimensional           
rot_amp              -6.965016 
con_amp              13.578898 

----- dataset:  Contrastdata_neid
jitter_0             24.268719 
offset_0        -359626.885663 


----- dataset: Contrastdata_neid         ----- model: gp_multidimensional           
rot_amp               0.262526 
con_amp             -12.802415 

----- common model:  activity
Prot                 27.119331 
Pdec                 32.924385 
Oamp                  0.349075 

----- common model:  star_parameters

====================================================================================================
     Statistics on the derived parameters obtained from the posteriors samples     
====================================================================================================


====================================================================================================
     ------------------------------------------------------------------------------------------     
====================================================================================================



****************************************************************************************************

 Parameters corresponding to the sample closest to the median values ( -3452.0234191435243 )

====================================================================================================
     Statistics on the posterior of the sampler parameters     
====================================================================================================

----- dataset:  RVdata_expres
jitter_0         3      1.316895 [    0.0010,    11.5000]
offset_0         4      8.767227 [-9995.9140, 10012.9990]

----- dataset: RVdata_expres             ----- model: gp_multidimensional           
rot_amp          5      8.634619 [    0.0000,    10.0000]
con_amp          6      1.028580 [  -20.0000,    20.0000]

----- dataset:  RVdata_harps
jitter_0         7      1.455445 [    0.0009,    13.3000]
offset_0         8      9.008407 [-9995.5653, 10012.9467]
offset_1         9      9.581986 [-9995.5653, 10012.9467]

----- dataset: RVdata_harps              ----- model: gp_multidimensional           
rot_amp         10      7.796023 [    0.0000,    10.0000]
con_amp         11     -1.366037 [  -20.0000,    20.0000]

----- dataset:  RVdata_neid
jitter_0        12      1.564094 [    0.0010,    12.3000]
offset_0        13      9.655490 [-9995.1596, 10013.5484]

----- dataset: RVdata_neid               ----- model: gp_multidimensional           
rot_amp         14      6.529308 [    0.0000,    10.0000]
con_amp         15      0.487038 [  -20.0000,    20.0000]

----- dataset:  FWHMdata_expres
jitter_0        16      0.427867 [    0.0500,   500.0000]
offset_0        17   6776.171205 [-3234.0142, 16790.0582]

----- dataset: FWHMdata_expres           ----- model: gp_multidimensional           
rot_amp         18     -8.756301 [  -10.0000,    10.0000]
con_amp         19     -1.656518 [  -20.0000,    20.0000]

----- dataset:  FWHMdata_harps
jitter_0        20      0.323391 [    0.0500,   500.0000]
offset_0        21   6916.628458 [-3088.2842, 17176.5968]
offset_1        22   7172.750001 [-3088.2842, 17176.5968]

----- dataset: FWHMdata_harps            ----- model: gp_multidimensional           
rot_amp         23      2.899337 [  -10.0000,    10.0000]
con_amp         24     -1.443394 [  -20.0000,    20.0000]

----- dataset:  FWHMdata_neid
jitter_0        25      0.152553 [    0.0500,   500.0000]
offset_0        26   6956.349952 [-3049.1752, 16962.7399]

----- dataset: FWHMdata_neid             ----- model: gp_multidimensional           
rot_amp         27     -0.212633 [  -10.0000,    10.0000]
con_amp         28      1.097612 [  -20.0000,    20.0000]

----- dataset:  Contrastdata_expres
jitter_0        29    168.249889 [    1.3000, 13000.0000]
offset_0        30  -349517.637928 [-359920.1893, -338925.2732]

----- dataset: Contrastdata_expres       ----- model: gp_multidimensional           
rot_amp         31      3.116191 [  -10.0000,    10.0000]
con_amp         32    -10.087952 [  -20.0000,    20.0000]

----- dataset:  Contrastdata_harps
jitter_0        33    118.193157 [    1.3000, 13000.0000]
offset_0        34  -453754.562203 [-464133.1886, -409473.9147]
offset_1        35  -419760.043599 [-464133.1886, -409473.9147]

----- dataset: Contrastdata_harps        ----- model: gp_multidimensional           
rot_amp         36      0.544545 [  -10.0000,    10.0000]
con_amp         37      9.720793 [  -20.0000,    20.0000]

----- dataset:  Contrastdata_neid
jitter_0        38     23.463154 [    1.3000, 13000.0000]
offset_0        39  -359630.619885 [-369875.7064, -349206.4584]

----- dataset: Contrastdata_neid         ----- model: gp_multidimensional           
rot_amp         40      3.033642 [  -10.0000,    10.0000]
con_amp         41      7.342475 [  -20.0000,    20.0000]

----- common model:  activity
Prot             0     27.217628 [   20.0000,    35.0000]
Pdec             1     34.669908 [   30.0000,  1000.0000]
Oamp             2     -1.561403 [   -6.6439,     0.0000]

----- common model:  star_parameters

====================================================================================================
     Statistics on the model parameters obtained from the posteriors samples     
====================================================================================================

----- dataset:  RVdata_expres
jitter_0              1.316895 
offset_0              8.767227 


----- dataset: RVdata_expres             ----- model: gp_multidimensional           
rot_amp               8.634619 
con_amp               1.028580 

----- dataset:  RVdata_harps
jitter_0              1.455445 
offset_0              9.008407 
offset_1              9.581986 


----- dataset: RVdata_harps              ----- model: gp_multidimensional           
rot_amp               7.796023 
con_amp              -1.366037 

----- dataset:  RVdata_neid
jitter_0              1.564094 
offset_0              9.655490 


----- dataset: RVdata_neid               ----- model: gp_multidimensional           
rot_amp               6.529308 
con_amp               0.487038 

----- dataset:  FWHMdata_expres
jitter_0              0.427867 
offset_0           6776.171205 


----- dataset: FWHMdata_expres           ----- model: gp_multidimensional           
rot_amp              -8.756301 
con_amp              -1.656518 

----- dataset:  FWHMdata_harps
jitter_0              0.323391 
offset_0           6916.628458 
offset_1           7172.750001 


----- dataset: FWHMdata_harps            ----- model: gp_multidimensional           
rot_amp               2.899337 
con_amp              -1.443394 

----- dataset:  FWHMdata_neid
jitter_0              0.152553 
offset_0           6956.349952 


----- dataset: FWHMdata_neid             ----- model: gp_multidimensional           
rot_amp              -0.212633 
con_amp               1.097612 

----- dataset:  Contrastdata_expres
jitter_0            168.249889 
offset_0        -349517.637928 


----- dataset: Contrastdata_expres       ----- model: gp_multidimensional           
rot_amp               3.116191 
con_amp             -10.087952 

----- dataset:  Contrastdata_harps
jitter_0            118.193157 
offset_0        -453754.562203 
offset_1        -419760.043599 


----- dataset: Contrastdata_harps        ----- model: gp_multidimensional           
rot_amp               0.544545 
con_amp               9.720793 

----- dataset:  Contrastdata_neid
jitter_0             23.463154 
offset_0        -359630.619885 


----- dataset: Contrastdata_neid         ----- model: gp_multidimensional           
rot_amp               3.033642 
con_amp               7.342475 

----- common model:  activity
Prot                 27.217628 
Pdec                 34.669908 
Oamp                  0.338821 

----- common model:  star_parameters

====================================================================================================
     Statistics on the derived parameters obtained from the posteriors samples     
====================================================================================================


====================================================================================================
     ------------------------------------------------------------------------------------------     
====================================================================================================



****************************************************************************************************

Note: stellar density derived from stellar mass and radius

 Plot FLAT chain 

****************************************************************************************************

 Skipping full correlation plot due to the high number of parameters
 To avoid this behaviour, set the keyword parameters:force_full_correlation_plot to True

****************************************************************************************************

 Plotting the chains... 

****************************************************************************************************

 Plotting the Gelman-Rubin traces... 

     Gelman-Rubin:     3     1.041270 RVdata_expres_jitter_0 
     Gelman-Rubin:     4     1.098002 RVdata_expres_offset_0 
     Gelman-Rubin:     5     1.040520 RVdata_expres_gp_multidimensional_rot_amp 
     Gelman-Rubin:     6     1.063184 RVdata_expres_gp_multidimensional_con_amp 
     Gelman-Rubin:     7     1.031769 RVdata_harps_jitter_0 
     Gelman-Rubin:     8     1.091451 RVdata_harps_offset_0 
     Gelman-Rubin:     9     1.083498 RVdata_harps_offset_1 
     Gelman-Rubin:    10     1.047415 RVdata_harps_gp_multidimensional_rot_amp 
     Gelman-Rubin:    11     1.044894 RVdata_harps_gp_multidimensional_con_amp 
     Gelman-Rubin:    12     1.045430 RVdata_neid_jitter_0 
     Gelman-Rubin:    13     1.097023 RVdata_neid_offset_0 
     Gelman-Rubin:    14     1.031977 RVdata_neid_gp_multidimensional_rot_amp 
     Gelman-Rubin:    15     1.060402 RVdata_neid_gp_multidimensional_con_amp 
     Gelman-Rubin:    16     1.041329 FWHMdata_expres_jitter_0 
     Gelman-Rubin:    17     1.071413 FWHMdata_expres_offset_0 
     Gelman-Rubin:    18     1.045114 FWHMdata_expres_gp_multidimensional_rot_amp 
     Gelman-Rubin:    19     1.056360 FWHMdata_expres_gp_multidimensional_con_amp 
     Gelman-Rubin:    20     1.041899 FWHMdata_harps_jitter_0 
     Gelman-Rubin:    21     1.051161 FWHMdata_harps_offset_0 
     Gelman-Rubin:    22     1.033369 FWHMdata_harps_offset_1 
     Gelman-Rubin:    23     1.037779 FWHMdata_harps_gp_multidimensional_rot_amp 
     Gelman-Rubin:    24     1.042231 FWHMdata_harps_gp_multidimensional_con_amp 
     Gelman-Rubin:    25     1.039523 FWHMdata_neid_jitter_0 
     Gelman-Rubin:    26     1.049019 FWHMdata_neid_offset_0 
     Gelman-Rubin:    27     1.036433 FWHMdata_neid_gp_multidimensional_rot_amp 
     Gelman-Rubin:    28     1.045110 FWHMdata_neid_gp_multidimensional_con_amp 
     Gelman-Rubin:    29     1.039675 Contrastdata_expres_jitter_0 
     Gelman-Rubin:    30     1.037252 Contrastdata_expres_offset_0 
     Gelman-Rubin:    31     1.030044 Contrastdata_expres_gp_multidimensional_rot_amp 
     Gelman-Rubin:    32     1.042602 Contrastdata_expres_gp_multidimensional_con_amp 
     Gelman-Rubin:    33     1.035509 Contrastdata_harps_jitter_0 
     Gelman-Rubin:    34     1.036861 Contrastdata_harps_offset_0 
     Gelman-Rubin:    35     1.037921 Contrastdata_harps_offset_1 
     Gelman-Rubin:    36     1.033288 Contrastdata_harps_gp_multidimensional_rot_amp 
     Gelman-Rubin:    37     1.030056 Contrastdata_harps_gp_multidimensional_con_amp 
     Gelman-Rubin:    38     1.034387 Contrastdata_neid_jitter_0 
     Gelman-Rubin:    39     1.043300 Contrastdata_neid_offset_0 
     Gelman-Rubin:    40     1.040819 Contrastdata_neid_gp_multidimensional_rot_amp 
     Gelman-Rubin:    41     1.028400 Contrastdata_neid_gp_multidimensional_con_amp 
     Gelman-Rubin:     0     1.033931 activity_Prot 
     Gelman-Rubin:     1     1.047896 activity_Pdec 
     Gelman-Rubin:     2     1.038636 activity_Oamp 

****************************************************************************************************

Plotting the common models corner plots
     Common model:  activity
     Common model:  star_parameters

****************************************************************************************************

Plotting the dataset + models corner plots 

     Dataset:  RVdata_expres     model:  gp_multidimensional  corner plot  starting 
     Dataset:  RVdata_expres     model:  gp_multidimensional  corner plot  done 
     Dataset:  RVdata_harps     model:  gp_multidimensional  corner plot  starting 
     Dataset:  RVdata_harps     model:  gp_multidimensional  corner plot  done 
     Dataset:  RVdata_neid     model:  gp_multidimensional  corner plot  starting 
     Dataset:  RVdata_neid     model:  gp_multidimensional  corner plot  done 
     Dataset:  FWHMdata_expres     model:  gp_multidimensional  corner plot  starting 
     Dataset:  FWHMdata_expres     model:  gp_multidimensional  corner plot  done 
     Dataset:  FWHMdata_harps     model:  gp_multidimensional  corner plot  starting 
     Dataset:  FWHMdata_harps     model:  gp_multidimensional  corner plot  done 
     Dataset:  FWHMdata_neid     model:  gp_multidimensional  corner plot  starting 
     Dataset:  FWHMdata_neid     model:  gp_multidimensional  corner plot  done 
     Dataset:  Contrastdata_expres     model:  gp_multidimensional  corner plot  starting 
     Dataset:  Contrastdata_expres     model:  gp_multidimensional  corner plot  done 
     Dataset:  Contrastdata_harps     model:  gp_multidimensional  corner plot  starting 
     Dataset:  Contrastdata_harps     model:  gp_multidimensional  corner plot  done 
     Dataset:  Contrastdata_neid     model:  gp_multidimensional  corner plot  starting 
     Dataset:  Contrastdata_neid     model:  gp_multidimensional  corner plot  done 

****************************************************************************************************

 Saving the planet parameter samplings to files (with plots)

****************************************************************************************************

 Saving all the parameter samplings to files (with plots)

****************************************************************************************************

 Computing the models for plot/data writing 
     Splitting the plot array to allow GP prediction of extended datasets, it may take a while...
     # 21 chunks of 84 times each
     Check the documentation if the code is taking too long or if it crashes...
     Splitting the plot array to allow GP prediction of extended datasets, it may take a while...
     # 21 chunks of 84 times each
     Check the documentation if the code is taking too long or if it crashes...
     Splitting the plot array to allow GP prediction of extended datasets, it may take a while...
     # 21 chunks of 84 times each
     Check the documentation if the code is taking too long or if it crashes...
     Splitting the plot array to allow GP prediction of extended datasets, it may take a while...
     # 14 chunks of 84 times each
     Check the documentation if the code is taking too long or if it crashes...
     Splitting the plot array to allow GP prediction of extended datasets, it may take a while...
     # 16 chunks of 84 times each
     Check the documentation if the code is taking too long or if it crashes...
     Splitting the plot array to allow GP prediction of extended datasets, it may take a while...
     # 13 chunks of 84 times each
     Check the documentation if the code is taking too long or if it crashes...
     Splitting the plot array to allow GP prediction of extended datasets, it may take a while...
     # 14 chunks of 84 times each
     Check the documentation if the code is taking too long or if it crashes...
     Splitting the plot array to allow GP prediction of extended datasets, it may take a while...
     # 16 chunks of 84 times each
     Check the documentation if the code is taking too long or if it crashes...
     Splitting the plot array to allow GP prediction of extended datasets, it may take a while...
     # 13 chunks of 84 times each
     Check the documentation if the code is taking too long or if it crashes...
     Splitting the plot array to allow GP prediction of extended datasets, it may take a while...
     # 21 chunks of 84 times each
     Check the documentation if the code is taking too long or if it crashes...
     Splitting the plot array to allow GP prediction of extended datasets, it may take a while...
     # 21 chunks of 84 times each
     Check the documentation if the code is taking too long or if it crashes...
     Splitting the plot array to allow GP prediction of extended datasets, it may take a while...
     # 21 chunks of 84 times each
     Check the documentation if the code is taking too long or if it crashes...
     Splitting the plot array to allow GP prediction of extended datasets, it may take a while...
     # 14 chunks of 84 times each
     Check the documentation if the code is taking too long or if it crashes...
     Splitting the plot array to allow GP prediction of extended datasets, it may take a while...
     # 16 chunks of 84 times each
     Check the documentation if the code is taking too long or if it crashes...
     Splitting the plot array to allow GP prediction of extended datasets, it may take a while...
     # 13 chunks of 84 times each
     Check the documentation if the code is taking too long or if it crashes...
     Splitting the plot array to allow GP prediction of extended datasets, it may take a while...
     # 14 chunks of 84 times each
     Check the documentation if the code is taking too long or if it crashes...
     Splitting the plot array to allow GP prediction of extended datasets, it may take a while...
     # 16 chunks of 84 times each
     Check the documentation if the code is taking too long or if it crashes...
     Splitting the plot array to allow GP prediction of extended datasets, it may take a while...
     # 13 chunks of 84 times each
     Check the documentation if the code is taking too long or if it crashes...
     Splitting the plot array to allow GP prediction of extended datasets, it may take a while...
     # 21 chunks of 84 times each
     Check the documentation if the code is taking too long or if it crashes...
     Splitting the plot array to allow GP prediction of extended datasets, it may take a while...
     # 21 chunks of 84 times each
     Check the documentation if the code is taking too long or if it crashes...
     Splitting the plot array to allow GP prediction of extended datasets, it may take a while...
     # 21 chunks of 84 times each
     Check the documentation if the code is taking too long or if it crashes...
     Splitting the plot array to allow GP prediction of extended datasets, it may take a while...
     # 14 chunks of 84 times each
     Check the documentation if the code is taking too long or if it crashes...
     Splitting the plot array to allow GP prediction of extended datasets, it may take a while...
     # 16 chunks of 84 times each
     Check the documentation if the code is taking too long or if it crashes...
     Splitting the plot array to allow GP prediction of extended datasets, it may take a while...
     # 13 chunks of 84 times each
     Check the documentation if the code is taking too long or if it crashes...
     Splitting the plot array to allow GP prediction of extended datasets, it may take a while...
     # 14 chunks of 84 times each
     Check the documentation if the code is taking too long or if it crashes...
     Splitting the plot array to allow GP prediction of extended datasets, it may take a while...
     # 16 chunks of 84 times each
     Check the documentation if the code is taking too long or if it crashes...
     Splitting the plot array to allow GP prediction of extended datasets, it may take a while...
     # 13 chunks of 84 times each
     Check the documentation if the code is taking too long or if it crashes...
 Writing the plots 
 Writing the   data files 
 Writing the  MAP_ data files 
 Writing the  sampleMED_ data files 

****************************************************************************************************

