1.953774404117 
1.983398384378 
1.702067865246 
1.574359393238 
1.851246621937 
1.741888452813 
1.885753668199 
1.674391539826 
1.760404661984 
1.621133581799 
1.621112012911 
1.621112012911 
1.619131949805 
1.670809385561 
1.676797140007 
1.661678294869 
1.657611882025 
1.648421958733 
1.372941138100 
1.669649061526 
1.756876067116 
1.522677293159 
1.809559639031 
1.683603401443 
1.687648802957 
1.766974085162 
1.918405538370 
1.904047056862 
1.847458381358 
1.792888051484 
1.795194230860 
1.752115150908 
1.728027606125 
1.770973433855 
1.856791565745 
1.679970261278 
1.755849190208 
1.568015660446 
1.688254569017 
1.757852265946 
1.740454560161 
1.756375469132 
1.743943643278 
1.771560322543 
1.744334111097 
1.724743348676 
1.478022763966 
1.566357732556 
1.634504923251 
1.771214358513 
1.759089106590 
1.689003029664 
1.416461712057 
1.641612999755 
1.658781993409 
1.587988054771 
1.695976944292 
1.545693450845 
1.612157596801 
1.655005990404 
1.662724115401 
1.790488298360 
1.679597204356 
1.608429888027 
1.720118628819 
1.884148358815 
1.944452082625 
1.835519306339 
1.963783887992 
1.864363848828 
1.813848554534 
1.723915133803 
1.901686173680 
2.002854477952 
1.958661918792 
1.855265361880 
1.847812269807 
1.582895168451 
1.852259092268 
1.903755268357 
1.895398565237 
1.886208199702 
1.845518025977 
1.955175739000 
1.823955880971 
1.817693368240 
1.968117052329 
1.998068240526 
1.730221206971 
1.692004381426 
1.782618472955 
1.901343074684 
2.009369777908 
2.018325638070 
2.002340573088 
1.907059017996 
1.865802439971 
1.692033435258 
1.547121765718 
1.668714024740 
1.885290307334 
1.957323645381 
1.996208507302 
2.117708353690 
2.069485068192 
2.133417645329 
2.005264979653 
2.052173028531 
2.034846926902 
2.228583443299 
2.158003912475 
2.084361764561 
2.202708796677 
2.104472555593 
2.110430483348 
2.266534649388 
2.350078459660 
2.350651210064 
2.162083486241 
2.117213965210 
2.325918401154 
2.225099268662 
2.131332801012 
1.948395627994 
1.757947525938 
1.863175125154 
1.837498308048 
1.800972253029 
1.942718793585 
1.917800306891 
1.887134976932 
1.828862942862 
1.913423292146 
1.999169494746 
2.083904536354 
2.121180216108 
2.305902057460 
2.179857281641 
2.066816638180 
2.016276878073 
1.998926572258 
2.052225062554 
2.194552523802 
2.155901795127 
2.095349202411 
2.196297059076 
2.171952885461 
2.080840256017 
2.150605250509 
2.048602551637 
2.068713347116 
1.978208064170 
1.922628989240 
1.673630431620 
1.720198087182 
1.724693722945 
1.811760197157 
1.891419258619 
1.880205136400 
1.823940856243 
1.810688803559 
1.767188034167 
1.897316169279 
1.983298551084 
1.880012563028 
1.942699681829 
1.862565206137 
1.781529933431 
1.700379462976 
1.700061161355 
1.610892867903 
1.780431347320 
1.808674772055 
1.850532721648 
1.878988292427 
1.901248871471 
1.884807949660 
1.915029493939 
1.887494661808 
1.907128117659 
1.818029338499 
1.819424446254 
1.859192705849 
1.900163695113 
1.961802378719 
1.984109565729 
2.067336680914 
1.957526568405 
1.979209120806 
1.834551009530 
1.674462984199 
1.613305640698 
1.580244182291 
1.488015384887 
1.503068252145 
1.518994723793 
1.606690110084 
1.815067415571 
1.950715745946 
1.944910875366 
1.816167949904 
1.755514070424 
1.773353528683 
1.857334360649 
1.822775315153 
1.861140282058 
1.846369253666 
1.893478467051 
1.822067597930 
1.815949001975 
1.850991671118 
1.824939276139 
1.859085325628 
1.862358819754 
1.771805820920 
1.700871460331 
1.685141622030 
1.714213779305 
1.689085075485 
1.695837671655 
1.691461538561 
1.701315627698 
1.700645560143 
1.742982157540 
1.911802204911 
1.868244490381 
1.876213593070 
1.888973036908 
1.905127130224 
1.997978613355 
2.029068537238 
1.832548852311 
1.992603299529 
2.043310226201 
2.101681680669 
2.025759126608 
1.962926295342 
1.937700759804 
1.908347544018 
1.890832505357 
1.912860755254 
1.718705715610 
1.731682215452 
1.666337795027 
1.627727816057 
1.601916266824 
1.631092755072 
1.616997368104 
1.730045501546 
1.772562024547 
1.694470792379 
1.701794649484 
1.738508882809 
1.759920562906 
1.699104882081 
1.685358142099 
1.697417005663 
1.697249139205 
1.713150358974 
1.695316170611 
1.759082915959 
1.766069293988 
1.762334468775 
1.827132736741 
1.822637930450 
1.863576022917 
1.873264229517 
1.727827641685 
1.683882003374 
1.695618011645 
1.658977091358 
1.666001924808 
1.644562828625 
1.618445703981 
1.543356296526 
1.525749702576 
1.572667499007 
1.612210631180 
1.660232956756 
1.654336840376 
1.628865509591 
1.610967797175 
1.611886029585 
1.703358015235 
1.671231907510 
1.644635121939 
1.644635121939 
1.619854720874 
1.709815405785 
1.718472790010 
1.733571882818 
1.724076282923 
1.719990662057 
1.811856159021 
2.096619497005 
2.004081407696 
2.048605333807 
2.092598762616 
2.125978066134 
2.085926878111 
2.140208906178 
2.243285496072 
2.043747797209 
2.072956261766 
2.386284552710 
2.232598526772 
2.089871985129 
2.214950849838 
2.156102610394 
2.251840876539 
2.314494667358 
2.261136878574 
2.286027372521 
2.240747962171 
2.066481798028 
2.325352254195 
2.630897538078 
2.492868635921 
2.454622647262 
2.488929073195 
2.653370805048 
2.427936903562 
2.559272027023 
2.415553961324 
2.338518396134 
2.359161254538 
2.235168203940 
2.281534378501 
2.387750161548 
2.261880678011 
2.288290427472 
2.208308531654 
2.183772488719 
2.256149220192 
2.221505223349 
2.192609740295 
2.197314472475 
2.240951854713 
2.216852532465 
2.192708469626 
2.205493961075 
2.101040847059 
2.106880975642 
2.145189940189 
2.103359807398 
2.164077269436 
2.079167638960 
2.005894201036 
2.021055425922 
2.110042785467 
2.013781828795 
1.943113090552 
1.917203418537 
1.887069806066 
1.769514075116 
1.780203555349 
1.697289430917 
1.809482775262 
1.790792296793 
1.812592998236 
1.831120685479 
1.859054993402 
1.873211284532 
1.877640305117 
1.768338443012 
1.751229573244 
1.768273101261 
1.809756256885 
1.900222958180 
1.862315857160 
1.902462937995 
1.892382606156 
1.916288334350 
1.949473728844 
1.920697340485 
1.744374010311 
1.777195154411 
1.790329353993 
1.829156052180 
1.818002079226 
2.280354343243 
2.090001716189 
2.054018093136 
2.121450913507 
2.208246579018 
2.248466023680 
1.913110069688 
1.919616263013 
1.919482848552 
1.975362801993 
2.000200390370 
1.925092271329 
2.162134740338 
2.054823236617 
1.945471621637 
1.828137791393 
1.722235560840 
1.761499481900 
1.819003231388 
1.654821870325 
1.893787323124 
1.771971105686 
1.950389592319 
1.938929062710 
1.881595300262 
1.809503042312 
1.971883650487 
1.898639997843 
1.737717766659 
1.601094084493 
1.682973445446 
1.707941495671 
1.735806155466 
1.618210205352 
1.524995648224 
1.826821619085 
1.891448978026 
1.874202105680 
1.673604148412 
1.799948295670 
1.976049945435 
1.900087531558 
2.041731362503 
1.909753616142 
1.971351975557 
1.988057995138 
1.682914242393 
1.917953372850 
1.653759565480 
1.755516664170 
1.778456759660 
1.703012484432 
1.813759048910 
1.799316884291 
1.692084081617 
1.722454769870 
1.834763445889 
1.934709644373 
1.915257898778 
2.136979835990 
2.070026836538 
2.321631726551 
2.369838360084 
2.463523616618 
2.148811469163 
2.006311416945 
2.108477647630 
1.996165033799 
2.060687494940 
2.042861115128 
2.043761764890 
1.879867696856 
1.786079769608 
1.786862047066 
1.824247884188 
1.756146924888 
1.845892306416 
1.910614682373 
2.015137297124 
1.986494545464 
1.879634131737 
1.742389646516 
1.770391721710 
1.760821327304 
1.718924137209 
1.707161256009 
1.872386092647 
1.808534492457 
1.736059412523 
1.744272815381 
1.745420637981 
1.804272771454 
1.674680020075 
1.592561137429 
1.554396493942 
1.534546426036 
1.530556902888 
1.466912294837 
1.375692535858 
1.417767887257 
1.426422458239 
1.692551541762 
1.673574606641 
1.695442522390 
1.802549098224 
1.812146003550 
1.894635704585 
1.912391123918 
1.939199453077 
1.911909184963 
1.747023269986 
1.822571952377 
1.789921529286 
1.816736773603 
1.824081441677 
1.843723400059 
1.765452025101 
1.829345883729 
1.681481903476 
1.677279376301 
1.674756976859 
1.642790815640 
1.571538566913 
1.545099638945 
1.605827462208 
1.581880513989 
1.665408877002 
1.612255962877 
1.619135575921 
1.656313952533 
1.725287257330 
1.756150914755 
1.749956169417 
1.689474734174 
1.661853534121 
1.694443795795 
1.635232644375 
1.697869595232 
1.658231216425 
1.708971959525 
1.760803228401 
1.619876355097 
1.721647469737 
1.704283232330 
1.699907565567 
1.791775982637 
1.751325373592 
1.661984391061 
1.639091359898 
1.657076209478 
1.642575323841 
1.711382847048 
1.682547454331 
1.377516966429 
1.743124020242 
1.641826823400 
1.522674801472 
1.661571873303 
1.622570526111 
1.536734946963 
1.773753160627 
1.745658177543 
1.731733121731 
1.772868501180 
1.664951892403 
1.613723071151 
1.599324368960 
1.546886084542 
1.609028096254 
1.645405398997 
1.642632154097 
1.605285036641 
1.659333686109 
1.713977592913 
1.625719321847 
1.441239889026 
1.575961324823 
1.544250383196 
1.637247072342 
1.795911519908 
1.879810520399 
1.735056012854 
1.698282278762 
1.633814504134 
1.685020005147 
1.688385360377 
1.734878752778 
1.740541029346 
1.742813771944 
1.740116740204 
1.771952557037 
1.808678566694 
1.802169168138 
1.910170016060 
1.971490876428 
1.763670644479 
1.980637495650 
2.151148844627 
2.078408415550 
1.999185165631 
1.992806702047 
1.915760671420 
2.072499970132 
1.991715700663 
2.093613127155 
2.166119520235 
2.172755156347 
2.192646072354 
2.095475322906 
2.090618735046 
2.018652092911 
1.903680216349 
1.796159957415 
1.713801533852 
1.720521072754 
1.726352814978 
1.744899197389 
1.779814047042 
1.757710405658 
1.813337968459 
1.753038628355 
1.819628724304 
1.719426445910 
1.683163313436 
1.758125695670 
2.071172286023 
2.191800810220 
2.150007243256 
2.079331124609 
2.050784224744 
2.156499569988 
2.008022751039 
2.067095559727 
2.070522095729 
2.192169666498 
2.276845794910 
2.189687211739 
2.131736612769 
2.269806881982 
2.199231415182 
2.114162578122 
2.144018308608 
2.153558703678 
2.120901275753 
2.098742610262 
2.137682331668 
2.165731538328 
2.113258652522 
2.090028026332 
1.999613119837 
1.975289156375 
1.884953049476 
1.987105295531 
1.976636248684 
1.961158753006 
1.830169379690 
1.710120072095 
1.571369167368 
1.592464221223 
1.807077937346 
1.850378930845 
1.743904444927 
1.846525100594 
1.789315726376 
1.942104234536 
1.884333155241 
1.868225873806 
1.804997318739 
1.586720416687 
1.605150977456 
1.628152036342 
1.656431589466 
1.601852999174 
1.602655652625 
1.626916151677 
1.522518347934 
1.749955265123 
1.664342522025 
1.678880745866 
1.721375662379 
1.766198212239 
1.735981621568 
1.759328243012 
1.837391959669 
1.773874894571 
1.767549767712 
1.867046060476 
1.874577838981 
1.871287558015 
1.937321180971 
1.911510568791 
2.102659216072 
2.094472556225 
2.169356463107 
2.140021221073 
2.223404962794 
2.082699095112 
2.058834079030 
2.107013797532 
2.103844710855 
2.120362980383 
2.153236986642 
2.019461510860 
2.028797984170 
2.063756951767 
1.932982380341 
1.733132195623 
1.761879705078 
1.986421987028 
1.978024770462 
1.971287474811 
1.978200050889 
1.973560619955 
1.945806721503 
1.802848785073 
1.851582376804 
1.858428437585 
1.850325201716 
1.788508549296 
1.778763904617 
1.773172330292 
1.774624237813 
1.704045503978 
1.741587558897 
1.718487755308 
1.704187866808 
1.653079414220 
1.627633361381 
1.506050984277 
1.462836478245 
1.585403188087 
1.571100185699 
1.581931067777 
1.786295143247 
1.805121998207 
1.778156964911 
1.762875001241 
1.790355025799 
1.635186333304 
1.666861453165 
1.642629040065 
1.869460609747 
1.765073506653 
1.762069509681 
1.955530013840 
1.866075154833 
1.854012635445 
1.787006582217 
1.732383190654 
1.745902498042 
1.735950989636 
1.706685773699 
1.620930351603 
1.566892753787 
1.633697656438 
1.532892048362 
1.631936701117 
1.717135302731 
1.745198215108 
1.767179675966 
1.666415463527 
1.696294907565 
1.819287362460 
1.771230161644 
1.837617199304 
1.910217218458 
1.718129344772 
1.782617142287 
1.742695960651 
1.696718313799 
1.869868811034 
1.902743058792 
1.897848406338 
1.794056026945 
1.762592412737 
1.686457446590 
1.665597994396 
1.762663490397 
1.899105048598 
1.914027906560 
1.925126406737 
1.908737336837 
1.967793528671 
1.915316157631 
1.462045074464 
1.579249243060 
2.058096062765 
1.987276432056 
1.534825731868 
1.517228887766 
1.630758437383 
1.704969251118 
1.773701359971 
1.743799506977 
1.685705315428 
1.940415752843 
1.962159451430 
1.647397895863 
1.430716883930 
1.577199408791 
1.622346067339 
1.447066157863 
1.727516137913 
1.747966304190 
1.720739912061 
1.622074024969 
1.672600983489 
1.882578464296 
1.771626054049 
1.691576195157 
1.662379081508 
1.682625458394 
1.758772494763 
1.795328376947 
1.744418792135 
1.683948500646 
1.737106230689 
1.740803819127 
1.717113949761 
1.757624483082 
1.692873626951 
1.728751227404 
1.453569086042 
1.533584326886 
1.519812798712 
1.533221170784 
1.507979897935 
1.536595117021 
1.653506306071 
1.756600549537 
1.925533907065 
1.942724355221 
1.966977574022 
1.932264882384 
1.953570466565 
1.993256412996 
1.989554899142 
1.918138143352 
1.907150973043 
1.878147959519 
1.879654962752 
1.830280682858 
1.835748893227 
1.827966253157 
1.845031496610 
1.865991011819 
1.875047029290 
1.888144525923 
1.917936848001 
1.794350783481 
1.965278247463 
1.937728687331 
1.979152671149 
1.978550126338 
1.917591627794 
1.863043198455 
1.930304263657 
1.905309890177 
1.958352089090 
1.970657458290 
1.968913497534 
1.909498757116 
1.918763406526 
1.918605726429 
1.966686158573 
1.949481630315 
1.901555465063 
1.862714723110 
1.848165193439 
1.845154660506 
1.829953313303 
1.816117674988 
1.882452712735 
1.736001463835 
1.721576013427 
1.699719270267 
1.630520521131 
1.664515495380 
1.631456008185 
1.626414601464 
1.617854317784 
1.622599791537 
1.609721148707 
1.606762108958 
1.604080666742 
1.585899381091 
1.528877020011 
1.643651687397 
1.606622179601 
1.653743821361 
1.692405438646 
1.711249488234 
1.668865693897 
1.692843917563 
1.651720987611 
1.695473267952 
1.714999583741 
1.731130045078 
1.735299854616 
1.698534265108 
1.709671430145 
1.723753959027 
1.764279779012 
1.767980100433 
1.755859470246 
1.778636499644 
1.781055624109 
1.706197615743 
1.727427988038 
1.685310248462 
1.713603856229 
1.903051443975 
1.873446680426 
1.925517994463 
1.925435460136 
1.903259520036 
1.901424791601 
1.918746140230 
1.964964321104 
1.915476676811 
1.966518438227 
1.985835363674 
2.056067275155 
1.957672245177 
2.060270764841 
1.954102002549 
1.920849537659 
1.928434043241 
2.038543124852 
1.873143114559 
1.987088805775 
2.009903625727 
2.042578011354 
2.171444515508 
2.162108274670 
1.965798806167 
1.951870314451 
1.789689541997 
1.894364916885 
1.883362022942 
1.775653744002 
1.816655741349 
1.846848853149 
1.864955769333 
1.880642137643 
1.778501928529 
1.740803791616 
1.711021084381 
1.804194124927 
1.818022619620 
1.803765908185 
1.727441094425 
1.729945870845 
1.664887465827 
1.699766910991 
1.704329368331 
1.624771855469 
1.671885177063 
1.740605473004 
1.704980138771 
1.801932644165 
1.818841077331 
1.851059841868 
1.899695741291 
2.048197459224 
2.055219431208 
1.970344563657 
1.967259068539 
1.958665406709 
1.941612467797 
1.934829750752 
1.946729122173 
1.943355301790 
1.953618318895 
1.795525726098 
1.792415020604 
1.780327494623 
1.760668335517 
1.826822239232 
1.835348481412 
1.824425797503 
1.827972110713 
1.869942811830 
1.871956703097 
1.866965597537 
1.848968267809 
1.780597271795 
1.826097381154 
1.683173210142 
1.440051112579 
1.469126742012 
1.557146360008 
1.568012083176 
1.678044886120 
1.602462894972 
1.669950090488 
1.614299931435 
1.621426105272 
1.704967137998 
1.779966114201 
1.751228994557 
1.712186552465 
1.702961417219 
1.819099983837 
1.766681107675 
1.873988545779 
1.960552522776 
1.950982380546 
1.995896940781 
2.046764669305 
1.950635976221 
1.981116862353 
1.917041513611 
1.872767304536 
1.854560231281 
1.900763194371 
1.902409053362 
1.923944160297 
1.934830702723 
1.955898978890 
1.960295368790 
1.976155522435 
1.990437851340 
1.985144481813 
1.961580402131 
1.944040416192 
1.918038128618 
1.937626368161 
1.938497954080 
1.954960618458 
1.945430291776 
1.919878602132 
1.828528427061 
1.779942314759 
1.808592595643 
1.706539698375 
1.672634976395 
1.692318655046 
1.646669330939 
1.638815963244 
1.435913005951 
1.490460123227 
1.485871127994 
1.618758620034 
1.685960270972 
1.635351211548 
1.675290944234 
1.637396424297 
1.737690107596 
1.646159574950 
1.653167970331 
1.543563859552 
1.532176982294 
1.510560629481 
1.524016935997 
1.497311252235 
1.584677033780 
1.545403958773 
1.543066437302 
1.474478246564 
1.512017112122 
1.493619149232 
1.616040636062 
1.622838982168 
1.535676060103 
1.482255731351 
1.669438655787 
1.609926697919 
1.584962635127 
1.749151408135 
1.630221010433 
1.597334787776 
1.615053505567 
1.518839257339 
1.586671987061 
1.660272353661 
1.595781561480 
1.588058180251 
1.512343068894 
1.558243488964 
1.554020927469 
1.542834852249 
1.591334735659 
1.601107510495 
1.580894014182 
1.798262942302 
1.828039574210 
1.935368977943 
1.910089398122 
1.859594834669 
1.931496256666 
1.887077185502 
1.838653531679 
1.807872180521 
1.820524765611 
1.773665312922 
1.818466087520 
1.820195555062 
1.827921369280 
1.819760656502 
1.800701248159 
1.799775490016 
1.810341984993 
1.809464643651 
1.817890268595 
1.759328389946 
1.820120389821 
1.806173242870 
1.773578709561 
1.768875365491 
1.642318303928 
1.710730759207 
1.711741672577 
1.733689238919 
1.701409142449 
1.667884413487 
1.700915152417 
1.701968647750 
1.712597631291 
1.765807257190 
1.779852891285 
1.794045200366 
1.723190675269 
1.573289944675 
1.590825502578 
1.631711296970 
1.621335921004 
1.614105534194 
1.745407977176 
1.696808590995 
1.782153838713 
1.806813939481 
1.770378260335 
1.739036333168 
1.790878729793 
1.869863023485 
1.833526694626 
1.846140764751 
1.944503305527 
1.847160712840 
1.796257270858 
1.749346777262 
1.678155903911 
1.734409224905 
1.765637575871 
1.724163825397 
1.711628637043 
1.726739346804 
1.686980858575 
1.691254134205 
1.710368863019 
1.762950136972 
1.757012375706 
1.783558527185 
1.697917857912 
1.635840722052 
1.682120935173 
1.755246906524 
1.633232267748 
1.638299279973 
1.672028594435 
1.554207078890 
1.626978590682 
1.625854784531 
1.526740691586 
1.445840072309 
1.445767657859 
1.600679368097 
1.428831292512 
1.594876007911 
1.609670035320 
1.596482644910 
1.373331724030 
1.438154238108 
1.377328409367 
1.582037545165 
1.544488202412 
1.512308618381 
1.583124931143 
1.590574221331 
1.584167357878 
1.631127028607 
1.631404105311 
1.615471157881 
1.717312732500 
1.767642094674 
1.794930603323 
1.695434888506 
1.608313637165 
1.797899448463 
1.770244758789 
1.767639732146 
1.709612350996 
1.691341677258 
1.627440907515 
1.504788472667 
1.675805114701 
1.547085208447 
1.574025757558 
1.654047816018 
1.636605969472 
1.673806586276 
1.591037961621 
1.654100338967 
1.693406672814 
1.581950997332 
1.512989407635 
1.579521632677 
1.430269468932 
1.559071765414 
1.662255339399 
1.490777063959 
1.677908742068 
1.603242743619 
1.665175823407 
1.677566374668 
1.713316675554 
1.541015699541 
1.433506772936 
1.596830298608 
1.882516886673 
1.707823076400 
1.774194637697 
1.734985809807 
1.726066422829 
1.750441309260 
1.710579677893 
1.685410999945 
1.646942578981 
1.617416665645 
1.536062609537 
1.540676163379 
1.546622058743 
1.444734829107 
1.513922986827 
1.489426121932 
1.430335954047 
1.531094158119 
1.529465470980 
1.512798286436 
1.574798863106 
1.652264923862 
1.629295648969 
1.684849654941 
1.702194315920 
1.694710055622 
1.803959604639 
1.753523974433 
1.787651583211 
1.708083362777 
1.532540059533 
1.492532155556 
1.553938919865 
1.704530048050 
1.684674148898 
1.660470916727 
1.715707907148 
1.750922473979 
1.746482257426 
1.718145311169 
1.556717535070 
1.613648313539 
1.684498390708 
1.886509356012 
1.790332815011 
1.835404391146 
1.890038657742 
1.980696416341 
1.791370027129 
1.665950286462 
1.598816762119 
1.613070802247 
1.651423744434 
1.644936243318 
1.736823674967 
1.840629054244 
2.057024428784 
2.033987061990 
2.108531964080 
1.939651594641 
2.103921080710 
1.881283829719 
1.843034934490 
1.745931524152 
1.648487386631 
1.662228100883 
1.678579354314 
1.660935346504 
1.728400244275 
1.471962348261 
1.613461746780 
1.574548984776 
1.642251854826 
1.773890517267 
1.876530039214 
1.938543958773 
2.011059025652 
1.783359945472 
1.725541402655 
1.698746745621 
1.628772056277 
1.596283825310 
1.609411540713 
1.654727579820 
1.645808902228 
1.741290414254 
1.793471251673 
1.662332581256 
1.678225674205 
1.629082159245 
1.643440481132 
1.645293019173 
1.694281745993 
1.646760853945 
1.641567298379 
1.643570039470 
1.754931916462 
1.752338466294 
1.747662491392 
1.722511648053 
1.788011595797 
1.821812439739 
1.884156016641 
1.968007340337 
1.925323467837 
1.861350314622 
1.868906836537 
1.833553655491 
1.781698947766 
1.881788391521 
1.771107745435 
1.831899606307 
1.827903699180 
1.792832754393 
1.801587749774 
1.842915638033 
1.855450869571 
1.869635315036 
1.858937676389 
1.851546527190 
1.824817193929 
1.784150742463 
1.790819949851 
1.800188502940 
1.873032897044 
1.861496586523 
1.783687052196 
1.824941130946 
1.733196090770 
1.768483145875 
1.790401294255 
1.815809266788 
1.679420877839 
1.669302060422 
1.630280208944 
1.590984548283 
1.628922403573 
1.691862823746 
1.698386789573 
1.667831046897 
1.671557552768 
1.703322400260 
1.788467540238 
1.741059649442 
1.736024307507 
1.509454197575 
1.681730340249 
1.768648204153 
1.675344819744 
1.767872832526 
1.843079350892 
1.841710659927 
1.857955915891 
1.919634071524 
1.980036683418 
1.965111565817 
1.968925935782 
1.829825002217 
1.861673038125 
1.921313268628 
1.985613235912 
2.015859445344 
1.913335455565 
1.875744399983 
1.820012248209 
1.842278502016 
1.814911941949 
1.855283546352 
1.843193266275 
1.825780498864 
1.616583084459 
1.689786069456 
1.711846963347 
1.776615873780 
1.633767408690 
1.655569406276 
1.635814942465 
1.698093666955 
1.633253192757 
1.958400367963 
1.893781557167 
1.882037003591 
1.875802784290 
1.926342055784 
1.918646487512 
1.917890224568 
1.957715099852 
1.932015924518 
1.883608672084 
1.827313492367 
1.744097968093 
1.708498565501 
1.704863314650 
1.781738331491 
1.777661760759 
1.779664837630 
1.660402883896 
1.747307540372 
1.809929521520 
1.849764739519 
1.825899658627 
1.815087458720 
1.896848734373 
1.899631128978 
1.835852369106 
1.860515114499 
1.819464943276 
1.822894136328 
1.854061550528 
1.868758614585 
1.869909586702 
1.895030519970 
1.932862542364 
2.010873132990 
2.034822154573 
2.066421084974 
2.214013282896 
2.213315816533 
2.095454594874 
2.160433144321 
2.145886368406 
2.120274643575 
1.985742035849 
1.932248376229 
1.931348005716 
1.888866869446 
1.880607672056 
1.895836051722 
1.909386694568 
2.020069386665 
2.015213728175 
2.115214926510 
2.061965258773 
2.093463968967 
2.112118513146 
2.103507398786 
2.021767674902 
2.019964704830 
2.058070376899 
1.919096492994 
1.924633611916 
1.849185290631 
1.889090391791 
1.851529516922 
1.809800835619 
1.813505722628 
1.894347362095 
1.863371049677 
1.825946376295 
1.814706605102 
1.823200991793 
1.792959883414 
1.735793472728 
1.744873085873 
1.716840299299 
1.714344496398 
1.724464598810 
1.723510542027 
1.682487153410 
1.684344325098 
1.687994244193 
1.674019466695 
1.673910455180 
1.675512986044 
1.681322054064 
1.707795833347 
1.687307870501 
1.713801514251 
1.772431077083 
1.806127822874 
1.821718233822 
1.891272162327 
1.891563773595 
1.859972011565 
1.742147219361 
1.694959473372 
1.738767418707 
1.763063621666 
1.770148594801 
1.734535443904 
1.782680153363 
1.733084086483 
1.693148067586 
1.769093514930 
1.773019602754 
1.812995699900 
1.807344586486 
1.830795188528 
1.827004087741 
1.795259808450 
1.820552464085 
1.842406040724 
1.868000605624 
2.026016773423 
1.935004410424 
1.959419694637 
2.017127702600 
2.007972238601 
1.983874083048 
1.984739845745 
1.950086195719 
1.949900964335 
1.967631148798 
1.943337140600 
2.010266999106 
1.923043880680 
1.925703056294 
1.927665516937 
1.981780582335 
2.001789635121 
2.008167372231 
1.906268790324 
1.962414863289 
1.939003664504 
1.954168767366 
1.934020915240 
1.914594873683 
1.932984672682 
1.897355280967 
1.949728204362 
2.069634127409 
1.998002549430 
2.129575629450 
2.132077090956 
2.200943396700 
2.187024054178 
2.098837865777 
1.971726602220 
2.100609953724 
1.955499448451 
1.657087789648 
1.621819374548 
1.896647146244 
1.526756060022 
1.586308871005 
1.474022952116 
1.599286036833 
1.686177318365 
1.807364721753 
1.709204885066 
1.873563566444 
2.002101966736 
2.166405049416 
1.999140068779 
1.820723935628 
1.857702432874 
2.034740416203 
2.165833671099 
1.872893164330 
1.944431510691 
2.146666197725 
1.874753397664 
1.688418577484 
1.694089876184 
1.568569183351 
1.734187774652 
1.578002455228 
1.511087700876 
1.665485852448 
1.679525135767 
1.606133405952 
1.681987825397 
1.729175899279 
1.838510299836 
1.966253959340 
1.823951552736 
1.854435099379 
1.834037256959 
1.953650537710 
1.950933468158 
1.829647043547 
1.856563251752 
1.892142032121 
1.850552002640 
1.800538874896 
1.809616126703 
1.729388901423 
1.649882321335 
1.638999858543 
1.782707900811 
1.946392001941 
1.924345175899 
1.762537604073 
1.558932994657 
1.948336140733 
1.721307170614 
1.630444195461 
1.719193096692 
1.637585038120 
1.684461965113 
1.865656789974 
1.900372397509 
1.947811920314 
1.955510645173 
1.987028632160 
1.940305561545 
1.999269348184 
2.014349779811 
1.981776090753 
1.969175827663 
1.938677682475 
1.886317333730 
1.645476884791 
1.708966917760 
1.679576190457 
1.677900922632 
1.703076345234 
1.911634226375 
1.671789682456 
1.937223412220 
1.966748891533 
2.126354674053 
1.729952530471 
1.714789973162 
1.966517171761 
2.021483031689 
1.912160351147 
1.852037212405 
1.779534596705 
1.787996444129 
1.756246615554 
1.743437148756 
1.715674613051 
1.770170030936 
1.951492460234 
1.753866207081 
1.773423652944 
1.743539400089 
1.672358540234 
1.739660869562 
1.744597845299 
1.677737899371 
1.644651727933 
1.670107540711 
1.685229768925 
1.590751421555 
1.697859453277 
1.776161097923 
1.816709839498 
1.806339537366 
1.926434019515 
1.898862924001 
1.951874848712 
1.785781573103 
1.803855351380 
1.806698398677 
1.800424360997 
1.678484621121 
1.757553170851 
1.785078446767 
1.856027673260 
1.896269297286 
1.928486169860 
1.998252105337 
1.960748796902 
2.036833091979 
2.000948377246 
2.187251721647 
2.034688719793 
1.940636378719 
1.905759787880 
1.958519855302 
1.959656303242 
2.182358635676 
2.055805465294 
1.946893330992 
1.966987513595 
2.005333362767 
2.212003868715 
2.252162327214 
2.021779876455 
1.938854411844 
1.978210122651 
1.710954131029 
1.607797575624 
1.553849084034 
1.694442798554 
1.794987738301 
1.732774941747 
1.644856076859 
1.515478150814 
1.520569688289 
1.548548897067 
1.312630382568 
1.571995527125 
1.512259058723 
1.461106801958 
1.436464831098 
1.512307551724 
1.399434400862 
1.699287349434 
1.932749271432 
1.867618161375 
2.279910172714 
1.806341325694 
1.799261960821 
1.739447092300 
1.740696332237 
1.679955766862 
1.629267750366 
1.707279171430 
1.661964036331 
1.590295917646 
1.607914544028 
1.579426916717 
1.662907391294 
1.672672594205 
1.669379089215 
1.671371849183 
1.729642439070 
1.759507463336 
1.843983576639 
1.943244991249 
1.927315441759 
1.900845724526 
1.843210590607 
1.837989366588 
1.839964718608 
1.838654927220 
1.939748758771 
1.864479493313 
1.914654494034 
1.807326473267 
1.591384384768 
1.605974037244 
1.562439007647 
1.608347363940 
1.656935950205 
1.651806112938 
1.644242237417 
1.625528608177 
1.624833458885 
1.614264932866 
1.772000881825 
1.744677687960 
1.750878579901 
1.780366983840 
1.825860131313 
1.915056770528 
1.935173975102 
2.052674972068 
1.852142857861 
1.938416142160 
1.988476581797 
1.937338697796 
1.821951328123 
1.805246941005 
1.814150985019 
1.864405864450 
1.928589544207 
1.924036620777 
1.973437127629 
1.957388065782 
1.937004047893 
1.997060364984 
1.883280856070 
1.686694836621 
1.693969829523 
1.678975348295 
1.738273705061 
1.676489384795 
1.729141526097 
1.786109965283 
1.739742790839 
1.640656931870 
1.643274099872 
1.618630905692 
2.023539531167 
1.888268408200 
1.952502981530 
2.176378574655 
2.071688696499 
2.250357270614 
2.270231279783 
2.048417616648 
2.006922506204 
1.951615510792 
2.014330431836 
1.970913826757 
1.787529744950 
1.891885189189 
1.901814224976 
1.805561001049 
1.798203935185 
1.833437211789 
1.980619404557 
1.900154278969 
1.822768543941 
1.885790195726 
1.874718305009 
1.859579423562 
1.945183998795 
1.921868242345 
1.887683539338 
1.883967958367 
1.846785023338 
1.918592739079 
1.903077764786 
1.878324269534 
1.943429920107 
1.896854051758 
1.897097280085 
1.867101218711 
2.021078937478 
1.917182519440 
1.926949829482 
1.867475175243 
1.828128046359 
1.868131025262 
1.921283110839 
1.733021152657 
1.765788587589 
1.741142613809 
1.749431293181 
1.755711639095 
1.745952919684 
1.772006365793 
1.777854715821 
1.732190328942 
1.757848265215 
1.853943002058 
1.809861810295 
1.922974900906 
1.776779320720 
1.836474337650 
1.813397103894 
1.872600716131 
1.768893331272 
1.709874372617 
1.805120285400 
1.734112926886 
1.755853682430 
1.725803094671 
1.672760690534 
1.726022243437 
1.623467038071 
1.646581996555 
1.687312168391 
1.698218576506 
1.459647723739 
1.522482757038 
1.526878656386 
1.483353457450 
1.476185970695 
1.577666590530 
1.737088456560 
1.617473930307 
1.661356923889 
1.593260046385 
1.735463727157 
1.807315489044 
1.745754293877 
1.714198316002 
1.779720644530 
1.640477075810 
1.597392663936 
1.626483039336 
1.636765245096 
1.704156951614 
1.790151657107 
1.815285598878 
1.785421538391 
1.774528772651 
1.768901019733 
1.631576134758 
1.810356873937 
1.798397920493 
1.731844047235 
1.765775151833 
1.733306525978 
1.715917665473 
1.826069195196 
1.875117254477 
1.813235040095 
1.829694007649 
1.766663436725 
1.809950912906 
1.909815134299 
1.852488074466 
1.906913550781 
1.936367242640 
1.941207668299 
2.052640552168 
2.025053229299 
1.984597243093 
2.022406449264 
1.894735877515 
1.886359560719 
1.892038532269 
1.846543084970 
1.938180482423 
1.932830816077 
1.861939578954 
1.870317597220 
1.841660286421 
1.782322468433 
1.740768731461 
1.825766320399 
1.763101889574 
1.824245935130 
1.853438342257 
1.773669521060 
1.829864933749 
1.700746204294 
1.643748888034 
1.668209090060 
1.845188739524 
1.818718391558 
1.965582111004 
1.986399746931 
2.019664980971 
1.921795564228 
2.065029513050 
2.014242092768 
2.083090071397 
1.911549339398 
1.957420312030 
1.978398767940 
2.011365819343 
1.783964112043 
1.606433316677 
1.547830849993 
1.555298209540 
1.732915692986 
1.779735292666 
1.791112916849 
1.826438025613 
1.819560431817 
1.868717541928 
1.716538340807 
1.678473710045 
1.822691143051 
1.820534523613 
1.839157338579 
1.708780951550 
1.722356780744 
1.716882203932 
1.716942446436 
1.638933405676 
1.577941476444 
1.652634532289 
1.839346538819 
1.708159762486 
1.539125858063 
1.655289790351 
1.865594631479 
1.869681839931 
1.865980622734 
2.102468230972 
2.224667217144 
2.295344536031 
2.182805489856 
2.122076248871 
2.127028287388 
2.206837559217 
2.084577388764 
2.107405778393 
2.188517446413 
2.159828982524 
2.061096693532 
2.095332930637 
2.066103513393 
1.969605569982 
1.840267046184 
1.726741409173 
1.730158815644 
1.703457036094 
1.767667707266 
1.758391864618 
1.822111635141 
1.919653434901 
2.136804012134 
2.188068694478 
2.131533506141 
2.095312575346 
1.991506422844 
2.071849174015 
1.990074300727 
2.053216055151 
2.151205749823 
2.173850104879 
2.079599612627 
2.129693668124 
2.188237432501 
2.064027451476 
1.988752717845 
2.042410984964 
1.969976057659 
1.880382708210 
1.975976284638 
2.095869830576 
2.053573119580 
2.074762515530 
2.072284878975 
2.033530666400 
2.037618295498 
2.072311849535 
2.058256804155 
2.071752147642 
1.939546777413 
1.957053678813 
1.965616073013 
1.850061039070 
2.000432034887 
1.993150645255 
1.904567327561 
1.951235092347 
1.943806632058 
1.801190140202 
1.880693341521 
1.810996175784 
1.810938670382 
1.795302788814 
1.828972535526 
1.826053308024 
1.805115220532 
1.956571848099 
2.021808151229 
2.076568682441 
2.007808860350 
1.837836446781 
1.832707503217 
1.784588306771 
1.832851565281 
1.846166473901 
1.775685175822 
1.743760553647 
1.776437943826 
1.501613646305 
1.464757701383 
1.446958344022 
1.528341757592 
1.557858143804 
1.562965096711 
1.608052060658 
1.641403492319 
1.610693096265 
1.634993051854 
1.675745444386 
1.680026977037 
1.701364844883 
1.746554627512 
1.707337110957 
1.686238171482 
1.685771835877 
1.731330536606 
1.737976253402 
1.688589597307 
1.628406123315 
1.555014977693 
1.660086974028 
1.661935715070 
1.668882147796 
1.589488189099 
1.552566237850 
1.534801357947 
1.515941752747 
1.495788156324 
1.500789170345 
1.520761678353 
1.542015728730 
1.524980748149 
1.546491763960 
1.536923210219 
1.567062815716 
1.602940336840 
1.543219767479 
1.634246473129 
1.666970658675 
1.630908959538 
1.680121087649 
1.649074042896 
1.694308352450 
1.675816197595 
1.718359463706 
1.864519065845 
1.852076012773 
1.925057339639 
1.981452373881 
1.941621580491 
1.951203036469 
1.951463411570 
1.870742175058 
1.912063747594 
1.946547117938 
1.924628742078 
1.916387162650 
1.821281318789 
1.868064420511 
1.842428202792 
1.885024344109 
1.927958155668 
1.987762521053 
1.885152047184 
1.905272634525 
1.896001441523 
1.854520482095 
1.850015751744 
1.820331659248 
1.901555070449 
1.879748759000 
1.900806626807 
1.944093050239 
1.915143515428 
1.838027145860 
1.762743037273 
1.761818369034 
1.777265280515 
1.761647829947 
1.845158701390 
1.848714146359 
1.799491112211 
1.766855117804 
1.874159535453 
1.897988695069 
1.849372784166 
2.082539920939 
2.156062732137 
2.339641797104 
2.244804805418 
2.219744940834 
2.226420468875 
2.203034239017 
2.112652537641 
1.935514192346 
1.981344057908 
2.109652724648 
2.057520311341 
2.076028054778 
2.015435637442 
1.894025490106 
1.900688058859 
1.811342369695 
1.827795403704 
1.808089090300 
1.811342238570 
1.863548491656 
1.842950067909 
1.765328890387 
1.776225005195 
1.769980920600 
1.787412995213 
1.788208893934 
1.772207309511 
1.791682947008 
1.732579439359 
1.740866923539 
1.738038035212 
1.734864986540 
1.678112252206 
1.777091079579 
1.780721713114 
1.707295185189 
1.790973259457 
1.779535897583 
1.792877779271 
1.888368840451 
1.879547868288 
1.908894102352 
1.948711504569 
1.938491609225 
1.931137987414 
1.932185410417 
1.935909962244 
1.956285982842 
1.964395724577 
1.941086109258 
1.965312962421 
1.965548112453 
1.963168983600 
2.011920891423 
1.990452398102 
1.997866382329 
1.967728630616 
1.968795692221 
1.979686309614 
1.940524323251 
1.947553715814 
1.947711932307 
1.948765290899 
1.921144204686 
1.943895888168 
1.943895888168 
1.921568254916 
1.941104771392 
1.943928583887 
1.942518434794 
1.909106890326 
1.889769335688 
1.881650363898 
1.866600473200 
1.811996335707 
1.860612268893 
1.878355943624 
1.851544478420 
1.814364725454 
1.786381664409 
1.820183435156 
1.824010743237 
1.909638774267 
2.048219965537 
2.089567881980 
1.962316821631 
1.959556876951 
1.840179098195 
1.876446790258 
1.862099742817 
1.949519893207 
1.703481778258 
1.706715126734 
1.688842617134 
1.728264500201 
1.634839457172 
1.780470142131 
1.683346030678 
1.917593420797 
1.877580102056 
1.892142156840 
1.961744142712 
2.087394916088 
2.064401540168 
1.940704738282 
1.831710104011 
1.796102592718 
1.824030161394 
1.655764684206 
1.588712131496 
1.527380959289 
1.586709114620 
1.678813402775 
1.847818587985 
1.914526919776 
1.880522063700 
1.817211835090 
1.719160442899 
1.577926884585 
1.612874117286 
1.782584150270 
1.847130973523 
1.822421737813 
1.810714444869 
1.846455164870 
1.880778267913 
1.815807740911 
1.893446584385 
1.918880514799 
2.071173608195 
2.105429301183 
2.005716132646 
2.059599919365 
2.092267044880 
2.128830781410 
1.988901410491 
2.047116622557 
1.983317270882 
1.944717126340 
1.916466415494 
1.889085017906 
1.822661549102 
1.911686667848 
1.879644167443 
1.797179013275 
1.998069658975 
2.000966478402 
1.989795024466 
2.020769729435 
2.050290515707 
2.043008961937 
2.042851933042 
2.092703508355 
2.063817322607 
2.005071148243 
1.944643588764 
2.020051346833 
2.046581066790 
2.019561601775 
2.010188888681 
1.972501398953 
2.031154698394 
2.094185008640 
1.873877991599 
1.838726242279 
1.723874759202 
1.788802228712 
1.959507891123 
2.096882781813 
2.045719419288 
2.060433563514 
2.008017884569 
1.863046354151 
1.806310120982 
1.755045539614 
1.740604138460 
1.934784064285 
1.974151573390 
1.752163460154 
1.744040544761 
1.722429811029 
1.745863012914 
1.667962051487 
1.748775092040 
1.506990483648 
1.672256853906 
1.601371513944 
1.899883360867 
1.851986808433 
1.959201708094 
1.843524125075 
2.026727637229 
1.900948021507 
1.995168584292 
1.859585663563 
1.887559169464 
1.787435110568 
1.847987167427 
1.828973316853 
1.828109632244 
2.229698827847 
2.140367947557 
2.120649292670 
2.164639250192 
2.169888627622 
2.114092058993 
2.221167243388 
2.137658807325 
2.104557213486 
1.962745683537 
2.044499617102 
2.174585098162 
2.089389120696 
2.095524452616 
2.226995177000 
2.041324841399 
2.049680111074 
2.510363472738 
2.274519898341 
2.151396877261 
2.239456511507 
2.250062601430 
2.252761915599 
2.142015965358 
2.104093339609 
2.063094320855 
1.982489869512 
1.921042491649 
1.860736739484 
1.774949180172 
1.938969497850 
2.063246511194 
1.833035382143 
1.844844881441 
1.721444482601 
1.655604454798 
1.461566941071 
1.613375186412 
1.416566178441 
1.497506409752 
1.647465942568 
1.635892645590 
1.628540768142 
1.672777413474 
1.998791580855 
1.989452924233 
1.766127353551 
1.755580545518 
1.575764903608 
1.807321687489 
1.794391877656 
1.892581174062 
1.792915856946 
1.973882507804 
1.829552177939 
1.658479122706 
1.869881429167 
1.810164873506 
1.730211302478 
1.776566213071 
1.951215307522 
1.924917044354 
2.044715210465 
2.044561924668 
1.911297289069 
1.617994856176 
1.743225186440 
1.728308496334 
1.828252075124 
1.765337394887 
1.723390646039 
1.569699788619 
1.667476535028 
1.611303871704 
1.612129278496 
1.644681369774 
1.668215338829 
1.784639935028 
1.765776850794 
2.010561237677 
1.965448034998 
1.992788539503 
1.965370637620 
2.106992533976 
2.163703575004 
2.181657768076 
2.141613485661 
1.909103839788 
1.809371031504 
1.765238035972 
1.837538699480 
1.796344494894 
1.963200873709 
2.181149900234 
2.189043812302 
2.239763681865 
1.967811568153 
2.170188797265 
2.299327659543 
2.053529531009 
1.844484409777 
1.918099000794 
1.923338212678 
1.833736588536 
1.813360435505 
1.696398797514 
1.820386599469 
2.006175009395 
1.848510003116 
1.529131886597 
1.624572339707 
1.728127775567 
1.568263481448 
1.707981764682 
1.831639540095 
1.791305144529 
1.861587597635 
1.822395842749 
1.966974027127 
1.935429599291 
1.907758247104 
1.740538868223 
1.757920728209 
1.739148677247 
1.860437816841 
1.820773731345 
1.667366106003 
1.752437882782 
1.666490793301 
1.603606169428 
1.469422371795 
1.554449427246 
1.622767903779 
1.592383939482 
1.668752244693 
1.534283062414 
1.675016117777 
1.873304476298 
1.610910851365 
1.748681519048 
1.605523999619 
1.689609607587 
1.707914359845 
1.615862896879 
1.584177179094 
1.409493341689 
1.591206411306 
1.568108791985 
1.496081658356 
1.575730373535 
1.606504318424 
1.659061177636 
1.618316607896 
1.650274320513 
1.678605613071 
1.848169093878 
1.879434826301 
1.820967725030 
1.805610203369 
1.842794958016 
1.789948645811 
1.760522270713 
1.864093574686 
1.721129503482 
1.617607231671 
1.615169442553 
1.746581059407 
1.795201437122 
1.830415824221 
1.950735733094 
1.995443530320 
1.768851360761 
1.735810937185 
1.729675444220 
1.703282679668 
1.698424526580 
1.591886455830 
1.459195945843 
1.700083633088 
1.703111595752 
1.710352822056 
1.693998828336 
1.729790014414 
1.792027069794 
2.035657364695 
2.004529165610 
1.943210918410 
1.917850156525 
1.935122045878 
1.860429932519 
1.929909760893 
1.956773799566 
1.889329759136 
1.912062896612 
1.933106572371 
1.924604356640 
1.784499260231 
1.711648105636 
1.778920420590 
1.833898071974 
1.898573287428 
1.847703340521 
1.738191959772 
1.836393821718 
1.797699430652 
1.772144171705 
1.690836994591 
1.688593104469 
1.704836807224 
1.688416317181 
1.678809607349 
1.650637050814 
1.651119875977 
1.661207820726 
1.675327847250 
1.670183983084 
1.671225943575 
1.778100845425 
1.805999118213 
1.773710524785 
1.788952355454 
1.809438153168 
1.723289150356 
1.711598524564 
1.714854397009 
1.739086655847 
1.728029425158 
1.735895651557 
1.743074413628 
1.737515567184 
1.822671442178 
1.970610672743 
1.999956458550 
2.130251581334 
2.148403377586 
2.172619080199 
2.118703652042 
2.133646453518 
2.138751943556 
2.145363484812 
2.055920059217 
2.090330138137 
2.013663669201 
2.012745921335 
1.969176404008 
2.051970033077 
2.000550597400 
2.036107645256 
2.069222298066 
2.199258880321 
2.215162544954 
2.142479039377 
2.165594437628 
2.092247252290 
2.104535750299 
2.070943041865 
2.045617472528 
2.005071574288 
2.024924792544 
2.046739214184 
2.103853880160 
2.060427961469 
1.924133961776 
1.904600286806 
1.848866270822 
1.797994489839 
1.789345753730 
1.893585172719 
1.886188588020 
1.907103589216 
1.910343937889 
2.006784635288 
2.029042839133 
1.888987703522 
1.844052226542 
1.882724691850 
1.893419628326 
1.842617022151 
1.886341549808 
1.824307623057 
1.845635607267 
1.833081144766 
1.811490500795 
1.800413320504 
1.801802744838 
1.842085959693 
1.807468921478 
1.794861704303 
1.831761464241 
1.821005882635 
1.877749123580 
1.864611363489 
2.004208048545 
1.927150994671 
1.950159442424 
2.048997942946 
1.986600944623 
2.035371249561 
1.907570767130 
1.968643048230 
1.871475427677 
1.883891676835 
1.917087543730 
1.916135418203 
2.029837738895 
2.021055755320 
1.945910804325 
1.944611606904 
1.944572934291 
1.942320635615 
1.941343897334 
1.944484899968 
1.949778907017 
1.952455160145 
1.947950360745 
1.949423937183 
1.939933473739 
1.954653053782 
1.914869880161 
1.865020866147 
1.871338345358 
1.869745502023 
1.866929533932 
1.826003304790 
1.826108383909 
1.819542190472 
1.807035696643 
1.802128352245 
1.837634879001 
1.786836281657 
1.758914036338 
1.761328455024 
1.828026751114 
1.822191294663 
1.810535114482 
1.820838113456 
1.797628348551 
1.819531653339 
1.868251673250 
1.870146209593 
1.919573368482 
1.942968749780 
1.944735579800 
1.551972382816 
1.763949712940 
1.727906172339 
1.863240065530 
1.738870416137 
1.689198775264 
1.778912883389 
1.781009381218 
1.651652703872 
1.535585867711 
1.608755979701 
1.463303906067 
1.425146291087 
1.939644874114 
1.856477020292 
1.996516692611 
2.045836088214 
2.050097828050 
2.054465764885 
2.044666347289 
2.006633333125 
1.970416279146 
1.873284569869 
1.950798787879 
2.022244928605 
2.019807458660 
2.002117211987 
2.066470832243 
1.992595613151 
1.929817153459 
2.020517904115 
1.812042803611 
1.726619730772 
1.698073263784 
1.736822551384 
1.730728674081 
1.781623738745 
1.804647191010 
1.867933944793 
2.064153848858 
2.113493129715 
2.156814303875 
2.124111680333 
2.370124704800 
2.358899915166 
2.288210764452 
2.609291647609 
2.327709843357 
2.298730776870 
2.322980843414 
2.199478966693 
2.275601914550 
2.135678544197 
2.126911534700 
2.093905870335 
2.175407631051 
2.138027314623 
2.184985107695 
2.404997236372 
2.381385848051 
2.433318419087 
2.328206059664 
2.358351105959 
2.435227540936 
2.139959685108 
1.997658496009 
2.030596479231 
1.981062722224 
1.903412666384 
1.845410979328 
1.785534445261 
1.773756485459 
1.780357729717 
1.793720527285 
1.586536724328 
1.743926555234 
1.758137926025 
1.769606840177 
1.752219988944 
1.761865178392 
1.697787316550 
1.777496958604 
1.779826642477 
1.781737175620 
1.791718794912 
1.976231906182 
1.983177340438 
1.652340999865 
1.678029697201 
1.760053380791 
1.736275482502 
1.781491670130 
1.890317083703 
1.960558682870 
1.925923550807 
1.889893695848 
1.881135144146 
1.951017731971 
1.973622061711 
1.962703488320 
1.984911998279 
1.999623529292 
1.911612571143 
1.945787533188 
1.987320807066 
2.091738171974 
2.267695177480 
1.976956095308 
2.105212716249 
2.037590424484 
2.089160480996 
2.020886226667 
2.023771441311 
2.087501925445 
2.014598094514 
2.050036447397 
2.099870723890 
2.105428341819 
2.106180468078 
2.030658755083 
1.977666175005 
2.112156205194 
2.185865753607 
2.204269139746 
2.198432777951 
2.197818768126 
2.188502167328 
2.173952820515 
2.154563781433 
2.033700318539 
1.976648136589 
1.911581522290 
1.810406825806 
1.846605174335 
1.823720017018 
1.893980535239 
1.859645158413 
1.892838106710 
1.966011652000 
1.934591651444 
1.805235515231 
2.017478350764 
1.999752523848 
2.019130808518 
2.015598403070 
2.033040141092 
2.100258359281 
2.052947884836 
2.010518105606 
1.996493437970 
2.014908490779 
1.957124787112 
1.949092745447 
1.949460398684 
1.886705886586 
1.903439362756 
1.880413291202 
1.880403231848 
1.877106839081 
1.846629828351 
1.854566515306 
1.885543169821 
1.880093380318 
1.795498235318 
1.795120601305 
1.799306569160 
1.844818652736 
1.777059611196 
1.673886877232 
1.729760962385 
1.753724344911 
1.728007742218 
1.766520393465 
1.752018147369 
1.829708324643 
1.780795835834 
1.777932035724 
1.729650037658 
1.744165519742 
1.779828373098 
1.831253789769 
1.854974596654 
1.711849877432 
1.703046871650 
1.732404387205 
1.736178720285 
1.699711476059 
1.708194593142 
1.786535876505 
1.801037552320 
1.784894879596 
1.757234954851 
1.770307086382 
1.853333806527 
2.070290588941 
1.912445290439 
1.959372321244 
2.062138332358 
1.996833645997 
1.941451733812 
1.874026608976 
1.767388040740 
1.740879922464 
1.641897598948 
1.648507232691 
1.647249645706 
1.859484220495 
1.690026747516 
1.656047849248 
1.656490672054 
1.691505801184 
1.684484067874 
1.844968640555 
1.781939745472 
1.725989361846 
1.700551963565 
1.845128124800 
1.885420782149 
1.776432556202 
1.726100503273 
1.674225882591 
1.687703320243 
1.600371726977 
1.528721588021 
1.423670922825 
1.435216625119 
1.537059590109 
1.759253209398 
2.049656917188 
1.914940727641 
1.898137443365 
1.908881443916 
1.905186906915 
2.033921737562 
1.997303907122 
1.935950194634 
1.887379230671 
1.926443719862 
1.867717389105 
1.899195991853 
1.927195778640 
1.860539005886 
1.827079907484 
1.810655662434 
1.773184012948 
1.721438992412 
1.701187681969 
1.726326685186 
1.693500522472 
1.658246318348 
1.627190799695 
1.580791812867 
1.588739835196 
1.681179439690 
1.670571008099 
1.700219009588 
1.697875569598 
1.692153954434 
1.721033446735 
1.758537375268 
1.765317770533 
1.585763879181 
1.696318820638 
1.684116768166 
1.684476935254 
1.781616094872 
1.836324747245 
1.891106797457 
2.227219579757 
2.132186940946 
2.095308554992 
1.922921945597 
1.885002756538 
1.933949537128 
1.952688438097 
1.984584980408 
1.941879416809 
1.946045211624 
1.947101868904 
1.933535481101 
1.897910762834 
2.002821499323 
2.001748741413 
1.901797726060 
1.872136455154 
1.825034662866 
1.818603551096 
1.738642667715 
1.689975900559 
1.697209232884 
1.625536311995 
1.671083717154 
1.630250778842 
1.628007179435 
1.662328341024 
1.656869828963 
1.654184821282 
1.617691229316 
1.728219788893 
1.672272572170 
1.693653603764 
1.640978559402 
1.726214088400 
1.723820444562 
1.713114784710 
1.730437007071 
1.630629228226 
1.500999996959 
1.466707266875 
1.524089937931 
1.485540994917 
1.526685251828 
1.731702408664 
1.651245110150 
1.663050741783 
1.700236620588 
1.669454743911 
1.623855805056 
1.736171144850 
1.737627596717 
1.552767794957 
1.628141750761 
1.492232248845 
1.496867015939 
1.376150255610 
1.556255739798 
1.554102571485 
1.531555584792 
1.681699449405 
1.699723042823 
1.757552717823 
1.650168604480 
1.771833301991 
1.764585639041 
1.816771550149 
1.759430859543 
1.899398954598 
1.877309377545 
1.829770615948 
1.847222752582 
1.832746267451 
1.873348692964 
1.956756091548 
2.082723426489 
2.065543743399 
2.086606584288 
1.996695100623 
2.013491844600 
1.966804212270 
2.019184120225 
2.040416230984 
2.031753208418 
1.959750716345 
2.039744294098 
2.001541259798 
1.959081794222 
1.929742461371 
1.929506674680 
1.912393103889 
1.904578591033 
1.906030170395 
1.943893087861 
1.934694429211 
2.060561552445 
2.138910064341 
2.139532185459 
2.118236771274 
2.070330887462 
2.115978077548 
2.124662119261 
2.076497217246 
1.934832312607 
1.984964176365 
1.939893513276 
2.010942619082 
1.916409441110 
1.759558925604 
1.781619290193 
1.777358439249 
1.791182548861 
1.843677779772 
2.014171876241 
1.957334108592 
1.804794498756 
1.914066238556 
1.909118123559 
1.672055566230 
1.508084027879 
1.762594559675 
1.901593992714 
1.982592738731 
2.029398994046 
2.017656027003 
1.957397710646 
2.091103982032 
2.090317958409 
1.926595705482 
1.579117148573 
1.786326742780 
1.735628753956 
1.786612536687 
1.694766799761 
1.692238013942 
1.711502732912 
1.685550233792 
1.841185216511 
1.780234012951 
1.973048188283 
2.075591552260 
1.968165621066 
1.919610027953 
1.981678733245 
1.871559297638 
1.845000443193 
1.894687110896 
1.813597907074 
1.989370193879 
2.043084869075 
1.923958738218 
2.043707745914 
2.066287704897 
2.279786512133 
2.233805519345 
2.167126167456 
2.048785979587 
2.040747189939 
1.878820452691 
1.835168628335 
1.919338627232 
2.057446253664 
2.012202932477 
1.952318525438 
1.835524840320 
1.696480518890 
1.677705418101 
1.786236093180 
1.577032561884 
1.648723918336 
1.641728636956 
1.680363808712 
1.719804148126 
1.699870729676 
1.725051983742 
1.740172922093 
1.765375077555 
1.641492757833 
1.588157878442 
1.470970726864 
1.491274109428 
1.592982969606 
1.583863416548 
1.568827835827 
1.596513772913 
1.575038577504 
1.600657601180 
1.605432785516 
1.642530691293 
1.868655408762 
2.051326164885 
2.003556709746 
2.084656806012 
1.929208521770 
1.924939805340 
1.950599054465 
1.898049249386 
1.896605274567 
1.946777719126 
1.965365851689 
2.005638548547 
1.979499911862 
2.022560284075 
2.005802948587 
2.082560410953 
2.141134026184 
2.174447691548 
2.007847165392 
1.991233115710 
1.981988700124 
1.967296049175 
1.918140305792 
1.880224764967 
1.909732969575 
1.892038283378 
1.823209153080 
1.716780514762 
1.839798599182 
1.817494637873 
1.867106295796 
1.916083527559 
1.862161737693 
1.905525668098 
1.878829816420 
1.858225576190 
1.731400472729 
1.702605165198 
1.723269591801 
1.854029788691 
1.918404164804 
1.941726795388 
1.887427130137 
1.795020459958 
1.728504362019 
1.747784489871 
1.736168403234 
1.738974188129 
1.698861652776 
1.666383246673 
1.694119790316 
1.612940022702 
1.634913984813 
1.617466954099 
1.549034378279 
1.552624000620 
1.549928991013 
1.578320816673 
1.549714901597 
1.563569038685 
1.536567227453 
1.522290395562 
1.519159981722 
1.576178801830 
1.499868849232 
1.460836692674 
1.412733737590 
1.539352120905 
1.476228710602 
1.567398899564 
1.532821241584 
1.530106897019 
1.589307139039 
1.537880460111 
1.539622827847 
1.577522406020 
1.612951614293 
1.431229326747 
1.420445614849 
1.430899102781 
1.554536002396 
1.675718628210 
1.651767178781 
1.769820022045 
1.729501711712 
1.721477084005 
1.614196624048 
1.610315631601 
1.755933767113 
1.751392006286 
1.732635433004 
1.716630798829 
1.774394951443 
1.727893680086 
1.824376333952 
1.887327674207 
1.834401270535 
1.793508463898 
1.685112355276 
1.793321781892 
1.829944527280 
1.824489911251 
1.841995853023 
1.743489195762 
1.767384887273 
1.699978235062 
1.745462683802 
1.754602016928 
1.766324984513 
1.757251238847 
1.679954511562 
1.694193986196 
1.697153915287 
1.712433133080 
1.551991060574 
1.600250794215 
1.566084589940 
1.583665744802 
1.606059036638 
1.696066738629 
1.652326683531 
1.663327310640 
1.510353116863 
1.554602098123 
1.435372679782 
1.531563475323 
1.654454073877 
1.656469354755 
1.703259730583 
1.728364545401 
1.717816650686 
1.720463815428 
1.666112959187 
1.689469389057 
1.696099066444 
1.743494439961 
1.764491162158 
1.791382957303 
1.791553855649 
1.805631204194 
1.812141487288 
1.810534262545 
1.804300918921 
1.770569327632 
1.730241024955 
1.507658408337 
1.588944777005 
1.592790591945 
1.548295076563 
1.610305084169 
1.500513321759 
1.602342091198 
1.545255745867 
1.569287300571 
1.666960344255 
1.617658347996 
1.702929477088 
1.612112396078 
1.627444334809 
1.599016270349 
1.664157788460 
1.623846014137 
1.613468303261 
1.595209133002 
1.560914823356 
1.549229760980 
1.589583077442 
1.514524840360 
1.595033910619 
1.616388895711 
1.534431721217 
1.684059084948 
1.671454564518 
1.598749678429 
1.644911867721 
1.623010079688 
1.854308826629 
1.807235232556 
1.652649037932 
1.697494181239 
1.690989473120 
1.681749079457 
1.662791568541 
1.676526209844 
1.585272423177 
1.661229610886 
1.564753380013 
1.560976229256 
1.501063766591 
1.540241430802 
1.582381965427 
1.633500022026 
1.499513538069 
1.682323488104 
1.719643652251 
1.594212007930 
1.567926270906 
1.584470169251 
1.460819784243 
1.588239533966 
1.553103939052 
1.554617686891 
1.536675813566 
1.581778779886 
1.530532011070 
1.582502338479 
1.511466717670 
1.539830346765 
1.429165178773 
1.530002804271 
1.579904291698 
1.470226551126 
1.531766210436 
1.498193174901 
1.539173416699 
1.513709562858 
1.548882651520 
1.454030199328 
1.488275354720 
1.478542407076 
1.578719283058 
1.611910211441 
1.613744430464 
1.667031373370 
1.628309923674 
1.582233578972 
1.644866751327 
1.701132683029 
1.680957999614 
1.660256676529 
1.705282787766 
1.738369584557 
1.753793305633 
1.698263187598 
1.640309821264 
1.618451516465 
1.643791795998 
1.594941048273 
1.572542154124 
1.612311503122 
1.653374158381 
1.645242081110 
1.703290415520 
1.628772386271 
1.674507490020 
1.617867719222 
1.691226589192 
1.701498952519 
1.709314341588 
1.758858678383 
1.737044649778 
1.758055680671 
1.758962205248 
1.751153440165 
1.717876621950 
1.676337658345 
1.709128505592 
1.686607183329 
1.682189677451 
1.676618386783 
1.702480331860 
1.704575692159 
1.710171857802 
1.707233643940 
1.715352620497 
1.715449872826 
1.752578330257 
1.825044907064 
1.870257981351 
1.905310135079 
1.941267227805 
1.934782835160 
1.933661955492 
2.087730314331 
2.063856305193 
2.105471795865 
1.919842712610 
1.962678128562 
1.926809374100 
1.925831504005 
1.929191968582 
1.977578493160 
1.986724319914 
1.987990388863 
2.001000361982 
2.045372161020 
2.028912323511 
2.031882414088 
2.072587727660 
2.060146342929 
2.068660454473 
2.052171457503 
2.068437978186 
2.118399007383 
2.127986747250 
2.105928807568 
2.104233058206 
2.044146439307 
1.991147177679 
1.979042747989 
1.897922076511 
1.899923628358 
1.900135454747 
2.078523121603 
2.228792544021 
1.741455853221 
1.750564224214 
1.590199151178 
1.570563885469 
1.775484066951 
1.758038282324 
1.828378408887 
1.851931461998 
1.928579063092 
1.870512711416 
2.010170586678 
2.007436058198 
2.033461397815 
1.852507812035 
1.915519497283 
1.930278381242 
1.892007025186 
1.701251442816 
1.711644402010 
1.786902546926 
1.672015543914 
1.759266545615 
1.733180499599 
1.813693718846 
1.729668020110 
1.753543696492 
1.658573804281 
1.646870682461 
1.744771970708 
1.671231961463 
1.659973300046 
1.593480565780 
1.689476060670 
1.452880274993 
1.435555593896 
1.492055868115 
1.511143333279 
1.507074138359 
1.637435360409 
1.878757675100 
1.884660373451 
1.773079684527 
1.798814004888 
1.767704962856 
1.782056828673 
1.753988094248 
1.833441425556 
1.850259674660 
1.894639448814 
2.021534515697 
1.978716887411 
2.082527789958 
1.916894050515 
2.061364565659 
2.086754704349 
2.012908512342 
2.016677998887 
2.023633934419 
1.880465852730 
1.885056484984 
1.897425031124 
1.890096278707 
1.931433897145 
2.002153827367 
1.994367409818 
1.921884446743 
1.922993442686 
1.842245193165 
1.918011582149 
1.905055809432 
1.825751827123 
1.830841254548 
1.779756802805 
1.777257441082 
1.830251169403 
1.823159100351 
1.624231303977 
1.696267111019 
1.639788783117 
1.741052414405 
1.893593259722 
1.849317750876 
1.685599509841 
1.665246605644 
1.805163219970 
1.762341564173 
1.737342143313 
1.716306500630 
1.774333945287 
1.751609037655 
1.806771623648 
1.826901205989 
1.883638326295 
1.897891537376 
1.896475888987 
1.903386984650 
1.899847292563 
1.957419529100 
2.013980197877 
2.098648867958 
2.004166831961 
2.012421259330 
1.985320411432 
1.869056992000 
1.836324219298 
1.848589476502 
1.863705792614 
1.862583515769 
1.778480875435 
1.787962203696 
1.803191246843 
1.815534145448 
1.852922947551 
1.863347880307 
1.824812197168 
1.859287135263 
1.910748914519 
2.043973552702 
2.016856566862 
1.879020821776 
1.677141869022 
1.718184159587 
1.705855864648 
1.685888176606 
1.729133434842 
1.789796985817 
1.777121375285 
1.748428579807 
1.796240073684 
1.880207109650 
1.786546192662 
1.749764977527 
1.742457811749 
1.690028615969 
1.725370262793 
1.709032231512 
1.748916212909 
1.775820167119 
1.757345427727 
1.772865344377 
1.765609740313 
1.783735314435 
1.832551575614 
1.734024778114 
1.764920269923 
1.652791379427 
1.542109404848 
1.594329029363 
1.746978736770 
1.715894786420 
1.719688177442 
1.662732262197 
1.674928024902 
1.661424205718 
1.752249089971 
1.744375100685 
1.753786145876 
1.713181428358 
1.706581151907 
1.647401863369 
1.659901797308 
1.580427181914 
1.650459929430 
1.664388068919 
1.619636045030 
1.647997160463 
1.774486498490 
1.760269062185 
1.861547742537 
1.848141986745 
1.805544921138 
1.842416956888 
1.714719812665 
1.677291784533 
1.642627892344 
1.749752605303 
1.690629704753 
1.617615396921 
1.615843017086 
1.660230597707 
1.914796264366 
1.932001313572 
1.877913650092 
1.867882075365 
1.832117926443 
1.800003809325 
1.724445990149 
1.728888487803 
1.595577444491 
1.646234417698 
1.563462954710 
1.561635246265 
1.590601103412 
1.667564767687 
1.639413564811 
1.634377268606 
1.671915040186 
1.614720456635 
1.703404617022 
1.699455155181 
1.768183186177 
1.771197235036 
1.761892814199 
1.691791314377 
1.741005738357 
1.783381445801 
1.735770788323 
1.584937039025 
1.589185399488 
1.543788370420 
1.460511921210 
1.420673325095 
1.436320781054 
1.581959362767 
1.530726008752 
1.594878845534 
1.551244769341 
1.585080525287 
1.644034725968 
1.665387911337 
1.668203586057 
1.666939002299 
1.636288269982 
1.769340130197 
1.764635644117 
1.780256953534 
1.722606441869 
1.748468626869 
1.812888420238 
1.807551482712 
1.797915448698 
2.059470167532 
2.016797356843 
1.933954894920 
1.948335243474 
1.961122425041 
1.898922729876 
1.923650330581 
1.960635232486 
1.954794662474 
1.962764005609 
1.941821984652 
1.945251575944 
1.990772078408 
1.874549105087 
1.801002490267 
1.771103194083 
1.731040884799 
1.761270288209 
1.709135209858 
1.737761886463 
1.747460520267 
1.774509065977 
1.719787795084 
1.700949500404 
1.700448007149 
1.706997974514 
1.738031882120 
1.757477464700 
1.726118826995 
1.659861649138 
1.696686163091 
1.561940529146 
1.578043365013 
1.684003921102 
1.594278914296 
1.623722115683 
1.612763371924 
1.546074687367 
1.588276213036 
1.653108492858 
1.699946764838 
1.691138266831 
1.695002569529 
1.748057451431 
1.738614485723 
1.732563406596 
1.700318746889 
1.706252779947 
1.702527454859 
1.728567654600 
1.705029535658 
1.675388800762 
1.666262587869 
1.708694598825 
1.613918420579 
1.652597287756 
1.589449022357 
1.607330424430 
1.563357385711 
1.554130332143 
1.637626756437 
1.663868778796 
1.654938379222 
1.603117336866 
1.538914909981 
1.551221656271 
1.588757088167 
1.537484448610 
1.627118134075 
1.582402380635 
1.602147579929 
1.731984550931 
1.692603096394 
1.695978726892 
1.706671547248 
1.782955439661 
1.744741940968 
1.613045809730 
1.703230995964 
1.715507530304 
1.802271965838 
1.803959683947 
1.869231721982 
1.831720768937 
1.815403967678 
1.778516069351 
1.743246713600 
1.824212176502 
1.796167446113 
1.848649685977 
1.838012041515 
1.977533429925 
2.063401999299 
2.011273626960 
2.051964817648 
2.042268164333 
2.039842744718 
2.122498127791 
2.129798962188 
2.097118192445 
2.198198551972 
2.186061855969 
2.139262226047 
2.246365803789 
2.174823090013 
2.150833370972 
2.051208131196 
2.029980565176 
2.032124183964 
1.974029482040 
2.010292759014 
1.961907760812 
2.068319437204 
1.966282663709 
2.110889044455 
2.133536351070 
2.183111395027 
2.161873691242 
2.084651920407 
2.022225403937 
2.019599848160 
2.086286119324 
2.111601700713 
2.023109706325 
1.963288617654 
2.000192800073 
1.955513004110 
1.940897623505 
1.936856365208 
1.880480905012 
1.869298068060 
1.836951651541 
1.852338527368 
1.848174192986 
1.832967937135 
1.847289736913 
1.838700078405 
1.839072864442 
1.814472298423 
1.808494553802 
1.800433755221 
1.817562308209 
1.781617598831 
1.729145188972 
1.749884851752 
1.734256522951 
1.730870257630 
1.671951528772 
1.916032292035 
1.661813357892 
1.864095350545 
1.762319338774 
1.716985960561 
1.862315648983 
1.867949341376 
1.819571541315 
1.733203462859 
1.588017471120 
1.542816112759 
1.667097344094 
1.781180445337 
1.923323313945 
1.846819541019 
1.826364553690 
1.930203825886 
1.927634425623 
1.871128060356 
1.750607103430 
1.750316644755 
1.761712942349 
1.747184386947 
1.706630587354 
1.610370985333 
1.513437433002 
1.527854544955 
1.696072080600 
1.629738303757 
1.692994250318 
1.682185981327 
1.727771882554 
1.751641912747 
1.674858119194 
1.530383471444 
1.499164261325 
1.704098034298 
1.662930325994 
1.728725055716 
1.801937485195 
1.762154022114 
1.651808508705 
1.699258294678 
1.938888711642 
2.025553772204 
1.882991997177 
1.694569335401 
1.695681164666 
1.821308134257 
1.704781824422 
1.585280325144 
1.594114171932 
1.903514523984 
1.790636654977 
1.829002326136 
1.754998085811 
1.782849807849 
1.917077659975 
1.870378315637 
2.011580945616 
2.036041309903 
1.829183245399 
2.070923779373 
1.940450816092 
1.783883916640 
1.806637042720 
1.625100383467 
1.759050215629 
1.798439907417 
2.121286713146 
2.045750022080 
2.028923628877 
2.123878987765 
2.032189313542 
1.936296829882 
2.133439172642 
2.230079805738 
2.184956057789 
2.314903497143 
2.162337996031 
2.169278204677 
1.921839178449 
2.006219502279 
1.791920324287 
1.766993830834 
1.695084668435 
1.587893062167 
1.790266193911 
1.994771779827 
1.998495616173 
1.879003782361 
1.744602431432 
1.781247231766 
1.689535820411 
1.578070533823 
1.793788220711 
1.924086164611 
1.965857432434 
1.892254619604 
1.858625448973 
1.849505981614 
1.855992570341 
1.831687939761 
1.700810997855 
1.740748786037 
1.749096227656 
1.752306523972 
1.681042655622 
1.655626921441 
1.873965047841 
2.063278068806 
2.060777520063 
2.029611217778 
1.948082198579 
2.034116030922 
2.020931185504 
2.148969016185 
1.974650323433 
2.146089053513 
2.327823560564 
2.280616312066 
2.137384443168 
1.917453732587 
1.871080599633 
1.890565193883 
1.927155171890 
1.990815547187 
2.010570658670 
2.012645279515 
2.099792134078 
2.080154722767 
1.953647394350 
1.993567858940 
1.969575108507 
1.960082115244 
2.196233225783 
1.973343423157 
1.916657574230 
1.884714384606 
1.820245276921 
2.073072905524 
1.955824137995 
2.024590788459 
1.901164846408 
1.843418791127 
2.022217934036 
1.832741264628 
1.717657071357 
1.859795375973 
1.646166318381 
1.588905251260 
1.447638139420 
1.701628006800 
1.651321420589 
1.727864369123 
1.759561585273 
1.591049661686 
1.700168626837 
1.554443894428 
1.608601745383 
1.586037476762 
1.702922773121 
1.995566960001 
1.988827061848 
1.790084504762 
1.867728787167 
1.810941049567 
1.735305752799 
1.703977568340 
2.033825808899 
2.005697929281 
2.061237216103 
2.071590357135 
2.218449503077 
1.996629638907 
2.059937242644 
2.040269334838 
1.885622214066 
2.077139370369 
2.113646596724 
1.857588492978 
1.856908439073 
1.842321890481 
1.974771046453 
2.133476896018 
2.063261597410 
2.129271719710 
2.168749450737 
2.355855113832 
2.285237522302 
2.165781332897 
2.162771059339 
2.003888307097 
2.146196632765 
2.073214715284 
2.097890265712 
2.267902576557 
2.231584584289 
2.028464487366 
2.027668996817 
1.853391258068 
1.905339598815 
1.871050894974 
1.856423327337 
1.882391621878 
1.929322449107 
1.891926938539 
1.888374730349 
1.840265685101 
1.900910304939 
1.839554729618 
1.796927879930 
1.806676018321 
1.841218380585 
1.901479431677 
2.203734485583 
2.239923016171 
2.280149104288 
2.183190745948 
2.196872756641 
2.044989443764 
2.274720425496 
1.995363414225 
1.883669672938 
1.767786375944 
1.727955721242 
1.744438262916 
1.676160238089 
1.774034210561 
1.817884824213 
1.957189033590 
1.887912240736 
1.833250174841 
1.865256336605 
1.842066306338 
1.846238767556 
1.751881993346 
1.868977939801 
1.925384966696 
1.916957079857 
1.845383015111 
1.865742716271 
1.847998277081 
1.795491008231 
1.718410308163 
1.754400863841 
1.700813665444 
1.654419278602 
1.611956939439 
1.662258663902 
1.669896785665 
1.585114130062 
1.590025587553 
1.652646740587 
1.687439112546 
1.738268367402 
1.743273472624 
1.522996647826 
1.523635517409 
1.593811849208 
1.553022219545 
1.555479857732 
1.581060102947 
1.648345978349 
1.664298568644 
1.749519625509 
1.707027573792 
1.728546931624 
1.732993802777 
1.820128221252 
1.824496554789 
1.844019541693 
1.877345670476 
1.877345670476 
1.901791082537 
1.847006579378 
1.824202593657 
1.791604130313 
1.795570422687 
1.799201208216 
1.799851876119 
1.781650360808 
1.771465680847 
1.758291482831 
1.735998063828 
1.739827898852 
1.609218017888 
1.658191090605 
1.520965363860 
1.610102504959 
1.521618489439 
1.566127920278 
1.573426886417 
1.644066467578 
1.634340999722 
1.649124701346 
1.650167146255 
1.448480068023 
1.447719252662 
1.521514319164 
1.344980157065 
1.524814747710 
1.559958056448 
1.434649097100 
1.481087672876 
1.507364246409 
1.381884701356 
1.368280194733 
1.447502452525 
1.440941534050 
1.520462323271 
1.521392312974 
1.457928595678 
1.568946831945 
1.500230435049 
1.627590182413 
1.590699490103 
1.728901667480 
1.714664076326 
1.580332067326 
1.683501783223 
1.753802952768 
1.767281518133 
2.039003799751 
1.971538440465 
1.955052156165 
1.942046726814 
1.906482021784 
1.944651570951 
1.991785407869 
2.023765395175 
2.086954004807 
2.166928867723 
2.111318815868 
2.191881100472 
2.190590276099 
2.098741171724 
2.302718628621 
2.133232046026 
2.015973664152 
2.197471930616 
2.150959670814 
2.091675755101 
2.073523093873 
2.127529854749 
2.100946344181 
2.023381725637 
2.068521588308 
1.992107127201 
1.934142381937 
1.939290371067 
1.844673462381 
1.981803872522 
1.864526655680 
1.811549059730 
1.714708712430 
1.690409032802 
1.778905378041 
1.807560054016 
1.780707352130 
1.771109931297 
1.752943971855 
1.750007972939 
1.767788462687 
1.777931386380 
1.784969012890 
1.778076896892 
1.790504998483 
1.757176619568 
1.724966908062 
1.727522968345 
1.717552694467 
1.704293247360 
1.713290487283 
1.818410368297 
1.811391305648 
1.887656893616 
1.786080356102 
1.791523893712 
1.817892620271 
1.779414614049 
1.761695917383 
2.011840500343 
1.738319809074 
1.728445983490 
1.738816815587 
1.932966132257 
1.948911479793 
1.786426423944 
1.835090026255 
1.741911762887 
1.928079114432 
1.783751381202 
1.919696184591 
1.985928492299 
1.837582724551 
1.836384560486 
1.972712077523 
1.982670354153 
1.735259498955 
1.628575193382 
1.614170322560 
1.582483284648 
1.714793303007 
1.781091280267 
1.746506212806 
1.559361220457 
1.605867481597 
1.568315284303 
1.490558633012 
1.745503378749 
1.780808861106 
1.677313964713 
1.766297913166 
1.912614421427 
1.724823054180 
1.728268066249 
1.720147018668 
1.914380479028 
1.890550819100 
1.797363826009 
1.767588431383 
1.761744837234 
1.714826520256 
1.846810930639 
1.945003343867 
1.958103640090 
1.934903152177 
2.040618284179 
2.139603368614 
1.737021072620 
1.687946207317 
1.844332567112 
1.859801990931 
1.758772860854 
1.754839663110 
1.819464326787 
1.699786813522 
1.861006114894 
1.856564053267 
1.809229671702 
1.729298404303 
1.651368735376 
1.660561094177 
1.799787000005 
1.731022959427 
1.765570278804 
1.657034527232 
1.659586441192 
1.638764809970 
1.785813684502 
1.706498983233 
1.766118719563 
1.792419737030 
1.848419451570 
1.806589434702 
1.773436294895 
1.706961927799 
1.606088026365 
1.759112384631 
1.633670349924 
1.670291683902 
1.739104327942 
1.648435357121 
1.612694937653 
1.869735121160 
1.956968889187 
2.089466714258 
1.926259805476 
2.009249834320 
1.704514835546 
1.661863318831 
1.643927240375 
1.978397030440 
1.931802484531 
2.126311974401 
1.926980979754 
1.995052782638 
1.905906376467 
1.935569539101 
1.914569426351 
1.851646358307 
2.297227921489 
1.919661839714 
1.986305676219 
1.881988580591 
1.868704103381 
1.772426413046 
1.699561265498 
1.742181483287 
1.727092912712 
1.848941358945 
1.689235342601 
1.831700807442 
1.880293252251 
1.849317353567 
1.769123380432 
1.807236680949 
1.868161767113 
1.896998842129 
1.941430138479 
1.979172649390 
1.907003646462 
1.889157942689 
1.819202425021 
1.863451870299 
1.851933857396 
1.944754465297 
1.997425294705 
1.968696347520 
2.056558664030 
2.029878465233 
2.066981051148 
1.980214308122 
2.004377462235 
1.890811592493 
1.889333534123 
1.959323227385 
1.978733250788 
1.841340608047 
1.943971677634 
1.926242858706 
1.895555875404 
1.997887788185 
1.976816017777 
2.079476341927 
2.041062169259 
2.042842219895 
1.932132026634 
2.004387521330 
1.733587305565 
1.913649093714 
1.976819519611 
1.828503179959 
1.754527657164 
1.628818828880 
1.547136229594 
1.724909247350 
1.870387737823 
1.961105613486 
2.052698204000 
2.049521552827 
2.014189484845 
2.007662153032 
2.259377193442 
2.275522251132 
2.309133682435 
2.241832476111 
2.316274723931 
2.270297853040 
2.213391860942 
2.261813730562 
2.233873179760 
1.950391717719 
1.862107185362 
1.902360081663 
2.150606021849 
1.925668394821 
2.077046242463 
2.058588749377 
2.073747553664 
2.066643955825 
2.035233458818 
1.900106762899 
1.906050542716 
1.983691055377 
1.903706810199 
1.910507038434 
1.944653782739 
1.760217544430 
1.719127209597 
1.710755864605 
1.778726513505 
1.758768266151 
1.800052655315 
1.809688349546 
2.053942978081 
1.979100532207 
1.971247852737 
1.973558385251 
1.897740021176 
1.921032697109 
1.829227590768 
1.742165610639 
1.576460340681 
1.543944975725 
1.544868719445 
1.606945929468 
1.525135257815 
1.598936240387 
1.792143245678 
1.955771899173 
1.892261928499 
2.057724874441 
2.053881358847 
2.053818740778 
2.101223199977 
2.180730149531 
2.115513093381 
2.075266825252 
2.096439358978 
2.007720395628 
2.084774172175 
2.021810908614 
1.923184332380 
2.162347851182 
2.015042023910 
2.474659092531 
2.220083237709 
2.335980567831 
2.361891318552 
2.316565784860 
2.278021780770 
2.273309613104 
2.405022772018 
2.274383601194 
2.280749156837 
2.191829538260 
2.343839918709 
2.177288287363 
2.078769613591 
1.985176924906 
1.996941934243 
1.951055742926 
1.927757765404 
1.848996244116 
1.843106749731 
1.828546179236 
1.824145793268 
1.892043493844 
1.818016830199 
1.795626429870 
1.819357460937 
1.788533855342 
1.795176604093 
1.838554335325 
1.813509677579 
1.766073630109 
1.816292850021 
1.775762605005 
1.773583010140 
1.752477152457 
1.656393085902 
1.616991104181 
1.831669470315 
1.832529586879 
1.667233198373 
1.762688022138 
1.725210050481 
1.713368339597 
1.737855408843 
1.754401090838 
1.769835341803 
1.797681627841 
1.805254981436 
1.715681343156 
1.716399683486 
1.724114553343 
1.762016039584 
1.716452847403 
1.729811661747 
1.803183659190 
1.805589944614 
1.874458909432 
1.864445292699 
1.796437238878 
1.886698047881 
1.825655176935 
1.840674655468 
1.815452658118 
1.822454679025 
1.833984123115 
1.814104561292 
1.797786614805 
1.761808540162 
1.418454749421 
1.698379974240 
1.720171439182 
1.674003646152 
1.675499535830 
1.716201628210 
1.674610007353 
1.719886228983 
1.798984278346 
1.777379785840 
1.798002309136 
1.773709119278 
1.782898498713 
1.771421681296 
1.762983948981 
1.763466116637 
1.758210091421 
1.763412922633 
1.753789124886 
1.754702530495 
1.741756485108 
1.746570925967 
1.757781121317 
1.753706674331 
1.753258758110 
1.766823430653 
1.738526011389 
1.708330633844 
1.707264126919 
1.705769761440 
1.733958237805 
1.749786509282 
1.756371113468 
1.783193989123 
1.785664664023 
1.788119140184 
1.788338108002 
1.772420632734 
1.828933881638 
1.856903225894 
1.913899795276 
1.869840593845 
1.905491033007 
1.914930777486 
1.987783544446 
2.015206719185 
2.024602481233 
1.987862997353 
1.977043745506 
1.947475508150 
1.909213476578 
1.942226801247 
1.938796565360 
1.877859691908 
1.899615139632 
1.866101861413 
1.879739602850 
1.853704892926 
1.930852588073 
1.934153020597 
1.981042506922 
1.975321441037 
1.969683087739 
1.973406063230 
1.946777889610 
1.932949640692 
1.955280471249 
1.893464325981 
1.911036178625 
1.971050491355 
1.971095848476 
1.947716810223 
2.051992927482 
2.075173023153 
2.095302175655 
2.065907792160 
2.079402322243 
2.104285939551 
2.262712477315 
2.243283533007 
2.259889716990 
2.289223445540 
2.175051340789 
2.137487982386 
1.924448846539 
2.275954624017 
2.026568825833 
1.986624863837 
1.918548092385 
1.899694422009 
1.848715326337 
1.878263957271 
1.830487346981 
2.064718297506 
1.706897353127 
1.611366099060 
1.815387069487 
1.757784678430 
1.804474350708 
1.785384786643 
1.811093943022 
1.727288056990 
1.854762928451 
2.052746975574 
2.066798415622 
2.051336876220 
2.161451067214 
2.030611284540 
1.935717499804 
2.108613293785 
2.111692207375 
2.232405579758 
1.959575063024 
2.003865336474 
2.007205318858 
2.178981578685 
2.261711641843 
2.159344712470 
2.020041526184 
2.093560659404 
2.032117600474 
1.994327836092 
1.984790703002 
1.727465265136 
1.714873730462 
1.841980220432 
1.866976099544 
1.734090986765 
1.645861013658 
1.794963510654 
1.822242383599 
1.903679990813 
1.888090959251 
1.823835323044 
1.630690740378 
1.640584654823 
1.736380126434 
1.680276414077 
1.731380857218 
1.715289664107 
1.678475597483 
1.712623760439 
1.752196472177 
1.651534097424 
1.741309032400 
1.907549919556 
1.770529125208 
1.931487078366 
2.032585487627 
1.692274708420 
1.551373824721 
1.629375623090 
1.702717369554 
1.623219872979 
1.706367392710 
1.773534515830 
1.601567395703 
1.577074085750 
1.475560298454 
1.918398482560 
1.930169647549 
2.024829455706 
1.990475728646 
1.857042390207 
1.873712182859 
2.089863726780 
1.924137014699 
1.763099036754 
1.808541391739 
1.794291743522 
2.100965890195 
2.028383505463 
2.164101737974 
1.927254503699 
1.732390410705 
1.915131455566 
1.874825128296 
1.994835933657 
1.878797227231 
2.013932591782 
1.912920286396 
1.988975182484 
1.903018161163 
1.834397547565 
1.863107824813 
1.771124284277 
1.766070192382 
1.808821189054 
1.832366415136 
2.298102238897 
2.217466469179 
2.288937110276 
2.134127169395 
1.717354802425 
1.658041253417 
1.650010899830 
1.693192914757 
1.728662011246 
1.740983160063 
1.848387605864 
1.936460593708 
1.985206574247 
1.979207390478 
1.996083305770 
2.145397760566 
2.037088843968 
1.846900980275 
1.997351689188 
1.803744753547 
1.722488988581 
1.696707784934 
1.599288958562 
1.700520850469 
1.710001899118 
1.800077662484 
1.718006547659 
1.730769120355 
1.734866569732 
1.745009480273 
1.815597339504 
1.725993758614 
1.703554770855 
1.765608353701 
1.886951153778 
1.853006092412 
1.856658131936 
1.782157916750 
1.779621532748 
1.764266944799 
1.746932898539 
1.686985911456 
1.710796362091 
1.599057209261 
1.653675252474 
1.801030575214 
1.717482177474 
1.851582154113 
1.798198689537 
1.817098451096 
1.734344454133 
1.775036860074 
1.838195087412 
1.949256284126 
1.794784404630 
1.783161296515 
1.719331330232 
1.755097623330 
1.946544362444 
1.794675204415 
1.754032844150 
1.831642108935 
1.764542683852 
1.737495096313 
1.873936904144 
1.736266857093 
1.829624746708 
1.765884472246 
1.772842708025 
1.803153111988 
1.922569975631 
1.833030064716 
1.805815926246 
2.004588709723 
1.917214480572 
1.859563813241 
1.964149356362 
1.829165643326 
1.839757705037 
1.931739014078 
2.020906410669 
1.946948377912 
1.899314365768 
1.935627357683 
2.030463735760 
1.955311967715 
1.898633587847 
1.965933176232 
1.990865769802 
1.904038785966 
1.943067200410 
2.019738827564 
2.124703597773 
2.089399755584 
2.146885184452 
2.222887474110 
2.248296756580 
2.139674026089 
2.023661969986 
1.979552850575 
1.887183609536 
1.997232092686 
2.021952020163 
2.021425858356 
1.998199111189 
1.940059001225 
2.035552530039 
1.810613926015 
2.376950383547 
2.213257417560 
2.246437057570 
2.126916378626 
2.070189682100 
2.049982926319 
2.105338974741 
2.054655097173 
1.801887040480 
1.719486040045 
2.169165102945 
2.122305698501 
2.011492986022 
1.832664813542 
1.766906234164 
1.698865696380 
1.680247270838 
1.759345507564 
1.709812858028 
1.735423071407 
1.740392468042 
1.808613916932 
1.848819006277 
1.885988301116 
1.907088811420 
1.921437405725 
1.905530757875 
1.775733843670 
1.780640888355 
1.776482287237 
1.825101887266 
1.834470989251 
1.691251625863 
1.798067971297 
1.775802443844 
2.022579336687 
1.968272931407 
1.946133213916 
1.946133213916 
1.955552781471 
1.856394763210 
1.805338693904 
1.815674152766 
1.775055772095 
1.774592990236 
1.676191331190 
1.803395550020 
1.790015096881 
1.788749363900 
1.722352017001 
1.587347558175 
1.555191657568 
1.558242730850 
1.690179868078 
1.623040596473 
1.871500423873 
1.878309584396 
1.895978016497 
1.841106879360 
1.943864307816 
1.989843962530 
1.984255782209 
2.066279788555 
2.116861460957 
2.014785922676 
2.038609954874 
2.039000185563 
1.928530485538 
1.920011814600 
1.920503763749 
1.872167808057 
1.878144696335 
1.859051624555 
1.860607286847 
1.899863504864 
1.891384700649 
1.881984601691 
2.037260547688 
2.052599004942 
2.061515831417 
2.061515831417 
2.001320522976 
1.919835020762 
1.991131675588 
2.106840377213 
1.904580197665 
1.968058811984 
1.885925515470 
1.890719983741 
1.877303256179 
1.879503164840 
1.882918997115 
1.897464853187 
2.011733899043 
2.043976889668 
1.939368542396 
1.966224034945 
1.900398952520 
1.945210331376 
1.836307727721 
1.806813223807 
1.807853209720 
1.800510424938 
1.808538316576 
1.808412147737 
1.808885733788 
1.867673188813 
1.851547566177 
1.827937353250 
1.820135591068 
1.863828454502 
1.847449331922 
1.563056359057 
1.618932593710 
1.715369454674 
1.736311725040 
1.713092292621 
1.716057579781 
1.719276138077 
1.676216170459 
1.758049939436 
1.817391536306 
1.784675871958 
1.783913192356 
1.774153703063 
1.687318242350 
1.795814267855 
1.757486467312 
1.751466989330 
1.883504136731 
1.897787527145 
1.959338661493 
1.913724039814 
1.949579924636 
1.965529086499 
2.055930255336 
2.059243961563 
2.070276976537 
2.090277525198 
2.173730165507 
2.233135384010 
2.158822877385 
2.152496349780 
2.144040833913 
2.129236176326 
2.068583968745 
2.070837222289 
2.224119929560 
2.118248875808 
2.126694214524 
2.043834046945 
2.028820078169 
1.974424391139 
1.896010209651 
1.884348727874 
1.817827934732 
1.879555438712 
1.855569624263 
1.797318470388 
1.819040557035 
1.889153933955 
1.924289084781 
1.932012480388 
1.942230233058 
1.964985896729 
1.972592559610 
1.976836533196 
2.162756083360 
1.969304086788 
1.904739428095 
1.870229054633 
1.883456014507 
1.855609997849 
1.830743800536 
1.794833260286 
1.796575842336 
1.665414878587 
1.594334398844 
1.750647767003 
1.815454166138 
1.911890923409 
1.878055211214 
1.784727449817 
1.821305347723 
1.578391996798 
1.702950479269 
1.786994668631 
1.773043407884 
1.900226140469 
1.978503086304 
2.053537235856 
1.994307893382 
2.142779380263 
2.031161629460 
1.931705014874 
1.925903554722 
2.029570381604 
2.244726450731 
2.240534652317 
2.267036809359 
2.087111055643 
1.915110251203 
2.126440504564 
2.418292110597 
2.054827283630 
1.859065916313 
1.718845008466 
1.813623056596 
1.622831155318 
1.780927549461 
1.746498693769 
1.737176801071 
1.606263552441 
1.623890127310 
1.555869045167 
1.663676741113 
1.688677248429 
1.677567280166 
1.653820300829 
1.634713946142 
1.697672759818 
1.736103164230 
1.464630049126 
1.818254792907 
1.783611720737 
1.739988819094 
1.792451618470 
1.795158008379 
1.749531607020 
1.782138210615 
1.781219348893 
1.688848200297 
1.683887655872 
1.776250109530 
1.793261141114 
1.696424923515 
1.694722417554 
1.622389350989 
1.543936972329 
1.746295632113 
1.897493701248 
1.985856653537 
1.972191252786 
1.763010953291 
1.753492026935 
1.772531839547 
1.693238897892 
1.748425326076 
1.752439014398 
1.910309347133 
1.979396425769 
1.910034362378 
1.955383244208 
1.942436450855 
1.968884623658 
1.954428628203 
1.845547394208 
1.772733127689 
1.732590133515 
1.710009009770 
1.633431988517 
1.623989828826 
1.658442402709 
1.642626754673 
1.653387879734 
1.922784665443 
1.718998303659 
1.660232852539 
1.578701721068 
1.683869288154 
1.652865496091 
1.666061832748 
1.368802788454 
1.534018834123 
1.613320611722 
1.566457386519 
1.659060854448 
1.595831996889 
1.632119269160 
1.593447297236 
1.618107718549 
1.647172239266 
1.585147065090 
1.621381548764 
1.592405947408 
1.806566488832 
1.758461405344 
1.750281599641 
1.695064241884 
1.776506351002 
1.810906605356 
1.794563299059 
1.782882636414 
1.815319013931 
1.911566296039 
1.735274952312 
1.730937814864 
1.670853538587 
1.606374529034 
1.577136707240 
1.723893014282 
1.611718957724 
1.484131393438 
1.526906437648 
1.485290843578 
1.480453576537 
1.521611506850 
1.788057081973 
1.863805779793 
1.942153112641 
1.956269148945 
1.892297523682 
1.846013346191 
1.863759202054 
1.965951302538 
1.980293235451 
1.855199032022 
1.939313584216 
1.928279827536 
1.942695454966 
1.916278294026 
1.980327364917 
1.905542747194 
1.966672276812 
1.919734684475 
1.942838883405 
1.940990794710 
1.845875103774 
1.889974527867 
1.883774474236 
1.931282093012 
1.962950668522 
1.919540773170 
1.907098469018 
2.152221376060 
2.203895147613 
2.026010238549 
2.141254116512 
2.152205773309 
2.085031345823 
2.141614796938 
2.260667003313 
2.182507527022 
2.125407527792 
2.062491396713 
2.090300835742 
2.136325239520 
2.126960919072 
2.233941458160 
2.080056280975 
2.039038686201 
2.023715349943 
2.036711718007 
2.020338654001 
1.935929697982 
1.780092654198 
1.889783608862 
1.799192508461 
1.901384522557 
1.761068825749 
1.713075125893 
1.688581104772 
1.685107471114 
1.638612324694 
1.738039272245 
1.782068493032 
1.709180267722 
1.681156210275 
1.661346991649 
1.671004701103 
1.641954559515 
1.637975002232 
1.616745613301 
1.746354074141 
1.727952895447 
1.822767906859 
1.825378636840 
1.839694839447 
1.859749938423 
1.810829897243 
1.687591231594 
1.685438326099 
1.664792725169 
1.716978917288 
1.708719050141 
1.701836307434 
1.698218925143 
1.736203112982 
1.708048008331 
1.884736567762 
1.892805207344 
1.845019008353 
1.795439096125 
1.733554600058 
1.671838698327 
1.635565319027 
1.692477561457 
1.644587710791 
1.644587710791 
1.637316755199 
1.625541786859 
1.700593966566 
1.537744897686 
1.575247253152 
1.588977959929 
1.704459559470 
1.735873999935 
1.711615251798 
1.735299072508 
1.729904935215 
1.712520752874 
1.751581862636 
1.723508681210 
1.785824635278 
1.858478613951 
1.871137638266 
1.943755435105 
1.875361678173 
1.851902585754 
1.825148489853 
1.802183449916 
1.867881818564 
1.762787175446 
1.764286170567 
1.877157920497 
1.905979591287 
1.924146510367 
1.922512818917 
1.867387443366 
1.848121292086 
1.765045317927 
1.809519880346 
1.785857726603 
1.743104312820 
1.743654023000 
1.749797212132 
1.749341037414 
1.754089849520 
1.769387654364 
1.752918542353 
1.775175173659 
1.719237534536 
1.783340692193 
1.782052618554 
1.738390185280 
1.753080011067 
1.749975573086 
1.780904300003 
1.673727021544 
1.604385945227 
1.621511542645 
1.577193034871 
1.565563076538 
1.538360210150 
1.523412201635 
1.707324760469 
1.688397637276 
1.684791092516 
1.708583508700 
1.675923097904 
1.675275288915 
1.678260732096 
1.693672652464 
1.755017928957 
1.751848419324 
1.774683526047 
1.766903142653 
1.678952540684 
1.781452901408 
1.792585256236 
1.789492881687 
1.833468485466 
1.744913533845 
1.738916614262 
1.719601642954 
1.678220607905 
1.739921620813 
1.755395073591 
1.766461834708 
1.727966771657 
1.752403291290 
1.774734766179 
1.775403075442 
1.760888554178 
1.732907646994 
1.727887946329 
1.764729518837 
1.767941649228 
1.812229855065 
1.851164726170 
1.790505096907 
1.846268400004 
1.923103971308 
2.004493563272 
2.133866912475 
2.012875958551 
2.121147228287 
2.078335068737 
2.047963077252 
2.007654491467 
2.031235827824 
2.047155886861 
2.144591740312 
2.183719296476 
2.183719296476 
2.189182473108 
2.138277215860 
2.129953562236 
2.133617638241 
2.153852559808 
2.131497198532 
2.095085170374 
2.075763892174 
2.042418195003 
2.122791156703 
2.126550551769 
2.102520077139 
2.111455644322 
2.111517314748 
2.155222730419 
2.161151606878 
2.130949904356 
2.138757653075 
2.247996995452 
2.149130691703 
2.170658394127 
2.110976622595 
2.090442441700 
2.108534505550 
2.243010466740 
2.153853254841 
2.062060610239 
2.184822972052 
2.121607625359 
2.230524024906 
2.254565247185 
2.228037324873 
2.124567398568 
2.068987803134 
2.134785898752 
2.088894520993 
2.105796069776 
2.110891333836 
2.112437768327 
2.139891503679 
2.211524529106 
2.163081876106 
2.361350642269 
2.241125349565 
2.291304701512 
2.392119365766 
2.188238265381 
2.347702068104 
2.214247555729 
2.202395585812 
2.176828505297 
2.084932118146 
2.029707529234 
2.004427107992 
1.914313056067 
1.833998479341 
1.824170888425 
1.785280276449 
1.662353059709 
1.699105694626 
1.847107728521 
1.798246962052 
1.766844099702 
1.902694376212 
1.860884129708 
1.888228271223 
1.822229124215 
1.715810689108 
1.741792058671 
1.811852941943 
1.752049110949 
1.459577776977 
1.744338885949 
1.705899444214 
1.721098880655 
1.722960559172 
1.770159895387 
1.796563061958 
1.715863726201 
1.767939663942 
1.525787356990 
1.611765357188 
1.610140244083 
1.570282671308 
1.516309471429 
1.618205287156 
1.613066926138 
1.635679859516 
1.736426292228 
1.650257420069 
1.724305672640 
1.595991789303 
1.614366459901 
1.444128660237 
1.440083812416 
1.564024767341 
1.624066084033 
1.581632715411 
1.498324023139 
1.511918984872 
1.510076418061 
1.591146077684 
1.632117868586 
1.684600728396 
1.763613265566 
1.751808122492 
1.767190044506 
2.075006034541 
2.149635564554 
2.174443266206 
2.207948381072 
2.114201156593 
2.073096380671 
2.063664128709 
2.069864531650 
2.216996454221 
2.161179438332 
2.127752331650 
2.129794088310 
2.062559282583 
2.056075029993 
2.062744511413 
2.004564507550 
2.165184126349 
2.107009229510 
2.037675626531 
1.999757871907 
1.983742779690 
1.923125929046 
1.975283565117 
1.796169492216 
1.759840839804 
1.745498328148 
1.737212158042 
1.780818185148 
1.785880397144 
1.859422414355 
1.924502500388 
1.768323592227 
1.744899443365 
1.784442366058 
1.778872823580 
1.863300404753 
1.760990897861 
1.844967201916 
1.821735113209 
1.842874134987 
1.934094345315 
1.959661839691 
1.958433632025 
1.904193067125 
1.885007966111 
1.926632483903 
1.977631982248 
1.938187608994 
1.895356359956 
1.893378149118 
1.905466966482 
1.872099553769 
1.846304747401 
1.843456070214 
1.749346071754 
1.715347526545 
1.713766050000 
1.703020738970 
1.673481485394 
1.686577161662 
1.719435158610 
1.771145037168 
1.804583136785 
1.888932779834 
1.935629802374 
1.943776212314 
1.945317106718 
1.952630503043 
1.986498817944 
1.983040278311 
1.937471859874 
1.919609599362 
1.912653708068 
1.921857093814 
1.922308584760 
1.952095133788 
1.908220490055 
1.887937235695 
1.887581979273 
1.838152867927 
1.853520274075 
1.840430834234 
1.902038324428 
1.834976830920 
1.811371570844 
1.736779519832 
1.740897325481 
1.702313892429 
1.670917616169 
1.684187547780 
1.858655854143 
1.860377725408 
1.738120995128 
1.749365648468 
1.690555090591 
1.743222012789 
1.781330905741 
1.870613830968 
1.875573095274 
1.889289299597 
1.890036680997 
2.054048843329 
2.042670868913 
2.068606481820 
1.987122723464 
2.065700529224 
2.028129942502 
2.025400203591 
2.025457441565 
2.053656525669 
2.111437266589 
2.045837380519 
2.070244620693 
1.998330794767 
1.984923275368 
1.978217008808 
1.814400775539 
1.884745777177 
1.796241803241 
1.923474939247 
2.008147764471 
1.959560421360 
1.955517710553 
2.019406071909 
2.042547712316 
2.064890849910 
1.974357578931 
1.981985830603 
2.031751966799 
2.018391982108 
2.001268172753 
1.927172525853 
1.945984147243 
1.790272766964 
1.780511612068 
1.889933267011 
1.907204173613 
1.907039945538 
1.913538132399 
2.002464913551 
2.004539073900 
1.994522819210 
2.040236744830 
2.064683809346 
1.995618946904 
2.100014041003 
2.167857287549 
2.069229287531 
2.242109236763 
2.317024561587 
2.262389728899 
2.065367947173 
2.139023663848 
2.188025798659 
2.187503463045 
2.210742852722 
2.126253952997 
2.154208294434 
2.002890679034 
2.065759962398 
1.996421089514 
2.020343570196 
2.111901891625 
2.114212362774 
2.096427448642 
2.055265215200 
2.007066099897 
2.133496227712 
2.133561109034 
2.096519748885 
2.010686417867 
2.031841532768 
2.034147702570 
1.988842287762 
2.006456095523 
1.949726566056 
1.845888605855 
1.804710291736 
1.817459517156 
1.758155554013 
1.757606296176 
1.751894650451 
1.774489738993 
1.828714966469 
1.890207985710 
1.904399932420 
1.924101490684 
1.895071073818 
1.917317848711 
1.934388759991 
1.982506805459 
1.980006009524 
1.934304658708 
2.005922195817 
2.008380588254 
1.986679551285 
1.858513707423 
1.794957581748 
1.769443104391 
1.765703743602 
1.786159171543 
1.822427379669 
1.847999740828 
1.999139476716 
2.078919377002 
2.040970544966 
1.977268271365 
1.973801894609 
1.950165256851 
1.893352230332 
1.899379958891 
1.892257780762 
1.989174552040 
1.934833172480 
1.913400011385 
2.016823959228 
2.091401770276 
2.035379460167 
2.041787226910 
2.045312258595 
2.005441493263 
2.019062205056 
2.054655166466 
2.013968586688 
2.045196521733 
2.006206780047 
1.820125711695 
1.833782573318 
1.882071729793 
1.854443518135 
1.857731391669 
1.848346383095 
1.823646066967 
1.757792918614 
1.777213963690 
1.780614586838 
1.809218343856 
1.929737853505 
1.931850796910 
1.887152766011 
1.846817789287 
1.877101323190 
1.950057047206 
1.956615480048 
1.902804259719 
1.943918205166 
1.886991620304 
1.897583950771 
1.908625393430 
1.911059713673 
1.914980787111 
1.857242414443 
1.811785175299 
1.827197781229 
1.683744149316 
1.649967677070 
1.635043005196 
1.732932844092 
1.769225467864 
1.793007838559 
1.881005315345 
1.907256180955 
1.900621065887 
1.922218571004 
1.990852103034 
1.970593876966 
1.944055123111 
1.929935086642 
1.888582560849 
1.912208933485 
1.907971296099 
2.196657098822 
2.284558206173 
2.104818991414 
2.042702303777 
2.086478884729 
2.094832413908 
2.002993584443 
1.976330924211 
1.970896862518 
1.971338509377 
1.859649422194 
1.863176010587 
1.855384611963 
1.859098677779 
1.928088580709 
1.904617371406 
1.948917770658 
1.953829307662 
1.995107510995 
2.004835345466 
2.042830442409 
1.961472414473 
1.958288067817 
1.953948762306 
1.919092377748 
1.915991939801 
1.890957838961 
1.880085778673 
1.801511331716 
1.823142053493 
1.796856658520 
1.875257439510 
1.923752403462 
1.954876583248 
1.936661908194 
1.977739105219 
1.959582531529 
1.962895384692 
1.875024904801 
1.920033455809 
1.929165045829 
1.875964448938 
1.900750600330 
1.718724630602 
1.511141440831 
1.718382682741 
1.693430667122 
1.935829494328 
1.945181225219 
1.943378694599 
1.863053372583 
1.834666946586 
1.789251668522 
1.747116662737 
1.780245130147 
1.768683404138 
1.571617660586 
1.544025130856 
1.566887230562 
1.621484765647 
1.617052715844 
1.661264328921 
1.641309766743 
1.644637103194 
1.752841322342 
1.794089428508 
1.701691620857 
1.672491042822 
1.788017208200 
1.886278241351 
2.028093181253 
2.040907893725 
1.886837424415 
1.832224017613 
1.715693123708 
1.657614583819 
1.830762627570 
1.731676526898 
1.584044554387 
1.746538110054 
1.661678227830 
1.755331718558 
1.838509057754 
1.867551222671 
1.946584045219 
1.860584474327 
1.945589691218 
1.878511858600 
2.002517397681 
2.024364251975 
1.985450156443 
2.181128577102 
2.096147729487 
2.272544535414 
2.258003926154 
2.186841995668 
2.204613864169 
2.257260577044 
2.178688095927 
2.200209488439 
2.149783653311 
2.143759458676 
2.255441007397 
2.138281890635 
2.102530102065 
2.061082996092 
2.098045702538 
2.109601753559 
2.183646238348 
2.070527323645 
2.130281876665 
1.949378494234 
1.937705449638 
2.001683150795 
1.849956506993 
1.909556482131 
1.889210130672 
1.872434836917 
1.771765562101 
1.792241885607 
1.716193841659 
1.792607932516 
1.788973612190 
1.817521415419 
1.830577264490 
1.861095692936 
1.948778381782 
1.863357497335 
1.724227437272 
1.730196120699 
1.689540569430 
1.730692270210 
1.728431886921 
1.647664660887 
1.628497778760 
1.546270427365 
1.742290272103 
1.705937646121 
1.698106113266 
1.736813265018 
1.727699190382 
1.769504079391 
1.745432964725 
1.751315607622 
1.740322413371 
1.677903422403 
1.757236604899 
1.612573022642 
1.611526263028 
1.635007625580 
1.656310659523 
1.701240780560 
1.687895466643 
1.672228838977 
1.736524918630 
1.730464566413 
1.696031564840 
1.686030189240 
1.762574104068 
1.742348283866 
1.709469356020 
1.593232134395 
1.627426320631 
1.699605778104 
1.695453119366 
1.755559442882 
1.747577329307 
1.739321624334 
1.698383527108 
1.616735523876 
1.743147653154 
1.633465576444 
1.711623989035 
1.682955085571 
1.554527375503 
1.575147284773 
1.667686634643 
1.667765793915 
1.637555972327 
1.702626612575 
1.737446482000 
1.679857643573 
1.612983369906 
1.555411227457 
1.760188370707 
1.756247103057 
1.790805971510 
1.943845573764 
2.054297514105 
2.054087075454 
2.186062263880 
2.249750526131 
2.279740635301 
2.442747447373 
2.482633887968 
2.631693696910 
2.619217857385 
2.335987343696 
2.297260677766 
2.297120680919 
2.234522225581 
2.159686621963 
2.206934769829 
2.159712581161 
2.125074307143 
2.136886280020 
2.116194042885 
2.123362667875 
2.079954622995 
2.041978475337 
2.090954701940 
1.898229596102 
1.917265256258 
1.979177394171 
1.941583814111 
1.961678021988 
1.819800376604 
1.917735107890 
1.911657402619 
1.910606885341 
1.902528670394 
1.873733991149 
1.859283904649 
1.745464943281 
1.695597896283 
1.921154081596 
1.780724285229 
1.830772905439 
1.819513491033 
1.762166367964 
1.760013544359 
1.832097682469 
1.783135832103 
1.731910167383 
1.723534093857 
1.737847420567 
1.778489314174 
1.784547950718 
1.786746811702 
1.790755648835 
1.814058035938 
1.807005136367 
1.829584053637 
1.845463783555 
1.847991265284 
1.916376027458 
1.812749328694 
1.765368518637 
1.741246545405 
1.772121950247 
1.804470862106 
1.844401313610 
1.830289107122 
1.853302547014 
1.845286731362 
1.876628081675 
1.879758380030 
1.910633875572 
1.954902068718 
1.938838102166 
1.980670145889 
2.002146701656 
2.100433393386 
2.075122951663 
2.059276685475 
2.065709287345 
2.027861423094 
2.059041930157 
2.054949866069 
2.025771487187 
2.020399111917 
1.974692958430 
1.959949722440 
1.869188168020 
1.861817685530 
1.890426250952 
1.893529758099 
1.846218123472 
1.974324489300 
1.966666650321 
1.930019715026 
1.914256810889 
1.960730687076 
1.877861065757 
1.795646357621 
1.785364745634 
1.848352298307 
1.788512681057 
1.852217434444 
1.925463285056 
1.914639867355 
2.008463255373 
1.948078109239 
1.950836837270 
1.853586179347 
1.823621200526 
1.860322944686 
1.931222421459 
1.934320475478 
1.975368586777 
1.998027607516 
2.041407911359 
1.835627077940 
1.870909151674 
1.880604720331 
1.939658127458 
2.006134894399 
2.005388721885 
1.960101028115 
2.036066693529 
2.016433880422 
1.932230120403 
1.711264488449 
1.718224772787 
1.695150659553 
1.838303174398 
1.937640695010 
1.946998828963 
1.822474351300 
1.784078406401 
1.819192371170 
1.812727400511 
1.724942727967 
1.694429357723 
1.705824961705 
1.721482754512 
1.554278564373 
1.594120133750 
1.594004101886 
1.608149100953 
1.634882014863 
1.670976728248 
1.706202569207 
1.627727627149 
1.671184526282 
1.611882912020 
1.607240837629 
1.552035611548 
1.563880405600 
1.649522522968 
1.555850759882 
1.416659299602 
1.627220775827 
1.588754874832 
1.524955642583 
1.525448011086 
1.597375852099 
1.427996299279 
1.488667285016 
1.597170689139 
1.677166144113 
1.622550085715 
1.524187442262 
1.499224175025 
1.613661081272 
1.612990814264 
1.628477938400 
1.639364349212 
1.522692227619 
1.617423991934 
1.647815349742 
1.467831087414 
1.540947263109 
1.471614595602 
1.571805424682 
1.592595468482 
1.481248728454 
1.543536182894 
1.704533728804 
1.644008020527 
1.731809877387 
1.716202167812 
1.704087420425 
1.675563477055 
1.654395903867 
1.678978797620 
1.600356043067 
1.591999821036 
1.591526686729 
1.625481198092 
1.584158860292 
1.603742913904 
1.524058652254 
1.514067188671 
1.492025148142 
1.532382365505 
1.615675508595 
1.726165226725 
1.773952589548 
1.790765737569 
1.746100208667 
1.790350521840 
1.755198068205 
1.738905221786 
1.802486323552 
1.887703525175 
1.836124343575 
1.834520034047 
1.838281023156 
1.788674296472 
1.761109611573 
1.765155767081 
1.780662461997 
1.706589890393 
1.727853938019 
1.781745667609 
1.714068067301 
1.632892204139 
1.716136694734 
1.715248742937 
1.693105891275 
1.612900865419 
1.557106299948 
1.597036843395 
1.686434538301 
1.532690558849 
1.510372232235 
1.507595852408 
1.486350625197 
1.505989067380 
1.531380186930 
1.608617361872 
1.607077924470 
1.599987691290 
1.896147290423 
1.853120507744 
1.800677158533 
1.759024846940 
1.837453551196 
1.846512475582 
1.895156057966 
1.874099221277 
1.877052956484 
1.626395120475 
1.688031120765 
1.538896408200 
1.606063449271 
1.608565482788 
1.872276246229 
1.857195370422 
2.039264986838 
2.077637601841 
2.111702156351 
2.190378642929 
2.097067762232 
2.033259944633 
2.096770691671 
2.234811117159 
2.207728748671 
2.075861771833 
2.099871944056 
1.968358831711 
1.996168816447 
2.100933780421 
2.162419410043 
2.096749316513 
1.894143039555 
1.984196436097 
2.038727477717 
1.972974197576 
2.019649673695 
2.317907702568 
2.237097287836 
2.025429672430 
2.031088860147 
2.017487992548 
2.041539062702 
1.857890954762 
1.798651042611 
1.768292612160 
1.826956021217 
1.848719797107 
1.858033658085 
2.038365804873 
1.801850442669 
1.918837470037 
2.043328542490 
2.086181468436 
2.055895604557 
1.978250851598 
1.848398763396 
1.814417396891 
1.930125532878 
1.819334960159 
1.979612183032 
1.945548060718 
1.853564375195 
1.959844155050 
1.817514198041 
1.891939728968 
1.806101751990 
1.529494426780 
1.618717747075 
1.627673711378 
1.642661684684 
1.747406132682 
1.732792575472 
1.687320521717 
1.610849378278 
1.695965166703 
1.674108462181 
1.733654543370 
1.729773895565 
1.790576501202 
1.761112903819 
1.851196532450 
1.928629112730 
1.864899455564 
1.912781193754 
1.859648546206 
1.993904414473 
1.908918797094 
2.018811407094 
2.002805636617 
1.984587883932 
1.886073494694 
1.889161971643 
1.712621873300 
1.824143911146 
1.759604729781 
1.843947156468 
1.906330618722 
1.858377455554 
1.886944757173 
2.003359397108 
1.981000925168 
1.713717930067 
1.721829417703 
1.835828338809 
2.210870135257 
2.205690126523 
2.097633648247 
2.283879689754 
2.354475918159 
2.214104704513 
2.101643177330 
2.258358362259 
2.099432922369 
2.100668427592 
2.014511586279 
2.075548221996 
2.009214108523 
1.754014456970 
1.724184192851 
1.570322963020 
1.669414648690 
1.600962687200 
1.748087291115 
1.775658697922 
1.798277189398 
1.748249551763 
1.799103853952 
1.866166222975 
1.866916618712 
1.849525285257 
1.864956368343 
1.876081996858 
1.864299455126 
1.837499284443 
1.838134702291 
1.851303551525 
1.853265825223 
1.835720953593 
1.825737579658 
1.941180737769 
1.850263016611 
1.737610203989 
1.662514328258 
1.786777090883 
1.707485432344 
1.607825110422 
1.596505595616 
1.590654110300 
1.581812446050 
1.605366690413 
1.578838289582 
1.501585939465 
1.486883892802 
1.562702560003 
1.580296680146 
1.597218299073 
1.577196181024 
1.663177897296 
1.748748551803 
1.608814416372 
1.644723412846 
1.694862024745 
1.668849969453 
1.630595056086 
1.590234170184 
1.567287830982 
1.695497738722 
1.748390819757 
1.710459389354 
1.741334841888 
1.919544771171 
1.814335547299 
1.859422643503 
1.890427826429 
1.876297587233 
1.882717893295 
1.993557172573 
1.999970615201 
2.030337004142 
2.093205198083 
2.084013414267 
1.895725124115 
2.023872681067 
1.974819270921 
1.997352934691 
2.035747267998 
1.993743684910 
2.002058395031 
1.925929406715 
1.851331116798 
1.836975789886 
1.743970114308 
1.860429174362 
1.635297397986 
1.748499706391 
1.916782707122 
1.894274439264 
1.699817530646 
1.574598266732 
1.611479749316 
1.760474554613 
1.893873218175 
1.778699210689 
1.807800720051 
1.812264836156 
1.799509025291 
1.735950948069 
1.725962205799 
1.911712286386 
1.520761605134 
1.408449300598 
1.604103066286 
1.777664293611 
1.522646225052 
1.555020787282 
1.650203345272 
1.646120879539 
1.499684269231 
1.453717876262 
1.540556706364 
1.663743561469 
1.692454079539 
1.722830591351 
1.642904781351 
1.760660210946 
1.699092285478 
1.655057396808 
1.757508288800 
1.600364261112 
1.715669130888 
1.619293142342 
1.505228984290 
1.599318485270 
1.641780512443 
1.523076019760 
1.714264486795 
1.710295748070 
1.944107583907 
1.936764266229 
1.705898252815 
1.595962659597 
1.376076692107 
1.543272732956 
1.626000430747 
1.445795904919 
1.620997952973 
1.491635443657 
1.492237818670 
1.644237758348 
1.632664072809 
1.845180416566 
1.810484712940 
1.833848584372 
1.741600137371 
1.732045582173 
1.760141953960 
1.696322861766 
1.663979681392 
1.836988730577 
1.552546236484 
1.664825761165 
1.682544263614 
1.674314999771 
1.583554715687 
1.677850363684 
1.719422763849 
1.662902301353 
1.818973048539 
1.829860802797 
1.807879757694 
1.847793096082 
1.856941278280 
1.912976080423 
1.866119710896 
1.839222757271 
1.786360159599 
1.796892404950 
1.780150686717 
1.811886780383 
1.776109989162 
1.712008013114 
1.717749063304 
1.606712381343 
1.746970815075 
1.702068849364 
1.774551913444 
1.732375085943 
1.592456945758 
1.614749097655 
1.567976286946 
1.846392176537 
1.797623716257 
1.779868913539 
1.700489098400 
1.810529648097 
1.740854226946 
1.811029159641 
1.870764690023 
1.805967860443 
1.696879436117 
1.805498125314 
1.871305511773 
1.868757113713 
1.788267489078 
1.847415307373 
1.892349582642 
1.893998191785 
2.034666804880 
2.020002464412 
2.006103912419 
2.014516527862 
2.013364130177 
1.998416973613 
1.961274952104 
1.925314292896 
1.925684325153 
2.116465696970 
2.061398389490 
1.984177198010 
1.960275170997 
1.991310193753 
2.034209350840 
1.959305197846 
1.978993580757 
1.882410983629 
1.981318247856 
1.747298295554 
1.731006230251 
1.757967122747 
1.649101067697 
1.616901495670 
1.615905355582 
1.616216708302 
1.592157183546 
1.742492149708 
1.737685009685 
1.749335898912 
1.773365554461 
1.744430665920 
1.719887586519 
1.572550512881 
1.650310394331 
1.597167676630 
1.630435158906 
1.685925715348 
1.644154835374 
1.766153778161 
1.607915028827 
1.672562350652 
1.642865827468 
1.630900440164 
1.786757271816 
1.758520707904 
1.822735080758 
1.805450955909 
1.861655454253 
1.784726310413 
1.733251250719 
1.690915414651 
1.840380752723 
1.803241355575 
1.748284759073 
1.745649563159 
1.780582488597 
1.757585348957 
1.771283246962 
1.765548844283 
1.748057833951 
1.713459801715 
1.715790815872 
1.731117404946 
1.751355200865 
1.734332028264 
1.610616450920 
1.551132136955 
1.505717233219 
1.598829965197 
1.636700088088 
1.610540701093 
2.031905174269 
2.065184616479 
2.096171144408 
2.046012202696 
1.970648289643 
1.854349980838 
1.713914820679 
1.685958595628 
1.674752651847 
1.602984236092 
1.695278499428 
1.730085905600 
1.654570610763 
1.658895835969 
1.879506756032 
1.674534631661 
1.840703912887 
1.870230868004 
1.818851953692 
1.692204801180 
1.706090257855 
1.589380499354 
1.510399010652 
1.424912899404 
1.509122743715 
1.515122089086 
1.674902554215 
1.674891688679 
1.604952379452 
1.832470963264 
1.840210457842 
1.870447523957 
1.783766089376 
1.995659463340 
1.900992316379 
1.891982506529 
1.886947362261 
1.935480702832 
1.861475334956 
1.800639944305 
1.988384993755 
1.985406952797 
2.029569910721 
2.030808402807 
2.116313059185 
2.389569687265 
2.447455219872 
1.998987647218 
1.915389528714 
2.220974899073 
2.145128019839 
1.970638365111 
2.075970778311 
2.059951704600 
2.017505016922 
1.959777053428 
1.957896151022 
1.910183306136 
1.874015410666 
1.864587054602 
1.769948702145 
1.828987256476 
1.854334855329 
1.821332192729 
1.835530394547 
2.119782527408 
2.065926832014 
1.774775690654 
1.538357888612 
1.971309728878 
1.838018000107 
1.960181905235 
1.885876077273 
2.000733212726 
1.966204844056 
1.808485796983 
1.592353600047 
1.799790304937 
1.654129292358 
1.742403353600 
1.764313184099 
1.897312451646 
1.803182047880 
1.886382050175 
1.937264643324 
1.970249510558 
1.916915761521 
1.903605832557 
1.612145151937 
1.619055540095 
1.659084158334 
1.743644351255 
1.736724261279 
1.841200221577 
1.725300034295 
1.769058642727 
1.729574965355 
1.621496933344 
1.672982834433 
1.604748316005 
1.649826573961 
1.686143408762 
1.669760087068 
1.634205903020 
1.592354058686 
1.502090402717 
1.584705034880 
1.574383271349 
1.441131871284 
1.635862964530 
1.565044312391 
1.512364032395 
1.567774986224 
1.584943023385 
1.512701698362 
1.603740860155 
1.577907436561 
1.590952460604 
1.633049793057 
2.022600340511 
1.861558367564 
1.765302490317 
1.875376927235 
1.752451551270 
1.864023660229 
1.913318557645 
1.843464349724 
1.812700740378 
1.716531961827 
1.665992888720 
1.687923135906 
1.701573626942 
1.689673354623 
1.727378381408 
1.668515895893 
1.644277825794 
1.622227271605 
1.646949765143 
1.618665089123 
1.614584127856 
1.613383761838 
1.633197944828 
1.624136670378 
1.625293954804 
1.661585501861 
1.688034007105 
1.725182719130 
1.758671076477 
1.757962991794 
1.914140896828 
2.040126151469 
1.952939143283 
1.991793430207 
1.991612522549 
2.220118761235 
2.045194362647 
1.949900198153 
1.959081285528 
1.910027096296 
1.973746295961 
1.966575755339 
1.970414056798 
2.021592811726 
2.037483925167 
2.016836793364 
2.032942594557 
2.083396662689 
1.969073432679 
1.805596693669 
1.788985001070 
1.837656685406 
1.823078547385 
1.788290618025 
1.777360982995 
1.639873304645 
1.638885168716 
1.971115696105 
1.897070702789 
1.964832579488 
1.918564122328 
1.912607841471 
1.968797058900 
1.987149344004 
1.949452041465 
2.053995466518 
2.092186506875 
1.886764355568 
1.876596841524 
1.806027107144 
1.827284658656 
1.703683022606 
1.749084437563 
1.790635727837 
1.805203225777 
1.827886579582 
1.915929643094 
1.904125655295 
1.868278495952 
1.856196429424 
1.862729965458 
1.779760844681 
1.845507556815 
1.853617599305 
1.835528941263 
1.789168980420 
1.902632922721 
1.722884045884 
1.643914864032 
1.517066368286 
1.696002004002 
1.637057333774 
1.681025489818 
1.602329175823 
1.763594143907 
1.762556558598 
1.790562868525 
1.946845901000 
1.965031014961 
2.045980440516 
1.963282562727 
2.091725633672 
2.201184635498 
2.252881678528 
2.132630080127 
2.083961127302 
1.892486466982 
1.905908303436 
1.905671266457 
1.877848441951 
1.851778666879 
1.914339630759 
1.894951142328 
1.948585963124 
1.961186231755 
1.967670173530 
2.019576474762 
1.940929047508 
1.972098407568 
2.030610741522 
2.036783798102 
2.056068272691 
2.036081938061 
1.880217376947 
1.918742605746 
1.967424459961 
1.983400402621 
1.908429793010 
1.608898447208 
1.676180834073 
1.813424316147 
1.814795769199 
1.866228539676 
1.637232549115 
1.604835668986 
1.752516831211 
1.655437668060 
1.722350913738 
1.702515230182 
1.626616096914 
1.755956026503 
1.687590287883 
1.779596487167 
1.848041548791 
1.885580371616 
1.907403991293 
1.919167890305 
2.064862279066 
1.966473834606 
1.956938780435 
1.863203511632 
1.861980989546 
1.886991509620 
1.816465612394 
1.707386716908 
1.788362670500 
1.857841498860 
1.755555317292 
1.757325032060 
1.595019659657 
1.702035350324 
1.673922671310 
1.725990792861 
1.663808322528 
1.640784519164 
1.593743497719 
1.504352890714 
1.570400605922 
1.573412954976 
1.677380947231 
1.599556001484 
1.637474563246 
1.689824662618 
1.630566262778 
1.647976545303 
1.703661995862 
1.710692076220 
1.747408794199 
1.745234070276 
1.637040833147 
1.656840947935 
1.569822894220 
1.759146750920 
1.858217866315 
1.866222015840 
1.577986887991 
1.616078948041 
1.709572522435 
1.867905820189 
1.817432216989 
1.764021969901 
1.952238175473 
1.917979881487 
2.096818130418 
2.097415171561 
2.023791483842 
1.905373240829 
1.772788760326 
1.800075019976 
1.801191018473 
1.750601117469 
1.751214602998 
1.681748021398 
1.884490286092 
1.921092986394 
1.933874315476 
1.937633270363 
1.939213487863 
1.901529179718 
2.046644879407 
1.906009918137 
2.076508292749 
1.951884643843 
1.947353205606 
1.855903612904 
1.854743012975 
1.875746732177 
1.802892262443 
1.819108176773 
1.816832637628 
1.806838583486 
1.825081455158 
1.815015925743 
1.855374668001 
1.847225469126 
1.845629659308 
1.757404227556 
1.744909507380 
1.736863710307 
1.794365169565 
1.806355380293 
1.771543776705 
1.736969398946 
1.721462547807 
1.811647241449 
1.748690449874 
1.808395469183 
1.777137468735 
1.832068837997 
1.808270610279 
1.810486091141 
1.791337054541 
1.796541472880 
1.796235976640 
1.844007450728 
1.810609577038 
1.908560864767 
1.909196760608 
1.907957615825 
1.887839411039 
1.808834783181 
1.783842081859 
1.782968303230 
1.786880875825 
1.783945735625 
1.695259194427 
1.766251921647 
1.642153300350 
1.623168155382 
1.671640318528 
1.678453356966 
1.999419441674 
2.051837739793 
2.076085233277 
1.988749760751 
2.055371413855 
2.074371677220 
2.067627766529 
1.819598637323 
1.891732431905 
2.285871831518 
2.103184435642 
1.872457890293 
1.840137467267 
1.846716988263 
2.015705425043 
1.993043644882 
1.812979308031 
1.871026839829 
2.006307432798 
2.273133471604 
2.225828474069 
2.021236436865 
2.005408312032 
2.107462267277 
2.021023278604 
2.156776187718 
1.943752294147 
2.011524806638 
1.857186625013 
1.891663547744 
1.836677796245 
2.056335137677 
2.012759272174 
2.072757144706 
2.170707286978 
2.294338249836 
2.390679427459 
2.339991893541 
2.259361186459 
2.350635830981 
2.475983922444 
2.200947143753 
2.198344260893 
2.162065003211 
2.412504663672 
2.336199851020 
2.167997038798 
2.097246194255 
1.958638940589 
1.934699007351 
2.040559554300 
1.859655318562 
1.907917358475 
1.937370574123 
2.028677874944 
1.989979321588 
2.004373535432 
1.872860078770 
1.891742364574 
1.836727622421 
1.777555023387 
1.811919371874 
1.813754282383 
1.852735981540 
1.815400535194 
1.793247455362 
1.828545701649 
1.867199904795 
1.861857946142 
1.814575461500 
1.761768198859 
1.651524949253 
1.762770953717 
1.719763262991 
1.817249331238 
1.822751152223 
1.831698068234 
1.782267962110 
1.865991377206 
1.818192792056 
1.738154887274 
1.938666037774 
1.833575039289 
1.899764296382 
1.758760514163 
1.674178653642 
1.764122031929 
1.592105049865 
1.751403414580 
2.047846692652 
2.052877773114 
1.903348014083 
2.064851346242 
2.052424541372 
2.012052773096 
2.126966360954 
2.358299612650 
2.086141711372 
2.064541718999 
2.109584645239 
2.257890859893 
2.337579674136 
2.244987750548 
2.301559445968 
2.388993821652 
2.450178349406 
2.418883278727 
2.483957452279 
2.403654831648 
2.439912334432 
2.426504678167 
2.254422380031 
2.185055487018 
1.999782760657 
2.038340540014 
2.164999716057 
2.110881036937 
2.167458486638 
2.096070261915 
1.911791714384 
1.949291507866 
1.872233397305 
1.960729165789 
2.025039059014 
2.072135106518 
2.092107783134 
1.908517794665 
1.919409211920 
1.978424375514 
1.901501479350 
1.978651874554 
2.190808997199 
2.185812296999 
2.196101546146 
2.209574104158 
2.330278866141 
2.310073858955 
2.140148668529 
2.179772204985 
2.217189561641 
2.068162496368 
2.220275551937 
2.247038322302 
2.121703671262 
2.151728001023 
2.081996571135 
2.089167480908 
2.101484439853 
2.128276214264 
2.182175438946 
2.134441138727 
2.091518130893 
2.111386215218 
2.120162720971 
2.012406993774 
1.988974579413 
1.955243759745 
1.916860416839 
1.895503505403 
1.910977383870 
1.889577956445 
1.957442355916 
1.944044903586 
1.923617001942 
1.966288015999 
1.990116777982 
2.008494743243 
2.005752344050 
1.886588921005 
1.833127871762 
1.865469698961 
1.910753182982 
1.955176315816 
2.102749480194 
2.103549454597 
2.351064573012 
2.373345249283 
2.340999826577 
2.492079555071 
2.499159014448 
2.430623919669 
2.319921090999 
2.328808369814 
2.366408015801 
2.328913410138 
2.429619019157 
2.341443038910 
2.413568449510 
2.372995192877 
2.355654804166 
2.471572119824 
2.537834210986 
2.547863651551 
2.589034970112 
2.483337113903 
2.453827984938 
2.343961319967 
2.271174958374 
2.270520557438 
2.264352564874 
2.276228606036 
2.282441483074 
2.307310493178 
2.425622352815 
2.296204721688 
2.229376588404 
2.429709822364 
2.370212231456 
2.398751458640 
2.463234023280 
2.442978069881 
2.437318198412 
2.450728027528 
2.510702701768 
2.530196873294 
2.370879456867 
2.302801663928 
2.293388952511 
2.352259858883 
2.354239234429 
2.320256878808 
2.252801840924 
2.368485652016 
2.380155989086 
2.406611165367 
2.413981976537 
2.517955033086 
2.454219221515 
2.309345580128 
2.441946232222 
2.346043185910 
2.454823253067 
2.498911074238 
2.532808019542 
2.398937675141 
2.450995386370 
2.500352180181 
2.371855658436 
2.391230272918 
2.327813506489 
2.366329485911 
2.057250048164 
1.961001476685 
1.992583349970 
1.986470227720 
1.945505749918 
1.898178639458 
1.898178639458 
1.899904806677 
1.799449786503 
1.771803823493 
1.815310909044 
1.817122713949 
1.814056122562 
1.811755716767 
1.763350819036 
1.837606119622 
1.784051406758 
1.755098169636 
1.758277436971 
1.743153268956 
1.724880328786 
1.760856770863 
1.695938036607 
1.701489713761 
1.736007312636 
1.775088066915 
1.807426286656 
1.763754437909 
1.774622110262 
1.777262297162 
1.833399335814 
1.836743723103 
1.836743723103 
1.845154304653 
1.844019961000 
1.851042270753 
1.852569986053 
1.953051891744 
1.862675740040 
1.869097128510 
1.874681814086 
1.885665128849 
1.874679125749 
1.864306158112 
1.898602949481 
1.909240144678 
1.906677878930 
1.875443170028 
1.864337186375 
1.915359856482 
1.908651785435 
1.908744325316 
1.906348723068 
2.031965727424 
2.036665836601 
2.009012409794 
2.019528348462 
2.013823449929 
1.998484338542 
1.997511604194 
2.051828553715 
1.987563536210 
2.107643282399 
2.097393050372 
2.095649546312 
2.099555872832 
2.085261897703 
2.091592174355 
2.046686740393 
2.041664326423 
2.049202810069 
2.050464414144 
2.052305259733 
2.083951479512 
2.054011148641 
2.070090841216 
2.117728897830 
2.119808934714 
2.149906063137 
2.129697263511 
2.127451857046 
2.307020493347 
2.210149257619 
2.209646695820 
2.151364141637 
2.096849767589 
2.055012451407 
2.034323022181 
1.966511347249 
1.923284857028 
1.896408205593 
1.908726424236 
1.906685623265 
1.852374367283 
1.859938319563 
1.946453220881 
1.943125880590 
1.968894232063 
1.996894981608 
2.053835759173 
2.094952135338 
2.145069502703 
2.111525831275 
2.190871680346 
2.176188866077 
2.168662013697 
2.136431661577 
2.033385269770 
2.066152274244 
1.972502740752 
1.967374423242 
2.034841654782 
2.062206710987 
2.046170951766 
2.050903883207 
2.080044998272 
2.080044998272 
1.985358177113 
2.001255302629 
2.037576690442 
2.014067323528 
2.022701222515 
2.008856508459 
2.034447733102 
2.075269280755 
2.061653523084 
2.084916783942 
2.093250510569 
2.138502304943 
2.228639078067 
2.179237279175 
2.117762766452 
2.096125577847 
2.088187874229 
2.085981421005 
2.086441710642 
2.071113195733 
2.086519885235 
2.084933918596 
1.945570044436 
1.905072172699 
1.900358263847 
1.915334103087 
1.945593269567 
1.885787869229 
2.065315394276 
2.090941152296 
2.103232263981 
2.016302507414 
2.074685320041 
2.143746942898 
2.057988649713 
1.988207217477 
2.039809860401 
2.045111748772 
2.060561807509 
2.069086154177 
2.020036999643 
1.913432316313 
1.913159041360 
1.879808686222 
1.876008867511 
1.863558490475 
1.871314709594 
1.887132944387 
1.849634956668 
1.857089941760 
1.927783318873 
1.900354425460 
1.907243675424 
1.888621787972 
1.964986617441 
1.969242591524 
1.963643296973 
1.945154899280 
1.915047134112 
1.971911253170 
1.941210534018 
1.972560476285 
2.003710008589 
2.030214169055 
1.960351067458 
1.933969864376 
1.960676912325 
1.977727817680 
2.051726945841 
2.080378959885 
2.030416183433 
2.162360987346 
2.087905620181 
2.145433210894 
2.251114330748 
2.120950050150 
2.073473869595 
2.142604640490 
1.990537842773 
2.047879561237 
2.112447287068 
2.091247889694 
2.082505890813 
2.003181230033 
2.018298930240 
1.952411292883 
2.007702503619 
1.979210326522 
1.784768982982 
1.630094312893 
1.552608076849 
1.424157750866 
1.421152987866 
1.496249065947 
1.554558681341 
1.577327485704 
1.465419662220 
1.527020503330 
1.420328190041 
1.470855587883 
1.594173492073 
1.552931212979 
1.578605451400 
1.629035779192 
1.616093671291 
1.640402966437 
1.669909966679 
1.559743371083 
1.588035183578 
1.569675772378 
1.628215797981 
1.709645123039 
1.737188769987 
1.829557420018 
1.878424203018 
1.915312060049 
1.823931089172 
1.609790702412 
1.531349514206 
1.520766684577 
1.510629363462 
1.556027203506 
1.436621671803 
1.474832329647 
1.453520525043 
1.406882183776 
1.530983968032 
1.406608022837 
1.387144737571 
1.465180631507 
1.590805801304 
1.680946381545 
1.768094650226 
1.831969998777 
1.893916120814 
2.004057578881 
1.926508735305 
1.929086527707 
1.965662229009 
1.971033867201 
1.864333457379 
2.072545812894 
2.057062911240 
2.015134948161 
1.933042716840 
1.897112309666 
1.903657802361 
1.957660867602 
1.836217861722 
1.776138683795 
1.806777151943 
1.725844227970 
1.755389610621 
1.758565955268 
1.705715377699 
1.873977610935 
1.814254467523 
1.833084076125 
2.032293564202 
2.025219436446 
1.943529010269 
1.836301099584 
1.823115662630 
1.858487258132 
1.786959482382 
1.705358756126 
1.695458543155 
1.678812175875 
1.671687764351 
1.727754489872 
1.785102174721 
1.768803286687 
1.697523980165 
1.812466215103 
1.811252347203 
1.820402887330 
1.923084071289 
1.927101899617 
2.024494036893 
2.019926435211 
2.078604634345 
2.071780676931 
2.086010964966 
2.064660898965 
2.052233200712 
2.029355011371 
2.301687077172 
2.091760772089 
2.285336420141 
2.291281443558 
2.254118122162 
2.205938694182 
2.103430003920 
1.929699154115 
1.862096514962 
1.877666822521 
1.916756235182 
1.990779258935 
1.916810271145 
1.931807730822 
1.835054316109 
1.786092440195 
1.681510542470 
1.843863190392 
1.713365358666 
1.641718452432 
1.748929192994 
1.762922386917 
1.838010464593 
1.832970466636 
1.792812936728 
1.902466981521 
1.890730760413 
1.883610828424 
1.800694681056 
1.829900296095 
1.797848707443 
1.642586864476 
1.718836445461 
1.676564772354 
1.592330162009 
1.684252847885 
1.725429773602 
1.730224607965 
1.818172492592 
1.824056600177 
1.888497606687 
2.022960977798 
2.015216973415 
1.935105898983 
1.793632105089 
1.794384933335 
1.795173283151 
1.784046831183 
1.761357121316 
1.766622153201 
1.794743363183 
1.739044179845 
1.746549443539 
1.757072568661 
1.770605247632 
1.753592903714 
1.727332761498 
1.665514594668 
1.605868113946 
1.668443658640 
1.732940270027 
1.727803596890 
1.800828512784 
1.821043191161 
1.770467324272 
1.709928545807 
1.721141884800 
1.746216829720 
1.815924435445 
1.815924435445 
1.806884819129 
1.829840020736 
1.843828614480 
1.842775161698 
1.852719257375 
1.859776526036 
1.865214554639 
1.951648062376 
1.930118205501 
1.923667271912 
1.890304183882 
1.867373433868 
1.846885390405 
1.824244892087 
1.853764999536 
1.837473381114 
1.809913190126 
1.764389681914 
1.776192376574 
1.722175148465 
1.711210648780 
1.686466201835 
1.697138616786 
1.681312903531 
1.686555606200 
1.637763448196 
1.691582059330 
1.692274473997 
1.693889472072 
1.696693110371 
1.695595219650 
1.695465153565 
1.689716633388 
1.692023143843 
1.704355187765 
1.706136546854 
1.705169849091 
1.707045828976 
1.733905411149 
1.697369462634 
1.706934552600 
1.709616440345 
1.740444485420 
1.719903569324 
1.746802728222 
1.607630796790 
1.625487732753 
1.655279085959 
1.650372491974 
1.666528261107 
1.587564301032 
1.597301855496 
1.601242097832 
1.578509981079 
1.575213858215 
1.575213858215 
1.575213858215 
1.578107863120 
1.621184612929 
1.629131746837 
1.629080463190 
1.609012976466 
1.774939300140 
1.766341617191 
1.780818718703 
1.734124391531 
1.803064579996 
1.779418699810 
1.742860896174 
1.724491926260 
1.718028829241 
1.713248015615 
1.725382612234 
1.841561243177 
1.775361538064 
1.786031664158 
1.750427056985 
1.745963303540 
1.783932214570 
1.762271276129 
1.858355761152 
1.811707267619 
1.785978187878 
1.812820312391 
1.743160305710 
1.693398157147 
1.671538516164 
1.601537270897 
1.575291754495 
1.520449208955 
1.562671529190 
1.620315908217 
1.668839113484 
1.648161184629 
1.576314804774 
1.574162696345 
1.524307848006 
1.636718566250 
1.677156874491 
1.581837721785 
1.596711482913 
1.572745978560 
1.519722669277 
1.595990209085 
1.573142791899 
1.482377587890 
1.634417548537 
1.632173445928 
1.594733458427 
1.685313068963 
1.596703044395 
1.594127826686 
1.606221508861 
1.604867398021 
1.671059920736 
1.687360710452 
1.721000293345 
1.773005390798 
1.749554231118 
1.827401319809 
1.754870261284 
1.764380946330 
1.569317564425 
1.600200135637 
1.560050411632 
1.567160688025 
1.611542459273 
1.620314316742 
1.547934586560 
1.559889877942 
1.597627566732 
1.633930868055 
1.608122880209 
1.712978891716 
1.720863991442 
1.729640109999 
1.573665598696 
1.626147300883 
1.600641708261 
1.828314726863 
1.870016460536 
1.872377800534 
1.804725875393 
1.836507247231 
1.848724483743 
1.907665999275 
1.657513584374 
1.467714569344 
1.603683793034 
1.740662791196 
1.991530988692 
1.888027128096 
1.953821555803 
1.911893013730 
1.942313004589 
1.834671990953 
1.715699240002 
1.792003764192 
1.798131544676 
1.794306002177 
1.729731130441 
1.726213977385 
1.608630539086 
1.672359277788 
1.686686890652 
1.539553254839 
1.712559187745 
1.751885873240 
1.852914530034 
1.810451569304 
1.787779304227 
1.715524975786 
1.793187598211 
1.773333631148 
1.714345196405 
1.731986458354 
1.781564758109 
1.775109262241 
1.750808723495 
1.746894372118 
1.594736281713 
1.742596107856 
1.870621046951 
1.781385427867 
1.720958686027 
1.639126102335 
1.777347175676 
1.707117209482 
1.627456161124 
1.620458797027 
1.870157675531 
1.735966057996 
1.689706506202 
1.881860815477 
2.044505699987 
2.117798096766 
1.962750013112 
2.115823452604 
2.278087054878 
2.268909554791 
2.133839082189 
1.790963101064 
1.848777582123 
1.948105195743 
1.891966042174 
1.965113338683 
2.004789328302 
2.019258502868 
2.250140476711 
2.030431103933 
2.405087888247 
2.283199835046 
2.170333179307 
2.183929084411 
1.998948187734 
2.002467316076 
2.436618316473 
1.798249318506 
1.848046980744 
1.920822213907 
1.909186062357 
2.067211068328 
2.002426625868 
1.865541144612 
1.769483466548 
1.781193325040 
1.786304856124 
1.800024192337 
1.802285772394 
1.765967861085 
1.909371981517 
1.967662068460 
2.048981269757 
2.127287750080 
2.182705260376 
2.166352043912 
2.115449419910 
2.092329286892 
2.077156831100 
2.095700803233 
2.139338789722 
2.090480220365 
2.172356102767 
2.012634494759 
2.104384323577 
2.024652716044 
2.060541605961 
2.120293527846 
2.067536015322 
2.053297174136 
2.122523876479 
2.276565082612 
2.292182435472 
1.615753700314 
1.753714725073 
1.781600241810 
1.846909013529 
1.762164251660 
1.921281381014 
2.060072551358 
2.195852080797 
2.039499627932 
2.247850406883 
2.086761060375 
2.128639974297 
2.244615694393 
2.178856025069 
2.436634955700 
2.311919738218 
2.212710076776 
1.952897502041 
2.154217064678 
1.792811477736 
1.807836777197 
1.806290033506 
1.688933188624 
1.814852818889 
1.904127185616 
1.875201999701 
1.942912943703 
2.042765071887 
2.130421748855 
2.119009126060 
2.107049191513 
1.786314543353 
1.698426846115 
1.616419392768 
1.715974292299 
1.540184902750 
1.603314775387 
1.514804622409 
1.472764799107 
1.597657045520 
1.489538160217 
1.606673593171 
1.555692335695 
1.680051096353 
1.678218391140 
1.763825433929 
1.725263784009 
1.328314385760 
1.528200047562 
1.506551664470 
1.216975969541 
1.792425660495 
1.804348686062 
1.808209362138 
1.733468491435 
1.760398208448 
1.705093478988 
1.742888052694 
1.632614107060 
1.529370994223 
1.536865115887 
1.582723782718 
1.593956363188 
1.506956585146 
1.521428914345 
1.424367564794 
1.638036847074 
1.624627947167 
1.677790863339 
1.694919988810 
1.729958295926 
1.739049191708 
1.792015886454 
1.779178666242 
1.829001638577 
1.802033442565 
1.798539290851 
1.801090394616 
1.832570842874 
1.837742056459 
1.840958464135 
1.864691223705 
1.933579084120 
1.915383152418 
1.849202766173 
1.889130898168 
1.901286164977 
1.868461593310 
1.960405778695 
1.876217742142 
1.921449353437 
1.925109328825 
1.940802813032 
1.958248759668 
1.975600850184 
1.972371917584 
1.907590731125 
2.077782003461 
1.868862752444 
1.945726159119 
1.942256704342 
1.973932623835 
1.911025031620 
1.819155341356 
1.894504170953 
1.863961608128 
1.889726884250 
1.894368581588 
1.863445342369 
2.001248720091 
2.047589280142 
1.924531861828 
1.917688715354 
1.902981984908 
1.978280639872 
2.202316794202 
2.189371125504 
2.165113821616 
1.939192112268 
1.864876203948 
1.722963436016 
1.817751402789 
1.810576379559 
1.875447761271 
1.800226258855 
1.715923213840 
1.864293351821 
2.007188675621 
1.984594150263 
2.019016270275 
2.015790199627 
2.138817435637 
2.135491580739 
2.214331011044 
2.337735500205 
2.450447783533 
2.380490440066 
2.280664806839 
2.536592299915 
2.716718982203 
2.589690989853 
2.555254314028 
2.529562409343 
2.512089324335 
2.469170215374 
2.786990641198 
2.914087717126 
2.560778358484 
2.628998488477 
2.337210207663 
2.414357820535 
2.440608077598 
2.316986470788 
2.288908136399 
2.307672204108 
2.197235860993 
2.307910165245 
2.340954562694 
2.347156518931 
2.011976871329 
1.976936298692 
1.913194229091 
1.907653818375 
1.881967914613 
1.976291893212 
2.028191252097 
2.076602616953 
1.962118420057 
1.994088064720 
1.993607289398 
1.968786840007 
2.022308351686 
1.985488591238 
1.982899980233 
1.979529144444 
1.995689836854 
1.967876503564 
1.932669122571 
2.003271931631 
1.960194640394 
1.938950856434 
1.875814620816 
1.862719426971 
1.888313788201 
1.891922583644 
1.902898467554 
1.887031658717 
1.932825207211 
1.948342507922 
1.835557241951 
1.890390678176 
1.837290565585 
1.846277665157 
1.773987595554 
1.705290462654 
1.734419106768 
1.683214902825 
1.666711908288 
1.612602191097 
1.649568755527 
1.804785826613 
1.984959228837 
1.845268551114 
1.941217269808 
1.931114607469 
1.802009411712 
1.732884205303 
1.741769066336 
1.769643393159 
1.733040753398 
1.804306759361 
1.772598428254 
1.850759664069 
1.866267147531 
1.869836022568 
1.955520947151 
1.958982892515 
1.980640646347 
1.999959411575 
2.009999377217 
1.994385920669 
2.016340534880 
1.965232638282 
1.971989843142 
1.972349907488 
1.940307408275 
1.938425468608 
1.828680847999 
1.849011843448 
1.990536506615 
1.990959611667 
1.930091743391 
1.948920627402 
1.941968474616 
1.950784373741 
1.919414848676 
2.023586613147 
2.040905913518 
1.987720846828 
1.832934144924 
1.834975174967 
1.802456914283 
1.760595089912 
1.748826396531 
1.824312646307 
1.699143561933 
1.769066506890 
1.802147578358 
1.803303010249 
1.762896786262 
1.774198111202 
1.811969133784 
1.765711840335 
1.766705270399 
1.682459853515 
1.531114883914 
1.460368263753 
1.621462248357 
1.563195203128 
1.606596678730 
1.715987089784 
1.590928481580 
1.589220111833 
1.562743909408 
1.690623978288 
1.644176407158 
1.636699663475 
1.449949090298 
1.463800800157 
1.744724010839 
1.628648788279 
1.594747034795 
1.539771291522 
1.772140627928 
1.721509418504 
1.710397790144 
1.710488687900 
1.732664117292 
1.799438192268 
1.827409751340 
1.803083410701 
1.769078499731 
1.769802455765 
1.662313424932 
1.638409483268 
1.724736225872 
1.665416165862 
1.688497500921 
1.884934286719 
1.998939507281 
2.009929788935 
1.885710623640 
1.733938890412 
1.720350663565 
1.706448456372 
1.710172615943 
1.755555395485 
1.734653409463 
1.732546986036 
1.653534877891 
1.720646314937 
1.726594333833 
1.726720616773 
1.759060120977 
1.734245526870 
1.701086247198 
1.782864590597 
1.782786595775 
1.818347287542 
1.811878436583 
1.805768288573 
1.819621932781 
1.752511082836 
1.715538636558 
1.644907921290 
1.719149857981 
1.709797019520 
1.690138248541 
1.692374909030 
1.664659193607 
1.939300907730 
1.794802460210 
1.697914438685 
1.760958098242 
1.918308838378 
2.153619756552 
1.640055313164 
1.792238408236 
1.944984121035 
1.708204429475 
1.707591334988 
1.633028835200 
1.668667226391 
1.669236544996 
1.695914120288 
1.614743743098 
1.556827571042 
1.480707269099 
1.324570814791 
1.596614105607 
1.459265522264 
1.506855454213 
1.506418311850 
1.481016816388 
1.553294295649 
1.560225727837 
1.682664530163 
1.783062758129 
1.833610359194 
1.805130762138 
1.807701704047 
1.766356086318 
1.760978147084 
1.849541577943 
1.763815632257 
1.705882970856 
1.699104746668 
1.672602497287 
1.748530937113 
1.852033932132 
1.868173378582 
1.891828456088 
1.916561666312 
1.860034148600 
1.783492088605 
1.951507664400 
2.032272862030 
1.960911212865 
1.973827944451 
1.958385336527 
1.948469538744 
1.909330783721 
1.557630251346 
1.729860967737 
1.756306706646 
1.720625528341 
1.647591983232 
1.636188340210 
1.836143352769 
1.978061140042 
2.031401102735 
2.033448865455 
1.996491118482 
1.916626279742 
1.820586506032 
1.905663313405 
1.804751658432 
1.750099960786 
1.727626730872 
1.723866716385 
1.709349075371 
1.638518287980 
1.612644853510 
1.695688580224 
1.641130436686 
1.721874643381 
1.651754267507 
1.689513059049 
1.752878782669 
1.778047918405 
1.955804471169 
1.944579146371 
1.966330014556 
1.956099057668 
1.920830331923 
1.990233931700 
2.048366736692 
2.017031586960 
1.957142269521 
2.189877885233 
2.179007607851 
2.093169991506 
2.086237287676 
2.181302915422 
2.119011152286 
2.120325140701 
2.116117434374 
2.102777827415 
2.313123552626 
2.266174351535 
2.085010339641 
2.190783796475 
2.153138741533 
2.140399906455 
2.116478461423 
2.130547945993 
2.029226976059 
2.023904631273 
1.997313836723 
2.132319357669 
2.107069790451 
2.033196182395 
1.985931612138 
1.962251151495 
1.987443029873 
1.939368401864 
1.983430858018 
1.959809433109 
1.915101363198 
1.915158571018 
1.925665330667 
1.926383846851 
1.939699770878 
1.841845880429 
1.739221802409 
1.758719045042 
1.835464373044 
1.767729970240 
1.782902405654 
1.673407216534 
1.726138034078 
1.728026035518 
1.739564954771 
1.701401344896 
1.749446226322 
1.777462129878 
1.787121694230 
1.791324360799 
1.759158133925 
1.830963931427 
1.825002804656 
1.798142005105 
2.088051097657 
2.044219714089 
1.857768385885 
1.808044415508 
1.766657763124 
1.800460912919 
1.822549070257 
1.809777583940 
1.845437065940 
1.892862138218 
1.888020500427 
1.849759241562 
1.974880603420 
1.992716899938 
2.015157901747 
2.004025335184 
2.161389846617 
2.079231941223 
2.055244845042 
1.915045408031 
1.898180121448 
1.786239636864 
1.754228871786 
1.711933727175 
1.716096586333 
1.759070191352 
2.254916778137 
2.226281558656 
2.222925132563 
2.113974143189 
2.061006087127 
1.987442201942 
1.926433571531 
2.028604758689 
1.958923370859 
2.216088600223 
2.239394151203 
2.297750630714 
2.029713756015 
2.138646787906 
2.287466748441 
2.291415400240 
2.153764553570 
2.167609591316 
2.015577991887 
1.944115417934 
1.818392591742 
1.941690621161 
1.925616128041 
1.937393929413 
2.017459281308 
2.058245441291 
2.072163025504 
2.089181663025 
2.016695017701 
1.997002487481 
1.992758791030 
1.987811763294 
1.859619244457 
1.861606914434 
1.910080751534 
1.804766889510 
1.780451667467 
1.709032354552 
1.709032354552 
1.729092077598 
1.793157518416 
1.720546546927 
1.718879306855 
1.743638297241 
1.680431981288 
1.639905653772 
1.720271876248 
1.725689821211 
1.754508242099 
1.719574605079 
1.716934876182 
1.769495707182 
1.726803521882 
1.744863989412 
1.742943154602 
1.729625081951 
1.769964258824 
1.775511991184 
1.785542268748 
1.793223876817 
1.814810082863 
1.806988819579 
1.782264195555 
1.743152112813 
1.713220874770 
1.713329866075 
1.723336447844 
1.777228165290 
1.773026983129 
1.772354225227 
1.639473989460 
1.684450977919 
1.584203839901 
1.726017933659 
1.702504986037 
1.613876104653 
1.440634345828 
1.556164192393 
1.743155271061 
1.697759286607 
1.580760014986 
1.641791599831 
1.733413068401 
1.699527288673 
1.698315279972 
1.633518487857 
1.641239365293 
1.688125080764 
1.656399416840 
1.666971932688 
1.717145471485 
1.731873480280 
1.757001971102 
1.628486175539 
1.629810458748 
1.697774431508 
1.666789320895 
1.576295945433 
1.704399060923 
1.786303723936 
1.807247078981 
1.808804322298 
1.855710790611 
1.838878041904 
1.876221500795 
1.872347545137 
1.855451950608 
1.868208722504 
2.062009099104 
2.001663581607 
2.011743424909 
2.027425206280 
1.958955490615 
1.885334582806 
1.905415731749 
1.978107004168 
1.936602268354 
2.035354962394 
1.996393129846 
1.881370815285 
1.782809813946 
1.877417841170 
1.825492031534 
1.851682062848 
1.849069515508 
1.856821735885 
1.876329341387 
1.797733283283 
1.707173900537 
1.725745528414 
1.630395232228 
1.700413987550 
1.725045601923 
1.677197740072 
1.790080231910 
1.799298764244 
1.816588257952 
1.823195153369 
1.786329680696 
1.905951336887 
1.909206321064 
1.870202746584 
1.846986744276 
1.877311917787 
1.859062168022 
1.894612667244 
1.811900281791 
1.747092794616 
1.771790490682 
1.714166768037 
1.665925423625 
1.683391166219 
1.593543445515 
1.591093319388 
1.591822203696 
1.583056068139 
1.587712561842 
1.532263409045 
1.642711569745 
1.571553249295 
1.483182592379 
1.521636351926 
1.607510180735 
1.700427262632 
1.807562988094 
1.799422926169 
1.771651878864 
2.145711188830 
2.140927975720 
2.146247464841 
2.052029416355 
1.603025326457 
1.840014060568 
1.923490676155 
1.842259414298 
1.892339613710 
1.741956551114 
1.810414222666 
1.873379625573 
1.915605686065 
1.991231954938 
2.063745041782 
1.750244418332 
1.649166080335 
1.704934442013 
1.818389894096 
1.669259032536 
1.724114181435 
1.756250139910 
1.657835885027 
1.798103164063 
1.789700135931 
1.796136940965 
1.876962464317 
2.058511175544 
2.056877679353 
1.931227873254 
1.942575806748 
1.954908502337 
1.955911219620 
1.877075630211 
1.739478119882 
1.782049539435 
1.945976642199 
2.028370956461 
1.833942124402 
1.776818990422 
1.802784585807 
1.900350202677 
1.734772597273 
1.726123467268 
1.879355254256 
1.856300974583 
1.962735949320 
1.946843100170 
1.997179009042 
1.901652790676 
1.835883449396 
1.921811840120 
1.961370917162 
1.927887751265 
1.868551667114 
1.968414782456 
1.939024647351 
2.009067522924 
1.984325400975 
2.089378606564 
2.140581525329 
2.114994956794 
2.082146260988 
2.059320738098 
2.039177460814 
1.995341022837 
2.057325996074 
2.045772190410 
2.013607751212 
1.979453578084 
1.982860644392 
2.073686731326 
2.156406642827 
2.154860036247 
2.089620866568 
2.078489723981 
2.260923126939 
2.106861863600 
2.188528861114 
2.314019499768 
2.364404639869 
2.318780813027 
2.388044903769 
2.328122988852 
2.243219838248 
2.050489933484 
1.935292351279 
1.844429845450 
1.820990749686 
1.684060218367 
1.555812921003 
1.439227262457 
1.598152974647 
1.495353688116 
1.590682888108 
1.695008290336 
1.733586091740 
1.745494231135 
1.809077888154 
1.894792631384 
1.836830837294 
1.819614277766 
1.695051292115 
1.735796097035 
1.763075618186 
2.007569377367 
2.042565350495 
2.008113251491 
2.027230504356 
2.094640282747 
2.055771567609 
2.036062069413 
2.036283951786 
2.035739422018 
2.293279446785 
2.205355771869 
2.089489319188 
2.049569240087 
2.136168618576 
2.104985191230 
2.160278328966 
2.125834168366 
2.116781183467 
2.039738154416 
2.022611875945 
2.041564440909 
2.133748439939 
2.030549634119 
2.075972508700 
2.094307012500 
2.058168827750 
2.008782719627 
2.072518698465 
2.154048602149 
2.113090191918 
1.976806739101 
2.043631085421 
2.170017134546 
2.326014173163 
2.142058424467 
2.305893012927 
2.239640555976 
2.298815100863 
2.381216655201 
2.225617205121 
2.124804658443 
2.114615979830 
2.088698259344 
2.134759661654 
2.086814909842 
2.094861779439 
1.961155862764 
2.055230492465 
2.106966917678 
2.037270198274 
2.073912620525 
2.083849388944 
1.944375420138 
2.033201321288 
1.958183276868 
1.854664797900 
1.851506999274 
1.871838452120 
1.884919427695 
1.889644568395 
1.997122429544 
2.055796077671 
2.067798627456 
1.988096407066 
1.991955983781 
2.003443926992 
1.918964087146 
1.929580378816 
1.931596494938 
1.941673953909 
1.954384100993 
1.957774105903 
1.965796706235 
1.925452452853 
1.934320754879 
1.892236189562 
1.924149354607 
1.919315746024 
1.973842227799 
2.022885136503 
2.339519466936 
2.195731559168 
2.235405160881 
2.264515935070 
2.274634945690 
2.144829396194 
2.213337818001 
2.131177624668 
2.106392474337 
1.818582978807 
1.708506629012 
1.784215183120 
1.833838912480 
1.781362777019 
1.793724873118 
1.792462552167 
1.904918424238 
1.875360817056 
1.796271005382 
1.874435066587 
1.898949292858 
1.915369211657 
1.928667657850 
1.816949751345 
1.793594120918 
1.744905785562 
1.725133962742 
1.743286172403 
1.741030141210 
1.742849358691 
1.583126206369 
1.582996825072 
1.638526498713 
1.593139255305 
1.529190624534 
1.525512528416 
1.478871001622 
1.736586728437 
1.737085893223 
1.839565509647 
1.740013962052 
1.751193516527 
1.751542432206 
1.696629231914 
1.777873669760 
1.812310516844 
1.565874202745 
1.731306244112 
1.967532655937 
1.930338582641 
2.083911778523 
1.886545414772 
1.881238557876 
1.903390441534 
1.810369025442 
1.860227302234 
1.832015980761 
1.800051602792 
1.704841968580 
1.991377284419 
1.979224948297 
2.041419555276 
1.924239233057 
1.836946397741 
1.787311629198 
1.860447982633 
1.840215963919 
1.842633403353 
1.859014174202 
1.981869331418 
2.184548101070 
2.230252952837 
2.141739054129 
2.125361652280 
2.173992541897 
2.187449158155 
2.137008606168 
2.158412576458 
2.167223791530 
2.146697104719 
2.096044636955 
2.073154800290 
2.070472962320 
2.053328312288 
2.059460740918 
2.040244855236 
2.040868565503 
2.033430848133 
2.050446306081 
1.992938728290 
2.008548489624 
1.996503144553 
2.002269641224 
2.003920926762 
2.031955081219 
2.019511781624 
2.010168833256 
2.027816019800 
2.019087136049 
2.016620162347 
2.022153833016 
2.020279358108 
2.073706979877 
2.170884663173 
2.091512724648 
2.076386690830 
2.091337015114 
2.098317684499 
2.031860309274 
2.051534390193 
2.031437005009 
2.091303408567 
2.098775751702 
2.095008149440 
2.092881557883 
2.095022884691 
2.086575378734 
2.057662022111 
1.942665241625 
1.915299911992 
1.908731725963 
1.983888526900 
2.011474143105 
1.980002062689 
1.979039019686 
1.925019481784 
1.919326215890 
1.929965170458 
1.919025138322 
1.962030172656 
1.995306499467 
1.973669706663 
1.982710691865 
1.960872409104 
1.950687839106 
1.964084498094 
1.957796782198 
1.974290234685 
1.940602089471 
1.946628885148 
1.907545981807 
1.888803743194 
1.883304027788 
1.894271586646 
1.891091478411 
1.887700085064 
1.962149127984 
2.011414612998 
1.994811674880 
2.041294739228 
2.027911532615 
2.072087981120 
2.066126443383 
2.065870045597 
2.121720518344 
2.138098714984 
2.120815940990 
2.119362561032 
2.127911260917 
1.919085501961 
1.905864737791 
1.903815968555 
1.894265098709 
1.889495417859 
1.874534402757 
1.889925121086 
1.845197157022 
1.877525020904 
1.893635580499 
1.898923368359 
1.910992595585 
1.907159582609 
1.902804615749 
1.885633343642 
1.884125724291 
1.882038156048 
1.876724584515 
1.815538821180 
1.804276472447 
1.892052841902 
1.889446504626 
1.874922425654 
1.870872697829 
1.882593964388 
1.898392679737 
1.892710857154 
1.867485971294 
1.878669215178 
1.974959441756 
1.965443055498 
1.931305153757 
1.932407373851 
1.951006729187 
1.643716517751 
1.749842278885 
1.460394252120 
1.602915367242 
1.672290605204 
1.680748158980 
1.731268572246 
1.798479565417 
1.529808156838 
1.693076187969 
1.755040939771 
1.817990833246 
1.864302743876 
1.925780091009 
1.952442261283 
1.776318769383 
1.930494058324 
2.117786070282 
1.865569653113 
2.095990846133 
1.949411936798 
1.926917070721 
1.991651571742 
1.992402184744 
1.911735645538 
1.795183944044 
1.982220106652 
1.969797360729 
1.815734454259 
1.759394316077 
1.800600893120 
1.863057038261 
1.814278488285 
1.968175736091 
1.906127687606 
2.007386053556 
1.974845655603 
1.777632288661 
1.795433716058 
1.879540037860 
1.754809175009 
1.828565366630 
1.798721887401 
1.842520249593 
1.819554184377 
1.733439772451 
2.004783746702 
1.768722799480 
1.719004819294 
1.717110462171 
1.942775806768 
1.989826653322 
2.014252947733 
1.759154713781 
1.732072807593 
1.864043895793 
1.762860169068 
1.695227941824 
1.525386936585 
1.657876320966 
1.683440788972 
1.836311567280 
1.894040555233 
1.808300044954 
1.800173704038 
1.930395020100 
1.924198185240 
1.849727723101 
1.808141723016 
1.647700466257 
1.784253870145 
1.939985130344 
1.951500109932 
1.859018724797 
1.887840553163 
1.721249458872 
1.666441660801 
1.470763605392 
1.587314778562 
1.719878288046 
1.756978146244 
1.814436349853 
1.766772614559 
1.705970317192 
1.716336027399 
1.643317707678 
1.636324964174 
1.860991875334 
1.838935980983 
1.617856449821 
1.695091223276 
1.757593001837 
1.951829249317 
1.947342427066 
2.113972995792 
2.077629592384 
2.157706905656 
2.099991859146 
2.114516005131 
2.155100660815 
2.153317341282 
2.019646611413 
2.019058616274 
1.996811162259 
2.048324596093 
2.042261380012 
2.109635190077 
2.075499661618 
2.159401382912 
1.997064840527 
2.065894190984 
2.151529005600 
2.023645821944 
2.030631031647 
2.054394812154 
2.066207933849 
2.307170251679 
2.186468029986 
2.018316566751 
2.079222354316 
2.074486029067 
2.164075643454 
2.264608655158 
1.978494323203 
2.124577619675 
2.212326417003 
2.170102766150 
2.234368970784 
2.289012655907 
2.212124208593 
2.186455851979 
2.097310470756 
2.155297950359 
2.027041299177 
2.077628532890 
1.997326600279 
1.854162985391 
1.890901325815 
1.859257180477 
1.821345462362 
1.819178758268 
1.811359795041 
1.793157043348 
1.759848020748 
1.762017397173 
1.763556835320 
1.728553776268 
1.682042058533 
1.622367605178 
1.665918663228 
1.636317921540 
1.645931563079 
1.599005618433 
1.679798031530 
1.716858756036 
1.639745920852 
1.639176935726 
1.772179003043 
1.769615410487 
1.862608456011 
1.959455974347 
1.959077497814 
2.060755077557 
2.018932919703 
1.852835594059 
1.807493954982 
1.776733599823 
1.715135537822 
1.731126747500 
1.753134699186 
1.707210886835 
1.760361022716 
1.836873539008 
1.957839387651 
1.958835584832 
1.881244364436 
1.988896754369 
1.917162729089 
1.929608054244 
1.934553588576 
1.886169110106 
1.885384575168 
1.959491203329 
1.912077563890 
1.948071921014 
1.895883027789 
1.913824773920 
1.982353578275 
2.061822383392 
2.154414715849 
1.968253113619 
1.892808777522 
1.786574408936 
1.755086041395 
1.823173926252 
1.818288278069 
1.807463808138 
1.813151704950 
1.773711504401 
1.818831238173 
1.815040828899 
1.752756574079 
1.698110621201 
1.611591202383 
1.696092222261 
1.747012783803 
1.809187564702 
1.815171571360 
1.655825008157 
1.642331074652 
1.874924690739 
1.890534648853 
1.865299690987 
1.801323906395 
1.739029503958 
1.745473104526 
1.913664932747 
1.852667461666 
1.757980030353 
1.792032072212 
1.685903836446 
1.683210693284 
1.710069870263 
1.838469148517 
1.882107778530 
1.826644424695 
2.162074637140 
2.000928719071 
2.339276202453 
2.136653973226 
2.241100614488 
2.207538401024 
2.208318870923 
2.261060379885 
2.333773971637 
2.353039331973 
2.428800006874 
2.178491837250 
2.051815561770 
2.202935667856 
2.205087608434 
2.193182859735 
2.057862710336 
2.171807611110 
2.086739820502 
2.018385259726 
2.150443203641 
2.260883308343 
2.138918142759 
1.908562420259 
1.971875691881 
1.962241800017 
1.879628639016 
1.706199361266 
1.958322965760 
1.954934334410 
1.974554165204 
2.041218288554 
2.141206146313 
2.135243145265 
2.147726736480 
2.037922631333 
2.024461759707 
1.990107670242 
2.003513498270 
2.003225118037 
2.039563527032 
2.142308749397 
2.159819739989 
1.953777090258 
1.961960201691 
1.992939891727 
1.991639464931 
2.138943899295 
2.114236244330 
2.146101674087 
2.130532318049 
2.082235691312 
2.142704591795 
2.090258973295 
2.168154941319 
2.232098507065 
1.928555013963 
1.935703802300 
2.012377158025 
2.202091903511 
2.126958680534 
2.115035359593 
2.083707915169 
2.151632229320 
2.160212721935 
2.189220833671 
2.147998533771 
2.145391296030 
2.112531876144 
2.055502118372 
2.059842089806 
2.033965376278 
2.070925707079 
2.105966410763 
2.019773424299 
2.181615041974 
2.119390620809 
2.074600135539 
2.048408759952 
2.190242217732 
2.187514205863 
2.284949996126 
2.211367380976 
2.149150356701 
2.315137273794 
2.071414551067 
1.969859674230 
1.875232247394 
1.928401797088 
1.925393138496 
1.983225084210 
1.947568403041 
1.939906571128 
1.944093666859 
1.942137840611 
2.213110776242 
2.301589575779 
2.458117352346 
2.218333498880 
2.062854518430 
2.089141431802 
2.083610892914 
2.087007021321 
2.185630068289 
2.182057429185 
2.211231555671 
2.163602541056 
2.014526144669 
2.051229926561 
2.001363274719 
2.040928420036 
2.191091466623 
1.893608217658 
1.933836303706 
1.933659454986 
1.893643445254 
1.830425215649 
1.783554176587 
1.756970266596 
1.752000689594 
1.845560673049 
1.800918929234 
1.799023472102 
1.750024285068 
1.689219115856 
1.686996790433 
1.693005787053 
1.722495251586 
1.806579637047 
1.830678216273 
1.841630004283 
1.888484803928 
1.930106219766 
2.011746646065 
2.105950362679 
1.998360295780 
2.115185338823 
2.100793629477 
2.088507103749 
2.088593107811 
2.087665364163 
2.063338134855 
2.018098787009 
2.010719770334 
2.080418257349 
1.991880065684 
2.002829117542 
2.028731513109 
2.027684342391 
2.059330046006 
2.153738083682 
2.167156860628 
2.045041045232 
2.003019426228 
1.804142434954 
1.687043546825 
1.766425624559 
1.726464017832 
1.840666848546 
1.761095426387 
2.159435568434 
2.187130041671 
2.302629422464 
2.063698814563 
2.081834879904 
1.865301873423 
2.054843717190 
2.286467504031 
2.115712243670 
2.161742693650 
2.150206971186 
2.087911571870 
2.166364142858 
2.007563982905 
1.937168246668 
1.890500305229 
1.944201393217 
1.936321273910 
1.647025676606 
1.658498882386 
1.694903529005 
1.955639338025 
1.985918412967 
1.975108458731 
1.738867275663 
2.102731699091 
2.055366983654 
2.145516959094 
1.921221972164 
2.051540969663 
2.037594160071 
1.837291216211 
1.855565764494 
1.810002705858 
1.765088646341 
1.747241670875 
1.917070992052 
1.716312725918 
1.719067073407 
1.797511216826 
1.854692808523 
1.636588988729 
1.506259757870 
1.585826952699 
1.705453285992 
1.816543608610 
1.674627651836 
1.748891402568 
1.964410903257 
2.040302491247 
2.135878588748 
1.968411698412 
1.794437629849 
1.905428022327 
1.935881821259 
1.770330039732 
1.725511405926 
1.810140356710 
1.722136724617 
1.693375866282 
1.733221531449 
1.731591368039 
1.743224788753 
1.909339106979 
1.883775380084 
1.841574350559 
1.920138523642 
1.846216533098 
1.852240268338 
1.866013797421 
1.868876325472 
1.920357019910 
1.921879978776 
1.734863393413 
1.730615321613 
1.799830184156 
1.806534459633 
1.828687703576 
1.955319648439 
2.020263106848 
2.038084091748 
2.086273658231 
1.999379967323 
2.066885387737 
1.930809428467 
1.958748797559 
1.878874594958 
1.965473668213 
1.905000897158 
1.877214445423 
1.994135037503 
2.008611367349 
2.005008803328 
1.960834096952 
1.978157780619 
1.988503451969 
2.003215611031 
1.814071092209 
1.734134491729 
1.690952184004 
1.711200660688 
1.837894579484 
1.706220631216 
1.720379023790 
1.695495864103 
1.640122145077 
1.668258402085 
1.619840832001 
1.713284738203 
1.775016020462 
1.703100388263 
1.683674595191 
1.814884103836 
1.738911789331 
1.738711339868 
1.750052041758 
1.706497946272 
1.750279961628 
1.775544180418 
1.731764925415 
1.810187254614 
1.728837577562 
1.657597124366 
1.497498131646 
1.343855426823 
1.627333553686 
1.789667545092 
1.781390620589 
1.653230224160 
1.654483485363 
1.656069766362 
1.564220346039 
1.658589199381 
1.673732637442 
1.785582525731 
1.786651598023 
1.811398059489 
1.835370515925 
1.961649850579 
2.056620996967 
2.002044052058 
2.032599320687 
1.881363568106 
1.974051370717 
2.075959708651 
2.081617476524 
2.031626573486 
2.116938058847 
2.110417816301 
2.052637091610 
2.107699628715 
2.003911185301 
1.863351537002 
1.836200176445 
1.858195165084 
1.782464381796 
1.784758849835 
1.778320814499 
1.906837514987 
2.067042231917 
1.959414248997 
1.995327974320 
2.010588135582 
1.893500097946 
1.957115129704 
1.920835538388 
1.856202882129 
1.779266313179 
1.911217475837 
1.851348019993 
1.825433653429 
1.759155006426 
1.762009703256 
1.709634061269 
1.746176704059 
1.763060898569 
1.798581617986 
1.799537419740 
1.819079508573 
1.773551554397 
1.799077933382 
1.768628420729 
1.758619846564 
1.738209210521 
1.714578429963 
1.747268002813 
1.745626399251 
1.745235637133 
1.774667621593 
1.847150526203 
1.839268575790 
1.814818304180 
1.835707435782 
1.849190529648 
1.856616538903 
1.836637704628 
1.909927381095 
1.790833668197 
1.866795287790 
1.888683288561 
1.876902699657 
1.864901637054 
1.830719821724 
1.872131371841 
1.872414855513 
1.847678880876 
1.876247675780 
1.890833357707 
1.970406649371 
1.958443452574 
2.142001524826 
2.080692780491 
2.078535657909 
2.049961419808 
2.012069807289 
1.995635709575 
1.986916948822 
2.006939564301 
2.050062489078 
2.016434867650 
1.852098538745 
1.793837639149 
1.824186063131 
1.861879640311 
1.858968067986 
1.882065854450 
1.916123435692 
1.888751097935 
1.894338497729 
1.902286108201 
1.979313218238 
2.078756244140 
2.189032329909 
2.085331271825 
2.121104468294 
2.165017373796 
2.059043701215 
2.114460991321 
1.933508936599 
2.106407987034 
2.136224583723 
2.116834298006 
2.088847246585 
2.022644126011 
2.060917470443 
1.966198932864 
1.930911447019 
1.910220982203 
1.939816067404 
1.846417916102 
2.002215493550 
2.019601631540 
2.008678131144 
1.932991725545 
2.001411166221 
1.958907749829 
1.982955473908 
2.010346334092 
2.100205205231 
2.046202552347 
2.073477094327 
1.888122089360 
1.739333484257 
1.827664566565 
1.780860984376 
1.818643645779 
1.840053003815 
1.786656988897 
1.864599376836 
1.853557660289 
1.977405232552 
1.911485735253 
1.892271461243 
2.046173935410 
2.059623331083 
2.164918458635 
2.181008084050 
2.055813557691 
2.174811793009 
2.112350685904 
2.116952097360 
1.956188116082 
1.854038237970 
1.849516232308 
1.833570550833 
1.744050586179 
1.767971534692 
1.670539736674 
1.765173377982 
1.696758175307 
1.711563604541 
1.744177779913 
1.875411686593 
1.912600535148 
1.860818862457 
1.809119613182 
1.822436775456 
1.945369776605 
2.000249138752 
1.835366132752 
1.898397255636 
1.889189354090 
1.902881320897 
2.017297581862 
2.097202571653 
2.063221825243 
1.981360647604 
2.008291654772 
2.074690950439 
1.975205265151 
1.944986774112 
1.946827939433 
1.969200691976 
1.978158211435 
1.881079380421 
2.022314841512 
1.991892480705 
1.892788802110 
1.899349132434 
1.882252825879 
1.868095333669 
1.874985040197 
1.887044313768 
1.880614903885 
1.957236154603 
1.940000630369 
1.967949461900 
1.967245801646 
2.077867802186 
2.080239024497 
2.053641222848 
2.070792653315 
2.071362719669 
2.079071945196 
2.079504677356 
2.126705823459 
2.052552408167 
2.061551092733 
2.053646792777 
2.035820834144 
2.064126844936 
2.138655737616 
2.135426248330 
2.097158736008 
2.038367670546 
2.054518449780 
2.052755769193 
1.973553967799 
2.011696657834 
2.027745772351 
2.014318908872 
1.876846514018 
1.873689832411 
1.840339882323 
1.876705683859 
1.901793633504 
1.936869483924 
1.928218267844 
1.930355636088 
1.956601775254 
1.922854952480 
1.956545344060 
1.959668612322 
1.928979176594 
1.994479073198 
1.896077888556 
1.924903106636 
1.999727712345 
1.994617560521 
1.974021638036 
2.028687717533 
2.133681024675 
2.123529238030 
2.124603608298 
2.106826024578 
2.105525081406 
2.086952983758 
2.064727525343 
1.946900383399 
1.922493286652 
1.922652973740 
1.823540237718 
1.819487504628 
1.757247365026 
1.630501755817 
1.649513722487 
1.683228732879 
1.744855091652 
1.907179870554 
2.022054181505 
1.937778625500 
1.761099921434 
1.928155204002 
1.909063020260 
2.043783973968 
2.019670475152 
1.931931741796 
1.993178811621 
1.901736107438 
1.840274027596 
1.803534490258 
1.851886522079 
1.674236886762 
1.548035210289 
1.570761097722 
1.617190743815 
1.660626993424 
1.664616509690 
1.677692980022 
1.714191236822 
1.734586111578 
1.715211977734 
1.764189054496 
1.874459068342 
1.892467413880 
1.859526622669 
1.841942148559 
1.931531062682 
1.895495539656 
1.802208849176 
1.783090323147 
1.782766290144 
1.776653669515 
1.777351191242 
1.608124713529 
1.531617861101 
1.528127371076 
1.439220078343 
1.602992729585 
1.518190954573 
1.602648655636 
1.572515077299 
1.571317276802 
1.545674519206 
1.483193670438 
1.571874005923 
1.639926765160 
1.471466661222 
1.529812761415 
1.623571704424 
1.620519669847 
1.787013384407 
1.835947355302 
1.901453723429 
2.046556355583 
2.084871690867 
2.089995737365 
2.139569780950 
1.923513423431 
1.876431856912 
1.995423706459 
1.900091948538 
1.930684239973 
1.865839200066 
1.653321350246 
1.612242596722 
1.686987028391 
1.588921783532 
1.664917182037 
1.771849021272 
1.677141769997 
1.689935413411 
1.744634627926 
1.886965023333 
1.788627944283 
1.699569265903 
1.698330271158 
1.666560415786 
1.725916010242 
1.619021031748 
1.657657320821 
1.501838831193 
1.541746704537 
1.543889139468 
1.725165255816 
1.935655894925 
1.993714928916 
2.115784336407 
1.850089024825 
1.854668323118 
1.838725465155 
1.733332437803 
1.625938107689 
1.913156569103 
1.916691288250 
1.954940135677 
1.910413119599 
1.986426880001 
1.907592998935 
1.937456924861 
1.950431557251 
1.942429010267 
1.959990624740 
1.819781278601 
1.924496511461 
1.768051016090 
1.787324950374 
1.677013846070 
1.642707947668 
1.753812875639 
1.742485364854 
1.739594531294 
1.808580330264 
1.870302181197 
1.963717946267 
2.043201555821 
2.045963858872 
2.036743799207 
2.060245992279 
2.027481979740 
2.102515539320 
2.155796510289 
2.127723216351 
2.142060625113 
2.095056529630 
2.223577451606 
2.161939846746 
2.164231567546 
2.199241810396 
2.095102394584 
2.156451944080 
2.203024693642 
2.091305005336 
1.991971939402 
1.954762506871 
1.846730587397 
1.924124829089 
1.851511504368 
1.776108175394 
1.690824945543 
1.606662993295 
1.609742018721 
1.703883402057 
1.916793947631 
1.912095904377 
1.862654490026 
1.874982753496 
1.987551703817 
1.969121623369 
1.940981695608 
1.939901036203 
1.828494322076 
1.741366756487 
1.706423683370 
1.617045570527 
1.681189667456 
1.888642870433 
1.843719877538 
1.784651999652 
1.774868308227 
1.793063877326 
1.781342266032 
1.803921845544 
1.825777488412 
1.903288343811 
1.947466246749 
1.946652613653 
1.958711031880 
1.907075330425 
1.946319242638 
1.870233835848 
2.029649319333 
2.032408093934 
2.132590934518 
2.166288633994 
2.101798271728 
2.171930709534 
2.068068221960 
2.155365733815 
2.268318983492 
2.342824850816 
2.254189512068 
2.390824225279 
2.370666644698 
2.387925361737 
2.260802550914 
2.107025632508 
2.167110086239 
2.165756730074 
2.241028288566 
2.250031313448 
2.144302471444 
2.196921271772 
2.086834502907 
2.057980837057 
2.038553255800 
2.091995691053 
2.021548916302 
2.080301630868 
2.038845501024 
2.072133943986 
2.014086092519 
2.056457503425 
2.131359798912 
2.099111165174 
2.094905879257 
2.239024158603 
1.984071289664 
2.000089404197 
1.929590019910 
1.862212150426 
1.797859131354 
1.838608302356 
1.951378077259 
1.976837354208 
1.971970799538 
1.899621968528 
2.032891776459 
2.481143240335 
2.153755476061 
2.139125525454 
2.044622961885 
2.045883630966 
1.945245036071 
2.008486015281 
2.010281892259 
2.017564046085 
2.023679607653 
1.827004938895 
1.812818275541 
1.865218955628 
1.968895876088 
1.874698144612 
1.894339077054 
1.875004901500 
1.854590528474 
1.841357221780 
1.842417944469 
1.926322414179 
1.895280643290 
1.892219010896 
1.951853262672 
1.749178333387 
1.669425726886 
1.582296602750 
1.395328336988 
1.549800948921 
1.558784299208 
1.500182721064 
1.544464892743 
1.611658945250 
1.631372879905 
1.601256823817 
1.591358225429 
1.646573452975 
1.598639629086 
1.593517579279 
1.639721076559 
1.531613130720 
1.535862376444 
1.527531953913 
1.566187227400 
1.553057946251 
1.540790129044 
1.490070429267 
1.628733570200 
1.684618559691 
1.681609581974 
1.722756902970 
1.815154739533 
1.764316450525 
1.724459512082 
1.713419431374 
1.646682568173 
1.607598003167 
1.584796887775 
1.612796275933 
1.728305865934 
1.712677760148 
1.677461748803 
1.708234698037 
1.716766642957 
1.844755920191 
1.837827698518 
1.840096519638 
1.973236592999 
2.029871177050 
2.043550847759 
1.899758106116 
1.928898463564 
2.056563197647 
1.979611014415 
1.989002156107 
2.072689871488 
2.021577405163 
2.004768885321 
2.009037758282 
2.063012615114 
2.078879363802 
2.079099402709 
2.122035041123 
2.192054882529 
2.290814947009 
2.224169673225 
2.231765458917 
2.230417853471 
2.159156503455 
2.263150378315 
2.100981911457 
2.194018988560 
2.193030936228 
2.080091937587 
2.027199975850 
2.008383739024 
2.154050609525 
2.094704604286 
2.052987972387 
2.056052129914 
2.161901685832 
2.213992620372 
2.193703197885 
2.155648753279 
2.179345170875 
2.073198641004 
2.026694431954 
2.030791523549 
2.022235383334 
2.034853288032 
2.038336405958 
2.064403387817 
2.041872547935 
1.936379915189 
1.924565579467 
1.827225293190 
1.816686456857 
1.777054324453 
1.844625827971 
1.942160786988 
1.981854164308 
1.981972380858 
1.966098070758 
1.977270542149 
1.937424371180 
1.984141388519 
1.967634045659 
2.010859397521 
1.946970224329 
1.954292391440 
2.191556821319 
2.180775943858 
2.187564848729 
2.130193949471 
2.129692561552 
2.187654089949 
2.089558821193 
1.942793655251 
1.920552757049 
1.893950967722 
1.685660655873 
1.675442885265 
1.694361531361 
1.730410741719 
1.688264292347 
1.679414341542 
2.146398225345 
2.042872692194 
1.971994335282 
1.852058763328 
2.001280713984 
1.984182875740 
1.995044121743 
2.027834333931 
2.008776492430 
2.061818217999 
2.055874775706 
2.031072235066 
1.794132709758 
1.826964819055 
1.725321685847 
1.615071857353 
1.449707589207 
1.655283778453 
1.753760717952 
1.930925388937 
1.842696600852 
1.723236685272 
1.734514688886 
1.570849995829 
1.800232795130 
1.745660392736 
1.628354451803 
1.748172953852 
1.776886691932 
1.755081189378 
1.865028640199 
1.774765067128 
1.735540403546 
1.988483760904 
1.850977701918 
1.787281139956 
1.922462195177 
1.871796594095 
1.687897446552 
1.544495425324 
1.731348092181 
1.612383220624 
1.645371015517 
1.635435927317 
1.725200401625 
1.627780714996 
1.642382226778 
1.607867167846 
1.687150519599 
1.710067139518 
1.553418981339 
1.838215935747 
1.532869477247 
1.570865170485 
1.692246101639 
1.599689863955 
1.612328561663 
1.706957496977 
1.506889391554 
1.478887349482 
1.601913218176 
1.571149630215 
1.776884149587 
1.868595724193 
1.670455361351 
1.692321484484 
1.694711348716 
1.620696801211 
1.771106757350 
1.612558028400 
1.689818039620 
1.726474272174 
1.877446547226 
1.837274931965 
1.980300599701 
1.918391225374 
1.958007113679 
2.075583039028 
1.915204409823 
1.914529273246 
1.877910904082 
1.711794900309 
1.870347156226 
1.793523047089 
1.913633652565 
1.789531075822 
2.062130036472 
1.934966857123 
2.161841562256 
2.033599689332 
2.035927830678 
1.888616716098 
1.947991114320 
1.752860421263 
1.797714670840 
1.788456449496 
1.667450716689 
1.744246637708 
1.559486265364 
1.757051718028 
1.784875734195 
1.698044483834 
1.790655027804 
1.747051095177 
1.763734636865 
1.874086229109 
1.880975124995 
1.892706155871 
1.634258028640 
1.701366402531 
1.720670565953 
1.823312974146 
1.648047929223 
1.557517635056 
1.802312706591 
2.047490306059 
1.956043139694 
2.336778417225 
2.414742813829 
2.329171267148 
2.055266698008 
2.184747886224 
2.088691444687 
1.955921950533 
2.025003857905 
1.737166502533 
1.681874122525 
1.857294952843 
1.800063928977 
1.698043873661 
1.693016647319 
1.755674991821 
1.599201262720 
1.625346124747 
1.640320463474 
1.459770185555 
1.645887712619 
1.668688849774 
1.501800632250 
1.689160744987 
1.747497586496 
1.553537250905 
1.648052401163 
1.755012743014 
1.998770337685 
1.888456056338 
1.896731982684 
1.934619284957 
1.857381084489 
1.813115805777 
1.920201032143 
1.968352013555 
1.833853216844 
1.975305690312 
1.851018900233 
1.893505476106 
2.091380926368 
2.052022359880 
2.000220093116 
2.038414676569 
2.000237172649 
1.898501600480 
1.824219594070 
1.609399281341 
1.874486373743 
1.900137592443 
1.951223198116 
1.975773802942 
2.040913991056 
2.131313117303 
1.860874770284 
1.887920920643 
1.695587388219 
1.754620205460 
1.727344377516 
1.647683833104 
1.666441847251 
1.560471510366 
1.689522935173 
1.626726912500 
1.646543239493 
1.599053371014 
1.708917781456 
1.657330487577 
1.682586287106 
1.525399226491 
1.669121126215 
1.675851586580 
1.778519325924 
1.776044211170 
1.907180130291 
1.878572943850 
1.917102249058 
1.962601361224 
1.848641069401 
1.921973588724 
2.057431160342 
1.724949751009 
1.707413528047 
1.678380119439 
2.073938235907 
2.046445145941 
2.096412404075 
1.958318984874 
1.872921719712 
1.894901985885 
1.919062371897 
1.968506666803 
2.194396043108 
2.228552209630 
2.240697790125 
2.205404119213 
2.125413815368 
2.082622898965 
2.057202848765 
2.099624444331 
2.145474100684 
2.210197895072 
2.133479576303 
2.070071167317 
2.076720734144 
2.189459803114 
2.251313290970 
2.063353595225 
2.180513023134 
2.086847977045 
2.119459790147 
1.982485573633 
1.971955023690 
1.862404337727 
1.927894991239 
1.844705520996 
1.792506376857 
1.798287740392 
1.862893906718 
1.830849620461 
1.731193339246 
1.681870727722 
1.781286750917 
1.890078583121 
1.941563886996 
1.985174739890 
2.199035680047 
2.160116631811 
2.061204410560 
2.150741717814 
2.083364510748 
2.046052393755 
1.829971619326 
1.848689086957 
1.867786831620 
1.693387855494 
1.610620666511 
1.609861463596 
1.713945726550 
1.856013387133 
1.868072696572 
1.917309594193 
1.907960523853 
1.916222482124 
1.780993898401 
1.763613295930 
1.870419677016 
1.997684647455 
1.959900016149 
1.883611865080 
2.024094123466 
2.021523699191 
2.005783194483 
2.086800153380 
2.053389082487 
2.061609788932 
2.024364477679 
2.059382586109 
2.007915918957 
2.026648891627 
2.050823396792 
2.032369318654 
2.043003495356 
2.048701891625 
2.062468742494 
2.004491410462 
2.147282888436 
2.153208894020 
2.077684242573 
2.010149204096 
2.109028320285 
2.166705301179 
2.164522839828 
2.102909585798 
2.044234393854 
2.086477200506 
2.086477200506 
2.093591863774 
2.099161613324 
2.014937222465 
2.082074095987 
2.029885634020 
2.109378628619 
2.111844452203 
2.300580542606 
2.126475120549 
2.193676017926 
2.164147198860 
2.184294220542 
2.094891247089 
2.102933738299 
2.071224546289 
2.067170006392 
1.995532169952 
2.036937138985 
2.031501666617 
2.032646035157 
2.052166221159 
2.082012209840 
2.017232931482 
2.013154457794 
2.003682572397 
2.024143097127 
1.976060319554 
2.015089345524 
1.962437261114 
1.933469655607 
2.046860810517 
2.020799156954 
2.008113874967 
1.986539365442 
2.021190873511 
2.040010773629 
1.961132924741 
1.937441192011 
2.031267184924 
2.010043190136 
2.003282696096 
1.878344253917 
1.856264638397 
1.766748930871 
1.896793651169 
1.855610223383 
1.829485818644 
1.816216761887 
1.958593019724 
1.924249085591 
1.893658375022 
2.063338515505 
2.046276879618 
1.966066816059 
1.965825495964 
1.931607116548 
1.977083989723 
1.981495341780 
1.953817761258 
1.948474711576 
1.952314829580 
1.988063657370 
1.971204912937 
2.088887200877 
2.019719475461 
1.949761280603 
1.974364679395 
1.949913975671 
1.957971293515 
1.944535017450 
1.915565057018 
1.924200836256 
1.940906959636 
1.969604601424 
1.869729887173 
1.849109223879 
2.163314967457 
2.211834810336 
2.037195670261 
2.211716686657 
2.085284984192 
2.129474300094 
2.105945945716 
2.078513091474 
2.151014671430 
2.110886771297 
2.110389777793 
1.956303465336 
1.869437947508 
2.061698618975 
2.114689244627 
1.733325314952 
1.967097174966 
2.188061706707 
2.240532584266 
2.077156896371 
2.007035318826 
2.024184654454 
2.054333926866 
2.134162584314 
1.924210991393 
1.739057149811 
1.634384989228 
1.585624350853 
1.583094826845 
1.543988598217 
1.855833447074 
1.934500830391 
2.023330016658 
1.875666644926 
2.089708853657 
1.876899259905 
1.886024091160 
1.900555148841 
1.854027125366 
1.712698626838 
1.617720715878 
1.534230609570 
1.684433972074 
1.880725297792 
1.988331615440 
1.965771039219 
1.948054272462 
1.994486388412 
2.116516079695 
2.163275881768 
2.239116347637 
2.087304900822 
2.076048451997 
2.092643468837 
2.017039457871 
2.051067187921 
1.903224161094 
1.888103964720 
1.845303185855 
1.804055677067 
1.775717991895 
1.636842144037 
1.635069476894 
1.802424471888 
1.702851856373 
1.830701170798 
1.779859205942 
1.774523459952 
1.851428845726 
1.805942860527 
1.788828929507 
1.790557666854 
1.755943169704 
1.846574567092 
1.824134293169 
1.794321315575 
1.744461899920 
1.759084330794 
1.798489838769 
1.817835276987 
1.824463482817 
1.762691610064 
1.718070060183 
1.731656915709 
1.655811825491 
1.673646139121 
1.625504768981 
1.724194337318 
1.816860131755 
1.808955355994 
1.847839252428 
1.877783954132 
1.972939348765 
1.799956166702 
1.824893098163 
1.789162097138 
1.820030659171 
1.773572305371 
1.651337220322 
1.687055111071 
1.672133747720 
1.714265622950 
1.719463880834 
1.659171186470 
1.671000658074 
1.905382915539 
1.894988990315 
2.036189709567 
2.010735510401 
2.129914637475 
2.174679981903 
2.167498849314 
2.060713298064 
2.013323981355 
1.977093316294 
1.899168581881 
1.857813559734 
1.800885855475 
1.790393490359 
1.929692630498 
1.908414476169 
1.920839126922 
1.889212583880 
1.814858388219 
1.722405864122 
1.853695122370 
1.805794402585 
1.859889415625 
1.698857851224 
1.591688999815 
1.556725364553 
1.658527714660 
1.722746226222 
1.797396089635 
1.530649022978 
1.618769054627 
1.664614708580 
1.802425717667 
1.911664409924 
1.998812668750 
2.024157086626 
1.890223692705 
1.874743405916 
1.846591445516 
1.799042287186 
1.748230737209 
1.609555951695 
1.570007149863 
1.611435303029 
1.657141762081 
1.659765046611 
1.597897809968 
1.612857472792 
1.790534935601 
1.710808498749 
1.730631625919 
1.660071774836 
1.674759646277 
1.684902894092 
1.654455703152 
1.728326466479 
1.678256667467 
1.661917496908 
1.720167219368 
1.655740937837 
1.623526843017 
1.630990776147 
1.558470202399 
1.610260986313 
1.574720070572 
1.597114610127 
1.620621340672 
1.578642793022 
1.608317451969 
1.555242907120 
1.492704703581 
1.572898152070 
1.458013726175 
1.464266784375 
1.444665913952 
1.476962197841 
1.490616733201 
1.467682810061 
1.537260183349 
1.617373462765 
1.641125880006 
1.637142578812 
1.642791039474 
1.465790155991 
1.479648218179 
1.498480668016 
1.442100907718 
1.518374177040 
1.499641124949 
1.484814786872 
1.486225702168 
1.513902035429 
1.522657167545 
1.507362625627 
1.536267263122 
1.517243990592 
1.639010124713 
1.697876610165 
1.611574829406 
1.654390974404 
1.568441670819 
1.647045422764 
1.559636599113 
1.689931265438 
1.779412606004 
1.770137368811 
1.613568684078 
1.544991332003 
1.618271974009 
1.570039340365 
1.669934254911 
1.577384291331 
1.792125230368 
1.715433163378 
1.688065111400 
1.717131712953 
1.697052250516 
1.699929422006 
1.756790351810 
1.625244499797 
1.624877753548 
1.597796270250 
1.575123618367 
1.676272472191 
1.623665620635 
1.660003063410 
1.681367006435 
1.701999866774 
1.699614420477 
1.781701166614 
1.778654656040 
1.771592844221 
1.781649534888 
1.749150959382 
1.772002614622 
1.817737808832 
1.808243583742 
1.840037382433 
1.919774648688 
1.825600840233 
1.777677409461 
1.452104251811 
1.591971767970 
1.778571745950 
1.864645666580 
1.699211489709 
1.913464048889 
1.859498877687 
1.981249765521 
2.062261515977 
1.835403076639 
1.844069565250 
1.895959177082 
1.844643077825 
1.842831789194 
1.996953391049 
2.017176178079 
2.015138055409 
2.151662049330 
2.149130694920 
2.140768508898 
2.183276633928 
2.288165626398 
2.023989321239 
2.072645941800 
1.988763889233 
1.991758985460 
1.982474311061 
1.970238712957 
1.984872896825 
1.931371283722 
2.052365756486 
2.075556289611 
2.161334527894 
1.805058789340 
2.102914432295 
2.202114288230 
2.048029211374 
2.007496800797 
2.069091717640 
2.001399229431 
2.058650767664 
2.108658826052 
2.100866284741 
2.109341949663 
2.114474028021 
2.131438645536 
2.256874979921 
2.248950410729 
2.230880782161 
2.246624358657 
2.209593222281 
2.336126549341 
2.378094686078 
2.425799586828 
2.256299479227 
2.359510635016 
2.383691267682 
2.296336216490 
2.284059618268 
2.232112019008 
2.240847787293 
2.410906571247 
2.359857313658 
2.394752735550 
2.463393482587 
2.358260288251 
2.378358943717 
2.099208112515 
2.196946073935 
2.147064982663 
2.022713255556 
2.040769467971 
2.027820964132 
2.061679753687 
2.104572805716 
2.022099445700 
2.149011692307 
2.144828326498 
2.209665859223 
2.278693629910 
2.214621891071 
2.202374550179 
2.199907375041 
2.319590806408 
2.450166008001 
2.453975356707 
2.506842658060 
2.560110464296 
2.495852407161 
2.307851304996 
2.335154098307 
2.334285865648 
2.440266831387 
2.425421898075 
2.408377682334 
2.252441788987 
2.270773181836 
2.358797787093 
2.277267691911 
2.276431439357 
2.198135482666 
2.210460124832 
2.124033615018 
2.106802978249 
2.124644979481 
2.111861913359 
2.066330613361 
2.053976012445 
2.038406457884 
1.983981522526 
2.078656502252 
2.133955815584 
2.111125450027 
2.117475849902 
2.117005542067 
2.126192006050 
1.996409182015 
2.002072727689 
1.914123410265 
1.892576858295 
1.901514576395 
1.849988862071 
1.882331138702 
1.884232264133 
1.909868580600 
1.920232701642 
1.913011044486 
1.895362335904 
1.906386274348 
1.880911080649 
1.768126483668 
1.747975038926 
1.797498356362 
1.769114488614 
1.771384454978 
1.724985709683 
1.717735454533 
1.753979314013 
1.823762465088 
1.851900323558 
1.855190460083 
1.823029082368 
1.830862543396 
1.833463758399 
1.831500078677 
1.671301752926 
1.645235863416 
1.694033325925 
1.740840763736 
1.886955767197 
1.563535486061 
1.617624348310 
2.011905518858 
2.022605981769 
1.956537040757 
1.897596445360 
2.165214147694 
1.980222154816 
1.960724016326 
1.988991403659 
1.990836408899 
1.926773942435 
1.899854745148 
1.842843399957 
2.009816533798 
1.940128000394 
2.315083153822 
2.223364874273 
2.389536671676 
2.334249360248 
2.384257286843 
2.295252199359 
2.522428692863 
2.439156948618 
2.280825331437 
2.344662574445 
2.229403703569 
2.050512809731 
2.241831174320 
2.312930075867 
2.367103943448 
2.178983937227 
2.283620116220 
2.296395976126 
2.418608421245 
2.591127967030 
2.549746155595 
2.365824222636 
2.160224839342 
2.328608337388 
2.323450912199 
2.254877351087 
2.191654379245 
2.276048413227 
2.271829431009 
2.119169957782 
1.905513511989 
1.643117258704 
1.610174926302 
1.656262920782 
1.740199883407 
1.687533950897 
1.563050338232 
1.818524603495 
1.809747729934 
1.734069226199 
1.699320697982 
1.638208789153 
1.657094755715 
1.723268722790 
1.766556778366 
1.731436185093 
1.705270881707 
1.809994166815 
1.812600712957 
1.829840324985 
1.821626001162 
1.729285415112 
1.756710024031 
1.863395458532 
1.908785875769 
2.091200547087 
2.170224830449 
1.961893604338 
2.001801455114 
2.216986292785 
2.186988290152 
2.241566298865 
2.245970314222 
2.178918108822 
1.996252408695 
1.724561771072 
1.569256852101 
1.561795327864 
1.518552711827 
1.718400904522 
1.904743214078 
1.947011703262 
2.011033605608 
2.056337593826 
2.195835909569 
2.230403297145 
2.125903097084 
2.070660734333 
2.057930513424 
1.970168422431 
2.101613237223 
2.054456637577 
1.783589594503 
1.790041068214 
1.773997947008 
1.830290940123 
1.587149410666 
1.663650283598 
1.671070939585 
1.939361749886 
1.823508466581 
1.870113010058 
1.896890127163 
1.912539944418 
1.950968966755 
2.014778857213 
2.042965959292 
2.023714423864 
2.062383956247 
1.861711797637 
1.494001420096 
1.755954584974 
1.783339579658 
1.748582310450 
1.729006524049 
1.838614558675 
1.675563248559 
1.684184422891 
1.747126518753 
1.778001365719 
1.866214906015 
1.856793631903 
1.917759707257 
1.951023985190 
1.799266256565 
1.588400329371 
1.505904191814 
1.536202709663 
1.558974256329 
1.549682783699 
1.535312270069 
1.557272052819 
1.520343840724 
1.425832886174 
1.501248216062 
1.560332416692 
1.520693568234 
1.501701455639 
1.606993938595 
1.644806815500 
1.646579076345 
1.585768297445 
1.661785316631 
1.677571950257 
1.650668421495 
1.632844804179 
1.541991981018 
1.372632982590 
1.416784201870 
1.523748905460 
1.491621497914 
1.540169824548 
1.610452357777 
1.385131947140 
1.500272510887 
1.458417455986 
1.519065847810 
1.629372121403 
1.640609583807 
1.602986747191 
1.484944133313 
1.570044135523 
1.484617424723 
1.580054194568 
1.522539366710 
1.732562422803 
1.730285309125 
1.663592388911 
1.642178193825 
1.646017887443 
1.595243825190 
1.622645085322 
1.625494066289 
1.709317313803 
1.700718377143 
1.676073009037 
1.669040792362 
1.685872931730 
1.664957360395 
1.668137618725 
1.650766190695 
1.623542032104 
1.688813824225 
1.668807030509 
1.678407528516 
1.652971110921 
1.710787800200 
1.745587752737 
1.756335886402 
1.815480311621 
1.823275202099 
1.897529154082 
1.909369246697 
1.930469757869 
1.827438902336 
1.748418681977 
1.786630948709 
1.816705855914 
1.842827283925 
1.831153987858 
1.801029436370 
1.849237571658 
1.884112070305 
1.906324532723 
1.844600691348 
1.813858431113 
1.801709445524 
1.779627231125 
1.779627231125 
1.778569121231 
1.764543190952 
1.785206743702 
1.737074268343 
1.745688191821 
1.756810061693 
1.690429259062 
1.676957638272 
1.667217751264 
1.695509041678 
1.699922640581 
1.719501263487 
1.620321593089 
1.621635188095 
1.614070791808 
1.698090905577 
1.726723468951 
1.584029355361 
1.618579206919 
1.601431834275 
1.591075847405 
1.647027470283 
1.584325104099 
1.476984041063 
1.493045333608 
1.574904096988 
1.638670022381 
1.628086512095 
1.739306930571 
1.704482827841 
1.729907235635 
1.739867407451 
1.834274317481 
1.790368749752 
1.750539796579 
1.755167059642 
1.811556482890 
1.806176918864 
1.784847293155 
1.799669964719 
1.808355857534 
1.814648007667 
1.793400190213 
1.729695213965 
1.686567626893 
1.673393694265 
1.694813243245 
1.723581513892 
1.672534543641 
1.541718296807 
1.595947350943 
1.610801360562 
1.627739989341 
1.569895276338 
1.586623706920 
1.521287844436 
1.541663962534 
1.600127141827 
1.584716253365 
1.630104907745 
1.630939717821 
1.696837943868 
1.741918250842 
1.692699718497 
1.705671291676 
1.762563425718 
1.850173180620 
1.874301729319 
1.888241294069 
1.850004452683 
1.833903168932 
1.802700849348 
1.775273847652 
1.721195160728 
1.689202914464 
1.730717913751 
1.732518056113 
1.735363350940 
1.817365364716 
1.818273295509 
1.839105644083 
1.762831798625 
1.755331173878 
1.808856004526 
1.872386847122 
1.856699964526 
1.933964429393 
1.885895270059 
1.852895226746 
1.775552144774 
1.814298123054 
1.909082382058 
1.896549427627 
1.874154567993 
1.847612744815 
1.801848790706 
1.800115268552 
1.800947033003 
1.799244721828 
1.829290474746 
1.835475905701 
1.864201857143 
1.953961126672 
1.876018198671 
1.872035018078 
1.914144707003 
1.950117403787 
1.913185815230 
2.013068763811 
2.057223457735 
2.030026755028 
2.026458260056 
1.818697667728 
1.790072220961 
1.894533262444 
1.924593187424 
1.852672346769 
1.815772062792 
1.933913801519 
1.968071655973 
1.932664800022 
1.966037702099 
1.935715888680 
2.008890947671 
1.966848947907 
1.944883475243 
2.099405462927 
2.084380205282 
2.116623573929 
2.095145844805 
2.157027226515 
2.047496360327 
2.038037441059 
2.084680337580 
2.185829410870 
2.161991238152 
2.154435642122 
2.073829543903 
2.110240434358 
2.070528424455 
2.092615920753 
2.053777073590 
2.059393531408 
2.102157712370 
1.977302009216 
1.939977292710 
1.988688121287 
2.037087855979 
2.039613365593 
2.040067078572 
1.981626933687 
1.986829690711 
2.068798081676 
2.037892566646 
2.052861827764 
1.970199037773 
1.934595085764 
1.960239439720 
1.957881355773 
1.931048179831 
1.845849992185 
1.715340111104 
1.729411401698 
1.661040843954 
1.685410998030 
1.560990755278 
1.594823087685 
1.542449745453 
1.837699115311 
1.825963312624 
1.708141514703 
1.851023066700 
1.922690294675 
1.754637550809 
1.619903855516 
1.667411730510 
1.554983132025 
1.630233554756 
1.689522937483 
1.711367049746 
1.699690768796 
1.657420432407 
1.665702009588 
1.768973468785 
1.688285519783 
1.677359998286 
1.680599118616 
1.674666685415 
1.593727532726 
1.685987370362 
1.790633923967 
1.867579049974 
1.829622424577 
1.883266920021 
1.937545301830 
1.931541863193 
1.929142578645 
1.853444718759 
1.852121599732 
1.852702930198 
1.898211374762 
1.888289898391 
1.894227219487 
1.942212949345 
1.832774588956 
1.777508811255 
1.886179814485 
1.910552336653 
1.811241306367 
1.871581325400 
1.877333665617 
1.880463155390 
1.885072421963 
1.894888786453 
1.900300999388 
1.881167942340 
1.728930045848 
1.778808877050 
1.595798841493 
1.634270662679 
1.695458319577 
1.743085941859 
1.942821238563 
1.971784045503 
1.890658593564 
1.870660435376 
1.828395611722 
1.883217686750 
1.780984537622 
1.694823585296 
1.757779366743 
1.972173958436 
2.033440972231 
2.083299547411 
2.002654057578 
1.962988155925 
1.840625422758 
1.778663262743 
1.622449640588 
1.544199426701 
1.658422320870 
1.730744820283 
1.662650409502 
1.588284597573 
1.721826764447 
1.742662399133 
1.665189881673 
1.726065761292 
1.712835956104 
1.652852010163 
1.700089662549 
1.737138817367 
1.872751138408 
1.947550645747 
1.969968135033 
1.926463036796 
1.880570909795 
1.898064523341 
1.989631279560 
1.976401532669 
1.773494375197 
1.916809535992 
1.704690961061 
1.639846853442 
1.711370893664 
1.627021195133 
1.748252430338 
1.716359559442 
1.651817236415 
1.560545543947 
1.697112449466 
1.701668828493 
1.732172205340 
1.686133531103 
1.766350396770 
1.854211357663 
1.846615655717 
1.961319703102 
1.866674950434 
1.653183034128 
1.386366422108 
1.531067500740 
1.612758801503 
1.576351297582 
1.476995177527 
1.541505344981 
1.552058895425 
1.595971504619 
1.453430596082 
1.665685718764 
1.639842845494 
1.511309544420 
1.805962687058 
1.492499551718 
1.459897474854 
1.496675637612 
1.911057223935 
1.703264942139 
1.693718233416 
1.654746650386 
1.618155056099 
1.647167653587 
1.717774005537 
1.683090840525 
1.620655270304 
1.617838257177 
1.553294544262 
1.633176458465 
1.654102942611 
1.777908859584 
1.763977534718 
1.694616859792 
1.664290205773 
1.743744543885 
1.703825754799 
1.780751531826 
1.803992670025 
1.771011497886 
1.793206936272 
1.684270493005 
1.666851548095 
1.675291004924 
1.661537306160 
1.673491163946 
1.756202853128 
1.797161932348 
1.711530533481 
1.592846168167 
1.598088266598 
1.537289990982 
1.711278936086 
1.761796625277 
1.822042851162 
1.875382942709 
1.886199124295 
1.969497651018 
1.914190910628 
1.975839808073 
2.001714981666 
1.972810315757 
2.146770698434 
2.132587359611 
2.067895457946 
2.230142216065 
2.035253849048 
2.005812625888 
2.038514718928 
2.073508541202 
1.953233079175 
1.841134051733 
1.976090372551 
1.971582862475 
1.895645711958 
1.748729482496 
1.757962338210 
1.794304933313 
1.684195810671 
1.701663337318 
1.625103432971 
1.570028353791 
1.660759336459 
1.538549462926 
1.729973713685 
1.706574278108 
1.733300698952 
1.635797639430 
1.685897959541 
1.591543811907 
1.605590309229 
1.639678301872 
1.749656559410 
1.816877727044 
1.682021326220 
1.578141692176 
1.562954372149 
1.619326619387 
1.667737430843 
1.748450162648 
1.771016270286 
1.726285341517 
1.781501461022 
1.855149514383 
1.950848545352 
1.827055939269 
1.832344298852 
1.712454150108 
1.701779637373 
1.558029808989 
1.585297928256 
1.667761736504 
1.645335837539 
1.721968397851 
1.684136114133 
1.639035422484 
1.611937484784 
1.619288030921 
1.671086357596 
1.484704755825 
1.407320684758 
1.481017866173 
1.479964224292 
1.577147596251 
1.591012283407 
1.540157342864 
1.510219517903 
1.674031355518 
1.635643157612 
1.674468964615 
1.741952760886 
1.751604702433 
1.854584587279 
1.896255052279 
1.895254094439 
1.813390279126 
1.868232436813 
2.115443398343 
2.235341732347 
2.167798703213 
2.085813568609 
1.973885537471 
1.940011976618 
1.868895961261 
1.855278443210 
1.931384385451 
1.946859124040 
1.938428781962 
1.941756696117 
1.950178693667 
1.896731819625 
1.891165931923 
1.916232131770 
1.937767691620 
1.978382048296 
1.948825441305 
1.960631970600 
2.184475748241 
2.135880646910 
1.935362039512 
1.935362039512 
1.948639135034 
1.965843794337 
1.930890869888 
1.941332066922 
1.894185707374 
1.850097803487 
1.779113990215 
1.759308667448 
1.765006412847 
2.086723955177 
2.014378406728 
2.004687533956 
2.166837224953 
2.126634810430 
2.013280986980 
1.946388831401 
1.931551936605 
1.942232333344 
1.951242092724 
2.001020330983 
1.774396813929 
1.801073103612 
1.863530359274 
1.825404133810 
2.052749989963 
2.115749039475 
2.174767812465 
2.383420006075 
2.350899950517 
2.155402392093 
2.084058466038 
2.045396531951 
1.998592731030 
2.028885183986 
2.120636557203 
2.064527461486 
1.964921625212 
1.999826702615 
1.883751047383 
1.759485940738 
1.713702218507 
1.731074587171 
1.712919411738 
1.720723138202 
1.704646673775 
1.639429585756 
1.609810128168 
1.589765858771 
1.583696619958 
1.563793735034 
1.566201763711 
1.675055399332 
1.661240132252 
1.689517232820 
1.481498480794 
1.541614662210 
1.592567942829 
1.594674485624 
1.548398465785 
1.601630771298 
1.569068562306 
1.674167648235 
1.676352822246 
1.656217515778 
1.667834627685 
1.562212670112 
1.617970050935 
1.665261565712 
1.633547346506 
1.619962419737 
1.869923189063 
1.886523419504 
1.881253962850 
1.787662625156 
1.802433752143 
1.826653746986 
1.841634629567 
1.825905313813 
1.816927398777 
1.899157380028 
1.937388364835 
1.938657725184 
1.968357274569 
1.943419039273 
1.920282108284 
1.925150730916 
1.897289702596 
1.836540676655 
1.877613814755 
1.968754140467 
1.987323402359 
1.984465986263 
1.985830455578 
2.003677268479 
2.078201660871 
1.950857820662 
1.936300101264 
1.894163367374 
1.885149808859 
1.906430066127 
1.870145737307 
2.088133314458 
1.885649556305 
1.883976133006 
1.965796291331 
2.012148060851 
1.816910957838 
1.821150397514 
1.745762237385 
1.717405527872 
1.732832338022 
1.753221728161 
1.819398492252 
1.877391410701 
1.954611960058 
1.884929409050 
1.608140693392 
1.634024525574 
1.608234041071 
1.829305752177 
1.721234971672 
1.688186324320 
1.769873100365 
1.829073067271 
1.654281628273 
1.675617951710 
1.716466612571 
1.766798872365 
1.700355254943 
1.879805645857 
2.128578313378 
2.032858535939 
2.036691507716 
1.652716058439 
1.717879232667 
1.652411623838 
1.576645852320 
1.533764663024 
1.661747024895 
1.825055820982 
1.800938262436 
1.725703061649 
1.674287289762 
1.783055390347 
1.620233513495 
1.776914959359 
1.895611068760 
1.583737370076 
1.643609811909 
1.757184672116 
1.561155206600 
1.605511229541 
1.442740703671 
1.651606504601 
1.638355711616 
1.770222917935 
1.800721425136 
1.753513063562 
1.798385633252 
1.656573852813 
1.740574808943 
1.717520469605 
1.660983202461 
1.643881065675 
1.721295914888 
1.873876887439 
1.869475013996 
1.796334840639 
1.795371001338 
1.837834121838 
1.772725978493 
1.780193747368 
1.851364395083 
1.843093834973 
1.941288593754 
1.946967995974 
1.945765371609 
1.934855720937 
1.956931495922 
1.829830629007 
1.757883048326 
1.793269784940 
1.748645067542 
1.847236022654 
1.822559285306 
1.793382586436 
1.650780980223 
1.650506886361 
1.812865674611 
1.739924394637 
1.794147262147 
1.809772429779 
1.857759233077 
1.834590198072 
1.890733379079 
1.832885251328 
1.780831289438 
1.784506733769 
1.829794532905 
1.835500430722 
1.917404453258 
1.877611102204 
1.938663228920 
1.869719454820 
1.837340031955 
2.011822420139 
1.907681510803 
1.875154386214 
1.853192461742 
1.847284071980 
1.938249745185 
1.888610296059 
1.874246186725 
1.872664651729 
1.755714818828 
1.809233785543 
1.747581961317 
1.685152368451 
1.739855143670 
1.777169487237 
1.868752778245 
1.982137998680 
1.971233868742 
1.921901407620 
2.063166743209 
2.067189148754 
2.115056136630 
2.133028465733 
2.022645324242 
2.046526198036 
2.060544858487 
2.084214408937 
2.043868495429 
2.160255526569 
2.137789919192 
2.144116054211 
2.119406885622 
2.070289428955 
2.064184998012 
2.099778478304 
2.120585887419 
2.125423691872 
2.162707316026 
2.098998562311 
2.172159010103 
2.170239538462 
2.223622636511 
2.197451954865 
2.219779996049 
2.185944126894 
2.155545577595 
2.172853350985 
2.134485004554 
2.022624826383 
2.035364651738 
2.075688485582 
2.039491428777 
2.076845555846 
2.041176620169 
2.032493696571 
2.154279767480 
2.234059090077 
2.115117670821 
2.101935683483 
2.037451215235 
2.026054840932 
1.994576727981 
2.110066421073 
2.173540750461 
2.240504868693 
2.316910596741 
2.212972329459 
2.115759791654 
2.267393389304 
2.267160212527 
2.210882036615 
2.062953390899 
2.037019820998 
2.063572748666 
2.018604226972 
1.981797505765 
2.004912032774 
2.082357052923 
1.924048919491 
1.770058184322 
1.702344822452 
1.655654204165 
1.616250929427 
1.593120920673 
1.586010939085 
1.552378090312 
1.713602862635 
1.783875291995 
1.895728368887 
1.877244394054 
1.851816632961 
1.846643446402 
1.851330128328 
2.039055361495 
2.147795296075 
1.976827497016 
2.084642497939 
2.241921082676 
2.168339733876 
2.142565223116 
2.179979240260 
2.253538036482 
2.190489457410 
2.212577149454 
2.206131014497 
2.139462925642 
2.175156494773 
2.320857087244 
2.469958814687 
2.441340954119 
2.420535142123 
2.450782504120 
2.480855908689 
2.190845264819 
2.237721941732 
2.260953841012 
2.278175413233 
2.161907006316 
2.155250559009 
2.171383815732 
2.149547569592 
2.046420144989 
2.058653491238 
2.023228475362 
2.067244397529 
2.172605035766 
2.072813342745 
2.045700901607 
2.056013297426 
2.005544188096 
2.008518684805 
1.984374365864 
2.105738905875 
2.270785200703 
2.177189773466 
2.183597589107 
2.141478214417 
2.194458306950 
2.085616559028 
2.001633459303 
1.985024508242 
1.961681498468 
1.918688694361 
1.905903089039 
1.890184005778 
1.807782442505 
1.823490520710 
1.762138953505 
1.758078409329 
1.785630760601 
1.736201239174 
1.647207214246 
1.713032393859 
1.736437102386 
1.753677431362 
1.766063729868 
1.758449338625 
1.778071689664 
1.778749401542 
1.771523877608 
1.708051499553 
1.825799157017 
1.831617466947 
1.826445032668 
1.793806552517 
1.900122569976 
1.913095174136 
1.919995209909 
1.949524567485 
1.891901714650 
1.838657184934 
1.845926538148 
1.678464170464 
1.681739453341 
1.649122081578 
1.644378154071 
1.581607201980 
1.565034747580 
1.577341341698 
1.594143034453 
1.607081258295 
1.566830713214 
1.614937805426 
1.634619909091 
1.582586031044 
1.852577581838 
1.834943214294 
1.810605772550 
1.873224806133 
1.877755127825 
1.877079583342 
1.943788120232 
1.831601318085 
1.771725427338 
1.854967622048 
1.658245088145 
1.653686660489 
1.684405209844 
1.687512180042 
1.713899133721 
1.697827974057 
1.694832583578 
1.705875124597 
1.687377785360 
1.687141966447 
1.799074247072 
1.800896041306 
1.832854176377 
1.792614098335 
1.817152031777 
1.862005505912 
1.882620955697 
1.937879845826 
2.055722234193 
1.926410068773 
1.994984822467 
1.981290060373 
2.005008493902 
1.965844766254 
2.226197323748 
2.269684443488 
2.149021956839 
2.177462951459 
2.034522113680 
2.240699272369 
2.293346464207 
2.179521257218 
2.171005922046 
2.275035891103 
2.253758804748 
2.046198905705 
2.372427332131 
2.310807222068 
2.338825617111 
2.039680397037 
2.276187096826 
2.381092342670 
2.333404169190 
2.360353480989 
2.314627710861 
2.301162756017 
2.361769432540 
2.413664997170 
2.230752015732 
2.191908588228 
2.461155351105 
2.548843131828 
2.351040369367 
2.323255650262 
2.315714207959 
2.288628313485 
2.194904933782 
2.320292960293 
2.183386185416 
2.211591018001 
2.126443041741 
2.168695200350 
2.367544080837 
2.337226134455 
2.252563613520 
2.256936680208 
2.283883058745 
2.397958304608 
2.313216969415 
2.326014236813 
2.245817716550 
2.330067248673 
2.422071570789 
2.338478822378 
2.359138707586 
2.272094627647 
2.347033004087 
2.141541389516 
2.125892395995 
2.303319372990 
2.276563566256 
1.875216606913 
1.699144616557 
1.674706807512 
1.795307354319 
1.789423473809 
1.954448561622 
1.890239558314 
1.861993795117 
1.932522297082 
1.909665756206 
1.873666522657 
1.924565691765 
1.837598431297 
1.985565242331 
1.968381751506 
2.080470921188 
2.075463323187 
1.929983785261 
1.924737849632 
1.968082571312 
1.889874239753 
1.706318919266 
1.512216170033 
1.659557849344 
1.741631239763 
1.711506568202 
1.935253460757 
2.086551533647 
1.973361511386 
2.034552556525 
2.001969439795 
1.959285550741 
2.013322199134 
1.980581386912 
1.934404789320 
1.780413663524 
1.717761035250 
1.758371939298 
1.721438810964 
1.723019375820 
1.763675365191 
1.578097218608 
1.799563896196 
1.795829275347 
1.700980933386 
1.759578542182 
1.867552802040 
1.880643899252 
2.063525217021 
2.107686267186 
1.681662245561 
2.008827147829 
1.842859476465 
1.848474101421 
2.127049779661 
2.221507092200 
2.138007056688 
2.065182074156 
2.017916503548 
1.779619715718 
1.633065270038 
1.787751424685 
1.830668026046 
2.031696527062 
1.811485733695 
1.415857018925 
1.666981610724 
1.580842330528 
1.836105786941 
1.862725844940 
1.892090995752 
1.779829918765 
1.726830073410 
1.806934094380 
1.937464240197 
2.044954624556 
2.070278832092 
1.925045171370 
1.768883304142 
1.567059131825 
1.672028207135 
1.753219261623 
1.538802696577 
1.622417336509 
1.515834960786 
1.575919882390 
1.518847640711 
1.612930179074 
1.511207592013 
1.586936938934 
1.597848539812 
1.611357999944 
1.699499752884 
1.793604755957 
1.722026257201 
1.832652460757 
1.817305627017 
1.785191543028 
1.846045235074 
1.867874771113 
1.652280152867 
1.578326631058 
1.588809163907 
1.670949600331 
1.644752799373 
1.629541042610 
1.786559143828 
1.866621808317 
1.746769382733 
1.727161653411 
1.709658408785 
1.815920668853 
1.785635679913 
1.864481975070 
1.903173244481 
1.784364225876 
1.776340750417 
1.789007050296 
1.824873334902 
1.907602905347 
2.053748897842 
1.826260950110 
1.772262217460 
1.819294872471 
1.991495100123 
2.060480393174 
2.211271036751 
2.269399459998 
2.165005287372 
2.115127260888 
2.215639384303 
2.154740304456 
2.086712699536 
2.108889103961 
2.130564638507 
2.090839007022 
2.137917683728 
2.257867971431 
2.064167980963 
1.992489686727 
1.861183698196 
1.851973595850 
1.969625632274 
2.003248102206 
1.995588144267 
1.927491119951 
1.888165905358 
1.854478447220 
1.993093270860 
1.990007173213 
1.982323314603 
1.917764707059 
1.853495782548 
1.929583527420 
1.934496049336 
1.874374274158 
1.810947508587 
1.753512566723 
1.770190219486 
1.798937286336 
1.778835277504 
1.795057766100 
1.759832277130 
1.590578586442 
1.624377929819 
1.656817747674 
1.763405273837 
1.766412186862 
1.636272255230 
1.626323002713 
1.732273059482 
1.631085516615 
1.697699324237 
1.795180049435 
1.817842308202 
1.834311335459 
1.858482212374 
1.801000460843 
1.887145573359 
1.853920652549 
1.799573791083 
1.742883295671 
1.749617430980 
1.668562434350 
1.740677153177 
1.716565612961 
1.767014436920 
1.704004428944 
1.782499271041 
1.890571824195 
1.887803053999 
1.870667690506 
1.843051889942 
1.760996980351 
1.816639365466 
1.892284256223 
1.932823057654 
1.839089152065 
1.804401616359 
1.807944729662 
1.800643291572 
1.778663133302 
1.921815170980 
2.037975828865 
1.797826360146 
1.658099407646 
1.584274873635 
1.539889167405 
1.707860044132 
1.707075803939 
1.720236015982 
1.668917038597 
1.833414210877 
1.797069938925 
1.617655490354 
1.612006139120 
1.666732061728 
1.782000834239 
1.706028302457 
1.774639960233 
1.737362805787 
1.879357468116 
1.856666180365 
1.737128455702 
1.743136056789 
1.684922431219 
1.847936793895 
1.943223543271 
1.914008128050 
1.968896204152 
2.046789364528 
2.069783444289 
2.028144354707 
1.935278365421 
1.844122890714 
1.777780537662 
1.705368503328 
1.784383783529 
1.700219572736 
1.689884395216 
1.747766042223 
1.633777090230 
1.606183924110 
1.590207239617 
1.587287223433 
1.709194941025 
1.697017819427 
1.714374037317 
1.792087064640 
1.790605678618 
1.951769483286 
1.872811059958 
1.911316166439 
1.903160913820 
1.802726322467 
1.825893707389 
1.818559468023 
1.717769465409 
1.735244279108 
1.707567788442 
1.813271536475 
1.818620605073 
1.836072431654 
1.962759195373 
1.938093246316 
1.966568936796 
1.871614485910 
1.945800491150 
1.954180244650 
2.089006101207 
1.945604506649 
1.935565540837 
1.958164615330 
1.976042386098 
1.877276934715 
1.881405767548 
1.922056268410 
1.832973856127 
1.800593079832 
1.755586979378 
1.836010068480 
1.805636083859 
1.721624169631 
1.779370041406 
1.621839661695 
1.662044606305 
1.619414437942 
1.618963789530 
1.742879138787 
1.733069914134 
1.718440855288 
1.710521672590 
1.719885544928 
1.845732493884 
1.804474790356 
1.828500450687 
1.842776401962 
1.941817970353 
1.917412741570 
1.954984326084 
1.994061633461 
2.052171019064 
2.027448913980 
2.023853458857 
1.993173475550 
1.877166625942 
1.958089778888 
1.913556698265 
2.036447385296 
1.879115110872 
1.832134937858 
1.941069929283 
1.822422933470 
1.839264556665 
1.837249652858 
1.951601915247 
1.925918810542 
1.990959360243 
1.975529294363 
1.955638642752 
1.966494542878 
2.017208452122 
2.022711319873 
2.070514437636 
2.039855716086 
2.114297183172 
2.136207375984 
2.136277399040 
2.004277241168 
2.107028089730 
2.132607318773 
2.097775248118 
2.097775248118 
2.133385028461 
2.119425633309 
1.965311873644 
2.021835346019 
1.934627995836 
1.945723607770 
1.968473265795 
1.911305660849 
1.955932162522 
1.959650782082 
1.949967303014 
1.961901958142 
1.994757415273 
2.046006716284 
2.059965277916 
1.947031000788 
1.979383088795 
1.936778972482 
1.936220596345 
1.903791545550 
1.841824226825 
1.854616205048 
1.808367172304 
1.807153328928 
1.811900351973 
1.836503962132 
1.759204165202 
1.639951013705 
1.570796161173 
1.560681826262 
1.572521845137 
1.566925533225 
1.629242161305 
1.556199012994 
1.624447352991 
1.547686836659 
1.721129018667 
1.667539590814 
1.731089036885 
1.733121169693 
1.770278658726 
1.725421529479 
1.747098531713 
1.700676258374 
1.681264772042 
1.698049317379 
1.746563859794 
1.644327555296 
1.593967879331 
1.622757469038 
1.774042326288 
1.789817751504 
1.856891123615 
1.973140912563 
2.070776744950 
1.899478914192 
1.888097763098 
1.864736465744 
1.838582310933 
1.878683887915 
1.739112309577 
1.664852415803 
1.659512953076 
1.697004609196 
1.703654999760 
1.513661914269 
1.511244969323 
1.687712529279 
1.532980709450 
1.667456629181 
1.531095600162 
1.492667796037 
1.610050639588 
1.708182251583 
1.881429833426 
1.968795607051 
1.918813105627 
1.756417860877 
1.838935340362 
1.882815568694 
1.778281468230 
1.727498997785 
1.762317117165 
1.696038106156 
1.685818553787 
1.872816382041 
1.721007845684 
1.582541541339 
1.608782147548 
1.679532245347 
1.709635785080 
1.842455551226 
1.927015704831 
1.953092466876 
2.054114679692 
2.199398075509 
2.389010132266 
2.121494162910 
2.006091183846 
1.806450163740 
1.950566951802 
1.924803239542 
1.882791913634 
1.809347891257 
1.717371798683 
1.787313054009 
1.730873269545 
1.839545230215 
1.614656231517 
1.673238348089 
1.586067823901 
1.587992656607 
1.598096112546 
1.744445157730 
1.745440088713 
1.827583317376 
1.760597954799 
1.701752583936 
1.846160553282 
2.005818768124 
1.904400940478 
2.108409931495 
2.051315338393 
2.002280862938 
2.155311641343 
2.146786319729 
1.966045298111 
1.945730090311 
2.034382454785 
1.879254084643 
1.901530713821 
1.683358300930 
1.682585326162 
1.604056232254 
1.945363556999 
1.914230088063 
1.974783187188 
2.190800491441 
1.995858954754 
1.832069394511 
1.994222457448 
2.044716803860 
1.969072170589 
2.044370634121 
2.024554511345 
2.144168850140 
2.086733333219 
2.064768777981 
2.154498207119 
2.132496514655 
2.085106210584 
1.633744555531 
2.136841724475 
2.072805623902 
2.030462040350 
2.004403350896 
2.370466218415 
2.238244822367 
2.238091005826 
2.188209701323 
2.278855362684 
2.186535014424 
2.226253137072 
2.065449940950 
1.989479130577 
1.954638846885 
1.958027904259 
1.733995256880 
1.650664569895 
1.587360663310 
1.536141276571 
1.726009628273 
1.827138536061 
1.783051987571 
1.882380574169 
1.845767810505 
1.790302638074 
1.785318906754 
1.847181853084 
1.895559745295 
2.167825426685 
2.096018767747 
2.100262839398 
2.284691166519 
2.034370345047 
2.028024418718 
2.240007737914 
2.065798183424 
2.099542960378 
1.768488863694 
1.814750389047 
1.889695072634 
1.763874608757 
1.802155138027 
1.983517199626 
2.042833811697 
1.950555837492 
2.117509664609 
2.050999921682 
2.111478366479 
1.950857762627 
1.885171037088 
1.937120260941 
1.799730108215 
1.879949536822 
1.994600493466 
1.988083446941 
1.822900830095 
1.769344454543 
1.779928015377 
1.707848992828 
1.709157754303 
1.742539922228 
1.798059582472 
1.730840472593 
1.669147109079 
1.564746341947 
1.548106393647 
1.568328319393 
1.780936210767 
1.855932937955 
1.678804913405 
1.689309866774 
1.713977210912 
1.572813842147 
1.618362550337 
1.641737903110 
1.646090363462 
1.560521239348 
1.640636031345 
1.585935431541 
1.604608077714 
1.596293620096 
1.574569362250 
1.659986268638 
1.563238173980 
1.651577491851 
1.589695093665 
1.619839187674 
1.646586258147 
1.645299839525 
1.569816971946 
1.567214197530 
1.600080614556 
1.623776603269 
1.717621367377 
1.520812216463 
1.472502069019 
1.580208017475 
1.916715920891 
1.766241809247 
1.544128713614 
1.615652538893 
1.768268757326 
1.775810752208 
1.839973568179 
1.718077894668 
1.857746363743 
1.778395607637 
1.782870963777 
1.756209703984 
1.716379347282 
1.721146888780 
1.784575954082 
1.679921293556 
1.724865761245 
1.743888558134 
1.812364228011 
1.790129147516 
1.952573791931 
1.927659736605 
1.883254495935 
1.853934533420 
1.877263343425 
2.034271991380 
2.045043940171 
2.198754674922 
2.068642874408 
2.072533700009 
2.123050121821 
2.116522873228 
2.121744086311 
2.095199491901 
1.963077452641 
2.002718005375 
1.931640347586 
1.963951606394 
2.073303998249 
1.999957798547 
2.010045471707 
2.172919982060 
2.190912754156 
2.154462391288 
2.131785669829 
2.075772330046 
1.885439461555 
1.906842681194 
1.900642901276 
2.162204495703 
2.117316250802 
1.875146617950 
1.866980624141 
2.015824844773 
2.009699000105 
2.143914003354 
2.116624039948 
2.117881611762 
2.167262445737 
2.167262445737 
2.234599801980 
2.232137325745 
2.192032016368 
2.362018389647 
2.451867270239 
2.209041294892 
2.506182737437 
1.964145736404 
1.984283810079 
1.989589943727 
2.016965495917 
1.983224065344 
2.080964775859 
2.060178422466 
1.879615574888 
1.833617491605 
1.889870401804 
1.961871563143 
1.946920704810 
1.802545049037 
1.754282676236 
1.771642047096 
1.772919014245 
1.764112736515 
1.821446159883 
1.826263096446 
2.131636386098 
1.987771647386 
1.910093839931 
2.134390358435 
1.991436990714 
1.931502866566 
1.962564599437 
1.977400351609 
2.039614626309 
1.997037791116 
2.064662337777 
2.078065937793 
2.048320455401 
2.026168092109 
2.001105251664 
2.008257343474 
2.060967708108 
1.963186254070 
1.850842014932 
2.149317512757 
2.122969809627 
2.156972090134 
2.156558847730 
2.148234792309 
2.250475184378 
2.205933527036 
2.211534111680 
2.137083291975 
2.133940961168 
2.310961259958 
2.176644539968 
2.104160292141 
1.948779603766 
1.972844894565 
1.947460878530 
1.922868497752 
2.003268865679 
1.894073654574 
1.874910335857 
1.876496210832 
1.801907046022 
1.886606457709 
1.867645065560 
1.979779247695 
2.083012882010 
2.124060042594 
2.125446971418 
2.199704670160 
2.162296091609 
2.224924211961 
2.169836720322 
2.187537301202 
2.121212405016 
2.078599157723 
2.174702828355 
2.180565833664 
2.188948628227 
2.179163743522 
2.169708882051 
2.190316493339 
2.228157199215 
2.060799568121 
2.064819079066 
2.066449639758 
2.068300194822 
2.136269512532 
2.068941181808 
2.110018726659 
2.100349113740 
2.060651073040 
2.060651073040 
2.101870688833 
2.106397324925 
2.074370841484 
2.060150018297 
1.943131402817 
1.843242969315 
1.817917074877 
1.844920286300 
1.846807386851 
1.908135411621 
2.074533913401 
2.083304520056 
2.037521587938 
1.975342735397 
1.895950986007 
1.895332620156 
1.893021480084 
1.871062854154 
2.068728939705 
1.856297489296 
1.808938093234 
1.706368793446 
1.402161632622 
1.264105649662 
1.521574222805 
1.672258596304 
1.543742518050 
1.611285444014 
1.694639254999 
1.817447281985 
1.827469283157 
1.886762324755 
1.845812518040 
2.125301101749 
2.009952156757 
2.067784860376 
2.014436019380 
1.968478219652 
2.221341160497 
1.961600287627 
1.951752237368 
2.092215390331 
1.899953510292 
1.870016570869 
1.938760876417 
1.740445782971 
1.700262419594 
1.789600306049 
1.757204278780 
1.668725434359 
1.722056617303 
1.739963680877 
1.780626857788 
1.778124655918 
1.757420316089 
1.656004858475 
1.797766684215 
1.766908313417 
1.745276112334 
1.889282170574 
1.929556686770 
1.962941775881 
1.901207563760 
1.729944697296 
1.740258564173 
1.658100840722 
1.798051953399 
1.795561746100 
1.833601598250 
1.823286995912 
1.869804528902 
2.052076545006 
2.151931881628 
1.835295626905 
1.722973288039 
1.818000617451 
1.820662441306 
1.828475353548 
1.807238478834 
1.809186246263 
1.843873483676 
1.990762858022 
1.819370956762 
1.904678877556 
1.957999809872 
2.074393966297 
1.832075423062 
1.821637844365 
1.944524775977 
1.977903254146 
2.174536410464 
2.236144490313 
2.042987376451 
2.092665439524 
2.216843354008 
2.018734058433 
1.996741123147 
1.975009811294 
1.930006000456 
1.925826302366 
2.051534014761 
1.958317415408 
2.211744012550 
2.226170177725 
2.043188596610 
2.197981607979 
1.773360286096 
1.893597651762 
1.674047006370 
1.638667711179 
1.707385143831 
1.469542770526 
1.757555370474 
1.649183448691 
1.867367373612 
1.902064976948 
1.821218304048 
1.877746260244 
1.827594288058 
1.874938685796 
1.808987615143 
1.869000996370 
2.044462946589 
2.108777033579 
2.157893578705 
2.121709811856 
1.853910426289 
1.779482253003 
1.721552673587 
1.943998211857 
1.784677781179 
1.861846363209 
1.733472260602 
1.772672036657 
1.901028125408 
1.768923921942 
1.793502410458 
1.762952460285 
1.394128932627 
1.495784432886 
1.464145767010 
1.901636282331 
1.886102436843 
2.070344766556 
2.093151676393 
1.868985747386 
1.882260102925 
1.958647686492 
1.948769765103 
1.955638884733 
1.762101032032 
1.690672829887 
1.689405628583 
1.686148377237 
1.697871713012 
1.628396673624 
1.677976780486 
1.677314167938 
1.711105243314 
1.706144000822 
1.784167300475 
1.837442121404 
1.813364404247 
1.693372856711 
1.709741235733 
1.735533485254 
1.680530932758 
1.699610165586 
1.706148827115 
1.900170504761 
1.856326721218 
1.831092414710 
1.825078457010 
1.847542696064 
1.932214960676 
2.014139604120 
1.877917715295 
2.086496338830 
1.834264484228 
1.829486924783 
1.919187685108 
1.816212196627 
1.840739779480 
1.771451299147 
1.886577889657 
1.831724786519 
1.909262632734 
1.938237572723 
1.916228623877 
2.000193973267 
1.896238894263 
1.904049833392 
1.948565050275 
1.887213096592 
1.999188934745 
1.996379665822 
2.018748651852 
1.885535165161 
2.012080182789 
1.911022295936 
2.191100605497 
1.946270915353 
1.957847489649 
1.891407896413 
1.890639878884 
2.058680375030 
2.081600157750 
2.105553839529 
2.106279269339 
1.935021711069 
1.879592194792 
1.899828963743 
1.783909272635 
1.836234539393 
1.820444478964 
1.736638817171 
1.821921577763 
1.936032764476 
2.101893442087 
1.873067426668 
1.727836587013 
1.666934097942 
1.607449985517 
1.599678754112 
1.584544622549 
1.449808773705 
1.688025176729 
1.425140828005 
1.486866141176 
1.554826469571 
1.629951406515 
1.669759772940 
1.724933159569 
1.759804359657 
1.721491578785 
1.660615269163 
1.730429021556 
1.686868612212 
1.722585263832 
1.716389714644 
1.636101444575 
1.565071651296 
1.659850227927 
1.672176902784 
2.092248558885 
1.992016486280 
1.992395055669 
1.707990771180 
1.788137005962 
1.773815752177 
1.672615473982 
1.826226432626 
1.733659914049 
1.783174476993 
1.869441793270 
1.986198657802 
2.038658689646 
1.959327454793 
1.964751633419 
1.975665196509 
2.211765454171 
2.151587350633 
2.175203017592 
2.016876466653 
2.003780284029 
2.020664795738 
1.941857287661 
1.938512967800 
2.010612734361 
1.931744935423 
1.897531215892 
1.998251557520 
2.044614249552 
1.850459826457 
1.791214333165 
1.761827313486 
2.067629771176 
2.008398344342 
2.098658724204 
1.961660987761 
1.832334872121 
1.816663560728 
1.710953692903 
1.688044479375 
1.670210287246 
1.829026403659 
2.034465449745 
2.014190939444 
1.973048842014 
1.925612736707 
1.849673604022 
1.849673604022 
1.851813149678 
1.834065327556 
1.847896112991 
1.806688813231 
1.814030893915 
1.840677838010 
1.809572760706 
1.809413520089 
1.794584134015 
1.804687659524 
1.850054242162 
1.749496552293 
1.745403656437 
1.751409761224 
1.770089615614 
1.786349270860 
1.812907992403 
1.815448663367 
1.866253714852 
1.770926665996 
1.702251210961 
1.757623364196 
1.758773935084 
1.748071495091 
1.871857032669 
1.859413198791 
1.802424992365 
1.748896789516 
1.733101206477 
1.720536627254 
1.714678103556 
1.619372961700 
1.418197277061 
1.601410122766 
1.551648481084 
1.548067459816 
1.582752445196 
1.625870169600 
1.609598716001 
1.493401679742 
1.523110793500 
1.568002852076 
1.541116385181 
1.557913156327 
1.512450165147 
1.583559008959 
1.661211450123 
1.684371872861 
1.674206482576 
1.756844806114 
1.764588527924 
1.776360338673 
1.778485272044 
1.841003174855 
1.840477945975 
1.837841617982 
1.845670980736 
1.782825469683 
1.799721690924 
1.838397062433 
1.957555988388 
2.042663876282 
1.911928175542 
1.862586783651 
1.863480537744 
1.936888989209 
1.902400890304 
1.896115781282 
1.815966072568 
1.833538279686 
1.820223274204 
1.872609276375 
1.827924151188 
1.809024939119 
1.786077000727 
1.720354978367 
1.900581163103 
1.939615816504 
1.980377422130 
1.903328383405 
1.957903347202 
1.939586393520 
1.892319206302 
1.887324061006 
1.827514790378 
1.940604889907 
2.006806281531 
1.997035367893 
1.979899956778 
1.935890927592 
1.853712574556 
1.926713447344 
1.998716171149 
1.977498208764 
1.951095708537 
1.948886179203 
1.924667329194 
1.861358261239 
1.916072574709 
1.911026217252 
1.986670774722 
2.003016103726 
1.957103572712 
1.937802461416 
2.234470976612 
2.202537492003 
2.084341327872 
2.046983898819 
2.157801399595 
1.801285062801 
1.867751502130 
1.876149564265 
1.669942209660 
1.436373065521 
1.857674476773 
1.581478293082 
1.415693862558 
1.686943530232 
1.708938873515 
1.716611749914 
1.774300540987 
1.821120100939 
1.654449473510 
1.717672337987 
1.724877809916 
1.728411193683 
1.742880865488 
1.735073239761 
1.799417553663 
1.871752897697 
1.836446237396 
1.844638164670 
1.699172425575 
1.884363213786 
1.787905111865 
1.653869412479 
1.714944857040 
1.950439288708 
1.971029944430 
1.944214214136 
1.737607435113 
1.785727154551 
1.807937493604 
1.952543160702 
2.046716045815 
2.139800966051 
1.717891175740 
1.736023839942 
1.798304864304 
1.931504627162 
2.043638845252 
1.868852741800 
1.945445367983 
2.016624160856 
1.860188069750 
1.756380280089 
1.730997784834 
1.854422951593 
1.780173516943 
1.981241209483 
1.757887111761 
1.539334270804 
1.496137349584 
1.992377555082 
1.973027842379 
2.050521063394 
1.882552262749 
1.803085782628 
1.716521842483 
1.642790506787 
1.670084572847 
1.601180106511 
1.701659695865 
1.742626812069 
1.770859061766 
1.783866389433 
1.786462594483 
1.734706329349 
2.007961309576 
2.061030435022 
2.217583505531 
2.231947724470 
2.078368336886 
2.041890407304 
1.984948879105 
1.961625537843 
1.785177836346 
1.833950498346 
1.678039578933 
1.828114429307 
1.874073045852 
1.955981687045 
1.921723067953 
1.852796199727 
1.871297502717 
1.785480459991 
1.861650733187 
1.818144096810 
1.964017402221 
2.044582826215 
2.020654496364 
2.033705867278 
1.957370755067 
1.894379962602 
1.874229550467 
1.825049263011 
1.814756246880 
1.895374002190 
1.872477330351 
1.877377441278 
1.805593692054 
1.735282063958 
1.735767494600 
1.758791599866 
1.835090658178 
1.855957442107 
1.837059848152 
2.033174826942 
2.094081136699 
2.074653243519 
1.836790863787 
1.894267000022 
1.852298844844 
1.836890557351 
1.813655184742 
1.866776864362 
1.928599407213 
2.066302072870 
1.947491784971 
1.870155572763 
1.851667836282 
1.831610356892 
1.831515309792 
1.845839008453 
1.921732575097 
1.869323391634 
1.957993500634 
1.864977104647 
1.983625710029 
2.105628869891 
2.283296724193 
2.078256241921 
2.028314246004 
1.996603158487 
1.966952375245 
2.085191358975 
2.048432608064 
1.922052231544 
1.861796920689 
1.863387631729 
1.777442983701 
1.820539841146 
1.853670593897 
1.783450160773 
1.603069495311 
1.680332098223 
1.639007553772 
1.621866537839 
1.633500714773 
1.568810908823 
1.597953512509 
1.639862435587 
1.549600109272 
1.566813279624 
1.643961160529 
1.703385470772 
1.658016064721 
1.633121726318 
1.688860303298 
1.744082589084 
1.679746990988 
1.658695257574 
1.638699506087 
1.709331011947 
1.607700313947 
1.611914775207 
1.627007914885 
1.705694402380 
1.662181629499 
1.734082313152 
1.698033449188 
1.763954760502 
1.750185955709 
1.670496430974 
1.706024135166 
1.716817208811 
1.721396302895 
1.778138830500 
1.566430551558 
1.556666094712 
1.553804038109 
1.656276887211 
1.692014749232 
1.622784378725 
1.611384591225 
1.647318124054 
1.640072406741 
1.731502862710 
1.651935217553 
1.683868153883 
1.708739389707 
1.699835078491 
1.728823752904 
1.649281652282 
1.593977732581 
1.569742542266 
1.701751356810 
1.662463538656 
1.714774454811 
1.735423564134 
1.775287797462 
1.824019634754 
1.876211211553 
2.136022569648 
1.980206414307 
1.900058510532 
1.962854032090 
1.856702740883 
1.863266977881 
1.821622955384 
1.766178749672 
1.737131221327 
1.774363048396 
1.698993193598 
1.805595808799 
1.675829109837 
1.699759771296 
1.734253951831 
1.672090346070 
1.667783771078 
1.641356070052 
1.757291816579 
1.849748071914 
1.860251217225 
1.852746943919 
1.931453792176 
1.993697336352 
1.947534167749 
1.891362248775 
1.884348952405 
1.986106244710 
2.014832161847 
2.019602981823 
2.059264326874 
1.983404371861 
1.944101074831 
1.917663931692 
1.936690387887 
1.922453273187 
1.915815460648 
1.924029718221 
1.905245312835 
2.022992170533 
2.004215664557 
1.965593977379 
1.976976319270 
2.028176985485 
2.019238065847 
1.961783419361 
1.910627537828 
1.941462085179 
1.974745656132 
2.038069942023 
1.952009976629 
1.835641112618 
1.795043491623 
2.033791442203 
1.990675899651 
2.029339964495 
2.065598201557 
2.064326109065 
2.112280572568 
2.014401557264 
2.050293817515 
2.064582673333 
1.981595391672 
2.140261995651 
1.976020014647 
1.953363083382 
1.997793758377 
2.071167804381 
2.045986358884 
2.127826329176 
2.092549830889 
2.117209379991 
2.117209379991 
2.117685463736 
2.073110148649 
2.033641061716 
2.059478715855 
2.042338812520 
2.095590704145 
2.066648655309 
2.101379978790 
2.170344437724 
2.179419901408 
2.173290312635 
2.183427413055 
2.200622876739 
2.063319651298 
2.252111325954 
2.148794370525 
2.212034309663 
2.185560380041 
2.065998762852 
2.142077538619 
2.123711043369 
2.050678456918 
2.017261825767 
2.055412408266 
2.050372528229 
2.043716480954 
2.022755613854 
2.088742532561 
2.012015077751 
1.976012394978 
1.961774768968 
1.967316825502 
2.021330770303 
2.003155424365 
1.997121108881 
1.981414335001 
1.929236276717 
1.915944534621 
1.898763330259 
1.984680926737 
1.997746216391 
2.089477011805 
2.068144103178 
2.118805662443 
2.152562925634 
2.180103038055 
2.062996912416 
2.160840973242 
2.258459676252 
2.139903092511 
2.154271092132 
2.097096251529 
2.180374541173 
2.015407470052 
2.167595417559 
2.086652346040 
2.098481809867 
2.074935356741 
2.054032045113 
2.046646153994 
2.030187680819 
2.004979532120 
2.085147325883 
2.080392574702 
1.980101448434 
1.944808492088 
1.981992454493 
1.972075921115 
1.979323147508 
1.978718993246 
2.026515195830 
2.009020327059 
2.015789148801 
2.005480487281 
1.980004679452 
2.001158618976 
2.008418519820 
1.997483937932 
1.979148057780 
1.971379940510 
1.972361298864 
1.980929157282 
1.993747746577 
2.045724653767 
2.037402778534 
2.057430980340 
2.032262647786 
1.994952163136 
1.990080904788 
1.974727006634 
2.033936184277 
2.049558293764 
2.012326058110 
2.013778804657 
2.039110264702 
2.005364622109 
1.995614524217 
1.995822169336 
2.003568847938 
2.003769971149 
2.003769971149 
2.005079093427 
1.994155571814 
2.087598971325 
2.205558675776 
2.167197610875 
2.032042443500 
1.965937120892 
1.872542002754 
1.917921655685 
2.104185998436 
2.585785042189 
2.525760750099 
2.407975724059 
2.201563084096 
2.181117153526 
2.136170502685 
1.896039096671 
1.710514807361 
1.590476548328 
1.627994080427 
1.585838895719 
1.655175349748 
1.725672933019 
1.823520205137 
1.848006346093 
1.875564568045 
1.992654842799 
1.957270841884 
1.893789565192 
1.870984742335 
1.842880105069 
1.758593170036 
1.730037396545 
1.813221362057 
1.739389734317 
1.676659469070 
1.801509562814 
1.735489706341 
1.692437466112 
1.631026200099 
1.784133236615 
1.874752458799 
2.040152105555 
2.001813743996 
2.086325421261 
2.110382167859 
2.032157567881 
1.968813487136 
1.964524987939 
1.943016310624 
1.924626489293 
1.795808083500 
1.838798734902 
1.743509515898 
1.715720023696 
1.562358850680 
1.589733553098 
1.745954817809 
1.752012214048 
1.730187400493 
1.694683849413 
1.607846736137 
1.623845601609 
1.720572628414 
1.687888802367 
1.665634625534 
1.661344336284 
1.673523415732 
1.676851653142 
1.659729500210 
1.588275276886 
1.603725745352 
1.593839912817 
1.644862906972 
1.679510780535 
1.616805500673 
1.766066707578 
1.673495710868 
1.688170559463 
1.725390207725 
1.613231786141 
1.572201451204 
1.612317941034 
1.642776312667 
1.599341896289 
1.589594171100 
1.701440593033 
1.624713926951 
1.614905141100 
1.579055098865 
1.712458661923 
1.693658071254 
1.772448274234 
1.635530479710 
1.715468278510 
1.773449259036 
1.725997388779 
1.746066974752 
1.716927286756 
1.919457479541 
1.925199143048 
1.930489959438 
1.844174153755 
1.846097724736 
1.847021598165 
1.871551197722 
1.824997457576 
1.803900350059 
1.950887131498 
1.990037738982 
1.937764418016 
2.085927305215 
2.099413916823 
2.125484920002 
2.153538990858 
2.271986598965 
2.159324777178 
2.268708898404 
2.394093703920 
2.315921283898 
2.154979709855 
2.246487036793 
2.142923937312 
2.052280721866 
2.007204925249 
2.339696002792 
2.007836303056 
2.002529569575 
2.021054361487 
2.083398653156 
2.033222744397 
1.855872315905 
1.843306504137 
1.804539260991 
1.753155847217 
1.864980441980 
1.849969753356 
1.801546484182 
1.727060454697 
1.656164567638 
1.703052163936 
1.703870858325 
1.788351107979 
1.868628797636 
1.844265113954 
1.813544103693 
1.690248533789 
1.755247585320 
1.748472159171 
1.692910681274 
1.680811352582 
1.748996947248 
1.699164983238 
1.652929597522 
1.738325164596 
1.693097520012 
1.685103984285 
1.635729013891 
1.662961263652 
1.609740661940 
1.618190658530 
1.615464471953 
1.571643352929 
1.521416726650 
1.705997459104 
1.649856877463 
1.708992397006 
1.745162020234 
1.779768965619 
1.798952697506 
1.693325844998 
1.700237263047 
1.600037875278 
1.755029252268 
1.771534312782 
1.778437394566 
1.793060429070 
1.793070581751 
1.800885019887 
1.854009355130 
1.828564537188 
1.783220522571 
1.796175250813 
1.796749036149 
1.804811025625 
1.821961717978 
1.801167442611 
1.787687628682 
1.779264286749 
1.772977471672 
1.816993903853 
1.860567087542 
1.828837465071 
1.818938696393 
1.845625684951 
1.815761699263 
1.831699970098 
1.833322141522 
1.881328053333 
1.912623739700 
1.886202895338 
1.989266577576 
1.968593578327 
1.981610191992 
1.919626145483 
1.979580893693 
2.042874164303 
2.055280896351 
2.011138001879 
2.094846107103 
2.134085198313 
2.152897702245 
2.086077031201 
2.085822185898 
2.129748832659 
2.142534651200 
2.204803175464 
2.196116449344 
2.104303640473 
2.172636516107 
2.040371751475 
2.036611871835 
2.011891687532 
1.890519655405 
1.963314165151 
1.937725604162 
1.903958288476 
1.904646776297 
1.871955773572 
1.955651071353 
1.948522868518 
1.854050357378 
1.726260691228 
1.792809168825 
1.746258466436 
1.806126369665 
1.866704786574 
1.796443040539 
1.796385908214 
1.663625676509 
1.793522901856 
1.779002069415 
1.728969007576 
1.680806083673 
1.772328840809 
1.682875532435 
1.708465521572 
1.780857583434 
1.774411443990 
1.772259126255 
1.839472937076 
1.832885489148 
1.695426387731 
1.692679198394 
1.791176017351 
1.806688267278 
1.786960249400 
1.837582425673 
1.817354731422 
1.822721949064 
1.810657596593 
1.804074603974 
1.754501036586 
1.794207829464 
1.816421265828 
1.847309045002 
1.853142489529 
1.877347182734 
1.898839667642 
1.799872272254 
1.821800306909 
1.767752886334 
1.858833044151 
1.856180042043 
1.841948103775 
1.840378421522 
1.921512990667 
2.002449060352 
1.976909937994 
1.950404064982 
1.892497726015 
1.889342972859 
1.898461691681 
1.870955386764 
1.858079768270 
1.732818532741 
1.666352721637 
1.724620141100 
1.727439348619 
1.778502220805 
1.830762857613 
1.856914135689 
1.841224166306 
1.847211330271 
1.851159265749 
1.840752999874 
1.822659361827 
1.609150929938 
1.534606899752 
1.605027684764 
1.620571845509 
1.625028210372 
1.638266363759 
1.670009465611 
1.711794948828 
1.663487056590 
1.698565449568 
1.657661383231 
1.628761671008 
1.658998043102 
1.706384787726 
1.669131233180 
1.708626445734 
1.680048846823 
1.571414359776 
1.571513447911 
1.575368329945 
1.575210169584 
1.613746274764 
1.575303143809 
1.615905106109 
1.599046831402 
1.623678770456 
1.622483395425 
1.624997311232 
1.568797815448 
1.568770695704 
1.555745791491 
1.695308432681 
1.767996553436 
1.757077365786 
1.800213539605 
1.850137758117 
1.862651828324 
1.964525652308 
2.063079745215 
2.102835343305 
1.964868975627 
2.060002350486 
2.059930637512 
2.058385489637 
2.050894141967 
1.948947906383 
1.928843105750 
1.945819931049 
1.949179834773 
1.959041834010 
2.034562904921 
1.999618727818 
1.964840155912 
1.939205326632 
1.907822516996 
1.886147013832 
1.879520557411 
1.868813153289 
1.890539037846 
1.947220147988 
1.947559275787 
2.013697966504 
1.952184219188 
1.923903093398 
1.954845482883 
2.049869037982 
2.004715467578 
1.949998200333 
1.934704744248 
1.899733846454 
1.890208316267 
1.895595719642 
1.849519636501 
1.814613295762 
1.773368282872 
1.790517749310 
1.869366664479 
1.880848372686 
1.844113655181 
1.823656307272 
1.796176984652 
1.919930224497 
1.821525296680 
1.934492885663 
2.006661903240 
1.915690167735 
2.006101726983 
2.036551871890 
2.005441358898 
1.984237610616 
1.812923555546 
1.746084786234 
1.809747310262 
1.814635132163 
1.811714945719 
1.811478124516 
1.520280405830 
1.573361102868 
1.790035490207 
1.680532397139 
1.776649347323 
1.997101106895 
1.821086002707 
1.720317831449 
1.816352474011 
1.876279850053 
1.931783316814 
1.940527547679 
1.854080913575 
1.830922090912 
1.838341221991 
1.805478412038 
1.805478412038 
1.837645351985 
1.991776355711 
1.941582043928 
1.867284626016 
1.782468953796 
1.831505882517 
1.878265558706 
1.832918935002 
1.834947425415 
1.830547981911 
1.725323920514 
1.645462433908 
1.691636185170 
1.652224930762 
1.638125497283 
1.634197868019 
1.584542605044 
1.596283203691 
1.655953985464 
1.563655142236 
1.615997856829 
1.501457496424 
1.623592441462 
1.620424897252 
1.620100634140 
1.595439712900 
1.684729883178 
1.656919374063 
1.612330398761 
1.653972466158 
1.618448992357 
1.642432275045 
1.592428486206 
1.607651938612 
1.528336116778 
1.519410858484 
1.513316576434 
1.526139945982 
1.602016711736 
1.537719491194 
1.636455252594 
1.884182007314 
1.984398679234 
1.725261825103 
1.775183992245 
1.649305896007 
1.672785399444 
1.658307099153 
1.737361321593 
1.744435808107 
1.772228662954 
1.623147856187 
1.619124616586 
1.626137769086 
1.654823867927 
1.653073219909 
1.652243994820 
1.675271170450 
1.677550397297 
1.674437796419 
1.727378703209 
1.651354508331 
1.683806951784 
1.610036809701 
1.650815798508 
1.681623691282 
1.641877144134 
1.631156643324 
1.647387728739 
1.658201556419 
1.662605376367 
1.679857145830 
1.703222725005 
1.567385880593 
1.602485760967 
1.607484541680 
1.642206834287 
1.619092106189 
1.569980178719 
1.587606445790 
1.615907958263 
1.726712386518 
1.588470761361 
1.623274279867 
1.682575156726 
1.755288083327 
1.743461460932 
1.846387718619 
1.784722309916 
1.907757908611 
1.942050990028 
1.799410833830 
1.729799938396 
1.758506712686 
1.731492702520 
1.734425946043 
1.817944402125 
1.851606584698 
1.703000596658 
1.701391036218 
1.708007277740 
1.699116428012 
1.670866668811 
1.761903659890 
1.791329650716 
1.848247309547 
1.960543675925 
1.829136528535 
1.907629512417 
1.909938098120 
2.029180991288 
2.057987138719 
1.925743422576 
1.952172822323 
1.891843952517 
1.812241494196 
1.791797833321 
1.798526122007 
1.809447209828 
1.762856515925 
1.673687510781 
1.743806125343 
1.700263487226 
1.585759797845 
1.500865704706 
1.729379359042 
1.609612775506 
1.749148999725 
1.685256486633 
1.718808202159 
1.647164891985 
1.665960825386 
1.744953579697 
1.689292890942 
1.693196104979 
1.743785717357 
1.847393242740 
1.847424166095 
1.830270559655 
1.897745689130 
1.898466870051 
1.875890556457 
1.672436300954 
1.673076987930 
1.660875153074 
1.684390753738 
1.705508541308 
1.581812965919 
1.594239972769 
1.654259833554 
1.670705083964 
1.661995913496 
1.647277983802 
1.641314648844 
1.653459795396 
1.658835485436 
1.601840961310 
1.588350328798 
1.514388144193 
1.485344615943 
1.564839247389 
1.637569691605 
1.445938763197 
1.412024919538 
1.485182430765 
1.601040932833 
1.678136181007 
1.706060976794 
1.726171225409 
1.862268090783 
1.944671893754 
1.947779102161 
1.921308003085 
1.888930829144 
1.907157630880 
1.725140764294 
1.740570423435 
1.818787461623 
1.714384118171 
1.728249327619 
1.535351852196 
1.582857069266 
1.633887169264 
1.542672972479 
1.676929155631 
1.744526780155 
1.837310764507 
1.976859982604 
1.980072684283 
1.958634585008 
1.944399992979 
1.922490118079 
1.888291124714 
1.898613626246 
1.880929514164 
1.874719784166 
1.875895732149 
1.845989112405 
1.829040012018 
1.811386042242 
1.818676016132 
1.806603580848 
1.832745406322 
1.818758565899 
1.857946640418 
1.935913173750 
1.957869099965 
1.999793489337 
2.014713779043 
2.017175384551 
1.984356854473 
1.752769998448 
1.770668309882 
1.961587239908 
1.936276060463 
1.941977055801 
1.946366501743 
1.968026480522 
1.941274364218 
1.917327693159 
1.934972524765 
1.937801321678 
1.930855322514 
1.918814167927 
1.899454994275 
1.724847469760 
1.732306154991 
1.674798955455 
1.798076180016 
1.802628403696 
1.844218942711 
1.835784441162 
1.835477826031 
1.817648130915 
1.836765334754 
1.816134745837 
1.796598018720 
1.822249476712 
1.834626701606 
1.829245272690 
1.749806199751 
1.747377289741 
1.745455172007 
1.792529756211 
1.792964406454 
1.809398979272 
1.854474645725 
1.859537003040 
1.827826571917 
1.817601709577 
1.800085103658 
1.815023617291 
1.837620250542 
1.841934276320 
1.791757290465 
1.712408605812 
1.723806010798 
1.738657569839 
1.726658810069 
1.681306803102 
1.734969525380 
1.810810907208 
1.815339628894 
1.827710889234 
1.825806298956 
1.829070018357 
1.842631442355 
1.758674750507 
1.881561968759 
1.884286549596 
1.875214738091 
1.822521651997 
1.821207110723 
1.854270738239 
1.870360026132 
1.819507763528 
1.809575634003 
1.774348299058 
1.566247151579 
1.648938228367 
1.664955330017 
1.622562940633 
1.599186242390 
1.503711819976 
1.486980380361 
1.485364965572 
1.564876031255 
1.524237382666 
1.443901386322 
1.411894977260 
1.657590405945 
1.719131207185 
1.696361615383 
1.704757786775 
1.715903519135 
1.668173483172 
1.594604748196 
1.594249787737 
1.620165023007 
1.656027738696 
1.709224043535 
1.735198121447 
1.805192598564 
1.756786716230 
1.771079512250 
1.816498753417 
1.806375929344 
1.833360176843 
1.860270854151 
1.931408681064 
2.050567344872 
1.963361923655 
2.019786281848 
2.014234182104 
1.990888082465 
1.979083341325 
1.945832387423 
1.993722681577 
1.956967837909 
1.975342336227 
1.979155704933 
2.071179651851 
2.062628592011 
2.090729412396 
2.054269114345 
2.073504212851 
2.042458929233 
2.030965922449 
1.995127130671 
2.020676693303 
1.996134566322 
1.981693390101 
1.877032440763 
1.868134344404 
1.884463503735 
1.884498509398 
1.870386247187 
1.872013938132 
1.877977953638 
1.877977953638 
1.880473983054 
1.875455493775 
1.876206646994 
1.866190924766 
1.854599431308 
1.863644108706 
1.869762124158 
1.870542765073 
1.836978527430 
1.841841419618 
1.854706728579 
1.881656556912 
1.735566495641 
1.783031680542 
1.828696897137 
1.885788568898 
1.714175393804 
1.742157479915 
1.702955241528 
1.734360070828 
1.723340591266 
1.711357776517 
1.832370351245 
1.874839284287 
1.982012503235 
2.055222993623 
1.998366544311 
1.967631126240 
1.899369077112 
1.981665918589 
1.986810979716 
1.788131830167 
1.859188513983 
1.812709260273 
1.744161253322 
1.725250061791 
1.839343720969 
1.843547952246 
2.221474225135 
2.285793695312 
2.248185485029 
2.375100670028 
2.455461391941 
2.156240704900 
2.010914218739 
2.207599248854 
2.339937315805 
2.205115137078 
2.549026965068 
2.234083304634 
2.173446760072 
2.150846104900 
2.067317650421 
1.976654382454 
1.962623039857 
1.984691066353 
2.028076384646 
2.097072238166 
2.019725704340 
1.944055003276 
1.790573154476 
1.761621229241 
1.867199540059 
1.773107167703 
1.693439613286 
1.498243619017 
1.615599862052 
1.574668358780 
1.698428939464 
1.574314383681 
1.638243381985 
1.622576609240 
1.492935265903 
1.666555137413 
1.799759939542 
1.958492625235 
2.073657226649 
2.169579508760 
2.024976165483 
2.026832145080 
2.179842880737 
2.170263897597 
2.178856145698 
2.063935365365 
1.940108992637 
1.938106026816 
1.794054945974 
1.908507549198 
1.889790217237 
1.905529348549 
1.794896533633 
1.776275645676 
1.830206853298 
1.914367133126 
1.836510225252 
1.841135136721 
1.995121344408 
1.996628337364 
2.055709595777 
2.222929492618 
2.110048017694 
2.127644729119 
2.113480092566 
2.058237593730 
2.086925691028 
1.887803759072 
2.052420371746 
1.952084981524 
1.887862150269 
2.031509224485 
1.894037904478 
1.834070484493 
1.935979302354 
1.948086379406 
2.183015804016 
2.086477645925 
2.053586348057 
2.117510662043 
2.012813032639 
2.033648055871 
1.994001730210 
1.945317448086 
2.024280701581 
2.103733869031 
2.054541662510 
2.056317279900 
1.901061810704 
1.896407128730 
1.838036051293 
1.793215624137 
1.753728898633 
1.752205185173 
1.763216827093 
1.771180156193 
1.738401981397 
1.673768685750 
1.647441580197 
1.609329036807 
1.741856444982 
1.717160514746 
1.713087175549 
1.800310986786 
1.810646507407 
1.851689514401 
1.844254196118 
1.844891376710 
1.878470876325 
1.864286163378 
1.936085174487 
1.955271000219 
2.018656780458 
2.034460028445 
2.027419332476 
2.050476584444 
2.129874611752 
2.127959825406 
2.121947810338 
2.108180594367 
1.821129838237 
1.746072703194 
1.773809438055 
1.912881536608 
1.919292274255 
1.831324137679 
1.887630306751 
1.885277188747 
1.944753987137 
1.957352417676 
1.874271891305 
1.851597033883 
1.899016240836 
1.947392858536 
1.982784088951 
2.037401100522 
2.127517700990 
2.125652779552 
2.406240778279 
2.346940639876 
2.077896146218 
2.374880897698 
2.280033504711 
2.424556474888 
2.389536611602 
2.316229206061 
2.288115843490 
2.272172474198 
2.304019654494 
2.294492559283 
2.219245357048 
2.186260841564 
1.988228797361 
1.832998837296 
1.839441968338 
1.840885851505 
1.844322578152 
1.837720684967 
1.859107311409 
1.857488055917 
1.867083641066 
1.887315964897 
1.881235566441 
1.876994565676 
1.880299342489 
1.899647806520 
1.844377072180 
1.902904290815 
1.893540986796 
1.833833476293 
1.735191799087 
1.718409223814 
1.647933364339 
1.644781514259 
1.621011768161 
1.598995420792 
1.719354810194 
1.771322383019 
1.741952392353 
1.701839167675 
1.736567843278 
1.901053272081 
1.959187554154 
1.834190419952 
1.825217253552 
1.830807575456 
1.854878795310 
1.864132093140 
1.876395198355 
1.835694493174 
1.807198021139 
1.831947983787 
1.829670219091 
1.835024825346 
1.866568398284 
1.901233354913 
1.951534995840 
1.978126424286 
1.986648438396 
2.188659000283 
2.035232329008 
2.052117718183 
2.000325194735 
1.980989012894 
2.046402307951 
2.000852231906 
2.029453753985 
1.986669681112 
2.013734446011 
2.027561522815 
2.019989320806 
2.000440408139 
2.066508494506 
2.000893349847 
2.072304295409 
1.983480776752 
2.005049777518 
1.993097417171 
1.964159051086 
1.949997436101 
2.004680479130 
1.977012558472 
1.957806340448 
1.972598453364 
1.916726921826 
1.945141949757 
1.968556772910 
2.082949129935 
1.916974680459 
1.910032820807 
1.932826950345 
2.047438619437 
2.107800264034 
2.112242574344 
2.053857109205 
2.188168050447 
2.123841999490 
2.166609343263 
2.139872199491 
2.124672776006 
2.090608132440 
2.072672623055 
2.040604753073 
1.949839628037 
2.000338563927 
2.034805202913 
1.957400331447 
1.946576098709 
1.846604522419 
1.843569188599 
1.902426867194 
1.919228308650 
1.843788204280 
1.800059500074 
1.877631513719 
1.844215867914 
1.803303031813 
1.786037037169 
1.875144912035 
1.874240168412 
1.855203487393 
1.884566096164 
1.740584446524 
1.770692209803 
1.737315741506 
1.835190640188 
1.845420044356 
1.907058035647 
1.864486980531 
1.865322086005 
1.871058332093 
1.863253162423 
1.814053871198 
1.824911392664 
1.785691246108 
1.792990993553 
1.705960767758 
1.732993951223 
1.725048151358 
1.780502607573 
1.798961083638 
1.796296887097 
1.801421442936 
1.818550188829 
1.793461263558 
1.774116961788 
1.759956292191 
1.769033111991 
1.781522864137 
1.772467911337 
1.753280105168 
1.750980711289 
1.804638120388 
1.757757160302 
1.759577820676 
1.847378486876 
1.848518416831 
1.779359528118 
1.743247853388 
1.720651336120 
1.727400597039 
1.723780281001 
1.753403560319 
1.750915404286 
1.780376536956 
1.814455102390 
1.867019051550 
1.855391247536 
1.827731881561 
1.975027594703 
2.012462881918 
1.984958449445 
1.935982991362 
1.918641187236 
1.932176789459 
1.926195150799 
1.946273292913 
1.954513231177 
2.109156011189 
2.119498240147 
2.130474565856 
2.072711548271 
2.100558954769 
2.105826913874 
2.147914285025 
2.140784725083 
2.155914662437 
2.158947427715 
2.148554503369 
2.128923648779 
2.064195407830 
2.108469820892 
2.097701427306 
2.121460937043 
2.120207361211 
2.138586398494 
2.149825711185 
2.178653167182 
2.164884190674 
2.131959566744 
2.154245271132 
2.119413871270 
2.245033402929 
2.192433898339 
2.195879846561 
2.158697602057 
2.193874069083 
2.148428548439 
2.111543566228 
2.025605672474 
1.962909756667 
1.968527481915 
1.948892537246 
1.994436780176 
1.575098289102 
1.700510618970 
1.628984287519 
1.762430644690 
1.539260101046 
1.526874346381 
1.760092046948 
1.993340934325 
2.064714519698 
2.069088485615 
1.906256550450 
1.848082584773 
1.891159693751 
1.994028841298 
2.021851708920 
1.947560243183 
1.918747828506 
1.998180419473 
2.063315139391 
1.862975801901 
1.880963325494 
1.841109975268 
1.883379271064 
1.954128020051 
1.901970142146 
1.940476402205 
1.992665535552 
1.781751640349 
1.805944897094 
1.895067017982 
1.884705770545 
1.914525018204 
1.842356708370 
1.925057863494 
2.051550219517 
2.041173620935 
2.291307300292 
2.255169475210 
2.276296621527 
2.147661840595 
1.827444189353 
1.693592674606 
1.791118065438 
1.816872312870 
1.661414121602 
1.555665737734 
1.643714746614 
1.629678815206 
1.720210567397 
1.782938031700 
1.748310896314 
1.946038470492 
1.788223071550 
1.881428831652 
1.828237053036 
2.080321209219 
1.990858494559 
2.053425472779 
1.933631868459 
1.729321150634 
1.866543929334 
1.859935387817 
2.100953820998 
2.096165991197 
2.037615134303 
1.856069228592 
2.018448456075 
1.986214971170 
1.951871664902 
1.806557016918 
1.751018949872 
1.601733111727 
1.774018861718 
1.933334126246 
1.672849125848 
1.771540014400 
1.903013701740 
1.935930440127 
2.212663057329 
2.217705134352 
2.013169682829 
1.829394203328 
1.848254174651 
1.959175065447 
1.854502586089 
1.994013766751 
1.982991347336 
1.569751650020 
1.583366241106 
1.968075689346 
1.994623946300 
2.031828956178 
1.999041368316 
1.903728228725 
2.021845451177 
1.898997738719 
1.874646450652 
1.928178937925 
1.989768011206 
1.849971741544 
1.773819892532 
1.793590107157 
2.015693316107 
2.022133841400 
1.829425012189 
1.763245533840 
1.877830521966 
1.791559397965 
1.861812949243 
1.978084465046 
1.922809615225 
2.043035391531 
2.017168569643 
2.051682359337 
2.200197381558 
2.012824268716 
1.841647156592 
1.864587968977 
1.887785451580 
1.898793408851 
1.863452308336 
1.895146928902 
1.840118611370 
1.894500607099 
1.801117225252 
1.813325987459 
1.938191972457 
1.787273682862 
1.779904792980 
1.688207847228 
1.708376857441 
1.657535175552 
1.795723911108 
1.780121657172 
1.683163164684 
1.830427400227 
1.917409227911 
2.219621850309 
1.895101782803 
1.762372863903 
1.782953535925 
1.929033836473 
1.964475627427 
1.805464480127 
1.894211257605 
2.125627424605 
2.034825671638 
1.977304840765 
1.911352453052 
1.848149157528 
1.910549477110 
1.899810220757 
1.897145005404 
1.843691267756 
1.792472001144 
1.765743649797 
1.783189467425 
1.824898765565 
1.764019602497 
1.767268477385 
1.778917176577 
1.738506508878 
1.886472021260 
1.844830664040 
1.891003627641 
1.906953148946 
1.779201818136 
1.771350601883 
1.761210652260 
1.732768258656 
1.688039703620 
1.605453985396 
1.773239121562 
1.686952530641 
1.727834273090 
1.642790285315 
1.620328454424 
1.682773681148 
1.629864177448 
1.698304090891 
1.535091466981 
1.508481380857 
1.389510408414 
1.512037805931 
1.625759650554 
1.625006671828 
1.628546242445 
1.757800899969 
1.912838876037 
1.715930895276 
1.773492470703 
1.703193692907 
1.751591031627 
1.787664556285 
1.792878541932 
1.859087045781 
1.868231753601 
1.795669172076 
1.774371149354 
1.756500895527 
1.862802549797 
1.818962179702 
1.889125335940 
1.860773738709 
1.722631184479 
1.848170170869 
1.893567719019 
1.882550482239 
1.895385990800 
1.871074320345 
1.809492792088 
1.828607123300 
1.736580448407 
1.820436406646 
1.964127798886 
1.855461890560 
1.785851496342 
1.736750132885 
1.722811173444 
1.715189801523 
1.748867131199 
1.751579740918 
1.554365241921 
1.569013060477 
1.589652682576 
1.576204103631 
1.632363616654 
1.619125241226 
1.705046990317 
1.856503476540 
1.772615587964 
1.897716773642 
1.800233711721 
1.772860088408 
1.779903190759 
1.771671089768 
1.735671754696 
1.732813568114 
1.702268399412 
1.594190274450 
1.695816808965 
1.696683224522 
1.689227818867 
1.584450808708 
1.557619672973 
1.542506468818 
1.525457539378 
1.526992448784 
1.675743777736 
1.762797498714 
1.668181696590 
1.623201052533 
1.660346806062 
1.679910192958 
1.558893478797 
1.648416172741 
1.729507092467 
1.690044365304 
1.682011432443 
1.731064667003 
1.545852441282 
1.506005423443 
1.593535362564 
1.609586815209 
1.673330779328 
1.617595859185 
1.689552982001 
1.657102945082 
1.626604789245 
1.611146060026 
1.718190926685 
1.730276263223 
1.708067842459 
1.729115442100 
1.704880173799 
1.664030662218 
1.709555329863 
1.817839976543 
1.842197625771 
1.829329751557 
1.747196624803 
1.797336392202 
1.813722361169 
1.977765418489 
1.947304249972 
1.855397517721 
1.843656089101 
1.827909937143 
1.856364840018 
1.906087937019 
1.956954500756 
1.942026928081 
1.913917438731 
1.898272456189 
1.906972422784 
1.905187536086 
1.903891879772 
1.919695677844 
1.893204807845 
1.853823472456 
1.873787848303 
1.807059579175 
1.764852457862 
1.766564947327 
1.757487598453 
1.755709352027 
1.792163201465 
1.745675641413 
1.773412970289 
1.749910652586 
1.896945817712 
1.942021604760 
1.980603804001 
1.903488746320 
1.841753684847 
1.878553553984 
1.893747521557 
1.964457642028 
1.896689229071 
1.889413747533 
1.920287610661 
1.848200257683 
1.871891834342 
1.814747867551 
1.781053563685 
1.758433910003 
1.786639826040 
1.726768268622 
1.693123556788 
1.741683481068 
1.708799405734 
1.786606707437 
1.872289598823 
1.856562148893 
1.875379034455 
1.932004433769 
1.851352887320 
1.921043954187 
1.886625600029 
2.006874059457 
1.953189951066 
1.911912056463 
1.821781689520 
1.834967701093 
1.893484977842 
1.893012148466 
1.998252866553 
1.970237885792 
1.988585923546 
1.934645725211 
1.969094295344 
1.975266188275 
1.969219775805 
1.977150778305 
2.092334506950 
2.070615631756 
2.017199331091 
2.074569492581 
2.223025515831 
2.221733047963 
1.919566085959 
2.096493969374 
2.049753783321 
2.047333592020 
1.959454824108 
1.938079476643 
1.937300937064 
1.862181505302 
1.834502970014 
1.804512524070 
1.757320819818 
1.787070412044 
1.837527891658 
1.857314666989 
1.858416146648 
1.774817933203 
1.754401407503 
1.760126266071 
1.676160996538 
1.774101201743 
1.955907557126 
1.914794959386 
1.908598394585 
1.984472978393 
1.811430040307 
1.861694972290 
1.946167867818 
1.843283487577 
1.888520863800 
1.924939704598 
1.828021814184 
1.903233345511 
1.933889377571 
2.157928355385 
1.795815217268 
1.913363505779 
1.931496628560 
1.918233273991 
1.917951276890 
1.839424164686 
1.989120152381 
1.960282485549 
2.048024985554 
1.979768902596 
1.953490310938 
1.744466134894 
1.652571260185 
1.767723136027 
1.828710428162 
1.801272550984 
1.802002911695 
1.774209044703 
1.745674058630 
1.817214441542 
1.789862200995 
1.604384223630 
1.806090671643 
1.852500580098 
1.847487425855 
1.849441478621 
1.801039863231 
2.081639768166 
2.180309675549 
2.174406824549 
2.095354183894 
2.006247592793 
1.908316515269 
1.880906689854 
1.824474089709 
1.835555517234 
1.563002703453 
1.711651407123 
1.744437836217 
1.851299650327 
1.936176252907 
1.955675742434 
1.959211908177 
1.960991565371 
1.952447210051 
2.251013740067 
2.239776230605 
2.034398875767 
1.969166545653 
1.916339532931 
1.845626469412 
1.690189795410 
1.917921985295 
2.082182563063 
2.011545899185 
1.932952781773 
2.160982043260 
1.971227962778 
2.130597672058 
2.058609714158 
2.060035021634 
2.032296457439 
2.035049087127 
1.980010178114 
2.054529437421 
1.973309337886 
1.958204873174 
1.976253489333 
1.862202770179 
1.766711666860 
1.749708094013 
1.889307034484 
1.979721570134 
1.920286223391 
1.904631320906 
1.950671294719 
1.947983136190 
1.941263862752 
1.977387208652 
1.946754450151 
1.916331390459 
1.842517114855 
1.927760817749 
1.894645945407 
1.803583801346 
1.819475012377 
1.804875540982 
1.809621210844 
2.004425455546 
2.025564861151 
1.786881569263 
1.784952868244 
1.868505507267 
2.053334600096 
2.016015532943 
1.852448349208 
1.740814955835 
1.811637644421 
1.849209836002 
2.020803130830 
1.877030231955 
2.128275491354 
2.104413169616 
2.267343121878 
1.818647459933 
1.820580100818 
1.813577946974 
1.832797139449 
1.660843851436 
1.762289503467 
1.901125234504 
1.854393692289 
1.951825501925 
1.819893109176 
1.851217631011 
1.830676944469 
1.621242090358 
1.631927436271 
1.563211377459 
1.727668470446 
1.678321908996 
1.842653444685 
1.782576830863 
1.890574369257 
1.741405347595 
1.740471273850 
1.831045633263 
1.900838071184 
1.843512757173 
1.856746505883 
1.880181912476 
1.942978425428 
1.977689180263 
1.949898106768 
1.975641899855 
1.787486843498 
1.812056342203 
1.732939922139 
1.754811064675 
1.841510513397 
1.938368568560 
1.840858709957 
1.866103916264 
1.725269083721 
1.918933527947 
1.862413273607 
1.902747527577 
1.907473478701 
1.985056279537 
1.977346896684 
1.757536815307 
1.946486881093 
1.977124316115 
1.964666585182 
1.962403055189 
2.080740118111 
2.262158915335 
2.196129184446 
2.049124571342 
2.223278308880 
2.170863542938 
2.218294336713 
2.249716581200 
2.260569667909 
2.299955226689 
2.244796056621 
2.244214584182 
2.181243458289 
1.872403216622 
2.051139841044 
2.090682812701 
2.139750101579 
2.214544186870 
2.146351224291 
2.083428830211 
2.070178335995 
2.059948664612 
2.066142055424 
2.057317835759 
2.087593658885 
1.911433501958 
1.751081618924 
1.797721436314 
1.855124448903 
1.838987790568 
1.714659502409 
1.652727608208 
1.845625342899 
1.970578049836 
1.890979641092 
1.892594080466 
1.863156255447 
1.806864594943 
1.723693078325 
1.694395503744 
1.711249289027 
1.824840295351 
1.823529612032 
1.979987285166 
1.956481657954 
2.055955377307 
1.931077430843 
1.838062711805 
1.890224394241 
1.893535148832 
1.852141449064 
1.726529205061 
1.757508009923 
1.671345600933 
1.822236531750 
1.661830779393 
1.730261517895 
1.821864748329 
1.824124517121 
1.762588245873 
1.901440486117 
1.893955659529 
1.972939009897 
2.023207854160 
1.960065297584 
2.006256381040 
2.027708050140 
2.071861443025 
2.015851797573 
2.178418727574 
2.049599224949 
1.817571995439 
1.930163320442 
2.003554681169 
1.986715316006 
2.055339641539 
2.167380412177 
2.086360285718 
1.958569433134 
2.042164526967 
2.037250451914 
1.940902540692 
2.070305411532 
1.980542401800 
1.807446881925 
1.809651824800 
2.012009898221 
1.859119848243 
1.881455694524 
1.905058867648 
1.925065932878 
1.838690074013 
1.934247978882 
1.905623491234 
1.794719500425 
1.796495796601 
1.928927456537 
2.016546143104 
1.955871903577 
1.910459843046 
1.933207008567 
1.929480776123 
1.915729730308 
1.922976387285 
1.931005461620 
1.952030561852 
1.867598617797 
1.922911393293 
1.843791470658 
1.936030743235 
1.944432603511 
1.949970844848 
1.921492153143 
1.966136015166 
1.967007149861 
1.917937987661 
1.862195774170 
1.808861676997 
1.875599608438 
1.879575820358 
1.953937535190 
1.949673491237 
1.931603031952 
1.875541982080 
1.783921079041 
1.804365050842 
1.778091698598 
1.766373777510 
1.673753842077 
1.711047156372 
1.600066859447 
1.662228254471 
1.719382296674 
1.770979367957 
1.865353889082 
1.817828115800 
1.763063005388 
1.682605855987 
1.726311911166 
1.775093850167 
1.818460348251 
1.886730946162 
1.908474555253 
1.795551147270 
1.795349393731 
1.800878736513 
1.811955953294 
1.892585355716 
1.974358400643 
1.975611425998 
2.035116958521 
2.173105859479 
2.046398309828 
2.117015521109 
2.238180266467 
2.206565293588 
2.254925778925 
2.105824636354 
2.146428973824 
2.007992194062 
1.926416510586 
1.967457139311 
1.982152878206 
1.998112506346 
1.920013074196 
1.721335244563 
1.636280304590 
1.716809357906 
1.710261863844 
1.696032609206 
1.727940615276 
1.767592514757 
1.771868246426 
1.819100708562 
1.754422723218 
1.786641752668 
1.814189031390 
1.821294580943 
1.903676974651 
1.879193107505 
1.858064574371 
1.896330987360 
1.819167737701 
1.839438962865 
1.660211086858 
1.739845365454 
1.649365951486 
1.661197052977 
1.684930883153 
1.669995197877 
1.498799837166 
1.693581236962 
1.599141207871 
1.878323201227 
1.873875564602 
1.742232824305 
1.642450881230 
1.712843044572 
1.625460822078 
1.565446069575 
1.587036193082 
1.723157880663 
1.677119247218 
1.836674783953 
1.685017498938 
1.686055431772 
1.756087320710 
1.662357461969 
1.661580567004 
1.675125486596 
1.636969431192 
1.754518636400 
1.798334261217 
1.684514043772 
1.753022209891 
1.825183785839 
1.857329936129 
1.609522867307 
1.695922267837 
1.744899638924 
1.659451062712 
1.787328865487 
1.790472630558 
1.782488337342 
1.810363175543 
1.733618143299 
1.667141891450 
1.794607251622 
1.782055171668 
1.588535556026 
1.734548535022 
1.720988166559 
1.689061082617 
1.734707935219 
1.695614510447 
1.811942804964 
1.759151048143 
1.823719506612 
1.910630234525 
1.947869497626 
1.903854953164 
1.894570336010 
1.871077598428 
2.162879904706 
1.982027600806 
2.092193652726 
2.034299926938 
2.035017285070 
1.966999542908 
2.043434262732 
1.884275468430 
1.919302929937 
1.795863504264 
1.807174828987 
1.787924943046 
1.805029135945 
1.706147075592 
1.802005479261 
1.801611940991 
1.666036055063 
1.800066317606 
1.542578706610 
1.659797926321 
1.388560294151 
1.648838252989 
1.550841860517 
1.608395006858 
1.633691575404 
1.682926643581 
1.602885471449 
1.544064819576 
1.833270592837 
1.699016098401 
1.997107919524 
1.802840702256 
1.749557729810 
1.754730099708 
1.766737404718 
2.182199487221 
1.746550549717 
1.709113957942 
1.688904710465 
1.703722382681 
1.817359164718 
1.911544482583 
1.801960990488 
1.728664751917 
1.866445147670 
1.754435631643 
1.983288016173 
2.048696150138 
2.009064665483 
1.999130200568 
1.926806229933 
1.793626068908 
1.565955747347 
1.510817228771 
1.579548958341 
1.722242916385 
1.648161623312 
1.920441872029 
1.981181594136 
1.977421166557 
1.935239520537 
1.853267753243 
1.974626484467 
1.967346618131 
1.817680369949 
2.012261658669 
2.117811194844 
2.060189615769 
2.123472904012 
1.899372706935 
1.909926168292 
1.927679622446 
2.019113295260 
2.040210639549 
2.019975907916 
2.026247108202 
1.842212820656 
2.020135858981 
2.097485025262 
2.216504815268 
2.121436535115 
2.128434961383 
2.145589083276 
2.144902094314 
2.141399184920 
1.879356716423 
1.895642303778 
1.843820676566 
1.782685597086 
1.797679447547 
1.852755936405 
1.864692543393 
1.719481262171 
1.757414628023 
1.630612608284 
1.704823012301 
1.727445025866 
1.863965379898 
1.737678304883 
1.615867130527 
1.597497908309 
1.651700196568 
1.677535699004 
1.642495339760 
1.676184794056 
1.838334884206 
1.821994454743 
1.713414597365 
1.659145104203 
1.860236375610 
1.974259623523 
1.901322406622 
1.920678143318 
1.922582182622 
1.916850967070 
1.875950449228 
1.864465120901 
1.822947664400 
1.843214975418 
1.823894335185 
1.791495303854 
1.873863719401 
1.890147793816 
1.789244461633 
1.983749313270 
1.946911363359 
2.093022073740 
1.893326853356 
1.912833248413 
1.901253786738 
1.911902836294 
2.040473846410 
2.070541648625 
2.110124149536 
1.925174636480 
1.899815543047 
1.863868629288 
1.777782433903 
1.793404212423 
1.804963349179 
1.756074403746 
1.757704259493 
1.773005799471 
1.690061735233 
1.782596562260 
1.822910506013 
1.833243525785 
1.813411460829 
1.802288682798 
1.785343993763 
1.733838461419 
1.795088477588 
1.842134575637 
1.885762404705 
1.894999910985 
1.893201946711 
1.909828164204 
1.902593040433 
1.929058881397 
1.925485586814 
1.912614923878 
1.974981687940 
1.971459496711 
1.960845401597 
1.930110937244 
1.854753141409 
1.822267415902 
1.871156217342 
2.425369100418 
2.463935957964 
2.438719357755 
2.454861069488 
2.355858439793 
2.395248559366 
2.200609785623 
2.153357072294 
2.112085159214 
2.143921133825 
1.989569602575 
2.198144623411 
1.946065959736 
1.969877513048 
2.102308833020 
2.087677382218 
2.192954385001 
2.064855824833 
2.050916542038 
2.090328566587 
2.128344256238 
2.061919345799 
2.061778985832 
1.868680804072 
2.014556245500 
1.965482761897 
1.894363068634 
1.875799452193 
1.917395889881 
1.924524194193 
1.805816568637 
1.832457204490 
1.863430031113 
1.866454258718 
1.834351915422 
1.821759248323 
1.842545311202 
1.796749042987 
1.786276770144 
1.758904546508 
1.799342727221 
1.812994346027 
1.942700343499 
1.784187216108 
1.751810077718 
1.672179997769 
1.647482271871 
1.680062336001 
1.616018482256 
1.498837041854 
1.501442540601 
1.604542643488 
1.598003656964 
1.436073029512 
1.679728160214 
1.778551693335 
1.845692718874 
1.891462857129 
2.000054442505 
2.034016708552 
1.947479128948 
1.787103230387 
1.768219671809 
1.775207744665 
1.773269470130 
1.782050863168 
1.727207596471 
1.660669621874 
1.567613266287 
1.513797018434 
1.529595902980 
1.516688993638 
1.594826495310 
1.571568610790 
1.487273579208 
1.498257038921 
1.524570654261 
1.542640230193 
1.559447769639 
1.617346102843 
1.600179368357 
1.612450552832 
1.688075294991 
1.607685938928 
1.661255287508 
1.743721991427 
1.748732061674 
1.830844654655 
1.832878293628 
1.839893408287 
1.865852832327 
1.869657565251 
1.872997104739 
1.860475711724 
1.830259468815 
1.868895283533 
1.861338656687 
1.846103735780 
1.817236680046 
1.828580936751 
1.834762607997 
1.814772154572 
1.783122796818 
1.740011385414 
1.707107631364 
1.746111412487 
1.762633642206 
1.754955470308 
1.761972505894 
1.740226333493 
1.732790558976 
1.666142885890 
1.655017751171 
1.644489250142 
1.681599052915 
1.672380791865 
1.832358361756 
1.809415925178 
1.833387468977 
1.848753738352 
1.849874284561 
1.969853016098 
1.970844392274 
1.915926364998 
1.936134712511 
1.823419938042 
1.794239886334 
1.794844963019 
1.798540103319 
1.835437794099 
1.866724405340 
2.056204056212 
2.055860891995 
2.180937286929 
2.291312368818 
2.117772195907 
2.183011894790 
2.224803461091 
2.249282142204 
2.394437823236 
2.325507949847 
2.178880886054 
2.127149563018 
2.263395907262 
2.310773450714 
2.381054109765 
2.450859868930 
2.436334230868 
2.187844407303 
2.282601682546 
2.230865780612 
2.264825363399 
2.244806809885 
2.104527880689 
1.990268719360 
1.955697291505 
2.008128177945 
2.055308523354 
2.073421696468 
2.217430121114 
2.174955214195 
2.043793097632 
1.838853130658 
1.732468155108 
1.580959385586 
1.481140307959 
1.451342428387 
1.399178081005 
1.453343617124 
1.516312339718 
1.504707121921 
1.530450441272 
1.450965661437 
1.481911936351 
1.511933749118 
1.558807797745 
1.553471179393 
1.511345204403 
1.613996473907 
1.626112594001 
2.026662422834 
1.931848325085 
2.035432237391 
1.887693197927 
1.940622690084 
2.049387145429 
1.870583582558 
1.668789675003 
1.510161790398 
1.758270780566 
1.624612181394 
1.665324979115 
2.043598328183 
2.085780357213 
2.118683108123 
2.535134621590 
2.049225156813 
2.020726451527 
2.124637895514 
2.355225690101 
2.169166556534 
1.756159803938 
1.743730486932 
1.609191125324 
1.732051223485 
1.586167999477 
1.648891596926 
1.738105539302 
1.631430445253 
1.675565413136 
1.741730059713 
1.731566525521 
1.727294472989 
1.757319497493 
1.842327224841 
1.833997646143 
1.777495441191 
1.765459391610 
1.772999903410 
1.818878165496 
1.774887756857 
1.820848125056 
1.814365464940 
1.927931854898 
1.891343603447 
1.807494770940 
1.761264866649 
1.870921117410 
1.824567482138 
1.858892585754 
2.153183756859 
2.203223943449 
1.929721637724 
1.896366159894 
2.019981809117 
1.920146021047 
1.951378771261 
1.980511907787 
2.097637413806 
1.965361551410 
1.793621175677 
1.809167231446 
1.809736452862 
1.985693409550 
1.972985631507 
2.173134886244 
2.120485105889 
2.108704517194 
2.090133207078 
2.144503575040 
2.142367546593 
2.084871275778 
2.452152688678 
2.276379889760 
1.969173766882 
1.942616615852 
1.957172046353 
1.689875291050 
1.868335590048 
1.713082295645 
1.628826707194 
1.644362252264 
1.762859593486 
1.989139821462 
2.305972671857 
2.156582561545 
2.150737938026 
2.044428331283 
2.456279641297 
2.139500335643 
2.150362428701 
2.063531470118 
2.004093263739 
2.000136687976 
2.031313776410 
2.081097557033 
1.868658862432 
1.630150203292 
1.742639849549 
1.753829455180 
1.733045802465 
1.742587996840 
1.812630843779 
1.887317688889 
1.986382428949 
1.986345195843 
1.983334367965 
2.046975894681 
2.048634081549 
1.769971019232 
1.694185191302 
1.802449252963 
1.965600187041 
1.894616772564 
2.029921288231 
2.055072610206 
1.969354214300 
1.963840822583 
1.932220508649 
1.872702996412 
1.829983634162 
1.844524047932 
1.817191720412 
1.840746761551 
1.832871229261 
1.829160691625 
1.832781889409 
1.850620868935 
1.965374031475 
1.950261970106 
1.976676328794 
1.970155359753 
1.976255007136 
1.964785051034 
1.974580141730 
1.995296384773 
2.122117356407 
2.124697596142 
2.084332561204 
2.109674249879 
2.106909940193 
2.156856946336 
2.125786690302 
2.139542368545 
2.093307030901 
2.032514937519 
2.014899756899 
2.011383049504 
2.004612309517 
1.955836287161 
1.955088897797 
2.147238842394 
2.035607636633 
1.914264509065 
1.906196156855 
1.898308127132 
1.895185339898 
1.864861975815 
1.862498568448 
1.914362326683 
1.944394428266 
1.964990457462 
1.927216829197 
1.925854815282 
1.925051801548 
1.936151607076 
1.965965421304 
1.952275077933 
1.958902151445 
1.950257823503 
1.945380596179 
1.940512941757 
2.047614069761 
2.013270294363 
2.054982233444 
2.040670482102 
2.026432738278 
2.029572688034 
2.086843727320 
2.033497640159 
1.970888667481 
1.848960950720 
1.841288025604 
1.882782001662 
1.940729761161 
1.968943901679 
1.964345265372 
1.967341482474 
1.878081117404 
1.877221391946 
1.932973935141 
1.903182176437 
1.792970054851 
1.792377493533 
1.728266186348 
1.784323065478 
1.809587281067 
1.785424673378 
1.772262359989 
1.912166621656 
1.913662479442 
1.927957366761 
1.928597242431 
1.886217121399 
1.890556705561 
1.894259177531 
1.904443883168 
2.108425151476 
2.039212057097 
2.069399272116 
2.107403893571 
2.114021766141 
2.122229928416 
2.119389280338 
1.923885562128 
1.842069097718 
1.917971427459 
1.939453983278 
1.934140917427 
1.935809945574 
1.930926117883 
1.917689253734 
1.919088250448 
1.899882447170 
1.931645837570 
1.864915671557 
1.863882100515 
1.691085260891 
1.607396198278 
1.545248344885 
1.551449179061 
1.508697611821 
1.533900485108 
1.511671706221 
1.654370124765 
1.605680401263 
1.588727883274 
1.625800865000 
1.609011119081 
1.590583295235 
1.494564868140 
1.674691129649 
1.808300696882 
1.770056379964 
1.579402857502 
1.851718947611 
1.792045171219 
1.698340127676 
1.727121551821 
1.672959639681 
1.743251072771 
1.871266753098 
1.910884000773 
1.905804641435 
1.943800390346 
1.907802423483 
1.846292179239 
1.835166998483 
1.809076446620 
1.809175867827 
1.840530706388 
1.847179867631 
1.862323960582 
1.762813684623 
1.769167855348 
1.771261555837 
1.782246849842 
1.763095105621 
1.732191043320 
1.737781486837 
1.735256681293 
1.723665911162 
1.745887131539 
1.797039653697 
1.811761754017 
1.815786432373 
1.802975147918 
1.833184747296 
1.800114471972 
1.813315157657 
1.772102051511 
1.794308643249 
1.800686331102 
1.799670059953 
1.746181985423 
1.725360698307 
1.720072008511 
1.668029126008 
1.652373437974 
1.653769596112 
1.554379109680 
1.655462279786 
1.718311606083 
1.671451149754 
1.642424274307 
1.681792079875 
1.678301693255 
1.717637002754 
1.716623453987 
1.689524729086 
1.701741625486 
1.818712483623 
1.719106552148 
1.753653152207 
1.746603135753 
1.658724747868 
1.812056379829 
1.661639385592 
1.741866480629 
1.757373921536 
1.778596336747 
1.747033024935 
1.825289083466 
1.861758099883 
1.842204962066 
1.866023976374 
1.888925455264 
1.869751810201 
1.762498823504 
1.795942289852 
1.762743206785 
1.771601614505 
1.815891289122 
1.859705051761 
1.869816901598 
1.890278560450 
1.897483046679 
1.856851971296 
1.855250338740 
1.920841721031 
1.946000502949 
2.003502077375 
2.007370889763 
2.008958002154 
2.022226716780 
2.098897355098 
2.084834961484 
2.110874845399 
1.990033393261 
1.973639386909 
2.004073038282 
2.024794139572 
2.043945459097 
2.068060570334 
1.975837929445 
1.985098488658 
2.015363150466 
2.048458216998 
2.009672648073 
1.995732622087 
2.019982569233 
2.001837894407 
1.990516733215 
2.008816367984 
2.009002302847 
2.083652971898 
2.073126448720 
2.047930527900 
2.001821261113 
2.004808645623 
2.011580193144 
2.045076390621 
2.067845558932 
2.098834738275 
2.186723405902 
2.144233586447 
2.211892749542 
2.187778291882 
2.237021448586 
2.134248004233 
2.285519907605 
2.222117351561 
2.229337354696 
2.205965550370 
2.203757089183 
2.145606355851 
2.008300150957 
1.955067638368 
1.948689178973 
1.922980689234 
1.560945451343 
1.622772542393 
1.578177988516 
1.477785974701 
1.758585005997 
1.647097275951 
1.892819803380 
1.559940418241 
1.816994989537 
1.745055240551 
1.733446273733 
1.615285300179 
1.749767334922 
1.408655773778 
1.843655820645 
1.776725561685 
1.791051657319 
1.772173123154 
1.744494723274 
1.880685328044 
1.799926097774 
1.896028846249 
1.837510448528 
1.726240844577 
1.822616588885 
1.703775081797 
1.839846448608 
1.995341220747 
1.779081782368 
1.803303812418 
1.821108607176 
1.828444075317 
1.732735638689 
1.859060887620 
1.765000026528 
1.720026158999 
1.841779195753 
1.870365517369 
1.909813778225 
1.775125948456 
2.160422309633 
2.145651301428 
2.293403856032 
2.221147710756 
1.883511679772 
1.861080191372 
1.939298230376 
1.851275283475 
2.028921377562 
1.987690532286 
1.800149222201 
1.583827061628 
1.562748646073 
1.722173037883 
1.860149586747 
1.806367420940 
1.740868960684 
1.722582072274 
1.724775268130 
1.757682005572 
1.816277490347 
1.857814543103 
1.848330490473 
1.842260122172 
1.800261570421 
1.547686475842 
1.499135567708 
1.434030610120 
1.580095336774 
1.481114522068 
1.725516245815 
1.649325194478 
1.676073774705 
1.727354084911 
1.685001357915 
1.703818043592 
1.807173418391 
1.883385287929 
1.769358311715 
1.889147182417 
1.714183698684 
1.735474951330 
1.809070942177 
1.708117031093 
1.909556402740 
1.844668518032 
1.839625712516 
1.715321615059 
1.650151009311 
1.641750631057 
1.685694587411 
1.630894273330 
1.661315901101 
1.640076201578 
1.600978640832 
1.676052345553 
1.774465403635 
1.889182427976 
1.934338695933 
1.918493916145 
1.888495325582 
1.770150249347 
1.712894237724 
1.729837583641 
1.554681489662 
1.638146498704 
1.597604644574 
1.695419398271 
1.640542995703 
1.491429116583 
1.757787703851 
1.790171764564 
1.863730826034 
1.911668323688 
1.868466372147 
1.971289748956 
1.984651784007 
2.173663126513 
1.954446614704 
2.129909424434 
2.177935015803 
2.216088138381 
2.116259085500 
2.066662282389 
2.129879599653 
2.086562960219 
2.107646491822 
2.279445999826 
2.291675716911 
2.230035133172 
2.237421751456 
2.067427325876 
2.334230650285 
2.370664406307 
2.235927243896 
2.153870345905 
2.301574188080 
2.183797390440 
2.051807333206 
2.005135423185 
1.999089598149 
2.053558247329 
2.127797770373 
2.105495996753 
2.163138867392 
2.166829523286 
2.107531402393 
2.211943882068 
2.323938284125 
2.413113045836 
2.292028050195 
2.280149550827 
2.398611574619 
2.331012729690 
2.285707334364 
2.261042215414 
2.200562987848 
2.215425877745 
2.191893636892 
2.140492186971 
2.151907018826 
2.148448426175 
2.160618413539 
2.154135723578 
2.140542125919 
2.104592705051 
2.077681845082 
2.024141056180 
2.023346691869 
2.019304953681 
1.918378574113 
1.913006154495 
1.948257540582 
1.930248210905 
1.957336874800 
1.921446428312 
1.935045868392 
1.898305193945 
1.946991164158 
1.886017071340 
1.941682918390 
1.977991152359 
2.114705308884 
2.078917360604 
2.038764930041 
1.998604019591 
2.018100786679 
2.050948598374 
2.047213617000 
2.017126908924 
1.916155593863 
1.866395230859 
1.881167703631 
1.892759183563 
1.836540000713 
1.737608146023 
1.690024389224 
1.706210504337 
1.692309090475 
1.681994084278 
1.677361344157 
1.689824857794 
1.817230399549 
1.836815310646 
1.896427721728 
1.765825277621 
1.850162495627 
1.734270415717 
1.727482662964 
1.681676146085 
1.710638636347 
1.546453866984 
1.562373213766 
1.595108867621 
1.528089746746 
1.669596181031 
1.684075779216 
1.684349505728 
1.720442422419 
1.808493982450 
1.776207860381 
1.745426502637 
1.748204057569 
1.655363494912 
1.439089231297 
1.447432480374 
1.405032748663 
1.516835630100 
1.547508643216 
1.536878172721 
1.498515896776 
1.497187225687 
1.480245524187 
1.479527103366 
1.402836565631 
1.500590525125 
1.567063496727 
1.632293052440 
1.657040996215 
1.767039571512 
1.751489111681 
1.676696331017 
1.671275469760 
1.657316409064 
1.723367478283 
1.702993380012 
1.769398827850 
1.763453659693 
1.804034838049 
1.802288529948 
1.819175695412 
1.776910760475 
1.820015000820 
1.622157626714 
1.667064095235 
1.692126095968 
1.638845598800 
1.727380082000 
1.569932193935 
1.605520084057 
1.665135919974 
1.667111026830 
1.650111375009 
1.525846873605 
1.510643707559 
1.530686464299 
1.463052355454 
1.446473325970 
1.470698964672 
1.539337222471 
1.555317938360 
1.552849957981 
1.583655325932 
1.564219012649 
1.704808166773 
1.755807315266 
1.754599899521 
1.718054499624 
1.740443836238 
1.712534876915 
1.603678726056 
1.581170283727 
1.579999671433 
1.591340310637 
1.574880010410 
1.570619735809 
1.627950860767 
1.600420411205 
1.572096180884 
1.531095873417 
1.520707592725 
1.541727630427 
1.608764156539 
1.633347091353 
1.650615695054 
1.644024764826 
1.632453150305 
1.533535280896 
1.527477599541 
1.578385929647 
1.648700750635 
1.574306507584 
1.679702008410 
1.669828853820 
1.626566669924 
1.472721630316 
1.647629722283 
1.621144454209 
1.621144454209 
1.729825981129 
1.702879861723 
1.662646593397 
1.607779694447 
1.610788238068 
1.545672663510 
1.568701442557 
1.534579617510 
1.548396440328 
1.441205974395 
1.421389815831 
1.557094436284 
1.591008206800 
1.384741974915 
1.475154836402 
1.486004978931 
1.554576759808 
1.519522564292 
1.512607461769 
1.487272298174 
1.504394276716 
1.493620208619 
1.433794782032 
1.624424930729 
1.515876968587 
1.557185346758 
1.549657413872 
1.542404075707 
1.574311457655 
1.570213538233 
1.700107551681 
1.693166396622 
1.720451329935 
1.882397595345 
1.850875017815 
1.791537237580 
1.787956674652 
1.715621822452 
1.622599434500 
1.712374247373 
1.786137375622 
1.846687071044 
1.878564379501 
1.846575138644 
1.838496221619 
1.743561731040 
1.752237571464 
1.769236067398 
1.749565719528 
1.707490454684 
1.758817054046 
1.761429646941 
1.727930852311 
1.666721686325 
1.718261403915 
1.710417950855 
1.717279553784 
1.708919374967 
1.813330041857 
1.785427701682 
1.805308748180 
1.779064235050 
1.716281496108 
1.706848448682 
1.669334996173 
1.669979029066 
1.713191793628 
1.759042028662 
1.755553183566 
1.761251368413 
1.649128310669 
2.104115087291 
2.070630058853 
2.012885093802 
2.059642018984 
2.059653388106 
2.039604952409 
2.134077166853 
2.299233153603 
2.125833376995 
2.075201604798 
2.089920516325 
2.101809410280 
2.279914678370 
2.208839244663 
2.314732066353 
2.327536013489 
2.257503734802 
2.254489037081 
2.187321579971 
2.209437750403 
2.235726738390 
2.138398361796 
2.325472491636 
2.060936328140 
1.891210318576 
1.995197709212 
2.250070489234 
2.331042234364 
2.284628505974 
2.491675708768 
2.314195355888 
2.411399733851 
2.235271982518 
2.157298389727 
2.149369194966 
1.988178958909 
2.113774761927 
2.441340001587 
2.165588023059 
2.189754201324 
2.020907893580 
2.140829024469 
1.905742288969 
1.865479328992 
1.686106927479 
1.737195795004 
1.701867772133 
1.744874961673 
1.633560221216 
1.646987203714 
1.607569977267 
1.585976422174 
1.704767590634 
1.857388490819 
1.834975374407 
1.792853251759 
1.914960287928 
1.861454797149 
1.879536848046 
1.896300340119 
1.757581999084 
1.807494958540 
1.865524510489 
1.826960180297 
1.871757260866 
1.850736141427 
1.889938789625 
1.903909544038 
1.933343869638 
1.953262434654 
1.982178429915 
1.979380839036 
2.014826366442 
2.068871857045 
2.176425935305 
2.371087719712 
2.383034921106 
2.328873152888 
2.447608069546 
2.255197579470 
2.140000145720 
2.131164249649 
1.968655143114 
1.991443174211 
2.021072287606 
1.953376146468 
1.886228691714 
1.828901690058 
1.655926254129 
1.576980925219 
1.740247150715 
1.615693910388 
1.695561769669 
1.668265029128 
1.705269097181 
1.873053989236 
1.952166580235 
1.956855516413 
1.840190675344 
1.989239599395 
1.662987677397 
1.625430880442 
1.554886956281 
1.575520647477 
1.646627381668 
1.782821329199 
1.759425276622 
1.867970624303 
1.976039425611 
1.947085293639 
2.017871257742 
1.965092664450 
2.058725932064 
2.197689889692 
2.199047585045 
2.309704758166 
2.289340342396 
2.028747741754 
2.001342978729 
2.100435755125 
2.170310641193 
2.429208822497 
2.137804200900 
2.009850698855 
2.094520942458 
1.941645599711 
2.056632592713 
1.867613511741 
1.924866815961 
1.977776356451 
1.807353411921 
1.648720890964 
1.747304944477 
1.695844124544 
1.678979986229 
1.708700695308 
1.762806685633 
1.901793853148 
1.897221329826 
1.837535074667 
1.858019933728 
1.840118883747 
1.865015172439 
1.979037827252 
1.897643901758 
1.824671868940 
1.878708495904 
1.805813876802 
1.880549691568 
1.857066897355 
1.900110553730 
1.961495749103 
1.954114371425 
1.819487673743 
1.846544095524 
1.730182016626 
1.748803871502 
1.709808533752 
1.693037658797 
1.709601067957 
1.712294234829 
1.660152722082 
1.681548947783 
1.633531503756 
1.710130306888 
1.707362814107 
1.720001671316 
1.740381651954 
1.751978921607 
1.737961947457 
1.765464733490 
1.739011976338 
1.699432127793 
1.661826306950 
1.733692572775 
1.656564431971 
1.653231615287 
1.689787195020 
1.600837730274 
1.615993320130 
1.528556784357 
1.574579447796 
1.550081373915 
1.582610316366 
1.583308056695 
1.603850086925 
1.570943458014 
1.568200093138 
1.635074198040 
1.633179243065 
1.640687609581 
1.588980631897 
1.591966204451 
1.660886487405 
1.571415051899 
1.579715553801 
1.619790676889 
1.547753328684 
1.561148032092 
1.704323370586 
1.785352445474 
1.771482080941 
1.878247313239 
1.875298112398 
1.786517704712 
1.876586689995 
1.872013389940 
1.664154205237 
1.577019089706 
1.553987012211 
1.722529927648 
1.670355756587 
1.697042206557 
1.706486292723 
1.760620988109 
1.731416864634 
1.738059650245 
1.837366637753 
1.772967324786 
1.769021000127 
1.938987110314 
1.920238719293 
1.802619249515 
1.772093684252 
1.812552974994 
1.753672189597 
1.746641961576 
1.675288323155 
1.636828066893 
1.722439104481 
1.793511154220 
1.915817191792 
1.880312748536 
1.792941309878 
1.919821410067 
1.908181223642 
1.916357518757 
2.000262515156 
1.945330232181 
2.034462494981 
2.047676963238 
2.038000511273 
2.066183047499 
2.057070708597 
2.065897206653 
2.066953374337 
2.133882446634 
2.128626314295 
2.025188734468 
2.093044055557 
2.095494445053 
2.065434098887 
2.065948220478 
2.076999848900 
1.952895599251 
2.067533923568 
2.105538924519 
2.090905548057 
2.084493742432 
2.058768526079 
2.088767529299 
2.034935030649 
1.996596280461 
2.012978736059 
2.019380087276 
1.992701223557 
2.020863919546 
1.878655044152 
1.906467277695 
1.897679704818 
1.946508224605 
2.017178088978 
1.888201602136 
1.909839330302 
1.883548589892 
1.859257828124 
1.850200038109 
1.828350967501 
1.799830319743 
1.862132680736 
1.975673443639 
1.902035007799 
1.964912775061 
1.925470020955 
1.976013158655 
2.041919552024 
2.105625099383 
2.124885885104 
2.028095177623 
2.160426818433 
2.033728092184 
2.054163327470 
1.865411983256 
1.788680138721 
1.617632422317 
1.805162690222 
1.710723383574 
1.676451645705 
1.628745195270 
1.754087788856 
1.775562701399 
1.726952734000 
2.069848511199 
1.952477212752 
2.015125746892 
1.852589301294 
1.803963966432 
1.822385544831 
1.855869987104 
1.744353757600 
1.858641343976 
1.823802909517 
1.785812031031 
1.764409348629 
1.759404375788 
1.646506653955 
1.657278719033 
1.622005248060 
1.750356876990 
1.847156795428 
1.846713076479 
1.840392009303 
1.821506857963 
1.851702044095 
1.876044279002 
1.864250668172 
1.840154107082 
1.935472757905 
1.784694155221 
1.866857708100 
1.858111532275 
1.727341439710 
1.672910083477 
1.495852926344 
1.564569400557 
1.630289958158 
1.635543923658 
1.653614218364 
1.577149843262 
1.553434998658 
1.621974958065 
1.633327814030 
1.606303511724 
1.599900339480 
1.586579902093 
1.597872186919 
1.645580939305 
1.630791932502 
1.694462020772 
1.691862137763 
1.681115959664 
1.790075418821 
1.614480572790 
1.555379677285 
1.733738120711 
1.775512438639 
1.884551406842 
1.829122330596 
1.765151674147 
1.761942613851 
1.769955756136 
1.692112289412 
1.779000555388 
1.762045967614 
1.751686898967 
1.831983759017 
1.832246471797 
1.826480221753 
1.838381945918 
1.908022639071 
1.838804793456 
1.940813376854 
1.979726099011 
1.936270810873 
2.074597056980 
2.084209046823 
2.099928186907 
2.015621304745 
1.983207711968 
1.949969017834 
2.022947312306 
1.900786464910 
1.922227778846 
1.943790780280 
1.936844285290 
1.931348854770 
1.996689948385 
1.971888277670 
1.870555847863 
1.885607646786 
1.873254549699 
1.721402563152 
1.829166502901 
1.954325227807 
1.802041135352 
1.794457383216 
1.818836496347 
1.969929154413 
1.886436375136 
1.995367411251 
1.959502150573 
1.905834494228 
1.883205377083 
1.966899083304 
2.059335801268 
2.161538613603 
2.064392868416 
2.033060008775 
1.958083180645 
2.025327478944 
2.010137132743 
1.899496136744 
1.856375229639 
1.862729922000 
1.863632731557 
2.016963756547 
1.931323011967 
1.994483216063 
1.987763962585 
1.989723752174 
1.918382871157 
1.936431387107 
1.962289448383 
2.045705711004 
2.078120311660 
2.015910367488 
2.048657682249 
2.004527983993 
2.007150159438 
1.996071266883 
2.240248176240 
2.290924325888 
2.235697687411 
1.972663759960 
2.041981825095 
2.039172379168 
2.081372010870 
2.040365281479 
2.020795377165 
1.959093741226 
1.972680360946 
1.898835918938 
1.888339994670 
1.873096522023 
1.677657989896 
1.543854815337 
1.559045633503 
1.535647990742 
1.700166525371 
1.669410834326 
1.632886142450 
1.677414479884 
1.874229419828 
1.796336652901 
1.867375331079 
1.780908536219 
1.756014124958 
1.719090489989 
1.646313719302 
1.715423205729 
1.683466472293 
1.794686889736 
1.777271233151 
1.821402871459 
1.895709186611 
1.898839567585 
1.857185207047 
1.862271866087 
1.841107925739 
1.853796454545 
1.766284291970 
1.777127179554 
1.809385756499 
1.805438213771 
1.882504750246 
1.819481486125 
1.833880964161 
1.882231255738 
1.924688917855 
1.989336501723 
2.009025643322 
1.925199020626 
1.875832239779 
1.976623307337 
2.268712382339 
2.065214121115 
2.122358774839 
2.113870908434 
2.270437011752 
1.939933634320 
1.787620159284 
1.798368662159 
2.046183975104 
2.000370860444 
1.997298629825 
1.984122233044 
1.973452234811 
1.976491242436 
2.003639838553 
1.949251773664 
1.728847795431 
1.824871029060 
1.772905219987 
1.905791603303 
1.920879361432 
1.915490691555 
1.945995356282 
1.994755613704 
1.976681273965 
1.945722382597 
1.932692664821 
1.970062123240 
1.998816241477 
2.007305439058 
2.069641366067 
2.082740831684 
2.103972742650 
2.084491684915 
2.125768355653 
2.113028655814 
2.167242678022 
1.991313500744 
1.988699436283 
1.940940937268 
1.953389995400 
2.008788168542 
1.996319229958 
1.980831715989 
1.929926129662 
1.907528539807 
1.815017817926 
1.848072568422 
1.919159545462 
1.925498238861 
1.853136035082 
1.782929538497 
1.811540532981 
1.857091050426 
1.756714527795 
1.602390703493 
1.723089231283 
1.784483737981 
1.782834986948 
1.647524405558 
1.435932439733 
1.444942175314 
1.594367651625 
1.657030392976 
1.774449681234 
1.814617297391 
1.764951508163 
1.697195319330 
1.878007564457 
2.022568460199 
2.056705436805 
1.966553069583 
1.990519617042 
1.955402100744 
2.065374504827 
1.979871150255 
1.858810040448 
1.845160005640 
1.860978727722 
1.853773958586 
1.848147443961 
1.826587497714 
1.779575999159 
1.865511426863 
1.914597221768 
1.918148500459 
1.891370988219 
1.940708048021 
1.933264407059 
1.936755636864 
1.882174708869 
1.880754235019 
1.908296226536 
1.912746311027 
1.934269239253 
1.860955214953 
1.850046483713 
1.859516883478 
1.856445171423 
1.877468347551 
1.725457275636 
1.874127713085 
1.851038026766 
1.840133448689 
1.656072770714 
1.502955188213 
1.697123304590 
1.531022606207 
1.742102312913 
1.696307722887 
1.710411869209 
2.072713294890 
1.998981426256 
1.875548698882 
1.863817634542 
1.844107242597 
1.938065079395 
2.000756823035 
1.957436548953 
1.822174577248 
1.791769595511 
1.775527735875 
1.746959311194 
1.739479709813 
1.727193563527 
1.732095680993 
1.646920895907 
1.694087646025 
1.750192826797 
1.825089555354 
1.798543270090 
1.685346516380 
1.717187609376 
1.698125668014 
1.703885984916 
1.653437262889 
1.673075740901 
1.937260220041 
1.865767750578 
1.804915137103 
1.849693995192 
1.928391774295 
1.890080247503 
1.814402146252 
1.826244057079 
1.844828531236 
1.816281014634 
1.823635094302 
1.818458159361 
1.702149514093 
1.714326799106 
1.701774841073 
1.798351234488 
1.785606798755 
1.806633614059 
1.770184261631 
1.795358128497 
1.819995428068 
1.840965230588 
1.840187627835 
1.824399339827 
1.841294107895 
1.842850643531 
1.819709966294 
1.814624599349 
1.814849190553 
1.799281427492 
1.811801232399 
1.785144154302 
1.745018013649 
1.705052183589 
1.704419954287 
1.694020840968 
1.625057208777 
1.537612209510 
1.586106398610 
1.681588850970 
1.640790192091 
1.600616932710 
1.618706316598 
1.590685956752 
1.632841987761 
1.587085457678 
1.512976299260 
1.486442759534 
1.519185246342 
1.490205136729 
1.557572823163 
1.641416368966 
1.662102659998 
1.753162014789 
1.769497203477 
1.731549652054 
1.762348578323 
1.817216863867 
1.759618110357 
1.700112371062 
1.669718518006 
1.834250992087 
1.886682870770 
1.945094873499 
1.975841444291 
1.806988186934 
1.799489499948 
1.913988972795 
1.975024343534 
1.939703243672 
1.941525252089 
1.979602435144 
1.955971312732 
1.983689728968 
1.989031304931 
2.010307288054 
2.120895584580 
2.174060603773 
2.075340328597 
2.113782670310 
1.976944949970 
1.952228286730 
1.950238029073 
1.832649970562 
1.815045921868 
1.790865032590 
1.850646665754 
1.904357564952 
1.945802734493 
1.962178960744 
1.949894451457 
1.952043161412 
2.024391662628 
2.087424701289 
1.917487469035 
1.989389640807 
1.993238724351 
1.996083895641 
2.052664891524 
2.038767828934 
2.028550801778 
2.055936208064 
2.044739553513 
2.046969046108 
2.035152528436 
2.059272799545 
2.004462745837 
1.895103257202 
1.905805924209 
1.987884977392 
1.993116712202 
1.954437168095 
1.946693568706 
1.987585002134 
1.986133714965 
1.947678792691 
1.975180992699 
1.988468605356 
1.963685566760 
2.012695650830 
2.011350760608 
1.980499493444 
1.950321701611 
1.982213323140 
2.033299969043 
2.043194037769 
2.084465963386 
2.048558779878 
2.056061734477 
1.982982170699 
2.033979330094 
2.330285002946 
2.340583192731 
2.353256864844 
2.164741000984 
2.166922118750 
2.173690960044 
2.199079807634 
2.254505420046 
1.664765358788 
1.790857506897 
1.916511372218 
1.972625421566 
1.936146330803 
1.916564056725 
1.878723811629 
1.847268276708 
1.849134380478 
1.818353967119 
1.815056465857 
1.776266010957 
1.804357759293 
1.759095667429 
1.875339913286 
1.809065220068 
1.826767873565 
1.784815371707 
1.861221098996 
1.845298966627 
1.842289598799 
1.787098237994 
1.864785203080 
1.983466009732 
2.049226865445 
2.161979030858 
2.371800950727 
2.217649386583 
2.250751200011 
2.323152810846 
2.274484665296 
2.309888222201 
2.366360456077 
2.205181878210 
2.299289522255 
2.182799865829 
2.383713204109 
2.286725736332 
2.317301715972 
2.136560171527 
2.109796211269 
2.033303984073 
1.958799354118 
2.146994830482 
2.017394880839 
1.864546700925 
1.465179377212 
1.609419595569 
1.512199456245 
1.693069206924 
1.949730947668 
1.878504402659 
1.805946687381 
1.628375170104 
1.719139175192 
1.532622657728 
1.720688406182 
1.742178737511 
1.626993450450 
1.666659481927 
1.623109376643 
1.743128717383 
1.539010438603 
1.632850170689 
1.615057342332 
1.813112690273 
1.820254823599 
1.658769708493 
1.625287601605 
1.818356151174 
1.885131310320 
1.850569438193 
1.779745847165 
1.664266678827 
1.601298693586 
1.526850280917 
1.505878737946 
1.511191322789 
1.621683850248 
1.600133984373 
1.568829996963 
1.640266967449 
1.642972470107 
1.543718850283 
1.997487080465 
1.951347757369 
1.878663614483 
1.884314615011 
1.790515116743 
1.899560648095 
1.961138769652 
1.881762987097 
1.923320523581 
2.094783667119 
2.065635393680 
1.808435795887 
1.651159094016 
1.780321353666 
1.789162658089 
1.708437789188 
1.935039352933 
1.894479569853 
2.645888731722 
2.376261059451 
2.319645524174 
2.410361922799 
2.169184184025 
2.163743997082 
2.103650800446 
2.058461459658 
2.055082720526 
1.981847431149 
2.078809311571 
1.958972029544 
1.962632160316 
1.944580315203 
1.948986823311 
1.927532913018 
1.928648648362 
1.948298290324 
1.820862611133 
1.590077866212 
1.835953990136 
1.834372987867 
1.797134702977 
1.957014407770 
1.872198305609 
1.811008436003 
1.811458232763 
1.770097206949 
1.814508447471 
1.724046648629 
1.670033693470 
1.562610365101 
1.493531238206 
1.643042444093 
2.072711368188 
1.992908575764 
2.097885760740 
2.094703812288 
2.115928026973 
2.132740436619 
2.042143523459 
2.060531255603 
1.896562140402 
1.910532248579 
1.916088133825 
1.911704960817 
1.898494699016 
1.885383513113 
1.847305612242 
1.855286622191 
1.850169851525 
1.789271851927 
1.804347005154 
1.838530365907 
1.760316114376 
1.752817425157 
1.734680893728 
1.852829343742 
1.872464169122 
1.862796985625 
1.800649687978 
1.787626869177 
1.772754749264 
1.766409800086 
1.747738678909 
1.803628189979 
1.832809628329 
1.783969945457 
1.793863791650 
1.822220377823 
1.760353093079 
1.772475344157 
1.740584533551 
1.644023285840 
1.647773565573 
1.650679932572 
1.674969153838 
1.655143656323 
1.662499344306 
1.712711118208 
1.668464370020 
1.721503636461 
1.748492325588 
1.761808398969 
1.719943216437 
1.669293369459 
1.597451685598 
1.648965205226 
1.560293650303 
1.573748309290 
1.580710721632 
1.579728172163 
1.540907331449 
1.540870446459 
1.564169914240 
1.612999192538 
1.567415385747 
1.585380480865 
1.642621533559 
1.680144374195 
1.585239467238 
1.715350129311 
1.700349683731 
1.721688454479 
1.810048171073 
1.817349204640 
1.708522423218 
1.739673354593 
1.737611818368 
1.756578718952 
1.851906256993 
1.852068391588 
1.853351622028 
1.880306869696 
1.948451913517 
1.938558438919 
1.793525699263 
1.796063443152 
1.787375614370 
1.784677325651 
1.846962802507 
1.863049185051 
1.924123043633 
1.907600658764 
1.930382864618 
1.974873966308 
2.019050305185 
1.994649546716 
1.951876484147 
1.910788985043 
1.808662284454 
1.749309220142 
1.709006817986 
1.774510969295 
1.774062205752 
1.747770543391 
1.716982162651 
1.703986856179 
1.887967146005 
1.865031236262 
1.829623737993 
1.844205659111 
1.864491880956 
2.043765139673 
2.141656825388 
2.215870330237 
2.177576077103 
2.188480794579 
2.114385613265 
2.059624580970 
1.811758977421 
1.675669738709 
1.705150849261 
1.702152314625 
1.764130851932 
1.649375918166 
1.628020579439 
1.596260073369 
1.501137771689 
1.493056414299 
1.608475167082 
1.661278390022 
1.673984835766 
1.571725922778 
1.531517645457 
1.552650358939 
1.601531442120 
1.718920476877 
1.768567467806 
1.801595547828 
1.791800181592 
1.800174597386 
1.733615608738 
1.705258169312 
1.632150341255 
1.684745913687 
1.704718771123 
1.763689195730 
1.820206669750 
1.994997141009 
2.059450419399 
2.089210111933 
2.075408830662 
2.082932616730 
1.931687578794 
1.989511929476 
1.901610246916 
1.894507460719 
1.977419279361 
1.894404475618 
1.703218120149 
1.878672759142 
1.869894421431 
1.795163998914 
1.796959308165 
1.866846515361 
1.882865984916 
1.870313603661 
1.852035661068 
1.830363768641 
1.834239073649 
1.754411105574 
1.637760738728 
1.697222709072 
1.697565626623 
1.736673086850 
1.810571095333 
1.892536573939 
1.883493967911 
1.913426854125 
1.979828470674 
1.948907451113 
1.933986386880 
1.835027169973 
1.808963871651 
1.808963871651 
1.818549442440 
1.777044153357 
1.791075980151 
1.796818338904 
1.777066230452 
1.764195237558 
1.877018964372 
1.876361411144 
1.750459594364 
1.642629677398 
1.683757608987 
1.640935097655 
1.741017351882 
1.644103450146 
1.645199579394 
1.601809286868 
1.649048044275 
1.672387366064 
1.604054160715 
1.671473392528 
1.689483909264 
1.675988287427 
1.673235461150 
1.671895246823 
1.670406492286 
1.718055614225 
1.828856309965 
1.879854254984 
1.769844981854 
1.763015305539 
1.749309797074 
1.714336602117 
1.713146909754 
1.721789867504 
1.662200072983 
1.726073816896 
1.697034289644 
1.717075862669 
1.725217191409 
1.778205226211 
1.821087737496 
1.836694417148 
1.918903408166 
1.938557846940 
1.926785455909 
1.884022032684 
1.847581700035 
1.838480599003 
1.940162383665 
1.969378006293 
1.981357767587 
1.919957272524 
1.936241279819 
1.840453866721 
1.933072611692 
1.910565600986 
1.947046181895 
1.861683463332 
1.890342724286 
1.855776519968 
1.693642638562 
1.698568327602 
1.703378175484 
1.639705314878 
1.474490498231 
1.592976619923 
1.609477892285 
1.519487528526 
1.474236955689 
1.808677135622 
1.760936436703 
1.811253796295 
1.937260023155 
1.875212170082 
1.811074335720 
1.799748755616 
1.728095296767 
1.686283998043 
1.636676624767 
1.621073257870 
1.700411469463 
1.660072080749 
2.065764918669 
2.106808058162 
2.079493519228 
2.084142059657 
1.889671809293 
2.000621098333 
2.129032444109 
1.911674126461 
1.890637610633 
1.871650406120 
1.774333784633 
1.757964156831 
1.624110628895 
1.795334312409 
1.582923171015 
1.714673954474 
1.654710117946 
1.653563969352 
1.630322371716 
1.795714749352 
1.741556486946 
1.792971445536 
1.690285980547 
1.716214011498 
1.692504617785 
1.782569414120 
1.850750388612 
1.762122876563 
1.793729632327 
1.690862373256 
1.697420864220 
1.625038222226 
1.725294393201 
1.887228797055 
1.896925090485 
1.986397112874 
1.813700562390 
1.936917859900 
1.794467626261 
2.081178133663 
2.051912115141 
2.270043938885 
1.807677058266 
1.994278552426 
1.800043692004 
1.823254774966 
1.812940267752 
1.649799884189 
1.726240906418 
1.682705261629 
1.619458641567 
1.721327928870 
1.938052492719 
1.833444317863 
1.778008149355 
1.704081351954 
1.715179592772 
1.696256789586 
1.800394577668 
1.783009811647 
1.534787556243 
1.588817153937 
1.452037206957 
1.558293167630 
1.603446587339 
1.622181776275 
1.621483550411 
1.741286078818 
1.836077233334 
1.777549204292 
1.846608546757 
1.858122047855 
1.595781500725 
1.557814788313 
1.539886851975 
1.576547287676 
1.565248858426 
1.317997613448 
1.433006428120 
1.587632115495 
1.649545831720 
1.625226868944 
1.604545088146 
1.529942927843 
1.574350349571 
1.733620723571 
1.744935282418 
1.855092737767 
1.697965615957 
1.738402088774 
1.674857628593 
1.551128624245 
1.639718499356 
1.553246609018 
1.704839323139 
1.859196003702 
1.753806425364 
1.602546910580 
1.667070717065 
1.925531160780 
1.765717708994 
1.508721390130 
1.368311215307 
1.510503973547 
1.439343141959 
1.491066065196 
1.495636355549 
1.612806775056 
1.520819570829 
1.734597908379 
1.582364548999 
1.871636814173 
1.751443432249 
1.821086131008 
1.956965434875 
1.900067091756 
1.888406047440 
1.872632441857 
1.758422943473 
1.892290955326 
1.777380239485 
1.781392495970 
1.790627111704 
1.848714557770 
1.803979323631 
1.712539402559 
1.624940723456 
1.535006034624 
1.643335278779 
1.534313603394 
1.501088539551 
1.550538236685 
1.650858658058 
1.598305461339 
1.493519910232 
1.638159232613 
1.534133961892 
1.712500516457 
1.333021783611 
1.654250644752 
1.652352608562 
1.815897557546 
1.813105404351 
1.817122981924 
1.768177633378 
1.785514073340 
1.966601785136 
2.075650813732 
2.096342446416 
2.065299747583 
1.929189498125 
1.979251752663 
2.034135771666 
2.013038086717 
2.012067415590 
2.056019154224 
2.071613877927 
1.993205243734 
1.942402465889 
2.001716003539 
1.971852645547 
1.896795841912 
1.937580198148 
1.955162785653 
1.880925977231 
1.808142874373 
1.993402539489 
1.869380472672 
1.907677305182 
2.038773670755 
2.108474318425 
2.147498469216 
1.905048267099 
1.933546741436 
1.758884592589 
1.861263794513 
1.929683126613 
1.677536540493 
1.713878040883 
1.753509360332 
1.730202165150 
1.712928714062 
1.673075267068 
1.665146468856 
1.586472464828 
1.619540484308 
1.650217302254 
1.715564282413 
1.755954861096 
1.562599833386 
1.777375100380 
1.799759916163 
1.715870769382 
1.705221114045 
1.711131230041 
1.779642922133 
1.686677592661 
1.837603553566 
1.816493370058 
1.796515156166 
1.976615688354 
2.330443924464 
2.030163961029 
2.105823740332 
2.007273233431 
1.780698051562 
1.837037996662 
1.776097337071 
1.770992030025 
1.766257738704 
1.729850928261 
1.674510277192 
1.779723624602 
1.661022347615 
1.607609375974 
1.702689499490 
1.800497275191 
1.789834530341 
1.735958404078 
1.747731454173 
1.677544217493 
1.867382322437 
2.039941602209 
1.943640275979 
2.017738454627 
2.022259172011 
2.007990935136 
2.006876582574 
2.045681768715 
2.072923539933 
2.062650016266 
2.062283418277 
2.159086341795 
2.247968054756 
2.297213513974 
2.133680615028 
2.052587994431 
1.948103629262 
2.029035391462 
1.970611399749 
1.944264067576 
1.958769233712 
1.993744609039 
2.032902219925 
2.010412306549 
2.003445113640 
1.958726946876 
1.916369243342 
2.170082667319 
2.350501759137 
2.378018893109 
2.229742974961 
2.114697629337 
2.028373564189 
2.073675316579 
2.053758281405 
2.081266219510 
2.036560359078 
1.988051728810 
2.014629557266 
1.974168219330 
2.004045674335 
2.022927598005 
2.036131823590 
2.043994709185 
1.875922118127 
1.904118732449 
1.943292287647 
1.795154635212 
1.754000704543 
1.758369752621 
1.711719411804 
1.608403266811 
1.684574435495 
1.687214915353 
1.610805093199 
1.577317682308 
1.673557218445 
1.711002191510 
1.710255904628 
1.713099127098 
1.708637111901 
1.744203408328 
1.713988851499 
1.647039877866 
1.680246013393 
1.728281593101 
1.763569488841 
1.814847295383 
1.753430370028 
1.860809313670 
1.827518296198 
1.845873840790 
1.837004139558 
1.842336732178 
1.807765678283 
1.814913035043 
1.860974819006 
1.878136930203 
1.858803679067 
1.958782996903 
1.920247517009 
2.003944236366 
2.021647532752 
2.017322198253 
2.249429093279 
2.082657615695 
2.216711722859 
2.054063360778 
2.044608628820 
1.998675912192 
2.018972849247 
2.013614917943 
2.022089971964 
2.002475864429 
2.081921100687 
2.058333101171 
2.142161035601 
2.211657765668 
2.218973226818 
2.338541470382 
2.335564421341 
2.334139562445 
2.126748972324 
2.260204711033 
2.153146521858 
2.181424514386 
2.199573227227 
2.164438211809 
2.299431269589 
2.186827005035 
2.166303516711 
2.102399449106 
2.240894887629 
2.154295483123 
2.113951391532 
2.173707479469 
2.095138304971 
2.121577921998 
1.958307632892 
1.902330567317 
1.834246234504 
1.814974184845 
1.838871372207 
1.838157356426 
1.993512458623 
2.030041204226 
1.993276649607 
1.983876562893 
2.002899973341 
1.955607719089 
1.989891915574 
1.974271023751 
2.004065203607 
2.011246635984 
2.092451199241 
1.983729602133 
1.979851823786 
2.032132941300 
1.961111576305 
1.754609158140 
1.778514824482 
1.857138083091 
1.834823258548 
1.835875018363 
1.878969290910 
1.872291256190 
1.875913572224 
1.890088835050 
1.850403926708 
1.695358633140 
1.750082138029 
1.940371803911 
2.159148446855 
1.907906650437 
1.851769940451 
1.799328989045 
1.833807634829 
1.894545093518 
2.002528620120 
1.918841604087 
1.930781206101 
1.736633636408 
1.836005226265 
1.833219893678 
1.782990889831 
1.826180285972 
1.962343376840 
1.967952314284 
1.762791822498 
1.823292180232 
2.179340512126 
2.241786234495 
1.969140213631 
2.023268786667 
1.809105033797 
1.776752810949 
1.806554977490 
1.837236865288 
1.816086811835 
1.858814949785 
1.785425105585 
1.686262123478 
1.680492159461 
1.647204424631 
1.614056768943 
1.577175287052 
1.526519913940 
1.488406451401 
1.419046130751 
1.731357416412 
1.768640797350 
1.684519674178 
1.585984473556 
1.671743587386 
1.798716477079 
1.449213094127 
1.659208156766 
1.672927245134 
1.596910205343 
1.457142351305 
1.637431584234 
1.717651878088 
1.428650048371 
1.502162330794 
1.527192636388 
1.405011547161 
1.440504824903 
1.475722237231 
1.657842006965 
1.720746744395 
1.802530623170 
1.986014650707 
1.927201884531 
2.024461882010 
1.839886044088 
2.074678382177 
2.180298627139 
2.147147359915 
2.168876957275 
1.998511657996 
1.991077102376 
1.973403693473 
1.972028988385 
1.942150182992 
1.983321225191 
1.968488326271 
1.967108424328 
1.982842706977 
1.996298271503 
1.918663346465 
1.897524878813 
2.027841663837 
2.034953918455 
2.045615282628 
1.999148776354 
2.203141551299 
2.137397962033 
2.138684634064 
1.914479244024 
1.994828343988 
1.904228320288 
1.794787069682 
1.782847782015 
1.719632224476 
1.910054988207 
1.814525250760 
1.701403163843 
1.671712144340 
1.726395413056 
1.690517032162 
1.662540575909 
1.757056978201 
1.449687724375 
1.634452469556 
1.764439159888 
1.815441895476 
1.952243468122 
1.756203749828 
1.714531614804 
1.882922582333 
2.031020579679 
2.232768722168 
2.033953914315 
2.150242162180 
1.990173575866 
2.041329558809 
1.954090958959 
1.734837426057 
1.573312695808 
1.574272081301 
1.704220930288 
1.705060860575 
1.889350842192 
1.856445789102 
2.061600809310 
2.015807833407 
2.016703644331 
1.964510059084 
1.970573015988 
1.951146826932 
2.059189184867 
2.057528398195 
2.113136523432 
2.057309869294 
2.052565443384 
1.991197234166 
2.062525381302 
2.011379131208 
2.036755790366 
2.042453039375 
2.030801665714 
1.917954825813 
1.852416892623 
1.870177478141 
1.865824898182 
1.856092332546 
1.817748898012 
1.797521287422 
1.803773352954 
1.808283041059 
1.814312017428 
1.917073211263 
1.886466318838 
1.916595913895 
1.905312636050 
1.931048952806 
1.922487212690 
1.890792691537 
1.921333792936 
2.020726836350 
1.943165326911 
2.004360728169 
2.101126397474 
2.054044959310 
1.922517161022 
1.993598278728 
1.966769924580 
1.941192356541 
2.003311624370 
2.023075764149 
2.043223181238 
2.067676465464 
2.018616758633 
1.970982416733 
2.012448696720 
2.005628770120 
2.099603514511 
2.049731816512 
2.087005871911 
1.923826641274 
1.785939993575 
1.782415196542 
1.771599027333 
1.766545980355 
1.764210029810 
1.600997933047 
1.510088366106 
1.495718654858 
1.458891849403 
1.658233426985 
1.642245260111 
1.599837430960 
1.722106036059 
1.662986733274 
1.798197865242 
1.817911671495 
1.934808692408 
1.932583849890 
1.930190099035 
1.895222542191 
1.830457969368 
2.032232363145 
2.054405570239 
1.902691159854 
1.892373756049 
1.881581614287 
1.781131809489 
1.715555552019 
1.757662513396 
1.722907780558 
1.834426962273 
1.874849512365 
1.848790530520 
1.818938491615 
1.840145640106 
1.877928415539 
1.985955729708 
2.014300190052 
1.915351694535 
1.711105494568 
1.871049487985 
1.855460272055 
1.778220919720 
1.636503943007 
1.723906194131 
1.672750339247 
1.772100044457 
1.830698123928 
1.860000946799 
1.642136996322 
1.624103925294 
1.736760911241 
1.817867517209 
1.934513924308 
1.865361811839 
1.961588558159 
1.905112931040 
1.941762140527 
1.582828360015 
1.626922270867 
1.762467274477 
1.624243936367 
1.622811071019 
1.580107697579 
1.636988903269 
1.633009775042 
1.672950884191 
1.720167913013 
1.707861448950 
1.701622429384 
1.719930172271 
1.724565339571 
1.726971278755 
1.762667178217 
1.683274272315 
1.766832175457 
1.808921043301 
1.879566326431 
1.909406689135 
1.832719731029 
1.806275346844 
1.809696317369 
1.842622255507 
1.830344746430 
1.785201982086 
1.751961100931 
1.735828078762 
1.742770557328 
1.746876270329 
1.746683236229 
1.741336069079 
1.699300844157 
1.676986003727 
1.660234484673 
1.622428016815 
1.610160237331 
1.606951460046 
1.577490114879 
1.678472315384 
1.590762800131 
1.639333133230 
1.671786091082 
1.631111574400 
1.601474542705 
1.672167494984 
1.644127851005 
1.543462980752 
1.466478786853 
1.563692099016 
1.641866677943 
1.689691177479 
1.687575441488 
1.669949453817 
1.748972405691 
1.749726106100 
1.745452753441 
1.721111971237 
1.629368157742 
1.704014348221 
1.772914171902 
1.805590569268 
1.755993175310 
1.756161795872 
1.756708688000 
1.764481104093 
1.747128425889 
1.750730064739 
1.778078786911 
1.726011842276 
1.759440826916 
1.759596606862 
1.735522741441 
1.699651655075 
1.724418541943 
1.713599257645 
1.744667538855 
1.669058233083 
1.746926824055 
1.739852473801 
1.730752778581 
1.743625353236 
1.763876924926 
1.866280232682 
1.851412778723 
1.981875797302 
1.969675389245 
1.978128012898 
1.954221086036 
1.860007511804 
1.868236676570 
1.942473204719 
1.914775716233 
1.795588256837 
1.749318375633 
1.738479947123 
1.718407154594 
1.673986758906 
1.677778457322 
1.663925018142 
1.761420903480 
1.761665582650 
1.633632769166 
1.692126850662 
1.689605241773 
1.610410776063 
1.662320393971 
1.658592004836 
1.821976523381 
1.776409341077 
1.770981221197 
1.737076319129 
1.778572466400 
1.832231255284 
1.797357736985 
1.771165808735 
1.799608695367 
1.840391321349 
1.850178262422 
1.874329676973 
1.859772725469 
1.838822642872 
1.823025717326 
1.796556694348 
1.803889351474 
1.798687666030 
1.842166287219 
1.867229668271 
1.868762743536 
1.808275851726 
1.833996620010 
1.581750235294 
1.786872378751 
1.899509707378 
1.869228824853 
1.928181066207 
2.025409097447 
1.988595251139 
1.876123391339 
1.988176786748 
1.990374364100 
1.948015396216 
1.779345173991 
1.795271745555 
1.822429440997 
1.873835787698 
1.935464074100 
1.884060038220 
2.181906964909 
2.201246481958 
2.279181795836 
2.060334400753 
2.205589672798 
2.078909697033 
1.835472145281 
1.865472291916 
1.755069682504 
1.614289995899 
1.719615723418 
1.851026301500 
1.813345561279 
1.755854408636 
1.716953584154 
1.881404662965 
1.982451374123 
1.935912420864 
1.809194982013 
1.709768246212 
1.500145312970 
1.462718426000 
1.494146657760 
1.567663450386 
1.562076854024 
1.593455334850 
1.789393371510 
1.834115396385 
1.721344435379 
1.964812093973 
2.186922576684 
2.096866437694 
2.036070243061 
2.046309719416 
1.795400812203 
1.760292837991 
1.851996521862 
1.958174981105 
2.078299368408 
2.253210166713 
2.158794034415 
2.169484947916 
2.089800789014 
1.968535556776 
1.952785001716 
1.762702631144 
1.787470048444 
1.718829594229 
1.644067692885 
1.802795171437 
1.785251768287 
1.509006769115 
1.623433648050 
1.571792157148 
1.585003684047 
1.551949666077 
1.628170449054 
1.692135063362 
1.674979802699 
1.745571919123 
1.824950221102 
1.794132659327 
1.657992396466 
1.653471075897 
1.670844771622 
1.666091048629 
1.643833358582 
1.637276039950 
1.346236661939 
1.540008250469 
1.498422680163 
1.471662188572 
1.587942441329 
1.597025770301 
1.575348459181 
1.572616210740 
1.598359116459 
1.531831645349 
1.740438996648 
1.690506306542 
1.772226896596 
2.124098549490 
2.117129200086 
2.098270901504 
2.122782755758 
1.817518346918 
1.584457774682 
1.474382104699 
1.571413393271 
1.655714287580 
1.651705497056 
1.712162811999 
1.726913425381 
1.737451450777 
1.801717232729 
1.802412342041 
1.826850265286 
2.003260309797 
2.110138515433 
1.818201969196 
1.712140393804 
1.728843370306 
1.539648182040 
1.515161715062 
1.588849218487 
1.540230421666 
1.597483103437 
1.623318105920 
1.632060587318 
1.731485404509 
1.809564376301 
1.748236142588 
1.710040841331 
1.708462745229 
1.645185010417 
1.802583051001 
1.771239328193 
1.705514907253 
1.698505598331 
1.706231021039 
1.704424425939 
1.621831389055 
1.620748561408 
1.590793573529 
1.822291910338 
1.810731710091 
1.917452418266 
1.874089861325 
1.903327884522 
1.997519751598 
1.604942970652 
1.604143493774 
1.561525971672 
1.513646612837 
1.570952264082 
1.686674167079 
1.516185852897 
1.577475951873 
1.610804401488 
1.719159752677 
1.770850690984 
1.665436530911 
1.651594984706 
1.973687434638 
1.712466096311 
1.661846355557 
1.723846741018 
1.826854444535 
1.847831359609 
1.882876258656 
1.877352763066 
1.894788242460 
1.799184385378 
1.770141572918 
1.827407078594 
1.737049460240 
1.365968762236 
1.451354520079 
1.386603643640 
1.496720953707 
1.328307155115 
1.413780694558 
1.391265419865 
1.392303813369 
1.721818159711 
1.717087662033 
1.660271669748 
1.691995650424 
1.735679703662 
1.770021479029 
1.743406670183 
1.736381258449 
1.785815838647 
1.834221082343 
1.899802419161 
1.882321772169 
1.741321532383 
1.680558039773 
1.792974804396 
1.827250321524 
1.744008410396 
1.756743360117 
1.695065584219 
1.744654239854 
1.644356763204 
1.597920526151 
1.634108556649 
1.680757280659 
1.727125512236 
1.863639019855 
1.782004206424 
1.675182581571 
1.757549989663 
1.800013040522 
1.617314696967 
1.754722389308 
1.942288054344 
1.871134463349 
1.871685306096 
1.922566408885 
2.008306362391 
2.199924240601 
2.278463236855 
2.290876979715 
2.043594075602 
1.961867334194 
2.031872000691 
2.040228987840 
2.201599766922 
2.238495852733 
2.150977373050 
1.914099969237 
1.906381666739 
1.934679749258 
1.902508567460 
1.867992067076 
1.699598911085 
1.579146226037 
1.889710766001 
1.949316715150 
1.850973256971 
1.887684007326 
1.901190529801 
1.939234436736 
1.933187503519 
1.940258134859 
1.950624326041 
1.880363205124 
1.846330429119 
1.799113817907 
1.988151089951 
1.930231668214 
1.858506508345 
1.950118821578 
1.997672509264 
1.866325370953 
1.989417899422 
1.954175136251 
1.987488989381 
1.983683777337 
2.123376814660 
2.119008727203 
2.067262771904 
2.055439401529 
1.952815595251 
1.849457746469 
1.899536601763 
2.057984670465 
1.932174258957 
1.846365787282 
1.879838718180 
1.796513869218 
1.796925146832 
1.777916374448 
1.756058154906 
1.752149079415 
1.778312643605 
1.792847971860 
1.741082183392 
1.795699291898 
1.653663159926 
1.680220097740 
1.619262765457 
1.622208635779 
1.631636274249 
1.610100879514 
1.516994405475 
1.576150069156 
1.755055686735 
1.829414265675 
1.836505619025 
1.775115411884 
1.824769786160 
1.782675621619 
1.794019126741 
1.837271108053 
1.865208518146 
1.853190447900 
1.880109386216 
1.953401567145 
1.937736786473 
1.998367235853 
1.695130349919 
1.586360697340 
1.488954668836 
1.443049079809 
1.566447134385 
1.601733175825 
1.643438028342 
1.705167770326 
1.514176633921 
1.529222356890 
1.542279591044 
1.567262633971 
1.606752580600 
1.776978892392 
1.709562692240 
1.775826375216 
1.783642081751 
1.800641448697 
1.858651311748 
1.889984118228 
1.771695518138 
1.742371471395 
1.742352882066 
1.796614855928 
1.793753044353 
1.872232113013 
1.820749256896 
1.834980722571 
1.788873867863 
1.788873867863 
1.731205684898 
1.748062604548 
1.742199723448 
1.761324220544 
2.019728592228 
2.058659663584 
2.026752295685 
2.052045602269 
2.077667451575 
1.995182027720 
2.059908549221 
2.046588962785 
2.117172319657 
2.231765089453 
2.201992523343 
2.147869975494 
2.202437293979 
1.993444912513 
1.976916913725 
1.942022941926 
1.912699590318 
1.960531117357 
1.981774505026 
1.974589918221 
1.936607063340 
1.928817078294 
1.943015813263 
1.918124659262 
1.970592376880 
1.943911338438 
1.983657315850 
1.981255730960 
1.962824933544 
2.167463580380 
2.178932531492 
2.061355791670 
1.995634282581 
1.986446925640 
1.995262131572 
2.029661999668 
2.081153926090 
2.056096155464 
2.045797219369 
2.142128275241 
2.073147614338 
2.043605400727 
1.964045512755 
1.947329848513 
1.941990025104 
1.939644981785 
1.827401435841 
1.930251753164 
2.064790374985 
1.918145579347 
1.732492336447 
1.825697310204 
2.021155401846 
2.039715621463 
1.776568097702 
1.839623834305 
1.694699571220 
1.814295619849 
1.606442172462 
1.601660247337 
1.675033947680 
1.450415348202 
1.572140226047 
1.605742537924 
1.671755452508 
1.905140517898 
1.972177628830 
1.832057709577 
1.851656512560 
1.873287997747 
1.916095327494 
1.958120800459 
1.881612997671 
1.965344684588 
1.767228453168 
1.789450904888 
1.682033255854 
1.662976980625 
1.744771525129 
1.738865382581 
1.732594403047 
1.723210414184 
1.730650431384 
1.728372080940 
1.664524048185 
1.610398953445 
1.722997828233 
1.653482811593 
1.519364007253 
1.703043985482 
1.721916113032 
1.752892725734 
1.805988080526 
1.898273023905 
1.972108899976 
1.852733062560 
1.827800083492 
1.818988566734 
1.846195701843 
1.876911863014 
1.911215464369 
1.925413686227 
1.888972202719 
2.015878812253 
1.965301770398 
1.940409689258 
1.922795615223 
1.916645716071 
1.877813536087 
1.783612303289 
1.813687875817 
1.855035578079 
1.859484312277 
1.918366078794 
1.965610116851 
1.966187695677 
1.944195759643 
2.052286106229 
2.017184431005 
2.201032692381 
2.277233623077 
2.283800687483 
2.295684635480 
2.074293471825 
2.091977165019 
2.219597494240 
2.163495135581 
2.209930572776 
2.163145480871 
2.277482253727 
2.242006562246 
2.221792055398 
2.261061800029 
2.040174955787 
2.006790194128 
2.001178036390 
1.944503817366 
1.984772056497 
1.904141861489 
1.781425079516 
1.804479792268 
1.850244835745 
1.892891907432 
1.837315070652 
1.713294531702 
1.667135598355 
1.627892055549 
1.656907218918 
1.631180373710 
1.585699064571 
1.685647045245 
1.622420624270 
1.616553193986 
1.605999530851 
1.654477467353 
1.672644139041 
1.637302667776 
1.699091720688 
1.715959766225 
1.772047791575 
1.840580440644 
1.843145457355 
1.974594226400 
2.059515370721 
2.134348154319 
2.061564287566 
2.094134014322 
2.079918759727 
2.175692727585 
2.188514876741 
2.185205954533 
2.227532822213 
2.233508156915 
2.209233958147 
2.209319458600 
2.223299727383 
2.374833783210 
2.150118626700 
2.228995084474 
2.134656662706 
2.085659330048 
2.035132859026 
1.998082515301 
2.024688561070 
2.018312721817 
2.081504147300 
2.062762504124 
2.058405553210 
1.839048204022 
1.843517222421 
1.715335423840 
1.748678769911 
1.793028307623 
1.898681323393 
2.113498857293 
2.127177598508 
2.186191565483 
2.147007178232 
2.256737496063 
2.160961553078 
2.201289123894 
2.033226277794 
1.851393384945 
1.907828559869 
1.875751611941 
1.899212055679 
1.856780809247 
1.805201182170 
1.853569219528 
1.835207154833 
1.771842549199 
1.712539207058 
1.720811390695 
1.641943745088 
1.771242803805 
1.847795116382 
1.866539063973 
1.920412931492 
1.906294308420 
1.943428625731 
1.942331545355 
1.992765126921 
1.948103933065 
2.032369368734 
2.160613837417 
2.088697352497 
1.990827132358 
1.941993884096 
2.025396811241 
2.063777672028 
1.903848254281 
1.949629737916 
1.936719898662 
1.943203923566 
2.066896629641 
2.042100431498 
2.144420447132 
2.058960689740 
1.995267173380 
2.048066236587 
1.993006434134 
2.045935513501 
1.990511980000 
1.968751211633 
1.935087829139 
2.048562691911 
2.093945736203 
2.148103296786 
2.158155057780 
2.229216530793 
2.149745749481 
2.112688667130 
2.170505301697 
2.142764643556 
2.227795694895 
2.237890953229 
2.238058238792 
2.291319500786 
2.297617830162 
2.307158431371 
2.284389555064 
2.264495284700 
2.335182834613 
2.366106087028 
2.371151891267 
2.251119067106 
2.337406505298 
2.339751759575 
2.324700442293 
2.323606892650 
2.262442145047 
2.378457536967 
2.399163877983 
2.160692284322 
2.117770605542 
2.183846975184 
2.212640457035 
2.204986689183 
2.195789582876 
2.182022931248 
2.207435200058 
2.219389187922 
2.239635247158 
2.297666158816 
2.251642655342 
2.268628044166 
2.234319370320 
2.237876597248 
2.230722523203 
2.155172167907 
2.236501154852 
2.235702565164 
2.201433786766 
2.281238799372 
2.238583392218 
2.230356346523 
2.221145819450 
2.313319126823 
2.225778105447 
2.233307776760 
2.245383108661 
2.242202430799 
2.244725211960 
2.165000512215 
2.280279639151 
2.357999270942 
2.349176766971 
2.278671964402 
2.035423358626 
2.066573959642 
2.112259132379 
2.015639029263 
2.015693524754 
2.068302511791 
2.098152653047 
2.131232593205 
1.957949640381 
1.915399293507 
1.909986231559 
1.930743218391 
1.929003295444 
1.918912915339 
1.911998389628 
1.919604495277 
1.761090918970 
1.764603715619 
1.691416921184 
1.670885075086 
1.645025008389 
1.654531630485 
1.672028221265 
1.676897279083 
1.672028613794 
1.660406815267 
1.683127661588 
1.725609740650 
1.721926701491 
1.778827059971 
1.779503788566 
1.771339369341 
1.731967764103 
1.710980321166 
1.693083829829 
1.678452953293 
1.680421032496 
1.692589971234 
1.735908266991 
1.764513608859 
1.735861529362 
1.691929514825 
1.689988722503 
1.730093461051 
1.783571549020 
1.830481516143 
1.786415870632 
1.801726827078 
1.804144682985 
1.791983838481 
1.817768910713 
1.806874078778 
1.876217776352 
1.941727686335 
1.891821127255 
1.752423841632 
1.791962482385 
1.811544687286 
1.866485282221 
1.852005231930 
1.848211635954 
1.905929738338 
1.891854067309 
1.892219983070 
1.861522118298 
1.853599826151 
1.836993915713 
1.839873508648 
1.944162168907 
1.837039776932 
1.887319123653 
1.880818518154 
1.875410221051 
1.911367300210 
1.855036156934 
1.806323220313 
1.761305955455 
1.765534430753 
1.752355421253 
1.752883871387 
1.753626791272 
1.773196133431 
1.875574912833 
1.890676665332 
1.924554823057 
1.924518316773 
1.907303449970 
1.876652787930 
1.875190481129 
1.840893871734 
1.808594516385 
1.805857493704 
1.770637133894 
1.769027474883 
1.749309957060 
1.748089938937 
1.820393766559 
1.738098311441 
1.719353632665 
1.721771553360 
1.681451844860 
1.694156565664 
1.732669414747 
1.764876473385 
1.776167677679 
1.769078510457 
1.784807621486 
1.801901812344 
1.800971814663 
1.789611820672 
1.796784021955 
1.807190461951 
1.716287326629 
1.740750306289 
1.781119868663 
1.800211787403 
1.804289365045 
1.805823542543 
1.961692532054 
2.146980395102 
2.027766777142 
2.096844881876 
2.274174814747 
1.805674431192 
1.760804548698 
1.930544927319 
1.875554057633 
1.870702693710 
2.046347024365 
1.837526203507 
1.862191085653 
1.884401210151 
1.816838584847 
1.847096267647 
1.823442533807 
1.937770003897 
2.168347980608 
2.140541215646 
2.292713508420 
2.158559644399 
2.179844081254 
2.196612597589 
2.251848249274 
2.174607010472 
2.186240173850 
2.203903501390 
2.142159806153 
2.102237641341 
2.184522410291 
2.065245622449 
1.791019730316 
1.730578453924 
1.895244774087 
1.918314617367 
1.966347822131 
1.853095324545 
1.836274358898 
1.777301579888 
1.762364733597 
1.806842555626 
1.972929587479 
1.908491867235 
1.982703142364 
1.901637777761 
1.774893534254 
1.757150816506 
1.679157321760 
2.169137495919 
2.075573964950 
2.330532955727 
2.239922991348 
2.138167002241 
2.234270227350 
2.250343949478 
2.305194345307 
2.283488618265 
2.235179818409 
2.338167725789 
2.170355716306 
2.006015148361 
2.079821391328 
2.179820406575 
2.233379836977 
2.200219660947 
2.239003596848 
2.094549273592 
1.876061225835 
2.167904480254 
2.057095153722 
1.750339814460 
1.978099232265 
1.721750797207 
1.623392094322 
1.618772066403 
1.631661064395 
1.794642507025 
1.879701753005 
1.924601100879 
1.881026487190 
1.904503621503 
1.871134529971 
1.989480616882 
1.869077142903 
1.905105744164 
2.182434524252 
1.953176177331 
1.950866564729 
1.983519143635 
1.947297840366 
1.893930606647 
1.822713123344 
1.907396734451 
1.844262987459 
1.472764458558 
1.461598456539 
1.582073498913 
1.671840336588 
1.622704736029 
1.597176989298 
1.689991349948 
1.679959463842 
1.492516891323 
1.546534141831 
1.677064409906 
1.681666334270 
1.471734129458 
1.803425857550 
1.744161974638 
1.706348377351 
1.687410070170 
1.638774226779 
1.550197399432 
1.647039648489 
1.783363183851 
1.876708916079 
1.870947403361 
1.972188123292 
1.812739744301 
1.803104036374 
1.775420723034 
1.680546527846 
1.647490818437 
1.499281877442 
1.720186529024 
1.839840407440 
1.788846769578 
1.876518393915 
1.960948687143 
2.031565324027 
2.011057724136 
2.086307769931 
2.018232339185 
1.979844451326 
1.974612502761 
1.888881765756 
2.048176677162 
2.023097759690 
1.889055297645 
1.778204457406 
1.852161610781 
1.898008160248 
1.993955856586 
1.982665259164 
1.833615125044 
1.759824490245 
2.028612108183 
1.965331020125 
2.019954219208 
1.978053031574 
2.042536679769 
2.091107348908 
1.814250626962 
1.748459699221 
1.827760792812 
1.719927026275 
1.725597072334 
2.030117642860 
2.063049576139 
1.952144782398 
2.137773831331 
2.182855137372 
2.182836148308 
2.093392636979 
2.091224276803 
2.028944258182 
2.181230788812 
2.197270185644 
2.181330871188 
2.283657600094 
2.033938957795 
1.901274946801 
1.995472307687 
1.753159590791 
1.790097474807 
1.795335436394 
1.823332434742 
1.843382936365 
1.912356871021 
2.109731616833 
2.063392932236 
2.141176392629 
2.141698600542 
2.258524637899 
1.995771090091 
2.140445817844 
2.174300114207 
2.427889387919 
2.342475848100 
2.325638902784 
1.947582798062 
2.092770421651 
2.074606662511 
2.126209022044 
2.204464325059 
2.281886876158 
2.120646398293 
2.127600985558 
2.128820159355 
2.207401684289 
2.176064652010 
2.128761704520 
2.198729938978 
2.032396215232 
2.015528047394 
2.054209655467 
2.299886809581 
2.230038786495 
2.064177108296 
2.072599816359 
2.007448982498 
2.038038379677 
2.071035044965 
2.172779511695 
2.193821633573 
2.222272915557 
2.189591443814 
2.177821491413 
2.131636328691 
2.187736088970 
2.132189774130 
2.216280000033 
2.136332500012 
2.150361092140 
2.252549427942 
2.131193380581 
2.082259388626 
1.967499030603 
1.993999181381 
1.974609828404 
1.973241878020 
1.997912227514 
1.993074761351 
2.032724851949 
1.852922519466 
1.939927989405 
2.083439385709 
1.793330339923 
1.784503367249 
1.773582147164 
1.799231804496 
1.969694776537 
1.992838121469 
1.959836993489 
1.976514836565 
2.156781778227 
2.278375204819 
2.299749936236 
2.318922968136 
2.174444076695 
2.265708431685 
1.926202319707 
1.892759044264 
1.840138696074 
1.992071630834 
2.033753342804 
1.820848759008 
1.888532211514 
1.891535515092 
1.896905961852 
1.906561434881 
1.842884670331 
1.891061681627 
1.972804912257 
1.878923755887 
1.839193252477 
1.770240297260 
1.845299030435 
1.805043576808 
1.858092423826 
1.798113529013 
1.867760102348 
1.902124402332 
1.983392132122 
2.016560873164 
2.003991164033 
2.190455388664 
2.088741381832 
2.069304036752 
2.076803753845 
2.102994769365 
2.177226969013 
2.425776600448 
2.157820532143 
2.226526673224 
2.203917898303 
2.287514303357 
2.226931608379 
2.199867472524 
2.038819949857 
1.799147896285 
1.855607191846 
1.752056632925 
1.880754922275 
2.092413545593 
2.030398968110 
2.014036509368 
2.096257486139 
2.144400106547 
2.180965209448 
2.117127924607 
2.140609572608 
2.139152861262 
2.139272062770 
2.008547805686 
1.915037542476 
1.983820961873 
1.786752512177 
1.752115958408 
1.748498909553 
1.799720268300 
1.875492323493 
1.864758808099 
1.691192413557 
1.674283609285 
1.699358750271 
1.678939820657 
1.708428085942 
1.725441124626 
1.657102889549 
1.814017366337 
1.786257536248 
1.742351199116 
1.885033215413 
1.928352462235 
1.987350341034 
2.022290197894 
2.026097900319 
1.952736796016 
1.867887431274 
1.869146230190 
2.129674974563 
2.070518304904 
2.041047067633 
1.865743129480 
1.790918255522 
1.807992520744 
1.785696311923 
1.833783633763 
1.857608844127 
1.904657883188 
1.907300686553 
1.962296141989 
1.968373660704 
1.866375128209 
1.885872169465 
2.000617794477 
2.006254268479 
2.167435091674 
2.160833985371 
2.118282505703 
2.126482174710 
2.021515829642 
2.150561346619 
2.083583410244 
2.213756799998 
2.446927535683 
2.354737308755 
2.215397963898 
2.246156642514 
2.282362283190 
2.155503438135 
2.282413564155 
2.050362006816 
2.062144162711 
1.980205770379 
2.100901481866 
2.186710468939 
2.114577739779 
2.043390143977 
2.075297270043 
2.031123743449 
1.985373440219 
2.012704366956 
1.960363156210 
2.052006708356 
2.174352678000 
2.168998399874 
2.147062535369 
2.118006787384 
2.218404801040 
2.122605552459 
2.250349093802 
2.471702526588 
2.349167991867 
2.312047371732 
2.313158792921 
2.174462702554 
2.107883227297 
2.296155565783 
2.257516171551 
2.368265049623 
2.291070809267 
2.224446212358 
2.471087773197 
2.212725454564 
2.273763566355 
2.072159061122 
2.048189760935 
2.176581373146 
2.192237303166 
2.004989134219 
2.000916888478 
1.985665174568 
1.807816500502 
1.741642358006 
1.896190405373 
1.905543921681 
1.752987182789 
1.711545340108 
1.648243197795 
1.610145881555 
1.856823785833 
1.662040280363 
1.661866148937 
1.692415169091 
1.780091383013 
1.905839748979 
1.835339604203 
1.844311766299 
1.885642077282 
1.829577060807 
1.794518229905 
1.866961256036 
1.912913290899 
1.878603627354 
2.039837399468 
2.007492574755 
1.921172346907 
1.952228271644 
1.802118131156 
2.181333383451 
2.048674807047 
2.025172058350 
1.929247088467 
1.841384333509 
1.856140956818 
1.997597745199 
1.957988461406 
1.758189099304 
1.721670544477 
1.683967554110 
1.789488191569 
1.775645478166 
1.624155809203 
1.636499731209 
1.765194961006 
1.978363562509 
2.046375367272 
1.840336882640 
1.805195760430 
1.806730127200 
1.870476244567 
1.803586027572 
1.971412909274 
1.858633842195 
1.674606840469 
1.852433018350 
1.873527527143 
1.752411414075 
1.738190789015 
1.753392112595 
1.708442410741 
1.750170434220 
1.823046871771 
1.846889646458 
1.792867684028 
1.787122585433 
1.742868556453 
1.754604123358 
1.767351075537 
1.726573132134 
1.707650659838 
1.604701187368 
1.581872338402 
1.491888500199 
1.656009696997 
1.821174948242 
1.852403247100 
1.847758957297 
1.802168790259 
1.849595253517 
1.728576977457 
1.736671546867 
1.589855374545 
1.830085546682 
1.888514854152 
1.839537521078 
1.844729542851 
1.888941001835 
1.962130898414 
2.058454070496 
1.905106764079 
1.997458081708 
1.409675625497 
1.652786424115 
1.633552204992 
1.595678285081 
1.560611156670 
1.773658565153 
1.809324057852 
1.707845961830 
1.694023671225 
1.714163017315 
1.724729378275 
1.676746420411 
1.775477284830 
1.752647472286 
1.844594895281 
2.002660690769 
2.036667337395 
1.897492769137 
1.937971610976 
1.864059828298 
1.893164859115 
1.823618612973 
1.689071794847 
1.997175598574 
1.741789412293 
1.620019573895 
1.616058127901 
1.670035809846 
1.763123038384 
1.735932313683 
1.681297327567 
1.720223278626 
1.703657325685 
1.714443533962 
1.831010807619 
1.839420556455 
1.572077279721 
1.395841194423 
1.728157834979 
1.735096602193 
1.816222089199 
1.868083242173 
1.848058070922 
1.825915117313 
1.839680456562 
1.857608182001 
2.202222903458 
2.073499847383 
1.859814737295 
1.864676240826 
1.807158594361 
1.887562957202 
1.799678383187 
1.950063320667 
1.858061903546 
1.700268720980 
1.744664638623 
1.789552429640 
1.763860887406 
1.772105255306 
1.472260325997 
1.575257996656 
1.603140644881 
1.619481553204 
1.532989084183 
1.594962132388 
1.609461603444 
1.682142377175 
1.892965607185 
1.899896258249 
1.836826605471 
1.870617153005 
1.746540884973 
1.632688872775 
1.686095179077 
1.614356926328 
1.543876251676 
1.477637439885 
1.592563923761 
1.719622089600 
1.664531201007 
1.733523784746 
1.596318230041 
1.514013699324 
1.729000199591 
1.782371496848 
1.737159628717 
1.740383361433 
1.558058959546 
1.575170539698 
1.579964081370 
1.664130013049 
1.714325899066 
1.755613875925 
1.932139956959 
1.896803357894 
1.600853158882 
1.656968619119 
1.704225075405 
1.761319856144 
1.832452568834 
1.888669155707 
1.880648316661 
1.836330530174 
1.884131716472 
2.103720478662 
2.111176126720 
2.133929713751 
2.167527895130 
2.097239802199 
2.134929861127 
2.127440409257 
2.199157539259 
2.285460579422 
2.091061927652 
1.926731423553 
1.954121055394 
1.943159807201 
2.156223962771 
2.159199124450 
2.183328701339 
2.185610787992 
2.182428582309 
2.149730643995 
2.164870930389 
2.255378465421 
2.138644032518 
2.139892030495 
2.007571588470 
2.027180857742 
2.092864005554 
2.036857572187 
1.905647536357 
1.853692097611 
1.961461903152 
1.864616540172 
1.835617753174 
1.822217337526 
1.836557417233 
1.963235949444 
1.979594392304 
1.906375393486 
1.833108415537 
1.673586083860 
1.698658768318 
1.703349005729 
1.766406120498 
1.679001654475 
1.559027731351 
1.450175734228 
1.416612272351 
1.432469931414 
1.545714298712 
1.602337493130 
1.644377910021 
1.498585013835 
1.542987996105 
1.539673734983 
1.598046895328 
1.659973653064 
1.586567376973 
1.504501750927 
1.784452910968 
1.752561925881 
1.715745420910 
1.740729470912 
1.794444395705 
1.798884980213 
1.816884508610 
1.722424813607 
1.702596453015 
1.600606764760 
1.679862850505 
2.030559764305 
1.723039095419 
1.885738884703 
1.882776048186 
1.909141443150 
1.893441092197 
1.910256034413 
1.903934981139 
1.930813962408 
1.936085927867 
1.871770350028 
1.884448394346 
1.904063685427 
1.931413618158 
1.955142818545 
1.926707760107 
1.895019814316 
1.738622768375 
1.735251916737 
1.753450171061 
1.785805956089 
1.740428162160 
1.859718189204 
1.849687236576 
1.980664375889 
1.881524669132 
1.857216579293 
1.873804249638 
1.917748577648 
1.938596081415 
2.009937514500 
2.038265369997 
2.008095810177 
2.002546027673 
2.090148163113 
2.026765768953 
1.980759182152 
1.984636574385 
1.970502311023 
1.966944235999 
1.886329883689 
1.815695251836 
1.914027882660 
1.917054640923 
1.906572125573 
1.910924113890 
1.959357047747 
1.787949441516 
1.797625071432 
1.782862838195 
1.782046716753 
1.778454138791 
1.739197232500 
1.777500941318 
1.904101851316 
1.868897143483 
1.865698375236 
1.798065819778 
1.802996814913 
1.711153884931 
1.780423711861 
1.705297736287 
1.655863061584 
1.600682078202 
1.622938272136 
1.640454066115 
1.572880306054 
1.746166077513 
1.864374639734 
1.869255484661 
1.864942625785 
1.822384442499 
1.892650356751 
1.855738563098 
1.746789974304 
1.737454824329 
1.760934389878 
1.649451663419 
1.665676753654 
1.725903982038 
1.611442384089 
1.711191522259 
1.640332237370 
1.536826969929 
1.716091388653 
1.773456359905 
1.877322783366 
1.868601469736 
1.779197311092 
1.822072700171 
1.613628986203 
1.701742776302 
1.776214957284 
1.817705264387 
1.864404398432 
1.984181742799 
1.971170854333 
1.919720618135 
1.989449008876 
2.338009736256 
2.069817257150 
2.323547048832 
2.329177786320 
2.093675779008 
1.854208615318 
1.871014895983 
2.069255315652 
2.165683523452 
2.084941798256 
2.029839213182 
1.976814882316 
2.015192663042 
1.923743783972 
1.764233892690 
1.828198171811 
1.983277901543 
1.885154723276 
2.010025097792 
2.170581385683 
2.430476162156 
2.434306394848 
2.382763184783 
2.353192782620 
2.253355944921 
2.068132903453 
2.067460890949 
2.055149054529 
1.872926937911 
1.996960785029 
2.069523379995 
2.041207719311 
2.061212773919 
2.081485156476 
2.012427381258 
2.119775151831 
2.072943937833 
2.076570553460 
2.083725736652 
2.008295598192 
2.013147131141 
2.003716318459 
2.013947881053 
2.100551223617 
2.213947818709 
2.271090276293 
2.312957882478 
2.382098168987 
2.234457107185 
2.233177751265 
2.336125831569 
2.398603838975 
2.135507333677 
2.311424513553 
2.624468427188 
2.472667366029 
2.285547817143 
2.424362343457 
2.677997802849 
2.596609953524 
2.644567740123 
2.635424695303 
2.671638342474 
2.713806408483 
2.471115119238 
2.506905049974 
2.458862538638 
2.478170385751 
2.540883077924 
2.417072140851 
2.462258152965 
2.577256903854 
2.362882403431 
2.279856995376 
2.285272056484 
2.230918871399 
2.223747137172 
2.194249629662 
2.281758120175 
1.925706309098 
1.879750721874 
1.829964244871 
1.792019646057 
1.717904960095 
1.813873875993 
1.872135608772 
1.873604002409 
1.797718414741 
1.762449765821 
1.656217803510 
1.703871072401 
1.714301670267 
1.722496284588 
1.701860311087 
1.714946355618 
1.721666191504 
1.745200831791 
1.799598003270 
1.756024201495 
1.785974984986 
1.731507531503 
1.683992520117 
1.728688893010 
1.743771276932 
1.713291594141 
1.721968062227 
1.691681750886 
1.658819511776 
1.667232791013 
1.735709226337 
1.692958650154 
1.709525928788 
1.767093480457 
1.789970554152 
1.550754455932 
1.599942411280 
1.555585596917 
1.538311140500 
1.474138722757 
1.467549399633 
1.520410968483 
1.639568511413 
1.450651391076 
1.512529801946 
1.538433341065 
1.473490418107 
1.520226118210 
1.463178598660 
1.424875786056 
1.298120809992 
1.429451913735 
1.413311833231 
1.405901551502 
1.410239904946 
1.427871609699 
1.643329572534 
1.553997213765 
1.549930207317 
1.475961898263 
1.505547723985 
1.526023097120 
1.499123188888 
1.536985507477 
1.635022988592 
1.659109348108 
1.499353959526 
1.597601542887 
1.622372086542 
1.628950719873 
1.686544459822 
1.780669974407 
1.688184347529 
1.715270177904 
1.807543389181 
1.815504281244 
1.803271131754 
1.838804937929 
1.845342573281 
1.779967092346 
1.756450659101 
1.821814495393 
1.852941449821 
1.852448483297 
1.827990458871 
1.851061271982 
1.814004998092 
1.807622264183 
1.800952964871 
1.758007429229 
1.769530586489 
1.775311052702 
1.806353831702 
1.868392562319 
1.860772588055 
1.842984678879 
1.834607658332 
1.795683963177 
1.803629141226 
1.857565959275 
1.830503062555 
1.854449582320 
1.849865017205 
1.859984390517 
1.830856516151 
1.813743336716 
1.823419296375 
2.069509701922 
2.079089118465 
1.994713090214 
1.999293142568 
2.087788053867 
2.095049751825 
1.927495861599 
1.940052438936 
1.899187565695 
2.048371948152 
1.992428079826 
2.028951897974 
2.005005079560 
2.096392285125 
2.090705258273 
2.064424930185 
2.012396785979 
2.018195970460 
2.096270263292 
2.110929574909 
2.072168815471 
1.977007442922 
2.043681660469 
1.970982513890 
2.031384126330 
2.058396647176 
1.930807138966 
1.900168330527 
1.944773042906 
1.887174296924 
1.841384927649 
1.928224799490 
1.910622738936 
2.002882083899 
1.875108632435 
1.740086077562 
1.705903430038 
1.607139628857 
1.651184069550 
1.592094188555 
1.514005199008 
1.557455362005 
1.527408944437 
1.503219477182 
1.595798759056 
1.565061050897 
1.671663525932 
1.745633601694 
1.676635881850 
1.632175800493 
1.623041114741 
1.609111845327 
1.623623283959 
1.614998809008 
1.652958508236 
1.640542144796 
1.790167532979 
1.788193422706 
1.839293184314 
1.844960994748 
1.844008866569 
1.862022814862 
1.836229267472 
1.760286625085 
1.810940092419 
1.912359795480 
1.949856455747 
1.989719113694 
2.032736658604 
2.012393001561 
2.047416118454 
2.033357234880 
1.998152235123 
2.064852288798 
2.058432088293 
2.103056784453 
2.108640228745 
2.123732721100 
2.134702825567 
2.142589510612 
2.142735446085 
2.180199556862 
2.121063518363 
2.212136687555 
2.188393658206 
2.160946702287 
2.205035129747 
2.259067797286 
2.380022418387 
2.358640512870 
2.342042394703 
2.264078936534 
2.316915175603 
2.256241904880 
2.275679028750 
2.280135639581 
2.283290527499 
2.250363276410 
2.214678863969 
2.356588245563 
2.368180122398 
2.316631769892 
2.334612932191 
2.335570143767 
2.379572502406 
2.328717200197 
2.328717200197 
2.367761228914 
2.306801695345 
2.207043439835 
2.154793648634 
2.295476715245 
2.189715622227 
2.260353262011 
2.128876902548 
2.125645974244 
2.122188233859 
2.154804239348 
2.187200875838 
2.164701585108 
2.029428550513 
2.052074496353 
2.091165908166 
2.057694069031 
2.069466610462 
1.940161609571 
1.953875041858 
1.968737799746 
1.926713424950 
1.903091868301 
1.901777549578 
1.909890734159 
1.910166210585 
1.952772072470 
2.011118484738 
1.895647227876 
1.870617883726 
1.884227216661 
1.867554611707 
1.873457442415 
1.864458389983 
1.962812315021 
1.943606908289 
1.923197466782 
1.892962577598 
1.878741097432 
1.844507940239 
1.848076610998 
1.858109241963 
2.005772063775 
1.928697369106 
1.909976693193 
1.916799734930 
1.910521104381 
1.896039178487 
1.875923701110 
1.902076210459 
1.900450978545 
1.900450978545 
1.915468163811 
1.936222349334 
1.938438173566 
1.909784304132 
1.947413901874 
1.953700981163 
1.953136991155 
1.958236302536 
1.960022015002 
1.950010010532 
1.942724324874 
1.940682393191 
1.938356365937 
1.941298865374 
1.941285526843 
1.957635502279 
1.948888265820 
1.925117075244 
1.923387710405 
1.926030287653 
1.932704268791 
1.935105114989 
1.918866543969 
1.899308412997 
1.896708923131 
1.866935935165 
1.887559124245 
1.887893615589 
1.949860118447 
2.006727160983 
1.827454195981 
2.065463399311 
2.060549387757 
1.963111109531 
2.195806108543 
2.403565739041 
2.214735713199 
1.924132955776 
1.991054221261 
1.951921284920 
1.731217694541 
2.047614500419 
1.896552215951 
1.874862862314 
1.754298040277 
1.840466797820 
1.808667789026 
1.695610140322 
1.808616838246 
1.850867743144 
1.937314738567 
2.045986626544 
1.813079502381 
1.729936131354 
1.696793509337 
1.692852927842 
1.724385447117 
1.769228239694 
1.832117242496 
1.824808808348 
1.786418423614 
1.672499554150 
1.637318666718 
1.579787339220 
1.740837657258 
1.848741623794 
1.859042775531 
1.848257173835 
1.862746212102 
1.883910501595 
1.787143757408 
1.872577439342 
1.876071620159 
1.951989870848 
2.076478536358 
2.313694264257 
2.152130342201 
2.186695569270 
2.186695569270 
2.074584410452 
2.024932799500 
2.103758201871 
2.047010533255 
2.168382524335 
2.204577328684 
2.185386220159 
2.197128488714 
2.179954016471 
2.375229923683 
2.102733792341 
2.157341267519 
2.213224711862 
2.245495609144 
2.213484308333 
1.870703152107 
1.702521508118 
1.699810574701 
1.428834725318 
1.789961219870 
1.789406999455 
2.112096647335 
2.087556508700 
2.156272770154 
2.063551513621 
2.337822922972 
2.177569813455 
2.141607433694 
2.042182382275 
1.891138532704 
2.251718022086 
2.192745868159 
1.940637884230 
1.901807139054 
2.089781840296 
2.116365336436 
2.071821018919 
2.006624830123 
2.074485235153 
2.228969714885 
2.256319248255 
2.247244889570 
2.012841669183 
2.052322889930 
1.660163753777 
1.531430029188 
1.667377611459 
1.809665065001 
1.755259562221 
1.634258027643 
1.495084134547 
1.637887287603 
1.901098821678 
1.861819719996 
1.975371076507 
1.995053939598 
2.065515511073 
2.073954801854 
2.157428630862 
1.996810594882 
1.988696954709 
2.054483380027 
2.090746621866 
2.198388503980 
2.250237519724 
2.610912461895 
2.324539856788 
2.318589880421 
2.309251795559 
2.136489724557 
2.141003798300 
1.884337032964 
2.007555998399 
1.895822855997 
1.936477721783 
1.967602046467 
1.929016273220 
2.373081589128 
2.185809252723 
1.919958850868 
1.825471989710 
1.868686877043 
1.987933795343 
2.009002413994 
2.085572631187 
1.944568909985 
2.242467781719 
2.276591071830 
2.087797371441 
2.271738327434 
2.265339309403 
2.271561497173 
2.326979925306 
2.218983453307 
1.966999594275 
1.962275326750 
2.066156138866 
2.063438192903 
1.972836711210 
1.989523165148 
2.029433787161 
2.047042962183 
2.215962361535 
2.058389405855 
1.842363128234 
1.880622356133 
1.736829723681 
1.774386844745 
1.930833240252 
1.984073046476 
2.084704937777 
2.168254684312 
2.049724961156 
1.811187226006 
1.881004654535 
1.960286208694 
2.014015360560 
1.995670467182 
1.979783744273 
1.981281136648 
1.894363826210 
1.838145303491 
1.730213233638 
1.837460211274 
1.732115332790 
1.747990577237 
1.753651245117 
1.618695652270 
1.624956183189 
1.751597853502 
1.972089582015 
1.867347305340 
1.865506801833 
1.723562178999 
1.797415941365 
1.815817395030 
1.849208514423 
1.819197451768 
1.776475337416 
1.672245388290 
1.717049044170 
1.711052052096 
1.629970115859 
1.683303319086 
1.652622150653 
1.527561984576 
1.529775999595 
1.580560139802 
1.411462801245 
1.483020275357 
1.485077699774 
1.578836161631 
1.561564044835 
1.675716615690 
1.742949587638 
1.748169024726 
1.781799130408 
1.752805753893 
1.688100373600 
1.670777266954 
1.637102644873 
1.654356715608 
1.672502179355 
1.671698500174 
1.659049477375 
1.652688338821 
1.772935314411 
1.879004430566 
1.890605437217 
1.839849820330 
1.901096353684 
1.839730271383 
1.746808599746 
1.771602718429 
1.659524284375 
1.662529663261 
1.687709117234 
1.536771354306 
1.628535974134 
1.630418022991 
1.744985834332 
1.714972835003 
1.467569847437 
1.602266552084 
1.617999218713 
1.591946432004 
1.684773363270 
1.780025997814 
1.803530984576 
1.617242676816 
1.627357046461 
1.560464263910 
1.592082383784 
1.636965652337 
1.524645184145 
1.671592326421 
1.739973687413 
1.667409766412 
1.614275975117 
1.634480799959 
1.671987657964 
1.615874056566 
1.680940198496 
1.695862806792 
1.768293313830 
1.768055741651 
1.764201647815 
1.749238260778 
1.777610440785 
1.761427358604 
1.729324886144 
1.703778311125 
1.753609995766 
1.720300410621 
1.781682067884 
1.755902546124 
1.744410352344 
1.880523423618 
1.849684611467 
1.823297238686 
1.833227317357 
1.821335420294 
1.848934170747 
1.867208531152 
1.886517347758 
1.894600393119 
1.816015778388 
1.808313784052 
1.830857261831 
1.875088935410 
1.777627652557 
1.776101166751 
1.761511693326 
1.768834517793 
1.755530157620 
1.821462570658 
1.820206570319 
1.914334492275 
1.922161465691 
1.949359388139 
2.057984808879 
2.113085787009 
1.986332582434 
1.954838629551 
1.943433434600 
1.986472280982 
1.861157532631 
1.901635477556 
1.828109617410 
1.815415429990 
1.784965901858 
1.842445028049 
1.842815591514 
1.851835102085 
1.778653675089 
1.776931400437 
1.745420672675 
1.829373280501 
1.728595630301 
1.642540983164 
1.654445406501 
1.662220068846 
1.657907194530 
1.683728582865 
1.650334975401 
1.600106659122 
1.629088700204 
1.630377783882 
1.612852994392 
1.627985221271 
1.660506901315 
1.660506901315 
1.631554336041 
1.539669593074 
1.493599991854 
1.446392936742 
1.553532750449 
1.557583910481 
1.560355105818 
1.482050115581 
1.479822663378 
1.444932044820 
1.379890844465 
1.418448916290 
1.496560545377 
1.428078775598 
1.503569697622 
1.604261415604 
1.588505263538 
1.585746446170 
1.562871820205 
1.609670068538 
1.521883270330 
1.625270144140 
1.547761563523 
1.462786430524 
1.495532863425 
1.504145556393 
1.537354005616 
1.522962564836 
1.500977092995 
1.513596871524 
1.491053342412 
1.561602925961 
1.551370733721 
1.571070049301 
1.556180755306 
1.620485357283 
1.513824577829 
1.571073725196 
1.627675931331 
1.617767563289 
1.618496329564 
1.577333435117 
1.555520355348 
1.487956647888 
1.541810909620 
1.583856169438 
1.598375712743 
1.652553521898 
1.753495104523 
1.732397146316 
1.729967900033 
1.723361229951 
1.725938183866 
1.753927927843 
1.828107067264 
1.783817782755 
1.740714016039 
2.038176725112 
2.315352974440 
2.373985068519 
2.155154714291 
2.169053242376 
1.689074228941 
2.066194628638 
1.992151196492 
1.978399976155 
1.901680437105 
2.051324391391 
1.951223939192 
1.977029548541 
2.084759449669 
2.049232995578 
2.077614385462 
2.132120587786 
2.096240801408 
2.042449008877 
2.080711582631 
2.159973457591 
2.017311859446 
1.889042384080 
1.711028941461 
1.743516619872 
1.754640015068 
1.684328487015 
1.708022907950 
1.659148491098 
1.556528751768 
1.658136678738 
1.684117407880 
1.557804216597 
1.444493005894 
1.569760579720 
1.679286851987 
1.722364623781 
1.879697258009 
2.000825181084 
2.128814873487 
2.112097058180 
2.207140049872 
2.278004631756 
2.091866056728 
1.991602165227 
1.999420891916 
2.066158420060 
2.117741926476 
1.963075255058 
1.802309789779 
1.972234773715 
2.126916610107 
2.005896544353 
1.907634355954 
2.004107487869 
2.036105892642 
1.954122057455 
2.040866160076 
1.931938599264 
2.154516688574 
2.165637379006 
2.115364743843 
1.908496686618 
1.818153661694 
1.913934928346 
1.750572722093 
1.555206156474 
1.812828134820 
1.712231306547 
1.636553604203 
2.037637950529 
1.888944668091 
1.920790003011 
1.878920651143 
2.027081461345 
1.986500475915 
1.868775332868 
1.745272207357 
1.787538692826 
1.712277633294 
1.766038157010 
1.793717354677 
1.776964904643 
1.685941931970 
1.722265128523 
1.654241374706 
1.616537149080 
1.591394792266 
1.642324590729 
1.725471840574 
1.651810015606 
1.663728308594 
1.661584614973 
1.661668144284 
1.674731145633 
1.682456087598 
1.769500121857 
1.959343501441 
1.973432912616 
2.188785804853 
1.995530447083 
1.659984226650 
1.659959162087 
1.703886249331 
1.886634507743 
1.645035591254 
1.731372428037 
1.722002554090 
1.706619790711 
1.511230126470 
1.679963241231 
1.556599063278 
1.639351344143 
1.629831941768 
1.684400684509 
1.637851231553 
1.574861826731 
1.767729183801 
1.469499941851 
1.758637027998 
1.791123901559 
1.734575908811 
1.818413472788 
1.808987872242 
1.793148423394 
1.835913977304 
1.886074435737 
1.922726688095 
1.794484717498 
1.847314709742 
1.805280651710 
1.792305405547 
1.879552826742 
1.912977684794 
1.905529860802 
1.858047620512 
1.798589479465 
1.767751110533 
1.680400037915 
1.605103200336 
1.490526059731 
1.720017459060 
1.627974687735 
1.642743529692 
1.682102538640 
1.753782387035 
1.732359095607 
1.652199353262 
1.684429048730 
1.649672375178 
1.619577963877 
1.648245256487 
1.716586256198 
1.671555655532 
1.732628884131 
1.754328428117 
1.907123910025 
1.986074503230 
1.985917696587 
1.951768920328 
1.927549958291 
1.963063582958 
1.773492127677 
1.757521927691 
1.630021048258 
1.646089848641 
1.662588635779 
1.626884549661 
1.786092887955 
1.822000344880 
1.921778346183 
1.902987138774 
1.879874444268 
1.767383366037 
1.713158143215 
1.755288407543 
1.819579887429 
1.940499475430 
1.917543655169 
1.793240447641 
1.860928483073 
1.823482206151 
1.720419403122 
1.728232772938 
1.714231083723 
1.746012652191 
1.754693405289 
1.855880565689 
1.825852855268 
1.815072343925 
1.807175383558 
1.721302380189 
1.685162751968 
1.762891773868 
1.736579960428 
1.818893659856 
1.721430839684 
1.611488531477 
1.767865883730 
1.759742454034 
1.770134312707 
1.864978637020 
1.975283431397 
1.954519497427 
1.862611036871 
1.811874656401 
1.789083518736 
1.841851795639 
1.705693409890 
1.640975487149 
1.586678504515 
1.616882978007 
1.618671987898 
1.649117176405 
1.645150835721 
1.612142934589 
1.736155262634 
1.760197827725 
1.838176840708 
2.004278791416 
1.969784462330 
1.829838453368 
1.833758863004 
1.868980251172 
2.041079184884 
2.122375836944 
2.215719282728 
2.269777066592 
2.224147734816 
1.988545762335 
1.935845888908 
1.936495068581 
1.987847045077 
2.082083143686 
1.943366589023 
1.882930588605 
1.683867930904 
1.902350860034 
2.087224105479 
2.013557427983 
2.146598057066 
2.096525825303 
2.093214604479 
1.991471609349 
1.975703341133 
1.902858258514 
1.858167188766 
1.718171432743 
1.761201936946 
1.778857156492 
1.835483641671 
1.774735909634 
1.709668883252 
1.900620346172 
1.902405357292 
1.680460342252 
1.684565766805 
1.882806810638 
1.940564337363 
1.950324343100 
1.886773822517 
1.966233987603 
1.988911644929 
1.941433443971 
1.984273060240 
1.886039661601 
1.933239377813 
1.886287986868 
1.850714359109 
1.861848921835 
1.848001186457 
1.858638880694 
1.800545280100 
1.750038702930 
1.723061161177 
1.686003579496 
1.594215047037 
1.722151705921 
1.696845940100 
1.687734862604 
1.780852717557 
1.769263159248 
1.614325910100 
1.712272372183 
1.780225645365 
1.770868557640 
1.764534406580 
1.675839107247 
1.663186037674 
1.663798932544 
1.656797253368 
1.705083850447 
1.750624183849 
1.705417972405 
1.693084159469 
1.678992655495 
1.698604277166 
1.694042857167 
1.610880137258 
1.551330674402 
1.659721395618 
1.902016411446 
1.919137094363 
1.912054436622 
1.933626705821 
1.977439000964 
1.980777205283 
1.887024185580 
1.766599583415 
1.697237549679 
1.686367405370 
1.629926812286 
1.675699267819 
1.696534297339 
1.675468282808 
1.730541886743 
1.690365617527 
1.733478714738 
1.609927427662 
1.675483711257 
1.532593203638 
1.566376778114 
1.460836764500 
1.373017751642 
1.551706429586 
1.463841996783 
1.527717247212 
1.547040422897 
1.476840707372 
1.661305781326 
1.658825300634 
1.809664526727 
1.598544778773 
1.529045940850 
1.503136666913 
1.576758504225 
1.705126688302 
1.615915027107 
1.459329907913 
1.576475046841 
1.587254008873 
1.634441243637 
1.642607938747 
1.636480943432 
1.651162248972 
1.705555129893 
1.670821631817 
1.799853816750 
1.686480531962 
1.668616232292 
1.737628660116 
1.745541702239 
1.766959731734 
1.811988104251 
1.734501980200 
1.622193882451 
1.774775028606 
1.770041909331 
1.819819675577 
1.792449144271 
1.801095280395 
1.775971613343 
1.667533948608 
1.671827931849 
1.683002066126 
1.724836359864 
1.824012990913 
1.823371369878 
1.837482322088 
1.842006832838 
1.872027040847 
1.890057817684 
1.917697667360 
1.979920004354 
2.127907101565 
1.956123287614 
1.958194861488 
1.995748840228 
1.940861072128 
1.746391350488 
1.829225340454 
1.824047436799 
2.073194748273 
2.106028306454 
2.058793166674 
2.018696900401 
1.736704607679 
1.736867189973 
1.750814950594 
1.699894081495 
1.775741623160 
1.669523109430 
1.709266913413 
1.829902395674 
1.784403421713 
1.643169115239 
1.832351657106 
1.772507038885 
1.963770768951 
1.953593119630 
2.062142570637 
2.142154462674 
2.038823214291 
1.976711986757 
1.784796537588 
1.683887819624 
1.845604164458 
1.904180906910 
1.912102491239 
2.007679657837 
2.101131697706 
2.139454498991 
2.256284602867 
2.167929540368 
2.032167847859 
1.951733532303 
1.832898591396 
1.895721111657 
2.074554808186 
2.038562296685 
2.067005616622 
2.101959476095 
2.000462706887 
1.788301972793 
1.657198230930 
1.955495668306 
1.933694976321 
1.831746342501 
1.845664559937 
1.807378364469 
1.741238805093 
1.728202354956 
1.711672225458 
1.831300109251 
1.693099850988 
1.738736840579 
2.076964135783 
2.026400409464 
1.932020078658 
2.010731551801 
1.934051233282 
1.925717990142 
1.784703862423 
2.038509903492 
2.086658287731 
1.892902113891 
1.922763935720 
1.712508091614 
1.768840170057 
1.988379283237 
1.778392837979 
1.727487554714 
1.672410088723 
1.737342373046 
1.693887269748 
1.853942713040 
1.878766916013 
1.901568012165 
1.877771528650 
2.037403487091 
2.470671006655 
2.062482151950 
1.908007644201 
1.953386673086 
1.894130359595 
1.848606382949 
1.760096301409 
1.757493919748 
1.616105835704 
1.564981001621 
1.594572887777 
1.679140354253 
1.622402448893 
1.760654239620 
1.847333022075 
1.979510901476 
2.078989417317 
2.103683703947 
2.214635010584 
2.199780395556 
2.292859397103 
1.931016997645 
1.906027233732 
1.817805413480 
1.602828053372 
1.771229698196 
1.865233010093 
1.894011082677 
2.015932113419 
1.849265907840 
1.654563327055 
1.676425462635 
1.672353388535 
1.757513887224 
1.763015769179 
1.665281607445 
1.678556317248 
1.656149666806 
2.037053566853 
2.154936104787 
2.133816064580 
2.160242217458 
2.120633133071 
2.021777942441 
2.066668294585 
2.103458695437 
2.100692056113 
2.016327365951 
1.920803123094 
1.927602399216 
1.857857445797 
1.887360222273 
1.792123984342 
1.594744764982 
1.386747888268 
1.711108193065 
1.699311384209 
1.996120035263 
1.937696467579 
2.005073899243 
2.208231977372 
2.078509732013 
2.132458808712 
2.027598534138 
1.910178680802 
1.867417889442 
1.811213800875 
1.796974848566 
1.937813700236 
1.947321919187 
2.129519031816 
2.175262013363 
2.047098549368 
2.018162519669 
2.108511666258 
2.186331714228 
2.039610515556 
2.018564400219 
2.058715945098 
2.283795497049 
2.040489512785 
2.094185173510 
2.096220722620 
2.114201058986 
2.010928605562 
1.994996027074 
1.976131747932 
2.062706253356 
2.042791865031 
2.073348135076 
2.185688942148 
2.190859671664 
2.017609544500 
2.042401507911 
2.076970977064 
2.141534627581 
2.201848543333 
2.083666119341 
2.000637200467 
2.178526987874 
2.085585688685 
2.072740592020 
2.214401878058 
2.147742317049 
2.220131130606 
2.097312955035 
2.200151035735 
2.147740079268 
2.120788515949 
1.977655309208 
2.096246637749 
2.067023613645 
2.270515173331 
2.330248969917 
2.100978132882 
2.093971059097 
2.128480649593 
2.019117000571 
2.039080858846 
2.003940476961 
1.844938215320 
1.975135730883 
1.951032729767 
1.942211359556 
2.165088270150 
2.435356344834 
2.242408660424 
1.956186424750 
2.060621233310 
2.182772161439 
1.853817011158 
1.791617432511 
1.857278293784 
1.705912849242 
1.679103066302 
1.646589035826 
1.689993279684 
1.743070083404 
1.745374366307 
1.724220230621 
1.695846872423 
1.690150492948 
1.702620146493 
1.601140726196 
1.770588867506 
1.933681698713 
1.944723818584 
1.895068310433 
1.931252848032 
1.896303538761 
1.854728453223 
1.900096312173 
1.839988294560 
1.780709277301 
1.779936529950 
1.794301014264 
1.809927589209 
1.873647131392 
1.861317091843 
1.891969155399 
2.008430410257 
2.043031199236 
2.058238342506 
2.213931503208 
2.155113258636 
1.996405593995 
1.999937631775 
1.930180294761 
1.856522303235 
1.845927326341 
1.603863388541 
1.489516146695 
1.480555672533 
1.457575930306 
1.600905344444 
1.680732069928 
1.761672149556 
1.845379263847 
1.820817760177 
1.929227524833 
1.904995587062 
1.946292778546 
1.907882833621 
1.933861425347 
1.964494066374 
1.982395327545 
1.956166520904 
1.948047353582 
1.958525054804 
1.958828114926 
1.984688697710 
1.908773542498 
1.880788023084 
1.913813396509 
1.887528592983 
1.882447682916 
1.857501278666 
1.851137153158 
1.871879325463 
1.801461340374 
1.823491137324 
1.796998067607 
1.764604125829 
1.777400959265 
1.661401132553 
1.654218590540 
1.635506022545 
1.661080104372 
1.754868890408 
1.771877221225 
1.800564182951 
1.848395933619 
1.884187278213 
1.827429678368 
1.825529502985 
1.854919435566 
1.853493631965 
1.810763195258 
1.777640114787 
1.736005770224 
1.732592601760 
1.718913528339 
1.692322506661 
1.655607529520 
1.677003930144 
1.694973320344 
1.757938632384 
1.728311827089 
1.724375306871 
1.710961095413 
1.717156202389 
1.700229767264 
1.680377995737 
1.746151196461 
1.755639630179 
1.771132973563 
1.781688728655 
1.716282922672 
1.514208459851 
1.494799444949 
1.420443652351 
1.438650921796 
1.683151025353 
1.716205610689 
1.721919910603 
1.608543056618 
1.695484057742 
1.681609858847 
1.666694693459 
1.706441353365 
1.697946334199 
1.863143041062 
1.675661203538 
1.663589890029 
1.676422739449 
1.671197885401 
1.625235245733 
1.608316273709 
1.548693710564 
1.665555380567 
1.555716264836 
1.609174696975 
1.563591710384 
1.700302024488 
1.542074490650 
1.587682904224 
1.555018469780 
1.576330917343 
1.466736060676 
1.568360023950 
1.565176528257 
1.550125951565 
1.534538263098 
1.502851040574 
1.489523789692 
1.568469795076 
1.522278583924 
1.597587724554 
1.562484293021 
1.569472655276 
1.658090903856 
1.806592952809 
1.795817518380 
1.817329408176 
1.827957167337 
1.813553400503 
1.810795566768 
1.792780823650 
1.781083109603 
1.752692717125 
1.781084969536 
1.804477007381 
1.814466777638 
1.829250782359 
1.711697955188 
1.715544330472 
1.543606468582 
1.658935136914 
1.574863211130 
1.571716863608 
1.645566006591 
1.528036866261 
1.445465525320 
1.409291467792 
1.626063537547 
1.667039940584 
1.557820806139 
1.938408276002 
2.056279891356 
2.143309174115 
2.213160746090 
2.205376511509 
2.232298747954 
1.988769299183 
2.071131080044 
2.238414149374 
2.324655933016 
2.370959214136 
2.277060400273 
2.539411323393 
2.183779212867 
2.258676965803 
2.405705779838 
2.183385829099 
2.051455996541 
1.757017259795 
1.855675567909 
1.973075620016 
1.891287705139 
1.829884048138 
1.790765339894 
1.989290232323 
1.821242084810 
1.584231184900 
1.559763177859 
1.632988059357 
1.742327586281 
1.754996199442 
1.753262623409 
2.157576854940 
2.147637961495 
1.967434513921 
1.976893205058 
1.864472331732 
1.967156558729 
1.759793285674 
1.741105861495 
1.758031183873 
1.986501713494 
1.642868526784 
1.560027964061 
1.542566191191 
1.444953434591 
1.595806133550 
1.536278895617 
1.647630768725 
1.830669113624 
1.690204499460 
2.189664568635 
1.999911314049 
1.974089279451 
1.965464618646 
1.955703592959 
1.841650265787 
1.790563968884 
1.867799492248 
1.856653899618 
1.829075720686 
1.824397454378 
1.887880571278 
1.970312265996 
1.746719691790 
1.891965217641 
1.866858498034 
1.851195570324 
1.887306244703 
1.837807758840 
1.971575865349 
2.059899686022 
1.962290737711 
1.985216372506 
1.882257638152 
1.736229292508 
1.821632865921 
1.745045208033 
1.785102594192 
2.030853450947 
1.947620820473 
1.949696850739 
2.032320177723 
1.943732976831 
1.934770311336 
1.928360368278 
1.955513918246 
1.952820643262 
1.973589227675 
1.891611612681 
1.890309782980 
1.871704568385 
1.820847162673 
1.828234584722 
2.048180013480 
1.892448159134 
1.927204159957 
1.910712965788 
1.855240570307 
1.784652186910 
1.734297902405 
1.893067685294 
1.872265726425 
1.855234674173 
1.728514596040 
1.662275542280 
1.722192618697 
1.702497874209 
1.799598276181 
1.685271236951 
1.686702924880 
1.788740181024 
1.851234208832 
1.756039852733 
1.718547914439 
1.620205470768 
1.758031987253 
1.694567082107 
1.652267897966 
1.761931398037 
1.898792576136 
1.859241207070 
1.727809238512 
1.712425842988 
1.802016114295 
1.832556714273 
2.039593878671 
1.813564381578 
1.753567891740 
1.737960074233 
1.696605240918 
1.768832652004 
1.773100616759 
1.773100616759 
1.776899331073 
1.746103196013 
1.773524445384 
1.772643459485 
1.756175352547 
1.849106224979 
1.920367364005 
1.864139161773 
1.925545115230 
1.494414047635 
1.632749396451 
1.900569307738 
1.757085884871 
1.686306662105 
1.768425832162 
1.692871177012 
1.615700221859 
1.561783519711 
1.586973867074 
1.723239326652 
1.837974862683 
1.870058595357 
1.891154074633 
1.947008030062 
1.977072810466 
2.151998522696 
2.276800703196 
2.135307562424 
1.962417578110 
2.013012373811 
2.056980126857 
1.849730254416 
1.624529993578 
1.666504477705 
1.653152478627 
1.728701327837 
1.763522259524 
1.408585372419 
1.532269911612 
1.587335133060 
1.625925612933 
1.623999558492 
1.702947451692 
1.754196817189 
1.841278530115 
2.092684652894 
2.107637381894 
2.077411907089 
2.211572370865 
2.359434490391 
2.101981707481 
2.113814422156 
2.168182659317 
2.182504831651 
2.018671563940 
1.962173032892 
1.909350293706 
1.941836356610 
2.012529258209 
1.756796536652 
1.732258985803 
1.832281598345 
1.907702519794 
1.904534446120 
1.907777507214 
2.014693747270 
1.847380997539 
1.795071844791 
1.707629260692 
1.624148395217 
1.591038722212 
1.704764676732 
1.687257342614 
1.751032312697 
1.800849484790 
1.818748988245 
1.917452003854 
1.996260090721 
1.939640141898 
2.094479972580 
2.070517876295 
2.226786181182 
2.204010247963 
2.176092583643 
2.084018796112 
2.025398270088 
2.024843330927 
2.034957305430 
1.973995090296 
2.008404265287 
1.905265200924 
1.826382794197 
1.925454509218 
1.879593206076 
1.881870773912 
1.836298317523 
1.975348042890 
1.952691840082 
1.948081442044 
1.996129430085 
2.030741760628 
2.118211678448 
2.084014660084 
2.018900937614 
1.855449506635 
2.042829328624 
2.134719788399 
2.102132887482 
2.132812497467 
2.173438883355 
2.177828510072 
2.115662280057 
2.097134417366 
1.858142020667 
1.796640184349 
1.971786769416 
1.824009456879 
1.888561004440 
1.899526759112 
1.888903343358 
1.818371053706 
1.810893768597 
1.925838627645 
2.064024755319 
2.179743390210 
2.142503966867 
2.142503966867 
1.912412311107 
1.935143015707 
1.938904177980 
1.956193401478 
1.968176081363 
1.936300068816 
1.936454828020 
1.979333652989 
1.882010332498 
1.938853170872 
1.966910258767 
2.036311466735 
1.999580401074 
1.996213878549 
2.057876220066 
2.001384183550 
2.025339960133 
2.013125311944 
2.002259615581 
2.043343473674 
2.108707595641 
2.105852751993 
2.118195611460 
2.144854820966 
2.013581641892 
1.705737261230 
1.703421360397 
1.700070686144 
1.688127429034 
1.634850950961 
1.638397845498 
1.642296046911 
1.632150506294 
1.632150506294 
1.661528469173 
1.594104205969 
1.584098996274 
1.575964090543 
1.483628566393 
1.532556267941 
1.604774926663 
1.574140396031 
1.666081484247 
1.652006908991 
1.670998645358 
1.674049117641 
1.678531712279 
1.709123964836 
1.667937733831 
1.664753104953 
1.776268727877 
1.772777837480 
1.776650321905 
1.800988745962 
1.833193911390 
2.010868574854 
1.930487816986 
1.955829197145 
1.971602244423 
1.963041310106 
1.986770760959 
1.873077240264 
1.852579781715 
1.740081074590 
1.753384300655 
1.727418760926 
1.721204875966 
1.742178323895 
1.889757532001 
1.897882514462 
2.045947564621 
2.001476639654 
1.927453395949 
1.855212556496 
1.925185173841 
1.890538026690 
1.950263404290 
1.983804746616 
1.992695317647 
1.774536538562 
1.749054945741 
1.781693949354 
1.735340042978 
1.790457551693 
1.748961682511 
1.755775618216 
1.793928133808 
1.778782797168 
1.776817963908 
1.808829261125 
1.874651750614 
1.911010333827 
1.889669860013 
1.825597336011 
1.816401555130 
1.808184560861 
1.805408608141 
1.741145847982 
1.875652336325 
1.909112738313 
1.875184032650 
1.963542745892 
1.824112915145 
1.812081712632 
1.795368259808 
1.780680017515 
1.833999377239 
1.858788662816 
1.837165415509 
1.827106460894 
1.899230132143 
1.852376163702 
2.022499670672 
1.841687511143 
2.059879067124 
1.779237027243 
1.603124992630 
1.462669890874 
1.677762549047 
1.613261687656 
1.625207839453 
1.536751379477 
1.630449274081 
1.793479595557 
1.798484178263 
1.697401815064 
1.790789506506 
1.818634842980 
1.876910159773 
2.069920996384 
2.037462466959 
2.086833795315 
1.962315516353 
1.995250675701 
1.956219358935 
1.917370941823 
1.717468073184 
1.801306542487 
1.813951480885 
1.947409978137 
1.730796094443 
1.690417803103 
1.784435390987 
1.709683311315 
1.777497102048 
1.808849958857 
1.941799739336 
2.232474723159 
1.964942228532 
1.768621331265 
1.734684358612 
1.748976263529 
1.742353422924 
1.757395822486 
1.845014396386 
1.831011542573 
1.782098987773 
1.721719887586 
1.743597195376 
2.089381520054 
1.879806830898 
1.998298374187 
1.971157329282 
1.816210643111 
1.807716178809 
1.880496851924 
2.159615143427 
1.657052866776 
1.744438131581 
1.767510074303 
1.709585977739 
1.760648547270 
1.720273292127 
1.635699802050 
1.570989225090 
1.697545505957 
1.642014215000 
1.595804502061 
1.560275073052 
1.673816065976 
1.704596044620 
1.736337181832 
1.665069008134 
1.700742949989 
1.663306144752 
1.590964117053 
1.567960131919 
1.462531900933 
1.513203415524 
1.651474655199 
1.657279829932 
1.676251848159 
1.685598153266 
1.718851152207 
1.607758888113 
1.710648214591 
1.779040749946 
1.812087715016 
1.826509705972 
1.949342795565 
1.699503321969 
1.653617834455 
1.576324301987 
1.607535376567 
1.559580212779 
1.807739857574 
1.740297472830 
1.689093521780 
1.705052786472 
1.809976373705 
1.674494155809 
1.666955180160 
1.815432431390 
1.797170359277 
1.711568841655 
1.744318046291 
1.719633248480 
2.184486062442 
2.350277790429 
2.317297023355 
2.142920608964 
2.163386422546 
2.110343424429 
2.041857255592 
1.951718870762 
1.991645574398 
1.895502433026 
1.860017651204 
1.793722270863 
1.916745193380 
1.881239621327 
1.698942519338 
1.895624871111 
2.063428358737 
1.763377695379 
1.828267381481 
1.823365332337 
1.771155583577 
1.718611285367 
1.701995859396 
1.720416991404 
1.775549693665 
1.777229822222 
1.681681265865 
1.716147133809 
1.646943263079 
1.805487164005 
1.817439615631 
1.520937141169 
1.703080862455 
1.697521829396 
1.589665649359 
1.686997866231 
1.762380686007 
1.738042858686 
1.839006906796 
1.766112217090 
1.664196213934 
1.700194278365 
1.674866863183 
1.906425098178 
2.245602252243 
2.085512228784 
1.791313555257 
1.837204804794 
1.895426760456 
1.930440197337 
1.986280466763 
2.006984944494 
1.913439436656 
1.906548123738 
1.945619002613 
1.999689143592 
2.054626327030 
1.925752805760 
2.022643299629 
2.077270200618 
2.032552805309 
2.000734589187 
1.818223486237 
1.751256663267 
1.893717448944 
1.813863816519 
1.676434833666 
1.807188813452 
1.777153745287 
1.781732307863 
1.809997409544 
1.773316491887 
1.956417370414 
1.992904602884 
2.039369418422 
2.121999699780 
1.931824031250 
1.938270019248 
1.935507465264 
1.900648862860 
1.847742681789 
2.219360785878 
1.921033241034 
1.880408607756 
1.967105291120 
1.974637910641 
2.036423233024 
2.032031339119 
2.099881524313 
2.006429771050 
1.998934131154 
1.969906317009 
2.024226856058 
2.091141937329 
1.901113649540 
1.946587737340 
2.135472943426 
2.149645664598 
2.129381386964 
2.136728572957 
2.025445581872 
1.877354472474 
1.940689868690 
1.989262129484 
1.942308488312 
1.804541676251 
1.771388005671 
1.719473158948 
1.785423156781 
1.844023628072 
1.839206060306 
2.120450143356 
2.155775688969 
2.172013187076 
2.122176948167 
2.176462005792 
2.328977977629 
2.081249141390 
1.982507894207 
2.030970867215 
1.933567956601 
1.740949563604 
1.778285316390 
1.769077605460 
1.883575109760 
1.897565288953 
1.846023377587 
1.986262465397 
2.040334163838 
2.005795984212 
2.073646965801 
2.022103625244 
2.077057628939 
2.194191845470 
2.136941742884 
2.170517121301 
2.214483232937 
2.218034657364 
1.929899903480 
1.913938094809 
1.810778914923 
1.819687830579 
1.982474006095 
1.914894056321 
2.107842701463 
2.088646345008 
2.090482236530 
2.149476646135 
2.169649841505 
2.170787070048 
2.041096761939 
2.013539088432 
2.091964999961 
2.125957896924 
2.123930415246 
2.078593458293 
2.047122592931 
2.054148190475 
1.938937896252 
1.996590535236 
1.981184571922 
1.913848882317 
1.915155734374 
1.916947611687 
1.828544475385 
1.811123536079 
1.818749034032 
1.818533838220 
1.744623196112 
1.738593217901 
1.841274188589 
1.805739228730 
1.775251398375 
1.743653733878 
1.705433724895 
1.774541865049 
1.836087991262 
1.772141598298 
1.894173157182 
1.966758777111 
1.949650180705 
1.978933449905 
1.984756274780 
2.049351915733 
2.053950481478 
2.007654808771 
2.003137361464 
1.991745639385 
1.995343359055 
1.942305049659 
1.937977534705 
1.944735271163 
2.019067554659 
1.988203476276 
1.976284410058 
1.911563310732 
2.009907734561 
2.039174518926 
2.089204349836 
1.924332161614 
1.914955672652 
2.070825401528 
2.146352931896 
2.100957272905 
2.191488025000 
2.393459018623 
2.232336707959 
2.199761349999 
2.236953206554 
2.160217984988 
2.202767077712 
2.148051770932 
2.144170586449 
2.187331915813 
2.068250298733 
2.111564814550 
2.027618203215 
1.910529718857 
1.746996557444 
1.736629664356 
1.698592695072 
1.690404116123 
1.721231379988 
1.716606631889 
1.693652388706 
1.697606668867 
1.719080109335 
1.705578181117 
1.772602435062 
1.785037954950 
1.750910613714 
1.636697930776 
1.606595411107 
1.612475731490 
1.561551116911 
1.707057248006 
1.740588155683 
1.744180701113 
1.951142214721 
2.052628208654 
2.014566840178 
1.964875911918 
2.028167021354 
2.017208182569 
2.025443598374 
1.964842200347 
2.004838110970 
2.021204582058 
2.074605096418 
2.082622570290 
2.033916298795 
2.160900892127 
2.156998266281 
2.035377998433 
1.985206192850 
2.047874784170 
1.982954752202 
1.985800397307 
1.953587129149 
1.959090538655 
1.960392894944 
1.958061994488 
1.945935153458 
1.942570027289 
1.966048457725 
1.918844118504 
1.916676751292 
1.981365682689 
1.985911389739 
2.058052208792 
2.040289673410 
2.106054924046 
2.090844072569 
2.016611612370 
2.085965359369 
1.757378260194 
1.916475442432 
1.898659230744 
1.948792686763 
1.948551054413 
1.699854974066 
1.721330112573 
1.882863711281 
1.775362822630 
1.888774230729 
1.916305687741 
1.930493570840 
1.953975187988 
1.861150233363 
2.017345617657 
1.989047920023 
2.034204001543 
1.886230360361 
2.070025681008 
2.151651784224 
1.812352747529 
1.871103237260 
1.880052214150 
1.804419256315 
1.936630025340 
1.888945803348 
1.893585574160 
1.659541501734 
1.760391018309 
1.799868806103 
1.942317356697 
2.040356455032 
2.166080411398 
2.287336973949 
2.208995733654 
2.009436983499 
2.166092465736 
2.220704749784 
1.901463627571 
1.998673808977 
1.981715486303 
1.959280423972 
2.107298802987 
2.053860525634 
2.142385875123 
2.253722106821 
2.202543371670 
1.920900366344 
1.796369489106 
2.190120496106 
2.185285994932 
2.146554915350 
1.927072825229 
2.134361246211 
1.896815324243 
1.590463695677 
1.794721950175 
1.798697033182 
1.806976843471 
1.799296538568 
1.812197935802 
1.772778920422 
1.586134730408 
1.659829875375 
1.653861846204 
1.886610017799 
1.813196495108 
1.795196187104 
1.742032841153 
1.680909606602 
1.804737616389 
1.795376955796 
1.861998354848 
1.833323133868 
1.845816207218 
1.700230838500 
1.609261112884 
1.654642712573 
1.931257895344 
1.976080377496 
1.950334522458 
1.958514735853 
1.992116544533 
2.388090006667 
2.416097553078 
2.296107917951 
2.291627880789 
2.229386670660 
2.181383927287 
2.140857983699 
2.146792654364 
2.256648821022 
2.250371376114 
2.103563609376 
2.097700276212 
2.159681273207 
2.151947485790 
2.106169723523 
2.096741418787 
2.062087448177 
2.069899212527 
2.157355780049 
2.009716061302 
1.982346313810 
1.970812626650 
1.889573255138 
1.773056343963 
1.861876971829 
1.811719202087 
1.767880871483 
1.851951138937 
1.789528749666 
1.823865508162 
1.618503604330 
1.708612300309 
1.938896918293 
2.012140626888 
2.066029911035 
1.693491253619 
1.677725955888 
1.722620011197 
1.746243273130 
1.660237487295 
1.683059439962 
1.543907678290 
1.465702881396 
1.721686972164 
1.742948219896 
1.705653143039 
1.705213949003 
1.664778761641 
1.761907179755 
1.837128647101 
1.780483621692 
1.959806940139 
1.904633280268 
2.003299730801 
1.738961663385 
1.620631139335 
1.725589724446 
1.736480578401 
1.729242452200 
1.709005470185 
1.658981030726 
1.718989938054 
1.790610427511 
1.894862068723 
1.873568057902 
1.861293173615 
1.859611565337 
1.832520869847 
1.874704396103 
1.804282898063 
1.889517872996 
1.867650709411 
1.749942863115 
1.859313985461 
1.890910875229 
1.892388331317 
1.924939574018 
1.912917386701 
1.984734557194 
2.007281936118 
2.013540272390 
2.075138678995 
2.100769486523 
2.113315089100 
2.076766268338 
1.951273902536 
1.971645291647 
1.937613173040 
1.867891620502 
1.877353832846 
1.888998728922 
1.856112153247 
1.910914963581 
1.880590857113 
2.001876186941 
1.954012730168 
1.954466567341 
1.976403939067 
2.057276634315 
2.121437589668 
2.094248919549 
2.167835594248 
2.158351718078 
2.150135553586 
2.126471236774 
2.075228276564 
2.080481339687 
2.027251366946 
2.002297820987 
1.863633122265 
1.748721800872 
1.710171394404 
1.734787785444 
1.754403190312 
1.769095916662 
1.803743827033 
1.812902584348 
1.801323297899 
1.661492405001 
1.906686870449 
1.829982338177 
1.882558018631 
1.737397646824 
1.570588078169 
1.780468360227 
2.030345406881 
1.990308362142 
1.914279694147 
1.998223957155 
2.004851815133 
2.144339632214 
1.897780122854 
1.953042959603 
1.913770403458 
1.873072571979 
2.044734269173 
2.184390064145 
2.174729304728 
2.031020179547 
2.107534596329 
2.037542455210 
1.769947235087 
1.674289503346 
1.668114695660 
1.756103718563 
1.757250266394 
1.733418052095 
1.754455027238 
1.746760319009 
1.625859336079 
1.582820186398 
1.597060807308 
1.613991997726 
1.540224533078 
1.644869721580 
1.481726694887 
1.780001443863 
1.632909748971 
1.389280438657 
1.589850308540 
1.646667648539 
1.770000704006 
1.840915128435 
1.752691393754 
1.843910086775 
2.076112658348 
2.149195227608 
2.109996526153 
2.133297040749 
2.049356583248 
2.056843170812 
2.005950322529 
2.099257663506 
2.113814992073 
2.204680534309 
1.981990469944 
2.032280862050 
2.079953587282 
2.133775417116 
2.123153316811 
2.137974976952 
2.089693059490 
2.235959351478 
2.111837810254 
2.044747055201 
2.104409955130 
2.188498511781 
2.304012826431 
2.185724923627 
2.211658628627 
2.038451318692 
1.997198493943 
1.980885175918 
1.949843395834 
1.894370175437 
1.879796274381 
1.840922488559 
1.826328952786 
1.845295758516 
1.853951615050 
1.834442342284 
1.856912578116 
1.920991031330 
1.931939824293 
1.962973935883 
1.853766199305 
1.848056936162 
1.873041125808 
1.916304990820 
2.060006812665 
2.014841002140 
1.995068708893 
1.990994782915 
2.009852428821 
2.099744571146 
2.201635304914 
2.504218443199 
2.437772075153 
2.345321058047 
2.313218640567 
2.250100946210 
2.376301502918 
2.370691216188 
2.303067159962 
2.329530326192 
2.192183989420 
2.180761398424 
2.150366247504 
2.169909331635 
2.141946706359 
2.139057715767 
2.139236687018 
2.244602604384 
2.220388619524 
2.178481055562 
2.101283190500 
2.071544621414 
1.974086498659 
2.647646920849 
2.342674286595 
2.254855383030 
2.262217984828 
2.529731610594 
2.562582097673 
2.339450861962 
2.258963426200 
2.179744063672 
2.214209738946 
2.247940958177 
2.161229924789 
2.337464913619 
2.271758423691 
1.959222044347 
2.047623026505 
1.908904158878 
1.865335962782 
1.927363999827 
1.958379318777 
1.936351807190 
2.012584277700 
1.944399708593 
1.955129069598 
1.964657777458 
1.928060356452 
1.985524654624 
1.960188971212 
1.828290123042 
1.744158683371 
1.809676399941 
1.807974260445 
1.786058131612 
1.778100423565 
1.701979523687 
1.746893667493 
1.671987281578 
1.742249601461 
1.740666628517 
1.686997301143 
1.707451306715 
1.734365482928 
1.761553241515 
1.771500333980 
1.761666735057 
1.817216030934 
1.785734510874 
1.899350229872 
1.918371825462 
1.959865954971 
1.958569764294 
1.934972929040 
1.939741439786 
1.944231088979 
1.947513511458 
1.987717241927 
2.085198247750 
2.173625126407 
2.110755337246 
1.823199259611 
1.804643354802 
1.914389196310 
1.931014061614 
1.957793878193 
1.876726492843 
1.712291774882 
1.679524380942 
1.683065606226 
1.684189694330 
1.603354142309 
1.602773898861 
1.601690776573 
1.752118912979 
1.759728828725 
1.724008464037 
1.556440487505 
1.553324508129 
1.533498787166 
1.682816747581 
1.858667494860 
1.783129465451 
1.790104108132 
1.972105200238 
1.973354288887 
1.907376973150 
1.993822566273 
1.872367210695 
1.810992598519 
1.795095146830 
1.822672241399 
1.805174020583 
1.805729031864 
1.773728730933 
1.561982087676 
1.680316878673 
2.029757400849 
1.893235609886 
2.110393705641 
1.682250587402 
1.686160808580 
1.765211383144 
1.793826785902 
1.750085154247 
1.709973077604 
1.456552790245 
1.551490125061 
1.670216990350 
1.748833192712 
1.742891688013 
1.781732490924 
1.908190399883 
1.853353563503 
1.734827155191 
1.824100588074 
1.987805571250 
1.943174626398 
2.008463157244 
1.938385790772 
1.887322211479 
2.002400617377 
1.880813935712 
1.918480179082 
1.986982595497 
2.054574749745 
2.059244186383 
2.038131879813 
2.047241941299 
1.927861625172 
1.974769441460 
1.752792921696 
1.789279387105 
1.779752816216 
1.892927194239 
2.109439170948 
2.007361651032 
2.037032865069 
2.110470518182 
1.847282461092 
1.804947386998 
1.845264887878 
1.684517988314 
1.609448191223 
1.417755763042 
1.482847555357 
1.633652252137 
1.652453961091 
1.832980166610 
1.967185845823 
1.886942759919 
1.855731675316 
1.781691670233 
1.786916164314 
1.874839788464 
1.973399762150 
1.935722232654 
1.987495151766 
2.058028115453 
1.982684502823 
2.072751428587 
2.350761448924 
2.175175950268 
1.969773323721 
1.945843827298 
1.856041268337 
1.638565322818 
1.693317973124 
1.836618048920 
1.905416262459 
1.978063854045 
1.844440465012 
1.852893226623 
1.703713527086 
1.600959502737 
1.623363642646 
1.628252145572 
1.660836866140 
1.620558693072 
1.525515512307 
1.627021407381 
1.633346066228 
1.586307527323 
1.546595152483 
1.833816127680 
2.013483177641 
1.982075200285 
2.186654195477 
2.093469205453 
2.254675128423 
2.178499119829 
2.091905590594 
2.074879056141 
1.938167826991 
1.868916845226 
1.727637096488 
1.923763660745 
1.938889918594 
1.850097997809 
2.066560023357 
1.986873946240 
1.907897053258 
2.091915510282 
2.090018971683 
2.072909020861 
2.218130057346 
2.210140880299 
1.963754443165 
2.038607852479 
2.372062442928 
2.378528883742 
2.341672014595 
2.149755543704 
2.110798350851 
2.357718267836 
2.124621976184 
2.157416439761 
1.981341680782 
1.965416072710 
1.970708785926 
1.979354568725 
1.884082876325 
1.921516419995 
1.932532442318 
2.133846259324 
1.878025661657 
2.087727666097 
2.107062045510 
2.286644104011 
1.987327879183 
1.938079759459 
1.994650712035 
1.895068147092 
1.921347694807 
2.131437944153 
2.028823079842 
1.999275016864 
1.845869509167 
1.703601336300 
1.808837214539 
1.798280424920 
1.817767951713 
1.819674593330 
1.899282615058 
1.874109894558 
1.878860748293 
1.827205998088 
1.845846768382 
1.822989284780 
1.844575805429 
1.878700044385 
1.932061938741 
1.948096569464 
1.902948567468 
2.062227279308 
2.004632628327 
1.989053387964 
2.008006358746 
2.080845700070 
2.232943866718 
2.321872925143 
1.999786486777 
2.159894237250 
2.376984166279 
2.392728095433 
2.396218747028 
2.143446149014 
1.948752530571 
1.918783986145 
1.764469481541 
1.729002286333 
1.749001846123 
1.735324658582 
1.711621109826 
1.709294628598 
1.635816326582 
1.670696106777 
1.574978347191 
1.573377146181 
1.711750634126 
1.712541392004 
1.520903771510 
1.479792024015 
1.407933984281 
1.543552425116 
1.661950819239 
1.588735696154 
1.578434551935 
1.473946217044 
1.504724091515 
1.820146480322 
1.800373038598 
1.821884957510 
1.983765123944 
2.055751568802 
2.034509843252 
2.010928321428 
1.939237718999 
1.956842469766 
1.993113225182 
2.050849070016 
2.073797613966 
2.017314124943 
1.802121889929 
1.635948380627 
1.635040350079 
1.728120610708 
1.753511915569 
1.767479124350 
1.819916312430 
1.829130377918 
1.783027743144 
1.839538501464 
1.849304730329 
1.838056825127 
1.839247881247 
1.831579434651 
1.905167621190 
1.913763545317 
1.897557841312 
1.858535255103 
1.866841195016 
1.855952380882 
1.865930178137 
1.880996049880 
1.879574729393 
1.880574349876 
1.879166662983 
1.878977300486 
1.897121320815 
1.912419132138 
1.948817723705 
1.933984882413 
1.919490219169 
1.902818646187 
1.912964694657 
1.931746144353 
1.959619851266 
1.931193397912 
1.933928133702 
1.930772861951 
1.909550593906 
1.938612077423 
1.937890463150 
1.983349876422 
2.000590830280 
2.006397965262 
2.011784973674 
2.046479253429 
1.998617445754 
2.013012037216 
1.996472007612 
2.036232435575 
2.029041480713 
2.042934365667 
1.885373304342 
1.889987803580 
1.979967535409 
1.960159325855 
1.983309303961 
1.890556052417 
1.902588828767 
1.906790185475 
1.906134127244 
1.925208181141 
1.889534297852 
1.889485593893 
1.886539596977 
1.898692439243 
1.924958255735 
1.935339948256 
1.821376559058 
1.875819039732 
1.877757718771 
1.891646391751 
1.903281092173 
1.913334571364 
1.986061579190 
2.073915854170 
2.049525192261 
2.138069709091 
2.083365031841 
2.079573718740 
1.991841680734 
2.132599056090 
2.125108332004 
2.075827351414 
2.059878661898 
2.063235912426 
2.085313995241 
2.085313995241 
2.109302228328 
2.064414417514 
2.105516545651 
2.334533061760 
2.278480574726 
2.316612207428 
2.282325109543 
2.263635090005 
2.250269866732 
2.561359202104 
2.559605269981 
2.589784161778 
2.591574551574 
2.490985304136 
2.509137676048 
2.602030204857 
2.453104420081 
2.566967254717 
2.609567484446 
2.487477942716 
2.610902524186 
2.294781014171 
2.284573034353 
2.397866292563 
2.279490579796 
2.329356331746 
2.220893536388 
2.181337030289 
2.169025186620 
2.190735826075 
2.216802793589 
2.360202717602 
2.234872599558 
2.164529444760 
2.221396588672 
2.239770766533 
2.187199418432 
2.117556249853 
2.148219962429 
2.274554713617 
2.081877015443 
2.052479428704 
2.094361411800 
2.049013877715 
2.004567961459 
2.004567961459 
2.027783378711 
1.989126043968 
2.006843188715 
2.088750464981 
1.875581399401 
1.646872823411 
1.750221662124 
1.807794009732 
1.817324761454 
1.861308386635 
1.899652185257 
1.913350138823 
1.931266523961 
1.846366953798 
2.057686545847 
1.993640418136 
1.918340327987 
2.045856515956 
1.985590697435 
1.999585145187 
1.999242361419 
2.002003019570 
1.822759387597 
1.882752043186 
2.045170724334 
2.111476861351 
1.894141992630 
1.930104877048 
1.912672967786 
1.997808928264 
1.979939019772 
1.869110178754 
1.860858381303 
1.814457789395 
2.134922411720 
2.426142652934 
2.196287323071 
2.181657488585 
2.181415956412 
2.104343613246 
2.229513135767 
2.095773357182 
1.932104162766 
1.877285851970 
1.771033462744 
1.866512571593 
2.021076524058 
1.981012311776 
2.043443747867 
2.050788885488 
1.945459283887 
2.164046900386 
1.972261713019 
2.138005220934 
1.915552604918 
1.713095976783 
1.750345291595 
1.721505355342 
1.794692404340 
1.757727574171 
1.756122005663 
1.776744728337 
2.001765511557 
1.824784002505 
1.736612446518 
1.972267259965 
1.949607188801 
1.866763882949 
1.921899350656 
1.947231991186 
1.801270232337 
1.948712928913 
2.086325979102 
2.117386990843 
2.125486405186 
2.037655538152 
1.979437761566 
2.089863219319 
2.015826273727 
1.883887218410 
1.878026205731 
1.790788740451 
1.956346081245 
2.093663057151 
2.100211737941 
2.012366220720 
1.927828188702 
1.970509764536 
2.031426503592 
1.895290678406 
1.928165194877 
1.801838107726 
1.515554542831 
1.624449180036 
1.707767702231 
1.885136710075 
1.895991982199 
1.852021880413 
1.892316513038 
2.040420065814 
2.054832979317 
1.920569895751 
2.089116246711 
1.941707680616 
1.960709203043 
1.947828797890 
1.937611201590 
1.956166813728 
1.950271840327 
1.973411354865 
1.997603880388 
1.925195840287 
1.963445636401 
1.853444024710 
1.779635002836 
1.790261149432 
1.834813737260 
2.005290846375 
1.875954612918 
1.999174747772 
1.941934896738 
1.985527536694 
2.004007161063 
1.734678897921 
1.682231281180 
1.880535274054 
1.930159807082 
1.870082647799 
1.873298784001 
1.801743724625 
1.806261035805 
1.790754204566 
1.790901752155 
1.802743356291 
1.823316293745 
1.687442242637 
1.673155761505 
1.674966988072 
1.591982429567 
1.644344698490 
1.665348114776 
1.709810097128 
1.687108931149 
1.766506211409 
1.976023009622 
1.762357137426 
1.543974655025 
1.718478403820 
1.929023856722 
1.956159177739 
2.057835672505 
2.080663282718 
2.015640057363 
1.931329079500 
1.874766304374 
2.098448683129 
1.798236421016 
1.726166151076 
1.766110969353 
1.836814690598 
1.737363849682 
1.776665732078 
1.844550572331 
1.822521084738 
1.844533386445 
1.854875361000 
1.810525386951 
1.804727465331 
1.733688176414 
1.699398632511 
1.717916315697 
1.790632348638 
1.776535050892 
1.827543461692 
1.926249428138 
1.912738448580 
1.571568810775 
1.645366512375 
1.692284084872 
1.573109610758 
1.493219058847 
1.757749457648 
1.896945447916 
1.918351996525 
2.026898973595 
1.859303544683 
1.849897139706 
1.874172051322 
1.952544204796 
2.008215587797 
1.987748770481 
2.054033134662 
1.951179457197 
1.916555405186 
2.045516491727 
2.020534261150 
2.073057074958 
2.049144578374 
2.044742970177 
2.058532198469 
2.043810568097 
2.018704470644 
1.938776604637 
2.083502314977 
2.078144065619 
2.187710970434 
2.201483181549 
2.102770226807 
2.173835200313 
2.322950191058 
2.266283392145 
2.174592760084 
2.297975866742 
2.248758021059 
2.192761906541 
2.171275567288 
2.091893380945 
2.142570694124 
2.160403140816 
2.098516527399 
2.314092371016 
2.272713765394 
2.209149849284 
2.181924577180 
2.353636706329 
2.211534573746 
2.171322521563 
2.162903710094 
2.028548055328 
2.208112389338 
2.123087137891 
2.151737898598 
2.234501397467 
2.294782361771 
2.354825689227 
2.148756309370 
2.290545680583 
2.355354669595 
2.317043165728 
2.272642648348 
2.257966620003 
2.457149959658 
2.281632888387 
2.181451514819 
2.287039637593 
2.181607810667 
2.184519783770 
2.280757117312 
2.291307841367 
2.162949326308 
2.234161919997 
2.273807088170 
2.183981474819 
2.154577634613 
2.172323886191 
2.212683675960 
2.208243564953 
2.171043301931 
2.151100793388 
2.155070129016 
2.217338253161 
2.256100757985 
2.227245878822 
2.040682421867 
1.972302843473 
1.988810588035 
1.887770962995 
1.890274899382 
1.903545313835 
1.919856489525 
1.845562694466 
1.865638302371 
1.751614591491 
1.681637290305 
1.700863988081 
1.722829944712 
1.723561361358 
1.716559160263 
1.722567262133 
1.695453529006 
1.701223231700 
1.692759937560 
1.669759084033 
1.724360967750 
1.733406089872 
1.737835589728 
1.738989309514 
1.702901944540 
1.683803640765 
1.676880264878 
1.661955627472 
1.664000203422 
1.659990860839 
1.760187265775 
1.774833031245 
1.776653138132 
1.851801614860 
1.876825068761 
1.899169754488 
1.900457587786 
1.913626616295 
1.921889427361 
1.898429854001 
1.890252818626 
1.888971434794 
1.872753013178 
1.892645591409 
1.892645591409 
1.892242954870 
1.864268821893 
1.844110562575 
1.867802867621 
1.881385199405 
1.896331697431 
1.907473090830 
1.907364681248 
1.912075785936 
1.947382799158 
1.993485989766 
1.967395505614 
1.942249545060 
1.902096663586 
1.930407103728 
1.925297224870 
1.953354480726 
1.934896752759 
2.022366801908 
2.031694242087 
2.031455165237 
1.963955958538 
1.916696593329 
1.830193912491 
1.845669405130 
1.841485576064 
1.870256125661 
1.885363187213 
1.969944504146 
1.912665490359 
1.910559650838 
1.805769571529 
1.835599007570 
1.852929724907 
1.822953845957 
1.823957023636 
1.824460026542 
1.804994752027 
1.743090742942 
1.724707299494 
1.736807160731 
1.713033963973 
1.658505084077 
1.662466005268 
1.657917485644 
1.617322508064 
1.692582180685 
1.697431950123 
1.681704283952 
1.808536771703 
1.678673885462 
1.705006482748 
1.734105359379 
1.652577991458 
1.639797786453 
1.609804105865 
1.498396913272 
1.502060640185 
1.624314675214 
1.549655566391 
1.582854657544 
1.682556024197 
1.393346228282 
1.590265195559 
1.598587761837 
1.632894006459 
1.609046752260 
1.600233393187 
1.600233393187 
1.573298064093 
1.418847950447 
1.529836047515 
1.534778507496 
1.586224868407 
1.584937668959 
1.595591296450 
2.159303896293 
2.091606651239 
2.024333467420 
2.129125923070 
2.097103558163 
2.261162401997 
2.092325501245 
2.066060718777 
2.019546726026 
2.094763523677 
2.059536346682 
2.064833905646 
1.965533819807 
2.057228259442 
2.170702025834 
1.861618026835 
2.055918213895 
2.083470178424 
1.942269075210 
1.824031418931 
2.052733408283 
2.057565746538 
2.152862033485 
1.855216388049 
1.714618314320 
1.851306800884 
1.974130571427 
1.965665197061 
1.708170333780 
1.941636121962 
1.946424135053 
2.018287933359 
1.929127544059 
1.967663814498 
1.854036593133 
1.991921450481 
2.210169114602 
2.123223323558 
2.489388261716 
2.262038361041 
2.152565774279 
2.137194853702 
2.220816769943 
2.041186022363 
1.973209606005 
2.061908905074 
2.233467289028 
2.156478945371 
2.187933775974 
2.316665726653 
2.551989143370 
2.406189033613 
2.444517321078 
2.338714032324 
2.443314558032 
2.282456617508 
2.414265542457 
2.306958808988 
2.312590031019 
2.050174726743 
2.083177934303 
2.122475888180 
1.965740655260 
1.970319768751 
1.624973350671 
1.582407041019 
1.873412335329 
2.029038379396 
2.094016050474 
2.146628083730 
2.034534287901 
2.016951491267 
1.932657645760 
1.843060684631 
1.691473226711 
1.951160757583 
1.907663772780 
2.465986051071 
2.343893909735 
2.081392304851 
2.098979319819 
2.095111605254 
2.243947958330 
2.118995473149 
2.096782418892 
1.676735244001 
1.753688020962 
1.890080680347 
1.952829604068 
2.025036295541 
1.904600430371 
1.968650596659 
1.939564908970 
1.888878303914 
1.954092102813 
2.040994810936 
2.075972905837 
1.906869928129 
1.821793301601 
1.753880112273 
1.596878611255 
1.705106683249 
1.746470353656 
1.653841840181 
1.728391096325 
1.687511480286 
1.692408653245 
1.711719894430 
1.648871822714 
1.644604047971 
1.489422540465 
1.511535967721 
1.304388319700 
1.420648283750 
1.637239954207 
1.765766434561 
1.852474610208 
1.892355271087 
1.851421605770 
1.733615261242 
1.829672423635 
1.779334016888 
1.750151163188 
1.774743863383 
1.888570791411 
1.963049434736 
1.978640021036 
2.252640322340 
2.267467364806 
2.271509067516 
2.053125749326 
2.165047322987 
1.949723233529 
1.937085266421 
2.007932096076 
1.858455932385 
1.746610202200 
1.841494804958 
1.842418916460 
1.802778731934 
1.797170283924 
1.829876395697 
1.726606885433 
1.815850016775 
1.883190275724 
1.813569729427 
1.802235873103 
1.906275078724 
1.957904020578 
1.827047642482 
1.771676678473 
1.944152068721 
1.956478949522 
1.854282042559 
1.812490791445 
1.982529896004 
2.093432463781 
2.053105180652 
2.045274562807 
2.024591367772 
2.045073598591 
2.014917111155 
1.895836253759 
1.594580121194 
1.654738728691 
1.703484507046 
1.759823977984 
1.639610207166 
1.699636141514 
1.615887804602 
1.621166125056 
1.553984587588 
1.475496143852 
1.340651498793 
1.538892615861 
1.597751795868 
1.517595169899 
1.556575299002 
1.533141608921 
1.577547976498 
1.601575337528 
1.658394457832 
1.775315447183 
1.677626011928 
1.722604559212 
1.544364199174 
1.727092170413 
1.648080818130 
1.606340142777 
1.718728469108 
1.741256860757 
1.814697088750 
1.670103659390 
1.853523617241 
2.059909788332 
1.927051776210 
1.969063354943 
2.002033954532 
2.018695569777 
2.006302474372 
1.893028972705 
1.870761432730 
1.899803991053 
1.988888351642 
1.969015457029 
2.095653465277 
1.965604916467 
1.880899578450 
1.839333907277 
2.012296727698 
1.877293727540 
1.920927028464 
1.884631142051 
1.849040135350 
1.757815215595 
2.071306400151 
1.987934444857 
1.955993030295 
1.778731809782 
1.708432658945 
1.779184947343 
1.685736620673 
1.656829588129 
1.710484418239 
1.803206391116 
1.687401601619 
1.705287664837 
1.689760132303 
1.694764382134 
1.781294845914 
1.743182051987 
1.698524861087 
1.702630585316 
1.726097093792 
1.695469995091 
1.662044845884 
1.865779809953 
1.986279471508 
1.957421841962 
1.901906135875 
1.867744878933 
1.896558636900 
1.888913338327 
1.835218500457 
1.776836776611 
1.723623546928 
1.713119487451 
1.635476561801 
1.684588688165 
1.682849398479 
1.584933089903 
1.659134536560 
1.674970573757 
1.588588195264 
1.497332173375 
1.520669695005 
1.648256418175 
1.549148580882 
1.510311906345 
1.495850364893 
1.602226859068 
1.608773465609 
1.610611238674 
1.659329650061 
1.640314861054 
1.596678913205 
1.478563180313 
1.473326519346 
1.478022233024 
1.548783921423 
1.557806378896 
1.628670259509 
1.568793278738 
1.659958330853 
1.719607464884 
1.723468333910 
1.674786117591 
1.721104436815 
1.605807062277 
1.552218853690 
1.453108029383 
1.534607957287 
1.537968643630 
1.662730266216 
1.598317683756 
1.670393832190 
1.526326597454 
1.465984549336 
1.420996356841 
1.392681609373 
1.551007500838 
1.484876095368 
1.690848205637 
1.606142392142 
1.541611727971 
1.528785739243 
1.635565927346 
1.760748811166 
1.639538817012 
1.644286625798 
1.951364165106 
1.997297807603 
2.044481106258 
1.894354322012 
1.832740003073 
1.897546423193 
1.946145781782 
1.951150470061 
1.837765388907 
1.888679872149 
1.887162393376 
1.909386378060 
1.878897004563 
1.937716939561 
1.830152946980 
1.819923778472 
1.823900547109 
1.783365231715 
1.811957816477 
1.800319746406 
1.847970446413 
1.844940709161 
1.939825697031 
1.762333662203 
1.906400637115 
1.855629154637 
1.762194343717 
1.692818426424 
1.797418995002 
1.774695301427 
1.739685374356 
1.840553539664 
1.951572530294 
1.977712081935 
1.953767274115 
2.072989953441 
1.921380697684 
1.964099568337 
1.869589477879 
1.879853366969 
1.886449110887 
1.909513964572 
1.876935971640 
1.818256776101 
1.835211066838 
1.820879856603 
1.835196474090 
1.890053778330 
1.906541684790 
1.917385382152 
1.920721600885 
1.914845488551 
1.920413400980 
1.930467973942 
1.923355573405 
1.895104682248 
1.897619071662 
1.866313136438 
1.816610173200 
1.852026548669 
1.903774767606 
1.897002348797 
1.895149219011 
1.728008398404 
1.761361294888 
1.772370647571 
1.721659318067 
1.676439210103 
1.698732231759 
1.739131521918 
1.794401459308 
1.705477452204 
1.657345720709 
1.612061658648 
1.572872866846 
1.738078538554 
1.699877864326 
1.695175175787 
1.755908216375 
1.725092835571 
1.384177041760 
1.690465068558 
1.788742401512 
1.607994251384 
1.958789503730 
1.835399311542 
1.792929395013 
1.843125157670 
1.914112934965 
2.033126401830 
2.098114923946 
2.084463721083 
2.205452059990 
2.033945673842 
2.120574636219 
1.787974747202 
1.792987140370 
1.774547106220 
1.778783984370 
1.765030362760 
1.553909471353 
1.664646855085 
1.802975927491 
1.805163549446 
1.815944272473 
1.861580260943 
1.846228237400 
1.883888383205 
1.893568899260 
1.855727764406 
1.790374257225 
1.731059046919 
1.764280208375 
1.729435229502 
1.721897920783 
1.809965531312 
1.732195470387 
1.723158934405 
1.694956336677 
1.688108334306 
1.755644773216 
1.811223253680 
1.656140153341 
1.782100724248 
1.860496996641 
1.878064692705 
1.703332482662 
1.573965403353 
1.619846560109 
1.536772204967 
1.549298732111 
1.543918646340 
1.487723728474 
1.610109224048 
1.605774237574 
1.605207885401 
1.560811809965 
1.598864673108 
1.648349212709 
1.681667126598 
1.675199541986 
1.763868388385 
1.753347471344 
1.774847490029 
1.723898439653 
1.740286828226 
1.767133193403 
1.834350984543 
1.835893696836 
1.803097089407 
1.720703094658 
1.652414014768 
1.667344749378 
1.669751423963 
1.696474802467 
1.619774067640 
1.627590604647 
1.555370693424 
1.666137552326 
1.697521861669 
1.706897207929 
1.743311229546 
1.788839180628 
1.708051390889 
1.746071288717 
1.700389453455 
1.703888891118 
1.697602738981 
1.673444717682 
1.609133962540 
1.771571595624 
1.778005354755 
1.711865553875 
1.672766902614 
1.548977895132 
1.634749515913 
1.689212164330 
1.656266479046 
1.660067508694 
1.830953477697 
1.947201624257 
1.872027932081 
1.872344839258 
1.900380137318 
1.923114527703 
1.808907117215 
1.873654422634 
1.793363919866 
1.793078495558 
1.806167880344 
1.807437652991 
1.796034628388 
1.781514044046 
1.804567063039 
1.764632025593 
1.801301738610 
1.849668606962 
1.850745802225 
1.835664694969 
1.719453835495 
1.749928535206 
1.708802875186 
1.641880957818 
1.686307915088 
1.750761242394 
1.820848886498 
1.878638970786 
1.896744123580 
1.833449267117 
1.788025960368 
1.833805332989 
1.806642227296 
1.827088733531 
1.849993820987 
1.849020722106 
1.839493154814 
1.841961809960 
1.858680122269 
1.829756810252 
1.866298731492 
1.841944802758 
1.849475073236 
1.817985410534 
1.580226333663 
1.609482210596 
1.634047778411 
1.654686066076 
1.660446912575 
1.653638535207 
1.708644772901 
1.730820695762 
1.836195992627 
1.845667554446 
1.911597810168 
1.838285965762 
1.881624876996 
1.869899344410 
1.838953553064 
1.751235414763 
1.784463269481 
1.863770197255 
1.900932825424 
1.839632312443 
1.841208722420 
1.787137150858 
1.766613494874 
1.776321721896 
1.796656414156 
1.823154009881 
1.841293394182 
1.831600846547 
1.655572421516 
1.670569566012 
1.736850534417 
1.770453303596 
1.768453652430 
1.814706594873 
1.766933729309 
1.765589974630 
1.690604156381 
1.653680966806 
1.644366024361 
1.680674054861 
1.666776692040 
1.685387051708 
1.722810781696 
1.774787631451 
1.730459402127 
1.766577128958 
1.774876078547 
1.804632311492 
1.746198186562 
1.770334043225 
1.767012976473 
1.770083348165 
1.774630318332 
1.760097823977 
1.811145916486 
1.745664485720 
1.777435083993 
1.670786385221 
1.599470268242 
1.533675145295 
1.643644126249 
1.539755381597 
1.576673737397 
1.416622895114 
1.516251132688 
1.603041622782 
1.595094758431 
1.618665613697 
1.750965801787 
1.796130146220 
1.808834820843 
1.794921196496 
1.692883281174 
1.708253264071 
1.784494647987 
1.790785248112 
1.810795262551 
1.844781367227 
1.846552776505 
1.788105660760 
1.778535343032 
1.693279590755 
1.717623666928 
1.758897789609 
1.771860767601 
1.770711779267 
1.788867874201 
1.749994818310 
1.727849770776 
1.728059354700 
1.743867942954 
1.713157900034 
1.764622475075 
1.736353519231 
1.754044959187 
1.891261902257 
1.688485495035 
1.700570173971 
1.791914463128 
1.772082581837 
1.727383050346 
1.656198337175 
1.478664609057 
1.666924914915 
1.703492709912 
1.699773484058 
1.697304619564 
1.658689970192 
1.696632812524 
1.559080509323 
1.555556655991 
1.509868621039 
1.529090857042 
1.510008551636 
1.530201524037 
1.575125185971 
1.417886282112 
1.454654717411 
1.547750451861 
1.423663901677 
1.635015542302 
1.653526150162 
1.653262341082 
1.644530353049 
1.664155600603 
1.667038389279 
1.667277408783 
1.676046168830 
1.636018453767 
1.622131248785 
1.593034739915 
1.597761947470 
1.735391571729 
1.682066060951 
1.708340423464 
1.692767651510 
1.681032863803 
1.697009448447 
1.698736789282 
1.674980633593 
1.657491580669 
1.563522078983 
1.562317364571 
1.508856469947 
1.477844449214 
1.485561173762 
1.533830280417 
1.545906649899 
1.585608318207 
1.605944258494 
1.675500699237 
1.684213806265 
1.722395448423 
1.669896104222 
1.669023257758 
1.699222689907 
1.743868324446 
1.713441774060 
1.746897182399 
1.692144638118 
1.709870931506 
1.750083285087 
1.751419504942 
1.772357690940 
1.708940754296 
1.567504537258 
1.567144570451 
1.570689477027 
1.580948459030 
1.533908947009 
1.579297458197 
1.611087484297 
1.622325325412 
1.612364206266 
1.590185434159 
1.636751389506 
1.621001559133 
1.618140139962 
1.619194384925 
1.575468603419 
1.537853432469 
1.543642970484 
1.559161819584 
1.601843744281 
1.653091350536 
1.730821424308 
1.736558862050 
1.762443418251 
1.780620243815 
1.776951843445 
1.779665722819 
1.707303138180 
1.699978911719 
1.613745880325 
1.654233826420 
1.632699284330 
1.779992581425 
1.818728330250 
1.812474759497 
1.759232020279 
1.852585947456 
1.800198761575 
1.764256683473 
1.765518965827 
1.789728074310 
1.811075781603 
1.798024652956 
1.813431880960 
1.852395616936 
1.874901296988 
1.840265948366 
1.840265948366 
1.888574213035 
1.891418088247 
1.898974031975 
1.905513208916 
1.919634649688 
1.939077393091 
1.927440663402 
1.963048084520 
1.927578210713 
1.908774683358 
1.927048977414 
1.914583871936 
1.904793834102 
1.900685607121 
1.913492256480 
1.883304062403 
1.876743069208 
1.880274031798 
1.899890253382 
1.861165954360 
1.858493460639 
1.838641453837 
1.795832749422 
1.821096087723 
1.820867074671 
1.938497886731 
1.900465669366 
1.848013350143 
1.877171711868 
1.862450151967 
1.940272446241 
2.027522988226 
1.716002571508 
1.560649216195 
1.610834299043 
1.706576125571 
1.912304915316 
1.877998079536 
1.844640106217 
1.920912439213 
1.883768131304 
1.808324403382 
1.829842262334 
1.827168972057 
2.091501140872 
2.013106131358 
2.056357991069 
2.004935246580 
1.973185641872 
1.994472238701 
1.939088081150 
1.972565380090 
1.971641153457 
1.925671836153 
1.909836061542 
1.671791021315 
1.962780861052 
1.926115250455 
1.874775762160 
1.846006571388 
1.829349097142 
1.862000651719 
1.599846714309 
1.776426234015 
2.054778536881 
1.918894317931 
1.767056923227 
1.784367249071 
1.745262613052 
1.788871793604 
1.791874014796 
1.792037142483 
1.925236927000 
2.227588235476 
2.212081503487 
2.148450180995 
1.931363354495 
1.706993849520 
1.764952842058 
1.740312407744 
1.734050605924 
1.620593924589 
1.660637434300 
1.705001771166 
1.725496443315 
1.913208507687 
1.785431730472 
1.813189303890 
1.837447814117 
1.810938211491 
1.890712578893 
1.851406061267 
1.826554448635 
1.740124379144 
1.715810497235 
1.850423095995 
1.955446271745 
1.927455440859 
2.048099136161 
1.930812955822 
2.002963189095 
1.927424219966 
1.922671005540 
1.863992721620 
2.013108121202 
2.213217021705 
1.901448878796 
1.842733759821 
1.820815580747 
1.700372914261 
1.633029218351 
1.678999006319 
1.534810783050 
1.715677863734 
1.657354718594 
1.845273741614 
1.806949796078 
1.698771066300 
1.674860098611 
1.859446997298 
1.645850704081 
1.846902664721 
1.800718744578 
1.914957545557 
2.053743321004 
2.081853056475 
2.141957318833 
2.157779942385 
2.028075511869 
2.077701833865 
2.030162572450 
2.028128643783 
1.655193475232 
1.661936201207 
1.573274371677 
1.877084775494 
1.845957011903 
1.685200729662 
1.663107691958 
1.913197357076 
2.068886822466 
1.776315825414 
2.076752490071 
2.071168883196 
2.140804657451 
2.055173244308 
1.991690532283 
2.004496249683 
1.788501109430 
1.786161265547 
1.566059075994 
1.694449271980 
1.641664829178 
1.770482299694 
1.856343731849 
1.911038160335 
1.988141701979 
1.964503823300 
1.986709718633 
2.029789406793 
1.989018593253 
1.999025546278 
2.012117367187 
1.738317649514 
1.760756359309 
1.715121664537 
1.779007036724 
1.758158202113 
1.663563438702 
1.717724095676 
1.680673034637 
1.723866412581 
1.765129057026 
2.020990431195 
1.865002624879 
1.812180036567 
2.031149379843 
2.107386542411 
2.094626439210 
2.009349206221 
2.063105457043 
2.167033027717 
2.022015282546 
1.979427556803 
2.075577748494 
2.022985897193 
1.997726386199 
1.981009617975 
1.908424170026 
1.736639030220 
1.759174349842 
1.977363671556 
2.074256273432 
2.010754654338 
2.052936879475 
2.050997666871 
2.069477133284 
1.987848912208 
1.713831313700 
1.765011453801 
1.719663390893 
1.825782934393 
1.804683944957 
1.803917249526 
1.570517123730 
1.832036228937 
1.871160429858 
1.836268874330 
1.842964561270 
1.810389153264 
1.841003390626 
1.755891809295 
1.697138106411 
1.709123612530 
1.764062751797 
1.816810739194 
1.763032645169 
1.835684187622 
2.036691309446 
1.878349338619 
1.896835027635 
1.951719283745 
2.121701301581 
2.066814759379 
2.183317133165 
2.288893423584 
2.408126300161 
2.391987020554 
1.912402031656 
1.975036351451 
2.183775573081 
2.216793140391 
2.044305550209 
1.969051796543 
1.950153674275 
1.896087244534 
1.695881526995 
1.505916339209 
1.605089290313 
1.652394763783 
1.798480552603 
1.824409917657 
1.675394782050 
1.845999949764 
1.718239343598 
1.756542282124 
1.931486219361 
1.969626176287 
2.031031606651 
2.052065694227 
1.979993406710 
1.934919762058 
1.847115608704 
1.826831222233 
1.764579197682 
1.756605372251 
1.799560596020 
1.811860679061 
1.776617038770 
1.814914652676 
1.834340984253 
1.741437729568 
1.533853587058 
1.547274164602 
1.726455765777 
1.898626209886 
1.890329887550 
1.837158619327 
1.816422351307 
1.776966910943 
1.964740764425 
1.912823403654 
1.842017060124 
2.079307723612 
1.937708792703 
1.977509287478 
1.966505259167 
1.951755231939 
2.064862091223 
1.971481089768 
2.068062023220 
1.860804097058 
1.864930329382 
2.058062363415 
2.076373029895 
1.902460094421 
2.048057953851 
2.168571763247 
2.231446800210 
2.193225508950 
2.251234409859 
2.058011168131 
1.950363695898 
1.885518985541 
1.915827645559 
1.870993572472 
1.807904521825 
1.772361649863 
1.769658256754 
1.616260508492 
1.608215429840 
1.693472438214 
1.643639043763 
1.853450033102 
1.764785167558 
1.691382782342 
1.794585699216 
1.741075404463 
1.762758527739 
1.735605730280 
1.746996165190 
1.703894215459 
1.697776649794 
1.479163378235 
1.578753477225 
1.605036709017 
1.668190357078 
1.457746040376 
1.577998803783 
1.589770403729 
1.518079305645 
1.552956447025 
1.545765800492 
1.569195939970 
1.617075232909 
1.447173064914 
1.559608117521 
1.476243179285 
1.571730631980 
1.593327100449 
1.621649814003 
1.608874486693 
1.783111321422 
1.741097730136 
1.804721796280 
1.721222010900 
1.601314163084 
1.584845643427 
1.677374876131 
1.679128713245 
1.730883033964 
1.733085634036 
1.751936974406 
1.752352183867 
1.686212535033 
1.750335356375 
1.850508483346 
1.984666786856 
1.916108696009 
1.891633987820 
1.785793074638 
1.790195129981 
1.778776455822 
1.738531365579 
1.841681212358 
1.688401626388 
1.697561606789 
1.717418197237 
1.706709465355 
1.798145075242 
1.915492711186 
1.937422663297 
1.950639684093 
1.980748875762 
1.979805992970 
1.977083516188 
1.930210751235 
1.820713187514 
1.792502546809 
1.804496514492 
1.799594153828 
1.875167098251 
1.909528001818 
1.828610947770 
1.853648563234 
1.877584828894 
1.892415429874 
1.851113527788 
1.851113527788 
1.851113527788 
1.846026779287 
1.851680151259 
1.816715774111 
1.827611411892 
1.836430279526 
1.836430279526 
1.799310153964 
1.813617554624 
1.807267904534 
1.804351005488 
1.880009281801 
1.889139315502 
1.902189267776 
1.889173834509 
1.853084871959 
1.908929229700 
1.859201996685 
1.805450459650 
1.810938622160 
1.780937864615 
1.767028789876 
1.753766798519 
1.753999046422 
1.753999046422 
1.751411378621 
1.739755707811 
1.673868003267 
1.840182313587 
1.614314386973 
1.732023024090 
1.579924815006 
1.740391359692 
1.776374169890 
1.851044844875 
1.826505192829 
1.768101659777 
1.823194626828 
1.816168361573 
1.752488431983 
1.779917587626 
1.882358369424 
1.880553428938 
1.883376117521 
1.728256496347 
1.524917476427 
1.859566299943 
1.571019010488 
1.613420300557 
1.635104910059 
1.743803587032 
1.688169728830 
1.735239358317 
1.699614177510 
1.696131588748 
1.763320829489 
1.716189508957 
1.681997093050 
1.684074122561 
1.755729468130 
1.699230902075 
1.854527829534 
1.604408970074 
1.779727182493 
2.005009502307 
1.893864660815 
1.895332167758 
1.929553497438 
1.857573359916 
1.729606997953 
1.718543021681 
1.843899662243 
1.523455032590 
1.870259672537 
2.122884066231 
2.103804843453 
2.051450459135 
2.037020484871 
2.070616887479 
1.617604345932 
1.830225348038 
1.961220275965 
1.832038342567 
1.976893326595 
1.915774899304 
1.921818899305 
1.836812922723 
1.804142834132 
1.922533213651 
1.824277878539 
1.924236908063 
2.152393941292 
2.016612419312 
2.116790221007 
1.964330954071 
1.825152486860 
1.831906750637 
1.948770020719 
1.866002021929 
1.863221264000 
1.708172993960 
1.830396563099 
1.688070369604 
1.642146240023 
1.772881871990 
1.655470201780 
1.517270585967 
1.579285665238 
1.600358279118 
1.471784234825 
1.457143833587 
1.673658495061 
1.551641706090 
1.782468981453 
1.820589426633 
1.814837209810 
1.657016411732 
1.652089780912 
1.760344382951 
1.607849942788 
1.529941185221 
1.704109190958 
1.450601738713 
1.638309621450 
1.691991004821 
1.551796915025 
1.428740636211 
1.534957403528 
1.649532711586 
1.686005942885 
1.689919103220 
1.660844174260 
1.626726683563 
1.889848169444 
1.891293029462 
1.912812780012 
1.913265227644 
1.809611979463 
1.826115870696 
1.782914260399 
1.775467742707 
1.746103314253 
1.606669151964 
1.581462536696 
1.592835910894 
1.553415215298 
1.786353926431 
1.884265689501 
1.869497278608 
1.802818654305 
1.769837051211 
1.923780410475 
1.923474888071 
1.885615923032 
1.938164098270 
1.823451593085 
1.872289287286 
1.831654516262 
1.739959416265 
1.724919113042 
1.639105662477 
1.635421716218 
1.740062756451 
1.862533635252 
1.840720301733 
2.096908594506 
1.991992313493 
2.056822867367 
2.146191907714 
2.114029987707 
2.133950446556 
2.198019496566 
2.187775609137 
2.127777351956 
1.949118326253 
2.065559537241 
1.757695074291 
1.747876542817 
1.772450899954 
1.602590675024 
1.699031938605 
1.775583904670 
1.776892070414 
1.763144014818 
1.774272966568 
1.779732212834 
1.758338151648 
1.708219843762 
1.676041477780 
1.732555213028 
1.735546823763 
1.707219060380 
1.611899447834 
1.564395345722 
1.698098720463 
1.683582951210 
1.714436263552 
1.667266015612 
1.677555583062 
1.668995375985 
1.732139189351 
1.722105189994 
1.772100689340 
1.839657946020 
1.846158752585 
1.875591756594 
1.944105297134 
1.994949752460 
1.948663778257 
1.951299342211 
1.944517998016 
1.995885585993 
1.967945839512 
2.072176906295 
2.052174016962 
2.084211807032 
2.092613853322 
2.110636192256 
2.128653035469 
2.113023511963 
2.090441388086 
2.118641342078 
2.051930621376 
2.093301010856 
2.128323612878 
2.053498985197 
2.054217867816 
2.075887684622 
1.975590973263 
1.985239001705 
1.985463839007 
1.993575943994 
1.951054718523 
2.025660270335 
2.011558727420 
1.997564395766 
1.996092048438 
1.972841266589 
1.979915160601 
2.001050609439 
1.960778562324 
1.978625979709 
1.997508488863 
1.977403738460 
1.905325330905 
1.887351329903 
1.947497657095 
1.717804546764 
1.660958415642 
1.696560863985 
1.781515480901 
1.755750961184 
1.767905449279 
1.751936240512 
1.801449454795 
1.733793759719 
1.657105193025 
1.662713703656 
1.584275552329 
1.651099027686 
1.647387735605 
1.617607927276 
1.577778590214 
1.656929964195 
1.731590473508 
1.699011718608 
1.765678474758 
1.730373710182 
1.797324106878 
1.795299153259 
1.792017244573 
1.759626534220 
1.803190508607 
1.807425156497 
1.814064698052 
1.836205307097 
1.849015138324 
1.811295362946 
1.864009456386 
1.918681303331 
1.981227412661 
1.983551797740 
1.931745058261 
1.895685284785 
1.885548411278 
1.752908517885 
1.716734152402 
1.757076571616 
1.803357674402 
1.808240567004 
1.807358777876 
1.767231432181 
1.742244971606 
1.782705842444 
1.756185902593 
1.727945855388 
1.727945855388 
1.774135626341 
1.754035262266 
1.851951304749 
1.828470957070 
1.839371522091 
1.949705478121 
1.965563078857 
1.946493457122 
1.927598520862 
1.922865192246 
1.912202613206 
1.946972582599 
1.737006879586 
1.728311014804 
1.718582117278 
1.783377115140 
1.881193078560 
1.876764120631 
1.844651971908 
1.968699493358 
1.951671852171 
1.966628796957 
1.927691092906 
1.916366565674 
1.890079367388 
1.909940075563 
1.899531279247 
1.921780232713 
2.010653578852 
1.993876102411 
1.977159763697 
1.953390928421 
1.952201657433 
1.833789825542 
1.945301636220 
1.944817299021 
1.981900242528 
1.708450717975 
1.713258193301 
1.686517481049 
1.736931580646 
1.779812193525 
1.757025560723 
1.820099345387 
1.784657859896 
1.797036365843 
1.766890929975 
1.765102734251 
1.713047895980 
1.785858816515 
1.773675796181 
1.774192439556 
1.772218072255 
1.772218072255 
1.799141601175 
1.795359053833 
1.825130400723 
1.750022770279 
1.729740479694 
1.770785640751 
1.812976021614 
1.846398116462 
1.833291266006 
1.802412870332 
1.751074634689 
1.768952767059 
1.757353848145 
1.807099517034 
1.793772725051 
1.802212765928 
1.812970970220 
1.817161530549 
1.810770179732 
1.833949313995 
1.802474660809 
1.810048216332 
1.788102081502 
1.788817393348 
1.787617492302 
1.774305090123 
1.774305090123 
1.822715962611 
1.861594288168 
1.865597477969 
1.880181770017 
1.847212483190 
1.870325442663 
1.886897164845 
1.862114052953 
1.866512830849 
1.845449866335 
1.909155351186 
1.881411293909 
1.954825328962 
1.939081155716 
1.983030872106 
1.984161998642 
1.971886056575 
1.939102772868 
1.940510405196 
1.914148581296 
1.898971314341 
1.900311348467 
2.029121809391 
2.021393187421 
1.971448686362 
1.924798811254 
1.828409680090 
1.840355921902 
1.632996737388 
1.668678175197 
1.601548859830 
1.642327350315 
1.778479980921 
1.833067065045 
1.885875952159 
1.649525109836 
1.792498158539 
1.768409992561 
1.750407236011 
1.904728669797 
1.934869347624 
1.898019957787 
1.861536829716 
2.109138941692 
2.058717724244 
2.045049338159 
2.206418532093 
1.779720699856 
2.060712675647 
1.989062018763 
1.938180876157 
1.915389593528 
1.900635446351 
1.896333016632 
1.918347061458 
1.961992688125 
1.811763057904 
1.902476100655 
1.889241516356 
1.889842297941 
1.839606219915 
1.835134387576 
1.705410728339 
2.012223219854 
1.899729534343 
1.853074722379 
1.821536249001 
1.758539549160 
1.820908078480 
1.765502143456 
1.696828065585 
1.805331492991 
1.856498703765 
1.832848482384 
1.730666423253 
1.534085038575 
1.773170097237 
1.799904596888 
1.891359884082 
1.787482554456 
1.810445113979 
1.787675454102 
1.909919498317 
1.939088324807 
2.033012411103 
1.968385154032 
1.951087172031 
2.023796048865 
1.941069834495 
1.872333933271 
1.888180703816 
1.862892509336 
1.796797897520 
1.845134799733 
1.828589003826 
1.711790412088 
1.687147179369 
1.539779074757 
1.570040607524 
1.710531859282 
1.718029926466 
1.772944123852 
1.723380564357 
1.658941433507 
1.935558140269 
1.775973016967 
1.853052401730 
2.125441753918 
1.905316572888 
1.972851733314 
1.798614776019 
1.876271384743 
1.859222476461 
2.231220066035 
2.280321648208 
2.150260919134 
2.169756408132 
2.156954364015 
2.203643808922 
2.239219753452 
2.262753419892 
2.278067074963 
2.180342482068 
2.199559376931 
2.085519058750 
2.046370243721 
2.105319683852 
1.911612208405 
1.823193692140 
1.903860294077 
2.027780428366 
2.196041986850 
2.036468548359 
1.936318625586 
1.796591732830 
1.766876012030 
1.784349024421 
1.912386446648 
1.709423409516 
1.689730595664 
1.687905304880 
1.789505298873 
1.696669865858 
1.888524341262 
1.855564701402 
1.911632574924 
1.942659054608 
1.826574462298 
1.559321438922 
1.597881006041 
1.665376083073 
1.600950602604 
1.651525697376 
1.674971065677 
1.638566980639 
2.078496617064 
1.899864365392 
1.925717877254 
2.054630455143 
1.971214009619 
1.983988953712 
2.013364557194 
2.018171478368 
2.034004672966 
1.945138316726 
1.912175250071 
1.728065355184 
1.674108676592 
1.681117353639 
1.543783448328 
1.704734557189 
1.582188650604 
1.639185601838 
1.723196611252 
1.583200814443 
1.610048503028 
1.795951392319 
1.787299126494 
1.753112974958 
1.921750204107 
1.680765360409 
1.803869899269 
1.755527855301 
1.739942918700 
1.717126189061 
1.766541116997 
1.813018149732 
1.899667361528 
2.066963625157 
1.976662104128 
1.961803702645 
1.989321133001 
1.991802811008 
1.962249533200 
1.988340227404 
2.004106499443 
1.888982175006 
1.801703371819 
1.649733781601 
1.857016769048 
1.885882100043 
1.664343116827 
1.739681726838 
1.741660372646 
1.753346856386 
1.832297627401 
1.766459522549 
1.770407660913 
1.724724959840 
1.859084987864 
1.991240643798 
1.948614534000 
1.825771360608 
1.818777671542 
1.851829979900 
1.743207714234 
1.707682874351 
1.712704834383 
1.710765031526 
1.736074792133 
1.821937771603 
1.807959864892 
1.878381734832 
1.940847586170 
2.065745695871 
2.069070414321 
1.715403498288 
1.884334660873 
1.829215915913 
1.877495556233 
1.820638169104 
1.483436210744 
1.468223113124 
1.475777690435 
1.444332777848 
1.570000267334 
1.482684246975 
1.538055284667 
1.525766047246 
1.557492245453 
1.469480168582 
1.463346388958 
1.533202956524 
1.536167025196 
1.755714681836 
1.668788564618 
1.758343448867 
1.793003596286 
1.724984443273 
1.680907329570 
1.689823566537 
1.712423767040 
1.702986635097 
1.901246484327 
1.948877254289 
1.818348271675 
1.843826213026 
1.961085020600 
2.023090924234 
2.027990605848 
2.063241175581 
2.110802241638 
2.105428966533 
1.972679535892 
2.008499432754 
2.263047332367 
2.177884052909 
2.111488100429 
2.098961441306 
1.963256727957 
1.913822577299 
1.921240478716 
1.926348047000 
1.968235415327 
1.904307502643 
1.888222956868 
1.960821352563 
2.032129788674 
1.893886257581 
2.002232764203 
2.016773346033 
1.901842248551 
2.004029331097 
2.026916792931 
1.872761500858 
2.079639457543 
2.027957591265 
1.893476830808 
1.839825455866 
1.903240430400 
1.667013277229 
1.501688691291 
1.686751070605 
1.703312932565 
1.800173544910 
1.766627277838 
1.695640513587 
1.774098455258 
1.741330427285 
1.689657225525 
1.765011915734 
1.880974155565 
1.908164627289 
1.743714154108 
1.852010304483 
1.783178697845 
1.874567032390 
1.903508988497 
1.794105883942 
1.870204641475 
1.883233229236 
1.920577890452 
1.928079577451 
1.895794107206 
1.877285184081 
1.896014243534 
1.899165392062 
1.896666259898 
2.025669103556 
1.966612352970 
1.961969968710 
2.008316805025 
2.045552897512 
2.066368056758 
2.051770740301 
2.083934131441 
2.084386283012 
2.098796968961 
2.074650389663 
1.981356698496 
1.917374231753 
1.858801181085 
1.848935695043 
1.833769792128 
1.737602631765 
1.770906403196 
1.953905554704 
1.911752783213 
1.965298211365 
1.829761251246 
1.962247552300 
1.959121273469 
1.981979650585 
1.976321122540 
1.863722772944 
1.876631570561 
1.790317382570 
1.809821033001 
1.815115640385 
1.752223468803 
1.853815097326 
1.838627940323 
1.836781524184 
1.817745496867 
1.704674171176 
1.712576150249 
1.756142846348 
1.737071980064 
1.731981779231 
1.832308518053 
1.926181111923 
1.979352952324 
1.956759641251 
1.902106575882 
1.898826873660 
1.856786876315 
1.840382344268 
1.840474241929 
1.780277034360 
1.815342430400 
1.996746726219 
1.996199154419 
1.942903912312 
2.180755430840 
2.119438022105 
2.112190778639 
2.066479848000 
2.062595805503 
2.109212787365 
2.104763520097 
2.054544341724 
2.035911045765 
2.114554581976 
2.079508607359 
2.055534096138 
2.090915437583 
2.086972543812 
2.073362225313 
2.131942395733 
2.063515492162 
2.042927918975 
2.036046733619 
2.186659037596 
2.110295954440 
2.144263287728 
2.183794014494 
2.197791132736 
2.229727583979 
2.039084024187 
1.997513633107 
2.037716227384 
2.054517889519 
2.254196864541 
2.063267601086 
2.045321272577 
2.037251571402 
2.212294534836 
2.131860835364 
1.889863417989 
2.026537547600 
1.979776476108 
1.795447026506 
1.641576152187 
1.927456453749 
2.222438978612 
2.228297359315 
2.097091607482 
2.158202403720 
2.063261313655 
2.109248953633 
1.888023285755 
2.105826160392 
2.081801157163 
2.110539767437 
2.586332268129 
2.394385639226 
2.506433511819 
2.421157529453 
2.340011447302 
2.309232131833 
2.356847055672 
2.305734924857 
2.276588163833 
2.753456891466 
2.509531669307 
2.585487487077 
2.573747121948 
2.244353539901 
2.060123866069 
2.036848851143 
2.104229065502 
2.004935123312 
2.065676947840 
2.019125036848 
2.095346043135 
2.002709301441 
2.076130848054 
2.043368308837 
2.045077466116 
1.952766690111 
2.140403916612 
2.076650300232 
2.105999860152 
1.918287205755 
1.868185735394 
1.842686970673 
2.028457191299 
2.032283896043 
1.833723461827 
1.771184983895 
1.636797581500 
1.969271617958 
1.906468389927 
1.998589923033 
1.984170114443 
2.006175289962 
1.834783211553 
1.710948099230 
1.739387916952 
1.760334288815 
1.759750923570 
1.830757817439 
1.786663977080 
1.764499628968 
1.781111966367 
1.880296817023 
1.757864114996 
1.945067800078 
2.194847410920 
1.956417052837 
1.858379265469 
1.847097288081 
1.759968629304 
1.815487801475 
1.864455481685 
1.916473129116 
1.873377090761 
1.846678692989 
1.838368908398 
1.834096686160 
1.850626894865 
1.815673536963 
1.803985592039 
1.728610987395 
1.719710001801 
1.708888058555 
1.737021552874 
1.825556723648 
1.837556801978 
1.754747593223 
1.762438672223 
1.751402497999 
1.739987928663 
1.743036077561 
1.744147375533 
1.745687100427 
1.754054330802 
1.763873297081 
1.735608676700 
1.691329217053 
1.736597924834 
1.779541114607 
1.746806055938 
1.773854959616 
1.828953061411 
1.827883676132 
1.741934805592 
1.718441189558 
1.724359966686 
1.663917413075 
1.614972993771 
1.545115755677 
1.831354086512 
1.918139146645 
1.942533164803 
1.736389968186 
1.664519945381 
1.641751485873 
1.735726862545 
1.572742342308 
1.762833105420 
1.794779846446 
1.769189626163 
1.716386593829 
1.739930315704 
1.665814824556 
1.574076463779 
1.610774921349 
1.679269992247 
1.673989897125 
1.726228467687 
1.700886603495 
1.754365645405 
1.665510642710 
1.685136901641 
1.759608101153 
1.755185058330 
1.733012756524 
1.762729813870 
1.719969854575 
1.653033312727 
1.669178005733 
1.630158730627 
1.638398691272 
1.745328974095 
1.694049451045 
1.701522962963 
1.642331476197 
1.675895516229 
1.698983862467 
1.643564370707 
1.748735417108 
1.689738512866 
1.701286958181 
1.715882812962 
1.847731983396 
1.758049293411 
1.709003519685 
1.738746492574 
1.755234479416 
1.715837209161 
1.749685656924 
1.711789199181 
1.751648260156 
1.661496652291 
1.574217840266 
1.572314195072 
1.538314385612 
1.605495775760 
1.807649962632 
1.879733577998 
1.856786929053 
1.852779901897 
1.846809207008 
1.837006997876 
1.887178182626 
1.768869337100 
1.817162925580 
1.734927153931 
1.735754465131 
1.718585833371 
1.723840904613 
1.782883681722 
1.780952597888 
1.777347065668 
1.770818819222 
1.783339734684 
1.776822549966 
1.747390007203 
1.735430008666 
1.767997107949 
1.761260512319 
1.774766779677 
1.789184895769 
1.774392153847 
1.757955236067 
1.759669197906 
1.784770804961 
1.779605917401 
1.793888265930 
1.829697248792 
1.795319447071 
1.785090554327 
1.826839767336 
1.837180800057 
1.885965646551 
1.915841265717 
1.973915277641 
1.992710385691 
2.003619581166 
1.994407380332 
1.945056154690 
1.870809372763 
1.841989722955 
1.818011242750 
1.800862114007 
1.828951438228 
1.711598719150 
1.755726665205 
1.744318369273 
1.771361525807 
1.695663499681 
1.760376982916 
1.799542076853 
1.822984359823 
1.835348221959 
1.859991536669 
1.839703585581 
1.848287153072 
1.813351326200 
1.807024516631 
1.853179058808 
1.850135498758 
1.857790637756 
1.863521391017 
1.851136347819 
1.850490373587 
1.810664909687 
1.887124250478 
1.855255207213 
1.879328186154 
1.804727042506 
1.819941474044 
1.841423456175 
1.814511273250 
1.823511340970 
1.805402818083 
1.791187793791 
1.796305572520 
1.808233019800 
1.813411534934 
1.799610748121 
1.814075966510 
1.864995861188 
1.934216832444 
1.942160134257 
1.883575886461 
1.855742410904 
1.824074745875 
1.870340285510 
1.882892597239 
1.892498361216 
1.871917144285 
1.850570198277 
1.855298138376 
1.873562913100 
1.788304886670 
1.826205274867 
1.853735789415 
1.832134265633 
1.864160687432 
1.894006309337 
1.943092697938 
1.890743768828 
1.782878608314 
1.781269216921 
1.803279457937 
1.802392597934 
1.806520267391 
1.795517893966 
1.900103423747 
1.963611410965 
1.990163803105 
1.981414039968 
2.030869660701 
2.006190938082 
1.868001500705 
1.890786434571 
1.916322384540 
1.895501639120 
1.918197119567 
1.924825114041 
1.958563250132 
1.933480570795 
1.935622810767 
1.935668420083 
2.039937209460 
1.930471856652 
1.903276424224 
1.948533282409 
1.763414956008 
1.756583080923 
1.743579817335 
1.740087692428 
1.818542587918 
1.955924345536 
1.958095767703 
1.950926255450 
1.926297873025 
1.952153949357 
1.891290281596 
1.874394615286 
1.932107671353 
1.951617487639 
1.947451489818 
1.957517600692 
1.958384959277 
1.976685179562 
1.980787054848 
1.968006006862 
1.999669545106 
1.962394172890 
1.955017094965 
1.955152004474 
1.925930687360 
2.041663788831 
2.048748210801 
2.063792710113 
1.979379419276 
1.998965093556 
2.025833664814 
1.989764089019 
1.988914138475 
1.990777575368 
1.995119484108 
2.020705146723 
2.013145642778 
2.007556106890 
2.018362636791 
2.036856841906 
2.029274217493 
2.038451793981 
2.009273051085 
1.892996495669 
1.933361400054 
1.933778098044 
1.921749739441 
1.880025064422 
1.957261151592 
1.952377652502 
1.962409463038 
1.927043085960 
1.942380213443 
1.947905505267 
1.977383284719 
1.983911784950 
1.961431715588 
2.004582733045 
2.013725203716 
1.998580350022 
2.016329049309 
2.045417116330 
2.035275177127 
1.966682992672 
1.991682946070 
1.997625923204 
2.012240739862 
2.008903056775 
1.990223490654 
1.993500592780 
1.996581417433 
2.007113844774 
2.036167453462 
2.044498250729 
2.011961013191 
2.060998871046 
2.082537848868 
2.030222416789 
1.840710550630 
1.727463954709 
1.952979502818 
1.785915349596 
1.899976690771 
1.792193735460 
1.631152570374 
1.754108957861 
1.994147205514 
2.046019717685 
1.976208889766 
2.054986087509 
1.963250794176 
1.749066324979 
1.841279099658 
1.755578034219 
1.785248899349 
1.793421508665 
1.788031152663 
1.774539244411 
1.840801286000 
1.905993045865 
2.339529641442 
2.208590970819 
2.179882413357 
1.976182411073 
1.977302151171 
1.966280643428 
2.037461696431 
1.906235240873 
1.873621808561 
1.587464528314 
1.692693286468 
1.699411809989 
1.689642370092 
1.662807494071 
1.887331409819 
1.735258579770 
1.795696649197 
1.738849419190 
1.860609395939 
1.789743763827 
1.718198681122 
1.676694457009 
1.703034218306 
1.928431923822 
1.879462613911 
1.809947561979 
1.877785796046 
1.532518726042 
1.804557787601 
1.874810661798 
1.920602373734 
1.817595693925 
1.937472625482 
2.089415590208 
2.014122247252 
2.056230850827 
1.951286029632 
2.006162585969 
2.283903117111 
2.210553779561 
2.056498435325 
2.072473829635 
2.123307126790 
1.956131909787 
1.955870613820 
2.022637899158 
2.118853682171 
2.238897354212 
1.913844932314 
1.710214415330 
1.602196960992 
1.632995153781 
1.592203244620 
1.594307445244 
1.668150514708 
1.644136138502 
1.705647343616 
1.616578830671 
1.639653165928 
1.808824489688 
1.848286976361 
1.827962670013 
1.882419734871 
1.866406530854 
1.844735186665 
1.802235460124 
1.696176087344 
1.779611418600 
1.564953959136 
1.427070145784 
2.014170871293 
1.968486020375 
1.971237887698 
2.192753320475 
2.104232070216 
1.863535254472 
2.032550609379 
2.076146557379 
1.961330031390 
1.879780903047 
2.170900749470 
2.164638484357 
2.400280279843 
2.310369966107 
2.064397100074 
1.951097646200 
1.940866917630 
1.901018670016 
1.922590197380 
1.789774182942 
1.560034934671 
1.641646861266 
1.729527590322 
1.655751415029 
1.593320774137 
1.615706273991 
1.623744194738 
1.557815524069 
1.596779840736 
1.521073959630 
1.750118012221 
1.939880122526 
1.892535456561 
1.873897642774 
1.914136377366 
1.989130838222 
1.953822959101 
1.984211250359 
1.994954186703 
1.862755104957 
1.856541942206 
1.948240378355 
1.915122939424 
1.995024787005 
2.101084514716 
2.047284783146 
1.993653849672 
2.039107877428 
2.014713370400 
1.967202732391 
2.018635355852 
2.000075282678 
2.027961648498 
2.033195933683 
2.037594334036 
1.989588797900 
2.000659156226 
2.060308383384 
1.854209275111 
1.835353166750 
1.833889439258 
1.941868876214 
2.013678350572 
1.947516072983 
2.012811241079 
2.070190552755 
2.105977172492 
2.105977172492 
2.099150933192 
2.112510901774 
2.154450291186 
2.039582522850 
2.070483571034 
2.104874801610 
2.084615992819 
2.057039034330 
2.047321244258 
2.073886982750 
2.078937184788 
2.105167594704 
2.217298912039 
2.029669627152 
2.016226836070 
2.004221224864 
1.877739852068 
1.917323259907 
1.882941359679 
1.731108313292 
1.789196177676 
1.778757363362 
1.863491162313 
1.757761630871 
1.869628219434 
1.844894970776 
1.824578775026 
1.780817254905 
1.681637496044 
1.597346871522 
1.695600795980 
1.591201273227 
1.607576741359 
1.586944044076 
1.610755770313 
1.567617146346 
1.576254077915 
1.486413898446 
1.587576959550 
1.703880523641 
1.786621416693 
1.721798574998 
1.581202612243 
1.709995087036 
1.639167717437 
1.503521715563 
1.582251461955 
1.636275664869 
1.642356084201 
1.565432878534 
1.491121954427 
1.538138076515 
1.571057894908 
1.539854839611 
1.627954740431 
1.904477998785 
1.977636531522 
1.998705056415 
1.885034816245 
1.740864287843 
1.836917431286 
1.906319525062 
1.962573946146 
1.799361609040 
1.858040159336 
1.978602185628 
1.903019121550 
1.897968101250 
1.973879457609 
2.013581686181 
1.743636957274 
1.683401661430 
1.778832998823 
1.926080882938 
1.949176101454 
2.058982765684 
2.292233443828 
1.852838808000 
1.925838753158 
1.916624461878 
2.066908406406 
1.890152905003 
1.628846221678 
1.861793939019 
1.823921871378 
1.718563103940 
1.822161037809 
1.722067128850 
1.698067182964 
1.854427165890 
1.909342466674 
1.698513088709 
1.663550693513 
1.620564761410 
1.606919457727 
1.513700696991 
1.555313459707 
1.614612258099 
1.673242782473 
1.584621436919 
1.621146770127 
1.582998131835 
1.597472135565 
1.620599449774 
1.673666698894 
1.682015341961 
1.585698398412 
1.623942060406 
1.624038146219 
1.620131221701 
1.440017806926 
1.473108997369 
1.422078695571 
1.687581100701 
1.629675142889 
1.567941377142 
1.578335752047 
1.520013025112 
1.543587210738 
1.595016007512 
1.595762353860 
1.644737512278 
1.580517115407 
1.649673298631 
1.665325095714 
1.620094740661 
1.596872039435 
1.694680632292 
1.656914137337 
1.763692348754 
1.699922364538 
1.791314039918 
1.798963630062 
1.793891403406 
1.815648813025 
1.832729361577 
1.842108146664 
1.860389987739 
1.826620660169 
1.898901525389 
1.965249555306 
1.941345971208 
1.979822455679 
1.985878685704 
1.967365082277 
1.921362915039 
1.786798488354 
1.792683556329 
1.833324163441 
1.847635611130 
1.797616122227 
1.797690728843 
1.667810832872 
1.726294637084 
1.760650734372 
1.781848257212 
1.752080337857 
1.693494968467 
1.675089360136 
1.722929926151 
1.725250518017 
1.748244096338 
1.795786808919 
1.797781273092 
1.847214558065 
1.829211436222 
1.783657762178 
1.789529653312 
1.910354838376 
1.927302208842 
1.964827095006 
2.036657826618 
2.067313201776 
2.078496561272 
2.085527792972 
2.110371839004 
2.064987064018 
2.007126301010 
2.035602001136 
1.935873276441 
1.954520148018 
1.938905261216 
1.907091100571 
1.885687877150 
1.899442630197 
1.906384783824 
1.878155832815 
1.949322346361 
1.914775473554 
1.999241909346 
2.003317911892 
2.004708835282 
2.001184214186 
2.026345914466 
2.018214187867 
1.966170655382 
1.893538568996 
1.972467277388 
2.074938495523 
2.131121915642 
2.172492518151 
1.961545494334 
2.078440797301 
2.118583508811 
2.121716611122 
2.040963501794 
2.039112728244 
2.070048873803 
2.065411663729 
2.097613508715 
2.121242431936 
2.044258872115 
2.098441815139 
2.118904832408 
2.082333725759 
2.190802610618 
2.084791937825 
2.050195992356 
2.005136525161 
1.935436031591 
