-0.261667791784 
-0.257138079737 
0.145556737036 
-0.052864366500 
0.013188711373 
-0.277481746363 
-0.256637438483 
-0.266657989611 
-0.222603366331 
-0.304163166536 
-0.304180077624 
-0.304180077624 
-0.305085379432 
-0.300382048571 
-0.354157852625 
-0.307781460925 
-0.384462965589 
-0.193111229243 
-0.153211495560 
-0.033394076755 
-0.193402362300 
-0.190118989766 
-0.021060584120 
0.130060722179 
0.162134877725 
-0.019229754084 
0.068051688109 
0.277971345277 
-0.102300187291 
0.069108672706 
0.174122525282 
0.100503735828 
-0.004375016119 
0.283903319520 
0.110880229311 
0.047937584878 
0.120740768677 
0.275431188699 
0.261046260092 
0.289785417345 
0.229085330676 
0.135201030175 
0.202552571639 
0.001200938053 
-0.059442477970 
-0.042464529521 
-0.151346580625 
-0.089091131539 
-0.287919560964 
-0.416514681576 
-0.449863675954 
-0.259734268485 
0.180014118746 
0.046285180270 
0.135371982037 
0.038831918327 
-0.031984840829 
-0.124424672187 
-0.160989526376 
-0.351110422797 
-0.466501680709 
-0.280193448983 
-0.393813679917 
-0.343676073222 
-0.144137292528 
-0.047367688786 
-0.220919319859 
-0.111855493125 
0.041943125926 
-0.082485581051 
-0.222116924514 
-0.312296517171 
-0.284002528981 
-0.207930580683 
-0.199505122287 
-0.136847502917 
0.038022819438 
0.081301455086 
0.014985366894 
-0.068226790586 
-0.121998752325 
-0.197735250003 
-0.254961237888 
-0.270416971686 
-0.272257578787 
-0.179079369536 
-0.113871483044 
-0.117859465029 
0.003417406941 
-0.039440267578 
-0.060026143249 
0.031550113005 
-0.006473195281 
-0.081597161174 
0.029435056661 
-0.178283827061 
-0.312985546202 
-0.509162637460 
-0.645073101585 
-0.322620588474 
-0.292108577000 
-0.146394395897 
-0.135731182040 
-0.131975031957 
-0.126324696125 
-0.082917069087 
-0.134999271090 
-0.100808864318 
-0.134372283238 
0.012518658308 
-0.050666535360 
-0.119474566287 
-0.134962015781 
-0.142354757046 
-0.195627499801 
-0.212451180229 
-0.287584647487 
-0.189619553731 
-0.178168986200 
-0.047468101271 
-0.018033327721 
-0.045882134135 
-0.169343423145 
-0.240071324388 
-0.295504955836 
-0.057863239244 
0.108230436845 
-0.065543879583 
-0.091280860977 
-0.064598765162 
-0.143870739777 
-0.072985638021 
-0.009860466102 
0.067918090716 
0.034059104164 
-0.167829021640 
-0.049384980756 
-0.004491568366 
-0.226524393863 
-0.028552454604 
-0.105603080033 
-0.021036742347 
-0.031892295982 
-0.156797827377 
-0.228205452730 
-0.274043486710 
-0.319811227016 
-0.292086301174 
-0.333525673582 
-0.289370701345 
-0.273193187923 
-0.342240752826 
-0.324501121119 
-0.379146206549 
-0.218780459783 
-0.194092028614 
-0.297612272552 
-0.409241933516 
-0.331464812904 
-0.502621970137 
-0.425741551784 
-0.415116898494 
-0.521501579726 
-0.437251711878 
-0.429747195421 
-0.349576455235 
-0.287352445583 
-0.263039665941 
-0.360397646259 
-0.351670414199 
-0.368798632113 
-0.364765398617 
-0.266563496114 
-0.285113976111 
-0.352891668815 
-0.379121390932 
-0.457245703000 
-0.430967916148 
-0.342130858392 
-0.374140296912 
-0.274970234072 
-0.200529388307 
-0.213715284256 
-0.276005737014 
-0.291384484694 
-0.215580642511 
0.004429784287 
0.024913113385 
0.043723171822 
-0.014428393408 
-0.159327278817 
-0.112628333041 
-0.234447639267 
-0.245091558898 
-0.283590391601 
-0.408633274947 
-0.419626708557 
-0.394383682589 
-0.386046180663 
-0.373369954478 
-0.365386945505 
-0.279756174954 
-0.034317281625 
-0.028466015564 
-0.093832238081 
-0.020244978287 
-0.035954193455 
0.040155922290 
-0.002675712721 
-0.158328618913 
-0.115218206944 
-0.206147712394 
-0.222631898719 
-0.194814792556 
-0.310232627369 
-0.345047660150 
-0.298460551913 
-0.280958815506 
-0.303171955398 
-0.340022009628 
-0.278659667331 
-0.275691911513 
-0.277102703915 
-0.258031448971 
-0.052325978519 
-0.001271828753 
0.070154872192 
0.074626940810 
0.234161735264 
0.252593583776 
0.230909325708 
0.089881742576 
0.153155075936 
0.165988565890 
0.192792729844 
0.120059451783 
0.171386210228 
0.126327695965 
-0.003452514720 
-0.143380295123 
-0.085171315513 
-0.151425272969 
-0.001658844750 
-0.127301386680 
-0.233970825711 
-0.254275254108 
-0.268959011275 
-0.292025312607 
-0.362494528518 
-0.339944691568 
-0.211691451409 
-0.268325047024 
-0.206708885400 
-0.215573303239 
-0.166016598346 
-0.147257824857 
-0.151903930015 
-0.166942850387 
-0.177923195881 
-0.214654815832 
-0.181240222788 
-0.190514713364 
-0.187459264473 
-0.167067363421 
-0.210168262340 
-0.189806134969 
-0.139930703525 
-0.136749249950 
-0.152323202592 
-0.229294078818 
-0.214106260600 
-0.230580408268 
-0.299357809646 
-0.161881805348 
-0.184132154110 
-0.197344036303 
-0.268818893670 
-0.271788019919 
-0.289203145362 
-0.289645438965 
-0.313702475218 
-0.325477377640 
-0.334003545087 
-0.292183966836 
-0.286148782185 
-0.340097234420 
-0.340097234420 
-0.334867976664 
-0.505711092399 
-0.510347873335 
-0.476861777769 
-0.425430546373 
-0.433342205799 
-0.310629216502 
-0.269809396339 
-0.343427683020 
-0.239773996548 
-0.244812812208 
-0.241055221715 
-0.216393558555 
-0.239094915655 
-0.219391898761 
-0.157323497600 
-0.178831108271 
-0.165406055594 
-0.146910106660 
-0.193387383439 
-0.099506513651 
-0.222787750652 
-0.414588005540 
-0.310864874614 
-0.259464752905 
-0.319576227233 
-0.271397494773 
-0.143282116497 
-0.150261303169 
-0.333186356861 
-0.308658051851 
-0.224061863282 
-0.107157018985 
-0.112269493782 
-0.139937395014 
-0.118817068659 
-0.018597071003 
0.079463917273 
-0.020434090502 
0.026022484581 
-0.013677408914 
-0.022308023589 
-0.144363716853 
-0.120498539589 
-0.053754004174 
0.064760015967 
0.090324682822 
-0.121331381271 
-0.112722284692 
-0.110150621359 
0.118284790459 
0.109965366807 
0.125088074336 
0.121235845598 
0.075128316405 
0.098616657987 
0.167475844155 
0.135049962305 
0.146942750599 
0.064044178159 
0.028901599144 
0.084677955593 
0.203949828552 
0.092869507770 
-0.027702332177 
-0.068190454271 
-0.060707935112 
-0.205861584401 
-0.365854746753 
-0.448684151983 
-0.297892338942 
0.076899780047 
-0.033441656199 
-0.016472311117 
-0.136315993613 
-0.085093946299 
-0.080824383911 
-0.076748632816 
-0.095667113235 
-0.089019882545 
-0.061420038513 
0.022075056453 
-0.042156860615 
-0.048234785154 
0.216903823030 
0.275728660527 
0.280335079236 
0.345827205088 
0.254287352582 
0.136915768856 
0.069599726054 
0.025396276513 
0.044533690586 
-0.336589985088 
-0.271582048205 
-0.249952210707 
-0.336162249622 
-0.251699969508 
-0.279894292798 
-0.281886450109 
-0.290815879821 
-0.369321215933 
-0.168491308519 
-0.340744283187 
-0.218996726126 
-0.275983325877 
-0.335471362074 
-0.264565346718 
-0.226407352157 
-0.350377408450 
-0.316119558044 
-0.315395336700 
-0.214402999205 
-0.159264708483 
-0.197468083743 
-0.308969628885 
-0.277616683577 
-0.275389452345 
-0.168566683524 
-0.190630567321 
-0.271935876557 
-0.218200047467 
-0.168112660518 
-0.200935821569 
-0.318972634255 
-0.516131199160 
-0.156428623490 
-0.253961487190 
-0.271004318995 
-0.430132623099 
-0.614506523407 
-0.129482013680 
-0.036584734614 
0.214697473632 
-0.049851844131 
-0.324402494146 
0.094978027932 
0.183224527997 
0.050157444004 
-0.086411159071 
-0.120414765358 
0.051504701246 
0.147600907660 
0.034881445221 
-0.190272765146 
-0.211511531509 
-0.199742950316 
-0.243830834002 
-0.218213373771 
-0.368933709932 
-0.400380738668 
-0.392412435441 
-0.445381760262 
-0.265177481781 
-0.133452123449 
-0.121907338050 
-0.134142083032 
-0.140518046700 
-0.340844194053 
-0.339030798729 
-0.159845313130 
-0.280583732005 
0.010791002622 
0.023364445891 
0.044457132182 
-0.056771920596 
-0.176939215512 
-0.042421201965 
-0.050213995783 
0.327925170381 
0.174600925075 
0.033835286030 
0.155419464020 
0.098189043331 
-0.028845483125 
-0.000697835265 
-0.026585909930 
-0.039417123736 
-0.130508815753 
-0.110622262438 
-0.259541620786 
-0.179656698443 
-0.156347261901 
-0.170224074308 
-0.234429404777 
-0.185202110214 
0.007373186071 
0.029179854351 
-0.072522115846 
-0.141318966667 
-0.197852032414 
-0.329600818588 
-0.333807069414 
-0.294191260567 
-0.324899957009 
-0.214230689874 
-0.182781516861 
-0.124763852343 
-0.246722566881 
-0.288656445268 
-0.267455622421 
-0.250517232222 
-0.294966680107 
-0.518690496848 
-0.489759907873 
-0.500357361072 
-0.296031500728 
-0.371315370684 
-0.292452274317 
-0.211925037477 
-0.289765739699 
-0.186340817601 
-0.314869285194 
-0.354928017945 
-0.396103907081 
-0.389318935985 
-0.395116653029 
-0.299705851628 
-0.270646423992 
-0.296020875326 
-0.211422576296 
-0.204757514397 
-0.276357231356 
-0.303599800011 
-0.340424086269 
-0.226834547121 
-0.202059280496 
-0.187645548778 
-0.303578770808 
-0.208115795951 
-0.175890735266 
-0.167443087866 
-0.175213692995 
-0.199699076588 
-0.283062564155 
-0.288684393898 
-0.366826428172 
-0.301603639403 
-0.182807851260 
0.068770168206 
-0.040213370538 
0.131542947128 
0.187564930754 
0.058647629432 
0.009506709594 
-0.181044552942 
0.095955852732 
0.098914437269 
0.036044240338 
0.088792967361 
-0.035999569590 
-0.122697363349 
-0.063836233330 
-0.226562057253 
-0.336566679522 
-0.232450220155 
-0.007239948246 
0.003258564755 
0.051573187569 
0.102207529792 
0.131950600055 
-0.049001698352 
-0.067133216442 
-0.190548145335 
-0.211369659528 
-0.206050196246 
-0.192755612334 
-0.134586731067 
-0.125967833268 
-0.217745641647 
-0.297979687726 
-0.376452339815 
-0.526817654771 
-0.494267231424 
-0.551759327955 
-0.443088229170 
-0.272122225653 
-0.359531515197 
-0.571643520435 
-0.563737860090 
-0.484408006846 
-0.539549952956 
-0.490493004354 
-0.423734989107 
-0.360917610598 
-0.330868496670 
-0.298774398350 
-0.473585218989 
-0.586130494045 
-0.397131458913 
-0.509020546957 
-0.365823854850 
-0.242936093997 
-0.220687383422 
-0.375900887328 
-0.406777823739 
-0.488372777340 
-0.243934724017 
-0.189126444875 
-0.333231872203 
-0.336295401707 
-0.353397429657 
-0.323104184263 
-0.367476073617 
-0.233162645275 
-0.193735641875 
-0.286560920587 
-0.163544529518 
-0.219442484085 
-0.205590961786 
-0.143392678129 
-0.341537225068 
-0.318606221566 
-0.368225209921 
-0.289958280186 
-0.059182947459 
-0.135074112611 
-0.180976366817 
-0.459508050528 
-0.402653248747 
-0.410066167347 
-0.376906448879 
-0.400252325229 
-0.511237887266 
-0.392444804541 
-0.398860690170 
-0.376066421655 
-0.541070475468 
-0.568667580211 
-0.494841175274 
-0.389161210546 
-0.347243175310 
-0.284453565643 
-0.344145982553 
-0.278420316441 
-0.358508421221 
-0.340411631642 
-0.353525355993 
-0.302558658443 
-0.348127992077 
-0.298393717195 
-0.264424817190 
-0.397201791372 
-0.402328448576 
-0.379297701262 
-0.370590859061 
-0.355201998251 
-0.319924403309 
-0.316204020562 
-0.384566886830 
-0.435565997928 
-0.278894921869 
-0.408634480164 
-0.436941852203 
-0.306212579244 
-0.218477783419 
-0.137616987932 
-0.048349507227 
0.059004674868 
0.063321812408 
0.068093691896 
0.098294945020 
0.038326825005 
-0.027128316645 
-0.005605697302 
-0.003523164563 
-0.004125553841 
-0.027506233527 
0.038857142859 
-0.097935158044 
-0.039781343132 
-0.049842785857 
-0.098809004328 
-0.007233849920 
0.068403187439 
0.067729836239 
0.020854847469 
0.169839324822 
0.144492882733 
0.078907062592 
0.136039352188 
0.139172918283 
0.165080595255 
0.032040703030 
-0.175130496940 
-0.159700323242 
-0.127103765260 
-0.122961586382 
-0.042179313916 
-0.053852689547 
-0.212443575116 
-0.235614730726 
-0.218056600756 
-0.230586431240 
-0.207180676327 
-0.277778100878 
-0.299668876374 
-0.238541613375 
-0.160022832662 
-0.191264314875 
-0.251000180003 
-0.204322094534 
-0.200150190763 
-0.202884992578 
-0.214984588929 
-0.143684061894 
-0.163933157991 
-0.193508841684 
-0.111753108198 
-0.086832331780 
-0.107489973543 
-0.175935309928 
-0.084439016288 
-0.070097821636 
-0.084203310734 
-0.231465729707 
-0.271669814450 
-0.327723758151 
-0.309782182837 
-0.294204366151 
-0.268188576235 
-0.352155240057 
-0.300614558614 
-0.313838868740 
-0.235470457187 
-0.350613667267 
-0.348630162376 
-0.324207882068 
-0.121522391955 
-0.097743783451 
-0.098554783795 
0.028877010260 
0.046568720242 
-0.138712129470 
-0.280927303950 
-0.182242676663 
-0.202442948838 
-0.532116435153 
-0.431379910428 
-0.428046082669 
-0.465996884517 
-0.450925654406 
-0.358607491809 
-0.416843874469 
-0.363848512578 
-0.335946928747 
-0.435716423085 
-0.395098588161 
-0.284031895784 
-0.177851097925 
-0.193251421196 
-0.097261960486 
-0.165332893347 
-0.034674641748 
0.177603120546 
0.202093728918 
0.332697134801 
0.106036310292 
0.040711219063 
0.181581522909 
-0.028145119726 
0.205596591167 
0.100189376005 
0.050143510310 
0.222376087436 
0.404242373539 
0.285917636434 
0.102406907600 
0.288635648947 
0.159154320901 
0.224376441625 
0.250310179949 
0.056207564707 
-0.163279341071 
-0.163226485694 
-0.182564076989 
-0.177803100295 
-0.084977453609 
0.108714449442 
-0.238421420706 
-0.234080901211 
-0.358457848642 
-0.237628547400 
-0.151104989086 
-0.094127501584 
-0.051655878005 
0.057160055642 
-0.126951488021 
-0.113653804365 
-0.058498296239 
-0.267405467773 
-0.375924032914 
-0.378561221119 
-0.424754171068 
-0.354490786079 
-0.109612254743 
-0.113929840768 
-0.202683497039 
-0.275174959233 
-0.322148552275 
-0.257802893192 
-0.296060437807 
-0.328664414584 
-0.450195235225 
-0.376114208836 
-0.427106472588 
-0.450710466916 
-0.374356803492 
-0.391151953525 
-0.376050576516 
-0.474290829863 
-0.398426016823 
-0.574695396253 
-0.537713864670 
-0.441136418447 
-0.673504880921 
-0.479442755287 
-0.470705644220 
-0.455074999802 
-0.533760038003 
-0.461963480447 
-0.350389726410 
-0.478725335698 
-0.439078872915 
-0.549678038553 
-0.335331422373 
-0.317897302154 
-0.388952574118 
-0.403992305885 
-0.398251219258 
-0.409400525296 
-0.412362368943 
-0.494296367482 
-0.499750395734 
-0.460056431973 
-0.465157850795 
-0.359157654195 
-0.368666617657 
-0.377911850536 
-0.326651208463 
-0.288561237470 
-0.245969929593 
-0.126138793065 
-0.151129904461 
-0.201987922556 
-0.147716835698 
-0.102553200552 
-0.163270785219 
-0.161007437377 
-0.208907395308 
-0.197786176232 
-0.204866189243 
-0.235282912522 
-0.234202203003 
-0.211874194532 
-0.223814748464 
-0.220018690589 
-0.168426046157 
-0.105284831383 
-0.105466957810 
-0.045124000062 
-0.064363690115 
-0.059927846015 
-0.107566691898 
-0.153816166628 
-0.135937788105 
-0.296500878831 
-0.305145272015 
-0.167272857502 
-0.081856650385 
-0.087570350121 
-0.161238030484 
-0.078289964308 
-0.018548608323 
-0.029979640316 
-0.088620684101 
-0.080415948013 
-0.078374027657 
-0.080192740220 
-0.118288897439 
-0.151777661720 
-0.131550621309 
-0.128673069241 
-0.136090082544 
-0.111735108883 
-0.089760099447 
-0.084940629919 
-0.136684220731 
-0.125901480719 
-0.116160894089 
-0.147004530200 
-0.109679675527 
-0.080296090878 
-0.055771890165 
-0.101576096347 
-0.114863652305 
-0.140250675751 
-0.136583190270 
-0.084609047928 
-0.062850380424 
-0.075289914123 
-0.077592455264 
-0.141702106102 
-0.221807745890 
-0.039493851774 
0.004958682670 
0.099091062250 
0.152320332350 
0.047840182992 
0.037885770738 
0.051436552205 
0.024963039256 
-0.001114005866 
-0.036535965685 
-0.075893452056 
-0.067623459777 
-0.099609466223 
-0.109784913810 
-0.148349262427 
-0.176517458215 
-0.197676283690 
-0.043076253056 
-0.011972160698 
-0.125206704990 
-0.166126834415 
-0.184265785773 
-0.218526808412 
-0.224607769731 
-0.127946098969 
-0.190564153538 
-0.057202390345 
-0.172584997750 
-0.110346851087 
0.165707770725 
-0.132685916149 
-0.040015325737 
-0.064485427369 
-0.033150932655 
0.114863511631 
0.178926375106 
0.104548370408 
0.073499813970 
0.127346878889 
0.044097848715 
0.089921493853 
0.125243753383 
0.142561156760 
0.122824889898 
0.071742525952 
0.222322320745 
-0.037664128761 
0.097057663903 
0.119430788498 
0.083787455597 
0.233108857345 
0.125946848794 
0.330841869751 
0.330810984715 
0.407940834896 
0.348330926229 
0.371140043496 
0.386101043187 
0.332090561963 
0.353386022918 
0.319583630539 
0.300713533389 
0.408179764360 
0.135757855306 
0.277426289398 
0.259188061026 
0.003376258651 
0.073386314781 
0.035150051382 
0.059105584891 
0.072203817613 
0.060214552296 
0.003009394933 
-0.027925163378 
-0.048733998355 
-0.114482135976 
-0.242502141637 
-0.200620905682 
-0.457073295460 
-0.345226823499 
-0.325820072330 
-0.306098074455 
-0.164334933101 
-0.185627965165 
-0.163720350546 
-0.114545969928 
-0.131024489991 
-0.140978797444 
-0.167284653720 
-0.145072990149 
-0.271722436371 
-0.213850731731 
-0.154785398212 
-0.173329500404 
-0.097446282830 
-0.009456207646 
-0.036076763751 
-0.019300389738 
-0.096590450414 
-0.094118960714 
-0.143424467888 
-0.071208041557 
-0.069659015022 
-0.092727995842 
-0.108944389930 
-0.089246668053 
-0.101256738914 
-0.102161182429 
-0.126205608931 
-0.094182652487 
-0.174637430443 
-0.113166118280 
-0.123897046094 
-0.138976099895 
-0.214529306342 
-0.258176927824 
-0.168369883847 
-0.168183863000 
-0.168743481463 
-0.179849314057 
-0.302024784315 
-0.253924439898 
-0.338157975328 
-0.419996280169 
-0.539320954000 
-0.404294970375 
-0.300943600691 
-0.337871589609 
-0.340742354656 
-0.290190860019 
-0.253774063050 
-0.188722597004 
-0.247344365102 
-0.278143041231 
-0.264579771149 
-0.287568217503 
-0.265819313449 
-0.174809886546 
-0.211008519879 
-0.163565086638 
-0.115701182187 
-0.135735765112 
-0.159038821559 
-0.143933152971 
-0.048635040005 
-0.082532481182 
-0.165007537223 
-0.202572771515 
-0.193963348893 
-0.161310891957 
-0.129041398762 
-0.061939137705 
-0.051389695955 
-0.039285187506 
-0.139830956917 
-0.142756463531 
-0.127838823456 
-0.099641614235 
-0.069533820200 
0.136182980781 
0.198632018915 
0.168047637192 
0.189832819383 
0.164706087806 
0.041799374197 
0.095163802615 
0.106945959861 
0.133682972791 
0.059311366393 
0.119437255869 
0.102783444000 
0.084874253937 
0.009652513374 
0.080468021370 
0.035578608850 
0.006047979027 
0.254683314703 
0.154941439703 
0.177137376963 
0.098638468474 
0.035953970540 
0.077222037637 
0.077872146771 
0.066525205221 
0.110435965897 
0.090437851750 
0.118077129750 
0.100952058619 
0.073028269125 
0.079722512910 
0.062966761597 
0.056618896711 
0.026553327512 
0.027728548522 
0.150896529664 
0.138311271909 
0.081253853283 
0.111769193832 
0.023399970629 
-0.025425444521 
-0.029845772695 
-0.031337754119 
0.012965397633 
-0.003331853855 
-0.000969034519 
-0.103500529438 
-0.103655262612 
-0.032636412811 
0.096777321154 
0.057534358298 
0.029765260472 
-0.068035636084 
0.059015636753 
0.088154665300 
0.012504922760 
0.088257826409 
0.086174570607 
0.164649494827 
0.251959692702 
0.320114382352 
0.229279949808 
0.301260175786 
0.205602253837 
0.374262617279 
0.267053803499 
0.253324927866 
0.273093196883 
0.094050307586 
0.178628737514 
0.349166747280 
0.336378573067 
0.473962557516 
0.233251889944 
0.186768158909 
0.286629950299 
0.246941425137 
0.260110759407 
0.353619914655 
0.301981603181 
0.175367747243 
0.165331675415 
0.232485261209 
0.211363415542 
0.371014586030 
0.453716425965 
0.192071685995 
0.137709852809 
0.053101835260 
0.053718077482 
-0.452385596767 
-0.470980329694 
-0.392917005210 
-0.379861492847 
-0.444849423957 
-0.451567328827 
-0.422011082794 
-0.288858256442 
-0.255784042322 
-0.163702134896 
-0.132943910785 
-0.223943384758 
-0.281016096183 
-0.305871325411 
-0.306005492132 
-0.216184553361 
-0.241620001891 
-0.341118781392 
-0.228250439024 
-0.359754796171 
-0.529767315279 
-0.432119182147 
-0.592059644123 
-0.518266802579 
-0.405576296195 
-0.427362813407 
-0.390771103139 
-0.460064714965 
-0.660577528493 
-0.412608472594 
-0.304003634457 
-0.276497172534 
-0.205420845841 
0.102944819214 
0.007399158992 
-0.090240776878 
-0.063429141319 
0.000113543843 
0.075813540863 
-0.029516034701 
-0.029994908222 
-0.011266595528 
-0.162884920535 
-0.041719997248 
-0.107838540938 
-0.182609185602 
-0.032977707608 
0.004763753860 
-0.107718507285 
0.129520899490 
-0.146879787474 
-0.079849699541 
-0.022544558761 
0.186835292945 
0.174195112044 
0.089627228395 
0.134038114527 
-0.039887532351 
0.023003105848 
-0.153912841220 
-0.099829822243 
-0.212477069047 
-0.074742175263 
-0.117809685983 
-0.002023725489 
-0.043732145626 
-0.070410778362 
-0.101834825442 
-0.123073520945 
-0.363131840641 
-0.328658537128 
-0.215406338315 
-0.203845786204 
-0.153107457348 
-0.156862030921 
-0.202878717016 
-0.176290615779 
-0.122169260402 
-0.148620623599 
-0.144015998029 
-0.163087835564 
-0.131125992528 
-0.165827525869 
-0.176825103126 
-0.212006272724 
-0.444469649916 
-0.400245722181 
-0.404310478059 
-0.398374841443 
-0.221512334940 
-0.292920833335 
-0.375425623564 
-0.317536498438 
-0.240720865456 
-0.084518064312 
-0.053109910368 
-0.043270048210 
-0.076937471963 
-0.159629738825 
-0.102653834327 
-0.086883636394 
-0.061968409586 
-0.073073677414 
-0.020882253813 
0.273942185793 
0.141258078333 
0.196591169222 
0.125304170840 
-0.061883909405 
-0.071702287593 
-0.284645704504 
-0.340944262401 
-0.327564323791 
-0.134954347513 
0.037356253397 
-0.064256923765 
0.053520897136 
-0.068502139735 
-0.355345998155 
0.071788259138 
0.209602004502 
0.211860348416 
0.024677364082 
0.016980294086 
0.009978454601 
-0.149868954715 
-0.105198877693 
-0.024412849902 
-0.012843627804 
-0.165285046041 
-0.133639295767 
-0.074872692342 
-0.140653099146 
-0.260485473264 
-0.319220987197 
-0.267265310857 
-0.221106102875 
-0.241555194609 
-0.219802693681 
-0.228947863994 
-0.205232909912 
-0.055118648718 
-0.103691525151 
-0.062910787771 
-0.076949893193 
-0.230093997677 
-0.189915022528 
-0.216168102922 
-0.231289505399 
-0.232022528057 
-0.249314188914 
-0.252820653871 
-0.151765428403 
-0.186534043484 
-0.177348571122 
-0.183661969165 
-0.251760307043 
-0.273957457346 
-0.272841800910 
-0.258395462054 
-0.350662686121 
-0.380240914487 
-0.332501374624 
-0.205902244031 
-0.123738323559 
-0.167752232554 
-0.262502953623 
-0.249437718468 
-0.216373370728 
-0.218959105547 
-0.111220355905 
-0.154112881470 
-0.116428168150 
-0.144125747050 
-0.120156567581 
-0.132610570936 
-0.191952306433 
-0.215953555710 
-0.174827120284 
-0.180373300850 
-0.212421301926 
-0.250627464094 
-0.242377166514 
-0.160530739875 
-0.180988222702 
-0.187197258248 
-0.275273283961 
-0.096628563252 
-0.252202450380 
-0.300564241569 
-0.252569653905 
-0.267443806682 
-0.273488554415 
-0.327311132972 
-0.391038630880 
-0.527410055298 
-0.322623304689 
-0.369887883406 
-0.371784953957 
-0.417669016567 
-0.426264988018 
-0.373564667028 
-0.295024711308 
-0.356189532534 
-0.273314394795 
-0.160064551103 
0.248190435810 
0.162126101700 
0.117731318667 
0.109945677192 
0.224870440137 
0.126318468179 
0.180643487819 
0.185587176275 
0.158408482749 
0.158231108461 
0.001765841972 
0.024482697304 
0.039268624381 
0.052055196868 
0.085224278565 
0.188448381380 
0.198568879622 
0.244944230724 
0.101905337168 
0.124174174426 
0.144440213338 
0.093942318541 
0.055954116279 
-0.038048956310 
0.021844766676 
-0.067592010247 
-0.038641974978 
-0.041961648689 
-0.120766567678 
-0.050154218345 
-0.007124858742 
-0.021648956661 
0.140677383787 
-0.197593482045 
-0.237492939732 
-0.241744994724 
-0.238629118601 
-0.263344421396 
-0.250504316491 
-0.267233846122 
-0.336721754935 
-0.371393767089 
-0.491029928588 
-0.295079127389 
-0.294256604869 
-0.276918886970 
-0.282569942770 
-0.215849118993 
-0.193440319034 
-0.206830515133 
-0.244173401917 
-0.320512544963 
-0.338086651003 
-0.320869127046 
-0.295330739921 
-0.303987896745 
-0.428538026012 
-0.463801526808 
-0.345754736888 
-0.359513658322 
-0.346463622802 
-0.367872941388 
-0.272088940014 
-0.340200546409 
-0.313352918079 
-0.319020611224 
-0.404978620877 
-0.341455263763 
-0.273669290955 
-0.300548058445 
-0.094543584881 
-0.104944569568 
-0.088094089642 
-0.105475897100 
-0.004810632704 
0.029481698028 
0.016960774337 
0.153794991284 
0.061541358879 
0.076663023303 
0.069461194868 
0.044268051096 
0.023780616397 
-0.027027889942 
-0.005071938556 
0.030059265342 
0.056509369446 
0.104687661547 
0.029858538479 
0.027359473510 
0.079913877284 
0.105992962069 
0.142318556380 
0.284130319369 
0.243656810013 
0.360552269444 
0.239380668663 
0.239096386444 
0.179935169482 
0.182653626811 
0.007533972295 
0.122777575049 
0.015091779174 
0.054910344093 
0.081946916602 
0.031642843633 
-0.058393416025 
-0.039539437606 
-0.054590094996 
-0.096157629911 
-0.148689020316 
-0.193896594722 
-0.251833512246 
-0.242115461438 
-0.247293729917 
-0.308089358475 
-0.334595090231 
-0.334163968665 
-0.295603475332 
-0.198574623929 
-0.246319860685 
-0.312890568530 
-0.436856232346 
-0.431341384644 
-0.392866522779 
-0.342586285294 
-0.382914140361 
-0.363854761385 
-0.373501627412 
-0.400382390861 
-0.272976044625 
-0.417380128023 
-0.424748619574 
-0.351242206531 
-0.257526587915 
-0.232109251119 
-0.225230364812 
-0.209852764339 
-0.227498071591 
-0.216163423689 
-0.200831164282 
-0.197229503942 
-0.137984289595 
-0.140785454715 
-0.135388205975 
-0.024558047916 
-0.092726638239 
0.067562281744 
0.157592868819 
0.136230758337 
-0.008769400794 
0.009470131842 
-0.067181522157 
-0.008285217433 
-0.063394156700 
0.038746251951 
0.065889054448 
0.002501098497 
-0.030354590274 
0.034396980020 
-0.023604355184 
-0.022904881587 
-0.015573147767 
-0.001105880088 
-0.079477843074 
-0.062673676262 
0.200648814068 
0.138905012706 
0.046680260336 
0.059043975715 
-0.020876500421 
-0.162130233043 
-0.074625656561 
-0.086770468152 
-0.220240491267 
-0.265311851477 
-0.061436672515 
0.047731832429 
0.194938618732 
-0.039059774915 
0.225585197807 
0.039353014538 
-0.178572906127 
-0.361626743996 
-0.289193941413 
-0.095788551211 
-0.025067043224 
-0.018748488961 
-0.084252536789 
-0.051781147012 
0.031472042112 
0.124976030503 
0.128610782970 
-0.194733935542 
-0.382708769963 
-0.469078314721 
-0.412252182649 
-0.250774194552 
-0.127551859494 
0.059205847971 
-0.155934593134 
0.137523100323 
-0.050010457909 
-0.183833553097 
-0.370809354282 
-0.145649513945 
0.135204152274 
0.061493217738 
0.335848997126 
0.186853381449 
0.060483787861 
0.204478301645 
0.191214247087 
0.153269023257 
0.237043766197 
0.097103824555 
0.130725184744 
0.033285065052 
0.146280408965 
-0.097674871371 
0.111917602267 
0.110580344543 
-0.117036191687 
-0.295326493268 
-0.350402284297 
-0.304827489784 
-0.377809366131 
-0.302277330281 
-0.184911979704 
-0.371131667891 
-0.404790593306 
-0.580259809905 
-0.345496749419 
-0.180257510357 
-0.453907688059 
-0.404053465651 
-0.318448507231 
-0.349032778368 
-0.427976063194 
-0.259067461437 
-0.333638884188 
-0.289767481168 
-0.370109505925 
-0.314625307047 
-0.299922000444 
-0.199419193612 
-0.186857710445 
-0.108871200620 
-0.196763688906 
-0.217588384234 
-0.257611144293 
-0.128627531828 
-0.157873456438 
-0.244388970053 
-0.225571515831 
-0.254137905272 
-0.376500128297 
-0.369438288138 
-0.400782514785 
-0.587474452765 
-0.377036064733 
-0.272742713958 
-0.213507694422 
-0.104436047658 
-0.263695562558 
-0.209235479446 
0.147429011678 
0.094293319948 
-0.030760412398 
-0.202487805450 
-0.159080106573 
-0.137337804691 
-0.357067772238 
-0.288928457929 
-0.338738913319 
-0.271874650840 
-0.597057688706 
-0.548733572058 
-0.467607613820 
-0.552917979713 
-0.426237220938 
-0.488096060149 
-0.486452254316 
-0.419942791003 
-0.445095566432 
-0.421212447969 
-0.372133986028 
-0.376006670198 
-0.266157328522 
-0.270170233886 
-0.289936920340 
-0.346893792359 
-0.406221804926 
-0.505967269559 
-0.579866823868 
-0.545499183549 
-0.505576327778 
-0.470509456708 
-0.464979048790 
-0.467380706534 
-0.476383476090 
-0.408081660009 
-0.380943888440 
-0.436917194343 
-0.478059366182 
-0.350851804776 
-0.415006091961 
-0.447772092618 
-0.395466160820 
-0.461451851911 
-0.436783825011 
-0.463444045408 
-0.268087279787 
-0.095491449300 
0.091132809969 
0.159521680772 
-0.040591209937 
-0.109292326123 
-0.148978082951 
-0.453780611281 
-0.464836231372 
-0.357197436902 
-0.449295661159 
-0.426447984668 
-0.389884320354 
-0.455348224048 
-0.482574631470 
-0.246638785263 
-0.277891595789 
-0.345854905865 
-0.345884354014 
-0.216979020361 
-0.276070553101 
-0.257261302016 
-0.139646914382 
-0.163575081093 
-0.285445436037 
-0.335220789528 
-0.310647569662 
-0.240051013385 
-0.204120645873 
-0.198082477058 
-0.235172468410 
-0.485220796792 
-0.504421005231 
-0.469717389902 
-0.515736401042 
-0.585098467666 
-0.432721345330 
-0.483060547139 
-0.512974929719 
-0.583341904404 
-0.509512152058 
-0.279729756558 
-0.315895321647 
-0.264736409820 
-0.245433806083 
-0.177810886011 
-0.097462527890 
0.027026845448 
0.058184268516 
0.018625107908 
0.059768465861 
0.194308785797 
0.196305719127 
0.023611808130 
0.165345971998 
0.155170418449 
-0.235589973507 
-0.158107357272 
-0.140006369895 
-0.147190769673 
-0.006123215195 
-0.036439718850 
0.018778496723 
0.021313106431 
-0.123544191367 
-0.116902958447 
-0.240952508819 
-0.276925689080 
-0.249498230767 
-0.136252026300 
-0.145064030198 
-0.136888177470 
-0.145125918163 
-0.134226232190 
-0.092022330671 
-0.098576660133 
-0.106343097498 
-0.099761356884 
-0.135657223113 
-0.103157189422 
-0.044803894124 
-0.072237355186 
-0.006125790172 
0.025405979459 
0.207032496762 
0.092254107630 
0.251213399813 
0.012078433015 
-0.223665467388 
-0.223403522304 
-0.297033049199 
-0.370984244927 
-0.345093785216 
-0.297211757496 
-0.276947453479 
-0.284792818777 
-0.394687572720 
-0.305435397390 
-0.266577239813 
-0.178654152850 
-0.108795657231 
-0.318963476953 
-0.242790653698 
-0.302186082783 
-0.355427255144 
-0.393828891309 
-0.281262061726 
-0.349051346956 
-0.333387649834 
-0.231349204376 
-0.114300948068 
-0.197621701593 
-0.129421954354 
0.050867633355 
0.104606876929 
0.059159903429 
0.187341203231 
0.027465642815 
-0.042481036356 
0.056516418310 
0.110173255775 
-0.035196466427 
0.073064559520 
0.147184119070 
0.037952461419 
0.083569629105 
0.120249712426 
0.124086818982 
0.095810368977 
0.323125490489 
0.208330186365 
0.367340319362 
0.182746034477 
0.257579095402 
0.298884631118 
0.279334847384 
0.393383183683 
0.313075012918 
0.239266488225 
0.154711754733 
0.228668489788 
0.309738961729 
0.465590355739 
0.325289662862 
0.391142625809 
0.331789341511 
0.262771367054 
0.215349552190 
0.345794819344 
0.208892135204 
0.201763125793 
0.229204521909 
0.171453699961 
0.174180242905 
0.330481079172 
0.324854630971 
0.264983491230 
0.165471574543 
0.186494475808 
0.183598734056 
0.190591443434 
0.263636763758 
0.261660477984 
0.195154875861 
0.117314749959 
0.201144495021 
0.197745947737 
0.148563375987 
0.157755957933 
-0.097530602565 
0.157724947377 
0.059660506685 
0.118341866292 
0.067640962291 
0.099333955939 
0.234119918692 
0.179727954724 
0.166008981421 
0.192367406038 
0.256417258104 
0.218072796194 
0.239711952800 
0.179840367630 
0.118653353487 
0.082879711495 
0.213251117109 
0.098752902787 
0.107183071273 
0.347188859341 
0.383854504613 
0.239264051353 
0.194114865248 
0.240822034106 
0.189848962506 
0.308581936218 
0.293595690660 
-0.006934619035 
0.020241829585 
0.038279604996 
0.039966341156 
0.319367114669 
0.377908296670 
0.344269134396 
0.276754885741 
0.207823624576 
0.224682272512 
-0.131078235032 
-0.221122936215 
-0.223602629671 
-0.227299802671 
-0.171046853201 
-0.162158396286 
-0.170373572659 
-0.234337745501 
-0.141464655278 
-0.113845140868 
-0.110540216888 
-0.239271640478 
-0.267685709664 
-0.142674608988 
-0.110640034181 
-0.106175892673 
-0.061184224524 
-0.099085159873 
-0.165044101540 
-0.222557822880 
-0.141349774632 
-0.203579808502 
-0.204927363362 
-0.138071190391 
-0.173302266611 
-0.166360806283 
-0.133951047130 
-0.097546959255 
-0.281970488124 
-0.304758505742 
-0.348868286292 
-0.333392071875 
-0.181470158623 
-0.340390068338 
-0.224085891237 
-0.244682778544 
-0.227535154795 
-0.209916401362 
-0.126925628739 
-0.253540834767 
-0.097566199296 
-0.235273044156 
-0.298939624849 
-0.150412807812 
-0.119100995844 
-0.259222364307 
-0.169083119764 
-0.168028032851 
-0.075296619734 
-0.176797770375 
-0.048100158979 
-0.073885093373 
-0.102365393691 
0.035369102045 
0.121486264089 
-0.072921554426 
-0.279653630415 
-0.372726440420 
-0.399712273810 
-0.361728363931 
-0.399197383277 
-0.409021853118 
-0.186452912499 
-0.345881696858 
-0.285584006734 
-0.136333831758 
-0.258670940666 
-0.228847823417 
-0.435485072781 
-0.418244789381 
-0.491487906207 
-0.507738809034 
-0.508455708124 
-0.461640214960 
-0.356070069638 
-0.381061938148 
-0.307696605453 
-0.304839939278 
-0.348646237007 
-0.329904793162 
-0.323991567824 
-0.435065720896 
-0.302089041669 
-0.173934020743 
-0.009346967251 
-0.067822071318 
-0.053723228386 
-0.160828375910 
-0.031928956954 
-0.079150461181 
-0.017503700445 
-0.076535831812 
-0.080064748812 
-0.047853435141 
0.055783598184 
0.067131103737 
0.057453217981 
0.004391396393 
0.169055036719 
0.235914786946 
0.108279766533 
0.171999978191 
0.288653309713 
0.259095768768 
0.218505895604 
0.085687652945 
0.020923736470 
0.011751191611 
-0.028690468085 
-0.028831981833 
-0.058698918359 
-0.122202130829 
-0.177317053720 
-0.054507881626 
-0.028401976364 
-0.059487831020 
-0.057203644297 
-0.118710977121 
-0.135579573006 
-0.174423565385 
-0.253737418812 
-0.274011453739 
-0.254603801914 
-0.275997856433 
-0.310314011859 
-0.256422642012 
-0.278500721377 
-0.329754174082 
-0.402402103500 
-0.414761152263 
-0.383719484184 
-0.323839321077 
-0.368405193086 
-0.383290943708 
-0.423995473548 
-0.467024003842 
-0.335501084775 
-0.243521151716 
-0.181198127279 
-0.094953630105 
0.051155877267 
0.062342739313 
0.179068172875 
0.187019379572 
0.065719152310 
0.151511803694 
0.151223552247 
0.068649476522 
-0.033772684657 
0.000581947388 
0.022095441296 
0.009275553167 
-0.027520281735 
-0.058884523071 
-0.030817337082 
-0.159310010450 
-0.271775735772 
-0.274435170861 
-0.265927799430 
-0.198584929061 
-0.180603831663 
-0.138849596125 
-0.133704791941 
-0.185381216372 
-0.056533311245 
-0.233827457598 
-0.243943307855 
-0.201106214736 
-0.203355098172 
-0.176341312694 
-0.203376803821 
-0.211962617010 
-0.206144524096 
-0.210166392667 
-0.264588074448 
-0.245550139247 
-0.239711006971 
-0.348899346889 
-0.348706763776 
-0.371342617037 
-0.361127064579 
-0.255398759721 
-0.265382393287 
-0.258287993504 
-0.260142115387 
-0.216173520540 
-0.134674010204 
-0.124037350499 
-0.116293286676 
-0.199659703539 
-0.190507723761 
-0.171439853365 
-0.188860315760 
-0.158931412339 
-0.143975333271 
0.007389593927 
-0.065510577261 
-0.036160436896 
0.019238862738 
0.021214705398 
0.012398763125 
-0.065412970424 
-0.039043514960 
-0.106656797928 
-0.107946356553 
-0.085111563483 
-0.087139357909 
-0.077132351425 
-0.085569659647 
-0.011304396675 
-0.038760906549 
-0.155446811183 
-0.162869021129 
-0.218763002844 
-0.268375867149 
-0.268928212490 
-0.335375264394 
-0.320376633732 
-0.248278337558 
-0.369839863092 
-0.349132083914 
-0.366459871081 
-0.374253174393 
-0.418021701204 
-0.326839054492 
-0.301933664424 
-0.201693636192 
-0.438525671193 
-0.472183917197 
-0.558176380825 
-0.601518784115 
-0.581594859324 
-0.431548613012 
-0.372218030022 
-0.343872144139 
-0.280179446788 
-0.379147636161 
-0.410869638081 
-0.347881372172 
-0.331127640887 
-0.350644664854 
-0.581056084751 
-0.410309140521 
-0.364158235280 
-0.298983082138 
-0.335624456796 
-0.283299961492 
-0.286516696226 
-0.302016297861 
-0.288063211260 
-0.297791942885 
-0.111773718821 
-0.391521049415 
-0.361218732035 
-0.429894889489 
-0.357553428842 
-0.415360557263 
-0.395804808985 
-0.388525152882 
-0.468829298398 
-0.409608225995 
-0.430722926879 
-0.423145857978 
-0.401975321229 
-0.413270104234 
-0.432126442356 
-0.386405400005 
-0.349178638932 
-0.346977405592 
-0.232393738183 
-0.211500030868 
-0.240239972555 
-0.212879681720 
-0.203529325648 
-0.167981334124 
-0.147098761421 
-0.206647157025 
-0.199350457049 
-0.208447540143 
-0.199692924660 
-0.193954633251 
-0.148117280572 
-0.167348770137 
-0.127847813081 
-0.106001621919 
-0.158248955202 
-0.341583434445 
-0.357165598867 
-0.545889863895 
-0.343129777046 
-0.276444842616 
-0.317180555105 
-0.289921460796 
-0.281027300178 
-0.362156596933 
-0.398160385490 
-0.367287942029 
-0.358891385336 
-0.312786947131 
-0.284276000693 
-0.247694817972 
-0.273615913833 
-0.249543572754 
-0.280413149054 
-0.280195554013 
-0.287153047939 
-0.334371282352 
-0.328445444612 
-0.339736350660 
-0.285209917195 
-0.294962735720 
-0.297369782811 
-0.231402170595 
-0.250386149757 
-0.251772642288 
-0.251840800773 
-0.269396789317 
-0.307785045564 
-0.307785045564 
-0.280031201539 
-0.277678696505 
-0.281401593581 
-0.275216181503 
-0.282498640504 
-0.268806179007 
-0.234733234606 
-0.207891339547 
-0.188839500797 
-0.195936967532 
-0.175939273036 
-0.146332985409 
-0.185122232761 
-0.183182166034 
-0.156607794649 
-0.118759991631 
-0.117807894383 
0.095251450399 
0.080373929034 
0.216641041427 
0.239063456631 
0.498646298713 
0.345643170398 
0.356281008003 
0.350838723988 
0.417143834614 
0.428014374058 
0.398548346502 
0.363231783535 
0.247882633254 
0.257672262771 
0.243475078680 
0.362557388211 
0.349187350692 
0.329265211217 
0.350448777037 
0.443137862087 
0.322328988323 
0.339794215482 
0.404534054867 
0.275863848999 
0.260841789060 
0.345234970033 
0.084740752212 
0.257018577238 
0.184936773429 
0.188887199893 
0.063317636028 
0.147364819541 
0.211814026823 
-0.014260802438 
-0.016383268262 
0.042714271422 
0.116288027714 
-0.006123230224 
-0.024535059755 
-0.086560311688 
-0.075514091978 
-0.044389371298 
-0.092852563940 
-0.075675276165 
0.001455773373 
-0.003954226605 
0.072532938009 
-0.022309349183 
-0.049058816202 
-0.028837898935 
-0.042425860483 
0.009844115048 
0.000292863307 
0.091592284268 
0.075314595402 
0.056412232244 
0.066696856024 
0.071079191971 
0.030969524462 
-0.140054685138 
-0.194172696078 
-0.357275455172 
-0.256341603420 
-0.257205636605 
-0.269414038424 
-0.216369924040 
-0.293549940100 
-0.273530996287 
-0.302895926155 
-0.366379656923 
-0.357251302087 
-0.223232469782 
-0.339115635445 
-0.184620226710 
-0.179332646633 
-0.174368469786 
-0.077036674234 
-0.244192070690 
-0.321971181363 
-0.299818145312 
-0.100759187894 
-0.114611645118 
-0.224607890561 
-0.145079819246 
-0.177603078559 
-0.188686776222 
-0.271082780594 
-0.296638883372 
-0.287332236892 
-0.295365138689 
-0.398981692533 
-0.283342774937 
-0.266523571691 
-0.436806295702 
-0.445214360090 
-0.269480251050 
-0.383899222713 
-0.305564360599 
-0.336858307118 
-0.264818175544 
-0.281046507706 
-0.277644358547 
-0.166842379332 
-0.314605893081 
-0.265923452950 
-0.479675705607 
-0.502891355922 
-0.369767716186 
-0.436128311610 
-0.362019022810 
-0.180191598551 
-0.206361574210 
-0.130269843921 
-0.191410253687 
-0.323412461244 
-0.041542948081 
-0.095760336302 
0.073628756359 
0.127755878428 
-0.127795148039 
0.092391453025 
-0.064263906669 
-0.138369031650 
-0.203778292465 
-0.107611373697 
-0.270637350752 
-0.341805942659 
-0.358167888695 
-0.231075975385 
-0.297408280423 
-0.090058374160 
0.130765900442 
0.187643974391 
0.124518748592 
-0.077712033525 
-0.095038610827 
-0.169420919201 
0.022493910181 
0.013782499183 
0.148498017894 
-0.072157216762 
0.045283131117 
-0.101061549513 
-0.113526428465 
-0.080716573175 
-0.298470322140 
0.017515507049 
0.101831762342 
0.111818655745 
-0.266075062375 
-0.245408498513 
-0.572209343617 
-0.592916124037 
-0.455160039652 
-0.284438919891 
-0.204851441743 
-0.266537840119 
-0.177551294477 
-0.144727203288 
-0.177574035525 
-0.277032035704 
-0.107886595653 
-0.226300369057 
-0.132089410566 
0.146566276988 
-0.386480351846 
-0.191798799896 
-0.176886739620 
-0.110655969978 
-0.089199826109 
-0.281411941971 
-0.143525335170 
0.002237883837 
-0.058901546243 
0.067285897737 
-0.014707755552 
-0.054958609502 
0.075754271972 
-0.311809635052 
-0.318668298620 
-0.359392705091 
-0.221479201671 
-0.440386755107 
-0.365459655626 
-0.443332282234 
-0.412850198001 
-0.225781882506 
-0.271454271952 
-0.349223639413 
-0.234589212854 
-0.332986033011 
-0.265233151806 
-0.314318079112 
-0.307285797874 
-0.206176875841 
-0.155447026166 
-0.162506855527 
-0.104710698244 
-0.479687819061 
-0.512926252649 
-0.361026814517 
-0.279346900856 
-0.306011499461 
-0.445884290412 
-0.236905449015 
-0.285640468765 
-0.512067068567 
-0.358426360955 
-0.345103658210 
-0.371329125558 
-0.210273587911 
-0.232316711854 
-0.236183604385 
-0.155090786189 
-0.089238925917 
-0.064595744480 
0.048593659998 
-0.229526193303 
-0.241565951441 
-0.104474146038 
-0.032614549461 
-0.105565068885 
-0.133569482282 
0.044595777915 
0.216790727742 
-0.006643021650 
-0.060811213904 
0.040937607787 
-0.043468111756 
0.190788992871 
0.162999881241 
-0.133225648396 
-0.079159252970 
-0.159601512173 
-0.378237346878 
-0.438324080624 
-0.548688644551 
-0.340731632118 
-0.330357965147 
-0.197046611424 
-0.179215927755 
-0.351754790426 
-0.306762564848 
-0.468292487064 
-0.437160703999 
-0.447498995266 
-0.285066062428 
-0.243155628599 
-0.268026372156 
-0.271020397472 
-0.444397964098 
-0.547771531104 
-0.271281240297 
-0.420563427281 
-0.491925655174 
-0.159917249528 
-0.439450433107 
-0.335426799149 
-0.355563112436 
-0.457957861283 
-0.334215766295 
-0.389233935800 
-0.394380825293 
-0.394104550766 
-0.417023768402 
-0.405000874045 
-0.482691911811 
-0.395312516008 
-0.413634171392 
-0.184095385060 
-0.185080449223 
-0.325415469037 
-0.393361904582 
-0.094298220229 
-0.108860219970 
-0.381038067015 
-0.415557988283 
-0.377052541365 
-0.430323443313 
-0.524516202522 
-0.488810664424 
-0.463513191703 
-0.416954523485 
-0.438437573341 
-0.392636079092 
-0.338257500334 
-0.410302704405 
-0.318775375188 
-0.233157527730 
-0.131109699600 
-0.144268734868 
0.018961589198 
0.033374934606 
-0.125423645871 
-0.167420915142 
-0.131200942758 
0.007304540993 
0.068774534920 
0.045961442052 
0.037682958396 
-0.004551783781 
0.241663746638 
0.205487056993 
0.146978646130 
0.120982195643 
0.143631487007 
0.200399003440 
0.310025884526 
0.193748608061 
0.010082602040 
-0.010076769845 
-0.058011015125 
-0.089691970739 
-0.084073334369 
-0.129820457651 
-0.098397209230 
-0.124330700607 
-0.119585130763 
-0.138055407416 
-0.231041536839 
-0.181426655858 
-0.194667960021 
-0.236419049463 
-0.251171058270 
-0.168634191079 
-0.141765089454 
-0.118831908012 
-0.089091547060 
-0.070774757676 
-0.081862619179 
-0.096579670964 
-0.009113153478 
-0.008934732656 
-0.031044259954 
-0.147488159634 
-0.083927836387 
0.034900153377 
0.157957864156 
0.207985738996 
0.211123364405 
0.283528742645 
0.317110014007 
0.067228615487 
-0.065509052344 
-0.086142644984 
-0.098032547257 
-0.034935096673 
-0.002592199259 
-0.032275205411 
-0.030965499210 
0.097763997904 
0.137594773783 
0.140327652463 
0.004659346014 
-0.022132206004 
0.017016404222 
-0.006760824247 
-0.127721403977 
-0.096585503705 
0.066159058380 
0.079412379318 
0.023903559525 
0.067876325419 
0.088412042216 
0.178120487696 
-0.049602038313 
-0.160561532870 
-0.019025961900 
-0.165828138719 
-0.149266743671 
-0.187652842901 
-0.178903127760 
-0.116532584635 
-0.072991046756 
-0.101086584621 
-0.115473769409 
-0.157732119772 
-0.183768629350 
-0.309975938258 
-0.385251174784 
-0.398421075624 
-0.361281401155 
-0.396058758306 
-0.396346638471 
-0.294922362879 
-0.200575267462 
-0.220406354471 
-0.225993270552 
-0.231464643550 
-0.010383481919 
0.094092773588 
-0.105209566465 
-0.209516803575 
-0.153443599928 
-0.226964942617 
-0.080677176433 
-0.240410876256 
-0.240121582428 
-0.293331850064 
-0.199932449956 
-0.225784389875 
-0.253966109717 
-0.347197091514 
-0.383860717747 
-0.383501206420 
-0.345615193850 
-0.357517359417 
-0.369423474463 
-0.410712949601 
-0.333413066523 
-0.300821469599 
-0.268135303596 
-0.271551884016 
-0.274792121761 
-0.292286846584 
0.008612776680 
0.137309687481 
0.146549077816 
0.021132544829 
-0.027537691771 
-0.027649538210 
-0.002355899370 
-0.007171034033 
0.050167299229 
0.078230410370 
0.078067678234 
0.055544196176 
0.037674910886 
0.031007385821 
0.053148217261 
0.062834300641 
0.058676260409 
0.052053451082 
0.048494296008 
-0.047542359025 
-0.086330487094 
-0.311279021375 
-0.266654093389 
-0.259040670576 
-0.210417540994 
-0.147454839359 
-0.138895057992 
-0.180134248548 
-0.207070563028 
-0.205470685874 
-0.219406704306 
-0.219159368216 
-0.112516373857 
-0.112762118892 
-0.013203574394 
-0.028791499972 
-0.022254853811 
-0.025939679837 
-0.095397871959 
-0.084989635728 
-0.049004862604 
-0.059803573830 
0.042898908009 
0.075315915870 
0.075447770607 
-0.521670601023 
-0.318579053467 
-0.342904442172 
-0.282710963489 
-0.269881866746 
-0.346239815932 
-0.298896198840 
-0.252597369455 
-0.331307372420 
-0.409984777625 
-0.348429061900 
-0.185463546836 
-0.101916729601 
-0.297600067453 
-0.271130063837 
-0.167383741339 
-0.013174975370 
0.026206194842 
-0.036071124582 
0.126422631157 
0.050134237857 
0.051945822507 
0.134141665123 
0.106580973496 
-0.031195880108 
-0.039166704876 
-0.016099354159 
0.116532745229 
0.006165805778 
0.216775495401 
0.265423097065 
-0.072066559204 
-0.437427367740 
-0.516524332235 
-0.445611241964 
-0.455374911576 
-0.422268561019 
-0.379715019041 
-0.393731978547 
-0.493570883928 
-0.413215878077 
-0.428925832471 
-0.407920868408 
-0.227869437305 
-0.063063649188 
-0.141481196235 
-0.282421504671 
-0.222522240072 
-0.210390526185 
-0.069488138146 
-0.006006839857 
0.041106300477 
-0.025681515398 
-0.140803323549 
-0.179308812343 
-0.254961470356 
-0.139373593225 
-0.142495656758 
-0.057700512144 
-0.041468896602 
0.057676465696 
-0.001923435326 
-0.062297250728 
0.018269026767 
0.192833945010 
0.062083134247 
0.092163782520 
0.003919657192 
-0.009961842484 
-0.014303341700 
-0.020055168858 
0.011428155447 
0.040806478723 
-0.033659558101 
0.020440824677 
0.037275242827 
0.049262794299 
-0.035241844680 
0.004759323851 
-0.022395585769 
0.047790921302 
-0.011372596441 
0.005085318853 
-0.018103535594 
0.018339767045 
-0.085314367718 
-0.113766996331 
-0.298631936295 
-0.389149939690 
-0.347319574124 
-0.371019768164 
-0.391474572184 
-0.475428940537 
-0.275003359959 
-0.275041432135 
-0.213370755274 
-0.251357135435 
-0.209744550187 
-0.172159071243 
-0.239653559695 
-0.400908095203 
-0.416713456152 
-0.439236719509 
-0.456438357393 
-0.232743321674 
-0.183456554234 
-0.407235246932 
-0.311021047671 
-0.302263400809 
-0.317893484534 
-0.260241974646 
-0.321041389032 
-0.326951650414 
-0.404296831731 
-0.340049794900 
-0.169407810284 
-0.168700498110 
-0.205734532846 
-0.133024813347 
-0.272870233991 
-0.346945922627 
-0.332346104926 
-0.088577855933 
-0.096994163905 
-0.096104589258 
-0.090143961979 
-0.068374210902 
-0.056608153779 
-0.030618333755 
-0.011964506365 
-0.103757491740 
-0.090873923601 
0.019176406620 
0.049807583887 
-0.054437905959 
-0.083616013196 
-0.044558663994 
-0.008718797658 
0.040062469855 
-0.031891179300 
0.014000702905 
-0.016496833768 
0.032019548369 
0.014162535300 
0.031471003150 
-0.036417050310 
-0.065821421343 
0.002318510967 
-0.023562048718 
-0.024402078458 
-0.021231796357 
-0.107714367819 
-0.112777730407 
-0.071674587298 
-0.073861273144 
-0.117038076835 
-0.155098634631 
-0.153699483035 
-0.153764726540 
-0.161392049218 
-0.143394506825 
-0.115151492285 
-0.112603746726 
-0.082678654314 
-0.023532784334 
0.038878259056 
0.038463935250 
0.079128563862 
0.056856828223 
-0.003641415974 
-0.034116152028 
-0.061140731656 
-0.064453952798 
-0.034398745274 
-0.134313813515 
-0.161752021447 
-0.158562341486 
-0.124288306882 
-0.127279801286 
-0.201495002599 
-0.231384183709 
-0.116672759181 
-0.107878301787 
-0.088490196829 
-0.091607821304 
-0.167771302604 
-0.234827783866 
-0.246723548083 
-0.104506190218 
-0.017422225326 
0.286403816304 
0.056548377522 
0.047039529837 
0.110974025519 
-0.077461798661 
-0.145292810606 
0.206003958651 
0.308614200155 
0.314501094557 
0.200725354553 
0.259667813181 
0.248784317104 
0.014574367941 
0.098475197373 
0.083964031851 
0.065563994154 
-0.007579181674 
0.179674148704 
0.218965905948 
0.017608549281 
0.032028200801 
0.144822493599 
0.137653840472 
0.099483693155 
0.029670041690 
0.063612674249 
-0.157083972949 
-0.159254050214 
-0.115748460645 
-0.137182703489 
-0.112139943421 
-0.095326520073 
0.021016985895 
-0.001706920258 
-0.012578862446 
0.032576356849 
0.082252482641 
0.134885576850 
-0.053738181898 
-0.041347529752 
-0.076077535297 
-0.100467728984 
-0.094961680462 
-0.193458581114 
-0.245313417921 
-0.219045663810 
-0.300914196969 
-0.202860686792 
-0.280346661395 
-0.288869983950 
-0.333656082224 
-0.306202677575 
-0.212483540546 
-0.138126717764 
-0.106641887350 
-0.105210471976 
0.004022456745 
-0.045476224512 
-0.014525175346 
-0.115520415138 
-0.135421805117 
-0.242918530239 
-0.192359977221 
-0.306329248894 
-0.116684353657 
-0.105694381082 
-0.096083192298 
-0.201417512869 
-0.260910897159 
-0.296031112011 
-0.324002390312 
-0.346683016858 
-0.364153272277 
-0.486991417478 
-0.438777541882 
-0.326342748184 
-0.317800138051 
-0.324066870523 
-0.434035812862 
-0.327001841534 
-0.542285757087 
-0.413823303813 
-0.444031707171 
-0.380617148025 
-0.493935156886 
-0.511742933742 
-0.425842319480 
-0.447722722623 
-0.350686994385 
-0.156136993674 
0.044597916265 
0.059242852925 
-0.011684556032 
0.014041017709 
-0.028003616926 
-0.238165647459 
-0.247555054754 
-0.176802027986 
-0.145300132479 
-0.137171724671 
-0.087054777451 
-0.123995325957 
-0.173568147003 
-0.179065612974 
-0.183088195789 
-0.217687070857 
-0.216929086190 
-0.261824153828 
-0.182706613665 
-0.281896904693 
-0.252801311842 
-0.381811950281 
-0.224147534048 
-0.252540690044 
-0.239662106662 
-0.223505677226 
0.045239152069 
0.084442451909 
0.069375466919 
0.055333929596 
0.072165431946 
0.012211203983 
0.032972320032 
0.082721814103 
0.072038562709 
0.066624716671 
0.081089842870 
-0.045098229478 
-0.197485659642 
-0.123951236893 
-0.202308869234 
-0.159543740875 
-0.182164038334 
-0.237644847838 
-0.275195438163 
-0.256229912562 
-0.309384003985 
-0.152112872701 
-0.076167009061 
-0.125554662170 
-0.111060775250 
-0.096593171972 
-0.099501811226 
-0.295186386845 
-0.264187472120 
-0.357047759765 
-0.272813867875 
-0.273952620655 
-0.180207876322 
-0.086519262724 
-0.091990353856 
-0.202297542021 
-0.219790766008 
-0.383749964165 
-0.054248056564 
-0.190105794021 
-0.192523788884 
-0.409483475609 
-0.474982917022 
-0.194388760845 
-0.237305423657 
-0.199610924182 
-0.248415218984 
-0.348199653732 
-0.378721357745 
-0.428462593863 
-0.358529248125 
-0.329496830938 
-0.483645141305 
-0.531949288129 
-0.515433458459 
-0.495033802306 
-0.587578616618 
-0.517118066982 
-0.585385955944 
-0.599200826704 
-0.554701645108 
-0.534541102615 
-0.529658378052 
-0.521326404668 
-0.411578863481 
-0.296167801250 
-0.542925312274 
-0.249634939511 
-0.207046658798 
-0.264503543555 
-0.442983663094 
-0.417272373480 
-0.368733717766 
-0.346886829745 
-0.260198921285 
-0.010337220625 
-0.050126545253 
0.011809053105 
-0.092933787070 
-0.048850985314 
-0.150047184589 
0.039673932490 
0.073530867454 
-0.148354640276 
0.154718723028 
0.292639661461 
0.386322927742 
0.086412158447 
-0.090493548380 
0.051475773353 
-0.105705509749 
0.141975858780 
0.069050931961 
0.032208354710 
0.018542400329 
0.061369147294 
-0.004732008973 
-0.278057772879 
-0.565997989561 
-0.543652240586 
-0.160886630820 
-0.250461677944 
-0.178293280240 
-0.131618343683 
-0.069529811364 
-0.187617685199 
-0.151281964786 
-0.129493376707 
-0.116255998241 
-0.094017890763 
-0.141689064127 
-0.054635196439 
0.020704030825 
0.157817971450 
-0.080524139339 
-0.152767305484 
-0.127953760527 
-0.123796231925 
0.115075381701 
0.072952696128 
-0.009839205744 
0.039792907856 
-0.094465018982 
0.048363846367 
-0.088695225593 
0.143327004119 
-0.043925450024 
0.023476461152 
0.051532518326 
0.051317613517 
0.026815115504 
0.034638452123 
0.047820348385 
0.136736183670 
0.073031362637 
0.120384167443 
0.011360208299 
0.050801613225 
0.016621764435 
0.026444989764 
0.051835083210 
0.152013852955 
0.161529267344 
0.105070598530 
0.130451483079 
-0.073850685689 
-0.061670594284 
0.013194663709 
-0.131569604496 
0.005589888026 
0.064386501090 
0.074724908415 
0.128224861081 
0.152257137887 
0.202640678809 
-0.009241921857 
-0.130777200513 
-0.135112215414 
-0.214935590231 
-0.335090737621 
-0.425121792794 
-0.544771015041 
-0.377497740503 
-0.436990475706 
-0.464415791619 
-0.497671193056 
-0.415659506485 
-0.297748517254 
-0.286194755419 
-0.233029531639 
-0.232627975822 
-0.208105517793 
-0.212558821502 
-0.277161047297 
-0.338783577113 
-0.320249217326 
-0.295193769068 
-0.214788075471 
-0.335668561655 
-0.320953898862 
-0.286002198409 
-0.235356712641 
-0.278473070309 
-0.300388813300 
-0.307262165922 
-0.454699522842 
-0.480169142547 
-0.506646573720 
-0.415204546271 
-0.545737009258 
-0.375284804138 
-0.358709425426 
-0.600622625472 
-0.459456475373 
-0.354800539333 
-0.381339656219 
-0.349228089885 
-0.513028545559 
-0.412977259378 
-0.417018356216 
-0.415666704051 
-0.331690330192 
-0.321497126114 
-0.175511932878 
-0.192029057822 
-0.231044448898 
-0.255037216073 
-0.251808102691 
-0.169902338499 
-0.138670944355 
-0.115474295525 
-0.107754034694 
-0.118671950892 
-0.111440769929 
-0.124994567570 
-0.094390605305 
-0.068221594613 
-0.067256301332 
-0.096494666606 
-0.073622470399 
-0.084753107037 
-0.175555400179 
-0.222365426110 
-0.166865642425 
-0.137329989717 
-0.075789994017 
-0.032474488318 
-0.025586695802 
-0.052160745455 
0.054634842016 
0.098492853282 
0.112214105724 
-0.049419728036 
-0.120685495335 
-0.113201454283 
-0.084307223108 
-0.131589653395 
-0.174183021385 
-0.109731198736 
-0.163797955673 
-0.137394586337 
-0.151712560224 
-0.129408154715 
-0.174561125365 
-0.204448273674 
-0.182453418194 
-0.292336561292 
-0.288426506783 
-0.232183922050 
-0.229554724033 
-0.126794115217 
-0.135444675122 
-0.123200034139 
-0.059099752784 
-0.068703008084 
-0.135246433775 
-0.129098706049 
-0.188261736893 
-0.201200704472 
-0.266484275264 
-0.228524983919 
-0.212902727946 
-0.235593614033 
-0.222103868712 
-0.246605584262 
-0.201657899810 
-0.181952362849 
-0.383726037712 
-0.362334581741 
-0.299670771486 
-0.361141060557 
-0.354114129040 
-0.348969275709 
-0.443168532938 
-0.428987844311 
-0.606361979828 
-0.552218811141 
-0.511636959460 
-0.502134822063 
-0.502084596662 
-0.421636656752 
-0.434101663711 
-0.356599815945 
-0.396982236276 
-0.324142910680 
-0.319149253817 
-0.278709749425 
-0.223109435808 
-0.298817191829 
-0.299452578564 
-0.313317593248 
-0.337232025298 
-0.338620770836 
-0.351300365260 
-0.268954063868 
-0.240594950905 
-0.247207354145 
-0.138253284357 
-0.140481695698 
-0.133403865217 
-0.153168270149 
-0.173100341286 
-0.176305683316 
-0.164221725893 
-0.186975945268 
-0.262192499750 
-0.215890304155 
-0.210140711961 
-0.343355168828 
-0.332768479927 
-0.356847779861 
-0.295024361560 
-0.432882125133 
-0.434819555881 
-0.421704704614 
-0.449376225185 
-0.414155146731 
-0.389835017852 
-0.371647145488 
-0.306664706985 
-0.298769076848 
-0.403232116331 
-0.384751194804 
-0.402140610054 
-0.395130271015 
-0.351920532002 
-0.387891297275 
-0.210626799903 
-0.240290347009 
-0.370315235587 
-0.427145424980 
-0.416899538694 
-0.474376243885 
-0.486725688826 
-0.452038095394 
-0.562139237635 
-0.597489465933 
-0.586794896311 
-0.516749026054 
-0.477443958085 
-0.197268975007 
-0.232888606151 
-0.172284029685 
-0.186953733505 
-0.168389108425 
-0.156968780796 
-0.113037277703 
-0.171625484428 
-0.178161552356 
-0.177397849985 
-0.119514931499 
-0.138283756860 
-0.134983618054 
-0.210336247369 
-0.242600533539 
-0.243819857243 
-0.259480624697 
-0.337069231823 
-0.330708248714 
-0.379896846979 
-0.375959786475 
-0.366883598832 
-0.422910130546 
-0.381400443682 
-0.385519008415 
-0.371981473033 
-0.364260609350 
-0.263327169634 
-0.273194685865 
-0.236554600747 
-0.270922268278 
-0.259420261695 
-0.315076599672 
-0.321237481382 
-0.453661468455 
-0.472037811807 
-0.484935079039 
-0.454317282392 
-0.345758981182 
-0.368332194870 
-0.365854313010 
-0.321053790018 
-0.331002736761 
-0.420336660231 
-0.471081711912 
-0.486850507314 
-0.459087768368 
-0.459973436230 
-0.554716374171 
-0.571898487092 
-0.554237751606 
-0.452549319522 
-0.408318539139 
-0.345599268792 
-0.540808853242 
-0.455256243353 
-0.564363223185 
-0.536011447604 
-0.532509386120 
-0.541323310883 
-0.485396973603 
-0.380815981346 
-0.336967189394 
-0.349086180841 
-0.288132329294 
-0.307922945212 
-0.340468793240 
-0.345244918201 
-0.358523379799 
-0.337415234139 
-0.353577634022 
-0.357171234268 
-0.365623246842 
-0.356453810201 
-0.370558500459 
-0.343903969512 
-0.335149799456 
-0.359695139698 
-0.311335357613 
-0.297871857591 
-0.227804244289 
-0.195675179565 
-0.377511768052 
-0.382929992145 
-0.328960501559 
-0.400497427893 
-0.344485712402 
-0.379165872528 
-0.378148062177 
-0.360820659558 
-0.461755370687 
-0.594509910596 
-0.495546852169 
-0.543569758178 
-0.575981786246 
-0.521593005871 
-0.563361716695 
-0.534683722825 
-0.464753025179 
-0.490378391888 
-0.461503926072 
-0.470086944464 
-0.431581556153 
-0.430822367608 
-0.452044612206 
-0.434472526343 
-0.417426834250 
-0.405486487324 
-0.442381064049 
-0.484321096700 
-0.465461800446 
-0.563352499268 
-0.559506516127 
-0.493384743721 
-0.247329604774 
-0.179173757875 
-0.349706856807 
-0.329300337672 
-0.342650819275 
-0.268840538084 
-0.397737655195 
-0.437218228215 
-0.346422113306 
-0.187606771537 
-0.124783575124 
-0.099039043685 
-0.145114788102 
-0.120735020434 
0.009595784035 
0.055332974557 
0.116091397602 
0.045081725204 
0.082478220980 
-0.023371294732 
-0.022019230609 
0.043124616183 
0.132491777626 
0.057948166536 
0.092434279832 
0.128880164716 
0.055616114091 
-0.000725826256 
-0.070669763211 
-0.020376981348 
0.042004108844 
0.210644019571 
0.253437025152 
0.285413669403 
0.018184378049 
-0.010855509791 
-0.101151489784 
0.041754636430 
-0.027325426328 
-0.074243451734 
-0.167853102823 
-0.338980486744 
-0.339711705394 
-0.120653398715 
-0.145538241223 
-0.119542800020 
-0.074986139504 
-0.120514969882 
-0.185643372685 
-0.161587851313 
-0.191816736428 
-0.114400682932 
-0.178995306257 
-0.330660896294 
-0.360389624662 
-0.281410484194 
-0.307326438314 
-0.247153673602 
-0.249211543311 
-0.261032794416 
-0.128254785725 
-0.123210115048 
-0.093969803485 
-0.002312658949 
0.031651676929 
0.031837843848 
0.031343213100 
-0.048938182306 
-0.036780570913 
0.056573597799 
0.002829474392 
0.102521209115 
0.106560634425 
0.100937850141 
0.053020666242 
0.027915859392 
0.007195584615 
-0.044215334214 
0.164076477301 
0.035699725637 
0.034865958935 
0.090460850389 
0.103924538104 
0.264921268218 
0.111473837552 
0.183770486784 
0.249082884103 
0.140754406408 
0.123426839497 
0.277539650836 
0.134098644457 
-0.185964229906 
-0.153222925287 
-0.142390891884 
-0.117562686686 
-0.101156231300 
-0.079538252020 
-0.079298317822 
-0.088156793627 
-0.125341715738 
-0.133461430168 
-0.169915561805 
-0.191539720230 
-0.162287591346 
-0.169768032712 
-0.192971037312 
-0.206676133442 
-0.135590411286 
-0.109099305243 
-0.085615395056 
-0.123226097662 
-0.104153137016 
-0.093625067037 
-0.081247210344 
-0.216376048966 
-0.352170161322 
-0.431923263792 
-0.364976217137 
-0.319116169389 
-0.352983427046 
-0.461301397715 
-0.322549787353 
-0.372070997657 
-0.364330145284 
-0.395000788895 
-0.380279905120 
-0.296982798781 
-0.301667034754 
-0.293811495124 
-0.298926658895 
-0.253413118688 
-0.379448103231 
-0.246189697804 
-0.225411806904 
-0.292149830816 
-0.369848173757 
-0.404982089262 
-0.450022603474 
-0.350975302513 
-0.379742303126 
-0.366657417205 
-0.358350967092 
-0.368435939669 
-0.414606926687 
-0.424525250435 
-0.420138659935 
-0.384206174465 
-0.404948091899 
-0.403003071602 
-0.434259933625 
-0.330895619263 
-0.432853475901 
-0.471086452081 
-0.443005651340 
-0.447288163093 
-0.548184824175 
-0.425369188736 
-0.447439195811 
-0.421056584764 
-0.517319786635 
-0.444395227811 
-0.522215369319 
-0.483973588199 
-0.548186100547 
-0.456861585284 
-0.362970101680 
-0.278470905946 
-0.338176205467 
-0.326741624731 
-0.406137634743 
-0.336182213964 
-0.355924396755 
-0.257449109972 
-0.185951505990 
-0.180537739169 
-0.116363569168 
-0.045193932057 
0.103604005430 
0.040376585212 
0.228509168317 
0.342481261639 
0.332501380294 
0.282766759721 
0.155831865945 
0.216069977164 
0.257990578194 
0.303500077098 
0.178945862733 
0.254853104084 
0.091812700642 
0.245664863439 
0.158063021798 
0.088218236642 
0.130541573558 
0.114883545450 
0.058876332845 
0.206630307045 
0.286300071551 
0.249984184319 
0.264600030788 
0.149528792178 
0.110503004767 
0.239134517713 
0.127985017909 
0.199478259069 
0.153973594039 
0.135465868759 
0.088857301035 
-0.195440556479 
-0.319967557371 
-0.398521137183 
-0.444860398203 
-0.405998518604 
-0.493857216163 
-0.435537013774 
-0.340741349597 
-0.438945381614 
-0.412235927199 
-0.317003480915 
-0.300255920051 
-0.199706256574 
-0.204448778286 
-0.192420963751 
-0.185129274132 
-0.094071692363 
-0.141601441076 
-0.428284798521 
-0.437249078772 
-0.449553083172 
-0.484557556384 
-0.498831897644 
-0.469556403308 
-0.426802771529 
-0.330588934340 
-0.184682226686 
-0.187993347055 
-0.301708937069 
-0.294244825009 
-0.319653375533 
-0.305055039400 
-0.260884825032 
-0.280537786716 
-0.365205850856 
-0.375076047566 
-0.153818525557 
-0.161460937657 
-0.367330521976 
-0.443456967928 
-0.514931121217 
-0.524199784161 
-0.505522466772 
-0.540798248957 
-0.470599853164 
-0.486181966922 
-0.386493690180 
-0.461559234487 
-0.427244598122 
-0.415213787121 
-0.477364322519 
-0.428326901232 
-0.398217864432 
-0.419989652807 
-0.400057979781 
-0.286904829240 
-0.250089370968 
-0.221628672077 
-0.187713912425 
-0.183005068900 
-0.188922732750 
-0.138822398184 
-0.092455678671 
-0.086568315584 
-0.099829291855 
-0.083232589497 
-0.121003415476 
-0.213780026154 
0.012575371415 
-0.205784140098 
-0.121319767062 
-0.128571286362 
-0.156559561311 
-0.154291795544 
-0.128029602916 
-0.145250087506 
-0.118254250305 
-0.055829805572 
0.000660440059 
-0.052853898954 
-0.053264848315 
-0.032867032724 
-0.035607584819 
-0.037270197938 
0.114215077682 
0.108304342897 
-0.035821205951 
-0.005769470863 
-0.006059352270 
0.034425563162 
0.031560744135 
0.047022854748 
0.131549282816 
0.061572523143 
0.057373013329 
0.085426118873 
0.064900467389 
0.112651882143 
0.050685886031 
0.036637503462 
-0.113669256713 
-0.150210778761 
-0.083183830306 
-0.077258788036 
-0.097251282823 
-0.084721742666 
-0.089996754843 
-0.104624631034 
-0.105068479251 
-0.114069439343 
-0.185910405079 
-0.185567498568 
-0.088250457817 
-0.117278202748 
-0.075729540850 
-0.096809317444 
-0.288099972698 
-0.348063240427 
-0.347031651509 
-0.374489776915 
-0.369289389585 
-0.334338555729 
-0.362868833623 
-0.353009505781 
-0.332910457581 
-0.323000560309 
-0.289303676848 
-0.259756977359 
-0.341249196798 
-0.312930243704 
-0.272629899074 
-0.261714294131 
-0.313338364376 
-0.328099061260 
-0.301012596528 
-0.219133972568 
-0.153369253935 
-0.185282202986 
-0.155114983031 
-0.129215411722 
-0.149579278395 
-0.134327617677 
-0.166035995850 
-0.223444126873 
-0.261421560568 
-0.187654527453 
-0.060681012537 
-0.064898186171 
-0.135438703239 
-0.201012540550 
-0.244551102466 
-0.047132541650 
-0.096561211660 
-0.059628566717 
-0.038232017903 
-0.049453199640 
-0.050127829845 
0.062839242698 
-0.043451056302 
-0.024050639449 
-0.036501588145 
0.032823674236 
0.030257699175 
0.070440906935 
0.065476108130 
0.006472640298 
-0.082464423673 
-0.140653637188 
-0.141860243777 
-0.097465301615 
-0.031108242052 
-0.038392555130 
-0.352489927371 
-0.447969450779 
-0.367405871703 
-0.480015811784 
-0.477836868286 
-0.401971124114 
-0.333559844489 
-0.438891847645 
-0.397103867791 
-0.043224651715 
-0.015637751865 
-0.041501725927 
-0.108707298245 
-0.140472883890 
0.161143126684 
-0.135443021226 
-0.315375277189 
-0.391546357436 
-0.302492207110 
-0.420909065460 
-0.540354298603 
-0.598441021163 
-0.420983343282 
-0.401833139698 
-0.400413087961 
-0.430662481950 
-0.310887221124 
-0.372934363515 
-0.341176091256 
-0.241074402943 
-0.282540080877 
-0.338427933708 
-0.315740262203 
-0.243875112143 
-0.240111056144 
-0.170017123338 
-0.215878157108 
-0.217441645966 
-0.215049392579 
-0.211560192447 
-0.167680449676 
0.003229613518 
0.022472485517 
-0.122974048157 
-0.446249024250 
-0.372855714981 
-0.267690358136 
-0.198745105982 
-0.222399515235 
-0.088730826210 
-0.104287321601 
0.024342142752 
0.122017476704 
0.115132569168 
0.256737652565 
0.117963976801 
0.016995537083 
-0.267350562851 
-0.222641340797 
0.043020368926 
0.050206270917 
-0.231034673603 
-0.131591335594 
-0.315748226983 
-0.211347137172 
-0.154836249140 
-0.143091123980 
-0.274673620000 
-0.135333106271 
-0.268414950107 
-0.090603220372 
-0.133636628992 
-0.292419713645 
-0.297420071257 
-0.376615310077 
-0.454854995208 
-0.261223687937 
-0.251293418768 
-0.343011322335 
-0.493900456795 
-0.269621182178 
-0.229164569248 
-0.187520140438 
-0.497384781041 
-0.434750604079 
-0.300009320509 
-0.359932878955 
-0.251829663593 
-0.215352307408 
-0.106557166622 
-0.154796551384 
-0.141110342858 
-0.059353950684 
-0.071676264166 
-0.115132405419 
-0.139633122087 
-0.132317604077 
-0.063762463362 
0.046079226231 
-0.005122006382 
0.003176205874 
0.047786691345 
0.005429479338 
-0.018315957570 
0.066762718800 
-0.043761436668 
0.007094216560 
0.002732392286 
0.032359300317 
0.088298570990 
0.250397558946 
0.212680501608 
0.226442899640 
0.225838495310 
0.224871015222 
0.376707051488 
0.156149478214 
0.202625274248 
0.098437485213 
0.190161103504 
0.270229657169 
0.198368461510 
-0.012010449275 
-0.066008110381 
-0.059375190901 
-0.037086967651 
0.094764205301 
-0.086387902486 
-0.158218018482 
-0.154879468139 
-0.076462155466 
0.006402126794 
0.010893858264 
0.167386778248 
0.146486189411 
0.092890659652 
0.101723644221 
-0.001045834122 
0.113277856388 
0.172255528975 
0.267951695128 
0.111986484578 
-0.033318331964 
0.173848050127 
0.001260952035 
0.111523446805 
0.013318504944 
-0.146185665961 
0.017052353822 
-0.341037711338 
-0.364658048579 
-0.338469425237 
-0.277164197976 
-0.234180934181 
-0.319446808262 
-0.297843363318 
-0.430687003515 
-0.419246334797 
-0.445129556232 
-0.450239283898 
-0.355810219218 
-0.276253494769 
-0.270999632922 
-0.515451406163 
-0.537184393140 
-0.341050912330 
-0.327819550166 
-0.397149874403 
-0.393036695398 
-0.414623932019 
-0.335095150639 
-0.362418478659 
-0.464937678252 
-0.462967998481 
-0.504360915484 
-0.333580798831 
-0.314758309215 
-0.396372228635 
-0.178037396454 
-0.020720028463 
-0.026393930446 
-0.072478421463 
0.083074814232 
0.097335106738 
-0.183038758520 
-0.229687549095 
-0.051034207734 
-0.078891217714 
0.078654082548 
0.327644019986 
0.195992726732 
0.137967843069 
0.262118811019 
0.089044366661 
0.090151007668 
-0.056369028595 
-0.023488423570 
0.254211631153 
0.111271349032 
-0.025350057012 
-0.031916627257 
0.060971870603 
0.084553692930 
0.149167159091 
0.074621379839 
0.084804576062 
0.078269310071 
0.093235860184 
0.156341013003 
0.147926264605 
0.135288847202 
0.084898765189 
-0.007773441003 
-0.108919043144 
-0.025126518062 
0.008700578223 
0.208086630932 
0.290142559150 
0.226149263745 
0.069171204384 
-0.006648572220 
-0.051091497666 
0.007657497155 
0.066070274564 
0.195565242061 
0.256481159754 
0.006465184951 
0.008844587884 
0.081957205589 
-0.207568553987 
-0.213159480195 
-0.311659690937 
-0.145909080541 
-0.085998013421 
-0.037004102747 
-0.116519584452 
-0.007128494921 
0.159868207653 
0.075812548942 
0.116432669935 
-0.017685920694 
0.098925554183 
0.073182020142 
0.073812556359 
0.130279045760 
0.198891683482 
0.104044827994 
0.170781177964 
0.192989615729 
0.241125791152 
0.168902834424 
0.122313302601 
0.131172460370 
0.145459483157 
0.037549695976 
0.249242035161 
0.302015434052 
0.276160259780 
0.163506667796 
0.198315180422 
0.007126184097 
0.112363718385 
0.131467725752 
0.032425802935 
0.078908604604 
0.046319280784 
0.076050545412 
0.017967979746 
0.034602601918 
0.122307409418 
0.091971422599 
0.104640018502 
0.128079708313 
0.051074575074 
0.051074575074 
0.078984071842 
0.076795950059 
0.034030258458 
0.096763664704 
0.089331890642 
0.090753567217 
0.043235352627 
-0.015114742513 
0.028483791897 
0.031652379318 
0.105764661092 
0.122661918677 
0.313534029970 
0.210280255753 
0.259671916847 
0.045202667553 
0.103639046258 
0.089467161609 
0.149112942799 
0.100863077167 
0.149799253814 
0.104971645311 
0.099325756953 
-0.008498934236 
-0.007071725079 
-0.032944840540 
-0.093488144577 
-0.006082286566 
-0.027229990557 
0.117382533214 
0.072415334245 
0.056152650991 
0.029888271939 
-0.034110195434 
-0.145857850447 
-0.118365742943 
-0.180996088886 
-0.183070758025 
-0.229063129682 
-0.268877357623 
-0.318630221241 
-0.216400519279 
-0.203716191483 
-0.129274391543 
-0.122913720794 
-0.373886012135 
-0.366758406845 
-0.385715404148 
-0.424025661959 
-0.375723531233 
-0.481896180205 
-0.456364730263 
-0.406529218934 
-0.389996403120 
-0.114970809073 
-0.099405614102 
-0.085622631168 
-0.289271916723 
-0.378597183250 
-0.378810132894 
-0.472200219917 
-0.471151803481 
-0.412998808384 
-0.478096255034 
-0.349518636481 
-0.113679757250 
-0.263794857735 
-0.385099602395 
-0.393850085505 
-0.379178763083 
-0.430520938272 
-0.301820349481 
-0.311315023542 
-0.337654222083 
-0.337786906592 
-0.340381028546 
-0.316123165701 
-0.435807865756 
-0.352954222307 
-0.274883992178 
-0.275937918261 
-0.388962813580 
-0.417772211325 
-0.334102238280 
-0.448161627779 
-0.517329422192 
-0.558117691756 
-0.541348785701 
-0.544787849793 
-0.431838784062 
-0.569066547960 
-0.499082779607 
-0.520978370893 
-0.500047347403 
-0.628387883709 
-0.570603986996 
-0.518791994581 
-0.583652993900 
-0.485566323869 
-0.328971428967 
-0.261034430091 
-0.228406559977 
-0.231345742106 
-0.192792795946 
-0.156286981221 
-0.041261823391 
-0.036843694625 
-0.225753049447 
-0.118450376389 
-0.113564557517 
-0.120964318550 
0.049302064485 
0.291508262274 
0.287590549342 
0.259481344920 
0.055904861369 
-0.004467921935 
-0.052818059020 
-0.055913238981 
-0.052563259319 
0.081658878125 
-0.011918490538 
-0.012707397410 
0.022470752486 
-0.101682045037 
-0.043769665777 
-0.319127665897 
-0.296622776759 
-0.248305595987 
-0.247003435453 
-0.218215599420 
-0.267755779752 
-0.272424467444 
-0.362735036670 
-0.375133449808 
-0.230552941764 
-0.302425343143 
-0.098814324775 
-0.016603625315 
0.069301814774 
-0.153187767302 
-0.132263552997 
0.040608186210 
0.126028177928 
-0.027139013761 
0.049796540835 
0.004989900318 
0.061443294235 
-0.008084639816 
0.007531214834 
-0.074271253873 
-0.012316471334 
-0.057862406704 
-0.166646369680 
-0.364540970597 
-0.409130206369 
-0.137942935499 
-0.293604064877 
-0.410413258396 
-0.333871881795 
-0.366127666043 
-0.445697572885 
-0.139061375846 
-0.390681689824 
-0.349366044286 
-0.430407799107 
-0.161843787655 
-0.228009947535 
-0.273812792465 
-0.676240832067 
-0.671996700086 
-0.525021614581 
-0.492753648493 
-0.406883185671 
-0.326404113282 
-0.406208811419 
-0.450807107706 
-0.546515900815 
-0.442165786689 
-0.490575832997 
-0.500351694249 
-0.460944434552 
-0.467833133394 
-0.450978601770 
-0.595918816973 
-0.501999426431 
-0.286502992656 
-0.299291281141 
-0.395419310489 
-0.389565330511 
-0.257051039634 
-0.215227501234 
-0.125632768379 
-0.146706895562 
-0.228019318004 
-0.131999492704 
-0.345289437953 
-0.340090872774 
-0.359488040066 
-0.233444205399 
-0.239138388287 
-0.234320662423 
-0.502958347583 
-0.439951539538 
-0.230971397382 
-0.302079146336 
-0.365955123735 
-0.368757970421 
-0.364953945922 
-0.402737955847 
-0.341008210656 
-0.391848720176 
-0.444119655294 
-0.452414155110 
-0.315689429700 
-0.224753778302 
-0.234542540204 
-0.032573694338 
0.129075033630 
-0.039823375654 
0.055873830963 
-0.083239103796 
-0.199677844412 
-0.190842786651 
-0.094026328526 
-0.057615506764 
-0.093239002784 
-0.095228082443 
-0.233357357876 
-0.058294016568 
0.015773551752 
-0.055775183124 
-0.086372705106 
0.014888161286 
0.073432930403 
0.059023730315 
-0.006869940746 
-0.021616271103 
-0.051038304183 
-0.076646272460 
0.060872530524 
0.180927825128 
0.180237798450 
0.241210426907 
0.232153550717 
-0.000686328529 
0.039497271467 
0.151925053047 
0.204720105770 
0.034947144006 
-0.013537010263 
0.139078522745 
-0.145369445390 
-0.134252086516 
-0.369487834536 
-0.350318419287 
-0.306582166453 
-0.324150228029 
-0.356822487988 
-0.115690718152 
-0.326023210008 
0.101258316140 
-0.105361058435 
-0.189279191718 
-0.328918530667 
-0.330118943502 
-0.437215477213 
-0.163015033882 
-0.236176082626 
-0.242701873046 
-0.292437606822 
-0.172661168501 
-0.114804694130 
-0.147968979602 
-0.163341407625 
-0.150116621627 
-0.287022593336 
-0.311072207120 
-0.425071658288 
-0.067743868004 
-0.232938626785 
-0.300478081451 
-0.190277544563 
-0.299089122105 
-0.353246826122 
-0.453349463300 
-0.485100975810 
-0.482264756932 
-0.586068130626 
-0.655429396024 
-0.503567397954 
-0.457273028358 
-0.196258554356 
-0.114808762474 
-0.091546518263 
-0.132508455376 
-0.212512081589 
-0.137959518072 
-0.149494260940 
-0.145056502374 
-0.212354446141 
-0.314871742079 
-0.350251804876 
-0.406890836625 
-0.452168468403 
-0.382796304169 
-0.527633505460 
-0.513029257817 
-0.536094491342 
-0.687523109861 
-0.585861818446 
-0.582380709383 
-0.586571108683 
-0.487909222908 
-0.459531522265 
-0.416138176522 
-0.368518248055 
-0.278643656517 
-0.279715065521 
-0.115505219826 
-0.147488498997 
-0.061124976097 
0.089641197766 
0.032071580755 
-0.022780606407 
-0.042392963921 
0.021688455456 
-0.046035542116 
-0.072432375895 
-0.093322649685 
-0.051186339879 
-0.052892266153 
-0.064516134122 
-0.102732064356 
-0.118732039768 
-0.161910924405 
-0.135335718124 
-0.079374444165 
-0.253175957593 
-0.214821057492 
-0.201895981774 
-0.269144434808 
-0.381425551303 
-0.304819543142 
-0.444179282302 
-0.442895136204 
-0.238559488969 
-0.217008923256 
-0.297625792171 
-0.379238978093 
-0.364774931505 
-0.416857655008 
-0.411742266311 
-0.426909640105 
-0.558697754198 
-0.466984275272 
-0.396877201684 
-0.322995571348 
-0.399756909466 
-0.400715797929 
-0.319999489490 
-0.385699513752 
-0.401187121628 
-0.252185825148 
-0.168435499753 
-0.204492987791 
-0.252699356701 
-0.287907634313 
-0.159663005672 
-0.222381897441 
-0.302766887134 
-0.208805992073 
-0.203422063939 
-0.159198967655 
-0.242991633128 
-0.308398406961 
-0.304282032501 
-0.269288990214 
-0.285615996334 
-0.259725156063 
-0.377684681470 
-0.408725484648 
-0.405484867674 
-0.348704044047 
-0.346868382109 
-0.281740815794 
-0.166368397092 
-0.230409080403 
-0.231657839105 
-0.162450612951 
-0.230175184247 
-0.148031675408 
-0.233129149597 
-0.217025128141 
-0.300778983919 
-0.314734395407 
-0.282068298223 
-0.348952276514 
-0.370812516180 
-0.305330981401 
-0.217654920247 
-0.346198973880 
-0.229030517894 
-0.363399371650 
-0.370866010483 
-0.361592967423 
-0.352067243512 
-0.378815087023 
-0.302168337755 
-0.312657670720 
-0.287889270738 
-0.270006332172 
-0.279038779057 
-0.299240024471 
-0.276749799745 
-0.270417575575 
-0.270307425797 
-0.255733666109 
-0.248987351612 
-0.253475137721 
-0.235894094752 
-0.241822651036 
-0.306717934256 
-0.279332149849 
-0.292011255136 
-0.238155178963 
-0.225555811229 
-0.205249385843 
-0.246883212911 
-0.253703590884 
-0.237514436809 
-0.282544904783 
-0.352836688604 
-0.367702301046 
-0.357817470461 
-0.444993031596 
-0.418774832988 
-0.365918977919 
-0.414526800391 
-0.375566939611 
-0.434708668561 
-0.342420646806 
-0.365860774522 
-0.228499715423 
-0.257879706254 
-0.263874694811 
-0.207503072318 
-0.272488526766 
-0.267642001232 
-0.261712062336 
-0.238527438912 
-0.342900890792 
-0.357473801088 
-0.377915783560 
-0.341964273166 
-0.379882782700 
-0.387564152005 
-0.276873273962 
-0.328859558943 
-0.347190943080 
-0.477570352661 
-0.451285605200 
-0.442835405387 
-0.380394215994 
-0.450063987321 
-0.460681926833 
-0.455479076532 
-0.471580154385 
-0.456796661615 
-0.484154680400 
-0.382816813244 
-0.136765027289 
-0.164630299835 
-0.262714104868 
-0.255789299471 
-0.231940496080 
-0.248541956071 
-0.263015573224 
-0.196020816150 
-0.156677463953 
-0.191681497211 
-0.197453127070 
-0.186377580512 
-0.331805579452 
-0.275370700323 
-0.217562879757 
0.115157587978 
0.127930522039 
-0.157863462875 
-0.292397797823 
-0.355143696678 
-0.440519391903 
-0.447269487511 
-0.069148896673 
-0.090992889001 
0.051937802041 
-0.129517850119 
-0.496647046508 
-0.346510118549 
-0.360985756237 
-0.180762652987 
-0.149120076650 
-0.128291691909 
-0.287080189457 
-0.297073664036 
-0.378716530902 
-0.292520955437 
-0.360537103131 
-0.339509132573 
-0.269687275669 
-0.277109810017 
-0.167224969848 
-0.254752817839 
-0.314890819256 
-0.350774757071 
-0.230427175000 
-0.296034484321 
-0.522305983772 
-0.260646980015 
-0.224657588742 
-0.451225185244 
-0.418885375511 
-0.454325943732 
-0.508934643545 
-0.312126272914 
-0.361949623020 
-0.285990667104 
-0.256440088804 
-0.156137654555 
-0.315865929871 
-0.383123778449 
-0.333613453255 
-0.369698372823 
-0.136436459990 
-0.323610968406 
-0.362595659383 
-0.304947351593 
-0.457119625497 
-0.456595149522 
-0.556970959673 
-0.269119783297 
-0.168031087648 
-0.199209184673 
-0.066118251990 
0.151689494144 
0.121632820672 
0.113409383368 
-0.167599063117 
-0.158473682964 
-0.101770597207 
-0.258209151545 
-0.311535872563 
-0.339254254099 
-0.316772310331 
-0.352072007538 
-0.366904645383 
-0.323326046969 
-0.275305771489 
-0.277316439116 
-0.486079633187 
-0.412006906808 
-0.211133338149 
-0.242284035837 
-0.382085739685 
-0.604450989316 
-0.428736772355 
-0.543185256852 
-0.261187577293 
-0.320572669353 
-0.179583573219 
-0.277211393464 
-0.043828953222 
-0.138732091013 
-0.282136271483 
-0.246457274858 
-0.181168868041 
-0.355691372341 
-0.455439113519 
-0.390238846371 
-0.307051587696 
-0.281581074715 
0.126327896434 
-0.088401052025 
-0.244294184358 
-0.301313996219 
-0.107401474556 
-0.151831475835 
0.023083264654 
0.148078132645 
-0.122146002700 
-0.128641880565 
0.078985587863 
0.072017355153 
0.020035119761 
0.007308116159 
-0.019290146056 
0.101488004338 
-0.153182678737 
-0.232872235847 
-0.034462114105 
-0.186553038690 
-0.165726149524 
-0.265867795708 
-0.342883070884 
-0.388130490444 
-0.384811385480 
-0.321400659547 
-0.169692187367 
-0.000202550225 
-0.099510136169 
-0.190447454767 
-0.306325032239 
-0.351248728507 
-0.136373017986 
-0.133664274678 
0.054749333774 
0.030661212317 
0.063670919061 
-0.018872379493 
-0.176984723650 
-0.265897080566 
-0.333592517086 
-0.231950014704 
-0.160526428879 
-0.092493369883 
-0.036654355534 
-0.096312620271 
0.117482972513 
-0.077568402076 
-0.046767432345 
0.100484510703 
0.195608214001 
0.119579000757 
0.269416886326 
0.214271853791 
0.168541359831 
0.214482611803 
0.209869114337 
0.359401901983 
0.289974798876 
0.383569588736 
0.195800016964 
0.176279394028 
0.139632770771 
0.239199128251 
0.002088670196 
0.062081253511 
0.122762742552 
0.220912360202 
0.040997245850 
-0.024229403567 
0.011172144236 
0.040875940398 
-0.091571825511 
-0.050969954161 
-0.049904723729 
-0.140292665631 
-0.058537910540 
-0.182717575722 
-0.216917125509 
-0.336935726837 
-0.338455591024 
-0.393279660795 
-0.456713736670 
-0.491190334938 
-0.454864546113 
-0.397412148622 
-0.184593867830 
-0.225500907060 
-0.155515001174 
-0.150707016379 
-0.269360413621 
-0.253607522890 
-0.138253964818 
-0.164132275242 
0.045542126749 
-0.038550392320 
0.048805323208 
0.120097501705 
-0.151390411424 
-0.143705820329 
-0.223223019497 
0.012503011077 
0.102656273283 
-0.036362258420 
0.045214262638 
0.076848793054 
0.058264729572 
-0.009468951973 
0.029725037666 
-0.004469862709 
0.135381520688 
0.216621145872 
0.108056523946 
0.106225818960 
-0.057326550470 
-0.021898750460 
-0.246094348279 
0.080422488491 
0.039834626098 
0.046225699364 
-0.113059105196 
-0.065222459781 
-0.128049998811 
-0.030484037532 
-0.049795031004 
-0.087991398248 
0.122326450371 
-0.197742882432 
-0.129370904578 
-0.132879557949 
-0.049847128380 
0.059937662372 
-0.043155357771 
-0.178285402085 
-0.220149370390 
-0.171002776242 
-0.232476531574 
-0.232567354302 
-0.176560761907 
-0.122686355867 
-0.110059230410 
-0.145152381311 
-0.101651610311 
-0.138350839611 
-0.062591447585 
-0.058316398205 
-0.045691607538 
-0.159219015702 
-0.135023663074 
-0.273356272822 
-0.240626681445 
-0.199138818813 
-0.241239070323 
-0.145921127053 
-0.116204483610 
-0.116204483610 
-0.130547732689 
-0.029570802907 
-0.238811448577 
-0.156565452235 
-0.104356659438 
-0.097712426719 
0.020368613556 
0.005502577230 
-0.184944068287 
-0.217253559387 
-0.133576686791 
-0.126940246144 
-0.110415816432 
-0.115268547994 
-0.163115557947 
-0.106898472141 
-0.100282363196 
-0.260690096993 
-0.069246625319 
-0.179961755087 
-0.134787508665 
-0.221035074988 
-0.255383806129 
-0.269214447131 
-0.295429634179 
-0.283056391445 
-0.278390280854 
-0.333422388973 
-0.238096988227 
-0.299877157759 
-0.312280123684 
-0.241460475142 
-0.211278352774 
-0.194620958676 
-0.202527118737 
-0.190030809538 
-0.185731387254 
-0.189673691124 
-0.145050143237 
-0.107251514185 
-0.113852086207 
-0.113852086207 
-0.092510655962 
-0.180596613705 
-0.115032667479 
-0.054103775691 
-0.129616337238 
-0.155390952569 
-0.328442619970 
-0.286759759436 
-0.221738016777 
-0.230646475828 
-0.124720439743 
-0.179415027366 
0.009015587576 
0.111825464660 
0.057252436309 
0.139191812867 
0.220342066557 
0.067911506966 
0.062999774927 
0.119182180340 
0.126124380675 
0.078081321730 
0.082657252102 
0.082617966686 
0.086307819472 
0.095243632235 
0.102744979516 
0.147099797914 
0.131257850233 
-0.010589509547 
-0.007406211265 
0.182107588990 
0.021988685000 
-0.006543794366 
-0.009976224651 
0.204754581459 
0.249023102486 
0.245223721697 
0.305354062724 
0.281088079853 
0.261450490107 
0.274282810690 
0.216924133474 
-0.059651384091 
-0.102754369257 
-0.078365157852 
0.004353322626 
-0.007068761483 
-0.020038126855 
0.087377182241 
-0.075161462974 
-0.100805846612 
-0.040965475828 
-0.010864069801 
0.063445611148 
0.073582863475 
0.054868314820 
0.096390389276 
0.077004887947 
0.133586223391 
0.012324440788 
0.110246537924 
0.051904073185 
0.041598114790 
-0.023491052814 
0.000469004682 
0.172800943356 
-0.014724681152 
-0.028370663257 
-0.087923779689 
-0.097025477549 
-0.146465495214 
-0.195646184988 
-0.232174348688 
-0.198260797630 
-0.197315235234 
-0.275146484383 
-0.321250969416 
-0.387948157830 
-0.442716605975 
-0.379060000379 
-0.442384721950 
-0.470676955175 
-0.437291949582 
-0.443785265078 
-0.450726162166 
0.057587445335 
-0.252171509426 
-0.176340990900 
-0.054739894844 
-0.016612203919 
-0.125949810134 
-0.230552671264 
-0.434159580746 
-0.368627559926 
-0.300584448739 
-0.323724135439 
-0.339676513776 
-0.444727668456 
-0.378908183015 
-0.412246062032 
-0.546861441489 
-0.435059063931 
-0.508077783114 
-0.521158164834 
-0.484592372569 
-0.363906056757 
-0.285208980799 
-0.355856134479 
-0.351166960582 
-0.378237774548 
-0.297387167892 
-0.359609553438 
-0.289166088570 
-0.296783654142 
-0.290571461201 
-0.244173379059 
-0.251927421527 
-0.285769820982 
-0.349843950687 
-0.439790448754 
-0.158426866674 
-0.034583553772 
-0.065041037071 
-0.088422276285 
-0.245756787547 
-0.283453945671 
-0.390398416787 
-0.282839882463 
-0.192560145190 
-0.104313502504 
-0.303387894954 
-0.103613936208 
-0.132536856464 
-0.265531485181 
-0.314509738615 
-0.154745487767 
-0.078551848112 
-0.117700049322 
-0.042657258335 
0.012437928308 
0.194416516529 
-0.008774267214 
-0.048522003115 
-0.098239828497 
-0.017965580103 
-0.016086650256 
-0.067866400392 
-0.063548573805 
-0.008374344542 
-0.011983073509 
-0.059069937428 
-0.089101993734 
-0.089989345940 
-0.084603165107 
-0.065040751611 
-0.023755771479 
-0.085657422452 
-0.184391422769 
-0.122197288514 
-0.275889327300 
-0.191556841190 
-0.306223425354 
-0.179929094926 
-0.198652759307 
-0.111611134551 
-0.147764888633 
-0.128779554515 
-0.254092559880 
-0.266843456502 
-0.102148492640 
-0.206350479341 
-0.180386917949 
-0.183137092680 
-0.226335246006 
-0.195206444422 
-0.145195316046 
-0.059133074619 
0.006703655285 
-0.228862093690 
-0.085027241807 
-0.124436518407 
-0.144732552884 
-0.123091135910 
-0.163305165508 
0.003566331305 
-0.024458950637 
-0.155204473883 
-0.351880298968 
-0.236278395290 
-0.205163125800 
-0.231682296493 
-0.166377249236 
-0.261689857125 
-0.274381729850 
-0.243285838745 
-0.340661047020 
-0.376807973123 
-0.374017507678 
-0.363633800957 
-0.438409675653 
-0.333754145241 
-0.334241418429 
-0.297111164202 
-0.332407537783 
-0.344387232122 
-0.311099330478 
-0.294633609315 
-0.335753356218 
-0.282344816057 
-0.156695889948 
-0.221300070300 
-0.141594469412 
-0.138874479008 
-0.352226208273 
-0.394369197686 
-0.345452689290 
-0.362619170587 
-0.192860770533 
-0.221979982615 
-0.337913764153 
-0.408218251071 
-0.318708398567 
-0.330507189266 
-0.332646063176 
-0.349019317372 
-0.282374054181 
-0.297471451253 
-0.252203446764 
-0.225477724211 
-0.233259637116 
-0.191602931314 
-0.206370303024 
-0.272695578808 
-0.447193447816 
-0.349108778466 
-0.359983739788 
-0.316629142859 
-0.281566011582 
-0.241308716529 
-0.318527836846 
-0.195986500969 
-0.235050561831 
-0.237099059625 
-0.165755767580 
-0.042683059463 
-0.156793627667 
-0.190727036524 
-0.233251256955 
-0.136982698515 
-0.116047387043 
-0.295627069779 
-0.139079097853 
-0.158894996540 
-0.160489971855 
-0.064072857672 
-0.015972546149 
0.002540377647 
-0.037124529827 
-0.057244049806 
0.020181579494 
-0.006629627739 
0.043190619522 
0.154781912003 
0.144321998627 
0.170470367787 
0.261180868896 
0.259837569744 
0.008461622362 
0.027031986421 
0.011456294527 
0.100106689045 
0.077993949609 
-0.046134161723 
0.114820983817 
0.153027648641 
0.005065675541 
-0.031128366341 
0.064699974369 
-0.021774932599 
0.010266682014 
0.026442606211 
-0.023176411257 
-0.109797092516 
-0.230402861254 
-0.244308482665 
-0.281775362342 
-0.325536465315 
-0.328782934444 
-0.334258715600 
-0.330570026899 
-0.343760551338 
-0.193632358479 
-0.067394461968 
-0.055380530967 
-0.000266164795 
0.029382593834 
0.031081683525 
0.027454820861 
0.016521528384 
-0.053462583416 
-0.068605406942 
-0.073176417085 
-0.177186820444 
-0.120207261173 
-0.128645676938 
-0.167750514599 
-0.271939965669 
-0.173779230081 
-0.230419525788 
-0.147197511942 
-0.126713973526 
-0.097402116320 
-0.048816153523 
-0.020660645432 
-0.044320661626 
-0.111585678337 
-0.111585678337 
-0.100096650029 
-0.220270388268 
-0.241755371724 
-0.095901035492 
-0.078323235988 
-0.064274456478 
-0.159217853414 
-0.219016783827 
-0.115070976071 
-0.059442622932 
-0.063874293605 
-0.136097253262 
-0.152094029396 
-0.172773322261 
-0.193160550945 
-0.132260079546 
-0.131951219963 
-0.127200365491 
-0.117728089215 
-0.119632841950 
-0.096351309111 
-0.094799515873 
-0.107337189936 
0.007599016901 
-0.035032879174 
-0.058277593836 
-0.059229749536 
0.004152432390 
0.018221841853 
-0.067072994235 
0.072964399858 
0.035489709867 
-0.045858806032 
-0.010581088405 
-0.107084247322 
-0.220727942836 
-0.212926803027 
-0.227246136050 
-0.233192099704 
-0.218181320013 
-0.148460683596 
-0.132349327701 
-0.098130703183 
-0.068633302702 
-0.059696931795 
-0.011020873201 
-0.061903371275 
-0.058338833916 
-0.176523716441 
-0.174057109233 
-0.104316762848 
-0.094248468111 
-0.074650952004 
-0.113564648862 
-0.099685930001 
-0.000020882179 
-0.024109312841 
-0.029754273053 
-0.014627986358 
-0.033711774936 
0.086656238127 
0.120698082476 
0.102567691469 
0.093077558655 
0.036419697542 
-0.023268556685 
-0.072831523804 
-0.066311850021 
-0.104179981657 
-0.143836036169 
-0.198637261067 
-0.205278045180 
-0.209279559893 
-0.171067958120 
-0.167706937204 
-0.114081533039 
-0.096092306733 
-0.136432793055 
-0.146833037141 
-0.160586744875 
-0.163456282866 
-0.133705415747 
-0.141561587655 
-0.129919463826 
-0.140250795492 
-0.123584855468 
-0.133240222354 
-0.212446436702 
-0.273369723965 
-0.323543091676 
-0.275625372821 
-0.363072088062 
-0.333044892670 
-0.379964982709 
-0.324675306657 
-0.341593710019 
-0.336647569676 
-0.356555133413 
-0.359274627174 
-0.342768220406 
-0.335937887190 
-0.424504173359 
-0.453092238781 
-0.404316289959 
-0.508738465116 
-0.508738465116 
-0.491235768691 
-0.399536850543 
-0.473125986374 
-0.471122033599 
-0.500698091052 
-0.461413873683 
-0.484658650472 
-0.415528073565 
-0.387851403200 
-0.331089058741 
-0.304954190498 
-0.300234144031 
-0.294256858083 
-0.292427280235 
-0.336604522774 
-0.344140821892 
-0.228211772008 
-0.231054380384 
-0.264608953021 
-0.227936839883 
-0.299490110776 
-0.189829369425 
0.012267307545 
-0.090079438238 
0.113392312372 
0.008244650430 
-0.154664451988 
-0.324117688980 
-0.269046264826 
-0.254559700921 
-0.267428660846 
-0.231885052597 
-0.189765603312 
-0.292532449179 
-0.269732443898 
-0.273595496140 
-0.281533374661 
-0.282227710343 
-0.333347251009 
-0.373769418667 
-0.494735851270 
-0.418670586909 
-0.069479967699 
-0.060579537371 
-0.102721319950 
-0.133711014964 
-0.114062819289 
-0.051123774233 
-0.070493639118 
0.018893607917 
0.160688953288 
0.274572224162 
0.448114193494 
0.420432148851 
0.282004508086 
0.331819634079 
0.313705580151 
0.334879813726 
0.274568898868 
0.168860592015 
0.165773885249 
0.148809322413 
0.000360457955 
0.039632301587 
0.064116774257 
0.115855547737 
0.023331133650 
0.181159464730 
0.157957713482 
0.129466105357 
0.029231181843 
-0.004943578240 
0.220306916417 
0.140910302648 
-0.002859509287 
0.057556673717 
-0.038185411395 
0.073405228092 
0.096325476636 
-0.015878406704 
-0.067658498844 
0.110197316612 
-0.091528101307 
0.030696631904 
0.231777857626 
0.026326874565 
-0.037350729819 
-0.071699946988 
-0.093870536764 
-0.072126618918 
-0.283787282780 
-0.241937317404 
-0.242004247447 
-0.287613567803 
-0.222428274289 
-0.348712310576 
-0.301793910718 
-0.354955586757 
-0.421056100224 
-0.369124425189 
-0.364840264975 
-0.343581325372 
-0.339559235763 
-0.407210086216 
-0.319925684515 
-0.394437514768 
-0.417759604198 
-0.290518567147 
-0.418876247160 
-0.435298267131 
-0.439585319114 
-0.367075606313 
-0.401367374621 
-0.438498995838 
-0.326427404072 
-0.326797514876 
-0.259558691156 
-0.262252769898 
-0.303494080431 
-0.234756902352 
-0.228962467323 
-0.250508633779 
-0.132235547673 
-0.131759029209 
-0.002902535710 
-0.055194804957 
-0.010244627026 
-0.026694490925 
-0.154149004453 
-0.082870281081 
0.102255833133 
0.157352209382 
0.204599176378 
0.203877367274 
0.197511143096 
0.200137783065 
-0.033831408841 
-0.138838417426 
0.032718983212 
0.079983322278 
-0.149121065234 
-0.198118242571 
-0.251503359743 
-0.355878810761 
-0.436431880967 
-0.357697369961 
-0.369122386710 
-0.415543216112 
-0.421693980997 
-0.466507943151 
-0.513935959836 
-0.585453156848 
-0.389421172342 
-0.413847234352 
-0.514122063408 
-0.527132874837 
-0.487879045515 
-0.462524428544 
-0.315247802926 
-0.446533998820 
-0.449731675725 
-0.409630346360 
-0.341574876693 
-0.356893291738 
-0.398653001094 
-0.244216046017 
-0.252929261369 
-0.242066939590 
-0.457502384377 
-0.419905528071 
-0.288600690483 
-0.328900815363 
-0.321139392216 
-0.391440702268 
-0.397894365662 
-0.487354384135 
-0.427383833398 
-0.402072918158 
-0.466291853702 
-0.459651080495 
-0.344417679543 
-0.331623445791 
-0.272179184638 
-0.254854055693 
-0.269241802300 
-0.267922146432 
-0.298128787768 
-0.370592613626 
-0.367131048760 
-0.392287247159 
-0.437879967115 
-0.480728907566 
-0.354613790752 
-0.363710010038 
-0.400371023120 
-0.389288864379 
-0.454750158232 
-0.398875715073 
-0.360333434390 
-0.317735101288 
-0.325153039573 
-0.308446357615 
-0.337165467912 
-0.575619309026 
-0.500139985347 
-0.439381958786 
-0.459911401731 
-0.334193655541 
-0.436181815977 
-0.431252085146 
-0.550134749079 
-0.453121584888 
-0.599398783313 
-0.370019174096 
-0.378356916269 
-0.417514831820 
-0.407798228213 
-0.474942548160 
-0.402204483852 
-0.370409618341 
-0.320598763145 
-0.298267078081 
-0.301658603426 
-0.419362850021 
-0.382465288753 
-0.487361606223 
-0.447643425256 
-0.521448391492 
-0.483437386882 
-0.463646155603 
-0.334460349570 
-0.322103277876 
-0.513829131052 
-0.432374881208 
-0.400895413753 
-0.344836305596 
-0.299131685280 
-0.355441935305 
-0.420321613717 
-0.487186244289 
-0.653121278424 
-0.622956795588 
-0.637113933345 
-0.614425430607 
-0.548521567576 
-0.620282773692 
-0.621688193554 
-0.579273154822 
-0.583901254503 
-0.699199959864 
-0.656329843262 
-0.542419527359 
-0.589981859933 
-0.694085143078 
-0.593255145334 
-0.676639995813 
-0.641207762675 
-0.648972384271 
-0.513904776760 
-0.528219261841 
-0.545266294113 
-0.552556809765 
-0.587267294650 
-0.504510409249 
-0.579756176651 
-0.509560460210 
-0.511994710369 
-0.478711253107 
-0.577521992378 
-0.681772826995 
-0.652090532331 
-0.609076503764 
-0.545614603804 
-0.478523947483 
-0.622438530220 
-0.630221130190 
-0.534989270618 
-0.665507357687 
-0.661988700652 
-0.617488227952 
-0.634166048636 
-0.570556461249 
-0.499076228213 
-0.594445536936 
-0.626916863421 
-0.589733360479 
-0.619666160975 
-0.680324937025 
-0.667754420969 
-0.587565380100 
-0.465434727971 
-0.562152214235 
-0.626819930129 
-0.592925037063 
-0.643009709525 
-0.494368295232 
-0.521199655450 
-0.564456108860 
-0.557357647544 
-0.520327121920 
-0.441723931404 
-0.439271612165 
-0.318418231393 
-0.320554735753 
-0.349265016862 
-0.359798621284 
-0.375388297449 
-0.502331431422 
-0.366073421832 
-0.467720093030 
-0.446949262359 
-0.453135442165 
-0.478438677877 
-0.363778484595 
-0.371889326780 
-0.295480647284 
-0.275373997706 
-0.229171210723 
-0.199079590193 
-0.108134225440 
-0.140260742592 
-0.137136983535 
-0.351878473035 
-0.321270436371 
-0.367688885719 
-0.372664280161 
-0.505047725119 
-0.452357048974 
-0.479698210513 
-0.483190362791 
-0.431187008075 
-0.631037500894 
-0.581118456484 
-0.568031188324 
-0.595997648026 
-0.358577037229 
-0.368963126968 
-0.357094363770 
-0.420175260488 
-0.353556893083 
-0.435893195618 
-0.497394191223 
-0.474095100661 
-0.551298630690 
-0.543180270756 
-0.584415690195 
-0.423097782807 
-0.376877001098 
-0.393554955005 
-0.310783004839 
-0.278041317974 
-0.319529869771 
-0.304355030965 
-0.324659084251 
-0.325750760099 
-0.330256773000 
-0.345151191033 
-0.350370779817 
-0.327690649445 
-0.318790350898 
-0.311479024230 
-0.399467820763 
-0.424743286270 
-0.427794458165 
-0.490347761205 
-0.519431143611 
-0.474985182499 
-0.478516955062 
-0.467362284213 
-0.436312800212 
-0.459563792350 
-0.575018153672 
-0.559505615342 
-0.589526446611 
-0.587079473825 
-0.544526091809 
-0.311368115611 
-0.280277969221 
-0.344402496880 
-0.224893378695 
-0.294258961927 
-0.226299073609 
-0.452011858548 
-0.489663396936 
-0.408161984208 
-0.304057416947 
-0.248658466077 
-0.256544613254 
-0.306121608161 
-0.319737215819 
-0.302760374092 
-0.302784065548 
-0.258096142024 
-0.279338187808 
-0.269032503473 
-0.294292188878 
-0.235971871949 
-0.378351575842 
-0.403166047135 
-0.467739358383 
-0.412500687218 
-0.436399952728 
-0.406646962821 
-0.449768740319 
-0.455654185175 
-0.489947881582 
-0.384312923055 
-0.371458482127 
-0.390724740837 
-0.311768774823 
-0.330736326287 
-0.394808912997 
-0.422815082998 
-0.437251773221 
-0.502087579499 
-0.508852139440 
-0.407565146616 
-0.525475487533 
-0.465379362574 
-0.449414551234 
-0.425858566841 
-0.292375029003 
-0.430589099520 
-0.523051782641 
-0.476803430113 
-0.483299236025 
-0.316908941489 
-0.535065207072 
-0.261144086649 
-0.228500993975 
-0.222624597701 
-0.367109389062 
-0.392493760538 
-0.410496973612 
-0.347230400382 
-0.273743193170 
-0.334979914465 
-0.329558392523 
-0.287054782546 
-0.252990860753 
-0.302150105837 
-0.372668114526 
-0.248832162840 
-0.254492005561 
-0.299694642316 
-0.217291550850 
-0.164375832247 
-0.188841845466 
-0.115308711962 
-0.236097111421 
-0.361464999695 
-0.197451178190 
-0.094019838968 
-0.086901849796 
-0.265474861867 
-0.265660885890 
-0.198523655222 
-0.254910689212 
-0.238038539593 
-0.235548840339 
-0.312637389392 
-0.318835057453 
-0.354420124896 
-0.442833035799 
-0.330202987484 
-0.369146307951 
-0.470237611938 
-0.594583782779 
-0.344351285175 
-0.377098477016 
-0.429633913521 
-0.298148944049 
-0.268922616326 
-0.237233043009 
-0.244969043051 
-0.231888169130 
-0.140961932992 
-0.146253322211 
-0.186375024303 
-0.163053538044 
-0.112397953843 
-0.095096130626 
-0.051234039780 
-0.102679833431 
-0.022033054901 
-0.081826918769 
-0.106173964034 
-0.149549589561 
0.192172839970 
0.076163307666 
0.083133914862 
0.064578055395 
-0.095013403985 
-0.095925133759 
-0.096199518424 
-0.101112270465 
-0.131407215319 
-0.021238732494 
-0.039966898735 
-0.058197780184 
-0.058686491560 
-0.043232354362 
-0.034877998739 
-0.037093304924 
-0.035472546101 
0.006904891360 
-0.275884017929 
-0.296319729652 
-0.347088724733 
-0.396580623542 
-0.375451248370 
-0.465899799357 
-0.396943794423 
-0.410090337338 
-0.449527677069 
-0.316221579837 
-0.345416144356 
-0.356098039712 
-0.332887727225 
-0.208780222709 
-0.114012728167 
-0.119979897968 
-0.095758364493 
-0.119648152413 
-0.145936594996 
-0.226020533874 
-0.249995490630 
-0.206884201912 
-0.189801290828 
-0.171877914985 
-0.157410161711 
-0.234915201228 
-0.225726293179 
-0.236715680441 
-0.190225481478 
-0.174000517354 
-0.193889929936 
-0.152507735923 
-0.188470602616 
-0.074329708755 
-0.130965313426 
-0.022551847350 
0.010128778230 
0.021558590408 
0.008266111666 
-0.019656471052 
0.045869320297 
0.054352168255 
0.165343237673 
0.135788382221 
0.049943759592 
0.036743446330 
0.033694954338 
0.006933788270 
-0.003746067858 
-0.054735903048 
-0.043599222773 
0.004683391796 
-0.029018334495 
-0.021168552599 
-0.027228813249 
-0.081043027361 
-0.134590727028 
-0.118023246470 
-0.087671136504 
-0.141516596527 
-0.062900681423 
-0.116909138923 
-0.073078396125 
-0.077692839864 
-0.300016570316 
-0.194797124564 
0.000725106863 
0.120709883337 
0.114963926715 
0.013104253238 
0.007729417378 
-0.040184731796 
-0.169442559268 
-0.131991081411 
-0.158002120098 
-0.157303691127 
-0.023795512572 
-0.041650624603 
-0.008784874289 
-0.105903016883 
-0.114069533786 
0.068463412528 
0.045465408061 
0.063555611250 
0.095341247901 
0.164568103347 
0.089664304985 
-0.115031340532 
-0.178874040957 
-0.217617573469 
-0.209295566584 
-0.102890739262 
-0.066176845431 
-0.067556149334 
-0.077585929666 
-0.238687616299 
-0.202462663419 
-0.231844051047 
-0.019558960675 
0.005333270018 
0.014277285501 
0.031548977549 
0.028200400086 
0.069801993016 
-0.078463918739 
0.013805840224 
-0.026800959626 
0.014171667109 
0.099381837715 
-0.058788749991 
-0.261129897733 
-0.233344468856 
-0.101183510954 
-0.095799455945 
-0.160397617315 
-0.156481330645 
-0.188719978601 
-0.082215963608 
-0.194651324794 
-0.209585777842 
-0.136451825407 
-0.195947510946 
-0.214850356266 
-0.135802133956 
-0.152413661724 
-0.106810963999 
-0.115897016705 
-0.121322332044 
-0.111770874629 
-0.113318095625 
-0.060314735485 
-0.079815236872 
-0.115731393995 
-0.133950753981 
-0.165688575665 
-0.190184047825 
-0.116621796223 
-0.161001102729 
-0.109179636902 
-0.135495171129 
-0.140672681372 
-0.119388340039 
-0.110077578723 
-0.132920018604 
-0.116130662967 
-0.240060074978 
-0.193482909881 
-0.187914141427 
-0.167884316039 
-0.160665283009 
-0.237797970482 
-0.208296355788 
-0.184819633959 
-0.140520442734 
-0.182567792478 
-0.209033946509 
-0.312247762524 
-0.361032844234 
-0.338464635409 
-0.432647208658 
-0.295923885169 
-0.414124094018 
-0.308366344046 
-0.286882378989 
-0.298742620805 
-0.319890861508 
-0.387461499183 
-0.395412487133 
-0.396130656018 
-0.264343341284 
-0.354794882785 
-0.368602187762 
-0.439558928469 
-0.544239890160 
-0.502354309146 
-0.272205423328 
-0.441579290267 
-0.445504087198 
-0.373707863412 
-0.491405458686 
-0.437620689425 
-0.424393586120 
-0.448413347467 
-0.432671955672 
-0.368844212616 
-0.370297960598 
-0.346825798129 
-0.244687275148 
-0.475152671384 
-0.392393242067 
-0.397522447803 
-0.563828360903 
-0.521817478486 
-0.220372588795 
-0.350838982491 
-0.454247050227 
-0.455142715450 
-0.439261619919 
-0.469244407501 
-0.463622141938 
-0.472470299577 
-0.441609643383 
-0.472404126587 
-0.439681359318 
-0.466484992470 
-0.260078103277 
-0.247940816804 
-0.390172555585 
-0.342015040787 
-0.386742940025 
-0.347282364984 
-0.325107880505 
-0.385656187762 
-0.408079675981 
-0.332786686419 
-0.182821754002 
-0.001743243540 
-0.022211909054 
-0.069693198774 
0.010362381160 
-0.082848093454 
-0.167160718169 
-0.091971489798 
-0.208092329251 
-0.291447790879 
-0.417664445165 
-0.340945060584 
-0.353572077714 
-0.344140701815 
-0.299873149692 
-0.357997212863 
-0.305776485223 
-0.243993819833 
-0.188627414515 
-0.253990988328 
-0.280057635958 
-0.117885099589 
-0.063629159870 
-0.059316489434 
-0.208190642990 
-0.145937402381 
-0.077275314842 
-0.187196642655 
-0.263280422425 
-0.159927510049 
-0.090859842936 
-0.143350851022 
-0.134691986587 
-0.163034521721 
-0.113710528625 
-0.129897212638 
-0.088467636915 
0.003978935697 
-0.027272074953 
-0.080164181844 
-0.022020139129 
0.033974028130 
-0.019697229192 
-0.065194666651 
-0.365468548128 
-0.301483992251 
-0.331682505597 
-0.372627991805 
-0.345912134793 
-0.362417385346 
-0.358222893741 
-0.214508269244 
-0.313445033910 
-0.267498768119 
-0.196558511419 
-0.193957421080 
-0.303270411923 
-0.266965641547 
-0.274732708623 
-0.265743834001 
-0.155448180592 
0.010699048181 
-0.016627735031 
0.054597504124 
0.086691283734 
0.220240529095 
0.226008359327 
0.240542189643 
0.276952297191 
0.241652135364 
0.124639353695 
0.022579374696 
0.178149937456 
0.149553149213 
0.197431390070 
0.107072918227 
0.126935036922 
0.228998466448 
0.129419244813 
0.184475227757 
0.152930267190 
-0.181716468729 
-0.094969395700 
-0.238027089507 
-0.128023890630 
-0.033740089136 
0.078771911820 
0.082667155573 
0.157879540952 
-0.048731193435 
-0.129622372288 
-0.040490416394 
-0.044353208605 
-0.119121872172 
-0.116213803698 
-0.169376576420 
-0.271156979755 
-0.548305760852 
-0.330329289867 
-0.378670701013 
-0.421903948664 
-0.307902322579 
-0.188840570008 
-0.100792096683 
-0.129365098662 
-0.108103288268 
-0.025620663240 
0.005555263482 
0.208386991266 
-0.131267844822 
-0.315690097079 
-0.328165285570 
-0.094248587473 
-0.079083772734 
-0.086559803581 
0.228370976680 
-0.029816997000 
-0.022021137208 
0.013141069666 
-0.047274587420 
0.072313046839 
0.143187518780 
0.138239337519 
0.136049080168 
0.020521911365 
0.003689418676 
-0.040612168399 
-0.120914482100 
-0.208938327297 
-0.229388371029 
-0.309413080100 
-0.202621022310 
-0.018185288328 
-0.051370929594 
-0.076091818353 
0.102254270406 
-0.028611105922 
-0.068500048306 
-0.115911399817 
0.081499711528 
0.170415399438 
0.068592890064 
0.034549885712 
0.064400690589 
0.000755177709 
0.067566735312 
-0.043188498161 
-0.051268296981 
0.075371494175 
0.054573886860 
0.152636291300 
0.071029271131 
-0.067882859272 
-0.000158951894 
-0.168057878194 
-0.099264222180 
-0.111083215330 
-0.276491914510 
-0.141205297381 
-0.061832386515 
0.000902383752 
-0.002156271549 
0.029064989245 
-0.132792186337 
-0.286628828947 
-0.260986987605 
-0.275160673844 
-0.040858912932 
-0.100368296490 
-0.049051882538 
-0.068648118513 
-0.046086714385 
-0.074768178923 
-0.127587714634 
-0.131678782709 
-0.103649828545 
-0.035085701032 
-0.116600268181 
-0.110290163805 
-0.189920606644 
-0.229026959910 
-0.030815105270 
-0.111560371181 
-0.223760604359 
-0.079140754275 
-0.058610734067 
0.020581905840 
-0.048619094279 
-0.032291453857 
0.044821908402 
0.047383963742 
-0.097657264759 
-0.138402771045 
-0.037199582118 
-0.015980305485 
0.223578190916 
0.182931014144 
0.265550548571 
0.016097493039 
-0.185592360308 
-0.252535652323 
-0.424860545320 
-0.380349905215 
-0.364700827011 
-0.452807874994 
-0.361868030081 
-0.413175825054 
-0.432658644649 
-0.403574450215 
-0.207053916847 
-0.207289090835 
-0.217789672249 
-0.201546464551 
-0.133186912192 
-0.160029269914 
-0.175693760343 
-0.119468923987 
-0.110882472852 
-0.115311338844 
-0.115168455854 
-0.123411948280 
-0.214601370995 
-0.435637296766 
-0.341813559623 
-0.540477606538 
-0.351864347874 
-0.419289916550 
-0.357246188084 
-0.403464602985 
-0.397552714699 
-0.353524037830 
-0.337237445825 
-0.256619607321 
-0.309669283479 
-0.171817640566 
-0.149716406265 
-0.090337494953 
-0.048344365392 
-0.066369055025 
0.026920133480 
-0.029019741206 
0.038367889613 
0.065604823252 
0.045760824453 
0.189890819687 
0.141159669797 
0.166307840906 
0.107497480383 
0.069342982916 
0.113293753679 
0.255582606350 
0.213455382367 
0.007556176388 
-0.048632615633 
-0.254584276846 
-0.281569906515 
-0.255198328471 
-0.252847500750 
-0.227359639598 
-0.301344665323 
-0.183218203577 
-0.237419288556 
-0.394037674394 
-0.361755277646 
-0.510799216156 
-0.512814953366 
-0.473152481170 
-0.511190484765 
-0.394853240153 
-0.526323270764 
-0.648988387761 
-0.445486518448 
-0.529880456603 
-0.420210017263 
-0.350480574636 
-0.339498945071 
-0.285264415032 
-0.469666762680 
-0.421334575478 
-0.334849091149 
-0.261270789226 
-0.172691835609 
-0.129163019643 
0.036975982841 
0.049029778178 
0.044520396119 
-0.080280839606 
0.119887952315 
0.119905973130 
-0.068517258241 
0.175796550227 
-0.093746499844 
-0.198677075631 
-0.291244772464 
-0.263677200070 
-0.175160632700 
-0.156984280557 
-0.273247794871 
-0.342793436505 
-0.390174095563 
-0.383978756084 
-0.251244363527 
-0.231765958339 
-0.229482586615 
-0.405595216158 
-0.114086570338 
-0.154686569725 
-0.258174492695 
-0.232297911001 
-0.186471547072 
-0.155093610906 
-0.079569032231 
-0.278255349675 
-0.245356345849 
-0.270959610024 
-0.174676796652 
-0.010059906116 
-0.039741593925 
-0.076350134785 
-0.318121041970 
-0.227155603678 
-0.337720970397 
-0.329163514403 
-0.207003593214 
-0.263357591294 
-0.514542400341 
-0.542556161003 
-0.392183922527 
-0.456032824193 
-0.399113870256 
-0.232419446666 
-0.223518848834 
-0.165969072966 
-0.262323612397 
-0.250237821912 
0.022974913075 
0.030052024695 
-0.162397565450 
-0.117721427881 
-0.211333448690 
-0.316453616581 
-0.454538061828 
-0.488672937188 
-0.398719153773 
-0.284023715374 
-0.352635115692 
-0.258055005963 
-0.407378817764 
-0.329970616871 
-0.333237131316 
-0.252793144913 
-0.295067316076 
-0.200512848900 
-0.134840866282 
-0.064249342576 
-0.125786055384 
-0.047732789363 
-0.136724558229 
-0.177741783913 
-0.184826164326 
-0.112030549685 
-0.129258136412 
-0.137602847762 
-0.100279034798 
0.107787470284 
-0.010904430315 
0.029229406824 
0.016613991556 
0.069525421335 
-0.061893335746 
-0.054339894596 
-0.119993585419 
0.032982470730 
0.253337633289 
0.078190996292 
0.170494649008 
0.168216403975 
0.094248050002 
0.081613401923 
0.057442125923 
0.014800146290 
0.051923197989 
-0.022428710819 
-0.008062076167 
-0.010876249991 
0.075546879698 
0.058644175326 
0.029841035822 
-0.012068469891 
0.228927795699 
0.106382558034 
0.047094768567 
-0.104881509915 
-0.110007497814 
-0.147196700779 
-0.099953073114 
-0.137038745288 
-0.136551398475 
0.086261609782 
0.040834513322 
-0.014025607358 
-0.166722500082 
-0.197351767031 
-0.115667652698 
-0.074333984051 
-0.092162852131 
0.011168778107 
0.005791966560 
0.245445192038 
0.095350316902 
-0.310711118667 
-0.469831969264 
-0.451772097355 
-0.532630088596 
-0.540014535508 
-0.577905557329 
-0.441012088169 
-0.600602898389 
-0.592495673583 
-0.591873113903 
-0.613449026810 
-0.405757225218 
-0.643952050352 
-0.504271464726 
-0.458184706040 
-0.559353818907 
-0.442510961127 
-0.282697004192 
-0.229058369142 
-0.213404809385 
-0.238709509426 
-0.034903733792 
-0.049218118703 
-0.022084155086 
-0.060308920704 
-0.105008040113 
-0.239400477527 
-0.290991283017 
-0.292994561344 
-0.354321756480 
-0.395534992081 
-0.366181702075 
-0.449844545167 
-0.469889395385 
-0.474140357280 
-0.404925003410 
-0.391099211660 
-0.423815776577 
-0.366944464275 
-0.360808541559 
-0.358372491189 
-0.315116574159 
-0.288422851442 
-0.283188526499 
-0.275140533104 
-0.348049265456 
-0.350825229821 
-0.367415638355 
-0.555936150876 
-0.431399445560 
-0.265966176023 
-0.334558734509 
-0.291152666125 
-0.280267816058 
-0.223944799751 
-0.261410124007 
-0.237363668593 
0.039257304901 
-0.038924405942 
-0.371261834916 
-0.338503260214 
-0.347546859205 
-0.202639811950 
-0.351329547695 
-0.423180329339 
-0.369098579238 
-0.307475024018 
-0.598153687841 
-0.391993462406 
-0.403014556819 
-0.442242110468 
-0.472314959772 
-0.269046050645 
-0.186452729854 
-0.210999919373 
-0.293251922697 
-0.181524402313 
-0.255507549496 
-0.190664518169 
-0.254344467717 
-0.088215179756 
-0.130919407950 
-0.184148852870 
-0.248779990202 
-0.192237247874 
-0.244709649270 
-0.233913303833 
-0.223978459272 
-0.196351754321 
-0.250771804247 
-0.166018393749 
-0.323602745716 
0.166581028033 
0.140486595992 
0.163804743744 
-0.074026729907 
0.077441303889 
0.107445492325 
-0.201691719130 
-0.108790963034 
-0.325576768147 
-0.263804607345 
-0.156302208694 
-0.033846931467 
-0.100290885413 
-0.177294339785 
-0.137144304923 
-0.121445872600 
-0.297175311746 
-0.316390075601 
-0.501112596470 
-0.422227086704 
-0.375304869382 
-0.307068505820 
-0.256717916554 
-0.271229023647 
-0.156251453782 
-0.241123368665 
-0.367387868279 
-0.330764794744 
-0.469238881239 
-0.389501514852 
-0.274743623022 
-0.358402089172 
-0.211651127392 
-0.175886299505 
-0.062676765403 
-0.040454080348 
-0.144117024642 
-0.242024198105 
-0.255992100633 
-0.247177555499 
-0.076270711375 
0.092827485048 
0.061128663846 
0.227044008417 
0.079717314588 
0.146137307808 
0.025657152267 
-0.049635136087 
0.002115597732 
-0.013753591725 
-0.030136399760 
0.082126045151 
0.064337076333 
0.132097497042 
0.129582533535 
0.263201606666 
0.036036551567 
0.179673424769 
0.181406072852 
0.229952367416 
0.176593039872 
0.348530575769 
0.356391402215 
0.292053979434 
0.160312319956 
0.069666277454 
0.068874224806 
0.332128423456 
0.204370712158 
0.083622195441 
0.061204014071 
-0.059168976720 
-0.175564306198 
0.078071605551 
-0.133922485413 
-0.161007193180 
-0.203395834993 
-0.164545579828 
-0.095658755414 
-0.083030496425 
-0.184335302865 
0.081275654836 
0.115808153476 
0.104559518192 
0.048035434368 
-0.068356957534 
-0.224254247621 
-0.206746447149 
-0.274227807579 
-0.211676747005 
-0.237529395774 
-0.235837522153 
-0.235725844256 
-0.261219720339 
-0.320437386477 
-0.333517326225 
-0.278158357136 
-0.292729030097 
-0.295041674685 
-0.253844773393 
-0.250911806036 
-0.230046907366 
-0.229927819739 
-0.244474949790 
-0.172441153662 
-0.323525073683 
-0.459891332591 
-0.303513237213 
-0.224806273712 
-0.147028078446 
-0.167279834932 
-0.068742969447 
0.247403511687 
-0.111629477868 
0.372389581503 
0.265247828419 
-0.030816891938 
-0.117061993549 
0.095299715920 
-0.001651678311 
0.021998981128 
-0.076934633884 
-0.246263983911 
-0.185480265307 
-0.339339009588 
-0.335141340059 
-0.302556971457 
-0.320626695425 
-0.446309519572 
-0.435663068133 
-0.289833973672 
-0.346291974158 
-0.434126545195 
-0.320172497252 
-0.356826614707 
-0.552990802798 
-0.423006583374 
-0.466781141010 
-0.474733403226 
-0.481927760409 
-0.421398729802 
-0.454886528843 
-0.376252442660 
-0.447151849444 
-0.571581186293 
-0.279745949385 
-0.229338230509 
-0.332978886925 
-0.340825993220 
-0.266150399403 
-0.340409996477 
-0.361210087164 
-0.239183935060 
-0.353922417186 
-0.397793377082 
-0.365079618425 
-0.373825298124 
-0.338155930792 
-0.319036346334 
-0.329483686467 
-0.305462427409 
-0.270395520445 
-0.328996409277 
-0.345421071224 
-0.351427762024 
-0.485243435571 
-0.419894259763 
-0.449957260481 
-0.411051757845 
-0.481939686746 
-0.470733143336 
-0.532846790376 
-0.398514381610 
-0.469588220340 
-0.534363473639 
-0.487690763625 
-0.465951396998 
-0.485086416596 
-0.466457733473 
-0.418596046804 
-0.660375018061 
-0.440779344674 
-0.397711977984 
-0.387594231664 
-0.202911794761 
-0.218250693750 
-0.210771233352 
-0.238624032941 
-0.256546750450 
-0.338252849957 
-0.343887788367 
-0.270839551878 
-0.260452224270 
-0.220716007947 
-0.214612040071 
-0.324088559436 
-0.342225049335 
-0.299435584775 
-0.300184635993 
-0.300129405553 
-0.294785489594 
-0.383380431991 
-0.384250305265 
-0.250841214829 
-0.225871147703 
-0.127964081457 
-0.125422419476 
-0.067907709713 
-0.046267178770 
-0.036777354945 
-0.005839021636 
0.132774828991 
0.135388242804 
-0.056837958200 
0.113760952931 
0.047188931595 
0.014011112748 
-0.128275496785 
-0.015693318676 
0.005521684866 
0.015947237334 
0.000713965730 
0.063613033685 
0.042909260227 
0.003490487516 
-0.104460394515 
-0.045800153739 
0.010519727545 
-0.040593401048 
-0.040403395832 
-0.186243230337 
-0.126622439686 
-0.104083369994 
-0.104334051095 
-0.165410361962 
-0.079152576795 
-0.076385473439 
0.135726033741 
0.191649837129 
0.087721529278 
-0.002942548494 
-0.165363747399 
-0.122719170186 
-0.113807508110 
-0.051085470469 
-0.119802634319 
-0.109909333197 
-0.171161367299 
-0.184178163580 
-0.154880841153 
-0.095059878061 
-0.051638646444 
-0.068627994421 
-0.110544639369 
-0.118361760232 
-0.269842360702 
-0.285056669642 
-0.156222186612 
-0.116511170793 
0.012814029980 
-0.034200343705 
-0.181173549881 
-0.246415546877 
-0.344328132611 
-0.334075515282 
-0.271833196432 
-0.445085726480 
-0.353501011884 
-0.425696275265 
-0.461722076381 
-0.305982430140 
-0.467072160649 
-0.466838583004 
-0.367834592423 
-0.318960830834 
-0.367772060761 
-0.467210371512 
-0.470461283481 
-0.464375527554 
-0.393148824127 
-0.373637674584 
-0.489147944261 
-0.600950662356 
-0.566402368556 
-0.478953118882 
-0.507342781867 
-0.453289204899 
-0.455503718763 
-0.168790723100 
-0.359455174726 
-0.394627966839 
-0.333781934775 
-0.380738783621 
-0.396057444081 
-0.383707562738 
-0.369987408886 
-0.366687839862 
-0.358624902008 
-0.350349368085 
-0.357082704777 
-0.356927177608 
-0.315049706796 
-0.354164329074 
-0.368100001517 
-0.429542620384 
-0.450665758463 
-0.478361946167 
-0.455326741615 
-0.577966639876 
-0.523006770798 
-0.534010088044 
-0.474658879494 
-0.504999125458 
-0.465920000692 
-0.496236611449 
-0.564593545749 
-0.587398339231 
-0.527961124498 
-0.377802991316 
-0.430676420355 
-0.466057796217 
-0.447365670938 
-0.431278824402 
-0.462362367850 
-0.477871554133 
-0.494073938201 
-0.489808626305 
-0.346619185944 
-0.457169835824 
-0.509663047361 
-0.479489793566 
-0.515104507600 
-0.406124132114 
-0.485744137295 
-0.367959847779 
-0.408900984857 
-0.434206517729 
-0.355448383325 
-0.357033126083 
-0.186079066739 
-0.137589650612 
-0.299843827699 
-0.271254104921 
-0.437931057052 
-0.317654823620 
-0.477121596472 
-0.284348842706 
-0.248268011711 
-0.143190860607 
-0.252025723962 
-0.232214483842 
-0.310679062578 
-0.302308216669 
-0.284170324457 
-0.379163605582 
-0.216070974939 
0.034753316293 
0.042772179941 
0.059676626687 
-0.124447012600 
-0.141068996125 
-0.166738063070 
-0.037650770035 
-0.141649760337 
-0.323391540709 
-0.383799484971 
-0.138379369081 
-0.233425045602 
-0.174363662843 
-0.094507576322 
-0.152472755754 
-0.369589978928 
-0.353298427328 
-0.395651619218 
-0.250332244548 
-0.374832121274 
-0.500760803059 
-0.516991399585 
-0.593075262700 
-0.478276355240 
-0.452437242242 
-0.188894520941 
-0.225440579529 
-0.280424906740 
-0.095645703948 
-0.242917567597 
-0.140355745528 
-0.188042942652 
-0.229181650691 
-0.137362026958 
-0.196894206034 
-0.331830832974 
-0.416695948716 
-0.563359719219 
-0.435337016423 
-0.447123329948 
-0.422664861849 
-0.387462583472 
-0.401175261563 
-0.408019215315 
-0.381975533006 
-0.391735878583 
-0.378331161759 
-0.348682091201 
-0.299128523565 
-0.059836725193 
-0.210950756791 
-0.416119642554 
-0.428133763880 
-0.508950899974 
-0.341640886361 
-0.599507303694 
-0.438465848321 
-0.445299832720 
-0.400673970483 
-0.415845540947 
-0.272596858322 
-0.259913429218 
-0.313198020202 
-0.209774312419 
-0.050279282004 
-0.016630172872 
-0.139310209333 
-0.508069885525 
-0.413705489431 
-0.358512490217 
-0.372959299790 
-0.363420816935 
-0.390517238072 
-0.307195576366 
-0.029515958959 
-0.137156452986 
-0.298191788430 
-0.166494036254 
-0.262196689149 
-0.267538876817 
-0.283718842720 
-0.394418217747 
-0.394017280417 
-0.548186134354 
-0.470059917396 
-0.489821776591 
-0.550319953406 
-0.602239478162 
-0.525082633256 
-0.329948475824 
-0.319839474650 
-0.243820348066 
-0.317404422230 
-0.420072197428 
-0.237105639948 
-0.059488554422 
-0.078412429793 
-0.113837941172 
-0.145027340841 
-0.200598503047 
-0.091840480378 
-0.242849435386 
-0.321686683812 
-0.223184115101 
-0.248428760909 
-0.271541506750 
-0.076153549137 
-0.006925924577 
-0.024459097790 
-0.070520437608 
-0.057824571878 
-0.139776710760 
-0.207375013028 
-0.075907249904 
-0.085013813237 
-0.220143244656 
-0.224781572584 
-0.220248882517 
-0.262134172108 
-0.222221442598 
-0.187321085173 
-0.223468419456 
-0.196993499655 
-0.253157849458 
-0.127397993933 
-0.041824195845 
-0.049504155262 
-0.017630199237 
0.026395803379 
0.083266459260 
0.088595213824 
0.020104663753 
-0.035775346611 
-0.019239938503 
-0.048975834649 
-0.091570033562 
-0.003008768969 
-0.169291589317 
-0.107866381791 
-0.162166036930 
-0.247678790063 
-0.251186107641 
-0.306622566523 
-0.226867935140 
-0.290685262883 
-0.335307846224 
-0.130592254045 
-0.155987803361 
-0.280941779146 
-0.285484998480 
-0.243837881662 
-0.215386714930 
-0.196130666624 
-0.105864315275 
-0.136455588468 
-0.243094106844 
-0.241997884342 
-0.196605328708 
-0.372271404379 
-0.382210567043 
-0.397137325839 
-0.326137806000 
-0.344233602541 
-0.344605358592 
-0.299690281874 
-0.292367767327 
-0.271707542265 
-0.328932886460 
-0.248781309724 
-0.251969385843 
-0.241053200959 
-0.251302293957 
-0.389891679100 
-0.212307013029 
-0.360426062492 
-0.296381467269 
-0.486189264260 
-0.480875692138 
-0.532842728003 
-0.598749463483 
-0.585409185304 
-0.570187102437 
-0.557446315788 
-0.502432859811 
-0.549677407937 
-0.500764470859 
-0.523725003645 
-0.478386371007 
-0.474140417290 
-0.469451472066 
-0.427338679802 
-0.441528541042 
-0.422310240017 
-0.448348101299 
-0.475474698481 
-0.459554296782 
-0.434096894869 
-0.403021338788 
-0.455290837618 
-0.362735603768 
-0.371788177688 
-0.393876039094 
-0.395139695820 
-0.403904117504 
-0.386421749804 
-0.378916806135 
-0.402217745198 
-0.391142537207 
-0.362157978396 
-0.341683082375 
-0.253615534592 
-0.297238740626 
-0.341306559884 
-0.306879102271 
-0.362753029065 
-0.342900942697 
-0.302554546677 
-0.184942811067 
-0.192719915526 
-0.152569897110 
-0.182968862835 
-0.167201826294 
-0.202660631212 
-0.213277402127 
-0.157221004114 
-0.284090766206 
-0.233665758436 
-0.225071881824 
-0.242734589862 
-0.286883872716 
-0.286883872716 
-0.232954342968 
-0.300157342014 
-0.242473506130 
-0.091279870167 
-0.094143379425 
-0.075249155933 
-0.078430594501 
-0.078928625702 
0.049002326438 
0.093343504149 
0.061293978760 
0.056660622600 
0.080185224296 
0.026272573102 
0.035416472344 
0.048471350942 
0.063077423317 
-0.001826756787 
0.049417357112 
0.043069340915 
0.102564589043 
0.079481965316 
0.027758158720 
0.062155495357 
0.047499823319 
0.047499823319 
0.046857779615 
0.073751858952 
0.072870039156 
0.084836042340 
0.091268447372 
0.114429291998 
0.114722469595 
0.067636602921 
0.088340938969 
0.116121848433 
0.099641979345 
-0.009893586761 
0.051923131035 
0.070211221678 
0.057418611202 
0.060025978982 
0.012377857601 
0.026502985932 
0.026550718357 
0.009571136754 
0.054405006248 
0.067220881903 
0.029740293833 
0.050913432970 
0.080688499307 
0.091359721208 
0.017992932558 
0.025578364409 
0.004929504603 
0.074103514684 
0.069772609104 
0.054147882575 
0.022049306313 
0.021168567622 
-0.012723248826 
0.048035913897 
0.045727899332 
0.069121578749 
0.026500674126 
0.030711181425 
-0.001213459203 
-0.016831927029 
-0.020727577135 
0.029253589006 
0.044529469792 
0.081903253527 
0.045546704371 
0.077764387407 
0.151565984829 
0.186452470721 
0.186126404014 
0.112162178776 
0.093950682543 
0.076003052867 
0.043946581075 
0.057506615507 
0.113220584985 
0.147482049682 
0.160654181115 
0.146123800568 
0.084138187859 
0.064291616170 
0.144832887852 
0.186041506355 
0.139617281565 
0.131328034356 
0.122557392036 
0.151729290763 
0.232096629428 
0.192719526032 
0.287387294863 
0.347105032327 
0.318958471883 
0.282237671217 
0.178889190449 
0.176234644453 
0.135710306789 
0.139000128581 
0.202195708688 
0.165930749415 
0.137504099139 
0.178339119186 
0.230312479463 
0.230312479463 
0.008464817327 
-0.066544449328 
0.007863338389 
-0.026099926544 
-0.015572037618 
-0.035745425949 
-0.009636383103 
0.010166180703 
-0.005438480692 
0.025222250231 
0.028763827625 
0.072395123966 
0.073633182207 
0.018548726614 
0.008425189958 
0.053701445756 
0.046296912040 
0.036653247342 
0.038222315316 
0.029825121729 
0.042734287042 
0.019320584490 
-0.499583558218 
-0.331001915076 
-0.446737018740 
-0.426761475450 
-0.474866618319 
-0.462037143148 
-0.383871579719 
-0.473950383414 
-0.497851244878 
-0.319825927340 
-0.363873474163 
-0.463826475166 
-0.280371660605 
-0.292229851397 
-0.220967832760 
-0.261082036839 
-0.262349654338 
-0.266722350832 
-0.321713693430 
-0.227477674584 
-0.213965999182 
-0.217064488016 
-0.177879397095 
-0.210432687113 
-0.141772688443 
-0.113168381758 
-0.162119538483 
-0.155631780518 
-0.248130487632 
-0.293857949254 
-0.320384556027 
-0.358020305572 
-0.459186259523 
-0.437455939493 
-0.450040082439 
-0.416021042948 
-0.411655539087 
-0.354726334363 
-0.388143605987 
-0.366226431957 
-0.342804822711 
-0.289352609860 
-0.259573670151 
-0.268826190650 
-0.284885482409 
-0.287387571710 
-0.312117971787 
-0.263078865671 
-0.219841846987 
-0.212712947383 
-0.132586757674 
-0.252515166362 
-0.255710566782 
-0.285654530794 
-0.362221728571 
-0.411731071749 
-0.416372385106 
-0.453700071273 
-0.363886212819 
-0.482182832359 
-0.283961529472 
-0.313029072710 
-0.375469246063 
-0.289507512522 
-0.371627904659 
-0.333438740130 
-0.193007379615 
-0.030366716669 
-0.274900646838 
-0.340563487584 
-0.175463171538 
-0.132535526287 
-0.172369158092 
-0.114339489321 
-0.083751100351 
-0.135807135110 
-0.247868380461 
-0.210044100271 
-0.134328751771 
-0.222789649799 
-0.238253898402 
-0.199623440371 
-0.176580039876 
-0.200923450519 
-0.250937609769 
-0.272519164683 
-0.199570429037 
-0.140054563811 
-0.188460082855 
-0.207282424261 
-0.143933901695 
-0.091174822338 
0.019779525178 
-0.121217420201 
-0.368615400289 
-0.154952994617 
-0.173323691895 
-0.305044991180 
-0.285096231657 
-0.185549037440 
-0.245806566605 
-0.253434457241 
-0.271391592712 
-0.135662311960 
-0.133966120247 
-0.054084398806 
-0.113697557868 
-0.125848653744 
-0.203534989934 
-0.148470713606 
-0.110477371554 
-0.101075240578 
-0.019703584063 
0.002535045101 
-0.097612519500 
-0.037700815665 
0.084535201902 
0.009148728274 
-0.045109545856 
-0.052666993492 
0.054243814995 
0.129369811191 
0.173695054322 
-0.045001696451 
-0.035874315491 
-0.057574986379 
-0.145479120208 
0.008056971690 
-0.067343180480 
-0.175365419157 
-0.230221001526 
-0.131970439719 
-0.204898656558 
-0.240861203503 
-0.222728684741 
-0.278302392339 
-0.271394653315 
-0.249058677612 
-0.303761055221 
-0.226053420248 
-0.190264212003 
-0.185632350145 
-0.103099903435 
-0.062724569884 
-0.110478159855 
-0.139108915733 
-0.045244503338 
-0.081810232594 
-0.098602784678 
-0.144919250915 
-0.102099409916 
-0.208571007332 
-0.207696968293 
-0.192791709888 
-0.157246021004 
-0.204916996842 
-0.190683988741 
-0.255800825353 
-0.267686360029 
-0.305881610844 
-0.331249596286 
-0.343030965420 
-0.331062378801 
-0.278753273070 
-0.433725898293 
-0.380364593916 
-0.420844490175 
-0.408187881864 
-0.258734851166 
-0.135840168447 
-0.293158003777 
-0.226976106560 
-0.214107551231 
-0.191913123239 
-0.202038662935 
-0.252323255590 
-0.269855159037 
-0.265714378937 
-0.253763218444 
-0.220210157505 
-0.136419437960 
-0.191756014690 
-0.123163659705 
-0.163928067389 
-0.116244795577 
-0.006887858710 
0.230697200259 
0.181749828677 
0.140636308882 
0.183349689036 
0.281716650456 
0.111501954342 
0.195948696427 
0.132679913663 
0.378776789412 
0.162712860758 
0.106210414278 
0.145100639327 
0.138890609982 
0.209540438780 
0.163660767908 
0.178008528589 
0.266707076743 
0.255834976734 
0.366096753738 
0.328971204407 
0.267291815550 
0.274356106375 
0.268248767530 
0.214348167354 
0.205302476893 
0.258656765932 
0.231763923439 
0.255881520766 
0.314632122073 
0.216707995452 
0.199814215933 
0.266236131351 
0.381032320998 
0.347248967365 
0.252211000287 
0.300880754657 
0.333778029510 
0.302316480825 
0.196379240783 
0.257984795489 
0.104791558170 
0.134994756635 
0.022565172523 
0.078352359232 
0.113538752304 
0.098944264270 
0.105024232057 
0.105024232057 
0.101798361445 
0.067830828086 
0.106034521247 
0.114390754654 
0.086407898794 
0.110042243929 
0.087801857306 
-0.022012205486 
0.038477421562 
0.025528389907 
0.006882168535 
-0.031912826983 
-0.034259624651 
-0.048159094888 
-0.029186814989 
-0.007243715301 
-0.091105386568 
-0.222984628030 
-0.227097182075 
-0.248766184708 
-0.193047258528 
-0.165511377914 
-0.164648023749 
-0.113022916189 
-0.222704313339 
-0.234433475507 
-0.299491557913 
-0.299578017312 
-0.296907801229 
-0.294290465203 
-0.290456666491 
-0.284134664705 
-0.293083305948 
-0.294455722945 
-0.284615095624 
-0.282753669011 
-0.377296479590 
-0.372031794325 
-0.327313601421 
-0.348545492305 
-0.314673951880 
-0.308727544761 
-0.392500126823 
-0.495409020023 
-0.412808215981 
-0.419446182142 
-0.355098866849 
-0.324116597185 
-0.336379688086 
-0.378166122798 
-0.342128515108 
-0.388512879293 
-0.389118127245 
-0.409034220217 
-0.411315838359 
-0.411315838359 
-0.411315838359 
-0.410701637797 
-0.333923317080 
-0.286441536422 
-0.286005622405 
-0.274144381711 
-0.214380437437 
-0.197160913488 
-0.203524630543 
-0.269404101277 
-0.246479397934 
-0.414331905756 
-0.403039630938 
-0.408489122730 
-0.418380932114 
-0.415370172679 
-0.395947744478 
-0.498562502690 
-0.348107567289 
-0.294208589060 
-0.250816002574 
-0.244433251035 
-0.227671052437 
-0.214833184602 
-0.131959099580 
-0.246527414344 
-0.192539148938 
-0.178080216629 
-0.154701001902 
-0.160924685652 
-0.239394292894 
-0.175805241890 
-0.118929986669 
-0.095824131276 
-0.121610971077 
-0.093565433691 
-0.068823923351 
-0.095075017797 
-0.103240179694 
-0.095689774889 
-0.090839031315 
-0.111451252263 
-0.081537725078 
-0.103101724909 
-0.175853140168 
-0.105913609151 
-0.110764241023 
-0.113868425527 
-0.154953439032 
-0.174836709255 
-0.125527075562 
-0.134219704737 
-0.065011553852 
-0.091697431351 
-0.191234139744 
-0.193934986779 
-0.172269203481 
-0.172039833610 
-0.138849127469 
-0.196567468254 
-0.193221907081 
-0.158931678288 
-0.134217712731 
-0.084714870657 
-0.044549621201 
-0.126323831002 
-0.182953999152 
-0.173015235111 
-0.201675407319 
-0.204653311630 
-0.231219191416 
-0.183424989236 
-0.210724830235 
-0.229798839250 
-0.218724264500 
-0.252123764550 
-0.274384871669 
-0.285351444453 
-0.271318791859 
-0.286002754063 
-0.347330455782 
-0.364685743156 
-0.408217675131 
-0.404955653871 
-0.329201586493 
-0.320719661936 
-0.458006427100 
-0.414989585563 
-0.373718674596 
-0.331540743795 
-0.191498629866 
-0.212609065585 
-0.084219699781 
0.087584127515 
0.007083101348 
0.004899872118 
0.153216528581 
0.065143941632 
0.067014451266 
0.195504076166 
0.007221349916 
0.025437150330 
0.141867445901 
0.048694308323 
0.136298359301 
0.029381401670 
0.068229994138 
0.021104292546 
-0.028936895983 
-0.118879075979 
-0.099455449378 
-0.151477343035 
-0.167659875833 
-0.185442781253 
-0.198819881076 
-0.144908434897 
-0.194992463356 
-0.244948966179 
-0.271719032341 
-0.336606116372 
-0.367638112213 
-0.352549475080 
-0.256239687337 
-0.189202374508 
-0.158346784525 
-0.484213850756 
-0.545151814186 
-0.574107448401 
-0.549589196188 
-0.502167391747 
-0.507994413885 
-0.358386080066 
-0.339263512643 
-0.350052513282 
-0.203733296206 
-0.019304354498 
0.068060604389 
-0.051978022137 
-0.033074253016 
0.058179653426 
0.240820965610 
0.097876466791 
-0.339264216212 
-0.263760860094 
-0.163670728772 
-0.033157629607 
0.017691998650 
-0.072547390785 
-0.264378720715 
-0.245587794885 
-0.254457341855 
-0.258930310126 
-0.370927132689 
-0.327760296342 
-0.216659887489 
-0.084270952704 
-0.296097915249 
-0.313499078546 
-0.478443898137 
-0.379134558592 
0.189683757043 
0.039206751719 
-0.018392143213 
0.002721533478 
-0.377360457312 
-0.375530410888 
-0.493088853047 
-0.393287534755 
-0.461519345890 
-0.371091768583 
-0.365815078856 
-0.436050259510 
-0.386842949007 
-0.349094098524 
-0.294245331163 
-0.270463013900 
-0.380091715695 
-0.319374123877 
-0.294567742712 
-0.319639842874 
-0.237681397954 
-0.055519966951 
0.055431127490 
0.026147258194 
0.108266494074 
0.067560141902 
0.058373905856 
0.040732072384 
0.245795544944 
0.114974596397 
0.131160972113 
0.126993750263 
0.191309357250 
0.022297411286 
-0.132627612617 
-0.189626075880 
-0.239457333448 
-0.220074534789 
-0.348838788872 
-0.304085447040 
-0.245375700282 
-0.153363460030 
-0.240450570057 
-0.317288278135 
-0.293364304319 
-0.165230896052 
-0.231739353942 
-0.383991428909 
-0.194575664655 
0.000886907130 
0.013749926258 
-0.285072332966 
-0.259220845873 
-0.276020166949 
-0.338161115107 
-0.433077529992 
0.062490708796 
0.048045599361 
0.041176658661 
-0.115135663351 
-0.063452087060 
-0.007836224349 
-0.316760945683 
-0.273895271780 
-0.455788742164 
-0.375498320581 
-0.413290396899 
-0.180739000042 
-0.167493207519 
-0.223529872430 
-0.051344571067 
-0.182384742294 
-0.030186969933 
-0.138482589336 
-0.259301731502 
-0.205099267080 
-0.339918441003 
-0.287559366325 
-0.321255634096 
-0.463992031681 
-0.381870053761 
-0.298433582902 
-0.393883012284 
-0.257097379075 
-0.339740733979 
-0.191952870281 
-0.187174326578 
0.075673421534 
0.170300038760 
0.076395039574 
0.159356175981 
0.038327721067 
-0.016228226156 
-0.051662576581 
-0.029760017200 
-0.095231509224 
-0.111752139357 
-0.057121696960 
-0.050791213965 
-0.071478497225 
-0.028796397765 
-0.072715663353 
-0.182917297102 
-0.196859245556 
-0.239080764829 
-0.178668368313 
-0.147248850020 
-0.303873079373 
-0.273903992210 
-0.489567171072 
-0.488225437941 
-0.481699802049 
-0.432245241270 
-0.321950043954 
-0.335226303037 
-0.262922697323 
-0.129868212081 
-0.074627435445 
-0.266619488049 
-0.107864506875 
-0.152190426652 
-0.269429646143 
-0.280888959032 
-0.224513350486 
-0.119757073756 
-0.044470225549 
-0.167965681061 
-0.265584462200 
-0.204363025344 
-0.217079326464 
-0.146960362287 
-0.134625824560 
-0.146663797363 
-0.178955623769 
-0.031485684482 
-0.144400773301 
-0.131758870280 
-0.135866805560 
-0.110302989552 
-0.152969035971 
-0.158187233739 
-0.022415556660 
-0.089620393162 
-0.037695828365 
-0.040520131167 
-0.000369619469 
0.025726603274 
0.084958802171 
0.095724487469 
0.134124641054 
0.057447098777 
0.042820480138 
0.130420805517 
0.111808735158 
0.062046420993 
-0.172541519101 
-0.231959254675 
-0.273707594199 
-0.223171175923 
-0.301810843866 
-0.285712371613 
-0.295389530089 
-0.385830115821 
-0.265950620492 
-0.369506681009 
-0.424314646617 
-0.376655871866 
-0.338669138033 
-0.334537963424 
-0.353239066513 
-0.201850870049 
-0.154593995688 
-0.165561760035 
-0.311943037773 
-0.245905828704 
-0.352952565088 
-0.377206885795 
-0.244487312771 
-0.216279947518 
-0.065196414133 
-0.048523915846 
-0.045807803604 
-0.103480448021 
-0.302441798519 
-0.262519098315 
-0.381616428088 
-0.233145668654 
-0.117529429284 
-0.213318214723 
-0.194949358813 
-0.315757309830 
-0.162004050276 
-0.063636886391 
0.021905530403 
-0.137101071296 
-0.128242850064 
0.241983007730 
0.028090146021 
0.039408032603 
0.026875617853 
-0.024601311934 
-0.157494989921 
-0.146560350331 
-0.278194311777 
-0.134846819649 
-0.141403369656 
-0.141144381662 
-0.237867579656 
-0.266556629627 
-0.205031004541 
-0.221811985659 
-0.225064903292 
-0.266504647374 
-0.200371562863 
-0.248649907239 
-0.262670079465 
-0.235924463503 
-0.225424820097 
-0.281299327651 
-0.246784129174 
-0.252481386255 
-0.220241274389 
-0.229095594741 
-0.183065869794 
-0.227289830831 
-0.221010890407 
-0.281394653540 
-0.216169210761 
-0.232932919467 
-0.153131080705 
-0.136822480209 
-0.134473783514 
-0.217766713140 
-0.055023032340 
-0.005216763285 
0.039171860308 
-0.026741726010 
0.014490359692 
-0.090674957281 
-0.069931065283 
0.023791936785 
0.031866406394 
-0.048862371872 
-0.018772141150 
-0.034679632521 
0.101485789989 
0.116904555465 
-0.100587448690 
-0.227853919154 
-0.230306660370 
-0.129952175031 
-0.098385451564 
-0.143790873129 
-0.133342098002 
-0.185961488681 
-0.106482609924 
-0.183849626209 
-0.144311309799 
-0.115036479626 
-0.048294182888 
-0.055325949064 
-0.056100722380 
-0.120704456452 
-0.128534661110 
-0.001308225321 
-0.091918809907 
-0.213374312913 
-0.187668623619 
-0.134049166932 
-0.213642326175 
-0.136876571997 
-0.202347921873 
-0.193152878597 
-0.141183323582 
-0.161856890355 
-0.189643810538 
-0.143284012503 
-0.043803253036 
-0.218622483581 
-0.193169585182 
-0.202053102467 
-0.109385871799 
-0.034461777881 
-0.047044610081 
0.022071743164 
0.111526722890 
0.048117730402 
-0.049937268332 
-0.206545511677 
-0.213569333429 
-0.240354847450 
-0.158216513215 
-0.289086730561 
-0.234769005297 
-0.283001942955 
-0.284716527864 
-0.274343386676 
-0.249288850940 
-0.205776423548 
-0.084017713553 
-0.065115543672 
-0.096344266296 
0.148346956305 
-0.041560645154 
-0.068718791124 
-0.115677990549 
0.046068241131 
-0.060006933508 
0.044595736296 
-0.108379921388 
0.143826009759 
0.171404665962 
0.229744426023 
0.194066300571 
0.226505819715 
0.255924854594 
0.243119351820 
0.264133594428 
0.061733061875 
-0.073349958175 
-0.134994527706 
-0.174721382717 
-0.106193688496 
-0.126022091585 
-0.108099040320 
-0.117449844255 
-0.267280376450 
-0.281195815329 
-0.041079989001 
0.149319575625 
0.018617381839 
0.056162413446 
0.021202135234 
0.056367603981 
0.070914887142 
0.042210465753 
-0.009807974854 
0.004512355451 
-0.061529980339 
-0.036917592398 
-0.106500027404 
-0.141994125182 
-0.146977486117 
-0.193235685652 
-0.205942765875 
-0.215890621105 
-0.192821021916 
-0.155835245133 
-0.353272396459 
-0.154605797035 
-0.192634738376 
-0.234780984884 
-0.316473219615 
-0.339945794130 
-0.332352981185 
-0.259926599781 
-0.288159343445 
-0.209681332811 
-0.251841134439 
-0.396424230682 
-0.370676143639 
-0.363454993113 
-0.390507185285 
-0.229641662660 
-0.322682475116 
-0.363772896125 
-0.498221764783 
-0.393761868352 
-0.454853634586 
-0.367271499016 
-0.310072720670 
-0.394806714782 
-0.434778145033 
-0.465115750629 
-0.472163554881 
-0.386355190081 
-0.336520969582 
-0.439474402502 
-0.463118354793 
-0.507730013545 
-0.509139259606 
-0.567708917631 
-0.531305662869 
-0.527246676793 
-0.525399243367 
-0.471810686703 
-0.486215241679 
-0.497899917747 
-0.531974158237 
-0.487402379819 
-0.413478454737 
-0.462545476922 
-0.435150378825 
-0.413642755365 
-0.412667917532 
-0.348137989042 
-0.364507363779 
-0.392971344503 
-0.315491630862 
-0.420822877824 
-0.332586813296 
-0.297536785381 
-0.262181776916 
-0.319451701301 
-0.156411414092 
-0.144650850459 
-0.197153662854 
-0.218965454562 
-0.150261616728 
-0.018810482761 
0.072421474615 
0.149119845575 
0.167352363551 
0.055524061973 
0.019235808044 
0.048543190403 
-0.071999763525 
-0.067660330409 
-0.120785513755 
-0.136170467102 
-0.061259227793 
-0.223831110041 
-0.187319899501 
-0.103798630838 
-0.041447598678 
-0.059019720522 
-0.036457459886 
0.025029016329 
0.005210913628 
-0.000361011658 
0.022842607732 
0.007540080248 
-0.084554166731 
-0.254224984178 
-0.190106614381 
-0.066371407747 
-0.254101414451 
-0.343638490611 
-0.320931394490 
-0.373627809361 
-0.460593551796 
-0.438172651128 
-0.436042263704 
-0.455121444197 
-0.439613468051 
-0.388736865782 
-0.507788358745 
-0.458709284473 
-0.325229920876 
-0.323949187133 
-0.369520704000 
-0.476157567236 
-0.471041872896 
-0.407854342509 
-0.419613977077 
-0.252732531694 
-0.289250281721 
-0.298625182374 
-0.198038393378 
-0.214836295422 
-0.066347213662 
-0.045672539960 
-0.053394940594 
-0.124269687525 
-0.157583567452 
-0.159023540830 
-0.114713564490 
0.032636451626 
0.132967114481 
0.159566263426 
0.201839645253 
0.196664108942 
0.182897882648 
0.232737741670 
0.182391287051 
0.253026306267 
0.241523611402 
0.191622650163 
0.152477081634 
0.189319466892 
0.192055713026 
0.194318350014 
0.172391862370 
0.200128918559 
0.219013359061 
0.199918733934 
0.140539535725 
0.144901729029 
0.147547495060 
0.144078013202 
0.096342927549 
0.142370883418 
0.086881907385 
0.039039481221 
-0.069764327348 
-0.093300813576 
0.013104799058 
0.057803630694 
-0.064643521620 
-0.065875586132 
-0.118528302769 
-0.197310860997 
-0.119000177693 
-0.095893920835 
-0.046581628697 
0.062774835430 
0.029824117778 
0.307021386861 
0.355412248017 
0.390212460621 
0.316887210276 
0.029106594444 
0.147018234947 
0.198461872292 
0.227062153089 
0.359162919695 
0.258383379253 
0.334110876913 
0.219475126808 
0.153570981187 
0.052932084113 
0.034133967177 
0.148417476984 
0.075135812918 
0.018800201108 
-0.311259430187 
-0.316352921244 
-0.417103849471 
-0.239593895500 
-0.185693736892 
-0.182510526549 
-0.202655536979 
-0.112444716831 
-0.031835392887 
0.240100471389 
0.226582397507 
0.233208253221 
0.082716618426 
0.172628440076 
0.218000088398 
0.238241629183 
0.149254360222 
0.136979839592 
0.277245684169 
0.305066869577 
0.238975232231 
0.000756413146 
-0.038212856655 
-0.159986463452 
-0.245521582484 
-0.280634108670 
-0.271027060029 
-0.252969288409 
-0.199810554686 
-0.201555121925 
-0.202063746790 
-0.208759681291 
-0.205254405199 
-0.124068338648 
-0.147228968717 
-0.110961309589 
-0.145665435504 
-0.191108660695 
-0.191108660695 
-0.196655190352 
-0.260743370088 
-0.272010685524 
-0.248752799144 
-0.264780354083 
-0.205391006415 
-0.154246448370 
-0.162654084278 
-0.149423546407 
-0.169087238363 
-0.180202898213 
-0.169265757366 
-0.179219459439 
-0.174709538818 
-0.224009734852 
-0.207433891962 
-0.248376830560 
-0.163281429317 
-0.162928560046 
-0.157918392948 
-0.162654487247 
-0.091746462474 
-0.084689824729 
-0.080651315463 
-0.104113392738 
-0.104091934457 
-0.133395209076 
-0.195770822311 
-0.148821172861 
-0.157656808024 
-0.194735321796 
-0.125922626054 
-0.106945341389 
-0.113731390879 
-0.100556980876 
-0.116749393536 
-0.098632197412 
0.005250694348 
-0.094820391323 
0.144154736766 
0.108247032403 
0.103256133921 
0.057802560216 
-0.058337766234 
-0.000207335641 
-0.018052388434 
-0.029942737144 
0.044027975887 
-0.005267813331 
0.037056501255 
0.017662661533 
-0.021659416281 
-0.000998939213 
0.055587646003 
-0.006688813148 
-0.000367461006 
0.030373614385 
0.014453394051 
0.084616088794 
0.054590517180 
0.020935486847 
-0.025105476422 
-0.196716506373 
-0.230506730529 
-0.216058127678 
-0.264470091152 
-0.225109319179 
-0.244318783484 
-0.233664460296 
-0.216529926277 
-0.224213200110 
-0.179257878292 
-0.306340334218 
-0.266183590339 
-0.126710257648 
-0.100024376107 
-0.127205292079 
-0.141660266492 
-0.193482539219 
-0.138058556087 
-0.229622065766 
-0.304008081302 
-0.279255601871 
-0.278535589979 
-0.174490779421 
-0.124413914673 
-0.199017321495 
-0.173075486276 
-0.066005993347 
0.047655060318 
0.037720698224 
-0.048569043356 
-0.059282491079 
-0.146863759378 
-0.257883455018 
-0.377793855624 
-0.330082460127 
-0.301735340758 
-0.258063063158 
-0.246302887227 
-0.256965547996 
-0.327641174130 
-0.356225817968 
-0.450523290655 
-0.357013458490 
-0.317227516199 
-0.142648005741 
-0.183642491716 
-0.321518019502 
-0.262629539566 
-0.297603212973 
-0.226977092208 
-0.188396201657 
-0.285823550168 
-0.353061781329 
-0.360163944105 
-0.453628510770 
-0.451835290079 
-0.412103504875 
-0.354739279861 
-0.381205219156 
-0.504489392530 
-0.455558884301 
-0.399708620922 
-0.495486608865 
-0.492462410514 
0.278893105856 
0.375399559867 
0.005649034936 
0.100262583319 
0.068045615894 
-0.017334763324 
0.206256631123 
-0.356827488270 
-0.412309312357 
-0.480516475308 
-0.537534139514 
-0.361191287073 
-0.252689652283 
-0.427419784499 
-0.447844221832 
-0.553958008505 
-0.540851689857 
-0.403436619845 
-0.446364301423 
-0.418665514633 
-0.457760160703 
-0.377294397645 
-0.296143454350 
-0.349079563959 
-0.316681578085 
-0.263612591204 
-0.466282085720 
-0.373498974543 
-0.402216499915 
-0.515690933304 
-0.399274102953 
-0.446819072087 
-0.491204296989 
-0.489602726893 
-0.329244915824 
-0.323818601099 
-0.176974159629 
-0.115146793932 
-0.093119001606 
-0.129675433219 
-0.184357226011 
-0.197341722274 
-0.353668939824 
-0.346163305372 
-0.123331437110 
-0.069169329931 
-0.040278926880 
0.003857913873 
-0.003454197879 
0.134971540675 
0.029644165915 
-0.157779125160 
-0.125585270084 
-0.145098515488 
-0.044868468070 
-0.173237291640 
-0.140314874381 
-0.201376549566 
-0.236046078361 
-0.270905671546 
-0.241716144985 
-0.249115552720 
-0.247675170512 
-0.155377262644 
-0.126611754263 
-0.152662679295 
-0.195217897980 
-0.224961047138 
-0.278062042410 
-0.196533735115 
-0.172164120271 
-0.155966773425 
-0.064483442061 
0.003280114517 
0.130028946639 
0.138233868061 
0.106848529669 
0.175417973974 
0.162484525852 
0.057492067882 
-0.024383316650 
0.100647834261 
0.109285190330 
-0.011861369529 
-0.057279497745 
-0.045701616906 
0.040944631288 
0.015111538394 
-0.100062123825 
-0.117924020351 
-0.047307043747 
-0.143800545799 
-0.234951120461 
-0.291378683931 
-0.241791816658 
-0.245856045608 
-0.276201926813 
-0.349650696988 
-0.251185771036 
-0.266902715431 
-0.177725876441 
-0.008241047503 
-0.096055213157 
-0.202427366708 
-0.191731957755 
-0.292203947368 
-0.353612403080 
-0.411866943687 
-0.422571551522 
-0.351844293330 
-0.329578136355 
-0.376611499431 
-0.344076124525 
-0.265156853519 
-0.263354895076 
-0.255014958712 
-0.230768249055 
-0.372616391034 
-0.280317486303 
-0.255443505140 
-0.122965207081 
-0.109230871732 
-0.020558364706 
-0.030305181562 
-0.116506523721 
-0.204758654827 
-0.322625468528 
-0.202477469597 
-0.257793276094 
-0.125793183767 
-0.134134309082 
-0.081138476523 
-0.096859294754 
-0.325585708573 
-0.404579990684 
-0.374447495017 
-0.355078868856 
-0.357116670587 
-0.289758179231 
-0.256628302463 
-0.235064153002 
-0.296269733244 
-0.424787407391 
-0.380827713535 
-0.386928570445 
-0.362394062365 
-0.366519772209 
-0.339656157392 
-0.392548457636 
-0.242059934113 
-0.244179360768 
-0.230279772054 
-0.265963571146 
-0.216927935369 
-0.309541130212 
-0.383215472901 
-0.374088871381 
-0.314077811073 
-0.474245982530 
-0.336559970479 
-0.299239930566 
-0.267265918933 
-0.227220060102 
-0.255345604280 
-0.308808253979 
-0.328008708362 
-0.328854664683 
-0.342354029398 
-0.345219307749 
-0.220091012926 
-0.170313053421 
-0.197787559738 
-0.190202276176 
-0.180197947939 
-0.171589963922 
-0.144236687356 
-0.130132762782 
-0.146752848894 
-0.141054614214 
-0.148223611587 
-0.175088457907 
-0.206816032657 
-0.227465362457 
-0.270611018177 
-0.236923975660 
-0.157439168079 
-0.076479354875 
-0.008138273379 
-0.181649823358 
-0.151687158946 
-0.112156740506 
-0.097664205318 
-0.165047579845 
-0.086886593819 
-0.161579482098 
-0.203883632833 
-0.086239001300 
-0.111792840767 
-0.163311691652 
-0.143666963101 
-0.187084855955 
-0.136097491089 
-0.161912380851 
-0.077756046275 
0.010937968844 
0.016895554011 
0.032683720977 
0.066578418217 
-0.018674799739 
-0.074369750224 
-0.281767605536 
-0.212221881867 
-0.253476871460 
-0.241607330035 
-0.303215646860 
-0.318056965840 
-0.348236585246 
-0.298646553566 
-0.356508355937 
-0.384587635647 
-0.455741563346 
-0.405482787554 
-0.417685242808 
-0.428029328868 
-0.327062528858 
-0.300067448434 
-0.291511421097 
-0.249072903827 
-0.240516568902 
-0.146944711588 
-0.188910538614 
-0.178617671541 
-0.168361206409 
-0.286905962536 
-0.297400493022 
-0.281055332436 
-0.231379696002 
-0.249781681120 
-0.148850678646 
-0.189530580582 
-0.182195083568 
-0.175344343001 
-0.220461305471 
-0.401653253768 
-0.337028327569 
-0.397748983504 
-0.273612355900 
-0.312820335258 
-0.268464946585 
-0.137320703486 
-0.179134119410 
-0.177855865657 
-0.202176887007 
-0.202313954214 
-0.188691885358 
-0.192090975013 
-0.244256327898 
-0.391061274800 
-0.390444614339 
-0.407454048834 
-0.363093148792 
-0.339858896457 
-0.339249513776 
-0.350532561123 
-0.360336230097 
-0.365723474130 
-0.352899037982 
-0.322853744975 
-0.319061138148 
-0.318760340254 
-0.309990440036 
-0.315990471414 
-0.320881521804 
-0.362566602818 
-0.372879767113 
-0.349428052431 
-0.278678191558 
-0.295728931130 
-0.292521879951 
-0.296067877758 
-0.295128811428 
-0.295709527100 
-0.287055812085 
-0.280475708273 
-0.285620298710 
-0.298978803055 
-0.302384995260 
-0.302723266171 
-0.303936458354 
-0.321062782396 
-0.304966982609 
-0.311309759815 
-0.258187796883 
-0.275398972151 
-0.219737476428 
-0.201572200710 
-0.237360754507 
-0.250046341064 
-0.221598011946 
-0.215886371288 
-0.219297568619 
-0.227180413427 
-0.230815387510 
-0.235860116138 
-0.244896148648 
-0.289484282764 
-0.234215774963 
-0.232396963631 
-0.177845505298 
-0.163760431723 
-0.295596641572 
-0.325180723466 
-0.312937879715 
-0.372399437736 
-0.339490565931 
-0.361872726495 
-0.278858022533 
-0.278519458146 
-0.289010968484 
-0.240112951981 
-0.277379913581 
-0.328911810785 
-0.308857733083 
-0.303705696190 
-0.306685518658 
-0.304721026692 
-0.337654166539 
-0.289385639941 
-0.224400243468 
-0.257109341565 
-0.265591556454 
-0.115464340781 
-0.020765476650 
-0.030841517263 
-0.000888130540 
0.013695956213 
-0.189929027086 
-0.198043374891 
-0.174508965321 
-0.185797086770 
-0.188538108917 
-0.199784689779 
-0.190060295232 
-0.121593900264 
-0.095462841001 
-0.113287105012 
0.051126034479 
0.052421473913 
0.069764693333 
0.068328701139 
0.059478466325 
0.013588649394 
0.008964307944 
0.069473872739 
0.033425228308 
-0.008031918821 
-0.007361379369 
0.034281811436 
0.058713394616 
0.038079838800 
0.083649073926 
0.075478907696 
0.088030446121 
0.098686201752 
0.178514686739 
0.018316921229 
0.099643190485 
0.149039916174 
0.088060311740 
0.046518035838 
0.030853824886 
-0.001996163325 
0.064904164087 
0.099426379764 
0.106700519517 
0.008716734089 
0.111113991277 
0.153390980328 
-0.178483454499 
-0.113150731530 
-0.088918247439 
-0.316610454648 
-0.223983477599 
0.143656272547 
-0.045110355964 
-0.155337886616 
0.226331496650 
0.022753127632 
0.301312627063 
0.188364951651 
0.144521170226 
0.024029165071 
0.115500959739 
0.044996260553 
0.023436497809 
0.156784075864 
-0.134837888599 
-0.199372644386 
-0.178802213983 
-0.361801112004 
-0.161549857374 
-0.063112657822 
-0.164434201483 
-0.386280758033 
-0.314527539846 
-0.337922411869 
-0.344894643640 
-0.283938290295 
-0.281335163952 
-0.259734006761 
-0.404727711643 
-0.400019964794 
-0.400999763655 
-0.420086081691 
-0.392109647135 
-0.506114188125 
-0.419663624564 
-0.475211456531 
-0.190063663174 
-0.252393359576 
-0.430958064469 
-0.364329629582 
-0.400095726581 
-0.570213536299 
-0.460358523686 
-0.474025623263 
-0.509104291743 
-0.129972958755 
-0.166765229548 
-0.093734033207 
0.123487811311 
0.269786270628 
0.239086710423 
0.146181129190 
0.013336135121 
-0.056984532620 
0.215653455087 
0.082459140742 
0.207262510781 
0.168231344897 
0.183559702367 
0.221443223500 
0.163669143733 
0.070511585772 
0.067683013321 
0.142634921901 
0.280091025884 
-0.089836244376 
-0.070443957298 
-0.085836360041 
-0.174749466785 
-0.216541767627 
-0.212554746427 
-0.060948864667 
-0.090312587333 
-0.258242140967 
-0.252358646923 
0.017665936004 
-0.190482243807 
-0.217528664995 
-0.210468755101 
-0.532831652794 
-0.253124989634 
-0.282947769122 
-0.258757636256 
-0.297526825994 
-0.321193745138 
-0.186670929162 
-0.144683641615 
-0.154346180786 
-0.128535075290 
-0.159941537630 
-0.201932682964 
-0.021678640141 
-0.266493097822 
-0.280649633684 
-0.316320478997 
-0.358329181168 
-0.222526801420 
-0.310297413514 
-0.242040864033 
-0.097330281548 
-0.223220458186 
-0.223500700982 
-0.279805463939 
-0.270158750243 
-0.172458726077 
-0.159038172030 
0.001776214186 
-0.053926635514 
-0.094917844894 
-0.155774932215 
-0.212604774102 
-0.285940368576 
-0.245126739715 
-0.231317592572 
-0.226971263227 
-0.330581765382 
-0.366152314281 
-0.390144767996 
-0.346059064350 
-0.386401608329 
-0.381791241248 
-0.222338987898 
-0.241290200769 
-0.332197810051 
-0.213698508858 
-0.217241099971 
-0.193079115158 
-0.245615856013 
-0.254649344630 
-0.240189783249 
-0.187234856315 
-0.178650740720 
-0.163596504570 
-0.171774060357 
-0.092343516725 
-0.121060093453 
-0.121384955844 
-0.131049413215 
-0.116396822294 
-0.114858017716 
-0.088933523075 
-0.125600521755 
-0.137235527477 
-0.100551551052 
-0.057896659146 
-0.104660295333 
-0.122361547430 
-0.133343501329 
-0.184608249817 
-0.271866130570 
-0.217655735535 
-0.203849789634 
-0.168566066196 
-0.267687805032 
-0.321867073295 
-0.305714245878 
-0.311707824767 
-0.294821971880 
-0.376080338960 
-0.320845241933 
-0.377401092079 
-0.345642035280 
-0.299537492310 
-0.164360517238 
-0.196418412925 
-0.176690022485 
-0.154128425089 
-0.171870429161 
-0.168443694463 
-0.214293643809 
-0.271998202979 
-0.286680082183 
-0.308860570017 
-0.255609412233 
-0.426189271842 
-0.386614832626 
-0.409436269080 
-0.370124238087 
-0.411384457905 
-0.442336487612 
-0.363674161156 
-0.335244410629 
-0.408692401561 
-0.357195458112 
-0.377036428956 
-0.217470386286 
-0.314012227404 
-0.336037259773 
-0.246031956677 
-0.319249339245 
-0.296190478200 
-0.529426555119 
-0.476482807145 
-0.565388264066 
-0.562080221996 
-0.475967382099 
-0.497175524181 
-0.304925135731 
-0.268901778325 
-0.288891944155 
-0.424047583142 
-0.366647600557 
-0.448043748925 
-0.431092108647 
-0.419252597120 
-0.445482639134 
-0.410735268598 
-0.434629268307 
-0.190811920553 
-0.182175805047 
-0.278198556678 
-0.142922704773 
0.068258259307 
0.031482109891 
0.159088860682 
0.045899452824 
-0.008855380568 
0.151043460883 
-0.032278207881 
0.017982660836 
-0.095647696591 
-0.140321610272 
-0.056955735355 
-0.034005985632 
0.007326289894 
0.048240283202 
0.051267762405 
-0.024635935540 
0.002059174352 
0.112344042261 
0.113346718790 
-0.116609971178 
-0.035919626955 
-0.091350242302 
-0.040263311173 
-0.021215267467 
0.052399291825 
-0.035877666969 
0.015202763956 
0.057871630370 
0.110272159705 
-0.102898273764 
-0.113337598779 
-0.007243832184 
0.107740242887 
-0.017577413592 
0.105164789464 
-0.089897873582 
-0.148559715354 
-0.058716744430 
-0.345255684868 
-0.240558539727 
-0.190060013945 
-0.204172573810 
-0.264564835032 
-0.279700289737 
-0.501213921204 
-0.479010037469 
-0.444657632271 
-0.401360210757 
-0.337560665026 
-0.367579782296 
-0.344385594749 
-0.260468686891 
-0.132530707455 
-0.231732530107 
-0.472845940482 
-0.234600144103 
-0.200924079404 
-0.232388681687 
-0.195677654754 
-0.165638771223 
-0.149519761753 
-0.079254493699 
-0.060017305101 
-0.023533121006 
-0.019474547141 
-0.033288095725 
0.002376795965 
0.099960194631 
0.004333558426 
-0.183227587587 
-0.123518973129 
0.104353207121 
0.051387462370 
0.043231914783 
-0.007498295643 
0.072140530623 
0.039591147341 
0.034731167252 
0.063428428264 
0.078489743843 
0.020563249638 
-0.087104993709 
-0.095436887440 
-0.085082803995 
-0.238621414396 
-0.186260225522 
-0.096783994483 
0.040086417361 
-0.060641592367 
-0.039129554250 
-0.037606398360 
0.051892924054 
0.042994535338 
0.147129380132 
0.007994374838 
0.001504997787 
0.083387275568 
-0.008620542087 
-0.034972169262 
-0.012804911184 
-0.026960953879 
0.009702603351 
-0.063886122434 
-0.063084535011 
-0.060193751440 
-0.008258176475 
-0.044513808480 
-0.130978833660 
-0.131813790261 
-0.203182914801 
-0.289700578077 
-0.240766848064 
-0.142877661704 
-0.144040692716 
-0.158165454430 
-0.088028560474 
-0.100615172158 
-0.060167247253 
-0.105170771248 
-0.183175923296 
-0.236407285834 
-0.219831558777 
-0.237019292180 
-0.361164577682 
-0.353162938848 
-0.370119854026 
-0.396849044466 
-0.348477700154 
-0.326588763127 
-0.295533935212 
-0.483587868101 
-0.484327870752 
-0.390280588154 
-0.349354470148 
-0.358003340354 
-0.373952088460 
-0.230211825137 
-0.333669110615 
-0.384405255892 
-0.369920328035 
-0.445926460450 
-0.460894791620 
-0.467839086780 
-0.577183904374 
-0.495208399514 
-0.485887709374 
-0.585839114622 
-0.398727675393 
-0.429041725169 
-0.346637467054 
-0.363399469731 
-0.365167044578 
-0.358824476843 
-0.381067502981 
-0.419784559703 
-0.441403208171 
-0.436894017046 
-0.326432825579 
-0.429265338489 
-0.326627278944 
-0.350667850414 
-0.289234791697 
-0.193211611391 
-0.199590619410 
-0.325885805321 
-0.447196124628 
-0.200546834156 
-0.382029355748 
-0.153808742733 
-0.123570423493 
-0.260758691979 
-0.340497493555 
-0.447928750542 
-0.359968340191 
-0.254680500775 
-0.536725191948 
-0.611130633006 
-0.448365196340 
-0.428951035726 
-0.441885922600 
-0.358627713315 
-0.323237509049 
-0.318275332398 
-0.255081749527 
-0.243737599128 
-0.231593337612 
-0.207389310564 
-0.144270879639 
-0.286539626022 
-0.171290142129 
-0.439560808308 
-0.270668174551 
-0.229673559199 
-0.418416305744 
-0.433186547999 
-0.500380045433 
-0.046709678422 
0.011508724636 
-0.037882226196 
-0.026073677564 
0.081370325382 
-0.014702669941 
-0.124843042341 
-0.120069462375 
-0.186649424096 
-0.025318881744 
-0.303823006042 
-0.119818777717 
-0.141289615962 
0.118330218484 
0.180116525020 
0.028806584037 
-0.108925274307 
0.057588889754 
0.141918755488 
-0.168569003037 
0.135403539533 
-0.148594927565 
-0.006461550709 
-0.200744978826 
-0.112210113537 
-0.158500149072 
-0.319442337024 
-0.230319549948 
-0.341196814886 
0.023336871853 
0.117418127658 
0.091267238096 
0.132803769761 
0.123132934518 
0.117362756986 
-0.005043438226 
-0.081284177009 
0.159978158803 
0.009581430735 
0.028243413612 
-0.040757834337 
-0.049783520621 
-0.117137708237 
-0.103719470285 
-0.100115880357 
-0.079870410728 
-0.100244840503 
-0.104911726319 
-0.248500737933 
-0.212246080450 
-0.237712101153 
-0.222526961275 
-0.303627367783 
-0.227184031408 
-0.241269804947 
-0.231317700232 
-0.214388697287 
-0.272150310082 
-0.245631403763 
-0.268400999040 
-0.168472300699 
-0.168778932002 
-0.150304861200 
-0.215181232449 
-0.068679812284 
-0.076271541721 
-0.319502327079 
-0.326610818315 
-0.312809467736 
-0.317172796907 
-0.343739033357 
-0.360327078059 
-0.434726224619 
-0.321248170756 
-0.285872832642 
-0.289277955700 
-0.154073627510 
-0.186014455001 
-0.115026130467 
-0.053809079460 
-0.103256891321 
-0.045501217427 
-0.040676050333 
0.019595552565 
-0.080312888741 
-0.210893987980 
-0.147308968820 
-0.147497061517 
-0.194713645623 
-0.267243321533 
-0.374797863164 
-0.327362939381 
-0.370904443212 
-0.459809296856 
-0.260427316731 
-0.295894206860 
-0.318163087379 
-0.107565085797 
0.045079673831 
0.035498241881 
0.216279112846 
0.099735294762 
0.063475456278 
0.309231742779 
0.144358582336 
0.343149618219 
0.183432225124 
0.189100536473 
0.180959906012 
0.209625099116 
0.124076351995 
0.178831193765 
0.078836751928 
-0.017838605987 
-0.154556298473 
-0.185356217971 
-0.160591436715 
-0.153751312873 
-0.235431185449 
-0.169317380464 
-0.308191603992 
-0.258641265556 
-0.187214203290 
-0.159877376595 
-0.248656268344 
-0.241296105708 
-0.173026693795 
-0.056116175709 
-0.006606355098 
0.179427380756 
0.195288929876 
0.138283730250 
0.156822931670 
0.123369803486 
0.079073720123 
0.093375450292 
0.124799019515 
0.089528323263 
0.072057559235 
0.190181869462 
0.112114260187 
0.107101293298 
0.152730905633 
0.061344565936 
-0.050791993716 
-0.115334199048 
-0.107547438049 
-0.191488222962 
-0.223773392309 
-0.238228237927 
-0.238896540199 
-0.219077332945 
-0.249063519018 
-0.244993935182 
-0.259725266665 
-0.244996482855 
-0.261635765403 
-0.252832027462 
-0.261698948714 
-0.197590060235 
-0.169328942245 
-0.136344742753 
-0.150042916940 
-0.115351852423 
-0.029621119086 
-0.056562052080 
-0.075534239073 
-0.033772289413 
-0.023420930481 
0.057212626798 
0.090889182342 
-0.093102863505 
-0.047973937436 
-0.075921159319 
-0.094443149142 
-0.058671408903 
-0.049277701346 
-0.114637607566 
-0.008702439978 
0.012429283565 
0.020623707475 
0.019286092908 
0.043335197722 
0.072152384820 
-0.012231096122 
-0.022312527240 
0.188270958970 
0.177217953218 
0.165181855657 
0.260256442874 
0.153274134200 
0.109251230610 
0.018170892255 
0.000367381599 
0.065223000198 
0.071905240680 
0.076662152526 
0.076218857578 
0.317771849684 
0.216817120535 
0.347314163434 
0.420409534355 
0.239966025015 
0.228439123720 
0.157896069858 
0.232896123122 
0.064374547332 
0.183345763104 
0.110689837480 
0.089195371974 
0.134090797725 
0.168659654083 
0.158017462320 
0.238625364792 
0.214449768850 
0.160197577274 
0.174601559201 
0.114510723964 
0.107566470784 
0.062539835584 
0.043246346203 
-0.180478085994 
-0.171059075360 
-0.147399096107 
-0.183818001284 
-0.472986786422 
-0.356428377952 
-0.369729779934 
-0.127892474339 
-0.117790135480 
-0.148527943045 
-0.138381018932 
-0.149445917227 
-0.177697881933 
-0.173312635313 
-0.110814626431 
-0.081710448783 
-0.106479338160 
-0.084877976514 
-0.063284407208 
-0.115612219168 
-0.142167002159 
-0.082504275246 
-0.149165504779 
-0.087452092156 
-0.069720596151 
-0.048563416536 
-0.027825220863 
-0.013405485331 
0.151269975613 
0.134678943258 
0.264436962015 
0.301035409348 
0.248814009872 
0.348709662835 
0.325898577997 
0.202694462037 
0.176483811007 
0.229908850098 
0.340509119813 
0.204229536639 
0.326316403535 
0.178897657562 
0.210884420737 
0.159380408815 
0.235312142338 
0.289642184842 
0.291938380531 
0.117765248640 
0.161531869082 
0.343440322623 
0.260187591848 
0.286854874861 
0.159976446488 
0.274931865346 
0.094217304389 
0.118340620329 
0.121064325144 
0.023112251091 
0.098848688169 
0.187284977130 
0.156903240824 
0.007705101712 
0.072675294622 
0.121969128540 
0.134450780743 
0.162724030210 
0.149725178695 
0.171300592804 
0.109692933567 
0.083145293818 
0.362053114976 
0.091765584090 
0.159251504469 
0.118173998640 
0.116949953945 
0.118327824368 
0.146407052401 
0.115479447369 
0.140257569627 
-0.018931096818 
-0.032771912983 
0.039749095170 
0.010132173254 
-0.054016282862 
-0.063224402643 
-0.081928748510 
-0.057523143762 
-0.051260515602 
-0.043711358617 
0.049051690135 
-0.000737900998 
0.069632170067 
0.075839255834 
0.057160471357 
0.045137995870 
0.113289471903 
0.112347950862 
0.031185081354 
0.056246158167 
0.168520134462 
0.157041217950 
0.114670831520 
0.114343419599 
0.213328410052 
0.243259429492 
0.217053329549 
0.231706793822 
0.255283398942 
0.234976789710 
0.200963295173 
0.052358182610 
0.025870964211 
-0.028289736701 
-0.037181099864 
-0.040227998002 
-0.006444979980 
0.006382888931 
-0.036886362289 
-0.083973192008 
-0.174149690251 
-0.258997853877 
-0.045853672872 
-0.116062884059 
-0.113234807900 
-0.119614771247 
-0.156344419841 
0.001288987301 
-0.005628115798 
0.069733436119 
-0.004221157115 
-0.079022308175 
-0.076457098545 
-0.051434042639 
-0.057657611804 
-0.089430786823 
-0.124207463330 
-0.100633499374 
-0.120483004313 
-0.122572571729 
-0.061693450437 
-0.080546406005 
-0.022564097625 
-0.096563589474 
0.008051679197 
0.028941062601 
-0.058180176898 
-0.005809960221 
-0.130108367806 
-0.110359538421 
-0.064023085754 
-0.114602398542 
-0.166943150527 
-0.213219385914 
-0.113768191752 
-0.205173289120 
-0.155414958511 
-0.257347756138 
-0.503213649909 
-0.478056135817 
-0.496252336940 
-0.487809993004 
-0.388412602940 
-0.360230671450 
-0.361465404067 
-0.245748444010 
-0.243031940504 
-0.257422059953 
-0.170677205560 
-0.128040343142 
-0.153776776887 
-0.216384008376 
-0.206386865076 
-0.172881216975 
-0.160150339069 
-0.165830809011 
-0.176759407629 
-0.184205175768 
-0.199195943502 
-0.198145830747 
-0.459880395954 
-0.462959313584 
-0.456497030198 
-0.480728604389 
-0.436301537353 
-0.469947992675 
-0.405960329936 
-0.411730135687 
-0.340038938256 
-0.389637140715 
-0.486141271268 
-0.431117676550 
-0.522869737570 
-0.215240736937 
-0.270368009573 
-0.280597683607 
-0.428484072529 
-0.517859333705 
-0.525583389580 
-0.550316090094 
-0.587658961189 
-0.462881678560 
-0.426895907081 
-0.506426841848 
-0.476267759448 
-0.382448877537 
-0.332235654217 
-0.382770508903 
-0.320257653229 
-0.321520254298 
-0.476731216699 
-0.590850813162 
-0.293859895060 
-0.247274175670 
-0.223530831414 
-0.365103494805 
-0.386955112444 
-0.374662621747 
-0.245368472227 
-0.317112064528 
-0.367229595201 
-0.303130167574 
-0.108237829469 
-0.241771593026 
-0.292670530771 
-0.354914647794 
-0.200149015699 
-0.319631906003 
-0.333914588700 
-0.270230731277 
-0.097252603444 
-0.076421173463 
-0.122460199330 
-0.408776427390 
-0.210523768614 
-0.175712978499 
-0.167979522680 
-0.165832756679 
-0.263577010279 
-0.091977134467 
0.051151706268 
0.049971972694 
0.016688115192 
0.046957642131 
0.005928210623 
-0.033957963786 
-0.029992049338 
-0.058326518368 
-0.120498981816 
-0.087839471642 
-0.114333940516 
-0.069374169494 
-0.033247174527 
-0.242099937425 
0.039866286205 
-0.102633789729 
-0.070982734421 
-0.073907940449 
-0.139026484445 
-0.082850408449 
-0.131603653768 
-0.108258587542 
-0.093176213297 
-0.108118330733 
-0.111009981214 
-0.127475294855 
-0.071849217802 
-0.115701571528 
-0.096461317295 
-0.120926143868 
-0.078608749594 
-0.242692687756 
-0.207269644107 
-0.209155546200 
-0.257290807614 
-0.290295084740 
-0.306805468624 
-0.284457190565 
-0.073939894879 
-0.091182676695 
0.063549496211 
0.105414185297 
0.074395958728 
-0.199700241349 
-0.254795985305 
-0.278377801147 
-0.288902837203 
-0.385619115583 
-0.361847560352 
-0.482263603762 
-0.338774853753 
-0.357921265727 
-0.358427675492 
-0.420271806666 
-0.340803056733 
-0.289748693904 
-0.327885929644 
-0.334979906134 
-0.260590376128 
-0.256478667837 
-0.248941732049 
-0.317045167533 
-0.256523124769 
-0.283247267033 
-0.154590767831 
-0.155561283086 
-0.117339788486 
-0.110838554188 
-0.102197697569 
-0.125052721850 
-0.153913679269 
-0.186701765065 
-0.224876746912 
-0.318813597309 
-0.296765838192 
-0.271080264400 
-0.361419180703 
-0.230655972723 
-0.337007725433 
-0.307227594376 
-0.337584785326 
-0.325726003717 
-0.341049516792 
-0.365040606118 
-0.351472282970 
-0.181920127094 
0.022048897507 
0.020203213725 
0.138678337574 
0.200426166785 
0.213591970682 
0.191432385789 
0.148238766169 
0.223456270328 
0.188249241356 
0.232315244394 
0.218871334604 
0.126357294510 
0.199096400266 
0.135493145071 
0.121541847048 
0.183562896880 
0.095584235821 
0.053813566436 
-0.069355322534 
-0.163749539680 
-0.257472511704 
-0.131557835029 
-0.147110062418 
0.011339306513 
0.088910708777 
0.156874116307 
0.042910340638 
-0.074175860551 
0.041902732159 
0.169663411826 
0.154901063841 
0.154664177799 
0.163074995313 
0.116822876473 
0.024897148293 
0.067701545719 
0.103752897850 
-0.055541036063 
0.046381971400 
-0.107347659475 
-0.192692037754 
-0.183442553248 
-0.106200563856 
0.004821206585 
0.086169475877 
0.008219393488 
0.014439463010 
-0.169208400952 
-0.605204091250 
-0.598319114265 
-0.426332078165 
-0.433166140803 
-0.426242612202 
-0.386528809662 
-0.404634335927 
-0.429240534475 
-0.495878729078 
-0.380327403866 
-0.300883331032 
-0.266731432624 
-0.255075981386 
-0.450544949739 
-0.289994605477 
-0.300579684388 
-0.309596526004 
-0.234745238359 
-0.167840056845 
-0.165946013268 
-0.268651007587 
-0.276679445966 
-0.345034683353 
-0.304654600140 
-0.327796318406 
-0.311865906545 
-0.272251841721 
-0.309776536621 
-0.282852400867 
-0.279648890838 
-0.271265840730 
-0.180228944745 
-0.172604198369 
-0.191392115210 
-0.177967000496 
-0.228741457774 
-0.234198960728 
-0.249811064283 
-0.252607661242 
-0.276429065465 
-0.234504207645 
-0.194281443535 
-0.287677887432 
-0.291280853173 
-0.317654630583 
-0.262876600314 
-0.317441283889 
-0.317548366336 
-0.240186843797 
-0.268129025621 
-0.258359425439 
-0.231211918564 
-0.217527023565 
-0.140125687290 
-0.263521098493 
-0.263436501080 
-0.287691646128 
-0.116584846463 
-0.083929912454 
-0.072130014602 
-0.156766383402 
-0.165071791012 
-0.248473997304 
-0.199626864633 
-0.218000161310 
-0.276530244582 
-0.267142904780 
-0.294766620827 
-0.282528480081 
-0.318360046690 
-0.339435493150 
-0.315670490581 
-0.369141416703 
-0.402981860583 
-0.448786736983 
-0.398671961521 
-0.332037185361 
-0.519713804170 
-0.512269637011 
-0.586759811595 
-0.339211393811 
-0.350218127130 
-0.320072423051 
-0.290306614268 
-0.288510520731 
-0.238173825217 
-0.355305599182 
-0.311632195228 
-0.302504265180 
-0.370119489391 
-0.383279470322 
-0.371690597027 
-0.368191224022 
-0.346839975408 
-0.418787298564 
-0.346392618490 
-0.316278848838 
-0.256607648784 
-0.278016197784 
-0.320929200795 
-0.305608315726 
-0.301029222741 
-0.274773098522 
-0.232543646287 
-0.260466255127 
-0.238120131394 
-0.365086144035 
-0.374580080502 
-0.369890517362 
-0.239788072580 
-0.251004971460 
-0.232987031223 
-0.152465245173 
-0.154191302000 
-0.111250532079 
-0.273082144184 
-0.154086597723 
0.064540119250 
0.052962810409 
0.042943736089 
-0.329566530540 
-0.268904699594 
-0.301938104172 
-0.280550051836 
-0.291004691024 
-0.279798638663 
-0.341981261091 
-0.331715397477 
-0.385536047102 
-0.047193723784 
-0.067690118523 
-0.025224839798 
-0.028879044132 
0.028368842651 
-0.055624864233 
-0.021255472996 
-0.161224149794 
-0.055535721664 
-0.068607141673 
-0.107369245156 
-0.191532455220 
-0.183043918865 
-0.105752112333 
-0.160204470123 
-0.138548436318 
-0.207171158326 
-0.211787144853 
-0.214837031795 
-0.317794812858 
-0.282821486562 
-0.444573302274 
-0.498285361463 
-0.470017230384 
-0.203103468870 
-0.225476240834 
-0.167294408224 
-0.068292901768 
-0.141929084631 
-0.168366354178 
-0.073134532596 
-0.054027804446 
-0.099246385376 
0.170880464090 
0.090393422351 
0.292356824660 
0.153557206845 
0.069906614569 
0.132586654240 
0.076467962401 
0.158353432117 
-0.154920029964 
-0.114059173640 
-0.214482305274 
-0.233985431515 
-0.164851830258 
0.037471707704 
0.040808029848 
-0.057886032121 
0.008563476385 
0.011475215723 
0.057793662627 
0.148144225971 
0.100802961092 
0.084376443126 
0.011790625700 
0.011336437668 
0.023705621071 
-0.077670647259 
-0.067451434949 
-0.016588432415 
-0.040762173096 
0.018758555993 
0.071913771090 
0.004074792989 
-0.095365423041 
-0.051792834124 
-0.342290641444 
-0.335817187433 
-0.363168486411 
-0.511485728595 
-0.388718442289 
-0.473782699163 
-0.325561275696 
-0.472692343730 
-0.415892651365 
-0.441784541347 
-0.343338809130 
-0.391387573499 
-0.338431067080 
-0.386754468064 
-0.366995753990 
-0.249412874825 
-0.330207569057 
-0.405958687737 
-0.316857924820 
-0.461523411790 
-0.378996655886 
-0.442461470284 
-0.309466013096 
-0.263118087047 
0.141820447359 
0.033420273475 
-0.207807793328 
-0.310442997560 
-0.264715574513 
-0.238791546328 
-0.121491455512 
-0.169754870770 
-0.152149024772 
-0.248160531703 
-0.159488021226 
-0.218126921783 
-0.416154875976 
-0.276433466132 
-0.204973671759 
-0.218211151742 
-0.195523955193 
0.105989425930 
0.017286038938 
-0.080294602205 
-0.063542459234 
-0.103434213307 
-0.131319735030 
-0.124376497521 
0.029089503970 
0.015593119456 
0.001259335944 
0.078343493703 
-0.009594409822 
-0.108365777591 
-0.222038708202 
-0.167434938917 
-0.202863391606 
-0.077665090418 
-0.280613088923 
-0.282366227644 
-0.244807754672 
-0.145065171588 
-0.313819193077 
-0.314140311798 
-0.412353988754 
-0.525977944097 
-0.498046940895 
-0.273183121729 
-0.406976635495 
-0.265716202189 
-0.251327054372 
-0.285891135916 
-0.240302577175 
-0.208437361524 
-0.249896880376 
-0.384017153854 
-0.279653756222 
-0.244224037844 
-0.218648371150 
-0.218829369973 
-0.000381998201 
-0.035496918299 
0.224270741417 
0.197806236596 
0.219572164607 
0.054641177193 
0.124621070179 
0.143593358688 
-0.000750939126 
0.149272376467 
0.162705081081 
0.111137936210 
0.100246028559 
-0.103863001142 
-0.286717610407 
-0.345516654402 
-0.405197700964 
-0.441264989167 
-0.410732234231 
-0.455693441132 
-0.293816580878 
-0.309784846716 
-0.414260284957 
-0.070220642616 
-0.111654406648 
-0.188752616237 
-0.446004940057 
-0.305347718067 
-0.369096280376 
-0.412367789181 
-0.139166010509 
-0.177683644234 
-0.095461085762 
-0.128578835421 
-0.146672226163 
-0.110388026188 
-0.150799494511 
-0.235505564206 
-0.250925716055 
-0.189873939079 
-0.072674665349 
0.063889496237 
0.023522581001 
-0.375082230118 
-0.377742731661 
-0.313751447697 
-0.208001080339 
-0.290547041001 
-0.539991312757 
-0.515577891771 
-0.431267404706 
-0.396575319563 
-0.424517750844 
-0.413361915081 
-0.331344574042 
-0.270354402086 
-0.343844310852 
-0.292846883339 
-0.281532261768 
-0.199339831919 
-0.144917997283 
-0.195895960919 
-0.219814309267 
-0.268543032403 
-0.271703464554 
-0.285860508166 
-0.250548257756 
-0.174929421176 
-0.184160352530 
-0.140701932955 
-0.117430387182 
-0.186895790997 
-0.228494604594 
-0.306261695869 
-0.291485518252 
-0.295329841707 
-0.327392509449 
-0.320199296385 
-0.197972838028 
-0.260697413561 
-0.248200808861 
-0.132301657654 
-0.121240627885 
-0.220963038367 
-0.275084281250 
-0.269860086498 
-0.242961748677 
-0.281997716247 
-0.290195615937 
-0.381139657571 
-0.453854925420 
-0.483241294318 
-0.611629123350 
-0.499560549595 
-0.343314893965 
-0.446843179864 
-0.435486404019 
-0.344310542324 
-0.469122278384 
-0.463527899784 
-0.399607367923 
-0.509093586253 
-0.441738205134 
-0.532808182809 
-0.301082905702 
-0.362032559431 
-0.398944518574 
-0.394744311286 
-0.254750835313 
-0.309947431118 
-0.169416805074 
-0.190343677780 
-0.056389551208 
-0.213699497449 
-0.096929674030 
-0.222289891232 
-0.251032887296 
-0.396718340087 
-0.262493775982 
-0.296738085556 
-0.275912519897 
-0.305525318367 
-0.254060822588 
-0.329980249039 
-0.304096039587 
-0.366519774669 
-0.417728180591 
-0.422885941723 
-0.430159084310 
-0.512558244792 
-0.441946759533 
-0.473122870572 
-0.423854137666 
-0.381696873271 
-0.298344867139 
-0.317917748013 
-0.328985884709 
-0.294905720845 
-0.275119200477 
-0.367704043891 
-0.302795090943 
-0.265262962514 
-0.387553512523 
-0.402666171712 
-0.335892770983 
-0.284809597030 
-0.267362044409 
-0.282828436521 
-0.272835389060 
-0.272031563804 
-0.240200277360 
-0.148220326661 
-0.148220326661 
-0.164989771509 
-0.139785052135 
-0.170085095852 
-0.381007766268 
-0.259630970105 
-0.403052147164 
-0.407793825319 
-0.461053224664 
-0.422720990729 
-0.425376261524 
-0.444353583323 
-0.462964002155 
-0.460193522210 
-0.461655072790 
-0.420017447293 
-0.374472736377 
-0.352130352897 
-0.485488002885 
-0.463104511374 
-0.344169696302 
-0.329807296572 
-0.411160324921 
-0.467347064360 
-0.499481747165 
-0.470561542525 
-0.513286695437 
-0.484214217374 
-0.467193984665 
-0.441701685829 
-0.504227095531 
-0.508756178096 
-0.597480478509 
-0.484636092098 
-0.484271470788 
-0.403219360833 
-0.266392350578 
-0.301562208017 
-0.191683709849 
-0.187439193244 
-0.134367937269 
-0.118085974629 
-0.098647663223 
-0.106584916394 
-0.081634965053 
-0.013594374971 
0.135086721125 
0.199746671456 
-0.003779757368 
-0.268276387783 
-0.296556772353 
-0.293015536000 
-0.331087854192 
-0.233301289094 
-0.370118634121 
-0.369983830928 
-0.341817609744 
-0.378977743970 
-0.305226200260 
-0.319453537214 
-0.369076282208 
-0.395372953056 
-0.447952192398 
-0.416373358251 
-0.389531492011 
-0.352096697598 
-0.376590125816 
-0.460066295564 
-0.470258229158 
-0.465886187666 
-0.400742078351 
-0.460010042827 
-0.423828574290 
-0.424097632259 
-0.527682395262 
-0.350281144939 
-0.391613253643 
-0.327222181064 
-0.371865351335 
-0.331293843962 
-0.252310111968 
-0.203212179814 
-0.101971377861 
-0.077720921360 
0.040897957234 
0.115935429318 
0.058951285831 
0.094979186512 
-0.152865172693 
-0.162932839815 
-0.019012112883 
0.065759807518 
-0.203062593705 
-0.277451319925 
-0.195270826528 
-0.254476987518 
-0.071174087778 
-0.147961003086 
-0.210448271080 
-0.141145602352 
-0.002447963810 
0.100088035982 
0.098541971844 
-0.134864898746 
-0.077827503985 
-0.155358796237 
0.162882680386 
0.018365870463 
0.051631170256 
0.046706661063 
0.070583555934 
0.309988335507 
0.105539991333 
0.069005371238 
-0.030313732909 
-0.230933924463 
-0.096971896127 
-0.147282178869 
-0.168840496095 
-0.150946345795 
-0.086676102071 
-0.034912218979 
-0.044940748589 
-0.091612492380 
-0.152880946484 
-0.191432466682 
-0.184665795166 
-0.256252919776 
-0.368601127310 
-0.383884619944 
-0.451647398773 
-0.327141941549 
-0.263452535133 
-0.285775981257 
-0.009315978329 
-0.202655719383 
-0.484313094257 
-0.467367877812 
-0.390648571237 
-0.447907270547 
-0.427154162409 
-0.392992171891 
-0.392743255784 
-0.403649869715 
-0.434768640103 
-0.414573233457 
-0.455697106456 
-0.381834284479 
-0.349953860258 
-0.392209237021 
-0.336505290320 
-0.288868488547 
-0.301483836548 
-0.347138545123 
-0.296708243016 
-0.290313684149 
-0.228120147901 
-0.365802239386 
-0.371893663236 
-0.450378471126 
-0.391977867317 
-0.438710338892 
-0.358961707770 
-0.470330113814 
-0.413455948129 
-0.380791108297 
-0.287418651989 
-0.284310734991 
-0.293863643330 
-0.431411003445 
-0.392701057952 
-0.263099006915 
-0.422614110766 
-0.368980774447 
-0.332360240229 
-0.384084779216 
-0.440342885260 
-0.540921165633 
-0.447855795684 
-0.559898454934 
-0.484411268245 
-0.059760869558 
-0.196159844185 
-0.189806685466 
-0.301690522041 
-0.309209668648 
-0.286558420949 
-0.324342637911 
-0.234451228457 
-0.372690102818 
-0.485234692676 
-0.461138447826 
-0.357059154090 
-0.323597526344 
-0.340591060337 
-0.375867825854 
-0.371226976400 
-0.411198620730 
-0.364130198266 
-0.376031758664 
-0.590265518551 
-0.600936143527 
-0.503981453434 
-0.401368706820 
-0.313689703860 
-0.368457466008 
-0.424281176573 
-0.405540202269 
-0.376577829659 
-0.204659104046 
-0.293125258056 
-0.457221261300 
-0.419204633834 
-0.409657559641 
-0.246424943175 
-0.223664195175 
-0.350245635908 
-0.304771693173 
-0.366964892606 
-0.360570805642 
-0.404930239253 
-0.396409000930 
-0.448036611020 
-0.440323354760 
-0.131404929317 
-0.149968651232 
-0.137276931844 
-0.068837054253 
-0.110732605020 
-0.125980741434 
-0.169632971690 
0.164103271512 
0.174928737022 
0.174915919042 
0.148515503374 
0.159380292078 
0.219055375490 
0.094366536206 
-0.029514139133 
-0.046629533277 
-0.041656616555 
0.088699257323 
0.124215951028 
0.189948414051 
0.186299360382 
0.222134810700 
0.211354171054 
0.161274263540 
0.168193605288 
0.062775485666 
-0.001247294590 
0.079687150894 
0.094289784142 
-0.041375327149 
0.014755301522 
0.022519798362 
-0.013027335381 
-0.026741293190 
-0.056943095633 
-0.099973742665 
-0.168022571209 
-0.216204461584 
-0.225860226138 
-0.218283839768 
-0.234554645715 
-0.336712569966 
-0.357081275024 
-0.366616290947 
-0.497101916037 
-0.506914498255 
-0.483998711346 
-0.501504361011 
-0.423917745949 
-0.350742229292 
-0.347726308560 
-0.374336126312 
-0.370990779468 
-0.399468045182 
-0.380006136276 
-0.419918216485 
-0.475582696714 
-0.455085743745 
-0.244459501408 
-0.368230379001 
-0.345981415224 
-0.289616809575 
-0.401911350548 
-0.554040903513 
-0.403210696957 
-0.412275603781 
-0.365070307898 
-0.412242932085 
-0.249956672739 
-0.256248826593 
-0.224273806967 
-0.302994070886 
-0.306512287751 
-0.328841403643 
-0.365838995962 
-0.376397906724 
-0.462917123452 
-0.569658551519 
-0.518465537041 
-0.533422066621 
-0.537418734865 
-0.429868187845 
-0.459681401321 
-0.422508361945 
-0.440672041196 
-0.427622164191 
-0.507626832970 
-0.468131164851 
-0.503053337875 
-0.514342188263 
-0.497719868321 
-0.649022642636 
-0.646989404246 
-0.568051001651 
-0.564430173816 
-0.597829770394 
-0.351128848415 
-0.333427426648 
-0.304993283062 
-0.426896386448 
-0.379702627774 
-0.468274074325 
-0.260459198105 
-0.104046537250 
-0.092011835028 
-0.095921506285 
-0.126833577312 
-0.037993166559 
-0.038920773129 
-0.081207689502 
-0.065608687721 
-0.092753982755 
-0.022544584897 
-0.089909904912 
-0.047790639312 
-0.001888247765 
0.307173946771 
0.271824142458 
0.201396435464 
0.010731488238 
0.002248500288 
-0.184777871168 
-0.120322219050 
-0.019450379790 
0.014754500869 
0.089414761993 
0.051511771058 
-0.061858206048 
-0.073848993055 
-0.005622246345 
0.045923726059 
0.079012557211 
-0.013521996880 
0.083338351342 
0.106321511501 
0.031056600070 
-0.157514430440 
-0.122181071822 
-0.094766060746 
0.006276727172 
-0.044276185568 
-0.025132305215 
-0.014601653835 
-0.010908790878 
0.079897423305 
0.134484423387 
0.096972069354 
0.146738346512 
0.128457347885 
0.028733135648 
0.067790799630 
0.063640917349 
0.058640998161 
0.007928635830 
0.012599693222 
0.192639488544 
0.213999606990 
0.218894890188 
0.288334984538 
0.227949564677 
0.251135360640 
0.250241959615 
0.335542160907 
0.391014676473 
0.277201207999 
0.282478510124 
0.107655432167 
0.192551995869 
0.121920269702 
0.251786918737 
0.270967373343 
0.262462004548 
0.196240619919 
0.208709332780 
0.124783099319 
0.213370239808 
0.115726794676 
0.150153620230 
0.234900508616 
0.010422151930 
0.000534491281 
0.028355291503 
0.182173490554 
0.197322458194 
0.162915696660 
0.249818913618 
0.234126541820 
0.213071659881 
0.053683525477 
0.018708745470 
0.010159555061 
0.177117205187 
0.154654319742 
0.138822390669 
0.041169539987 
0.034104058538 
0.175479317360 
0.173136334708 
0.280285960987 
0.218491139085 
0.143787218537 
0.081417761895 
0.271092682289 
0.141560851249 
0.147927352646 
0.186892221920 
0.187555567198 
0.305502347349 
0.141266564803 
0.153109837184 
0.208977411832 
0.158543653706 
0.306638252437 
0.271695007294 
0.382438490467 
0.143968086350 
0.274120306892 
0.186146854658 
0.237549587337 
0.235856052007 
0.296165586512 
0.252394703136 
0.274872192881 
0.374481182689 
0.229279287801 
0.232074284648 
0.254621229663 
0.357584867780 
0.213067856090 
0.057328549345 
0.050343620718 
-0.029569016857 
0.095758680773 
0.093387078067 
0.043747284749 
0.212606982359 
0.114734522210 
0.139137495297 
0.206494330577 
0.273654835086 
0.260499091906 
0.257493887650 
0.134032932630 
0.137481177141 
-0.176746705590 
-0.051531155837 
0.009952511823 
0.064188017084 
0.004081939554 
0.008389332482 
-0.006474554596 
-0.195467432372 
0.136731963076 
0.062333331884 
0.005301157628 
0.111922473203 
-0.179969478502 
-0.151588125198 
-0.216001293780 
-0.203500019455 
-0.187479056886 
-0.162393650813 
-0.190465985306 
-0.150832556333 
-0.140685348675 
-0.060923189550 
0.015723774728 
-0.027377594776 
0.044431139008 
0.050572446856 
0.034026830390 
0.134967060356 
0.037195907386 
0.001988803201 
-0.041492041692 
0.093942110877 
0.144197167505 
0.040314740289 
0.077413721993 
0.157991088714 
-0.067462481929 
-0.102187374399 
-0.082654096460 
-0.156568206282 
-0.282187720016 
-0.282447710210 
-0.143666811789 
-0.104946411737 
-0.084455964132 
-0.042681257815 
-0.030993165477 
0.004991806339 
0.015588120471 
0.053568042885 
-0.048225414065 
-0.161500696322 
-0.108481442192 
-0.246649675169 
-0.255988417734 
-0.075267586343 
-0.092799190160 
-0.076429362867 
-0.150767283029 
-0.150045836687 
-0.168817952247 
-0.164915848023 
-0.075702395498 
-0.312870881304 
-0.243809325547 
-0.238635149690 
-0.258186125434 
-0.239278961806 
-0.286262388122 
-0.303766879723 
-0.302250139119 
-0.254644637255 
-0.068444237771 
-0.039045838135 
-0.097864169137 
-0.075118032301 
-0.099498851336 
-0.127671300759 
-0.246379477376 
-0.307524129256 
-0.254696773970 
-0.114035478772 
-0.173792159584 
-0.069823081380 
-0.134834842780 
-0.360948360151 
-0.266367351309 
-0.191120991584 
-0.181141274960 
-0.162367634933 
-0.241456304868 
-0.020940602503 
-0.131737200388 
-0.136146864254 
-0.128778247506 
-0.198114282410 
-0.164755713400 
-0.216987022756 
-0.014749251233 
-0.316663838348 
-0.166512093203 
-0.234425355716 
-0.234502310556 
-0.387169524500 
-0.512162917896 
-0.450009527086 
-0.273096986254 
-0.409858198812 
-0.418045183363 
-0.438866199209 
-0.428809101779 
-0.341085197062 
-0.338534282001 
-0.316630424218 
-0.348663795527 
-0.381010593153 
-0.388678064660 
-0.407730748423 
-0.484713180244 
-0.487138213910 
-0.465285342936 
-0.299114203014 
-0.384242530796 
-0.527593572765 
-0.439659248917 
-0.548647932471 
-0.372406248169 
-0.493457384261 
-0.532312155199 
-0.282192122689 
-0.307805692869 
-0.308966293443 
-0.158244117839 
-0.301195960073 
-0.285770930855 
-0.436986336814 
-0.331566783807 
-0.350997135663 
-0.408607052998 
-0.379882774294 
-0.294042571885 
-0.292799610837 
-0.212341977278 
-0.203948453828 
-0.161018529242 
-0.155312842417 
-0.206250745943 
-0.065093208997 
-0.213308498629 
-0.201256599208 
-0.186066069697 
-0.072155317843 
-0.304591971814 
-0.304660567558 
-0.297546697585 
-0.310740733366 
-0.294163231044 
-0.114999771181 
-0.167552705024 
-0.181357654540 
-0.290767372323 
-0.283427320193 
-0.290883753695 
-0.330075467311 
-0.358598523496 
-0.323464651376 
-0.352813245300 
-0.332705781672 
-0.366788061737 
-0.401345446659 
-0.478710728985 
-0.497287492740 
-0.440989511146 
-0.585978325039 
-0.513814813115 
-0.308880038827 
-0.301315131932 
-0.405904059235 
-0.333375389232 
-0.361272473840 
-0.355506525422 
-0.330466675497 
-0.331591614396 
-0.342470360786 
-0.372275694142 
-0.333049633499 
-0.386820516370 
-0.373941119021 
-0.392819707647 
-0.366880147966 
-0.363921452305 
-0.389320848491 
-0.356822056390 
-0.268116198299 
-0.327302983763 
-0.336418909203 
-0.202364117917 
-0.254659864633 
-0.169704223787 
-0.169197876022 
-0.199296082000 
-0.116908019825 
-0.087529418036 
-0.081100372093 
-0.016383652463 
0.066608585658 
0.107965861608 
0.032692927659 
-0.193188494217 
-0.234168075457 
-0.233168694103 
-0.165726052797 
-0.227904037309 
-0.231219970974 
-0.198781651520 
-0.183757311005 
-0.239926440998 
-0.298231236856 
-0.308311371667 
-0.308311371667 
-0.303601538395 
-0.293700184266 
-0.299835488570 
-0.233919420575 
-0.227263751065 
-0.248991089117 
-0.268795727253 
-0.265471042493 
-0.189953831489 
-0.175621667792 
-0.178257438844 
-0.200885656015 
-0.067482625631 
-0.068223320146 
-0.051165721456 
-0.046651026076 
-0.134477201868 
-0.138654744662 
-0.151287812971 
-0.135982524522 
-0.134351561353 
-0.167678067880 
-0.187956722442 
-0.312949395064 
-0.389619722801 
-0.385442434044 
-0.280413098803 
-0.275961023553 
-0.397845918525 
-0.380878133369 
-0.354672050033 
-0.289804558018 
-0.262675433707 
-0.231258896196 
-0.199882321952 
-0.211638654294 
-0.234318059994 
-0.219582855277 
-0.161580578542 
-0.180749231468 
-0.210363215845 
-0.215958431694 
-0.212090446939 
-0.229268057937 
-0.248748813772 
-0.237800527904 
-0.224482391624 
-0.256901932534 
-0.101580788006 
-0.064197632866 
-0.075317755602 
-0.119769494624 
-0.099839722516 
-0.150399569973 
-0.104419678881 
-0.133029448882 
-0.145711494307 
-0.058767729600 
-0.088441381615 
-0.129186320867 
-0.152471331729 
-0.167903866753 
-0.144840081345 
-0.061995768141 
-0.060301389016 
0.035505995911 
-0.074306871511 
-0.129724721423 
-0.138032835274 
-0.093247015524 
-0.107706956077 
-0.080179882908 
-0.045168370932 
-0.115743892183 
-0.063604050821 
-0.118296576363 
-0.110245745556 
-0.116150110944 
-0.211210086099 
-0.140384466388 
-0.095184586871 
-0.170155305191 
-0.346263526527 
-0.372870907163 
-0.188529214617 
-0.146559966231 
-0.162106070877 
-0.133374863453 
-0.117568209629 
-0.195983902839 
-0.141051887435 
-0.134562297233 
-0.139949891954 
-0.232973675873 
-0.281029802347 
-0.257608471705 
-0.311780998153 
-0.314541419368 
-0.357003513124 
-0.381573470231 
-0.376304833443 
-0.387096421378 
-0.459183408009 
-0.487149655826 
-0.409015709601 
-0.448512167400 
-0.449441577899 
-0.527478596352 
-0.534760248343 
-0.528358100400 
-0.375211690960 
-0.335126254528 
-0.592225350407 
-0.641914447415 
-0.502508303606 
-0.475975534723 
-0.522139267251 
-0.481434190668 
-0.564958726343 
-0.535804335696 
-0.524022201023 
-0.606442703754 
-0.387260217382 
-0.530682023016 
-0.595280415825 
-0.346602748376 
-0.303666009091 
-0.372788291803 
-0.379616024701 
-0.441217529931 
-0.501378570138 
-0.648644296953 
-0.615228694587 
-0.524875594218 
-0.376012513158 
-0.334699028248 
-0.375487677113 
-0.291480544588 
-0.318326872836 
-0.262990431874 
-0.420138587889 
-0.464013819813 
-0.394137236975 
-0.385844264181 
-0.425278809140 
-0.383381307344 
-0.311858418531 
-0.304729256612 
-0.255043534247 
-0.253017018831 
-0.201954599661 
-0.193895479860 
-0.271064867613 
-0.195932152839 
-0.182722805423 
-0.225904157334 
-0.186456236449 
-0.185047127246 
-0.195911347715 
-0.194676911663 
-0.046810628967 
-0.043959966510 
-0.173304106496 
-0.264543022939 
-0.301282958942 
-0.082742183525 
-0.060799133849 
0.146400150269 
-0.217804742204 
-0.110811429555 
-0.199211944087 
-0.307031764980 
-0.402605452473 
-0.332901351192 
-0.510334674631 
-0.431619319722 
-0.588484030309 
-0.472036673244 
-0.460283288164 
-0.445570325845 
-0.463137909554 
-0.483399767533 
-0.484274164700 
-0.328288584309 
-0.279826799422 
-0.399377207482 
-0.412002573148 
-0.488756960471 
-0.409992910704 
-0.438974654751 
-0.500751522685 
-0.517149891392 
-0.537486295957 
-0.569799613768 
-0.565346061777 
-0.556355748229 
-0.492640420067 
-0.286548450602 
-0.294579193478 
-0.281266174469 
-0.269456136222 
-0.182679625494 
-0.221576764197 
-0.163196903804 
-0.276311697756 
-0.278801098412 
-0.205871686816 
-0.251744703280 
-0.327749485225 
-0.295208913849 
-0.289634488573 
-0.246254403584 
-0.121594678039 
-0.089729924873 
-0.142447139460 
-0.247538314729 
-0.162856390647 
-0.152479620325 
-0.070578368817 
-0.365744115780 
-0.330666187850 
-0.234840661085 
-0.094630322786 
-0.152188577538 
-0.245944554684 
-0.184492854715 
-0.236454162451 
-0.187430668267 
-0.368780465610 
-0.277437050228 
-0.255049428065 
-0.234023224305 
-0.220117591222 
-0.188386159867 
-0.266776225383 
-0.274577276219 
-0.169296262617 
-0.156915372150 
-0.087420588620 
-0.060323919679 
-0.050027808385 
-0.034190804555 
-0.168231402124 
-0.185952437246 
-0.137030851717 
-0.289535297748 
-0.250842512944 
-0.085306608703 
-0.029127627506 
-0.053352606406 
-0.092757093866 
-0.072315558468 
0.016620129599 
-0.095769119948 
-0.078022503149 
0.081640286887 
0.088900388625 
0.084601921423 
-0.115669817138 
-0.371575266709 
-0.418157574840 
-0.399937689572 
-0.235384322202 
-0.268425774701 
-0.387923830816 
-0.446383908136 
-0.386718497420 
-0.367097576482 
-0.439240748911 
-0.411531368714 
-0.336225421813 
-0.452112979668 
-0.540537350031 
-0.488863689452 
-0.227451899945 
-0.141425035692 
-0.163985859972 
-0.307499682845 
-0.241454902978 
-0.290040083773 
-0.431359482308 
-0.620134140568 
-0.450973994344 
-0.561382820360 
-0.487309642608 
-0.433028984317 
-0.430633212829 
-0.393264040846 
-0.506404051509 
-0.367389137239 
-0.520948170068 
-0.423574508560 
-0.483147766461 
-0.484699384937 
-0.568848405355 
-0.543368291919 
-0.202986109754 
-0.152018437875 
-0.259895265983 
-0.256223525955 
-0.274894629954 
-0.268255711592 
-0.243739841712 
-0.266254484213 
-0.155739310187 
-0.122949775644 
-0.065462950503 
-0.088808033922 
-0.046275185188 
-0.141151031039 
-0.107968192436 
-0.060059721924 
0.004697474859 
-0.248306646513 
-0.472987534642 
-0.566404978575 
-0.504767651378 
-0.386072847159 
-0.299767215338 
-0.204861342079 
-0.221908010569 
-0.234752983064 
-0.247227148762 
-0.204733035941 
-0.120163618491 
-0.200551694545 
-0.122718734135 
-0.033162766385 
-0.008630139970 
0.087924357017 
0.001844490537 
-0.025380284057 
0.014349431587 
0.041599050741 
0.093284112329 
0.101510729170 
0.187659123037 
0.095153761707 
0.107398687519 
-0.019036847290 
-0.116441891314 
-0.066478498360 
-0.321444985031 
-0.201354574099 
-0.226697605361 
-0.147578923963 
-0.076245005760 
-0.159025823412 
-0.180119018192 
-0.312638239978 
-0.378416858075 
-0.192739199112 
-0.166146742259 
-0.190461556596 
-0.211473177993 
-0.253104596912 
-0.218876905367 
-0.060488677415 
-0.046115279490 
-0.073313435499 
-0.150769532729 
-0.353373381148 
-0.241277145101 
-0.273659865480 
-0.236813522581 
-0.311484426437 
-0.204334539316 
-0.172429347591 
-0.095511957373 
-0.231651619959 
-0.262948726100 
-0.169272679666 
-0.385660946674 
-0.386413943683 
-0.437357574414 
-0.168119058962 
-0.386072631932 
-0.361265147584 
-0.256355451797 
-0.209693126236 
-0.231378393616 
-0.292107310630 
-0.225954524507 
-0.462964419990 
-0.406947938847 
-0.444625749203 
-0.356295759208 
-0.432849001797 
-0.476480836297 
-0.247232120789 
-0.069788387701 
0.127416525480 
0.160505794379 
0.099584976837 
0.063977547852 
0.016810769412 
0.021805641280 
0.292764606935 
0.227281387478 
0.138086308489 
0.275041953806 
0.249046021298 
0.193461122868 
0.163200374668 
0.194183017826 
0.138173679570 
0.015460806288 
-0.045084245074 
-0.028444549974 
-0.032900768606 
-0.033060297814 
0.038895361653 
0.116674662550 
0.099606884834 
-0.002151138677 
-0.040164713150 
0.133220405267 
0.324484914380 
0.227528520955 
0.225811033676 
0.013617942591 
0.103793551588 
0.033374740924 
0.013539983798 
0.049617703248 
0.031661325332 
0.054898355659 
-0.000321652830 
-0.068279471103 
-0.080793558406 
-0.024783475426 
0.007924778357 
-0.028079108820 
0.040042295361 
0.026279889520 
0.144215520183 
0.106650135315 
-0.043051380646 
-0.043051380646 
-0.091192424262 
0.050797984292 
-0.054754994776 
-0.031385193429 
0.217446010748 
0.094283524151 
0.056135981612 
0.130561748320 
0.229629087786 
0.126946923802 
0.057223427255 
-0.044246240369 
0.105673236305 
0.135159576316 
0.051531472890 
0.105242594471 
0.220807622805 
0.200323885603 
0.166205506095 
0.154681430269 
0.251472776645 
0.235098531917 
0.175797451077 
0.319487019299 
0.163789274722 
-0.199234106873 
-0.170896492997 
0.001719284707 
-0.052236626328 
-0.073307709926 
-0.001501636428 
-0.017062405079 
-0.087933343684 
0.044411269512 
0.059975465458 
0.219539277112 
0.154056190859 
-0.037322977707 
-0.003782848745 
-0.030957178199 
0.146162520178 
-0.089201495920 
-0.167228563484 
-0.192871631672 
-0.075891065563 
-0.134168815971 
-0.179646275478 
-0.147613553622 
-0.185467489437 
-0.217081177496 
-0.222792800282 
-0.238786961945 
-0.193479741495 
-0.324295557516 
-0.220366386720 
-0.231861651744 
-0.208205942640 
-0.351303202804 
-0.132076659105 
-0.103208827984 
-0.090642799021 
0.094336959617 
-0.120848668117 
-0.141339366835 
-0.155769445616 
-0.088891502609 
-0.121016857687 
-0.126754313300 
-0.142398541158 
-0.112401298114 
-0.029057560501 
0.008903419483 
-0.018474293791 
0.062494141856 
-0.039134570348 
0.046175479813 
0.078494366767 
0.110888115538 
0.117064626025 
0.084023842423 
0.327079639639 
0.101344343705 
0.124627680385 
0.111671477137 
0.178022574919 
-0.079813422879 
-0.179870748078 
-0.167314487001 
-0.202002684891 
-0.187126563244 
-0.225237629781 
-0.227335750037 
-0.242317827072 
-0.207667096027 
-0.074574452868 
-0.226520377704 
-0.200110373870 
-0.242776077734 
-0.215291959094 
-0.174563738306 
-0.241760415215 
-0.016843796026 
-0.022988968010 
-0.132880511914 
-0.125573093168 
0.083852179748 
0.134071129045 
0.110221341945 
0.090044387140 
0.099323595174 
0.059793906031 
0.065870493298 
-0.011076020602 
0.000617606565 
0.041667154593 
-0.048848298317 
0.033237625817 
0.051636988679 
-0.039046381366 
-0.062204085610 
0.180010366853 
0.135769955067 
0.179516988500 
0.027813633394 
-0.024476293761 
-0.089128892879 
-0.327086766805 
-0.390154411456 
-0.387361946206 
-0.361847694581 
-0.387034499002 
-0.498402847336 
-0.578420755604 
-0.600531631363 
-0.363964889357 
-0.262519451604 
-0.322784758039 
-0.380699599112 
-0.451734662091 
-0.396569360401 
-0.451284743362 
-0.595430041707 
-0.537756576556 
-0.484184652895 
-0.400405394370 
-0.421250592554 
-0.252121067854 
-0.149947529063 
-0.073646290179 
-0.099935870089 
-0.103087626228 
-0.188006576835 
-0.177331821837 
-0.078431224628 
-0.102845800405 
-0.415706756480 
-0.403398412190 
-0.329044128925 
-0.466877416282 
-0.364700120661 
-0.393328451837 
-0.481865790469 
-0.370174121991 
-0.462251398121 
-0.598385465590 
-0.382769184416 
-0.461817651672 
-0.339300709848 
-0.256502671054 
-0.407154610769 
-0.396249625251 
-0.405668590343 
-0.552036971761 
-0.319081889442 
-0.402344197523 
-0.419791897214 
-0.392838865740 
-0.537809736865 
-0.654193408433 
-0.591429637044 
-0.570747479765 
-0.458589516501 
-0.477553106211 
-0.481088680245 
-0.407052955810 
-0.397988713669 
-0.550874833314 
-0.313418390059 
-0.243254638925 
-0.077546674307 
-0.038652319433 
-0.037458640572 
-0.039104085790 
-0.178654122371 
-0.277237415031 
-0.220257758255 
-0.160077840290 
-0.171827363096 
-0.298289079465 
-0.347202823057 
-0.238308270069 
-0.288506985368 
-0.286028710883 
-0.283269994888 
-0.321946944271 
-0.365634846603 
-0.373603641148 
-0.377928615380 
-0.365622440123 
-0.389726740040 
-0.417600191061 
-0.388652884432 
-0.451706020789 
-0.448897738903 
-0.377895524023 
-0.285810211128 
-0.404316705006 
-0.498039248248 
-0.600810155660 
-0.573868765645 
-0.613958216841 
-0.384508922859 
-0.412469939558 
-0.374817617250 
-0.264071279319 
-0.097855767609 
-0.137599415153 
0.019128290991 
0.027159395030 
0.004522976109 
-0.030063076215 
0.072352316726 
-0.016253898395 
-0.014803997823 
-0.009561430394 
0.004890048050 
-0.014123684027 
-0.026302704679 
0.006103979789 
-0.012150909159 
-0.023967502150 
-0.023478980282 
-0.039705681089 
-0.101688421942 
-0.086375926059 
-0.109205473809 
-0.130190788958 
-0.145012558607 
-0.072605938959 
-0.054831050277 
-0.119264636864 
-0.091282920108 
-0.109673219278 
-0.150441975459 
-0.054952732839 
-0.224472412962 
-0.248602674722 
-0.242549112610 
-0.239192173001 
-0.142107287098 
-0.106552605667 
-0.085522501531 
-0.135273371569 
-0.133619451294 
-0.274228771586 
-0.299153394352 
-0.255879406408 
-0.358672429695 
-0.378941487553 
-0.368679653092 
-0.318335231735 
-0.263911696467 
-0.361223735553 
-0.433941479456 
-0.357275178463 
-0.431944494031 
-0.413135631656 
-0.425702163042 
-0.422956330406 
-0.435760301260 
-0.490804828450 
-0.357127795815 
-0.289790546201 
-0.188283582908 
-0.226443728568 
-0.281433933528 
-0.272325067712 
-0.263700777522 
-0.268338186337 
-0.264690776837 
-0.181315914443 
-0.125024524132 
-0.260649315377 
-0.234830852133 
-0.272746758604 
-0.108915945005 
-0.069851265517 
0.035669497930 
0.135322987222 
0.064880066702 
-0.002496539186 
-0.002217172429 
-0.095781753045 
-0.158270329056 
-0.156074970689 
-0.105133477348 
-0.114355697029 
-0.138636159456 
-0.162793078293 
-0.158970614191 
-0.133415030146 
-0.145779690523 
-0.038377730264 
0.041611081688 
0.020373933384 
-0.042190203464 
-0.013052072152 
0.026489019475 
-0.047283364039 
0.022208524603 
0.068266779247 
0.043547701964 
0.044042770377 
-0.013582108710 
-0.015179403719 
-0.105447561292 
-0.193754656601 
-0.182563228983 
-0.189209305518 
-0.181538010213 
-0.139777563470 
-0.116004261362 
-0.099253939051 
-0.162074825750 
-0.162036642755 
-0.162480649116 
-0.140409947145 
-0.018308646848 
-0.070903732824 
-0.115163419660 
-0.101969270788 
-0.133420274124 
-0.239326052675 
-0.302443985221 
-0.330526505000 
-0.339599198535 
-0.283990488092 
-0.259181996944 
-0.270377233692 
-0.392414524207 
-0.417436495133 
-0.417904030908 
-0.371042597134 
-0.335309017509 
-0.345036948473 
-0.313079051034 
-0.218822745274 
-0.138958492987 
-0.137696409032 
-0.100172393183 
-0.126826417920 
-0.100107347802 
-0.090250316214 
-0.089095799126 
-0.108416115468 
-0.080290925083 
-0.215479260518 
-0.171204186701 
-0.202549485157 
-0.271726041209 
-0.380431895394 
-0.371772778233 
-0.388290757459 
-0.380070641758 
-0.286197492071 
-0.256171883097 
-0.278002275460 
-0.324018682800 
-0.333060805123 
-0.368762289586 
-0.374267845374 
-0.344173278466 
-0.361480601085 
-0.354642672609 
-0.261860251448 
-0.280010873400 
-0.238689419093 
-0.241921462929 
-0.190085177244 
-0.219523809569 
-0.230801413626 
-0.215348208906 
-0.226185251557 
-0.277451263456 
-0.307999460109 
-0.310776384982 
-0.306639200396 
-0.294134119120 
-0.254535068110 
-0.310389196190 
-0.253465053717 
-0.235985101636 
-0.232983996994 
-0.229937426800 
-0.236110446410 
-0.244736299626 
-0.242272077947 
-0.242590050166 
-0.262190938693 
-0.276246052517 
-0.250316322192 
-0.215259132499 
-0.274868371962 
-0.277362714948 
-0.256514531505 
-0.218342625005 
-0.167172999256 
-0.186865530136 
-0.163556446045 
-0.186239982393 
-0.272847108559 
-0.384598581486 
-0.459040114537 
-0.383710643889 
-0.295344014032 
-0.300120219665 
-0.384213151187 
-0.495219837512 
-0.518032079143 
-0.537788963581 
-0.592455225202 
-0.608582252442 
-0.538518738131 
-0.459637766769 
-0.534311554804 
-0.477310392008 
-0.470795071727 
-0.435852942935 
-0.430823734410 
-0.273113803620 
-0.376402618304 
-0.457263204829 
-0.270019713905 
-0.285064782846 
-0.183358843342 
-0.191471649112 
-0.121057549966 
-0.060933924347 
-0.176348509274 
-0.146829670919 
-0.250491425796 
-0.156870387883 
-0.160452682300 
-0.081221144393 
-0.093380532343 
-0.257241621415 
-0.234432922586 
-0.303419123665 
-0.223316187730 
-0.238326278212 
-0.203134699689 
-0.150734796705 
-0.115276987118 
-0.103733225064 
-0.115637587510 
-0.339667264127 
-0.275797784099 
-0.375311673216 
-0.350334152833 
-0.344890112983 
-0.279003526139 
-0.344302363772 
-0.279319756889 
-0.205829046244 
-0.222878164665 
-0.287005392555 
-0.425444261983 
-0.453788864453 
-0.438611891208 
-0.367917015767 
-0.341877272050 
-0.210422696543 
-0.337241191318 
-0.497787222551 
-0.537729936204 
-0.410790905914 
-0.348897790679 
-0.001711367978 
-0.129797777622 
0.111851418592 
0.132002788238 
0.241367198252 
0.251886810674 
0.042925619212 
-0.073268862683 
-0.224835377071 
-0.160052654428 
0.048468170849 
-0.115207463651 
-0.142405829475 
-0.278200899475 
-0.270339083209 
-0.284536741021 
-0.214630860041 
-0.103878487952 
-0.035441786947 
0.163565799667 
-0.076908148839 
-0.261477626294 
-0.303954273863 
-0.473747748937 
-0.384152636105 
-0.363257783060 
-0.140703914209 
-0.470778483857 
-0.373117687976 
-0.076905399824 
-0.133372555637 
-0.146614656484 
-0.163292018885 
-0.130396970123 
-0.175414960629 
-0.364227503101 
-0.276685604622 
-0.278164905267 
-0.352686664431 
-0.470404756764 
-0.506726404856 
-0.332886383813 
-0.333961054962 
-0.277520482418 
-0.256738791486 
0.271618658878 
0.258689590126 
0.130039487415 
-0.032220047695 
-0.123112832088 
-0.081118549118 
-0.086338636062 
-0.047964593204 
0.181494754364 
0.182226079315 
0.092723457415 
-0.090914218852 
-0.063648271920 
-0.009307754488 
-0.224899557900 
-0.180363438356 
-0.064908739974 
-0.083933204958 
0.143315812247 
0.058924030685 
0.171350638525 
0.096802633022 
0.212032687174 
0.397242852258 
0.097322117985 
0.137064393120 
-0.060700838165 
0.058586816730 
-0.065172750959 
-0.244744604376 
-0.335266257579 
-0.179274839112 
-0.021103581904 
-0.231483477745 
0.054311118179 
0.161145983651 
0.102983660499 
0.084084535487 
0.005782991060 
0.009584216023 
0.251835422436 
0.147968214900 
0.062430332133 
0.183209191641 
-0.049054433506 
0.026781972279 
0.001064792963 
0.069732489024 
0.052453992883 
-0.060000543314 
-0.140071731855 
-0.056708969369 
-0.071067582587 
-0.060962859694 
0.010628281952 
-0.008235511307 
-0.007349720339 
-0.201672557682 
-0.138829750247 
-0.181721170951 
-0.051646907334 
-0.103479207413 
-0.108015979950 
-0.141043029645 
-0.009685066358 
0.005621226603 
-0.008181422169 
-0.083679081198 
-0.235402065616 
-0.249030746615 
-0.354018351362 
-0.321340853692 
-0.186990268174 
-0.006370135557 
-0.116452752354 
-0.178408844938 
-0.175753593139 
-0.248631108826 
-0.155502353353 
-0.153605863593 
-0.157173293319 
-0.090282068630 
-0.063293826889 
-0.074933121103 
-0.071423043442 
-0.053549099311 
-0.018950372179 
-0.074064799889 
-0.157382437219 
-0.444832138607 
-0.406164034294 
-0.369628850453 
-0.394085230313 
-0.363877076947 
-0.223800740132 
-0.323067246769 
-0.413260628204 
-0.428152823669 
-0.445461556086 
-0.366262842877 
-0.038686334877 
0.023415178781 
0.151587323617 
0.087972763303 
0.000995458091 
-0.012214183239 
-0.025229990612 
0.037082880367 
0.089145222423 
0.031427640249 
-0.012622551412 
-0.029594006524 
-0.120167037208 
-0.096742548730 
-0.212217889552 
-0.178222830728 
-0.214537306113 
-0.158511369445 
-0.212381434335 
-0.195931477486 
-0.179248301932 
-0.214729953253 
-0.224656052817 
-0.270497177252 
-0.142168945452 
-0.188883964413 
-0.127527341129 
-0.247976433355 
-0.218691484688 
-0.110739332753 
0.229943082505 
-0.029940009433 
0.107330054615 
-0.004864980138 
0.026561950299 
-0.015612682228 
-0.068487894882 
-0.297913403167 
-0.011305123826 
-0.303929557689 
-0.320123827321 
-0.345325848079 
-0.632482473586 
-0.411776792464 
-0.424399731031 
-0.409899902446 
-0.350268260338 
-0.162468178948 
-0.183376550377 
-0.190018941989 
-0.154667763939 
-0.032445594504 
-0.032913397424 
-0.108249076932 
-0.247116069014 
-0.283426008242 
-0.256606609846 
-0.185721354009 
-0.139163297642 
-0.159244474830 
-0.157337795659 
-0.276030713667 
-0.269133586480 
-0.357105691998 
-0.351463721301 
-0.225108614349 
-0.209790580729 
-0.317407998518 
-0.213662718420 
-0.231604567112 
-0.244623641393 
-0.341063816579 
-0.194348082948 
0.066825361155 
0.022031330412 
-0.066196210264 
0.025144815076 
-0.084633525458 
-0.189774925957 
-0.225394485497 
-0.267952880892 
-0.239110240152 
-0.289920512268 
-0.294391904592 
-0.349819235178 
-0.444192093079 
-0.463879168919 
-0.320264966058 
-0.301333824813 
-0.312057911531 
-0.347164899428 
-0.441166446975 
-0.429010122939 
-0.429964312922 
-0.398775705914 
-0.492784106524 
-0.478128316027 
-0.525490861588 
-0.383518274008 
-0.481328020840 
-0.520629501549 
-0.389430955549 
-0.396810591513 
-0.479765214324 
-0.556555381491 
-0.308397468503 
-0.455604256879 
-0.338690536810 
-0.406494722422 
-0.193930923587 
-0.188115807883 
-0.093591095891 
-0.156194659708 
-0.233605454947 
-0.198472664377 
-0.089341565672 
-0.135323588830 
-0.087610660893 
-0.094215413091 
-0.076561142130 
-0.080816231862 
-0.099384404202 
-0.075946311088 
-0.287237588221 
-0.224419979605 
-0.213415644274 
-0.155566959522 
-0.127495622747 
-0.045584769684 
-0.169022175514 
-0.125228510289 
0.005555526338 
-0.072544602591 
0.256818674583 
0.078828338014 
0.176768053513 
0.202058943792 
0.127624888756 
0.043915098988 
0.111797021157 
0.147476514246 
0.127471712804 
-0.022753300273 
-0.012488759496 
-0.071870849417 
-0.077648313957 
0.046613214502 
0.039407063656 
0.192341033628 
0.183807285295 
0.200345471659 
0.164365725506 
0.080482851865 
0.181297133012 
0.135189479927 
0.186926459509 
0.164668536085 
0.219886622066 
0.172403338563 
0.212645625814 
0.368022531754 
0.256055626620 
0.164456975565 
0.126100944481 
0.046352599964 
0.161353439553 
0.173499623305 
0.113231763782 
0.044400416122 
0.055589534124 
0.119545625177 
0.099958531286 
0.181128885507 
0.068416479951 
0.051968143854 
0.150775921153 
0.106307971219 
-0.107161732133 
-0.230429549288 
-0.278088323347 
-0.324993007234 
-0.324993007234 
-0.352892456094 
-0.305132380211 
-0.294431152891 
-0.193335586853 
-0.178125056369 
-0.104480810098 
-0.091591413499 
-0.219156787080 
-0.249040854818 
-0.238352046849 
-0.240840913552 
-0.255778750128 
-0.245161398003 
-0.309019919705 
-0.197114560418 
-0.380413950249 
-0.317482086983 
-0.324997010150 
-0.332163733066 
-0.346040400057 
-0.367063882511 
-0.351381862720 
-0.367596864050 
-0.368041636636 
-0.350154886452 
-0.350081438694 
-0.407877331712 
-0.288523381289 
-0.255181864899 
-0.429613773839 
-0.507557673585 
-0.503741865384 
-0.335561278373 
-0.187775708242 
-0.166038706816 
-0.057392481563 
-0.125369051562 
-0.085507064447 
-0.139285286875 
-0.220863386858 
-0.324913531806 
-0.597762349205 
-0.517267212007 
-0.630429866054 
-0.642011452654 
-0.503202095813 
-0.442266313385 
0.259220055825 
0.229467098987 
0.357861134142 
0.195365882075 
0.176303755887 
0.166964124998 
-0.040443279560 
0.004077755633 
-0.055079984147 
-0.028468127638 
-0.102292791012 
-0.021081162358 
0.154642720061 
-0.122375324429 
-0.289852180865 
-0.226442335286 
-0.302194341914 
-0.350938618625 
-0.386433970202 
-0.457945540106 
-0.333956759571 
-0.315805953544 
-0.455841399198 
-0.176128627198 
-0.060675030624 
-0.143665082036 
-0.058914105989 
0.003467558840 
-0.130579514159 
-0.409379555311 
-0.353922825717 
-0.208200472472 
-0.235835089551 
-0.288300244190 
-0.156321660100 
-0.157729780557 
-0.232045558268 
-0.201397554940 
-0.328475386905 
0.061965521258 
0.117245923515 
-0.016558587939 
-0.107223694841 
-0.062806626012 
-0.116828759534 
-0.177158182774 
-0.108811212016 
-0.228130651637 
-0.217732440655 
-0.078050706035 
-0.087551469612 
-0.011744080016 
0.236396489745 
0.090561429811 
0.275583422098 
0.277959423061 
0.077727003922 
0.277435233429 
0.241428752464 
0.195108840060 
0.138772135699 
-0.233339037198 
-0.270173695536 
-0.413187776995 
-0.228448838238 
-0.178970316142 
-0.049594498480 
-0.258663666643 
-0.479856031490 
-0.362411826969 
-0.390804125663 
-0.472634345771 
-0.316635534682 
-0.106992519434 
0.064583912363 
-0.138851149804 
-0.312439323863 
-0.236879489979 
-0.240329164565 
-0.059596918996 
-0.126442751816 
-0.238455456060 
-0.279514195305 
-0.179043934964 
-0.332310972507 
-0.215023606175 
-0.229198583683 
-0.393332762738 
-0.494908299792 
-0.405424816775 
-0.412922296686 
-0.289528394350 
-0.408349444228 
-0.505451630811 
-0.504285332078 
-0.408343308259 
-0.480334232308 
-0.508756969995 
-0.590407255122 
-0.581373898721 
-0.494420967100 
-0.515014952754 
-0.390311421962 
-0.468523822185 
-0.337862859922 
-0.442715911816 
-0.198854325287 
-0.111672355271 
-0.166328829478 
0.090770379992 
-0.175616935795 
-0.385458380010 
-0.428424937148 
-0.592202188348 
-0.521166507313 
-0.536871176346 
-0.347479081997 
-0.325309652999 
-0.361915624833 
-0.348581571146 
-0.380182073483 
-0.464951858062 
-0.209155171230 
-0.234910221355 
-0.251267730544 
-0.311721696525 
-0.350420403532 
-0.312247859244 
-0.224805849297 
-0.160769752508 
-0.260205022831 
-0.196594935201 
-0.159939342032 
-0.110703271167 
-0.078033748415 
-0.097796979244 
-0.017616412461 
-0.074949890828 
-0.085291364728 
0.012762274949 
-0.083570578367 
-0.061757910910 
0.050647505646 
0.106092711934 
0.061792340201 
-0.020391515722 
0.068128365324 
0.237264020978 
0.344818625713 
0.125946985756 
0.111890927703 
0.039049753282 
0.080879076818 
0.068534228219 
0.220094499276 
0.156638108203 
0.168860144090 
0.349044323134 
0.250232188137 
0.313924983496 
0.159736764510 
0.117346170206 
0.149748042049 
0.002355993889 
0.014515080837 
0.037245372045 
0.046820668352 
0.017126149135 
0.004984790224 
0.159449842963 
0.161016210308 
0.117158840114 
0.091200879351 
0.093447416901 
0.184414799759 
0.259648024162 
0.114828330677 
0.332616127551 
0.227838964589 
0.131254227123 
0.026306537564 
0.081265393979 
0.037599013090 
0.063362801879 
0.097821192432 
0.150534808772 
0.184344342416 
0.129279783756 
0.109154704560 
0.110228714190 
0.142986890171 
0.087401158167 
0.113270753144 
0.296510372118 
0.322296021034 
0.182143726396 
0.182636284017 
-0.052291506051 
-0.126241245554 
-0.133382463430 
-0.186494986626 
-0.169673867925 
-0.221660298208 
-0.257675200143 
-0.320161408156 
-0.275767467205 
-0.315675921419 
-0.394908193653 
-0.287438152319 
-0.345690111047 
-0.223058906004 
-0.416159249971 
-0.473668579219 
-0.474462020085 
-0.537928074356 
-0.466329280551 
-0.443687876117 
-0.375874381326 
-0.316734774199 
-0.521264800599 
-0.519849256218 
-0.571539982198 
-0.491577818400 
-0.568108846441 
-0.497287372555 
-0.496803163007 
-0.608186363112 
-0.570512564162 
-0.563142715196 
-0.540390848023 
-0.354398933539 
-0.380744538282 
-0.398485813300 
-0.440093094019 
-0.447186562142 
-0.450151286811 
-0.440108540349 
-0.443514421575 
-0.292697700810 
-0.308527036196 
-0.325664265988 
-0.324404148893 
-0.502142582035 
-0.396739196652 
-0.439793329899 
-0.408853820001 
-0.489552644927 
-0.377348981598 
-0.471622600651 
-0.415208989399 
-0.519925673008 
-0.177554779050 
-0.152505627653 
-0.152528285539 
-0.133622315841 
-0.295413738419 
-0.288039309563 
-0.203665936774 
-0.161770970313 
-0.127155175575 
-0.160442024708 
-0.160442024708 
-0.103482870648 
-0.103311585775 
-0.101816142872 
-0.208277417391 
-0.275999774568 
-0.107360130884 
-0.119993251478 
-0.089773202391 
-0.082162232649 
-0.197402897729 
-0.110351085905 
-0.051575720250 
-0.241705950719 
-0.378683491993 
-0.250483071819 
-0.190358627427 
-0.270016616046 
-0.309438947819 
-0.307443466125 
-0.226319287514 
-0.223365498871 
-0.263524954062 
-0.265700170956 
-0.259322086117 
-0.317478790165 
-0.345599432980 
-0.241571808873 
-0.367047739274 
-0.422755735807 
-0.338706730726 
-0.277889273107 
-0.327870862449 
-0.241795847202 
-0.397773247191 
-0.423528021182 
-0.421361670306 
-0.394797160153 
-0.303350993992 
-0.090627409220 
-0.111522196413 
-0.407660678833 
-0.433155516645 
-0.425268446624 
-0.470080232079 
-0.422219624349 
-0.526392553549 
-0.326114477254 
-0.213234970358 
-0.261485926146 
-0.077502479962 
-0.059866106392 
-0.037731321220 
-0.041828549419 
-0.024294945907 
-0.040242215488 
-0.034196943975 
0.023446007758 
0.187549375609 
-0.029502549324 
-0.051201310643 
-0.121168791964 
-0.066749199826 
0.061226808864 
0.050582188233 
0.124797998779 
0.041345012322 
0.112237625949 
0.123546817833 
0.160145511505 
0.076279276049 
-0.081674623438 
0.079656793683 
0.077525274122 
0.083870195847 
0.017519519528 
0.042844070356 
0.014920066674 
0.037302295241 
-0.026698993479 
-0.078410198976 
-0.043869362530 
-0.038274626479 
-0.036451258606 
-0.042302028091 
-0.079174567457 
-0.051222644063 
-0.042618347073 
-0.023713236467 
-0.092875460580 
-0.114193901766 
-0.111030240168 
-0.079308206181 
-0.034486937781 
0.021051817176 
0.004468285408 
-0.020098703582 
-0.020098703582 
0.019166130039 
0.022752089042 
-0.071916621257 
-0.139329555374 
-0.281867384727 
-0.438696189197 
-0.426615602049 
-0.367193766015 
-0.282803873229 
-0.312012470297 
-0.286599721128 
-0.221065601935 
-0.260428468828 
-0.241449721693 
-0.435429207025 
-0.397978151090 
-0.366959386600 
-0.380272475958 
-0.139225356290 
-0.147954426198 
-0.296245519919 
-0.226732489794 
-0.040166915632 
0.131946994647 
-0.144349879870 
-0.048301829622 
0.236690670993 
-0.001839318644 
-0.126633432287 
-0.372195707849 
-0.379661284155 
-0.307276033483 
-0.367572903919 
-0.332989341418 
-0.189416730446 
-0.169699914320 
-0.408795244532 
-0.372078926138 
-0.444296999472 
-0.300552217221 
-0.257490244655 
-0.152843246954 
-0.282038822812 
-0.386394390656 
-0.449519253102 
-0.530291346576 
-0.472877195106 
-0.398722727907 
-0.238860440656 
-0.342556089209 
-0.321351234769 
-0.477161634837 
-0.431428248612 
-0.307259491224 
-0.138906362767 
-0.292811641254 
-0.498860164272 
-0.331147712492 
-0.212309555185 
-0.137531541663 
0.056261921233 
0.286203584586 
0.185132099221 
-0.328513494618 
-0.313661222773 
-0.257647907340 
-0.083184666046 
-0.135884278623 
-0.345757897930 
-0.409048929338 
-0.407180373728 
-0.382948696463 
-0.285171408319 
-0.309360097946 
-0.435946468108 
-0.591010365540 
-0.332985586053 
-0.439083494914 
-0.397890690064 
-0.328233435379 
-0.332053567549 
-0.177897349852 
-0.306678189538 
-0.241888944368 
-0.310753235838 
-0.264671779122 
-0.454609981170 
-0.226220168128 
0.116714557707 
0.132881144724 
0.033336948210 
0.176550904311 
0.156033931354 
0.281108124941 
0.316927441825 
0.345464954510 
0.217118619960 
0.372487303153 
0.139639450332 
0.073941092186 
0.154876740124 
-0.009764062959 
-0.031102168685 
-0.102464049259 
-0.156834086017 
-0.139877119706 
-0.230677275289 
-0.274124714651 
-0.363899881093 
-0.490931952685 
-0.417388051117 
-0.582571626885 
-0.512600402218 
-0.419675941671 
-0.298817520162 
-0.323041051149 
-0.291348708754 
-0.242528558004 
-0.068201593121 
-0.315947525351 
0.036014974743 
-0.045847839737 
0.184217513468 
0.122527390146 
0.170994928343 
0.239294343640 
0.287178746764 
0.072422019407 
0.073858176321 
0.089965181823 
0.099283224117 
-0.320849906739 
-0.543994078603 
-0.257419865815 
-0.257950299687 
-0.379010971798 
-0.349690773740 
-0.337762865203 
-0.302262005019 
-0.257132566386 
-0.492227361988 
-0.357168784527 
-0.201661705103 
-0.089737353223 
-0.217295562256 
-0.062995518700 
-0.077153468419 
-0.024691509981 
-0.124257424648 
-0.146591583709 
-0.167857862170 
-0.252484593101 
-0.239070291293 
-0.239787328842 
-0.249531453629 
-0.212963089177 
-0.149688874201 
-0.170795804853 
-0.204935386854 
-0.169290942702 
-0.153807937199 
-0.196920352519 
-0.345316573436 
-0.261308394273 
-0.257140224101 
-0.368279113919 
-0.232131102215 
-0.291805904544 
-0.254488775536 
-0.163074800453 
-0.314986963413 
-0.333387509372 
-0.181813696939 
-0.278011533827 
-0.056933174862 
0.107233534435 
-0.015078484972 
0.310208587556 
0.272780591477 
0.027811113314 
0.058283953580 
0.169860382422 
0.169790957243 
-0.000386867579 
-0.244161592629 
-0.150918905442 
-0.073900509121 
-0.163159694858 
-0.202653386563 
-0.251277855846 
-0.202489942842 
-0.241643521394 
-0.277769361627 
-0.229374364694 
-0.309231850506 
-0.299427078207 
-0.335985607146 
-0.330782169504 
-0.410884270593 
-0.302750363883 
-0.487792965838 
-0.281637901233 
-0.307735687832 
-0.210705314430 
-0.288867295130 
-0.355778705368 
-0.232963111460 
-0.166293024112 
-0.282565589846 
-0.465053617452 
-0.486176104554 
-0.475702115780 
-0.394041339235 
-0.249551943929 
-0.436935767104 
-0.301872036393 
-0.310646916025 
-0.361224773185 
-0.408310109174 
-0.360886135160 
-0.353212934769 
-0.358837225267 
-0.324585680396 
-0.295513878206 
-0.273061507393 
-0.356078838141 
-0.126562816396 
-0.132201158537 
-0.292118061124 
-0.239361697267 
-0.231510350527 
-0.306848943281 
-0.150726977164 
-0.091956097485 
-0.080245487510 
-0.146082363492 
-0.174444096066 
-0.125520332695 
-0.118176561529 
0.133372649530 
0.226104592582 
0.143724322561 
0.141398917109 
0.297602349593 
0.215661823366 
0.213242512451 
0.219588411223 
0.308813113828 
0.129021277583 
0.195892481268 
0.204359909476 
0.037883109315 
0.392451341371 
0.285984129700 
0.311122245569 
0.191985461173 
0.172938303317 
0.198091029849 
0.293073683813 
0.445087965374 
0.246546012045 
0.215645362763 
0.268307325781 
0.038133310224 
-0.081926246871 
0.031198635816 
-0.124415915716 
-0.125762564191 
-0.103135571702 
-0.131296390298 
-0.195310494398 
-0.286200923310 
-0.319525988972 
-0.227693520977 
-0.115061083552 
-0.129391962593 
-0.221311987591 
-0.331150993264 
-0.442882589373 
-0.397813085803 
-0.193669765617 
-0.221673231587 
-0.216775072556 
-0.233624516814 
-0.302018791517 
-0.417361138150 
-0.504679555431 
-0.502015460536 
-0.518871421104 
-0.367483644989 
-0.362538940349 
-0.362538940349 
-0.375512945453 
-0.432621954999 
-0.383429708099 
-0.374460529746 
-0.331664265053 
-0.269826583059 
-0.202473169635 
-0.203154031886 
-0.198737665397 
-0.170757046913 
-0.218290179036 
-0.093366943933 
-0.101494736344 
-0.105346775227 
-0.133021261743 
-0.303132123751 
-0.283997457306 
-0.382418725994 
-0.373774759363 
-0.200757465525 
-0.160740948978 
-0.124960516301 
-0.125488858225 
-0.146925907232 
-0.163662251082 
-0.123006149085 
-0.189329044782 
-0.134527873888 
-0.239337588887 
-0.202071863429 
-0.201676577172 
-0.105167853397 
-0.135792846604 
-0.100078492206 
-0.090199270467 
-0.088153338136 
-0.156314011590 
-0.158836882247 
-0.178341239175 
-0.150242468726 
-0.245903528787 
-0.332653028797 
-0.302457784319 
-0.307171737718 
-0.316042602866 
-0.316319854590 
-0.277541718588 
-0.207380821374 
-0.262450851427 
-0.102449631392 
-0.057129205651 
-0.324656795371 
-0.430401457838 
-0.394024220059 
-0.366329764564 
-0.382885324009 
-0.388918622550 
-0.405567811095 
-0.395895052634 
-0.418019524407 
-0.528193914742 
-0.395816612035 
-0.075657256702 
-0.199688285100 
-0.162115293132 
-0.094212824754 
-0.100569580487 
-0.144767653694 
-0.084058208261 
-0.100034548544 
-0.122616194923 
-0.108339249214 
-0.125362547504 
-0.149162951833 
-0.109425236209 
-0.148219576945 
-0.274417195272 
-0.176509444686 
-0.198986118520 
-0.242870637690 
-0.321741615457 
-0.321881135838 
-0.392018441700 
-0.353958437208 
-0.415664852057 
-0.290589434489 
-0.309750715868 
-0.356284804628 
-0.359703700621 
-0.367417876612 
-0.376258210524 
-0.390979633186 
-0.337433144125 
-0.307137131757 
-0.345660264785 
-0.255486144659 
-0.267536093155 
-0.265133567450 
-0.238843498534 
-0.276579878932 
-0.344057937125 
-0.314212630451 
-0.192913237194 
-0.122675364143 
-0.606099765094 
-0.493224496517 
-0.347578166994 
-0.276084364573 
-0.355592376560 
-0.434537414592 
-0.454478010898 
-0.223992128875 
-0.289564074828 
-0.472818249840 
-0.438377697754 
-0.309655675091 
-0.348151635345 
-0.125250342676 
-0.260800711003 
-0.367226399570 
-0.219248383454 
-0.281813900188 
-0.198429062439 
-0.193867906227 
-0.189383542856 
-0.182271348409 
-0.207181810045 
-0.160546192816 
-0.150546783145 
-0.158959417818 
-0.099714039672 
-0.048909997137 
-0.024615839234 
-0.090549590294 
-0.061576186531 
-0.026807803978 
-0.085693129764 
-0.023192168483 
0.219320104250 
0.116067462858 
-0.138863345332 
-0.257837683800 
-0.360377535105 
-0.337177137494 
-0.340541168684 
-0.173093957252 
0.065614235172 
0.037489183319 
-0.058479457387 
-0.170633641732 
-0.257262232050 
-0.253486933810 
-0.265748949176 
-0.462431216779 
-0.382526046264 
-0.333783386812 
-0.319194395026 
-0.403344459846 
-0.372169125752 
-0.109876108050 
-0.075760145785 
-0.296184903827 
-0.208595624640 
-0.309449318832 
-0.207422075953 
-0.264624442405 
-0.116987529344 
0.007316097590 
0.069706215175 
0.006521425146 
-0.002397961960 
0.038668705451 
-0.331453830168 
-0.392017213593 
-0.260773435987 
-0.425870312055 
-0.580337704295 
-0.499094443259 
-0.465300972303 
-0.298261054063 
-0.243938464620 
-0.441866446890 
-0.353999960725 
-0.258871677340 
-0.401471572129 
-0.424879230528 
-0.492752255386 
-0.443808385942 
-0.414381772788 
-0.338910748548 
-0.200026267816 
-0.072928090626 
0.241610108017 
0.073207185907 
0.201549746341 
-0.056210868758 
-0.077458496379 
-0.157251648820 
-0.289883410944 
-0.305777081135 
-0.435423132801 
-0.307464926931 
-0.283640306642 
-0.403486941653 
-0.344730205364 
-0.285089512576 
-0.219106524078 
0.183642411233 
0.038158627018 
0.079837566911 
-0.046505835608 
0.122627253612 
0.174821419980 
0.162054357325 
0.237082354261 
0.040750397582 
-0.036019068043 
0.170270691049 
0.219081160164 
0.227553299649 
0.233658416880 
0.019756173615 
0.093227599645 
0.162739291889 
0.080843109031 
-0.121388156397 
-0.216427505573 
0.013136490029 
0.140341048836 
-0.049594113504 
-0.039239474418 
-0.041321611083 
0.062559108007 
0.157475207906 
0.231410324937 
0.091162010285 
0.268936943674 
-0.093391655489 
-0.069677381570 
-0.217895235231 
-0.152322150708 
-0.055249406233 
-0.135204034035 
-0.075927380882 
-0.014002960237 
-0.259137652346 
-0.358421196903 
-0.309932264513 
-0.303423263596 
-0.448909401767 
-0.313872019400 
-0.195952292626 
-0.249749591656 
-0.224938934456 
-0.119693395652 
-0.120122896573 
-0.119407879269 
-0.124168614435 
-0.125873034147 
-0.101201763471 
-0.063910199020 
-0.122622266324 
-0.093960538643 
-0.077903933460 
-0.071089586714 
-0.003291596720 
-0.048222939012 
-0.188598936987 
-0.267074748918 
-0.364058737872 
-0.322417754578 
-0.364831729268 
-0.397935427698 
-0.350068128594 
-0.339400171047 
-0.329645657094 
-0.175597605125 
-0.147945127725 
-0.201405117742 
-0.247847951182 
-0.236470012465 
-0.383433612132 
-0.432008941208 
-0.456218471287 
-0.358326805114 
-0.296406721732 
-0.309145839683 
-0.125724818252 
-0.096083004660 
-0.162733758381 
-0.168579279311 
-0.284589348603 
-0.131230658376 
0.064802335915 
0.106805196851 
0.198363379021 
0.220880884614 
-0.019571463143 
-0.109852994802 
-0.095228792371 
-0.067127902187 
-0.135769860438 
-0.132863367022 
-0.227246749598 
-0.336253395974 
-0.348932826369 
-0.411007610226 
-0.417594163415 
-0.364725825084 
-0.260492049446 
-0.305349699757 
-0.357836744980 
-0.488067392459 
-0.522035813330 
-0.437927817695 
-0.489427581597 
-0.562894320833 
-0.611683062556 
-0.628253028143 
-0.563677422071 
-0.568885262662 
-0.659717180791 
-0.644453012198 
-0.555060868634 
-0.438670746954 
-0.478223921589 
-0.451574012098 
-0.509644610664 
-0.650713595143 
-0.593092714947 
-0.408315647795 
-0.350918680127 
-0.305074209663 
-0.328206129440 
-0.239376741949 
-0.206586498079 
-0.236205667946 
-0.273535604018 
-0.182812841323 
-0.184181286444 
-0.226484701524 
-0.078971942876 
-0.078575464118 
-0.089488685282 
-0.049024781853 
-0.135052535708 
-0.149848526140 
-0.120692231068 
-0.137201669280 
-0.165370647806 
-0.189276724092 
-0.220490334417 
-0.365164310362 
-0.372228865459 
-0.338931169336 
-0.400683196313 
-0.454341312402 
-0.469850797651 
-0.424450407035 
-0.459065425090 
-0.442712755279 
-0.352456871775 
-0.370232119598 
-0.339797725256 
-0.241607506866 
-0.255303030934 
-0.192672253916 
-0.128337863706 
-0.205411185946 
-0.239769872814 
-0.213248051820 
-0.236064595589 
-0.249125645260 
-0.305308063181 
-0.345278744518 
-0.278102006154 
-0.299421881725 
-0.340335724643 
-0.269569338163 
-0.515249747157 
-0.688057762925 
-0.514622201797 
-0.579719800401 
-0.529799448623 
-0.537876811755 
-0.537876811755 
-0.526479144374 
-0.494141637978 
-0.467890721173 
-0.444183340630 
-0.356802098574 
-0.292420367124 
-0.069406410714 
-0.017096600067 
0.006061890839 
0.013519451955 
0.026529873173 
0.023298125794 
0.039048258903 
0.023915481322 
-0.026531226823 
-0.019530006923 
-0.012961529576 
-0.066073859496 
-0.095589647207 
-0.143880345949 
-0.096049046853 
-0.148825061223 
-0.150005513237 
-0.217346958004 
-0.217935303635 
-0.214160050197 
-0.189805797053 
-0.121175444834 
-0.173446901102 
-0.241639018123 
-0.192668392943 
-0.214587769006 
-0.219964929099 
-0.190740819445 
-0.243994025097 
-0.251194180175 
-0.220453325949 
-0.136699999707 
-0.218789943231 
-0.368340024239 
-0.206510314879 
-0.187870633150 
-0.116821953367 
-0.002634965081 
-0.018727876664 
-0.091577321606 
-0.208492218182 
-0.328158069074 
-0.218328776310 
-0.185203925564 
-0.138303847273 
-0.109976438653 
-0.044684954290 
-0.144151119385 
-0.105890610996 
-0.062821025024 
-0.089859011834 
-0.074527999834 
-0.065355548375 
-0.070498676750 
-0.081335849559 
-0.084691513207 
-0.032928959327 
-0.028166632491 
-0.139942738940 
-0.143202898290 
-0.148932604012 
-0.184474490121 
-0.180424380192 
-0.186048806361 
-0.170540668921 
-0.193502205924 
-0.222427385315 
-0.123259852641 
-0.229333048300 
-0.185546251982 
-0.166246031635 
-0.159676765638 
-0.160948295389 
-0.140691829384 
-0.137289416584 
-0.120434017945 
-0.266802438244 
-0.269572559986 
-0.246075867570 
-0.224519928315 
-0.232493339031 
-0.226177862701 
-0.224579800593 
-0.178938932753 
-0.208176018997 
-0.201435394334 
-0.207491059816 
-0.209523028126 
-0.191955565594 
-0.243350439766 
-0.209558867770 
-0.210842637404 
-0.209701305655 
-0.206950642839 
-0.206950642839 
-0.206593014800 
-0.219100609205 
-0.049723406899 
0.095672811368 
0.091661910097 
-0.054981444045 
-0.036665524525 
-0.049300094014 
-0.109423401755 
-0.108477361819 
0.137452370936 
-0.005334077575 
-0.023126187884 
-0.131793947832 
-0.048677549536 
-0.141559635211 
-0.176843374207 
-0.162054737957 
-0.163298858802 
-0.201514645454 
-0.350211031519 
-0.353790908821 
-0.385484221776 
-0.286682323290 
-0.283142745381 
-0.342669910578 
-0.250689418318 
-0.181282698827 
-0.066867891612 
0.000662382316 
-0.206946371197 
-0.215011535000 
-0.236938215012 
-0.354502354332 
-0.321076916835 
-0.194786184037 
-0.225124318638 
0.159432577096 
0.213505138444 
0.138178925552 
-0.051254011050 
-0.049385106854 
-0.083370803192 
0.076292678002 
0.041825449697 
-0.003500561311 
-0.040300743085 
-0.033201554484 
-0.016198598349 
-0.012194705683 
-0.055118146676 
-0.031134773261 
-0.121274800215 
-0.176308809551 
-0.255552605338 
-0.244011806634 
-0.364118857805 
-0.281789209358 
-0.317000962354 
-0.435715453943 
-0.315529394744 
-0.347023384794 
-0.337459421384 
-0.277915763202 
-0.298614402602 
-0.277806831590 
-0.277127808403 
-0.382070772508 
-0.482872529051 
-0.398982805359 
-0.502267123001 
-0.494007987944 
-0.557221131316 
-0.540192451441 
-0.521836940629 
-0.493194912810 
-0.427257053223 
-0.572307356894 
-0.574374892935 
-0.543852926145 
-0.581192882988 
-0.543886274503 
-0.538468521475 
-0.541868234301 
-0.566775374980 
-0.430036403306 
-0.351926966815 
-0.507638234730 
-0.500672756680 
-0.456320408490 
-0.338131551315 
-0.377559357854 
-0.394795096040 
-0.461836945739 
-0.399515958073 
-0.416753770091 
-0.494166692268 
-0.449543451368 
-0.575668675129 
-0.461574821691 
-0.507920253150 
-0.449125259924 
-0.410973026876 
-0.468227340892 
-0.455897351151 
-0.379329828395 
-0.368674126719 
-0.309445409336 
-0.295506864916 
-0.341198264740 
-0.202053896860 
-0.100611885177 
-0.056603015614 
-0.100718902114 
-0.052692430978 
-0.017925636725 
0.041015466801 
-0.036050405927 
0.164598639796 
0.105871602121 
-0.015388160665 
0.052913977870 
-0.033973493480 
-0.111039347209 
-0.221912509871 
-0.168917760119 
-0.203666639233 
-0.174702946665 
-0.152768317551 
-0.125887701777 
-0.092207321673 
-0.005847748526 
-0.020526056421 
0.044219198360 
0.084424988714 
0.075903007442 
0.035104417391 
0.011484623034 
-0.018196659857 
-0.035457662101 
-0.147765855247 
-0.155814675425 
-0.219930460288 
-0.271219272440 
-0.259224101987 
-0.249350337434 
-0.234101812391 
-0.139036541302 
-0.140246283840 
-0.149078987205 
-0.124953753906 
-0.124473518574 
-0.159430089654 
-0.175747057586 
-0.162870255493 
-0.239705190590 
-0.180215741840 
-0.254050614007 
-0.221471665910 
-0.224049131735 
-0.202715143297 
-0.151976010853 
-0.098415420517 
-0.120446527673 
-0.136883872647 
-0.145252584378 
-0.161731204713 
-0.184989073323 
-0.215935614586 
-0.229062204303 
-0.082632172470 
-0.131848280241 
-0.198647133240 
-0.251435737338 
-0.301418117433 
-0.280964352027 
-0.275726077833 
-0.252809776790 
-0.211216473812 
-0.266856310659 
-0.267634579739 
-0.222623413592 
-0.215841724134 
-0.210676425478 
-0.199433666927 
-0.222298721916 
-0.223904793818 
-0.224546792880 
-0.222689016021 
-0.219307607659 
-0.279812828982 
-0.174382604278 
-0.240334071912 
-0.223684491421 
-0.321504390668 
-0.320084556329 
-0.392854001231 
-0.329476998145 
-0.521157173099 
-0.561352113181 
-0.559771812434 
-0.427640113686 
-0.605833278736 
-0.603201763349 
-0.694245674614 
-0.565271707963 
-0.686586995130 
-0.682082497302 
-0.636231623309 
-0.627502627520 
-0.528659147465 
-0.610535288982 
-0.579303311990 
-0.608667968373 
-0.552692527275 
-0.527003249867 
-0.496703132510 
-0.494301575375 
-0.378868816519 
-0.354431873332 
-0.376443537844 
-0.595881950994 
-0.628341325187 
-0.587378016856 
-0.468854714199 
-0.341967715407 
-0.359872149712 
-0.328628027102 
-0.316701991806 
-0.281064739510 
-0.277564687746 
-0.166517592775 
-0.214805141106 
-0.309403713843 
-0.312407123160 
-0.305757060678 
-0.309696825769 
-0.234573106689 
-0.274306379260 
-0.289282371906 
-0.241551630083 
-0.317323113092 
-0.284669268160 
-0.307429061573 
-0.388960239224 
-0.299067982540 
-0.274835743405 
-0.317663941464 
-0.295426381951 
-0.237488142175 
-0.206761459762 
-0.222077412110 
-0.407613441764 
-0.406837826977 
-0.320654616776 
-0.278193690398 
-0.243271563378 
-0.249745527250 
-0.244879708594 
-0.251720297857 
-0.237276918822 
-0.225124093888 
-0.303033920231 
-0.365994751066 
-0.324128878080 
-0.219701131675 
-0.171985626914 
-0.116627895869 
-0.100693033472 
-0.182890843137 
-0.233840113814 
-0.255916190434 
-0.343060980130 
-0.350731490412 
-0.411887173842 
-0.464988288676 
-0.368121189779 
-0.414073288216 
-0.301545717805 
-0.334722832129 
-0.258281863222 
-0.277328229117 
-0.361193865527 
-0.377791432816 
-0.373435655606 
-0.395447144747 
-0.423274018411 
-0.382149988178 
-0.387094809636 
-0.424275725342 
-0.430532157418 
-0.402030612664 
-0.438302776648 
-0.409623249945 
-0.416934081394 
-0.432095917077 
-0.356892808258 
-0.564008099038 
-0.545072161754 
-0.482563338297 
-0.460427264982 
-0.531781278180 
-0.467140670655 
-0.463272001764 
-0.378509341305 
-0.291212051505 
-0.277836527432 
-0.330775564744 
-0.303194319385 
-0.201219903033 
-0.200673438884 
-0.188541005077 
-0.187929362238 
-0.130655354627 
-0.118662723551 
-0.112982841549 
-0.093776744936 
-0.088766096374 
-0.098353694429 
-0.111447536794 
-0.134700383279 
-0.199967850277 
-0.223748980050 
-0.221847792676 
-0.255985285167 
-0.227563669884 
-0.229679826267 
-0.231273139431 
-0.322478013514 
-0.362677567593 
-0.426637863463 
-0.440563154046 
-0.558830065350 
-0.621642877317 
-0.588604644148 
-0.542265434600 
-0.558133220129 
-0.463205143094 
-0.509419467434 
-0.462194047075 
-0.349412669741 
-0.038361994752 
0.031624590625 
0.040223980557 
0.101283556165 
0.106652690769 
-0.014762969685 
0.122894768805 
0.210664970114 
0.163785198155 
0.160665180689 
0.114460414359 
0.108246572815 
0.081715355790 
-0.022868509440 
-0.047740788754 
0.020311130991 
-0.023479954988 
0.049612915221 
0.023154559886 
0.093372538867 
0.083171504326 
0.117344721741 
0.088799336280 
0.079904869940 
0.102202228268 
0.110032878023 
0.105708951725 
0.073568351013 
-0.086413030992 
-0.009362710585 
0.028765436920 
-0.006667660862 
-0.103635736109 
-0.029572848769 
-0.074619860991 
-0.112085157339 
-0.256111432258 
-0.030038532689 
-0.275526335156 
-0.487319956707 
-0.594117745364 
-0.229397287830 
-0.062119782410 
-0.077202718009 
-0.147556223116 
0.095836616191 
-0.254487050348 
-0.211648243772 
-0.321122470783 
-0.434058008383 
-0.375982461177 
-0.348647707902 
-0.373727136255 
-0.211661410770 
-0.064114091833 
0.034958099071 
-0.126548351450 
-0.245718424418 
-0.218686581940 
-0.196171588855 
0.077970035312 
0.074834960146 
-0.046042755824 
-0.053899877679 
0.013659950487 
-0.024536448799 
-0.000300220079 
-0.025495263792 
-0.025495263792 
-0.064863343522 
-0.014599633545 
-0.024481829908 
-0.102938891306 
-0.111300397432 
-0.148935222229 
-0.138937522224 
-0.192985447695 
-0.045125930971 
0.008547879727 
-0.019507969562 
0.012898895677 
-0.020333956807 
-0.003709870280 
-0.023694462392 
-0.045197976117 
-0.069045812795 
-0.087533329046 
-0.201645155109 
-0.105336270894 
-0.095795289884 
-0.029430959179 
-0.127415582570 
-0.152447251123 
-0.185404658607 
-0.121449489424 
-0.171911813307 
-0.165135323341 
-0.213224291982 
-0.059879652600 
-0.149445597206 
-0.217036317961 
-0.154857322520 
-0.096660092568 
-0.073926478126 
-0.053816264341 
-0.067694659768 
-0.097497476505 
0.007914946335 
-0.010694229725 
-0.042882794951 
-0.277127339159 
-0.133297884290 
-0.047159775529 
-0.184436247039 
-0.195438763029 
-0.206439902887 
-0.199080400522 
-0.034579507521 
0.096383833052 
-0.038102846317 
-0.089533516599 
-0.077717537927 
-0.058132242587 
-0.055150384520 
-0.058447062448 
-0.057433959524 
-0.160458721548 
-0.185925139699 
-0.192521229527 
-0.139228209551 
-0.004686925868 
-0.028969512785 
-0.023510298704 
-0.001414753118 
0.000783988547 
-0.077466577168 
-0.085868996808 
-0.091279471986 
-0.080364946833 
-0.092523373889 
-0.059648751123 
-0.190096673307 
-0.192771415412 
-0.307259263990 
-0.302741983425 
-0.371702765462 
-0.432061232092 
-0.235060412953 
-0.212174486753 
-0.164717534015 
-0.074983811314 
-0.167212071761 
-0.202715327081 
-0.209753623570 
-0.315406693909 
-0.234403628512 
-0.246660973618 
-0.255522474273 
-0.386113590964 
-0.378687915554 
-0.460143533478 
-0.377750938318 
-0.374110640208 
-0.368805858564 
-0.365617685119 
-0.449162177056 
-0.476891527569 
-0.498615336680 
-0.357165919965 
-0.340440025534 
-0.359775790389 
-0.294498749413 
-0.288426359422 
-0.556978807583 
-0.507709254883 
-0.373733901026 
-0.391993333931 
-0.327711937813 
-0.344967372554 
-0.440723686605 
-0.432291535795 
-0.303867207702 
-0.267148861848 
-0.288952510826 
-0.365604430081 
-0.231192910398 
-0.254646318248 
-0.333646633564 
-0.315306060786 
-0.290251473131 
-0.359958397104 
-0.389735241438 
-0.289774850232 
-0.284152234948 
-0.250090829238 
-0.234645891224 
-0.211687599915 
-0.228842665365 
-0.253326496427 
-0.271176308752 
-0.249361362083 
-0.280528179233 
-0.284028861170 
-0.346561004157 
-0.376745756355 
-0.289107568706 
-0.302125279937 
-0.288233957156 
-0.300708325895 
-0.300065348940 
-0.284235495624 
-0.341901948743 
-0.409826187846 
-0.351828700003 
-0.318460341485 
-0.303496873335 
-0.368582400031 
-0.240798544242 
-0.207866203663 
-0.222580464811 
-0.257376498056 
-0.258876029705 
-0.234779563270 
-0.239509738391 
-0.251431751467 
-0.304400001620 
-0.398589865447 
-0.444135571994 
-0.483171017462 
-0.475482065406 
-0.423350518592 
-0.431475465331 
-0.414492308630 
-0.377055181608 
-0.359027703987 
-0.389810578050 
-0.368667754649 
-0.503554058761 
-0.464335767284 
-0.453314526595 
-0.485180910324 
-0.430151039438 
-0.389064840484 
-0.407880494224 
-0.180845335402 
-0.133184221288 
-0.072961727393 
-0.121132295887 
-0.248219041647 
-0.341783871794 
-0.344781329874 
-0.302343857066 
-0.359469908266 
-0.366630426895 
-0.481117225948 
-0.332933551077 
-0.274633398260 
-0.286712450919 
-0.283973719993 
-0.390051156175 
-0.351844404825 
-0.394529141710 
-0.418517442922 
-0.384287377956 
-0.382406744415 
-0.365116175817 
-0.395696116402 
-0.428176969905 
-0.494003466847 
-0.509059408215 
-0.458712346603 
-0.348772352442 
-0.326562531450 
-0.349529782827 
-0.397223925099 
-0.423027775092 
-0.460065043158 
-0.514138273523 
-0.409998210606 
-0.390796038209 
-0.356992560259 
-0.282924338144 
-0.186734611896 
-0.250066310775 
-0.239366859357 
-0.235857927048 
-0.204236370793 
-0.234096706304 
-0.228526728448 
-0.371004081108 
-0.300191365053 
-0.208171268156 
-0.207462755898 
-0.243500417981 
-0.275802463644 
-0.285431499127 
-0.075349006711 
-0.141845800910 
-0.174264591340 
-0.270566036492 
-0.275067392518 
-0.295571556236 
-0.319370617499 
-0.317406562110 
-0.336719115036 
-0.312109421252 
-0.307739077219 
-0.320195327451 
-0.297508003881 
-0.365467795301 
-0.327671556007 
-0.335823203911 
-0.454413501780 
-0.419055621878 
-0.435904992031 
-0.428992379038 
-0.444306115892 
-0.426366844176 
-0.367132499559 
-0.402083550559 
-0.416882773623 
-0.486008266225 
-0.409807693423 
-0.374523861443 
-0.315374119961 
-0.273678253912 
-0.261266998974 
-0.130818904451 
-0.164600349887 
-0.069465159705 
-0.204288234821 
-0.206623419373 
-0.203282180456 
-0.240925737206 
-0.177151130470 
-0.198146229834 
-0.232530547259 
-0.164036999544 
-0.164899479758 
-0.099480816507 
-0.106934763871 
-0.268159696125 
-0.287204781530 
-0.278339973621 
-0.136596727707 
-0.069000377131 
-0.059582631535 
-0.117298712786 
-0.171005771121 
-0.178084182803 
-0.170145802320 
-0.201293649423 
-0.295494262635 
-0.304514878574 
-0.318037594912 
-0.294906175539 
-0.316319753676 
-0.342270914195 
-0.380737572962 
-0.220752109517 
-0.189354757216 
-0.169585003184 
-0.188290605675 
-0.200762987024 
-0.121263449095 
-0.167002121183 
-0.165436746555 
-0.116552927885 
-0.143288323480 
-0.050790032505 
-0.012618056462 
-0.005584572415 
0.038651435913 
0.036272344256 
-0.023736421930 
-0.031599903453 
-0.022878805289 
-0.076971199087 
-0.067481782251 
0.069158722333 
-0.072496599098 
-0.103787840257 
-0.137208292459 
-0.175568750210 
-0.152380481132 
-0.081969559890 
-0.074102938883 
0.017533167003 
0.056807673025 
0.062361100232 
0.149012765396 
0.080236652758 
0.094455911499 
0.076807661670 
0.089287322164 
-0.027189120423 
-0.002257098837 
0.018533392046 
0.150304272192 
0.110352619729 
0.084807715898 
-0.127075423025 
-0.107644937096 
-0.132439217260 
-0.132137494877 
-0.132961552217 
-0.149960370444 
-0.157854432077 
-0.157854432077 
-0.157850745740 
-0.146292951442 
-0.140864768379 
-0.170469160191 
-0.171589151378 
-0.183610251235 
-0.230639968998 
-0.237331052587 
-0.182929331388 
-0.148510734273 
-0.127041319662 
-0.077360450053 
0.018970012398 
0.193394397808 
0.170017484478 
0.220027910359 
0.312773655461 
0.264626148893 
0.211681094580 
0.213100644917 
0.150803071787 
0.365747427612 
0.113752043353 
0.027886312668 
0.108459890250 
0.229917740867 
0.136875569817 
0.264171167807 
0.279742188970 
0.428602583572 
0.341942011694 
0.272098109412 
0.253634094653 
0.316399665912 
0.318851355504 
0.235918480221 
0.164978638169 
0.003932793945 
-0.080247940799 
-0.026495647973 
-0.060525150611 
0.160166919606 
0.145299870459 
-0.031868862707 
0.010357245450 
0.079175960388 
-0.012840173946 
-0.026259506495 
-0.087670432102 
-0.065552640390 
0.148523953224 
-0.027211096068 
-0.024633532764 
-0.007162339808 
-0.039500505346 
0.009440906178 
0.112520333411 
0.155304020214 
0.229518376277 
0.100636587882 
-0.105663840813 
-0.118730037103 
-0.011983562080 
0.003593496672 
-0.046784831298 
0.017312626359 
-0.059955539391 
-0.088753415684 
-0.147204269231 
0.008921820172 
0.145673760308 
0.015529841127 
0.047787261285 
0.062586076174 
-0.081689261161 
-0.011045148020 
-0.200379262471 
0.036184763691 
-0.127117269805 
-0.154255605767 
-0.103047631554 
-0.021703194617 
0.124491396092 
-0.034801010464 
-0.174177656922 
-0.226257391019 
-0.320595139140 
-0.265010446665 
-0.170456333076 
-0.170673011520 
-0.030797481610 
0.060536928370 
0.346943415169 
0.319585392028 
0.057047437865 
0.179670097288 
0.197832592206 
0.183811595146 
0.188476528830 
0.362115322274 
0.258954880564 
0.058246282789 
0.047271933419 
-0.084503710130 
0.147945042512 
-0.069619792026 
-0.030444443038 
0.058300040728 
0.144546850915 
0.240451912338 
0.070021085844 
0.112428351583 
0.271622821856 
0.275419211547 
0.403200984218 
0.373189448442 
0.230841362663 
0.343836278787 
0.136101585959 
0.102178199189 
0.019667174828 
0.032648211248 
0.126037403293 
0.279768308115 
0.140906066795 
0.166568358014 
0.149165527594 
0.135102795408 
0.117226830198 
0.206979302470 
0.270741818076 
0.197347026943 
0.207710154544 
0.394616024585 
0.247854222654 
0.336955580002 
0.119708062802 
0.109065034238 
0.035610443930 
-0.039072086251 
-0.041582072075 
-0.091828432147 
-0.094733364940 
-0.104211769764 
-0.148159544223 
-0.083152040935 
-0.107860101562 
-0.183928232629 
-0.297659821248 
-0.293594839871 
-0.268882647071 
-0.320049193089 
-0.432887419009 
-0.440229294925 
-0.372293234682 
-0.402704501915 
-0.384933790412 
-0.279762428140 
-0.259291177443 
-0.306401702549 
-0.376867797712 
-0.311098270274 
-0.311487489066 
-0.230517231668 
-0.210133570627 
-0.135742926921 
-0.154771185497 
-0.179899090696 
-0.366681328316 
-0.101180317133 
-0.090358610416 
-0.092696748779 
-0.051679583965 
-0.139330480279 
-0.138259348420 
-0.092049642366 
-0.031660773973 
-0.054055002944 
-0.052007106797 
0.008867253505 
-0.024916608807 
-0.068523127943 
-0.034582906260 
-0.030070183836 
0.034939260660 
0.050897711631 
0.034716878310 
0.084073978413 
0.153483412996 
0.147273031128 
0.096660959529 
0.079610036895 
0.069119141223 
0.065502543535 
0.006672617253 
0.009760905895 
-0.002164688253 
-0.026177120518 
-0.039695574523 
0.000518938997 
0.034671739784 
0.060284645877 
-0.031173849595 
-0.034268216865 
0.030819412046 
-0.081457457421 
-0.046346856921 
-0.021912163640 
0.035103436874 
0.070811698782 
0.152647180873 
0.141123450878 
0.152675969302 
0.217443091526 
0.145332584718 
0.136978313901 
0.124357650094 
0.177619362957 
0.090721524532 
0.019003096122 
0.058827230663 
0.037733335277 
0.044501138717 
0.054832380388 
0.036639826701 
-0.002278271931 
0.030054709117 
-0.071528663237 
-0.085944621360 
-0.070994927921 
-0.097981009258 
-0.092903969641 
-0.083292397211 
-0.104945340503 
-0.091662906660 
-0.125421976863 
-0.022993125670 
0.124989891225 
-0.015758824799 
0.018184365029 
-0.022048753193 
0.042527432269 
0.086769734881 
0.091371649442 
0.077819035106 
0.056916402468 
0.053147898313 
0.117731552242 
0.108541871158 
0.142359884020 
0.133879860914 
0.051535286369 
0.114916726485 
-0.022722319406 
0.004969196929 
-0.037566378307 
0.006264443742 
0.007766160861 
0.107437760883 
0.095826025177 
0.162646002044 
0.174085476414 
0.072656895977 
0.036332512956 
-0.041442562809 
0.225076758321 
0.116391947534 
0.095789719499 
0.047747860666 
-0.079399492653 
-0.027210242825 
-0.134101738705 
-0.079846801540 
-0.105659274896 
-0.115189688905 
-0.116194420591 
-0.106756796385 
-0.103575140850 
-0.059635572800 
-0.055932054239 
-0.027197673286 
0.028809047216 
0.002512627621 
0.029386003822 
-0.006989882261 
0.016948546222 
0.020701219662 
0.020740681465 
0.107686735603 
0.006542599324 
-0.175689796523 
-0.118550131811 
-0.044276631904 
-0.087992880749 
-0.022436768176 
-0.001561441570 
0.057481609813 
0.053329508800 
0.024754298469 
0.058075473593 
0.119980935896 
0.143277912073 
0.268408516452 
0.024617201471 
0.040291357382 
0.069689848334 
0.076923216349 
0.069539667172 
0.073055356077 
0.070260208111 
0.087545643323 
0.049037138023 
-0.015382140583 
-0.047092600754 
0.009166330957 
-0.055841146108 
-0.070125554030 
-0.121000177497 
-0.153605701364 
-0.144819227574 
-0.163886288889 
-0.021148671071 
-0.040605989089 
-0.078382139913 
-0.083540241381 
-0.078833451237 
-0.073506281713 
-0.008999259585 
-0.033910813380 
-0.026803975170 
-0.049556154596 
-0.110733808460 
-0.043133408067 
-0.066862229399 
-0.093035906308 
-0.105527405945 
-0.125032801943 
-0.162076442887 
-0.126517989430 
-0.083776550399 
-0.111392540105 
-0.009903966954 
-0.031608630171 
-0.121701371801 
-0.165080532009 
-0.069889712143 
-0.038042245217 
0.092918825216 
-0.057722617800 
0.049512217326 
-0.037216292831 
-0.122148960690 
-0.126568248851 
-0.147691105646 
-0.095878191742 
-0.068849431328 
-0.171293448862 
-0.277313065739 
-0.228974165932 
-0.223307401033 
-0.108990960740 
-0.221318349721 
-0.234386766892 
-0.222959791401 
-0.222374073959 
-0.267917264678 
-0.270900905329 
-0.224453215969 
-0.194728362748 
-0.159616440182 
-0.154818549847 
-0.179376283414 
-0.171279709570 
-0.115749074557 
-0.081733280207 
-0.140518670978 
-0.127084136830 
-0.138602321597 
-0.142392868234 
-0.150846918413 
-0.097660669599 
-0.076528355188 
-0.119481895504 
-0.168075472258 
-0.192352247108 
-0.117334474187 
-0.123675150972 
-0.106262300644 
-0.125241624232 
-0.156333680675 
-0.162503646166 
-0.174909633825 
-0.161008117004 
-0.160308851710 
-0.105831367872 
-0.138220390899 
-0.149676042578 
-0.193767425297 
-0.224942634272 
-0.274889050643 
-0.358683078936 
-0.345187299315 
-0.500350948321 
-0.475625689628 
-0.358111019990 
-0.438144133649 
-0.319429690715 
-0.032889394110 
0.062081118772 
0.084059287812 
0.065485650019 
0.047303757352 
0.108789513657 
0.004604274410 
-0.021873381367 
0.041930356800 
-0.162242652796 
-0.365931294099 
-0.579173805686 
-0.349144802554 
-0.216956709612 
-0.424323902126 
-0.392712404778 
-0.376166650837 
-0.362939627425 
-0.364049653747 
-0.295595851702 
-0.158609383150 
-0.240689801119 
-0.253064655866 
-0.124048472104 
0.093773092141 
0.208150237263 
-0.111668794191 
-0.063958033500 
-0.369585342192 
-0.420247621788 
-0.467050661390 
-0.374830316188 
-0.396669740624 
-0.441209780656 
-0.428268435425 
-0.354210267519 
-0.206316698957 
0.066880263026 
0.075257847425 
-0.096515852974 
-0.271982282135 
-0.023338641233 
0.021596234830 
-0.029508184982 
0.028367038038 
-0.030078279047 
-0.104940204056 
-0.034112387677 
-0.028027191818 
-0.039309490616 
-0.094560195035 
-0.031894575311 
0.078606672554 
0.053074150481 
-0.224733197462 
0.039337122266 
0.138385970919 
-0.113415147631 
-0.260555742806 
-0.328826026958 
-0.299086183124 
-0.356229979304 
-0.342801776175 
-0.266897443904 
-0.159405423803 
-0.284998192522 
-0.206198916149 
-0.046174905484 
-0.171848089155 
-0.121961959896 
0.124738776311 
0.133930949097 
0.125284753647 
0.297262950907 
0.285443787085 
0.216594177935 
0.163414964376 
0.204325489523 
0.097760493139 
-0.046312571284 
-0.053968387570 
-0.060848394450 
0.097453662913 
0.078062002828 
0.190001939990 
0.084281383315 
0.086078712925 
0.214002879071 
0.196374332231 
0.144960698221 
0.177884739094 
0.085369190159 
-0.014769004015 
-0.048094152765 
-0.227623525866 
-0.244292727080 
-0.392654814180 
-0.315675415870 
-0.443954440148 
-0.596066345610 
-0.502583967997 
-0.644807667066 
-0.427197864762 
-0.552153618601 
-0.462215950312 
-0.384650402427 
-0.359601358982 
-0.334183441093 
-0.197025938708 
-0.195430798244 
-0.190339179831 
-0.205503803480 
0.075442660034 
-0.140719366042 
-0.289073804428 
-0.280284263291 
-0.156156793063 
-0.214305970805 
-0.186865746475 
-0.292114828536 
-0.245954222941 
-0.257205233933 
-0.295829085271 
-0.149466266377 
-0.046155553968 
0.044705584544 
-0.019196365230 
-0.045649427642 
-0.211706501446 
-0.199321477554 
-0.310021866066 
-0.359199855997 
-0.194053102246 
-0.134138269054 
-0.121967993149 
-0.340249366620 
-0.380258804898 
-0.338865212244 
-0.452187930253 
-0.546851049415 
-0.491282990842 
-0.377093908412 
-0.332181890159 
-0.267041593731 
-0.277509817972 
-0.349507336788 
-0.397044155724 
-0.409276766852 
-0.294068610271 
-0.276066728367 
-0.319514147747 
-0.311238628810 
-0.354517539536 
-0.362738720396 
-0.375280367174 
-0.336628356518 
-0.386123660392 
-0.382696355699 
-0.362811688608 
-0.406443284319 
-0.296106676360 
-0.298584666321 
-0.472805030719 
-0.573998654314 
-0.565834932634 
-0.420435596570 
-0.394139773316 
-0.322863115250 
-0.393008877182 
-0.295678997467 
-0.177619515060 
-0.080565724664 
-0.146121027764 
-0.190962187718 
-0.161186608416 
0.020757881284 
0.095986521947 
0.083780295958 
-0.058204853104 
0.006585572068 
-0.055425266667 
-0.064257373733 
-0.127716453274 
-0.148215291845 
-0.144431807706 
-0.086830641909 
-0.148265249318 
-0.087319340504 
-0.113161765860 
-0.169349383516 
-0.263608939291 
-0.285740026195 
-0.280028794071 
-0.270859740778 
-0.261163482511 
-0.195934179192 
-0.173965580056 
-0.215118770486 
-0.333237144760 
-0.219337481578 
-0.214300290233 
-0.193283371494 
-0.203965926583 
-0.278188286112 
-0.291195966805 
-0.314183405088 
-0.366050448162 
-0.302213461945 
-0.354063755859 
-0.357507496572 
-0.395918779807 
-0.282235719259 
-0.324039089935 
-0.349348491076 
-0.547876072134 
-0.329534106197 
-0.304499430696 
-0.442777136212 
-0.332733013151 
-0.357416348502 
-0.313742712399 
-0.262333680251 
-0.293692082972 
-0.229833471210 
-0.298711215646 
-0.418352881703 
-0.395949805238 
-0.445085787158 
-0.479092889805 
-0.472551521944 
-0.433467247244 
-0.405785495364 
-0.450877497489 
-0.362773955272 
-0.365184463558 
-0.373902347728 
-0.348037161958 
-0.329897374517 
-0.377168089164 
-0.402913041941 
-0.383455601520 
-0.502918098924 
-0.390377609546 
-0.376543561329 
-0.402719337690 
-0.178338580888 
-0.108093394844 
-0.153206649950 
-0.145232172422 
-0.170412159572 
-0.150927012384 
-0.145473873270 
-0.104937439339 
-0.054540825609 
-0.000459586473 
-0.006310700667 
-0.002215206957 
-0.041698455289 
-0.047701745493 
-0.037233239301 
0.022439927012 
0.024072103494 
-0.125186917299 
-0.122721109073 
-0.228592693919 
-0.278430123121 
-0.256597020971 
-0.300551313489 
-0.279238810742 
-0.313247418087 
-0.153314288379 
-0.121723324375 
-0.119516344936 
-0.151838362465 
-0.156141150736 
-0.095461096358 
-0.104971485544 
-0.073568077184 
-0.094601815168 
-0.100312675399 
-0.141855781133 
-0.145445588609 
-0.145748704642 
-0.145364355691 
-0.139206437706 
-0.139422996690 
-0.015387744595 
-0.064840030258 
-0.067580517201 
-0.050906958703 
-0.066775210351 
-0.065625520620 
-0.068996709845 
-0.074227236294 
-0.070977412209 
-0.016982242151 
-0.019119775618 
0.039793284600 
0.000171267611 
0.060276766389 
0.044536543457 
-0.000071047302 
-0.004132421395 
-0.075728550215 
-0.123549218601 
-0.037351780116 
-0.144828539136 
-0.116563570582 
-0.101781278271 
-0.089953691703 
-0.016585566474 
0.008872118255 
0.063850649896 
0.110219433113 
-0.042530724742 
0.012927886287 
-0.077041723217 
-0.161698467122 
0.001074280230 
0.111247941353 
0.169568974325 
0.005752955765 
0.138927170685 
0.198072202719 
0.404239482590 
0.219847169048 
0.218744062261 
0.270340653505 
0.247545143759 
-0.029151563722 
-0.022488829705 
-0.099926257555 
-0.139800292676 
-0.188168095987 
-0.167315157120 
-0.204585420294 
-0.190986290558 
-0.225516286875 
-0.152390427125 
-0.168149480727 
-0.214143374740 
-0.201917120088 
-0.115113818752 
-0.044327631793 
-0.332503349252 
-0.138424320338 
-0.126633148940 
-0.114793522608 
-0.168484286505 
-0.289416010119 
-0.332518000023 
-0.252134247118 
-0.364837688488 
-0.305162273495 
-0.286012682975 
-0.190191935353 
-0.218241636689 
-0.172978964545 
-0.191872886616 
-0.293250656747 
-0.251829333682 
-0.214351781820 
-0.261643967198 
-0.202495055666 
-0.163676694766 
-0.252229691282 
-0.205319810494 
-0.400679689923 
-0.405570171024 
-0.459788314418 
0.103395162577 
0.003698028644 
-0.078089289316 
-0.263005849109 
-0.272060241506 
-0.433263543528 
-0.468425782100 
-0.305182396325 
-0.526141881382 
-0.196072445058 
-0.379364027393 
-0.194604735784 
-0.067202223451 
-0.105486661220 
-0.060381704433 
-0.115192481740 
0.163977137990 
0.113966066858 
0.064471687642 
0.073818195792 
-0.083065078606 
0.258665097025 
0.200037524661 
0.187107994724 
0.317056280427 
0.320518865481 
0.245415799849 
0.226425520997 
0.149169055619 
0.152776012220 
0.036390074236 
-0.450910720372 
-0.444245673889 
-0.359372471267 
-0.368878519617 
-0.227399668533 
-0.311620563608 
-0.383533170290 
-0.362800396895 
-0.314584197869 
-0.271082129607 
-0.328046141743 
-0.396592246510 
-0.401031172220 
-0.359710753454 
-0.370568312311 
-0.359603555420 
-0.378726343757 
-0.326209100012 
-0.341679880967 
-0.378665322850 
-0.310613945862 
-0.375961814772 
-0.353169750107 
-0.348833660733 
-0.251758473001 
-0.080264722257 
-0.094499463268 
-0.169639615291 
-0.141011530065 
-0.066092683419 
-0.233446477232 
-0.306641465484 
-0.260954041860 
-0.300558274125 
-0.270190026925 
-0.203504439379 
-0.369147723166 
-0.315193483598 
-0.198109661383 
-0.128148929939 
-0.410373887165 
-0.515332032011 
-0.442369854389 
-0.424626347452 
-0.167417258649 
-0.177562245999 
-0.239268445955 
-0.249216176070 
-0.330921225553 
-0.368809381581 
-0.312555586145 
-0.264483492111 
-0.264271871434 
-0.228040223601 
-0.228090632212 
-0.155264799824 
-0.148756004273 
-0.039024341291 
-0.056835447208 
-0.005916036273 
-0.030809140840 
-0.064860516985 
0.046324612358 
-0.048724007488 
0.046246378771 
0.024764996645 
0.056304034051 
-0.123623833660 
-0.050746921917 
-0.145917996800 
-0.251900735628 
-0.277509963947 
-0.600820585337 
-0.324706155294 
-0.261672220669 
-0.399900626790 
-0.563967287393 
-0.418493188421 
-0.277934770309 
-0.180761524329 
-0.270151946554 
-0.189867196043 
-0.163526709097 
-0.070515539297 
-0.081949749274 
-0.059121256438 
-0.034727761999 
-0.093234530499 
-0.149531380256 
-0.236905916860 
-0.116147307532 
-0.157735804223 
-0.188292638927 
-0.001410140721 
-0.041160492873 
0.028071681056 
-0.139135812875 
-0.377707514625 
-0.356748434852 
-0.253558136631 
-0.211974998299 
-0.252951778899 
-0.182153535771 
-0.173061152673 
-0.228967751317 
-0.216376827418 
-0.351704344786 
-0.286291984265 
-0.244287366812 
-0.486302617996 
-0.412415883011 
-0.292658855356 
-0.279818761423 
-0.299620426652 
-0.365368446334 
-0.453270169445 
-0.433390020609 
-0.362048645462 
-0.384999142780 
-0.321803446049 
-0.298230778625 
-0.091252013429 
-0.456597460327 
-0.350006238816 
-0.394866132731 
-0.351662834524 
-0.373140799058 
-0.403304751375 
-0.281282663716 
-0.304499152466 
-0.316972418483 
-0.221768686516 
-0.229198981573 
-0.150857839216 
-0.285833350370 
-0.304860312781 
-0.300942880844 
-0.411728740365 
-0.262238198133 
-0.413899666518 
-0.296366930143 
-0.298123275278 
-0.253778798218 
-0.249838252443 
-0.152690321533 
-0.218515969290 
-0.241961257286 
-0.095754963638 
-0.107255101011 
0.141212809455 
0.093242533753 
-0.098433007060 
0.065086621237 
-0.154105565207 
-0.203337484118 
-0.234902196488 
-0.366721898554 
-0.141472516169 
-0.073845005524 
-0.060767098520 
-0.027349188118 
-0.061918827980 
-0.042588487190 
-0.051351469666 
-0.095319320121 
-0.015955339256 
-0.199809277586 
-0.225856594261 
-0.248066638278 
-0.327197309710 
-0.459555578926 
-0.546671630053 
-0.431048621209 
-0.357923114366 
-0.194557474359 
-0.227546060422 
-0.210467517024 
-0.356952644394 
-0.427987941599 
-0.225385574140 
-0.048716089828 
0.051469725931 
0.109309207296 
-0.028204307055 
-0.065972830222 
-0.129658207750 
-0.231575573021 
-0.147211622033 
-0.244609092651 
-0.088297007633 
-0.186324563353 
-0.147758116734 
-0.097008929760 
-0.199395788544 
-0.295392850517 
-0.266995391706 
-0.152915610019 
-0.188648418928 
-0.208321278089 
-0.289118463981 
-0.260326130867 
-0.289432998896 
-0.139243163873 
-0.208652372270 
-0.138308845403 
-0.127063072837 
-0.156650564391 
-0.132850773449 
-0.126534226783 
-0.152464496320 
-0.155079334122 
-0.214615565456 
-0.247651643898 
-0.198595470313 
-0.265619629444 
-0.153638390949 
-0.219077343247 
-0.440873493071 
-0.377217952396 
-0.567967780962 
-0.461516730925 
-0.551129030323 
-0.547356990860 
-0.347400268326 
-0.230378110616 
-0.191565617309 
-0.200648826814 
-0.167165652894 
-0.191252310603 
-0.074631803735 
0.029394504266 
0.001655688438 
-0.013542690042 
0.151691490784 
0.081137065117 
0.135101494857 
0.133712438988 
0.150013253138 
0.109676071164 
0.040263069093 
0.148923229076 
0.091312228284 
0.164885311219 
0.216251424495 
0.219347472598 
0.191083665515 
0.054719719002 
0.080516657687 
0.193529296872 
0.296278347650 
0.244300816624 
0.224912131361 
0.256020306969 
0.239625671734 
0.231479251608 
0.167087151158 
0.155831594805 
0.197722072068 
0.165653438523 
0.103581474280 
0.178732023252 
0.287719555744 
0.096943127413 
0.053821669174 
-0.108662748659 
-0.032024815236 
0.081093365653 
0.017859407576 
-0.083706968045 
-0.017171810014 
-0.064436477034 
0.021716590837 
-0.101590066556 
-0.043876376156 
0.093034150123 
0.131309834917 
0.114084338771 
0.075911663871 
0.061625966936 
0.047392673200 
-0.010381044069 
-0.237360991697 
-0.238565766751 
-0.342707862087 
-0.362091640479 
-0.293334758272 
-0.334496403540 
-0.366066524806 
-0.076698275095 
-0.240157122702 
-0.297383920905 
-0.260001263771 
-0.218512181477 
-0.073810350300 
-0.041937489926 
-0.077479325652 
-0.052119222635 
0.213414534901 
0.229130434377 
0.394572931691 
0.313456252462 
0.297650884065 
0.304740261706 
0.248742228448 
0.273488801465 
0.284461655616 
0.154498693821 
0.293193061057 
0.351148054821 
0.324215245954 
0.320667674172 
0.201867547715 
0.299962999470 
0.232722819277 
0.108206717259 
0.025878091405 
0.180444404232 
0.016599677052 
-0.027536574779 
0.221791202993 
0.220773228000 
-0.036626450811 
-0.105823692553 
-0.096397933693 
0.030646908916 
0.309560401897 
-0.221769231166 
-0.136627964377 
-0.234914307374 
-0.288302963257 
-0.164761766430 
-0.356232565593 
-0.477025826449 
-0.449392040912 
-0.347380178470 
-0.528838396275 
-0.523036977333 
-0.521760069664 
-0.550407839791 
-0.499584902511 
-0.348727112377 
-0.321177142562 
-0.347870815555 
-0.322955459238 
-0.088422598251 
-0.319297512413 
-0.212277277211 
-0.215661768061 
0.114219617967 
0.187525493098 
0.027944758439 
0.102589246090 
0.040048988540 
-0.021161103521 
-0.108841356600 
-0.131935859924 
-0.158580704813 
-0.231031868677 
-0.205688372850 
-0.265381971263 
-0.243574620558 
-0.279906422548 
-0.398719153041 
-0.189116357348 
-0.184767494397 
0.026815445244 
0.046068072327 
0.183269596084 
-0.050929625702 
0.021258749736 
-0.094826156130 
-0.248490285647 
-0.247391011765 
-0.299786440214 
-0.375043860081 
-0.165706366192 
-0.255775869769 
-0.230625002246 
-0.244372475376 
-0.227993170312 
-0.272783011129 
-0.158360445176 
0.051735418181 
0.022464170195 
-0.060187947106 
-0.090298294042 
-0.005752060594 
0.171341534620 
0.053715414508 
0.024950607054 
0.192615035608 
0.343047649361 
0.112821351448 
0.068089092043 
0.014377094971 
-0.086234670154 
0.012846166547 
-0.045133530493 
-0.034872566928 
-0.333081843862 
-0.091500457727 
-0.305042672314 
-0.119970608356 
0.151120065135 
0.037516930538 
-0.194929550904 
-0.205567793086 
-0.195194075579 
-0.277924721681 
-0.197380158812 
-0.283416467406 
-0.582118752862 
-0.353878591591 
-0.383067982712 
-0.248342471021 
-0.288968129797 
-0.279899803245 
-0.265361211598 
-0.415885143573 
-0.352389675505 
-0.304425650600 
-0.371994433080 
-0.297648845025 
-0.143024650375 
-0.201931640003 
-0.122129672672 
-0.037847143250 
-0.170034457777 
-0.029649090241 
0.034859904490 
0.044059872267 
0.064483990941 
0.085424909587 
0.053610050751 
0.228474068875 
0.364006730315 
0.320702257485 
0.135293635387 
0.146323722085 
0.179066311296 
0.190208489892 
-0.095942414503 
0.030667736059 
0.001519527583 
0.115041821601 
0.288230526510 
0.315683853178 
0.264846026970 
0.168167816871 
0.063721070845 
0.010095661011 
0.181335118975 
0.125390737640 
0.058393892080 
0.036053555094 
0.018341278702 
-0.129452122724 
-0.275253561677 
-0.276335853629 
-0.162660181203 
-0.193283630833 
-0.034335200232 
-0.130232402933 
-0.132703606081 
-0.282653209768 
-0.389754224108 
-0.282765802842 
-0.253865629990 
-0.168954863523 
-0.125315633361 
0.048201828268 
-0.023496473493 
-0.030414900062 
-0.066529600712 
-0.181490935258 
-0.154691475848 
-0.392326639865 
-0.268771352704 
-0.335219175419 
-0.346189821247 
-0.274430670344 
-0.308257329928 
-0.294370197645 
-0.323775970427 
-0.280247866762 
-0.318764684631 
-0.359569363424 
-0.206996753497 
-0.225711720257 
-0.280139005288 
-0.323207766478 
-0.292408586810 
-0.317186766721 
-0.379405156615 
-0.396826048486 
-0.307591463456 
-0.219372203785 
-0.085243532221 
-0.005931854841 
0.367295477355 
-0.016521756909 
0.084229157872 
0.054128926734 
-0.076073037264 
-0.155341524511 
-0.175716422560 
-0.232583631778 
-0.333083259335 
-0.363222226035 
-0.328481398512 
-0.146324567609 
-0.174773322004 
-0.147714754244 
-0.223858731702 
-0.203861547851 
-0.231270476917 
-0.221265998757 
-0.237266737859 
-0.239927562792 
-0.113892510496 
-0.119145063397 
-0.180830187832 
-0.169289424392 
-0.087825793194 
-0.012713718635 
0.005897589065 
0.021446039565 
-0.046426722271 
-0.024969675126 
-0.084658822224 
-0.093977510479 
-0.098374699592 
-0.083611116235 
-0.082957017946 
-0.138429314451 
-0.150903864364 
-0.104111287531 
-0.036923401606 
-0.022799533575 
-0.033984812268 
-0.112229625364 
-0.224257910718 
-0.227078517699 
-0.238771056045 
-0.357802232340 
-0.356262369691 
-0.359225876236 
-0.370289881826 
-0.370437687662 
-0.408522409314 
-0.407653473196 
-0.453012018378 
-0.335382780109 
-0.452629045084 
-0.317103767334 
-0.279942197943 
-0.252923005473 
-0.214183549820 
-0.065912327937 
-0.093233242594 
-0.229261686661 
-0.206159628326 
-0.250327462207 
-0.233232353704 
-0.216574606996 
-0.195715067473 
-0.136675578645 
-0.037082899247 
-0.094321218872 
-0.040553527925 
-0.049838171658 
-0.060675626012 
-0.142227972408 
-0.135350204663 
-0.157714696385 
-0.157404480152 
-0.119663553181 
0.019694947729 
-0.059958085975 
-0.053196493941 
-0.071359596351 
-0.018689647238 
-0.012827977103 
-0.005689069698 
0.006440292161 
-0.039015599209 
-0.046949259682 
-0.078650743477 
-0.100562916942 
0.004784754713 
-0.080097713698 
-0.187749475483 
-0.220877849983 
-0.160159106308 
-0.154064875814 
-0.114076909815 
-0.016217236616 
-0.044651201579 
-0.162118644811 
-0.182947387874 
-0.230136259163 
-0.259945822243 
-0.241937241242 
-0.293197576905 
-0.220174559694 
-0.380085619825 
-0.414453524320 
-0.465926218953 
-0.489323076433 
-0.398262540894 
-0.374236344894 
-0.406708809653 
-0.341403012104 
-0.386097983412 
-0.376262530918 
-0.262825377327 
-0.408492106215 
-0.418985507559 
-0.408968540039 
-0.442162231831 
-0.369518597098 
-0.353253578608 
-0.342853748761 
-0.399308898257 
-0.397993270544 
-0.311248576198 
-0.241580435582 
-0.427270230547 
-0.368612068597 
-0.393619372230 
-0.453596112537 
-0.509114319824 
-0.462516436711 
-0.448835368648 
-0.457333561828 
-0.458652722023 
-0.448346559008 
-0.458873268796 
-0.445208613747 
-0.397598569566 
-0.393413117087 
-0.411964732021 
-0.283595937659 
-0.309139157729 
-0.283975620368 
-0.342256470413 
-0.338757995960 
-0.330075416913 
-0.562999164508 
-0.419005471992 
-0.465067951490 
-0.503953388421 
-0.452115933430 
-0.483589050580 
-0.463571031856 
-0.471523351103 
-0.464848680334 
-0.470356790154 
-0.403433141867 
-0.434498130615 
-0.349622551401 
-0.452187362832 
-0.470685943105 
-0.460588085118 
-0.566762281938 
-0.488476148288 
-0.483258403863 
-0.437419983585 
-0.520099136135 
-0.298564557485 
-0.323819850319 
-0.372330844312 
-0.322450547001 
-0.294538278489 
-0.313733406182 
-0.120956069692 
-0.109944915771 
-0.019176660259 
-0.027424057993 
-0.063699794788 
-0.071296044685 
-0.048785105126 
-0.054725556075 
0.021030215578 
-0.015475356628 
-0.050420415882 
0.011433632508 
0.093824506702 
-0.037824388520 
-0.028380366281 
0.040430159862 
0.003321611839 
0.021066645154 
-0.085863511674 
-0.084734898649 
-0.068500888294 
-0.135327347159 
-0.146270896591 
-0.124088346868 
-0.015456671084 
0.110871792292 
0.180882492934 
-0.036813905307 
0.396624906367 
0.329141884882 
0.296817429971 
0.003714580226 
0.118462445253 
-0.155445227832 
-0.227724118858 
-0.231889077664 
-0.235260435118 
-0.123714206739 
-0.143249262552 
-0.167915174089 
-0.202127185678 
-0.176025967153 
-0.189026248587 
-0.264116381522 
-0.260746745425 
-0.200883943061 
-0.361411566729 
-0.362643755553 
-0.385290178933 
-0.334660072826 
-0.370107713729 
-0.427240269245 
-0.467638367117 
-0.411814456105 
-0.168835146233 
0.063406951725 
-0.136428205486 
-0.361766563557 
-0.332674106381 
-0.282863028267 
-0.524687397158 
-0.386722802905 
-0.329512491009 
-0.225402289807 
-0.119908944979 
-0.259873642627 
-0.407035588293 
-0.314667446241 
-0.347493371601 
-0.370692846686 
-0.281025906783 
-0.242879546853 
-0.292024013096 
-0.151777382501 
-0.310920029947 
-0.248158249656 
-0.100654100224 
0.093824751353 
0.150880981534 
0.125896037149 
0.055073478288 
-0.025038193548 
0.163769077137 
0.022884503304 
0.079401078899 
0.150143847329 
0.127619716399 
0.193978918814 
0.097978564888 
0.052753808220 
-0.169487053696 
-0.321037353214 
-0.200412430365 
-0.245877715732 
-0.162153920521 
-0.306524111080 
-0.274353251037 
-0.239656160716 
-0.427775274526 
-0.622873075482 
-0.470289862089 
-0.219091577163 
-0.088603679058 
0.133658588948 
-0.111352501778 
0.040934383958 
0.021933994976 
0.013093158712 
-0.047805572813 
-0.016975997704 
-0.080710119900 
-0.143748680532 
0.009064270074 
0.066582538480 
0.187240037741 
0.083910928308 
0.054079974111 
-0.074496467946 
-0.316409999306 
-0.175331238735 
-0.303573760320 
-0.190100699635 
-0.412638870022 
-0.112816985864 
-0.112613634186 
-0.275925819730 
-0.061395875606 
-0.218810968191 
-0.072852955656 
-0.238342898387 
-0.063824957551 
-0.171517766779 
0.054369502855 
0.058320207212 
-0.059973598007 
-0.029157396277 
-0.080712350176 
0.044249960881 
-0.060525161261 
-0.047628628505 
-0.079699632102 
-0.155540841933 
-0.157721367130 
-0.159090293293 
-0.080110420566 
-0.112122175634 
-0.500039384632 
-0.267982188631 
-0.459251861741 
-0.460308313510 
-0.451707324361 
-0.478368083886 
-0.438083637645 
-0.548248682725 
-0.454849259180 
-0.408392455059 
-0.506131506585 
-0.342193633407 
-0.467518403942 
-0.427767951528 
-0.349880630229 
-0.261837638504 
-0.332544152617 
-0.293870552498 
-0.366025242283 
-0.408234172169 
-0.466015710732 
-0.470983474147 
-0.489341455462 
-0.471424807763 
-0.468279896350 
-0.470315833077 
-0.415783564317 
-0.390227384363 
-0.396793009638 
-0.387554326935 
-0.355266049666 
-0.354543525577 
-0.411002457846 
-0.380066319081 
-0.395738897177 
-0.417093025300 
-0.438292252131 
-0.307987201154 
-0.216231003808 
-0.147138029108 
-0.177823756619 
-0.161650581172 
-0.152093914973 
-0.158178382580 
-0.034066437628 
-0.032097924027 
-0.027115422001 
-0.086170564141 
-0.154853172347 
-0.071072624345 
-0.084766535050 
-0.068017569725 
-0.096288516142 
-0.082395516363 
-0.185460613517 
-0.134891368221 
-0.193388662879 
-0.204340944145 
-0.214000306257 
-0.224622412970 
-0.249990421971 
-0.245231962630 
-0.330543833854 
-0.374606827238 
-0.357497347265 
-0.338043218175 
-0.321115539106 
-0.350045296907 
-0.299503977064 
-0.315918976646 
-0.294640249488 
-0.259902358463 
-0.238194287365 
-0.227250267312 
-0.313193548382 
-0.278997027552 
-0.349908374257 
-0.478344268572 
-0.389619363205 
-0.380900487923 
-0.389236297944 
-0.478138210743 
-0.439423280940 
-0.458599683056 
-0.476563459406 
-0.478604116066 
-0.499502039869 
-0.355176565726 
-0.368215578669 
-0.346495154039 
-0.356700314767 
-0.390386332670 
-0.423997576939 
-0.430125831442 
-0.444876482508 
-0.403643597411 
-0.432117830889 
-0.519084091928 
-0.556225106035 
-0.476977376191 
-0.475995380039 
-0.394725524899 
-0.317219800036 
-0.447106610315 
-0.434220938268 
-0.453517741617 
-0.506029218784 
-0.430597512606 
-0.512225657350 
-0.572893152251 
-0.404600306216 
-0.504131316659 
-0.653146173018 
-0.583028813955 
-0.518035285067 
-0.535100660914 
-0.573751529617 
-0.377788717427 
-0.179280003469 
-0.179838529413 
-0.180237110090 
-0.192821931929 
-0.191921332927 
-0.184778495983 
-0.311143023138 
-0.466646884099 
-0.341418483093 
-0.445029940348 
-0.459264700298 
-0.387714905084 
-0.378595718890 
-0.364345445216 
-0.459462113938 
-0.469009928480 
-0.491180344452 
-0.536825620242 
-0.485307627280 
-0.440867299746 
-0.395872793371 
-0.346622817597 
-0.184290412103 
-0.175607076330 
-0.232287448130 
-0.312942246340 
-0.298022008612 
-0.187103292466 
-0.336571141039 
-0.387256602041 
-0.462943337457 
-0.334311504239 
-0.282453311652 
-0.278059048392 
-0.298689622461 
-0.303552869754 
-0.213888653100 
-0.132869494334 
-0.173651516549 
-0.158528587539 
-0.109636644210 
-0.126315009484 
-0.097371813506 
-0.141099122605 
-0.123794397670 
-0.135858122430 
-0.166381997782 
-0.181105031898 
-0.268102432032 
-0.263752547128 
-0.263200626714 
-0.266813652313 
-0.332578401091 
-0.348902559188 
-0.296990726034 
-0.292006684587 
-0.301007676414 
-0.296870394203 
-0.332841605579 
-0.384988910478 
-0.377908029672 
-0.342859795276 
-0.280855974592 
-0.280749297235 
-0.311552899567 
-0.179073966700 
-0.205616482959 
-0.233592885718 
-0.266311747538 
-0.233693652299 
-0.309945533532 
-0.315186007378 
-0.310935752813 
-0.323939916626 
-0.308750972252 
-0.324636897537 
-0.317824788985 
-0.316334164397 
-0.264687242582 
-0.240070195410 
-0.289556628681 
-0.340509201515 
-0.355242930526 
-0.315071491420 
-0.299963812693 
-0.322024817987 
-0.316206665968 
-0.359357505885 
-0.421719479452 
-0.395057216589 
-0.421740986291 
-0.370347472594 
-0.181420799914 
-0.193477726673 
-0.166106182288 
-0.264387470392 
-0.262135840091 
-0.276522546325 
-0.321451275619 
-0.267777163199 
-0.237470326683 
-0.190519325509 
-0.167190688385 
-0.011876528147 
0.091539276416 
-0.095518146531 
-0.091369822974 
-0.037605891725 
-0.044317163722 
-0.314337783790 
-0.301602427563 
-0.256995795061 
-0.285999355171 
-0.288901679396 
-0.332005801886 
-0.289212279214 
-0.306047470182 
-0.311144459301 
-0.302902883847 
-0.297452022898 
-0.304606250184 
-0.299293293221 
-0.274623361834 
-0.250862480417 
-0.275331916481 
-0.279401843985 
-0.240500754770 
-0.173240228489 
-0.186743728507 
-0.189023910359 
-0.233407150662 
-0.297645633883 
-0.326260456772 
-0.315110273467 
-0.286001438195 
-0.314991331969 
-0.338775110237 
-0.305242789598 
-0.228145608713 
-0.247028363761 
-0.064275680446 
-0.240566812189 
-0.220037167499 
-0.190398799444 
-0.106544581734 
-0.094147458490 
-0.008276906550 
0.027741460168 
-0.240914907418 
-0.198699526550 
-0.211660133390 
-0.266650742511 
-0.248031730640 
-0.309833220397 
-0.277619370006 
-0.221295876830 
-0.228085828718 
-0.193021674047 
-0.173940193667 
-0.173929310256 
-0.284422202413 
-0.292541809667 
-0.333376084193 
-0.383055626284 
-0.354864917397 
0.289151842022 
-0.054544931180 
-0.197640418304 
-0.163468551650 
0.044762738221 
-0.006041755547 
0.124282189194 
-0.066597430466 
-0.077177138386 
-0.027773875329 
0.048109917133 
-0.231603209823 
-0.221725229268 
-0.355726678527 
-0.120131311622 
-0.229390991490 
-0.004931357911 
0.054774065887 
0.171895590489 
0.152831473079 
0.119049007553 
0.167202463443 
-0.167760159627 
-0.275051365385 
-0.245519777641 
-0.233837443286 
-0.259489324554 
-0.118863356254 
-0.187773630981 
-0.311332447137 
-0.330689135436 
-0.485693043080 
-0.338506831670 
-0.465035359213 
-0.106368684264 
-0.057102673858 
-0.136441388091 
-0.104026443601 
0.283939021601 
0.232719610008 
0.297880055510 
0.007167165105 
0.158681550800 
-0.001489306618 
0.134115876139 
-0.039741913496 
-0.147916792744 
-0.035295249501 
-0.097401428951 
-0.286986923278 
-0.010638569466 
-0.018222485544 
-0.028486210678 
-0.089345169133 
-0.147392556952 
-0.147415260674 
-0.201622377780 
-0.131997485228 
-0.170770301732 
-0.152539502536 
-0.053879755903 
-0.026886246348 
-0.130203635918 
-0.063545686273 
0.054437990057 
-0.027026891943 
-0.063634346521 
0.006989951807 
-0.157552122776 
0.006800509199 
-0.252412918761 
-0.318289030091 
-0.381400872606 
-0.315105202243 
-0.361983294984 
-0.378040751172 
-0.323972074517 
-0.329376621698 
-0.542961739907 
-0.334112274115 
-0.374158902856 
-0.282284549962 
-0.311063613275 
-0.380416301704 
-0.265137221414 
-0.299852188133 
-0.214245069418 
-0.231628964001 
-0.208002397613 
-0.257934662896 
-0.163411755102 
0.089865877891 
-0.192074903535 
-0.038849388948 
-0.085616549101 
-0.046917828354 
0.211518344915 
0.183699863238 
0.014664512946 
0.005456047266 
0.053696924433 
0.080617983146 
0.031392972792 
-0.132651740447 
-0.064851465785 
-0.242769230178 
-0.287036933906 
-0.278538845999 
-0.290051886844 
-0.405816407056 
-0.328096437480 
-0.315979730105 
-0.322152993805 
-0.472497588269 
-0.629794260388 
-0.491032493100 
-0.409471009857 
-0.499881174520 
-0.316658156335 
-0.167911875486 
-0.302254838082 
-0.176431199698 
-0.212721071473 
-0.203048191773 
-0.229364250523 
-0.252966488512 
-0.203033969267 
-0.381511225967 
-0.385979092501 
-0.295437965553 
-0.208708466000 
-0.443931092651 
-0.493053448984 
-0.423808209791 
-0.294434439982 
-0.318101932526 
-0.239367299243 
-0.189082983335 
-0.057249379780 
-0.160691238524 
-0.014226108663 
-0.145972704943 
-0.208493172511 
-0.150888034818 
-0.050257890723 
-0.028345256826 
-0.052673936044 
-0.096741119858 
0.109410964512 
0.121907575223 
0.117094474058 
0.181831684397 
0.010253548786 
-0.004193790921 
-0.045345635245 
-0.006714290008 
-0.006596244035 
0.030805927254 
0.001875685604 
-0.053391611770 
-0.102252837058 
-0.174372569359 
-0.084056911814 
-0.063563933306 
-0.093722337667 
-0.145935686666 
-0.049533092388 
-0.021841957777 
-0.012436372740 
0.013538720104 
0.109592056508 
0.034471246275 
0.099507920859 
0.043539098317 
0.035457176314 
0.014622366223 
-0.032424738488 
-0.128817022900 
-0.047022526579 
0.049030286722 
0.128964362385 
0.033588117449 
0.058906446991 
0.056957002950 
-0.014544346707 
-0.024078439405 
-0.010674681068 
-0.002313358732 
0.012869789614 
0.036183855244 
0.179154074999 
0.313313976525 
0.102727832513 
0.083316303235 
0.162861434265 
0.212314426707 
0.196372898569 
0.118258821232 
0.144245221659 
0.197321399693 
0.125462329761 
0.100790501029 
-0.159358608660 
-0.112699876138 
-0.128600691468 
-0.142703841732 
-0.160149965882 
-0.175960386226 
-0.218952163442 
-0.253262179210 
-0.222680156520 
-0.313365246984 
-0.304413831944 
-0.407884653016 
-0.430306870453 
-0.307428409765 
-0.348778771850 
-0.290380153533 
-0.299863130006 
-0.254228487588 
-0.297270956703 
-0.297382104899 
-0.264823317806 
-0.328845211679 
-0.337936895436 
-0.311290391529 
-0.351267374560 
-0.272886145107 
-0.256960959698 
-0.221265783574 
-0.205796145645 
-0.328890129651 
-0.316529698233 
-0.276561574650 
-0.323473862226 
-0.315885228024 
-0.286598356407 
-0.325595061618 
-0.312111348039 
-0.434574729340 
-0.429419731466 
-0.467608668353 
-0.448544835754 
-0.484987571116 
-0.461117219579 
-0.456277258546 
-0.394186194606 
-0.332918682998 
-0.299409963055 
-0.308261322020 
-0.343316903114 
-0.348344146829 
-0.435257283573 
-0.524471046560 
-0.544994372811 
-0.416360852943 
-0.610692949269 
-0.496866205672 
-0.592889994246 
-0.557876772659 
-0.466875025949 
-0.504962749079 
-0.443869416682 
-0.376224183879 
-0.362439943545 
-0.335326410226 
-0.343829755996 
-0.362684724210 
-0.387819831935 
-0.299980894298 
-0.351316156121 
-0.358746741910 
-0.357717163124 
-0.409689864882 
-0.232432917485 
-0.269096996312 
-0.251056803145 
-0.237492597198 
-0.260888605899 
-0.229667327784 
-0.198913033827 
-0.206144728808 
-0.204436662956 
-0.180522921508 
-0.163304249970 
-0.157913847185 
-0.219590288140 
-0.136012853476 
-0.152537612939 
0.020666817047 
0.004037911479 
0.003379497684 
0.004588076148 
-0.006217880734 
-0.062677528046 
-0.026914552352 
-0.073357155888 
-0.009219951414 
0.035931218233 
0.010744766973 
-0.052237676675 
0.023583609522 
-0.135935926629 
-0.152393814496 
0.078130767846 
0.139518854497 
0.014086420701 
0.040317988486 
0.040317988486 
-0.016718986611 
-0.047035095566 
-0.035856735152 
0.023938842763 
0.018616965179 
-0.002563633917 
-0.047237246797 
-0.052926506932 
-0.106890578163 
-0.120322550262 
-0.162962714699 
-0.126173437251 
-0.168064585597 
-0.257160186036 
-0.324312847471 
-0.400715382298 
-0.424170898699 
-0.488024863750 
-0.502423294949 
-0.511695241388 
-0.528323134435 
-0.597795368425 
-0.656720309142 
-0.394602601625 
-0.516279807727 
-0.331595127831 
-0.336005879024 
-0.313145783359 
-0.338598336306 
-0.334001779661 
-0.380481512546 
-0.378791094158 
-0.453590612906 
-0.219468158327 
-0.295043638087 
-0.334455218765 
-0.424130606569 
-0.341920439080 
-0.440322891790 
-0.332576637269 
-0.386914207741 
-0.322899567392 
-0.341149406539 
-0.341412779567 
-0.346945405689 
-0.364302778136 
-0.355286178692 
-0.334946862451 
-0.322132108003 
-0.416195785200 
-0.283837090104 
-0.289973243248 
-0.272383993251 
-0.267884994525 
-0.243204993498 
-0.193807300561 
-0.170293949001 
-0.191840652221 
-0.244634335118 
-0.228387547507 
-0.245094905833 
-0.219222272464 
-0.171216885597 
-0.189807385151 
-0.170171461432 
-0.159083381982 
-0.116330288073 
-0.096921627836 
-0.102767847742 
-0.142200224879 
-0.159833976889 
0.024653654464 
0.065798826870 
0.029538533036 
-0.016570518644 
-0.016572391653 
-0.036458612530 
0.107820370177 
0.079977997369 
-0.006071879832 
-0.118817186662 
-0.135651089356 
-0.101239641482 
0.022849281532 
-0.051590408658 
-0.079801043425 
-0.065944031265 
-0.091112673104 
-0.110944328844 
-0.168215081894 
-0.283360505645 
-0.213594576000 
-0.196696242873 
-0.057803208390 
-0.036369177990 
-0.004829132279 
-0.273059182590 
-0.369956217964 
-0.324106564004 
-0.330284741670 
-0.329338426636 
-0.251022476611 
-0.212016110822 
-0.246324150982 
-0.209147703392 
-0.365221948281 
-0.252868190717 
-0.490270261994 
-0.313786834075 
-0.269091036021 
-0.017688012015 
-0.193715854994 
-0.125385627592 
-0.231675065566 
-0.157721565911 
-0.144268827897 
-0.136793419855 
-0.251594720829 
-0.379178386302 
-0.537136213393 
-0.478683089011 
-0.493062612556 
-0.345724617217 
-0.229901615971 
-0.335698842855 
-0.300907367219 
-0.285202910090 
-0.235279216355 
-0.237341915107 
-0.328618571970 
-0.350890555506 
-0.138289178093 
-0.126959486600 
-0.060182456897 
0.206999665277 
0.067563007806 
-0.008420779446 
0.021878931673 
0.039445111483 
-0.021214706227 
-0.143571216613 
-0.128850701845 
-0.117154457772 
-0.115211858824 
-0.106095289081 
-0.139347666467 
0.175956736588 
0.145373854581 
0.018667997462 
0.136837343547 
-0.025428403984 
0.111505001394 
0.280735739035 
0.131510083890 
0.094616848933 
0.027234593833 
-0.150962287846 
-0.151789603580 
-0.265258864282 
-0.381427872759 
-0.441088373827 
-0.340915184368 
-0.277228290791 
-0.122968098832 
-0.206104248319 
-0.274724429167 
-0.326372369000 
-0.314249266784 
-0.227979195399 
-0.114150513612 
-0.084150388000 
-0.033974770253 
-0.091234259285 
-0.168048678845 
-0.066751136572 
-0.059978966363 
-0.143166452250 
-0.238293888615 
-0.215229304323 
-0.205802397905 
-0.100372476545 
-0.145569501229 
-0.207977220283 
-0.323682122419 
-0.191412951896 
-0.162885690926 
-0.274399403212 
-0.118658708117 
-0.259576503734 
-0.324412876285 
-0.457102035269 
-0.473372444672 
-0.564762653566 
-0.370908728554 
-0.412576171265 
-0.364480978552 
-0.478056077349 
-0.405966254160 
-0.473982575551 
-0.356826543863 
-0.317385167604 
-0.140310166884 
-0.167296933820 
0.240355822675 
0.268707825594 
0.117525805974 
0.302176451848 
-0.023407266180 
-0.020520005479 
-0.016982458609 
-0.090609651631 
-0.201493207319 
-0.135326673864 
-0.038577874817 
-0.236544598934 
-0.294260879701 
-0.329337777226 
-0.370612437046 
-0.354005693824 
-0.364259031656 
-0.448288402565 
-0.450689375755 
-0.442342916879 
-0.503294587367 
-0.418691735799 
-0.455987142956 
-0.432974571257 
-0.451267991835 
-0.416649164042 
-0.463897946819 
-0.462783739197 
-0.416507111509 
-0.393110235502 
-0.330981794965 
-0.390340142095 
-0.366079364724 
-0.395971815591 
-0.406523572779 
-0.414480136749 
-0.390274806030 
-0.342427654208 
-0.370916820055 
-0.406552183284 
-0.384958384650 
-0.367794632438 
-0.361102087170 
-0.371234369166 
-0.378609251587 
-0.373727181057 
-0.302657170563 
-0.270352501176 
-0.276285641136 
-0.267552270668 
-0.279699948771 
-0.288302746356 
-0.278116972216 
-0.264389778543 
-0.281298524714 
-0.269814073428 
-0.263703097897 
-0.263176807165 
-0.315836953626 
-0.349510035317 
-0.378307225067 
-0.268238618376 
-0.296161195613 
-0.300581500507 
-0.369167471930 
-0.404119547370 
-0.402990129692 
-0.443983033700 
-0.478378565312 
-0.400421304370 
-0.444139172679 
-0.587354904304 
-0.393993479188 
-0.518850093813 
-0.544912333855 
-0.673707152390 
-0.679889303956 
-0.502623315031 
-0.367460024495 
-0.413028547461 
-0.499299456890 
-0.498226201441 
-0.561004360737 
-0.654370172322 
-0.505104507986 
-0.672795731648 
-0.476019906490 
-0.588924593826 
-0.345684961799 
-0.314352168556 
-0.474150961035 
-0.504780221820 
-0.420257932766 
-0.431362543951 
-0.464913936132 
-0.441881630838 
-0.452575341049 
-0.473206381612 
-0.451000666843 
-0.466957377667 
-0.454291589691 
-0.316728580145 
-0.311448947690 
-0.221345620230 
-0.217136035895 
-0.188714229670 
-0.090056425333 
-0.160102581723 
-0.128754375010 
-0.135738406066 
-0.120901869028 
-0.098365748066 
-0.083814902037 
-0.114185343835 
-0.141718646430 
-0.147124814624 
-0.159583520621 
-0.190780544419 
-0.140621059484 
-0.218993634642 
-0.218445611412 
-0.259198612007 
-0.215461209723 
-0.271513676358 
-0.271287924693 
-0.257615940475 
-0.134806042328 
-0.132594067960 
-0.102442655274 
-0.152026585922 
-0.115448754260 
-0.099019689586 
-0.054196634956 
-0.075254578021 
-0.012948664835 
0.130675349357 
0.067993167664 
0.068925110024 
0.005821375468 
0.015957274788 
-0.078737844891 
-0.063820880268 
-0.116502768085 
-0.173511668931 
-0.041333000146 
0.059556624837 
-0.029185629110 
0.012433898473 
0.045713095538 
0.001425638059 
-0.016376967411 
-0.190667047086 
0.048212198274 
-0.126378727165 
-0.029828092169 
-0.018135883590 
-0.090212621657 
-0.040215912323 
-0.146265267881 
-0.179123492021 
-0.294297034347 
-0.065868824898 
-0.143207776296 
-0.156262597319 
-0.136709602501 
-0.278656092927 
-0.244371384927 
-0.150231220719 
-0.320018960191 
-0.365958022549 
-0.460980647597 
-0.263824078995 
-0.377607725946 
-0.398182320393 
-0.554632137188 
-0.608748846751 
-0.510096751576 
-0.483759618550 
-0.524876758939 
-0.516603626555 
-0.627481923309 
-0.458420195920 
-0.375623860382 
-0.428115235284 
-0.357928896866 
-0.423642359765 
-0.451981209355 
-0.436106955207 
-0.396463361631 
-0.441568656767 
-0.425512497070 
-0.558425789546 
-0.421311261896 
-0.425127315927 
-0.325003847606 
-0.421821767788 
-0.443632524016 
-0.376069100783 
-0.278897099508 
-0.183014514125 
-0.283252213212 
-0.322968927032 
-0.227947761083 
-0.231860576190 
-0.263768208971 
-0.272814114375 
-0.313352616796 
-0.358473075154 
-0.307168641719 
-0.264918468719 
-0.235076215281 
-0.250960702156 
-0.265756539214 
-0.248237606915 
-0.209689964457 
-0.229432227455 
-0.181970412255 
-0.173430292760 
-0.283530520446 
-0.229603526811 
-0.079353729988 
-0.070657818019 
-0.110190372084 
0.014032343503 
0.018656226556 
-0.071178506141 
0.128973298520 
0.310742245944 
0.282812996488 
0.223335347345 
0.238517891852 
0.240384171904 
-0.028919280026 
-0.029564595405 
-0.030515482710 
-0.043781181939 
-0.024205322488 
-0.007302945668 
0.025030281567 
0.048582061383 
0.121335011829 
0.111957681754 
0.180880704871 
0.156885773693 
0.188876751999 
0.155608425207 
0.146781052837 
0.070954509363 
-0.041374701773 
-0.172895752941 
-0.184094003464 
-0.213445057188 
-0.218623498980 
-0.035356793179 
-0.038672278552 
0.004895880445 
-0.145182610756 
-0.278805663048 
-0.241141644610 
-0.275525306332 
-0.245576055308 
-0.299170172680 
-0.307712451506 
-0.573245504682 
-0.427885558964 
-0.334913623210 
-0.210682993824 
-0.284923884000 
-0.471845254210 
-0.434829858875 
-0.406280373109 
-0.282095911953 
-0.178434965226 
-0.226173395008 
-0.206043472669 
-0.150098058511 
0.067279355824 
-0.007954340650 
-0.019627510591 
0.064107159866 
0.069686015872 
-0.046510704646 
0.016095690630 
0.149954088457 
0.041817607701 
-0.043964752443 
-0.017886542656 
-0.020584892638 
-0.107946294137 
-0.114430698342 
-0.061375754504 
0.045644136272 
0.048738350897 
-0.040688783804 
-0.023561132687 
-0.038112591734 
-0.052204285420 
0.016795210135 
-0.248586027574 
-0.339203836516 
-0.370962738727 
-0.178218293168 
-0.134320529960 
-0.093780406009 
-0.104456398929 
-0.198231502640 
-0.071945542205 
0.082792802014 
0.053071420559 
-0.005206397291 
0.032032809865 
-0.000287617037 
-0.059315448407 
-0.122605582884 
-0.185681905799 
-0.287693304444 
-0.338259813391 
-0.489020284270 
-0.411032085267 
-0.399683509098 
-0.281020630757 
-0.246136728330 
-0.245543165229 
-0.021640989252 
-0.101158965908 
-0.092864891206 
-0.062967852566 
-0.074212284364 
-0.076462460640 
-0.217602407638 
-0.256536357105 
-0.456213535802 
-0.492217472300 
-0.593775901085 
-0.604041116333 
-0.480585686984 
-0.480459980585 
-0.461347694648 
-0.468450908404 
-0.453211925502 
-0.334722486002 
-0.233647393314 
-0.125059782305 
-0.037847130268 
0.103219172952 
0.028918087029 
0.029145393730 
0.211887391001 
0.229486701085 
0.237022084875 
0.030155951904 
-0.068265967106 
0.039889484963 
0.106474987493 
0.277706007956 
0.169992291480 
0.172778821701 
0.084553463908 
-0.029696501507 
0.142083853191 
0.018116891454 
-0.140065311341 
-0.177679592237 
-0.260301746527 
-0.217771083981 
-0.112808528059 
-0.235062238990 
-0.286226717853 
-0.438828741124 
-0.357955813152 
-0.362725214712 
-0.378401908523 
-0.293498960751 
-0.282130854373 
-0.203677409695 
-0.192165004884 
-0.208076044811 
-0.152297656811 
-0.120982591743 
0.009308478942 
-0.107947037317 
-0.050209991834 
0.004548039846 
-0.007816370545 
0.139769742229 
0.083128044243 
0.163280662310 
0.100566492359 
0.102537209454 
0.297876971088 
0.247463479263 
0.116245585295 
0.128807957438 
0.100196687669 
0.045300579368 
-0.116131093456 
0.021513143163 
0.035733753827 
0.075594559326 
0.062668269435 
0.169303324957 
0.068871435310 
0.143353646510 
-0.045922421271 
-0.064911284996 
-0.227664423127 
-0.262549891437 
-0.186236268962 
-0.170690782755 
-0.200815673394 
-0.140165697664 
-0.053988939485 
0.288094856971 
0.048712176531 
0.035370315758 
-0.018721717722 
-0.000748056560 
-0.119520109226 
-0.086331184400 
-0.043507473998 
-0.176576658733 
-0.217105081773 
-0.239835917604 
-0.313164281219 
-0.398877978812 
-0.365219884387 
-0.358394542262 
-0.386535902760 
-0.363264646907 
-0.344822159997 
-0.325806278766 
-0.328903069305 
-0.294424959044 
-0.299490892927 
-0.307771106609 
-0.334475041827 
-0.327423812614 
-0.306553938013 
-0.342232800586 
-0.326551456814 
-0.297976470263 
-0.300742798986 
-0.278055621055 
-0.278246798728 
-0.265524757577 
-0.221997615452 
-0.193171249034 
-0.111307150109 
-0.103035590367 
-0.093086954968 
-0.140724126441 
-0.196705897377 
-0.224930208527 
-0.203284103949 
-0.189017073858 
-0.175957526117 
-0.187594290421 
-0.333898266790 
-0.286476314175 
-0.335905396587 
-0.186585485553 
-0.255780832709 
-0.353221651636 
-0.174336542115 
-0.287302716879 
-0.401592753849 
-0.356421933123 
-0.346539589978 
-0.355314704166 
-0.366096981897 
-0.405017099941 
-0.505935638901 
-0.397762846863 
-0.420360071603 
-0.412014089919 
-0.368477370332 
-0.367151526608 
-0.328338367030 
-0.272269318809 
-0.263138315990 
-0.412399175301 
-0.571011361523 
-0.452426660159 
-0.509723512454 
-0.459186770774 
-0.462547027749 
-0.351559125758 
-0.452306606826 
-0.456221633373 
-0.247726730299 
-0.317091455987 
-0.293335637709 
-0.239439049644 
-0.229473939924 
-0.217797236246 
-0.264357581115 
-0.227612716142 
-0.291642108104 
-0.248087599786 
-0.182278265824 
-0.120211024764 
-0.033826350948 
-0.039940665753 
-0.008423468208 
-0.031928494303 
-0.000120199399 
-0.016562309517 
-0.039652762213 
-0.075821252931 
-0.123992974290 
-0.162301348883 
-0.210105480285 
-0.211368241012 
-0.183411486140 
-0.184518627384 
-0.180068864244 
-0.184981689444 
-0.208159823360 
-0.263844080127 
-0.273160727844 
-0.209953666066 
-0.215105993802 
-0.090790164333 
-0.082657125658 
-0.045367107483 
-0.130982854802 
-0.014062489829 
-0.085408214945 
-0.220839618475 
-0.184955463592 
-0.124933910240 
0.021049369768 
-0.015328299416 
0.091978125646 
0.148586006566 
0.112883053032 
0.073322887273 
0.033583025460 
0.014198814825 
-0.003151847040 
-0.032780220923 
-0.105679484024 
-0.379482364973 
-0.379705889629 
-0.296449434243 
-0.275643409347 
-0.391235937586 
-0.401377578566 
-0.303852693017 
-0.371237912063 
-0.387758015815 
-0.442088566359 
-0.416136906262 
-0.421212852496 
-0.224590115704 
-0.069167869151 
-0.128025122964 
-0.151598908460 
-0.173508951885 
-0.178516305601 
-0.195173804005 
-0.220902709931 
-0.249275305772 
-0.288566928160 
-0.304751748567 
-0.273331706013 
-0.279685674958 
-0.161254387122 
-0.138385705182 
-0.174031748491 
-0.118440357279 
-0.153177279642 
-0.180625568755 
-0.069754571542 
-0.063932178038 
-0.090908774670 
-0.211412552382 
-0.313127637215 
-0.346566199136 
-0.350549546826 
-0.336787581259 
-0.342576919489 
-0.343673051772 
-0.365616255670 
-0.275751980805 
-0.280729317963 
-0.274750054141 
-0.317478975142 
-0.309289978940 
-0.326412860950 
-0.374350677159 
-0.364168252992 
-0.325034678957 
-0.460119789230 
-0.470784600237 
-0.470406785064 
-0.540901198410 
-0.531968995011 
-0.499237311609 
-0.526346201203 
-0.539527974093 
-0.526607137477 
-0.421780067891 
-0.440438495143 
-0.433506533838 
-0.336970190195 
-0.300305747614 
-0.238337932677 
-0.254349004984 
-0.252988161571 
-0.166253300025 
-0.198390340994 
-0.166509237176 
-0.077131213736 
-0.078159300827 
-0.059713530726 
-0.106421595964 
-0.130411004372 
-0.318008466121 
-0.272005218373 
-0.267246210388 
-0.264273119545 
-0.340147808465 
-0.331524019128 
-0.339508445553 
-0.331396952495 
-0.347794258911 
-0.290566411645 
-0.357681888198 
-0.402753836678 
-0.348178965004 
-0.464544807677 
-0.583179869649 
-0.495299927177 
-0.408899000121 
-0.459456001246 
-0.380645416865 
-0.351544144016 
-0.458803439376 
-0.459803579803 
-0.518599690240 
-0.405235664575 
-0.250589413926 
-0.139025683869 
-0.114388863300 
-0.036438795283 
-0.120668989269 
-0.181184472357 
-0.179009606818 
-0.086681341593 
-0.064874005808 
0.128825643390 
0.097386365755 
0.027570030353 
-0.123058231346 
0.007647718813 
0.008015608408 
-0.023367598841 
-0.009128305148 
-0.023427971026 
-0.048004590833 
-0.017552985868 
-0.111905138510 
-0.161733112588 
-0.101295941952 
-0.150510982300 
-0.185633580759 
-0.128479507920 
-0.105632189650 
0.125188326112 
-0.049330134552 
-0.159640944638 
-0.036298675107 
-0.206020233853 
-0.428239250646 
-0.304585743605 
-0.452904571409 
-0.355930967052 
-0.283540867868 
-0.286397816776 
-0.351609488122 
-0.352608091256 
-0.171918982461 
-0.297212538940 
-0.306959132601 
-0.220669190329 
-0.234953938233 
-0.261291426756 
-0.171824286598 
-0.111152168530 
-0.132826219475 
-0.196927879817 
-0.143180059457 
-0.034890889094 
-0.317432678752 
-0.294791025818 
-0.419175573934 
-0.151862009059 
-0.275908752820 
-0.449781418273 
-0.481833473724 
-0.504999319616 
-0.342700820297 
-0.379501850365 
-0.432732940527 
-0.430041297193 
-0.300567097725 
-0.416782105406 
-0.502778192166 
-0.301040113699 
-0.283148551904 
-0.258327129471 
-0.310774230987 
-0.275108028819 
-0.303824737963 
-0.384681536923 
-0.320851471204 
-0.431547956779 
-0.488187999491 
-0.319208788771 
-0.309581011276 
-0.327450257384 
-0.282638838900 
-0.309803009547 
-0.434825195007 
-0.362145515799 
-0.362182241779 
-0.393926819647 
-0.218740224330 
-0.305157032669 
-0.447349375485 
-0.442838534578 
-0.280555535077 
-0.311219632374 
-0.318000972446 
-0.330572873212 
-0.323059980948 
-0.342689310514 
-0.224580756110 
-0.208242956188 
0.005966732464 
-0.046726350383 
0.006952339098 
0.006546632031 
0.141153166561 
-0.110468076918 
-0.011947814995 
-0.019591619359 
-0.072555125390 
0.126012702505 
0.045591716612 
0.053590625802 
0.022787097143 
-0.007006104109 
0.068554765916 
0.039206359006 
0.059394280645 
-0.076299769134 
-0.004122471301 
-0.000376957290 
-0.003837370852 
-0.099415362030 
-0.113234108203 
0.033699018941 
0.135056291336 
-0.003225143875 
-0.121268187570 
-0.163724920391 
-0.416039369339 
-0.428660307976 
-0.430365482453 
-0.399926638864 
-0.318219694427 
-0.332446134795 
-0.504408064735 
-0.464508037819 
-0.470902427392 
-0.415193555408 
-0.401756664819 
-0.408663431749 
-0.402178368024 
-0.441513983294 
-0.493095016879 
-0.504591362894 
-0.584272298598 
-0.550543423600 
-0.581567250195 
-0.553613521992 
-0.562049095004 
-0.489718220292 
-0.516560008567 
-0.356473989679 
-0.375396518542 
-0.369418098150 
-0.387497542422 
-0.365609347969 
-0.362431471780 
-0.325277899664 
-0.428333876591 
-0.572678018884 
-0.480698843510 
-0.519831931718 
-0.418858049262 
-0.502259553966 
-0.478230036673 
-0.497704392191 
-0.495276455852 
-0.428307058127 
-0.452684249346 
-0.393254987009 
-0.400387545623 
-0.413420843331 
-0.254600965825 
-0.249360752725 
-0.288693154972 
-0.370131545648 
-0.375940291674 
-0.299687570175 
-0.298035773772 
-0.224926299606 
-0.213158144721 
-0.185549733093 
-0.174551202087 
-0.180740383192 
-0.119887686822 
-0.082322911141 
-0.072607234059 
-0.185396758631 
-0.206368327843 
-0.262112726763 
-0.329439174942 
-0.290747468627 
-0.135023014756 
-0.149703729532 
-0.114084893696 
-0.179908624318 
-0.152752571048 
-0.087531653567 
-0.117409436269 
-0.101249810711 
0.046468936964 
0.047217551622 
0.046915115859 
-0.012070302081 
0.021339663949 
0.000029227167 
0.064526071116 
0.000484823884 
0.071816963453 
0.138365647661 
0.202410157019 
0.172986839825 
0.332114816293 
0.212945433729 
0.179387264958 
0.199201660482 
0.227524037384 
0.194773812300 
0.181999855879 
0.171228579353 
0.102405386338 
0.075779176444 
0.145838093570 
0.131287077792 
0.151931751732 
0.151607511610 
0.173802297045 
0.215922352388 
0.125929240926 
0.104232863724 
0.224239081311 
0.225001172627 
0.269645821824 
0.185633355430 
0.127181645263 
0.107804580337 
0.089851654740 
0.091665058651 
0.073135665412 
-0.041730736385 
-0.096441435946 
-0.026347327817 
-0.113820163161 
-0.185532563798 
-0.228027849689 
-0.262405205265 
-0.298379455521 
-0.326611014220 
-0.313486253744 
-0.307613506529 
-0.308337766696 
-0.253582768227 
-0.225219087802 
-0.157444780879 
-0.050985039297 
0.018735372691 
0.020997007275 
-0.046224620564 
-0.134263496920 
-0.090511053158 
0.060547282974 
-0.005479470426 
0.045784798850 
0.132133440163 
0.103114999294 
0.038282485055 
-0.067015375854 
0.076545278119 
0.025704339142 
-0.073494107732 
-0.065241147171 
-0.075174227431 
-0.082182456626 
0.057324663877 
0.113766668653 
0.178820848203 
0.145002293739 
0.121755725367 
0.077246093551 
0.118976787048 
0.081677032502 
0.096150207611 
0.066588853380 
0.034811665220 
0.031839981552 
-0.043731111011 
-0.071380142177 
-0.129830950853 
-0.127472342462 
-0.153133770418 
-0.329299253165 
-0.331200593109 
-0.536532010416 
-0.554881677816 
-0.555686311306 
-0.490975206144 
-0.441104467416 
-0.512063422665 
-0.541764529024 
-0.451523806463 
-0.446515563153 
-0.466786805644 
-0.412312267078 
-0.514529997340 
-0.568995827056 
-0.568995827056 
-0.558274999369 
-0.570362314673 
-0.547471490207 
-0.483295911586 
-0.501873197490 
-0.533632782328 
-0.436883905570 
-0.429910353757 
-0.551571477279 
-0.464847423008 
-0.395761635808 
-0.465591031284 
-0.285804748195 
-0.294775869201 
-0.287661802668 
-0.329367293011 
-0.365111874252 
-0.290720479619 
-0.278476485214 
-0.517793545416 
-0.508853020268 
-0.519416213141 
-0.545824388405 
-0.615891106856 
-0.613144398432 
-0.561411943816 
-0.393150644385 
-0.431487702051 
-0.340985331033 
-0.171640244701 
-0.183745949710 
-0.179787602225 
-0.345065050050 
-0.378744644786 
-0.428663590238 
-0.412198173875 
-0.445799058261 
-0.362771580811 
-0.443003236983 
-0.417152589433 
-0.530268166698 
-0.390637424288 
-0.294151589683 
-0.301566514427 
-0.251800790365 
-0.193067400737 
-0.226206314744 
-0.275930140586 
-0.183692255716 
-0.171972004540 
-0.192292714363 
-0.186530357445 
-0.203712090950 
-0.210945314142 
-0.194025256283 
-0.271314129219 
-0.295948223661 
-0.464494254119 
-0.336162476137 
-0.214770477590 
-0.232236958850 
-0.337381076223 
-0.134182682064 
-0.205630977406 
-0.247425439766 
-0.344879355691 
-0.379851692286 
-0.378637402961 
-0.356424596814 
-0.131336142873 
-0.090767975249 
-0.106128338829 
-0.239545229380 
0.037607370833 
-0.107134128863 
0.071881585801 
-0.097652330182 
-0.289705029416 
-0.317498418392 
-0.296251377222 
-0.394501142846 
-0.411971158056 
0.063707846087 
-0.230007432397 
-0.250498061797 
-0.308425166895 
-0.241052768220 
-0.142261033336 
-0.274571241536 
-0.305170681670 
-0.281122166183 
-0.222261098272 
-0.241908175943 
-0.170763637151 
-0.173214229811 
-0.058301075986 
-0.161905417831 
-0.241323268933 
-0.411180801713 
-0.270188972574 
-0.302329606353 
-0.477550480443 
-0.518895375239 
-0.502295130550 
-0.521176428013 
-0.493893109725 
-0.451286075130 
-0.363840156787 
-0.458815531249 
-0.540382619559 
-0.537064492574 
-0.481785249326 
-0.525344223162 
-0.579295096770 
-0.347045478538 
-0.381983762780 
-0.234787692495 
-0.290010655789 
-0.393684507230 
-0.300637594241 
-0.287527368581 
-0.120216631393 
-0.098689770686 
0.083019056531 
0.211161777353 
0.048275946207 
-0.056908764038 
-0.045454859856 
-0.057291718991 
0.057620257749 
0.049326117917 
0.041556145831 
0.041107316294 
0.003724123212 
0.129805441568 
-0.131947648372 
-0.105256644766 
-0.091126379245 
-0.012876386625 
0.099971518133 
0.025046169866 
-0.006687496204 
-0.149248316665 
-0.121699983807 
0.105400690484 
-0.342306836975 
-0.409698756361 
-0.418066016404 
-0.415187025012 
-0.383315426986 
-0.615953818187 
-0.541987943596 
-0.481182532416 
-0.522715220532 
-0.227699758552 
-0.247228148491 
-0.076283582975 
-0.177144752030 
-0.340538006059 
-0.340778389305 
-0.527646271621 
-0.468065888686 
-0.469702800676 
-0.142761234691 
-0.115086624461 
-0.065712707109 
-0.120336419245 
-0.053911395111 
-0.102612154973 
-0.135582554984 
-0.158321497844 
-0.233999978178 
-0.160442893524 
-0.309229415300 
-0.278039620985 
-0.375932503047 
-0.377602601483 
-0.216084190407 
-0.254667488500 
0.130342002254 
0.205081756375 
0.067764640972 
-0.205339960610 
-0.399837922496 
-0.506947616830 
-0.532737325012 
-0.512029222192 
-0.397179272394 
-0.515959979757 
-0.250758228027 
-0.356751893781 
-0.243497599259 
0.018419181302 
-0.089991746179 
-0.436900664415 
-0.262855601701 
-0.293346721325 
-0.326585762767 
-0.284671569920 
-0.282081431180 
-0.306353807742 
-0.239665906415 
-0.238909537908 
-0.140856645151 
-0.158802351796 
-0.282253302690 
-0.187866575111 
0.021874479858 
0.119246806281 
0.024660790385 
-0.088230731797 
0.068082061321 
0.167719451347 
0.305582687534 
0.324239262775 
0.387744174643 
0.331434458456 
0.001791784182 
0.049826064503 
-0.062016809521 
-0.090020171963 
0.030875293163 
-0.015406134094 
-0.146129532745 
-0.197544184457 
-0.266989339701 
-0.266831629571 
-0.289608447637 
-0.351803433636 
-0.488983140884 
-0.445742244783 
-0.465576913302 
-0.449436977970 
-0.435123944360 
-0.418645746345 
-0.378581432891 
-0.387356296888 
-0.455454695130 
-0.466564871147 
-0.386844477842 
-0.293596284254 
-0.197320145973 
-0.205746241408 
-0.074457504528 
-0.205829721277 
-0.331416830042 
-0.203044451693 
-0.124130412560 
-0.435518894139 
-0.466950702574 
-0.424712148010 
-0.482478835677 
-0.550636660792 
-0.580920353539 
-0.485962108092 
-0.484190033727 
-0.423320872118 
-0.564177484521 
-0.586619255544 
-0.334631905217 
-0.489706711004 
-0.310104363004 
-0.197724758317 
-0.190868461993 
-0.138279745591 
-0.171190164748 
-0.209910076156 
-0.175318122003 
-0.189680664599 
-0.251920385632 
-0.275688814499 
-0.543724032292 
-0.351192402972 
-0.415469240201 
-0.502644435193 
-0.523036357903 
-0.424223264532 
-0.444075467107 
-0.335486573232 
-0.438355892932 
-0.412210729585 
-0.279744183864 
-0.202865920473 
0.106643519193 
0.109528559787 
0.179951463701 
-0.133051639433 
-0.204162606198 
-0.397903742235 
-0.323616618945 
-0.304045297965 
-0.244019567265 
-0.214173621576 
-0.151970244649 
-0.089745158197 
-0.203766080240 
-0.124675018803 
-0.531817044251 
-0.370299796809 
-0.402415026945 
-0.556223146155 
-0.490546740718 
-0.534519555757 
-0.607567964564 
-0.618450028687 
-0.439722860075 
-0.594535354440 
-0.614091781216 
-0.611895004071 
-0.483356622350 
-0.495617674222 
-0.567242225791 
-0.533498988030 
-0.539276937323 
-0.527638866888 
-0.586765171909 
-0.612650816741 
-0.552358403387 
-0.668348422575 
-0.618739862898 
-0.433322851959 
-0.412956080188 
-0.478217515172 
-0.342343797191 
-0.337435484931 
-0.267788880347 
-0.219502197675 
-0.229691236259 
-0.320147777566 
-0.281008304765 
-0.426448530349 
-0.486409868308 
-0.514043250139 
-0.425291510591 
-0.538163298674 
-0.460156148777 
-0.490385188095 
-0.460470415244 
-0.518340478970 
-0.555565448654 
-0.528874123516 
-0.528446696384 
-0.535014202293 
-0.531074401382 
-0.523845044643 
-0.525853265986 
-0.530514541348 
-0.459570435184 
-0.404612499689 
-0.494243042377 
-0.262495284195 
-0.251888373131 
-0.152390767679 
-0.123903204220 
-0.011794881898 
-0.092961683132 
-0.087113600122 
-0.006165309124 
-0.054742776342 
-0.053584833392 
-0.084664356069 
-0.199239807483 
-0.191294746049 
-0.206961447961 
-0.175158440347 
-0.124386737834 
-0.085787628949 
-0.135276080170 
-0.103453243140 
-0.164901728677 
-0.128760974349 
-0.178531525932 
-0.209069490350 
-0.183270659271 
-0.169128180065 
-0.166227945898 
-0.173944498132 
-0.157764056034 
-0.149014464074 
-0.127754542235 
-0.156146168067 
-0.192951297605 
-0.064157093853 
-0.104684369030 
-0.009734313102 
-0.020180888484 
0.059606673447 
0.039338463581 
-0.063080225660 
-0.167668888647 
-0.131807817761 
-0.223580342628 
-0.352544402123 
-0.357410067158 
-0.368139506857 
-0.357399797220 
-0.357152646885 
-0.369792344769 
-0.361794090784 
-0.413065078890 
-0.521552976161 
-0.511249487011 
-0.563437651397 
-0.449421159812 
-0.253051670240 
-0.190422774337 
-0.318401063125 
-0.276905812455 
-0.272299944931 
-0.284248604676 
-0.254468177448 
-0.264207994629 
-0.257126225593 
-0.278745528553 
-0.305624778013 
-0.315932477869 
-0.348779818898 
-0.208338036510 
-0.193112280688 
-0.217702215013 
-0.428524281936 
-0.397193300055 
-0.509479391035 
-0.465363266555 
-0.471698089319 
-0.449990406159 
-0.511470127967 
-0.504207491537 
-0.559993112374 
-0.480371802836 
-0.487719092703 
-0.577993492712 
-0.442445425334 
-0.312509439015 
-0.453585118624 
-0.401535485444 
-0.484567597733 
-0.452291175291 
-0.511770171104 
-0.523744984252 
-0.466281377800 
-0.369562116150 
-0.027162771641 
-0.013704272577 
-0.076454514244 
-0.038047282962 
-0.134060168126 
-0.122753422131 
-0.187325635740 
-0.011415890285 
-0.303127092810 
-0.176825231214 
-0.296608045658 
-0.411573619320 
-0.303755383805 
-0.378747866213 
-0.008955046614 
-0.043647941554 
-0.036252020335 
-0.160382460953 
0.036321817274 
0.103540419898 
-0.186535465195 
-0.149104109944 
-0.202261548566 
-0.212261072764 
-0.101950257962 
0.006083317863 
0.045659567295 
0.014521623930 
0.018458309500 
0.110949316365 
-0.027996166360 
-0.156687370576 
-0.206956442821 
-0.110978887814 
-0.038331109672 
-0.032528453773 
-0.074723774593 
-0.116473227226 
-0.075874128677 
-0.056449699871 
-0.047647917412 
-0.088047196768 
-0.185312555608 
-0.129796263732 
-0.190445422912 
-0.135858012105 
-0.181193037847 
-0.169488179309 
-0.148538718873 
-0.129291122777 
-0.237529164713 
-0.230046195157 
-0.448188046578 
-0.141893179465 
-0.209428767810 
-0.518761367292 
-0.286046829086 
-0.176559812432 
-0.256118138718 
-0.263346208805 
-0.348574463730 
-0.231322138617 
-0.219100257764 
-0.181284827193 
0.025950178266 
-0.077773635387 
-0.120610946533 
-0.202029388966 
-0.411653821200 
-0.401132658158 
-0.447857590969 
-0.525303392093 
-0.381562601345 
-0.208865976633 
-0.267418841890 
-0.216766189969 
-0.177024232326 
-0.275315711855 
-0.303830828682 
-0.291145839190 
-0.193312359523 
-0.274647257941 
-0.447896880834 
-0.452423831897 
-0.339289043824 
-0.149400576207 
-0.128747048383 
-0.157641542593 
-0.138244570122 
-0.110956035101 
-0.139558610825 
-0.137464650257 
-0.153736909810 
-0.203079156328 
-0.269884289345 
-0.252744816227 
-0.060141761913 
-0.232357576010 
-0.221584387391 
-0.220331424304 
-0.113443477220 
-0.272508679093 
-0.166323442848 
0.092485902515 
0.103676121877 
-0.156032022749 
-0.114717470157 
-0.010310543402 
0.066539265014 
0.185597458768 
0.269145077570 
0.242522242780 
0.086111758567 
0.232490110040 
0.262392255581 
0.289440137168 
0.369383783465 
0.294944924820 
0.090096398770 
0.206336593922 
0.164698901424 
-0.118068574644 
-0.106728153022 
-0.363291993804 
-0.387089768216 
-0.289311661691 
-0.159385605649 
-0.321944754742 
-0.325795348949 
-0.380925336478 
-0.383761778746 
-0.204466388020 
-0.077131103086 
-0.182098248339 
-0.193229252440 
-0.199192801493 
-0.212392993023 
-0.183703523449 
-0.200103682612 
-0.154339040951 
-0.190772661729 
-0.158190450822 
-0.170738258411 
-0.309899429227 
-0.328895259837 
-0.245201116898 
-0.307641039160 
-0.316204181141 
-0.278017326314 
-0.344449013481 
-0.337910772101 
-0.328918639377 
-0.306739420988 
-0.309579965026 
-0.304448325674 
-0.345187212297 
-0.360769618106 
-0.354511006020 
-0.381345931600 
-0.401752305663 
-0.376604250431 
-0.234112304080 
-0.223937552526 
-0.228478480311 
-0.266347635628 
-0.263390063614 
-0.265469343443 
-0.251656340279 
-0.288164015145 
-0.273884863061 
-0.224367393999 
-0.186090193064 
-0.233952564594 
-0.258766727939 
-0.251121276444 
-0.169850665603 
-0.178260351381 
-0.212240874488 
-0.125117956596 
-0.140135350741 
-0.151065469546 
0.012260886830 
0.009828988988 
0.009202486301 
-0.053364116842 
0.052787418536 
0.045387523241 
0.008876239462 
0.117321995022 
0.069917385571 
-0.052172840780 
-0.005481992347 
0.013159039628 
-0.030880653061 
-0.048972521222 
-0.082926752619 
-0.238850301006 
-0.226562337252 
-0.165406177458 
-0.142605523620 
-0.254797846867 
-0.235847630972 
-0.261257539615 
-0.327497664274 
-0.345560828181 
-0.413145544565 
-0.431117077943 
-0.129638439694 
-0.155430195162 
-0.102085240777 
-0.130679086692 
-0.161728048972 
-0.061252740039 
-0.076400081764 
-0.239637719339 
-0.182795166733 
-0.222343832918 
-0.362585781963 
-0.295566928658 
-0.308242204643 
-0.335731873687 
-0.186277123589 
-0.250076174178 
-0.238793053730 
-0.205588922439 
-0.208208836485 
-0.272335631440 
-0.108122527088 
-0.067848492669 
-0.176981363645 
0.029516445351 
0.095197991559 
0.100325732491 
0.207242213583 
0.108006013648 
0.023701349579 
0.086213125735 
0.249561775076 
0.175185253103 
0.161284464329 
-0.087822316635 
-0.083684519816 
-0.095162613453 
-0.063327235354 
-0.186179940669 
-0.128937572095 
-0.102752031299 
-0.004226421490 
-0.029756093277 
0.153453720091 
-0.083358273754 
0.101551767533 
-0.041936455103 
-0.045946556805 
-0.002573569833 
0.013349690226 
-0.050702724222 
-0.031453457134 
-0.029073042012 
0.013635362209 
0.010279823066 
0.003209045445 
-0.059220608273 
-0.124755695084 
-0.202499783483 
-0.161993654984 
-0.145550338098 
-0.146184216635 
-0.242564732400 
-0.245228336765 
-0.180719663941 
-0.221381647532 
-0.321896537065 
-0.383340962505 
-0.350678213793 
-0.324410640153 
-0.237289715934 
-0.257280723969 
-0.266949249586 
-0.280108089069 
-0.262958213923 
-0.203671339849 
-0.161810782332 
-0.083288708371 
-0.084568357668 
-0.019070006288 
0.006104669935 
-0.005161792352 
-0.124549544076 
-0.122644874303 
-0.094488534542 
-0.094102929636 
-0.119818761201 
-0.093631779218 
-0.112080442938 
-0.050515421336 
0.025508672765 
0.088129419086 
0.154707021074 
0.148331889767 
0.051735951350 
-0.005982275679 
-0.178180122845 
-0.174089695542 
-0.153652109755 
-0.144131364704 
-0.152700678079 
-0.171370742566 
-0.351173999922 
-0.301412665971 
-0.231365252203 
-0.160266623645 
-0.117686703505 
-0.119491926512 
-0.124460984579 
-0.127968327312 
-0.144430773003 
-0.143736047499 
-0.144622813859 
-0.273956004302 
-0.286078382931 
-0.285933930175 
-0.314688075630 
-0.198330687726 
-0.241241159501 
-0.192310344888 
-0.234103442016 
-0.155084840907 
-0.124017291116 
-0.135349152800 
-0.129362790799 
-0.153316839758 
-0.152826662035 
-0.236289229538 
-0.190924513197 
-0.216304424050 
-0.222998190478 
-0.230122634781 
-0.040558191198 
0.161368345433 
0.106766446108 
0.170500299673 
0.167385586596 
0.019754200534 
0.043714346194 
0.032100047968 
-0.096600229163 
-0.091498766435 
-0.084933273549 
-0.119980678554 
-0.087712886201 
-0.081497654525 
-0.119488696177 
-0.137479163318 
-0.135896266757 
-0.034458280270 
-0.013951177150 
-0.108177410488 
-0.112832805631 
0.017102638857 
0.073806018339 
0.175929989372 
-0.058556434821 
0.011293471433 
0.060198235782 
0.064892441267 
0.168705137231 
0.240244731921 
0.302436552495 
0.263420502268 
0.195048627746 
0.047032791994 
0.038772365684 
0.102743773383 
0.074302978127 
0.048565218101 
-0.016675604080 
-0.060306654542 
-0.156551482300 
-0.196401258148 
-0.351191072065 
-0.330563900080 
-0.213832985883 
-0.176716270116 
-0.263372998604 
-0.284722693985 
-0.363367591715 
-0.399378937611 
-0.517829595409 
-0.447116771793 
-0.447301089768 
-0.475978833167 
-0.520391453076 
-0.479881522026 
-0.545676067048 
-0.542851004131 
-0.320316996978 
-0.228341662570 
0.055277008702 
-0.065981976453 
0.088321555147 
-0.214344100094 
-0.033940932668 
-0.010851702631 
-0.110631435503 
-0.125928281594 
-0.225474123338 
-0.258961683424 
-0.171054139520 
-0.201398091442 
-0.126170222623 
-0.095068495863 
-0.089807230320 
-0.113545529593 
0.026560974041 
-0.299891022989 
-0.271458546762 
-0.331326303109 
-0.241591848811 
-0.128502644739 
-0.346643469191 
-0.360900001743 
-0.340343502925 
-0.548590993804 
-0.354942603497 
-0.329115416906 
-0.116280872641 
-0.221695642157 
-0.132518695235 
-0.095612431845 
-0.234487811881 
-0.505843474801 
-0.243013003942 
-0.370497380219 
-0.365365244039 
-0.484880623253 
-0.330917341489 
-0.303345175936 
-0.256710999490 
-0.154767630420 
0.113064675366 
0.068168523241 
0.102206075744 
0.122656346158 
0.151206743582 
0.076977830469 
0.063093458162 
0.052203271145 
0.090649777344 
0.041440724414 
0.083924230408 
-0.161382903227 
-0.106371194068 
-0.159514394719 
-0.123485730673 
-0.176254166784 
-0.097532168040 
-0.259946048332 
-0.221732998548 
-0.265827847407 
-0.199173805475 
-0.292427172239 
-0.273977156927 
-0.352086333712 
-0.456078539737 
-0.191461157435 
-0.003532333888 
-0.159155018343 
-0.444137986739 
-0.342147466081 
-0.416067345701 
-0.326038401389 
-0.396292999452 
-0.292513395881 
-0.317084050781 
-0.431938062586 
-0.206692480227 
-0.257106672186 
0.003647080967 
0.058935894727 
0.059586899247 
-0.045371959386 
0.199648960179 
-0.130319826528 
-0.365026233823 
-0.297393962432 
-0.248919694474 
-0.256774021351 
-0.256016585760 
-0.234798639864 
-0.284643659721 
-0.410726319407 
-0.489126495569 
-0.471812146511 
-0.464136281690 
-0.201634031670 
-0.256477480922 
-0.392653466128 
-0.534994977639 
-0.440294364774 
-0.245586240929 
-0.168677479064 
-0.065206442163 
0.042864253000 
0.052192589359 
0.121348983740 
0.173678642038 
-0.073826533136 
0.093646464137 
0.031350069958 
-0.119755067026 
-0.063100727083 
0.090886590370 
0.031169407805 
-0.050126575961 
-0.139092661723 
-0.146972494998 
-0.150786115732 
-0.128053379589 
-0.116434868949 
-0.235073592422 
-0.466009686100 
-0.340575147065 
-0.447756421639 
-0.385174079047 
-0.254199667007 
-0.271575371886 
-0.265792324975 
-0.455532209932 
-0.426608972626 
-0.457076770876 
-0.487212545505 
-0.458237898903 
-0.536646851931 
-0.657814049104 
-0.637208676678 
-0.657738365599 
-0.512377646603 
-0.419594162092 
-0.443627438885 
-0.210611186242 
-0.233589174682 
-0.267340232247 
-0.077409029774 
-0.285450765336 
-0.342450215528 
-0.184051019462 
-0.147152940212 
-0.063073437978 
-0.047008388913 
0.121024626400 
0.114871036445 
0.000339533977 
0.014048931425 
0.327239633306 
0.219387542635 
0.282915297113 
0.263897902126 
0.202653691497 
0.127262297226 
0.095237286657 
-0.100606049107 
0.062796275377 
0.080800621312 
0.091787403981 
0.037234287857 
0.002667203401 
0.042473238246 
0.041925264198 
0.054641140394 
-0.097548814708 
-0.067769408873 
-0.128376412785 
0.123979870196 
-0.013889484178 
0.020992479796 
0.078765463715 
-0.078510335229 
0.007132812314 
-0.027735509265 
-0.025737368712 
-0.161230809424 
-0.083305877372 
-0.089204474329 
-0.115134157360 
-0.116832848088 
-0.120988028766 
-0.030950124862 
-0.075228146767 
-0.072203348764 
-0.041443726975 
-0.017876815313 
-0.233333942937 
-0.189607428096 
-0.047113855454 
-0.031748397406 
-0.024777587645 
-0.070190386568 
-0.063933508435 
-0.131878910438 
-0.135657567365 
-0.088472359273 
0.035146394013 
0.208591217037 
0.092023632111 
-0.181287099362 
0.031960459673 
-0.050166327918 
-0.038344168700 
0.097907386895 
-0.152115996650 
0.037793390509 
-0.046101871161 
-0.083098428345 
-0.130039486800 
0.009844582861 
-0.014499665491 
0.065860248593 
0.094772221249 
0.026480293506 
0.021386172158 
0.086034575022 
0.122941494289 
0.149140528950 
0.203458823385 
0.062477962042 
0.177662602670 
0.212787068974 
-0.043856374199 
0.031501336976 
0.051568029980 
-0.031256969844 
0.025578105450 
-0.005547239469 
0.105509157301 
0.062860402833 
0.172661339717 
0.254731796510 
0.192870011701 
0.113040704054 
0.134352833135 
0.181516641547 
0.246032981211 
0.208520604791 
0.125342200681 
0.166368682187 
0.110589129158 
0.133372529925 
0.125917488835 
0.088582379173 
0.094778083378 
0.079480541131 
0.123840114207 
0.130955170580 
0.102887585977 
0.072907820090 
0.134818540983 
0.063098685682 
0.187657537931 
0.130183937785 
0.152640835486 
0.109901097097 
0.104053187148 
0.113547469618 
0.257258238931 
0.254368742432 
-0.072752194024 
-0.194331259417 
-0.195130111398 
-0.146050191090 
-0.155087938119 
-0.181926799134 
-0.207241429332 
-0.196043835696 
-0.218261092501 
-0.152087399192 
-0.135109377202 
-0.121035409654 
-0.142705082022 
-0.277848494416 
-0.275654576513 
-0.231655384424 
-0.381460521378 
-0.159273688983 
-0.235420023846 
-0.226834550991 
-0.259845925267 
-0.275693928357 
-0.171326862342 
-0.248505258938 
-0.218295116445 
0.106465936327 
0.191735165304 
0.166462997852 
0.297551534441 
0.173604789583 
0.074905267158 
0.061906559660 
0.116885313629 
0.152059539616 
0.156639730492 
0.113502376370 
0.114083525763 
0.101573616991 
0.116587971732 
0.076344271644 
0.298183330678 
0.028292274066 
0.065885039939 
0.065885039939 
0.086432142329 
0.053847332890 
0.033455299891 
0.007979171556 
0.061563861772 
0.043003865638 
-0.024221714359 
0.058376819383 
0.070982630091 
-0.029961181685 
-0.000622327671 
-0.013499252493 
0.060900057838 
0.128891970513 
0.117180741676 
0.045374393887 
0.084739028431 
-0.017131979960 
0.002839509488 
0.103437949506 
-0.020965596810 
-0.010688002446 
-0.032878717490 
-0.034872021413 
-0.041680643006 
-0.098138262614 
-0.006078115893 
0.082571489103 
-0.048316433241 
-0.125261014064 
-0.118834770948 
-0.055831314282 
-0.132263956859 
0.259649898866 
0.273390932461 
0.278383079480 
-0.058388834985 
-0.145190798498 
-0.142283113892 
-0.216898486673 
-0.222220948910 
-0.154572645469 
-0.184946196441 
-0.197876248547 
-0.210541170657 
-0.194954741707 
-0.297489109107 
-0.320750668475 
-0.319677145031 
-0.317560706723 
-0.182567709532 
0.031470678934 
-0.043354064321 
-0.417588920468 
-0.289107785819 
-0.242884199653 
-0.294480309368 
-0.400238883787 
-0.470453924709 
-0.466402199650 
-0.287127626468 
-0.137300457345 
-0.365185906932 
-0.243171195553 
-0.276648081563 
-0.192296535911 
-0.042948610229 
-0.076511702855 
-0.183227446786 
-0.208814873926 
-0.150074306688 
-0.369696428000 
-0.385900999804 
-0.353046341787 
-0.327373142257 
-0.432705547735 
-0.440509264826 
-0.366511857007 
-0.301786049897 
-0.272556062659 
0.136298265814 
0.300483194012 
0.230250597620 
0.189352770482 
0.172725483934 
0.185493748152 
0.184462425067 
0.139872505878 
0.154041717528 
0.200858457515 
0.067750006197 
0.292517436781 
0.081662679269 
0.127185067930 
0.231097949316 
0.249998056407 
0.045755665377 
0.270733330889 
0.270383429746 
0.333532986485 
0.213470979759 
0.166678656658 
0.257631260861 
0.224665782788 
0.293476108442 
0.324749465325 
0.209344569097 
0.157420978760 
0.118733773081 
0.046432421888 
0.051454867911 
0.018840416125 
0.039429243505 
0.134149282999 
0.287891965224 
0.272569800560 
0.278308162411 
0.119169068570 
0.150700249557 
0.120728956489 
0.043786692775 
0.164147098547 
0.147040231537 
0.144036607557 
0.016096618459 
0.014232891563 
0.120236019966 
0.076876858436 
0.094027806883 
0.038432991474 
0.059724113278 
0.083156651609 
0.172082288947 
0.161920278146 
0.188214512812 
0.187580594576 
0.194706867412 
0.027722329196 
-0.035194647561 
-0.022700682518 
0.006385011454 
0.111564829214 
0.079462442019 
0.152160663051 
0.044202317677 
-0.014469751795 
0.090920727812 
-0.047239134727 
0.098778839387 
0.147499583466 
0.180572078432 
0.159800164923 
0.194850506423 
0.112341529647 
0.155969130681 
0.155175411582 
0.072347663624 
0.093041812637 
0.134381745386 
0.100293514239 
0.074206255075 
0.028514618104 
0.045050491966 
-0.030288126428 
-0.033329347200 
-0.040538145888 
0.004688112168 
-0.064034648746 
-0.018136016411 
-0.004437207896 
-0.019724918857 
-0.003444719072 
-0.004266863751 
-0.008511778572 
-0.022373474548 
0.020431732699 
0.023552534806 
0.018505667615 
0.032119577531 
0.037739650241 
0.075965899046 
-0.114240715692 
-0.094338915858 
-0.189693182913 
-0.066523720721 
-0.064073461263 
-0.097451477803 
-0.059384649259 
-0.097035045871 
-0.107891243479 
-0.166473914771 
-0.101165152425 
-0.119185965638 
-0.126787372278 
-0.223093777187 
-0.194172573739 
-0.248589424531 
-0.243764200172 
-0.046966290697 
0.044742342250 
-0.136234229815 
-0.091189848399 
0.097446550184 
-0.032254353476 
-0.031248790626 
0.014471020097 
-0.038844033247 
-0.119130512343 
-0.015392779101 
-0.106124462942 
-0.133764118418 
-0.213931562190 
-0.173313703154 
-0.164303111581 
-0.208672911836 
-0.192011486923 
-0.090361471419 
-0.081819273308 
0.037721663936 
0.193650305924 
0.223955903740 
0.079789440958 
0.002006954084 
-0.068436425318 
-0.146570729453 
-0.065153516557 
-0.141413109124 
-0.189611891930 
-0.217684006492 
-0.407965724153 
-0.248489608978 
-0.280843979015 
-0.226293023553 
-0.169186372670 
-0.066925675712 
-0.023858329084 
-0.075139518299 
-0.136220862236 
-0.196801653965 
-0.186891005942 
-0.175125058981 
-0.158706466583 
-0.189411028614 
-0.163119206886 
-0.068030574249 
-0.014922348031 
-0.055792180265 
-0.015074404668 
-0.161908759973 
-0.159768089747 
-0.182642518283 
-0.085098006978 
-0.225291758593 
-0.254813120043 
-0.170286612933 
-0.111921558056 
-0.072162108411 
-0.037982263943 
0.004729567712 
0.007376952024 
0.047414702913 
0.020475034942 
0.021102297384 
0.035007223385 
0.028726239387 
0.007997083672 
-0.023578436120 
-0.058767240796 
-0.028222058005 
-0.079289168703 
-0.058867620636 
-0.052476279599 
-0.089737023261 
-0.089708109649 
-0.077983535006 
-0.143799419032 
-0.153600898700 
-0.189880661153 
-0.139901306452 
-0.099151899268 
-0.096133315874 
-0.103472325528 
-0.064168660221 
-0.014577884574 
-0.004706091929 
-0.024144328749 
-0.011170908118 
-0.066492503260 
-0.077621236642 
-0.062909362870 
-0.023386940291 
-0.028121956859 
-0.024544397441 
-0.044322197802 
0.040526626221 
-0.014047636453 
0.013226238036 
-0.037222716797 
-0.024180104151 
-0.044276717926 
-0.053924660381 
-0.092693072022 
-0.127001847439 
-0.170135404315 
-0.153079567438 
-0.146652991853 
-0.166288796867 
-0.335534758407 
-0.286883758900 
-0.202987122108 
-0.182763375848 
-0.176129212177 
-0.238755690817 
-0.274358609040 
-0.279536567934 
-0.322133858456 
-0.269670071287 
-0.263468351037 
-0.257393019819 
-0.248961360363 
-0.308791206570 
-0.265654800705 
-0.268233967879 
-0.173519367350 
-0.171222581959 
-0.203394446543 
-0.192796480641 
-0.247437654269 
-0.186578477419 
-0.189901564166 
-0.111947425069 
-0.098422472518 
-0.107129030485 
-0.144434826728 
-0.159975271606 
-0.160985051929 
-0.146726474449 
-0.128508604142 
-0.126060057584 
-0.049472561478 
-0.050510717836 
-0.159214109853 
-0.162553550569 
-0.188351241498 
-0.194717589890 
-0.127809690993 
-0.124896111872 
-0.169134152167 
-0.154743057417 
-0.192787950983 
-0.245743034714 
-0.195007827426 
-0.179686719887 
-0.203979732399 
-0.214123739337 
-0.258233817663 
-0.208398094531 
-0.204953964160 
-0.177385856850 
-0.182130480756 
-0.146050134417 
-0.261231543889 
-0.232932436454 
-0.227760503233 
-0.233522400272 
-0.297302402627 
-0.300109543892 
-0.316014284513 
-0.268084457723 
-0.302984965758 
-0.369553288337 
-0.360256586918 
-0.392780908068 
-0.367764559485 
-0.377757193492 
-0.365555078822 
-0.357075131834 
-0.356866449253 
-0.334225141468 
-0.351566607681 
-0.562918729208 
-0.522824480798 
-0.475994141517 
-0.499248681576 
-0.494576671759 
-0.537859018774 
-0.380352679841 
-0.344861262929 
-0.356179827620 
-0.344433533599 
-0.360847892895 
-0.365173162639 
-0.367459249535 
-0.383247167762 
-0.332607214912 
-0.310213544061 
-0.328355738116 
-0.268489217324 
-0.302005316157 
-0.318760537678 
-0.328952497600 
-0.358969491372 
-0.362358772051 
-0.360620098249 
-0.381388511007 
-0.375528483042 
-0.425190060844 
-0.429051080798 
-0.385256388774 
-0.329338113734 
-0.303717158557 
-0.332738819877 
-0.371898668718 
-0.362333830707 
-0.290917600357 
-0.313178764838 
-0.347559563365 
-0.328081526150 
-0.353019964135 
-0.352927844182 
-0.355402043546 
-0.359735540670 
-0.320608586136 
-0.325329079298 
-0.392763761413 
-0.387713386633 
-0.405584601088 
-0.397168266550 
-0.418500560003 
-0.436199596460 
-0.190164178727 
-0.033397935077 
0.001410861137 
-0.405787883510 
-0.229876161141 
-0.269198271631 
-0.228338841934 
-0.059290580175 
-0.157758350461 
-0.413336928023 
-0.239868573169 
-0.131842127236 
0.104983068089 
0.137578440394 
0.277710173064 
0.315094364463 
0.265309641751 
0.271855029761 
0.113287616920 
-0.135817023722 
-0.132047137372 
-0.153954890618 
-0.216838086224 
-0.356862609441 
-0.357394118520 
-0.254676212030 
-0.250088986699 
-0.236581220726 
-0.373153938031 
-0.321044595971 
-0.423474360975 
-0.456626832201 
-0.407076972055 
-0.367519831970 
0.024051923950 
-0.238965535549 
-0.157624362767 
-0.164449236925 
-0.247219535914 
-0.333409993528 
-0.311271213296 
-0.110157967945 
-0.266358692623 
-0.380668270261 
-0.219273209234 
-0.218585162936 
-0.191666801239 
-0.245810860851 
-0.182196155229 
-0.214960431837 
-0.218046384614 
-0.535732028240 
-0.299046546585 
-0.361967777683 
-0.360222592452 
-0.277391824786 
-0.172428864781 
-0.282308323929 
-0.299065187751 
-0.113098140040 
-0.221255925838 
-0.054295714969 
-0.211922517887 
-0.199787715681 
-0.137489161187 
-0.374846703669 
-0.302379876384 
-0.168695982929 
-0.053674790578 
-0.277836230836 
-0.155333206690 
0.119212047360 
0.097136280126 
0.186777375105 
0.123698448952 
-0.104638027663 
-0.070366351434 
-0.237225623817 
-0.174858386046 
-0.278460767402 
0.082180992535 
0.103262480450 
0.157672209324 
0.047207352353 
-0.033999354578 
-0.061273009676 
0.037271453224 
-0.068790983610 
-0.133336341685 
-0.202413133018 
-0.262559514343 
-0.131341971984 
-0.133474935195 
-0.217320107344 
-0.331296835280 
-0.081488347345 
-0.446216431664 
-0.314213032061 
-0.223574677345 
-0.354288044629 
-0.244870546262 
-0.146386500773 
-0.016496818171 
-0.113641132260 
-0.169575080609 
-0.195651386229 
-0.198776277717 
-0.241557106404 
-0.296476910111 
-0.185045314702 
-0.140365868929 
-0.161160454041 
-0.199762550928 
-0.150371035534 
-0.090552518299 
-0.217937711277 
-0.251187137788 
-0.262332455635 
-0.290071052607 
0.018280940323 
-0.060609468817 
0.176520674612 
0.196412810775 
0.198216971034 
0.161463369370 
0.106963030548 
-0.006070441099 
-0.074908649701 
0.049374792354 
0.143490402780 
0.039579194958 
0.029516474969 
0.130410974328 
0.047330537863 
0.060180014029 
0.032212243776 
-0.026729605732 
0.067009691715 
0.008806329798 
0.076843913459 
-0.032520465188 
-0.079760836003 
-0.023624898797 
-0.233782406312 
-0.097915994527 
-0.058617123546 
0.049678530187 
0.148324129902 
-0.073355761259 
-0.024589916741 
-0.273866537878 
-0.247542238057 
-0.296448194696 
-0.161302263353 
-0.137030659691 
-0.090778949313 
-0.006386925384 
0.043469646274 
-0.031572092296 
-0.107951749032 
-0.180267551044 
-0.258919365381 
-0.198990602231 
-0.276735325195 
-0.222334812675 
-0.183510633769 
-0.133600940502 
0.005040250739 
0.080431204693 
0.064269415911 
-0.058011179926 
-0.170503388042 
-0.278812108053 
-0.512292959061 
-0.172161050612 
-0.071142029367 
-0.144313026696 
-0.069819782099 
0.110415485071 
-0.068875574982 
0.091550769462 
-0.196492944897 
-0.021056767565 
0.003408346194 
0.116064273239 
0.198248580287 
0.024633091875 
0.007504939898 
-0.105077575104 
0.013631392688 
-0.024662083227 
-0.304312365750 
-0.067970419665 
0.025682463060 
0.094978081852 
0.047174982418 
-0.012534525000 
-0.003701556066 
-0.244947123865 
-0.113179789126 
0.006024722119 
-0.005247380135 
-0.037544645254 
0.088849113856 
-0.025186365807 
0.034289932594 
0.075425333829 
0.140816969140 
0.034950282521 
-0.099709099431 
-0.078894842934 
-0.091592269826 
-0.058374312567 
-0.136739182183 
-0.027439412632 
-0.008457548593 
-0.145047799567 
-0.066506240963 
-0.043567759159 
-0.073378044367 
-0.041893347684 
-0.079230636872 
-0.095468306490 
-0.136203789302 
-0.148986284658 
-0.354501953882 
-0.398389321071 
-0.383069217234 
-0.395730973122 
-0.399519630267 
-0.400660357962 
-0.405161596602 
-0.328825140138 
-0.380184995331 
-0.321285513458 
-0.284269124241 
-0.256281796034 
-0.257483074582 
-0.146972326160 
-0.134646279403 
-0.149542702023 
-0.200606840843 
-0.344749419303 
-0.434936339011 
-0.393773416211 
-0.398969430650 
-0.554422255905 
-0.407221139656 
-0.409004748585 
-0.348240132043 
-0.336639085705 
-0.378025775452 
-0.420785339158 
-0.490023769508 
-0.322096154642 
-0.377036570223 
-0.372009334562 
-0.313339920478 
-0.437362935881 
-0.442870813740 
-0.460402844883 
-0.461169977060 
-0.328587664832 
-0.337610776926 
-0.381829255692 
-0.370093463947 
-0.518660013766 
-0.425045982419 
-0.333085159412 
-0.511810749029 
-0.383404514894 
-0.297894665197 
-0.466731761093 
-0.386541894801 
-0.282698475834 
-0.360030039071 
-0.354229924296 
-0.605117728767 
-0.499235434527 
-0.499477855488 
-0.321970175376 
-0.300426067335 
-0.203598145122 
-0.366356178836 
-0.166707727645 
-0.266197259269 
-0.289665815140 
-0.404685134767 
-0.291660141224 
-0.277977580111 
-0.190327517130 
-0.265810793671 
-0.132401623150 
-0.140932164394 
-0.085118434807 
-0.279660258026 
-0.245615506956 
-0.252073045322 
-0.278397729156 
-0.204967380298 
-0.280504760998 
-0.206174059736 
-0.200380352224 
-0.280614312069 
-0.192102658966 
-0.450421931296 
-0.255143092771 
-0.244574613259 
-0.251148916844 
-0.175893893163 
-0.202017878464 
-0.191106587785 
-0.116122086148 
-0.125277102582 
-0.136717729760 
-0.217566236478 
-0.225336473904 
-0.247831124601 
-0.253090340930 
-0.395355570842 
-0.269072185506 
-0.088147474756 
-0.078739303871 
-0.112408088801 
-0.187247618983 
-0.170959188121 
-0.212515518686 
-0.216790687366 
-0.129928816051 
-0.172910619091 
-0.068865632609 
-0.021058320640 
0.266266586475 
0.160462543673 
0.126453558466 
-0.016150575786 
-0.045403232982 
0.031128930028 
0.003747988047 
-0.112849527819 
-0.122921515771 
-0.219352632189 
-0.359129153064 
-0.415446026442 
-0.257677167410 
-0.251156384049 
-0.235172695946 
-0.266070455239 
-0.252913298377 
-0.361520648667 
-0.296626719396 
-0.465109285881 
-0.508998932862 
-0.313615963175 
-0.390934484082 
-0.290840413188 
-0.356134108233 
-0.381217199159 
-0.384036156316 
-0.189891998345 
-0.356767876322 
-0.440756041462 
-0.338742259296 
-0.342830003290 
-0.220386994857 
-0.242707982061 
-0.207630337964 
-0.107605921069 
-0.139038344002 
-0.211880836452 
-0.222864075190 
-0.222259194016 
-0.225801404062 
-0.138153720278 
-0.158280822313 
-0.133437370946 
-0.177487424008 
-0.262215480962 
-0.237668444960 
-0.179817095026 
0.097162157126 
0.196051736808 
0.111919185807 
0.231994581520 
-0.041985099985 
-0.125030858997 
-0.251247809578 
-0.194963575102 
-0.411228168205 
-0.421494756324 
-0.311104109911 
-0.273820793232 
-0.259133338144 
-0.231506524109 
-0.199103313981 
0.097079586204 
-0.117812619614 
-0.537645195735 
-0.373677570697 
-0.440111652164 
-0.291513196561 
-0.022705582072 
0.085581839946 
0.109032296086 
0.002614786919 
0.072243504622 
0.238413449877 
-0.011525322933 
-0.038512649196 
-0.040549813137 
-0.164791206948 
0.004733660986 
0.095119909597 
0.024001949732 
0.080423462105 
0.085744522688 
-0.001980098279 
-0.041873088848 
-0.053060552041 
-0.012067770283 
0.055007544920 
-0.109981184609 
-0.226319511576 
-0.211859328654 
-0.172140438964 
-0.153191058207 
-0.100806082702 
-0.122286127839 
-0.204831595442 
-0.222919853125 
-0.169770976961 
-0.294414017331 
-0.425045872736 
-0.407471323275 
-0.435239645231 
-0.475507930511 
-0.426155699309 
-0.432708155060 
-0.328038985803 
-0.320006239025 
-0.224645756525 
-0.497938521236 
-0.439171157966 
-0.414845132348 
-0.509669048838 
-0.456341830651 
-0.353966108953 
-0.202139869497 
-0.302321205801 
-0.192040710511 
-0.258489561526 
-0.242071446274 
-0.253988783230 
-0.247584855381 
-0.196677227106 
-0.168925923662 
-0.128867971200 
-0.174394389174 
-0.184392473532 
-0.253439506371 
-0.323740295248 
-0.291363547110 
-0.342225207539 
-0.365973056303 
-0.262998062538 
-0.068289662130 
-0.059250015158 
-0.097511623958 
-0.091930048666 
-0.075096147157 
-0.101957555977 
-0.028039824180 
0.049454801234 
0.101731229697 
-0.071297826889 
-0.060738921158 
-0.009184908902 
-0.004357853256 
-0.180070058335 
-0.076249314190 
-0.134251097465 
-0.114489080464 
-0.041704351347 
-0.002951204980 
-0.011417535302 
-0.133595729053 
-0.259236758525 
-0.256852689274 
-0.239964647390 
-0.169952199674 
-0.126778961642 
-0.029753559928 
-0.363598122245 
-0.395500224245 
-0.342772003553 
-0.151156369494 
-0.032364953849 
0.011905496868 
0.054032828385 
0.126012219685 
0.186606846958 
0.149177032886 
0.213864906988 
0.113489849319 
0.189501489144 
0.228507797236 
0.185880817906 
0.069482846546 
0.149457111129 
0.216089892146 
0.193583287807 
0.197606550683 
0.074266209856 
0.033676591963 
0.144326951683 
0.225024948315 
0.010620258265 
0.065622398130 
0.310083276670 
0.084502317361 
0.136677373379 
0.094311647688 
0.205119683176 
0.435257894336 
0.460316651530 
0.297055420460 
0.179426196018 
0.239595335986 
0.087482151255 
0.078772778598 
0.031074860091 
0.217355489953 
0.300876730156 
-0.069685990317 
-0.088944307479 
-0.152855487135 
-0.216914870748 
-0.157104395841 
-0.239612832773 
-0.228559642552 
-0.213766076006 
-0.166995280747 
-0.101270271163 
-0.092502921280 
0.028051158502 
-0.166374357574 
-0.238628179317 
-0.205013163365 
-0.304682022313 
-0.271306004679 
-0.201079001478 
-0.291224683214 
-0.234826776376 
-0.234330454096 
-0.227853763048 
-0.050552607995 
-0.105095093975 
-0.253838133962 
-0.111027930599 
-0.049974572352 
-0.184345386105 
-0.314515322284 
-0.194363630778 
-0.263978080814 
-0.251280507808 
-0.286404513551 
-0.290408630383 
-0.317809564529 
-0.326758213902 
-0.268026595436 
-0.324611196061 
-0.299196901960 
-0.323953744129 
-0.336168277297 
-0.383832800596 
-0.346583283230 
-0.356364418515 
-0.310003348856 
-0.251719645606 
-0.464156066597 
-0.356954467999 
-0.419170620476 
-0.379663807077 
-0.523104317631 
-0.245833744774 
-0.448035578564 
-0.344907097328 
-0.354822691922 
-0.343569697673 
-0.318920290168 
-0.353269902924 
-0.486131182479 
-0.396150162774 
-0.414392966628 
-0.370672560535 
-0.332643075351 
-0.309143058920 
-0.284403084375 
-0.257318952210 
-0.304565218097 
-0.325148949191 
-0.217025888803 
-0.170331582886 
-0.142447094819 
-0.294629613238 
-0.318617261623 
-0.185560797591 
-0.263199521965 
-0.005854420120 
-0.135206615088 
-0.136468847544 
-0.170499042322 
-0.121354898334 
-0.045574575112 
-0.037458332368 
-0.008188061210 
-0.015905386318 
-0.017333234139 
-0.013230615039 
0.007724947625 
-0.030790458056 
0.053914959912 
-0.044632382264 
-0.152221299335 
-0.107383845885 
-0.075595242432 
-0.095765332257 
-0.237274429143 
-0.483581646824 
-0.568847112456 
-0.418152412512 
-0.450309036149 
-0.482622651296 
-0.437285927453 
-0.406791393501 
-0.409617543826 
-0.439717654239 
-0.420259147535 
-0.434385761228 
-0.475636124398 
-0.488369052215 
-0.429434256250 
-0.477194629421 
-0.512931074498 
-0.519691227316 
-0.503380643867 
-0.452955397025 
-0.433969530477 
-0.256482995789 
-0.329592150451 
-0.314810998909 
-0.275834427579 
-0.277955686827 
-0.135735703459 
-0.125921327075 
-0.411076992891 
-0.526814914459 
-0.578481873130 
-0.509648420916 
-0.621779398484 
-0.594857257125 
-0.529823492549 
-0.606679752792 
-0.609479726908 
-0.627450371792 
-0.504704849988 
-0.498026274451 
-0.488425679192 
-0.557698976376 
-0.442775117517 
-0.393012310364 
-0.469960192959 
-0.570443067049 
-0.530485308318 
-0.525662914817 
-0.460055178810 
-0.598603022026 
-0.563495722758 
-0.566944052904 
-0.668429649627 
-0.584159547412 
-0.313783503485 
-0.306879014666 
-0.043451816887 
-0.015341556356 
0.086350795413 
0.108631726981 
0.084814283586 
-0.001757227202 
0.053051765735 
0.013704783035 
0.010650709988 
0.121024607399 
-0.037206712506 
-0.109610835519 
-0.060743618453 
0.209784137179 
0.150628645860 
0.152733983819 
0.185642739503 
0.216250040963 
0.168740785545 
0.147514698523 
0.180949914303 
0.044329262758 
-0.154325594885 
-0.230935755759 
-0.245634856559 
-0.290966382457 
-0.259650172797 
-0.242667886354 
-0.212579671224 
-0.228321779933 
-0.218559025362 
-0.291066931290 
-0.309761774890 
-0.403679206283 
-0.364189815778 
-0.356990447105 
-0.318995989165 
-0.167166214165 
-0.125405809698 
-0.093566224934 
-0.175951516437 
-0.178380354436 
-0.190668333758 
-0.143165218981 
-0.170922443862 
-0.124071236895 
-0.137045377880 
-0.112377804211 
-0.080464423095 
-0.025064726796 
-0.022193918608 
-0.002231907143 
-0.058379164272 
-0.081586432263 
-0.103241320018 
-0.157198856142 
-0.094358232840 
-0.064722414046 
-0.109103727550 
-0.093133205149 
-0.078373547062 
-0.122945478132 
-0.033848988639 
-0.096036569558 
-0.089125632867 
-0.020821149791 
-0.048619856288 
-0.032309607730 
-0.073119495063 
-0.199304841123 
-0.233322000912 
-0.295814532902 
-0.189592079231 
-0.141887194643 
-0.160015427583 
-0.561043915024 
-0.484920563994 
-0.116300881662 
-0.219321139554 
0.059724205104 
0.119707650266 
-0.074003160998 
-0.006946392368 
-0.085953177642 
-0.326947594226 
-0.267093075102 
-0.057335298067 
-0.017959122949 
-0.177614905138 
-0.044063253625 
-0.050572207741 
-0.090366262557 
-0.044715606108 
-0.089605904408 
-0.038813889388 
-0.196726067623 
-0.268694849425 
-0.022534122217 
0.020154610863 
-0.032946649047 
0.133269071128 
0.309795402492 
-0.021284859305 
-0.212340399885 
-0.055304979654 
-0.116738157864 
-0.059631333402 
-0.042372317823 
-0.022029607898 
-0.053574618408 
-0.038429074552 
-0.100577680445 
-0.058843196559 
-0.017630295256 
0.012836511842 
0.090820762545 
0.089906395748 
0.084459965177 
0.234440886276 
0.180843691432 
0.095258178653 
0.122775731675 
0.069713941206 
0.019177804756 
0.069584110846 
0.054976681610 
0.164513403082 
0.077720442767 
-0.049828937817 
-0.082866605438 
-0.137727350298 
-0.165165252358 
-0.221710999141 
-0.183868422229 
-0.146973270211 
-0.277722006247 
-0.058123947620 
-0.316507719273 
-0.486257256468 
-0.538055382030 
-0.500498606939 
-0.292656203480 
-0.302333494951 
-0.315873943861 
-0.261991667073 
-0.199062464400 
-0.215255184598 
-0.222402738149 
-0.180877913893 
-0.098991535691 
-0.100790568296 
-0.141309772214 
-0.182745997926 
-0.182944649420 
-0.293868673696 
-0.196211285208 
-0.283637352704 
-0.376877453499 
-0.287825613721 
-0.196664336417 
-0.215641417585 
-0.209208588683 
-0.183958509928 
-0.082718546837 
-0.059073346318 
-0.063894237158 
-0.066375344366 
-0.174097855332 
-0.159034641676 
-0.167781515026 
-0.168554120565 
-0.170464427401 
-0.232140961903 
-0.277513787265 
-0.348043673387 
-0.341126456849 
-0.379699293579 
-0.423454381110 
-0.408563868967 
-0.404121134195 
-0.473319733294 
-0.524325482563 
-0.460576910341 
-0.402338804899 
-0.285657569490 
-0.299241313157 
-0.355637433606 
-0.363043713883 
-0.405024007602 
-0.428889531326 
-0.432688313528 
-0.414114130688 
-0.450920491914 
-0.418831204888 
-0.514763266141 
-0.412289105609 
-0.399250888654 
-0.204275529881 
-0.195655601972 
-0.242885521682 
-0.259962433732 
-0.317788270357 
-0.337961947221 
-0.256079803850 
-0.197077281599 
-0.141559599857 
-0.275179027831 
-0.252381250400 
-0.061289590253 
-0.056647001865 
-0.037098882403 
-0.043655312241 
0.000857646103 
-0.119177521951 
-0.147162759209 
-0.142880003432 
-0.149269484024 
-0.130932434481 
-0.323863940833 
-0.350448685443 
-0.344393610110 
-0.341416182109 
-0.367286605646 
-0.363302276578 
-0.252935053063 
-0.268861025651 
-0.295721770365 
-0.208918222119 
-0.212022576717 
-0.142856934269 
-0.192545303735 
-0.162654695401 
-0.164574212080 
-0.154370226385 
-0.213739398643 
-0.141307694357 
-0.178344673197 
-0.162935473534 
-0.216960980942 
-0.220462429967 
-0.210759600312 
-0.291166767444 
-0.266894297355 
-0.265620153370 
-0.262250494178 
-0.192499831770 
0.002550757424 
0.018169967778 
0.132996529823 
0.193448152750 
0.194734678299 
-0.004763794891 
0.104139442869 
0.128416585680 
0.194863532593 
0.202562259390 
0.098428219041 
-0.028578596290 
0.013656683195 
0.033209634647 
-0.032690283314 
0.025065067678 
-0.023186035790 
-0.023984572985 
-0.091122580941 
-0.045585518083 
-0.014539638467 
-0.012503873074 
-0.036848132506 
-0.063063414322 
0.065609843463 
0.058367243759 
0.044507372979 
0.069982525577 
0.087376418437 
0.062051586541 
0.001425123908 
0.070109299834 
0.129229814550 
0.148954217960 
0.068308309027 
0.076370518687 
0.061375427318 
0.051815718210 
0.021784924871 
0.012212820376 
0.074330670965 
0.038821828625 
0.105914290082 
0.111340180050 
0.083231786401 
0.075732846020 
0.123991753670 
0.095230879022 
0.228051565093 
0.174431007476 
0.102750982870 
0.103372003617 
0.232742275847 
0.198165948735 
0.120749890289 
0.132970437011 
0.143689532389 
0.141218711515 
0.182532175229 
0.292642321825 
0.327417878396 
0.266112508931 
0.164122687941 
0.130338013292 
0.226345148213 
0.115159394340 
0.100264740410 
0.121070823342 
0.223652078295 
0.216868125224 
0.114382926930 
0.129039620554 
0.108982307101 
0.008844569221 
-0.023363390773 
-0.057713572959 
-0.071512189112 
-0.108195292306 
-0.138587566028 
-0.077838041763 
-0.081031738603 
-0.098639538035 
-0.053375240668 
-0.032672797391 
-0.034540793547 
-0.060613802183 
-0.062938141296 
0.099058513106 
-0.036501563961 
0.025017397312 
-0.089067409834 
-0.079243218101 
-0.183442424601 
-0.182437908350 
-0.166025741475 
-0.199538297934 
-0.224676109455 
-0.206372009084 
-0.279792487941 
-0.242783720647 
-0.245647019207 
-0.218316674702 
-0.229235852017 
-0.225161535178 
-0.236207352832 
-0.136614555495 
-0.167730158935 
-0.160961890542 
-0.138309216551 
-0.138158995592 
-0.201375656587 
-0.199192895418 
-0.281313620046 
-0.273852579556 
-0.256691494988 
-0.259571769689 
-0.193256526682 
-0.189685529216 
-0.148425466845 
-0.159279281922 
-0.161520990666 
-0.166089900891 
-0.162291436759 
-0.070323466615 
-0.063802881097 
-0.099219394841 
-0.061509733263 
-0.054388456766 
-0.037007299621 
-0.052761909759 
-0.052761909759 
-0.012146615638 
-0.042092097938 
-0.087349485560 
-0.135680476042 
-0.111979748265 
-0.132588262576 
-0.089067855383 
-0.147234632368 
-0.196527646297 
-0.200562594174 
-0.278817429804 
-0.248502037489 
-0.254076331113 
-0.112145540851 
-0.128487255298 
-0.221131972337 
-0.071375581169 
0.071319541510 
-0.087033762064 
-0.063965160658 
-0.102701285875 
-0.085111530765 
-0.102242829418 
-0.138884573221 
-0.157279324460 
-0.158081935715 
-0.171616694117 
-0.112768956406 
-0.113060157089 
-0.201267096714 
-0.341812301462 
-0.352977458314 
-0.342618551985 
-0.311689829404 
-0.206296918389 
-0.195057410665 
-0.196566040674 
-0.222172449774 
-0.223900554952 
-0.235027491406 
-0.233233583623 
-0.248544801934 
-0.167698274318 
-0.291808495350 
-0.245884140296 
-0.216497249634 
-0.232046778488 
-0.109616801441 
-0.179882916687 
-0.174924971478 
-0.176795333924 
-0.176795333924 
-0.167588036158 
-0.225784336489 
-0.228933684098 
-0.240781958494 
-0.283350657467 
-0.245290983590 
-0.224391394176 
-0.212103464784 
-0.218457527157 
-0.179464936540 
-0.181497613950 
-0.199859007753 
-0.208691388576 
-0.192183685649 
-0.204305841530 
-0.201222391348 
-0.204232668516 
-0.171637347269 
-0.169380652142 
-0.185518513429 
-0.161319504199 
-0.206139604719 
-0.199676121676 
-0.203762957179 
-0.227583450502 
-0.269477979030 
-0.242856143238 
-0.245002049386 
-0.231071949357 
-0.414186341062 
-0.324622172035 
-0.454303806307 
0.034954400488 
0.233645473529 
0.145331682143 
-0.300492687623 
-0.526888645708 
-0.295309126541 
-0.300400294985 
-0.294715369643 
-0.219464448460 
-0.349367868916 
-0.328531352695 
-0.415895728675 
-0.597147173774 
-0.295183722098 
-0.366210617494 
-0.227045704795 
-0.418948803631 
-0.437374154737 
-0.334202355554 
-0.330857380386 
-0.403209066540 
-0.543708221148 
-0.335602824756 
-0.279710154455 
-0.227195990131 
-0.335693500733 
-0.195233419467 
-0.249650412481 
-0.442414988942 
-0.426608480436 
-0.444686093408 
-0.448752768981 
-0.477316623810 
-0.399100433020 
-0.185604240908 
-0.171718831926 
-0.165286095700 
-0.193882157429 
0.025359331157 
-0.116742597409 
-0.205775525916 
-0.255989071578 
-0.195183494831 
-0.181925713638 
-0.187980492006 
-0.171394185712 
-0.171394185712 
-0.175425737219 
-0.182424181343 
-0.151660747033 
-0.091926002670 
-0.024240788485 
-0.020391732208 
-0.172342890518 
-0.364102297491 
-0.461305090154 
-0.253741742462 
-0.122975524083 
-0.073547739989 
-0.125545274241 
-0.134445411845 
-0.104307185400 
-0.110356316493 
-0.035958701626 
-0.259360748324 
-0.540403040721 
-0.355504049363 
-0.404414318713 
-0.535986268909 
-0.469241551344 
-0.188718512490 
-0.106299682167 
-0.231550578844 
-0.270377014094 
-0.317003366911 
-0.130602338846 
0.076924633962 
-0.322002763767 
-0.272686062369 
-0.252444598228 
-0.315450411380 
-0.242791218716 
-0.214269731378 
-0.334318749494 
-0.376112620917 
-0.340513189516 
-0.420770764856 
-0.410711934066 
-0.603344122167 
-0.459224227025 
-0.166499610294 
-0.315926681555 
-0.293938719346 
-0.430931265269 
-0.453142533386 
-0.499781604465 
-0.651722047063 
-0.639060894875 
-0.312332354179 
-0.239938665223 
-0.255367119763 
0.001988778354 
-0.063517046168 
0.056979229989 
0.016960162949 
0.083417607239 
0.180992076231 
0.012331928766 
0.226226754469 
0.050544629687 
-0.052958337000 
-0.070909769802 
-0.081458298942 
-0.300866247702 
-0.231858719788 
-0.033609306109 
-0.273988017205 
-0.179716299617 
-0.364220936222 
-0.257938723928 
-0.178274495501 
-0.262697629123 
-0.263247960143 
-0.196531351737 
-0.316357327590 
-0.231342892616 
-0.515264492459 
-0.508710712951 
-0.628395380079 
-0.458083764946 
-0.390809693264 
-0.427218071674 
-0.414425998664 
-0.392627441275 
-0.361351401624 
-0.353236000590 
-0.493280795260 
-0.475525310063 
-0.277187699670 
-0.278467630584 
-0.286562151423 
-0.310670286146 
-0.280963665549 
-0.105760016363 
-0.153382336504 
-0.170428270104 
-0.140327501829 
-0.142026822231 
-0.096281885884 
-0.187291418394 
-0.089480311334 
-0.207679026733 
-0.208237859009 
-0.284260230384 
-0.289958401143 
-0.328359424196 
-0.178743545376 
-0.214363750837 
-0.114709897757 
-0.151523009410 
-0.099358461200 
-0.132651213068 
-0.269497741901 
-0.374681937718 
-0.405550604080 
-0.307941454323 
-0.092860325925 
-0.087796762370 
-0.109370748771 
-0.152833834913 
0.090872514905 
0.084118778902 
0.125967729793 
-0.050175111576 
-0.060567322964 
-0.147458580859 
-0.168019137445 
-0.120210150670 
-0.041268763874 
-0.160843765280 
0.065662759097 
-0.215545544144 
-0.141763713231 
-0.192587188507 
-0.255583274893 
0.028293688722 
-0.006901091943 
-0.095850082902 
-0.087963731741 
-0.186684726041 
-0.254221772950 
-0.267479888639 
-0.275006708797 
-0.139910824530 
-0.224483826142 
-0.248601849597 
-0.178257414261 
-0.220839321383 
-0.120542784700 
-0.028318465911 
-0.113744519278 
-0.192150042996 
-0.171146647152 
-0.083584258259 
-0.092234436994 
-0.193058231550 
-0.219786516408 
-0.340569143534 
-0.338768252349 
-0.305432701905 
-0.345880340232 
-0.349081457526 
-0.327629894260 
-0.287670012972 
-0.462669896463 
-0.498610171396 
-0.436344687506 
-0.404396385100 
-0.334320599943 
-0.401294806037 
-0.491722448678 
-0.295937236948 
-0.168166371200 
-0.213205967808 
-0.222882873959 
-0.278380688367 
-0.288736245104 
-0.290635977106 
-0.279311898158 
-0.261822778301 
-0.160326318532 
-0.146310055719 
-0.149098375958 
-0.254982590821 
-0.265605190068 
-0.341514730551 
-0.435267257844 
-0.300769093177 
-0.337031800410 
-0.312979198500 
-0.241830374029 
-0.309917303779 
-0.247044890761 
-0.352530891442 
-0.339551017776 
-0.403671560667 
-0.353502110453 
-0.353029210418 
-0.376599294925 
-0.340093401706 
-0.326296222302 
-0.329334972103 
-0.281788604533 
-0.294369117615 
-0.334356169898 
-0.173479588343 
-0.257182175775 
-0.212479291833 
-0.165891487679 
-0.181029738182 
-0.015086335835 
0.017480962802 
-0.068692313395 
-0.084224616153 
-0.107307286243 
-0.116195644250 
-0.075579625633 
0.018210978730 
0.080936728394 
0.094309571517 
0.031724548036 
0.040382833946 
-0.042967425496 
0.047145027862 
0.093506894746 
0.051488000751 
0.245108288981 
0.222665149274 
0.222018664956 
0.205066072324 
0.128491120387 
0.223874730873 
0.312119518565 
0.324494133483 
0.200763608940 
0.141012296462 
0.150291081704 
0.262853931483 
0.397031975572 
0.254522870115 
0.241052789187 
0.209747309128 
0.360193656818 
0.208517175783 
0.223775022383 
0.146399763977 
0.099180918944 
0.199626374063 
0.075957243000 
0.067239429158 
0.035286421890 
0.132657602210 
0.131730003070 
0.129793318110 
0.037486742235 
-0.056472341184 
-0.045915604315 
-0.096689136404 
-0.113088360413 
-0.118934262941 
-0.113567392550 
-0.106946224720 
-0.062837957829 
-0.107842604139 
-0.151609039231 
-0.135404409960 
-0.107745087331 
-0.124623072064 
-0.124623072064 
-0.092536384025 
-0.185800370600 
-0.219142781756 
-0.268989646636 
-0.268785427948 
-0.265446623189 
-0.254408746604 
-0.276616063910 
-0.305402729220 
-0.335722823170 
-0.363308562252 
-0.358290080780 
-0.254701982688 
-0.319218681701 
-0.318091513512 
-0.283556029458 
-0.295222193875 
-0.307123075993 
-0.317030654575 
-0.223653068503 
-0.196053843776 
-0.152496952661 
-0.122675754774 
-0.086813619120 
-0.095319246619 
-0.096812598206 
-0.091385923699 
-0.089122198170 
-0.075049233601 
-0.083333545220 
-0.133941438149 
-0.116166289876 
-0.111746439084 
-0.099187366622 
-0.089549564808 
-0.049131263371 
-0.043092151184 
-0.126701633161 
-0.050514887581 
0.010488571554 
0.018472659761 
-0.045277122951 
-0.024727302551 
-0.026671106558 
-0.042379681835 
-0.071729848450 
-0.093729566499 
-0.198028171886 
-0.121713842427 
-0.109106317438 
-0.121000727925 
-0.109572087318 
-0.127647657448 
-0.140902400579 
-0.104579379882 
-0.118900275114 
-0.182701435471 
-0.047180430735 
0.008197725090 
-0.057418159752 
-0.391838699071 
-0.122870866672 
-0.265150338258 
-0.091796533778 
-0.279592224958 
-0.331945463919 
-0.340429495131 
-0.321225988902 
-0.351895238257 
-0.342440986850 
-0.259121665439 
-0.003950991941 
-0.037208562178 
-0.052777951469 
-0.116345013742 
-0.141939905412 
-0.142485476959 
-0.096385399856 
-0.056141256361 
0.113658669526 
0.105234032007 
0.043806796236 
0.026015580591 
-0.038310888644 
-0.109006815850 
-0.042101291310 
-0.140065336894 
-0.129827101583 
-0.091396356796 
-0.050025672362 
0.009534311835 
0.067696698634 
-0.033870622682 
-0.109417391149 
-0.272425292037 
-0.422643258224 
-0.343807851858 
-0.316664021006 
-0.211800794157 
-0.354596941250 
-0.220221438372 
-0.392247084664 
-0.362963084503 
-0.315065861123 
-0.322676535106 
-0.341571995565 
-0.291527367729 
-0.293800641468 
-0.277450954891 
-0.208014479131 
-0.099845960450 
-0.282213818333 
-0.232120404005 
-0.267532126891 
0.139331642225 
0.141961259142 
-0.008837353346 
-0.043769061816 
-0.099832825282 
-0.064080569570 
0.012106018647 
-0.204190552309 
-0.227137665837 
-0.331835019280 
-0.075414544349 
0.183952225074 
-0.058296511207 
-0.312604175713 
-0.104336099124 
-0.234934305043 
-0.318816797632 
-0.191630472449 
-0.196050712369 
-0.190823907344 
-0.156325841971 
-0.356201115865 
-0.138539887906 
-0.130508548598 
-0.148953326825 
-0.156322228167 
-0.312848068265 
-0.483267590547 
-0.424284076967 
-0.482212609434 
-0.503993333341 
-0.462188229306 
-0.465913193648 
-0.581167340117 
-0.455661541906 
-0.411320223100 
-0.438257232965 
-0.382540166905 
-0.238688098286 
-0.287322014533 
-0.294671958589 
-0.271870241269 
-0.163875528123 
-0.477848584588 
-0.307642822863 
-0.334225329365 
-0.284575704730 
-0.421165680260 
-0.387598237697 
-0.356701926824 
-0.246843755604 
-0.215374928257 
-0.242541040532 
-0.307646784877 
-0.485732878362 
-0.463620289404 
-0.523805323175 
-0.369237218145 
-0.284663340368 
-0.130915268203 
-0.442147101397 
-0.468104520212 
-0.321284876127 
-0.245514931852 
-0.075578104675 
-0.010375761458 
-0.007492066363 
-0.004449577173 
-0.083229044266 
-0.138487968347 
-0.152759232656 
-0.266484462248 
-0.018527518881 
-0.093700358430 
-0.106280143607 
-0.188897873407 
-0.186580290009 
-0.029735172360 
-0.091209598350 
-0.055769930009 
-0.119290876502 
-0.166516491844 
-0.086037568508 
0.045256275589 
0.051032794285 
-0.183942064423 
-0.278290828336 
-0.287882767149 
-0.318461786209 
-0.285170194446 
-0.300561985177 
-0.377476582941 
-0.437077246078 
-0.421936525938 
-0.306070334690 
-0.303139793766 
-0.415181196427 
-0.414128791174 
-0.443129640177 
-0.454834994381 
-0.404632933303 
-0.414298459354 
-0.435619306381 
-0.417720182452 
-0.509118895061 
-0.529373152675 
-0.511333463179 
-0.520098528824 
-0.473155608041 
-0.367824259975 
-0.311621792986 
-0.294872945864 
-0.324634102269 
-0.364571879549 
-0.403269507878 
-0.296654411395 
-0.214908337511 
-0.235256781428 
-0.359339264786 
-0.372754132203 
-0.502845801628 
-0.365000964776 
-0.269171426391 
-0.457709859070 
-0.257113741901 
-0.329922652460 
-0.371396220207 
-0.239071887619 
-0.265164361756 
-0.263194413528 
-0.342420900895 
-0.163012077305 
-0.204313932283 
-0.206793031503 
-0.192120915615 
-0.073917979509 
-0.068966798653 
-0.127091422204 
-0.126787778028 
-0.053988558277 
-0.135889475123 
-0.146695460757 
-0.148401460512 
-0.158282695822 
-0.196143218876 
-0.069332449529 
-0.059810598058 
-0.223286068689 
-0.452942254980 
-0.341469248924 
-0.267936978402 
-0.322502290061 
-0.387854935732 
-0.419845303891 
-0.400196922117 
-0.300337021258 
-0.314195330203 
-0.366135106336 
-0.546838058979 
-0.355069696968 
-0.173558587718 
-0.252549599924 
-0.193742498674 
-0.141814898973 
0.146767553857 
-0.316772760564 
-0.370515882866 
-0.426008448294 
-0.250568777143 
-0.232527092795 
-0.297288456957 
-0.331694444016 
-0.320248312466 
-0.317000184831 
-0.228027139258 
-0.290859047925 
-0.301516481360 
-0.275047662318 
-0.289100676395 
-0.431069344703 
-0.210040528200 
-0.452729996828 
-0.339527226442 
-0.430882133873 
-0.419015657328 
-0.367577923673 
-0.385240808681 
-0.380614068452 
-0.344002233821 
-0.430450783407 
-0.506513518018 
-0.467094186195 
-0.531991951574 
-0.464587359260 
-0.345833759389 
-0.589572844110 
-0.329857114028 
-0.168235385001 
-0.210027891928 
-0.175564201397 
-0.251331341407 
-0.434079297919 
-0.262537451924 
-0.224261294628 
-0.308392554024 
-0.283338992881 
-0.190881515683 
-0.169354756665 
-0.145711657613 
-0.208290642065 
-0.160934725310 
-0.104549704084 
-0.132896131253 
-0.414075019030 
-0.378071713870 
-0.319938402765 
-0.233992319862 
-0.286213829983 
-0.286470620905 
-0.307934570223 
-0.283374107184 
-0.287298615562 
-0.268539157906 
-0.346967340251 
-0.325466531790 
-0.234902316634 
-0.299301071556 
-0.314356405085 
-0.277033529994 
-0.343720388257 
-0.327642707419 
-0.165082521198 
-0.164847344951 
-0.162726835636 
-0.153459576575 
-0.135563959751 
-0.227682686329 
-0.275519136294 
-0.276224252399 
-0.157495651580 
-0.283163155829 
-0.267002299243 
-0.309993166034 
-0.286090014819 
-0.204775867399 
-0.226624224738 
-0.145690262522 
-0.194882956240 
-0.253900534918 
-0.141835710980 
-0.155892778069 
-0.121303483739 
-0.068084470380 
-0.117546269903 
-0.201777245544 
-0.126472797507 
-0.097268763988 
-0.023634344418 
0.039757902828 
-0.007158445490 
-0.114325822425 
-0.089069741227 
-0.181500180834 
-0.512218762921 
-0.324096475255 
-0.304092067792 
-0.401526202834 
-0.306116635964 
-0.193943970902 
-0.245449527309 
-0.264622330579 
-0.335352581045 
-0.407413903634 
-0.493423531334 
-0.290402570423 
-0.237080500924 
0.008993197956 
0.000789258293 
0.048884098529 
0.078591270610 
0.002431385797 
0.011670621592 
0.018546589075 
-0.219672150393 
-0.357648167506 
-0.264388107185 
-0.265942602102 
-0.290044835663 
-0.236135721924 
-0.245879956807 
-0.176557588735 
-0.067500848719 
-0.076642247852 
-0.058590498899 
-0.064335164912 
-0.075763350593 
-0.143334511032 
-0.099505084706 
-0.150548879829 
-0.289660302710 
-0.288149307817 
-0.346773420838 
-0.315669016140 
-0.282049252616 
-0.263588840767 
-0.175162746363 
-0.182111138702 
-0.234487068201 
-0.245149758281 
-0.098353970784 
-0.065608320860 
0.034611579544 
-0.030181511615 
-0.022156218533 
0.017060000645 
-0.159594776502 
-0.018159288090 
0.051547620066 
0.003260449751 
0.011367084608 
0.141123329400 
-0.020859653911 
-0.087375688631 
-0.661453660073 
-0.510985428937 
-0.319515645501 
-0.310867291011 
-0.241634494229 
-0.065692664141 
0.109104454583 
0.206801895080 
0.097883560656 
0.079691348443 
0.090725941049 
0.041870856780 
0.042269191918 
-0.025515289109 
0.054306388492 
0.107124460886 
0.231345737895 
0.303857501249 
0.198071504797 
0.366197203992 
0.340785337469 
0.072792316879 
0.172574319161 
0.034327120591 
0.221979885507 
0.219907614849 
-0.312117363503 
-0.220753966462 
-0.152073892141 
-0.354034102617 
-0.478718202436 
-0.511898683379 
-0.491256405197 
-0.584270785673 
-0.262574573297 
-0.342464383493 
-0.277128503159 
-0.353956543591 
-0.552986542001 
-0.517148358732 
-0.345442085472 
-0.440174496142 
-0.415135135021 
-0.321380321126 
-0.167141044217 
-0.162722782645 
-0.196583532381 
-0.166472569793 
-0.198605412622 
0.052469815523 
-0.034113276665 
-0.036259234371 
0.052727916897 
0.127874333204 
0.142452121138 
0.061913564818 
-0.099975979533 
0.076840417765 
0.166265013005 
0.096656122008 
0.155144207015 
0.002155974730 
-0.057138934889 
0.028167140524 
0.125218969388 
0.398697581897 
0.213864662943 
0.001610442777 
0.124944992215 
0.206912319660 
-0.056593385494 
0.186113709699 
0.253248710937 
0.060668402057 
0.207584323421 
-0.008835107615 
-0.263686800225 
-0.022655850060 
0.017020358718 
0.279906010537 
0.203001976973 
-0.091729248804 
0.044693558489 
0.071626083772 
0.076100495528 
-0.081725858888 
-0.077071942765 
-0.129989333012 
-0.165470893144 
-0.101970925234 
-0.206383857457 
-0.353064659646 
-0.461812045170 
-0.590197154779 
-0.635325783676 
-0.328126499819 
-0.450948258497 
-0.424232322196 
-0.475933474796 
-0.486068652427 
-0.542368406182 
-0.465478252826 
-0.347183074914 
-0.307622354629 
-0.229881488027 
-0.126045267767 
-0.133746010179 
-0.012781769827 
0.056792373808 
0.179110353877 
-0.050541344261 
-0.265195980134 
-0.264425025761 
-0.371508367848 
-0.377401665006 
-0.326030747900 
-0.307172959675 
-0.385368709017 
-0.388328061604 
-0.138740552777 
-0.381903491928 
-0.267161169169 
-0.076174661020 
-0.045497814028 
0.110469073159 
-0.017706984837 
-0.005525413585 
-0.010812460199 
-0.037113616620 
-0.082806354579 
-0.055416794331 
-0.047781569393 
-0.082917513568 
-0.273456255877 
-0.166225563132 
-0.287670828104 
-0.257203828898 
-0.244839904425 
-0.146805057513 
-0.177413844820 
-0.092094706308 
-0.171560129629 
-0.138644554189 
-0.214611219816 
-0.285935237724 
-0.280518157407 
-0.308185901834 
-0.402558940917 
-0.286649164905 
-0.269794790530 
-0.406503969304 
-0.483636846475 
-0.432685212261 
-0.376718361865 
-0.421694368880 
-0.327414686611 
-0.369250218430 
-0.314034199208 
-0.369331482688 
-0.312627048972 
-0.198075337217 
-0.269070959138 
-0.531996622409 
-0.565710111012 
-0.397729503817 
-0.198029843213 
-0.250766571391 
-0.322152953536 
-0.348188404522 
-0.361373637790 
-0.456084144734 
-0.540436341698 
-0.461645039096 
-0.406800402157 
-0.429367634516 
-0.425844657115 
-0.472646730116 
-0.442851448636 
-0.350149828061 
-0.417378987040 
-0.363903736080 
-0.399717610045 
-0.420240959056 
-0.358021645195 
-0.367194901752 
-0.046303833934 
0.011122304283 
-0.027393503433 
-0.008400792099 
-0.032407526971 
-0.143079337963 
-0.104181582176 
-0.122954260540 
-0.212873284028 
-0.098628993144 
-0.116439108425 
-0.240960935327 
-0.320934008312 
-0.363645265743 
-0.360787143868 
-0.332248748769 
-0.267788840302 
-0.219222833355 
-0.141016142591 
0.020633583545 
0.161695428991 
-0.011226357444 
-0.098101589337 
-0.069560995120 
-0.049749259399 
-0.143093368694 
-0.232450791862 
-0.211694313411 
-0.375310259646 
-0.365270432935 
-0.315564949018 
-0.288400780581 
-0.378021539698 
-0.374948334108 
-0.393290615985 
-0.405372159786 
-0.423799413547 
-0.395622284734 
-0.256499242825 
-0.164565170310 
-0.204528165080 
-0.180916573107 
-0.155273550266 
-0.082086572942 
-0.050105750193 
0.065701915240 
0.001624864268 
-0.018015177483 
0.125831102753 
0.163228019856 
0.007445318552 
-0.161914312776 
-0.250197225403 
-0.215628968833 
-0.246967713528 
-0.430334988514 
-0.365438782803 
-0.105282622544 
-0.113054943101 
-0.141936370561 
0.017363813326 
-0.128067282173 
-0.254403777370 
-0.319982510817 
-0.276476791198 
-0.273468605823 
-0.324067643184 
-0.414104474206 
-0.396111183003 
-0.358723793928 
-0.379529110995 
-0.511992876796 
-0.419290791145 
-0.359929887543 
-0.397563198107 
-0.319417700407 
-0.322363451316 
-0.260602705921 
-0.222002754450 
-0.258569177560 
-0.223590092365 
-0.183705410497 
-0.188162586142 
-0.215847882464 
-0.284693690059 
-0.284369995039 
-0.244895606386 
-0.203220475711 
-0.194321651703 
-0.183169325727 
-0.191323915460 
-0.209961387602 
-0.211325540008 
-0.225714987473 
-0.271131922347 
-0.209651167635 
-0.157607032536 
-0.168761747038 
-0.179169564930 
-0.192917441787 
-0.194274501999 
-0.201432152180 
-0.275722979205 
-0.295897517503 
-0.313595229805 
-0.304999490789 
-0.299144837044 
-0.272255182587 
-0.264125538229 
-0.226069653000 
-0.231938204879 
-0.233052581631 
-0.203327938381 
-0.237069001057 
-0.266437094995 
-0.269256682133 
-0.256415712436 
-0.267039979828 
-0.255849408814 
-0.269173792794 
-0.258959568624 
-0.270518562502 
-0.287810946803 
-0.262283125159 
-0.267729624520 
-0.255763348636 
-0.262850519459 
-0.388475481376 
-0.247231472547 
-0.106703802135 
-0.096958661140 
-0.089455326336 
-0.159820257512 
-0.136866853591 
-0.136792341833 
-0.119555684473 
-0.128661794279 
-0.255416882987 
-0.245092422642 
-0.253325921792 
-0.244348704676 
-0.247714669996 
-0.256048882825 
-0.243025049837 
-0.178048270692 
-0.159587937361 
-0.235628757321 
-0.130360247131 
-0.110835752108 
-0.117024419319 
-0.116890893792 
-0.086686795451 
-0.082397584355 
-0.121048226605 
-0.357923956162 
-0.424595956777 
-0.388391274473 
-0.418333331733 
-0.281856954777 
-0.325649262301 
-0.400114914694 
-0.426278492621 
-0.348202690819 
-0.436010644975 
-0.450956888058 
-0.439992022137 
-0.451716583944 
-0.458913209142 
-0.429433752725 
-0.443457088274 
-0.393326900295 
-0.465207813869 
-0.423974782911 
-0.449394169434 
-0.333251580608 
-0.279346397808 
-0.198421446201 
-0.085889427647 
-0.048128144441 
-0.073905429442 
-0.082237724273 
-0.131135077321 
-0.192334212025 
-0.184521998172 
-0.176567742693 
-0.002294069637 
0.003380341598 
0.077823471229 
0.049926377703 
0.118625391541 
-0.071090973306 
-0.259986850029 
-0.231417670912 
-0.252269127794 
-0.251713531012 
-0.329742139976 
-0.365018904220 
-0.213458414703 
-0.229854916972 
-0.273111942324 
-0.098759674560 
0.039184102772 
-0.046739479154 
-0.091094609248 
-0.124205240143 
-0.271005960301 
-0.205143577721 
-0.288381367284 
-0.346980610444 
-0.211222817239 
-0.330020832618 
-0.311440353320 
0.190287667061 
0.073870761252 
-0.002820722419 
0.136426181082 
0.330867433787 
-0.127352096847 
-0.071350254330 
-0.145618391623 
-0.240865287335 
-0.181583270305 
-0.122843597840 
-0.152253454801 
-0.033878922513 
-0.457668413622 
-0.531216603378 
-0.492049907387 
-0.623256332763 
-0.577124742080 
-0.458390189272 
-0.426954296025 
-0.533085704635 
-0.268034922274 
-0.517293547988 
-0.282928728098 
-0.309742443765 
-0.436449339103 
-0.111108912909 
-0.210488200293 
-0.317473564387 
-0.324692701516 
-0.463069813123 
-0.243916211867 
-0.294027064941 
-0.323624862898 
-0.225474724562 
-0.218886949648 
-0.172189032049 
-0.248956247504 
-0.166614435533 
0.127428002638 
0.107230889717 
-0.118061180250 
-0.269035473959 
-0.020279115331 
0.035763847669 
0.030370204356 
0.012267341238 
0.032166312888 
0.072722804691 
0.242792572730 
0.249982074752 
0.294486821692 
-0.104302704226 
-0.115183625974 
-0.317821817226 
-0.225269062896 
-0.380190618335 
-0.358513757367 
-0.294700309097 
-0.203458703097 
-0.216192741270 
-0.296974071894 
-0.293534859002 
-0.285074011324 
-0.315007282237 
-0.415242419050 
-0.374337000950 
-0.270045055395 
-0.344729738672 
-0.372894217316 
-0.283665268315 
-0.328287051825 
-0.226509135781 
-0.230697397708 
-0.218219916275 
-0.163617144453 
-0.175284936995 
-0.228556014545 
-0.237677829088 
-0.192986696562 
-0.196192310958 
-0.186438108659 
-0.134975190932 
-0.122549690967 
0.113131322713 
-0.053201141182 
-0.039591586036 
-0.169027901143 
-0.023270991645 
-0.059076561405 
-0.149841690080 
0.120795462126 
-0.101904218965 
-0.184468795790 
-0.432056036542 
-0.601004152401 
-0.527985029292 
-0.496113604003 
-0.280399342254 
-0.205182254765 
-0.312270008112 
-0.215264700925 
-0.324779369626 
-0.383273877548 
-0.490709603015 
-0.437913218985 
-0.329897906323 
-0.532835703722 
-0.396543068253 
-0.328654987693 
-0.404546013510 
-0.499999895569 
-0.394251486602 
-0.359046116029 
-0.326867253783 
-0.387946877518 
-0.232597092745 
-0.161468012029 
-0.056950372582 
-0.021695560637 
-0.023777546882 
-0.019887960834 
-0.017997739156 
-0.017997739156 
-0.065503510552 
-0.034836952269 
-0.219153044730 
-0.340918205934 
-0.323269713884 
-0.416158470836 
-0.494438407490 
-0.298014541001 
-0.328898770343 
-0.491743467602 
-0.354938129647 
-0.151514927213 
-0.158800923480 
-0.253821164709 
-0.261693854188 
-0.269732862059 
-0.334483498969 
-0.248889466384 
-0.285602165437 
-0.165908636490 
-0.087744486093 
-0.029074628986 
-0.029466527657 
-0.068014363724 
-0.160389730765 
-0.240838145748 
-0.234532349232 
-0.238110995076 
-0.085601055650 
-0.038592607013 
0.110102888831 
0.056481975619 
0.008929420753 
-0.017613978138 
-0.065620160499 
-0.119698371842 
-0.183406374533 
-0.009856472426 
-0.149576740163 
-0.197774987461 
-0.296012560028 
-0.249050350407 
-0.164994860299 
-0.317125402861 
-0.211095247574 
-0.398309875053 
-0.422006919461 
-0.313966085159 
-0.185322353679 
-0.254970812858 
-0.470314211370 
-0.447943276340 
-0.463617781332 
-0.319278611866 
-0.119181582155 
-0.252267462358 
-0.313101380918 
-0.339271408851 
-0.422584323135 
-0.318260874416 
-0.324992693875 
-0.218149601578 
-0.338673806712 
-0.353118252462 
-0.426407488243 
-0.466506888357 
-0.364065590974 
-0.319777068590 
-0.373001765009 
-0.388841187153 
-0.387066221384 
-0.305343165337 
-0.312853678521 
-0.219742201206 
-0.327034534364 
-0.304710575248 
-0.291998959578 
-0.448129797708 
-0.307378676881 
-0.303527732173 
-0.258342944223 
-0.259600859242 
-0.237564321561 
-0.341184652577 
-0.269490632472 
-0.239736269983 
-0.250290732686 
-0.149313163298 
-0.155422359119 
-0.195626771879 
-0.095356847602 
-0.128551362886 
0.196665139862 
0.025826407514 
0.045771264543 
0.128655360701 
0.147449475765 
0.200821230859 
0.189512354342 
0.024943288731 
0.180161275866 
0.422926378067 
0.405425173737 
0.187536679935 
0.217903066926 
0.243434802661 
-0.006371354312 
-0.018226530523 
0.078655083380 
0.253612054382 
0.271012933320 
0.183451918221 
0.378261839083 
-0.097159272486 
0.025769104447 
-0.202757034196 
-0.293634937213 
-0.421963171650 
-0.435353811456 
-0.345049666450 
-0.363372047381 
-0.294884731662 
-0.175876836454 
-0.162230394613 
-0.246142076252 
-0.180453168523 
-0.180453168523 
-0.143569683925 
-0.242269367264 
-0.225431364136 
-0.106057082543 
-0.063481709018 
0.071826292350 
0.057281624644 
0.154146824836 
-0.044499295918 
-0.099543315065 
-0.212553289541 
-0.291370680603 
-0.265024929883 
-0.327362422477 
-0.432833949793 
-0.287212641905 
-0.251483143133 
-0.304596276072 
-0.262190028202 
-0.335133394820 
-0.356486941258 
-0.310265997646 
-0.302379977552 
-0.358444396083 
-0.377856190384 
-0.280134641161 
-0.295964408647 
-0.297910602133 
-0.293502399481 
-0.313634992715 
-0.313379062903 
-0.309800236339 
-0.303845904702 
-0.303845904702 
-0.327238903680 
-0.308354790274 
-0.317407516069 
-0.317285294344 
-0.262998774291 
-0.308853405165 
-0.246191295422 
-0.181317494609 
-0.257298864338 
-0.281590349518 
-0.205302967785 
-0.217795955861 
-0.237784564047 
-0.192567427331 
-0.140599203415 
-0.137573935692 
0.172753338543 
0.130895785092 
0.134450607574 
0.123186343801 
0.083893638245 
0.075041532683 
0.053650128780 
0.050692019760 
0.056967373987 
-0.001268966994 
0.255499036295 
0.185347881195 
0.118876947132 
0.146118556045 
-0.023907681885 
0.075341577554 
0.089688662089 
-0.013678269565 
-0.090940289280 
-0.082818888273 
0.087312091312 
0.099922082730 
0.294188515868 
0.141067399049 
0.015202452399 
0.013501450260 
0.054863392694 
0.029423992773 
0.003932526204 
-0.167788249235 
-0.195342318454 
-0.249024701782 
-0.305575000650 
-0.257978863663 
-0.296630816442 
-0.291491300922 
-0.171436231522 
-0.187093332565 
-0.184319216335 
-0.215697754954 
-0.180228805496 
-0.205155580203 
-0.291525316248 
-0.251322763821 
-0.304963132466 
-0.314883420260 
-0.281274020160 
-0.377829441663 
-0.241819903557 
-0.190267171150 
-0.169880713649 
-0.102901194421 
-0.071979881593 
-0.180620581357 
-0.205400430011 
-0.230576157837 
-0.233912940481 
-0.212475780667 
-0.324939873750 
-0.348687184064 
-0.317730689527 
-0.213419642960 
-0.209688001544 
-0.275867514922 
-0.073592691509 
-0.147740292274 
-0.157432244799 
-0.073011355092 
-0.119501732847 
-0.179527147987 
-0.261774131480 
-0.264075679339 
-0.192162699539 
-0.471605369784 
-0.366088155731 
-0.238491415977 
-0.205689216360 
-0.335196560282 
-0.290165507685 
-0.111751795352 
-0.330183413334 
-0.261617356664 
-0.255858236613 
-0.154513918449 
-0.265544953293 
-0.199725426070 
-0.242347289248 
-0.194122854709 
-0.298206391972 
-0.172711822544 
-0.368132189495 
-0.277660766010 
-0.403096288422 
-0.460457504806 
-0.477320078880 
-0.532406875872 
-0.330770769280 
-0.366865546615 
-0.188610895063 
-0.193533292555 
-0.110669231125 
-0.158646823880 
-0.144562160010 
-0.235307917759 
-0.241790424200 
-0.253994852761 
-0.271454430861 
-0.342908838830 
-0.291239442322 
-0.387219557246 
-0.215534851701 
-0.305632918791 
-0.055678577883 
-0.104443771175 
-0.372062284443 
-0.131118705409 
-0.329609090526 
0.129930833290 
-0.113350592116 
-0.220810774058 
-0.168250336002 
-0.112250426519 
-0.097422878798 
-0.131648198223 
-0.006533012484 
-0.103955907530 
-0.153430789125 
-0.307896988349 
-0.419634558884 
-0.050701739559 
-0.071685594730 
0.014675598632 
-0.074961557848 
-0.055781272777 
0.011658583822 
-0.005517981349 
-0.090125417323 
0.064615788325 
-0.101767699289 
0.225828923069 
0.002349698033 
-0.022687437811 
0.164821576726 
0.084891285575 
0.103112257946 
0.190936069655 
0.296637542931 
0.384244404992 
0.094558380829 
0.104780883514 
0.222142696085 
0.053497612004 
0.117857098272 
0.039886042841 
0.053366413025 
0.162682880051 
-0.025320403152 
-0.107604006189 
-0.347306018384 
-0.157504873765 
-0.052261905288 
-0.121818938383 
0.104215277062 
-0.105703748688 
-0.100656056911 
-0.113353212009 
-0.208550395531 
-0.394229999706 
-0.137417771906 
-0.242933224631 
-0.200949316369 
-0.207842113676 
0.062792848501 
-0.012554811737 
-0.040901914033 
-0.109082555545 
-0.175667785900 
-0.195780182968 
-0.489876016322 
-0.433216256934 
-0.320890457439 
-0.198836690394 
-0.238612892765 
-0.242929515338 
-0.163485282414 
-0.096706669520 
-0.117905383963 
-0.311934508222 
-0.284591863069 
-0.289262994654 
-0.196384484651 
-0.118388849965 
-0.115884285709 
-0.152291972269 
-0.179737717309 
-0.140410091556 
-0.309493412876 
-0.389307824203 
-0.267023519973 
-0.117989529610 
-0.271594570474 
-0.246927187833 
-0.323745792235 
-0.372353315427 
-0.426730745000 
-0.375312633083 
-0.344131085435 
-0.187089660730 
-0.207891920958 
-0.143437017954 
0.217196381390 
0.138789129169 
-0.005076460568 
0.013105790618 
-0.083091003824 
-0.442948841150 
-0.443798985152 
-0.149305420649 
-0.215397886520 
-0.298243424329 
-0.311182261055 
-0.324387441510 
-0.425644189848 
-0.490633274636 
-0.316663136418 
-0.304830296916 
-0.320707827374 
-0.149766263687 
-0.000210494562 
0.028153796614 
0.062723129444 
0.113256059427 
-0.014568945077 
0.018012823484 
-0.084873607278 
-0.096457813728 
-0.259745924009 
-0.266688512105 
-0.198328073840 
-0.448456044969 
-0.459890114287 
-0.350880315292 
-0.271779902658 
-0.267539206547 
-0.256379044889 
-0.250897817621 
-0.219483437395 
-0.199472856648 
-0.075738195979 
-0.399947687755 
-0.433495818089 
-0.552746957951 
-0.565272422097 
-0.433705299593 
-0.474784510830 
-0.437520779506 
-0.389323132624 
-0.422889321218 
-0.462714582712 
-0.288574696675 
-0.283938814244 
-0.148614908117 
-0.191867824684 
-0.105086794951 
-0.138394577434 
-0.075047203984 
-0.095955580812 
-0.096463879498 
-0.194007711750 
-0.123262776085 
-0.075914874187 
0.060593452644 
-0.119727865449 
-0.137906491144 
-0.172495453878 
-0.201468666008 
-0.236107948949 
-0.088088083597 
-0.057059413175 
-0.286042063391 
-0.360175361635 
-0.357324260491 
-0.236883069071 
-0.237937333273 
-0.000227567052 
-0.220719423149 
-0.314550887786 
-0.320176758972 
-0.457879267497 
-0.497563636866 
-0.158165886004 
-0.443514691712 
-0.416351446363 
-0.491193677445 
-0.081053692406 
-0.128452309002 
-0.150911137349 
-0.146797953676 
-0.150295458791 
-0.121569728619 
-0.126417482641 
-0.132608636613 
-0.141454241306 
-0.163949859778 
-0.244767829591 
-0.318862088399 
-0.568380341729 
-0.246101536525 
-0.354325465064 
-0.306443533348 
-0.305466325789 
-0.308853747247 
-0.323765179248 
-0.448844574549 
-0.494311428903 
-0.531310160787 
-0.370664814644 
-0.395943298706 
-0.461600812857 
-0.491544343739 
-0.490864674040 
-0.570731614110 
-0.487218307898 
-0.359518567603 
-0.348900623584 
-0.365552040012 
-0.370054528007 
-0.364063365772 
-0.346904582458 
-0.349196243844 
-0.349023569685 
-0.427628259379 
-0.412081195539 
-0.381834295830 
-0.371869975307 
-0.456746951755 
-0.495733331269 
-0.448445144071 
-0.383057926137 
-0.429062684516 
-0.461645572384 
-0.519601093007 
-0.468329994270 
-0.347255593156 
-0.315186603329 
-0.428660735818 
-0.518321890923 
-0.419545261290 
-0.466558192949 
-0.459292296158 
-0.516403822703 
-0.490136418817 
-0.426526372581 
-0.425413075693 
-0.374773162526 
-0.500467988322 
-0.354712921329 
-0.255215351940 
-0.250125311648 
-0.340573558755 
-0.440713910818 
-0.378150457656 
-0.431023400209 
-0.330063565949 
-0.326879566844 
-0.299956322562 
-0.364623148344 
-0.241201505019 
-0.184119177751 
-0.405196410828 
-0.265749332087 
0.015471524514 
0.066748665607 
-0.009535043914 
0.045990698802 
-0.113343115450 
-0.148930945312 
-0.134865261279 
-0.123630102841 
-0.142406006461 
-0.172447146339 
-0.121632341302 
-0.111734105894 
-0.101756894795 
-0.152549974010 
-0.146040905100 
-0.129076781897 
-0.147162325129 
-0.151617066540 
-0.118328394693 
-0.110276628551 
-0.118374945053 
-0.123207543804 
-0.198784821480 
-0.185606329713 
-0.062009101860 
0.054811627637 
-0.092076365451 
0.038606972638 
0.030282442348 
-0.018264740238 
-0.049085400678 
-0.143147208540 
-0.159161565399 
-0.187717942599 
-0.214190842112 
-0.111406496281 
-0.259411983613 
-0.260179085964 
-0.459064525402 
-0.460525732144 
-0.482342195132 
-0.454592525894 
-0.482138122238 
-0.480789982221 
-0.345366615928 
-0.358743108804 
-0.310751343563 
-0.280779380559 
-0.249621382326 
-0.309609841490 
-0.325385643315 
-0.437385882247 
-0.338831407536 
-0.418843989872 
-0.340086140426 
-0.356491636704 
-0.297477235639 
-0.131507910942 
-0.183689737033 
-0.232503708497 
-0.318981316028 
-0.191242970726 
-0.191461936783 
-0.321186969224 
-0.331121935939 
-0.420243298768 
-0.312151319783 
-0.365581224359 
-0.355382015102 
-0.383653138833 
-0.418726735024 
-0.017617775767 
-0.051615175253 
-0.109135626470 
-0.122928652281 
0.003217634266 
-0.219528151771 
-0.399444967922 
-0.182956461306 
-0.238041233622 
-0.164810994577 
-0.294615150429 
-0.356868613951 
-0.359819774840 
-0.374303141279 
-0.396891172125 
-0.389616607774 
-0.313143232124 
-0.295251050985 
-0.415949835255 
-0.345779670314 
-0.476266212291 
-0.503243950801 
-0.368938015885 
-0.448441545692 
-0.437542198881 
-0.498630599835 
-0.433858510225 
-0.407803354355 
-0.363812635400 
-0.364796907339 
-0.037907284678 
-0.500776909091 
-0.418259203849 
-0.233327514283 
-0.563531728640 
-0.441554476942 
-0.252739236922 
-0.306513081903 
-0.378027527730 
-0.222251167267 
0.012796785070 
-0.146980710413 
-0.056727574098 
-0.201683976534 
-0.257176963381 
-0.221587003644 
-0.213826419971 
-0.251857782674 
-0.002834708976 
0.069887654366 
0.102831386041 
0.019518089840 
-0.096661366781 
-0.225014029906 
-0.154961092136 
0.068928127723 
-0.179732520815 
-0.078955803496 
-0.051975155276 
0.030034085135 
0.012375892265 
-0.000901639093 
-0.021564265107 
0.022828395840 
0.044689574876 
0.101931665467 
-0.073703552723 
0.043403728444 
-0.325861118108 
-0.446787270263 
-0.459072450147 
-0.353870707205 
-0.392456413039 
-0.391043108789 
-0.389558445479 
-0.341529152189 
-0.510966322902 
-0.480368929820 
-0.417806638394 
-0.448454793554 
-0.561881670115 
-0.516355065910 
-0.448936331811 
-0.315594392249 
-0.152216300249 
-0.159254385643 
-0.172013917650 
-0.074438625230 
-0.043120477296 
0.024031440099 
0.057473291184 
0.069668348774 
-0.175479995120 
-0.032780240027 
-0.146163966064 
-0.090094750556 
-0.129510552067 
0.030025785387 
0.042055726295 
0.083918362514 
0.006039246505 
0.153567922310 
0.076644869706 
-0.000482571376 
0.008828755362 
-0.283914219023 
-0.197352768538 
-0.131032818098 
-0.044753559114 
0.075772224995 
0.108049142802 
-0.040581663176 
0.045855070250 
0.008678506091 
-0.002105082408 
-0.124688380134 
-0.080548478872 
0.177152649076 
0.059513289781 
-0.026792784920 
-0.107215381528 
-0.113826108497 
-0.269104661010 
-0.136880073188 
-0.156288198668 
-0.272467170939 
-0.077109458513 
-0.127646188162 
-0.102237007807 
-0.338883331865 
-0.363551153604 
-0.329925511104 
-0.366261081215 
-0.392646736214 
-0.255350752829 
-0.296854651968 
-0.359100738223 
-0.049445949033 
-0.071666600969 
-0.433064326312 
-0.373682814187 
-0.314747705144 
-0.177398512863 
-0.166564865302 
-0.257835629060 
-0.227161500055 
-0.279553306386 
-0.361581671492 
-0.363127154384 
-0.424237978394 
-0.373458111175 
-0.306392216294 
-0.302994819450 
-0.301550044961 
-0.292950567569 
-0.256433616432 
-0.222337519744 
-0.257648002697 
-0.267010216644 
-0.276371815413 
-0.239243280754 
-0.302794656952 
-0.329356167817 
-0.287074131253 
-0.323499392566 
-0.372040358767 
-0.440378365032 
-0.464454317605 
-0.379847669844 
-0.393357432971 
-0.432946547415 
-0.435327387273 
-0.450124403527 
-0.480148825618 
-0.508298975661 
-0.646296352366 
-0.499515559061 
-0.531387352202 
-0.516052728782 
-0.473729823679 
-0.486129319593 
-0.490790258858 
-0.411100467187 
-0.402926794963 
-0.437807215931 
-0.432435703577 
-0.383170993725 
-0.356021260463 
-0.302321634583 
-0.363165674504 
-0.415119356975 
-0.447834563962 
-0.384735326379 
-0.431581318448 
-0.439473647532 
-0.466521829864 
-0.440049303969 
-0.481546484695 
-0.556057050695 
-0.533285756806 
-0.452340510571 
-0.576828912952 
-0.488663890489 
-0.573621754878 
-0.534079394720 
-0.453479667984 
-0.352238665189 
-0.332199157694 
-0.138233868119 
-0.116028766159 
-0.083017231249 
-0.003719279938 
0.032105107740 
0.119964581063 
-0.070205195802 
-0.007189877120 
-0.022882205509 
-0.108182250616 
-0.084766850165 
-0.019890317939 
0.041895480032 
0.138931390103 
0.126615893823 
0.076904291065 
-0.141321265568 
-0.275117103363 
-0.173988575756 
-0.050010390378 
-0.066729328704 
-0.077188676774 
-0.044521836482 
-0.074482081517 
-0.295980064166 
-0.333101549741 
-0.295950104845 
-0.331354184629 
-0.357033315335 
-0.382211628601 
-0.131735389279 
-0.275870389521 
-0.370504368159 
-0.342467525126 
-0.417322742075 
-0.396637746513 
-0.319419056646 
-0.268740988545 
-0.398031847769 
-0.337418764421 
-0.154258449236 
-0.204111138931 
-0.180218199785 
-0.110912231969 
-0.222987089232 
-0.318190000178 
-0.270548340049 
-0.358270467103 
-0.425359439106 
-0.549911283796 
-0.545517742458 
-0.611725253525 
-0.585076435370 
-0.665255468198 
-0.636722267256 
-0.628352450752 
-0.383305652807 
-0.325206211020 
-0.327468455956 
-0.325649322122 
-0.342778807547 
-0.396841616546 
-0.265342493276 
-0.424338848869 
-0.409034692465 
-0.375724888530 
-0.532917654553 
-0.529798318313 
-0.480618169675 
-0.432527977196 
-0.422586922508 
-0.361913609637 
-0.338086292034 
-0.540750481147 
-0.545989840035 
-0.565170804086 
-0.554333954322 
-0.613118326704 
-0.491130787752 
-0.490809080149 
-0.310688946612 
-0.295391204076 
-0.252554404727 
-0.312799974992 
-0.365681099160 
-0.458884333604 
-0.431289644798 
-0.473846021418 
-0.406793872087 
-0.377558478233 
-0.377446796265 
-0.408332043418 
-0.427906133668 
-0.448545478225 
-0.485796491120 
-0.422992014909 
-0.439118558157 
-0.383341020627 
-0.477964656033 
-0.485342848951 
-0.380889524223 
-0.363431356900 
-0.445009951423 
-0.529994056345 
-0.419493118376 
-0.416907916084 
-0.362595690441 
-0.349077575592 
-0.312804354196 
-0.195715006964 
-0.215193123601 
-0.196837063178 
-0.086556297091 
-0.221834825305 
-0.389290367595 
-0.442137865577 
-0.324315985467 
-0.381679081550 
-0.411371761976 
-0.488522490802 
-0.504606287909 
-0.468868389614 
-0.460193880707 
-0.485172674409 
-0.343133441394 
-0.343536358841 
-0.523081887344 
-0.401110809659 
-0.477847327423 
-0.337723463434 
-0.465981997044 
-0.438493079027 
-0.434950651405 
-0.315345385197 
-0.084921607157 
-0.063228957951 
-0.158149579549 
-0.155168797178 
-0.166189698057 
-0.222193478609 
-0.161069328175 
-0.158494063185 
-0.073221017382 
-0.009562058005 
-0.000437825558 
-0.033098912376 
-0.053186974754 
0.023450241105 
-0.000937822747 
-0.003355697101 
0.042360049905 
0.031864943326 
0.083286300870 
0.101406042396 
0.190123856265 
0.195377796478 
0.179113312660 
0.183838071711 
0.227245082108 
0.400679169559 
0.092564141424 
0.089342811804 
0.102585440561 
0.144514859991 
-0.015680927965 
-0.016839757312 
0.006935283328 
-0.032266834707 
0.136686006024 
0.183597428030 
0.173475226307 
0.090970955279 
-0.424287568382 
-0.428993531825 
-0.416086179825 
-0.442480638213 
-0.470154643728 
-0.552249990225 
-0.457470531315 
-0.597797202037 
-0.555212000050 
-0.340526527105 
-0.333132747520 
-0.259543630767 
-0.296952683847 
-0.272674442281 
-0.291739409269 
-0.340757991872 
-0.472376044086 
-0.331716371241 
-0.319735140785 
-0.218116393292 
-0.175466802932 
-0.201186384616 
-0.196881380680 
-0.144020868419 
-0.187631690182 
-0.081657059422 
-0.177213526895 
-0.176567592945 
-0.329591824630 
-0.437936929032 
-0.361769118798 
-0.345455104219 
-0.408279446568 
-0.212642293898 
-0.242701876537 
-0.348097207180 
-0.201952915812 
-0.125895481240 
-0.222940091964 
0.121788573163 
0.094782054267 
-0.133171434471 
-0.144880775704 
-0.267843444347 
-0.337397505461 
-0.274613020160 
-0.261819197799 
-0.231912231084 
-0.213612721689 
-0.139519687440 
-0.077138590188 
-0.160340822764 
-0.099538167990 
-0.059539830345 
-0.097150770893 
-0.368582701862 
-0.477802187216 
-0.246514350506 
-0.087598816922 
-0.010404519652 
0.026612648752 
0.006026475347 
-0.191299744952 
-0.387334513111 
-0.290300131007 
-0.363118111252 
-0.414659104960 
-0.285411380894 
-0.314460315449 
-0.382734393228 
-0.177913324674 
-0.127284644959 
-0.227000255521 
-0.144524313485 
-0.025030533846 
-0.282626243456 
-0.214940056280 
-0.245817156651 
-0.193847032891 
-0.129639693722 
0.046250173302 
-0.039457021920 
-0.052678370114 
0.029830893177 
0.145431945582 
0.052553265409 
-0.159067969245 
-0.202577763287 
-0.453736340905 
-0.249876007507 
-0.415549459397 
-0.518465777828 
-0.333433244394 
-0.485222754690 
-0.341484236558 
-0.337534285895 
-0.409842477888 
-0.470127121518 
-0.405184469279 
-0.383592714560 
-0.460134407623 
-0.214125764129 
-0.237784967373 
-0.260379545314 
-0.200874780970 
-0.409218354048 
-0.359345932607 
-0.361628815698 
-0.169825791910 
-0.202115516763 
-0.231394112575 
-0.167937744704 
-0.178253725200 
-0.052820050960 
-0.320250764318 
-0.369490303023 
-0.444670942280 
-0.539826334275 
-0.531701948148 
-0.208729812316 
-0.558712165800 
-0.622787197062 
-0.698729575256 
-0.347606859455 
-0.240529883150 
-0.470599160334 
-0.328610882022 
-0.194204019631 
-0.106807295896 
-0.087326924469 
-0.172942401819 
-0.088293173540 
0.094983377657 
0.067251470633 
0.190600746939 
-0.319298591561 
-0.337136353539 
-0.217584092902 
-0.250587237427 
-0.322845679148 
-0.187285712328 
-0.169180490859 
-0.083924786435 
-0.208380137567 
-0.218801020922 
-0.306412178777 
-0.321092414079 
-0.400752859203 
-0.248319352011 
-0.167991437137 
0.075664119515 
-0.185421736460 
-0.336899912482 
-0.434601224007 
-0.251994933385 
-0.290634848597 
-0.345178797481 
-0.231157301930 
-0.243993165196 
-0.270878329148 
-0.281618605491 
-0.223134358549 
-0.260526072837 
-0.170684322132 
-0.369515431312 
-0.346799418025 
-0.243397679089 
-0.302903302627 
-0.178206075635 
-0.228629247855 
-0.236651892624 
-0.258301607707 
-0.299881880272 
-0.395916072822 
-0.361287680235 
-0.363033302973 
-0.330399689284 
0.124785966966 
-0.075035586964 
0.076019784772 
0.063959096537 
0.101385660471 
0.220417375699 
0.142164253286 
0.198601731553 
0.199523261768 
0.150226715564 
0.096645429253 
0.020611413001 
-0.058850579760 
0.001800114971 
0.007711656789 
0.078240158051 
0.149234095719 
-0.293606533536 
-0.170196645347 
-0.327674823587 
-0.414706572999 
-0.440205777650 
-0.494186979596 
-0.376182986370 
-0.235969296685 
-0.236178007496 
0.030944889531 
-0.053513530630 
-0.005925815031 
-0.076663083951 
-0.148750895541 
-0.173230496193 
-0.202854938669 
-0.175161746605 
-0.190147292108 
-0.213391450317 
-0.260110789459 
-0.153754708680 
-0.172274635396 
-0.109846773959 
-0.099301140437 
-0.094153110000 
-0.076354312109 
-0.282264820463 
-0.313153409568 
-0.254011045635 
-0.446328849781 
-0.334339115538 
-0.218080263402 
-0.209079849604 
-0.135992089542 
-0.072798171629 
-0.129364488808 
-0.052984273322 
-0.134122016251 
-0.084809249931 
-0.129558090809 
-0.183988750121 
-0.179367266711 
-0.156227233866 
-0.104337593264 
-0.158700815161 
-0.152641215811 
-0.339170037321 
-0.258017197405 
-0.265945650420 
-0.377920556975 
-0.372034161396 
-0.333770555207 
-0.334063264790 
-0.304629635314 
-0.249654030084 
-0.291399611299 
-0.336569213789 
-0.258615442608 
-0.244161819127 
-0.223710749348 
-0.224821577723 
-0.211895704990 
-0.141100405571 
-0.129178583442 
-0.167182953158 
-0.172579710882 
-0.178552429514 
-0.183481896539 
-0.183117413144 
-0.166660326270 
-0.167466458023 
-0.167008479860 
-0.165498827754 
-0.165660464925 
-0.178325095286 
-0.193639210032 
-0.199232708044 
-0.201253547055 
-0.210026744790 
-0.230162277680 
-0.109352232426 
-0.111996909089 
-0.129303082403 
-0.128691701454 
-0.127686128641 
-0.127972162800 
-0.109182053916 
-0.061968565330 
-0.069637666762 
-0.090081185558 
-0.061072793275 
-0.140010682227 
-0.171305617619 
-0.248292585367 
-0.357221293232 
-0.249016961380 
-0.185254985150 
-0.195729638521 
-0.190979928283 
-0.201178774933 
-0.299114939353 
-0.350468169782 
-0.280257171513 
-0.254189328154 
-0.190387645519 
-0.333580392305 
-0.429031380069 
-0.432824568951 
-0.447398081459 
-0.359378502347 
-0.364923272884 
-0.379665909443 
-0.382378784665 
-0.543962084088 
-0.420302121939 
-0.356840604515 
-0.345451884118 
-0.244640732054 
-0.249174675537 
-0.227580985111 
-0.220746890140 
-0.167511877838 
-0.068090662731 
0.024518323217 
-0.019846014968 
0.035989045484 
-0.030608191895 
-0.039640808014 
-0.134653186685 
-0.189961434900 
-0.279698009797 
-0.249676884616 
-0.215684231260 
-0.243045368081 
-0.283654129012 
-0.283654129012 
-0.376425833373 
-0.278229483522 
-0.328715017067 
-0.564575502833 
-0.470626705601 
-0.478912084174 
-0.531691746140 
-0.412613718511 
-0.506315432275 
-0.556130617662 
-0.533238604665 
-0.601393382964 
-0.597991543652 
-0.366442745962 
-0.397530156324 
-0.436832319665 
-0.422827207226 
-0.452960369568 
-0.490712670036 
-0.416023664062 
-0.523209488506 
-0.463360457517 
-0.510733503453 
-0.594587877448 
-0.381434128846 
-0.425878995286 
-0.506436816995 
-0.499625969106 
-0.560875711837 
-0.410163352034 
-0.438075164818 
-0.472927916798 
-0.393007749487 
-0.388528897276 
-0.368144666209 
-0.316984628094 
-0.274139145034 
-0.239130742457 
-0.267665858101 
-0.366240293558 
-0.309936904662 
-0.276391742186 
-0.218384991305 
-0.201442512688 
-0.202793004049 
-0.202793004049 
-0.245601112861 
-0.261664442519 
-0.226586333804 
-0.268386519129 
0.059732952218 
0.079742196071 
0.122909452181 
0.081318978859 
0.051723475935 
0.085413884725 
0.029391042818 
0.188147085315 
0.199914076957 
0.246010027740 
-0.262943158376 
-0.289744709992 
-0.242704720726 
-0.277832583046 
-0.263892690972 
-0.212771820490 
-0.211225748044 
0.121347856914 
-0.019017050740 
0.059455061043 
-0.103053565604 
-0.036229732264 
-0.189945153162 
-0.213310465676 
-0.174839900109 
-0.321033030357 
-0.278777262930 
-0.253342274073 
-0.271962804627 
0.015121445643 
-0.082114777889 
0.063186100516 
-0.015351128806 
0.108838105544 
-0.077917784334 
-0.034422374445 
-0.159215562614 
-0.153099937448 
-0.011079358601 
-0.233837147262 
-0.053164875718 
-0.096044567936 
-0.024056948522 
-0.041589818207 
0.026651020290 
0.067583143857 
-0.036315746054 
0.173565220590 
0.009017874214 
-0.158642208592 
-0.393421579919 
-0.397321667018 
-0.416839996821 
-0.389855536556 
-0.516106212556 
-0.536153547380 
-0.656370986153 
-0.577544882323 
-0.469938404619 
-0.097398222448 
-0.215889250920 
-0.344716840632 
-0.037269356724 
-0.095308138778 
-0.072740050564 
-0.151743005599 
-0.291808573565 
-0.435314709224 
-0.432828093816 
-0.545781608599 
-0.453186498674 
-0.407931443290 
-0.343734567248 
-0.202374249671 
-0.513765774280 
-0.317579500060 
-0.281110739867 
-0.303119396283 
-0.114018097858 
0.223923489713 
-0.056644165296 
0.015416720152 
-0.096614892149 
0.115672068285 
0.020026167688 
-0.205667669427 
-0.272020690729 
-0.258196993024 
-0.215378296465 
-0.301711504847 
-0.230047102574 
-0.405062642028 
-0.492815232433 
-0.463653342508 
-0.335723627591 
-0.295143023041 
-0.220662470952 
-0.003758555392 
-0.173988090793 
-0.310804315607 
-0.489734963971 
-0.246287901626 
-0.284339160056 
-0.179054392191 
-0.231640265905 
-0.067475529777 
-0.050990197686 
-0.155638828429 
-0.192974145795 
-0.236758971948 
-0.302464608305 
-0.330834249183 
-0.264941973768 
-0.164149046532 
-0.254347487444 
-0.186542230333 
-0.189444026042 
-0.147370206085 
-0.048696305110 
0.096595454733 
0.234630993374 
-0.015922707810 
0.018469303994 
-0.049197354952 
-0.003442281084 
0.046898918868 
0.064583410283 
-0.035107976966 
0.072001899588 
0.130793236441 
-0.022990360145 
0.035690149982 
-0.047225117649 
-0.014459679628 
-0.176990062420 
-0.160846800717 
-0.249781473914 
-0.255983003448 
-0.256013808121 
-0.336187003578 
-0.544485247099 
-0.250416177770 
-0.175932004739 
-0.225566186619 
-0.224106379348 
-0.167040608075 
-0.246524881944 
-0.258779768459 
-0.324241456759 
-0.366143930751 
-0.399848783061 
-0.124016127334 
0.204861931082 
0.290893644427 
0.305016118207 
0.154492006379 
0.145217775222 
0.095734828858 
0.205450668235 
0.179174875512 
0.106620444681 
0.049789710403 
0.024088103584 
0.008890799745 
-0.147114084817 
-0.119461830511 
-0.111283282062 
-0.145981251308 
-0.148333585768 
-0.185933508159 
-0.191338542308 
-0.171939372323 
-0.064822116211 
-0.086266800769 
-0.119361274617 
-0.057730190550 
-0.055562008122 
-0.040517198524 
-0.125634838247 
-0.135056077363 
-0.088901370243 
-0.288996350573 
-0.303339076812 
-0.249562355155 
-0.275559640803 
-0.407566848884 
-0.229045790661 
-0.314465285948 
-0.440311031679 
-0.449319851393 
-0.506613654159 
-0.625381565429 
-0.600097535842 
-0.492264581879 
-0.411578960510 
-0.433215563005 
-0.401540459663 
-0.376449019631 
-0.370283835814 
-0.253481408157 
-0.186559235651 
-0.158091312663 
-0.331209242745 
-0.357560355940 
-0.349181292003 
-0.296160499367 
-0.275941946138 
-0.290649029465 
-0.253979843170 
-0.268762401147 
-0.205886867819 
-0.198645908945 
-0.181307083465 
-0.164263083613 
-0.234384326107 
-0.190355707577 
-0.043979884802 
-0.186865207846 
-0.222895716322 
-0.243268726562 
-0.225186673886 
-0.205255830092 
-0.181582400019 
-0.185674640960 
-0.167051130331 
-0.191662304848 
-0.182359020919 
-0.158928289605 
-0.132237343935 
-0.152949866820 
-0.237052190487 
-0.239888195770 
-0.337108090439 
-0.320442815427 
-0.270967635741 
-0.175907751588 
-0.176031328173 
-0.321226085950 
-0.253305678044 
-0.201732417100 
-0.215155501912 
-0.150204597185 
-0.164084976576 
-0.114603196583 
-0.111105217984 
-0.144649478274 
-0.150757482382 
-0.142237778699 
-0.130022342623 
-0.087041506591 
-0.059614941116 
-0.062087549325 
-0.059450163082 
-0.075613279522 
-0.102359416535 
-0.081704289989 
-0.150420120862 
-0.180386490780 
-0.187556161728 
-0.055336171225 
-0.048921609795 
-0.007898292804 
0.007194903171 
-0.015347375559 
-0.031276992088 
-0.047445603257 
-0.104192958674 
-0.139412776802 
-0.234500558996 
-0.074619555218 
-0.162462071886 
-0.178027309823 
-0.200390191791 
-0.182947987888 
-0.178931364438 
-0.181388286485 
-0.171252336058 
-0.177347978680 
-0.180806558524 
-0.183708368805 
-0.193961227603 
-0.147388662351 
-0.148434960093 
-0.115359551978 
-0.146755227228 
-0.155699525044 
-0.127260833664 
-0.131303099868 
-0.122399194217 
-0.169708546064 
-0.182099888401 
-0.178502552934 
-0.118752393726 
-0.104479465162 
-0.128203354893 
-0.141357119954 
-0.166165679434 
-0.152785524181 
-0.151593130053 
-0.159389254369 
-0.154651981812 
-0.169974411480 
-0.197471145638 
-0.197471145638 
-0.197768643850 
-0.197697948302 
-0.201350741308 
-0.181748681025 
-0.172072438420 
-0.182839311276 
-0.175934978858 
-0.176846784129 
-0.181088303254 
-0.157833976768 
-0.229341806533 
-0.225980103805 
-0.219140980284 
-0.194756784041 
-0.182662975364 
-0.196884055435 
-0.197947129047 
-0.220356222979 
-0.246968580143 
-0.253671179077 
-0.253486139601 
-0.258881323694 
-0.252162834596 
-0.201291281330 
-0.185632241584 
-0.175600795644 
-0.165796623389 
-0.167011069677 
-0.186146328791 
-0.250046362771 
-0.244434669423 
-0.193175488904 
-0.226117136652 
-0.194134706198 
-0.182790430177 
-0.179184745617 
-0.201345768470 
-0.115829879212 
-0.048405981583 
-0.072975091363 
0.078611057679 
0.127447154498 
0.051081236353 
0.058671385054 
0.069908399726 
0.095232535098 
0.026937493591 
0.102430757285 
0.146389828687 
0.172104529967 
0.076528775142 
-0.029843302474 
-0.005005632553 
-0.166928119455 
-0.158626958034 
-0.345359767490 
-0.467883559225 
-0.481157129695 
-0.404721063713 
-0.473884916331 
-0.387928295806 
-0.290334132730 
-0.205173189717 
-0.192824701022 
-0.199276828766 
-0.218071071919 
-0.209058426859 
-0.209570850394 
-0.209570850394 
-0.241036974747 
-0.170019450568 
-0.253126966027 
-0.233237234898 
-0.248854582801 
-0.241503088704 
-0.251654270944 
0.258273270715 
0.363213790707 
0.182333935726 
0.224750552864 
-0.044928351445 
-0.128028829481 
-0.380302053888 
-0.683777549314 
-0.525263972633 
-0.299580607765 
-0.131887180872 
-0.221822494794 
-0.304437129231 
-0.317713067639 
-0.314387347381 
-0.106825395154 
-0.142273810191 
-0.324490454522 
-0.450102495473 
-0.395788039214 
-0.384444790158 
-0.281505994966 
-0.217923127129 
-0.377696196519 
-0.452391532761 
-0.417899955281 
-0.363184159833 
-0.365511331261 
-0.306400686091 
-0.267808754598 
-0.355062543029 
-0.359761823799 
-0.404076229261 
-0.275211657820 
-0.417933421284 
-0.173947504150 
-0.284800271851 
-0.261108621258 
-0.166308231027 
-0.388820124752 
-0.534617477623 
-0.510191972426 
-0.508217738310 
-0.323838682936 
-0.320110894590 
-0.308545711062 
-0.378400996212 
-0.392049974012 
-0.467594777934 
-0.376176969443 
-0.199845197349 
-0.230313353470 
-0.182494938316 
-0.109762161191 
-0.120484032826 
-0.152248284152 
-0.321252017816 
-0.358195667075 
-0.388897143028 
-0.247859004732 
-0.284307326019 
-0.448223929012 
-0.422008309210 
-0.333596881485 
-0.280378281497 
-0.293091930542 
-0.352304133831 
-0.348156821199 
-0.510758622081 
-0.476219767793 
-0.445854462775 
-0.259632738000 
-0.264743215614 
-0.276351050200 
-0.067209351919 
-0.177465729452 
-0.114593237621 
0.247299357412 
-0.057381553336 
0.202125695780 
0.177817503632 
0.132709763055 
0.105882570845 
0.235597076096 
0.148476874573 
-0.142472788473 
0.067930661661 
0.019875232017 
0.017900365099 
-0.029772527013 
-0.030946706473 
-0.170742103028 
-0.205594052651 
-0.176821403564 
-0.167044364445 
-0.165139206478 
-0.184274270282 
-0.092823019315 
-0.091833223415 
-0.122460759890 
-0.310142645045 
-0.548625649267 
-0.396458175810 
-0.436325579538 
-0.386254568212 
-0.486637462361 
-0.433087941167 
-0.365559868048 
-0.585243190050 
-0.466567607286 
-0.476136876699 
-0.479282850168 
-0.474834432357 
-0.412281517804 
-0.353971686708 
-0.019467432608 
-0.062681915951 
0.066941024220 
0.275308657643 
0.346193282126 
0.184677833082 
0.295003891930 
0.233721640444 
0.179744269710 
-0.005002902195 
0.121589200055 
0.007197923597 
0.098288347587 
0.165765519731 
0.112786644155 
-0.034887630985 
0.165627146415 
-0.017037413484 
0.104731501286 
0.225998377869 
0.005087904286 
0.075172738022 
-0.053434430066 
-0.080121078325 
-0.170737447317 
-0.208031580056 
-0.293273608261 
-0.400935756082 
-0.381956868823 
-0.356106711371 
-0.245148458489 
-0.186072519981 
0.013445766321 
0.133293700076 
0.033457972699 
-0.116600859096 
0.010168318935 
-0.454643136460 
-0.200329006045 
0.038231364783 
-0.307461617629 
-0.276508724145 
-0.341824225006 
-0.347444855664 
-0.393765264229 
-0.354910856848 
-0.331589209285 
-0.340044604188 
-0.447838695865 
-0.414985565989 
-0.565981294573 
-0.410518528443 
-0.133188902939 
-0.257303302975 
-0.167337137102 
-0.341233007535 
-0.334022724202 
-0.225679644004 
-0.226333581122 
-0.423884549131 
-0.412214872765 
-0.395365119037 
-0.302713838064 
-0.281685640837 
-0.319840681600 
-0.387140544792 
-0.232187271377 
-0.272324825094 
-0.119600245239 
-0.121362314624 
0.047954244892 
-0.101195217074 
-0.143909861385 
-0.136974065710 
-0.209325667690 
-0.086929564713 
-0.087740122135 
-0.289245481024 
-0.482844748062 
-0.452315721495 
-0.439382961286 
-0.584215744374 
-0.320210991366 
-0.382236118931 
-0.431589882790 
-0.392236619736 
-0.352952163891 
-0.421241872114 
-0.256104679693 
-0.254271177218 
-0.297843426916 
-0.322075814058 
-0.367380747946 
-0.390685628312 
-0.210713926408 
-0.123937979822 
-0.374462580226 
-0.337517625856 
0.006464181880 
-0.181101684518 
-0.328817765327 
-0.218528755406 
-0.291932840302 
-0.329479728684 
-0.356016488609 
-0.283126193325 
-0.188107087437 
-0.167836241754 
-0.256192603563 
-0.202939413810 
-0.229093144625 
-0.149055345333 
0.041473161216 
0.029897518756 
0.056848781600 
0.034590785126 
0.061052660904 
0.097954209883 
0.031546162149 
0.080785601592 
0.101163104174 
-0.139714891692 
-0.166261775967 
-0.135116399826 
-0.218841078346 
-0.297033834834 
-0.300598848396 
-0.320609978917 
-0.471016292003 
-0.586115336116 
-0.459030292246 
-0.373166780582 
-0.427503587888 
-0.255895420633 
-0.224509051651 
-0.399978691544 
-0.359471364024 
-0.319613045265 
-0.353948929788 
-0.231790983707 
-0.238793526828 
-0.192558042953 
-0.006487297972 
0.052044853588 
0.073858534532 
0.054055999846 
0.124219060477 
0.155619921925 
0.112431371397 
0.138500373672 
0.206812262102 
0.219159918959 
0.126547252259 
0.149433690554 
0.028948720303 
-0.022110541750 
-0.024884002546 
0.167333767606 
0.182198286839 
0.024303254196 
-0.010137682103 
-0.023347934016 
-0.057782767887 
0.061719602247 
-0.012525357928 
0.051685016880 
0.007135486666 
0.029532259319 
-0.019719235726 
0.098761788918 
0.062877142322 
0.040677091084 
0.213418607846 
-0.177769782840 
0.003477630077 
-0.060944957414 
-0.082841181573 
-0.346176185079 
-0.335656459927 
-0.330886997249 
-0.254471125513 
-0.376197637787 
-0.280334250513 
-0.323366003614 
-0.337211859204 
-0.456845728724 
-0.263198286351 
-0.382091706368 
-0.368344221493 
-0.286626187187 
-0.394794157448 
-0.195251843820 
-0.194761292327 
-0.249711334190 
-0.131377714699 
-0.126458643471 
-0.178292662216 
-0.196421774869 
-0.250380671977 
-0.160818002388 
-0.248078246945 
-0.236767803120 
-0.169509249814 
-0.199019009273 
-0.386321380420 
-0.275118197640 
-0.251770736171 
-0.488751474813 
-0.423139725845 
-0.252874366658 
-0.394724421250 
-0.281017516800 
-0.381144131560 
-0.298557334836 
-0.231780608339 
-0.271401757500 
-0.369909766347 
-0.417826923348 
-0.396580104347 
-0.417231309799 
-0.340000926562 
-0.345904721260 
-0.370833336922 
-0.309212240882 
-0.324766307360 
-0.359624643691 
-0.309067758188 
-0.285817422466 
-0.279710130338 
-0.309494009246 
-0.308159146296 
-0.314996389657 
-0.233892016000 
-0.243976082519 
-0.287253538669 
-0.220865657372 
-0.229351707399 
-0.228160799066 
-0.181167434006 
-0.173718649424 
-0.196264786771 
-0.201094113144 
-0.254688246610 
-0.424256666504 
-0.363878315660 
-0.311516371412 
-0.261748787429 
-0.287690103867 
-0.381992883526 
-0.366373911529 
-0.440424459846 
-0.381583523947 
-0.416111903082 
-0.404615688763 
-0.394922406548 
-0.413928112997 
-0.448155082964 
-0.405604500276 
-0.434466307814 
-0.395647032016 
-0.394613239972 
-0.365218283164 
-0.397880979118 
-0.338676918099 
-0.399918565992 
-0.181359291698 
-0.061390768928 
0.061524647604 
-0.021050123387 
0.059101170886 
0.200029650375 
0.156652298005 
0.149455076471 
-0.058450631852 
-0.456748329739 
-0.371043374435 
-0.403664053452 
-0.509031465347 
-0.374854982501 
-0.237789131315 
-0.290943660381 
-0.273176264931 
-0.242008975020 
-0.349070273610 
-0.142576937692 
-0.166982773264 
-0.094560057777 
-0.141300989273 
-0.162138061390 
-0.080494067356 
-0.124705585021 
-0.123469409862 
-0.080895246042 
-0.009720914885 
-0.099745233737 
-0.170803135552 
-0.156384589615 
-0.120995228795 
-0.159100417476 
-0.154861380240 
-0.179867927709 
-0.168796251319 
-0.163901293904 
-0.062140785938 
0.060595462831 
-0.011334325816 
-0.149830361113 
-0.139148600027 
-0.164375955454 
-0.073312734123 
-0.033464657104 
-0.128989987225 
-0.052685378531 
-0.042000391801 
-0.097015162671 
-0.069831040529 
-0.070468972858 
-0.019136190150 
-0.083189624763 
-0.081021383534 
-0.022249563941 
-0.043613172104 
-0.075354697978 
-0.149824679329 
-0.200569776716 
-0.131007651156 
-0.112495657534 
-0.145758254338 
-0.146902203199 
-0.157485614975 
-0.148204805367 
-0.167618463064 
-0.126605438625 
-0.120554653584 
-0.224632306141 
-0.016677771267 
-0.075333399766 
-0.096568228224 
-0.085822802180 
-0.010130709146 
-0.103799566942 
-0.071494995810 
-0.073649271587 
-0.064976642989 
-0.016693261717 
-0.028645967565 
0.039609426547 
0.100200568833 
0.026077716791 
-0.039592844583 
-0.002859024399 
-0.032342309671 
-0.007086236282 
0.036485632964 
0.034814418830 
-0.088744639328 
-0.159511885249 
-0.201211944962 
-0.328474127410 
-0.240559120525 
-0.180442789797 
-0.210906897276 
-0.232940957597 
-0.217159214830 
-0.137411592673 
-0.102990110333 
-0.126165619737 
-0.159111045093 
-0.208091905710 
-0.233508533664 
-0.263706926494 
-0.179804583524 
-0.239614814560 
-0.236882452031 
-0.234010463662 
-0.224014136073 
-0.236132940863 
-0.300208108210 
-0.272544539358 
-0.276890049138 
-0.206720176829 
-0.119831465919 
-0.114587124135 
-0.174471136149 
-0.083637966895 
-0.146862267090 
-0.151215699875 
-0.159882726634 
-0.165947459485 
-0.164938201834 
-0.177881843879 
-0.126387567507 
-0.208033660005 
-0.190052490975 
-0.147942289749 
-0.147982770031 
-0.129376970649 
-0.102130029064 
-0.092702232281 
-0.035372856959 
-0.014255609418 
-0.109699498969 
-0.027360658647 
-0.022387317259 
0.048831420671 
0.218017773890 
0.120210254867 
-0.062315599556 
0.126298805530 
0.087409014254 
0.150741050471 
0.068721344485 
0.019925822607 
0.106869398100 
-0.018506508952 
-0.017618339477 
-0.103241894114 
0.016550542885 
0.148874614343 
0.055974730114 
0.021019763997 
0.036113109505 
0.060370231619 
0.072524173957 
0.110058368423 
0.196289206119 
0.163778639633 
0.227595451456 
0.213751217238 
0.290457637386 
0.092361012376 
0.145118840807 
0.152982050340 
0.135825723811 
0.082367407883 
0.122762007879 
0.173593233496 
0.060850460475 
0.037019872112 
-0.008096393217 
0.026470925401 
0.009942574128 
-0.043639106706 
-0.015781120067 
0.021399240484 
0.052308013332 
0.074447946420 
0.052789780984 
0.035524480463 
0.041982507516 
0.011731528997 
0.085552041278 
0.052948247238 
0.042395744623 
0.034914515995 
0.079692534914 
0.163468647008 
0.152021123813 
0.180922893919 
0.172019962421 
0.181691290063 
0.157408049878 
0.193570763639 
0.201506172274 
0.167048760599 
0.221470018005 
0.181375748802 
0.112204384137 
0.138292129908 
0.034446585171 
0.085949284965 
0.158768612130 
0.212603338291 
0.184299187138 
0.194454237791 
0.167594170763 
0.022818094830 
0.115125518020 
0.126178493980 
0.124459026035 
0.019468147394 
0.057602485935 
0.060402402183 
0.013954990522 
0.077355190334 
0.129060826507 
0.099412038413 
0.114760007413 
0.107207807746 
0.173595527280 
0.124038172768 
0.087495440713 
0.160816947516 
0.191123725213 
0.072226630569 
0.072337128401 
0.116390313906 
0.092451865154 
0.036713585481 
0.045148513266 
-0.003104178545 
-0.004187667793 
-0.004195522983 
-0.131738397029 
-0.320260033926 
-0.267634247201 
-0.181427574411 
0.049584587315 
-0.063982490619 
-0.231756283380 
-0.346000736979 
-0.321607592546 
-0.330219106685 
-0.304545197200 
-0.239305042502 
-0.217938405584 
-0.236757533876 
-0.205899623073 
-0.129474967643 
-0.106471089533 
-0.112856821166 
-0.057031066444 
-0.059864937345 
-0.083958501644 
0.119379159402 
0.055918907536 
-0.003691272721 
0.052224060910 
0.005722277337 
-0.012349402767 
-0.012619380002 
-0.003520998061 
-0.038844375558 
-0.021039732986 
-0.021951665558 
-0.034825980770 
0.010918033714 
0.018873449550 
0.040181960082 
0.031706305870 
-0.082754922165 
-0.064028846546 
-0.123177874131 
-0.207137031770 
-0.347483720748 
-0.348466987153 
-0.278880914860 
-0.267087089722 
-0.349167683839 
-0.326238151757 
-0.210190173717 
-0.209382520597 
-0.184818555714 
-0.250027558247 
-0.234134866790 
-0.202080111241 
-0.220049289158 
-0.314875068513 
-0.290728351590 
-0.287109614876 
-0.271481834801 
-0.214406072751 
-0.223433770775 
-0.241213061881 
-0.327673856594 
-0.321049040250 
-0.274612624409 
-0.291853984983 
-0.279304536443 
-0.364195655238 
-0.360913949803 
-0.360989644643 
-0.463571299881 
-0.596814218131 
-0.569788476062 
-0.386966585886 
-0.328210994983 
-0.423551266833 
-0.455743833282 
-0.358252003494 
-0.378226099247 
-0.377908136054 
-0.405118256116 
-0.363746287735 
-0.389919024638 
-0.391291266738 
-0.313694978731 
-0.375494152245 
-0.459420052640 
-0.454921110848 
-0.452265932273 
-0.396171278223 
-0.267887850549 
-0.308793755284 
-0.311167267966 
-0.310856175080 
-0.450139584256 
-0.424123591757 
-0.345959758657 
-0.474872789691 
-0.421992671689 
-0.532115628373 
-0.515629806973 
-0.549957696245 
-0.651424624823 
-0.566278284822 
-0.585883036899 
-0.585335696214 
-0.414969256091 
-0.613332822041 
-0.617782292594 
-0.612088183815 
-0.583394971489 
-0.625369767941 
-0.615133369088 
-0.582275020147 
-0.500455769470 
-0.586654214641 
-0.606136913958 
-0.606136913958 
-0.659385039433 
-0.656158801210 
-0.698400925780 
-0.579428469411 
-0.494295024715 
-0.510812814312 
-0.540210820018 
-0.534058797649 
-0.600375977408 
-0.607450951806 
-0.573818564185 
-0.599284861818 
-0.639636267896 
-0.577011786112 
-0.640833844447 
-0.685892296303 
-0.686941639973 
-0.556068257572 
-0.413358121640 
-0.533584514429 
-0.529429835001 
-0.414493982640 
-0.392052360411 
-0.362313332786 
-0.368130796039 
-0.171691024060 
-0.083808380888 
-0.198479088828 
-0.190569951486 
-0.171513644412 
-0.235805709421 
-0.125334856572 
-0.096222278558 
-0.099008687746 
-0.103925948385 
-0.089619289767 
-0.228410699013 
-0.245651178945 
-0.190843732909 
0.019457039563 
-0.159217902670 
-0.145854585507 
-0.142469788918 
-0.374531509660 
-0.482148514020 
-0.332657799175 
-0.408329843159 
-0.358481275419 
-0.364943916937 
-0.360978163381 
-0.304144384165 
-0.386302675165 
-0.375070646382 
-0.452725782939 
-0.443162089306 
-0.381285591146 
-0.226743280099 
-0.256474671115 
-0.622463380856 
-0.380342468476 
-0.475427879772 
-0.246515125303 
-0.264818252336 
-0.332256454572 
-0.112654002849 
-0.218377201734 
0.013619054463 
0.210427704957 
0.084757290454 
0.083997647635 
0.085068164935 
0.065624699514 
-0.062651951510 
-0.084876578906 
0.028798036291 
-0.035212426939 
-0.325066904821 
-0.115021699760 
-0.217861628028 
-0.163240080790 
-0.143223954267 
-0.195235849747 
-0.146921534612 
-0.297291919263 
-0.335586328766 
-0.397800327804 
-0.323617991677 
-0.303675077984 
-0.305503400094 
-0.321757712514 
-0.201052749423 
-0.229206263001 
-0.213470548987 
-0.225072143593 
-0.035229790554 
0.009870260755 
-0.043674749829 
-0.216001588229 
-0.253035919397 
-0.303644205765 
-0.418401590371 
-0.380650173595 
-0.325108366753 
-0.379618222274 
-0.436572925276 
-0.605539878286 
-0.446542614019 
-0.523377196357 
-0.329232249579 
-0.421039602439 
-0.313368764380 
-0.319270331262 
-0.361597781684 
-0.440066422151 
-0.488436283829 
-0.372817569341 
-0.336439558217 
-0.300443166569 
-0.215018454900 
-0.345549911536 
-0.476339629709 
-0.497239934849 
-0.358973320353 
-0.326918924256 
-0.243559108608 
-0.259367589809 
-0.105533316836 
-0.123633928177 
-0.172881765225 
-0.198649723879 
-0.151055644197 
-0.171004084631 
-0.257019693187 
-0.177392544199 
-0.126415941003 
0.215283650449 
0.094567255780 
0.098029903465 
-0.083428644815 
-0.386744747901 
-0.430151979028 
-0.516095329689 
-0.291425557018 
-0.282988154305 
-0.298563826683 
-0.149041807623 
-0.079342015531 
-0.150189157920 
0.100561059303 
-0.200310909448 
-0.236248221120 
-0.233073077644 
-0.395110534023 
-0.304608827386 
-0.376336454067 
-0.319106807343 
-0.358836573555 
-0.551898382501 
-0.448210572274 
-0.442937857170 
-0.478297092991 
-0.348521355454 
-0.365195610564 
-0.308990498823 
-0.332376556637 
-0.276311760787 
-0.090378781110 
-0.138487692232 
-0.224184034858 
-0.417811091323 
-0.219216699082 
-0.122022028541 
-0.186462124033 
-0.175405065355 
-0.146780516955 
-0.121162794853 
0.107961136029 
0.060997977937 
-0.125822338060 
-0.087616152704 
-0.293476311639 
-0.347509211952 
-0.282972058605 
-0.375872852120 
-0.339956518704 
-0.418273898297 
-0.341232061313 
-0.375109053882 
-0.228798436014 
-0.200062939044 
-0.289945546771 
-0.225977965705 
-0.341120960894 
-0.298537820905 
-0.283824359179 
-0.226791122267 
-0.241866526130 
-0.200439247442 
-0.043409576756 
-0.075490840061 
-0.107448569327 
-0.027218794820 
0.039819823208 
-0.053962242266 
0.003669265624 
0.008858812975 
0.205715283966 
0.182881680842 
0.183407448646 
0.229366586716 
0.226083273186 
0.131185587514 
0.198588799969 
0.283151225366 
0.132937024452 
0.261040052486 
0.199603464978 
0.319255053710 
0.297422983207 
0.122933907909 
0.052145988910 
0.014977439071 
0.118932741948 
-0.080034094424 
0.047082164923 
0.090259506371 
0.137376372870 
0.316192794437 
-0.035917107129 
0.185482701913 
0.302408825251 
0.189862294821 
0.081672665536 
-0.027826373340 
-0.042186583457 
-0.078984121247 
-0.353095446250 
-0.325566388080 
-0.298515320403 
-0.328812845418 
-0.181884943985 
-0.166850135835 
-0.096410948230 
-0.159762750199 
-0.237891275251 
-0.138987324396 
-0.316894318835 
-0.150933196763 
-0.148151896590 
-0.162999592879 
-0.038972037815 
-0.052598015261 
-0.158896463654 
-0.158108915494 
-0.225299615903 
-0.159100086394 
-0.313514164127 
-0.312136825777 
-0.226553617414 
-0.148741535109 
-0.145488105848 
-0.141725560918 
-0.187133398804 
-0.184010761327 
-0.186178032791 
-0.354230927023 
-0.306244235049 
-0.259476078733 
-0.313063191664 
-0.117836954120 
-0.159440161684 
-0.045518145829 
-0.276602470697 
-0.290575723358 
-0.366471637415 
-0.345428788886 
-0.363020939989 
-0.311250450393 
-0.389491338601 
-0.355176669372 
-0.329997137033 
-0.362120517366 
-0.318928522266 
-0.473283428271 
-0.300547549870 
-0.159285535654 
-0.015040594149 
0.041570728770 
0.001897859900 
-0.120213884523 
-0.075011442789 
-0.208269808086 
-0.158143901574 
-0.249523087780 
-0.328852320727 
-0.274406917063 
-0.197951063980 
-0.130105647835 
-0.194680386110 
-0.155947897655 
-0.111950603513 
-0.090510085276 
-0.068763812182 
-0.221549139890 
-0.343347515962 
-0.345852950221 
-0.520846873917 
-0.358989443841 
-0.277277366916 
-0.441627979912 
-0.245126110540 
-0.309898956640 
-0.334603866654 
-0.272661679144 
-0.339261869146 
-0.349542154033 
-0.409210621632 
-0.436783043926 
-0.329067451621 
-0.301708850171 
-0.402952252755 
-0.352861368217 
-0.358065198489 
-0.361738696626 
-0.412250578668 
-0.392751864084 
-0.361092717704 
-0.342867711242 
-0.357695931854 
-0.394322280927 
-0.462850586636 
-0.536624306845 
-0.410144473466 
-0.465274743279 
-0.400533340487 
-0.381497897841 
-0.302508909977 
-0.332307091587 
-0.353290974497 
-0.362844598404 
-0.398970508116 
-0.494795566831 
-0.486683683185 
-0.434388677348 
-0.638753262025 
-0.312811252951 
-0.286994511969 
-0.483873350019 
-0.296867857958 
-0.338645590438 
-0.279567001924 
-0.286650474919 
-0.327333803393 
-0.201802262290 
-0.252283833277 
-0.293858334106 
-0.214366649503 
-0.286270696130 
-0.264158644699 
-0.210026540109 
-0.208455986285 
-0.168381329638 
-0.190301427497 
-0.180900465438 
-0.139181667346 
-0.158133486414 
-0.153194348035 
-0.199744805999 
-0.198448151953 
-0.151478676560 
-0.175069718165 
-0.152224733384 
-0.157302150144 
-0.135536527429 
-0.130439551531 
-0.140563468872 
-0.180273175754 
-0.212393665098 
-0.212393665098 
-0.212393665098 
-0.245547881946 
-0.245166521486 
-0.202788145006 
-0.242915361789 
-0.226273484589 
-0.226273484589 
-0.286865564976 
-0.270521700008 
-0.279832022194 
-0.288294474249 
-0.175480041527 
-0.181478946994 
-0.174468420691 
-0.179042560661 
-0.153874772268 
-0.190583728710 
-0.141846985427 
0.021613380187 
0.020905919598 
-0.000410925615 
-0.015746439041 
-0.016511248174 
-0.015008407583 
-0.015008407583 
-0.025750038931 
-0.440821998837 
-0.348138935210 
-0.293514714889 
-0.455443883982 
-0.287155494354 
-0.380918369265 
-0.129017458757 
-0.241225060301 
-0.305812381129 
-0.302731185796 
-0.184847073714 
-0.225618605864 
-0.253359932959 
-0.297093551408 
-0.227522391744 
-0.140480703271 
-0.187245441204 
-0.156642408816 
-0.155800798539 
-0.197613153603 
-0.034758236392 
0.177476598800 
0.236214214988 
0.179440612980 
0.103822295687 
-0.062682978133 
-0.271582794486 
-0.416988618087 
-0.298611949269 
-0.518084295310 
-0.362254721361 
-0.059732851608 
-0.079459461911 
-0.152934334582 
-0.180432301993 
-0.300504464634 
-0.234924739052 
-0.268965773019 
-0.271239054505 
-0.324637109280 
-0.224905773792 
-0.278608852433 
-0.089700738945 
-0.060876228882 
0.090597489167 
-0.073377955603 
-0.085786365893 
-0.239609816747 
-0.294517642282 
-0.255047945412 
-0.134971548766 
-0.173763031538 
-0.058011525046 
-0.018876277184 
-0.182760381674 
-0.451045363324 
-0.391425624673 
-0.347077103668 
-0.475814469568 
-0.397377324014 
-0.253675693527 
-0.155731921814 
-0.133213207241 
-0.245046538536 
-0.169131388212 
-0.286263027407 
-0.248907284036 
-0.174025099605 
-0.276810500870 
-0.407995696700 
-0.371497124335 
-0.193701388665 
-0.241396013010 
-0.146847542698 
-0.232068440954 
-0.313932031334 
-0.236370739244 
-0.285023581665 
-0.402405542534 
-0.347449689387 
-0.330097321631 
-0.243398184960 
-0.251173894127 
-0.220823285530 
-0.168970741871 
-0.145726347892 
-0.248261277210 
-0.499870050666 
-0.320573757393 
0.140896100968 
0.166030947903 
0.096328800777 
-0.014248703290 
-0.270057133077 
-0.304283043575 
-0.378595229179 
-0.457042628019 
-0.465259947053 
-0.377883037641 
-0.468091784479 
-0.537144015932 
-0.469027924138 
-0.500510552524 
-0.573329288372 
-0.445550520449 
-0.614599047471 
-0.568067024899 
-0.501909281268 
-0.405167218427 
-0.396014080182 
-0.422297280711 
-0.553465576020 
-0.488359804358 
-0.586204349764 
-0.644088585827 
-0.431486105815 
-0.459888150477 
-0.492263754110 
-0.523655135900 
-0.493136697708 
-0.366931637957 
-0.509178995536 
-0.420757061462 
-0.419286754501 
-0.477111214019 
-0.356023930001 
-0.147109740049 
-0.135901175052 
-0.119207929072 
-0.060534679555 
-0.120523614133 
-0.196732733647 
-0.248901820290 
-0.299033041942 
-0.161013710930 
-0.142396780202 
-0.229345635717 
-0.169979031362 
-0.146147955399 
-0.143557390167 
-0.237717958912 
-0.380449514185 
-0.342219835557 
-0.415622834041 
-0.433818056911 
-0.444120069683 
-0.351121746409 
-0.303655682172 
-0.315068622030 
-0.417680027152 
-0.329021660072 
-0.310886295900 
-0.294851193407 
-0.281551905510 
-0.411148156063 
-0.362097605883 
-0.354137631852 
-0.310633715767 
-0.323933113558 
-0.275713546865 
-0.282969777620 
-0.228650218031 
-0.240887995189 
-0.224801003755 
-0.250242361290 
-0.238820491487 
-0.125485135737 
-0.140188568452 
-0.182943926332 
-0.183800116605 
-0.178172183237 
-0.126700835509 
-0.119787609297 
-0.103746360344 
-0.129878721078 
-0.090527602684 
-0.025037885346 
-0.105473320900 
-0.107650282221 
-0.109387184403 
-0.144375543327 
-0.224693591528 
-0.070144432239 
-0.058316045153 
-0.068258532568 
-0.173186413604 
-0.144223863876 
-0.155436617664 
-0.172158094344 
-0.160479662939 
-0.167251782131 
-0.249079302301 
-0.231691303718 
-0.258399152969 
-0.231387112109 
-0.219241034825 
-0.169976240529 
-0.177180525770 
-0.056406206724 
-0.055660035778 
-0.024330571388 
0.018169669699 
-0.086411405158 
-0.087131243198 
-0.086056501500 
-0.071267955260 
-0.069401008278 
-0.034205800126 
-0.036662906512 
-0.028973090913 
-0.038206975146 
-0.028799077884 
0.030035054316 
0.039740750533 
0.035751448765 
0.041047528449 
0.068879759566 
0.058372212652 
0.053274536135 
0.062298322845 
-0.009168607137 
0.151361850269 
0.082830644520 
0.087367759950 
0.007540997283 
-0.019690186940 
-0.043059351315 
0.077195744660 
-0.052268580798 
-0.032693456474 
-0.081027774081 
-0.074443230762 
-0.109952810455 
-0.104660541513 
-0.100335675973 
-0.084304804744 
-0.078732467002 
-0.063199054118 
-0.076541608329 
-0.084565950406 
-0.278692057138 
-0.268772660363 
-0.380879293385 
-0.369338022580 
-0.359245047520 
-0.312647511508 
-0.287476075486 
-0.397831125545 
-0.390515787077 
-0.342891980404 
-0.237084426121 
-0.320122316911 
-0.284661903223 
-0.399535644273 
-0.257193193881 
-0.272716965664 
-0.338944730205 
-0.225331793294 
-0.268417491416 
-0.344487924487 
-0.224864673993 
-0.215312735772 
-0.219486047315 
-0.265416106005 
-0.115261557079 
-0.134817620763 
-0.134218868255 
-0.179356016940 
-0.210128309270 
-0.182384528308 
-0.182384528308 
-0.226744879499 
-0.200090054913 
-0.268895683436 
-0.256291193718 
-0.231821725009 
-0.328327768065 
-0.293591781399 
-0.332255722371 
-0.286094105893 
-0.293773241982 
-0.252045944685 
-0.253744313098 
-0.263651612415 
-0.347454549401 
-0.391748666651 
-0.400710118103 
-0.305325879757 
-0.332675925601 
-0.328290604708 
-0.286983245972 
-0.294291706008 
-0.271627685157 
-0.332863347409 
-0.336252134076 
-0.404276228476 
-0.409003662769 
-0.432768255081 
-0.375890050376 
-0.361824510481 
-0.390989898068 
-0.348069475891 
-0.330711345786 
-0.326430388909 
-0.390848401304 
-0.350850384771 
-0.345976775335 
-0.393668823499 
-0.403423747396 
-0.366343172679 
-0.405990323524 
-0.312980790348 
-0.351898237067 
-0.379817147147 
-0.346081636544 
-0.357010201564 
-0.246088742019 
-0.240886454230 
-0.255727070712 
-0.304286485656 
-0.246943645143 
-0.267338985207 
-0.266335832352 
-0.265801836052 
-0.265801836052 
-0.223607517295 
-0.222534051094 
-0.261274332201 
-0.321325440437 
-0.315307929814 
-0.221817396658 
-0.194117822790 
-0.283119632946 
-0.305018611600 
-0.165842157517 
-0.149160541009 
-0.156400874500 
-0.150922377595 
-0.170226351745 
-0.169923581246 
-0.123791777554 
-0.189187948294 
-0.218726520015 
-0.218291136388 
-0.191702143184 
-0.188681835355 
-0.183794758124 
-0.135531275168 
-0.151257145952 
-0.150052077103 
-0.144487777031 
-0.144487777031 
-0.153402317943 
-0.148213416176 
-0.158900154967 
-0.150787133840 
-0.050360614735 
-0.014859293412 
-0.010001404972 
0.062315623190 
0.071812618741 
-0.058600875620 
-0.070588504060 
-0.082108219192 
-0.005283046883 
-0.021960511732 
-0.007837668605 
0.035963935316 
0.050243769134 
-0.020946083054 
0.002192420026 
-0.029311072790 
-0.064730895145 
-0.059469172799 
0.090735434001 
0.034073380664 
-0.064294363203 
-0.126187199168 
-0.112107427227 
-0.141919215807 
-0.259381294737 
-0.441104461535 
-0.396277671134 
-0.317524530142 
-0.071157675783 
-0.143192181818 
0.071764660685 
0.112804581335 
-0.114470908595 
-0.218714355132 
-0.272887136381 
-0.361131943010 
-0.119089626994 
-0.133527259674 
0.025670268809 
-0.144940109060 
-0.061612356710 
-0.008632669228 
0.116111249108 
-0.086349720855 
-0.072232665471 
-0.101144166427 
-0.121939158182 
-0.321853765509 
-0.290456852048 
-0.368044139591 
-0.429226680933 
-0.371118491704 
-0.411124565400 
-0.542297994284 
-0.550235939784 
-0.549330720790 
-0.539047078057 
-0.479264606076 
-0.256142990025 
-0.459208092899 
-0.375772034610 
-0.426157639444 
-0.366433254397 
-0.342185629099 
-0.516258447488 
-0.485066351914 
-0.473908366839 
-0.268237873841 
-0.249082014831 
-0.450069369404 
-0.328150182817 
-0.175795778359 
-0.301916735792 
-0.320552633371 
-0.433609828145 
-0.445479481193 
-0.430363455730 
-0.468593803678 
-0.469423304259 
-0.497063720346 
-0.476949888710 
-0.295010456110 
-0.109377502068 
-0.301374333260 
-0.470749508505 
-0.455436715075 
-0.432210611288 
-0.550059910273 
-0.591108179233 
-0.447235032875 
-0.500500335510 
-0.542329069149 
-0.449998083787 
-0.323721081941 
-0.173144495915 
-0.263203916917 
-0.276901670023 
-0.187631154724 
-0.239275878764 
-0.100529737132 
-0.026717498642 
-0.003928057477 
-0.107319079560 
-0.424009710110 
-0.245148811124 
-0.256255016712 
-0.188078250142 
-0.305488496649 
-0.256711289347 
-0.359825831558 
-0.404007456799 
-0.262574125221 
-0.035167036068 
-0.046780408847 
0.022873869040 
0.036192076635 
0.056538281925 
0.007385964513 
-0.140278481979 
-0.124169329652 
-0.135297268907 
-0.163350202284 
-0.154747090457 
-0.179845904373 
-0.146340996759 
0.107603756980 
0.138785525975 
-0.174627829331 
-0.251023773772 
-0.168733231158 
-0.160240331128 
-0.145472189969 
-0.372426371294 
-0.244421963602 
-0.346495025444 
-0.393726486530 
-0.404075418486 
-0.393971152080 
-0.343049912688 
0.006791615083 
-0.026651653744 
-0.021380518377 
0.128732622265 
0.045128116246 
-0.059641568642 
-0.031316693965 
-0.135693192657 
-0.007958126744 
-0.155369345788 
-0.134592161251 
-0.266632642150 
0.153107200325 
0.105697723693 
0.105414319852 
-0.114139662323 
-0.221023025233 
-0.056939209124 
0.116366255799 
0.209044157784 
0.169934801532 
0.177269655420 
0.179936845269 
0.163737870519 
0.108206547165 
0.106671574086 
0.282480968849 
-0.214196552904 
-0.228916694310 
-0.126779050864 
-0.240898143052 
-0.096278954960 
-0.294528072686 
-0.257854359577 
-0.227865204469 
-0.158465680884 
-0.078525092503 
-0.036740040650 
0.022768789229 
-0.020638713849 
-0.007725394716 
-0.048083564724 
-0.142753712421 
-0.025399711799 
0.002482010739 
0.223630508036 
0.019446166214 
0.006176682854 
-0.066146916438 
-0.076321414078 
-0.120592481019 
-0.109366213878 
-0.298422821322 
-0.236666446406 
-0.058735955820 
-0.227971844882 
-0.223396535169 
-0.230298162416 
-0.080633247236 
-0.332417007891 
-0.362365406150 
-0.381293367388 
-0.408135540742 
-0.403803823214 
-0.320844491757 
-0.254874433445 
-0.407603515883 
-0.271576243993 
-0.312663335898 
-0.264519121093 
-0.092028891749 
-0.228784617754 
0.006109898688 
-0.053485961774 
-0.025025090978 
-0.015598847191 
0.010587747713 
0.009966137542 
0.086893980801 
0.052859109246 
0.000766493479 
0.077375251931 
0.133999252886 
0.146614905945 
0.107900354239 
0.046492129420 
-0.023784679869 
-0.238858436766 
-0.052121812361 
0.147668685509 
0.100266215545 
-0.002761640262 
0.027537503698 
0.026105101792 
-0.013083468739 
0.002061313505 
0.083874530363 
0.090520685236 
0.138832768763 
0.221656908359 
0.227682097491 
0.204152407726 
0.168165600534 
0.112599822052 
0.143287413094 
0.247886736581 
0.253806013607 
0.168284550760 
0.249867796759 
0.188655586402 
0.087829038388 
-0.051979530669 
-0.124788641834 
-0.098549908855 
-0.137269896518 
-0.013013865457 
-0.087943413031 
-0.073939243176 
-0.026135863187 
0.017231037448 
-0.055507740630 
-0.146456542736 
-0.230188085110 
-0.134391028196 
-0.312512663074 
-0.413210770469 
-0.215665877144 
-0.188968493042 
-0.181274964215 
-0.230882304922 
-0.247939769394 
-0.262354429695 
-0.383583692459 
-0.487153626021 
-0.456219422554 
-0.419941626731 
-0.441510802103 
-0.293246226373 
-0.404441249912 
-0.389405512254 
-0.421330016406 
-0.361543971466 
-0.224651564041 
-0.248721363059 
-0.332365157057 
-0.368683217433 
-0.203173569244 
-0.352910155902 
-0.436543165847 
-0.326379069022 
-0.278508031645 
-0.244877862345 
-0.312352655302 
-0.315586621484 
-0.378140177294 
-0.322022824414 
-0.407634903799 
-0.306343477957 
-0.282205834416 
-0.330286577642 
-0.208252312202 
-0.354232535635 
-0.375110704916 
-0.355066815229 
-0.387129699358 
-0.142207459626 
-0.257432689721 
-0.239681097521 
-0.238858254154 
-0.253822639574 
-0.244708843786 
-0.231534810749 
-0.189697878102 
-0.229154915894 
-0.235372903797 
-0.280589717555 
-0.334457006016 
-0.272485942042 
-0.222345905437 
-0.209994258686 
-0.204178044283 
-0.174413941494 
-0.164561735380 
-0.151712338587 
-0.214501304103 
-0.254760195645 
-0.351038820943 
-0.307459348051 
-0.279957737629 
-0.324999578797 
-0.343367292094 
-0.286364311435 
-0.390611711551 
-0.356669295316 
-0.105255754091 
-0.059800688392 
-0.136926455578 
-0.189448598827 
-0.174107982335 
-0.234662503698 
-0.234216851872 
-0.086814484464 
-0.097487923578 
-0.164955487311 
-0.189059629283 
-0.121231187207 
-0.231187396550 
0.015916560484 
0.043108385583 
0.122910665250 
0.101607303558 
0.100455737060 
0.126205275036 
0.180098801258 
0.217362767763 
0.257787308583 
0.099370867844 
-0.084872791900 
-0.143532526936 
-0.004616277503 
0.122498196922 
0.195549706032 
0.211392596765 
0.214908343079 
0.212133957636 
0.268332100269 
0.119650878339 
0.072341083545 
0.060950401128 
0.005208349995 
0.169195370983 
0.112335820332 
0.107849585854 
0.083893592323 
0.122100130556 
0.194334510950 
0.120517570974 
0.033167145488 
0.102081673354 
0.122765435733 
0.093290972344 
0.060371230247 
0.122745329492 
0.120649269002 
0.067403405914 
0.163158006084 
0.126723856444 
0.104272846602 
0.107485054198 
0.328973394706 
0.193058067108 
0.202449160060 
0.267299236664 
0.263353172896 
0.317199783227 
0.060865773649 
0.020892391159 
0.159082769612 
0.013316114666 
0.149664275014 
0.085274023620 
0.102145156455 
0.107822280303 
0.170754773315 
0.072691856888 
0.068838894523 
0.219642083158 
0.064462810331 
0.063357070123 
0.145509362899 
-0.003182049458 
-0.313723539144 
-0.238877931673 
-0.301789010230 
-0.279637283948 
-0.119491196265 
-0.154354635830 
-0.202198032954 
-0.083419165610 
-0.088689933344 
-0.078067749515 
-0.076796922913 
0.026705293707 
-0.120604677268 
-0.127377739890 
-0.254953916913 
-0.209737937884 
-0.161012111163 
-0.082084090370 
-0.144981298522 
-0.114839320437 
0.040886681288 
0.184418912854 
0.360928907190 
0.365636888240 
0.302362397533 
0.206974482154 
0.227600333092 
0.198016433644 
0.341600579131 
0.345145071463 
0.328241870219 
0.271723866198 
0.181643159670 
0.236693734808 
0.105419411251 
0.276126068250 
0.035452826401 
-0.061222001827 
-0.199998646140 
-0.268058194535 
-0.333756578906 
-0.254525539777 
-0.415985216177 
-0.330157089013 
-0.332983042063 
-0.415387298032 
-0.226632581247 
-0.103250315513 
-0.200009282770 
-0.094379317895 
-0.068892725890 
-0.153138931996 
-0.119391492341 
-0.170161212456 
-0.198973934697 
-0.149786068240 
-0.222637934706 
-0.094233226391 
-0.156161261244 
-0.263982281275 
-0.278052652249 
-0.347605582511 
-0.430246976856 
-0.311568528145 
-0.211202389269 
-0.283372342650 
-0.262706275564 
-0.289563658684 
-0.228448728348 
-0.119487283881 
0.034614878083 
-0.023440496632 
0.085612991562 
-0.001179930671 
0.013029557616 
0.047539150391 
-0.007876926943 
-0.010760137224 
-0.120500224810 
-0.120080990316 
-0.120052949973 
-0.173596779258 
-0.189586569561 
-0.157101243006 
-0.152029129804 
-0.025156081260 
-0.013248806652 
-0.023895014690 
-0.051109170599 
-0.050569868630 
-0.084315386523 
-0.085365083405 
-0.050055237570 
0.000405318548 
-0.139963208478 
-0.128878629259 
-0.133658103582 
-0.179080553383 
-0.139142373193 
-0.106048493818 
-0.101598154676 
-0.142155800917 
-0.085332044622 
-0.054449451617 
-0.074278678883 
-0.134849458056 
-0.228461194385 
-0.276649623379 
-0.283348920671 
-0.319183917486 
-0.314045989215 
-0.292176419972 
-0.286590574181 
-0.290524620187 
0.025884040132 
0.031140486651 
-0.077707807495 
-0.027727241948 
-0.049251491097 
-0.174803466298 
-0.130670906029 
-0.217168111041 
-0.142309809787 
-0.113502531625 
-0.122989197850 
-0.086774672375 
-0.440493525962 
-0.289744250546 
-0.256531291688 
-0.463778816212 
-0.343524384281 
-0.385793147422 
-0.330831280405 
-0.417887010305 
-0.375015010054 
-0.424547671982 
-0.416695781241 
-0.493153190027 
-0.471392612155 
-0.448499026567 
-0.403355334154 
-0.426849237805 
-0.395136856117 
-0.455891225548 
-0.390922619062 
-0.411912331723 
-0.386126112028 
-0.313260064067 
-0.505831734750 
-0.478167802740 
-0.499157920433 
-0.470671809828 
-0.438103618927 
-0.341527338841 
-0.376408453003 
-0.315086857070 
-0.294111349188 
-0.237983556741 
-0.326396693573 
-0.301444323225 
-0.238640096775 
-0.224837076404 
-0.238071999315 
-0.242191631948 
-0.190608362386 
-0.160183828637 
-0.208062740329 
-0.189462952536 
-0.153778792747 
-0.098958575292 
-0.091328206373 
-0.040433041862 
-0.080494334469 
-0.099325099785 
-0.007651296840 
-0.016434508369 
-0.027952007800 
-0.071451520687 
-0.017659168270 
-0.007669327122 
-0.017990643088 
-0.026082949282 
-0.032871379638 
-0.063116968647 
-0.020613919376 
0.030022597074 
0.025473447341 
0.014318190250 
0.105034740963 
0.105734576096 
0.073757082600 
0.090587743281 
0.050386491358 
0.029893999076 
0.055059870958 
0.047913251518 
0.039200450708 
0.099870097001 
0.075526523001 
0.002742061097 
0.024867091449 
0.039635883329 
0.066809769150 
0.152601234829 
0.131117208455 
0.144405915921 
0.120241799775 
0.053644861196 
0.034660705097 
0.020954804571 
0.051918662359 
-0.035600784657 
-0.065754001426 
-0.076474531914 
-0.077293433662 
-0.031486296322 
-0.100396446860 
-0.133135109316 
-0.188648523911 
-0.255890367271 
-0.259002373622 
-0.255817760043 
-0.322629001222 
-0.333282730337 
-0.349609567127 
-0.339725002286 
-0.383991190140 
-0.380228420549 
-0.332673763126 
-0.308629930642 
-0.312973506493 
-0.370905939730 
-0.320029786299 
-0.274554627654 
-0.279868711555 
-0.284778921165 
-0.270805749029 
-0.280543631400 
-0.253895691675 
-0.194905133300 
-0.249117331705 
-0.282417565446 
-0.279363560848 
-0.276366389744 
-0.285306324301 
-0.266047005722 
-0.287847374571 
-0.291388825439 
-0.289044499518 
-0.289869057695 
-0.212998701807 
-0.176319275422 
-0.044411746837 
-0.061402487519 
0.068739516881 
0.011123975732 
0.116216166875 
0.113633830095 
0.084136454886 
0.061315401399 
0.022185140508 
-0.014364087207 
0.024477952966 
0.065820783966 
-0.032115195751 
-0.007985377943 
-0.018829743947 
0.081501163937 
0.067689227930 
-0.077741470296 
-0.132957556488 
-0.125133585338 
-0.159503316029 
-0.168467009506 
-0.151998165421 
-0.216449751982 
-0.310976058173 
-0.428470518644 
-0.439989231272 
-0.419144964922 
-0.474423310410 
-0.488846889966 
-0.342664702434 
-0.390453797739 
-0.352442960170 
-0.460739040666 
-0.474891308899 
-0.532834922910 
-0.531126682439 
-0.425224945997 
-0.424662848134 
-0.384748270233 
-0.296876664029 
-0.312382488338 
-0.266987194281 
-0.336602418824 
-0.380876763033 
-0.371192718485 
-0.390083017299 
-0.410916960254 
-0.313190465841 
-0.285028957439 
-0.295925238289 
-0.303136933739 
-0.329647190818 
-0.276385007391 
-0.307933579755 
-0.299977193088 
-0.199450570910 
-0.223863726932 
-0.216673003068 
-0.217111353648 
-0.217876017653 
-0.216039843818 
-0.200016088763 
-0.207324355033 
-0.256443183955 
-0.249164291673 
-0.228410377961 
-0.227405259487 
-0.235193464794 
-0.318214661330 
-0.221923937552 
-0.267167190638 
-0.198955526329 
-0.224430522229 
-0.101911195243 
-0.101892133669 
-0.185813069182 
-0.169569336539 
-0.167885730871 
-0.244735675894 
-0.247539408747 
-0.227229707785 
-0.236292032427 
-0.266348532914 
-0.275148419402 
-0.274117625932 
-0.310387255473 
-0.336073071404 
-0.319991822564 
-0.411991923985 
-0.478996478483 
-0.520280261706 
-0.440934156544 
-0.410297128428 
-0.415974627531 
-0.439192248727 
-0.486981018349 
-0.442954361770 
-0.428987749027 
-0.431976415768 
-0.447262915066 
-0.379914040152 
-0.374780812937 
-0.374570311527 
-0.370189252252 
-0.222857127929 
-0.206565411645 
-0.200852450408 
-0.203012875588 
-0.203901045767 
-0.215184355152 
-0.233139979222 
-0.222046758933 
-0.197623152946 
-0.219275009614 
-0.256318423168 
-0.250521743393 
-0.227095151792 
-0.260152414464 
-0.284731026083 
-0.308838429817 
-0.326702434588 
-0.126778890359 
-0.344374044356 
-0.343263655456 
-0.159547269763 
-0.103582372559 
-0.269931537463 
-0.356569925067 
-0.260408617128 
-0.190383356381 
-0.274718750437 
-0.450253961145 
-0.236438267956 
-0.006354981208 
0.046616046662 
-0.031210552493 
0.178079383526 
0.100008763284 
0.093620966757 
-0.105341523298 
-0.023088663599 
-0.060758968504 
0.002152766464 
0.140612665579 
0.122352885259 
0.109729911483 
0.011324920564 
-0.122879089919 
-0.096075633060 
0.019428128415 
-0.099599785526 
-0.063109019063 
0.003161283283 
-0.086126722398 
0.009431338256 
-0.344416440243 
-0.161909825560 
-0.003306188477 
-0.053988556309 
0.144407677067 
0.101319473281 
-0.078307287187 
0.005772834766 
0.052466764537 
0.024501183651 
-0.227204839112 
-0.125551383056 
-0.098116345181 
0.321047264445 
-0.066380790157 
-0.041202175141 
-0.077650627112 
-0.073012511764 
-0.127306190093 
-0.123126326239 
-0.149044277581 
-0.020770403769 
-0.104443634677 
-0.018594541734 
-0.194095161896 
-0.316099473025 
-0.254426354919 
-0.070746996255 
0.037167581482 
-0.070418985057 
-0.073968101925 
-0.116428450487 
-0.236258135536 
-0.179019666433 
-0.081149132226 
0.029070193611 
-0.144325248159 
-0.068609401522 
-0.273329346897 
-0.308662595172 
-0.376980821212 
-0.330621520763 
-0.227315662102 
-0.173852214438 
-0.212654526498 
-0.108888704676 
0.012345691916 
0.099822137749 
0.025160748772 
-0.014536419988 
0.099614374543 
0.171328185690 
0.176662389541 
0.052577760860 
0.222227590718 
0.186256290113 
0.094989135401 
0.175816385338 
0.263424413345 
0.100418504243 
0.050077374723 
0.198777590608 
0.194384573901 
0.011901046205 
0.300836591466 
0.179777981485 
0.051243769678 
0.149541405079 
-0.129373767508 
-0.382688443143 
-0.224062970918 
-0.131811621577 
-0.039659555125 
-0.118374761867 
-0.202295057083 
-0.096776068549 
-0.078423251657 
-0.157620954685 
-0.054633639694 
0.010787448320 
-0.041711119231 
-0.018647406644 
-0.006119745350 
0.078028028383 
0.015919489675 
-0.027526830034 
-0.020172898020 
0.145869698901 
0.027803809125 
0.232871048470 
0.109659427546 
-0.070308436902 
0.156674653135 
0.232974829695 
0.191421422878 
0.227442778117 
0.266537999185 
0.241053592480 
0.218018162907 
0.134515716588 
0.051018616605 
0.104608309634 
0.188503224117 
0.169026199990 
0.102945863018 
0.176727086862 
0.262892577621 
0.137336178711 
0.206440533834 
0.180293092857 
0.238651532736 
0.167739367230 
0.072137054083 
0.118675178467 
0.187389204640 
0.179862100705 
0.097582559125 
0.104770282739 
0.092761556706 
-0.003959515698 
-0.042091310785 
-0.151259218973 
-0.145673567977 
-0.106486697541 
-0.106691125762 
-0.106691125762 
-0.122026408915 
-0.117362969771 
-0.131498469703 
-0.174349011390 
-0.280903457623 
-0.264342475310 
-0.243073831014 
-0.248257487000 
-0.249559429604 
-0.298867596577 
-0.313550103432 
-0.209528516009 
-0.300180659943 
-0.287262472892 
-0.281580338268 
-0.330019431649 
-0.272527291525 
-0.433421635210 
-0.407377218995 
-0.383509610534 
-0.568876713532 
-0.643902281706 
-0.515460022664 
-0.490244915235 
-0.615052290847 
-0.576288717220 
-0.159501885341 
-0.273685441203 
-0.223068538821 
-0.337665064562 
-0.237326503978 
-0.122907044837 
-0.223681665064 
-0.308670884009 
-0.290014260789 
-0.303394803036 
-0.276656045420 
-0.229213124066 
-0.252735911220 
-0.228966611758 
-0.218606051576 
-0.147532742315 
-0.153764139536 
-0.175874924772 
-0.232220451587 
-0.310510318700 
-0.308186947548 
-0.276390728555 
-0.281062803034 
-0.352311991694 
-0.368100164369 
-0.396439475073 
-0.400740115803 
-0.451637938719 
-0.578069619758 
-0.445157984846 
-0.323589532690 
-0.352942091307 
-0.278014572345 
-0.328948559009 
-0.174871124570 
-0.317784714803 
-0.293795374381 
-0.207074102052 
-0.269673974645 
-0.418062208356 
-0.381306837750 
-0.341718920264 
-0.271663525346 
-0.400105164370 
-0.016372163346 
-0.033132211164 
-0.132708318918 
-0.063296670410 
-0.032249842481 
-0.163006373110 
-0.067876497234 
-0.139532936668 
-0.129891608811 
-0.264092080295 
-0.018626091786 
-0.081194735322 
-0.274074540858 
-0.006453827111 
-0.048677847419 
0.231781906306 
0.070231216469 
0.154670894354 
-0.059278143357 
0.127856404096 
0.094693219507 
-0.079578655384 
-0.043677190114 
0.202458829700 
0.152903039398 
0.178089046566 
0.091291134160 
-0.003794694450 
-0.061442090539 
0.013071497811 
-0.099573044398 
0.029285380006 
-0.054366351102 
0.119392574484 
-0.032206104502 
-0.026911058616 
-0.036318014982 
-0.100798141208 
-0.224998718534 
-0.216351959932 
-0.103658391357 
-0.115094550204 
-0.136759491326 
-0.136117907548 
-0.164118802148 
-0.169488721207 
-0.177727910199 
-0.196304493472 
-0.277707783514 
-0.424405792359 
-0.414477514337 
-0.258892422839 
-0.210751303196 
-0.305981983280 
-0.335790656908 
-0.388310901593 
-0.405624143540 
-0.354009401957 
-0.470589267504 
-0.448552208267 
-0.434562831831 
-0.433403669392 
-0.410765074642 
-0.361540851108 
-0.328639441633 
-0.346426291238 
-0.363033249177 
-0.369689822484 
-0.451487597418 
-0.404897682418 
-0.521654372712 
-0.482500202423 
-0.472292084001 
-0.626416488061 
-0.595269801015 
-0.517304549418 
-0.497145539684 
-0.487228117183 
-0.475198547821 
-0.514480248046 
-0.336514332923 
-0.301256164954 
-0.399357476442 
-0.482957082637 
-0.358493911672 
-0.332488717969 
-0.341225593899 
-0.339753768995 
-0.337101205344 
-0.360154318978 
-0.411357999454 
-0.457252252438 
-0.459854707976 
-0.487660373548 
-0.390672621295 
-0.366713273794 
-0.410054388903 
-0.468414177571 
-0.295427846006 
-0.299392098483 
-0.317185542222 
-0.433312118301 
-0.473414110167 
-0.460054941290 
-0.488875112269 
-0.531854177568 
-0.386577509389 
-0.402301643246 
-0.417634730641 
-0.416937383391 
-0.328848474051 
-0.299798930238 
-0.269931404187 
-0.105526464094 
-0.158825311691 
-0.129740051154 
-0.160111866747 
-0.202117030397 
-0.240730257456 
-0.132499168693 
-0.145686763541 
-0.120564979997 
-0.106483139700 
-0.171179309772 
-0.172357447099 
-0.120226303887 
-0.018799141519 
-0.064769825047 
0.129502674874 
-0.075512569150 
-0.066234834723 
-0.187703443362 
-0.056108472928 
-0.085341666299 
-0.100386586309 
-0.116913703614 
-0.141287885117 
-0.096862262592 
-0.098010675037 
-0.015889011722 
0.075522999900 
-0.010612430275 
0.043399287390 
0.006146001743 
0.006104350576 
0.043666307086 
0.022360393987 
-0.043879028373 
0.044848927303 
-0.059507663788 
