59334.866998836980 
59332.395639957656 
59332.283381426671 
59332.465289552914 
59332.333367677784 
59332.232915929453 
59332.197006160313 
59335.016252666363 
59332.229950221197 
59335.000221607181 
59335.051318158155 
59335.057498120579 
59335.049630597663 
59335.000791779123 
59335.056535605079 
59334.929618035603 
59335.008251354149 
59334.886886418593 
59334.848255480698 
59334.907651125548 
59334.971157670603 
59334.983859102947 
59334.855578955219 
59334.984325653153 
59334.978123986475 
59335.041715791369 
59335.013343952109 
59334.998553460879 
59334.991462993043 
59335.058571936475 
59335.047013849275 
59332.227204723400 
59332.268993404730 
59332.248877712504 
59332.399023592952 
59332.431096556153 
59332.334556066584 
59332.286400504614 
59332.343508970167 
59332.233371772963 
59335.022492321681 
59334.982092054830 
59334.866336943669 
59334.935473243931 
59332.209457739002 
59332.295255778619 
59332.280002035353 
59332.459878319321 
59332.267677714073 
59332.308754443482 
59335.053949844820 
59332.190493051115 
59335.018177847443 
59334.968963003652 
59334.995047828852 
59335.046971271993 
59334.805666151566 
59334.843479170573 
59334.883730466761 
59334.964876266946 
59334.939100734598 
59334.914540686885 
59334.941553303470 
59334.843098514779 
59334.981344908505 
59334.976805165556 
59335.002672748145 
59335.007445289833 
59334.955087835151 
59334.983357728808 
59334.943842029126 
59334.931981708563 
59334.979510626719 
59332.418470757497 
59335.019331188494 
59332.419519959702 
59332.315897399450 
59332.284269906399 
59332.281335533298 
59332.275386165995 
59334.999020839496 
59334.967348593891 
59334.925952201127 
59334.959578057002 
59335.030973743946 
59335.048052251419 
59332.287208381582 
59332.286727480110 
59332.229405535036 
59332.214820941728 
59332.201928793314 
59332.199496570560 
59335.043178344473 
59332.239129910675 
59332.370016818801 
59332.291126154531 
59332.206445593532 
59332.219349694948 
59335.045511615914 
59335.028706281752 
59335.012104255395 
59334.986613036846 
59335.036710889886 
59332.198405355761 
59332.261834985948 
59332.232893601897 
59332.285795316500 
59332.214647107183 
59332.245986140901 
59332.273574641280 
59332.253750005118 
59332.192522492660 
59334.987914362311 
59334.927550835506 
59334.921904707437 
59332.232479756749 
59335.017596922233 
59334.905595708544 
59334.857313281507 
59334.872994806989 
59334.893097321816 
59334.994937375806 
59334.943689264466 
59334.940378929030 
59334.909466723708 
59334.838772871924 
59334.891416761289 
59334.924535375183 
59334.939660352531 
59334.949869329896 
59334.938207501167 
59334.918181308109 
59334.819749393137 
59334.856111984613 
59334.849230382431 
59334.919847309066 
59334.845234300592 
59334.846000105033 
59334.807462901153 
59334.694101162007 
59334.770424603739 
59334.579123272422 
59334.742144499833 
59334.689822086955 
59334.600738649970 
59334.672011385621 
59334.616817242422 
59334.702883850303 
59334.718644312583 
59334.693052911192 
59334.676390554218 
59334.665803763448 
59334.700047741237 
59334.648409353307 
59334.668614152375 
59334.785154734323 
59334.710827327763 
59334.645052401487 
59334.709523526057 
59334.691952754176 
59334.541751096549 
59334.579170377750 
59334.621273208504 
59334.594493994606 
59334.590356660265 
59334.756425602747 
59334.839635561490 
59334.739385857247 
59334.793257290796 
59334.815752962109 
59334.775222358578 
59334.630504367946 
59334.691659741424 
59334.734451307282 
59334.702053984416 
59334.718598434651 
59334.764684180998 
59334.770008098872 
59334.770887093575 
59334.755071484469 
59334.787622256488 
59334.771831471669 
59334.773177957803 
59334.770224622509 
59334.742358621443 
59334.872963345282 
59334.753517525402 
59334.790666506378 
59334.782051106733 
59334.809667928661 
59334.788103853774 
59334.783475048447 
59334.718841299124 
59334.853039956048 
59334.827161124245 
59334.867935793416 
59334.882548198759 
59334.897979905611 
59335.000021036460 
59335.006934158337 
59335.004753642606 
59334.997412996498 
59332.190404553185 
59334.987089242510 
59335.001384950607 
59334.992577281198 
59334.940531059248 
59334.970624131944 
59334.993115972575 
59334.983937240599 
59334.992804736052 
59335.021837430635 
59334.975722389107 
59335.028188971606 
59335.064915540264 
59335.046911833721 
59335.037230127098 
59334.993786482286 
59334.998281485743 
59335.029614049803 
59335.048784882158 
59335.045288541398 
59335.035174413388 
59335.081258120394 
59332.207510737193 
59332.198162614070 
59335.064587474684 
59335.050706039874 
59332.216798165537 
59332.192844875150 
59335.014050135331 
59334.999212980292 
59334.989381156098 
59335.004609768628 
59335.032317322773 
59332.288981868238 
59332.252100523801 
59335.010448482564 
59332.223141801580 
59332.230939128101 
59335.059649717630 
59335.006774525129 
59332.209433522359 
59335.025853754822 
59332.235875648250 
59332.271494007698 
59332.246317768782 
59332.509826386100 
59332.302705402864 
59332.227657370211 
59332.271014588317 
59332.243001266907 
59335.066052471215 
59335.065428332295 
59335.053152260392 
59335.034618753030 
59335.078444734732 
59332.203781721568 
59335.005289337110 
59335.012098811174 
59334.923623140210 
59334.916636912341 
59334.914282431397 
59334.906358159453 
59334.934851865837 
59334.978485563588 
59334.979394444730 
59334.989975586468 
59335.004718978249 
59335.027020823327 
59334.935658147217 
59334.946829398556 
59334.962942814389 
59334.943956919727 
59334.946249970206 
59334.941824452173 
59334.935639384072 
59334.916085240606 
59334.915759124320 
59334.936153715833 
59334.900222942495 
59334.928610524359 
59335.001415005419 
59334.986607366758 
59334.999043290853 
59334.975833627461 
59334.941632687456 
59334.937714691005 
59334.916785467678 
59334.824784605989 
59334.833463460214 
59334.853846858459 
59334.793757537205 
59334.800664568967 
59334.830726541877 
59334.806945439428 
59334.863123078780 
59334.846537553167 
59334.842246981709 
59334.875814505307 
59334.849332368489 
59334.820129337924 
59334.829099665396 
59334.785722832072 
59334.842290134678 
59334.771647739602 
59334.781559251867 
59334.812640065538 
59334.805388864894 
59334.752594841804 
59334.760619058150 
59334.765983391342 
59334.793320123979 
59334.671127933027 
59334.682850184916 
59334.656757445984 
59334.666237107529 
59334.666973856401 
59334.663228822865 
59334.715457829458 
59334.759094954148 
59334.657967305742 
59334.653615561343 
59334.705027349512 
59334.679717357285 
59334.698591596112 
59334.746785571377 
59334.749703889953 
59334.770933723565 
59334.736831050192 
59334.788305043599 
59334.822040132771 
59334.816960692129 
59334.824573464182 
59334.823126521937 
59334.866227563682 
59334.878995127270 
59334.879098161953 
59334.896920199346 
59334.891410759701 
59334.898547891666 
59334.874310570085 
59334.870390165328 
59334.851933505175 
59334.880123849754 
59334.863596024967 
59334.862380146013 
59335.005065554564 
59334.997336267617 
59335.007935159461 
59335.010701574342 
59334.989264919044 
59334.987690087772 
59334.948007071107 
59334.919119856197 
59334.918898124910 
59334.953198586110 
59334.949562864422 
59334.956493319623 
59334.956515862425 
59334.977450526916 
59334.980437698388 
59334.992190884739 
59334.993040964917 
59335.017496086861 
59335.015723688550 
59335.014865104618 
59335.008732561808 
59335.016375808453 
59335.015236522435 
59335.016337277477 
59335.017288957621 
59335.017318957332 
59335.010542534168 
59335.012192178343 
59335.010763867394 
59335.010316716194 
59335.000654530792 
59334.987485375197 
59334.988584815525 
59332.249868032413 
59332.245537921830 
59332.297162837858 
59332.245687230286 
59332.311713309398 
59332.262796836811 
59332.212312346936 
59332.217172434161 
59332.259538545455 
59332.268396139822 
59335.032315447759 
59334.988531954354 
59335.033832433714 
59334.969631370237 
59335.055047765309 
59335.056406344796 
59332.207018771180 
59332.321970966805 
59334.932909095864 
59334.995271518019 
59334.997745792301 
59335.040960802799 
59334.969297726209 
59334.959106768154 
59334.907432523265 
59334.861509401315 
59334.870436218094 
59334.989339804444 
59334.943097252763 
59335.002816030996 
59335.001193455209 
59332.272644329802 
59332.406433033568 
59335.071091794816 
59335.027786674334 
59332.205651202043 
59334.955425339365 
59334.918314459523 
59332.256888625314 
59335.084720428291 
59334.935351880937 
59334.982310629392 
59335.037906146288 
59332.190415482342 
59335.006064089706 
59335.005940490177 
59334.998031011644 
59335.050336341301 
59335.037704093280 
59335.034496981963 
59332.193475668442 
59335.055301369423 
59335.023407103683 
59332.331859663391 
59332.207798895164 
59332.193852936143 
59335.037500769344 
59332.215841562211 
59335.059886087496 
59334.899833624389 
59335.053691616369 
59334.850275421501 
59334.809842192939 
59334.760018624867 
59334.760015404725 
59334.891175963450 
59334.962820965811 
59334.944468572219 
59332.356077871285 
59332.234043626435 
59332.280682509692 
59332.230987736970 
59335.015442834563 
59334.994308986890 
59335.013117365765 
59334.886441853727 
59334.936908512005 
59334.964625144363 
59335.015304178414 
59334.932832876279 
59332.193269556468 
59332.203176561750 
59332.246200103393 
59332.289815446078 
59332.332323562870 
59332.322304573616 
59332.225749441663 
59332.278813920748 
59332.219371861218 
59332.301065521715 
59332.228570963329 
59335.047693453547 
59335.032836803388 
59334.971400879971 
59334.926826231000 
59334.928377383978 
59334.973011248738 
59335.024108201214 
59334.967511654359 
59335.004426329753 
59335.030355277901 
59332.202519599225 
59335.015308656555 
59335.024610886918 
59334.998658898985 
59334.993914524202 
59334.999476510828 
59334.972129375878 
59334.988737286854 
59334.991676602105 
59335.008343348491 
59335.040363316039 
59335.048380254782 
59334.998500764697 
59334.948514562071 
59334.946304318088 
59334.935947771592 
59334.946640879694 
59334.938205090068 
59334.940625707313 
59334.935240594379 
59334.946462867498 
59334.938663241359 
59334.927766884648 
59334.933077801477 
59334.897458379695 
59334.903285197259 
59334.890309815884 
59334.883974000295 
59334.876742376720 
59334.883859123205 
59334.865887204716 
59334.849970330593 
59334.827518219136 
59334.809457856994 
59334.843054175588 
59334.816624453837 
59334.790156443065 
59334.938096371363 
59334.892697626354 
59334.878190625015 
59334.933854211871 
59334.953821331721 
59334.974900385758 
59334.902748511791 
59334.894159861113 
59334.954705826654 
59334.926118896125 
59334.917337138089 
59335.023865117444 
59334.924533930600 
59334.896167991858 
59334.910948441990 
59334.980012335545 
59334.986686022530 
59335.010175464864 
59335.001105353556 
59335.013577277881 
59335.063735827913 
59335.001663496587 
59335.002382391627 
59335.008286521610 
59332.228192683768 
59335.001380501970 
59335.013343286686 
59334.982598804978 
59335.039146339936 
59335.054786770204 
59332.243191751237 
59332.241822066026 
59335.013750068632 
59334.988467314259 
59335.025867843819 
59335.012383306945 
59332.204080896998 
59335.063193716698 
59335.034763151853 
59332.219164368886 
59332.203228241087 
59332.236771457574 
59332.239283016097 
59332.227715723166 
59332.223953603134 
59332.237873009544 
59332.367120693052 
59332.334359214627 
59332.352463884316 
59332.397059335752 
59332.336989233088 
59332.230224225059 
59332.298658134103 
59332.324220749520 
59332.256492305787 
59332.349721698134 
59332.428546540046 
59332.239302086295 
59332.294460497978 
59332.347371055417 
59332.496103509446 
59332.422910668050 
59332.353150078343 
59332.477721686475 
59332.405786252937 
59332.328716514057 
59332.308566371081 
59332.348120963259 
59332.270027928469 
59332.230718926316 
59332.328512146560 
59332.352448788588 
59332.273338747495 
59332.298437717356 
59332.252367820634 
59332.218574311912 
59332.269460013267 
59332.306034362446 
59332.277688080270 
59332.295970071973 
59332.261863478809 
59335.037584869257 
59335.034185765682 
59335.038675092139 
59334.997419362233 
59335.002328709306 
59335.000550861449 
59335.003669081219 
59334.950694573083 
59334.955805616955 
59334.960865156856 
59334.942733201002 
59334.947771929059 
59334.936897476371 
59334.928443917604 
59334.906182944556 
59334.950456779108 
59334.969483877758 
59334.975531137905 
59334.896790395396 
59334.812500325206 
59334.873221907117 
59334.849558508067 
59334.880113671883 
59334.890893848155 
59334.838421248263 
59334.816223305810 
59334.917300591020 
59334.923068889279 
59334.937790685472 
59334.938355903330 
59334.995239178199 
59334.914268639681 
59334.892998460877 
59334.937532838172 
59334.886616433949 
59334.887200509162 
59334.910718333122 
59334.944116252467 
59334.992216721337 
59335.027445650303 
59332.194983428570 
59335.013091650770 
59332.236410187477 
59332.249147892871 
59332.268510174938 
59332.231655960102 
59332.288758470699 
59332.204072102315 
59334.985474202214 
59334.984155058286 
59334.966382973958 
59335.025093067125 
59332.203782377263 
59332.228730408460 
59332.210512011137 
59332.271863508919 
59332.200211502546 
59334.966579016596 
59334.941169054167 
59334.949773475673 
59334.954823294240 
59332.203719095553 
59335.084483560284 
59335.079720106522 
59332.203964503948 
59334.924920040343 
59334.960679134274 
59335.027328165546 
59335.018582346987 
59334.981931560855 
59334.957259126342 
59334.967836040894 
59335.036315227742 
59334.914055645269 
59334.968442000798 
59334.913051157724 
59334.977905406035 
59334.956932469438 
59335.015810650635 
59335.015621077611 
59334.943730927531 
59335.019376141114 
59335.055388532077 
59332.238919911004 
59332.221427918375 
59335.070281971239 
59332.256516425565 
59332.253590371969 
59332.269762768083 
59332.285439032770 
59332.317266917555 
59332.419326548654 
59332.369881496008 
59332.240042267178 
59335.048114289013 
59332.195451005929 
59335.041143050097 
59335.036576756662 
59335.047352791815 
59335.022887597574 
59332.287952951847 
59332.345845290612 
59332.249076456021 
59332.276834559911 
59332.252829112440 
59332.213603199860 
59332.203329131851 
59332.239254374646 
59332.189936744755 
59332.195718562711 
59332.218530092694 
59332.221664931501 
59332.278496939536 
59332.203568505807 
59332.207136985322 
59332.258138227247 
59335.024070343236 
59335.029608244229 
59335.016715803824 
59335.016748783186 
59335.016748783186 
59335.020618899733 
59334.930700762539 
59334.865194637583 
59334.816345162762 
59334.830254726861 
59334.898608521173 
59334.909278404499 
59334.898144467639 
59334.944211680340 
59334.978958856671 
59334.939202632821 
59334.931137397056 
59334.856251640267 
59334.858007395182 
59334.895479441999 
59334.897950757608 
59334.870066076706 
59334.881470161694 
59334.887101784472 
59334.890472177874 
59334.880460233500 
59334.880460233500 
59334.798695303558 
59334.798695303558 
59334.798695303558 
59334.841273778344 
59334.891000460950 
59334.899854196738 
59334.993972997618 
59334.960215353371 
59334.998123319558 
59334.995963442881 
59332.200860656878 
59332.201418082739 
59332.202522701060 
59335.067395991486 
59332.217338884431 
59332.192740528146 
59332.272198026374 
59335.072743067802 
59334.954888084489 
59334.970761383513 
59334.963398095242 
59335.024859302968 
59334.972829980616 
59335.052612166568 
59335.039387639888 
59332.229041469211 
59332.209060598936 
59335.017704532758 
59332.259233433375 
59332.299296773715 
59332.257786944945 
59334.987175423237 
59335.016614075001 
59334.999482814485 
59335.051284513720 
59335.039799200473 
59335.040690455928 
59334.995588157224 
59334.947635627948 
59334.878207457659 
59334.911756682443 
59334.939890569563 
59334.879285442919 
59334.909727385297 
59334.847553202992 
59334.880923385601 
59334.917895867264 
59334.972491906039 
59334.961562158700 
59332.222464174192 
59332.264870520114 
59332.254010857752 
59332.326457839044 
59332.282808813412 
59332.276585891479 
59332.297815276819 
59332.269375220996 
59332.340572389468 
59332.190523115765 
59332.220581723872 
59332.212496837186 
59332.233023756467 
59335.040022293564 
59334.996524966482 
59334.983274153594 
59334.982136910279 
59334.942700200540 
59334.966888481838 
59334.953052653087 
59334.951516106368 
59334.940949765252 
59334.972478059877 
59334.948647049277 
59334.982290024316 
59335.053356481563 
59332.258367452130 
59335.057983615945 
59332.193394890353 
59332.200962770577 
59335.057518376503 
59335.054162087581 
59332.229523369955 
59332.236509033253 
59332.230642341085 
59332.236168588395 
59332.238135052037 
59332.215189463954 
59332.264778326833 
59332.251123513444 
59332.265869006704 
59332.248676104726 
59332.266647324032 
59332.196164927751 
59335.029609380799 
59335.039495793659 
59335.031266556798 
59335.027764977851 
59332.190465614745 
59332.201664548171 
59332.193284873640 
59335.034704629317 
59335.027053540121 
59334.922061474696 
59334.900630395139 
59334.910272110392 
59334.944130731310 
59334.937368887004 
59334.915878881598 
59334.919444685111 
59334.940134746670 
59334.943769878751 
59334.918743468123 
59334.948114815525 
59334.960503378803 
59334.863948727507 
59334.827347399900 
59334.899876629352 
59334.991020030473 
59334.935015552903 
59334.944621306357 
59334.858801075614 
59334.819600093768 
59334.806121882859 
59334.784395529961 
59334.805371607683 
59334.782501710150 
59334.817638208537 
59334.808114928484 
59334.847718274992 
59334.857329693128 
59334.860192008375 
59334.863742171408 
59334.881534664542 
59334.873267807641 
59334.853841689655 
59334.893928563935 
59334.843913025885 
59334.866418253107 
59334.848932090936 
59334.856696078874 
59334.838582468627 
59334.839070267844 
59334.829130561979 
59334.834565042220 
59334.866665152447 
59334.820804383911 
59334.834698444647 
59334.872035930057 
59334.849575528424 
59334.917358841813 
59334.938004832205 
59334.959610916310 
59334.935083986587 
59334.930176502101 
59334.935543863343 
59334.906330682876 
59334.926083999962 
59334.897358140610 
59334.884691343672 
59334.883214451591 
59334.923937124448 
59334.942457810561 
59334.932928969254 
59334.913404262756 
59334.920619834818 
59334.997065375952 
59335.033053997082 
59335.034685927763 
59335.011207374722 
59335.009766681789 
59334.972622788424 
59334.985729038963 
59334.978143263477 
59334.979929353671 
59334.954884330677 
59334.894824493160 
59334.925674763079 
59334.921474320996 
59334.881590079196 
59334.880533142212 
59334.807706204541 
59334.771231208353 
59334.773580562789 
59334.746574972480 
59334.814901799633 
59334.804195130935 
59334.850111113366 
59334.828083373861 
59334.827539798978 
59334.843741568839 
59334.845842436996 
59334.838164180088 
59334.838457733604 
59334.852574477831 
59334.852826535913 
59334.856041823477 
59334.876686946387 
59334.878098807392 
59334.860673054136 
59334.776220723325 
59334.698463722394 
59334.829506820308 
59334.824857271640 
59334.831206046591 
59334.860131583766 
59334.828651299293 
59334.834247539198 
59334.786050807561 
59334.779529777290 
59334.689943253477 
59334.686650159972 
59334.620692949698 
59334.675572472996 
59334.645592413406 
59334.772624214645 
59334.690804221253 
59334.666647046259 
59334.673792547059 
59334.692784152292 
59334.682422197584 
59334.761448606849 
59334.752940383987 
59334.678939227808 
59334.701529858343 
59334.722913575737 
59334.738243529122 
59334.732215363030 
59334.741346056682 
59334.662358729664 
59334.666889717570 
59334.752736751478 
59334.736896716051 
59334.772697022927 
59334.750272738143 
59334.725481302899 
59334.769694416798 
59334.762404481662 
59334.805556728839 
59334.749495624063 
59334.671118842518 
59334.644433788555 
59334.704300994155 
59334.745641463138 
59334.670346269901 
59334.751566817904 
59334.808802968619 
59334.836328299389 
59334.831569491398 
59334.837020262021 
59334.854165674493 
59334.855554517737 
59334.892774540938 
59334.880772330718 
59334.884365108657 
59334.879334928904 
59334.882864316132 
59334.889073400875 
59334.897540726590 
59334.867909043423 
59334.877059177983 
59334.875812123348 
59334.875812123348 
59334.875750659368 
59334.896529215941 
59334.891541766869 
59334.906115250531 
59334.901222375847 
59334.892873213146 
59334.853452155570 
59334.840565237719 
59334.840565237719 
59334.843672355593 
59334.897942040297 
59334.932557593798 
59334.939073407273 
59334.931947403173 
59334.934732161739 
59334.969843059902 
59334.958058519602 
59334.960336072960 
59334.950900193180 
59334.955916502346 
59334.955039893699 
59334.971680032373 
59334.981205168180 
59334.987944311426 
59334.998972571426 
59335.008756907780 
59335.020611822874 
59335.015591508723 
59335.010952221761 
59335.032014573590 
59335.001286511579 
59334.812346963648 
59334.719394465283 
59334.717531394199 
59334.809179795215 
59334.893556277260 
59334.878037718998 
59334.913165576203 
59334.959368237352 
59334.960554724312 
59334.980131960547 
59334.981921554507 
59334.993700581137 
59334.998899055143 
59335.034378958750 
59335.031765512482 
59335.034411592256 
59335.038301181608 
59335.019062031795 
59335.026921828954 
59335.014642198512 
59335.010176036085 
59334.999840398654 
59335.013109755237 
59334.978929454766 
59334.972196463568 
59334.972196463568 
59334.967588158630 
59334.982446753776 
59334.973977792659 
59334.962793236155 
59334.960703744924 
59334.994297050907 
59334.973256322803 
59334.969246885659 
59334.975305950291 
59334.927915784479 
59334.941762358976 
59334.950295577364 
59334.951304535774 
59334.918027640495 
59334.929610945212 
59334.929353964333 
59334.920583622756 
59334.865926365957 
59334.870525462640 
59334.875367408364 
59334.875367408364 
59334.878956695284 
59334.884551075571 
59334.883079935440 
59334.880239593454 
59334.877664678468 
59334.898333978483 
59334.898822331452 
59334.901639932978 
59334.899923474906 
59334.892818383698 
59334.892818383698 
59334.893814740499 
59334.885086017028 
59334.883192562273 
59334.883192562273 
59334.884215172104 
59334.884281767161 
59334.885438647507 
59334.885311150239 
59334.883264555654 
59334.878686783588 
59334.876335371169 
59334.878608880965 
59334.881491782420 
59334.878504983732 
59334.877230337435 
59334.932582649177 
59334.931645455843 
59334.934766831386 
59334.934766831386 
59334.940923737573 
59334.947388439643 
59335.001229029549 
59334.999102865942 
59335.021259688758 
59335.019713285488 
59335.029945255657 
59335.040897441198 
59335.036112207141 
59335.049611017675 
59335.050161659899 
59335.050161659899 
59335.050105072878 
59335.050105072878 
59335.051012902724 
59335.039390935832 
59335.036806483200 
59335.023850554709 
59335.018372845305 
59335.043642398596 
59335.034138210009 
59332.202261787890 
59335.064749646452 
59332.191144054515 
59332.192477304445 
59332.203750329725 
59332.204313622875 
59332.205380075233 
59334.953966172157 
59334.889281880052 
59334.973045320410 
59332.305066257926 
59334.934793329805 
59334.950100327609 
59335.012164619453 
59332.213149044124 
59332.312236540813 
59332.270227245528 
59332.214865022594 
59335.069678033520 
59335.071531285343 
59335.056072310690 
59335.026966022051 
59335.060314079215 
59332.287109887693 
59332.204186919320 
59334.947627102672 
59334.943080956211 
59334.958286850764 
59334.978974019163 
59335.009941537784 
59335.016433648569 
59335.012683350935 
59335.035130664604 
59335.023516990812 
59335.044395167904 
59335.039179438092 
59332.272001258621 
59335.044010859587 
59332.201062022883 
59335.067969733922 
59332.362509306564 
59332.209974428290 
59334.979925869331 
59334.887035426160 
59334.945213646286 
59334.781640132278 
59334.814420527677 
59334.825321938923 
59334.803321825559 
59334.839230686099 
59334.779279836410 
59334.869159988462 
59335.019968184075 
59335.036812369217 
59332.234997808751 
59332.210792898913 
59335.010689408504 
59334.960737455083 
59334.927418648011 
59334.955758239477 
59334.954122130563 
59335.003919978000 
59334.953137121061 
59334.961805584106 
59334.914323834295 
59332.206882489387 
59335.062112034444 
59335.068394262460 
59335.033044564610 
59332.313205160921 
59335.032056610951 
59335.038932625015 
59334.969556878801 
59334.842490943905 
59334.816027014822 
59334.799490886406 
59334.822228987876 
59334.862884207010 
59334.845777359049 
59334.806423197180 
59334.802487522487 
59334.785173684329 
59334.902625104136 
59334.790007856864 
59334.816879142854 
59335.025967891059 
59332.318261437926 
59332.286104111336 
59332.398201536947 
59332.307093088042 
59335.073712474259 
59335.046535033209 
59335.057466093691 
59335.008101318374 
59334.969103702962 
59334.959486043270 
59335.004872770332 
59334.975662809811 
59332.230611000137 
59335.039624561607 
59335.050025547978 
59334.991859189897 
59332.267921262035 
59332.192780660225 
59332.200061117102 
59332.207749472655 
59332.281744292035 
59332.196580613490 
59332.209073933118 
59332.220609467680 
59332.286963480066 
59332.223515998019 
59332.292779092757 
59332.215664060524 
59335.050864264638 
59332.253447663912 
59332.207104682318 
59332.239705652108 
59332.227520641994 
59335.030699362906 
59332.247137025210 
59334.952544382228 
59334.871685676189 
59335.047163113384 
59332.256400300117 
59332.404236888236 
59332.411781001108 
59332.371643278762 
59332.269709817396 
59332.269235906897 
59332.263672490873 
59332.292782340075 
59332.288412833397 
59332.268225867840 
59332.323758872117 
59332.286386192049 
59332.374984425573 
59332.367291856834 
59332.323154385413 
59332.318441099051 
59332.322536452848 
59332.359021691489 
59332.233003889647 
59332.213630561135 
59332.192642360853 
59335.023868317519 
59334.998762340758 
59334.992478848486 
59334.990913355636 
59334.960098326490 
59334.974324838804 
59334.981049978145 
59334.970830748309 
59334.969408156969 
59335.022845716740 
59335.000450988337 
59334.995737786419 
59335.007166971329 
59332.221334361355 
59332.240020430887 
59332.231645613923 
59332.238250551491 
59332.336477138306 
59334.995885298798 
59334.978979841733 
59334.989503630939 
59334.938712509560 
59334.874855070244 
59332.298172940151 
59332.263048483801 
59332.327424777337 
59335.055213853317 
59335.041529930255 
59335.003054816523 
59335.013914857715 
59335.014285121943 
59334.997732349453 
59335.022457156294 
59332.208699263538 
59332.189859887905 
59332.321343513649 
59332.250525412768 
59335.023554069769 
59334.955852971601 
59332.217160143264 
59332.254839857451 
59332.234397725173 
59332.275718407756 
59334.859087549390 
59334.855758637976 
59334.855732803073 
59334.852684916907 
59334.847438826408 
59334.962818375534 
59334.867785591407 
59334.980492872004 
59335.048080087865 
59332.220190434360 
59335.051828718992 
59335.018602200485 
59332.257116425921 
59335.051146986320 
59332.191212028221 
59335.067855160232 
59332.258973644020 
59332.283010531406 
59332.258757994299 
59332.247070968260 
59332.399486512135 
59332.366704297128 
59332.327547952147 
59332.304315787966 
59335.073814124982 
59334.976391766177 
59335.025282899376 
59334.864627427036 
59334.835998243812 
59334.893775358149 
59334.925725680543 
59334.927788995119 
59334.943798505905 
59334.954784197333 
59332.217680088586 
59332.271683745137 
59332.236374337830 
59335.052789190922 
59334.997635552274 
59334.998777380482 
59335.026079802774 
59335.025805148762 
59332.228876380010 
59332.216024082416 
59332.263372984664 
59332.270339529750 
59332.301189702310 
59332.222560388815 
59332.273741933481 
59332.336932156511 
59332.304495991455 
59332.271256077023 
59332.284724518177 
59332.259061501602 
59332.207482350757 
59332.235792479361 
59332.282057183882 
59332.382239704319 
59332.224126544948 
59332.217563642502 
59332.211353709150 
59335.065778447963 
59332.253493068703 
59332.217080227892 
59332.233860183747 
59332.288046273723 
59332.308007971747 
59332.252069132526 
59332.234321556549 
59335.037614816843 
59335.017685837687 
59332.221300699988 
59332.247503492981 
59334.992800711239 
59335.018050810890 
59334.926773925530 
59334.974277102941 
59334.944474358585 
59334.818985751415 
59334.819484431100 
59334.791859012315 
59334.807403374783 
59334.865377731046 
59334.968250146194 
59335.000336306315 
59335.066008773800 
59335.039838536599 
59332.231308123039 
59332.248025802430 
59332.233774085813 
59335.024389765444 
59335.018747513808 
59335.018980043933 
59335.040418369586 
59335.020049163824 
59335.031753050542 
59334.973115596957 
59335.029506730840 
59335.054752405616 
59332.237193454988 
59334.899453825506 
59334.976035829546 
59334.941299027392 
59335.004938097474 
59335.070179042472 
59332.245016640998 
59335.007421126786 
59334.969664246099 
59334.850156031702 
59334.984951532511 
59335.005716404841 
59335.001607578539 
59335.029146840352 
59335.017023556364 
59335.011380237476 
59335.034623951018 
59335.047668353211 
59334.956017555451 
59334.947246685624 
59334.957435474651 
59335.001754891942 
59332.201494680208 
59335.062675305991 
59332.197265583440 
59332.276451272337 
59335.021113142931 
59335.038009377058 
59332.226717285535 
59332.291190745309 
59335.036454651236 
59334.989106745365 
59334.997073646533 
59335.022049148647 
59332.239099807688 
59332.197792863692 
59335.036744302604 
59335.031274004330 
59334.877985454252 
59334.948224040148 
59334.918694683598 
59334.937915895644 
59334.927620387316 
59334.926548819334 
59334.946094998930 
59334.878599932221 
59334.877764487988 
59334.873309150527 
59334.871943555074 
59334.907795454048 
59334.915364398097 
59334.907404572834 
59334.784746923404 
59334.859939191396 
59334.892740995667 
59334.930503914817 
59334.925176338955 
59334.925176338955 
59334.982498195131 
59334.972198339019 
59335.002211434912 
59335.007981729577 
59334.993520654658 
59334.978196049349 
59334.981580389962 
59334.983281601948 
59335.003259852580 
59334.967716233979 
59334.991112598924 
59334.991063132918 
59334.949754042456 
59334.911797632682 
59334.919456215925 
59334.936012999082 
59334.942601968054 
59334.959719360551 
59334.941069252513 
59334.956488041389 
59334.957647073126 
59334.998804316070 
59335.000429714353 
59335.012716204030 
59334.999263123267 
59332.209910976431 
59332.291562519909 
59332.250528591561 
59335.063786605664 
59332.221043897422 
59334.989376976810 
59334.984785786917 
59334.971881438563 
59335.010684019479 
59334.940517595336 
59334.957779089433 
59334.931495288489 
59334.945643016479 
59334.931875934817 
59334.954168509110 
59335.004758744522 
59335.008656464823 
59335.054093627790 
59332.293316747367 
59332.233999901924 
59335.063712863273 
59332.360667832858 
59332.398239214213 
59332.309883661699 
59332.279568581107 
59332.394912030504 
59332.362019502172 
59332.284888929091 
59332.401385552366 
59332.339982774982 
59332.307501522002 
59332.280265220543 
59332.203702091319 
59335.024218998347 
59332.209722407628 
59335.059757226009 
59335.054435531361 
59332.322170822503 
59335.053320785271 
59332.285070176404 
59332.247967481009 
59332.291851785165 
59335.047665575388 
59332.215575252987 
59332.356888490962 
59332.241890968828 
59332.208171042759 
59334.991976664933 
59335.001088691519 
59334.888035797427 
59334.950851019981 
59334.927669883989 
59334.879544139440 
59335.012534745380 
59335.039861728466 
59332.251502006555 
59332.329995470071 
59332.283418649313 
59332.269853483260 
59332.394701444551 
59332.373425374353 
59332.243796321141 
59332.403146871700 
59332.195914831704 
59332.224624611263 
59335.059628715200 
59335.056676027576 
59332.199476234870 
59334.951582283276 
59334.914137204258 
59335.062253638855 
59332.226199618446 
59332.256783322911 
59332.288288762240 
59332.261633400623 
59332.278774515689 
59332.195811236474 
59332.243219669239 
59332.227004116707 
59334.991353913763 
59334.984450587108 
59334.982242009741 
59334.975450000653 
59334.956125402794 
59334.866282938274 
59334.975431553416 
59334.900829864826 
59334.935511592623 
59335.019237404369 
59334.969979486603 
59334.967143094873 
59334.965260733909 
59334.990220172098 
59334.984033646128 
59334.950746465111 
59332.462952651345 
59332.394423203972 
59332.479142210679 
59332.529831619308 
59332.536665476073 
59332.490399204289 
59332.538897477680 
59332.511692518972 
59332.194302407879 
59332.248928679277 
59334.959507188469 
59334.992756820902 
59335.028402797187 
59334.978134048804 
59334.999675378000 
59335.030039385114 
59335.025224629993 
59334.987739106327 
59334.967884405334 
59335.000936151868 
59335.037753277393 
59332.213190902738 
59332.264492495953 
59332.301688423737 
59332.307774639383 
59332.249517735465 
59332.310299135992 
59332.289342531607 
59332.313443645093 
59332.360482669385 
59332.292978274883 
59332.296541460237 
59332.278082292039 
59332.282662363308 
59332.281570258812 
59332.289087778372 
59332.363673295193 
59332.374856482733 
59332.368709397626 
59332.347910036529 
59332.231926931978 
59332.225180041831 
59332.243519776675 
59332.390662162565 
59332.277638920452 
59335.048817537849 
59332.333680758034 
59332.306330080406 
59335.045179560140 
59335.072404367398 
59334.991280728165 
59335.015536019091 
59332.199468377279 
59332.203798950504 
59335.055001582361 
59335.042811171246 
59335.020371391867 
59334.934923334862 
59334.964093246825 
59334.888432955602 
59334.964367864159 
59334.974458590965 
59335.006075911500 
59334.998958604658 
59334.994483236114 
59335.016795364805 
59335.047688868835 
59332.217074596781 
59332.209604395117 
59332.280898843113 
59332.260692886775 
59332.277225331803 
59332.344039220625 
59332.351479387944 
59332.288953744930 
59332.316407920815 
59332.321354581101 
59332.316717652953 
59332.266973829966 
59332.269924718850 
59332.279486936430 
59332.269336774123 
59332.262059366018 
59332.269513895757 
59332.282262468754 
59332.239002540737 
59335.058569000867 
59332.268275244249 
59332.276025448133 
59332.203999905418 
59335.041846389016 
59335.038300329907 
59335.055239991016 
59335.044462646882 
59335.025089895411 
59332.241486262879 
59332.210807996351 
59334.903286446846 
59334.894898155100 
59334.900713709503 
59334.907285135749 
59334.857440383188 
59334.839754941582 
59334.825810968228 
59334.833292040938 
59334.825550340211 
59334.762873225030 
59334.772273601404 
59334.734293881149 
59334.756199729658 
59334.721714270818 
59334.768502226398 
59334.792779471274 
59334.756652192271 
59334.787241799539 
59334.775595561427 
59334.766896181842 
59334.756988245208 
59334.760761392572 
59334.788969053094 
59334.791660075345 
59334.846348682353 
59334.835133247470 
59334.754334239056 
59334.753932378757 
59334.769725994614 
59334.777305736468 
59334.746753686857 
59334.749001019096 
59334.859427773757 
59334.793394511187 
59334.835605529457 
59334.848141080976 
59334.844101615490 
59334.820590223135 
59334.845341319022 
59334.831535024561 
59334.846014187067 
59334.880475706617 
59334.885229051681 
59334.911063684653 
59334.969907615930 
59334.928862358051 
59334.859353212858 
59334.891510189729 
59334.907828409843 
59334.883336499784 
59334.861070015300 
59334.871338352539 
59334.834328482611 
59334.811996344339 
59334.819056984423 
59334.836191154485 
59334.807987086009 
59334.809167689986 
59334.852765484320 
59334.830252206353 
59334.843590154749 
59334.851655008846 
59334.899878010292 
59334.818745293822 
59334.806304613070 
59334.818810267258 
59334.825079769886 
59334.774245962559 
59334.798512725305 
59334.747505005085 
59334.741249587241 
59334.875137081217 
59334.868168994457 
59334.949612346019 
59334.971111418163 
59334.902854067106 
59334.908440197520 
59334.920741844951 
59334.908129986907 
59334.902062523164 
59334.913993259433 
59335.053838596883 
59335.048686968730 
59335.033486763707 
59335.025464109451 
59334.983905862980 
59335.020024604746 
59335.066179968046 
59332.274231943025 
59332.259212071251 
59332.269930037539 
59332.263587692381 
59332.244385997459 
59332.229761400369 
59332.221956015499 
59332.213209228343 
59332.244703497039 
59332.212784610267 
59332.206689760802 
59332.233096978402 
59332.237355168450 
59332.264243279096 
59332.214171036496 
59335.068268515868 
59335.027420371960 
59335.055609643452 
59332.276166049211 
59332.249601139760 
59332.210247001945 
59335.041384887343 
59332.255728856915 
59332.256370020819 
59332.265524900242 
59332.283695292092 
59332.312825235764 
59332.301160258670 
59332.310463575144 
59332.305942499857 
59335.040001090340 
59332.211369494027 
59332.209158632824 
59332.201106198685 
59332.212011734533 
59332.236848652145 
59332.219782210035 
59332.281744932327 
59332.211098092368 
59332.308272571951 
59332.305157891373 
59332.304473526623 
59332.253371824474 
59332.268857306197 
59332.254915961399 
59332.407581933250 
59332.311577640045 
59332.290616534352 
59332.262415452140 
59332.239045346505 
59335.061033829144 
59335.050326356766 
59332.193857552113 
59332.271774069995 
59332.263500239802 
59332.299985674908 
59332.225357228155 
59332.195046680768 
59332.199969163339 
59332.297839490362 
59332.262494388793 
59332.260667912116 
59332.274502934910 
59332.274468130054 
59332.249648817262 
59332.253936415233 
59332.304959234185 
59332.304378547611 
59332.318393366419 
59332.268556723509 
59332.264771284470 
59332.234375591433 
59332.202138760498 
59335.045959867319 
59334.982558813965 
59334.960664961873 
59334.945310802337 
59334.972461407851 
59334.986852399590 
59334.996138278053 
59334.970962119936 
59335.058093469095 
59332.235740171200 
59332.263743088086 
59332.236968316807 
59332.276816181220 
59332.322659371210 
59332.250208017627 
59332.296027380384 
59332.297307455134 
59332.226438519094 
59335.058044464939 
59335.007175388448 
59334.912394637162 
59334.891926467943 
59334.874214579599 
59334.922749609264 
59334.869414659697 
59334.909439674404 
59334.875056054720 
59334.922810052180 
59334.938153949959 
59334.948794688316 
59332.343709746667 
59332.313969209667 
59332.219417431384 
59335.037937983579 
59335.004336408216 
59334.987676652039 
59332.253124614268 
59332.195816644926 
59332.235006276249 
59335.038248787081 
59334.854804868235 
59334.860940802624 
59335.003535103679 
59335.024089816296 
59332.302709838601 
59335.020078867361 
59335.048824377722 
59335.045112645399 
59335.055272695259 
59335.054550587156 
59335.061481184552 
59332.189832242497 
59335.062693461085 
59335.050939271096 
59332.264388949559 
59332.305872497091 
59332.286850757722 
59332.290175846705 
59332.339392261609 
59332.207859618982 
59335.067387741459 
59335.030776149659 
59334.925756391494 
59334.986530940296 
59332.368256872935 
59332.374513537601 
59332.359768534814 
59335.026841288287 
59335.025188926746 
59335.042746768391 
59332.278706423225 
59335.028299751662 
59332.317959056985 
59332.390624530541 
59332.296462320723 
59332.282401671051 
59332.224927416777 
59335.043667974336 
59335.032527425596 
59335.005509765739 
59334.961435033234 
59334.955302433031 
59335.031951588542 
59335.046193146642 
59332.245701287546 
59332.230194832009 
59335.025915724742 
59332.204812833748 
59332.285708495438 
59334.952248064197 
59334.900838679729 
59335.017861132714 
59334.941350102061 
59334.851455804484 
59334.881378467973 
59334.825816961304 
59334.744757951914 
59334.857353460837 
59334.871947690044 
59334.890037331119 
59334.864674133205 
59334.855212649032 
59334.827525173008 
59334.828285562180 
59334.888237854830 
59334.959116273130 
59334.895081388124 
59334.898089568240 
59334.909664545979 
59334.905666367711 
59334.915654284967 
59334.975026729393 
59334.996985803489 
59335.001522410246 
59334.978113496414 
59334.849783449259 
59334.877791814040 
59334.863980810653 
59334.868547038117 
59332.336070260593 
59332.375639446749 
59335.041348403036 
59332.203926643582 
59332.317551148357 
59332.288980620229 
59332.322466290294 
59332.245514196919 
59332.248116377457 
59332.225325972257 
59332.226094283564 
59335.005032768997 
59332.226789727290 
59332.218232232124 
59335.039856151103 
59334.991411644980 
59334.954334675989 
59334.916149299876 
59332.276946475999 
59332.304171739575 
59332.252327759881 
59332.224332073296 
59335.063196908282 
59332.213388109427 
59335.059455141738 
59334.989306951698 
59332.246208169534 
59332.202465503877 
59332.196833159142 
59332.228754514683 
59332.286395818643 
59332.292946423535 
59332.377193367480 
59332.399822902247 
59332.465580980155 
59332.383904037175 
59332.402348712589 
59332.296956711005 
59332.315955097380 
59332.317678712963 
59332.362788739694 
59332.331081377764 
59332.222604332041 
59332.320280325112 
59335.059687903165 
59332.204906021303 
59332.205945997492 
59332.190782780912 
59332.212409770647 
59335.054689829514 
59334.983934965436 
59332.259871201859 
59334.994902861676 
59334.987689463291 
59334.963993527861 
59334.982978555228 
59335.067435678327 
59334.930832087324 
59334.987103778280 
59335.022397261608 
59334.974371026241 
59334.977330502887 
59334.990140597285 
59335.002606687049 
59334.998868603347 
59335.038656519879 
59335.046653180267 
59332.199333803517 
59335.040689784109 
59335.021433335947 
59335.050263388694 
59334.944159471088 
59335.026987835772 
59334.970176931361 
59334.983703350415 
59335.008293912360 
59335.028954703164 
59335.043409383070 
59334.936857642169 
59334.933197729049 
59335.037052450672 
59332.422429907994 
59332.314616185984 
59332.308603325997 
59335.000435177761 
59335.039430909499 
59332.236976875247 
59332.322659756319 
59332.362154571412 
59332.218889963013 
59332.213118567983 
59335.071418780732 
59332.206960028256 
59335.073889199943 
59332.192386577291 
59334.973491222576 
59334.918982387120 
59334.991901891692 
59334.994696877468 
59335.025930057069 
59332.191750143327 
59332.219631677326 
59332.237206358892 
59332.286930677983 
59332.244630719506 
59335.056317697497 
59335.027830590450 
59332.190742859610 
59332.221475358849 
59335.057913254692 
59335.045744622541 
59334.972332359350 
59334.900645484544 
59334.984909135244 
59334.919536709072 
59335.017864803602 
59332.191944289698 
59332.256523471726 
59335.052410573284 
59335.068706632075 
59332.193623085819 
59332.209291944098 
59334.959870597908 
59334.975099477990 
59334.950321130462 
59334.990913348149 
59334.971254254750 
59335.010484194900 
59335.013739753704 
59335.029778133787 
59335.025629441872 
59334.967768971597 
59334.958785977484 
59335.029774461618 
59335.027559032547 
59334.914922481563 
59334.925116407190 
59334.923596743043 
59334.937376068090 
59334.944891050778 
59334.894571875826 
59334.868039167042 
59334.916060770192 
59334.940988991213 
59334.829782835564 
59334.746343425395 
59334.681447388095 
59334.747758231897 
59334.702605632869 
59334.793632335372 
59334.744869143258 
59334.832029376543 
59334.873750942977 
59334.851796426257 
59334.922565498920 
59334.910346063887 
59334.902436975412 
59334.953824907556 
59334.955108401555 
59334.876545052124 
59334.991296979984 
59335.001512776646 
59332.195100560915 
59335.053244215538 
59335.042145453524 
59332.208997457019 
59335.039994433369 
59332.209515597970 
59332.242510322256 
59332.196122582296 
59332.194777276331 
59332.206448686469 
59335.008079440755 
59334.961210904359 
59334.998126942737 
59334.928719750940 
59334.962512316575 
59332.224229721171 
59332.257423481613 
59335.000802682836 
59335.011760744979 
59335.003246990280 
59334.999495895376 
59335.018175053046 
59335.015571336298 
59332.217340561132 
59332.238706339209 
59332.208257262755 
59335.051920413927 
59334.991400586681 
59335.006295483327 
59334.983754836197 
59334.969202636741 
59335.023354198827 
59332.244109494000 
59335.030400278534 
59335.035821839338 
59332.194291750820 
59334.902294164305 
59334.945452272841 
59334.873835677507 
59334.769987624444 
59334.807496029884 
59334.835744115342 
59334.860453150948 
59334.970698833786 
59334.887947576201 
59334.887265323334 
59334.876088583624 
59334.897866537547 
59334.972005962431 
59334.931986883770 
59332.221467396528 
59332.223859517573 
59332.196627896403 
59332.192009026134 
59332.261393142660 
59332.249576720940 
59332.227978590818 
59335.058396747714 
59332.290282571586 
59332.272566631334 
59332.225223883761 
59332.273110435781 
59335.034781396520 
59335.024859569836 
59335.035357241228 
59334.994941908190 
59335.034595479061 
59332.227520923487 
59332.302133592297 
59332.313982663734 
59332.292756282965 
59332.298583480297 
59332.211853155102 
59332.257314443072 
59332.305315642938 
59332.297679389878 
59332.284212220497 
59332.251293245601 
59332.246707839608 
59335.045188458906 
59335.006837183333 
59335.018612117339 
59335.022789259914 
59332.238603791200 
59332.227173151507 
59335.035066651311 
59335.019940739810 
59332.243761688871 
59332.239955136705 
59335.049455311855 
59335.020493568467 
59332.235348449074 
59335.028946865044 
59332.198614580186 
59332.228986359565 
59332.230603534270 
59332.278900878620 
59332.322066250563 
59332.282346756518 
59332.198186289752 
59332.264381715817 
59332.336563287863 
59332.350101184071 
59332.300051746854 
59332.278352380010 
59332.249461606261 
59332.334285591656 
59332.192543943507 
59332.218449343949 
59332.228350118479 
59335.016318926006 
59334.915239709313 
59335.003728261021 
59334.966999809047 
59334.876317920905 
59334.840007359715 
59334.687413568055 
59334.838196905686 
59334.818000167747 
59334.804310856103 
59334.952528717775 
59334.915221509713 
59334.787736614984 
59334.764839370771 
59334.740896382194 
59334.832373812576 
59335.046690649637 
59335.075327789367 
59335.055685280131 
59335.075167106035 
59334.968672975097 
59334.895341217874 
59334.925135172998 
59334.912210608018 
59334.903202500434 
59334.793035010902 
59334.781979840584 
59334.768858586554 
59334.821109105105 
59334.854045009262 
59334.808438545762 
59334.814326361535 
59334.788351892581 
59332.302102433030 
59332.280775938627 
59334.960490436330 
59334.981718040261 
59332.197132827649 
59335.056244118365 
59334.998257743762 
59334.896826364813 
59334.922863273998 
59335.027001134265 
59334.964613261065 
59335.052814189228 
59332.200611200344 
59335.031451312941 
59335.003135445164 
59335.019663742518 
59335.065014022293 
59335.024265787812 
59332.232634130640 
59335.009616108553 
59334.885137268066 
59334.858605040485 
59334.892878042083 
59334.857631750012 
59334.890941407910 
59334.911148906860 
59334.940322801274 
59334.979910467446 
59335.036010635020 
59334.928456080364 
59334.782671455207 
59334.773025896407 
59334.660674719031 
59334.788731671608 
59334.928954419651 
59334.952515004166 
59335.003625825593 
59335.018926407254 
59332.279785820421 
59332.235486695601 
59332.259438167930 
59332.261735017768 
59335.043147447272 
59334.962312744959 
59334.824114138202 
59335.018130063036 
59335.053576749844 
59332.232115313680 
59332.267776281755 
59332.274376303896 
59332.296789508626 
59332.225879726677 
59335.045965816382 
59332.232342770847 
59335.007258400787 
59332.339977472882 
59332.333568742732 
59334.957138769059 
59334.962311214746 
59334.968826553268 
59335.028757109198 
59334.999237745127 
59335.069602618882 
59332.256586673851 
59334.926958440381 
59334.968667760630 
59334.853996397665 
59334.856229987752 
59334.755518201622 
59334.727154723500 
59334.594260689693 
59334.784244996154 
59334.844485117676 
59334.841767538470 
59334.713817184536 
59334.836526432780 
59334.990672489708 
59334.890100012410 
59334.861487388742 
59334.870502456353 
59335.016114174367 
59335.034433323024 
59335.041587706139 
59332.215946771721 
59332.198040340903 
59335.018821114398 
59335.019999619522 
59335.028308732857 
59335.019344663036 
59335.045478975480 
59335.034348389752 
59332.219429680372 
59332.213390866498 
59334.912185500689 
59335.008476469411 
59334.960206907308 
59335.003197272439 
59334.978372190497 
59334.955627372845 
59334.952275626609 
59334.953982032857 
59334.888392366636 
59334.918497609651 
59334.909955558585 
59334.941314055897 
59334.945608548442 
59334.912728963282 
59334.860879940861 
59334.920065590391 
59334.954547786641 
59334.935996167544 
59334.924961162993 
59334.922321891121 
59334.985684836036 
59334.973786939721 
59334.945575540951 
59334.957038218272 
59334.958350601861 
59334.998110391200 
59334.950625736892 
59334.959813441470 
59334.940437565710 
59334.911426988561 
59334.798109426636 
59334.886391804539 
59334.944150133233 
59334.991471496185 
59334.964112977577 
59334.955659362109 
59335.005403355484 
59334.998520234833 
59332.203917269471 
59332.205264441509 
59332.213956257547 
59334.975372158238 
59334.987065093403 
59334.717891403670 
59334.935176141538 
59334.951412490620 
59334.932277150067 
59334.926018034879 
59334.929994555154 
59334.889045812226 
59334.991129780603 
59332.212777678797 
59332.209722187283 
59332.303037267680 
59332.294254235610 
59332.270772320364 
59332.304925447272 
59332.300851606116 
59332.297165514785 
59332.388930971756 
59332.331289179558 
59332.338084517796 
59332.343106254455 
59332.342063369571 
59332.385587536017 
59332.284385193474 
59332.266595849578 
59332.277946881964 
59332.247716025937 
59332.260833502281 
59335.022900650045 
59334.980021011921 
59335.006228384242 
59335.006088723589 
59335.001686069627 
59335.025096308025 
59335.021567098200 
59335.031161508836 
59335.038486681209 
59335.058273658346 
59332.195063034495 
59332.231138023133 
59335.040683647050 
59335.008551004103 
59334.997637070664 
59334.985288560645 
59335.033438937229 
59335.044539615534 
59332.231265218477 
59332.272346315818 
59332.255580006771 
59332.388284595567 
59332.326090623457 
59332.227021393919 
59332.274967449855 
59332.220350724514 
59332.212440860239 
59332.380372811407 
59332.364494156929 
59332.327917320086 
59332.347260891664 
59332.337394999144 
59332.372866028563 
59332.346758548272 
59332.263641281657 
59332.324374078940 
59332.337073260700 
59332.269861326218 
59332.261873416981 
59332.400423088991 
59332.333355459879 
59332.335796810570 
59332.323210203118 
59332.318647500579 
59332.429454294339 
59332.333711510582 
59332.408676018233 
59332.248425226040 
59332.200503737760 
59332.198196849517 
59332.216930064067 
59332.197307293609 
59332.227171536935 
59332.270094035957 
59332.264381739267 
59332.261049437046 
59335.027693612370 
59335.071165508445 
59332.206727679164 
59332.202127184348 
59332.237636838785 
59332.228470960530 
59335.066304424210 
59332.460763012023 
59332.508473714181 
59332.456184588715 
59332.377950141592 
59332.456094037545 
59332.271459215764 
59332.242037721066 
59332.254694911666 
59332.330754368595 
59332.207083679961 
59332.263141392265 
59332.324428398548 
59332.285542356454 
59332.256072837677 
59332.283801157733 
59332.345800625873 
59332.337035653283 
59332.270472393371 
59332.275111200834 
59332.288020518739 
59332.244141108407 
59332.250141520293 
59332.204784146648 
59332.205559968192 
59335.050958379194 
59335.071715636215 
59335.024284333616 
59332.201586096831 
59332.262006711200 
59332.203779819210 
59332.224765642677 
59332.228053380299 
59332.252567873875 
59332.278206546624 
59332.217574315247 
59332.215523648207 
59332.248677861520 
59332.303537351225 
59332.317300907314 
59332.342221670508 
59332.332736702519 
59332.368766684311 
59332.340402279762 
59332.398451587906 
59332.243663695168 
59332.303251517493 
59332.300035986249 
59332.219214763121 
59332.207713119766 
59332.231886347668 
59332.220450609399 
59332.222461942169 
59332.237493870736 
59332.235608648771 
59332.252966229637 
59332.277226702776 
59332.240669143801 
59332.214892646065 
59332.244572544580 
59332.248300137784 
59332.282110641543 
59332.279072549842 
59332.256174193739 
59332.257616563606 
59332.241698789163 
59332.248404121630 
59332.274492780882 
59332.231272996803 
59332.247113154517 
59332.212247231248 
59332.222995543540 
59332.193493680803 
59332.230662569586 
59332.237571858132 
59332.274171771103 
59332.278446817734 
59332.310211082506 
59332.314991496176 
59332.216145454782 
59335.026074936475 
59335.008022348302 
59334.963390343539 
59335.065111366428 
59335.061143648738 
59332.220346684080 
59332.251096975910 
59332.216270566605 
59335.055152599372 
59334.944269835236 
59334.956739042835 
59334.955177003088 
59334.947729895124 
59334.930563046437 
59334.925986515467 
59334.943353867282 
59334.977407548387 
59334.992616072443 
59335.020072603133 
59335.055337967162 
59335.056285336832 
59335.066755808744 
59332.257596213421 
59332.243869318794 
59332.204861123297 
59332.291576062882 
59332.270740462940 
59332.281390131408 
59332.282169652892 
59335.000495813991 
59334.981044044769 
59334.987533539213 
59334.961128063718 
59334.896434501439 
59334.878594434813 
59334.930903995599 
59334.919597233842 
59334.886964166588 
59334.907048122783 
59334.866332238984 
59334.851103474481 
59334.867882053593 
59334.815814218469 
59334.904782901387 
59334.885111455289 
59334.919581498296 
59334.920986122183 
59334.888780887959 
59334.909306524452 
59334.928931573391 
59334.915996648480 
59334.900655199526 
59334.899302757382 
59334.897677937064 
59334.805862803543 
59334.853147077760 
59334.753949569793 
59334.633216693175 
59334.691721121264 
59334.767689195418 
59334.746472241291 
59334.634078888797 
59334.734047537451 
59334.762514482973 
59334.789817453879 
59334.766220145400 
59334.795639197415 
59334.713624367549 
59334.686491226435 
59334.734769906456 
59334.648016648607 
59334.682193724322 
59334.802756803045 
59334.809757776013 
59334.747916817767 
59334.969807294969 
59334.953504109952 
59332.235701680933 
59332.254414048359 
59335.062332767651 
59332.226187782457 
59334.997680337525 
59335.012853706074 
59334.996776467779 
59332.214788489815 
59332.255615657254 
59335.030183865936 
59332.239636688981 
59335.057110111818 
59335.014695659440 
59332.220672368414 
59335.053373141876 
59332.260513339868 
59332.302239195320 
59332.211015795052 
59332.249456960264 
59334.982766135188 
59332.302811004920 
59332.339341811181 
59332.231984817445 
59332.222206054081 
59332.217445053648 
59332.251224262051 
59332.273040299326 
59332.365966674581 
59332.416890812150 
59332.291481830987 
59332.369611627364 
59332.344520020502 
59332.234688004450 
59332.281606130287 
59335.045289963098 
59335.053652351933 
59332.240234281977 
59332.260518981071 
59332.250663137813 
59332.249143395820 
59332.280664479076 
59332.296233023211 
59332.256404198008 
59332.277207275307 
59332.309260007576 
59332.265213554259 
59332.222408581423 
59332.215947818571 
59332.189819873965 
59335.009633537600 
59334.996297554870 
59334.982556134964 
59334.981366722532 
59334.984998813488 
59334.988383532924 
59335.018052614243 
59334.987139235171 
59335.032389537031 
59335.020669612648 
59335.047893935931 
59332.244840336047 
59332.271816452259 
59332.259563638821 
59332.230929445199 
59332.233877879771 
59332.218491736472 
59335.025761900935 
59335.039779895153 
59335.035144765767 
59332.195616915677 
59335.059851916580 
59332.236284592385 
59332.210131452768 
59335.012143394124 
59335.039007944746 
59332.197891435251 
59335.036008263865 
59332.192037150278 
59335.010064732160 
59335.057996551470 
59332.285716945713 
59332.350132492291 
59332.214636258555 
59332.241510538843 
59332.210787299475 
59332.205334543905 
59335.025458853408 
59335.024864149280 
59332.201804052762 
59335.013236031649 
59334.985829271318 
59334.926419524141 
59334.985649282557 
59332.277827881851 
59334.969022175268 
59334.973652974186 
59335.003022749472 
59335.000415654613 
59335.031862139615 
59332.239482095756 
59332.197509298734 
59332.280616661155 
59332.271501237628 
59332.291748986863 
59332.277422079707 
59332.337216906140 
59332.380007801490 
59332.357438961721 
59332.245512564841 
59332.231423520083 
59332.275466454645 
59332.300423920788 
59332.291970612212 
59332.283378135311 
59332.347568910744 
59332.294664057139 
59332.206598920777 
59332.402376937593 
59332.217968715799 
59335.076488002313 
59335.072113362323 
59332.277234923924 
59335.006229112332 
59335.021013652404 
59334.955546860598 
59334.850756883359 
59332.194893751614 
59335.065940250424 
59335.022709155361 
59334.951373387761 
59334.957986594389 
59334.967280921432 
59334.981047343877 
59334.976531813503 
59334.961830669316 
59334.970916876533 
59334.966856088075 
59334.962828790944 
59334.954556442746 
59334.982136024832 
59334.966786384270 
59335.011539367501 
59334.997747853027 
59334.976026708413 
59334.966218571928 
59335.037217962294 
59335.009925291211 
59335.025445701314 
59335.011987737787 
59335.011646198094 
59334.893172846270 
59334.905553263270 
59334.955439725702 
59334.953494113674 
59334.935188312855 
59334.934164762810 
59334.859591093002 
59334.960520733177 
59334.934722863843 
59334.866372598219 
59334.894878487721 
59334.860183594865 
59334.873723793797 
59334.847305802861 
59334.869685818543 
59334.931546544867 
59334.906746732100 
59334.866584837393 
59334.938195035284 
59334.833929703302 
59334.887570218692 
59334.889661885696 
59334.857500826838 
59334.916174131460 
59334.884528682982 
59334.901531483301 
59334.927255001341 
59334.917413761963 
59335.001917410045 
59334.979346796114 
59334.985813498963 
59332.224124798398 
59332.231218314708 
59332.259558123784 
59332.278622428166 
59332.253285870473 
59332.273705640699 
59332.266962118658 
59332.298857613336 
59332.275920002503 
59332.387074177095 
59332.256585220865 
59332.273511064777 
59332.246851567259 
59332.233378231918 
59332.246828073461 
59332.298821146578 
59332.248240582390 
59332.261283094973 
59335.045731918886 
59332.313668083385 
59332.251268112384 
59332.269240311121 
59332.251190210824 
59332.371486402400 
59332.263258388557 
59332.248199092042 
59332.228938955370 
59332.302487049157 
59332.291604624923 
59332.223899730401 
59332.256065682333 
59335.034023405613 
59335.030235525046 
59335.031901437615 
59335.048412802447 
59332.231737093476 
59335.045560709645 
59332.196050500184 
59332.197183340271 
59332.200692226950 
59332.320176531714 
59332.217437144507 
59332.212330222770 
59332.210663888167 
59332.224557483074 
59335.014886583631 
59334.915614239741 
59334.929114524894 
59334.935529754934 
59334.941465753021 
59334.941355737617 
59334.944644434436 
59334.927390376222 
59334.920826827190 
59334.922030605499 
59334.932198658207 
59334.943530696008 
59334.964988597283 
59334.975536525155 
59334.941657474294 
59334.947243525756 
59334.906308649151 
59334.906335710577 
59334.910024867495 
59334.957663508671 
59334.958340787613 
59334.972956488309 
59335.010865268734 
59335.017691311230 
59335.031906464137 
59335.027990424525 
59332.199782182797 
59334.976818760697 
59334.997776593518 
59335.018804566746 
59335.017752070773 
59335.035701084787 
59332.197099975478 
59334.967709029377 
59335.025182377656 
59335.012126823414 
59335.029667226612 
59335.028523633373 
59335.026638269737 
59335.017250767865 
59334.983488875157 
59334.968096124983 
59334.961154320197 
59334.958694479428 
59334.965878059498 
59335.007778428502 
59335.005616797251 
59335.023867803400 
59335.045946676240 
59332.236903704048 
59332.288676004333 
59332.254107008033 
59335.046246374062 
59332.326425658372 
59332.225824317276 
59332.240061326658 
59332.223411307976 
59332.240915842514 
59332.259381289179 
59332.202737471693 
59334.971446821051 
59334.961036517045 
59334.967305561506 
59332.245804426857 
59332.242236366517 
59332.281652761725 
59332.282472801962 
59332.336466699657 
59332.299659154705 
59332.274231155257 
59332.383600322792 
59332.324485979159 
59334.988343523757 
59334.946817796321 
59334.906297788228 
59334.865835493947 
59334.865835493947 
59334.862018906642 
59334.873049491012 
59334.866858902031 
59334.883987722729 
59334.984303596335 
59334.927181482351 
59334.900692336567 
59334.925210354253 
59334.941540714040 
59334.880803224980 
59334.938988933427 
59334.903290695293 
59334.938548714985 
59334.914920760202 
59334.924288142844 
59334.923158863559 
59334.884877900273 
59334.875100617661 
59334.899172623780 
59334.889801005265 
59334.949580308901 
59334.933785780151 
59334.934329482116 
59334.908356658962 
59334.920768605283 
59334.966035115933 
59334.951685693391 
59334.935859529622 
59334.931126234638 
59334.905553788922 
59334.920614360264 
59332.282600035440 
59332.324906873939 
59332.332385064874 
59332.263317415142 
59332.283293402099 
59332.292600189670 
59332.304977315798 
59332.303941514925 
59332.353649702534 
59332.322286429750 
59332.298362364410 
59332.281390837983 
59335.004686421555 
59335.005230364979 
59334.959774346004 
59334.923410421972 
59334.918207009352 
59334.912895935107 
59334.987823127383 
59334.907297530044 
59334.931048029764 
59334.935899885546 
59334.933636550253 
59334.926207268094 
59334.926207268094 
59334.942373327794 
59334.945333800162 
59334.854962085505 
59334.884664565136 
59334.871674776623 
59334.868335285762 
59334.833771678503 
59334.855650636571 
59334.873229764067 
59334.901210065611 
59334.917804439050 
59334.910916668479 
59334.915255408872 
59334.916104913849 
59334.912891618362 
59334.922738306763 
59334.925024958378 
59334.942931151054 
59334.929512098126 
59334.850857101519 
59335.032051378352 
59335.002629529110 
59335.012287435122 
59335.033435754034 
59334.879211915701 
59334.660899823539 
59334.880081692419 
59334.948464513938 
59334.952522444808 
59335.048512722278 
59334.969943319258 
59334.948478240367 
59334.949595381520 
59334.962191278151 
59334.912143466310 
59334.895038190487 
59334.845251684004 
59334.760015260523 
59334.978035612890 
59334.837991070752 
59334.909250938617 
59335.061502212186 
59332.242836375612 
59332.263698548821 
59332.237045244561 
59332.193017630372 
59334.992628391927 
59334.977065736675 
59334.896685741376 
59334.897822627870 
59334.967839883182 
59334.868539183481 
59334.898499826464 
59335.064372002198 
59334.900942906090 
59335.015482588933 
59335.036208580510 
59332.247403354137 
59332.223743715273 
59332.268960972833 
59332.326516584471 
59335.048758540390 
59332.236308203515 
59332.278444205243 
59332.300094547732 
59332.262739961399 
59332.309865390809 
59332.318410263266 
59332.275439128854 
59332.302860222939 
59332.223370947038 
59332.331830352450 
59334.983298794832 
59332.201282339774 
59335.058316868759 
59335.073956690612 
59332.313713613854 
59335.022835096497 
59335.035588469189 
59335.033836784976 
59332.192330048107 
59334.943207213597 
59334.947559436776 
59334.835851870084 
59334.892766435303 
59334.871792970283 
59334.852981688513 
59334.955161670157 
59334.958368171596 
59334.953830901191 
59334.900335502854 
59334.885943281799 
59334.881955902565 
59334.873250523196 
59334.943009553113 
59334.859065876051 
59334.678394363131 
59334.628690542930 
59334.803571046083 
59334.842454101636 
59334.806008348627 
59334.828745096231 
59334.850137709407 
59334.791633533292 
59334.826432317306 
59334.903027294400 
59334.857684682000 
59334.860800290830 
59334.927634591542 
59335.025780725045 
59334.984843189472 
59334.976000092298 
59334.947012243494 
59334.894216220957 
59334.836759578335 
59334.955873733350 
59334.959197434589 
59334.977808063260 
59334.996959492506 
59334.966761756266 
59332.226912077800 
59332.228915890984 
59335.054133627506 
59332.197300631837 
59335.024549743393 
59335.006097842088 
59332.218765879181 
59335.080478001153 
59335.030612341536 
59335.001555745628 
59334.943633840354 
59334.981103521044 
59335.047384540499 
59334.989141293721 
59335.017985639162 
59334.985627047899 
59332.318598170750 
59332.246814106613 
59332.239410283844 
59332.207211191009 
59335.000663788604 
59334.923840878073 
59335.003240665545 
59335.009417040725 
59332.204423013791 
59335.062393648113 
59335.057543258961 
59334.965430059274 
59334.935320593766 
59334.934063829744 
59334.889601397350 
59334.934745216102 
59334.980830382527 
59335.072116081064 
59335.054203148888 
59335.058320535718 
59335.037390375655 
59334.923601114686 
59334.992812291042 
59334.979967801410 
59335.066631640082 
59334.995566673177 
59335.072313713419 
59335.047082827121 
59335.049405082624 
59332.194938687098 
59332.299759245216 
59332.264551349042 
59332.225219243694 
59332.288680220256 
59332.245891685816 
59332.238995281819 
59335.033340705719 
59332.205591084654 
59332.234360982700 
59332.290144838873 
59332.275504874662 
59332.255697577464 
59332.237132720176 
59332.230847964172 
59332.207221034980 
59332.275548860111 
59332.267868080024 
59332.226263613440 
59332.202999208967 
59332.287915223700 
59332.254472849047 
59332.288512399718 
59332.208418391077 
59334.859158487969 
59334.902631268080 
59334.854931347712 
59334.869951268032 
59334.898915292004 
59334.932952362520 
59332.260143769447 
59334.979010803145 
59334.973022529295 
59334.911539199798 
59334.998715899863 
59335.039891021937 
59334.994958955955 
59334.997571782260 
59334.993141895211 
59334.951561284899 
59334.926679420467 
59334.922929435394 
59334.978185197258 
59332.324618759238 
59332.331382251199 
59332.287779981576 
59332.199979948215 
59332.221103052645 
59332.207987176364 
59332.204257719961 
59334.998940034435 
59334.990056337585 
59334.971206406743 
59334.952628509753 
59334.918476765939 
59334.937555126060 
59334.972485920152 
59334.936984736574 
59334.928513354665 
59334.962486823286 
59334.983590254400 
59334.965794189549 
59335.064704626915 
59332.254259427726 
59332.246100016753 
59332.236110351012 
59332.249934727835 
59332.346007437358 
59332.389227981395 
59332.359866087427 
59332.341696774231 
59332.364426838387 
59332.361357104710 
59332.343191151223 
59332.229461751376 
59332.233815804553 
59332.245295601911 
59332.301609060174 
59332.287883090954 
59332.266861701290 
59332.257415866639 
59332.243914736973 
59332.273848394019 
59332.250828840224 
59332.306589978696 
59332.330123307591 
59332.367407918755 
59332.307037514431 
59332.290706416614 
59332.357145160873 
59332.331577177873 
59332.284378047370 
59332.253286663625 
59332.201008897020 
59335.056827934903 
59335.003621244716 
59335.047462325347 
59334.986209862691 
59334.980219841367 
59334.983230075777 
59335.003923012926 
59334.903212811223 
59334.885377809827 
59334.892315049241 
59334.926319398895 
59334.921591952960 
59334.851778699769 
59334.839896392790 
59334.852898769983 
59334.833403744691 
59334.878500160557 
59334.874498289370 
59334.817594164910 
59334.788835872067 
59334.842846968633 
59334.868465833904 
59334.867125172117 
59334.878142456691 
59334.892474782129 
59334.892534897626 
59334.869587069858 
59334.833061212259 
59334.849329571123 
59334.798337601263 
59334.786929667214 
59334.946974667408 
59334.881208936022 
59334.920648000945 
59334.829889807770 
59335.021857894018 
59334.960933891096 
59334.979174521024 
59334.854997288887 
59334.872238347372 
59334.981990297696 
59335.057975065836 
59334.968702093756 
59334.982500185914 
59335.022291162546 
59334.968301879198 
59332.200268662113 
59335.036589450734 
59335.037224562606 
59332.217048322476 
59332.211041475879 
59332.213763528780 
59332.198995129416 
59335.024582750761 
59332.202240293067 
59332.194224121791 
59332.306660792354 
59332.344791880772 
59332.363816537101 
59332.289732001685 
59332.263370967645 
59332.258295535576 
59332.376097334920 
59332.336831944485 
59332.253219968821 
59332.355858956646 
59332.336427235954 
59332.268932810803 
59332.309938070968 
59335.064525721151 
59332.192639840141 
59332.240777681131 
59332.244388771702 
59332.239904445385 
59332.237356442150 
59332.272619685304 
59332.309493668785 
59332.290757344708 
59332.291402664363 
59335.064619989207 
59332.213939544759 
59332.295089554929 
59332.304350699364 
59332.310063685771 
59332.287727171271 
59332.284123959391 
59332.236925927209 
59332.267025493034 
59332.245022914198 
59332.243428875750 
59332.255300965822 
59332.221379728056 
59332.198190062983 
59332.202435094194 
59335.056515220422 
59332.214038448445 
59335.058747948948 
59332.227697935159 
59332.262914801984 
59332.286616035308 
59332.219290279027 
59332.201356129372 
59332.191994178349 
59332.198334702887 
59332.190263201730 
59335.055437782299 
59332.226657097395 
59332.212409696956 
59334.993975043901 
59334.973665291465 
59334.968986467109 
59334.975704587137 
59334.966174869478 
59334.958111865773 
59334.977427230457 
59334.981093177936 
59335.050724391927 
59332.204352665023 
59332.211691183984 
59335.057048602655 
59335.065815509799 
59335.065815509799 
59334.999911428880 
59335.012420745312 
59335.008216710405 
59335.031788746273 
59335.015856022619 
59335.026577692741 
59334.972560231297 
59334.931822428371 
59334.931995850173 
59334.924668779604 
59334.931748230956 
59334.911808494275 
59334.907923983941 
59334.890496474873 
59334.911695765441 
59334.898135225631 
59334.871192620427 
59334.869103007368 
59332.274141411028 
59332.389893798478 
59332.296906313568 
59332.279457622615 
59332.279688062605 
59332.224092154211 
59332.245260024916 
59332.271652748015 
59335.019012979603 
59334.954530641604 
59334.914426082178 
59334.960096147894 
59334.879674535252 
59335.023241992749 
59334.978304110024 
59332.216888235125 
59334.989993598254 
59332.221090354200 
59332.272035629052 
59332.198953407104 
59335.038025179347 
59332.207146890854 
59335.028990370578 
59335.030281504281 
59332.194395294784 
59332.230916802517 
59335.041111059334 
59332.359665800766 
59335.050505578460 
59335.024657591435 
59334.929253453294 
59334.814020227925 
59334.863355511334 
59334.924061681697 
59334.920868271947 
59334.923011438019 
59334.907767844110 
59334.931170162417 
59335.054642784606 
59332.243031765953 
59332.215676787593 
59335.044614969258 
59332.242655071408 
59332.251131495308 
59332.252960352751 
59332.311184865779 
59332.307539023757 
59332.270151167417 
59335.029279940609 
59334.978110776014 
59335.029321569113 
59334.997635584732 
59334.995398689076 
59334.915221009105 
59334.957962966204 
59335.022637559960 
59335.057057704173 
59335.025911462923 
59335.002460312600 
59334.943448435864 
59334.957701948893 
59332.293918859235 
59332.248092362548 
59332.296362443492 
59332.215979470871 
59335.022544148291 
59335.026567281864 
59332.268393186081 
59332.214466707512 
59332.212096395793 
59335.006760853532 
59334.958395017245 
59334.907831553828 
59334.917195317292 
59334.936967064525 
59335.008634564023 
59335.001104417075 
59335.034893160555 
59335.059834997839 
59335.052930550060 
59332.196486765475 
59335.052636387438 
59335.049355344127 
59335.028086710721 
59332.196769855691 
59332.210545834583 
59332.219557147218 
59332.212189730984 
59332.199898452753 
59332.192220104007 
59335.021789367485 
59334.958709337763 
59334.945542199282 
59334.978375837956 
59334.959593014384 
59335.014843211313 
59335.039508361733 
59335.022950600200 
59334.998092158283 
59335.002176029644 
59335.013715508103 
59335.018665642754 
59335.030065998479 
59335.064637259049 
59335.074856692125 
59335.057959301965 
59335.074572660007 
59332.198013568835 
59335.072938088138 
59335.068178033725 
59335.035232415576 
59334.998650371075 
59334.993180164412 
59334.992604482308 
59335.021889273958 
59332.207946036258 
59335.047832295342 
59332.193780480768 
59335.060689085607 
59332.262626460797 
59332.237019710228 
59332.274301194710 
59332.277086642469 
59332.267755346802 
59332.277816122529 
59332.236723004353 
59335.056349296312 
59335.062594452735 
59332.216869372394 
59335.061336317602 
59335.004581085253 
59334.975402655800 
59335.010623851580 
59335.037355544046 
59335.041591024165 
59332.361099609130 
59332.364607772164 
59332.351099798543 
59332.333969025502 
59332.307337152975 
59332.248459820912 
59332.240109147177 
59332.257006983236 
59332.287607020597 
59332.317797606731 
59332.303740025840 
59332.253922916068 
59332.216612563214 
59332.205454968745 
59332.194887467944 
59332.217500209881 
59335.031471858660 
59335.043628982705 
59332.240136061009 
59332.377170259082 
59332.387158171114 
59332.340540914607 
59332.311081086198 
59332.360227709149 
59332.249677984444 
59332.225609733585 
59332.219077332484 
59332.257556970741 
59332.224881356880 
59332.239161199162 
59332.227341569422 
59332.238513192453 
59335.024361818199 
59335.074108502806 
59332.195528991346 
59335.029921267102 
59335.034266527116 
59332.193324259635 
59332.222167670690 
59332.248311363997 
59332.235470578766 
59332.264621521092 
59332.241201698256 
59332.190273657237 
59332.206041591540 
59332.206151931132 
59332.209496434356 
59332.201976508273 
59332.246473784951 
59332.219036256523 
59332.207131187635 
59332.193178146350 
59335.049230733930 
59335.055002670975 
59332.242277909543 
59332.230209077832 
59332.208548071249 
59332.205339748150 
59332.246118648436 
59332.260094141675 
59332.203523658267 
59332.226851889827 
59332.209560259347 
59332.205485008853 
59332.245154779201 
59332.270404856034 
59332.279267182297 
59332.302076967018 
59332.274075122397 
59332.220717282005 
59332.275825141092 
59332.274638144074 
59332.268511224211 
59332.270709483142 
59332.286806347285 
59332.255914333400 
59332.276915715760 
59332.279111531840 
59332.275285621246 
59332.279510036751 
59332.279764974097 
59332.274739311004 
59332.274713029517 
59332.261777334694 
59332.234793394724 
59332.239363254062 
59332.252359322774 
59332.211024287033 
59332.208943948099 
59332.219211876480 
59332.212169701634 
59332.212169701634 
59332.203763558697 
59335.060986912868 
59335.016426733811 
59335.028801672772 
59334.965448902993 
59335.006480154654 
59335.015313291115 
59332.196434522688 
59335.043486069313 
59335.050825506623 
59335.060840808466 
59335.042206228733 
59335.010342548405 
59335.016910260150 
59334.958640536162 
59334.953731986163 
59334.930880450571 
59334.908135570578 
59335.004134317875 
59335.013453767613 
59335.028026398191 
59335.022945071309 
59335.042769461717 
59335.023305311828 
59332.284791355116 
59332.223969566076 
59332.229424189922 
59332.257429172772 
59332.225795718106 
59332.239171836285 
59332.273132513612 
59335.033722277687 
59335.038688527107 
59335.014881389361 
59332.192143539316 
59332.238369341656 
59332.211801500845 
59335.001260456069 
59335.012790199376 
59335.027743443068 
59335.018214185751 
59334.985816390385 
59335.035460984574 
59335.032190830170 
59332.201598898471 
59335.061294620682 
59332.331273878102 
59332.294172197267 
59332.196177157515 
59335.000045379136 
59334.935286697611 
59334.947295935795 
59334.945036037185 
59334.972521050106 
59335.046455043674 
59335.046270812541 
59335.033954923056 
59335.013263534762 
59334.920093281653 
59334.850327922511 
59334.861041207827 
59334.861462163972 
59334.826090505579 
59334.872881696538 
59334.890494391169 
59334.801375708346 
59334.843709381406 
59334.928785641656 
59334.912268340748 
59334.914221279258 
59334.914828436478 
59334.932832888364 
59334.924488478959 
59334.909604559980 
59334.923559403163 
59334.984161019391 
59334.928516677261 
59334.883664813045 
59334.910456866950 
59334.916084077726 
59334.914185886613 
59334.878924507844 
59334.871261484615 
59334.849267739541 
59334.858957971723 
59334.777980230669 
59334.800558587638 
59334.757180822824 
59334.748038131576 
59334.743639012391 
59334.794441436497 
59334.895951319573 
59334.993023547351 
59334.985380926351 
59334.933077659203 
59334.907251007455 
59334.963384944655 
59335.026678483489 
59335.037964954863 
59335.029204890969 
59335.061502300428 
59335.041385129247 
59335.073809853791 
59332.214610308918 
59332.212333127929 
59332.272374599233 
59332.296698431019 
59332.298396984159 
59332.297617958160 
59332.227465192729 
59332.252558973370 
59332.207298670088 
59332.198345155244 
59332.205969888993 
59332.203383305976 
59332.203270284059 
59332.206032030044 
59332.195237171953 
59332.222999164878 
59332.206969248116 
59332.194011890097 
59335.042223127843 
59335.044287726436 
59335.040201304226 
59332.200878643802 
59332.273029166390 
59332.239827896017 
59332.234891813205 
59332.218681391612 
59332.222684107459 
59332.394077741206 
59332.347891665006 
59332.289002213569 
59332.390084043232 
59332.397121547998 
59332.363951381034 
59332.359712679143 
59332.339838503431 
59332.261806073977 
59332.361384730379 
59332.321031041458 
59332.261069502449 
59332.362513048203 
59332.270326485836 
59332.234448908443 
59332.375399461707 
59332.277353271929 
59332.300096419036 
59332.299544264075 
59332.303070953232 
59332.368174930787 
59332.377182215590 
59332.367062808662 
59332.275980277838 
59335.027798690171 
59334.811211173466 
59334.688380242806 
59334.745540990094 
59334.885781047786 
59334.981006146991 
59332.212657836099 
59335.022487245878 
59334.884518379709 
59334.868294845641 
59334.912825606909 
59334.836193393807 
59334.751093353778 
59334.836058419387 
59334.771628218688 
59334.762635576873 
59334.974714192293 
59334.950928653852 
59334.807584569469 
59334.813364270936 
59334.829116154775 
59334.966661835802 
59334.907911629009 
59334.850116393369 
59334.866229644394 
59334.961834622409 
59334.874114356542 
59334.938345105678 
59335.030410065141 
59332.224082571200 
59334.929853447960 
59334.949910783966 
59334.875298178500 
59334.970562082053 
59335.031678359657 
59334.997730675997 
59334.838230532936 
59334.866831960404 
59335.021294112339 
59334.947009576070 
59334.979582986707 
59334.983178608505 
59334.928248286771 
59332.201962541774 
59332.210076202100 
59332.286069542737 
59332.247262658268 
59335.042959917679 
59332.283338808469 
59332.285317870257 
59332.263465927157 
59335.009595659845 
59332.249823917948 
59332.283441825915 
59332.197618325605 
59335.030513927530 
59332.231920539882 
59334.927941956972 
59334.943148497521 
59334.929615075220 
59334.956190622011 
59334.997012767635 
59335.061247765734 
59335.039652123829 
59335.063446104272 
59332.194164167697 
59332.364755149458 
59332.338526798441 
59332.287113718536 
59332.287994458595 
59332.285367018434 
59332.281542438883 
59332.319570354033 
59332.330480047123 
59332.244694725079 
59332.254142145473 
59332.254087232221 
59332.255451401674 
59332.243442789542 
59332.240447834083 
59332.216251526668 
59335.040201734264 
59335.005226401794 
59335.061856027598 
59332.194444484034 
59332.260763794548 
59332.251085660719 
59332.255524154731 
59332.326588910480 
59332.311399872218 
59332.270987905220 
59332.307611655648 
59332.301231707279 
59332.200222841449 
59332.202806366011 
59332.299583893473 
59332.254675142161 
59332.231311165822 
59332.232306407772 
59332.269594996986 
59335.061035335297 
59335.053453992106 
59335.035626321012 
59332.194899617803 
59332.211216036092 
59332.258886558135 
59332.205339168257 
59332.231770847313 
59332.293368510953 
59332.274363945748 
59332.203789942891 
59332.233444750265 
59332.215211267750 
59332.201241528433 
59335.069320581977 
59335.038558832581 
59334.965738024781 
59335.054110291981 
59335.052127883195 
59334.984427230207 
59335.038896145255 
59335.017737485679 
59335.031356186126 
59332.196974961400 
59332.246673363727 
59332.228888670106 
59335.019941645005 
59335.044603302253 
59334.992669975531 
59335.015352151328 
59335.035178259401 
59332.217273616610 
59334.982800117883 
59334.947242197508 
59334.953892834696 
59334.854552770557 
59334.922518234765 
59335.002896201520 
59332.209112892546 
59334.932080633458 
59334.926639509373 
59334.858125036837 
59334.892903148480 
59334.871489121775 
59334.872076914166 
59334.835961922428 
59334.917681357998 
59335.000498766531 
59335.004268467623 
59335.009713716194 
59335.027915479048 
59332.210453492276 
59332.245017702618 
59332.252456452035 
59332.285708908334 
59332.272876873561 
59332.374014614747 
59332.226243442259 
59332.203494204980 
59332.208473766150 
59335.059902427995 
59335.034365750296 
59334.977645129919 
59332.193833130019 
59332.199871425997 
59335.045331917805 
59335.074945354187 
59332.272146949450 
59332.244513559817 
59332.380783907924 
59332.285118051659 
59332.274011578360 
59332.267000817723 
59332.269203927157 
59332.248068185181 
59332.277807930710 
59332.321643915006 
59332.348294195806 
59332.381547681471 
59332.338133457684 
59332.330385049674 
59332.278821706728 
59332.281517224685 
59332.269389618814 
59332.282763243245 
59332.233639298029 
59332.279426356727 
59332.332089990094 
59332.268349671082 
59332.320146854530 
59332.274121830415 
59334.985711105903 
59332.198579370357 
59332.193250140415 
59332.255028464730 
59332.214984920349 
59332.233701036872 
59332.233969247842 
59332.259483740636 
59332.401199610176 
59332.259742439994 
59332.239865537937 
59332.328641998276 
59332.336528720145 
59332.320749836123 
59332.293627286032 
59332.288179438830 
59332.241590673097 
59332.250940656711 
59332.236553812771 
59332.245417895712 
59332.261573373253 
59332.263730052196 
59332.239869138983 
59332.244485709045 
59332.268428903189 
59332.290424402352 
59332.247079530971 
59332.260066826988 
59332.281494486640 
59332.423692604323 
59332.380601291588 
59332.334851347412 
59332.353319422669 
59332.381493418492 
59332.320745886194 
59332.349657956620 
59332.277576820954 
59332.328208571620 
59332.292527210899 
59332.272695204738 
59332.208896772412 
59332.210369703294 
59332.311095678640 
59332.285530877736 
59332.278357478506 
59332.263882986437 
59332.230005087717 
59332.259116529589 
59332.264594109132 
59332.358323671011 
59332.365913968359 
59332.363278187382 
59332.398816738438 
59332.312313829643 
59332.236116849032 
59332.235928631548 
59332.266740266728 
59332.277932739038 
59332.279646779301 
59332.327127865748 
59332.296970072537 
59332.300981665496 
59332.290084987966 
59332.440761298996 
59332.309644480556 
59332.221146809847 
59332.291496974736 
59332.261826312279 
59332.473062905810 
59332.298255048539 
59332.334281729294 
59332.279595921820 
59332.245986553251 
59332.215883993274 
59332.228107193427 
59332.274090096427 
59332.281819346907 
59332.249710970558 
59332.232448056340 
59335.066783299662 
59332.245686105212 
59332.209663645030 
59335.017688909706 
59335.058623178607 
59332.299053810239 
59332.308197004495 
59332.300208079301 
59332.225253692392 
59332.225942191624 
59335.071990737051 
59334.974793973488 
59334.990195339720 
59334.986841009944 
59334.910511813265 
59334.892575271901 
59334.890873945573 
59334.888814576036 
59334.882637557297 
59334.929920042086 
59334.943836194005 
59334.939416601657 
59334.975999785711 
59334.998123051788 
59335.004073841650 
59335.028517144332 
59335.027827251855 
59335.012982050714 
59334.999696998631 
59335.036601992884 
59335.037554753420 
59334.991385814581 
59334.986802432548 
59334.974327810589 
59334.969835603202 
59334.995034081985 
59334.995556464382 
59335.025720675760 
59334.961681696026 
59334.937106062818 
59334.952636997827 
59334.952437235734 
59334.960493246195 
59334.961454453703 
59334.962329765251 
59334.971333518275 
59334.969129251615 
59334.978655616142 
59335.009365764497 
59335.008123445972 
59335.021246152974 
59332.289281521123 
59332.191015496021 
59332.238507048700 
59332.236880108183 
59332.219742008951 
59332.202391965671 
59335.057969178080 
59335.056942776944 
59335.056955979984 
59335.053572373312 
59335.053572373312 
59334.999666324809 
59335.016108225798 
59334.999816757663 
59335.003675712032 
59334.965187367314 
59335.054388468918 
59334.999372287864 
59335.048909770841 
59334.865333221729 
59334.830811204956 
59334.918808110771 
59334.954017386764 
59334.942814674927 
59334.926129167754 
59334.932436500785 
59334.956493420337 
59334.941746475713 
59334.936355582089 
59334.895707347328 
59334.920057620897 
59334.941221914465 
59334.939993800836 
59335.015033460797 
59335.054733802477 
59334.968216015564 
59334.978207153174 
59335.043281653008 
59335.007988867510 
59335.041056293492 
59335.004484915153 
59335.022027213730 
59335.006410909766 
59335.015270475407 
59335.016108634343 
59332.256260372757 
59332.230602294803 
59332.270945303666 
59332.305806611119 
59332.239805487457 
59332.311743570623 
59332.283993394594 
59332.344882837402 
59332.348352155364 
59332.307973496740 
59332.374323189237 
59332.401108865051 
59332.417972464653 
59334.956786180046 
59334.971531334420 
59335.027582859097 
59334.989661490596 
59334.965237451084 
59335.033019666822 
59335.021754242684 
59335.040987434826 
59335.034375053801 
59334.756247851503 
59334.783812205082 
59334.737817583751 
59334.768756611687 
59334.825505246088 
59334.752357785394 
59334.831616920754 
59334.845250108658 
59334.726290153827 
59334.680510372440 
59334.836006895450 
59332.206666203179 
59334.965606926904 
59335.053752079039 
59334.930926042442 
59332.209986615249 
59335.020774087774 
59334.926532290505 
59335.038776195463 
59332.225160788505 
59335.026649254141 
59335.028878909536 
59332.242023815001 
59332.386276423109 
59332.369209555065 
59332.424328298279 
59332.387857665373 
59332.421984226865 
59332.335844256668 
59332.356082347702 
59332.374009858817 
59332.518000949160 
59332.412214582131 
59332.412971299615 
59332.358787191435 
59332.311160097299 
59335.013250946824 
59335.008457448253 
59332.199413467548 
59332.266844284153 
59332.414979221154 
59332.380703151808 
59332.369199824425 
59332.260263210053 
59332.345782791264 
59335.050802130485 
59335.082252772845 
59332.253808051057 
59335.056911129192 
59334.981281899156 
59335.052234303650 
59335.028560937717 
59334.994776630512 
59334.928143854828 
59334.895858897820 
59334.900416813842 
59334.881243720782 
59334.835441939744 
59334.979583719949 
59334.939584736167 
59332.229265834358 
59332.255004976301 
59332.349957951483 
59332.256348183182 
59332.283504350584 
59332.228497205913 
59334.976847440288 
59335.022421833186 
59334.951088615664 
59334.966582449815 
59334.913050865223 
59334.996985358775 
59332.255121144888 
59335.052337131892 
59335.025836684923 
59332.312855178185 
59332.272752491386 
59334.967343203003 
59334.941311438466 
59334.929385277159 
59334.954975031600 
59334.940503413149 
59335.061782920784 
59335.024232081574 
59332.203391404561 
59332.331560588020 
59332.214760842682 
59332.266766161025 
59332.236100231588 
59335.026209663447 
59332.232481734369 
59335.064124320983 
59335.029107278424 
59335.029748761954 
59335.048961845787 
59335.043455492523 
59334.998692498666 
59334.976293502565 
59334.973535023084 
59332.225098065785 
59332.286702353660 
59332.210319695841 
59332.210436158428 
59332.237516695779 
59332.254399932659 
59332.234995375591 
59332.249234371047 
59332.249846734187 
59332.274426913806 
59332.318804729439 
59332.370755167074 
59332.272826038701 
59332.306244131134 
59332.289826489578 
59332.311498352661 
59332.274557339442 
59332.253428002907 
59332.269268845193 
59332.268428808798 
59332.345644733155 
59332.399627895480 
59332.322671713831 
59332.352388305306 
59332.229430424406 
59332.284586431226 
59335.046463797429 
59332.223480884903 
59332.289382759096 
59332.349062957619 
59332.384855269200 
59332.381810747895 
59332.445720002383 
59335.046781955927 
59335.048381058041 
59332.202672785046 
59332.254845037205 
59334.991523366720 
59335.039158205698 
59332.225776893116 
59332.249637479646 
59332.233524117924 
59335.025642831810 
59335.030377863921 
59332.221229619390 
59332.322308091170 
59332.292573401217 
59332.349941156004 
59332.283049252408 
59332.249195664052 
59332.393734429592 
59332.401464346840 
59332.369270655210 
59332.267498443340 
59332.296041273956 
59332.352483595678 
59332.213914829263 
59332.316062014143 
59332.445320906627 
59332.327435876963 
59332.497210151843 
59332.335255117185 
59332.279050137964 
59332.241242899778 
59332.233268525626 
59332.301293739249 
59332.426141829412 
59332.482604043202 
59332.466093548101 
59332.352053031922 
59334.946158521634 
59334.957307072218 
59332.191489776756 
59332.208130667954 
59335.053456254180 
59335.012052377198 
59334.926246026393 
59334.906602471441 
59334.955392732183 
59334.999823236911 
59335.001837278440 
59332.228567180784 
59332.213793921233 
59332.301790101752 
59332.190013103464 
59332.231199289105 
59332.246985642858 
59335.063037094704 
59332.328506147416 
59332.335006525369 
59332.363312402798 
59332.307361193103 
59332.239949930074 
59332.301753484928 
59332.315932869104 
59332.318150753832 
59332.342474843317 
59332.199988228509 
59332.278543319742 
59332.359334537832 
59332.264398952095 
59332.272153051032 
59332.222611778467 
59332.201288671356 
59335.047367997606 
59335.021135301191 
59335.019722630757 
59335.039771278083 
59335.058622868892 
59335.058208284623 
59335.022999023902 
59335.028531893695 
59335.069138842024 
59332.225589010319 
59334.999376939733 
59335.041172518861 
59332.215794410447 
59332.226133946184 
59332.342073966312 
59332.307384774547 
59332.304927685582 
59332.378093653700 
59332.225086518294 
59332.195174568114 
59332.202979117887 
59332.262303757911 
59332.247419298015 
59332.196309502040 
59332.207470855465 
59335.022253208241 
59335.034677079333 
59335.024662664000 
59335.035845899023 
59335.057724824706 
59334.991139827784 
59334.990164022565 
59335.033922242677 
59334.910006749087 
59334.842262986909 
59334.766270486274 
59334.732233092036 
59334.766457868158 
59334.879554918742 
59334.914004755403 
59334.899918842872 
59334.831328824250 
59334.801317283855 
59334.836294729372 
59334.833527515540 
59334.868763278893 
59334.901493864323 
59334.915370943520 
59334.946320596020 
59334.948927242622 
59335.032744506112 
59335.055662491999 
59332.206699965012 
59332.189894455485 
59332.214164282850 
59332.324776743153 
59332.321061361763 
59332.286991241708 
59332.209846664860 
59335.038058456666 
59335.041108009020 
59335.005967694393 
59332.221992428866 
59335.008996502438 
59335.012258845811 
59332.227953447866 
59332.262754722644 
59332.233418447751 
59332.190534800327 
59335.020334245986 
59332.241550974722 
59332.228729418828 
59335.054681489331 
59335.055118861739 
59332.279114321500 
59332.231264715396 
59334.962566843686 
59334.936948348382 
59334.942034122345 
59334.998484266696 
59334.928273057492 
59334.907448627331 
59334.892890831470 
59334.944856343631 
59335.007091764834 
59334.995613460160 
59334.985649537477 
59334.957597483146 
59334.978904212490 
59334.888231253848 
59334.883074611578 
59334.951364192420 
59334.845969061826 
59334.749858417221 
59334.818040588369 
59334.740246641290 
59334.776541841908 
59334.816060107303 
59334.831164723015 
59334.839087580680 
59334.836117874715 
59334.817635627471 
59334.838204724561 
59334.808832044844 
59334.820364581341 
59334.836926616350 
59334.835756134547 
59334.782905657805 
59334.797180903028 
59334.755986802840 
59334.815058073131 
59334.741803310899 
59334.736453394980 
59334.693640016761 
59334.545839815743 
59334.585153749351 
59334.544816075264 
59334.690660596643 
59334.664933580527 
59334.631489008840 
59334.682814268766 
59334.659042151441 
59334.805110167275 
59334.806314610250 
59334.833035684343 
59334.772180475004 
59334.748632684001 
59334.698024616831 
59334.625613277334 
59334.734060657829 
59334.667699439749 
59334.639842725890 
59334.728021425530 
59334.801912285009 
59334.780927321524 
59334.778265924469 
59334.737191793647 
59334.835257580169 
59334.842292389643 
59334.815487760810 
59334.923368176984 
59334.893484608067 
59334.944888172118 
59334.943665352650 
59334.931312931505 
59334.991717602083 
59334.992194891194 
59332.191139945215 
59332.214543493144 
59332.205267588688 
59332.194071806123 
59335.036536733023 
59334.988115375068 
59334.973450265199 
59334.987288635035 
59334.982720227708 
59334.995885306067 
59334.986874383438 
59334.996715252360 
59335.008896757579 
59334.951677225414 
59334.947321862135 
59334.975911743088 
59334.963666671720 
59334.984928667727 
59335.007481865003 
59335.007605436324 
59335.024644326499 
59335.005287324711 
59332.262211248242 
59335.058197275030 
59334.980977296247 
59335.000162264485 
59335.016321418945 
59335.063738599907 
59332.197289206160 
59335.067875907975 
59335.010779787925 
59335.029158577541 
59334.920306490152 
59335.000207568686 
59334.843455270529 
59334.896171939188 
59334.776754196690 
59334.801039071455 
59332.246268125971 
59334.967104707684 
59335.023583743910 
59332.195564741349 
59332.278968881685 
59332.349174857118 
59332.330301707196 
59332.268953590858 
59332.190663909169 
59332.206850389623 
59332.416516031757 
59332.449699848024 
59332.424308240603 
59332.389728391994 
59332.389873862492 
59332.317318148831 
59334.961236814750 
59335.022165573602 
59334.992512223485 
59335.044807613733 
59334.978086064679 
59332.191414192741 
59332.388041845377 
59332.353116550177 
59332.249170864838 
59332.278477952153 
59335.058196505088 
59332.238983780786 
59332.199750207008 
59334.846356184331 
59334.961727112212 
59334.959386421426 
59334.921272498133 
59335.029512543835 
59332.209902789167 
59332.234158568252 
59332.241366017130 
59335.078254316242 
59335.051346302003 
59334.967479326348 
59334.911757516238 
59334.865528423732 
59334.832398359125 
59334.901784882262 
59334.846261922605 
59334.775418907622 
59334.695202930299 
59334.734548602704 
59334.753574203540 
59334.769773823275 
59334.777312173537 
59334.773197220362 
59334.797595061726 
59334.767950466972 
59334.765253055193 
59334.843672050592 
59334.896899525498 
59334.919413298274 
59335.006842308816 
59334.930152160639 
59332.235181347227 
59332.356182964439 
59335.051722904936 
59335.041531533738 
59332.205535455068 
59332.301417730676 
59332.331685935664 
59335.050004738776 
59334.998094201655 
59334.985106724249 
59334.898045665534 
59334.806265981897 
59334.816785704250 
59334.652534107976 
59334.961867722290 
59335.002471084401 
59335.004250387334 
59335.005382307259 
59334.998335618606 
59332.363568868626 
59332.327999888119 
59332.343948803253 
59332.317309959784 
59332.328185761595 
59332.345295611172 
59332.305692863112 
59332.305176404931 
59332.273615044105 
59332.222989745453 
59332.240724703661 
59332.302842372730 
59332.397832159586 
59332.243621502777 
59332.258134603100 
59332.284381300386 
59332.221361714495 
59332.279247996965 
59332.280928048298 
59332.234610392654 
59332.337780320115 
59332.366354464219 
59332.369598014251 
59332.327345228929 
59332.368265300553 
59332.445589141222 
59332.330741012913 
59332.350177737171 
59332.280217182430 
59332.366961400643 
59332.440447123365 
59332.322935740725 
59332.240463009803 
59332.206250662624 
59332.210743465512 
59335.029803210731 
59335.029324359493 
59335.027440278587 
59332.244205720846 
59332.271529415193 
59332.244871621318 
59332.496466807796 
59332.394343774657 
59332.357156023463 
59332.295098079827 
59332.310266384666 
59332.451854248131 
59332.254301294568 
59332.295454769344 
59335.028967951082 
59334.960102339443 
59334.955737890508 
59334.931660749942 
59334.945801822803 
59334.960979478157 
59334.977351778129 
59334.992314100724 
59334.949365796158 
59334.947598587052 
59335.026882478502 
59332.264587718673 
59332.226364400041 
59332.250154462621 
59334.957335729574 
59334.975519223997 
59334.957763677485 
59334.963889580511 
59334.948106563395 
59334.881498240771 
59334.806361940151 
59334.753927372381 
59334.636929078137 
59334.785941838549 
59334.839446825390 
59334.783580095114 
59334.825830558642 
59334.764056127649 
59334.810374958302 
59334.832523820864 
59334.768685051371 
59334.876542226943 
59334.721164516930 
59334.966516607514 
59334.985553984152 
59335.035118896172 
59335.042177386575 
59334.963115865270 
59334.961846339109 
59334.971843585379 
59332.254134892544 
59332.216019994681 
59332.199999283745 
59335.031705238267 
59334.988313647416 
59335.066219930435 
59334.990612960595 
59335.049334057185 
59335.065781014542 
59335.029446102526 
59335.018305731093 
59334.987334827449 
59335.041243478947 
59334.984819166988 
59334.993821343305 
59335.006891659883 
59332.212914033014 
59332.203732265021 
59334.979928136461 
59334.889085568218 
59334.949690773021 
59334.908750732531 
59334.947086066968 
59334.954722581562 
59334.982469975177 
59335.007053833702 
59334.984723678135 
59334.988660328418 
59334.977967454535 
59334.962879017636 
59334.987483211495 
59334.964539737091 
59335.003140437766 
59335.043751282494 
59335.025040387911 
59332.196986017312 
59332.258611757410 
59332.239875325227 
59332.219705561227 
59332.194986298520 
59332.284702905563 
59332.271707327971 
59332.256263391908 
59335.025283236944 
59335.037557454780 
59332.220049477379 
59335.051107145111 
59335.031937586442 
59332.201383711188 
59332.198057702553 
59334.993076227147 
59334.902979876926 
59334.926803349583 
59334.977670155640 
59334.975191179299 
59335.025569620710 
59335.058779837789 
59335.019170132000 
59332.201128134519 
59332.210285761052 
59332.275971062772 
59332.241032790269 
59332.276430485479 
59332.214483966905 
59335.029487498621 
59335.041802110871 
59332.213428396033 
59332.222533708824 
59335.016840395620 
59335.031850329120 
59335.024874352996 
59335.014303089192 
59335.060454503488 
59332.239253273685 
59335.036480392060 
59335.041691225444 
59334.971541963823 
59335.017710186105 
59332.214571369179 
59335.075975920474 
59332.241845943427 
59332.192009343569 
59332.211377269276 
59335.031584568496 
59335.046358296553 
59332.218621674343 
59332.208126423677 
59332.223544710432 
59334.989844450298 
59335.006305519499 
59334.996883727661 
59335.019935825498 
59332.208050782705 
59332.214305750509 
59335.060816166377 
59332.287993916099 
59332.314214696402 
59332.346761497829 
59332.280461168884 
59332.311537596332 
59332.279093761274 
59332.263239395485 
59332.269516130822 
59332.229070086418 
59332.295435860462 
59332.304309632913 
59332.368605104937 
59332.384259484454 
59332.235780432602 
59332.212923011117 
59334.972855602420 
59334.989418330915 
59335.012042484166 
59335.022194052166 
59335.031024363438 
59332.192401176588 
59335.049404384154 
59335.042014724218 
59335.019264867093 
59335.014505768762 
59334.925420918982 
59334.902396944119 
59334.949707993736 
59335.032809047436 
59334.969167151758 
59334.993570179322 
59334.914961305403 
59334.928217835317 
59334.929354578482 
59332.196911378443 
59335.045191548779 
59335.011207296884 
59335.000400552773 
59334.967960804861 
59334.919782471588 
59334.911140713441 
59334.878937057147 
59334.986947622419 
59334.892434770969 
59334.899146032047 
59334.925935534004 
59334.880266649823 
59334.918232088181 
59334.948197862126 
59334.937691551764 
59334.975949645173 
59334.960710437947 
59334.934093331925 
59334.913027876624 
59334.925735796678 
59334.950173384095 
59334.955199390046 
59334.965520914993 
59334.884403470140 
59334.872472771793 
59334.786327230991 
59334.885397924489 
59334.869815954757 
59334.947533403218 
59334.908342724120 
59334.986005364342 
59334.980019036004 
59335.023687900131 
59334.999284617188 
59335.023281394642 
59334.914167454670 
59334.917379790946 
59334.889397682935 
59334.873074280513 
59334.849775752002 
59334.849980075378 
59334.979935543335 
59334.942250227527 
59334.946088227036 
59334.994437012007 
59335.045810007505 
59335.003069920553 
59335.049504972776 
59335.052790217705 
59334.987371126852 
59335.004884617483 
59335.012769281639 
59335.004447018866 
59335.015547678362 
59335.031160026083 
59335.052525485400 
59335.020534886520 
59335.024488705647 
59335.049187620651 
59334.999284606565 
59332.237903439331 
59332.263470912345 
59332.226045326053 
59332.254550556565 
59332.258166856431 
59334.995187260094 
59334.997034303189 
59334.979456406545 
59334.994735511536 
59335.008635609767 
59335.036868324329 
59332.189877406017 
59332.220290135920 
59332.213270411186 
59332.213313512613 
59332.396193151115 
59332.221202829314 
59332.198218365353 
59332.206910245070 
59332.284371526483 
59332.303878324965 
59335.086484184372 
59335.024382566153 
59335.006293003804 
59335.020049754443 
59334.901632993176 
59334.905581694125 
59334.905472278100 
59334.865182000838 
59334.910617419722 
59334.985056683552 
59335.014877649504 
59335.012055281572 
59335.043454791594 
59332.243395213896 
59332.243758028519 
59332.202345371450 
59332.251593766276 
59332.230701603490 
59332.254342495071 
59332.325374745757 
59332.324735068061 
59332.374497023498 
59332.384959715091 
59332.215233770956 
59332.326545132397 
59332.380885396335 
59332.204422401184 
59335.046690159092 
59335.003938442438 
59335.015787653181 
59334.981562896646 
59335.020149929282 
59335.070707971703 
59332.189989437771 
59335.033580962743 
59334.974195447525 
59334.911597847436 
59334.890728981300 
59334.889743674990 
59334.886608823013 
59334.884214017497 
59334.960136320144 
59334.954854229021 
59334.978002007672 
59334.985376056589 
59334.906085126800 
59334.885898634842 
59334.921738066230 
59334.919725606538 
59334.936337663967 
59334.940194403673 
59334.945625211352 
59334.930210692248 
59334.820695353897 
59334.887156289180 
59334.964937828954 
59334.918984184158 
59334.973238773586 
59334.968445438637 
59334.953267330318 
59334.966567407944 
59334.950532762450 
59334.945168437662 
59334.931881101475 
59334.854242567133 
59334.844310743611 
59334.890178293943 
59334.926986798593 
59334.822931537863 
59334.944231244030 
59334.935254618147 
59334.946545208019 
59334.957164730658 
59334.937663643461 
59334.952067107130 
59334.946340569775 
59334.928797502900 
59334.914698058288 
59334.930152214205 
59334.907999063391 
59334.928210157304 
59334.884896861426 
59334.951470166619 
59334.933185682850 
59334.982469828334 
59334.924786142750 
59334.938896462125 
59334.943719870418 
59334.888520408473 
59334.854579047358 
59334.846554457770 
59334.836317655776 
59334.831601420752 
59334.843787314952 
59334.830799640906 
59334.823009301406 
59334.840997138992 
59334.828994560958 
59334.799210838362 
59334.866940200744 
59334.863262450242 
59334.879120345409 
59334.906630260863 
59334.907995902904 
59334.914835291755 
59334.937351898458 
59334.987013931983 
59334.984131812060 
59334.969336599723 
59334.961318235924 
59334.966659858619 
59334.986447793875 
59334.980845329992 
59335.003105996344 
59335.007233169425 
59335.006998348152 
59335.040179729054 
59332.235831198828 
59332.234756656762 
59332.238565536412 
59335.071379957561 
59332.223408407619 
59332.210392849847 
59332.211393624944 
59335.012606752018 
59332.219601618424 
59332.321021520889 
59332.293407115751 
59332.361122469643 
59332.347590617246 
59332.346990497041 
59332.337363725092 
59332.321120105451 
59332.360310733115 
59332.347639288389 
59332.333201749258 
59332.276466133473 
59332.248759454531 
59332.191107105362 
59332.203746227591 
59335.048476260745 
59334.994946254228 
59335.042177043098 
59335.038522504990 
59335.036584232381 
59335.038068557427 
59335.049935206320 
59332.219314467271 
59335.052626248871 
59332.213520280951 
59332.207646748815 
59332.217139019660 
59332.226002239964 
59332.226846069374 
59332.221010696085 
59332.223686328180 
59332.220005834148 
59335.057172315806 
59335.053444311488 
59335.051090152614 
59332.206198500651 
59332.205906749790 
59332.214257964391 
59332.202914263573 
59332.199117216747 
59332.201676368975 
59332.199101087543 
59332.199097962650 
59335.028958099916 
59335.042056486905 
59332.209834368303 
59332.218717518612 
59332.218091246235 
59335.044039698339 
59332.206841348911 
59332.205589482095 
59332.212290563373 
59335.025970601746 
59335.020617981027 
59334.991638400723 
59335.005662029129 
59334.980778734527 
59334.975497110172 
59334.988351270018 
59334.992834820965 
59334.980973305683 
59334.975844811604 
59334.970368043629 
59334.970760783246 
59334.962375837436 
59334.931003777223 
59334.942394737351 
59334.930046717622 
59334.956202525740 
59334.975195045350 
59334.991039809094 
59334.954733685292 
59334.988072571672 
59334.965965452211 
59334.965538433898 
59334.968092209463 
59334.973007452390 
59334.949298011888 
59334.966798872578 
59334.967804782398 
59334.966019954307 
59334.966019954307 
59334.947982702055 
59334.975617404118 
59334.987671912975 
59334.999599531882 
59334.998010748874 
59335.000937660770 
59335.032374500450 
59335.035065356031 
59335.033957107626 
59335.008388743227 
59335.020007852232 
59335.016729684721 
59335.027829412131 
59335.029243888632 
59335.025587243821 
59335.028189217956 
59335.039833817376 
59335.050850751875 
59335.048208925742 
59334.980268975880 
59334.979802151574 
59334.972768987129 
59334.967182134023 
59334.977789589975 
59334.980047067380 
59334.960886088920 
59334.967594331167 
59334.971124035867 
59334.972766576975 
59334.976824771977 
59334.947011021199 
59334.973554040072 
59335.019050358627 
59335.009623964681 
59335.012718281818 
59334.943327563466 
59334.980329829501 
59334.962631953436 
59334.992360871183 
59334.994547737952 
59335.034012514872 
59335.025110604292 
59335.014537704716 
59335.030503332651 
59334.975948316758 
59334.978298594200 
59334.920022172599 
59334.916864618142 
59334.882170878285 
59334.794483596299 
59334.962226177136 
59334.921397238650 
59334.915961625476 
59334.897195473772 
59334.886907783803 
59334.930979267483 
59334.957815160371 
59334.889483497733 
59334.910091251746 
59334.902189645407 
59334.884377162096 
59334.885665768779 
59334.873851547381 
59334.873819332075 
59334.926156755384 
59334.918759401058 
59334.937085139820 
59334.820429386586 
59334.831877174809 
59334.846874211646 
59334.857419165091 
59334.865490496937 
59334.863822903848 
59334.858044999339 
59334.818098903517 
59334.814540979125 
59334.834324887117 
59334.838761605897 
59334.840272273352 
59334.860915569989 
59334.917903953115 
59334.825611022141 
59334.890466535770 
59334.928752241227 
59334.785661320559 
59334.808860573037 
59334.752531051039 
59334.808896635208 
59334.881513181470 
59334.869468794983 
59334.881594625142 
59334.892031434269 
59334.841019611449 
59334.832367388517 
59334.857193505057 
59334.881856842389 
59334.803668992266 
59334.815998264516 
59334.782185394855 
59334.734540897742 
59334.747450599469 
59334.747296736226 
59334.706962327313 
59334.795873618103 
59334.812282643667 
59334.781708741328 
59334.667388849957 
59334.698255148265 
59334.708413975211 
59334.722329790842 
59334.769176479313 
59334.723485126444 
59334.723800234766 
59334.738055306181 
59334.732467216942 
59334.874826209583 
59334.846140094458 
59334.813110550880 
59334.835379273354 
59334.846367767241 
59334.823951620747 
59334.802954669191 
59334.809642842862 
59334.815659529268 
59334.813034763429 
59334.846597806041 
59334.853606497280 
59334.838859436866 
59334.842949792197 
59334.833242630797 
59334.833242630797 
59334.836232995309 
59334.823463439760 
59334.823205340857 
59334.831666360842 
59334.832217831419 
59334.709418068676 
59334.770851648798 
59334.763472467173 
59334.742296158169 
59334.789437922380 
59334.713102839436 
59334.719508930160 
59334.736075183966 
59334.744091743036 
59334.737757405492 
59334.755328104220 
59334.746378410309 
59334.786757792775 
59334.785245191160 
59334.749569961103 
59334.732830652531 
59334.759105796220 
59334.786556186533 
59334.761170504346 
59334.753197744605 
59334.783667906442 
59332.205008038480 
59332.264033695850 
59332.228136024511 
59335.024939008923 
59335.043793066441 
59335.008872227896 
59332.225060924276 
59335.001378129913 
59332.237518563743 
59335.008670134019 
59335.051495512504 
59334.964446695027 
59334.868467266002 
59334.850449622441 
59334.849795957125 
59334.953142958504 
59334.904324504212 
59334.833502389964 
59334.632982677031 
59334.941755552558 
59334.992007753179 
59335.003621294454 
59335.001762807398 
59332.261245493341 
59335.031687170340 
59335.045769789212 
59332.246151092098 
59332.191464186697 
59335.067178844678 
59335.062982539399 
59334.906878329821 
59334.994752900922 
59334.972699206897 
59334.976053773142 
59334.939754010797 
59334.937388720275 
59334.921398546590 
59335.012295498418 
59335.028405764395 
59332.295647850500 
59335.056248543799 
59332.321284881291 
59332.195477128647 
59335.071424773567 
59335.012787615313 
59334.987063233311 
59332.251476298174 
59332.226932771133 
59332.246839934574 
59332.232599023897 
59332.287205920780 
59335.063662513174 
59335.016571282889 
59334.985857623171 
59332.219954744418 
59332.207296107736 
59335.037538386234 
59335.064961888704 
59335.039888315339 
59334.977458941452 
59335.028730157392 
59334.986141908870 
59334.933704398900 
59335.026662676311 
59335.011895718606 
59332.311525731377 
59332.304519323348 
59332.345692455987 
59332.236711530917 
59332.220473609028 
59332.285331433646 
59332.424886966211 
59335.067375237748 
59335.014218295888 
59335.054619965289 
59335.014754076139 
59334.991062998859 
59334.880664160584 
59335.056249832138 
59335.049480966620 
59334.877230783270 
59335.058579440665 
59334.841774561268 
59334.955874414372 
59334.965961635549 
59334.808925207341 
59334.868167963774 
59334.749016161040 
59334.972429989946 
59334.894599304855 
59334.878602388540 
59334.884369440282 
59334.862764620593 
59334.829402585790 
59334.862469172098 
59334.878139856330 
59334.901344496146 
59334.938411148105 
59334.923974022568 
59334.895766739966 
59332.239011877202 
59332.365690487110 
59335.037228358546 
59332.252233358202 
59332.249094437058 
59332.326599513035 
59332.246937805685 
59332.344694148473 
59332.414604444093 
59332.293812766198 
59332.319713931473 
59332.450467274357 
59332.352545780690 
59332.407306663707 
59332.475566319525 
59332.467454508296 
59332.347169245048 
59332.337866245136 
59332.266030090002 
59332.245995211466 
59332.250261575638 
59335.013265422465 
59335.072156348746 
59335.012124869885 
59335.024129306898 
59334.990755409119 
59335.011328839304 
59334.944764200729 
59334.974974176774 
59334.984691889935 
59335.015972700101 
59334.962303179156 
59334.988863514678 
59334.970957841477 
59332.200326724931 
59332.389408535579 
59332.270509956259 
59332.297241279142 
59332.212853655823 
59335.037710183919 
59335.019269920485 
59335.038607371447 
59335.020667150508 
59332.206896133284 
59335.055463791912 
59335.065848052029 
59335.029058074884 
59335.061208371379 
59332.255221285726 
59335.061001106013 
59334.944311307387 
59334.922436927685 
59334.968749093612 
59334.970018146269 
59334.979302276428 
59335.059614593105 
59332.229401481905 
59335.041030488544 
59334.900068685689 
59332.239913694204 
59334.958888118374 
59334.973840354425 
59334.980121872213 
59332.220722628917 
59332.203881338646 
59335.005721105255 
59335.020525149965 
59334.965972619219 
59334.917280759779 
59334.927644154151 
59334.971457782747 
59334.964048282098 
59334.980421466295 
59334.964319647093 
59334.978255376082 
59334.999391443060 
59334.987384286993 
59334.972420231039 
59335.036271799494 
59335.022909874082 
59335.046957350452 
59335.035550741777 
59335.038136389405 
59335.058188934032 
59332.195958093253 
59332.216312568002 
59335.060889500157 
59335.083723365096 
59332.196109528879 
59335.051427922655 
59335.048270437619 
59335.034076223652 
59332.340433391029 
59332.280815044396 
59332.289889451429 
59332.375776427827 
59332.303691964182 
59332.351018992886 
59332.223231303229 
59332.190981672422 
59332.198222745268 
59332.266910822829 
59332.268444687019 
59332.305414760209 
59332.297402005031 
59332.264935562482 
59332.355728520786 
59332.300263368219 
59332.349254614586 
59332.362924157133 
59332.407681433629 
59332.414035925227 
59332.488317272167 
59332.406208820401 
59332.408913940351 
59332.393268659092 
59332.448152549885 
59332.386058403907 
59332.377858168446 
59332.254197009031 
59332.229793371014 
59335.021082431391 
59335.012663268797 
59334.967378416441 
59334.979369670313 
59335.045644718004 
59334.850728154997 
59334.844345015408 
59334.849526193604 
59334.852069021625 
59334.860663373263 
59334.848588582419 
59334.787417165076 
59334.823050327315 
59334.846903700171 
59334.744504800015 
59334.786985845472 
59334.850705075034 
59334.999709076626 
59335.021333021381 
59335.026113622691 
59335.029911019803 
59335.031586166275 
59334.984524733685 
59334.957790981010 
59334.966816691784 
59334.977118438619 
59334.964266725365 
59334.927540945682 
59334.934098532671 
59334.937116843488 
59334.935323154881 
59334.937803596789 
59334.962414682625 
59334.943658229386 
59334.962191826897 
59334.997127533534 
59332.200931204061 
59332.225762118607 
59332.290577289459 
59332.339305570531 
59332.259339360317 
59332.215573526155 
59332.279919761771 
59332.297988169994 
59332.312600951620 
59332.239634383186 
59332.230047499790 
59335.063046366289 
59332.193279815459 
59332.251543858016 
59332.295008689151 
59332.334642650254 
59332.316828696421 
59332.234694367675 
59332.233296781407 
59332.226348817276 
59332.240760775967 
59332.216600484215 
59332.249620820759 
59332.222256574954 
59332.228038810463 
59335.045025567080 
59335.045630285480 
59332.217999659741 
59335.003885628568 
59335.047163735377 
59335.066661994693 
59332.262115273945 
59332.280105284495 
59332.270044005643 
59332.206426281700 
59332.283870547399 
59332.282794172294 
59332.203302596346 
59335.035285395650 
59335.006207368613 
59334.971023067992 
59334.986117902292 
59334.954597977186 
59334.957414501958 
59334.961367725526 
59334.975593992946 
59335.018044413555 
59335.019061576575 
59335.024495071950 
59334.977295911463 
59334.968951764677 
59334.952561186990 
59334.920829603921 
59334.948292227156 
59334.895521092963 
59334.995070868237 
59335.019937677760 
59335.050632954692 
59335.048797027783 
59332.201896179336 
59335.045838134516 
59335.042167730295 
59335.025971023962 
59335.005932435241 
59334.983435323447 
59335.021987288186 
59335.023530469181 
59335.037831764275 
59335.036532833794 
59335.050372663405 
59335.052081816444 
59335.048789143191 
59335.048454072021 
59335.009659037351 
59335.010801870718 
59335.022274479976 
59335.028332309754 
59335.001210528237 
59334.999269994885 
59334.998225239935 
59335.002790542647 
59334.997706771632 
59335.008339966051 
59334.957659333370 
59334.988313035428 
59334.976969961826 
59335.010073747049 
59335.032186836703 
59335.027478235483 
59335.037570158005 
59335.029515793438 
59335.048603339179 
59335.003638397742 
59335.007418435460 
59335.028429455568 
59335.003896356240 
59332.310842004743 
59332.295819529980 
59332.298430061550 
59332.292484565653 
59332.295701340372 
59332.305293083373 
59332.311555787608 
59332.330052734258 
59332.326548963501 
59332.310355194139 
59332.320979352990 
59332.346727961420 
59332.257590442663 
59332.286206289857 
59332.270711392361 
59332.231699324140 
59335.070834763770 
59332.222171570022 
59332.231336454148 
59332.241244479541 
59332.207935072183 
59332.214329257171 
59332.194278511095 
59332.194547913277 
59335.056555648422 
59332.189972145701 
59335.069795431205 
59334.961834084446 
59332.314712956118 
59332.368202579681 
59332.400700398503 
59332.288528962432 
59335.048686199494 
59332.197537060762 
59332.260905317860 
59335.053768453312 
59335.017980167875 
59335.045786851639 
59332.235988489905 
59332.389038215792 
59332.279341557893 
59335.049525170667 
59334.942178850535 
59334.953502725723 
59335.054427116891 
59335.003590376771 
59332.197101513062 
59332.213519625344 
59332.214894351702 
59332.253234536089 
59335.040699694793 
59335.026389987514 
59332.195540098881 
59332.233505302065 
59334.961171126779 
59334.960461731927 
59334.881228504208 
59334.907063928084 
59335.013759993439 
59334.947558475294 
59334.938220015028 
59335.003912718028 
59335.004897720646 
59334.967205805006 
59335.014681252964 
59334.869252147175 
59334.850173408748 
59334.926866722293 
59334.888378116018 
59334.863395289678 
59334.901791630567 
59334.932915773999 
59334.927273991663 
59335.052384043993 
59334.955596466643 
59334.887618661749 
59334.834286430152 
59334.969539769074 
59332.281546549806 
59332.311946441267 
59332.368953354111 
59332.313528836166 
59332.245308567857 
59335.036757931666 
59335.028986618388 
59335.001463672997 
59335.002478010203 
59334.941097500865 
59334.969601133336 
59334.994911329035 
59334.989960490719 
59335.001670292702 
59335.017280062821 
59335.043077926079 
59335.017769001766 
59332.227574914366 
59332.285215363139 
59332.322516161163 
59332.333464654999 
59332.303487431076 
59332.297065090119 
59332.335134154528 
59332.264839890449 
59332.263480425281 
59332.198977301305 
59335.018486905457 
59332.252576236810 
59332.385067453884 
59332.399576779208 
59332.262964809808 
59332.293420851951 
59332.308486002301 
59332.236645420751 
59332.341125704101 
59332.194223117338 
59332.288734836475 
59332.231611865907 
59335.052230855217 
59335.017014699835 
59332.242287162248 
59332.220699259713 
59335.068041970626 
59332.194456771562 
59332.273494271489 
59332.334667673080 
59332.316372550646 
59332.340118463158 
59332.311286480035 
59332.331741027934 
59332.331770678546 
59332.325512042531 
59332.375928186499 
59332.262517392184 
59332.309413399555 
59332.347440759047 
59332.383676438905 
59332.338069579811 
59332.319264548853 
59332.298242060664 
59332.333030035938 
59332.288029757947 
59332.284220883121 
59332.322297095918 
59332.288509300488 
59332.251191902928 
59332.249129608528 
59332.228772905022 
59332.217395832937 
59332.246617048695 
59332.248789210986 
59332.261376517556 
59332.284382419028 
59332.258167416127 
59332.252087621171 
59332.248755425455 
59332.246323001331 
59332.298826831226 
59332.239980561440 
59332.190284518510 
59332.202060293086 
59332.224711218041 
59332.233768518083 
59332.207030942474 
59335.066511326149 
59335.021671525952 
59335.025111976051 
59335.026554287564 
59335.025160330428 
59335.000298265288 
59332.226656019709 
59332.276542776293 
59332.288787556266 
59332.294222044198 
59332.324672959847 
59332.422372582238 
59332.359067428297 
59332.390772527979 
59332.406593195978 
59332.435337880393 
59332.342983714625 
59332.330358722422 
59332.379954185220 
59332.388260280997 
59332.388316020530 
59332.290249932019 
59332.308822095743 
59332.267825991992 
59332.291676992958 
59332.210290285817 
59335.027535330351 
59335.024977267160 
59334.933285093422 
59334.908275790971 
59334.935538903701 
59334.912619590534 
59334.958671544824 
59334.951589577868 
59334.992665064266 
59335.030931105546 
59335.033235424693 
59335.002336506150 
59335.010743094972 
59334.989628946176 
59334.987156422139 
59334.995557554219 
59334.978852818851 
59335.008045483686 
59334.991101842250 
59334.975277503698 
59335.034444951583 
59335.057272832804 
59335.031097398663 
59334.988659688795 
59334.992070231558 
59334.995103984395 
59335.028160273476 
59335.005277035096 
59335.003116396867 
59335.014174697521 
59335.056550021392 
59332.205602380120 
59332.238806870082 
59332.242037466778 
59332.219005075851 
59332.193657990516 
59335.046077699357 
59335.036710959117 
59332.204157209286 
59332.207333175771 
59335.022524676213 
59335.012097870269 
59335.010657083963 
59335.005581298356 
59335.026149909761 
59335.052567719889 
59332.192047962861 
59335.050326753328 
59332.199717826297 
59335.017995368005 
59334.997314504435 
59335.004835282554 
59335.022609203785 
59335.020890404463 
59335.039005144979 
59335.051978969830 
59335.051102897938 
59335.004741476921 
59334.971324105805 
59334.962391033470 
59334.999784576787 
59335.033223885715 
59335.044900259083 
59334.986287023923 
59334.964270374156 
59334.924757093060 
59334.898990386100 
59334.862503508957 
59334.887043556919 
59334.855793720082 
59334.836186941691 
59334.890969092048 
59334.869845689587 
59334.856459453382 
59334.858447038634 
59334.868735268850 
59334.806525536493 
59334.811445993517 
59334.925369748984 
59334.938759612618 
59334.917621398257 
59334.897978684719 
59334.978353464867 
59334.970514373985 
59334.921146046196 
59335.053561267443 
59335.044010532496 
59335.023040385568 
59335.051327649431 
59335.051907233894 
59335.058762671426 
59335.016670985664 
59335.023850198384 
59335.007597669755 
59334.986272667964 
59334.952106984303 
59334.954524168039 
59334.917038764754 
59334.964476411231 
59334.837879648177 
59334.922077319090 
59334.930576766856 
59334.916751605226 
59334.929216167271 
59334.963323151344 
59334.907205785676 
59334.895346088233 
59334.881734096620 
59334.894796868204 
59334.889372224847 
59334.884376901682 
59334.767743818426 
59334.783429099662 
59334.847811212807 
59334.844443005204 
59334.871455379413 
59334.765751362836 
59334.777761659621 
59334.782728832964 
59334.785769852235 
59334.753045732206 
59334.738800909559 
59334.793911094719 
59334.786421164412 
59334.816344653394 
59334.792762736055 
59334.823214218675 
59334.897801974184 
59334.884806490612 
59334.816742410731 
59334.884029671899 
59334.886923149803 
59334.878539430400 
59334.850452201354 
59334.868124616623 
59334.883694982687 
59334.905493541555 
59334.932557191605 
59334.928782334631 
59334.916464963564 
59334.902654079997 
59334.925549406747 
59334.943648080123 
59334.953947620314 
59334.939484060276 
59334.976286570956 
59334.977110753971 
59332.189966778729 
59332.193410499232 
59335.045698857139 
59332.215347852041 
59335.052099310706 
59335.050993752644 
59332.222388032787 
59332.205463853774 
59332.221321078170 
59332.212072587332 
59335.056349733990 
59332.255088825514 
59332.269066497851 
59332.249307402199 
59332.240545269022 
59332.234429459510 
59332.210780833397 
59332.314571556526 
59332.305399223216 
59332.291478768799 
59332.251066604462 
59332.231907505215 
59332.249984522037 
59332.249581484415 
59332.217808261012 
59332.225232133955 
59332.222349769800 
59332.213577013456 
59335.064025090309 
59332.207530801265 
59332.206742185161 
59335.061519357223 
59332.196274979513 
59335.010553715183 
59335.054160034088 
59335.032637257260 
59335.029706390422 
59335.019289173637 
59334.985319709434 
59334.986353597960 
59334.973014326322 
59334.904909950892 
59334.887032967890 
59334.901510027128 
59334.897036611117 
59334.887939239830 
59334.934673105650 
59334.942520415534 
59334.942553494700 
59334.956395352383 
59334.953735236639 
59334.965768904149 
59334.952475464444 
59334.943474552929 
59334.945973201546 
59334.955094043224 
59334.934160470599 
59334.976190430956 
59334.959951248551 
59334.951913205361 
59334.946782091276 
59334.916773869576 
59334.941630221409 
59334.922023255371 
59334.890275855665 
59334.920669126732 
59334.904548273211 
59334.892057737088 
59334.885912767582 
59334.913642444117 
59334.922686510996 
59334.997377272244 
59332.209045936943 
59332.203295656182 
59334.978963754518 
59335.070152905661 
59335.054887934450 
59332.213031050880 
59335.037006754566 
59334.986466077804 
59334.961835785449 
59334.920120265197 
59334.882553990559 
59334.908297621863 
59334.883109311530 
59334.907225077921 
59335.040083747743 
59334.959450763527 
59334.969238500598 
59332.209188839850 
59335.071432546065 
59335.065969809082 
59335.059819919836 
59332.191012075557 
59335.025959207429 
59335.055667372413 
59332.200318719551 
59335.016514399678 
59334.973485682378 
59332.195488323792 
59334.991095007623 
59335.026324434672 
59334.999450038107 
59335.046993166143 
59335.043178365326 
59335.036468409031 
59334.977300233986 
59334.921549367966 
59334.911111983653 
59334.881905789283 
59334.831604112624 
59334.851495666568 
59334.833081590368 
59334.829645072692 
59334.849942819528 
59334.866393304168 
59334.873427647835 
59334.867322763079 
59334.891306881334 
59334.890091152287 
59334.850036647324 
59334.900853023995 
59334.817776731834 
59334.932173591573 
59334.955430293601 
59334.957075177284 
59334.920353119669 
59334.935153020371 
59332.191304632142 
59332.217859455552 
59332.202928898536 
59335.059580410176 
59335.029806026840 
59335.013248907431 
59335.020156749262 
59335.009912821872 
59332.224144166736 
59332.229976884941 
59335.066033067640 
59332.240106516729 
59332.237280297755 
59332.195128985601 
59332.215816891578 
59335.071388233766 
59332.217819167578 
59335.029606023134 
59332.204095648034 
59335.064068607353 
59335.064605389234 
59332.192529374814 
59332.202313290582 
59335.029215351460 
59335.001661423681 
59332.191577325124 
59332.358724012855 
59332.228107915442 
59332.217884647696 
59335.057043099550 
59332.267590186748 
59332.290799624374 
59332.234426775940 
59332.209651150952 
59332.267265392533 
59332.276870975271 
59332.278343255857 
59332.263521299326 
59332.215645674805 
59332.243073544465 
59332.241257812449 
59332.215528647692 
59332.208589313188 
59332.220806304416 
59332.234527922694 
59335.070647196328 
59335.038968409492 
59335.025079019921 
59334.931277389660 
59334.913766212470 
59334.949671677350 
59334.925570931257 
59334.962989839754 
59334.963400011293 
59335.043044629194 
59335.049464467418 
59335.012805970371 
59334.997596998270 
59335.015923380015 
59335.012842157921 
59334.926237213644 
59334.902298207984 
59334.896444243168 
59334.849741532846 
59334.871661321653 
59334.903812545708 
59334.898466170685 
59334.957333768674 
59334.931680652939 
59334.921585839591 
59334.888290386232 
59334.916458780550 
59334.960280301268 
59334.958949852160 
59334.965279393102 
59334.965913121188 
59335.024179371336 
59335.035246211890 
59335.036761418902 
59334.933678929767 
59334.964105286810 
59334.943563238856 
59334.965292755893 
59334.974881001384 
59334.953980082995 
59334.929367220378 
59334.980242569793 
59334.941494268198 
59334.889318317772 
59334.890937250755 
59334.902674792029 
59334.882485758935 
59334.868071971279 
59334.864821977855 
59334.891900451759 
59334.971922558638 
59334.875106657586 
59334.881497585571 
59334.912388583623 
59334.877186011247 
59334.842930921950 
59334.920394090521 
59334.849724351741 
59334.869972859306 
59334.944554853864 
59334.906394346159 
59334.860959045749 
59334.827530929302 
59334.856478423608 
59334.816710189982 
59334.812187601230 
59334.798532652589 
59334.822595203994 
59334.802499283687 
59334.818345163236 
59334.849269485196 
59334.854430170679 
59334.857063269155 
59334.853159919941 
59334.857116232466 
59334.888611291033 
59334.915409767622 
59334.911334987759 
59334.908538923875 
59334.963156139827 
59334.961693761492 
59335.004075125187 
59335.000549913893 
59334.994293944292 
59335.045515126832 
59332.201774038491 
59335.019588976051 
59335.023070244511 
59335.015130718995 
59334.996128267041 
59335.001916227950 
59335.008985596498 
59335.042311593614 
59332.264565834630 
59332.261360231700 
59334.997254492017 
59335.020893553163 
59335.038521638948 
59335.029596965360 
59335.020701104178 
59335.026980801937 
59334.973373846937 
59334.962638743964 
59335.007784316098 
59335.024754473132 
59335.050738510654 
59332.210220409856 
59334.943529358839 
59332.260022931565 
59332.286032005031 
59334.937846078195 
59334.939090443579 
59334.940129309573 
59334.882990577360 
59334.894947285116 
59334.890501561757 
59334.818215105668 
59334.731792360748 
59334.686180861339 
59334.756382565138 
59334.774862856881 
59334.800398329295 
59334.813560109847 
59334.848605754043 
59334.887587387027 
59334.958938036463 
59334.976780357509 
59334.955195998751 
59334.944766898108 
59334.963153061057 
59334.955558401467 
59334.942804777493 
59334.936112695665 
59334.939934499555 
59334.946567507752 
59334.942620220441 
59334.937566073328 
59334.933758988125 
59334.937138918140 
59334.937451643164 
59334.920867868990 
59334.936981974060 
59334.908119137443 
59334.939690430314 
59334.918618913980 
59334.944585911930 
59334.956506354087 
59334.920766581927 
59334.891263916325 
59334.902231528569 
59334.895880291202 
59334.889405215661 
59334.882223840468 
59334.852547721493 
59334.858853997030 
59334.824483961216 
59334.833282564694 
59334.930780705734 
59334.929054395230 
59334.843145003964 
59334.850597191762 
59334.900792850043 
59334.919142764164 
59334.989655260782 
59335.004368675218 
59335.001821670972 
59335.018697048792 
59335.021182905482 
59335.014693788966 
59334.910978137006 
59334.928338295576 
59334.931495234319 
59334.924473719526 
59334.924429802115 
59334.911960648235 
59334.913432286514 
59334.870461876177 
59334.897688224220 
59334.903955874746 
59334.937733964187 
59334.869533358746 
59334.881449616289 
59334.926755251901 
59334.900339487591 
59335.016348067722 
59335.025723508988 
59335.029646967792 
59335.041442698828 
59335.047323066639 
59335.055117862350 
59332.288268535463 
59332.250646194298 
59332.248245252449 
59332.196548737156 
59332.200405827156 
59332.208875827397 
59332.276374972971 
59332.309308678399 
59332.304618115792 
59332.324220582028 
59332.265890608767 
59332.231833139413 
59332.250031177631 
59332.204807718488 
59335.017076986478 
59332.200391842860 
59332.240981850475 
59332.272203327841 
59332.280853764059 
59332.199827788136 
59335.051584094857 
59332.193890537514 
59332.238618739575 
59335.051816325009 
59335.009704712684 
59332.235639679246 
59332.194531895482 
59335.055692195383 
59332.191577956059 
59332.190925801537 
59335.042996536678 
59332.213327870930 
59332.336860718533 
59332.346907677616 
59332.327864658415 
59332.254733746056 
59332.243699105529 
59332.254933042197 
59332.311396392914 
59332.319403568530 
59332.357416272687 
59332.352773780993 
59332.307200044503 
59332.239446850057 
59332.312777370105 
59332.304896726251 
59332.320838388165 
59332.328806962243 
59332.317685536131 
59332.287779761966 
59332.351675559265 
59332.387252784778 
59332.453766894709 
59332.388896247605 
59332.375570204480 
59332.375825689502 
59332.419959034829 
59332.455244744800 
59332.298815617214 
59332.381127380111 
59332.384406002588 
59332.386347819163 
59332.433002746977 
59332.359784950990 
59332.315798586504 
59332.202300933131 
59332.366063143643 
59332.285180046332 
59332.347840676732 
59332.253008113796 
59332.249190508242 
59332.208995805238 
59332.519919835941 
59335.035022408461 
59332.190562200398 
59332.236785999725 
59332.229829945616 
59332.303112702313 
59332.283502595033 
59332.338917257912 
59332.362939727151 
59334.956667204693 
59334.961145716559 
59334.947987394793 
59334.963600340168 
59334.968944532280 
59332.191547688235 
59334.956163074079 
59335.000083215004 
59334.913163527664 
59334.883947710456 
59334.918465990209 
59335.031652526392 
59335.026106434329 
59334.940159624668 
59332.191651633308 
59332.242442687028 
59335.022253905518 
59335.028350994879 
59332.337084723309 
59332.259847003697 
59335.030989867148 
59335.037045797115 
59332.367060017241 
59332.250889744661 
59332.267122168698 
59332.316371632383 
59332.351775254305 
59332.338971861733 
59332.304128020762 
59332.205799715652 
59332.332355087347 
59332.330114583310 
59332.312271626004 
59332.329328454580 
59332.221684902739 
59332.225755342479 
59335.037054246524 
59332.219887576393 
59332.217373902262 
59332.416518549762 
59332.377495057161 
59332.253980167210 
59335.065685119800 
59332.231432807042 
59332.222061935594 
59332.238339204458 
59335.019467659040 
59332.205737594042 
59332.319128298339 
59332.266288085979 
59332.241206102721 
59334.836371407895 
59334.961357926964 
59334.830998745158 
59334.849858611640 
59334.844277014789 
59334.796936721061 
59334.917254072025 
59334.851161473598 
59334.792338801497 
59334.789125912997 
59334.905953573085 
59334.966162357036 
59334.959750925678 
59335.048533361121 
59332.211618206733 
59334.933730059471 
59334.944275020753 
59334.980984248061 
59334.983794719032 
59334.954493454039 
59335.017910658345 
59335.003733352016 
59334.846594580653 
59334.961637730928 
59334.965691470417 
59334.876985754694 
59334.759362582554 
59334.772200113970 
59334.760431089926 
59334.983566348099 
59335.020620578529 
59334.991862713003 
59335.034723026038 
59332.196461488697 
59335.067247596002 
59332.258453529772 
59332.337615170094 
59332.311886771233 
59332.230660304980 
59332.207389992080 
59332.298140966821 
59332.462482738294 
59332.507773882477 
59332.507231612304 
59332.484751325173 
59332.359765966932 
59332.409276063285 
59332.270479833671 
59332.250703192120 
59332.227693310131 
59332.344776279846 
59332.268737532460 
59332.252809850630 
59335.056408515178 
59332.202110941995 
59335.016510469628 
59335.011440057264 
59334.922650208813 
59334.952870454734 
59335.042912056197 
59334.984439112130 
59335.054468785005 
59332.283790746595 
59335.057863811198 
59332.256087684924 
59332.258479589342 
59335.030218238207 
59334.995895742708 
59334.960391385590 
59334.935064589154 
59334.977867108202 
59335.046871772633 
59335.034260314467 
59334.935573798597 
59334.929276151015 
59334.930796001623 
59334.927110639779 
59334.939887210086 
59334.927359428249 
59334.908128243245 
59334.884473442333 
59334.969492695614 
59334.947623964596 
59334.953396903475 
59334.938658673105 
59334.989933042671 
59335.027279642360 
59335.050240265591 
59335.035345019125 
59335.020740436063 
59334.976966359238 
59335.054542123144 
59334.951930086019 
59334.971384775352 
59334.962269467345 
59334.978977277868 
59335.029400949839 
59335.047849378134 
59332.231387264248 
59332.219699241010 
59332.293740058332 
59332.364212276327 
59332.286533884035 
59332.293885461026 
59332.296049248296 
59332.298649853110 
59332.285817169191 
59332.320809382894 
59332.216952959250 
59332.221921894117 
59332.281499436533 
59335.066152430198 
59335.041720548819 
59335.049570253090 
59332.214815039049 
59332.221663728931 
59335.051547749877 
59335.033581620140 
59334.986032905843 
59335.004293622922 
59335.007575078191 
59332.234625446777 
59332.210527053016 
59332.203047948540 
59335.009721618437 
59332.196751006108 
59332.201638954444 
59332.214261118250 
59335.045011824055 
59335.037419002350 
59335.006664196873 
59335.003951160863 
59332.196185896260 
59335.050347766592 
59332.244890075883 
59332.327600190256 
59332.226668091389 
59332.212790275335 
59332.295161636735 
59332.314733083324 
59335.048028111596 
59335.021358966827 
59332.235665609333 
59335.010724284613 
59334.988922287957 
59335.055790423947 
59334.991751383001 
59335.064053355782 
59335.068188510471 
59334.992998575915 
59335.055961330159 
59335.046511302899 
59332.244963918478 
59332.228733784090 
59332.268767245288 
59332.263898484242 
59332.232688228854 
59332.248631016693 
59332.288172785040 
59332.374512366427 
59332.315559662973 
59332.334577768197 
59332.440764730520 
59332.247895993474 
59335.069723731329 
59335.004844649746 
59332.198281506862 
59335.048787002401 
59335.046398373976 
59332.276384997254 
59332.293613483700 
59332.277725463820 
59332.381303683091 
59334.973931709072 
59335.043122682277 
59335.001510749666 
59332.234318894945 
59335.060303009624 
59334.978356572530 
59335.064212572790 
59335.046783323254 
59335.041896834002 
59332.200613023502 
59334.930154092996 
59334.882974499138 
59334.939639933087 
59334.879108351881 
59334.777400847750 
59334.862579848304 
59334.867413351894 
59334.874368994439 
59334.870824851721 
59334.861705486219 
59334.915728130036 
59335.002576419465 
59334.979161355266 
59335.015598902755 
59332.203620518820 
59332.265196691114 
59332.275303488590 
59332.227452715015 
59332.206763791255 
59332.237768984509 
59332.281627361917 
59335.052504142499 
59332.247212814858 
59335.004282027221 
59335.016661875365 
59334.972408923313 
59334.983075000287 
59334.997220738107 
59334.965398401895 
59334.933387512843 
59334.864918820123 
59334.867595035183 
59334.826403966763 
59334.840601090480 
59334.886494736682 
59334.732144091351 
59334.779264285513 
59334.838120449480 
59334.956586568835 
59334.974274828266 
59334.938907950454 
59334.985505497614 
59334.999914241474 
59334.968644166627 
59334.897372239677 
59334.795592842260 
59334.803995490540 
59334.856009023402 
59334.897409755213 
59334.895365208926 
59334.962384923499 
59334.979499327354 
59332.359499174156 
59332.308257045304 
59332.394014446872 
59332.389661181827 
59332.288996789597 
59335.068346715256 
59332.191625970561 
59332.282831712946 
59332.198514070355 
59332.216207872676 
59334.997539184958 
59335.030633090857 
59332.226230636734 
59332.303112774127 
59332.203246194804 
59335.054097838416 
59332.252908798335 
59335.033668328149 
59332.216482577402 
59332.255789452458 
59332.253458166539 
59332.257451269143 
59332.197384467247 
59335.051229293822 
59332.199459077361 
59335.064779339540 
59332.191518705047 
59332.262220202785 
59332.264715329671 
59332.273949592702 
59332.279455040974 
59332.317170157963 
59332.256635689024 
59332.222624396665 
59332.238265347143 
59332.244954372742 
59332.266581897660 
59332.285925800126 
59332.308305329534 
59332.361697052154 
59332.324410467809 
59332.283848807572 
59332.224697011807 
59332.192657687156 
59332.201673313662 
59335.040471678054 
59332.213717112951 
59334.969717867316 
59334.973891945527 
59334.981427060840 
59334.978646805634 
59334.960562421751 
59334.968350751253 
59334.951790886596 
59334.950208583468 
59334.978191460315 
59334.965825413907 
59334.979553272235 
59334.986264690779 
59335.020677274915 
59335.017602031650 
59335.007812790078 
59334.985833179140 
59334.980281611868 
59334.965553585294 
59334.924759345682 
59334.952353383895 
59334.975577442638 
59334.965172311495 
59334.933283587365 
59335.006652869510 
59334.963433869845 
59334.995354530678 
59334.974315740204 
59334.969432281097 
59335.012320132948 
59334.949277196290 
59334.891048523925 
59334.851180256839 
59334.848863570580 
59334.967749579613 
59334.899793343131 
59334.906959769207 
59334.910394509534 
59334.906674441889 
59334.842005363149 
59334.871395463932 
59334.725969936713 
59334.805527773322 
59334.886955100636 
59334.818008386843 
59334.850901851452 
59334.867339140306 
59334.891424127985 
59334.885715039658 
59334.858655291275 
59334.901429402540 
59334.915689537389 
59334.919907820316 
59334.906134300931 
59334.933578444899 
59332.197125467144 
59332.222326594368 
59335.009459723260 
59334.956948329855 
59334.957098043196 
59334.980627595047 
59334.982530678004 
59334.969412583734 
59335.026094788438 
59332.233806070763 
59332.328977764344 
59332.384416981877 
59332.402125760796 
59332.351887084988 
59332.384657652961 
59335.001558377757 
59334.995803784979 
59335.006613108715 
59334.990453984043 
59335.004570467172 
59335.038739270603 
59335.052002964097 
59332.205053201222 
59332.273242064410 
59332.221166726617 
59332.298872896048 
59332.300557720504 
59332.262957509956 
59332.224232415057 
59335.002092605733 
59334.979313888958 
59334.872667928932 
59334.947927245710 
59334.973849690519 
59334.960672051449 
59334.861280008867 
59334.783527113192 
59334.904355869381 
59334.890014685327 
59334.818939397672 
59334.915307119976 
59334.888535521997 
59334.820793003120 
59334.875935448559 
59334.966986647429 
59334.880830500733 
59334.893463686953 
59334.847062037574 
59334.866192731424 
59334.948130532830 
59335.003524603206 
59335.045524103640 
59334.976224919490 
59335.003354397442 
59334.939302441388 
59334.927883696742 
59334.946533998489 
59334.966785851153 
59334.985211784588 
59334.986327784471 
59334.913173977948 
59334.920733962339 
59334.858468818122 
59334.853568198698 
59334.729687337916 
59334.713544484672 
59334.536704379621 
59334.700650306004 
59334.578248568912 
59334.667610015960 
59334.566928767497 
59334.474946364528 
59334.579501326923 
59334.762916917774 
59334.744931833469 
59334.763894988886 
59334.741366064460 
59334.835601184859 
59334.795262303014 
59334.858019629530 
59334.872811594571 
59334.886161169030 
59334.868411155512 
59334.867663531171 
59334.852474093190 
59334.856879092193 
59334.863247365807 
59334.914840928483 
59334.864426293250 
59334.858149720130 
59334.871817604253 
59334.838308805425 
59334.851345055824 
59334.879626769027 
59334.875035129196 
59334.905265199523 
59334.913260602487 
59334.920490685261 
59334.919631980265 
59334.899673400258 
59334.901232785043 
59334.911623550288 
59334.913947396053 
59334.915790189283 
59334.899239240120 
59334.858515920780 
59334.866795388378 
59334.865287673092 
59334.866661788910 
59334.866062764115 
59334.872120732427 
59334.886067764623 
59334.876985462412 
59334.879025896422 
59334.871299709077 
59334.897091316758 
59334.887196382508 
59334.882113352738 
59334.874372443250 
59334.682579478511 
59334.690109965304 
59334.689122104566 
59334.745555850030 
59334.765819448308 
59334.749445190981 
59334.793370149098 
59334.778576150959 
59334.813114832301 
59334.832632341728 
59334.856620871295 
59334.738137225162 
59334.772683962910 
59334.763867577058 
59334.811404848428 
59334.800085531118 
59334.812300280384 
59334.855102063579 
59334.861017789364 
59334.890155937785 
59334.899555416327 
59334.929884086196 
59334.866463144514 
59334.873181762123 
59334.866629131953 
59334.990294826843 
59334.971083285644 
59335.047553303113 
59335.043930229091 
59332.212766823701 
59335.046242948760 
59334.974475900774 
59334.972263358628 
59334.973158119603 
59334.954306450651 
59334.950412487677 
59334.945686782674 
59335.003742409084 
59335.022348202430 
59335.061548436010 
59332.198782554748 
59332.194067496224 
59332.223962301323 
59332.191878023252 
59335.047669462423 
59335.049165339282 
59332.192818394891 
59335.063787960156 
59332.225319225465 
59332.224043353708 
59335.072659874844 
59335.036208273130 
59335.006156761738 
59335.012472145259 
59335.055206000980 
59335.035242935446 
59335.025808912396 
59332.218830532358 
59332.230426441834 
59332.256375795499 
59332.249113450365 
59332.208239019703 
59332.208106884194 
59332.228074576189 
59332.220768502499 
59332.193563407796 
59335.068910225309 
59335.077120734022 
59335.023519283255 
59332.254170655950 
59335.028714944405 
59335.027209469787 
59335.006363639681 
59335.018743326924 
59334.986937815134 
59334.977206627977 
59335.029045272924 
59335.032593974633 
59335.018269009655 
59332.207326482087 
59335.070779092624 
59332.190174040545 
59332.204268075853 
59332.200391885272 
59335.063566527941 
59335.055783002732 
59332.203171373796 
59332.212753080639 
59335.043865577536 
59332.248489322868 
59332.235122806524 
59332.230173619777 
59332.231354433934 
59332.230858256946 
59332.241720790276 
59332.226873184351 
59332.245183855768 
59332.229618841338 
59332.275844329844 
59332.284973111447 
59332.281883509590 
59332.244104752448 
59332.228575486042 
59332.226157758269 
59332.224422799729 
59332.241487802479 
59332.236676719149 
59332.242001372848 
59332.239871525984 
59332.232801614031 
59332.259837214828 
59332.256357908125 
59332.260214569425 
59332.259612795060 
59332.262380731634 
59332.260777581520 
59332.286422283185 
59332.238269841728 
59332.244635539661 
59332.242126609170 
59332.249294449124 
59332.247503628016 
59332.247099848741 
59332.247793471033 
59332.284948116867 
59332.312864040861 
59332.366065824775 
59332.354665520521 
59332.349009066311 
59332.342484347748 
59332.368399534898 
59332.274147260425 
59332.250917082420 
59332.261189093115 
59332.260116755497 
59335.047354079317 
59335.032620491802 
59335.053066688306 
59334.974388516217 
59335.039202520311 
59335.030586868830 
59334.964631211864 
59334.987922409891 
59334.963802601356 
59334.985118950841 
59335.012871140978 
59334.976124505039 
59334.970919653577 
59334.965166380178 
59334.942216072683 
59335.030319782076 
59335.035021917131 
59335.016130293756 
59335.011155597982 
59335.022725036586 
59335.034994155074 
59335.033204298939 
59335.058550555550 
59335.053874220699 
59334.975895383141 
59334.981232184269 
59334.990592034410 
59335.051023067499 
59335.049818732172 
59332.226761397797 
59332.226193068258 
59335.038983083272 
59335.013628615452 
59335.008498539173 
59334.997326082077 
59335.001282102923 
59334.986694695537 
59332.199443248530 
59332.239167206331 
59332.299155198045 
59332.294812685759 
59332.291017678115 
59332.296119103929 
59332.327431960264 
59332.288589412834 
59332.241523379023 
59332.245001143805 
59332.245122461864 
59332.192454016571 
59332.192435279714 
59332.306529137932 
59332.356166770340 
59332.280714936795 
59332.251481137268 
59332.210876996694 
59332.246211958278 
59332.234999152628 
59332.236975448985 
59335.011575549775 
59334.960194553656 
59334.983810924037 
59335.007567876120 
59335.002460700467 
59334.945581217333 
59332.207300252980 
59332.198153434736 
59332.284116639712 
59332.324853881502 
59332.277733246679 
59332.208737735513 
59332.201653907679 
59335.058226648529 
59335.052197425481 
59332.240814743396 
59332.212815741979 
59332.196124199421 
59332.208676731017 
59332.220194314054 
59332.233524291907 
59332.207752454284 
59332.248991793465 
59332.231319518469 
59332.253715128973 
59332.258425034517 
59332.248279790198 
59332.228330858241 
59332.240266687171 
59332.234086207995 
59332.246076397299 
59332.226282010008 
59332.194380046698 
59332.194712995617 
59332.195288076284 
59332.210378114032 
59332.210448159836 
59332.206909313158 
59332.194574893751 
59332.201539213544 
59332.204301386402 
59335.064834681492 
59332.191341749625 
59332.197030670635 
59332.196185271765 
59332.203900983528 
59332.209800120450 
59332.198533928196 
59335.067291258572 
59335.062567264911 
59332.197637914294 
59332.203424361192 
59332.210232964113 
59332.229234497325 
59332.231755574467 
59332.277091973869 
59332.267732319546 
59332.231822216672 
59332.252552209793 
59332.245638069726 
59332.244411490385 
59332.210965550825 
59332.226479171906 
59332.230110501194 
59332.250492337567 
59332.233264724564 
59332.255945390541 
59332.241700423590 
59334.944250668923 
59334.886604319276 
59334.870054643885 
59334.923422888256 
59334.961770428221 
59334.946883383331 
59332.276905778424 
59332.231126046863 
59332.318166130455 
59332.308761163978 
59332.253205077708 
59332.217583205798 
59334.974454929725 
59334.926851766701 
59334.973629113221 
59334.905109222411 
59334.981372264519 
59332.208679100768 
59335.061123370011 
59335.060311371075 
59335.052496587377 
59335.005725947689 
59334.894790633320 
59334.887362105117 
59334.888167074852 
59334.917163494021 
59334.960811701349 
59334.810375779780 
59334.970893469224 
59334.926293698518 
59334.944855651840 
59335.017905571556 
59335.034073847622 
59335.011710838822 
59335.051253708771 
59332.260049126824 
59332.326001455884 
59332.238684053227 
59332.316707265694 
59335.055003529960 
59334.982743201239 
59335.026028381522 
59332.216150250701 
59335.012769345485 
59335.054760940999 
59332.249342878364 
59332.196617501890 
59332.331076178169 
59332.230799624514 
59332.253628743732 
59334.974330507350 
59335.027404959335 
59332.237387411536 
59335.039963017683 
59332.312490870579 
59332.318505597876 
59332.236764544221 
59332.289989000659 
59332.264269883315 
59332.405425581317 
59332.373692019952 
59332.443151433850 
59332.425133190030 
59332.276666370533 
59332.310155278181 
59332.314124186218 
59332.236452704215 
59334.961107685216 
59334.935157485023 
59334.830974712109 
59334.914273092327 
59334.925274034511 
59334.900604726638 
59332.194729669172 
59332.329339337564 
59335.027303534087 
59332.314038847981 
59332.296088573836 
59332.261606005355 
59332.368678782557 
59332.360592011129 
59332.309491144610 
59332.192057409622 
59335.025556733555 
59335.010713984819 
59335.028201739027 
59332.218929211012 
59332.206859225371 
59332.210421737524 
59332.302632180959 
59332.231259297871 
59335.022165369512 
59335.055725142272 
59335.004587135038 
59335.001864097445 
59332.220090198622 
59332.320781387527 
59335.068211160004 
59335.014263632256 
59332.289355825233 
59332.261522756431 
59332.285091788370 
59332.309359539751 
59332.224058735264 
59334.992979297946 
59332.198321532196 
59332.208674636480 
59332.201144773986 
59335.056247572466 
59335.068056440177 
59335.055875215730 
59332.199011256729 
59332.191145573670 
59335.073618868752 
59335.016517473072 
59334.957820509764 
59334.892151969812 
59334.903226615781 
59334.901567122390 
59334.949228306250 
59334.957738393088 
59334.981120869874 
59335.031727292502 
59335.002998907679 
59332.249090552767 
59335.058283370156 
59332.219789724310 
59332.190845264340 
59335.050501564430 
59332.192298909249 
59332.192137542210 
59332.255689875812 
59332.208210130550 
59335.050190335263 
59332.267234838080 
59332.204940084244 
59332.259559614853 
59332.260135044133 
59332.355294042325 
59332.380287978885 
59332.319540912744 
59332.382095334258 
59332.367993078449 
59332.352271942749 
59332.282900740800 
59332.332395347337 
59332.312692888539 
59332.201963960222 
59335.019618150502 
59334.978653020888 
59334.934148000924 
59334.912042171331 
59334.906429966752 
59334.951514787324 
59334.940623338465 
59334.934010687044 
59334.952076612804 
59334.959040032496 
59334.921642111352 
59334.990190007615 
59334.906521070334 
59334.948491446885 
59334.976751577196 
59334.979068422981 
59334.949315852282 
59334.937100772164 
59334.943441297772 
59334.950684027128 
59334.934858874367 
59334.880830501876 
59334.837402590259 
59334.818683348429 
59334.726849842897 
59334.836996621256 
59334.878286204643 
59334.875588760406 
59334.799067968219 
59334.841784944663 
59334.932233914631 
59334.932929966795 
59334.949810736223 
59334.946869173276 
59334.940457211749 
59334.898771384047 
59334.890452113832 
59334.920256065503 
59334.792837957903 
59334.890321683306 
59334.892470956780 
59334.917452496615 
59334.886388222149 
59334.905703425575 
59335.035634570937 
59335.044357885621 
59334.961006225334 
59334.952070780899 
59334.980517196040 
59334.995970945994 
59334.988687950587 
59334.998949432491 
59335.003717617852 
59334.989484232967 
59335.059735946801 
59332.272884256046 
59332.251655415974 
59332.288631942538 
59332.225734390639 
59335.058409544319 
59335.032272178476 
59335.026943322780 
59335.009766596464 
59334.998041738749 
59332.195205823809 
59335.004539492598 
59334.949623590677 
59334.937302395410 
59334.926169622457 
59334.948931635146 
59334.955191682158 
59335.020335672765 
59335.027179241675 
59332.194817869677 
59332.208900123871 
59335.057714048206 
59334.991538365182 
59334.990135286702 
59335.052280306736 
59335.019778732349 
59334.988808788185 
59335.019615016936 
59335.027788438856 
59332.208441606228 
59332.209245753496 
59332.197641353989 
59335.056715098071 
59332.197582673856 
59332.198017521318 
59332.222619324173 
59332.195092088245 
59335.024571620015 
59335.033610540617 
59332.195584701047 
59335.048403418186 
59335.028940254626 
59334.955319189372 
59334.950698679859 
59334.929822588863 
59334.930738402603 
59334.942187545181 
59334.931750975535 
59334.946065992641 
59334.958124476507 
59334.932226415942 
59334.932283173541 
59334.959228086722 
59334.996512138023 
59335.005845322652 
59335.005326830731 
59335.009563885869 
59334.998200954316 
59335.049608653710 
59335.047415008674 
59335.038225618657 
59335.055510338185 
59335.051002551358 
59335.047212885082 
59332.194964980954 
59335.050032355612 
59332.272109342790 
59332.261705921068 
59332.259545631983 
59332.268043703181 
59332.263824064212 
59332.219713183309 
59332.246138520051 
59335.000805441101 
59334.955315434127 
59334.956885377847 
59334.954131274470 
59334.962768403828 
59334.958922254766 
59334.960287082366 
59334.975729685699 
59334.942253955553 
59334.959237163508 
59334.997421970780 
59334.995991118238 
59334.994518491054 
59335.008680452869 
59335.037682269045 
59334.994546586873 
59335.001892512068 
59335.006938017526 
59335.022839559431 
59335.028759783556 
59334.995624330761 
59332.194373247301 
59332.297780812361 
59332.297780812361 
59332.255278515891 
59332.243783957281 
59332.332638462693 
59332.339283696849 
59332.306501456304 
59332.326514624743 
59332.300828347346 
59332.225648008294 
59332.249603209202 
59332.341290387834 
59332.272451362871 
59332.254146712788 
59332.204540822277 
59334.986698991663 
59332.198932595202 
59335.070930687856 
59332.205276172892 
59332.229889352420 
59332.300571621658 
59332.292836759123 
59332.317287528655 
59332.305479955139 
59332.294881754060 
59332.263215784500 
59332.260002630122 
59332.305118684249 
59332.354505061456 
59332.327111845683 
59332.276562389816 
59335.007766658324 
59332.322015502694 
59335.059093587770 
59332.225522555607 
59332.203276756140 
59332.200043180768 
59335.057156276074 
59335.065930522003 
59335.072899714913 
59332.230278653034 
59332.360330481926 
59332.315058122709 
59332.341367608009 
59332.280301119172 
59332.281134442266 
59332.366156988901 
59332.309387900867 
59332.269337915022 
59332.315935612758 
59332.253341746225 
59332.312112718530 
59332.323477224207 
59332.322241043883 
59332.297665115286 
59332.334495514988 
59332.343703362400 
59332.230453156670 
59335.054722860608 
59332.211820232515 
59332.190061978508 
59335.021383140389 
59335.031362258364 
59335.030976256443 
59335.020088632860 
59335.036001647917 
59334.895297585907 
59334.944866694037 
59334.921983398504 
59334.946802435530 
59334.935343415425 
59334.923916371110 
59334.927594085086 
59334.944029413142 
59334.948752113087 
59334.948820355225 
59334.943172424260 
59334.944020843352 
59334.928028825329 
59334.940750497241 
59334.948051764142 
59334.962483900570 
59334.981502070899 
59332.214753386143 
59334.989075843725 
59335.013846802525 
59334.977694709887 
59334.964478073343 
59334.852300306753 
59332.199569808363 
59335.059836600907 
59334.931980364170 
59334.918535457284 
59334.930036337428 
59334.894905865505 
59334.917305616618 
59334.865527704424 
59334.779977966573 
59334.849346041126 
59334.868938620304 
59334.777445276806 
59334.938149266934 
59334.981792155602 
59335.022569194640 
59332.196818865465 
59335.017181813440 
59334.915260495880 
59334.916374881330 
59334.942799769888 
59334.972574714840 
59335.047244699970 
59332.206575107302 
59332.224561595496 
59332.264905141339 
59335.065411511474 
59334.917002469367 
59332.226619600260 
59332.260022512164 
59332.392715022026 
59332.307470835141 
59332.310203663910 
59332.207118163431 
59332.226843723824 
59332.251786052591 
59332.348235245248 
59332.347939639185 
59332.483182683267 
59332.233714700218 
59332.361877235504 
59332.358981431877 
59332.312481960733 
59332.398010174526 
59332.353627454635 
59332.294537766640 
59332.204969208666 
59332.214900015249 
59332.288495959947 
59332.303126818588 
59332.255631593514 
59334.998885488210 
59332.193580616717 
59332.214834325496 
59332.227221417059 
59334.993565925361 
59334.981635027842 
59334.980705115624 
59334.942291702042 
59334.925013567532 
59334.978277800052 
59334.945800704299 
59334.887360602523 
59334.864940378735 
59334.763930304514 
59334.792100467464 
59334.863165381794 
59334.829142707917 
59334.791253537194 
59334.832390009789 
59334.839146778475 
59334.925178513578 
59334.844704894182 
59335.064807320836 
59332.207020765825 
59332.251531621732 
59334.966998588454 
59334.961353685787 
59334.930403961669 
59334.929477704914 
59334.965529459769 
59334.963402164714 
59332.204891783535 
59335.062330656350 
59335.042609213859 
59332.329406721321 
59332.327011766247 
59332.298743552237 
59332.218973201358 
59332.390729426101 
59332.373376464893 
59332.269968433684 
59332.276454724219 
59335.013536253980 
59334.911471507839 
59334.910643400231 
59334.998616903569 
59334.936833967928 
59334.994935666924 
59334.914062932701 
59334.921736524790 
59334.946433133657 
59334.958853816861 
59334.877694390198 
59334.807278414381 
59334.956346492698 
59332.236607398001 
59332.215708951844 
59332.274513189448 
59332.307253644096 
59335.070825472911 
59335.015055296404 
59335.025194960668 
59332.253927297883 
59332.218968318230 
59332.220148997279 
59332.285423893496 
59332.281440156192 
59332.329987184101 
59335.012556587018 
59332.210955634931 
59332.284646229709 
59332.365369742991 
59332.259425136661 
59332.230480328719 
59332.284767843819 
59335.045500985812 
59332.196555943927 
59332.231571745797 
59332.273512570035 
59332.321526936525 
59332.237092793352 
59332.274386449215 
59332.223246072535 
59335.046028471639 
59332.220471458342 
59334.991484790968 
59335.020267512060 
59334.965528654284 
59332.250930236973 
59335.004430780253 
59334.893343147982 
59334.920266683752 
59334.977954215639 
59335.006193478774 
59335.063559769202 
59332.196746688183 
59332.225376886490 
59335.064994909859 
59332.210770251135 
59332.244784455004 
59334.996437306450 
59335.046921837857 
59332.272699146051 
59332.372301996875 
59332.414821261445 
59332.511516553386 
59332.329481464913 
59332.406635760526 
59332.384773798454 
59332.489994636031 
59332.342278071010 
59332.347365370668 
59332.377934571632 
59332.370328486562 
59332.296580606744 
59332.303619683160 
59332.195569816518 
59335.066601857674 
59335.032895907767 
59335.050208489156 
59335.041253266820 
59332.203792275686 
59332.205012756858 
59335.049254071579 
59335.032874074706 
59335.051567560440 
59332.199474059686 
59332.194543779660 
59335.006913111669 
59335.022194296442 
59332.227633864954 
59334.988902840836 
59335.016505326807 
59334.961686445167 
59334.883809835141 
59334.918099757058 
59334.913331105439 
59334.879068540373 
59334.907299529317 
59334.897552638984 
59334.939304425963 
59334.954545264183 
59334.957332950231 
59334.967378741952 
59335.019632974916 
59332.196584387377 
59335.047647180509 
59335.010058039908 
59332.216352519186 
59332.197276423038 
59332.239330221739 
59335.038805293094 
59334.949866195173 
59334.886086570230 
59334.989048763426 
59334.920758238557 
59334.971179554850 
59334.999700442189 
59334.998376374708 
59335.006815892462 
59335.017839750399 
59335.012792727233 
59335.036737902388 
59335.015358325487 
59332.219781889049 
59335.055598564933 
59334.865989801794 
59332.290199268427 
59332.248923909217 
59332.333182790666 
59332.346234347860 
59332.252135285999 
59332.279949039563 
59332.203510130093 
59332.261204558999 
59332.271925805275 
59332.315228986539 
59332.291196960767 
59332.310503553868 
59332.240359988624 
59335.043590766516 
59332.363195744474 
59332.224602580020 
59332.276176045852 
59335.030008792630 
59335.036502663141 
59332.251127732889 
59332.334845592224 
59332.255354428904 
59332.278892616690 
59332.266812769478 
59332.258935802100 
59332.260820451134 
59332.436838964975 
59332.336870091072 
59332.336667930715 
59332.224367830539 
59332.321260768134 
59332.300912405524 
59334.966245679039 
59334.969441298119 
59335.038715577262 
59334.911585692171 
59334.959444707783 
59335.039453104269 
59334.974714064199 
59332.211509188732 
59332.215770348150 
59332.261972467997 
59332.296054535123 
59332.318993212066 
59335.025993888288 
59332.290981450482 
59332.231284799840 
59332.222897331609 
59332.201321863358 
59332.205431462789 
59332.237276012129 
59332.382528115188 
59332.204779285617 
59335.042440918201 
59334.993988211369 
59334.968820982169 
59334.866275052453 
59334.969954077140 
59335.027841794334 
59332.233752017404 
59332.271745087652 
59332.332607361226 
59332.342469478848 
59332.327702938477 
59332.467527004534 
59332.423331100043 
59332.385673300872 
59332.331319351411 
59332.229002226100 
59332.229615457327 
59335.056666772376 
59332.209492441958 
59332.294682395637 
59332.295501817593 
59332.252920396350 
59332.224859415146 
59332.249876929469 
59332.230609830585 
59335.051711755463 
59335.030399907388 
59334.990052014153 
59332.251585673846 
59332.214358126381 
59332.215067424651 
59332.213538780248 
59335.086798735727 
59335.086520931785 
59335.026965004421 
59332.274358925839 
59332.300351270329 
59335.037208779162 
59332.216818082277 
59332.243038522211 
59332.269604184039 
59332.206095685804 
59332.239546457058 
59332.232543389808 
59332.314592661372 
59332.253268553482 
59332.282581719315 
59332.244546711161 
59332.310566371620 
59332.266753642747 
59332.269673713323 
59335.014338551846 
59335.030574797864 
59335.024067690189 
59335.026711487240 
59332.203567465804 
59332.220149916902 
59335.071857714669 
59334.998638129910 
59334.982995303166 
59334.950958614732 
59334.975408743456 
59335.007044289050 
59335.032474502019 
59335.001948166500 
59335.021340534950 
59335.055141914439 
59335.056588517800 
59335.063589615529 
59335.064093310320 
59335.053417240655 
59335.048991138312 
59335.072559335618 
59335.014205672684 
59335.007382328869 
59335.058189869378 
59332.206402999131 
59332.250870479162 
59334.991152365328 
59335.033229007735 
59332.193040222810 
59332.273520877512 
59332.243495986178 
59332.201523945303 
59335.028453099701 
59335.029687451846 
59335.026232627701 
59335.037284786333 
59334.910691691563 
59332.204107389109 
59335.005368256512 
59334.963329489801 
59334.919323739050 
59334.884951383669 
59334.915132692302 
59334.912300436197 
59334.916351505039 
59334.959051370657 
59334.974599298337 
59334.966912695250 
59335.000229854893 
59335.038635079931 
59332.261067362022 
59335.009240871514 
59334.834985315778 
59334.820183473334 
59334.923441985673 
59334.898463846279 
59335.033162145301 
59335.080064599802 
59335.007486130562 
59334.882609592161 
59334.883783052908 
59334.893897543901 
59332.252926518900 
59332.197570222328 
59334.975565672503 
59335.040908699746 
59335.018814563868 
59334.975603183862 
59335.014666968709 
59334.980946133976 
59334.988152503909 
59335.026696700574 
59332.306794941476 
59335.058068068720 
59332.224119120408 
59332.340360515489 
59334.999324795826 
59335.036699610791 
59335.043097980903 
59335.054127872863 
59334.995253235640 
59334.959522653393 
59334.872796775577 
59334.895837363401 
59334.901555883727 
59334.916413792627 
59334.949201055606 
59334.958094972637 
59334.913366610999 
59334.902140019491 
59334.894859835600 
59334.919165153267 
59334.895034079927 
59334.746842827073 
59334.768308035003 
59334.712503283132 
59334.906421012129 
59334.922014454292 
59334.967908664912 
59334.801791149497 
59334.987141755628 
59332.211769221038 
59332.475337858683 
59332.360204451586 
59332.346947830265 
59332.463919656446 
59334.992525533140 
59334.917187349027 
59334.972792080313 
59332.200235225580 
59334.965742989174 
59335.065251310785 
59335.036297256644 
59332.373571492310 
59335.060139814253 
59335.054014572430 
59332.240141160801 
59332.234279633689 
59332.297423355172 
59332.415427867083 
59332.236851841990 
59332.307756283131 
59332.397934809160 
59332.329731576705 
59332.291739416200 
59332.333190077479 
59332.363284177809 
59332.343078264275 
59332.196975586579 
59332.436372123142 
59332.466168214902 
59332.499549490531 
59332.408555178874 
59332.239368964925 
59332.259333410875 
59335.035784165026 
59335.042657807142 
59334.984893552304 
59335.019446026228 
59332.200145498413 
59335.051803165668 
59332.227234169783 
59334.978783859951 
59334.958366082472 
59334.989967124115 
59334.947386477143 
59334.880093112719 
59335.013278993945 
59334.903841623556 
59334.878294993250 
59334.871788476623 
59334.932160576915 
59335.016976835614 
59335.027518765164 
59335.051335515687 
59335.020058864749 
59335.029347154115 
59332.198209670147 
59335.048581865718 
59332.190494224669 
59335.002025067399 
59332.207214771413 
59335.015898094527 
59335.037711391204 
59335.038481497249 
59335.037573793437 
59335.021414798925 
59332.219653573426 
59335.008306667813 
59335.042524559074 
59334.904453406263 
59334.936908994809 
59334.944047534984 
59334.943927567052 
59334.923780965895 
59334.902509398962 
59334.852946751438 
59334.883447289052 
59334.879189663188 
59334.847540552182 
59334.824218357106 
59334.850587756227 
59334.844118399968 
59334.864476161601 
59334.843941737541 
59334.818283694323 
59334.827181195535 
59334.845374518227 
59334.895956893568 
59334.888867062524 
59334.833415218927 
59334.855522005411 
59334.894559443412 
59334.982381331327 
59334.950077999842 
59334.996589925555 
59334.992763445043 
59334.952553963645 
59334.915751214474 
59334.923697197897 
59334.900426689353 
59334.941202556911 
59335.010398336824 
59335.043486319235 
59335.025954805060 
59335.004370048773 
59332.190981480700 
59332.190945216906 
59335.033514856354 
59334.946662312825 
59335.015352683666 
59335.027814586152 
59335.051358427801 
59335.063076570579 
59332.257082109361 
59332.205155242780 
59332.300059219124 
59332.263343122962 
59332.308462646884 
59332.432394229210 
59332.342375041473 
59332.322835444655 
59332.334430274306 
59332.415179648880 
59332.268160953397 
59332.290723528335 
59332.276492282028 
59332.370512006601 
59332.334564969569 
59332.473528478920 
59332.261808849835 
59332.215788794936 
59332.315766553562 
59332.249756917619 
59334.983292049314 
59334.972038976004 
59334.876754594748 
59334.918327358107 
59334.953966094748 
59334.957799536256 
59334.960262300534 
59334.957881206152 
59335.030849440780 
59334.946026015008 
59334.901795836493 
59334.901792531069 
59334.935103611620 
59334.809998638513 
59334.944798306722 
59335.000056250705 
59334.981096749092 
59335.055255925596 
59334.988212082593 
59332.280514411425 
59335.028280771927 
59335.023846247088 
59332.221309495049 
59332.216908399743 
59335.071984785100 
59334.944660305118 
59334.924534200181 
59334.930905589259 
59334.951681817271 
59334.951271574086 
59334.948451884040 
59334.935010317473 
59335.014624721611 
59335.017335569210 
59332.191030567970 
59332.231620848608 
59332.263705517275 
59332.195696767099 
59332.228889046921 
59332.197400379737 
59335.070958432923 
59335.057052997014 
59335.028105267367 
59334.985847082215 
59334.988142344322 
59334.974619059663 
59334.937258443751 
59334.879473721128 
59334.874309426923 
59334.927438564417 
59334.942854469831 
59334.937815225785 
59334.938702133979 
59334.962407756233 
59335.010890431411 
59332.313586353208 
59332.304305731312 
59332.288069420865 
59332.368819274045 
59332.324480876174 
59332.328221837612 
59332.411963112630 
59332.420778572727 
59332.283435045974 
59332.206049408145 
59332.196655118212 
59332.191700503005 
59335.047834383957 
59334.922999303439 
59334.937390471750 
59334.963896758985 
59334.995923368995 
59334.837654216026 
59334.849238073009 
59334.769875349441 
59334.734749640971 
59334.738951517604 
59334.733774169050 
59334.754414907111 
59334.789291832480 
59334.827052601264 
59334.924470566664 
59334.830164931547 
59334.828707424494 
59334.833409565654 
59334.855426575530 
59334.854731120708 
59334.838728384493 
59334.790989752371 
59334.809898598214 
59334.881758046409 
59334.805155271599 
59334.732160356354 
59334.722652330129 
59334.702844919004 
59334.609163695641 
59334.625068442852 
59334.669813095141 
59334.711572132961 
59334.720784372868 
59334.732381246191 
59334.742162964270 
59334.721817502133 
59334.684412421280 
59334.737410033922 
59334.807949030546 
59334.849476902120 
59334.908260540622 
59334.756400486767 
59334.695345515596 
59334.871929948138 
59334.913205743549 
59334.942972575554 
59335.036141402627 
59334.984674209263 
59334.979320645907 
59334.866795487163 
59334.853316908193 
59334.916606318955 
59334.930018056788 
59334.992393205292 
59334.996430411149 
59335.053413040405 
59332.237869768527 
59335.014522966820 
59334.967809510788 
59334.931130121739 
59334.944716570732 
59334.943233616053 
59334.941289778719 
59332.201409017667 
59334.975733961641 
59335.026717957357 
59334.901491423916 
59334.936600043868 
59334.880757980609 
59334.956266000780 
59334.945224369199 
59334.987590202880 
59335.008837726113 
59334.991357405044 
59334.998712820103 
59334.932237658271 
59334.906863842392 
59334.941575770572 
59334.939130041559 
59334.983847816919 
59334.931012027948 
59334.943206730321 
59335.003339391136 
59334.984234735370 
59335.010065837327 
59334.978440056999 
59334.982645980694 
59334.983429419837 
59334.994352353177 
59334.984391976272 
59335.002990928580 
59334.996010756025 
59335.032316834571 
59335.031768370420 
59334.994784344897 
59335.016465269000 
59335.009291784227 
59335.016492032657 
59335.016481184983 
59334.990647556122 
59335.023948805319 
59335.017662232523 
59335.011592602721 
59335.027665751142 
59334.996604407177 
59334.920906533756 
59334.915807994206 
59334.834668182295 
59334.871741323877 
59334.888356786782 
59334.961521205281 
59334.982614430111 
59334.930826064221 
59334.987501753189 
59334.928309978764 
59334.920602692786 
59334.955310176076 
59334.945969060595 
59334.966168518105 
59334.939934210212 
59334.933640660798 
59334.943373103088 
59334.966781580661 
59335.022662297866 
59335.015565642076 
59334.996835477068 
59335.011832295560 
59335.012751568065 
59335.030401588847 
59335.051160731156 
59335.018135462320 
59334.918763822840 
59335.009785887778 
59332.379784971126 
59332.203971086572 
59334.980985737137 
59334.973895277704 
59334.991959516461 
59334.953448731321 
59335.022028079875 
59335.045068152838 
59334.992358927913 
59332.206444152849 
59332.199497937945 
59332.206040299745 
59335.054269819986 
59332.288661523657 
59332.387323383053 
59332.288781376672 
59332.295821809013 
59332.333618747041 
59332.238628342428 
59335.078594717183 
59335.005080117589 
59335.003815919190 
59334.914969023790 
59334.951135787276 
59334.885363962312 
59334.997010974206 
59334.861948101679 
59334.976978869221 
59334.988312131660 
59334.966812829858 
59335.070809165969 
59334.816802832283 
59334.887035737200 
59332.246435328583 
59335.020082478011 
59334.908231116824 
59334.892003571265 
59334.907063034829 
59334.805418624339 
59334.874811475252 
59334.963475214259 
59334.989656087710 
59335.040978197198 
59332.268603845667 
59332.396204755059 
59332.370063530892 
59332.373761856288 
59332.239092221855 
59332.272292546608 
59332.491810065600 
59332.538614121135 
59332.335095154041 
59335.042731173548 
59332.200538107390 
59332.227248997166 
59332.226681933673 
59334.973582716979 
59335.003036607748 
59335.024312466725 
59334.976398372644 
59334.883193215654 
59334.953099870509 
59335.008431073788 
59335.004265578224 
59335.010648429226 
59332.246426596532 
59335.073135024628 
59335.017177429203 
59335.045604080915 
59335.004972809867 
59335.033745105458 
59335.006814090331 
59334.993633789614 
59335.016219745135 
59335.016219745135 
59334.856523349263 
59334.863397093803 
59334.878316635761 
59334.941882355808 
59334.930523997806 
59334.943203350333 
59334.842891114014 
59334.914871274537 
59334.859133986836 
59334.864793923312 
59334.901552209456 
59334.883256408953 
59334.852293285025 
59334.941056992138 
59334.921096067323 
59334.956738044326 
59334.934428219880 
59334.897783086468 
59334.906253287241 
59334.914406711847 
59334.931856354597 
59334.942980859712 
59334.948395582025 
59335.011906981934 
59334.979590708332 
59335.004211175743 
59334.985558078886 
59334.940259153744 
59334.975163330382 
59334.929405778326 
59335.023716574855 
59335.024176294894 
59335.022651624939 
59335.009226074457 
59335.045038896016 
59332.192069523917 
59335.055599616069 
59335.046586440687 
59335.065509888191 
59335.033374817176 
59335.078744216691 
59332.250831030826 
59332.293384796190 
59332.284573307079 
59332.232568236810 
59332.233211025639 
59332.223815383724 
59332.236538615602 
59335.000767542202 
59334.995154996235 
59335.078153693270 
59332.244772946113 
59332.371292651020 
59332.368214369577 
59332.219258337573 
59332.300844386249 
59335.075515139841 
59332.253095560925 
59335.065844284072 
59332.198287174375 
59332.217888355735 
59335.060160040732 
59335.034538069674 
59335.041938446600 
59335.048187973232 
59332.209732909963 
59332.198555315073 
59335.059181228447 
59332.190777903772 
59335.069664147966 
59332.252816707543 
59332.236278369652 
59332.217278215547 
59332.268850969776 
59335.036993278343 
59332.219193462333 
59332.203888412332 
59332.248254948543 
59332.249004580866 
59335.056433185375 
59332.226283521610 
59335.029672310498 
59335.038005117603 
59332.228804824190 
59335.048881208306 
59335.051649539615 
59335.026753938357 
59332.205752291709 
59334.994892342707 
59332.253160319451 
59332.258183199119 
59332.285296939626 
59332.371602824329 
59332.266855226233 
59332.303148684645 
59332.292850635160 
59332.237685960012 
59332.226654754057 
59332.284921116523 
59332.261201993868 
59332.350360760771 
59332.298145930923 
59332.310230071751 
59332.322830239784 
59332.342625109857 
59332.247675317019 
59332.239146392028 
59332.248452317755 
59332.233639305436 
59332.242251441348 
59335.011541302330 
59332.235265139643 
59335.042905175949 
59332.282649115048 
59335.048197643795 
59334.966672690323 
59334.932219470793 
59334.911783508651 
59334.917644296758 
59334.939736735127 
59334.845713826893 
59334.674139244249 
59334.817365330207 
59334.875763331329 
59334.819468297894 
59334.783534743430 
59334.803803689581 
59334.805567581367 
59334.788722465208 
59334.856604095803 
59334.832629884244 
59334.832560309587 
59334.844123948766 
59334.836791078880 
59334.886330026136 
59334.900218480230 
59334.805995154980 
59334.831262387757 
59334.819781827435 
59334.784633445750 
59334.823720856111 
59334.602052198570 
59334.643487587527 
59334.712635592288 
59334.810885504805 
59334.859258432589 
59334.832787241554 
59334.838057775924 
59334.717815599797 
59334.518993642116 
59334.788569349388 
59334.714184565062 
59334.593067114918 
59334.681884181817 
59334.588324041237 
59334.682509795683 
59334.581723405849 
59334.664514052449 
59334.765657672448 
59334.773058738276 
59334.823221650935 
59334.750902321481 
59334.761426005527 
59334.832647263640 
59334.760100767344 
59334.713293674125 
59334.709066110197 
59334.677276603150 
59334.679020902076 
59334.679112635269 
59334.656001202995 
59334.699827204124 
59334.609011373272 
59334.699232439860 
59334.714124432874 
59334.642677278287 
59334.616557595553 
59334.692207803266 
59334.673610909587 
59334.669002642404 
59334.593932453739 
59334.596570861031 
59334.595956536956 
59334.679443633460 
59334.777093704433 
59334.491990807714 
59334.411914605174 
59334.740437496759 
59334.742616982599 
59334.764236112307 
59334.769480969881 
59334.739950112875 
59334.710542828274 
59334.697750784107 
59334.668285284250 
59334.717390713813 
59334.733796494176 
59334.690247126637 
59334.694596634901 
59334.736729493859 
59334.726939801498 
59334.687521564643 
59334.708487231343 
59334.707118402221 
59334.690404708046 
59334.754817733199 
59334.705474072725 
59334.667346873779 
59334.703540750073 
59334.650624328402 
59334.707943318084 
59334.753074164531 
59334.677141034947 
59334.693697404648 
59334.746574999539 
59334.775552072642 
59334.783249838918 
59334.728617400600 
59334.716518858579 
59334.768489690185 
59334.774277889905 
59334.808993124054 
59334.733602512519 
59334.812535849422 
59334.830624844413 
59334.777940187050 
59334.791773622368 
59334.780789984572 
59334.781672196732 
59334.779013897372 
59334.770452855890 
59334.752988974898 
59334.815204183345 
59334.728651533034 
59334.805948294925 
59334.880276475385 
59334.833507894837 
59334.853094737759 
59334.858887775947 
59334.860162032055 
59334.815129533170 
59334.857685855997 
59334.887755277770 
59334.881939746418 
59334.883125048298 
59334.887642918417 
59334.898767491308 
59334.893417547690 
59334.845742528480 
59334.837546226430 
59334.853062075235 
59334.889886335019 
59334.843046530354 
59334.817570152809 
59334.849687182788 
59334.891149284122 
59334.895724488801 
59334.888913198520 
59334.888829961026 
59334.880301546022 
59334.865219593230 
59334.929806451466 
59334.922733650630 
59334.957274069995 
59335.056338394068 
59335.024668971280 
59335.051698032279 
59335.047038251847 
59335.035700901186 
59335.047310342248 
59332.196738876730 
59332.193114580514 
59332.202344951846 
59332.264507767031 
59332.257097504633 
59332.239685457665 
59332.228263438490 
59332.210463165487 
59335.046537493057 
59335.038729125336 
59332.195230086065 
59332.231662545171 
59332.190994009921 
59332.243123898945 
59332.224522635734 
59332.195869750591 
59335.003365450662 
59335.041392784107 
59335.039968882520 
59334.998314240598 
59334.995292235442 
59335.005143196278 
59335.013777292479 
59335.030095174399 
59335.032921744896 
59335.045977867194 
59335.018303810102 
59335.007612109832 
59335.002866720592 
59332.194193306095 
59335.019289625212 
59332.193103581667 
59335.045839247585 
59335.014347165481 
59335.038375674645 
59335.038990337984 
59335.043996322784 
59332.192332002480 
59332.319506879758 
59332.285349067599 
59332.192222327802 
59335.008933414727 
59332.202359989373 
59335.045040641155 
59335.032481975897 
59335.054307492159 
59334.996979347350 
59332.227338377765 
59334.985047191389 
59334.817235406605 
59332.204238925886 
59332.218461520199 
59332.222363675588 
59334.888159427523 
59335.064693803630 
59334.962921812890 
59334.970482907091 
59334.998602478197 
59334.992911968438 
59334.978259453666 
59334.956506023766 
59335.017163849225 
59335.072095985532 
59335.048782346486 
59335.033931700105 
59335.039251470931 
59335.042103562249 
59332.208428607220 
59335.070789603691 
59332.272762876695 
59332.310958038492 
59334.934891213117 
59332.298593337924 
59332.262971886958 
59335.058780508421 
59332.260514180518 
59332.243863287171 
59332.216242032264 
59332.241344143753 
59334.956437343266 
59334.959564461438 
59334.963749271890 
59334.980826510924 
59334.914961168186 
59335.002657051053 
59334.998551401390 
59332.213681769157 
59332.222539642971 
59332.288849788660 
59332.324725783466 
59332.212486489720 
59332.213996317223 
59332.202388865000 
59332.215577428833 
59335.053682170234 
59334.980409035896 
59334.977421664196 
59334.968004990755 
59334.961573339067 
59334.943276220627 
59334.989316639796 
59335.001339195544 
59335.007363330806 
59334.963285642349 
59334.978858845992 
59334.972093654440 
59335.034219615110 
59335.042940690175 
59335.035122837457 
59334.993948272677 
59334.985696807700 
59332.194554195346 
59335.059014995997 
59332.193587311034 
59335.059422565726 
59332.227445329481 
59335.020715159895 
59335.026050407578 
59335.018004514364 
59335.011459253328 
59335.003487947855 
59335.010337447122 
59334.987744084836 
59334.970591081576 
59334.975061295358 
59334.975660486714 
59334.967525158943 
59335.009807755574 
59335.014672224948 
59332.212307809947 
59332.234489692404 
59332.252588203264 
59332.223109502673 
59332.212163594799 
59332.208085648126 
59332.228734010001 
59332.224009587677 
59332.223451896440 
59332.243420848237 
59332.219228351831 
59332.217186691043 
59332.263029006499 
59332.364281400100 
59332.330585904216 
59332.263573464494 
59332.262413055811 
59332.301735397006 
59332.280338054261 
59332.324134031362 
59332.245260591269 
59332.266411445293 
59332.249223100014 
59332.263715936766 
59332.253856729389 
59332.244222046669 
59332.273318327927 
59332.222819068505 
59332.223921376397 
59335.015469946273 
59335.010870156053 
59334.987393909672 
59334.980712501834 
59335.004036017956 
59335.017356170451 
59335.035841012279 
59335.053936771212 
59334.994519233500 
59334.940573440341 
59334.969143913338 
59334.960892162926 
59334.966904386529 
59334.971213587000 
59334.985153383903 
59334.966968668639 
59334.983910678478 
59335.016647257136 
59335.009751127975 
59335.034088421744 
59332.200000933473 
59335.047097529859 
59332.351867566351 
59332.354479078931 
59332.328812813364 
59332.347737482072 
59332.280014558906 
59332.285769270813 
59332.307809609207 
59332.259549020673 
59332.254776186339 
59332.227912636816 
59332.224365318107 
59332.217768656526 
59332.215234123694 
59332.206972078398 
59332.206152243903 
59332.202907570398 
59332.235800781054 
59332.202073113112 
59332.195980365454 
59332.219153799269 
59332.224762860278 
59332.234037242146 
59335.051280375359 
59335.044486441067 
59335.024409539219 
59335.051558775500 
59335.051773953230 
59335.046006593286 
59335.050762222119 
59335.049924299135 
59334.991000414760 
59335.021681568367 
59335.008118899226 
59334.985899905572 
59334.992058660981 
59334.983553472877 
59334.981362802457 
59334.996576040779 
59334.979186124670 
59334.981224134695 
59334.983867361647 
59334.987331821583 
59335.060850287038 
59332.205843655829 
59332.287653840023 
59332.243233975169 
59332.242211144461 
59332.255144920768 
59332.222404306274 
59332.205583400260 
59332.230688543961 
59332.231475027693 
59332.259642614736 
59332.245301102426 
59332.270558263284 
59332.220993745781 
59332.252950390437 
59332.295379475850 
59332.371863097331 
59332.385773559843 
59332.335894592587 
59332.321553133712 
59332.317218494165 
59332.339148597843 
59332.348208293530 
59332.281164710512 
59332.288892508943 
59332.211805015839 
59332.208732411025 
59335.059863649767 
59332.231141649281 
59334.992416694316 
59335.031767978428 
59335.023239964561 
59335.041562489845 
59332.214558654479 
59332.237949598602 
59332.246908502231 
59332.261539051142 
59332.247805088664 
59332.254254319050 
59332.250743892182 
59332.303639941143 
59332.215954277606 
59332.198048055070 
59332.294124597094 
59332.315310117971 
59332.285956481894 
59332.413286354677 
59332.356029418064 
59332.382310024630 
59332.293021629172 
59332.318833684702 
59332.392234160157 
59332.261724983677 
59332.236355643916 
59332.260502059187 
59332.244660073236 
59332.243277567308 
59332.240254905519 
59332.222913392645 
59335.015656997981 
59334.993433223230 
59334.963719861938 
59334.978333385428 
59334.962643636492 
59334.956543504275 
59334.952914966052 
59334.960168973455 
59334.958136663488 
59334.969862666454 
59334.952670505008 
59334.924230973833 
59335.017737465518 
59335.024569640729 
59334.948079754082 
59334.957970032832 
59334.949762401913 
59334.911555016668 
59334.852765115545 
59334.844924139034 
59334.864126517954 
59334.858307791328 
59334.906156552919 
59334.830148628025 
59334.850856361401 
59334.868874968917 
59334.850325164931 
59334.811443475424 
59334.761471600206 
59334.718218795912 
59334.703073584751 
59334.628518129481 
59334.650825844095 
59334.703240276227 
59334.731764337193 
59334.701809757702 
59334.775175460141 
59334.671340016423 
59334.742081229524 
59334.709266654892 
59334.700409671597 
59334.700621150987 
59334.723758681917 
59334.693349900583 
59334.676435112175 
59334.692981406093 
59334.692981406093 
59334.727770558362 
59334.704920022676 
59334.687030677174 
59334.687030677174 
59334.682674850636 
59334.739639694199 
59334.721551857263 
59334.694816637792 
59334.622915609012 
59334.625506773067 
59334.616916265353 
59334.653360162207 
59334.687427242992 
59334.688135095166 
59334.705307595330 
59334.703441951671 
59334.685694646963 
59334.700713790422 
59334.715744284978 
59334.681035426955 
59334.686986430577 
59334.693845490983 
59334.688753402042 
59334.676650077192 
59334.656557216447 
59334.731280763299 
59334.716140947465 
59334.729115459158 
59334.723097351307 
59334.752232484105 
59334.730605744051 
59334.703106342866 
59334.795771830984 
59334.772747442730 
59334.829849593785 
59334.798739773643 
59334.847859446789 
59334.886192614969 
59334.865210977230 
59334.845333999634 
59334.861288739783 
59334.868797913346 
59334.862549277146 
59334.837744869335 
59334.833630922141 
59334.829265244145 
59334.870286445366 
59334.906736911034 
59334.849405349283 
59334.855509625573 
59334.859824644482 
59334.841761424126 
59334.858979716133 
59334.859246873493 
59334.918378877614 
59334.915716026750 
59334.932504397635 
59334.929679489724 
59334.941799089436 
59334.957033400453 
59334.933705278716 
59334.924584763823 
59334.941596159486 
59334.934737364449 
59334.870701158223 
59334.861263116203 
59334.860096599950 
59334.868019278823 
59334.872125137852 
59334.874558012139 
59334.870099656240 
59334.872141643682 
59334.894106054024 
59334.899791845353 
59334.926208719407 
59334.942916190885 
59334.942916190885 
59334.949117710588 
59334.945929078727 
59334.956760141635 
59334.956760141635 
59334.977431231389 
59334.943268784176 
59334.955751939509 
59334.945019151106 
59332.262669613985 
59332.229323081760 
59334.974714007541 
59335.069958341905 
59332.196708762662 
59332.204068492523 
59332.346526880770 
59332.353526075494 
59332.352828684998 
59334.838008564206 
59334.875011730772 
59334.962980187862 
59332.220951875315 
59334.998604244553 
59334.974126552246 
59334.958654599890 
59335.016601781703 
59334.812774900318 
59334.863044653517 
59334.817543985293 
59334.881859570560 
59334.892766979356 
59335.058143986156 
59334.975349638473 
59334.853543772333 
59334.870207230357 
59334.675028471574 
59334.728714638819 
59334.836672997895 
59334.946040369425 
59334.969829114110 
59334.797996770292 
59334.820848914031 
59334.777068875148 
59334.611282692327 
59334.788811906517 
59334.848702116295 
59334.873533523954 
59334.759615225827 
59334.693563459710 
59334.828010439982 
59334.804081587376 
59334.639645791380 
59334.724193450216 
59334.581470404177 
59334.583640128963 
59334.724004379117 
59334.739793572968 
59334.635207920845 
59334.826268302088 
59334.812549487353 
59334.814426291065 
59334.741828206686 
59334.676836315870 
59334.434983809348 
59334.614486028731 
59334.695126979299 
59334.663330791860 
59334.711555534224 
59334.706100388845 
59334.719027648163 
59334.601763063460 
59334.700625122292 
59334.689831150856 
59334.743497920921 
59334.701867282798 
59334.809569091209 
59334.748664846920 
59334.791814718701 
59334.791510411320 
59334.822816343250 
59334.707171651607 
59334.674887134744 
59334.774703379437 
59334.651914875234 
59334.556171030206 
59334.760928467760 
59334.833833348232 
59334.894388585468 
59334.905160859293 
59334.922396138834 
59334.967181827327 
59334.892437730101 
59334.874416496881 
59334.907179494185 
59335.030637994161 
59335.042093231590 
59334.898392616517 
59334.853841415090 
59334.863356481241 
59334.843921384927 
59334.909019224884 
59334.882310323388 
59335.001160803309 
59332.247200659629 
59332.308954179629 
59332.333303870779 
59332.446868899970 
59332.467106072756 
59332.244028866487 
59335.006067177601 
59334.944668833217 
59335.001640602823 
59332.194815245501 
59332.246206155622 
59335.010540635456 
59335.015542574743 
59335.009641107921 
59335.042745415325 
59334.902908981370 
59334.979600478284 
59334.980497809636 
59334.899859551071 
59334.935813934142 
59334.944476550489 
59334.932690225884 
59335.007293544360 
59335.027684605797 
59332.242758961613 
59335.030368278058 
59335.009981422365 
59335.056759942927 
59332.330517838498 
59332.277238302442 
59332.204046414467 
59335.077444198090 
59332.244035519165 
59335.038746250721 
59332.202606841987 
59335.071376874221 
59335.070331903342 
59332.208542071552 
59332.211661019537 
59335.028216511972 
59335.031821015706 
59335.012890699072 
59335.038289299453 
59335.020110389538 
59334.991472065551 
59334.994156620523 
59335.010938198138 
59335.021219811897 
59332.264888982201 
59335.016337319241 
59335.026482911417 
59332.277526665610 
59332.266291254637 
59332.266373581253 
59332.321868233907 
59332.195581856351 
59332.312483027286 
59332.270851835674 
59332.320083042185 
59332.252864494410 
59332.262964754453 
59332.212645277119 
59332.272151980476 
59332.257462102236 
59332.287730511976 
59332.325802655600 
59335.064529148629 
59335.073861671015 
59335.062226686401 
59335.022748201496 
59332.240113508953 
59332.261272329153 
59332.207771091475 
59332.217050277861 
59335.063184021179 
59335.028688953011 
59332.252919121245 
59332.192477388548 
59332.243699735533 
59332.244499979053 
59335.049429088860 
59335.045474544393 
59335.043248005888 
59335.016587632446 
59335.013471656639 
59334.985278191896 
59335.008822138450 
59334.945220193615 
59334.934775473797 
59334.902984678818 
59334.892590872550 
59334.909494679989 
59334.911979569828 
59335.062939061179 
59335.025540530594 
59332.207575781409 
59334.971733561935 
59334.978068600270 
59334.903139428097 
59334.883842727388 
59334.910585062062 
59334.851997481390 
59335.008944432222 
59335.018317151982 
59335.013710009123 
59332.198310125801 
59335.006683778825 
59334.979700440083 
59334.998328561313 
59335.059367369853 
59335.041791016491 
59334.988523802633 
59334.920682360498 
59334.790486713238 
59334.860934116514 
59334.902526633465 
59334.915335441990 
59334.906404615278 
59334.901542473141 
59334.985432081368 
59335.004025080496 
59334.961553745212 
59334.911621659594 
59334.881899392916 
59334.833342432619 
59334.805263201022 
59334.896092832139 
59334.831732880913 
59334.866102944536 
59334.852244600843 
59334.896293423888 
59334.881068132170 
59334.865916736744 
59334.824600607899 
59334.834218053787 
59334.780298901060 
59334.804366027311 
59334.878914691035 
59334.863153757702 
59334.909176272500 
59334.954258281527 
59334.944604132004 
59334.867466229392 
59334.980570586624 
59334.994894715455 
59334.984317149523 
59335.016476792116 
59334.946724743495 
59334.989539213166 
59335.038930115035 
59332.328369211107 
59332.333177203378 
59332.319560142343 
59332.276669458741 
59332.279687760776 
59332.228403475179 
59335.071557400333 
59335.059654194411 
59335.034763222036 
59335.029264131612 
59332.194364765899 
59335.056986636286 
59335.017800621237 
59335.002934949065 
59335.076383501801 
59332.289956541172 
59332.192483357263 
59334.987552825631 
59334.997196466771 
59334.965444974339 
59334.985879547196 
59334.993078988693 
59334.965996127226 
59332.201598643165 
59332.226508630440 
59332.294559270893 
59332.235796018875 
59332.287295685339 
59332.297712959131 
59332.334216061907 
59332.303001487999 
59332.388971357839 
59332.284697560426 
59332.303416954215 
59332.279659476400 
59332.242731109996 
59332.194917656489 
59332.189809828327 
59335.055731643508 
59332.222277477689 
59332.259860635277 
59332.263434463384 
59332.231557793522 
59332.239368819588 
59332.229940916797 
59332.260534621593 
59332.259950650310 
59332.250876348648 
59332.252237563909 
59332.272326711616 
59332.274164700721 
59332.230937732500 
59332.240072975175 
59335.040088953559 
59335.043302717626 
59334.988517322403 
59335.027878891487 
59335.029211285277 
59334.978427433503 
59334.998451369254 
59332.208321607017 
59332.208604604501 
59332.194174361408 
59335.023876402309 
59334.997844091806 
59335.023702431186 
59335.016058320427 
59335.037759046740 
59332.286553200000 
59332.309409214315 
59332.225481482390 
59332.244357261152 
59335.048791264606 
59335.005935596426 
59332.287045467689 
59332.216484318131 
59332.255125990465 
59332.189801843706 
59332.190783723367 
59334.989667794929 
59332.189798779495 
59335.066129516941 
59334.975409849088 
59334.982332686690 
59334.998275110825 
59334.993012505984 
59334.990409826452 
59334.993739437421 
59334.950156952720 
59334.968939158447 
59334.932505100129 
59334.955860074020 
59334.930178605384 
59335.038265259187 
59335.048597688285 
59332.261583524632 
59332.250837938947 
59332.231328701717 
59332.268842326535 
59332.269926832261 
59332.284361999817 
59332.348828774499 
59332.318494677143 
59332.247610791717 
59332.258913761390 
59332.195404372011 
59332.298361586661 
59332.282701585260 
59332.297064309736 
59332.291831424373 
59332.297876985249 
59332.373544692047 
59332.386623202387 
59332.378803080450 
59332.411115207680 
59332.280950197448 
59332.337149778214 
59332.288763137964 
59332.213264809376 
59332.233943075706 
59332.248780251291 
59332.213920658272 
59332.231895270161 
59332.203424503568 
59332.204151822196 
59332.191365011473 
59332.215888371436 
59332.216059847982 
59332.195233944753 
59332.259377940994 
59332.315743726642 
59332.263020765124 
59332.247082050410 
59332.225539174244 
59332.323521709157 
59332.289599710566 
59334.906809206375 
59334.852353409980 
59334.858108941400 
59332.220081975160 
59332.275581627189 
59335.009956393449 
59332.215948013647 
59332.250835534287 
59332.269307325740 
59332.247289960156 
59332.221977103822 
59332.250998040872 
59332.253123668102 
59332.401253900738 
59332.382918017407 
59332.299335343399 
59332.221045650374 
59332.251289950153 
59332.343149503256 
59332.245969759089 
59332.442442761378 
59332.386234962942 
59332.330911214907 
59332.254346220514 
59332.438783151185 
59332.387463585132 
59332.303011181328 
59332.286034868557 
59332.260614991348 
59335.056659721304 
59332.379534285472 
59332.353186668472 
59332.355915473512 
59332.387585164252 
59332.310144158364 
59332.199464647405 
59332.239694531010 
59332.358666332577 
59332.281041430506 
59332.310992489925 
59332.263768949706 
59332.446764973436 
59335.061366847789 
59332.217221707033 
59334.979112640183 
59332.214952207993 
59335.042363897024 
59334.940772326088 
59334.940188697990 
59334.888109133797 
59334.831446929820 
59334.905918085009 
59334.871193329724 
59334.989799647723 
59334.925567486556 
59334.866273770771 
59335.080313123304 
59332.206805016511 
59335.045078886396 
59332.207146636400 
59332.221584155057 
59335.034240699475 
59335.028948629799 
59335.061786821498 
59335.005924309757 
59332.255149059230 
59335.068494500832 
59334.918249188049 
59335.015889587419 
59334.995702329230 
59332.214183629985 
59332.231049093163 
59332.200603983489 
59332.367111858039 
59332.295623137739 
59332.211311368781 
59335.068686536499 
59334.919590477366 
59334.907252267141 
59334.953768956562 
59334.864935966805 
59334.808034400179 
59334.918929377302 
59334.817724303866 
59334.810514686586 
59335.038168429572 
59334.947138879754 
59334.952381313989 
59334.878108466291 
59332.373331760311 
59332.209240532640 
59332.242347470972 
59332.277824046294 
59332.239692308074 
59332.233377231809 
59332.343933353623 
59332.298896390887 
59332.274880037752 
59332.254687615285 
59332.211127247669 
59332.283733249591 
59332.380832965689 
59332.261625367661 
59332.247542201774 
59332.291552683615 
59332.344161204412 
59332.357848959138 
59332.315868078549 
59332.248753367188 
59332.299594829907 
59332.326410564579 
59332.256909970456 
59334.949305078357 
59334.989821854353 
59334.950931036896 
59334.917231622159 
59334.933963080308 
59334.964197529109 
59334.944636846652 
59334.842382760005 
59334.819659216810 
59334.908112110817 
59334.882536676261 
59335.013073598762 
59335.009958313931 
59332.212473367799 
59332.207068118434 
59335.024073054192 
59332.195575887323 
59332.217646324279 
59332.257982980038 
59332.223148268080 
59332.314256892940 
59332.240849768656 
59332.251073203988 
59332.220006428317 
59332.314899435718 
59332.365007357563 
59332.327675827677 
59332.377457719347 
59332.392018643412 
59332.350293626689 
59335.051782150273 
59335.042155228875 
59335.059890557306 
59332.286398820805 
59335.036766588564 
59335.033463733787 
59334.857786172710 
59334.878169124873 
59334.857757657221 
59334.884482875583 
59335.026573304698 
59335.056687173856 
59332.229045748310 
59332.336715551435 
59334.968668296562 
59334.986908039507 
59334.968330737836 
59334.898369071292 
59334.913141258097 
59334.927427361843 
59334.937738833294 
59332.217657335459 
59335.007063365316 
59334.862968399240 
59334.940839220020 
59334.961131779106 
59334.958386892773 
59334.967538068893 
59335.054617105867 
59335.055697603355 
59332.190247892388 
59335.017956171745 
59335.002097419921 
59334.990079222509 
59334.993863724281 
59334.989641446191 
59334.990363651144 
59332.269348876704 
59332.373167560087 
59332.417067188537 
59332.373368297696 
59332.328300699395 
59332.323678918503 
59332.419683740205 
59332.379869630618 
59332.411338536192 
59332.339343783926 
59332.342539178848 
59332.327814803502 
59332.355428887437 
59332.295577888384 
59332.298501879413 
59332.334270004503 
59332.355060127884 
59332.309729066961 
59332.371998313902 
59332.400269601923 
59332.431500146209 
59332.413795394401 
59332.444718248022 
59332.357107800970 
59332.369719903851 
59332.286298033519 
59332.277592203151 
59332.361404477684 
59332.381643134460 
59332.373959026787 
59332.318505514442 
59332.373160913805 
59332.321589116371 
59332.303012973280 
59332.319979364314 
59332.357155891601 
59332.307270490739 
59332.286851170924 
59332.300850908279 
59332.311429209120 
59332.278190609555 
59332.313389831914 
59332.321821491903 
59332.251652636332 
59332.257023004648 
59332.265950789617 
59332.258398895217 
59332.265063805069 
59332.386445687436 
59332.354504298193 
59332.361107228324 
59332.323679866204 
59332.390388378713 
59332.412807861903 
59332.346520849635 
59332.348020838057 
59332.346116648849 
59332.319165879759 
59332.257364595782 
59332.243854687127 
59332.250554045582 
59332.253249773297 
59332.257673980675 
59332.278727915182 
59332.268089474164 
59332.277081544809 
59332.273449192959 
59332.290242178380 
59332.265674687726 
59332.292008060489 
59332.291555889293 
59332.296882948525 
59332.278778385036 
59332.247322027448 
59332.393772816773 
59332.384509303345 
59332.353985560330 
59332.343691921102 
59332.304244462139 
59332.412080497204 
59332.425103810303 
59332.489319248838 
59332.304888464525 
59332.199007516625 
59332.197853735655 
59332.202068730723 
59332.314120735209 
59332.312022515835 
59332.333147082842 
59332.341623925902 
59332.389089092620 
59332.316727946083 
59332.354479347210 
59332.361045891827 
59332.252044291046 
59332.292890966732 
59332.225660300050 
59332.226470248679 
59332.221949195773 
59335.067358836110 
59335.016833107256 
59335.044372657860 
59335.038852419755 
59335.049788740638 
59335.057663293454 
59335.016425983129 
59335.012875767250 
59334.976300576549 
59334.971092992440 
59334.978628040721 
59334.965672666702 
59332.200563697093 
59332.218732095091 
59332.294061990870 
59332.325231587878 
59335.007401899980 
59334.975471772916 
59335.000909731323 
59334.992149185535 
59334.998563739609 
59334.983693503607 
59334.910005781334 
59334.818093110720 
59334.852296940378 
59334.798233265719 
59334.790916768092 
59334.796731382099 
59334.893041150273 
59334.891964718488 
59334.921923399590 
59334.892097457632 
59334.880138197201 
59334.933020128665 
59334.975642743899 
59332.213585567988 
59332.194816688614 
59332.211542243946 
59332.248065923261 
59332.340694643826 
59332.371029276575 
59332.288045598529 
59332.316451668783 
59332.216107434673 
59332.295266767411 
59332.281990037998 
59332.273890530130 
59332.208573364434 
59332.246399369316 
59332.246399369316 
59335.047907264241 
59335.047605814863 
59332.225702981261 
59332.233295928141 
59332.287339938797 
59332.282873362237 
59332.258504841928 
59332.276172409533 
59332.304620078052 
59332.294146109052 
59332.300921800612 
59332.277064345268 
59332.282841460947 
59332.300817830197 
59332.295454533647 
59332.293844971660 
59332.298593092979 
59332.355620702707 
59332.347685700741 
59332.326596218489 
59332.266760357314 
59335.016013140623 
59335.016552930661 
59335.007187699732 
59335.040843662806 
59335.037625960205 
59334.996847470444 
59334.981623168795 
59334.992914029062 
59334.974767724874 
59334.987552731633 
59334.984684062685 
59335.008936512473 
59335.002470796717 
59334.976810239015 
59334.979421223143 
59334.865924927202 
59334.871483042145 
59334.771242277100 
59334.843754505622 
59334.842461811604 
59334.877188135026 
59334.876451321317 
59334.882137676039 
59334.992900032179 
59334.964969246917 
59334.955695430937 
59334.938612026192 
59334.950030218839 
59334.947729542531 
59334.936686871915 
59334.935325102721 
59335.034298569080 
59335.050771576534 
59334.965448407202 
59334.954482174340 
59334.968832598257 
59332.241559766058 
59332.236653222979 
59335.057771437889 
59332.255183241345 
59332.231675410738 
59335.049324984881 
59332.308530473791 
59332.391577228540 
59332.333256523998 
59332.334806256316 
59332.403666222221 
59332.435854394127 
59332.267427465384 
59332.260098830855 
59332.315551504566 
59332.219091145067 
59332.243949573887 
59332.288247663622 
59332.363046923943 
59332.391487289031 
59332.293092410429 
59332.329209164527 
59332.347386845984 
59332.325709735938 
59332.205454652991 
59332.336999811792 
59334.949073031559 
59334.992320201585 
59334.917347173796 
59334.913085122200 
59334.918677761263 
59334.918776322986 
59334.919788563442 
59334.914988759534 
59334.845001039859 
59334.898019811815 
59334.982272235742 
59335.023276702530 
59334.984439728592 
59335.026209913754 
59334.900780462252 
59334.710416099042 
59334.656119769228 
59334.583977642709 
59334.835817445550 
59334.832224647282 
59334.847171225563 
59334.850230294403 
59334.737061055930 
59334.730980709603 
59334.785303767734 
59334.862827562960 
59334.919317530344 
59334.891549166110 
59334.866890501406 
59334.908748512265 
59334.919573263716 
59334.932162838719 
59334.954635495960 
59334.866025125040 
59334.888296936049 
59334.901648997438 
59334.907452165739 
59334.929128555712 
59334.908344653209 
59334.917931259821 
59334.990213549820 
59335.044527377730 
59332.213510392190 
59334.919572152750 
59334.946598345152 
59334.967640971256 
59334.917861538990 
59334.797446343124 
59334.810586615196 
59334.851517659343 
59334.960017673933 
59334.943516308522 
59334.950811806499 
59335.009466860596 
59332.202434293729 
59332.253133718084 
59332.190624755953 
59335.061345304915 
59335.068853030323 
59334.959753556861 
59334.940813818910 
59334.886032537928 
59334.848019768098 
59334.754016198298 
59334.959936647239 
59334.907146217571 
59334.888437629575 
59334.893223111321 
59334.915409417561 
59334.938916472856 
59334.832268702150 
59334.867031164431 
59334.876187908441 
59334.820467432437 
59334.804413154983 
59334.792034029590 
59334.815675352038 
59334.878342163480 
59334.909831721670 
59334.924356509742 
59334.893443675377 
59332.265116182381 
59332.234556263706 
59332.236938892922 
59335.037340116658 
59332.217829287161 
59332.206446635719 
59335.066462714894 
59335.059942106389 
59335.024553863688 
59335.007339038828 
59335.016032140476 
59335.008734365540 
59332.308949531864 
59332.370279694238 
59335.026587297492 
59334.981149065919 
59335.017849613032 
59334.999213513460 
59335.035006545579 
59335.024212332821 
59335.053921903003 
59332.300560513417 
59332.244764467643 
59332.265652940383 
59332.205797629453 
59335.006215977352 
59332.211252140587 
59335.000113837283 
59335.032687516476 
59334.825170021250 
59334.784031167197 
59334.925517811767 
59334.918609114051 
59334.929008055580 
59334.915091835443 
59334.855485375672 
59334.865524622051 
59334.874588131002 
59334.899685676843 
59334.881814883745 
59334.878074392407 
59335.010324035364 
59335.016108156145 
59335.017716998118 
59334.957566150886 
59334.965695664017 
59335.044032862359 
59332.207623429560 
59332.191707218670 
59335.067028322279 
59335.071342514835 
59335.025103802036 
59335.027349535536 
59335.009941441385 
59334.982920562441 
59335.048863989650 
59332.224222905272 
59332.229766213117 
59335.018196120101 
59334.979201865921 
59334.962194509368 
59334.929697399013 
59334.923484298575 
59334.942820534918 
59334.947053735821 
59334.925314759406 
59334.924903377127 
59334.946039883405 
59335.009441461669 
59335.058927831087 
59335.039555519907 
59335.043083134624 
59335.030974108908 
59335.023217057133 
59335.023642203014 
59335.015828362069 
59335.002215003478 
59335.003230344439 
59334.997225715968 
59334.932130128567 
59334.889745553723 
59334.910222540384 
59334.965492359341 
59334.999556715688 
59335.013400936936 
59335.018335394998 
59334.976744433079 
59335.049994893008 
59332.206152761384 
59335.078037131490 
59332.209419925864 
59335.085551370154 
59334.944561525401 
59334.933227068621 
59334.931264309991 
59335.064148329417 
59335.084412440679 
59332.201754827220 
59332.192953943457 
59332.198268823071 
59332.196365726333 
59332.224619000539 
59332.201722822094 
59332.214727024213 
59332.203206216051 
59332.210145088611 
59332.205663796332 
59335.034393757953 
59332.272657498346 
59332.264136474456 
59335.071674829662 
59335.049128891827 
59335.003711240744 
59335.015596097524 
59335.033108654585 
59335.028357150084 
59335.051082948579 
59335.081038604250 
59335.084568111153 
59335.017149420455 
59334.972006802265 
59334.976249121217 
59334.990114177614 
59334.970281250520 
59334.881533658554 
59334.870929038603 
59334.957956776008 
59334.977874880853 
59334.994145794873 
59334.990371994922 
59335.011900637997 
59335.011900637997 
59335.019993779308 
59334.984255850090 
59334.992331576337 
59334.945007896662 
59334.931078646514 
59334.906358074826 
59334.939780404362 
59334.982355064261 
59334.997924546798 
59332.196490435774 
59335.030514811362 
59335.035172882519 
59335.040216183144 
59335.050266016864 
59335.049591955059 
59335.054471593859 
59335.060553235162 
59332.207209980581 
59335.038431978326 
59334.988633372595 
59334.994650558598 
59334.936613414990 
59334.919470110966 
59334.902078696978 
59334.933599757911 
59334.945798260189 
59334.935109476464 
59334.935589157634 
59334.955537843991 
59334.947884209141 
59334.978044011899 
59332.191141705749 
59334.979929750480 
59335.005283221624 
59335.032597700127 
59335.025647365328 
59335.029003330572 
59335.048843847180 
59335.055463513716 
59335.046538752387 
59335.030003413733 
59334.999787466055 
59334.992169039557 
59335.010855018183 
59335.032206575190 
59334.987703771869 
59335.046650488766 
59335.001247126253 
59334.996121478616 
59334.922569153685 
59334.931848053988 
59334.926689992892 
59334.990723225586 
59334.960936908465 
59334.958904598156 
59334.900478201504 
59334.852249218100 
59334.841421118996 
59334.857744227600 
59334.878711247366 
59334.973878115947 
59334.922779834633 
59334.940671082986 
59335.044874740226 
59335.063071028126 
59335.044046030554 
59335.064697688329 
59335.056076840789 
59332.198665238750 
59332.193608100330 
59335.069105546660 
59334.988409466045 
59334.972556616201 
59335.019073650692 
59334.996855286015 
59334.990608670560 
59334.975803719259 
59334.939089622152 
59335.002011160410 
59335.018457297636 
59335.004804196673 
59335.005440209876 
59335.029240882854 
59335.039486662325 
59334.995793833965 
59334.995938454311 
59335.008983887856 
59334.978248130734 
59334.953861051428 
59334.983130762143 
59334.939914220318 
59334.880681753959 
59334.836972250283 
59334.806493578471 
59334.807500505645 
59334.827209325718 
59334.871404314530 
59334.794341775094 
59334.814316390781 
59334.742042411403 
59334.813525905818 
59334.925652489059 
59334.998222575647 
59334.916516337071 
59334.936985387365 
59334.930227089477 
59334.912432404970 
59335.007556983677 
59332.190511398752 
59335.034971693669 
59334.984234316071 
59335.055138013333 
59335.035277193223 
59335.006006366471 
59335.025347835246 
59335.000592102377 
59335.016718956402 
59335.052144340661 
59332.218358450918 
59335.037912859218 
59334.963009100771 
59335.010910368372 
59335.022185966569 
59335.025579971916 
59335.013984417004 
59335.001886259677 
59334.950474813224 
59334.939928033586 
59334.968962560524 
59334.946362871917 
59334.910955211635 
59334.925288162653 
59334.975482802911 
59334.997416269653 
59334.989372533688 
59334.961633366882 
59335.002585055772 
59334.918476591549 
59334.923305168464 
59334.898218653972 
59334.994339926467 
59332.255532077099 
59332.279153961361 
59332.308388053258 
59332.309578848523 
59332.343450193446 
59332.324832932638 
59332.232359144276 
59332.263221322755 
59335.059799835166 
59335.031032247665 
59332.301131579676 
59332.267918941448 
59332.252027373208 
59332.324046368849 
59332.342160429420 
59332.448349156555 
59332.285505731772 
59332.320220801368 
59332.272711273719 
59332.280187475626 
59335.048506124826 
59334.983953815114 
59335.060056353141 
59335.060079439863 
59334.915895868602 
59334.932386344975 
59334.897473821169 
59334.938835747402 
59334.870704165063 
59334.826975117394 
59334.955564744298 
59335.032595239703 
59334.996181929600 
59334.915939594583 
59334.994782813774 
59335.036614044220 
59335.045769124037 
59332.257042786689 
59332.200193944183 
59335.042173724854 
59332.277638841202 
59332.374122818583 
59332.329213726429 
59332.448192762487 
59332.291838771176 
59332.389383519490 
59332.274601494442 
59335.046807078477 
59332.213174697812 
59332.199876106126 
59332.195993603760 
59335.016973112142 
59335.029807970554 
59332.222954636229 
59332.283254630755 
59332.256845057927 
59332.191730495331 
59332.223414634464 
59332.302657860455 
59332.241820829011 
59332.268659559442 
59332.223018716402 
59335.050665576346 
59332.210982599943 
59332.267379919780 
59332.263225455594 
59332.248268733485 
59332.251628319245 
59332.286352004274 
59335.031531318906 
59332.227104034711 
59332.217393509476 
59332.275778726791 
59335.049694263871 
59335.020193695753 
59335.044238622511 
59335.062039879711 
59335.022209937466 
59335.001563054640 
59335.014789481713 
59335.068214878047 
59332.247409651252 
59332.262355685612 
59332.275617192834 
59335.044717214587 
59332.278963721066 
59335.069929718542 
59332.190461246777 
59334.947143237805 
59334.963489376853 
59334.933274374191 
59334.917467818559 
59334.946447842427 
59334.969999887879 
59332.384390798776 
59332.380235402874 
59332.218434122755 
59332.226085433394 
59332.274864776344 
59332.228745585278 
59332.351816345021 
59332.217735282211 
59335.040150981375 
59332.204061708930 
59335.059514728142 
59334.976106897157 
59335.033244046070 
59335.063737412172 
59335.034443225632 
59332.256019844084 
59332.250234262603 
59332.226937848543 
59332.285989286720 
59332.266695449420 
59332.297188029581 
59335.037285200320 
59334.996534158476 
59335.079055480346 
59335.012252139953 
59334.993756604257 
59335.056196237951 
59332.193351861453 
59332.199419035242 
59335.028000950988 
59332.204327527645 
59332.214731775712 
59332.217250940565 
59332.248604171691 
59335.085835730504 
59335.008255166525 
59335.007747999138 
59335.015118132636 
59335.031978750681 
59334.904369775621 
59334.955794802809 
59334.937991993087 
59335.027359577209 
59335.053365670625 
59335.071747575676 
59335.050134955018 
59335.055353454147 
59335.019837819986 
59332.202926454855 
59335.076159645694 
59334.974494172428 
59335.022198810941 
59335.065181755032 
59332.289822368322 
59332.346069077350 
59332.387717629717 
59332.393726450056 
59332.362502203840 
59332.314403476485 
59332.486818781763 
59332.344926236008 
59332.277645069371 
59335.057744300808 
59335.056262116697 
59335.045128876314 
59335.033527692969 
59335.022871179586 
59332.216953218514 
59332.316953871574 
59332.195600464540 
59332.228585371500 
59332.204391606319 
59335.030627559900 
59335.040973594332 
59335.083573035423 
59335.077829993403 
59335.015795471125 
59334.900491786808 
59334.936832757034 
59335.059098744074 
59335.042068548100 
59332.244675488881 
59332.253206078582 
59332.276759174747 
59332.229107724997 
59332.197568350231 
59332.244694807676 
59335.047534476464 
59335.036123962840 
59334.989881048896 
59334.984505505068 
59335.003439350854 
59335.008606453724 
59334.995461972045 
59334.989107324844 
59334.988470450189 
59335.012463468018 
59335.053508758356 
59335.084645462295 
59335.070387262029 
59335.037620646617 
59332.247895564418 
59332.247895564418 
59332.208938562093 
59332.204668637925 
59335.030461927709 
59334.951888328564 
59335.006382318730 
59335.021612656412 
59335.021359036167 
59335.037428642041 
59335.032627811030 
59335.041540415579 
59335.049873526565 
59335.040698304794 
59335.020805903063 
59335.032453847401 
59335.048986594571 
59335.047822405315 
59335.022576196490 
59334.977308840978 
59334.969280494130 
59335.005713747050 
59334.927724773508 
59334.924462903276 
59334.950934766726 
59334.917674672455 
59334.873904991982 
59334.946668770201 
59334.920830277406 
59334.818527456118 
59334.762489521949 
59334.703938490718 
59334.780378385534 
59334.884605635714 
59334.882471640383 
59334.861028314706 
59334.881122646948 
59334.961749964605 
59334.973579462203 
59334.906867466103 
59334.946089263249 
59334.965291681365 
59335.004625414986 
59334.989045393711 
59335.000575899619 
59335.031303507712 
59335.017468037629 
59334.992845971443 
59334.928315152218 
59334.940519242184 
59334.939042925864 
59334.983854788901 
59334.988755682687 
59335.034912961564 
59335.020933713422 
59335.026776282357 
59335.043151806567 
59335.051056299017 
59334.977248353476 
59335.006595076578 
59334.974283890777 
59334.948076904868 
59334.874607761973 
59334.899412259882 
59334.897023380916 
59334.925619763613 
59334.846529010196 
59334.894875072998 
59334.885443669220 
59334.846849484289 
59334.793675994319 
59334.769041887579 
59334.780021350307 
59334.782213596809 
59334.804119042754 
59334.750329031325 
59334.923544311961 
59334.869403004865 
59334.814772448532 
59334.795503066489 
59334.724769555381 
59334.677606350873 
59334.670745679665 
59334.808043014753 
59334.866015975014 
59334.850856245692 
59334.823324086305 
59334.845163549682 
59334.830546238300 
59334.823120230903 
59334.745215669624 
59334.789063081676 
59334.829614373637 
59334.762862317752 
59334.724747099935 
59334.755386338235 
59334.749637710025 
59334.738986281605 
59334.735845495474 
59334.720152255839 
59334.784510990423 
59334.854281882988 
59334.784725769743 
59334.702601014869 
59334.709747146750 
59334.739319444612 
59334.749055027234 
59334.778015999509 
59334.749860540498 
59334.773635709149 
59334.766680638160 
59334.821562214733 
59334.709751531911 
59334.746904607717 
59334.778724482239 
59334.764829913496 
59334.675698020830 
59334.745484924555 
59334.771214468536 
59334.617424668068 
59334.657431971857 
59334.618765274347 
59334.617422997049 
59334.810145818745 
59334.841374999349 
59334.830613607883 
59334.834999441955 
59334.835765937045 
59334.830219677031 
59334.798609114274 
59334.810191327924 
59334.872864077915 
59335.025771019908 
59335.040417948963 
59332.233695670257 
59332.214410867033 
59332.226046057920 
59332.240858307290 
59332.318112232191 
59332.258134755743 
59332.303000801068 
59332.219183158631 
59332.219577896278 
59332.255686367898 
59332.207764092789 
59332.254597457089 
59332.292241627525 
59332.190378400039 
59332.245804737075 
59334.968981483296 
59335.042651256481 
59332.195239178007 
59332.257806579364 
59332.251385517025 
59332.249913718770 
59332.252797593952 
59332.305019348329 
59332.225395207912 
59332.242847534675 
59335.012917302447 
59335.037358842666 
59335.037358842666 
59335.036583149624 
59335.038053458629 
59335.031656418178 
59335.006003687085 
59334.903238645224 
59334.861002809368 
59334.846301077247 
59334.853169965303 
59334.906286988720 
59334.985569554250 
59334.988800554405 
59334.979359484707 
59335.004484358295 
59334.990928225525 
59335.014007818616 
59335.011107012018 
59334.998218911547 
59334.959829815169 
59335.058899315431 
59335.032184289215 
59332.247523427424 
59334.927936953070 
59335.059975923403 
59335.023739903205 
59335.021202593467 
59335.007220670414 
59334.911226719581 
59334.974903366725 
59334.789337513823 
59334.829684462959 
59334.777392049480 
59334.850915135466 
59334.834579739887 
59334.886005677385 
59334.679866030252 
59334.792873305661 
59334.779298507616 
59334.742243307795 
59334.970466519182 
59335.062646840888 
59332.203570436701 
59332.194836199989 
59334.851284676166 
59334.849804521014 
59334.814497283209 
59335.001216491903 
59332.214282661524 
59334.958701347125 
59334.843135116920 
59334.833561260697 
59334.855075341751 
59334.782708574981 
59334.886474106686 
59334.848719343179 
59334.982905666257 
59334.959855072717 
59334.757444096693 
59334.771043910732 
59334.686108898604 
59334.982327463396 
59334.903263368142 
59334.956192115889 
59334.983254443512 
59334.866702158681 
59334.842639148927 
59334.946050704668 
59334.750510638922 
59334.817731364034 
59334.798625269454 
59334.862957501318 
59334.887942425841 
59334.948213911441 
59334.852417316455 
59334.907708517741 
59334.841202392781 
59334.927079485373 
59334.859027177328 
59334.885755820411 
59334.927616049747 
59334.849255761874 
59334.898389975722 
59334.876780888233 
59334.978572936161 
59335.000650169255 
59335.031347096156 
59332.237112919458 
59335.005142213697 
59332.301243338545 
59335.051847266011 
59332.204455875166 
59332.201697512995 
59332.310523176238 
59332.249165988185 
59332.366824128672 
59332.326316203289 
59332.302589676270 
59335.045640118151 
59332.228789399960 
59332.252643231070 
59332.234858804251 
59332.323345700963 
59332.242565479602 
59332.260679966566 
59332.235750623673 
59332.275098396771 
59335.044828058068 
59334.965784690365 
59334.970507938313 
59335.015576370613 
59332.218178836993 
59335.029891935694 
59334.872931481994 
59334.900996326389 
59334.991610172641 
59334.955374798941 
59334.918380480463 
59334.829490497024 
59334.890239978791 
59334.909867674636 
59334.920233845281 
59334.990805522721 
59335.000780600036 
59335.023768387611 
59335.014672246245 
59332.194651131242 
59334.940741855593 
59335.004230869890 
59335.028028871733 
59334.949960886806 
59334.952139609028 
59335.062944747253 
59332.245599185466 
59332.235714339738 
59332.318613534058 
59332.298631101141 
59332.282347838329 
59332.254920537649 
59332.259485810806 
59335.005079507289 
59332.384844310589 
59332.256591988509 
59332.308472603487 
59332.227142701697 
59335.045089325926 
59335.016021009324 
59335.041146392497 
59335.008997569428 
59332.220372161959 
59332.230327816098 
59332.221957168498 
59332.202838012476 
59332.191055859919 
59335.006947167349 
59335.062725309908 
59332.258972910495 
59332.248207124860 
59332.398935466474 
59335.031079852386 
59335.036265630268 
59332.195413271409 
59332.193233790786 
59332.316693115805 
59332.300426903646 
59332.451815113818 
59332.221636319540 
59332.218902457884 
59335.034900287836 
59335.067163858679 
59332.196578722207 
59332.250974304159 
59332.306766041911 
59332.281380702501 
59335.045615501040 
59335.005497630918 
59334.989620705019 
59334.990515245074 
59334.815198442695 
59334.892035178244 
59334.891957338637 
59334.873963703161 
59335.026614531977 
59335.027168236316 
59335.037665407093 
59334.997472653995 
59335.058304344515 
59332.277245905643 
59332.222135016396 
59332.251347906815 
59332.261378420444 
59334.963588839564 
59332.203065690606 
59332.286465957230 
59335.031822846147 
59334.915503029762 
59334.894723651749 
59334.915943597836 
59332.227758814159 
59335.017699877884 
59334.999596287293 
59332.222340201370 
59335.011553876138 
59335.040454169415 
59334.996175828557 
59335.029443959429 
59332.246671390421 
59332.214713672576 
59332.246510713012 
59332.340430068914 
59332.298198088123 
59332.299354068789 
59335.005694462991 
59335.031080962552 
59334.988980518523 
59335.002703717240 
59334.984604985875 
59335.031778791017 
59334.972434708172 
59335.022516506462 
59335.029640359418 
59334.938793780617 
59334.919769147054 
59334.948854985654 
59334.980118558822 
59332.191604259737 
59332.230623075942 
59332.235918848950 
59335.056446878647 
59335.062120400282 
59335.048715575998 
59335.058816954741 
59332.231303116831 
59332.231689596003 
59332.241724072032 
59332.248087149172 
59332.240009427187 
59332.241090381933 
59332.244888950700 
59332.213523021768 
59335.045055944909 
59332.231081553793 
59332.233824691510 
59332.242979784831 
59332.270895985625 
59335.024289475718 
59335.021069068527 
59335.037426490140 
59332.268468684641 
59334.984960353271 
59334.987948317226 
59334.945927160035 
59334.994846688678 
59335.069028343423 
59332.343795870496 
59332.358267766365 
59332.345866569354 
59332.455750273402 
59332.365157005268 
59332.352287204456 
59332.349436793033 
59332.339000997112 
59332.282807057796 
59332.293809787407 
59332.263699623021 
59332.241961086453 
59334.935312509282 
59334.873850061995 
59334.889346549920 
59334.884917240895 
59334.867351904257 
59334.867219981868 
59334.856615108351 
59334.834405671259 
59334.821788203670 
59334.833316186188 
59334.855206055974 
59334.830822306620 
59334.840068787307 
59334.803824526447 
59334.944742513209 
59334.931528284331 
59334.926397404779 
59335.041828276342 
59335.052536037299 
59335.061661895583 
59332.335843684647 
59332.253794338270 
59332.388622044382 
59332.281628848214 
59332.327756888473 
59332.363244886896 
59332.236331388391 
59332.281374118647 
59332.264534920418 
59332.203644531510 
59332.192261792945 
59332.258986825749 
59332.291316359690 
59332.294770919027 
59332.326380499217 
59332.340987933698 
59332.206424149612 
59334.986897517119 
59334.994933819951 
59335.037006681996 
59335.030853958837 
59332.230897217079 
59334.992433262982 
59334.906588676757 
59334.979086605992 
59332.309790081425 
59332.307527525430 
59332.312588502376 
59332.274461042012 
59332.349401424799 
59332.222272618004 
59332.297753861742 
59332.288951871902 
59332.296215599781 
59332.284794388434 
59332.332187179745 
59332.434311529083 
59332.439698930240 
59332.454093225744 
59332.341551908918 
59332.316477766573 
59332.297663909616 
59332.303210418628 
59332.328031769037 
59332.301400523458 
59332.375034025106 
59332.288939623075 
59332.253373626649 
59335.037029444815 
59335.006999900012 
59334.991913234611 
59335.046087784380 
59332.195413838694 
59332.278415248380 
59332.298474884752 
59332.287789835391 
59332.235776480607 
59335.018879219606 
59332.325718023356 
59332.259592562667 
59332.244191434991 
59335.005219906052 
59332.231063774379 
59334.951393011419 
59334.876053746957 
59334.982859157761 
59334.947648085705 
59334.954332296744 
59334.966593958350 
59334.925926962875 
59334.939627851549 
59334.959883528427 
59334.921543382858 
59334.950485596892 
59334.919843946205 
59334.926230033903 
59334.935920825061 
59334.917026441966 
59334.882277361939 
59334.869455974571 
59334.995631476311 
59334.913597645864 
59334.919535429981 
59334.998088531349 
59334.973942832374 
59334.860719706114 
59334.811329026714 
59334.824911353950 
59334.849034780775 
59334.858431773806 
59334.839568420808 
59334.904209820917 
59334.848408763646 
59334.864668003356 
59334.951737290539 
59334.963626288292 
59334.964589149415 
59334.965722426081 
59334.977385162310 
59334.962887829090 
59334.994069027627 
59334.864475425646 
59334.943485190015 
59334.974787517051 
59335.008012705490 
59335.055998624317 
59335.015244568051 
59334.984779810700 
59335.007834124401 
59335.037848175511 
59335.030959426425 
59335.089031416108 
59335.047011015326 
59335.040258275381 
59332.200410439953 
59332.253789827038 
59332.238172813886 
59332.237655587829 
59334.913147524647 
59335.026911081281 
59334.996714020017 
59335.005122610797 
59332.209549185616 
59335.033204387983 
59332.247294132692 
59335.043065474660 
59334.907243027628 
59334.931447957431 
59334.891864141537 
59334.911835324754 
59334.955566703007 
59332.273086235058 
59335.048118016763 
59332.264049886428 
59332.282862651242 
59332.285282482611 
59332.193275564889 
59332.241604345531 
59332.253820683458 
59335.066379922224 
59335.066398523872 
59335.035757631500 
59335.017298753002 
59335.067642718735 
59332.285893163236 
59332.245902920818 
59332.249839331875 
59332.232501237297 
59332.215972937978 
59335.063837557776 
59334.977688652543 
59332.219417704175 
59334.926270013333 
59334.897907633269 
59334.879074826036 
59334.884595524891 
59334.941915376199 
59335.032688955464 
59334.866448556495 
59335.056371930878 
59332.223705399381 
59335.060916673232 
59335.016670722260 
59334.970237591879 
59334.952385437085 
59334.967400432557 
59334.981630895440 
59334.935630538443 
59334.974838543538 
59334.924233720492 
59334.898567420569 
59334.862796109388 
59334.819814483031 
59334.871066006701 
59334.997141593194 
59335.066836016347 
59335.018137744730 
59335.032868414222 
59335.006638927087 
59335.036941747210 
59335.014753995951 
59335.046043449438 
59335.059205973863 
59335.052749887800 
59335.005201786247 
59334.971987612320 
59334.948705400304 
59334.976909651705 
59334.976381514767 
59334.991478986929 
59334.984355232096 
59334.942699389489 
59335.005624945486 
59334.892123859907 
59334.899885026774 
59334.873325399720 
59334.836937856344 
59334.868347459436 
59335.002393607014 
59334.991919737644 
59335.010875089778 
59335.021026401359 
59334.993844650846 
59335.008346020557 
59334.977195155050 
59335.029072392026 
59335.027439285877 
59335.011115309520 
59332.196535300100 
59335.053572028613 
59332.209509649409 
59332.266142333225 
59335.037760561274 
59335.050426674876 
59332.237740622943 
59332.310054174806 
59332.323663156094 
59332.334303864620 
59332.291116837987 
59332.287768754308 
59332.263447252255 
59332.314018654892 
59332.312901448509 
59332.280657972129 
59332.316895918353 
59332.208928825377 
59332.233585494367 
59332.237810270308 
59332.266275847796 
59332.228870335304 
59332.225360403230 
59332.237159028438 
59332.233582826484 
59332.206384712292 
59332.206340278506 
59332.206696725239 
59332.206696725239 
59332.189904334831 
59332.201570562647 
59332.199087331508 
59335.044537762929 
59332.238620425924 
59332.239641804619 
59332.217172382392 
59332.242201725494 
59332.230806273874 
59332.400376752186 
59332.256566665295 
59332.331403229146 
59332.299794451668 
59332.284274175618 
59332.287332328306 
59332.316672640220 
59332.276683651289 
59332.360887949239 
59332.285358935158 
59332.264325273121 
59332.244655197464 
59332.314086488805 
59332.373090136723 
59332.338614326021 
59332.243199226941 
59332.363455197716 
59332.395417474094 
59332.467762775996 
59332.416264047366 
59332.387777810902 
59332.388297174512 
59332.316224406488 
59332.406858169066 
59332.422832643482 
59332.429769741510 
59332.465037651236 
59332.432000773624 
59332.471011118112 
59332.301637736971 
59332.396822957060 
59332.478010964354 
59332.460683537640 
59332.460683537640 
59332.432506084406 
59332.395696579326 
59332.354046673179 
59332.280047298140 
59332.326705942309 
59332.342233951436 
59332.359266780433 
59332.283135850812 
59332.200457520055 
59332.213360279158 
59332.203329581978 
59332.244363692880 
59332.203897825086 
59332.210195636246 
59332.205146256296 
59332.208935096744 
59332.274892680747 
59332.288950417154 
59332.233337615347 
59332.318679069758 
59332.247825774240 
59335.037817590499 
59335.057195566646 
59335.055270496909 
59335.027707316811 
59335.033030273124 
59335.029717894678 
59335.019301211185 
59335.026210003496 
59332.208523478555 
59332.222179866760 
59335.052688276286 
59332.190817218987 
59332.193534671635 
59332.197537968670 
59332.267698096381 
59332.264166675785 
59332.253882149795 
59332.264619047222 
59332.361840587349 
59332.356464831289 
59332.342782467422 
59332.422262479551 
59332.381691912080 
59332.371264884932 
59332.420453605933 
59332.430797592977 
59332.439897111035 
59332.396364061657 
59332.288846839787 
59332.260996615885 
59332.235991517009 
59332.313678482191 
59332.289429171142 
59332.304597678682 
59332.277414639306 
59332.329058940690 
59332.250565003771 
59332.211275484951 
59332.255779347681 
59332.286927021421 
59332.221575536925 
59332.221909216198 
59332.228205619969 
59332.225798786189 
59332.298908110693 
59332.293709387690 
59332.218959389516 
59332.217786755100 
59332.229000609252 
59332.254861233880 
59335.061170906178 
59335.054600814889 
59335.054913589076 
59335.085546939044 
59332.192933063052 
59335.076490091051 
59335.076490091051 
59335.068945122897 
59335.070502832379 
59335.070768129721 
59332.196740115374 
59332.196571148364 
59332.225047107677 
59332.271742365621 
59332.233980666191 
59332.198405515577 
59335.067964295013 
59335.057406517539 
59335.051131931876 
59332.227403469027 
59332.214577198807 
59334.930718950003 
59334.999135725651 
59332.222747274158 
59332.289992860082 
59332.291276150085 
59332.255979112626 
59332.262228702610 
59332.195746335674 
59335.057438104908 
59335.057875687300 
59335.068776224827 
59335.016272376022 
59335.039235098629 
59335.066736474495 
59335.067655867402 
59332.251843407277 
59332.286927055284 
59332.264489999157 
59332.203545301723 
59332.190118422848 
59332.230585642552 
59332.233404837003 
59332.236639672548 
59335.016125708586 
59335.026007335713 
59334.989005281699 
59334.995732466021 
59334.907688702348 
59334.883351728073 
59334.866076054539 
59334.842159824737 
59334.923932955367 
59334.927124170303 
59334.943559067615 
59334.989935721795 
59335.028859999489 
59334.987828473248 
59334.963861291697 
59335.015949684297 
59335.018728651077 
59335.025035082304 
59332.310932252178 
59332.249351408936 
59332.246890962022 
59332.296119645427 
59332.286095694610 
59332.203421133592 
59332.249415732113 
59332.206480661094 
59334.984153959398 
59334.980685606715 
59335.000820385656 
59335.024154623461 
59332.195658195480 
59332.201881806686 
59335.002529171303 
59334.985769506937 
59334.965910414852 
59332.194432332355 
59332.228439411476 
59335.062546850379 
59335.012020061120 
59332.206915078088 
59332.203542608317 
59334.991934766280 
59334.992782972193 
59334.966226123615 
59334.970285329116 
59334.947135863295 
59334.970783452765 
59334.979262533052 
59335.025305295072 
59332.247932392253 
59332.197697499592 
59332.202739271990 
59334.991113910306 
59334.946378937173 
59334.927747476111 
59334.925495595002 
59334.946663366922 
59334.960556955375 
59334.926135202259 
59334.891225438652 
59334.920997178051 
59335.035182458691 
59335.023796072390 
59335.013817024483 
59335.045952671127 
59332.190212272173 
59332.279941276414 
59332.230502124999 
59332.305146551633 
59332.212442057127 
59332.205427687375 
59334.925832571498 
59334.930271785423 
59334.997433889766 
59334.816576913901 
59334.777400459767 
59335.027919347580 
59335.034542083100 
59334.984640889445 
59334.965828977358 
59334.975431030187 
59334.921256000744 
59334.928009124931 
59334.942603694319 
59334.895432307268 
59334.871640321129 
59334.926689287582 
59334.929169136085 
59334.896076122008 
59334.909764580538 
59334.927536397598 
59334.936362659493 
59334.940902470727 
59334.935516444573 
59334.917913063575 
59334.999885822392 
59334.944157656253 
59334.948158157211 
59334.944985392132 
59334.794611545418 
59334.778051732363 
59334.881042919755 
59334.897678517431 
59334.922789765486 
59335.018047770318 
59335.041654873690 
59332.281707309136 
59332.282872523443 
59332.302455834702 
59332.286191444720 
59335.065405320907 
59335.059540276343 
59332.238538872341 
59332.223418725138 
59332.320525345334 
59332.306872160203 
59332.310045135215 
59332.271181627824 
59332.273909403804 
59332.247455258817 
59332.266638649831 
59332.262548504914 
59332.266236812255 
59332.210601699124 
59335.049578245766 
59335.039808998445 
59334.990975186520 
59334.601274474247 
59334.730497076474 
59334.881944699810 
59334.895929993239 
59334.939641645993 
59334.924600890743 
59334.894553970487 
59334.819577140210 
59334.941272212818 
59334.890044629377 
59334.932436185001 
59332.200213811273 
59335.040100979066 
59332.228359088207 
59335.042566160540 
59332.259672637949 
59332.208221744178 
59332.205711921277 
59332.237738775526 
59332.240528986324 
59332.197507639044 
59332.283204453641 
59332.262616638407 
59332.233108211651 
59335.001178499449 
59332.202266813591 
59332.226551041778 
59332.287607443024 
59332.301499675319 
59332.395215595461 
59332.190076713006 
59334.991410771385 
59335.005500894855 
59335.013784072413 
59332.198096421940 
59332.317580705407 
59332.245591210318 
59335.045596985736 
59332.318352399219 
59332.276982787589 
59332.260729282651 
59332.296855523666 
59332.209006901154 
59335.011122814358 
59334.881569716017 
59334.799411172738 
59334.993450357935 
59334.975831063268 
59334.900867608209 
59334.976636235901 
59334.927211120092 
59334.854970646207 
59334.848100044976 
59334.887566394995 
59334.937489892691 
59334.941467736855 
59334.975913886949 
59334.920196208201 
59334.971578926408 
59334.936678515420 
59334.793501082633 
59334.919938877509 
59334.984136900857 
59335.009303752944 
59332.252344025226 
59332.215854276059 
59332.209883121657 
59332.238474874481 
59335.013535404098 
59332.219431825593 
59335.058292548449 
59332.211895689870 
59332.312192990888 
59332.251501418330 
59332.230012943153 
59332.263504245559 
59335.073558688899 
59335.036777983376 
59335.066675592396 
59335.065899762390 
59332.193487724209 
59332.240530494950 
59332.208743196577 
59332.265745773904 
59332.258484258797 
59335.058589070919 
59332.231804175557 
59332.226839758085 
59332.211677338251 
59332.197937939891 
59332.207062972324 
59335.041341169359 
59332.219166794406 
59334.993490562127 
59335.042237442896 
59332.295675820824 
59335.062059784810 
59335.034836059509 
59332.241603538816 
59335.059624237365 
59332.352388276842 
59332.320161951880 
59332.401193916667 
59332.191622172468 
59335.066348603075 
59332.201896144194 
59334.989804627694 
59335.015497697037 
59335.001490272763 
59334.934733316280 
59334.931920821669 
59334.987879515968 
59334.988514381563 
59334.972200767072 
59334.961046231350 
59335.054359526468 
59332.237663344669 
59332.228259437063 
59332.229226369440 
59334.930471448424 
59334.995267675942 
59334.984910345571 
59334.976380787157 
59332.278813358556 
59335.022973278537 
59334.920392087952 
59334.863360060401 
59334.940327990786 
59334.945102365709 
59335.031024916709 
59334.945726475358 
59334.880016268144 
59334.869333244555 
59334.940721815707 
59335.037763044158 
59335.052377151420 
59335.017221419163 
59334.980174448538 
59334.962680150667 
59334.986180526677 
59334.909737836126 
59334.901047718304 
59334.973139571637 
59335.041896254719 
59332.214833886806 
59335.030606206543 
59334.994434046588 
59334.945119495336 
59335.018578433708 
59334.981465387747 
59334.944452931843 
59334.798547020662 
59334.978792861504 
59335.009815794401 
59335.045959328876 
59334.961356811342 
59334.962795780215 
59334.905733751249 
59334.877779661132 
59334.862306052280 
59334.876896052192 
59334.924974898160 
59334.849343193135 
59334.937775953535 
59334.978798419397 
59334.994537033519 
59332.223406388446 
59332.223474525665 
59332.276661514166 
59332.236440009721 
59332.251660553331 
59332.271448493419 
59332.202213120894 
59332.282735583474 
59332.263611787530 
59332.196055651497 
59334.993803379592 
59335.016105102542 
59335.005370140498 
59334.986060139861 
59335.022100762631 
59334.957680708481 
59335.048055354659 
59335.039940410265 
59335.039940410265 
59335.009516002676 
59335.066074504481 
59335.056545495914 
59335.030265715177 
59335.008685658577 
59332.256260232811 
59332.265312168718 
59332.200390107340 
59332.193773792933 
59335.046795922906 
59335.051057727280 
59332.215268863234 
59332.202607574356 
59332.213045928009 
59334.992062089186 
59334.974624891795 
59334.986362171032 
59334.963540256460 
59334.929962711554 
59334.887083370733 
59334.863425775009 
59334.814046853644 
59334.876448651594 
59334.908486597909 
59335.010826297847 
59334.986025806473 
59335.021848323755 
59335.000218700552 
59334.931903639299 
59334.939487960990 
59334.906531041335 
59334.886205056806 
59334.945528989316 
59334.893610523286 
59334.894615334240 
59334.880704733914 
59334.918862926475 
59334.918516391532 
59334.994123178505 
59335.019910191433 
59335.019168419771 
59335.021256456188 
59335.047906972395 
59334.930723489488 
59334.928151250460 
59334.938654350066 
59334.959359782217 
59335.032897813653 
59335.023704054467 
59334.947007605668 
59334.957966673093 
59332.205439990132 
59335.073232148861 
59332.233934222379 
59332.237664864297 
59332.297277990780 
59332.278957559189 
59332.224198659263 
59332.358648523834 
59332.332455859490 
59332.299311915980 
59332.268433791796 
59332.218314465950 
59332.245041089300 
59335.051043341446 
59332.209820945609 
59332.248719179137 
59332.303479833245 
59335.060793596451 
59332.239898341992 
59332.191900510617 
59332.432655684563 
59335.065202159341 
59332.243032154482 
59332.285406825635 
59332.254379815480 
59332.253685779586 
59332.251900393516 
59332.288621776308 
59332.282514296538 
59332.375968007640 
59332.393841913836 
59332.348681434734 
59332.275523184580 
59332.279825872385 
59332.270551879286 
59332.243155969620 
59332.250388004744 
59332.395170119475 
59332.397727825657 
59332.408754535158 
59332.413862124136 
59332.356606525114 
59335.046665173773 
59335.045770260243 
59335.014446352892 
59332.246121650373 
59332.261496220330 
59332.263265818692 
59332.263265818692 
59332.205854777465 
59332.201835463253 
59332.243931354307 
59334.999235617637 
59334.992408003964 
59335.017297139137 
59334.999233216768 
59335.023078738777 
59334.977554889512 
59335.014291265310 
59335.043282728919 
59334.975886301734 
59334.969347465849 
59334.900705201355 
59334.905624467166 
59334.919292456099 
59334.916228362017 
59334.810283428436 
59334.795547386930 
59334.861820232065 
59334.830932194767 
59334.810459327819 
59334.840819501827 
59334.846192966841 
59334.846974197702 
59334.807372386196 
59334.771235959102 
59334.862848311037 
59334.964284823604 
59334.998864248533 
59332.261168901394 
59332.294288495155 
59332.303396616604 
59332.194841228149 
59332.301282683926 
59332.341030235693 
59332.275992124341 
59332.226688559116 
59332.244306624765 
59332.276992103318 
59332.195584252644 
59332.269225363329 
59332.303499608075 
59332.360072440308 
59332.326065705383 
59332.301657683027 
59332.235923028922 
59332.232182133404 
59332.249913853208 
59332.296054650120 
59332.291318209383 
59332.304099865258 
59332.342280277575 
59332.316459384492 
59332.376206552093 
59332.342325809906 
59332.291408034413 
59332.420022851977 
59332.372275451096 
59332.270644261596 
59332.389488294888 
59332.415707015898 
59332.428475647866 
59332.295099483832 
59332.338871211534 
59332.263322012477 
59332.234183816770 
59335.036002539717 
59332.205746077147 
59332.223999149093 
59334.990420706737 
59334.948050237064 
59335.035770956289 
59332.215916046676 
59335.035962844398 
59332.205621434878 
59332.251151305180 
59332.257898696567 
59332.356041800580 
59332.263635943775 
59332.223967891725 
59332.472984374261 
59332.342367976125 
59332.391111876364 
59332.212577688624 
59335.062740997600 
59335.073281127501 
59332.281840272466 
59335.031509937828 
59334.973742736322 
59334.819983385554 
59334.841689716224 
59334.890976331757 
59334.840930149418 
59334.877855436629 
59334.851378853062 
59334.854000514482 
59334.790920940475 
59334.863702565570 
59334.886590947041 
59334.907278110353 
59334.885058380329 
59334.920725764372 
59334.866781668599 
59334.842710444595 
59334.946001513083 
59334.873058137222 
59334.864880511435 
59334.911879296378 
59332.274318019241 
59335.036907028210 
59335.020175180107 
59335.032940395940 
59334.967816207980 
59334.997898171736 
59334.812075120848 
59334.866478899130 
59335.089241593116 
59334.862454529124 
59334.899266796187 
59334.964553917744 
59334.819274856127 
59332.226041970753 
59335.008303272094 
59335.036662165359 
59332.224133163545 
59332.214936914381 
59332.260730067355 
59334.975872541108 
59335.078345602858 
59332.339629565577 
59332.344161533692 
59332.319749612034 
59332.230078546592 
59335.045678171897 
59335.018725389295 
59335.036994021255 
59335.025049928918 
59334.807261573384 
59334.867692568099 
59334.913421969788 
59334.975416393550 
59334.959780318524 
59334.972827348683 
59334.949726031853 
59334.953734938041 
59334.894689660650 
59335.043039297765 
59332.287312918372 
59332.417705681102 
59332.401012269976 
59332.388008140020 
59332.388053018083 
59332.236551758542 
59332.245454387710 
59332.256387124646 
59332.258077592385 
59332.274497254060 
59332.306812460898 
59335.026915685725 
59334.961438457758 
59334.956507720206 
59334.959490231835 
59334.949873094673 
59334.989542809381 
59335.037487193942 
59335.017718034003 
59334.993936922328 
59334.935288930996 
59335.059720527846 
59334.985237643428 
59335.014700016887 
59332.237284855582 
59332.220872610713 
59335.010455996708 
59335.018509362664 
59334.997759749640 
59334.921553440407 
59335.019357244688 
59334.996241639339 
59332.258972665026 
59332.257261615778 
59335.052310914965 
59334.977495037347 
59334.918830769027 
59334.868911063357 
59334.971498732033 
59335.028976863163 
59335.050349113939 
59332.200049765081 
59332.285120195309 
59332.339706686951 
59332.245883178439 
59334.857864436155 
59334.798076331805 
59334.893125995106 
59334.966050170879 
59334.873181710544 
59334.834051865160 
59334.836139581159 
59334.862428437184 
59334.924276566482 
59334.872384226233 
59334.883079519866 
59334.842274451737 
59334.878490711933 
59335.042402999359 
59332.200811933726 
59335.060471512050 
59335.048629123070 
59335.006899094267 
59332.214074107142 
59335.000605053450 
59332.203912298348 
59332.350959192467 
59332.277177370692 
59332.244620113823 
59332.300324614029 
59335.011435472814 
59335.017928450463 
59332.219052379267 
59334.912590748274 
59334.979288412105 
59334.948163715781 
59332.194482621147 
59332.211938230153 
59332.284214703272 
59335.030511635967 
59334.953755016890 
59335.040609127340 
59335.039844485582 
59335.054777864410 
59332.363259647595 
59332.237862047521 
59332.279732961768 
59332.284611664611 
59332.252235235741 
59332.358297945750 
59332.333092178800 
59332.345815725028 
59332.365027041829 
59332.320139381845 
59332.393372490245 
59332.328722090278 
59332.300845505495 
59332.335549538191 
59332.384895389929 
59332.464094819326 
59332.406368727177 
59332.387420200001 
59332.546341754052 
59332.423055636311 
59332.507977554364 
59332.479265065929 
59332.356902114669 
59332.425278868046 
59332.356096534299 
59332.408081476671 
59332.365136496104 
59332.341618314611 
59332.220602637877 
59332.232573207308 
59332.284979648481 
59332.268755536570 
59332.278758269844 
59332.329944088844 
59332.331371473600 
59332.409157329254 
59332.452990093399 
59332.375458592775 
59332.386414647735 
59332.391534791306 
59332.264524008802 
59332.445723175726 
59332.322338677157 
59332.302245471488 
59332.377224067306 
59332.376373860374 
59332.339407276173 
59332.291459931374 
59332.289516588469 
59332.461765873522 
59332.385545105732 
59332.327940782729 
59332.297339169992 
59332.407626143970 
59332.382734208877 
59332.391153454038 
59332.459629127421 
59332.399201592663 
59332.359913343091 
59332.366850499333 
59332.446010598229 
59332.508397979502 
59332.350782168585 
59332.335834200843 
59332.376459453510 
59332.343770785767 
59332.327721516594 
59332.264997370155 
59332.268819549608 
59335.026606987922 
59335.006793922228 
59334.980536878575 
59332.194971635290 
59332.226335261323 
59332.219252203045 
59335.014503081773 
59335.060457242602 
59332.300634646992 
59332.240707364086 
59332.310152206526 
59332.279656334955 
59332.301387784624 
59332.192464176136 
59335.063573075968 
59335.073112525875 
59332.192988830102 
59335.075558459735 
59332.225205251409 
59335.033829860331 
59332.210178739617 
59332.194733853350 
59332.251585888691 
59332.240382813914 
59332.288574038073 
59332.308790011033 
59332.353995648533 
59332.295032468872 
59332.341408846354 
59332.249612422071 
59332.241736687509 
59335.051280717918 
59332.317270751642 
59332.275850828810 
59332.303192577485 
59332.220396116398 
59332.260755523450 
59332.264535643211 
59332.310286494583 
59332.249910375729 
59332.254741698656 
59332.265893608936 
59332.406461152474 
59334.977967653096 
59334.992675157941 
59332.197851912235 
59335.032683177793 
59335.076267727170 
59335.056399622787 
59335.067255359274 
59332.221606729887 
59332.192165494307 
59334.991636750390 
59334.957431041032 
59334.977652126167 
59334.994610170274 
59334.964125023187 
59334.974811255837 
59334.979964034581 
59334.985302959067 
59334.997049665108 
59335.003379872542 
59335.023805966885 
59335.006318257416 
59335.016613094020 
59335.006098578400 
59332.193721059884 
59332.198341233248 
59332.201093919284 
59335.063035334533 
59335.063035334533 
59335.056309815751 
59335.000814399988 
59334.999368011930 
59335.000269099655 
59334.985687378961 
59335.059517160167 
59334.987625909504 
59334.931665847791 
59334.917442659433 
59334.913633733559 
59334.940603551680 
59334.909684940329 
59334.914243909705 
59334.967495269142 
59334.914142128568 
59334.919368367337 
59334.967762793356 
59335.041968941296 
59335.042256342473 
59335.030783541020 
59332.194691750075 
59332.216414559742 
59335.069961015608 
59332.191456840657 
59332.200975757318 
59335.063700344130 
59335.051814333463 
59335.021313468606 
59334.998767508216 
59334.998132022112 
59334.984568571577 
59334.993754756855 
59334.936308564917 
59334.942247487255 
59334.889150017108 
59334.874867167826 
59334.875938114543 
59334.868682952176 
59334.868303673313 
59334.883780895390 
59334.860729124746 
59334.904785935665 
59334.879676890741 
59334.913793520129 
59334.896623774082 
59334.928226904718 
59334.933617502982 
59334.948514115866 
59334.876709119213 
59334.888854265060 
59335.032340427490 
59335.033690077798 
59335.066910436726 
59332.214770612343 
59332.295933354282 
59332.231337301986 
59332.244060669604 
59332.304500882048 
59332.291774629397 
59332.291774629397 
59332.355265612699 
59332.294832008127 
59332.334111005206 
59332.230574047178 
59332.259949241670 
59332.212965231913 
59335.025488347950 
59335.057071273775 
59335.063806711441 
59332.293139098285 
59332.191310517672 
59335.061657341335 
59335.021567656571 
59334.931868460568 
59334.924420527590 
59332.242107789891 
59332.215595650523 
59332.339010650285 
59332.342162741596 
59332.240807420458 
59332.291223756780 
59334.994298548139 
59332.308773064869 
59332.212712631437 
59335.065966643262 
59332.191158746857 
59335.007415962507 
59334.971278007943 
59335.043642165940 
59334.903807581388 
59334.939828899063 
59334.989304080635 
59334.873919988328 
59334.867221293141 
59334.932262272327 
59334.943377714982 
59334.980168031434 
59334.974126111665 
59332.198570670138 
59332.332601948852 
59332.315357781874 
59332.298353892947 
59332.410428649266 
59332.360956270022 
59332.371022746556 
59332.285200110156 
59332.403247347465 
59332.360821937014 
59332.288901950829 
59332.423654489117 
59332.368633980252 
59332.256095434692 
59332.254679646459 
59334.902123866093 
59334.774327762134 
59334.845238717717 
59334.863232057636 
59334.937178675740 
59334.962416971983 
59332.264204454856 
59332.209930303972 
59335.045231150594 
59334.978921218339 
59334.997333204345 
59332.214483028605 
59334.960233984486 
59334.969011569781 
59335.018368465149 
59335.013864998109 
59334.996375087998 
59334.878987399388 
59334.788377026845 
59334.812955797614 
59334.915555800777 
59334.883495196795 
59334.796496436749 
59334.870218317432 
59334.908580797717 
59334.930013260913 
59334.967384163429 
59335.061111129733 
59334.984868908381 
59334.777107744048 
59334.741408368980 
59334.785059261660 
59334.752366827088 
59334.856262932444 
59334.901901300160 
59335.005486782982 
59335.037526206499 
59334.825477829283 
59334.791779508312 
59334.800287515354 
59334.924944839593 
59334.985032793425 
59334.974529105013 
59334.801161458985 
59334.862198661249 
59334.803502331328 
59334.925840620206 
59334.847849866652 
59334.812021710219 
59334.883008248289 
59334.987548791585 
59335.016111515375 
59335.033409349009 
59332.189818688363 
59335.072844303882 
59335.020705986673 
59334.928585896487 
59334.889009982384 
59334.909545714640 
59334.959828378815 
59334.915939069528 
59334.908639219953 
59334.923886807461 
59334.945601045787 
59334.979660977740 
59334.992867845445 
59335.031424575223 
59332.195463344186 
59334.992165357093 
59334.981592660813 
59334.999003984864 
59335.016584685283 
59335.003807755165 
59335.010575548884 
59335.023975008131 
59332.192360035435 
59334.981833498307 
59334.955757343880 
59334.995818378527 
59334.977719505470 
59334.984936273111 
59335.067156495490 
59334.881208729952 
59334.961166399597 
59334.960403668192 
59334.947723035497 
59334.767992241272 
59334.727138592760 
59334.680165309575 
59334.747096319006 
59334.829185420218 
59334.939420058377 
59334.944682111571 
59334.978113394041 
59335.006233535758 
59334.912228804016 
59334.898176150309 
59332.248873700701 
59332.219251552902 
59332.259661721509 
59332.356565963601 
59332.190086866074 
59332.250480201095 
59332.274525214918 
59332.270434595717 
59332.367874247611 
59332.285945569485 
59332.274255325734 
59332.279263717217 
59334.964852022415 
59334.975545138630 
59334.973020363461 
59334.983063206011 
59334.949041053871 
59334.957305554854 
59334.901501461194 
59334.886011781346 
59334.893765823159 
59334.902115862373 
59334.924879986058 
59334.962246757845 
59334.930390880509 
59334.909843260095 
59334.907962056692 
59335.010055908861 
59335.012406042268 
59335.011339265591 
59335.063882994524 
59335.062501224296 
59335.037239432233 
59335.030718164395 
59335.003803346815 
59335.011882321262 
59335.002473530491 
59334.975105223602 
59334.954373507811 
59334.960367215455 
59334.950838970908 
59334.962216351560 
59334.981596309073 
59334.976555289650 
59335.040598192216 
59334.997265596787 
59335.035867595652 
59332.194120187487 
59332.333826587324 
59332.341541149442 
59332.312443143637 
59332.332657207502 
59332.365577084020 
59332.266028318125 
59332.333564538414 
59332.309174160400 
59332.293347191619 
59335.037185864188 
59335.060431591955 
59332.231529861230 
59332.227466665092 
59332.349107364586 
59332.338396055988 
59332.345565094402 
59332.267821388239 
59335.042798548355 
59332.244881716106 
59332.322774878216 
59332.328785720470 
59332.202667284881 
59332.217901387157 
59332.262909706529 
59332.267043357198 
59332.426805261559 
59332.281189236572 
59332.225312842318 
59332.204213372046 
59332.290000094486 
59332.324893399375 
59332.311758083779 
59332.272013011228 
59332.272069038547 
59332.331564053849 
59332.332939013060 
59332.342971330931 
59332.365007122018 
59332.295344372331 
59332.229397940057 
59332.367078978335 
59332.388485066112 
59332.326023810703 
59332.388835724370 
59332.271338237602 
59332.261976834598 
59332.226926055890 
59332.286187283229 
59332.274109548969 
59332.265319454127 
59332.296799049196 
59332.277096238795 
59332.199002352878 
59332.198810116017 
59332.202136762447 
59332.210089124244 
59332.342418672677 
59332.434617215600 
59332.387087440809 
59332.341507265075 
59332.348398232258 
59332.334505498337 
59332.425155144716 
59332.221438731147 
59332.291097042158 
59332.322181695548 
59332.227818874868 
59332.287509331749 
59332.256152655202 
59332.195723976045 
59332.253202608132 
59332.340621394411 
59332.359929463404 
59332.506731823072 
59332.273458599018 
59332.504638421487 
59332.435567492364 
59332.355492102681 
59332.456836474848 
59332.348310253830 
59332.281449420938 
59332.286579139502 
59332.398665606474 
59332.406594833439 
59332.274271718496 
59332.303662269842 
59332.438820009011 
59332.412848160347 
59332.374419356034 
59332.414574611605 
59332.392405528168 
59332.410829130291 
59332.386710790030 
59332.321565075057 
59332.352797495900 
59332.269822281130 
59332.257294001305 
59332.327590999332 
59332.340234386320 
59332.329921618410 
59332.375985065613 
59332.405113761117 
59332.310462648064 
59332.222718533150 
59332.246265084024 
59332.281504624247 
59332.255051522458 
59332.267560335997 
59332.345437668409 
59332.394186361649 
59332.295030173133 
59332.422244399408 
59332.271898829727 
59332.353051090089 
59332.381633425408 
59332.334524092621 
59332.279641925030 
59332.247219800251 
59332.260682054010 
59332.248345081069 
59332.355394660379 
59332.236462850502 
59332.303591545293 
59332.366708850590 
59332.193489294397 
59335.002639282320 
59335.003438311949 
59332.339947279535 
59332.348395623114 
59332.384762427653 
59332.369722932584 
59332.338220876984 
59332.222933739504 
59332.305418490447 
59332.233802932664 
59332.313994661759 
59332.275271243001 
59332.293415643653 
59332.351495214913 
59332.257292754985 
59332.250152637651 
59332.247047061748 
59332.254993406415 
59332.357907866230 
59332.357185417786 
59332.371165747951 
59332.366622411537 
59332.289091504288 
59335.062675482128 
59335.063655807789 
59332.220800451018 
59332.228800348836 
59332.221405712808 
59332.202702297749 
59332.239998629819 
59332.212532048768 
59332.205320102425 
59332.191096301081 
59332.211026952151 
59332.240545375542 
59332.292079746250 
59332.291670992170 
59332.192963175425 
59332.246023308857 
59334.895941592738 
59334.876210567410 
59334.878202968866 
59334.870652972553 
59334.893225010121 
59334.811199402822 
59334.828328513031 
59334.866177978030 
59334.823501411382 
59334.862345519839 
59334.875438118928 
59334.752523661336 
59334.679385452648 
59334.671282938085 
59334.762533220251 
59334.750044282671 
59334.762957976542 
59334.777441256309 
59334.856347355191 
59334.790617185528 
59334.770510671820 
59334.752919432132 
59334.773121464066 
59334.780063327074 
59334.831884445797 
59334.905086481944 
59334.885040154484 
59334.877677466400 
59334.876798382138 
59334.873871327691 
59334.781059819572 
59334.864202177421 
59334.877603152454 
59332.211311136569 
59332.402068332172 
59332.326800273215 
59332.236619931849 
59335.058864240156 
59335.004871061319 
59335.069601509094 
59332.246429665276 
59332.282065264648 
59332.311507225146 
59332.384429541649 
59332.414260547310 
59332.322662047525 
59332.234660164708 
59332.203365639965 
59332.307071486975 
59332.400972894779 
59332.371359825775 
59332.506025054317 
59332.310194484868 
59335.041827574947 
59334.969759189284 
59335.042339584121 
59332.191297383179 
59335.045431519306 
59335.019510877224 
59334.986731984929 
59335.021899991814 
59332.255603292651 
59332.272507779991 
59332.281768669047 
59335.037869589156 
59335.058383393240 
59332.274135400396 
59332.299818610576 
59332.297607096341 
59332.313392590164 
59332.297492879297 
59332.311621436966 
59335.038986656829 
59332.327497256287 
59332.300313973115 
59335.050082744412 
59335.010531093307 
59334.969576136064 
59335.000702874902 
59334.913456821116 
59334.882216160579 
59334.993305584423 
59334.892340089806 
59334.789789535484 
59334.864505829748 
59334.877173704619 
59334.690825452570 
59334.766109423865 
59334.510691557101 
59334.772953487169 
59334.707033672028 
59334.723932260291 
59334.675458970676 
59334.819045309436 
59334.838511761642 
59334.766965529481 
59334.710308111433 
59334.684343056513 
59334.656719061306 
59334.847268200887 
59334.786968227119 
59334.813912633355 
59334.844225464054 
59334.856155083253 
59334.783634255058 
59334.796653059471 
59334.835706198588 
59334.846569204739 
59334.815299656249 
59334.800822716279 
59334.780150758197 
59334.798101521184 
59334.883160352088 
59334.812794083562 
59334.849567379431 
59334.778817782470 
59334.720846751567 
59334.757676257323 
59334.815048601609 
59334.780679026109 
59334.791793523000 
59334.821976222913 
59334.581694820852 
59334.761078435266 
59334.741372600867 
59334.758345576622 
59334.826140175624 
59334.798901560680 
59334.899099103219 
59334.899841018945 
59334.928273712598 
59334.900249966224 
59334.906367625386 
59334.972748420965 
59334.986109489000 
59335.021689075162 
59335.027033003840 
59335.054405139344 
59335.027909309778 
59335.032918463585 
59334.980701733781 
59335.025499445997 
59334.951693766103 
59335.013161871801 
59335.000108601140 
59335.004935088611 
59334.971593713599 
59334.972287278644 
59334.944298735143 
59334.992351850415 
59332.190613979197 
59335.012092151672 
59334.979931823094 
59334.935520327519 
59334.922138393173 
59334.854807318705 
59334.894018682928 
59334.853334619176 
59334.855395033796 
59334.836123833971 
59334.824080878032 
59334.814668450017 
59334.791111054525 
59334.777607727345 
59334.802487783847 
59334.914379510643 
59334.801855184887 
59334.724438272737 
59334.695875637808 
59334.795250573086 
59334.666436228450 
59334.824290123601 
59334.793952857166 
59334.742914234404 
59334.661421390832 
59334.729207462573 
59334.752689628731 
59334.838044476885 
59334.786430708518 
59334.838303692799 
59334.837711192769 
59334.858069573078 
59334.944517301905 
59334.964101503232 
59334.966662700012 
59334.943063508807 
59334.940786629115 
59334.858528434415 
59334.869802444431 
59334.929320598552 
59334.901077862480 
59334.881477009352 
59334.913805460899 
59334.888004695036 
59334.852248352821 
59334.854431163709 
59334.872283524855 
59334.791341054341 
59334.786601579734 
59334.758378813101 
59334.841582657944 
59334.826424330837 
59334.826759849027 
59334.829612074966 
59334.835287466958 
59334.812421202383 
59334.743006666889 
59334.770886629871 
59334.887148018235 
59334.885625410971 
59334.814419869210 
59334.831498714986 
59334.820098538577 
59334.803646678607 
59334.798336646170 
59334.810133815168 
59334.791362976277 
59334.880128350356 
59334.875423790167 
59334.921790625842 
59334.902434412397 
59334.919309182864 
59334.963783349260 
59334.999341364382 
59334.988248428119 
59334.969101630944 
59334.990123475116 
59335.010505928243 
59334.950431370751 
59334.933050643951 
59334.908635015170 
59334.897916419832 
59334.840417829342 
59334.936019016779 
59334.892975172159 
59334.919987258218 
59334.896500940878 
59334.866093573641 
59334.860182135926 
59334.801423992809 
59334.847126485685 
59334.946900939467 
59334.913747698403 
59334.830739317993 
59334.868058672582 
59334.935259757163 
59334.984904726371 
59334.923456820434 
59334.971734618804 
59335.028610940724 
59335.037740973370 
59335.050992006698 
59335.048265401922 
59335.040194856985 
59335.054324954304 
59332.255278998455 
59332.192304800257 
59332.209981484317 
59332.340880897071 
59332.341425391969 
59332.336470751980 
59332.266760354534 
59335.044202980505 
59335.012546930499 
59335.032696315619 
59332.193458080052 
59335.052656126776 
59332.196177355152 
59332.256086197471 
59332.246633407245 
59332.309854153915 
59332.325606902385 
59332.222491748580 
59332.246543950445 
59332.225817598679 
59335.070667114116 
59332.195612001487 
59335.068820926012 
59335.044676174264 
59332.227904453641 
59335.065999479943 
59332.229145771598 
59332.213163298809 
59335.046329349971 
59332.362078694277 
59332.414638581526 
59332.306139341839 
59335.005556396238 
59332.198343434473 
59332.248684708604 
59332.358588719289 
59332.358624878718 
59332.309424688014 
59332.269738661889 
59332.226281237505 
59332.325768032351 
59332.292191914137 
59332.308945044613 
59332.263273347184 
59332.216041951579 
59332.197359603000 
59332.208274929260 
59332.198927690290 
59335.041966138146 
59335.053793401668 
59335.035943073468 
59335.061078181527 
59335.044732037422 
59335.011645446757 
59334.997431042430 
59334.946539408229 
59334.979059995203 
59334.991052069905 
59334.959124630710 
59334.964744219033 
59334.941108296363 
59334.951042393295 
59334.954133545965 
59334.935527385431 
59334.936591497280 
59334.967597180264 
59335.005596435927 
59334.938651303586 
59334.940093339515 
59334.989228400555 
59335.006255565138 
59335.002252516024 
59335.012740810562 
59335.022946317971 
59334.992196634550 
59334.993039710811 
59335.022481079453 
59334.961976090679 
59334.976829426298 
59334.954963865748 
59334.886288400528 
59334.902584095609 
59334.875435639406 
59334.895386330369 
59334.950854339535 
59334.974406434107 
59334.948234186239 
59334.930983728438 
59334.926558265390 
59334.914909059109 
59334.909665126834 
59334.870056394298 
59334.871744812212 
59334.927012390603 
59334.801953840237 
59334.815830198902 
59334.776341567907 
59334.751187982314 
59334.780941718869 
59334.816585335713 
59334.994219343549 
59334.995018113055 
59335.018469192088 
59335.001628921185 
59334.982734335666 
59334.969327037841 
59334.977570166091 
59334.988443396709 
59335.039661882394 
59335.063465651438 
59332.226975611207 
59332.232370286867 
59332.349919007669 
59332.398807989244 
59332.193146942795 
59332.274048748041 
59332.278281392304 
59335.033841363373 
59332.194666228432 
59332.236802778163 
59332.235696451186 
59332.259496471292 
59332.353842948447 
59332.269095226067 
59332.251688789787 
59332.267092518159 
59332.215552371497 
59332.226567221740 
59332.205221762095 
59335.057856033498 
59334.945265213239 
59334.950631451466 
59334.994002873238 
59334.980191547926 
59334.940183194325 
59334.948327004626 
59334.964924560671 
59334.941791222649 
59334.909337015240 
59334.900411108734 
59334.909417000155 
59334.882331615976 
59334.850702601041 
59334.774537335965 
59334.826657017322 
59334.856972754569 
59334.839129522137 
59334.852466513024 
59334.918523636457 
59334.949597192513 
59334.946918475594 
59334.840143433372 
59334.849554733009 
59334.858723013560 
59334.789021692231 
59334.837718471150 
59334.893421144523 
59334.878232162358 
59334.956973554828 
59335.021481639531 
59334.983109892833 
59334.946857016381 
59334.954578181925 
59334.971760147506 
59335.002254872838 
59334.991939525724 
59334.903281523402 
59334.971305244093 
59335.024238805832 
59334.998412761226 
59334.933114256164 
59334.895210871233 
59334.900934455465 
59334.952311371169 
59334.861871772431 
59334.959953600708 
59334.938156460332 
59334.943388240179 
59334.893952574828 
59334.896959248981 
59334.863640053743 
59334.917347270064 
59334.929096269589 
59334.855927195291 
59334.863682288094 
59334.897304377606 
59334.882602631689 
59334.890346938264 
59334.926105294071 
59334.993439400423 
59334.990960673596 
59335.050792928349 
59335.010550850478 
59334.979061113518 
59335.003081619892 
59335.008571372033 
59335.032377289645 
59334.948243710656 
59334.957398699036 
59334.928796827466 
59334.932386077853 
59334.927051249048 
59334.951000820896 
59334.957101089080 
59335.010501931225 
59335.000270402081 
59335.014162558691 
59335.042823397307 
59332.208230199889 
59332.228046078148 
59332.245835074296 
59332.235800019982 
59332.191076390918 
59332.251266836320 
59332.331356760173 
59332.231970295834 
59332.254807955855 
59332.260178904762 
59332.239328702693 
59332.277995682001 
59332.296109632553 
59332.257132464722 
59332.267450153238 
59332.235837936074 
59335.046741403195 
59335.035607353253 
59334.921850194987 
59334.956919840362 
59332.239495959191 
59335.067162163614 
59335.049425614954 
59335.053435925431 
59332.206852169729 
59332.214069027519 
59335.054462853295 
59332.220556818895 
59332.190115696656 
59332.197411358269 
59332.257946756697 
59332.298058088192 
59332.272932544249 
59332.245829471554 
59332.301036326397 
59332.356584323388 
59335.048997178725 
59335.048567137681 
59332.199431747584 
59335.062881049394 
59335.067331886625 
59332.279440743267 
59332.284120778357 
59332.296102080574 
59332.277765971230 
59332.222039761546 
59332.238056993287 
59332.203161391568 
59332.223901894089 
59335.060104466371 
59332.307833434817 
59332.341478745540 
59332.261830959680 
59332.293107183490 
59332.279735707336 
59332.246168760794 
59332.245986913229 
59332.282255899263 
59332.280696259295 
59332.216597058214 
59335.040764336503 
59334.981899143946 
59334.931242013779 
59334.999347527802 
59334.898756221330 
59334.952639848540 
59335.031141336389 
59332.202117813700 
59332.286791578867 
59332.224581612129 
59332.284268566975 
59332.294845876626 
59332.298813482070 
59332.194011201820 
59335.062599816112 
59332.205352013916 
59335.021581906847 
59334.985992842448 
59334.886647744141 
59334.887955477701 
59334.953005505115 
59334.961162479674 
59335.007046427992 
59335.049045343090 
59334.981105709296 
59334.981295441168 
59334.964822189329 
59334.955775573151 
59334.958753256455 
59334.964992593406 
59334.981918597623 
59334.992522402594 
59334.967274906434 
59334.916308483902 
59334.987689162001 
59332.204781948196 
59332.254240938637 
59332.358916872479 
59332.287350534563 
59332.218460629556 
59332.223781374923 
59335.044755906325 
59335.046090164913 
59335.046305472359 
59332.197522799856 
59332.196821196347 
59332.248612152762 
59332.280291101553 
59332.321511611102 
59332.260643792157 
59332.237992917224 
59332.309784058998 
59332.359674049243 
59332.242798776591 
59332.195347273620 
59332.289640489718 
59332.277840979943 
59332.214946576831 
59335.041635075475 
59332.223942504323 
59332.240435173684 
59332.225356594732 
59332.225539428400 
59332.217425359609 
59332.230126092552 
59335.034497294138 
59335.039508349997 
59332.192822624893 
59335.014599960865 
59335.000158169867 
59332.205108813592 
59332.225580911741 
59332.217226811234 
59332.216952935181 
59332.224144277490 
59332.257617263516 
59332.241816589398 
59332.212725768084 
59335.032712314955 
59335.044943832188 
59334.996573905737 
59335.027369906187 
59332.256055581267 
59332.273914645484 
59332.305541375717 
59332.278653901158 
59332.211846940256 
59332.209921077490 
59335.006511221189 
59335.042303579379 
59335.053561393142 
59335.037374124819 
59335.060709802077 
59335.058847475157 
59332.200425478368 
59332.232892616623 
59332.231396585266 
59332.230361868271 
59332.245660503519 
59332.199692982234 
59332.271200667070 
59332.272416340391 
59332.273442982121 
59332.286495798442 
59332.245556196525 
59332.323159284599 
59332.325333993205 
59332.390334165684 
59332.306622467135 
59332.360379211495 
59332.294262005307 
59332.280879004167 
59332.233088132110 
59335.024762999637 
59334.993006606426 
59335.016540303346 
59334.988991956816 
59335.031010213977 
59334.918727215612 
59334.968404441184 
59335.021996549636 
59334.929366176009 
59334.961679946209 
59332.291430186786 
59332.265731634136 
59332.277628085525 
59332.236664047632 
59332.350122851487 
59332.295935558817 
59332.287609306346 
59332.287780579754 
59332.328485648235 
59332.349959405125 
59332.320813453269 
59332.248678202370 
59332.232319297400 
59332.218542926377 
59332.200543095067 
59332.198778762235 
59335.065514115377 
59332.282615059048 
59332.268006723098 
59332.206543209082 
59332.202956659501 
59332.189839317616 
59332.210826768511 
59332.211777557721 
59332.234250003610 
59332.211472282608 
59332.247901522031 
59335.041821903978 
59332.194348853627 
59332.223843956061 
59332.262325224387 
59332.221808424998 
59332.199538703571 
59335.032905120337 
59335.045547139489 
59335.035145037778 
59335.039476472302 
59335.041750802178 
59335.027514144567 
59335.028829439885 
59335.017875838639 
59335.012961853863 
59335.030750126236 
59334.989937976570 
59335.039781658794 
59335.016928593315 
59332.196423472764 
59334.996110943161 
59332.205135512748 
59335.017856860431 
59334.996733038359 
59334.993922702131 
59335.002320720771 
59335.028112166838 
59334.983018274514 
59334.905806769537 
59334.909266327479 
59334.911224106596 
59334.894548183074 
59334.916349033992 
59334.869207737502 
59334.839357588076 
59334.871846176589 
59334.869466522883 
59334.874323269498 
59334.854275502941 
59334.863224577086 
59334.870612787330 
59334.872792376926 
59334.871879811137 
59334.878115852327 
59334.880533863070 
59334.866780606390 
59334.861640757663 
59334.882901359728 
59334.921028454693 
59334.961319651360 
59334.966531689890 
59335.005310376378 
59335.003169235431 
59334.982299652329 
59334.987933289485 
59334.949040594634 
59334.951457110910 
59334.973042272592 
59334.960667831758 
59334.963843024780 
59334.968773970344 
59334.951530063045 
59334.957697531601 
59334.942093024940 
59334.998395699760 
59334.984113118124 
59334.992983760152 
59334.989957576778 
59334.973212525401 
59334.953530180552 
59334.944525276202 
59334.961861042771 
59334.965560393699 
59334.952439858018 
59334.948865927945 
59334.920195448656 
59334.924815231941 
59334.983206022502 
59335.005888462190 
59334.970402472587 
59334.966555659747 
59334.896526111719 
59334.945714995592 
59334.947023492823 
59334.968711682857 
59334.928974017144 
59334.932122710932 
59334.905831055861 
59334.921372110024 
59334.891864183031 
59334.947974693947 
59334.896961797720 
59334.899426232325 
59334.886083633435 
59334.896295069622 
59334.936614174258 
59334.951800671413 
59334.973866906774 
59334.964463888398 
59334.963088629862 
59334.963150926618 
59334.972495839829 
59334.992062942954 
59334.985265997166 
59334.982843640180 
59334.932188088773 
59334.926996852577 
59334.920043932783 
59334.920734623498 
59334.922091518441 
59334.957348390388 
59334.867211631754 
59334.874419532396 
59334.843381939630 
59334.904485170373 
59334.899242410662 
59334.879161361321 
59334.861723355090 
59334.826082653686 
59334.864510437837 
59335.031300749040 
59332.193913113355 
59335.034748406302 
59332.243799291129 
59332.313891106103 
59335.015145332174 
59332.214858257677 
59334.972258908754 
59334.974002768395 
59334.882160007895 
59332.208376167073 
59332.339603823631 
59332.231255718289 
59332.299889598733 
59332.363081400326 
59332.405290487426 
59332.355619954273 
59332.404509269283 
59335.007244646928 
59335.069128254108 
59335.003577020914 
59335.041501486143 
59332.221381858115 
59332.342127231706 
59332.334295944100 
59332.440209314373 
59332.249913785665 
59332.285543414226 
59332.295879143632 
59335.044196723749 
59334.890897228441 
59334.988358546318 
59332.210515060418 
59335.057240467358 
59335.020116876578 
59332.191058534743 
59334.993129481096 
59332.236210337971 
59335.039225533677 
59334.828866769720 
59335.037264403159 
59335.037740226602 
59334.990297695840 
59334.959974695659 
59332.206604665851 
59332.264561209071 
59332.396878249332 
59332.426358429249 
59332.204903713668 
59335.023057711915 
59332.194729669136 
59335.010712818766 
59334.978042249786 
59334.995050849720 
59334.832062116140 
59334.852977429211 
59334.859416536878 
59334.777523831035 
59334.869432304688 
59334.951228843296 
59334.945583753426 
59334.983967788074 
59334.988778106184 
59334.994095229231 
59335.061873801918 
59332.221893962487 
59332.240521519991 
59335.064344505408 
59335.030011500086 
59335.018586705875 
59332.363970519124 
59334.848046859195 
59334.787789620881 
59334.834491712172 
59334.768926421042 
59334.838895868714 
59334.903269805800 
59334.979927534034 
59335.009992295418 
59334.895831083857 
59334.964682548205 
59335.066164418044 
59332.208335379080 
59335.028967709986 
59335.046383815854 
59332.309265038653 
59335.041073929322 
59332.223230820564 
59335.002962359664 
59334.905938062184 
59334.989258055852 
59335.064842850123 
59334.948494214746 
59335.053618374703 
59334.868778279881 
59332.198651030143 
59335.051598857637 
59334.858644353844 
59334.889503501348 
59334.924404550096 
59335.025358428349 
59334.947711419409 
59334.986819026999 
59334.949238030000 
59334.922081727120 
59334.797169203914 
59334.829449472272 
59334.857809155903 
59334.913784556506 
59334.942336766471 
59334.912983709204 
59334.898322213812 
59334.847979198435 
59334.877218092020 
59334.901336715622 
59334.907884556684 
59334.744511536381 
59334.934500692914 
59334.974744454681 
59332.241187422209 
59332.203064925183 
59332.430083901898 
59332.229229916324 
59332.236074529290 
59335.028508729702 
59335.032642311577 
59335.022291338108 
59334.963493012750 
59335.022153534708 
59334.944534410613 
59334.961143251392 
59335.047659413613 
59334.928857698491 
59334.931535986121 
59334.843673398529 
59334.877763503449 
59334.881919331849 
59334.935966775556 
59334.918056524635 
59334.891463778215 
59334.912083779775 
59335.019416991294 
59332.223054951690 
59332.226836765054 
59335.033598339563 
59332.285985832052 
59332.302189965318 
59332.217377920810 
59332.377209312217 
59332.342994637111 
59332.462360121470 
59332.267435329952 
59332.200663703508 
59334.945022223597 
59335.040184077472 
59334.919658754829 
59334.834635210187 
59334.759132741099 
59334.837279118328 
59334.828284823918 
59334.869432829648 
59334.762087601965 
59334.803944177525 
59334.900466534666 
59334.924938259632 
59334.899457891355 
59334.999637857305 
59335.032125103397 
59334.911020775326 
59334.902042817463 
59334.914635246932 
59334.967792624251 
59334.798962957204 
59334.724917919448 
59334.761973761793 
59334.792646972935 
59334.765982388228 
59334.814886096436 
59334.800704480891 
59334.753974437306 
59334.911436626797 
59334.964901334155 
59334.920346390521 
59334.880445824536 
59334.809334487021 
59334.738158983382 
59334.811599883091 
59334.906139331237 
59334.905125623111 
59334.901758196786 
59334.731668889974 
59334.739607300544 
59334.659745180332 
59334.771234959939 
59334.824788967955 
59334.745395269805 
59334.700164703157 
59334.722020804809 
59334.725749271536 
59334.772018497009 
59334.771026103997 
59334.934146391548 
59334.988338600233 
59334.911060528910 
59334.955456244301 
59334.963553167792 
59334.864401549123 
59334.825731262106 
59334.710622150502 
59334.757828894246 
59334.901481858687 
59334.890926184155 
59334.880681620169 
59334.868258860522 
59334.886957721414 
59334.925521365192 
59334.856388296663 
59334.915522278803 
59334.771983571838 
59334.851297696019 
59334.915883767011 
59334.993722995918 
59334.964419906857 
59334.976013808773 
59334.980137632745 
59334.983751898835 
59334.992656364746 
59334.995291089945 
59335.041357846334 
59335.036738291907 
59332.203001754475 
59334.984723783433 
59334.969056599330 
59334.960722264710 
59334.936512320455 
59334.988267564921 
59335.047578805170 
59335.024484470676 
59335.070607096997 
59335.028841353749 
59335.004038996471 
59335.008698172715 
59334.950500530264 
59335.036878852705 
59334.997709172181 
59335.003183309935 
59334.967152983882 
59334.948207219000 
59334.947434374422 
59332.250655962103 
59335.078509936640 
59334.913850839250 
59334.904275827575 
59334.832042329173 
59334.967309134641 
59334.876840237914 
59334.886133095315 
59334.862366626367 
59334.841245558360 
59334.934789641935 
59334.947802259230 
59334.992273297423 
59334.962658158169 
59334.972591965496 
59332.265228333243 
59332.306419651788 
59332.323810575297 
59332.377728699808 
59332.283990533622 
59332.313360807981 
59335.038918766099 
59335.024467240692 
59335.041339876683 
59332.233540039546 
59335.008445007137 
59335.005685632139 
59335.010584507923 
59335.026984021926 
59335.031870232851 
59334.982505881657 
59334.970274646039 
59335.013471304424 
59332.211263400568 
59332.206145415061 
59332.220975836637 
59332.291198064493 
59332.324425515559 
59332.212143550329 
59334.997872023087 
59334.991325661285 
59332.235575915824 
59332.260690444316 
59332.252732893343 
59332.233093290313 
59334.994160527312 
59334.995618682871 
59334.989980852668 
59335.000007207382 
59335.041657829170 
59335.052829972235 
59335.020561285244 
59335.056946268800 
59334.984433162455 
59334.939053183472 
59334.889261526718 
59334.896820413953 
59334.959743973050 
59334.964011651500 
59334.973504286369 
59334.969302632067 
59335.017338438221 
59332.229796240295 
59332.245260857351 
59332.208625711537 
59332.275637304476 
59332.259911453213 
59332.315511264067 
59334.995055410225 
59334.969019781522 
59335.056725877555 
59332.190540410600 
59332.200818525358 
59332.205821238691 
59332.215005896163 
59332.249220099169 
59332.242782632857 
59332.349594760977 
59332.232621677176 
59332.291849456102 
59332.272804642475 
59332.232397756859 
59335.037528018001 
59332.264590909122 
59332.275366589784 
59332.264727021458 
59332.282408353465 
59332.258549426806 
59332.242441415248 
59332.209688218456 
59335.058463939022 
59335.003342080294 
59335.019531781843 
59335.049051788927 
59335.003633051892 
59334.937476088584 
59334.904421639025 
59334.903636181509 
59334.889678513333 
59334.910446478476 
59334.867583160078 
59334.897134099505 
59334.916756411134 
59334.926146772472 
59334.955205949438 
59332.189844183951 
59332.214783865194 
59332.220355580976 
59332.259899922108 
59332.203757225223 
59332.189898412144 
59335.066292258925 
59332.214544065355 
59332.231823714232 
59332.206688824379 
59332.228011370171 
59332.296722617662 
59332.215241342579 
59332.233120655699 
59332.226441402243 
59332.225443932664 
59332.221092951884 
59332.244612152303 
59332.244433566615 
59332.217416073036 
59332.251074134794 
59332.248816621592 
59332.317953294165 
59332.334046914089 
59332.303437396018 
59332.247684724774 
59332.360662834551 
59332.231992240362 
59335.034690392036 
59334.986121841561 
59332.190844890618 
59332.208703434480 
59334.910284798156 
59334.800105979113 
59334.847747547668 
59334.835751222301 
59334.851729143069 
59334.828600303103 
59334.858067690373 
59334.909476031702 
59334.986946253171 
59334.963728609458 
59335.015631058377 
59335.062139589922 
59332.246724623401 
59335.032308101770 
59332.202314460628 
59332.258788985455 
59332.299816669241 
59332.333152375584 
59335.048137807222 
59335.031427828530 
59332.242362027573 
59332.213247360007 
59332.236443826761 
59334.933784780005 
59334.933756968945 
59335.065915675434 
59335.028253405697 
59332.260511422457 
59332.212813764287 
59332.333808969131 
59332.193188915946 
59332.269204379903 
59332.192402161716 
59335.054616786882 
59332.245944493923 
59335.043202295739 
59332.202498287152 
59332.258871730817 
59332.236862143815 
59335.068241644767 
59335.036409339249 
59334.956640619224 
59332.201248448771 
59335.048430630908 
59332.239518606446 
59334.960936412543 
59334.971676634355 
59334.883204130965 
59334.838586828380 
59334.970545454904 
59334.929957130611 
59334.940847327503 
59334.977798718217 
59334.931099613146 
59334.868484689621 
59334.870123187073 
59334.893945450953 
59334.837862048567 
59334.692302729643 
59334.827095990375 
59335.033094926272 
59335.043519353174 
59334.940309700927 
59334.937900762321 
59334.964210914979 
59334.919598137065 
59334.891295074784 
59334.934107919318 
59335.006216107016 
59334.975040523510 
59335.021286891759 
59334.956206759351 
59334.996102126337 
59335.013246599512 
59335.045882459381 
59332.212196910405 
59332.197800590046 
59332.268643427211 
59332.193182416420 
59332.275425396205 
59332.310898022784 
59332.348418654961 
59332.280143383759 
59332.264140955260 
59334.970465109232 
59334.882749022559 
59334.988333497029 
59334.941934813571 
59334.915182492419 
59334.729343856627 
59334.768588248582 
59334.785977632782 
59334.892172105334 
59334.911539056302 
59334.937164862931 
59334.879091548384 
59335.004652168158 
59335.020501820436 
59335.052675428866 
59334.977981930162 
59334.952561847669 
59334.988978649839 
59332.190549629799 
59332.268443456989 
59332.255905162521 
59332.251751808799 
59332.275448046370 
59332.273854623585 
59332.233523004237 
59332.192640328329 
59335.047590086062 
59335.022189588635 
59334.869057545933 
59334.871489886769 
59334.912722656489 
59334.957451225790 
59334.941553052704 
59334.831374307585 
59334.776972836662 
59334.757906699175 
59334.812573922653 
59334.812542677122 
59334.862474216250 
59334.769254784238 
59334.813492271802 
59334.827325702914 
59334.871588132351 
59334.908173789438 
59334.861689414836 
59334.864208077670 
59334.889044328847 
59334.864222183518 
59334.889309520819 
59334.850865500557 
59334.836230371409 
59334.839837421314 
59334.931421639922 
59334.874196263343 
59334.890324098764 
59334.933937300164 
59334.831744056122 
59334.843823376345 
59334.892919661710 
59334.842558982389 
59334.896296951774 
59334.947835764149 
59334.985801561641 
59334.996067341897 
59334.997363162693 
59334.870664810900 
59334.970649620664 
59334.970948393689 
59334.965864600141 
59334.909333398275 
59334.913962267070 
59334.981577083614 
59335.021279906876 
59335.051307352172 
59335.051885508437 
59335.033844611156 
59334.975557273254 
59334.943191047983 
59334.940124410874 
59334.911846941672 
59334.955128493690 
59334.931502431071 
59334.882667402177 
59334.965552565358 
59334.943542416811 
59334.951151627101 
59334.945723423036 
59334.980383045295 
59334.912758390092 
59334.936504888639 
59334.941257071019 
59335.008024060284 
59335.006029141863 
59334.972331250894 
59334.963340426213 
59334.910235091207 
59334.951137405777 
59334.962675713869 
59334.981508331330 
59332.197530644851 
59335.030763275470 
59332.205355406288 
59335.048485706269 
59335.034642153005 
59332.201717814787 
59335.053752440515 
59335.032534652681 
59335.042684808664 
59332.204337862939 
59332.216380523816 
59335.035524770254 
59335.009029806526 
59332.219751763841 
59332.282183273412 
59332.341456072631 
59332.356016674632 
59332.365492868819 
59332.370022431227 
59332.358484161792 
59332.306177419996 
59332.349574076885 
59332.367922425910 
59335.027799660464 
59334.985399836143 
59332.223345026505 
59332.262066004390 
59332.284779640417 
59332.295546014291 
59332.386813397890 
59332.347062132045 
59332.297090970686 
59332.314092419452 
59332.336301791191 
59332.364126311484 
59332.339908495698 
59332.322885447342 
59332.295092410139 
59332.277909730503 
59335.056450036413 
59332.244078553158 
59332.221506370493 
59332.210545701397 
59334.899088035003 
59334.867324492501 
59334.878090954749 
59334.876789837173 
59334.941256496946 
59334.964574265068 
59334.961077539308 
59335.000217270783 
59334.957448230387 
59334.949019541913 
59334.877103853760 
59334.827615294482 
59334.884651390275 
59334.883885379590 
59334.910303327488 
59334.951167799969 
59334.945029554736 
59334.893266494626 
59334.913725509112 
59334.947333957665 
59335.000731235341 
59335.040799156370 
59332.190782290447 
59334.998050496644 
59335.002808067075 
59332.269053660828 
59332.248557439292 
59335.041592178757 
59335.022222326072 
59335.029997010599 
59335.051648924971 
59335.033671665624 
59334.988310714754 
59334.992040997757 
59335.000775469096 
59334.924924786428 
59334.983395880219 
59334.928862446402 
59332.217835690812 
59332.193431833308 
59335.045821965126 
59334.980436637779 
59335.046938131454 
59332.190427380541 
59332.224749185538 
59335.049892104609 
59334.949544558956 
59334.976784008861 
59334.941697458955 
59334.901973130000 
59334.919229957231 
59334.970377543978 
59334.910971486061 
59334.873994023648 
59334.910217748933 
59334.966658279678 
59334.971349945015 
59332.269678945966 
59332.217929574355 
59332.237208649480 
59332.312928836414 
59332.320149529784 
59332.304320554271 
59332.339082799779 
59332.337976395153 
59332.407256239872 
59332.390791641927 
59332.443186273325 
59332.320952120681 
59332.289562825172 
59332.316573752636 
59332.274180283610 
59332.465300377167 
59332.391489247006 
59332.357536927964 
59332.328643637848 
59332.406580402356 
59332.305517641107 
59332.345432710652 
59332.240119303104 
59335.070550146185 
59334.984143378046 
59335.002336518803 
59335.036085584077 
59335.069440174215 
59335.048990867195 
59335.042946937705 
59335.015237841639 
59334.956837360070 
59334.967624894649 
59334.953121899474 
59334.909227484677 
59334.943917081931 
59334.942918046021 
59334.984712688442 
59334.959992412303 
59334.961902260264 
59334.936953403048 
59334.960666280327 
59334.935522822248 
59334.948781685023 
59335.004620385698 
59334.954457441250 
59334.897373387117 
59334.847470636712 
59334.885592583421 
59334.791430355173 
59334.781244881051 
59334.784677440279 
59334.771389430520 
59334.884315754847 
59334.821992423153 
59334.895643641496 
59334.919033939506 
59334.889950229735 
59334.812750197299 
59334.818420349940 
59334.837127212144 
59334.810735588209 
59334.812154887237 
59334.798977283121 
59334.811522811033 
59334.799536130267 
59334.799900594269 
59334.765455663335 
59334.809640440151 
59334.876057900743 
59334.801920689708 
59335.040702796367 
59335.037512358234 
59332.212791339603 
59335.010630740566 
59335.018488168702 
59335.047992134561 
59334.992989293198 
59335.013591345218 
59332.219563018487 
59332.260083445333 
59332.210029452035 
59332.239474958595 
59332.280196918015 
59332.212088105262 
59332.225853579381 
59332.250512892970 
59332.281062071488 
59332.281062071488 
59332.235852652360 
59332.200685834126 
59332.311471328409 
59332.318842412438 
59332.360322532841 
59332.271163603524 
59335.041902915771 
59332.227056844589 
59335.033931644808 
59332.262242379831 
59332.218370574868 
59334.920756624255 
59335.019788463433 
59334.914905457154 
59335.041817102370 
59332.199288553624 
59332.202477085222 
59334.998222003313 
59332.301576460428 
59332.343351879754 
59332.434823339892 
59332.268498800942 
59332.273395183540 
59332.312539485065 
59332.318383648228 
59335.023950560237 
59335.016886033067 
59334.991467993634 
59334.992336914744 
59334.976115059850 
59332.280883011801 
59332.299158637958 
59334.917274199383 
59335.023785346013 
59332.197508334277 
59335.014832465211 
59332.239607886484 
59334.928230229016 
59335.066524046109 
59332.282082877144 
59332.331369481093 
59332.217763522131 
59332.216693292692 
59332.205789079169 
59335.007925861035 
59335.022339505194 
59332.224170961781 
59332.264357646374 
59332.196053402178 
59334.984655724482 
59335.002274825958 
59335.033998728446 
59335.058083299475 
59335.070491657236 
59332.216877377694 
59334.983616106721 
59332.224492074965 
59332.209338227971 
59335.003267592154 
59334.923206963460 
59334.869778594482 
59334.816608255933 
59334.983357220568 
59334.975972575186 
59335.010982567830 
59334.925171237192 
59334.970024412476 
59334.961399147287 
59335.052924624128 
59334.953921132648 
59332.204884097548 
59332.272712047736 
59335.053499008776 
59334.893367928504 
59334.913970685964 
59334.914686068842 
59332.210752929881 
59332.326036070946 
59335.018535764051 
59335.019272744314 
59332.223164649506 
59332.278631273803 
59332.496756819914 
59332.358029386247 
59332.384546476846 
59332.364484575373 
59332.338903282114 
59334.988641171120 
59335.013352061214 
59334.872558094750 
59334.964400702127 
59334.957597972905 
59334.843254920212 
59334.786970169123 
59334.783429995805 
59334.849914298247 
59334.812824976594 
59334.884622315258 
59334.921384628309 
59334.794897976324 
59334.749288398067 
59334.835072819231 
59334.951326933755 
59334.925825132828 
59334.922174725529 
59334.905683076577 
59334.910809117711 
59334.790604278212 
59334.883943527479 
59334.938831649706 
59334.955843043506 
59334.908577010305 
59334.914992312617 
59334.977408878709 
59334.917021737019 
59334.858977130520 
59334.854927967594 
59334.814485856354 
59334.758042644949 
59334.731279923093 
59334.640947945525 
59334.587932087721 
59334.780796916843 
59334.685418156587 
59334.659033337375 
59334.813931689001 
59334.905570900781 
59334.872208419321 
59334.911034532146 
59334.944380364665 
59334.960726636418 
59335.014369082892 
59334.938019522495 
59334.924212294274 
59334.896840519847 
59334.938387130307 
59334.931766455033 
59334.942591101200 
59334.985607951770 
59334.921511430366 
59334.908680780958 
59334.830485190985 
59334.812593442992 
59334.861375870671 
59335.013568938804 
59335.002528416269 
59334.946671208570 
59334.990873850227 
59334.962230207384 
59334.969713267921 
59335.003345504156 
59334.997863060213 
59334.878071191670 
59334.773886627780 
59334.842931914412 
59335.060755309387 
59332.193076971103 
59334.990506381728 
59334.986534541516 
59334.866245690144 
59334.887321169437 
59334.892735638721 
59334.932493206827 
59334.964295050224 
59335.003134505161 
59334.989624228343 
59334.947288954027 
59334.887442819680 
59334.865178402790 
59334.871410606844 
59334.920195486753 
59334.943949630848 
59334.852476130749 
59334.965491956151 
59334.958209224809 
59335.011026014225 
59335.038250711077 
59335.037895273512 
59335.022114109248 
59334.951751102482 
59334.932457850402 
59334.921174273193 
59334.929374810672 
59334.905561375752 
59334.793008123437 
59334.954191189718 
59334.940195648058 
59334.977472846709 
59334.999996508224 
59334.986980367947 
59334.975214015823 
59335.017127587955 
59334.990767150877 
59334.990127392193 
59335.003135621533 
59335.008520275223 
59335.020299307442 
59335.017856007493 
59335.037328134167 
59334.991188943786 
59335.041208727373 
59335.024622185483 
59335.028590395530 
59335.016798197103 
59335.034450070452 
59335.043766834868 
59332.196044039287 
59332.197640275364 
59335.027876105341 
59335.038187512167 
59335.043196397070 
59332.278651539695 
59332.221087216654 
59332.268773151423 
59332.288395444790 
59332.205011418220 
59332.324860175584 
59332.307597879037 
59332.282079504002 
59332.363445755727 
59332.347761648562 
59332.328089557675 
59335.048978111110 
59332.240445954143 
59332.287998306863 
59332.289500290812 
59332.359072123712 
59332.287431170596 
59332.319282084631 
59332.214921788887 
59332.267768933554 
59332.276055221038 
59332.299097290532 
59332.246368794964 
59332.251503647924 
59332.300650000885 
59332.359138513282 
59332.356269768723 
59332.332614926752 
59332.361560377831 
59332.352660823395 
59332.371792782593 
59332.392823447335 
59332.365713385938 
59332.321885882040 
59332.323042516684 
59332.295419850328 
59332.309921198437 
59332.288352794021 
59332.211468152833 
59334.981734475317 
59334.967357872323 
59335.002194202738 
59335.018202504514 
59335.010677002603 
59335.024533565600 
59335.038824646246 
59335.049347156571 
59335.039091140046 
59335.013565928661 
59335.046287755089 
59335.050246922299 
59332.242931605717 
59332.298061441928 
59332.247113146615 
59332.246997057591 
59332.228582404197 
59332.277886016025 
59335.026039642536 
59332.209273089233 
59332.243775232651 
59332.218399883190 
59332.281416883008 
59332.251332287306 
59332.263294017212 
59332.249108309574 
59332.277097416438 
59332.220777517003 
59332.212775358203 
59332.204923384277 
59335.074921864973 
59332.224705297151 
59332.324610350304 
59335.003892543042 
59335.010689476694 
59334.931544727267 
59334.942532537163 
59334.917606336399 
59334.958114957408 
59334.841964413710 
59334.861646762489 
59334.789592225570 
59334.824564577721 
59334.811760432727 
59334.787307183651 
59334.781032659434 
59334.777294917905 
59334.776343807833 
59334.803010259406 
59334.977413541099 
59334.949692699134 
59334.936200128031 
59334.926202313472 
59335.014483046783 
59334.977303675805 
59334.979251780707 
59334.974138125392 
59334.956617658885 
59334.972065445618 
59335.015081909121 
59334.895170793236 
59334.984216786863 
59332.244716966161 
59332.276133084604 
59332.361870086643 
59332.320374448180 
59332.346767759380 
59334.935554688091 
59334.848177752821 
59332.293276544042 
59332.220249908947 
59332.212295600330 
59332.314879658225 
59332.221014684023 
59332.280836019556 
59332.326169789951 
59332.312887881126 
59332.283469050693 
59332.237672183801 
59332.205587979217 
59332.202555885517 
59335.026971127147 
59335.012218436874 
59335.022692571059 
59335.018968955505 
59334.959257249800 
59334.968741175478 
59335.005642022581 
59335.044884618037 
59334.947873783254 
59334.959006498517 
59334.961636925553 
59334.969967468714 
59334.935225278088 
59334.945491647435 
59334.940565262594 
59334.944214835159 
59334.973478513813 
59334.980735729965 
59334.994457712783 
59334.980689328753 
59334.986206134774 
59334.995018842506 
59334.997082704918 
59334.966507287529 
59334.913151593006 
59334.900211855078 
59334.896103901017 
59334.894094020157 
59334.934815368521 
59334.935286767060 
59334.935369893283 
59334.956399626361 
59334.960575419667 
59334.952289576009 
59334.950255299860 
59334.889826944040 
59334.898745299084 
59334.863243063141 
59334.873903391883 
59334.856179632145 
59334.851116354650 
59334.829603352628 
59334.786660128324 
59334.802162699132 
59334.867054085909 
59334.855882330725 
59334.851391917524 
59334.874415554274 
59334.867599906276 
59334.923455641023 
59334.848715968335 
59335.047559958162 
59335.043868800487 
59334.638203889066 
59334.629504422570 
59334.660290713538 
59334.649224989545 
59334.723457380889 
59334.751078741727 
59334.845554730033 
59334.903082621495 
59334.906474970216 
59334.966708280430 
59335.039669747806 
59335.073528693880 
59334.884141181174 
59334.874662268972 
59334.903505178845 
59334.957085075839 
59334.959151174597 
59334.999030131112 
59335.057660829363 
59334.991944325477 
59334.891048059639 
59335.011022660168 
59332.226411614000 
59332.207296294371 
59335.039666710625 
59332.308239050501 
59332.417349347961 
59332.287926653924 
59332.294268968755 
59332.229300739287 
59335.052343747448 
59335.032302557534 
59334.914620914526 
59335.030057097159 
59334.957452089111 
59334.991017622131 
59334.879464788224 
59334.893345215569 
59335.046723558793 
59332.229689158405 
59332.281631554339 
59332.242376382012 
59332.232104155082 
59332.215133676691 
59335.067751688584 
59335.009120302289 
59334.933267986700 
59335.023146588341 
59332.225015826436 
59334.906551698106 
59332.288517540183 
59332.230652172337 
59332.335182561263 
59332.395197084676 
59332.337442044001 
59332.300959031811 
59332.201748334708 
59334.977479195361 
59334.971998478955 
59335.018968332617 
59334.969179440217 
59334.971294622788 
59332.213607568097 
59334.999545982340 
59334.980572520690 
59334.971785612244 
59334.917798906805 
59335.006995089847 
59334.900933829558 
59334.901233542383 
59334.916810569259 
59334.939916001218 
59334.946846408093 
59335.020229990303 
59334.862578976499 
59332.234672151884 
59332.308839094199 
59332.238652887485 
59332.322433144931 
59335.019391501992 
59334.909757527392 
59334.987761988756 
59332.190335730993 
59332.327431803074 
59332.210420634081 
59332.233730278269 
59332.195225222793 
59332.193470310507 
59334.994058005708 
59335.058648875973 
59334.758526209000 
59334.808414242863 
59334.679513310162 
59334.807537913679 
59334.821532264970 
59334.899482220433 
59334.897530518610 
59334.892218423665 
59334.906628908393 
59334.936188868058 
59332.207545932557 
59334.948288704603 
59334.880613309273 
59334.833005465371 
59334.923562889460 
59334.967607003549 
59334.938536485592 
59334.981462559714 
59334.987685321321 
59332.252598087391 
59332.278266764682 
59335.011380916243 
59335.003223577856 
59335.042259405498 
59332.197418141302 
59335.014337174289 
59334.995038595618 
59335.039658879330 
59334.920492423691 
59334.979089961191 
59335.017902761327 
59332.286243113987 
59334.951736532166 
59334.994779152876 
59335.021547251170 
59334.985072884010 
59332.201985241547 
59335.003781161715 
59334.972800478441 
59335.021211650390 
59335.008901409630 
59332.233064390275 
59332.303580368229 
59332.237656370162 
59332.231983215199 
59332.279598730216 
59332.283878667906 
59332.263448390258 
59332.300211021466 
59332.293496838167 
59332.222272031584 
59335.059324532631 
59335.019847300391 
59334.985747844803 
59334.996568313276 
59335.028024679174 
59334.973488265008 
59334.880607333682 
59334.885310846315 
59334.924102941921 
59334.933786223519 
59334.999761637388 
59334.994296415709 
59334.930699119788 
59335.007901004450 
59334.999592915447 
59334.909901414423 
59334.930127683801 
59334.972945629699 
59334.898773783556 
59334.868776074341 
59334.862535032727 
59334.885994359604 
59334.865948317194 
59334.841266032716 
59334.846452446727 
59334.797639821787 
59334.836052446750 
59334.885277107001 
59334.881753014364 
59334.853297304631 
59334.851564898767 
59334.890355553296 
59334.803953846167 
59334.822642660532 
59334.773005467941 
59334.818366801752 
59334.752040727217 
59334.852650841873 
59334.862483909666 
59334.928289858843 
59334.954917197421 
59332.198856143157 
59332.191416736932 
59332.272186338807 
59332.193857252409 
59332.194707842849 
59335.037412781232 
59334.954189454147 
59334.874883071578 
59334.710518684326 
59334.689974766203 
59334.824227459714 
59334.793993841340 
59334.893443712972 
59334.972337902436 
59334.942628736622 
59334.877807276796 
59334.939424501041 
59334.960522774454 
59334.872673008787 
59334.846571621201 
59334.935852062503 
59334.969090709179 
59334.982083831608 
59334.932353802411 
59334.940679317253 
59334.999996607854 
59335.012973981451 
59334.998841635032 
59335.033340857270 
59335.005300889359 
59335.018485625827 
59332.192686139177 
59332.271888472838 
59332.193677623756 
59332.207019376576 
59334.999832228932 
59334.969271712369 
59334.941402259290 
59334.810662167867 
59334.850870040340 
59334.839829872981 
59334.788312014352 
59334.860857308719 
59334.725079489443 
59334.823008794367 
59334.842048294653 
59334.831736497144 
59334.819229380875 
59334.819427106857 
59334.884902810678 
59334.881629743497 
59334.889943406968 
59334.882933795612 
59334.942680802560 
59334.966560337307 
59334.950021641576 
59334.964465678175 
59334.975934724433 
59334.962969523178 
59334.935805251444 
59334.979776780878 
59334.997144207184 
59334.985866096882 
59334.956455378255 
59334.985351016221 
59335.045585621461 
59335.001845640094 
59332.217271970432 
59332.225357883377 
59332.270316444454 
59332.237997657772 
59332.213228431268 
59332.204770573160 
59332.245464310872 
59335.035875911330 
59332.245221852594 
59332.448332476255 
59332.360943050677 
59332.245519373872 
59332.252808109697 
59335.055999913115 
59335.010610501558 
59335.057857988162 
59332.277732884060 
59332.199931549338 
59332.277322615148 
59332.296136056044 
59332.270012039982 
59332.252491097664 
59332.228487989341 
59332.243424707238 
59332.198229415975 
59335.053913111493 
59332.194089588738 
59332.270294996364 
59332.233469249288 
59332.235857067702 
59335.057506265242 
59335.002967203225 
59334.967612446628 
59334.967064103410 
59334.999903085241 
59335.016398861808 
59335.004513923617 
59334.947451343302 
59334.937819790124 
59334.891238882461 
59332.199735218084 
59332.240528468246 
59332.255859581543 
59332.245439010003 
59335.001705471768 
59335.019146027342 
59335.018297826835 
59335.002763250748 
59334.998968511623 
59334.978039011970 
59335.011887940440 
59334.984396514090 
59335.018967170363 
59335.013671806613 
59334.940148754518 
59334.935992419814 
59334.945771914652 
59334.985359772778 
59334.963620375864 
59334.972781092285 
59334.956411969644 
59334.905169394653 
59334.905543555134 
59334.948506387591 
59334.886875419979 
59335.027043134003 
59335.048941571913 
59335.041747900686 
59332.221874950432 
59332.262949804644 
59332.307228690079 
59332.266225350286 
59332.220064632544 
59332.193978755371 
59332.216423499172 
59332.194920416565 
59332.203941424465 
59335.063742007187 
59332.203125029228 
59332.242798630890 
59335.055967738619 
59332.190200692414 
59335.052757473924 
59332.208380376083 
59334.965007799190 
59335.012797256299 
59335.000636395351 
59334.911574085971 
59334.938372456076 
59335.035561136792 
59335.058907520950 
59335.001882572004 
59334.982610664832 
59334.958726742712 
59334.901129486891 
59334.954190861376 
59334.951395942226 
59334.982944432631 
59334.996367711130 
59335.050194138334 
59335.038241784554 
59335.026309865156 
59335.036764096039 
59334.952806836649 
59334.969556124146 
59332.203802047894 
59332.214637639183 
59332.229497325752 
59332.243243911893 
59335.040018327993 
59332.209517100251 
59332.200409960227 
59335.003089867423 
59335.004992825430 
59335.040548831952 
59335.051808495264 
59335.026551768795 
59335.042122976061 
59335.041616953939 
59332.196201932551 
59335.006613150668 
59334.997321159492 
59334.952135555948 
59334.951300504035 
59334.959519228738 
59334.964782231677 
59334.977850325020 
59334.968230786450 
59334.968559714398 
59334.932751314314 
59335.034757681969 
59334.969039598123 
59334.983686893633 
59332.195629737937 
59332.341098852601 
59332.300602179341 
59332.285848563828 
59332.316985543031 
59332.243570505379 
59332.270790802686 
59332.298274464592 
59332.233081891543 
59332.281705448062 
59332.285352445164 
59332.271365940614 
59332.201768401770 
59335.030912234579 
59335.029764021718 
59335.000169502702 
59334.926292982927 
59334.896603674366 
59335.032131903681 
59332.257762478243 
59332.207905330768 
59335.039089597747 
59335.061946315021 
59335.008010198624 
59332.204585234504 
59334.953899633183 
59334.968147052605 
59334.998653573086 
59332.255023812868 
59332.204915507871 
59332.210983861252 
59335.028088079875 
59334.993243457488 
59335.035614670909 
59335.063968646624 
59332.251696627958 
59332.313010923681 
59332.323082011761 
59332.282910794056 
59332.289584097707 
59332.271054877579 
59332.253319218980 
59335.065849284889 
59335.011911996786 
59334.985767901249 
59335.073317123723 
59335.050616024084 
59332.196864814425 
59332.191434499109 
59335.046473529408 
59334.950146203664 
59334.896382550782 
59334.898871888283 
59334.843025585928 
59334.832494763476 
59334.875825093550 
59334.931214275268 
59334.968574506820 
59334.964003329478 
59334.938865065073 
59334.970415759723 
59334.911890920434 
59334.911869425756 
59332.275086229187 
59332.382041559889 
59332.241839269642 
59332.268068409277 
59334.971119512549 
59335.072824774586 
59332.215593648711 
59332.211489146161 
59332.270665302429 
59334.939795597456 
59335.017656219941 
59332.256779654344 
59332.252465499500 
59335.000398332311 
59334.980573418536 
59334.984547353291 
59334.942618728550 
59334.968842297938 
59334.963799582460 
59335.027389772280 
59335.019738539995 
59335.013869020571 
59335.050442412023 
59335.062379001894 
59335.034922265324 
59335.001028615370 
59335.007288490982 
59334.997589930841 
59334.949866548624 
59334.981494946391 
59334.974265407807 
59335.013385959581 
59332.201881583736 
59332.199022280707 
59335.004200679461 
59335.016968233140 
59335.045320713012 
59332.205618541135 
59332.223445368400 
59332.208246018534 
59335.044122054525 
59332.228894174950 
59332.240231018441 
59332.220409983034 
59332.227890760834 
59332.334955731363 
59332.293558376754 
59332.238881506441 
59332.204995191350 
59332.214554136786 
59332.203742383768 
59332.328520470604 
59332.333167985162 
59332.365299115751 
59332.247250145410 
59332.255683156596 
59335.054992697012 
59332.238676824207 
59332.200755487458 
59335.054620147443 
59335.048381852233 
59332.230571514119 
59335.031301725248 
59335.038150280256 
59335.051780287111 
59332.202767546798 
59335.051468880585 
59332.201232655461 
59335.034873707278 
59335.003901075150 
59335.037707687712 
59332.238008083543 
59332.254417946635 
59332.196524670864 
59332.191849077601 
59332.202753725207 
59335.068027292902 
59332.230017505746 
59332.333649255954 
59332.309182393896 
59332.286280662585 
59332.279487030908 
59332.279617494693 
59332.347423706036 
59332.406635601466 
59332.331120873700 
59332.299263927074 
59332.267728499421 
59332.226009070822 
59332.234695465391 
59332.273711247908 
59332.390303690394 
59332.424333192779 
59332.305740357071 
59332.298055579864 
59332.489736460826 
59332.440771893525 
59332.403127956357 
59332.312889338311 
59332.194700705280 
59335.057419956189 
59332.350282754967 
59332.349649185111 
59332.343392191033 
59332.372565823898 
59332.420685569632 
59332.335604007698 
59332.277738064455 
59332.251646912046 
59332.291874235532 
59332.263974058122 
59332.435512272816 
59332.381280578273 
59332.437190004966 
59332.412406810457 
59332.408511799578 
59332.454294541640 
59332.358801619746 
59332.262761462160 
59332.291648095474 
59332.283168047434 
59332.349152524774 
59332.378021589437 
59332.302591186497 
59332.275230877509 
59332.268812895752 
59332.241279982431 
59332.258184118786 
59332.193235179766 
59332.214590164142 
59332.251730951641 
59332.235550355712 
59335.053528657765 
59335.002225275777 
59334.989638350824 
59335.033466587156 
59335.036951917471 
59334.932930935058 
59334.942968486597 
59334.919389225339 
59335.036701925477 
59334.968535746877 
59334.973405614051 
59334.965486269910 
59334.936944570429 
59334.975899883604 
59334.999604951379 
59334.916843163905 
59334.911971429436 
59334.944046210076 
59334.956157925000 
59334.907956134281 
59334.911957628123 
59334.911715633250 
59334.884682632197 
59334.847591468373 
59334.875509360339 
59334.885958886516 
59334.884284080610 
59334.885275823231 
59334.887849156163 
59334.858797439534 
59334.859989002442 
59334.857692813333 
59334.850553861470 
59334.850659031108 
59334.876442597153 
59334.883545308709 
59334.858775622204 
59334.891825914128 
59334.900590937898 
59334.886073066191 
59334.882680166520 
59334.852498945147 
59334.869906971755 
59334.825953630098 
59334.834654958897 
59334.823881122771 
59334.851764648192 
59334.883842393596 
59334.842910295672 
59334.748992002198 
59334.733269951575 
59334.674019525235 
59334.659458445938 
59334.643903296659 
59334.619917321201 
59334.658024899443 
59334.783879192328 
59334.786674614210 
59334.768128174335 
59334.757060885131 
59334.824774596767 
59334.796128740069 
59334.841221083239 
59334.830953447301 
59334.883637187799 
59334.956247399794 
59334.942773965246 
59334.939389857391 
59334.914910216976 
59334.922328376393 
59334.896610105970 
59334.852896316479 
59334.816914534662 
59334.862519300434 
59334.800062153125 
59334.791750884768 
59334.825721967492 
59334.877567418349 
59334.875245770221 
59334.909158168353 
59334.968226458885 
59334.988191563883 
59335.035414198530 
59335.017486770354 
59334.967208404923 
59334.907929259629 
59334.998762647221 
59334.958768412347 
59334.963016726302 
59334.998757459543 
59335.007868150104 
59334.972749234374 
59334.999510526031 
59334.973984290598 
59334.939845370594 
59334.918886271131 
59334.955982696149 
59334.957725016109 
59334.956649493608 
59334.992515275815 
59334.933418989560 
59334.919279511443 
59334.967844044513 
59334.956295199547 
59334.994252927674 
59334.990526553454 
59334.953535168002 
59334.972396502388 
59334.983187584534 
59334.931130387675 
59334.951689285903 
59335.017778129797 
59332.194945332776 
59335.004130510410 
59334.963305313911 
59334.896628729031 
59334.851834068315 
59334.851747582245 
59334.902050970610 
59334.861289768327 
59334.891205276712 
59334.925476475211 
59334.925042113849 
59334.935697675814 
59334.936426843873 
59334.928066909444 
59334.981707477040 
59334.980206841195 
59334.974528254272 
59334.935675293047 
59334.914842320453 
59334.904727000809 
59334.895351304200 
59334.899291643858 
59334.890567169867 
59334.847639357213 
59334.905556435151 
59334.876151132965 
59334.872931365440 
59334.872648654571 
59334.886970601547 
59334.894133428090 
59334.893030870677 
59334.791108581630 
59334.777602337417 
59334.804636213317 
59334.773747658066 
59334.779746147033 
59334.716669707996 
59334.628176805476 
59334.498140589902 
59334.613154201907 
59334.620947717252 
59334.745546741862 
59334.784503673938 
59334.548427398804 
59334.658815643939 
59334.673850093044 
59334.778230739488 
59334.807807429141 
59334.785554996641 
59334.721845730091 
59334.647046614853 
59334.652291233564 
59334.601778175071 
59334.648903804606 
59334.639155612487 
59334.937418709713 
59334.947266377458 
59334.994888232759 
59334.915321049419 
59334.943413707500 
59334.948023669422 
59334.947412762202 
59334.952569335124 
59334.952680128816 
59334.950715859872 
59334.927225444808 
59334.867879062447 
59334.876941147471 
59334.826064280416 
59332.204952667686 
59332.310354407004 
59332.245201224796 
59335.004980468198 
59335.013352984730 
59334.965849680528 
59334.984832886847 
59334.953886572031 
59334.951867548210 
59332.288268703902 
59334.989307271680 
59335.064469118493 
59332.213650803460 
59332.195423705671 
59332.320488771198 
59335.016445944857 
59335.020635493100 
59332.280819139953 
59332.230377354492 
59332.348606967440 
59335.022774063924 
59335.054828680251 
59332.190835014146 
59332.280535985170 
59334.961736013676 
59334.933080369665 
59334.941655848743 
59334.983623904212 
59335.048010974635 
59335.045309979796 
59334.967375084401 
59334.877863390342 
59334.945795161962 
59334.953359135659 
59334.926066466753 
59332.238956014480 
59332.429348039841 
59332.371510603152 
59332.286986923908 
59332.291301334561 
59332.278631964677 
59332.399837848570 
59332.292094447766 
59332.290179181342 
59332.360598124629 
59332.270191969794 
59332.261960338517 
59332.248795778876 
59335.032174919252 
59335.041293819770 
59334.946648652200 
59334.916628003659 
59334.960730543098 
59334.917943291446 
59334.926459031827 
59334.935390660125 
59334.790338377010 
59334.804158043233 
59334.829112332300 
59334.796258868955 
59334.688418540223 
59334.800905525488 
59334.888052993178 
59334.995261042350 
59335.055212893800 
59335.004743281883 
59334.970806166064 
59334.952148654695 
59332.253121765287 
59332.260134601638 
59332.260220722455 
59334.900035486957 
59334.871598519567 
59334.959277903283 
59334.895770433199 
59334.865478454994 
59334.874638474248 
59334.884483918038 
59334.997920372261 
59334.887957848267 
59334.830445918255 
59334.904894327861 
59334.890852699660 
59334.885512584216 
59334.873347604087 
59334.891689317083 
59334.965887960629 
59335.003985007919 
59335.047671309359 
59335.038572574231 
59334.923531329492 
59334.925389213648 
59334.894150133587 
59334.883661304171 
59334.876634400091 
59334.949782245298 
59334.990570980975 
59334.985192822067 
59332.222391869538 
59335.047375836410 
59335.046138167359 
59332.220351235796 
59332.219100339535 
59332.201984297688 
59332.240739895096 
59332.293790999378 
59332.253796171957 
59334.884219059393 
59334.854764925069 
59334.905028859233 
59334.883972629701 
59334.854908604226 
59332.190220778306 
59335.033408531606 
59332.314005676933 
59332.322767399419 
59332.331112324689 
59332.280289173235 
59332.295927744570 
59335.041419653753 
59334.992658378069 
59334.908995897167 
59334.916936126574 
59334.969925109792 
59334.965622042604 
59334.900116101555 
59334.913498667374 
59334.889072912469 
59334.917163955113 
59334.920940383330 
59334.932170949884 
59334.970724468731 
59334.995540097290 
59334.978342227470 
59334.915504684221 
59332.262038541354 
59332.204637240247 
59332.335738955313 
59332.237228763835 
59332.295753939521 
59332.207972444456 
59332.211355950778 
59332.210045176573 
59332.249052108884 
59335.012032091967 
59335.037541368372 
59332.207460620150 
59332.197033941848 
59334.956123159165 
59334.946951579244 
59334.882777266306 
59334.941387775791 
59335.025547226316 
59335.067615142281 
59332.202705165109 
59335.039965555850 
59334.966674029863 
59334.965295916052 
59334.967692288090 
59334.981910903814 
59332.285915199238 
59332.190882456271 
59335.046859595874 
59334.982763475426 
59334.972842046525 
59334.942567802951 
59334.909655819160 
59334.904448727000 
59334.899706253891 
59334.895567887594 
59334.898954666904 
59334.907227380107 
59334.826270784353 
59334.872663167807 
59334.843013075784 
59334.929224208136 
59334.892339224672 
59334.834227260988 
59334.859703969843 
59334.886209334974 
59334.949566163035 
59334.872207050423 
59334.888793339189 
59334.912697266423 
59334.853580473107 
59334.889179929582 
59334.779986173344 
59334.820057290133 
59334.815438148791 
59334.796398318118 
59334.939430393490 
59334.971290376321 
59335.010216780713 
59334.982400236018 
59334.993954535603 
59335.031620910100 
59332.209562431606 
59332.212595449077 
59332.218727767518 
59332.217702078386 
59335.021009755430 
59335.062362891680 
59335.026908579217 
59335.048552267472 
59335.033352204686 
59334.913221337025 
59334.900102467640 
59334.897794472148 
59334.949029290030 
59334.959022330389 
59334.981885036927 
59334.980046087279 
59334.917320365057 
59334.925149093207 
59334.932048145827 
59334.972492485264 
59334.952473503996 
59335.028419825503 
59335.061861176524 
59335.059374014614 
59332.239022141817 
59332.245542970901 
59332.267041567975 
59335.028976475543 
59332.284343952029 
59332.306843484679 
59332.351127298163 
59332.258112789161 
59332.269262019712 
59332.226435026365 
59335.046091549601 
59335.039447831885 
59335.020935925204 
59334.993159212914 
59334.989897113599 
59335.011234832717 
59335.024881578407 
59335.012664920410 
59335.001163611203 
59335.023858079716 
59332.191094890964 
59335.066752343933 
59334.994313855692 
59335.010681684413 
59334.983695366980 
59334.994153474821 
59334.992019988982 
59334.944594462861 
59335.024547931869 
59332.256036797975 
59335.013101936835 
59332.239066926108 
59335.024562771396 
59334.938414021381 
59335.061122266990 
59332.199372717252 
59335.031190113397 
59335.065618272973 
59335.073723239737 
59332.262283333184 
59332.220035003462 
59334.927952646525 
59335.032847274968 
59334.989575094631 
59334.962542973619 
59334.908900163442 
59334.927114461316 
59334.898095148827 
59334.897462133929 
59334.826299465465 
59334.845015658640 
59334.827477770261 
59334.937057415955 
59334.901395409179 
59334.818914931537 
59334.681156835315 
59334.786458985953 
59334.854841926353 
59334.874147181530 
59335.008566960983 
59334.983906144240 
59334.984670991216 
59334.913900425992 
59334.912094041363 
59334.893058509108 
59334.969195048383 
59334.945646553817 
59334.907711765256 
59334.914085917713 
59334.902311505546 
59335.000643801832 
59332.219922608740 
59332.239346015500 
59334.989950970492 
59335.047526642760 
59332.275885778959 
59335.036402150428 
59335.051861485859 
59335.024166259042 
59335.035130314078 
59335.065042740272 
59335.048562925491 
59332.210894583557 
59332.195507384233 
59332.214780138129 
59334.955416378172 
59334.995314863532 
59334.979751886713 
59335.049367054926 
59332.250819262794 
59332.237887011564 
59332.261105557896 
59332.224479885590 
59332.217797764381 
59335.063408450231 
59335.000930117487 
59335.009631563182 
59332.291602949939 
59332.229751684557 
59332.279133775468 
59332.230771083887 
59332.348915416253 
59332.390255308259 
59332.398670802366 
59332.309901989967 
59332.321160526270 
59332.432068055532 
59332.325574819166 
59332.366506269704 
59332.260724793661 
59332.214074487951 
59332.289385863012 
59332.203223580953 
59335.058253423987 
59332.228428955714 
59332.247507257758 
59332.286760714414 
59332.263216950741 
59332.258501335447 
59332.333170108941 
59332.307289717290 
59332.348774352664 
59332.379021854482 
59332.360160652526 
59334.971533967451 
59335.014233169713 
59335.040238944574 
59335.022907468920 
59332.334024065509 
59332.433787640985 
59332.353357514578 
59332.387479549572 
59332.282141143907 
59332.348453615508 
59332.274586169769 
59332.284368594788 
59332.251483170461 
59332.273645386274 
59332.237293852522 
59332.245921577545 
59332.249403252987 
59332.215154231926 
59332.249442800283 
59332.297417728369 
59334.980958959699 
59334.989102655076 
59334.915755913782 
59334.945254261445 
59334.966971500318 
59334.960562650216 
59335.005233254975 
59335.040519656977 
59332.282498640277 
59332.280925739469 
59332.290451704059 
59332.262842640353 
59332.236820393948 
59332.239489078442 
59332.227632581285 
59332.220196525937 
59334.836060677793 
59334.905635092604 
59334.857034121371 
59334.842408476070 
59334.909964638777 
59334.796840480783 
59334.814524914320 
59334.833029837137 
59334.905793226979 
59332.253848084336 
59332.295923019687 
59332.266913183630 
59335.047315102849 
59335.034742235599 
59334.918257814301 
59334.907535751612 
59335.028533338147 
59335.027831020961 
59335.034057503130 
59332.258408718728 
59335.049057832286 
59335.069539344891 
59335.070220229958 
59334.969111219652 
59335.012051183185 
59334.985847224460 
59334.992014427946 
59335.021568768701 
59335.043607266416 
59332.313247004822 
59335.003745847520 
59334.977089821128 
59334.974004476557 
59335.054444926711 
59332.231598817794 
59332.193582150867 
59335.042296692096 
59334.931301796096 
59334.943274187135 
59334.906710286006 
59334.719055941569 
59334.796940046312 
59334.836897236950 
59334.849250521787 
59334.815756783551 
59334.986823372266 
59334.988668360136 
59334.930014324236 
59334.905425339086 
59334.923051763319 
59335.038800076210 
59332.229403554651 
59332.205968423215 
59335.052559533586 
59334.997567572223 
59334.903655497284 
59334.861712874183 
59334.858367262896 
59334.887886042765 
59334.876439859348 
59334.894337012644 
59334.867482495581 
59334.914833967261 
59334.940409745228 
59334.947298970597 
59335.009074543857 
59335.040378399724 
59332.338535320334 
59332.245845267666 
59332.332158694961 
59332.327945304147 
59332.204872052469 
59335.054753373683 
59335.002540502239 
59334.997897124675 
59335.033338307825 
59334.965747946510 
59335.012743396495 
59334.884743951487 
59334.951497760070 
59332.228439129198 
59332.349500627570 
59332.315876995403 
59332.262636188156 
59332.349259449409 
59335.045259279330 
59334.957107998613 
59335.027041897229 
59334.984854466296 
59332.207972285672 
59332.247454561955 
59332.217419953748 
59332.218244524593 
59332.258758492077 
59332.328335068451 
59332.233413926893 
59332.466253148508 
59332.456338771233 
59332.391449845622 
59332.362766156395 
59332.464842378307 
59332.477811993856 
59332.432224439079 
59332.431925868084 
59332.294132108887 
59332.425973948804 
59332.430776976660 
59332.364044538837 
59332.398020264285 
59332.290443923441 
59332.428537003507 
59332.387476250027 
59332.372003042256 
59332.304456951388 
59332.390894889904 
59332.350201815781 
59332.299029435038 
59332.232274330156 
59332.288107776702 
59332.279129809751 
59332.249458551509 
59332.246299884013 
59335.054632251406 
59334.993067415584 
59335.025271885694 
59335.064900085395 
59335.025736634743 
59332.207604343945 
59334.967350057588 
59334.929277805786 
59334.944427142655 
59334.961615486696 
59334.954087286533 
59335.084468710193 
59335.063602264847 
59335.086599701404 
59334.973605646483 
59334.996319938327 
59335.012016621869 
59334.982333561078 
59334.975355904942 
59334.994400856674 
59335.007608771877 
59335.026897513730 
59335.013382818630 
59335.009048819527 
59335.045498486732 
59332.223948977757 
59332.197298036110 
59332.207851536077 
59332.204214592901 
59335.039730365519 
59334.997366028809 
59334.945010756790 
59334.921607839278 
59334.882382449432 
59334.875766052552 
59334.852627555571 
59334.927021010873 
59335.034936027951 
59334.965093904284 
59335.016269563959 
59334.982604475044 
59334.942161123567 
59334.862789146631 
59334.846025828163 
59335.005453016041 
59332.264047082375 
59332.244221521876 
59332.235861782727 
59334.994039415287 
59335.004551824655 
59334.976537728726 
59334.980798574077 
59335.010890771446 
59332.205009570825 
59332.296569787002 
59334.959528482657 
59332.201090225404 
59335.037292245237 
59332.272704588118 
59334.973180033921 
59334.927050184764 
59334.863628756153 
59334.934298036475 
59334.938452736205 
59334.928945042091 
59334.877050815987 
59334.786341048100 
59334.868671066775 
59334.937653907247 
59334.815525533151 
59334.833993469270 
59334.833007242385 
59334.869059549390 
59334.757138731307 
59334.806544855994 
59334.905231133824 
59334.907134527864 
59334.982622160736 
59334.964933935858 
59334.932132469527 
59335.011960074262 
59335.061283992160 
59334.924527642019 
59334.910936623957 
59334.907227614342 
59334.914582487712 
59335.016031111314 
59335.037597030670 
59335.011339763128 
59335.061433835515 
59332.233618203340 
59335.052828605629 
59335.046821930664 
59334.998921486265 
59334.993348826109 
59335.034448554747 
59335.037579829033 
59335.032784916802 
59334.952208364550 
59334.922836453770 
59334.936631124117 
59334.961529415450 
59334.940341515430 
59334.960861188702 
59334.973479495769 
59334.957987319212 
59335.046876418339 
59335.020147359181 
59335.079304466206 
59332.190975334153 
59335.032356607611 
59332.192882284369 
59335.049115311936 
59332.204681880525 
59332.192173115342 
59332.199557909567 
59332.372104765738 
59332.197637405836 
59334.995642552400 
59334.953420657112 
59334.898998975506 
59334.880961964183 
59334.914574017552 
59334.983624814588 
59334.966894430734 
59335.007323696569 
59334.991465281368 
59334.974223819234 
59334.941695806454 
59334.937226203147 
59334.907876672049 
59334.937595703159 
59332.213983123162 
59332.231603517394 
59334.999986373223 
59334.977364252576 
59335.027084479705 
59334.992202846217 
59335.013452599960 
59332.247741757805 
59335.044535893685 
59332.219664442957 
59332.218868059339 
59332.290520928065 
59332.277507485756 
59332.223566932080 
59332.212347915804 
59332.224527112601 
59332.209175255979 
59332.199531160011 
59335.021122634818 
59335.010544483754 
59334.971883105522 
59334.992075153372 
59335.007004480023 
59335.008811696352 
59335.039554192437 
59332.245789316614 
59332.233303040957 
59332.202042660392 
59332.371061821170 
59332.315042478476 
59332.268743705572 
59332.249668321616 
59332.276276063421 
59332.393022060794 
59332.364530263345 
59332.294272646126 
59332.319124510796 
59332.396437662137 
59332.370252882880 
59332.412185506233 
59332.473979103583 
59332.320609251336 
59332.311853978332 
59332.407761381815 
59332.242508881369 
59332.242108075538 
59332.211122079883 
59332.306111276936 
59332.264861868694 
59332.361177786705 
59332.363169626929 
59332.235865307128 
59332.246068184519 
59332.302934509789 
59332.229140582851 
59332.214593460936 
59332.229052401126 
59332.217066305740 
59332.223318271383 
59332.246003541011 
59332.255724495444 
59332.243294242435 
59332.243201413869 
59332.283148651601 
59332.321847819258 
59332.236100137830 
59335.013475469626 
59335.032282103879 
59335.045323991748 
59334.947037320970 
59334.945403167119 
59334.849562530791 
59334.899752825680 
59334.926158161972 
59334.914624531506 
59334.957932685502 
59334.898592189369 
59334.903767796583 
59335.004089436748 
59335.009625006955 
59332.208184881580 
59332.209725087436 
59332.222869735531 
59335.050711363772 
59332.194770427486 
59335.038707966363 
59332.220243113014 
59332.269277295563 
59332.221017830016 
59332.232095229287 
59332.289644030861 
59335.056262139828 
59332.197178351154 
59335.062583413695 
59332.204722171242 
59335.012140245337 
59334.998806069023 
59334.983532907725 
59334.984104650241 
59334.986765124057 
59334.991635072911 
59332.229644456005 
59332.205452671282 
59335.009950010033 
59332.211340248454 
59332.190840612231 
59332.217179673520 
59332.219100063849 
59335.031212583017 
59334.978766980399 
59334.980284306672 
59334.979703716141 
59334.975276997815 
59334.987190964232 
59335.007530163028 
59335.018544286024 
59332.196857747433 
59332.205768665801 
59332.265120581775 
59332.265120581775 
59332.232657368702 
59332.252698348086 
59335.049245754170 
59335.025091074131 
59335.018866552826 
59334.988211220720 
59334.871655729119 
59334.908568787985 
59332.196898035152 
59332.200929409075 
59334.970271177393 
59334.837991449924 
59334.951382948471 
59334.977760042770 
59334.878918422241 
59334.819153524491 
59334.782364967527 
59334.899192413934 
59334.916181759363 
59334.784890654228 
59334.858536473272 
59334.934260229202 
59334.830712025978 
59334.785798518737 
59334.909232493817 
59334.797152535604 
59334.916064226905 
59334.933626500642 
59334.900621664710 
59334.865353986184 
59334.823201175437 
59332.193592062133 
59332.218648010385 
59332.244080056771 
59335.015070449728 
59332.303000805179 
59332.236084577286 
59332.266193676696 
59334.980207990484 
59332.299615928743 
59332.365978111979 
59332.384402953794 
59332.294339967317 
59332.303093275819 
59335.064471343103 
59332.268832709378 
59332.314510734279 
59332.271409000154 
59332.396415165800 
59332.409528711643 
59332.407668785374 
59332.195229979756 
59334.900004175848 
59334.915385530621 
59332.194943928000 
59332.218430746158 
59332.275815479319 
59332.205985448745 
59332.327417866960 
59332.315640919885 
59332.263053821400 
59332.220703052073 
59332.363884951155 
59332.330962112588 
59332.315663305562 
59332.192302303854 
59335.023730810732 
59334.999819209355 
59334.991349900200 
59334.866630635537 
59334.924166589968 
59334.951131495669 
59334.965220573613 
59334.922304044529 
59334.957151693801 
59334.947378256249 
59334.942896349508 
59334.977315158460 
59334.878524444190 
59334.902207330961 
59334.852076059782 
59334.800601279429 
59334.826304535047 
59334.832597148066 
59334.892646047330 
59334.943185245742 
59334.860843284274 
59334.932438036412 
59334.983068294328 
59335.021693850271 
59332.361758948078 
59332.281452489326 
59332.242312404866 
59332.244882057057 
59332.244042307975 
59332.240834956159 
59332.234023874938 
59335.054821755846 
59332.283618871312 
59332.296173646217 
59335.059005283278 
59334.941584044936 
59332.280281744068 
59332.221512673583 
59332.249001988886 
59332.481435369693 
59332.466931988136 
59332.454628381951 
59332.448899818832 
59332.495049485799 
59332.283954716950 
59332.256212404798 
59332.223357088573 
59332.236209284652 
59332.230631572456 
59332.238351207561 
59335.077575229981 
59335.064129036218 
59335.056699847824 
59335.027534739442 
59335.055757405127 
59334.984407970449 
59334.985825024378 
59335.027623392511 
59334.954402827818 
59335.006471101551 
59335.003786188106 
59334.858255751598 
59334.821515413576 
59334.829079500654 
59334.842562825965 
59334.918948103412 
59334.932129512905 
59334.928257466403 
59334.913443663441 
59334.930071253366 
59334.956838154809 
59335.079404854499 
59335.038366475026 
59335.063271269719 
59332.269445156751 
59332.247127322786 
59332.212439881456 
59332.211188339061 
59332.233863409347 
59332.309234713066 
59332.366580041169 
59335.034220333029 
59335.044927265655 
59335.051066496279 
59335.030097876457 
59332.194402019559 
59335.052624579796 
59335.069733984601 
59332.235090068556 
59332.223238558050 
59332.257300932091 
59332.249961960828 
59332.207912828337 
59332.217043287550 
59332.236587501000 
59332.338299741881 
59332.341483792108 
59332.326629656120 
59332.208912090638 
59335.057828172008 
59335.032883386746 
59335.049899228790 
59332.207734617710 
59335.049055704403 
59332.228657115069 
59335.051775023901 
59335.036483395044 
59334.991918553875 
59332.320760305280 
59335.055415417759 
59332.233021985558 
59335.002313377161 
59335.003479996216 
59335.037226529021 
59334.983452513043 
59335.000160996678 
59335.005933430846 
59332.218254499370 
59335.029137713616 
59332.249386575073 
59335.045906650645 
59332.212755834429 
59335.038807053483 
59335.027441893137 
59332.194674369894 
59332.201815514709 
59335.003007587824 
59334.940183175138 
59334.901183545204 
59334.919089536314 
59334.949157599745 
59334.995945460389 
59334.982692901234 
59335.068573954741 
59335.036841767644 
59332.284060377984 
59332.189975614092 
59335.041093908054 
59335.003352170308 
59335.013448086211 
59335.025312921076 
59335.025468026099 
59335.018362293966 
59335.022259368634 
59335.023281295216 
59332.195621297695 
59332.195694435206 
59332.228770519432 
59332.232922421448 
59332.271704461302 
59335.006022297828 
59335.043377245420 
59335.030045037885 
59335.043979732669 
59335.071103677350 
59335.033659222092 
59332.195150555286 
59332.229516436790 
59332.345596827858 
59332.348645051738 
59332.326221046067 
59332.298687820556 
59332.255304185644 
59332.268479927872 
59332.254339177984 
59332.255624114856 
59332.280656474883 
59332.274850345639 
59332.300925306226 
59332.298663668320 
59332.283611671293 
59332.291123076102 
59332.205023709073 
59332.302117743333 
59332.270820341982 
59332.273775637506 
59332.215669133497 
59335.033186326829 
59335.053929513160 
59335.048099645763 
59335.039846716667 
59334.968468990395 
59334.988568633038 
59334.936629560812 
59334.924421638862 
59334.929532532093 
59334.929878694827 
59334.902108223781 
59334.887894624982 
59334.925060057009 
59334.966854803373 
59334.937542200860 
59334.905411724903 
59334.834913563085 
59334.838620299990 
59334.832252183660 
59334.818649952242 
59334.839641377148 
59334.797772238111 
59334.759186539224 
59334.772871860107 
59334.654885728989 
59334.734791344199 
59334.729442054981 
59334.726296147499 
59334.796163377352 
59334.803945760897 
59334.800322941817 
59334.809774536996 
59334.821418815314 
59334.759215513877 
59334.807472636217 
59334.783872843371 
59334.747994910445 
59334.672585374588 
59334.732559368735 
59334.800797558564 
59334.750897532962 
59334.734198827631 
59334.783410765420 
59334.783600227660 
59334.779340511457 
59334.763044078143 
59334.757775929567 
59334.768791507238 
59334.782057182703 
59334.772302538680 
59334.772941018928 
59334.750651200848 
59334.765431549728 
59334.755791773947 
59334.792343626759 
59334.807113532850 
59334.805824673633 
59334.834536445109 
59334.796318826666 
59334.861831406866 
59334.859253161449 
59334.871042469604 
59334.863143455077 
59334.870639566725 
59334.885215614624 
59334.887401919652 
59334.856766214740 
59334.838032840584 
59334.857960582056 
59334.857057583205 
59334.859789864720 
59334.855095626539 
59334.872814100971 
59334.870612451356 
59334.891299815390 
59334.920317698336 
59334.899835821459 
59334.881438344855 
59334.875401924772 
59334.888989542247 
59334.886091063963 
59334.887734797674 
59334.898375601551 
59334.899131780112 
59334.899454600854 
59334.890102843099 
59334.872741303079 
59334.880894902693 
59334.883864991833 
59334.877282013906 
59334.830751990550 
59334.817647331358 
59334.789470313903 
59334.791797768317 
59334.755989297504 
59334.777121895466 
59334.790851236889 
59334.813368235758 
59334.809973772622 
59334.816540846565 
59334.823536838761 
59334.829256172874 
59334.693951997659 
59334.695961204285 
59334.769992182286 
59334.697283233785 
59334.642236838023 
59334.677966794101 
59334.740992680694 
59334.734836112271 
59334.750392686976 
59334.669537899696 
59334.667266555880 
59334.669637966588 
59334.700436048712 
59334.745410447526 
59334.768204271517 
59334.767727306869 
59334.658951902995 
59334.693951188798 
59334.749890568346 
59334.734928648417 
59334.775888140925 
59334.789808189074 
59334.767526625386 
59334.801175965957 
59334.810837738973 
59334.805761034848 
59334.770318503615 
59334.762011299390 
59334.754154057191 
59334.759575577700 
59334.787127278949 
59334.692168304806 
59334.757731933569 
59334.752262461159 
59334.696433391138 
59334.712247487972 
59334.747227447806 
59334.516900559298 
59334.525031843667 
59334.497673148733 
59334.553130159133 
59332.257046937179 
59332.393333303844 
59332.275989019086 
59335.051812151898 
59335.008420626982 
59334.866214700778 
59334.990084896941 
59334.977825265327 
59335.008236554735 
59335.009548414761 
59335.028951342218 
59334.885377309394 
59334.957928540927 
59335.026756103231 
59335.025400364946 
59335.072239159112 
59332.208076133415 
59332.307711797868 
59332.243890243015 
59334.940608923753 
59334.890063984247 
59334.907693508372 
59334.843834735555 
59334.815467758919 
59334.964281221983 
59334.986422319613 
59334.948043331562 
59334.939303599313 
59334.950666509569 
59335.006585920142 
59334.946783852007 
59334.975757045213 
59334.981563183603 
59334.991873756859 
59335.021937553043 
59334.916179622800 
59334.954593530550 
59334.974885802760 
59334.977078067444 
59334.923061791393 
59335.003027386403 
59335.016977991720 
59334.945094463103 
59334.918962992131 
59334.889566726270 
59335.003757487808 
59334.968658765094 
59335.031455792312 
59332.221141644564 
59334.935714073967 
59334.961604851313 
59334.926865148445 
59332.257953879263 
59332.376653218154 
59332.305443480196 
59332.252119629651 
59332.303082061218 
59332.449267689779 
59332.422419046568 
59332.374435834266 
59332.300395017373 
59334.991066087867 
59334.973659061056 
59334.888930177171 
59334.907744772681 
59334.920090166939 
59334.933837144970 
59334.947176096495 
59334.941649452579 
59334.952816026940 
59332.200358095412 
59335.035181689818 
59335.062781617431 
59335.043991681894 
59335.035230619593 
59335.007479304637 
59334.987942679196 
59334.999470879680 
59335.003459737287 
59334.981238210305 
59334.971525304776 
59334.962954983515 
59332.250963271035 
59335.041241115003 
59335.045048910513 
59332.229719261341 
59332.237818201364 
59332.242069393076 
59332.199095053715 
59335.019064206979 
59332.271412108523 
59332.233407647982 
59332.250597341248 
59332.293625642364 
59332.440035397376 
59332.350317864388 
59332.348031368012 
59332.340892603788 
59332.323008493942 
59332.246489727411 
59332.285799103796 
59332.229528167452 
59332.223061911682 
59332.196442522523 
59335.034551289755 
59332.196932301973 
59332.217465615409 
59335.055422976526 
59335.037681774076 
59332.238381071889 
59332.308069287421 
59332.334655755949 
59332.281794138697 
59332.271268765668 
59332.326127792687 
59332.318170642116 
59332.350688508923 
59332.325403616953 
59332.304825189807 
59332.291541311562 
59335.055028539871 
59332.344825843531 
59332.322636367171 
59332.292832542014 
59332.258381608306 
59332.303281586479 
59332.287011407367 
59334.924781278351 
59334.857063588264 
59334.874549243774 
59334.897740131622 
59334.943762873911 
59334.981649396163 
59334.938021018090 
59334.942375695922 
59334.997004190984 
59332.224059701504 
59335.045361518089 
59335.019429402251 
59335.025306395713 
59335.016576157592 
59334.900462902253 
59334.947194008753 
59334.875716456278 
59334.894437849973 
59334.894963924125 
59334.889438423372 
59334.880339611838 
59334.982904090997 
59334.969954693232 
59334.927079057896 
59335.041195564168 
59335.024804535715 
59334.961615471402 
59334.984181654429 
59334.954061610668 
59334.942414817197 
59334.932847184136 
59334.975573874166 
59335.037149132579 
59334.874519610930 
59334.828027685231 
59334.741300638285 
59334.842687018558 
59334.906108266674 
59334.933327702100 
59335.000058525060 
59335.013790825986 
59335.020101550945 
59335.004487360085 
59334.947496870074 
59334.931168230818 
59334.899799571882 
59334.881450039247 
59334.898687947905 
59334.874024764802 
59334.761457735578 
59335.018681699621 
59335.011317159137 
59334.958043320286 
59335.019083170060 
59335.032768317498 
59334.974975217789 
59335.015832739831 
59334.989866146869 
59334.903427757541 
59334.883555056673 
59334.900976786492 
59334.939363945035 
59334.900506646060 
59332.242676417300 
59332.323484091095 
59332.394962037986 
59332.305266411626 
59332.270172429839 
59332.296308099176 
59332.261430392071 
59332.221305028455 
59335.014744767672 
59334.935600813391 
59334.951493943860 
59334.881927910501 
59334.869314946554 
59334.867959666990 
59334.854393384972 
59334.774385910750 
59334.844157139720 
59334.870028230187 
59334.917579449851 
59334.849749032284 
59334.828766646606 
59335.022012600573 
59335.044217659146 
59332.224072471414 
59332.233064959146 
59335.042754824688 
59335.057959611731 
59335.044046951480 
59335.022794791206 
59335.005133568753 
59332.200258302364 
59335.046323778151 
59332.240966308913 
59332.260918434215 
59332.214178912975 
59335.050393293284 
59334.997149228773 
59335.002871545126 
59334.962349408379 
59334.964976668212 
59334.990690833707 
59332.225585050845 
59332.205037631407 
59335.068269969706 
59335.029730652779 
59335.008747989952 
59335.024063647485 
59335.030946826249 
59335.031069180623 
59335.033575867164 
59335.027052744612 
59335.064274257405 
59332.204562344836 
59335.063133366246 
59335.058422438269 
59335.050532337940 
59335.042488412604 
59335.020113499842 
59334.920701397590 
59334.920586720749 
59334.892349286172 
59334.886103852084 
59334.928723489858 
59334.966002549343 
59334.949980330275 
59334.977166025747 
59334.943753410618 
59334.939702195450 
59334.961905366014 
59334.950896994458 
59334.948067483594 
59334.948027571576 
59334.964819132052 
59334.998513536681 
59334.998513536681 
59334.997705935639 
59335.000762308489 
59334.997193215953 
59334.997483297666 
59335.041784282832 
59335.047069854925 
59335.045662285927 
59335.046321140537 
59334.971566993248 
59334.934520527248 
59334.940050882542 
59334.944595152396 
59334.949269941528 
59334.938665540656 
59334.914286992709 
59334.879158632742 
59334.888954984024 
59334.894297343380 
59334.881679296064 
59334.860692898736 
59334.875845279035 
59334.877591428027 
59334.858238805806 
59334.876688587123 
59334.920179589528 
59334.899829825583 
59334.884864308908 
59334.910202012616 
59334.967470911724 
59334.874409445831 
59334.889674988888 
59334.890507504060 
59334.894163597201 
59334.888598381629 
59334.921174065021 
59334.929160813059 
59334.949604547262 
59334.917973025549 
59334.891245492654 
59334.913373075455 
59334.896922743392 
59334.879764963058 
59334.887335230414 
59334.884483105969 
59334.981742747048 
59335.002928027119 
59334.951432537724 
59334.919217554729 
59334.926650427165 
59334.916694865002 
59334.919934893936 
59334.917941642103 
59334.965622535899 
59334.953733896742 
59334.947773733402 
59334.952216187296 
59334.940760044476 
59334.937807047070 
59334.961588127910 
59334.972195806513 
59335.040868266085 
59332.193885821405 
59332.211602193776 
59332.242200157983 
59332.254505431098 
59332.340398284548 
59332.374337346606 
59332.375137992734 
59332.432957362085 
59332.367768198230 
59332.406374606428 
59332.267840274719 
59332.302225723412 
59332.305725044265 
59332.283482528641 
59332.338435913989 
59332.332258523260 
59332.405993452405 
59332.396984183259 
59332.378425546798 
59332.337305046050 
59332.226405750102 
59332.237523828735 
59332.292237369868 
59332.261101218741 
59332.225178619621 
59332.279759608966 
59332.260548198596 
59332.249295886941 
59335.016927429300 
59335.016927429300 
59334.958457497734 
59334.971423688694 
59334.946317199749 
59334.967204330511 
59334.980180131366 
59335.011420338829 
59335.036308293049 
59335.053032734824 
59335.003622631491 
59334.980027467347 
59334.938534033194 
59335.016455009514 
59332.212070884096 
59332.243703529464 
59332.252066912530 
59332.221578797333 
59332.234726267634 
59332.255191924240 
59332.237531117513 
59332.291294063754 
59332.298374735998 
59332.297830531345 
59332.297330939582 
59332.293021836871 
59332.479856530459 
59332.478620776441 
59332.458420972958 
59332.332931895435 
59332.299194975145 
59332.300044711883 
59332.278358353600 
59332.205225723606 
59332.193066998334 
59332.209056017906 
59335.013124534882 
59335.004083269268 
59332.286309508840 
59332.257015134754 
59332.399874945651 
59332.348281225568 
59332.375188556529 
59332.200762883323 
59335.042153087765 
59334.998645794556 
59334.998275851067 
59332.216090915550 
59334.974489540517 
59335.000663005601 
59334.989376912243 
59335.011073513386 
59335.044987469337 
59335.040686642715 
59332.228406188340 
59332.283057210123 
59332.220772329616 
59335.047130057879 
59334.930101830818 
59334.912329961509 
59334.913547346594 
59334.867674682770 
59334.856897689744 
59334.952060832373 
59334.884167551601 
59334.973396049645 
59334.983980257799 
59334.993784344791 
59335.058334800546 
59334.995642237918 
59334.898408886525 
59334.901769102806 
59334.921100039988 
59335.025956344216 
59332.210069581844 
59332.321003659425 
59332.191364257953 
59332.229333428339 
59335.039803047715 
59335.021903432418 
59332.273300349916 
59335.090009764484 
59332.245090046898 
59334.995728265727 
59334.900417071483 
59335.023183453457 
59332.241009461417 
59332.293881435326 
59335.018449091855 
59334.845564568968 
59334.860019328706 
59334.876899134164 
59334.882666161371 
59334.893754626770 
59334.907937566924 
59334.886680624586 
59334.889879166833 
59334.927482034414 
59332.207953748446 
59335.008713373376 
59334.926880599844 
59334.930662096987 
59334.918001288461 
59334.943258662577 
59334.941079799370 
59334.949981090445 
59334.930443187295 
59334.900567432152 
59334.936481105760 
59334.984301608034 
59334.973930114618 
59334.959089995456 
59334.862701599312 
59334.930217580593 
59334.916119148940 
59334.915968658708 
59334.927823546379 
59334.870534415415 
59334.871739008646 
59334.900463347258 
59334.794720628386 
59334.877738626499 
59334.927946730080 
59334.917184060825 
59334.915579234294 
59334.896601017361 
59334.866744571707 
59334.933194889258 
59334.901579275102 
59334.872444211520 
59334.892634274911 
59334.882645537560 
59334.874646488999 
59334.832156207551 
59334.862105302098 
59334.858629974726 
59334.820433602188 
59334.910836123534 
59334.953656150385 
59334.865913271686 
59334.903507604169 
59334.864560986127 
59334.938222421893 
59335.037850559449 
59332.207457389675 
59332.279328112025 
59332.252277153842 
59332.231358403304 
59332.231561867047 
59332.225486157236 
59332.207429831404 
59332.215281930206 
59332.229840276770 
59332.223291860406 
59332.197480222858 
59332.225159063324 
59332.271939923005 
59332.286986058687 
59332.210095601353 
59332.257415828026 
59335.048565958423 
59332.210019075115 
59332.192287980673 
59335.011831834898 
59334.980472814095 
59335.015074541894 
59334.964828783515 
59334.972831374063 
59334.976430950548 
59334.957575747765 
59334.985326992959 
59335.006704834486 
59335.009261922853 
59335.002009475211 
59334.998897931233 
59334.992569754271 
59334.996691639870 
59332.207423868429 
59335.040646957532 
59335.045958036062 
59335.007688312973 
59335.037747037059 
59335.002750256237 
59334.972028087963 
59334.951237845729 
59332.213916484987 
59332.191147207588 
59335.035534153576 
59334.908465782995 
59334.958875738601 
59335.001996811356 
59334.966410998983 
59334.957507683423 
59334.938024678428 
59334.972343156362 
59334.964548767130 
59334.940779245000 
59334.882553365067 
59334.915021416709 
59334.906974400503 
59334.915879614928 
59334.945859259016 
59335.031186335043 
59335.030418527764 
59334.996246528768 
59334.997843404541 
59334.964061114180 
59334.982766723493 
59334.998814655664 
59334.985764957048 
59334.978009607803 
59334.963655950080 
59334.972341544992 
59334.961111008874 
59334.969882142323 
59334.973115012435 
59334.974190563698 
59334.978748237518 
59334.958507276468 
59334.945025943183 
59334.950040509291 
59334.940558949776 
59334.921912328638 
59334.918213832367 
59334.920368114159 
59334.920600763347 
59334.920377215683 
59334.919916450381 
59334.935480967237 
59334.930085046246 
59334.932058287784 
59334.844798184356 
59334.908827320804 
59334.823015481648 
59334.810190953831 
59334.827005643980 
59334.834989179806 
59334.679771971889 
59334.761613480703 
59334.873065007880 
59334.792089608221 
59334.775753739501 
59334.806879338495 
59334.837399490600 
59334.893613489832 
59334.899067809863 
59334.900006359858 
59334.856584800167 
59334.859374066597 
59334.823243627172 
59334.745831978158 
59334.781526137391 
59334.725161013099 
59334.848236971382 
59334.856515919426 
59334.836687273579 
59334.711768905552 
59334.786653158204 
59334.803586244154 
59334.788454896625 
59334.881283106486 
59334.850161225426 
59334.902823751596 
59334.891795079944 
59334.854018378501 
59334.752529994897 
59334.862709554545 
59334.876687140342 
59334.789588168140 
59334.838497402154 
59334.861672403174 
59334.765045461107 
59334.819502985541 
59334.882265426946 
59334.839099922938 
59334.798117392253 
59334.810532128293 
59334.800546610299 
59334.815503112892 
59334.860343653585 
59334.872214625575 
59334.952475345599 
59334.951055374921 
59334.943366868458 
59334.939884192208 
59334.908399460517 
59334.906408040100 
59334.910990239783 
59334.929309326297 
59334.808835525095 
59334.783601535208 
59334.850113285385 
59334.782493093247 
59334.746924630570 
59334.711410380049 
59334.741868413614 
59334.720122103427 
59334.637792524823 
59334.675706959497 
59334.648696130462 
59334.641688415402 
59334.676651423506 
59334.699139258708 
59334.664964456861 
59334.671998312886 
59334.657126841172 
59334.682028115014 
59334.718267366974 
59334.739849036872 
59334.747850523607 
59334.796405433008 
59334.619456148859 
59334.691669876585 
59334.773201966702 
59334.746579134691 
59334.757927353719 
59334.777897345550 
59334.848416585373 
59334.833977947921 
59334.856436846618 
59334.839448323088 
59334.796101606495 
59334.774967869365 
59334.783896066954 
59334.835723299206 
59334.838754907614 
59334.886872905852 
59334.861761591354 
59334.826622430839 
59334.948561515936 
59335.011815509657 
59335.023544288815 
59335.014293153799 
59332.234610756313 
59334.996738960319 
59335.057362214240 
59332.256452599468 
59332.221643286670 
59335.061239992116 
59335.052044240241 
59334.987792052292 
59334.978466185421 
59334.987128715802 
59335.010372469973 
59335.000081408791 
59334.994278236125 
59334.928633841453 
59334.973933158377 
59334.931630445266 
59334.863190369433 
59334.882271710405 
59334.856141028758 
59334.873365005878 
59334.849500954828 
59334.849778613476 
59334.794286437776 
59334.789884158577 
59334.809406190383 
59334.750597742866 
59334.713087070377 
59334.770790209390 
59334.763589590038 
59334.697017916958 
59334.766157728867 
59334.783643490780 
59334.745987398870 
59334.844040243792 
59334.886561470732 
59334.839941408194 
59334.839630257869 
59334.888043284271 
59334.856353821211 
59334.833113857298 
59334.848659795978 
59334.771628872484 
59334.760342747992 
59334.790906507224 
59334.783769184316 
59334.761620227328 
59334.750945771651 
59334.758342524387 
59334.808783649059 
59334.815690017305 
59334.899249714654 
59334.880084012548 
59334.892916772907 
59334.913801987663 
59334.957439987913 
59334.912419667271 
59334.995872014886 
59332.226081148794 
59332.246590531031 
59332.257818131373 
59332.294120070532 
59332.274442482048 
59332.294567258417 
59332.293293737115 
59332.290455277405 
59332.310536089397 
59332.355068068915 
59332.326913029305 
59332.249286882281 
59334.999935555948 
59335.001727849041 
59335.035151799813 
59335.029870059429 
59332.268009179745 
59334.830658827988 
59334.943736295849 
59334.956096429465 
59334.990547277412 
59334.873186807534 
59334.910742088177 
59334.921953324018 
59334.964084966305 
59334.964652219940 
59335.016739696235 
59332.248381996898 
59334.977002890861 
59334.890332015151 
59334.899643747973 
59334.893706218041 
59334.962871880503 
59332.207734273172 
59334.993471770569 
59332.196465204703 
59332.275471055953 
59332.229559459469 
59332.191416736925 
59332.258370407464 
59332.221776831873 
59332.190032594794 
59332.334820786127 
59335.048812957255 
59332.290007546726 
59332.330085408466 
59332.326932937722 
59332.406450151240 
59332.246398996467 
59332.312116208253 
59332.324069168710 
59334.990848329559 
59334.965558512486 
59332.314798027262 
59332.399927447965 
59332.352332635819 
59332.356852462544 
59332.293080976939 
59335.044966028370 
59332.298562388482 
59332.361873876966 
59332.287964404895 
59332.282484663338 
59332.300452488773 
59335.049098667740 
59334.944257341740 
59334.970521615920 
59334.988632666129 
59335.058047358696 
59335.038279323489 
59332.278072621208 
59335.073171879318 
59335.062625713865 
59332.238575706375 
59335.055916196812 
59332.268676550644 
59332.351473338706 
59332.460606793087 
59335.009984741133 
59334.887332508981 
59334.947595119302 
59334.934036690378 
59334.894454911824 
59334.947492782827 
59334.918983612442 
59335.008282917122 
59334.968792364700 
59334.981365654952 
59335.011718431910 
59334.986912705070 
59334.944046660843 
59335.055432081950 
59332.270409442717 
59332.287429731521 
59332.282846446862 
59332.199342874126 
59335.023055728263 
59332.234564351391 
59332.209221789817 
59332.257625574079 
59332.219733126054 
59335.071527445769 
59335.009218849424 
59334.876181948057 
59334.959526517938 
59334.998429635722 
59335.041165531889 
59335.013722968499 
59334.881774128095 
59334.888295424178 
59334.843685776003 
59334.905592080708 
59334.965081705494 
59332.207486248531 
59334.939220904860 
59334.919760196135 
59334.947451103530 
59332.190714528529 
59332.339797592700 
59335.024557667821 
59334.966325133530 
59335.030672833011 
59332.204373076594 
59335.061787299361 
59332.213061072631 
59332.228332547660 
59335.062590077287 
59335.024750167249 
59332.278835713085 
59332.322161632517 
59332.424445539677 
59332.332022596958 
59332.389965246577 
59332.348165870164 
59332.308335397465 
59332.246258734413 
59332.202354532827 
59332.252873197365 
59332.248378423603 
59332.245367888747 
59332.369434022250 
59332.341278367916 
59332.355844139776 
59332.313493472786 
59332.291509772462 
59332.284701164921 
59332.274056724287 
59332.289060458199 
59332.296507610205 
59332.362235786852 
59332.222659899075 
59332.294285501666 
59332.276775444698 
59332.206646104569 
59332.289496605968 
59335.057609833646 
59334.998214787520 
59335.051996261798 
59334.980915055363 
59335.029773953072 
59334.966698472672 
59334.909868944538 
59334.933736977146 
59334.925898529727 
59334.997591356318 
59334.950749126561 
59334.976950581040 
59335.012058492452 
59335.009608482127 
59334.998476222121 
59334.990987525998 
59334.957642058260 
59334.954066881262 
59334.899185403985 
59334.883428810877 
59334.880847829110 
59334.964445804275 
59334.951492017783 
59334.936840403119 
59334.952818509701 
59334.905443156713 
59334.730260382923 
59334.875902983695 
59334.923152763447 
59334.915884922761 
59334.848613397837 
59334.838421545028 
59334.829923479738 
59334.721764565271 
59334.711298073766 
59334.744827050374 
59334.706632353271 
59334.674955698545 
59334.701129919922 
59334.647807747773 
59334.742448736433 
59334.677764008906 
59334.668675081768 
59334.702931949992 
59334.692939294160 
59334.732361745810 
59334.800462604522 
59334.870532796973 
59334.908823307349 
59334.959018764050 
59334.959194904433 
59332.206196694468 
59334.998076427619 
59334.965616688816 
59334.970512020824 
59334.810770290307 
59334.818913600247 
59334.750858240528 
59334.739826838901 
59334.820257866231 
59334.855009881569 
59334.770021521777 
59334.728513426729 
59334.786961152400 
59334.668389424463 
59334.754820443726 
59334.750915915050 
59334.729685374703 
59334.738546947177 
59334.784977852003 
59334.770189269890 
59334.852919213976 
59334.826727199819 
59334.874292044828 
59334.825367125959 
59334.881919371321 
59334.980321557159 
59334.997565065387 
59335.008732572838 
59332.236821579805 
59332.248958169941 
59335.048964007401 
59332.238220028274 
59332.219593267298 
59332.223912769616 
59332.315922853311 
59332.216421650410 
59332.220535979679 
59335.068719134375 
59332.297990354331 
59332.247697729763 
59332.269707559492 
59332.199944959997 
59332.309750753047 
59332.263733100488 
59332.378436991574 
59332.364527309786 
59332.379208347716 
59332.410354541957 
59332.449610629134 
59332.397925904341 
59332.381892651894 
59332.276900341429 
59332.218761827484 
59332.224253310931 
59332.251674380015 
59332.293921357734 
59332.278389273444 
59332.251621513838 
59332.346608423803 
59332.237406934160 
59332.272844822059 
59332.345327308009 
59332.336765864726 
59332.265144345125 
59332.268925405639 
59332.261938327050 
59332.267577562350 
59332.199682070859 
59332.242441820694 
59332.297560575826 
59332.307750745138 
59332.225720373637 
59332.247181691637 
59332.229288914248 
59335.062441916452 
59332.292935363250 
59332.250626381865 
59332.310465129369 
59332.336657011008 
59332.329146963573 
59332.253052516658 
59335.051353172006 
59332.342634432243 
59332.292174804061 
59332.374730735493 
59332.335962712103 
59332.306839631034 
59332.246746614059 
59332.276972243228 
59332.288937241370 
59332.262496442418 
59332.298236542338 
59332.263312762865 
59332.190713748707 
59332.201457716503 
59334.970013025020 
59335.040520295734 
59332.235534869440 
59332.258972247197 
59332.206074028443 
59332.226499593220 
59332.248366244829 
59332.258142260747 
59332.284280565596 
59332.272284474035 
59332.236744766116 
59335.055336096782 
59332.261231195349 
59332.201076456382 
59332.285798236655 
59335.056664591517 
59332.285423844172 
59332.294319968489 
59332.198645050768 
59332.201458486241 
59335.038721821911 
59332.383580379399 
59332.290159644093 
59332.278200050961 
59332.350264089349 
59332.277122492414 
59332.395132911428 
59332.503527539928 
59332.353843880432 
59332.321197962170 
59332.226499092336 
59332.289751226694 
59335.066426311212 
59335.040170530083 
59335.040127903405 
59335.070491104074 
59332.222669196068 
59332.217045704005 
59332.256641660708 
59335.055568136420 
59332.191570232193 
59332.204641448508 
59335.064963677687 
59332.193070364934 
59332.234477721162 
59332.229015464196 
59332.220353463264 
59335.045193756487 
59332.237377993937 
59332.209537232520 
59335.065137326317 
59335.002103010571 
59335.029939516695 
59332.305531251419 
59332.207884195486 
59332.271397525510 
59335.059142791149 
59332.266933300481 
59335.081054825459 
59335.042051920478 
59335.072271150500 
59334.941976982496 
59335.008966823414 
59332.338914123822 
59335.064239488194 
59332.212057787307 
59335.084627524440 
59335.050941359805 
59334.945460258001 
59334.919951329859 
59334.989385879460 
59335.044265522221 
59332.282704314966 
59332.329046310057 
59332.283822746584 
59332.270500374281 
59332.202058462834 
59332.203182586614 
59332.274705245945 
59332.293907249252 
59332.243123980450 
59332.334962358043 
59332.345331298726 
59332.314306118256 
59335.065462646242 
59332.240311646157 
59332.233366667322 
59332.313702999090 
59332.353983049557 
59332.364771786175 
59332.198083108953 
59335.039432335507 
59335.048744645370 
59335.082157359837 
59332.250743381665 
59334.649714646228 
59334.657596209698 
59334.889370994009 
59335.028842375381 
59334.969674915723 
59334.952044132209 
59334.938467873792 
59334.982954382984 
59334.960941535501 
59334.932836081389 
59334.884992036394 
59334.907040213708 
59334.946637882495 
59334.980558435425 
59334.870186851338 
59334.832854163884 
59335.003515841199 
59335.042158518612 
59334.958666974526 
59335.036206153934 
59334.848777810672 
59334.919554116233 
59335.034915044831 
59332.242645334045 
59332.332914714047 
59332.228670486962 
59335.020166456125 
59335.060015424984 
59334.992234334881 
59335.007618415242 
59332.206053856506 
59335.056768800139 
59335.027373043522 
59335.005019712575 
59334.941588661452 
59335.000974230279 
59334.999438550287 
59334.916469632510 
59334.853321094757 
59334.892213749037 
59334.875084808751 
59334.953147325694 
59334.959156324272 
59335.007225280919 
59335.018688247699 
59332.213168344038 
59332.231045963410 
59335.081394527086 
59335.016238187018 
59334.914904250960 
59335.021486603167 
59335.007177768166 
59332.242297191398 
59335.064303140505 
59332.219164893490 
59332.269981296653 
59332.241330891287 
59334.961475246382 
59334.978634419764 
59332.193203569528 
59334.968125967120 
59334.913356524201 
59334.948029129271 
59332.227261167449 
59332.222598622378 
59332.265428633167 
59335.023124063715 
59335.026970033883 
59332.263498918335 
59332.232398422078 
59332.220173884583 
59332.290610415235 
59332.250637807600 
59332.196531059817 
59332.272666820274 
59335.019996405601 
59332.230279552270 
59332.319365391944 
59332.315073864091 
59335.011282171203 
59335.005644164274 
59334.878629061954 
59334.846058772346 
59334.868338956112 
59334.828524290017 
59334.818255278107 
59334.852715812376 
59334.789391068225 
59334.733209498612 
59334.687613431852 
59334.780475805834 
59334.794997412406 
59334.721464638074 
59334.782341484293 
59334.756606868628 
59334.792985434593 
59334.799533101046 
59334.633727624794 
59334.730236253643 
59334.668593443166 
59334.585300587314 
59334.627213780630 
59334.631645872592 
59334.477792047976 
59334.645604347446 
59334.550605828837 
59334.600541380052 
59334.745102718531 
59334.501358938374 
59334.590059952599 
59334.564536537051 
59334.636485232200 
59334.701895852348 
59334.742779785229 
59334.737627952913 
59334.856716097172 
59334.856225948432 
59334.726335193387 
59334.774499760148 
59334.808076927664 
59334.664856271826 
59334.722323776019 
59334.709958164749 
59334.754557595705 
59334.774413681123 
59334.812411400068 
59334.818788078504 
59334.811270621489 
59334.846962996628 
59334.856988049723 
59334.842085367956 
59334.825740754772 
59334.844046786791 
59334.824862239024 
59334.825743118345 
59334.838989849079 
59334.862875727886 
59334.873389305045 
59334.863845741966 
59334.879181492564 
59334.846111799619 
59334.852121365853 
59334.841871148346 
59334.850602624116 
59334.847297914930 
59334.780476896100 
59334.822165669684 
59334.831958319031 
59334.798094759310 
59334.853904134856 
59334.850733857966 
59334.836187293062 
59334.773006845928 
59334.804581859637 
59334.820348428664 
59334.820731638225 
59334.847906629635 
59334.895007908155 
59334.870277174996 
59334.844247112153 
59334.829556725374 
59334.881700983897 
59334.883464983664 
59334.876343446791 
59334.864297916429 
59334.901971926258 
59334.881163450962 
59334.902315969593 
59334.873587164184 
59334.857963119081 
59334.856266294570 
59334.876405831266 
59334.905839917941 
59334.883298407047 
59334.854497945285 
59334.971084423400 
59335.010500588040 
59335.022091309103 
59334.989535662549 
59332.235830514277 
59332.194774973228 
59332.231051948380 
59335.046192152906 
59335.028187571908 
59332.202001974416 
59332.249165894827 
59332.223416987901 
59332.295750360434 
59332.321350049591 
59332.258345498158 
59332.338345637574 
59332.344788058712 
59332.361052531109 
59332.271686271517 
59332.248743302851 
59332.309173375448 
59332.320487100260 
59332.270809879461 
59332.275529341241 
59332.300523587262 
59332.252955631579 
59332.270616874550 
59332.286557626350 
59332.273116679462 
59332.319394542137 
59332.306685968222 
59332.241219424737 
59332.222403070140 
59334.982329140788 
59335.027821411226 
59335.017131922861 
59332.189853267475 
59332.195993003050 
59332.216345034074 
59332.241166411717 
59332.238880833684 
59332.195339761500 
59332.197347077323 
59332.227779203320 
59332.231104930455 
59332.216510300030 
59332.205990069597 
59332.217865712868 
59332.198736070597 
59332.228147761853 
59332.231624108113 
59332.234884641672 
59332.243434566881 
59332.274925650345 
59332.259019122881 
59332.268260154604 
59332.232215007105 
59332.528541310625 
59332.431548721011 
59332.374734229816 
59332.419854631531 
59332.401678103677 
59332.279269462342 
59332.271352375115 
59332.234528890593 
59332.306094934807 
59332.392495774911 
59332.389779247795 
59332.383965005742 
59332.358774620952 
59332.378696284861 
59332.344387247766 
59332.315076042272 
59332.354793072955 
59332.302416408173 
59332.296089257834 
59332.272259307982 
59332.245603839445 
59332.201322646382 
59332.218579792221 
59332.283109887685 
59332.213760199214 
59332.295113860106 
59332.255475551057 
59332.217420550514 
59332.213181760409 
59332.204371440137 
59332.274938518531 
59332.268822255566 
59335.033303681339 
59335.040945869892 
59334.976598268157 
59334.978583154945 
59334.980291357700 
59335.016665403258 
59335.013172912841 
59334.990645570135 
59335.049575106990 
59335.057264792151 
59335.009648366868 
59335.028973092551 
59335.007932066648 
59334.989620442117 
59334.995803782112 
59334.996072384471 
59335.006863919880 
59335.005513707285 
59335.011971361797 
59335.077967902762 
59335.072239633431 
59332.246515663930 
59332.267107773943 
59332.314841408137 
59335.022553868272 
59332.263981607772 
59332.275432476701 
59332.272049487750 
59332.292721948914 
59332.259624230624 
59332.197346098146 
59332.192687585026 
59332.370448321286 
59335.061282498675 
59335.021990757043 
59335.012573969281 
59335.012688388982 
59335.016081834321 
59335.001320719479 
59335.048744569474 
59335.041288777582 
59335.044482268153 
59335.036195650995 
59335.028364705700 
59334.936231975582 
59334.896295105078 
59334.877367275330 
59334.878732132129 
59334.909967065432 
59334.919352106757 
59334.920976043279 
59334.944960122943 
59334.947152278684 
59334.908700665685 
59334.921948729352 
59334.870876530818 
59334.886467307209 
59334.897318386502 
59334.893858283191 
59334.903420051756 
59334.903170758051 
59334.916577472082 
59334.933093533982 
59334.908066980388 
59334.911762451171 
59334.932868142161 
59334.941231042656 
59334.979435632260 
59334.935621200224 
59334.926181416275 
59334.922868968679 
59334.917567839962 
59334.934402725623 
59334.919951405769 
59334.923057764681 
59335.031246985731 
59335.030755767126 
59335.028943530102 
59335.002548437064 
59335.040960164297 
59335.026638491210 
59332.225427231097 
59332.274239331833 
59332.210250880562 
59332.270804769098 
59332.252418447664 
59332.295806356371 
59332.285998206062 
59332.291230129653 
59332.301206134725 
59335.037638532631 
59332.291396797380 
59332.274293914539 
59332.348232280936 
59332.375605840549 
59332.372856337992 
59332.276848179950 
59332.325627724429 
59332.323623744720 
59332.311532394429 
59332.311855586144 
59332.293042185971 
59332.407778787929 
59332.383309436664 
59332.434407164612 
59332.385101529151 
59332.383816605216 
59332.396994050803 
59332.385254373454 
59332.342396110711 
59332.266559986332 
59332.266559986332 
59332.264867576509 
59332.284036871672 
59332.217791593059 
59332.230868791150 
59332.269063045591 
59335.048611025573 
59335.018096382904 
59334.969105714707 
59332.201126758846 
59334.910139944484 
59334.879678213430 
59334.884439309528 
59334.847963867272 
59334.857477955484 
59334.928806483382 
59334.950430296201 
59334.995216647119 
59334.991229949374 
59335.009989749749 
59334.997594071923 
59334.911677942437 
59334.925161687497 
59334.937297888406 
59334.862775981514 
59334.902837479785 
59334.885402605760 
59334.815860858755 
59334.829565380191 
59334.823680636786 
59334.830756809119 
59334.827532799449 
59334.848407228477 
59334.856038636528 
59334.870271812484 
59334.857256732081 
59334.848892259717 
59334.851956382488 
59334.848902260645 
59334.759949386877 
59334.809343053581 
59334.897509796639 
59334.815852809035 
59334.839977420983 
59334.824280357469 
59334.785202775216 
59334.781917538647 
59334.874320196184 
59334.883815281290 
59334.829974616398 
59334.836742500636 
59334.786655633739 
59334.705014360770 
59334.665077886137 
59334.778023606937 
59334.791340270524 
59334.866944049034 
59334.906177872297 
59334.915258205801 
59335.009020373254 
59334.952547337343 
59334.931907732942 
59334.872522244463 
59334.963620517381 
59334.951766819358 
59334.955909208133 
59334.952179400338 
59334.944677429768 
59334.948933987529 
59334.892266278395 
59334.924721024334 
59335.023259988957 
59334.991316167405 
59335.022851992988 
59335.029626928794 
59335.030933955415 
59332.199086092121 
59335.052166430047 
59334.989038295287 
59332.203187695763 
59335.046356013787 
59332.192315747554 
59335.043901035104 
59332.313034419109 
59332.260387880073 
59332.261245058588 
59332.252694236355 
59335.064072951987 
59332.233919697937 
59332.247960822664 
59332.255967205296 
59332.304201326231 
59332.305553916747 
59332.322645015534 
59332.308601653691 
59332.417369549650 
59332.410663102426 
59332.333110718690 
59332.335782321381 
59332.396281584130 
59332.374857176539 
59332.357959811554 
59332.232577581701 
59332.283364721276 
59332.299657094693 
59332.281066772324 
59332.291036456278 
59332.260178892102 
59332.300429458854 
59332.244713497552 
59332.329130142905 
59332.253400582886 
59332.380885434359 
59332.394998387143 
59332.376314825349 
59332.325550941685 
59332.395690320271 
59332.195616637080 
59335.039699790708 
59335.010446440123 
59334.969885144092 
59334.963302118638 
59334.988231114883 
59334.888754105014 
59334.967566695123 
59334.933765492773 
59335.027659605621 
59332.280948398373 
59334.997950202000 
59335.061145768377 
59332.230831253561 
59335.065305863754 
59332.259333068854 
59332.292378215127 
59335.016572558801 
59332.192588626524 
59332.196166970141 
59332.201699546196 
59332.190525861981 
59332.192196657139 
59335.014795356474 
59332.195417327232 
59334.964355914111 
59334.966140516575 
59334.937013552415 
59334.981089570254 
59332.205746506421 
59335.028674559821 
59332.260529752959 
59332.262567137645 
59332.313554186250 
59332.385229278334 
59332.350248046248 
59332.215805608808 
59332.220065076144 
59332.230460026083 
59332.262487630534 
59332.381309338285 
59332.281904608164 
59332.212005128895 
59334.930474916153 
59334.999132294950 
59335.024820260114 
59335.060715900188 
59335.027888064345 
59335.011613385839 
59335.006185540333 
59334.987355674406 
59334.993087204573 
59335.013997512186 
59335.012194967370 
59332.194199624828 
59335.062562876832 
59335.048828020030 
59335.038075228382 
59335.015974227965 
59335.038496517176 
59332.199207145190 
59335.065540215350 
59332.242983406504 
59332.278980627576 
59332.203676877878 
59332.322301812121 
59332.299877187586 
59332.241851573242 
59332.248327261877 
59335.035492903735 
59335.002954706251 
59335.047739800757 
59332.226301294657 
59332.249750278716 
59332.203242056508 
59332.360003777627 
59332.396178241273 
59332.338723955851 
59332.376088985577 
59332.198144506903 
59332.196908730890 
59332.191585912959 
59332.191968360770 
59335.032157920381 
59335.036681314006 
59335.030285417910 
59335.045638360534 
59332.205301234193 
59332.223325694460 
59332.335061369879 
59332.257720085290 
59335.005312035333 
59335.046957055609 
59335.014277091315 
59334.999170885443 
59332.227459654881 
59335.064081196077 
59335.037778720784 
59332.257756499283 
59332.251780884952 
59332.280452156796 
59332.249181305517 
59332.277161434627 
59332.281664938615 
59332.256449350731 
59332.273447954962 
59332.276669753177 
59332.288674271033 
59332.228673260528 
59332.258067057439 
59332.218638582897 
59332.216013271543 
59332.289115752210 
59332.257123039213 
59332.229890406918 
59332.209245405655 
59332.225556588455 
59332.254839207933 
59332.288937793215 
59332.338827779087 
59332.228557528637 
59332.282958265081 
59332.269898422936 
59332.266029653794 
59332.234972511556 
59332.238808991235 
59332.260799725205 
59332.309595477236 
59332.355173690725 
59332.334824872356 
59332.333843641813 
59332.335742302930 
59332.333455339198 
59332.291876390125 
59332.306657264024 
59332.315148896319 
59335.071875670612 
59332.266992604782 
59332.215797585042 
59332.211236960276 
59332.206303180290 
59332.213578652183 
59332.217150870441 
59332.210523741182 
59332.226367268588 
59332.220246901452 
59335.045191460711 
59335.025255787303 
59334.995201719801 
59335.034374998097 
59332.281132895121 
59332.305774628658 
59332.327330058884 
59332.312757339307 
59332.310868772853 
59332.282510126657 
59332.283962917412 
59332.311679637169 
59332.322877872604 
59332.492755762622 
59332.309782243261 
59332.312698166606 
59332.246691099441 
59332.246704636796 
59332.302637632456 
59332.343338035666 
59332.273267590375 
59332.292348328141 
59332.307107086490 
59332.322664468105 
59332.392627380454 
59332.272235315206 
59332.275624117035 
59332.292744819810 
59332.274989095800 
59332.316518612104 
59332.316518612104 
59332.328969916322 
59332.282158170739 
59332.339772457140 
59332.348371327018 
59332.299456422355 
59332.301135610112 
59332.334650166253 
59332.344506696420 
59332.413126956213 
59332.454320820005 
59332.338984348717 
59332.239648344184 
59332.217960507180 
59332.210415051210 
59332.210482195900 
59332.215981671732 
59335.026576838500 
59332.203067166905 
59334.973927801380 
59335.043457498839 
59335.044017956832 
59332.239157583157 
59334.994550365816 
59335.012819032643 
59334.998169966857 
59335.016995049416 
59335.042510348474 
59332.221855183714 
59332.214408490981 
59332.214387403510 
59332.276929847685 
59332.286017612561 
59332.353965695984 
59332.358052593881 
59332.195702699166 
59335.021640512670 
59334.981848645686 
59334.981210363148 
59334.995411922733 
59334.986201635940 
59334.960020370338 
59334.919755501665 
59334.953271611681 
59335.038141718032 
59335.038188709179 
59335.045755065687 
59335.019557555337 
59335.017029248855 
59335.040717153301 
59332.216052343632 
59332.198784373955 
59332.213594193287 
59335.019367697751 
59332.312523322718 
59335.049708008883 
59335.047234568352 
59332.258521631411 
59332.269044130531 
59332.279800759577 
59334.962712492954 
59334.924961350531 
59334.962484382384 
59334.964229744968 
59334.982139330212 
59335.001192588476 
59335.023307136158 
59335.053250727928 
59332.208013577387 
59335.071015250280 
59332.189989240811 
59335.040238338821 
59335.021757095245 
59335.000803919320 
59335.039463757435 
59332.207176315569 
59335.006442400663 
59335.024066345941 
59332.241491838307 
59332.251153933052 
59332.258614388113 
59332.205481633202 
59332.269994948394 
59332.252503983000 
59332.346268517635 
59332.384872687464 
59332.421451317212 
59332.393726234041 
59332.354576171158 
59332.338402365443 
59332.340098635912 
59332.321106352669 
59332.248604968394 
59332.354030799077 
59332.266684561801 
59335.041064391611 
59335.016982501860 
59332.262075412611 
59332.419336303938 
59332.287628296828 
59332.255910804743 
59332.241527968923 
59334.945708279047 
59335.062679257077 
59334.969847169603 
59334.969406428347 
59334.870799127566 
59334.756327941497 
59334.753874511232 
59334.755360662748 
59334.719127752345 
59334.804742504472 
59334.680503429947 
59334.758140428283 
59334.755263107494 
59334.868406015528 
59334.872694064245 
59334.859852712798 
59334.795800059648 
59334.791860523488 
59334.823029777799 
59334.792193100962 
59334.782263634843 
59334.719611242916 
59334.686621481218 
59334.670546647416 
59334.741886237476 
59334.704722816401 
59334.619437881258 
59334.737225798621 
59334.772299502860 
59334.597618599670 
59334.716555637358 
59334.803920644532 
59334.793151240548 
59334.830085656860 
59334.794217888339 
59334.804661661437 
59334.803060895931 
59334.649033982241 
59334.811559852191 
59334.923491385511 
59335.039139416389 
59334.980041238719 
59334.992939907992 
59335.016902524767 
59335.033534124421 
59332.228739697974 
59332.339768055062 
59332.367855805547 
59332.368919435350 
59332.383132623043 
59332.292649678689 
59335.043284894935 
59334.985335516692 
59334.919176528070 
59334.958652770641 
59334.959750733891 
59334.898979732177 
59334.892811418540 
59334.872434890865 
59334.900729772395 
59334.952147216813 
59334.924411890206 
59334.960194052583 
59334.958579861639 
59334.936624065209 
59335.017821504014 
59332.200246301116 
59335.022059740688 
59335.034448319951 
59332.279586845376 
59332.261504868715 
59332.246239548345 
59332.253810611190 
59332.228757204182 
59332.244379897944 
59332.224743463092 
59332.218110223926 
59335.002353802352 
59334.993786783438 
59334.995534588299 
59335.037575938753 
59332.210410651067 
59332.237315829654 
59335.032917492099 
59335.043440795773 
59332.200304444326 
59332.257466473871 
59332.263069064837 
59332.357876966227 
59332.331511676959 
59332.322434470327 
59332.272803140877 
59332.319755554636 
59332.285439750092 
59332.252801926683 
59332.213438059523 
59332.224397081787 
59332.190882023941 
59335.042044226342 
59335.041362417629 
59332.207492532078 
59335.056693138344 
59335.057336563805 
59332.193279763087 
59332.193841601882 
59332.244278103106 
59332.219211360301 
59332.228536565919 
59332.218639281229 
59332.206115877372 
59334.998749446393 
59335.036704931161 
59332.285509972469 
59332.229935110408 
59332.296822384720 
59332.253828427041 
59332.306639395021 
59332.300064913281 
59332.305589212403 
59332.341834049876 
59332.277407620226 
59332.289943204203 
59332.281245169412 
59332.325923237018 
59332.310054912843 
59332.427931936887 
59332.397047757622 
59332.367480335124 
59332.213919622503 
59332.197030934403 
59332.358294928192 
59332.426846423135 
59332.292044384201 
59332.344594132301 
59332.324318093313 
59332.289645929275 
59332.338344609001 
59332.358764349097 
59332.372536578565 
59332.325793783006 
59332.301886371846 
59332.273650493240 
59332.250877359926 
59332.251683348222 
59332.326195841037 
59332.323695727478 
59332.302766576424 
59332.331001495382 
59332.275184088423 
59332.385015442866 
59332.376636641420 
59332.379956998986 
59332.374120300236 
59332.328308310542 
59332.235400870974 
59332.213940769019 
59332.263640388257 
59332.264394720296 
59332.224713643969 
59332.234583146950 
59332.339501617324 
59332.210357316879 
59332.313246402700 
59332.300020793358 
59332.298899648966 
59332.249062917057 
59332.227769391691 
59332.219054573914 
59332.229120934498 
59332.233809623198 
59332.240204753682 
59332.276798171450 
59335.051577763981 
59335.050063184579 
59335.050281657168 
59332.206315245443 
59332.193242467212 
59332.218003850925 
59332.195432200708 
59332.199301207322 
59332.193049958063 
59332.231789076293 
59332.224432272953 
59332.316751387843 
59332.275880715468 
59332.383246920268 
59332.346651483400 
59332.238365592268 
59332.244645156992 
59332.438917719373 
59332.455961380081 
59332.415980192774 
59332.331273363001 
59332.360094549491 
59332.366644411704 
59332.227313970106 
59332.324176306662 
59332.357074517728 
59332.436993580908 
59332.401075125628 
59332.398532984487 
59332.383636881794 
59332.374877443646 
59332.280447233949 
59332.314084564336 
59332.418815392281 
59332.408251472065 
59332.414587410982 
59332.381788676379 
59332.371274744466 
59332.343404882427 
59332.300222653888 
59332.292378614089 
59332.332965538786 
59332.289050447864 
59332.323833561350 
59332.347042844500 
59332.323651844250 
59332.279251017040 
59332.268669814337 
59332.319807169508 
59332.282789177581 
59332.234149688928 
59332.257982692121 
59332.234501346444 
59332.279678852297 
59332.310623549201 
59332.243958854066 
59332.372666211370 
59332.294898363944 
59332.349775827272 
59332.237381672690 
59332.299375602161 
59332.236689700170 
59332.339355910437 
59332.351631274185 
59332.336618377478 
59332.236626104364 
59332.233389636334 
59332.205018363107 
59335.043421177499 
59332.254064685098 
59332.227591138748 
59332.220389275877 
59332.283193893032 
59332.205961049658 
59335.052866587466 
59332.328713387898 
59332.255093835680 
59332.246650470755 
59332.285661802685 
59332.269275647814 
59332.338357448105 
59332.265116461051 
59332.350233389392 
59332.362251803970 
59332.433876943018 
59332.411714740381 
59332.367697628702 
59332.424035514719 
59332.446732728939 
59332.376640293653 
59332.339205870448 
59332.289129095938 
59332.374712319543 
59332.357899378389 
59332.344527246125 
59332.321629260441 
59332.310395845212 
59332.313386058602 
59332.313158486955 
59332.311168570770 
59332.311537275222 
59332.279203667254 
59332.262804659695 
59332.232298163624 
59332.255531018025 
59332.254453761532 
59332.254251202670 
59332.258516452945 
59332.229171372397 
59332.227493097744 
59332.233393935901 
59332.235694792493 
59332.245288792328 
59332.217348527374 
59332.219134155515 
59332.245504028870 
59332.217771017487 
59332.202945930745 
59332.272914869973 
59332.287402159862 
59332.317721947002 
59332.277558373593 
59332.250433521760 
59332.248630274902 
59332.305812974329 
59332.278139613460 
59332.268722365508 
59332.308864524712 
59332.334416419173 
59332.306993898041 
59332.298305115881 
59332.281925497417 
59332.269854934617 
59332.272443996597 
59332.272519353312 
59332.272439145789 
59332.275951346899 
59332.259559842656 
59332.254278803994 
59332.247787115666 
59332.293522650543 
59332.256696519296 
59332.277860695722 
59332.269113851136 
59332.223575218231 
59332.247802878330 
59332.211391627447 
59332.264769701316 
59332.213150547948 
59332.200235980628 
59332.292284818606 
59332.288702020742 
59332.293706251541 
59332.296124318156 
59332.276208148884 
59332.283639944908 
59332.260439446429 
59332.252375826240 
59332.265982501085 
59332.266436285550 
59332.299700446616 
59332.310466508818 
59332.281334248270 
59332.293366601829 
59332.247628784469 
59332.245155792749 
59332.237660950457 
59332.213815782903 
59332.219066286569 
59332.237749852939 
59335.064312077993 
59335.042542587173 
59332.199514850028 
59332.240687166573 
59332.372021353993 
59332.350979304436 
59332.271491125335 
59332.346576130709 
59332.405033984818 
59332.376544471794 
59332.347930012678 
59332.301624467698 
59332.306981356473 
59332.353198247503 
59332.404589368023 
59332.404488166409 
59332.450306541068 
59332.350322520462 
59332.399708422192 
59332.384455182771 
59332.340527092732 
59332.388957699019 
59332.362489305226 
59332.396960183585 
59332.396960183585 
59332.397705444077 
59332.365774841448 
59332.397944330434 
59332.290386821041 
59332.253827363442 
59332.230222700920 
59332.234255577998 
59334.976628633151 
59334.953241775416 
59335.003393518353 
59334.965642015726 
59334.990549588496 
59334.994231710421 
59334.967136705200 
59332.217702466522 
59334.919088171097 
59334.804650380174 
59334.835513416394 
59334.837172744192 
59334.996521787958 
59332.386377547366 
59332.291784009190 
59332.327565540298 
59332.261526278162 
59332.220530244653 
59332.340414368089 
59332.298490917296 
59332.344150966965 
59332.305886426664 
59332.252250678124 
59332.250277584397 
59332.339109566696 
59332.295089437866 
59332.333763363211 
59332.350913650618 
59332.242988538579 
59332.238265904016 
59332.217172268975 
59332.337543022222 
59332.319447423630 
59332.380339047915 
59332.314618425640 
59332.354302366577 
59332.243745344487 
59335.049792583974 
59334.957757838594 
59334.976491934816 
59332.229309860057 
59335.022591242967 
59335.045087794409 
59335.002234276748 
59332.319983859445 
59332.436925578084 
59332.284577082981 
59332.362393756950 
59332.325292223024 
59332.417285548581 
59332.419023883529 
59332.429559892182 
59332.363543843108 
59332.387727870540 
59332.258043559174 
59335.014942404552 
59334.957492231501 
59335.047185915901 
59335.036689435496 
59335.053038406346 
59335.035463458262 
59334.993243995545 
59334.982680656802 
59334.993227014820 
59332.230730413612 
59332.334221291945 
59332.392829862729 
59332.291805047200 
59332.354558301930 
59332.323166631722 
59332.321112530881 
59332.290725803847 
59332.325127836644 
59332.290452170411 
59332.368244496407 
59332.267229446254 
59332.341675797521 
59332.252390815251 
59332.227821367720 
59332.281128882671 
59332.375170568870 
59332.252146507810 
59332.288787666097 
59332.358691238391 
59332.484089252779 
59332.560660228388 
59332.522304391998 
59332.508622610418 
59332.459337039065 
59332.450737330299 
59332.434360165105 
59332.359217393205 
59332.266930811420 
59332.396276654836 
59332.352080440061 
59332.482265521103 
59332.446931731385 
59332.248171232772 
59332.242269170289 
59332.269142471865 
59332.256047051407 
59334.985134132585 
59334.945031983480 
59334.874564782600 
59334.852552156779 
59334.857689042001 
59334.706494561542 
59334.720432408933 
59334.872145702902 
59334.871547966373 
59334.950173890495 
59334.983775496301 
59334.994715248678 
59334.943786670374 
59334.892480471579 
59334.943384896127 
59334.789155423663 
59334.822921517953 
59334.852498916276 
59334.885890769197 
59334.867646701976 
59334.861360875926 
59334.902660639549 
59334.790959299979 
59335.061926654984 
59335.005428730881 
59335.007980615250 
59335.005544697444 
59335.006377596867 
59334.920441187649 
59334.892584407069 
59334.949573153928 
59334.964432601409 
59332.263469779915 
59332.405689025778 
59335.065718117206 
59334.946153761237 
59334.929443918045 
59334.901998749076 
59334.891420336171 
59334.767537332562 
59334.878217797057 
59334.876819215555 
59334.897532181414 
59334.929059933958 
59334.903603679049 
59334.910118355911 
59334.976428463851 
59335.057082043015 
59332.277964390087 
59332.262674368569 
59332.383313916202 
59332.370808916130 
59332.375917478632 
59332.327853976720 
59332.332328016855 
59332.288046465517 
59332.240384405522 
59335.055756546091 
59332.248244734597 
59332.298925451709 
59332.307772151340 
59332.393719824067 
59332.481476495392 
59332.415569550423 
59332.403334115501 
59332.309803651879 
59332.390044514410 
59332.362266791068 
59332.230347750701 
59332.234692783015 
59335.001346156321 
59334.960874923010 
59334.932824846335 
59334.953909477226 
59334.971278434990 
59335.006836006789 
59335.000953215960 
59334.995575672481 
59334.994518977830 
59335.002431044501 
59334.998571544776 
59334.985817273293 
59334.994806295610 
59335.042071481395 
59335.042330584336 
59335.048639669192 
59332.199796632151 
59335.032660460958 
59334.961192130198 
59334.987340335647 
59334.984811552837 
59334.917212425753 
59334.956768825527 
59334.941315203811 
59334.988848234127 
59334.970413031602 
59334.957620959627 
59334.979733067485 
59334.948018092895 
59334.993101163498 
59335.004900396394 
59335.027332974198 
59332.225116780457 
59332.237053868615 
59332.276236063255 
59332.249351660757 
59332.209704184919 
59332.246994281712 
59335.058396634755 
59332.237783890399 
59332.205660967615 
59335.069874316818 
59335.039325804057 
59335.017735194742 
59335.018469757510 
59335.009230891403 
59335.005007799569 
59335.005007799569 
59335.024956565510 
59332.213224198342 
59335.069542988414 
59332.266078580360 
59332.224472479407 
59335.056223279687 
59335.055415667215 
59335.065486718697 
59335.040095548284 
59335.042477213909 
59332.222997142198 
59332.221004744446 
59332.226415911384 
59332.216768468745 
59332.215870714659 
59332.216081761348 
59332.228118860279 
59332.348302754173 
59332.344911167034 
59332.305222797848 
59332.329903889258 
59332.265812753823 
59332.364579473673 
59332.323580793265 
59332.273473599482 
59332.349508199106 
59332.316060541838 
59332.276043869249 
59332.341160093121 
59332.264419333536 
59332.283188137866 
59332.251168956282 
59332.264210545705 
59332.206192354060 
59332.279023014882 
59332.216309338975 
59332.222336922940 
59332.263054974101 
59335.033696487139 
59332.235444258455 
59332.251078145913 
59332.245963100802 
59332.275761965604 
59332.235651102768 
59332.199861894645 
59332.196846711937 
59332.197350782779 
59332.207359021828 
59332.207689283670 
59334.995399241401 
59334.967633924934 
59334.986363855853 
59334.982676132473 
59334.977132719905 
59334.938270362880 
59334.975108239036 
59334.993199821831 
59334.968797253990 
59334.967614900823 
59334.960223890681 
59334.968698992379 
59334.976211966503 
59334.979893770622 
59334.981228741271 
59335.021745465361 
59335.020129440563 
59334.974403265362 
59334.949985575127 
59334.960331405826 
59334.973954976856 
59334.952568925110 
59334.971025755964 
59334.985432386566 
59334.983829483208 
59334.964185352183 
59335.022920344549 
59334.975126657737 
59334.990803378838 
59334.934028833813 
59334.849652205761 
59334.800405584931 
59334.809920101776 
59334.815149033799 
59334.830177044336 
59334.811958782033 
59334.822551414763 
59334.812202175155 
59334.846334613860 
59334.832309767997 
59334.792689977403 
59334.784920446502 
59334.791970442697 
59334.811900360393 
59334.754592141639 
59334.781896211440 
59334.849936914259 
59334.855013803011 
59334.764967962154 
59334.814308920315 
59334.850208255528 
59334.873604405882 
59334.860911416465 
59334.920988139304 
59334.921509879074 
59334.901956682908 
59334.918649837353 
59334.913307672410 
59334.950652020438 
59335.004929938172 
59334.979933384529 
59334.917327137271 
59334.900153637122 
59332.241662859386 
59332.306398227855 
59332.257255038116 
59332.248511456026 
59332.215882832716 
59332.234759834086 
59332.331233152196 
59332.331994014668 
59332.273804191675 
59332.279554516070 
59334.895579745462 
59334.865958444061 
59334.886104125762 
59334.975454105872 
59332.193053929252 
59332.256319806474 
59332.222414107644 
59335.043640221564 
59332.230408270494 
59332.223178590837 
59332.207945608090 
59332.224824457779 
59332.317267415536 
59332.286619977931 
59332.246540494358 
59332.227459163070 
59332.198234063682 
59332.195091248614 
59332.197901310057 
59332.214658033256 
59332.235747507533 
59332.199856126652 
59335.023551196507 
59334.996679574346 
59334.984880796699 
59332.216325274734 
59335.057228129495 
59332.224452102782 
59335.025959042789 
59334.999452096512 
59332.206532962591 
59332.206864712796 
59332.193990121086 
59332.233437687748 
59332.245931303187 
59335.028874417418 
59335.023707959139 
59334.938818416478 
59335.050918160836 
59332.203990239097 
59332.238613180227 
59332.281152464297 
59334.943612201918 
59334.974721522260 
59335.042302103604 
59332.346795079698 
59332.194359011206 
59332.244643607846 
59332.221620302247 
59332.192897658409 
59335.053530153717 
59332.217978549146 
59332.211940978435 
59332.274962413197 
59332.192528149513 
59332.275336364430 
59332.361002243662 
59332.340258242315 
59332.219329531574 
59332.247604036434 
59335.044674476056 
59334.956859014470 
59335.033684902395 
59334.981533195722 
59334.951729258457 
59334.864199350879 
59334.946636975546 
59334.941683941484 
59334.993814316476 
59334.987528032761 
59335.031283047465 
59334.997846717320 
59334.952426875701 
59334.949703347469 
59334.935938948394 
59332.258423909814 
59332.191805109964 
59332.316498676882 
59332.213412268160 
59332.286929036047 
59332.283567487022 
59335.020177659586 
59334.946809566296 
59334.988205753187 
59332.231086897598 
59335.085335812160 
59332.228325932418 
59332.256456570321 
59332.202416894455 
59332.278413123437 
59335.012595071530 
59332.228392493926 
59332.367930037602 
59332.203892215330 
59334.976109458774 
59335.006610250042 
59332.232485143919 
59334.977117035131 
59334.944258971358 
59335.044194796741 
59335.037023120851 
59335.048578480659 
59332.240141376715 
59335.024805726956 
59335.057488511367 
59334.976837722672 
59335.002997916243 
59334.954908725224 
59334.981159959767 
59335.008508055864 
59334.846076911235 
59334.844291006222 
59334.825014307891 
59334.865285264721 
59334.814844138011 
59334.841249698213 
59334.726965757553 
59334.744424671109 
59334.781373444042 
59334.847726164153 
59334.936796747861 
59334.997937995431 
59335.059140250713 
59335.044802465498 
59335.024986586897 
59334.895168827592 
59334.881733348360 
59334.875286621813 
59334.927716837999 
59335.007797733379 
59335.013034091717 
59334.976384331123 
59335.009934313857 
59335.027661600165 
59335.025878292021 
59335.021585744427 
59335.038362742751 
59335.054253327733 
59332.196602020304 
59335.045675535075 
59332.223276761368 
59335.057068964881 
59332.215436380291 
59332.225063708465 
59332.251063525480 
59332.202386433797 
59332.201817258159 
59335.022456216415 
59335.046419920669 
59335.013255641970 
59335.014852730324 
59334.993984892964 
59335.007359320065 
59334.988102522089 
59334.987078496699 
59335.061670172887 
59335.022863112608 
59335.008188398286 
59335.028122812044 
59335.026921541452 
59335.052511850336 
59335.049499283676 
59335.042675543416 
59335.006779659874 
59334.995017032386 
59334.997777423465 
59334.997298087917 
59335.030138816488 
59335.022389038189 
59335.018648267171 
59335.013319914811 
59335.012027625642 
59334.979438509043 
59334.964719403382 
59334.947670125053 
59334.908928195531 
59334.932392860290 
59334.975469433251 
59334.945084052888 
59334.923451172159 
59334.906188986824 
59334.896649474729 
59334.842887479739 
59334.831143084586 
59334.836998608451 
59334.824302984140 
59334.813835249013 
59334.834016074732 
59334.731070955408 
59334.673587915131 
59334.798876126581 
59334.769234651641 
59334.872888852165 
59334.897917422975 
59334.909838713800 
59335.000132023975 
59334.970798463299 
59334.951989841713 
59335.044041651287 
59335.029949653028 
59335.026780725821 
59335.066231043100 
59332.209906423363 
59332.195047752983 
59332.296805179700 
59332.268935516069 
59332.320790681551 
59332.342010041793 
59332.270222586376 
59332.251428776304 
59332.227351872156 
59332.207494370887 
59332.228143596141 
59332.288341554216 
59332.368246345410 
59332.354625522516 
59332.324748552877 
59332.329646388251 
59332.280660062555 
59332.329134728046 
59332.421817501010 
59332.397074768211 
59332.434203736862 
59332.372590821469 
59332.342923580327 
59332.338167046437 
59332.319147209229 
59332.304958470995 
59332.221757312815 
59332.252966641187 
59332.262952238190 
59332.240772669626 
59332.259242957029 
59332.260471482012 
59332.306263872888 
59332.306939430702 
59332.360176390859 
59332.307882916728 
59332.319313115426 
59335.053323002816 
59335.012523707701 
59335.030632255366 
59335.034981193814 
59335.027112290016 
59335.019435211143 
59335.003181101158 
59335.022285043393 
59335.010084362286 
59335.010798272357 
59335.002809644757 
59335.002809644757 
59335.002833916595 
59334.999035874738 
59334.999005460071 
59334.989940538951 
59334.972567178142 
59334.969660164046 
59335.000436564995 
59334.997385214810 
59335.006427310873 
59334.991369959447 
59334.974435163218 
59334.964667256419 
59334.966272860569 
59334.974591808626 
59334.924436698253 
59334.957455714495 
59334.963437708066 
59335.006996650991 
59334.999459111146 
59334.998118398675 
59335.031960356879 
59335.039627279730 
59335.033963950489 
59335.049260693129 
59332.190060559769 
59332.199037348866 
59332.213655773434 
59332.237040845030 
59332.240747283824 
59332.319104121474 
59332.279584183590 
59332.239606313669 
59332.326312998302 
59332.287328932340 
59332.308024492202 
59332.248954510193 
59332.245283210956 
59332.280736221634 
59332.215396174070 
59332.210589568465 
59332.207075797400 
59335.042960093502 
59335.011525257760 
59335.007556497534 
59332.252914194083 
59332.292619173371 
59332.256439975718 
59332.247029340906 
59332.245367412193 
59332.209981453751 
59332.207835019472 
59332.263713267494 
59335.036638123631 
59335.037429149059 
59335.055344736342 
59332.221779387495 
59335.037204846310 
59334.978993623925 
59335.024174090373 
59332.255814613367 
59332.254672384253 
59332.252773799490 
59332.292634630001 
59332.266908392063 
59332.268831385831 
59332.256790722378 
59332.256598730142 
59332.204797313883 
59332.198891556982 
59335.040078098355 
59332.191977105023 
59335.050301224655 
59335.018472014119 
59335.017904785760 
59335.011218981366 
59335.014872863052 
59335.000148499217 
59334.998698547897 
59335.005495055513 
59335.015967906722 
59335.055188796265 
59335.041565159663 
59335.056504288143 
59335.050822575911 
59335.055831974547 
59332.191456108114 
59332.229325264103 
59332.252589835400 
59332.274858536162 
59332.215399195295 
59332.227770376623 
59332.225901376405 
59332.209943491187 
59335.064529892297 
59332.201632415963 
59332.216084788532 
59332.231234400584 
59332.218813901192 
59332.200495543031 
59332.204154090439 
59332.201791440631 
59332.200378741560 
59332.200218142301 
59335.017799583300 
59332.195054362193 
59332.196641070172 
59335.066182309056 
59332.193604122644 
59332.199030814052 
59335.052983543988 
59335.066540732652 
59332.200169403754 
59335.025458035430 
59335.029482902122 
59335.018696764571 
59335.042106802444 
59335.047164066360 
59335.047951017856 
59335.027818634982 
59335.027214561225 
59335.014037839544 
59335.004784813369 
59334.999927489116 
59335.019319519604 
59335.016296989190 
59335.028723980584 
59335.040709806512 
59335.050179327103 
59335.033124966205 
59335.026331466877 
59335.028157971516 
59335.013036117882 
59335.014543949386 
59334.922607402339 
59335.029033548453 
59335.027878195797 
59335.062509945150 
59335.066039791644 
59332.195632430063 
59335.009976675705 
59334.920998615606 
59334.980599239898 
59334.972618553424 
59334.964321963249 
59334.967220818005 
59334.952656940572 
59334.941718777278 
59334.928976438590 
59334.925652791273 
59335.015653959141 
59335.026109649130 
59334.991803672303 
59334.989655355799 
59334.959348324453 
59334.960585528563 
59334.969730206889 
59334.980703566420 
59334.972740541991 
59335.008116783174 
59335.002055448160 
59334.960463586307 
59334.951987996850 
59334.963099017521 
59335.019456490903 
59332.194133219688 
59332.251804486979 
59334.988016751922 
59335.003955208485 
59334.987510160885 
59334.951357588587 
59334.963915828928 
59334.905169001220 
59335.014305393786 
59334.986483427754 
59334.994961994009 
59335.038280079840 
59332.220440941121 
59334.879889761207 
59334.922679580515 
59334.917873139850 
59334.969861206751 
59334.911381577396 
59334.921141801788 
59335.021163513164 
59332.204569618028 
59332.232048693964 
59332.233167619575 
59334.929973199549 
59334.972265939032 
59334.954909585584 
59334.870134399287 
59334.876199764854 
59334.945262686924 
59334.920135301909 
59334.953614684135 
59334.907097900621 
59334.955808507817 
59335.043744913339 
59335.056826203654 
59335.042772413559 
59332.216257217959 
59332.247781186474 
59332.284331389717 
59332.261667353807 
59335.025895408988 
59334.966624694127 
59335.048988987306 
59332.202390548409 
59332.195826957199 
59335.053993710673 
59332.199391825212 
59332.334255745103 
59332.229215948748 
59332.194257468320 
59335.060262588158 
59334.944509069668 
59334.915295225313 
59334.986781975153 
59332.197938050827 
59332.345015545405 
59334.919073774603 
59334.875021529915 
59334.918630011598 
59334.891687933370 
59335.065012488543 
59335.054516995922 
59332.239706882334 
59335.058617128656 
59335.047382594712 
59335.004225540622 
59334.997013428685 
59335.014603517069 
59334.937268944283 
59334.909493546402 
59334.917255296976 
59332.252877945881 
59335.051530296128 
59335.033207443019 
59332.271091799630 
59332.192167492227 
59332.250496288558 
59332.227634668765 
59332.270996333100 
59332.193955604220 
59335.055123730053 
59335.082672910132 
59332.195459625997 
59335.011118014445 
59332.196310176027 
59332.332082347180 
59332.397609944433 
59332.221839981830 
59332.368929278724 
59332.249407008618 
59332.309016139036 
59332.303277936961 
59332.360924539702 
59334.964393694048 
59334.973383631710 
59334.986617945629 
59334.962328584137 
59332.214713127309 
59334.921467209191 
59334.938087465533 
59332.233447890430 
59332.281882691568 
59332.270500639839 
59335.028867102621 
59335.024459947177 
59332.213702938876 
59332.196866016631 
59335.054495926837 
59335.048140494502 
59332.203792442007 
59335.041347005113 
59335.003677836336 
59334.958673527486 
59334.905826629765 
59334.853149957416 
59334.988206279195 
59334.950549010362 
59332.194812975271 
59335.065930423043 
59332.235513216430 
59332.263986375081 
59332.238854718984 
59334.993497486976 
59335.068246759678 
59332.198736860562 
59334.965526818210 
59335.013111099441 
59335.016820800935 
59335.022573128466 
59335.013971692380 
59335.035438705898 
59335.024135171210 
59335.069162978107 
59335.056543052582 
59332.344366965459 
59332.337176120287 
59332.399870409143 
59332.191053189257 
59335.039305429091 
59332.311941662832 
59332.369916841904 
59332.325003410377 
59332.374913795866 
59332.358820576941 
59332.477326452907 
59332.303788923135 
59332.393045414261 
59332.380740299355 
59332.301820392480 
59332.258370221680 
59332.288999721204 
59332.315882645744 
59332.355097747102 
59332.223272251591 
59332.216800474009 
59335.065206670130 
59335.008032386439 
59335.036612474287 
59335.007306877334 
59332.297683002187 
59334.991764553233 
59335.000436243361 
59334.996310148657 
59334.986586421015 
59335.038649454691 
59332.217962367802 
59332.285028345854 
59332.204405306635 
59332.230264964317 
59334.968846313401 
59334.944331585073 
59335.052126419527 
59335.013937618452 
59334.978325998367 
59334.924563374370 
59335.025425065476 
59334.905536640035 
59334.923013502303 
59335.064474852217 
59332.310192970603 
59332.292659597166 
59332.269282687681 
59332.321721122004 
59332.207696525409 
59332.207581783288 
59332.211495484393 
59332.201198188537 
59332.227099608339 
59332.291845064494 
59332.384426762292 
59332.398482559205 
59332.363405294302 
59332.272479421656 
59332.228813512113 
59332.414436628256 
59332.253174237885 
59332.281404664980 
59332.298823358775 
59332.274717655484 
59332.283401858593 
59332.267247483993 
59332.346393122236 
59332.299859201346 
59332.339266584779 
59332.279591280625 
59332.270167491908 
59332.365484055161 
59332.265735858971 
59332.368478333759 
59332.245969581934 
59332.263185217293 
59332.229687075916 
59332.354668758555 
59332.426121887605 
59332.272886751343 
59332.204750124714 
59335.023931252144 
59335.058027728010 
59335.059165665538 
59335.024664018383 
59334.954394676810 
59335.015804104893 
59334.962870686089 
59334.933772271463 
59334.937274347947 
59334.998047834721 
59332.211598576920 
59335.018001358112 
59334.993369548145 
59334.918547949674 
59334.916242395731 
59334.976421697123 
59334.981116988158 
59334.989764996048 
59335.006218788039 
59335.015207576551 
59335.019263576913 
59334.985346602523 
59334.958161243536 
59334.959434743054 
59335.003332300046 
59335.000266475996 
59334.994215730570 
59334.967965833457 
59335.034774751235 
59334.996151719904 
59335.001156038918 
59334.998744391130 
59335.026246361806 
59334.987102767402 
59334.962385661471 
59334.955368084229 
59334.996647054235 
59334.978218802578 
59334.981049753529 
59334.905047353495 
59334.932982060687 
59334.951182256358 
59334.930446036757 
59334.928062695857 
59334.941504279122 
59334.967233477684 
59334.967751142147 
59335.007607590611 
59332.359411486941 
59332.364173431677 
59332.297047773434 
59332.304927151643 
59332.272168036514 
59332.251681793059 
59332.242929098276 
59332.276916406889 
59332.222074032499 
59332.209784831110 
59332.202191509830 
59332.235766079953 
59332.286015387217 
59332.199906412803 
59332.229710313768 
59335.051996226612 
59332.328012213431 
59332.224176746204 
59334.998977075164 
59334.922900250698 
59332.205448044042 
59335.046474001399 
59334.994770115845 
59334.968379765727 
59334.976988670664 
59334.976267464510 
59335.008768190899 
59332.195235633582 
59332.221839224287 
59332.211235863419 
59332.249896933499 
59332.205337458181 
59332.219894699469 
59334.935062261393 
59334.933919923795 
59334.963322217227 
59334.975595299940 
59332.232097547683 
59332.228534574620 
59332.223165211020 
59335.065078749525 
59335.037838221484 
59334.998196955086 
59335.054806559121 
59335.058741514607 
59332.286000068554 
59332.314583636813 
59332.331262324704 
59332.302197901503 
59332.268858470779 
59332.255653520311 
59332.263956521660 
59332.226121071311 
59332.236675340573 
59332.272203725122 
59335.063134500415 
59334.990344197300 
59334.968069147020 
59334.912708842028 
59334.911850883538 
59334.912511500072 
59334.889054845720 
59334.940810745749 
59334.911412695139 
59334.921594347863 
59334.967223223721 
59335.025789050633 
59334.926401572229 
59334.915285448449 
59334.846285860585 
59334.791804688612 
59334.856581335443 
59334.890745537508 
59334.886066617582 
59334.816541887099 
59334.785433521662 
59334.832954040641 
59334.678619519073 
59334.694651196667 
59334.600337162796 
59334.600833731471 
59334.713586049060 
59334.774424858231 
59334.770368963116 
59334.800942032445 
59334.792178369404 
59334.805498344154 
59334.790548054196 
59334.766466177280 
59334.765711597662 
59334.731025447523 
59334.787244108709 
59334.770289462962 
59334.761188691467 
59334.799523247231 
59334.813624157221 
59334.857682203401 
59334.885818903349 
59334.883387613554 
59334.884543801418 
59334.885731616378 
59334.894902320993 
59334.903254600351 
59334.898805154968 
59334.866451715665 
59334.822014885423 
59334.820313080541 
59334.893840858284 
59334.897454237871 
59334.893618488924 
59334.893336671288 
59334.933089191327 
59334.959127649272 
59335.010025863303 
59335.020107232391 
59332.267774744352 
59332.221168585223 
59332.268218643541 
59332.217391171216 
59332.424428782833 
59332.377670750779 
59332.306281038189 
59332.201173838926 
59332.198926180827 
59335.037895198599 
59334.874508097302 
59335.009679422765 
59332.253687959033 
59332.280837922357 
59332.376709720964 
59332.218422224039 
59334.993478103301 
59334.873056216253 
59334.983822590635 
59334.951728531327 
59334.915719478537 
59335.053613213626 
59334.931760278800 
59332.198699315042 
59332.238912542649 
59334.943972770692 
59334.962071064139 
59334.967076102825 
59332.232248698165 
59332.203283893607 
59335.042928600575 
59335.062000867460 
59332.226748453526 
59334.861349531478 
59334.908417818369 
59334.860230281010 
59335.041662501120 
59334.974369641517 
59334.997300865798 
59335.025437614226 
59334.932859688932 
59334.971433286591 
59335.018639452377 
59334.960797911110 
59334.986118824338 
59335.008681433676 
59334.976029928293 
59334.918833485812 
59332.240364381869 
59335.049235543600 
59334.932286872936 
59334.972187943291 
59335.061551652296 
59335.031555319008 
59335.040807190431 
59332.237213391447 
59332.228908039673 
59334.997469553709 
59334.962366325264 
59332.216808873432 
59332.229076121592 
59332.323080977956 
59332.349161001512 
59332.323738913488 
59332.337565358437 
59332.293328038613 
59332.243593180305 
59332.294202055440 
59332.313569528713 
59332.358755607842 
59332.216466739963 
59335.043971873427 
59335.043196188562 
59334.988968526297 
59334.939690767693 
59335.001888377221 
59334.993831023319 
59334.931682804694 
59334.927490227092 
59334.866048940094 
59334.895048651830 
59334.796974189339 
59334.782301379528 
59334.882740334717 
59334.840379819849 
59334.888187587821 
59334.793372618857 
59334.862243081334 
59334.987931981246 
59334.976797450836 
59332.221456156185 
59332.369065754006 
59332.370889665974 
59332.247927615397 
59332.210190523983 
59332.252765784215 
59332.210537696752 
59335.052245319857 
59332.227384818550 
59332.239479348384 
59335.050723539374 
59335.036981407946 
59332.267100227837 
59332.400433804782 
59332.294789660627 
59332.427641392685 
59332.317658176878 
59332.268173773060 
59332.263565912508 
59332.293594781499 
59332.277679180239 
59332.269593528479 
59332.396400193764 
59332.284983603524 
59332.240292584072 
59332.225276479228 
59332.267705416656 
59332.274407616991 
59332.297092662739 
59332.274711497179 
59332.323719027539 
59332.412629568040 
59332.267421700555 
59332.280690599866 
59332.360441478304 
59332.403358763360 
59332.439393141474 
59332.365059771575 
59332.415515237248 
59332.407707050974 
59332.417264660813 
59332.464484173746 
59332.451465142854 
59332.425716195728 
59332.371584282293 
59332.384316845724 
59332.375293940902 
59332.452642901429 
59332.445117840900 
59332.377166237668 
59332.377361340463 
59332.399143524235 
59332.403984992357 
59332.468769449690 
59332.410316112517 
59332.288893361387 
59332.265593093594 
59332.263375930255 
59332.217110412828 
59332.341771124768 
59332.263641437392 
59332.211591324864 
59332.351920270907 
59332.297591007453 
59334.940421982952 
59334.962364081817 
59332.275074312580 
59332.284529232405 
59332.380508241717 
59335.063821582422 
59334.858569309014 
59334.882202089517 
59334.838061658549 
59334.754370584415 
59334.856673947652 
59334.875532962338 
59334.893292548397 
59334.894038889841 
59334.947246003598 
59334.963165179070 
59334.900551523060 
59334.951852909908 
59334.951451448746 
59334.978247646737 
59334.959303447475 
59334.996404578320 
59334.951192164801 
59335.022510686606 
59335.007547281311 
59335.041944855380 
59332.193556033933 
59335.050605676479 
59332.197543979724 
59332.272918880088 
59332.286669658097 
59332.310887398395 
59335.037632702508 
59335.043623935286 
59334.996823434449 
59332.205987629830 
59334.996607032226 
59332.224749827234 
59332.205641966146 
59332.311873523271 
59332.231098489137 
59332.214295022306 
59335.035213590432 
59332.224526698497 
59332.247045872427 
59332.226225184932 
59335.035793520779 
59335.041638527677 
59335.010025406358 
59335.003260213089 
59334.976736395744 
59334.966012716992 
59334.977759736190 
59334.986172883924 
59335.062898844917 
59332.253970117163 
59334.984846497056 
59334.941404636105 
59334.916444301962 
59334.918642160279 
59334.919226911152 
59334.942012298168 
59334.995040085283 
59332.209690155556 
59332.209346102602 
59332.211438422099 
59332.248003726854 
59332.225802320674 
59332.227163622061 
59332.226159015903 
59332.236273205432 
59335.050936064123 
59332.210613805291 
59332.213780367965 
59335.067733362128 
59335.056619087372 
59335.045075462687 
59334.913724689657 
59334.931600150470 
59334.943835524740 
59334.964527974102 
59334.943882202402 
59334.899903950740 
59334.889828445950 
59334.960161354014 
59334.924407350838 
59334.916601730831 
59334.934109383285 
59334.982567444757 
59334.976585611956 
59335.020872865505 
59335.007762627989 
59335.018851465691 
59335.009454851977 
59335.005267081600 
59335.013499950008 
59335.051945881394 
59335.010866426965 
59334.944667851960 
59334.963339863898 
59334.926066032436 
59334.954855758006 
59335.001864455531 
59335.011771543679 
59335.005418400426 
59334.949706981635 
59335.012951752935 
59334.982511440685 
59332.207259894574 
59335.054609030602 
59335.031410290350 
59335.033187150089 
59332.248001095977 
59332.241226281905 
59332.305056383928 
59332.334026683100 
59332.328613508238 
59332.317461729916 
59332.314589738366 
59332.298948258765 
59332.339176036621 
59332.306259540099 
59332.362447749794 
59332.236196887083 
59335.050824226259 
59332.217315390517 
59335.029249889791 
59332.338906513723 
59332.364172367183 
59332.284061347076 
59335.013940208162 
59335.039389258054 
59332.213560290234 
59335.035137705301 
59335.038491617510 
59334.908554458205 
59334.857086143093 
59334.838593538072 
59334.808330416286 
59334.804918366710 
59334.832836535810 
59334.854323704145 
59334.864061496490 
59334.892586355541 
59334.919890686448 
59334.903421183059 
59334.937485344708 
59334.910699379099 
59334.981554783903 
59335.019878362698 
59335.039534651703 
59334.991078007602 
59332.196880126539 
59332.213710066928 
59332.205085951406 
59332.222953137039 
59332.292883236492 
59332.262702906533 
59332.331771350102 
59332.199522082214 
59334.992358512587 
59335.009584940832 
59334.951094344171 
59334.859305053433 
59334.804459184088 
59334.840428800373 
59334.861997203807 
59334.843332463955 
59334.709292445266 
59334.675195162366 
59334.701574971332 
59334.809455685405 
59334.877597948849 
59334.859757272163 
59334.844405264608 
59334.754471257031 
59334.834148460162 
59334.820885354340 
59334.746678388852 
59334.892514917192 
59334.789579534132 
59334.778773959428 
59334.878547086933 
59334.815536832284 
59334.883655351376 
59334.833663172773 
59334.877220873655 
59334.882485706919 
59334.853882385862 
59334.914974356805 
59334.880671373532 
59334.805964712308 
59334.779883099924 
59334.607537317424 
59334.727118924202 
59334.641078746317 
59334.698788551766 
59334.694368957651 
59334.782797736967 
59334.772076712419 
59334.833015352284 
59334.902167436710 
59334.887384556132 
59334.877259091576 
59334.847576906439 
59334.804809641129 
59334.819452008815 
59334.855506948479 
59334.834679640604 
59334.815782463105 
59334.813969384493 
59334.813086117203 
59334.785300690251 
59334.775435544521 
59334.866997356832 
59334.856275273632 
59334.844855639996 
59334.864282133603 
59334.870428842412 
59334.865264478474 
59334.858617294653 
59334.857577125746 
59334.792842166353 
59334.724579619091 
59334.815966710266 
59334.838991454904 
59334.775165852479 
59332.372275113383 
59332.355168677401 
59332.272633724089 
59332.289384883763 
59332.379447644627 
59332.295020006859 
59332.379236209199 
59332.289876604205 
59332.241522409058 
59332.251197132566 
59332.288482565928 
59332.190894132305 
59332.284869313997 
59332.386575484939 
59332.265366147236 
59335.003113189974 
59332.231749899096 
59334.965219959413 
59334.880880476332 
59334.773267583543 
59334.976972638608 
59334.949218507529 
59335.029722422049 
59335.038679847639 
59332.240983436379 
59332.215275749048 
59332.262432309130 
59335.023668415801 
59332.289983084062 
59335.017035022880 
59335.034491935294 
59335.043819491890 
59332.243105372138 
59335.064796591723 
59332.260201225159 
59332.240220714768 
59334.969753648606 
59334.904701448650 
59334.920534312143 
59334.921531176922 
59334.884074719106 
59334.980166375091 
59332.204130491649 
59335.030516098748 
59335.007378500362 
59332.226717470025 
59335.016221379126 
59335.024637387687 
59332.194369302633 
59332.250562200854 
59335.049869007838 
59335.024957041380 
59335.003582095109 
59335.004379935061 
59332.216949113325 
59334.985003248330 
59334.972286051670 
59334.928375967691 
59334.869518106192 
59334.835232956728 
59334.841538377666 
59334.860351698037 
59334.904000680166 
59334.848696635127 
59334.865009646790 
59334.865050915869 
59334.871700034135 
59334.859679252753 
59334.853410000120 
59334.857186384179 
59334.928840993307 
59335.067863276534 
59332.259540905092 
59332.254174242320 
59332.239996329343 
59332.197351740535 
59332.212827837189 
59332.259145197953 
59332.293309861911 
59332.401387882848 
59332.330497692405 
59332.218528534337 
59334.917560466340 
59334.893483923704 
59334.931248144749 
59334.947158222822 
59334.930102688726 
59335.036667698951 
59332.190206712665 
59335.057781099349 
59332.222444073326 
59335.051574292011 
59332.235642627820 
59332.278741727008 
59332.371604060929 
59332.460773268867 
59332.259615182913 
59332.261039429744 
59334.936344600843 
59334.912821182908 
59334.921799207099 
59335.003843581522 
59334.968579660825 
59334.932752000248 
59334.872422754830 
59334.873337000332 
59334.869370595763 
59334.883969182978 
59334.926209640107 
59334.925402773442 
59335.049945494640 
59332.211259252181 
59332.232241101068 
59332.268301597287 
59332.236627235579 
59332.222339651715 
59332.230645311603 
59332.234357773101 
59332.235143281316 
59332.196706369963 
59332.196163427689 
59332.223717838962 
59332.217679452209 
59332.222400502360 
59332.244356192408 
59332.258848500715 
59332.304653911466 
59332.279979012899 
59332.269436896975 
59332.248343343679 
59335.056964777017 
59332.218424214785 
59332.254292553596 
59335.048136015474 
59335.049613750634 
59335.039993759070 
59335.034811250553 
59332.216043983623 
59332.196135184677 
59332.232363355266 
59335.028271140021 
59335.025871217156 
59332.199954018288 
59334.999425656075 
59332.215858861069 
59332.205253063061 
59334.965338634873 
59334.900376328267 
59334.922192535363 
59334.983313218392 
59334.988390167571 
59335.013903699488 
59334.958258839455 
59334.963908043821 
59335.020339044888 
59335.016128310424 
59335.021302718851 
59335.021302718851 
59335.015962813632 
59335.024071461470 
59335.035462318956 
59335.055577792838 
59335.009755031941 
59334.958234500431 
59335.045872349030 
59335.052052825617 
59335.015954073475 
59334.994775096631 
59335.019598973755 
59332.240133468986 
59335.026999967275 
59332.216019277774 
59332.257966447316 
59332.249887399572 
59332.381504640769 
59332.339502529081 
59332.326043047964 
59332.330891435777 
59332.207759462843 
59332.220819000133 
59332.212563945250 
59332.207681294363 
59332.201371979689 
59335.047196291031 
59332.225420365095 
59332.238889869455 
59332.254267409218 
59332.233703089369 
59332.239036964500 
59335.040955499251 
59332.194215882664 
59332.326244337586 
59332.356176686553 
59332.269344519758 
59332.288592896672 
59332.308070622516 
59332.338136931809 
59332.339816457330 
59332.339816457330 
59332.374765128552 
59332.359549058820 
59332.331596709591 
59332.307825466807 
59332.308193585952 
59332.331509260708 
59332.248112065456 
59335.043544309119 
59335.019576720588 
59335.009496127132 
59332.264376508145 
59332.220502595359 
59332.271853427461 
59332.235489115890 
59332.243546094382 
59332.245515666596 
59332.217561817408 
59332.215780356346 
59332.224982918757 
59335.058149542099 
59332.204234207282 
59332.204384780911 
59332.208611992603 
59332.209119226114 
59332.237593648839 
59332.228708569084 
59332.200634112960 
59332.213773689429 
59332.189891267626 
59332.198344043914 
59335.061613161415 
59335.014059097441 
59334.983821123031 
59334.986396870481 
59335.017908051472 
59335.033003527889 
59335.031928385011 
59335.020050209896 
59335.019727101739 
59335.020391803737 
59334.995829493979 
59335.009385487101 
59335.041541529965 
59335.040284414790 
59335.036521535425 
59335.020426700845 
59335.047157462417 
59335.015912822390 
59335.041376220885 
59335.028654584770 
59334.949820038448 
59334.960194594452 
59334.948698968939 
59334.920697593523 
59334.920203727408 
59334.953616969186 
59334.921552359643 
59334.995353333827 
59335.066075158604 
59335.045005415406 
59335.004415114767 
59335.003426889416 
59334.928390239023 
59334.930930926355 
59334.913795157350 
59334.910255563656 
59334.921954174140 
59334.942233354304 
59335.035330281498 
59335.035579428237 
59334.958554501362 
59334.955555603177 
59334.946239146993 
59334.961093926388 
59334.966776964306 
59334.958348626016 
59334.946483249107 
59334.968314207166 
59334.932775338712 
59334.999810058958 
59334.936016243330 
59334.963628620550 
59334.903341693695 
59334.900736182411 
59334.914221099527 
59334.934278026594 
59334.961626860444 
59334.966508745165 
59334.998405189872 
59332.256088541064 
59332.244583657142 
59332.203621585941 
59332.204697136847 
59332.204941220269 
59332.207634341110 
59335.061537274771 
59335.065691070253 
59335.078416378405 
59332.211950537509 
59332.220140899954 
59332.240015707801 
59332.240431041202 
59332.228533712907 
59332.208705713529 
59332.202315553965 
59332.203812887630 
59332.274799589293 
59332.251163633628 
59332.204531820877 
59332.227607728157 
59335.074147673920 
59335.042132198192 
59334.997848548235 
59334.990432210012 
59335.008048822325 
59335.010484742204 
59335.025726178588 
59335.027917767380 
59335.061221197910 
59335.023813034604 
59335.033244161234 
59335.038070597875 
59335.024435695588 
59334.945329885908 
59334.974207660940 
59334.962955110364 
59334.906606324381 
59334.937967180151 
59334.846819694154 
59334.825949703714 
59334.844823559928 
59334.872078114488 
59334.843712153575 
59334.809265736076 
59334.823647544123 
59334.859138983469 
59334.973099713759 
59335.050424052606 
59332.266628160891 
59335.028735925473 
59335.035428816962 
59332.230198111356 
59332.260100879626 
59332.318452099498 
59332.327478447849 
59332.251293236353 
59332.191172019375 
59335.009568386187 
59332.232199343009 
59335.047012819661 
59335.058143736918 
59334.995452816132 
59334.950398248249 
59334.958875346536 
59335.003466048460 
59335.044038337517 
59334.969998234184 
59335.002877851213 
59334.891559438802 
59334.875193509062 
59334.891499683436 
59334.845431642410 
59334.864161573409 
59334.940518261850 
59334.963164726636 
59335.045620676676 
59332.211512174610 
59332.196869061190 
59332.198853670568 
59332.197826013798 
59332.217210154864 
59332.250253780869 
59332.295436348686 
59332.396773472094 
59332.342906697631 
59332.222305145027 
59332.368010374892 
59332.255458195606 
59332.406932433456 
59332.331995020802 
59332.327440326451 
59335.007352733817 
59332.228462917868 
59332.346261751278 
59332.290809320140 
59332.197130097462 
59332.269648159890 
59332.241055334431 
59335.040597836552 
59335.023637065155 
59335.049588320406 
59332.262938459826 
59332.278119432776 
59332.313030422876 
59335.017795200663 
59335.029977116625 
59334.826341562286 
59334.964619035738 
59334.893341161944 
59332.192649787750 
59334.998483138937 
59335.012694577243 
59334.859357322428 
59334.888438291629 
59335.020332369117 
59332.224966193688 
59335.051844361988 
59335.028886952918 
59335.026811795484 
59335.066243233421 
59335.026943368961 
59332.206244108565 
59332.278918274169 
59332.263468948739 
59332.285737541977 
59332.366823527685 
59332.325933007865 
59335.043889836874 
59332.266415601589 
59334.922791901925 
59334.867786234994 
59334.973083412100 
59335.053237733126 
59334.967881305856 
59334.872001901706 
59334.900366697082 
59334.929388490549 
59334.995591569728 
59334.878674498847 
59334.963375593863 
59334.947418021969 
59332.319929983016 
59332.334348264747 
59332.420483444163 
59332.455617633517 
59332.217397228524 
59332.208213329774 
59332.233887622009 
59335.064346054351 
59334.981199422458 
59334.965680527093 
59334.930499082802 
59335.052800210025 
59332.210204911062 
59332.196714505080 
59334.906758789897 
59334.863639143688 
59334.869619177902 
59334.888265352180 
59334.900676787904 
59334.917406280714 
59335.018405568109 
59334.997179262478 
59334.976335006591 
59334.917142811879 
59334.935044002363 
59334.849695705161 
59334.954362977041 
59335.056768438088 
59335.044420923892 
59332.378255959316 
59332.383346690294 
59332.477511357851 
59332.345942441418 
59332.411841109555 
59332.411950112037 
59332.448474071527 
59332.394964557949 
59335.052181916253 
59332.341597295221 
59332.270818283607 
59332.391564650163 
59332.355823385013 
59332.352284058914 
59332.276273926327 
59332.506229918610 
59332.415342174740 
59332.354342408464 
59332.477905977961 
59332.398670717914 
59332.387465116612 
59332.413785847668 
59332.410370510821 
59332.302148211122 
59332.337311633906 
59332.351617626693 
59332.333443205323 
59332.332845854638 
59332.321538752694 
59332.314884886066 
59332.260329441917 
59332.333153690801 
59332.360839752815 
59332.402824191304 
59332.357436890168 
59332.384187879703 
59332.365949290819 
59332.400902495836 
59332.329339342774 
59332.243130711540 
59332.261504577946 
59335.015215270032 
59332.214740601565 
59334.888863132968 
59334.879888554300 
59334.908214078605 
59334.896586944866 
59334.867712960251 
59334.868136068020 
59334.863043066362 
59334.882591457259 
59334.882114582972 
59335.002514378510 
59335.002552162128 
59334.977126133243 
59334.996129152132 
59334.991927251358 
59332.190394201498 
59332.194944212926 
59335.048163386724 
59332.286585535403 
59332.342345397694 
59332.329143206676 
59332.338784308988 
59332.267131840294 
59335.054246603308 
59332.191400012787 
59332.217864214777 
59335.063184769373 
59335.055642724838 
59332.288606020047 
59332.272925691206 
59332.248391785011 
59332.263739739334 
59332.288455189497 
59332.191095102986 
59335.055409472348 
59332.223544231922 
59332.275317265361 
59334.953050293610 
59334.976461289538 
59332.223076263203 
59332.273818097718 
59332.265927313812 
59332.264347339347 
59332.198992845086 
59335.052375571526 
59334.981870503863 
59335.008829861938 
59334.964997739815 
59334.938761365753 
59334.965557770149 
59334.979438896597 
59334.979649098779 
59334.942286179525 
59334.981161288866 
59334.954718607471 
59334.972170369889 
59335.043163347327 
59335.003627255210 
59334.991728917172 
59334.945816071930 
59334.958747571472 
59334.951068116265 
59334.957461756247 
59334.978317108529 
59334.996158110655 
59334.996158110655 
59335.036229539517 
59335.032994836474 
59332.277934457736 
59332.231080905178 
59332.286164630183 
59332.272314857204 
59332.328972751406 
59332.247640761292 
59332.200248304624 
59334.885733794828 
59334.910046101366 
59334.897892506524 
59334.907853998731 
59334.861303596874 
59334.946018327486 
59332.244797508363 
59332.357110231882 
59332.266844278281 
59332.236374546577 
59335.061114132870 
59335.047590375980 
59335.072465789621 
59335.055579572887 
59334.984575260409 
59334.960383754209 
59334.960506076473 
59334.890956883144 
59334.888851128388 
59334.915407989152 
59334.983381316146 
59334.913293728037 
59334.932889137366 
59334.926164674172 
59334.954495529440 
59334.908599693961 
59334.929281868470 
59334.870020243456 
59334.855020807125 
59334.868149791451 
59334.793905870130 
59334.895053308108 
59334.889881106392 
59334.932348039663 
59334.914566379688 
59334.978097544736 
59334.983937932811 
59335.069022326228 
59332.197887341230 
59332.227815554506 
59332.242189770426 
59332.304796220094 
59332.358118264994 
59332.293332979767 
59332.303364760766 
59332.431399654837 
59332.391708002149 
59332.326844955642 
59332.377699826633 
59332.312927523402 
59332.289735791855 
59332.424251174722 
59332.355022182041 
59332.302896249814 
59332.191380224409 
59335.080925673996 
59335.070576285958 
59332.247396408820 
59332.311796905065 
59332.272507790614 
59335.016918918285 
59334.974084688707 
59335.043003992716 
59335.025731732181 
59332.210071224363 
59332.212482216164 
59334.998117650357 
59335.001081811941 
59332.297499156790 
59332.226726883739 
59332.238389251870 
59332.227670866654 
59332.218418991673 
59332.217564966857 
59332.214749289502 
59332.227628958033 
59332.239590961326 
59332.240441613161 
59332.242502047331 
59332.241977557991 
59332.245231160894 
59332.207347701980 
59332.201448101616 
59335.045688352562 
59332.202536245750 
59332.204598332464 
59335.054189076880 
59335.048174087911 
59335.041707958531 
59334.997861146061 
59335.038451381348 
59335.054619384537 
59335.055136261770 
59335.051744290286 
59332.193282059139 
59335.031218458651 
59335.047699137023 
59335.044073374127 
59335.048419670384 
59335.031382601053 
59335.048711088595 
59332.225824307461 
59335.052546652812 
59335.042802744392 
59335.050526279440 
59334.994886236236 
59335.006821334522 
59335.011677787959 
59332.195796816355 
59335.057062562686 
59332.197657028788 
59335.053542534151 
59332.354592399446 
59332.327141509290 
59332.357958316294 
59332.372415282793 
59332.308404002237 
59332.328537503578 
59332.225339560442 
59335.039095185399 
59335.042123693798 
59334.961426607311 
59334.869063585262 
59334.870796706658 
59334.907880887549 
59334.907124144338 
59334.959903531533 
59334.961824679231 
59335.041406865821 
59334.965073581458 
59334.945508285513 
59334.944488419758 
59334.939765235555 
59334.953525400568 
59334.950302481484 
59334.955761214202 
59335.008401262377 
59335.006073491619 
59335.030036022676 
59335.022693179824 
59335.022473052835 
59335.015351036789 
59334.970549492085 
59334.961729340022 
59334.981121562589 
59334.977165864861 
59334.971004673615 
59334.831271347379 
59334.798000832707 
59334.823012984431 
59334.961612058389 
59334.931180150248 
59334.829245657165 
59334.838188126654 
59334.848652487774 
59334.875802924529 
59334.814255284677 
59334.874334436267 
59334.928580384905 
59334.837303316774 
59334.874415288083 
59334.903274931676 
59334.959740268234 
59334.970071410986 
59335.040371882016 
59332.200468334289 
59335.047173951047 
59332.218234569154 
59332.363652497719 
59332.330083450819 
59332.303876627731 
59332.287461797605 
59332.289257586788 
59332.301674760412 
59332.243368344069 
59332.247094928745 
59332.231140981457 
59335.063202061603 
59335.066434782711 
59335.061304730611 
59335.072978990385 
59335.057573521313 
59335.036125636747 
59335.029734907475 
59332.199664057283 
59332.222020408451 
59334.961207352702 
59334.810610901593 
59334.846142759467 
59334.883648505573 
59334.927058475078 
59334.999966046016 
59335.029042936687 
59335.029465038257 
59334.995242320401 
59334.876663294381 
59334.685771380297 
59334.765518558990 
59334.832002038427 
59334.902864339150 
59335.004540167065 
59334.981328981470 
59334.950841108999 
59334.886149424681 
59334.904881830924 
59334.986284889841 
59332.271244142779 
59335.041620007258 
59334.964216444831 
59334.923907756944 
59334.798704860179 
59335.041377358590 
59332.335368019070 
59335.025993392475 
59334.960550352043 
59334.904540234005 
59334.914863125530 
59334.875217437700 
59334.920117666639 
59334.953307967364 
59334.963054965607 
59334.907436033485 
59334.888323635620 
59334.841468797335 
59334.870439288687 
59335.042115592631 
59334.931222859443 
59334.897720636611 
59334.831980267198 
59334.903044479521 
59334.865420912145 
59334.770567170381 
59334.921349960532 
59334.940613966683 
59334.955701815445 
59334.996450023660 
59334.924208268589 
59334.957512874236 
59335.045945278609 
59332.192884722434 
59334.849026290518 
59334.796782662015 
59334.931542998638 
59334.901401889176 
59334.913299054257 
59335.031226068124 
59332.202790310395 
59335.027111208845 
59334.963179080201 
59334.931250576243 
59334.956904031205 
59334.952055016569 
59334.935982517796 
59334.840901272270 
59334.825209747185 
59334.883352500583 
59334.871030160408 
59334.842992567188 
59334.925559157906 
59334.911503933057 
59334.939312925897 
59334.913598398874 
59334.874652462357 
59334.860699891731 
59334.980193818345 
59334.898382098909 
59332.254420239478 
59335.045795560181 
59332.193589408140 
59335.025832840351 
59334.997019879338 
59335.011551222444 
59332.329071405809 
59332.306008259729 
59332.249975061997 
59332.230739884806 
59332.311252764106 
59332.322670724643 
59332.276811675489 
59332.309014342725 
59332.326633917612 
59332.270576764058 
59332.353324306292 
59332.285042386240 
59332.267078831261 
59335.081569240509 
59335.063964965550 
59335.067786551415 
59335.055144927574 
59335.041014932554 
59332.261487353680 
59332.244830486838 
59332.196451505530 
59335.059819335889 
59335.006388897527 
59334.999640514208 
59332.190167903529 
59332.212358854573 
59332.225855105986 
59335.051009301977 
59332.233176393202 
59332.256558399800 
59332.261928531152 
59332.228134048084 
59335.025723021841 
59334.993923358270 
59335.005232016832 
59332.263652248133 
59332.273010291887 
59332.298917554712 
59332.299082258898 
59332.298639662324 
59332.295429613958 
59332.285165852598 
59332.289289201784 
59332.245629151192 
59332.367629124557 
59335.014774284835 
59332.301889078044 
59332.367951051798 
59332.329393572916 
59332.352215587489 
59335.058886236999 
59332.203393742297 
59335.042962540116 
59332.214394929550 
59334.955126996938 
59335.053580172636 
59332.200492346878 
59332.321657313805 
59332.439335019131 
59332.364060592874 
59332.308328506319 
59332.230338833819 
59332.243585062672 
59332.264280643234 
59332.235042701293 
59332.251268247965 
59332.265043662766 
59332.235927562549 
59332.248191143364 
59332.316642370672 
59332.405039908495 
59332.383927448282 
59332.338907201047 
59332.358918364727 
59332.425052072460 
59332.364903308800 
59332.282123581019 
59332.286966955005 
59332.384016356569 
59332.332630697354 
59332.299096567775 
59332.235222890486 
59335.054019951342 
59335.057458422154 
59335.013643352679 
59335.001965909294 
59335.020234965465 
59334.958791376048 
59332.236561939950 
59332.268974736682 
59332.329758498825 
59332.233686611457 
59332.365591476744 
59332.333683988691 
59332.307333108030 
59332.329063658952 
59332.294686301851 
59332.241066979972 
59332.381880001478 
59332.234525822481 
59332.341594932586 
59332.266166444497 
59332.274561304344 
59332.253721721077 
59332.287790193281 
59332.285619210612 
59332.329532625612 
59332.266338690511 
59332.364020589710 
59332.357697985361 
59332.375330876348 
59332.397885678700 
59332.399891919667 
59332.274432723621 
59332.324483426542 
59332.281092887926 
59332.238185806884 
59332.237534119166 
59332.223873557443 
59332.251713951955 
59332.246030448652 
59332.241131539544 
59332.252699491517 
59332.235962949155 
59332.359719893517 
59332.327399030073 
59332.285179752464 
59332.345352060998 
59332.398626351765 
59332.431331605985 
59332.382024246035 
59332.377533514235 
59332.335734526023 
59332.407803616312 
59332.493848622289 
59332.371611541974 
59332.314825820322 
59332.316580237573 
59332.314682589007 
59332.275348689960 
59332.338520140387 
59332.304281794561 
59332.304097467029 
59332.297115963906 
59332.289557150332 
59332.291974644591 
59332.260414117365 
59332.249766803689 
59332.206103903147 
59332.237312918798 
59332.231880764994 
59332.259057925970 
59332.218261113252 
59335.056762870510 
59332.192881414383 
59332.224510539672 
59332.212708998100 
59332.237623528694 
59332.244373226342 
59332.240307139087 
59332.254533820422 
59332.255008032829 
59332.264899155707 
59332.267793303596 
59332.267793303596 
59332.234407540542 
59332.318433386092 
59332.271550750091 
59332.241320149114 
59332.207003990654 
59335.069028376696 
59335.055802821698 
59335.043458888023 
59334.986589735134 
59335.011024674372 
59335.001734630387 
59334.973819770341 
59334.873098714292 
59335.018046049008 
59334.989955315701 
59335.002312734563 
59335.001899562776 
59334.995304772987 
59332.209170829083 
59335.039732895020 
59335.040596548904 
59334.982733081451 
59334.966999731310 
59334.968759240059 
59334.969716419102 
59334.932385653425 
59334.982814600953 
59334.971057239192 
59335.060710842707 
59335.006794407105 
59332.200902683682 
59332.201264941243 
59332.216303041387 
59335.045900752200 
59335.044263225507 
59335.017817056840 
59335.031221364246 
59335.000638647987 
59334.969381447518 
59334.931138388674 
59334.947430045875 
59334.910132963516 
59334.919033599734 
59334.851435037584 
59334.854960023782 
59334.844440645495 
59334.853368043288 
59334.840199304934 
59334.859492847194 
59334.828686528141 
59334.778172922801 
59334.727348318054 
59334.766864445126 
59334.697294041573 
59334.707953934856 
59334.723050342203 
59334.653154205764 
59334.775611410587 
59334.727823400506 
59334.803535115578 
59334.711096818028 
59334.721649343286 
59334.710857374455 
59334.731089097288 
59334.768719705316 
59334.761538839593 
59334.799441603209 
59334.747389774770 
59334.706001078281 
59334.757119052469 
59334.770848583197 
59334.739221181815 
59334.750322460888 
59334.717131256977 
59334.701153212431 
59334.731472141357 
59334.759267936344 
59334.752138630029 
59334.704845297929 
59334.769976055119 
59334.820847675088 
59334.815648231364 
59334.825149376607 
59334.819911769533 
59334.819801355399 
59334.836301981064 
59334.812532487187 
59334.793145899006 
59334.779887945871 
59334.782251860197 
59334.853805662373 
59334.887280221243 
59334.974746425622 
59334.945005030058 
59334.923690726289 
59334.878240617734 
59334.883862053954 
59334.924759947862 
59334.833792501697 
59334.945747514255 
59335.061731423870 
59335.063010680817 
59335.053767593054 
59332.260241000673 
59332.354665866915 
59332.290663486368 
59332.277425278116 
59335.071842948208 
59332.220568548844 
59332.210219000110 
59332.239750884422 
59332.240180811663 
59332.202903597303 
59332.288968442605 
59332.253178855943 
59332.274358758659 
59332.261041248748 
59335.013155683548 
59335.023925297588 
59335.039692973580 
59332.190673526879 
59332.195643855121 
59332.213994425292 
59335.063012950668 
59332.206158805471 
59332.204247539259 
59335.028423996322 
59334.872642283604 
59334.960492967301 
59334.941693582463 
59335.018464834175 
59332.221236449899 
59335.068029938564 
59332.205842985684 
59332.213882736491 
59335.030858248945 
59334.963304832927 
59335.043878885997 
59332.303622090367 
59334.987176179282 
59335.059753461530 
59332.210016335011 
59334.947537721302 
59334.969247181863 
59335.030959614029 
59334.963453109798 
59334.989715552467 
59334.921197800912 
59334.918418137357 
59334.977546199596 
59334.987668617141 
59335.039149345379 
59334.997565085432 
59335.038745785932 
59335.041510173796 
59335.021660254839 
59334.934836649365 
59335.017680378238 
59332.237055006546 
59332.228251982116 
59332.190773064984 
59332.240173058010 
59332.316360000586 
59332.212757121037 
59332.192428583330 
59334.886430258935 
59334.993488167398 
59334.987690402777 
59335.031533494541 
59334.973428115387 
59334.986478421866 
59334.993821259195 
59335.030995709938 
59332.251670992599 
59332.233314220699 
59335.059222219643 
59335.029686401438 
59332.295334522118 
59335.062044891849 
59335.015958958058 
59335.018864461264 
59335.025122552186 
59335.042616426581 
59332.282796774743 
59332.226117235776 
59332.257092322885 
59334.884737233260 
59332.216542464637 
59332.193119680262 
59334.844316518371 
59334.855191843650 
59334.872116703395 
59334.858624684734 
59334.816594305943 
59334.892656640404 
59334.856490699021 
59334.882962427029 
59334.865779200125 
59334.895351786501 
59334.887321462986 
59335.067432975971 
59334.949384792955 
59334.878511034098 
59334.902538691393 
59334.848893501883 
59334.830526384634 
59334.838730521435 
59334.912234493335 
59334.912215347140 
59335.013307278001 
59334.961857051749 
59335.048658819120 
59332.255219751176 
59332.240220196058 
59332.230053840838 
59332.413058235441 
59332.362613907804 
59332.323654941451 
59332.377390314672 
59332.346924496575 
59332.310267286528 
59332.328779175834 
59332.320860597232 
59332.285277531475 
59335.075517198442 
59332.209344562041 
59334.981583103676 
59334.959950904195 
59334.878756696147 
59334.869562378546 
59334.941192582788 
59334.855835771028 
59334.966103761428 
59334.986661580260 
59334.989134777425 
59334.975636281357 
59334.987953437907 
59335.007294449766 
59335.011246593327 
59334.869706699028 
59334.991702984538 
59335.056511897899 
59332.218435018738 
59332.411407010848 
59332.227033234187 
59334.996016683494 
59332.204210711257 
59332.226257798553 
59332.212427660001 
59332.207768484455 
59332.226506274194 
59332.193835370752 
59332.212204173346 
59332.294207909836 
59332.255581964804 
59335.033199614692 
59334.989402680781 
59335.032384096732 
59332.314139745860 
59335.048299058268 
59335.055102855542 
59335.029471344154 
59334.979105839491 
59334.959315455242 
59334.968112502022 
59334.988195711390 
59334.950182584449 
59335.050521262841 
59334.995129223375 
59334.966587007097 
59334.974083966546 
59334.984691340273 
59334.999562465360 
59335.006024257491 
59335.079203665606 
59335.028617522461 
59334.996180804534 
59334.992432340754 
59334.948393858293 
59334.897773141500 
59334.965602007309 
59334.972846698394 
59335.021507569159 
59334.911761147589 
59334.975244189496 
59334.972560581133 
59334.955467616914 
59335.014242915575 
59335.007175339430 
59335.045647599582 
59335.023539006033 
59334.876313546796 
59334.834820743279 
59334.998708228763 
59334.905035121294 
59334.967302251716 
59334.978066676078 
59334.966436930132 
59335.001961555638 
59334.993781621866 
59334.970016964580 
59334.915062454915 
59334.930344202046 
59335.016617375790 
59335.038546140720 
59335.006220693052 
59335.022106263568 
59335.032450162151 
59335.017844051916 
59335.013597770987 
59334.956432999243 
59334.925242898629 
59334.938054361730 
59334.883864144533 
59334.844581205063 
59334.836369261335 
59334.843005892726 
59334.840637460220 
59334.854213835017 
59334.904470219939 
59334.866376528305 
59334.889374986378 
59334.901422156880 
59334.966185782680 
59334.992048660468 
59335.004407672961 
59334.917180285003 
59334.918006652362 
59334.938382143642 
59334.984933897176 
59334.983331121795 
59334.996210377853 
59334.971655023430 
59335.022645397999 
59334.995112709898 
59334.964916259298 
59335.012646684292 
59334.998177610032 
59332.229794104089 
59335.010885905795 
59335.034943715262 
59335.032425688318 
59335.046396585109 
59335.065279923292 
59332.223944444617 
59332.241079047213 
59332.240852110554 
59332.344118853151 
59332.316633619223 
59332.302827963031 
59332.319204015854 
59332.192643874150 
59332.190619525099 
59335.006495334761 
59335.017488938392 
59334.986526951885 
59334.968580684974 
59335.013581541287 
59335.009859103637 
59334.991746158150 
59335.016898572838 
59334.979281722648 
59334.972348605072 
59334.980371719423 
59335.012426015317 
59334.957857959707 
59334.907191657672 
59334.921023694500 
59334.956313512987 
59334.912164819631 
59334.831003627063 
59334.775296009138 
59334.908828854030 
59334.892258792715 
59334.814050484303 
59334.901942738870 
59334.960027900233 
59334.902738659301 
59334.830536213762 
59334.786522909671 
59334.848037485528 
59334.873026583453 
59334.842201768377 
59334.829182176392 
59334.835658947268 
59334.861980549118 
59334.827075727000 
59334.815524572470 
59334.890768892918 
59334.929670372469 
59334.930223442308 
59334.903392836037 
59334.925217675940 
59334.992841743064 
59334.960955151713 
59334.937143802643 
59334.867777223546 
59332.196232380200 
59335.041431247038 
59335.031691711025 
59335.038008422765 
59334.988563920393 
59334.917131536007 
59334.944559587886 
59334.891909245656 
59334.876631419625 
59334.868955537815 
59334.803781526542 
59334.797553363722 
59334.801036490710 
59334.798083144713 
59334.774992504259 
59334.878541375976 
59334.918075787085 
59334.841318258346 
59335.022517330981 
59334.999435936516 
59335.001499007718 
59335.010425598994 
59335.014007398917 
59334.991656215112 
59335.034136542199 
59335.036183735509 
59335.048645075156 
59335.027268154001 
59334.976910306490 
59335.047809649004 
59332.215789608650 
59335.035090904043 
59335.040216572372 
59335.044248772218 
59335.029669723888 
59335.028212995938 
59335.043909021042 
59335.041036430084 
59335.011938359770 
59334.999879661678 
59335.004171854540 
59334.987721241734 
59334.976598799003 
59334.999621773590 
59335.054634952401 
59335.043045081409 
59335.048907203447 
59332.217033466142 
59332.197621545034 
59332.227450532089 
59332.240952539549 
59334.978857301321 
59334.974302181152 
59335.013725327182 
59335.032096868366 
59335.008508230669 
59334.982987794094 
59334.967576965275 
59334.962617448735 
59332.263030159171 
59332.244714754401 
59332.296290321407 
59332.212690377222 
59332.211864048040 
59332.286319969440 
59332.300145251713 
59332.346499812978 
59332.293918549723 
59332.301962985402 
59332.244536616548 
59332.296765946441 
59332.221733371538 
59335.003792771837 
59334.978025741686 
59334.992012246941 
59334.985976654651 
59334.990702508891 
59332.207386727830 
59332.198972672726 
59332.198972672726 
59334.947779573071 
59334.952420148926 
59335.021780692274 
59332.200685531556 
59335.049563268993 
59332.213494349227 
59332.193089784843 
59332.191403417186 
59335.049620921993 
59335.026993141364 
59335.028310554801 
59334.968542334886 
59334.968193510540 
59334.861476132588 
59334.848944311299 
59334.925285886493 
59334.971426495205 
59334.992918951182 
59334.982607468504 
59334.968538608671 
59334.930037861566 
59334.945464843484 
59334.994483750888 
59335.016097183776 
59335.020971286103 
59332.238856072239 
59332.210542742934 
59332.191708564234 
59335.025024700255 
59335.002264684001 
59334.603188903726 
59334.662732596589 
59334.570566057060 
59334.742757611340 
59334.693274337274 
59334.657144314326 
59334.639771780785 
59334.792991175389 
59334.882403230789 
59335.036265342096 
59335.067228593500 
59332.201599540516 
59335.062752128208 
59335.041380412855 
59334.834987278438 
59332.205115874858 
59332.235518218586 
59334.982446278074 
59332.234824790168 
59335.050256406343 
59332.200540141966 
59335.072053040254 
59332.242953952766 
59332.285110413592 
59335.074390428606 
59332.206422995907 
59335.030899218327 
59332.330068007359 
59332.339967942484 
59335.046852911786 
59335.013603179308 
59335.008905705268 
59335.042030628727 
59332.326991860624 
59332.373316152181 
59332.292366933827 
59332.373650838475 
59332.366384634901 
59332.336598580187 
59332.335545422698 
59332.477939608703 
59332.485997429918 
59332.450677437584 
59332.389752689603 
59335.004285347466 
59335.008296084627 
59334.983250431404 
59334.985237103734 
59332.279069789722 
59332.299798264146 
59332.193386996922 
59332.288878999352 
59332.340142865229 
59332.293104980788 
59332.354722921278 
59332.279761832891 
59332.368072898775 
59332.274115468987 
59332.382416845154 
59332.221467931849 
59334.969184170943 
59334.957667180868 
59335.045122130381 
59335.060885585350 
59332.279166026237 
59332.198144813185 
59332.217388070960 
59332.234161473461 
59334.998454930559 
59334.959120906002 
59335.014652028563 
59334.924835546823 
59335.051435974921 
59335.056118749773 
59332.197415323993 
59332.261759450623 
59334.970558712841 
59335.016063920710 
59335.006160135366 
59335.014438993392 
59334.990072995810 
59334.972393060460 
59334.975050140019 
59332.258374800345 
59332.299802111709 
59332.281003637829 
59335.042230502833 
59332.239476424162 
59335.055758159702 
59334.910527929118 
59334.753939829294 
59334.847012008533 
59334.882004476320 
59334.908519470540 
59334.833761401169 
59334.806550991139 
59334.823734297177 
59334.797899287187 
59334.814947278974 
59334.885738511017 
59334.871750911610 
59334.881918399173 
59334.895139287015 
59334.908927477474 
59334.891214887211 
59334.899186197508 
59334.852505510804 
59334.860649325463 
59334.911433621601 
59334.900592240629 
59334.916593213995 
59334.910734679390 
59334.960028442387 
59334.941960159034 
59334.964161632837 
59334.940411839852 
59334.904287526173 
59334.873167431899 
59334.837975365524 
59334.830767218489 
59334.854638250843 
59334.883481657256 
59334.969289910958 
59334.915383605614 
59334.874480504681 
59334.878656948087 
59335.011861660161 
59335.019601819251 
59335.023119761987 
59335.068985367390 
59335.002679669647 
59335.030926370448 
59334.978707865637 
59334.937528969058 
59334.916825288070 
59334.917179947981 
59334.883800622891 
59334.864960923907 
59334.747777955177 
59334.951373629068 
59335.024169360389 
59335.038045938767 
59335.022207285227 
59335.024408383622 
59335.061360437212 
59334.996837330895 
59334.949244506228 
59335.031273524270 
59335.022231670300 
59335.037881149299 
59334.982025551348 
59334.953002457434 
59335.037034300578 
59332.215341255513 
59332.190307530524 
59335.056787903923 
59335.054377980043 
59334.923000889350 
59334.784224722840 
59334.802726563583 
59334.925788078435 
59334.922844528061 
59334.898215174289 
59334.852043209678 
59334.948269439956 
59334.936450979156 
59334.939487966534 
59334.979053736984 
59334.993438884900 
59334.943786649041 
59334.941361669575 
59334.960129967418 
59334.997505535328 
59334.983080217433 
59334.945195202017 
59334.941389629203 
59334.945528381351 
59334.927231155401 
59334.929920324939 
59334.934660286890 
59334.909219596651 
59334.884177224674 
59334.908134989077 
59334.895310656066 
59334.938943069807 
59334.939703253098 
59334.921927661417 
59334.939410757397 
59334.953968351270 
59334.959101245302 
59334.956277676203 
59334.962136722046 
59334.955385135472 
59334.946612880638 
59334.957061303059 
59334.929977845459 
59334.913039151084 
59334.876181686988 
59334.904881809583 
59334.901815991048 
59334.919724885796 
59334.923196350064 
59334.917387546811 
59334.925402865898 
59334.921266454032 
59334.925342608083 
59334.914032654822 
59334.956569165726 
59334.957539811898 
59334.968246766679 
59334.999103453840 
59335.008648914532 
59335.006077293787 
59335.010902333015 
59335.022648671904 
59335.039609559812 
59334.979152960332 
59334.977715783287 
59334.921593096682 
59334.978863041848 
59334.952476993793 
59334.952986836681 
59334.899157477485 
59334.909037567690 
59334.907178546404 
59334.869093318259 
59334.859153077618 
59334.808843687730 
59334.839376837503 
59334.887725999040 
59334.855367554199 
59334.850534858160 
59334.909229867946 
59334.843093805815 
59334.837605621549 
59334.855612423795 
59334.854515255800 
59334.894952147202 
59334.904886939534 
59334.903932800888 
59334.786426595536 
59334.815693909120 
59334.798520066128 
59334.805344773311 
59334.837617131474 
59334.829727215314 
59334.901042898557 
59334.906361841699 
59334.882282019891 
59334.917050031996 
59334.921695999161 
59334.933348845676 
59334.935695144850 
59334.941322767001 
59334.875435834321 
59334.873703645542 
59334.892121845158 
59334.882822556785 
59334.902932714343 
59334.887073171521 
59334.864905034912 
59334.876543419698 
59334.867974484070 
59334.862051801269 
59334.845531513667 
59334.843637976846 
59334.852031206334 
59334.859853343427 
59334.882165804549 
59334.851642059097 
59334.855373840823 
59334.892054555145 
59334.859905563295 
59334.775679489663 
59334.815272658030 
59334.696154585741 
59334.814481042871 
59334.797655302609 
59334.797751754748 
59334.813641220549 
59334.774314177062 
59334.762276449503 
59334.758807044651 
59334.738353086788 
59334.775567626937 
59334.742289556998 
59334.705718280755 
59334.688549938823 
59334.632800442028 
59334.736717774518 
59334.780194172854 
59334.612441086429 
59334.675017594302 
59334.674304980363 
59334.730193116644 
59334.601925740535 
59334.670741834867 
59334.669685445806 
59334.500801773458 
59334.676603928405 
59334.612169613298 
59334.692283398290 
59334.627908531264 
59334.624641367780 
59334.597920018809 
59334.446188628397 
59334.535967727221 
59334.581007999433 
59334.586198497382 
59334.585053212431 
59334.595866039155 
59334.500644118001 
59334.472105834713 
59334.373219530891 
59334.433401498158 
59334.489197641946 
59334.439101247735 
59334.426246963973 
59334.527063273083 
59334.632307060398 
59334.602515776533 
59334.603112286561 
59334.635037936096 
59334.617737518172 
59334.606120793658 
59334.598002000559 
59334.561227997307 
59334.605023242846 
59334.691994003384 
59334.646227310026 
59334.655735084343 
59334.678246138210 
59334.693017858452 
59334.657099305266 
59334.671464191313 
59334.679806792010 
59334.687653049725 
59334.717500643972 
59334.685449149278 
59334.671244362165 
59334.686352882774 
59334.658565140373 
59334.722297307962 
59334.658857199691 
59334.752981491642 
59334.764003447373 
59334.788576931940 
59334.831338834629 
59334.829191311503 
59334.826044576876 
59334.844844355837 
59334.816074512128 
59334.866057373350 
59334.788174133260 
59334.782115729999 
59334.768637264977 
59334.771849651937 
59334.766452900127 
59334.789589227199 
59334.723193213154 
59334.780078952892 
59334.770329632753 
59334.755409007776 
59334.769680046673 
59334.791575030838 
59334.783242654303 
59334.782827860101 
59334.774775320875 
59334.766873209373 
59334.768166226386 
59334.770413896927 
59334.784993461421 
59334.807032774006 
59334.795309814654 
59334.840699007713 
59334.859516046301 
59334.862751427288 
59334.853625341850 
59334.866533480483 
59334.868572871273 
59334.985512504158 
59334.979448661310 
59334.963016439615 
59334.924879979764 
59334.935339121497 
59334.846218771767 
59334.954994724692 
59334.983494950960 
59334.933525620254 
59334.927045306336 
59334.905687921906 
59334.916719992616 
59334.836904687429 
59334.904689732830 
59334.918923420541 
59335.014692945020 
59335.023553607272 
59335.039621530137 
59332.221219642255 
59335.040677233395 
59335.053193321182 
59332.351160511396 
59335.040023415124 
59335.031898185909 
59332.211458971273 
59335.024816997269 
59335.040907008137 
59332.231402053010 
59335.036177859001 
59334.988608475731 
59334.984330552383 
59334.970222122065 
59334.989927805371 
59332.310094000204 
59332.300492708375 
59332.285954952502 
59332.277927578383 
59332.215236934324 
59332.218061666565 
59335.038692028575 
59332.273605073467 
59332.318076341115 
59332.301664225430 
59332.388425831523 
59332.264532400637 
59332.279220960794 
59332.310570574533 
59335.063334030718 
59335.021092395655 
59335.057291571888 
59334.987002271118 
59334.923206606771 
59334.908144104600 
59334.922810758180 
59334.940975825753 
59334.963773321928 
59334.964040634048 
59334.964397069634 
59335.077349235638 
59334.960292575677 
59335.008413665506 
59334.990509873453 
59334.981386260530 
59335.002890190590 
59334.978225238039 
59332.202443797971 
59335.021927796261 
59335.014408620285 
59335.065541175376 
59334.950025360806 
59334.930309100229 
59334.960793309991 
59334.923968704206 
59335.008592209175 
59332.202165651208 
59335.034855267128 
59332.298775886469 
59332.221753757403 
59332.279506138933 
59332.199865666305 
59332.204155787047 
59334.925821929799 
59334.963012061729 
59334.988597133015 
59335.003602836878 
59335.037367960991 
59332.309447598935 
59335.015053192503 
59334.974884717180 
59334.979686269071 
59334.864065383190 
59335.018318299575 
59334.972233268447 
59334.967049955689 
59334.931932785366 
59334.873581561915 
59334.926799251152 
59334.910057916262 
59334.859035273970 
59334.884013918556 
59334.955634008111 
59334.974410401097 
59334.942602863535 
59335.004103372426 
59335.026351472028 
59335.036001761131 
59334.937522474822 
59335.040053092598 
59335.068207635086 
59332.190449580718 
59332.373081411723 
59332.340234190655 
59332.302774335854 
59332.410726772134 
59332.308309603650 
59335.064433170221 
59335.068776035252 
59332.236774701807 
59335.039654038970 
59335.001152598219 
59334.977624442348 
59334.964336900019 
59334.992548129056 
59335.016157855978 
59334.969705246069 
59332.209925574993 
59335.020273680377 
59332.201744329439 
59332.259663228979 
59335.058543267907 
59335.045166283584 
59334.956682675453 
59334.927602949072 
59334.917138777811 
59335.009326292740 
59334.967628984668 
59335.062571970855 
59334.923263610908 
59334.895535873802 
59334.979301096391 
59334.943414863665 
59334.837955499715 
59334.798261752985 
59334.865997540895 
59334.977499280852 
59334.986859177123 
59334.976140636005 
59334.980880186660 
59335.015746182202 
59334.952831820665 
59334.870951420140 
59334.855413939149 
59334.884977540314 
59334.893248476117 
59334.861954420958 
59334.912842345591 
59334.880035891481 
59334.988352959859 
59335.037967772587 
59335.082652093486 
59334.996531889265 
59335.022168479911 
59335.021462109908 
59335.064885899701 
59335.084585823453 
59334.912205160908 
59334.941085475089 
59334.912186047201 
59334.898205179416 
59334.885874016152 
59334.919796805814 
59334.960959977812 
59334.950187451817 
59334.959698494167 
59335.020549288703 
59335.000286079921 
59332.192229457338 
59332.251877274932 
59332.258525075085 
59332.233415053859 
59335.014739129576 
59335.003595673130 
59335.045052861235 
59334.989193209651 
59334.994243975867 
59334.981956739517 
59332.206694834116 
59332.239347842056 
59332.240413703490 
59334.936924204841 
59334.969979539746 
59334.927607348756 
59335.018297153088 
59334.993024996365 
59334.981757469155 
59335.029675491853 
59334.985826400196 
59335.011231591729 
59334.999791918890 
59332.284225546289 
59332.239927053568 
59332.197104070590 
59335.049301129809 
59334.982245214938 
59335.013216063322 
59332.314522722110 
59332.330720350386 
59332.368586155470 
59332.368084645896 
59332.451904401823 
59332.443745275836 
59332.255071422995 
59335.056940622395 
59335.055302672044 
59335.019971084606 
59335.040020275483 
59335.011174823674 
59332.190186505431 
59332.226014463398 
59332.237271255231 
59332.234769411603 
59332.214067450557 
59332.282720168900 
59332.258997582547 
59332.254551167222 
59332.315133176096 
59335.049424499543 
59335.010488409891 
59334.976194719988 
59334.948582771452 
59334.912762223197 
59334.896097096265 
59334.913888479445 
59335.033464432054 
59335.019312536817 
59335.004617675826 
59334.977653631599 
59334.985248245634 
59334.984167521034 
59335.004543870884 
59334.975589312155 
59334.972185171631 
59334.929703155496 
59335.015709569539 
59335.003655047003 
59335.005359394556 
59335.027867172408 
59335.009650962791 
59334.997361305832 
59335.066972727451 
59335.014524642727 
59335.036590251322 
59332.223299114892 
59335.009044320534 
59334.957604324256 
59334.939427841506 
59334.946408233511 
59334.983261995294 
59334.930700349760 
59334.972465557155 
59335.007749455857 
59335.031661625384 
59335.019555617349 
59335.010297482251 
59334.998568588097 
59334.995230960900 
59334.979125887716 
59335.021523771386 
59332.225326196756 
59334.991581207360 
59335.019588711599 
59335.002624330002 
59335.033235676827 
59334.995785918290 
59334.988485952221 
59334.988486835449 
59334.937637331794 
59334.954872605012 
59334.962438164555 
59334.921878547015 
59335.042606014293 
59334.920353648231 
59334.920708693287 
59334.982571605782 
59334.937572573959 
59334.925008963124 
59334.929751789263 
59334.791258105310 
59334.790005254166 
59334.786294108308 
59334.774533895157 
59334.769866550487 
59334.755351530854 
59334.896501097835 
59334.848941431999 
59334.871571672549 
59334.871571672549 
59334.826526401012 
59334.724040959904 
59334.843225972501 
59334.868207384621 
59334.874873734276 
59334.914012239875 
59334.974593866136 
59335.067439736922 
59335.037041908865 
59335.082439254518 
59335.038835477280 
59332.218509068101 
59332.207416751407 
59332.208460603797 
59335.062924770646 
59332.283398575324 
59332.273145415464 
59332.246538520914 
59335.075209302391 
59332.296703267079 
59332.310430941900 
59332.354919326652 
59332.285000172451 
59332.341495173445 
59332.271153594091 
59332.244354808696 
59332.286476755333 
59332.240928540865 
59332.299549259187 
59332.298407474751 
59332.351272125481 
59332.222079297375 
59332.291219215549 
59332.250354909454 
59332.259945869417 
59332.345030781529 
59332.245134111807 
59332.218003787770 
59332.306831179900 
59332.271709966233 
59332.240451423771 
59332.328081729189 
59332.219233041127 
59332.193690644053 
59332.205486576437 
59332.250693844551 
59332.263745009514 
59335.033819229364 
59332.283931235783 
59332.235237534493 
59332.290986717599 
59332.257915769165 
59332.350968541454 
59332.322211108920 
59332.268343983182 
59332.330014657389 
59332.288942096697 
59332.310570611357 
59332.268927494741 
59332.303226568882 
59332.309374857869 
59332.265948165528 
59332.308770450421 
59332.320578510349 
59332.313241996620 
59332.289425562958 
59332.319995608617 
59332.321573972185 
59332.280710792511 
59332.213051463710 
59335.036491226754 
59335.034122836689 
59332.201128581342 
59334.987753148744 
59334.921909911034 
59334.990181727735 
59335.030814313461 
59332.251124939074 
59332.258606380623 
59332.239811030791 
59332.242769415767 
59332.244173137689 
59332.266077835666 
59332.257130845035 
59332.243368971183 
59332.239716453099 
59335.054482815845 
59335.056154977479 
59332.210415873684 
59332.219605351442 
59332.227028450856 
59332.223961087861 
59335.058382186246 
59335.013537605410 
59335.035739322324 
59332.258298520377 
59332.299011747375 
59332.284335687160 
59332.232207460242 
59332.243454948155 
59332.239112094539 
59335.078410625487 
59335.039010458015 
59332.223300989528 
59332.222079670937 
59332.292687062429 
59332.263402794160 
59332.292146216285 
59332.325765750058 
59332.347288761324 
59332.349148093221 
59332.328673456184 
59332.284594529447 
59332.253672585291 
59332.337593913493 
59332.432476430768 
59332.401690571169 
59332.229601717438 
59332.215526624430 
59335.027433844502 
59335.003907290731 
59332.233325530477 
59332.264163755681 
59332.206256000856 
59334.930517654822 
59334.930275893465 
59334.972941151151 
59334.869741130904 
59334.968179935480 
59334.971217976650 
59332.411657512072 
59332.267356309225 
59332.192885617245 
59332.250385312793 
59332.191853628610 
59332.278039375356 
59332.317605461329 
59332.317228930813 
59332.348655709895 
59332.347476613664 
59332.502982748381 
59332.305079473132 
59332.269438480798 
59332.374770681490 
59332.345931853328 
59332.292666008259 
59332.298203565369 
59332.403423860953 
59332.427400343979 
59332.283669547236 
59332.358585886941 
59332.297175784835 
59332.287723301917 
59332.233874580008 
59332.296220381708 
59332.210424172554 
59332.236639457893 
59332.226238314448 
59335.043977239518 
59332.228929156590 
59332.338089449331 
59332.252584600901 
59332.395210444629 
59332.353511292917 
59332.372337788969 
59332.351425885354 
59332.318690836670 
59332.338145816138 
59332.345094300246 
59332.269793197876 
59332.220395806835 
59332.302251297820 
59332.221208722607 
59332.278043043312 
59332.231920778162 
59332.234761674241 
59335.050594623659 
59332.205604798030 
59335.052808009787 
59332.191815568760 
59332.212236917425 
59332.234522348175 
59335.046267750222 
59332.229118347117 
59332.289482446671 
59335.022575722236 
59335.008529602506 
59335.038069530237 
59335.037467914917 
59335.051886564463 
59332.213340670874 
59335.057125690932 
59332.202854457420 
59332.203385857669 
59332.207102935732 
59332.214123185455 
59332.221775841528 
59332.205436827884 
59332.218101629049 
59332.216720508375 
59335.063753558738 
59335.047256913465 
59332.269982935584 
59332.263813950784 
59332.215523696366 
59332.196258781318 
59335.042129759946 
59334.961648921992 
59334.948635828019 
59334.973413278349 
59335.004365853580 
59335.023382908759 
59335.021906710375 
59335.034290771153 
59335.030284729000 
59335.057506147044 
59332.295780891109 
59335.045558123667 
59332.216618614315 
59332.324611820884 
59332.349766354484 
59332.256231512831 
59332.242410632236 
59332.311877968350 
59332.232909657330 
59335.036772589956 
59335.004576747844 
59334.991016322179 
59335.013624732856 
59332.206605124593 
59332.248151193751 
59332.229710201689 
59332.209039965790 
59332.255202931730 
59332.207605077347 
59332.262334019433 
59332.263439718445 
59332.276898944976 
59332.324779570379 
59332.370128170231 
59332.305270081175 
59332.315365499184 
59332.294282113398 
59332.379466479018 
59332.271813358268 
59334.995737117009 
59335.007604811573 
59335.000654575655 
59335.011269327413 
59334.989608134390 
59335.004768671395 
59335.027812717024 
59335.039874502952 
59334.997966845141 
59334.947823273156 
59334.971829519614 
59335.013005467008 
59334.988071685126 
59332.265228437165 
59334.948064279059 
59334.887271531639 
59334.902550267267 
59334.863297189855 
59334.816581402752 
59334.906095458908 
59334.892818886612 
59334.898576999884 
59334.802053059262 
59334.829443536801 
59334.837918897072 
59334.747218493110 
59334.787328140708 
59334.876678049390 
59334.976448879737 
59334.799906807595 
59334.767631670235 
59334.706002573177 
59334.745872030304 
59334.723126610901 
59334.749237773292 
59334.769684672399 
59334.853888155529 
59334.748315892801 
59334.706254513447 
59334.659931911832 
59334.729142883603 
59334.732354013773 
59334.722155187686 
59334.773964475578 
59334.767760746618 
59334.829446237847 
59335.024803486849 
59334.874241734593 
59334.954556423218 
59334.963783912506 
59334.990523925815 
59334.977267333379 
59334.993508323496 
59335.061948117727 
59335.064558083883 
59335.045250838361 
59334.953236812915 
59334.941076440300 
59334.958022051505 
59334.956677684531 
59334.952950703249 
59334.975414839064 
59334.965646100281 
59332.203077700302 
59332.304776225923 
59332.318723433571 
59332.376080627531 
59332.302764135064 
59332.369913796661 
59332.220774153335 
59332.372491927381 
59332.314985205747 
59332.339829548662 
59332.426132813285 
59332.320136004579 
59332.478567461141 
59332.338619144961 
59332.334860311836 
59332.348406740741 
59332.253943342250 
59332.280137546222 
59332.232460800165 
59332.253980435060 
59332.244040827420 
59332.222943355358 
59332.257846939639 
59332.214793602318 
59335.019750057334 
59335.019428741150 
59335.027049422562 
59335.044764905368 
59332.195575427555 
59335.004756066381 
59334.956892663940 
59334.936994094896 
59335.030714510794 
59335.013101836681 
59334.848782122994 
59334.921325135918 
59334.980784471867 
59332.210171297993 
59335.067165936205 
59332.195050345392 
59332.194231206675 
59335.068745511577 
59332.212150767016 
59332.239088131013 
59332.257287221481 
59332.264493983035 
59332.208280289167 
59332.213690965473 
59332.232703770416 
59332.235740159500 
59332.235740159500 
59332.227242087720 
59332.198988242337 
59335.074730685803 
59335.070550925106 
59332.209575007131 
59332.205039419998 
59332.202502178327 
59332.213787971705 
59334.986663532640 
59334.984126246112 
59334.981644816362 
59335.031383972804 
59332.195508556295 
59332.203102179039 
59335.076142038313 
59335.074271842605 
59332.193068661116 
59332.270266079468 
59332.269907776361 
59332.205582594383 
59332.215797441451 
59332.285015572721 
59332.226234160677 
59332.228347802149 
59332.210967166146 
59332.233740599324 
59332.227596159159 
59335.056145327100 
59335.058743570793 
59335.002087817535 
59334.997426474278 
59334.996546447946 
59334.982888839353 
59334.987355372308 
59335.035069813392 
59335.014162608575 
59332.196892699729 
59332.206650298569 
59332.195421944067 
59335.028477449632 
59332.193512030724 
59332.193952769681 
59332.240158161942 
59332.244211705998 
59332.218205833255 
59332.220711397786 
59335.022620134267 
59335.016938925670 
59334.985681241960 
59335.023367904330 
59335.017368576948 
59334.933635187852 
59335.009816006284 
59334.994037529235 
59334.965827394328 
59334.971524560875 
59334.959616958316 
59334.945750470819 
59334.945750470819 
59334.845671171868 
59334.839206218545 
59334.844190132077 
59334.827877322052 
59334.824096841970 
59334.868181421887 
59334.863110649931 
59334.892619033853 
59334.935608274369 
59334.934160123026 
59334.902405694666 
59334.891265732374 
59334.940181378646 
59334.957862037074 
59334.937903826707 
59334.908032112085 
59334.925566399659 
59334.929640162605 
59334.929640162605 
59334.911023862311 
59334.890405292485 
59334.900717054494 
59334.870155093449 
59334.860957714605 
59334.873294338322 
59334.889142229666 
59334.909478229740 
59334.868906938820 
59334.862610124284 
59334.806651136947 
59334.806501700630 
59334.901440865033 
59334.882666727251 
59334.782907061344 
59334.757748661148 
59334.735075388373 
59334.739241641917 
59334.752835689702 
59334.783586843623 
59334.819790765418 
59334.823740326210 
59334.885530645879 
59334.855196557553 
59334.894406046151 
59334.855011541156 
59334.998195850967 
59334.797614603260 
59334.859003924845 
59334.841643663436 
59334.863958476839 
59335.018755168108 
59334.979052115035 
59334.898745923878 
59334.897199997424 
59334.931746225469 
59335.015190462931 
59334.818949553613 
59334.911203219657 
59334.909689683998 
59334.933976717977 
59334.906797416319 
59334.893261515099 
59334.950011995374 
59334.991798007330 
59334.903250175325 
59334.949332204007 
59334.964901753316 
59334.888575173878 
59335.031777049968 
59334.991648032767 
59332.254015347535 
59335.025671489253 
59335.030411171523 
59335.008225031932 
59334.993510490691 
59335.041010796493 
59335.044531518368 
59335.037590387161 
59332.258498621297 
59332.445321845036 
59332.435981450770 
59332.231353908079 
59332.445947004446 
59332.379828416670 
59332.314284779663 
59332.223468562122 
59335.053100762125 
59335.056925503843 
59332.272219825172 
59334.842191420656 
59334.674075004688 
59334.757022839614 
59334.938976219382 
59334.810859947786 
59334.822860902772 
59334.821871706430 
59334.931015316339 
59334.996996648879 
59334.919136649136 
59334.842956033142 
59334.889638166067 
59334.946062984840 
59334.981735688118 
59334.966621864725 
59335.039834150448 
59334.997692515768 
59334.988520531886 
59335.058204560257 
59335.034902900195 
59334.930228121113 
59332.206321971316 
59335.076116642857 
59332.224514303991 
59332.207992281350 
59332.201602888665 
59332.236102986732 
59335.040420847428 
59335.034768075122 
59334.951639211547 
59334.980190358678 
59335.036607114569 
59332.191732298728 
59335.020637995869 
59334.961688020863 
59334.926869400646 
59334.822579918553 
59334.852764614647 
59334.837133328270 
59334.899939741466 
59334.883793370900 
59334.900665958718 
59334.936404626154 
59334.938820528681 
59334.975804466863 
59334.992663093646 
59335.012543508688 
59335.009336387964 
59334.999123814247 
59334.999017061957 
59335.014632142811 
59335.010771501220 
59335.009421865681 
59332.205097146209 
59332.227964136036 
59332.203938701081 
59332.206736734806 
59332.218979514510 
59332.203173351765 
59332.205141991952 
59332.219645680845 
59335.037912948981 
59334.976012973391 
59334.925834333233 
59334.963524518113 
59334.954630852204 
59334.887208822351 
59334.967410437253 
59334.866513395660 
59334.902496804672 
59334.813588020181 
59334.967141214183 
59334.859668923673 
59334.872918681671 
59334.909637280274 
59334.994106026796 
59332.196122782392 
59332.329098902606 
59332.211752348514 
59332.236952536194 
59332.232292913621 
59335.036869800169 
59335.046669757954 
59335.054995122235 
59332.281419265346 
59334.998647964901 
59334.990046855230 
59334.992381307231 
59335.012941378838 
59335.003179026375 
59332.206575694443 
59332.208197759835 
59332.205407943802 
59332.226358248619 
59332.230671596430 
59332.257630686785 
59332.261225222355 
59332.285308561652 
59332.256574508945 
59332.364649681782 
59335.016458930266 
59334.987403108746 
59332.256186063365 
59332.195006684982 
59335.015200733731 
59335.023123524021 
59335.040313194047 
59332.208284889020 
59332.232849498971 
59335.055086974462 
59335.012771716662 
59335.001762822569 
59332.255709671008 
59332.241618519110 
59332.206689914943 
59334.952847446621 
59334.971992869599 
59334.992442565461 
59334.995150245806 
59335.000536451109 
59332.194384021699 
59332.230669386881 
59332.257530989657 
59332.241744298226 
59332.306281569705 
59332.363052978668 
59332.367733259322 
59332.315985291272 
59332.269305578542 
59332.242597670462 
59332.276660976102 
59332.275428630957 
59332.190610886209 
59335.049384629696 
59332.212847270457 
59332.209563062308 
59332.239961289917 
59332.231953258393 
59332.217793577300 
59332.230484777931 
59332.221677868547 
59332.275856590371 
59332.195567141149 
59332.209185738808 
59332.217205014822 
59335.066769623008 
59332.262005912060 
59332.211168511072 
59335.070601584972 
59335.074297321960 
59334.952275840456 
59334.982170081254 
59334.999099251843 
59335.023731196976 
59335.036820593043 
59335.038701841993 
59335.038490590363 
59332.319243640588 
59332.300628474630 
59332.403691221982 
59332.273741488665 
59335.040041713895 
59332.260723353436 
59332.350360100972 
59332.430380000958 
59332.330064503258 
59332.336133666373 
59332.287206555731 
59332.202295471914 
59332.196238671087 
59332.239921429464 
59332.301348436478 
59332.207702417909 
59332.230420049433 
59332.315150436450 
59332.354656343130 
59332.387143624364 
59332.305081978848 
59332.354971499997 
59332.321530943365 
59332.307168061183 
59332.301190658400 
59332.196636293294 
59334.959014145483 
59334.988947817837 
59334.984456836733 
59335.014912835308 
59335.058970389058 
59332.200066949030 
59334.989977517835 
59335.002967608671 
59332.203906362265 
59335.055225162876 
59332.263160651972 
59332.246355852207 
59332.337206343516 
59332.370448101843 
59332.278912958958 
59332.244281306615 
59332.246983879573 
59332.252060831386 
59332.350117351212 
59332.354058058147 
59332.238612637455 
59335.048674294347 
59332.250565363218 
59332.252003166839 
59332.327777349696 
59332.280530355652 
59332.246163837204 
59332.304953949606 
59332.254872973761 
59332.234049762614 
59332.325829821399 
59332.247525660954 
59335.051905386688 
59335.027855739980 
59335.016917317742 
59332.263390355452 
59332.334423449218 
59332.410095048755 
59332.329823847649 
59332.331744919036 
59332.190108103161 
59335.060559575788 
59332.205556891196 
59335.057891588389 
59332.213798419201 
59335.060505740250 
59332.380353507680 
59332.302956447777 
59332.210541228931 
59332.250534696810 
59332.275852273167 
59332.238490038399 
59332.238717271059 
59332.257684522308 
59332.227672638182 
59332.210206112366 
59335.061595696905 
59335.051334033604 
59332.202322734433 
59332.221792844633 
59335.005512131276 
59335.069501369951 
59332.210037653080 
59332.211297895024 
59332.252207315294 
59332.265876327154 
59332.249702199813 
59332.244823931447 
59332.244132088839 
59332.251311243162 
59332.235135891315 
59332.231426476828 
59332.223924787417 
59332.226386044887 
59332.283941935464 
59332.238625014710 
59334.993093690253 
59335.009503988331 
59335.022246101995 
59335.021246970216 
59335.036537773063 
59335.039492893047 
59335.041515490775 
59335.022352256288 
59335.019427069521 
59335.011741581897 
59335.012291054612 
59334.990692789601 
59334.984509378774 
59334.979646828513 
59334.986850832589 
59334.985888749739 
59334.984672678962 
59335.002635510173 
59335.009755319610 
59335.008055789847 
59335.006864494717 
59335.017897791950 
59335.006157366566 
59335.013148860562 
59334.994492923397 
59334.977390200722 
59335.002621115011 
59335.003546799286 
59334.999841511875 
59335.030512246434 
59335.007085779005 
59335.001308607178 
59334.952299303819 
59334.956062597892 
59334.989764115409 
59334.987466685736 
59334.972763118181 
59334.992439195041 
59335.006156358904 
59334.983879431718 
59334.990497207407 
59334.985785983125 
59334.928513625091 
59334.907719673574 
59334.939949086969 
59334.926617736499 
59334.873778030327 
59334.857856178336 
59334.857897520618 
59334.840566447128 
59334.844184800044 
59334.868025383141 
59334.838599094997 
59334.915251566774 
59334.888245382295 
59334.898074875564 
59334.908999807274 
59334.917758499541 
59334.887679843137 
59334.902756730073 
59334.900991486429 
59334.906075709034 
59334.920324776038 
59334.909986097613 
59334.908822955753 
59334.907992823632 
59334.937078206101 
59334.988725855845 
59334.964280632776 
59334.968607896386 
59334.971884259088 
59335.022693130762 
59335.001124861432 
59334.990920208220 
59335.027795139293 
59335.023232730236 
59335.006155634786 
59334.762356634368 
59334.885432541698 
59334.704941165932 
59334.613419033740 
59334.689792909237 
59334.678244710347 
59334.743308144600 
59334.457529678781 
59334.789980868169 
59334.857713049896 
59334.934738421362 
59335.040628953611 
59332.239041229521 
59332.323832773982 
59332.250841805479 
59332.305329767230 
59334.949999834083 
59335.068457287314 
59332.230866410900 
59334.879633786382 
59334.776000160375 
59334.872888601029 
59334.826572906575 
59334.797850778727 
59334.812879330173 
59334.748250061508 
59334.785033728171 
59334.774965422126 
59334.788932702955 
59334.951426765350 
59334.919191625602 
59334.910237950586 
59334.839676778189 
59334.952530939023 
59334.886574611679 
59334.776418622350 
59334.721866569584 
59334.674175315908 
59334.907409708350 
59334.912006413215 
59334.783900190800 
59334.878321052383 
59334.792693013529 
59334.721847992849 
59334.884638760726 
59334.983201158611 
59335.005020612945 
59335.044626282201 
59335.015456474743 
59335.011729074206 
59334.951052055716 
59334.979021034203 
59334.942937535525 
59334.934249306723 
59334.958521179527 
59335.033273745663 
59335.044705001092 
59332.237853032508 
59332.316581160339 
59332.249268994259 
59335.003951505838 
59334.985366941764 
59332.284471517480 
59332.234939726870 
59334.959222735830 
59334.981003253517 
59335.019217983834 
59335.045465796713 
59335.021171768327 
59334.996626140543 
59334.892445503021 
59332.245465854416 
59332.264334928353 
59332.272964668569 
59332.319049823491 
59332.346399134207 
59332.393818615099 
59332.216398334647 
59332.196506867316 
59332.277311678445 
59332.205488261083 
59332.414927909056 
59332.301314388038 
59335.062288084540 
59335.038819338180 
59332.289300446500 
59332.332672066332 
59332.226955564045 
59335.042504760691 
59332.293403178817 
59332.358230472972 
59332.282180651731 
59332.272676380482 
59332.204878772412 
59332.202780748441 
59335.053693906477 
59332.193989431231 
59332.205469568646 
59335.050999913226 
59332.279379615524 
59332.417619579188 
59332.271093767951 
59332.273574380561 
59332.272883110782 
59332.254047254901 
59332.238781821157 
59332.247938143300 
59332.301975363713 
59332.349477688957 
59332.230662433736 
59332.322937267978 
59332.289854486044 
59332.254226861245 
59332.261533146673 
59335.050999092768 
59332.278556128629 
59335.061434955147 
59332.251026255777 
59335.001121600631 
59334.987664385364 
59332.207450772898 
59334.966369344067 
59334.951401070786 
59335.057825246629 
59335.007735194726 
59335.028169574238 
59332.212150816260 
59335.032939324599 
59332.254473468282 
59335.044297197921 
59334.998005941998 
59334.953289220277 
59335.007756431340 
59335.002471714688 
59334.992326831161 
59335.080512776207 
59334.990154745559 
59334.940786608793 
59335.011663490761 
59335.024397973051 
59334.930676255033 
59334.949838768363 
59334.979191992497 
59334.948966152813 
59335.002293634585 
59335.013336775301 
59335.048178081466 
59334.992427078592 
59335.033047680728 
59334.965607418839 
59334.989973218748 
59334.842963585717 
59334.842494495068 
59334.883519241223 
59334.834083061440 
59334.841541807276 
59334.760024137955 
59334.711535976392 
59334.691994080276 
59334.684373409378 
59334.676568003561 
59334.778359230870 
59334.807113654948 
59334.886004444452 
59334.884169374192 
59332.289301097830 
59332.228347790486 
59332.197622329390 
59334.960125801110 
59334.936223203913 
59334.925076696352 
59334.938371811317 
59334.936873616942 
59335.002099603043 
59334.930827019954 
59334.962687073246 
59335.023904466179 
59334.932077220030 
59334.985302632202 
59334.991458485987 
59334.959175481403 
59334.891951028054 
59334.882913687841 
59334.862937481899 
59334.851613569568 
59334.880873398542 
59334.793697442437 
59334.788984648156 
59334.812966898120 
59334.784060834390 
59334.903378028073 
59334.895556326868 
59334.866383325985 
59334.913453460795 
59334.921323087714 
59334.831732920684 
59334.839503394520 
59334.895151129676 
59334.848065644961 
59334.844063447665 
59334.787414745006 
59334.810979570662 
59334.768147267983 
59334.749388342367 
59334.776629061562 
59334.790047991133 
59334.829292382012 
59334.867582635925 
59334.843474599402 
59334.923990216092 
59334.924838582236 
59334.949808782381 
59334.987813593041 
59334.993438577498 
59335.035585728139 
59335.001915646179 
59335.045561787483 
59332.212076168296 
59335.054821916121 
59335.033087121796 
59335.080391596297 
59332.245796789117 
59332.233940268117 
59332.203088966809 
59332.264693601515 
59332.241689780669 
59335.061659010564 
59332.214364403975 
59332.236428506250 
59332.228895263921 
59332.250735386617 
59332.317460526785 
59335.055805284945 
59332.261909475230 
59332.418020862329 
59332.213249791923 
59332.309875906321 
59332.364650273150 
59332.338764364853 
59332.287101068032 
59332.360812636551 
59332.290212092084 
59335.033072976919 
59335.060310916946 
59334.964197340872 
59335.023422791877 
59335.054352594154 
59332.245423981265 
59332.197216062275 
59332.297618277233 
59332.371592210395 
59332.209579925642 
59335.035255856412 
59332.279588895341 
59332.216110153313 
59332.295995595334 
59332.208403308083 
59332.227973389403 
59332.253899852512 
59332.297761731948 
59332.226402292101 
59332.293760912988 
59332.315853287968 
59332.317996859303 
59332.372744676126 
59332.271162744400 
59332.253831883980 
59335.082822112316 
59334.945876831414 
59334.907241149842 
59334.907492721693 
59334.888947359977 
59334.829889731860 
59334.805210207684 
59334.902016448308 
59334.894027478986 
59334.983826008596 
59332.197094080249 
59335.036271854529 
59332.426031664356 
59332.196824465675 
59335.025714057061 
59334.939450069920 
59335.013215029670 
59335.062645755039 
59332.228671065037 
59332.277138924183 
59332.268986427422 
59332.247494837444 
59332.192677935644 
59332.199608075345 
59332.267432710367 
59332.308962983872 
59332.218838338675 
59332.205609930061 
59335.054523055122 
59332.198989645382 
59335.050365259536 
59335.002085402695 
59335.029438204961 
59335.052378275323 
59335.035174605953 
59332.232100492351 
59332.275186499377 
59332.284661544560 
59332.305168868341 
59334.939391031621 
59334.945484474563 
59334.881587459015 
59334.881576849053 
59334.934477134710 
59334.814918178068 
59334.961710661111 
59334.902807187798 
59334.863993778126 
59334.828658859231 
59334.791883308870 
59334.778717880006 
59334.734367731697 
59334.880865121078 
59334.875473211439 
59334.841086389817 
59334.830937818348 
59334.867536342703 
59334.757001697515 
59334.810741576883 
59334.755232488111 
59334.775136230157 
59334.800877383532 
59334.704656612535 
59334.568905162923 
59334.684592312158 
59334.698365452801 
59334.638147323654 
59334.756787171471 
59334.810207702343 
59334.850753562780 
59334.977993225315 
59334.956420839830 
59334.966343480992 
59334.955270297003 
59335.003231202645 
59335.003034974870 
59335.060877602897 
59332.271569109151 
59335.015618748097 
59335.025102492524 
59335.005439231121 
59335.023213522327 
59335.020348190359 
59334.953217358183 
59335.002278937245 
59332.201609472126 
59334.998009059753 
59335.004600408400 
59334.995979659550 
59334.835870677969 
59334.842314472371 
59334.834460182778 
59334.825066189042 
59334.694937367807 
59334.644434858172 
59334.747362970513 
59334.638031055809 
59334.861791234602 
59334.850064563056 
59334.894373016199 
59334.812367722086 
59334.792892445039 
59334.921005051379 
59334.909352595867 
59334.902449479057 
59334.879994508490 
59334.835176634348 
59334.829168241791 
59334.861390715319 
59334.826265638359 
59334.800868755810 
59334.866956330276 
59334.876371714556 
59332.331935396563 
59334.978856566100 
59332.312118206421 
59332.297222271685 
59335.058299781893 
59332.282354279756 
59332.318691333006 
59332.300450664807 
59332.365187877280 
59332.391249568951 
59332.397782305983 
59332.498597838872 
59332.460250915894 
59332.191302938940 
59332.348652702261 
59332.232735485937 
59332.357063278381 
59332.309027564203 
59332.311622240944 
59332.364561094990 
59332.192385398397 
59335.039381093848 
59334.985477676077 
59334.777674549128 
59334.758685708664 
59334.834266097612 
59334.832521936682 
59334.794380321277 
59334.762487067230 
59334.804680566202 
59334.842180306077 
59334.850604723608 
59334.883681975240 
59334.934196297705 
59334.942870662664 
59334.939797414088 
59334.949189519721 
59334.958074555187 
59334.958007466063 
59335.032987940627 
59332.248761119481 
59332.238666228448 
59332.310934808767 
59332.271792696753 
59332.234082864168 
59332.314858215512 
59332.299176344059 
59332.297168495199 
59332.272915636851 
59335.021645164750 
59332.225890693750 
59332.231937410259 
59332.191228935386 
59335.009049298707 
59335.036125441045 
59332.281159224694 
59332.225898781282 
59332.204988397229 
59334.919757408476 
59334.911979485136 
59334.879353315475 
59335.044966219968 
59332.223917110568 
59335.004636307858 
59335.000194969252 
59334.994788272954 
59335.043481852903 
59334.965724795242 
59334.929095694803 
59334.896960381877 
59334.919097921716 
59334.905500738016 
59334.917935976358 
59334.882749849647 
59334.841697441676 
59334.845831156279 
59334.872288132894 
59334.933037682560 
59334.932391834729 
59334.897083309290 
59335.021078823440 
59334.977189847916 
59334.956839009137 
59334.944831898851 
59335.004163069389 
59335.052385508665 
59335.053424287427 
59335.042215617956 
59335.021435365074 
59335.038595024780 
59335.003115522843 
59334.983973143200 
59335.045341273573 
59335.038189080624 
59332.233613161581 
59332.219364055170 
59332.217039150317 
59332.199397254437 
59335.049680218806 
59334.946234418720 
59334.915288743388 
59334.899861450576 
59334.994149106657 
59335.030387938561 
59332.203796195645 
59332.193447808713 
59332.192287835700 
59332.236191087817 
59332.290610217082 
59332.337551902405 
59332.263295832403 
59332.233898228522 
59332.247374817467 
59332.271866866744 
59332.256608199867 
59332.262556583235 
59332.233430454799 
59332.230374055951 
59332.280872339536 
59332.302235718431 
59332.258789667430 
59332.246982552686 
59332.261366305051 
59332.239677832971 
59332.240635533795 
59332.268500428589 
59332.300681280351 
59332.351690555282 
59332.350118509385 
59332.342305991318 
59332.250272065205 
59332.233235424974 
59335.001834363560 
59332.243380463398 
59332.279780410900 
59332.244547352006 
59332.324760130890 
59332.201878432068 
59332.204789838332 
59335.013922062033 
59335.015956428484 
59332.255618298739 
59332.278449664060 
59332.364671027783 
59332.323375491993 
59332.376935934852 
59332.366963829983 
59332.372769660338 
59332.251506060267 
59332.242495702740 
59332.237368683665 
59332.221842711253 
59332.305976923264 
59332.239445850282 
59332.266754992401 
59332.262541402975 
59332.254729603832 
59332.296986543486 
59332.324253832623 
59332.387403298293 
59332.357853146896 
59332.339911750976 
59332.235025023823 
59332.291459932538 
59332.244658364943 
59332.333292720810 
59332.399223236265 
59332.190811694032 
59335.017992996007 
59335.017700765828 
59335.021706048727 
59334.988593952468 
59334.935645352976 
59334.817278557290 
59334.845324619972 
59334.852708929146 
59334.861421718168 
59334.847522754826 
59334.783456464196 
59334.802559376869 
59334.811972260439 
59334.884075440154 
59334.863709004698 
59334.834276251990 
59334.860431752692 
59334.835891398558 
59334.838680039924 
59334.850944811820 
59334.900504907680 
59334.816685971869 
59334.880106638804 
59334.887452945302 
59334.865168402393 
59334.886665593862 
59334.899044754049 
59334.915000541034 
59334.883385994312 
59334.897783945147 
59334.879103127772 
59334.915789613675 
59334.933540195183 
59334.931766088863 
59332.204748601092 
59332.197496250104 
59334.998993901529 
59335.007797881204 
59335.011639812961 
59335.002030347408 
59334.962706704042 
59334.962463031123 
59334.944389112286 
59334.944516170894 
59334.897837611483 
59334.965887308150 
59334.961620211259 
59334.949981386468 
59335.009794007216 
59335.060540314022 
59332.287645948702 
59332.317966866911 
59332.367652891211 
59334.986067059748 
59334.998221277325 
59335.014685212685 
59335.025981334540 
59335.029050409998 
59332.194203744140 
59334.997023910895 
59334.917359793020 
59334.909210553858 
59334.940686351605 
59334.899212222175 
59334.939815782971 
59334.984127897878 
59334.963656853855 
59334.962155337234 
59334.993187270127 
59334.957789738066 
59334.937402667572 
59334.940365670707 
59334.982577771560 
59334.964911154762 
59334.982318180701 
59334.881538817725 
59334.921142365696 
59334.937081604658 
59334.961058222943 
59334.981105904619 
59334.981276917330 
59334.967444501759 
59334.959388648465 
59334.932706344771 
59334.949432886780 
59334.951424839594 
59335.014557315430 
59335.012682852059 
59335.041372692787 
59332.217321680007 
59335.041569816756 
59335.019496739034 
59335.032133498898 
59334.953231782332 
59334.912992972590 
59334.797427120153 
59334.893011493390 
59334.755425787778 
59334.902108025803 
59334.900626851922 
59334.937697322697 
59334.955388143942 
59334.940284948469 
59334.937014467367 
59334.955975175937 
59334.940062224567 
59334.842701284273 
59334.849134043143 
59334.829413611507 
59334.856300022890 
59334.859640359289 
59334.781572776723 
59334.702018060692 
59334.664702332921 
59334.867982601201 
59334.892271517143 
59334.889173916607 
59334.878029169020 
59334.912909594423 
59334.912109747806 
59334.881883900853 
59334.881633531993 
59334.805274262711 
59334.853411929616 
59334.869551474178 
59334.836954623839 
59334.892050461291 
59334.788927043162 
59334.792679299731 
59334.812594702875 
59334.850361387696 
59334.829383818644 
59334.857447620525 
59334.852728914411 
59334.863615328104 
59334.913481703785 
59334.851150730647 
59334.856403618280 
59334.787999055821 
59334.914906302183 
59334.828844341340 
59334.922445033764 
59335.053922967643 
59335.053214617277 
59335.052529168461 
59332.198022718316 
59335.064176905747 
59335.078126450688 
59335.073161509012 
59335.073473574230 
59332.192745331609 
59332.278849476017 
59332.326554764433 
59332.354126023754 
59332.308399174304 
59332.356062705228 
59332.337078504323 
59332.300444030137 
59332.296102810913 
59332.285451955060 
59332.256754135982 
59332.265644869673 
59332.243062972237 
59332.281426573885 
59332.317047136385 
59332.295190627061 
59332.278051427813 
59332.254755224159 
59332.256272226368 
59332.342368390098 
59332.299581373081 
59332.218398182020 
59332.240052030698 
59332.229813494676 
59332.254798691371 
59335.031906731252 
59335.050822836245 
59335.051813553087 
59335.075721450441 
59335.076992504262 
59335.017939509373 
59335.042287420933 
59335.033231096226 
59335.066359724304 
59335.036178458664 
59335.026812887249 
59335.005563418650 
59335.073858883552 
59332.216537751396 
59335.072506914461 
59335.063351149176 
59335.072081482285 
59332.206763575305 
59332.262270744483 
59332.246647487715 
59332.254895022430 
59332.270288861655 
59332.263072224181 
59332.273596097162 
59332.349173598319 
59332.382602890772 
59332.194373986204 
59332.226502081539 
59332.336385102448 
59332.431277515745 
59332.274573794406 
59332.344896917362 
59332.326132274371 
59332.253078178779 
59332.219594821123 
59332.272827046327 
59335.066837305530 
59332.208086980521 
59334.989438058139 
59335.025557986555 
59334.876285487488 
59335.042693507705 
59335.036733115900 
59334.999196924706 
59332.218662691121 
59332.221778865642 
59332.252191849999 
59334.946403569891 
59335.013328373934 
59335.023202297452 
59335.042265335360 
59332.303085267005 
59332.240381390620 
59335.044524253251 
59332.269909063223 
59332.364675920187 
59332.266487087189 
59334.984687563156 
59334.994936813935 
59334.933802100837 
59334.939418830189 
59334.923073601974 
59334.934261571485 
59334.932813767118 
59334.960433709937 
59334.960695769201 
59332.221763270711 
59335.010545318488 
59334.967833591749 
59334.985219758142 
59334.885209388085 
59334.870325539327 
59334.901443983894 
59334.907013364842 
59334.819640454814 
59334.823238263372 
59334.854772219893 
59334.863555708318 
59334.873733352993 
59334.885513446097 
59332.248812530146 
59332.209799521224 
59334.976109757888 
59334.971167389842 
59334.938958217266 
59334.963021302632 
59334.816165212513 
59334.761197428030 
59334.702618211420 
59334.754032487050 
59334.729221111527 
59334.738970999948 
59334.816913799317 
59334.787084813346 
59334.781663069210 
59334.819865523379 
59334.822840549437 
59334.822238793095 
59334.865374871501 
59334.843577140455 
59334.862673106392 
59332.337682489509 
59332.283123811278 
59332.363899599972 
59332.328573160645 
59335.051780493413 
59332.237142135833 
59335.065155996941 
59335.073069643440 
59335.057348165210 
59332.190301032955 
59332.198693529877 
59332.289599662188 
59332.197415150920 
59335.063594907981 
59335.064401388328 
59335.078655584693 
59335.031241939381 
59335.059733851769 
59334.905572694210 
59335.047816125923 
59332.192643481918 
59332.200015255155 
59332.297313198222 
59332.191389390493 
59332.194598846399 
59335.004563243398 
59335.004315700462 
59335.033161990053 
59332.263210960242 
59335.071813002760 
59332.195582240871 
59332.372207312248 
59332.316834755708 
59332.322934488860 
59332.378993072329 
59332.266638639834 
59332.263102771118 
59332.263962735648 
59332.238940760690 
59332.227449784514 
59332.233198314869 
59332.253876795025 
59332.220379285965 
59332.205283822921 
59335.026144900265 
59335.018401513567 
59335.001616049063 
59335.015394618298 
59335.033971707941 
59335.047101591161 
59332.193643526021 
59332.217624151774 
59332.224418955338 
59332.216235375839 
59332.325863749698 
59332.254856596861 
59332.266663514216 
59332.272246755194 
59335.049827188472 
59334.955199826254 
59334.917901892317 
59334.923289464437 
59334.976779896970 
59334.942550289779 
59334.976657519568 
59334.933766379647 
59334.904461369173 
59334.954604011764 
59334.922106466925 
59334.908069470221 
59334.942151815201 
59334.939978838869 
59335.022168165015 
59334.944549152053 
59334.910581925673 
59334.907947177635 
59334.866278235037 
59334.923190770904 
59334.962636860968 
59334.919763930528 
59334.877028347779 
59334.921219751144 
59334.915347078117 
59334.912625056146 
59335.028909153079 
59332.244732429812 
59332.283567648308 
59332.209344182811 
59332.190997201476 
59332.199493974666 
59332.196557470685 
59335.021397215358 
59335.005274246083 
59334.990272366485 
59334.977826849361 
59335.003839358062 
59335.022793789962 
59334.976491799418 
59335.031563060824 
59335.051467149970 
59332.317984137881 
59332.531529990672 
59332.331585441774 
59332.367906796957 
59332.249025415549 
59332.263902963525 
59332.263902963525 
59335.017923675878 
59334.920084507794 
59334.946379497087 
59335.004662693442 
59334.978764043524 
59334.928139556214 
59334.959656007726 
59334.786842131551 
59334.879742975361 
59334.916199472093 
59334.907698746101 
59334.901790170356 
59335.025278862238 
59335.057893380457 
59332.247633114741 
59332.283850406020 
59335.063557121335 
59332.189875807242 
59334.990636547023 
59332.338600151015 
59332.254744001053 
59332.234453584802 
59335.056895049667 
59335.001708640513 
59335.026788922143 
59334.935405318152 
59334.929635978922 
59334.943058844976 
59332.305282328132 
59332.249602333643 
59332.284577898565 
59332.261404462617 
59335.012063414339 
59335.010060188157 
59335.020587413092 
59335.000059023470 
59334.979843286601 
59334.875072125717 
59334.975631489491 
59334.995838824034 
59334.981761354771 
59335.007014552823 
59335.001179879509 
59335.019801338058 
59335.028230083517 
59332.238705858901 
59332.294336961961 
59332.307480103897 
59332.303029343449 
59332.323099587324 
59332.312043360325 
59332.237924182184 
59332.313271208375 
59332.278864414104 
59332.317243945392 
59335.043768205192 
59332.373899883096 
59332.319956649946 
59332.293688355065 
59332.317364164432 
59334.941673368601 
59335.043724141869 
59332.205813965222 
59332.250516258056 
59332.227210938589 
59334.996719975512 
59334.988487863171 
59335.011308292975 
59335.050314681503 
59332.252934910408 
59332.223813498866 
59332.250295797559 
59332.252032720120 
59332.356195913781 
59335.030416029767 
59332.289564185201 
59332.244929823239 
59332.219236767247 
59334.983867667019 
59334.958475630468 
59334.915853769613 
59334.854943674894 
59334.875877116443 
59334.887459270205 
59334.944533870592 
59332.204669505569 
59332.224104008958 
59332.258795505964 
59332.219989860518 
59332.220948276561 
59332.235601185617 
59334.968263373536 
59334.924081940262 
59334.899009576293 
59334.931324079298 
59334.928641652266 
59334.971099363116 
59334.971489126008 
59334.990293101699 
59334.991435377960 
59334.953030593766 
59334.949599884523 
59334.935805463647 
59335.002569451797 
59335.006080947329 
59334.978657616251 
59335.001984899500 
59334.922694140812 
59334.883748606357 
59334.955303196155 
59334.886002054627 
59334.904304206189 
59334.866593383500 
59334.791777411054 
59334.823921465664 
59334.839443538243 
59334.875009573858 
59334.868466074244 
59334.843363463864 
59334.850053162030 
59334.858028544339 
59334.822950474394 
59334.869828604780 
59334.891919555266 
59334.953161731682 
59334.925270231884 
59334.943441348099 
59334.944605426426 
59334.951141048405 
59334.948789874834 
59334.941519271939 
59334.966591181073 
59334.993857925947 
59335.006734991832 
59335.048832441855 
59332.201384683911 
59332.202991659637 
59334.990716479151 
59334.953854050465 
59334.959663599038 
59335.000967966880 
59335.017043363558 
59335.020226530454 
59335.006722395534 
59335.014733940887 
59335.016284442936 
59335.025143323634 
59335.036499085581 
59332.244335912335 
59335.025319791079 
59332.217239915713 
59332.280615236290 
59332.314033887014 
59332.215776948033 
59332.227947411586 
59332.227456463974 
59335.055916211706 
59335.060310521927 
59335.068831112330 
59335.053948749315 
59335.038573654776 
59335.048277571012 
59335.044842121133 
59335.013474828775 
59334.980436307829 
59335.007085364523 
59335.036267986463 
59332.193109327643 
59335.074296960629 
59335.045498822117 
59335.032044406762 
59335.031632283208 
59335.025227779406 
59334.994571100113 
59334.988242687505 
59334.995342861330 
59334.914876889336 
59334.912220329163 
59334.907300689614 
59334.935041302379 
59334.926477488458 
59334.978088695316 
59334.895602132296 
59334.943399379546 
59335.029436905330 
59335.025337696708 
59335.076854341838 
59335.067058276851 
59335.067838883748 
59335.057393826450 
59335.053314230463 
59335.046463541716 
59335.044808708757 
59335.014677806204 
59335.003282555946 
59335.024600327255 
59335.032041418446 
59335.040629093462 
59335.053362132021 
59335.050396598781 
59335.041640641088 
59334.901263168118 
59334.905469049860 
59334.837017454258 
59334.786788820849 
59334.788996612406 
59334.923914889769 
59335.011072085581 
59334.902621099667 
59334.995660222863 
59334.854094511691 
59334.996686237719 
59335.057869720360 
59334.906705879250 
59334.929878174131 
59334.909099662291 
59334.945345513494 
59334.966932857911 
59334.950257506083 
59334.851758933248 
59332.209259314455 
59332.274694164684 
59332.317587681420 
59332.240082882759 
59332.348467638454 
59332.269259233151 
59332.206499694556 
59332.316738856513 
59332.329478958651 
59334.990485564391 
59334.965196373916 
59334.945942061902 
59335.076259382680 
59335.068545903494 
59332.262135777688 
59332.259175803018 
59335.047605081068 
59335.019693730443 
59335.049280309773 
59332.253495328587 
59332.366310826925 
59332.279622894566 
59332.329153283303 
59332.319662679613 
59332.382946924808 
59332.479555208258 
59332.275479218311 
59332.395760459774 
59334.912898216266 
59334.959837307586 
59335.031375218103 
59332.292269825994 
59334.974736227348 
59335.000505959746 
59335.004468433581 
59335.002005290604 
59334.996924790117 
59334.942147166810 
59334.833753840911 
59334.825848949506 
59334.839982066413 
59334.838734233796 
59334.896189690095 
59334.850963925957 
59334.867341380326 
59334.814633769936 
59334.879326205832 
59334.826130099995 
59334.847549972801 
59334.949569858567 
59334.913224998192 
59334.961944018738 
59334.880190830874 
59334.929243342274 
59334.930527715223 
59334.968855399144 
59334.926542331457 
59334.775505482103 
59334.822204340642 
59334.814243379587 
59334.882961272582 
59334.919008388693 
59334.972358604347 
59335.032158910049 
59335.012681122200 
59334.960590326467 
59334.837532972233 
59334.845609042546 
59334.972518849798 
59332.227128738967 
59334.975984507451 
59334.934775066133 
59334.911841091634 
59334.898178718919 
59334.821728940376 
59334.907969595559 
59334.797405803532 
59334.834341738519 
59334.919151039518 
59334.873019525920 
59334.867868619724 
59334.934864865900 
59334.885669913267 
59334.771247441873 
59334.823475253863 
59334.795062524230 
59334.889788780267 
59334.992881089325 
59332.211659212895 
59335.032225065639 
59332.232758457671 
59335.057894401158 
59335.005623485995 
59335.055562681489 
59335.057748015526 
59332.251035767498 
59335.048276836904 
59335.073567100633 
59335.053619723338 
59335.060156521758 
59335.049117887516 
59335.048897471992 
59332.346666618083 
59332.312768230637 
59332.392924524902 
59332.277454941046 
59332.288599689819 
59332.318029189293 
59332.311004738760 
59332.331833434422 
59332.278712099462 
59332.302385878327 
59332.270210690884 
59332.239647719995 
59335.044073251571 
59332.284406958141 
59334.989452726106 
59334.987961097992 
59334.878266578424 
59334.874426700670 
59334.910955996784 
59334.968756303460 
59334.993036078900 
59334.987360696621 
59334.918464881572 
59334.910794108167 
59334.982994716192 
59334.932817121429 
59334.927916775880 
59334.937213770892 
59334.978633823761 
59334.987741437166 
59334.983782067407 
59334.992437986228 
59334.989406132685 
59335.015334365409 
59332.201583918955 
59332.193697686242 
59335.034059310026 
59332.244975831018 
59332.282111539644 
59332.191823842695 
59334.951719837198 
59334.987875814360 
59334.914514814351 
59334.843665050445 
59334.888479539033 
59334.884494036611 
59334.892850733959 
59334.874629137623 
59334.887567125297 
59334.902554750020 
59334.863415652799 
59334.896786191850 
59334.901880638805 
59334.884628044434 
59334.888436443231 
59334.923596967681 
59334.895019072959 
59334.868767706146 
59334.851048469798 
59334.746191108781 
59334.857830493049 
59334.889572210152 
59334.913035423444 
59334.912142459121 
59334.916693472282 
59334.911262402231 
59334.925020179464 
59334.922492156838 
59334.926348416098 
59334.949882438268 
59335.001735436927 
59335.019625223329 
59335.010293718740 
59335.040389788221 
59335.023937406389 
59335.031662605485 
59335.045062085796 
59335.037697903856 
59335.049352736860 
59334.996461327966 
59334.997579814881 
59335.004039704494 
59335.004063235028 
59335.003664635107 
59332.296868322403 
59332.252061372848 
59332.249391036305 
59335.052887385275 
59335.063602812777 
59335.060939536845 
59332.203418103985 
59332.194955180959 
59335.059830051854 
59335.059390363174 
59332.197732209803 
59332.233277682011 
59332.233000772132 
59332.239817184600 
59332.319810613204 
59332.324119042125 
59332.290490751911 
59332.265135974747 
59332.268316575508 
59332.293812879645 
59332.247856951377 
59332.247337215711 
59332.288262968563 
59332.319526409607 
59332.197347061687 
59332.203164342682 
59332.227236310064 
59332.216940989223 
59332.254919106919 
59332.217163717243 
59332.295970905187 
59332.297221780012 
59332.330128111651 
59332.314293865813 
59332.317992273653 
59332.262166073655 
59332.233795798602 
59332.263578573176 
59335.048946388473 
59334.990920231503 
59335.019656450837 
59335.018964492068 
59335.017031440198 
59335.007420489310 
59335.010633840553 
59332.248367504348 
59332.234434354104 
59335.060292071423 
59335.036285053531 
59335.010307408455 
59334.979997457594 
59334.984502009764 
59335.062301506892 
59335.028211545679 
59335.027118876213 
59335.010168580862 
59334.969982367365 
59334.936845908916 
59335.003482443884 
59335.015027804162 
59334.928647609238 
59334.926128716645 
59334.885860175134 
59334.901924491271 
59334.949097135497 
59334.891576168535 
59334.804283824422 
59334.899547970235 
59334.876249873691 
59334.700275942763 
59334.866221864613 
59334.859898053546 
59334.860153844245 
59334.878712034239 
59334.876394875544 
59334.926361248610 
59334.874944901399 
59334.911297491904 
59334.934598958986 
59334.955813554901 
59335.005988236648 
59334.947954609430 
59334.925504996885 
59334.959605909506 
59335.001130241457 
59335.018901580777 
59334.941544331923 
59334.901174519735 
59334.926133510482 
59334.905063719918 
59334.929614142959 
59334.980586159225 
59334.974192330221 
59334.967851472109 
59334.943466677840 
59334.953648592382 
59335.019903101173 
59335.051355017211 
59332.196346366632 
59332.191978889387 
59335.049487108663 
59332.240830628776 
59332.281149672941 
59332.222523410739 
59334.984349608727 
59334.965179630155 
59334.929308268984 
59334.951563413852 
59334.967224954868 
59334.994594584889 
59335.010895825806 
59334.963255292394 
59334.918778754574 
59334.952020557655 
59334.948483749402 
59334.954733234590 
59334.986394807194 
59335.051329363283 
59335.002837973123 
59334.995292123378 
59335.001312647277 
59334.769523717579 
59334.711179340098 
59334.768866141603 
59334.749855239665 
59334.810528238260 
59334.828212337903 
59334.839989353008 
59334.765625160617 
59334.849647715251 
59334.813432294883 
59334.831392878761 
59334.836022211646 
59334.842120158202 
59334.847749067492 
59334.805485235542 
59334.867874702788 
59334.726902040748 
59334.806217913101 
59334.848611738897 
59334.968749731786 
59334.997410781747 
59335.058858265576 
59334.862539997470 
59334.883617493484 
59334.796881175178 
59334.909936657743 
59334.943304552842 
59334.927208733709 
59334.893047258185 
59334.922925573206 
59334.969652049709 
59334.921614308107 
59334.903712739033 
59334.910212450421 
59334.903436103530 
59334.910207981229 
59334.938960017011 
59334.987657608901 
59335.009080220036 
59335.004126416898 
59332.231695442155 
59334.997113848280 
59334.964846157927 
59334.923702812477 
59334.928038050712 
59334.922802975758 
59334.916242766201 
59334.935646468468 
59334.937451408732 
59332.202700070411 
59332.254213550754 
59332.238085702789 
59332.217939674563 
59335.047139310074 
59332.194964446775 
59335.002854739338 
59335.010112657270 
59334.880913704597 
59334.911946991640 
59335.001381435177 
59334.979681848949 
59335.009463123912 
59332.233766794641 
59335.038823800351 
59332.324119779740 
59332.210094637689 
59334.991512166700 
59335.018561691737 
59335.001295196504 
59334.968466165308 
59334.966118588578 
59334.913302445566 
59334.944696441336 
59334.971192503719 
59334.953061314140 
59334.928018492479 
59334.791706231001 
59334.829529814648 
59334.686793760717 
59334.815628638702 
59334.857575055663 
59334.841696729040 
59334.866630399883 
59334.868109899653 
59334.872449727758 
59334.949134914896 
59334.953013287537 
59334.946381146212 
59334.979645379914 
59334.971059651631 
59334.949677639815 
59334.927668591248 
59334.857852269022 
59334.860955991120 
59334.860509492071 
59334.892779726062 
59334.947332799347 
59334.930996431503 
59332.220176304734 
59334.986682129922 
59335.060109082566 
59335.021678639125 
59334.987818902839 
59335.061005114330 
59335.022926872043 
59334.878538864694 
59334.890540115412 
59334.967936402056 
59335.016639827707 
59334.836569461775 
59334.882776210528 
59334.911126435494 
59334.821856805997 
59334.794751838017 
59334.868676477061 
59334.872516130898 
59334.809308964614 
59334.826009451208 
59334.871180543727 
59334.898852541031 
59334.877454546397 
59334.923683168796 
59334.996259840838 
59334.901744519513 
59334.927650548670 
59334.896258539426 
59334.979732926986 
59334.938708126887 
59334.987642374806 
59334.775583408235 
59334.828074650781 
59334.890937923665 
59332.199419241246 
59335.009799412102 
59335.069526614156 
59332.249589099374 
59332.289108135788 
59332.227140657269 
59332.239808494494 
59332.221474989856 
59332.302994265607 
59335.006695985277 
59335.013449827806 
59335.027844274293 
59335.020164751237 
59334.998304491462 
59335.010883781499 
59332.226354811886 
59335.013494362036 
59335.019150309010 
59335.054611769199 
59335.030021367245 
59334.924648311120 
59334.892216739310 
59334.848133355445 
59334.885399728621 
59334.910031242820 
59334.922885169806 
59334.948249587316 
59334.935156804982 
59334.987688934416 
59335.031787572480 
59335.024858569777 
59332.266878458322 
59334.980432073979 
59334.944128014948 
59334.958201902627 
59334.980919530062 
59335.020044615674 
59332.317591578656 
59332.399181176472 
59332.368447974572 
59332.307856467211 
59332.215123868962 
59332.248109414744 
59332.280837098151 
59332.322293152894 
59332.400550958846 
59332.420064262958 
59332.308817062229 
59332.384258833641 
59332.239483618192 
59332.308288067819 
59335.060772689525 
59332.244853455617 
59332.192932721853 
59334.964985994600 
59334.908398098814 
59334.966948493733 
59334.961533482601 
59334.942954716360 
59334.929363651885 
59335.026946872415 
59335.029208876076 
59332.200761662505 
59332.198159113483 
59332.209073915859 
59332.276329982727 
59335.043801615313 
59332.212145586243 
59332.195163067969 
59335.004758655086 
59335.035807287117 
59335.058172838799 
59335.055435576025 
59335.010314608619 
59334.932767587365 
59334.901111276587 
59334.908522659149 
59334.928806968535 
59334.898671031784 
59334.902304857300 
59334.910104369024 
59334.929904575300 
59334.936310702222 
59334.944085420204 
59335.012208407192 
59334.990630553577 
59334.920366935337 
59334.949062975378 
59334.930400765843 
59334.892293135817 
59334.886322154649 
59334.838980585067 
59334.880274539435 
59334.849642843525 
59334.940001648436 
59334.951575628897 
59334.951092696261 
59334.960541124412 
59334.953178867676 
59334.973148505422 
59334.958934819944 
59334.978761879443 
59334.992280153667 
59334.952704923388 
59334.938435173528 
59334.938518921066 
59334.923180200210 
59334.911361049853 
59334.879509451966 
59334.885728265355 
59334.862700882448 
59334.877549364624 
59334.899480516789 
59334.906471714159 
59334.877952645729 
59334.917221401956 
59334.925737655372 
59334.926049866619 
59334.889572583794 
59334.889572583794 
59334.878995628627 
59334.929143538800 
59334.913110385118 
59334.925433472752 
59334.906416055928 
59334.904617856519 
59334.907505689545 
59334.955604917093 
59334.955146541914 
59334.956302682658 
59334.975851145216 
59335.000788271514 
59335.022707935044 
59332.197440228672 
59334.994893832612 
59335.021271715268 
59335.009974372719 
59335.031063302144 
59335.038033434961 
59332.373636061682 
59332.255597606621 
59332.190823452518 
59335.068246148199 
59335.070486634657 
59332.301094695635 
59332.304640698232 
59332.314596548764 
59332.330361938497 
59332.298851553707 
59332.292885155926 
59332.284995101349 
59332.276780732594 
59332.276780732594 
59332.308968842779 
59332.313662559885 
59332.312599738048 
59332.308217452206 
59332.403904834566 
59332.327527445974 
59332.258420569531 
59332.268662003829 
59332.240876767413 
59332.262799687691 
59332.226403796165 
59332.273210642546 
59332.303326739479 
59332.214294105004 
59332.218679385354 
59332.223682974283 
59332.295858486643 
59332.296719804617 
59332.354409773092 
59332.292513622015 
59332.308150375291 
59332.291697971479 
59332.303829434386 
59332.257672411768 
59332.258978290927 
59332.283023821823 
59332.313291151215 
59332.307608809795 
59335.064385505066 
59332.236354585686 
59332.291061572170 
59332.294216761817 
59332.253166657763 
59335.015019594619 
59335.004271392172 
59332.216623799453 
59332.220498949653 
59332.197511026614 
59335.060617796829 
59332.259561324012 
59332.272391676714 
59332.268833445465 
59332.200673240965 
59332.193090336114 
59332.238918671363 
59332.305065354929 
59332.301743034870 
59332.300703323199 
59332.276520330146 
59332.304863897007 
59332.256601109715 
59332.315301498187 
59332.338489847803 
59332.329058749368 
59332.297671807530 
59332.312251695424 
59332.284554386817 
59332.284901194951 
59332.356042982363 
59332.339947182620 
59332.347620145476 
59332.359146596718 
59332.338788087145 
59332.382070616739 
59332.374739524043 
59332.460013496435 
59332.412752155738 
59332.417397693775 
59332.498743419150 
59332.458541736509 
59332.430952368304 
59332.457078735846 
59332.410579632829 
59332.379144399754 
59332.361335182068 
59332.351449483293 
59332.318265314905 
59332.321840178549 
59332.281498124910 
59332.287728295581 
59335.067382403489 
59335.045361814475 
59334.946464500761 
59334.951195556248 
59334.921915999694 
59334.909860693027 
59334.918226535803 
59334.939670624444 
59334.899799433304 
59334.906376477658 
59334.902702764317 
59334.863725254007 
59334.922726847653 
59334.887016992339 
59334.819445299312 
59334.801109511172 
59334.791823605476 
59334.814118956303 
59334.840435615712 
59334.869481886177 
59334.908458042075 
59334.905431080013 
59334.899275172829 
59334.904616458785 
59334.917523301439 
59334.903048290013 
59334.938005966520 
59334.943401997356 
59334.953239036287 
59334.983267442563 
59334.994870125229 
59334.988359865936 
59334.983417605195 
59334.934983850973 
59334.936024423158 
59334.874441524626 
59334.871063430466 
59334.876608135972 
59334.896403445331 
59334.892603392334 
59334.891120600638 
59334.916719430301 
59334.916939329181 
59334.906181117702 
59334.928165949394 
59334.900409707574 
59334.948231843046 
59334.814812561119 
59334.804067860496 
59334.716521375842 
59334.727298219725 
59334.683990777012 
59334.691078581622 
59334.746070109140 
59334.710709958483 
59334.736687098113 
59334.728743947569 
59334.774407194054 
59334.780656678915 
59334.802876957154 
59334.825863875034 
59334.804737723622 
59334.757860353115 
59334.774001583311 
59334.736804000211 
59334.795433004067 
59334.800776215583 
59334.778967544597 
59334.814990537758 
59334.835687472070 
59334.854090778907 
59334.899463495865 
59334.862664837245 
59334.908650481899 
59334.898550470105 
59334.982762984240 
59335.001952474908 
59335.021040143314 
59335.035768641545 
59334.992698346745 
59334.942308108111 
59334.947322465719 
59334.895184511653 
59334.950185817870 
59335.009076568240 
59335.024071059066 
59334.942092889920 
59334.946199298225 
59334.812659424322 
59334.877678017008 
59334.847720094214 
59334.949609148178 
59334.869816240665 
59332.220960127059 
59332.224089584626 
59332.195956982323 
59335.047006118795 
59335.054316159527 
59332.194501489364 
59334.991266347104 
59335.065106217247 
59332.251060812727 
59332.328471744710 
59332.295055871633 
59332.217604550264 
59332.298948628661 
59334.971229134870 
59334.823137304134 
59334.790591910496 
59334.788839103981 
59334.884406823396 
59334.903616828640 
59334.890278537147 
59334.960084718667 
59334.884296707423 
59334.992340316552 
59334.961960258202 
59334.721245253888 
59334.896838943736 
59334.904172600734 
59332.200538871366 
59332.323644755619 
59332.382939639814 
59332.428481464900 
59332.260831293366 
59332.281005498437 
59332.303208869649 
59332.246738872971 
59332.240303228922 
59332.282084958482 
59332.200148136537 
59335.044521437630 
59335.032917091557 
59335.032109931955 
59334.977554036894 
59335.042151593887 
59335.044410404393 
59332.296427808680 
59334.893253621376 
59334.876425516995 
59334.744165194345 
59334.937889724817 
59334.958781786736 
59334.998985986545 
59335.041638338604 
59334.987034121194 
59334.946861780867 
59334.897303738006 
59334.951914870413 
59335.039067049016 
59335.009764034163 
59335.021727098407 
59335.066703113989 
59335.040170686523 
59335.046963401728 
59335.035661797556 
59334.895747054470 
59334.858333747819 
59334.909995442358 
59334.910314851033 
59334.913125538384 
59334.955638630337 
59334.943299960258 
59334.783732036871 
59334.922710794061 
59334.951385284679 
59334.906302111645 
59334.859800594350 
59334.908757242520 
59334.868186120082 
59334.954005599058 
59335.064078599979 
59335.003993417347 
59332.210436827532 
59332.222344716618 
59332.314129062892 
59332.307589616663 
59332.401122480805 
59332.412927613732 
59332.399917138799 
59332.462315077930 
59332.417500739117 
59332.198464485147 
59332.220524641962 
59332.210425766483 
59335.059765197009 
59332.199465011028 
59332.345987915112 
59332.319740304927 
59332.360766440557 
59335.009182800371 
59334.988084770019 
59334.983209980695 
59334.994536702572 
59332.199790198283 
59335.061057065737 
59332.301587549126 
59332.193107782063 
59332.294511568376 
59332.299391791938 
59332.257524135304 
59332.294517666342 
59332.380768580413 
59332.372028758007 
59332.369229759890 
59332.272300340883 
59332.296329616795 
59332.210429422121 
59332.203754956106 
59332.211638162509 
59332.270627989259 
59332.194472185372 
59332.195602438478 
59332.230898521571 
59332.219173310004 
59332.223725259901 
59332.241691087125 
59332.278239201150 
59332.288559007393 
59332.422197995467 
59332.468741604695 
59332.415664737244 
59332.263328010857 
59332.210395161084 
59335.048084920032 
59335.036745081503 
59335.003831937123 
59335.016673518199 
59335.009497761719 
59335.008041287867 
59332.197865118658 
59332.275220660798 
59332.275757719530 
59332.300252441069 
59332.307074853576 
59332.300676950130 
59332.195397399621 
59332.217800654740 
59332.231004008332 
59332.214985227685 
59334.990253831289 
59334.987554940220 
59334.940521200129 
59334.962405744591 
59332.200916559472 
59335.016579488183 
59332.219464282483 
59332.244727193269 
59332.214229860067 
59332.193574254161 
59332.239576740059 
59334.967783049207 
59334.976801849283 
59335.001978957858 
59335.015110697204 
59335.029168369663 
59335.013529175289 
59335.034444366167 
59332.193437018264 
59335.050208464170 
59334.920431461011 
59334.912371431528 
59334.938267525147 
59334.841580562112 
59334.931640114643 
59334.886467983575 
59334.968403069826 
59334.896004129791 
59334.929013388610 
59334.964293805337 
59334.973218023762 
59332.227253748912 
59332.251933784479 
59332.295773958227 
59332.318995798523 
59332.235817749803 
59332.315695239558 
59332.235057941347 
59332.211865528465 
59332.213604756646 
59332.223427700417 
59332.235151458692 
59332.223098161230 
59332.227006311812 
59332.326673019299 
59332.265014787859 
59332.302401437664 
59332.261771931000 
59332.233364113999 
59332.222801273812 
59332.238803789092 
59332.221201294335 
59332.249219548350 
59332.198189356997 
59335.012766201333 
59335.005489431584 
59334.994775714884 
59335.009838060119 
59335.010203441154 
59335.028801980268 
59335.063819941810 
59335.052937434812 
59335.036872488869 
59335.024406908800 
59335.061847866120 
59335.019731735032 
59335.065657597654 
59332.191191486076 
59335.069163703607 
59335.051103140257 
59335.069731070318 
59335.039062705124 
59332.195280847998 
59332.217063137374 
59332.209748652422 
59332.311525258061 
59332.306813336931 
59332.313114542761 
59332.244209808334 
59332.206339592951 
59332.253179414205 
59332.242559339516 
59332.261343874990 
59332.275131366565 
59332.278195958097 
59332.244476801381 
59332.332268001155 
59332.279694589066 
59332.335954697512 
59332.319428667361 
59332.287025236998 
59332.388338001707 
59332.287089615253 
59332.346105352583 
59332.346933554145 
59332.325396634224 
59332.320895333534 
59332.331925523249 
59332.282100415890 
59332.255848955305 
59332.279457689787 
59332.279457689787 
59332.278623623351 
59332.266706898168 
59332.241408027447 
59332.244518232939 
59332.264257991890 
59332.258942499400 
59332.255620519056 
59332.253521805738 
59332.292819101560 
59332.397181866305 
59332.359159694352 
59332.234111448823 
59332.233768342943 
59332.233335528203 
59332.273848930978 
59332.267501347633 
59332.337406715873 
59332.356283769623 
59332.349345399220 
59332.340197742575 
59332.280169165926 
59332.257111149847 
59332.220496986629 
59334.985026318478 
59335.009353783265 
59334.965630953586 
59332.202742744586 
59332.237888567390 
59332.217322143239 
59332.236099165159 
59332.192959290835 
59332.209332581711 
59332.205445884385 
59332.313380518433 
59332.295786317532 
59332.277554916778 
59332.292244699711 
59332.268407927993 
59332.270160213629 
59332.219999355308 
59332.225030879570 
59332.262898546905 
59332.275236476387 
59335.020395431384 
59332.248996832059 
59332.272948095982 
59332.256886446397 
59332.293245931556 
59332.295279801830 
59332.257912786627 
59332.266998213090 
59334.899357464514 
59334.897606064435 
59334.870480572499 
59334.907689497188 
59334.893029301660 
59334.867172960883 
59334.867962985358 
59334.863463622569 
59334.862254862011 
59334.860813187246 
59334.851645183931 
59334.891821902376 
59334.881465995320 
59334.880304741186 
59334.913485359582 
59334.911043650471 
59334.912310096333 
59334.912057456750 
59334.896717094016 
59334.900744705134 
59334.922940141005 
59334.901565513734 
59334.945958112308 
59334.952897119183 
59334.892085070482 
59334.903823827939 
59334.844779971958 
59334.852569822760 
59334.872697367638 
59334.856118664851 
59334.878406142518 
59334.863015528164 
59334.862878130873 
59334.861474797173 
59334.882703625117 
59334.839189212122 
59334.844653385495 
59334.857733630030 
59334.867898409684 
59334.863675538712 
59334.893582939010 
59334.892456092275 
59334.908923348841 
59334.911682200720 
59334.950900578457 
59335.003214811506 
59335.010494011171 
59334.946622121228 
59334.953031893012 
59335.026974050299 
59335.024147290387 
59335.065532594228 
59335.000919077036 
59334.994257268503 
59334.978010051789 
59334.980467340458 
59335.009927931402 
59334.999045956407 
59334.998996111062 
59334.977004900960 
59334.973349279513 
59334.923681646236 
59334.814713826789 
59334.796386770679 
59334.987405042804 
59335.009344090686 
59335.001713096550 
59332.283488440655 
59332.397259033605 
59334.890339694641 
59334.898813937260 
59334.792131260561 
59334.731097886804 
59334.943169142571 
59334.915201092925 
59334.899264925487 
59334.897262190316 
59334.944525174353 
59335.035600345749 
59334.927633599444 
59334.854882755448 
59334.946304216915 
59334.896605369853 
59334.816192312399 
59334.902028967750 
59334.851521290097 
59334.821807098895 
59334.978220933524 
59334.907096069954 
59334.908617007663 
59334.864731838490 
59334.842418951033 
59334.813060684297 
59334.821394164086 
59334.914026823964 
59334.908398723834 
59334.975413927139 
59334.903309273170 
59334.895498224570 
59335.048480043748 
59334.754219348331 
59334.823026862236 
59334.603322137526 
59334.809211346161 
59334.808124381692 
59334.840516543416 
59334.887573409520 
59334.881542267853 
59334.854790638456 
59334.855196370881 
59334.717637085698 
59334.813078650172 
59334.858932237184 
59334.903428382138 
59334.864497601789 
59334.977667940686 
59335.035440616470 
59332.233249730562 
59332.253940339935 
59334.960861846790 
59334.944587167956 
59335.057517673769 
59332.224546662204 
59332.231762291543 
59334.938045448762 
59334.911568237439 
59334.862941137297 
59334.865397925241 
59334.913692133909 
59335.004617502658 
59334.962567823779 
59335.034460801544 
59334.998544145259 
59334.992306101318 
59334.918807594193 
59334.914830781243 
59334.981312251395 
59332.239931406475 
59332.250860970707 
59334.947246899887 
59335.054531217109 
59335.009401622403 
59334.969510646035 
59334.996389450906 
59334.987010924699 
59332.244785397183 
59332.303274261620 
59332.309514587716 
59332.246062969760 
59332.318699847157 
59332.269058066297 
59332.216885461268 
59332.275864467680 
59335.056201117637 
59332.293361363845 
59335.003737053485 
59332.371230429024 
59332.288669508467 
59332.292164169587 
59332.292566998600 
59332.253830340247 
59332.237122537947 
59335.014161778257 
59335.030713502674 
59332.228554621848 
59332.236230109469 
59332.191356210904 
59335.074856213221 
59332.198450003110 
59332.210414554094 
59335.065682038221 
59335.076141021789 
59335.051609764974 
59335.037725007300 
59335.078077371159 
59335.084970495969 
59332.268543045888 
59332.265938272481 
59335.053359951809 
59335.063475894298 
59335.072567073410 
59332.193198422916 
59335.061287473181 
59335.060238246464 
59332.195689932545 
59332.235921257285 
59334.976811638022 
59334.921076067112 
59334.882965756093 
59334.908860275835 
59334.860466524689 
59334.812902674625 
59334.824140453638 
59334.822989636406 
59334.907747405792 
59334.928476541812 
59334.865231317555 
59334.812965497666 
59334.839292961515 
59334.772934128297 
59334.806092712548 
59334.747070651305 
59334.769234500527 
59334.870782540522 
59334.896118251410 
59334.899699298920 
59334.915179223630 
59334.857732085933 
59334.824406701373 
59334.815044214411 
59334.801464128810 
59334.801464128810 
59334.786782823357 
59334.917234225592 
59334.955372760116 
59334.846095507462 
59334.800217311698 
59334.836244954851 
59334.851719064209 
59334.816688577557 
59334.759576878510 
59334.726253144669 
59334.723636471528 
59334.757712009086 
59334.817993059711 
59334.853966930816 
59334.822370064256 
59334.863532772499 
59334.852159583708 
59334.829817413556 
59334.970000829235 
59335.064976233625 
59335.024797877966 
59332.225353893955 
59332.221002470913 
59332.228503343540 
59332.238739678600 
59332.202745306851 
59332.234210979877 
59335.038279923632 
59335.022499090606 
59334.991052736412 
59334.982936313681 
59334.890748265520 
59334.926401125340 
59334.950116211672 
59334.996446708901 
59334.952593843940 
59335.035336294131 
59335.046554177075 
59335.022601519420 
59335.045144424643 
59334.998991814027 
59334.985520753238 
59334.925329695805 
59334.902514435649 
59334.942126029171 
59334.942111901939 
59334.951368353366 
59332.192315592307 
59334.968858164808 
59334.955445163941 
59334.946709731965 
59334.994668010571 
59334.910118444241 
59335.069972239369 
59335.055150334840 
59335.062099592767 
59334.990660622985 
59334.953694458112 
59334.940834993613 
59334.872571630658 
59334.830237696595 
59334.885021127724 
59334.982036826899 
59335.011578527978 
59335.025487680585 
59335.032956683302 
59332.283435722245 
59332.234715851941 
59332.239312788028 
59332.191733498505 
59332.233448279032 
59332.281300041053 
59332.243818335330 
59334.975337001764 
59334.936356667960 
59335.015639190540 
59334.996446346093 
59335.005952997803 
59335.012743917934 
59335.024625629070 
59335.024457000822 
59335.009340362383 
59335.051533384372 
59335.009222616362 
59335.066874870834 
59335.051356816504 
59335.038733002904 
59335.038942720581 
59335.030735785716 
59335.028506894836 
59335.030929750297 
59332.270259456331 
59332.312755180057 
59332.280262062282 
59332.290788396545 
59332.276521549233 
59332.229089006927 
59332.299166696212 
59332.307050434494 
59332.232808697823 
59335.052800278812 
59335.054170884316 
59332.272270975634 
59332.276707018806 
59332.253211232353 
59332.292882931557 
59332.318782633367 
59334.984717364779 
59335.071341867115 
59335.001417964420 
59335.005922885801 
59335.022777727892 
59335.063608476892 
59332.211865605823 
59332.287190580508 
59332.215621102121 
59335.059043220914 
59332.199158568794 
59334.992355707880 
59334.960277560116 
59332.248177231137 
59332.282953663715 
59332.260596732202 
59332.317244333615 
59335.030405878373 
59334.999291660351 
59334.962530103505 
59334.941268807393 
59334.952974994972 
59334.946356247048 
59334.932392904440 
59334.899539819751 
59334.894055901110 
59334.922085133163 
59334.908222936421 
59334.905493750171 
59334.927572352448 
59334.938917107334 
59334.932224404824 
59334.918416678556 
59334.944012205029 
59334.838355684034 
59334.871912538292 
59334.979602462794 
59334.974123834676 
59335.034426390557 
59334.983889848299 
59334.919974161276 
59334.939559281280 
59334.931942525414 
59334.927712750636 
59334.892161111762 
59334.828158880031 
59334.906387680974 
59334.864487008388 
59334.864102136693 
59334.885768520879 
59334.776267267385 
59334.903493052414 
59334.893221991435 
59334.900449266024 
59334.944488545632 
59334.978234434748 
59334.989767772189 
59334.976076741266 
59334.957657194296 
59334.932697761033 
59334.921467984503 
59334.941415324836 
59334.887355807317 
59334.952662801225 
59334.976617953289 
59334.826365240544 
59334.790720409677 
59334.898105028587 
59334.835348119384 
59334.920254890916 
59334.867065500424 
59334.916571066780 
59334.933446718380 
59334.988621307042 
59334.989664828005 
59335.015246964736 
59334.926949789879 
59335.032942498357 
59335.023866628057 
59334.987380760947 
59335.038560903107 
59332.204939585936 
59332.219055250964 
59332.213808829809 
59332.209768871515 
59332.229219518515 
59332.240807382041 
59332.199695739509 
59335.039607583560 
59334.963683981732 
59334.971576447904 
59334.964604337802 
59334.935249448579 
59334.892935366654 
59334.937283553627 
59334.832271854975 
59334.835299592305 
59334.809764154714 
59334.837788455603 
59334.832693203054 
59334.876799498299 
59334.886032081646 
59334.897462101879 
59334.945493871121 
59334.942262197132 
59334.909363415034 
59334.905027793604 
59334.917646061680 
59334.926075943768 
59334.901857556906 
59334.893515528151 
59334.930492884094 
59334.967497609599 
59334.855634837557 
59334.863210942691 
59334.898061333093 
59334.940801380399 
59334.901274059179 
59334.982242730883 
59335.007086323487 
59335.014352781545 
59334.969976760367 
59334.937618748729 
59334.934379734499 
59334.940694522586 
