-2.618661463270 
-2.920252512617 
-2.491006151205 
-3.379030050931 
-3.881345405274 
-4.444479783562 
-4.381038678664 
-2.992245326980 
-3.393643316322 
-2.717361976006 
-3.442907974112 
-3.854004630664 
-3.988480130342 
-5.853383412016 
-5.165131929344 
-4.225601642265 
-3.731541810286 
-3.410112851982 
-3.357124058037 
-3.330239386305 
-3.941845391965 
-3.680004355369 
-4.339007244885 
-4.022244221145 
-4.136617036535 
-3.980194179390 
-2.998786915656 
-2.710242010904 
-2.651117747751 
-2.261644537316 
-2.766349200165 
-2.649870525858 
-1.920349021041 
-3.507813092959 
-3.417963578579 
-3.757264394719 
-3.608446369295 
-2.881803146078 
-2.826933185451 
-2.265026978251 
-1.953895915555 
-2.768556040700 
-3.155615055063 
-3.323153801283 
-2.642802200921 
-3.078760089477 
-2.998963495369 
-2.545917587596 
-2.813501494340 
-3.080273103929 
-3.113237072732 
-2.681585985609 
-2.632583921793 
-2.725956174631 
-2.790941375211 
-3.409067485382 
-3.708651477574 
-3.415510491881 
-3.191593909677 
-3.672591189450 
-3.637720396345 
-3.001567421598 
-2.101183660805 
-3.029891603824 
-2.680409182061 
-3.735005008409 
-3.508096440473 
-2.993804959930 
-3.611305365135 
-3.189582154272 
-3.160766663207 
-2.673699221734 
-2.945673527346 
-3.050115680291 
-2.473233278605 
-1.939378276902 
-2.145860232631 
-1.812171772016 
-2.362387455929 
-2.311866619697 
-3.268704973877 
-3.358626797511 
-3.384267891628 
-3.059613123304 
-2.969980692130 
-3.064774959493 
-3.025812999755 
-3.452296536515 
-3.357637273484 
-3.974570771321 
-3.833435248392 
-3.376954877848 
-2.215790561542 
-3.261937780588 
-3.435051563106 
-3.357662193049 
-3.535029620470 
-3.216381582812 
-2.643687867022 
-2.766884202318 
-3.222615538390 
-3.714055676236 
-4.176513166312 
-2.935412316409 
-4.225832043668 
-3.682765578952 
-3.889888824146 
-2.978977972484 
-3.287640527530 
-2.978169927023 
-2.371260567023 
-2.329301297004 
-2.383590464826 
-2.773536879652 
-4.907948893387 
-4.177334571572 
-3.327882242058 
-3.015397774180 
-2.386232292638 
-2.536017942429 
-3.074924358428 
-3.726467104883 
-3.652459582717 
-3.006024145612 
-3.001143039214 
-2.646593104086 
-2.957258497332 
-3.191272327275 
-3.496503540467 
-3.054008093528 
-3.147295651351 
-2.845078566381 
-2.754431869336 
-2.488753857705 
-2.338101009016 
-2.441452999539 
-2.675052977692 
-2.607130995294 
-6.598597248273 
-4.141473493969 
-5.026270702117 
-5.021282981868 
-4.954482430410 
-4.178501816190 
-3.724380602231 
-3.531848097672 
-3.705165061192 
-2.911174521777 
-2.929370913386 
-3.194436109176 
-4.127140565006 
-3.353991644410 
-2.641242367700 
-2.736584730522 
-2.676584670204 
-2.910194401088 
-3.028596315156 
-3.026121408507 
-2.729479606752 
-2.939952945858 
-2.852169506625 
-3.064760621460 
-2.013945597141 
-2.396977064697 
-2.746887289107 
-2.625475245685 
-3.032286416836 
-3.321619054888 
-3.070003782648 
-3.536673932493 
-3.173009007912 
-3.290898711887 
-2.543679072303 
-3.189891536016 
-3.073575101774 
-2.978564921277 
-2.906109305332 
-2.847420037434 
-4.302273057775 
-4.472229961201 
-3.210854671066 
-3.129265116999 
-3.339885339054 
-3.910906650906 
-3.664332051876 
-3.679925001283 
-3.514791883479 
-3.608963210642 
-3.992196029283 
-4.309901831459 
-4.539353895965 
-4.169535700773 
-3.701379399904 
-4.144196002045 
-4.271303610110 
-3.040040980771 
-3.572750314050 
-3.314868623742 
-3.102445395866 
-2.963104166081 
-2.959823000602 
-3.471033741630 
-3.258511591066 
-2.991493911878 
-3.336763605066 
-3.923375694528 
-3.193214723374 
-4.265451672078 
-4.319833187426 
-4.740150999361 
-4.132490833555 
-3.545169217709 
-3.432380504871 
-3.615571464478 
-3.171247356162 
-2.308313800618 
-2.574695554636 
-2.441418993282 
-2.736843847253 
-2.248834115378 
-3.030214375508 
-3.186445490330 
-2.733496231626 
-4.385726693003 
-4.733426419776 
-4.895530901224 
-3.793568011569 
-4.362499523060 
-4.618633458139 
-4.901569203355 
-4.584059683244 
-4.051281501442 
-4.172569321896 
-4.900891205319 
-4.102111683524 
-3.775605538768 
-3.769076508066 
-3.337944169261 
-3.141086279673 
-3.171627792139 
-3.879092257775 
-2.839674418331 
-3.199709863336 
-3.299184568967 
-3.513625645999 
-3.507826474363 
-3.105431569639 
-2.953757255705 
-2.629197312740 
-2.646818371285 
-2.681458794132 
-2.502104343107 
-3.023167337766 
-3.592895911462 
-4.188040795557 
-4.626584691378 
-3.161431897472 
-3.119180691122 
-3.807036632991 
-3.743111379812 
-3.849413359446 
-4.153220545030 
-4.072834767264 
-4.339957723387 
-5.111234085526 
-4.325857797604 
-3.650386952514 
-3.000172752403 
-2.839622777563 
-2.742616528584 
-3.334225948288 
-3.409286111590 
-2.752570264646 
-3.012821494238 
-2.657374110420 
-3.479804481346 
-1.823116388681 
-2.329868973262 
-2.637714359842 
-2.223409757705 
-2.365867743962 
-2.333744385431 
-2.529559579826 
-3.109104496428 
-2.614793858520 
-2.581744960011 
-2.446462740279 
-2.551109527425 
-2.684129790621 
-3.012950458558 
-3.085575363849 
-3.708472870106 
-2.687655577294 
-2.466683196923 
-2.232222279146 
-2.420999344599 
-2.120221626156 
-2.818362285430 
-3.241438637649 
-3.061891299550 
-3.230457554264 
-3.997389108635 
-3.914474838408 
-1.823536783522 
-2.585050642130 
-2.266137977622 
-2.491750937347 
-2.608569319004 
-2.354147568183 
-2.862510794627 
-3.173098323084 
-2.836865774547 
-3.255637113595 
-2.888655733419 
-2.724114984001 
-2.553405981983 
-2.604221616093 
-2.559958017167 
-3.795732488193 
-3.123469009273 
-3.019853035369 
-3.253155689491 
-2.724798759496 
-3.362390333460 
-3.569139887351 
-3.791857824703 
-2.876051270127 
-3.879011070203 
-3.690450323090 
-3.509119225980 
-3.494622318822 
-4.488102949767 
-3.777418991330 
-2.600934777169 
-3.070901593220 
-3.223950139476 
-2.888843898118 
-2.809684689465 
-3.287989858126 
-3.399916648344 
-3.730679557264 
-3.062719440441 
-2.397497309030 
-2.543012836959 
-2.368072130600 
-1.877363005628 
-2.237561534742 
-2.273194051322 
-2.051592601580 
-2.536814870951 
-2.359598155911 
-2.566149403298 
-2.737944301194 
-3.348992799868 
-3.235770185498 
-2.803625056722 
-2.429409058657 
-5.133117694645 
-3.424670089196 
-5.619071494566 
-5.223559104593 
-3.924178466882 
-2.667364678648 
-2.857962965954 
-3.154564831851 
-3.277587676164 
-3.281572134446 
-3.091353158719 
-2.792341470998 
-2.945333983047 
-3.184427691278 
-2.884940964338 
-2.512349189250 
-2.580528370117 
-3.917543709089 
-2.926098773510 
-2.679884638808 
-2.505790582415 
-2.620050045448 
-2.087355552189 
-4.202486943097 
-5.122718489296 
-3.235842681926 
-4.244279557088 
-3.552813043966 
-3.014777995546 
-4.114731432879 
-3.760116250263 
-3.857160760287 
-3.780434638955 
-3.273135703875 
-3.061366830901 
-2.505636027550 
-2.129554709634 
-2.128971587528 
-2.733598272734 
-3.388542633158 
-2.780505255526 
-3.360691465398 
-3.684597153984 
-3.488772926541 
-3.260118441647 
-2.952104073558 
-2.844536783535 
-3.084815380268 
-3.438130525264 
-3.286949499988 
-4.895274533073 
-4.498680131302 
-3.122584092343 
-3.563629645523 
-3.425976397939 
-4.143027025352 
-3.166467715012 
-3.028959914403 
-2.884797763444 
-2.824432096959 
-3.701060683439 
-2.581026256389 
-2.773982207701 
-2.942094244904 
-2.635436444218 
-2.313080545301 
-2.471700761733 
-2.570210312760 
-2.168455319752 
-2.623626974834 
-2.432444406086 
-2.155234266360 
-2.577714918308 
-2.130737461429 
-2.442573098887 
-2.961182009696 
-3.065655924499 
-3.216097937371 
-2.996048585414 
-3.152970244028 
-2.526530579002 
-3.228616879209 
-3.152663827102 
-3.214858467234 
-2.964074353727 
-3.656071951311 
-3.127782135970 
-4.182626511633 
-3.454104094194 
-3.221797236310 
-3.137168212490 
-2.681473497968 
-3.080623670751 
-2.757230061534 
-2.989577552087 
-3.077537868045 
-3.436886647499 
-3.082271044572 
-2.768701878253 
-3.033651382208 
-2.738297538229 
-2.797632726047 
-2.819744966476 
-2.718951974351 
-2.472298430529 
-2.590732845433 
-2.225619286602 
-2.343556044261 
-2.320581066702 
-1.691815715815 
-2.846838492951 
-2.473317178346 
-3.125565494112 
-3.287854558297 
-3.374729225101 
-3.307303730495 
-3.492195536899 
-3.542583963976 
-2.360393154511 
-2.799138483278 
-2.850395173971 
-3.269449313912 
-3.099861077963 
-3.192959168868 
-2.802643861379 
-3.351630598259 
-2.962421555966 
-3.425999656784 
-2.863643581536 
-2.649926457223 
-2.770938358033 
-2.926115788953 
-2.958023086318 
-3.948225146067 
-4.362084017452 
-3.778849940379 
-3.868213570590 
-3.267195868489 
-3.512250353809 
-3.619534082747 
-3.803560339923 
-4.173349017116 
-3.844916257331 
-2.326854593471 
-2.621199220757 
-2.623661601938 
-3.287805055311 
-3.394965422961 
-3.567452629658 
-3.434803299526 
-3.202738885593 
-3.095991530226 
-4.009215372783 
-3.816873199240 
-3.197986833013 
-4.180810145341 
-4.198905910277 
-4.612977955083 
-4.702524384836 
-5.243903329145 
-4.578770751787 
-3.903580840929 
-3.780624363971 
-3.844315786832 
-3.907189627989 
-3.366154895721 
-4.006882518022 
-2.577378363700 
-3.098180060730 
-3.420166772108 
-2.996261021668 
-2.455810964892 
-3.060610955426 
-2.950438428877 
-2.282423639968 
-2.460579706775 
-3.155099718382 
-2.999886501439 
-3.230307662967 
-2.625708750985 
-3.172035459658 
-3.254484563677 
-3.371436053996 
-3.594401416323 
-3.451747048163 
-2.840747546660 
-2.946325245449 
-3.081074627065 
-3.897867913892 
-4.403123775924 
-4.057580973556 
-3.172337874486 
-2.552259856426 
-2.635483595249 
-3.119735554406 
-3.073381830268 
-3.009894810746 
-2.631186497245 
-2.902404117287 
-2.257268464982 
-2.553888405175 
-2.436872524096 
-2.471744205831 
-2.093875391277 
-2.189303902172 
-2.546254400365 
-4.052820094055 
-4.207894853963 
-3.243609494833 
-3.096796225474 
-3.140715199174 
-2.947165111562 
-2.483308172795 
-2.913283054179 
-2.928587925447 
-3.280935419158 
-3.691829622187 
-3.346888490493 
-3.596692713177 
-3.261485524904 
-3.595300122199 
-3.488988760021 
-3.494446959267 
-3.474581038084 
-3.364379134198 
-3.539409274687 
-4.691798062315 
-3.500651548727 
-3.896220571710 
-4.114902361824 
-4.541676864405 
-3.789292169044 
-3.427954118873 
-3.523761539046 
-2.878702017347 
-3.159067617410 
-3.899106258435 
-3.396712201608 
-3.298061365339 
-3.112592732026 
-4.111232690350 
-3.995206995736 
-4.128688112578 
-4.231101239947 
-4.720883081406 
-4.599580391927 
-4.219363806788 
-4.160674749160 
-4.140679410524 
-4.350882858532 
-4.475787381537 
-3.548673867443 
-3.154265520786 
-3.578101902388 
-3.297484511968 
-2.984908353430 
-3.435577571033 
-3.054521718530 
-2.343449949408 
-2.843908419130 
-3.626861146240 
-3.195959245153 
-3.334001618043 
-4.063927404934 
-3.409104691685 
-3.602943665478 
-3.612465456538 
-2.914841150991 
-2.832931868095 
-2.936887687708 
-2.356459075944 
-2.846347584352 
-2.680427783759 
-2.786912510745 
-2.638486351368 
-2.701914381473 
-2.555497830418 
-2.389743901964 
-2.458637077242 
-2.829898109308 
-3.788188390795 
-3.268671208311 
-3.457647202758 
-3.448067684045 
-3.682729733813 
-2.260230906667 
-4.340666265793 
-3.561126148627 
-4.038587998267 
-3.755972753092 
-3.817080634770 
-3.688619497331 
-3.318030912549 
-2.596144544657 
-2.517711695680 
-2.936306098259 
-3.664415110721 
-3.764938430962 
-4.362457143908 
-3.720843948565 
-2.671104453681 
-2.878811863590 
-3.019344419599 
-2.898109815641 
-2.706131091680 
-2.854634538656 
-2.475616332130 
-2.724421208603 
-3.100858293905 
-3.114074479909 
-3.145409197733 
-2.829831819514 
-2.547690408687 
-3.543780466457 
-3.103073548715 
-2.785144061834 
-3.448415208825 
-2.464443314513 
-3.186100244591 
-3.513917848643 
-4.164686495038 
-3.957971390572 
-3.439237102486 
-3.454999733319 
-3.643570239697 
-4.496991779802 
-4.111421988293 
-2.576081206418 
-3.184771499278 
-3.530082105694 
-2.318643159992 
-2.923200088609 
-2.422417072546 
-2.674260723256 
-2.893083684278 
-3.115459720457 
-2.768446698235 
-2.469666166610 
-2.569274411807 
-3.302693241023 
-3.063560832547 
-3.659821317602 
-3.064404480114 
-3.524255080358 
-3.902689618392 
-3.178772886861 
-3.594965733491 
-3.483846615847 
-2.937603936258 
-3.284062759961 
-2.485461104548 
-3.741023741134 
-2.982452772554 
-3.621911531931 
-2.416144122762 
-2.656763758942 
-3.952476374191 
-4.356941289324 
-4.177611237182 
-3.218532282559 
-3.048415154642 
-3.449686328985 
-3.594551274996 
-4.218163134880 
-3.277204257219 
-3.223122295026 
-3.983526552274 
-4.042728785053 
-3.258098064968 
-3.501124185594 
-3.437418009186 
-3.117781203813 
-3.037764678073 
-3.344427708524 
-3.376509690513 
-3.424996962941 
-2.710388714019 
-2.591274283959 
-2.621679318405 
-3.295646389672 
-2.875788941064 
-2.580169953127 
-2.445019249647 
-2.588211682910 
-3.219971618480 
-3.270051408128 
-3.037987541983 
-3.460004181592 
-3.338954993028 
-3.683990716848 
-4.702730917862 
-4.365421396451 
-4.743667204651 
-4.516481605627 
-3.924664986251 
-4.472738416765 
-3.988694448991 
-5.511290926528 
-3.007722364803 
-2.645061234847 
-3.693570079165 
-2.630613904703 
-3.862089739093 
-3.162391459633 
-4.207352616240 
-4.428170001290 
-3.744878485559 
-2.752128936242 
-2.647148726032 
-2.013098147711 
-2.475085117398 
-3.428663207488 
-3.302183081451 
-3.945580738057 
-2.979445160287 
-4.166949579179 
-3.048632273827 
-3.318848640892 
-3.224195758553 
-3.303901013540 
-3.645100853647 
-3.398391058626 
-3.012596436070 
-3.483416900573 
-3.983393856817 
-3.024730816492 
-3.025056466007 
-2.697333886340 
-3.085403517342 
-3.307382476489 
-3.548643974364 
-3.779294735538 
-4.127911658785 
-2.967929972344 
-2.264737105695 
-3.257047680992 
-2.611992725119 
-2.915953277221 
-2.605855028052 
-2.784410112082 
-2.261573280699 
-2.608305502201 
-3.193802922472 
-3.606150066813 
-3.613185867536 
-4.115212821202 
-3.843872251591 
-3.275942489746 
-3.194239199497 
-2.638369863079 
-2.854486898153 
-2.278292735839 
-2.706629128087 
-3.142835498935 
-2.760186795748 
-2.778283471459 
-3.448017074507 
-3.329944265351 
-3.515422961673 
-3.012920950276 
-2.674058677206 
-2.935855123165 
-2.607552503185 
-2.732338665375 
-2.904898106515 
-2.792362530259 
-3.064060692156 
-2.865094612685 
-3.057911692515 
-3.429947062783 
-2.491364289646 
-2.471888595704 
-2.607190214006 
-3.268276698232 
-3.667488249577 
-3.487957376174 
-2.983052521262 
-3.730469310906 
-3.853277257365 
-4.106122641853 
-3.771978849810 
-3.604388024503 
-3.350893255623 
-3.139329025249 
-4.262084894905 
-3.863126766067 
-2.701581686016 
-2.821170620945 
-3.331838884921 
-2.982403293732 
-2.982300930639 
-2.982981567657 
-2.740011446266 
-3.165365170231 
-3.640600569568 
-3.168166774059 
-3.256599187292 
-2.925856976598 
-3.253599903764 
-2.763571530178 
-2.484698839484 
-2.493825403148 
-3.355348256396 
-2.978177437262 
-3.879045036996 
-3.684213009060 
-4.521728530521 
-2.558059763875 
-3.692422637561 
-3.380511328312 
-2.701869850736 
-3.120276320043 
-2.919533663294 
-3.567562050482 
-3.031807296733 
-3.789371263578 
-2.980030003543 
-2.791420709640 
-3.415895561025 
-3.031332552322 
-2.973241280360 
-3.226161460027 
-3.439618173428 
-3.285644417811 
-3.508074073427 
-2.992768925442 
-3.639279419599 
-3.028399925894 
-2.420134872510 
-3.682121694937 
-2.864094766323 
-2.905831711397 
-3.268306839370 
-3.115700665424 
-3.489333850756 
-3.429140914691 
-2.833794616466 
-2.509594144653 
-2.710041999220 
-2.911519288555 
-3.423609762120 
-3.315986462757 
-3.685379325347 
-3.929921686943 
-5.272640007297 
-4.717661642324 
-4.095153258928 
-3.682931346815 
-4.183389753546 
-4.167712681608 
-4.088038608456 
-3.652786654336 
-3.241299592373 
-3.169080501233 
-2.519631150658 
-1.845293245517 
-2.459529841106 
-2.275465623032 
-3.088822997892 
-2.346011716475 
-2.614589992853 
-2.713236427157 
-2.365830521662 
-1.939459436377 
-2.515650009613 
-3.676149365700 
-3.299476239198 
-4.515492226950 
-4.579215592166 
-4.005396737178 
-3.025732892542 
-2.715383126340 
-2.779416726087 
-2.506274528640 
-2.992260181586 
-3.068063845793 
-2.729207541109 
-3.103570093116 
-2.896551911236 
-3.326670947694 
-2.446921587918 
-2.781628965278 
-2.248444510218 
-2.533529336872 
-3.247328605045 
-3.024801581506 
-2.784748251740 
-2.533434599352 
-2.470871028204 
-2.660552946527 
-2.599325675070 
-2.913256391838 
-2.525843027627 
-2.685372975689 
-2.992956207125 
-3.060073405829 
-3.894807644787 
-3.381302712495 
-3.715612958852 
-3.764956805765 
-3.703136926296 
-5.834947811829 
-2.758543979898 
-3.692958406892 
-3.992024701080 
-3.372120659216 
-2.901338791860 
-4.081301428530 
-3.002369399067 
-3.639650472241 
-3.311331128654 
-3.741546330372 
-3.971187583868 
-3.681021706747 
-3.773925075270 
-3.653547105654 
-3.220993017969 
-2.859971345064 
-2.871184527396 
-3.021929307818 
-3.608425879992 
-3.382300897026 
-3.359487468533 
-3.497795995733 
-3.128661584449 
-2.730360009572 
-3.211992379090 
-2.705918456965 
-3.057422226822 
-3.052321426478 
-2.789727718382 
-2.805591511101 
-3.064391613539 
-2.668515189162 
-2.849742293807 
-2.911009240428 
-2.901116035453 
-3.040667072059 
-3.291013318744 
-2.995699851909 
-2.816709923347 
-2.705873806125 
-3.021769765016 
-2.943714693081 
-3.395339934263 
-3.939973818608 
-2.530632606764 
-2.929680834333 
-2.795718590338 
-2.630970766730 
-2.594692628185 
-2.684038747147 
-2.446702866478 
-2.835332426436 
-2.306217522533 
-2.602598662281 
-2.872150048341 
-3.032797355852 
-2.819903688526 
-2.560377228232 
-2.894347590552 
-2.750922783841 
-2.643948097417 
-3.120776855522 
-3.461577684298 
-3.572679828854 
-3.237142684803 
-2.722012543899 
-3.296449317840 
-3.886247856649 
-4.272355814048 
-4.130365427297 
-4.081331640000 
-3.997804640181 
-3.480557845874 
-3.509507492661 
-4.143798584976 
-3.307378776753 
-3.582282977563 
-2.768301356084 
-3.168855539409 
-3.874526503731 
-3.613144200815 
-3.566084325657 
-3.948084857961 
-3.928884214257 
-3.847982313898 
-4.417642707205 
-4.635203351591 
-4.203740834636 
-5.321812829431 
-3.851724309601 
-3.177769804721 
-2.647223063761 
-2.800227120274 
-2.097878822653 
-2.627839852443 
-2.872451611611 
-2.576554404382 
-2.849644558680 
-2.751124511552 
-2.822363740887 
-2.949230569912 
-3.707645643994 
-4.435024440153 
-4.007326540581 
-3.602812329251 
-4.433107617670 
-3.793712490018 
-3.121382686480 
-2.883283083363 
-3.124253588741 
-3.180446100662 
-2.745615765280 
-2.861773539824 
-3.409580558615 
-3.888337404673 
-3.257785842507 
-3.534332082515 
-2.858792187730 
-2.761792354664 
-2.529598172545 
-2.459310366531 
-2.780548379768 
-3.087223846495 
-3.004669485109 
-2.958951526599 
-3.164716297172 
-3.553921910417 
-3.839845970571 
-3.613210762030 
-3.211696588497 
-3.955892624133 
-3.546572812209 
-2.828549896664 
-2.990284682862 
-2.969160677390 
-2.898204265560 
-2.974292566939 
-4.025726362511 
-3.461013404805 
-3.728231277721 
-3.699645271822 
-3.850513533374 
-5.146088212657 
-2.902851023201 
-2.981017669170 
-2.386180824744 
-2.587715797544 
-2.373756813597 
-2.234570716597 
-2.348252723578 
-2.394065450703 
-2.402039845163 
-2.177365124413 
-2.898225566787 
-2.690380385621 
-3.582072360462 
-3.859871559195 
-3.961823919089 
-3.409309026204 
-3.481556319391 
-2.799059865196 
-3.210411143116 
-2.348912415684 
-3.560609328894 
-3.244920245218 
-2.643264381007 
-3.021257146781 
-3.057268285194 
-3.293271240822 
-3.148619311809 
-2.977738561794 
-3.407375658807 
-3.745089856407 
-5.201695752121 
-3.874625631694 
-4.283199191747 
-4.140443154928 
-2.910208683363 
-2.582535086066 
-3.094185875916 
-3.055554572913 
-3.578224968831 
-3.077674774247 
-2.447921640658 
-2.771861809368 
-2.727975824991 
-2.956789174542 
-3.240473678534 
-3.944411254650 
-2.561750135361 
-2.836044988236 
-2.942984517702 
-3.061068206412 
-2.795169238775 
-2.883492296424 
-3.046467954223 
-2.908175383937 
-2.683522290840 
-3.050114187063 
-2.976497326160 
-3.450494526316 
-2.991944869991 
-2.878520590183 
-3.126422609384 
-2.809484949491 
-2.940770263560 
-3.303004260171 
-3.057620909193 
-3.139846587954 
-2.410781221469 
-2.314670004090 
-3.187011106083 
-3.522862217541 
-3.194080759111 
-2.694719344197 
-2.843345770325 
-2.902979816517 
-2.751825946775 
-2.868965533097 
-2.650248227937 
-3.054204883453 
-2.621578852525 
-3.075324899107 
-2.324485067969 
-4.287710629070 
-3.370082327510 
-2.574447051386 
-3.041395055139 
-3.165604550649 
-2.997611245883 
-2.809502034954 
-2.678525151756 
-4.098897440237 
-3.494091418188 
-2.379241287316 
-2.812863111175 
-3.093205453655 
-2.687896605516 
-2.391672476609 
-3.018893761938 
-3.301846290107 
-2.512387220066 
-2.711421408137 
-3.779297853447 
-3.481023295467 
-3.323796101246 
-3.894727921388 
-3.210792796486 
-3.772165274955 
-4.626047124318 
-3.431851064825 
-3.797279133634 
-2.811870191810 
-2.540556386167 
-2.297421786112 
-2.709816370729 
-3.246183890033 
-3.061463243876 
-2.566247851084 
-2.511060540182 
-2.382808963178 
-2.747898348802 
-2.863542668152 
-2.442019941842 
-4.338863373641 
-3.632539873635 
-3.577940327861 
-2.458114646892 
-2.775063432098 
-2.368643071902 
-4.594098666887 
-3.411882993658 
-3.095087148634 
-3.320232988683 
-3.608889520758 
-3.492572077539 
-2.698715592818 
-2.793112566944 
-2.459900549233 
-2.492825630383 
-2.217665796148 
-2.911362759955 
-3.348011924460 
-3.579129152349 
-3.152521492105 
-3.638893846819 
-3.608233222841 
-3.362900265008 
-3.667786468439 
-3.941670542827 
-2.839749378204 
-3.619429653787 
-3.040157879225 
-2.614109714659 
-3.163777627299 
-3.268812457279 
-3.899114987409 
-4.151112906141 
-4.198973267999 
-2.738844992038 
-3.213746240647 
-2.669484015132 
-4.215775005300 
-3.632106005276 
-3.251637831875 
-2.464007150423 
-2.630705577682 
-2.427894657366 
-3.772257011451 
-3.325209081642 
-3.077741624037 
-3.645184902883 
-3.517997996205 
-2.710509691521 
-2.239426335060 
-2.687559278537 
-2.932308554001 
-2.652786564856 
-2.921230656573 
-2.679115462557 
-2.374954016217 
-2.354785636543 
-2.352650635210 
-2.752011411887 
-3.240510284044 
-2.908277715177 
-2.978261068151 
-2.875057242228 
-3.529814783422 
-3.074789249492 
-3.495153125204 
-3.906429077269 
-3.451996476354 
-3.582468993908 
-3.119233264516 
-2.898355451856 
-3.066655983944 
-2.787353690796 
-2.976439149624 
-3.067916609205 
-2.606955063317 
-3.390846651954 
-2.747592161224 
-2.818470358016 
-2.596795830228 
-2.492587262569 
-3.152540405031 
-3.270065504734 
-2.936098237026 
-2.983312783724 
-3.396693989538 
-3.062925256252 
-3.549842257423 
-4.544013434737 
-4.808875396979 
-4.368685629477 
-2.970548901960 
-3.034480622831 
-2.957985621093 
-2.952421982506 
-3.450437933352 
-3.233060740124 
-2.714703892205 
-3.026992908846 
-2.667785642752 
-3.111777337966 
-2.201085019567 
-2.326356703181 
-2.371720154658 
-2.521924394870 
-2.436279101035 
-3.099715437716 
-3.066420628174 
-2.962561168465 
-2.691128198096 
-1.907794884217 
-3.624466091393 
-3.569239018377 
-3.986616427408 
-3.715039037464 
-3.622195131111 
-3.425240637649 
-3.519601590554 
-3.091455699842 
-3.290424772416 
-3.448138310820 
-3.946231438861 
-4.162325643383 
-3.600046558701 
-3.260385285222 
-4.039565085297 
-3.838599069264 
-2.404696867337 
-2.417431468755 
-2.472040339048 
-2.367404105087 
-2.323242072706 
-2.022590298749 
-2.625934462194 
-2.303060549204 
-2.452784183707 
-2.499100378816 
-3.419106048953 
-3.703448286308 
-2.800526450379 
-2.906680032168 
-2.911603407871 
-2.810132279071 
-2.966127318200 
-3.252687149830 
-2.649988665859 
-2.119592712670 
-3.066442883033 
-3.004948493047 
-2.481114469395 
-2.828347378074 
-2.769586756369 
-2.420554305936 
-2.586287769127 
-3.223746174441 
-3.642116941787 
-3.552167191092 
-3.802074557110 
-2.722420892402 
-3.811142743326 
-4.600794025459 
-4.136797946316 
-3.821888945510 
-3.795732911053 
-4.429189718709 
-3.194151041865 
-3.301985697510 
-2.613026735835 
-2.413226452024 
-2.484077561426 
-2.371869171880 
-3.415641893092 
-2.965206507807 
-2.855895964216 
-2.628140567789 
-2.093152804790 
-2.982959152870 
-2.708854836849 
-4.581853751229 
-4.265737377219 
-4.660741153315 
-3.162437426172 
-2.478662424842 
-2.421215549752 
-2.140001526766 
-1.899587563078 
-2.433683656345 
-2.506061298368 
-3.276839580247 
-2.804274457796 
-3.268642141025 
-3.343970750277 
-3.780191066553 
-3.077204217338 
-3.581173736907 
-3.616840346703 
-3.828202328251 
-3.041698781489 
-2.908328857162 
-2.453646226763 
-2.546701165475 
-3.464378570235 
-3.545384644669 
-2.951511229493 
-2.802731619042 
-3.300487561963 
-3.139347376823 
-3.262164927202 
-3.287971310169 
-3.078098342692 
-2.796286883213 
-2.732158599795 
-2.535060422154 
-2.838744019621 
-3.912828756814 
-4.389146681285 
-4.217834103646 
-5.184983973506 
-3.576206770124 
-3.557853524188 
-2.660575700413 
-2.809687063328 
-3.214760542032 
-3.626191111726 
-2.616275559938 
-2.478715047195 
-3.164900886469 
-3.173398203163 
-2.853677972143 
-2.622559615693 
-3.191024104429 
-2.717527565492 
-2.895678997736 
-3.660495700989 
-2.919878845181 
-2.764987626632 
-2.694009724164 
-3.276776667939 
-3.247210830404 
-2.441206311304 
-2.722293270616 
-2.915335380644 
-2.545614650874 
-2.351996872650 
-2.423484171191 
-2.397462043021 
-2.715971703393 
-2.444455293969 
-2.259682816743 
-2.699583613021 
-2.676272029712 
-2.393286314616 
-2.729815025623 
-2.836857922981 
-2.951547084065 
-3.146510956264 
-3.715719347887 
-3.432665329329 
-3.326345324156 
-3.392120089839 
-2.966150219306 
-2.601298250966 
-2.531146056266 
-2.546768295968 
-2.775659093750 
-3.650511832790 
-3.428110919004 
-3.883803189336 
-4.177156621397 
-4.006500005118 
-3.914580269250 
-3.679903367927 
-3.806176671249 
-3.673617536616 
-3.763338900221 
-3.826217794330 
-3.125861437886 
-4.115955195268 
-3.695153730075 
-4.020950022102 
-3.339712748142 
-3.473327335892 
-3.044936910940 
-3.511457213769 
-3.180554894702 
-3.176779789950 
-2.713687066027 
-3.123463728924 
-2.705153414224 
-2.652654582754 
-2.160486060278 
-3.122265292843 
-2.640405400474 
-4.278317612524 
-3.158036752998 
-2.953488583667 
-3.863537494182 
-4.639994696709 
-4.101450145008 
-4.828647779426 
-2.861321267924 
-2.543538521342 
-2.610936109659 
-3.780617284431 
-4.224904819255 
-3.121590507518 
-3.139575186846 
-2.974542517925 
-2.908669594532 
-3.145303932897 
-3.347291853425 
-3.442230703440 
-3.420144345003 
-3.089646871648 
-2.828870276517 
-3.510005878162 
-2.497761499753 
-3.160534334585 
-3.069446113646 
-2.939946991381 
-3.081498686165 
-2.715674990000 
-2.498182447428 
-3.091171137737 
-3.116500619169 
-2.974935759945 
-3.072831996065 
-3.175174147805 
-2.849233552631 
-3.731143532018 
-3.730920488121 
-2.970255397234 
-2.699115442359 
-3.344973128465 
-3.035040926582 
-2.629498051717 
-3.499733165160 
-2.685344177929 
-3.203992900708 
-3.729349046320 
-3.063177494285 
-3.270638551532 
-2.955161361290 
-3.047181133086 
-2.570468791926 
-3.082486532369 
-3.055614527166 
-2.853740449053 
-3.530845163374 
-3.283971812576 
-3.193818179687 
-3.040062061264 
-4.286641826268 
-4.061251145850 
-2.947073906682 
-3.213337407988 
-2.648283087651 
-2.836435458302 
-2.900303446556 
-2.821953601882 
-1.901746797575 
-2.409955946253 
-2.299854972478 
-2.497374393601 
-2.571776641631 
-2.818278151797 
-2.173511824044 
-3.214933019862 
-3.711395308349 
-4.019201513634 
-4.028530145263 
-4.616266991665 
-4.029966825774 
-3.707550555469 
-2.944626720496 
-2.523658834546 
-1.908983610861 
-2.761146520537 
-2.618298552498 
-3.209040566195 
-3.237087545697 
-2.883402931598 
-2.783218955976 
-2.681582791472 
-2.677144712453 
-2.584547270362 
-2.463406919459 
-2.967759001590 
-2.802813444791 
-3.407910269625 
-2.749506209487 
-2.304755888690 
-2.841319959745 
-2.697365224676 
-3.033128909636 
-2.661360590725 
-2.375629993418 
-2.840746699849 
-2.865476569151 
-3.063268239829 
-2.728791693177 
-3.620869235551 
-3.383246280893 
-3.150144780473 
-2.676241732096 
-2.924404678385 
-3.143005291807 
-2.633612158287 
-3.127338740967 
-3.161590817198 
-3.051829006713 
-2.948824147914 
-3.201452301555 
-3.320892668164 
-2.956814967604 
-3.310256734043 
-3.350004594120 
-2.597659904354 
-2.965464339029 
-3.115043544336 
-2.990725254581 
-2.825153608741 
-2.401821227195 
-2.468466207434 
-2.730430298939 
-2.538701453798 
-2.742598141360 
-2.431350174683 
-2.684537879279 
-2.404930801956 
-2.427744168907 
-2.891533286763 
-2.828222923053 
-2.863422616509 
-2.610599150069 
-2.254653140290 
-1.917546725488 
-2.536755287681 
-2.394849431099 
-2.708942474855 
-3.423878564236 
-3.502722615965 
-3.637216457956 
-2.899632346747 
-3.290138510942 
-3.097150094113 
-2.645979571199 
-2.696124635852 
-2.508617549118 
-2.570512610394 
-3.202214545843 
-3.127723757311 
-2.702391390038 
-3.878232671482 
-3.444847450308 
-3.222816065694 
-2.866864638920 
-2.549591324528 
-2.816881803028 
-3.328775879922 
-3.407874925868 
-4.915721078642 
-4.098545968609 
-3.269656635416 
-3.622089218615 
-4.007229290258 
-5.122060422969 
-4.033390975043 
-3.961678201483 
-3.570271431613 
-3.554087944073 
-3.449207830627 
-3.865643786915 
-3.667514352699 
-3.330986083390 
-3.698022026044 
-3.484857982499 
-3.217667049440 
-3.209374863584 
-3.561290614267 
-3.380834369584 
-3.169149108808 
-3.975393999596 
-4.216636522229 
-3.030200901330 
-2.609204878535 
-2.384984292502 
-1.933229471800 
-2.669916668489 
-2.945616944465 
-3.580549391035 
-3.826750056574 
-2.916963955553 
-2.437095897034 
-3.050010001450 
-3.147916312788 
-3.907325811250 
-3.491766888702 
-2.599959462484 
-2.713106135347 
-2.934839204421 
-2.129176887302 
-3.418801193848 
-3.450058140065 
-3.218497544902 
-3.229114045249 
-2.757319041689 
-3.526124906533 
-2.910733819668 
-3.005550251805 
-2.709789589780 
-3.267517902312 
-3.488060001277 
-3.466996587337 
-3.528310620914 
-3.423163791672 
-2.416771144857 
-3.233346047436 
-3.364594413760 
-3.207661010999 
-3.111210887269 
-3.187354680235 
-2.700823744019 
-3.831248204444 
-3.699260634906 
-3.133226350257 
-3.041478919066 
-3.143316443388 
-3.431273397708 
-2.361029978026 
-2.696093809273 
-2.726224140632 
-1.817096708290 
-2.889910925128 
-2.525298216950 
-2.557703490768 
-3.196714433624 
-3.023489269833 
-3.408950782756 
-3.886538166201 
-3.774045231186 
-3.352309508990 
-2.948531349890 
-2.738291303219 
-2.827662206111 
-2.955553588097 
-2.639962453567 
-3.074408273129 
-2.712748989223 
-2.141413279349 
-2.468223624163 
-3.634492214752 
-3.749247088982 
-4.716590921466 
-3.576702303109 
-3.471817110170 
-3.254937667307 
-3.004273514512 
-3.046568983253 
-3.305481874111 
-3.555662734334 
-4.059719407292 
-4.387715387605 
-5.970761610730 
-6.508835015563 
-4.660691941004 
-4.880176844553 
-2.855772091943 
-3.129708836929 
-2.227718186670 
-3.036498161414 
-3.688236392705 
-3.378086399662 
-3.933009652300 
-5.117470250990 
-2.906482986963 
-3.159190131802 
-2.939512633173 
-2.911290401992 
-2.720725169867 
-3.150230671902 
-2.458889859993 
-2.511690285442 
-3.323232330933 
-2.773268811963 
-2.391001509469 
-2.785489361015 
-3.385211995591 
-5.170132688792 
-5.593285557571 
-5.310549712394 
-4.749680214963 
-3.950510153494 
-3.786856115185 
-3.325026401115 
-2.860491910423 
-2.342095710379 
-2.464995117145 
-2.618240298729 
-3.292165772523 
-3.214213139933 
-3.045675305793 
-2.988748447686 
-3.017448091172 
-2.357075198180 
-3.585658418817 
-2.552406359956 
-2.638210306566 
-2.846058465052 
-3.357351872877 
-3.252089134649 
-2.872765145017 
-2.626787179498 
-2.397971982013 
-2.213258783369 
-3.117301723077 
-2.806187543912 
-2.466778776019 
-2.901502373533 
-3.555194298979 
-3.264767464149 
-3.238192054590 
-3.345987999960 
-3.010765282366 
-2.543283245336 
-3.739610592180 
-3.858709115148 
-4.439666517380 
-3.997579121876 
-4.078232406610 
-4.058539148212 
-4.091805649684 
-3.473050337733 
-2.599097039315 
-3.213192892349 
-2.868845048364 
-3.080657022641 
-2.857600892119 
-2.631505731040 
-2.536227156161 
-3.361987248217 
-3.186062345544 
-2.455996306783 
-2.504099974964 
-2.272661955479 
-3.111988846521 
-3.124924934374 
-2.955976501139 
-3.408260902678 
-3.510171113487 
-4.517760136017 
-3.490268129446 
-3.031383657809 
-2.988198655158 
-2.767956838249 
-3.193712775392 
-3.478889144514 
-3.686962405580 
-3.294891389380 
-2.995390673655 
-3.147862124703 
-3.231208709609 
-3.161131596186 
-3.239341706760 
-3.431095746648 
-3.722910392369 
-3.224194379886 
-3.096529544810 
-3.388424324481 
-3.838045298238 
-3.437463166088 
-2.973178216155 
-3.245950166406 
-2.808474145773 
-3.087413710821 
-2.591494457204 
-3.248732444387 
-3.428583882750 
-3.559520172054 
-2.748837212806 
-2.820258566374 
-2.705805485710 
-3.300258293153 
-3.545500849533 
-3.707695676835 
-3.226869255734 
-4.128051974032 
-3.644640918997 
-4.081065412761 
-4.030188183314 
-3.777397486855 
-3.602989877390 
-3.516600747129 
-3.169794478418 
-3.029927589661 
-3.259033096020 
-3.509968656133 
-3.266833114416 
-4.421795525858 
-4.649600031586 
-3.585873545339 
-2.875696432006 
-3.654450188528 
-3.685481972748 
-3.112400159029 
-2.532653949912 
-2.792322919788 
-3.472081041650 
-3.032825839967 
-2.454401249639 
-2.958429488751 
-2.881107925231 
-3.638227481956 
-3.350499465844 
-3.988622261258 
-4.044738870146 
-3.641985677432 
-4.149712473610 
-3.919121139746 
-3.584025268548 
-3.931592267052 
-2.936922468051 
-2.630363545537 
-2.825336822741 
-2.903875875611 
-3.247171192626 
-3.704680386307 
-3.283222219510 
-3.432348279927 
-3.635791878253 
-2.719818773335 
-2.445930726918 
-3.020838464369 
-2.554051493731 
-2.277049711126 
-2.588757882440 
-2.543684671237 
-2.578761178030 
-3.365677685886 
-3.418907404045 
-3.151022421652 
-2.755978417036 
-3.342325948496 
-3.312443295711 
-3.387549046359 
-3.719206976091 
-3.966604596049 
-4.204778454096 
-3.657765909590 
-3.484287540645 
-3.359744415994 
-3.374972138513 
-2.964982202876 
-3.150258583738 
-3.879144525605 
-4.287290973191 
-4.105635247735 
-3.476653374954 
-4.212752806074 
-3.625758941644 
-3.303136666861 
-2.858301847370 
-2.767601364892 
-3.019733678107 
-4.070638138962 
-5.216897454545 
-3.967451316198 
-4.934696612303 
-4.064794445039 
-3.410256447405 
-3.559829996109 
-4.030775112946 
-3.800574223672 
-2.996193568565 
-3.869919578371 
-3.309537192157 
-4.467339325868 
-4.061970692720 
-4.247222999152 
-2.724427679856 
-3.695274878006 
-4.331976889041 
-3.938446356559 
-4.193818057098 
-3.069570255135 
-2.728896912293 
-2.929264803700 
-2.830924389886 
-3.795703329111 
-4.313801104583 
-3.985419749056 
-3.490283458197 
-3.362481464851 
-2.781067144148 
-3.183830463942 
-3.228015334146 
-3.396546222338 
-3.412167311896 
-2.852838811456 
-3.033236857968 
-2.792412313553 
-2.929413660890 
-2.967977581856 
-2.756756460207 
-2.465644519105 
-2.780854749099 
-2.799311322535 
-2.780718593411 
-3.028405363510 
-3.036571662476 
-3.113278775854 
-3.025128226549 
-3.701944341260 
-3.828085682607 
-4.549151272576 
-3.048948010705 
-2.962788492672 
-3.241094828557 
-3.393989081415 
-3.339019324541 
-2.733579833818 
-1.983699935986 
-2.748981128070 
-2.886723099413 
-3.384981005393 
-3.162450468945 
-2.622388603570 
-2.666799648339 
-2.842452741150 
-3.134687984286 
-2.823199342947 
-2.899262467689 
-2.978891824998 
-3.091451702859 
-2.661456010887 
-2.451556524249 
-2.708910513599 
-3.056357400261 
-3.764907434225 
-3.682166844062 
-3.653134271759 
-3.339606847800 
-3.341669722025 
-4.181989934455 
-3.670389415456 
-2.693560968351 
-3.192424244645 
-3.561438707614 
-3.479077021754 
-3.335724363679 
-3.569026876237 
-3.518594817218 
-3.301820413250 
-4.037362769261 
-2.541732967411 
-2.858811821764 
-3.079144990583 
-3.433684116564 
-3.588431660954 
-3.713080333162 
-3.289686937199 
-1.895939931466 
-2.085493751808 
-1.911123517948 
-2.066006039850 
-2.408349335595 
-2.746693947341 
-2.924458139986 
-2.922812951719 
-3.243957618595 
-3.408151004377 
-2.787125529395 
-2.541130435736 
-2.048565154545 
-2.647763882379 
-2.310476536755 
-3.008451515256 
-3.349122428327 
-3.533299967482 
-3.437111168314 
-3.922415060700 
-3.680291275562 
-3.788081128427 
-3.533491692987 
-3.481664632966 
-3.705257660640 
-3.512237669015 
-2.848012287892 
-3.226923693893 
-3.113288295473 
-3.217753186007 
-3.583300939705 
-3.356898381894 
-2.963147312161 
-3.219843710973 
-2.954960669948 
-3.726848327966 
-3.855101471701 
-3.071894417148 
-3.065796720044 
-2.658237411599 
-2.332608161370 
-2.762336925091 
-2.815720498271 
-2.762298671497 
-3.338033970838 
-3.101454123534 
-2.888530796568 
-2.844850030287 
-3.366267303524 
-2.516374360233 
-2.625113364725 
-2.773029819738 
-2.659392203783 
-2.274967748248 
-2.745213210901 
-2.676310704454 
-2.240768349175 
-2.639020731415 
-3.305419320709 
-3.680211797103 
-3.719196629263 
-3.337366958076 
-3.649699324030 
-3.608110747123 
-3.528981374074 
-4.644301273725 
-4.494591828206 
-5.186457769564 
-5.794893713338 
-4.232226978537 
-4.475065795664 
-4.084923597658 
-3.785551347397 
-3.301265521423 
-3.826819095602 
-3.665630221812 
-3.622666814116 
-3.979462010594 
-3.208335692409 
-3.973586559814 
-3.697961756841 
-3.401408270300 
-3.281443495738 
-3.094042375981 
-3.359698629497 
-3.693079623168 
-2.958564015455 
-3.781542058027 
-3.783786716269 
-4.111576114350 
-3.273221105177 
-3.055543489617 
-3.416019996281 
-3.823525873566 
-4.192182761158 
-4.067411234516 
-3.501534459588 
-3.187924204154 
-3.973173597411 
-4.249512515074 
-4.231134699457 
-3.841899902231 
-4.208726957296 
-3.337219185982 
-3.454204671175 
-2.951327784492 
-2.975000723853 
-3.060101599644 
-3.331947442953 
-1.941576895390 
-2.038889409223 
-2.104717695543 
-2.689786802585 
-2.790143003512 
-2.661677108423 
-3.339309080344 
-4.257096716934 
-3.055567357818 
-3.182182709759 
-3.237806776995 
-3.285134327149 
-3.345836146881 
-3.356513600858 
-3.270904496211 
-3.693769222037 
-3.668559116946 
-3.675065554903 
-3.880104674698 
-3.379207324207 
-3.433888558798 
-3.181519154393 
-3.711537308193 
-3.396153321544 
-2.358268504064 
-3.659233424508 
-3.008594317829 
-3.331125150000 
-3.775245540139 
-2.632701218966 
-3.708174384240 
-3.835419983127 
-3.335381650205 
-3.449349788267 
-3.811246382530 
-2.588055279681 
-3.009052491875 
-2.456581292575 
-2.522235441959 
-2.885496081882 
-2.692603103576 
-3.082575963789 
-2.942288263309 
-2.880150043836 
-3.162941569436 
-3.972766812852 
-3.800910221336 
-3.139150449159 
-3.081065657069 
-3.150479980271 
-2.837390855464 
-3.438590520300 
-3.359255220241 
-2.983616402667 
-3.300661188713 
-2.902079448228 
-3.442102584317 
-3.607521428819 
-3.020485127694 
-2.690072411379 
-2.794674490358 
-3.351640870508 
-2.798560652806 
-3.266042721615 
-4.839600019836 
-3.923559988332 
-3.243012487520 
-3.767554644226 
-3.701996549377 
-3.565975893962 
-3.738049905584 
-3.194724269991 
-3.595049100292 
-3.310522782775 
-3.727761250251 
-3.138166991241 
-2.522560346641 
-3.244232267149 
-3.398181047614 
-3.827065564326 
-4.041840442843 
-3.418194330788 
-3.402549690307 
-3.436113747002 
-2.871142013997 
-2.836515495994 
-3.776841625145 
-3.115969449799 
-3.503445096713 
-3.562272710490 
-3.325405098195 
-3.470071564151 
-3.477750121346 
-2.843179015228 
-2.151913222175 
-2.587604957307 
-2.431693755660 
-4.709976490301 
-3.691318098527 
-3.964775463566 
-3.275159609196 
-2.873715524353 
-2.645412617472 
-2.932001732644 
-3.044970397033 
-3.110283409944 
-3.833151040727 
-3.896833923983 
-2.662966142181 
-3.656309438011 
-3.985730852444 
-3.420539204444 
-3.621278117994 
-3.816116151151 
-3.559178750493 
-3.077891940918 
-2.256918392157 
-3.069916675701 
-2.591367601793 
-2.720044420797 
-2.162139825276 
-2.433143708248 
-2.857089431926 
-2.973013469296 
-2.819641413453 
-2.823876892038 
-2.712756727665 
-3.381909793551 
-3.298082118299 
-3.028318491195 
-3.614781723215 
-4.072820574234 
-3.985237649790 
-3.682140262703 
-3.256509161460 
-3.639748229243 
-3.474217580988 
-3.312803817619 
-2.849286955740 
-4.881386333937 
-3.043557144789 
-3.417368464486 
-3.998806423341 
-3.836833900600 
-3.638187641958 
-4.191606056732 
-4.307519973519 
-3.330562315237 
-3.156033546630 
-2.720064699509 
-2.701074065564 
-2.122924180095 
-2.728950920127 
-2.769933550602 
-2.793647305738 
-2.913640742754 
-2.504334810661 
-3.767972726517 
-3.010526834112 
-2.721948610833 
-2.703707552764 
-2.758397647673 
-2.827151913504 
-2.947451217960 
-2.402001115679 
-3.181086432141 
-3.795273378291 
-3.156472794340 
-3.620379100063 
-3.866077879718 
-3.043128477524 
-3.224082694739 
-3.306597158813 
-3.394610071622 
-2.799895435715 
-3.585844768912 
-3.529232733577 
-3.526495486570 
-3.254537385024 
-3.622477711470 
-2.818084491064 
-3.019767954120 
-3.076058722792 
-2.427778672709 
-2.636284047843 
-2.529975187535 
-2.744528988080 
-2.936992878184 
-3.311228840209 
-3.152955450974 
-4.141117846058 
-3.050814086587 
-3.295037869943 
-2.793083672762 
-3.892579764914 
-3.645693539800 
-3.649620772312 
-3.947625626382 
-3.477579827701 
-3.657420827042 
-4.291712408288 
-4.294776135386 
-3.587138598919 
-3.480059068546 
-4.559988232398 
-2.454639275148 
-2.817622085580 
-3.071469345950 
-2.842292291995 
-2.677436837216 
-2.345417694287 
-2.701874359385 
-1.894531452391 
-3.534303845603 
-3.487815133924 
-3.028501289735 
-2.799789983752 
-2.749105709102 
-2.786315232179 
-2.793368947050 
-2.869286977386 
-2.512736734635 
-2.523706612831 
-2.798468795316 
-2.846737742506 
-3.246708819479 
-2.822488163489 
-3.183049190800 
-2.880202615849 
-2.710872474417 
-3.470005117930 
-2.536018117862 
-3.145294849973 
-3.367544048470 
-3.543503050372 
-2.839423465516 
-3.402729240307 
-2.920355769857 
-2.481570765709 
-3.653845573433 
-3.249141595787 
-3.068502420549 
-3.273178132289 
-3.466494811364 
-3.781682791959 
-4.635157880057 
-4.358103587039 
-3.460417402388 
-3.380439592358 
-1.874208308047 
-2.736035712751 
-2.799382263803 
-2.595440157419 
-2.453200435508 
-2.268284542769 
-2.433863552297 
-2.898928235703 
-2.881424715987 
-2.393018582473 
-2.339730614037 
-2.362781345596 
-2.825070506092 
-2.893555151934 
-2.424530391837 
-2.411093323790 
-2.829755878151 
-2.879680933733 
-3.181515236869 
-2.901090975736 
-3.564123407848 
-3.098563926796 
-2.378967482718 
-2.565813407280 
-3.018651976261 
-3.220015556051 
-2.983143522465 
-2.711482952179 
-2.176307819510 
-2.380328294512 
-2.621366143458 
-2.461859350452 
-2.486082737589 
-2.989313500986 
-3.228216610785 
-2.674093039277 
-3.511301636677 
-3.953767985852 
-3.296011808964 
-3.113119200183 
-2.967423212539 
-3.283451694562 
-3.278865980201 
-3.916325839620 
-3.238702989416 
-3.703875977668 
-3.412756444573 
-2.640348615352 
-2.759199760528 
-2.849402237419 
-2.966666069482 
-3.041709396957 
-3.241676164116 
-4.377226244884 
-4.290877525161 
-4.640859145167 
-3.946574140077 
-3.696811390156 
-3.595603904321 
-3.630480941986 
-4.517211622112 
-4.146431897004 
-4.505833277895 
-5.915380010827 
-2.915715546202 
-3.320310276752 
-4.593064946356 
-4.189107450671 
-2.455387691249 
-3.103060118306 
-3.515292123025 
-3.348228339396 
-3.019702062637 
-2.924466302539 
-2.988745193209 
-2.664442270863 
-2.733734669048 
-3.327357966271 
-2.732116003300 
-2.895884680353 
-2.842665935012 
-2.637165155242 
-2.781845347727 
-3.181721405266 
-3.775125070850 
-3.389267868072 
-3.119304085856 
-3.317068742836 
-2.929078176079 
-3.459364086247 
-3.109012701871 
-3.020591817375 
-2.585227570851 
-4.122465032855 
-3.717182131916 
-3.901326291184 
-3.526306451280 
-3.089433519667 
-3.175240821239 
-2.471699229501 
-2.984762665974 
-2.867704856968 
-3.113017500817 
-3.311324568288 
-3.328463790936 
-3.463687269350 
-3.925401285161 
-4.028675785349 
-3.647032129895 
-4.337100455328 
-4.589100545399 
-4.182269525536 
-4.204532324328 
-4.793447075030 
-3.281888033601 
-4.246339410781 
-3.122860535428 
-4.102994005960 
-3.256885020021 
-3.135057873299 
-2.099333877202 
-2.540771066717 
-2.535554905174 
-3.718906483060 
-2.995053756553 
-3.252465937667 
-2.733163177166 
-3.243184009130 
-3.258543416604 
-3.420211918903 
-3.455726405493 
-4.034125258492 
-3.540010425638 
-4.055434457548 
-3.865202248113 
-4.188886013375 
-3.258405591116 
-3.222083505503 
-3.325780533208 
-2.899667844808 
-2.761756568777 
-2.817069936680 
-2.609057591094 
-3.106075283713 
-3.244539087519 
-3.347633476719 
-3.003289112414 
-2.989717757431 
-2.903046772643 
-3.369101324791 
-3.267907947377 
-3.097155092711 
-3.998517125417 
-3.791326173260 
-4.439985152011 
-4.085678124260 
-3.898950378299 
-3.708584321691 
-3.410317727658 
-2.704613027821 
-3.347515573794 
-3.368484265517 
-3.322563015259 
-3.975610790437 
-2.803148407910 
-3.594739105740 
-2.798709778060 
-3.102385213242 
-3.471967568575 
-2.710883041743 
-2.763586272043 
-2.706619836435 
-3.150333732053 
-2.774388343696 
-2.573572398473 
-2.182803267300 
-2.346553006217 
-2.744981469327 
-2.375740161296 
-2.686741409323 
-2.963487918035 
-3.007862146030 
-3.042548827688 
-2.262696831585 
-2.748556512239 
-2.516939293854 
-3.305036952731 
-3.674607891917 
-3.048174726080 
-2.914485235125 
-2.563282797770 
-2.636554231185 
-2.983318286614 
-2.759292485546 
-3.613729172590 
-3.277793829785 
-3.232149641341 
-3.775176387261 
-2.972457363116 
-2.995877666064 
-2.887761932891 
-2.936479727558 
-2.799654969736 
-2.945418966329 
-2.711845570880 
-2.676326751182 
-2.833740267503 
-3.391468375242 
-3.118648978041 
-4.130875231358 
-3.358347704666 
-3.025592786666 
-2.575829820958 
-3.387191552844 
-1.975884759966 
-2.966449395397 
-2.509184919934 
-3.773218725728 
-2.972946005819 
-3.518307082461 
-3.214417850120 
-3.247939432658 
-3.077481234105 
-2.916157256401 
-3.054442774761 
-2.987070819733 
-3.137865837641 
-3.192020000333 
-3.388342915183 
-3.418792395598 
-2.974631125963 
-2.892504904960 
-3.236508690960 
-2.875263225005 
-3.109414830187 
-3.402722011121 
-3.920545953305 
-3.434236584672 
-4.540107401184 
-4.461599094993 
-3.752560196216 
-3.288943880325 
-2.986745991642 
-3.099792006744 
-3.719104664702 
-3.690722409526 
-3.823897366253 
-2.653677119988 
-3.222238780634 
-3.571567622367 
-2.766263038200 
-3.380440216026 
-4.323724185874 
-2.744288548976 
-2.883774354315 
-4.249189096503 
-4.972599976836 
-4.539209642106 
-3.637240159563 
-3.907735931041 
-5.316635896162 
-4.460809838159 
-4.054170183236 
-3.591658617523 
-3.377851120118 
-3.745175675633 
-3.652463039110 
-3.828326239744 
-3.489073035551 
-2.892729530674 
-3.537133317749 
-3.823890796542 
-3.182244839848 
-3.577310727003 
-2.892119840330 
-2.500288417313 
-2.841281327742 
-3.034950533803 
-3.091214244290 
-3.151169861624 
-3.061026094975 
-3.321229539590 
-3.263369054586 
-2.761009396932 
-2.693074144119 
-3.207695432856 
-3.635055717728 
-3.174348790034 
-3.161432651548 
-3.254301555810 
-3.534900927022 
-2.602532737265 
-2.603632510261 
-4.124512672343 
-2.963160216146 
-4.233857304673 
-3.448683838974 
-3.476778244385 
-3.782600631015 
-3.838167699986 
-3.302490598216 
-2.974662849830 
-3.205772931983 
-3.344518977875 
-3.030941647254 
-2.785371740954 
-3.058980555647 
-3.099477037259 
-2.974257325207 
-3.352162142552 
-3.964612788736 
-3.354966667248 
-3.734066734077 
-3.241700600451 
-3.466958037404 
-3.463214223290 
-3.408886842567 
-3.188362549159 
-3.458674248926 
-3.388674440198 
-5.248578324771 
-4.581094868556 
-4.258589551434 
-3.695614137612 
-3.809926462936 
-3.096273092804 
-2.746058634521 
-3.065276673183 
-2.905951217393 
-3.040463501561 
-3.002446479992 
-3.973304234808 
-3.261582179885 
-2.384326425378 
-2.746732250118 
-2.831374969416 
-3.429065896329 
-3.002859661070 
-3.172659502271 
-3.681694735060 
-4.118919518368 
-3.726621353085 
-3.613620414968 
-4.295299089414 
-2.824872360898 
-2.942577330587 
-2.942052415137 
-2.967418602563 
-2.725444103511 
-2.969139575938 
-3.249440258108 
-2.734450838582 
-3.077722568264 
-3.396005124708 
-4.216400990150 
-4.003183519134 
-5.968547699796 
-4.026753713711 
-4.953957402033 
-4.637262246211 
-3.794739756533 
-3.548022534608 
-3.896661596655 
-3.856793486486 
-3.931733091645 
-3.975741323041 
-4.390424750349 
-3.688359395435 
-3.405335370003 
-3.254659775551 
-3.542661810357 
-2.680116012058 
-3.486764092044 
-3.157712242132 
-2.954981140313 
-3.476401532209 
-4.050630852202 
-3.426084919794 
-2.764837116052 
-4.073747404573 
-4.318302067388 
-3.554812957872 
-4.104163607107 
-4.156394681186 
-2.286938208355 
-2.332190509043 
-2.661569729452 
-2.593259366858 
-2.745969161684 
-3.401024207554 
-2.778620185299 
-2.697686242064 
-2.676572248663 
-2.592694768012 
-2.417423930094 
-2.042176879355 
-2.838729363874 
-2.610145702546 
-2.249933907752 
-2.316226969043 
-2.228319061969 
-2.716387410449 
-3.862440765816 
-4.210451647594 
-4.276307418019 
-4.432676248572 
-3.968288748230 
-3.852147783536 
-4.772215328810 
-3.814609784214 
-4.143029469564 
-3.596504033969 
-3.855056890711 
-4.657870987623 
-5.094706006491 
-4.851177665513 
-4.965951526070 
-4.683252375140 
-4.887451562899 
-4.208348808225 
-3.492455000364 
-3.581599305750 
-3.730970194919 
-3.638084973484 
-3.611074782108 
-3.435270616546 
-4.304763059797 
-3.992544083236 
-4.389660961264 
-4.956821674615 
-4.524611362308 
-4.103469036615 
-4.334137340330 
-3.580949494829 
-3.089532562665 
-3.527183362886 
-2.886207325170 
-3.018183171278 
-2.600964345790 
-3.578809434357 
-3.843581588655 
-3.855884876613 
-3.518657029729 
-2.390649156081 
-2.521577514307 
-2.495917367709 
-2.872515053330 
-2.916102849780 
-2.581117274564 
-2.743864713934 
-3.119395658661 
-3.637580978356 
-3.392953296779 
-3.276400967007 
-2.589215191584 
-3.310727617270 
-3.264195115754 
-3.545971085767 
-2.815184352281 
-3.508132982471 
-3.758451800538 
-4.735092167369 
-3.053294890952 
-3.016816083334 
-3.024087080879 
-3.203931745970 
-3.318877613008 
-2.643910196345 
-2.679275514858 
-3.082424709680 
-2.484121504706 
-2.665865280213 
-3.213236123522 
-3.079087452063 
-2.855000859677 
-2.827639255879 
-2.780404103478 
-3.192389515032 
-3.846018811481 
-4.241310116486 
-3.661546676091 
-3.432311355553 
-3.344490523801 
-3.445347631612 
-3.374384622391 
-3.229081976957 
-3.333188265072 
-3.286375790810 
-2.527318292073 
-2.720378622922 
-2.438306694156 
-2.579863047247 
-2.479495869786 
-2.161131550759 
-2.874304014974 
-2.896735766824 
-2.446174710490 
-2.398417932954 
-2.741030523932 
-2.866872091442 
-2.869465034002 
-3.027738749957 
-3.247746371329 
-3.268468139452 
-3.430942155297 
-3.508653566817 
-3.725062113760 
-3.439426449934 
-3.140170657259 
-3.858097265050 
-3.577698711462 
-3.799587990019 
-3.597423169472 
-2.744933377761 
-3.054043012350 
-3.574055700768 
-3.351436771681 
-3.091335345596 
-2.557058567654 
-3.039297896865 
-2.696863689241 
-3.589821666542 
-2.756775165476 
-3.985377464211 
-4.217701340564 
-6.069806196531 
-3.815798702145 
-3.350393785169 
-3.325529340412 
-3.328183630602 
-3.286585045066 
-3.067002878047 
-3.307857263355 
-3.064126047015 
-3.605320979639 
-3.617818640591 
-3.801965222547 
-3.820020797644 
-3.312660284510 
-3.276623658181 
-2.902415936773 
-2.507201253747 
-2.931631346830 
-2.834902229598 
-3.478166549959 
-3.157594517400 
-3.787654636953 
-3.414108136320 
-3.225686831768 
-2.624262914885 
-2.943504509946 
-3.136341584503 
-3.580183053044 
-2.713267688792 
-3.645252850172 
-2.719705071574 
-2.854561276566 
-3.498781540743 
-4.345589616904 
-4.318442742960 
-5.382081453213 
-4.653732656496 
-3.069945515572 
-3.501429367800 
-3.732163338596 
-2.760682809305 
-3.189066644921 
-3.195211370451 
-3.247328850629 
-2.746979438816 
-3.026639415903 
-3.144063994271 
-3.179727202353 
-3.083523315947 
-3.098807278523 
-2.879787258146 
-2.931953410802 
-2.371936870231 
-2.637114873305 
-2.683024659253 
-3.015866238662 
-2.706492196337 
-2.868357192038 
-2.593748429748 
-2.715923508426 
-2.753582086364 
-2.289433984586 
-3.354312584050 
-3.937849873043 
-3.801267423132 
-4.191109112051 
-3.614276783590 
-3.432360358109 
-3.806587127349 
-3.073921718969 
-3.529991574094 
-3.162871511646 
-3.356878914411 
-4.479212783713 
-2.771160754826 
-3.861247029679 
-3.331803667193 
-3.304601248227 
-3.278801932466 
-2.740007815202 
-2.818021510338 
-2.852094316030 
-3.654764745640 
-3.090207186952 
-2.592365293061 
-2.445220876137 
-2.674155203026 
-2.984408255516 
-2.443808853270 
-2.303945071702 
-2.343560208825 
-2.801080939298 
-2.830285685105 
-2.711032793637 
-2.334811555713 
-2.422823590503 
-2.624429199767 
-3.113204313607 
-2.813225626313 
-2.958634674045 
-3.035864788119 
-3.359762450342 
-2.412340305284 
-3.086016441773 
-2.792340518122 
-3.040681204351 
-3.082224656315 
-2.790063783289 
-3.641030704248 
-3.550633807658 
-2.974492195489 
-3.124393930043 
-2.248084223106 
-2.184886078765 
-2.343832758508 
-2.397078670333 
-2.408379569248 
-2.404680373161 
-2.332339293672 
-3.189961959676 
-3.097636888827 
-2.950784098374 
-2.964705386270 
-2.704233009781 
-3.415838405858 
-3.061532360751 
-3.109413896910 
-2.803052325447 
-3.104831910010 
-2.855796264091 
-2.814905724046 
-2.727215606284 
-2.539149117622 
-3.234816947574 
-3.954393022793 
-3.666165144980 
-3.460027048863 
-3.836824051729 
-3.937094828197 
-3.985135859786 
-3.871835904065 
-3.105174450376 
-3.209217972607 
-3.890243789790 
-3.390195897188 
-2.375267284865 
-2.759541088814 
-3.124386535060 
-3.036066830117 
-2.923722349663 
-3.159119291160 
-3.542101692827 
-3.474314690238 
-2.800752537250 
-3.103572061587 
-2.917315674960 
-2.790282943959 
-3.255814729259 
-3.109044796991 
-2.891607296029 
-3.598840917283 
-3.180214710753 
-3.095297752942 
-3.138186790420 
-3.336540535575 
-3.541278524409 
-3.576980535779 
-3.396409175989 
-4.051828679512 
-2.732169508758 
-3.619811883443 
-3.168883935561 
-2.555573250295 
-2.714043596992 
-1.975382144622 
-2.761900057512 
-3.663712606951 
-3.605557764852 
-2.896128801274 
-2.389840378778 
-2.938325145329 
-2.771972291226 
-2.889086171882 
-3.100458309057 
-2.781286564722 
-2.858200306434 
-3.080362447836 
-2.784290378287 
-2.425258655584 
-2.523731326870 
-2.848688771860 
-2.598573083999 
-2.725504035857 
-2.855208807241 
-3.196514124630 
-3.646121762538 
-2.375090127931 
-2.202806550088 
-2.595798654709 
-2.664472750830 
-2.747706506342 
-2.061596094033 
-2.609601740007 
-2.910300808566 
-4.512472503182 
-3.443467586563 
-3.320160613087 
-2.657973264685 
-2.541861720784 
-3.208059121284 
-3.888456169118 
-3.356208752466 
-3.634358045265 
-3.436036793331 
-2.881193383841 
-3.034462364314 
-3.096493775751 
-3.130196634264 
-3.366649286374 
-3.205284061333 
-4.051067234711 
-3.950196409225 
-4.232430935843 
-4.167473990528 
-3.780553946842 
-3.498974020689 
-3.214186062524 
-2.405321504106 
-2.827149297274 
-3.195870350374 
-3.244329471780 
-3.286563652674 
-3.411445728610 
-4.104637108180 
-4.758429900733 
-4.911064402938 
-4.058801917271 
-3.399039794149 
-3.426009122434 
-3.951948552044 
-3.602608872450 
-4.816116114830 
-4.086494665898 
-3.493891760653 
-3.542530827262 
-3.003936402960 
-2.862726102539 
-3.389088984950 
-3.246067635968 
-3.277642909193 
-3.765628906576 
-4.929723936436 
-4.875602151627 
-3.186192739817 
-2.562864222966 
-2.961255885641 
-2.555564733235 
-1.733730148689 
-2.871025142956 
-2.573248638699 
-2.793293656809 
-2.019073311108 
-4.580275620137 
-4.977282095562 
-4.605495229976 
-3.492369407908 
-3.268469449171 
-3.020616896827 
-3.236023697533 
-3.372519003667 
-3.234322467815 
-3.288136797654 
-2.660908686761 
-3.075146085310 
-2.505066014894 
-4.307367904074 
-3.288457923759 
-3.732530342424 
-3.549581829399 
-4.347324496545 
-3.802730555805 
-3.256758849246 
-2.926831846608 
-2.780588556608 
-4.188122760674 
-3.650854241651 
-3.479883914286 
-4.310386932586 
-2.817708340970 
-3.436713636456 
-2.835043480642 
-3.248813772193 
-3.321644057208 
-3.611180088420 
-3.571316218738 
-2.518741048834 
-2.801775980795 
-2.915956068814 
-3.519702662484 
-3.338675604537 
-3.222190824606 
-3.308899829724 
-2.917163761004 
-3.412347374503 
-2.415531644795 
-2.883904390182 
-3.141708194041 
-3.138825617338 
-4.101650183396 
-3.415277449073 
-3.442848335831 
-3.278394366920 
-2.781279025810 
-3.603367443132 
-4.421590214948 
-2.886763406252 
-2.551678145666 
-2.647077229431 
-2.557704136797 
-2.581731562520 
-2.356763893977 
-3.090165200014 
-2.839834637885 
-3.223594582384 
-2.577750831198 
-2.705341140518 
-2.893867675849 
-2.815026316967 
-2.990674319164 
-3.259344601508 
-3.407189912842 
-3.120931521712 
-3.592215988201 
-4.109530514184 
-3.421320746693 
-3.317137750289 
-3.071227390484 
-2.552642094229 
-2.785390017016 
-3.051078591488 
-3.240483058509 
-3.693641574682 
-3.699433149547 
-3.299534378786 
-3.742979852908 
-3.426698450919 
-3.146284753516 
-2.661057073957 
-2.965842627024 
-3.167248201296 
-3.087934914984 
-3.678304635017 
-4.113946798496 
-3.701657855599 
-4.512490788389 
-3.734317166867 
-3.786902015731 
-3.193021795443 
-3.380455721442 
-2.886109252804 
-2.633842892275 
-2.848438380916 
-3.378022477140 
-2.760046774190 
-2.866803105894 
-3.049917393792 
-3.215039303054 
-3.487192604643 
-3.015305756150 
-3.658368680222 
-3.635939787620 
-3.777808657971 
-3.735365049951 
-4.125980759524 
-2.931283063170 
-3.373942551978 
-3.837716082763 
-4.889818051074 
-4.161835290769 
-3.888005154745 
-3.675363652062 
-3.878106507280 
-3.191223468637 
-4.115116396462 
-3.768737351113 
-3.034564963394 
-3.137627937298 
-3.749377841365 
-3.329669318065 
-2.744692100416 
-3.206063289286 
-2.574129410231 
-2.912227464581 
-3.072118056007 
-3.148249435605 
-4.046046749094 
-3.315385969436 
-2.954717591229 
-3.860324761753 
-2.809835137853 
-2.090862134016 
-2.589028738721 
-2.662064582791 
-3.592227764189 
-3.275901846092 
-3.650104863639 
-3.572644406463 
-2.389273300228 
-2.543043585932 
-2.415295328570 
-2.399448814782 
-2.418001818040 
-2.448020866566 
-2.266096009507 
-3.076814766182 
-2.970678754700 
-2.428225353374 
-2.243959727382 
-2.794390033934 
-3.778537600483 
-3.170993242606 
-2.659317031479 
-3.123339994775 
-3.010315369013 
-2.583488734211 
-2.738316394213 
-2.553147298458 
-3.106064472561 
-3.209132473761 
-3.451786271372 
-3.032076902135 
-2.995456466933 
-3.297956227805 
-2.705443863537 
-2.715638218575 
-2.841549274675 
-3.507955792959 
-3.890422981072 
-3.591754720553 
-3.317072375918 
-3.144933712004 
-3.158564265503 
-2.968030344964 
-2.996292094979 
-2.868967701561 
-2.803525101402 
-3.056386839682 
-2.997743456621 
-3.042049034196 
-3.120014438935 
-2.824285999352 
-2.445245042686 
2.239312552453 
2.656285649235 
3.304285052124 
2.054539876574 
2.607933857899 
2.531691608486 
2.794995392123 
2.545834069701 
2.446232331020 
4.385177427025 
3.254052175388 
2.917698518178 
2.789476054340 
2.444818264836 
2.814219048062 
2.479701516821 
2.241054590467 
2.700285047442 
2.696505921972 
2.488888234838 
2.778647973639 
2.807612086702 
3.809186324931 
2.917256198901 
2.498321056681 
2.446621706431 
3.072842163815 
3.562431196550 
2.291991506537 
2.834155175654 
2.476068250133 
3.668295465661 
3.587982074905 
3.385844231926 
2.096200770160 
3.471758365844 
3.661218748963 
3.611455650976 
2.889323570078 
3.583344593438 
3.323109797390 
2.327172834594 
2.753191947419 
2.649968860398 
3.368095872072 
3.096250742707 
2.199522251237 
2.820121442040 
3.330699193918 
3.098886449841 
3.058168193788 
2.852380912932 
2.738696087629 
3.225441874790 
3.141316635495 
2.966928166790 
2.368427028649 
2.562574130259 
2.470448124427 
2.585639931771 
2.418408886557 
2.714378603950 
3.871498590832 
2.996687092075 
3.265923136104 
3.588739763338 
3.169827837167 
2.999473525956 
3.136056299890 
2.755966801338 
3.240718128348 
3.304982361688 
4.050091337771 
2.996678531725 
4.462059666860 
3.004694783793 
3.389873733986 
2.706514883864 
3.427234794161 
4.677788222148 
3.654815146498 
2.933581573703 
2.693955204314 
3.454282300700 
3.638964743067 
3.273676305538 
2.914847717233 
4.195441333686 
3.713201670999 
2.961501247987 
3.005338641274 
2.121098837802 
2.561840496575 
2.706073747643 
2.744560377462 
3.752130243796 
2.526158423741 
2.405427981126 
2.834326801072 
3.377471492735 
2.973943530827 
3.303073164838 
2.659867546316 
3.679565940662 
2.802030383030 
3.080216829071 
2.763058744500 
2.612998597045 
2.834375902517 
3.361603755917 
2.533956943983 
3.372003408602 
3.050801337143 
4.165684387006 
3.379031899818 
3.403718872861 
3.936447288018 
2.934878786233 
4.445049347036 
3.222714065281 
2.810445773852 
2.342531551986 
3.189510146573 
3.815332534592 
2.875178726121 
2.586089371434 
3.240344932485 
2.949339415337 
3.611630232183 
2.809569142494 
2.969104002156 
2.609573073939 
3.267752781071 
2.453816524469 
2.733509265225 
2.967996540864 
2.668252275783 
2.661826314417 
3.091948553288 
3.213327877551 
3.772807322475 
3.057871274318 
3.193234016650 
3.380192693301 
3.027494813632 
2.646758563340 
3.490442721472 
3.161791914160 
3.778964908546 
3.487545304625 
3.907781189992 
2.423345381069 
3.651142166246 
2.983844403454 
4.070836563214 
3.150999929403 
3.114157720589 
2.220480715348 
2.855725815711 
2.791676456340 
2.568249057213 
3.275503233087 
3.042190531395 
3.862224147046 
3.087279860497 
3.421173451072 
4.382937740621 
2.819730903014 
4.337706728418 
3.407484188637 
3.538181562014 
3.692857654773 
2.971698999403 
2.175985730638 
2.262092851052 
3.226235637852 
2.989879270434 
2.768124821862 
3.201324691046 
3.612493668140 
3.446836355184 
4.760086551558 
3.076656123193 
3.076747130098 
3.258031247669 
2.834764637611 
3.312924791360 
2.598277303381 
3.289355671241 
3.571090726936 
3.684176183816 
2.459608306411 
2.493340995212 
3.191152785588 
2.926353368935 
3.139047583050 
2.702117743011 
3.704955384023 
2.262863835493 
2.515937033911 
2.333113618532 
2.371897503454 
3.339592786474 
2.954301090598 
2.207489787241 
2.608057542178 
2.787716600508 
2.889816923594 
4.017968328684 
4.428832034760 
3.127663329774 
3.001330622626 
3.586427623267 
2.677455176996 
2.807752351914 
2.951207313530 
2.859254660168 
3.776509754060 
2.548661002189 
2.893585093769 
2.438495392010 
3.994727924705 
4.510785247697 
3.706993358328 
3.446576336595 
2.580220007783 
3.619347617502 
2.696241307554 
3.002305627893 
4.471284017428 
4.016825858708 
3.216775138152 
3.663648183217 
3.654682572926 
3.008026675808 
4.028098073848 
3.022483673436 
3.610890582673 
3.044966542845 
4.748611080694 
2.475802396649 
4.050036897401 
3.867115234188 
3.217082422400 
2.826206988424 
2.606790501241 
2.864894705296 
2.836396519208 
2.561121099981 
3.217513993638 
2.224103115294 
2.586911652776 
2.586096727967 
2.633041503584 
2.652011651086 
2.785455455966 
2.743073491870 
3.513698811251 
2.910915969072 
3.865775216555 
2.975809019805 
2.772687285686 
3.121094247659 
4.023443561301 
3.677801112956 
3.336788273633 
3.792264405550 
4.488065979178 
4.528593848095 
3.930647423303 
3.411626413747 
3.012927216045 
2.673392944076 
2.996280375485 
3.999523198564 
2.810856549971 
2.633884379558 
4.263876006355 
3.238726574446 
3.101915739602 
3.386911827772 
3.363746050513 
3.708117682922 
3.725429141287 
2.406139525664 
3.065094043450 
2.578775409781 
2.922931781900 
3.045601831767 
2.540984108934 
3.762656151858 
3.099658590598 
3.104913302145 
2.372804102117 
3.090970123271 
3.215488280837 
2.670963501043 
3.353312579876 
3.025734247766 
3.736166873841 
3.819618476885 
2.392960925934 
2.529996060020 
2.591407300775 
2.052109428994 
2.507714343853 
4.176666604647 
3.467452454345 
4.784587692040 
4.186133259678 
3.035510458559 
3.759459103948 
4.224767061206 
2.859955315651 
3.563557939288 
4.502238096268 
4.701990363219 
4.145351467652 
2.927268281988 
5.568073416540 
3.302286007160 
3.385161390954 
3.519956491309 
3.302274158354 
2.111128399170 
2.749086737555 
3.700069214286 
4.445994630244 
2.651581790237 
3.159241791148 
3.491038585737 
2.935981072431 
4.133686703128 
3.673966439458 
2.765244949031 
3.782001449071 
3.111158976977 
3.209132346209 
2.914743295763 
2.538201621383 
4.553628118446 
3.385452044409 
4.679349539245 
3.667979292076 
2.713992183977 
3.427684862708 
3.478996418968 
3.625980896871 
3.171355016374 
2.671581451804 
4.222291562197 
2.795054548358 
3.264170632391 
3.956145237105 
4.118897375943 
3.403005436056 
2.229088763722 
2.360228322819 
2.450061859312 
2.936444345255 
3.211309794436 
3.764114912388 
4.213694408389 
2.754471396324 
3.385034251053 
3.257810356695 
4.216821082902 
2.803245776144 
3.890024425943 
3.165668007525 
2.665263454404 
2.289082719838 
3.528988592473 
3.216467618333 
3.087534353138 
2.849583195248 
3.500744751112 
3.381096986280 
3.355678613156 
3.180022824616 
-3.296290388946 
-2.838375510509 
-4.396658630514 
-4.436243754274 
-3.495550920820 
-3.581623019330 
-3.601401232342 
-3.173243659897 
-2.351414361181 
-2.648365538945 
-3.170091549841 
-3.571779590403 
-2.250037531325 
-2.993008168884 
-2.501382056677 
-4.166990833463 
-3.540558308007 
-3.460118359493 
-3.875195829938 
-3.318988610998 
-2.397104145411 
-2.492730936413 
-2.415126719596 
-2.335351636875 
-2.020361146840 
-2.323895952808 
-2.256823407352 
-2.020724907611 
-2.288443834418 
-2.884891156829 
-3.149740716613 
-3.373186978821 
-3.048972398321 
-3.063030601049 
-2.851073721869 
-2.751392993801 
-3.355609907362 
-2.953576416364 
-3.364156462620 
-2.654016319745 
-3.104733661533 
-2.947051763103 
-2.853744477098 
-3.214975499741 
-3.052093746852 
-3.021530349511 
-3.202329949768 
-2.648510424022 
-3.124387537785 
-3.697399894564 
-4.029883594038 
-3.131355745693 
-3.122462124757 
-2.835909937466 
-2.583291410463 
-2.644642683104 
-3.073949038218 
-3.960360531705 
-3.933435419973 
-3.686903636422 
-3.048449579545 
-3.261783452943 
-3.706359893294 
-3.116657543539 
-3.118921484827 
-3.280979301566 
-3.354346753857 
-3.363503575253 
-3.219897044606 
-3.978967698498 
-4.081358583793 
-4.003982353242 
-3.576217135484 
-3.187091662461 
-2.585990324281 
-2.793204275574 
-2.726370622017 
-3.291213926452 
-3.240588069767 
-3.440545536020 
-2.926411719119 
-2.933947880670 
-3.384599430532 
-2.937859687184 
-3.049171561417 
-3.893860736623 
-3.243393235499 
-3.707406973936 
-3.914864978737 
-3.000914861280 
-3.056906078104 
-2.419498779431 
-2.679997318691 
-2.746663362091 
-2.255110543306 
-2.704110239322 
-2.692293727359 
-2.637960295268 
-3.020761196162 
-2.602948346862 
-3.111024641156 
-3.093241545557 
-2.992684210268 
-3.039944784866 
-3.273549359700 
-3.202736666508 
-2.987825579473 
-2.931739655827 
-3.185258259994 
-3.049841657157 
-3.146574178487 
-3.065135762149 
-2.235311435931 
-2.312467215816 
-2.726475367829 
-3.050082323519 
-2.649959022809 
-2.835150486436 
-2.857608079042 
-2.576854932175 
-2.402186147443 
-3.276563746835 
-2.932860499141 
-2.775828598367 
-3.168004974375 
-3.185146485047 
-2.572401842751 
-2.725448833029 
-2.524942928741 
-3.000903757842 
-2.578691688597 
-3.310208725097 
-3.275493298976 
-3.789408652224 
-3.172796227411 
-3.781860767787 
-3.534850982391 
-4.855531666676 
-3.704337626607 
-3.411562718964 
-2.919069529578 
-2.624137723881 
-3.069374641738 
-3.017259851877 
-3.073056868350 
-2.800038482899 
-2.428652098610 
-2.102482554351 
-2.688783623070 
-2.771004991047 
-2.757801340007 
-2.810720309403 
-2.918098383696 
-2.755464259876 
-3.011384384075 
-3.339086427687 
-4.077624432949 
-3.351949142465 
-2.945566856506 
-2.689773881564 
-2.946000091329 
-2.686627060490 
-3.148653227105 
-3.878510529451 
-3.635554880616 
-4.507582594552 
-3.520115729909 
-3.598911967680 
-3.166103576612 
-3.500072498900 
-3.369149618499 
-3.984280328474 
-3.300315868634 
-3.907863022386 
-3.728029825539 
-3.633952154480 
-2.992024352362 
-3.016817800105 
-2.309654140360 
-1.719820274332 
-2.248335494092 
-2.955843602647 
-3.215590647710 
-3.281825986586 
-3.463196131127 
-3.451785189061 
-4.263292192359 
-2.781081623201 
-2.874354600809 
-2.879160199714 
-3.562242779172 
-3.601992205137 
-3.272798513440 
-4.016627437579 
-3.660592049051 
-2.865956005121 
-2.982719846352 
-2.919266412627 
-3.072545999257 
-2.959497500924 
-2.761201071769 
-2.690678434108 
-2.669155387658 
-2.829450829655 
-3.980529293323 
-3.468585971709 
-2.274748073193 
-2.221333995055 
-3.139548012136 
-3.169362332700 
-3.361347079069 
-4.150406931370 
-3.551760284094 
-3.207559507697 
-3.281945281881 
-2.412097736728 
-3.360054894316 
-4.414185234054 
-3.470949574303 
-3.535884067664 
-3.214603070889 
-3.173977922820 
-3.934498578847 
-3.361972503698 
-3.778741522124 
-3.362483292399 
-2.894405239774 
-2.555269729828 
-3.127856218459 
-2.921363632575 
-2.939400667474 
-3.692865646886 
-4.453984697818 
-3.190619503472 
-2.755058078945 
-3.135279055983 
-2.507826095210 
-3.370047011087 
-3.820858429403 
-3.314990826028 
-3.473299641000 
-2.773713406188 
-2.658552411215 
-3.469410540358 
-3.428374609787 
-3.818851647268 
-3.227976429813 
-3.391294943708 
-2.771250643463 
-2.440004177250 
-3.351217297275 
-2.341758177963 
-2.462428895492 
-2.787802459112 
-3.157531141190 
-3.439720495264 
-2.892244638050 
-2.283730855481 
-2.604332087196 
-2.752294475402 
-3.970080942418 
-4.816522211688 
-3.629637004155 
-3.360782320006 
-2.937898299191 
-2.671619777668 
-2.873376872345 
-2.567847525470 
-2.173700035304 
-2.267558637921 
-2.564934745441 
-2.481732055681 
-2.694509515667 
-2.978075737313 
-3.431974535699 
-2.721118315344 
-2.646381318429 
-2.668567292500 
-2.933889612505 
-2.727120576788 
-2.608181132497 
-2.596784620408 
-2.986958608628 
-3.033984809023 
-2.862085005656 
-3.207088227297 
-3.417509633484 
-4.017086013444 
-4.346962111322 
-5.341303758908 
-5.314159029906 
-4.724018629870 
-5.376986410471 
-4.221886057328 
-3.982800677649 
-4.600339391039 
-4.234039100804 
-3.405851356350 
-3.204634544415 
-2.751844951770 
-2.764445636913 
-3.373592121211 
-3.456292004335 
-3.924445823032 
-3.534321828495 
-3.348225610161 
-3.124721962846 
-3.504010104018 
-2.466483622955 
-3.099902876266 
-2.460017487907 
-3.058922045981 
-3.347934784964 
-3.381127103642 
-3.296982510124 
-3.323147869066 
-3.946184411510 
-3.522728588316 
-3.147532809870 
-3.403872647413 
-3.010575266306 
-2.845614881302 
-3.324443326269 
-3.458280337553 
-3.243732951968 
-4.440833245987 
-3.952514633556 
-4.646495301056 
-3.969088169313 
-3.426103192470 
-3.405631686699 
-2.793223692108 
-2.964415710274 
-3.612754521094 
-3.642888244523 
-3.529722038984 
-3.294451738085 
-3.161388169625 
-2.802438873216 
-3.079088451639 
-2.904661553398 
-3.125697244147 
-4.751345756843 
-2.566551978833 
-3.016195513768 
-3.410658717011 
-3.414370325941 
-3.184879481716 
-2.967454269860 
-2.843121714916 
-3.136154068758 
-3.116741679311 
-2.725430197954 
-3.612381279765 
-3.380221483746 
-3.214707788696 
-3.162161773689 
-3.189831690347 
-3.337300902847 
-3.281443664013 
-3.063119592802 
-2.661225346338 
-2.883105395796 
-3.327771507248 
-4.185735796522 
-4.081761760114 
-3.290379718326 
-3.347810487858 
-3.770864956696 
-3.372258522426 
-3.154449389998 
-3.406794887357 
-2.952859580567 
-2.935009955047 
-3.127871240552 
-3.779370862783 
-3.705167692746 
-3.805146539847 
-3.643475342007 
-2.642345885570 
-2.589608108701 
-2.443295213582 
-3.965746043363 
-3.748346463429 
-3.779867595722 
-3.759404803551 
-3.299328606962 
-4.069817185433 
-3.694648821297 
-4.131827485203 
-4.385928438194 
-3.446210283510 
-2.983063129311 
-3.161817990784 
-2.531521440846 
-2.556098124843 
-2.914377768684 
-3.107860329956 
-2.525151591661 
-3.338548348365 
-3.557859161221 
-3.401229906469 
-2.737241691944 
-3.178970854277 
-3.348031567047 
-3.589055149544 
-3.083155848129 
-4.218888942755 
-3.890295499629 
-5.135058975737 
-3.268053023578 
-4.289138675482 
-3.568099263470 
-3.071469718389 
-3.492970710317 
-2.868315589000 
-2.821827463049 
-2.732231524911 
-2.560383377451 
-2.859471483314 
-3.602186297716 
-4.088947282549 
-3.778090185635 
-3.734968573762 
-3.634843701496 
-3.345622675067 
-3.471039389089 
-3.560768068501 
-3.024766014817 
-3.256257966852 
-2.991906374300 
-2.741297764300 
-3.292380806292 
-3.998540575069 
-4.317582841531 
-3.851675531759 
-4.326974343832 
-3.559664612464 
-3.489402428603 
-3.285479627757 
-3.498972877374 
-2.625839602674 
-2.766231777058 
-2.761974449719 
-4.193847381790 
-4.039220417107 
-3.455547626353 
-3.679826057311 
-3.548116862992 
-3.565443896136 
-3.233510470285 
-2.415586384451 
-2.331291903283 
-2.733957878714 
-2.847433479575 
-2.913043118325 
-2.536764132429 
-1.816237566613 
-3.004312179140 
-2.822903960565 
-3.350720473253 
-3.372618637854 
-3.565855343430 
-3.031242741439 
-2.904472805872 
-3.265785250711 
-2.378299629257 
-2.738067171342 
-4.593322039431 
-4.383459217117 
-3.567805124666 
-2.724899836254 
-2.836870630305 
-2.714028398869 
-2.776092915061 
-3.191779785645 
-3.192792106493 
-2.870149385870 
-2.372311053421 
-3.888340995171 
-3.746667038556 
-4.062285219939 
-4.430707095787 
-3.185922808410 
-2.696201493919 
-2.819273411128 
-3.084270475917 
-2.256822314420 
-2.391584598019 
-3.716830056676 
-3.013393026436 
-3.547092235846 
-2.718916059100 
-3.285410645484 
-3.360011239183 
-2.700046809091 
-2.647097846217 
-2.546455711561 
-2.150515525720 
-2.826905325138 
-2.844927540209 
-2.836567549243 
-2.495297974786 
-3.300817206723 
-3.669494033585 
-3.379702177206 
-3.128383732493 
-2.961268960158 
-3.675405547893 
-3.952973526670 
-3.490685889683 
-3.291340160658 
-3.220751854179 
-4.038761547454 
-3.950836475316 
-3.086390825643 
-2.842236152106 
-2.830459233529 
-2.529107316940 
-3.857707782601 
-4.843278479109 
-2.986157430551 
-3.155668504360 
-3.173424400531 
-4.072538647213 
-3.080547784315 
-3.773125356368 
-3.100627743909 
-3.270988693405 
-3.601168626938 
-3.124029431482 
-3.072377513655 
-2.974338064797 
-2.707379845000 
-2.349624990462 
-2.370670577441 
-2.149878248795 
-2.536775523210 
-2.853686951899 
-3.187661969792 
-2.893587871350 
-2.923874747391 
-2.928983345653 
-2.422495066341 
-2.512901393768 
-2.413251133252 
-2.949233912440 
-3.369818700932 
-3.303891926691 
-3.038591511530 
-2.673906637559 
-3.327967141284 
-3.587205327317 
-3.654757689140 
-4.079454550937 
-3.468850365734 
-4.388426152981 
-3.389514948053 
-2.539303014921 
-2.579694157973 
-2.422209885809 
-2.587418576893 
-3.293118912822 
-3.466052806798 
-4.044561751177 
-4.826901252533 
-4.939623561554 
-4.355845778475 
-4.335112398858 
-4.220782852801 
-2.280380512628 
-4.006414854296 
-3.040583200505 
-3.271992197444 
-2.296031898912 
-2.520336514119 
-2.170280741589 
-2.329597673251 
-2.256518840637 
-2.735155023571 
-2.942612315960 
-2.706688757032 
-2.838272044569 
-3.753024339454 
-3.391516805277 
-3.205492654679 
-3.107902680369 
-2.972665559885 
-3.855592413635 
-3.076233145563 
-3.017463533289 
-2.992285075890 
-3.137979350983 
-3.147406738719 
-3.009068256605 
-3.272707796542 
-3.282795647281 
-3.461036989039 
-3.332757351392 
-2.938361429499 
-3.440470281014 
-3.769980606167 
-3.293169202626 
-3.011737229570 
-3.735265579963 
-4.660239089884 
-4.716888580923 
-3.795810587956 
-4.092732814722 
-3.810566933834 
-3.076754576275 
-3.725404930893 
-3.596184322356 
-3.451400587630 
-2.759831767753 
-3.275777592224 
-2.619056993044 
-2.437685897114 
-2.696824253343 
-2.481969311861 
-2.834505610121 
-3.140701522540 
-2.887502697931 
-2.699818195601 
-2.774688494034 
-3.398751398445 
-3.540337643928 
-3.538100891314 
-2.805702998318 
-2.333174619354 
-2.615002553761 
-2.309693312099 
-2.173064882736 
-2.023971177472 
-2.108559000269 
-2.331652489829 
-2.541115958885 
-2.655443471968 
-2.821086948238 
-2.973215247224 
-3.398383609707 
-2.772278097524 
-2.896457018125 
-3.695149387809 
-3.546190093539 
-3.541916278001 
-3.374093946004 
-2.840171264257 
-4.093841681976 
-4.085987814051 
-3.501235176859 
-4.075945667071 
-4.063624794147 
-3.431913040562 
-3.332291476158 
-2.724942426666 
-2.698415316336 
-2.499595800900 
-2.725012070183 
-2.127685727678 
-2.830135831392 
-2.932004357976 
-2.537384615464 
-2.624990414757 
-2.629451008956 
-3.840605402006 
-3.957998791712 
-3.162191953296 
-2.198690871942 
-3.164862172695 
-3.070027426352 
-2.648578210706 
-3.132361375271 
-3.888638316803 
-4.422422744529 
-3.456296824120 
-4.916518827189 
-4.250863303064 
-3.628180409124 
-4.809866102308 
-3.712663813249 
-3.444339595240 
-2.952480227520 
-3.549053871640 
-3.085091679818 
-3.562940118883 
-3.979223477274 
-3.718735425400 
-4.134475282928 
-3.120260415098 
-3.818094835569 
-2.994404783569 
-2.837460781790 
-3.057438757459 
-3.877931070693 
-3.720315770620 
-2.891623839058 
-2.309102777454 
-2.228436342628 
-2.897412163861 
-3.204714210192 
-2.802880814276 
-2.765623580398 
-2.802281730418 
-2.900854852828 
-4.683785945036 
-3.614434378015 
-3.838561377395 
-3.947374618596 
-4.126385187631 
-4.294980232969 
-4.013097876068 
-4.303201781484 
-3.272517923136 
-3.199085292725 
-3.359573859565 
-4.076334548897 
-3.875499727545 
-5.603018978442 
-5.195590090519 
-4.282576280626 
-3.667137850140 
-3.562559846147 
-3.352645437715 
-3.232874290262 
-2.772681477288 
-3.429655370918 
-3.573887301980 
-2.804612628905 
-3.670281783136 
-3.617873003395 
-2.970007952278 
-3.312792988840 
-3.882538233352 
-2.479012408712 
-3.230299888569 
-2.860810301600 
-3.311922238002 
-3.314479902354 
-2.797611461436 
-2.680251554578 
-2.409974552968 
-2.684231014373 
-2.924251758659 
-2.524008999680 
-2.532685272988 
-2.330289887795 
-2.485733786444 
-2.604462059103 
-3.460682193050 
-3.486081327635 
-4.544630384008 
-3.658458596349 
-3.615301711964 
-3.230585394425 
-3.505941948955 
-3.064074757786 
-3.512016005358 
-2.864490029442 
-3.016049921048 
-3.707763418882 
-3.890040774754 
-3.554469079794 
-3.360496582888 
-3.775046278186 
-4.150604466215 
-3.750632759036 
-3.161811550634 
-2.291014068728 
-2.368436666676 
-3.037506717258 
-3.254160447151 
-2.586833866425 
-2.530155648328 
-2.794516825870 
-2.790895608711 
-2.988193599346 
-2.937720538795 
-2.557460048233 
-2.569383067054 
-2.395045713490 
-2.741716614587 
-2.649027255275 
-2.222489236612 
-2.663898009753 
-2.522050672290 
-2.524636144015 
-2.899197506258 
-3.082811012569 
-3.110601500989 
-2.366188519488 
-3.013945323644 
-3.779975375539 
-3.733302239799 
-4.028925697436 
-3.707124011991 
-3.358419179688 
-2.982835537979 
-3.258542953568 
-4.282078877658 
-3.080987819256 
-2.837617881869 
-3.479286542975 
-3.512459118395 
-4.272682017455 
-4.603814084813 
-3.690739666381 
-4.009960496248 
-3.432885332835 
-3.759560696179 
-3.998143652488 
-3.467123602913 
-3.744544117594 
-3.714882465170 
-3.459477463433 
-3.784122420899 
-3.997022623735 
-2.964436351687 
-2.992775124286 
-3.312296478439 
-3.608011550318 
-3.681723698677 
-3.625307967780 
-3.814343335794 
-3.010348671356 
-3.044678954698 
-3.323079732294 
-3.395734951689 
-2.836127713577 
-2.992636896827 
-2.435936901909 
-2.363018591697 
-2.388388080103 
-2.763143951881 
-2.815199385490 
-2.764130298342 
-3.314630461195 
-3.189646109591 
-3.878002123110 
-4.117833388008 
-3.740884122484 
-3.651711883956 
-3.581419770090 
-3.401625767902 
-2.744423002830 
-2.728245381122 
-2.971657654881 
-2.868454875094 
-2.793281287294 
-3.265178578147 
-4.230367143186 
-4.315551453176 
-4.419641655347 
-6.059051714278 
-5.484837258166 
-3.782162609895 
-2.617490262856 
-3.114064637366 
-2.977591999531 
-2.821851306795 
-2.654230817693 
-2.608152011416 
-2.601653626380 
-2.641628525236 
-3.528811733150 
-3.032672969820 
-4.580230143943 
-3.840894217273 
-4.214551560444 
-4.040128058216 
-3.874801770781 
-2.836529170961 
-4.008390015521 
-3.941990887830 
-3.755594619689 
-3.441704225248 
-3.564610196693 
-3.597617489409 
-3.160834090328 
-3.452391147329 
-3.532881839379 
-3.089318102669 
-3.030605559998 
-3.065743599040 
-4.110985821322 
-3.328165149244 
-3.549272737684 
-3.397350968781 
-3.850062197287 
-4.240209752667 
-3.395002992103 
-3.405724913623 
-3.288557327744 
-3.390898993581 
-3.320818442456 
-3.359276517231 
-4.462162343891 
-4.010058853357 
-3.929367789805 
-3.419281948903 
-3.996982317771 
-3.770066811639 
-3.323473053938 
-2.846202931334 
-3.484428708867 
-3.348746543673 
-3.853345404112 
-3.745468274467 
-4.756363023650 
-5.114649950222 
-2.259658282691 
-3.393991696731 
-3.098605143535 
-2.969259837029 
-3.353753092152 
-3.033212744582 
-2.770347855322 
-2.896409526634 
-2.972546601391 
-2.706406459094 
-2.867200918898 
-3.314691007982 
-3.370840834080 
-3.565794193795 
-4.021738679088 
-2.699766580947 
-3.101859771802 
-3.680752679591 
-3.186641983072 
-3.519806316457 
-3.658185828761 
-3.067864830431 
-2.746212953156 
-2.375631493290 
-2.638258445701 
-4.015116873186 
-4.058181178608 
-3.735141196191 
-4.435005875612 
-5.137037022810 
-4.834336154943 
-3.861760657158 
-4.392896183987 
-4.121336494103 
-3.386471262481 
-3.161911591050 
-2.973418830336 
-2.788755586845 
-3.129828213852 
-4.427143912882 
-4.005129574414 
-3.377773334982 
-3.298368165655 
-3.085915750746 
-3.820683859939 
-2.513256732435 
-2.629002203767 
-3.853378838935 
-5.100718386649 
-5.101580049641 
-3.458361418201 
-3.947737868105 
-4.786970380497 
-3.262566245884 
-2.690369538558 
-2.794710301288 
-2.596242991796 
-2.503945875172 
-2.752186440791 
-2.563733349578 
-3.649648399802 
-3.257230548647 
-3.066962030787 
-3.087079760279 
-2.740590248109 
-2.828594241134 
-2.789177113111 
-2.753494852144 
-2.490865230409 
-2.434932457754 
-2.295476523533 
-2.576445676275 
-2.703569825913 
-2.533398058876 
-2.528022187458 
-2.694545382585 
-2.580190335596 
-2.482344923264 
-3.039977672224 
-3.445054277739 
-3.376852631873 
-3.391507307433 
-3.849548607913 
-3.596379874712 
-2.936469199008 
-2.912126076541 
-2.343838313427 
-3.325589594810 
-3.565484731085 
-3.031600635666 
-3.443202607394 
-3.643554867743 
-3.978463723439 
-3.334552969865 
-2.948195215855 
-2.446738686550 
-2.407144373266 
-2.144197208190 
-2.160664616252 
-2.576982470698 
-3.001808831494 
-2.901805820653 
-2.376623850091 
-2.697919931396 
-3.643664786153 
-4.092596606659 
-3.658024479208 
-3.312213266083 
-2.517967749016 
-2.822779323632 
-2.776883247136 
-2.145451404078 
-2.542144205345 
-2.885720854698 
-2.930146843874 
-2.285262487301 
-2.411235157146 
-2.417750291106 
-2.606786200584 
-2.781642098600 
-2.387528832135 
-2.784728170250 
-3.012899530571 
-3.089536783573 
-2.640699857241 
-2.672672481798 
-3.219697740040 
-3.052634795025 
-3.600267393138 
-3.490008026298 
-2.670144822796 
-3.200120631914 
-3.406560546777 
-3.654965494491 
-3.824238049488 
-2.447455415938 
-3.363133666214 
-3.263007991853 
-3.036318086870 
-3.247954299443 
-3.254636706816 
-2.731228861264 
-3.234989771677 
-4.433277046474 
-3.814440286253 
-2.810198189951 
-3.316420718628 
-2.932197500249 
-3.613076795100 
-3.306542493978 
-2.881890143082 
-2.400389786025 
-3.005347363094 
-3.422707432449 
-3.269931973418 
-3.636407212163 
-3.595541040099 
-4.256451376406 
-4.009629264012 
-3.927502726633 
-3.990104620048 
-3.250670513074 
-4.365626497739 
-3.206146804167 
-3.497966511725 
-2.784013920822 
-3.356288678690 
-3.005547735221 
-2.799208005942 
-2.846553946426 
-2.859583086467 
-2.866713880077 
-3.388806344240 
-2.257994291857 
-2.645446950241 
-2.596153229727 
-2.925112083392 
-2.866009296087 
-2.227866033233 
-2.204537171168 
-2.782494731334 
-3.725727244598 
-2.781090129112 
-2.986649231262 
-3.531820535895 
-3.734818996175 
-3.502100707499 
-3.964891054230 
-2.507378358077 
-2.379939942753 
-2.450603315956 
-3.033856553886 
-3.043701088924 
-2.739905072083 
-2.739432631180 
-2.621822916648 
-2.852282500439 
-2.571794554951 
-2.713733351892 
-2.703423787799 
-2.926184371661 
-4.161562879908 
-3.409492404744 
-3.445274654219 
-2.577305423656 
-3.213259197316 
-3.828146644950 
-3.432185823440 
-3.430103524819 
-2.782378929078 
-2.801639765378 
-2.967186553159 
-3.038901136338 
-3.029730983452 
-3.110262982490 
-3.415568395519 
-3.371621287875 
-3.459401947661 
-3.112364383390 
-2.550213351111 
-2.442935070679 
-2.704820774500 
-2.704468782038 
-2.651762961188 
-2.830740882639 
-2.851390473629 
-2.916177673126 
-3.010936426112 
-3.036148822067 
-3.095917244018 
-3.390765887664 
-3.426252969301 
-4.905078855188 
-4.242324862527 
-4.026180151165 
-3.341076830758 
-2.891186508816 
-2.886467278196 
-3.067846393005 
-3.634594978773 
-3.177873790375 
-2.543468172954 
-3.036669394970 
-2.267703538638 
-3.069422364718 
-3.364263974241 
-3.951298022118 
-4.503774404087 
-4.158440275464 
-3.563871349523 
-3.439925868976 
-3.374646388361 
-3.331090161700 
-2.914602661479 
-3.441023024434 
-3.544227618122 
-3.361769338246 
-4.030735002654 
-3.437719526412 
-3.545494407960 
-3.186978354024 
-3.078140464490 
-3.740395537313 
-3.856492334125 
-3.713170013881 
-4.912485896869 
-3.253811849655 
-3.233782176104 
-3.161228038647 
-3.048820843243 
-2.389073065075 
-2.388441345274 
-2.766055617433 
-2.775966339917 
-2.659453702620 
-2.814355673333 
-2.860258977820 
-2.998500234208 
-3.230540747555 
-3.394035697496 
-2.748270177684 
-2.461470139637 
-2.560076815252 
-2.246675438837 
-3.531003580510 
-3.351796147105 
-2.700321500285 
-3.591519048831 
-3.773330321182 
-3.480746094158 
-2.483268017478 
-3.590889447336 
-3.633622537926 
-3.759954963338 
-3.322397704644 
-3.828678106880 
-3.130115598966 
-2.959661360982 
-3.553205139322 
-2.918067274304 
-3.627197722741 
-2.935390582407 
-2.654454316279 
-2.010097903588 
-2.130503028387 
-2.609302736492 
-2.614444699559 
-2.542300114226 
-2.373437162427 
-2.698662976230 
-2.742268526558 
-3.108447193405 
-3.200297898095 
-3.127142364798 
-3.593294040163 
-2.990188812525 
-3.429238558315 
-2.584535669682 
-2.735491987780 
-2.729817375212 
-3.061480379512 
-3.117619623975 
-3.862779991682 
-2.706103526057 
-3.023772743546 
-2.795779909695 
-2.903561955989 
-2.694036333020 
-3.620837931582 
-2.964547411478 
-3.288377173199 
-3.349280985060 
-3.893832255162 
-3.040489082741 
-3.010984502430 
-2.150302072312 
-2.509870683599 
-2.507210264368 
-2.337814243865 
-2.085315392748 
-2.525392922916 
-2.870364680161 
-2.946910597536 
-3.050275864233 
-3.548918430834 
-3.928965865154 
-3.735410898105 
-3.471924677010 
-3.388415806474 
-3.148628738509 
-3.144962184849 
-2.745804576666 
-2.775679414783 
-2.800925139727 
-2.577809089022 
-2.118183121131 
-2.181452157939 
-2.893870850967 
-2.834697004874 
-3.149880694112 
-2.792673461900 
-3.021438272796 
-2.661496781735 
-3.085538353757 
-3.414843572765 
-4.271596948817 
-3.010373776764 
-2.874201740268 
-2.970690469639 
-2.603755884384 
-2.688951363771 
-2.994356966875 
-2.245745870548 
-2.778945967974 
-3.262940438562 
-3.178873004803 
-2.461248283969 
-4.464570013798 
-3.220481567896 
-3.433923783275 
-3.481439396623 
-2.947320705325 
-2.686285472283 
-2.376039929934 
-2.867748872956 
-2.753434262232 
-2.485496986003 
-2.905945687560 
-2.774949147956 
-2.865840570847 
-3.241550164089 
-3.134752703760 
-3.072717980230 
-3.092540009380 
-3.794269253975 
-3.594843983968 
-3.459404948380 
-3.707373723297 
-2.533033182610 
-3.065833062000 
-3.618408822467 
-3.586039023897 
-3.001487547469 
-3.226754006030 
-2.800056398210 
-3.058383712120 
-3.901583633707 
-3.462086148446 
-3.482669797631 
-3.448073207877 
-3.768561598389 
-3.286931680947 
-2.836945626454 
-3.068305040024 
-3.517178045565 
-3.660680435538 
-3.811743768057 
-3.446090911477 
-3.543928648186 
-3.933947103574 
-3.075874073601 
-2.279695904939 
-2.881053888525 
-2.785175045609 
-2.401227355988 
-3.117937116073 
-2.941405635349 
-2.401289766202 
-3.538859791993 
-2.770932240232 
-3.194045706786 
-3.162892571086 
-3.484469193047 
-3.624194409520 
-2.804094519711 
-2.967508684691 
-3.637654895583 
-3.617630071852 
-3.813543218114 
-3.857334670843 
-3.762572480495 
-3.502916961906 
-3.773238990167 
-3.839350907650 
-4.022645459596 
-4.387579725440 
-3.765540306689 
-3.932024001252 
-3.654795550788 
-4.536641950798 
-4.051443192663 
-2.511825248296 
-2.513199208493 
-2.516694767110 
-2.155959647153 
-2.689120472980 
-2.547737973638 
-3.054180393713 
-3.606053502993 
-3.211866698939 
-2.733670027879 
-2.592863824754 
-2.226867113101 
-2.611675153121 
-2.346353847042 
-2.295904442036 
-2.558154813686 
-2.921454535143 
-2.681666842680 
-2.757818106348 
-2.240896716601 
-2.218841851503 
-3.062029887537 
-2.597130831518 
-2.871875993742 
-2.787887499219 
-2.955406019304 
-3.427242758632 
-3.564495518915 
-3.289066732931 
-2.969987278324 
-2.461193480715 
-2.537959549203 
-2.493063155743 
-2.650130776758 
-2.707022671209 
-2.935516804394 
-2.933711993714 
-4.192517668901 
-4.062850185063 
-3.706776250349 
-3.286369120226 
-2.515337566337 
-2.835743034031 
-2.995153943710 
-3.412414903993 
-3.455118890098 
-3.382531019089 
-4.783883285713 
-4.244731389257 
-2.962605105001 
-2.770534422197 
-2.958764167022 
-2.580753101478 
-2.636063931831 
-3.156355843388 
-2.065042679951 
-2.132695200314 
-2.677187177198 
-3.436590631110 
-3.603088877862 
-3.457125627064 
-4.432877717972 
-4.970593707929 
-4.054345137703 
-4.339501824485 
-3.293936819628 
-2.787715355062 
-2.595367970926 
-3.099092337140 
-3.364537143515 
-2.797894527436 
-3.872474364141 
-3.017662895780 
-3.118257380040 
-2.972715972216 
-2.549083661578 
-2.779278429392 
-3.244880309700 
-3.687263878978 
-4.383164538146 
-3.763519650102 
-3.647752581484 
-3.591550895489 
-3.670437908800 
-3.956990515470 
-4.364504693784 
-4.446192354237 
-3.563804234667 
-2.611693845872 
-2.678998658362 
-3.269176078149 
-3.397446400816 
-3.111499759746 
-3.636574177046 
-3.533482191488 
-3.533072461717 
-2.314589591642 
-2.367864298811 
-2.700040521100 
-2.468938860055 
-2.769589353136 
-2.897995732006 
-2.402479031647 
-2.607117359717 
-3.212160792896 
-3.289859752164 
-2.710292895251 
-2.955486471545 
-2.745965035762 
-2.900223801510 
-2.844823008145 
-2.767983026260 
-3.129512100073 
-2.352719452993 
-2.375045339590 
-3.250713284336 
-3.153966130073 
-2.987431699921 
-3.449014053351 
-3.476035325374 
-3.156022508398 
-3.237548460836 
-3.476256424817 
-3.330962373242 
-2.890077208795 
-2.720544493173 
-3.085431222890 
-3.346323611042 
-2.531490462489 
-2.678926153729 
-2.769798307492 
-3.082784212951 
-2.813700715336 
-2.937751337396 
-3.238687923281 
-3.112238387064 
-3.443122654811 
-3.432716600371 
-3.579537309070 
-2.790474204036 
-2.624041836017 
-2.552691265943 
-2.851174344135 
-2.206644442440 
-3.234797015735 
-3.315376733454 
-3.231445309210 
-2.884102471954 
-2.802322734957 
-2.765281651440 
-2.887256170506 
-2.453551295942 
-3.043016990424 
-4.433852534079 
-4.170550644865 
-3.832818628733 
-4.213371235447 
-4.059236113035 
-2.652379338310 
-3.569409651499 
-2.845437747148 
-2.745000773401 
-3.349698474296 
-2.803839955142 
-2.961427303532 
-2.592551184278 
-3.091765043785 
-3.085141670503 
-3.124066211236 
-3.277061280093 
-3.493985926157 
-3.878146265839 
-3.617651168231 
-3.756944349121 
-4.403361924241 
-2.479084226479 
-2.381854734192 
-2.360951988169 
-2.214142240429 
-2.317473075904 
-2.436211232126 
-3.105455752641 
-3.140233644176 
-2.546764606709 
-3.206330328796 
-2.770185861135 
-2.995018021085 
-4.663318787869 
-3.993306058274 
-3.802495683698 
-3.349142277129 
-3.398283141151 
-2.395216886550 
-2.568367717407 
-2.246764545826 
-2.445707485610 
-2.293380239044 
-2.819223546347 
-2.936258711605 
-4.527890623080 
-3.501019827045 
-3.229307583746 
-4.130225624484 
-3.672701909064 
-3.664235705165 
-3.674678095106 
-3.362243060027 
-2.701091075408 
-2.907885485179 
-3.160968078245 
-3.743636198283 
-2.199528327172 
-2.924235455361 
-2.902637522056 
-2.859788748305 
-3.311846310668 
-2.696093360646 
-3.092321654630 
-3.343585238917 
-3.283221089068 
-4.320149250830 
-3.570410895889 
-3.763466951886 
-3.645569579219 
-4.550712466787 
-3.717795360430 
-5.327546576898 
-4.428240621027 
-3.953230858398 
-2.975748220177 
-3.280760942046 
-3.403113197961 
-3.779183212915 
-2.866576866608 
-3.545163118522 
-4.093036782067 
-2.655677197097 
-2.949475165459 
-3.161245119955 
-3.181080051284 
-3.202964682932 
-3.083220780574 
-2.866690059566 
-3.135816648282 
-2.861208898787 
-2.598673183379 
-3.678113365587 
-2.822402246745 
-3.251165213345 
-2.767006286835 
-3.162895264721 
-3.270571380983 
-3.505683562983 
-3.146011522188 
-3.279299791200 
-2.775848452053 
-2.558499674074 
-2.738835010883 
-2.584526368626 
-3.577093370457 
-3.214486091889 
-3.151778581361 
-2.892728689471 
-3.251276139297 
-3.163812306213 
-3.112143427343 
-3.261291539997 
-3.780841388004 
-2.853168788380 
-2.783066857635 
-2.970623456438 
-2.470563641797 
-1.696784141397 
-2.255846566837 
-2.285782835729 
-2.357380084129 
-2.850621625142 
-2.817804621624 
-2.587309553445 
-2.998867084305 
-3.286307205978 
-3.252774150223 
-2.832370242682 
-2.919654207624 
-3.554363569962 
-3.295634107150 
-2.928587712142 
-3.171697752459 
-3.696320492097 
-3.808971898324 
-3.625405662193 
-2.897235106258 
-4.316590824490 
-4.582506555554 
-3.395025044096 
-2.945781063921 
-2.742454065467 
-2.641675495882 
-2.699955279366 
-2.585471281350 
-3.400022781266 
-4.164996266322 
-3.484614468186 
-4.600706462819 
-3.648695556118 
-3.714786791585 
-3.497491801913 
-3.066063167485 
-4.735728825878 
-4.138315310223 
-3.749335229595 
-2.982844591738 
-3.049275282617 
-3.253458096854 
-4.473117128485 
-3.284077334339 
-3.221470419495 
-3.613005280741 
-3.597588186300 
-2.940441085698 
-3.439406934034 
-2.621212860840 
-3.720083865512 
-4.729728773030 
-3.631737592624 
-3.301101932289 
-3.457395631371 
-3.270307227369 
-3.038660480592 
-2.852688525459 
-3.161571107461 
-3.560006556931 
-3.857564458788 
-3.123742473354 
-3.171512733569 
-3.144098902983 
-3.057780767132 
-2.205701001338 
-3.074533261241 
-3.148898328937 
-2.490064090375 
-2.794501542220 
-2.558781389067 
-2.663205886837 
-2.729764302164 
-2.730275739742 
-2.551396135973 
-2.290246485704 
-2.491170712678 
-2.251328420494 
-2.526759613124 
-2.679333915749 
-2.817139355434 
-2.659975068280 
-2.410364377371 
-2.564140577464 
-2.825304753175 
-3.048956457439 
-2.504448601605 
-2.915001535226 
-3.439835518454 
-3.619644059865 
-3.858856595565 
-4.480462190852 
-3.495945189790 
-2.422413323611 
-3.090306583776 
-2.568305755548 
-2.661847146999 
-2.761516490873 
-2.302669441312 
-2.617576413510 
-2.540931510449 
-2.427467085762 
-2.511068200463 
-2.237820218813 
-2.443400249841 
-2.525569308856 
-2.321213190201 
-3.086400457239 
-2.940507379762 
-3.535820791639 
-4.490214907720 
-3.938487358074 
-3.520249739707 
-3.849601176071 
-2.371700305783 
-3.329815589524 
-3.168479948775 
-3.821778035415 
-4.268698755725 
-4.326107105373 
-5.009665169430 
-4.922910887402 
-5.569363138542 
-3.976747632642 
-2.595284465780 
-3.420838332398 
-3.682413933502 
-4.410967055234 
-3.844119187320 
-3.106097627818 
-2.872030937340 
-3.604122137865 
-4.623732397566 
-3.944558147746 
-3.039237747239 
-3.076014782498 
-3.145627134367 
-3.167235847211 
-3.075305383964 
-3.059379508495 
-3.106339659606 
-3.276645779537 
-2.997771104172 
-3.169759078146 
-2.539541344845 
-3.135564434730 
-3.596900146929 
-3.287912875740 
-4.193043702707 
-2.720239685953 
-2.845965854786 
-2.590541827615 
-3.380424103531 
-3.414561293623 
-3.449967198968 
-2.865868220208 
-2.537102196898 
-2.725025488089 
-2.826968786675 
-2.428707868509 
-2.863135184125 
-2.569992487619 
-3.935384018261 
-2.959360508488 
-3.193148552061 
-3.475196640367 
-2.508118355626 
-2.982452948776 
-2.472738255130 
-3.329869966484 
-3.191729408190 
-3.898119687199 
-3.683108556623 
-3.850133059552 
-4.316024629303 
-3.730708504211 
-3.323490411512 
-3.535297731511 
-2.850099949365 
-3.204130710672 
-2.373710383008 
-2.369284165513 
-2.427812110472 
-2.531063332560 
-2.828484525498 
-3.044720428562 
-2.593148885319 
-2.875583452800 
-3.329508840677 
-2.854752765144 
-3.210562512828 
-4.071288333196 
-3.625016699074 
-2.416626715590 
-3.062264024094 
-2.728791707490 
-2.895013415764 
-2.852438238140 
-3.175563402597 
-3.993616691947 
-3.905754020743 
-3.223544390358 
-3.403556875168 
-4.454792913165 
-3.991759370801 
-3.840430058510 
-3.320193859605 
-3.665720366548 
-3.362185807638 
-3.961673930855 
-4.757384081245 
-4.940941908848 
-3.462331287078 
-3.463823262274 
-4.922882055931 
-4.712330461914 
-3.690016096932 
-3.817436085547 
-3.294339180620 
-3.436407423471 
-2.690819733171 
-2.770302916573 
-3.030997387042 
-2.396253519846 
-2.335085171652 
-2.752619055932 
-2.058642089597 
-3.075688828825 
-4.264454855597 
-3.783413384258 
-4.008792334124 
-3.934479020788 
-4.143737233163 
-4.258703959820 
-3.507944490653 
-3.438957325902 
-2.964990382734 
-2.441443011945 
-2.215888523153 
-2.499575993394 
-2.661609837144 
-2.720934287970 
-2.994199810153 
-3.090219015979 
-3.156712535777 
-3.435096866951 
-3.297610112614 
-2.375901392195 
-2.310914941109 
-3.766456944020 
-3.462396323307 
-2.802765859931 
-2.557708765552 
-2.835473125857 
-3.264059229087 
-3.145107559903 
-3.652199432720 
-3.557175016139 
-3.129627592461 
-2.543638772970 
-2.692110498759 
-4.332788203621 
-3.662322677726 
-3.589075849861 
-3.604368889469 
-3.560198954055 
-3.889917419748 
-3.143888231257 
-2.918329554860 
-3.244694028617 
-2.908256730273 
-2.823627681772 
-3.747768701083 
-4.205726436461 
-2.949686974567 
-2.875667219369 
-2.655072428104 
-2.724346544672 
-2.616971832082 
-2.604668880608 
-2.475477415454 
-2.938943505956 
-3.392821345970 
-4.024596088840 
-3.876829131647 
-4.479915152845 
-5.343345793582 
-3.821506409739 
-3.040298358764 
-2.656070540598 
-2.665200703035 
-2.478540564528 
-3.306528439929 
-3.024173975357 
-3.002982207334 
-2.969338081226 
-3.020076613690 
-3.208360200329 
-3.114765372735 
-3.458825778810 
-3.458551971632 
-4.403606176127 
-3.827956754542 
-3.591266652082 
-3.394743304208 
-2.998849746752 
-2.700605564928 
-3.050962278276 
-2.851316277975 
-3.631749230609 
-3.674306794957 
-2.857610570464 
-3.166742082376 
-3.066583544175 
-3.321145080986 
-3.473075099691 
-3.677784166803 
-3.711647168561 
-3.905487988091 
-3.492857025523 
-3.406384339407 
-3.415208012022 
-3.771848230601 
-4.233572047420 
-4.085144866161 
-3.415597058246 
-3.048943579303 
-3.321100655057 
-3.444505344144 
-3.195343158481 
-3.408111752329 
-2.877174426957 
-4.523064365288 
-4.878707920468 
-4.239054036744 
-3.649836791594 
-3.383863828484 
-3.105652557383 
-3.334875088747 
-2.808475709174 
-2.897628694082 
-3.214383767184 
-3.084128773170 
-3.430515350325 
-3.577458922587 
-3.574395015566 
-3.083820057912 
-3.131676334370 
-3.420079695781 
-3.621077247539 
-3.505574832677 
-3.864161630086 
-3.805396836223 
-3.915753569106 
-3.659452529481 
-3.506545294157 
-2.987202156610 
-2.858552247213 
-3.519636982776 
-3.479498312958 
-2.732669797200 
-2.610859706102 
-3.140884228013 
-3.604475919582 
-3.876102917151 
-2.728813404028 
-2.219143804398 
-2.454194761763 
-2.835547437795 
-2.321754762770 
-2.716326948207 
-2.795546540461 
-2.648201637424 
-3.097289163553 
-3.314345977764 
-3.215185568753 
-3.270878380686 
-3.602523740494 
-3.490396815071 
-3.350801004873 
-3.529771830488 
-3.261813458285 
-2.441131285333 
-2.314464609041 
-2.342838846183 
-2.831887183009 
-2.330465394252 
-2.209935838964 
-2.193938032433 
-3.949968699392 
-2.835174551318 
-2.850944007457 
-3.268527628818 
-3.658154346067 
-2.673006887163 
-3.447868057990 
-3.478300161479 
-2.997661147688 
-2.714447382981 
-2.752423662184 
-2.331767330008 
-3.804984303216 
-2.960243528673 
-2.517057137031 
-2.569694609198 
-2.707476760658 
-3.013310857808 
-3.462408927946 
-2.723801815553 
-3.039807544546 
-2.758868849434 
-3.587503836024 
-4.513791551720 
-4.533805358752 
-4.786877387454 
-4.494789367442 
-4.337412006789 
-4.231267387872 
-3.871374648202 
-3.482283203907 
-2.852266238955 
-3.231068735635 
-3.582541125579 
-3.194579916492 
-3.491141338277 
-3.318687422850 
-3.414854259471 
-2.932037014359 
-3.015871922308 
-2.875760482072 
-3.475208270651 
-3.051513529453 
-2.910686401115 
-2.818656769968 
-3.351191091851 
-2.946463171621 
-3.291978925562 
-3.436778918014 
-4.167368046333 
-4.165166356006 
-3.157314416640 
-3.197174568496 
-3.588023918638 
-2.518628640653 
-2.531660230488 
-2.703705140633 
-2.824660933252 
-2.299861276898 
-2.783685087389 
-2.818084164989 
-2.835892250740 
-2.683971128691 
-2.931253264907 
-2.061841290012 
-2.714531317332 
-2.669798724905 
-2.646512641283 
-2.739855933869 
-3.026333614424 
-3.252632930877 
-2.987125085967 
-2.634874589611 
-2.211230402228 
-2.959109516776 
-4.087143788670 
-3.368738346850 
-3.616097553326 
-3.651981911031 
-3.245518662702 
-2.639138422707 
-3.047731185573 
-2.750484438943 
-2.993685695778 
-2.599875100823 
-3.514278063830 
-2.820149829651 
-3.726672440564 
-3.083279550288 
-3.354247829836 
-3.968277021629 
-4.181909106277 
-4.255625710499 
-4.812184010502 
-3.589107222591 
-2.504680188469 
-3.070046257019 
-2.743448475728 
-2.773873713438 
-3.316000759731 
-2.571085015448 
-3.258745887493 
-3.048964338900 
-2.875107806155 
-3.527930212484 
-3.051051251812 
-3.122747581852 
-3.655625653160 
-5.035869528690 
-4.310713304541 
-4.029082242177 
-4.137453210123 
-4.509301299026 
-4.318332574491 
-3.540019524558 
-3.378036152334 
-3.351279752401 
-3.266057372871 
-3.002343790601 
-3.025906200561 
-3.098483455624 
-2.597391981793 
-2.411187009698 
-2.559328790037 
-2.870367500782 
-2.941683201405 
-2.332476236924 
-3.397522207606 
-3.658645321166 
-4.132090310613 
-3.717873440705 
-3.558851941284 
-3.244353314609 
-3.960655697437 
-4.058308957115 
-3.490312615849 
-2.919282451379 
-2.825272964240 
-3.376071601785 
-3.142526625415 
-3.648825666636 
-2.926372536682 
-2.932313004219 
-2.429655101868 
-2.544158437915 
-3.013175046859 
-2.715028582930 
-2.943336760302 
-2.452415589767 
-2.222212814277 
-2.906592295930 
-2.277049831667 
-2.488184371124 
-2.001045380483 
-2.925406356189 
-2.888935186088 
-2.920767919115 
-3.783358446684 
-3.769069973833 
-3.368413716459 
-3.653329844507 
-3.380693086007 
-3.820504867927 
-5.253383552209 
-3.807307912355 
-4.009174049794 
-3.908655902602 
-4.204448503001 
-3.231790839234 
-3.021350681750 
-2.832226660195 
-2.992964745841 
-2.733685915145 
-2.818674516925 
-3.262902180241 
-3.769940268839 
-3.654445101245 
-3.390446930391 
-3.251191004439 
-2.866375081060 
-3.750533431451 
-5.010793360089 
-3.624668976358 
-3.244865174319 
-3.565252318698 
-3.188683197673 
-3.121979909184 
-3.230909921830 
-3.458907781353 
-3.367723429920 
-3.280180373425 
-3.710630711627 
-4.147464835530 
-2.698182332643 
-3.151868551847 
-3.032651766030 
-2.647371045807 
-3.574409654898 
-3.893819986736 
-3.448501547542 
-3.222433499369 
-3.338577746015 
-2.730117387266 
-2.705359581667 
-2.847876962931 
-2.914606593529 
-2.463958305675 
-3.579717254440 
-4.271181085159 
-4.237749183399 
-4.513814906549 
-5.870055087389 
-3.616411119309 
-3.477884153979 
-4.294435971980 
-2.816835110742 
-2.493630516675 
-2.449926369675 
-2.846241124362 
-2.885225300254 
-3.274912619026 
-2.910910713200 
-2.635674445142 
-3.145513082907 
-3.279503294593 
-3.178094939898 
-2.546340785330 
-2.399647405793 
-2.572102446670 
-2.654482947722 
-2.566242936582 
-2.580466835945 
-2.815886328662 
-2.468995899359 
-2.463055060024 
-2.801409461961 
-2.781295400816 
-3.231485852550 
-3.425690594808 
-3.884415331407 
-4.307807562695 
-3.942039631453 
-4.116035071955 
-3.038576158375 
-3.324902005152 
-3.431166839325 
-3.665439422026 
-2.934386552240 
-2.845809080138 
-3.431584586047 
-3.333650084176 
-2.953234833662 
-4.238346569123 
-3.951528716508 
-3.453224582559 
-2.061135121619 
-2.294864464703 
-2.435296423510 
-2.738783612503 
-2.706387013355 
-3.294892290686 
-3.453666783133 
-4.334904005166 
-2.306992763405 
-2.989077929136 
-3.130614679756 
-3.391315451177 
-4.100957795122 
-3.350340579143 
-4.037938784783 
-3.280902609199 
-2.560109544751 
-2.615086540257 
-2.893436658212 
-3.227391040073 
-3.029850408197 
-3.115755788098 
-3.430169293737 
-3.046197974384 
-3.199499324597 
-3.330574618615 
-3.379432524534 
-2.551401690233 
-2.958854953801 
-2.971744503136 
-2.977732937946 
-3.101525106613 
-2.915970599817 
-2.658202383043 
-2.458111977430 
-2.579165384434 
-3.879535423636 
-3.951486433190 
-2.582163317270 
-3.420634471544 
-3.859612885397 
-2.623243011914 
-2.479356810790 
-2.870718101093 
-3.267029030352 
-3.476999814396 
-3.654474620726 
-2.787733524973 
-2.755877085119 
-2.598387753543 
-2.404631339644 
-2.135643661257 
-3.079412034059 
-2.856881939453 
-2.429370813825 
-2.435627115411 
-2.549754772722 
-2.639317801256 
-2.516816259928 
-2.042214122097 
-4.144081148110 
-3.737776490221 
-3.135870296436 
-3.193378671613 
-2.968087908544 
-3.543705397397 
-4.029124394837 
-2.695895184130 
-2.729613837993 
-2.959569916277 
-2.701572888977 
-3.122565156282 
-2.717557040602 
-2.834423841411 
-3.092079220225 
-2.841882551863 
-2.778166672688 
-2.918160385110 
-3.269587970802 
-3.387340377500 
-3.043766385574 
-2.862396252956 
-2.853973274693 
-3.177307613495 
-2.904914094659 
-3.768921857225 
-3.418026677171 
-3.338964562413 
-4.716514805942 
-4.448852439043 
-2.490221509774 
-2.116130354849 
-2.010320518452 
-2.043352425036 
-2.421417690759 
-2.510248298217 
-2.479046118075 
-3.238868899985 
-3.500455624112 
-3.446493752904 
-3.554720939510 
-3.461894006297 
-3.717592972027 
-3.335878481226 
-2.990728391264 
-2.838016180500 
-3.025157446643 
-3.155931429271 
-3.091330106278 
-3.057058031056 
-2.628451812729 
-2.524546173122 
-2.530094280967 
-3.140181327609 
-2.997748162046 
-2.367867127093 
-2.089173488098 
-2.765359565645 
-2.499515699530 
-2.789234160922 
-2.705757204527 
-3.702637737012 
-3.185406942933 
-3.726855630149 
-3.207227180281 
-2.600079859281 
-3.402752296992 
-2.918057724456 
-2.197552426007 
-2.525732202195 
-3.204060598685 
-3.032469483007 
-2.779313629181 
-3.030781357818 
-2.858788944664 
-2.867344268387 
-2.868342000840 
-2.802879372624 
-2.552943140436 
-2.588445815959 
-2.916622318478 
-2.816530941128 
-2.932672793522 
-2.177026798472 
-2.043990546286 
-2.486452241657 
-2.412323553284 
-2.382159607533 
-2.967809259960 
-3.791051202517 
-3.688810982903 
-2.941006239836 
-2.916868322386 
-3.242572658243 
-2.883901785689 
-2.893249902524 
-2.706531782713 
-3.356734077763 
-4.004691914486 
-3.482175219769 
-2.972286346886 
-2.911751830287 
-2.788440848451 
-3.034583372866 
-3.264651048489 
-3.633371307137 
-3.238007472882 
-3.139062127224 
-3.418582298238 
-2.825639915079 
-2.632850807340 
-3.183405134352 
-3.505611100259 
-3.483689273745 
-2.243057223699 
-2.258850171573 
-2.497456439127 
-2.980986761285 
-3.227295714353 
-3.221709399412 
-2.838954620640 
-2.990775493580 
-2.872290689682 
-2.856648435093 
-3.004321782215 
-3.648755272361 
-3.152579409219 
-3.322874566082 
-2.729274350570 
-3.934689509744 
-3.378262430036 
-3.417193433193 
-3.848071802521 
-3.312640094730 
-3.424763743437 
-3.119888076678 
-2.928066972815 
-2.768201507240 
-2.352574200608 
-2.410290724147 
-2.690272049840 
-2.488808505279 
-2.549910037376 
-2.583561629945 
-2.179993470388 
-2.178360635405 
-2.055935079508 
-3.217795172449 
-2.884266160034 
-2.751180277855 
-2.716069086070 
-3.648163017906 
-4.176322498214 
-3.768449707065 
-3.383443514945 
-4.035907079207 
-3.102056657972 
-2.999717286177 
-2.671809490590 
-3.119471981933 
-3.133902375721 
-2.068077125712 
-2.612191544866 
-2.621226138698 
-2.263192306682 
-2.160589416795 
-2.633858536315 
-3.006443228579 
-3.363664533265 
-3.454391121824 
-3.530849496144 
-2.664687017824 
-3.284187866755 
-2.896970681256 
-2.760079006425 
-2.533822160110 
-2.977870207532 
-2.307315491358 
-2.575005150072 
-2.366174065666 
-2.512861789700 
-2.129665101809 
-2.263551246494 
-2.014616655114 
-2.593051828942 
-2.312477106875 
-2.071707073360 
-2.739998127737 
-2.518626967298 
-2.182916217122 
-2.210608247619 
-2.571897520335 
-4.309144026278 
-4.067470806493 
-4.076118068936 
-4.278299727021 
-2.926970789574 
-2.996805364293 
-2.714552100921 
-2.687340858100 
-2.851952293085 
-2.731776378407 
-3.250703219233 
-3.845986923235 
-3.674594628621 
-3.252261405929 
-3.199107993541 
-2.866606703861 
-2.401194188165 
-2.242148579140 
-2.958868568593 
-3.803890108274 
-3.780606918773 
-3.791113788698 
-3.471552716273 
-3.242275757272 
-2.484295060866 
-3.031337918352 
-2.600350321462 
-2.677786987934 
-3.305317600110 
-4.039971814840 
-4.371075001883 
-3.750038336748 
-4.906266160959 
-5.078111595306 
-4.191207089096 
-4.598210705389 
-4.353512664747 
-3.378716923643 
-2.965093114564 
-3.135642523626 
-2.951402900663 
-2.817732234640 
-2.331047126451 
-2.953196718015 
-3.404999358040 
-3.284105107854 
-3.898846629812 
-3.356993250080 
-3.784308705177 
-3.769986407612 
-3.847523787931 
-2.747441411487 
-3.128969310775 
-2.804024079393 
-3.252733952917 
-2.323846672982 
-3.165948910496 
-3.390449042119 
-3.076132289722 
-3.332266254998 
-3.623093408121 
-4.118382852535 
-3.576473148827 
-3.027363245893 
-3.387613808858 
-3.221113244306 
-3.387446939282 
-3.474326004560 
-3.801038120071 
-3.671155607516 
-4.745046577936 
-4.549524006777 
-4.836699721597 
-2.990253877425 
-2.995390242459 
-3.429308824416 
-4.187502986180 
-4.407447638124 
-4.729806598676 
-3.394041394834 
-3.377525595494 
-3.082558260975 
-3.899155800935 
-4.475983558416 
-3.786705817872 
-3.139145420924 
-3.495436834668 
-2.997644669342 
-2.719144724073 
-2.995227452438 
-2.709120303397 
-2.919949373945 
-2.661590162501 
-3.184106685365 
-2.800499278528 
-2.895885422812 
-3.595028907122 
-3.706833963601 
-3.013160470744 
-3.130618072034 
-2.434989197438 
-2.753428735351 
-3.156819718404 
-2.845211861341 
-3.626632467678 
-3.573198242313 
-3.572233124492 
-3.602630743598 
-3.406207427592 
-3.212644536145 
-3.989633793928 
-3.233718567114 
-3.163518429132 
-3.218167240482 
-2.664243637991 
-2.193728686158 
-2.679765421917 
-2.742192653212 
-2.626168539179 
-3.074515094583 
-2.740663646420 
-2.455680487729 
-2.630757147631 
-3.126122536511 
-2.581289669479 
-3.480668938558 
-3.572483489417 
-3.674277553797 
-3.498410388846 
-3.670321367273 
-4.067127553271 
-4.788785566540 
-4.063841181278 
-3.698362773765 
-3.377560868113 
-3.359770014981 
-2.516082091359 
-2.599891949931 
-2.491696784837 
-2.717713902960 
-2.696426266533 
-2.372388295257 
-3.109299749035 
-2.891219772405 
-3.084863448985 
-2.896123859778 
-3.427660426933 
-3.699507596728 
-3.577095008788 
-3.540082399654 
-3.386971269283 
-3.364962310379 
-3.374401877566 
-3.491467562980 
-3.087916991364 
-3.350620015394 
-4.049168812594 
-4.174877681168 
-5.498185217302 
-6.425537636933 
-3.060505880097 
-2.901778096521 
-3.324477109647 
-4.255602154682 
-4.045792514565 
-2.671996813542 
-2.787869612985 
-2.893366329963 
-2.767645011178 
-2.835625771596 
-3.091135324602 
-3.007270750694 
-3.433118522433 
-3.565395530567 
-3.971050398746 
-4.210938112794 
-3.879083336604 
-3.425822317352 
-2.754036441273 
-2.879006555045 
-2.785590720617 
-4.310084840555 
-3.151459845892 
-2.242926327603 
-2.938777629029 
-2.578435434254 
-3.328734339997 
-3.121367733995 
-3.057622783824 
-3.760172004460 
-3.467342715097 
-3.867205884291 
-2.759583199811 
-3.048768850747 
-3.306122291422 
-3.474880340700 
-3.161409618040 
-3.039685351192 
-3.973441140156 
-3.722120022284 
-4.522801646912 
-3.808266771069 
-3.682629742672 
-3.631867176563 
-3.046095469908 
-2.772938626864 
-2.890882428909 
-2.542631864157 
-2.631741818023 
-2.667328732558 
-2.480180586692 
-2.698248873704 
-2.528544096075 
-3.212516891948 
-3.557751391794 
-3.774791862553 
-3.489259547231 
-3.567676427480 
-3.527851526177 
-2.971586436540 
-2.861922784521 
-2.551081925628 
-2.727301844932 
-3.034541884012 
-2.958453611680 
-3.455905026297 
-3.991123104324 
-3.984877204027 
-3.848427280130 
-3.861410494095 
-3.489378683484 
-2.825280029497 
-2.950000478241 
-4.053533788595 
-2.843138025228 
-2.629003861408 
-3.294632422039 
-3.116509525324 
-3.514707660089 
-2.952669004053 
-3.208684809942 
-2.708758144718 
-2.478628753553 
-2.707606074002 
-3.047052281058 
-3.756378520942 
-4.115622172448 
-3.403955621235 
-3.402031614401 
-2.811717512391 
-2.507120882688 
-3.182213354080 
-5.072778822076 
-4.631289564443 
-4.127520613676 
-3.990654232489 
-3.027971303261 
-2.949126978737 
-2.968573754923 
-3.548317066275 
-3.824044296471 
-3.650970631091 
-3.944900547847 
-5.000246244905 
-3.340079135883 
-3.367165146934 
-3.561301168128 
-3.199594331094 
-3.383030714574 
-3.109239233794 
-3.736840391327 
-4.152425437417 
-3.756336452617 
-3.660388467733 
-2.814419802510 
-2.977277579880 
-2.394211645459 
-3.250190836272 
-3.100145175928 
-2.670705446004 
-3.561391887689 
-2.806401903518 
-4.567716687537 
-3.837163478521 
-2.929708396541 
-2.983371159404 
-2.818464556429 
-3.481400735419 
-4.173158823531 
-2.824269538372 
-2.956406406562 
-3.117216358895 
-3.710443661228 
-3.224251546247 
-3.171141802758 
-2.805257495189 
-3.214570933564 
-3.476135533183 
-3.204626851093 
-3.336253851732 
-3.301504184527 
-3.602445952055 
-3.549982110648 
-3.332221978046 
-2.394512723406 
-2.355626642632 
-2.963476338037 
-4.905762669111 
-4.126245330835 
-4.045439797722 
-2.584183420857 
-3.790084636407 
-3.076017892761 
-3.255352931986 
-3.805115159180 
-3.678911230940 
-3.239214074772 
-2.791016511302 
-2.936841721734 
-2.448509736501 
-3.182898096698 
-3.062629414754 
-2.397864810618 
-2.729001094536 
-2.637335530832 
-2.662424553685 
-2.573184097089 
-2.646873885992 
-2.698365892709 
-3.376290429561 
-3.722929477415 
-4.475038650846 
-2.851759377876 
-3.147545458134 
-2.992052273349 
-2.877637157980 
-2.727002139665 
-2.455699732284 
-2.831685536268 
-2.984319513846 
-2.756707473700 
-3.452761845258 
-3.101806134467 
-3.491952006614 
-3.042337750307 
-3.447802395943 
-3.392036334783 
-3.116643279318 
-3.542590391512 
-3.649164194924 
-3.681945920989 
-3.796829001785 
-2.780333667217 
-2.670759222315 
-2.526689335557 
-3.109106977380 
-2.801941913753 
-2.671259285668 
-2.614962343740 
-2.962109263120 
-3.447143966170 
-3.521355973402 
-3.674782664233 
-3.599497050608 
-3.408662870988 
-3.807089841825 
-3.868953987190 
-3.449871423489 
-2.380216582959 
-2.721261662335 
-2.966484431578 
-2.838584275348 
-2.957429794157 
-2.938565993136 
-2.829257736865 
-3.118927515357 
-3.579934719548 
-3.038476150387 
-2.883008999268 
-2.806328309651 
-2.345277101122 
-2.307464968684 
-3.575705612999 
-3.870703409606 
-3.136070432114 
-2.076006399971 
-3.261154486523 
-2.886268091379 
-2.791427698605 
-2.461275002201 
-2.091461126774 
-2.395551732857 
-2.635132075265 
-4.068495143430 
-3.336327650910 
-3.505861984436 
-3.939812608743 
-4.026573234756 
-4.186333752909 
-3.429497399476 
-3.190234777669 
-3.068594447798 
-3.021249619519 
-3.733400756009 
-3.434578178302 
-2.866078433669 
-3.162261574661 
-4.054312481403 
-4.404401547865 
-4.136635255064 
-4.144127977322 
-4.070078325765 
-4.952429477010 
-4.573279312596 
-4.351426468166 
-3.976554824102 
-3.191933298915 
-2.968468971862 
-2.714381744824 
-3.109536907193 
-2.803834259607 
-3.683944114365 
-3.346946357137 
-3.070184326440 
-2.853361911549 
-2.376436053568 
-2.991761620111 
-2.787551650343 
-3.199415024152 
-3.993417118397 
-3.798323507814 
-3.117513926027 
-3.587373223389 
-3.070636945298 
-1.964858015983 
-2.456092630824 
-3.247990103990 
-2.797099643959 
-2.976002258982 
-2.906751983390 
-2.730056902591 
-2.900859269772 
-3.179858064792 
-3.033540055201 
-2.367242863258 
-2.949492037669 
-2.513139157698 
-1.896064716801 
-2.647598561621 
-2.641400672902 
-3.016612373216 
-3.057069358938 
-3.295145624856 
-2.708915778039 
-2.897082833224 
-2.968866158174 
-2.858668126939 
-2.533116400589 
-2.826834226582 
-2.501844063447 
-3.085377379052 
-4.544170423962 
-2.718827340411 
-2.605763896841 
-2.622943732996 
-3.080350117229 
-3.129087941865 
-3.541617244475 
-4.050463592742 
-4.216053246315 
-4.007116635716 
-3.542058776258 
-3.965001892455 
-3.762958727274 
-3.240550732668 
-3.742379910105 
-3.367707611913 
-2.973893422143 
-3.581183446848 
-3.409966006317 
-3.218749196136 
-5.576794891143 
-4.742135293161 
-4.315427354564 
-4.225413803142 
-3.670903749511 
-3.065778591700 
-4.130821622955 
-3.856313190306 
-3.105925474054 
-3.445457815905 
-3.264587169061 
-2.576431648875 
-2.682456335578 
-2.750215156808 
-2.704943925767 
-2.868621008647 
-2.839148479447 
-3.199391180885 
-2.777119071147 
-2.641057365880 
-3.645281329954 
-3.369754735230 
-3.124082326986 
-3.401435250235 
-3.411065099465 
-4.035466869454 
-3.842764515090 
-3.178613597591 
-3.369231023147 
-3.251356228468 
-2.900438761456 
-2.278864737393 
-2.278641418244 
-2.399529054792 
-2.958567831643 
-3.333906703988 
-2.943135464011 
-2.812331198518 
-3.354675316307 
-3.187757607198 
-3.622166434915 
-3.895187889573 
-3.989500523597 
-4.035234760844 
-3.325673192080 
-3.517816941782 
-3.415563739975 
-3.345324545232 
-4.085083275574 
-3.879102068764 
-3.637792270992 
-4.099806225489 
-4.201448157135 
-3.196394581105 
-3.623694005805 
-3.084889586079 
-3.054550071386 
-2.453365735494 
-2.326021107957 
-4.477996399896 
-4.145095969439 
-4.336804230228 
-3.997887004069 
-4.072341627792 
-4.046392335993 
-3.267883611874 
-2.346211925937 
-2.182015508124 
-3.194976647188 
-3.243531618328 
-3.862785346034 
-3.966996613743 
-3.913868262498 
-3.612709907149 
-3.160554849234 
-3.174332222370 
-2.669240039812 
-2.429713560137 
-2.738539648058 
-3.063048280152 
-2.509621041430 
-2.423601946505 
-2.521549407054 
-3.256863338562 
-2.758577907054 
-2.890704740352 
-2.961974992545 
-3.141290994733 
-2.707130737467 
-2.316531476581 
-3.320238187954 
-3.556849459902 
-3.554476593480 
-3.044145673242 
-2.996034383442 
-3.516096744069 
-3.338138179776 
-3.020841104060 
-2.898667061262 
-2.836523825970 
-2.787560295885 
-3.307226465645 
-5.182782539662 
-3.740671798481 
-3.408166678676 
-3.550528205955 
-3.370093091998 
-3.987612572567 
-4.162617900538 
-4.738524460178 
-3.548411904622 
-3.026728608428 
-3.063544219851 
-2.868842961169 
-2.386025892241 
-3.783834344527 
-3.095729201213 
-2.945124418052 
-3.030402584409 
-3.837824426837 
-3.344468389046 
-3.433934528982 
-4.559701201768 
-3.279379650254 
-2.378598839961 
-2.259801302509 
-2.385995758182 
-3.307016523974 
-3.899293092200 
-3.662203518793 
-4.245641844395 
-3.862412176666 
-3.882105571499 
-3.764432633747 
-3.301227916030 
-3.650847623336 
-3.548007326957 
-4.751555542568 
-4.503739584133 
-4.430142196164 
-3.942978636046 
-3.574236634403 
-3.162234312061 
-3.229452490551 
-2.914054904300 
-3.625791413293 
-3.775280802957 
-3.314227176333 
-3.375918194942 
-3.376278772900 
-3.435506379012 
-3.567396201852 
-3.476906640204 
-5.237216056690 
-4.888882681881 
-4.764888618214 
-3.128264632521 
-3.988224877353 
-3.606733507831 
-4.206971246815 
-3.481900347700 
-3.941953733693 
-4.758787677075 
-3.996083168456 
-3.737196794471 
-2.633754393190 
-3.735417302726 
-3.341946800733 
-2.831015133391 
-2.778150177233 
-2.545822611705 
-2.749174666134 
-2.883686340664 
-2.296453512897 
-2.347064550014 
-2.979435831487 
-2.709916650505 
-2.638679527756 
-2.588378537518 
-2.500926213592 
-2.712002048704 
-3.197000860629 
-3.072856354858 
-3.154967710144 
-2.897464646302 
-2.732498024063 
-2.577494773242 
-3.792566587582 
-3.475557557920 
-3.249316656872 
-2.872533279658 
-3.065383645188 
-3.940770195196 
-3.369184341263 
-3.547105790675 
-3.078683413652 
-2.971899390309 
-2.578227066086 
-2.879159779876 
-3.423522639805 
-3.293356258220 
-2.738165482377 
-2.794657068541 
-2.535867581004 
-3.455309723693 
-3.505516536824 
-3.286990640259 
-3.637085631445 
-4.197485717816 
-3.441910340506 
-3.604008874119 
-3.283768391379 
-3.337499825173 
-3.123304502112 
-3.010023092935 
-3.572548250451 
-2.828828299158 
-2.849815795113 
-3.250874337688 
-3.126414510768 
-3.614078912762 
-3.927700369293 
-3.742376302552 
-3.804301054206 
-3.385414651276 
-3.570323033528 
-3.854635666449 
-3.383325309715 
-3.550060173875 
-3.364411858050 
-3.261941087294 
-3.591917955916 
-3.764208641166 
-3.954845010404 
-2.337291879112 
-2.309599908053 
-2.226141955443 
-2.200167935999 
-2.519232460816 
-3.245949061177 
-3.493201147520 
-3.665326696868 
-4.042693374058 
-3.627703090636 
-4.062745756315 
-4.150384852025 
-4.159393955882 
-4.725094219467 
-4.680016447378 
-4.634052112835 
-3.202304870049 
-3.609123356564 
-3.671070965110 
-3.332416026981 
-2.646826536696 
-3.291592995390 
-4.015018532116 
-2.574991792473 
-3.980515007348 
-2.144293453155 
-2.691058838487 
-3.172467620752 
-3.516924591832 
-3.758010590461 
-3.552325578236 
-3.900315655926 
-3.570768962579 
-2.633197046955 
-3.082434953694 
-2.974864057086 
-3.631685606656 
-3.733193168841 
-2.585152180340 
-2.799244472994 
-2.398804970395 
-3.249352290086 
-3.173577684841 
-3.415850778184 
-3.616738187464 
-3.534140790135 
-3.382428239676 
-3.727611996576 
-3.340998692345 
-3.150772190056 
-3.573182840448 
-3.656351755193 
-3.363935306063 
-2.522203435088 
-2.261388198694 
-3.537470892140 
-4.150774817153 
-3.826251022287 
-2.701725684856 
-2.966427691836 
-3.129140388871 
-3.289117921216 
-3.538387705145 
-3.258638344413 
-3.258664038849 
-2.868225775487 
-2.783031242597 
-2.824014917736 
-2.859613238222 
-3.615022586963 
-3.471986558954 
-3.620808505761 
-3.848639332192 
-3.699397463978 
-3.255337941905 
-3.303643921195 
-3.398773353160 
-2.932336496570 
-3.423759118150 
-2.793262028749 
-2.644626439954 
-2.450323875633 
-2.245432375055 
-3.189296189531 
-3.309677734812 
-3.393400273056 
-3.726022811696 
-3.478977966806 
-3.174034228617 
-2.798823410225 
-2.815111825533 
-2.871221640236 
-2.921803409804 
-2.371607567352 
-2.481199751438 
-2.900531878054 
-3.154928178577 
-3.010246081855 
-2.689491238119 
-2.285771152551 
-2.347738680083 
-3.166000348118 
-3.288607049826 
-3.812714134916 
-3.724040616780 
-4.267189230449 
-4.605910768003 
-3.613201500855 
-3.378834069507 
-2.574148491600 
-2.263573179171 
-3.090220963198 
-2.696731882761 
-2.572170503881 
-2.511232771748 
-3.079351300518 
-3.037370202578 
-4.389259460357 
-4.024223912923 
-4.349802980475 
-3.209485813259 
-3.486309518667 
-3.380352345393 
-1.984571661352 
-3.719673693814 
-2.186496073061 
-2.278098805989 
-2.914295191248 
-3.105537997614 
-2.845793403979 
-3.570345727491 
-3.479270533359 
-3.115763861781 
-2.988937265451 
-3.353589055953 
-4.511298497558 
-4.929483657163 
-4.335882224440 
-4.098995742746 
-4.718439911676 
-3.409561579691 
-3.684474757073 
-3.519377876007 
-3.968783912129 
-3.069783026884 
-3.631955668317 
-2.804870630454 
-2.320080639753 
-2.583629090592 
-2.609937457637 
-2.880319763080 
-4.526737255496 
-4.129797037925 
-2.433125648633 
-3.172760746126 
-4.443906098556 
-3.711148047860 
-4.384683031498 
-5.640388240040 
-6.540005113904 
-5.601029375902 
-2.953398784801 
-4.288209724655 
-4.101722297510 
-3.297615731854 
-3.095587673738 
-5.284320711124 
-3.705232191225 
-5.577979534809 
-5.704908651666 
-6.620437836106 
-4.226739291443 
-3.464969700604 
-3.921307102546 
-4.098043023076 
-3.789155891011 
-3.003476375640 
-3.890278999720 
-2.605733262687 
-2.627225212633 
-3.813405747160 
-3.597477225735 
-3.536497432827 
-3.839570950020 
-2.444414283190 
-3.056192759707 
-4.780480729949 
-4.672774777868 
-3.716222484213 
-3.549353900177 
-2.502107869233 
-3.258591972796 
-3.212925337950 
-3.262596888722 
-3.325343235779 
-3.218463062068 
-3.018883323858 
-2.853589761220 
-3.183716366181 
-2.873228471110 
-3.068943165429 
-3.932930208694 
-4.202369230147 
-4.486823447161 
-4.032785720603 
-2.596254614869 
-2.941029616643 
-2.768919180255 
-4.066321303871 
-3.638986039605 
-3.122194564811 
-2.873699365346 
-3.223438845351 
-2.575109794915 
-2.987792763515 
-2.853947057030 
-2.810567525953 
-2.638412696114 
-2.622550390879 
-2.331843001249 
-2.252117004902 
-2.293227578572 
-3.026018662728 
-3.126026079220 
-3.151954725696 
-2.982785980085 
-3.102772562875 
-3.456086426520 
-3.563235290952 
-3.938327060067 
-3.364020240768 
-3.335557215410 
-3.207871207753 
-3.436005238689 
-3.643512357828 
-3.610753082366 
-3.514948155938 
-3.141610358630 
-3.233127052966 
-3.253431594984 
-2.887257114511 
-2.970474972476 
-2.876954808139 
-2.963772802540 
-2.901642751834 
-3.122802279027 
-2.808249358580 
-2.617099243436 
-2.628330268190 
-2.433242892030 
-2.705840131343 
-2.934137398270 
-3.644199549685 
-3.017811999026 
-3.056041515717 
-2.509661132917 
-2.721488740616 
-2.796327733185 
-3.848515447759 
-3.192480969038 
-3.306453711531 
-2.619440658963 
-3.297721932035 
-4.140499855442 
-3.371388115585 
-4.184381039186 
-4.154523386055 
-3.330851199218 
-3.075737720644 
-2.845036628405 
-2.933347353053 
-2.843697153174 
-2.894857988290 
-3.285502427378 
-3.057925830975 
-2.985733684811 
-2.539365652209 
-2.826506146538 
-1.894865377444 
-2.216555586093 
-2.427578399987 
-2.699135687428 
-3.059265751100 
-3.059740473061 
-3.139015298264 
-3.547505325095 
-3.302236435817 
-3.312122767716 
-3.405600047077 
-3.303009781123 
-2.950535670770 
-2.655564569084 
-3.364575376054 
-3.896676283594 
-3.953392207657 
-4.495852885663 
-3.152908119066 
-3.292982865594 
-4.114377008748 
-4.284370021745 
-3.779725796369 
-4.789144276757 
-4.116437472331 
-4.192608317051 
-4.433158193014 
-3.664917945898 
-3.795213660926 
-4.087452389691 
-4.708012492885 
-5.458851572463 
-3.735472245046 
-4.522905191748 
-4.193311996382 
-4.770038834852 
-5.009977058325 
-5.334330128685 
-4.212374522352 
-4.064343125210 
-4.016673015111 
-4.037741853747 
-3.834701628282 
-3.836613051172 
-2.721585871502 
-2.944534869092 
-3.251851494506 
-3.525100921307 
-3.869353842849 
-3.344469557238 
-3.193080971198 
-3.247882357010 
-3.545922337077 
-3.295160451620 
-4.015247795834 
-4.523937595543 
-4.794563265778 
-4.018610839880 
-2.857805107648 
-2.906278677575 
-2.819156567620 
-2.539271301739 
-3.079270072022 
-3.396885812116 
-3.365643667074 
-3.149903733117 
-3.013325343609 
-4.124348434077 
-3.807506353438 
-2.831137231827 
-2.938140812579 
-2.848701651450 
-3.136420042568 
-2.973640292086 
-2.923621382613 
-2.874105272544 
-2.542829091093 
-2.793642955198 
-2.638344927907 
-2.588330731141 
-2.429096005253 
-2.116658393252 
-2.566544218206 
-2.652977802205 
-2.745001499011 
-2.604971145982 
-3.134039490267 
-2.390531228051 
-2.372280982406 
-2.195630919905 
-2.348294547767 
-3.048938264731 
-2.855248391859 
-3.131291916277 
-3.505274540799 
-3.885306694670 
-3.623602539101 
-3.540639725273 
-2.940673440557 
-3.032962780723 
-4.031002675916 
-3.320041868960 
-3.782827341654 
-2.544823848640 
-3.118875984147 
-3.953566369283 
-4.396313137532 
-4.035621633452 
-3.440728973656 
-3.477688845357 
-2.897666379594 
-3.041301404374 
-2.881432920847 
-2.557638116970 
-2.258535073715 
-2.144739185968 
-2.575020040224 
-2.632611372717 
-2.937066590593 
-3.567129437028 
-3.504557378510 
-3.169554580906 
-3.710507505296 
-2.794882671937 
-4.047205470421 
-4.488130433028 
-3.652528432499 
-2.846237399966 
-3.113844946594 
-3.142887296015 
-3.953099787792 
-3.359571816908 
-6.633321840552 
-5.627444763657 
-4.441832420147 
-4.523636690659 
-5.602952385420 
-6.089905431199 
-4.146619540616 
-3.540832050333 
-2.810137918507 
-3.236929090068 
-3.234258644102 
-4.293017885388 
-4.100636101384 
-4.255644786635 
-3.203905097524 
-3.311395833674 
-3.964405813927 
-3.362494774228 
-3.087879945793 
-2.524570584292 
-2.306444096622 
-2.187375508785 
-2.717505377801 
-3.261926809556 
-3.229720801858 
-2.897678406502 
-2.902741286330 
-2.309458424302 
-2.571948314777 
-2.292632375021 
-2.971858328176 
-3.069004100159 
-4.262124575611 
-4.420393655550 
-4.203284260414 
-5.505605078502 
-4.615137279499 
-4.244288031992 
-4.212935001595 
-4.353588733725 
-3.835496868208 
-3.842654343111 
-4.379927440399 
-3.222677191229 
-2.953250882776 
-2.576498542525 
-2.403356921059 
-2.244055145289 
-2.696479185635 
-3.014440426565 
-2.661563307471 
-3.517051442809 
-3.051629521071 
-2.599727007759 
-1.944856226933 
-2.196939846212 
-2.209569802910 
-2.490619860776 
-2.231374496983 
-2.311989291866 
-3.457528947749 
-3.458936545692 
-3.742414265059 
-3.391755364126 
-3.112192928669 
-3.119932533538 
-3.445137807217 
-3.526624580304 
-2.803857190876 
-2.645925913491 
-2.333235724692 
-3.238802674597 
-3.070184722221 
-2.949613447644 
-4.726659314545 
-4.704750544953 
-3.594771266127 
-3.496673779087 
-3.723653932906 
-3.969955798112 
-4.692797897818 
-5.007787953909 
-2.510667689405 
-3.374943694417 
-4.375757900833 
-5.770761367133 
-3.639727763216 
-4.230965356479 
-2.857529447510 
-2.265408806946 
-2.398876771930 
-2.533487537986 
-2.846521473786 
-2.660888118977 
-4.170254501240 
-2.895051927185 
-2.630766522729 
-2.159721462921 
-2.635710219007 
-1.881819896072 
-2.632785061642 
-2.502921852102 
-3.500578450193 
-3.097257236244 
-3.002664340638 
-2.528995007787 
-3.049253897592 
-2.960562731803 
-2.911210521988 
-3.142933103612 
-3.372195048886 
-3.146937939923 
-2.860016846453 
-2.314249339628 
-4.563795352039 
-3.755985800994 
-2.847822775108 
-3.548463754352 
-3.977636668016 
-4.859548684757 
-4.348720228100 
-4.307182423904 
-4.152412739823 
-4.204206168791 
-3.464756269045 
-2.575284216119 
-3.748024050227 
-4.165381664936 
-3.594752352885 
-4.049689809301 
-4.002249539395 
-3.804836642501 
-3.539018955583 
-2.974169185603 
-2.954240536801 
-2.585677288630 
-4.026085756462 
-3.526683123160 
-4.934763617467 
-3.848480612211 
-3.843717327973 
-3.928715180560 
-3.464389079512 
-3.448688371625 
-3.717885926141 
-4.141922069894 
-3.433318289456 
-2.707439309196 
-3.594293774704 
-3.018407571688 
-2.960211390822 
-3.526154335989 
-3.225363710058 
-2.989404308573 
-3.992701522202 
-3.864466747022 
-2.778932235579 
-2.747847075006 
-3.019154396367 
-2.601963560372 
-2.118094282581 
-2.482984374949 
-2.210241821312 
-2.813308969373 
-3.210905706611 
-3.503615338396 
-3.215251247631 
-3.052234261807 
-3.049205932616 
-2.739503133257 
-2.968067133399 
-3.485284163064 
-3.339924667526 
-3.382583333882 
-3.460437979086 
-3.088167919108 
-3.835420812794 
-3.759727016347 
-3.324294618027 
-3.075965495965 
-3.276718003129 
-3.192351262985 
-3.649553103790 
-2.787227313719 
-2.740312449097 
-2.883877405569 
-2.814466030209 
-2.686477661177 
-1.951303697135 
-2.359897345844 
-3.153710762655 
-3.215198285524 
-3.081135746994 
-3.611119813679 
-3.505886233798 
-3.246766971441 
-2.993346648713 
-3.501301462243 
-2.970784628167 
-3.693432619446 
-3.369069108517 
-4.035809512099 
-4.347987741724 
-3.536341912502 
-3.142260185498 
-3.055037862043 
-3.286170236478 
-2.734779944588 
-2.755800209962 
-2.622181454683 
-2.438800357735 
-2.385002096209 
-2.690205712438 
-2.943174784512 
-2.608284187103 
-2.646716869313 
-2.869072263471 
-2.899184467929 
-3.590896524820 
-3.536474318500 
-3.387838756933 
-3.468682526934 
-3.126599035367 
-3.104519650677 
-3.518082549862 
-4.527504805334 
-3.000675130206 
-2.946354777681 
-2.916223765437 
-3.632536844305 
-2.908399870275 
-3.108140230035 
-2.390039374831 
-2.990867545296 
-3.468428279796 
-3.091130762596 
-2.952864277548 
-3.207668066670 
-2.678033539617 
-3.058978690127 
-2.116110512732 
-2.535704171579 
-3.022423492767 
-3.091748752396 
-2.993799619573 
-3.422323096060 
-4.420007286912 
-4.350724289910 
-4.226256072513 
-4.005748922099 
-3.484617531933 
-3.393546942242 
-3.379559041128 
-2.725507691061 
-2.325143857987 
-2.691808805799 
-2.821956036219 
-2.828102731774 
-2.984933865305 
-2.419879093703 
-2.425155932889 
-2.832150225856 
-2.739143985633 
-2.217375500628 
-1.966295436072 
-3.232052351258 
-2.828449763607 
-1.426100656807 
-3.885686827071 
-4.123770046491 
-3.562294568605 
-4.044846499337 
-3.150163130345 
-3.323778000340 
-3.349352216911 
-3.968272239799 
-3.595599039193 
-3.377778662384 
-3.307633026587 
-3.634118591387 
-3.029034475340 
-3.959950222850 
-3.706943372821 
-3.485164022347 
-3.990630731307 
-4.033830386022 
-3.946924002800 
-3.133380752728 
-3.257126918014 
-3.917343925084 
-3.864105602379 
-5.539701734509 
-4.332878463434 
-3.783223201065 
-3.645337388283 
-3.603374780451 
-3.889312557015 
-2.557006614996 
-2.198651148184 
-2.032958831054 
-2.470497328036 
-2.669267841943 
-2.634062244548 
-3.230231472737 
-3.055240011273 
-2.893203489391 
-3.037069016143 
-2.647934499601 
-2.559866904268 
-2.765764237249 
-2.518520509124 
-3.329959305478 
-3.247746218652 
-3.443342320640 
-2.877349479838 
-4.026562447869 
-4.174296519043 
-5.439302768189 
-4.431507562503 
-4.406979286075 
-4.108966611320 
-4.340175422427 
-6.435951136115 
-4.801467913964 
-4.083541603969 
-4.125574700273 
-4.006310656770 
-4.523365876592 
-4.039886143034 
-4.063538764691 
-4.140167579873 
-3.427787797231 
-3.143163993433 
-2.892696323489 
-3.898296035184 
-3.766999572796 
-3.401384467007 
-3.589309242149 
-3.442550661268 
-3.725770291258 
-3.806233358927 
-3.423362708019 
-3.377471820753 
-2.769351353103 
-2.621685067136 
-2.150925463601 
-2.339800632524 
-2.798062075059 
-2.752846237869 
-2.546245392366 
-2.663679188660 
-3.452298518701 
-3.481994933392 
-3.474909419288 
-2.135358948063 
-3.977125488247 
-4.169357334300 
-4.790845498782 
-3.203609100222 
-3.127480753257 
-2.892833813873 
-3.521038808584 
-3.312709416172 
-3.097454183870 
-2.752475180783 
-3.311374973708 
-3.343822335343 
-3.277689042628 
-3.965280123227 
-4.166785001989 
-3.333443836647 
-4.105164517505 
-1.928238955915 
-3.221979740088 
-2.203009699578 
-2.490866131069 
-2.085457352948 
-2.652586906728 
-3.870703528818 
-2.778014110164 
-2.681902613012 
-2.111553060153 
-2.846975740573 
-2.829013079874 
-2.918888127333 
-3.201639642424 
-3.901099422488 
-2.928138729674 
-2.834598988614 
-2.817298678531 
-2.863778168948 
-2.851652868101 
-2.967099087916 
-4.461673686157 
-2.524040459076 
-2.078902121235 
-1.824918351362 
-2.207256460103 
-2.525203323821 
-2.872937682431 
-2.855619487874 
-3.133396257410 
-3.793338430394 
-3.674385227416 
-3.121037782195 
-2.867781548008 
-3.046697868733 
-3.093781879968 
-3.356909102558 
-4.291548792221 
-3.842280167694 
-3.084608984513 
-2.328776098292 
-2.595098382102 
-2.120338360843 
-3.255434193119 
-2.708282584300 
-4.088557768059 
-3.832307514639 
-2.830585420196 
-2.803045991825 
-3.260166056450 
-2.993341841586 
-3.984176256069 
-5.044040341280 
-5.264245484458 
-5.374142328118 
-4.442081984921 
-3.056382033812 
-2.814164596905 
-2.688018765776 
-4.594916235703 
-3.054709307317 
-3.552224434403 
-3.386300801787 
-4.254223118550 
-3.791528699105 
-3.756255347775 
-3.775339733640 
-3.258960636967 
-3.054607843270 
-3.588798667113 
-3.450748890547 
-3.633324916778 
-3.389319453378 
-3.972542836456 
-2.406323817599 
-4.104240542236 
-2.440254533244 
-4.704480341909 
-3.893888904430 
-3.269402511694 
-3.463982325059 
-3.754665698550 
-3.452876139534 
-3.624653087415 
-4.082586911458 
-4.130182012580 
-3.167537841237 
-2.998455497973 
-2.999735619125 
-3.598922962695 
-3.684336483164 
-4.207967543916 
-2.833298446107 
-2.853774940064 
-2.349264329372 
-2.803101439007 
-2.810304621864 
-2.946994978097 
-3.372400988218 
-4.122549300428 
-2.998928869090 
-3.268440247850 
-3.614748361402 
-3.204423440459 
-2.984001829216 
-2.536752085016 
-2.484396031942 
-3.603322083836 
-3.768566400444 
-3.835924731846 
-3.259188491866 
-3.665281817739 
-3.749752580968 
-2.945167781592 
-2.968670869213 
-3.300943571321 
-2.990201049726 
-2.095441089015 
-3.308890603459 
-2.366045232270 
-2.863705311645 
-3.779693061139 
-3.615939900632 
-4.205562159259 
-3.831847154352 
-3.305801802498 
-3.099010243552 
-2.856700060639 
-3.558374995191 
-2.754419082798 
-2.742048841567 
-2.816034091120 
-3.077635069926 
-3.440572485080 
-3.812700277662 
-3.154612312715 
-3.668029892307 
-3.261856313020 
-3.386011869699 
-3.808077803031 
-3.911455329012 
-2.481670959682 
-2.254889511004 
-3.090401314712 
-2.444217146922 
-3.374775658766 
-3.319658817570 
-4.973544205547 
-5.510380968139 
-4.172962884802 
-3.750162470891 
-3.167090965883 
-3.155286468427 
-2.933429606527 
-3.392681204390 
-2.897712819957 
-2.528589345366 
-3.041079471282 
-2.816027787528 
-3.201131778580 
-2.838307666584 
-2.958075495177 
-3.593266594839 
-3.940832870570 
-4.308923723213 
-4.837917329093 
-4.855630729983 
-3.861863650671 
-5.071715192551 
-5.998675306119 
-4.036846254203 
-3.475371928130 
-3.431824831789 
-3.446412123819 
-3.592044825180 
-3.190607534612 
-2.923658054574 
-3.094255665786 
-2.861023509192 
-2.732945636979 
-2.623164622218 
-2.601483520497 
-2.898887654926 
-3.453351670825 
-2.846218852898 
-2.848693110455 
-2.795145467592 
-3.405382907508 
-3.713450040497 
-3.369701049086 
-3.460294081742 
-2.901807557452 
-2.888635188920 
-2.454668005030 
-2.663124460057 
-3.590539637069 
-2.744747786324 
-3.247432758618 
-2.977655820283 
-2.679020418469 
-2.798873344355 
-2.833873839077 
-3.536578944562 
-2.985823377328 
-3.612584712871 
-3.374061368502 
-2.833142853624 
-2.707460133608 
-2.938903463541 
-2.973439207688 
-2.908682390731 
-4.816067014387 
-4.658872855535 
-5.033073114006 
-4.840091222920 
-4.307792512121 
-4.639287240675 
-4.773701156496 
-4.182859709733 
-4.318098990579 
-4.161330594892 
-4.314468171608 
-3.405175962559 
-3.091177725764 
-3.156106445575 
-3.455057002365 
-2.583250436881 
-3.075441305482 
-2.994181113181 
-2.170635416275 
-3.011745112702 
-2.647124049288 
-2.779891667890 
-2.786792161366 
-2.801749943785 
-2.272990903472 
-2.767421448061 
-2.710693248491 
-3.147797143266 
-3.595384569134 
-3.716362048888 
-3.170727818216 
-2.999521921362 
-3.647984078337 
-5.380471419383 
-3.425388202599 
-3.676656410514 
-3.282123372818 
-2.900912305969 
-2.783369669705 
-2.853680105603 
-3.053815952375 
-2.871012785784 
-2.782779761459 
-2.568132380463 
-3.366667422795 
-2.854696794702 
-2.661474525328 
-3.088416558288 
-2.040914443541 
-2.091466993378 
-3.217865473797 
-3.543359251126 
-3.431465874902 
-3.484990187458 
-2.828091876369 
-3.093713504549 
-3.767531299619 
-4.005738669642 
-4.197528525119 
-3.953827230275 
-3.853647330232 
-2.972387463936 
-3.035554344413 
-3.585966094602 
-3.462018301163 
-3.575134112942 
-3.718303968402 
-3.397124661379 
-3.152149804106 
-3.430162258747 
-3.559311981595 
-3.393842690223 
-3.804001348904 
-3.751044044451 
-2.623200075839 
-2.478107252022 
-2.988688575270 
-2.473563021617 
-2.367883806004 
-2.575704389191 
-2.428064460187 
-2.418853057880 
-3.171894481121 
-3.603521167170 
-3.132516782863 
-3.811026513170 
-3.411975109368 
-2.627425960012 
-3.160484845184 
-2.749896078994 
-3.242610038831 
-3.190543736860 
-3.753739866141 
-2.666096171822 
-2.654122727958 
-2.808367129256 
-2.571418767893 
-2.905901916580 
-3.349135169860 
-2.880288183714 
-2.705411565355 
-3.192347925060 
-3.204855971691 
-3.213247764213 
-3.354290500141 
-2.868716463579 
-3.172387490549 
-3.052620054808 
-3.192852109825 
-3.000745177213 
-3.186985023456 
-3.038044927629 
-3.126867071830 
-3.052093410686 
-3.315223464110 
-4.134147378594 
-4.696300004440 
-3.159202057952 
-3.710250221538 
-3.885931562790 
-3.562466520924 
-3.173777869061 
-3.224049260099 
-3.048845506976 
-3.288386718469 
-3.213379698153 
-2.834393017152 
-3.298846890780 
-3.426839285984 
-3.128639798901 
-3.004491494503 
-2.947003134066 
-2.436908595741 
-3.201349574594 
-3.550975783044 
-3.262424722246 
-3.556001927502 
-3.659619387338 
-3.314734690387 
-2.976421449552 
-2.840529895226 
-2.685424313933 
-2.689801833577 
-2.916958664240 
-3.101835386790 
-3.522901794767 
-4.155316915830 
-4.804549844031 
-4.479130627931 
-3.329511824996 
-2.461555417744 
-2.512574519434 
-2.489246233978 
-2.851494965490 
-3.149142671329 
-3.170544775945 
-3.055904530280 
-2.407143079593 
-2.955448188509 
-3.277959647802 
-3.808519828846 
-4.120589364454 
-4.079724721939 
-3.584224829330 
-3.827675145170 
-3.534549250681 
-4.451067627186 
-4.349888126136 
-3.190684687379 
-2.752807825929 
-2.420545335786 
-2.522000596378 
-4.042951211307 
-5.796547691963 
-2.805753241212 
-2.753220675630 
-3.864346589045 
-2.889712625470 
-2.758764119825 
-5.666243604010 
-5.139105932999 
-4.693811961761 
-3.644455577523 
-3.207767276777 
-3.700291502453 
-3.506139553955 
-3.907651041805 
-3.433029097683 
-2.973525398101 
-3.131579721226 
-2.735251226945 
-2.755173465395 
-2.866636660506 
-2.891393620976 
-2.445483811465 
-2.611036456089 
-3.162258924033 
-2.435649650210 
-2.431849089555 
-2.890458326779 
-2.767804621765 
-3.155753757840 
-3.536896732343 
-2.891625755866 
-2.501901727765 
-3.166674984301 
-2.618061293981 
-2.698310117681 
-3.707506969328 
-3.488484144618 
-2.619246875090 
-3.661076824014 
-3.404345985886 
-3.551991558967 
-2.971365664761 
-3.136578060429 
-3.627548705442 
-3.372182656456 
-2.792545565582 
-2.563470584802 
-2.579193882659 
-2.766320975019 
-3.498677346029 
-3.236207366688 
-3.068336128823 
-2.958321148920 
-3.002616277598 
-2.787019767874 
-2.821266857520 
-2.703199795906 
-2.572998267010 
-3.267210314782 
-3.345270035852 
-3.440119477667 
-3.044286776191 
-3.134002158551 
-2.749325811043 
-2.837238839916 
-3.731369148144 
-3.816375998521 
-4.299690591505 
-5.557112112405 
-4.625113233497 
-4.601199044378 
-4.172620868674 
-3.375417249516 
-3.407661889387 
-2.834026090461 
-2.624673850760 
-2.713369571797 
-2.648136716861 
-2.546681301516 
-2.827307605036 
-2.922205612573 
-3.368146572315 
-3.219282062810 
-2.846868269583 
-2.793947720966 
-2.970420775550 
-3.731511257228 
-3.968558400214 
-3.697439558193 
-3.658290935390 
-3.201060655113 
-4.762913183026 
-4.300706354164 
-3.180585502175 
-2.444500115896 
-2.624395300531 
-2.389582953476 
-2.389551086849 
-3.950540813744 
-4.205926856253 
-4.273391213890 
-3.433695876544 
-2.964954491661 
-3.298038185028 
-3.447465747972 
-3.116672166120 
-4.268384670297 
-3.715616588346 
-3.254451909861 
-3.426132900620 
-4.451139852258 
-3.568659289738 
-2.879913075897 
-2.752611702052 
-3.469189759842 
-3.655123977446 
-5.191068856491 
-4.610997934324 
-3.635798664250 
-3.507159196868 
-3.578522955645 
-3.342277341630 
-3.126212738504 
-2.852518058884 
-3.664244559837 
-3.025726638526 
-2.747052425520 
-2.557956625669 
-2.440019803531 
-2.468613456069 
-2.292736553756 
-3.081572637537 
-2.776482223886 
-3.447155844661 
-3.820948862915 
-4.532803467294 
-3.311121163259 
-3.582151388936 
-3.945594053919 
-3.443515251772 
-3.706049519717 
-4.255737099332 
-3.409503754962 
-3.683949163240 
-3.851567150976 
-4.189061515566 
-3.274737056382 
-3.437045129532 
-3.348568662277 
-4.043685184331 
-3.024970529604 
-3.092006028835 
-3.889564166362 
-4.135249687827 
-4.210447269716 
-4.094562620180 
-4.059151915967 
-3.604646952539 
-3.489501109286 
-3.187134128908 
-3.632094140521 
-5.654786003067 
-4.463127115548 
-3.783621407448 
-4.134860563392 
-4.626753139212 
-3.687717425396 
-4.490095098349 
-4.752712457191 
-4.165968235375 
-4.912501488335 
-5.565362114841 
-4.377637443034 
-3.406515942096 
-3.585345919482 
-3.218854735248 
-3.134749611892 
-4.727843050679 
-3.489904022449 
-3.184805507377 
-3.770560829464 
-3.717352206124 
-3.386204986033 
-3.424413175784 
-3.548098470204 
-3.171495714904 
-2.878084792988 
-2.978138677328 
-3.277215875981 
-2.484771740637 
-3.114817915117 
-4.120443557513 
-3.900427882042 
-2.659920886235 
-3.309780380669 
-2.870257502996 
-3.372709632003 
-3.158210462574 
-3.351340996773 
-4.140649919973 
-3.846974588200 
-3.793986709556 
-3.460840918907 
-4.125971420618 
-3.574470630591 
-3.386755776885 
-2.715032660572 
-2.376874670292 
-2.756042277596 
-2.886413013107 
-3.626480872458 
-2.987820307529 
-2.884038762213 
-3.099882013751 
-3.113264022718 
-3.534987761685 
-3.890156859886 
-3.512004836629 
-3.133427220027 
-3.761606518430 
-3.354606210219 
-2.469054001312 
-3.010908558907 
-2.801418947833 
-2.499528831712 
-2.801995724644 
-2.757731749216 
-2.502117494145 
-4.320711411836 
-3.882278440876 
-3.517357547820 
-3.418847478089 
-3.508445525085 
-3.624154832314 
-3.825308778748 
-3.504064752877 
-2.542380762707 
-2.537781082996 
-3.569115341633 
-2.791595661213 
-2.624517044435 
-2.089375546271 
-2.950317398470 
-3.894900263164 
-4.236096636674 
-4.551851346268 
-4.979051463621 
-4.598190044321 
-4.383458447833 
-3.560921015594 
-2.969629957494 
-3.576961050030 
-2.979634656635 
-3.114588145135 
-3.085260476441 
-3.041621357634 
-3.235358898015 
-3.312158671171 
-3.252523970552 
-2.986058248867 
-2.689934685648 
-3.566244651825 
-3.518027462418 
-3.004615189133 
-3.218742177053 
-3.330179101817 
-4.149794028102 
-4.527685973244 
-3.858767441058 
-3.350345822709 
-3.257186831930 
-3.512812081694 
-3.361401244675 
-3.572076770689 
-3.042588339187 
-2.800296056279 
-2.402390099722 
-2.704517753447 
-2.706513859052 
-3.051755433827 
-2.784688495229 
-2.665627323313 
-3.114412910302 
-2.719169852998 
-3.178164663913 
-2.562803455921 
-3.036851546589 
-3.204479750789 
-4.001619788102 
-3.716086698086 
-3.283000886937 
-3.229383149978 
-2.550850172919 
-3.085728259362 
-2.851690999082 
-2.849156511556 
-3.599540826446 
-4.430714775798 
-5.209290168961 
-4.396198112344 
-4.670761942044 
-4.015899278507 
-3.810072720703 
-4.207575232655 
-3.919314830357 
-3.462720197916 
-2.879856929441 
-2.911304842645 
-3.687187187469 
-3.439819965233 
-3.400118401540 
-3.077512080775 
-2.999945032015 
-2.928480288107 
-2.919152919400 
-2.669650148919 
-4.037943400306 
-4.622027086752 
-3.732380482915 
-4.193330869344 
-3.994680239290 
-3.353044422514 
-4.512061646121 
-4.072308576408 
-4.011877083447 
-2.926614703885 
-3.253303988009 
-3.089053007666 
-3.611216755761 
-3.629993724243 
-3.717105888919 
-4.664129359612 
-4.370444206931 
-3.496208840324 
-3.143782943040 
-2.946156044566 
-2.904964794193 
-2.716634479999 
-2.937181456652 
-3.192502029935 
-2.568588472130 
-3.232528258261 
-2.615787029935 
-3.060875994091 
-3.152892472202 
-3.160069186321 
-4.008817869179 
-3.982202658826 
-3.687539324457 
-4.022324470951 
-4.438423669776 
-3.612560466330 
-2.379267724212 
-2.760001946701 
-3.192001239699 
-3.475400383567 
-3.109256059716 
-2.605213389096 
-2.699090480044 
-2.281373757726 
-4.336122652660 
-4.600757321804 
-4.086438326148 
-2.800987900694 
-2.570512515736 
-2.594461891100 
-2.576207136797 
-2.809346613510 
-2.876138800855 
-2.108209194412 
-2.489421237461 
-2.270396964671 
-2.393402442967 
-2.264765027057 
-2.656183155678 
-2.611318216983 
-3.437628241160 
-2.876247102493 
-3.385336137670 
-3.058136990684 
-3.399462050185 
-3.441114095785 
-3.032725952556 
-3.350117494969 
-3.556209655827 
-3.662598090610 
-3.685176245343 
-3.385661472843 
-3.639672080189 
-3.822585829792 
-3.936942705433 
-4.201632524425 
-3.120924643325 
-2.999840534079 
-2.606286148574 
-2.763845951442 
-2.428833816230 
-2.694161067973 
-3.045287561221 
-3.146753172753 
-2.865100959173 
-2.860771767697 
-3.174608583042 
-2.700890404953 
-2.871244359365 
-2.668619764680 
-3.340540208333 
-3.075524303160 
-3.048181042112 
-3.331763523084 
-4.167158348952 
-3.979556925328 
-2.701177917602 
-2.947861833261 
-3.736077332906 
-3.334408780450 
-3.338489585707 
-3.180881326346 
-2.893978642162 
-2.509010466565 
-2.915732509309 
-2.489537185821 
-2.371426562673 
-2.528306953598 
-2.521255871046 
-2.700505382316 
-2.320451275933 
-2.663307389980 
-2.559507751041 
-3.144683132662 
-2.515412469610 
-3.596794166069 
-3.212774762977 
-3.149683074261 
-3.197556106580 
-3.151959667694 
-2.760562900078 
-2.715795606546 
-3.010879883442 
-3.044119212185 
-2.384571164615 
-2.191923185989 
-2.969911986429 
-2.714758135613 
-3.202890845921 
-2.949595407853 
-3.054790637362 
-4.487125309596 
-4.236780089274 
-4.050321129956 
-3.867045859188 
-3.240650625080 
-3.717285104750 
-2.698920066229 
-2.567901080032 
-2.970832753570 
-3.047237803938 
-2.757907800119 
-2.680154034290 
-2.809309035693 
-3.249517845823 
-2.788263581443 
-2.859819779727 
-2.573388481802 
-2.774285693093 
-2.529101051928 
-3.487444299682 
-2.825349741443 
-3.889383140964 
-3.866434678894 
-3.778440590261 
-4.223798376579 
-3.870517474145 
-4.239953426473 
-4.643908802666 
-3.420285773309 
-3.893343533908 
-4.650368209181 
-4.323616028766 
-4.003609173894 
-2.999536812064 
-3.337392998495 
-3.081493805855 
-2.491075206618 
-2.786421623319 
-3.434962381386 
-3.213324844389 
-3.836598427110 
-2.562281002739 
-3.125497289872 
-3.052243716729 
-3.310887788384 
-3.344740058141 
-3.226171442943 
-4.022775313754 
-4.661067934303 
-2.826207001736 
-3.090351760058 
-2.949890865604 
-2.948463937672 
-3.060162861753 
-2.750778224928 
-2.148589762337 
-2.813419259470 
-2.704864921791 
-2.595356970268 
-2.634850225271 
-2.898244213670 
-3.023133141518 
-3.168249223394 
-3.532485634628 
-2.510223542989 
-2.932494395144 
-3.265453619818 
-2.622317640665 
-2.574875500965 
-2.816384779003 
-3.431312513743 
-2.966226085498 
-3.276206244709 
-3.711243791401 
-4.588169842478 
-3.079005364542 
-3.171194864978 
-3.035285049997 
-4.020825388407 
-4.108475442898 
-4.045373930061 
-3.688468370742 
-3.579079606585 
-3.114672112975 
-2.824149890885 
-2.748388305116 
-3.399088452804 
-3.296147629818 
-2.451277515040 
-2.640122869286 
-3.087032467151 
-2.850154828611 
-2.343858865213 
-3.500984596573 
-4.905889341648 
-3.947992065554 
-3.931290329211 
-3.539365726483 
-3.535314555220 
-3.062658979304 
-3.196497973211 
-2.673468937722 
-2.359840224507 
-1.960067139911 
-2.258353260366 
-3.002349771431 
-2.679236801729 
-2.894966036918 
-3.403817351921 
-2.781019121352 
-3.148009400214 
-2.269278297462 
-2.363605463077 
-3.803655312204 
-3.258046589299 
-3.245833080979 
-2.975189995440 
-2.996282970687 
-2.698467011669 
-3.540484016278 
-3.655742771907 
-3.568204663101 
-2.854989682863 
-2.284472911706 
-3.749114385773 
-2.554857797850 
-2.965487013942 
-2.857528037738 
-3.531162371674 
-3.201574539857 
-2.898087486313 
-3.571154728899 
-3.103171225183 
-2.792304626209 
-3.554487759917 
-4.068772648946 
-3.540673657112 
-2.900472781868 
-3.314134039220 
-4.561101118821 
-3.970577044265 
-2.840958775800 
-2.971968387224 
-2.990208032356 
-3.525791916563 
-2.957493423410 
-3.284736030963 
-2.619157265582 
-2.913609062438 
-3.348984270126 
-4.057619119378 
-4.134281239050 
-4.302776000013 
-4.207629970518 
-6.179367826421 
-5.414757510394 
-2.561051998550 
-3.226075588010 
-2.588206733007 
-3.084036902228 
-3.418893763864 
-2.416378539130 
-3.609021952826 
-3.737298392078 
-3.296232020563 
-3.595841259092 
-3.276620802884 
-3.381623741663 
-3.116761198761 
-3.702218550159 
-2.728017286055 
-3.056446778098 
-3.029388838081 
-2.544352838200 
-3.531928312560 
-3.026207169093 
-2.555951453254 
-2.551385178978 
-2.318797046041 
-3.768327123824 
-5.562051745763 
-3.739226785409 
-3.920773491233 
-3.519639629184 
-3.878764029447 
-2.716341487632 
-2.955481872007 
-3.226880550197 
-2.768534619521 
-1.877525931759 
-3.192172913594 
-3.579730155342 
-3.385047842145 
-3.849441571281 
-4.221962484620 
-3.905253861115 
-4.108645181027 
-3.536558370169 
-3.669632085510 
-3.547345494904 
-3.048417271051 
-2.785492885594 
-2.425909273526 
-2.719002141307 
-2.868591647713 
-2.929034963052 
-2.908827160203 
-3.153403719870 
-3.013330016223 
-2.942616843875 
-2.996318108370 
-2.965449754336 
-3.186744752545 
-3.506488508064 
-2.884018700344 
-2.770015326963 
-2.440634567912 
-2.929612949047 
-3.401551302210 
-3.022088849711 
-3.623144644986 
-2.818615863814 
-2.565859641176 
-2.503057315912 
-2.360999462288 
-1.988882117094 
-2.348238824699 
-2.464840698446 
-2.279169260255 
-2.897741563448 
-2.877628110476 
-4.124502413007 
-3.692084792085 
-3.870872470224 
-2.181761137063 
-2.385298195141 
-2.710344888332 
-2.141655898395 
-2.913825824294 
-2.947122997536 
-2.589645979908 
-2.385528489855 
-3.085105583074 
-3.255531183743 
-3.134914942631 
-3.475916849720 
-3.119308380707 
-2.914976985459 
-3.364523879207 
-2.995186732256 
-4.061889415386 
-3.662080182249 
-3.351103402620 
-4.568970769612 
-4.349210774369 
-3.737066083518 
-3.255083822976 
-3.349590048493 
-3.827096467695 
-5.016557326418 
-4.215101596999 
-3.499582304019 
-3.235270949829 
-3.466443592606 
-3.565062873980 
-4.133308605207 
-3.981930092123 
-4.395938425661 
-4.972598127327 
-4.146760260628 
-2.812739784014 
-3.259926778985 
-3.399074792400 
-3.680758244742 
-2.579184580196 
-2.797172606685 
-2.969892413758 
-3.375746680934 
-3.132777463727 
-3.181787988668 
-2.520640008999 
-2.493597897388 
-2.700189286115 
-3.093995934831 
-2.828543640722 
-4.143208524702 
-3.558644057295 
-3.288615016234 
-3.254185639445 
-3.727092518116 
-3.012031761747 
-3.388889475604 
-3.003900800543 
-3.180266232155 
-3.271119720860 
-3.511941109592 
-3.493279645723 
-3.446924863871 
-3.414956936974 
-2.594865620303 
-2.864301876224 
-3.375904263411 
-3.299093941151 
-2.940777660380 
-3.532145747058 
-4.526815124892 
-4.002239168943 
-4.474191616526 
-4.101459804877 
-3.418931027994 
-3.661767419494 
-3.291715869059 
-3.951093654061 
-1.980534716652 
-2.045279866574 
-2.461080657897 
-2.763192871727 
-3.437527024690 
-2.444626328866 
-2.580694958827 
-2.259021271735 
-2.795054054109 
-3.086871466804 
-2.967304286513 
-3.070032718903 
-3.388350848094 
-2.506714704740 
-3.270333561591 
-3.120002465849 
-2.841270637658 
-3.964239479507 
-3.540319753270 
-2.555409126920 
-2.982623701456 
-3.355647223306 
-3.146659018153 
-3.836498064061 
-4.478605297140 
-4.417305319335 
-4.186219026525 
-3.858702290879 
-3.433348949874 
-2.954397298819 
-2.710114833676 
-2.498912628115 
-2.642598624854 
-3.093617289970 
-2.861477809488 
-3.045657747509 
-2.661605533096 
-3.096710859919 
-2.644363401567 
-2.493883289835 
-3.014096793455 
-5.653232199038 
-4.312824201474 
-3.796225309463 
-4.057668027035 
-3.717378467720 
-3.049540874470 
-3.384932026284 
-2.967558847171 
-2.763026283577 
-2.767682529530 
-2.949150269394 
-2.795139016663 
-2.749881161022 
-2.878950339504 
-2.651434479427 
-3.400727906000 
-2.863805270076 
-3.399217810682 
-3.394833879898 
-3.409274496465 
-3.217786357878 
-3.170944066757 
-2.599520271173 
-2.254571237666 
-2.710758317436 
-2.913161466573 
-3.784628127733 
-3.786253722952 
-4.082653487936 
-3.662900421756 
-3.221188903752 
-3.096080397801 
-3.468858325425 
-3.414570348618 
-3.381385194502 
-3.959206285317 
-4.212235449611 
-4.707926221940 
-4.450171513604 
-4.508851984492 
-3.761551936944 
-2.347516515071 
-2.152810075572 
-2.583554934299 
-3.661307836987 
-2.857275343927 
-3.673924885001 
-3.348337707073 
-3.756680487525 
-3.401662689941 
-3.106078981652 
-2.728184203019 
-2.522466352927 
-3.752277898971 
-2.862024419207 
-3.065281987938 
-4.209063810595 
-3.248549987019 
-4.390935055025 
-4.697352324204 
-5.346896250088 
-5.727500188106 
-4.894299439643 
-5.644248358912 
-4.075753270451 
-3.553969023676 
-3.707328686146 
-3.415543075117 
-3.123163634107 
-2.662757683130 
-2.761635849506 
-2.891389847405 
-4.122109354526 
-3.663846581457 
-3.604241917675 
-3.292533521853 
-3.076143900922 
-3.135431820827 
-3.493914941132 
-3.387848456164 
-3.152198122274 
-2.964717180613 
-3.017771741484 
-2.768334917045 
-2.911686009974 
-2.723783905757 
-2.375357012375 
-2.513068080731 
-2.785861394209 
-2.223085741013 
-3.028532853422 
-2.877737376078 
-2.943174125667 
-2.678415198083 
-2.482228850231 
-2.742361864268 
-2.667779057183 
-2.675242215486 
-3.232129477883 
-2.919637166737 
-2.727475460310 
-2.729260425285 
-4.539080272750 
-4.438410757574 
-3.783511015083 
-4.183131638329 
-4.420675903213 
-2.383252834204 
-2.683719386375 
-3.337136658645 
-3.753021917985 
-3.421273840816 
-3.322946808530 
-3.575450933816 
-3.452462202278 
-2.009121500970 
-2.583421489942 
-2.747576434348 
-2.699209454808 
-2.197979615291 
-2.461557630198 
-3.025272737266 
-2.885251761235 
-3.118453461782 
-3.350839014833 
-2.789612392543 
-3.224081096989 
-3.495759170886 
-3.415326884847 
-3.338449002099 
-3.372985023459 
-3.363073032971 
-3.939779657149 
-3.885827408167 
-3.656778452705 
-3.195449120392 
-2.795239489215 
-2.703599725020 
-3.569121083652 
-3.602830610401 
-3.084433186523 
-2.622084533374 
-2.578206766594 
-2.136841785341 
-3.448829925806 
-3.291733882605 
-3.360294481664 
-3.318433779992 
-2.975486809757 
-2.999263827310 
-2.473930654409 
-2.771846623606 
-2.263895396716 
-2.528947789790 
-3.341466327541 
-4.022119370294 
-4.167093287005 
-2.520631686305 
-2.335618595806 
-2.004222479166 
-2.775730695015 
-3.594974868112 
-3.259336653473 
-3.175868877109 
-3.474150451569 
-3.456768975394 
-3.470418832252 
-2.986479852569 
-2.293294644814 
-2.807696268970 
-3.009192835972 
-2.768357285890 
-2.845489625857 
-3.628171367387 
-3.253848470634 
-2.959843755992 
-2.825804749508 
-3.291046709850 
-4.105699629631 
-2.928767434429 
-2.874130871225 
-3.537107759933 
-2.677661727917 
-2.118582895605 
-2.817306096777 
-3.648866928193 
-3.616937860747 
-3.898391571167 
-3.320568712400 
-3.521874535049 
-3.281147229849 
-3.341538305267 
-3.153135926335 
-3.775803939634 
-4.003885739983 
-3.482213620900 
-2.505485137403 
-2.473404961551 
-2.681276796595 
-2.428988087099 
-2.680527231822 
-2.432182775211 
-2.912275507032 
-2.736895812734 
-4.038443472944 
-2.967251225156 
-2.821263851797 
-2.682851904513 
-2.709976831740 
-2.809416229415 
-3.466806068979 
-2.941712487568 
-3.263075120718 
-3.101181809371 
-2.807492584555 
-3.189408724239 
-3.058441494834 
-2.553627253899 
-2.364256511615 
-2.422531434234 
-2.420813242018 
-3.527575333047 
-3.116642611667 
-2.902994560758 
-2.727584152990 
-3.092699965389 
-3.169068529605 
-2.690312754318 
-2.759949032250 
-2.517329851881 
-2.273637334814 
-2.038995628190 
-3.999171538692 
-3.324847509092 
-3.060890708938 
-3.405753241515 
-3.115414670578 
-3.110358431312 
-2.826942130538 
-2.647027870313 
-2.820708433959 
-3.354640598489 
-3.586508206529 
-3.591981541872 
-2.937451701155 
-2.341285531729 
-3.040811018114 
-2.872336663594 
-3.135462893813 
-2.569698088792 
-3.806664355283 
-3.306044738108 
-3.352648317604 
-3.495091567345 
-3.554103074252 
-3.482379178111 
-3.599059302211 
-3.527847593451 
-3.571543707183 
-2.970722606939 
-3.409843220188 
-2.516072142667 
-2.631672941092 
-2.772081977218 
-3.203001571997 
-3.024622513407 
-3.011694197743 
-2.998146418447 
-3.644158753191 
-3.204019773176 
-3.170614154934 
-2.974124869261 
-2.815788376045 
-2.801851600562 
-3.350069586479 
-2.662250043317 
-3.305935949590 
-3.723745954876 
-3.015553986317 
-2.717387070293 
-2.713461961618 
-2.928830130615 
-3.271548101970 
-3.524997213565 
-3.369640501296 
-2.986810034645 
-3.345516194990 
-4.251924974611 
-2.291616608264 
-3.409737872193 
-3.141938511888 
-2.983824986771 
-3.054364177952 
-2.646478441693 
-2.904088621206 
-2.380596668090 
-3.185103345464 
-2.778816684419 
-2.827530482386 
-3.306728013704 
-2.273581026121 
-2.327111953220 
-2.384166697371 
-2.185137698283 
-2.800512014764 
-3.302017451866 
-3.417211106355 
-2.738441676376 
-3.024403433604 
-2.634554280860 
-3.148536691798 
-2.567682556087 
-2.493795864732 
-2.355467284253 
-2.632283041131 
-2.844785417505 
-2.487176739180 
-3.054761568377 
-2.659751381952 
-2.645427666289 
-2.761740356331 
-3.006618125087 
-2.466749781900 
-2.520654523078 
-2.710733978634 
-2.421180242479 
-2.157113505629 
-2.103990330826 
-3.075092663303 
-3.505915343972 
-2.813595422816 
-2.547628581214 
-2.352382437484 
-3.178558647384 
-3.184966681066 
-3.303188665000 
-2.366240824673 
-2.392099720146 
-2.660155861132 
-2.330331188899 
-2.268193172454 
-3.365648214116 
-3.766682316082 
-3.314730563550 
-2.960653165610 
-3.285294435183 
-2.794997000834 
-2.724736727370 
-3.726492207554 
-2.973571599956 
-3.803350547164 
-3.849533919070 
-4.027882933620 
-3.548921872568 
-2.984187581119 
-3.060413644375 
-3.281739964743 
-2.590170322045 
-2.575172119829 
-3.234948297311 
-2.675189638554 
-3.124640317002 
-2.960745092776 
-2.961098352758 
-2.714381687844 
-2.831990198767 
-2.982566010522 
-2.745179018860 
-3.099430870314 
-3.177876537689 
-2.662569553202 
-3.686635732158 
-3.022969270386 
-3.635114524250 
-4.192617110740 
-4.074515413019 
-3.196413713542 
-2.946377845829 
-2.971006222857 
-3.003396358983 
-3.062772168283 
-4.488768621157 
-4.368222255158 
-3.393706512761 
-3.443593443820 
-2.970762248908 
-2.573271561606 
-2.909043884914 
-2.804250943075 
-2.646971261699 
-3.159793517333 
-3.068920767942 
-3.735039914860 
-3.812216585657 
-3.963873495938 
-4.251602995740 
-4.636462203467 
-4.039178484809 
-2.794689676116 
-3.025612847911 
-2.915482115926 
-2.995318813617 
-3.674658190374 
-3.325707242915 
-3.367119380411 
-2.998342545600 
-2.342462964741 
-2.494212077095 
-2.937759849304 
-3.047993482653 
-2.992044767970 
-2.951504267254 
-3.450506997818 
-3.285556507256 
-3.328856000955 
-2.832654754211 
-3.447870235034 
-3.866655308570 
-3.452462187374 
-3.296091465472 
-2.952615443137 
-3.216606782134 
-2.435888513645 
-2.475365596766 
-2.975272543179 
-2.646849487097 
-2.782419208970 
-3.572476694352 
-3.056140971565 
-2.812094239525 
-3.105994667755 
-3.567218344150 
-3.104376262482 
-2.467101227213 
-3.267843821769 
-3.370331761162 
-2.746000533764 
-2.707559687195 
-2.788118396735 
-3.082103231207 
-3.465765318855 
-2.969582394722 
-3.338065847716 
-3.259571516528 
-3.004066729149 
-2.982566454629 
-3.584065766160 
-3.870824638892 
-3.859718439480 
-3.096701473599 
-3.110076762762 
-3.044627778327 
-2.678178982584 
-2.568676366932 
-2.479740597040 
-2.911830767238 
-2.417512460987 
-2.452635496251 
-2.299581123448 
-2.705825875480 
-3.146756388160 
-2.880250341478 
-2.235170274523 
-2.772427637790 
-2.502556143142 
-2.683084536833 
-2.419058536413 
-2.544463735092 
-2.605431526929 
-3.847216448420 
-3.744902465105 
-3.220551078526 
-2.543307192915 
-2.990320223505 
-2.895987740571 
-2.813661007892 
-2.228947585891 
-2.997355646445 
-2.646398467016 
-2.054814293832 
-2.241065578158 
-2.594179981033 
-2.625474756142 
-2.465727521184 
-2.543549505231 
-2.668009958571 
-2.597084075355 
-2.100913665402 
-2.585587843965 
-3.697987058771 
-3.625781540643 
-3.963657187228 
-4.365830223430 
-3.029526467763 
-2.702283028617 
-2.934750867617 
-3.050791589141 
-2.188439251677 
-3.249996640351 
-2.961477476068 
-2.947588376211 
-2.482627575014 
-2.676212430590 
-3.332820610547 
-3.111406134793 
-2.608053364068 
-2.428567122162 
-2.444059595036 
-2.959610744084 
-3.016097070957 
-3.200848621969 
-3.013289443088 
-3.183014746040 
-3.770223260592 
-3.289733149306 
-3.630983677361 
-3.818601764811 
-3.339181612366 
-3.014746273575 
-3.112631352293 
-2.711772952900 
-2.977366944143 
-3.764881592391 
-3.015731776855 
-2.969023774580 
-2.726422150087 
-3.001772275111 
-2.517324656984 
-3.075428440464 
-3.116041009518 
-3.626811077860 
-3.100641244704 
-2.730115391731 
-2.823885230664 
-3.082280078106 
-3.383131729162 
-3.445355645907 
-2.973862259563 
-2.432990219097 
-2.737438198193 
-2.539736794505 
-2.427374424058 
-3.486792809324 
-3.442008182620 
-3.835919667132 
-4.224132846728 
-3.249515201081 
-3.140400590054 
-1.947082927724 
-4.066145962565 
-3.316449714034 
-3.698862859461 
-3.762567943162 
-3.841865747577 
-4.248773639431 
-4.016768612441 
-3.989862270574 
-4.644205875132 
-2.901993579120 
-3.384306029138 
-2.997101152085 
-2.996043195448 
-3.118239956912 
-2.892930600168 
-3.414529295519 
-2.617801196284 
-2.812901994936 
-2.626681023829 
-2.322735060733 
-2.601254854758 
-2.369273801162 
-2.664727299008 
-2.773564342750 
-2.523169993329 
-2.952149470052 
-3.027065517640 
-2.952537829228 
-3.158950918271 
-2.982107285051 
-2.436868538879 
-2.642982161742 
-2.288062100259 
-2.455773172897 
-2.688620330024 
-3.265056544294 
-2.915970656307 
-2.785868802215 
-2.523365988671 
-3.234206908965 
-3.588499893123 
-3.541453498785 
-3.274475617926 
-3.327740462409 
-3.449908004081 
-3.315692883873 
-3.862978338453 
-3.897362654200 
-4.547245166555 
-4.195539291049 
-3.667234104963 
-3.938092551367 
-4.779886969066 
-3.289867919052 
-4.244245105686 
-3.617958181798 
-3.374044332580 
-3.506128518822 
-3.990521993301 
-3.262626065469 
-3.488704387265 
-3.209496876048 
-2.816438393319 
-3.644929465512 
-4.116481967628 
-4.484405070194 
-4.312131697244 
-3.938164130319 
-3.605219744452 
-4.806692746401 
-3.882711112164 
-4.139651927687 
-2.547654284309 
-2.732343669875 
-3.081120578832 
-2.650695931593 
-2.757980135207 
-2.872059592379 
-3.321798944287 
-3.485138677858 
-3.912450344819 
-4.177813669226 
-3.540017216025 
-3.346539453220 
-3.095047749168 
-3.380411501232 
-3.236301539104 
-3.263112520368 
-2.757714737660 
-2.421154951618 
-3.211366850856 
-3.054970286101 
-3.480750446243 
-3.066095817133 
-2.880623084090 
-3.811788912865 
-3.296923676162 
-3.277724708449 
-3.494245816002 
-3.031845403036 
-2.976466920350 
-2.685141068223 
-3.628216556568 
-2.960860391150 
-3.232184747274 
-3.301481946970 
-4.065575953862 
-3.748843649998 
-3.215787127411 
-2.635600550257 
-2.638380167267 
-2.161303733831 
-3.663704355932 
-2.705150099584 
-2.771941146041 
-2.205967261232 
-2.988467890311 
-2.911769717652 
-2.114379552774 
-2.910914613028 
-3.241953302830 
-3.329521832030 
-3.080550028595 
-3.534521100498 
-2.707405093488 
-3.125724977839 
-2.566734416501 
-2.876724055769 
-3.003567516327 
-3.005349681337 
-2.574142287408 
-2.578302447980 
-2.057785387843 
-2.688291889212 
-2.834283203045 
-3.286026613279 
-3.081238045655 
-2.986626032374 
-2.763020981480 
-3.069174584092 
-2.578085453053 
-2.400657740450 
-2.749353755796 
-2.933624032037 
-2.857355655807 
-2.747285430024 
-2.586685006503 
-2.247973881436 
-2.343025397877 
-2.589486419894 
-2.805303863707 
-4.001415008530 
-3.482886505909 
-4.077174185512 
-4.726906425014 
-3.343661298024 
-3.573265686763 
-3.413770078128 
-3.344161066008 
-2.761012829229 
-2.530531533396 
-3.105289270106 
-2.596981236073 
-3.313400777255 
-3.373766777891 
-3.222377243481 
-3.579356254598 
-3.575747690520 
-4.439806952173 
-3.559570131965 
-2.739878004163 
-3.212447315349 
-3.110769442598 
-3.173478593911 
-3.794611847398 
-3.097816617396 
-3.260581240389 
-2.982114895057 
-3.208332935835 
-3.003465074882 
-3.121460128378 
-3.088012534620 
-2.663455807166 
-2.909444225107 
-2.964332141057 
-2.578134377213 
-3.698239798793 
-2.656942386421 
-2.596916855178 
-3.371020394805 
-2.131219704115 
-2.137508257142 
-2.456007487598 
-2.476475976856 
-2.582560421695 
-2.496069990792 
-2.701560259909 
-2.765498550804 
-3.077056051701 
-3.073755893097 
-3.007141544540 
-3.718969320258 
-3.445724407236 
-3.540257752466 
-3.965609842720 
-3.205601207944 
-4.072790345968 
-3.575036494526 
-2.955773362492 
-3.197378534821 
-4.232784265062 
-4.172921157913 
-3.969740620213 
-3.567257031546 
-2.850997118026 
-4.078396234570 
-2.080205537763 
-3.558236625815 
-3.081547038999 
-2.853620476707 
-2.928226782258 
-2.738649210303 
-2.770725157793 
-3.254866294604 
-2.911799055984 
-2.963053692407 
-2.953795308777 
-2.226515003378 
-2.293040981729 
-3.041922491283 
-4.728972118180 
-4.271809128143 
-3.939381237199 
-4.080623648663 
-3.316830138430 
-3.361954296625 
-3.049006315292 
-3.465453426502 
-3.459613974236 
-3.553132774828 
-2.827927879032 
-2.710122997755 
-3.608049088380 
-2.905246859456 
-3.056399887832 
-2.798703949721 
-2.918327371649 
-2.522303460629 
-2.625154543181 
-2.115399492058 
-2.115607361132 
-2.823252455181 
-3.225536582667 
-2.442466328540 
-2.963228961802 
-3.187140161922 
-3.205553492307 
-3.836092696608 
-3.236747624475 
-3.571777621260 
-3.409131923607 
-3.812912233404 
-3.405414574190 
-2.727821461264 
-2.780865502120 
-3.343816226503 
-4.192087404760 
-3.694932566691 
-3.536938712422 
-3.608465245810 
-3.430410233838 
-4.472333953995 
-4.193027168401 
-3.818429783693 
-3.838497514649 
-3.597294944733 
-2.906489833481 
-2.741813549218 
-2.771466512356 
-3.548428555866 
-2.840300161346 
-2.757865341155 
-3.605954377366 
-4.973207486140 
-3.902272197502 
-2.954270820913 
-2.732698708856 
-2.357041594755 
-3.110772210928 
-3.029194202640 
-2.942228119950 
-2.800782556215 
-2.365928078662 
-3.106523453980 
-2.720569092131 
-2.889882050948 
-3.014341786544 
-3.204451320546 
-3.292484239328 
-3.008282626052 
-2.487945751729 
-2.384018081314 
-2.264113478194 
-2.366775827274 
-2.255672336741 
-2.268163852643 
-2.942395920385 
-2.847451333314 
-2.770391353734 
-2.906204191037 
-3.081360432414 
-3.847027583500 
-3.789286125794 
-4.347628242030 
-3.765607135897 
-2.911018537135 
-2.928521131871 
-3.434987727977 
-2.603057502478 
-2.660060220774 
-3.630032795088 
-3.926986938852 
-3.464962015974 
-3.681513440317 
-3.228736199541 
-3.957159169418 
-3.705413051121 
-4.161219166427 
-3.285818489518 
-2.744781924242 
-3.988083148112 
-2.692365445370 
-2.934494307423 
-2.527105198439 
-2.981933681143 
-2.903297082051 
-2.474701001556 
-2.463991440231 
-4.095204969544 
-3.147763478111 
-3.264359479651 
-2.795259793021 
-2.478260295218 
-2.495360450213 
-2.859546524167 
-2.555022610163 
-2.722080372182 
-4.042050200293 
-4.240308574240 
-4.336051968968 
-4.076543715005 
-2.718535660895 
-2.893989902705 
-2.558380407773 
-3.080901112060 
-2.951105705861 
-3.422699990352 
-3.726731882972 
-3.709626899906 
-3.661435376088 
-3.551710140926 
-3.494364547317 
-2.405639271140 
-2.748893985526 
-2.733335371033 
-3.721196359287 
-2.960994421399 
-3.043613882052 
-3.165633064257 
-3.504774423400 
-3.792873074493 
-4.109625945960 
-3.865299392218 
-3.634877202188 
-3.131124123272 
-3.860402322325 
-3.875918579770 
-2.838698408661 
-4.173116991299 
-3.709551972474 
-2.698633465647 
-3.155245828645 
-3.843408769917 
-4.022752920138 
-3.377481566730 
-3.348246970207 
-3.282986378082 
-3.362073534481 
-3.399443584571 
-2.418665836256 
-2.711663704270 
-2.883678993432 
-3.485247542111 
-3.218282048052 
-3.484029589404 
-3.513878868538 
-3.349169520225 
-4.232803627275 
-3.221398601914 
-4.292276984123 
-2.889723939637 
-2.501635931990 
-2.973182001646 
-3.204293410359 
-3.213017385384 
-2.968432263645 
-2.627115385147 
-2.813663861034 
-3.265632374542 
-3.272557387498 
-3.554431128826 
-3.286621278200 
-3.336317572582 
-4.328743296565 
-4.493381866604 
-3.715898787545 
-3.627762979846 
-3.049414572577 
-4.171368751313 
-4.064949500352 
-3.866612875544 
-3.538471935273 
-3.439869077459 
-3.785256049402 
-3.332667416412 
-2.713774899553 
-2.595559701152 
-2.903895823912 
-3.155274433516 
-4.086309901326 
-3.463262101160 
-3.139195096459 
-3.107313684485 
-2.972970551767 
-2.487866416481 
-2.987538879764 
-2.998623917289 
-2.938498759451 
-2.792915578173 
-2.803256448414 
-3.427189817859 
-3.878208971038 
-3.944472197782 
-3.264859982950 
-3.923488229971 
-3.608902030036 
-2.552822824556 
-3.219392410867 
-2.518292174928 
-2.655624648429 
-3.204716909789 
-3.471880412344 
-3.477255382983 
-3.272871705438 
-3.279022594205 
-4.699296713297 
-3.485629864793 
-3.919159922433 
-3.852814503797 
-3.126857495090 
-3.154148766999 
-3.623825339935 
-2.642741840819 
-2.512590347223 
-2.378617227737 
-2.597369171048 
-2.523117817524 
-3.850786200495 
-3.174228573999 
-2.260829312045 
-2.245740155691 
-2.725036587561 
-2.910476543833 
-3.174950875653 
-2.865807996170 
-2.449252870773 
-3.191132121355 
-2.475243685596 
-2.345050041751 
-2.479467681430 
-2.391708048574 
-2.712109364173 
-3.497946548130 
-3.093964402951 
-3.230549905608 
-4.386692836163 
-3.957691023684 
-2.761562608706 
-2.632814411174 
-2.664872016389 
-2.781632555223 
-3.705427804084 
-3.786094714762 
-4.128833073423 
-3.666694030118 
-3.114253147370 
-3.100883155855 
-3.100356793184 
-3.088390191696 
-3.123047453536 
-2.764932042726 
-2.772480034901 
-2.283063553789 
-3.591344798738 
-3.309613041262 
-2.703508263271 
-2.847517133719 
-2.950883156022 
-3.350720228193 
-3.848464225178 
-3.232618370667 
-2.909238996324 
-2.888819265939 
-2.948043630361 
-3.348562506509 
-3.299512412037 
-3.670210063705 
-3.838084985148 
-3.377391839678 
-3.258492962896 
-3.167053690552 
-3.464504356813 
-3.373920276588 
-3.053879570789 
-2.542801743885 
-3.615009798844 
-3.977684801335 
-3.349743486116 
-3.388217025668 
-3.873109136516 
-4.169213729052 
-4.047310534248 
-3.619336818142 
-3.208173859441 
-3.328515709586 
-3.878251642842 
-3.364324759265 
-4.038447154942 
-3.101956224211 
-3.240652255522 
-2.606047561705 
-2.129972819208 
-2.766809177281 
-2.868327920069 
-3.432398340261 
-2.368711193995 
-2.611536362739 
-3.323791698058 
-3.785588360720 
-3.781983656803 
-4.474006649262 
-4.024689411411 
-4.652163640899 
-3.665578360760 
-3.652984227821 
-3.210607594038 
-3.716504388998 
-3.320895922232 
-2.935003823885 
-3.122809189796 
-3.814884460140 
-4.281989204491 
-3.821339515003 
-2.501239738155 
-3.117425499476 
-2.597587021098 
-4.125114061732 
-2.452853970957 
-3.156910835347 
-2.913362766387 
-3.036691029375 
-3.094552984247 
-2.897844624091 
-2.749205088285 
-2.722543017819 
-2.439505637151 
-2.503019465173 
-2.769344011114 
-2.870923398696 
-2.909168205199 
-2.527334513852 
-2.768106923203 
-2.592972903170 
-1.677919537361 
-2.160092370275 
-3.046353376850 
-2.707997235038 
-2.260959556250 
-3.105517576129 
-3.012818053832 
-2.585375648491 
-3.073285719874 
-2.389778488274 
-2.451137060017 
-2.417686552687 
-2.342031209298 
-2.627985562166 
-3.890431088305 
-3.086973527075 
-3.361659219685 
-3.262262034247 
-2.949766602905 
-2.918981118719 
-2.779044234586 
-2.796616069015 
-2.839589826085 
-3.270231189713 
-2.892606655099 
-2.355923350035 
-2.723957017329 
-3.074828377109 
-2.972023651841 
-2.662981964238 
-2.521242578609 
-2.705535567685 
-3.258339217407 
-3.087200695861 
-3.795939761409 
-3.135659588868 
-3.256513477342 
-3.580925589158 
-3.326538201851 
-3.523517446633 
-3.629920974939 
-3.261030175546 
-3.341259021463 
-2.912452473302 
-2.309822891212 
-2.367789172579 
-3.204981893678 
-2.587337106253 
-2.725562507627 
-3.011509749840 
-2.211900044854 
-2.501544453630 
-2.458245529332 
-2.500868937252 
-3.496643517721 
-3.218733996140 
-3.299271729593 
-2.896403137980 
-3.271457956192 
-3.149799430880 
-3.868393381897 
-3.842884289228 
-4.429559123602 
-2.439483732522 
-2.310012804505 
-2.773288680744 
-2.186078718584 
-2.397858561486 
-2.161425118117 
-1.928889295229 
-3.106797577490 
-3.625832775555 
-3.017978903806 
-3.512757484948 
-3.041461318262 
-3.357598714495 
-3.321176140034 
-3.287241474374 
-3.653880352082 
-2.316583675187 
-2.484774933452 
-2.384200285134 
-2.445547268763 
-2.139893756108 
-2.822796942536 
-3.327482168897 
-4.272732097802 
-4.202579299800 
-3.240218342178 
-4.564695046774 
-3.237768239459 
-3.397347038326 
-3.666909096660 
-3.752788290484 
-4.332720993384 
-5.343039837935 
-4.332099381133 
-3.136836082936 
-2.932224912510 
-2.882491134622 
-3.803291512989 
-4.622528481175 
-3.713206924955 
-4.314246121709 
-3.718044264707 
-4.980274916923 
-5.141858219162 
-3.723826806192 
-3.733666391425 
-3.653380580037 
-2.740108452607 
-2.576480913625 
-2.300513739852 
-3.077252801126 
-2.721047235821 
-2.439122372105 
-3.140691545119 
-3.305103683690 
-3.224855758445 
-2.868391806741 
-3.955255062726 
-2.732389948656 
-3.222276635422 
-3.517542724092 
-2.914981985729 
-3.023301177681 
-3.158141498920 
-2.811870695711 
-2.652331773974 
-3.284226236532 
-2.988550824086 
-3.364047024026 
-2.612419172556 
-2.738975670641 
-3.039638958534 
-3.365163589562 
-4.522736964166 
-3.692819701275 
-3.699053461905 
-3.316024168352 
-3.181500197971 
-2.365036276612 
-4.419396251449 
-4.063549418485 
-4.348459335153 
-4.268318795385 
-5.076934518751 
-4.967373118047 
-4.300320607062 
-4.088787902937 
-4.917280313896 
-3.904717589884 
-3.030622793220 
-2.351199300923 
-2.640308450672 
-2.277876247847 
-2.960736948932 
-3.685811167812 
-3.844633293626 
-3.141711711866 
-3.594033245863 
-3.197211943231 
-2.924583986336 
-3.001471171486 
-3.005281069482 
-2.780754065957 
-3.272303703239 
-3.364852376357 
-3.019339347117 
-3.152087668137 
-3.369246800220 
-2.748252874893 
-2.574346902136 
-4.579684698457 
-4.427259003871 
-2.633342862409 
-2.735749470715 
-2.677076778238 
-2.965051873067 
-2.805900220877 
-2.673183958577 
-2.402268731306 
-2.679176611052 
-2.722961039302 
-2.486155235268 
-2.706695691031 
-3.142750491337 
-3.026617283415 
-3.426488540195 
-3.203324701884 
-3.364144554099 
-3.835375953057 
-3.695359348292 
-4.244950185744 
-3.150629108329 
-2.506741190238 
-2.646451612012 
-2.696216032078 
-2.890006266334 
-2.572906074408 
-2.387212654581 
-2.879445874246 
-2.769080734336 
-3.121469080237 
-2.893412802948 
-3.991130018487 
-3.693401424861 
-4.048278719264 
-2.809102523455 
-2.955340521584 
-3.359053738234 
-3.922740468665 
-3.637580684520 
-2.988412328890 
-3.509067822913 
-3.134223219174 
-2.690218749293 
-2.833450817933 
-2.669841555948 
-2.858427401039 
-2.544825016447 
-2.277882873224 
-2.964940391713 
-3.262316648200 
-3.355075901119 
-3.330345657045 
-3.153241382708 
-3.531212695800 
-3.152601030754 
-3.149299749154 
-2.990449323844 
-3.354530556831 
-3.124054894870 
-2.773813147398 
-2.518080080245 
-2.719301435162 
-3.077756608958 
-3.757984934718 
-3.494179853642 
-3.888631758914 
-2.776909017100 
-2.575417833749 
-2.827395336958 
-2.854225552299 
-3.250978099439 
-3.679016960325 
-3.250070544121 
-3.851489543743 
-4.207340830352 
-4.216578973245 
-3.500486763379 
-4.258789214638 
-4.254836538106 
-3.689341896234 
-4.219450166526 
-4.035950430702 
-3.497511625776 
-3.406244927245 
-3.578431812323 
-3.322802172472 
-3.858531542519 
-3.215815256866 
-4.174534064550 
-5.488731410953 
-5.336328032785 
-3.534966237585 
-3.370323136839 
-2.876365383011 
-2.780183242858 
-3.590951079828 
-3.494157124000 
-2.778868165099 
-4.504618116027 
-4.221944650745 
-2.598223363666 
-2.835197273629 
-2.647174516445 
-2.900555081801 
-2.556614278085 
-2.553238499770 
-2.627054906117 
-2.338194691832 
-2.867083015287 
-2.750701050547 
-2.599188867963 
-2.746824445759 
-2.648257994419 
-2.584689486257 
-2.681420262980 
-3.008951587358 
-2.570233376388 
-2.827421157263 
-2.798098897497 
-3.191541009086 
-3.339262246597 
-2.621847410830 
-2.213571120707 
-2.970089877053 
-3.083184459307 
-2.703783683974 
-3.533144955347 
-4.209718466156 
-4.466161593896 
-3.742276480194 
-3.760808096735 
-3.678598695328 
-3.372131983435 
-3.227934875473 
-3.288530278434 
-2.876992572584 
-2.920164484301 
-3.559705992965 
-3.512185608996 
-3.567197110870 
-3.309357527759 
-3.363996777380 
-3.618759124525 
-3.658852047458 
-5.309389008956 
-4.725178467346 
-4.383517543010 
-2.895696592766 
-2.889113783132 
-2.457385738217 
-2.404552647325 
-2.326625967225 
-2.440514161273 
-2.783682159375 
-2.617193724280 
-2.334603930292 
-2.742049499596 
-2.662044615070 
-2.910426927339 
-2.660683459707 
-2.747829933775 
-2.988876468194 
-3.285353354350 
-3.451188788584 
-4.031905019252 
-4.198180376529 
-3.047564600497 
-3.422504031314 
-3.220558631949 
-2.719093795982 
-3.208920989802 
-2.872151357533 
-2.895193326343 
-3.398910118125 
-3.308886121144 
-3.284275708186 
-2.752256274821 
-3.146503764918 
-3.073660094431 
-2.375991522688 
-3.037502114024 
-3.591064524132 
-3.339163999694 
-3.489881034664 
-4.221253972782 
-5.820071831393 
-3.877679130824 
-4.340958176188 
-3.768158933818 
-3.859107601029 
-3.554707997260 
-2.746996505223 
-2.798895044333 
-2.730696076208 
-3.322394170733 
-3.173246734054 
-3.544852442827 
-4.226158522656 
-4.099451404184 
-4.512552439797 
-4.344668938700 
-3.772493642798 
-3.869522901884 
-3.803061065314 
-3.311168108014 
-2.924523783358 
-2.437349938734 
-1.953969481280 
-2.515810172433 
-2.360342908436 
-2.540715257247 
-3.152819078950 
-3.202805422997 
-3.502321317211 
-3.742289300291 
-4.392870457170 
-3.905219123414 
-4.041605006884 
-4.451613840694 
-4.725466288055 
-3.671778479494 
-3.489605889467 
-3.554532270273 
-3.474614593454 
-3.825025475976 
-2.874101951686 
-2.366812642437 
-2.218067170165 
-2.062457104533 
-2.714801455850 
-2.423514890197 
-2.135686279555 
-2.525703190740 
-2.509133780833 
-2.389582881824 
-2.668929111146 
-2.831190187761 
-2.650223005985 
-2.962790427301 
-2.923883575716 
-2.942802717812 
-2.952021831177 
-3.400247592283 
-3.645657379094 
-3.107836049449 
-2.818501401554 
-2.840806179719 
-2.815592704889 
-2.909515035453 
-3.099587909289 
-2.951513724922 
-2.736818357573 
-3.052570661571 
-2.765144117043 
-2.331545991068 
-2.400649927099 
-2.350941171090 
-2.407119747740 
-2.566345138268 
-3.237280718204 
-3.771216884454 
-3.552408968591 
-2.947271843742 
-2.540937078664 
-2.950249695947 
-4.154858771092 
-3.694022901148 
-2.876995746688 
-3.349462604190 
-3.106993663261 
-4.457334469254 
-4.217500341959 
-3.192721415718 
-2.614675064548 
-3.267914836024 
-2.849240015743 
-2.529251056793 
-2.691047094314 
-2.699225614960 
-2.333435751130 
-2.553700785662 
-3.108935720203 
-3.261653651619 
-3.603598080699 
-3.512995457169 
-2.932797618703 
-2.911137933557 
-2.733686656829 
-3.317835673290 
-3.739511910485 
-3.205496776145 
-3.153432359890 
-2.898387738575 
-2.514153395262 
-2.714368152544 
-3.095745662447 
-2.810857666276 
-2.789039031099 
-2.529507809512 
-2.897680490846 
-3.745611750918 
-2.868198027988 
-3.081751991405 
-3.427379422994 
-3.831541342925 
-3.776955835108 
-3.820014578601 
-4.257532392127 
-3.450946965189 
-2.913346087396 
-3.796145980207 
-4.185161734038 
-4.446176706734 
-3.937857968740 
-4.347894788383 
-3.563359964429 
-3.277675895385 
-3.407761098276 
-4.439228829422 
-3.817899921973 
-4.096833764942 
-3.550721061685 
-3.675676513260 
-2.486852403147 
-3.378013400819 
-2.461675422167 
-2.341737089904 
-2.675992898746 
-2.582806407330 
-3.527521036829 
-3.484835769016 
-3.621978833067 
-4.585008895529 
-4.811349421380 
-4.122863066590 
-3.598463994665 
-3.903548078873 
-4.557384586278 
-3.498207853371 
-3.866187099893 
-4.027310137857 
-3.555595338547 
-3.351676929419 
-3.633871794246 
-3.548125130348 
-2.524253543112 
-3.422899419730 
-3.035028243696 
-2.827675880517 
-2.653303816136 
-3.042539488624 
-3.274035731924 
-2.586219177705 
-3.435574752488 
-4.037200968651 
-3.693671401210 
-4.467178290144 
-4.821611377665 
-4.125734317284 
-5.343018138439 
-4.965503526552 
-5.316278381265 
-5.535177640018 
-5.371554213420 
-2.877690076556 
-2.952622283901 
-2.718893769066 
-3.012470576700 
-2.655550728976 
-4.750682374741 
-4.687264238872 
-4.364826514611 
-3.088788333533 
-3.128308839449 
-2.838295790642 
-2.268506671200 
-2.878414683062 
-3.300106155151 
-3.140254412477 
-3.944181819084 
-3.307367437780 
-3.200805881565 
-3.695349040761 
-2.837793769285 
-2.672004609435 
-3.048115199630 
-3.356461383150 
-5.047992717479 
-3.831982693336 
-4.420179561770 
-3.877543585101 
-3.209847074993 
-3.939488035520 
-3.782542000217 
-3.597273458841 
-3.392030920899 
-3.992641322315 
-3.294551679147 
-2.784846828724 
-3.596283548246 
-1.896711120684 
-2.842855349345 
-3.248239406878 
-3.333586901168 
-3.334237988658 
-2.904777688424 
-2.605270327567 
-2.415508720368 
-2.466253545489 
-2.922577391857 
-3.207933896471 
-3.222468390105 
-3.422515183515 
-3.090555412475 
-3.159227990761 
-3.518742693816 
-3.114321440073 
-3.274740321299 
-4.388834762560 
-4.028028799660 
-2.958720045335 
-3.278736972070 
-3.134799523809 
-2.859621692387 
-3.101787850803 
-2.663079285576 
-2.791021637106 
-3.037327930762 
-3.048593714439 
-3.077503338807 
-2.573253775955 
-3.037310503393 
-2.542055993063 
-2.576624874413 
-2.806421621932 
-2.868894808031 
-2.955648474012 
-2.884420589622 
-3.711243011695 
-2.875564960014 
-2.666005371727 
-2.865640034053 
-3.393216329444 
-3.262238422003 
-3.308940177386 
-3.327765704760 
-2.887345674784 
-3.660011188308 
-3.444667523695 
-2.890268127042 
-2.183190306924 
-2.342592088215 
-2.632566241369 
-2.853050364799 
-2.437235406600 
-2.907451353528 
-3.271073149587 
-2.357031453687 
-2.530061332599 
-3.273378688673 
-3.142243870245 
-2.914958376036 
-2.440630903729 
-2.992849218001 
-3.621290481129 
-3.083520981566 
-2.495523068922 
-3.300396862221 
-4.168085186196 
-5.075231313075 
-3.064448955259 
-3.045440139983 
-3.540057237138 
-3.538631311821 
-3.544010154507 
-3.417232314674 
-3.583468878561 
-2.340640358416 
-2.272336998136 
-2.451961816480 
-3.021484960177 
-3.016124214663 
-3.026411315227 
-3.067521870127 
-2.963893094203 
-2.949234255539 
-2.802604486023 
-2.678168304188 
-2.959262834893 
-3.443278579412 
-2.990878577939 
-2.987182253917 
-2.577370444644 
-2.769088542246 
-3.155060320054 
-2.403670336451 
-3.100126410309 
-3.182257491567 
-3.561402546656 
-3.023366287334 
-2.851556631965 
-2.536763885656 
-3.057815588048 
-2.840196197567 
-3.222513297208 
-3.346257111769 
-3.808872833196 
-3.217556211894 
-2.045976614899 
-2.876705730323 
-2.788070508883 
-2.180299863143 
-3.084356677713 
-3.298181685429 
-3.416267574872 
-3.481288516736 
-3.628637800937 
-3.670067099924 
-3.439630094362 
-3.271992096478 
-3.121614943800 
-2.947183847603 
-2.770934142806 
-3.540321173275 
-4.010986997068 
-3.173660301053 
-3.021837478985 
-2.465522901968 
-2.683984000805 
-2.807633154281 
-2.780398157468 
-2.845469175936 
-3.040711802806 
-2.661732387015 
-2.660446222288 
-3.030801401214 
-2.888169059444 
-2.823025815665 
-3.380498817637 
-3.500382264168 
-2.680802464421 
-2.975531821919 
-2.937730960764 
-2.990254247211 
-3.063980691729 
-3.010162099480 
-2.559547842032 
-3.726380536754 
-3.039022453687 
-2.465296519062 
-2.689037573976 
-2.580678906397 
-2.573915805091 
-2.586654032776 
-2.979240016160 
-3.123658318051 
-3.966248970109 
-3.393119308188 
-2.949460320744 
-3.416387582729 
-3.666476387915 
-3.520046943366 
-3.516646631404 
-3.633657810722 
-4.006017537670 
-3.940074855007 
-3.872736174549 
-3.298656599385 
-3.436040909375 
-3.558183350339 
-3.640994190630 
-3.299477047237 
-2.529319802518 
-3.187059051127 
-3.046030943759 
-2.811908263621 
-2.887861102119 
-2.951199001951 
-3.126611981803 
-3.497978660847 
-2.902782051549 
-2.717312341789 
-3.611230461059 
-3.707948415827 
-2.576941192381 
-2.778561767968 
-2.965760482400 
-3.483012161194 
-2.984446679992 
-2.769125487064 
-2.425270347123 
-2.789067694432 
-3.227907988257 
-3.848202218333 
-3.150348399178 
-2.875750853512 
-2.592383253257 
-3.569700262535 
-2.783499594885 
-2.680216201056 
-2.573838997225 
-2.705591892883 
-2.910412675644 
-3.188987559778 
-3.157194999004 
-3.301272942873 
-3.422814830415 
-3.606177537173 
-3.323843190038 
-3.040677102374 
-3.456713041675 
-3.547804713317 
-2.727816341575 
-2.882396570561 
-2.888674713088 
-2.715664613831 
-2.524086066036 
-2.460245983272 
-2.442947806482 
-2.558836217432 
-2.964659386782 
-3.515683769132 
-3.572284737579 
-2.778413914571 
-3.696152171251 
-2.996031644155 
-3.047059720636 
-3.166554693815 
-3.678138335244 
-3.246200738283 
-3.286282055420 
-3.367021835975 
-2.981211346627 
-2.800872726640 
-4.354651288805 
-5.058362659897 
-3.552948947517 
-3.366228559921 
-2.841565764224 
-3.385324186630 
-2.749238557630 
-3.133195338395 
-2.945758581831 
-2.923584836521 
-2.864809835800 
-3.658253064064 
-3.104900280250 
-2.647134053343 
-2.947385955082 
-2.633078936120 
-2.543472626556 
-2.962091773220 
-2.531888743374 
-3.125320601080 
-2.511994362730 
-2.995015723198 
-3.171895739437 
-2.596673101982 
-2.558160052623 
-2.672523750135 
-3.369059161692 
-3.233384759228 
-2.280538891995 
-2.506793162471 
-3.266220866483 
-3.410277975709 
-3.752559150286 
-2.842481331251 
-3.519207315055 
-3.622389774628 
-3.726275733378 
-3.603016895681 
-3.459381431429 
-3.192034219713 
-3.083880192333 
-3.815797382476 
-1.936588057780 
-2.337805336727 
-2.382257234927 
-2.210221431592 
-3.240829786854 
-1.830749207785 
-2.760039184887 
-2.648581931853 
-2.960655513665 
-2.303175814910 
-2.899486471204 
-3.618842871067 
-3.397165960555 
-3.591610171408 
-3.332595107886 
-2.976605173249 
-2.791032438757 
-2.149699472908 
-2.706610235271 
-2.574673132427 
-2.748415075453 
-2.574402850732 
-2.328700646434 
-2.613133344521 
-2.851356570170 
-2.767319565171 
-4.029764652065 
-2.289920182394 
-2.563060938433 
-3.385592539435 
-3.329510841114 
-2.737125925841 
-3.234921308194 
-2.900181632092 
-2.881022054400 
-3.315350128879 
-2.935453703769 
-4.058249857045 
-3.863996267270 
-3.538555251135 
-3.090519008658 
-2.605828359527 
-2.636671152603 
-3.275542834939 
-2.750876261526 
-3.371054899650 
-3.578159448281 
-3.036406961932 
-3.009512024961 
-3.069572325824 
-2.490235797050 
-3.094188021178 
-3.259981784822 
-3.332616130872 
-3.607668878814 
-2.868516774665 
-3.471760930321 
-2.706577054809 
-2.538896037317 
-2.068281891014 
-2.127419870072 
-2.386833616413 
-2.533264659090 
-2.498501261525 
-2.980751329883 
-2.803519425599 
-3.030139482173 
-2.637990818551 
-2.807179564755 
-4.050326422608 
-3.222642305878 
-2.829320904830 
-3.202761882930 
-2.722369790814 
-3.295597393174 
-3.165052969244 
-2.398229896908 
-2.543859189925 
-2.045578573193 
-2.240892804049 
-2.949546238735 
-2.948186870942 
-3.131386948354 
-2.611698104638 
-3.815156977781 
-3.907415251443 
-3.642808961048 
-2.296568320499 
-2.417271959883 
-3.285781692351 
-2.984868310258 
-3.260679099645 
-2.716335647603 
-3.054872493872 
-4.305013253378 
-5.642817148634 
-4.822817748816 
-4.334495618426 
-4.232973803236 
-4.678780066940 
-4.549187698644 
-3.918454016038 
-4.386876153157 
-2.775476837727 
-2.651431256934 
-2.715773267232 
-3.166892283094 
-3.429784016782 
-3.237573221264 
-2.833595562224 
-2.586006242481 
-3.102676048201 
-2.285893163509 
-2.168855724478 
-2.361222690177 
-2.770024826974 
-2.769047127439 
-2.689625468515 
-2.718916137716 
-2.686583906895 
-2.425068025429 
-4.421356058462 
-4.215958643881 
-3.018855383003 
-3.910992980684 
-3.262535267658 
-2.850306910738 
-2.502608902163 
-2.846708444579 
-3.081587969493 
-2.371773727346 
-2.413912204337 
-2.121259889758 
-2.163615779027 
-2.853805294960 
-3.818706132652 
-3.468026280823 
-3.557193500863 
-3.865879097638 
-3.447329624019 
-3.522462731899 
-3.366436204798 
-3.224394112577 
-3.629247077481 
-3.276634886561 
-3.504622589177 
-3.406973304427 
-3.117991015101 
-3.163930472299 
-3.607268096451 
-2.993989266368 
-3.165131784947 
-3.490416083735 
-2.356566321369 
-3.358100325576 
-3.157523745702 
-2.787466259968 
-3.634908657455 
-2.687401639737 
-2.602447408359 
-3.474120104352 
-3.277621278563 
-3.671807767899 
-2.511258037827 
-2.715416250322 
-3.481006544624 
-2.717017292713 
-2.893819913358 
-2.583652892625 
-2.376409414457 
-2.462409154791 
-3.172756718515 
-3.108280663431 
-3.081368245838 
-3.861378279631 
-3.262193999732 
-3.929110590952 
-3.069830561085 
-2.499653799459 
-2.424512955375 
-2.707975373788 
-2.382316759734 
-2.083441622353 
-1.994711323218 
-2.685623898377 
-2.584480391003 
-2.826363948009 
-2.542656304205 
-3.092254083969 
-3.294931368532 
-2.709455877615 
-3.148518734983 
-2.918918220308 
-2.522188931781 
-2.618681558964 
-2.411902087869 
-2.496621118423 
-3.470967671548 
-2.998930103986 
-2.862985764281 
-3.570756413707 
-3.507337662019 
-3.933389469226 
-3.821800626674 
-3.402186218048 
-3.951957580303 
-4.070692134390 
-3.567583322065 
-3.591843907513 
-2.719366716012 
-2.706912139142 
-4.335725246358 
-2.768451492232 
-2.082592836764 
-2.807673691663 
-3.140675442309 
-2.560730119421 
-2.822860429048 
-2.927010892609 
-2.754403047399 
-2.947036938113 
-3.186942272616 
-3.564960801797 
-2.889783254327 
-3.690817244637 
-3.514864123578 
-2.646329684619 
-2.621248222369 
-3.508074858243 
-3.179493257230 
-3.168052786704 
-2.429180684982 
-2.359335955158 
-2.778700667081 
-2.359893879477 
-3.331560595593 
-3.592631193444 
-2.706382209494 
-2.962673739654 
-2.640987355488 
-2.242400585637 
-3.136981745826 
-3.272304712288 
-2.950616005243 
-2.584344717667 
-3.031456888661 
-3.167527912875 
-2.819247531887 
-2.753124689794 
-2.691797420691 
-2.845113297218 
-2.527519088044 
-2.529774527311 
-3.197987439588 
-4.253488765177 
-5.350939983095 
-3.255392064969 
-2.910757343584 
-2.801182792724 
-3.598741705727 
-3.503355746219 
-3.536989181295 
-3.111418955594 
-3.219566894998 
-3.022519061536 
-3.081518403539 
-2.737895363570 
-2.347328829680 
-2.539895644961 
-2.585696668927 
-2.807859046762 
-3.030513410613 
-3.090532678546 
-3.353638949393 
-2.792236797921 
-2.467654926592 
-2.772973015272 
-2.871923855452 
-2.046475421257 
-2.393543298942 
-2.618159464669 
-2.453907545903 
-2.556108250774 
-3.291545732315 
-4.015702569649 
-4.126531290503 
-3.794503691905 
-3.447800713725 
-3.307752843827 
-3.446469748279 
-3.442082000079 
-2.333006212479 
-3.096570617554 
-2.983246061194 
-3.273345771420 
-3.251037336153 
-3.910256200746 
-3.747968981613 
-3.605312325308 
-3.528091559049 
-4.978172646256 
-3.803637181563 
-3.463599216594 
-3.874404034667 
-2.839891969626 
-2.660283097035 
-2.718588722755 
-2.641205180600 
-3.122246387414 
-2.927920668498 
-2.644858392355 
-2.676526349286 
-3.037499161574 
-4.041662665777 
-3.951236832473 
-3.928458577777 
-4.322746665139 
-3.251218880452 
-3.528449831863 
-3.272433827475 
-2.531718035120 
-2.959616103143 
-3.443354528608 
-4.361038113851 
-4.313804545132 
-3.807308015150 
-3.339989355683 
-3.826165323368 
-3.213444029472 
-2.758446854780 
-3.007057628557 
-2.466233765337 
-2.723588489029 
-2.679685213428 
-4.535729094519 
-4.237297101411 
-3.476783311016 
-2.936395172740 
-2.914231664075 
-2.919707114460 
-2.291154685638 
-2.691818873057 
-2.614494099188 
-2.270588052257 
-4.978617822349 
-4.509751255783 
-4.378752951456 
-5.208483078713 
-5.912014740888 
-5.425236411110 
-5.190342923222 
-5.497571898507 
-5.521117481667 
-4.354993511312 
-3.307473329740 
-3.354141205388 
-3.602840869842 
-3.799605263049 
-3.311406366171 
-2.713616192899 
-2.585695410445 
-3.443177574855 
-2.677592352544 
-2.576443708800 
-3.096654876288 
-3.026807808090 
-2.908574199695 
-2.963979012395 
-3.717096125407 
-2.795739825795 
-2.603165184367 
-2.206960089793 
-2.586536815247 
-2.412509875884 
-3.092957876908 
-2.706681219363 
-2.978215579202 
-3.155918717624 
-3.115272044374 
-2.848237631107 
-3.180342957686 
-3.600884780339 
-4.286191525008 
-4.156929986003 
-5.106350360457 
-3.512829133892 
-3.819190376505 
-4.028140419240 
-4.273338017821 
-4.949515818787 
-2.740594088260 
-2.851612481461 
-3.125885282825 
-3.408335725217 
-2.924366154552 
-3.130637553634 
-3.843137192099 
-3.120595051651 
-3.616742954404 
-4.000293480863 
-3.300291529703 
-3.442133661486 
-3.776302697630 
-3.674911806208 
-4.006173372147 
-3.468189681353 
-2.403434276469 
-3.612511021638 
-2.959201332744 
-3.771967627119 
-3.536729507583 
-3.250302140623 
-2.677973539653 
-2.848037175218 
-2.694593832511 
-2.809588248821 
-3.110406820787 
-2.758953632302 
-2.922637525880 
-3.281757860305 
-3.692347258092 
-3.161669735155 
-3.044657933967 
-3.160529520898 
-3.196388876761 
-3.244532032638 
-3.183901709470 
-3.100727246762 
-2.999572714365 
-2.994114200597 
-2.904448146445 
-3.221432848686 
-4.596136003867 
-4.043582398083 
-3.612684021056 
-4.231776290600 
-3.367358690490 
-2.978586608448 
-2.963482328438 
-3.419026362686 
-2.837087641633 
-3.228065179716 
-3.032369585290 
-3.580411669936 
-3.477502574406 
-2.540560065858 
-3.452170228165 
-3.441046959199 
-2.879810597087 
-2.868537847509 
-3.584513224834 
-3.756709449483 
-3.739304201677 
-3.091249700973 
-2.888719929251 
-2.742788102430 
-3.084998168383 
-2.721532949103 
-3.306298995868 
-3.319039560651 
-3.349025897185 
-3.531432567449 
-3.702307266536 
-3.490602091608 
-4.484509404684 
-3.946403360022 
-4.521144597217 
-4.450049474820 
-3.852329805588 
-4.125097245564 
-3.917823669464 
-3.887160010360 
-3.375828690303 
-2.802284743635 
-2.853774658848 
-2.280897647136 
-2.959858315643 
-2.441211035041 
-3.823744311303 
-3.469247282256 
-2.340064915043 
-2.307461749279 
-2.973651808234 
-2.900350466463 
-3.948774675318 
-3.610803282722 
-3.795374004805 
-3.631651117181 
-3.512862984163 
-3.929676610449 
-4.073464327788 
-3.663018247774 
-3.700744906760 
-2.915986908018 
-2.793581229977 
-3.463883425174 
-2.507480037721 
-3.420871873152 
-3.938201909626 
-3.108106015314 
-3.199964268602 
-3.310435543405 
-2.508488209646 
-3.150088770176 
-4.235890890304 
-4.655268295924 
-2.886326323061 
-2.538568544882 
-2.878422308047 
-3.138342659915 
-3.121404921099 
-3.018384695451 
-2.605920708819 
-2.859579709011 
-2.713951121981 
-2.717908359681 
-3.072264563280 
-3.102640625986 
-3.336991583611 
-3.483581117586 
-3.574981469809 
-4.207263929435 
-4.351991847095 
-3.971442004744 
-3.821021838957 
-3.396656365128 
-2.735174999624 
-2.749205632256 
-3.268223567205 
-3.480299856322 
-3.982486644874 
-3.500368948580 
-2.550391008119 
-3.758335038441 
-2.735271924881 
-3.084149804275 
-3.047811514658 
-3.020929686115 
-3.070674370876 
-2.840118582282 
-3.301993316329 
-3.437857319188 
-3.005094997300 
-2.750499743833 
-3.030029126065 
-3.827411140239 
-4.123196376507 
-3.278245875565 
-2.837280591610 
-2.902590462007 
-3.193929973660 
-3.113767932608 
-3.002280577144 
-3.392505021314 
-3.992152239822 
-3.486732019252 
-3.408608188163 
-3.296125987991 
-3.593089501253 
-3.666050463810 
-3.841951312399 
-3.620668911688 
-3.357172285666 
-3.340281156013 
-2.461660418027 
-2.305366702265 
-3.119343114431 
-2.661736486015 
-3.519144542552 
-3.072283044528 
-2.957399517923 
-3.732882372319 
-2.880191833501 
-2.403751434239 
-2.556774770029 
-2.565825937234 
-2.394863272417 
-3.075473973705 
-3.747137335190 
-3.367653043971 
-4.551751664899 
-3.103602553741 
-2.683047637629 
-3.616098825658 
-2.454273666805 
-2.117632202131 
-2.767026099623 
-3.361444150873 
-4.149405504957 
-3.520659295508 
-3.673939691343 
-3.412036942653 
-3.024172396990 
-2.862976443626 
-2.374908289921 
-3.411083158714 
-3.066402485965 
-3.357322321917 
-3.420629609438 
-3.287507971610 
-3.086453452110 
-2.623245616850 
-2.355488600791 
-2.374268610086 
-3.030734544559 
-2.605281256472 
-2.763553104498 
-3.674585283867 
-3.997650587944 
-3.152387464100 
-3.377453156111 
-3.581654221834 
-3.376891474006 
-3.187814214121 
-2.836264136017 
-3.213961669372 
-2.947067723531 
-3.014788052832 
-3.257971951262 
-2.970509231674 
-2.775688245546 
-2.978243847307 
-4.094634303482 
-3.379016769957 
-3.361163000190 
-3.406933172926 
-3.357215006764 
-3.427908229830 
-3.175076769884 
-3.027337221305 
-3.162301970655 
-3.257511703064 
-2.882048652320 
-3.100816277924 
-3.493513775872 
-3.218059892118 
-3.835815658539 
-3.790993822842 
-5.039597682123 
-3.434308489514 
-3.541353354688 
-4.541692914257 
-4.284298245661 
-4.091176415778 
-3.698731057270 
-3.589003190854 
-3.751403445322 
-4.024581330713 
-8.925038182355 
-5.451637919050 
-4.674090551574 
-2.570738735705 
-3.305066040407 
-3.449929218175 
-2.674049984287 
-2.620063467961 
-3.116353121288 
-3.212798050820 
-3.067813630276 
-3.528093808333 
-3.583243448038 
-2.825429644811 
-3.369080831873 
-2.480185162017 
-3.403830408321 
-3.941196068971 
-3.327502499575 
-3.439903261232 
-2.729052412789 
-3.599125783559 
-3.700081427525 
-3.418886332478 
-2.240479499125 
-1.883318460566 
-2.308094222958 
-3.791338636993 
-3.886677902791 
-2.770339906471 
-2.850588303332 
-2.451949790946 
-2.615244774906 
-2.548107249368 
-2.630734592333 
-3.044711374687 
-2.644061697067 
-2.749817562634 
-2.553668044861 
-3.783294030636 
-2.843246142216 
-2.885222037819 
-3.369272761503 
-4.749805374033 
-3.597003034555 
-3.260323102468 
-3.000625706243 
-3.003611502407 
-3.909421615993 
-2.854474041344 
-2.265267051015 
-2.757025533954 
-2.917678527595 
-2.296113666764 
-2.516021337616 
-2.498999087469 
-2.052453223665 
-2.896402513975 
-2.744079812119 
-2.651573406491 
-2.869626769376 
-2.868378834594 
-3.494633879472 
-3.499419983928 
-3.089415635751 
-3.900273192212 
-3.152794296740 
-3.605836308613 
-3.489219712493 
-3.090097383429 
-3.209940016301 
-3.653418102070 
-3.225835846388 
-2.658506202445 
-2.778933000452 
-2.858384569405 
-2.491783179580 
-2.290826625189 
-2.138924220526 
-2.741716852861 
-2.762641582648 
-3.212017220296 
-3.672607207781 
-3.713728339237 
-2.991156876705 
-3.052079184291 
-3.157768297591 
-3.623823663722 
-4.339737354152 
-4.693490493969 
-3.832759055528 
-4.207744416184 
-5.270226678684 
-5.338941303941 
-4.348118723144 
-4.102951427880 
-3.871030668895 
-3.695914742227 
-3.088284640056 
-2.917265869346 
-2.178679695073 
-3.290261797520 
-3.778832248432 
-3.803186415638 
-3.022447064725 
-2.969609132199 
-3.046165892492 
-2.017407949478 
-2.479400639930 
-2.684466666504 
-2.450288826865 
-2.593993784291 
-2.973565122495 
-3.402238125966 
-3.229165113825 
-2.848632185987 
-3.277826939686 
-3.262763313211 
-2.800937179022 
-2.861560294092 
-3.534194971222 
-3.516403495282 
-3.129243099702 
-3.007428858802 
-2.662108396073 
-3.253229388554 
-4.281336472162 
-3.304447876989 
-3.626927922965 
-4.316540690978 
-3.919675560647 
-3.804193530629 
-3.485848561956 
-2.993626524287 
-2.689787167800 
-2.113895018551 
-2.818170906837 
-2.728496194377 
-2.780772759842 
-3.061551487983 
-3.120903612467 
-3.215745308442 
-2.700920502416 
-3.613846792788 
-3.371171592210 
-3.063307863443 
-3.911085173364 
-3.706712268324 
-3.580080365871 
-3.039508558462 
-3.072526043233 
-3.144392534221 
-4.563007853765 
-4.997632654553 
-3.497209670601 
-2.978767982239 
-2.379405281325 
-2.862949770843 
-3.682663725813 
-3.171224388591 
-2.914151530436 
-2.824959219864 
-2.486856181276 
-2.665825618707 
-2.698134911297 
-2.758167567617 
-2.819900172031 
-3.468174230640 
-3.409990854144 
-2.477220925563 
-2.984099221273 
-3.294416844978 
-3.368876133285 
-3.548871269425 
-3.696634595633 
-3.249354680814 
-3.469426662761 
-3.228471170415 
-2.958087571686 
-3.760650863355 
-3.726033699135 
-3.083970218222 
-3.191860803484 
-3.277594647391 
-3.195145318874 
-3.188967558019 
-3.425216773221 
-2.577916298194 
-2.535421241963 
-2.968317960352 
-2.907843563027 
-2.641046785480 
-2.757695307541 
-3.281174258390 
-2.672001404615 
-2.866549613133 
-2.850388249334 
-2.963020834241 
-3.021879473012 
-2.780614177086 
-2.931057805200 
-3.294945282821 
-2.836168720098 
-3.003422186610 
-3.054786925171 
-3.814985665125 
-3.489549357800 
-3.588386709943 
-4.325998012074 
-2.841306961391 
-2.850721080373 
-2.354815839423 
-2.812683389968 
-2.760766017234 
-2.732077072492 
-2.420095811281 
-3.352804743050 
-2.510177020953 
-2.417320088900 
-2.672233068177 
-2.941793165788 
-3.292097288037 
-3.009306435370 
-3.172781641871 
-2.367814761833 
-2.272561429467 
-3.542529546074 
-3.436306034105 
-3.964894032107 
-2.830459736557 
-2.613380992642 
-2.714299596570 
-2.598723864957 
-2.958393961001 
-3.228973135719 
-2.447556457874 
-2.677962805080 
-2.447090525673 
-2.812947786449 
-2.594518475859 
-3.833553720839 
-3.265618389836 
-3.395139562569 
-3.256470589852 
-2.952167935957 
-3.103664204883 
-3.247103383067 
-2.979739195339 
-3.016953945316 
-2.827759814842 
-3.104484948373 
-2.644059878104 
-2.264361309711 
-2.882891941114 
-2.965895421410 
-3.603876855634 
-4.095442800895 
-4.025667128892 
-2.733044581101 
-3.499393977879 
-2.910140964014 
-2.835860052987 
-3.376572001646 
-3.636301385155 
-3.306020126125 
-3.092331990347 
-3.191797932830 
-3.423640375779 
-3.180725510387 
-3.440544859910 
-2.485231668381 
-2.963294491414 
-3.573449110347 
-2.212182852914 
-2.729764714527 
-2.597443270213 
-3.693645432446 
-2.871341982558 
-2.725469275064 
-3.188417207491 
-3.086651786587 
-3.347887768688 
-3.704779173605 
-3.928480101638 
-3.442482705545 
-2.907326070222 
-2.530015617965 
-2.359604549589 
-3.694067774684 
-3.501853677713 
-3.474255619689 
-3.184332107904 
-2.387171663207 
-2.759208172413 
-3.225860432754 
-3.319121943997 
-3.064953341235 
-2.475792128703 
-3.056297431661 
-2.965746723730 
-2.524690848878 
-2.777973019713 
-2.708673309847 
-3.147781675596 
-2.974646924926 
-3.500451537182 
-3.176117330475 
-3.548033015944 
-3.414829128923 
-4.288442830894 
-4.115309983679 
-4.562409283885 
-3.701699281059 
-3.528025680818 
-3.294363025561 
-4.456481217532 
-3.869298858919 
-2.562256855840 
-2.839438986160 
-2.496225929343 
-2.561717387323 
-3.898888244594 
-4.075537888738 
-4.342823729089 
-2.610590468582 
-3.397904097377 
-3.636884712544 
-2.920614963980 
-3.342050740875 
-3.393464460805 
-3.357069164890 
-2.947088768498 
-3.440933358563 
-3.796786825963 
-3.910063182972 
-3.368582763423 
-3.080771963268 
-3.090861313623 
-3.883949564097 
-3.110501165790 
-3.625926887750 
-2.814853929349 
-2.874247374615 
-3.572669588539 
-4.735944838111 
-4.633089466468 
-3.810221457951 
-3.687740832652 
-2.999017287084 
-2.560268367872 
-2.680475130533 
-2.836936323831 
-3.063012672731 
-3.660527369777 
-3.814942250255 
-4.040171755646 
-3.715983275938 
-3.023829798771 
-3.261791984909 
-3.534018454597 
-2.832938223725 
-2.794271791269 
-3.029304083863 
-4.626704944784 
-4.105974651551 
-3.545517823354 
-3.398589214631 
-3.941421532684 
-4.250117034668 
-4.590693621338 
-4.587635645053 
-3.871645161320 
-4.156217283228 
-3.507142156777 
-2.747704747373 
-3.130975272261 
-3.275512236112 
-3.800847601853 
-3.720490138530 
-3.546375473402 
-3.484496864809 
-4.384735136295 
-5.014185378780 
-5.067407248136 
-5.581737392181 
-3.929261394640 
-3.340131542510 
-2.665554500816 
-4.823057997290 
-3.749562481055 
-2.951521092354 
-3.029964887407 
-3.100287549366 
-3.000807896885 
-2.691962752746 
-2.796463265799 
-2.637778006716 
-2.421419308269 
-2.833439404767 
-2.606353307908 
-2.302850237426 
-2.620079628413 
-2.642797620963 
-2.990498685640 
-2.492010467914 
-3.521516070442 
-3.381980299974 
-3.022301751216 
-2.984244597301 
-3.343726256128 
-2.742953574304 
-2.710851568509 
-2.786076269119 
-2.587978669530 
-2.296000993855 
-2.181691404682 
-3.002156719859 
-2.541460446011 
-3.148433190372 
-3.053106610913 
-2.976298214626 
-3.002582762604 
-3.888281397511 
-3.285242191167 
-3.039062981962 
-3.050461836791 
-3.142483584033 
-2.797389825157 
-2.621223533687 
-2.933985711375 
-2.905957256537 
-3.616440263027 
-2.779809264304 
-3.044335962970 
-2.902823890399 
-3.053572064701 
-3.453391879407 
-3.815083449573 
-3.385549299813 
-3.100759186036 
-2.878187793559 
-2.434563293661 
-2.619084690239 
-2.484597894301 
-2.813511407231 
-3.061992986099 
-2.606627146677 
-3.202903865836 
-3.641101332787 
-2.820472149020 
-3.201714732973 
-3.921169527425 
-3.307109032019 
-2.570340355268 
-2.561746305935 
-3.046844760657 
-3.141086079869 
-3.212602911037 
-3.662234196057 
-3.817322019553 
-4.217648152635 
-4.585244741300 
-3.093142532488 
-3.069618033154 
-2.673868896102 
-3.137545410676 
-2.726279726786 
-2.558308996542 
-2.830582251766 
-3.126788435337 
-3.873804194392 
-3.481831317473 
-4.018905139324 
-3.188352668959 
-2.938070625154 
-2.759373040618 
-2.988646073792 
-1.655164697649 
-2.017544555764 
-2.745152027745 
-2.932711699812 
-3.016779987788 
-3.258468737536 
-3.143134353189 
-2.897010529759 
-2.892617624597 
-3.310865204042 
-2.889514985719 
-2.711480219476 
-2.958280136686 
-2.865557498042 
-3.119198003772 
-2.687163208123 
-3.091051201528 
-3.387646933329 
-3.117724325823 
-3.558278977381 
-3.138207635134 
-3.601738131818 
-4.551547033208 
-4.581826382888 
-3.261413204353 
-3.423476402689 
-2.981207494379 
-3.887034390302 
-3.651013763742 
-3.686080875062 
-2.380500243680 
-2.387439031497 
-2.815024727621 
-3.547589712707 
-2.042754353062 
-2.836415648466 
-3.207361728027 
-2.639284969227 
-2.766627529326 
-2.911822402690 
-2.972474788440 
-3.099085682826 
-3.016682408618 
-3.227084122128 
-2.626304477051 
-3.552112627109 
-3.568214622975 
-3.657308592493 
-2.809544118741 
-3.865987189706 
-4.104717409646 
-4.184410683308 
-4.215902308405 
-4.237226949910 
-3.760996624174 
-3.071595152532 
-2.680165141688 
-2.570678617701 
-4.450651059040 
-3.799770493614 
-3.012387576969 
-3.173375494181 
-3.190634013900 
-2.785668069126 
-3.133980973947 
-3.112825885804 
-2.996112621761 
-2.921359613087 
-2.821418508868 
-2.456797520377 
-2.701442099188 
-2.997760296774 
-2.744149679214 
-3.177200848300 
-3.122915301603 
-3.141829808129 
-3.078326271099 
-2.513679045922 
-3.870537057637 
-2.800910970414 
-3.267804823836 
-3.156510971609 
-3.455321209050 
-3.271011041626 
-2.734113708518 
-2.883017570056 
-2.952195620185 
-2.883227940618 
-3.674905038499 
-3.566914253827 
-2.446049460746 
-2.649962764110 
-4.113784517891 
-3.945017843547 
-4.010679014526 
-4.137616334702 
-3.873744031576 
-3.219503037756 
-3.520921941282 
-3.192286321208 
-3.224959596034 
-2.739765869221 
-3.059329758613 
-3.131311942178 
-2.853434155298 
-3.054550527767 
-2.855865784910 
-3.256743054719 
-3.167202721113 
-3.023450519816 
-2.881864643161 
-2.636703880578 
-2.815510980435 
-2.650842690013 
-2.487045772206 
-2.861448213281 
-2.773007512738 
-3.804704345687 
-4.333526481902 
-4.209185573120 
-2.990102892582 
-3.461258941349 
-3.789751517658 
-2.766625988231 
-2.888451306479 
-2.967633844800 
-2.517536877549 
-3.209074533692 
-2.597323097170 
-5.210981522318 
-3.814540903284 
-4.198685560108 
-3.548077309389 
-2.914041300238 
-3.064462774727 
-3.797812499446 
-3.839895738358 
-4.099738170698 
-3.472729648006 
-3.828766845217 
-3.799214352490 
-3.573627813172 
-3.923243115442 
-2.976337319336 
-2.207059338784 
-3.522943906738 
-3.471504092713 
-3.422250982374 
-3.221219569808 
-3.190685395841 
-2.932303932267 
-3.099734251576 
-3.479501851641 
-3.530374263483 
-3.529873263706 
-3.307721690492 
-3.542235018367 
-2.923834672376 
-2.970826037347 
-3.339387471017 
-4.151164575806 
-3.619003548718 
-2.705370583059 
-2.409777598889 
-2.857218053262 
-2.576420766483 
-2.631847851670 
-2.965469395996 
-2.464896982213 
-2.641903942884 
-2.797886561737 
-2.442860209868 
-3.141372477782 
-3.788229989414 
-3.358265484864 
-3.697912223932 
-3.276581877899 
-3.400354254554 
-2.644537022377 
-2.628528394910 
-2.658522901983 
-3.230084537140 
-2.721688937545 
-2.744839072386 
-3.527222913377 
-4.012097236610 
-3.182720543941 
-3.535429391749 
-3.177573949049 
-2.599281345923 
-2.741878188587 
-2.989632365881 
-4.412766197460 
-3.155963220218 
-3.058711120655 
-3.129255387689 
-3.538088744829 
-3.318767067898 
-3.843305294584 
-2.491685688281 
-3.059959437787 
-2.738073342649 
-2.808745031898 
-3.000527738188 
-3.246770273742 
-3.412424770382 
-3.476654404850 
-2.754643298355 
-2.681629024607 
-3.022599803876 
-2.845609176350 
-3.362155208117 
-3.724623128380 
-2.898783128983 
-3.087593577986 
-2.725204446979 
-3.566605886447 
-3.117498681627 
-2.524232670944 
-2.322848474076 
-2.348975367176 
-2.785105416484 
-2.685743356764 
-3.211049383825 
-2.998212077657 
-3.198439823092 
-3.338353123867 
-2.840535845578 
-3.049773482119 
-3.078573586938 
-3.054157965987 
-3.149889758482 
-3.881844228953 
-2.952885288904 
-2.894292219605 
-2.851714920628 
-3.213149775449 
-3.973676720774 
-3.220069387833 
-3.040504235664 
-4.092051517645 
-3.376619410403 
-3.534040927510 
-3.350026159909 
-2.933481340656 
-2.957877297159 
-3.014971622160 
-3.532750081852 
-3.573305696121 
-2.648426787162 
-3.211217910732 
-2.682059156577 
-2.456877959604 
-2.376821174739 
-2.282942869329 
-2.432339967112 
-2.263292650552 
-3.186546238968 
-3.362330167887 
-3.552656158080 
-3.436919380726 
-4.317004238096 
-4.316937054627 
-3.172568646523 
-3.044542484422 
-3.419541659162 
-3.501267904787 
-3.402786122210 
-2.216823769531 
-2.604288366590 
-3.040306740465 
-3.171019390754 
-2.585877031704 
-2.623922410441 
-2.562225097832 
-2.826248168569 
-2.479375276186 
-3.059535343716 
-2.448895717294 
-3.007998073671 
-3.333599705754 
-2.971384367907 
-2.346109563603 
-2.337357470328 
-2.428429418382 
-2.262460870930 
-2.549758646839 
-2.406184288964 
-2.730346110620 
-2.553008717357 
-3.713047519661 
-3.397260213277 
-3.145335519859 
-3.138647104484 
-4.622206214972 
-3.394220809623 
-3.565326233613 
-3.412774491980 
-3.935852188672 
-2.934219838499 
-2.188512424010 
-2.940839214733 
-2.763332162961 
-3.066075919892 
-3.193169622179 
-2.654267018354 
-2.695764677775 
-3.107366919604 
-3.308176142892 
-3.624452390414 
-3.481198041227 
-3.573096226247 
-3.506229715250 
-2.906674149339 
-2.411316572238 
-3.357936656358 
-3.313147711700 
-2.731604505768 
-3.428770736561 
-2.519806583740 
-2.221708901558 
-2.773730831162 
-3.149974351807 
-3.620269537267 
-3.057294333839 
-3.027854770457 
-3.262644790628 
-3.076095048939 
-3.376528339770 
-3.199451324516 
-2.854103633885 
-2.282164118357 
-2.168301527256 
-2.424149053619 
-2.323299191921 
-2.311091125186 
-2.469163350259 
-2.038750069669 
-2.232744473762 
-2.661632871299 
-3.345095011949 
-3.420451390484 
-3.813017104635 
-3.069029160116 
-2.952087414279 
-3.047510139643 
-3.267583024437 
-3.204962805884 
-3.142151995061 
-3.342107341611 
-2.973772125606 
-2.691788084476 
-4.675086814806 
-2.698424003845 
-2.613908708066 
-2.881436670157 
-2.351567248279 
-2.523911085972 
-2.314635682600 
-2.559359506770 
-2.796630167090 
-3.273007135614 
-3.091724724330 
-2.683842028130 
-2.568835671966 
-2.658832190944 
-2.425478222220 
-2.905214881458 
-2.455473993028 
-1.995740369261 
-2.080064422058 
-2.502674281552 
-2.888580552623 
-3.599363091646 
-3.294876892396 
-3.285768256769 
-3.247037039591 
-3.740894117239 
-3.210389343445 
-3.116850148118 
-3.358983786946 
-3.417430665448 
-3.237282889745 
-3.480847645371 
-2.857864070381 
-2.912950518614 
-2.409458787968 
-2.598254075509 
-2.767254510148 
-2.238894545870 
-2.485236365808 
-3.657418100967 
-3.939669349583 
-3.530506662795 
-3.180704192949 
-3.066659305616 
-3.060660841849 
-3.033127757063 
-1.968959931396 
-2.948563730450 
-2.655213261019 
-3.348425515095 
-2.820861433042 
-3.097554686483 
-3.337012896735 
-3.956095329041 
-4.443351723047 
-4.604659681282 
-6.419001552905 
-4.974417884953 
-4.517764336185 
-4.565503793790 
-3.710723884484 
-3.007117226813 
-3.863467049967 
-3.190646367706 
-3.188600213268 
-3.109541063640 
-2.987209067842 
-2.628164833711 
-2.842440800362 
-3.323141602507 
-3.990612464080 
-4.103278421305 
-3.094009411069 
-2.977714625860 
-2.585121798000 
-4.235209924150 
-3.936175092650 
-4.037751817177 
-4.500070886142 
-4.358009583252 
-3.372656041805 
-3.105096204923 
-3.155966098954 
-2.093251618408 
-2.715222841368 
-3.003996894988 
-3.213229775157 
-3.394372968845 
-3.730820302270 
-2.813970435098 
-3.661316222598 
-3.934159460747 
-3.750315790914 
-3.573633820177 
-3.566247357741 
-3.429075203168 
-3.177811399945 
-3.619888989243 
-3.514728621933 
-3.448625096831 
-2.396594735164 
-3.009366978082 
-3.092755652471 
-3.579329289897 
-3.720069440019 
-3.890265616104 
-4.303662847705 
-5.183003004201 
-5.201879245593 
-4.544133774984 
-3.549471758746 
-3.308130215921 
-3.524464464014 
-3.315614526690 
-3.364604865182 
-3.441616450006 
-2.951303465918 
-3.127404065919 
-2.850578081977 
-3.185762051281 
-3.410171765990 
-4.267182836128 
-4.424000676995 
-4.922995615219 
-4.734860614727 
-4.289701316289 
-4.444041110205 
-4.113190378045 
-3.805024408150 
-3.941371610646 
-3.914630264039 
-3.622139135904 
-3.682815018900 
-3.325365005092 
-3.573375737895 
-3.203057085902 
-3.351491619336 
-3.469295076763 
-3.276119602638 
-5.066447980329 
-4.381026451366 
-3.764656480626 
-3.506081996187 
-3.552797496900 
-3.532501776411 
-3.340854025345 
-3.129895054659 
-3.186074300463 
-2.395482969205 
-2.409568460834 
-3.050720876177 
-2.605332444356 
-3.235394409414 
-3.331206985974 
-3.543327484381 
-3.545388294493 
-3.510780654026 
-3.198764479645 
-4.530292006391 
-5.098668977860 
-3.726929501254 
-3.715443057325 
-2.991626627772 
-2.842863399436 
-2.662119485054 
-2.668081129320 
-2.563991656458 
-2.469992021702 
-2.732341351886 
-4.235331857685 
-4.111780374305 
-4.181711890949 
-3.965876672070 
-4.401223733398 
-3.649447549283 
-3.179966314510 
-3.399985453837 
-3.277238068169 
-3.534053138463 
-3.182146498810 
-3.189755054347 
-2.814624521000 
-3.007792198196 
-2.423385476859 
-2.831151068307 
-3.435319028803 
-3.134064297344 
-3.058978973115 
-2.880953763604 
-3.086921986146 
-3.348188282330 
-3.116499235875 
-3.002410929426 
-3.358595444838 
-3.696196204315 
-3.293828782169 
-2.911009567436 
-2.941212443438 
-3.352402889329 
-2.680179632579 
-2.880419924139 
-3.273025166094 
-3.270128350662 
-3.093408815404 
-2.670871875732 
-2.618887039193 
-2.678582850716 
-2.508733991066 
-2.397787595056 
-2.044118593473 
-4.340618147965 
-2.741725317898 
-2.844692453947 
-2.810822708365 
-3.316251335862 
-2.921802966249 
-2.754325584265 
-2.501223482000 
-2.700113431561 
-2.876414313546 
-2.959922940895 
-2.941121028409 
-3.177198895263 
-3.882547871294 
-3.624276173360 
-3.367121901058 
-3.195321338534 
-2.712007879326 
-2.831944202484 
-3.040255305608 
-2.741391790100 
-2.905092063638 
-2.675889498168 
-2.835199675737 
-2.652855012905 
-2.429388633100 
-4.488101122068 
-3.200710836143 
-3.491068232541 
-3.486247613047 
-2.743621414301 
-2.807421381839 
-3.064006451361 
-3.948005398705 
-4.575081327842 
-4.583060821383 
-4.929681499435 
-3.305357255968 
-3.689695321924 
-4.985809729199 
-3.378301015714 
-2.528039169095 
-2.694187974697 
-2.709216882331 
-2.725340801292 
-2.867134654633 
-3.040048771498 
-3.163459104280 
-3.298972474592 
-3.637612995281 
-4.068092030304 
-3.743773016729 
-3.407764091977 
-3.304321780500 
-2.871709797872 
-2.635492401473 
-3.151275373183 
-2.999674987931 
-2.670322544753 
-3.168021223308 
-3.276278202942 
-3.329758802257 
-3.666196915273 
-4.107979541234 
-5.052841296224 
-4.437806194114 
-3.122445177302 
-3.306976106664 
-3.712700629455 
-3.414597960865 
-2.864319884360 
-2.513813767607 
-3.010990816491 
-2.305231617130 
-2.963000107647 
-3.011739208803 
-3.002156911034 
-3.192595144738 
-3.933408930266 
-3.682187952508 
-2.817352551141 
-3.053342647839 
-3.642567430682 
-3.708144301275 
-3.045594306883 
-4.062863970570 
-3.775000130315 
-2.954655608329 
-2.690329363111 
-3.082108824233 
-3.110801588010 
-3.246281394577 
-3.664178567774 
-3.397319477895 
-2.943927968416 
-3.220134483949 
-3.239437685628 
-2.629122002183 
-2.634035026452 
-2.798566468758 
-3.170159211739 
-3.249685791064 
-3.572093794664 
-2.347063266709 
-2.780005505875 
-3.109187514274 
-3.403618249239 
-3.563569252790 
-2.895567131201 
-2.711999409831 
-2.483736135275 
-2.319350129003 
-1.693297446278 
-2.673737186300 
-2.838953859130 
-3.554051609162 
-3.138014317288 
-3.753501154910 
-3.462042451991 
-3.715467820698 
-3.115246777006 
-2.432800090288 
-2.356072591705 
-2.631312716480 
-2.157559972450 
-2.575554804576 
-2.407842847427 
-2.713154141420 
-3.269933557273 
-3.165474172660 
-3.320578147401 
-3.069757783622 
-2.666001116173 
-2.637724207255 
-3.212336313605 
-2.713592147156 
-2.815188396968 
-2.393539572967 
-2.565350750223 
-2.531553859007 
-3.137464406993 
-3.064593558126 
-3.341763430741 
-2.815660314187 
-2.868343081003 
-3.829334837530 
-3.681454152493 
-3.213762953255 
-3.845526814151 
-3.664655524376 
-4.222888491445 
-3.984936397206 
-3.733011025419 
-3.288375450777 
-3.057232699069 
-3.493175108287 
-3.617701251178 
-2.795966794789 
-2.966950280681 
-2.560148519303 
-2.278897750480 
-2.726108930863 
-2.339379487300 
-2.808478571588 
-2.713156858883 
-3.294417578882 
-3.263925224411 
-3.409623313819 
-5.488308911799 
-3.443821914265 
-3.429646144630 
-3.380617867258 
-3.169762333904 
-3.345715175219 
-4.052179132598 
-4.878225788942 
-4.715370291161 
-4.312894270006 
-4.288659286761 
-4.240030461022 
-3.517622580451 
-2.432348739275 
-3.281389298731 
-3.878553261247 
-4.674335878602 
-4.747037626912 
-5.078202264891 
-5.188590485505 
-5.327105068547 
-5.113910141636 
-4.946567414579 
-4.841808163915 
-2.841639579198 
-2.074744056077 
-2.324215532998 
-1.736890899128 
-5.348649985215 
-3.732873359671 
-4.533097305174 
-4.334541332590 
-2.715709309839 
-2.561543853970 
-3.356087544086 
-3.413439218043 
-2.736778996324 
-2.889323922880 
-2.974831638851 
-2.543217015393 
-2.660530605453 
-2.855891419557 
-3.027045868606 
-4.283314828466 
-2.860972058548 
-2.983597089265 
-1.862948582706 
-2.780054252144 
-2.708391537242 
-3.428485124007 
-3.466677167027 
-3.496451402763 
-3.788539446745 
-3.843846018435 
-2.878800568826 
-2.845795639501 
-2.963188152193 
-3.594729638484 
-4.142360081114 
-2.375386440707 
-2.245732685409 
-2.521681859422 
-3.090472440162 
-3.834443888582 
-3.074692841196 
-3.333992494670 
-2.526312694209 
-2.793777853223 
-2.614179799514 
-2.626504836026 
-2.674066430922 
-4.131084621380 
-2.664438826955 
-3.509376704715 
-3.224006151722 
-3.474579378087 
-3.380812652532 
-3.734646650047 
-3.308187652404 
-2.788165336822 
-3.683247711672 
-2.632430852221 
-3.278151693470 
-2.945544404604 
-3.250795643146 
-3.197761659894 
-4.278436372227 
-4.948619644773 
-5.819724163661 
-4.425988839211 
-4.204655720641 
-4.181503918080 
-3.552260709930 
-3.490655418121 
-2.938425543094 
-2.630517695703 
-2.039019699860 
-2.696197595558 
-2.885163512975 
-2.410164125655 
-2.755250222294 
-2.781660304350 
-3.147908353226 
-3.016902632719 
-2.926055470903 
-3.244257184788 
-2.815834286262 
-2.730710702475 
-2.838485187091 
-3.044685339420 
-2.712434289202 
-2.788742913056 
-2.250243713243 
-2.184445282502 
-2.610161805445 
-2.436938636324 
-2.693314796631 
-2.435025760879 
-1.897709035071 
-3.011998012361 
-2.919698057130 
-3.042045739375 
-3.405049010795 
-3.438238576192 
-2.592756660302 
-3.662933782425 
-2.840763520856 
-3.067039203144 
-3.207895803774 
-4.157476166169 
-2.933408061655 
-3.702251144984 
-3.654059952798 
-3.762562546886 
-3.786767252038 
-3.095619214829 
-3.915667036838 
-6.092837927963 
-4.661958586083 
-4.887548810703 
-3.147623424667 
-3.415924339375 
-3.344112788314 
-3.774854764197 
-3.092964399904 
-3.042924020177 
-2.283231654803 
-2.428001611121 
-2.720710253736 
-3.404682601324 
-3.283278987774 
-2.620251608977 
-3.055926154430 
-3.438481275748 
-2.666230551270 
-3.873914273243 
-3.765420226429 
-2.559747222260 
-2.648459923228 
-3.338358372781 
-2.935232868971 
-3.885569142080 
-3.613467052435 
-2.925344348245 
-2.837016733202 
-2.376469162524 
-3.013806982272 
-2.830463903378 
-2.886392575034 
-3.099429962939 
-3.449975660188 
-4.486157759852 
-4.714901486383 
-4.661578603573 
-4.286584676276 
-3.362858831219 
-3.174825257227 
-3.820574932469 
-3.941892021583 
-4.340080715541 
-4.266605028956 
-3.383440772556 
-3.888481126981 
-3.807625639667 
-3.879679231657 
-3.620697203776 
-3.409692253943 
-3.575647537907 
-3.429589624301 
-3.598804561846 
-5.250554061278 
-4.617481955844 
-4.500104255931 
-4.633019033300 
-5.133710449411 
-4.679797841682 
-5.316493448405 
-5.038173175207 
-4.253634529045 
-3.564703250425 
-2.754592720079 
-2.463512885524 
-2.874675406252 
-3.856872078165 
-3.665139018606 
-3.511352520569 
-3.165022811365 
-3.067226746879 
-2.869090414602 
-3.024292158224 
-3.311833470360 
-3.792682390541 
-3.623882804960 
-4.057836336918 
-3.489502785191 
-3.521297992348 
-2.561250161016 
-2.413125799959 
-2.924370506816 
-3.020509377396 
-4.467920806015 
-4.049087838061 
-3.575113496406 
-3.803867195139 
-3.659436482588 
-3.759289948019 
-3.732367264062 
-3.076619348804 
-2.453974131818 
-2.346335282794 
-2.524250401461 
-2.980570949356 
-2.680161557484 
-2.301764417153 
-3.594103835509 
-4.457341018086 
-4.209874238560 
-3.699250341176 
-2.662415062408 
-2.356370974403 
-2.827359190691 
-2.753250522714 
-3.221465472256 
-3.360444992061 
-4.132791172612 
-4.712328749711 
-3.425684517164 
-3.622456879319 
-3.528489251054 
-2.838487157576 
-2.398975905574 
-2.721156092173 
-2.928951915120 
-2.320102786338 
-2.379250806821 
-2.483025101056 
-3.210177726184 
-2.535834019829 
-2.961113297327 
-3.038654167537 
-2.922012627565 
-3.899735179451 
-2.922152645939 
-3.890668534873 
-3.717712900924 
-3.650140002403 
-3.677290670875 
-3.700567594652 
-3.277259717068 
-3.297814419793 
-2.966587430275 
-3.307876524391 
-2.780527802374 
-4.742744296199 
-4.364470260869 
-3.504593563767 
-3.355161425052 
-3.695332868519 
-3.762541583376 
-3.575808823815 
-4.212853973022 
-4.278297371030 
-4.167533149779 
-4.498879758470 
-4.534665615238 
-4.579910590498 
-4.375895522257 
-3.886805358015 
-3.924335118857 
-4.300174668458 
-4.440652235855 
-2.278192188529 
-3.440432174428 
-3.316173538061 
-3.223394346082 
-4.154406266236 
-2.161271966934 
-2.956107852541 
-2.839246769379 
-2.445883822157 
-2.508416393407 
-2.849080461602 
-2.560142565372 
-2.427420714055 
-2.632901330465 
-2.422355615745 
-3.211173408834 
-3.701881584278 
-3.254294083461 
-3.171066955654 
-3.049891783194 
-3.425164993920 
-3.837324154251 
-4.062901024835 
-3.069777904280 
-2.622373982782 
-2.909427715609 
-2.420241789023 
-3.133324033717 
-3.580687806237 
-3.260205685639 
-4.021553329047 
-3.295713560435 
-3.182497331365 
-2.880592912417 
-3.008406834843 
-3.120653866323 
-2.904530033388 
-3.041536951320 
-3.345759010325 
-3.273134409609 
-3.875961406693 
-4.058384664804 
-3.805637320459 
-3.673046579786 
-3.395711942764 
-3.764683473159 
-3.408579289299 
-2.752557960247 
-2.641071705557 
-2.634726632964 
-3.079026207956 
-2.783724650248 
-3.239620659731 
-3.896141541626 
-5.961548988836 
-5.837346184473 
-4.628125209262 
-3.876680247832 
-3.335965963260 
-3.217876677630 
-3.817275542084 
-3.841357037308 
-4.041224403095 
-3.623442560552 
-3.640717069197 
-2.229706110900 
-3.280067069376 
-3.221869132990 
-2.596241505609 
-2.410947999878 
-3.122353094793 
-3.210246810329 
-2.960600825710 
-2.948644621089 
-2.751816766547 
-2.918539449696 
-2.746567041723 
-2.514449059337 
-2.702119059771 
-2.998815431437 
-3.315796130961 
-3.284533613211 
-3.107100576912 
-3.846266368060 
-3.960075513672 
-5.016248812429 
-4.292497489551 
-3.787792444720 
-3.625867063471 
-3.910378952950 
-3.424173813211 
-3.019912782006 
-2.238384500847 
-2.041595153239 
-2.479124195949 
-3.186835422944 
-2.692699511796 
-3.604210330438 
-3.392623080136 
-4.323162258145 
-3.339544539134 
-2.992865370524 
-3.030946497200 
-2.392641702947 
-3.651839662384 
-4.151374318236 
-3.370864322747 
-3.279894086069 
-3.550637104753 
-1.977274325593 
-2.833000880763 
-2.833247690385 
-3.549960177905 
-3.372107535054 
-3.053192016157 
-2.633853864298 
-2.756246887955 
-3.916606096396 
-3.260362791038 
-3.125807002307 
-2.675485984689 
-3.008185653608 
-2.503722566182 
-2.617914543921 
-3.332100088599 
-3.742794119590 
-3.900188458551 
-3.157040184623 
-3.372730592215 
-3.787380129276 
-3.704681892747 
-3.556754874219 
-3.646029047897 
-3.439123853680 
-2.560204290447 
-3.753419002643 
-3.970196742280 
-4.046112845611 
-4.384733216314 
-3.511417356966 
-3.439318904239 
-3.073506840307 
-3.097762160789 
-3.207539533452 
-2.944231320321 
-2.936600889227 
-2.753337146715 
-3.057434619018 
-2.932462437891 
-4.175583041515 
-2.350322280769 
-2.502124465892 
-2.254136715620 
-3.062299202393 
-2.178926680730 
-2.796463244757 
-2.473540697129 
-2.271117445462 
-3.382971443352 
-3.404163960115 
-2.908371806810 
-5.935380333326 
-4.407702075420 
-5.577659816967 
-4.819971376501 
-2.960114867958 
-2.672453735501 
-2.827251109590 
-2.697171126850 
-2.948999643630 
-2.555632722546 
-2.754013897702 
-3.503426013659 
-2.672494643077 
-3.167254027510 
-3.257047528141 
-2.813124897809 
-2.675298547949 
-2.993655309572 
-3.726174408047 
-2.764802353688 
-2.737475814128 
-2.887007302078 
-2.903810329338 
-3.901411961780 
-4.139898772728 
-3.923920106158 
-3.801760001153 
-3.179121350137 
-3.660534255704 
-3.905960704844 
-3.296422736148 
-3.809386544599 
-3.718667197497 
-3.432055350002 
-3.217228959042 
-3.323707188591 
-5.361511661430 
-3.095620339307 
-3.098386723095 
-3.266906055611 
-3.155474105066 
-2.731564738758 
-3.826983012132 
-3.423839019989 
-3.108509379502 
-3.212611510582 
-3.406404132117 
-3.734440528345 
-3.556113301799 
-2.414373153997 
-3.767477344570 
-2.796611051293 
-3.063469724278 
-3.316862241451 
-3.046180908660 
-2.857185520936 
-2.872307746233 
-3.165964053761 
-2.994275499465 
-2.317433989630 
-2.616738548483 
-2.928131840219 
-3.199126481421 
-3.498824490565 
-3.406364291415 
-3.146806014991 
-2.712904987623 
-2.880460170810 
-2.944913390271 
-2.963553437412 
-3.466666164964 
-3.587545015878 
-2.499715596570 
-2.912955062052 
-3.142788163468 
-2.979791520168 
-2.914997299346 
-2.584735567585 
-2.719500577500 
-3.341297785521 
-2.989088464251 
-2.828534425924 
-2.634397640315 
-3.126880245333 
-2.988338605835 
-2.254977573833 
-3.056480302582 
-3.126478678389 
-3.667971811310 
-3.637949077986 
-3.642134010417 
-3.039709355214 
-2.295945427146 
-2.528820326079 
-3.074372949928 
-2.402594622374 
-2.243797937536 
-2.485238595194 
-2.800884502605 
-2.459362408780 
-2.445311831195 
-2.866132292437 
-2.956607042203 
-2.645900575311 
-2.393364968367 
-3.915224274287 
-3.193801311872 
-3.043756989323 
-3.272029024129 
-3.711483979211 
-3.851924717476 
-2.715721301863 
-2.252415786090 
-2.645905818975 
-2.414787774960 
-2.529278187378 
-2.443492442507 
-2.938531078365 
-3.398869004646 
-3.803625520326 
-3.180795636756 
-3.197870401919 
-4.132071528729 
-2.949958127566 
-2.940755840295 
-2.816909550885 
-2.508783262656 
-2.482024305649 
-2.268197002340 
-2.813959278797 
-3.629101095614 
-3.927324073206 
-3.677166418133 
-3.191427900823 
-3.584310654773 
-2.723317655234 
-2.895981361772 
-3.272410698937 
-2.859972977092 
-3.124994809155 
-2.935602534975 
-3.128148965331 
-2.588520887493 
-2.962378259740 
-2.690762575948 
-2.892878289232 
-2.847414776701 
-2.633135588193 
-2.476824130404 
-2.703409733082 
-2.566389250005 
-3.046096077941 
-3.648071580746 
-3.204901433050 
-2.840204908454 
-2.774012928132 
-2.344891754631 
-2.809016198633 
-3.095030559132 
-3.630071106369 
-4.131353469161 
-5.010889100262 
-4.426942850060 
-4.821632282080 
-4.498811160520 
-4.698552390626 
-3.676701923581 
-3.072873952295 
-3.221547059243 
-2.885541071738 
-2.462136692517 
-2.907209491831 
-2.639890705208 
-2.541523654867 
-2.454944696088 
-2.203326284773 
-3.207773062219 
-2.807036506148 
-2.584827161095 
-2.355160738676 
-2.598840783580 
-2.442806069095 
-2.262123276801 
-3.393601988986 
-1.975186522961 
-3.031080676149 
-3.426973403464 
-3.109867184804 
-3.040980028700 
-3.440701923068 
-3.347206725184 
-3.147601889729 
-3.488056313774 
-2.851621741856 
-3.385043016398 
-3.134814085603 
-3.380049918745 
-3.386399404257 
-2.998218064143 
-3.235940062159 
-3.185277702548 
-3.936332799819 
-2.676935356247 
-2.660626532003 
-4.151062284682 
-2.978820473616 
-4.040945551343 
-3.991615810775 
-3.031686574522 
-2.433451560170 
-2.461321114769 
-2.635043853756 
-2.542466908238 
-2.833352189935 
-2.914134108950 
-3.133715188127 
-3.176442387385 
-2.930125323735 
-4.140757915460 
-2.955419188520 
-3.779105162584 
-3.486418549039 
-3.183794791781 
-4.314579960796 
-3.718074692080 
-3.837867229215 
-2.952724240991 
-3.216804004034 
-2.418093983337 
-3.164567788843 
-4.362117472513 
-3.574019130848 
-3.845340150539 
-3.174392972573 
-3.621674000710 
-3.014423997905 
-3.284068789973 
-3.659413511951 
-3.549573004739 
-3.825417161168 
-4.538553405336 
-4.529760925416 
-4.250645505351 
-3.649884475079 
-3.327830445897 
-3.317521993475 
-2.521580662134 
-3.575964897072 
-3.511069405982 
-3.436442449347 
-2.776257285639 
-2.864169001583 
-2.744912607012 
-2.682739895003 
-3.007046054481 
-3.026265415381 
-2.390381137537 
-2.309946292238 
-2.901026636733 
-2.690136117266 
-2.747914348764 
-2.431320963001 
-3.572916402478 
-3.664349311160 
-3.976378706819 
-3.386228785639 
-3.731689672145 
-5.007380671966 
-4.992769526657 
-4.573431650724 
-4.940018562789 
-4.345232191495 
-3.912630414656 
-3.812024903321 
-3.384047450380 
-3.739075873261 
-4.180463619596 
-4.491287802716 
-3.863031853625 
-3.242031683936 
-2.917187615800 
-2.283920664403 
-3.275361638298 
-2.684765415907 
-2.908537092674 
-3.113198242147 
-2.879342235939 
-3.179558817395 
-2.715390978564 
-2.771762576132 
-3.413916607809 
-2.771656669086 
-2.802246766974 
-3.539893777652 
-3.185875179726 
-3.097196417287 
-2.883202503304 
-2.879386264418 
-2.881023016224 
-3.040523107408 
-2.884205850851 
-3.119414889144 
-3.579435037816 
-3.565560077330 
-3.591106921715 
-3.836274833964 
-3.709235151659 
-2.840036402984 
-3.151288706963 
-2.681493942474 
-2.427760505679 
-2.378572564805 
-2.243263684592 
-2.292796769724 
-3.117870664189 
-3.063437727173 
-2.918441372082 
-2.984707718762 
-3.061465996340 
-3.070328647042 
-3.575963739995 
-3.396015675479 
-3.301261889463 
-2.188454690291 
-2.226818491332 
-2.830543561313 
-3.001224314022 
-3.747357462541 
-3.975523904853 
-3.916921285290 
-3.891782890601 
-4.659712985624 
-3.993000809954 
-3.654716021611 
-3.505311803991 
-3.343666174492 
-2.709701911645 
-3.413000580490 
-3.102134288436 
-2.294948989391 
-2.321829165100 
-2.525839383927 
-2.317582216071 
-4.011935150725 
-3.567794410044 
-4.158121654462 
-3.265577457635 
-2.504112279656 
-3.160758635553 
-3.066406433584 
-2.999872771583 
-2.584078610642 
-3.010244261952 
-3.032819834741 
-3.523788683278 
-3.700925690951 
-3.575893577640 
-3.598084767271 
-3.441929350082 
-3.615345651126 
-3.183515677717 
-2.949257180893 
-2.113655014834 
-2.439970741362 
-2.712290606825 
-2.805763039476 
-3.265063143027 
-2.747047946271 
-3.071395924014 
-3.581594860574 
-2.968757620651 
-2.918817120824 
-2.475798046811 
-3.042671225952 
-2.665717686199 
-2.678989937858 
-2.193979173876 
-2.276262985184 
-2.550278204430 
-2.497078567865 
-3.394800833540 
-2.378568541115 
-3.207851794688 
-3.068270252057 
-3.033537555971 
-2.753928128229 
-2.602992326137 
-2.880192333289 
-2.980106123294 
-3.113076323840 
-3.383778246559 
-3.298411845874 
-3.095549904182 
-3.289983323756 
-3.144521609008 
-3.078999761004 
-3.027052013438 
-3.252578962767 
-4.480761089602 
-4.779237320225 
-5.115900299522 
-3.045386023793 
-3.007065322660 
-3.823851891803 
-3.710595714538 
-3.742081166796 
-3.606786571866 
-3.663832861356 
-3.848921161081 
-3.218897319742 
-3.964007263945 
-3.896222892124 
-4.382155793654 
-3.917684047941 
-3.712649930343 
-3.703437600565 
-3.294749612984 
-4.252367927955 
-3.344850939410 
-3.255270221392 
-3.480271899077 
-3.282927315224 
-3.638703654317 
-3.297480633950 
-3.363349897723 
-2.609129554216 
-2.814877166940 
-3.401613743067 
-3.704336376648 
-3.378506859833 
-3.243096147854 
-3.171649598465 
-3.728854198575 
-4.216711460733 
-3.000944102812 
-3.970495231619 
-4.007250546006 
-3.832941573854 
-4.110927475036 
-4.612434497015 
-3.997163307849 
-3.584369071664 
-3.368308269979 
-3.443167367623 
-3.135095170339 
-4.601328554754 
-4.318441737921 
-3.993706708766 
-3.159048241216 
-3.423985548554 
-4.162939423066 
-4.480871381779 
-4.157197127873 
-3.382826890026 
-3.723651486090 
-4.231684898507 
-4.453613278891 
-4.482323930763 
-3.359295094425 
-2.279211080399 
-3.224521031380 
-2.937933122046 
-2.815095841063 
-2.877032051557 
-4.473472127316 
-4.156316294762 
-3.210257776995 
-2.294055903924 
-3.291904653145 
-2.974101949481 
-2.421145625047 
-2.754581439669 
-2.789477053720 
-2.855147820989 
-2.993769172287 
-2.419751980994 
-2.992344063345 
-2.862245299946 
-2.657375920727 
-3.408571836447 
-3.796413125483 
-5.171076308718 
-6.198755698542 
-3.917223894625 
-3.602150011815 
-4.546974313558 
-3.825356281665 
-2.943524914836 
-3.586825470307 
-3.802083651838 
-3.646815919330 
-3.299236739000 
-3.254902429137 
-3.514296852664 
-3.373559898171 
-3.440222935161 
-4.308619809820 
-4.768573665012 
-3.439822723365 
-3.587931304626 
-3.399369654978 
-3.499528234917 
-2.059549653887 
-2.410810940123 
-3.782158705895 
-3.556397214805 
-2.770468968842 
-2.909230407148 
-2.673032832060 
-2.807567121295 
-2.737657623813 
-3.337072899823 
-4.059654935166 
-4.814196138245 
-4.667431947848 
-4.719374504631 
-2.653796335095 
-2.867522159641 
-2.891970269809 
-2.655670549488 
-3.049895890410 
-3.105242554937 
-3.179322682101 
-3.814024478331 
-3.670603269557 
-2.383070216360 
-2.303981915776 
-3.034359603773 
-3.400655993000 
-3.147266757682 
-3.498487915619 
-3.037454809325 
-2.833388951337 
-3.408270738272 
-3.642887829068 
-2.495307041852 
-2.628040663093 
-3.250083583678 
-3.764671137249 
-3.834143070450 
-3.711546308822 
-3.724702053715 
-3.154175725724 
-3.632437481999 
-3.889169073730 
-4.180105554497 
-5.005011868502 
-5.342572767132 
-3.858273153947 
-2.976634698645 
-3.500047127607 
-2.989034466669 
-3.381230282370 
-3.191287018119 
-2.456325877757 
-2.708613683878 
-2.617474145384 
-2.596187592712 
-2.812652615001 
-2.497316878633 
-2.778329893563 
-2.781114725335 
-2.146284847849 
-2.359936367084 
-2.429063065701 
-2.242340949200 
-1.823880572830 
-2.615909234240 
-2.356792784398 
-2.531545110194 
-3.172882780122 
-3.055150652462 
-3.122263163242 
-3.564573849180 
-2.799884485444 
-3.766550210054 
-3.412688536642 
-3.201497202729 
-3.693902692669 
-3.178267604028 
-2.974863395668 
-3.279654030026 
-4.095521028575 
-2.998601514920 
-2.694441489919 
-2.518595049763 
-3.205675050893 
-3.639244135722 
-3.640289560605 
-3.446038642219 
-3.414117242883 
-3.297562759158 
-3.251582718083 
-3.093019918447 
-3.669815692810 
-4.215874212190 
-4.167023334115 
-5.055324773302 
-2.947426998559 
-3.193643721290 
-3.185179863371 
-3.023496924921 
-2.970459747641 
-2.606289221355 
-2.496652507342 
-2.467823800976 
-2.436233719833 
-2.741733671918 
-2.498090156495 
-2.924513788236 
-2.865158197466 
-3.482187281427 
-2.697759478342 
-2.638088444177 
-2.341935662375 
-2.480395376017 
-3.023606626370 
-3.097536119385 
-3.425858401973 
-3.056335847581 
-2.412167011611 
-3.050044731912 
-3.211898695743 
-3.311394237974 
-2.742277361163 
-2.284463687404 
-2.154755384295 
-2.072378060707 
-2.611705899806 
-2.342267486881 
-2.644794586087 
-2.563591028515 
-2.802236545566 
-2.804398554823 
-2.831562092973 
-2.927653110702 
-3.009695119826 
-3.045813548137 
-3.044557579242 
-2.757136253634 
-2.517529858600 
-2.867289275853 
-2.961660432049 
-2.971347990165 
-4.199876925337 
-4.149233718593 
-3.763237656740 
-3.674458273600 
-3.204538785767 
-3.468936855332 
-3.556542877874 
-3.450779379185 
-3.564924025479 
-2.638270178541 
-2.918261175049 
-2.415464204432 
-2.411496797163 
-2.371875287766 
-2.581660395214 
-3.307247550766 
-2.914483035972 
-2.728492187650 
-3.131338495820 
-4.327900483582 
-3.070559735699 
-3.458463007061 
-3.456747967654 
-4.186464531062 
-3.530766378750 
-3.105547315287 
-3.298676440285 
-3.367561503993 
-3.409835999516 
-2.997432404637 
-3.102385048749 
-3.329315746878 
-2.874414311689 
-2.863092778345 
-2.588447132418 
-2.534487790491 
-3.777691153296 
-2.552980688924 
-2.518277019362 
-2.038571323094 
-2.771304948658 
-3.595626136437 
-3.489648729904 
-3.447581399629 
-3.039110806787 
-2.813734069619 
-2.950432975150 
-3.331241926083 
-3.407705534576 
-3.400781502045 
-3.861178673249 
-3.869270352887 
-3.920812020439 
-3.902288733204 
-4.164730509440 
-4.059482563566 
-4.417563534116 
-4.160029972892 
-4.954694946891 
-5.755345238924 
-3.582018525721 
-3.361008501340 
-2.534848356462 
-2.452490546730 
-3.196935579116 
-3.557891192652 
-3.211991066015 
-3.116827829222 
-4.797859631772 
-3.593711588112 
-3.511119536397 
-3.736752717556 
-3.996629831915 
-3.360873484149 
-3.838512887942 
-4.931989770416 
-4.353628514453 
-4.347197478780 
-4.753110242804 
-4.367935841205 
-4.416129224170 
-4.084853579880 
-4.532429358829 
-4.115485522574 
-4.706303863486 
-5.157194244844 
-3.602229992243 
-3.794510130587 
-3.888140555385 
-3.304402086142 
-3.022451099883 
-2.557729001649 
-2.572518393741 
-2.703443320641 
-2.842345655412 
-2.760734712212 
-2.746022486414 
-2.760715953398 
-2.947578181791 
-2.797057773276 
-2.588008805612 
-2.549027119618 
-2.564123907253 
-2.892139260280 
-3.013054970849 
-2.978452679928 
-2.468943742621 
-2.984201403002 
-2.773484108108 
-2.776913085776 
-3.325601781491 
-3.594866365750 
-3.292498305273 
-3.153195193808 
-3.019701841561 
-2.796473061338 
-3.815150291822 
-3.379696002701 
-3.658709267643 
-3.968849168395 
-4.045671515156 
-3.807573648015 
-2.859468119720 
-2.753052782646 
-3.036126536151 
-3.489603626938 
-3.768500532243 
-3.171609182796 
-2.835897635935 
-2.993993626272 
-2.881694517318 
-2.290347732803 
-2.687324730656 
-2.981433993523 
-3.172891396986 
-3.230667817508 
-2.545221863331 
-2.422998688258 
-2.373611793657 
-2.646104358227 
-2.596370596712 
-2.577799499185 
-2.475546863892 
-2.418434035793 
-3.293822315993 
-3.031660652096 
-3.301765776314 
-2.509043118743 
-3.023182613223 
-3.666650011884 
-3.067589331291 
-3.058325648074 
-2.814854615200 
-2.859464576551 
-2.283661839482 
-2.179709475838 
-2.753243181723 
-3.834612867097 
-3.649977034979 
-2.963455137971 
-2.928717861116 
-3.033028073342 
-3.560340210810 
-3.433654378436 
-3.526375652038 
-3.220819466413 
-3.191446497968 
-3.560646548262 
-4.230768974778 
-3.548193418138 
-3.217454452374 
-3.399708025358 
-3.119287668419 
-2.616950510697 
-2.553792201638 
-3.447914943551 
-3.300981987730 
-3.220692368787 
-3.094686356935 
-3.128356244959 
-2.696423707142 
-2.665149113174 
-3.399872345058 
-3.440069359438 
-4.246044431680 
-3.209365351153 
-3.343659221992 
-3.718694634606 
-4.255253255089 
-3.993549693491 
-3.974270601405 
-4.026308121856 
-3.269747751529 
-3.848205391057 
-2.395564865816 
-3.041958361189 
-2.443813588604 
-3.496342794041 
-3.128895980877 
-2.836088117112 
-2.577452807602 
-2.872773492005 
-3.212186952724 
-2.823062615751 
-2.954174085957 
-2.415567478780 
-2.821908041221 
-3.095404238440 
-2.907720049315 
-3.967285215196 
-2.960377961498 
-3.133805489838 
-3.603353495845 
-3.270882944526 
-3.218612734948 
-2.950090103200 
-3.831162358473 
-3.321893277485 
-3.611481473011 
-3.000928469693 
-3.348855083185 
-3.558921335256 
-3.342622459923 
-3.087172738980 
-2.579350144168 
-3.553853335428 
-2.453206894047 
-2.994933654193 
-2.635224871223 
-2.959328974512 
-2.483194751569 
-3.350919212165 
-3.310918193489 
-2.956727499998 
-3.851548745585 
-3.529363313623 
-3.087788955017 
-3.680708552587 
-2.909240133797 
-3.411944093060 
-3.079035236126 
-2.978888865275 
-3.673264208586 
-3.495696509253 
-3.487587132723 
-3.382702617777 
-2.892303287473 
-3.232499671668 
-2.836762272595 
-3.493108298579 
-2.708653833097 
-2.638834999281 
-2.943317110475 
-2.880236471499 
-2.852045347061 
-2.639035104385 
-2.764001099656 
-3.257533032526 
-3.182624153799 
-3.781266086763 
-3.748494728331 
-3.878263096857 
-3.637083182932 
-3.867757176694 
-3.231306535940 
-2.846403282699 
-2.992794979025 
-3.126913787242 
-3.684942620481 
-2.642825623437 
-3.389024757184 
-3.367680902824 
-2.961302257192 
-3.240216331752 
-3.156280747628 
-3.513166141308 
-3.526718047386 
-3.716725961487 
-3.558762958900 
-3.512295325136 
-2.636808372239 
-2.560661099259 
-2.663671620480 
-2.669330162279 
-2.505668540443 
-2.719402678022 
-2.842626013462 
-3.452966125103 
-3.977302912181 
-3.875420367787 
-3.211249340021 
-4.098081007342 
-3.713286693774 
-3.639938778600 
-3.349321471694 
-3.463434233282 
-3.314110471148 
-3.301494527333 
-2.468450580739 
-2.522522315908 
-3.561396738718 
-2.536960371971 
-2.775078303247 
-3.606161383041 
-1.947051086985 
-2.031977065058 
-2.799504064670 
-3.114791939418 
-3.156382061916 
-3.006274307920 
-3.638853928443 
-3.908766692464 
-4.666523424556 
-3.384076019909 
-3.635614007673 
-2.869037451947 
-3.603634864109 
-3.680948500979 
-3.399047913369 
-2.327347519648 
-2.540642614402 
-2.305680510854 
-2.643700397308 
-2.679226180295 
-2.492690175730 
-2.548153075507 
-2.687092138404 
-3.075973081243 
-3.408260532641 
-3.414623967757 
-3.225496482199 
-3.334296968162 
-3.190795844235 
-3.330302335895 
-4.033297080938 
-3.636839374556 
-2.511104238666 
-2.713490655147 
-2.957517013989 
-2.781794180207 
-4.281574303405 
-3.490419473771 
-4.217583046559 
-4.689423362749 
-3.223617361315 
-3.207689999944 
-3.673167970279 
-2.999476462567 
-2.715661070654 
-2.896209598475 
-3.054287633918 
-3.687237308547 
-3.720733734008 
-3.717010555165 
-2.887402804202 
-2.774628735358 
-3.427075831564 
-4.063125712261 
-3.408857633052 
-3.322380058720 
-4.133282229917 
-4.616031090324 
-4.400493253594 
-3.695640377855 
-3.512504326329 
-2.821457026008 
-3.090461655282 
-3.441147656724 
-3.673178369487 
-2.852978081496 
-2.641771857882 
-3.025735659437 
-2.505331699146 
-2.747149185016 
-3.038617217317 
-2.690664012034 
-2.866234442067 
-2.529530608694 
-3.570302590950 
-3.186519489686 
-3.513726946257 
-2.656323875309 
-2.929755389856 
-2.578706648023 
-2.658880404344 
-3.059737244709 
-2.522745559854 
-2.771591244453 
-3.244547754615 
-3.472367351038 
-3.510954751228 
-3.568671369922 
-3.365224076742 
-3.628338087181 
-4.109307220832 
-3.367753215427 
-3.197220893683 
-2.439570707576 
-3.192543831180 
-3.692842184410 
-3.321968635535 
-2.998840285574 
-2.479767711434 
-2.610971662080 
-3.146496757073 
-3.190349617356 
-3.278957326018 
-3.105061541972 
-3.294498365529 
-2.649683447380 
-2.883138542028 
-3.067535714563 
-4.036232704258 
-4.215237379372 
-2.889377691610 
-2.239444679085 
-3.382541689221 
-3.974029203258 
-3.595636860552 
-3.663921760031 
-3.403607436702 
-2.582314495627 
-2.861105602702 
-2.590278223542 
-2.665587202003 
-2.714257179499 
-2.686261662259 
-2.963617927388 
-3.900749617616 
-3.437111902194 
-3.324374372164 
-3.312000492414 
-2.996832592573 
-2.650775761927 
-2.759675188925 
-2.962299179432 
-2.868782783729 
-3.418312174199 
-3.199506959327 
-2.352766831257 
-2.913505292465 
-2.895019462171 
-2.865964344113 
-3.143440466570 
-2.487196008764 
-2.194055784546 
-2.276135218200 
-2.746664611697 
-2.781166760087 
-3.197364715795 
-2.640009464677 
-2.444739023792 
-3.539086341062 
-3.529174256163 
-3.984318608337 
-2.762783446136 
-2.954187878183 
-2.886644063032 
-2.369892403624 
-2.921804739905 
-3.951785856340 
-3.177974673189 
-3.877955781663 
-3.507091601263 
-3.462128109577 
-3.686184194953 
-3.217688496844 
-3.672019557856 
-3.048665032905 
-2.353337566887 
-3.093710945405 
-2.996410130551 
-2.111779343537 
-2.111339681700 
-3.469849726525 
-2.560903281051 
-3.216136726166 
-2.985665313742 
-2.505063809795 
-2.819122056435 
-2.630004952975 
-2.534966493095 
-2.810134436446 
-2.354874704274 
-2.681812744184 
-2.957022352441 
-2.480677710018 
-2.763710776884 
-3.404059908755 
-3.329777857763 
-3.102712841580 
-3.127899460088 
-3.219875449571 
-2.621237788795 
-2.992460374574 
-3.347348168193 
-4.119542507044 
-4.131280147643 
-3.798124200480 
-3.877988538136 
-4.053710557474 
-3.745710641536 
-3.287997533890 
-2.876166504325 
-2.840981186790 
-3.004695225785 
-2.804812923184 
-2.939639213224 
-3.872818482460 
-4.021928513851 
-4.086586538851 
-4.411765837498 
-4.318078265851 
-4.447741429196 
-3.222444462016 
-3.299757097748 
-2.665238185496 
-3.053130300801 
-3.401547435936 
-3.753979545680 
-3.346277776327 
-3.219281353380 
-3.273659678165 
-2.833324766450 
-2.873585596729 
-2.100738072392 
-2.526282276094 
-2.015028388662 
-2.083309416347 
-3.879394509583 
-3.413583247420 
-3.086382083810 
-2.987173176741 
-2.687136595535 
-3.583884732283 
-4.411264298718 
-4.008473838463 
-4.091471824642 
-3.458830030433 
-3.419001008684 
-3.174528093341 
-2.831244136800 
-2.592821040978 
-3.622055079134 
-3.613122120531 
-3.875080757435 
-3.450525950268 
-2.816612070842 
-2.739984233350 
-3.289392393994 
-2.949483847342 
-3.321753896632 
-3.032985105475 
-2.673770149088 
-3.636540509680 
-3.483053549411 
-3.290648954611 
-3.563025253066 
-2.413962267427 
-2.373711829162 
-2.200329793943 
-2.339228011375 
-3.249444585353 
-2.958010976688 
-3.433945559290 
-3.053167970560 
-3.258462191560 
-3.397331947452 
-3.307303383517 
-3.038162325624 
-3.693352144964 
-3.415950390055 
-4.223185638667 
-3.544598722411 
-3.324191145235 
-3.163951292955 
-3.224979036888 
-2.833936195376 
-2.674340045219 
-3.243085907289 
-3.486308998242 
-2.238146813969 
-2.605020235325 
-3.324349351421 
-2.397371976266 
-3.487000892507 
-3.203799157344 
-3.480528938958 
-3.670005575061 
-3.007391781802 
-3.142875754106 
-3.022705988280 
-2.377227010801 
-3.334764078743 
-2.090974297398 
-2.809951424829 
-3.819440176472 
-3.235523433675 
-3.572126124190 
-2.821457751741 
-2.167610003653 
-2.368837265636 
-2.670166762933 
-2.512525629601 
-3.232014645602 
-2.964641349126 
-2.803191693730 
-2.841657517351 
-3.035224696400 
-2.760710771338 
-2.634103327882 
-2.823337416999 
-3.382385861498 
-3.089421058123 
-3.078395726674 
-3.258957459259 
-3.108628388510 
-2.730439839456 
-2.971984843786 
-2.876381746056 
-2.715315704794 
-2.970359000416 
-2.868092977793 
-3.147763332479 
-3.033310338609 
-2.976488186535 
-2.712141939571 
-2.876657848815 
-2.759364648524 
-2.664887197527 
-2.050229638520 
-2.536504344071 
-2.633461526422 
-2.511096277003 
-2.453562984697 
-1.803244605985 
-2.690685560980 
-2.929007255185 
-3.716793026853 
-3.274273784580 
-3.912192738367 
-3.866981928095 
-3.216597215997 
-3.308890671186 
-3.348089420992 
-2.544894652865 
-2.611933442595 
-3.053267075974 
-3.148911189790 
-2.748038616704 
-2.900122866583 
-3.046118079647 
-2.972807053261 
-2.645516906996 
-2.676792622370 
-3.151656697193 
-2.705017815930 
-2.630494468344 
-2.580389306011 
-2.504544489507 
-2.649815883461 
-3.063203007301 
-2.832338122044 
-2.598782601346 
-2.482383818254 
-3.123600514400 
-3.821816999932 
-3.457162796660 
-3.539829697354 
-4.688089251259 
-4.542945052431 
-3.279790859902 
-3.180266323845 
-3.972902772934 
-3.636863791827 
-3.727082942913 
-3.943272319605 
-2.852261998609 
-3.212731055831 
-3.235144373308 
-2.727471143868 
-3.004169072082 
-3.187691750129 
-3.833654365077 
-3.350358261832 
-3.802773682960 
-3.459931900631 
-3.122754666022 
-2.640533320444 
-2.893708246305 
-3.144153213684 
-3.856079736862 
-4.083421533333 
-4.073284379969 
-4.267255244050 
-3.846682356821 
-3.594271556275 
-4.184495986661 
-3.020512082641 
-2.841325719934 
-2.395730824195 
-2.494190750530 
-3.098673774770 
-2.506192214155 
-3.163658677346 
-2.960427247131 
-3.261579872370 
-2.012939224543 
-2.252540246304 
-2.903506978381 
-2.705064116075 
-2.992210351474 
-2.988674280515 
-3.044183935745 
-3.611121563860 
-3.140192808532 
-3.019269455253 
-3.105856987690 
-4.002416117564 
-3.420697333948 
-3.852433217966 
-3.790439842075 
-3.605559487011 
-2.957360156934 
-3.073762137184 
-3.825145582467 
-4.025924863948 
-2.892780535799 
-3.055650946163 
-3.048410643778 
-3.503114902494 
-4.086082747547 
-3.754711434625 
-3.575382265510 
-4.090273625565 
-3.480264981935 
-3.649006873616 
-3.791330793979 
-3.100788898436 
-2.669245707958 
-3.116780006604 
-3.319299468598 
-3.115345176863 
-2.974819248904 
-3.149303023388 
-3.154850831175 
-3.031150823727 
-3.297799648235 
-3.276312110313 
-3.273604745356 
-2.422169094213 
-2.819074728941 
-2.512957047138 
-2.476254798789 
-2.954741183464 
-3.166446270809 
-3.099076421259 
-4.053781952454 
-4.508950300960 
-3.827633686309 
-3.934263606581 
-3.841055479266 
-2.917152257973 
-3.151132733226 
-3.573085544554 
-3.760028525868 
-3.368522218340 
-3.016341024892 
-3.027141901342 
-3.545189599464 
-3.185888450970 
-4.478366602289 
-4.076884952972 
-4.694850246428 
-4.124375119810 
-4.509967159044 
-4.122106362026 
-3.656002653889 
-3.477618823930 
-3.587142844921 
-3.422831928653 
-2.930273023229 
-2.903863667486 
-2.869291380834 
-3.351728761067 
-5.400023321102 
-3.822637761555 
-4.139607063202 
-4.099582721151 
-3.565870459262 
-3.569175370223 
-2.597679079030 
-2.588282005968 
-2.370120888294 
-2.930588781133 
-3.605709452711 
-4.311822429353 
-3.604030867105 
-3.742764289449 
-3.701339782032 
-4.057117975200 
-3.972502585997 
-4.785617701649 
-3.810763634764 
-3.227967969252 
-3.490229733110 
-3.289361545935 
-2.950155913766 
-3.011742228055 
-2.887936415014 
-2.595820877812 
-2.671053156457 
-2.723491101877 
-2.402689963884 
-2.547591024506 
-3.630290788790 
-3.932418063347 
-3.355229967232 
-3.012053683457 
-2.859457163905 
-2.939061276102 
-2.823327452517 
-3.806046418938 
-3.016773201828 
-2.720592363047 
-2.914321667634 
-3.165323636331 
-3.205306742854 
-3.719825475662 
-3.439271899182 
-3.021050092422 
-3.055578463774 
-2.847470904709 
-2.637759215328 
-2.817006236349 
-3.869638367261 
-3.535575830328 
-3.492038331292 
-4.126003017951 
-3.279537058298 
-3.756026798657 
-3.413068602980 
-3.639303755946 
-4.301636730268 
-3.981981062875 
-2.817992756103 
-3.095993813603 
-3.132612266115 
-4.081295559611 
-4.195329749500 
-3.560847179140 
-3.041864572632 
-2.955314080598 
-3.313396460971 
-3.186723446244 
-2.985066413196 
-3.702465411787 
-3.658313557664 
-3.925891821613 
-4.608850949041 
-4.717283193668 
-4.195372727028 
-4.858702822218 
-2.960502196324 
-3.269589435179 
-3.938533360322 
-3.298702013368 
-3.851926398131 
-2.655892230689 
-3.244124197290 
-3.503943466524 
-3.349490456101 
-3.128372868946 
-2.735323735148 
-2.738825223796 
-3.625507337817 
-3.739426062458 
-3.618884717663 
-4.164997530156 
-3.855360823357 
-3.255785750417 
-3.213117907848 
-3.135097871503 
-2.951418933006 
-3.909570264652 
-2.892805762328 
-3.333562563438 
-3.127236816536 
-2.386689690305 
-2.861305494516 
-2.783709926083 
-2.626774068531 
-2.481886272838 
-2.423952589633 
-3.086469654883 
-2.349135868817 
-2.262100972545 
-2.875527336290 
-3.369162609804 
-3.832085760035 
-3.138089862898 
-2.488235503414 
-2.996387339561 
-2.638804416572 
-2.937865335521 
-3.427163219227 
-3.121649650326 
-2.601231999588 
-2.912420700398 
-3.228144588656 
-3.303796209703 
-2.386084322859 
-4.180707793694 
-4.380628602560 
-3.325577772904 
-2.987746958765 
-3.344899712323 
-2.452098984994 
-2.560453418748 
-3.251772219626 
-3.209484272131 
-3.494889109085 
-2.886342092186 
-3.498729875752 
-4.255099469319 
-4.306510241659 
-4.999563938028 
-3.471097841400 
-4.211958920554 
-4.469994879982 
-4.230979558671 
-3.787388306027 
-3.326626836678 
-3.155264352214 
-2.863920415734 
-3.155460563632 
-3.898328949750 
-3.939568692263 
-3.166573244416 
-3.872872322330 
-4.080028169835 
-3.264595332560 
-4.101959723951 
-4.633960437346 
-2.531082324815 
-2.466805732803 
-2.285050570912 
-2.621940156118 
-3.595023721685 
-3.205591214371 
-3.277924918419 
-3.551744748108 
-3.175394236860 
-3.078915445232 
-2.850238214093 
-3.282134600912 
-3.600053809844 
-3.467820185464 
-3.417121319371 
-3.179239985029 
-3.704853768555 
-3.432665480735 
-3.044840020629 
-2.987952980582 
-2.335089653742 
-2.924324886261 
-3.940327853957 
-3.490784033894 
-3.434487495755 
-3.331033880264 
-3.604605015559 
-3.156246892436 
-3.242715188871 
-3.056162555660 
-2.608748160930 
-2.754336492349 
-4.032488939902 
-3.362654735661 
-3.162067047216 
-2.694002049959 
-3.495727959295 
-3.563653743055 
-4.478007415324 
-4.386996366525 
-3.312256646600 
-3.741913241659 
-3.631178175086 
-3.622665797797 
-2.491830159194 
-2.184130746279 
-2.365501701962 
-3.393218553987 
-3.059015324301 
-3.542968695915 
-3.447926127768 
-3.260949021301 
-2.940113320899 
-2.882045811969 
-3.097329125043 
-4.969579775923 
-4.131801537384 
-3.557062783402 
-3.850424418689 
-3.772740894510 
-3.953076336979 
-3.686053466615 
-3.457139496393 
-2.613235268176 
-1.953157974669 
-2.179227571186 
-2.761337137115 
-2.704625975672 
-2.918978434621 
-2.706694069398 
-2.774707159228 
-3.016849724927 
-3.043074656363 
-2.929065311309 
-3.894653171293 
-2.715518911668 
-2.264050240401 
-2.137133755001 
-2.968183720594 
-3.082272153130 
-3.035392081766 
-3.223464700503 
-3.857828240732 
-4.309004866869 
-4.026920907626 
-4.474974506073 
-5.037975229839 
-3.442640681468 
-2.892140712917 
-2.984057092488 
-2.767105936117 
-3.453155688385 
-3.593496509065 
-3.166387545267 
-3.068848638450 
-3.420383967312 
-3.216600500731 
-3.053473669178 
-2.790798586620 
-3.514702241602 
-3.405197700873 
-4.130524272127 
-3.449193530670 
-2.812720943814 
-2.841644413475 
-3.113713592251 
-3.702372135001 
-2.713699364056 
-4.068878714518 
-4.486850531176 
-4.001472119055 
-3.060757317872 
-2.918316866693 
-3.274826111013 
-3.051568714750 
-3.428080029625 
-3.373549908975 
-3.414870919136 
-3.176453951228 
-2.698187615544 
-2.553219062472 
-2.879653674685 
-3.041399783001 
-3.002104057463 
-3.432628134784 
-3.476998054505 
-3.480401141920 
-2.631929729498 
-3.267694314097 
-3.160501817686 
-3.118805380844 
-3.510838626373 
-3.384503074715 
-3.504347232831 
-3.212178619890 
-2.873712756464 
-3.325752985520 
-3.279113983621 
-2.892327460073 
-2.515147031419 
-2.657313220323 
-2.311560903025 
-2.636854237619 
-2.306054192221 
-2.675802943102 
-2.643245042817 
-3.128737687368 
-3.817535007890 
-3.729240911575 
-3.252285251616 
-4.005992600859 
-3.512696784347 
-3.475350720625 
-3.187651499350 
-3.216056901644 
-3.021197933938 
-2.585256289559 
-4.394328975405 
-6.154850681780 
-5.427781243045 
-5.281992652144 
-4.602343980591 
-5.117615181400 
-5.104323337019 
-4.871890525836 
-4.958239827944 
-4.203718422592 
-4.020293331827 
-2.662384061956 
-2.387911579342 
-2.393139528132 
-2.629116155309 
-3.245249664253 
-3.426724040479 
-3.139778830203 
-3.390878407308 
-2.826718647644 
-2.710517643758 
-2.265889517863 
-2.339042163919 
-3.243457956754 
-3.213950001045 
-2.724636315957 
-2.964789070304 
-2.642974454649 
-2.681651133121 
-2.789419134388 
-2.659333716416 
-2.850429290872 
-3.059413431970 
-2.578088146910 
-3.139595998185 
-2.606994423738 
-2.860898192148 
-2.970849504662 
-2.689516907994 
-2.959195418471 
-2.478717780620 
-2.310673933946 
-2.650470027817 
-2.714432355149 
-3.353263723427 
-2.334357078957 
-2.509265702981 
-2.861939688293 
-3.161943869174 
-3.156260723597 
-2.744767575228 
-2.456402813676 
-2.535895371184 
-2.540096799167 
-2.267269303628 
-2.342539977061 
-2.643382318910 
-2.583358943602 
-2.555137013399 
-2.868802386653 
-2.646938970753 
-3.883469799656 
-3.674656227531 
-2.530820615507 
-2.723384549804 
-3.298511202188 
-3.089828118753 
-3.099405402927 
-3.468871130295 
-2.999023505518 
-3.120400907512 
-2.689612389456 
-2.502539385327 
-3.872042586786 
-2.276586416096 
-2.451699874477 
-2.015389862513 
-2.852978228304 
-2.742155381921 
-2.733803074581 
-2.799068547312 
-2.742091185444 
-2.743628600069 
-3.255063183766 
-3.237281354787 
-3.114222634784 
-2.862914444039 
-2.869852808769 
-2.314817311415 
-2.235694244965 
-2.352523743601 
-2.267157110262 
-3.273097668444 
-2.815267070968 
-3.111927452455 
-3.258145601843 
-3.015848170173 
-3.164727431153 
-3.128674688359 
-3.377023120210 
-2.502162720307 
-2.876492023680 
-4.010219760862 
-3.662501661128 
-1.977812009045 
-2.442988266015 
-3.899400573580 
-3.835233749482 
-3.114991058666 
-2.962012481690 
-2.854492024682 
-1.574435185130 
-2.519273235629 
-2.325492922895 
-3.037368952278 
-2.972581499503 
-3.540937029289 
-2.689555872911 
-2.583957406405 
-2.759601450370 
-3.163163665467 
-3.717514398722 
-4.190276382682 
-2.969472170233 
-3.060084132590 
-3.278789160080 
-2.613815578321 
-3.080470562728 
-2.629145806685 
-2.697415403860 
-2.876562843169 
-2.680250175940 
-3.201991423501 
-2.667196031978 
-2.442011970433 
-2.881365566580 
-2.853144797729 
-2.896267967534 
-5.442659758320 
-4.307437948623 
-3.967558015694 
-3.567175567678 
-2.421659498951 
-3.277330231242 
-2.769519970379 
-2.754011672991 
-3.117306600213 
-3.645889597924 
-3.949414459434 
-3.782436776941 
-3.166171363401 
-2.680075814190 
-2.849359578063 
-2.951901932451 
-2.165241098997 
-2.907505387713 
-3.214077832796 
-2.495697961230 
-3.356014623464 
-3.783498730324 
-4.862069324116 
-3.496000889385 
-4.417057266937 
-4.190269559598 
-2.593501759330 
-3.087499299939 
-2.754334315911 
-2.868484401228 
-2.876462034412 
-3.958455183867 
-4.243737438722 
-4.831983401134 
-3.866008604402 
-4.528857660294 
-4.382091982897 
-2.782832517691 
-2.839903908416 
-2.505014385060 
-2.936190952796 
-3.204340515816 
-2.907410674520 
-2.930493208211 
-3.022269762449 
-2.697221548538 
-2.808160820630 
-2.082736012762 
-4.424405281893 
-3.520590919348 
-2.937118656124 
-3.733441427079 
-4.500221415905 
-2.566837736290 
-2.481525775991 
-3.051668138420 
-3.120800554012 
-2.461399746805 
-2.286440903282 
-2.280173505397 
-2.755932377525 
-2.306835567504 
-2.239568273208 
-3.135105430045 
-3.227935223342 
-3.840550917870 
-2.881660386148 
-2.779456555441 
-2.423656431376 
-2.788516823945 
-3.580209530569 
-4.087141128655 
-4.003642543310 
-2.576167596776 
-2.510083782920 
-2.954364591553 
-3.017649803815 
-3.228115183955 
-3.053818606198 
-3.220598856509 
-3.333409079159 
-3.712508511553 
-3.541663471851 
-3.095395432457 
-2.757696991957 
-2.821140888233 
-2.365952343242 
-2.917135409777 
-3.349922578243 
-3.169118522023 
-3.091824562450 
-2.573773717052 
-2.481209321236 
-2.462239898111 
-2.455413954503 
-3.924548690064 
-2.933573312139 
-2.624303584379 
-2.698561566081 
-3.946381360886 
-4.126400925166 
-4.408954274520 
-4.632189904184 
-3.480658900851 
-2.997371218623 
-3.231564813445 
-3.332960562309 
-2.929632392520 
-2.525843110550 
-2.765988136008 
-2.817659508270 
-2.559091499027 
-2.358196905902 
-2.374710663829 
-3.213080116118 
-3.176446190776 
-2.720847091831 
-2.791694037193 
-2.406795538705 
-2.443844129595 
-2.379857989164 
-2.995461914905 
-3.556877167501 
-3.032343840900 
-3.599813185405 
-2.258163588969 
-2.756114510585 
-2.710336178674 
-2.897161110746 
-3.058616231171 
-3.310819169300 
-3.987939585208 
-4.367511405014 
-3.427079344064 
-3.168863572132 
-3.441755989787 
-3.632310108857 
-2.133892840148 
-2.470816767228 
-2.594026636927 
-3.596855128324 
-3.623794708662 
-4.568635304075 
-3.307926904006 
-3.620067358770 
-3.863029945376 
-3.826778167185 
-3.550036170190 
-2.840200442876 
-3.217310620171 
-2.898330715064 
-3.003527575389 
-2.227241054077 
-2.147468493692 
-2.318788564513 
-2.991419971361 
-2.813780457472 
-2.713658433824 
-3.511113837560 
-4.638094183504 
-4.633699395580 
-4.475274558615 
-3.151398399371 
-2.928701967362 
-3.298733176279 
-3.047408873081 
-3.357191335255 
-3.078033288449 
-3.075442083781 
-3.220734048198 
-3.010958159960 
-2.209434540520 
-2.276401396808 
-2.635390157105 
-2.881704999363 
-2.897461777310 
-3.417505761978 
-3.221299357904 
-3.349398728417 
-3.502192665409 
-3.669062874009 
-4.633437031841 
-4.114375345621 
-3.214204377143 
-3.430633603378 
-3.972222173613 
-3.094377845282 
-2.682568055336 
-3.100974880784 
-2.773188525703 
-2.723345092688 
-2.251747023649 
-2.371528120906 
-2.252480950821 
-2.271509142372 
-2.444718934461 
-2.603214842950 
-3.302598383253 
-3.021009658557 
-5.127514839819 
-4.046388873803 
-3.860042254999 
-2.659178070615 
-3.321909316982 
-2.674791863887 
-2.758450136543 
-3.087366632216 
-3.149980019646 
-3.566610666003 
-3.646599530154 
-2.998187227921 
-3.373041324749 
-3.522098408483 
-3.607144718547 
-3.674494804460 
-4.169380949562 
-4.187337550748 
-4.958279080936 
-4.132301835091 
-3.606155227505 
-3.183038255109 
-2.968162921565 
-3.471972092998 
-3.524845121911 
-3.920286195737 
-2.898254523122 
-3.615709004152 
-3.350635361399 
-2.852619356149 
-2.725430409419 
-2.938927370367 
-2.818613491754 
-3.153041178287 
-2.765231457288 
-3.037163646287 
-2.674225113157 
-2.973881325845 
-2.413217396993 
-2.614296175814 
-2.503943044665 
-2.842540905766 
-2.412716182901 
-3.004521227229 
-3.570877467013 
-2.482404351271 
-2.717891926901 
-3.345136753568 
-4.856038246553 
-5.300252993016 
-2.912823963191 
-2.880332966728 
-3.099251408735 
-2.987815023106 
-2.510921085931 
-2.593006319461 
-2.937850788327 
-3.894818662177 
-3.952128054422 
-4.071469982881 
-3.908483520453 
-3.577897814339 
-4.473980642382 
-3.703138601034 
-3.989330024032 
-4.705210793533 
-4.500402500765 
-4.272646388514 
-3.330134060188 
-4.116692286158 
-4.162063205024 
-4.167881478903 
-3.473184809579 
-3.428268107279 
-3.451375740777 
-3.085784447649 
-5.015665241203 
-5.101116670678 
-5.071558208126 
-4.448097190549 
-3.310544543895 
-3.782508049191 
-3.243685335786 
-4.276796495951 
-3.882388487859 
-3.846528339702 
-3.153941178458 
-2.630306136349 
-2.688879977050 
-3.086089345018 
-3.008266190316 
-2.998279207837 
-2.306255566259 
-2.601993603966 
-2.723993471011 
-2.834396893932 
-2.638498923964 
-3.648104547182 
-2.271981408760 
-2.960374921902 
-2.371722350180 
-2.664547392766 
-2.377023258069 
-2.618699958012 
-3.271391537842 
-3.782000951234 
-3.723965157787 
-3.843366056517 
-2.822675061868 
-2.260531569647 
-2.600359860138 
-2.841394401706 
-2.795455192455 
-2.903577706168 
-2.864428154337 
-3.279500824227 
-3.787324668298 
-3.795858978652 
-3.510372895052 
-3.626429467602 
-3.842505863638 
-2.664100280113 
-3.258646091527 
-3.041674723256 
-2.652817061884 
-3.075235654865 
-3.246606587665 
-2.891291108718 
-2.630719787485 
-2.564707408540 
-2.683260190006 
-2.895079618878 
-2.875664211879 
-3.247063244807 
-3.845278741968 
-3.230140904167 
-3.232839474252 
-3.037595769181 
-2.260135284030 
-2.367563892450 
-2.311318902168 
-2.143426121451 
-1.889363907919 
-2.821718872678 
-2.901493579475 
-3.177954704763 
-2.789785714007 
-3.386551229794 
-3.037979457684 
-3.095106924013 
-2.650527595995 
-1.924655328153 
-3.153307965625 
-2.627303460539 
-4.017277856778 
-3.967089164043 
-3.435193666191 
-3.134081590216 
-3.083485038469 
-3.065559735234 
-2.942134418372 
-2.858148862862 
-2.621594577314 
-2.498067237960 
-2.512521343945 
-3.227898533848 
-3.516958180340 
-3.094614045589 
-6.942767513674 
-3.653000295816 
-4.270554819694 
-3.339462180155 
-3.331298162298 
-3.794839507715 
-3.485725245428 
-3.702038544572 
-3.790707648567 
-3.900448229636 
-3.115599592145 
-3.954908483736 
-3.778514783079 
-3.379855703447 
-3.444386277889 
-3.162715522769 
-3.328950085397 
-3.656586469155 
-3.530474688476 
-5.158917183980 
-3.573375517785 
-2.746573565426 
-3.032862430247 
-3.189491959309 
-3.230547801942 
-4.169238016392 
-4.597071603045 
-3.715493367496 
-3.172338807657 
-3.162101772628 
-3.163058890182 
-3.397772878631 
-2.938540347674 
-2.889203159314 
-2.682483461186 
-3.482387381291 
-3.582947651261 
-4.004746189392 
-4.180635635069 
-3.872731417237 
-4.589474627528 
-4.183884992193 
-3.462962257358 
-2.966552813999 
-2.739961670916 
-2.319816730454 
-3.118411763701 
-3.176043135154 
-3.474765305719 
-3.137105290521 
-3.413095029616 
-3.604436553387 
-3.112953789271 
-2.730884453400 
-3.204114097512 
-3.642218734663 
-2.954689870883 
-3.239746140522 
-3.529949212119 
-3.213272825048 
-3.127206868437 
-3.319428548125 
-3.418486054538 
-4.109243703209 
-3.763679459654 
-3.922641328092 
-3.997359918406 
-4.053002502179 
-4.819651659756 
-5.011754254001 
-4.025717665208 
-3.391548598820 
-3.244218081742 
-3.639362493340 
-3.645543142180 
-3.875159797968 
-3.697580904542 
-3.963399520167 
-4.705616585589 
-4.741825779925 
-4.572000782918 
-3.602813559490 
-3.642895340408 
-3.226394389991 
-3.280099374336 
-3.582639192740 
-3.511396053186 
-2.587440183947 
-3.428878290215 
-3.298562684488 
-3.175419446951 
-2.832181888840 
-3.643105542208 
-2.587981878927 
-3.473192436262 
-3.451732698693 
-3.058587652558 
-3.231836018525 
-2.963004960075 
-3.104952756050 
-3.108776698731 
-3.474518575427 
-3.190026080837 
-2.893845359728 
-3.209992034530 
-3.194082227646 
-2.629536420271 
-2.770685059800 
-2.985416552473 
-3.714831648703 
-3.649453591527 
-3.537730754093 
-2.463134456646 
-3.166263058403 
-4.154361511544 
-4.123096398585 
-3.757327036442 
-2.480643781244 
-2.474267279724 
-2.660768548017 
-2.623218862041 
-3.823695190652 
-3.830473683845 
-3.989665346247 
-2.924106816937 
-2.824430948890 
-2.986176425272 
-2.825533202600 
-2.713618322648 
-2.909291392092 
-2.555242158036 
-2.453853411609 
-2.838566886895 
-2.727018498705 
-2.820841007912 
-2.952271687013 
-2.693469789225 
-3.004343270897 
-2.627618493409 
-2.967624500214 
-3.235486901207 
-3.495250389106 
-2.560262763400 
-2.686833680546 
-2.722815612887 
-3.410628565073 
-3.192177980593 
-2.677028756627 
-2.689782934442 
-3.419335758656 
-5.857618294997 
-4.001155504788 
-4.570132644175 
-4.413292694422 
-4.451833496194 
-3.793845699023 
-3.360289422500 
-3.151950901544 
-3.203757410046 
-3.167013749937 
-3.053541637388 
-3.084560633366 
-2.872162952467 
-2.877010098595 
-2.592179761677 
-3.124781997266 
-3.418479978460 
-2.990045994833 
-2.457919928170 
-2.739482831797 
-2.836315075561 
-2.713831506707 
-2.554233861209 
-2.942530436691 
-2.674085597384 
-2.592213857620 
-2.686168309183 
-2.510156886142 
-2.606945834826 
-3.326204705172 
-2.391159293509 
-3.002004785714 
-3.419585837450 
-2.964116001150 
-3.176046492863 
-3.240304467002 
-3.392711440427 
-4.264249754926 
-3.390946225682 
-3.966392064941 
-3.319108335518 
-3.920431003894 
-3.312723961738 
-3.222206019844 
-3.009753611816 
-2.223306221634 
-2.287467175258 
-2.400620546946 
-2.121594474864 
-2.144822464093 
-2.116683153488 
-2.778115052812 
-2.965639405840 
-3.688801623545 
-2.905853742435 
-3.806013332567 
-3.874518819931 
-3.519954086396 
-3.461213008583 
-3.090825574819 
-3.663910839248 
-3.671278429334 
-3.823410700478 
-3.433135343045 
-3.127246196246 
-3.047822331188 
-3.562327417800 
-3.156882010728 
-3.019686588239 
-3.203359826162 
-3.447806950886 
-4.296382995369 
-3.346477994606 
-2.648145535656 
-2.145559340788 
-2.375929812046 
-2.368284280237 
-2.175465576825 
-2.365246995699 
-3.175459613426 
-2.639869939965 
-2.618553470679 
-3.020127361423 
-3.489649900930 
-3.638994791030 
-3.653685588905 
-2.629661433494 
-2.723869596271 
-2.410000349585 
-2.042921786800 
-2.593357265332 
-3.093641549834 
-2.716889372522 
-2.331233093595 
-2.524370837426 
-2.736527255634 
-2.511664235025 
-2.340336437551 
-2.883169984364 
-2.779544183689 
-2.875583099794 
-2.600382466147 
-2.910268894119 
-2.710908019211 
-3.284924947114 
-3.628814263900 
-3.594489075784 
-2.669133898148 
-2.152347008014 
-2.839497755825 
-3.233978833994 
-2.837098843465 
-3.772780121032 
-4.032867321050 
-4.305142158154 
-4.107409139016 
-3.793307962439 
-4.209630197838 
-3.495208900705 
-3.384497443814 
-3.262896211864 
-3.906983552476 
-3.012321001872 
-3.189262418988 
-3.753318965689 
-3.600527180718 
-2.986189340400 
-3.249769943164 
-3.992760926005 
-3.553193575760 
-3.431510257353 
-3.412563119918 
-3.757967286168 
-2.788175997513 
-2.369525285677 
-2.594432841903 
-2.508466606351 
-2.408730739249 
-2.512699682157 
-2.319737474778 
-2.898120051705 
-2.578464876452 
-3.186492179585 
-3.461924033686 
-3.798456860793 
-4.174083447392 
-3.292332238636 
-2.857056258717 
-2.629784833057 
-2.731225487650 
-2.179706674921 
-2.125479399477 
-4.020916372794 
-2.700372055777 
-3.197259598651 
-3.115237951280 
-4.419457513178 
-3.362266889395 
-2.454416393896 
-2.758674216435 
-2.508639153327 
-2.551301519622 
-2.504738143334 
-3.277690930438 
-2.994829459378 
-3.489694743927 
-3.555546027320 
-3.434798996677 
-3.366276455691 
-3.728255147983 
-4.328560422104 
-4.363225526502 
-4.518971097983 
-5.042518467939 
-4.584262014482 
-5.386521814907 
-3.833116767490 
-3.518177542970 
-3.009130967638 
-2.768467766356 
-3.784298249740 
-2.503480027701 
-3.784982707146 
-3.479149052339 
-3.429433247086 
-2.577744001520 
-2.706363000161 
-2.708240368964 
-3.340496321767 
-3.928954076059 
-3.283686820114 
-3.786282107349 
-3.611080006414 
-4.116620864828 
-4.216308906283 
-4.067480311090 
-2.939176270505 
-3.597895705589 
-3.101926539571 
-3.518401594751 
-3.438884157144 
-3.397489055989 
-2.779724973680 
-3.743707817990 
-3.907864553214 
-3.409873950282 
-3.678383814860 
-3.606553985667 
-3.895360157685 
-3.864188882684 
-4.354929137820 
-3.926768806877 
-3.244636033546 
-2.497653168583 
-2.349730292655 
-2.615760463788 
-2.496835982186 
-2.286698583707 
-2.663041215220 
-2.965496186465 
-2.381091359611 
-2.324067187942 
-2.568294364108 
-3.141237180434 
-2.852361288885 
-2.526489548933 
-2.650538823425 
-2.803237289932 
-2.931822185895 
-2.879902008032 
-2.154609838483 
-2.515520759923 
-2.741918934520 
-2.457265032274 
-2.371261368104 
-2.825029374469 
-2.371098482743 
-2.690881414810 
-2.663050531201 
-3.683241175087 
-3.763764381454 
-3.968479692723 
-3.580371546717 
-3.612361723202 
-3.268527621071 
-2.953828661362 
-2.964343818698 
-2.854575524305 
-3.181504175370 
-2.994538979490 
-2.465806062705 
-2.793688339616 
-3.018468630080 
-2.627525292123 
-3.088538023404 
-2.668544046765 
-2.991013591382 
-3.142612668490 
-2.839920871836 
-2.856759924329 
-2.798672150351 
-3.726772679858 
-2.444264861067 
-3.065003973720 
-2.452981409759 
-2.778063278240 
-2.838800555788 
-3.166576131728 
-2.681090614870 
-2.853114868396 
-2.832741368033 
-2.701261790253 
-2.578912374192 
-2.667916564761 
-2.979650356322 
-3.217376327713 
-3.649000057524 
-3.153590799035 
-3.142485077481 
-2.657242726600 
-2.025457252874 
-3.298325681607 
-3.174549386545 
-3.131509069929 
-2.738648380386 
-2.966540903401 
-3.052272940581 
-3.696259611962 
-3.393009346305 
-3.351345463724 
-2.651280992773 
-4.265803078100 
-4.680708495189 
-3.743627235333 
-3.517161405049 
-2.835370795415 
-2.936964682281 
-3.410743059359 
-3.328054032258 
-4.381114610972 
-3.007786749680 
-3.207907453593 
-2.781130461510 
-3.230640434067 
-3.273354831776 
-2.783748351400 
-3.264155397643 
-3.139392182181 
-4.539775649592 
-3.642176583563 
-3.899403898169 
-3.545766765414 
-3.288618904811 
-3.083126823547 
-3.169073557992 
-2.376431546681 
-2.794258454980 
-4.278997247709 
-3.061632362825 
-3.498566234642 
-2.881326490737 
-3.097433089155 
-3.279928927279 
-3.715152936778 
-4.087393893388 
-2.661015238074 
-2.330220036894 
-3.935379045022 
-3.330258878233 
-2.685218898983 
-3.447696450640 
-3.579222183926 
-2.616216265218 
-3.222596333675 
-3.226207664451 
-2.755300998569 
-3.146987548907 
-3.050615164929 
-2.932572488194 
-2.870403166451 
-2.549372328707 
-5.049657498904 
-4.536716939030 
-4.533303816865 
-3.874039944612 
-4.584078868923 
-4.488756215422 
-3.887175517755 
-4.535437895212 
-3.297915931430 
-2.624998069571 
-2.996146130688 
-3.138095194240 
-3.371642424179 
-3.166536271686 
-3.327758480142 
-4.117010091421 
-3.710410362742 
-2.999319554973 
-3.471520607140 
-3.340189752392 
-3.608651672570 
-3.264136011334 
-2.852274601947 
-2.719036211126 
-2.359158708576 
-2.876851020229 
-2.817600492456 
-3.842762528523 
-3.356357630374 
-2.845922270384 
-3.193071823047 
-2.373296133739 
-2.566444145373 
-2.627609212970 
-3.793189711059 
-3.627743726543 
-2.692664845424 
-2.640106593577 
-2.654213644994 
-3.243139482138 
-3.522282937823 
-3.697792834032 
-2.839166367928 
-4.027654141340 
-2.915664936777 
-3.597356049755 
-3.271680153931 
-3.517661344595 
-3.426176061552 
-2.829831793661 
-2.588297979611 
-2.952664271110 
-2.192668714695 
-3.196305232313 
-3.088736524940 
-3.175812281415 
-3.377361496181 
-3.461600097986 
-4.073122821865 
-3.445125987832 
-3.780339560064 
-3.117057302702 
-3.569963033587 
-3.595554725406 
-3.302679298799 
-2.914853810420 
-2.582090812817 
-2.287319561592 
-2.826706124697 
-2.188444195053 
-2.208787344982 
-3.377355013715 
-3.450404457680 
-3.092873430404 
-3.276522046907 
-3.199076420421 
-3.477603597902 
-3.532993114819 
-3.411739765692 
-3.380121658948 
-4.025220122809 
-3.312859139769 
-2.965720354492 
-3.603236278943 
-2.751697811503 
-3.670034898485 
-3.876591939129 
-3.223864138164 
-3.217723362099 
-3.368000510767 
-3.270526937036 
-3.348142404221 
-3.481762283810 
-3.898286336560 
-4.402225990574 
-3.401000920020 
-3.011334952884 
-2.304798373433 
-2.841986969144 
-2.734933923530 
-2.720971603743 
-2.376727638422 
-2.447047323511 
-2.450412332291 
-2.547848300492 
-2.624858634285 
-2.711115883768 
-2.875555565085 
-2.435759701372 
-2.436319437999 
-2.610036317183 
-3.241503195952 
-2.537402518886 
-2.283940662670 
-2.508064032836 
-2.562183986956 
-2.903360524146 
-3.027286409514 
-3.053836464561 
-2.682393988650 
-2.851988534148 
-3.141583562532 
-3.464344266931 
-3.940728751975 
-3.682325459507 
-3.205050384012 
-4.361959626688 
-5.543141443862 
-5.153676954886 
-3.561114380465 
-5.399466245476 
-5.763280648269 
-4.145855816499 
-3.706022312889 
-4.416495864297 
-4.829382578373 
-6.799691194170 
-4.773876062309 
-4.942803931203 
-4.672584717703 
-4.669140339851 
-4.491443206542 
-2.399644021658 
-3.669434380751 
-3.850739409481 
-3.689056150956 
-3.480531947220 
-3.378132940714 
-3.646776844331 
-3.205766463555 
-2.784494065086 
-3.356004717383 
-2.444426746863 
-2.741948697484 
-2.937019517696 
-2.579148326205 
-2.527822501041 
-3.787063569831 
-3.543509914380 
-2.757803898149 
-3.087769078435 
-3.263539687727 
-3.309571318691 
-2.982521848090 
-2.805900536448 
-2.385797896610 
-2.586594843184 
-2.851412054335 
-2.736170896936 
-2.963784876218 
-2.429752755232 
-3.739016991273 
-3.392818225967 
-3.726143380870 
-3.573054162741 
-3.652492121189 
-3.209071779630 
-3.939007489406 
-3.615003181804 
-3.597452746377 
-3.505830056451 
-3.533681627750 
-3.361353029271 
-3.112512689691 
-2.896724232783 
-2.775688511024 
-2.772770154624 
-3.209724014801 
-2.766568970703 
-2.932669118602 
-2.944093683427 
-2.965282723297 
-3.876103902237 
-4.687806533353 
-2.590639356431 
-2.531858964994 
-2.745430846367 
-2.571069736688 
-3.441220141223 
-2.901824425386 
-3.115206052029 
-2.846361425270 
-3.285646882390 
-3.350425928968 
-3.360347949273 
-3.945712770695 
-4.355576117316 
-3.958457218218 
-3.839550624990 
-3.415604798329 
-3.387689167225 
-3.394087050965 
-3.130827573473 
-3.369654680688 
-2.562602342828 
-2.717222832134 
-3.035862704684 
-2.955021375387 
-3.238228916029 
-2.608535849124 
-2.770513184388 
-2.753436837873 
-2.745356445765 
-3.723701831871 
-3.904841628553 
-3.822204431837 
-3.440949646557 
-2.996331508553 
-3.157714066635 
-2.707984231825 
-2.734957572504 
-2.736651097171 
-1.696440750241 
-2.600619587470 
-3.186766182565 
-2.541664282531 
-2.651427653016 
-2.652588748556 
-2.331818662876 
-2.883417801545 
-2.355014492730 
-2.285196371698 
-3.439883310528 
-3.048482708969 
-3.319248826288 
-3.249494363261 
-3.065989983989 
-3.487475062018 
-3.755935115587 
-3.388135172093 
-3.124781675859 
-3.690682587353 
-3.237248255204 
-2.695662984720 
-2.375419114320 
-2.455969202204 
-3.040708458298 
-2.451595049408 
-2.825839549190 
-2.628096156946 
-3.047231372079 
-3.327497812266 
-3.471284679399 
-2.626951099223 
-2.812059911230 
-2.852935256793 
-2.121471285527 
-2.428883435855 
-2.434601515115 
-2.053631344899 
-3.138978409149 
-2.381214544622 
-3.013580934424 
-2.345410362678 
-1.705179605418 
-3.079813560017 
-2.965993885488 
-3.043920063782 
-3.184483149286 
-4.092102338699 
-3.395376269910 
-3.592819133681 
-3.307108003690 
-3.996095522019 
-3.397069441320 
-4.707852736045 
-4.380340827935 
-3.555958324631 
-3.972478557633 
-4.696209693642 
-4.934905204138 
-4.928278849915 
-3.706430482013 
-3.675484517512 
-3.743885000572 
-2.701018631906 
-2.587313518782 
-2.785075000477 
-3.306334896021 
-3.413189609179 
-3.603392470812 
-3.485208937239 
-4.327870274691 
-4.542505355346 
-3.716146516440 
-2.953189732887 
-3.141134416798 
-4.121906878819 
-4.695008530675 
-2.378045929515 
-2.089246468921 
-1.947539684208 
-2.763886723208 
-2.742621531737 
-3.652197184846 
-3.639140057322 
-3.422778796928 
-3.232464410365 
-2.454807170462 
-2.901317088043 
-2.918355502817 
-3.182504822837 
-2.004557609823 
-2.930357535476 
-3.683682055517 
-4.025268106977 
-2.760236407893 
-2.374207429947 
-6.229401982954 
-5.578851720385 
-5.031714016988 
-4.444912235070 
-4.403562026501 
-4.331620806948 
-4.414661278201 
-4.276392209538 
-2.492877510970 
-3.378259920006 
-3.384532103845 
-3.345840387925 
-2.994580454066 
-2.637855043527 
-2.582028076656 
-2.398847028984 
-2.908853134932 
-3.538147025636 
-3.252869523419 
-3.332861552302 
-3.492322146390 
-3.328190733653 
-3.240285510533 
-2.960670862302 
-2.414903347458 
-2.773855365669 
-3.123739582599 
-4.240364569453 
-4.197150829752 
-4.126214753993 
-3.699340050450 
-2.826671028453 
-3.313316649256 
-4.000484494869 
-2.853051635419 
-2.953511388204 
-3.168141998453 
-3.399759995789 
-3.405962974299 
-3.648130074746 
-3.714250958545 
-4.041743429675 
-3.783703717282 
-4.389795229774 
-3.821774256684 
-3.747551272046 
-3.698815389024 
-3.826891350096 
-4.381289705816 
-3.740290937560 
-3.093488145948 
-3.028782565806 
-3.522643702414 
-3.283518295871 
-3.378252089368 
-3.250855348650 
-2.964573054378 
-3.342711164309 
-2.951323345694 
-3.203661105560 
-2.986998987288 
-3.333019937883 
-2.973549705533 
-3.284846134322 
-3.063265862082 
-4.361671704629 
-3.832011531217 
-3.424974402476 
-2.403884006964 
-2.848587309210 
-3.158537449094 
-3.815528943788 
-3.624826595717 
-3.296095822706 
-3.772837787598 
-4.538250155034 
-4.003769242277 
-2.991568472392 
-2.880361653841 
-2.612776639895 
-2.857914165323 
-2.914237797561 
-3.608810485151 
-3.071469022809 
-2.889033284096 
-2.793734308936 
-3.217008375920 
-2.694338091095 
-2.529505637316 
-3.067358946817 
-2.245688356137 
-2.665899919982 
-2.438727583431 
-2.667915336085 
-2.758285949122 
-2.890251449338 
-2.555107508299 
-2.404170966224 
-2.392904585920 
-3.451050067731 
-2.740863864283 
-2.383109590328 
-2.755099245793 
-3.007515353099 
-3.138973007891 
-3.134420686826 
-3.281974290122 
-2.909435221604 
-3.225363702339 
-3.247109418457 
-3.515903460605 
-2.796175792267 
-3.275449413830 
-3.394631236471 
-3.206316619008 
-3.132823777551 
-3.018329439316 
-2.312303145539 
-2.586882537288 
-2.279096665600 
-2.525471828643 
-2.302223763830 
-3.289306825686 
-3.232528373101 
-3.392479755129 
-3.483334887724 
-3.642645409115 
-4.204435569129 
-3.975307769194 
-3.352329051945 
-3.669212856123 
-4.074384407384 
-4.297192883055 
-3.937642744087 
-4.408897716445 
-3.635561071311 
-3.104484919529 
-2.760899409004 
-3.698081333807 
-3.774815437844 
-3.273440371037 
-2.909237831680 
-3.108167757074 
-3.805626097531 
-6.660508306960 
-3.832846062113 
-5.126171324162 
-4.512485569975 
-3.088019633443 
-3.304427649398 
-2.642886425027 
-2.767210940547 
-3.366708197346 
-3.773256480420 
-4.381551229321 
-2.892793060079 
-3.486506475828 
-3.680641445360 
-4.398324797817 
-3.691502927904 
-3.810930980298 
-3.275440302999 
-2.711938810517 
-2.798349146600 
-3.082195485015 
-3.752740244827 
-3.783042462485 
-3.088800017558 
-2.997797200185 
-3.036729330322 
-2.730373206111 
-2.742923208843 
-3.186536586430 
-3.271686297517 
-3.081617155603 
-2.814882438872 
-2.974163350969 
-3.710740309525 
-3.295765452601 
-2.521110304402 
-2.796259986972 
-3.815918843165 
-2.866991277139 
-3.075611095367 
-2.395964813932 
-2.241762417493 
-2.279812163901 
-2.654421391457 
-3.471611339212 
-3.287559950516 
-4.099903695507 
-3.971868626312 
-3.568094925159 
-3.582175318212 
-3.542130761057 
-2.984515038107 
-2.759820152540 
-3.204000141982 
-3.275900308301 
-3.978053784218 
-2.764389505660 
-2.935037043721 
-2.405465118844 
-2.881766264000 
-2.497978431256 
-2.422113674504 
-1.696313422995 
-2.102929227637 
-3.221732576933 
-3.532830554675 
-3.579273584257 
-3.541051939628 
-2.942455043950 
-3.131050010041 
-2.822930587588 
-3.058586478697 
-3.617830815167 
-3.114494523869 
-3.027763573900 
-3.002741781665 
-2.879789386687 
-2.881196722917 
-3.286079441790 
-2.512245613329 
-3.520464359768 
-2.661722179486 
-3.213278425642 
-3.383850206932 
-3.967251193173 
-3.974454717533 
-3.282737492270 
-3.195801669814 
-3.762408448750 
-3.348570491356 
-3.332346854571 
-3.263552687229 
-3.289112941167 
-3.917181746968 
-3.611344823052 
-2.968116195171 
-2.703947499600 
-2.167631508854 
-2.652577553489 
-2.815969875696 
-2.900700186817 
-2.275742882466 
-2.447266050584 
-2.887483098668 
-4.134811841430 
-4.296889125973 
-3.560309221930 
-1.983956181829 
-2.745293488913 
-2.924736445419 
-4.330504031420 
-3.986995476107 
-3.065456785959 
-2.547894649747 
-2.921758384246 
-2.580497256631 
-3.210787020721 
-3.378342424060 
-2.333873121649 
-2.646887032799 
-3.212254471094 
-3.208492932094 
-2.840839711496 
-2.760767557796 
-2.319451609724 
-2.530642100085 
-3.081775787995 
-3.988082202626 
-3.513524686004 
-4.022254179312 
-3.488334364139 
-3.173636487737 
-3.995876338832 
-3.778275808444 
-3.677675415405 
-3.586462468649 
-3.651462491076 
-2.868609774021 
-2.777095013429 
-4.081351842918 
-2.870869531506 
-2.385961258772 
-2.057616342232 
-2.268621636318 
-2.880454815650 
-2.743013026548 
-3.575013995076 
-3.284920288587 
-3.887824229780 
-4.730260015142 
-3.626842347725 
-2.895505904744 
-3.333274497656 
-2.766344081398 
-2.432708292830 
-2.856165193199 
-3.065809093942 
-3.144776085040 
-2.719242863475 
-3.143685488067 
-3.149740816847 
-3.763297006228 
-3.639529956870 
-3.394450057954 
-3.284461674508 
-2.975002431141 
-2.513803197396 
-2.417937094020 
-1.969871111750 
-2.783834857102 
-3.042573379788 
-3.216666150847 
-3.377536334412 
-3.263648750147 
-3.248754823654 
-3.754406713406 
-3.603088730655 
-3.673890446985 
-3.595740245672 
-3.570688972224 
-3.197865325807 
-3.669892648982 
-3.345255508111 
-2.963471470757 
-3.549081717367 
-3.406791548010 
-2.605730725146 
-2.595713569083 
-3.358721513426 
-3.577125960949 
-3.380950016648 
-2.615692084776 
-2.810668038246 
-2.605920027756 
-2.912695627099 
-2.650323985409 
-3.669196656714 
-3.075825659903 
-3.198783088383 
-3.588316132434 
-3.225766813938 
-3.171409092805 
-3.341882126067 
-4.346846240820 
-4.166067924284 
-4.197545151726 
-3.621811293629 
-2.496432198655 
-3.217857453257 
-3.401244694160 
-3.497052653456 
-3.767985782426 
-3.186896424353 
-3.309654454185 
-4.061128017474 
-3.976207990845 
-3.931519721035 
-3.203157927605 
-2.671925473957 
-3.271534122081 
-2.750112718059 
-2.594835908423 
-3.027767181358 
-2.650456022214 
-3.234437757682 
-2.894228474957 
-2.786667264952 
-3.183549963092 
-2.760005687210 
-3.461400272492 
-3.479298849333 
-3.413880458025 
-3.649451085201 
-3.469004636852 
-3.632708560824 
-3.523559536571 
-3.420440909320 
-2.751091405187 
-3.915960508785 
-3.786067656213 
-4.044890337292 
-4.351167995949 
-4.839368708186 
-3.869050713719 
-2.826320939353 
-3.216033546713 
-3.657609367053 
-2.804727016296 
-3.013513498702 
-2.641930800703 
-3.800512882399 
-3.439728620417 
-3.370731916554 
-3.502274055101 
-3.763000949694 
-3.630014789386 
-2.638519119192 
-2.154581398669 
-2.534196043167 
-2.785894923667 
-3.517448127896 
-3.418984009144 
-3.844774907617 
-3.777520372308 
-4.206371776492 
-2.756645707196 
-2.133113123202 
-2.337442844116 
-2.599905551531 
-2.840559871783 
-2.417198687590 
-3.159268572680 
-2.762844200493 
-2.871576017918 
-3.338827713661 
-3.705595044019 
-4.114203565035 
-3.036163912123 
-2.483388013363 
-2.550701582397 
-2.665322587630 
-3.252914329922 
-2.547847663184 
-2.853222944009 
-2.795767920459 
-2.730875960741 
-2.379061461874 
-2.281470486641 
-2.688774989947 
-2.581117601060 
-2.299387895029 
-2.403966602134 
-2.661851761031 
-2.926932393136 
-2.960133279312 
-2.937056322326 
-2.486059874709 
-2.401055875914 
-2.081511415090 
-2.460617336204 
-2.933898912457 
-3.185551128593 
-3.026544846005 
-3.258090903583 
-3.021681120052 
-3.846516869964 
-2.443468204259 
-2.192080235277 
-2.813827801325 
-2.752972715350 
-2.412375192365 
-2.546073900200 
-2.382300169056 
-2.430956121793 
-2.961162831818 
-2.573652447924 
-2.661435094882 
-2.362495827931 
-2.892101529029 
-2.798850375169 
-3.398824202296 
-3.598437931471 
-3.583646415192 
-3.399594609425 
-2.958183894295 
-2.895673054721 
-2.680552383123 
-3.666340547838 
-3.085595177570 
-2.972638947724 
-2.773786161931 
-2.726896184952 
-2.712880769183 
-5.499421376732 
-4.751358359315 
-2.995027105907 
-3.038111200814 
-2.344815031703 
-2.740042709777 
-2.555048089559 
-3.179565341113 
-3.633615977268 
-3.080508728263 
-2.932106818779 
-3.130870070988 
-3.369667910289 
-3.094154635605 
-2.864249591493 
-2.779475636328 
-2.648659970259 
-2.504704345225 
-2.891203993145 
-3.016266998444 
-2.657390350076 
-2.772292203165 
-3.161909537925 
-3.363798208764 
-3.662731494015 
-3.645463830607 
-4.234947848230 
-4.237280721145 
-3.995677775298 
-4.872774314348 
-4.344954220378 
-3.911842728256 
-3.032091374545 
-2.716525349479 
-3.203948699003 
-3.423740551918 
-4.229238123476 
-4.075865464104 
-4.216045273484 
-5.038654821633 
-4.243522505220 
-4.039121999084 
-2.813374332858 
-3.002350523578 
-2.751588501370 
-3.301357366537 
-2.708888996092 
-2.849904814867 
-3.239802651810 
-3.113713667279 
-2.676844457777 
-2.898866614212 
-4.752911936080 
-3.384294310835 
-3.512660136437 
-2.439486212013 
-2.345288661106 
-3.223158623365 
-3.026194860639 
-4.103118081440 
-3.732242506712 
-3.198578645769 
-3.097902846651 
-2.552701695406 
-3.250792067646 
-3.284115725575 
-3.590727313248 
-3.586385862131 
-3.750223995895 
-3.771670995045 
-3.022388642969 
-3.941946045812 
-3.371863406658 
-3.337331350129 
-2.739129182125 
-4.139546536432 
-4.321212473063 
-4.039759980357 
-3.383964402938 
-4.002470207381 
-3.711325963157 
-3.548308725348 
-3.986119377616 
-3.499099749808 
-3.386726063734 
-2.919515212305 
-3.118033195433 
-3.264355757530 
-3.454242955186 
-3.317070812298 
-3.016153823424 
-2.751767892422 
-3.632123565672 
-3.625345792902 
-3.836047350762 
-2.768715565169 
-2.692638567720 
-2.129747965384 
-2.419438268736 
-2.719228355930 
-2.869723340837 
-3.492475843380 
-3.594337941180 
-3.323210179465 
-3.367709313128 
-3.753283778174 
-3.551342471362 
-4.311552013609 
-3.431666571743 
-3.741202362410 
-4.787173510760 
-3.532003091495 
-3.404621894282 
-2.929611645978 
-2.871922344470 
-3.016811227604 
-2.821996479388 
-3.172494281146 
-2.879380532526 
-3.313021009279 
-3.809446942360 
-3.290337352362 
-3.151599917813 
-4.718111460085 
-5.272433162265 
-4.549013377719 
-3.919820384949 
-3.849702931706 
-3.312984870125 
-3.423001785652 
-3.847359371076 
-2.972749887309 
-2.682925473609 
-1.956724689691 
-2.386736983886 
-3.105459934197 
-2.976014622583 
-3.213554535850 
-3.160759821061 
-3.000853320322 
-4.430525120220 
-4.450708972907 
-3.868285104001 
-3.675726013706 
-3.900612039677 
-2.740831048584 
-2.059568351189 
-2.165923951280 
-2.532284683274 
-3.572654443973 
-3.359733481298 
-3.257133575461 
-2.721470921683 
-2.862926890641 
-2.644909088949 
-3.264597794791 
-3.319780140046 
-2.978965477577 
-2.662414352147 
-2.882676045012 
-3.184780997114 
-3.402243553281 
-4.333778814030 
-3.228571109089 
-3.860820160584 
-3.327376422394 
-2.307017542844 
-2.086814414253 
-2.575285702178 
-3.328309543627 
-3.350437628096 
-3.360150232159 
-3.685454265140 
-3.246457189390 
-2.492977958713 
-3.035460508824 
-3.810664487881 
-3.227145890668 
-2.814326362899 
-2.842904223432 
-2.947555181194 
-3.136023946912 
-2.589780962895 
-2.643849075580 
-2.674159626826 
-3.350548460368 
-3.035356204648 
-4.256049313110 
-2.997583235275 
-2.923583865719 
-3.409658328564 
-2.941189816480 
-2.687657437723 
-2.950581660569 
-2.723890294714 
-3.381651893026 
-3.538817834371 
-3.257828773273 
-3.112229395861 
-3.423680273437 
-2.930027409802 
-4.128806977434 
-3.043865504971 
-2.619520813161 
-3.917246754611 
-3.370130568747 
-3.600128503911 
-3.165403980333 
-4.313372670722 
-3.161547430395 
-2.978450921017 
-3.270240091198 
-4.913023603103 
-4.563902600028 
-3.545822460208 
-2.969890119847 
-3.161112812764 
-3.099197541204 
-2.921916903515 
-3.238796762127 
-3.052839377543 
-2.683789608932 
-3.268146192658 
-2.709331472013 
-2.376528518131 
-3.111994490257 
-3.036783114006 
-3.106524817353 
-2.331516879967 
-2.726333132968 
-2.704618519456 
-3.032861606511 
-2.883114791370 
-3.394085743649 
-2.983834027775 
-3.551854590473 
-3.635978805380 
-3.575960233792 
-2.799256689195 
-3.010801778070 
-2.983968110122 
-2.999873285450 
-2.857282965898 
-2.953352260925 
-3.096099875929 
-2.816663741260 
-3.105578148747 
-3.283117009711 
-2.725667363603 
-2.632912349232 
-2.410013447776 
-2.156574507649 
-3.348868044098 
-4.588977856513 
-2.686668801205 
-2.741465702666 
-2.670908495539 
-3.805307564959 
-3.954485767409 
-4.311319656005 
-4.165083505401 
-3.721523794036 
-4.487685251639 
-2.983469452769 
-3.319482928396 
-3.336567045186 
-3.765621675449 
-3.854314402275 
-4.291001913308 
-3.240215537422 
-2.415752632534 
-3.563944783374 
-3.703660687328 
-2.398851794288 
-2.546136003247 
-3.004798020617 
-2.825990529148 
-3.277406821342 
-3.621009108248 
-3.585673261977 
-3.266273927165 
-3.490822738631 
-2.517354918989 
-3.537036600908 
-2.570081491342 
-2.969013525796 
-2.565526229897 
-2.521887259764 
-3.099971816544 
-3.440077743161 
-3.140773169466 
-2.959764403792 
-3.054408725788 
-2.883932293087 
-3.979133041844 
-3.457772466348 
-3.117711647346 
-3.195867181760 
-2.978911997464 
-2.895227777800 
-2.859352824894 
-3.108144716077 
-2.933378888102 
-3.566746442429 
-2.475534752186 
-2.807653467062 
-3.291763976640 
-4.183375208020 
-4.111484575938 
-4.058238740781 
-3.300486521802 
-3.347576104534 
-2.785295233028 
-3.369694874779 
-3.740600352313 
-3.780169036017 
-4.091397014287 
-3.495011328437 
-2.844581107513 
-3.254034801345 
-2.586873619666 
-2.706911797578 
-2.907830553054 
-3.994674939503 
-3.817474105032 
-3.046155285810 
-2.935096754552 
-3.701644618729 
-3.562143668759 
-2.660478772605 
-3.028617089413 
-3.303192712569 
-3.259566261778 
-2.275190610691 
-3.153996804603 
-3.259808011625 
-3.425415928462 
-2.783342272963 
-2.392361012120 
-4.600683745271 
-4.575552326643 
-3.848350674579 
-3.915165290574 
-4.555301849330 
-4.498247224998 
-4.253903120670 
-4.069271968775 
-4.052774254670 
-3.504068557465 
-3.352399318397 
-7.455639491646 
-5.252827237691 
-4.462922251064 
-5.344035911065 
-4.438570183800 
-3.597379317873 
-4.032137649294 
-3.700756251026 
-4.333464885602 
-3.803826166884 
-3.522920680340 
-3.762241009749 
-2.716656066133 
-2.395333235170 
-2.445820964489 
-2.177321390814 
-3.553759627079 
-3.375285665371 
-3.094880869101 
-3.308105357988 
-3.266385664852 
-3.402649648572 
-4.167399825697 
-3.040980675616 
-3.450286732930 
-3.266839633851 
-3.048214999025 
-2.660528662860 
-2.616310982428 
-2.287408370277 
-2.417452033832 
-2.332426176926 
-2.742849867864 
-3.227506007935 
-3.296715728597 
-2.835040991006 
-2.608926152308 
-2.534773145315 
-3.171373765920 
-2.852831712510 
-3.181225188842 
-3.686495590176 
-3.670175551656 
-3.260270480909 
-3.337661042238 
-3.549311333798 
-3.551474220813 
-3.251028846809 
-3.273462053757 
-3.028463471369 
-2.775694744220 
-2.653054877244 
-2.758983739088 
-2.623047524553 
-2.639992802144 
-2.623636747263 
-3.074760614505 
-2.912204558940 
-2.671336383273 
-3.103578137476 
-3.366478679761 
-3.053521538681 
-3.074786398951 
-3.399153921344 
-3.239099804567 
-2.895076624354 
-3.492657236360 
-3.242339620013 
-3.595505027794 
-3.624443368215 
-3.471257876757 
-4.756181177089 
-3.785978048470 
-2.876390483819 
-3.455455895877 
-4.147787819309 
-3.767396499102 
-4.551948850389 
-4.217317716736 
-4.356428229093 
-5.599826537499 
-3.749036241980 
-3.497429843213 
-3.288651314796 
-3.108522575016 
-3.298870324937 
-3.288166206977 
-3.079182378359 
-3.166226311613 
-5.025555319703 
-5.031058453667 
-4.465995302736 
-3.791378957186 
-4.423584050109 
-4.286405263402 
-3.026298190847 
-3.757317760687 
-2.574157807540 
-2.636007320872 
-3.314107026342 
-2.904478869564 
-3.145901472367 
-3.587520960154 
-3.548671047964 
-4.468849705183 
-3.871215151269 
-4.243824202215 
-2.780950450935 
-2.872886432434 
-2.489983174730 
-3.001011235259 
-4.015876134309 
-3.847488034958 
-3.448581505959 
-4.042848299383 
-3.776788970612 
-3.531069398560 
-3.352254448116 
-3.491314985658 
-4.227537542643 
-4.143868215030 
-3.041936542776 
-2.352198386063 
-2.610550519199 
-3.239989478756 
-2.548626986308 
-2.147284673388 
-2.528495791907 
-3.402425949200 
-3.285550743983 
-3.844675178999 
-4.209001852644 
-3.359151433109 
-3.796841009951 
-3.778962413265 
-3.932669971092 
-3.830349486836 
-3.374784477200 
-3.190779689195 
-3.044653622176 
-2.709092113820 
-2.906493792219 
-3.921678890617 
-4.200220423229 
-3.892526938396 
-4.683601458342 
-4.151609763932 
-3.587807256374 
-3.769446835080 
-3.298978863919 
-3.440632127720 
-3.424456802343 
-3.206102516878 
-3.154714621013 
-3.029935186457 
-3.407479344072 
-3.090109448430 
-3.145445848683 
-3.066370113560 
-3.117514738804 
-4.197059477708 
-3.445940651600 
-2.711606006776 
-3.449815646536 
-2.972644797938 
-2.968846218047 
-2.892112153838 
-3.604980421361 
-3.419084865003 
-3.163478666213 
-3.728021446541 
-2.449357510039 
-3.098448727585 
-2.884724258563 
-2.784211678621 
-2.490073584520 
-3.498923840355 
-2.632724895371 
-3.010281917224 
-2.968143007577 
-2.972166009683 
-3.009780659368 
-2.545183655116 
-2.634545742027 
-3.146850691440 
-2.555867675960 
-2.254306749164 
-1.871002037153 
-2.092631362153 
-2.549658310156 
-2.852967481263 
-2.746099844644 
-2.357707003486 
-2.346740465614 
-2.361618195749 
-2.548226799065 
-2.697571192224 
-2.992055512821 
-2.917306359171 
-2.834252306903 
-2.595756455576 
-2.955981231944 
-3.736751545525 
-2.968621144391 
-2.662935034066 
-2.849450918370 
-3.281695998265 
-3.337328756544 
-3.117927023462 
-3.693877775061 
-3.792370465213 
-2.725010502074 
-2.823257204241 
-3.643182495461 
-4.009068285942 
-4.530919104092 
-4.493088710818 
-4.178858026905 
-3.656936801528 
-4.173267357178 
-4.323085762749 
-3.748890392226 
-3.355769305031 
-2.820838290644 
-2.554627932696 
-3.586272708206 
-3.176047844031 
-3.053565734911 
-3.151879227956 
-3.618543877656 
-3.207153595986 
-2.842906391843 
-2.280794903012 
-3.109223306485 
-2.956488974801 
-2.972559185859 
-3.146940708133 
-3.305545657204 
-2.816933546675 
-4.298079555718 
-5.561082041732 
-3.907415401534 
-3.793314202374 
-2.840865615864 
-3.022394996721 
-3.060913308553 
-3.259963665444 
-3.049120610489 
-2.476895405128 
-3.180313857378 
-3.472248608757 
-3.366502560291 
-2.882686718661 
-2.828110047724 
-2.627928163708 
-3.455138173654 
-3.464286432036 
-3.098431609304 
-2.968427688288 
-3.023701132820 
-3.074751837165 
-3.194431932702 
-3.463265671578 
-3.387866082974 
-3.486180884745 
-3.285908223999 
-2.769410134367 
-2.916723496286 
-2.358042821703 
-2.111207980570 
-3.002737398042 
-3.397143418420 
-3.070371302292 
-2.544126193058 
-2.807157410534 
-3.016719582293 
-3.152557603815 
-2.769340260545 
-2.249675418693 
-3.176796651629 
-2.816120325554 
-3.572174681612 
-3.744718360011 
-3.049793288733 
-2.847729928097 
-2.522223223575 
-2.721352194941 
-2.968834848253 
-2.986040214926 
-3.179120946506 
-2.655688578558 
-2.096011712964 
-2.279442766590 
-2.753807363580 
-2.776745073785 
-2.820762004298 
-2.811620362762 
-2.905085637080 
-3.729656163787 
-3.102012498965 
-3.143735027855 
-2.778080589721 
-3.382804097333 
-4.045250029196 
-3.903833589129 
-3.780500204506 
-4.026340398882 
-3.132206652280 
-2.748831408749 
-3.038103274757 
-2.848499368797 
-1.967038314081 
-2.990024867238 
-2.815385230989 
-3.037070464541 
-2.810723384501 
-3.431946339209 
-2.585504774220 
-2.685791400706 
-2.461735607674 
-3.004560745701 
-3.149989029189 
-2.775282220765 
-2.994655794086 
-3.503863295540 
-2.974010074589 
-4.004359422271 
-3.721848725691 
-3.363124877611 
-3.185639790486 
-2.772368936864 
-2.726814328180 
-2.806750463235 
-2.737862532363 
-2.485128967123 
-2.655335585471 
-2.399885625633 
-4.219093375848 
-3.407664763835 
-3.380091693791 
-3.365857428135 
-3.009004787436 
-2.727588343599 
-2.468251515483 
-3.360187022681 
-3.126176830314 
-2.915173780992 
-2.800840368629 
-2.822428372731 
-3.110810210467 
-3.905515130549 
-3.885175456523 
-4.440200396427 
-3.515687934514 
-3.503552153034 
-3.880078357774 
-2.930509310074 
-4.193399300489 
-3.515010897784 
-3.201127440294 
-3.096294599142 
-2.949402114410 
-3.223566586877 
-3.353289181317 
-4.927842053636 
-3.994095123218 
-3.932717379342 
-4.384686294566 
-3.519240509440 
-3.047263668198 
-3.129269543871 
-2.638899856925 
-3.125322169518 
-3.880876797272 
-3.900172671282 
-3.726027116350 
-3.984009760126 
-3.462326628648 
-3.335301600033 
-3.619396882404 
-3.011079864602 
-3.454065881917 
-2.892971722423 
-3.087931566018 
-2.792092724232 
-2.010110680823 
-2.682341327850 
-2.759877267442 
-3.140260717966 
-3.039901724559 
-2.996083759049 
-2.820921035911 
-2.738863659858 
-2.930824028050 
-2.847341515004 
-3.694752512120 
-3.250039800958 
-3.001079812767 
-2.756142225918 
-2.788064116060 
-3.693725527268 
-3.780637589689 
-2.767372049793 
-3.640761687769 
-3.430641930165 
-3.483165466460 
-3.000267660713 
-2.520704073612 
-2.975285827820 
-2.515705522005 
-2.350581722041 
-2.338565786592 
-3.192561393022 
-4.247207114446 
-4.487030173883 
-4.601582558508 
-3.666291953932 
-3.174607342792 
-2.729350919467 
-2.395283461249 
-3.000484472918 
-2.787209666475 
-2.488630707656 
-2.303400506043 
-3.065592739587 
-2.764338426105 
-2.915464331734 
-2.968335305976 
-2.638520188397 
-2.952896365278 
-2.936802431928 
-3.287018017160 
-3.648484829841 
-2.940216936620 
-2.847367502516 
-3.301633924684 
-3.279066837627 
-3.471218835898 
-3.075275276682 
-2.668808649693 
-2.861037980166 
-3.371577718967 
-3.337897901192 
-2.784979088086 
-2.975635384992 
-3.678073053704 
-3.678520949068 
-4.047897497538 
-4.129083605884 
-2.725657242121 
-2.886808411402 
-2.775299058424 
-2.705461897519 
-2.472725928700 
-2.588110271553 
-2.591390551981 
-2.511866667875 
-2.736541012860 
-2.774406916111 
-3.049379158573 
-3.574288901765 
-3.243880022243 
-3.439105616221 
-2.827396221759 
-3.000670547962 
-2.734747857021 
-3.020423051912 
-3.246659290648 
-3.215951373583 
-3.213896527366 
-3.598320674897 
-3.164651140821 
-3.272855288808 
-3.841078170223 
-3.533239798036 
-3.111286149094 
-2.805876179709 
-4.022853926674 
-4.120788911937 
-4.616044271681 
-2.677539051040 
-3.127444593465 
-3.584535722713 
-3.552431203839 
-2.645759808785 
-2.532916926927 
-2.529651477463 
-2.684633008304 
-2.900124525597 
-2.069468077194 
-2.741982073995 
-2.710904540504 
-2.516281800213 
-2.087371173445 
-2.231836531035 
-1.727349953819 
-2.143168457507 
-2.512737909454 
-2.271415064612 
-3.377594572879 
-3.358957472728 
-3.571781220013 
-3.477073103441 
-3.648372422655 
-3.276851987235 
-3.583039687448 
-2.816458070320 
-2.231619738453 
-3.117418398018 
-2.804841439636 
-4.069487282962 
-3.589979235018 
-3.465124463211 
-3.392193859137 
-3.134906386461 
-3.904304752967 
-4.120185010529 
-4.309438528678 
-4.543504877835 
-3.158264561091 
-3.147150827406 
-2.692544864900 
-3.011170228208 
-3.035281788824 
-2.699727381031 
-2.350585888061 
-3.012601028806 
-3.400483555703 
-2.918120235626 
-3.236750074735 
-3.009903827803 
-3.107391067725 
-3.080370840127 
-2.815461972250 
-2.716750994237 
-2.723505907802 
-2.612163673569 
-3.080449202523 
-2.774583148733 
-3.848463478249 
-4.253573990110 
-3.537356255965 
-3.514299358034 
-2.476337120989 
-2.759057871937 
-2.983446192083 
-3.121545096735 
-2.486474804639 
-2.837525032210 
-3.093651975452 
-3.181244081059 
-3.380653810024 
-3.400993788881 
-3.466128901906 
-3.895092029050 
-3.881387502351 
-3.286390034636 
-2.706245478859 
-3.321704334014 
-3.107457136683 
-2.132964069700 
-2.477148050384 
-2.485247825081 
-2.452164760021 
-3.408438926644 
-3.382271965146 
-2.823328178921 
-2.841549644608 
-3.083738130730 
-4.413067072715 
-3.912977858077 
-3.700759314822 
-3.860127664844 
-3.863823517595 
-3.697094495897 
-3.953517616258 
-3.502936701140 
-3.588855542439 
-3.179531143189 
-3.420193636414 
-3.214326998961 
-3.002104595642 
-2.523627329028 
-2.460839079626 
-2.498503398412 
-3.182909764656 
-3.037919433912 
-3.278230437299 
-3.868400828114 
-3.896125168320 
-4.412988661775 
-4.683607721694 
-3.673670385795 
-3.656047788739 
-3.816414005043 
-3.413061947128 
-3.028515973265 
-3.148527134757 
-3.173591560657 
-2.831969000756 
-3.594807976936 
-3.737920834764 
-3.183418132786 
-4.743055812571 
-3.106915679195 
-3.715809466382 
-2.751014250673 
-2.903797213853 
-2.552308189766 
-4.460921626821 
-3.757515234747 
-2.838227641480 
-2.896068359455 
-2.297389050315 
-2.795717536260 
-2.882958649500 
-3.206210049644 
-4.634555131977 
-4.004430817753 
-4.113574142290 
-3.349479134692 
-2.724703824186 
-2.420451185219 
-2.405626383047 
-3.093685253763 
-3.369711479979 
-3.324589047606 
-3.135044069905 
-3.502274307608 
-4.106179911079 
-3.088817609256 
-2.901373175881 
-2.162121702596 
-2.606692213112 
-3.692918002478 
-4.265339147280 
-3.717789976951 
-3.100409394352 
-2.837554571443 
-2.720196234279 
-2.893152959883 
-2.564326099776 
-2.674582474606 
-3.002121792699 
-2.896945311479 
-3.175783452960 
-3.518981871481 
-3.470178755784 
-4.136054453564 
-3.625803085252 
-3.682750688374 
-5.335363396166 
-3.858192935859 
-4.263538659650 
-3.664032579682 
-3.056055895719 
-3.123877108356 
-3.404131688858 
-3.014965391045 
-1.884328508181 
-2.578964901011 
-2.224765743399 
-2.230825808303 
-2.914840761057 
-3.707755555559 
-4.583554061698 
-5.653378536553 
-3.529156176958 
-3.222666106867 
-2.815318484743 
-4.055410962074 
-4.016951718012 
-3.844639193833 
-4.387820988739 
-3.089951069304 
-2.660695764057 
-2.705804230036 
-2.986673416667 
-2.752208895882 
-2.768952562065 
-3.124775734964 
-2.658375915714 
-2.661046784595 
-3.315679407366 
-3.262414977494 
-2.438168246511 
-2.330289690482 
-2.971270097558 
-2.901831709208 
-3.297761397754 
-2.929353496045 
-3.730202955146 
-3.324459821903 
-3.012402681142 
-3.302733297083 
-2.819880276057 
-2.975711482712 
-3.002339633083 
-2.141779613589 
-2.221046575824 
-2.700853208477 
-2.899457998471 
-2.894061663737 
-3.678389545133 
-3.510885226535 
-3.726832918902 
-2.770649786382 
-2.673033500366 
-3.534891332040 
-3.089758627364 
-2.770472221367 
-2.725156661701 
-3.195753349316 
-3.476715396546 
-3.720195457896 
-3.087963743053 
-2.958978923084 
-2.468408454175 
-3.437824951298 
-3.264166817859 
-3.594927825352 
-2.308002629723 
-2.799380829098 
-2.784288288534 
-2.530672873148 
-2.339216332597 
-3.159952368160 
-3.026144017416 
-3.150679531673 
-4.156551064406 
-3.437791490040 
-3.788494542104 
-4.615314793605 
-4.209724959522 
-4.275306555183 
-4.027342501358 
-2.701487015133 
-3.206690817635 
-3.811405839036 
-3.161418435403 
-2.703556206325 
-3.045299726021 
-3.072729310237 
-3.775649193852 
-3.735683055854 
-3.666074264932 
-3.647970055141 
-2.277790344045 
-3.047487417715 
-3.595117197419 
-2.349214009212 
-3.020746351017 
-3.520035998243 
-3.270243179456 
-2.722353536333 
-2.398810871228 
-3.487873644259 
-3.303146265924 
-2.992837599743 
-2.615752045903 
-3.491993889348 
-2.148602163755 
-2.741114525410 
-2.577148501897 
-2.929127493318 
-2.610991008537 
-2.591336150824 
-3.037790888898 
-2.848643428620 
-2.955728867267 
-2.541194554109 
-2.455174204457 
-2.482990744744 
-2.435470371466 
-2.581099971499 
-2.754436801684 
-4.195875880915 
-3.489052603520 
-2.730834661754 
-3.406737638273 
-6.026374773013 
-6.642268913110 
-4.704168347665 
-3.471767844590 
-2.934453620084 
-2.675771107840 
-3.071320660834 
-3.053202489962 
-3.803062671704 
-3.326650989507 
-2.881174339939 
-2.951417701549 
-2.573497154305 
-1.992550041935 
-3.890835832149 
-3.216214484248 
-2.824551827875 
-4.373091067201 
-4.042244222705 
-3.654763870649 
-3.297593628300 
-2.961702682527 
-3.400560542843 
-3.367226095474 
-3.021713310620 
-3.269418371298 
-3.248836194791 
-2.756857915504 
-3.413286816773 
-3.341691699815 
-3.587715984202 
-4.255295083759 
-4.382636074547 
-2.756594207323 
-4.233233768109 
-3.618592736407 
-2.805969445087 
-3.191220045390 
-3.296146406186 
-3.404401295762 
-3.458482732382 
-3.091256857274 
-2.932448426018 
-2.972197609420 
-4.272636979403 
-2.182764185471 
-2.459615901455 
-2.925660356762 
-2.896381621297 
-2.661192148885 
-2.695721749346 
-2.712798382401 
-3.109029145363 
-3.434206791272 
-3.818039251579 
-3.733754882785 
-2.754805073644 
-2.775971637089 
-3.165039655629 
-3.256789254635 
-2.882364951544 
-3.601870902505 
-3.964292340414 
-4.488245676170 
-3.373112738841 
-2.745264237358 
-2.749519304206 
-2.843646259529 
-2.582215420961 
-2.601740825927 
-3.109243663291 
-3.340874249688 
-3.837890817095 
-4.043474666739 
-3.720184269390 
-2.964932209045 
-2.941987502849 
-2.831552891515 
-2.861983571149 
-2.718305841639 
-3.424973595248 
-2.912037389151 
-3.353214724125 
-2.639315029367 
-2.565161745785 
-2.506329904250 
-2.387898348286 
-2.405635335483 
-2.835609027320 
-2.852532107812 
-3.314499673553 
-3.248111672891 
-3.007387510723 
-3.096360535831 
-3.489316719985 
-2.992874500035 
-2.409175041633 
-3.112437768495 
-3.033384216605 
-3.029217848042 
-2.642010455217 
-3.599869835513 
-3.138044238822 
-3.372102840155 
-3.674753586944 
-2.917464132400 
-2.409228031015 
-2.836917397468 
-2.941107602809 
-3.123632465157 
-3.166435592246 
-3.210672646650 
-3.135812830807 
-2.834967283693 
-2.989485908960 
-3.561629153321 
-2.620536381011 
-2.633266867401 
-2.634406508977 
-3.221489863902 
-3.993221602245 
-3.548409332783 
-3.284364899932 
-2.538265347712 
-3.634549063202 
-3.942139759163 
-3.861908002967 
-4.332737114562 
-4.032873832056 
-3.706899291415 
-3.790428351209 
-3.576445241966 
-3.511729670202 
-3.714721783420 
-3.522300498207 
-3.532286176481 
-2.742301229137 
-2.368028893442 
-2.489069260295 
-1.986787329186 
-2.302403192995 
-2.289418109168 
-2.785919615795 
-2.250686657549 
-2.967046356612 
-3.567736149469 
-3.055993289578 
-4.709724040361 
-4.082341668202 
-3.555440703373 
-3.802023487715 
-3.105869576587 
-3.978260563036 
-3.622095753376 
-2.723800731315 
-2.725650810225 
-2.555009372083 
-3.536179503351 
-3.323701855101 
-3.167642339540 
-2.552084933210 
-2.785089415235 
-3.078795864492 
-2.583508480175 
-3.146993632258 
-2.828065933758 
-3.036230819835 
-3.126273871934 
-3.053203551827 
-2.178723327674 
-2.459365669039 
-2.651785289259 
-4.127271426093 
-3.736698751011 
-3.347501079203 
-2.726039687500 
-3.760328179545 
-3.901578536915 
-3.773734788933 
-3.946848497407 
-3.910593033011 
-3.217273757495 
-2.947405276550 
-2.282789488061 
-2.783305836627 
-2.487604353940 
-2.712413025104 
-3.246997545965 
-3.951899710440 
-3.146820859327 
-3.242408271961 
-3.199278090525 
-3.380513013355 
-3.005054174999 
-2.476117292741 
-2.247472335527 
-2.990755875353 
-2.840928877714 
-3.262500942163 
-2.983405797437 
-4.101438428168 
-3.880747502361 
-3.312052803745 
-3.188300730724 
-2.761483080402 
-2.774998815734 
-3.681772567773 
-3.647586350611 
-2.874589687481 
-3.147083383510 
-2.260365732342 
-2.943799533286 
-2.058794863253 
-3.423199606315 
-3.053441946268 
-3.211769863257 
-2.976892345338 
-3.091251873655 
-3.015970536725 
-3.414129909588 
-4.401925309185 
-4.186928286064 
-4.791675719493 
-5.551019585800 
-4.198636429141 
-2.929825578425 
-3.475232573213 
-3.502301435865 
-3.527303469636 
-2.398557203930 
-2.671467049721 
-2.745167062571 
-2.879269616717 
-3.392116854021 
-3.290293751399 
-3.409720869600 
-2.777023697346 
-2.848441428445 
-2.757588476887 
-3.250709132600 
-3.317893666321 
-3.480707688789 
-4.754274825774 
-3.230248359208 
-3.003360339108 
-2.597190675070 
-2.760385124516 
-3.357251105600 
-3.175616975375 
-3.128099869916 
-3.528556755113 
-3.203513495776 
-2.720771734656 
-2.120891274718 
-2.242427343698 
-2.840756876734 
-2.581273214801 
-3.332463520804 
-3.093486205278 
-2.952439336100 
-2.552401742111 
-2.576417197315 
-2.615055560522 
-2.858705666143 
-3.801344793967 
-3.866849244480 
-3.732649510697 
-3.411017277409 
-3.297299151762 
-2.811685068569 
-3.166670332482 
-3.566076010278 
-3.832159311968 
-4.302199359125 
-4.443814005813 
-3.362127964693 
-3.723916966849 
-3.081478105780 
-3.166244453886 
-4.081720884675 
-3.419052165804 
-3.465173133140 
-2.996414572397 
-2.844526879285 
-3.283492565665 
-3.357511586150 
-3.107833185135 
-2.885075382884 
-3.703053552039 
-3.735365396412 
-3.206036056217 
-3.275087113013 
-3.063273590285 
-3.593109674136 
-3.862944751293 
-3.950018182888 
-3.775276440179 
-3.816796708616 
-3.285341578073 
-3.054612350266 
-3.211685906232 
-3.536598545570 
-3.462170553992 
-3.814245994514 
-3.938818956972 
-4.025317123972 
-3.954961194657 
-4.012892150846 
-3.534061524257 
-3.556078616191 
-3.543162277040 
-3.732063312941 
-3.841481540038 
-3.925248161334 
-4.297710655804 
-3.807387308431 
-3.436977894621 
-3.204951727279 
-2.923031513744 
-3.292287145839 
-3.370104913920 
-3.721708394309 
-3.853110585081 
-3.245852506840 
-2.935084043178 
-3.714702575978 
-3.092485239409 
-2.699210733127 
-4.128876413720 
-2.704772482383 
-3.129187744574 
-2.836178472414 
-3.585522040597 
-3.264267966022 
-3.230353874089 
-3.752813553109 
-3.302658388169 
-3.605381525459 
-3.207201198356 
-3.470444779409 
-3.668228439967 
-2.945557233278 
-3.263304065097 
-2.941178451061 
-2.810866034827 
-2.414438479517 
-2.901713850902 
-3.130827199909 
-3.236250287061 
-3.009547298423 
-2.462884800461 
-2.639164601064 
-2.900031521927 
-2.865761543901 
-4.171571912198 
-4.372896416146 
-3.371957816036 
-2.260378709475 
-2.624870741154 
-3.176079828678 
-3.992023841757 
-3.390510720232 
-3.368243860093 
-2.068494916021 
-3.930310674576 
-3.848513205369 
-3.837011220735 
-3.829428033969 
-3.763510154427 
-4.601297549875 
-5.246861586806 
-4.554661661481 
-5.046074095263 
-3.868020158834 
-3.517655166858 
-3.289815529344 
-4.053122593401 
-4.067944085494 
-4.025228779486 
-4.306953759485 
-2.929594826506 
-3.272407907223 
-3.103576849085 
-3.090127787766 
-3.192449416123 
-3.094774626540 
-3.076972909866 
-3.122979180696 
-3.183971947819 
-2.911409418100 
-3.247028661385 
-3.730752444576 
-4.520652624088 
-4.052762632521 
-3.180403976563 
-3.430695260790 
-3.367155425528 
-3.628384501563 
-3.477388882430 
-3.306622990599 
-2.979080313811 
-2.897631716943 
-2.728572013269 
-2.879183089573 
-2.825372113074 
-2.961720295330 
-3.044238418901 
-2.775800016977 
-2.567040473287 
-2.256708833821 
-2.230471083142 
-2.769576469143 
-2.624455884390 
-2.600196282346 
-3.017007764581 
-2.683429209144 
-2.607160548085 
-2.987847153833 
-2.868242232220 
-2.732992978986 
-3.526939940151 
-3.947933022357 
-3.065167955069 
-2.609513468527 
-2.583254236391 
-3.249929537987 
-2.979239833555 
-2.347953017725 
-2.578512750267 
-2.707524787880 
-2.489210858682 
-3.039047836075 
-3.345301058870 
-3.810614885974 
-3.193867492704 
-3.349071607453 
-3.302109626322 
-3.164722021647 
-3.017649229091 
-3.660860361420 
-3.509234640100 
-3.042514226054 
-3.242177791803 
-3.331288017210 
-2.696750606068 
-2.526280324817 
-2.411113533277 
-2.605513958370 
-2.317028341394 
-2.350867181653 
-2.140257341936 
-2.294505765649 
-2.383216342636 
-2.868537504956 
-2.706515625873 
-2.387635405260 
-2.146295383474 
-2.107691891693 
-2.411439982680 
-3.198580666646 
-3.112562472134 
-2.954444554311 
-2.713161505320 
-3.075487583812 
-3.186045213264 
-3.171641448294 
-3.031562621991 
-2.964171792864 
-2.610645534092 
-2.374388202141 
-2.293560948855 
-2.408470331306 
-2.962297351164 
-3.242108575934 
-3.177186713238 
-2.952845453159 
-2.557890963927 
-2.709288261848 
-2.681407800086 
-2.327107395991 
-2.340907854509 
-2.300154365327 
-2.746762717929 
-3.898683676960 
-4.108612960879 
-3.841184492642 
-3.782037282385 
-3.473104728347 
-3.734865836442 
-2.399280947400 
-2.754640203536 
-2.913947811648 
-3.339890919018 
-3.554636442735 
-2.976211687570 
-2.716054156677 
-3.996854346410 
-4.303004735807 
-3.929979720228 
-2.796790540378 
-3.854666136195 
-4.501520144526 
-2.904599507342 
-3.678840362167 
-2.666338084972 
-3.126374700031 
-3.250068256901 
-3.886286350657 
-4.585366276815 
-2.169322538953 
-3.054418398055 
-2.873074442540 
-4.134752927003 
-3.094129778312 
-2.940556697832 
-3.574249647907 
-2.746596386833 
-3.036769830443 
-3.363195090265 
-3.148918320206 
-2.832847327662 
-3.085682546272 
-3.367515627436 
-3.388525781427 
-2.522976619844 
-2.885220770906 
-2.745419873395 
-2.603049442185 
-2.933360337347 
-2.703410327015 
-2.360373028699 
-2.954555444958 
-3.155324028077 
-3.008906610800 
-3.349109510785 
-3.227183256898 
-3.299337965600 
-3.580276508411 
-3.906997060954 
-3.274760050038 
-4.071337344649 
-4.394784730339 
-3.749863672702 
-3.912369520516 
-3.687172780029 
-3.549859850946 
-3.487850074473 
-2.747412567842 
-2.113146321844 
-3.646272936920 
-3.549943289409 
-3.525964128514 
-3.052028107562 
-3.018253991577 
-3.713659946983 
-4.011401258577 
-3.459516093648 
-3.045080393228 
-2.825276635824 
-2.751213324041 
-3.306922052166 
-3.249866464842 
-3.162165377663 
-3.196036222727 
-3.903232344193 
-4.349196192632 
-2.870872043185 
-3.236004637959 
-2.782189470924 
-2.889051805982 
-3.157606502671 
-2.788927081664 
-3.423223458242 
-3.021957255246 
-2.483640646244 
-2.841596421033 
-4.028360923127 
-3.894850978131 
-3.505474111198 
-3.808678287177 
-3.026234218215 
-3.160229893150 
-3.377747245502 
-3.259208247809 
-3.299188946207 
-3.602654458224 
-3.604385867478 
-3.204740009717 
-2.535987113346 
-2.771112183575 
-2.629200572234 
-3.054372731430 
-2.734408567548 
-2.638224774390 
-2.696197857623 
-2.925115360066 
-4.261120979647 
-3.403209715660 
-2.524356995285 
-2.338605785302 
-2.468637631595 
-2.587351368715 
-3.372195499385 
-3.226500578986 
-3.245707162755 
-3.562026420602 
-3.494474435408 
-3.443954524525 
-3.027553123103 
-2.866129238279 
-3.242674334257 
-3.546300608034 
-3.365715113529 
-2.924547465028 
-3.187101871740 
-2.992443076538 
-3.449259699697 
-2.450004476939 
-2.767762268674 
-2.614648173727 
-2.499533835612 
-2.929347294029 
-2.728754561254 
-2.506374142064 
-2.146690213654 
-3.032210457501 
-2.838435489641 
-4.091673103258 
-3.487964521198 
-4.021060852579 
-3.896440217151 
-3.651735141806 
-3.373941949471 
-2.954929476854 
-5.029351957501 
-3.937621130021 
-4.080564729589 
-3.838139109965 
-2.900115836739 
-3.496512033491 
-2.408458828317 
-3.039245883260 
-3.812442233609 
-4.623658378738 
-3.186510844668 
-3.096111687338 
-2.664644329241 
-2.769910247679 
-2.986510882190 
-2.965709801806 
-2.711528079147 
-2.384550708563 
-3.154018064597 
-3.235427852720 
-2.662867632032 
-2.820368202421 
-2.554273056241 
-2.413612052632 
-3.272280359552 
-3.912008268991 
-4.339054601321 
-3.268711451501 
-2.620169077816 
-2.682681069911 
-2.751202269101 
-2.633386242508 
-2.939328657772 
-2.922699144242 
-2.743318618725 
-3.007187016034 
-3.071089004552 
-3.465449429274 
-3.124916661059 
-3.399738910469 
-3.366126165337 
-3.627306233272 
-4.201381810645 
-3.776661098255 
-3.363130197549 
-4.133422582805 
-4.227312232909 
-3.949968328356 
-3.794976119987 
-4.151865688603 
-5.178531912969 
-4.002958805623 
-3.684545551080 
-3.717288527926 
-3.779327194437 
-3.934107225259 
-3.657635460039 
-3.388450591116 
-3.238114964286 
-3.596229681159 
-2.838461341663 
-2.560822530045 
-2.734330218832 
-3.338056046200 
-2.756800079792 
-2.745244551060 
-2.984727226218 
-5.062246115096 
-3.494398043597 
-3.139114285842 
-3.797061966722 
-3.667122553090 
-2.746831865819 
-2.477038617100 
-2.142159949227 
-3.364488516711 
-3.228519427648 
-3.045282047069 
-3.133804531943 
-3.314476080252 
-3.512392558957 
-4.108527154106 
-2.981709661110 
-3.026907407895 
-3.110024522680 
-2.388537771842 
-2.141763531474 
-2.914335233873 
-3.157669807709 
-2.649082447504 
-2.792300014385 
-3.444050858415 
-2.736693976672 
-3.267786324172 
-3.473273613804 
-3.762733619804 
-3.330780338124 
-3.487859023061 
-3.435172037608 
-3.488052388637 
-2.980265799493 
-2.589397289813 
-3.142613214439 
-3.018477554913 
-3.173300117994 
-2.958409881225 
-4.673283223742 
-4.044579198876 
-2.021317447343 
-2.001266105388 
-2.137725394386 
-2.909869078322 
-3.869503988180 
-3.201947825583 
-3.030845094598 
-2.324994701590 
-2.164046804432 
-2.398817125481 
-2.645298505768 
-2.503557482781 
-2.847811067960 
-3.121823912158 
-3.820497232888 
-2.965765903960 
-2.884892749280 
-2.590969781988 
-2.873191194145 
-2.481383569708 
-3.340285903117 
-3.583728417907 
-2.912787692214 
-2.933508799577 
-2.542491710719 
-3.730384509853 
-2.730529255265 
-3.126800620735 
-3.863185239563 
-4.306979632399 
-4.877382382656 
-5.022359683932 
-4.854104949688 
-4.326596997033 
-3.391088940438 
-3.601708693658 
-3.682503694245 
-3.437009579814 
-3.065562802376 
-3.565687687216 
-3.582076480834 
-3.810776070298 
-2.966491083649 
-3.418338477144 
-3.282182735717 
-3.934818785979 
-4.431110086638 
-3.356236233465 
-2.204572533396 
-2.537446526739 
-2.876434055403 
-4.105997698505 
-3.467238261421 
-3.684151089269 
-3.271406311662 
-3.110306050839 
-3.046261716245 
-3.380320174171 
-3.317477435635 
-3.212367063755 
-3.136397320561 
-2.701821560277 
-3.728464175416 
-2.504893844536 
-3.006512439398 
-3.583018931431 
-3.174360671425 
-2.300510332809 
-3.171287061880 
-3.625462692005 
-3.455251203624 
-3.397902659676 
-3.081466665276 
-2.701786583401 
-2.600543910307 
-3.009019425993 
-3.083988051195 
-3.311543530921 
-2.866487740936 
-2.922528007505 
-3.103071329742 
-3.252571582493 
-3.750742648087 
-3.048663784742 
-3.266985154216 
-3.865089957803 
-3.552040941868 
-3.735232826901 
-3.868816998197 
-3.416864620688 
-3.069619817150 
-3.340793496579 
-3.456189610604 
-3.614955843086 
-2.907229283776 
-3.251976399162 
-3.677941301547 
-2.843186299346 
-2.526717564557 
-2.604234907511 
-2.946516026200 
-2.930263471705 
-2.949919919614 
-3.265223981893 
-3.038317174658 
-2.992414673962 
-2.465079842991 
-2.729760113105 
-2.186398856088 
-2.591792356453 
-2.907796565749 
-4.127532725116 
-3.315247512225 
-3.233165259619 
-3.817511275050 
-3.757285771348 
-3.572254394733 
-3.778247294946 
-4.326035924205 
-4.643705060725 
-3.284314508200 
-3.120904984093 
-3.218291029862 
-4.006932034516 
-2.847157758486 
-2.509472551928 
-2.740111174186 
-2.597444968749 
-3.166875890757 
-4.032164562700 
-3.885665986290 
-3.766534383527 
-4.400983936108 
-2.959976600608 
-3.807480660595 
-3.545372392521 
-3.693493010843 
-3.697209510062 
-3.751607163077 
-2.467640399749 
-2.897853320349 
-3.413953530490 
-3.602654274531 
-4.111924643179 
-3.486519967296 
-3.887383832974 
-3.718878454998 
-4.069746098390 
-3.609699900456 
-3.451707681995 
-3.047518201948 
-3.204888435392 
-3.253711934346 
-3.082583450294 
-3.087187634252 
-2.800920717908 
-2.662833096942 
-2.528858391932 
-2.434693200344 
-2.678868403898 
-2.364575881012 
-2.876422835812 
-3.009327139991 
-2.796101954759 
-2.721027539667 
-2.728800346908 
-3.002231939419 
-3.318980630862 
-3.272643524037 
-3.419528699699 
-3.942058555948 
-3.895694821980 
-3.281788859265 
-3.418261151714 
-3.742734274437 
-3.126339467763 
-3.050335523352 
-2.820837376516 
-2.549263448772 
-2.576799398394 
-2.929630047078 
-2.425292900711 
-3.096941355269 
-3.097090899307 
-2.628526169704 
-2.468456948229 
-2.637353488683 
-2.713622314158 
-2.836121334326 
-2.455358863853 
-2.911145900520 
-2.755586270164 
-2.394620978798 
-2.801916543811 
-2.544699805925 
-2.852006500872 
-2.589027042117 
-2.487755241077 
-3.099913129366 
-2.852658347527 
-2.844597447285 
-3.022626837910 
-2.983572384799 
-2.473070630074 
-2.291620680005 
-3.012347698544 
-3.232961332240 
-3.564071539784 
-3.832316747423 
-2.725670289217 
-3.305462578182 
-3.907231867056 
-4.055277473009 
-3.811228867320 
-4.522312380540 
-3.704516620515 
-3.675802575147 
-3.716292682500 
-3.061674714001 
-3.153317359122 
-3.378704224061 
-3.564794352417 
-3.562749291329 
-3.831812197205 
-3.348379692168 
-2.949479215769 
-3.406065542023 
-3.481685179234 
-3.510727125034 
-2.603789565275 
-2.930091756445 
-2.929976321918 
-2.836108697297 
-3.488604866534 
-3.805924746828 
-3.410322293444 
-3.345868924103 
-3.440839799771 
-3.118164417144 
-2.866794302173 
-3.172183981897 
-4.268284384837 
-3.544955602433 
-3.287088663820 
-2.863107749658 
-2.834459248176 
-3.355022739449 
-2.671518025546 
-2.509300894636 
-3.667037870089 
-3.569412525572 
-3.746095626925 
-3.353865174226 
-3.145397447861 
-2.815457708613 
-2.898822673308 
-2.636681651429 
-2.981651966714 
-3.035144676317 
-3.237866976914 
-3.505069336716 
-2.823181079816 
-2.779875852881 
-3.462651427075 
-3.177392808748 
-3.375378261415 
-3.716489320178 
-3.016092832990 
-3.349977553960 
-3.925659533060 
-3.618749517775 
-3.355178943884 
-3.481703138449 
-3.055514499773 
-3.266660463723 
-2.918242668255 
-3.064140645787 
-3.421363302784 
-3.670748336844 
-3.075356965699 
-2.974768719452 
-2.523019941841 
-3.428149529103 
-3.521756339866 
-4.405842246882 
-4.551530662591 
-4.317241118254 
-3.547755338398 
-4.087263593588 
-3.656152317272 
-3.777292986190 
-2.987350558181 
-2.960245115695 
-3.113419114613 
-2.662581670630 
-2.665713181966 
-3.118304557986 
-3.250687265602 
-3.149501697837 
-3.001682937685 
-2.801451184878 
-2.742256367651 
-3.310692104122 
-4.159639297807 
-4.184115973617 
-3.956174650374 
-4.195949239136 
-4.371121296580 
-2.936700196436 
-3.157617699683 
-2.970876297664 
-3.292321264970 
-2.837425411391 
-3.012886879057 
-2.721607620227 
-2.920115238405 
-2.480300411381 
-2.014734169321 
-3.638967454862 
-2.293200260219 
-3.220517439641 
-4.019028321249 
-3.372789813554 
-2.508446760498 
-3.112939622239 
-2.673619028059 
-2.456357759271 
-2.737455736760 
-2.951252943959 
-3.079353745503 
-2.850985020027 
-2.527515591427 
-3.180878773069 
-3.321227394716 
-3.308767595905 
-3.231356346481 
-3.330706172142 
-2.789413609964 
-3.547991223224 
-3.483883050657 
-2.812447024238 
-3.690271001356 
-2.523758112354 
-2.606224409082 
-3.107068171235 
-2.520397573420 
-2.390880017103 
-2.401138250801 
-2.808398713017 
-3.542495472068 
-3.731750271391 
-3.788771426401 
-3.260787883550 
-2.903965507326 
-3.104594666612 
-4.083356713838 
-4.090208611906 
-3.498993748167 
-3.780373128030 
-4.343481623014 
-3.577736066398 
-3.097262640004 
-3.300394522661 
-3.395709798164 
-3.368096931792 
-2.700615496746 
-2.613136329676 
-2.376980965240 
-3.139016513274 
-2.965011693595 
-2.751770861494 
-2.415730641611 
-3.755665240208 
-3.512354368357 
-2.747001328471 
-2.986184685150 
-1.950359867850 
-3.158364906868 
-3.245219936671 
-2.304623945157 
-2.803616149416 
-3.254333593336 
-3.354197896608 
-2.613915606992 
-3.914634597182 
-3.827460828006 
-3.485544783570 
-3.609583691283 
-4.865274346489 
-4.962657892336 
-4.492601381458 
-5.224593319687 
-4.400560473161 
-3.725946386688 
-3.931084049257 
-3.379185846291 
-3.207972953171 
-4.173804029017 
-3.567943952624 
-2.896671461634 
-3.402741284540 
-3.667701480978 
-4.233724369117 
-4.478163892818 
-4.822815805193 
-4.786755936067 
-5.187825926672 
-4.841292764224 
-4.339443587453 
-4.389586152734 
-4.199340436708 
-4.134080924139 
-3.057813355275 
-2.817850253618 
-3.299522351950 
-2.690267368228 
-3.156995878382 
-4.346188961929 
-3.540005200682 
-3.555930690679 
-3.889553869727 
-3.573969422167 
-4.231604994255 
-2.804123954391 
-3.035245857942 
-3.198026811347 
-3.157436403819 
-3.217169833153 
-3.150147588342 
-2.382421312269 
-2.571798135589 
-2.652189611562 
-2.774820780885 
-2.670344265704 
-2.682323156855 
-2.494571052507 
-2.169328958234 
-2.722212423245 
-2.031111329978 
-3.177834118327 
-3.710325967090 
-3.380148826776 
-3.174055393263 
-3.020425801429 
-3.785287934496 
-3.211825518725 
-3.608127458760 
-3.487602704638 
-3.489614011329 
-3.536339899227 
-3.640445698197 
-3.076464124404 
-3.645550851491 
-3.953437514752 
-3.174360444595 
-3.259344789856 
-3.589505180034 
-3.697926429102 
-3.761057193168 
-3.850816990975 
-4.225433723511 
-3.865555382406 
-3.907205894742 
-3.593438864702 
-3.705084802666 
-2.726574457432 
-3.052062007314 
-3.406317671578 
-3.588730789346 
-3.547625230430 
-3.888529914613 
-4.547221394696 
-3.474552707144 
-3.210244414479 
-3.553615899068 
-3.498521385374 
-3.488252896432 
-3.981461826333 
-4.283688966902 
-5.082618327234 
-4.559503716549 
-3.302268574437 
-4.330961155856 
-3.429203082724 
-2.946132357166 
-2.511189152682 
-2.727760322273 
-3.561234574076 
-3.022091295829 
-3.382950939623 
-3.491220089327 
-3.185381677487 
-3.530391230802 
-2.990433425438 
-3.148970592472 
-3.265711737024 
-3.834872190266 
-3.666401780364 
-2.996320120413 
-3.645086874873 
-3.403935186774 
-3.288071038113 
-4.104456587287 
-3.534139654429 
-3.211236669769 
-3.837744261048 
-3.958168874064 
-2.421834941770 
-2.718773978857 
-2.716518808979 
-4.304854941337 
-4.190105586379 
-3.075211553215 
-2.668934318740 
-3.483949927852 
-4.589116473066 
-3.402345497182 
-3.424866224488 
-4.799424906764 
-3.616859432301 
-3.498197568162 
-3.805076590228 
-3.860859153135 
-3.948941630846 
-4.696370296328 
-3.117838820165 
-3.364893705295 
-2.745592778968 
-2.363153582115 
-3.617390405953 
-4.030060365782 
-2.940333581288 
-4.276904144706 
-3.045074089710 
-2.883768203423 
-3.275941715715 
-2.606638229224 
-3.172266554337 
-2.778278840123 
-2.915965329517 
-2.956467665091 
-2.776777979609 
-2.827210343238 
-2.254619203660 
-2.304179242145 
-2.926325666151 
-4.543126134034 
-3.524697577359 
-3.815973820482 
-3.965539534830 
-3.536047425656 
-3.195454521568 
-2.434593261117 
-2.415417326863 
-2.313573617404 
-3.109772567677 
-2.934074452709 
-3.007709815046 
-2.774651469225 
-2.633259997920 
-3.174662446358 
-2.781064874095 
-2.649526325425 
-1.978675745124 
-2.709843836841 
-2.407173001555 
-2.526706352528 
-2.469784159771 
-2.524698668588 
-2.463821180131 
-2.434295335322 
-2.515210743241 
-2.893103763035 
-3.442446189230 
-2.774356604475 
-3.219983200690 
-3.768776861230 
-3.380364483907 
-2.793895612902 
-3.247391666555 
-3.199062240280 
-2.708835921679 
-2.683122918724 
-2.605728070365 
-2.829849943593 
-3.515290636183 
-3.377950632297 
-4.491034480020 
-3.230720221857 
-3.301841253479 
-2.994190566725 
-2.880487528645 
-2.316135419755 
-2.985524848760 
-2.605601539644 
-2.770058585663 
-2.972401176993 
-3.603913815032 
-3.168691883678 
-3.279991640523 
-2.675334019071 
-3.694537487172 
-3.204196143404 
-3.307567109812 
-3.324560122149 
-3.361209517912 
-3.470369050409 
-2.859562402320 
-2.884482349153 
-2.842504830067 
-2.789506648866 
-3.146395315932 
-2.999871491557 
-2.908426004706 
-3.231978910758 
-3.238968837617 
-2.520351023328 
-2.917242789957 
-2.998039344014 
-2.826857221385 
-2.625327853437 
-3.296627504242 
-3.250549669770 
-2.768253041019 
-2.992271236569 
-3.262011656329 
-3.025684743398 
-3.319930198138 
-2.451666077864 
-3.032208824306 
-3.044355319388 
-3.357015232593 
-3.124044708120 
-2.713731398599 
-3.529755669591 
-4.087200350871 
-3.938000452344 
-3.815789145242 
-3.670182590054 
-4.902582590482 
-3.236283104303 
-3.274382721653 
-3.422323183983 
-3.554259779419 
-3.536582900482 
-3.639058736570 
-3.621599406230 
-3.664152087505 
-3.553899784162 
-3.108777708502 
-3.253097716323 
-3.695470689909 
-3.275688791738 
-3.362926455113 
-3.164473995494 
-2.784055852587 
-3.468250989817 
-3.062191170311 
-3.201545466807 
-2.935591164358 
-2.980090329502 
-2.868859793403 
-2.338579174770 
-2.577410143304 
-2.563771783608 
-2.319092191299 
-2.289236969896 
-2.820010486321 
-2.558686006001 
-2.485006541866 
-2.432106519931 
-2.930235148406 
-2.606044785469 
-2.977348971053 
-3.078807221438 
-2.494467559191 
-3.853089333649 
-2.486016387945 
-2.566688847878 
-2.729221733868 
-2.857049827924 
-4.063411963703 
-2.568577450633 
-2.985976005989 
-3.301616506634 
-3.736146206263 
-4.067517552759 
-4.263969778237 
-2.978211887611 
-4.488423104656 
-6.607675791067 
-4.210503687211 
-3.310369820459 
-3.520705366783 
-3.069050653523 
-3.597874831782 
-3.472643142211 
-3.294825529344 
-2.932809940888 
-2.795860411219 
-2.730306769977 
-2.944376485834 
-3.804122877699 
-3.401051059116 
-4.023251238320 
-3.556998281753 
-3.237605847293 
-3.732597639498 
-3.458819797864 
-3.189197315164 
-3.197917595769 
-3.037873166104 
-3.180846246600 
-2.852990082095 
-2.838774651603 
-3.127497992087 
-2.798663944783 
-3.160302504499 
-2.764764315743 
-2.262597631130 
-2.095455824779 
-2.773141907531 
-2.700587276328 
-2.809158216864 
-2.703182992034 
-2.747090619515 
-2.824848291422 
-2.713302934260 
-3.080233672326 
-2.726113714776 
-2.895922637366 
-2.622644589918 
-2.295025036342 
-3.389270124834 
-2.944925653818 
-2.667216749678 
-2.650889639103 
-2.920280711781 
-2.579902507347 
-2.723718085286 
-2.218657607444 
-2.043700789296 
-3.547631783476 
-3.341983422595 
-2.823365771873 
-3.697812417945 
-3.705012405267 
-2.393763052807 
-3.172595118264 
-3.502599050939 
-4.369683760901 
-3.763966713769 
-3.158937210863 
-3.178577497673 
-3.244854588453 
-2.264353896653 
-2.081676464753 
-2.541122057548 
-2.503414609548 
-2.355726216481 
-2.575577385378 
-3.146418016569 
-3.027416733123 
-2.850852221021 
-3.538114188266 
-3.955820057750 
-3.693092385229 
-3.993604949435 
-3.876270714268 
-3.330433775636 
-3.518085364242 
-3.297722580564 
-3.522077073714 
-3.535718476622 
-3.829126385161 
-3.621465980160 
-3.922378783725 
-4.530536595577 
-4.409098914714 
-3.906879580905 
-3.367908386600 
-2.408241587999 
-3.589514030112 
-3.680452447510 
-3.644783431303 
-3.567343556564 
-3.179068875172 
-3.248014879819 
-3.690419871836 
-2.910474014127 
-2.654601560683 
-2.437344012364 
-2.707065375529 
-2.709573411759 
-2.539360878946 
-2.629187133077 
-3.055958164186 
-3.287609173324 
-2.844475965892 
-3.086732681937 
-3.156380877059 
-3.286735207526 
-3.857342149957 
-4.200015756749 
-4.443125832188 
-4.080411827962 
-3.969148256076 
-3.904986436389 
-3.866282761269 
-2.988497843081 
-3.624425608766 
-3.473014187261 
-3.577722817804 
-3.234678903285 
-2.898119047556 
-2.763345436954 
-2.442588712142 
-3.405626832053 
-4.028524982760 
-3.973648305053 
-4.389660382666 
-4.465297310297 
-3.993259757932 
-3.613985010478 
-3.946507174429 
-4.488900311498 
-5.152697557512 
-3.858164701741 
-1.982270791095 
-2.206732149448 
-3.567823498943 
-2.994107069166 
-2.641822995914 
-2.890554165495 
-3.456487207777 
-2.319585797552 
-2.938149748106 
-3.427772257116 
-3.048276768310 
-3.957187738732 
-3.718398793172 
-3.681486667488 
-3.123821198487 
-2.879651550839 
-2.508952148560 
-2.383812302593 
-2.307604698744 
-2.188955417292 
-2.553405867611 
-2.599029706280 
-2.884549378266 
-3.851951657106 
-3.108724125100 
-3.163180444373 
-3.780729456443 
-4.323912582657 
-4.109622034790 
-3.279108330079 
-3.332952996585 
-3.615892827724 
-3.546157144605 
-3.506309697074 
-3.129484174172 
-3.603865260453 
-3.815281380614 
-4.669667061191 
-4.596908019949 
-4.070832077669 
-4.171031365478 
-3.620780512236 
-2.769104064014 
-2.904224944314 
-3.326005418295 
-3.837812247758 
-3.931126583947 
-3.326349594040 
-4.685208129186 
-4.431788193900 
-3.935106629830 
-3.993665310912 
-4.018275129575 
-3.565602141309 
-3.590501976119 
-3.651082384209 
-3.525529117949 
-4.047078823301 
-3.719180001496 
-3.993255357848 
-2.898824517958 
-3.139314334244 
-3.482363894859 
-2.699549596503 
-2.583653390064 
-2.572643538102 
-3.363479406300 
-3.593575771925 
-3.892581167395 
-3.533550481309 
-3.570561137416 
-2.768361784071 
-2.722110368438 
-2.527018355667 
-3.006627909308 
-3.300643473617 
-3.299919761989 
-2.677801228490 
-3.396986684919 
-3.094058415113 
-2.942106164360 
-3.175206777778 
-3.635244133687 
-3.341733249975 
-3.259515404048 
-2.164168478635 
-3.198138881242 
-3.631148296742 
-3.655750145510 
-3.050501073514 
-3.180143341256 
-3.109681486605 
-3.005179774797 
-3.962172107538 
-3.050390893300 
-2.211112494505 
-3.388382715068 
-3.356152954251 
-3.669739967943 
-3.586436554682 
-3.810983788481 
-3.735653796930 
-3.597847945184 
-3.941195969132 
-2.947061934172 
-3.497698373226 
-3.049904596771 
-3.388912687005 
-2.571798175271 
-3.310706290805 
-3.408917456745 
-3.143141190202 
-2.935675204017 
-3.541743379214 
-3.176379276625 
-2.816641251539 
-3.025134187432 
-2.970502450134 
-3.056846453422 
-3.919365969082 
-3.212057929533 
-3.186755989460 
-2.581673855053 
-2.435211471176 
-2.579425219944 
-2.730985947288 
-2.902779650986 
-2.639122275782 
-3.069147256482 
-4.091170858718 
-3.555870792255 
-3.482544519803 
-2.496335476073 
-2.689980719693 
-2.921682635656 
-3.685015407275 
-3.978920535130 
-3.505404424098 
-4.505869538147 
-3.658507835241 
-3.182947241443 
-3.952367013175 
-4.513000077363 
-4.189480810267 
-4.085280502634 
-3.298894612882 
-2.354359579454 
-2.523974691800 
-2.677926759519 
-2.803464462727 
-3.224584443325 
-3.838517501826 
-4.162346573273 
-3.398472844775 
-3.171101000189 
-3.355691316964 
-4.161995206089 
-5.008435058774 
-4.282568641587 
-4.016565911829 
-2.884790350530 
-3.180328491275 
-3.411600629755 
-3.475557183300 
-3.608576195474 
-4.530915540377 
-3.905267800014 
-3.683702627065 
-3.550225686242 
-3.337063127982 
-4.333002550351 
-3.804357600291 
-4.355996480756 
-3.462930881414 
-3.853205987870 
-3.757760101325 
-4.051861900616 
-2.846038177878 
-2.930948088569 
-3.066291542396 
-2.957461740259 
-3.197854417994 
-3.443983682863 
-3.300870954928 
-2.911571252304 
-3.137264894610 
-2.624559275115 
-3.896038143887 
-3.042452545251 
-2.927426148836 
-3.098187433065 
-3.430220252250 
-3.427602718582 
-3.195703392659 
-3.536775985509 
-3.668199085676 
-3.454760976439 
-3.359517033971 
-3.469113794181 
-3.493191848336 
-2.870529413892 
-2.521120375229 
-2.348077487631 
-2.392145802597 
-2.782154383636 
-2.845710619378 
-3.361721529664 
-3.539551201340 
-3.872339919895 
-4.048975316686 
-3.265254380702 
-4.129572005146 
-3.827981884601 
-3.718815277328 
-3.833906131985 
-3.825343579305 
-3.176768054157 
-3.481227764890 
-3.507749427847 
-4.344674611914 
-4.174464702857 
-3.381616326106 
-2.995962694271 
-3.213832114019 
-3.027509400555 
-2.605301456135 
-2.834218283796 
-3.400624122616 
-3.830663229528 
-3.246800748115 
-3.815613763697 
-3.946946885703 
-3.834726245773 
-2.868355462673 
-3.008677425205 
-3.621514715865 
-3.360856540057 
-3.529890705431 
-2.953698128833 
-2.698344371803 
-2.652250887159 
-3.068802873470 
-3.120913118616 
-3.180902501213 
-3.013654953663 
-3.148613660455 
-3.958554860943 
-3.618259852753 
-3.907876856482 
-4.669118858877 
-2.936291225681 
-2.926661949399 
-3.114796087799 
-2.906821027508 
-2.700634309815 
-3.537398383875 
-2.846695953185 
-2.188847021080 
-3.348504307273 
-3.582426399227 
-3.466506345793 
-5.108596953978 
-4.500150068428 
-4.009919275691 
-3.875426511702 
-3.790995585658 
-3.706388442530 
-3.658943264130 
-2.775312140839 
-2.918068340284 
-2.975487465715 
-2.642269904025 
-2.426391440974 
-2.808356018159 
-2.633390107583 
-2.434638626135 
-2.651079285643 
-2.671479141975 
-3.677729601119 
-3.536987952528 
-3.153529159872 
-2.953409759798 
-3.608406563414 
-4.165532722431 
-4.299160388746 
-4.315179087106 
-3.868319580295 
-4.170233833726 
-3.359670902552 
-2.897164406133 
-2.614498416174 
-2.894155391152 
-3.147455272729 
-2.978629439098 
-2.778763050774 
-2.860142639973 
-2.764120770276 
-3.928214471476 
-4.036563051126 
-1.874408970657 
-2.392744162477 
-3.295387055189 
-3.341663642114 
-3.064649679545 
-3.539226352073 
-3.124981475936 
-2.935431770598 
-2.669842743660 
-2.952072412335 
-2.730585804615 
-2.759660150943 
-2.805694526027 
-3.077973451190 
-3.035827602116 
-3.350076474362 
-3.769174274869 
-3.707884897854 
-3.365197320693 
-3.500950769634 
-2.847781865176 
-2.674296131581 
-2.727262219939 
-2.942633498000 
-4.000394477699 
-4.027184367997 
-4.054924245096 
-3.721222831654 
-3.237735987102 
-2.855032323503 
-3.201482037764 
-3.072339721696 
-4.207163851034 
-3.803466294878 
-2.939608747084 
-2.582516872997 
-2.886324777151 
-2.959958746409 
-3.260893989543 
-3.083738412605 
-2.509976001365 
-3.028226144087 
-3.264280819025 
-2.980992672405 
-3.201261080778 
-3.196253985546 
-3.368878186011 
-3.367229218564 
-3.247952679795 
-3.295317429611 
-3.739487744508 
-3.619629117405 
-2.885069989526 
-2.009534034120 
-2.515272012396 
-4.102603800320 
-3.402799327207 
-3.877433483716 
-4.347244406841 
-3.833454271001 
-3.029020250828 
-3.133863536902 
-3.893674778244 
-3.879123969585 
-3.445223541122 
-3.663915124120 
-3.228513605088 
-3.074203498824 
-2.486547584519 
-3.160040000454 
-2.619878240120 
-2.646547917849 
-3.608659585438 
-3.241050078455 
-2.999859681493 
-2.784878069861 
-2.604611485043 
-2.709600361558 
-3.358843651027 
-3.408709335650 
-2.479917764961 
-2.650860553375 
-2.574969834126 
-3.378067284454 
-3.588294601845 
-3.294746436006 
-2.934121821485 
-3.799795203558 
-3.308094489375 
-3.506812068498 
-3.252733537833 
-3.231929131273 
-3.182725451807 
-2.843915556988 
-3.160341880103 
-3.127048657304 
-2.742104033256 
-2.799649794470 
-3.022635666286 
-2.257752089309 
-2.614128196500 
-2.636220191348 
-3.102370197049 
-3.674729367091 
-3.650195803795 
-3.817824047069 
-2.365431431853 
-2.468126022633 
-2.344378303078 
-2.760389716139 
-2.316773604725 
-3.876838531590 
-3.001025372247 
-3.182969410010 
-2.321490422525 
-2.403257638590 
-2.288829757926 
-2.791218064277 
-2.363841878757 
-3.074572357024 
-3.590756997542 
-2.305146378384 
-3.290468776637 
-3.042909996137 
-2.883969235000 
-3.077371323298 
-3.019537261583 
-2.653621778926 
-2.511751308104 
-2.204914448952 
-2.143500681822 
-2.675779091599 
-2.859078579123 
-3.027694158064 
-2.899475530822 
-2.875154058900 
-3.183583908240 
-2.915155732799 
-3.047561799495 
-2.953165504500 
-3.208942557775 
-3.682820174984 
-3.833698790978 
-3.682738512215 
-3.870964641393 
-3.436354692736 
-2.810655869559 
-3.170141600803 
-2.665895439856 
-2.849468784496 
-3.074277157767 
-2.512230000243 
-4.040424272735 
-4.047740539677 
-4.967966435142 
-4.369466706440 
-5.372004633549 
-4.296523682602 
-4.169629641571 
-3.709434888977 
-3.596815295394 
-3.681619922755 
-3.415471951728 
-3.236659297799 
-3.412121925898 
-3.995244670180 
-3.137992804496 
-3.321373893465 
-3.250221901463 
-3.187831399428 
-2.762057549265 
-2.056277818182 
-2.507162669776 
-2.715624263950 
-2.434647327921 
-2.358730202808 
-3.136503487479 
-2.493429284454 
-2.304431850270 
-3.746358626290 
-3.550129107500 
-3.429188566110 
-3.819380676142 
-3.374697901604 
-3.257092798434 
-3.496644590372 
-3.248218436310 
-3.229129187299 
-2.630931222081 
-2.591614056355 
-3.223975215725 
-2.996034459429 
-2.748144430726 
-2.801726704189 
-4.692267926472 
-5.254815708543 
-4.129273394898 
-3.906424169281 
-4.023386051522 
-4.371473431257 
-3.905069835367 
-2.968200167832 
-2.586421525562 
-2.833310496685 
-3.023328528244 
-2.989734103436 
-3.054491103192 
-3.046586050251 
-3.100768570308 
-3.472589369593 
-4.392375292613 
-3.278552226159 
-2.954435581982 
-3.291245562267 
-3.012134931975 
-3.071326939793 
-3.291729676587 
-3.206038717974 
-3.256550679921 
-3.323518305386 
-3.251495582773 
-3.538376213940 
-3.159517196003 
-2.208974235796 
-2.611252131023 
-2.805751179810 
-2.988663776113 
-2.712663671986 
-2.665324190001 
-3.452982591994 
-2.936649453301 
-1.955071270086 
-3.571053820311 
-2.854821857564 
-2.997139718997 
-3.226866235678 
-3.133726852267 
-3.366672810517 
-2.852798964175 
-2.848630098278 
-2.672939534397 
-2.611440945283 
-2.870904108464 
-2.912204809902 
-3.594539564227 
-4.011884344485 
-3.449835440639 
-2.785816005189 
-3.012263630171 
-3.401436838357 
-3.402775577424 
-3.060771051161 
-3.098744691862 
-4.014344236351 
-2.854411930160 
-2.554077351166 
-2.524016537932 
-2.931901742165 
-3.942249984378 
-3.559826284124 
-3.301639357523 
-3.485444652944 
-2.780032497258 
-2.785612702661 
-2.526676761521 
-2.585541632875 
-2.505378936269 
-2.689219661465 
-4.329603838390 
-5.123087672577 
-4.509306014468 
-3.410683022439 
-3.227672987648 
-2.787870570461 
-3.004582326949 
-3.154403901387 
-3.283812875889 
-3.611657653289 
-3.006991935442 
-2.787999654658 
-2.848137131484 
-2.676013830216 
-2.910428284438 
-3.017930918442 
-2.697708031995 
-2.973812771559 
-3.235433186598 
-3.730327942393 
-3.651570564879 
-2.803959917804 
-3.840489327213 
-3.491878136668 
-3.452602558405 
-3.484433936993 
-3.302391021253 
-2.758156144372 
-2.618942380634 
-3.070404003798 
-3.128454410387 
-3.551968455654 
-3.676370139219 
-3.303686486737 
-3.257795557179 
-4.011227412243 
-4.671637878660 
-3.696283887063 
-4.036823371451 
-4.287659880953 
-3.716633850588 
-3.444640405160 
-3.209312887572 
-2.595770985429 
-2.432309870546 
-3.969687448694 
-3.249750756632 
-3.382809926250 
-3.430086160171 
-3.056529490619 
-2.815984158325 
-2.367630290240 
-1.681586900834 
-2.186886224289 
-2.121735252236 
-2.793345251535 
-2.610970912540 
-3.027294688480 
-3.159106474668 
-2.927445925360 
-2.368213990804 
-3.149399401716 
-3.160978363297 
-2.623337391568 
-2.909323047267 
-3.187612674633 
-2.674315614140 
-3.068845385997 
-3.573077313868 
-3.841325533363 
-4.318562976920 
-3.454275138872 
-2.857399262562 
-3.492885835094 
-3.255134278617 
-3.841844638610 
-3.486257197018 
-3.977103954495 
-3.040231864313 
-2.828658603665 
-2.541136611489 
-2.394601632461 
-2.939012378572 
-3.251841051612 
-2.967364203798 
-4.212540618874 
-3.723739872570 
-3.514478273863 
-3.756379160286 
-3.752025195046 
-3.934681157325 
-3.603867449241 
-3.507954729866 
-2.669441499198 
-3.301022075949 
-3.104578929689 
-3.077070895178 
-3.532243418129 
-3.593189280535 
-3.435671873839 
-3.439637621496 
-2.569364411505 
-3.268938460361 
-4.377461897231 
-4.049364470303 
-4.251003762178 
-3.701984863500 
-3.697951423463 
-3.226961523144 
-4.488760526036 
-3.895007994591 
-4.094408510570 
-3.820444623303 
-3.670454839971 
-3.785625259030 
-3.640315486026 
-3.699273833366 
-3.997483265107 
-4.085915688772 
-4.698245294188 
-4.391705279909 
-3.539157373729 
-3.549783234131 
-3.551862960076 
-3.466353324184 
-2.922654260202 
-2.808972002701 
-3.653342347499 
-2.890367123352 
-2.460959955238 
-3.282913322949 
-3.647677862543 
-2.801431457800 
-3.090068810129 
-3.639622042329 
-4.463746591152 
-3.087858969971 
-2.869665285622 
-4.252008581979 
-3.422243693783 
-2.901660278229 
-3.444230895692 
-3.274984637694 
-2.077432318667 
-2.686494805776 
-3.433119843552 
-3.377430650548 
-3.451835587817 
-3.120633162193 
-3.644688643184 
-3.503809264696 
-2.987129969125 
-2.960170505570 
-3.464865919175 
-3.421909133302 
-3.412229402390 
-3.750976031657 
-4.088961956788 
-4.071030639618 
-3.476936274188 
-3.685098248074 
-3.269301815033 
-3.169629729253 
-2.835597224182 
-2.949064680020 
-1.965395400459 
-1.905796808611 
-2.380857635413 
-2.308258866443 
-2.536001460947 
-3.249002004984 
-2.541753899601 
-2.963642437806 
-3.237957438703 
-2.921960611375 
-2.860456693238 
-4.048426298440 
-2.612361087521 
-3.165686508636 
-3.249632295538 
-3.153763211927 
-2.669969547677 
-2.909164759921 
-3.678094316989 
-2.651013881839 
-2.794232384401 
-2.794133233572 
-3.312385461023 
-3.164860468584 
-2.844147894780 
-3.839645316035 
-3.548860753398 
-2.496325344580 
-2.213370582708 
-2.608441672760 
-2.578729721404 
-2.637194693090 
-2.987298434043 
-2.711607820362 
-2.890776295023 
-3.311394801124 
-3.325844696323 
-3.721360491108 
-3.355781400741 
-4.032802802276 
-3.611615738454 
-3.475818081402 
-2.954392344694 
-3.317573399075 
-2.999168455964 
-2.883348334201 
-4.445766976992 
-4.626858706183 
-4.091845057534 
-3.556751667533 
-3.635545025782 
-2.880244859157 
-2.414148016456 
-2.522649251071 
-2.686565373188 
-2.931585073273 
-3.187770146786 
-3.976701822372 
-3.204941915829 
-3.300266421136 
-3.377354667000 
-3.236628067861 
-3.234926853338 
-3.328914776945 
-3.534067145202 
-3.576325432930 
-3.797405674051 
-3.555803643202 
-3.628553366606 
-3.741824635625 
-3.053043169583 
-2.588733168857 
-3.021764544324 
-3.096265077289 
-3.079840089682 
-3.125364449191 
-3.434240090983 
-3.273912851406 
-3.374997463494 
-4.546119663943 
-4.414159173192 
-3.989897059554 
-4.596715660592 
-3.239658649678 
-3.546444584924 
-3.428501880991 
-2.869584596083 
-3.070190139004 
-3.345012916215 
-3.581855469815 
-3.505172480262 
-3.817670327056 
-3.951855874653 
-3.457953993637 
-3.485657372466 
-3.168469724205 
-3.563802663712 
-3.639687467871 
-4.301944997172 
-3.692298745133 
-3.672445179294 
-3.473887125300 
-3.549718204400 
-3.062088250831 
-5.136377106275 
-5.668110402406 
-2.366217807651 
-2.481158281437 
-4.542527728967 
-2.894345132393 
-2.945287661396 
-3.124361180812 
-3.692180684737 
-3.180559639041 
-2.340779457476 
-2.608441776685 
-4.601975965005 
-4.412782821991 
-4.051184591618 
-4.405059487595 
-3.644625584706 
-2.419545966421 
-2.973793232204 
-4.059854760702 
-3.875057569645 
-3.589632253294 
-3.656748650012 
-3.896388561395 
-2.932149791432 
-2.748392951777 
-2.699347125477 
-2.436806514761 
-3.431325612023 
-4.464536162546 
-4.337548981320 
-2.568126319901 
-3.416107225351 
-3.141940089871 
-2.997962633201 
-2.892897385645 
-2.891361577972 
-2.274599950241 
-2.674037355379 
-3.024552305863 
-2.398227416769 
-2.752654700759 
-3.015223872967 
-3.248854568008 
-3.335788501941 
-3.004649742468 
-3.959606332615 
-3.165308176656 
-2.784292108641 
-2.758991115494 
-1.961839709471 
-2.722941412254 
-2.476287983582 
-2.691403623603 
-2.959644157522 
-3.176081835137 
-3.702497346885 
-3.290757269266 
-3.841901873714 
-3.712263105642 
-3.760233574466 
-3.133180432829 
-3.647980307022 
-3.212310858492 
-3.590343493818 
-3.373798188878 
-3.010138514837 
-3.074415933564 
-3.145900912798 
-2.737846962320 
-2.581462713051 
-2.409452647911 
-3.025935472897 
-3.786104572830 
-3.242123735345 
-2.917872192819 
-2.527551514070 
-2.519181198570 
-2.957519967650 
-3.191294204260 
-3.728001025903 
-4.088284223115 
-5.551278660527 
-5.201169437467 
-3.681972156636 
-3.408661984478 
-2.783452837339 
-3.086272234743 
-3.077814328553 
-3.256933410751 
-2.976002972360 
-2.389587008018 
-2.419926736898 
-2.556856471581 
-2.402076765892 
-2.479334854340 
-2.265689416027 
-2.551013468056 
-3.045395223353 
-2.912223288402 
-3.202443294657 
-3.453178975955 
-3.330308820759 
-2.804589272251 
-2.894223342557 
-2.953000485391 
-2.561831815437 
-2.785179187863 
-2.792423640137 
-2.844123003359 
-3.183406332394 
-2.972809452684 
-2.951846686492 
-2.451954427825 
-3.701068684716 
-2.936371027751 
-3.604649796610 
-3.797823500942 
-3.854511603331 
-2.562702642633 
-2.745838287485 
-2.560162558545 
-2.273828405988 
-2.351181605842 
-2.011588498927 
-2.484107135970 
-2.483011671375 
-3.078747755148 
-2.758931624074 
-3.480059782978 
-3.855214211268 
-4.030757815688 
-4.116591224902 
-4.935135684735 
-3.516100392817 
-4.305953663204 
-3.542185267845 
-3.367964940386 
-3.545509234123 
-3.088038689135 
-3.011348729377 
-3.470654959049 
-3.916840222105 
-3.371670879616 
-2.986960272418 
-2.842568930726 
-2.915118523592 
-3.606627961222 
-3.096827678790 
-3.161942015190 
-3.944181608577 
-2.765223210244 
-2.675439793803 
-2.398888457602 
-2.654009330123 
-2.195542399341 
-2.712069083896 
-2.314870630925 
-2.411958743156 
-2.561528025460 
-2.887533273913 
-3.678131290363 
-3.907836811924 
-3.548637087577 
-3.666193655013 
-3.150947155109 
-2.813050435711 
-2.538685526329 
-3.379807513973 
-3.659918026010 
-3.116064695419 
-3.246469645532 
-3.696446042614 
-3.396867638403 
-2.980644154745 
-2.653128881096 
-2.698096601814 
-3.186657935861 
-3.491752755044 
-4.248513412207 
-4.212524360598 
-3.374821553303 
-3.290582987000 
-3.327053495754 
-3.439595444313 
-3.018094911319 
-3.351827053125 
-3.357844845478 
-3.408888518025 
-3.489989807669 
-3.459979036073 
-3.308683654964 
-3.513360032263 
-3.689808082755 
-3.858930705781 
-4.165482536068 
-2.362572017646 
-2.352670623854 
-2.108348289423 
-2.373153980652 
-2.540655658267 
-2.936412164762 
-2.939347014384 
-3.882916946268 
-3.579848101776 
-4.271518389999 
-3.060284540659 
-3.344970499150 
-3.196468428483 
-3.060914617404 
-3.432608078282 
-3.819246657862 
-4.114963004735 
-2.851973052497 
-2.853536420280 
-2.770703287650 
-3.835939186718 
-4.472704468099 
-3.244443250306 
-2.837344962387 
-3.037456047403 
-3.074885840459 
-3.559871709790 
-3.229617596231 
-3.042513659541 
-3.009500088523 
-2.877154766675 
-2.797660152055 
-3.716662289568 
-2.553530393397 
-2.501252393228 
-2.497501805975 
-2.499703372927 
-2.643181843430 
-2.638009330420 
-4.182375966950 
-3.690393879566 
-2.620135910968 
-3.145470589678 
-2.583703811045 
-2.453489478148 
-2.503856677450 
-2.900258004026 
-2.616552888851 
-2.810858682027 
-2.822858482923 
-2.169142322964 
-2.556382820073 
-2.530068402098 
-3.391190151388 
-3.723530960825 
-3.534945725387 
-3.176810970585 
-2.944498519462 
-2.978265408630 
-3.177986554762 
-2.955852373681 
-2.915111874002 
-2.938871004294 
-3.324143586480 
-2.769194423334 
-3.010256528349 
-2.912175144352 
-5.678444721838 
-3.327204202536 
-3.597795924976 
-3.536405946840 
-3.452446389658 
-3.841641999015 
-3.695085208194 
-3.554926165742 
-3.813205156607 
-2.921776895975 
-3.215887188213 
-3.392614727724 
-3.287558967148 
-2.937619209449 
-2.817278786456 
-3.029267071136 
-3.204347539430 
-3.744569254318 
-3.792270120710 
-3.992502350054 
-2.021816886454 
-2.633781806576 
-2.913319363685 
-3.003682518570 
-2.987367417806 
-5.148905469613 
-2.494414525806 
-3.237749810781 
-4.159211673721 
-4.495985177917 
-3.969919844744 
-3.886098897643 
-3.409404901926 
-3.405388998994 
-3.384224537206 
-2.199987235058 
-2.281570011782 
-2.634960558130 
-3.116268178163 
-2.624960984014 
-1.839652962114 
-2.636079622152 
-2.992825235908 
-3.117371347120 
-3.306752324710 
-3.363221034900 
-3.211924814424 
-4.465659521362 
-2.865254356245 
-2.738494760260 
-2.923600667671 
-3.111989165066 
-2.428209653003 
-2.423059702638 
-3.089278258144 
-2.673024986833 
-3.643339034181 
-3.178483789304 
-2.715140772048 
-2.956591150870 
-2.891152776176 
-3.043982694310 
-3.274466835486 
-3.645842960711 
-2.917969859156 
-4.200849075598 
-3.847931956168 
-3.031598498172 
-3.646940187758 
-3.740319523399 
-3.553614886603 
-3.446779195563 
-3.842513613291 
-3.341226450318 
-2.651497349803 
-2.760151262745 
-2.884952824172 
-3.008252094117 
-3.235541158343 
-3.705943565055 
-4.011320134239 
-2.687784191569 
-3.001118672468 
-2.863293632627 
-3.037532753882 
-3.347830074326 
-3.143515355464 
-3.218867375309 
-3.915136777673 
-3.534853965865 
-3.174105545594 
-3.352107655547 
-4.407664540125 
-3.758962348333 
-3.059683928807 
-3.063998377540 
-2.931578660127 
-2.984331718656 
-3.527633290144 
-3.466026376731 
-2.662081682315 
-3.631420514541 
-2.954378219430 
-2.926875636436 
-3.249016314551 
-2.999780190859 
-3.649201901900 
-3.386152623687 
-3.746997474872 
-3.956973982701 
-3.741780444047 
-3.655678303396 
-2.854012281006 
-2.593956967718 
-2.316400049359 
-2.183823024497 
-1.905976363526 
-3.048222796306 
-2.057756006378 
-2.287561122876 
-3.001207553920 
-3.880304276049 
-3.772950457268 
-3.171240005289 
-3.540840409952 
-3.761901693355 
-3.401196171255 
-2.988377938466 
-2.297296955447 
-3.150183134724 
-3.334768682842 
-3.383267154751 
-2.507953578935 
-2.859390871964 
-3.369129916939 
-3.140316808832 
-3.455767031683 
-3.877374442741 
-2.974222577015 
-3.325157262927 
-3.737207763367 
-2.956076488668 
-3.181218012411 
-2.991867917123 
-3.299912979939 
-3.611847702834 
-3.593701701200 
-3.004653025296 
-2.773049082837 
-3.020459924063 
-3.409386599003 
-3.436133600986 
-3.491760565423 
-3.329424744392 
-3.984200608448 
-4.507657336951 
-3.762158876302 
-3.994366383242 
-3.547555518061 
-3.649042524021 
-5.107830310990 
-4.619671164881 
-3.988461290396 
-3.008295883641 
-2.569604088679 
-2.871976440988 
-2.145378447076 
-3.065308739002 
-3.149377457310 
-3.507308801960 
-3.127990608166 
-2.426997164789 
-3.027417109165 
-2.864920037139 
-2.784781407571 
-2.368113994860 
-2.223738063731 
-2.167930247272 
-2.656520929838 
-2.991885201157 
-2.935808483138 
-2.345488906612 
-2.316022365400 
-2.179767812793 
-3.299724294487 
-3.225546514519 
-3.284139975570 
-3.418279881220 
-3.328094553795 
-2.762704072421 
-2.341745311429 
-3.567668856122 
-2.885920029346 
-2.868763201241 
-2.778316387653 
-3.060138530221 
-3.586047331170 
-3.738738075376 
-3.052808554966 
-3.148829069795 
-2.534994763161 
-3.094543537383 
-2.678139894301 
-2.697593841961 
-2.632975455676 
-2.466030587020 
-3.106423177359 
-3.233187532207 
-3.134092760092 
-3.234103166354 
-3.320981672257 
-3.629743052453 
-3.618949149656 
-3.899811807690 
-3.970318672695 
-3.707411616238 
-4.326886614381 
-4.283537159589 
-3.413738047078 
-3.770819862289 
-4.811672807122 
-3.176437453795 
-4.588582298072 
-4.272661089234 
-3.153813499892 
-4.229601864251 
-3.470254779928 
-3.243877916962 
-3.420927534582 
-3.395198879997 
-3.552482920720 
-3.400530485022 
-3.241123292149 
-3.081103515205 
-2.964861297355 
-3.359359193762 
-3.097203833791 
-3.237435841399 
-3.411722774681 
-3.241926400244 
-3.661738375960 
-4.066601122914 
-3.174727741785 
-2.795112017752 
-2.945991143208 
-3.594402290418 
-3.470682882316 
-3.497386208988 
-4.737843872362 
-6.609025056457 
-4.112148737609 
-3.088815863409 
-2.924726078311 
-2.742108192173 
-2.723938155905 
-2.429207457959 
-1.966645128157 
-3.241637050034 
-3.345854020452 
-3.821597244523 
-3.089070968449 
-3.398954376350 
-2.771157142090 
-2.909879603011 
-2.857502478426 
-2.884311096487 
-3.048552919806 
-3.296703677365 
-2.774417547487 
-3.596025462567 
-4.223904816250 
-4.321082562357 
-3.644300485799 
-4.381371652495 
-2.892869224430 
-3.442736558856 
-3.565898182885 
-3.597671436235 
-3.302528624105 
-3.675420232319 
-3.240873558939 
-2.956716453056 
-2.488491059098 
-2.381603384051 
-2.492898515502 
-2.881563082017 
-3.384320302166 
-3.426898897133 
-3.019341483800 
-3.393623223864 
-3.485519938578 
-3.187163331956 
-3.376016242173 
-3.084968580699 
-3.316363728458 
-2.798337519365 
-3.340821529914 
-3.312516593463 
-2.714524552705 
-2.472689232103 
-3.338271588744 
-3.072048402804 
-2.916114399227 
-2.917474866166 
-2.223214862244 
-2.534347123757 
-2.526983902039 
-2.249845407285 
-2.743453642302 
-2.742678760116 
-2.605487464528 
-3.383339137889 
-3.334469606432 
-3.088433611156 
-4.662119674667 
-2.378719854765 
-3.189310092189 
-3.147177591340 
-3.364249421680 
-3.969987097969 
-3.611443895602 
-3.059336109247 
-2.678387199151 
-2.499970859942 
-3.471771614042 
-3.902776713716 
-3.302751211535 
-4.146183051780 
-4.177944074906 
-3.894537052730 
-2.549153113550 
-3.803745342661 
-3.808617813282 
-4.020672468681 
-3.614855645550 
-2.861478702181 
-3.296724765014 
-3.857105510125 
-3.927806188433 
-3.055262318723 
-3.133113180973 
-3.108743863057 
-3.231305819011 
-3.341095427924 
-3.378670632499 
-2.980580723395 
-2.911536994450 
-2.758723305242 
-2.958855829017 
-3.254725885213 
-2.680712790849 
-3.817664201565 
-4.037684591936 
-3.430174040030 
-3.293310762070 
-2.847158323757 
-3.323163637315 
-3.217337906428 
-3.437974498092 
-3.236986317560 
-2.520393430256 
-2.255392634535 
-3.708615858337 
-3.245701066165 
-3.587657116069 
-3.870743203850 
-3.521023589178 
-3.209855049149 
-3.571545570296 
-3.622660653408 
-3.640720647530 
-3.404161762740 
-3.498990928107 
-4.034324223628 
-3.005650747197 
-3.254754819884 
-3.337141746724 
-2.858341266311 
-3.167061093658 
-3.393929689654 
-2.833712487804 
-3.029409172823 
-3.422216413162 
-2.595784614561 
-2.736202086388 
-2.623339266636 
-3.188028719512 
-3.199053479200 
-3.146675464749 
-3.008523827751 
-2.932819858556 
-3.012291984132 
-3.370208535933 
-3.158668188309 
-3.506485339459 
-3.122032765876 
-2.683648431087 
-2.828220364701 
-2.844852413634 
-3.025215445883 
-3.161270311305 
-3.087548960642 
-2.636396669836 
-3.299186253802 
-2.720569416569 
-3.436188315104 
-3.052835949892 
-3.165973167878 
-3.464912223403 
-2.760438271818 
-2.581314060579 
-2.535568328108 
-2.898684140657 
-2.908878820393 
-3.655277735397 
-3.622482755222 
-3.189676151637 
-2.818030577372 
-3.149072467510 
-3.085924176306 
-2.659255261199 
-2.282857696373 
-2.094245843184 
-1.936780656705 
-2.506548358440 
-2.799902844793 
-2.731445981781 
-2.670172947308 
-2.635548793747 
-2.838167817769 
-3.378825597871 
-3.407641400806 
-2.982144290338 
-2.826958555817 
-2.943237057764 
-3.280749570766 
-3.735273335319 
-2.939659136009 
-3.002955782578 
-3.121207787403 
-2.864096770211 
-3.628903104953 
-3.637663901834 
-3.123733705608 
-3.363470190734 
-2.725490986316 
-2.422723145584 
-2.191089154672 
-3.575015038411 
-3.332193773492 
-2.379058754755 
-2.141303121241 
-2.287712647378 
-2.533921191864 
-2.973950867306 
-3.215986891463 
-2.914328243090 
-2.808087079692 
-2.309468700393 
-2.777236540064 
-2.965662771572 
-2.764217875804 
-2.850535635173 
-3.175151762785 
-3.037615340829 
-3.490935899210 
-4.033685829714 
-3.190421846920 
-2.639301641639 
-2.699135701847 
-3.253840575243 
-2.817756176857 
-2.588565972095 
-2.742482942124 
-2.676296415923 
-2.866482159494 
-2.543870821362 
-3.011366651340 
-2.771285116278 
-2.099840706335 
-2.272103856154 
-3.116023693425 
-3.161304801991 
-3.181156746423 
-3.069999867268 
-2.459433788035 
-2.582139677662 
-2.543327463811 
-3.045044026153 
-2.879083050759 
-3.124695455431 
-2.364173889286 
-2.610215386801 
-3.078620267846 
-2.883243586113 
-3.532036052552 
-4.022353329146 
-3.877108362941 
-3.179317096639 
-2.754926665726 
-2.998592219401 
-2.877160221145 
-2.888608463873 
-2.879191190815 
-2.961313667890 
-3.408132251651 
-4.519630314181 
-4.422459272465 
-5.385004228670 
-5.471046160595 
-4.212698915024 
-4.276389476106 
-4.713016382749 
-4.940200518555 
-4.265499207414 
-4.572630487653 
-4.541778294011 
-4.094636192425 
-4.015111636226 
-2.655645498592 
-2.084883623031 
-3.477767804191 
-3.719472798601 
-3.191922014013 
-3.238978756275 
-3.151767689801 
-4.108879417183 
-2.743178631604 
-2.504887216302 
-2.901432758956 
-3.903912091945 
-2.067796047129 
-2.785445060656 
-2.702965595930 
-3.051798030876 
-3.085572218745 
-2.379841963196 
-2.071367131673 
-3.253696111000 
-3.073075965915 
-2.620093266964 
-4.745024931335 
-4.821842142231 
-4.098765780699 
-3.706111204650 
-3.896846642106 
-3.446361931043 
-3.180867187308 
-3.078878514242 
-2.589037603066 
-3.916348039801 
-3.591881839414 
-3.403670700603 
-3.561730131603 
-3.606866199628 
-4.380049321246 
-5.012197433630 
-2.612779887454 
-2.409213089939 
-2.579509210717 
-2.690942702210 
-2.473572852448 
-2.634366542635 
-3.182637700783 
-3.374987154884 
-3.286071107398 
-2.256508318859 
-2.878552711033 
-3.797065563754 
-3.050875647570 
-2.731146546271 
-3.088728698253 
-2.843017877211 
-2.849993381748 
-2.754207094131 
-3.158314919980 
-3.664831144835 
-3.257514786024 
-2.450369470357 
-3.247483246240 
-3.401674526868 
-3.434371931929 
-2.624554544876 
-2.348182894550 
-3.096209823962 
-1.999198657124 
-2.772074506873 
-3.123968267461 
-2.603935003325 
-3.010178446187 
-3.200518647557 
-3.150822437228 
-3.008166855099 
-2.681718872308 
-2.843685652389 
-2.682767727824 
-3.094708000821 
-2.468802704593 
-2.792608122755 
-2.543398117633 
-2.714805422495 
-2.827379383174 
-2.989965703546 
-3.924238953634 
-4.486715116565 
-3.650288512270 
-2.976229034270 
-3.659262689308 
-2.963928498046 
-3.143312285440 
-3.198040229127 
-3.686229322842 
-2.218466249699 
-2.215652920818 
-3.158915740618 
-2.358146419581 
-2.979393352121 
-3.421617221744 
-3.638087283572 
-4.161024577609 
-3.952029295794 
-3.704328043334 
-4.114189669551 
-4.156471582872 
-4.409765194205 
-4.156318730794 
-3.298716810444 
-2.938003342549 
-2.943369872999 
-2.840614672629 
-3.005372945052 
-3.129136449501 
-3.022573310054 
-3.419335543245 
-3.390374318870 
-2.905047467078 
-3.196925057931 
-3.832370644231 
-2.922314633512 
-3.009967669171 
-3.867727346900 
-4.831454651081 
-4.110556300453 
-3.090642771288 
-2.407629848272 
-2.871678238951 
-2.916884888741 
-2.120627193633 
-2.806916986999 
-3.294533800565 
-3.256435868812 
-1.980821064384 
-2.832238890699 
-2.531780926833 
-2.742503801856 
-2.420993130123 
-2.820422610049 
-3.073457894771 
-3.542137569966 
-3.578892227541 
-3.476872682782 
-3.476607057955 
-4.338397743217 
-4.833877845119 
-4.486603169985 
-4.873132847884 
-4.819573023959 
-2.699803096382 
-7.245127046862 
-3.052805954928 
-2.696281988504 
-3.142642319020 
-3.503969383631 
-3.370260742505 
-3.068792254159 
-3.097792358685 
-2.468365467373 
-3.065410918207 
-3.391354699504 
-3.165216798325 
-2.573105692506 
-2.373355195215 
-2.461392834368 
-2.609929306532 
-2.524481561212 
-3.687844969838 
-3.563274492695 
-3.466648698386 
-4.626701101282 
-3.813815517128 
-3.082844428817 
-4.029915702264 
-3.655724386741 
-3.375758515537 
-3.223664239629 
-2.586035365660 
-3.261169692441 
-3.532540207894 
-2.987376118776 
-2.989350914228 
-2.989977460877 
-3.099171135175 
-2.807160970095 
-2.353998094799 
-2.451518860542 
-2.873112387004 
-3.465774706441 
-4.017036991392 
-3.855098754149 
-3.905614890334 
-3.309157520171 
-3.514074707089 
-3.465782255864 
-3.061579958013 
-3.667567955088 
-3.663197212163 
-2.760154769442 
-3.060381815372 
-2.563246864235 
-3.417417944906 
-4.367303662016 
-3.613998809283 
-2.690198594631 
-4.047603400885 
-4.349176095686 
-4.137688369358 
-2.537474348688 
-2.701788647373 
-3.065895439447 
-3.311656517368 
-3.739431716322 
-3.121033859649 
-4.012754130637 
-3.046015262031 
-3.751382710824 
-3.812158564151 
-2.967016973661 
-3.334777369072 
-2.728960137448 
-3.198468177345 
-2.666589105648 
-3.780316482567 
-2.922369400402 
-3.093793389940 
-3.027364052588 
-3.147020238321 
-2.667678931827 
-2.838480864417 
-2.869620259912 
-3.068499826244 
-3.411318323183 
-3.539876251945 
-3.318164284167 
-2.952990851853 
-3.119977845410 
-3.785961797700 
-3.495681868747 
-3.800501857103 
-3.388298947584 
-3.571524588095 
-3.601554533148 
-2.324929572143 
-2.605039330474 
-2.983051412800 
-2.644072127906 
-2.781672435476 
-3.163483915930 
-3.043236840797 
-2.560835333409 
-2.724929355822 
-3.141758911272 
-3.188147047276 
-2.742299192842 
-2.651419716674 
-2.976467845775 
-2.711626232736 
-3.803895992650 
-3.883769210889 
-4.329671294152 
-4.237063159558 
-3.101128247863 
-3.504867562517 
-5.269873477667 
-5.619340533324 
-5.825885526537 
-4.811924263730 
-3.909472887284 
-4.017969988962 
-2.419318908055 
-2.443801309483 
-2.686332934312 
-2.746608913186 
-2.129578540002 
-2.513592714597 
-3.480160511207 
-3.163571266301 
-3.620227699976 
-3.521194650400 
-3.351551349564 
-3.616495666052 
-3.159042693952 
-3.719853309531 
-3.401439082282 
-3.663256652162 
-3.389181895771 
-2.940240857851 
-3.246937644505 
-3.690876672748 
-2.945259344028 
-4.061818118411 
-2.904397856246 
-2.936074853394 
-3.865349845138 
-3.316891935107 
-2.767803951081 
-2.616277200325 
-2.194267592869 
-4.223037954286 
-3.480638171546 
-4.375738626527 
-4.632758987859 
-3.162210029170 
-3.177007223302 
-3.276226551882 
-4.302622683400 
-3.998921937034 
-3.687315899021 
-3.552419381753 
-3.300724106864 
-3.252629127023 
-3.552543363086 
-3.207789259883 
-3.196216925113 
-2.579712973281 
-2.795421915373 
-2.587621044590 
-2.776378769717 
-2.601325928345 
-3.118499422621 
-2.616401683993 
-1.893415215984 
-3.057198128027 
-2.450097203979 
-2.666909744634 
-2.909244295871 
-3.067569313739 
-3.075415453307 
-3.010495085352 
-2.870255267686 
-2.953586284044 
-2.928604659324 
-2.933776171937 
-3.075970825816 
-3.306683491876 
-3.279862520025 
-3.698435907396 
-3.360580051179 
-3.041361923225 
-3.217744362932 
-3.306767242279 
-3.394541231054 
-3.312572381481 
-3.618809806559 
-3.531168021843 
-3.900393130269 
-4.114555904876 
-3.029650020345 
-3.137506195210 
-3.345852956100 
-3.022204199417 
-3.013150521522 
-3.346239719665 
-3.203309413628 
-2.844257185227 
-3.002616846710 
-2.966673678776 
-3.093845944601 
-3.156607977186 
-2.739714732325 
-3.128902138254 
-3.650468779559 
-3.513068726949 
-3.417469266687 
-3.036322804980 
-2.313220933927 
-2.966442650413 
-3.034906423714 
-3.774462966152 
-4.181961518392 
-3.323698671704 
-3.144344840478 
-3.082742628747 
-3.771300604682 
-3.483714599434 
-2.764423940337 
-2.770260168271 
-3.101389905621 
-3.026133596419 
-2.455238204908 
-3.168841463657 
-2.631275204469 
-2.832466255442 
-2.972824945249 
-3.272548463179 
-3.212692179030 
-2.750200399310 
-3.015545448328 
-3.414235446310 
-3.579702714624 
-3.987094475608 
-3.999521298862 
-3.703672224793 
-4.091646625065 
-4.598302403764 
-3.455725382520 
-3.668751331732 
-2.976392750717 
-3.057554763006 
-3.443952137343 
-3.031566900676 
-3.268723720250 
-2.074243148340 
-2.462658984643 
-2.164362614606 
-2.454984998649 
-2.710236140758 
-2.489954429780 
-3.043214189016 
-3.220216508521 
-2.734449000881 
-3.032240082004 
-3.042094470031 
-3.750788888277 
-2.864360745338 
-3.951708751834 
-3.887510536091 
-4.637242411074 
-3.545530550333 
-3.671692272899 
-3.246266077242 
-3.103227577952 
-3.313395239254 
-3.328879431299 
-3.234556232168 
-3.078797668051 
-2.670062025284 
-2.686313211666 
-2.510498614813 
-3.738328936093 
-3.473899085862 
-4.305518163830 
-4.598826974074 
-2.781324215278 
-3.754820697073 
-3.793610866071 
-3.450076875785 
-3.578804220514 
-3.826195756975 
-3.711119680768 
-3.887950168723 
-3.858178888772 
-3.684895584376 
-3.638840705213 
-3.056009228776 
-3.076933466735 
-3.254891531055 
-3.493104508061 
-3.295076187284 
-2.793617509311 
-2.661303859052 
-2.560539245610 
-2.572899790190 
-3.399862978028 
-3.792957392125 
-3.854312615893 
-3.945499802049 
-3.848914699910 
-2.743014969172 
-2.314783074452 
-4.327885500941 
-3.762779582868 
-3.993898482032 
-3.227884825930 
-2.652789726193 
-4.104907851154 
-3.577789110270 
-3.893275869739 
-3.115922360791 
-3.336847854024 
-2.695083143430 
-3.968261646100 
-4.673157466299 
-5.636801282741 
-6.044170271513 
-3.592868735722 
-3.301665937952 
-3.554097261969 
-3.347461885572 
-3.299254684549 
-3.263381133130 
-3.528522543999 
-3.167508780561 
-3.032168967258 
-2.797604108218 
-2.811900067761 
-2.895200543810 
-3.507779038292 
-3.595403931826 
-2.790015421478 
-2.943497181680 
-2.463285336359 
-3.043273299049 
-2.914079007107 
-3.102012403406 
-3.788859530062 
-3.685317940858 
-3.532532788589 
-3.533471403503 
-2.762182979035 
-2.800477302625 
-3.087744530742 
-3.341161918669 
-3.448079781582 
-2.835843958740 
-3.219097861251 
-3.585757948062 
-3.500039391215 
-3.509176115779 
-2.822200632046 
-2.995715067115 
-3.152744595615 
-2.941557497007 
-3.001878597243 
-2.798737373783 
-3.567778572092 
-3.716493353059 
-3.887578509378 
-2.865851317541 
-3.082915254865 
-3.058093325670 
-3.169402083570 
-3.521648701865 
-2.300981352388 
-2.736700406557 
-2.847307409313 
-3.078831776980 
-3.020426579440 
-3.267410021473 
-3.888719965442 
-3.772482404560 
-3.102154230108 
-3.165982293504 
-3.528235777635 
-3.921508162499 
-3.479527724497 
-3.587525185893 
-3.276168519322 
-3.471793596842 
-3.409222317396 
-3.549676065098 
-3.314343216542 
-2.787323027756 
-2.915702841717 
-3.488219982248 
-3.343546435765 
-3.219426756002 
-3.555893396909 
-3.867188710874 
-4.600668829131 
-4.844028187226 
-3.590912963606 
-3.144095606423 
-3.095067053352 
-2.286658494703 
-2.103738077755 
-2.326163264384 
-2.016441677730 
-2.410331227290 
-2.792832755498 
-2.961360685274 
-2.773613096966 
-3.284694433133 
-2.589972117388 
-2.496764649332 
-2.696297749595 
-2.753426502340 
-2.841248820787 
-3.299231617127 
-3.518448770026 
-3.207118336819 
-3.195118226155 
-3.217663468501 
-3.433186382834 
-2.990744348780 
-2.827563543500 
-2.883260297120 
-3.225138463276 
-2.678733265210 
-2.638544806147 
-1.922123696307 
-2.352941973668 
-2.532436903822 
-2.670502156162 
-2.635931187798 
-3.411464454368 
-2.719478521671 
-3.126426848695 
-2.039258717437 
-3.059043559721 
-3.153169351397 
-3.391640190195 
-3.476446221154 
-3.180085335384 
-3.401865804671 
-3.634355546767 
-2.848508136529 
-2.506736241276 
-2.684373443137 
-2.252563703960 
-2.942494232592 
-2.848052222730 
-3.316307915503 
-3.334065754198 
-3.528138574753 
-3.090944783978 
-2.931562869089 
-2.763400789620 
-3.246035979132 
-2.643124658513 
-2.858379006081 
-2.850427422316 
-3.444053794578 
-4.078873182179 
-4.043477271412 
-4.168241270161 
-3.560146125201 
-3.333594765980 
-2.672322166610 
-2.949415489636 
-4.739483832189 
-2.357042014686 
-3.019400388303 
-3.292914292939 
-3.611541918570 
-4.274272471812 
-3.175019055600 
-2.454475736924 
-5.080087255921 
-3.128354739529 
-2.899854224401 
-1.771622141525 
-3.137596697273 
-4.158050691125 
-3.424859658654 
-3.476752593256 
-2.987734677308 
-3.885976441943 
-3.576874052152 
-3.267291771555 
-3.004458665334 
-2.964655753168 
-2.470741200426 
-2.388295515396 
-1.901705123091 
-2.845776203706 
-2.607593028166 
-2.742688140038 
-2.529153723785 
-2.703432243739 
-3.111712631495 
-2.565148388800 
-2.466352143407 
-2.156199231060 
-2.147971332569 
-2.315081918950 
-3.113032160471 
-3.225310903801 
-3.020109543573 
-3.353405813563 
-3.835061374583 
-2.563685886801 
-2.630712985684 
-3.012332434705 
-3.669308414811 
-3.744993322349 
-3.413203539252 
-3.299779559068 
-2.845667072723 
-3.119196133410 
-3.063797052792 
-3.780732671773 
-2.961764966508 
-3.898568965621 
-4.124561135581 
-3.169773900772 
-3.062987979855 
-3.752654921466 
-3.053503204157 
-3.135896945840 
-3.540756079484 
-2.787558833247 
-3.367823703551 
-3.319376577999 
-3.184611170043 
-3.242536873790 
-2.978899693110 
-3.004950488440 
-2.965620680543 
-3.768062785620 
-2.843687142785 
-2.592042951231 
-2.816526272132 
-3.300542424670 
-2.751561800908 
-2.974778170169 
-3.951689727157 
-4.134415928284 
-3.509915490981 
-3.235936065901 
-3.191068761305 
-3.004118337468 
-3.502970940324 
-3.797434050729 
-3.547183001471 
-3.380952474317 
-2.911177635327 
-3.106771957839 
-3.572082507544 
-2.816284883067 
-3.527649163160 
-3.837508706501 
-3.793520733390 
-3.259288058985 
-3.786324841596 
-3.758878147045 
-3.838164066461 
-3.522027127068 
-3.555644414612 
-2.912393303430 
-2.486429770400 
-2.531137513574 
-2.512523086881 
-3.062716170701 
-2.678151617773 
-3.113796794245 
-3.457576994258 
-4.068653343579 
-3.955516144353 
-4.034000629112 
-4.391602936495 
-3.071448528806 
-3.073688806965 
-2.714040668483 
-3.395897324567 
-3.653125081650 
-3.560866768476 
-3.593591794233 
-3.516012242426 
-2.667025457757 
-2.454600931685 
-3.361298559856 
-2.669607149081 
-2.371683153676 
-2.944276445836 
-3.287427013834 
-3.699889134863 
-3.087203228829 
-2.752007436383 
-3.296936699809 
-3.523791041105 
-3.429185222033 
-2.756276996241 
-3.861580498541 
-3.687697567040 
-4.300169000921 
-5.060466171342 
-3.659319568393 
-4.637437987713 
-3.671174989896 
-3.455685600933 
-3.357369540484 
-4.074725948511 
-3.777126133839 
-3.778891362568 
-3.712113661149 
-3.999796637166 
-2.974995546692 
-2.829087209748 
-2.836788042360 
-4.179117637539 
-4.629525577921 
-4.867427115143 
-4.903052014615 
-3.463839838471 
-2.765159190801 
-2.655621117233 
-3.392679900457 
-3.367608768172 
-3.459447252910 
-3.421430394973 
-3.634849416520 
-4.108532520787 
-3.956603421767 
-3.064277866982 
-2.875865458703 
-2.644319361454 
-2.449085186206 
-1.975329500259 
-2.952176892893 
-2.573062446259 
-2.887767273564 
-2.557381195193 
-2.682944829444 
-2.735681822668 
-2.435946298859 
-2.561677845635 
-3.500006287823 
-3.560970100961 
-3.954253697203 
-3.341704236025 
-3.218243315359 
-3.403857764476 
-2.571739047098 
-3.228552403971 
-3.698627142483 
-3.472297471227 
-4.682633314272 
-2.987942418381 
-2.856312733441 
-3.004353848387 
-2.754418295890 
-2.827519193950 
-2.475413742957 
-3.346283723625 
-4.418397729308 
-3.468295304453 
-2.964875294015 
-7.175813417008 
-4.910230926381 
-5.815227111488 
-5.226772894331 
-4.170193375529 
-5.058838134575 
-4.366800394909 
-4.346595894530 
-4.050800895622 
-3.861171818234 
-3.036782991065 
-2.663571610122 
-3.475826802761 
-2.367866378450 
-2.568721718990 
-3.089646173861 
-2.835702073308 
-3.708612449453 
-3.596121884773 
-4.668862477655 
-3.882932152132 
-3.317617909712 
-3.144261808387 
-2.723479635617 
-3.136829059288 
-2.956145390126 
-3.152310334232 
-3.294700304734 
-2.731778484907 
-3.024291439310 
-3.499891755775 
-3.647410972993 
-3.684066791514 
-4.754844834655 
-4.085259786385 
-3.772705187034 
-3.383078406254 
-2.591077366239 
-3.438788346459 
-2.865854865074 
-2.903200258687 
-3.472370544302 
-3.384769023658 
-3.302841189550 
-3.125568695915 
-3.161270546694 
-4.024485777182 
-3.965736608939 
-3.484860827808 
-3.076834050209 
-3.217659091865 
-2.860681016473 
-2.696015227218 
-2.673334631294 
-2.257382690899 
-1.851308696913 
-3.314359649895 
-2.796380204113 
-3.834444962451 
-3.133499190991 
-3.711816698290 
-4.927136338976 
-3.422468317857 
-2.822755703578 
-3.641742685294 
-3.739239650420 
-2.788948466127 
-4.036154006560 
-3.198782074602 
-3.523410571429 
-3.316322187140 
-3.750850426790 
-4.314663030620 
-3.817976263540 
-3.680469814247 
-3.218636238126 
-2.860298857023 
-2.418599909603 
-3.278362741092 
-2.494166239323 
-2.786728303996 
-3.150133076145 
-2.924136100385 
-2.909000884722 
-2.752335207177 
-2.816842902433 
-2.817159212499 
-2.636165501750 
-2.953577624389 
-3.816387680438 
-3.486318078884 
-2.916807684215 
-4.492371797995 
-3.509069234117 
-3.385404852724 
-3.423364024722 
-3.541142091654 
-3.699337882938 
-5.088232596002 
-3.542119602156 
-2.728157938178 
-3.064753829603 
-2.889711976122 
-2.610434142814 
-2.728110011453 
-2.788893617933 
-3.291913106403 
-3.412103537816 
-3.516784730804 
-3.426796889777 
-3.385908687492 
-3.231819866059 
-2.807279950635 
-2.751889679936 
-3.164809932654 
-2.782678545747 
-3.401967891686 
-2.641442649873 
-3.599734504529 
-3.001060148242 
-2.934977747075 
-3.110057403290 
-3.200576701806 
-3.225405404207 
-2.923208134580 
-2.974630354742 
-2.541397383047 
-2.350194920668 
-2.810713760139 
-2.858257834969 
-3.431686122287 
-3.901009057819 
-4.525674247434 
-4.204298345568 
-3.830588547094 
-3.918533621084 
-3.467723352796 
-3.511108143451 
-3.582374127149 
-3.218606909781 
-3.268526775562 
-3.324385113737 
-3.116869073245 
-3.087669451218 
-3.436512537754 
-3.403297436287 
-2.219166663154 
-2.333956829757 
-3.427734537813 
-3.773918192264 
-2.813951264283 
-3.553840146126 
-3.909479778487 
-2.729398062391 
-2.599954965335 
-2.611271093109 
-2.732991006228 
-2.672633499226 
-2.562521156333 
-2.753843590002 
-2.674166705893 
-2.325779561722 
-2.307428384612 
-2.244268874043 
-2.712037771279 
-2.621319806961 
-3.150051493764 
-3.135998243721 
-3.997962463993 
-3.612180251877 
-4.068477932340 
-3.835912155153 
-3.973936510132 
-3.770144272239 
-2.940104764641 
-4.207414699745 
-3.335884907286 
-3.205986938888 
-3.190477219206 
-3.226469931127 
-3.414197119584 
-3.267100279208 
-2.674037509443 
-2.696799578890 
-3.042430168560 
-3.005738037960 
-2.857246705795 
-3.055478437640 
-2.867909916072 
-2.765427608129 
-2.648082841117 
-2.753562598753 
-2.646145777864 
-3.708237545687 
-3.713383857869 
-2.641572261105 
-2.514877566174 
-2.527764734282 
-2.377880155065 
-2.497110197677 
-2.605680588936 
-3.410643028294 
-4.274665227426 
-3.546077060892 
-3.860456974952 
-3.336556676825 
-2.483554512100 
-2.706081794876 
-3.239126870646 
-3.193528613057 
-2.952002756329 
-2.930829707538 
-3.207926070961 
-3.490206544527 
-2.323504657532 
-2.577674870809 
-2.742679127329 
-2.945840923013 
-2.593712679398 
-2.136451460271 
-2.521775210380 
-2.310482077287 
-2.978756590801 
-3.130328980302 
-2.530401194577 
-3.619322435650 
-3.015168427761 
-3.235666292121 
-3.424345556936 
-3.621663570166 
-2.653413340127 
-2.529915725683 
-2.523225692556 
-2.993241486758 
-2.569803398083 
-2.868552351054 
-2.906384851415 
-2.651443768790 
-2.600827045577 
-2.845117063185 
-3.185785054271 
-2.480306310318 
-4.319358058144 
-4.525433034640 
-3.314448180688 
-3.375991001737 
-3.418222965714 
-3.470511683558 
-4.366938208495 
-4.307717237120 
-3.620595517776 
-3.446514973755 
-3.323981058775 
-3.213717065538 
-2.068061536763 
-2.771635455143 
-2.384787216272 
-4.787630381944 
-3.674000664733 
-3.544350345810 
-3.610735665005 
-3.795471878796 
-3.899924829037 
-3.789314470359 
-4.001112943544 
-3.946896560958 
-4.277890961037 
-5.585719206364 
-3.878545604005 
-3.772119071899 
-2.744067358330 
-2.971275426692 
-3.172952394196 
-3.137629803111 
-3.154959799866 
-3.867417861850 
-3.636990738941 
-3.207311351840 
-3.169719930354 
-3.572566977025 
-3.443149835171 
-3.015979983871 
-3.952671185537 
-3.091201404458 
-2.877801504165 
-2.731692932284 
-3.520466362739 
-4.530399391423 
-2.288994327802 
-3.382929861017 
-3.021110815603 
-2.551246597017 
-2.237420592621 
-3.449339357895 
-3.253899655910 
-2.989173430184 
-2.753292945891 
-2.571715801148 
-2.493283717573 
-3.150781695430 
-2.329378529346 
-2.553732302510 
-3.507755684105 
-3.536932820235 
-3.337869614576 
-3.220461324613 
-3.167687851442 
-2.810505103865 
-2.052507405261 
-2.517219168400 
-2.046551309180 
-1.927364649893 
-2.715037133208 
-2.798531023867 
-3.173217268380 
-3.525728893329 
-3.670207795122 
-3.275609161303 
-3.100394989120 
-2.493142372890 
-3.035494171414 
-3.105009186245 
-2.544455089174 
-2.715628451417 
-3.067478648064 
-3.406727026682 
-3.381224976229 
-3.274594013198 
-2.748299038629 
-2.046979253791 
-2.098873932461 
-2.446655968106 
-2.527339618712 
-2.578963833888 
-1.608185462300 
-2.767497737807 
-2.731087753531 
-3.518052788048 
-2.858761593035 
-2.534284830556 
-2.408844188858 
-3.051125601393 
-2.427611862105 
-2.656510497862 
-2.739749943864 
-3.418503452738 
-3.858536843055 
-3.617581976926 
-3.079990306849 
-3.310755274565 
-4.770483483733 
-5.697145663254 
-4.467235884387 
-4.545045715282 
-4.070877400635 
-3.639025151123 
-2.937312436423 
-2.997594022651 
-3.394114436273 
-3.483185886423 
-3.555506949965 
-3.726152901826 
-3.675765505254 
-2.247887084505 
-2.453174959626 
-2.795006347020 
-2.866344269595 
-2.892479730907 
-3.418031798313 
-2.702804214961 
-2.410347560344 
-2.852408414040 
-2.236556772124 
-2.402967738170 
-2.899042980470 
-2.271798658659 
-2.593473805566 
-2.608453934941 
-2.612169071520 
-2.470591766314 
-2.554297766934 
-2.721684909059 
-2.718349815820 
-3.045886279003 
-2.748643187668 
-3.162240064971 
-3.374650570793 
-3.138192051127 
-3.746734894269 
-2.710762836207 
-3.207123164597 
-3.900841640541 
-2.817116264180 
-3.217806438030 
-2.873103880775 
-2.717266087471 
-2.808960055295 
-1.861859433913 
-4.065199162864 
-3.848180638365 
-3.508479258754 
-3.445581028888 
-3.688721305558 
-2.641976640707 
-3.753491048586 
-2.900408068337 
-2.812899014512 
-2.815419179048 
-2.974497660160 
-3.232687635607 
-2.691478847106 
-2.596397509036 
-2.882370194649 
-2.526533496431 
-2.532017961322 
-2.765027583665 
-2.574946097605 
-2.203335008085 
-3.098093706552 
-3.569235514511 
-3.277904807881 
-2.890117414311 
-2.913117457431 
-3.199922434231 
-3.481351457162 
-2.683885928592 
-2.835771223779 
-3.540508224657 
-3.699605793343 
-2.421162800152 
-2.870629426736 
-2.759395367683 
-2.663167144279 
-2.894036492012 
-2.799691620142 
-2.717274057570 
-3.220308029911 
-3.043877045856 
-3.476215338868 
-3.811319645626 
-3.081054545166 
-3.200846126072 
-2.640578525898 
-2.680493547858 
-2.200913413378 
-2.928964305272 
-3.403989058676 
-2.767545095065 
-3.646661774229 
-3.893211687602 
-3.048196477032 
-2.294389965175 
-2.638775279284 
-3.130172883745 
-3.006593250590 
-2.954695092288 
-2.977340579803 
-3.103891163057 
-2.547132125394 
-2.818114124289 
-2.670801560089 
-2.573567686675 
-4.656540334974 
-4.354098035642 
-4.150132149674 
-3.221301318376 
-2.998216126018 
-2.715068325105 
-2.882325725923 
-3.011560494361 
-2.964978244333 
-3.538182460821 
-2.767968611545 
-2.526063709797 
-2.578096928036 
-2.456391879972 
-2.463663171196 
-2.945492141422 
-2.664436223991 
-3.033046254857 
-3.333949705207 
-3.440263103650 
-2.948571059080 
-3.348450105706 
-3.333801390986 
-3.839781830439 
-3.640123731429 
-3.424318902627 
-3.292880156471 
-2.949393894275 
-2.557865706241 
-2.909848977892 
-3.437490307861 
-3.547999231161 
-3.509069910635 
-3.625801683783 
-3.539368819656 
-3.554939159586 
-3.577255123895 
-2.543262140895 
-3.156150582502 
-2.683640523213 
-2.687479864314 
-2.449785748799 
-3.982928880857 
-4.089419792492 
-3.312432980186 
-2.711565429069 
-2.765275761565 
-2.577609907199 
-3.624242944594 
-3.180101152950 
-2.356977426760 
-2.382237664320 
-3.119483321608 
-2.686523334424 
-2.882918974746 
-3.623542944882 
-3.206591539054 
-3.045575020047 
-3.522171563636 
-4.098286411104 
-3.859196876666 
-3.203208210918 
-2.747297047404 
-2.563523427944 
-2.728329867197 
-2.755292217611 
-3.025685550433 
-3.380012772020 
-3.958682367270 
-3.850415710286 
-4.426183059183 
-3.713187067866 
-3.383504758819 
-3.393856883168 
-3.030821592161 
-3.050178512788 
-3.197061703738 
-3.105036090891 
-3.105766407691 
-2.343679990524 
-2.492298521586 
-2.282783726869 
-2.246697489674 
-2.171902392860 
-2.652232733122 
-3.136979963984 
-3.630411463666 
-3.840540935392 
-3.861966689379 
-3.197089841979 
-3.643871439611 
-3.677339875646 
-3.368723996434 
-3.448387856651 
-3.202602339562 
-3.050571213767 
-3.592427602237 
-3.500906339346 
-3.818466075627 
-3.214786113405 
-4.242628318727 
-3.013092998530 
-3.461930710771 
-3.876073556549 
-3.558337282098 
-3.547253422867 
-3.353523081036 
-4.318003387369 
-2.763241109017 
-3.939008196624 
-3.726170799282 
-3.631656976417 
-3.621128811281 
-4.425170713441 
-4.502399758719 
-3.152252179672 
-3.052106780397 
-3.688933562664 
-4.200053806282 
-4.838337168572 
-4.298038458124 
-4.056588895511 
-4.202971272882 
-4.259718302577 
-3.325325523095 
-3.071119408608 
-2.867074374512 
-3.153896387352 
-3.436198611558 
-3.285528388947 
-3.179681419239 
-3.099984877383 
-3.090184824944 
-2.400580267041 
-2.462626122142 
-2.670756151139 
-2.904585415617 
-2.874450256911 
-2.209337060149 
-3.314028638390 
-3.144041384272 
-3.739391134786 
-3.670330180689 
-3.148534672729 
-3.049709887086 
-2.693045696913 
-3.486367865591 
-4.391570540410 
-4.155871937167 
-4.286024919333 
-5.542267518626 
-5.843756684379 
-4.924083993608 
-4.855786290829 
-4.396431523590 
-3.573118438304 
-3.420723811796 
-3.159317578615 
-3.513799634525 
-3.258998112796 
-3.173254742660 
-5.907829241218 
-3.705622698972 
-3.848231031771 
-3.096888949098 
-2.741054754504 
-3.098456621441 
-2.440415048070 
-2.289953670458 
-2.891320824679 
-2.558939065643 
-2.802288643113 
-3.115800219792 
-3.553826723965 
-3.859621255257 
-3.399127479741 
-3.657661829074 
-3.453031263092 
-2.778026714522 
-2.594025368224 
-3.718118521227 
-3.424479334551 
-2.832888507290 
-2.842706048116 
-2.865281436386 
-3.417859376360 
-2.801560850131 
-4.032667526980 
-4.768593687859 
-4.603555882945 
-4.558509063359 
-2.870458390347 
-3.101720240510 
-4.015356677955 
-3.401719232568 
-3.907067228186 
-3.758412712922 
-3.991824733930 
-3.276514651556 
-3.162800842987 
-2.736265051626 
-2.607370098120 
-3.164543637408 
-3.327775847408 
-2.706040551172 
-2.585735828019 
-2.797093695662 
-2.854387914196 
-3.015109610003 
-3.396233158037 
-2.698459798513 
-3.326630996100 
-3.465628906559 
-3.264932318408 
-3.021088870615 
-3.395127291078 
-3.024131256125 
-3.349152720672 
-3.099589867698 
-2.555742882118 
-3.047365669225 
-3.673841955105 
-2.419115129002 
-2.834778322013 
-3.514356312150 
-3.911120617601 
-4.110316375442 
-4.196045860585 
-3.981711011317 
-3.522404385694 
-3.674597731916 
-3.534247578026 
-3.098752823877 
-2.880366686614 
-3.319359476417 
-2.618389030230 
-2.095114688201 
-2.818744898048 
-2.610039720104 
-3.022424171883 
-2.807207559788 
-3.185725925436 
-3.076721389776 
-3.658657551634 
-3.540468885893 
-3.386113611372 
-3.584983383552 
-2.780371354461 
-3.077348264872 
-2.719980395620 
-2.569605248961 
-2.471044168513 
-2.300490482985 
-2.084379367709 
-2.835942947557 
-2.868607890820 
-3.105367243888 
-2.321702003057 
-3.393717612582 
-2.982029155365 
-2.866682269610 
-3.536598552427 
-2.654851136349 
-2.876866030287 
-3.030617549478 
-2.980565985399 
-3.452995431143 
-3.208586048993 
-2.964915905428 
-2.761386351671 
-2.188733174237 
-2.097915970739 
-2.074921480431 
-2.391676934569 
-2.369206561349 
-2.276742158420 
-2.828241379758 
-2.934308834100 
-2.985184203156 
-2.796527395149 
-3.106586274014 
-2.786574376003 
-2.708875819205 
-3.787988678538 
-3.148377509139 
-2.836750959915 
-3.608709272491 
-3.064268318453 
-2.984597240872 
-3.591729034497 
-3.576723073615 
-3.459577616628 
-3.580840226333 
-3.445319466612 
-3.219762629580 
-3.862242090049 
-3.528622134829 
-3.821615761483 
-4.198836164948 
-3.254305910045 
-2.576827073309 
-4.223104414783 
-4.372249320345 
-3.038614778255 
-3.709669692691 
-3.628795079021 
-3.726597157792 
-3.749546261996 
-3.140397897339 
-2.309996121653 
-2.538323653026 
-3.582890607331 
-3.910015682998 
-2.415459563570 
-3.152545108099 
-3.511838992350 
-3.210993027653 
-3.142854870378 
-3.114721827796 
-3.360142765487 
-3.593778377012 
-3.533020640399 
-3.518919354971 
-2.982495607874 
-3.330339302071 
-3.433173050280 
-3.571834944694 
-3.848361513800 
-3.415426264128 
-2.987123989798 
-2.492096567813 
-4.065102717374 
-3.857922419144 
-2.793406763170 
-2.861964799560 
-2.379991887282 
-2.622466717733 
-4.539519941888 
-3.705069147187 
-2.169676651864 
-3.206990686039 
-3.168440261002 
-2.754407373004 
-4.272365493686 
-3.210648205659 
-3.211812108079 
-3.188601461415 
-3.124042721275 
-2.800040793031 
-3.243369309927 
-3.082533491591 
-3.159155997504 
-3.384852816851 
-2.736095574570 
-2.656961162648 
-2.061748078651 
-3.166460525247 
-2.944594450005 
-2.687754204400 
-3.020948599423 
-2.667210030245 
-2.562098262459 
-2.441569040935 
-3.458308718000 
-3.571120771855 
-3.801429004042 
-3.316953186393 
-2.794655626645 
-3.521119900577 
-4.944821633093 
-4.704844933101 
-4.610134530449 
-3.991553306283 
-2.591680185717 
-2.563810817723 
-3.144605346242 
-2.465825646032 
-2.720011939037 
-1.931885691334 
-5.627631971086 
-5.765974760968 
-3.698581322680 
-2.957120348845 
-3.230190627289 
-2.991044431260 
-2.589157872312 
-2.849623097448 
-2.833581919493 
-2.783602269989 
-2.746236343907 
-3.299321414597 
-4.098378985947 
-3.903702915394 
-2.645372707321 
-2.809594745646 
-2.751297907264 
-3.229376572751 
-2.649080537258 
-3.339387867859 
-3.506574472799 
-3.086768033233 
-4.057279609391 
-2.404387063238 
-2.260545733214 
-2.448161689118 
-2.519043898697 
-2.662518110838 
-2.860889696299 
-2.840518706524 
-2.917456033240 
-3.088417174935 
-2.757911462248 
-2.811358075990 
-3.619722752438 
-3.222898974035 
-3.555430738061 
-3.405916770987 
-3.589069346170 
-3.499453021145 
-2.745122117124 
-4.627940107195 
-4.505317044229 
-4.270410112992 
-3.989588693227 
-3.384449563910 
-3.886978007862 
-3.646149643129 
-3.358369766349 
-2.914457809584 
-3.196902720805 
-2.796235138983 
-2.956753023604 
-3.101396214267 
-3.985222021943 
-3.291151818553 
-3.700574534317 
-3.491598977648 
-3.343491376240 
-3.278490448852 
-2.700907229054 
-2.557481954031 
-2.119451700565 
-2.714988376116 
-2.729153395102 
-3.439384905745 
-3.018806133104 
-3.768206831989 
-3.287350655672 
-3.698646320626 
-3.550616253728 
-3.486311209196 
-4.493834354268 
-3.927249006459 
-4.082858467494 
-4.388237188481 
-3.460993457501 
-3.371785743868 
-3.216321899583 
-3.657998665033 
-2.704857102019 
-2.757751109941 
-2.457317764814 
-2.852660642528 
-3.437025250397 
-3.201595517152 
-2.756754202140 
-3.453487005573 
-3.409229190486 
-3.362981074252 
-3.203599996288 
-3.947787397660 
-3.370304599278 
-4.247782192568 
-2.767780009737 
-2.818447375601 
-2.723947112847 
-2.743405209636 
-3.313115118464 
-2.852138119977 
-3.516602248600 
-2.779882864359 
-2.632491825793 
-3.151696586286 
-3.093169870963 
-2.956854421268 
-3.194604972266 
-2.891883504034 
-3.030357926391 
-2.837789386071 
-3.492697845527 
-3.056051628389 
-2.836155991206 
-3.206426228604 
-2.855261688195 
-2.730098422797 
-2.918586196704 
-2.151987688426 
-2.534176976162 
-2.881262685024 
-2.545252013102 
-3.387102798946 
-3.598985699522 
-3.696827842535 
-3.335644820381 
-3.603585511904 
-2.796525952931 
-3.320376666989 
-2.919907541271 
-2.829339678718 
-3.325164949315 
-3.340598463616 
-3.452612802149 
-3.103166996242 
-3.784978398026 
-3.631191844952 
-2.738968433495 
-2.362075109367 
-2.146213849340 
-2.801336693813 
-2.723778809708 
-3.470401115393 
-3.735663593049 
-3.210343629659 
-3.927741544827 
-2.968412554571 
-3.751887764994 
-3.374458787444 
-3.082409064925 
-2.888498242681 
-2.864577698179 
-2.454684918422 
-3.199441299734 
-2.617166138054 
-2.780828440590 
-2.521125211066 
-3.878306377355 
-3.678595289275 
-3.894600412764 
-3.642473285746 
-3.874626610454 
-2.315890275255 
-2.474256536175 
-2.689418902284 
-2.586282814233 
-2.318818879672 
-2.989345977297 
-2.881488991972 
-3.614881277785 
-2.772829314760 
-2.931863842659 
-3.514388746827 
-3.360593876239 
-3.503713562342 
-3.933762639765 
-3.884351400348 
-3.379423508677 
-3.464180778502 
-3.749500570220 
-3.646352011632 
-3.727308915040 
-3.841616694548 
-3.418079714103 
-3.410019481788 
-2.823942858886 
-3.287219875270 
-3.181556945550 
-3.046355374343 
-2.494035979867 
-2.347372845826 
-2.135434984362 
-2.876425553888 
-2.680559775627 
-2.488023373926 
-3.113059259357 
-3.509194028297 
-3.488437759970 
-2.614262024155 
-2.292736351961 
-2.262564559943 
-2.702387795086 
-2.576577639330 
-3.258429321535 
-2.931852583812 
-2.227184637618 
-2.464341707476 
-2.467764187359 
-2.528044974563 
-2.257886613232 
-2.849756413936 
-2.684913922390 
-2.944661157561 
-2.888968038598 
-2.761805174061 
-3.603385745981 
-2.454802029654 
-2.825081510838 
-3.180982996096 
-2.802257616095 
-3.471200703508 
-3.560292727729 
-4.047320245481 
-3.983647764291 
-4.123182468036 
-4.161851227156 
-3.733004599022 
-3.330652047889 
-2.518803876068 
-3.207888386319 
-3.173444835033 
-4.142132186469 
-4.396662274824 
-3.798985166393 
-3.271142452804 
-2.881973975142 
-2.279555346066 
-2.634188053876 
-3.968645227621 
-5.326841045018 
-4.828479121563 
-5.007683919337 
-4.223820172014 
-3.347901163558 
-2.738089551087 
-2.621352443557 
-2.572704240832 
-3.111121805960 
-2.469775200943 
-2.499059539547 
-2.177386776575 
-2.210720163635 
-3.059786610944 
-3.442488649467 
-3.793317741425 
-3.062281962688 
-2.608393740269 
-2.836617399650 
-2.319415012698 
-2.502575810907 
-2.814438345527 
-2.946951128934 
-2.629490543883 
-2.313603353375 
-2.822540263479 
-3.166115335913 
-3.024979117648 
-3.643844465162 
-3.638514572865 
-4.042383961902 
-4.035420576549 
-3.941675963255 
-3.269436707500 
-2.872894347602 
-3.629921630159 
-3.843085689022 
-4.045670753969 
-4.124999726022 
-4.369294723196 
-3.363681291338 
-3.031189905435 
-3.272636265370 
-2.762982902809 
-2.867161598424 
-3.129009498841 
-2.716363459769 
-2.171157810099 
-2.067953010618 
-2.598313246149 
-2.499860579391 
-2.650536463181 
-2.451984398662 
-2.885834145608 
-2.225888679700 
-3.614967981630 
-2.965753339648 
-2.972354712401 
-2.637589285868 
-3.791849150077 
-3.288607277373 
-3.547068007246 
-4.006909730115 
-3.569708144164 
-2.970061256179 
-2.274226849604 
-2.801220111438 
-3.591260997191 
-2.654909724788 
-2.553762988893 
-3.244500798551 
-3.304653764305 
-2.334900168624 
-2.718927902333 
-2.374956259720 
-2.742843857025 
-2.809173492343 
-2.736536719889 
-2.791915448663 
-3.309972197031 
-3.266180553575 
-3.452986377215 
-3.335286872600 
-3.499723005624 
-3.097169157917 
-3.354502268852 
-3.872444072970 
-4.729476841725 
-4.708779214465 
-4.134234172392 
-4.276224932765 
-3.996270507668 
-2.905870192243 
-2.336057831239 
-2.521704457565 
-2.631750414992 
-2.916536970752 
-3.938009760289 
-3.602624839515 
-2.918764139288 
-2.884369478475 
-3.148731513093 
-3.113522185453 
-2.711591307291 
-3.279887048136 
-2.674200925908 
-3.729563192184 
-2.965666655158 
-3.028060598564 
-3.705444091756 
-3.200882814214 
-4.056328034099 
-3.903631645678 
-3.917049449873 
-3.184775730595 
-2.811727712680 
-2.820114154221 
-2.565751904524 
-2.758999156943 
-3.050470886132 
-2.702342966418 
-1.995349364764 
-2.478487745171 
-3.083281835239 
-2.790793627647 
-2.564000051228 
-2.830339228972 
-3.306057784776 
-3.519359058451 
-2.777134703892 
-3.588686287666 
-2.990660949620 
-2.845353045190 
-3.622187831402 
-3.347463213310 
-3.680591397556 
-3.380972217814 
-3.189383380067 
-3.096169345670 
-2.919464232960 
-3.731327319478 
-3.360824517492 
-2.912115760475 
-2.517106807998 
-2.867551629178 
-2.623543780627 
-3.497321047189 
-2.774977673905 
-2.887348763011 
-2.768382916385 
-3.719256360592 
-3.649275730993 
-3.502109234931 
-3.416428906829 
-3.358764146574 
-5.227020129754 
-2.532167501598 
-2.655071360410 
-2.684214056714 
-2.906224994109 
-2.735926874873 
-2.660984918691 
-3.937797869868 
-3.703123932701 
-3.421654969383 
-2.948291326812 
-3.449183282898 
-3.162497406092 
-4.679741921153 
-3.792504207350 
-4.486403810593 
-4.405024866069 
-3.586098765834 
-3.680067278271 
-3.741999070087 
-3.921714082685 
-3.236768712977 
-3.574882579345 
-5.159863155181 
-4.523108023445 
-2.956567730348 
-3.065910104338 
-3.263960210440 
-2.943210796160 
-2.828283362366 
-2.692785657412 
-2.925743583634 
-3.441984089831 
-3.902859359707 
-4.229884735736 
-3.895074521907 
-3.759763142109 
-4.036808026794 
-3.929568252721 
-3.859424635364 
-4.729208693359 
-4.598794528801 
-4.793488336306 
-4.071186043748 
-3.115869299336 
-3.510822981177 
-2.961208263314 
-3.295986922125 
-3.311201661740 
-2.361724205729 
-3.166030124094 
-2.528093312197 
-2.659292053317 
-2.492354844920 
-2.820998543727 
-2.700103081079 
-2.850284981676 
-2.530627085546 
-2.751607498670 
-3.066149111639 
-2.735161007772 
-2.687425601846 
-2.950445347821 
-2.782496258078 
-2.879908092918 
-2.486925210217 
-2.982380105173 
-3.027145138707 
-3.007911745710 
-3.140794406704 
-2.253138330288 
-2.303920513310 
-2.047278408667 
-2.266403805507 
-2.118370862578 
-2.234833083045 
-2.212792872147 
-2.271514865532 
-2.873791452829 
-2.861371080941 
-1.992923729085 
-2.525346706239 
-2.882800265415 
-2.312274000226 
-3.275595940634 
-2.509759995839 
-2.938361014942 
-2.586837086208 
-3.391842398739 
-2.002205298361 
-3.494474179985 
-3.353181983333 
-2.476229772933 
-2.943086418250 
-4.861261923625 
-4.215536359487 
-4.756780886878 
-4.137770549741 
-2.473606752097 
-2.743340115410 
-2.992829793661 
-3.011391395457 
-2.684730822049 
-2.391605751646 
-2.197062680535 
-2.811476585181 
-2.424583539948 
-2.464654359063 
-2.183593480808 
-2.133565565131 
-2.740081567288 
-2.167105661192 
-2.304414961474 
-2.344275037840 
-2.188651285698 
-2.288381110253 
-2.499604903229 
-2.692907547473 
-2.810775637466 
-3.585523047693 
-3.689922042520 
-3.161198430640 
-3.683048965178 
-3.869706457952 
-3.340617921616 
-3.494446478062 
-3.548240817070 
-3.599160596092 
-2.889031244293 
-3.057748866789 
-3.092471435545 
-3.595742954471 
-3.319704812302 
-3.693067071090 
-3.455592330318 
-3.175743433543 
-2.974388137724 
-2.508833308588 
-3.718151817355 
-4.758031654312 
-2.853555270280 
-3.136706445145 
-3.917187285001 
-3.798379855011 
-3.335395672231 
-3.273736817960 
-4.171228490313 
-4.318063955834 
-3.963974424568 
-3.352593911808 
-4.075780638390 
-3.895868129537 
-3.641904397138 
-3.672821128605 
-3.972557362565 
-3.706978414102 
-2.878865983242 
-4.687357910059 
-4.590389391483 
-4.408115599769 
-3.742953696709 
-3.266345622946 
-3.688181976027 
-3.301621124587 
-3.170730414603 
-3.415240697522 
-3.517930434637 
-3.734155370978 
-3.609094940229 
-3.439999057277 
-2.841421900660 
-2.864221475666 
-3.219071897154 
-3.063980932735 
-2.718498577779 
-2.423591613380 
-2.176506313605 
-2.273215211233 
-2.333353592227 
-2.361937471966 
-2.881958608995 
-2.342809002985 
-2.982963821347 
-2.928178581129 
-2.537235877384 
-2.733330595338 
-2.989223115131 
-2.853582904113 
-2.891659625511 
-2.607858618827 
-2.469421107348 
-3.187401133956 
-3.502259491143 
-3.490068470027 
-3.613810575897 
-3.592214919399 
-2.766337403045 
-3.246252109317 
-3.619959533327 
-3.245270968044 
-3.392716798821 
-2.873334666121 
-2.679196262820 
-2.737609471499 
-2.849052871751 
-3.066361039269 
-2.935543106764 
-3.093092707136 
-2.654438428132 
-2.955956746705 
-2.790724729152 
-2.951966649558 
-2.950801669958 
-3.074461701098 
-2.739646457658 
-3.173807255137 
-3.029313223024 
-3.455342204946 
-3.429927422664 
-2.708216596462 
-2.301536973781 
-2.527461893545 
-2.850800203374 
-3.904811780558 
-4.316522802651 
-4.552445977435 
-2.558783778857 
-2.809763994039 
-2.618729602913 
-2.459693068524 
-2.473133816689 
-2.580376662666 
-2.946882892416 
-2.672455656334 
-2.569262135871 
-2.516990259961 
-2.944902731485 
-2.991559661482 
-2.327204042838 
-2.479226269610 
-3.800690655422 
-3.280042362222 
-2.660142518025 
-3.942251870612 
-3.641350007191 
-4.182867039506 
-3.440483875374 
-3.216626405507 
-2.707393290284 
-3.834300345703 
-3.359169631188 
-3.548566725264 
-3.451245793774 
-3.293076649353 
-3.638862460953 
-3.946372818899 
-3.883503341858 
-3.496219458758 
-2.931673991192 
-2.901060714861 
-2.424679015903 
-2.235016767667 
-2.627883100407 
-2.527357423892 
-2.669815488422 
-3.585127134456 
-3.454263898550 
-3.549747521734 
-3.634310211124 
-3.387588452187 
-3.130452556777 
-2.825509791057 
-3.133689578957 
-3.378435147561 
-3.571831573925 
-3.868408357453 
-3.659457520182 
-4.419514368713 
-3.520536021463 
-3.633125703516 
-3.076580821522 
-3.228748300605 
-5.091452924785 
-2.756258001424 
-2.858020802923 
-2.875767326289 
-3.238838889330 
-3.277827140678 
-2.331204343192 
-2.932670386618 
-3.193839347890 
-3.102932950537 
-3.115031606049 
-2.320048690302 
-2.991665563487 
-3.263401665316 
-3.042170220678 
-3.053065185751 
-3.062602573124 
-3.021648949631 
-2.883871589538 
-3.264201274660 
-3.027298905336 
-3.312282854513 
-2.397990295966 
-3.509061708472 
-3.149613438965 
-3.194546098893 
-3.287126271447 
-2.745630887544 
-3.644509029970 
-3.871536588388 
-3.056306879382 
-3.146246614368 
-3.236424800925 
-3.196269795597 
-3.448924459494 
-4.052418713994 
-2.923646512428 
-2.951507589989 
-4.509078032864 
-3.531348124890 
-3.044332031854 
-3.319339928083 
-3.620886394308 
-3.042487333418 
-3.293028411475 
-2.746899334763 
-2.790405737412 
-2.846798013725 
-2.888459191707 
-2.590584590862 
-2.819654025027 
-2.710959971293 
-2.526711455927 
-3.049756933732 
-3.674738448168 
-3.816592864645 
-3.236006451439 
-2.720836320798 
-2.878655250018 
-2.693475873072 
-3.318525932503 
-3.268085314797 
-3.211454909394 
-2.674771040887 
-3.360326962434 
-2.359773324307 
-2.600258235952 
-2.583999679822 
-2.795574329740 
-4.962352866093 
-3.481902105562 
-3.056879122172 
-3.225827282779 
-3.542110497796 
-3.451818703344 
-2.715443928061 
-4.446876257613 
-4.268866231607 
-2.508445056781 
-3.560608524888 
-2.740037521918 
-2.628916262510 
-2.904171419596 
-2.612555938488 
-2.715728877006 
-2.532143924501 
-2.331089773356 
-2.315807436957 
-2.520922301430 
-2.595955653120 
-3.182942986933 
-3.579935026002 
-2.414120402196 
-2.395266554084 
-2.960747785513 
-2.562048574317 
-3.123754130621 
-2.826792040949 
-2.635044131115 
-3.044690435521 
-2.902474293659 
-2.363585611183 
-2.625334121893 
-2.538395646141 
-2.373435543481 
-1.922893401367 
-2.096691764738 
-1.998142298717 
-2.529517031844 
-3.809782457591 
-3.629968041663 
-3.152330702542 
-2.927068646978 
-2.982824652656 
-3.010793320294 
-2.240972370930 
-2.612961191105 
-2.596477248659 
-2.427197649325 
-2.794838916732 
-2.846757200189 
-2.565150210021 
-3.078746681776 
-3.292663924429 
-3.062551849446 
-2.209819033626 
-2.976969606366 
-3.051421528132 
-3.273603489896 
-3.828960846972 
-4.749289742698 
-3.771110834162 
-3.745795824696 
-3.756480466925 
-3.097531117073 
-2.811112519438 
-2.603084711358 
-2.389987216871 
-2.909889052851 
-2.655063219294 
-3.021389519441 
-4.049817542432 
-3.310371080046 
-4.097242043495 
-3.812009489488 
-3.987713661910 
-2.996955362055 
-2.564655066185 
-2.663045935615 
-2.281271385645 
-2.920269340248 
-3.228389122537 
-2.881842805939 
-2.512537436146 
-3.718580156046 
-4.544264027428 
-3.970702185465 
-3.872833518035 
-4.195423285893 
-3.452541771446 
-3.526885280522 
-3.367859699165 
-2.090914446297 
-2.473722949315 
-3.794802987458 
-4.204013640069 
-3.758736041539 
-3.744995333276 
-3.381504583427 
-3.531625873778 
-5.691166013529 
-4.020968407747 
-3.510246598251 
-4.075920904674 
-3.166460380213 
-3.230444565567 
-3.690275730432 
-3.129221915466 
-3.300668681818 
-3.162316061162 
-2.824291207627 
-2.757270441118 
-3.244623259352 
-3.811273384367 
-3.409339866753 
-3.732362769458 
-3.310731218637 
-2.981951865493 
-2.954183678750 
-3.195472642194 
-3.293123369705 
-3.069086902132 
-3.149750337577 
-2.994303020456 
-3.396597515113 
-3.726334736528 
-2.074768108333 
-2.694050853967 
-3.350696516778 
-2.641523183297 
-3.393102211694 
-3.605241604301 
-3.930428473352 
-3.510896151082 
-2.790869151122 
-3.454765659063 
-2.956598580812 
-2.994192047746 
-3.721315805918 
-3.556964367365 
-4.299959666510 
-3.911020040185 
-3.467348447853 
-2.906490844497 
-3.050559342344 
-3.483886361363 
-3.013909345629 
-2.798756094449 
-3.345895355851 
-2.562576406171 
-2.590931745231 
-2.796686322319 
-2.790934853568 
-2.807331040928 
-3.212430558376 
-2.685370660559 
-2.844579382022 
-2.529888361870 
-2.875038406122 
-3.822450886874 
-3.155758220483 
-3.076606186750 
-3.244113899800 
-3.289218405000 
-2.844103097412 
-3.526306808031 
-3.179915062606 
-2.375152408089 
-2.367478844298 
-2.853220282585 
-2.697823408886 
-3.109475227429 
-3.111158132553 
-2.715262472531 
-2.493379403472 
-3.377509638205 
-3.554097964733 
-3.126247929433 
-3.633970827107 
-4.441132717595 
-4.933347956200 
-5.426495952817 
-5.751638956644 
-7.000824657129 
-4.587349711270 
-3.224935091228 
-3.025291345949 
-3.378890098630 
-3.049077839112 
-3.154767463926 
-3.002915854757 
-2.598287365518 
-2.500401806783 
-2.832327481526 
-2.842808825333 
-2.618323423401 
-2.789209956524 
-2.613174917603 
-2.885410898035 
-2.725114427383 
-2.867797038752 
-3.723051389150 
-3.925056127772 
-4.437611388323 
-3.719508454489 
-3.548277741350 
-3.421592858114 
-3.119498657687 
-3.110736280729 
-3.261612774029 
-3.539736556377 
-3.698115556963 
-3.132087882943 
-3.836248122173 
-4.148477706431 
-4.496991986252 
-4.168705999627 
-3.128183205225 
-3.291914399959 
-2.774346165618 
-2.607432881332 
-2.892875268710 
-2.645698949342 
-3.066578106272 
-2.664699985354 
-2.759490603127 
-3.232700023148 
-3.042783717620 
-3.136184165915 
-3.255091338462 
-3.560014871495 
-3.495143690021 
-2.786683206270 
-3.502279759660 
-3.168793976497 
-3.929116297657 
-4.075534687826 
-3.819484530941 
-4.944124009687 
-2.978008111000 
-2.678867321868 
-2.420213807925 
-2.784037769163 
-2.789819796372 
-2.317648601293 
-2.712405542092 
-3.224729470054 
-3.313480431660 
-3.245058249826 
-3.000536583157 
-2.645079125831 
-2.862681943864 
-2.988639508430 
-3.700549732831 
-3.872396972262 
-3.485266753777 
-2.754223569562 
-3.042534992128 
-2.887240561182 
-3.380772020068 
-2.680196075493 
-2.599188601196 
-2.406623362587 
-3.252109960337 
-2.515748435172 
-2.609270929732 
-2.417362433008 
-2.969480765980 
-3.224941275885 
-2.893145386856 
-3.211037491992 
-2.864689399086 
-2.915415837536 
-2.831149208494 
-3.088306108019 
-3.141880421938 
-3.233089384010 
-3.053569732072 
-2.433667603512 
-2.350634801887 
-2.577624428566 
-2.407606453426 
-3.097992616604 
-3.015885391117 
-3.048388902619 
-4.080869712388 
-3.187608798080 
-3.325594089962 
-3.149008958312 
-3.086097457095 
-3.713175952127 
-3.315563851991 
-3.109527603671 
-3.475747738516 
-2.961046759265 
-2.737050686226 
-3.154889576489 
-2.852838318933 
-3.042068486575 
-3.297529056271 
-3.090264951045 
-3.218387458990 
-2.573932736174 
-3.017379011394 
-3.055672923849 
-3.406490223169 
-3.395380906871 
-2.665395770855 
-2.334577882501 
-2.335870199124 
-2.680206231179 
-2.908268360678 
-2.952097435293 
-3.467950277432 
-3.693104334461 
-3.732792261207 
-3.362324034685 
-3.407147743058 
-3.436583838017 
-3.975177528559 
-3.836033762207 
-3.314470020749 
-2.166663081845 
-2.610226781568 
-2.258811150195 
-2.382619538436 
-2.740701213830 
-3.486405528560 
-3.860472350921 
-3.193261509004 
-3.365596387875 
-3.664431442953 
-3.583708346587 
-3.166349604070 
-3.684843364365 
-3.226834045089 
-2.807504026821 
-2.858032586988 
-2.953460300265 
-3.407184142792 
-3.473440003335 
-3.273551059305 
-2.947307635410 
-3.256836837614 
-4.016781710273 
-2.659789334024 
-3.538461278449 
-3.439196629897 
-3.696493957993 
-4.911603262823 
-3.477628567386 
-3.057121679208 
-2.650562800768 
-2.711315236386 
-2.915233402557 
-2.755855067527 
-3.149017893456 
-3.092599191682 
-3.498158641955 
-3.543127873699 
-3.454913688840 
-3.226082075821 
-3.051291646170 
-3.110763985636 
-3.543606578970 
-4.095294603482 
-4.404425761458 
-5.456371907311 
-4.099040175392 
-3.033229361118 
-3.346755949273 
-3.915715305721 
-2.572669620561 
-2.530974331320 
-3.316837061244 
-3.817187617981 
-2.992083257336 
-3.550521305792 
-3.050120958346 
-3.735876893935 
-3.111968781744 
-4.178136825404 
-4.299967328356 
-5.569028902769 
-4.403565673904 
-3.589533087508 
-3.738704943308 
-4.045830482192 
-3.138937291703 
-3.473721611120 
-3.843831007058 
-3.354220438089 
-3.230270937792 
-2.783644424885 
-3.475228756195 
-3.482591509080 
-2.997013024391 
-3.425732384516 
-2.979462780159 
-3.115747082544 
-2.806009473093 
-3.908531506981 
-3.842129750980 
-3.763479136698 
-3.417506842788 
-3.377958062691 
-3.013873047774 
-3.768066220702 
-2.837205539129 
-2.971728425254 
-2.575780226613 
-3.405831948577 
-4.155341364776 
-3.458431861732 
-3.049053718728 
-2.721412971992 
-3.067444897173 
-3.278680951502 
-3.364834830347 
-3.682807776975 
-3.546148195712 
-3.888940407313 
-3.789067171110 
-2.892070436126 
-3.319285387760 
-3.930569151409 
-2.908985979524 
-2.973257776776 
-2.986602699850 
-3.140608026078 
-3.467278916982 
-3.336788002999 
-4.503498818656 
-4.286244351355 
-4.345754500189 
-4.373972175039 
-4.227621811014 
-4.079639605313 
-4.043647602989 
-3.569761623165 
-3.181944943694 
-3.298810330242 
-3.482320499953 
-2.965396736543 
-2.929001424811 
-3.641641985916 
-3.239079204665 
-3.242551763364 
-2.695332203220 
-3.273573968400 
-3.487786281948 
-3.653937904185 
-3.176253637777 
-3.168160582238 
-3.374464311930 
-3.596499318351 
-2.085077308986 
-2.592583464955 
-2.491457772695 
-3.264496783793 
-3.115641039812 
-1.992470986451 
-2.918206935755 
-3.637843035562 
-3.291176799795 
-3.211204223664 
-2.836345465778 
-3.560829402693 
-3.199505618766 
-3.506696312517 
-2.631560563367 
-3.379202418985 
-4.047487998335 
-2.831923158371 
-2.819528455125 
-2.812134917252 
-2.868029261709 
-3.296262250627 
-3.607591765606 
-3.335828297981 
-2.813545305032 
-3.138454569982 
-4.038734031035 
-3.514219209795 
-3.619181503044 
-3.218178872334 
-2.668390341666 
-2.900529201656 
-2.636141658549 
-2.504830168698 
-2.944483403533 
-2.524610405833 
-3.277470460376 
-3.674205718096 
-4.277674124441 
-3.576123768193 
-3.278156239072 
-3.037290487046 
-2.310007851870 
-2.045638757859 
-2.590043960252 
-2.309368973996 
-1.844169658293 
-2.305436880142 
-2.227489008172 
-2.513905070451 
-2.891470299870 
-3.019524945286 
-2.996777687861 
-2.774082177844 
-3.350906648535 
-3.078636528438 
-3.090386138970 
-2.915073365418 
-2.322310737477 
-2.913990163712 
-3.546511032093 
-3.796594109618 
-4.878257320817 
-3.566517735331 
-3.391596427664 
-3.378558418348 
-2.672654222351 
-3.320008862320 
-4.409914043113 
-4.297183376278 
-4.327572538316 
-4.099188876077 
-3.747730860676 
-3.861044844442 
-3.485305415754 
-3.501925892143 
-3.597840098916 
-3.894637146116 
-3.495533343782 
-3.615099908419 
-2.802629372373 
-3.201403410522 
-2.715796611870 
-2.896114987900 
-2.486767475214 
-3.168859302693 
-2.862291700266 
-3.290391271906 
-3.738416037546 
-3.620624060017 
-3.984110181989 
-3.901543100333 
-3.576021511933 
-2.883867538300 
-2.647319021610 
-3.692791090421 
-3.717576713962 
-3.456293247627 
-3.474629193485 
-3.427699772215 
-3.231871678916 
-3.394358990040 
-3.103599778489 
-2.407623381782 
-2.432731879426 
-2.601505288508 
-2.566544062959 
-3.069090395015 
-2.787206319490 
-3.017577531584 
-2.896192656147 
-3.141362804651 
-3.203277941579 
-4.218536103718 
-3.848429276229 
-4.480255494281 
-4.544383452896 
-4.635446158073 
-2.970264908261 
-2.235043745420 
-2.191680284336 
-2.903889643393 
-3.477987633292 
-3.986630599867 
-2.290272561534 
-3.087658555597 
-3.190041102578 
-3.292257126927 
-2.761314837109 
-2.556335060497 
-2.905342983036 
-2.833193101596 
-2.853133981811 
-3.154870473188 
-2.681856965810 
-3.247503426467 
-3.608698913630 
-3.003980203436 
-3.129472518812 
-2.661769340660 
-2.703721153270 
-3.187363749432 
-3.799251564568 
-4.072086352678 
-3.201728765321 
-2.658125924675 
-2.530783578618 
-3.112359858821 
-3.006983723916 
-3.372387261907 
-2.925736549507 
-3.438405889401 
-2.520018845620 
-2.563144310498 
-2.422476594860 
-2.697083883222 
-2.920621581371 
-2.745546355498 
-3.387401138177 
-3.263154614776 
-3.069253418705 
-2.857029858751 
-3.068563724788 
-3.147049684284 
-3.532399300083 
-3.086723566275 
-2.836039317538 
-2.964365699556 
-2.597664665550 
-3.169331454824 
-3.723509231115 
-3.122008592937 
-3.663408902267 
-2.699471359034 
-2.069276232804 
-2.681118496189 
-2.847395900302 
-2.902198456291 
-3.294823870703 
-3.430471333100 
-3.344546593322 
-4.121024924349 
-3.953414795418 
-4.338425584254 
-3.046426800827 
-3.289196829716 
-3.684950709410 
-3.305940457489 
-3.727259732363 
-4.115417460294 
-4.122465561338 
-3.972822332569 
-5.097951125737 
-4.631789660350 
-3.989770186351 
-4.075264016181 
-3.124132653074 
-3.988502196904 
-3.993620249238 
-4.704665734792 
-2.995203070131 
-2.843432402033 
-3.307251780390 
-4.053128450324 
-3.048097797051 
-2.879214674906 
-2.583163300582 
-2.712735808964 
-2.879468545395 
-2.651559518238 
-2.820270129611 
-3.123082235344 
-2.431798445106 
-3.318055669615 
-3.093089725877 
-3.478506624975 
-4.864393606653 
-3.334942080637 
-3.528412398140 
-3.499846314624 
-4.664977750213 
-3.121638078984 
-3.244408010254 
-3.176186341000 
-3.336064005611 
-3.034864768037 
-2.839918067793 
-3.034180039491 
-3.072122064529 
-3.994589962562 
-3.235131826823 
-3.391893111785 
-3.396038413636 
-2.832141160815 
-3.274553811195 
-3.076739925495 
-2.818727311665 
-2.849923742844 
-2.486937976224 
-2.908052401677 
-3.442637216636 
-3.897286858618 
-4.479375765014 
-5.447027899574 
-3.256267295865 
-2.751944895044 
-2.847011390101 
-3.131601515562 
-2.957840764643 
-3.608292287407 
-3.414386534897 
-3.560879781248 
-2.986280277446 
-2.915748967304 
-3.088900465024 
-2.959444205693 
-2.986990791350 
-2.892542879273 
-3.240993308794 
-4.202808578312 
-2.779457813066 
-2.837352061533 
-3.680388755084 
-3.656025104704 
-2.908248490350 
-2.367524429783 
-2.593271721885 
-2.745832965953 
-2.702170122006 
-2.594777491935 
-2.448480181324 
-3.161375406216 
-3.138355373418 
-3.771035992093 
-5.278340643551 
-4.677987977669 
-5.594101721369 
-4.353867129455 
-2.446570805887 
-3.009210232157 
-4.103807415446 
-4.599059695303 
-4.497225950987 
-3.700080348394 
-3.145999001183 
-2.966636423148 
-2.627724091884 
-2.722127461590 
-2.961505141443 
-3.057090178825 
-3.551562279545 
-3.385974087356 
-3.240015146669 
-3.275516086994 
-2.697812585595 
-2.747426613093 
-4.773542162428 
-4.388240007700 
-4.081703585954 
-3.828469794419 
-3.535611090463 
-3.711973186067 
-2.721310681219 
-2.557258987778 
-2.844630801513 
-2.914735117447 
-3.245421293581 
-2.545218126279 
-3.701524878697 
-3.679618957722 
-2.274484827911 
-2.289825997123 
-2.689806084886 
-2.884236261349 
-3.620514199891 
-3.257613413632 
-3.052614822267 
-3.439814259068 
-2.844226151154 
-2.584699818408 
-2.000128637725 
-2.580354456952 
-3.221708351197 
-3.046018971092 
-3.433044261412 
-2.934338402779 
-3.242877053099 
-3.783698141717 
-3.155900171004 
-3.112554461057 
-2.346367887209 
-2.617306686123 
-2.579170519132 
-2.505442523079 
-2.806979404926 
-2.215769682972 
-2.743654595181 
-3.588612691419 
-4.211323991786 
-3.539546739212 
-3.881688884273 
-3.492771412280 
-4.664709921443 
-2.714070875616 
-2.647823366799 
-3.123526339575 
-3.766313127242 
-3.606888011108 
-2.351795805647 
-2.399071967345 
-2.944881305432 
-2.271059519296 
-2.998957967422 
-2.626276702682 
-2.477101986517 
-2.572077915374 
-2.339809202293 
-1.957165505395 
-2.462834967594 
-3.313704208749 
-3.279531610665 
-2.873414460706 
-3.571462988411 
-4.324596832261 
-3.864374073471 
-4.293607291679 
-2.931473970429 
-3.332221109283 
-3.060746383250 
-3.108781372061 
-2.899085080800 
-2.697216730304 
-2.788719817828 
-3.046798947410 
-3.195963598725 
-3.123469349323 
-3.086181580170 
-3.287772999642 
-2.879038706377 
-2.872932170295 
-2.696351350787 
-2.579371257833 
-2.477972965845 
-3.022587554931 
-3.329505745349 
-2.483640921001 
-2.803649718424 
-2.746997858512 
-2.835449892825 
-2.438283722257 
-2.695711404909 
-2.765971520158 
-2.626815170172 
-3.275423612723 
-2.768306640522 
-2.401624106248 
-2.947376760503 
-4.212638461323 
-3.655672207074 
-2.967339197731 
-3.464241912486 
-3.714467044320 
-3.398972250796 
-2.822254243410 
-3.163002324254 
-2.674985890195 
-2.916501405615 
-3.491004265365 
-3.438006725577 
-3.381517510014 
-2.974480257974 
-3.483672058833 
-3.165913624827 
-2.318468233200 
-1.998133666784 
-2.502279778133 
-2.897195571370 
-2.715491389396 
-2.534861451608 
-1.970058683379 
-1.882086694035 
-2.605462807866 
-3.121728266901 
-3.036015499217 
-3.344563671442 
-2.473729713848 
-2.804708747547 
-3.238592623925 
-3.694902567156 
-3.248334368514 
-2.649081410584 
-2.771480345326 
-2.847970653209 
-3.641580852084 
-3.196946060254 
-3.967967963238 
-3.046111741260 
-3.706887368266 
-3.577859434614 
-2.692888991343 
-2.973181977969 
-3.024248790211 
-2.884330128998 
-2.599551115425 
-3.074256787310 
-3.038976719036 
-2.658087057770 
-4.384243969784 
-3.707305775994 
-2.981887319956 
-4.384018193388 
-4.164703033463 
-4.118142371639 
-3.817975702537 
-2.202559718772 
-2.205567391104 
-2.544591159342 
-2.383279963239 
-2.951881893511 
-2.790170495374 
-3.330805190324 
-3.106842498965 
-3.181256266067 
-3.217646886201 
-3.001944344124 
-2.740074460736 
-2.586405118520 
-2.916925988953 
-2.837321096292 
-3.032149017420 
-3.455442889113 
-3.762468104119 
-3.127172517987 
-2.947614280566 
-3.323482258821 
-3.610132315574 
-4.584826059404 
-4.064135796166 
-3.939571207764 
-3.499215314992 
-4.411170449425 
-3.120835798484 
-3.505953587771 
-3.526785150988 
-2.981121935302 
-3.760794238095 
-4.314914961201 
-3.598095342647 
-3.536204808524 
-3.453495620500 
-3.164599388417 
-2.696122785395 
-2.383628682331 
-3.143556958719 
-2.977454207950 
-3.558535511908 
-3.568529774842 
-2.450067830597 
-3.000759120236 
-3.146297992417 
-2.830192271823 
-2.473954774167 
-2.864547613764 
-2.893216488525 
-2.555683505877 
-2.919292032991 
-2.827868503573 
-3.175304169664 
-2.461890133178 
-2.961761842706 
-3.424268326718 
-3.428954808228 
-2.971237671325 
-2.913944698947 
-2.914578338732 
-2.779506542977 
-2.871124296101 
-3.492301279019 
-3.443139176987 
-3.123936956911 
-2.559058661706 
-2.391259513073 
-2.521893146702 
-2.919899571936 
-2.804905695634 
-2.455885162447 
-2.933554441079 
-3.161333619388 
-3.152644986855 
-2.415440236719 
-2.515641977278 
-2.362566168238 
-2.793621386860 
-2.884908984128 
-2.999730073292 
-2.373557128183 
-2.431872880397 
-2.669732699850 
-3.049405409609 
-3.181018338379 
-2.657703853671 
-2.773259886445 
-2.462050711513 
-2.514617529022 
-2.070198149787 
-2.795296072581 
-3.610971303047 
-3.703358503471 
-2.919627614358 
-2.703707810207 
-2.655310383051 
-2.494591517831 
-2.389497982285 
-3.936116887073 
-2.969823594889 
-3.047661375381 
-3.514275178983 
-5.281305766125 
-4.020616814862 
-3.147730899423 
-3.305678460541 
-3.177612780065 
-3.273090689973 
-2.379808533899 
-2.939783651332 
-3.581068698877 
-3.153138218693 
-2.734453368988 
-2.839841091537 
-3.457524477981 
-3.055519181040 
-3.033071508787 
-3.540323022527 
-2.186351664541 
-3.232111078815 
-2.748217042155 
-2.902419982239 
-2.507319396426 
-2.679085550664 
-3.075343547327 
-3.320363366272 
-3.171181055610 
-2.408024631882 
-2.522862962710 
-2.769192735583 
-2.997849736654 
-3.334230421360 
-3.469139361588 
-3.357154597567 
-2.953615501296 
-2.684129527441 
-3.403822659973 
-3.046582968656 
-3.450787127452 
-3.507603496718 
-4.644084910739 
-3.910456359774 
-3.835561440513 
-2.568945497646 
-2.315626696179 
-2.294236107499 
-2.732394967553 
-2.721375085367 
-3.348652307335 
-3.493161822235 
-4.508622427027 
-5.906188707660 
-4.633441635603 
-5.917694109475 
-4.343244521636 
-5.491142535510 
-5.403568750938 
-4.859358635865 
-4.263620316168 
-4.372384984120 
-4.098217760154 
-4.050589686012 
-3.671607062033 
-3.324418756153 
-3.033272172335 
-2.983810590813 
-2.485338707880 
-2.461068764850 
-3.116950411658 
-3.605665210447 
-3.481048668344 
-3.181950355545 
-3.399260535396 
-3.088258792492 
-2.770569055409 
-2.770348755727 
-3.197313098609 
-3.083699176987 
-2.775609850296 
-3.051620955773 
-2.951382570722 
-2.833520590067 
-3.356488157360 
-3.233871987589 
-2.955113507439 
-2.500414908670 
-2.650736815079 
-2.470261416257 
-3.022860076399 
-3.538796700449 
-3.338612218563 
-3.771886573815 
-3.253302748797 
-2.911869264351 
-3.304597450281 
-2.890874306892 
-3.422995848114 
-3.891157690244 
-2.883179450026 
-4.266105866380 
-4.652725687818 
-4.333968599307 
-2.610714900881 
-2.880066492504 
-2.787415351502 
-2.268501480393 
-3.136957991340 
-3.767213879177 
-5.122530437666 
-3.708822558142 
-2.937228906580 
-3.334733131539 
-3.027750468965 
-2.986942871777 
-3.321226976962 
-3.123956960922 
-4.344304969244 
-4.340230000249 
-4.455938242048 
-5.663103510249 
-2.185288266342 
-3.362887448139 
-3.443176985682 
-3.276940342251 
-3.023052104181 
-2.811250005445 
-3.209625132101 
-3.615797748843 
-3.501374423819 
-2.965194010076 
-3.103350336546 
-3.385434726221 
-3.607231223839 
-1.848905868449 
-2.885228426373 
-3.002714965773 
-2.674213103929 
-2.572570393441 
-2.186370278574 
-2.627134141561 
-2.670682172115 
-2.675344871574 
-2.666963463822 
-2.450949227380 
-2.509510975175 
-2.469152766418 
-2.108142333689 
-3.151456310031 
-3.778827873339 
-3.612556680647 
-3.128245233202 
-3.943105745839 
-3.024387755881 
-3.532974689602 
-3.295862816201 
-3.347216684460 
-3.689962821221 
-3.192645624726 
-3.450383983858 
-3.529659305502 
-4.241183972637 
-3.096190946993 
-2.407934295056 
-2.593479246673 
-2.377311383198 
-2.808108238884 
-2.466239108468 
-2.686882240745 
-2.720090073736 
-3.265004530074 
-3.095656720022 
-2.913596486216 
-3.606712437431 
-2.369248512135 
-3.151833528683 
-2.777592919311 
-3.116317189215 
-2.496440099383 
-2.356026369831 
-3.187488486587 
-3.300490635693 
-2.927606492343 
-2.953326594670 
-2.477770959983 
-3.031495715035 
-4.036684064428 
-2.636896055249 
-2.536371629586 
-3.107877548242 
-3.021939210210 
-2.765575201729 
-2.653160677942 
-2.860274638912 
-2.800325401140 
-2.797432710171 
-1.957396331520 
-2.734284262181 
-2.256642667713 
-4.269835670223 
-3.428067644351 
-3.576865497571 
-4.224790260165 
-3.786844335296 
-3.920046082468 
-3.642910474212 
-3.474367075789 
-3.276358982633 
-2.969534179033 
-2.449436705844 
-2.709004417636 
-2.469781946417 
-2.534256037177 
-2.427880994677 
-2.367332730408 
-2.497071663874 
-3.443549375125 
-3.939355373774 
-3.834484816343 
-3.222398152805 
-3.309305827804 
-4.116715269971 
-3.354186084902 
-3.277139701377 
-2.595309300705 
-2.280824898106 
-2.656918827551 
-3.238442022510 
-3.491742796994 
-4.296488887580 
-3.509671223220 
-2.906914917517 
-2.546820880501 
-2.232375924021 
-2.821717350167 
-3.485978250603 
-3.514094831526 
-2.903664556798 
-3.402311207689 
-3.922691296556 
-4.173502702061 
-4.289383168662 
-4.765610217100 
-4.379266809517 
-4.373483048765 
-4.618177015608 
-3.898011012495 
-3.126483826283 
-2.266499955181 
-2.620498084433 
-2.851968974023 
-2.703007775461 
-2.796470915685 
-3.488298341166 
-2.279226391152 
-3.709779799707 
-3.262208822051 
-2.985292378942 
-4.089758845270 
-4.083237580954 
-4.649111231656 
-3.878022242983 
-5.007297388379 
-4.140945739598 
-2.441197491619 
-2.573122871882 
-2.782738716492 
-2.929548718107 
-2.845092347537 
-2.902828435021 
-3.141147849177 
-3.240775599054 
-3.529513012036 
-3.460139694416 
-3.215249946450 
-3.206185783008 
-2.782659525084 
-3.248864198472 
-3.421031663636 
-3.411295422116 
-4.442611810202 
-5.193571355707 
-3.184910747015 
-2.855357676420 
-2.783177430263 
-3.713259718241 
-3.225141009430 
-2.977048308973 
-3.340698414094 
-4.351179589533 
-3.627671748613 
-3.977159328192 
-2.475633600758 
-3.195734540362 
-3.192514721057 
-2.648234303026 
-3.081729546092 
-3.316598208201 
-3.558418463203 
-3.754382618600 
-2.908507396403 
-3.034920385610 
-3.274690813969 
-3.059472413318 
-3.240018918108 
-2.702797566397 
-2.432197091168 
-2.637636797685 
-2.728493134564 
-2.814936691538 
-3.407886313380 
-3.030170752953 
-2.191998246717 
-3.238015121480 
-3.774243701545 
-3.369571158268 
-2.625937943017 
-2.348089275100 
-2.291115043689 
-2.844596862337 
-3.254104151950 
-2.856188870117 
-2.922099513952 
-2.806551217185 
-3.300269638270 
-3.163281401310 
-3.278620008128 
-3.011027723730 
-2.614292726028 
-3.206467152573 
-3.125164831720 
-2.884472086350 
-3.216597201001 
-2.989098638910 
-3.705898543450 
-2.956738696786 
-3.195690299128 
-2.863197279867 
-3.364667266993 
-3.616164978669 
-2.699018684729 
-2.737528207582 
-3.306256529603 
-3.351431941908 
-2.838340989968 
-2.233713992486 
-2.797626294956 
-3.067018914050 
-3.253105243349 
-2.481816292455 
-2.551150084254 
-3.055463004198 
-3.750265202781 
-3.925504155195 
-3.048840564509 
-3.726183150892 
-3.292655803412 
-3.204065039137 
-2.784312088178 
-4.973067845495 
-3.946634514942 
-3.556724148705 
-4.219168987494 
-3.789311398933 
-3.146159566463 
-2.632274380861 
-2.518058892119 
-2.375643617379 
-2.964811165796 
-2.447098109067 
-2.792328120619 
-3.681139154382 
-3.992882702319 
-3.820749438767 
-3.540020599495 
-3.727199118060 
-4.034572979013 
-3.442254041714 
-3.276143740139 
-2.743082025220 
-3.465654809671 
-3.173349399206 
-3.255094501979 
-3.273664750405 
-3.738088841029 
-2.599863230705 
-2.434553630789 
-2.810406362541 
-3.062943959182 
-3.584615792962 
-3.451900810697 
-3.505823718418 
-2.954669493735 
-3.801024923013 
-3.451673915418 
-2.905687637126 
-3.393102354884 
-2.679576701736 
-3.455483806423 
-3.740621886857 
-3.147391845352 
-3.561904146261 
-4.088318666147 
-4.483353583732 
-4.369041749570 
-4.184515930664 
-4.060450160233 
-3.955132707391 
-3.423485383204 
-2.965845618029 
-2.774718328501 
-3.008541585088 
-3.225596810235 
-3.135768180756 
-3.151460216200 
-4.236768417972 
-3.099497406877 
-3.313223690651 
-2.797237245262 
-3.025366469000 
-2.754986248445 
-2.954984528390 
-2.831410386711 
-3.738059122781 
-2.839255295012 
-3.603557684873 
-3.340883555693 
-3.094717193041 
-2.717121338546 
-3.079767953008 
-3.059432273051 
-3.114605494090 
-2.678538198702 
-2.814468991231 
-2.245639711246 
-2.673062344359 
-2.783439170613 
-2.143251323780 
-2.840087133601 
-3.255931049741 
-3.451834762918 
-3.253807521597 
-3.730245910835 
-3.449676666787 
-2.836151096630 
-3.166734519006 
-3.152253717766 
-3.666407441779 
-3.630775662734 
-3.864271766153 
-3.579135137419 
-3.820194300381 
-3.498278692885 
-3.082147449843 
-2.549423543676 
-2.095116112706 
-2.525420868220 
-2.486776562722 
-2.407719009152 
-3.263427288690 
-3.385175355051 
-3.800919205970 
-3.259698661552 
-2.335998172816 
-2.086808764172 
-2.232294854591 
-2.288475709527 
-2.136256390966 
-2.521777597424 
-4.565905125915 
-3.041836177020 
-3.338911373190 
-2.972534882068 
-3.524837926917 
-3.614938841742 
-3.380158180997 
-3.606974295173 
-4.252532080147 
-3.667523513795 
-3.378401008061 
-3.509871388855 
-3.428743760279 
-3.808073164175 
-3.473689765890 
-3.483229516699 
-4.342710893942 
-3.324861648780 
-4.579296428194 
-4.501752128004 
-3.650175628658 
-3.178078021658 
-3.137184819423 
-3.283067264974 
-4.177627242906 
-3.225753707828 
-2.978332427870 
-3.086805645691 
-3.269748005824 
-3.735913396001 
-4.115900511633 
-2.891379287782 
-3.040560773653 
-2.693165427322 
-2.948617188616 
-3.094046759890 
-2.453587334272 
-2.492665785879 
-2.320852148330 
-2.580764997663 
-3.795160633616 
-4.386017749117 
-3.554605258581 
-3.272165817560 
-3.452846139349 
-3.189323402851 
-3.333150451951 
-3.222247356860 
-2.703996172268 
-3.154577785341 
-2.611168756799 
-2.591967069107 
-2.188648504895 
-2.740710265029 
-3.053566021118 
-3.442638125105 
-3.484226585293 
-3.480513318628 
-3.968685678098 
-2.917162058174 
-2.734439731390 
-2.896688163315 
-3.533782602804 
-3.658729084050 
-4.342957109648 
-5.569701772385 
-3.915534901664 
-3.016291672718 
-2.867830750725 
-3.324013476936 
-3.320564095991 
-3.158167449571 
-2.608214841647 
-2.423589982186 
-2.482451446830 
-3.005096865679 
-2.998621559444 
-2.579122281606 
-2.949420552078 
-3.539102265346 
-3.470161890505 
-3.346617353232 
-3.524409101436 
-3.784755960652 
-3.564711961974 
-2.372890416855 
-2.748972515565 
-2.747927420349 
-2.874539280705 
-2.952508205790 
-2.667285802574 
-2.667659008583 
-3.422768643533 
-3.531602440500 
-3.765348855487 
-3.294477849560 
-3.622123735445 
-3.697856165415 
-3.581749975327 
-4.039913648520 
-3.551174139447 
-3.049704476824 
-3.978929934804 
-4.299196840792 
-4.810714735230 
-4.005370737656 
-3.855233030535 
-3.668578777796 
-3.287548460165 
-3.211367989745 
-3.140280211761 
-2.956886814435 
-2.754379535428 
-2.215166008374 
-3.088799219758 
-3.446973098607 
-3.432975497276 
-2.893206870690 
-3.437984265591 
-3.409149121092 
-3.121282671188 
-2.754823988864 
-3.456825478102 
-3.649555121927 
-3.238790775638 
-2.941921828866 
-3.192146929326 
-3.054012085384 
-3.284693917326 
-3.562378839628 
-2.776859078985 
-2.977671684023 
-2.998476052262 
-3.048025525831 
-2.518450806779 
-2.654972287073 
-3.873920707593 
-3.093332071198 
-3.107445453734 
-2.664221560271 
-2.606177023238 
-2.948304345931 
-4.914062568870 
-4.020982915659 
-4.186834576609 
-2.990093789355 
-2.485096666302 
-2.921981998006 
-3.005464506641 
-3.706810220732 
-3.659354134606 
-4.019566159244 
-4.345014288785 
-3.885882278616 
-4.273693347551 
-4.059689693170 
-4.335956439977 
-3.344728105925 
-3.611938973662 
-4.854437994126 
-3.473694303898 
-3.419234783283 
-2.575461017702 
-2.943473309169 
-3.852581446299 
-3.039579733178 
-2.891488198312 
-3.422047326958 
-3.911605850223 
-4.095372636427 
-2.621716492789 
-2.649627917603 
-3.014746705373 
-2.820737695097 
-2.685782705668 
-3.596270205680 
-3.168677444257 
-2.234086976423 
-2.536622761228 
-2.659822663812 
-2.983916601004 
-3.396948712717 
-3.134845328487 
-3.384398112724 
-3.413743648876 
-3.406234096957 
-4.044273886391 
-4.025333415307 
-3.677985952420 
-4.226584897784 
-3.563518277120 
-3.724146619693 
-2.809836645044 
-2.874164858462 
-2.321721998053 
-3.109446532806 
-3.054561135376 
-4.395113785350 
-3.947364969239 
-3.680071376417 
-3.640103403071 
-3.274686646049 
-3.159044939921 
-2.986247072372 
-3.074592467932 
-3.139975599204 
-3.677805679208 
-3.066497238720 
-3.616804152283 
-3.865708607767 
-3.233170598003 
-3.237464682429 
-3.025452374919 
-5.278574086691 
-3.500459888783 
-2.520874761876 
-2.331064406950 
-2.505390734697 
-2.994794968626 
-3.858947729368 
-3.222202298524 
-3.336758114056 
-3.467186394823 
-2.895163801399 
-3.137221471053 
-3.144249046386 
-3.161229816358 
-2.721650872777 
-2.924533881865 
-2.813634057109 
-3.059459182502 
-2.927808513967 
-3.794566053145 
-3.730168039542 
-3.719857194058 
-3.646452696469 
-3.445876906874 
-3.516504817248 
-3.813959180367 
-2.919311910465 
-3.739001350552 
-3.154360520604 
-3.527493170784 
-3.391858471187 
-2.657621557866 
-2.921000696256 
-2.805638259608 
-3.027699890011 
-2.755784442047 
-2.394090421575 
-3.506699868515 
-2.951489071920 
-3.157127924617 
-3.562874406306 
-3.918177754291 
-2.721686067898 
-2.780493650136 
-2.569873549667 
-2.998959214895 
-2.473443489435 
-2.788557204691 
-2.212594466095 
-2.863992835018 
-3.194216473940 
-2.911011066558 
-3.219483810425 
-3.260892131999 
-3.417780935277 
-3.340085890578 
-3.273834613991 
-2.846222710082 
-3.459292663252 
-3.470128317876 
-3.324610415428 
-2.737621335239 
-2.963799038507 
-3.299655502670 
-3.230804181928 
-3.442232909517 
-3.653189407373 
-3.773952578561 
-3.430012547504 
-3.205003223122 
-3.352931353416 
-3.763208910626 
-2.698337440895 
-2.520324851746 
-2.427820331914 
-2.640882118753 
-2.913983590534 
-2.852042068949 
-2.903216456259 
-2.742279130135 
-2.713396088338 
-2.741041964034 
-3.196845904552 
-3.192344883803 
-4.327773969996 
-4.247021953561 
-4.085298600830 
-4.003140900765 
-3.166347339810 
-4.039868181938 
-3.164181846305 
-2.766668400467 
-2.776564406632 
-2.609796277817 
-2.612681172259 
-2.570046284814 
-2.247316553308 
-2.838641061220 
-2.794152061474 
-3.047719703510 
-2.727417902228 
-2.907487289061 
-2.806080127805 
-3.541336496380 
-3.312067361319 
-3.220459123679 
-3.493139602300 
-3.643950822568 
-3.425592438057 
-3.310034005407 
-3.450333592758 
-3.520914540481 
-3.713421328193 
-2.983674865126 
-3.269267997943 
-3.123380097241 
-3.029456095503 
-2.882057271534 
-2.850433967184 
-3.244652550094 
-2.603176404404 
-2.907468164402 
-2.961530325755 
-2.607795919581 
-3.390390950209 
-3.127421991411 
-3.107115056917 
-2.857785666005 
-2.563756779809 
-2.356868012871 
-2.862359382437 
-2.745365273930 
-2.909411498487 
-2.315366675902 
-2.709557634275 
-2.675953104794 
-3.878592611448 
-3.595205833469 
-3.238872247077 
-2.543467876905 
-2.537633586396 
-3.217631225949 
-3.197947159069 
-3.098505289829 
-3.400890000228 
-2.663802280943 
-2.247568574239 
-2.452729389556 
-2.624924399478 
-2.351470025388 
-2.330676333303 
-2.671366858993 
-2.681070891633 
-2.947908230964 
-3.712414565442 
-3.514496685050 
-3.793589738811 
-3.372118415030 
-3.773559095558 
-3.891102463926 
-2.961741918456 
-3.003716718935 
-2.950560580836 
-2.489128786920 
-3.150178357794 
-3.174354387615 
-3.838383635981 
-3.448207688446 
-3.760984972597 
-2.911383517326 
-3.960678916051 
-3.807394436615 
-2.236455550109 
-3.047917057655 
-3.231803708314 
-2.899176379565 
-2.570593446338 
-3.723553186065 
-3.655609569813 
-2.302686226609 
-2.786477013293 
-3.566231757890 
-3.210029543153 
-3.302321564604 
-3.041845814843 
-2.734548159296 
-2.895499038112 
-2.618233641699 
-3.131151012767 
-3.221462616042 
-2.904330809894 
-3.555249232068 
-2.878605591782 
-2.769230941005 
-3.293856695982 
-3.063804351046 
-3.308971950096 
-3.370799815702 
-3.226544838891 
-3.529769022159 
-3.385100240871 
-3.582948865684 
-2.278223941520 
-3.062625996793 
-2.754583831839 
-2.886355527439 
-2.432217769884 
-2.631406461896 
-2.913116673159 
-3.260422781637 
-3.438918000282 
-3.331772294783 
-2.847783418954 
-3.039113130525 
-2.884416694156 
-2.483072918171 
-2.298443250860 
-2.199299674731 
-1.894345074097 
-2.066765803402 
-2.687932652478 
-2.600067022509 
-2.844839191516 
-3.054794073597 
-2.604718530872 
-2.755889511306 
-3.008954174091 
-3.286608518991 
-2.364773031657 
-2.255093444438 
-2.558068155297 
-3.247254550436 
-2.612872646724 
-2.473123665100 
-2.385910480768 
-2.900244031760 
-2.546548868876 
-2.338701028626 
-2.902530927098 
-3.086575247322 
-2.822742089752 
-2.839169286715 
-3.118288981335 
-3.202062872007 
-2.971811621914 
-2.789837557768 
-2.527890125691 
-2.501601640718 
-2.142605414123 
-2.497836872154 
-4.516487482532 
-4.503382001145 
-3.536667534379 
-3.652639878173 
-3.225140094580 
-2.482908741701 
-3.329144163402 
-3.446649447723 
-2.692387886164 
-2.733193174717 
-3.401382002195 
-3.553393219250 
-3.561908210491 
-3.051722042579 
-4.079048892838 
-3.726745760081 
-3.168710229010 
-2.876598528457 
-2.338473129789 
-2.549737816301 
-3.066688017629 
-3.022491064817 
-3.728005181441 
-2.631671855908 
-3.215060722343 
-3.154329165452 
-2.893590693385 
-3.025134145103 
-3.478687580094 
-3.336401906601 
-3.614253438545 
-2.939099942993 
-3.125723550317 
-2.879200693469 
-2.580997320968 
-3.570748511542 
-3.408700541337 
-3.600199714305 
-3.676120930519 
-3.844988896618 
-3.301441213739 
-3.002726975921 
-3.968522224465 
-4.319946448520 
-5.286742823916 
-5.695096703693 
-6.150702891817 
-6.083384286277 
-4.289099332949 
-3.808590253003 
-3.586801949198 
-3.953689624869 
-4.696875367655 
-4.121285934073 
-3.896308673280 
-4.029535893966 
-3.766581266899 
-2.730089475243 
-2.683504887330 
-2.820622222989 
-2.674429143336 
-3.265542848121 
-3.418267936188 
-4.002839852074 
-3.607210297279 
-3.250360595397 
-4.072641805963 
-3.117562513522 
-2.123322938123 
-2.664011020566 
-2.234126925885 
-2.262188816585 
-2.568404968734 
-3.165472584390 
-2.874664350029 
-3.436210800577 
-3.163787954796 
-3.160991613149 
-2.406453182040 
-2.962108798386 
-2.854206777019 
-2.979867540672 
-2.819072134603 
-3.165150993388 
-4.813161556331 
-3.940285796375 
-4.372555869199 
-3.267739992955 
-3.111766523252 
-2.972547998113 
-2.364461503455 
-2.690035243718 
-3.004941409292 
-3.325868899047 
-3.749559646264 
-3.336403148688 
-4.361608437939 
-2.997768058654 
-3.545309247172 
-3.154907299635 
-2.745651084458 
-2.987029624394 
-3.052651150489 
-2.781337728459 
-3.235043888765 
-3.172205335914 
-3.834511618206 
-4.097486665989 
-3.444031993860 
-3.901051411121 
-3.933200632637 
-4.019467510374 
-2.806414025008 
-2.972706925959 
-3.333816972334 
-2.552269014342 
-3.280224348776 
-3.240105661514 
-3.619118594244 
-3.734586425368 
-3.856330146694 
-1.988545838845 
-3.074312655286 
-2.605852910423 
-3.065483659740 
-3.146128963075 
-2.997773271676 
-3.064428518027 
-2.958207648914 
-3.484168451293 
-2.828748265870 
-3.100122699443 
-3.797946602131 
-3.120897126691 
-2.228831861546 
-3.953340955629 
-3.912212778138 
-3.769436664984 
-3.483116698213 
-2.942596544134 
-3.053593011448 
-2.581035292538 
-2.987273605496 
-4.155217158226 
-3.575486138619 
-2.618906968460 
-2.573494580432 
-2.985779377706 
-2.955987504889 
-3.554456021073 
-2.634865240841 
-2.601397952166 
-2.070607821259 
-2.337471298702 
-2.734855931831 
-3.279124320614 
-3.292096362075 
-3.508796477943 
-3.520580029335 
-4.213954607545 
-3.957611108924 
-3.449556877286 
-3.553491753589 
-3.153388783152 
-3.027039428527 
-2.913570089490 
-4.101739344408 
-3.556771102849 
-3.463997550106 
-3.622289930578 
-2.874939339065 
-2.698990179314 
-2.651189638262 
-2.266604692374 
-2.756280847102 
-2.517247089231 
-2.606850318843 
-2.229434560041 
-2.493517964255 
-2.461493237825 
-2.523605637215 
-2.641131667647 
-2.723903865420 
-4.002370749724 
-3.394963398457 
-3.654010019518 
-3.495702119057 
-3.024539353448 
-3.303740110023 
-3.013011493807 
-3.283167864213 
-2.866553096665 
-3.085049108394 
-3.201023177460 
-3.667154776768 
-2.968791808261 
-2.855963030124 
-2.660702234556 
-3.518625801263 
-2.490041122196 
-6.175961115933 
-3.908983382575 
-4.010885372727 
-3.334104148181 
-3.357798605234 
-2.120544666269 
-2.653041226990 
-2.360105665820 
-2.390352893108 
-2.233503724891 
-2.858593939178 
-2.956859177948 
-3.251768313486 
-2.858207030109 
-2.659892112187 
-3.031269534799 
-2.720121242167 
-2.803717483150 
-2.425846382979 
-2.381162405441 
-2.606317686019 
-3.421439665294 
-3.316359024457 
-2.655493288646 
-2.362100576888 
-2.810350354963 
-2.795857410543 
-2.888932630698 
-3.569854675237 
-3.709070593383 
-3.274431755773 
-3.283705098822 
-3.330485601657 
-2.555980866827 
-2.223699033423 
-4.114587669053 
-3.573722974424 
-3.127830551517 
-2.517729720186 
-4.046398711311 
-4.113617004973 
-3.575323590819 
-2.736831892977 
-2.713203578993 
-2.764407333684 
-2.370502519682 
-2.848023074599 
-2.850237257593 
-2.901992305981 
-3.004561284766 
-2.356848054943 
-3.564211505629 
-4.014579626873 
-4.060034275374 
-3.830279986886 
-3.932872713781 
-3.731400169563 
-4.030657840148 
-3.860162688307 
-3.759345419537 
-3.768195732831 
-3.607572792689 
-3.148047253626 
-2.773617457544 
-2.371775820906 
-2.288011350542 
-3.422662104881 
-3.265218469782 
-2.967416252570 
-2.712606692267 
-3.488799690732 
-3.697455185536 
-3.636763767681 
-3.364784053199 
-3.568799654902 
-4.037559808131 
-3.875099743120 
-3.464575283523 
-3.286932926368 
-3.041675406302 
-2.903003793202 
-3.009461965114 
-2.254159843943 
-3.586422852347 
-2.662777843889 
-3.720526150311 
-3.696893917644 
-3.351337259227 
-3.601497821634 
-4.238651467770 
-3.239224712172 
-3.646559885638 
-3.227168106089 
-3.055624930212 
-3.258455624947 
-2.662876683442 
-2.657144033297 
-3.052675063402 
-3.152575534232 
-3.212550249595 
-3.375477646654 
-3.631771154637 
-4.112392721363 
-3.751395538743 
-2.534178167703 
-2.592902699790 
-3.186543523944 
-3.035912304939 
-3.061972595183 
-2.502195147709 
-2.963423112044 
-2.943764161483 
-3.410224660008 
-3.307623547657 
-3.435007749879 
-3.620231513226 
-3.819319874972 
-4.323229425518 
-3.664401352490 
-3.981376179975 
-4.049529096129 
-3.813203442371 
-3.637511381963 
-3.978106263501 
-3.445553771716 
-4.004873570956 
-3.888327770787 
-3.680656655008 
-3.742176460239 
-3.010363792278 
