
:::---::: PyORBIT v11.0.1 :::---:::

Python version in use:
3.10.18 (main, Jun  5 2025, 13:14:17) [GCC 11.2.0]

reloaded_optimize:  False
reloaded_pyde:  False
reloaded_emcee:  False

number of multiprocessing threads: 16
multiprocessing method (should be fork):  fork

parameters/safe_reload flag (must be True for tinygp):  False

Opening:  RVdata
Opening:  BISdata
Opening:  FWHMdata

Adding common model of planet:  b
Adding common model of planet:  c
Adding common model of planet:  d
Using orbital model:  keplerian
Using orbital parametrization:  Eastman2013

Using orbital model:  keplerian
Using orbital parametrization:  Eastman2013

Using orbital model:  keplerian
Using orbital parametrization:  Eastman2013

gp_multidimensional  S+LEAF model, number of harmonics: 4

GP model: gp_multidimensional  hyperparameters_condition:    True
GP model: gp_multidimensional  rotation_decay_condition:     True

====================================================================================================
     Ids, spaces (s), boundaries (b) and priors (p) of the sampler parameters     
====================================================================================================

----- dataset:  RVdata
jitter_0      id:  18  s:Linear      b:[      0.0009,      14.4000]   p:Uniform   []
offset_0      id:  19  s:Linear      b:[  -9996.1930,   10016.9830]   p:Uniform   []
offset_1      id:  20  s:Linear      b:[  -9996.1930,   10016.9830]   p:Uniform   []
offset_2      id:  21  s:Linear      b:[  -9996.1930,   10016.9830]   p:Uniform   []
offset_3      id:  22  s:Linear      b:[  -9996.1930,   10016.9830]   p:Uniform   []

----- dataset: RVdata                    ----- model: gp_multidimensional           
rot_amp       id:  23  s:Linear      b:[      0.0000,      10.0000]   p:Uniform   []
con_amp       id:  24  s:Linear      b:[    -20.0000,      20.0000]   p:Uniform   []

----- dataset:  BISdata
jitter_0      id:  25  s:Linear      b:[      0.0095,      95.0000]   p:Uniform   []
offset_0      id:  26  s:Linear      b:[ -10079.3333,    9959.9833]   p:Uniform   []
offset_1      id:  27  s:Linear      b:[ -10079.3333,    9959.9833]   p:Uniform   []
offset_2      id:  28  s:Linear      b:[ -10079.3333,    9959.9833]   p:Uniform   []
offset_3      id:  29  s:Linear      b:[ -10079.3333,    9959.9833]   p:Uniform   []

----- dataset: BISdata                   ----- model: gp_multidimensional           
rot_amp       id:  30  s:Linear      b:[    -10.0000,      10.0000]   p:Uniform   []
con_amp       id:  31  s:Linear      b:[    -20.0000,      20.0000]   p:Uniform   []

----- dataset:  FWHMdata
jitter_0      id:  32  s:Linear      b:[      0.0500,     500.0000]   p:Uniform   []
offset_0      id:  33  s:Linear      b:[  -3319.7953,   16947.8039]   p:Uniform   []
offset_1      id:  34  s:Linear      b:[  -3319.7953,   16947.8039]   p:Uniform   []
offset_2      id:  35  s:Linear      b:[  -3319.7953,   16947.8039]   p:Uniform   []
offset_3      id:  36  s:Linear      b:[  -3319.7953,   16947.8039]   p:Uniform   []

----- dataset: FWHMdata                  ----- model: gp_multidimensional           
rot_amp       id:  37  s:Linear      b:[    -10.0000,      10.0000]   p:Uniform   []
con_amp       id:  38  s:Linear      b:[    -20.0000,      20.0000]   p:Uniform   []

----- common model:  b
P             id:   0  s:Log_Base2   b:[      0.3785,       6.6439]   p:Uniform   []
K             id:   1  s:Log_Base2   b:[     -9.9658,       3.3219]   p:Uniform   []
sre_coso      id:   2  s:Linear      b:[     -1.0000,       1.0000]   p:Uniform   []
sre_sino      id:   3  s:Linear      b:[     -1.0000,       1.0000]   p:Uniform   []
mean_long     id:   4  s:Linear      b:[      0.0000,     360.0000]   p:Uniform   []
e             derived (no id, space, bound)                           p:Gaussian   [0.    0.098]
omega         derived (no id, space, bound)                           p:Uniform   [0.0, 360.0]

----- common model:  c
P             id:   5  s:Log_Base2   b:[      0.3785,       6.6439]   p:Uniform   []
K             id:   6  s:Log_Base2   b:[     -9.9658,       3.3219]   p:Uniform   []
sre_coso      id:   7  s:Linear      b:[     -1.0000,       1.0000]   p:Uniform   []
sre_sino      id:   8  s:Linear      b:[     -1.0000,       1.0000]   p:Uniform   []
mean_long     id:   9  s:Linear      b:[      0.0000,     360.0000]   p:Uniform   []
e             derived (no id, space, bound)                           p:Gaussian   [0.    0.098]
omega         derived (no id, space, bound)                           p:Uniform   [0.0, 360.0]

----- common model:  d
P             id:  10  s:Log_Base2   b:[      0.3785,       6.6439]   p:Uniform   []
K             id:  11  s:Log_Base2   b:[     -9.9658,       3.3219]   p:Uniform   []
sre_coso      id:  12  s:Linear      b:[     -1.0000,       1.0000]   p:Uniform   []
sre_sino      id:  13  s:Linear      b:[     -1.0000,       1.0000]   p:Uniform   []
mean_long     id:  14  s:Linear      b:[      0.0000,     360.0000]   p:Uniform   []
e             derived (no id, space, bound)                           p:Gaussian   [0.    0.098]
omega         derived (no id, space, bound)                           p:Uniform   [0.0, 360.0]

----- common model:  activity
Prot          id:  15  s:Linear      b:[     20.0000,      35.0000]   p:Gaussian   [28.   0.5]
Pdec          id:  16  s:Linear      b:[     30.0000,    1000.0000]   p:Uniform   []
Oamp          id:  17  s:Log_Base2   b:[     -6.6439,       0.0000]   p:Gaussian   [0.35  0.035]

----- common model:  star_parameters
mass          derived (no id, space, bound)                           p:Gaussian   [1.e+00 1.e-06]
radius        derived (no id, space, bound)                           p:Gaussian   [1.e+00 1.e-06]
density       derived (no id, space, bound)                           p:Gaussian   [1.e+00 1.e-06]

Include priors:  True

Reference Time Tref:  59334.700184

Dimensions =  39
Nwalkers =  156

Using threading pool for PyDE: True
PyDE running
Boundaries redefined after PyDE output
PyDE completed, it took        150.0 seconds

====================================================================================================
     Starting point of the sample/optimization routines    
====================================================================================================

----- dataset:  RVdata
jitter_0        18      1.093998 [    0.0009,    14.4000]
offset_0        19      9.203172 [-9996.1930, 10016.9830]
offset_1        20     10.218571 [-9996.1930, 10016.9830]
offset_2        21     10.136867 [-9996.1930, 10016.9830]
offset_3        22     10.157329 [-9996.1930, 10016.9830]

----- dataset: RVdata                    ----- model: gp_multidimensional           
rot_amp         23      8.629824 [    0.0000,    10.0000]
con_amp         24      0.363577 [  -20.0000,    20.0000]

----- dataset:  BISdata
jitter_0        25      1.951414 [    0.0095,    95.0000]
offset_0        26    -74.569321 [-10079.3333,  9959.9833]
offset_1        27    -44.775873 [-10079.3333,  9959.9833]
offset_2        28    -52.860041 [-10079.3333,  9959.9833]
offset_3        29    -59.836272 [-10079.3333,  9959.9833]

----- dataset: BISdata                   ----- model: gp_multidimensional           
rot_amp         30     -0.035663 [  -10.0000,    10.0000]
con_amp         31      0.072441 [  -20.0000,    20.0000]

----- dataset:  FWHMdata
jitter_0        32      0.052110 [    0.0500,   500.0000]
offset_0        33   6693.043573 [-3319.7953, 16947.8039]
offset_1        34   6939.241548 [-3319.7953, 16947.8039]
offset_2        35   6857.561114 [-3319.7953, 16947.8039]
offset_3        36   6896.368702 [-3319.7953, 16947.8039]

----- dataset: FWHMdata                  ----- model: gp_multidimensional           
rot_amp         37     -1.556438 [  -10.0000,    10.0000]
con_amp         38     -2.758359 [  -20.0000,    20.0000]

----- common model:  b
P                0      6.077896 [    0.3785,     6.6439]
K                1      0.368323 [   -9.9658,     3.3219]
sre_coso         2      0.102830 [   -1.0000,     1.0000]
sre_sino         3      0.149052 [   -1.0000,     1.0000]
mean_long        4    288.305811 [  108.3058,   468.3058]

----- common model:  c
P                5      0.394748 [    0.3785,     6.6439]
K                6     -0.667998 [   -9.9658,     3.3219]
sre_coso         7      0.003085 [   -1.0000,     1.0000]
sre_sino         8      0.397347 [   -1.0000,     1.0000]
mean_long        9      9.771495 [ -170.2285,   189.7715]

----- common model:  d
P               10      0.543020 [    0.3785,     6.6439]
K               11     -0.704610 [   -9.9658,     3.3219]
sre_coso        12      0.340280 [   -1.0000,     1.0000]
sre_sino        13      0.213257 [   -1.0000,     1.0000]
mean_long       14     99.119078 [  -80.8809,   279.1191]

----- common model:  activity
Prot            15     28.301833 [   20.0000,    35.0000]
Pdec            16     30.005066 [   30.0000,  1000.0000]
Oamp            17     -1.234646 [   -6.6439,     0.0000]

----- common model:  star_parameters

====================================================================================================
     Starting point projected onto the model parameter space     
====================================================================================================

----- dataset:  RVdata
jitter_0              1.093998 
offset_0              9.203172 
offset_1             10.218571 
offset_2             10.136867 
offset_3             10.157329 


----- dataset: RVdata                    ----- model: gp_multidimensional           
rot_amp               8.629824 
con_amp               0.363577 

----- dataset:  BISdata
jitter_0              1.951414 
offset_0            -74.569321 
offset_1            -44.775873 
offset_2            -52.860041 
offset_3            -59.836272 


----- dataset: BISdata                   ----- model: gp_multidimensional           
rot_amp              -0.035663 
con_amp               0.072441 

----- dataset:  FWHMdata
jitter_0              0.052110 
offset_0           6693.043573 
offset_1           6939.241548 
offset_2           6857.561114 
offset_3           6896.368702 


----- dataset: FWHMdata                  ----- model: gp_multidimensional           
rot_amp              -1.556438 
con_amp              -2.758359 

----- common model:  b
P                    67.550562 
K                     1.290851 
mean_long           288.305811 
e                     0.032791 
omega                55.398441 

----- common model:  c
P                     1.314713 
K                     0.629379 
mean_long             9.771495 
e                     0.157894 
omega                89.555188 

----- common model:  d
P                     1.457019 
K                     0.613608 
mean_long            99.119078 
e                     0.161269 
omega                32.075795 

----- common model:  activity
Prot                 28.301833 
Pdec                 30.005066 
Oamp                  0.424947 

----- common model:  star_parameters

====================================================================================================
     Derived parameters obtained from starting point     
====================================================================================================

----- common model:  b
Inclination fixed to 90 deg!
a_Rs                 69.769987 
M_Mj                  0.025848 
M_Me                  8.216903 
Tc                59364.648158 
a_AU_(M)              0.324606 
a_AU_(rho,R)          0.324603 

----- common model:  c
Inclination fixed to 90 deg!
a_Rs                  5.048197 
M_Mj                  0.003349 
M_Me                  1.064694 
Tc                59334.992719 
a_AU_(M)              0.023487 
a_AU_(rho,R)          0.023487 

----- common model:  d
Inclination fixed to 90 deg!
a_Rs                  5.406210 
M_Mj                  0.003377 
M_Me                  1.073595 
Tc                59336.060955 
a_AU_(M)              0.025152 
a_AU_(rho,R)          0.025152 


====================================================================================================
     Statistics on the log-likelihood     
====================================================================================================

 LN probability: -2327.425273 

====================================================================================================
     ------------------------------------------------------------------------------------------     
====================================================================================================



*************************************************************

Running emcee

emcee version:  3.1.6
Using threading pool for emcee: True

Saving temporary steps


Computing the autocorrelation time of the chains

***** WARNING ******
The integrated autocorrelation time cannot be reliably estimated
likely the chains are too short, and ACF analysis is not fully reliable
emcee.autocorr.integrated_time tolerance lowered to 20
If you still get a warning, you should drop these results entirely
Chains too short to apply convergence criteria
They should be at least 400*nthin = 60000

====================================================================================================
     Statistics on the posterior of the sampler parameters     
====================================================================================================

----- dataset:  RVdata
jitter_0        18         1.133       -0.048        0.050   (15-84 p)   [    0.0009,    14.4000]
offset_0        19          9.31        -0.30         0.37   (15-84 p)   [-9996.1930, 10016.9830]
offset_1        20         10.38        -0.40         0.45   (15-84 p)   [-9996.1930, 10016.9830]
offset_2        21         10.26        -0.31         0.37   (15-84 p)   [-9996.1930, 10016.9830]
offset_3        22         10.25        -0.31         0.38   (15-84 p)   [-9996.1930, 10016.9830]

----- dataset: RVdata                    ----- model: gp_multidimensional           
rot_amp         23          9.19        -0.97         0.59   (15-84 p)   [    0.0000,    10.0000]
con_amp         24          0.51        -0.29         0.28   (15-84 p)   [  -20.0000,    20.0000]

----- dataset:  BISdata
jitter_0        25         1.971       -0.092         0.10   (15-84 p)   [    0.0095,    95.0000]
offset_0        26        -74.56        -0.22         0.22   (15-84 p)   [-10079.3333,  9959.9833]
offset_1        27        -44.79        -0.44         0.46   (15-84 p)   [-10079.3333,  9959.9833]
offset_2        28        -52.85        -0.25         0.24   (15-84 p)   [-10079.3333,  9959.9833]
offset_3        29        -59.84        -0.24         0.23   (15-84 p)   [-10079.3333,  9959.9833]

----- dataset: BISdata                   ----- model: gp_multidimensional           
rot_amp         30          0.05        -0.70         0.70   (15-84 p)   [  -10.0000,    10.0000]
con_amp         31          0.07        -0.11         0.11   (15-84 p)   [  -20.0000,    20.0000]

----- dataset:  FWHMdata
jitter_0        32          0.30        -0.18         0.28   (15-84 p)   [    0.0500,   500.0000]
offset_0        33        6692.6         -1.6          1.5   (15-84 p)   [-3319.7953, 16947.8039]
offset_1        34        6938.9         -1.9          1.9   (15-84 p)   [-3319.7953, 16947.8039]
offset_2        35        6857.2         -1.6          1.5   (15-84 p)   [-3319.7953, 16947.8039]
offset_3        36        6896.0         -1.6          1.6   (15-84 p)   [-3319.7953, 16947.8039]

----- dataset: FWHMdata                  ----- model: gp_multidimensional           
rot_amp         37          -1.7         -1.6          1.6   (15-84 p)   [  -10.0000,    10.0000]
con_amp         38         -3.00        -0.50         0.43   (15-84 p)   [  -20.0000,    20.0000]

----- common model:  b
P                0          6.10        -0.21         0.25   (15-84 p)   [    0.3785,     6.6439]
K                1          0.28        -0.35         0.30   (15-84 p)   [   -9.9658,     3.3219]
sre_coso         2         -0.00        -0.21         0.21   (15-84 p)   [   -1.0000,     1.0000]
sre_sino         3          0.05        -0.21         0.20   (15-84 p)   [   -1.0000,     1.0000]
mean_long        4           297          -37           40   (15-84 p)   [  108.3058,   468.3058]

----- common model:  c
P                5        0.3946      -0.0025       0.0024   (15-84 p)   [    0.3785,     6.6439]
K                6         -0.92        -0.41         0.31   (15-84 p)   [   -9.9658,     3.3219]
sre_coso         7         -0.01        -0.21         0.22   (15-84 p)   [   -1.0000,     1.0000]
sre_sino         8          0.20        -0.25         0.18   (15-84 p)   [   -1.0000,     1.0000]
mean_long        9            10          -31           30   (15-84 p)   [ -170.2285,   189.7715]

----- common model:  d
P               10        0.5431      -0.0025       0.0029   (15-84 p)   [    0.3785,     6.6439]
K               11         -0.92        -0.40         0.32   (15-84 p)   [   -9.9658,     3.3219]
sre_coso        12          0.15        -0.24         0.19   (15-84 p)   [   -1.0000,     1.0000]
sre_sino        13          0.10        -0.23         0.20   (15-84 p)   [   -1.0000,     1.0000]
mean_long       14            98          -26           28   (15-84 p)   [  -80.8809,   279.1191]

----- common model:  activity
Prot            15         28.28        -0.40         0.43   (15-84 p)   [   20.0000,    35.0000]
Pdec            16          32.3         -1.7          3.7   (15-84 p)   [   30.0000,  1000.0000]
Oamp            17        -1.247        -0.11        0.099   (15-84 p)   [   -6.6439,     0.0000]

----- common model:  star_parameters

====================================================================================================
     Statistics on the model parameters obtained from the posteriors samples     
====================================================================================================

----- dataset:  RVdata
jitter_0                 1.133       -0.048        0.050    (15-84 p)
offset_0                  9.31        -0.30         0.37    (15-84 p)
offset_1                 10.38        -0.40         0.45    (15-84 p)
offset_2                 10.26        -0.31         0.37    (15-84 p)
offset_3                 10.25        -0.31         0.38    (15-84 p)


----- dataset: RVdata                    ----- model: gp_multidimensional           
rot_amp                   9.19        -0.97         0.59    (15-84 p)
con_amp                   0.51        -0.29         0.28    (15-84 p)

----- dataset:  BISdata
jitter_0                 1.971       -0.092         0.10    (15-84 p)
offset_0                -74.56        -0.22         0.22    (15-84 p)
offset_1                -44.79        -0.44         0.46    (15-84 p)
offset_2                -52.85        -0.25         0.24    (15-84 p)
offset_3                -59.84        -0.24         0.23    (15-84 p)


----- dataset: BISdata                   ----- model: gp_multidimensional           
rot_amp                   0.05        -0.70         0.70    (15-84 p)
con_amp                   0.07        -0.11         0.11    (15-84 p)

----- dataset:  FWHMdata
jitter_0                  0.30        -0.18         0.28    (15-84 p)
offset_0                6692.6         -1.6          1.5    (15-84 p)
offset_1                6938.9         -1.9          1.9    (15-84 p)
offset_2                6857.2         -1.6          1.5    (15-84 p)
offset_3                6896.0         -1.6          1.6    (15-84 p)


----- dataset: FWHMdata                  ----- model: gp_multidimensional           
rot_amp                   -1.7         -1.6          1.6    (15-84 p)
con_amp                  -3.00        -0.50         0.43    (15-84 p)

----- common model:  b
P                         68.4         -9.1           13    (15-84 p)
K                         1.21        -0.26         0.28    (15-84 p)
mean_long                  297          -37           40    (15-84 p)
e                        0.065       -0.046        0.070    (15-84 p)
omega                       30         -140          101    (15-84 p)

----- common model:  c
P                       1.3146      -0.0023       0.0022    (15-84 p)
K                         0.53        -0.13         0.13    (15-84 p)
mean_long                   10          -31           30    (15-84 p)
e                        0.099       -0.069        0.091    (15-84 p)
omega                       77         -114           53    (15-84 p)

----- common model:  d
P                       1.4571      -0.0025       0.0029    (15-84 p)
K                         0.53        -0.13         0.13    (15-84 p)
mean_long                   98          -26           28    (15-84 p)
e                        0.093       -0.065        0.092    (15-84 p)
omega                       29          -82           62    (15-84 p)

----- common model:  activity
Prot                     28.28        -0.40         0.43    (15-84 p)
Pdec                      32.3         -1.7          3.7    (15-84 p)
Oamp                     0.421       -0.031        0.030    (15-84 p)

----- common model:  star_parameters

====================================================================================================
     Statistics on the derived parameters obtained from the posteriors samples     
====================================================================================================

----- common model:  b
Inclination fixed to 90 deg!
Computing planetary mass under the approximation M_planet << M_star (threshold at 30.0 Me)
a_Rs                      70.4         -6.4          8.6    (15-84 p)
M_Mj                    0.0242      -0.0055       0.0064    (15-84 p)
M_Me                       7.7         -1.8          2.0    (15-84 p)
Tc                     59363.9         -4.2          3.3    (15-84 p)
a_AU_(M)                 0.327       -0.030        0.040    (15-84 p)
a_AU_(rho,R)             0.327       -0.030        0.040    (15-84 p)

----- common model:  c
Inclination fixed to 90 deg!
Computing planetary mass under the approximation M_planet << M_star (threshold at 30.0 Me)
a_Rs                    5.0479      -0.0059       0.0056    (15-84 p)
M_Mj                   0.00283     -0.00070      0.00068    (15-84 p)
M_Me                      0.90        -0.22         0.21    (15-84 p)
Tc                    59335.00        -0.10         0.11    (15-84 p)
a_AU_(M)              0.023485    -0.000028     0.000026    (15-84 p)
a_AU_(rho,R)          0.023485    -0.000028     0.000026    (15-84 p)

----- common model:  d
Inclination fixed to 90 deg!
Computing planetary mass under the approximation M_planet << M_star (threshold at 30.0 Me)
a_Rs                    5.4063      -0.0062       0.0073    (15-84 p)
M_Mj                   0.00293     -0.00071      0.00071    (15-84 p)
M_Me                      0.93        -0.23         0.23    (15-84 p)
Tc                    59336.01         -1.2         0.10    (15-84 p)
a_AU_(M)              0.025153    -0.000029     0.000034    (15-84 p)
a_AU_(rho,R)          0.025153    -0.000029     0.000034    (15-84 p)


====================================================================================================
     ------------------------------------------------------------------------------------------     
====================================================================================================



15000.0   steps completed, average lnprob:,  -2347.644405007706


Computing the autocorrelation time of the chains

***** WARNING ******
The integrated autocorrelation time cannot be reliably estimated
likely the chains are too short, and ACF analysis is not fully reliable
emcee.autocorr.integrated_time tolerance lowered to 20
If you still get a warning, you should drop these results entirely

Reference thinning used in the analysis: 150
Maximum value of the integrated ACF: 9
Step length used in the analysis: 9*nthin = 1350

Convergence criteria: less than 1% variation in ACF after 20 times the integrated ACF
At least 50*ACF after convergence, 100*ACF would be ideal
Negative values: not converged yet

   sampler parameter              |    ACF   | ACF*nthin | converged at | nsteps/ACF | to 100*ACF
                                  |          |           |              |            | 
   RVdata_jitter_0                |    7.24  |     1087  |       -1     |      -1    |  109738 
   RVdata_offset_0                |    8.17  |     1226  |       -1     |      -1    |  123842 
   RVdata_offset_1                |    8.39  |     1258  |       -1     |      -1    |  127078 
   RVdata_offset_2                |    8.34  |     1250  |       -1     |      -1    |  126290 
   RVdata_offset_3                |    8.19  |     1228  |       -1     |      -1    |  124009 
   RVdata_gp_multidimensional_rot_amp |    7.58  |     1136  |       -1     |      -1    |  114780 
   RVdata_gp_multidimensional_con_amp |    9.50  |     1424  |       -1     |      -1    |  143872 
   BISdata_jitter_0               |    6.51  |      976  |       -1     |      -1    |   98612 
   BISdata_offset_0               |    7.14  |     1070  |       -1     |      -1    |  108099 
   BISdata_offset_1               |    6.96  |     1043  |       -1     |      -1    |  105392 
   BISdata_offset_2               |    7.05  |     1058  |       -1     |      -1    |  106828 
   BISdata_offset_3               |    7.38  |     1107  |       -1     |      -1    |  111826 
   BISdata_gp_multidimensional_rot_amp |    7.02  |     1053  |       -1     |      -1    |  106325 
   BISdata_gp_multidimensional_con_amp |    7.00  |     1050  |       -1     |      -1    |  106026 
   FWHMdata_jitter_0              |    7.94  |     1191  |       -1     |      -1    |  120316 
   FWHMdata_offset_0              |    8.52  |     1277  |       -1     |      -1    |  129021 
   FWHMdata_offset_1              |    8.35  |     1252  |       -1     |      -1    |  126468 
   FWHMdata_offset_2              |    8.60  |     1291  |       -1     |      -1    |  130343 
   FWHMdata_offset_3              |    8.39  |     1259  |       -1     |      -1    |  127110 
   FWHMdata_gp_multidimensional_rot_amp |    7.60  |     1140  |       -1     |      -1    |  115111 
   FWHMdata_gp_multidimensional_con_amp |    7.88  |     1182  |       -1     |      -1    |  119427 
   b_P                            |    9.75  |     1462  |       -1     |      -1    |  147683 
   b_K                            |    8.81  |     1321  |       -1     |      -1    |  133456 
   b_sre_coso                     |    7.51  |     1126  |       -1     |      -1    |  113719 
   b_sre_sino                     |    7.37  |     1106  |       -1     |      -1    |  111713 
   b_mean_long                    |    9.58  |     1437  |       -1     |      -1    |  145142 
   c_P                            |    7.65  |     1148  |       -1     |      -1    |  115962 
   c_K                            |    6.93  |     1040  |       -1     |      -1    |  104993 
   c_sre_coso                     |    7.28  |     1093  |       -1     |      -1    |  110366 
   c_sre_sino                     |    8.16  |     1224  |       -1     |      -1    |  123587 
   c_mean_long                    |    8.19  |     1228  |       -1     |      -1    |  124049 
   d_P                            |    7.41  |     1111  |       -1     |      -1    |  112203 
   d_K                            |    7.56  |     1135  |       -1     |      -1    |  114605 
   d_sre_coso                     |    7.74  |     1161  |       -1     |      -1    |  117245 
   d_sre_sino                     |    7.56  |     1134  |       -1     |      -1    |  114568 
   d_mean_long                    |    7.30  |     1095  |       -1     |      -1    |  110625 
   activity_Prot                  |    6.88  |     1032  |       -1     |      -1    |  104212 
   activity_Pdec                  |    9.76  |     1464  |       -1     |      -1    |  147814 
   activity_Oamp                  |    7.17  |     1075  |       -1     |      -1    |  108574 

    39 chains have not converged yet, keep going 

Check the documentation for the correct interpretation of these results:
https://pyorbit.readthedocs.io/running_pyorbit/terminal_output/#autocorrelation-analysis

====================================================================================================
     Statistics on the posterior of the sampler parameters     
====================================================================================================

----- dataset:  RVdata
jitter_0        18         1.134       -0.047        0.050   (15-84 p)   [    0.0009,    14.4000]
offset_0        19          9.33        -0.31         0.39   (15-84 p)   [-9996.1930, 10016.9830]
offset_1        20         10.42        -0.41         0.47   (15-84 p)   [-9996.1930, 10016.9830]
offset_2        21         10.28        -0.32         0.39   (15-84 p)   [-9996.1930, 10016.9830]
offset_3        22         10.28        -0.31         0.39   (15-84 p)   [-9996.1930, 10016.9830]

----- dataset: RVdata                    ----- model: gp_multidimensional           
rot_amp         23          9.27        -0.91         0.54   (15-84 p)   [    0.0000,    10.0000]
con_amp         24          0.52        -0.29         0.30   (15-84 p)   [  -20.0000,    20.0000]

----- dataset:  BISdata
jitter_0        25         1.982       -0.098         0.10   (15-84 p)   [    0.0095,    95.0000]
offset_0        26        -74.56        -0.23         0.23   (15-84 p)   [-10079.3333,  9959.9833]
offset_1        27        -44.77        -0.46         0.46   (15-84 p)   [-10079.3333,  9959.9833]
offset_2        28        -52.85        -0.24         0.25   (15-84 p)   [-10079.3333,  9959.9833]
offset_3        29        -59.82        -0.25         0.24   (15-84 p)   [-10079.3333,  9959.9833]

----- dataset: BISdata                   ----- model: gp_multidimensional           
rot_amp         30          0.02        -0.70         0.72   (15-84 p)   [  -10.0000,    10.0000]
con_amp         31          0.07        -0.11         0.11   (15-84 p)   [  -20.0000,    20.0000]

----- dataset:  FWHMdata
jitter_0        32          0.31        -0.18         0.29   (15-84 p)   [    0.0500,   500.0000]
offset_0        33        6692.5         -1.6          1.5   (15-84 p)   [-3319.7953, 16947.8039]
offset_1        34        6938.8         -1.8          1.8   (15-84 p)   [-3319.7953, 16947.8039]
offset_2        35        6857.1         -1.6          1.5   (15-84 p)   [-3319.7953, 16947.8039]
offset_3        36        6895.9         -1.6          1.5   (15-84 p)   [-3319.7953, 16947.8039]

----- dataset: FWHMdata                  ----- model: gp_multidimensional           
rot_amp         37          -1.6         -1.7          1.7   (15-84 p)   [  -10.0000,    10.0000]
con_amp         38         -3.03        -0.50         0.43   (15-84 p)   [  -20.0000,    20.0000]

----- common model:  b
P                0          6.10        -0.21         0.26   (15-84 p)   [    0.3785,     6.6439]
K                1          0.28        -0.36         0.31   (15-84 p)   [   -9.9658,     3.3219]
sre_coso         2         -0.02        -0.20         0.21   (15-84 p)   [   -1.0000,     1.0000]
sre_sino         3          0.04        -0.22         0.20   (15-84 p)   [   -1.0000,     1.0000]
mean_long        4           297          -39           40   (15-84 p)   [  108.3058,   468.3058]

----- common model:  c
P                5        0.3947      -0.0027       0.0025   (15-84 p)   [    0.3785,     6.6439]
K                6         -0.95        -0.43         0.33   (15-84 p)   [   -9.9658,     3.3219]
sre_coso         7          0.01        -0.22         0.21   (15-84 p)   [   -1.0000,     1.0000]
sre_sino         8          0.19        -0.25         0.19   (15-84 p)   [   -1.0000,     1.0000]
mean_long        9            10          -33           31   (15-84 p)   [ -170.2285,   189.7715]

----- common model:  d
P               10        0.5433      -0.0026       0.0028   (15-84 p)   [    0.3785,     6.6439]
K               11         -0.91        -0.40         0.31   (15-84 p)   [   -9.9658,     3.3219]
sre_coso        12          0.16        -0.24         0.19   (15-84 p)   [   -1.0000,     1.0000]
sre_sino        13          0.10        -0.23         0.20   (15-84 p)   [   -1.0000,     1.0000]
mean_long       14            99          -26           28   (15-84 p)   [  -80.8809,   279.1191]

----- common model:  activity
Prot            15         28.28        -0.40         0.41   (15-84 p)   [   20.0000,    35.0000]
Pdec            16          32.8         -2.1          4.0   (15-84 p)   [   30.0000,  1000.0000]
Oamp            17        -1.241        -0.11        0.098   (15-84 p)   [   -6.6439,     0.0000]

----- common model:  star_parameters

====================================================================================================
     Statistics on the model parameters obtained from the posteriors samples     
====================================================================================================

----- dataset:  RVdata
jitter_0                 1.134       -0.047        0.050    (15-84 p)
offset_0                  9.33        -0.31         0.39    (15-84 p)
offset_1                 10.42        -0.41         0.47    (15-84 p)
offset_2                 10.28        -0.32         0.39    (15-84 p)
offset_3                 10.28        -0.31         0.39    (15-84 p)


----- dataset: RVdata                    ----- model: gp_multidimensional           
rot_amp                   9.27        -0.91         0.54    (15-84 p)
con_amp                   0.52        -0.29         0.30    (15-84 p)

----- dataset:  BISdata
jitter_0                 1.982       -0.098         0.10    (15-84 p)
offset_0                -74.56        -0.23         0.23    (15-84 p)
offset_1                -44.77        -0.46         0.46    (15-84 p)
offset_2                -52.85        -0.24         0.25    (15-84 p)
offset_3                -59.82        -0.25         0.24    (15-84 p)


----- dataset: BISdata                   ----- model: gp_multidimensional           
rot_amp                   0.02        -0.70         0.72    (15-84 p)
con_amp                   0.07        -0.11         0.11    (15-84 p)

----- dataset:  FWHMdata
jitter_0                  0.31        -0.18         0.29    (15-84 p)
offset_0                6692.5         -1.6          1.5    (15-84 p)
offset_1                6938.8         -1.8          1.8    (15-84 p)
offset_2                6857.1         -1.6          1.5    (15-84 p)
offset_3                6895.9         -1.6          1.5    (15-84 p)


----- dataset: FWHMdata                  ----- model: gp_multidimensional           
rot_amp                   -1.6         -1.7          1.7    (15-84 p)
con_amp                  -3.03        -0.50         0.43    (15-84 p)

----- common model:  b
P                         68.5         -9.3           13    (15-84 p)
K                         1.21        -0.27         0.29    (15-84 p)
mean_long                  297          -39           40    (15-84 p)
e                        0.065       -0.046        0.071    (15-84 p)
omega                       29         -148          104    (15-84 p)

----- common model:  c
P                       1.3147      -0.0024       0.0023    (15-84 p)
K                         0.52        -0.13         0.13    (15-84 p)
mean_long                   10          -33           31    (15-84 p)
e                        0.096       -0.067        0.090    (15-84 p)
omega                       72         -116           57    (15-84 p)

----- common model:  d
P                       1.4573      -0.0026       0.0029    (15-84 p)
K                         0.53        -0.13         0.13    (15-84 p)
mean_long                   99          -26           28    (15-84 p)
e                        0.092       -0.063        0.092    (15-84 p)
omega                       26          -82           64    (15-84 p)

----- common model:  activity
Prot                     28.28        -0.40         0.41    (15-84 p)
Pdec                      32.8         -2.1          4.0    (15-84 p)
Oamp                     0.423       -0.031        0.030    (15-84 p)

----- common model:  star_parameters

====================================================================================================
     Statistics on the derived parameters obtained from the posteriors samples     
====================================================================================================

----- common model:  b
Inclination fixed to 90 deg!
Computing planetary mass under the approximation M_planet << M_star (threshold at 30.0 Me)
a_Rs                      70.4         -6.6          9.0    (15-84 p)
M_Mj                    0.0242      -0.0055       0.0067    (15-84 p)
M_Me                       7.7         -1.8          2.1    (15-84 p)
Tc                     59364.0         -4.1          3.3    (15-84 p)
a_AU_(M)                 0.328       -0.030        0.042    (15-84 p)
a_AU_(rho,R)             0.328       -0.030        0.042    (15-84 p)

----- common model:  c
Inclination fixed to 90 deg!
Computing planetary mass under the approximation M_planet << M_star (threshold at 30.0 Me)
a_Rs                    5.0482      -0.0062       0.0058    (15-84 p)
M_Mj                   0.00276     -0.00071      0.00070    (15-84 p)
M_Me                      0.88        -0.23         0.22    (15-84 p)
Tc                    59335.00        -0.11         0.11    (15-84 p)
a_AU_(M)              0.023487    -0.000029     0.000027    (15-84 p)
a_AU_(rho,R)          0.023486    -0.000029     0.000027    (15-84 p)

----- common model:  d
Inclination fixed to 90 deg!
Computing planetary mass under the approximation M_planet << M_star (threshold at 30.0 Me)
a_Rs                    5.4069      -0.0064       0.0071    (15-84 p)
M_Mj                   0.00294     -0.00071      0.00069    (15-84 p)
M_Me                      0.93        -0.22         0.22    (15-84 p)
Tc                   59336.019         -1.2        0.092    (15-84 p)
a_AU_(M)              0.025155    -0.000030     0.000033    (15-84 p)
a_AU_(rho,R)          0.025155    -0.000030     0.000033    (15-84 p)


====================================================================================================
     ------------------------------------------------------------------------------------------     
====================================================================================================



30000.0   steps completed, average lnprob:,  -2347.846272481517


Computing the autocorrelation time of the chains

***** WARNING ******
The integrated autocorrelation time cannot be reliably estimated
likely the chains are too short, and ACF analysis is not fully reliable
emcee.autocorr.integrated_time tolerance lowered to 20
If you still get a warning, you should drop these results entirely

Reference thinning used in the analysis: 150
Maximum value of the integrated ACF: 11
Step length used in the analysis: 11*nthin = 1650

Convergence criteria: less than 1% variation in ACF after 20 times the integrated ACF
At least 50*ACF after convergence, 100*ACF would be ideal
Negative values: not converged yet

   sampler parameter              |    ACF   | ACF*nthin | converged at | nsteps/ACF | to 100*ACF
                                  |          |           |              |            | 
   RVdata_jitter_0                |    8.18  |     1227  |    42900     |       2    |  120642 
   RVdata_offset_0                |    9.97  |     1495  |       -1     |      -1    |  151036 
   RVdata_offset_1                |   10.06  |     1509  |       -1     |      -1    |  152457 
   RVdata_offset_2                |   10.01  |     1502  |       -1     |      -1    |  151713 
   RVdata_offset_3                |   10.02  |     1503  |       -1     |      -1    |  151810 
   RVdata_gp_multidimensional_rot_amp |    8.99  |     1348  |       -1     |      -1    |  136172 
   RVdata_gp_multidimensional_con_amp |   11.42  |     1712  |       -1     |      -1    |  172962 
   BISdata_jitter_0               |    7.40  |     1111  |       -1     |      -1    |  112162 
   BISdata_offset_0               |    8.25  |     1237  |       -1     |      -1    |  124956 
   BISdata_offset_1               |    8.00  |     1200  |       -1     |      -1    |  121169 
   BISdata_offset_2               |    8.03  |     1205  |       -1     |      -1    |  121697 
   BISdata_offset_3               |    8.35  |     1253  |       -1     |      -1    |  126512 
   BISdata_gp_multidimensional_rot_amp |    7.97  |     1196  |       -1     |      -1    |  120779 
   BISdata_gp_multidimensional_con_amp |    8.88  |     1332  |       -1     |      -1    |  134497 
   FWHMdata_jitter_0              |    9.10  |     1365  |       -1     |      -1    |  137838 
   FWHMdata_offset_0              |   10.18  |     1527  |       -1     |      -1    |  154240 
   FWHMdata_offset_1              |    9.67  |     1450  |       -1     |      -1    |  146438 
   FWHMdata_offset_2              |   10.27  |     1541  |       -1     |      -1    |  155609 
   FWHMdata_offset_3              |   10.38  |     1557  |       -1     |      -1    |  157279 
   FWHMdata_gp_multidimensional_rot_amp |    8.58  |     1287  |       -1     |      -1    |  129990 
   FWHMdata_gp_multidimensional_con_amp |    8.58  |     1287  |    42900     |       2    |  126633 
   b_P                            |   11.24  |     1686  |       -1     |      -1    |  170329 
   b_K                            |   10.78  |     1616  |       -1     |      -1    |  163252 
   b_sre_coso                     |    8.77  |     1316  |       -1     |      -1    |  132938 
   b_sre_sino                     |    8.19  |     1229  |    42900     |       2    |  120815 
   b_mean_long                    |   11.15  |     1673  |       -1     |      -1    |  168933 
   c_P                            |    8.86  |     1329  |       -1     |      -1    |  134222 
   c_K                            |    8.39  |     1259  |       -1     |      -1    |  127120 
   c_sre_coso                     |    8.13  |     1219  |       -1     |      -1    |  123133 
   c_sre_sino                     |    8.76  |     1314  |    44550     |       0    |  130965 
   c_mean_long                    |    9.18  |     1377  |    42900     |       2    |  135621 
   d_P                            |    8.58  |     1286  |       -1     |      -1    |  129927 
   d_K                            |    9.31  |     1396  |       -1     |      -1    |  140975 
   d_sre_coso                     |    8.66  |     1299  |    42900     |       2    |  127811 
   d_sre_sino                     |    8.43  |     1265  |    44550     |       0    |  126051 
   d_mean_long                    |    8.58  |     1288  |       -1     |      -1    |  130040 
   activity_Prot                  |    8.05  |     1208  |       -1     |      -1    |  122013 
   activity_Pdec                  |   10.39  |     1558  |    42900     |       1    |  153684 
   activity_Oamp                  |    7.76  |     1163  |    42900     |       2    |  114232 

    30 chains have not converged yet, keep going 

Check the documentation for the correct interpretation of these results:
https://pyorbit.readthedocs.io/running_pyorbit/terminal_output/#autocorrelation-analysis

====================================================================================================
     Statistics on the posterior of the sampler parameters     
====================================================================================================

----- dataset:  RVdata
jitter_0        18         1.135       -0.047        0.050   (15-84 p)   [    0.0009,    14.4000]
offset_0        19          9.31        -0.31         0.38   (15-84 p)   [-9996.1930, 10016.9830]
offset_1        20         10.40        -0.41         0.46   (15-84 p)   [-9996.1930, 10016.9830]
offset_2        21         10.26        -0.32         0.38   (15-84 p)   [-9996.1930, 10016.9830]
offset_3        22         10.27        -0.32         0.38   (15-84 p)   [-9996.1930, 10016.9830]

----- dataset: RVdata                    ----- model: gp_multidimensional           
rot_amp         23          9.26        -0.93         0.55   (15-84 p)   [    0.0000,    10.0000]
con_amp         24          0.51        -0.28         0.28   (15-84 p)   [  -20.0000,    20.0000]

----- dataset:  BISdata
jitter_0        25         1.982       -0.097         0.10   (15-84 p)   [    0.0095,    95.0000]
offset_0        26        -74.56        -0.23         0.23   (15-84 p)   [-10079.3333,  9959.9833]
offset_1        27        -44.77        -0.46         0.46   (15-84 p)   [-10079.3333,  9959.9833]
offset_2        28        -52.85        -0.25         0.25   (15-84 p)   [-10079.3333,  9959.9833]
offset_3        29        -59.82        -0.25         0.24   (15-84 p)   [-10079.3333,  9959.9833]

----- dataset: BISdata                   ----- model: gp_multidimensional           
rot_amp         30          0.03        -0.70         0.71   (15-84 p)   [  -10.0000,    10.0000]
con_amp         31          0.07        -0.11         0.11   (15-84 p)   [  -20.0000,    20.0000]

----- dataset:  FWHMdata
jitter_0        32          0.30        -0.18         0.29   (15-84 p)   [    0.0500,   500.0000]
offset_0        33        6692.5         -1.6          1.6   (15-84 p)   [-3319.7953, 16947.8039]
offset_1        34        6938.8         -1.8          1.8   (15-84 p)   [-3319.7953, 16947.8039]
offset_2        35        6857.1         -1.6          1.6   (15-84 p)   [-3319.7953, 16947.8039]
offset_3        36        6895.9         -1.6          1.6   (15-84 p)   [-3319.7953, 16947.8039]

----- dataset: FWHMdata                  ----- model: gp_multidimensional           
rot_amp         37          -1.6         -1.7          1.7   (15-84 p)   [  -10.0000,    10.0000]
con_amp         38         -3.04        -0.49         0.43   (15-84 p)   [  -20.0000,    20.0000]

----- common model:  b
P                0          6.10        -0.20         0.25   (15-84 p)   [    0.3785,     6.6439]
K                1          0.28        -0.35         0.30   (15-84 p)   [   -9.9658,     3.3219]
sre_coso         2         -0.02        -0.20         0.21   (15-84 p)   [   -1.0000,     1.0000]
sre_sino         3          0.05        -0.22         0.20   (15-84 p)   [   -1.0000,     1.0000]
mean_long        4           297          -37           39   (15-84 p)   [  108.3058,   468.3058]

----- common model:  c
P                5        0.3947      -0.0026       0.0025   (15-84 p)   [    0.3785,     6.6439]
K                6         -0.94        -0.43         0.32   (15-84 p)   [   -9.9658,     3.3219]
sre_coso         7          0.00        -0.21         0.21   (15-84 p)   [   -1.0000,     1.0000]
sre_sino         8          0.19        -0.25         0.18   (15-84 p)   [   -1.0000,     1.0000]
mean_long        9            10          -32           31   (15-84 p)   [ -170.2285,   189.7715]

----- common model:  d
P               10        0.5432      -0.0026       0.0029   (15-84 p)   [    0.3785,     6.6439]
K               11         -0.91        -0.40         0.30   (15-84 p)   [   -9.9658,     3.3219]
sre_coso        12          0.16        -0.24         0.19   (15-84 p)   [   -1.0000,     1.0000]
sre_sino        13          0.09        -0.23         0.20   (15-84 p)   [   -1.0000,     1.0000]
mean_long       14            98          -26           29   (15-84 p)   [  -80.8809,   279.1191]

----- common model:  activity
Prot            15         28.29        -0.41         0.41   (15-84 p)   [   20.0000,    35.0000]
Pdec            16          32.8         -2.1          4.0   (15-84 p)   [   30.0000,  1000.0000]
Oamp            17        -1.245        -0.11        0.100   (15-84 p)   [   -6.6439,     0.0000]

----- common model:  star_parameters

====================================================================================================
     Statistics on the model parameters obtained from the posteriors samples     
====================================================================================================

----- dataset:  RVdata
jitter_0                 1.135       -0.047        0.050    (15-84 p)
offset_0                  9.31        -0.31         0.38    (15-84 p)
offset_1                 10.40        -0.41         0.46    (15-84 p)
offset_2                 10.26        -0.32         0.38    (15-84 p)
offset_3                 10.27        -0.32         0.38    (15-84 p)


----- dataset: RVdata                    ----- model: gp_multidimensional           
rot_amp                   9.26        -0.93         0.55    (15-84 p)
con_amp                   0.51        -0.28         0.28    (15-84 p)

----- dataset:  BISdata
jitter_0                 1.982       -0.097         0.10    (15-84 p)
offset_0                -74.56        -0.23         0.23    (15-84 p)
offset_1                -44.77        -0.46         0.46    (15-84 p)
offset_2                -52.85        -0.25         0.25    (15-84 p)
offset_3                -59.82        -0.25         0.24    (15-84 p)


----- dataset: BISdata                   ----- model: gp_multidimensional           
rot_amp                   0.03        -0.70         0.71    (15-84 p)
con_amp                   0.07        -0.11         0.11    (15-84 p)

----- dataset:  FWHMdata
jitter_0                  0.30        -0.18         0.29    (15-84 p)
offset_0                6692.5         -1.6          1.6    (15-84 p)
offset_1                6938.8         -1.8          1.8    (15-84 p)
offset_2                6857.1         -1.6          1.6    (15-84 p)
offset_3                6895.9         -1.6          1.6    (15-84 p)


----- dataset: FWHMdata                  ----- model: gp_multidimensional           
rot_amp                   -1.6         -1.7          1.7    (15-84 p)
con_amp                  -3.04        -0.49         0.43    (15-84 p)

----- common model:  b
P                         68.6         -9.0           13    (15-84 p)
K                         1.22        -0.26         0.29    (15-84 p)
mean_long                  297          -37           39    (15-84 p)
e                        0.064       -0.045        0.071    (15-84 p)
omega                       31         -149          100    (15-84 p)

----- common model:  c
P                       1.3147      -0.0024       0.0023    (15-84 p)
K                         0.52        -0.13         0.13    (15-84 p)
mean_long                   10          -32           31    (15-84 p)
e                        0.096       -0.066        0.090    (15-84 p)
omega                       73         -116           56    (15-84 p)

----- common model:  d
P                       1.4572      -0.0027       0.0029    (15-84 p)
K                         0.53        -0.13         0.12    (15-84 p)
mean_long                   98          -26           29    (15-84 p)
e                        0.093       -0.064        0.092    (15-84 p)
omega                       26          -81           64    (15-84 p)

----- common model:  activity
Prot                     28.29        -0.41         0.41    (15-84 p)
Pdec                      32.8         -2.1          4.0    (15-84 p)
Oamp                     0.422       -0.031        0.030    (15-84 p)

----- common model:  star_parameters

====================================================================================================
     Statistics on the derived parameters obtained from the posteriors samples     
====================================================================================================

----- common model:  b
Inclination fixed to 90 deg!
Computing planetary mass under the approximation M_planet << M_star (threshold at 30.0 Me)
a_Rs                      70.5         -6.3          8.6    (15-84 p)
M_Mj                    0.0243      -0.0055       0.0065    (15-84 p)
M_Me                       7.7         -1.7          2.1    (15-84 p)
Tc                     59363.9         -3.9          3.2    (15-84 p)
a_AU_(M)                 0.328       -0.030        0.040    (15-84 p)
a_AU_(rho,R)             0.328       -0.030        0.040    (15-84 p)

----- common model:  c
Inclination fixed to 90 deg!
Computing planetary mass under the approximation M_planet << M_star (threshold at 30.0 Me)
a_Rs                    5.0481      -0.0061       0.0058    (15-84 p)
M_Mj                   0.00278     -0.00071      0.00069    (15-84 p)
M_Me                      0.88        -0.22         0.22    (15-84 p)
Tc                    59335.00        -0.10         0.11    (15-84 p)
a_AU_(M)              0.023486    -0.000028     0.000027    (15-84 p)
a_AU_(rho,R)          0.023486    -0.000028     0.000027    (15-84 p)

----- common model:  d
Inclination fixed to 90 deg!
Computing planetary mass under the approximation M_planet << M_star (threshold at 30.0 Me)
a_Rs                    5.4066      -0.0066       0.0073    (15-84 p)
M_Mj                   0.00294     -0.00070      0.00068    (15-84 p)
M_Me                      0.93        -0.22         0.22    (15-84 p)
Tc                   59336.014         -1.2        0.097    (15-84 p)
a_AU_(M)              0.025154    -0.000031     0.000034    (15-84 p)
a_AU_(rho,R)          0.025154    -0.000031     0.000034    (15-84 p)


====================================================================================================
     ------------------------------------------------------------------------------------------     
====================================================================================================



45000.0   steps completed, average lnprob:,  -2347.1043335477684


Computing the autocorrelation time of the chains

***** WARNING ******
The integrated autocorrelation time cannot be reliably estimated
likely the chains are too short, and ACF analysis is not fully reliable
emcee.autocorr.integrated_time tolerance lowered to 20
If you still get a warning, you should drop these results entirely

Reference thinning used in the analysis: 150
Maximum value of the integrated ACF: 13
Step length used in the analysis: 13*nthin = 1950

Convergence criteria: less than 1% variation in ACF after 20 times the integrated ACF
At least 50*ACF after convergence, 100*ACF would be ideal
Negative values: not converged yet

   sampler parameter              |    ACF   | ACF*nthin | converged at | nsteps/ACF | to 100*ACF
                                  |          |           |              |            | 
   RVdata_jitter_0                |    8.57  |     1285  |    52650     |       6    |  121173 
   RVdata_offset_0                |   11.16  |     1674  |       -1     |      -1    |  169033 
   RVdata_offset_1                |   11.37  |     1706  |       -1     |      -1    |  172323 
   RVdata_offset_2                |   11.30  |     1696  |       -1     |      -1    |  171246 
   RVdata_offset_3                |   11.28  |     1692  |       -1     |      -1    |  170856 
   RVdata_gp_multidimensional_rot_amp |    9.75  |     1463  |       -1     |      -1    |  147774 
   RVdata_gp_multidimensional_con_amp |   13.17  |     1975  |       -1     |      -1    |  199476 
   BISdata_jitter_0               |    8.34  |     1251  |       -1     |      -1    |  126345 
   BISdata_offset_0               |    8.81  |     1321  |       -1     |      -1    |  133458 
   BISdata_offset_1               |    8.77  |     1316  |       -1     |      -1    |  132912 
   BISdata_offset_2               |    8.38  |     1256  |    54600     |       4    |  120238 
   BISdata_offset_3               |    9.14  |     1371  |    56550     |       3    |  133626 
   BISdata_gp_multidimensional_rot_amp |    8.46  |     1269  |    52650     |       6    |  119560 
   BISdata_gp_multidimensional_con_amp |    9.80  |     1470  |       -1     |      -1    |  148465 
   FWHMdata_jitter_0              |    9.61  |     1442  |    50700     |       6    |  134877 
   FWHMdata_offset_0              |   11.43  |     1715  |       -1     |      -1    |  173185 
   FWHMdata_offset_1              |   10.75  |     1613  |       -1     |      -1    |  162884 
   FWHMdata_offset_2              |   11.57  |     1735  |       -1     |      -1    |  175244 
   FWHMdata_offset_3              |   11.62  |     1743  |       -1     |      -1    |  176009 
   FWHMdata_gp_multidimensional_rot_amp |    9.28  |     1391  |    54600     |       4    |  133730 
   FWHMdata_gp_multidimensional_con_amp |    9.57  |     1436  |    48750     |       8    |  132309 
   b_P                            |   12.37  |     1856  |       -1     |      -1    |  187453 
   b_K                            |   12.08  |     1811  |       -1     |      -1    |  182952 
   b_sre_coso                     |    9.33  |     1399  |    56550     |       2    |  136437 
   b_sre_sino                     |    9.18  |     1376  |       -1     |      -1    |  139019 
   b_mean_long                    |   12.35  |     1853  |       -1     |      -1    |  187116 
   c_P                            |    9.45  |     1418  |    50700     |       7    |  132476 
   c_K                            |    9.38  |     1407  |       -1     |      -1    |  142100 
   c_sre_coso                     |    8.78  |     1317  |    48750     |       9    |  120476 
   c_sre_sino                     |    9.57  |     1436  |    50700     |       6    |  134320 
   c_mean_long                    |    9.59  |     1439  |    46800     |       9    |  130704 
   d_P                            |    9.66  |     1449  |       -1     |      -1    |  146398 
   d_K                            |   10.04  |     1507  |       -1     |      -1    |  152179 
   d_sre_coso                     |    9.52  |     1427  |    44850     |      11    |  127589 
   d_sre_sino                     |    9.05  |     1357  |    54600     |       4    |  130325 
   d_mean_long                    |    9.49  |     1423  |       -1     |      -1    |  143700 
   activity_Prot                  |    8.58  |     1287  |    50700     |       7    |  119438 
   activity_Pdec                  |   10.86  |     1629  |    46800     |       8    |  149703 
   activity_Oamp                  |    8.57  |     1285  |    54600     |       4    |  123107 

    22 chains have not converged yet, keep going 

Check the documentation for the correct interpretation of these results:
https://pyorbit.readthedocs.io/running_pyorbit/terminal_output/#autocorrelation-analysis

====================================================================================================
     Statistics on the posterior of the sampler parameters     
====================================================================================================

----- dataset:  RVdata
jitter_0        18         1.135       -0.047        0.050   (15-84 p)   [    0.0009,    14.4000]
offset_0        19          9.31        -0.30         0.38   (15-84 p)   [-9996.1930, 10016.9830]
offset_1        20         10.40        -0.41         0.46   (15-84 p)   [-9996.1930, 10016.9830]
offset_2        21         10.26        -0.31         0.38   (15-84 p)   [-9996.1930, 10016.9830]
offset_3        22         10.27        -0.31         0.38   (15-84 p)   [-9996.1930, 10016.9830]

----- dataset: RVdata                    ----- model: gp_multidimensional           
rot_amp         23          9.26        -0.94         0.55   (15-84 p)   [    0.0000,    10.0000]
con_amp         24          0.50        -0.29         0.28   (15-84 p)   [  -20.0000,    20.0000]

----- dataset:  BISdata
jitter_0        25         1.980       -0.096         0.10   (15-84 p)   [    0.0095,    95.0000]
offset_0        26        -74.56        -0.23         0.23   (15-84 p)   [-10079.3333,  9959.9833]
offset_1        27        -44.77        -0.45         0.46   (15-84 p)   [-10079.3333,  9959.9833]
offset_2        28        -52.85        -0.24         0.25   (15-84 p)   [-10079.3333,  9959.9833]
offset_3        29        -59.82        -0.25         0.24   (15-84 p)   [-10079.3333,  9959.9833]

----- dataset: BISdata                   ----- model: gp_multidimensional           
rot_amp         30          0.03        -0.70         0.71   (15-84 p)   [  -10.0000,    10.0000]
con_amp         31          0.07        -0.11         0.11   (15-84 p)   [  -20.0000,    20.0000]

----- dataset:  FWHMdata
jitter_0        32          0.31        -0.18         0.29   (15-84 p)   [    0.0500,   500.0000]
offset_0        33        6692.6         -1.6          1.5   (15-84 p)   [-3319.7953, 16947.8039]
offset_1        34        6938.8         -1.8          1.8   (15-84 p)   [-3319.7953, 16947.8039]
offset_2        35        6857.1         -1.6          1.6   (15-84 p)   [-3319.7953, 16947.8039]
offset_3        36        6895.9         -1.6          1.5   (15-84 p)   [-3319.7953, 16947.8039]

----- dataset: FWHMdata                  ----- model: gp_multidimensional           
rot_amp         37          -1.6         -1.7          1.7   (15-84 p)   [  -10.0000,    10.0000]
con_amp         38         -3.03        -0.49         0.42   (15-84 p)   [  -20.0000,    20.0000]

----- common model:  b
P                0          6.10        -0.20         0.25   (15-84 p)   [    0.3785,     6.6439]
K                1          0.29        -0.36         0.31   (15-84 p)   [   -9.9658,     3.3219]
sre_coso         2         -0.01        -0.20         0.21   (15-84 p)   [   -1.0000,     1.0000]
sre_sino         3          0.05        -0.22         0.20   (15-84 p)   [   -1.0000,     1.0000]
mean_long        4           297          -36           39   (15-84 p)   [  108.3058,   468.3058]

----- common model:  c
P                5        0.3947      -0.0026       0.0025   (15-84 p)   [    0.3785,     6.6439]
K                6         -0.94        -0.42         0.32   (15-84 p)   [   -9.9658,     3.3219]
sre_coso         7          0.00        -0.22         0.21   (15-84 p)   [   -1.0000,     1.0000]
sre_sino         8          0.18        -0.25         0.19   (15-84 p)   [   -1.0000,     1.0000]
mean_long        9            10          -32           31   (15-84 p)   [ -170.2285,   189.7715]

----- common model:  d
P               10        0.5432      -0.0026       0.0029   (15-84 p)   [    0.3785,     6.6439]
K               11         -0.91        -0.39         0.30   (15-84 p)   [   -9.9658,     3.3219]
sre_coso        12          0.15        -0.24         0.19   (15-84 p)   [   -1.0000,     1.0000]
sre_sino        13          0.09        -0.23         0.20   (15-84 p)   [   -1.0000,     1.0000]
mean_long       14            98          -26           29   (15-84 p)   [  -80.8809,   279.1191]

----- common model:  activity
Prot            15         28.29        -0.41         0.41   (15-84 p)   [   20.0000,    35.0000]
Pdec            16          32.8         -2.0          4.0   (15-84 p)   [   30.0000,  1000.0000]
Oamp            17         -1.24        -0.11         0.10   (15-84 p)   [   -6.6439,     0.0000]

----- common model:  star_parameters

====================================================================================================
     Statistics on the model parameters obtained from the posteriors samples     
====================================================================================================

----- dataset:  RVdata
jitter_0                 1.135       -0.047        0.050    (15-84 p)
offset_0                  9.31        -0.30         0.38    (15-84 p)
offset_1                 10.40        -0.41         0.46    (15-84 p)
offset_2                 10.26        -0.31         0.38    (15-84 p)
offset_3                 10.27        -0.31         0.38    (15-84 p)


----- dataset: RVdata                    ----- model: gp_multidimensional           
rot_amp                   9.26        -0.94         0.55    (15-84 p)
con_amp                   0.50        -0.29         0.28    (15-84 p)

----- dataset:  BISdata
jitter_0                 1.980       -0.096         0.10    (15-84 p)
offset_0                -74.56        -0.23         0.23    (15-84 p)
offset_1                -44.77        -0.45         0.46    (15-84 p)
offset_2                -52.85        -0.24         0.25    (15-84 p)
offset_3                -59.82        -0.25         0.24    (15-84 p)


----- dataset: BISdata                   ----- model: gp_multidimensional           
rot_amp                   0.03        -0.70         0.71    (15-84 p)
con_amp                   0.07        -0.11         0.11    (15-84 p)

----- dataset:  FWHMdata
jitter_0                  0.31        -0.18         0.29    (15-84 p)
offset_0                6692.6         -1.6          1.5    (15-84 p)
offset_1                6938.8         -1.8          1.8    (15-84 p)
offset_2                6857.1         -1.6          1.6    (15-84 p)
offset_3                6895.9         -1.6          1.5    (15-84 p)


----- dataset: FWHMdata                  ----- model: gp_multidimensional           
rot_amp                   -1.6         -1.7          1.7    (15-84 p)
con_amp                  -3.03        -0.49         0.42    (15-84 p)

----- common model:  b
P                         68.6         -9.0           13    (15-84 p)
K                         1.22        -0.27         0.29    (15-84 p)
mean_long                  297          -36           39    (15-84 p)
e                        0.064       -0.045        0.071    (15-84 p)
omega                       32         -149           99    (15-84 p)

----- common model:  c
P                       1.3147      -0.0024       0.0023    (15-84 p)
K                         0.52        -0.13         0.13    (15-84 p)
mean_long                   10          -32           31    (15-84 p)
e                        0.095       -0.066        0.091    (15-84 p)
omega                       72         -117           57    (15-84 p)

----- common model:  d
P                       1.4572      -0.0026       0.0030    (15-84 p)
K                         0.53        -0.13         0.12    (15-84 p)
mean_long                   98          -26           29    (15-84 p)
e                        0.092       -0.064        0.092    (15-84 p)
omega                       25          -84           64    (15-84 p)

----- common model:  activity
Prot                     28.29        -0.41         0.41    (15-84 p)
Pdec                      32.8         -2.0          4.0    (15-84 p)
Oamp                     0.422       -0.031        0.030    (15-84 p)

----- common model:  star_parameters

====================================================================================================
     Statistics on the derived parameters obtained from the posteriors samples     
====================================================================================================

----- common model:  b
Inclination fixed to 90 deg!
Computing planetary mass under the approximation M_planet << M_star (threshold at 30.0 Me)
a_Rs                      70.5         -6.3          8.6    (15-84 p)
M_Mj                    0.0244      -0.0056       0.0068    (15-84 p)
M_Me                       7.7         -1.8          2.2    (15-84 p)
Tc                     59363.9         -3.9          3.2    (15-84 p)
a_AU_(M)                 0.328       -0.029        0.040    (15-84 p)
a_AU_(rho,R)             0.328       -0.029        0.040    (15-84 p)

----- common model:  c
Inclination fixed to 90 deg!
Computing planetary mass under the approximation M_planet << M_star (threshold at 30.0 Me)
a_Rs                    5.0481      -0.0061       0.0058    (15-84 p)
M_Mj                   0.00278     -0.00071      0.00069    (15-84 p)
M_Me                      0.88        -0.22         0.22    (15-84 p)
Tc                    59335.00        -0.10         0.11    (15-84 p)
a_AU_(M)              0.023486    -0.000028     0.000027    (15-84 p)
a_AU_(rho,R)          0.023486    -0.000028     0.000027    (15-84 p)

----- common model:  d
Inclination fixed to 90 deg!
Computing planetary mass under the approximation M_planet << M_star (threshold at 30.0 Me)
a_Rs                    5.4066      -0.0065       0.0073    (15-84 p)
M_Mj                   0.00294     -0.00069      0.00068    (15-84 p)
M_Me                      0.94        -0.22         0.22    (15-84 p)
Tc                   59336.012         -1.2        0.099    (15-84 p)
a_AU_(M)              0.025154    -0.000030     0.000034    (15-84 p)
a_AU_(rho,R)          0.025154    -0.000030     0.000034    (15-84 p)


====================================================================================================
     ------------------------------------------------------------------------------------------     
====================================================================================================



60000.0   steps completed, average lnprob:,  -2347.4973157118748


emcee completed


:::---::: PyORBIT v11.0.1 :::---:::

Python version in use:
3.10.18 (main, Jun  5 2025, 13:14:17) [GCC 11.2.0]
LaTeX disabled by default

Using orbital model:  keplerian
Using orbital parametrization:  Eastman2013

Using orbital model:  keplerian
Using orbital parametrization:  Eastman2013

Using orbital model:  keplerian
Using orbital parametrization:  Eastman2013

gp_multidimensional  S+LEAF model, number of harmonics: 4

GP model: gp_multidimensional  hyperparameters_condition:    True
GP model: gp_multidimensional  rotation_decay_condition:     True

### PyORBIT version used in the analysis:  11.0.1

 emcee version:  3.1.6

 Reference Time Tref: 59334.700184

 Data points:957
 Dimensions: 39
 Nwalkers:   156
 Steps:      60000


Number of samplings: 46800

Recomputing ln-prior, it may take a while...

ln-probability   distribution:  -2347.55       -4.97      4.18 (15-84 p) 
ln-prior         distribution:   -213.04       -2.91      2.18 (15-84 p) 
ln-likelihood    distribution:  -2134.23       -5.38      4.78 (15-84 p) 


*** Information criteria using the likelihood distribution

 BIC from distribution  (using likelihood)  =   4536.15     -9.56   10.77 (15-84 p)
 AIC from distribution  (using likelihood)  =   4346.46     -9.56   10.77 (15-84 p)
 AICc from distribution (using likelihood)  =   4349.86     -9.56   10.77 (15-84 p)


*** Information criteria using the median parameter set

 ln_probability of Median solution =  -2330.80
 ln_priors of Median solution      =   -210.58
 ln_likelihood of Median solution  =  -2120.22

 Median BIC  (using likelihood) =   4508.13
 Median AIC  (using likelihood) =   4318.44
 Median AICc (using likelihood) =   4321.84


*** Information criteria using the MAP parameter set

 ln_probability of MAP solution =  -2334.12
 ln_priors of MAP solution      =   -213.11
 ln_likelihood of MAP solution  =  -2121.01

 MAP BIC  (using likelihood)    =   4509.70
 MAP AIC  (using likelihood)    =   4320.01
 MAP AICc (using likelihood)    =   4323.41

 AICc suggested over AIC because NDATA ( 957 ) < 40 * NDIM ( 39 )

****************************************************************************************************


Computing the autocorrelation time of the chains

***** WARNING ******
The integrated autocorrelation time cannot be reliably estimated
likely the chains are too short, and ACF analysis is not fully reliable
emcee.autocorr.integrated_time tolerance lowered to 20
If you still get a warning, you should drop these results entirely

Reference thinning used in the analysis: 150
Maximum value of the integrated ACF: 13
Step length used in the analysis: 13*nthin = 1950

Convergence criteria: less than 1% variation in ACF after 20 times the integrated ACF
At least 50*ACF after convergence, 100*ACF would be ideal
Negative values: not converged yet

   sampler parameter              |    ACF   | ACF*nthin | converged at | nsteps/ACF | to 100*ACF
                                  |          |           |              |            | 
   RVdata_jitter_0                |    8.57  |     1285  |    52650     |       6    |  121173 
   RVdata_offset_0                |   11.16  |     1674  |       -1     |      -1    |  169033 
   RVdata_offset_1                |   11.37  |     1706  |       -1     |      -1    |  172323 
   RVdata_offset_2                |   11.30  |     1696  |       -1     |      -1    |  171246 
   RVdata_offset_3                |   11.28  |     1692  |       -1     |      -1    |  170856 
   RVdata_gp_multidimensional_rot_amp |    9.75  |     1463  |       -1     |      -1    |  147774 
   RVdata_gp_multidimensional_con_amp |   13.17  |     1975  |       -1     |      -1    |  199476 
   BISdata_jitter_0               |    8.34  |     1251  |       -1     |      -1    |  126345 
   BISdata_offset_0               |    8.81  |     1321  |       -1     |      -1    |  133458 
   BISdata_offset_1               |    8.77  |     1316  |       -1     |      -1    |  132912 
   BISdata_offset_2               |    8.38  |     1256  |    54600     |       4    |  120238 
   BISdata_offset_3               |    9.14  |     1371  |    56550     |       3    |  133626 
   BISdata_gp_multidimensional_rot_amp |    8.46  |     1269  |    52650     |       6    |  119560 
   BISdata_gp_multidimensional_con_amp |    9.80  |     1470  |       -1     |      -1    |  148465 
   FWHMdata_jitter_0              |    9.61  |     1442  |    50700     |       6    |  134877 
   FWHMdata_offset_0              |   11.43  |     1715  |       -1     |      -1    |  173185 
   FWHMdata_offset_1              |   10.75  |     1613  |       -1     |      -1    |  162884 
   FWHMdata_offset_2              |   11.57  |     1735  |       -1     |      -1    |  175244 
   FWHMdata_offset_3              |   11.62  |     1743  |       -1     |      -1    |  176009 
   FWHMdata_gp_multidimensional_rot_amp |    9.28  |     1391  |    54600     |       4    |  133730 
   FWHMdata_gp_multidimensional_con_amp |    9.57  |     1436  |    48750     |       8    |  132309 
   b_P                            |   12.37  |     1856  |       -1     |      -1    |  187453 
   b_K                            |   12.08  |     1811  |       -1     |      -1    |  182952 
   b_sre_coso                     |    9.33  |     1399  |    56550     |       2    |  136437 
   b_sre_sino                     |    9.18  |     1376  |       -1     |      -1    |  139019 
   b_mean_long                    |   12.35  |     1853  |       -1     |      -1    |  187116 
   c_P                            |    9.45  |     1418  |    50700     |       7    |  132476 
   c_K                            |    9.38  |     1407  |       -1     |      -1    |  142100 
   c_sre_coso                     |    8.78  |     1317  |    48750     |       9    |  120476 
   c_sre_sino                     |    9.57  |     1436  |    50700     |       6    |  134320 
   c_mean_long                    |    9.59  |     1439  |    46800     |       9    |  130704 
   d_P                            |    9.66  |     1449  |       -1     |      -1    |  146398 
   d_K                            |   10.04  |     1507  |       -1     |      -1    |  152179 
   d_sre_coso                     |    9.52  |     1427  |    44850     |      11    |  127589 
   d_sre_sino                     |    9.05  |     1357  |    54600     |       4    |  130325 
   d_mean_long                    |    9.49  |     1423  |       -1     |      -1    |  143700 
   activity_Prot                  |    8.58  |     1287  |    50700     |       7    |  119438 
   activity_Pdec                  |   10.86  |     1629  |    46800     |       8    |  149703 
   activity_Oamp                  |    8.57  |     1285  |    54600     |       4    |  123107 

    22 chains have not converged yet, keep going 

Check the documentation for the correct interpretation of these results:
https://pyorbit.readthedocs.io/running_pyorbit/terminal_output/#autocorrelation-analysis

 Plotting the ACF... 


====================================================================================================
     Ids, spaces (s), boundaries (b) and priors (p) of the sampler parameters     
====================================================================================================

----- dataset:  RVdata
jitter_0      id:  18  s:Linear      b:[      0.0009,      14.4000]   p:Uniform   []
offset_0      id:  19  s:Linear      b:[  -9996.1930,   10016.9830]   p:Uniform   []
offset_1      id:  20  s:Linear      b:[  -9996.1930,   10016.9830]   p:Uniform   []
offset_2      id:  21  s:Linear      b:[  -9996.1930,   10016.9830]   p:Uniform   []
offset_3      id:  22  s:Linear      b:[  -9996.1930,   10016.9830]   p:Uniform   []

----- dataset: RVdata                    ----- model: gp_multidimensional           
rot_amp       id:  23  s:Linear      b:[      0.0000,      10.0000]   p:Uniform   []
con_amp       id:  24  s:Linear      b:[    -20.0000,      20.0000]   p:Uniform   []

----- dataset:  BISdata
jitter_0      id:  25  s:Linear      b:[      0.0095,      95.0000]   p:Uniform   []
offset_0      id:  26  s:Linear      b:[ -10079.3333,    9959.9833]   p:Uniform   []
offset_1      id:  27  s:Linear      b:[ -10079.3333,    9959.9833]   p:Uniform   []
offset_2      id:  28  s:Linear      b:[ -10079.3333,    9959.9833]   p:Uniform   []
offset_3      id:  29  s:Linear      b:[ -10079.3333,    9959.9833]   p:Uniform   []

----- dataset: BISdata                   ----- model: gp_multidimensional           
rot_amp       id:  30  s:Linear      b:[    -10.0000,      10.0000]   p:Uniform   []
con_amp       id:  31  s:Linear      b:[    -20.0000,      20.0000]   p:Uniform   []

----- dataset:  FWHMdata
jitter_0      id:  32  s:Linear      b:[      0.0500,     500.0000]   p:Uniform   []
offset_0      id:  33  s:Linear      b:[  -3319.7953,   16947.8039]   p:Uniform   []
offset_1      id:  34  s:Linear      b:[  -3319.7953,   16947.8039]   p:Uniform   []
offset_2      id:  35  s:Linear      b:[  -3319.7953,   16947.8039]   p:Uniform   []
offset_3      id:  36  s:Linear      b:[  -3319.7953,   16947.8039]   p:Uniform   []

----- dataset: FWHMdata                  ----- model: gp_multidimensional           
rot_amp       id:  37  s:Linear      b:[    -10.0000,      10.0000]   p:Uniform   []
con_amp       id:  38  s:Linear      b:[    -20.0000,      20.0000]   p:Uniform   []

----- common model:  b
P             id:   0  s:Log_Base2   b:[      0.3785,       6.6439]   p:Uniform   []
K             id:   1  s:Log_Base2   b:[     -9.9658,       3.3219]   p:Uniform   []
sre_coso      id:   2  s:Linear      b:[     -1.0000,       1.0000]   p:Uniform   []
sre_sino      id:   3  s:Linear      b:[     -1.0000,       1.0000]   p:Uniform   []
mean_long     id:   4  s:Linear      b:[    108.3058,     468.3058]   p:Uniform   []
e             derived (no id, space, bound)                           p:Gaussian   [0.    0.098]
omega         derived (no id, space, bound)                           p:Uniform   [0.0, 360.0]

----- common model:  c
P             id:   5  s:Log_Base2   b:[      0.3785,       6.6439]   p:Uniform   []
K             id:   6  s:Log_Base2   b:[     -9.9658,       3.3219]   p:Uniform   []
sre_coso      id:   7  s:Linear      b:[     -1.0000,       1.0000]   p:Uniform   []
sre_sino      id:   8  s:Linear      b:[     -1.0000,       1.0000]   p:Uniform   []
mean_long     id:   9  s:Linear      b:[   -170.2285,     189.7715]   p:Uniform   []
e             derived (no id, space, bound)                           p:Gaussian   [0.    0.098]
omega         derived (no id, space, bound)                           p:Uniform   [0.0, 360.0]

----- common model:  d
P             id:  10  s:Log_Base2   b:[      0.3785,       6.6439]   p:Uniform   []
K             id:  11  s:Log_Base2   b:[     -9.9658,       3.3219]   p:Uniform   []
sre_coso      id:  12  s:Linear      b:[     -1.0000,       1.0000]   p:Uniform   []
sre_sino      id:  13  s:Linear      b:[     -1.0000,       1.0000]   p:Uniform   []
mean_long     id:  14  s:Linear      b:[    -80.8809,     279.1191]   p:Uniform   []
e             derived (no id, space, bound)                           p:Gaussian   [0.    0.098]
omega         derived (no id, space, bound)                           p:Uniform   [0.0, 360.0]

----- common model:  activity
Prot          id:  15  s:Linear      b:[     20.0000,      35.0000]   p:Gaussian   [28.   0.5]
Pdec          id:  16  s:Linear      b:[     30.0000,    1000.0000]   p:Uniform   []
Oamp          id:  17  s:Log_Base2   b:[     -6.6439,       0.0000]   p:Gaussian   [0.35  0.035]

----- common model:  star_parameters
mass          derived (no id, space, bound)                           p:Gaussian   [1.e+00 1.e-06]
radius        derived (no id, space, bound)                           p:Gaussian   [1.e+00 1.e-06]
density       derived (no id, space, bound)                           p:Gaussian   [1.e+00 1.e-06]


****************************************************************************************************
****************************************************************************************************

 Confidence intervals (median value, 34.135th percentile from the median on the left and right side)

====================================================================================================
     Statistics on the posterior of the sampler parameters     
====================================================================================================

----- dataset:  RVdata
jitter_0        18         1.135       -0.047        0.050   (15-84 p)   [    0.0009,    14.4000]
offset_0        19          9.31        -0.30         0.38   (15-84 p)   [-9996.1930, 10016.9830]
offset_1        20         10.40        -0.41         0.46   (15-84 p)   [-9996.1930, 10016.9830]
offset_2        21         10.26        -0.31         0.38   (15-84 p)   [-9996.1930, 10016.9830]
offset_3        22         10.27        -0.31         0.38   (15-84 p)   [-9996.1930, 10016.9830]

----- dataset: RVdata                    ----- model: gp_multidimensional           
rot_amp         23          9.26        -0.94         0.55   (15-84 p)   [    0.0000,    10.0000]
con_amp         24          0.50        -0.29         0.28   (15-84 p)   [  -20.0000,    20.0000]

----- dataset:  BISdata
jitter_0        25         1.980       -0.096         0.10   (15-84 p)   [    0.0095,    95.0000]
offset_0        26        -74.56        -0.23         0.23   (15-84 p)   [-10079.3333,  9959.9833]
offset_1        27        -44.77        -0.45         0.46   (15-84 p)   [-10079.3333,  9959.9833]
offset_2        28        -52.85        -0.24         0.25   (15-84 p)   [-10079.3333,  9959.9833]
offset_3        29        -59.82        -0.25         0.24   (15-84 p)   [-10079.3333,  9959.9833]

----- dataset: BISdata                   ----- model: gp_multidimensional           
rot_amp         30          0.03        -0.70         0.71   (15-84 p)   [  -10.0000,    10.0000]
con_amp         31          0.07        -0.11         0.11   (15-84 p)   [  -20.0000,    20.0000]

----- dataset:  FWHMdata
jitter_0        32          0.31        -0.18         0.29   (15-84 p)   [    0.0500,   500.0000]
offset_0        33        6692.6         -1.6          1.5   (15-84 p)   [-3319.7953, 16947.8039]
offset_1        34        6938.8         -1.8          1.8   (15-84 p)   [-3319.7953, 16947.8039]
offset_2        35        6857.1         -1.6          1.6   (15-84 p)   [-3319.7953, 16947.8039]
offset_3        36        6895.9         -1.6          1.5   (15-84 p)   [-3319.7953, 16947.8039]

----- dataset: FWHMdata                  ----- model: gp_multidimensional           
rot_amp         37          -1.6         -1.7          1.7   (15-84 p)   [  -10.0000,    10.0000]
con_amp         38         -3.03        -0.49         0.42   (15-84 p)   [  -20.0000,    20.0000]

----- common model:  b
P                0          6.10        -0.20         0.25   (15-84 p)   [    0.3785,     6.6439]
K                1          0.29        -0.36         0.31   (15-84 p)   [   -9.9658,     3.3219]
sre_coso         2         -0.01        -0.20         0.21   (15-84 p)   [   -1.0000,     1.0000]
sre_sino         3          0.05        -0.22         0.20   (15-84 p)   [   -1.0000,     1.0000]
mean_long        4           297          -36           39   (15-84 p)   [  108.3058,   468.3058]

----- common model:  c
P                5        0.3947      -0.0026       0.0025   (15-84 p)   [    0.3785,     6.6439]
K                6         -0.94        -0.42         0.32   (15-84 p)   [   -9.9658,     3.3219]
sre_coso         7          0.00        -0.22         0.21   (15-84 p)   [   -1.0000,     1.0000]
sre_sino         8          0.18        -0.25         0.19   (15-84 p)   [   -1.0000,     1.0000]
mean_long        9            10          -32           31   (15-84 p)   [ -170.2285,   189.7715]

----- common model:  d
P               10        0.5432      -0.0026       0.0029   (15-84 p)   [    0.3785,     6.6439]
K               11         -0.91        -0.39         0.30   (15-84 p)   [   -9.9658,     3.3219]
sre_coso        12          0.15        -0.24         0.19   (15-84 p)   [   -1.0000,     1.0000]
sre_sino        13          0.09        -0.23         0.20   (15-84 p)   [   -1.0000,     1.0000]
mean_long       14            98          -26           29   (15-84 p)   [  -80.8809,   279.1191]

----- common model:  activity
Prot            15         28.29        -0.41         0.41   (15-84 p)   [   20.0000,    35.0000]
Pdec            16          32.8         -2.0          4.0   (15-84 p)   [   30.0000,  1000.0000]
Oamp            17         -1.24        -0.11         0.10   (15-84 p)   [   -6.6439,     0.0000]

----- common model:  star_parameters

====================================================================================================
     Statistics on the model parameters obtained from the posteriors samples     
====================================================================================================

----- dataset:  RVdata
jitter_0                 1.135       -0.047        0.050    (15-84 p)
offset_0                  9.31        -0.30         0.38    (15-84 p)
offset_1                 10.40        -0.41         0.46    (15-84 p)
offset_2                 10.26        -0.31         0.38    (15-84 p)
offset_3                 10.27        -0.31         0.38    (15-84 p)


----- dataset: RVdata                    ----- model: gp_multidimensional           
rot_amp                   9.26        -0.94         0.55    (15-84 p)
con_amp                   0.50        -0.29         0.28    (15-84 p)

----- dataset:  BISdata
jitter_0                 1.980       -0.096         0.10    (15-84 p)
offset_0                -74.56        -0.23         0.23    (15-84 p)
offset_1                -44.77        -0.45         0.46    (15-84 p)
offset_2                -52.85        -0.24         0.25    (15-84 p)
offset_3                -59.82        -0.25         0.24    (15-84 p)


----- dataset: BISdata                   ----- model: gp_multidimensional           
rot_amp                   0.03        -0.70         0.71    (15-84 p)
con_amp                   0.07        -0.11         0.11    (15-84 p)

----- dataset:  FWHMdata
jitter_0                  0.31        -0.18         0.29    (15-84 p)
offset_0                6692.6         -1.6          1.5    (15-84 p)
offset_1                6938.8         -1.8          1.8    (15-84 p)
offset_2                6857.1         -1.6          1.6    (15-84 p)
offset_3                6895.9         -1.6          1.5    (15-84 p)


----- dataset: FWHMdata                  ----- model: gp_multidimensional           
rot_amp                   -1.6         -1.7          1.7    (15-84 p)
con_amp                  -3.03        -0.49         0.42    (15-84 p)

----- common model:  b
P                         68.6         -9.0           13    (15-84 p)
K                         1.22        -0.27         0.29    (15-84 p)
mean_long                  297          -36           39    (15-84 p)
e                        0.064       -0.045        0.071    (15-84 p)
omega                       94         -114          105    (15-84 p)

----- common model:  c
P                       1.3147      -0.0024       0.0023    (15-84 p)
K                         0.52        -0.13         0.13    (15-84 p)
mean_long                   10          -32           31    (15-84 p)
e                        0.095       -0.066        0.091    (15-84 p)
omega                       91          -73           70    (15-84 p)

----- common model:  d
P                       1.4572      -0.0026       0.0030    (15-84 p)
K                         0.53        -0.13         0.12    (15-84 p)
mean_long                   98          -26           29    (15-84 p)
e                        0.092       -0.064        0.092    (15-84 p)
omega                       24          -89           63    (15-84 p)

----- common model:  activity
Prot                     28.29        -0.41         0.41    (15-84 p)
Pdec                      32.8         -2.0          4.0    (15-84 p)
Oamp                     0.422       -0.031        0.030    (15-84 p)

----- common model:  star_parameters

====================================================================================================
     Statistics on the derived parameters obtained from the posteriors samples     
====================================================================================================

----- common model:  b
Inclination fixed to 90 deg!
Computing planetary mass under the approximation M_planet << M_star (threshold at 30.0 Me)
a_Rs                      70.5         -6.3          8.6    (15-84 p)
M_Mj                    0.0244      -0.0056       0.0068    (15-84 p)
M_Me                       7.7         -1.8          2.2    (15-84 p)
Tc                     59363.9         -3.9          3.2    (15-84 p)
a_AU_(M)                 0.328       -0.029        0.040    (15-84 p)
a_AU_(rho,R)             0.328       -0.029        0.040    (15-84 p)

----- common model:  c
Inclination fixed to 90 deg!
Computing planetary mass under the approximation M_planet << M_star (threshold at 30.0 Me)
a_Rs                    5.0481      -0.0061       0.0058    (15-84 p)
M_Mj                   0.00278     -0.00071      0.00069    (15-84 p)
M_Me                      0.88        -0.22         0.22    (15-84 p)
Tc                    59335.00        -0.10         0.11    (15-84 p)
a_AU_(M)              0.023486    -0.000028     0.000027    (15-84 p)
a_AU_(rho,R)          0.023486    -0.000028     0.000027    (15-84 p)

----- common model:  d
Inclination fixed to 90 deg!
Computing planetary mass under the approximation M_planet << M_star (threshold at 30.0 Me)
a_Rs                    5.4066      -0.0065       0.0073    (15-84 p)
M_Mj                   0.00294     -0.00069      0.00068    (15-84 p)
M_Me                      0.94        -0.22         0.22    (15-84 p)
Tc                   59336.012         -1.2        0.099    (15-84 p)
a_AU_(M)              0.025154    -0.000030     0.000034    (15-84 p)
a_AU_(rho,R)          0.025154    -0.000030     0.000034    (15-84 p)


====================================================================================================
     ------------------------------------------------------------------------------------------     
====================================================================================================



****************************************************************************************************

 Parameters corresponding to the Maximum a Posteriori probability ( -2334.1159345559245 )

====================================================================================================
     Statistics on the posterior of the sampler parameters     
====================================================================================================

----- dataset:  RVdata
jitter_0        18      1.083004 [    0.0009,    14.4000]
offset_0        19      9.357365 [-9996.1930, 10016.9830]
offset_1        20     10.391694 [-9996.1930, 10016.9830]
offset_2        21     10.140016 [-9996.1930, 10016.9830]
offset_3        22     10.346359 [-9996.1930, 10016.9830]

----- dataset: RVdata                    ----- model: gp_multidimensional           
rot_amp         23      9.393151 [    0.0000,    10.0000]
con_amp         24      0.472751 [  -20.0000,    20.0000]

----- dataset:  BISdata
jitter_0        25      1.912575 [    0.0095,    95.0000]
offset_0        26    -74.610862 [-10079.3333,  9959.9833]
offset_1        27    -44.872798 [-10079.3333,  9959.9833]
offset_2        28    -52.672496 [-10079.3333,  9959.9833]
offset_3        29    -59.990440 [-10079.3333,  9959.9833]

----- dataset: BISdata                   ----- model: gp_multidimensional           
rot_amp         30     -0.226082 [  -10.0000,    10.0000]
con_amp         31      0.123734 [  -20.0000,    20.0000]

----- dataset:  FWHMdata
jitter_0        32      0.167367 [    0.0500,   500.0000]
offset_0        33   6692.572277 [-3319.7953, 16947.8039]
offset_1        34   6938.729025 [-3319.7953, 16947.8039]
offset_2        35   6856.174695 [-3319.7953, 16947.8039]
offset_3        36   6895.893389 [-3319.7953, 16947.8039]

----- dataset: FWHMdata                  ----- model: gp_multidimensional           
rot_amp         37     -2.104552 [  -10.0000,    10.0000]
con_amp         38     -2.790821 [  -20.0000,    20.0000]

----- common model:  b
P                0      5.922734 [    0.3785,     6.6439]
K                1      0.224695 [   -9.9658,     3.3219]
sre_coso         2      0.008370 [   -1.0000,     1.0000]
sre_sino         3      0.105479 [   -1.0000,     1.0000]
mean_long        4    278.417058 [  108.3058,   468.3058]

----- common model:  c
P                5      0.395745 [    0.3785,     6.6439]
K                6     -0.810807 [   -9.9658,     3.3219]
sre_coso         7     -0.061448 [   -1.0000,     1.0000]
sre_sino         8      0.351348 [   -1.0000,     1.0000]
mean_long        9     18.532740 [ -170.2285,   189.7715]

----- common model:  d
P               10      0.542742 [    0.3785,     6.6439]
K               11     -0.553196 [   -9.9658,     3.3219]
sre_coso        12      0.364089 [   -1.0000,     1.0000]
sre_sino        13     -0.076271 [   -1.0000,     1.0000]
mean_long       14     88.138483 [  -80.8809,   279.1191]

----- common model:  activity
Prot            15     28.180523 [   20.0000,    35.0000]
Pdec            16     30.986717 [   30.0000,  1000.0000]
Oamp            17     -1.196630 [   -6.6439,     0.0000]

----- common model:  star_parameters

====================================================================================================
     Statistics on the model parameters obtained from the posteriors samples     
====================================================================================================

----- dataset:  RVdata
jitter_0              1.083004 
offset_0              9.357365 
offset_1             10.391694 
offset_2             10.140016 
offset_3             10.346359 


----- dataset: RVdata                    ----- model: gp_multidimensional           
rot_amp               9.393151 
con_amp               0.472751 

----- dataset:  BISdata
jitter_0              1.912575 
offset_0            -74.610862 
offset_1            -44.872798 
offset_2            -52.672496 
offset_3            -59.990440 


----- dataset: BISdata                   ----- model: gp_multidimensional           
rot_amp              -0.226082 
con_amp               0.123734 

----- dataset:  FWHMdata
jitter_0              0.167367 
offset_0           6692.572277 
offset_1           6938.729025 
offset_2           6856.174695 
offset_3           6895.893389 


----- dataset: FWHMdata                  ----- model: gp_multidimensional           
rot_amp              -2.104552 
con_amp              -2.790821 

----- common model:  b
P                    60.662543 
K                     1.168530 
mean_long           278.417058 
e                     0.011196 
omega                85.463075 

----- common model:  c
P                     1.315622 
K                     0.570063 
mean_long            18.532740 
e                     0.127221 
omega                99.920210 

----- common model:  d
P                     1.456738 
K                     0.681509 
mean_long            88.138483 
e                     0.138378 
omega               -11.831433 

----- common model:  activity
Prot                 28.180523 
Pdec                 30.986717 
Oamp                  0.436293 

----- common model:  star_parameters

====================================================================================================
     Statistics on the derived parameters obtained from the posteriors samples     
====================================================================================================

----- common model:  b
Inclination fixed to 90 deg!
a_Rs                 64.942579 
M_Mj                  0.022585 
M_Me                  7.179731 
Tc                59363.596164 
a_AU_(M)              0.302147 
a_AU_(rho,R)          0.302144 

----- common model:  c
Inclination fixed to 90 deg!
a_Rs                  5.050532 
M_Mj                  0.003048 
M_Me                  0.968887 
Tc                59334.969741 
a_AU_(M)              0.023498 
a_AU_(rho,R)          0.023497 

----- common model:  d
Inclination fixed to 90 deg!
a_Rs                  5.405516 
M_Mj                  0.003764 
M_Me                  1.196513 
Tc                59336.100489 
a_AU_(M)              0.025149 
a_AU_(rho,R)          0.025149 


====================================================================================================
     ------------------------------------------------------------------------------------------     
====================================================================================================



****************************************************************************************************

 Parameters corresponding to the sample closest to the median values ( -2337.542334841535 )

====================================================================================================
     Statistics on the posterior of the sampler parameters     
====================================================================================================

----- dataset:  RVdata
jitter_0        18      1.139370 [    0.0009,    14.4000]
offset_0        19      9.056020 [-9996.1930, 10016.9830]
offset_1        20     10.196646 [-9996.1930, 10016.9830]
offset_2        21     10.087442 [-9996.1930, 10016.9830]
offset_3        22     10.105200 [-9996.1930, 10016.9830]

----- dataset: RVdata                    ----- model: gp_multidimensional           
rot_amp         23      9.488293 [    0.0000,    10.0000]
con_amp         24      0.453395 [  -20.0000,    20.0000]

----- dataset:  BISdata
jitter_0        25      1.964450 [    0.0095,    95.0000]
offset_0        26    -74.477784 [-10079.3333,  9959.9833]
offset_1        27    -44.923791 [-10079.3333,  9959.9833]
offset_2        28    -52.734329 [-10079.3333,  9959.9833]
offset_3        29    -59.954333 [-10079.3333,  9959.9833]

----- dataset: BISdata                   ----- model: gp_multidimensional           
rot_amp         30      0.389575 [  -10.0000,    10.0000]
con_amp         31      0.245422 [  -20.0000,    20.0000]

----- dataset:  FWHMdata
jitter_0        32      0.275774 [    0.0500,   500.0000]
offset_0        33   6693.185798 [-3319.7953, 16947.8039]
offset_1        34   6939.875201 [-3319.7953, 16947.8039]
offset_2        35   6857.154246 [-3319.7953, 16947.8039]
offset_3        36   6896.242850 [-3319.7953, 16947.8039]

----- dataset: FWHMdata                  ----- model: gp_multidimensional           
rot_amp         37     -2.497871 [  -10.0000,    10.0000]
con_amp         38     -3.172135 [  -20.0000,    20.0000]

----- common model:  b
P                0      6.107482 [    0.3785,     6.6439]
K                1      0.382841 [   -9.9658,     3.3219]
sre_coso         2     -0.036941 [   -1.0000,     1.0000]
sre_sino         3      0.137841 [   -1.0000,     1.0000]
mean_long        4    314.858651 [  108.3058,   468.3058]

----- common model:  c
P                5      0.394307 [    0.3785,     6.6439]
K                6     -0.758373 [   -9.9658,     3.3219]
sre_coso         7      0.132910 [   -1.0000,     1.0000]
sre_sino         8      0.184880 [   -1.0000,     1.0000]
mean_long        9    -10.556738 [ -170.2285,   189.7715]

----- common model:  d
P               10      0.544565 [    0.3785,     6.6439]
K               11     -0.965553 [   -9.9658,     3.3219]
sre_coso        12      0.163272 [   -1.0000,     1.0000]
sre_sino        13      0.053943 [   -1.0000,     1.0000]
mean_long       14    115.073253 [  -80.8809,   279.1191]

----- common model:  activity
Prot            15     28.480313 [   20.0000,    35.0000]
Pdec            16     38.446316 [   30.0000,  1000.0000]
Oamp            17     -1.256734 [   -6.6439,     0.0000]

----- common model:  star_parameters

====================================================================================================
     Statistics on the model parameters obtained from the posteriors samples     
====================================================================================================

----- dataset:  RVdata
jitter_0              1.139370 
offset_0              9.056020 
offset_1             10.196646 
offset_2             10.087442 
offset_3             10.105200 


----- dataset: RVdata                    ----- model: gp_multidimensional           
rot_amp               9.488293 
con_amp               0.453395 

----- dataset:  BISdata
jitter_0              1.964450 
offset_0            -74.477784 
offset_1            -44.923791 
offset_2            -52.734329 
offset_3            -59.954333 


----- dataset: BISdata                   ----- model: gp_multidimensional           
rot_amp               0.389575 
con_amp               0.245422 

----- dataset:  FWHMdata
jitter_0              0.275774 
offset_0           6693.185798 
offset_1           6939.875201 
offset_2           6857.154246 
offset_3           6896.242850 


----- dataset: FWHMdata                  ----- model: gp_multidimensional           
rot_amp              -2.497871 
con_amp              -3.172135 

----- common model:  b
P                    68.950152 
K                     1.303907 
mean_long           314.858651 
e                     0.020365 
omega               105.002709 

----- common model:  c
P                     1.314311 
K                     0.591163 
mean_long           -10.556738 
e                     0.051846 
omega                54.287613 

----- common model:  d
P                     1.458581 
K                     0.512082 
mean_long           115.073253 
e                     0.029568 
omega                18.282934 

----- common model:  activity
Prot                 28.480313 
Pdec                 38.446316 
Oamp                  0.418490 

----- common model:  star_parameters

====================================================================================================
     Statistics on the derived parameters obtained from the posteriors samples     
====================================================================================================

----- common model:  b
Inclination fixed to 90 deg!
a_Rs                 70.730345 
M_Mj                  0.026297 
M_Me                  8.359714 
Tc                59360.697580 
a_AU_(M)              0.329075 
a_AU_(rho,R)          0.329071 

----- common model:  c
Inclination fixed to 90 deg!
a_Rs                  5.047176 
M_Mj                  0.003181 
M_Me                  1.011281 
Tc                59335.055033 
a_AU_(M)              0.023482 
a_AU_(rho,R)          0.023482 

----- common model:  d
Inclination fixed to 90 deg!
a_Rs                  5.410071 
M_Mj                  0.002856 
M_Me                  0.907772 
Tc                59336.044235 
a_AU_(M)              0.025170 
a_AU_(rho,R)          0.025170 


====================================================================================================
     ------------------------------------------------------------------------------------------     
====================================================================================================



****************************************************************************************************

Inclination fixed to 90 deg!
Inclination fixed to 90 deg!
Inclination fixed to 90 deg!
Note: stellar density derived from stellar mass and radius

Inclination fixed to 90 deg!
Inclination fixed to 90 deg!
Inclination fixed to 90 deg!
Inclination fixed to 90 deg!
Inclination fixed to 90 deg!
Inclination fixed to 90 deg!
 Plot FLAT chain 

****************************************************************************************************

 Skipping full correlation plot due to the high number of parameters
 To avoid this behaviour, set the keyword parameters:force_full_correlation_plot to True

****************************************************************************************************

 Plotting the chains... 

****************************************************************************************************

 Plotting the Gelman-Rubin traces... 

     Gelman-Rubin:    18     1.012017 RVdata_jitter_0 
     Gelman-Rubin:    19     1.022413 RVdata_offset_0 
     Gelman-Rubin:    20     1.022853 RVdata_offset_1 
     Gelman-Rubin:    21     1.019995 RVdata_offset_2 
     Gelman-Rubin:    22     1.021456 RVdata_offset_3 
     Gelman-Rubin:    23     1.017181 RVdata_gp_multidimensional_rot_amp 
     Gelman-Rubin:    24     1.032723 RVdata_gp_multidimensional_con_amp 
     Gelman-Rubin:    25     1.013615 BISdata_jitter_0 
     Gelman-Rubin:    26     1.014537 BISdata_offset_0 
     Gelman-Rubin:    27     1.013234 BISdata_offset_1 
     Gelman-Rubin:    28     1.013087 BISdata_offset_2 
     Gelman-Rubin:    29     1.013391 BISdata_offset_3 
     Gelman-Rubin:    30     1.009268 BISdata_gp_multidimensional_rot_amp 
     Gelman-Rubin:    31     1.014371 BISdata_gp_multidimensional_con_amp 
     Gelman-Rubin:    32     1.015310 FWHMdata_jitter_0 
     Gelman-Rubin:    33     1.017566 FWHMdata_offset_0 
     Gelman-Rubin:    34     1.016114 FWHMdata_offset_1 
     Gelman-Rubin:    35     1.015995 FWHMdata_offset_2 
     Gelman-Rubin:    36     1.018170 FWHMdata_offset_3 
     Gelman-Rubin:    37     1.013432 FWHMdata_gp_multidimensional_rot_amp 
     Gelman-Rubin:    38     1.014260 FWHMdata_gp_multidimensional_con_amp 
     Gelman-Rubin:     0     1.023837 b_P 
     Gelman-Rubin:     1     1.026876 b_K 
     Gelman-Rubin:     2     1.014586 b_sre_coso 
     Gelman-Rubin:     3     1.011989 b_sre_sino 
     Gelman-Rubin:     4     1.025455 b_mean_long 
     Gelman-Rubin:     5     1.013731 c_P 
     Gelman-Rubin:     6     1.050130 c_K 
     Gelman-Rubin:     7     1.011667 c_sre_coso 
     Gelman-Rubin:     8     1.014139 c_sre_sino 
     Gelman-Rubin:     9     1.014291 c_mean_long 
     Gelman-Rubin:    10     1.013077 d_P 
     Gelman-Rubin:    11     1.015481 d_K 
     Gelman-Rubin:    12     1.013299 d_sre_coso 
     Gelman-Rubin:    13     1.014200 d_sre_sino 
     Gelman-Rubin:    14     1.012493 d_mean_long 
     Gelman-Rubin:    15     1.013723 activity_Prot 
     Gelman-Rubin:    16     1.023150 activity_Pdec 
     Gelman-Rubin:    17     1.013186 activity_Oamp 

****************************************************************************************************

Plotting the common models corner plots
     Common model:  b
     Common model:  c
     Common model:  d
     Common model:  activity
     Common model:  star_parameters

****************************************************************************************************

Plotting the dataset + models corner plots 

     Dataset:  RVdata     model:  gp_multidimensional  corner plot  starting 
     Dataset:  RVdata     model:  gp_multidimensional  corner plot  done 
     Dataset:  RVdata     model:  radial_velocities_b  corner plot  starting 
     Dataset:  RVdata     model:  radial_velocities_b  corner plot  done 
     Dataset:  RVdata     model:  radial_velocities_c  corner plot  starting 
     Dataset:  RVdata     model:  radial_velocities_c  corner plot  done 
     Dataset:  RVdata     model:  radial_velocities_d  corner plot  starting 
     Dataset:  RVdata     model:  radial_velocities_d  corner plot  done 
     Dataset:  BISdata     model:  gp_multidimensional  corner plot  starting 
     Dataset:  BISdata     model:  gp_multidimensional  corner plot  done 
     Dataset:  FWHMdata     model:  gp_multidimensional  corner plot  starting 
     Dataset:  FWHMdata     model:  gp_multidimensional  corner plot  done 

****************************************************************************************************

 Saving the planet parameter samplings to files (with plots)

****************************************************************************************************

 Saving all the parameter samplings to files (with plots)

****************************************************************************************************

 Computing the models for plot/data writing 
     Splitting the plot array to allow GP prediction of extended datasets, it may take a while...
     # 64 chunks of 100 times each
     Check the documentation if the code is taking too long or if it crashes...
     Splitting the plot array to allow GP prediction of extended datasets, it may take a while...
     # 39 chunks of 100 times each
     Check the documentation if the code is taking too long or if it crashes...
     Splitting the plot array to allow GP prediction of extended datasets, it may take a while...
     # 39 chunks of 100 times each
     Check the documentation if the code is taking too long or if it crashes...
     Splitting the plot array to allow GP prediction of extended datasets, it may take a while...
     # 64 chunks of 100 times each
     Check the documentation if the code is taking too long or if it crashes...
     Splitting the plot array to allow GP prediction of extended datasets, it may take a while...
     # 39 chunks of 100 times each
     Check the documentation if the code is taking too long or if it crashes...
     Splitting the plot array to allow GP prediction of extended datasets, it may take a while...
     # 39 chunks of 100 times each
     Check the documentation if the code is taking too long or if it crashes...
     Splitting the plot array to allow GP prediction of extended datasets, it may take a while...
     # 64 chunks of 100 times each
     Check the documentation if the code is taking too long or if it crashes...
     Splitting the plot array to allow GP prediction of extended datasets, it may take a while...
     # 39 chunks of 100 times each
     Check the documentation if the code is taking too long or if it crashes...
     Splitting the plot array to allow GP prediction of extended datasets, it may take a while...
     # 39 chunks of 100 times each
     Check the documentation if the code is taking too long or if it crashes...
 Writing the plots 
 Writing the   data files 
 Writing the  MAP_ data files 
 Writing the  sampleMED_ data files 

****************************************************************************************************

