
:::---::: PyORBIT v11.0.1 :::---:::

Python version in use:
3.10.18 (main, Jun  5 2025, 13:14:17) [GCC 11.2.0]

reloaded_optimize:  False
reloaded_pyde:  False
reloaded_emcee:  False

number of multiprocessing threads: 16
multiprocessing method (should be fork):  fork

parameters/safe_reload flag (must be True for tinygp):  False

Opening:  RVdata_expres
Opening:  RVdata_harps
Opening:  RVdata_neid
Opening:  BISdata_expres
Opening:  BISdata_harps
Opening:  BISdata_neid
Opening:  FWHMdata_expres
Opening:  FWHMdata_harps
Opening:  FWHMdata_neid
Opening:  Contrastdata_expres
Opening:  Contrastdata_harps
Opening:  Contrastdata_neid
Opening:  Halphadata_expres
Opening:  Halphadata_harps
Opening:  Halphadata_neid

gp_multidimensional  S+LEAF model, number of harmonics: 4

GP model: gp_multidimensional  hyperparameters_condition:    True
GP model: gp_multidimensional  rotation_decay_condition:     True

====================================================================================================
     Ids, spaces (s), boundaries (b) and priors (p) of the sampler parameters     
====================================================================================================

----- dataset:  RVdata_expres
jitter_0      id:   3  s:Linear      b:[      0.0010,      11.5000]   p:Uniform   []
offset_0      id:   4  s:Linear      b:[ -10006.2420,   10010.4100]   p:Uniform   []

----- dataset: RVdata_expres             ----- model: gp_multidimensional           
rot_amp       id:   5  s:Linear      b:[      0.0000,      10.0000]   p:Uniform   []
con_amp       id:   6  s:Linear      b:[    -20.0000,      20.0000]   p:Uniform   []

----- dataset:  RVdata_harps
jitter_0      id:   7  s:Linear      b:[      0.0009,      13.3000]   p:Uniform   []
offset_0      id:   8  s:Linear      b:[ -10005.4343,   10010.2475]   p:Uniform   []
offset_1      id:   9  s:Linear      b:[ -10005.4343,   10010.2475]   p:Uniform   []

----- dataset: RVdata_harps              ----- model: gp_multidimensional           
rot_amp       id:  10  s:Linear      b:[      0.0000,      10.0000]   p:Uniform   []
con_amp       id:  11  s:Linear      b:[    -20.0000,      20.0000]   p:Uniform   []

----- dataset:  RVdata_neid
jitter_0      id:  12  s:Linear      b:[      0.0010,      12.2000]   p:Uniform   []
offset_0      id:  13  s:Linear      b:[ -10005.9046,   10009.8774]   p:Uniform   []

----- dataset: RVdata_neid               ----- model: gp_multidimensional           
rot_amp       id:  14  s:Linear      b:[      0.0000,      10.0000]   p:Uniform   []
con_amp       id:  15  s:Linear      b:[    -20.0000,      20.0000]   p:Uniform   []

----- dataset:  BISdata_expres
jitter_0      id:  16  s:Linear      b:[      0.0095,      95.0000]   p:Uniform   []
offset_0      id:  17  s:Linear      b:[ -10061.4500,    9948.9833]   p:Uniform   []

----- dataset: BISdata_expres            ----- model: gp_multidimensional           
rot_amp       id:  18  s:Linear      b:[    -10.0000,      10.0000]   p:Uniform   []
con_amp       id:  19  s:Linear      b:[    -20.0000,      20.0000]   p:Uniform   []

----- dataset:  BISdata_harps
jitter_0      id:  20  s:Linear      b:[      0.0095,      95.0000]   p:Uniform   []
offset_0      id:  21  s:Linear      b:[ -10050.8667,    9968.4000]   p:Uniform   []
offset_1      id:  22  s:Linear      b:[ -10050.8667,    9968.4000]   p:Uniform   []

----- dataset: BISdata_harps             ----- model: gp_multidimensional           
rot_amp       id:  23  s:Linear      b:[    -10.0000,      10.0000]   p:Uniform   []
con_amp       id:  24  s:Linear      b:[    -20.0000,      20.0000]   p:Uniform   []

----- dataset:  BISdata_neid
jitter_0      id:  25  s:Linear      b:[      0.0095,      95.0000]   p:Uniform   []
offset_0      id:  26  s:Linear      b:[ -10050.7833,    9957.4667]   p:Uniform   []

----- dataset: BISdata_neid              ----- model: gp_multidimensional           
rot_amp       id:  27  s:Linear      b:[    -10.0000,      10.0000]   p:Uniform   []
con_amp       id:  28  s:Linear      b:[    -20.0000,      20.0000]   p:Uniform   []

----- dataset:  FWHMdata_expres
jitter_0      id:  29  s:Linear      b:[      0.0500,     500.0000]   p:Uniform   []
offset_0      id:  30  s:Linear      b:[  -3233.0765,   16789.6022]   p:Uniform   []

----- dataset: FWHMdata_expres           ----- model: gp_multidimensional           
rot_amp       id:  31  s:Linear      b:[    -10.0000,      10.0000]   p:Uniform   []
con_amp       id:  32  s:Linear      b:[    -20.0000,      20.0000]   p:Uniform   []

----- dataset:  FWHMdata_harps
jitter_0      id:  33  s:Linear      b:[      0.0500,     500.0000]   p:Uniform   []
offset_0      id:  34  s:Linear      b:[  -3088.5511,   17176.1921]   p:Uniform   []
offset_1      id:  35  s:Linear      b:[  -3088.5511,   17176.1921]   p:Uniform   []

----- dataset: FWHMdata_harps            ----- model: gp_multidimensional           
rot_amp       id:  36  s:Linear      b:[    -10.0000,      10.0000]   p:Uniform   []
con_amp       id:  37  s:Linear      b:[    -20.0000,      20.0000]   p:Uniform   []

----- dataset:  FWHMdata_neid
jitter_0      id:  38  s:Linear      b:[      0.0500,     500.0000]   p:Uniform   []
offset_0      id:  39  s:Linear      b:[  -3049.2667,   16964.4316]   p:Uniform   []

----- dataset: FWHMdata_neid             ----- model: gp_multidimensional           
rot_amp       id:  40  s:Linear      b:[    -10.0000,      10.0000]   p:Uniform   []
con_amp       id:  41  s:Linear      b:[    -20.0000,      20.0000]   p:Uniform   []

----- dataset:  Contrastdata_expres
jitter_0      id:  42  s:Linear      b:[      1.3000,   13000.0000]   p:Uniform   []
offset_0      id:  43  s:Linear      b:[-359831.0100, -338852.3247]   p:Uniform   []

----- dataset: Contrastdata_expres       ----- model: gp_multidimensional           
rot_amp       id:  44  s:Linear      b:[    -10.0000,      10.0000]   p:Uniform   []
con_amp       id:  45  s:Linear      b:[    -20.0000,      20.0000]   p:Uniform   []

----- dataset:  Contrastdata_harps
jitter_0      id:  46  s:Linear      b:[      1.3000,   13000.0000]   p:Uniform   []
offset_0      id:  47  s:Linear      b:[-464256.3172, -409348.3188]   p:Uniform   []
offset_1      id:  48  s:Linear      b:[-464256.3172, -409348.3188]   p:Uniform   []

----- dataset: Contrastdata_harps        ----- model: gp_multidimensional           
rot_amp       id:  49  s:Linear      b:[    -10.0000,      10.0000]   p:Uniform   []
con_amp       id:  50  s:Linear      b:[    -20.0000,      20.0000]   p:Uniform   []

----- dataset:  Contrastdata_neid
jitter_0      id:  51  s:Linear      b:[      1.3000,   13000.0000]   p:Uniform   []
offset_0      id:  52  s:Linear      b:[-369967.1260, -349330.7806]   p:Uniform   []

----- dataset: Contrastdata_neid         ----- model: gp_multidimensional           
rot_amp       id:  53  s:Linear      b:[    -10.0000,      10.0000]   p:Uniform   []
con_amp       id:  54  s:Linear      b:[    -20.0000,      20.0000]   p:Uniform   []

----- dataset:  Halphadata_expres
jitter_0      id:  55  s:Linear      b:[      0.0000,       0.1000]   p:Uniform   []
offset_0      id:  56  s:Linear      b:[  -9999.8288,   10000.1728]   p:Uniform   []

----- dataset: Halphadata_expres         ----- model: gp_multidimensional           
rot_amp       id:  57  s:Linear      b:[    -10.0000,      10.0000]   p:Uniform   []
con_amp       id:  58  s:Linear      b:[    -20.0000,      20.0000]   p:Uniform   []

----- dataset:  Halphadata_harps
jitter_0      id:  59  s:Linear      b:[      0.0000,       0.1000]   p:Uniform   []
offset_0      id:  60  s:Linear      b:[  -9999.8279,   10000.1787]   p:Uniform   []
offset_1      id:  61  s:Linear      b:[  -9999.8279,   10000.1787]   p:Uniform   []

----- dataset: Halphadata_harps          ----- model: gp_multidimensional           
rot_amp       id:  62  s:Linear      b:[    -10.0000,      10.0000]   p:Uniform   []
con_amp       id:  63  s:Linear      b:[    -20.0000,      20.0000]   p:Uniform   []

----- dataset:  Halphadata_neid
jitter_0      id:  64  s:Linear      b:[      0.0000,       0.1000]   p:Uniform   []
offset_0      id:  65  s:Linear      b:[  -9999.8297,   10000.1722]   p:Uniform   []

----- dataset: Halphadata_neid           ----- model: gp_multidimensional           
rot_amp       id:  66  s:Linear      b:[    -10.0000,      10.0000]   p:Uniform   []
con_amp       id:  67  s:Linear      b:[    -20.0000,      20.0000]   p:Uniform   []

----- common model:  activity
Prot          id:   0  s:Linear      b:[     20.0000,      35.0000]   p:Gaussian   [28.   0.5]
Pdec          id:   1  s:Linear      b:[     30.0000,    1000.0000]   p:Uniform   []
Oamp          id:   2  s:Log_Base2   b:[     -6.6439,       0.0000]   p:Gaussian   [0.35  0.035]

----- common model:  star_parameters
mass          derived (no id, space, bound)                           p:Gaussian   [1.e+00 1.e-06]
radius        derived (no id, space, bound)                           p:Gaussian   [1.e+00 1.e-06]
density       derived (no id, space, bound)                           p:Gaussian   [1.e+00 1.e-06]

Include priors:  True

Reference Time Tref:  59334.700184

Dimensions =  68
Nwalkers =  272

Using threading pool for PyDE: True
PyDE running
Boundaries redefined after PyDE output
PyDE completed, it took        900.3 seconds

====================================================================================================
     Starting point of the sample/optimization routines    
====================================================================================================

----- dataset:  RVdata_expres
jitter_0         3      0.952842 [    0.0010,    11.5000]
offset_0         4      2.089836 [-10006.2420, 10010.4100]

----- dataset: RVdata_expres             ----- model: gp_multidimensional           
rot_amp          5      2.577818 [    0.0000,    10.0000]
con_amp          6      3.705522 [  -20.0000,    20.0000]

----- dataset:  RVdata_harps
jitter_0         7      1.346005 [    0.0009,    13.3000]
offset_0         8      2.576724 [-10005.4343, 10010.2475]
offset_1         9      3.228508 [-10005.4343, 10010.2475]

----- dataset: RVdata_harps              ----- model: gp_multidimensional           
rot_amp         10      1.656003 [    0.0000,    10.0000]
con_amp         11      2.982047 [  -20.0000,    20.0000]

----- dataset:  RVdata_neid
jitter_0        12      1.225841 [    0.0010,    12.2000]
offset_0        13      2.981946 [-10005.9046, 10009.8774]

----- dataset: RVdata_neid               ----- model: gp_multidimensional           
rot_amp         14      2.818083 [    0.0000,    10.0000]
con_amp         15      3.169565 [  -20.0000,    20.0000]

----- dataset:  BISdata_expres
jitter_0        16      1.720602 [    0.0095,    95.0000]
offset_0        17    -54.877759 [-10061.4500,  9948.9833]

----- dataset: BISdata_expres            ----- model: gp_multidimensional           
rot_amp         18     -2.103630 [  -10.0000,    10.0000]
con_amp         19      0.569635 [  -20.0000,    20.0000]

----- dataset:  BISdata_harps
jitter_0        20      1.540377 [    0.0095,    95.0000]
offset_0        21    -45.468723 [-10050.8667,  9968.4000]
offset_1        22    -35.869213 [-10050.8667,  9968.4000]

----- dataset: BISdata_harps             ----- model: gp_multidimensional           
rot_amp         23     -2.331142 [  -10.0000,    10.0000]
con_amp         24     -0.035221 [  -20.0000,    20.0000]

----- dataset:  BISdata_neid
jitter_0        25      1.278140 [    0.0095,    95.0000]
offset_0        26    -46.808825 [-10050.7833,  9957.4667]

----- dataset: BISdata_neid              ----- model: gp_multidimensional           
rot_amp         27     -0.267898 [  -10.0000,    10.0000]
con_amp         28     -0.141198 [  -20.0000,    20.0000]

----- dataset:  FWHMdata_expres
jitter_0        29      0.069989 [    0.0500,   500.0000]
offset_0        30   6776.624463 [-3233.0765, 16789.6022]

----- dataset: FWHMdata_expres           ----- model: gp_multidimensional           
rot_amp         31     -2.081705 [  -10.0000,    10.0000]
con_amp         32     -1.528487 [  -20.0000,    20.0000]

----- dataset:  FWHMdata_harps
jitter_0        33      0.052403 [    0.0500,   500.0000]
offset_0        34   6917.299634 [-3088.5511, 17176.1921]
offset_1        35   7171.659582 [-3088.5511, 17176.1921]

----- dataset: FWHMdata_harps            ----- model: gp_multidimensional           
rot_amp         36     -0.825122 [  -10.0000,    10.0000]
con_amp         37      0.232318 [  -20.0000,    20.0000]

----- dataset:  FWHMdata_neid
jitter_0        38      0.053218 [    0.0500,   500.0000]
offset_0        39   6956.959599 [-3049.2667, 16964.4316]

----- dataset: FWHMdata_neid             ----- model: gp_multidimensional           
rot_amp         40     -2.908756 [  -10.0000,    10.0000]
con_amp         41     -0.401358 [  -20.0000,    20.0000]

----- dataset:  Contrastdata_expres
jitter_0        42    177.036607 [    1.3000, 13000.0000]
offset_0        43  -349491.345727 [-359831.0100, -338852.3247]

----- dataset: Contrastdata_expres       ----- model: gp_multidimensional           
rot_amp         44     -9.832059 [  -10.0000,    10.0000]
con_amp         45    -19.995558 [  -20.0000,    20.0000]

----- dataset:  Contrastdata_harps
jitter_0        46    115.593903 [    1.3000, 13000.0000]
offset_0        47  -453772.791921 [-464256.3172, -409348.3188]
offset_1        48  -419688.650820 [-464256.3172, -409348.3188]

----- dataset: Contrastdata_harps        ----- model: gp_multidimensional           
rot_amp         49     -9.954326 [  -10.0000,    10.0000]
con_amp         50     19.996372 [  -20.0000,    20.0000]

----- dataset:  Contrastdata_neid
jitter_0        51     28.661670 [    1.3000, 13000.0000]
offset_0        52  -359606.570135 [-369967.1260, -349330.7806]

----- dataset: Contrastdata_neid         ----- model: gp_multidimensional           
rot_amp         53      9.895848 [  -10.0000,    10.0000]
con_amp         54    -19.985934 [  -20.0000,    20.0000]

----- dataset:  Halphadata_expres
jitter_0        55      0.000011 [    0.0000,     0.1000]
offset_0        56      0.172093 [-9999.8288, 10000.1728]

----- dataset: Halphadata_expres         ----- model: gp_multidimensional           
rot_amp         57      0.000158 [  -10.0000,    10.0000]
con_amp         58      0.000127 [  -20.0000,    20.0000]

----- dataset:  Halphadata_harps
jitter_0        59      0.000504 [    0.0000,     0.1000]
offset_0        60      0.174645 [-9999.8279, 10000.1787]
offset_1        61      0.173851 [-9999.8279, 10000.1787]

----- dataset: Halphadata_harps          ----- model: gp_multidimensional           
rot_amp         62     -0.001654 [  -10.0000,    10.0000]
con_amp         63     -0.000046 [  -20.0000,    20.0000]

----- dataset:  Halphadata_neid
jitter_0        64      0.000010 [    0.0000,     0.1000]
offset_0        65      0.171141 [-9999.8297, 10000.1722]

----- dataset: Halphadata_neid           ----- model: gp_multidimensional           
rot_amp         66      0.000213 [  -10.0000,    10.0000]
con_amp         67     -0.000044 [  -20.0000,    20.0000]

----- common model:  activity
Prot             0     28.184117 [   20.0000,    35.0000]
Pdec             1     30.001934 [   30.0000,  1000.0000]
Oamp             2     -1.500188 [   -6.6439,     0.0000]

----- common model:  star_parameters

====================================================================================================
     Starting point projected onto the model parameter space     
====================================================================================================

----- dataset:  RVdata_expres
jitter_0              0.952842 
offset_0              2.089836 


----- dataset: RVdata_expres             ----- model: gp_multidimensional           
rot_amp               2.577818 
con_amp               3.705522 

----- dataset:  RVdata_harps
jitter_0              1.346005 
offset_0              2.576724 
offset_1              3.228508 


----- dataset: RVdata_harps              ----- model: gp_multidimensional           
rot_amp               1.656003 
con_amp               2.982047 

----- dataset:  RVdata_neid
jitter_0              1.225841 
offset_0              2.981946 


----- dataset: RVdata_neid               ----- model: gp_multidimensional           
rot_amp               2.818083 
con_amp               3.169565 

----- dataset:  BISdata_expres
jitter_0              1.720602 
offset_0            -54.877759 


----- dataset: BISdata_expres            ----- model: gp_multidimensional           
rot_amp              -2.103630 
con_amp               0.569635 

----- dataset:  BISdata_harps
jitter_0              1.540377 
offset_0            -45.468723 
offset_1            -35.869213 


----- dataset: BISdata_harps             ----- model: gp_multidimensional           
rot_amp              -2.331142 
con_amp              -0.035221 

----- dataset:  BISdata_neid
jitter_0              1.278140 
offset_0            -46.808825 


----- dataset: BISdata_neid              ----- model: gp_multidimensional           
rot_amp              -0.267898 
con_amp              -0.141198 

----- dataset:  FWHMdata_expres
jitter_0              0.069989 
offset_0           6776.624463 


----- dataset: FWHMdata_expres           ----- model: gp_multidimensional           
rot_amp              -2.081705 
con_amp              -1.528487 

----- dataset:  FWHMdata_harps
jitter_0              0.052403 
offset_0           6917.299634 
offset_1           7171.659582 


----- dataset: FWHMdata_harps            ----- model: gp_multidimensional           
rot_amp              -0.825122 
con_amp               0.232318 

----- dataset:  FWHMdata_neid
jitter_0              0.053218 
offset_0           6956.959599 


----- dataset: FWHMdata_neid             ----- model: gp_multidimensional           
rot_amp              -2.908756 
con_amp              -0.401358 

----- dataset:  Contrastdata_expres
jitter_0            177.036607 
offset_0        -349491.345727 


----- dataset: Contrastdata_expres       ----- model: gp_multidimensional           
rot_amp              -9.832059 
con_amp             -19.995558 

----- dataset:  Contrastdata_harps
jitter_0            115.593903 
offset_0        -453772.791921 
offset_1        -419688.650820 


----- dataset: Contrastdata_harps        ----- model: gp_multidimensional           
rot_amp              -9.954326 
con_amp              19.996372 

----- dataset:  Contrastdata_neid
jitter_0             28.661670 
offset_0        -359606.570135 


----- dataset: Contrastdata_neid         ----- model: gp_multidimensional           
rot_amp               9.895848 
con_amp             -19.985934 

----- dataset:  Halphadata_expres
jitter_0              0.000011 
offset_0              0.172093 


----- dataset: Halphadata_expres         ----- model: gp_multidimensional           
rot_amp               0.000158 
con_amp               0.000127 

----- dataset:  Halphadata_harps
jitter_0              0.000504 
offset_0              0.174645 
offset_1              0.173851 


----- dataset: Halphadata_harps          ----- model: gp_multidimensional           
rot_amp              -0.001654 
con_amp              -0.000046 

----- dataset:  Halphadata_neid
jitter_0              0.000010 
offset_0              0.171141 


----- dataset: Halphadata_neid           ----- model: gp_multidimensional           
rot_amp               0.000213 
con_amp              -0.000044 

----- common model:  activity
Prot                 28.184117 
Pdec                 30.001934 
Oamp                  0.353507 

----- common model:  star_parameters

====================================================================================================
     Derived parameters obtained from starting point     
====================================================================================================


====================================================================================================
     Statistics on the log-likelihood     
====================================================================================================

 LN probability: -2733.161078 

====================================================================================================
     ------------------------------------------------------------------------------------------     
====================================================================================================



*************************************************************

Running emcee

emcee version:  3.1.6
Using threading pool for emcee: True

Saving temporary steps


Computing the autocorrelation time of the chains

***** WARNING ******
The integrated autocorrelation time cannot be reliably estimated
likely the chains are too short, and ACF analysis is not fully reliable
emcee.autocorr.integrated_time tolerance lowered to 20
If you still get a warning, you should drop these results entirely
Chains too short to apply convergence criteria
They should be at least 650*nthin = 97500

====================================================================================================
     Statistics on the posterior of the sampler parameters     
====================================================================================================

----- dataset:  RVdata_expres
jitter_0         3         0.972       -0.081         0.10   (15-84 p)   [    0.0010,    11.5000]
offset_0         4           2.7         -1.7          2.2   (15-84 p)   [-10006.2420, 10010.4100]

----- dataset: RVdata_expres             ----- model: gp_multidimensional           
rot_amp          5           4.9         -2.5          2.9   (15-84 p)   [    0.0000,    10.0000]
con_amp          6           5.6         -1.3          1.7   (15-84 p)   [  -20.0000,    20.0000]

----- dataset:  RVdata_harps
jitter_0         7         1.367       -0.098         0.12   (15-84 p)   [    0.0009,    13.3000]
offset_0         8           3.1         -1.4          1.7   (15-84 p)   [-10005.4343, 10010.2475]
offset_1         9           3.8         -1.4          1.7   (15-84 p)   [-10005.4343, 10010.2475]

----- dataset: RVdata_harps              ----- model: gp_multidimensional           
rot_amp         10           4.1         -2.3          2.7   (15-84 p)   [    0.0000,    10.0000]
con_amp         11           4.5         -1.1          1.4   (15-84 p)   [  -20.0000,    20.0000]

----- dataset:  RVdata_neid
jitter_0        12         1.251       -0.095         0.12   (15-84 p)   [    0.0010,    12.2000]
offset_0        13           3.5         -1.4          1.9   (15-84 p)   [-10005.9046, 10009.8774]

----- dataset: RVdata_neid               ----- model: gp_multidimensional           
rot_amp         14           5.1         -2.2          2.4   (15-84 p)   [    0.0000,    10.0000]
con_amp         15           4.8         -1.1          1.5   (15-84 p)   [  -20.0000,    20.0000]

----- dataset:  BISdata_expres
jitter_0        16          1.77        -0.15         0.17   (15-84 p)   [    0.0095,    95.0000]
offset_0        17        -54.84        -0.33         0.42   (15-84 p)   [-10061.4500,  9948.9833]

----- dataset: BISdata_expres            ----- model: gp_multidimensional           
rot_amp         18          -3.4         -2.2          1.8   (15-84 p)   [  -10.0000,    10.0000]
con_amp         19          0.81        -0.31         0.42   (15-84 p)   [  -20.0000,    20.0000]

----- dataset:  BISdata_harps
jitter_0        20          1.57        -0.15         0.17   (15-84 p)   [    0.0095,    95.0000]
offset_0        21        -45.46        -0.29         0.28   (15-84 p)   [-10050.8667,  9968.4000]
offset_1        22        -35.84        -0.48         0.48   (15-84 p)   [-10050.8667,  9968.4000]

----- dataset: BISdata_harps             ----- model: gp_multidimensional           
rot_amp         23          -3.1         -2.9          2.0   (15-84 p)   [  -10.0000,    10.0000]
con_amp         24         -0.04        -0.26         0.24   (15-84 p)   [  -20.0000,    20.0000]

----- dataset:  BISdata_neid
jitter_0        25          1.32        -0.14         0.18   (15-84 p)   [    0.0095,    95.0000]
offset_0        26        -46.85        -0.24         0.21   (15-84 p)   [-10050.7833,  9957.4667]

----- dataset: BISdata_neid              ----- model: gp_multidimensional           
rot_amp         27          -0.7         -1.9          1.6   (15-84 p)   [  -10.0000,    10.0000]
con_amp         28         -0.20        -0.25         0.22   (15-84 p)   [  -20.0000,    20.0000]

----- dataset:  FWHMdata_expres
jitter_0        29          0.96        -0.67         0.98   (15-84 p)   [    0.0500,   500.0000]
offset_0        30       6776.45         -1.1         0.88   (15-84 p)   [-3233.0765, 16789.6022]

----- dataset: FWHMdata_expres           ----- model: gp_multidimensional           
rot_amp         31          -3.1         -4.2          4.1   (15-84 p)   [  -10.0000,    10.0000]
con_amp         32         -2.13         -1.0         0.75   (15-84 p)   [  -20.0000,    20.0000]

----- dataset:  FWHMdata_harps
jitter_0        33          0.39        -0.24         0.38   (15-84 p)   [    0.0500,   500.0000]
offset_0        34       6917.33        -0.67         0.70   (15-84 p)   [-3088.5511, 17176.1921]
offset_1        35        7171.6         -1.1          1.1   (15-84 p)   [-3088.5511, 17176.1921]

----- dataset: FWHMdata_harps            ----- model: gp_multidimensional           
rot_amp         36          -0.5         -5.0          5.2   (15-84 p)   [  -10.0000,    10.0000]
con_amp         37          0.32        -0.62         0.70   (15-84 p)   [  -20.0000,    20.0000]

----- dataset:  FWHMdata_neid
jitter_0        38          0.39        -0.25         0.41   (15-84 p)   [    0.0500,   500.0000]
offset_0        39       6956.97        -0.73         0.67   (15-84 p)   [-3049.2667, 16964.4316]

----- dataset: FWHMdata_neid             ----- model: gp_multidimensional           
rot_amp         40          -3.7         -3.9          4.3   (15-84 p)   [  -10.0000,    10.0000]
con_amp         41         -0.53        -0.78         0.70   (15-84 p)   [  -20.0000,    20.0000]

----- dataset:  Contrastdata_expres
jitter_0        42           180          -17           20   (15-84 p)   [    1.3000, 13000.0000]
offset_0        43       -349491          -23           23   (15-84 p)   [-359831.0100, -338852.3247]

----- dataset: Contrastdata_expres       ----- model: gp_multidimensional           
rot_amp         44          -0.2         -7.2          7.2   (15-84 p)   [  -10.0000,    10.0000]
con_amp         45        -19.63        -0.28         0.62   (15-84 p)   [  -20.0000,    20.0000]

----- dataset:  Contrastdata_harps
jitter_0        46           122          -19           20   (15-84 p)   [    1.3000, 13000.0000]
offset_0        47       -453770          -23           22   (15-84 p)   [-464256.3172, -409348.3188]
offset_1        48       -419690          -36           35   (15-84 p)   [-464256.3172, -409348.3188]

----- dataset: Contrastdata_harps        ----- model: gp_multidimensional           
rot_amp         49          -3.6         -4.7          8.3   (15-84 p)   [  -10.0000,    10.0000]
con_amp         50         19.55        -0.74         0.35   (15-84 p)   [  -20.0000,    20.0000]

----- dataset:  Contrastdata_neid
jitter_0        51            42          -27           29   (15-84 p)   [    1.3000, 13000.0000]
offset_0        52       -359604          -17           16   (15-84 p)   [-369967.1260, -349330.7806]

----- dataset: Contrastdata_neid         ----- model: gp_multidimensional           
rot_amp         53           1.9         -7.8          6.0   (15-84 p)   [  -10.0000,    10.0000]
con_amp         54         -18.6         -1.1          2.3   (15-84 p)   [  -20.0000,    20.0000]

----- dataset:  Halphadata_expres
jitter_0        55      0.000052    -0.000031     0.000050   (15-84 p)   [    0.0000,     0.1000]
offset_0        56       0.17211     -0.00013      0.00014   (15-84 p)   [-9999.8288, 10000.1728]

----- dataset: Halphadata_expres         ----- model: gp_multidimensional           
rot_amp         57       0.00030     -0.00082      0.00084   (15-84 p)   [  -10.0000,    10.0000]
con_amp         58       0.00017     -0.00013      0.00016   (15-84 p)   [  -20.0000,    20.0000]

----- dataset:  Halphadata_harps
jitter_0        59       0.00051     -0.00022      0.00018   (15-84 p)   [    0.0000,     0.1000]
offset_0        60       0.17465     -0.00017      0.00016   (15-84 p)   [-9999.8279, 10000.1787]
offset_1        61       0.17384     -0.00027      0.00027   (15-84 p)   [-9999.8279, 10000.1787]

----- dataset: Halphadata_harps          ----- model: gp_multidimensional           
rot_amp         62       -0.0024      -0.0017       0.0011   (15-84 p)   [  -10.0000,    10.0000]
con_amp         63      -0.00006     -0.00018      0.00015   (15-84 p)   [  -20.0000,    20.0000]

----- dataset:  Halphadata_neid
jitter_0        64      0.000062    -0.000038     0.000067   (15-84 p)   [    0.0000,     0.1000]
offset_0        65       0.17114     -0.00014      0.00015   (15-84 p)   [-9999.8297, 10000.1722]

----- dataset: Halphadata_neid           ----- model: gp_multidimensional           
rot_amp         66       0.00031     -0.00091      0.00099   (15-84 p)   [  -10.0000,    10.0000]
con_amp         67      -0.00003     -0.00016      0.00015   (15-84 p)   [  -20.0000,    20.0000]

----- common model:  activity
Prot             0         28.20        -0.43         0.41   (15-84 p)   [   20.0000,    35.0000]
Pdec             1         30.39        -0.29         0.61   (15-84 p)   [   30.0000,  1000.0000]
Oamp             2         -1.37        -0.14         0.12   (15-84 p)   [   -6.6439,     0.0000]

----- common model:  star_parameters

====================================================================================================
     Statistics on the model parameters obtained from the posteriors samples     
====================================================================================================

----- dataset:  RVdata_expres
jitter_0                 0.972       -0.081         0.10    (15-84 p)
offset_0                   2.7         -1.7          2.2    (15-84 p)


----- dataset: RVdata_expres             ----- model: gp_multidimensional           
rot_amp                    4.9         -2.5          2.9    (15-84 p)
con_amp                    5.6         -1.3          1.7    (15-84 p)

----- dataset:  RVdata_harps
jitter_0                 1.367       -0.098         0.12    (15-84 p)
offset_0                   3.1         -1.4          1.7    (15-84 p)
offset_1                   3.8         -1.4          1.7    (15-84 p)


----- dataset: RVdata_harps              ----- model: gp_multidimensional           
rot_amp                    4.1         -2.3          2.7    (15-84 p)
con_amp                    4.5         -1.1          1.4    (15-84 p)

----- dataset:  RVdata_neid
jitter_0                 1.251       -0.095         0.12    (15-84 p)
offset_0                   3.5         -1.4          1.9    (15-84 p)


----- dataset: RVdata_neid               ----- model: gp_multidimensional           
rot_amp                    5.1         -2.2          2.4    (15-84 p)
con_amp                    4.8         -1.1          1.5    (15-84 p)

----- dataset:  BISdata_expres
jitter_0                  1.77        -0.15         0.17    (15-84 p)
offset_0                -54.84        -0.33         0.42    (15-84 p)


----- dataset: BISdata_expres            ----- model: gp_multidimensional           
rot_amp                   -3.4         -2.2          1.8    (15-84 p)
con_amp                   0.81        -0.31         0.42    (15-84 p)

----- dataset:  BISdata_harps
jitter_0                  1.57        -0.15         0.17    (15-84 p)
offset_0                -45.46        -0.29         0.28    (15-84 p)
offset_1                -35.84        -0.48         0.48    (15-84 p)


----- dataset: BISdata_harps             ----- model: gp_multidimensional           
rot_amp                   -3.1         -2.9          2.0    (15-84 p)
con_amp                  -0.04        -0.26         0.24    (15-84 p)

----- dataset:  BISdata_neid
jitter_0                  1.32        -0.14         0.18    (15-84 p)
offset_0                -46.85        -0.24         0.21    (15-84 p)


----- dataset: BISdata_neid              ----- model: gp_multidimensional           
rot_amp                   -0.7         -1.9          1.6    (15-84 p)
con_amp                  -0.20        -0.25         0.22    (15-84 p)

----- dataset:  FWHMdata_expres
jitter_0                  0.96        -0.67         0.98    (15-84 p)
offset_0               6776.45         -1.1         0.88    (15-84 p)


----- dataset: FWHMdata_expres           ----- model: gp_multidimensional           
rot_amp                   -3.1         -4.2          4.1    (15-84 p)
con_amp                  -2.13         -1.0         0.75    (15-84 p)

----- dataset:  FWHMdata_harps
jitter_0                  0.39        -0.24         0.38    (15-84 p)
offset_0               6917.33        -0.67         0.70    (15-84 p)
offset_1                7171.6         -1.1          1.1    (15-84 p)


----- dataset: FWHMdata_harps            ----- model: gp_multidimensional           
rot_amp                   -0.5         -5.0          5.2    (15-84 p)
con_amp                   0.32        -0.62         0.70    (15-84 p)

----- dataset:  FWHMdata_neid
jitter_0                  0.39        -0.25         0.41    (15-84 p)
offset_0               6956.97        -0.73         0.67    (15-84 p)


----- dataset: FWHMdata_neid             ----- model: gp_multidimensional           
rot_amp                   -3.7         -3.9          4.3    (15-84 p)
con_amp                  -0.53        -0.78         0.70    (15-84 p)

----- dataset:  Contrastdata_expres
jitter_0                   180          -17           20    (15-84 p)
offset_0               -349491          -23           23    (15-84 p)


----- dataset: Contrastdata_expres       ----- model: gp_multidimensional           
rot_amp                   -0.2         -7.2          7.2    (15-84 p)
con_amp                 -19.63        -0.28         0.62    (15-84 p)

----- dataset:  Contrastdata_harps
jitter_0                   122          -19           20    (15-84 p)
offset_0               -453770          -23           22    (15-84 p)
offset_1               -419690          -36           35    (15-84 p)


----- dataset: Contrastdata_harps        ----- model: gp_multidimensional           
rot_amp                   -3.6         -4.7          8.3    (15-84 p)
con_amp                  19.55        -0.74         0.35    (15-84 p)

----- dataset:  Contrastdata_neid
jitter_0                    42          -27           29    (15-84 p)
offset_0               -359604          -17           16    (15-84 p)


----- dataset: Contrastdata_neid         ----- model: gp_multidimensional           
rot_amp                    1.9         -7.8          6.0    (15-84 p)
con_amp                  -18.6         -1.1          2.3    (15-84 p)

----- dataset:  Halphadata_expres
jitter_0              0.000052    -0.000031     0.000050    (15-84 p)
offset_0               0.17211     -0.00013      0.00014    (15-84 p)


----- dataset: Halphadata_expres         ----- model: gp_multidimensional           
rot_amp                0.00030     -0.00082      0.00084    (15-84 p)
con_amp                0.00017     -0.00013      0.00016    (15-84 p)

----- dataset:  Halphadata_harps
jitter_0               0.00051     -0.00022      0.00018    (15-84 p)
offset_0               0.17465     -0.00017      0.00016    (15-84 p)
offset_1               0.17384     -0.00027      0.00027    (15-84 p)


----- dataset: Halphadata_harps          ----- model: gp_multidimensional           
rot_amp                -0.0024      -0.0017       0.0011    (15-84 p)
con_amp               -0.00006     -0.00018      0.00015    (15-84 p)

----- dataset:  Halphadata_neid
jitter_0              0.000062    -0.000038     0.000067    (15-84 p)
offset_0               0.17114     -0.00014      0.00015    (15-84 p)


----- dataset: Halphadata_neid           ----- model: gp_multidimensional           
rot_amp                0.00031     -0.00091      0.00099    (15-84 p)
con_amp               -0.00003     -0.00016      0.00015    (15-84 p)

----- common model:  activity
Prot                     28.20        -0.43         0.41    (15-84 p)
Pdec                     30.39        -0.29         0.61    (15-84 p)
Oamp                     0.387       -0.035        0.033    (15-84 p)

----- common model:  star_parameters

====================================================================================================
     Statistics on the derived parameters obtained from the posteriors samples     
====================================================================================================


====================================================================================================
     ------------------------------------------------------------------------------------------     
====================================================================================================



15000.0   steps completed, average lnprob:,  -2771.9436420191546


Computing the autocorrelation time of the chains

***** WARNING ******
The integrated autocorrelation time cannot be reliably estimated
likely the chains are too short, and ACF analysis is not fully reliable
emcee.autocorr.integrated_time tolerance lowered to 20
If you still get a warning, you should drop these results entirely
Chains too short to apply convergence criteria
They should be at least 1250*nthin = 187500

====================================================================================================
     Statistics on the posterior of the sampler parameters     
====================================================================================================

----- dataset:  RVdata_expres
jitter_0         3         0.976       -0.077        0.089   (15-84 p)   [    0.0010,    11.5000]
offset_0         4           3.2         -3.4          3.3   (15-84 p)   [-10006.2420, 10010.4100]

----- dataset: RVdata_expres             ----- model: gp_multidimensional           
rot_amp          5           5.3         -2.9          2.7   (15-84 p)   [    0.0000,    10.0000]
con_amp          6           7.8         -1.7          2.3   (15-84 p)   [  -20.0000,    20.0000]

----- dataset:  RVdata_harps
jitter_0         7          1.37        -0.10         0.11   (15-84 p)   [    0.0009,    13.3000]
offset_0         8           3.5         -2.7          2.6   (15-84 p)   [-10005.4343, 10010.2475]
offset_1         9           4.2         -2.8          2.6   (15-84 p)   [-10005.4343, 10010.2475]

----- dataset: RVdata_harps              ----- model: gp_multidimensional           
rot_amp         10           4.3         -2.5          2.7   (15-84 p)   [    0.0000,    10.0000]
con_amp         11           6.3         -1.4          1.9   (15-84 p)   [  -20.0000,    20.0000]

----- dataset:  RVdata_neid
jitter_0        12          1.26        -0.10         0.12   (15-84 p)   [    0.0010,    12.2000]
offset_0        13           3.9         -2.9          2.8   (15-84 p)   [-10005.9046, 10009.8774]

----- dataset: RVdata_neid               ----- model: gp_multidimensional           
rot_amp         14           6.0         -2.5          2.2   (15-84 p)   [    0.0000,    10.0000]
con_amp         15           6.7         -1.5          2.0   (15-84 p)   [  -20.0000,    20.0000]

----- dataset:  BISdata_expres
jitter_0        16          1.76        -0.15         0.17   (15-84 p)   [    0.0095,    95.0000]
offset_0        17        -54.75        -0.52         0.56   (15-84 p)   [-10061.4500,  9948.9833]

----- dataset: BISdata_expres            ----- model: gp_multidimensional           
rot_amp         18          -4.4         -2.6          2.4   (15-84 p)   [  -10.0000,    10.0000]
con_amp         19          1.16        -0.42         0.55   (15-84 p)   [  -20.0000,    20.0000]

----- dataset:  BISdata_harps
jitter_0        20          1.59        -0.15         0.16   (15-84 p)   [    0.0095,    95.0000]
offset_0        21        -45.49        -0.32         0.29   (15-84 p)   [-10050.8667,  9968.4000]
offset_1        22        -35.91        -0.51         0.47   (15-84 p)   [-10050.8667,  9968.4000]

----- dataset: BISdata_harps             ----- model: gp_multidimensional           
rot_amp         23          -4.7         -2.9          2.9   (15-84 p)   [  -10.0000,    10.0000]
con_amp         24         -0.13        -0.37         0.37   (15-84 p)   [  -20.0000,    20.0000]

----- dataset:  BISdata_neid
jitter_0        25          1.31        -0.14         0.16   (15-84 p)   [    0.0095,    95.0000]
offset_0        26        -46.85        -0.30         0.26   (15-84 p)   [-10050.7833,  9957.4667]

----- dataset: BISdata_neid              ----- model: gp_multidimensional           
rot_amp         27          -0.8         -2.1          2.3   (15-84 p)   [  -10.0000,    10.0000]
con_amp         28         -0.31        -0.39         0.33   (15-84 p)   [  -20.0000,    20.0000]

----- dataset:  FWHMdata_expres
jitter_0        29          0.93        -0.62         0.88   (15-84 p)   [    0.0500,   500.0000]
offset_0        30        6776.3         -1.5          1.3   (15-84 p)   [-3233.0765, 16789.6022]

----- dataset: FWHMdata_expres           ----- model: gp_multidimensional           
rot_amp         31          -3.0         -4.6          5.6   (15-84 p)   [  -10.0000,    10.0000]
con_amp         32          -3.1         -1.4          1.1   (15-84 p)   [  -20.0000,    20.0000]

----- dataset:  FWHMdata_harps
jitter_0        33          0.49        -0.30         0.48   (15-84 p)   [    0.0500,   500.0000]
offset_0        34       6917.26        -0.72         0.78   (15-84 p)   [-3088.5511, 17176.1921]
offset_1        35        7171.6         -1.2          1.2   (15-84 p)   [-3088.5511, 17176.1921]

----- dataset: FWHMdata_harps            ----- model: gp_multidimensional           
rot_amp         36          -0.9         -5.6          5.9   (15-84 p)   [  -10.0000,    10.0000]
con_amp         37          0.38        -0.91         0.99   (15-84 p)   [  -20.0000,    20.0000]

----- dataset:  FWHMdata_neid
jitter_0        38          0.46        -0.29         0.48   (15-84 p)   [    0.0500,   500.0000]
offset_0        39       6957.02        -0.90         0.73   (15-84 p)   [-3049.2667, 16964.4316]

----- dataset: FWHMdata_neid             ----- model: gp_multidimensional           
rot_amp         40          -3.6         -4.2          5.8   (15-84 p)   [  -10.0000,    10.0000]
con_amp         41          -0.7         -1.1          1.0   (15-84 p)   [  -20.0000,    20.0000]

----- dataset:  Contrastdata_expres
jitter_0        42           184          -18           20   (15-84 p)   [    1.3000, 13000.0000]
offset_0        43       -349488          -24           24   (15-84 p)   [-359831.0100, -338852.3247]

----- dataset: Contrastdata_expres       ----- model: gp_multidimensional           
rot_amp         44           0.4         -7.1          6.7   (15-84 p)   [  -10.0000,    10.0000]
con_amp         45         -18.5         -1.1          2.0   (15-84 p)   [  -20.0000,    20.0000]

----- dataset:  Contrastdata_harps
jitter_0        46           122          -18           19   (15-84 p)   [    1.3000, 13000.0000]
offset_0        47       -453776          -23           22   (15-84 p)   [-464256.3172, -409348.3188]
offset_1        48       -419701          -34           36   (15-84 p)   [-464256.3172, -409348.3188]

----- dataset: Contrastdata_harps        ----- model: gp_multidimensional           
rot_amp         49           0.3         -7.2          6.6   (15-84 p)   [  -10.0000,    10.0000]
con_amp         50          17.8         -3.2          1.6   (15-84 p)   [  -20.0000,    20.0000]

----- dataset:  Contrastdata_neid
jitter_0        51            40          -25           26   (15-84 p)   [    1.3000, 13000.0000]
offset_0        52       -359602          -16           15   (15-84 p)   [-369967.1260, -349330.7806]

----- dataset: Contrastdata_neid         ----- model: gp_multidimensional           
rot_amp         53           0.4         -7.1          6.9   (15-84 p)   [  -10.0000,    10.0000]
con_amp         54         -14.6         -3.9          7.8   (15-84 p)   [  -20.0000,    20.0000]

----- dataset:  Halphadata_expres
jitter_0        55      0.000075    -0.000046     0.000077   (15-84 p)   [    0.0000,     0.1000]
offset_0        56       0.17212     -0.00015      0.00019   (15-84 p)   [-9999.8288, 10000.1728]

----- dataset: Halphadata_expres         ----- model: gp_multidimensional           
rot_amp         57        0.0004      -0.0011       0.0011   (15-84 p)   [  -10.0000,    10.0000]
con_amp         58       0.00027     -0.00018      0.00023   (15-84 p)   [  -20.0000,    20.0000]

----- dataset:  Halphadata_harps
jitter_0        59       0.00052     -0.00023      0.00018   (15-84 p)   [    0.0000,     0.1000]
offset_0        60       0.17464     -0.00021      0.00018   (15-84 p)   [-9999.8279, 10000.1787]
offset_1        61       0.17380     -0.00031      0.00029   (15-84 p)   [-9999.8279, 10000.1787]

----- dataset: Halphadata_harps          ----- model: gp_multidimensional           
rot_amp         62       -0.0034      -0.0019       0.0016   (15-84 p)   [  -10.0000,    10.0000]
con_amp         63      -0.00015     -0.00026      0.00022   (15-84 p)   [  -20.0000,    20.0000]

----- dataset:  Halphadata_neid
jitter_0        64      0.000095    -0.000061     0.000086   (15-84 p)   [    0.0000,     0.1000]
offset_0        65       0.17113     -0.00016      0.00015   (15-84 p)   [-9999.8297, 10000.1722]

----- dataset: Halphadata_neid           ----- model: gp_multidimensional           
rot_amp         66        0.0004      -0.0013       0.0014   (15-84 p)   [  -10.0000,    10.0000]
con_amp         67      -0.00007     -0.00022      0.00019   (15-84 p)   [  -20.0000,    20.0000]

----- common model:  activity
Prot             0         28.18        -0.42         0.43   (15-84 p)   [   20.0000,    35.0000]
Pdec             1          32.7         -1.8          4.4   (15-84 p)   [   30.0000,  1000.0000]
Oamp             2         -1.34        -0.12         0.11   (15-84 p)   [   -6.6439,     0.0000]

----- common model:  star_parameters

====================================================================================================
     Statistics on the model parameters obtained from the posteriors samples     
====================================================================================================

----- dataset:  RVdata_expres
jitter_0                 0.976       -0.077        0.089    (15-84 p)
offset_0                   3.2         -3.4          3.3    (15-84 p)


----- dataset: RVdata_expres             ----- model: gp_multidimensional           
rot_amp                    5.3         -2.9          2.7    (15-84 p)
con_amp                    7.8         -1.7          2.3    (15-84 p)

----- dataset:  RVdata_harps
jitter_0                  1.37        -0.10         0.11    (15-84 p)
offset_0                   3.5         -2.7          2.6    (15-84 p)
offset_1                   4.2         -2.8          2.6    (15-84 p)


----- dataset: RVdata_harps              ----- model: gp_multidimensional           
rot_amp                    4.3         -2.5          2.7    (15-84 p)
con_amp                    6.3         -1.4          1.9    (15-84 p)

----- dataset:  RVdata_neid
jitter_0                  1.26        -0.10         0.12    (15-84 p)
offset_0                   3.9         -2.9          2.8    (15-84 p)


----- dataset: RVdata_neid               ----- model: gp_multidimensional           
rot_amp                    6.0         -2.5          2.2    (15-84 p)
con_amp                    6.7         -1.5          2.0    (15-84 p)

----- dataset:  BISdata_expres
jitter_0                  1.76        -0.15         0.17    (15-84 p)
offset_0                -54.75        -0.52         0.56    (15-84 p)


----- dataset: BISdata_expres            ----- model: gp_multidimensional           
rot_amp                   -4.4         -2.6          2.4    (15-84 p)
con_amp                   1.16        -0.42         0.55    (15-84 p)

----- dataset:  BISdata_harps
jitter_0                  1.59        -0.15         0.16    (15-84 p)
offset_0                -45.49        -0.32         0.29    (15-84 p)
offset_1                -35.91        -0.51         0.47    (15-84 p)


----- dataset: BISdata_harps             ----- model: gp_multidimensional           
rot_amp                   -4.7         -2.9          2.9    (15-84 p)
con_amp                  -0.13        -0.37         0.37    (15-84 p)

----- dataset:  BISdata_neid
jitter_0                  1.31        -0.14         0.16    (15-84 p)
offset_0                -46.85        -0.30         0.26    (15-84 p)


----- dataset: BISdata_neid              ----- model: gp_multidimensional           
rot_amp                   -0.8         -2.1          2.3    (15-84 p)
con_amp                  -0.31        -0.39         0.33    (15-84 p)

----- dataset:  FWHMdata_expres
jitter_0                  0.93        -0.62         0.88    (15-84 p)
offset_0                6776.3         -1.5          1.3    (15-84 p)


----- dataset: FWHMdata_expres           ----- model: gp_multidimensional           
rot_amp                   -3.0         -4.6          5.6    (15-84 p)
con_amp                   -3.1         -1.4          1.1    (15-84 p)

----- dataset:  FWHMdata_harps
jitter_0                  0.49        -0.30         0.48    (15-84 p)
offset_0               6917.26        -0.72         0.78    (15-84 p)
offset_1                7171.6         -1.2          1.2    (15-84 p)


----- dataset: FWHMdata_harps            ----- model: gp_multidimensional           
rot_amp                   -0.9         -5.6          5.9    (15-84 p)
con_amp                   0.38        -0.91         0.99    (15-84 p)

----- dataset:  FWHMdata_neid
jitter_0                  0.46        -0.29         0.48    (15-84 p)
offset_0               6957.02        -0.90         0.73    (15-84 p)


----- dataset: FWHMdata_neid             ----- model: gp_multidimensional           
rot_amp                   -3.6         -4.2          5.8    (15-84 p)
con_amp                   -0.7         -1.1          1.0    (15-84 p)

----- dataset:  Contrastdata_expres
jitter_0                   184          -18           20    (15-84 p)
offset_0               -349488          -24           24    (15-84 p)


----- dataset: Contrastdata_expres       ----- model: gp_multidimensional           
rot_amp                    0.4         -7.1          6.7    (15-84 p)
con_amp                  -18.5         -1.1          2.0    (15-84 p)

----- dataset:  Contrastdata_harps
jitter_0                   122          -18           19    (15-84 p)
offset_0               -453776          -23           22    (15-84 p)
offset_1               -419701          -34           36    (15-84 p)


----- dataset: Contrastdata_harps        ----- model: gp_multidimensional           
rot_amp                    0.3         -7.2          6.6    (15-84 p)
con_amp                   17.8         -3.2          1.6    (15-84 p)

----- dataset:  Contrastdata_neid
jitter_0                    40          -25           26    (15-84 p)
offset_0               -359602          -16           15    (15-84 p)


----- dataset: Contrastdata_neid         ----- model: gp_multidimensional           
rot_amp                    0.4         -7.1          6.9    (15-84 p)
con_amp                  -14.6         -3.9          7.8    (15-84 p)

----- dataset:  Halphadata_expres
jitter_0              0.000075    -0.000046     0.000077    (15-84 p)
offset_0               0.17212     -0.00015      0.00019    (15-84 p)


----- dataset: Halphadata_expres         ----- model: gp_multidimensional           
rot_amp                 0.0004      -0.0011       0.0011    (15-84 p)
con_amp                0.00027     -0.00018      0.00023    (15-84 p)

----- dataset:  Halphadata_harps
jitter_0               0.00052     -0.00023      0.00018    (15-84 p)
offset_0               0.17464     -0.00021      0.00018    (15-84 p)
offset_1               0.17380     -0.00031      0.00029    (15-84 p)


----- dataset: Halphadata_harps          ----- model: gp_multidimensional           
rot_amp                -0.0034      -0.0019       0.0016    (15-84 p)
con_amp               -0.00015     -0.00026      0.00022    (15-84 p)

----- dataset:  Halphadata_neid
jitter_0              0.000095    -0.000061     0.000086    (15-84 p)
offset_0               0.17113     -0.00016      0.00015    (15-84 p)


----- dataset: Halphadata_neid           ----- model: gp_multidimensional           
rot_amp                 0.0004      -0.0013       0.0014    (15-84 p)
con_amp               -0.00007     -0.00022      0.00019    (15-84 p)

----- common model:  activity
Prot                     28.18        -0.42         0.43    (15-84 p)
Pdec                      32.7         -1.8          4.4    (15-84 p)
Oamp                     0.396       -0.031        0.033    (15-84 p)

----- common model:  star_parameters

====================================================================================================
     Statistics on the derived parameters obtained from the posteriors samples     
====================================================================================================


====================================================================================================
     ------------------------------------------------------------------------------------------     
====================================================================================================



30000.0   steps completed, average lnprob:,  -2776.0306537079955


Computing the autocorrelation time of the chains

***** WARNING ******
The integrated autocorrelation time cannot be reliably estimated
likely the chains are too short, and ACF analysis is not fully reliable
emcee.autocorr.integrated_time tolerance lowered to 20
If you still get a warning, you should drop these results entirely
Chains too short to apply convergence criteria
They should be at least 2000*nthin = 300000

====================================================================================================
     Statistics on the posterior of the sampler parameters     
====================================================================================================

----- dataset:  RVdata_expres
jitter_0         3         0.978       -0.077        0.091   (15-84 p)   [    0.0010,    11.5000]
offset_0         4           3.8         -4.1          4.1   (15-84 p)   [-10006.2420, 10010.4100]

----- dataset: RVdata_expres             ----- model: gp_multidimensional           
rot_amp          5           5.2         -2.9          2.9   (15-84 p)   [    0.0000,    10.0000]
con_amp          6           9.3         -2.6          4.6   (15-84 p)   [  -20.0000,    20.0000]

----- dataset:  RVdata_harps
jitter_0         7          1.37        -0.10         0.11   (15-84 p)   [    0.0009,    13.3000]
offset_0         8           4.0         -3.3          3.3   (15-84 p)   [-10005.4343, 10010.2475]
offset_1         9           4.6         -3.3          3.3   (15-84 p)   [-10005.4343, 10010.2475]

----- dataset: RVdata_harps              ----- model: gp_multidimensional           
rot_amp         10           4.0         -2.5          2.9   (15-84 p)   [    0.0000,    10.0000]
con_amp         11           7.5         -2.1          3.7   (15-84 p)   [  -20.0000,    20.0000]

----- dataset:  RVdata_neid
jitter_0        12          1.26        -0.10         0.12   (15-84 p)   [    0.0010,    12.2000]
offset_0        13           4.4         -3.5          3.6   (15-84 p)   [-10005.9046, 10009.8774]

----- dataset: RVdata_neid               ----- model: gp_multidimensional           
rot_amp         14           6.3         -2.6          2.3   (15-84 p)   [    0.0000,    10.0000]
con_amp         15           8.0         -2.2          3.9   (15-84 p)   [  -20.0000,    20.0000]

----- dataset:  BISdata_expres
jitter_0        16          1.77        -0.15         0.18   (15-84 p)   [    0.0095,    95.0000]
offset_0        17        -54.67        -0.61         0.75   (15-84 p)   [-10061.4500,  9948.9833]

----- dataset: BISdata_expres            ----- model: gp_multidimensional           
rot_amp         18          -4.9         -2.7          2.7   (15-84 p)   [  -10.0000,    10.0000]
con_amp         19          1.40        -0.55         0.87   (15-84 p)   [  -20.0000,    20.0000]

----- dataset:  BISdata_harps
jitter_0        20          1.58        -0.15         0.17   (15-84 p)   [    0.0095,    95.0000]
offset_0        21        -45.49        -0.33         0.30   (15-84 p)   [-10050.8667,  9968.4000]
offset_1        22        -35.90        -0.54         0.48   (15-84 p)   [-10050.8667,  9968.4000]

----- dataset: BISdata_harps             ----- model: gp_multidimensional           
rot_amp         23          -5.3         -2.9          3.1   (15-84 p)   [  -10.0000,    10.0000]
con_amp         24         -0.15        -0.45         0.43   (15-84 p)   [  -20.0000,    20.0000]

----- dataset:  BISdata_neid
jitter_0        25          1.32        -0.15         0.17   (15-84 p)   [    0.0095,    95.0000]
offset_0        26        -46.87        -0.35         0.28   (15-84 p)   [-10050.7833,  9957.4667]

----- dataset: BISdata_neid              ----- model: gp_multidimensional           
rot_amp         27          -0.8         -2.5          2.5   (15-84 p)   [  -10.0000,    10.0000]
con_amp         28         -0.38        -0.49         0.39   (15-84 p)   [  -20.0000,    20.0000]

----- dataset:  FWHMdata_expres
jitter_0        29          0.92        -0.61         0.88   (15-84 p)   [    0.0500,   500.0000]
offset_0        30        6776.1         -1.9          1.6   (15-84 p)   [-3233.0765, 16789.6022]

----- dataset: FWHMdata_expres           ----- model: gp_multidimensional           
rot_amp         31          -2.6         -4.9          6.1   (15-84 p)   [  -10.0000,    10.0000]
con_amp         32          -3.7         -2.2          1.5   (15-84 p)   [  -20.0000,    20.0000]

----- dataset:  FWHMdata_harps
jitter_0        33          0.48        -0.30         0.47   (15-84 p)   [    0.0500,   500.0000]
offset_0        34       6917.27        -0.76         0.84   (15-84 p)   [-3088.5511, 17176.1921]
offset_1        35        7171.7         -1.3          1.3   (15-84 p)   [-3088.5511, 17176.1921]

----- dataset: FWHMdata_harps            ----- model: gp_multidimensional           
rot_amp         36          -1.3         -5.6          6.1   (15-84 p)   [  -10.0000,    10.0000]
con_amp         37           0.5         -1.1          1.2   (15-84 p)   [  -20.0000,    20.0000]

----- dataset:  FWHMdata_neid
jitter_0        38          0.48        -0.30         0.48   (15-84 p)   [    0.0500,   500.0000]
offset_0        39       6956.98         -1.0         0.78   (15-84 p)   [-3049.2667, 16964.4316]

----- dataset: FWHMdata_neid             ----- model: gp_multidimensional           
rot_amp         40          -3.4         -4.4          6.1   (15-84 p)   [  -10.0000,    10.0000]
con_amp         41          -0.9         -1.4          1.2   (15-84 p)   [  -20.0000,    20.0000]

----- dataset:  Contrastdata_expres
jitter_0        42           184          -18           20   (15-84 p)   [    1.3000, 13000.0000]
offset_0        43       -349488          -23           23   (15-84 p)   [-359831.0100, -338852.3247]

----- dataset: Contrastdata_expres       ----- model: gp_multidimensional           
rot_amp         44           0.0         -6.9          6.8   (15-84 p)   [  -10.0000,    10.0000]
con_amp         45         -17.4         -1.9          5.9   (15-84 p)   [  -20.0000,    20.0000]

----- dataset:  Contrastdata_harps
jitter_0        46           124          -18           20   (15-84 p)   [    1.3000, 13000.0000]
offset_0        47       -453777          -22           21   (15-84 p)   [-464256.3172, -409348.3188]
offset_1        48       -419702          -35           35   (15-84 p)   [-464256.3172, -409348.3188]

----- dataset: Contrastdata_harps        ----- model: gp_multidimensional           
rot_amp         49           0.2         -7.1          6.7   (15-84 p)   [  -10.0000,    10.0000]
con_amp         50          16.3         -7.5          2.7   (15-84 p)   [  -20.0000,    20.0000]

----- dataset:  Contrastdata_neid
jitter_0        51            41          -26           26   (15-84 p)   [    1.3000, 13000.0000]
offset_0        52       -359601          -16           16   (15-84 p)   [-369967.1260, -349330.7806]

----- dataset: Contrastdata_neid         ----- model: gp_multidimensional           
rot_amp         53           0.5         -7.1          6.7   (15-84 p)   [  -10.0000,    10.0000]
con_amp         54         -12.6         -5.4           12   (15-84 p)   [  -20.0000,    20.0000]

----- dataset:  Halphadata_expres
jitter_0        55      0.000076    -0.000046     0.000077   (15-84 p)   [    0.0000,     0.1000]
offset_0        56       0.17214     -0.00017      0.00023   (15-84 p)   [-9999.8288, 10000.1728]

----- dataset: Halphadata_expres         ----- model: gp_multidimensional           
rot_amp         57        0.0003      -0.0013       0.0013   (15-84 p)   [  -10.0000,    10.0000]
con_amp         58       0.00033     -0.00023      0.00032   (15-84 p)   [  -20.0000,    20.0000]

----- dataset:  Halphadata_harps
jitter_0        59       0.00053     -0.00022      0.00018   (15-84 p)   [    0.0000,     0.1000]
offset_0        60       0.17464     -0.00023      0.00020   (15-84 p)   [-9999.8279, 10000.1787]
offset_1        61       0.17381     -0.00033      0.00030   (15-84 p)   [-9999.8279, 10000.1787]

----- dataset: Halphadata_harps          ----- model: gp_multidimensional           
rot_amp         62       -0.0038      -0.0022       0.0018   (15-84 p)   [  -10.0000,    10.0000]
con_amp         63      -0.00017     -0.00032      0.00026   (15-84 p)   [  -20.0000,    20.0000]

----- dataset:  Halphadata_neid
jitter_0        64      0.000091    -0.000058     0.000089   (15-84 p)   [    0.0000,     0.1000]
offset_0        65       0.17113     -0.00018      0.00016   (15-84 p)   [-9999.8297, 10000.1722]

----- dataset: Halphadata_neid           ----- model: gp_multidimensional           
rot_amp         66        0.0005      -0.0014       0.0015   (15-84 p)   [  -10.0000,    10.0000]
con_amp         67      -0.00009     -0.00027      0.00023   (15-84 p)   [  -20.0000,    20.0000]

----- common model:  activity
Prot             0         28.22        -0.43         0.40   (15-84 p)   [   20.0000,    35.0000]
Pdec             1          37.7         -6.2           19   (15-84 p)   [   30.0000,  1000.0000]
Oamp             2         -1.34        -0.12         0.11   (15-84 p)   [   -6.6439,     0.0000]

----- common model:  star_parameters

====================================================================================================
     Statistics on the model parameters obtained from the posteriors samples     
====================================================================================================

----- dataset:  RVdata_expres
jitter_0                 0.978       -0.077        0.091    (15-84 p)
offset_0                   3.8         -4.1          4.1    (15-84 p)


----- dataset: RVdata_expres             ----- model: gp_multidimensional           
rot_amp                    5.2         -2.9          2.9    (15-84 p)
con_amp                    9.3         -2.6          4.6    (15-84 p)

----- dataset:  RVdata_harps
jitter_0                  1.37        -0.10         0.11    (15-84 p)
offset_0                   4.0         -3.3          3.3    (15-84 p)
offset_1                   4.6         -3.3          3.3    (15-84 p)


----- dataset: RVdata_harps              ----- model: gp_multidimensional           
rot_amp                    4.0         -2.5          2.9    (15-84 p)
con_amp                    7.5         -2.1          3.7    (15-84 p)

----- dataset:  RVdata_neid
jitter_0                  1.26        -0.10         0.12    (15-84 p)
offset_0                   4.4         -3.5          3.6    (15-84 p)


----- dataset: RVdata_neid               ----- model: gp_multidimensional           
rot_amp                    6.3         -2.6          2.3    (15-84 p)
con_amp                    8.0         -2.2          3.9    (15-84 p)

----- dataset:  BISdata_expres
jitter_0                  1.77        -0.15         0.18    (15-84 p)
offset_0                -54.67        -0.61         0.75    (15-84 p)


----- dataset: BISdata_expres            ----- model: gp_multidimensional           
rot_amp                   -4.9         -2.7          2.7    (15-84 p)
con_amp                   1.40        -0.55         0.87    (15-84 p)

----- dataset:  BISdata_harps
jitter_0                  1.58        -0.15         0.17    (15-84 p)
offset_0                -45.49        -0.33         0.30    (15-84 p)
offset_1                -35.90        -0.54         0.48    (15-84 p)


----- dataset: BISdata_harps             ----- model: gp_multidimensional           
rot_amp                   -5.3         -2.9          3.1    (15-84 p)
con_amp                  -0.15        -0.45         0.43    (15-84 p)

----- dataset:  BISdata_neid
jitter_0                  1.32        -0.15         0.17    (15-84 p)
offset_0                -46.87        -0.35         0.28    (15-84 p)


----- dataset: BISdata_neid              ----- model: gp_multidimensional           
rot_amp                   -0.8         -2.5          2.5    (15-84 p)
con_amp                  -0.38        -0.49         0.39    (15-84 p)

----- dataset:  FWHMdata_expres
jitter_0                  0.92        -0.61         0.88    (15-84 p)
offset_0                6776.1         -1.9          1.6    (15-84 p)


----- dataset: FWHMdata_expres           ----- model: gp_multidimensional           
rot_amp                   -2.6         -4.9          6.1    (15-84 p)
con_amp                   -3.7         -2.2          1.5    (15-84 p)

----- dataset:  FWHMdata_harps
jitter_0                  0.48        -0.30         0.47    (15-84 p)
offset_0               6917.27        -0.76         0.84    (15-84 p)
offset_1                7171.7         -1.3          1.3    (15-84 p)


----- dataset: FWHMdata_harps            ----- model: gp_multidimensional           
rot_amp                   -1.3         -5.6          6.1    (15-84 p)
con_amp                    0.5         -1.1          1.2    (15-84 p)

----- dataset:  FWHMdata_neid
jitter_0                  0.48        -0.30         0.48    (15-84 p)
offset_0               6956.98         -1.0         0.78    (15-84 p)


----- dataset: FWHMdata_neid             ----- model: gp_multidimensional           
rot_amp                   -3.4         -4.4          6.1    (15-84 p)
con_amp                   -0.9         -1.4          1.2    (15-84 p)

----- dataset:  Contrastdata_expres
jitter_0                   184          -18           20    (15-84 p)
offset_0               -349488          -23           23    (15-84 p)


----- dataset: Contrastdata_expres       ----- model: gp_multidimensional           
rot_amp                    0.0         -6.9          6.8    (15-84 p)
con_amp                  -17.4         -1.9          5.9    (15-84 p)

----- dataset:  Contrastdata_harps
jitter_0                   124          -18           20    (15-84 p)
offset_0               -453777          -22           21    (15-84 p)
offset_1               -419702          -35           35    (15-84 p)


----- dataset: Contrastdata_harps        ----- model: gp_multidimensional           
rot_amp                    0.2         -7.1          6.7    (15-84 p)
con_amp                   16.3         -7.5          2.7    (15-84 p)

----- dataset:  Contrastdata_neid
jitter_0                    41          -26           26    (15-84 p)
offset_0               -359601          -16           16    (15-84 p)


----- dataset: Contrastdata_neid         ----- model: gp_multidimensional           
rot_amp                    0.5         -7.1          6.7    (15-84 p)
con_amp                  -12.6         -5.4           12    (15-84 p)

----- dataset:  Halphadata_expres
jitter_0              0.000076    -0.000046     0.000077    (15-84 p)
offset_0               0.17214     -0.00017      0.00023    (15-84 p)


----- dataset: Halphadata_expres         ----- model: gp_multidimensional           
rot_amp                 0.0003      -0.0013       0.0013    (15-84 p)
con_amp                0.00033     -0.00023      0.00032    (15-84 p)

----- dataset:  Halphadata_harps
jitter_0               0.00053     -0.00022      0.00018    (15-84 p)
offset_0               0.17464     -0.00023      0.00020    (15-84 p)
offset_1               0.17381     -0.00033      0.00030    (15-84 p)


----- dataset: Halphadata_harps          ----- model: gp_multidimensional           
rot_amp                -0.0038      -0.0022       0.0018    (15-84 p)
con_amp               -0.00017     -0.00032      0.00026    (15-84 p)

----- dataset:  Halphadata_neid
jitter_0              0.000091    -0.000058     0.000089    (15-84 p)
offset_0               0.17113     -0.00018      0.00016    (15-84 p)


----- dataset: Halphadata_neid           ----- model: gp_multidimensional           
rot_amp                 0.0005      -0.0014       0.0015    (15-84 p)
con_amp               -0.00009     -0.00027      0.00023    (15-84 p)

----- common model:  activity
Prot                     28.22        -0.43         0.40    (15-84 p)
Pdec                      37.7         -6.2           19    (15-84 p)
Oamp                     0.395       -0.031        0.032    (15-84 p)

----- common model:  star_parameters

====================================================================================================
     Statistics on the derived parameters obtained from the posteriors samples     
====================================================================================================


====================================================================================================
     ------------------------------------------------------------------------------------------     
====================================================================================================



45000.0   steps completed, average lnprob:,  -2780.5310702281286


Computing the autocorrelation time of the chains

***** WARNING ******
The integrated autocorrelation time cannot be reliably estimated
likely the chains are too short, and ACF analysis is not fully reliable
emcee.autocorr.integrated_time tolerance lowered to 20
If you still get a warning, you should drop these results entirely
Chains too short to apply convergence criteria
They should be at least 2650*nthin = 397500

====================================================================================================
     Statistics on the posterior of the sampler parameters     
====================================================================================================

----- dataset:  RVdata_expres
jitter_0         3         0.979       -0.077        0.090   (15-84 p)   [    0.0010,    11.5000]
offset_0         4           4.2         -4.5          4.8   (15-84 p)   [-10006.2420, 10010.4100]

----- dataset: RVdata_expres             ----- model: gp_multidimensional           
rot_amp          5           5.1         -2.9          2.9   (15-84 p)   [    0.0000,    10.0000]
con_amp          6          11.0         -3.7          5.4   (15-84 p)   [  -20.0000,    20.0000]

----- dataset:  RVdata_harps
jitter_0         7          1.37        -0.10         0.11   (15-84 p)   [    0.0009,    13.3000]
offset_0         8           4.3         -3.6          3.9   (15-84 p)   [-10005.4343, 10010.2475]
offset_1         9           5.0         -3.6          3.9   (15-84 p)   [-10005.4343, 10010.2475]

----- dataset: RVdata_harps              ----- model: gp_multidimensional           
rot_amp         10           3.9         -2.5          3.0   (15-84 p)   [    0.0000,    10.0000]
con_amp         11           8.8         -3.0          4.3   (15-84 p)   [  -20.0000,    20.0000]

----- dataset:  RVdata_neid
jitter_0        12         1.252       -0.098         0.12   (15-84 p)   [    0.0010,    12.2000]
offset_0        13           4.8         -3.9          4.1   (15-84 p)   [-10005.9046, 10009.8774]

----- dataset: RVdata_neid               ----- model: gp_multidimensional           
rot_amp         14           6.5         -2.7          2.2   (15-84 p)   [    0.0000,    10.0000]
con_amp         15           9.4         -3.1          4.6   (15-84 p)   [  -20.0000,    20.0000]

----- dataset:  BISdata_expres
jitter_0        16          1.77        -0.15         0.17   (15-84 p)   [    0.0095,    95.0000]
offset_0        17        -54.60        -0.66         0.84   (15-84 p)   [-10061.4500,  9948.9833]

----- dataset: BISdata_expres            ----- model: gp_multidimensional           
rot_amp         18          -5.2         -2.8          2.8   (15-84 p)   [  -10.0000,    10.0000]
con_amp         19          1.60        -0.66          1.0   (15-84 p)   [  -20.0000,    20.0000]

----- dataset:  BISdata_harps
jitter_0        20          1.58        -0.15         0.16   (15-84 p)   [    0.0095,    95.0000]
offset_0        21        -45.49        -0.35         0.32   (15-84 p)   [-10050.8667,  9968.4000]
offset_1        22        -35.91        -0.55         0.49   (15-84 p)   [-10050.8667,  9968.4000]

----- dataset: BISdata_harps             ----- model: gp_multidimensional           
rot_amp         23          -5.7         -2.8          3.3   (15-84 p)   [  -10.0000,    10.0000]
con_amp         24         -0.17        -0.54         0.50   (15-84 p)   [  -20.0000,    20.0000]

----- dataset:  BISdata_neid
jitter_0        25          1.32        -0.15         0.17   (15-84 p)   [    0.0095,    95.0000]
offset_0        26        -46.88        -0.39         0.30   (15-84 p)   [-10050.7833,  9957.4667]

----- dataset: BISdata_neid              ----- model: gp_multidimensional           
rot_amp         27          -0.9         -2.8          2.7   (15-84 p)   [  -10.0000,    10.0000]
con_amp         28         -0.42        -0.56         0.45   (15-84 p)   [  -20.0000,    20.0000]

----- dataset:  FWHMdata_expres
jitter_0        29          0.91        -0.61         0.88   (15-84 p)   [    0.0500,   500.0000]
offset_0        30        6775.9         -2.3          1.8   (15-84 p)   [-3233.0765, 16789.6022]

----- dataset: FWHMdata_expres           ----- model: gp_multidimensional           
rot_amp         31          -2.3         -5.1          6.1   (15-84 p)   [  -10.0000,    10.0000]
con_amp         32          -4.4         -2.6          1.8   (15-84 p)   [  -20.0000,    20.0000]

----- dataset:  FWHMdata_harps
jitter_0        33          0.45        -0.28         0.46   (15-84 p)   [    0.0500,   500.0000]
offset_0        34       6917.32        -0.80         0.88   (15-84 p)   [-3088.5511, 17176.1921]
offset_1        35        7171.7         -1.3          1.4   (15-84 p)   [-3088.5511, 17176.1921]

----- dataset: FWHMdata_harps            ----- model: gp_multidimensional           
rot_amp         36          -1.5         -5.6          6.2   (15-84 p)   [  -10.0000,    10.0000]
con_amp         37           0.5         -1.2          1.4   (15-84 p)   [  -20.0000,    20.0000]

----- dataset:  FWHMdata_neid
jitter_0        38          0.48        -0.30         0.47   (15-84 p)   [    0.0500,   500.0000]
offset_0        39       6956.93         -1.1         0.84   (15-84 p)   [-3049.2667, 16964.4316]

----- dataset: FWHMdata_neid             ----- model: gp_multidimensional           
rot_amp         40          -3.3         -4.6          6.3   (15-84 p)   [  -10.0000,    10.0000]
con_amp         41          -1.1         -1.6          1.3   (15-84 p)   [  -20.0000,    20.0000]

----- dataset:  Contrastdata_expres
jitter_0        42           185          -18           20   (15-84 p)   [    1.3000, 13000.0000]
offset_0        43       -349488          -23           23   (15-84 p)   [-359831.0100, -338852.3247]

----- dataset: Contrastdata_expres       ----- model: gp_multidimensional           
rot_amp         44          -0.0         -6.8          6.8   (15-84 p)   [  -10.0000,    10.0000]
con_amp         45         -16.0         -3.1           10   (15-84 p)   [  -20.0000,    20.0000]

----- dataset:  Contrastdata_harps
jitter_0        46           125          -18           19   (15-84 p)   [    1.3000, 13000.0000]
offset_0        47       -453777          -22           21   (15-84 p)   [-464256.3172, -409348.3188]
offset_1        48       -419704          -35           35   (15-84 p)   [-464256.3172, -409348.3188]

----- dataset: Contrastdata_harps        ----- model: gp_multidimensional           
rot_amp         49           0.3         -7.1          6.7   (15-84 p)   [  -10.0000,    10.0000]
con_amp         50          15.0          -11          3.8   (15-84 p)   [  -20.0000,    20.0000]

----- dataset:  Contrastdata_neid
jitter_0        51            41          -26           26   (15-84 p)   [    1.3000, 13000.0000]
offset_0        52       -359601          -16           16   (15-84 p)   [-369967.1260, -349330.7806]

----- dataset: Contrastdata_neid         ----- model: gp_multidimensional           
rot_amp         53           0.4         -7.1          6.7   (15-84 p)   [  -10.0000,    10.0000]
con_amp         54         -11.2         -6.5           15   (15-84 p)   [  -20.0000,    20.0000]

----- dataset:  Halphadata_expres
jitter_0        55      0.000076    -0.000047     0.000078   (15-84 p)   [    0.0000,     0.1000]
offset_0        56       0.17215     -0.00019      0.00026   (15-84 p)   [-9999.8288, 10000.1728]

----- dataset: Halphadata_expres         ----- model: gp_multidimensional           
rot_amp         57        0.0004      -0.0014       0.0014   (15-84 p)   [  -10.0000,    10.0000]
con_amp         58       0.00038     -0.00026      0.00037   (15-84 p)   [  -20.0000,    20.0000]

----- dataset:  Halphadata_harps
jitter_0        59       0.00052     -0.00022      0.00018   (15-84 p)   [    0.0000,     0.1000]
offset_0        60       0.17463     -0.00024      0.00021   (15-84 p)   [-9999.8279, 10000.1787]
offset_1        61       0.17381     -0.00034      0.00030   (15-84 p)   [-9999.8279, 10000.1787]

----- dataset: Halphadata_harps          ----- model: gp_multidimensional           
rot_amp         62       -0.0042      -0.0025       0.0020   (15-84 p)   [  -10.0000,    10.0000]
con_amp         63      -0.00019     -0.00036      0.00030   (15-84 p)   [  -20.0000,    20.0000]

----- dataset:  Halphadata_neid
jitter_0        64      0.000089    -0.000057     0.000089   (15-84 p)   [    0.0000,     0.1000]
offset_0        65       0.17112     -0.00019      0.00017   (15-84 p)   [-9999.8297, 10000.1722]

----- dataset: Halphadata_neid           ----- model: gp_multidimensional           
rot_amp         66        0.0005      -0.0015       0.0016   (15-84 p)   [  -10.0000,    10.0000]
con_amp         67      -0.00011     -0.00031      0.00026   (15-84 p)   [  -20.0000,    20.0000]

----- common model:  activity
Prot             0         28.25        -0.41         0.38   (15-84 p)   [   20.0000,    35.0000]
Pdec             1            47          -14           19   (15-84 p)   [   30.0000,  1000.0000]
Oamp             2         -1.34        -0.12         0.11   (15-84 p)   [   -6.6439,     0.0000]

----- common model:  star_parameters

====================================================================================================
     Statistics on the model parameters obtained from the posteriors samples     
====================================================================================================

----- dataset:  RVdata_expres
jitter_0                 0.979       -0.077        0.090    (15-84 p)
offset_0                   4.2         -4.5          4.8    (15-84 p)


----- dataset: RVdata_expres             ----- model: gp_multidimensional           
rot_amp                    5.1         -2.9          2.9    (15-84 p)
con_amp                   11.0         -3.7          5.4    (15-84 p)

----- dataset:  RVdata_harps
jitter_0                  1.37        -0.10         0.11    (15-84 p)
offset_0                   4.3         -3.6          3.9    (15-84 p)
offset_1                   5.0         -3.6          3.9    (15-84 p)


----- dataset: RVdata_harps              ----- model: gp_multidimensional           
rot_amp                    3.9         -2.5          3.0    (15-84 p)
con_amp                    8.8         -3.0          4.3    (15-84 p)

----- dataset:  RVdata_neid
jitter_0                 1.252       -0.098         0.12    (15-84 p)
offset_0                   4.8         -3.9          4.1    (15-84 p)


----- dataset: RVdata_neid               ----- model: gp_multidimensional           
rot_amp                    6.5         -2.7          2.2    (15-84 p)
con_amp                    9.4         -3.1          4.6    (15-84 p)

----- dataset:  BISdata_expres
jitter_0                  1.77        -0.15         0.17    (15-84 p)
offset_0                -54.60        -0.66         0.84    (15-84 p)


----- dataset: BISdata_expres            ----- model: gp_multidimensional           
rot_amp                   -5.2         -2.8          2.8    (15-84 p)
con_amp                   1.60        -0.66          1.0    (15-84 p)

----- dataset:  BISdata_harps
jitter_0                  1.58        -0.15         0.16    (15-84 p)
offset_0                -45.49        -0.35         0.32    (15-84 p)
offset_1                -35.91        -0.55         0.49    (15-84 p)


----- dataset: BISdata_harps             ----- model: gp_multidimensional           
rot_amp                   -5.7         -2.8          3.3    (15-84 p)
con_amp                  -0.17        -0.54         0.50    (15-84 p)

----- dataset:  BISdata_neid
jitter_0                  1.32        -0.15         0.17    (15-84 p)
offset_0                -46.88        -0.39         0.30    (15-84 p)


----- dataset: BISdata_neid              ----- model: gp_multidimensional           
rot_amp                   -0.9         -2.8          2.7    (15-84 p)
con_amp                  -0.42        -0.56         0.45    (15-84 p)

----- dataset:  FWHMdata_expres
jitter_0                  0.91        -0.61         0.88    (15-84 p)
offset_0                6775.9         -2.3          1.8    (15-84 p)


----- dataset: FWHMdata_expres           ----- model: gp_multidimensional           
rot_amp                   -2.3         -5.1          6.1    (15-84 p)
con_amp                   -4.4         -2.6          1.8    (15-84 p)

----- dataset:  FWHMdata_harps
jitter_0                  0.45        -0.28         0.46    (15-84 p)
offset_0               6917.32        -0.80         0.88    (15-84 p)
offset_1                7171.7         -1.3          1.4    (15-84 p)


----- dataset: FWHMdata_harps            ----- model: gp_multidimensional           
rot_amp                   -1.5         -5.6          6.2    (15-84 p)
con_amp                    0.5         -1.2          1.4    (15-84 p)

----- dataset:  FWHMdata_neid
jitter_0                  0.48        -0.30         0.47    (15-84 p)
offset_0               6956.93         -1.1         0.84    (15-84 p)


----- dataset: FWHMdata_neid             ----- model: gp_multidimensional           
rot_amp                   -3.3         -4.6          6.3    (15-84 p)
con_amp                   -1.1         -1.6          1.3    (15-84 p)

----- dataset:  Contrastdata_expres
jitter_0                   185          -18           20    (15-84 p)
offset_0               -349488          -23           23    (15-84 p)


----- dataset: Contrastdata_expres       ----- model: gp_multidimensional           
rot_amp                   -0.0         -6.8          6.8    (15-84 p)
con_amp                  -16.0         -3.1           10    (15-84 p)

----- dataset:  Contrastdata_harps
jitter_0                   125          -18           19    (15-84 p)
offset_0               -453777          -22           21    (15-84 p)
offset_1               -419704          -35           35    (15-84 p)


----- dataset: Contrastdata_harps        ----- model: gp_multidimensional           
rot_amp                    0.3         -7.1          6.7    (15-84 p)
con_amp                   15.0          -11          3.8    (15-84 p)

----- dataset:  Contrastdata_neid
jitter_0                    41          -26           26    (15-84 p)
offset_0               -359601          -16           16    (15-84 p)


----- dataset: Contrastdata_neid         ----- model: gp_multidimensional           
rot_amp                    0.4         -7.1          6.7    (15-84 p)
con_amp                  -11.2         -6.5           15    (15-84 p)

----- dataset:  Halphadata_expres
jitter_0              0.000076    -0.000047     0.000078    (15-84 p)
offset_0               0.17215     -0.00019      0.00026    (15-84 p)


----- dataset: Halphadata_expres         ----- model: gp_multidimensional           
rot_amp                 0.0004      -0.0014       0.0014    (15-84 p)
con_amp                0.00038     -0.00026      0.00037    (15-84 p)

----- dataset:  Halphadata_harps
jitter_0               0.00052     -0.00022      0.00018    (15-84 p)
offset_0               0.17463     -0.00024      0.00021    (15-84 p)
offset_1               0.17381     -0.00034      0.00030    (15-84 p)


----- dataset: Halphadata_harps          ----- model: gp_multidimensional           
rot_amp                -0.0042      -0.0025       0.0020    (15-84 p)
con_amp               -0.00019     -0.00036      0.00030    (15-84 p)

----- dataset:  Halphadata_neid
jitter_0              0.000089    -0.000057     0.000089    (15-84 p)
offset_0               0.17112     -0.00019      0.00017    (15-84 p)


----- dataset: Halphadata_neid           ----- model: gp_multidimensional           
rot_amp                 0.0005      -0.0015       0.0016    (15-84 p)
con_amp               -0.00011     -0.00031      0.00026    (15-84 p)

----- common model:  activity
Prot                     28.25        -0.41         0.38    (15-84 p)
Pdec                        47          -14           19    (15-84 p)
Oamp                     0.395       -0.031        0.032    (15-84 p)

----- common model:  star_parameters

====================================================================================================
     Statistics on the derived parameters obtained from the posteriors samples     
====================================================================================================


====================================================================================================
     ------------------------------------------------------------------------------------------     
====================================================================================================



60000.0   steps completed, average lnprob:,  -2782.65245097875


emcee completed


:::---::: PyORBIT v11.0.1 :::---:::

Python version in use:
3.10.18 (main, Jun  5 2025, 13:14:17) [GCC 11.2.0]
LaTeX disabled by default

gp_multidimensional  S+LEAF model, number of harmonics: 4

GP model: gp_multidimensional  hyperparameters_condition:    True
GP model: gp_multidimensional  rotation_decay_condition:     True

### PyORBIT version used in the analysis:  11.0.1

 emcee version:  3.1.6

 Reference Time Tref: 59334.700184

 Data points:1605
 Dimensions: 68
 Nwalkers:   272
 Steps:      60000


Number of samplings: 81600

Recomputing ln-prior, it may take a while...

ln-probability   distribution:  -2778.75       -7.55      7.65 (15-84 p) 
ln-prior         distribution:   -365.71       -1.64      0.88 (15-84 p) 
ln-likelihood    distribution:  -2412.63       -7.61      7.58 (15-84 p) 


*** Information criteria using the likelihood distribution

 BIC from distribution  (using likelihood)  =   5327.17    -15.16   15.22 (15-84 p)
 AIC from distribution  (using likelihood)  =   4961.27    -15.16   15.22 (15-84 p)
 AICc from distribution (using likelihood)  =   4967.38    -15.16   15.22 (15-84 p)


*** Information criteria using the median parameter set

 ln_probability of Median solution =  -2750.12
 ln_priors of Median solution      =   -365.35
 ln_likelihood of Median solution  =  -2384.77

 Median BIC  (using likelihood) =   5271.44
 Median AIC  (using likelihood) =   4905.54
 Median AICc (using likelihood) =   4911.65


*** Information criteria using the MAP parameter set

 ln_probability of MAP solution =  -2736.59
 ln_priors of MAP solution      =   -364.56
 ln_likelihood of MAP solution  =  -2372.03

 MAP BIC  (using likelihood)    =   5245.96
 MAP AIC  (using likelihood)    =   4880.06
 MAP AICc (using likelihood)    =   4886.17

 AICc suggested over AIC because NDATA ( 1605 ) < 40 * NDIM ( 68 )

****************************************************************************************************


Computing the autocorrelation time of the chains

***** WARNING ******
The integrated autocorrelation time cannot be reliably estimated
likely the chains are too short, and ACF analysis is not fully reliable
emcee.autocorr.integrated_time tolerance lowered to 20
If you still get a warning, you should drop these results entirely
Chains too short to apply convergence criteria
They should be at least 2650*nthin = 397500

 ACF computation failed, no plot will be generated 


====================================================================================================
     Ids, spaces (s), boundaries (b) and priors (p) of the sampler parameters     
====================================================================================================

----- dataset:  RVdata_expres
jitter_0      id:   3  s:Linear      b:[      0.0010,      11.5000]   p:Uniform   []
offset_0      id:   4  s:Linear      b:[ -10006.2420,   10010.4100]   p:Uniform   []

----- dataset: RVdata_expres             ----- model: gp_multidimensional           
rot_amp       id:   5  s:Linear      b:[      0.0000,      10.0000]   p:Uniform   []
con_amp       id:   6  s:Linear      b:[    -20.0000,      20.0000]   p:Uniform   []

----- dataset:  RVdata_harps
jitter_0      id:   7  s:Linear      b:[      0.0009,      13.3000]   p:Uniform   []
offset_0      id:   8  s:Linear      b:[ -10005.4343,   10010.2475]   p:Uniform   []
offset_1      id:   9  s:Linear      b:[ -10005.4343,   10010.2475]   p:Uniform   []

----- dataset: RVdata_harps              ----- model: gp_multidimensional           
rot_amp       id:  10  s:Linear      b:[      0.0000,      10.0000]   p:Uniform   []
con_amp       id:  11  s:Linear      b:[    -20.0000,      20.0000]   p:Uniform   []

----- dataset:  RVdata_neid
jitter_0      id:  12  s:Linear      b:[      0.0010,      12.2000]   p:Uniform   []
offset_0      id:  13  s:Linear      b:[ -10005.9046,   10009.8774]   p:Uniform   []

----- dataset: RVdata_neid               ----- model: gp_multidimensional           
rot_amp       id:  14  s:Linear      b:[      0.0000,      10.0000]   p:Uniform   []
con_amp       id:  15  s:Linear      b:[    -20.0000,      20.0000]   p:Uniform   []

----- dataset:  BISdata_expres
jitter_0      id:  16  s:Linear      b:[      0.0095,      95.0000]   p:Uniform   []
offset_0      id:  17  s:Linear      b:[ -10061.4500,    9948.9833]   p:Uniform   []

----- dataset: BISdata_expres            ----- model: gp_multidimensional           
rot_amp       id:  18  s:Linear      b:[    -10.0000,      10.0000]   p:Uniform   []
con_amp       id:  19  s:Linear      b:[    -20.0000,      20.0000]   p:Uniform   []

----- dataset:  BISdata_harps
jitter_0      id:  20  s:Linear      b:[      0.0095,      95.0000]   p:Uniform   []
offset_0      id:  21  s:Linear      b:[ -10050.8667,    9968.4000]   p:Uniform   []
offset_1      id:  22  s:Linear      b:[ -10050.8667,    9968.4000]   p:Uniform   []

----- dataset: BISdata_harps             ----- model: gp_multidimensional           
rot_amp       id:  23  s:Linear      b:[    -10.0000,      10.0000]   p:Uniform   []
con_amp       id:  24  s:Linear      b:[    -20.0000,      20.0000]   p:Uniform   []

----- dataset:  BISdata_neid
jitter_0      id:  25  s:Linear      b:[      0.0095,      95.0000]   p:Uniform   []
offset_0      id:  26  s:Linear      b:[ -10050.7833,    9957.4667]   p:Uniform   []

----- dataset: BISdata_neid              ----- model: gp_multidimensional           
rot_amp       id:  27  s:Linear      b:[    -10.0000,      10.0000]   p:Uniform   []
con_amp       id:  28  s:Linear      b:[    -20.0000,      20.0000]   p:Uniform   []

----- dataset:  FWHMdata_expres
jitter_0      id:  29  s:Linear      b:[      0.0500,     500.0000]   p:Uniform   []
offset_0      id:  30  s:Linear      b:[  -3233.0765,   16789.6022]   p:Uniform   []

----- dataset: FWHMdata_expres           ----- model: gp_multidimensional           
rot_amp       id:  31  s:Linear      b:[    -10.0000,      10.0000]   p:Uniform   []
con_amp       id:  32  s:Linear      b:[    -20.0000,      20.0000]   p:Uniform   []

----- dataset:  FWHMdata_harps
jitter_0      id:  33  s:Linear      b:[      0.0500,     500.0000]   p:Uniform   []
offset_0      id:  34  s:Linear      b:[  -3088.5511,   17176.1921]   p:Uniform   []
offset_1      id:  35  s:Linear      b:[  -3088.5511,   17176.1921]   p:Uniform   []

----- dataset: FWHMdata_harps            ----- model: gp_multidimensional           
rot_amp       id:  36  s:Linear      b:[    -10.0000,      10.0000]   p:Uniform   []
con_amp       id:  37  s:Linear      b:[    -20.0000,      20.0000]   p:Uniform   []

----- dataset:  FWHMdata_neid
jitter_0      id:  38  s:Linear      b:[      0.0500,     500.0000]   p:Uniform   []
offset_0      id:  39  s:Linear      b:[  -3049.2667,   16964.4316]   p:Uniform   []

----- dataset: FWHMdata_neid             ----- model: gp_multidimensional           
rot_amp       id:  40  s:Linear      b:[    -10.0000,      10.0000]   p:Uniform   []
con_amp       id:  41  s:Linear      b:[    -20.0000,      20.0000]   p:Uniform   []

----- dataset:  Contrastdata_expres
jitter_0      id:  42  s:Linear      b:[      1.3000,   13000.0000]   p:Uniform   []
offset_0      id:  43  s:Linear      b:[-359831.0100, -338852.3247]   p:Uniform   []

----- dataset: Contrastdata_expres       ----- model: gp_multidimensional           
rot_amp       id:  44  s:Linear      b:[    -10.0000,      10.0000]   p:Uniform   []
con_amp       id:  45  s:Linear      b:[    -20.0000,      20.0000]   p:Uniform   []

----- dataset:  Contrastdata_harps
jitter_0      id:  46  s:Linear      b:[      1.3000,   13000.0000]   p:Uniform   []
offset_0      id:  47  s:Linear      b:[-464256.3172, -409348.3188]   p:Uniform   []
offset_1      id:  48  s:Linear      b:[-464256.3172, -409348.3188]   p:Uniform   []

----- dataset: Contrastdata_harps        ----- model: gp_multidimensional           
rot_amp       id:  49  s:Linear      b:[    -10.0000,      10.0000]   p:Uniform   []
con_amp       id:  50  s:Linear      b:[    -20.0000,      20.0000]   p:Uniform   []

----- dataset:  Contrastdata_neid
jitter_0      id:  51  s:Linear      b:[      1.3000,   13000.0000]   p:Uniform   []
offset_0      id:  52  s:Linear      b:[-369967.1260, -349330.7806]   p:Uniform   []

----- dataset: Contrastdata_neid         ----- model: gp_multidimensional           
rot_amp       id:  53  s:Linear      b:[    -10.0000,      10.0000]   p:Uniform   []
con_amp       id:  54  s:Linear      b:[    -20.0000,      20.0000]   p:Uniform   []

----- dataset:  Halphadata_expres
jitter_0      id:  55  s:Linear      b:[      0.0000,       0.1000]   p:Uniform   []
offset_0      id:  56  s:Linear      b:[  -9999.8288,   10000.1728]   p:Uniform   []

----- dataset: Halphadata_expres         ----- model: gp_multidimensional           
rot_amp       id:  57  s:Linear      b:[    -10.0000,      10.0000]   p:Uniform   []
con_amp       id:  58  s:Linear      b:[    -20.0000,      20.0000]   p:Uniform   []

----- dataset:  Halphadata_harps
jitter_0      id:  59  s:Linear      b:[      0.0000,       0.1000]   p:Uniform   []
offset_0      id:  60  s:Linear      b:[  -9999.8279,   10000.1787]   p:Uniform   []
offset_1      id:  61  s:Linear      b:[  -9999.8279,   10000.1787]   p:Uniform   []

----- dataset: Halphadata_harps          ----- model: gp_multidimensional           
rot_amp       id:  62  s:Linear      b:[    -10.0000,      10.0000]   p:Uniform   []
con_amp       id:  63  s:Linear      b:[    -20.0000,      20.0000]   p:Uniform   []

----- dataset:  Halphadata_neid
jitter_0      id:  64  s:Linear      b:[      0.0000,       0.1000]   p:Uniform   []
offset_0      id:  65  s:Linear      b:[  -9999.8297,   10000.1722]   p:Uniform   []

----- dataset: Halphadata_neid           ----- model: gp_multidimensional           
rot_amp       id:  66  s:Linear      b:[    -10.0000,      10.0000]   p:Uniform   []
con_amp       id:  67  s:Linear      b:[    -20.0000,      20.0000]   p:Uniform   []

----- common model:  activity
Prot          id:   0  s:Linear      b:[     20.0000,      35.0000]   p:Gaussian   [28.   0.5]
Pdec          id:   1  s:Linear      b:[     30.0000,    1000.0000]   p:Uniform   []
Oamp          id:   2  s:Log_Base2   b:[     -6.6439,       0.0000]   p:Gaussian   [0.35  0.035]

----- common model:  star_parameters
mass          derived (no id, space, bound)                           p:Gaussian   [1.e+00 1.e-06]
radius        derived (no id, space, bound)                           p:Gaussian   [1.e+00 1.e-06]
density       derived (no id, space, bound)                           p:Gaussian   [1.e+00 1.e-06]


****************************************************************************************************
****************************************************************************************************

 Confidence intervals (median value, 34.135th percentile from the median on the left and right side)

====================================================================================================
     Statistics on the posterior of the sampler parameters     
====================================================================================================

----- dataset:  RVdata_expres
jitter_0         3         0.979       -0.077        0.090   (15-84 p)   [    0.0010,    11.5000]
offset_0         4           4.2         -4.5          4.8   (15-84 p)   [-10006.2420, 10010.4100]

----- dataset: RVdata_expres             ----- model: gp_multidimensional           
rot_amp          5           5.1         -2.9          2.9   (15-84 p)   [    0.0000,    10.0000]
con_amp          6          11.0         -3.7          5.4   (15-84 p)   [  -20.0000,    20.0000]

----- dataset:  RVdata_harps
jitter_0         7          1.37        -0.10         0.11   (15-84 p)   [    0.0009,    13.3000]
offset_0         8           4.3         -3.6          3.9   (15-84 p)   [-10005.4343, 10010.2475]
offset_1         9           5.0         -3.6          3.9   (15-84 p)   [-10005.4343, 10010.2475]

----- dataset: RVdata_harps              ----- model: gp_multidimensional           
rot_amp         10           3.9         -2.5          3.0   (15-84 p)   [    0.0000,    10.0000]
con_amp         11           8.8         -3.0          4.3   (15-84 p)   [  -20.0000,    20.0000]

----- dataset:  RVdata_neid
jitter_0        12         1.252       -0.098         0.12   (15-84 p)   [    0.0010,    12.2000]
offset_0        13           4.8         -3.9          4.1   (15-84 p)   [-10005.9046, 10009.8774]

----- dataset: RVdata_neid               ----- model: gp_multidimensional           
rot_amp         14           6.5         -2.7          2.2   (15-84 p)   [    0.0000,    10.0000]
con_amp         15           9.4         -3.1          4.6   (15-84 p)   [  -20.0000,    20.0000]

----- dataset:  BISdata_expres
jitter_0        16          1.77        -0.15         0.17   (15-84 p)   [    0.0095,    95.0000]
offset_0        17        -54.60        -0.66         0.84   (15-84 p)   [-10061.4500,  9948.9833]

----- dataset: BISdata_expres            ----- model: gp_multidimensional           
rot_amp         18          -5.2         -2.8          2.8   (15-84 p)   [  -10.0000,    10.0000]
con_amp         19          1.60        -0.66          1.0   (15-84 p)   [  -20.0000,    20.0000]

----- dataset:  BISdata_harps
jitter_0        20          1.58        -0.15         0.16   (15-84 p)   [    0.0095,    95.0000]
offset_0        21        -45.49        -0.35         0.32   (15-84 p)   [-10050.8667,  9968.4000]
offset_1        22        -35.91        -0.55         0.49   (15-84 p)   [-10050.8667,  9968.4000]

----- dataset: BISdata_harps             ----- model: gp_multidimensional           
rot_amp         23          -5.7         -2.8          3.3   (15-84 p)   [  -10.0000,    10.0000]
con_amp         24         -0.17        -0.54         0.50   (15-84 p)   [  -20.0000,    20.0000]

----- dataset:  BISdata_neid
jitter_0        25          1.32        -0.15         0.17   (15-84 p)   [    0.0095,    95.0000]
offset_0        26        -46.88        -0.39         0.30   (15-84 p)   [-10050.7833,  9957.4667]

----- dataset: BISdata_neid              ----- model: gp_multidimensional           
rot_amp         27          -0.9         -2.8          2.7   (15-84 p)   [  -10.0000,    10.0000]
con_amp         28         -0.42        -0.56         0.45   (15-84 p)   [  -20.0000,    20.0000]

----- dataset:  FWHMdata_expres
jitter_0        29          0.91        -0.61         0.88   (15-84 p)   [    0.0500,   500.0000]
offset_0        30        6775.9         -2.3          1.8   (15-84 p)   [-3233.0765, 16789.6022]

----- dataset: FWHMdata_expres           ----- model: gp_multidimensional           
rot_amp         31          -2.3         -5.1          6.1   (15-84 p)   [  -10.0000,    10.0000]
con_amp         32          -4.4         -2.6          1.8   (15-84 p)   [  -20.0000,    20.0000]

----- dataset:  FWHMdata_harps
jitter_0        33          0.45        -0.28         0.46   (15-84 p)   [    0.0500,   500.0000]
offset_0        34       6917.32        -0.80         0.88   (15-84 p)   [-3088.5511, 17176.1921]
offset_1        35        7171.7         -1.3          1.4   (15-84 p)   [-3088.5511, 17176.1921]

----- dataset: FWHMdata_harps            ----- model: gp_multidimensional           
rot_amp         36          -1.5         -5.6          6.2   (15-84 p)   [  -10.0000,    10.0000]
con_amp         37           0.5         -1.2          1.4   (15-84 p)   [  -20.0000,    20.0000]

----- dataset:  FWHMdata_neid
jitter_0        38          0.48        -0.30         0.47   (15-84 p)   [    0.0500,   500.0000]
offset_0        39       6956.93         -1.1         0.84   (15-84 p)   [-3049.2667, 16964.4316]

----- dataset: FWHMdata_neid             ----- model: gp_multidimensional           
rot_amp         40          -3.3         -4.6          6.3   (15-84 p)   [  -10.0000,    10.0000]
con_amp         41          -1.1         -1.6          1.3   (15-84 p)   [  -20.0000,    20.0000]

----- dataset:  Contrastdata_expres
jitter_0        42           185          -18           20   (15-84 p)   [    1.3000, 13000.0000]
offset_0        43       -349488          -23           23   (15-84 p)   [-359831.0100, -338852.3247]

----- dataset: Contrastdata_expres       ----- model: gp_multidimensional           
rot_amp         44          -0.0         -6.8          6.8   (15-84 p)   [  -10.0000,    10.0000]
con_amp         45         -16.0         -3.1           10   (15-84 p)   [  -20.0000,    20.0000]

----- dataset:  Contrastdata_harps
jitter_0        46           125          -18           19   (15-84 p)   [    1.3000, 13000.0000]
offset_0        47       -453777          -22           21   (15-84 p)   [-464256.3172, -409348.3188]
offset_1        48       -419704          -35           35   (15-84 p)   [-464256.3172, -409348.3188]

----- dataset: Contrastdata_harps        ----- model: gp_multidimensional           
rot_amp         49           0.3         -7.1          6.7   (15-84 p)   [  -10.0000,    10.0000]
con_amp         50          15.0          -11          3.8   (15-84 p)   [  -20.0000,    20.0000]

----- dataset:  Contrastdata_neid
jitter_0        51            41          -26           26   (15-84 p)   [    1.3000, 13000.0000]
offset_0        52       -359601          -16           16   (15-84 p)   [-369967.1260, -349330.7806]

----- dataset: Contrastdata_neid         ----- model: gp_multidimensional           
rot_amp         53           0.4         -7.1          6.7   (15-84 p)   [  -10.0000,    10.0000]
con_amp         54         -11.2         -6.5           15   (15-84 p)   [  -20.0000,    20.0000]

----- dataset:  Halphadata_expres
jitter_0        55      0.000076    -0.000047     0.000078   (15-84 p)   [    0.0000,     0.1000]
offset_0        56       0.17215     -0.00019      0.00026   (15-84 p)   [-9999.8288, 10000.1728]

----- dataset: Halphadata_expres         ----- model: gp_multidimensional           
rot_amp         57        0.0004      -0.0014       0.0014   (15-84 p)   [  -10.0000,    10.0000]
con_amp         58       0.00038     -0.00026      0.00037   (15-84 p)   [  -20.0000,    20.0000]

----- dataset:  Halphadata_harps
jitter_0        59       0.00052     -0.00022      0.00018   (15-84 p)   [    0.0000,     0.1000]
offset_0        60       0.17463     -0.00024      0.00021   (15-84 p)   [-9999.8279, 10000.1787]
offset_1        61       0.17381     -0.00034      0.00030   (15-84 p)   [-9999.8279, 10000.1787]

----- dataset: Halphadata_harps          ----- model: gp_multidimensional           
rot_amp         62       -0.0042      -0.0025       0.0020   (15-84 p)   [  -10.0000,    10.0000]
con_amp         63      -0.00019     -0.00036      0.00030   (15-84 p)   [  -20.0000,    20.0000]

----- dataset:  Halphadata_neid
jitter_0        64      0.000089    -0.000057     0.000089   (15-84 p)   [    0.0000,     0.1000]
offset_0        65       0.17112     -0.00019      0.00017   (15-84 p)   [-9999.8297, 10000.1722]

----- dataset: Halphadata_neid           ----- model: gp_multidimensional           
rot_amp         66        0.0005      -0.0015       0.0016   (15-84 p)   [  -10.0000,    10.0000]
con_amp         67      -0.00011     -0.00031      0.00026   (15-84 p)   [  -20.0000,    20.0000]

----- common model:  activity
Prot             0         28.25        -0.41         0.38   (15-84 p)   [   20.0000,    35.0000]
Pdec             1            47          -14           19   (15-84 p)   [   30.0000,  1000.0000]
Oamp             2         -1.34        -0.12         0.11   (15-84 p)   [   -6.6439,     0.0000]

----- common model:  star_parameters

====================================================================================================
     Statistics on the model parameters obtained from the posteriors samples     
====================================================================================================

----- dataset:  RVdata_expres
jitter_0                 0.979       -0.077        0.090    (15-84 p)
offset_0                   4.2         -4.5          4.8    (15-84 p)


----- dataset: RVdata_expres             ----- model: gp_multidimensional           
rot_amp                    5.1         -2.9          2.9    (15-84 p)
con_amp                   11.0         -3.7          5.4    (15-84 p)

----- dataset:  RVdata_harps
jitter_0                  1.37        -0.10         0.11    (15-84 p)
offset_0                   4.3         -3.6          3.9    (15-84 p)
offset_1                   5.0         -3.6          3.9    (15-84 p)


----- dataset: RVdata_harps              ----- model: gp_multidimensional           
rot_amp                    3.9         -2.5          3.0    (15-84 p)
con_amp                    8.8         -3.0          4.3    (15-84 p)

----- dataset:  RVdata_neid
jitter_0                 1.252       -0.098         0.12    (15-84 p)
offset_0                   4.8         -3.9          4.1    (15-84 p)


----- dataset: RVdata_neid               ----- model: gp_multidimensional           
rot_amp                    6.5         -2.7          2.2    (15-84 p)
con_amp                    9.4         -3.1          4.6    (15-84 p)

----- dataset:  BISdata_expres
jitter_0                  1.77        -0.15         0.17    (15-84 p)
offset_0                -54.60        -0.66         0.84    (15-84 p)


----- dataset: BISdata_expres            ----- model: gp_multidimensional           
rot_amp                   -5.2         -2.8          2.8    (15-84 p)
con_amp                   1.60        -0.66          1.0    (15-84 p)

----- dataset:  BISdata_harps
jitter_0                  1.58        -0.15         0.16    (15-84 p)
offset_0                -45.49        -0.35         0.32    (15-84 p)
offset_1                -35.91        -0.55         0.49    (15-84 p)


----- dataset: BISdata_harps             ----- model: gp_multidimensional           
rot_amp                   -5.7         -2.8          3.3    (15-84 p)
con_amp                  -0.17        -0.54         0.50    (15-84 p)

----- dataset:  BISdata_neid
jitter_0                  1.32        -0.15         0.17    (15-84 p)
offset_0                -46.88        -0.39         0.30    (15-84 p)


----- dataset: BISdata_neid              ----- model: gp_multidimensional           
rot_amp                   -0.9         -2.8          2.7    (15-84 p)
con_amp                  -0.42        -0.56         0.45    (15-84 p)

----- dataset:  FWHMdata_expres
jitter_0                  0.91        -0.61         0.88    (15-84 p)
offset_0                6775.9         -2.3          1.8    (15-84 p)


----- dataset: FWHMdata_expres           ----- model: gp_multidimensional           
rot_amp                   -2.3         -5.1          6.1    (15-84 p)
con_amp                   -4.4         -2.6          1.8    (15-84 p)

----- dataset:  FWHMdata_harps
jitter_0                  0.45        -0.28         0.46    (15-84 p)
offset_0               6917.32        -0.80         0.88    (15-84 p)
offset_1                7171.7         -1.3          1.4    (15-84 p)


----- dataset: FWHMdata_harps            ----- model: gp_multidimensional           
rot_amp                   -1.5         -5.6          6.2    (15-84 p)
con_amp                    0.5         -1.2          1.4    (15-84 p)

----- dataset:  FWHMdata_neid
jitter_0                  0.48        -0.30         0.47    (15-84 p)
offset_0               6956.93         -1.1         0.84    (15-84 p)


----- dataset: FWHMdata_neid             ----- model: gp_multidimensional           
rot_amp                   -3.3         -4.6          6.3    (15-84 p)
con_amp                   -1.1         -1.6          1.3    (15-84 p)

----- dataset:  Contrastdata_expres
jitter_0                   185          -18           20    (15-84 p)
offset_0               -349488          -23           23    (15-84 p)


----- dataset: Contrastdata_expres       ----- model: gp_multidimensional           
rot_amp                   -0.0         -6.8          6.8    (15-84 p)
con_amp                  -16.0         -3.1           10    (15-84 p)

----- dataset:  Contrastdata_harps
jitter_0                   125          -18           19    (15-84 p)
offset_0               -453777          -22           21    (15-84 p)
offset_1               -419704          -35           35    (15-84 p)


----- dataset: Contrastdata_harps        ----- model: gp_multidimensional           
rot_amp                    0.3         -7.1          6.7    (15-84 p)
con_amp                   15.0          -11          3.8    (15-84 p)

----- dataset:  Contrastdata_neid
jitter_0                    41          -26           26    (15-84 p)
offset_0               -359601          -16           16    (15-84 p)


----- dataset: Contrastdata_neid         ----- model: gp_multidimensional           
rot_amp                    0.4         -7.1          6.7    (15-84 p)
con_amp                  -11.2         -6.5           15    (15-84 p)

----- dataset:  Halphadata_expres
jitter_0              0.000076    -0.000047     0.000078    (15-84 p)
offset_0               0.17215     -0.00019      0.00026    (15-84 p)


----- dataset: Halphadata_expres         ----- model: gp_multidimensional           
rot_amp                 0.0004      -0.0014       0.0014    (15-84 p)
con_amp                0.00038     -0.00026      0.00037    (15-84 p)

----- dataset:  Halphadata_harps
jitter_0               0.00052     -0.00022      0.00018    (15-84 p)
offset_0               0.17463     -0.00024      0.00021    (15-84 p)
offset_1               0.17381     -0.00034      0.00030    (15-84 p)


----- dataset: Halphadata_harps          ----- model: gp_multidimensional           
rot_amp                -0.0042      -0.0025       0.0020    (15-84 p)
con_amp               -0.00019     -0.00036      0.00030    (15-84 p)

----- dataset:  Halphadata_neid
jitter_0              0.000089    -0.000057     0.000089    (15-84 p)
offset_0               0.17112     -0.00019      0.00017    (15-84 p)


----- dataset: Halphadata_neid           ----- model: gp_multidimensional           
rot_amp                 0.0005      -0.0015       0.0016    (15-84 p)
con_amp               -0.00011     -0.00031      0.00026    (15-84 p)

----- common model:  activity
Prot                     28.25        -0.41         0.38    (15-84 p)
Pdec                        47          -14           19    (15-84 p)
Oamp                     0.395       -0.031        0.032    (15-84 p)

----- common model:  star_parameters

====================================================================================================
     Statistics on the derived parameters obtained from the posteriors samples     
====================================================================================================


====================================================================================================
     ------------------------------------------------------------------------------------------     
====================================================================================================



****************************************************************************************************

 Parameters corresponding to the Maximum a Posteriori probability ( -2736.5929688221045 )

====================================================================================================
     Statistics on the posterior of the sampler parameters     
====================================================================================================

----- dataset:  RVdata_expres
jitter_0         3      0.978308 [    0.0010,    11.5000]
offset_0         4      2.206636 [-10006.2420, 10010.4100]

----- dataset: RVdata_expres             ----- model: gp_multidimensional           
rot_amp          5      4.007477 [    0.0000,    10.0000]
con_amp          6      3.663723 [  -20.0000,    20.0000]

----- dataset:  RVdata_harps
jitter_0         7      1.407995 [    0.0009,    13.3000]
offset_0         8      2.729006 [-10005.4343, 10010.2475]
offset_1         9      3.305105 [-10005.4343, 10010.2475]

----- dataset: RVdata_harps              ----- model: gp_multidimensional           
rot_amp         10      2.518219 [    0.0000,    10.0000]
con_amp         11      2.988510 [  -20.0000,    20.0000]

----- dataset:  RVdata_neid
jitter_0        12      1.212189 [    0.0010,    12.2000]
offset_0        13      3.030409 [-10005.9046, 10009.8774]

----- dataset: RVdata_neid               ----- model: gp_multidimensional           
rot_amp         14      3.731286 [    0.0000,    10.0000]
con_amp         15      3.153785 [  -20.0000,    20.0000]

----- dataset:  BISdata_expres
jitter_0        16      1.657987 [    0.0095,    95.0000]
offset_0        17    -54.915343 [-10061.4500,  9948.9833]

----- dataset: BISdata_expres            ----- model: gp_multidimensional           
rot_amp         18     -2.519165 [  -10.0000,    10.0000]
con_amp         19      0.535016 [  -20.0000,    20.0000]

----- dataset:  BISdata_harps
jitter_0        20      1.613696 [    0.0095,    95.0000]
offset_0        21    -45.439286 [-10050.8667,  9968.4000]
offset_1        22    -35.820131 [-10050.8667,  9968.4000]

----- dataset: BISdata_harps             ----- model: gp_multidimensional           
rot_amp         23     -2.701160 [  -10.0000,    10.0000]
con_amp         24      0.029623 [  -20.0000,    20.0000]

----- dataset:  BISdata_neid
jitter_0        25      1.266262 [    0.0095,    95.0000]
offset_0        26    -46.718941 [-10050.7833,  9957.4667]

----- dataset: BISdata_neid              ----- model: gp_multidimensional           
rot_amp         27     -0.815733 [  -10.0000,    10.0000]
con_amp         28     -0.150675 [  -20.0000,    20.0000]

----- dataset:  FWHMdata_expres
jitter_0        29      0.145146 [    0.0500,   500.0000]
offset_0        30   6776.267313 [-3233.0765, 16789.6022]

----- dataset: FWHMdata_expres           ----- model: gp_multidimensional           
rot_amp         31     -0.998466 [  -10.0000,    10.0000]
con_amp         32     -1.809918 [  -20.0000,    20.0000]

----- dataset:  FWHMdata_harps
jitter_0        33      0.085839 [    0.0500,   500.0000]
offset_0        34   6917.245997 [-3088.5511, 17176.1921]
offset_1        35   7170.755210 [-3088.5511, 17176.1921]

----- dataset: FWHMdata_harps            ----- model: gp_multidimensional           
rot_amp         36     -0.599004 [  -10.0000,    10.0000]
con_amp         37      0.177632 [  -20.0000,    20.0000]

----- dataset:  FWHMdata_neid
jitter_0        38      0.158604 [    0.0500,   500.0000]
offset_0        39   6956.832989 [-3049.2667, 16964.4316]

----- dataset: FWHMdata_neid             ----- model: gp_multidimensional           
rot_amp         40     -5.551746 [  -10.0000,    10.0000]
con_amp         41     -0.562153 [  -20.0000,    20.0000]

----- dataset:  Contrastdata_expres
jitter_0        42    169.281198 [    1.3000, 13000.0000]
offset_0        43  -349482.780375 [-359831.0100, -338852.3247]

----- dataset: Contrastdata_expres       ----- model: gp_multidimensional           
rot_amp         44     -6.884483 [  -10.0000,    10.0000]
con_amp         45    -19.874304 [  -20.0000,    20.0000]

----- dataset:  Contrastdata_harps
jitter_0        46    117.465152 [    1.3000, 13000.0000]
offset_0        47  -453770.851956 [-464256.3172, -409348.3188]
offset_1        48  -419681.501976 [-464256.3172, -409348.3188]

----- dataset: Contrastdata_harps        ----- model: gp_multidimensional           
rot_amp         49     -9.601390 [  -10.0000,    10.0000]
con_amp         50     19.877072 [  -20.0000,    20.0000]

----- dataset:  Contrastdata_neid
jitter_0        51     39.588863 [    1.3000, 13000.0000]
offset_0        52  -359610.544348 [-369967.1260, -349330.7806]

----- dataset: Contrastdata_neid         ----- model: gp_multidimensional           
rot_amp         53      9.198528 [  -10.0000,    10.0000]
con_amp         54    -19.773204 [  -20.0000,    20.0000]

----- dataset:  Halphadata_expres
jitter_0        55      0.000015 [    0.0000,     0.1000]
offset_0        56      0.172058 [-9999.8288, 10000.1728]

----- dataset: Halphadata_expres         ----- model: gp_multidimensional           
rot_amp         57      0.000246 [  -10.0000,    10.0000]
con_amp         58      0.000146 [  -20.0000,    20.0000]

----- dataset:  Halphadata_harps
jitter_0        59      0.000567 [    0.0000,     0.1000]
offset_0        60      0.174615 [-9999.8279, 10000.1787]
offset_1        61      0.173860 [-9999.8279, 10000.1787]

----- dataset: Halphadata_harps          ----- model: gp_multidimensional           
rot_amp         62     -0.001491 [  -10.0000,    10.0000]
con_amp         63     -0.000047 [  -20.0000,    20.0000]

----- dataset:  Halphadata_neid
jitter_0        64      0.000013 [    0.0000,     0.1000]
offset_0        65      0.171129 [-9999.8297, 10000.1722]

----- dataset: Halphadata_neid           ----- model: gp_multidimensional           
rot_amp         66      0.000282 [  -10.0000,    10.0000]
con_amp         67     -0.000062 [  -20.0000,    20.0000]

----- common model:  activity
Prot             0     28.219877 [   20.0000,    35.0000]
Pdec             1     30.061960 [   30.0000,  1000.0000]
Oamp             2     -1.465579 [   -6.6439,     0.0000]

----- common model:  star_parameters

====================================================================================================
     Statistics on the model parameters obtained from the posteriors samples     
====================================================================================================

----- dataset:  RVdata_expres
jitter_0              0.978308 
offset_0              2.206636 


----- dataset: RVdata_expres             ----- model: gp_multidimensional           
rot_amp               4.007477 
con_amp               3.663723 

----- dataset:  RVdata_harps
jitter_0              1.407995 
offset_0              2.729006 
offset_1              3.305105 


----- dataset: RVdata_harps              ----- model: gp_multidimensional           
rot_amp               2.518219 
con_amp               2.988510 

----- dataset:  RVdata_neid
jitter_0              1.212189 
offset_0              3.030409 


----- dataset: RVdata_neid               ----- model: gp_multidimensional           
rot_amp               3.731286 
con_amp               3.153785 

----- dataset:  BISdata_expres
jitter_0              1.657987 
offset_0            -54.915343 


----- dataset: BISdata_expres            ----- model: gp_multidimensional           
rot_amp              -2.519165 
con_amp               0.535016 

----- dataset:  BISdata_harps
jitter_0              1.613696 
offset_0            -45.439286 
offset_1            -35.820131 


----- dataset: BISdata_harps             ----- model: gp_multidimensional           
rot_amp              -2.701160 
con_amp               0.029623 

----- dataset:  BISdata_neid
jitter_0              1.266262 
offset_0            -46.718941 


----- dataset: BISdata_neid              ----- model: gp_multidimensional           
rot_amp              -0.815733 
con_amp              -0.150675 

----- dataset:  FWHMdata_expres
jitter_0              0.145146 
offset_0           6776.267313 


----- dataset: FWHMdata_expres           ----- model: gp_multidimensional           
rot_amp              -0.998466 
con_amp              -1.809918 

----- dataset:  FWHMdata_harps
jitter_0              0.085839 
offset_0           6917.245997 
offset_1           7170.755210 


----- dataset: FWHMdata_harps            ----- model: gp_multidimensional           
rot_amp              -0.599004 
con_amp               0.177632 

----- dataset:  FWHMdata_neid
jitter_0              0.158604 
offset_0           6956.832989 


----- dataset: FWHMdata_neid             ----- model: gp_multidimensional           
rot_amp              -5.551746 
con_amp              -0.562153 

----- dataset:  Contrastdata_expres
jitter_0            169.281198 
offset_0        -349482.780375 


----- dataset: Contrastdata_expres       ----- model: gp_multidimensional           
rot_amp              -6.884483 
con_amp             -19.874304 

----- dataset:  Contrastdata_harps
jitter_0            117.465152 
offset_0        -453770.851956 
offset_1        -419681.501976 


----- dataset: Contrastdata_harps        ----- model: gp_multidimensional           
rot_amp              -9.601390 
con_amp              19.877072 

----- dataset:  Contrastdata_neid
jitter_0             39.588863 
offset_0        -359610.544348 


----- dataset: Contrastdata_neid         ----- model: gp_multidimensional           
rot_amp               9.198528 
con_amp             -19.773204 

----- dataset:  Halphadata_expres
jitter_0              0.000015 
offset_0              0.172058 


----- dataset: Halphadata_expres         ----- model: gp_multidimensional           
rot_amp               0.000246 
con_amp               0.000146 

----- dataset:  Halphadata_harps
jitter_0              0.000567 
offset_0              0.174615 
offset_1              0.173860 


----- dataset: Halphadata_harps          ----- model: gp_multidimensional           
rot_amp              -0.001491 
con_amp              -0.000047 

----- dataset:  Halphadata_neid
jitter_0              0.000013 
offset_0              0.171129 


----- dataset: Halphadata_neid           ----- model: gp_multidimensional           
rot_amp               0.000282 
con_amp              -0.000062 

----- common model:  activity
Prot                 28.219877 
Pdec                 30.061960 
Oamp                  0.362090 

----- common model:  star_parameters

====================================================================================================
     Statistics on the derived parameters obtained from the posteriors samples     
====================================================================================================


====================================================================================================
     ------------------------------------------------------------------------------------------     
====================================================================================================



****************************************************************************************************

 Parameters corresponding to the sample closest to the median values ( -2765.9019688289322 )

====================================================================================================
     Statistics on the posterior of the sampler parameters     
====================================================================================================

----- dataset:  RVdata_expres
jitter_0         3      0.993993 [    0.0010,    11.5000]
offset_0         4      1.926784 [-10006.2420, 10010.4100]

----- dataset: RVdata_expres             ----- model: gp_multidimensional           
rot_amp          5      5.768879 [    0.0000,    10.0000]
con_amp          6     10.257866 [  -20.0000,    20.0000]

----- dataset:  RVdata_harps
jitter_0         7      1.290809 [    0.0009,    13.3000]
offset_0         8      2.157636 [-10005.4343, 10010.2475]
offset_1         9      2.543454 [-10005.4343, 10010.2475]

----- dataset: RVdata_harps              ----- model: gp_multidimensional           
rot_amp         10      1.331593 [    0.0000,    10.0000]
con_amp         11      7.812226 [  -20.0000,    20.0000]

----- dataset:  RVdata_neid
jitter_0        12      1.217564 [    0.0010,    12.2000]
offset_0        13      2.759693 [-10005.9046, 10009.8774]

----- dataset: RVdata_neid               ----- model: gp_multidimensional           
rot_amp         14      5.811224 [    0.0000,    10.0000]
con_amp         15      8.369612 [  -20.0000,    20.0000]

----- dataset:  BISdata_expres
jitter_0        16      1.899272 [    0.0095,    95.0000]
offset_0        17    -55.100466 [-10061.4500,  9948.9833]

----- dataset: BISdata_expres            ----- model: gp_multidimensional           
rot_amp         18     -3.011338 [  -10.0000,    10.0000]
con_amp         19      2.041040 [  -20.0000,    20.0000]

----- dataset:  BISdata_harps
jitter_0        20      1.570337 [    0.0095,    95.0000]
offset_0        21    -45.721587 [-10050.8667,  9968.4000]
offset_1        22    -35.911509 [-10050.8667,  9968.4000]

----- dataset: BISdata_harps             ----- model: gp_multidimensional           
rot_amp         23     -4.383740 [  -10.0000,    10.0000]
con_amp         24     -0.381657 [  -20.0000,    20.0000]

----- dataset:  BISdata_neid
jitter_0        25      1.046925 [    0.0095,    95.0000]
offset_0        26    -47.001527 [-10050.7833,  9957.4667]

----- dataset: BISdata_neid              ----- model: gp_multidimensional           
rot_amp         27     -2.024711 [  -10.0000,    10.0000]
con_amp         28     -0.606491 [  -20.0000,    20.0000]

----- dataset:  FWHMdata_expres
jitter_0        29      0.515159 [    0.0500,   500.0000]
offset_0        30   6776.496545 [-3233.0765, 16789.6022]

----- dataset: FWHMdata_expres           ----- model: gp_multidimensional           
rot_amp         31     -1.702011 [  -10.0000,    10.0000]
con_amp         32     -5.088453 [  -20.0000,    20.0000]

----- dataset:  FWHMdata_harps
jitter_0        33      0.081753 [    0.0500,   500.0000]
offset_0        34   6917.190019 [-3088.5511, 17176.1921]
offset_1        35   7172.051168 [-3088.5511, 17176.1921]

----- dataset: FWHMdata_harps            ----- model: gp_multidimensional           
rot_amp         36     -0.602453 [  -10.0000,    10.0000]
con_amp         37     -0.617213 [  -20.0000,    20.0000]

----- dataset:  FWHMdata_neid
jitter_0        38      0.441830 [    0.0500,   500.0000]
offset_0        39   6956.198847 [-3049.2667, 16964.4316]

----- dataset: FWHMdata_neid             ----- model: gp_multidimensional           
rot_amp         40     -4.895413 [  -10.0000,    10.0000]
con_amp         41     -0.336547 [  -20.0000,    20.0000]

----- dataset:  Contrastdata_expres
jitter_0        42    171.500209 [    1.3000, 13000.0000]
offset_0        43  -349489.337908 [-359831.0100, -338852.3247]

----- dataset: Contrastdata_expres       ----- model: gp_multidimensional           
rot_amp         44      2.252652 [  -10.0000,    10.0000]
con_amp         45    -15.853818 [  -20.0000,    20.0000]

----- dataset:  Contrastdata_harps
jitter_0        46    130.417785 [    1.3000, 13000.0000]
offset_0        47  -453755.689765 [-464256.3172, -409348.3188]
offset_1        48  -419725.960772 [-464256.3172, -409348.3188]

----- dataset: Contrastdata_harps        ----- model: gp_multidimensional           
rot_amp         49      0.830033 [  -10.0000,    10.0000]
con_amp         50     12.576840 [  -20.0000,    20.0000]

----- dataset:  Contrastdata_neid
jitter_0        51     37.718984 [    1.3000, 13000.0000]
offset_0        52  -359588.524828 [-369967.1260, -349330.7806]

----- dataset: Contrastdata_neid         ----- model: gp_multidimensional           
rot_amp         53     -3.172764 [  -10.0000,    10.0000]
con_amp         54     -3.660451 [  -20.0000,    20.0000]

----- dataset:  Halphadata_expres
jitter_0        55      0.000100 [    0.0000,     0.1000]
offset_0        56      0.172230 [-9999.8288, 10000.1728]

----- dataset: Halphadata_expres         ----- model: gp_multidimensional           
rot_amp         57     -0.000273 [  -10.0000,    10.0000]
con_amp         58      0.000371 [  -20.0000,    20.0000]

----- dataset:  Halphadata_harps
jitter_0        59      0.000562 [    0.0000,     0.1000]
offset_0        60      0.174558 [-9999.8279, 10000.1787]
offset_1        61      0.173883 [-9999.8279, 10000.1787]

----- dataset: Halphadata_harps          ----- model: gp_multidimensional           
rot_amp         62     -0.003668 [  -10.0000,    10.0000]
con_amp         63     -0.000273 [  -20.0000,    20.0000]

----- dataset:  Halphadata_neid
jitter_0        64      0.000080 [    0.0000,     0.1000]
offset_0        65      0.171230 [-9999.8297, 10000.1722]

----- dataset: Halphadata_neid           ----- model: gp_multidimensional           
rot_amp         66      0.000011 [  -10.0000,    10.0000]
con_amp         67     -0.000280 [  -20.0000,    20.0000]

----- common model:  activity
Prot             0     28.351854 [   20.0000,    35.0000]
Pdec             1     61.049730 [   30.0000,  1000.0000]
Oamp             2     -1.574874 [   -6.6439,     0.0000]

----- common model:  star_parameters

====================================================================================================
     Statistics on the model parameters obtained from the posteriors samples     
====================================================================================================

----- dataset:  RVdata_expres
jitter_0              0.993993 
offset_0              1.926784 


----- dataset: RVdata_expres             ----- model: gp_multidimensional           
rot_amp               5.768879 
con_amp              10.257866 

----- dataset:  RVdata_harps
jitter_0              1.290809 
offset_0              2.157636 
offset_1              2.543454 


----- dataset: RVdata_harps              ----- model: gp_multidimensional           
rot_amp               1.331593 
con_amp               7.812226 

----- dataset:  RVdata_neid
jitter_0              1.217564 
offset_0              2.759693 


----- dataset: RVdata_neid               ----- model: gp_multidimensional           
rot_amp               5.811224 
con_amp               8.369612 

----- dataset:  BISdata_expres
jitter_0              1.899272 
offset_0            -55.100466 


----- dataset: BISdata_expres            ----- model: gp_multidimensional           
rot_amp              -3.011338 
con_amp               2.041040 

----- dataset:  BISdata_harps
jitter_0              1.570337 
offset_0            -45.721587 
offset_1            -35.911509 


----- dataset: BISdata_harps             ----- model: gp_multidimensional           
rot_amp              -4.383740 
con_amp              -0.381657 

----- dataset:  BISdata_neid
jitter_0              1.046925 
offset_0            -47.001527 


----- dataset: BISdata_neid              ----- model: gp_multidimensional           
rot_amp              -2.024711 
con_amp              -0.606491 

----- dataset:  FWHMdata_expres
jitter_0              0.515159 
offset_0           6776.496545 


----- dataset: FWHMdata_expres           ----- model: gp_multidimensional           
rot_amp              -1.702011 
con_amp              -5.088453 

----- dataset:  FWHMdata_harps
jitter_0              0.081753 
offset_0           6917.190019 
offset_1           7172.051168 


----- dataset: FWHMdata_harps            ----- model: gp_multidimensional           
rot_amp              -0.602453 
con_amp              -0.617213 

----- dataset:  FWHMdata_neid
jitter_0              0.441830 
offset_0           6956.198847 


----- dataset: FWHMdata_neid             ----- model: gp_multidimensional           
rot_amp              -4.895413 
con_amp              -0.336547 

----- dataset:  Contrastdata_expres
jitter_0            171.500209 
offset_0        -349489.337908 


----- dataset: Contrastdata_expres       ----- model: gp_multidimensional           
rot_amp               2.252652 
con_amp             -15.853818 

----- dataset:  Contrastdata_harps
jitter_0            130.417785 
offset_0        -453755.689765 
offset_1        -419725.960772 


----- dataset: Contrastdata_harps        ----- model: gp_multidimensional           
rot_amp               0.830033 
con_amp              12.576840 

----- dataset:  Contrastdata_neid
jitter_0             37.718984 
offset_0        -359588.524828 


----- dataset: Contrastdata_neid         ----- model: gp_multidimensional           
rot_amp              -3.172764 
con_amp              -3.660451 

----- dataset:  Halphadata_expres
jitter_0              0.000100 
offset_0              0.172230 


----- dataset: Halphadata_expres         ----- model: gp_multidimensional           
rot_amp              -0.000273 
con_amp               0.000371 

----- dataset:  Halphadata_harps
jitter_0              0.000562 
offset_0              0.174558 
offset_1              0.173883 


----- dataset: Halphadata_harps          ----- model: gp_multidimensional           
rot_amp              -0.003668 
con_amp              -0.000273 

----- dataset:  Halphadata_neid
jitter_0              0.000080 
offset_0              0.171230 


----- dataset: Halphadata_neid           ----- model: gp_multidimensional           
rot_amp               0.000011 
con_amp              -0.000280 

----- common model:  activity
Prot                 28.351854 
Pdec                 61.049730 
Oamp                  0.335672 

----- common model:  star_parameters

====================================================================================================
     Statistics on the derived parameters obtained from the posteriors samples     
====================================================================================================


====================================================================================================
     ------------------------------------------------------------------------------------------     
====================================================================================================



****************************************************************************************************

Note: stellar density derived from stellar mass and radius

 Plot FLAT chain 

****************************************************************************************************

 Skipping full correlation plot due to the high number of parameters
 To avoid this behaviour, set the keyword parameters:force_full_correlation_plot to True

****************************************************************************************************

 Plotting the chains... 

****************************************************************************************************

 Plotting the Gelman-Rubin traces... 

     Gelman-Rubin:     3     1.087718 RVdata_expres_jitter_0 
     Gelman-Rubin:     4     1.338881 RVdata_expres_offset_0 
     Gelman-Rubin:     5     1.090875 RVdata_expres_gp_multidimensional_rot_amp 
     Gelman-Rubin:     6     1.044460 RVdata_expres_gp_multidimensional_con_amp 
     Gelman-Rubin:     7     1.090863 RVdata_harps_jitter_0 
     Gelman-Rubin:     8     1.334205 RVdata_harps_offset_0 
     Gelman-Rubin:     9     1.333263 RVdata_harps_offset_1 
     Gelman-Rubin:    10     1.098281 RVdata_harps_gp_multidimensional_rot_amp 
     Gelman-Rubin:    11     1.045611 RVdata_harps_gp_multidimensional_con_amp 
     Gelman-Rubin:    12     1.090307 RVdata_neid_jitter_0 
     Gelman-Rubin:    13     1.339381 RVdata_neid_offset_0 
     Gelman-Rubin:    14     1.077144 RVdata_neid_gp_multidimensional_rot_amp 
     Gelman-Rubin:    15     1.045098 RVdata_neid_gp_multidimensional_con_amp 
     Gelman-Rubin:    16     1.085217 BISdata_expres_jitter_0 
     Gelman-Rubin:    17     1.290092 BISdata_expres_offset_0 
     Gelman-Rubin:    18     1.086749 BISdata_expres_gp_multidimensional_rot_amp 
     Gelman-Rubin:    19     1.076136 BISdata_expres_gp_multidimensional_con_amp 
     Gelman-Rubin:    20     1.096629 BISdata_harps_jitter_0 
     Gelman-Rubin:    21     1.162917 BISdata_harps_offset_0 
     Gelman-Rubin:    22     1.138148 BISdata_harps_offset_1 
     Gelman-Rubin:    23     1.077910 BISdata_harps_gp_multidimensional_rot_amp 
     Gelman-Rubin:    24     1.150033 BISdata_harps_gp_multidimensional_con_amp 
     Gelman-Rubin:    25     1.092640 BISdata_neid_jitter_0 
     Gelman-Rubin:    26     1.174125 BISdata_neid_offset_0 
     Gelman-Rubin:    27     1.115993 BISdata_neid_gp_multidimensional_rot_amp 
     Gelman-Rubin:    28     1.127453 BISdata_neid_gp_multidimensional_con_amp 
     Gelman-Rubin:    29     1.085582 FWHMdata_expres_jitter_0 
     Gelman-Rubin:    30     1.291328 FWHMdata_expres_offset_0 
     Gelman-Rubin:    31     1.105599 FWHMdata_expres_gp_multidimensional_rot_amp 
     Gelman-Rubin:    32     1.063098 FWHMdata_expres_gp_multidimensional_con_amp 
     Gelman-Rubin:    33     1.084359 FWHMdata_harps_jitter_0 
     Gelman-Rubin:    34     1.142299 FWHMdata_harps_offset_0 
     Gelman-Rubin:    35     1.101698 FWHMdata_harps_offset_1 
     Gelman-Rubin:    36     1.097471 FWHMdata_harps_gp_multidimensional_rot_amp 
     Gelman-Rubin:    37     1.124147 FWHMdata_harps_gp_multidimensional_con_amp 
     Gelman-Rubin:    38     1.103282 FWHMdata_neid_jitter_0 
     Gelman-Rubin:    39     1.168187 FWHMdata_neid_offset_0 
     Gelman-Rubin:    40     1.109617 FWHMdata_neid_gp_multidimensional_rot_amp 
     Gelman-Rubin:    41     1.143896 FWHMdata_neid_gp_multidimensional_con_amp 
     Gelman-Rubin:    42     1.087841 Contrastdata_expres_jitter_0 
     Gelman-Rubin:    43     1.095705 Contrastdata_expres_offset_0 
     Gelman-Rubin:    44     1.082164 Contrastdata_expres_gp_multidimensional_rot_amp 
     Gelman-Rubin:    45     1.052386 Contrastdata_expres_gp_multidimensional_con_amp 
     Gelman-Rubin:    46     1.079985 Contrastdata_harps_jitter_0 
     Gelman-Rubin:    47     1.105053 Contrastdata_harps_offset_0 
     Gelman-Rubin:    48     1.097858 Contrastdata_harps_offset_1 
     Gelman-Rubin:    49     1.072793 Contrastdata_harps_gp_multidimensional_rot_amp 
     Gelman-Rubin:    50     1.068035 Contrastdata_harps_gp_multidimensional_con_amp 
     Gelman-Rubin:    51     1.084064 Contrastdata_neid_jitter_0 
     Gelman-Rubin:    52     1.103285 Contrastdata_neid_offset_0 
     Gelman-Rubin:    53     1.075274 Contrastdata_neid_gp_multidimensional_rot_amp 
     Gelman-Rubin:    54     1.073072 Contrastdata_neid_gp_multidimensional_con_amp 
     Gelman-Rubin:    55     1.101336 Halphadata_expres_jitter_0 
     Gelman-Rubin:    56     1.214495 Halphadata_expres_offset_0 
     Gelman-Rubin:    57     1.102134 Halphadata_expres_gp_multidimensional_rot_amp 
     Gelman-Rubin:    58     1.103261 Halphadata_expres_gp_multidimensional_con_amp 
     Gelman-Rubin:    59     1.094523 Halphadata_harps_jitter_0 
     Gelman-Rubin:    60     1.167953 Halphadata_harps_offset_0 
     Gelman-Rubin:    61     1.131526 Halphadata_harps_offset_1 
     Gelman-Rubin:    62     1.079538 Halphadata_harps_gp_multidimensional_rot_amp 
     Gelman-Rubin:    63     1.135408 Halphadata_harps_gp_multidimensional_con_amp 
     Gelman-Rubin:    64     1.095402 Halphadata_neid_jitter_0 
     Gelman-Rubin:    65     1.150732 Halphadata_neid_offset_0 
     Gelman-Rubin:    66     1.089477 Halphadata_neid_gp_multidimensional_rot_amp 
     Gelman-Rubin:    67     1.134728 Halphadata_neid_gp_multidimensional_con_amp 
     Gelman-Rubin:     0     1.088555 activity_Prot 
     Gelman-Rubin:     1     1.026640 activity_Pdec 
     Gelman-Rubin:     2     1.082277 activity_Oamp 

****************************************************************************************************

Plotting the common models corner plots
     Common model:  activity
     Common model:  star_parameters

****************************************************************************************************

Plotting the dataset + models corner plots 

     Dataset:  RVdata_expres     model:  gp_multidimensional  corner plot  starting 
     Dataset:  RVdata_expres     model:  gp_multidimensional  corner plot  done 
     Dataset:  RVdata_harps     model:  gp_multidimensional  corner plot  starting 
     Dataset:  RVdata_harps     model:  gp_multidimensional  corner plot  done 
     Dataset:  RVdata_neid     model:  gp_multidimensional  corner plot  starting 
     Dataset:  RVdata_neid     model:  gp_multidimensional  corner plot  done 
     Dataset:  BISdata_expres     model:  gp_multidimensional  corner plot  starting 
     Dataset:  BISdata_expres     model:  gp_multidimensional  corner plot  done 
     Dataset:  BISdata_harps     model:  gp_multidimensional  corner plot  starting 
     Dataset:  BISdata_harps     model:  gp_multidimensional  corner plot  done 
     Dataset:  BISdata_neid     model:  gp_multidimensional  corner plot  starting 
     Dataset:  BISdata_neid     model:  gp_multidimensional  corner plot  done 
     Dataset:  FWHMdata_expres     model:  gp_multidimensional  corner plot  starting 
     Dataset:  FWHMdata_expres     model:  gp_multidimensional  corner plot  done 
     Dataset:  FWHMdata_harps     model:  gp_multidimensional  corner plot  starting 
     Dataset:  FWHMdata_harps     model:  gp_multidimensional  corner plot  done 
     Dataset:  FWHMdata_neid     model:  gp_multidimensional  corner plot  starting 
     Dataset:  FWHMdata_neid     model:  gp_multidimensional  corner plot  done 
     Dataset:  Contrastdata_expres     model:  gp_multidimensional  corner plot  starting 
     Dataset:  Contrastdata_expres     model:  gp_multidimensional  corner plot  done 
     Dataset:  Contrastdata_harps     model:  gp_multidimensional  corner plot  starting 
     Dataset:  Contrastdata_harps     model:  gp_multidimensional  corner plot  done 
     Dataset:  Contrastdata_neid     model:  gp_multidimensional  corner plot  starting 
     Dataset:  Contrastdata_neid     model:  gp_multidimensional  corner plot  done 
     Dataset:  Halphadata_expres     model:  gp_multidimensional  corner plot  starting 
     Dataset:  Halphadata_expres     model:  gp_multidimensional  corner plot  done 
     Dataset:  Halphadata_harps     model:  gp_multidimensional  corner plot  starting 
     Dataset:  Halphadata_harps     model:  gp_multidimensional  corner plot  done 
     Dataset:  Halphadata_neid     model:  gp_multidimensional  corner plot  starting 
     Dataset:  Halphadata_neid     model:  gp_multidimensional  corner plot  done 

****************************************************************************************************

 Saving the planet parameter samplings to files (with plots)

****************************************************************************************************

 Saving all the parameter samplings to files (with plots)

****************************************************************************************************

 Computing the models for plot/data writing 
     Splitting the plot array to allow GP prediction of extended datasets, it may take a while...
     # 21 chunks of 93 times each
     Check the documentation if the code is taking too long or if it crashes...
     Splitting the plot array to allow GP prediction of extended datasets, it may take a while...
     # 21 chunks of 93 times each
     Check the documentation if the code is taking too long or if it crashes...
     Splitting the plot array to allow GP prediction of extended datasets, it may take a while...
     # 21 chunks of 93 times each
     Check the documentation if the code is taking too long or if it crashes...
     Splitting the plot array to allow GP prediction of extended datasets, it may take a while...
     # 15 chunks of 93 times each
     Check the documentation if the code is taking too long or if it crashes...
     Splitting the plot array to allow GP prediction of extended datasets, it may take a while...
     # 15 chunks of 93 times each
     Check the documentation if the code is taking too long or if it crashes...
     Splitting the plot array to allow GP prediction of extended datasets, it may take a while...
     # 13 chunks of 93 times each
     Check the documentation if the code is taking too long or if it crashes...
     Splitting the plot array to allow GP prediction of extended datasets, it may take a while...
     # 15 chunks of 93 times each
     Check the documentation if the code is taking too long or if it crashes...
     Splitting the plot array to allow GP prediction of extended datasets, it may take a while...
     # 15 chunks of 93 times each
     Check the documentation if the code is taking too long or if it crashes...
     Splitting the plot array to allow GP prediction of extended datasets, it may take a while...
     # 13 chunks of 93 times each
     Check the documentation if the code is taking too long or if it crashes...
     Splitting the plot array to allow GP prediction of extended datasets, it may take a while...
     # 15 chunks of 93 times each
     Check the documentation if the code is taking too long or if it crashes...
     Splitting the plot array to allow GP prediction of extended datasets, it may take a while...
     # 15 chunks of 93 times each
     Check the documentation if the code is taking too long or if it crashes...
     Splitting the plot array to allow GP prediction of extended datasets, it may take a while...
     # 13 chunks of 93 times each
     Check the documentation if the code is taking too long or if it crashes...
     Splitting the plot array to allow GP prediction of extended datasets, it may take a while...
     # 15 chunks of 93 times each
     Check the documentation if the code is taking too long or if it crashes...
     Splitting the plot array to allow GP prediction of extended datasets, it may take a while...
     # 15 chunks of 93 times each
     Check the documentation if the code is taking too long or if it crashes...
     Splitting the plot array to allow GP prediction of extended datasets, it may take a while...
     # 13 chunks of 93 times each
     Check the documentation if the code is taking too long or if it crashes...
     Splitting the plot array to allow GP prediction of extended datasets, it may take a while...
     # 21 chunks of 93 times each
     Check the documentation if the code is taking too long or if it crashes...
     Splitting the plot array to allow GP prediction of extended datasets, it may take a while...
     # 21 chunks of 93 times each
     Check the documentation if the code is taking too long or if it crashes...
     Splitting the plot array to allow GP prediction of extended datasets, it may take a while...
     # 21 chunks of 93 times each
     Check the documentation if the code is taking too long or if it crashes...
     Splitting the plot array to allow GP prediction of extended datasets, it may take a while...
     # 15 chunks of 93 times each
     Check the documentation if the code is taking too long or if it crashes...
     Splitting the plot array to allow GP prediction of extended datasets, it may take a while...
     # 15 chunks of 93 times each
     Check the documentation if the code is taking too long or if it crashes...
     Splitting the plot array to allow GP prediction of extended datasets, it may take a while...
     # 13 chunks of 93 times each
     Check the documentation if the code is taking too long or if it crashes...
     Splitting the plot array to allow GP prediction of extended datasets, it may take a while...
     # 15 chunks of 93 times each
     Check the documentation if the code is taking too long or if it crashes...
     Splitting the plot array to allow GP prediction of extended datasets, it may take a while...
     # 15 chunks of 93 times each
     Check the documentation if the code is taking too long or if it crashes...
     Splitting the plot array to allow GP prediction of extended datasets, it may take a while...
     # 13 chunks of 93 times each
     Check the documentation if the code is taking too long or if it crashes...
     Splitting the plot array to allow GP prediction of extended datasets, it may take a while...
     # 15 chunks of 93 times each
     Check the documentation if the code is taking too long or if it crashes...
     Splitting the plot array to allow GP prediction of extended datasets, it may take a while...
     # 15 chunks of 93 times each
     Check the documentation if the code is taking too long or if it crashes...
     Splitting the plot array to allow GP prediction of extended datasets, it may take a while...
     # 13 chunks of 93 times each
     Check the documentation if the code is taking too long or if it crashes...
     Splitting the plot array to allow GP prediction of extended datasets, it may take a while...
     # 15 chunks of 93 times each
     Check the documentation if the code is taking too long or if it crashes...
     Splitting the plot array to allow GP prediction of extended datasets, it may take a while...
     # 15 chunks of 93 times each
     Check the documentation if the code is taking too long or if it crashes...
     Splitting the plot array to allow GP prediction of extended datasets, it may take a while...
     # 13 chunks of 93 times each
     Check the documentation if the code is taking too long or if it crashes...
     Splitting the plot array to allow GP prediction of extended datasets, it may take a while...
     # 21 chunks of 93 times each
     Check the documentation if the code is taking too long or if it crashes...
     Splitting the plot array to allow GP prediction of extended datasets, it may take a while...
     # 21 chunks of 93 times each
     Check the documentation if the code is taking too long or if it crashes...
     Splitting the plot array to allow GP prediction of extended datasets, it may take a while...
     # 21 chunks of 93 times each
     Check the documentation if the code is taking too long or if it crashes...
     Splitting the plot array to allow GP prediction of extended datasets, it may take a while...
     # 15 chunks of 93 times each
     Check the documentation if the code is taking too long or if it crashes...
     Splitting the plot array to allow GP prediction of extended datasets, it may take a while...
     # 15 chunks of 93 times each
     Check the documentation if the code is taking too long or if it crashes...
     Splitting the plot array to allow GP prediction of extended datasets, it may take a while...
     # 13 chunks of 93 times each
     Check the documentation if the code is taking too long or if it crashes...
     Splitting the plot array to allow GP prediction of extended datasets, it may take a while...
     # 15 chunks of 93 times each
     Check the documentation if the code is taking too long or if it crashes...
     Splitting the plot array to allow GP prediction of extended datasets, it may take a while...
     # 15 chunks of 93 times each
     Check the documentation if the code is taking too long or if it crashes...
     Splitting the plot array to allow GP prediction of extended datasets, it may take a while...
     # 13 chunks of 93 times each
     Check the documentation if the code is taking too long or if it crashes...
     Splitting the plot array to allow GP prediction of extended datasets, it may take a while...
     # 15 chunks of 93 times each
     Check the documentation if the code is taking too long or if it crashes...
     Splitting the plot array to allow GP prediction of extended datasets, it may take a while...
     # 15 chunks of 93 times each
     Check the documentation if the code is taking too long or if it crashes...
     Splitting the plot array to allow GP prediction of extended datasets, it may take a while...
     # 13 chunks of 93 times each
     Check the documentation if the code is taking too long or if it crashes...
     Splitting the plot array to allow GP prediction of extended datasets, it may take a while...
     # 15 chunks of 93 times each
     Check the documentation if the code is taking too long or if it crashes...
     Splitting the plot array to allow GP prediction of extended datasets, it may take a while...
     # 15 chunks of 93 times each
     Check the documentation if the code is taking too long or if it crashes...
     Splitting the plot array to allow GP prediction of extended datasets, it may take a while...
     # 13 chunks of 93 times each
     Check the documentation if the code is taking too long or if it crashes...
 Writing the plots 
 Writing the   data files 
 Writing the  MAP_ data files 
 Writing the  sampleMED_ data files 

****************************************************************************************************

