1.584732463568 
1.836824769796 
1.705972557533 
2.043338722355 
2.063488525756 
1.762779013734 
1.803116308961 
2.047060097571 
1.992910150470 
1.862323065981 
1.750338463658 
1.750131481064 
1.580305971936 
1.858200811398 
1.565825479067 
1.532206419713 
1.525458775230 
1.715144918395 
1.834963082615 
1.798241242715 
1.815196985099 
1.739875981117 
1.652929411712 
1.711454629073 
1.740560315623 
1.694310965587 
1.796983272893 
1.617967606670 
1.580123696228 
1.669987024131 
1.722365073753 
1.817083974266 
2.031445121048 
2.031510494554 
2.079343107448 
1.852663914445 
1.744201472069 
2.108839460008 
2.146963717840 
2.241609748631 
1.916105419601 
1.829369102707 
1.981236362553 
2.071600157940 
2.075443283195 
2.151828397114 
2.270417399316 
2.361695497285 
2.096097558183 
2.231023962079 
2.163802219641 
2.194781331466 
2.222094460239 
2.105263587491 
2.027694697673 
1.849665935067 
1.913803931903 
2.211527786097 
2.104898899636 
2.040415226521 
1.697752367587 
1.639157542970 
1.600833954826 
1.725910209097 
1.808102842078 
1.891345565670 
1.717325079835 
1.924128294078 
2.072178997943 
2.016900175956 
2.049049240622 
2.006633414891 
2.147922165522 
2.160402485187 
2.204211012233 
1.603237085240 
1.764650353710 
1.792055541732 
1.975527732363 
1.726734826449 
1.550758916125 
1.391856634796 
1.525855742503 
1.579676771310 
1.734078912861 
1.790466527378 
1.799089346896 
1.873079599491 
1.821769602939 
1.915991229203 
2.179452989295 
1.914640902158 
1.771751095312 
1.857730837252 
1.789737208879 
1.914131606038 
1.986059108193 
2.032499880089 
1.634112691396 
1.741985648735 
1.860576942675 
1.597473362152 
1.597408495793 
1.965944621263 
1.749550289875 
1.609788471359 
1.787617022781 
1.803790042873 
1.946400909227 
1.881835557859 
1.880484515049 
1.603167469979 
1.616256407220 
1.689213129503 
1.734340825379 
1.676515403832 
1.696946724314 
1.855222755186 
1.818957132548 
1.807594638003 
1.945625203035 
2.011781690118 
1.972324901140 
2.118765148763 
1.936228984828 
1.885351936158 
1.896100478182 
1.936259302123 
1.896830362866 
2.162430158294 
1.734562473213 
1.878612129180 
2.125457710163 
1.905235980051 
1.936261367166 
1.804398600617 
1.766633554948 
1.859665975731 
2.120606372176 
1.723778749743 
1.850239208734 
1.822652934871 
2.255748886507 
1.961856245473 
1.735018439895 
1.917617755234 
1.856898391479 
2.227805709525 
2.132301168710 
1.997360507531 
1.945913713822 
2.023306238774 
1.721590838508 
1.562217776259 
1.835976320447 
1.892478088475 
2.026450084634 
2.051080721381 
2.169864762690 
2.003038666425 
1.768101627098 
2.391678155744 
2.075648946244 
1.852684088474 
1.816689487449 
1.900847439500 
1.867819134958 
1.860324077027 
1.804291345600 
1.803275849317 
1.907560018224 
1.762101255340 
1.913768966805 
1.895705191727 
1.838367418639 
1.960673699638 
1.933447750546 
1.880462000084 
1.638174653533 
1.628858170283 
1.749229529065 
1.465901646799 
1.763777841010 
1.655926782519 
1.760998943883 
1.710686886733 
1.662819289482 
1.566466089454 
1.601581224181 
1.833776081508 
2.121049062573 
1.882313970370 
1.903254037531 
1.945927820913 
1.923099407424 
1.786675888681 
1.783987175235 
1.767686690666 
1.810284012572 
1.877628443465 
1.946334208347 
1.915017522628 
1.995826677982 
2.050988127922 
1.830176383052 
1.798735715328 
1.821793373620 
1.653776348088 
1.662296605717 
1.825727043843 
1.809572180183 
1.770590567059 
1.810458065230 
1.973258514537 
1.729013842333 
1.511606874128 
1.587313467433 
1.643719733093 
1.711017566712 
1.536878618246 
1.648851315191 
1.659112409231 
1.918602076982 
1.968716444911 
1.503969471295 
1.859348974587 
1.791545558402 
1.820809345317 
1.841648392492 
1.990926887926 
1.827379085025 
1.795298482843 
1.772974533263 
1.920032910458 
1.774547158118 
1.782146651190 
1.739714591556 
1.982346071767 
2.003259258597 
1.983422034680 
2.128349870418 
1.928166792388 
1.924759882217 
1.733429097487 
1.665588181602 
1.666050293066 
1.644826785080 
1.719443752271 
1.873032637045 
1.949801747956 
1.825848977471 
1.934427222096 
1.794203223768 
1.856685458595 
2.096827230704 
1.971945326437 
1.837470768603 
1.778945633990 
1.705334623020 
1.730973308326 
1.994950859603 
1.814120541094 
1.875492366255 
1.680589248221 
1.610021845483 
1.593099530538 
1.572150235433 
1.601943735933 
1.477114955223 
1.624117293068 
1.655640592260 
1.567741551144 
1.505562399250 
1.519232225202 
1.435667656738 
1.603955594145 
1.528090818764 
1.730982428080 
1.654596090495 
1.814386079003 
1.858331123511 
1.878534087758 
1.983425831345 
1.790612718812 
2.003417002999 
1.734275095125 
1.665787492378 
1.849233287908 
1.813044359765 
1.878907331083 
1.878562798414 
1.856448807070 
2.056562695580 
2.136388431140 
2.482749075643 
2.265991092396 
2.015506561382 
2.037412077201 
1.984010040126 
1.830904766022 
1.799904157499 
1.788388501894 
1.703153553231 
2.118853483978 
2.086523188862 
1.875452638317 
1.846462640842 
1.962021680738 
2.059241088358 
2.063470956573 
1.729725153628 
1.867505390636 
1.624010237233 
1.566085246505 
1.832422608822 
1.776773512813 
1.728235502905 
1.621855117076 
1.683035772525 
1.764965695027 
1.771803650496 
1.843328182284 
1.834820039216 
1.907595212629 
1.810976694397 
1.397405115714 
1.559854980908 
1.624787515133 
1.706222448084 
1.728053441590 
1.844790015063 
1.859258530148 
1.732757035476 
1.619158448893 
1.716563384412 
1.759199454353 
1.794456196100 
1.961896335372 
1.810030136083 
1.815160932348 
1.771189944061 
1.818756337475 
1.802873487591 
1.806721832176 
1.763686673719 
1.754484513368 
1.813032438287 
1.767391673089 
1.748201960728 
1.701348895747 
1.657552712745 
1.598690120049 
1.740190314661 
1.681043920216 
1.734755926159 
1.642619542095 
1.712169659859 
2.059286535580 
1.853719014395 
1.780819443739 
1.839547888217 
1.838959809264 
1.797624918917 
1.718189867494 
1.670488273917 
1.724480040939 
1.578243180021 
1.947454263448 
2.030792097194 
2.020000316612 
1.895178106383 
1.781024107367 
1.624820354827 
1.646592882570 
1.883679784358 
1.985133753256 
1.671294780989 
1.941270766422 
1.886256798766 
1.991831147638 
1.518292089509 
1.677747654210 
1.810157147677 
1.878910977322 
1.793591203743 
1.959129200315 
1.717516161531 
1.844531582185 
2.018048715020 
2.057021308882 
2.128643489130 
1.813207513204 
1.936505474387 
1.936804661958 
1.693971401970 
1.812936177711 
1.527465265938 
1.905726540814 
1.997123367387 
2.298885698099 
2.183189153769 
1.794376630034 
1.867146996375 
1.763446680370 
1.766280339924 
1.790355737255 
1.788508026976 
1.900455899439 
1.716205234177 
1.849379818025 
2.115198758344 
2.023549208379 
1.930158263266 
2.009029056908 
1.909111958910 
1.860780853352 
1.748639131342 
1.622162333482 
1.715340018556 
1.796004124793 
1.768317181456 
1.704128760545 
1.807152032123 
1.782560424506 
1.764153653751 
1.785145200848 
1.770550941095 
1.791810246877 
1.732209453711 
1.790344736178 
1.795300454898 
1.792085463082 
1.659158661002 
1.581697820368 
1.747494760280 
1.863827979476 
1.627805613942 
1.795124893800 
2.176198951665 
2.234943340288 
2.046988197827 
2.140238901026 
1.969476973031 
1.773237350539 
1.828533382027 
1.904639597653 
2.055756356930 
2.127475187766 
2.162359208747 
2.069250116666 
2.091385207306 
1.946481475372 
1.884756738027 
1.882927924063 
1.832947693662 
1.856647136649 
1.887668368356 
1.890706180889 
1.835252090549 
1.887455689779 
1.862800720003 
2.024851857180 
2.033634966123 
2.219980912405 
2.166709464007 
2.069241579015 
2.051848519730 
2.009676144626 
1.960127715649 
1.872959577159 
1.798487627558 
1.867508240769 
1.908327511157 
2.103221365014 
1.858771604691 
1.821270751260 
1.931243610633 
1.910646159287 
2.007579655836 
2.174674012765 
2.024509449139 
2.289711494372 
2.476920503747 
2.426396191296 
1.881379934472 
1.906248461959 
2.231429601147 
1.628089907747 
2.052363788687 
1.992100379548 
1.933223666361 
1.939451046106 
1.888773870443 
1.933299030042 
1.992481278662 
1.796851346171 
1.876275641717 
1.923242227977 
1.597850741413 
1.443243215467 
1.488114488795 
1.800956779539 
1.884258365368 
1.839269182012 
1.861643197511 
1.500314353799 
1.679768291751 
1.766112513019 
1.813690027219 
2.212386220423 
1.982446041187 
1.809629616238 
1.764904352518 
1.777442148581 
1.732952673195 
1.874050422492 
1.894068250518 
1.863879835028 
1.817529302766 
1.850458941146 
1.851309102437 
1.825731927907 
1.721474573207 
1.873614639089 
1.881427311959 
1.941784379265 
1.766916401278 
1.815961514506 
1.912761909807 
1.805938426262 
1.836697437741 
1.802771895250 
1.862386475401 
2.036388603921 
2.220957225671 
2.379175330066 
2.691118454421 
2.080465515981 
2.086737039650 
2.133794349947 
1.884257423187 
2.147009025057 
1.899148519529 
1.874682562415 
1.718464790791 
1.753102092571 
1.814681136699 
1.756534366225 
1.828529419377 
1.539542712248 
1.559744454790 
1.765720685758 
1.864985110297 
1.813982272839 
1.906461308518 
1.894766513480 
1.973255759920 
1.954407844298 
2.022778490222 
2.113107612233 
2.092202103263 
2.051230856096 
2.047371181861 
2.108307233260 
2.045666240791 
1.897429149597 
2.223477570540 
1.979018537201 
1.858424209344 
1.648200391196 
1.823859176085 
1.654298422011 
1.634966522820 
1.799652221610 
1.923179732870 
1.920919861078 
1.994578025511 
1.980451817491 
1.940209864831 
1.995023063045 
2.115228934550 
2.134632717777 
2.155862583856 
1.865074536705 
1.931253053264 
1.764999968119 
1.971023678476 
1.950766063684 
1.958360413543 
1.910520629956 
1.978471753215 
1.759891444419 
1.778806104995 
1.977670931620 
2.132353689249 
2.130658504678 
2.065977342718 
2.192790042776 
2.120667203853 
2.039012544140 
2.190865591478 
1.827338820992 
1.929236479585 
1.748552892009 
1.708174757365 
1.848899210634 
1.919347037515 
1.659822877066 
1.907390800068 
1.743093011368 
1.684153156386 
1.629582760451 
1.786113996544 
1.830610784924 
1.787405303863 
1.650103561920 
1.620998539385 
1.757615603015 
1.646046664919 
1.582939757434 
1.832387884718 
1.960390500128 
2.205207199515 
2.092538214829 
1.956284296019 
2.013266180731 
1.714782146727 
1.670180821902 
1.675316583526 
1.700697060854 
1.887068727125 
1.910307109925 
1.944384381919 
1.803127030054 
1.660094105817 
1.755299373895 
1.863252074463 
2.027296263580 
2.032126007951 
1.933869598741 
1.898343831959 
1.782362752212 
1.706287137712 
1.558582320998 
1.845364193524 
2.474458442113 
2.126742530996 
1.647517352715 
1.592819093588 
1.639164862910 
1.697365888327 
1.500208334448 
1.834974214850 
1.871018693418 
1.743501902628 
1.684408978749 
1.463069528109 
1.649893648985 
1.808784197545 
1.680788021530 
1.674622366409 
1.769412565849 
1.790021813693 
1.804221936804 
1.869762156387 
1.703747894735 
1.618377359506 
1.664060859447 
1.560548347768 
1.629332870925 
1.736453331410 
1.499581017019 
1.781471854851 
1.767968396558 
2.159689536124 
2.116448675690 
1.999006940467 
1.682151817295 
1.589241093578 
1.518822974395 
1.319855900304 
1.460407836438 
1.931118008116 
1.926810835721 
1.695705242558 
1.345080830451 
2.020468199334 
1.621439746659 
1.748254468010 
1.682160950516 
1.877296037014 
1.868904133276 
1.847782721059 
1.721789844982 
1.774339418935 
1.814727814010 
2.026508148739 
1.890745234062 
2.264181723461 
2.005789759300 
1.809871986950 
1.871584309516 
1.920665405270 
2.049288916493 
2.033964937541 
2.015501129585 
1.772017254167 
1.853331586251 
2.274630478106 
1.943053041978 
1.932199193283 
1.484640693300 
1.840491553159 
1.722269043008 
1.595624970754 
1.837590994482 
2.006375343515 
1.964989231609 
1.694688228700 
1.835749446018 
1.962862820443 
1.770329345989 
1.806472602478 
2.136022058311 
2.433617624936 
2.205989213140 
2.191673598245 
2.053413878423 
1.942127174031 
1.986382941255 
1.985229817435 
1.986101749229 
2.003879052867 
2.046285801614 
1.774922473872 
1.811967285984 
1.919578452804 
1.864928551728 
1.716674286502 
1.642445342097 
1.773778670365 
1.755829848096 
1.806956040654 
1.959620140531 
2.031401074792 
1.852913985611 
1.912922626299 
1.671074004938 
1.854799450369 
1.779109098372 
1.784577767880 
1.746997252140 
1.734760809107 
1.884836146960 
1.906603317863 
1.751586164737 
1.731450985314 
2.310261045233 
2.150527241268 
2.094448760597 
1.926750761482 
2.110523520573 
1.952607135732 
1.921570363716 
2.084647611388 
1.850425397976 
1.972713877626 
1.758133782028 
1.781912424986 
1.768529720780 
1.936623922455 
1.844771020356 
2.147458889168 
2.111117917430 
2.146068043438 
1.970730851733 
2.000401624805 
1.995820414132 
1.571469162541 
1.701256118772 
1.816361054010 
1.725116432245 
1.798121979039 
1.707868076998 
1.772792844532 
1.798302700889 
1.696096924295 
1.761542715161 
1.551341815279 
1.628976520778 
2.115339399254 
2.225119592326 
1.937680121854 
1.940683612540 
2.191941331286 
2.083426469454 
1.980685418121 
2.105441541592 
1.985488384564 
1.777435440459 
1.893128217262 
1.590853919625 
1.420752328417 
1.538122618840 
1.656282883644 
1.644580508161 
1.834961399060 
1.819921097621 
1.510683034995 
1.718472406089 
2.002866875344 
1.917689387409 
1.993937056686 
2.004833213308 
1.973775087653 
1.838975880589 
1.898414218080 
1.920125592871 
1.847012460117 
1.704469545027 
2.090938116774 
1.833621266155 
1.781093978062 
1.865856193483 
1.728218421291 
1.792776826026 
1.912242854733 
1.834056600983 
1.799664689278 
2.005189595443 
1.862800720431 
1.802874846983 
1.846516932184 
1.844763684964 
1.793037323301 
1.880406623231 
2.160181546401 
2.174607614080 
2.059639389039 
2.096093496786 
1.994899947970 
2.181260628278 
2.049822175888 
1.791626865289 
1.674161381687 
1.642862804499 
1.609756493264 
1.599347132082 
1.708539749490 
1.823258379384 
1.692918329893 
1.801087453955 
1.822038318334 
1.681278561993 
1.652222130887 
1.641167153206 
1.840998934988 
1.673590807583 
1.886302543336 
1.989021746523 
1.984836245040 
1.964542453769 
1.922088790924 
1.676141304926 
1.671450383387 
2.087888175752 
2.073525415156 
2.211151765797 
2.234632816132 
2.133530776129 
2.174728312637 
2.450659011799 
2.211407499090 
2.101859357530 
1.818199272243 
1.806743098307 
1.802082249607 
1.751627862947 
1.889003525984 
1.900801451291 
1.883283130304 
1.872353950610 
1.848206243298 
2.027488419016 
2.190721316962 
2.109031207928 
1.975630559095 
1.949737519419 
1.968898705873 
2.109220250152 
2.132277570102 
1.895804209955 
1.988403629028 
1.960155064817 
1.990062079072 
1.905906677153 
1.755638071343 
1.751038529850 
1.584774265295 
1.695690195796 
1.609913416556 
1.611659695268 
1.743931634061 
1.293269575333 
1.688619663190 
2.096551974406 
2.150558242102 
2.106911026384 
2.152100982789 
2.244564345960 
2.011602768546 
1.921116292086 
1.877365269057 
1.849225871729 
1.778337145108 
1.759945119255 
1.772376585192 
1.598111307389 
1.564463847795 
1.526477125763 
1.684829565568 
1.600714747953 
1.717788788892 
1.770319983329 
1.846629362591 
1.994933048290 
1.950052961818 
1.632579646983 
1.614800068855 
1.549525351810 
1.638256834610 
1.775887707621 
1.821318812059 
1.994159917821 
2.024361692465 
1.865914586307 
1.951962676514 
1.903474311448 
1.873297593600 
2.233490720403 
1.923114331935 
1.572696475025 
1.709473401271 
1.702621945428 
1.514037224140 
1.540322519447 
1.424886804874 
1.585458563856 
1.658068598719 
1.634167317331 
1.594351295123 
1.635198538840 
1.861008362168 
1.819928143960 
1.931076017070 
1.833957162716 
1.666077684941 
1.642281648435 
1.709932235107 
1.745719642573 
1.816981703929 
1.866809628493 
1.995124595321 
1.564560138454 
1.533086660788 
1.615785468334 
1.594859367239 
1.661576213215 
1.572401265690 
1.820427452703 
1.617117583087 
1.790166822912 
1.876022580076 
1.665087741133 
1.658870274128 
1.640289343844 
1.661638024356 
1.809744434013 
1.830078900424 
1.675250633617 
1.785543585081 
1.870792812412 
1.598708771320 
1.380325734013 
1.815472173812 
2.002492447202 
2.030641395305 
2.180839048990 
1.945823243512 
2.101883679210 
2.217801357965 
2.013026192066 
2.031091701695 
1.959497618027 
1.791559502152 
1.893778213304 
1.854419423300 
1.934860582734 
1.916036201344 
1.959146381113 
1.600738476437 
1.826760054157 
1.732529136478 
1.805941600181 
1.956366841287 
2.016394014787 
2.025087754582 
1.987216725326 
1.733345761539 
1.846589170260 
2.104168635134 
2.149232807351 
1.768960725242 
1.751267123241 
1.743903107418 
1.817360409834 
1.950970662329 
1.873276324134 
1.855819804798 
2.099179160715 
1.806878078649 
1.856909913021 
1.774561116024 
1.734555324873 
1.890309346081 
1.839129197618 
1.759176589110 
1.810010328781 
1.760269636700 
1.756628163301 
1.647820262875 
1.727419906832 
1.758496148404 
2.016316384477 
1.671070383345 
1.719496281572 
1.890114100157 
1.714901194438 
1.922529066434 
1.908930071468 
1.825220800587 
1.580702512072 
1.878276497665 
1.926726710957 
1.921296235717 
1.776386579744 
1.990059805631 
1.744406539871 
1.789443008364 
2.005619936178 
2.075190657048 
1.932627440310 
2.061134141889 
2.143916128314 
2.205006098939 
2.182515476127 
2.143245222720 
2.056579917693 
2.074427063798 
1.939747524637 
2.183449875246 
1.956582255962 
1.900513528243 
1.729196606054 
1.738837250155 
2.109801573641 
2.058796192936 
1.882682234441 
1.942070478493 
1.850555211802 
1.939029792522 
1.872317597734 
1.710543213528 
1.880533768425 
1.806581694726 
1.478686496127 
1.862836067364 
1.936060695478 
2.037630495833 
2.197518006482 
2.060037994960 
2.041941306403 
1.742272586352 
2.004419558525 
2.034376311072 
1.975200813026 
2.096258885504 
2.143605378503 
2.030191516616 
1.954556560984 
1.853691299021 
1.898778784076 
1.803502403676 
1.779310757470 
1.970245929093 
2.234145823523 
2.371565790116 
2.097845312386 
1.782611336768 
1.851512984108 
1.591679878073 
1.566999408165 
1.643426949136 
1.553600400492 
1.592952239352 
1.860021338743 
1.867822950322 
2.022784474354 
1.981796218347 
2.011313061388 
2.126951704616 
2.007758128270 
2.050896169720 
2.022524633874 
2.009689246162 
2.031903574011 
2.257445292961 
1.963056804710 
1.680039385467 
1.749997077364 
1.747115256066 
1.835186891641 
1.773812202458 
1.823633460782 
1.760765279990 
1.688853939930 
1.693906091243 
1.747941983487 
1.936197715349 
2.098773269833 
2.047282069646 
2.171088820578 
2.188777919913 
1.828478843608 
1.777211848860 
1.672001587660 
1.581307793637 
1.740955159145 
1.545346998883 
1.640599226496 
1.543298188378 
1.694120138424 
1.712978116710 
1.730169741615 
1.640163071514 
1.597590991900 
1.758346064856 
1.821639026992 
1.881230701756 
1.920222395588 
1.832690282025 
1.903961161559 
1.889612852366 
1.939738666630 
1.981342461980 
1.970421237563 
2.135528387679 
1.906213978232 
1.847471708467 
2.183435559444 
2.064602377765 
2.127995149986 
2.065329833330 
1.916855750496 
1.897790644703 
1.985853106110 
1.963529211176 
1.811331473764 
1.734273741799 
1.807463271184 
1.820987622014 
2.060979591605 
2.334692146554 
2.013931856744 
1.865190877386 
1.958709597465 
1.953896642898 
1.972379531051 
1.859321459625 
1.817941148154 
1.849893909561 
1.707163575307 
1.756439397374 
1.941296252730 
2.006043030023 
1.959700301213 
2.123425067822 
1.849688589991 
1.860806074350 
1.859423320808 
2.044207890467 
2.261120422745 
2.355050868322 
1.662067852081 
1.749182468249 
1.807305512416 
1.866664540344 
1.964309925774 
1.917336203030 
2.277672212371 
1.846767273408 
1.677909665992 
1.791822553055 
1.452009518357 
1.515172783181 
1.749030630393 
1.908099358343 
1.852276834409 
1.735587577438 
1.880735927290 
1.707669525435 
1.891537119399 
1.785530088599 
1.788235968587 
1.767625165481 
1.561392277538 
1.649067659543 
1.863057718704 
1.917703377274 
1.685489396664 
1.607082977556 
1.774118064405 
1.873297579186 
2.004536981348 
1.972967701931 
2.022526369277 
1.988088809651 
1.888320300792 
1.937135432375 
1.830680009938 
1.680037983228 
1.702693525585 
1.624719896571 
1.608532438264 
1.710663061427 
1.489749217749 
1.639930782553 
1.700929481464 
1.697331127328 
1.684215821017 
1.647222089154 
1.792644599041 
1.892809334127 
2.257179871623 
1.920694328276 
1.984519898684 
1.904957226899 
1.774694839580 
1.910000390555 
2.019323553355 
2.172403100340 
1.857697721827 
1.976844408931 
2.144534550319 
2.026000801164 
1.800787796672 
1.684892092666 
2.083484397688 
1.727656816672 
1.572343835744 
1.639473824159 
1.638273522866 
1.653853971461 
1.795245019342 
2.041678497924 
1.962773526532 
1.979724087320 
1.667261616996 
1.639480397804 
1.655694562570 
1.847399511143 
1.823733714476 
1.877671629689 
1.984855104096 
1.796576634623 
1.814340456874 
1.803615587570 
1.851544796584 
1.682751577050 
1.630701310853 
1.602343252226 
1.647222365204 
1.682398987312 
1.658411961319 
1.444401419551 
1.628804822760 
1.746768230362 
1.782593054603 
1.722056758828 
1.896863884249 
1.735022956904 
1.962057753694 
1.967516265266 
1.829244815441 
1.685198354177 
1.754328197251 
1.692722032273 
1.866138733188 
1.870210454908 
1.801834427795 
1.711677719612 
1.633649594089 
1.659614350941 
1.728221985789 
1.613446687446 
1.507163558896 
1.566193466625 
1.668129003509 
1.576913560465 
1.666648234162 
1.635040792509 
1.803252534827 
1.961563171825 
1.837837363462 
1.836444175395 
1.726827912855 
1.733375296867 
1.925121014899 
2.208114713487 
2.255922847769 
1.891690077978 
1.934977317249 
1.804157755925 
1.822394945630 
1.895972816548 
1.946931063111 
1.608911614678 
1.757667194282 
1.848852616217 
1.794223392278 
1.666522972031 
1.824115179046 
1.777399000671 
1.539312022399 
1.772666441988 
1.742876926713 
1.950542347676 
1.836762085688 
1.790470354825 
1.874205540233 
1.988835993595 
1.811251322023 
1.922735054563 
1.926887086280 
1.960201984986 
1.857970127985 
1.699757261537 
1.747905433507 
1.664216535308 
1.885140369596 
2.029065098961 
2.246964918001 
2.185994136848 
1.802553709897 
1.804037430968 
1.830438677552 
2.272998424803 
2.006800158739 
2.032970314763 
2.119051874932 
2.134700281909 
2.260892188416 
2.052304008421 
2.000994323975 
2.192813393054 
2.139408597040 
2.119284542304 
2.433586259668 
2.237339355731 
2.213054479998 
1.802608428255 
1.890694119222 
1.844026211924 
1.911193169988 
1.940631391600 
1.931071148678 
1.884736665853 
1.911278428454 
1.898117977357 
1.830035690036 
1.756184844249 
1.787786394524 
1.943579864043 
1.713866681409 
1.616290091562 
1.622569475197 
1.647731948538 
1.683270729534 
1.601936824715 
1.740046518736 
1.611317306370 
1.683102156379 
1.922785711574 
2.011600725013 
2.132316386974 
2.175216997835 
2.076387598154 
2.217532630212 
2.177742143553 
1.910762723413 
1.902942714845 
1.906186075161 
1.757067020982 
1.910731514794 
1.969883845072 
2.072441458845 
2.050407370990 
1.959876905206 
1.802716870288 
2.038421873773 
1.909430528541 
1.920126711009 
1.766900797330 
1.819375344550 
1.860353741457 
1.758392610905 
1.699220579221 
1.854326116120 
2.036583228744 
1.909057545440 
1.860767739666 
2.135888101322 
2.266035995734 
2.115819309134 
2.030772191600 
1.883144705987 
1.569961085340 
1.750957986217 
1.797327683059 
1.912598049135 
1.754418603412 
1.969568363782 
1.877745620893 
1.937462614432 
1.879669203399 
1.866429592789 
1.683228138944 
1.940866678331 
2.060001760329 
1.762236164513 
1.786267337760 
1.659600556647 
1.947373700623 
2.039157496314 
1.580359797288 
1.761319786703 
1.530834387096 
1.890887135157 
1.711527377582 
1.704124651432 
1.694709822118 
1.777972493972 
1.886241663153 
1.823961547387 
1.848007805444 
2.187284955969 
2.528063978516 
2.047908065945 
2.343061156796 
2.088818869316 
1.995338132003 
1.749064079899 
1.753326611874 
1.984418550683 
2.294598440685 
2.046525012665 
1.781512280769 
1.579324129362 
1.622925324209 
1.593089118146 
1.707778630155 
1.762389604001 
1.723093991858 
1.715850312275 
1.716501482793 
1.718132747541 
1.692026647892 
1.679462021644 
1.780961577419 
1.760686835093 
1.778917942531 
1.851363323069 
2.033978713626 
1.924446867367 
1.893470676638 
1.805745048565 
1.895693302608 
1.825344141740 
1.849385545463 
1.534496033947 
1.735663122316 
1.797655220958 
1.635740759881 
1.731635829776 
1.829708324896 
1.778358262163 
1.912759424236 
1.818835814067 
1.571754866229 
1.685276752324 
1.434551339249 
1.466593201505 
1.478012636354 
1.543115945260 
1.905405993170 
1.763626097616 
2.154321571897 
1.978376899374 
2.144749583802 
1.875447494872 
2.092490533839 
2.038366430305 
1.991126343512 
1.903594031848 
2.115999277679 
2.434664867342 
2.308405083044 
2.014263979738 
1.872506995762 
2.017406173834 
1.599773108208 
1.732779049968 
1.770540806306 
1.797792366644 
1.834959258299 
1.802623470053 
1.722614754993 
1.821988699126 
1.685685694309 
1.801628462655 
1.845503683911 
1.843943050011 
1.908680270096 
1.965901300583 
2.006045874144 
1.994307591984 
1.700432755392 
1.934382706627 
1.947407790913 
1.903831869217 
1.916329522392 
1.859502663009 
1.938624978411 
1.984708546244 
2.043454522069 
1.891395228321 
2.086175660983 
2.232386679060 
2.103019091922 
2.048683111224 
2.246330087320 
2.022921199032 
1.732038287807 
1.856088007889 
1.959631358467 
2.161715175921 
2.067932411005 
2.055870925107 
1.776596235107 
1.802057538815 
1.744159063958 
1.749596349305 
1.838570493134 
1.754622043827 
1.834052275130 
1.885814959473 
1.939496904604 
1.997433440109 
1.938302166998 
2.123629175657 
2.035909689347 
2.140040842635 
1.923324402066 
1.877773497746 
1.703576357411 
1.631527958000 
1.594429839755 
1.633177070733 
1.632782315028 
1.610286164472 
1.587051025044 
1.778203368320 
1.871586468689 
1.896603224138 
1.873581949870 
1.759851324639 
1.744815154462 
1.699933405819 
1.836461497340 
1.867416834714 
1.777127162297 
1.774849345680 
1.776153462604 
1.751541942950 
1.886892295895 
2.109376732597 
1.995074561539 
1.829153815374 
1.858426201561 
1.883335060509 
1.893318457951 
2.199449256648 
2.005281576654 
2.094703868766 
2.099906662003 
1.945916524669 
1.763099858945 
1.842461530127 
1.800376001217 
1.771048270764 
1.813779948086 
2.055013638438 
2.078177792729 
1.871089888239 
1.895684438943 
1.838039385727 
1.900770001871 
1.887029230183 
1.768324422148 
1.865097573448 
1.843842903359 
1.950578035685 
1.918473740884 
1.758535351075 
1.559190884984 
1.815478997795 
1.610943872624 
1.819446932462 
2.092389165474 
2.266687355652 
2.177549586704 
2.315240503863 
2.220885754217 
2.202932380137 
1.986382048115 
2.099930902127 
1.789071768920 
1.887967170817 
1.591314188157 
1.923099882496 
1.847228762235 
1.852168325101 
1.893686537728 
1.844585059683 
1.858404600661 
1.877416363669 
1.734009058138 
1.596444273151 
1.548252135750 
1.620158888843 
1.596476125480 
1.901083413848 
1.883495657821 
1.712307261426 
1.643804008160 
1.713360842984 
1.776167893102 
1.755588399567 
1.769138348345 
1.979524628534 
1.986133028160 
1.911924415548 
2.056935998248 
1.976094269957 
1.901074128529 
1.879394811132 
1.987399966044 
1.835094631079 
1.791287713138 
1.781540358819 
1.729563157981 
1.769683230274 
1.817238336713 
1.755852535117 
1.637815901062 
1.714638969207 
1.769205179531 
1.993928664964 
1.893573584806 
1.961073562098 
1.865690680978 
1.989554678266 
1.783134060064 
1.878189545022 
1.746378186369 
1.760801709621 
1.732895796507 
1.864189378326 
1.894909121931 
1.731581272256 
2.060618036459 
2.089771634358 
2.314679092597 
2.181153917588 
2.231614749047 
2.068665558646 
2.097704017242 
2.166666249993 
2.286678746507 
2.149595832808 
2.374704426090 
2.199229877692 
2.030032059025 
1.801119418277 
1.872776856896 
1.775616910123 
1.707368479684 
1.810774587817 
1.996789370872 
2.063660352604 
1.984811833653 
1.973781841385 
1.985207198804 
2.034018186586 
1.969211352979 
2.046300809134 
1.968451713708 
1.953475717693 
2.117356179993 
1.983747388401 
1.993960662389 
1.951376173974 
1.886772409957 
1.783086152938 
1.738769746528 
1.549854803367 
1.752026089947 
1.631471322145 
1.667484927330 
1.769183487039 
1.774639710738 
1.963193518965 
1.934148157019 
1.959685100869 
1.735613337867 
1.843753630887 
1.703580779204 
1.613554078437 
1.496971765963 
1.822568843368 
1.796117165082 
1.776509615228 
1.702609128586 
1.655670037200 
1.706145971269 
1.680860264063 
2.134374312441 
2.008414883810 
1.899199089642 
1.894226273365 
1.790834971575 
1.877747642700 
1.813372184499 
1.857251391141 
1.896290730999 
1.996476585968 
1.849986949927 
1.781286964235 
1.794103327393 
1.697636830053 
1.679203461973 
1.888878080555 
1.830731843367 
1.764386674895 
1.661668411415 
1.471592726824 
1.744710000738 
1.636777408966 
1.618647515224 
1.795050362783 
1.583021031545 
1.674628565939 
2.005137657885 
2.060429926908 
2.016442003058 
2.140039473290 
1.581986908622 
1.880440843760 
1.688795059534 
1.760209091362 
1.902262955308 
1.977424829157 
1.861267415852 
1.756352557960 
1.930324681242 
1.812604035590 
1.632984396579 
1.623659374546 
1.539343471770 
1.733578434725 
1.681815973955 
1.738522776191 
1.730943288662 
1.951735554498 
1.746240074121 
1.836485738799 
1.842059856808 
1.933351556095 
2.115894323946 
1.817534554106 
1.660263052982 
1.746488041488 
1.680973260603 
1.842628530011 
2.209333572243 
1.717884055064 
1.809560303974 
1.654856190081 
1.751158676752 
1.692535873316 
1.857363598085 
1.816163395161 
1.791096045027 
1.682799697905 
1.788983609086 
1.894306505751 
1.924465799068 
1.899556942322 
1.715585585515 
1.712223981851 
1.779308331501 
1.729216643645 
1.786110346665 
1.810093529632 
1.791244972012 
1.727655909119 
1.721087022662 
1.887893529825 
1.892640476557 
1.679417367625 
1.973594454926 
1.745459249065 
1.890688076921 
1.987428357552 
1.873766313278 
1.885233856161 
1.973027673439 
1.916894830950 
1.844060212919 
1.833608976747 
1.900274351805 
2.207381184771 
2.000663441259 
1.691867591492 
1.738260581985 
1.748573945398 
1.776573257481 
1.892685579522 
1.986722200069 
1.985522769626 
2.102955838558 
2.230146283279 
1.675991213330 
1.664342834360 
1.619857682881 
1.720807633920 
1.647694466822 
1.738780214701 
1.791535641509 
1.909878870646 
2.110100931288 
2.216097550431 
2.064880217671 
2.133691283132 
1.739231689906 
1.720730651261 
1.731145229446 
1.796357353821 
1.917903228152 
1.769649462989 
1.755417561023 
1.746881430339 
1.665051178793 
1.735085774846 
1.651200338210 
1.847085935935 
1.956647025239 
1.845746345691 
1.815908670721 
2.010784830427 
1.859603037549 
2.234360992594 
2.176617776710 
2.151920477500 
1.902460228534 
2.068668113965 
2.071944659894 
1.908681580125 
1.623968974095 
1.867357639216 
2.096032140282 
1.816202880259 
1.952898750413 
1.825137717993 
1.832891121696 
1.899827731757 
2.002281255155 
1.891109352874 
2.027497817289 
1.806539085396 
1.610788563880 
1.726511655032 
1.819132045670 
1.858513849069 
1.864113132381 
1.849681784238 
1.834315389944 
1.942976833446 
1.596386826305 
1.788367183588 
1.816407297829 
1.953878304567 
1.732081911746 
1.472994503083 
1.473674934674 
1.759198734410 
1.932833626967 
1.902951917795 
1.735821943345 
1.881865984865 
2.100684408811 
1.949321206608 
2.138547950286 
2.174813120658 
1.761734105714 
1.822491560737 
2.006845780424 
1.902313757997 
1.978371067760 
1.733329618780 
1.706153246898 
1.694913897871 
1.698602052522 
1.539871525174 
1.633053086202 
1.510217461881 
1.576420890193 
1.602255307453 
1.630219474713 
1.634926332307 
1.780246525531 
1.826033475614 
2.161932898788 
1.972744371590 
1.931733285589 
1.915130443646 
1.937427724114 
1.998452567092 
2.007228741323 
2.243576821902 
2.321880398228 
2.270738289232 
2.869158946681 
2.168409375955 
1.916698460036 
2.116765894913 
2.243984286092 
2.075821376719 
2.159021249639 
1.870889484752 
1.820148128881 
1.834784973304 
1.802328989304 
1.724803138922 
1.884070563602 
1.742442827898 
1.920372041425 
1.914106244929 
1.868414171713 
1.633563924957 
1.755514232529 
1.681210007849 
1.658512030097 
1.586830932062 
1.751577992482 
1.908525127068 
2.115264486509 
2.119866988150 
2.049324335037 
1.831937102554 
1.821322651839 
1.731758718611 
1.750389293362 
1.846090960302 
1.849026318637 
1.816279605802 
1.684114412471 
1.846040732901 
2.187160113718 
1.833104072390 
2.071015322362 
1.952224569722 
1.840090531617 
2.305402371171 
1.880115210366 
1.800577852790 
1.758760618979 
1.763309148219 
2.046040161893 
1.939547084052 
1.645239799418 
1.777191821103 
1.723473982419 
2.008865738811 
2.221234355950 
2.085309998340 
2.129179554214 
2.214568584587 
2.369661004963 
2.353290714631 
2.419891575758 
2.100816412066 
1.643117590728 
1.748874095733 
1.910965582154 
1.895572427397 
1.598837743195 
1.638982172320 
1.743563227022 
1.732021688448 
1.613380699081 
1.690976970645 
1.569003097420 
1.770389231108 
1.702908677856 
1.686674745356 
1.665499748009 
1.594875572292 
1.665209324380 
1.469051105631 
1.464191913914 
1.506920962142 
1.637122355391 
1.649931685217 
1.568478140691 
1.545972741775 
1.593847375037 
1.726699899123 
1.918292496760 
1.888434576137 
1.882148150128 
1.972965479972 
1.964420261888 
1.945792210678 
1.751621743137 
1.953548773290 
1.743341247593 
1.811346271562 
1.695613620578 
1.712256476655 
1.738922577483 
1.817133286326 
1.921245086781 
2.015743696441 
1.785606850201 
1.923273514822 
1.855741956634 
2.025124517727 
1.851030643707 
2.009720301938 
2.014684140686 
1.978884971225 
1.788345914586 
1.700032473469 
1.878791487839 
1.855091711317 
1.854493578932 
1.530591767775 
1.685369022853 
1.816674022815 
1.932045998894 
1.899961739908 
1.893341870040 
1.726325160934 
1.893243074124 
1.916902840684 
1.877776362514 
1.819888849574 
1.656725650244 
1.626338339299 
1.468894209313 
1.634776878762 
1.671237688952 
1.653473007072 
1.559721206646 
1.796925091447 
1.850834121568 
1.888483983953 
1.779043261083 
1.812189089966 
1.711167559956 
1.629129822791 
1.969917874289 
1.737929913674 
1.537320532006 
1.705355782399 
1.803788191762 
1.635342149683 
1.753399531370 
1.874538475192 
1.637484166415 
1.734972853086 
1.726600286824 
1.713777983252 
1.713423414739 
1.595528383590 
1.914513318648 
2.117689017581 
1.947811857082 
1.700803299195 
2.004944353538 
2.063650292821 
1.968091842544 
1.996308022336 
1.990959249385 
1.746378237629 
2.096794952618 
2.166270792252 
2.074330642939 
2.113283848694 
2.299192711459 
2.012072735234 
2.054426367492 
1.950784463800 
2.075653440447 
2.233346642059 
1.949185365059 
1.889043129245 
1.934008308481 
1.876853099252 
1.971891228395 
1.905735569164 
1.930428940179 
2.247379716937 
1.935230812038 
1.792526327812 
1.879201931151 
1.810062481272 
1.810283082754 
1.589951804156 
1.586350051918 
1.693432874778 
1.623994006424 
1.705777711210 
1.698781766703 
1.673947501255 
1.899655336451 
2.004039635073 
1.910848801471 
1.946523655135 
1.646111812428 
1.695585581624 
1.756702107890 
2.012899351041 
1.917696813793 
1.867735628145 
2.079042430295 
2.011656931548 
1.934046722093 
1.513688060015 
1.615819601673 
1.530813003336 
1.614155561210 
1.677408844557 
1.443222589319 
1.683407332946 
1.816586937572 
1.853831232468 
1.987338703178 
1.872539473901 
2.097547947240 
2.213195300456 
1.742310005893 
2.069063107572 
2.232496202640 
1.594733718824 
1.653811665847 
1.545730869641 
1.806022101066 
1.995028823669 
2.258359287636 
2.094738471685 
2.315926067248 
1.543412125714 
1.612098245031 
1.710104292860 
1.501116785464 
1.607191034972 
1.651008718213 
1.664235178774 
1.713432198143 
1.636565352365 
1.723344573435 
1.859335560033 
2.127372477493 
1.960064890235 
2.002915379821 
2.055422872052 
1.969770743310 
1.854506530180 
1.837189212727 
2.155247558128 
1.977983466574 
2.093644843564 
2.134848863461 
1.959286876258 
1.814058544657 
1.903534627677 
2.021252383809 
1.913910714516 
1.770513792440 
1.787343552345 
1.835053757672 
1.720947761428 
1.777119952091 
1.766752474769 
2.048891516864 
2.241783760254 
2.095010778467 
2.224005882014 
1.956836783287 
1.837052786823 
1.722082802195 
1.823057973783 
1.768003910984 
1.610025077887 
1.696676332592 
1.779932134854 
1.698873539967 
1.495900105342 
1.606539840803 
1.722720407611 
1.557805907321 
1.689970948804 
1.445983928832 
1.926652677497 
1.956289781356 
1.907150851039 
1.984527463940 
1.898005471366 
1.774827242567 
1.774974076584 
1.811357473542 
1.835089212481 
1.517016735341 
1.509965296741 
1.530096619089 
1.486110443921 
1.520264002610 
1.704530047419 
1.905633902901 
1.995833092230 
2.012373482418 
2.172366773491 
2.084996753627 
1.802534494729 
1.857021370106 
1.837464641175 
1.808913800368 
1.798149395796 
1.797708681653 
1.485940029176 
1.677970505717 
1.805691540971 
1.784416717235 
1.727320438641 
1.811427415590 
2.020564669105 
2.004991850807 
1.801753921659 
1.972600985419 
1.955893393372 
1.980739852787 
2.059736686637 
1.859096860846 
2.140626270263 
1.934232029507 
1.933620430752 
2.067891019717 
2.126260129655 
1.843917955335 
1.961540155173 
2.077013260791 
2.014662385955 
1.984588993292 
1.883379408089 
1.869476095629 
2.009177095398 
2.090074255434 
1.965511019739 
1.686534802693 
1.589131927811 
1.466461399773 
1.530041435927 
1.695609727424 
1.706362501968 
2.113715412819 
1.870162108363 
1.815479786664 
1.723801167806 
1.882444836237 
1.863512760714 
1.685030186895 
1.620520261447 
1.954050211939 
2.071076958428 
1.994507360199 
2.001766756192 
2.062930620912 
1.988854631437 
2.158504502170 
2.038439401859 
2.038141135630 
2.009797013798 
1.759961063546 
1.886833252903 
1.990842732548 
1.896592971258 
1.844648980277 
1.934441102370 
2.028252362905 
2.028471249165 
1.773185406977 
1.897767745715 
1.983493225021 
2.195543195869 
1.971654655685 
1.998262896217 
1.946138386400 
2.079436069438 
2.465061990138 
2.339519862006 
2.249507266560 
2.289804766096 
2.214361463704 
1.906027588614 
2.167378721799 
2.220111486939 
2.129556440655 
1.875265953389 
1.794020158901 
1.875479160034 
1.792214058696 
1.834115670028 
1.900139943254 
1.745188769351 
1.813045746862 
1.808295262105 
1.591335776455 
1.898261663573 
1.830404924811 
1.882502677615 
1.882003375989 
1.807492470349 
1.912050715799 
2.186001005553 
2.150499221120 
2.029316064558 
2.125259645903 
2.081804135028 
1.894281999829 
2.035015765485 
1.995557729988 
1.815351339820 
1.884980714673 
1.714740784225 
1.581826720685 
1.526279784279 
1.688351240085 
1.878010947190 
1.835281063312 
1.928486640028 
1.797349504704 
1.637443406635 
1.855639256652 
1.826203865633 
2.041196800588 
2.228101586967 
1.976602380978 
1.932889789850 
1.913597142850 
1.980760246356 
1.717338016257 
1.870694033877 
1.880114365175 
1.996489494711 
1.791711788139 
1.804207540037 
1.537024357958 
1.444392326066 
1.502290764531 
1.556073666531 
1.687037860126 
1.709881228268 
1.748878526410 
1.590115686000 
1.609096229771 
1.630574461844 
1.820429814763 
1.695577962865 
1.793997433599 
1.771129523506 
1.853549814383 
1.876302165135 
2.069291027436 
1.903315965067 
1.987743762313 
1.995187789309 
1.879015667730 
1.880834927838 
1.861078394530 
1.789067255284 
1.920242481343 
1.910760109732 
1.825323198883 
1.913795959883 
1.842460959334 
1.914631665826 
1.986249304561 
1.944637834869 
1.660976420643 
1.786843896077 
1.479855986643 
1.921367890850 
1.932232201407 
1.643991316130 
2.048322775022 
2.104926680700 
1.962008271605 
2.173338562220 
2.089543249486 
1.902788813164 
1.820926470810 
1.632426421435 
1.730790194195 
1.652645381328 
1.739812287175 
1.779610985978 
1.751459591989 
1.945039510162 
1.708399040834 
1.877119564636 
1.835578245079 
1.907602788864 
2.005441867902 
2.102058964182 
2.143432030453 
2.027524078166 
2.295801866481 
2.063811714883 
1.774370897252 
1.641544695549 
1.780769782644 
1.897453200440 
1.947186910882 
1.932018506533 
2.061356567239 
2.130748739782 
1.955588608327 
1.869768659996 
1.962852731252 
2.032363391457 
2.201812634820 
2.112645861750 
1.937642302443 
1.564179007432 
1.490402036790 
1.833729254537 
1.615537073722 
1.636370312076 
1.588571655820 
1.514706976790 
1.588415945128 
1.779462928767 
1.716958755102 
1.680787893501 
1.938157622281 
1.599312511063 
1.757643126694 
1.720840082624 
1.534858741532 
2.352563905225 
2.238382070431 
2.582006170944 
2.636436933934 
2.503523285761 
2.251055350612 
2.114087654504 
2.023220452507 
1.756292845263 
1.660448674862 
1.805748773904 
1.666586166622 
1.754390515647 
1.928211395592 
1.949173964069 
1.727914321240 
1.840604810475 
1.620758894657 
1.860464123475 
1.704039560654 
1.849905849463 
1.686751882525 
1.827075260009 
1.788902219989 
1.681698733131 
1.804625134129 
1.937917586716 
2.012001243792 
1.957574302015 
1.793869854983 
1.889139513185 
1.840230881546 
2.000761560988 
2.014774228831 
2.177391554381 
2.125839796923 
1.975853798348 
1.866451222677 
1.863652388103 
1.855961742276 
1.832202362369 
1.534774472285 
1.871650106904 
1.822135851265 
1.947865913702 
1.812055159822 
2.128476483124 
2.258842349764 
1.942227273327 
1.920098512744 
1.654285512739 
1.739659537988 
1.699888660270 
1.821615233465 
1.931785728988 
1.957432106852 
1.961829026560 
2.103054329638 
2.004623766936 
1.903606114209 
1.577613162360 
1.514686407121 
1.812171996085 
1.912025868283 
1.730982956655 
1.778364451383 
1.863550064118 
1.835133779899 
2.090844376035 
1.972080160821 
1.786887822702 
1.569894713541 
1.597041514547 
1.826162085423 
1.812380786132 
1.972580974290 
1.683281096591 
1.820380921583 
1.957319552963 
2.289383356882 
1.974185752968 
1.877117509442 
1.432439514437 
1.688215654168 
1.957861889855 
1.997772728891 
1.853970289005 
1.713968041961 
1.740196827467 
1.723020133569 
1.773401254159 
2.140681489699 
2.207255386428 
1.975494717010 
1.603289117350 
1.731719672833 
1.720392807341 
1.880749727805 
1.628257210520 
1.736848825114 
1.705145668577 
1.756055697405 
1.751703930112 
1.834533856959 
1.682893350061 
1.587535791988 
1.444527448552 
1.655915098589 
1.764384948488 
1.894339724308 
1.990484696005 
1.809782223274 
1.802911639845 
1.738886157074 
1.607001439091 
2.037464517820 
1.934874953965 
1.984079293237 
2.104743127842 
2.303166222408 
1.969692686810 
2.099434677023 
2.189983034039 
2.156415876730 
2.056218432417 
2.088952140593 
2.203206019951 
1.973566322390 
1.870052027180 
1.936505727551 
2.113865241362 
2.227534995489 
1.908059178621 
1.822992977470 
1.536272431446 
1.911616032189 
1.817865007360 
1.766767057489 
1.709859794320 
1.785159824193 
1.532009089750 
1.859504978652 
1.593693227799 
1.732806965218 
1.835449294165 
1.910677222952 
1.836668125404 
1.912839221416 
1.755262476268 
1.678438992716 
1.752656359394 
1.868165680713 
1.817338298464 
1.928225081978 
2.216268271603 
2.440728224014 
2.284255705255 
2.383147037806 
2.224889365289 
2.058725220558 
2.087519852977 
2.173031388488 
2.017889629657 
2.046010327872 
2.175853364730 
2.182518545959 
1.987514377149 
2.026175742005 
1.918678711113 
1.809487899525 
1.793988939299 
1.768001754166 
2.017970667312 
2.008876000989 
2.132848889197 
1.917765208183 
2.105558289100 
1.909702418255 
2.009416453384 
1.782798729105 
1.949097249326 
1.810685865507 
1.945109811871 
1.661646961675 
1.587276970126 
1.679590514093 
1.609528366701 
1.680527571824 
1.591409345325 
1.503909508555 
1.506890449057 
1.459021602359 
1.526899059984 
1.697560535571 
1.916231500916 
1.936375018006 
2.174439132284 
1.860275023925 
1.735048592043 
2.009353512005 
1.785432542717 
1.736970492955 
1.787863652519 
1.726961856725 
1.760214560155 
1.855393757673 
1.803157006228 
1.942241154538 
1.999790857902 
2.060163354804 
2.124272951734 
2.272783355268 
2.109070285411 
2.221287092237 
2.277526981630 
1.836027232321 
1.822569221540 
1.771827965361 
1.724610172474 
2.021121500036 
1.905016507837 
1.826745395327 
1.926825301757 
2.312252959444 
2.043642813938 
1.938983553617 
1.946015361926 
1.884396837488 
1.922635145220 
1.824740651591 
1.792350400438 
1.808824646616 
1.980037023948 
2.092113405916 
2.119494176417 
2.062094791331 
2.065886396350 
1.895878787770 
2.116326487512 
1.841715958655 
1.629797274169 
1.810150585088 
1.684150743222 
1.843638668014 
1.963214280887 
2.002543920357 
1.538562745418 
1.822503997024 
1.850621219723 
1.837763741324 
1.942070636210 
1.841423709080 
1.952459811737 
1.963184247907 
1.777747933398 
1.869700939722 
1.737744420150 
2.231337377440 
2.190431880497 
1.874522111211 
1.784196743670 
1.780659871715 
1.698329134599 
1.551470149939 
1.688368792735 
1.840249812771 
1.930077050822 
1.716580297977 
1.684595514144 
1.710035060538 
1.737737040337 
1.830375863247 
1.688923443145 
1.600399943069 
1.543570540555 
1.669091340018 
1.941196354388 
1.926306075275 
2.029678455057 
1.966187953616 
1.896008397958 
1.851863395439 
1.760830380695 
1.518405592965 
1.726394001033 
1.642648468945 
1.686003993967 
1.973585144182 
1.742982365568 
1.646038539241 
1.929182843710 
1.951967665397 
1.692097889051 
1.427433757584 
1.858452545532 
1.912839544072 
1.922955948277 
1.799577085391 
1.623442294666 
1.681671044330 
1.712191731558 
1.852382869482 
2.015894337316 
1.822416273501 
2.243557273093 
1.946181750242 
1.881986588739 
1.974044282234 
1.835243643722 
1.691366855809 
1.683786433883 
1.632620188527 
1.859359737364 
1.655455345089 
1.606085121927 
1.468702234076 
1.577901016959 
1.744226816788 
1.925927758353 
2.132178263661 
1.916579715561 
1.753431741988 
1.924366555104 
1.803006449070 
1.898272211373 
1.815780072477 
2.036154837499 
1.978305650961 
2.024159646993 
1.900053814725 
1.793861163356 
1.850088839775 
1.749990191259 
1.916788380394 
2.003664647325 
2.078375552455 
1.920088451506 
1.973165377967 
2.184284806288 
1.967257951389 
1.890074931884 
2.124348968485 
2.169209091305 
1.900958985080 
2.067448033987 
1.894684552869 
1.766326938487 
1.877453828182 
2.056995474295 
1.915014709587 
2.101942821490 
2.126377135856 
2.193340715840 
2.008558142450 
1.925553183169 
1.781844924502 
1.831091670310 
1.786180149840 
1.786269004695 
1.595495551103 
1.846215276512 
2.026321191908 
1.999690245877 
1.899748248523 
1.977863377510 
2.021510675812 
1.917133938928 
1.947593555163 
1.583791307734 
1.592096991628 
1.795656767100 
1.961461884456 
1.833819431354 
1.714704896326 
1.620768042952 
1.578083698741 
1.982941889431 
1.986713286165 
2.036979186696 
1.912659623383 
1.800603949222 
1.765941384265 
1.940136464361 
2.005946746116 
1.996590310413 
1.881258985906 
1.900509678345 
1.788313715505 
1.881097310964 
2.039843639611 
1.985038810438 
1.988608976189 
1.947954762739 
1.864971957608 
1.913102053341 
1.827595239678 
1.908391639241 
1.762636253120 
1.885264780649 
2.011021441372 
1.943532338562 
1.990416402220 
1.932245708598 
1.888564669086 
1.904731833275 
1.987982812372 
1.962870547478 
1.982807909639 
1.886887163064 
1.774803901331 
1.786344008217 
1.843155509443 
1.847842606213 
1.800221888380 
1.903815060775 
1.939470778540 
1.898055973054 
1.812531429895 
2.030896645874 
1.990634056593 
2.007030047980 
1.995525488320 
1.921177467647 
1.871032595895 
1.855842321692 
1.900647287070 
1.780044151486 
2.035942737619 
1.926752284195 
1.920049399446 
1.936667107391 
1.825837027278 
1.730751082020 
1.881867745617 
1.858722825304 
1.717996700845 
1.760854029476 
1.962567678611 
2.262401317958 
1.950789080860 
2.054675959559 
2.064599868409 
1.922765135106 
2.046182262067 
2.014890672721 
2.018340463007 
1.731581140221 
1.850513554492 
1.920795881509 
1.945355433655 
2.176109036170 
2.016883348855 
1.971892456341 
2.048175623835 
1.836560949565 
1.641516458056 
1.962784010369 
2.000407797789 
1.647660905714 
1.686118551013 
1.846799330539 
1.861042821600 
1.977761080233 
2.017907702117 
2.017384786866 
2.160694871174 
2.150976251566 
2.107161616556 
2.158703986590 
2.107265365722 
2.117615811188 
2.484403293197 
2.068976314239 
1.955050339702 
2.170660392723 
1.746569419674 
1.749643443128 
1.498348365926 
1.540210573016 
1.689579541112 
1.928189690359 
1.855952073612 
1.616730501770 
1.672753572794 
1.751179775515 
1.652271176815 
1.836112979359 
1.872929477922 
2.040775724662 
2.084802935537 
2.053497638566 
2.034242680230 
2.065993840021 
2.134397775924 
2.036421675428 
1.900833947762 
1.962639825853 
1.914398243457 
1.838744583366 
1.848498474270 
2.046615061394 
2.244122501996 
2.182472775681 
2.124865799718 
2.125001412316 
1.813671197821 
2.034137703450 
1.807305492132 
1.601936630762 
1.567684324381 
1.629133012140 
1.533925505760 
1.534286240836 
1.699440217998 
1.792607412984 
1.773557427286 
1.827455689341 
2.014042772119 
1.920232506665 
1.941036518153 
1.855306548077 
2.175379033759 
2.234458885390 
1.853407077368 
1.735329462790 
1.873456791725 
1.882041565979 
2.221181813102 
1.938483235907 
1.756377737101 
1.709991471046 
1.758969520371 
1.786725011260 
2.140001908367 
2.050169420330 
1.912621215347 
1.827586270981 
1.948979070321 
1.971296193654 
1.955004160342 
2.053724792526 
2.042458608091 
2.023882275674 
1.844155355581 
1.783827599097 
2.038287079940 
1.899499666700 
1.929397344656 
2.047933610496 
1.938602390228 
1.948706865821 
1.929645252828 
1.810779443526 
1.569066708100 
1.659956188809 
1.733602388745 
1.798726985547 
2.048632236865 
2.019971046260 
1.722501616365 
1.536186010999 
1.827408981072 
1.546920602556 
1.573093563036 
1.564456227538 
1.569813374093 
1.973990302177 
1.924636852669 
1.756871147475 
1.704742811783 
1.584461021900 
1.622253770493 
1.615085799503 
1.560221628125 
1.540146659844 
1.801947930549 
1.658763533146 
1.672723597773 
1.659530083988 
1.792954954925 
2.186752315257 
2.275030061933 
2.492905594687 
2.514933103843 
2.236522625669 
2.291896069382 
2.198969906192 
1.816078072716 
1.872800217394 
1.930693580535 
2.044327920360 
2.004696974773 
2.064997708614 
2.053668753269 
2.436787617295 
1.883392565649 
2.015330548708 
1.922670717264 
1.948311339708 
1.869506934871 
1.871689377378 
1.920796050509 
1.794609087657 
1.626141701709 
1.879376946935 
1.898817507398 
2.004162626791 
1.858783621148 
1.937209979913 
2.049404943519 
1.982485615642 
1.936487646613 
2.111812259730 
2.022683122324 
2.012281860558 
1.987879835312 
2.011296630776 
2.175633461780 
2.150280438960 
2.128815230645 
1.946483717450 
1.961058898221 
1.958761779382 
2.122247992465 
1.920564001989 
1.973369058490 
2.229230446372 
2.190238299694 
1.892902675573 
1.769275751832 
1.663013008200 
1.932805021731 
2.002165086576 
1.701100105618 
1.805555184380 
1.797320944805 
1.643903007265 
1.748308165332 
1.952829248311 
1.884950182407 
1.875864544678 
1.906609114534 
1.875043928124 
1.809181250464 
1.752318258479 
1.695583761220 
1.620042411039 
1.596296756305 
1.643044497576 
1.793535425980 
1.733580083861 
1.639643091473 
1.954507919957 
1.863735604175 
2.251484745320 
2.374913775951 
2.279607899327 
2.267952322268 
1.815663749987 
1.996992396469 
1.952741987929 
1.975492765887 
1.449165459974 
1.798852193604 
1.594577480736 
1.562051722511 
1.434382353346 
1.821917781009 
1.816899825202 
1.498100954820 
1.648652873861 
1.692352811449 
1.919218457686 
1.956057122099 
1.771839611776 
1.531616500297 
1.625442787697 
1.418314185004 
1.584074094190 
1.581752565872 
1.805798841786 
1.649963661730 
1.599822318398 
1.789069109113 
1.620926221987 
1.642491806463 
1.703123420703 
1.793622897316 
1.638273825550 
1.663570827781 
1.852643382688 
1.558958112128 
1.537962492113 
1.648074041966 
1.643758408022 
1.906805946967 
1.740591026282 
1.976323965197 
1.832395825793 
1.594327261963 
1.522380702030 
1.714675799278 
1.904930466144 
2.227188759750 
2.036549090264 
2.350051532397 
2.197112544746 
2.095029083119 
2.382962865587 
2.307489594520 
2.252136038302 
2.168916792903 
1.945714449000 
1.909440993371 
2.138741577044 
2.078640598805 
2.011911297106 
1.881082946544 
1.852210562623 
1.917508630291 
2.175832995915 
1.638212935521 
1.583974641541 
1.483907431963 
1.426068287067 
1.656997773485 
1.743924984689 
1.977419715343 
1.872320249865 
1.835494861558 
1.953944956690 
1.910947116783 
1.937076666360 
1.955815497507 
1.856258872690 
1.876731815170 
1.743107776441 
1.707285322950 
1.678515004485 
1.681291111937 
2.247125185603 
2.383108474288 
2.463171691906 
2.316553413454 
2.501407860853 
2.269355740254 
2.154087877009 
2.099258083171 
1.990506959539 
2.332704600533 
1.797574551860 
2.145617915244 
2.006675486380 
1.955726850385 
1.800768639276 
2.042891703072 
2.251576679190 
2.249163879396 
2.045153038094 
2.067396062232 
1.970710661778 
2.035624903869 
2.068547435980 
2.081697501181 
2.230447102853 
1.989762592262 
2.033500051507 
1.979578610988 
1.783846355788 
1.815501884188 
1.802228263924 
1.906906803230 
1.709065216549 
1.728106994454 
2.220627568818 
2.106124243135 
1.944531938372 
1.784512611647 
1.914231153941 
1.776671791330 
1.733461174994 
1.770045858671 
2.023715305046 
1.982495713541 
2.261666419384 
2.185436633319 
2.260346224994 
2.143590126017 
2.298725464545 
2.054681494935 
1.961765954573 
1.737007818173 
1.867361239145 
1.782729378353 
1.787073024618 
1.787555391687 
1.888180166340 
1.968588847040 
1.912295836402 
2.095985498558 
2.109192788705 
2.218322333085 
2.193824173057 
2.069133401338 
1.838060533357 
1.886810765317 
1.925820934730 
1.949210119172 
1.993447461110 
1.851633153473 
1.726417885509 
2.000271090368 
2.171625864182 
1.986191071231 
1.791125535178 
2.155352168730 
2.182483366152 
1.903670957501 
1.871886601740 
1.750208593889 
1.805298035653 
2.097472953393 
1.909686759854 
1.788931551264 
1.962341255213 
1.971950697244 
2.111784434516 
2.047284542281 
1.954298289882 
2.062184239403 
2.046179104038 
1.997828889935 
1.996978394111 
2.225816132422 
1.928299806730 
2.051489525158 
1.819531536608 
1.937160590284 
1.893081425222 
1.949080857366 
1.996388769108 
2.142896631295 
1.920779409688 
1.822222327394 
1.954766879869 
2.314147006772 
1.835464358336 
1.911931184118 
2.128663946885 
1.949611575863 
2.001915728893 
1.899187756571 
1.708593435132 
1.806693286069 
1.684043534047 
1.941194131623 
1.970701020267 
1.757421453830 
1.980088918801 
2.014393204040 
2.344497891614 
2.001393513761 
2.012478262060 
2.102151238550 
1.936445531272 
1.906992715718 
1.596147021107 
1.709169493738 
1.744191780733 
1.341601666366 
1.740347477950 
1.852875807727 
1.945569322668 
1.855946113381 
1.744915616183 
1.714755741397 
1.793173054336 
2.023137307939 
1.840815837831 
1.908193136787 
1.895604645791 
2.028667611354 
2.141512097536 
2.028342344854 
2.118809826441 
1.809646735039 
1.842326491271 
1.710090324833 
1.744607732985 
1.608210864817 
1.998310113586 
2.003690200074 
2.271547275988 
2.338497591566 
1.876844594785 
1.865370137697 
1.866143721169 
1.891684167692 
1.938531918719 
1.826025074343 
1.705047486059 
1.952969721546 
1.979173364110 
2.010805185227 
2.097177472670 
1.966613205221 
1.983289720809 
2.116610654614 
2.100440074252 
1.905149777692 
1.990386733692 
1.997342333623 
2.098102668250 
1.956667962541 
1.950926828232 
2.033598128328 
1.826247416127 
1.788074944826 
1.810485778818 
1.727411338808 
1.700638140216 
1.837569629003 
1.924371214472 
1.983868540935 
1.914801456933 
1.895578359096 
1.780605769848 
1.864108797263 
1.883618268613 
2.091338691315 
2.005753330530 
2.132995527125 
2.220072456922 
2.085712452795 
2.202640876571 
2.061981170293 
1.978692430222 
2.033244034203 
2.000062974708 
1.746473165381 
1.900977286136 
1.904454848666 
1.971151282488 
2.052993975271 
2.025571620541 
2.048298344644 
1.943426493289 
1.969023268245 
2.013421427145 
1.988571767477 
1.989858480774 
2.028204338289 
2.017845076228 
2.004243045013 
2.143814191538 
1.968389801185 
1.950977649549 
1.938147413745 
1.991020421443 
2.003550204518 
1.934783163077 
1.963089470132 
2.064433022122 
2.009449618209 
1.916233219481 
1.870272639490 
1.970232261671 
2.053628247667 
1.999972122059 
1.982081133958 
1.991271332556 
1.818159637967 
1.840566509399 
1.920954916608 
2.018729890395 
1.955516376218 
1.794900305375 
1.806409385127 
1.763734639404 
1.715106151643 
1.799007480215 
1.782551218206 
1.759472207057 
1.732843368885 
1.761364871842 
1.792192127317 
1.781763475555 
1.751262985100 
1.743679668080 
1.735921396101 
1.804077872436 
1.824255482340 
1.817881223783 
1.810958261032 
1.827395075621 
1.809506507802 
1.742033136944 
1.752441208754 
1.741634539799 
1.800182791906 
1.830624893412 
1.855606544961 
1.938567168939 
1.891649387929 
2.000406814694 
2.001871724354 
2.073695416831 
2.199156502677 
2.169721863658 
2.201626727579 
2.220131234073 
2.073564429231 
2.136456505291 
2.200992464199 
2.035667489031 
2.064267364093 
2.050633002105 
2.114647266968 
1.965268431936 
1.900842834230 
1.984880446114 
1.983009859389 
2.012112503402 
2.010454688857 
1.932457335340 
1.895230327768 
1.904633119741 
1.922859655642 
1.843762479222 
1.826507518117 
1.809709093131 
1.828924522690 
1.833753782105 
1.876603759230 
1.880337975792 
1.907379863585 
1.852011866076 
1.947007754060 
2.106863347697 
2.065348055110 
2.027663124408 
1.941149278954 
1.855500549048 
1.869592810457 
1.888100253580 
1.870658876304 
1.873998196228 
1.811130536090 
1.852172143683 
1.874483843140 
1.811539354207 
1.802346967490 
1.864252813796 
1.903375917282 
1.936950465897 
1.933666250337 
1.928521882919 
2.063288222232 
1.953817476906 
1.957753016394 
2.061104987039 
2.053551326934 
2.205041180025 
2.148009156708 
2.160420007574 
2.210626224488 
2.210525442394 
2.240798185869 
2.158968708493 
2.142691634366 
2.123560262094 
2.110854542031 
2.046815890743 
1.983148296771 
1.986064029890 
1.892344609695 
1.824373881023 
1.867343585566 
1.905191404892 
1.891802884540 
1.936152047504 
1.872699173676 
1.843923661561 
1.773608305790 
1.733382620097 
1.696013214980 
1.771721776278 
1.823116448708 
1.765453119534 
1.822980942411 
1.759132517308 
1.780823074008 
1.811222305698 
1.741041873007 
1.670559004687 
1.796778377680 
1.848047354904 
1.866999238556 
1.852527881347 
2.006927702580 
1.980020543276 
1.967303351103 
1.904579091854 
1.929528813104 
2.047802872779 
1.965233761727 
1.895851938367 
1.876885360911 
1.934761230785 
1.988462549071 
1.965307430153 
2.000037734218 
1.982941268304 
2.012737547682 
1.959503862666 
1.948579592137 
1.954551316937 
1.901625945891 
1.841311872493 
1.757670578834 
1.828075996831 
1.836781460350 
1.801748726484 
1.683457104192 
1.770566334319 
1.764828607599 
1.684575836918 
1.728797495518 
1.514539965592 
1.561513273095 
1.600281227759 
1.535025875930 
1.508848720092 
1.561650220906 
1.581952825917 
1.620010036202 
1.484110613555 
1.443028732084 
1.405036627634 
1.425152708852 
1.507913899699 
1.462267834527 
1.506687386325 
1.547072441882 
1.557900581873 
1.669645825568 
1.653481082067 
1.735424325976 
1.713242547691 
1.765847343349 
1.786254460598 
1.817891798399 
1.918183655448 
1.981294589997 
1.990593635382 
2.030566165719 
2.012307539196 
1.994993561639 
2.149530030616 
2.144485602046 
2.175955177576 
2.310446469699 
2.170822526598 
2.122215986860 
2.153953448797 
1.975331866292 
1.889392575528 
1.865931478885 
1.888698979059 
1.918972178413 
1.949893410098 
1.823888533439 
1.818681270911 
1.751096998518 
1.846071722269 
1.817557210394 
1.805235958400 
1.794790355411 
1.863740077864 
1.793887396958 
1.714266523611 
1.715668088456 
1.866804290250 
1.879262047792 
1.867139519398 
1.902471466202 
1.878437112043 
1.845879456458 
1.860580047006 
1.798690937398 
1.821569578723 
1.819654707177 
1.819181374141 
1.797396197216 
1.745820728686 
1.771229899949 
1.749063254890 
1.818185950644 
1.819423880317 
1.908681867557 
1.960668919557 
2.029228243181 
2.024242471682 
2.152328836434 
2.155372916074 
2.035002136516 
1.907146128617 
1.895089716823 
1.836032564968 
1.892099205489 
1.985632018504 
1.928125120543 
1.794088263497 
1.814158454072 
1.780799416816 
1.811073100057 
1.808375267464 
1.841369954694 
1.834952264106 
1.930969008532 
1.929868523287 
1.870985267960 
1.846358800962 
1.973694948605 
1.970662796838 
1.950485061527 
2.069990664158 
2.024232673832 
2.050855207644 
1.988070053360 
1.816395565015 
1.882365820342 
1.871926483908 
1.840141983082 
1.836469231904 
1.810126184614 
1.796650671674 
1.755097001641 
1.878717075855 
1.823843921405 
1.830417003632 
1.819300192733 
1.934631159700 
2.019669454829 
2.037389281645 
2.054522406142 
2.059779439135 
2.199855229370 
2.236767991417 
2.088009400151 
2.140164178544 
2.127268121739 
2.097576163982 
1.849360936399 
1.725227866121 
1.681192457212 
1.675826542025 
1.735363246150 
1.963844090259 
1.939779878200 
2.062528776034 
2.160477255753 
2.177105433562 
2.177320385410 
2.120986914111 
2.171938660002 
2.216097654150 
2.081937727742 
2.043963392568 
2.013418032469 
1.844966045606 
1.874236845949 
1.862425081309 
1.877356955255 
2.226815325459 
2.191655879957 
2.231626229469 
2.146098202387 
2.127026365299 
2.197815775853 
2.072952610364 
2.103818529375 
2.152096556858 
2.044561205394 
2.152368458487 
2.160327850675 
2.169623091692 
2.149715212624 
1.990165477047 
1.976322655628 
1.761924363962 
1.647873428503 
1.777446916808 
1.809147892537 
1.748880512000 
1.826620826854 
1.734335848129 
1.723122675764 
1.742344400236 
1.718561308013 
1.767645130866 
1.761264230208 
1.740000229001 
1.734299321763 
1.788809844739 
1.653074793952 
1.665591659612 
1.724420830821 
1.828894075174 
1.846306672336 
1.759293182761 
1.816988775491 
1.804447760784 
1.775585249555 
1.824875213925 
1.828965724099 
1.773314862114 
1.748743279487 
1.759643303942 
1.586589991332 
1.893239723956 
1.889540660794 
1.773626333276 
1.618795453834 
1.833466048009 
1.551930529188 
1.660084731961 
1.828131050364 
1.799409121457 
1.825136981099 
1.926728501613 
1.818873136462 
1.952639869659 
1.845749113128 
1.768628303405 
1.636742915884 
1.936707790286 
1.980181525954 
1.648661910475 
1.591044462441 
1.484007388445 
1.596425153919 
1.769151030320 
1.771974825881 
1.702329559393 
1.667766007130 
1.701321814212 
1.937788284477 
1.775823619348 
1.835083635251 
1.598128359720 
1.614768072071 
1.532334941263 
1.664532353967 
1.827188495601 
1.959929757941 
1.873912297896 
1.640119370705 
1.717129557598 
1.639074269461 
1.485421613452 
1.706925785553 
1.768531186600 
1.980460379837 
1.943977446655 
2.228790862416 
1.746965076306 
2.001842263840 
2.111747227197 
2.178343242081 
2.005050158330 
1.969897999651 
1.911229112445 
1.909281757793 
1.593489026754 
1.684604621834 
1.692043741679 
1.731986881434 
1.682789670101 
1.569590842350 
1.693370914298 
1.657527351028 
1.619657503961 
1.618716508911 
1.752725423937 
1.664987155805 
2.048539413267 
1.986870334326 
1.970602369784 
1.957876853897 
1.632473193842 
1.681550836805 
1.624165457898 
1.796341553214 
2.068386489832 
1.924476072623 
1.869915951693 
1.818040916070 
1.949332802722 
1.902950017822 
1.939892311855 
2.016126409317 
2.001183823404 
1.795622671703 
1.844336090466 
1.782989320855 
1.746654635121 
1.724191158622 
1.759778827873 
1.780351074276 
1.594341784944 
1.694208254112 
1.748139851675 
1.936758866463 
2.005108854350 
1.963087949902 
1.979530874913 
2.106432935038 
2.025939852031 
1.872161517820 
1.873686989473 
1.925871340298 
1.764980519235 
1.694127200941 
1.827717648731 
1.662961912422 
1.527229806670 
1.685905734048 
1.610335465413 
1.527850150617 
1.488721906308 
1.667326465383 
1.758051147364 
1.750586334107 
1.751022150386 
1.638085647285 
1.794811654873 
1.901407640103 
1.847572290746 
1.804706924482 
1.894707707493 
1.756903215905 
1.808382879737 
2.075205861620 
2.013513595833 
1.899390236868 
1.866117229946 
2.044466914586 
2.045603879877 
1.997433563496 
1.989654966387 
1.809389650242 
1.742200414552 
2.021818685503 
2.146480329604 
1.968484561429 
1.828112848184 
1.908512013028 
2.081930105388 
1.896534140352 
1.551168231889 
1.657255543697 
1.571839863469 
1.565992998581 
1.622435187821 
1.756345427183 
1.707631074862 
1.759950164139 
1.753904288559 
1.608513016053 
1.807611444158 
2.069986531489 
2.083360542982 
1.870199803858 
1.794094741241 
1.581564556084 
1.963244758393 
2.083176743560 
1.871985259577 
1.756060975776 
1.636599258328 
1.743575071186 
1.800121649257 
1.692774650225 
1.743944351566 
1.695014252277 
1.720906162165 
2.013660378628 
2.090572302865 
1.765574547270 
1.923564081163 
1.800986598256 
1.804192161292 
1.749650075244 
1.623016491623 
1.592473732210 
1.871841882533 
1.540779945564 
1.641250716994 
1.773708977237 
1.632621040089 
1.789873209897 
1.813811756764 
1.803038598719 
1.727577874539 
1.920457884364 
1.720215191074 
1.676104267624 
1.639899181671 
1.850134919655 
1.843662406082 
1.851139522236 
1.760907362496 
1.806349049931 
1.801048625733 
1.742697962310 
1.712475047655 
1.849932545012 
1.824419784959 
1.750789302601 
1.691287643228 
1.657616771920 
1.345491240222 
1.387574177343 
1.588331361528 
1.984021951704 
2.010540581594 
1.827047273775 
1.739713882251 
1.828039667335 
2.133574383181 
2.268484395606 
2.087126895776 
1.839350330510 
1.964500197406 
2.019434650858 
1.841433226654 
1.638657544642 
1.683380416843 
1.742080523857 
1.869244321449 
1.916369335164 
2.058762600935 
2.137291456615 
1.982868409079 
1.994347317134 
1.869775295467 
1.754599302168 
1.654849762576 
1.658762342507 
1.694606693906 
1.655841411927 
1.679295570822 
1.730213529320 
1.569381128346 
1.477223243727 
1.921281757326 
1.849588265642 
1.877798148134 
1.950721056913 
2.014547850255 
2.023556704283 
2.183853652790 
2.112165024540 
1.813007629635 
1.826247543090 
1.845474494913 
1.509887609652 
1.416009147874 
1.537298552943 
1.395566147968 
1.599464347895 
1.717610144227 
1.834795480429 
2.209545923001 
2.042018279910 
2.042149034084 
2.004344794298 
2.079518818101 
2.028441257651 
1.859196040670 
1.942617317275 
1.980588778839 
1.833172666465 
1.697145667955 
1.714332403685 
2.081963532412 
1.986484702271 
1.727024626403 
1.753688991713 
1.900074121928 
1.821372418491 
1.752748496903 
1.699970201078 
1.741492256943 
1.578690920827 
1.791904666573 
2.024906847539 
2.346211889893 
2.375713299480 
2.359979990916 
2.387211309238 
2.507279043515 
2.461499705781 
2.124980135843 
1.678193872103 
1.877187042938 
1.723027034278 
1.772401881324 
1.949335777901 
1.829187403044 
1.805346992962 
2.122532273018 
2.034767202374 
1.974020266528 
2.155203914684 
1.915365184866 
1.982652697363 
1.927854157071 
1.770966557135 
1.833033965386 
1.872896191051 
1.806325793783 
1.757272625808 
1.904959207900 
1.724541676442 
1.945536231520 
2.024938438583 
1.918805423958 
1.817658849289 
1.897403444956 
2.048474869012 
2.225913938616 
1.932937264611 
1.942529220998 
1.757984738940 
1.844877801237 
1.919174359657 
1.882786470997 
1.793366919579 
1.792217473686 
1.885061918929 
2.285183153921 
2.322345006992 
2.133012156610 
2.199098700906 
2.141462534444 
2.017656264718 
1.633760612337 
1.812514593165 
1.986034983393 
2.139580039723 
1.923132495242 
1.968287695297 
1.772438602848 
1.750243201219 
1.702054164565 
1.693134293317 
1.838946930083 
1.767045319845 
2.057756800400 
1.788291341087 
1.831900364600 
1.681003392566 
1.628508997443 
1.560074188118 
1.561475361885 
1.844409892635 
1.920503047188 
2.038389074399 
2.144126547511 
2.123696783229 
2.097300659875 
1.820415866901 
1.979379875275 
1.957074697750 
1.840703809998 
1.769481900518 
1.794576157439 
2.005639182677 
1.969464797860 
1.831113404788 
1.754136060854 
1.868275950804 
1.752260378372 
1.746922451963 
2.011631624576 
2.005721647486 
1.744785453292 
1.900348698339 
1.951136467530 
1.951601335111 
2.016225266867 
2.292309396032 
2.155681168573 
2.078418680464 
2.159899389461 
2.351990662939 
1.879903465414 
1.825596216765 
1.767610013950 
1.469838252283 
1.603247741179 
1.645307061581 
1.743074878053 
1.968757688295 
2.287756345682 
2.422027133580 
2.228572890417 
2.259448443533 
2.195157527210 
2.368066963629 
2.246026395180 
2.407828677613 
2.383638241438 
2.588904966998 
2.193298894664 
2.185417358832 
2.224152930060 
2.172000987099 
2.032275112039 
1.958198487975 
1.882389581936 
1.873686657943 
1.934095755505 
1.948778578680 
1.784488575410 
1.709911648735 
1.668414073530 
1.850396062699 
2.259551834797 
2.265487083522 
2.007159978786 
2.368507182813 
2.328428684992 
2.649385484488 
2.368455548993 
2.370446266390 
2.187331560344 
2.332412595142 
2.378546181195 
2.121128111796 
1.892459058738 
1.940555981747 
2.059159209866 
1.888604602892 
1.846941148830 
1.831168320334 
2.061548822802 
2.006809069750 
2.252130552232 
2.126078742961 
2.019752819697 
2.223087490901 
2.198495352811 
1.886859029078 
2.080509381899 
2.151551292846 
2.038294732469 
1.959732984376 
1.798832783303 
1.744191191296 
1.775148762647 
2.002701876549 
1.896107084643 
1.928723093358 
1.993366049869 
1.998927943141 
1.960725296460 
1.760522556913 
1.935004513866 
1.944487288874 
1.884867442871 
1.727771239707 
1.567151533344 
1.652746442320 
1.614989771539 
1.679462450859 
1.650119735560 
1.749634654845 
1.714474271140 
1.648626437817 
1.704747658614 
1.747510052569 
2.031576602033 
1.919505850823 
1.939746783299 
1.856807223630 
1.966325165460 
2.084696146544 
1.854145102011 
1.753047837958 
1.801363811945 
1.681093604614 
1.796005748992 
1.927117584973 
1.908347539545 
1.839532602692 
1.669811495431 
1.911064747506 
1.973553973908 
2.107405736802 
1.659077004583 
1.711760389084 
1.593590521013 
1.724305484976 
1.890052040434 
1.951622792699 
1.872357779928 
1.923024382106 
2.016831625954 
1.923221047592 
1.749431951318 
1.855113925746 
1.933029487897 
1.930764745795 
1.933301717020 
1.785969029239 
1.854385477517 
1.690751217402 
1.859726429243 
1.882218855166 
1.730335848448 
1.719976759748 
1.846289217067 
1.611674956238 
1.692469245635 
1.776718129966 
1.778309064812 
1.902182520642 
1.892117358024 
1.976283779555 
1.821821031786 
1.906816114640 
1.988739330757 
1.921283901138 
1.924697798551 
1.784538043311 
1.842702140267 
1.680762505117 
1.617787823143 
1.605707692734 
1.623771903940 
1.631975841342 
1.632804693549 
1.796793562689 
1.600749315591 
1.701280275944 
1.538001098863 
1.459904547848 
1.549605782108 
1.570957775582 
1.741026488602 
1.697834701858 
1.774942435118 
1.784970028026 
1.745702350631 
1.682732396075 
1.780389166827 
1.834237586603 
2.062949528918 
2.045961236726 
2.044842432085 
2.042724948528 
1.947701310651 
1.956568140708 
1.845548657305 
1.821836310617 
1.581928246835 
1.786035992336 
1.952545295173 
1.909245494533 
1.869331499064 
1.915883616806 
1.942621778310 
1.735860611526 
1.575375024200 
1.821303240830 
1.919740197422 
1.792658566147 
1.849175962959 
2.012736273439 
2.218823064297 
2.241460364167 
2.270926757467 
2.241899294206 
2.073962813616 
1.816253282120 
1.763428410284 
1.631495143432 
1.760418087567 
1.728063782557 
1.694099150934 
1.775958646252 
1.908198818522 
2.126804401201 
2.132262388790 
2.259498228089 
2.022898190303 
1.728759745746 
1.946370856951 
1.946876814909 
1.571287838864 
1.453054673892 
1.848121626898 
1.659990181162 
1.959546002806 
1.970678370673 
1.968017841450 
1.787215284658 
1.766805946113 
1.753377161348 
1.824050956804 
1.589012482489 
1.496183389359 
1.668439479597 
1.584647891903 
1.537896907119 
1.570195220917 
1.785989683412 
1.829988348110 
2.239195545585 
2.125655735810 
2.025630474250 
2.103825490515 
1.824054655408 
1.772970153934 
1.783107635037 
1.843556353763 
1.941444867389 
1.724413011084 
1.603344889643 
1.703571766507 
1.592662701563 
1.668444244195 
1.622701385027 
1.803955783464 
1.848752248850 
1.792784799031 
1.805353724973 
1.710404271694 
1.745336569387 
1.810033389482 
1.785469330619 
1.668907919545 
1.764816496037 
1.761398648228 
1.657257329730 
1.672647309252 
1.757300002578 
1.802250976709 
1.910382349324 
1.923052311507 
2.065606173429 
1.964375244850 
1.815055158812 
1.703203149261 
1.732420374692 
1.576985106384 
1.577123488522 
1.832299647540 
1.873477597975 
1.931590632925 
1.993339761188 
1.941675660624 
1.994157399662 
1.642443132848 
1.880798889255 
1.890132684613 
1.929328451902 
1.856168377568 
1.867893575095 
1.807310442879 
1.830386598803 
1.742638443717 
1.782556967120 
1.718690808306 
1.738973825858 
1.846160673356 
2.255184438170 
2.136407855880 
2.088762853149 
1.835877548584 
1.603296093081 
1.784053752816 
2.041106895122 
2.137110130039 
2.235603313697 
1.847082482131 
1.776822293286 
1.776881972047 
1.696907759882 
1.712955872816 
1.893107018422 
1.953623674805 
1.816174377618 
2.005174793226 
1.894993411596 
2.210907415424 
2.302062863631 
2.413983756699 
2.270021318411 
2.411675016474 
2.119549857256 
2.562946972027 
2.633650876078 
2.068877928958 
1.785401322549 
1.636782226807 
1.494486173830 
1.703920680040 
1.664299156350 
1.926264413007 
2.011183592173 
1.777341259212 
1.943522050557 
1.791022515485 
1.959497485571 
2.120764280452 
1.802407494569 
1.702984790552 
1.798485910856 
1.941288056625 
1.812907918177 
1.854115001913 
1.993716176469 
2.019184222983 
2.072531887954 
2.135624147527 
2.375696880625 
1.873826806159 
1.902782298008 
1.857350625920 
1.880097145508 
1.998103206712 
2.082454755978 
1.966056160021 
1.739452696174 
1.698997617930 
1.951681530710 
1.926115090712 
1.823195945377 
1.844916147638 
1.962860357783 
1.840260290323 
2.041674118348 
2.003007046621 
1.854597949424 
1.852761331196 
2.045839584377 
1.829901847654 
1.702031594643 
1.839681647410 
1.931983173422 
1.939263216610 
1.883772116272 
2.020123693411 
2.201870130560 
2.251389419393 
2.289964063534 
2.129035587725 
1.920999352792 
1.805875914027 
1.757464282060 
1.873302462547 
1.872299865512 
2.118809513410 
2.280667453303 
2.179997389838 
1.630540694711 
1.614127989972 
1.522566403629 
1.749984582538 
1.730987893897 
1.613943760988 
1.659038681246 
1.598648214754 
1.548649788829 
1.531745727817 
1.904848523513 
2.105422190532 
2.326822588485 
2.233964707652 
2.483080198655 
1.832362697087 
1.850757316601 
1.757383755128 
1.671455806784 
1.616732044085 
2.005928209769 
1.862493224012 
1.903222073548 
1.702600874623 
1.663061383892 
1.657883799691 
1.777912709723 
1.777036186442 
1.839123668086 
1.761655141654 
1.792620432732 
1.754628899784 
1.782520363462 
1.811327214057 
1.812853454491 
1.681736007833 
1.625165492819 
1.754405628142 
1.720902757059 
1.724139161975 
1.887517073379 
1.628987812348 
1.729788029937 
1.784154818616 
1.790238092164 
1.644489776960 
1.603007868150 
1.445156537252 
1.690636539136 
1.685654348941 
1.626690596714 
1.668870220700 
1.631703981264 
1.715890172728 
1.698781088853 
1.485279045601 
1.941562222684 
1.948433424982 
2.015645429609 
1.902397317628 
1.736046453448 
1.887697011815 
1.957924859587 
1.785414402857 
1.835603545311 
1.800849564101 
1.593214733356 
1.875701145477 
1.920869929164 
1.877088761009 
1.840642633592 
1.817582623962 
1.950795848070 
2.074667658766 
1.976070937534 
2.169336896240 
1.921346329412 
1.917595831008 
1.892367406640 
1.996264912799 
2.082756227368 
2.141530923643 
2.219162663722 
2.095685828128 
2.014566200702 
2.066863014691 
2.135003457056 
2.310440805568 
2.038309014044 
2.047381801816 
2.099345615477 
1.960127756521 
1.884730318751 
1.989033325728 
1.879437224280 
1.850410467588 
1.818783029460 
1.747469319845 
1.796161214373 
1.645305129110 
1.791197230499 
1.759667012464 
1.725266990849 
1.619181606850 
1.799773984166 
1.833910594751 
2.029086031266 
1.922638901386 
2.100932962110 
2.128092011302 
1.945904669841 
1.923498556852 
1.827216913074 
1.793993373374 
1.639016585212 
1.797844733772 
1.899778053431 
1.636901875162 
1.508315284041 
1.578892716388 
1.472185063801 
1.647364919430 
1.681679386047 
1.714771466435 
1.618284756671 
1.575303605167 
1.595353936471 
1.893571467323 
1.829128917812 
1.862386397461 
1.913437132407 
2.070641398286 
1.924345005482 
1.888927885465 
2.119186911052 
1.816410899177 
1.536416499984 
1.745332547460 
2.081019672266 
1.803099113128 
1.586373141450 
1.609068265166 
1.644031796892 
1.552885283646 
1.681431137186 
1.775257901948 
1.792907544634 
1.784278886374 
1.937732194176 
1.611854463819 
1.707988354655 
1.621626367825 
1.752725214069 
1.865288275098 
1.865832887821 
1.758316656746 
1.668614160991 
1.583712282398 
1.924684557164 
1.703047486240 
1.689415589841 
1.516625106085 
1.738555595759 
1.749773357423 
1.658447743716 
1.612042461878 
1.424738491343 
1.539725053903 
1.577690277164 
1.702060654125 
1.667963044043 
1.902715309386 
1.907896947877 
1.840214806463 
1.756888631591 
1.513616455239 
2.210983211840 
2.544335156866 
1.963483345542 
1.899233959814 
2.082199327209 
1.775733754386 
1.780842230657 
1.900573874702 
1.870875549234 
1.907779652282 
1.898792786536 
1.900700152976 
1.919237878852 
2.031937038832 
1.868046690565 
1.753011987372 
1.943414123584 
1.941157771322 
1.654221814242 
1.812534641050 
1.957121090938 
2.015420225195 
1.904721111246 
1.984105817886 
1.698831706921 
1.848994171696 
1.642103847922 
1.707638232613 
2.059453244554 
1.976121820210 
1.842869553122 
2.047908498251 
1.953994755007 
1.827333264325 
1.466852724986 
1.794277459199 
1.557661421019 
1.596085561452 
1.875545623412 
1.812403745009 
1.725323531849 
1.863318642121 
2.069569235739 
1.824125630643 
1.842769244427 
1.894369337705 
1.640533064669 
1.599102352103 
1.794850960393 
1.747041319870 
1.823332742750 
1.799609195046 
1.739077887446 
1.758744899739 
1.751343783274 
1.799527146842 
1.592831862298 
1.582763650975 
1.518428578722 
1.743125507350 
1.766963089854 
1.772862655666 
1.803516069858 
1.839883223189 
1.803684257436 
1.846529585895 
1.657844882913 
1.679938453057 
1.686538857579 
1.835723874993 
1.910974312110 
1.910826398443 
2.019106434245 
2.057969430355 
1.928460830866 
1.653484031849 
1.481987596919 
1.841139280798 
1.921289231087 
1.953299551310 
2.056663742594 
2.131460882068 
2.071390604086 
1.932909344263 
2.095723780995 
2.002871052144 
1.925890602564 
1.931305691193 
1.764925185922 
1.857902664864 
2.081768363316 
1.817794952903 
1.689076383276 
1.759781371976 
1.718502828473 
1.809358993772 
1.817331741457 
1.683526663296 
1.717966773103 
2.069582072286 
2.038270519074 
1.726647522064 
1.849079980461 
1.810313897170 
2.005383120005 
1.979662923616 
2.047821476595 
1.997882918223 
2.067058142149 
2.046949628352 
1.776586467131 
1.748389651427 
1.531459623810 
1.591400351122 
1.510428591606 
1.635808171545 
1.650375022156 
1.608562293033 
1.784437596195 
1.639450728296 
1.879271343270 
1.808419793355 
1.703922308908 
1.720066871635 
1.756379900005 
1.926803233972 
1.806244047313 
2.139341450669 
1.895589367541 
2.145652147790 
1.935465498456 
1.774265509648 
1.594270091793 
1.867232936801 
1.828698806940 
1.837057365569 
1.843902353975 
1.793638969170 
1.994146875551 
1.709502900840 
1.577525697280 
1.821684335475 
1.779856227514 
1.804479931276 
1.758045749993 
1.653168607003 
1.747465624308 
1.646016613414 
1.533642646900 
1.648121402332 
1.535464094283 
1.526361286154 
1.617165101001 
1.775628525006 
1.563637962805 
1.903076834943 
1.840731625660 
1.659952614820 
1.878082644386 
1.890293642778 
1.918174386126 
1.871087832860 
1.878796659619 
1.788102743821 
2.047158957803 
2.029486442221 
1.996906767958 
2.181762251279 
2.107407394743 
1.838534801647 
2.088428706417 
2.283282147544 
2.129773521014 
2.212335100062 
2.214891509902 
2.090988469793 
2.095656762747 
2.013122437043 
1.992462830856 
1.924894109378 
1.755479069748 
1.702194515843 
1.972068681510 
2.054015903226 
2.171498951164 
2.782245107935 
2.269412947935 
2.262932716209 
1.935680275532 
2.085191673486 
2.230209074237 
1.976627030199 
2.078505354490 
1.898329170012 
1.863055629217 
1.978345135618 
1.974739707543 
1.814841473593 
1.719425285328 
1.797847590790 
1.794015650626 
2.155727207224 
2.010861446704 
2.227629124575 
1.908838648696 
1.782965389566 
1.823531557908 
1.747892047332 
1.807552888257 
1.755000740547 
1.634497038999 
1.585174694968 
1.659650008837 
1.652185524232 
1.865494421250 
1.726619606172 
1.628280931161 
1.640225316622 
1.775090005506 
1.859952098414 
1.779572023601 
1.669061014598 
1.758780297987 
1.711505900764 
2.036655415125 
1.920920614614 
1.814695090649 
1.723951009171 
1.741208423552 
1.758867215749 
1.848246136182 
2.125262206953 
1.942695571605 
1.736938126397 
1.429104869341 
1.690203884735 
1.625764763795 
1.879524576694 
1.947668299758 
1.998638755171 
1.852865506725 
2.095138525864 
1.859382855729 
2.071407437088 
1.942168881050 
2.171629999635 
1.970408468178 
2.333055283300 
1.925121879656 
1.927413794807 
2.029486454927 
2.088907031544 
2.022956412928 
2.239924262445 
2.140838299791 
2.072976580892 
2.089972245695 
2.116694657174 
1.907562764751 
1.839685994547 
1.881744100422 
1.855798746169 
1.825651427055 
1.951236574257 
1.900380798426 
1.832870084401 
2.026827237804 
2.001665275673 
1.925797245666 
1.870794261581 
1.921627596588 
1.655384972393 
1.596673145589 
1.739960409001 
1.913735402215 
2.246128007265 
2.197237116516 
2.020265831043 
2.371344294597 
2.194987808576 
1.940425425857 
1.939540707619 
2.091730512073 
2.260176544869 
2.102834024931 
2.213084185025 
1.739112954843 
1.771711259050 
1.597556299375 
1.594404376022 
1.562186236260 
1.559073530858 
1.619274723683 
1.654311920506 
1.580666479785 
1.542891444204 
1.523023956521 
1.676100840082 
1.685898585456 
1.711778010429 
1.766184166871 
1.783624766750 
1.759291457775 
1.795676480666 
1.804714514187 
1.771510269732 
1.625839107660 
1.665749647170 
1.620755481626 
1.759421382293 
1.863558348742 
2.103961688160 
2.014363585583 
1.745382833817 
1.646144550117 
1.781487540818 
1.813944457776 
1.697596226319 
1.906837738022 
2.088453655060 
2.008441364466 
2.051356189608 
1.947169225624 
1.868288383948 
1.746912269648 
1.804942435127 
1.583732954161 
1.557531763580 
1.509661862854 
1.643637036664 
1.834529465224 
1.808132626554 
1.728089292818 
1.723969396484 
1.722874692967 
1.757451818801 
1.721699173419 
1.913744026735 
1.808280848930 
1.802814976565 
1.743860438922 
1.757054299287 
1.683429646741 
1.787931054969 
2.011031554067 
1.957090160720 
1.879502055914 
1.715339312007 
1.901691235314 
1.528751117177 
1.834786108674 
1.964981910659 
2.058716928590 
1.888887119737 
1.829995850843 
1.776225667390 
1.729880657230 
1.813595366224 
1.764636071598 
1.663164953175 
1.723072865757 
1.918458417601 
2.008781604299 
2.088777017177 
2.026349816721 
1.747377170078 
1.648742179849 
1.658703733186 
2.014779527469 
1.879748526039 
1.913871139379 
1.870754457999 
1.875637898146 
1.707018789298 
1.660246618219 
1.677529008163 
1.766631393883 
1.939305653761 
1.961566557217 
2.107955218350 
2.033250217336 
2.004404809261 
1.894443425838 
1.936066222901 
1.968687276155 
1.843356788784 
1.792562829813 
1.792306560998 
1.769179966883 
1.827692631864 
1.876867061998 
1.596185496513 
1.632392665849 
1.653496439261 
1.793153294830 
1.749224517277 
1.779069794410 
1.767107495427 
1.783731287954 
1.666879341477 
1.702798973716 
1.485429499706 
1.558933448686 
1.617366027895 
1.821074856477 
1.737035545101 
1.915005946522 
1.855400253715 
1.796078806976 
1.852754755270 
1.968715043099 
1.964474115417 
1.970989085104 
1.873934814739 
1.840362039992 
2.056302972731 
1.883715103406 
1.633862722936 
1.804946281022 
1.882637263908 
2.059194868985 
2.001349844195 
2.067701584304 
1.694052434963 
1.848117772400 
1.673633481224 
1.646668575170 
1.736474134751 
1.617598854938 
1.794482246899 
1.559787896859 
1.418503608134 
1.679244526776 
1.819136079933 
1.878247336447 
2.130823829724 
1.986615296625 
1.695542058540 
1.673385724903 
1.552364134269 
1.916455270384 
1.912244066892 
1.632856008682 
1.662078157958 
1.586343873277 
1.650006198031 
1.798470255580 
1.700968768988 
1.935133605273 
1.907303757764 
1.849791041561 
1.776360464141 
1.723653912249 
1.778117760275 
1.773690839026 
1.755708719207 
1.757557381372 
2.065839025975 
1.751410055128 
1.815691193623 
1.820033169182 
1.836330261124 
2.024524942843 
2.146587338467 
2.350426357696 
2.231612628634 
1.854033523165 
1.739802118676 
1.767968510299 
1.676253431366 
1.883364637170 
1.736048285717 
1.584493347655 
1.665067914716 
1.850294470678 
2.122688829623 
2.361017335254 
2.035521513886 
1.787742502732 
1.913957560112 
1.672509612365 
1.660222722387 
1.521197269478 
1.643357858003 
1.781322463267 
1.851378766433 
1.960049018755 
1.924476270164 
1.854012416010 
1.733306257777 
1.728258383029 
1.629716374561 
1.632924805900 
1.765072413646 
1.825778453425 
1.843037652559 
1.952006444202 
1.867158890305 
2.085025282601 
1.901987638827 
1.664924685429 
1.667680491678 
1.761404889999 
1.757210084091 
1.756056825700 
2.055229778378 
1.956077958491 
2.461298848153 
2.304258575636 
1.907571175622 
1.975217238594 
2.045513355155 
1.893347087371 
1.855031205068 
1.915415165728 
1.757712246482 
1.684095628972 
1.764450101174 
1.945648455381 
1.761533159438 
1.953768502644 
1.841274182309 
1.656112519974 
1.820505770249 
1.971897825617 
1.962189483101 
1.868280408272 
1.788180677462 
1.938103425676 
1.738758958976 
1.902932754815 
1.936313770747 
1.925818503374 
1.831860318265 
1.555565663167 
1.686205858864 
1.737767052752 
1.768332934569 
1.684971047600 
1.831729076233 
1.907962636106 
1.971929055511 
1.852734431194 
1.732548177337 
1.825258193716 
1.833782247482 
1.736603577954 
1.779966161549 
1.651372643369 
1.536977885428 
1.606262602785 
1.738863682567 
1.902736516863 
1.632711962266 
1.644131585077 
1.616521114730 
1.782809360036 
1.806887250105 
2.092111451308 
1.945248061357 
2.053968735760 
2.134449337643 
2.229896282757 
2.203420931586 
2.242788629547 
2.109958781452 
2.170375025415 
2.156725138697 
2.141431679246 
2.008356717012 
1.902369699075 
2.027242242206 
2.067766191967 
2.372385479690 
2.178151936257 
2.173856205199 
1.796897950793 
1.817008811166 
1.629670378488 
1.697935820130 
1.652948162170 
1.676018339464 
1.399132893088 
1.470001458327 
1.804312533477 
1.827267962952 
2.177956793191 
2.079520622079 
1.971613393328 
1.923823209919 
1.753269153557 
1.638658413952 
1.904892362087 
2.061573025433 
2.475740338327 
2.082409735462 
2.063799305425 
2.394687488322 
2.089126187038 
2.022646205389 
1.883828643650 
1.847877043917 
1.891372574760 
1.833424500090 
1.850571475542 
1.834062093492 
1.834004152691 
1.592635533463 
1.827492367044 
1.781096638089 
1.840364655195 
1.841063711040 
1.688807834178 
1.717689331288 
1.813477538116 
1.821378747304 
1.894665187044 
2.133212472588 
2.253654606609 
1.898571327816 
1.886740860308 
1.787538985525 
1.957852376914 
2.065624095108 
2.143726117448 
1.956726080517 
1.833507118598 
2.021376407576 
1.995614797416 
1.919236911686 
1.944661653820 
1.925004598585 
1.793928743143 
1.779521901428 
1.594776886641 
1.801505233565 
1.957362399864 
1.811612688818 
1.848476085315 
1.570916381147 
1.772570824788 
1.731354923980 
1.875802515598 
1.682407099734 
1.594901338278 
1.738828411453 
1.532660140229 
1.486528134533 
1.601396134710 
1.589835655740 
1.932118535084 
1.847134028764 
1.718766084526 
1.881853563897 
1.857508575739 
1.550301242369 
1.858364764324 
1.729114329419 
1.745737700095 
1.969909654507 
2.205867685845 
2.085869208861 
1.809349964744 
1.749897633970 
1.671663426713 
1.689927776540 
1.672378001822 
1.684644470642 
1.748494109891 
1.747550034434 
1.817795427947 
2.012012772948 
1.985572456419 
2.147529174797 
1.603163742787 
1.804981349016 
1.704372293640 
1.758838379709 
1.763298150015 
1.662166277682 
1.450455086296 
1.609543914944 
1.773886638529 
1.888203752275 
2.190765648342 
1.785361094465 
1.838499088551 
1.683341669252 
1.902779596438 
1.826748517810 
1.861142708435 
1.698591952495 
1.817349066922 
1.613327500735 
1.616418473261 
1.389423764624 
1.579779965965 
1.589828308915 
1.561727513374 
2.061483458342 
1.914382016700 
1.875280182376 
1.942681352773 
1.967883655908 
1.838038206644 
1.833609996732 
1.849967414711 
1.669297429186 
1.543135567243 
1.458453228984 
1.799534195504 
1.851373500127 
1.855986906496 
1.834109864464 
2.135901250927 
2.048237173678 
2.111126656968 
2.037885439564 
1.776962620434 
1.900370023793 
2.096233544364 
2.146386014845 
2.082801314000 
2.193026683386 
2.237070520160 
2.329104600042 
2.101715328958 
2.122967964840 
1.953979647638 
2.120663498283 
1.873139744849 
1.819464941235 
1.754584342496 
1.852972433337 
1.933576380440 
2.019612141261 
2.040756139839 
1.978353092123 
1.624142298104 
1.823803768607 
1.987298290270 
1.856931796343 
1.692367431360 
1.625462019604 
1.566071761247 
1.698006140473 
1.587894430307 
1.497140921892 
1.526658065706 
1.572856813078 
1.742798875632 
1.846890081729 
2.155040670791 
2.232826940505 
1.970224784366 
2.410020394713 
2.088436674643 
1.938876203934 
1.979996886900 
1.814954694910 
1.810353697010 
1.764586336459 
1.880578338048 
1.815308504275 
1.927944798263 
1.753830708024 
1.802251627781 
1.877251423096 
2.226852090427 
1.956059430116 
1.722410044747 
1.860906811045 
1.652880489550 
1.726944892907 
1.828849238536 
1.788042616421 
1.883015831718 
1.874380176155 
1.885176821694 
1.918640530645 
1.950179276261 
1.867746578909 
1.952554169411 
1.947929760085 
1.970793711470 
1.619165731447 
1.885570169469 
1.920589609141 
2.348329245193 
2.259363977121 
2.372950495614 
1.926814588982 
1.833714265229 
2.009942889806 
2.357732907701 
2.019411313067 
1.878679223099 
1.982679417627 
1.714646382729 
1.846579362941 
1.709337555562 
1.901010547887 
2.128153114193 
2.046228799164 
2.198158832470 
2.031024920968 
1.836027769521 
1.935428595423 
1.772715572942 
1.824931324260 
2.030055510589 
2.117086070996 
2.229844615438 
2.042094994045 
2.039497334584 
2.128761411038 
1.793781320594 
1.972636715051 
2.076923420958 
1.799835686244 
1.795281987000 
1.906468213947 
1.894357125970 
1.869998815968 
1.657502390780 
1.724393540232 
1.822413776168 
1.895884769149 
1.882768382635 
1.991929871175 
1.899116173106 
1.798173561310 
1.650981855850 
1.690152742895 
1.893012133496 
1.800719680272 
1.729201729482 
1.721130313057 
1.933081036483 
1.979080613981 
1.942971530229 
1.761224071346 
1.802552150602 
1.833490124210 
1.795031345875 
2.158724226861 
2.107587106282 
2.088216335671 
2.012758726745 
1.983665251121 
1.976519913818 
1.894067174873 
2.068078198653 
1.959681507076 
2.050683049004 
1.888518877111 
1.677227755240 
1.711362328403 
1.638833596176 
1.765049038223 
1.890795120720 
2.098862993555 
1.889028333627 
1.977981383320 
2.095414577922 
1.915904412256 
1.857209788294 
1.915608226766 
2.043899570776 
2.118364515664 
1.970094604103 
1.711114446330 
1.771592139885 
1.710189194161 
1.828091875083 
1.828866950295 
2.159269894470 
1.646936023316 
1.593539003647 
1.879619562481 
1.753029269320 
1.932414352200 
2.013982654224 
2.244826808494 
2.211809000776 
2.347491959680 
2.307606786542 
2.149294103262 
2.294528985959 
2.448439233942 
2.152014974582 
1.817940312822 
1.931284852757 
1.931144457249 
1.999353923537 
1.872457030026 
1.793164577165 
1.748605386224 
1.817279474333 
2.037084855682 
2.015613202695 
1.648901937219 
1.963994699391 
1.884478248419 
1.803421824733 
1.661858708713 
1.735887868507 
1.719064152615 
1.949318341229 
1.811611852373 
1.898671635152 
1.822973254365 
1.919919153959 
1.792916386251 
1.718284539885 
1.836541086034 
2.038159370324 
1.857734557873 
1.818465079899 
1.735241394953 
1.662101265386 
1.794306342316 
1.989637732641 
2.007987313969 
2.145033764305 
2.272442250438 
2.098743205269 
2.254014899679 
2.241842563661 
2.146031835558 
2.191132634793 
2.287719982300 
2.187576768633 
2.176708857657 
2.146888173129 
2.426335265523 
2.093792149829 
2.019944973877 
1.954229464008 
1.954852725387 
1.829674084927 
1.770258597433 
2.020753709386 
1.934139774981 
1.917878110330 
1.813083593023 
1.772900144466 
1.891267928954 
1.743429693176 
1.871295273864 
1.830457650721 
2.150601060599 
2.220176893176 
1.734351202293 
2.009409560468 
1.738055304911 
1.933829017916 
2.031340138859 
2.087782112824 
1.899489974541 
1.799697193174 
1.841882135899 
1.829964148660 
2.008498431052 
1.748526349162 
1.815702023328 
2.190585310913 
2.018996925279 
2.066767197199 
1.806150931261 
1.815292479052 
2.058561148527 
1.933353566820 
2.079232914350 
2.299210043171 
2.091287109518 
1.707312126706 
1.793817055033 
1.848177274350 
2.017540090877 
1.900444381682 
2.042125218873 
2.069683944391 
2.211271730146 
1.986427960694 
1.937316245056 
1.827756698004 
1.892372376884 
2.107228971068 
2.369713367777 
1.939575156442 
2.100150145694 
2.259786484969 
1.965049374550 
1.647716687827 
1.681158972216 
1.906551390735 
1.858827927038 
1.956280128385 
1.954834961073 
1.975664533032 
2.077598157607 
2.077723203128 
1.881580920202 
1.856166161385 
1.906580002349 
1.871488637595 
1.724190453076 
1.715698422455 
1.841863344611 
1.816373963288 
1.680262933530 
1.962190867543 
1.984475256387 
1.785852104234 
1.875123059045 
1.913794749705 
1.683925124191 
1.967325913896 
2.227062804315 
2.348850293652 
2.084336059461 
2.069249585915 
2.048249226551 
1.878771589881 
1.904991105859 
1.943361325479 
2.039111214803 
1.719168757527 
1.598743822644 
1.592357856398 
1.424824812874 
1.593864374732 
1.596148435519 
1.552379848907 
1.801080745508 
1.762437693314 
1.800912044867 
1.920021237605 
1.914358099876 
2.019284766980 
1.636303591677 
1.854189531081 
2.121522283425 
1.967191110089 
2.034136566175 
2.054228537526 
2.115871176290 
2.079387396994 
2.002943234972 
1.854037402966 
1.788558515677 
1.920195567057 
1.790391358934 
1.819370697679 
1.872791633189 
1.876874155247 
1.924653181387 
1.921921463761 
1.926095102701 
1.916062207849 
1.837470612002 
1.972790281513 
2.086521349812 
2.034330211745 
2.191091573696 
2.318957154630 
2.085943634900 
1.995409253759 
1.907398950826 
1.859831636160 
1.912438795670 
1.861970941948 
1.905893269122 
1.927573489270 
1.998043767544 
1.989472723042 
2.025722985531 
2.144417516662 
1.893984724713 
1.904130612840 
1.659628388116 
1.671017136036 
1.692788810905 
1.794040106757 
1.819608990652 
1.851546005322 
1.972673320980 
1.990614888038 
1.875015397677 
1.673676607908 
1.862787323983 
1.790505698822 
1.796079781961 
1.799178848956 
1.738907897130 
1.692249429238 
1.726498334632 
1.637228964286 
1.635073054293 
1.735914404642 
1.673641409646 
1.549800898507 
1.623694012787 
1.698318745635 
1.820618590387 
1.806241983344 
1.943904775738 
1.694381705290 
2.082785227466 
1.893788504611 
1.774040772401 
1.561022544293 
1.789559518359 
1.820644016259 
1.835920521244 
1.913215632725 
1.892815227800 
1.928240981119 
1.590716579254 
1.671711849060 
1.807210097203 
1.801838804229 
1.708541016203 
1.884393600434 
1.661853325563 
1.888900750557 
1.788179299041 
1.886925990975 
2.182551875935 
1.963032930955 
1.710574844868 
1.923840483713 
1.870272671189 
1.817541402849 
1.897388567048 
1.876543799375 
1.787184311600 
1.653087192011 
1.711107827588 
1.751448379433 
1.802083490299 
1.856024274688 
1.846398226153 
2.056643180904 
1.838219681879 
1.783121680958 
1.939773674443 
2.022256657309 
2.027020585435 
1.954590324977 
2.070879905556 
2.056381276173 
2.110432036721 
1.744459964577 
1.756972679418 
1.882025912833 
2.023171648747 
1.886457270340 
1.907221601017 
2.054262582815 
1.958481783595 
1.894935007010 
1.872656645265 
1.917842532856 
1.909147457516 
1.761093559624 
1.586760118614 
1.743731807734 
1.674696633909 
1.750482183643 
1.778435900786 
1.934495185165 
1.906100893806 
1.838234063081 
1.986481360352 
2.123519497690 
2.012956016337 
1.925245832744 
2.124709915811 
2.159945493839 
2.016644278865 
1.842736010006 
1.740678916642 
1.770869070189 
1.792990977653 
1.723413604233 
1.927632432285 
1.993974325854 
2.034870015842 
1.704349994469 
1.757223803056 
2.043251861690 
1.954751078981 
1.864295268809 
1.813111986853 
1.583365630711 
1.779421455991 
1.750077530256 
1.732108732407 
1.808899189686 
1.815618841947 
1.693568469886 
1.723136095904 
1.834916007000 
1.927817812065 
1.884570951088 
1.791873138501 
2.023060099597 
1.944638269551 
1.858877910195 
1.975872161475 
1.973230791254 
1.833944247328 
1.782377172884 
1.692748679679 
1.796051558761 
1.791972220949 
1.755357620437 
1.678471147534 
1.726448264896 
1.795697161246 
1.992293338476 
2.191237690514 
2.178550463131 
2.335159539831 
2.303484529386 
2.289982892246 
2.218854885038 
2.351917529968 
1.891653863993 
1.389718509932 
1.764089777244 
1.767242687354 
2.011962368955 
1.784505188160 
1.920139109793 
1.659797639588 
1.569701075689 
1.832415523578 
2.192385313085 
1.948809041066 
1.902104201789 
1.754747507077 
1.706225065835 
1.632226719640 
1.673284075039 
1.818972169762 
1.707596619898 
1.659835199112 
1.664623877673 
1.723512454363 
1.736943788711 
2.067806810673 
1.955191100196 
1.901101282090 
1.906917158992 
1.887841871251 
1.859013098067 
1.848427318982 
1.711950544924 
1.661386132487 
1.666852242518 
1.789860075655 
1.830296278729 
2.009569730936 
2.039591440730 
2.155954873095 
1.966795930312 
2.005923090563 
2.348873314013 
1.975725308534 
2.058971276029 
2.168356191537 
1.754158183053 
1.637042815649 
1.557565912272 
1.724825566477 
1.934082031794 
1.681526181106 
1.560376105610 
1.841932594249 
1.964358944175 
1.889803404630 
1.873808105329 
2.069838563412 
2.054411811137 
1.986410519253 
1.868666276957 
1.735427152368 
1.764266141725 
1.767176440436 
1.760988776976 
1.959754960912 
2.263506942484 
2.062058408708 
2.007693877606 
1.935363051664 
1.775955105905 
1.806504703530 
1.786310327424 
1.745295706633 
1.718960557232 
1.991130942516 
2.081336192033 
2.216028613341 
1.896405235699 
1.893183010006 
1.881638920952 
1.995027882249 
1.866672068957 
1.830591529873 
1.894358680126 
1.875041350914 
1.749379994503 
1.715918448362 
1.972075885769 
2.099929242148 
2.032720005086 
2.055800267302 
2.104348377907 
2.112291857888 
2.127243000988 
1.990623021821 
1.885023410038 
1.597727484285 
1.928780050404 
1.849986961542 
2.005216460131 
1.807328112199 
1.887197424108 
1.571347666179 
1.782015549851 
1.734872011908 
1.602845118776 
1.648533193304 
1.704020362910 
1.766358680483 
1.776147662560 
1.989685085076 
1.859780357596 
1.970632012883 
1.944896139332 
1.866895583793 
1.858942564988 
2.259321377121 
2.080097437081 
1.924857857067 
1.920710846157 
1.991604574694 
1.730664353924 
1.858227681057 
2.154643349734 
1.758670997302 
1.673147257377 
1.656558062941 
1.728258937731 
1.840571474876 
1.829227710316 
1.947916118645 
2.099681727042 
2.025729342652 
1.567114148758 
1.570127962018 
1.922693184168 
1.935876696246 
1.866365161841 
1.719494629049 
1.801419241085 
1.746645001704 
1.693908053169 
1.659774628005 
2.041049777050 
2.138978776221 
2.136995603654 
2.079880903291 
2.133778069319 
2.026321650841 
2.079873037235 
2.207659185906 
2.325732901034 
2.277742532898 
2.245074627251 
2.215730114053 
2.441486115221 
2.055788928750 
1.970429230526 
1.962296221763 
2.347221394035 
2.296031494635 
2.150812500399 
1.932865849443 
1.977765634036 
2.175796867717 
1.872006833021 
1.816967010743 
1.768961681746 
1.783025959465 
1.893245392341 
1.826156887094 
1.724211496056 
1.675323983805 
1.726421804547 
1.628173495982 
1.647120987514 
1.673858735923 
1.823033442686 
1.833446951076 
1.813763244635 
1.871510186050 
1.781341285444 
2.183881315744 
1.977564011566 
2.010348510924 
1.710607298653 
1.996075732347 
2.713371246628 
2.032350439559 
1.929907084064 
1.838023451836 
2.094425909263 
1.902858928857 
1.842544830171 
1.834964821134 
1.958195348337 
2.170759564136 
2.317733811863 
2.036798187461 
1.968120600675 
1.850315789004 
1.853455666271 
1.947899341541 
1.893310410157 
1.916963742862 
1.896747056109 
1.769740508755 
1.852744360575 
1.843516295079 
1.821967904596 
1.722493175953 
1.806265364591 
1.735879715233 
1.799985760773 
1.779300012545 
1.747184961900 
1.696397035853 
1.759892801127 
1.764605752160 
1.693350612472 
1.703797302036 
1.881663137725 
1.764748122250 
1.702583704200 
1.762856000861 
1.611431167431 
1.635873853731 
1.750703822655 
1.789312108565 
1.808449343651 
1.768800550648 
2.027415414219 
2.050741151272 
2.087957195759 
2.064931731553 
2.084335801370 
2.156549529017 
2.010820202055 
2.102127878781 
1.925094597629 
1.962966940843 
1.908485589285 
1.919141412469 
1.697722477525 
1.600939075342 
1.665302865202 
1.736222691861 
1.484361546682 
1.423263115722 
1.590911125086 
1.558506340800 
1.621317596277 
1.591806428720 
1.542200677635 
1.889202836445 
1.920637769131 
1.857650353013 
1.810698175816 
1.786230002968 
1.852206352808 
1.931519320590 
2.132175713245 
1.781315161439 
1.882435875550 
1.827797138094 
1.820226012670 
1.915134352737 
1.950164043976 
1.832247530272 
1.817939553559 
1.898832822187 
1.731201830700 
1.785195226405 
1.746929135401 
1.676653315954 
1.698730185308 
1.732214048224 
1.754668108095 
2.001599453567 
2.369952352366 
2.151973357405 
2.084548355833 
2.058125008087 
2.062424663706 
2.083707251569 
1.984700720870 
1.765471474074 
2.056666106332 
2.226703937376 
2.125093676853 
2.145961407827 
1.829527689701 
1.654292738841 
2.084546032035 
1.928880449645 
1.783194871994 
1.925907875843 
1.934101030336 
2.009816198212 
1.978556432263 
1.975907293040 
1.956353635524 
1.734280417195 
1.735336558632 
1.681301442597 
1.663060994411 
1.591161968853 
1.687785817691 
1.734634313141 
1.771294400286 
1.898258491590 
1.834347391587 
1.854517683843 
1.778670178595 
1.789513093898 
1.780213851196 
1.801166603266 
1.785943067604 
2.050448088417 
2.005444723463 
1.933513612708 
1.924861701719 
2.010882759775 
2.014193245342 
2.000616259004 
1.994790214751 
2.064325364183 
2.199044036480 
2.263298533428 
1.946562984509 
1.803692102646 
1.754679233494 
1.937169648487 
2.008311994619 
2.321388988069 
2.185117313204 
2.398533828253 
2.466047179645 
2.508823432471 
2.442844078676 
2.315182269031 
2.122520707988 
2.112114709429 
2.072472762289 
2.192409701761 
2.015484471864 
2.134021082684 
2.038384245308 
1.852985608851 
1.710580806287 
1.593298835069 
1.958589181055 
1.406297204504 
1.612788571059 
1.528663905553 
1.694172462841 
1.750005313789 
1.745599254279 
1.651502527851 
1.516935899771 
1.666607035584 
1.610110999897 
1.556203688676 
1.643036970931 
1.723919118867 
1.607969638981 
1.868655250899 
1.916771264120 
1.888162721915 
1.873197364454 
1.723228658696 
1.832347749744 
1.374829738871 
1.717668525769 
1.712075916041 
1.469506082297 
1.566757335468 
1.746596205478 
1.838880091542 
2.120849616046 
2.021282736885 
1.933210045924 
2.029289921201 
1.691948145739 
1.883128082985 
1.881531846514 
1.765330935717 
1.693007025395 
1.622433088217 
1.504109217988 
1.832857188081 
1.758049582902 
1.683581242423 
1.597207984227 
1.788130470740 
1.947624194195 
1.677258213902 
1.822360704193 
1.828913054228 
1.709128663795 
1.776107805322 
1.783499194848 
1.928553175354 
1.921804912552 
1.664970185707 
1.685858177835 
1.660122947173 
1.975036157422 
2.063895690723 
1.803355993674 
2.045461338933 
1.853100159571 
1.818271422332 
1.756580384630 
1.821737397832 
1.784697847485 
1.889019629439 
1.694450806828 
1.448584344128 
1.560457468678 
1.912631062452 
1.912574983712 
1.870336442855 
1.957412134225 
1.926632700049 
2.047190361046 
1.974608052088 
1.868257489147 
2.069732205854 
2.090253858894 
2.078856509928 
1.995569963974 
1.907287252900 
1.480809802793 
1.621853311384 
2.065930837686 
2.063045754155 
2.012722151838 
1.996150060269 
1.930059562339 
1.947445689703 
1.976212306810 
1.819383803774 
1.829650445746 
1.744653648840 
1.711521286816 
1.482932931816 
1.887993303969 
2.007277991262 
2.191831452660 
1.952116461390 
1.810408873448 
1.695904347743 
1.878843228257 
1.789088149577 
1.815795609332 
1.825925645212 
1.726423912928 
1.978912215207 
2.201635894209 
1.893448253296 
1.973632798491 
2.108068077907 
1.690930634719 
1.799662837343 
1.676733653731 
1.523707104111 
1.685698240169 
1.725908968204 
1.735191586532 
1.948347691145 
1.688972587386 
1.697719623805 
1.825327012261 
1.842986802645 
1.856007701938 
1.885833803662 
1.881258823920 
1.926795978350 
2.077516610922 
1.832988265555 
1.653095667463 
1.614040600823 
1.590811464073 
1.690313797022 
1.670756550976 
1.789257081876 
1.592537240212 
1.696989523875 
1.870693530313 
1.870691988994 
1.877813192438 
1.807469504015 
1.693623626491 
1.956425869870 
1.943960742122 
1.903202216283 
2.040357785870 
2.255592949818 
2.257493688471 
2.055406967624 
1.805402143081 
1.824761404730 
1.800652178827 
1.924817008704 
1.581221208898 
2.033137796547 
2.047966936763 
1.855280348296 
1.873141895589 
1.854224637302 
1.986105512178 
2.042350798375 
1.952622752547 
2.167345529195 
2.100627365313 
1.770629112800 
2.054717446780 
1.870003658862 
1.727694728822 
1.683340980661 
2.008726295805 
1.815892312683 
1.549115137570 
1.609557609296 
1.603118089612 
1.639671294153 
1.624530219156 
1.703967452233 
1.759220560069 
1.778475462967 
1.742907039950 
1.984658694361 
1.979647511234 
2.025549085041 
1.686056424562 
1.763580442524 
1.981225489967 
1.807637100334 
1.875919608359 
1.721925013120 
1.647214580032 
1.852596915615 
1.962430916224 
1.940049460114 
1.993744958653 
1.928425843042 
1.886643375192 
2.154950957435 
2.013661881853 
1.763220017806 
1.616543913300 
1.663231437244 
1.912025781419 
1.783802034745 
1.929694829992 
1.754932140511 
1.770883595965 
2.152476661185 
1.984489945056 
2.414467857063 
2.073871811840 
2.014296805473 
2.008184267959 
2.171048221907 
2.085417557662 
1.922436890775 
1.699540322073 
1.754810688856 
1.814490922188 
1.765909129432 
2.119760407015 
1.921100909081 
1.821500257998 
2.161070041652 
1.907479480682 
1.897955533908 
2.017158362896 
1.853073310829 
1.844298056440 
1.650977507982 
1.909820709302 
1.923595203209 
1.758302473944 
1.702532081021 
1.750719379550 
1.577844386705 
1.538812828988 
1.589575990925 
1.600848392276 
1.737144713056 
1.934179519884 
1.595135706481 
1.688870764149 
1.902550684063 
2.149606180886 
1.670614867110 
1.670428264237 
1.611543384746 
1.825832477647 
1.760488715027 
1.782183325933 
1.741863231781 
1.740676149545 
1.790799333280 
1.901619175827 
1.607430954523 
1.788554102527 
1.815242232992 
1.752771624435 
1.753886808961 
1.774055998798 
1.789195720603 
2.019134406091 
1.688107003178 
1.701870475256 
1.644526701466 
1.810378923807 
1.792748162263 
1.933109126340 
2.010119962513 
2.114427034847 
1.996606321786 
1.990697628882 
1.962264203471 
2.089645965032 
2.180554165293 
1.971244389983 
1.890239082318 
1.794977573963 
1.942126750067 
1.971498305115 
2.110715312793 
2.090062266105 
2.089569142970 
1.959531859990 
1.909248584937 
1.954937070655 
1.916244617065 
1.994057364131 
1.959715711509 
2.110348977993 
2.057042935487 
2.152389058261 
1.999292388329 
2.105180041656 
2.221333411005 
2.461886366968 
2.077592174188 
1.889524946774 
1.771332366570 
1.737784235865 
1.752014943077 
1.716896083261 
1.850136863780 
1.827188860884 
1.562458961545 
1.855900608460 
1.783277941143 
1.844327854263 
1.939009612207 
2.144242675950 
2.058972591182 
1.965811085797 
2.106106599201 
2.176388946173 
2.213997670979 
2.039611983661 
1.980267601260 
1.965685778179 
1.997213939109 
1.918290743228 
1.764599012188 
1.974234594709 
2.218716907949 
1.956289168085 
1.918014869863 
1.849007565519 
2.024559270965 
2.064855032353 
1.987788712897 
2.395667888403 
2.368508961916 
2.133099221058 
2.190868336942 
2.278991324990 
1.908675015581 
1.886398965695 
1.566531873068 
1.728860589753 
1.733510994526 
1.915845100868 
1.937089676702 
1.844687497586 
1.899051654709 
1.982757202314 
2.081868910367 
2.361838745104 
2.339702088607 
2.087192587593 
2.031178675048 
2.193199212750 
1.970211374755 
2.432213336750 
1.764329405614 
1.814321630559 
1.800298202652 
1.946066841306 
1.953898076328 
1.950525163299 
1.772977581493 
1.766777645434 
1.836550737894 
1.773864082301 
1.841483381466 
1.830739984111 
1.959437972763 
2.177608801453 
2.077684564243 
2.362333530825 
2.196894454550 
1.950586519056 
2.031271703590 
1.848274837899 
2.140583992346 
2.087158515413 
1.960891333690 
1.987059343229 
1.920291504502 
1.950393709018 
2.103886404897 
1.885822097149 
1.789245480982 
1.933018325269 
1.857848573681 
1.912908609857 
2.042495537458 
1.990051240387 
2.260426504370 
1.995019972940 
1.890786103269 
1.899997839409 
1.808017036596 
1.816812377621 
1.840756382233 
1.763961239065 
1.768166094289 
1.738897362674 
1.842727403792 
2.004330784954 
2.127488710095 
2.063235601378 
2.045284674381 
2.526071405709 
2.087250627448 
2.065689000175 
1.734509584824 
1.984734466922 
1.926540387272 
1.623876132652 
2.047831174302 
2.238385744796 
2.071794041333 
1.960579558460 
2.121286280226 
2.118263506492 
2.038044407596 
2.184937772726 
2.039529904882 
1.981659826867 
1.863304259985 
1.915990798043 
1.787341763963 
1.649914214432 
1.825154256091 
1.875230493966 
1.898229785715 
1.817720315881 
1.613213359511 
1.500425288605 
1.498373236801 
1.729853757933 
1.739251666891 
1.615483157364 
1.816486447450 
1.808067735118 
1.784516517225 
1.883381450588 
1.911519111720 
1.934637924461 
1.843881166279 
1.911981647467 
1.715528034044 
1.741261783364 
1.720262467904 
1.562800268218 
1.660659772688 
1.577345141131 
1.621086371519 
1.743215106704 
1.702689337313 
1.830646671499 
1.824945177173 
1.865654413333 
2.041719288515 
1.858614731960 
1.870363176654 
2.102201505072 
2.257499446756 
2.001791840932 
2.248130772169 
2.152593187329 
2.064906452665 
2.141562026889 
2.128984037039 
2.175961396671 
2.015942538462 
2.150531923395 
1.744568341245 
1.744519857448 
1.861953356516 
2.062493019438 
2.119852717891 
2.100729955363 
2.042792928157 
1.745147687660 
1.710529772764 
1.747535615277 
1.757675133592 
1.616701446972 
1.619854430218 
1.607865981836 
1.602536486517 
1.598068507918 
1.743815107012 
1.858088567382 
1.586333063048 
1.628529181858 
1.542231884083 
1.630641812200 
1.610167822957 
1.626219592523 
1.705379181725 
1.915082159381 
2.073481135797 
1.858740237493 
1.960779955526 
1.857234999398 
1.806991753970 
1.823411633658 
1.979820595026 
1.715104793780 
1.770385579161 
1.843825071680 
1.849053119270 
1.963789853209 
2.016158742618 
1.589147629916 
1.647979807356 
1.759349133476 
2.409327563523 
1.918930290757 
1.893196510637 
1.755861461423 
1.817979632193 
1.921308697077 
1.944259909978 
1.760381953523 
1.670148158712 
1.868181588326 
2.065629515649 
1.751837178170 
1.741741248267 
1.744082598376 
1.689978796219 
1.781345378446 
1.886484323344 
1.978409599748 
2.091306359841 
2.068587085494 
2.159898963025 
2.357164130307 
2.149341594640 
2.162972772305 
1.992195741850 
1.704217340274 
1.818884029157 
1.823916066062 
1.902311537303 
1.933018126996 
2.176715800417 
1.768457977064 
1.819955281468 
2.018050972617 
1.999013123203 
1.860819205987 
2.006442220115 
2.090384590818 
2.042425586381 
1.914030833962 
1.812398009200 
1.921423478477 
2.026372011542 
2.080735735187 
2.028345878881 
1.798834693665 
1.772328446569 
1.792765498686 
1.791542387462 
1.635811791847 
1.953587505257 
2.001311478590 
1.846070677014 
1.743453251210 
1.898172252967 
1.857919986113 
1.843144666350 
2.181717344419 
2.064843340808 
1.944460658307 
1.682364991637 
2.052242174768 
1.712731255030 
1.985773900416 
1.892988505640 
1.883214084866 
1.932680289225 
1.987945241511 
1.987072521727 
1.845063059841 
1.783655251364 
1.891672467409 
1.757186108224 
2.095565704093 
1.937645051977 
1.892251032451 
2.030984630482 
2.208426945123 
2.095821927202 
1.965668420983 
1.791726682603 
1.966243927587 
1.909917809571 
1.955782562378 
2.147019921922 
2.184651770147 
2.140969100421 
1.908617631264 
2.046866461362 
1.855421197822 
2.043232099369 
2.052567673564 
1.899885474189 
1.944258701225 
2.018733207612 
1.971237183259 
1.500242418493 
1.663479585816 
1.528251692667 
1.567430714442 
1.534181657717 
1.688448974775 
1.798906128640 
1.946586511819 
1.927877461355 
1.732621954691 
1.601941170303 
1.794631687579 
1.690419416097 
1.869895566619 
1.893201820351 
1.886408359063 
1.757892274970 
1.773691948721 
1.717627381403 
1.797581880364 
1.913648283182 
2.011492636603 
1.887638855686 
2.148256560141 
2.365579430139 
2.178791618740 
2.108161352460 
2.023354685338 
1.864127106997 
1.802155807947 
1.777737682573 
1.822624893032 
1.820756235049 
1.777020295145 
1.861989176209 
1.794671067069 
1.905408677521 
1.678832244003 
1.684629613759 
1.726892285839 
1.866894871720 
1.924381735812 
1.963227612402 
1.770531754452 
1.891067833746 
1.693736573216 
1.778563381355 
1.806861700641 
1.834572995828 
1.808361465895 
1.768238070169 
1.630469349436 
1.572233720804 
1.620216369939 
1.691871530948 
1.753669842760 
1.868888571221 
1.827784349071 
1.749841515172 
1.725554713027 
1.948405893662 
2.233721277976 
2.201733036550 
2.152109047580 
1.927275559400 
2.007533944971 
2.049727653357 
1.933781359271 
1.908832208069 
1.877973281390 
1.843419048103 
1.790578490109 
1.891145153726 
1.951921170808 
1.631328447804 
1.460036389366 
1.729424747505 
1.740836511721 
1.729040594056 
1.615862054633 
1.899764123364 
1.947261093048 
1.965424206019 
1.866048578296 
2.163108572839 
1.998551025909 
1.955653915828 
1.903345128288 
2.049088241637 
1.944064205844 
1.995759140896 
2.081754269170 
1.995950028964 
1.927070802270 
1.953009177350 
1.894439185911 
1.834692343207 
1.525032555673 
1.595142942164 
1.796106047112 
2.056593814901 
2.181534368024 
1.880027257932 
1.919538793243 
1.793625718462 
1.787819480054 
1.870936994292 
1.855110719940 
1.684981189758 
1.800970401932 
1.804335019202 
1.858639030576 
1.732067019742 
1.672848312092 
1.636860952350 
1.674846007120 
1.777915234342 
1.815139003232 
1.766590436424 
1.867431073481 
1.707632350932 
1.672833330618 
1.911564330930 
1.911406836592 
1.800490511425 
1.933975414721 
1.912234171819 
1.828846929190 
1.695850157505 
1.543816293170 
1.715610079836 
1.873013450291 
1.977204777475 
1.851464563537 
1.751442798249 
1.854207841529 
1.755721785897 
2.000201441926 
2.035712682742 
1.884122459696 
1.751824080559 
1.723984092907 
1.798466742104 
1.792511653365 
1.890705062679 
1.746091063011 
1.898762303835 
2.010771525241 
1.836115580832 
1.697025871838 
2.217348982585 
2.047653334276 
2.270271016570 
2.220519553268 
2.097734869770 
2.050102737077 
1.915226767576 
1.927944484769 
2.101930665209 
2.169955887901 
1.838744650183 
1.804221902458 
1.844428984357 
1.742203462939 
1.818434320012 
1.748157532990 
1.778247450541 
1.775159870034 
1.800541179132 
2.179750698924 
2.146219983583 
1.958146229896 
1.913713264180 
1.905413216304 
1.806774610383 
1.834884597123 
2.052123003575 
2.032847058246 
1.929627770625 
1.830664381697 
1.823046989477 
1.832789357428 
1.760599990974 
1.848529019627 
1.750552965861 
1.790513463863 
1.774754302748 
1.652557897543 
1.691588295933 
1.665595936500 
1.746786758104 
1.774386234750 
1.752987163531 
1.654360225095 
1.665636151844 
1.790716086645 
1.781872636389 
1.954543749385 
1.976131671584 
1.939035065160 
1.812836579275 
1.845487227841 
1.702784911433 
1.790928956205 
1.881127421809 
1.741994064819 
1.713012460143 
1.826179808377 
1.840143633334 
1.864054992995 
1.736263493698 
1.798444895446 
1.850218582405 
1.766355346490 
1.756301202016 
1.649646427512 
1.656945773835 
1.716467304512 
1.730112884470 
1.705149260706 
1.657310609598 
1.932695882841 
2.063636911479 
2.033911413335 
2.053699280576 
2.070753648566 
1.993723297558 
1.951646408131 
1.945209921364 
1.876379764470 
1.808567589117 
1.616549954874 
1.560504090392 
1.536836726099 
1.660861347655 
1.663484166987 
1.783588916007 
2.056408757530 
1.835288610537 
1.737547327906 
1.877536017598 
1.879170648528 
1.785290317342 
1.781074347730 
1.802770529343 
1.813021774275 
1.799958620372 
1.778212761546 
1.730212541407 
1.748703992069 
1.644039335272 
1.693085421738 
1.828995136516 
1.990373444225 
1.896692334464 
1.646928876474 
1.750864130794 
1.727177058913 
1.512161299530 
1.571455490013 
1.545413336912 
1.456032284162 
1.616929609708 
1.715423253932 
1.725410646264 
1.938711392593 
2.088525673765 
1.981412988390 
2.188443804214 
2.120942489285 
2.107006940064 
2.159324234390 
1.695957300752 
1.860278824388 
1.823141888157 
1.770020665459 
1.731448408958 
1.891675734505 
1.653286744865 
1.816723649843 
1.833228071832 
1.929684455100 
1.924651384729 
1.969976065527 
2.026479398865 
1.990800444024 
1.811003082068 
1.916028924376 
1.889759921436 
1.768317259907 
1.922102570902 
1.812928719298 
1.949018578924 
1.637081596911 
1.608745595757 
1.646713784672 
1.715680260132 
1.617472565490 
1.554111488946 
1.534294228751 
1.666963535702 
1.796737992578 
1.912413907348 
1.795141145936 
2.030537857758 
2.145778674107 
1.935890269217 
1.863687692182 
1.849811183006 
1.882304416603 
1.818477679972 
1.694778989315 
1.864587804073 
2.498545886964 
1.988111049640 
1.848901179889 
1.919786576842 
1.895697701622 
1.791763384764 
2.081149762636 
2.090816278354 
1.936268504466 
1.784531294240 
2.535833380232 
2.283225514675 
2.214264279728 
2.379203093726 
2.323691571027 
2.240660912505 
2.402824396645 
2.069542863724 
2.227586597625 
2.448657518342 
2.258674130039 
2.239988232266 
2.071833874460 
2.426630128929 
2.561135483321 
2.202389548115 
2.407662799465 
2.180965398965 
1.997545115352 
1.980180819538 
1.806643540566 
1.647907558158 
1.694455680429 
1.814536643997 
1.960060839041 
1.843959061071 
1.704059116673 
1.852483812019 
1.735374546504 
1.807661913308 
1.858577835680 
1.812628768764 
1.727852106357 
1.662773679901 
1.815192953734 
1.628326151825 
1.898877872323 
1.925827823297 
1.762766677123 
1.848644635301 
1.877670358279 
1.720573125825 
2.007921540070 
1.912999521220 
2.011605362957 
2.020487529840 
2.072090661861 
2.272728732281 
2.637417038821 
2.469673943020 
2.372066795785 
2.197161400636 
1.955319209576 
1.938537279178 
2.058847425150 
2.076008035753 
2.099952299378 
2.039072749883 
2.052075486859 
2.074083071230 
2.010928714619 
1.982367402097 
1.967123704196 
1.773261570377 
1.736509104738 
1.875346899911 
2.135515812507 
2.257246058888 
2.158434254746 
2.228389969441 
2.001711390278 
1.829082086146 
1.874525807404 
1.844497951569 
1.622039668196 
1.774993471849 
1.925214526038 
1.864860076880 
2.014851631013 
2.071074422281 
2.091492366172 
2.421415831512 
2.190233867296 
2.027256377500 
2.161638704461 
2.092072991747 
1.975222582963 
1.974349196673 
1.752854007466 
1.738988171567 
1.759067732150 
1.732283662028 
1.755971117302 
2.042269613860 
1.728636174099 
1.772627435888 
1.617364186338 
1.898771661901 
1.735510045041 
1.692014342065 
1.728150348165 
2.113173750270 
1.690149075712 
1.949274872862 
1.985591336996 
2.192710198996 
1.888638356695 
1.804740477578 
1.916268553604 
1.895758922721 
1.875202032513 
1.742683963376 
1.626003704603 
1.758597080546 
1.739540158548 
1.708696253056 
1.979226925595 
1.900696612414 
1.599992285997 
1.751362926070 
1.908351335858 
1.884071185118 
1.963143898591 
1.940278143876 
1.812260549575 
1.537542198070 
1.683373907880 
1.740287874038 
1.689177459709 
1.784302538212 
1.714014030593 
1.830708734120 
1.831148972121 
1.862700731457 
1.954197757827 
1.917499286563 
1.741428453151 
1.638482332425 
1.641744092115 
1.713044561065 
1.559343183113 
1.775946413222 
1.917406768687 
2.097290738793 
1.668104783336 
1.872905834127 
1.827620268410 
1.860722500898 
1.838466102944 
1.853496903240 
1.777178087934 
2.010692854058 
2.029867504926 
1.798059451330 
2.325926444148 
2.236574664117 
1.998146039518 
1.924228932283 
1.859358493156 
1.874824262336 
1.935711893145 
1.940846190257 
1.949313081994 
2.027940726327 
2.164265241898 
2.278201282198 
2.317320038016 
2.200970855683 
2.165717227729 
1.920191194721 
1.875765163642 
1.938818363823 
1.908644661608 
2.114635852825 
2.119736913859 
1.967950853170 
1.922756436954 
1.919110336416 
1.910822927614 
1.848576458828 
1.805866970479 
1.712152340143 
1.685194979804 
1.624927069837 
1.440130874642 
1.559467528621 
1.701311680801 
1.764592116645 
1.764214196599 
1.767420153193 
1.502224775465 
1.566959474580 
1.708253774384 
1.805922666001 
1.866382279377 
2.029302915559 
1.998444981075 
1.917321744568 
1.679086889806 
1.868940425840 
1.669857554168 
1.720410250502 
1.704307816162 
1.637166051030 
1.898616174668 
1.898273946089 
1.799893728642 
1.797469044716 
1.742897241840 
1.955598771094 
1.961873754450 
1.986580469546 
1.718346570236 
1.933933424886 
1.956324008874 
1.892194111175 
1.975696330496 
1.807940855594 
1.785600670606 
1.846598554524 
1.899206831200 
1.780639555595 
1.951669883530 
1.836198321050 
1.828498106368 
1.766899287347 
1.857144022448 
1.576993721710 
1.735800805520 
1.987042969929 
1.691119359386 
1.574288332021 
1.693518331873 
1.949929045952 
1.799706901971 
1.576996942569 
1.939338356796 
2.131196444482 
1.975246251954 
2.099117839204 
2.181200348984 
2.309377001246 
2.105940044099 
2.215207478056 
2.083821887991 
2.266858625032 
2.169185443314 
1.977132830203 
1.731449451663 
1.838930459352 
1.753688391477 
2.021713001143 
1.896027408946 
1.999279993599 
1.724078923775 
1.659693615375 
2.043013484764 
2.107257862906 
2.039405241983 
2.001917223873 
1.915938493693 
1.811308247193 
1.714643322459 
1.492305707780 
1.487402152422 
1.595626413903 
1.775802375706 
2.048684949602 
2.051878524771 
2.009687676589 
1.872996969000 
1.675658785218 
1.695394885064 
1.581199728265 
1.759838342609 
1.825917916343 
1.955703974719 
1.862451421257 
2.204431704192 
1.950195137007 
1.754924177056 
1.790715437443 
1.984522855945 
1.759996739913 
1.617379946848 
1.620179080394 
1.599965705479 
1.620579698783 
1.627847987293 
1.562001577299 
1.772159962531 
1.872136060209 
2.253013993812 
1.894338707995 
1.826576471062 
1.886658057904 
2.027811999624 
2.052254552937 
1.960439012221 
1.828125687928 
1.928341165164 
2.152966075452 
1.874448528140 
1.819722550790 
1.727435312762 
1.416041763424 
1.661934480986 
1.455943657685 
1.666202254857 
1.470770438359 
1.666378630418 
1.869674917467 
2.006742408552 
2.110602024342 
2.403757813718 
2.115944418090 
2.066839339885 
1.900980276850 
1.834946413781 
1.843334953819 
2.095402801557 
2.053772151767 
1.871832389039 
2.057903508217 
2.102047137195 
2.099616375466 
1.748190468023 
2.049305780342 
1.920002539105 
1.950449515494 
2.007632138027 
1.919311406128 
1.986499754363 
1.581194790455 
1.846147648582 
1.966753604356 
2.003665037446 
2.092730593271 
2.079693474284 
1.993484899140 
1.879370167180 
2.257399475338 
1.953886589434 
1.967333503698 
1.801855751353 
1.728895028710 
1.865985345451 
1.790548925550 
1.665022831428 
1.914658833785 
1.642777682324 
1.778761007552 
1.670381986001 
1.730460447466 
1.724904561225 
1.697260243937 
1.608834899891 
1.694286119554 
1.771473007048 
1.850626681281 
2.022517033393 
1.836674245860 
1.658774797672 
1.921806155834 
2.281143756593 
1.854997684514 
2.104637943366 
1.854451721235 
1.948889721470 
1.775311019038 
1.760013337690 
1.661832870325 
1.651597042371 
1.719255204199 
1.663420887287 
1.622535269328 
1.743293768658 
1.705049220961 
1.724637184088 
1.735310792171 
1.927283823410 
1.863745650687 
1.886269479389 
2.058690244499 
1.944564325360 
2.045673016165 
2.045697440055 
2.064362253219 
1.899507840869 
2.036495137273 
1.884855856503 
1.752108057087 
1.764225149451 
1.770183910652 
1.970482700331 
2.062152188526 
1.639581993402 
1.660546683309 
1.648628655455 
1.480105101752 
1.336902621492 
1.565339710900 
1.451171933518 
1.535675154103 
1.423901048509 
1.815095400218 
1.924391575812 
2.036551130616 
1.944315718275 
1.939406607271 
2.075793097353 
2.047856804292 
1.668707407696 
1.815178337252 
1.882240434970 
1.771562764708 
1.822297057335 
1.808187015959 
2.106159790073 
2.103396177067 
1.477897809481 
1.761855161739 
1.626650917298 
1.644088275288 
1.727725717983 
1.642058815884 
1.666599137259 
1.815696602333 
1.896376110917 
1.858772914303 
1.868766789302 
1.819153107698 
1.902339213028 
1.906881539388 
1.903540541501 
1.734323504054 
1.713312227144 
1.857123884547 
1.831947169833 
1.830095822922 
1.799813853077 
1.992199876265 
1.893661587515 
1.859937845109 
1.731869071414 
1.943172721353 
1.926837246157 
1.957134181787 
1.960187838238 
2.013392799868 
1.987287027429 
2.041408288297 
2.037442935532 
2.224653436615 
2.261682125276 
2.120115243761 
2.097864848339 
1.795656075692 
1.862602885695 
1.709149296328 
1.731184641544 
1.797922514748 
1.694959329650 
1.582270930521 
1.659142923174 
1.715767712348 
1.738818198697 
1.953410297648 
1.920391412167 
1.952993450977 
1.764411810865 
1.815059986328 
1.997436273803 
1.970382430488 
1.998040857161 
1.776460712823 
1.634797587725 
1.674818243901 
1.723393650194 
1.724774064778 
1.689674645235 
1.684332395380 
1.757273342896 
1.741602308354 
1.737124847802 
1.908669878384 
1.996218363727 
1.936183543173 
2.294911189859 
2.009612792339 
2.073325755427 
2.075504559649 
1.926380806137 
1.862302760714 
1.758076995880 
1.657440209758 
1.748320233408 
1.871233372299 
1.997452371374 
1.914639738823 
1.955732330660 
1.813251884162 
1.681778680654 
1.838838101442 
1.940310346823 
1.900996033524 
1.987069353607 
1.962967229042 
1.744192199324 
1.580005850522 
1.541590388973 
1.622483830962 
1.701810542230 
1.630082165368 
1.872088762827 
1.764695549087 
1.799591770754 
1.775252087718 
2.039966441233 
1.827118390248 
2.032500931789 
1.889109367458 
1.833498078201 
1.827498009492 
1.717286454667 
1.624013349543 
1.688734576160 
1.851126366375 
1.840681571530 
1.801790620576 
1.700159685408 
1.730047892788 
1.851008907808 
1.996920756006 
1.876068254610 
1.740725629972 
1.781962740555 
1.885561082592 
1.933688550784 
1.899776071887 
2.003335334192 
2.016149719018 
1.815051852077 
1.759571651739 
1.551393967795 
1.775819340878 
2.034876626834 
1.987909326003 
2.008693546506 
1.910460247301 
1.595022287347 
1.747107062939 
1.889031385357 
1.857201525241 
1.674764987635 
2.005058847644 
2.182120354002 
1.834334993185 
1.562458027217 
1.676326332619 
1.816910211735 
1.799431672870 
1.832372007181 
1.714505370218 
1.588400040902 
1.938897635758 
2.123003776819 
1.967727504025 
1.787003970675 
2.084012586226 
1.973767230243 
1.956590280393 
1.990617545457 
2.080087717925 
2.014153665342 
2.149058631466 
1.805429914345 
1.694971046442 
1.631434929370 
1.752362183054 
1.942864840268 
1.824391197934 
1.548326078715 
1.613224550212 
1.810587097753 
1.688798124715 
1.644063011150 
1.641477870803 
1.703572507657 
1.723103571688 
2.037849005498 
2.085110914761 
1.965237829032 
1.986140490511 
2.060287133669 
2.037114845098 
1.861140820232 
1.858445001062 
1.851185464527 
1.626500764572 
1.723217684706 
1.634213109851 
1.676065942179 
1.703037830536 
1.702618159669 
1.635951338323 
1.363820318852 
1.625828646027 
1.673001732392 
1.607526635375 
1.686577411129 
1.864786929584 
1.973183841382 
2.103699904442 
1.971131857235 
1.868930162919 
1.828606026064 
1.771813568422 
1.714186046363 
1.738689633275 
1.686902783128 
1.803893467097 
1.811401607451 
1.714746310756 
1.608621424953 
1.504799056156 
1.597781376189 
1.732691982204 
1.684023547962 
1.790800053131 
1.804567342595 
1.771513376033 
2.025002833246 
1.753877252429 
1.737104321086 
1.718130520412 
1.831873016292 
1.889981459580 
1.980328271121 
1.940189607343 
1.959499747465 
1.764220516307 
1.884607342241 
1.801174025348 
1.883261191371 
2.036104164330 
2.097776369883 
1.863506751576 
2.259983733719 
2.044573347423 
1.729804089185 
1.948796801586 
2.385794943055 
2.046402195249 
1.758786073386 
2.232697717342 
2.144206893056 
2.292933739396 
2.077582646580 
1.810439220224 
1.587044721141 
1.898796144634 
1.794053202248 
2.174564366138 
1.763476231658 
1.721379054416 
1.871064968235 
1.677367906346 
1.646333594819 
1.665079829577 
1.724162676159 
1.705864966188 
1.918681492662 
1.925841421199 
1.695906142190 
1.582067230534 
1.683394199909 
1.789821413287 
1.674085410784 
1.692138469121 
1.738332186769 
1.669722577373 
1.774655648291 
1.661248541892 
1.809188127532 
1.924833515728 
2.078915333311 
2.081880171147 
2.152711756058 
1.949982495770 
1.961275799967 
1.913325569311 
1.888290135503 
2.191022064708 
1.997580384523 
2.103422398659 
1.977708354108 
1.779157255655 
1.510150542325 
1.683452015417 
1.928661585091 
2.029930039069 
1.923158216607 
1.993280150436 
2.053960818029 
2.069666952789 
1.930611023132 
2.241702639113 
2.220327719113 
2.009866086643 
1.980563593267 
1.799395227525 
1.735445112494 
1.764535077848 
1.653515018964 
1.499216407310 
1.796833862500 
1.768513661103 
1.914165982130 
2.086092195474 
2.265900534498 
1.992774702475 
2.057688751633 
2.189013012020 
2.069329636793 
1.825541173975 
1.758587674319 
1.812160746946 
1.791716919267 
1.726007225521 
1.666077540483 
1.647790929369 
1.604432818148 
1.805133637690 
2.006231937954 
1.992608147776 
1.972258514692 
2.006506320412 
1.997400923895 
1.637471157431 
1.854250865177 
1.869927797070 
1.686406893119 
1.756469705230 
1.614083722211 
1.514735984581 
1.966641881965 
1.719924597463 
1.928105282978 
1.997610495208 
1.955363194847 
1.923519939426 
1.802168798893 
1.782845020723 
1.903149599341 
1.870317720907 
1.846239431515 
1.906704097486 
1.922048758540 
1.922649789621 
1.854877548381 
1.995633750683 
2.143116946317 
2.027795892090 
1.955501337650 
1.840006493433 
2.027146644593 
2.168385599658 
2.123449748915 
1.901392210442 
2.074573913636 
1.801803853873 
1.920352529836 
1.894135571712 
1.919928935565 
1.948370565943 
2.054141452800 
1.836313954396 
1.695200231787 
1.520664839779 
1.659942249568 
1.795098872760 
1.904184422685 
1.863076539742 
2.196025311793 
1.999355168717 
2.065268258905 
1.909040942255 
1.940874647310 
1.883651434899 
1.766531706478 
1.797520244856 
1.729957360150 
1.922314255789 
1.983262659436 
1.865969933792 
1.856675391146 
2.188565805902 
1.915560901791 
1.955558882759 
1.996768163900 
1.964733056451 
2.092353672728 
2.145917786018 
2.268673249734 
1.937604124951 
1.825509615566 
1.795703845807 
1.992604200150 
2.003164386166 
1.883257854336 
1.887639026500 
1.926957064449 
2.034283377320 
2.059401782475 
2.175108937481 
2.385867414080 
1.964742625850 
1.941315753006 
1.970149196291 
2.006939754434 
2.042953796139 
2.042102203707 
1.924298891812 
1.712510712955 
1.869770453712 
1.905930805050 
1.710231067884 
1.998586568385 
2.145288637194 
2.315310401136 
2.011403060032 
1.976555190970 
1.895598421403 
2.209136273697 
2.307315936271 
1.861563622561 
1.758204234347 
1.831264369669 
1.792708678264 
1.785702983830 
1.674875468274 
1.807932686293 
1.798180261795 
1.770621308934 
1.694283165988 
1.853999024793 
1.695894336746 
1.791258357473 
1.814189661304 
1.649043175393 
1.816135929105 
1.805945358122 
1.926217109576 
1.836024046272 
1.757764609202 
1.744492969174 
1.798742610815 
1.731346815230 
1.991159438885 
1.908119539445 
1.645039569476 
1.896887459790 
1.775336895400 
1.847740255042 
1.768007394116 
1.785669668254 
1.813456021482 
1.777958126203 
1.866639454786 
1.906138775111 
1.799971432976 
1.800949001397 
1.704631905212 
1.768700802874 
1.883593304926 
1.664928477978 
1.748871250131 
1.791190145188 
1.883336161387 
1.968631869503 
1.576484444257 
2.008444733405 
1.752987457423 
1.638307635703 
1.833308530535 
2.132862492828 
2.160887107209 
2.099007498104 
2.164042981436 
2.157523360250 
2.231712964854 
2.164314023023 
2.096129509517 
1.869566236293 
1.611729024768 
1.672664568396 
1.649475101370 
1.907103439468 
2.199315831078 
2.174006618143 
2.250968722790 
2.218354120438 
2.366586505893 
2.296399597580 
1.947791511426 
1.948562933195 
1.979211227323 
1.741045682300 
1.658740855078 
1.802332601262 
1.913945951224 
1.822846351027 
1.849248334988 
1.749166185880 
1.568236083540 
1.561293500581 
1.809779935025 
2.064444539286 
2.092680706287 
2.247328533046 
2.056980603862 
2.091942380195 
2.113553556805 
2.044629944118 
2.061183569237 
2.034829509673 
1.980355219621 
1.897070356910 
1.942510827445 
1.967682858902 
1.997907191788 
2.373585832211 
2.116177176973 
1.879408740607 
1.979850088788 
2.172669963284 
1.748187100451 
1.862198326103 
1.821099661048 
1.902252341669 
1.915039828769 
1.852858675487 
1.666348181935 
1.659642126843 
1.678059767338 
1.942246674329 
1.957206279608 
2.072677663403 
1.885197991134 
1.709598242128 
1.921501412968 
1.848541254247 
1.973774126864 
1.828997442250 
1.865639299608 
1.645327719248 
1.768245698235 
1.701398638566 
1.561750868337 
1.778698453085 
1.764918048307 
2.067745907720 
2.152029196858 
2.160710021733 
2.182554305575 
1.848827792049 
1.928691538571 
1.775879031710 
1.839417220438 
2.089970414195 
1.767091557238 
1.533213417004 
1.931003909170 
1.934389153809 
1.982790893287 
1.970273853727 
1.756059893843 
1.764643060928 
1.805756205392 
2.036493084451 
1.858068525199 
1.855355799972 
1.651343593935 
1.780874559382 
1.798596198502 
1.720656859711 
1.627379369253 
1.622564560612 
1.567659215559 
1.765298154718 
1.815461680362 
1.807030732117 
1.814558852020 
1.478617804204 
1.655446140474 
1.640987114636 
1.670108359278 
1.725726617643 
1.600575398862 
1.334111547186 
1.680547901013 
1.704896764484 
2.189977534640 
2.457281211711 
2.156687990036 
2.434121822122 
2.258461609261 
2.230185839257 
2.054149827355 
1.971437418490 
1.974066135029 
1.776238809888 
1.619508503211 
1.737949772266 
1.925622052705 
1.792359938817 
1.714712078841 
1.825876865671 
1.773289576557 
1.999104224416 
1.925901798705 
2.041812402175 
2.292076567442 
2.431239580616 
2.314266629763 
2.209768553958 
2.166232013996 
2.110790134380 
2.277507629161 
2.302131829876 
2.204306855286 
1.635235561252 
1.709277416950 
1.756156474646 
1.842753901544 
1.752208411012 
1.815061184355 
1.741498822622 
1.831507816827 
1.698390731146 
1.794040457216 
1.759094659396 
1.764187747714 
1.989820633920 
2.067647796984 
2.029720093237 
1.858528158059 
1.704285311629 
1.586403372119 
1.797480334361 
1.826468792972 
1.817516329267 
1.766284912174 
1.639816935893 
1.672388220920 
1.515183612946 
1.512765068207 
1.654277949142 
1.731996419043 
1.717685610746 
1.713879608893 
1.900275920130 
1.715484744388 
1.735009794080 
1.796939338637 
1.990975125016 
1.707992493878 
2.137126407847 
2.239366914609 
2.057258587933 
1.914396806701 
2.032756707528 
1.964745875052 
1.993545790671 
1.699066121574 
1.712406880904 
1.753343499696 
1.661999751930 
1.654740607854 
1.834448848904 
1.856543915045 
1.838280286868 
1.805630895605 
1.909029736627 
2.050280927964 
2.045122725188 
2.258955855986 
1.834046142273 
1.825836539690 
2.102074594558 
2.181289066342 
2.083274384506 
1.900336819488 
2.128408905958 
1.986754605677 
2.007907909496 
1.875157889236 
1.885357444918 
1.859356515185 
2.072452780935 
2.056515508390 
2.035154710417 
1.984193890454 
1.955574986010 
1.950909819421 
2.019903220717 
1.841975980543 
1.890678486878 
1.760477687753 
1.704349880666 
1.747478709362 
1.749329049016 
1.852207862057 
1.866803667503 
1.835280528529 
1.812855785442 
1.797476492260 
1.847704145379 
1.830232878190 
1.956073909045 
2.002928110219 
1.739467101722 
1.916649505727 
2.057503636187 
1.869972937066 
1.578566114274 
1.723198349445 
1.872579353466 
1.833985575693 
1.979011076455 
1.834027313169 
1.792948406787 
1.621658263104 
1.556998927361 
1.688681142445 
1.962358665211 
1.626937282426 
2.088607045417 
1.865596143871 
1.934562894583 
2.003149429079 
2.224871781922 
2.352019730961 
2.329242608657 
1.914007535964 
1.971950596219 
2.045798594346 
1.759512917075 
1.706541272621 
1.914953213432 
2.033222808929 
2.069916345051 
1.975455556508 
1.970805165437 
2.066356769357 
2.144707278345 
1.965181045213 
1.846133951625 
1.850021921493 
1.966843397760 
1.638814814122 
1.643744522742 
1.582589299139 
1.594992608856 
1.584749982739 
1.838270969669 
1.947194980252 
1.816784448094 
1.726809171115 
2.054812351249 
1.876556183741 
2.108532519248 
2.092126285976 
2.152745242586 
2.032454036693 
2.158420628241 
2.119835464770 
2.128085845623 
1.975170554391 
1.934457171190 
2.144591073124 
2.026551881233 
1.888595362084 
1.806093159702 
1.945515032039 
1.890665357521 
1.939095041634 
2.040284748732 
2.014453643970 
2.088967030202 
1.911704432249 
1.668155996095 
2.069522216342 
2.065191128256 
2.033891655716 
1.986115626470 
1.813821581105 
1.961828667310 
2.384105402532 
2.661719859502 
1.987132493555 
1.982004551698 
2.045950182354 
2.025188546378 
1.938413849586 
1.841030474006 
1.896102494610 
1.844968112834 
1.977884629266 
1.707177830370 
1.700758016719 
1.792992173788 
1.789725982351 
1.905261057092 
1.939847072076 
1.790606672283 
1.789852807108 
2.029816031845 
1.948946266517 
1.895753881574 
1.829497835063 
1.914958008650 
2.024084483469 
2.128690705292 
1.981277158913 
2.217602961884 
2.160552590214 
1.909073438009 
1.919764714329 
2.087310821912 
2.360292534588 
2.251276262873 
2.009020393560 
1.989275609332 
2.145077985126 
1.947762916344 
1.890997938331 
1.908386481051 
1.905965908300 
1.751472411302 
1.841147012161 
2.024975321375 
1.965719205948 
2.102244680311 
1.957742334326 
2.098701898813 
2.070049506223 
2.119304556476 
1.987545709398 
1.799036223518 
1.815159331900 
1.817269276055 
1.821585924683 
1.884230891887 
2.084410668921 
1.892586686966 
1.687955303316 
1.480847021153 
1.859408872477 
1.951378189697 
1.911281541703 
1.978900510994 
1.906201515560 
1.993038670792 
1.761892433269 
1.674208052205 
1.671186823305 
1.781187135061 
1.976900310645 
2.056168967751 
1.993137904607 
1.969987473744 
1.898453799901 
1.789098189943 
1.826785458858 
1.793254946308 
1.831615275362 
1.832516403799 
1.837282130010 
1.772339052666 
1.765385887589 
1.540389011599 
1.754397734077 
1.885550453408 
1.834269348161 
1.757528997914 
1.645893221101 
1.716262163709 
1.730830812932 
1.947900870839 
1.618508619582 
1.797352100993 
2.091427215300 
1.698969595004 
2.023886188887 
1.968002925271 
2.129026073050 
1.930085640451 
2.081187148616 
1.985886490928 
2.142939537073 
2.009633987512 
2.018750651474 
1.876499109719 
1.809791148753 
1.997293961227 
1.750457119997 
1.824652638074 
1.736758189600 
1.803437154854 
1.643232669343 
1.536840343358 
1.728221459618 
1.701246884064 
1.685882034428 
1.772653487382 
1.685820289473 
1.656272962783 
1.842811456614 
1.753569712055 
1.851345411791 
1.660530914923 
1.769190888787 
1.601193200356 
1.621480754811 
1.859949995406 
1.879606875567 
2.108545156099 
2.189679448272 
2.185653212128 
2.055283048158 
1.967144257970 
2.042541408177 
1.965857824917 
1.898581382918 
1.891593858139 
1.887472619348 
1.972319722765 
1.889781957878 
1.886009776914 
1.827899648183 
1.747642357996 
1.842419851627 
2.003599120997 
1.812654282732 
1.820436838619 
1.834452478045 
1.883546516851 
1.885175892974 
1.861025101791 
1.944579160604 
2.071885958196 
1.889357810923 
2.199789277919 
1.814431024895 
1.779855034026 
2.021842302576 
1.837762032433 
1.811546012952 
1.872598347470 
1.930146177411 
1.944784591199 
1.826752016398 
2.169703086152 
2.295955079083 
2.284563321399 
2.267796392868 
2.349732014098 
2.323300868333 
2.248567242662 
2.086007238757 
1.989443942196 
2.113774118886 
2.020450683414 
2.162278574956 
1.943411328227 
2.167467640899 
1.974106366561 
1.895976095426 
1.751347421248 
2.205517628695 
2.464800636855 
2.503363023870 
2.256494937573 
2.054559606558 
1.864855169579 
1.667991382080 
1.821586917738 
1.630888804101 
1.625939073499 
1.646637610547 
1.522760706064 
1.678210339519 
1.680838469473 
1.605662508130 
1.804727980978 
1.909286819392 
1.826744864631 
1.705494648343 
1.826007728972 
1.638049202452 
1.706675258704 
1.862489985680 
1.549164401875 
1.530385059082 
1.550822061110 
1.849669966224 
1.598335179497 
1.726273899125 
1.863059601671 
1.727695804957 
2.225198082755 
1.999762669613 
1.938408068092 
2.109056235186 
2.039337918033 
1.804668109886 
1.701818880398 
1.558398511318 
1.582877303390 
1.727191380360 
1.806184574499 
1.916348879614 
1.847398502442 
1.775631386621 
1.671544101952 
2.013321657691 
1.915591680593 
1.959521236921 
1.895691364812 
2.010158960132 
1.851798765017 
1.770404727501 
1.780703835180 
1.640676874835 
1.796518994273 
1.797496583725 
1.851775164906 
1.701470711460 
1.800782208124 
1.943124865844 
2.081102370137 
2.080749967564 
2.013299025403 
1.911901023395 
2.104581388584 
2.180396710689 
2.195255295665 
1.685265009133 
1.664040955913 
1.970111046060 
2.132116180054 
1.802683209694 
1.904452622842 
1.704583769459 
1.560132234929 
1.874196222701 
1.764403988464 
1.582883747390 
1.727604300055 
1.728585849816 
1.697113947436 
1.619686734495 
1.652657774408 
1.855971558232 
1.746873050682 
1.851591410744 
1.805114815506 
1.729502056717 
1.845071488542 
1.961457964150 
1.879009825369 
1.845716070632 
1.766943003286 
1.653359130828 
1.581636806393 
1.793035272482 
1.805412958091 
1.831804713480 
1.772559947294 
1.808207186384 
1.925168745222 
2.062966049597 
2.060774407461 
2.057677586964 
2.212234699905 
2.041359698293 
1.930760820506 
2.042745865742 
2.005098358975 
2.056048790182 
2.166392525695 
2.033207261053 
1.844250007235 
2.148188981287 
1.978872089151 
2.144297198210 
1.887737553958 
1.865557324444 
1.991951308967 
1.927488077701 
1.732748847774 
1.782930612184 
1.733465765517 
1.743166882050 
2.202105655067 
2.197413840161 
1.931063543540 
1.989903232146 
2.003287971448 
1.907748466939 
1.800140487127 
2.028648433877 
1.979801230568 
2.019171555746 
2.068993954672 
1.748948975869 
1.680151658362 
1.448460535790 
1.826810569890 
1.914526757680 
2.060418705409 
2.154589970700 
1.766758969975 
1.957965363231 
1.745003913599 
1.830685113724 
1.618374982085 
1.834953184980 
1.838842294277 
1.817998179681 
2.031293875906 
2.347258646835 
2.028570182548 
1.793015976576 
1.653111477464 
1.731133521504 
1.584902922460 
1.646342950305 
1.862680702131 
1.769896128345 
2.109999806986 
1.930872156360 
1.902238852165 
1.974534606888 
1.782270487008 
1.757858273151 
1.920576344402 
1.819485116688 
1.935681642190 
1.895725747803 
1.720896808145 
1.770262541079 
1.798514895926 
1.605733680657 
1.466831684751 
1.728458198758 
1.764413684862 
1.675708284487 
1.762191955699 
1.628910508107 
1.960738445932 
1.828350569483 
1.876225600039 
2.204516676383 
1.839017894448 
2.205465701909 
1.787113430279 
1.892745090363 
1.928029164720 
1.732125609761 
1.723838340338 
1.773833870451 
1.903479981461 
1.947598230656 
1.962728973300 
1.943394909572 
2.056844955887 
2.213820042121 
1.868020058359 
1.881017267829 
1.847357612069 
1.790609475848 
1.838642108414 
2.014512496195 
2.062818808605 
2.013742528750 
2.203914035661 
1.953871704269 
1.798747843678 
1.865725002004 
2.102489179330 
1.849354231429 
1.746580196271 
2.036670142901 
2.432193875642 
2.144208552333 
2.375863910122 
2.477937805118 
2.347811727942 
2.425908956917 
2.099811814697 
1.950080907697 
1.765003656631 
1.804800328399 
1.799285449031 
1.962079403700 
1.840153509026 
1.950185675533 
1.740915124415 
1.719103711628 
1.617420900599 
1.907534508524 
1.992220724641 
1.999542678762 
2.051498435438 
1.641381652634 
1.682114221539 
1.812245656828 
1.698976489018 
1.792844766080 
1.623001153215 
1.895804850732 
1.976407111717 
1.743279775996 
1.750370884661 
1.478182118339 
1.507617549629 
1.568564290519 
1.604472755381 
1.603614973644 
1.669723743431 
1.711581206535 
1.447678286379 
1.514300619928 
1.723180518882 
1.762583768835 
1.887261330358 
1.859652599742 
1.733261324226 
1.719329029397 
1.644110703848 
1.927559263069 
1.947578340577 
1.940819678330 
2.082495825431 
2.071625196108 
2.298018820054 
1.888713607546 
1.722133837025 
1.731407657543 
1.659009395008 
1.692484154941 
1.699204439657 
1.694225932658 
1.885627193586 
1.758083594149 
1.864095355409 
1.882466851328 
2.024518538941 
1.798050995506 
1.650163638177 
1.628001746540 
1.732500443728 
1.801831998040 
1.702678565454 
1.628657390110 
1.727912008715 
1.735732118330 
1.589392707435 
1.552291683727 
1.727070991837 
1.671672195319 
1.929798361845 
2.015588036731 
2.330553279546 
2.713114121709 
2.393128513024 
2.128646444117 
2.144536382996 
2.045062976921 
1.837724894897 
1.715897260640 
1.793984430654 
1.812423007433 
1.865037690675 
1.844240164580 
1.670841854545 
1.857971093213 
1.790950529528 
1.989004648811 
2.016845625738 
1.942068367410 
2.238781520610 
2.071688908088 
1.994264050442 
2.019004869083 
2.054096777239 
2.151340469813 
2.305486000919 
2.161987200677 
2.041603108693 
2.085718443390 
2.114913518596 
2.119745240307 
2.018965556553 
1.905617031550 
1.975502349016 
1.863024376589 
1.744905544504 
1.617911896625 
1.314101016481 
1.820838031604 
1.827505697910 
1.726779730609 
1.719313194589 
1.702864404754 
1.872165770822 
1.869360920666 
1.792114162504 
1.809722466420 
1.830774212181 
1.862316189747 
2.165638469800 
2.380688765971 
2.038892755162 
1.948040738942 
1.771998936662 
1.846460703034 
1.898188678763 
1.932702530099 
1.840285154493 
1.954074978528 
1.847226892695 
2.033082691906 
2.046028592217 
2.047471326975 
1.891012150378 
1.746665571595 
1.735208183045 
1.657260864366 
1.984968382944 
2.324297279886 
2.413007042605 
2.111591057648 
2.510133425275 
2.352859856157 
2.305546974281 
1.889448595467 
1.968429284082 
1.885919947411 
1.934394628989 
2.498183769882 
2.023585400877 
2.173116749943 
1.994363916169 
2.051306876861 
1.927301614757 
2.178241152814 
1.904034967766 
1.759179749445 
2.077862673638 
1.927066399275 
1.747564033378 
1.825818219590 
1.587993573723 
1.585442947151 
1.587248804650 
1.721108792127 
1.721935543730 
1.666481041223 
1.613222173497 
1.650052301722 
1.770274043519 
1.986906304876 
1.866350455345 
1.742904352859 
1.531753828386 
1.676525572476 
1.753900685334 
1.725675219002 
1.837269460887 
1.776879294342 
1.680139507740 
1.657606030685 
1.594860638452 
1.524923914857 
1.795573582304 
1.643276617213 
1.681929394363 
1.581841890538 
1.538950437644 
1.862862983945 
2.030578080653 
2.071047812438 
2.100798303644 
2.123571279602 
1.724275020377 
1.976659784947 
2.026674104955 
1.838388192085 
1.940431668268 
2.116343229655 
2.021378777681 
2.154789090673 
1.990897860222 
2.423446009193 
2.400620984360 
2.227495958704 
2.266097525737 
2.305466986645 
2.028177643475 
1.770434521405 
1.695754071876 
1.720750372317 
1.712317456219 
1.746131311121 
1.727879267704 
2.126207560493 
1.878044732885 
1.786406185400 
1.735364929208 
1.821736201623 
1.820934905092 
1.868067508839 
1.945791776663 
1.759010732766 
1.691598067618 
1.670661602429 
1.674158812338 
1.697055532668 
1.773339186178 
1.718071092414 
1.617597774061 
1.878450939962 
1.976961689797 
1.977683043047 
1.974193147921 
1.963840690141 
1.724418734830 
1.819761491988 
1.618046701645 
1.690752821861 
1.712961198518 
1.635326471516 
1.517824649323 
1.606847583606 
1.514670644779 
1.650777753427 
1.414100795953 
1.474138127695 
1.657475070058 
1.892885852244 
1.970681281185 
1.931456764379 
1.934329516243 
1.789013577417 
1.754567630454 
1.741551118957 
1.814284063953 
1.962741039073 
1.939021333813 
1.914575670129 
1.976017585626 
2.059302981444 
1.930972851805 
1.824438236737 
1.753912669658 
1.800312955021 
1.757896439229 
1.823818815056 
1.842883631514 
1.822329450226 
1.816387558253 
1.904157889240 
2.016790247305 
1.964675163790 
2.016597882791 
1.958600043903 
1.573797444074 
1.733199842953 
2.027530812962 
2.063637355152 
1.695646828796 
1.577372535073 
1.802127024952 
1.896936889532 
2.027585190183 
2.143559702406 
1.832280830583 
1.745440799378 
1.658299105904 
1.830042275075 
2.014862742560 
1.896566625355 
1.770904230913 
2.008722286061 
1.973264305003 
1.648014432428 
1.768252002565 
1.659897468342 
1.763748232662 
1.859361424398 
1.638179409437 
1.763668091045 
1.761172577586 
1.797094905623 
1.887987645706 
1.843888672642 
2.084579628945 
1.925300285483 
1.760950650510 
1.957480572984 
2.318591164336 
1.960119173955 
1.786921396448 
1.647062629447 
1.588756626794 
1.548792671716 
1.520184416812 
1.742223842624 
1.667200108333 
1.646023433358 
1.640724581929 
1.623315364215 
1.738531627021 
1.782299690240 
1.581640786216 
1.748978368295 
1.815354730611 
1.859189565897 
1.833776831787 
1.864859593813 
1.740692600506 
1.589225749285 
1.456405948299 
1.700144655508 
1.648889259797 
1.667622499850 
1.837719828951 
1.868160447582 
1.929153235625 
1.909101234831 
1.709713481173 
1.692409676977 
1.646181281894 
1.805861922563 
1.803535526636 
1.731662334074 
1.930174548289 
1.851179114062 
2.019021892899 
2.004985012707 
2.053441592929 
2.073885868643 
2.118110545078 
2.071974047567 
1.834242054450 
2.119035177397 
1.806455469058 
1.803434981180 
1.682524518324 
1.703402345802 
1.879792620174 
1.944499021773 
1.911020845184 
1.995251314352 
2.160663762117 
2.065679892420 
1.884339093779 
2.123618549442 
1.903222929311 
2.035763866357 
2.033756172800 
2.199022084585 
2.365593644484 
2.207451061105 
2.268888707970 
2.464770071724 
1.770170250620 
1.881398800506 
2.042279973705 
2.088366524417 
2.344508923084 
2.314070373217 
2.100027408741 
2.328672734045 
2.088586264689 
1.613099098690 
2.057027798111 
2.054246790794 
2.024873564544 
2.183738872211 
2.175528709067 
1.968721310557 
2.018308047986 
2.068822972157 
2.284602157870 
1.947005629457 
1.919733259726 
1.921811341173 
1.796853912266 
1.966658582917 
1.820258396565 
1.746879004970 
1.701659858941 
2.132911984636 
1.854250927955 
1.710637702643 
1.618961191420 
1.676308762213 
1.813185567438 
1.963048334412 
1.915315216011 
1.970486807896 
1.759558757727 
1.846869237339 
1.712211529950 
1.847907809702 
1.939456199397 
1.835258042521 
1.942871819536 
1.846777795093 
1.798626533611 
1.942384952593 
1.778308056857 
1.763501852674 
1.622548712001 
1.606201470262 
1.700032116179 
1.712486453813 
1.825345634392 
1.940293589481 
1.953912105715 
1.901819261287 
2.019712741744 
2.024463510564 
1.744682151883 
1.701860581735 
1.856046379266 
1.912656356818 
1.865055431006 
1.804720702930 
1.762955243857 
1.591806641394 
1.725840990425 
1.798103386176 
1.800391583025 
1.860001317818 
1.845122269741 
2.037170101661 
1.871616517028 
1.788268102505 
1.923021021809 
2.336782771211 
2.420756301335 
2.392499896540 
2.210642769403 
2.042373606630 
1.900747845741 
1.861745001241 
1.686918504846 
1.515352020954 
1.537202303953 
1.677566807036 
1.898739004683 
1.841055564774 
1.992226730781 
2.010583493195 
2.117687715123 
2.130657268764 
2.091538168847 
2.049291379426 
2.040090660047 
2.041984640915 
2.296366606570 
2.358153250893 
2.022739020091 
1.884940651455 
1.858440765046 
1.791084591328 
1.852158863059 
1.629743242268 
2.207237020273 
1.990136421908 
1.708693576120 
1.627561870321 
1.700703299060 
1.781756415408 
1.699259631444 
1.830628090820 
1.893492255292 
1.748736768420 
1.817626386015 
1.743403202431 
2.022743294270 
1.955070202022 
1.732235466436 
1.867533005362 
1.649036131670 
1.573539901890 
1.763165549068 
1.887823596467 
2.180408004858 
1.984819637802 
2.084294118459 
1.856837757078 
1.827893163042 
2.235545941777 
1.879921450583 
1.818315438900 
1.529626831919 
1.752740727155 
1.721538107438 
1.757387206909 
1.596164071157 
1.840873422903 
1.795402046330 
1.904016533912 
1.920928135867 
1.809645722086 
1.948723085277 
1.890278953376 
1.872405106715 
1.921252467858 
1.865780671517 
1.895191556887 
1.801499223517 
1.835070154945 
1.626357580068 
1.709706700075 
1.712934475229 
1.906843170526 
1.972532715416 
1.890808766138 
1.975496998466 
2.002416255365 
2.007552796916 
2.258156321760 
2.184322156361 
1.884766339610 
1.845519569561 
1.588655525216 
1.543594982300 
1.587670586376 
1.681854291605 
1.732143218792 
1.676554829862 
1.763005481168 
2.183532764390 
2.284438368941 
2.417874273066 
2.058830106593 
2.106043866772 
2.250557401979 
2.138846340754 
1.952958256256 
1.963378620299 
1.722204607020 
1.833954187708 
1.923563778223 
2.023303863021 
1.931213142181 
1.925332945269 
2.005918025839 
1.838301465500 
1.636452647953 
1.660378629086 
1.725906785589 
1.706148405861 
1.843064812881 
1.717522309418 
1.814060523826 
2.035036942763 
1.715767684065 
1.680016065563 
1.746883284718 
1.751328452901 
1.953958058821 
1.840791466962 
1.849476612090 
1.803026593789 
1.671586259900 
1.862838430005 
1.818227340507 
1.901813234011 
1.857376293847 
2.012637685781 
1.842882083976 
1.886855247836 
1.867896443231 
2.071315363210 
1.841805420464 
1.789729132971 
1.751664129343 
1.871894631347 
1.928504475111 
1.594439598264 
2.140136009661 
2.059803918062 
2.150008717142 
1.938358335361 
1.664362795046 
1.415231294724 
1.718317039818 
1.942674254828 
1.885971987916 
1.886807144665 
1.912830127156 
1.928977485195 
1.892585820982 
1.774449217471 
1.826124325539 
1.821995187041 
1.714199613906 
1.796728751075 
1.851316544589 
1.942233369444 
1.683885844700 
1.738316806748 
1.942946909917 
1.935502548784 
1.952068083280 
1.789910401229 
1.867293837170 
2.153226125813 
2.091727214681 
2.143328146997 
1.978359872862 
1.812850911507 
1.803610427521 
1.665763889241 
1.675218123464 
1.687957222528 
1.796131496968 
1.627978681453 
1.655877598371 
1.832310430371 
1.840311879336 
1.836542765506 
1.908162597934 
1.908875857582 
1.916410961034 
2.050917903964 
1.947627793700 
1.910099628956 
1.820162579496 
1.556605894252 
2.043807544290 
1.982673832974 
1.842698461758 
1.718517013211 
1.883000315963 
1.856511011461 
1.727361377395 
1.843584151949 
1.854013295599 
1.947750759561 
1.878276923465 
1.940212123026 
1.864104408532 
1.686730084797 
1.623251875461 
1.620644735018 
1.583727242618 
1.598784199487 
1.583811984890 
1.748169531783 
1.730401480847 
2.032718531234 
1.983675071363 
1.764349895194 
1.816512716374 
1.805998319705 
1.754845771537 
1.702692979222 
1.660852826877 
1.939559481197 
1.963962574032 
1.869490584574 
1.902860954578 
1.987443877509 
1.893550940090 
2.051900892971 
1.952148861979 
1.933260535932 
1.791997039667 
1.986430206341 
1.951162368925 
2.061982299779 
2.107871202218 
1.852899183372 
1.761305213636 
1.615881467872 
1.803856855758 
1.837716692183 
1.796341870473 
1.684181828264 
1.844385267679 
1.828112575104 
1.811151368232 
1.850433119443 
1.918711848308 
2.198763747874 
2.225027762702 
2.113880260242 
2.270344628752 
2.041452363808 
1.949168474352 
1.805069822399 
1.816752238529 
1.801869297844 
1.785165083952 
1.882736232484 
1.937533870247 
2.124043360601 
2.094843200028 
1.802909407388 
1.905321844481 
1.810048054508 
1.692840181557 
1.673285004442 
1.797295543241 
1.512773627165 
1.585237529993 
1.745564852485 
1.760085010953 
1.525523560714 
1.634696195266 
1.636144278362 
1.641465321808 
1.697007510734 
1.649003221177 
1.641786501242 
1.450059965617 
1.828403410573 
1.575893438853 
1.531715987954 
1.651937785169 
1.762083314241 
1.796455852079 
1.740655317901 
1.829667012275 
1.822716908993 
1.758793138744 
1.805845645359 
1.924995760723 
2.085517911182 
1.920849040019 
2.045920698693 
1.787275746929 
1.564265348394 
1.509005752453 
1.609738549241 
1.618824291325 
1.724795704562 
1.855791931576 
1.896205100492 
1.947407761465 
1.989268631397 
2.278393504521 
2.065120889085 
2.181665821260 
2.084009943606 
1.891085871217 
1.990194730385 
1.886002203812 
1.858177054400 
1.675544458127 
1.692467027102 
1.741255088155 
1.744570100491 
1.851447897609 
1.839168324121 
1.842055125292 
1.796138329785 
1.874814975833 
1.858557288310 
1.815596488357 
1.750483903492 
1.707791200898 
1.779939350595 
2.025569653911 
2.089616454908 
2.067187355774 
2.101185003537 
2.080903522601 
2.092806339449 
1.958576079564 
2.027581921479 
2.071260614292 
2.073208228933 
2.003526093035 
2.046395143048 
1.866773858299 
1.756179771228 
1.821495902437 
1.975209077542 
1.908829837211 
2.054843966873 
1.816146356545 
1.767032656517 
1.918706356915 
1.860922437039 
1.545453359048 
1.887902682657 
1.975959780750 
1.885711655910 
1.893541263568 
1.739871880317 
1.975318383177 
1.958761240579 
1.884182788375 
1.967094558623 
1.893665679560 
1.816230920721 
2.035371503542 
1.858828909960 
1.959835855162 
1.998389712759 
2.073437209816 
2.094054375297 
1.959870005225 
1.841648343961 
1.557610474097 
1.868376939297 
1.906293730587 
1.945969279345 
2.128986923241 
2.060701372319 
2.141003267193 
2.087806542781 
2.195232886302 
2.277913270672 
2.195046318689 
1.986967532024 
2.048695169183 
1.712209834437 
1.927993280880 
1.728426553614 
1.940968530147 
1.938390737803 
2.023202193654 
1.887320528769 
1.852698790795 
2.058688247854 
2.197224196105 
1.992125144697 
1.887024810299 
1.986715950114 
1.874838902719 
1.804715959063 
1.835566597838 
1.725350907525 
1.886066874903 
2.080198695089 
2.087135784379 
2.175279565249 
2.496999279747 
2.148402729105 
2.051423823110 
1.940775947573 
1.730337340170 
1.720326323087 
1.779669161386 
1.812585121166 
1.842039351731 
1.872473484830 
2.080608196057 
2.182992196330 
2.251245659947 
2.222705821695 
2.014617907941 
2.023458195914 
1.976668821187 
2.490158673264 
1.972375827405 
2.119237728565 
2.109378725025 
1.797058869645 
1.755881379489 
1.768659249865 
1.633915032373 
1.768996403431 
1.672148073690 
1.748761774305 
1.701401990587 
1.690748512007 
1.696079569108 
1.793395882709 
1.943359763497 
1.895512805235 
1.866899984895 
1.975696667992 
2.172702528523 
2.315714749589 
2.259191645329 
2.002913714766 
2.114151907855 
2.021181604994 
2.076584678489 
2.029676099044 
1.865059184458 
1.890351757552 
1.839923331371 
1.798140479305 
1.778891082564 
1.900488767950 
2.006245108817 
1.884412924049 
1.730039519479 
1.581066286790 
1.837973953818 
1.904019006205 
1.966237278974 
1.794486105042 
1.872724515289 
1.710542109771 
1.898022322189 
1.821998656082 
1.667354280464 
1.794775969587 
2.243219388676 
2.142385831961 
2.111783886006 
2.307725736478 
2.088043751116 
2.200858933019 
2.383732599373 
2.537348727067 
1.968626214125 
2.185521117662 
2.168586073345 
2.167528678485 
2.167255442697 
2.156586299427 
2.159366268686 
1.852964984280 
1.821008632235 
1.854929852716 
1.904295059809 
1.996640116820 
1.866223476211 
1.601607753831 
1.840923287743 
1.819574055140 
1.802870778048 
1.779742490645 
1.886836881350 
1.915122478122 
1.946303487646 
1.804931313603 
2.160003338059 
2.158456658749 
1.916953592786 
1.753481976635 
1.867070691189 
1.813944150405 
1.564125680256 
1.810272663863 
1.648705531014 
1.465376089324 
1.731754416836 
1.853769866192 
1.908138142570 
1.970940276650 
1.775569053639 
1.760217112271 
1.799699869223 
1.674075847180 
1.697683440396 
1.788659801016 
1.749839746884 
1.767145210376 
1.870678806481 
2.048892756729 
1.737885072378 
1.829268124583 
1.782939301222 
1.748302625662 
1.697330623799 
1.691881777656 
1.791703192471 
1.828252593098 
1.840439420045 
1.939762899322 
1.679685488229 
1.630610777971 
1.835341080967 
1.883307773689 
1.767413414228 
1.687522057649 
1.745255586841 
1.814077748040 
1.845199136734 
1.873633660853 
2.224458936911 
2.134799887099 
1.993800258076 
1.953345776931 
1.613277578078 
1.814135034335 
1.691682801369 
1.852063867999 
1.673570518391 
1.751057644299 
1.882536036085 
1.815194365858 
1.511792157769 
1.628581317116 
1.778979879906 
1.854777361847 
1.919576471679 
1.800379492885 
1.717653939300 
1.678555304880 
2.042114650970 
1.884945107180 
1.891527551285 
1.907373698722 
1.807102555551 
1.824981654096 
1.852447937932 
1.708532970177 
1.794802426973 
1.732239222889 
1.676363633877 
2.022681702187 
2.131182955373 
2.069763091483 
1.970326534201 
1.942494004066 
2.112035871588 
2.127450180075 
2.357276658018 
1.974903067324 
2.205811885546 
2.091824592626 
2.045822695442 
2.228522230961 
2.527246081278 
2.295122508359 
2.042258074677 
1.965922037870 
1.941440569545 
1.553818614078 
1.570593675702 
1.815017428736 
1.476402286983 
1.693610644472 
1.710307214983 
1.728686617961 
1.804601384933 
1.792082278735 
2.079191847521 
1.758017304500 
1.889512468597 
1.955719266978 
1.953871372684 
1.948944758505 
2.103329798249 
2.096580484980 
1.894774036813 
1.823894248408 
1.700774557039 
1.617322042908 
1.709439950205 
1.618892251817 
1.762996920265 
1.846492936802 
1.814636782688 
1.793561094220 
1.763979251590 
1.676080328908 
1.709891808145 
1.775280118217 
2.088468725927 
1.840170814482 
1.958380471544 
1.837662162961 
2.151797337653 
2.343219788900 
2.332701962588 
1.979540981674 
1.974445723543 
1.975371308593 
1.886882600795 
1.958329040771 
1.853609263424 
1.845698372942 
1.677594782043 
1.870798599075 
1.741443299761 
1.700083412502 
1.931376899677 
1.918114647360 
1.923966719320 
2.129565636723 
2.146894879224 
2.225387542142 
1.923048500467 
1.863090321349 
1.977121380119 
2.164872965859 
1.819723609759 
1.909211172839 
1.811488324331 
1.734066190477 
1.706618005823 
1.457239403463 
1.468677259948 
1.565917278982 
1.700841031495 
1.577610118978 
1.751878332641 
1.808905799587 
1.664032617818 
1.930689537310 
1.772885387673 
1.807912377922 
1.810152286563 
2.011234303381 
1.777245226129 
1.872515137488 
1.795355226039 
1.679406348911 
1.658938487656 
1.859689989745 
1.872958278985 
1.814769533822 
1.763947745181 
1.745463151924 
1.745951332597 
1.715856701937 
1.810610594087 
1.677242117338 
1.840809482027 
1.929295612357 
1.965576069061 
1.851453335586 
1.648024831493 
1.979412258327 
1.889606912943 
1.952263590659 
1.849202154158 
1.920374440624 
1.952232369941 
1.973462714093 
2.046318968068 
2.161655215244 
2.257491121139 
2.127785485608 
2.002692183684 
1.905014540933 
2.070184535054 
2.084095670418 
2.075743864009 
1.960376524569 
1.722598019299 
1.751038479803 
1.769674988257 
1.990523593247 
2.077425688355 
2.040610579751 
2.004683771398 
1.863595216659 
1.963908661305 
2.055068327204 
1.885100026879 
1.905711547503 
1.971847248129 
1.741916167094 
1.775846035500 
1.760011927280 
1.932554086848 
2.151523665083 
2.205463511476 
2.225979694403 
1.793970034381 
1.991866485092 
1.876947165143 
2.087041609555 
2.075043469837 
2.148933477351 
1.922257264670 
1.822876625399 
1.823823000585 
1.570740843188 
1.620064624336 
1.918716860855 
1.968557494017 
2.210341420086 
2.286522025460 
2.241958550605 
2.165320388101 
1.906104838209 
1.694177036303 
1.732023258040 
1.654657322067 
1.663171109188 
1.604332404325 
1.875738579933 
1.770508766784 
1.926571693317 
1.684041156830 
1.787318496186 
1.938953674540 
2.018023531381 
1.742386522479 
1.662895940903 
1.871631879607 
2.190859579613 
2.392875954517 
2.233066156403 
2.405163264403 
1.997661898357 
1.905027447808 
1.844563389368 
1.798318387720 
1.906381753866 
1.800560311451 
1.694813950128 
1.522640119949 
1.792811714950 
1.801833520702 
1.884791589371 
1.898691447241 
1.866545773890 
1.901277760793 
2.360637310298 
2.001558591909 
1.876426683299 
1.839705097304 
1.789817405386 
1.571527696526 
1.927910496799 
1.697578287461 
1.674391206237 
1.632024027674 
1.686207483532 
1.801164818133 
1.708123854332 
1.582898946746 
1.703986642250 
1.750761948982 
1.569021262808 
1.724208857258 
1.811874518319 
1.778681669616 
1.603520869213 
1.951019107654 
1.965518470100 
1.936496529021 
1.936197300681 
1.958673417420 
1.965633177008 
2.024869883245 
2.038924223709 
2.066067248488 
1.822978805116 
2.065420767364 
2.075484554223 
1.985535712536 
1.811824353225 
2.007531053780 
2.222008410029 
2.298923568022 
2.237090720000 
2.329580326384 
2.201901714404 
2.140043864790 
2.229351155405 
2.449851221927 
2.165264708625 
2.109154424012 
2.095116784399 
1.829379973565 
1.984273346470 
1.857446191472 
2.021005108117 
2.094327903553 
2.122637947267 
2.141631817690 
2.003440289132 
2.022436016853 
2.029444972165 
2.375655659408 
2.331248814589 
2.020161913749 
1.939803569885 
1.946555330682 
1.953053852843 
2.016569913109 
1.711084066116 
2.190611630189 
2.234558631171 
1.997411055381 
1.931742315045 
1.753565158733 
1.478410961710 
1.543507156969 
1.680557093226 
1.823331058741 
1.884101858364 
1.937839391311 
1.885830346031 
1.884403328336 
1.848206607541 
1.806193638273 
1.951855536994 
1.822611611387 
2.192881422568 
1.951861075607 
1.881225659988 
1.882216128369 
1.928900465666 
2.114214579039 
2.114519407550 
2.133239514744 
1.887089075439 
1.796737169117 
1.793200967994 
1.996314048911 
2.033170518039 
2.302199572676 
2.047032096351 
2.122822177410 
2.287090300639 
1.929754152938 
1.937443774711 
2.000181371897 
2.045145197833 
2.038856096168 
1.688038911054 
1.696809973147 
1.702000648452 
1.746411405428 
1.916619298884 
2.056902285837 
2.094588282856 
1.943302293214 
1.828509904200 
1.636741978085 
1.522681367820 
1.710533266374 
1.835382003953 
1.786426183134 
1.803056270869 
1.674729117495 
1.669422225871 
1.595176235295 
1.418376303998 
1.740896255770 
1.758804606196 
1.764122215891 
1.824867491806 
1.887622915516 
1.753768838181 
1.847634045711 
1.904299166349 
2.003340735918 
2.242543088872 
2.356975346998 
2.194253053417 
1.900803267522 
2.052991184437 
1.818799068430 
1.878639269400 
1.794389361202 
1.733550642891 
1.814029389339 
2.188238661411 
2.075859030445 
2.081029668749 
2.028142845926 
1.881924136827 
1.724126727068 
1.717369958367 
1.684801288097 
1.882403301069 
1.835127331874 
1.722594555137 
1.654165741845 
1.705080238649 
1.737780077191 
1.477532986108 
1.859351108115 
1.803237616620 
1.667044043473 
1.834787677444 
1.734506664753 
1.572124513057 
1.731329435981 
1.689596009702 
1.723585416659 
1.725816335367 
1.783863931991 
1.763123165842 
1.771900173340 
1.735400792704 
1.898726510188 
1.988999734357 
2.283307957764 
2.185376587257 
2.008430795784 
1.815288684287 
1.841568989858 
1.533974067327 
1.739676149050 
1.876214301772 
1.772144802358 
1.655250007757 
1.752351041505 
1.818521612546 
1.675693444903 
1.777402431175 
1.844333403045 
1.786633676985 
1.767600171666 
1.814477866234 
1.841995459738 
1.868808488953 
2.033540038638 
2.201113860344 
2.208924667702 
1.539859803801 
1.841256603028 
1.790886887502 
1.911096214318 
1.767337302954 
1.900890383337 
1.906900705849 
1.931581889912 
1.926655128067 
2.069571935458 
2.111290148533 
2.074400454816 
2.081078974519 
2.056120957674 
1.791762656636 
1.702687579329 
1.438492079359 
1.737571512837 
1.846163613013 
1.582750900389 
1.810955479052 
1.776620223632 
1.838752098235 
1.619294843918 
1.546423904559 
1.639945589540 
1.949710969659 
2.122430672296 
1.937787807525 
1.907062969738 
2.077914959818 
1.634416246465 
1.996771965438 
1.997725444085 
1.684060663055 
1.904476852536 
1.801814800435 
1.705063977252 
1.478284194531 
1.857362285918 
1.764873356495 
2.091598613899 
2.056115234616 
1.995367285119 
2.128262017139 
2.076120138820 
2.106934825630 
1.870812106928 
1.797544159388 
1.805500804879 
1.794791621553 
1.616850468327 
1.863932291528 
1.913939512761 
1.868523049601 
2.008236686356 
1.949972450549 
1.907722756872 
1.885049137427 
1.804478293482 
1.700894318250 
1.874429320796 
1.771314268060 
1.707190169557 
1.629929460146 
1.786659664864 
1.738336071923 
1.702884423174 
2.010157854892 
1.806959971426 
1.830544677160 
1.736491701268 
1.708975978193 
1.818305691095 
1.845960068123 
2.204949506941 
1.808263844548 
1.858226522143 
1.902479730062 
1.822048743400 
1.713920536153 
1.856195658739 
1.711659293270 
1.753926736922 
1.860152656878 
1.856242143108 
1.702465932809 
1.660445244324 
1.696013905106 
1.743941178728 
1.899079260993 
1.899160127758 
2.039823906665 
1.894304669051 
1.832494910496 
1.744304811410 
1.750440895111 
1.607172318045 
1.847939760250 
1.742669135372 
1.755035034101 
1.721855180043 
1.991258203936 
1.962988403679 
1.841882907729 
2.003871448872 
2.053701218730 
2.191087151116 
2.385087710916 
2.212564432966 
2.290860127895 
2.686190191940 
2.184332111005 
2.150718304612 
2.151196802724 
2.093131203912 
1.969784181338 
1.855316440916 
1.813695086477 
1.725401390816 
1.773060996464 
1.789767514445 
1.861619201632 
1.750261651746 
1.667418822981 
1.743564074793 
1.772967025304 
2.313804610263 
1.999101127623 
1.907384713228 
2.085546696221 
2.277662681287 
2.292050677412 
1.989964853784 
1.846834694351 
1.765618393280 
1.821474613529 
1.829915721237 
1.871664549183 
1.816909442568 
1.859323118901 
1.668962324009 
1.623779587482 
1.877150285437 
1.898527439183 
1.835249236513 
1.728472142241 
1.668572497717 
1.690229227331 
1.553679908295 
1.906538993417 
1.886181459949 
1.740750245033 
1.614630783996 
1.636031082604 
1.592343605445 
1.707585109477 
1.881893909162 
1.444419026327 
1.649769038971 
1.718459203880 
1.759697811608 
1.937285402816 
1.833293306123 
1.786306218233 
1.767066837968 
1.731161642687 
1.678903347039 
1.656678127246 
1.614322645770 
1.665102199951 
1.744929119835 
1.851617891563 
1.900352047430 
2.088780008764 
1.881722433898 
2.166795853337 
2.296927438335 
2.325343901668 
2.017876355800 
1.991152071211 
1.859929867118 
1.801112299435 
1.824251606032 
1.671389526214 
1.730229139973 
1.670373992797 
1.740102673720 
1.813301025571 
1.730788455554 
1.746209452932 
1.962354744228 
1.766015019404 
1.802889808008 
1.759359146415 
1.722781242831 
1.813286123974 
1.807540618130 
1.879908603083 
1.906146465906 
2.029225417191 
2.177245818578 
1.996587376069 
2.025338905986 
2.015568873385 
1.625732305260 
1.417634664908 
1.627979403430 
1.495758039563 
1.738224759117 
1.708040150041 
1.740109699683 
1.835972097335 
1.842052405405 
1.875921627822 
1.977816562303 
1.817599148371 
1.950854181122 
1.795253875356 
1.816953360477 
1.734137378478 
1.616772617747 
2.005954466311 
1.871636750106 
1.854401030195 
1.858456633979 
1.874053649666 
2.032698770969 
2.141758069578 
2.190781457917 
2.066469525436 
1.921890139112 
2.012290037251 
2.063369658385 
2.106081866800 
2.043774246412 
2.012132778254 
1.918828035306 
1.846845000751 
2.069433804919 
1.818221578102 
1.904027799929 
1.674539140722 
1.687472475534 
1.529522433360 
1.608187264706 
1.548516800727 
1.601420622859 
1.741439487449 
1.680927475995 
1.857514049222 
2.150095029522 
1.944879081198 
1.897596581184 
1.740941807208 
1.888984906214 
1.971899902126 
2.065782316055 
1.918420535588 
1.991971160757 
1.888243971320 
1.878132715832 
1.681051722431 
1.840400772716 
1.759039243607 
1.744970473518 
1.564967813645 
1.842843626015 
2.085801362022 
1.959508534796 
1.910758999135 
1.981789632608 
1.724269886300 
1.570155840921 
1.887954553731 
2.214344188632 
2.129090066470 
2.202939310012 
2.163829822089 
2.175222085869 
2.130998478544 
2.302702797547 
2.112444369971 
1.851787581693 
1.776472152153 
1.896331084896 
1.978151119067 
1.901384760450 
1.917319439871 
1.951348862001 
1.931375266011 
1.935961665427 
1.862711810145 
1.793497017306 
1.833554565251 
1.718049520490 
1.683771260289 
1.581769032372 
1.663288559908 
1.818684617520 
2.121204036347 
2.067852789629 
2.137116226124 
2.153437058718 
2.285168771196 
2.159550608533 
2.034600680927 
2.005819696635 
1.862972022432 
1.742805396649 
1.722910366229 
1.677203575354 
1.949417979532 
1.959718901794 
1.639766979634 
1.617946759878 
1.641679987932 
1.731487964076 
1.662236956196 
1.533062185715 
1.665973569816 
2.014674915232 
1.824667065014 
1.673615135700 
1.629465881626 
1.682454031386 
1.622316503531 
1.532878048202 
2.029689105544 
2.105087925578 
1.979800287792 
1.791615457791 
1.637256605082 
1.586146519328 
1.586824930546 
1.572525778540 
1.657600656591 
1.608884237875 
1.763932827407 
1.833007643521 
1.902576608921 
1.664823709356 
1.615090944980 
1.777701895137 
1.980550906842 
1.740029661682 
1.762839379930 
1.754555954372 
1.974933121755 
1.906197382812 
1.963072790485 
1.941289740812 
1.704968582918 
1.723146921362 
1.848280372561 
1.724133813544 
1.961910832576 
2.045260647432 
1.825445598528 
1.973380986420 
2.031520480121 
1.936578563709 
1.888997294474 
1.778597649718 
1.951605048753 
1.913088007977 
1.714728362777 
1.650493708807 
1.536007901463 
2.155054084702 
2.017986231493 
2.098908689475 
2.085286581817 
1.924509820526 
1.858872207641 
2.066047379162 
2.043547274778 
1.801862978601 
1.858358319323 
2.003740180223 
2.229122130866 
2.236641261481 
1.720412324866 
1.940810466336 
2.118783568874 
1.983969200421 
1.776931051928 
1.876322829464 
1.831871793825 
1.857383251801 
1.876785816637 
2.013012942255 
2.182345859589 
2.191518448842 
2.091155180436 
2.308243360662 
2.057709704536 
1.843558098699 
1.779421267818 
1.777063141554 
1.698012059995 
1.892531113650 
1.909332862484 
1.905039557811 
1.956733602904 
2.243025968997 
2.261994466533 
1.955333603278 
1.884867523213 
2.041832529210 
1.745077198779 
1.868221653202 
1.742181727269 
1.783483139212 
2.240173795599 
2.222842783187 
2.070249805549 
1.871869362810 
1.940330887977 
2.081180590126 
1.945951748401 
1.956648889158 
1.940322604807 
1.829982569060 
1.994091031950 
1.896442403374 
2.080047040343 
1.964323692131 
1.889325004247 
1.879490373424 
2.136725013358 
1.918489922600 
1.799231797088 
2.155004162094 
2.117043301254 
1.967150824411 
1.796375404776 
1.868467011471 
1.796541362920 
1.936702550286 
1.974450967569 
2.034274419906 
2.005585515976 
1.907051616837 
1.658720661717 
1.836753741896 
2.144630352066 
2.101434919822 
2.295749762011 
2.112159134665 
2.166875576110 
2.065040578296 
1.889229681121 
1.775559934936 
1.682332220019 
1.806233431780 
1.761039704077 
1.817028674118 
1.666255852172 
1.633821912283 
1.723247595407 
1.734067376069 
1.842896795942 
1.676229048689 
1.694797692558 
1.664571629672 
1.702689232258 
1.628448989574 
1.651243189635 
1.646494969815 
1.904175031103 
1.651327307056 
1.681406386687 
1.639931208058 
1.740179663914 
1.777314410114 
1.792593855566 
1.662975251356 
1.841521071822 
1.776478680342 
1.812627739704 
2.068516228755 
2.025596530167 
2.149902771618 
2.364145556453 
1.956074196881 
1.852558932384 
1.754543951475 
1.643713115758 
1.470553937229 
1.584519695669 
1.679620365496 
1.643817181818 
1.745481533608 
1.546173943413 
1.667587720821 
1.792576323350 
1.805669236789 
1.961236078690 
2.026249819883 
2.377479797857 
2.144910648044 
2.205062740336 
2.447035768230 
1.879604430900 
1.847375980452 
1.879745813929 
1.941162932737 
2.097085274185 
1.873907199868 
1.641257227406 
1.655384096042 
1.912920656972 
1.820911816209 
1.526432270957 
1.694053151540 
1.639746609201 
1.726060318994 
1.591538146075 
1.699770153709 
1.697775997662 
1.647031209248 
1.776640389333 
1.694692746338 
1.800576480407 
1.756910052670 
1.830489791881 
1.842937396731 
1.812276166058 
1.686472338339 
1.634579091053 
1.545542781605 
1.421259808085 
1.642543385268 
1.793605993334 
1.840951388163 
1.869890868429 
1.943663529747 
1.928748125430 
1.888834183604 
1.871919359976 
1.875445954486 
1.903554509412 
1.887535692321 
1.796633474879 
1.777270349583 
2.049323102818 
2.023485050403 
1.827785932411 
1.887237428736 
1.654710610815 
1.491336916713 
1.659549197732 
1.752409504807 
1.762096138470 
1.762649435157 
1.808906828466 
1.978702671897 
2.087724542133 
2.109373256525 
1.898743412378 
1.733677998846 
1.640760033665 
1.641150870065 
1.711453537231 
1.676379517706 
1.641502989146 
1.599726134057 
1.873555959128 
2.045248660242 
2.096948758563 
2.239717153269 
2.401966802086 
2.028626770352 
1.844745216689 
1.963731062565 
1.833350638145 
1.801058679156 
1.946478656702 
1.875919960531 
1.654743709903 
1.741229073834 
1.513196737125 
1.547020836982 
1.602581823748 
1.733912517458 
1.570531112553 
1.870852907754 
1.882201846066 
1.840727874792 
1.975295679667 
1.827604873411 
2.072763658000 
2.193260127512 
2.054487405813 
2.140169979202 
2.021007361874 
2.130160106004 
1.954821772650 
1.956581885606 
1.888714312319 
1.948814014387 
2.015861223180 
1.799415570819 
1.748808452141 
1.678623557074 
1.675220428187 
1.545910748313 
1.718761549515 
1.758553089077 
1.914337821866 
1.858348270533 
1.961939773120 
1.826702190457 
1.793524863541 
1.794441641803 
1.739031772740 
1.899999055618 
1.902033022216 
1.892210919194 
1.964679986297 
2.056938879710 
2.208986982430 
1.895334483911 
1.986509079164 
1.833260984937 
1.880899952820 
1.838348960565 
1.947139430643 
1.791002792623 
1.767209231159 
1.698279262334 
1.517847113838 
1.581451321501 
1.726949840032 
1.741767628927 
1.848209595006 
2.013841601487 
1.900932702793 
1.693512026654 
1.694186574594 
1.843500119103 
1.889496716209 
1.876999470689 
1.862009976141 
1.736728986089 
1.774351106915 
1.760519122959 
1.809038994575 
1.994303480853 
1.922937037341 
1.953751585058 
2.033711340422 
1.790396422948 
1.866223794244 
2.077813359938 
2.056781976027 
2.087290881211 
2.089266814784 
2.012409622587 
2.131054802699 
2.089405912725 
1.521617415786 
1.679163292042 
1.723341128387 
2.065614988798 
2.006738694873 
2.069913572793 
2.199841411417 
2.050740567449 
2.040860575261 
2.006299546200 
1.895632433394 
1.888034062804 
1.897025841595 
1.918107214393 
2.077466262045 
1.784440858583 
1.744703285521 
1.810669241634 
1.901906641376 
1.762730040429 
1.818147253629 
1.880647865065 
1.727223782934 
1.510411125932 
1.712502523364 
1.547749731136 
1.738688328969 
1.972775482595 
2.026012843907 
1.875578837790 
1.655120552505 
1.775875727680 
1.646430282076 
1.526443705408 
1.784832129349 
1.630297100615 
1.619912368968 
1.599046324193 
1.713860125225 
1.724497711703 
1.767662709847 
1.493459528779 
1.916951250050 
1.838725570155 
1.920447659710 
1.850206646828 
1.799646172695 
1.943371144938 
2.156062376853 
1.986380163062 
2.117779718248 
1.751108465554 
1.789017031761 
1.659483732865 
1.613110942961 
1.761721091021 
1.871963088660 
1.820213126484 
1.642949039755 
1.740110024241 
1.679954611143 
2.028269991036 
1.954376016252 
1.953683872858 
1.849568769865 
1.903291181779 
1.869548640138 
2.031983739128 
2.060408726955 
1.821431834864 
1.851790465590 
1.869297101017 
1.778045574549 
1.984314903055 
1.833648466078 
1.746451106702 
1.619400692538 
1.477453700554 
1.604798306610 
1.874446777476 
1.841654345790 
1.775896827864 
1.680862372814 
1.571188369800 
1.729601743008 
1.764654985584 
1.711670776084 
1.692880241753 
1.691391846813 
1.778564124652 
1.706203209643 
1.466419063490 
1.633090956780 
1.646154891294 
1.996656885760 
1.717845677583 
1.916754944047 
1.847376265449 
1.804491258349 
1.779403189190 
1.779352200372 
1.804422473184 
1.788661811341 
1.858620342941 
1.846728555979 
1.964667210960 
1.996244514359 
1.960592522871 
1.912062144547 
1.943319142414 
1.995245824144 
1.798317629605 
1.631397191574 
1.621048900400 
1.607549319530 
1.661035458963 
1.786216512588 
1.691199554757 
1.768560005527 
1.714431139236 
1.681602661419 
1.696647693583 
1.952899351670 
1.723355968889 
1.920786895814 
1.591923863984 
1.672448809146 
1.735310101519 
1.903515211748 
1.655209213007 
1.649469081695 
1.472465718628 
1.868561552165 
1.766756373298 
1.846253720782 
1.957897766578 
1.796533993934 
1.905437171533 
1.839645474794 
1.814522872357 
1.693503496272 
1.558594910417 
1.771987549447 
1.638587237248 
2.144437937650 
2.088727314598 
1.985797124667 
1.716791493142 
1.814441163896 
1.773399885040 
1.740171332064 
1.754659089068 
1.887560916548 
1.845346411059 
1.928689343427 
1.912441001644 
2.066607666039 
2.100995204956 
2.007965096442 
1.718690106559 
2.008270313123 
1.955806510186 
1.582379103038 
1.668102988853 
1.578471454060 
1.785530116200 
1.635697495457 
1.668096972818 
1.601208512072 
1.626553648132 
1.739384896446 
1.750277207424 
1.793491992930 
1.548226844872 
1.778117179139 
1.947661891978 
1.804507175290 
1.836115230852 
1.896422177556 
1.741990266884 
1.627498623297 
1.925978120950 
2.090639928874 
1.885102163688 
1.876300339301 
2.218931099357 
2.217729785081 
2.193118976310 
2.199135352574 
2.064004971496 
2.246482184847 
2.168015661837 
2.326502750050 
1.842467037387 
1.780808533794 
1.901185880745 
2.069687459148 
1.978504516995 
2.240740552171 
2.310786109464 
2.007543620065 
2.119750770381 
1.960812081071 
2.127512922911 
1.837047673278 
1.767108470924 
1.822519365638 
1.862042221971 
1.913109720940 
1.957019748419 
1.932690271059 
1.995339679346 
1.962733652342 
1.954924422189 
1.680583103469 
1.711915502508 
1.672881526655 
1.789327549147 
1.739381491592 
1.881625392139 
1.905929954831 
1.722386176939 
1.808696430869 
1.839760542016 
1.967224631027 
1.916777864468 
1.987383818069 
1.846395410826 
1.975844768333 
2.026273980860 
1.970481414182 
1.717774929034 
1.870208341607 
1.736120411576 
1.755027833460 
1.982039215528 
2.210314625113 
1.878267795169 
1.855728895007 
1.736010850420 
1.860615517791 
1.831755297573 
1.716355364646 
1.908371516678 
2.061172299813 
1.835678799199 
2.090845776512 
2.069620584054 
1.993285568419 
1.740850582090 
2.037678758232 
2.009508855341 
1.914666275937 
1.836116086221 
1.780987617037 
2.055864440996 
2.002489277111 
1.910091387880 
1.713599960065 
1.887890956061 
2.023248504566 
1.748850869280 
1.796618457546 
1.804353311585 
1.794030898098 
1.637626766074 
1.938572503505 
2.096769636664 
2.116019800967 
2.062434338999 
2.215028345775 
2.144792298837 
2.227218880774 
2.121188726152 
2.143886999964 
1.989045156084 
1.890721758298 
1.837304595396 
1.831364759713 
1.627451729337 
1.687532233914 
1.677157617813 
1.856429772488 
1.641936248558 
1.754501609137 
1.877077610532 
1.866414941639 
2.121952626946 
2.108263081971 
2.040874116395 
2.204251297858 
1.741630295799 
1.832126543129 
1.800353699773 
1.734359082645 
1.899942062799 
1.886823559161 
1.914870025938 
1.992302060552 
2.156559392401 
1.951903081464 
1.769272266410 
2.013892727599 
2.024314379822 
2.186447725046 
2.059417821965 
2.126050493727 
2.060566997903 
1.904831184420 
1.922710045214 
1.797083560574 
1.839779297552 
1.524418453722 
1.608937581325 
1.875547111206 
1.813074253442 
1.688664515091 
2.004263793588 
2.029663109260 
1.979640206074 
1.984465332999 
2.032375300828 
2.012926906154 
2.187887738178 
1.998284287238 
1.940716355950 
2.041669910720 
1.806877879158 
1.977412869243 
1.720022148561 
1.592183842446 
1.615873274120 
1.687338440730 
1.878805210652 
1.863883577022 
1.957360148428 
1.872464565491 
1.754056593736 
1.679420620299 
1.722445350311 
1.624979308961 
1.598211703338 
1.760586137596 
1.829965146458 
1.821422119299 
1.564631010624 
1.714124109513 
1.754869912660 
1.779093852128 
1.754816793575 
2.007656732923 
2.119325137393 
2.157486599159 
2.257248757861 
2.315494588817 
2.301257088144 
1.932742917700 
1.929220386132 
1.903598469313 
1.835948992803 
1.853483343031 
1.749075282942 
1.798061807002 
1.995445185591 
1.784638250356 
1.837995427963 
1.761517097783 
1.764898115537 
1.918991617965 
1.845751801916 
1.889078647250 
1.936504035823 
1.784165764257 
1.901938538454 
2.086597237103 
2.050012004850 
1.939865050669 
1.862902707495 
1.970831197661 
2.060179486709 
2.217961110080 
2.302924435066 
1.847862388993 
1.779180845011 
1.864204297359 
2.043900638997 
2.385876579061 
2.240339659873 
1.946687378754 
1.968264662808 
1.826053518427 
1.777712044922 
1.908312265802 
2.065373894373 
2.209392448547 
2.146420838851 
1.893493185161 
1.762410905903 
1.772775531185 
2.029280966614 
2.024488297945 
1.720162535859 
2.009070739222 
1.772292918169 
1.912629985531 
1.638491661482 
1.823765345102 
1.692601811584 
1.916740963672 
1.507361760309 
1.679448411454 
1.560822556172 
1.684094862175 
1.665644020935 
1.835409427951 
1.944486422888 
1.925594428332 
1.922409484275 
1.979831718221 
1.828240297961 
1.792322592031 
1.810549677462 
1.912704162538 
1.741532170715 
1.811861621009 
1.820356139542 
2.019384823507 
1.830225157556 
1.949926524898 
1.812926092909 
2.007948326054 
1.551520922709 
1.736940934673 
1.841761883088 
1.809512967611 
1.889369960572 
1.823271193283 
1.811373180371 
1.869864623773 
1.887419221404 
1.789995409293 
1.782773121929 
1.826445912975 
1.691556976456 
1.862050354169 
1.866155855825 
1.840638832471 
1.820661268806 
2.017427774795 
1.856026408670 
1.897026971657 
1.956361689013 
1.917694495928 
1.984652019842 
1.903472469857 
1.813709487374 
1.637527306212 
1.516812965607 
1.670770040737 
1.610510620317 
1.648638701685 
1.830806425475 
1.622496592494 
1.613621864852 
1.707670730977 
1.890129365202 
2.112982728598 
2.101341695045 
1.982219671451 
1.729396118303 
1.829633157835 
1.929728936597 
1.901463674897 
1.891255546626 
1.930623368001 
2.112391786109 
2.071996379003 
1.907647814913 
1.786664354776 
1.876182285594 
1.700697654498 
1.715199587041 
1.621652577515 
2.000719847690 
1.864559242234 
1.684864066505 
1.539267646138 
1.612100003710 
1.739994094404 
1.650902986694 
1.751968795016 
1.875767625126 
1.840032340626 
1.904596045464 
1.957155421170 
1.939961479170 
1.865234535530 
1.720760170457 
1.834667858678 
1.838672403900 
1.972030550385 
1.979680681421 
1.900093099112 
1.512624841917 
1.548596061792 
1.644497016294 
2.014434387067 
1.817212842491 
1.860802472609 
2.219544259286 
2.132731294767 
2.332971451033 
2.089072963780 
2.011393115083 
1.911464288780 
2.000092653563 
2.211335219482 
1.991803035971 
1.986266887197 
2.063686124060 
1.803119421011 
1.695262985217 
1.741214581015 
1.820519960498 
1.945947200050 
1.997262341338 
1.898069949077 
2.041248979210 
1.813966959407 
1.813834351451 
1.760408785225 
1.731345530352 
1.681807438796 
1.612687168121 
1.618575272053 
1.713191779546 
1.613130852422 
1.791490198356 
1.823584024849 
1.935571712444 
1.915633049218 
1.857201701088 
1.792857921626 
1.924151879256 
1.672537233103 
1.775969685962 
1.950941161333 
1.725522556933 
1.728342921879 
1.702072923657 
1.927025466622 
2.067512960786 
2.376966510867 
2.351071489069 
2.529030107272 
2.446961374834 
2.313804424951 
2.509550599836 
2.422637376109 
2.208479130819 
2.446281967882 
2.060786067323 
1.946745813357 
1.876777022140 
2.008899223920 
1.815098387459 
1.461601916595 
1.510077311293 
1.761605777121 
1.614704787877 
1.647972151144 
1.932669157433 
1.775677056283 
1.655151261878 
1.816157372540 
1.746161537659 
1.904211783529 
2.002200548172 
1.669617364677 
1.775388718781 
1.940233995534 
1.889605708518 
1.880395825523 
1.678178005998 
1.614230922951 
1.721241796022 
1.792596172741 
1.839254833645 
1.822605916616 
1.900952626075 
1.745390285423 
1.750915394746 
1.934533325192 
1.995599557183 
1.916799305516 
1.849809538029 
1.986131678049 
1.666811247803 
1.766005955426 
1.607234077923 
1.847160297918 
2.090164701048 
2.287593756841 
2.114263343865 
2.058846950478 
2.185804294388 
1.929348553531 
1.805418470343 
2.118973914414 
2.032916311615 
2.064915673859 
1.788810005810 
1.787162814014 
1.942713797358 
1.893191577248 
1.878924746827 
2.174734566728 
2.295186846842 
2.078020982037 
2.030356514055 
1.951212408932 
1.989446097248 
2.044435203287 
2.098106621396 
2.003164255942 
2.019419260683 
2.038584344547 
2.028785538723 
1.956248525600 
1.936858495181 
1.931513947212 
1.797338286746 
1.803168810466 
1.630966052945 
1.641986835517 
1.649060301474 
1.540885278759 
1.763337986568 
1.613373130024 
1.843732415138 
1.625286533528 
1.627703383588 
1.930147941287 
1.934853146564 
1.859439229918 
2.086187600607 
1.944516371696 
1.895913811468 
2.070336749897 
1.990407345621 
1.931382077943 
1.953015352557 
1.793965330657 
1.600609118641 
1.654658760680 
1.465066076960 
1.884037516278 
1.642064010252 
1.656608818557 
1.773144193587 
1.562940727912 
1.572800123970 
1.899340365168 
1.945630308186 
1.804623726250 
1.975316683803 
2.053272355337 
2.025649139739 
2.338483703410 
2.029744392455 
2.212134088806 
1.835468268662 
1.841689029963 
1.817809638346 
1.898222765224 
2.055972444018 
1.667087313418 
1.746678541974 
1.781049883211 
1.803486773012 
1.953994434463 
1.964127331689 
2.122812110046 
2.309372718377 
2.221589157164 
1.838990422703 
1.900570716053 
1.951067639884 
1.808474778911 
1.841367558922 
1.904652905225 
1.953215958556 
1.927978029147 
2.097825901401 
1.916714628406 
1.904058877233 
1.944696623199 
1.937548183972 
1.741048792234 
1.648140549284 
1.592861389081 
1.562547764133 
1.646038459115 
1.748726695129 
1.807116890551 
1.418446538168 
1.692975439613 
1.684293839094 
1.833802801801 
1.914680445330 
1.858295525001 
1.932847317910 
1.926730511984 
1.967869436889 
1.812255860324 
1.853498819790 
1.785522185744 
1.699197744112 
1.749895038825 
1.709260571239 
1.642044524142 
1.785620749803 
1.880606480688 
1.895959839129 
1.779708421078 
1.775079985054 
1.762122236420 
1.969207996979 
1.952988175437 
1.941709993698 
2.164474383451 
2.455027914479 
2.097461006357 
2.172488946482 
1.972641853479 
1.916494717511 
1.977151991346 
1.868279074272 
1.986706323374 
1.755258994595 
1.637641002425 
1.610707118512 
1.678908667938 
1.655569356708 
1.938601729889 
1.993515075260 
2.120312560082 
2.032318798932 
1.828625524271 
1.683646426943 
1.590431895982 
1.647788970831 
1.649017517171 
1.761915016382 
1.884180278407 
1.842968901503 
1.743869652803 
1.742718800327 
1.934453667044 
2.011951170762 
1.924856423508 
2.076394251821 
2.224120053643 
2.172869838982 
1.895116383970 
1.939629797458 
2.321405239270 
1.870246248403 
1.866512327038 
1.651170001960 
1.924931991343 
2.322522994471 
2.000266002180 
1.986579165576 
2.029010841722 
1.888440069922 
1.751257989181 
2.129869626431 
1.869806236610 
1.935679858808 
1.826613719244 
1.735970666190 
1.676708662765 
1.878308483886 
1.975391525516 
2.300791552921 
2.105120364771 
1.673679277243 
1.767374939199 
1.876135814484 
1.783957522391 
1.732959315968 
1.723371666455 
1.731142634210 
1.683401093612 
1.856614840006 
1.766052660663 
1.807012467951 
1.778840991885 
2.052596292196 
1.850222132773 
1.984531036281 
1.906533691864 
2.164359893642 
1.828387288171 
1.880711612449 
2.124892231885 
1.771821888891 
1.935114806906 
1.896714723518 
1.791864664270 
1.957314795843 
1.902382837509 
1.813329656785 
1.897789101592 
1.843713853538 
1.923861315486 
1.897154196888 
2.054444700993 
2.147035150007 
2.066644362854 
1.984572402060 
1.943486587787 
1.835571851107 
1.800946658873 
1.762634144380 
1.630976361695 
1.591355698747 
1.665002373487 
1.992716337077 
1.968829079765 
1.944620986611 
1.895008298957 
1.619073426671 
1.640339388187 
1.681402026975 
1.901523035423 
1.718374065581 
1.842783776120 
1.823069797914 
1.989890039414 
1.861756372057 
2.020036988073 
1.917415914337 
1.767403834951 
2.115462395114 
1.895130241306 
1.968195388414 
1.991491706415 
1.870988563648 
1.993690164679 
2.201175802275 
1.835597219909 
1.983735135700 
2.118047221751 
2.302445285274 
2.212758059383 
2.090076776450 
1.648538248863 
1.701582632115 
1.772107769219 
1.706795053598 
1.654245547898 
1.611764096973 
1.651316385983 
1.823699078585 
1.826827715639 
1.839837168013 
1.868240670112 
1.509495128810 
1.621088126792 
1.553083988210 
1.652482250277 
1.638053148559 
1.499489859336 
1.505452257789 
1.727310091106 
1.660633666772 
1.928116766109 
1.605560863607 
1.577045896214 
1.585943262344 
1.682283183665 
1.546539013669 
1.659528052812 
1.729849009342 
1.632925457145 
1.597658180929 
2.231184427322 
1.992206388095 
2.021836103865 
1.985186154627 
2.029406109535 
1.809101264504 
1.614909603041 
1.868985395628 
1.711872255077 
1.907601458556 
1.765910415036 
1.857958642684 
1.871694253398 
1.866694858386 
1.832065980830 
1.674362188445 
1.646223566811 
1.692722345815 
1.797643976171 
1.711634290562 
1.733148189123 
2.083130637706 
2.101311251412 
1.875544671719 
1.740934828526 
1.909260116903 
1.856531257528 
1.830409093279 
1.837303536356 
1.530662345918 
1.732344501489 
1.755049693529 
1.801401661247 
1.888917391780 
1.761326478621 
1.675171584975 
1.818027168778 
1.619155408613 
1.677768902826 
1.784762819954 
1.909535900902 
1.764581125215 
1.850630665176 
1.933078381051 
2.121504503050 
1.919121443152 
1.956877035094 
1.777663321155 
1.590663904791 
2.186481954719 
1.956728445564 
2.002501050114 
1.971360738625 
1.749557051646 
1.809581651206 
1.720412403857 
1.752780869147 
1.754921330956 
1.781434427326 
1.556189100173 
1.640958146994 
1.486829817816 
1.638939365305 
1.521043900932 
1.786361661112 
1.704130582009 
1.783174416342 
1.764784508940 
1.716704277780 
1.654724994230 
1.746050112505 
1.699749322029 
1.620280889173 
1.737983872095 
1.772310989827 
1.644744843152 
1.606220814928 
1.813481624877 
1.986624802141 
1.921761792168 
1.800436886567 
1.778252978371 
1.727538176270 
1.674102564670 
1.888444906406 
1.918838489047 
1.906811180972 
1.957065485670 
2.000754795734 
1.745155039597 
1.749786357762 
1.727005501116 
1.789043094875 
1.776711879756 
1.694355633525 
1.763817381609 
1.679023697316 
1.572928953457 
1.596308685021 
1.706368558427 
1.515747252505 
1.750833776582 
1.793674660633 
1.614228135613 
2.052909521592 
2.006978570357 
1.744940812750 
1.815976638793 
2.023779325405 
1.926651490965 
1.934844400944 
2.171090219052 
2.485958987351 
2.361351924145 
2.153896166877 
2.197418609737 
2.103540376824 
2.080959788993 
2.002932066417 
1.793014673689 
1.744344199862 
1.635666564311 
1.692149997473 
1.723064964553 
1.799883146979 
1.848126055393 
1.903962171092 
1.597436506161 
1.465987202758 
1.744823532986 
2.063260639446 
1.991077177893 
1.998935128107 
1.983042733311 
1.993117422869 
2.115232185987 
2.084165681747 
2.155407449501 
1.783489976843 
2.172948592903 
2.245119820331 
2.174697181690 
2.173338424352 
2.096370174355 
2.183683271584 
2.251998306641 
1.893194429968 
2.135414044769 
1.898780941256 
2.002948804709 
2.033815624964 
2.074952473355 
1.705227737416 
1.695833446262 
1.890342905718 
1.991700701827 
1.803846668051 
1.557488220121 
1.523177473759 
1.480982436192 
1.646382990067 
2.013560123957 
1.786327014791 
1.731373500548 
1.909853409113 
1.728136896083 
1.983687170374 
1.876755184425 
2.061882563668 
2.410895254209 
2.127138428167 
2.153685252865 
2.126875850668 
2.013588672041 
1.913585215864 
2.185477117921 
1.877228216595 
1.827398467904 
2.218776509980 
2.307714499197 
1.754933043367 
1.625116729592 
1.612046377565 
1.475895605220 
1.573420248503 
1.950728237953 
1.730812555921 
1.885546811437 
2.016445830512 
1.561811881026 
1.843440663513 
1.559304614933 
1.773103863081 
1.625782190786 
1.787830843575 
1.545359793683 
1.743928574401 
1.748345311411 
1.647259894109 
1.851749104267 
1.775190470086 
1.814264581732 
1.724073487774 
1.740842018092 
1.613251173884 
1.602441548471 
1.724997825467 
1.776228920234 
1.846417357984 
1.819595486099 
1.705268693925 
1.728614633882 
1.779993997543 
1.756382412050 
1.746541986515 
1.771730582044 
1.647300385766 
1.529531813126 
1.468718225900 
2.026763361348 
2.055469597966 
1.963617319383 
1.952418925707 
1.882019276463 
1.997328155495 
2.052397617152 
2.098611858946 
2.340639947249 
2.540376684171 
2.479632926230 
2.246795497228 
2.365644680759 
2.013315608655 
2.076341368269 
1.855928905715 
1.942622132068 
1.754905928134 
1.990282670278 
1.952577790026 
2.213530509093 
2.084032147827 
1.960411025558 
1.958205499803 
1.959136860166 
1.966851222453 
1.841513309598 
1.841705565526 
1.767436902655 
1.899346895675 
1.951257497692 
1.868776738401 
1.898535869485 
1.833747431078 
2.099915792561 
1.860379351292 
1.782132309459 
1.917095731514 
1.695190556732 
1.817824860620 
1.849042472492 
1.942752030397 
1.722463227112 
1.522823442131 
1.702502337889 
1.731060555971 
1.538894462263 
1.605912692261 
1.775287569032 
1.609761419234 
1.674776057492 
1.790495090351 
1.785950672400 
1.898579693925 
1.957913392173 
1.939451015708 
1.915094862806 
1.877055267796 
1.844327120584 
1.881005403280 
1.920960777137 
1.913450879106 
1.899137338775 
2.205867945354 
1.873233106755 
1.931198245298 
1.728231709391 
1.884412761321 
1.851094926443 
1.774033909208 
1.774623192468 
1.754360999409 
1.694844228940 
1.670981438344 
1.684327635913 
1.646824715347 
1.695365881883 
1.590531511966 
1.569449236556 
1.894531130307 
2.056509006728 
1.780876661152 
1.936436347155 
2.156321132850 
2.483296382832 
2.335748319026 
2.221131119069 
2.050501873990 
2.075609303405 
1.768931484671 
1.896680388682 
2.105615319962 
1.796550000158 
1.815904643330 
1.840717302485 
1.831424222516 
1.848733550573 
1.911311263998 
1.863595917513 
1.714305188878 
1.935095181247 
1.958999672857 
1.957929882348 
1.627051061725 
1.813215107351 
1.964574154491 
1.985631622453 
1.894693880302 
1.782224307682 
1.682998170513 
1.833539516015 
1.754942035541 
2.025115093457 
1.763951472100 
1.787535446270 
1.741585502883 
1.881565891121 
1.771026348877 
1.646751982263 
1.696397943069 
1.719857686317 
1.887593172274 
2.215490974343 
2.050400887049 
1.954660800524 
2.010347272681 
1.693308528321 
2.083436014343 
2.081029666807 
2.003363283734 
1.869089952943 
1.854572331759 
2.058538122273 
2.301276535334 
2.232831900723 
2.279329120450 
2.393842466868 
2.300030551196 
1.686972575646 
1.507651909394 
1.559958215171 
1.835223300092 
1.812742205020 
1.901518590615 
1.614973290015 
1.801096427087 
1.807327126317 
1.874356352625 
1.740325943854 
1.866089264092 
1.773994877763 
1.767927939708 
1.688637327413 
1.772804508709 
1.808824369741 
1.870659091334 
1.952656057009 
1.989667167374 
1.924586664840 
1.800906675371 
1.791408607563 
1.877836381215 
1.789696982459 
2.049039342156 
1.855731168095 
1.907592354714 
1.882456083230 
1.819853333268 
2.083654899032 
1.997969135919 
2.056417676592 
1.967397586667 
1.845433742425 
1.862771801778 
1.878890246705 
1.872208755798 
1.872347677403 
1.961951804765 
1.990961801107 
1.829027981224 
2.123024331121 
2.291616528958 
2.287788169810 
2.395314874689 
2.073765170505 
2.355247636728 
2.108124147990 
2.001488553903 
1.820972530491 
1.606373187950 
1.572893060620 
1.636167880522 
1.540270701654 
1.454711868598 
1.641094075025 
1.776903683240 
1.835733497093 
1.961555692203 
1.995419978827 
1.683654845976 
1.827942537986 
1.910274446409 
1.792139006718 
1.689513798041 
1.457149555186 
1.657465330618 
1.426267246514 
1.651272429233 
1.875938927302 
1.863727753462 
1.879527499223 
1.852140375853 
1.612867653830 
1.529853369440 
1.957520333235 
1.863880563693 
1.903091552234 
1.541798789029 
1.459938830307 
1.505164146744 
1.641258899399 
1.534485324069 
1.744560711331 
1.444135538270 
1.583102501885 
1.599625149911 
1.662448199829 
1.784772668752 
1.654127309728 
1.730737868294 
1.807010357179 
1.747997661526 
1.725700340577 
1.576892722987 
1.649687467334 
1.715569605196 
1.716644873707 
1.908827757697 
1.998382149443 
2.002730600646 
2.006813808687 
2.068595291899 
2.040424213822 
2.037854321262 
2.100578112416 
2.067811104069 
2.156840987729 
2.012815773156 
1.996795601778 
2.103532438963 
1.760521620409 
1.816577902738 
1.693592890857 
1.896997704808 
1.828261647931 
1.857816619230 
1.729710230285 
1.748090507318 
1.831942722569 
1.624158451586 
1.612810274830 
1.637517418351 
1.662788580784 
1.753673520273 
1.768466938049 
1.956836360132 
2.087712638663 
1.921800370543 
2.015417969805 
1.907443993157 
1.963635454352 
1.767832595398 
1.892181775920 
1.840937420233 
1.671515999360 
1.979700879848 
1.746698128525 
2.172984629821 
2.343830794666 
1.975865737592 
1.897915232331 
1.878012557591 
1.983562747315 
1.924278151529 
1.987270465269 
1.876822763961 
2.042746258357 
2.010778517826 
1.838734187269 
1.766018681166 
1.785666785244 
1.792176738540 
1.879375304388 
1.823261437816 
1.996535867045 
2.244316686137 
2.137554490120 
2.251402228885 
2.220783464910 
2.308319613795 
2.287606773671 
2.047653466097 
2.082745098365 
2.190829938384 
2.272127428927 
1.997276277600 
2.172198447855 
1.866832337832 
1.987421043886 
1.810054250271 
1.808628234310 
1.755994506054 
1.710217832829 
1.715496864627 
1.653658452190 
1.702999097211 
1.635726126052 
1.562039515151 
1.700597379366 
1.594011903244 
1.740000926943 
1.885990073517 
1.645670138570 
1.663253416322 
1.920876757670 
1.811446278687 
1.942048632663 
1.931081095235 
2.029207453513 
2.046237592451 
1.843504688590 
1.980335405572 
1.704162630176 
1.810175143075 
1.941067111894 
1.775222336122 
2.216994398611 
1.972207871824 
2.027100786109 
2.376960040066 
2.053186660782 
2.100337364116 
2.038226034943 
1.964121347913 
1.965685150576 
1.700946845967 
1.822349333286 
1.701677330405 
1.705592401141 
1.880460717572 
1.697423259973 
1.637548171725 
1.825276354392 
1.635848909573 
1.787308933136 
1.758455346203 
1.861225513101 
1.999066100926 
2.104858919528 
1.898307729586 
1.954590498785 
1.731474409250 
1.752148399432 
1.655455168259 
1.698455197763 
1.755009921426 
1.926327571497 
1.803445469944 
2.070126105538 
1.780041379105 
1.876093990987 
1.872176808173 
1.886875394718 
1.924255552608 
1.956941121964 
1.882356189698 
1.874622142240 
1.824089258013 
1.872958358418 
2.084340317742 
1.975211578384 
1.805181494257 
1.884124067841 
1.887228990616 
1.651297195224 
1.721744082469 
2.054736302500 
1.895551465983 
2.010841512950 
2.058512897781 
2.000333426061 
1.980133046572 
1.764977648913 
1.841426856053 
1.826887894702 
1.869066745727 
1.922218562846 
1.893522223422 
1.554153624510 
1.586899158419 
1.579780821269 
1.713122662645 
1.701687616006 
1.829149638887 
1.622270168754 
1.480448096460 
1.554239350000 
1.551364963534 
1.855410337821 
1.657622757763 
1.611988313111 
2.075817410727 
2.142254432052 
2.067537998441 
1.946194944374 
2.067435758071 
2.040068387350 
2.078025316910 
2.090288325787 
2.111192350917 
1.960677577311 
1.894056034056 
1.813567124942 
1.775696413643 
1.730544742972 
1.701109082532 
1.511904028775 
1.628191971875 
1.502561938310 
1.738877672759 
1.699440641727 
1.803212858133 
1.766516322862 
2.039850435684 
1.679768622813 
1.982836710085 
1.928571552546 
1.908349279846 
1.918919608932 
1.925064632535 
1.882622735617 
2.042541472058 
2.206089927059 
2.148258372243 
2.150175332883 
2.074530213928 
1.612895887751 
1.632597597583 
1.640914052644 
1.673105771843 
1.629416951691 
1.682721892067 
1.794903307405 
1.795998813406 
1.848768114262 
1.493019197793 
1.524855167644 
1.718951584216 
1.620145238781 
1.595554564064 
1.725112248704 
1.794454591927 
1.925384735982 
1.814200441007 
1.764729204047 
1.714965177855 
1.706198856252 
1.648831341094 
2.049624397558 
2.181567046324 
2.157368333579 
1.882580241067 
1.890113011279 
1.889994440204 
1.882801816556 
1.962043684552 
1.925758934893 
1.910094387325 
2.039038503483 
1.919767488070 
1.760479131214 
1.823734241787 
1.858027200778 
1.886805161252 
1.834061690724 
1.998402899993 
1.836246054283 
1.847502178947 
1.895511950555 
1.884835194902 
1.801441910598 
1.911791742514 
1.754279616478 
1.736559805852 
1.794734327889 
1.680333039308 
1.639586933921 
1.758036780081 
1.762312122154 
1.851257263281 
1.945642250895 
1.820964655646 
1.905905024320 
1.897782851722 
1.658473747325 
1.598896373161 
1.839276229407 
1.688130581271 
1.829918888775 
1.844613382319 
1.930636882316 
2.015865434751 
1.534332476608 
1.616281900452 
1.421761941655 
1.413878336122 
1.696216817959 
1.737029423597 
1.625371869437 
1.694988853275 
1.748504448354 
1.761087468616 
1.639504308533 
1.646698481265 
1.868577316862 
1.793976552869 
1.922172033092 
2.175646074696 
2.097567463503 
1.612593236056 
1.815899588887 
1.888004521277 
1.810075578707 
1.891696565678 
1.929435973450 
1.466839214023 
1.600009140618 
1.630764073174 
1.689260650615 
1.703789985015 
1.878279289203 
1.949305229051 
1.722791590790 
1.855630624979 
2.017303749462 
2.054110938709 
1.936183994828 
2.017352620361 
1.901177165113 
2.031810056997 
1.936265339885 
1.968776184597 
1.978257965285 
2.058374981318 
1.897874984456 
1.862609388155 
2.096659616548 
2.016625795251 
2.153281892092 
2.165144552532 
1.994709624841 
1.913290482649 
1.751061062815 
1.851428205036 
1.959357540907 
1.856416361636 
1.964303033493 
2.016992985528 
1.796073545191 
1.870876992754 
1.563025882674 
1.559413493746 
1.561126941862 
1.838787060168 
2.136587421826 
1.910490956181 
1.718622997438 
1.433101254615 
1.578018514808 
1.666520141236 
1.723078308293 
2.064097827412 
1.997118274329 
1.980443994842 
1.914672831873 
1.837368012120 
1.916133042095 
1.939971572834 
1.832362338267 
1.841283677117 
1.799092796879 
2.043886172374 
2.107884592764 
2.342273329802 
2.107477408778 
2.048981536454 
1.959618708933 
2.017295357845 
2.101591758527 
1.986540090239 
2.191753812500 
1.984706849834 
1.954567680990 
1.602557606014 
1.724108965778 
1.785843550505 
1.963257161281 
1.938061401129 
1.993710483051 
1.886847499424 
1.853834501291 
1.827619166036 
1.938277488881 
2.097125460846 
2.087700996876 
1.926023859640 
1.950632455535 
1.957514115504 
2.001506796832 
2.075670704730 
1.961013311506 
1.834439204166 
1.993529235668 
1.847776351466 
1.842194564385 
1.873071923569 
1.653489775402 
1.733444605511 
2.026914723220 
1.952488800033 
1.883814306712 
1.999160409985 
1.608489470988 
1.545066947621 
1.983585151927 
1.874883491748 
1.862287959761 
1.840862522278 
1.786945210497 
2.212275907643 
2.221702996605 
1.757746953258 
1.767952062994 
1.499872915938 
1.714548414218 
1.843655768651 
1.692586018216 
1.773659456733 
1.770408919614 
1.758739789604 
1.800097736047 
1.843310472765 
1.899809584841 
1.905321320574 
1.898886065665 
1.811064311514 
1.468146196778 
1.598827131802 
1.829494982283 
1.869503827431 
2.035335045847 
1.875487831841 
1.749100881229 
1.811242300938 
1.847831429431 
2.138893582321 
2.029513880586 
2.037127927564 
1.992960676584 
2.196956593593 
2.323015360812 
1.955322200128 
1.982819460406 
1.920604882503 
1.833184637327 
1.757740375246 
1.672773903755 
1.587546992251 
1.950970358983 
2.143664733882 
2.129047178854 
2.055169856060 
2.048989884277 
1.708018139363 
1.864852336550 
1.925986641133 
2.050434526733 
1.980812481800 
1.617677830589 
1.655341869038 
1.459380221515 
1.943671427511 
1.900626912874 
1.641289493341 
1.822132949823 
1.684828487255 
1.773439286481 
1.846294410510 
1.944903742942 
1.792548577296 
1.835555017412 
1.853806078388 
1.855287805923 
1.770330012268 
1.739591502175 
1.745057493667 
1.698240774556 
1.732406586475 
1.897270709792 
1.915201139955 
1.787776240705 
1.835195573041 
1.857611346044 
1.828259346771 
1.716716059052 
1.685269061559 
1.741935298097 
1.761751211037 
1.547813116547 
1.633873989367 
1.715411030828 
1.555464862986 
1.486602782616 
1.549119786079 
1.677447224162 
1.613342401300 
1.539126264626 
1.667867062425 
1.523704394715 
1.751807025270 
1.795739394529 
1.617640242126 
1.612885544633 
1.495668916982 
1.483462573810 
1.449841537279 
1.656908702993 
1.724675318203 
1.839140000770 
1.715091429719 
1.773845066012 
1.900992847901 
1.819037165416 
1.779148773062 
1.880218210807 
1.839041644754 
1.870182696839 
1.875691843705 
1.734457503810 
1.725144762478 
1.676968783367 
1.651212217560 
1.544552934932 
1.514113130808 
1.743089663579 
1.719505388676 
1.897237801713 
1.751520737259 
1.718490140092 
1.764068856281 
1.726796383273 
1.829315501247 
1.928022425386 
2.162336629139 
2.324711653940 
2.030503075184 
1.958086482960 
2.002511524946 
1.915369518305 
1.919679192548 
1.836766653221 
1.557496678508 
1.785364258213 
1.801751572642 
1.930100827022 
1.898286738073 
1.969591019009 
1.910020394383 
1.940013396704 
1.760855604081 
1.757048635513 
1.788374205603 
1.949553003890 
1.989672862835 
1.994568259341 
1.842273824556 
1.824191276384 
1.636933123020 
1.505013880560 
1.702899181421 
1.692739155981 
1.581878304051 
1.732512512283 
1.780435561812 
1.571183804544 
1.457163862981 
1.557812123201 
1.569610333487 
1.415754205361 
1.545118624259 
1.649145752153 
1.558353594168 
1.591477648707 
1.681256208361 
1.684573952465 
1.801731571614 
1.678106714920 
1.521583702077 
1.601120656989 
1.687189566754 
1.719954167872 
1.724963548599 
1.831685165581 
1.733451431135 
1.609226211715 
1.682443619960 
1.528777875571 
1.623055692388 
1.513953646515 
1.775346229753 
1.839701329823 
1.876045673981 
1.811803762794 
2.005364367283 
1.824348787601 
1.832801993090 
1.790337794385 
1.855747122692 
1.773107308548 
1.759922970118 
1.721946960101 
1.519943613575 
1.733881019077 
1.771021315534 
1.723808122018 
1.377826049792 
1.667277794859 
1.715711968163 
1.668433384500 
1.694487846935 
1.713238109266 
1.746882935772 
1.695640314862 
1.748551789908 
1.856922712871 
1.899036221210 
1.866493910924 
1.576954681169 
1.627914151524 
1.717264036298 
2.039522432747 
1.849508189933 
1.697375973975 
1.904445375133 
1.855013877819 
1.800752958594 
1.893283539961 
1.818043446815 
1.879883556544 
1.890281270433 
1.878953818135 
1.875543695103 
2.119042042942 
2.030918086577 
1.951067481732 
1.764849418388 
1.742122493985 
1.666282600012 
1.788965484785 
2.000466617062 
1.949645342918 
2.051113499669 
2.004730762620 
2.226836074686 
2.058488562478 
2.239943332769 
2.191906807687 
2.304494534590 
2.336900870153 
2.462556677081 
2.048080435215 
2.093890460030 
2.014126515578 
2.028368749305 
1.689581510872 
1.854245425254 
1.970321964033 
1.987453048356 
1.929928448125 
1.901632821204 
1.916170213867 
2.093189380638 
2.001189219321 
1.858000730222 
1.750419481255 
1.934005554975 
2.226882068108 
2.382175814617 
2.166909610201 
2.176795659704 
2.258773202671 
2.402009250266 
2.287922578434 
2.127294935262 
2.013045599746 
2.155186129382 
1.887747587652 
1.911254192967 
1.673193850226 
1.763829181694 
1.792605320229 
1.883717577840 
1.955125766866 
1.600663835562 
1.769546505409 
1.582200561395 
1.789493433579 
1.586166678953 
1.700573015887 
1.652913302611 
1.709708531045 
1.650805093880 
1.844548618176 
1.970136043847 
1.987926847479 
1.768130166118 
2.107537267476 
2.174338171650 
2.204005020177 
2.156394320930 
2.035948820368 
2.268565082801 
2.111061794523 
1.924582844509 
1.831385567982 
1.877259699867 
1.747267124878 
1.777683684466 
2.014365712913 
1.974914895089 
1.887623825127 
1.692570993183 
1.639080993572 
1.720142787402 
1.964330914324 
1.901624123574 
1.963795296185 
1.865019996101 
1.817646415502 
2.186910186656 
2.398001559331 
2.230137289844 
2.359122354529 
2.063877802039 
2.549679446732 
1.980365785507 
2.346765203779 
1.880288363361 
1.614751517843 
1.721016374962 
1.684111005008 
1.625531051961 
1.710660085231 
1.809632883061 
1.768203784261 
1.657300594422 
1.851840781361 
1.934740708631 
1.714104595329 
1.825316092654 
1.827324798955 
1.884824475397 
2.278195660902 
2.012018035938 
1.894728694681 
1.916876946253 
1.987733437328 
2.014641952967 
2.294506766146 
2.573887836828 
2.082301893577 
1.978369639932 
1.749351098101 
1.933569375348 
1.860729854954 
1.915105758778 
1.785688376889 
2.111681073377 
1.937207223337 
1.735695833944 
1.904797874394 
1.748536556648 
1.776870164215 
2.009263169627 
2.010123859383 
1.813547028145 
1.950128786043 
1.975761413317 
1.770550350272 
1.809327017155 
1.947501693654 
1.847827115590 
1.959512432709 
2.037626701032 
2.193594236563 
2.189394009636 
2.181036842492 
2.046360469323 
2.222024067789 
1.790082590326 
1.779457901255 
1.791392105544 
1.733421783269 
1.824659104008 
1.641635295372 
1.608847929979 
1.758348191337 
1.725163304271 
1.751285029156 
1.914773088300 
1.577608963745 
1.800741408851 
1.851326564530 
1.942885708093 
1.939120802109 
2.025733866699 
2.046816788937 
1.994690046768 
2.059283921746 
2.132475421093 
2.136902657765 
2.129393394449 
2.252275403241 
2.124549166912 
2.180024756629 
2.071328282344 
2.075661172373 
1.975801064307 
1.959184199816 
2.057924115400 
1.789904039194 
1.903418460631 
1.789117998643 
1.958630214275 
1.774069254872 
1.758692521429 
2.072278586975 
2.256471098874 
2.333828280971 
2.352494978876 
2.204481391670 
1.911274814027 
1.995751940606 
1.648324356293 
2.079944825631 
1.976925960165 
2.020460418240 
2.053236628641 
2.069001911862 
1.979236999266 
1.861339910815 
1.752659501385 
1.764527411117 
1.789690442800 
1.800252479512 
1.834517669431 
1.818481965854 
1.963297001398 
1.845062489880 
2.155211355518 
1.963077009796 
2.009474878309 
1.715581063758 
2.006593510100 
1.711830352484 
1.802962178548 
1.739651996129 
1.594275076873 
1.658480894937 
1.557331671626 
1.649277729685 
1.778703209854 
1.789910091912 
1.788186002567 
1.927661160601 
1.986238702858 
1.682160386985 
1.713196221285 
1.889541410305 
1.812709598213 
1.904312765714 
1.965421326252 
1.776396259543 
1.851108157333 
1.804176479393 
1.694682430503 
1.614369495271 
1.713555448070 
1.890518374056 
1.902064443892 
1.998090067548 
2.239457344126 
2.456049729817 
1.916725195415 
1.801761606025 
1.840340584418 
2.095281196992 
2.096400985544 
2.353062278897 
2.045461246640 
1.921639792844 
1.709216263223 
1.882353856428 
2.269288425423 
2.349899790940 
2.051704999428 
2.270943297965 
2.005487642135 
1.997029794478 
2.054380098250 
2.044169300047 
2.067727244506 
1.914129143679 
1.846143865178 
1.932164014898 
1.757444553363 
1.915304333099 
1.854311633621 
1.853106682844 
1.931115557630 
1.948606032700 
1.844005331071 
1.767620846207 
1.760625295735 
1.883069832007 
1.877912931648 
1.980546051373 
1.912236848671 
1.848169221166 
1.592020850380 
2.093978789187 
1.787595857750 
1.976214007469 
2.104568895895 
1.900780413226 
1.857317473290 
1.772603995230 
1.871328843326 
1.963361392133 
1.998849963266 
1.909481178753 
2.102974159187 
2.163277904679 
2.193702527031 
2.296002013120 
1.758745482212 
1.778285829402 
1.648523390773 
1.439754258598 
1.531800671116 
1.679131324836 
1.714183995459 
1.850009754449 
1.911736064857 
1.851260132823 
1.913137801234 
2.059931134808 
1.943896055300 
1.954246250679 
2.008878233319 
2.093048964049 
2.241886360279 
2.372694123666 
2.094108192804 
2.111400659525 
2.062865077971 
1.893527317016 
1.938114522561 
1.814001816346 
1.910851434971 
1.819991898002 
1.741271949945 
1.903396452250 
1.893031310952 
2.219195643132 
1.848375084527 
1.705540884546 
1.706277362656 
1.680289096800 
1.818721878500 
1.533447915584 
1.499495258337 
1.502478380672 
1.992196578207 
1.738005758694 
1.947946565242 
1.958598814998 
2.047431138520 
2.108934481791 
2.138480780881 
1.985156051134 
1.797626986284 
2.031452013907 
2.075152551599 
1.961209416702 
1.947213899428 
1.911985404780 
1.978068018307 
1.788705853598 
1.676409460394 
1.740406407386 
1.726950617319 
1.922424723328 
1.970868092813 
1.744387990664 
1.801111142178 
1.686518473901 
1.828511180907 
1.740679821583 
1.556647322136 
1.867846815389 
2.097488346462 
1.665806452247 
1.674975496444 
1.669166082223 
1.429335005145 
1.519752325597 
1.622318643227 
1.741890503083 
1.552810862797 
1.778773430556 
1.693370980994 
1.884892436015 
1.879207515108 
1.722158878060 
1.645178512939 
1.722237539970 
1.925885974542 
1.890565876796 
2.121657158214 
2.062288919533 
1.931666670655 
1.717474169438 
1.631000914387 
1.588076888889 
1.524207385868 
1.652484389765 
1.699385018670 
1.743924271974 
1.745671227590 
1.942107002006 
2.021540854640 
1.946017234024 
1.923544859198 
2.028065889552 
1.869833718525 
2.020633154696 
1.927484232879 
1.968637265003 
2.125695525748 
1.931738857941 
2.191350883302 
2.053903339843 
2.011606279452 
2.138026077314 
1.997656217948 
2.092271126569 
1.948051155025 
1.660739033761 
1.773896333130 
1.755401864081 
2.044383476866 
1.989049652051 
1.902653871302 
1.863132544576 
1.954140353732 
1.972058162272 
1.968203421462 
1.910735964809 
1.867176103756 
1.745256143881 
1.752148845353 
1.761633507793 
1.871553604217 
1.757517538550 
1.674931433907 
1.618652575191 
1.676544923135 
1.769482804767 
1.491568963516 
1.367621584243 
1.450234478417 
1.643779963767 
1.689331934602 
1.967392906254 
2.028222690989 
1.857934170233 
1.698073652659 
1.829345727016 
1.830313501502 
1.736467220744 
1.756324543248 
1.662485500812 
1.740563135359 
1.804105670812 
1.855640651356 
1.694302041877 
1.482526162115 
1.831021611105 
1.914862614264 
2.261807331592 
2.093375944894 
1.778756964720 
1.971401371948 
1.861781444394 
1.861759582064 
2.055320479775 
2.112975336986 
2.073140332365 
1.967253055411 
1.781170228222 
1.777912181314 
1.749461077245 
1.917225803893 
1.907006988355 
1.798498026354 
1.868521960592 
1.973355696793 
2.114983850761 
2.130559336304 
2.029670695999 
1.923328728184 
2.299049369442 
1.463339565989 
1.585598909983 
1.712552507867 
2.034163855043 
1.941603536709 
1.538417093315 
1.699987080376 
1.771457825293 
1.693914011942 
1.581637250205 
1.459628469210 
1.769408070959 
1.610067924455 
1.752151924629 
1.779783427430 
1.684446268828 
1.780994234387 
1.917484529449 
1.948662350181 
1.857501077621 
2.071474863124 
2.023357890271 
2.053444105423 
2.028614608408 
1.880938660528 
1.978936491421 
1.883091771336 
1.846089677443 
1.857865149496 
2.238024359897 
2.013637810678 
1.902531160220 
1.879980132398 
2.181229402916 
2.231437950302 
2.221161555645 
1.908874199044 
2.126048855812 
2.253655274242 
2.102629728280 
1.951086089751 
1.880775900116 
1.845907352806 
1.666212326400 
1.768010754942 
1.758294623961 
1.768192967568 
1.884255358948 
1.891694354056 
1.825052635846 
1.746692153796 
1.810881034998 
1.755866577089 
1.758701570313 
1.782945710507 
1.448988001448 
1.568403510681 
1.586518528905 
1.550238714133 
1.792950393913 
1.550738327441 
1.774922725497 
1.882284970714 
2.173851834057 
2.124693995072 
2.139402296820 
2.145622110530 
2.175754241478 
2.032446692101 
2.210647966622 
1.934409084704 
1.839524181036 
1.798420556109 
1.966105504355 
1.797191234751 
1.704958063058 
1.713793259949 
1.696689171508 
1.689784791776 
1.720686664041 
1.699565598385 
1.701917956802 
1.685853491261 
1.737793162591 
1.693471208701 
1.825543916556 
1.914182452015 
1.890740559007 
2.064418744306 
2.067775478853 
1.985401570710 
1.870010061216 
1.933695354546 
2.164262119555 
2.163995316427 
2.088985922577 
2.072440508835 
2.410463418136 
2.107789891989 
1.914944700368 
1.858688193056 
1.931416476581 
2.183523232180 
2.182664651395 
2.529118390968 
2.295564062502 
2.053128755611 
2.203169113962 
2.019112501945 
2.008203320870 
2.050102482602 
2.068781827645 
2.046813504962 
2.061962581393 
2.055022607858 
2.136620962618 
2.142988153059 
2.160067566128 
2.063531305728 
2.026182366594 
1.755567257283 
1.964419832682 
1.939175243542 
2.091070686852 
2.230233383406 
2.117069281784 
2.029313535406 
1.965098420768 
1.997779543032 
1.919845557020 
1.721698447279 
1.888671876829 
1.950979046625 
1.844319652168 
1.866237455340 
1.952510185873 
2.164268545422 
2.037576695841 
2.097940242740 
2.058322262718 
2.162880677835 
2.038924422287 
2.167723165413 
1.712772974841 
1.638342058865 
2.052380737356 
2.167380211960 
2.296407105440 
2.181318062546 
2.084561716215 
1.874960610062 
1.975683416222 
1.723731027462 
1.675414674261 
1.790513160185 
1.740657772719 
2.358352658334 
2.167181352718 
1.901671840345 
1.594721536244 
1.627173600058 
1.843011648612 
1.959240648798 
2.076364686973 
2.074689535703 
2.150431506824 
1.798764015013 
1.714236236852 
1.768477779681 
1.909897508324 
1.913958487864 
1.998764571853 
1.762597498054 
1.681466693918 
1.617092977459 
1.588256263527 
1.768281697585 
1.864897054157 
2.080212439036 
1.783840525187 
1.925668729207 
2.070561244557 
2.168727642851 
2.047842080293 
2.165300461014 
2.158011443932 
2.155062412101 
1.934853054828 
1.975809415163 
1.990503737113 
1.879054152190 
1.781948643290 
1.792515232878 
1.827713385159 
1.570344687337 
1.665231097752 
1.841330201459 
1.603254761481 
1.690703995295 
2.059236021687 
1.976925486353 
1.840385745072 
1.840490138355 
1.658265599278 
1.687693104973 
1.997680140383 
2.016496125626 
1.911807341343 
1.782290798163 
1.764625205171 
1.744882254526 
1.904295787676 
1.867934095500 
1.687832530317 
1.592727155599 
1.675975037299 
1.788835623460 
1.904879782370 
1.885388410029 
1.866992633293 
2.040545030567 
2.215847399605 
2.070664540107 
2.044468180525 
1.559028666168 
1.727594636938 
1.798342956353 
1.904588591775 
1.768022486048 
2.035300415525 
2.151731461743 
1.998238023252 
1.935794840950 
1.611774664949 
1.613397877871 
1.480832021338 
1.712565934978 
1.669678200993 
1.607189907304 
1.590321108367 
1.532766294393 
1.605899969854 
1.619267632579 
1.906584673877 
2.142849953083 
2.140736907456 
2.055535616040 
2.027401597568 
1.847099001545 
1.996222433828 
1.841689294718 
1.968293064950 
1.850494688947 
1.829632863677 
1.868575218482 
1.738410528145 
1.740679912257 
1.861793892333 
1.914206640390 
2.073211455231 
1.983912023228 
1.809171892688 
1.948706967927 
2.201824861941 
2.277737684127 
1.782836049817 
1.872508971044 
1.877029735863 
1.873520543468 
2.030074082047 
2.036979843663 
1.722813305907 
1.925579156671 
1.979962557825 
2.070120747520 
2.044716397882 
2.042828352511 
1.870086482040 
1.963059905472 
2.048460117279 
2.179079310061 
1.927390293117 
1.890435472720 
1.918547757062 
1.759867230025 
1.671782717619 
1.803483179312 
1.894193798373 
1.812647018970 
1.914149596023 
1.938742709998 
2.162714401157 
2.077490883557 
2.031838265702 
2.105730450963 
2.139094936048 
2.118526591571 
2.311639412311 
2.258940798531 
1.841840524814 
2.312282173726 
2.251166935809 
2.092323973858 
2.034146917181 
2.075672060982 
2.322795026791 
1.987146166613 
2.344630877854 
2.184958684865 
2.053960634882 
2.365450741282 
2.263721934472 
2.281795012745 
2.030117816184 
1.940367169555 
1.985439699117 
1.803305582894 
1.764527621395 
1.963430636827 
1.838864810009 
1.823887408620 
1.529908634457 
1.474754073891 
1.505972764688 
1.688677780582 
1.730268241830 
1.751191163087 
1.765790142481 
1.706947213167 
1.824531579563 
1.980329348245 
1.929590924087 
2.042038420201 
1.748690299285 
1.797175334787 
2.050387872132 
1.905729162298 
2.198345125405 
2.153061474259 
2.051832220252 
1.773207924762 
1.583969999295 
1.860135905642 
1.977719053774 
1.971477191790 
2.054970725318 
2.038164805905 
2.109103690847 
1.977646239222 
1.731735270080 
1.739153078880 
1.560118358875 
1.575133389311 
1.704177770518 
1.853745981627 
1.650471496983 
1.795571028660 
1.784510037086 
1.917626413853 
1.947620591041 
1.855078239776 
1.835179464035 
1.731057831775 
1.675854089447 
1.865299456029 
1.869689773159 
2.026905018031 
2.192888258509 
2.147031082889 
2.081192149016 
2.125068443462 
2.080305506644 
1.939905807204 
1.908164892868 
1.988035370271 
1.900706248402 
1.732044585453 
1.515374862803 
1.759840972672 
1.906890908672 
1.750334707246 
1.896641315869 
1.912102727981 
2.054518360413 
1.927796042320 
1.951695679685 
1.820514870268 
1.740652039933 
1.622720794124 
1.823556488773 
1.929540570059 
1.813314143388 
1.830508602161 
2.049198242092 
1.837971998335 
2.010270154753 
1.876626789423 
1.903733027544 
1.724537884827 
1.764470916533 
1.789118395481 
1.885154352440 
2.105169502593 
2.278240258323 
2.165371643118 
2.006339481598 
1.836906892852 
1.984552924794 
2.045332536026 
1.969102168683 
2.006887832092 
2.111812847794 
1.870962638025 
2.015396125299 
1.894792847977 
1.994582100294 
2.047914513487 
1.924771022555 
1.957886362046 
1.915496853987 
1.876691384075 
1.954349949420 
2.027820098228 
2.010026360979 
1.856902375181 
1.940056232136 
2.063209249017 
2.065158339822 
1.914212738800 
1.829560980215 
1.938625312089 
1.885735114928 
1.993301739981 
1.804546811972 
1.645843498053 
1.571098628021 
1.858729435786 
2.004251342879 
2.087206296984 
1.948805324586 
1.662932510484 
1.616394857439 
1.645757511069 
1.721004729851 
1.860063233366 
1.765753669481 
1.890795940659 
1.916669154929 
1.675337240190 
1.742918151606 
1.782139812654 
1.542740030247 
1.577348678028 
1.644313728146 
1.835012661797 
1.965663351541 
1.929879714660 
1.898837251469 
2.039960181188 
1.886933769555 
1.986867226376 
1.957587204140 
1.930574528546 
1.621438953064 
1.721792578043 
1.666551889084 
1.852445434206 
1.880720053314 
1.950958220920 
2.026127635332 
1.970493729671 
2.072126411266 
1.911663414015 
2.038873039705 
1.835788393668 
1.772393014183 
1.827162173599 
1.861457666661 
1.905999951099 
2.005684829683 
1.991782599213 
1.940220400108 
1.975766293273 
1.926503683483 
1.984263694728 
1.996030054458 
2.543466186329 
2.066027521687 
2.071087225964 
2.087239599594 
2.097997468574 
1.819108215374 
1.751407417691 
1.751197942387 
1.768946687650 
1.724717898082 
1.642973412558 
1.831878758226 
1.836999682583 
1.912380390593 
1.753971635782 
1.674189993338 
1.698727735393 
1.735461646463 
2.003138431608 
1.976057116962 
2.009175929831 
1.837132256919 
1.742075210044 
1.703990135699 
1.782271775042 
1.704992555103 
1.686041434866 
1.650021982618 
1.740300497454 
1.576490868018 
1.761546502944 
1.822304799522 
1.870031444097 
1.876964418078 
1.898507058495 
1.910344373655 
1.876594487805 
1.737138209947 
1.663388875877 
1.726826337016 
1.759467265572 
1.523266025522 
1.670655045749 
1.628047641931 
1.783546889651 
1.747070187817 
1.684165489311 
1.662804650212 
1.837643342405 
1.709663506167 
1.880934345478 
1.832333910062 
1.904153767826 
1.870666906894 
1.908816761206 
1.860909352933 
1.796317665214 
2.066889928733 
2.135222118978 
2.180490847751 
2.289402067331 
1.887108477785 
1.906902807195 
1.856539051794 
1.773667886605 
1.704252897792 
2.365565881740 
2.201334707669 
2.095338619377 
2.434595987490 
2.120540744125 
2.365361768675 
2.139258777906 
2.316552961755 
2.358653243121 
1.877495185698 
1.754977543567 
1.760517441870 
1.970703223511 
2.003249987446 
2.083715550543 
2.104925788437 
1.919528808211 
2.180462554457 
2.195741286368 
2.019445174537 
1.709845040799 
1.716920877560 
1.923280596864 
2.083467494284 
2.093258529303 
2.007274523185 
1.975270895689 
2.206557524719 
1.958381943865 
1.977803832327 
2.142662211757 
2.037907554680 
2.073955823420 
1.909575186858 
1.903406476979 
1.719631850214 
1.722779995865 
1.770127108631 
1.775188448326 
1.680220519216 
1.653655433607 
1.722489089509 
1.560502590908 
1.755572082597 
2.082831365716 
2.043751524014 
1.894812693859 
1.782860541412 
1.812967839875 
1.641784622331 
1.745769471746 
1.655587372663 
1.808071137701 
1.814582629729 
1.777770079975 
1.766697434341 
1.718767045202 
1.754450188944 
1.862144980792 
1.753251074223 
1.742364589664 
1.920442027435 
1.970277553200 
1.768716079044 
1.901014886787 
1.833598204123 
1.849498759097 
1.697624739423 
1.763735456371 
1.760709443641 
2.003880423933 
2.011668139486 
1.970419887929 
1.938866660961 
1.971145558153 
1.950892353567 
1.986070254838 
1.864580963506 
1.885638542298 
1.808857451452 
1.843222158980 
1.708040133267 
1.711533015928 
1.779374319551 
1.724042266799 
1.999032974825 
2.068697885416 
1.827851939001 
1.940659039345 
1.918209572868 
2.176872139366 
2.064346496337 
1.853635163231 
1.887681165964 
1.962104929860 
1.885986848354 
2.265369616439 
2.031544304853 
1.982861630142 
1.748813997355 
1.594922864759 
1.566289006476 
1.760592926626 
1.771194154177 
1.704314863937 
1.864291510905 
2.030046623373 
1.818308072260 
1.866814779532 
1.660065076094 
1.715585755004 
1.530629626460 
1.640497091921 
1.854371579848 
1.916104194113 
2.030777557454 
1.987246362570 
2.007479209984 
2.068704061569 
2.105591032794 
1.792972374560 
2.055595163319 
1.822048359484 
1.730554461827 
1.706211161808 
1.697729804922 
1.731032955100 
1.680343499073 
1.600581509386 
1.567953793224 
1.545446983376 
1.645957112331 
1.726934561918 
1.795178070200 
1.776400926324 
1.785378697503 
1.702927120627 
1.670910986486 
1.936419802159 
1.977947911140 
1.863682315631 
1.727836875914 
1.563970702030 
1.632941029583 
1.583721591723 
2.180275540570 
1.884121097003 
1.743648346544 
1.686458678773 
1.719133922659 
1.723435232652 
1.549298146461 
1.982673723140 
2.075991515780 
1.792998587365 
2.025282947411 
1.953847949382 
1.828664801871 
1.725542176460 
1.740278477796 
1.833178850136 
1.760282043651 
1.698425852439 
1.793217156232 
1.520073673968 
1.689066670995 
1.688045501206 
1.823688549231 
1.654372859273 
1.965776188591 
2.035867208699 
1.778907208868 
1.940428527389 
1.852059676822 
2.037828633862 
1.917256964775 
1.716181687699 
1.975639969483 
1.939987846136 
2.072053441739 
2.057846731868 
2.234536921320 
1.907284454330 
1.983349225687 
1.925734885448 
1.970568881201 
2.131034138155 
1.904705776693 
1.717445658666 
1.606970192955 
1.734866798004 
1.748178662921 
1.876067747807 
1.842006411392 
1.781065809363 
1.838434297105 
1.833365881546 
1.851274738838 
1.946089977583 
2.151380850710 
1.785362692377 
1.761247847869 
1.765582259736 
1.811705860644 
2.108159408664 
2.029628121699 
1.981218645116 
2.125485742079 
1.918023561605 
1.935385645999 
1.999868199808 
1.871251270643 
1.779128446507 
1.731750036807 
1.793651770093 
2.072164766452 
1.917517905384 
2.039838861436 
1.760803992969 
1.693284765816 
1.634087607546 
1.704208666305 
1.882331864687 
2.048688166974 
2.282549290774 
2.051533345609 
1.787864889745 
1.732645520783 
1.868916682308 
1.917745994911 
2.001076679262 
1.808931320220 
1.813685101858 
1.765708381656 
1.708082539411 
1.769208138357 
1.474793151169 
1.533401361855 
1.594117984506 
1.682031188104 
1.663656257470 
2.049748197984 
1.934420268742 
1.924683716578 
2.004918902471 
2.207222046554 
2.080532168710 
2.242509736999 
1.973144747639 
1.883734412539 
1.778796586641 
1.793078635367 
1.757115196640 
1.704599142768 
1.807995792800 
1.916797282826 
2.007464697795 
1.860798755166 
2.050048002873 
1.959714255999 
1.751170995797 
1.589915242405 
1.720750591225 
1.784052791831 
2.083385735876 
2.120344039689 
1.857871046028 
1.875780815095 
1.714635939781 
1.864746347458 
1.838611337152 
1.907993522580 
1.914701265220 
1.850999869881 
1.964661731143 
1.962182015177 
2.016967775237 
1.711551441021 
1.901509560356 
1.818425638965 
1.671045310835 
1.692756917645 
1.695020262124 
1.708368769160 
1.848138606526 
1.787922526672 
1.667969732515 
1.717008582478 
1.699339343171 
1.721798070784 
1.742702621540 
1.768645145599 
1.731825848069 
1.731255728574 
1.886426545657 
1.888986498589 
1.847481993849 
1.932861531162 
1.976087600410 
1.905138675553 
1.809174430231 
1.647197601390 
1.462576073912 
1.413553317411 
1.659914823772 
1.899038590503 
2.124180128928 
2.167540751686 
2.027363150870 
2.084687194617 
1.993219600966 
1.957375224437 
1.770932115877 
1.750077155493 
1.673630206853 
1.672798557286 
1.775912726506 
1.842541953235 
2.009058809978 
2.092794505427 
2.040018857788 
1.741126969676 
1.737291236018 
1.609286591407 
1.951172590691 
1.905585846567 
1.969889472901 
1.909917941476 
1.942862273463 
1.926740523489 
2.340280284973 
1.932582420093 
1.724357317781 
1.723327766034 
1.681501474284 
1.644898861030 
1.793549456068 
1.996174345798 
1.976384064690 
2.088439043436 
2.076827240530 
2.140289454562 
2.077537337599 
1.787867259429 
1.918328490467 
2.070664079898 
1.904572636232 
1.828582637193 
1.731849434970 
1.903845043141 
1.777062860183 
1.844502726099 
1.921304030955 
1.953481930988 
1.786926799040 
1.753474921994 
1.844622746796 
1.788293810092 
1.641517923852 
1.694158209982 
1.555970103832 
1.625480739989 
2.151933505572 
2.064871688514 
2.034817433383 
1.786462664706 
1.671709968273 
1.758936205102 
1.640082999782 
1.726977188229 
1.891634604515 
1.927964028345 
1.940024244524 
1.805537164821 
1.803322795341 
2.023120976496 
2.039113803445 
2.222771005178 
2.152560183296 
2.120611193396 
2.135552593714 
1.975257352988 
2.323039314777 
2.251147189465 
1.892398104116 
2.008788673001 
1.818020481767 
1.774756701073 
2.005929415298 
1.928645229719 
2.112039560527 
2.250150044166 
2.093290026235 
1.879499781518 
1.697878613132 
1.627699673934 
1.631377834789 
1.951876751218 
1.733895780444 
1.939499997902 
2.032511270549 
1.895003701631 
1.930987533670 
1.883553496646 
1.820597769491 
1.861524275495 
1.677041350525 
1.758707630619 
1.663256563827 
1.812068863375 
1.854987093830 
1.979419050236 
2.078652163514 
2.047140293363 
2.105875889409 
1.922579079567 
1.936442763998 
1.883784475712 
1.884450987245 
1.862686942174 
1.821305836354 
1.610903038938 
1.623342944772 
1.724521413788 
1.968369337862 
1.841033906232 
1.793279949869 
1.405594132880 
1.688888268264 
1.767289779295 
1.574040510201 
1.477002043933 
1.737734604945 
1.793884551942 
1.794636260223 
1.644843961013 
1.610626660801 
1.841299580714 
1.933137143128 
1.774961144501 
1.903289182636 
1.734399144768 
1.877627939724 
1.681256885069 
1.687658425987 
1.795576165023 
1.825400750437 
1.728133540017 
1.656710385437 
2.086870867823 
2.505317622254 
2.118976853278 
2.430120392944 
2.183239769638 
2.049284384878 
1.884933403536 
1.960872174584 
2.055752255054 
1.470252065969 
1.846864652801 
1.882528032595 
2.172012241138 
1.881180761161 
1.850000410199 
1.832489426063 
1.847768862878 
1.908616448434 
1.923583153557 
2.311274430317 
2.280846347662 
2.224205989457 
2.485889599459 
2.111575117864 
2.317276904376 
2.255247229235 
1.879708273764 
1.795086406213 
1.767780152993 
1.910216606693 
1.945930471001 
2.020263792538 
2.076263963877 
1.962923817591 
1.903637427675 
2.006346805034 
2.101279890128 
1.904208692875 
1.877406949961 
1.702365631441 
1.671270644006 
1.900578807123 
1.661840522885 
1.858286835684 
1.873640403092 
1.919161622522 
1.852677970641 
1.786389634605 
1.622493596217 
1.621336994966 
1.604747135270 
1.643622808407 
1.741003108096 
1.667798366331 
1.675039745406 
1.589898239849 
1.701398141119 
1.761782204411 
1.681513978794 
1.667935375896 
1.650114112981 
1.818524071416 
1.869700854008 
1.782070270590 
2.060242326326 
1.948437050395 
1.952666751791 
1.932621231691 
2.081707870718 
2.219229253535 
2.032554199991 
1.970588546555 
1.982538283062 
1.958511142404 
2.028550875109 
1.901172573435 
1.785842403822 
1.882938311910 
1.926387684727 
2.066100956626 
1.941121323672 
1.919364269124 
1.926138676321 
2.094422884336 
1.999626337671 
1.899422370419 
1.970117273369 
2.198059928848 
2.252745476743 
2.361232557213 
2.521664392332 
2.383054236840 
2.442537569621 
2.264044976483 
2.163432893301 
1.892683462723 
1.963170656151 
1.870066978084 
1.896301025192 
1.725600614073 
1.716340050504 
1.592145623766 
1.840928025396 
1.617819343491 
1.613508535669 
1.560367702883 
1.748302980683 
1.715196944802 
1.755278481600 
1.736544432004 
1.844683972662 
2.241840184767 
2.388152669482 
2.241374153510 
1.905676232444 
1.967042676355 
2.055367254935 
1.946302750611 
1.647820574281 
1.840208565534 
2.179693171989 
2.102336422051 
1.570018770726 
1.808482969336 
1.842590707968 
1.604005289426 
1.883322415332 
2.057454216553 
1.745423375975 
1.481050020535 
1.455843452374 
1.598479395629 
2.035199005582 
2.150926868746 
2.296680204855 
2.203581490300 
1.987277787184 
2.029594290978 
1.509102284757 
1.675252417908 
1.979946407867 
2.071746105302 
2.188271042920 
2.008076035460 
2.078263844594 
2.265162306089 
2.214102446159 
1.856030645561 
1.868089747229 
1.807302352275 
1.823508840829 
2.001202003077 
1.913016249103 
2.005330082321 
1.918172348452 
1.921107277705 
2.002793808867 
2.038493327922 
2.125537576259 
2.120332145879 
2.326181098350 
2.166519349524 
2.330344039469 
2.389587110831 
2.217024084746 
2.022290245732 
1.963703163649 
2.199318317145 
2.268371044860 
2.101159017370 
2.088237508477 
1.925071897842 
1.728096686685 
1.599381604389 
1.860137646516 
2.074336108933 
2.018089334947 
1.740098618825 
1.820330842656 
1.413626777778 
1.687141657224 
1.473248804136 
1.765465326658 
1.814582162922 
1.828510551550 
1.679254715738 
1.682703169636 
1.967782087393 
1.934952691220 
1.882377742806 
1.742990137898 
1.848415292226 
1.792393091114 
1.619376061400 
1.497591397697 
1.674702008145 
1.691391221948 
1.899622876019 
2.082190568105 
1.989318756348 
1.797494679259 
1.707544893927 
1.731758435336 
1.717210453867 
1.917399123490 
2.025702635294 
2.144561025633 
1.853238215004 
1.922643227822 
1.941833217185 
1.926303786232 
2.068095674841 
2.075142379596 
1.974908214800 
1.940532653848 
1.896456826641 
1.962530477558 
2.103604695181 
2.123784415504 
1.971469330452 
2.184428207283 
1.818034209375 
1.833852143735 
1.744883575573 
1.942781658281 
1.870325070011 
1.987321193361 
1.925183749245 
2.111918477510 
1.786624743942 
2.199232020996 
1.911805344137 
1.817759516479 
1.850988398467 
1.767300781203 
1.683285523263 
1.750551178608 
1.870670353167 
2.245054212162 
2.208889422395 
1.905971026937 
1.918244310647 
1.785791868167 
1.812223612234 
1.805026513393 
1.781122924683 
1.814579144772 
1.805090459920 
1.818936639217 
1.868351005744 
1.884537258202 
1.750565356819 
1.723824862887 
1.777391194972 
1.839673501899 
1.996899023755 
2.153388578517 
2.094096002960 
1.752180341985 
1.853183780413 
1.896548178768 
1.757968707777 
1.741360570499 
1.940495410251 
1.794175697955 
1.897335954371 
1.922723570352 
1.854751194409 
2.005821172451 
1.721263015961 
1.585389762596 
1.791302315044 
1.648611226062 
1.879510929904 
1.921627255983 
1.736587323345 
1.948986780995 
1.907641206032 
2.187854862488 
2.228686905950 
2.086268552554 
1.833913670493 
2.032923888742 
2.293301457570 
2.428405132874 
2.061613977680 
2.069018462817 
2.044571448030 
1.881391723462 
1.841955697298 
1.699302938671 
1.583617440299 
1.999331061523 
1.943352202000 
1.849003061899 
1.737490553447 
1.739760617940 
1.782333455824 
2.113575803417 
2.001686165637 
2.002450719068 
2.064209776706 
1.788455288672 
1.793110718961 
1.805818967889 
1.986997761884 
1.762147606445 
1.542852768401 
1.692768707832 
1.881143946360 
1.903984680553 
1.785534158341 
2.069473935057 
2.238528698164 
2.163394036324 
1.736400657390 
1.725366347785 
1.584569107419 
1.638421465474 
1.682423342006 
1.935004486748 
2.031265879232 
2.144733565399 
2.096780941007 
2.187321606901 
2.220874351372 
2.274808137925 
2.287928681997 
2.060587257962 
1.778022152143 
1.804774398599 
1.885135339437 
1.889513368004 
1.802840412912 
1.682586363357 
1.620322641280 
1.600438903809 
1.571221555342 
1.631182054823 
1.749482906541 
1.765329760962 
1.903982649147 
1.996932925888 
2.013441423853 
1.963965569066 
1.727752843971 
1.745926734314 
1.658258707982 
1.914957724553 
1.994187638407 
1.957560681373 
2.032822435576 
1.762608342715 
1.838308293286 
1.915270946323 
2.047670602341 
2.162879562633 
2.196498474161 
2.073178132529 
1.889550568812 
1.859469207740 
1.806820865356 
2.186481001629 
2.006457833045 
2.014624756591 
2.075894513313 
1.842646235251 
1.812467209287 
1.710251585003 
1.930906418524 
1.870175440568 
1.878764893653 
1.689830528966 
1.587157201549 
1.727880423754 
1.842176638801 
1.973722354063 
2.211535024675 
2.044997303065 
1.765873771529 
1.661649882921 
1.540440079718 
2.062540453264 
1.953899676247 
1.915584396674 
1.790184862530 
1.891755531496 
1.924534452833 
1.813134367112 
1.774625514277 
1.761528046203 
2.059124993845 
2.282293099962 
2.044156601185 
2.098843134271 
2.118252534454 
2.173890981918 
2.202782913119 
1.993491333265 
2.009100470211 
2.042276309582 
1.991902952364 
1.876898251801 
1.998309480810 
1.688964668799 
1.516981946272 
1.497698858163 
1.564510691825 
1.717731473875 
1.782647483215 
1.825399351517 
1.975128662578 
1.996224752517 
2.000002113827 
1.992599720728 
2.051214017312 
2.202451795190 
2.289099295628 
1.949662859719 
2.131497011067 
1.905408410773 
1.859212455914 
1.766709667609 
1.828217104128 
1.885871616861 
1.685304441346 
1.726010953034 
1.686665830460 
1.587130385957 
1.701571898738 
1.488653866044 
1.757742505667 
1.834689331829 
1.625236896569 
1.838420564353 
1.831013922854 
1.802122802621 
1.629579342166 
1.600835107198 
1.982546232151 
1.955974162992 
1.954782433427 
2.062221290169 
1.631858562602 
1.845232035701 
1.846399324497 
1.800508062680 
1.871193422163 
1.979464780651 
2.055517939732 
1.985280981015 
2.044719156329 
1.931932285828 
1.927619366257 
1.609890102473 
1.482369955535 
1.997131619632 
1.746744494677 
1.800339535497 
1.692875070207 
1.965689839738 
1.736471589387 
1.499105672451 
1.702813136013 
1.726814787358 
1.783521971873 
1.796470270780 
1.794068916063 
1.531485158277 
1.584938224846 
1.597632660855 
1.812038466319 
1.703300422165 
1.727017129179 
1.653853810032 
1.567050914492 
1.915908202947 
1.966658486083 
2.072083553737 
2.231901761497 
1.943283980592 
2.169330325686 
2.211800643129 
2.439957895240 
2.189585657509 
1.974566516373 
1.880152057625 
1.931740150737 
2.021562407261 
2.233553225997 
2.224430257224 
2.236138493316 
2.373961850071 
2.200266337908 
2.033206829239 
2.073965890937 
1.947561181381 
1.960731207476 
2.215512143537 
2.153135601902 
2.075158144720 
2.070128138342 
2.148335114424 
1.976019665611 
1.857925406966 
2.099162008442 
2.012856740656 
2.272064639868 
1.933820018619 
1.870179780756 
1.723082081853 
1.809466079842 
1.734928655211 
1.631238101865 
1.796349980615 
1.611001687259 
1.663708373606 
2.067873546202 
1.832328610163 
1.823347348713 
1.902598776587 
1.859344927767 
2.040337816957 
1.915519356436 
2.139313330618 
2.123501570421 
2.125706828555 
2.256730001352 
2.190096750306 
2.091551677434 
2.129130880679 
1.916751667426 
1.906462223494 
1.874126402937 
1.764582426985 
1.946616154711 
1.860432517616 
1.707067539550 
1.600826494462 
1.747095470015 
1.811561009945 
2.115311003445 
2.117599743006 
2.016297074420 
1.899230651787 
1.785166479058 
1.836800717112 
1.727616412190 
1.822753532079 
1.821625297117 
1.826789407726 
1.860239233612 
1.923208054624 
1.931053961632 
1.876394339045 
1.843907550003 
1.807620652402 
1.684193046303 
1.812414057778 
1.760680127847 
2.015513608104 
2.076722718042 
2.204809857046 
1.867196591138 
1.931445895285 
1.655247898957 
1.670466645012 
1.786039229538 
1.977963889037 
1.685144264303 
1.572415653447 
1.562809384467 
1.422968577149 
1.409435317569 
1.548078915071 
1.919617633273 
1.952141613516 
2.177290924114 
1.995832777798 
2.031864993548 
1.862803320297 
1.836707301012 
1.954135880543 
1.722338968873 
1.740812752673 
1.641732486203 
1.616637947987 
1.562640193953 
1.622157648463 
1.999436902286 
2.108172461927 
1.942119179017 
1.907395836291 
1.866029900072 
1.731721482395 
1.914425230130 
2.062384007088 
1.946583698932 
1.842390805668 
1.854991518522 
1.839378502143 
2.099224067293 
2.313611474137 
2.328743225775 
2.190436698432 
2.694741614659 
2.254162453268 
2.178158481930 
2.339657500522 
1.929737664152 
2.013612476519 
1.774261621570 
1.575583332842 
1.768229411826 
2.013673719058 
1.885580628404 
1.897412270003 
1.758615267846 
2.124115592615 
2.139130281693 
1.842994914499 
1.802223346619 
1.813531464190 
1.936578296507 
1.916013006879 
1.817480363842 
1.880657994675 
1.605596148943 
1.821569564265 
1.674493563445 
1.699167401083 
1.778668020384 
1.600129639805 
1.772433736544 
1.747119256952 
1.981242611969 
2.025061649496 
1.935258119031 
1.703708253197 
1.442548271830 
1.636771360064 
1.799995669968 
1.853897589516 
1.764091547400 
1.948273248401 
1.892512065349 
1.849512523264 
1.950774235287 
1.882487555146 
1.859451947769 
1.922050669719 
1.863983321905 
1.808360261202 
1.822558581459 
1.789061033075 
1.693017660246 
1.727358767877 
1.739851441528 
1.769259057816 
1.924096876099 
1.946168131320 
1.839932373797 
1.791447255393 
1.950598194304 
2.083908750812 
2.309572346237 
2.240627067377 
2.249396143131 
2.228767617651 
2.015141108266 
2.115465882936 
2.042550057782 
1.936334600846 
1.793023512424 
1.896294536491 
1.892954368845 
1.930105151851 
1.860308332606 
1.873334626375 
1.861868706877 
1.985825793805 
2.029971479400 
1.994802400816 
2.064352603874 
2.143017776844 
2.186427866486 
1.888119908515 
1.928736536691 
1.929254518785 
2.027439332037 
2.082304737220 
1.886386172804 
1.950725874926 
2.050850585784 
2.116049250006 
2.112199564247 
1.587385707332 
1.604908717765 
1.663178129731 
1.658139963954 
1.704758129475 
1.639044112523 
1.746928959714 
1.651117816533 
1.665149461375 
1.719873428343 
1.550909029955 
1.800174905187 
1.995689232392 
2.035827864346 
2.219296066284 
2.006456584040 
1.912723188143 
1.605100083154 
1.656199197445 
1.649419683440 
1.609963057014 
1.843311726695 
1.782255452317 
1.761227251383 
1.690021713584 
1.778084766859 
2.005558957901 
1.876526132871 
1.820990355732 
1.688896615139 
1.687875838775 
1.617625219327 
1.942517265329 
1.926102055006 
2.113980377361 
1.976064326824 
1.888099339068 
1.881674621111 
1.873762702253 
1.756250716481 
1.901822612123 
1.750154418297 
1.733374603016 
1.402447568165 
1.843058144587 
1.895443525518 
2.109328299262 
2.104193038495 
2.016169945037 
2.082693014022 
1.974123632637 
1.817375535845 
1.631888559539 
1.524504600958 
1.661040312009 
1.677748618795 
1.430018036067 
1.534912512754 
1.682151046763 
1.799144986403 
1.728282421480 
1.667051204943 
2.078770391045 
1.959867581401 
1.896264663283 
1.650825425079 
1.453687400378 
1.719866065034 
1.849104065129 
1.663060633007 
1.788693741091 
1.729702573647 
2.111994583777 
1.726877390496 
1.798977174932 
1.889039578747 
1.968428548032 
1.671341770870 
1.960618000222 
2.067546022750 
2.069594894744 
2.172012897591 
2.026624538215 
2.065822658688 
2.172436961992 
2.183533135074 
2.004062808063 
2.005037877590 
1.912182870493 
1.868384594605 
2.008435408291 
2.022973882590 
1.919499438820 
1.897773705678 
1.917179134078 
2.125811120719 
1.960867191999 
2.061211355894 
1.959548982184 
2.078521657315 
2.247192353880 
2.216013317239 
2.186881398295 
1.960023912756 
1.814202874639 
1.819241016524 
1.781855162134 
1.675197807917 
1.603950579494 
1.807619612994 
1.814486195319 
1.683327329552 
1.777658789005 
1.559947438765 
1.843085461539 
1.663511937507 
1.764386815278 
1.745100856819 
1.773300513235 
1.781232850435 
1.758726880651 
1.788189470635 
1.870529644893 
1.965811637861 
2.006841985893 
2.030214754362 
1.786771968496 
2.197181529680 
2.167292572180 
2.200530315686 
2.121616836024 
2.055920478118 
2.145616990776 
2.215582565332 
1.996873080884 
2.051534667367 
2.079347446493 
1.892812953180 
1.716331344167 
1.820853696003 
1.791665346548 
1.592460907943 
1.667076458040 
1.619510737401 
1.599996451612 
1.835472798927 
1.636897322181 
1.634370389569 
1.772805008867 
1.711133539366 
1.576316805450 
1.631944074772 
1.587382694987 
1.694335907482 
1.751165875974 
1.921059528195 
1.951718920161 
2.113739132610 
1.833661036711 
1.852776829464 
1.829250351539 
1.786877209044 
1.853105593185 
1.935381192524 
1.871751950936 
1.675727606732 
1.813185874240 
1.770311939038 
1.834932711464 
1.873583768779 
1.995903762240 
1.890465569564 
1.755657113588 
1.828631241926 
1.945170451975 
1.852631579249 
1.886648959462 
1.867852849240 
1.773773630144 
1.794046636423 
1.731406111355 
1.842917383725 
1.863631403687 
1.953513797531 
1.832957827530 
1.938690011602 
1.976340056791 
1.873319326459 
1.811180840362 
1.999946855198 
1.715446748126 
1.760915892678 
1.683808439244 
1.935169760422 
2.147505435209 
2.014933917721 
2.017000011423 
1.997084392728 
1.996908701847 
1.998247158663 
1.984509159504 
1.943637567755 
1.934187111969 
1.933852615350 
2.216696319949 
2.220347135063 
1.997635754856 
1.734216679166 
1.640991183195 
1.852547518117 
1.936217733030 
1.916996674710 
1.759926327862 
1.844337810839 
1.828179970969 
1.916439704241 
1.995545994188 
1.866498368749 
1.605525185425 
1.662014229327 
1.684758998095 
1.690343537329 
1.655445681840 
1.493068137054 
1.592009233038 
1.581004484802 
1.639326764262 
1.636117820462 
1.870231939997 
1.681302996326 
1.727060446180 
1.719722447163 
1.787992034150 
1.847731181211 
1.767934710706 
1.734762301384 
2.017452766937 
2.041064106239 
1.864719938915 
1.851021077999 
1.650275594368 
1.998108789556 
2.185502545476 
2.196564176634 
2.266638454547 
1.889510216644 
1.978968337310 
1.900173991584 
1.645650432155 
1.708025698754 
1.713869685017 
1.758406792057 
1.649885123060 
1.887899978429 
2.017146376687 
1.734005855738 
1.851998126648 
2.009674716979 
2.199265827675 
2.021932471581 
1.878554908915 
1.593547068945 
1.711680725931 
1.824582261987 
1.841072889810 
2.019429623985 
1.897172014672 
1.857387800341 
1.890698118901 
1.804921537004 
1.756862071593 
1.999112832943 
2.058673444455 
1.974258277381 
2.005037941544 
1.976496988027 
2.026002369559 
2.067862662256 
1.950029762748 
1.907351414923 
1.942931972679 
1.899910275132 
1.930006342161 
1.972807947020 
1.904111971829 
1.988003573784 
2.233519944518 
1.949431236157 
2.020305772965 
2.212514609599 
2.229682533592 
1.734842513757 
1.892343511504 
1.812168425499 
1.747077521120 
1.951040244311 
1.744226923171 
1.543725115097 
1.700773203237 
1.784973414462 
1.765920375992 
1.701561251693 
1.577940333629 
1.954865978079 
2.223282262115 
2.214610450091 
1.797560209333 
1.751315930824 
1.824990196115 
1.783297032753 
2.082262143695 
2.216343488266 
2.446879787855 
2.053899815234 
2.036025483206 
2.112854365760 
2.070762249637 
2.287723986463 
2.116580533307 
1.994729041486 
1.726950660774 
1.471245709290 
1.541966236973 
1.515806590664 
1.925187681020 
1.752849273170 
1.681085786386 
1.598699894446 
1.795495714802 
1.711818325158 
1.843426757649 
2.015629847806 
1.814767872950 
1.903451860497 
2.119175576993 
2.107149283721 
2.230756503609 
2.279088573418 
1.954402039138 
2.026513155113 
1.954436020881 
2.099365780603 
1.740907832904 
1.952917582617 
1.873304520988 
1.781453102710 
1.759309910429 
1.804593433702 
1.723414359950 
1.944175063812 
2.235552229035 
2.203061134220 
2.010881999353 
1.893185247913 
1.653698154299 
1.622442347490 
1.837260651963 
1.795579971998 
1.854719498603 
2.030369102858 
1.681175643836 
1.653429037441 
1.673558148391 
1.531264521436 
1.612852119409 
1.608784651449 
1.648537330385 
1.827635812862 
2.015047496664 
1.819051499923 
1.737638870150 
2.106656314079 
2.153981021978 
1.878120175190 
1.906013363592 
1.991835811264 
1.889896227382 
1.983983263323 
1.801769643435 
1.675594361866 
1.837154316334 
1.814236421584 
1.698882088719 
1.818137024476 
1.595269637705 
1.733224306950 
1.949859360351 
1.910683658768 
1.898720169682 
1.874077687686 
1.969831275613 
2.050029116308 
1.995495324230 
1.834002311201 
1.963421418087 
1.880227034719 
1.889540589338 
1.765408861619 
1.757278406794 
1.702106992141 
1.632493392593 
1.876207319014 
1.714554657322 
1.430978948331 
1.568138695451 
1.570325452048 
1.764525375662 
1.838293857445 
1.806339087502 
1.938321278223 
1.822174720462 
1.680028160001 
1.693638404742 
1.689074829257 
1.845422801953 
1.858168885853 
1.914930364221 
1.781926257693 
1.812603558189 
2.115656052214 
1.930468674911 
2.002526742827 
1.847167633504 
1.600543365639 
1.521606366870 
1.530032154590 
1.749124196304 
1.771008753099 
1.856898155979 
1.819151382530 
1.775928170256 
1.904079608056 
1.773314702420 
1.628088548988 
1.838278267378 
1.926542439379 
1.933473804904 
1.945663760466 
1.930506332245 
2.107403551535 
1.806610653928 
1.782293627206 
1.668655116188 
1.623871795756 
1.769062083279 
1.994800657292 
1.864840600011 
2.056538023677 
1.649287088306 
1.981184882155 
1.996635561618 
1.864780591472 
1.865574573323 
1.784690461169 
1.890414016246 
1.947476973312 
1.982857810063 
2.022675590908 
1.867811492420 
1.840448697791 
1.927965491400 
1.902937498772 
1.894136372400 
1.991561241776 
1.917995771769 
1.778219553209 
1.671393872210 
1.596420789321 
1.586407793241 
1.894384868631 
1.969758244348 
1.745960637761 
1.851623121006 
1.881760855573 
1.743212786552 
1.791413623962 
1.551261794123 
1.679286519977 
1.840064237351 
1.885594057442 
1.818241978360 
1.781209686386 
1.808360450359 
1.625687479654 
1.602102392769 
1.984205959413 
1.886684937007 
1.999168572854 
1.931016551022 
1.842703126205 
1.894248093296 
1.796179748614 
1.881395109096 
2.467055612007 
2.353714980691 
2.244682473121 
2.175492447858 
2.266805428937 
2.349631815174 
2.245796286139 
2.181698295374 
2.276756049144 
2.490306569335 
2.601538375216 
2.280270099062 
2.159095998665 
2.172351802567 
2.205397962567 
2.023788033178 
1.940431699086 
1.632817013681 
1.557681745788 
1.871113644731 
2.004804596499 
1.983424827869 
1.906022633526 
1.586426559896 
1.854462020919 
1.703853509838 
1.944786605201 
1.692570338567 
2.080185927675 
1.907049429750 
2.058935837549 
1.840700105531 
1.945048987561 
2.069430581699 
1.938553487758 
2.193542845684 
2.095106456164 
1.954878593025 
1.902569433889 
1.937144274074 
1.775669193747 
2.119472544879 
1.843872875989 
1.882273533234 
1.805189931435 
1.846186466710 
1.727303029895 
1.975718794506 
1.809403480455 
1.737081164357 
1.900373462180 
1.737864154772 
1.950889553491 
1.937861723781 
1.832573400618 
1.795744104342 
1.763985937855 
1.678409865520 
1.905050174982 
1.874050188467 
1.931719797045 
1.606370369111 
1.941962082430 
2.033585387153 
1.898720407560 
1.978443858440 
2.099485222590 
2.158890454217 
2.155052570122 
1.942082830841 
2.349388561912 
2.303651749681 
2.152035802454 
2.148361903864 
2.021616879796 
2.068678533278 
1.909261399322 
1.637819874244 
1.804723421086 
1.820653019156 
1.838999895667 
1.646975733863 
1.671381905315 
1.672659145559 
1.869925150541 
2.016254306559 
2.413479399746 
2.333327703747 
2.452340770850 
2.317335382059 
2.214586781594 
2.058031752314 
2.129574199878 
2.192910098349 
2.590110124392 
2.221120838083 
2.509455718591 
2.096687106307 
2.088128118721 
2.045890681185 
1.916965318160 
1.904382378369 
1.931471504923 
1.831187061495 
1.784077561089 
1.585129304194 
1.483587480389 
1.574808172187 
1.730472998469 
1.621706628926 
1.712569952123 
1.665361313890 
1.756372375003 
1.727850248682 
1.672330013293 
1.723508296929 
1.709325221172 
1.630376275549 
1.758906572073 
1.750351393166 
1.778171604587 
2.085385355122 
2.037815980454 
2.088726011162 
2.075593730539 
2.122794164749 
2.246679706659 
2.210760078530 
2.250885851009 
2.112021683889 
2.052684432769 
2.034746170276 
2.026001896785 
2.047103954336 
2.044376553478 
1.910957118448 
1.890897067563 
1.983418010265 
2.130646040386 
2.097441913892 
1.967234286478 
1.982812151831 
2.349993027802 
2.187658871195 
2.461766941891 
2.344143723034 
2.275362236688 
1.944640657334 
1.964449973858 
1.835685944266 
1.910247622667 
2.022016902822 
2.118460972892 
2.170867488746 
2.037693235861 
2.050862122013 
1.905448720168 
1.912024513452 
1.892176567760 
1.938760245071 
1.994935269236 
2.123848304717 
2.207257708091 
2.087094162996 
1.803780400199 
1.767855629393 
1.699975378534 
1.880581844163 
1.786237642269 
1.632772651308 
1.635941586748 
2.084360455355 
1.850065633686 
1.897585521425 
2.078409547685 
2.020088580342 
2.032702208624 
2.029420541064 
1.593195312974 
1.654279028336 
1.606131990539 
1.776011942332 
1.939020548563 
2.034255909178 
1.764352350016 
1.885078264445 
1.853565802422 
1.898671996096 
1.951342188055 
1.679746851144 
1.902195648069 
1.731867382079 
1.818991134014 
1.916292803853 
1.711107182292 
1.888348155350 
2.306067500387 
2.175455123670 
2.298994324168 
2.100416318623 
2.145314834035 
2.181207116722 
1.969354180274 
1.945854252114 
1.912814997283 
1.897288752463 
1.920595531361 
1.821829070320 
1.771040746400 
1.842870561912 
1.819916517482 
1.706258467090 
1.794947952807 
1.780517862728 
1.840616803429 
1.748971884187 
1.956466632767 
1.898731427841 
1.911196697807 
1.857516613881 
1.680290681277 
1.823255100958 
1.843582300936 
1.807566911388 
1.997789555301 
2.324347863033 
2.564313067089 
2.218016152684 
2.583139999030 
2.130695091772 
2.022551871081 
1.941300467353 
1.659256326455 
1.716570893142 
1.786505617864 
1.735278121484 
1.726141634295 
1.779148004277 
1.917765206210 
1.833533913516 
1.937753138710 
1.981554805644 
2.095531398717 
2.285872835981 
2.566564927712 
2.086189696344 
2.091797144021 
1.989235934797 
1.953152151253 
2.073098404732 
2.157023137030 
2.277156848648 
2.052824571361 
2.341226631489 
2.317682948786 
1.900308907791 
1.979605291824 
2.134153777703 
2.149178241348 
2.152039966333 
2.128642047740 
2.131289754846 
2.023775268795 
1.954280115588 
2.082781673344 
2.048274556532 
1.771587917756 
1.987795847965 
1.942124264291 
1.942645807371 
1.750280032965 
1.801938378325 
1.930554538667 
1.709362541362 
1.694374593440 
1.642639955741 
1.557864873441 
1.619562598544 
1.722242482375 
1.639010586706 
1.788858390125 
1.816571794866 
1.645623793793 
1.644950332956 
1.648110244302 
1.566148288025 
1.604292061879 
1.635244784240 
1.678354906098 
1.791356279493 
1.856925647364 
1.552157445187 
1.549549169424 
1.558449438183 
1.712305968167 
1.835775092449 
1.933049999019 
1.986961716260 
2.022938276711 
2.326795351714 
2.197080801614 
2.170710165582 
1.968447823393 
2.012783891787 
1.960422212304 
1.709605994754 
1.562180993305 
1.818684322775 
1.691055560205 
1.911137471141 
1.748869544302 
1.500930988184 
1.571569115659 
1.599658090963 
1.678111033759 
1.749973418789 
1.744523083974 
1.823675983667 
1.645149782264 
1.817214718623 
1.948754316784 
1.726001338434 
1.747242703389 
1.866185596509 
1.942901223124 
1.760195442545 
1.665346327883 
1.632004955581 
1.954761504368 
1.975927819376 
1.672926300139 
1.745574951959 
1.774702928695 
1.788274239497 
1.882655695619 
1.909159265745 
1.608529672497 
1.716900880769 
1.957454517394 
1.947047036688 
1.993371109584 
1.892204241185 
1.698644844848 
1.624719335110 
1.867701621026 
1.558013815914 
1.709713530094 
1.645922800360 
1.787021056528 
1.848052510359 
1.875732890463 
1.906938555088 
1.740645269857 
1.815097775523 
1.821273664683 
1.718762047673 
1.698396780693 
1.930352344173 
1.886583330395 
1.902862022645 
1.997024751606 
2.105225292849 
2.071327701084 
1.802368015454 
1.902731302123 
1.925987202034 
1.923810006606 
2.015162756308 
1.944424218451 
1.765528849648 
1.712549144613 
1.624347435738 
1.722201786320 
1.806675434395 
1.813743867820 
1.677970161920 
1.743249930001 
1.698695463210 
1.964648660449 
2.038347220185 
1.936933557464 
1.850875203836 
1.760945575438 
1.839547514769 
1.755674253053 
1.770218881779 
1.759855653721 
1.841693847158 
1.526274954886 
1.645230643023 
2.004633031081 
1.803972672001 
1.791492703699 
1.855432353124 
2.129473305869 
2.187191665599 
2.055638531492 
2.253029579267 
1.979206386518 
1.994560921105 
1.930672490705 
1.745800763364 
1.929008202783 
1.799956240094 
1.970780791886 
1.916943884797 
1.737145416356 
1.957080116247 
1.971948590246 
2.212169621679 
2.056467292994 
2.105756522996 
1.918608016131 
1.877524332058 
1.799242375660 
1.816093967102 
1.829371394853 
1.919728586181 
1.959385834713 
2.088161641968 
2.139569379071 
2.243869906943 
1.992634172306 
1.911321733019 
2.030209432739 
1.952284243467 
2.220094292695 
1.968188947615 
1.896417071206 
2.040496296414 
2.318757496351 
2.027323622377 
1.741187803532 
1.778449339472 
1.827859586070 
1.583402034670 
1.536724676320 
1.594678210956 
1.761243220003 
1.904142584587 
1.784496571491 
1.939167442312 
1.883307750966 
2.027712960649 
2.072084635594 
1.887042255738 
1.680176198137 
1.749178747594 
1.657091322102 
1.697755875326 
1.715067595857 
1.629021299201 
1.731678553024 
1.737799530046 
1.920681601159 
2.170409829406 
2.358612861345 
2.340196194688 
1.796146932598 
1.872919761109 
1.739787926083 
1.685547879110 
1.713941882606 
1.576677859541 
1.752996875957 
1.873325183679 
1.813407857134 
1.902787221458 
1.891609386807 
2.010681256378 
1.766552183563 
1.917700733636 
2.101579602079 
1.653916201230 
2.024939654918 
1.754238678731 
1.809347437099 
1.873490695371 
2.094394232830 
1.985119314749 
1.975060136716 
2.011204947530 
2.096371305950 
2.408784562461 
2.339820817833 
2.188802802460 
2.107266481190 
1.989574867332 
2.009406645010 
2.085970320019 
1.812173357498 
1.906976639073 
1.901799714630 
1.981862292143 
1.953688650165 
2.013396672276 
1.948541881381 
2.309873835976 
2.112875764223 
2.070453818746 
2.158670599312 
2.059585649643 
2.014222783381 
2.094273088264 
1.937100592939 
2.016514439422 
1.853238877936 
1.852671047915 
1.772569226554 
1.560461360663 
1.797361388471 
1.969061056528 
1.890663323877 
1.848394291624 
1.922992683669 
1.795000819951 
2.086513732868 
1.943676556997 
1.710151994655 
1.807952876596 
2.140814592040 
2.090436141978 
2.237799564546 
2.167860476191 
1.889298403390 
1.798635918486 
1.881840578281 
1.979525457364 
1.913832964387 
1.640078237544 
1.642982600139 
1.763835756184 
1.351074680527 
1.847664773613 
1.790648712016 
1.780957722681 
1.801718036252 
1.767862128348 
1.775019224079 
1.720626079854 
1.599784158884 
2.061434047325 
2.069793498485 
2.134787405077 
2.131270263535 
2.151547209196 
2.038334723171 
2.001883508693 
2.109255122881 
2.226148207626 
1.821886015175 
1.785149189350 
1.700142747983 
1.769736452517 
1.910321240714 
1.869519771076 
1.950484868240 
1.897379936948 
1.864482421433 
1.839906720915 
1.921426752792 
1.739187601265 
1.903449138732 
1.906125212707 
1.828036953768 
1.749394238501 
2.027562074880 
2.205517421554 
1.815927742544 
2.039228923834 
1.919132057119 
1.708863595204 
1.763564501387 
1.823589952054 
2.070350836743 
1.977366178870 
1.891795771894 
1.956782804926 
1.949660648668 
1.821402785437 
2.050304933436 
2.152822947140 
2.034333046387 
2.084790680755 
1.860117890244 
1.773555257046 
1.988820263764 
1.613866760786 
1.649848351086 
1.741767619872 
1.845030985004 
1.796172544303 
1.741768549151 
1.791183606988 
1.837591728874 
1.880932407190 
1.989877610488 
1.959731707299 
1.944513688488 
1.895374270144 
1.950138337951 
1.930670544542 
1.799477449835 
1.881970336383 
1.863507937920 
1.734357179483 
1.746263458570 
1.817402803185 
1.888088417272 
1.974355788801 
2.040930096152 
2.086209099716 
1.848575964809 
1.760351531118 
1.607664542118 
1.659363294037 
1.898081767875 
1.905709815591 
1.958342087337 
1.854600092078 
1.775226361548 
1.704269956237 
1.578648696226 
1.704914871578 
1.656379204515 
1.951583048125 
1.901929437595 
1.816951779442 
1.895547388593 
1.866845792929 
1.955645803300 
1.944286523421 
1.925148653533 
1.944381402158 
1.926968357910 
1.936723675789 
1.912025241221 
1.933582622241 
1.860666128864 
2.404349258798 
2.520177210313 
2.355213207848 
1.962260108030 
1.966138504020 
1.978805538915 
2.145008829080 
2.224284874772 
1.895775451485 
1.900558048592 
1.835195976194 
1.816028690935 
1.674683383144 
1.694002440634 
1.697175062051 
1.802269063733 
1.727722210095 
2.044648035913 
2.098930493848 
1.971206767454 
1.749091997847 
1.878197623515 
1.906578187388 
1.831977296548 
1.832980402417 
1.797246354522 
2.067700630541 
2.050941272419 
2.093514286001 
2.064060967160 
2.256466702777 
2.142062501734 
2.263146054418 
2.159217890289 
2.093064694385 
1.971262407885 
1.882814521697 
1.819611729001 
1.774971317597 
1.775306735129 
1.771355618157 
1.854595792026 
1.734318855545 
1.781520391073 
1.772117839764 
1.720382531843 
1.790188184960 
1.641631708401 
1.638980701708 
1.802630336305 
1.883843190575 
1.754966921156 
1.811382967552 
1.677937833779 
1.737905575540 
1.525557066017 
1.685413840998 
1.810097633756 
2.040027690732 
2.070267605317 
2.123871041765 
2.132633014817 
2.050096331063 
1.955780683382 
2.108945989426 
1.998600484767 
2.100757779421 
2.105148086284 
1.920015437098 
2.013847864389 
1.820791045075 
1.857477607857 
1.837425002354 
1.933443665992 
1.758293393146 
1.736406422392 
1.778612107111 
2.059186864827 
2.137430910835 
2.418264614437 
2.259288332727 
2.345578339192 
2.510633903159 
2.450407760850 
1.857878311136 
1.926813586433 
1.760272595253 
1.680236781680 
1.569877714045 
1.602445368334 
1.644842171283 
1.641632191632 
1.632175391982 
1.590128526134 
1.875537144136 
1.873074505445 
1.666165126104 
1.535006559174 
1.796259642356 
1.573663799982 
1.796331150334 
1.678251780223 
1.726380825038 
1.595315587572 
1.577621006572 
1.470467931623 
1.970691240355 
1.643385190222 
1.711867967373 
1.642871502973 
1.667006995461 
1.698033185498 
1.653994420390 
1.655928279829 
1.722383161119 
1.861072218975 
1.936333019797 
1.924319083826 
1.828401746572 
1.870810029441 
1.729388602637 
1.990509579246 
2.050106694882 
1.888892482135 
1.818358301183 
1.843954685933 
1.908521596518 
2.016063693955 
2.026718590268 
1.847462571448 
1.499413225872 
1.506939735312 
1.871794110676 
1.850661604764 
1.926806170756 
1.864560545359 
1.922163631905 
1.902988342831 
1.801113644955 
1.891574147002 
2.183490102406 
2.113521033362 
1.997981020934 
2.216420445941 
2.215920576645 
2.280666042133 
2.353725963685 
2.045458556032 
2.050698336614 
1.825621084802 
1.867920962160 
1.888883769873 
1.800842016538 
1.537605591648 
1.847664734053 
1.788929269147 
1.581520773549 
1.848418713976 
1.824859568907 
1.843086890321 
1.739747539216 
1.636414448659 
1.825716004436 
1.976042604764 
1.946684004982 
2.001753416567 
1.975871987156 
2.015285339019 
1.910970336410 
1.917109038523 
1.969400632642 
1.928616014181 
2.019486368956 
1.738190037768 
1.602049876784 
1.626810907227 
1.637178664428 
1.449662615704 
1.649154319425 
1.733094541159 
2.108913168113 
2.114725007682 
2.259552472110 
1.974666129602 
1.976447923993 
1.821336602609 
1.801932662379 
1.752266220076 
1.790344774087 
1.860062047706 
1.868079136085 
1.945365221388 
1.892946576763 
1.838495225426 
1.656207959351 
1.778258127336 
1.479505804344 
1.501661687483 
1.547410112815 
1.693655963227 
1.872331995364 
1.928316229004 
2.006976313724 
2.123223506572 
1.884112666914 
1.663199197504 
1.777259410886 
1.639101275907 
1.890644189135 
1.784112178352 
1.416566798182 
1.712976521834 
1.597634634871 
1.665132938966 
1.690992229292 
1.599181767318 
1.739634478168 
1.739478689240 
1.670642708988 
1.765050509601 
1.924711512343 
1.769505282218 
1.694149067295 
1.765364991391 
1.883571370874 
1.810129012757 
1.819277574634 
1.824037307551 
2.042632860766 
2.093826004952 
1.863487143127 
1.827893484701 
1.911016904232 
1.934044200516 
1.764882842396 
1.840077282211 
1.933472633471 
1.989980425385 
2.013492023321 
1.867774632072 
1.980339983230 
1.988921388947 
1.799784299990 
1.821876921829 
1.721744780998 
1.677469097933 
1.801853352299 
1.777637668885 
1.986407693467 
1.968414353804 
1.938195582893 
1.907452185709 
1.837086129211 
1.884569710925 
1.962069024866 
1.859010415126 
1.731891646846 
1.909864309415 
1.925408817103 
1.889346242938 
1.780780704022 
1.820735683621 
1.723262608999 
1.726309911388 
1.868254631496 
1.863717815221 
1.826739893728 
1.939520654407 
1.834847409749 
1.812539173905 
1.792679089508 
2.046015709361 
1.944877276025 
2.049605743021 
2.275089478053 
2.178002717610 
2.169740204972 
2.217851176266 
2.081680336885 
2.226186620928 
2.283354361576 
2.273079057350 
2.267383817477 
2.321265705497 
2.031885655387 
2.014430675845 
2.111757202217 
2.012408966731 
2.287524019227 
2.449326060209 
1.799150651149 
1.825757251329 
1.892645479488 
1.888889764453 
2.080226424502 
2.203894377437 
2.049425484162 
2.001911396390 
1.863538928238 
1.763622302696 
1.700306800853 
1.660523563483 
1.711179484478 
1.736844220545 
1.654849928940 
1.572570520667 
1.642354112496 
1.817299368297 
1.841199636990 
1.816382340882 
1.925314574059 
1.884151506313 
1.972320603634 
1.786394844626 
1.847689287167 
1.843933087935 
1.781725940482 
1.648580069101 
1.805762613314 
1.758013458317 
1.649061143592 
1.756215854413 
1.768902897999 
1.687710939372 
1.804310429688 
1.923120019195 
1.972126057320 
1.954678075145 
2.163962954228 
2.049024418144 
1.896758224957 
1.998572367940 
2.148923252103 
2.121030965516 
2.257347895253 
1.923609269733 
1.831238485752 
1.813094145032 
1.837128815718 
1.903021292087 
1.886562327558 
2.108472737009 
1.846266513516 
1.784496944112 
1.874862826593 
2.024251230925 
2.170127581445 
1.983121360883 
1.824528289146 
1.753834752700 
1.592508629935 
1.734566444534 
1.848838420516 
1.665746891469 
1.806883769283 
1.636792086581 
1.629996133303 
2.023633201640 
2.095006170884 
2.107438041904 
2.269585507377 
2.142637798586 
2.130350583379 
1.874464736246 
1.798951558613 
1.699669554629 
1.624646909393 
1.702544103157 
1.961735512469 
1.928226407040 
1.731693063039 
1.714675633620 
1.756307298128 
1.848975808112 
1.859165737445 
1.746147159184 
1.670160692933 
2.080505724249 
2.059041242475 
1.791571498414 
1.809295873096 
1.759822682402 
1.790358413691 
1.717832007255 
1.825170076063 
1.805476024584 
1.863176764858 
1.908909606703 
1.854941620018 
1.886183016240 
1.819403948173 
1.570157198385 
1.517399072148 
1.691605590286 
1.625250284815 
1.565183442491 
1.631533651768 
1.790810094249 
1.950942786913 
1.847059812562 
1.776624841929 
2.115820908038 
1.806882231282 
1.758625144904 
1.754859314582 
1.644387299739 
1.669251887843 
1.699002544221 
1.929989227786 
1.843957786147 
1.705920862513 
1.865605604979 
1.708149643515 
1.791796504940 
1.883486932198 
2.149153487959 
1.885617144755 
1.862095643944 
1.997858838849 
2.050689572197 
2.100904820084 
1.957148485699 
1.810568924374 
1.995123028422 
2.009838567120 
1.892531704884 
2.048624230282 
1.901931491735 
1.857786939197 
1.717123267031 
1.755850864225 
1.800447772499 
2.169311139995 
1.727428947716 
1.604274207015 
1.985795068841 
2.027959133077 
1.863589965544 
2.005540194033 
1.981599289627 
2.000688952289 
1.831173878561 
1.766046916190 
1.905411847824 
1.852441510275 
1.772064444820 
1.667449970806 
1.710287835364 
1.715219528018 
1.770408084017 
1.746624704263 
1.662624508805 
1.869248158348 
1.887671686833 
2.042854726448 
1.889300713244 
2.039787544925 
2.009853896054 
1.812519327776 
2.038222486488 
2.094920701126 
2.126258020443 
1.869494505496 
1.942393386629 
2.038902974942 
1.992374509611 
1.992093476774 
1.874821102721 
1.904420462170 
1.933404656385 
2.032818146945 
1.857265256374 
2.080337871333 
2.158599997940 
2.124827986075 
2.211012436255 
1.898928443198 
2.067814291943 
2.120079249140 
2.326248983353 
2.196500609047 
2.089561179592 
2.027991441858 
1.582750836658 
1.768673979551 
1.807344563211 
1.806853831479 
1.865044641631 
2.144756362985 
1.929441792542 
2.050856547489 
1.925421927549 
2.232722237351 
2.288539917775 
2.161637308564 
2.170254947105 
1.822838814412 
1.777099071354 
2.002363749845 
1.924758215967 
2.007336097361 
2.094922216645 
1.987656253303 
1.924645921293 
1.982814657015 
1.778607641329 
1.948286543907 
1.859174751771 
2.099878606532 
2.273372602232 
1.525372399926 
1.800416110097 
1.799643095377 
1.766186102240 
1.737180287578 
1.702820277137 
1.591982818599 
1.717482984415 
1.791009001914 
1.782371642574 
1.621113013088 
1.756396958209 
2.045488336364 
2.110616429898 
2.114291477337 
2.045502132197 
2.360329716682 
2.334517450684 
2.190985234629 
2.099566648506 
2.163773099914 
2.624278379170 
2.354373237414 
2.429975265136 
2.287585004945 
2.407180105463 
2.324232565823 
2.373268440930 
2.138087703124 
2.097885535678 
2.068477986417 
2.083644445674 
2.022776145688 
2.365148368084 
1.997942889838 
1.867564266954 
1.863326401433 
1.879325989916 
1.878689360260 
1.863270564484 
1.882515753552 
1.908013258366 
1.921045788098 
1.940878076332 
1.841808464754 
1.726434942041 
1.722266939731 
1.905524356682 
1.891627399382 
1.969399151918 
1.861679363052 
2.057174390167 
2.041085386809 
2.231925477319 
2.307337603053 
2.048712883485 
2.348110418526 
2.272941023877 
2.189711680581 
2.192437597587 
2.152428112274 
2.234294967578 
2.157695022163 
2.257556522719 
2.196541467106 
2.104794257645 
2.352120321553 
2.319693522338 
2.055425211389 
2.152864386403 
1.882522386278 
1.844096953025 
1.480211145220 
1.472963599656 
1.548885908875 
1.742976976415 
1.849578977338 
1.912652508707 
2.021914022758 
2.013653625363 
2.073418226814 
1.878046710480 
1.917321163110 
1.742166715042 
1.609671986326 
1.777410612283 
1.755707974335 
2.105788729169 
2.033970690611 
2.009808763577 
1.830061248678 
1.878344687513 
1.769857748860 
1.477267556519 
1.939088134279 
1.806053179101 
1.743438078057 
1.725318178661 
1.713997348802 
1.757582709376 
1.734519923284 
1.706346859085 
1.842187512283 
1.807937244804 
1.953962288193 
2.035711854188 
1.786307165387 
1.767118800275 
1.946516258663 
2.059605941520 
1.895540063058 
2.055438122120 
1.809604406437 
1.795010501289 
1.790306825602 
1.904695759365 
2.175329080431 
1.809950449887 
1.864868947452 
2.070307444453 
1.607982306781 
1.841139139815 
1.867548066875 
1.854174347435 
1.828870485168 
1.823267055875 
1.857495427839 
1.832690076715 
1.724361257523 
1.446790212071 
1.592676975868 
1.634068960920 
1.492715583976 
1.533055862494 
1.505923431136 
1.566699960712 
1.610051377779 
1.648847403087 
1.526399567383 
1.628186879714 
1.865265342513 
1.746797559382 
1.680504995946 
1.859205936620 
1.694522461804 
1.713422307461 
1.638711444714 
1.872897662875 
1.911485654911 
2.064047701138 
2.116208430267 
1.626192879628 
1.748623522215 
1.716413523608 
1.672104988817 
1.626134872931 
1.707445277155 
1.644313153292 
1.672156785197 
1.588300591571 
1.702714303854 
1.853838476353 
1.908837933940 
1.758348329055 
1.589936585335 
1.726098575246 
1.732408327763 
1.805401209049 
1.850122505020 
2.039401292930 
2.050972248319 
1.872808256890 
1.973460186015 
1.878313233239 
1.766907817402 
1.845870842874 
1.879209443384 
1.666127873776 
1.881482432984 
1.806222182803 
1.684418219988 
1.653459871607 
1.712038981978 
1.645832293352 
1.876469520160 
1.567936132109 
1.611844541407 
1.684047750793 
1.824162386698 
1.723679706957 
1.775844664528 
1.823593122797 
1.756023019663 
1.711961192381 
1.640057058314 
1.634793982520 
1.565805749875 
1.870975756480 
1.821480998817 
1.764277525856 
1.635798784727 
1.915694025490 
1.593703874121 
1.743602371250 
1.733568623444 
1.427955379349 
1.778513440483 
1.677074612671 
1.593418720931 
1.591186292749 
1.678328219118 
1.671432234055 
1.699937999385 
1.781094983866 
1.795600770185 
1.800998580770 
1.805190387664 
1.818555056059 
1.806810490897 
1.895175526055 
2.043222192447 
2.018919723264 
2.102473945599 
2.133575841991 
2.100266306071 
2.104539567497 
1.953689987523 
1.673554208848 
1.638018173259 
1.845006206393 
1.848604712577 
1.775753513349 
1.677072923089 
1.501400980639 
1.608872799021 
1.469558394455 
1.564191689284 
1.648980962406 
1.994197011267 
2.085619773028 
1.853458141064 
1.849116900591 
1.894990237437 
1.879405598699 
1.666814917317 
1.991460267232 
1.792176162143 
1.622387039865 
1.684851824275 
1.622774281017 
1.639174709812 
1.661807652412 
1.672938384443 
1.686305652362 
1.725657975422 
1.630130065325 
1.850018925882 
1.806584728638 
1.862187928940 
1.837615709445 
1.923008117986 
1.842361107335 
2.078526650733 
1.938306319843 
2.049583451921 
1.923266460615 
1.774310601713 
1.733947256370 
1.643486128636 
1.872431291292 
2.024364609441 
2.272970120632 
2.126776453153 
2.177195837867 
2.055386114274 
2.465018962767 
2.235417693240 
2.178325563507 
2.236051731325 
1.819184058481 
2.005180093160 
2.016072752945 
1.981516576296 
1.959873046858 
1.856345753135 
1.657583645438 
1.597964184596 
1.687550006424 
1.739469043988 
2.159318941086 
2.212541046332 
2.310551872960 
1.980700092099 
1.674946247229 
2.113937515118 
2.113341488942 
1.624657448394 
1.741817231330 
1.745209688884 
1.931444106216 
1.659956201678 
1.812063517075 
1.889831630939 
2.033947101735 
1.919851479259 
2.029520865718 
2.026920561298 
1.809162758374 
1.752168852613 
1.758607662273 
2.066906385716 
1.971702083967 
1.732670871969 
1.757190167795 
2.009531167579 
1.914116083872 
2.070165824931 
2.048984453860 
2.103370134566 
2.043607670245 
1.960859108682 
1.799697902499 
1.905094101870 
2.153817994940 
2.354487705138 
2.135197291997 
2.416351576224 
2.353131507571 
2.281922077615 
2.124857229694 
1.596431268646 
1.453479463774 
1.590204723168 
1.567724811520 
1.587437701957 
1.698567216454 
1.833577107840 
1.971950356125 
1.945814350038 
1.809599014050 
1.800944701717 
1.704661183420 
1.909927744701 
1.890184526092 
1.775996836296 
1.692017383187 
1.867136975422 
1.950280504898 
1.970420427676 
1.975585992950 
1.790095145159 
1.917960539125 
1.723996464283 
1.948367652293 
1.892041763808 
1.653713197803 
1.878822686517 
1.764468454784 
1.795389435472 
1.758810805517 
1.591863194325 
1.762971911374 
1.835147900878 
1.910718012518 
1.939008228284 
1.919344793886 
1.928655507781 
1.839902932338 
1.738518229744 
1.787810984652 
1.807775305504 
1.829402252813 
1.940933352463 
1.843642239019 
1.887733520712 
2.146823419065 
1.874648596620 
1.781983958837 
1.890055731628 
2.011746205056 
1.838664382847 
1.934645809098 
2.053962387863 
2.041814946396 
1.850567121159 
1.922394421522 
1.908873638563 
1.971928831893 
2.150690993598 
2.171271326960 
2.089280362611 
2.277146351912 
1.940773307949 
1.820507108367 
1.816192464184 
1.707261184733 
1.636279202464 
1.800261611015 
1.873322652476 
1.909690284183 
1.930036552757 
1.861211743814 
1.715188969403 
2.102176652400 
1.731568236175 
1.892426876357 
1.818785013792 
1.667532865650 
1.590603798211 
1.658267892117 
1.842842534881 
1.685791081011 
1.905480974096 
1.919475007962 
1.854462697397 
1.602687858440 
1.845083282073 
1.939098592720 
2.118560822037 
2.149147104912 
2.003412546782 
2.096967615095 
2.194473450441 
2.166509669088 
1.945648017192 
2.064044139125 
2.082872446870 
1.912127621842 
1.759477786165 
1.804726984078 
1.942254275974 
1.913015920690 
2.035884477440 
2.072866900308 
2.235947597383 
1.805831410502 
1.766316800943 
2.013487095024 
1.855332299405 
1.994761419854 
2.148560109743 
2.114403495882 
1.974886335533 
1.899453107633 
1.866227312570 
1.901087735628 
1.801974647663 
1.877722847422 
1.990425297245 
1.973724583978 
2.031701233416 
1.881359892900 
1.957902363374 
2.131013376312 
1.894734777276 
1.826178016678 
2.055491846156 
2.076785035951 
1.882995399793 
2.040295443662 
2.336442988115 
2.203749190959 
1.991944728502 
1.766931256543 
1.900466015198 
1.941212498191 
2.265059013924 
2.177979399707 
1.942951743988 
1.800389000481 
1.877024023092 
1.969160709887 
1.955273169200 
2.273189679640 
1.934663366493 
2.078719565541 
1.959667335457 
2.026342804818 
1.749414912721 
1.801742847475 
1.782376303893 
1.694762411507 
1.858477055076 
1.693087855491 
1.691005527723 
1.764630063887 
1.832558346764 
1.674270610633 
1.664788465355 
1.817476677218 
1.731642230711 
1.704403258029 
1.849073397139 
1.955138907717 
2.027274455338 
2.140730317388 
2.091347382163 
1.830091143685 
1.732608630229 
1.804407277567 
1.777827332657 
1.821307281103 
1.954103762118 
2.005634419605 
1.997600000857 
1.599484064025 
1.614711465729 
1.727963260766 
1.820546798270 
1.915865711422 
1.782636888198 
1.909704898018 
1.821781398729 
1.695654618445 
1.767656686367 
1.748299862778 
1.711926017305 
2.123649271161 
2.222488398253 
2.079884162535 
2.118002081679 
1.998033424747 
1.802509451401 
1.930538607551 
1.903888805753 
1.787517634186 
1.770349825487 
1.894309610552 
1.773244692571 
1.594609840537 
1.752973680523 
1.821010492564 
1.872540350410 
1.772010125574 
1.586359138931 
1.702024254088 
1.697730279659 
1.658277059829 
1.661071322178 
1.760166545056 
1.761195328894 
1.876511672805 
1.995792273266 
1.974895838842 
1.844403962096 
1.929617612320 
1.983931606809 
1.989148513224 
2.058396865089 
1.896941993266 
2.065192230530 
2.213599453102 
2.210479860845 
2.191755639667 
2.007316851374 
1.941165869221 
1.994874509417 
2.308716889496 
2.406796985887 
1.915533692527 
1.916001880663 
2.210862596040 
2.255094371453 
1.898417678821 
1.883105751280 
1.755851795543 
1.667065243106 
1.956567480590 
1.826407100602 
1.948397711612 
1.926157232941 
1.851394939627 
2.050133102114 
1.751317677661 
1.965009341653 
1.796282915922 
1.854149908141 
1.843534997036 
1.984406074399 
2.059786789943 
1.839274425363 
2.062721899440 
1.972713746928 
2.180604673437 
2.179749203204 
1.923756598017 
2.270412938229 
2.127135632288 
1.985183674799 
2.258869564476 
2.042314274608 
2.123874382478 
2.039954294218 
1.973540775276 
2.096270889320 
2.062523085241 
2.057753151364 
1.919577911375 
1.660831148596 
1.647783430140 
1.838480165816 
1.785208804416 
1.927245651950 
1.723651438749 
1.770244861742 
1.960949699139 
2.120987546766 
2.022519430820 
1.372201267574 
1.617284643244 
1.850763119034 
1.795914582765 
1.852846494816 
1.704215227522 
2.008029261443 
1.782701407383 
1.783053879296 
1.930660270812 
1.781449309980 
1.795117980882 
1.616455099626 
1.649621637450 
1.660073759780 
1.911628374379 
1.935800197315 
1.663530360592 
1.788834732533 
1.896132056723 
1.886292495148 
1.950234650747 
1.770098003667 
1.757449700022 
1.645470268911 
1.822770495198 
1.788323875647 
1.768432271622 
1.945184860608 
2.182918835223 
1.937592743513 
1.654826929896 
1.903006561177 
2.181691457937 
1.843155061540 
1.836664067705 
1.780334125741 
1.625461808724 
1.486054863887 
1.604189349480 
1.621949450691 
1.825232699154 
1.617670612291 
1.705424369346 
1.661708353874 
1.671826579020 
1.534722860642 
1.481449893748 
1.698758992208 
1.663202672606 
1.528917941284 
1.687897187943 
1.819177439679 
1.485608405658 
1.887421436299 
2.034697883406 
1.875378549982 
1.936694796810 
1.903577481169 
1.842059404613 
1.880621102356 
1.911921480546 
1.945805348733 
1.892384630723 
1.882894313056 
1.855444671626 
1.880905580089 
1.980033003659 
2.243603691474 
1.944845916878 
1.810454943238 
1.942778111140 
1.768279936047 
1.768833341592 
1.933885112063 
1.820863032777 
1.818959067639 
1.797247090580 
1.765171563922 
1.972638990773 
1.854904933580 
1.875328130277 
1.772108830890 
1.839315964307 
1.956690263033 
2.012373427626 
2.103029240718 
2.116844775067 
2.072298181410 
1.968773812164 
1.809903165720 
1.890905407937 
1.753472032151 
1.705864719104 
1.756473259469 
1.747099784341 
1.748972773876 
1.517808615743 
1.631750468307 
1.603688084629 
1.651118527269 
1.581639558904 
1.717914540287 
1.870693498772 
2.066730433534 
2.296667858589 
2.275124864945 
2.046705369288 
1.844465136449 
2.018467870936 
2.013082345649 
1.887881774632 
1.980450646954 
2.124852862100 
2.134502339050 
1.989716955961 
2.021537857539 
1.866441343275 
1.768510797659 
1.955662401576 
2.025384643919 
1.984241781654 
1.791458681178 
1.669895477730 
1.636693670786 
1.625232289102 
1.642408665441 
1.599971272858 
1.560769672154 
1.589554435444 
1.588565074898 
1.790311703323 
1.747217187956 
1.634775394016 
1.607930609303 
1.704493307569 
1.687774997709 
1.786164963487 
1.709059402225 
1.735483881672 
1.679606299654 
1.620426253741 
1.639063932815 
1.546107356581 
1.494252523634 
1.577921905738 
1.563504223168 
1.590047348032 
1.453763460475 
1.605883117046 
1.596156488394 
1.443789319575 
1.440198013718 
1.728698183625 
1.809154653461 
1.587454569065 
1.682297336546 
1.899191645294 
1.961300164180 
1.769949989273 
1.816968847330 
1.852007271316 
1.764301079025 
1.811565398637 
1.726698118971 
1.584054158363 
1.655789201615 
1.919988389993 
1.645181269026 
1.744276725062 
1.843874308890 
1.578667701370 
1.804572357401 
1.715800089778 
1.716398406174 
1.639594764737 
1.821320330949 
1.705724133719 
1.773714681080 
1.730775537268 
1.932205259659 
2.071343752782 
1.932870091989 
1.755856266241 
1.869708228499 
1.845946556525 
1.929709077732 
1.862824289541 
1.789056716262 
2.077422468453 
1.861836911619 
1.772494825631 
1.718180007367 
2.314212522859 
1.976276705603 
1.948888430219 
1.813985007219 
1.789430418859 
1.947011409953 
1.775167252238 
1.822049987543 
1.621930632665 
1.816869331500 
2.190728360858 
2.094295140086 
2.018832716118 
2.105333580323 
1.976435491550 
1.939920182043 
2.272606461618 
2.394207429233 
2.360516765602 
2.339208977829 
2.008383296860 
1.962656765101 
1.836270864692 
1.986399778660 
1.877537309186 
1.813976755527 
1.786554195025 
1.839525514321 
1.849344620960 
1.913472295458 
2.226148301158 
2.364408106133 
2.121022992169 
2.120757844955 
2.015694526159 
2.005601529727 
2.027847464808 
2.055252169258 
2.026580887192 
1.985779156076 
1.933043970458 
1.925677279884 
1.849038007758 
1.865579000502 
2.068781235605 
2.183413241956 
2.167780411144 
2.188934829867 
2.218501136031 
2.187702253157 
1.938884601684 
2.127687110334 
2.090563855487 
2.001315864575 
1.943188649579 
2.077101737139 
2.200541786936 
2.149773247915 
2.186597418852 
2.191720775627 
2.376301183408 
2.234472548491 
2.279642953504 
2.357094941170 
2.217413087910 
2.070767518879 
1.829470724562 
1.878535982762 
1.803363862787 
2.034556021598 
2.109524439483 
1.927703717177 
1.889792446124 
1.744526001811 
1.864353787707 
1.810726777191 
1.744317615635 
1.935847496287 
1.858630996317 
1.682676373104 
1.664031964827 
1.617020949553 
1.676409910831 
1.616050258184 
1.669788372627 
1.790537588660 
1.935634317410 
1.946698218945 
1.924738345694 
1.881023945847 
2.015200771924 
2.128375236408 
2.238702106045 
2.052514627058 
1.933077662847 
1.775277798993 
1.744179037830 
1.729513297640 
1.640855442396 
1.683463225105 
1.674036515023 
1.628163599177 
1.764481727526 
1.786403061018 
1.754235134702 
1.729584626317 
1.873676196635 
1.805966642570 
1.885611058275 
1.891610268933 
1.987252057233 
2.097302715510 
2.044097192647 
1.890556693103 
1.805005053572 
1.755366479460 
1.828264456490 
1.563084707958 
1.499974595792 
1.446066219858 
1.653256280936 
1.573772366239 
1.677469768843 
1.377086971029 
1.800823359876 
1.646043064608 
1.819657579182 
1.892228113042 
1.807366132145 
1.643409649144 
1.746486555306 
1.737548715138 
1.811379873965 
1.860269964781 
1.693095998943 
1.679888803459 
1.541859088513 
1.864566740420 
1.791884323209 
1.935260190889 
1.873801961489 
1.902682363438 
1.915647860274 
2.113788530135 
1.930116994462 
2.173674893501 
1.999678989356 
1.867921022526 
1.744281243264 
1.779362984762 
1.802609163678 
1.680590403544 
1.770404594666 
1.717886200698 
1.802568980845 
2.035253718516 
1.869979957112 
1.793465460235 
1.703901021804 
1.705515602776 
1.702063457981 
1.687452325372 
1.870366850663 
1.848342234267 
2.090813207079 
1.955337804917 
2.138207743631 
1.914892052858 
2.136491584829 
2.003486386262 
2.095787045744 
1.924337338176 
1.766374694005 
2.164695711846 
1.832378211481 
1.882043522873 
1.856254043146 
1.761605071308 
1.804356040878 
1.662485035833 
1.832049303486 
1.905304489147 
2.240542752539 
2.187645815098 
2.150630150774 
2.099291811636 
1.982672329433 
1.998564446474 
1.963512242756 
1.947138382884 
1.797246796956 
1.859981985935 
1.965856397605 
2.150770848899 
2.145858647649 
1.750159127331 
1.855029782785 
2.108923016271 
1.986363756777 
1.885756361061 
1.670761056362 
1.752706764186 
1.591585197880 
1.655542799686 
1.643414262205 
1.893179623191 
1.987424768710 
2.023236716317 
1.960079366783 
1.873200909727 
1.842701650010 
1.714977594930 
1.763866019043 
1.870179968429 
1.808254867037 
1.794994985820 
2.136583046285 
1.897811330930 
1.911560523861 
1.948454051082 
1.817937967326 
2.048786400089 
2.186699977577 
2.231510193052 
2.165248336717 
2.201002431654 
2.133491053693 
1.837886048051 
2.143286151651 
2.050790275126 
1.881162077137 
1.838740773400 
2.122838364881 
2.346065777588 
1.927118656705 
2.126206337258 
2.544984245263 
2.024029133514 
2.044311145893 
2.099563535345 
2.025696565523 
2.105167600454 
2.191222019665 
2.273813577415 
2.264648642198 
2.216320047923 
2.205447364184 
2.043509868851 
1.990985189099 
2.099977930233 
1.988956689688 
1.795402383857 
1.650522037129 
1.554406704721 
1.599533972423 
1.866036951603 
1.786145995004 
1.711108969903 
1.897843727375 
2.188101428543 
2.212098889578 
2.064360400976 
1.976681352267 
2.018408847265 
2.044956872610 
1.932111366335 
1.801407324086 
1.716950503277 
1.688067806653 
1.780105691948 
1.874937415394 
2.083334704050 
2.117447899002 
2.009166295525 
1.837895210884 
2.144051833892 
1.939032190041 
1.849020771858 
1.690168930601 
1.658385468253 
1.647785774885 
1.615767911543 
1.904693458650 
1.618322342121 
1.791761087900 
2.182336229880 
1.976929163225 
2.117193513329 
2.174303953517 
2.089877996969 
2.261957802491 
1.909960731247 
2.028270321924 
1.813602844964 
2.013995404035 
1.959080250590 
1.862624549775 
1.927078401856 
1.877578475915 
1.928265157053 
1.731482294080 
1.793988237086 
1.824756678857 
1.697136046954 
1.447708830645 
1.467545318369 
1.667773521220 
1.718023196024 
1.875354218070 
1.948483073446 
2.013837598151 
1.950399983058 
1.689420964257 
1.802264586628 
1.725620055562 
1.735555616505 
1.729330668430 
1.733272816529 
1.820283122019 
1.779920012376 
1.962629145051 
2.010983476168 
1.982409435141 
2.087622892655 
2.134172878034 
2.134020419667 
2.212781312315 
2.305512932441 
2.256332332733 
2.326135335647 
2.090354707333 
2.018198624924 
2.065736222545 
1.888491333633 
2.084408884495 
1.863006883079 
1.800048627521 
1.765246718058 
1.962987740559 
1.819388585692 
1.776755006456 
1.874721982714 
1.922361242580 
1.904117764607 
1.788988248135 
1.722762144657 
1.884489691372 
1.822068231839 
1.735392011595 
1.676731557786 
1.712611519404 
1.732828094530 
2.040719366608 
1.890810553231 
1.962332009350 
2.130445422719 
2.154370160543 
2.141491291680 
2.039935326987 
2.156846395857 
1.857022410305 
1.886765872356 
1.760670217747 
1.995486104421 
2.092491845967 
1.939852804636 
1.970510089971 
1.873266603443 
2.058591676824 
1.938886921770 
2.044596786325 
1.942507722088 
1.931093342711 
1.778675226311 
1.598976181097 
1.721826998765 
2.050232145894 
1.945430816582 
1.860586304131 
1.909284737686 
1.942975101771 
2.038777558880 
2.045985817719 
2.136990513036 
2.461491748067 
2.099890117992 
2.196992502086 
2.065558575656 
2.126822123218 
2.200018989091 
2.184077807712 
2.040456840521 
2.015015581550 
1.967730301902 
1.916727184536 
1.612055250916 
1.687893416181 
1.942188525576 
1.932397125716 
2.067435844574 
2.120327467256 
1.898033386518 
1.907275281811 
2.027795966195 
2.303398834909 
2.252905367233 
1.895083356846 
1.731449720155 
1.784924917361 
1.780636407574 
1.856246162710 
2.133630348877 
1.664066586067 
1.617069941776 
1.709002892883 
2.400076008718 
1.914371219667 
1.958540765110 
1.805245018126 
1.587432112535 
1.755175399750 
1.694275593798 
1.686751359890 
1.850100391742 
1.822971042896 
1.728371187559 
1.817205078266 
1.890791433580 
1.899369666501 
1.898273286464 
1.800549087370 
1.778950011479 
1.885122169370 
2.147850116943 
2.104345396134 
2.102645417638 
2.086114715170 
1.870687363205 
1.889558306087 
1.837656345077 
1.729292988961 
1.705197976344 
1.726712424273 
1.587140562126 
1.821028076140 
1.795094687093 
1.827903634393 
1.995006112041 
1.895069845446 
1.940689825604 
1.752546419550 
2.056541669415 
2.060172674602 
1.850754223191 
1.778716657260 
2.091359036157 
2.028003085661 
1.974269245237 
1.908334253582 
1.982386768263 
1.846135790891 
1.707206394155 
1.905192244192 
1.759891926863 
1.949484301715 
2.006715321543 
1.996206870602 
2.029254596332 
1.880133824811 
1.796845679333 
2.254698245050 
2.123679665479 
2.156482318690 
1.862874936678 
1.967197962896 
1.857849747308 
1.844028554653 
1.887503531148 
1.876636163628 
2.135414670484 
2.043350372122 
2.216205039602 
2.331419452945 
2.394750849265 
2.162782682905 
2.166724926215 
2.202122059641 
1.722933064304 
2.098792964401 
1.863908427304 
1.827052461776 
1.653090430294 
1.989440102213 
2.079004162350 
1.853957568797 
2.041114345588 
2.000988835781 
2.029251221726 
1.745937473990 
1.781316502995 
1.818987658361 
1.763088624936 
1.736383058466 
1.813449486822 
1.763198083303 
1.848981339085 
1.893890950603 
2.054044923257 
2.077233475881 
1.868920525901 
2.142144125980 
2.155356933316 
1.914127961899 
1.943053936762 
1.816724869247 
1.865275285733 
1.984053551526 
2.031209933598 
2.095523697030 
2.135191171160 
1.915407539234 
1.882292404941 
1.625784666656 
1.763930081713 
1.762988579213 
1.689684383672 
1.680877923228 
1.582602328076 
2.000235708670 
2.170489726627 
2.140085908858 
2.043177804258 
1.934656481305 
1.900432312423 
1.692144949134 
1.865092340591 
1.800923915931 
1.905316232194 
1.814450745751 
1.671595973043 
1.638160619416 
1.600911459967 
1.869480720530 
1.864493141734 
1.791718057275 
1.864292387301 
1.842102988296 
1.879720822640 
1.597263990924 
1.834561861499 
1.650120595275 
1.629983980004 
1.704526296363 
1.755968368278 
1.825030309485 
1.831236870651 
1.800737516499 
1.812200532665 
1.833445413563 
1.884447297598 
1.825566906014 
1.663430574410 
1.779927389309 
1.723590133717 
1.972326830607 
1.860070382034 
2.132778624623 
2.181464414169 
2.118683390534 
1.790205588655 
1.707048514399 
1.778436745381 
1.960217471048 
1.830471946107 
1.629336598695 
1.919997757333 
1.749587895790 
1.697899302179 
1.883735646865 
1.962813807800 
1.941692553594 
1.692532248867 
1.614910301099 
1.720924675043 
1.976918336870 
1.846703986817 
1.831155143734 
1.994236708607 
1.951857630914 
2.052973649892 
2.029671408300 
1.992024558652 
1.996792025070 
2.106125271401 
2.113811974516 
1.866961824699 
1.888127357580 
1.730421937463 
1.759379204801 
1.708390910795 
1.783865390432 
1.593057915376 
1.712564432474 
1.624269881360 
1.607228459443 
1.578079979436 
1.574540153645 
1.596918743629 
1.748414229251 
1.982772357148 
2.088581991672 
1.847551301074 
1.906978993605 
1.947601458133 
1.829549845608 
1.805125058774 
1.922216799659 
2.085097044942 
1.833167094881 
1.973617860116 
1.590543955061 
1.949997713396 
1.939498792482 
1.796213775596 
1.834274771508 
1.796274272893 
1.896682788426 
1.787177145231 
1.709225093702 
1.627014533640 
1.687008169249 
1.590939951596 
1.488411167446 
1.825564890020 
2.097428870108 
1.800842564290 
1.876178225914 
2.013745876204 
2.076211813742 
2.029278849976 
2.074094637701 
2.043937919123 
2.153031119257 
2.228980789100 
2.261792180595 
2.443743720214 
2.184243203203 
2.256390777266 
2.101091774833 
2.031213739892 
2.011506086657 
1.850127338406 
1.808514003971 
1.725559350475 
1.549030830147 
1.653786853902 
1.599867393065 
1.587371245868 
1.656240571360 
1.786499621756 
1.590693973242 
1.733987474455 
1.804369593689 
1.811120700164 
1.934585602945 
1.965651421484 
1.728760909488 
1.696701100584 
1.802129337139 
1.895400682666 
2.081144373115 
1.988419388229 
2.053729808394 
2.011619046731 
2.342688210839 
2.221507597579 
2.191585661623 
2.157111913400 
1.953159466961 
1.637882968478 
1.652066695337 
1.699035882546 
1.818678089365 
2.213401387088 
2.085471311912 
2.248551971511 
2.487911299292 
1.999370851250 
1.789297147311 
1.967964610929 
1.864074071821 
2.031553090128 
2.179801735212 
2.426228405480 
2.105288399175 
2.024927461878 
2.090085017273 
2.242343526067 
2.490983125224 
1.942923329403 
2.150282602959 
1.829348843342 
1.922446770332 
2.026451649908 
1.766263959046 
1.777261099746 
1.905809665740 
1.940114619073 
1.969235590693 
1.929892381561 
1.910823130870 
2.018998285528 
1.994651090508 
2.060457017020 
2.306097476025 
2.018247924229 
1.905300520950 
1.675586165162 
1.577603170029 
1.844823494826 
1.737525871804 
1.499191819426 
1.378848232563 
1.521274264637 
1.508902232311 
1.553885239367 
1.477971510446 
1.941546500241 
1.997593546842 
1.871951528287 
2.149175324847 
2.304386912073 
2.201875494237 
2.287463731652 
2.506890040906 
2.416081315517 
2.313811957588 
2.189049118226 
1.708117017983 
1.891843399718 
2.028206202408 
1.710512381667 
1.895184902684 
1.441978790185 
1.681452535912 
1.725543733534 
1.778606478792 
2.121789669795 
2.186228735328 
2.396454822384 
2.037948809331 
2.150928436620 
2.151415100804 
1.879696827079 
1.969531265742 
2.101481140593 
1.866942504766 
1.830244438870 
1.585790019191 
1.675934129263 
1.600469224084 
1.803206434786 
1.764001194772 
1.852774817268 
1.818619706048 
1.825998545588 
1.900938674820 
2.012806279790 
1.925640158551 
2.185226087852 
2.183776181984 
2.459521280742 
2.024013035327 
2.044639239514 
2.203464024685 
1.848958812673 
1.804258898297 
1.724976544201 
1.623229168781 
1.685654038705 
1.806771294918 
1.786924770663 
1.807494435111 
1.729415398400 
1.727072587506 
1.936023577869 
2.080506169201 
2.122031066699 
2.150578631805 
2.089928733514 
1.953120348603 
1.865186109052 
2.079148286648 
2.105924924849 
2.282377527358 
2.147143365047 
2.147408587019 
2.113201284091 
2.071092117392 
1.924652724832 
1.625172007691 
1.764921387201 
1.599533454443 
1.626229850915 
1.667894923460 
1.651893130830 
1.797709585590 
1.830117659730 
1.963336509043 
1.968845782816 
1.757719940153 
1.791631797675 
1.690825952417 
1.625869860435 
1.892581747653 
1.719522080207 
1.615220509910 
1.914621196353 
2.003642573686 
2.025257385985 
1.660246800494 
1.798678266212 
1.881101301726 
1.950041646807 
2.041251086536 
1.882588729843 
1.817700978065 
2.076257505701 
2.034840876661 
1.811937523531 
1.933816788189 
1.681149849556 
1.732139997257 
1.787335400889 
1.637883108743 
1.952218479948 
1.922375307469 
1.606552262331 
1.659363151406 
1.983517396101 
1.722153525730 
1.801697316842 
1.816303209652 
1.796596802804 
1.670101974588 
1.774594145384 
1.818761141679 
1.736449070708 
1.608157609947 
1.833777542200 
1.973527617785 
2.164203096480 
2.077796778843 
2.109067044903 
2.167874511670 
1.680684677674 
1.463998337711 
1.770879733473 
1.526524003782 
1.757206014672 
1.738134801416 
1.740606647050 
1.763558555795 
1.814727721446 
2.011181080368 
2.068130966788 
1.961473532218 
2.053857899522 
2.151897758590 
1.990030698013 
1.875089902685 
1.891465632245 
1.823289919952 
1.914093999557 
1.903760115432 
1.892443077873 
1.860363961801 
1.852737959950 
1.826451122667 
1.762462202084 
1.781164935550 
1.588566431937 
1.649458706506 
1.632506147913 
1.618212210641 
1.707018380428 
1.525367134982 
1.685233380334 
1.750881166577 
1.900291860967 
1.773026738465 
1.887094738091 
1.928799640591 
2.134532111794 
1.841904433477 
2.104422395902 
1.983946615521 
1.915787107240 
1.930153983902 
1.682073328384 
1.733259906769 
1.768778826850 
1.791642789008 
1.723709370739 
1.792309749695 
1.961766159920 
1.782490744181 
1.692384689765 
1.753536866385 
1.938058884339 
1.894496144645 
1.808153872311 
1.681460090475 
1.710357278938 
1.762408916520 
1.736026806496 
1.834186188836 
1.934293546732 
1.771230088266 
1.469034181819 
1.611480911525 
1.543895814115 
1.566310433445 
1.670446329359 
1.891463585860 
1.741421233183 
1.699400325727 
1.763176646701 
1.791557635826 
1.721678913238 
1.720367849719 
1.720237115007 
1.750003780024 
1.813868056190 
1.819339422764 
1.677156252726 
1.682923498081 
1.775597311646 
1.735290626509 
1.780906606456 
1.865403891857 
1.888270917521 
2.062234270072 
2.014848400852 
2.020635449471 
2.022626774900 
1.701875720671 
1.589260475961 
1.611071970469 
1.872175812935 
1.736341263248 
1.879841196616 
1.893396488616 
2.156400595634 
2.331696506661 
2.147860348044 
2.205882695055 
2.255480752602 
2.330090272338 
2.184029363380 
2.116316984859 
1.967593325862 
1.911560094896 
1.716159784790 
1.643701310641 
1.655331285490 
1.916580259723 
1.938215492342 
2.168441853470 
1.871687746930 
1.940371475078 
1.861219037442 
1.761768506444 
1.755837653719 
1.908210862680 
1.910369355595 
1.607465252110 
1.859100856666 
2.054022553657 
1.714911246949 
1.859941716181 
1.778390066552 
1.796192457316 
1.649157999271 
1.546660025960 
1.662666811869 
1.937427279377 
1.890532448031 
1.984337260348 
1.928721199603 
1.823205362338 
2.096417852463 
1.968126349486 
1.935880470889 
1.972139777881 
1.885048356847 
1.817068653977 
1.675003585281 
1.482218432322 
1.618500129651 
1.579037626377 
1.662111160800 
2.008750563634 
2.076225995567 
1.672940493278 
1.767079286758 
1.610354566984 
1.709321411579 
1.717872401298 
1.839569629289 
2.162129690431 
2.175277194598 
1.954960465763 
1.799933808292 
1.769016172986 
1.653865867874 
1.830437363327 
1.909875851522 
2.084981216446 
1.976907481516 
1.909751610779 
1.872035368489 
1.778385135044 
2.023687837535 
1.948325663346 
1.997993586954 
1.926537079741 
1.705375840101 
1.850863648827 
1.997809736704 
2.544996504187 
1.929413124066 
2.049687852862 
1.731697168917 
1.569148869065 
1.575991002436 
1.446780943937 
1.838696964408 
1.820699865073 
2.000717410220 
1.834311204665 
1.710347616391 
1.628409902798 
1.651629060414 
1.793506749436 
1.984713712747 
1.816117477255 
1.890702819753 
1.699480496216 
1.510618927382 
1.717913157623 
1.836806625021 
1.905696483635 
1.981913440697 
1.906291735847 
1.907397852256 
1.838498238857 
1.643146677399 
1.664553459260 
1.871998788426 
1.849063045972 
1.884478889285 
2.031788400225 
2.120172386778 
2.323263872729 
2.105593066330 
1.834260132071 
1.989041151268 
1.872811435464 
1.958619132566 
1.985160967934 
2.104920566404 
1.878516015075 
1.987091834855 
1.945000044817 
1.945713341577 
1.848711965498 
1.822491609086 
1.866319011314 
1.678307027675 
1.645720475200 
1.818946046160 
1.931497176254 
1.889798725554 
1.871243955241 
1.680248712049 
1.905585172623 
1.997563524263 
1.927556011354 
1.905299231264 
1.692533012678 
2.001224649055 
1.923440524499 
1.987027930289 
1.640547840213 
1.663835929305 
1.571936397905 
1.616019300178 
1.811875613357 
1.671357735423 
1.652152945554 
1.889636821195 
1.996843757771 
2.184950754622 
2.119537937483 
2.061530345934 
1.892532183920 
1.796816598988 
2.315426893478 
2.212761433673 
2.180601433380 
2.136014624713 
2.121322527885 
2.085164358212 
1.975614269302 
1.585546688793 
1.971565685106 
2.310646299101 
2.183064935656 
1.978378583098 
1.921984626028 
2.226652211893 
2.020452370360 
1.986647489179 
2.270055895509 
1.859269125315 
1.924054692546 
1.997507376677 
2.192731801118 
2.358450313008 
2.389396023982 
2.420237106518 
2.342170925563 
2.013376453299 
1.953571196932 
1.906740425809 
2.120374157567 
2.429111378714 
2.051899206396 
2.053010868760 
2.228352730620 
2.282794147550 
2.269873805430 
2.197396873218 
2.597780251066 
2.587984591581 
2.205048313357 
2.021778370561 
2.026831996336 
2.027863297540 
2.039434312130 
1.885697017490 
1.951099446123 
1.509084707763 
1.688623543876 
1.863880446193 
1.859156992053 
1.839160478481 
2.101796487473 
1.864065748556 
1.800586811236 
1.831994006092 
1.659783549318 
1.633015402343 
1.775783836870 
1.883104425464 
2.019873527504 
2.143785813920 
2.187353458538 
2.329670333526 
2.045581840389 
2.177264235721 
1.798991835367 
1.777494586648 
1.737214116944 
1.782000602239 
1.779404793576 
1.929198339188 
1.776767563058 
1.924149102436 
1.966124206353 
1.968758977992 
2.029730896755 
2.128608572956 
2.160873220423 
2.030338300286 
2.077933739699 
1.963055944808 
2.036530346527 
1.880934009045 
2.043332494173 
2.065122344619 
2.098982118061 
2.193810236312 
2.174183029645 
1.908816931563 
2.055462340670 
1.971093668589 
2.125139704387 
1.852646470668 
1.888603433643 
1.823980202266 
1.848695173310 
1.784819948550 
2.004351868072 
1.826479164949 
1.867855739567 
1.906692484657 
1.931971331295 
2.109741070718 
1.988783158313 
2.119447370258 
1.837595929222 
1.857183191173 
1.822111269031 
1.596195332019 
1.621942264408 
1.565145049959 
1.469615845912 
1.462573728954 
1.719299376857 
1.804817839695 
2.148967445861 
1.762161055867 
1.803900109921 
1.940538143575 
2.039851188731 
1.957578488806 
2.002722353350 
2.157497586356 
2.228391970757 
2.045459711064 
1.987467493188 
1.788075247310 
1.859487734266 
2.000779788796 
1.761609033402 
1.810362782052 
1.919645540881 
2.305390338780 
1.930577353645 
2.042707501128 
1.938066755236 
1.958575038012 
1.769766308639 
1.857767505111 
1.758490225613 
1.541217301072 
1.638583830419 
1.886418635240 
1.822691339679 
1.770237282697 
1.702355465746 
1.726225241966 
2.051068631509 
2.078221924707 
2.020782895718 
1.942309974403 
1.723669294144 
1.774575223172 
1.805744254525 
1.701989284832 
1.746567193861 
1.787582349815 
1.688452671231 
1.866729516794 
2.174984266440 
2.261829169875 
2.017327949334 
1.836632928949 
1.950622014927 
1.846222536697 
1.812728532341 
1.723204684119 
1.673672278440 
1.712980641337 
1.781853454224 
1.681118910536 
1.745111048856 
1.669996572214 
1.730919386462 
1.843633431019 
2.197749393328 
1.789065512175 
1.606300405797 
1.416052956892 
1.650355770582 
1.798774090554 
1.851992308437 
1.959011383598 
1.747990989388 
1.911084836024 
2.030248236884 
1.947256363852 
1.922483834243 
1.935849706461 
1.971471970016 
1.985742627660 
1.851210092016 
1.800183970423 
2.081472028285 
2.028481135803 
2.100704106897 
2.028998141104 
2.079435199159 
1.937755797889 
2.142388687600 
2.078211248546 
1.860546009452 
1.680744879939 
2.183841104979 
1.996442362174 
1.855249037628 
1.688805305067 
1.710546871277 
1.692707953318 
1.882726532706 
1.923189231796 
1.985304564632 
2.195603941743 
1.840158706635 
1.871657209999 
1.957364829192 
2.068145416385 
2.001723544953 
1.846090479535 
1.881686864468 
1.983103357255 
1.970196379245 
1.944640505873 
2.075405752121 
1.812386149718 
1.922453230811 
2.152733584719 
2.030790055124 
2.032178178572 
2.156770274815 
2.261937987128 
2.251499692013 
2.134930737321 
2.029490265371 
1.752272493372 
1.720974234332 
1.754927687330 
1.667780479384 
1.738221401772 
1.756482489486 
1.918976075171 
1.958875284310 
1.814731031880 
1.688491993433 
1.673630156680 
1.724554472701 
1.655662334634 
1.724321374304 
1.716239951200 
1.713721257167 
1.803646022821 
1.932837664552 
1.814259201700 
1.728566481824 
1.906256950647 
1.875703331510 
1.935438276938 
1.798071790680 
1.710467565395 
1.997952493679 
1.819634814513 
1.978216248801 
1.889157061853 
1.908125083964 
1.898823409998 
1.796115845633 
1.729444534561 
1.698515262896 
1.817676042387 
1.682405996484 
1.667344024050 
1.686303767091 
1.863576375450 
1.880073274519 
1.862126149177 
1.901200859674 
1.869098550876 
1.797616198790 
1.896591561020 
1.916710180390 
2.050271287084 
1.640099368280 
1.642138946184 
1.637366850839 
1.628441386139 
1.776949783961 
1.958411516746 
1.968730142154 
1.953051017906 
1.785175086111 
1.790367248655 
2.056135523562 
1.717236642911 
1.665736603383 
1.641450670271 
1.508897638247 
1.578555133839 
1.596842516016 
1.577052009799 
1.660153367070 
1.664277712137 
1.950080811570 
1.919654732315 
1.973361889623 
1.966638670232 
2.053678265140 
2.109430608664 
1.991586703645 
2.208447511753 
2.152128477282 
2.133865723485 
2.092222916998 
2.129674718726 
1.917496935481 
1.841304150192 
1.950481178410 
1.901546873059 
2.005041701029 
2.017142664808 
1.912951086946 
2.049876384330 
1.995726388470 
2.026541977327 
1.951955020832 
2.054913772253 
2.145128391925 
1.985681047562 
2.249566660788 
1.906324987093 
2.057233387416 
1.933554085399 
2.073486393803 
2.045457980574 
1.869333699810 
1.943998393380 
1.920933916916 
1.973672840705 
1.969670034060 
2.039130739860 
1.961238884856 
1.962743409222 
1.828643475085 
1.824334151270 
1.949882321856 
1.678995510830 
1.907163836521 
1.632840406273 
1.728795114234 
1.694085930064 
1.672253295065 
1.943470744972 
1.826498890305 
1.808116110130 
1.734226262397 
1.899413621398 
1.889503626137 
1.919833084558 
1.977744521742 
1.898013696875 
1.940159950954 
1.869123380564 
1.846529370306 
1.797973734786 
1.829774630029 
1.822430541459 
1.670151363680 
1.670417573659 
1.649913133468 
1.806600988463 
1.889093625592 
1.763098795573 
1.749505874830 
1.805500547993 
1.549518755157 
1.444569357117 
1.540797959292 
1.502429392247 
1.500108894897 
1.545156531485 
1.598243495890 
1.709064541020 
1.730332844880 
1.815295585698 
1.762467614445 
1.938052523450 
1.789510296429 
1.677664109397 
1.625478656592 
1.809444348706 
1.801738685300 
2.034685920192 
1.962760272098 
1.976639239146 
2.048099768221 
1.919626475040 
1.892775633299 
1.831881895821 
1.992529520396 
1.879266794144 
1.865512702566 
1.828147145717 
1.844575861830 
1.544850512872 
1.911985528122 
1.815917721316 
1.845121526978 
2.215427932304 
2.209744550181 
2.043958227624 
2.188468270037 
2.043778802113 
2.107758595642 
2.237338040123 
2.240636439215 
1.767669288362 
1.774860468984 
1.968852227097 
1.945696419606 
2.096846085235 
2.219006804611 
2.101716024850 
2.322860542306 
2.209115398309 
1.904647868236 
1.984763091399 
1.915674906911 
1.634843807357 
1.690395114377 
1.629704988596 
1.846956537675 
1.818100457594 
1.829400834683 
1.901240566242 
2.056251125042 
2.002878302947 
2.248962306155 
1.774921570772 
1.678877895488 
1.704790689330 
1.808303363386 
1.825090140764 
2.080595630109 
2.140736029738 
2.044546941068 
2.022038378583 
1.843414952302 
1.746654771576 
1.770535376733 
1.714519425611 
1.838475745200 
1.860712049440 
1.797014887936 
1.844667061379 
1.585899499655 
1.641354944428 
1.805429079078 
1.902990949581 
1.870141830027 
1.804497503232 
1.811965444915 
1.841173746379 
1.838621569187 
1.638439502869 
1.420215044960 
1.594678595179 
1.476642564363 
1.413197310785 
1.516758263476 
1.617771010619 
1.643142244274 
1.818067853543 
1.794615901374 
1.894176280766 
1.609499920543 
1.740101050907 
1.570442006603 
1.541251218516 
1.653644737963 
1.614056892110 
1.721800734089 
1.617077629270 
1.792636132689 
1.585436626093 
1.537513824314 
1.594632749356 
1.720483956284 
2.084344466215 
1.753903479132 
1.703769367074 
1.760008982107 
1.795090947099 
1.706030020905 
1.885849104597 
2.079434814243 
2.237588858575 
2.063932242771 
2.183529327349 
2.396551320449 
2.092626327780 
2.071238767785 
1.770619815432 
1.762877314102 
1.615021021097 
1.785367940567 
1.793148688019 
1.750700700257 
1.667517437460 
1.683224220909 
1.934814283897 
1.871824964658 
2.035278774952 
2.073063565642 
1.993360107709 
2.048592010032 
2.075269160151 
1.995801987881 
1.842952688090 
1.810583326385 
1.614998298988 
1.718922654144 
1.722561730996 
1.563907547797 
1.650017484811 
1.578913818048 
1.507405336956 
1.728710163980 
1.492201969668 
1.610277699806 
1.744172221481 
1.684794550120 
1.668272113555 
1.843083537194 
2.014066371792 
2.036535831911 
2.084985725622 
2.054627000753 
2.271769731834 
2.197493437261 
2.186972469279 
2.381304054427 
2.397547683362 
2.188602238736 
2.236328637965 
2.195099492201 
2.334201674485 
2.108086502405 
2.008081147875 
2.063953624130 
1.709176077704 
2.023143584533 
1.925528956247 
1.898587375506 
1.971088893296 
2.133538296846 
2.008426084024 
2.085029425422 
2.064257737686 
2.084810363959 
2.019571184825 
1.914463702695 
2.208152097504 
1.999930226382 
1.831947463060 
1.913216848226 
1.879243872908 
1.794255177213 
1.872949962999 
1.786608758241 
1.869639748180 
2.071876858438 
1.850362077497 
2.008744620622 
1.948275809182 
1.931778528215 
2.026623196517 
1.943502168416 
1.977873022726 
2.188814464982 
2.107062420752 
1.906165154327 
1.860246346187 
1.687966586122 
1.754864567408 
1.727914298233 
1.674862763577 
1.673800245845 
1.776268436183 
1.705732403736 
1.933251410097 
1.905353707032 
1.757993066143 
1.825255711386 
1.769492043825 
2.044653707269 
1.886190168066 
2.121221385167 
2.077329527697 
2.240665492991 
2.128450510582 
2.318521549889 
2.298937420711 
2.143367941796 
2.209176639249 
1.815643278794 
1.711337682811 
1.613953433859 
1.746278314871 
1.800411232928 
1.887862502103 
1.972587423318 
2.010378407105 
2.149158988847 
2.317666725676 
2.023924926050 
1.928075019460 
1.833319604294 
1.950937110292 
2.037040963748 
1.932953514079 
1.883535084073 
1.884789021129 
1.720672346154 
1.761077901181 
1.777744943529 
1.789221463278 
1.874527236591 
1.945302114956 
1.992791707345 
2.001237492627 
1.966259846607 
1.797740045614 
1.982920244200 
1.959211053213 
2.115403837160 
1.962788845450 
1.791652874764 
1.599531861784 
1.778752637336 
1.778509493097 
1.898482548819 
2.028799256663 
1.848324574539 
2.016083023383 
1.825430275154 
1.914347314392 
1.859723176567 
1.980138450713 
1.883187460249 
2.063667254853 
1.891035259685 
1.886511520833 
1.883077728296 
1.788066745847 
1.762046492019 
1.797496032024 
1.925530675039 
1.731729465317 
1.846170731559 
2.032996567023 
1.770235229278 
2.061573105684 
1.703324828053 
1.776387537570 
1.891571784171 
2.022659912768 
2.195934373869 
2.200128527250 
2.345761950754 
2.295092192961 
2.233021748478 
1.943662312096 
2.145125754773 
2.357554433676 
2.413238701252 
2.396201219679 
2.247896184595 
2.363291460328 
2.185498652172 
2.036472641903 
1.965528688339 
2.009321719164 
1.922095872680 
1.938661306787 
1.893500490605 
1.875557018893 
1.969075940938 
1.537888057953 
1.809158587930 
1.734354462792 
1.726229868758 
1.748011455478 
1.736642963260 
1.795252139143 
1.786144399353 
1.684616255374 
1.831065343880 
1.801556093157 
2.130498838502 
1.920205580205 
1.823680008195 
1.679101807355 
1.398336518377 
1.653414715265 
1.758334412282 
1.865959700808 
1.714748903704 
1.869769188113 
1.792209827198 
1.728247892213 
1.747977172583 
1.840651096536 
1.927710776340 
1.890257612853 
2.087773879071 
2.050513726504 
1.977362439447 
1.746598737778 
1.567058430381 
1.569864438924 
1.538230267947 
1.575695917714 
1.631143660109 
1.659857947542 
1.538812449647 
1.497593671769 
1.647989509866 
1.564758364219 
1.587985238658 
1.580682613289 
1.596808450719 
1.607758594594 
1.728034170884 
1.719376858212 
1.753639029902 
1.937651284015 
2.192338637254 
2.041123523946 
2.113634061005 
2.360625260984 
2.280093222179 
2.176638613258 
2.030448029848 
1.935292339452 
1.952149268108 
1.807254608845 
1.670032337870 
1.796791138617 
2.116189366388 
1.929676276339 
1.898696742041 
1.710894331835 
1.683796448088 
1.771219914037 
1.843508560689 
1.702739996788 
1.656259142712 
1.839493796626 
2.028001994795 
2.489968264319 
2.207191571963 
2.291616612003 
2.230709210921 
2.003265272617 
2.061908501584 
1.964599300020 
1.856865763813 
1.893107918637 
1.588169181274 
1.646626884603 
1.860988277106 
1.862932427292 
2.070118342552 
2.144920728909 
1.918511528281 
1.914276357007 
2.068144708849 
2.028397331219 
1.909868601057 
2.078413026407 
2.091463918109 
2.027023370272 
2.039553163025 
1.905747111568 
1.716334519810 
2.102011542662 
1.768181274100 
1.946895102475 
2.019554979040 
1.942072288897 
1.945527579026 
1.950385707706 
1.995482401520 
1.916250877011 
2.279016161222 
2.142214844108 
2.035897694351 
2.048142134381 
2.021270371592 
1.968005465096 
2.085021231189 
1.729798594042 
1.765183296071 
1.846633603964 
1.762204759757 
1.989121848345 
1.872783601693 
1.889037358432 
1.729393644982 
1.931701690869 
1.897356013243 
1.864987407505 
1.961992272249 
2.027378346284 
1.790405618859 
1.740456445091 
1.755449394244 
1.780192835479 
1.915741799274 
2.122209114678 
1.760349033801 
1.890077062952 
2.102792085479 
1.908187567760 
1.665532243720 
1.629261299309 
1.554055687546 
1.407895950417 
1.821669937072 
2.055196398820 
1.983434210665 
1.802770702990 
2.107745883358 
2.189470601001 
2.349153560117 
2.163224805081 
2.155202698973 
1.972415418384 
2.145581244732 
1.823014666370 
1.802340065758 
1.747444396458 
1.856399202339 
1.936464409460 
2.008176017441 
1.853929483566 
1.724706832872 
1.642655820949 
1.735664120447 
1.663018111205 
1.764697824231 
1.773396121583 
1.890924917830 
1.871068898625 
1.726853955122 
1.722997061477 
2.107091041689 
2.006922083767 
1.995368526269 
2.023769007109 
2.012209974344 
1.680079326003 
1.847214405656 
1.980292759145 
2.023356569924 
1.763927126026 
1.655355760083 
1.744336970113 
1.671938862355 
1.757677383092 
1.706211736826 
1.677387762324 
1.695149566037 
1.766686271810 
2.021015834066 
1.857375594300 
1.837875859683 
2.468472275817 
2.252501343468 
2.009115713736 
2.036789339198 
2.090839398690 
2.061030201228 
2.220708011123 
1.937699802833 
1.918675913983 
2.202035030747 
1.838498275037 
1.755591465173 
1.867711983074 
1.771913040700 
1.833175360602 
1.528732407986 
1.962905668369 
2.077135637967 
1.781468176600 
1.766318770601 
1.703545239602 
1.687261482286 
1.569013565851 
1.606605731832 
1.556750902858 
1.850242621185 
1.953617659386 
1.946640527708 
1.872644762750 
1.820810073008 
1.906516069891 
1.942190661029 
1.886983811245 
2.040041212509 
2.096266646200 
1.843127629732 
1.967617087788 
1.716494140709 
1.717367896752 
1.720588918560 
1.692793968541 
1.781505556677 
1.903522034561 
1.939092743789 
1.795876747866 
1.663667891921 
1.710130942489 
1.696007713458 
1.715044257757 
1.724232020481 
1.842500249918 
1.727286746249 
1.773696678468 
1.878918602059 
1.956051965205 
1.741990730429 
1.671518463898 
1.882317627249 
1.628069821356 
1.791767498221 
1.822972226715 
1.822654914510 
1.867866157471 
2.327128481477 
2.270012682833 
2.311260986075 
2.028962134666 
2.121149389304 
2.277502307094 
2.229569578389 
1.858790592829 
1.864669530024 
1.892178515308 
1.708915533094 
1.876904984576 
1.979145080478 
1.647737724427 
1.584869970750 
1.692024499570 
1.752503572050 
1.856300083577 
1.929424109765 
1.875416934768 
1.864646894688 
1.970986505176 
2.232178048173 
2.018676247725 
2.064670053842 
1.919705381421 
1.971273453541 
2.128543251012 
2.077747460134 
2.027680174067 
2.239306220133 
2.156245165956 
2.297738828504 
2.392612223064 
2.243711975328 
2.164198841491 
2.134436384108 
2.049232824805 
1.804427443130 
2.169984674798 
1.925455427977 
1.744054292321 
1.882184722404 
1.787396019537 
1.782806273472 
1.798265580557 
1.888362728486 
1.871328929506 
1.806551126607 
2.118654079957 
2.299947193054 
2.061880543550 
1.850403843126 
2.024293354310 
1.782729116967 
1.966961257573 
1.926841325185 
2.083964080904 
2.034913932600 
1.761503113640 
1.810904399752 
1.962886899921 
1.974423403253 
1.835422001754 
1.773494918008 
1.902911517626 
2.045850657759 
2.019538936711 
1.947472592704 
1.883909235969 
1.767192109950 
1.710740286158 
1.786744259656 
1.924025342643 
2.088505055990 
2.028529410203 
1.856362236121 
1.862784713900 
1.887472805049 
1.741335635976 
1.646667509787 
2.122920056688 
2.107356732277 
2.122916373506 
2.038576322807 
2.169494845145 
2.125803682113 
2.101283094265 
1.594467830911 
1.745347771565 
1.619479446225 
1.961454441327 
2.171324853563 
2.430337640719 
2.296968122671 
2.171308659263 
2.087406109860 
2.252938793841 
2.130867601335 
2.228101365692 
2.140590999134 
2.118682283189 
2.266901403216 
1.939423430367 
1.936718724191 
1.964244104439 
1.523198598859 
1.928027115895 
1.878567165050 
1.720555210973 
1.866359016652 
1.528863580467 
1.715361308619 
1.973531968892 
1.885820669912 
2.054220583542 
2.005591414227 
1.996538773726 
1.909370982379 
1.782130798107 
1.723192582230 
1.748843492182 
1.691080156570 
1.750152806588 
1.640878712410 
1.541611126315 
1.786263223367 
1.668333472403 
1.525494647322 
1.687549676701 
1.686999475866 
1.674335742088 
1.722048832895 
1.826202655339 
1.979192580055 
1.893739414661 
1.812706317358 
1.690386835758 
1.797005656011 
1.696773335356 
1.846139310387 
1.478143909096 
1.807185066994 
2.051328486287 
1.915860275541 
1.862731774606 
1.881985683833 
1.890580807844 
1.867008077232 
1.801516308193 
1.958114645063 
1.824578135154 
1.744385666042 
1.830224124065 
1.686818900024 
1.888677297603 
1.702620354409 
1.755936607090 
1.890324420242 
1.885656749891 
1.806571539635 
1.699870177805 
1.545806669120 
1.716646289836 
1.561993765369 
1.545880272324 
1.565352931288 
1.621629343377 
1.713880581682 
1.822015146006 
2.187869336712 
2.452988423734 
2.091535581062 
1.680964715705 
1.914407957329 
1.849590903291 
1.720783421978 
1.760142602318 
1.877846127113 
1.829038913905 
1.745658486445 
2.175090865554 
2.234839624543 
2.189276279921 
2.004848701802 
2.138409307980 
2.156548896466 
2.115517908918 
2.149062398781 
2.069148876452 
2.010804963565 
1.916784823244 
1.881871346370 
1.716677764588 
1.916583257544 
1.711597217714 
1.822460398853 
1.973832127637 
1.786447631630 
2.066328031788 
2.093379897389 
2.072043458101 
2.131845146067 
2.043204550800 
2.198290364578 
2.148460131942 
1.885671966586 
1.677411869514 
1.975382182262 
2.056491905522 
1.955572679035 
1.912800200952 
1.897715110956 
1.902234617492 
1.952110422099 
1.872682338776 
2.056020561671 
2.147616505974 
1.891226831486 
1.992764183871 
1.841696890298 
1.958054250199 
2.011423814833 
2.022648159956 
1.828909832782 
1.750335032073 
1.692326697294 
1.876326667957 
1.918829265887 
1.866530735079 
1.873319320190 
1.787763755892 
1.689401387126 
1.551802915018 
1.794008780885 
1.828221786028 
1.915537602888 
1.862757576725 
1.999559549025 
2.175609407438 
2.088381729202 
2.064739771940 
2.039278860885 
2.126226925894 
1.862514297507 
1.855094534866 
1.639641093999 
1.989355091250 
1.733007197685 
1.830948757190 
1.810432639891 
1.648182955017 
1.606917265058 
1.694241572126 
1.648593107861 
1.852608363198 
1.926330776145 
1.828006057203 
1.778594514976 
2.008274251971 
1.906116133213 
1.833947789811 
1.903640383598 
2.137742490937 
1.927142271962 
1.801019110154 
1.869502800675 
1.911180391443 
1.772173358150 
1.725513102180 
1.681425632318 
1.695938157643 
1.614974320456 
1.560839579726 
1.611553392019 
1.949361078460 
2.024133760205 
2.031211711792 
1.682509929107 
1.714935368925 
1.708152427485 
1.699247885263 
1.934205679617 
1.606892464839 
2.118787537181 
1.640412308372 
1.578296570135 
1.773515548590 
1.836143658578 
1.951768161183 
2.072154815562 
1.849455410445 
1.946714543162 
1.829145369519 
1.964392941244 
1.774762122776 
1.898145655156 
2.069536239096 
1.918314553576 
1.742147929353 
1.824287157504 
1.880084216015 
1.855562752374 
1.905219827650 
1.754108692228 
1.744201833015 
1.757562949310 
1.791469150847 
1.794524401951 
1.811652137566 
1.792535362910 
1.768632186983 
1.864657825316 
1.793493352459 
1.717547237123 
1.737731922229 
1.643785363203 
1.770690549432 
2.002403574568 
1.975961805700 
2.030069285022 
2.007736946456 
1.652522845470 
1.763408067307 
1.707562458286 
1.863198201158 
1.831318973894 
1.819248224688 
1.825651852035 
1.977292441005 
2.014737383353 
1.759183900993 
1.775639661090 
1.866148618404 
1.992646873397 
2.038760760334 
2.163498438890 
1.886768275103 
1.812193983808 
1.778808548589 
1.638226805829 
1.726375078895 
2.004414230474 
2.191841950344 
2.137387274912 
2.098702525871 
1.940640307166 
2.042717546842 
2.278244206604 
2.028845380577 
1.819480067521 
1.644952313154 
2.033997611040 
1.925184258277 
1.986468118130 
1.941341746961 
2.049952349338 
2.083875044122 
2.035755554090 
1.965964634693 
2.039170953462 
1.967957481073 
1.931202622790 
2.050079713219 
2.133896328927 
2.126056529692 
2.018136284301 
2.059613139450 
2.055354991811 
2.082998215224 
1.920113074834 
1.926245878278 
1.870105794624 
1.775972089604 
1.801511724842 
1.786659672768 
1.738688313743 
1.793502014284 
1.733604231509 
1.618951007994 
1.547686408598 
1.786984398669 
1.862697012187 
1.854251584460 
1.917877615652 
1.875321677172 
1.810107639964 
2.079356346268 
2.013920335798 
2.150501520841 
2.104606859379 
2.128299901996 
2.198024668583 
2.172441646903 
2.102891591773 
2.302669619476 
2.356322887788 
2.341680834199 
2.297283956641 
2.232377873827 
2.170568753698 
2.107080060751 
2.125210267286 
2.021449917171 
2.173932576850 
2.349410630711 
2.393552308170 
2.261207363156 
2.174104551418 
2.108834824041 
2.139467342972 
1.966487472162 
2.084153159527 
2.007613103565 
1.843170947187 
1.860558728629 
1.908611046027 
1.968252471822 
1.939182702248 
1.955789058099 
2.133569500574 
1.897866863532 
1.938286217014 
1.878817808797 
1.865957636414 
1.920973953716 
1.618390536352 
1.552555463657 
1.646927966851 
1.696465180600 
1.673241311486 
1.705250900051 
1.700793245442 
1.812549923876 
1.866291786623 
1.721250436238 
1.479354057898 
1.852814957886 
1.941144553529 
1.849427399929 
1.918997207360 
1.857882464267 
1.968722644313 
1.963937300417 
1.946189811190 
2.038460911842 
2.099315576954 
2.080516182102 
2.135234430099 
1.947351768597 
2.206495380511 
2.006741934741 
2.006813752731 
1.706312138938 
1.891409486170 
1.808338965673 
1.815042950471 
1.785255195318 
1.684436433154 
1.680321520705 
1.324662663642 
1.777602676315 
1.963162500081 
1.818649670301 
1.925800640711 
2.062506129975 
1.763267165160 
1.839199594057 
1.771463310885 
1.827187557072 
1.867515115078 
1.919047740096 
1.915308102210 
1.958358709979 
1.904713536674 
1.909753910453 
1.585632141567 
1.720257103170 
1.745640144436 
1.762742337175 
2.020557570806 
1.935056538875 
1.943600357252 
1.721353496057 
1.582119427038 
1.753685056493 
1.979888414803 
1.857329613775 
1.809606629262 
1.492260330376 
1.701491882788 
2.124046735756 
1.981486458513 
1.592357306999 
1.692590189978 
1.703185462191 
1.571069269889 
1.580445889763 
1.684764842771 
1.796972362827 
1.776574925116 
2.003069150256 
2.162651184648 
1.978157854366 
2.230603445713 
2.415915584900 
2.224345588086 
2.120342464282 
1.842506597736 
1.846040029281 
1.808751307444 
1.865469777182 
2.141684646272 
2.243618725066 
2.033984116893 
1.829172151567 
1.837034384804 
1.772236964330 
1.592787038769 
1.759115902220 
1.919911379704 
1.806500076102 
1.858444393787 
1.775864010143 
1.714837681854 
1.660953460425 
1.926708934711 
1.653863335857 
1.844033321387 
2.055329911002 
1.973640400172 
2.225058107249 
2.144716701319 
2.148293679547 
2.138556549177 
1.897832696070 
1.767737939955 
1.835463011888 
2.025216740379 
1.623703796440 
1.587695888138 
1.661031482239 
1.719251312578 
2.054512288118 
1.750409123436 
1.746004087750 
1.873632864202 
1.910213990904 
1.898103806579 
1.872751382929 
2.016069208501 
1.743404154425 
1.594381214750 
1.466033289691 
1.731908693163 
1.636954516282 
2.055817870542 
2.037986974635 
1.992020558860 
1.926584752556 
2.164550035715 
1.999207171886 
1.892077901569 
1.830291083948 
1.647035098774 
1.632663762896 
1.615687608161 
1.551022945409 
1.709854773658 
1.633450155418 
1.743970147136 
1.707662791273 
1.902882852733 
1.873602392503 
2.002852629896 
2.164730989455 
2.138613445943 
2.084427210007 
2.157125420704 
2.084350405132 
2.033510833509 
2.038499379435 
1.924031981386 
1.646701200097 
1.648970131995 
1.671902838102 
1.814042518816 
1.824976788138 
1.794890380990 
1.893948220682 
2.016489586006 
2.042610724904 
2.135041284334 
2.181346991330 
2.008095678609 
2.195999931793 
2.175248739075 
2.086529823075 
2.090521620239 
2.069847802965 
2.105184990724 
2.187993386699 
1.820940951014 
1.993266341466 
2.018972736012 
1.877738764438 
1.822678920505 
2.083069681299 
2.103642166678 
2.077666228982 
1.905009137159 
1.700165548230 
1.877700223651 
1.879587697600 
1.754522810521 
1.798876046341 
1.813604260336 
1.750705268426 
1.919341968782 
1.813035193891 
1.915774475560 
1.951328767515 
1.973308014929 
1.740218905752 
1.656380231669 
2.331873638154 
2.227464747396 
2.059700696548 
1.972553442710 
1.961638872574 
2.064076762917 
2.018565923492 
1.862494663616 
1.717703663661 
1.714446651460 
1.637779157688 
1.667104631639 
1.730021551644 
1.783248166413 
1.683607382137 
1.802362163811 
1.883807198898 
2.021284881938 
1.958292416459 
2.281043656413 
2.377497548348 
2.432976651098 
2.119690944672 
1.712017272003 
1.572051880531 
1.712851188749 
1.767530087285 
1.760377619527 
1.672050403940 
1.823374983311 
2.113577745434 
2.048592676249 
1.934732181192 
1.747350873186 
1.752636823093 
1.743028421102 
1.838482997879 
1.530211552448 
1.501428869303 
1.664464633081 
1.671168009078 
1.981003759234 
1.842976341806 
1.838740298770 
1.840533840956 
2.171805931324 
1.920068449605 
1.948415524441 
1.974936285159 
2.169370910627 
1.961810970853 
1.847730706162 
1.685016170501 
1.672387969373 
1.809653855069 
1.793515369761 
1.807906285458 
1.788254338612 
1.981663287677 
1.925051795088 
1.961301812713 
1.953785411098 
1.900977166510 
1.962268422962 
2.081142557278 
2.184420847736 
1.997598506311 
2.260453853332 
2.186239918643 
2.259885358335 
2.113208664098 
2.067416869706 
2.129184800541 
2.195673384289 
2.098544492594 
1.813838127307 
1.773564897656 
1.785816702914 
1.897470522371 
1.969544924612 
1.990567154258 
2.158990786526 
2.125548805998 
1.940444979995 
2.014556125816 
2.264289519088 
1.983612745429 
1.853061731175 
1.863125882097 
1.591007400489 
1.487993265471 
1.508541294841 
1.613952264318 
1.483982340899 
1.747740064657 
1.747287448596 
1.719012588506 
1.899741673554 
1.753111645892 
1.740010780782 
1.691428059348 
1.639774331184 
1.377481725793 
1.435789553791 
1.800771522174 
1.559282445524 
1.531896389140 
1.616862088628 
1.841140930347 
1.872627134017 
1.856205415316 
2.027595342055 
1.850566884198 
1.991537663138 
2.077332732869 
2.006728983104 
1.974430199307 
2.115718138861 
2.215495967715 
2.319681680951 
2.015691074140 
2.060183839150 
1.862163738859 
1.803071668086 
1.837398158995 
1.816282038355 
1.767419279918 
1.717623660253 
1.888435005928 
2.059920357467 
2.239547309670 
2.150670345748 
2.235992644999 
2.070461740348 
1.982609092939 
2.090329670205 
2.276221739161 
2.005917199334 
1.911381230992 
1.938181834948 
1.894283357224 
1.781743953403 
1.757425031465 
1.725486333569 
1.882234594022 
2.054797328282 
2.057856359322 
2.168034409482 
2.127596475876 
1.984947946201 
1.977612451124 
1.827335917094 
1.878308671516 
1.839914985967 
1.840494851387 
1.751225917372 
1.825882360421 
1.822911868686 
1.915886382934 
2.150245539278 
1.785244695839 
1.781919785256 
1.954057385636 
1.810865204450 
1.783346091608 
1.877163465326 
2.035801776759 
1.983408332114 
1.956568782504 
1.784165433304 
1.653106666452 
1.823693292040 
1.827803252561 
1.984557427295 
2.075247704487 
1.624239104439 
1.727237770263 
2.048181576867 
1.831703419196 
1.808899219298 
2.009894626535 
2.274360980131 
2.313931895523 
2.018490009754 
2.252095702911 
2.107672557439 
1.996377676828 
2.067786542525 
1.816319640079 
2.046965899787 
2.324869839058 
1.999066005922 
1.932650104663 
1.959814371557 
2.008217975808 
1.952983515677 
2.006019220032 
1.917605854976 
1.808199993096 
1.801991596724 
1.900614180635 
2.012107641705 
1.956331410803 
2.125883469864 
1.963658392032 
1.954748943196 
1.788375740420 
1.759108807079 
1.776184314380 
1.791988634601 
1.675069970120 
1.700973040367 
1.659649690485 
1.661483341576 
1.761168988616 
1.830435530443 
1.880931388667 
1.937576468510 
2.170732189859 
1.987479044478 
2.003960460782 
1.837674172872 
1.821748032411 
2.010618625425 
1.845332981456 
2.063648574878 
1.924653941372 
1.802805424878 
1.866956708766 
1.975034827948 
1.892402750869 
1.830744557789 
1.936383912257 
1.787354246837 
1.890481407387 
1.759819686037 
1.633364271551 
1.767563655090 
1.551819676657 
1.864269858105 
1.564578764437 
1.863782486550 
1.881586248846 
1.943416234869 
1.990715508823 
2.167574200406 
2.084602977902 
2.037192263584 
1.952752822778 
1.805024941996 
1.843730265299 
1.865403633643 
1.614251812327 
1.589198574034 
1.694526876079 
1.874230288842 
1.552396100118 
1.774166986011 
1.778060770448 
1.739128017646 
1.893248081601 
1.983193418621 
2.083730606044 
1.918213593493 
1.908418364846 
2.046575472052 
2.020180658727 
1.768273861252 
1.649535239787 
1.601542645031 
1.763543042056 
1.874758126299 
1.867839676228 
1.701229364813 
1.634819038382 
1.629539763448 
1.682432450184 
1.882226480682 
1.921723131569 
2.119065142517 
2.135793938341 
1.999515466758 
2.166358031925 
2.009777313407 
1.826864124628 
1.721385552323 
1.954473697354 
1.833678003345 
1.783224025898 
1.844611530479 
1.982757710326 
1.926775587896 
1.703236336084 
1.947499506118 
2.036840856920 
2.093740618285 
1.986238928159 
1.896386451191 
1.899907260405 
1.886874844818 
1.932563502642 
1.896480387349 
1.895385915385 
2.064063134199 
1.934193405542 
2.039170419219 
1.832802192831 
1.836153965641 
1.865390969270 
1.930194851242 
1.944237748196 
2.302452089038 
1.829520620095 
2.079382714921 
2.046838532079 
2.042559263974 
2.225389977448 
2.264134825117 
2.066714028318 
1.919550206592 
2.038131438159 
1.841298973380 
1.897256802366 
1.899289994641 
1.846659761791 
1.683871391876 
1.704962738785 
1.788013456449 
1.911443923084 
1.955266338944 
1.871342664649 
1.884197711867 
1.975815484160 
2.013567631049 
2.080845795014 
2.166857725936 
1.807048168272 
1.788862016853 
1.892987702929 
1.777590081355 
1.666912849126 
1.589932735192 
1.760373374953 
1.824858454181 
1.909373911965 
1.782032566646 
1.720274491213 
2.150641757867 
2.051877260992 
1.734583174864 
1.808111176083 
1.875796832616 
1.866440314946 
2.062394333465 
1.988220687999 
1.907566669342 
1.807675266256 
1.632592231376 
2.039268908245 
1.835599338773 
2.209879066186 
2.173487753305 
2.235329397079 
2.458060615540 
2.009195442619 
2.548714728421 
2.232193662055 
2.005000803541 
2.020652517531 
2.053261401324 
2.001283637231 
2.037750845028 
2.389093991325 
2.237631415442 
2.613691890166 
2.223309530217 
2.369161259884 
2.340017690159 
2.506337225057 
2.429876521937 
2.282579804497 
2.277481896475 
2.214973563027 
1.740050003424 
1.514054158760 
1.613495552365 
1.531555013038 
1.770512433943 
1.605106508984 
1.500123879831 
1.749821081748 
1.572648015759 
1.878470460016 
1.775052462175 
1.698116084373 
1.749409638590 
1.886364656645 
1.918815475588 
1.900487776137 
1.856548794591 
1.888370462322 
1.752523842854 
1.578003823345 
1.662544924415 
1.639748378156 
1.732160685118 
1.796666178443 
1.890214312879 
2.122556446704 
2.144805411614 
2.043212240279 
2.184352131391 
2.096495388619 
2.291422673566 
2.246012632404 
2.021066895158 
1.851401096680 
1.932617245284 
2.062296745062 
2.162743322802 
2.043915250772 
1.727226940135 
1.741447654016 
1.722673571549 
1.754872950381 
1.817396188466 
1.753444818236 
1.832060007782 
1.783571838682 
1.823596372750 
1.948380435397 
1.911795325012 
1.888691891182 
1.918081064556 
1.919375536965 
1.784394459650 
1.781396057997 
1.638827519299 
1.745658330111 
1.777404630075 
1.850977236631 
1.764980776157 
1.565750369381 
1.633621111257 
2.261954216430 
2.005485834623 
2.157804698195 
2.261430179690 
2.262074814618 
2.173566175687 
1.659520001483 
1.588133794966 
1.524045410389 
1.639290005380 
1.731853279867 
1.686829985256 
2.159660509629 
2.102137760255 
2.227425053725 
2.002427852448 
2.282051431912 
2.207067176464 
2.099389132369 
2.220339980104 
2.412139014446 
1.992374400764 
2.058226014538 
2.098426730948 
2.139106254978 
1.983890395826 
1.881842201268 
1.959389104795 
2.048245391638 
2.132959393998 
2.248753890230 
1.879477515179 
1.964314791846 
2.095837351638 
2.071396143820 
2.274844933772 
1.762701253462 
1.973122725749 
1.880294279560 
1.971678890338 
1.939043050997 
2.043984606194 
1.955690115219 
1.877667738448 
1.958363300625 
1.647077584565 
1.625909521749 
1.802877593914 
1.783118836057 
1.900810915668 
1.892724154859 
1.923054141810 
2.058767043142 
1.813350442817 
1.540386706125 
1.816794868504 
1.724287770885 
1.391694658091 
1.786786626896 
1.515775887276 
1.878570680941 
1.851087950080 
1.888487679880 
1.890204812412 
1.932462505231 
1.892336408474 
1.801314035686 
1.968220532246 
1.856146269810 
1.838824278361 
1.852017875731 
1.698104207845 
1.651908706178 
1.686840651338 
1.622387632970 
1.968307437056 
1.742630286294 
1.971381119870 
2.115693583597 
2.012185652767 
1.637883048425 
1.785497201077 
1.766813402860 
1.562491362418 
1.843499644545 
1.694109120905 
1.697560279129 
1.635338293414 
1.652221564592 
1.619564949716 
1.843075437482 
1.885872085604 
2.140298612821 
2.029045441993 
2.034310488199 
2.145572557250 
2.063699687899 
2.041035101560 
1.982935617646 
1.933688876430 
1.910961169469 
1.970460108909 
1.893081120493 
2.070442750479 
1.919792311856 
1.909213999581 
2.010036774893 
1.961160089458 
1.816934669117 
1.749087465352 
1.881879326276 
1.873788185306 
1.908832787831 
2.212769465312 
1.944843794686 
1.968621178261 
1.982483414074 
1.899625244780 
1.962324030702 
1.778614667511 
1.862943144014 
1.739539176522 
1.937152605114 
1.930773431976 
1.697482278755 
1.669173981288 
1.837151585374 
1.827757103651 
1.728146874555 
1.858172756189 
1.908679355266 
1.945610600151 
1.763522313162 
1.993878502126 
1.835435822620 
1.881597673140 
1.765049601906 
1.896054335066 
1.975463960971 
1.980897047134 
1.773525113778 
1.974970173051 
2.069724041581 
2.074344874558 
2.156512612803 
2.043055206196 
1.762502469881 
1.556811323790 
1.850897619483 
1.728870377919 
1.802225790112 
1.608473588606 
1.663299596158 
1.453321956414 
1.659991515916 
1.445544120416 
1.525794506854 
1.796570200619 
2.094394302516 
2.080589370290 
1.786068747217 
1.796073467559 
1.729163994510 
1.730865097099 
1.737477248488 
1.852383429829 
1.896005840587 
1.691341764848 
1.801670906072 
1.928485992498 
2.247308720850 
2.149739133396 
2.481621054329 
2.412680875698 
2.337380191434 
1.826457527971 
1.839485595591 
1.808392008213 
1.813460042963 
1.650452215416 
1.737059487764 
1.858732957649 
1.849940311977 
2.085059470326 
1.967196733736 
2.040022615352 
1.988683742450 
1.831507491199 
1.915671870523 
2.000390019110 
1.935642656929 
2.087478127736 
2.019792277383 
1.934298971198 
1.974302088712 
1.939729948955 
1.875783647164 
1.704791596073 
1.872392595868 
2.084846308639 
2.077587243577 
1.926653966711 
1.830197644937 
1.794300536448 
1.836703599932 
1.918385414465 
1.749846159542 
1.763444622548 
1.991015332896 
1.872413015855 
1.803889796489 
1.810997509403 
1.846258496145 
1.916929201471 
1.834664957482 
1.898340354988 
1.972076677551 
2.085172915382 
2.416262081251 
2.425561552971 
2.412711764717 
2.345387319577 
2.367727416236 
2.060058622292 
1.818094850974 
1.842332521034 
2.007374039511 
1.854197246447 
1.868236225081 
1.733727457138 
1.624209850955 
1.686941191430 
1.548303453122 
1.692163596119 
1.803063162039 
1.934054628790 
1.775926289602 
1.601827232907 
1.948541350363 
2.109354670223 
1.736327125135 
1.568429945755 
1.680839050032 
1.745990073720 
1.930643532514 
2.140421659571 
1.919285153486 
1.771036212316 
1.787528688074 
1.747822213383 
1.776920068506 
2.027446179134 
1.950557051601 
1.929420690050 
1.797076885467 
2.006372419417 
2.100982762244 
1.867853672011 
1.893707341661 
2.049211003412 
2.204616595444 
2.095418863550 
2.078785131922 
1.765352020968 
1.652706945483 
1.665019447750 
1.768048631996 
1.710751873764 
1.883280981543 
1.691915387563 
1.706076522321 
1.887153994344 
2.041815882743 
2.021599198373 
1.874768879390 
1.672026726482 
1.630176781695 
1.674247382695 
1.691431552301 
1.748190504128 
1.721630859295 
1.785925727409 
2.070783222444 
1.950522039745 
1.744305048617 
1.902340675568 
1.896078441646 
2.054367909187 
1.880646028511 
1.730925262143 
1.969781386764 
2.022400037665 
2.088626169502 
2.061281785831 
2.109451426870 
2.162843974179 
1.757770535453 
1.712515321993 
1.854236291346 
1.759231796455 
1.758490014883 
1.812247526707 
1.915693279618 
1.961499232224 
1.893541626783 
1.849878625955 
1.783696350530 
1.663980228393 
1.574069748680 
1.599314100160 
1.683978150889 
2.006231022866 
1.771357769891 
1.756777410710 
1.605464567830 
1.590230087588 
1.779747065976 
1.813201784416 
1.830298876819 
1.984093074566 
1.735248898805 
1.689290662669 
1.588657881393 
1.643545117971 
1.668286390332 
1.663110553084 
1.698589689253 
1.706368286634 
1.875698658651 
1.661294885317 
1.717056200188 
1.769578640136 
1.683693002992 
1.743203772138 
1.744258217028 
1.532958897780 
1.968384897537 
1.874943511976 
1.964212626490 
2.004225778217 
1.969433277778 
1.877194678608 
1.519684399768 
1.699544038556 
1.773569238484 
1.811862185078 
1.790127712432 
1.591670507188 
1.779454887521 
1.782451941378 
1.819674853199 
1.821535602820 
1.893785152416 
1.855674107893 
1.722462599277 
1.893299284332 
1.943497786388 
2.011792094364 
2.101415836454 
2.006877002742 
1.922359182533 
1.909709674559 
1.988937459062 
1.714165796348 
1.856945305850 
1.936978985975 
1.662583223291 
1.718483443417 
1.628874426368 
1.633580279095 
1.765348353227 
1.779646351001 
1.783330860314 
1.753798102034 
1.744345562150 
1.675207046042 
1.622640442765 
1.575876778101 
1.647402148598 
1.517610954499 
1.917944334251 
1.842773234182 
1.926308234684 
1.809484332897 
1.865293060203 
1.768809253921 
1.575188409596 
1.817262923672 
1.707736156662 
1.485528721088 
1.649765490452 
1.668165360879 
2.056673668703 
1.848328715528 
1.763959933622 
1.658612158498 
1.879979974050 
1.754379420976 
1.666657575384 
1.921709874909 
1.856978634343 
1.905289685686 
1.694027860335 
1.791818990995 
1.745466130936 
1.554886828887 
1.648349915802 
1.823362756357 
1.866727255565 
1.862148728870 
2.007340279790 
1.808805192924 
1.809929903394 
1.905415077031 
1.949519793789 
1.929936452057 
1.892752163054 
1.881052505220 
2.003787187405 
1.822795672631 
1.823925859288 
1.864332994963 
1.918372345727 
1.846495818731 
1.743482746283 
1.653431490765 
1.802945086419 
2.012462592530 
1.827372601440 
1.931929310810 
1.910313100295 
1.787239500697 
1.893716278446 
2.108645788868 
2.245998293413 
2.165145614396 
2.067303092789 
2.318821190455 
2.070104690528 
1.888129312019 
2.195087834017 
1.944421028111 
1.628929298779 
1.510621635046 
1.466932767514 
1.809102548621 
2.127441708989 
2.016541432796 
2.170011200471 
2.075562243823 
1.868251142668 
1.691801657709 
1.905369516386 
1.816894347344 
1.796298674334 
1.856277691752 
1.868550800254 
1.834630713563 
1.695360977592 
1.685778949767 
1.692129235048 
1.617925422450 
1.632181174100 
1.689529388197 
1.541844136319 
2.047275093337 
1.703551312671 
1.698459224202 
1.714741844731 
1.731335361457 
1.796515988431 
1.877820749705 
1.936626464821 
1.893934717577 
1.985576769773 
1.978749694997 
1.865101509434 
1.734654147493 
1.737585447699 
1.869727795114 
1.838382993383 
2.137664335466 
2.134615287062 
2.183868452071 
2.121616784787 
2.037983677154 
1.835689027727 
1.943821226398 
1.803823476117 
1.888881062790 
1.724231714089 
1.663711197329 
1.729358840742 
1.809953964237 
1.523860236756 
1.742069973313 
1.875511696981 
1.900668164553 
1.965159803197 
1.711732122548 
1.821111362117 
1.841379542683 
1.689400980406 
1.738620729112 
1.726034553064 
1.614901468616 
1.507563116272 
1.735287716443 
1.775942572620 
1.801838098088 
1.712228949258 
1.609898274244 
1.560052471746 
1.773053352727 
1.620406409923 
1.601332294893 
1.565694589926 
1.657103897288 
1.865040874213 
1.836433103650 
1.595122500929 
1.681500736044 
1.785983419240 
1.792438277326 
1.920741693823 
1.720831034902 
1.863330068392 
1.862682209236 
1.999311375936 
1.987279423396 
2.106853467199 
2.097475116330 
1.965688369842 
2.264790580494 
2.312161784896 
2.242415258586 
2.196672463441 
1.849513330670 
1.631776378268 
1.816004763824 
1.911219955014 
1.754268158747 
2.131939621021 
1.992178331612 
1.886651705803 
1.878484212959 
1.941585455094 
1.990053864947 
2.138606621240 
2.099715588317 
2.168862670393 
2.120687914761 
2.111789853712 
2.223811937458 
2.234523345216 
1.733214149734 
1.763145588303 
1.644097527991 
1.742469622564 
1.959921626157 
1.744391300212 
1.799628546544 
1.708617066151 
1.988198383776 
2.162830397558 
2.038851039648 
2.032878658136 
1.796632429849 
1.704658736434 
1.678123941286 
1.829142079757 
1.928647806889 
1.680891939658 
1.833213473058 
1.723915325543 
1.918812630978 
1.885766637445 
1.774269337191 
1.783974046240 
2.025789021145 
1.933116660943 
2.166079426505 
1.785586465410 
1.794904889154 
1.883186115385 
1.999566128849 
2.218326913081 
2.231011312709 
2.083694105302 
2.129014879657 
2.118642148246 
1.912681247664 
1.915073065603 
2.081966405799 
2.060124270070 
1.933029846045 
1.916923212648 
1.981636783325 
1.989627243633 
1.828301133541 
2.000320868757 
2.275298731858 
2.284556497936 
2.366848259527 
2.083737036377 
1.964064550773 
1.891921844552 
1.743641489178 
1.997116007523 
1.928262784924 
1.866485420509 
1.759398857454 
1.724522375984 
2.032543449159 
1.774530736693 
1.853713195460 
1.600354628947 
1.835912401888 
2.062864811525 
1.875398471630 
1.846693144316 
1.706231905751 
1.614680712401 
1.872785468089 
1.919451697120 
1.774495055748 
1.669095734715 
1.651061245295 
1.808513207264 
1.663612239690 
1.663798623760 
1.662798366740 
1.540921509014 
1.784138442469 
1.949267596978 
1.907913913741 
1.890746094406 
1.821339399954 
1.818072006415 
1.922663138784 
2.055976123637 
2.157031406243 
2.268044177646 
2.017428015501 
1.910347979295 
1.936109363451 
2.118099700899 
2.192709766136 
1.873897594894 
1.638987192346 
1.992450213565 
2.131055767435 
1.881161823229 
1.861908313177 
2.243588582201 
2.143669159070 
2.086965631094 
1.992674480236 
1.840250512252 
1.931635589620 
1.756308403719 
1.863536296122 
1.737768750429 
1.900478471644 
1.862323613948 
1.964501002376 
2.081346570582 
2.033014059917 
2.066659920835 
2.466553033725 
2.094594039287 
1.881365966838 
1.918969764027 
2.007320609271 
1.930406931508 
1.887153143761 
1.669724360058 
2.011826369688 
1.814211759727 
1.704418214223 
1.536662237400 
1.766275081581 
1.543005354873 
1.617005385917 
1.535532574313 
1.770664695864 
1.867122839694 
1.851075881521 
1.913311493238 
1.921667164283 
1.940668681814 
1.982289036628 
1.832811373448 
1.860538120817 
1.670545054389 
1.760193286010 
1.569288096411 
1.756303087231 
1.919856564106 
1.536446116616 
1.534572090441 
1.714983276080 
1.711774026639 
1.774192000740 
2.025985936364 
1.905251466447 
1.893098096116 
1.919385750525 
1.872061150660 
1.760318711021 
1.641553865832 
1.705167103330 
1.946217344975 
1.794122158917 
1.653524740587 
1.637280593794 
1.448876105953 
1.703869325362 
1.913547119461 
2.095941831367 
2.038106673164 
1.826612292465 
1.976540812781 
1.897522601532 
1.883409712624 
1.764963776987 
1.677405233407 
1.678450310203 
1.681531090294 
1.758806611340 
1.804509049428 
1.725023230286 
1.781041793415 
1.793110726213 
1.569992717763 
1.652869206591 
1.659497005757 
1.785894928394 
1.721249618197 
1.659823319824 
1.464799850234 
1.512192264906 
1.634235701001 
2.020070135913 
1.955749608486 
1.817671844787 
1.976643416262 
1.929868833773 
1.829637984670 
1.584702636909 
1.804610386595 
1.955949956540 
2.146929701657 
2.035889526438 
2.026674532351 
1.842041006396 
1.690064269917 
1.602449943648 
1.672205228930 
1.667772371271 
1.371000376821 
1.726279237859 
1.731766981972 
2.016067372458 
1.816344084167 
1.801563072436 
1.619299892003 
1.732846241480 
2.017907323645 
2.087617877992 
2.137131067236 
2.196784777845 
1.966643985715 
2.052415661866 
2.048523354355 
1.975245655321 
1.970533378766 
2.035346358391 
1.771062465543 
1.724884290219 
1.704008867357 
1.817917553125 
1.714732333562 
1.964263338346 
1.591967751224 
1.770978708231 
1.646535410036 
1.692092347194 
1.727610066489 
1.763138201344 
1.552862558213 
1.664192199230 
1.565977836548 
1.737380324892 
1.834511905536 
1.610999202428 
1.752960752070 
1.710266016092 
1.765380976747 
1.615627313942 
1.555292172040 
1.526145742996 
1.578506392869 
1.535190551128 
1.596880509238 
1.805184431323 
1.702307844436 
1.665656539414 
1.789008848326 
1.751521797734 
1.749077228113 
2.126936795016 
1.945327741736 
2.366245396948 
2.007370618575 
2.134192440617 
1.995722370521 
1.941318110527 
1.929675196193 
1.914122728799 
1.885588608636 
1.616116300306 
1.898653921816 
1.988696101270 
1.868073157708 
1.684580009301 
1.544820595260 
1.527467940134 
1.623543613220 
1.488105314917 
1.638984581132 
1.922427035602 
1.929079954726 
1.949937445272 
1.978006953467 
2.030180871860 
2.091278121430 
2.073686464321 
1.696955352024 
1.729292892325 
1.595198281149 
1.851269461073 
1.891491344294 
2.099701346623 
2.215867924706 
1.946762167155 
1.953780277382 
1.972849606481 
1.834227724561 
1.607564676741 
1.476009467189 
1.773529446993 
2.012487653070 
1.572842483032 
1.544559713099 
1.580173595364 
1.637620996630 
2.066211096132 
2.162826995807 
1.993216498246 
1.930813445710 
1.919318285540 
1.583600736806 
1.804404558368 
1.607103958956 
1.529246269578 
1.744295558365 
1.825371445633 
1.569187318716 
1.662293298749 
1.603987503358 
2.027940582591 
1.875316535201 
1.981326622632 
1.955865472804 
2.065289403389 
2.020543352028 
2.020090764366 
2.024902994690 
2.062963440972 
2.030478391324 
2.082301783617 
2.149299543194 
2.181899343688 
2.142493087242 
1.858425552859 
1.944506726223 
1.910095786241 
1.781391855825 
1.772825109933 
1.767683387615 
1.734005057635 
1.741266551336 
2.223384478146 
1.984176486763 
2.019307080752 
2.031176040639 
1.955633191641 
1.890524492999 
1.721793584529 
1.654224504283 
1.792745488005 
1.858227213602 
1.898411329921 
1.764304934378 
1.605183346870 
1.629594005006 
1.654071177494 
1.746359911979 
1.838315267918 
1.763911253377 
1.825384583875 
1.831677901164 
1.725266316830 
1.612793731178 
1.797141292514 
1.846976644014 
1.724732168720 
1.747494484648 
1.785998083322 
1.995271903471 
2.031974715713 
1.817084388943 
1.433428216191 
1.781093838070 
1.667757776762 
1.796363529397 
1.703021047420 
1.799997129612 
1.617417437148 
1.526116777141 
1.844025370656 
1.683964661992 
1.856642000002 
1.922565787178 
1.889056511182 
1.938998304536 
1.772281109122 
1.924097316879 
1.899993675430 
1.949394663168 
1.836558419441 
1.786908326858 
1.755631940717 
1.550719083573 
1.786613633900 
1.859235863785 
1.826437909276 
1.971555074488 
2.058609006938 
1.793442562477 
1.806118035878 
2.005684051220 
2.101263985625 
2.195449912367 
2.166813554800 
1.953135857721 
1.896901191685 
2.188339623146 
2.208849356242 
2.171152897102 
1.837716105048 
1.930558662515 
1.803267484456 
2.051378501815 
1.876866767834 
2.137968401064 
2.158414597468 
2.779134696062 
2.543918049690 
2.378889232270 
2.089391709333 
2.034771310097 
2.063890300051 
2.101790329866 
2.258443784562 
2.240639920265 
1.965153281758 
1.700931388260 
1.690705521551 
1.767225578069 
1.901945584682 
2.081375178489 
2.157856524416 
2.024143259974 
1.699871582634 
1.813771012170 
1.746840921849 
1.787210701736 
1.781832570933 
1.973424159073 
1.790853742951 
2.033809447986 
2.019475632242 
1.799023992755 
1.601163431880 
1.775052560651 
2.126351965671 
1.950682923796 
2.062335760678 
2.024645720734 
1.944875423009 
1.824686396654 
1.899270129010 
1.835777890728 
1.864240889927 
1.669041220553 
1.637620450049 
1.789486897823 
1.829313585303 
1.696587760114 
1.845066784187 
1.756296114737 
1.731855543950 
1.683071035550 
1.849440648556 
2.020994791746 
2.052286622952 
2.144412855248 
2.111586619515 
2.167150103840 
2.320584743653 
1.776425954783 
1.616135831278 
1.657893156495 
1.816435387140 
2.044526330856 
1.680865953074 
1.636696511554 
1.743188400824 
1.864321618116 
1.950958585594 
1.745074333898 
1.719144222385 
1.983914494439 
2.151114244193 
1.562999720124 
1.399257244992 
1.686826150049 
1.822374647352 
1.622029383433 
1.743505414436 
1.696187778091 
2.296842842317 
2.389320693910 
1.928963404334 
1.923147176828 
1.674475077252 
1.899125182031 
1.995500805783 
1.894510982268 
1.893936006053 
1.788295069622 
1.786705757556 
1.784684204988 
1.918902553025 
1.747156526296 
1.752528359338 
1.874825821355 
1.816795445794 
1.851870836238 
1.808052911394 
1.909098957519 
1.995163387316 
1.886472690179 
1.823073821076 
1.985646334076 
1.978966610668 
1.943259564908 
2.001746038524 
1.938736723478 
1.857127699950 
1.842186386300 
1.831830922910 
2.118275412166 
1.931556316220 
1.964881357096 
1.986412779775 
1.917807435301 
1.884043722372 
1.836606398852 
1.566420522504 
1.515744616798 
1.539463047820 
1.595985955269 
1.515393436707 
1.808724191631 
1.964927545340 
1.917657489627 
2.010653232541 
2.019460343841 
1.986544708274 
1.884541420898 
1.912884543970 
2.236041471999 
1.857239910145 
1.757966166808 
1.758172820873 
1.865965538882 
1.962258284175 
1.870697974542 
1.937018385051 
1.797497921866 
1.827382239199 
1.631789507265 
1.864840423168 
1.859947978427 
1.708888073337 
1.827052473774 
1.750770231471 
1.666267061294 
1.902158874532 
1.920354358968 
1.794316671761 
1.817423888164 
1.841736948093 
1.814870902079 
1.700443090521 
1.668061150140 
1.733494896144 
1.907479426332 
1.777239452270 
1.693255750555 
1.691378385580 
1.781075011120 
1.854852014408 
1.846922860048 
1.828074589410 
1.883402302056 
1.689564636685 
1.702031614503 
1.905872531302 
1.538463409895 
2.102105483800 
1.959648345538 
2.019788812014 
1.821087920901 
1.865957338136 
1.789148489050 
1.564032834545 
1.787271404702 
1.986844889550 
1.991893154698 
1.877536958561 
1.965728401012 
1.986265748614 
1.967868182029 
1.987454355543 
1.948523800484 
2.036612986052 
1.873761030645 
1.852774541102 
1.785228793343 
1.774337898715 
1.910182144938 
1.995568574591 
1.760286294601 
1.497286575974 
1.747167950477 
1.605373123059 
1.728724259828 
1.605574401681 
1.649265529765 
1.847980488144 
1.915621444068 
1.819700529171 
1.866776126886 
2.083469855764 
2.159050037254 
1.772576765485 
1.860941099372 
1.913434005266 
1.699818671411 
1.823734813320 
1.917518399528 
1.697077693292 
1.710665089232 
1.664015712699 
1.996525506314 
1.676351438626 
1.650076667332 
1.576894567305 
1.443995670924 
1.701570796463 
1.977874032911 
1.930993943169 
1.693733537433 
1.589383357425 
1.759029561627 
2.030823002041 
1.785829369023 
1.823273555974 
1.893789929293 
2.045484998075 
1.763455470053 
2.121553013101 
2.005541703559 
2.027954401852 
2.070603235087 
2.028179882199 
1.984450611128 
2.071929910144 
1.684812568158 
1.748272909661 
1.678622106454 
1.746423454691 
1.704403128629 
1.626847850355 
1.620221686800 
1.706581538244 
1.621511814860 
1.653561118414 
1.849759769407 
1.854571241077 
1.821726188725 
1.876433554892 
1.766530592154 
1.541147646696 
1.570591352714 
1.560950064886 
1.625296892672 
1.626355140392 
1.959838719650 
1.841527557975 
1.763348532772 
1.855891894397 
1.992731440209 
1.893798433368 
2.049185525399 
1.802442235948 
1.641597179203 
1.594345084813 
1.706798651886 
1.898026922282 
2.066866079682 
2.038106425980 
1.911527310390 
1.710417449107 
1.642887058321 
1.720904776987 
1.732084125909 
1.813960053908 
1.834227418896 
1.796547436613 
1.754254266613 
1.728082913026 
1.765685066364 
1.856191871640 
1.782193382683 
1.831001004129 
1.734959052049 
1.683339337262 
1.700609038392 
1.649719363321 
1.517412115143 
1.898211432669 
1.709506762870 
1.876320814264 
2.057770708293 
2.039725670825 
2.019548394801 
1.878090979494 
1.838528344943 
1.861034122712 
1.871195231444 
1.776030636316 
1.940664209034 
1.869823339040 
1.822998410222 
1.886953705546 
2.041353053302 
1.862387202489 
1.932017937392 
1.705806830647 
1.597232105972 
1.702730763263 
1.694122695532 
1.666735447986 
1.880299341134 
1.841654955512 
1.767256051003 
1.977785561876 
1.809081694955 
1.865484103771 
1.712537584239 
1.942808006333 
2.049376928245 
2.071293562738 
1.863351350180 
1.932804340853 
1.989940119196 
1.628171497244 
1.562341526985 
1.587049042794 
1.654289641060 
1.688919864404 
1.741948433371 
1.787799285033 
1.585470311218 
1.813957272090 
1.672443546689 
1.748112489843 
1.903305781759 
1.991247865868 
1.694955204227 
1.900211621315 
1.918629899561 
1.934396442945 
1.906916579965 
1.776200859557 
2.053832908292 
2.131121767793 
2.325329096042 
2.324328036784 
1.801295895516 
1.575146948925 
1.744333020145 
1.534249726415 
1.423970893891 
1.670182213396 
1.890217808399 
1.794357815364 
2.026322312440 
1.914067160976 
1.840729662994 
2.029309038226 
2.081483358237 
1.924580669053 
2.100335856266 
2.263980570424 
1.993566191336 
1.907844904302 
2.061076255378 
1.787417700105 
1.570994027892 
1.886922937648 
1.965250282641 
1.980349467240 
2.166579771933 
1.948586294479 
1.706358317991 
1.653439485731 
1.531352426607 
1.622894898632 
1.780237214334 
1.866613528209 
1.799572649482 
1.910916011317 
1.881566099263 
2.064115139193 
1.974938505835 
1.933371562680 
1.756381079796 
1.844928999486 
1.646155641837 
1.672145780599 
1.712044241207 
1.685401427725 
1.594829478613 
1.683152085603 
1.942408834413 
1.993821102508 
2.048020526331 
1.970111402654 
2.150377295933 
2.369439548019 
2.202502586116 
2.263219967183 
2.049117743118 
1.943662299133 
2.021548654251 
1.983030918553 
1.758902422605 
1.822858310619 
1.681794423915 
1.566302641376 
1.501305131625 
1.453555445386 
1.465405500335 
1.559594758153 
1.314987269284 
1.645553674139 
1.866668845878 
1.759911945474 
1.542366258992 
1.738033248307 
1.701649231395 
1.883272031415 
2.088519394538 
1.933421795376 
1.838482346959 
1.774112292184 
1.617664690678 
1.865497321689 
1.958348386787 
1.877679852621 
2.086053798036 
2.275559978704 
2.346432586252 
2.089905152439 
1.743425848878 
1.775863977157 
1.791728398470 
1.542296182850 
2.056994152748 
1.803888251412 
1.440329076049 
1.655930030595 
1.780163842345 
1.965503887652 
1.907983637532 
1.905098738069 
1.804948380857 
1.866209627028 
2.113458401193 
2.037987731385 
1.833836009196 
1.775725823983 
1.748824499449 
2.058741139204 
1.986730270411 
1.759986438875 
1.663621089814 
2.077005607250 
1.920492987556 
1.897360227117 
1.927921254029 
1.706512389854 
1.980789325000 
1.920494572495 
1.889589724749 
1.804923575654 
1.959309516386 
1.966570062660 
1.633071449024 
1.518113294692 
1.847723140424 
1.918932859062 
2.040197368665 
1.916055355953 
1.764408026405 
1.455472958158 
1.691649871830 
1.816604102115 
1.874021628822 
2.040160894781 
1.825607323232 
1.893467742832 
1.850821970028 
1.761101223939 
1.824023902303 
1.811007059365 
1.778625413191 
1.919704129544 
1.896467191526 
1.892264372514 
1.896933782397 
2.118712900632 
2.037313307228 
1.829862927082 
1.943366163296 
2.086320659281 
2.246123913096 
2.097450028921 
2.336678330704 
2.185611967813 
1.912933779549 
1.964325028517 
2.109312363434 
1.863050733130 
1.779398540239 
2.068702264853 
1.734451167319 
1.814221566704 
1.766626522759 
1.822989800646 
1.907625138217 
2.051697743689 
2.173467084158 
2.026874444359 
2.185313871437 
1.816762717747 
1.948926400925 
2.073322006712 
1.722146388900 
1.616061986037 
1.621868700725 
1.719236018362 
1.794763702300 
1.775553345806 
1.733822875637 
1.708229064143 
1.531248644244 
1.747254912190 
1.727611945895 
1.647570619588 
1.714521917428 
1.450355019568 
1.688312150506 
1.802457908471 
1.833437219700 
1.974982204446 
1.920426835490 
1.900532207254 
1.784576059276 
1.930260702149 
2.071073402950 
1.849387029732 
1.855777274930 
1.957661394050 
1.980135294114 
1.966718117719 
1.895987329444 
1.829118775609 
1.936933396429 
1.948406665803 
1.574594211198 
1.738811956987 
1.962458156524 
1.767496066642 
1.918677635805 
1.834051162576 
1.834220176082 
1.706389872393 
1.845195476298 
1.934277180720 
1.989343676726 
2.012009634786 
1.811742029195 
1.814445883083 
1.926822396686 
1.891459283472 
1.817889266441 
1.921147625097 
1.851000466347 
1.819773966720 
1.757018028720 
1.906116017685 
1.889297166981 
1.932361783464 
2.011667859291 
1.901911854442 
1.883716470296 
1.904942419375 
1.784322597941 
2.021244570283 
2.042703261192 
1.876743712080 
1.845731390398 
1.787042120412 
1.761203989379 
1.926900384295 
1.979130604030 
1.979996449213 
2.050031943054 
1.861034464521 
1.613669009410 
1.774040299704 
1.788474372848 
1.708307716404 
1.820149255404 
1.927389270339 
1.747015764416 
1.658566339385 
1.625389300948 
1.723419233965 
1.689427396992 
1.791974662828 
1.688279488803 
1.732476396210 
1.635324755515 
1.691549971758 
1.743658122122 
1.967279477646 
1.936405953143 
1.697925825017 
1.687247670202 
1.641595653332 
1.614728777762 
1.702555431741 
1.750658668816 
1.744803786184 
1.779830093846 
1.599076105009 
1.486766023236 
1.704361457937 
1.592272094263 
1.691936346710 
1.859631710507 
1.788299556958 
1.643527221805 
1.668677462934 
1.752347980039 
1.881917658484 
1.809136474327 
1.826040974582 
1.838598665025 
1.893821758410 
1.925834890641 
1.910848296372 
1.816317478381 
1.814881252933 
1.634335365259 
1.872928409015 
1.876663457912 
2.017853099294 
1.614833536015 
1.721055947698 
1.805266721281 
1.867744020074 
1.647929796566 
1.617636401004 
1.633313811302 
1.640293803660 
1.693254303480 
1.843168254201 
2.055285360580 
1.792214616260 
1.750104359861 
1.580055112874 
1.636729139454 
1.755862262061 
2.045608651055 
2.084420715843 
2.034616478399 
1.974698664677 
2.206764378978 
1.876599168541 
1.792472287088 
1.771054069276 
1.759898643743 
1.986607825362 
2.210705586257 
1.612231573211 
1.697606735360 
2.130106999474 
1.875039770272 
2.037193067942 
1.990895974522 
2.182080078997 
1.768592364779 
2.079466345081 
1.695108746990 
1.682412497236 
1.753828127126 
1.920549521261 
1.768537223568 
2.026555147862 
1.778461949120 
1.977774611879 
1.919752232506 
1.895321748233 
1.827929995305 
1.726209868719 
1.630122077597 
1.730995431017 
1.457558728699 
1.608299069248 
1.649006364407 
1.827612067618 
1.840936920646 
1.818876039452 
1.784909633671 
1.608176740988 
1.418455751323 
1.748353275260 
1.513355585412 
1.595334361586 
1.702642500117 
1.688049768290 
1.627738102778 
1.644553587006 
1.624071156647 
1.705906808594 
1.838324430574 
1.762831132422 
1.548778756063 
1.590354896695 
1.616641698795 
1.440432722230 
1.569643633935 
1.620922264745 
1.891047095128 
1.988966881225 
1.929771702127 
1.977158366741 
1.757450933530 
1.858971482253 
2.021413273779 
2.194995996826 
2.295970113369 
2.192058934109 
2.007168504609 
1.776910463867 
2.108343614146 
1.875136530566 
1.745253699259 
1.775365256063 
1.893429732819 
1.929800687088 
1.870100336242 
1.705203184763 
1.802795216577 
1.846549191168 
1.989687240717 
1.924169695048 
1.969252759446 
1.625235965666 
1.928111911611 
1.875999586035 
1.900645519359 
2.050193821667 
1.751296642326 
1.788351469021 
1.872458036093 
1.663328221754 
1.639653182991 
1.809562634235 
1.944826847579 
2.151517886124 
2.036558827766 
1.909673473606 
2.057438920291 
1.795629609100 
1.833520036563 
1.785380779533 
1.547041360285 
1.583609617434 
1.696407280725 
1.736391767232 
1.853438061758 
1.825796020131 
1.822551122804 
1.609268194877 
1.879496736693 
1.934899045807 
2.050946503612 
2.128859056342 
2.026874440608 
1.708038371639 
1.945378300869 
2.169398746733 
1.525774369607 
1.865241831091 
1.935853701552 
1.940811541670 
1.910070114506 
1.953077407890 
1.889432121247 
2.090109384702 
1.956108213276 
1.459285040383 
1.494295637007 
2.037364557312 
2.005193677635 
1.641537257345 
1.805597384076 
1.837046406992 
1.738085901228 
1.761340414634 
1.962549283128 
1.820050187396 
1.828914505370 
1.873749058741 
1.765348034823 
1.866993158282 
2.283550528907 
2.574392494447 
2.020764109982 
1.741692172684 
1.957158324373 
2.047456532999 
2.087127558367 
1.827777336025 
1.638753694433 
1.798074444554 
1.765879363983 
1.642190272492 
1.576290615065 
1.439810101043 
1.558264009033 
1.547971732506 
1.606892167409 
2.064765165957 
2.155756602003 
2.184454459955 
2.086269700209 
1.838727753804 
1.895671529571 
1.972439746505 
2.050359000664 
2.099201207657 
2.061755259330 
1.939370022659 
1.845994054761 
1.979920465993 
1.919162378280 
1.967989626524 
2.090606131845 
2.276251294348 
2.411365059993 
2.128410060276 
2.070678080562 
1.962076861746 
2.000732003219 
1.944384513166 
1.734487245718 
2.068109530853 
1.922629001974 
2.190128813480 
2.093111398599 
2.017593191973 
2.070172137268 
1.648010387022 
1.714989775861 
1.708146364993 
1.715232515228 
1.892188329461 
1.939715611442 
1.808848108757 
1.774219681253 
1.604022986184 
1.501962511413 
1.606645724072 
1.564557586286 
1.597142898941 
1.829843825132 
1.695408943317 
1.702401267042 
1.709899961567 
1.980537610194 
1.839458157413 
2.030518628779 
1.957256276051 
1.809353157674 
1.700924733186 
1.915308632922 
1.828622684611 
2.002765733626 
1.928559236405 
1.830040690312 
1.830417853886 
1.784326196920 
1.663966407206 
1.769305905409 
1.712793874765 
1.696626372650 
1.765767911256 
1.597819510288 
1.568495877843 
1.483588147392 
1.697697699451 
1.644707584722 
1.868666575371 
1.719551049688 
1.825816650509 
2.001847608607 
2.133863247935 
2.155607777141 
2.068231520375 
2.059988662577 
2.419440802638 
2.383351589972 
2.097307474429 
2.282188103604 
2.106698880091 
2.365358567051 
2.499357891841 
1.979431432517 
2.047172589164 
2.046315227176 
1.798812641181 
1.842784870408 
1.906267700672 
1.920274369062 
1.625957640887 
2.020878243158 
1.922436306293 
1.901647441439 
1.789307633958 
1.975926599029 
1.807609518817 
2.020215656853 
1.756069816449 
1.765094099047 
1.919075418910 
1.934673363738 
1.819800379511 
1.765518935864 
1.632207339689 
2.081672094246 
2.103933562470 
2.073260355550 
1.932758584855 
1.975942991056 
2.174475525464 
2.237806821773 
2.123075897789 
1.980743467760 
1.926812208592 
1.980847912192 
1.863584422398 
1.789841851128 
1.854642085722 
1.711012592181 
1.867335634988 
2.149110309854 
2.306729496386 
1.945479049758 
1.855677171677 
1.722626872793 
1.732522705160 
1.992993004583 
1.989795459400 
2.092567759172 
2.006804416366 
1.893084371795 
2.046052012230 
2.093243777389 
1.904890463219 
1.779898331915 
1.637736262554 
1.638425095926 
1.673593570755 
1.486641031289 
1.738255334373 
1.920350902609 
1.931109797049 
1.962003998156 
1.646260852157 
1.834500300784 
1.814307844326 
1.650545963451 
1.720288366409 
1.789754831976 
1.831147837767 
1.879525305350 
1.766151031645 
1.717218932225 
1.745026915963 
1.643280959739 
1.669487616935 
1.732891032720 
1.937740807902 
1.764316572911 
1.855761679863 
1.861482156256 
1.839693266207 
1.915222546999 
1.888990736890 
1.999149713563 
1.899640709548 
1.916446053985 
1.769596584963 
1.781517424794 
1.898094560718 
1.857476645712 
1.946297880352 
1.870453621354 
1.851191157664 
2.031968818494 
2.010614735336 
2.109787606406 
2.135373000617 
2.078094250537 
1.973771785242 
2.021134471753 
2.113491807927 
1.799147537811 
1.749690232402 
2.045705160633 
1.922855128848 
1.805962350489 
1.698494624087 
1.903566572882 
2.008689828341 
1.924188346049 
1.976241202816 
1.789928870769 
1.938675764903 
1.937500457646 
2.228137325013 
1.957287661024 
2.302606360112 
2.223186675610 
2.065250662494 
2.087624603170 
2.090090749751 
2.024551647758 
1.967564908208 
1.970038313389 
1.608231776117 
1.659935218353 
1.778984414067 
1.772046192040 
1.922884265803 
1.986580849155 
1.868089258586 
1.848328814964 
1.901194035570 
1.855531235678 
1.678508737215 
1.900071056528 
1.994850089837 
1.776189575671 
1.841728585541 
1.770715450707 
1.926991642991 
1.885821228815 
1.915900617073 
1.979542479389 
1.886910920390 
2.081363398660 
1.822693694735 
1.763733881316 
1.591013346377 
1.957858870672 
2.013087720200 
1.917519720671 
1.930814326675 
1.828129161982 
1.837242396048 
2.269595318650 
2.002159742285 
2.133007187148 
2.063718871146 
1.801856768561 
1.673414052720 
1.703779705577 
1.623824667726 
1.752545825963 
1.905580758075 
2.035541387918 
1.964698698175 
1.829841302935 
1.979121551171 
1.941721011039 
1.852279913109 
1.914537673396 
1.808563457490 
1.965178863756 
2.086234602208 
1.934217780346 
1.818142852855 
1.964335226922 
1.824671914114 
1.827044168047 
1.536692950974 
1.619325092390 
1.494116123003 
1.661992146947 
1.588458967814 
1.869639598219 
1.787740128464 
1.785061784567 
1.609333452066 
1.742619884968 
1.840989075319 
1.811287238920 
1.650820900780 
1.857428582495 
2.189298877211 
2.415382939044 
2.422728487014 
1.944167635028 
1.963171627340 
2.576625899063 
2.155329551075 
2.176570632314 
2.255218183959 
2.287657352633 
1.839827378568 
1.863031608783 
1.821791966630 
1.781028048656 
1.623975377754 
1.818321598652 
1.793096539221 
1.660300323814 
1.427034896354 
1.583057419198 
1.705030228801 
1.712771183677 
1.728774979510 
1.798892844663 
1.853763649708 
1.967040464601 
1.712575565730 
1.763013066154 
1.671146012029 
2.016624251224 
1.890495412183 
1.732574004254 
1.703353302248 
1.700570178466 
1.804777660664 
1.846034653456 
1.708230889694 
1.696870211410 
1.717470620821 
1.623979782533 
1.670539359572 
1.613715870033 
1.592491127869 
1.654062803818 
1.719267654063 
1.658262258419 
1.594438333780 
1.852567567096 
2.207689268062 
2.211856575081 
2.058008384420 
1.982127670570 
1.903939824444 
1.995445712988 
2.104502079560 
1.971853112160 
2.027932412544 
2.117687577549 
2.155334428379 
2.329388435170 
2.007989104774 
1.984713905103 
1.956892443578 
2.078202815064 
1.814622152459 
1.977212576232 
1.946409634664 
2.064303918686 
2.139612442023 
1.928085148128 
1.895415179774 
1.852809991816 
1.788649692597 
1.966082782558 
2.029228887990 
1.850243552409 
1.861908600648 
1.816733303458 
1.610297506296 
1.658079438919 
1.581597533724 
1.654937399258 
1.753233443948 
1.509384533352 
1.451737757120 
1.543094498128 
1.714075956786 
1.654670798803 
1.813083750390 
1.714930996114 
1.587706726872 
1.654442290407 
1.699128939317 
1.896852204245 
1.842579158538 
1.829425473302 
1.708043015503 
2.325609605567 
2.290831766102 
1.967315984916 
2.008455051207 
1.978988215084 
1.799900881801 
2.063388204328 
2.031337232909 
2.034334471815 
1.996325181564 
2.190816412363 
2.221342484210 
2.221359581654 
1.939798550283 
1.860229392033 
1.989649920765 
1.861111763337 
1.718026682450 
1.887273735080 
1.950522245773 
1.846433707300 
1.941669102667 
1.926261866568 
2.010707172864 
2.143526271029 
1.635745776393 
1.756887271679 
1.673115973855 
1.753576714733 
1.940588415171 
2.026429408715 
1.808334314101 
1.938867724650 
1.947081082768 
1.980450285959 
2.085484956481 
1.999124680627 
2.027899482637 
2.050099355276 
2.028850992581 
2.001284234392 
1.811539018068 
1.904241744161 
2.224139411084 
1.928655168330 
1.972357073156 
2.028336313485 
2.216708220780 
1.911934959107 
2.019044550565 
1.992174541370 
1.927293103382 
2.068243683120 
2.198083242104 
2.079281753606 
1.715736052717 
1.755885631633 
1.624175438749 
1.733392761053 
1.881579694646 
1.674502398460 
1.573934599601 
1.602957869655 
1.748577079367 
1.878193707923 
1.715206275119 
1.785057644170 
1.733570961082 
1.646648194169 
1.505447423373 
1.592615482209 
1.713875215873 
1.857874680875 
1.790082470994 
1.750162399002 
1.720430786581 
1.567998162621 
1.625568461183 
1.710974750875 
1.718861114994 
1.715532773144 
2.134375598513 
2.097090048710 
1.900576511360 
1.987662220614 
2.026137417358 
1.866997132124 
1.943687265181 
2.106885469386 
2.148361802553 
1.971791078345 
1.900325819107 
1.858337265369 
1.773064680821 
1.681828011166 
1.611237679274 
1.746293118259 
1.873407616137 
1.963441813792 
2.048573555526 
2.076349650310 
1.946396808046 
1.705215453957 
1.893835188738 
2.012941030770 
1.982125844037 
1.825764665749 
1.842824487667 
1.647419381388 
1.944635527712 
1.924991167484 
1.843445556147 
1.918021630622 
1.944134576197 
1.885183637432 
1.578448747620 
1.988886308199 
2.026342651989 
1.967198349293 
1.891604493906 
1.545531978851 
1.562360599596 
1.472764961465 
1.584404010953 
1.686638937951 
1.773699028268 
1.721122637551 
1.946490337629 
1.896055396843 
1.867701496035 
1.655848553713 
2.007021401972 
1.876597979087 
1.922527238487 
2.143492780469 
2.181383197530 
1.920504858801 
1.907462012468 
1.899742209428 
1.783887742403 
1.857318653928 
1.944229986031 
1.833599484120 
1.793627338949 
1.744340600120 
1.750449693284 
1.757185158759 
1.792254925166 
1.699406968061 
1.945903843783 
1.930468942924 
1.912656507106 
1.882879854910 
1.992076591999 
1.839470658846 
1.878774417737 
1.934584285397 
1.862397171332 
1.719928379783 
1.547865488431 
1.570444408449 
1.982113494229 
1.794326170775 
1.686541178743 
1.700033269985 
1.771522854168 
1.778596296210 
1.735943058549 
1.594544267149 
1.711131119026 
1.658437220506 
1.766576058319 
1.689042421493 
1.896003859301 
1.574836203018 
1.895025992301 
1.821990017024 
1.667906383766 
1.574184635555 
1.497725010384 
1.788425302800 
1.810961522794 
1.757152823855 
1.736226058560 
1.769123667786 
1.679804760535 
1.630497675634 
1.643214093765 
1.637721565477 
1.719734353637 
1.708834954093 
1.811809337415 
2.121979741349 
1.743028745063 
1.673550813195 
2.131305802319 
1.927917686747 
1.960100849732 
1.913330634456 
1.738834545753 
1.897407948503 
1.802761905708 
1.801119375710 
1.596471017798 
1.637356230847 
1.935343960830 
1.872188040540 
1.885096059168 
1.846453133595 
1.842298052964 
1.716709292711 
1.673391572127 
1.516631832686 
1.672912953588 
1.703992250940 
1.453186774743 
1.613554702334 
1.483301807416 
1.383590166430 
1.510142201477 
1.600407975733 
1.652000841009 
1.617757784201 
1.787012404078 
1.511200475333 
1.680813119248 
1.726391596990 
1.790646591224 
1.772221156350 
1.612457403702 
1.583540065453 
1.561002337642 
1.780725446828 
1.850742874014 
1.969393869724 
2.041883515437 
2.147411687880 
2.082748435381 
2.047971269671 
1.893201548818 
1.816958120519 
1.658695536975 
1.481601636072 
1.510054170274 
1.528813485292 
1.889017853003 
1.840241006293 
1.913148820124 
1.809092053673 
1.884021940570 
2.055365472059 
1.964846672045 
1.695527605917 
1.806008096238 
1.663648205627 
1.843504743444 
1.847419914927 
1.792778583947 
1.819368125982 
1.927252549057 
1.840987214314 
1.935663990690 
1.921987889713 
1.919783170100 
1.942452500864 
1.986509099272 
2.216297284332 
2.449876281725 
2.116389929112 
2.089816373530 
2.009808713549 
1.818563523274 
2.106946373138 
2.165466904420 
1.870146806911 
1.629036508499 
1.636660318060 
1.720079006881 
1.944759157340 
1.918840218008 
1.760602797537 
1.906161874601 
1.775366264194 
1.969051632168 
1.794681007909 
1.839793996284 
1.870269648026 
1.605098188268 
1.686895034408 
1.644313123826 
1.741235988835 
1.831259145728 
1.787317669373 
1.820763295616 
1.927862788859 
2.058479428532 
1.960232136509 
1.848688639565 
1.777051603133 
1.688186019925 
1.729205838812 
1.996135589504 
1.798565548662 
1.581337709172 
1.669201837542 
1.588907786315 
1.633556922922 
1.699827681815 
1.786865762655 
1.699207217679 
1.769758602460 
1.650691440250 
1.726296318333 
1.814000791638 
1.704269216532 
1.840044551862 
1.809324411980 
1.979358811502 
1.923064685466 
1.918816201080 
2.442153025096 
2.270959192966 
1.944336032730 
1.634834755731 
1.540712872277 
1.649291246858 
1.844859847002 
1.829083100117 
1.820544382216 
1.968400784952 
1.990192727836 
1.787429565098 
1.700430468449 
1.609192077078 
1.630399752452 
1.658240089920 
1.764173970683 
1.629849633934 
1.679339112796 
1.802893952092 
1.740327734791 
1.677394752017 
1.480534644043 
1.551626484464 
1.849406318513 
2.117286911532 
1.985833326838 
1.866604842973 
1.752607534074 
1.717824155122 
1.824443060204 
1.822275164294 
1.798406834313 
2.026988808747 
2.007353495838 
1.865641887572 
1.929252522523 
2.016649103448 
1.702772043931 
1.769177019491 
1.704859885554 
1.600918125571 
1.604831751273 
1.494125678578 
1.497067132588 
1.600710825033 
1.631519516767 
1.775491654402 
1.844627431181 
1.852687193056 
1.866709194287 
1.844161836717 
1.970474052324 
1.819778360960 
1.873097241552 
1.725156316280 
1.703827265850 
1.746649872066 
1.680633939838 
1.764625504005 
1.806624952450 
1.816180698717 
1.894420617176 
1.950598179804 
1.955653322018 
1.698746085689 
1.529329806679 
1.673988422483 
1.724661999721 
1.666564728454 
1.934936508499 
1.728838328630 
1.644186464928 
2.110676689648 
2.225118841901 
1.880641004705 
2.026157141339 
2.037417640877 
1.935684696971 
1.778029174392 
1.830117847262 
1.793868837300 
1.941823002016 
2.123126543555 
2.032074377739 
1.982804105883 
1.782382572384 
2.110454154375 
2.021398749683 
1.986472118589 
2.006962042657 
1.965756025420 
1.777859177752 
1.781063532612 
1.788198276670 
2.045248425875 
1.779418959887 
1.715964965101 
1.624350915710 
1.937954978879 
2.048531724296 
1.828759419676 
1.837485731667 
1.639482408887 
1.717758457315 
1.889616574161 
1.892441424062 
1.970797098727 
1.797314200541 
1.809966346104 
1.852035407243 
2.042493698740 
1.925725485017 
1.773494013459 
1.880778034913 
1.965278708405 
1.835142485880 
2.014390866923 
1.958281403444 
2.349849509927 
2.083151164604 
1.706869200371 
1.763024113268 
1.822664281633 
1.743254206544 
1.969021845769 
1.939781032354 
1.874755995661 
1.939572544351 
1.785255836689 
1.881318863194 
1.814342121079 
1.623096061953 
1.791036820189 
1.787330443453 
1.801384995782 
1.604878144160 
1.715639825716 
1.633433813693 
1.662693890702 
1.761187753824 
1.856068002569 
1.766661404114 
1.760778368699 
1.933798105516 
1.590717979692 
1.803932444665 
1.888452180259 
1.979595491357 
2.085534371668 
2.030256964418 
1.992260050727 
2.112813408911 
2.045329628801 
2.010341648140 
2.185702041450 
2.101380137277 
1.956565181224 
2.055471176728 
2.008848625414 
2.046935656086 
2.021059916411 
2.041511065335 
1.907936914909 
1.718319123906 
1.673798015587 
1.698912946396 
1.752627617695 
1.795918578777 
1.822029893355 
1.662647307067 
1.802594703196 
1.465414431827 
1.758883610397 
2.039998006419 
1.948474246872 
2.251752855494 
2.152764597759 
2.173666631973 
2.086360728008 
1.956499412416 
1.939112156444 
1.943347102527 
1.996640763403 
1.920610395814 
1.830253316769 
1.773343270009 
2.039944643889 
1.970962989260 
1.825466140239 
1.826081877025 
1.847214643017 
1.919814097323 
1.820263975950 
1.984849285277 
2.001797708605 
2.022509925349 
1.956506652680 
1.960992591158 
1.965267320360 
1.990693505988 
1.968364432629 
2.011952443778 
2.133155512829 
1.912229110191 
1.735468509034 
2.113889106568 
2.062628752979 
2.245531206499 
2.152946798791 
2.111541127689 
1.607089626988 
1.632969917098 
1.933991821636 
1.939351711280 
1.705251112212 
1.928674216722 
1.777597138691 
1.658372887038 
1.727069448468 
1.643871083282 
1.744030777364 
1.679946692273 
1.692173524380 
1.677247342776 
1.663989275523 
1.816832633799 
1.883188594502 
1.922970158947 
1.906009832588 
1.903521243377 
1.941536555665 
2.105769516376 
1.999659387082 
2.159876247572 
2.189308794170 
2.009836266973 
2.098490812350 
2.037000493194 
2.009935258336 
1.790842245947 
1.631872937438 
1.742783633003 
1.810959710414 
1.800155970268 
1.838954167741 
1.779612144813 
1.941853222851 
2.060542415249 
1.996668098546 
1.906389920531 
1.916989056820 
1.492588517686 
1.431340398696 
1.534628924661 
2.000302962993 
1.891174824778 
1.993569359713 
2.104354450677 
2.110582027540 
2.131587416443 
2.073703854756 
1.848406305729 
1.646215875356 
1.716025501437 
1.804257584567 
1.863658155649 
1.628078825216 
1.721924320876 
1.724945636405 
1.703685465836 
1.772049900608 
1.961510087361 
1.968948027697 
1.841630079196 
1.688547246689 
1.825949097666 
1.704207928354 
1.792798190359 
1.662557145380 
1.801213589913 
2.152358071836 
1.770954447051 
1.910455696857 
1.737703090272 
1.809098397572 
1.626848473045 
1.667518670477 
1.674978728096 
1.708817204953 
1.825019817868 
1.911769794479 
1.738702322864 
1.840213384503 
1.785874576374 
1.557206735888 
1.486601890879 
1.673260365926 
1.623959981515 
1.583895148708 
1.915440674576 
1.787122827742 
1.791817977092 
1.846547882082 
1.689961937583 
1.691255680500 
1.715786669944 
1.616960353981 
1.767618870716 
1.880316259574 
1.743281862642 
1.902483588662 
1.787149856403 
1.766873756324 
1.805884246396 
1.774623317436 
1.543216133467 
1.550763298920 
1.641003427432 
1.675601996093 
1.921004346393 
1.762533671736 
1.740425913573 
1.635782070495 
1.738057498152 
1.783827332650 
1.877984138326 
1.929941087787 
1.938759259333 
1.926040894510 
1.927046845231 
1.750814020373 
1.675653714169 
1.594483265205 
1.684095037307 
1.754465014899 
1.890502845235 
1.899616593356 
1.652713542465 
1.591630248640 
1.820445486657 
1.704716868803 
1.683248625173 
1.625264695894 
1.819251587966 
1.950651546320 
1.821354494169 
1.948129678256 
2.057512721103 
1.941485750490 
2.084375077452 
2.079346598314 
1.930645050600 
2.091279122407 
1.980013536534 
2.262185841426 
2.094118392488 
1.946242687456 
1.934179907251 
1.898787874668 
2.071009697640 
1.978820593546 
2.048806135115 
2.131325262052 
1.836495462903 
1.790628408096 
1.827835908677 
1.915658023339 
1.840964074432 
1.888519854629 
1.701759654412 
1.485211702352 
1.784371317527 
1.982736275700 
1.822009526278 
1.928956769331 
1.959205620996 
1.878270502818 
1.800759784470 
1.971834569291 
1.983488376408 
1.777477308113 
1.910556295604 
2.021965669014 
1.949864080214 
1.976966000242 
1.966655109102 
1.663579176226 
1.798137134027 
1.739468798202 
1.659665767024 
1.867449577453 
1.782415664944 
1.980756065682 
1.897890682070 
1.951199619648 
1.830150821373 
1.860791609769 
1.556157084507 
1.785689454859 
1.711051567053 
1.829846539796 
1.749684765293 
1.978240327747 
2.177840700184 
2.342151211329 
2.235274440721 
2.210796338035 
2.168717356153 
2.046009451320 
1.831561009892 
1.800538034972 
1.948923124931 
1.924811520184 
1.909572767882 
1.796633507093 
1.907028266644 
1.902436443845 
1.799661681297 
1.805594145892 
1.688972257361 
1.588538853625 
2.108060272367 
1.879898346848 
1.979424068054 
2.033205763419 
2.015377145092 
1.962694306093 
1.942403056902 
1.983142354361 
1.955789217718 
1.906600512148 
1.827358374970 
1.909781162847 
1.884093378655 
1.936473004623 
1.833416250909 
1.871980056450 
1.960073156446 
2.061651314156 
2.209429994320 
1.771912423691 
1.921312929481 
1.944930234351 
2.125635300028 
2.258769517910 
2.288507619722 
2.078317932820 
2.257371633574 
1.965369926910 
1.979908402041 
1.916726298534 
1.874282130510 
1.844053004033 
1.743885527109 
1.903986890243 
1.640239671523 
1.400842614292 
1.557602604019 
1.564168540577 
1.572025493852 
1.663744853037 
1.703184137534 
1.943240797459 
1.995880639925 
1.991371649015 
1.928673276776 
1.711160084779 
1.710833122189 
1.864601792891 
1.932230711562 
1.983300122801 
1.712192310297 
2.060717681797 
2.405270597468 
2.042754140779 
1.890984720750 
1.961630561723 
1.707524871181 
1.847700733652 
1.880962484890 
1.983528958701 
1.709292487562 
1.755125146203 
1.927345394128 
1.894757053860 
1.873697415652 
1.932227308094 
1.597563375182 
1.645700991316 
1.646382582832 
1.866546120332 
1.773914399448 
1.945788631309 
1.777936559683 
1.896396770547 
1.596898809992 
1.603244135032 
1.449373209307 
1.475413226965 
1.768728526669 
1.725554479395 
1.743456879428 
1.865463743713 
2.051793433663 
1.903900252664 
1.910416952417 
1.915399295435 
2.295247714494 
2.188714877140 
2.085692285191 
2.044678390026 
2.229757042570 
2.236439464057 
2.057145016496 
1.972344024342 
1.827376997674 
1.779952155654 
1.742093152744 
2.011483692580 
1.939750126911 
1.877645782468 
2.073614212722 
1.962488186476 
2.070525010890 
1.849391473406 
1.759991317894 
1.872394013481 
1.924184334926 
1.714039932535 
1.814494615359 
1.730245425473 
1.727329731871 
1.861030086283 
1.800328464164 
1.690714869365 
1.795358396334 
1.833450078061 
1.732731614221 
1.617152133360 
1.835484395345 
1.676467095551 
1.689723219154 
1.836662994511 
1.805826623895 
1.848712293900 
1.822291208131 
1.648314358373 
1.687528314947 
1.588569596387 
1.846995016277 
1.777011305874 
1.777973102633 
1.840875951715 
1.765739991973 
1.830943811211 
1.790102844031 
2.016121188429 
2.053702199735 
1.779262872270 
1.844610016984 
1.868357958936 
1.995788450091 
1.831441078550 
2.019890136978 
2.084888045990 
1.944466032463 
2.041122926736 
2.162307958984 
1.938110325061 
2.036808766646 
2.100077403622 
2.091909188736 
2.369019488859 
2.003746075683 
1.842795015475 
1.847003934181 
1.629832080533 
1.598452605329 
1.680337624065 
1.820422294766 
1.948455225532 
1.903182452442 
1.839845081768 
1.672077349420 
1.560820110543 
1.869201516704 
1.685082169812 
1.663863317730 
2.102844220588 
1.978752018974 
1.810269054380 
2.038440083601 
2.033360606094 
2.148369303442 
2.060704658237 
2.195296887839 
2.125018483593 
1.755284209266 
2.059317294524 
2.046077725157 
1.969700989050 
1.982608875790 
1.902166657226 
1.884574995445 
2.002957218586 
2.026474451071 
1.743367787894 
1.777824330065 
1.887305825670 
1.893034829682 
1.805553448597 
1.886879312825 
1.749947095566 
1.714815181324 
1.803931648285 
1.854124240847 
1.524111587429 
1.502136484463 
1.517957075708 
1.601104057620 
1.465439499068 
1.507265080727 
1.708757523931 
1.737543123923 
1.748578845493 
1.884503042306 
1.971211999112 
1.939663350253 
1.836120890076 
1.868040910728 
1.929552459415 
1.689281277384 
1.873152045251 
1.900999036267 
1.910384460321 
1.994968055889 
2.268789802822 
2.149479378520 
1.842769098948 
1.768139981279 
1.801402853893 
1.850954174091 
1.962814646090 
1.950979402449 
1.851169373545 
1.658138578160 
1.949112452698 
1.919440586188 
1.919881242040 
1.878648112552 
1.816253993100 
1.648850899256 
1.824542564425 
1.924296572318 
1.866738408518 
1.816659674062 
1.597370648339 
1.681414973002 
1.795592655558 
1.508578177461 
1.443417809522 
1.475008692191 
1.817718685673 
1.875169210660 
1.912988334256 
2.017327843047 
1.999226683505 
1.995189329266 
1.860637995014 
1.707509981592 
1.598470167982 
1.648257096199 
1.737392974417 
1.652557241029 
1.669435202308 
1.674159639271 
1.715051374602 
1.478526280071 
1.545933068142 
1.513625623091 
1.824039667377 
1.916383572789 
1.774348788630 
1.512034777390 
1.790707447377 
1.523137531563 
1.593473883136 
1.755678590331 
1.663911067207 
1.595684109313 
1.656998927772 
1.452719614747 
1.820953684724 
1.811698850777 
1.426901608221 
1.506626636769 
1.635115940948 
1.561476819357 
1.713798764197 
1.733246781927 
1.866131974760 
1.970582942200 
1.793573800467 
1.901084445965 
1.646694634692 
1.652672890711 
1.902718925728 
2.013098972826 
2.184175970687 
2.030460734182 
1.990476127874 
1.915569352375 
1.870339924351 
1.638473664256 
1.771765310509 
1.726906362000 
1.627307609480 
1.874803852277 
1.763432712004 
1.546523119535 
1.689781250479 
1.661909454965 
1.689341751995 
1.705089495758 
1.870949088656 
1.850966889377 
1.818029111757 
1.739055479865 
1.829107136539 
1.815270962628 
2.089083464661 
1.712151475678 
1.756360131643 
1.730306853963 
1.779834012143 
1.765855803977 
1.884338662654 
1.999178431087 
2.094786951572 
1.998316268447 
2.051440019991 
1.878260371367 
2.069201894717 
2.151361481598 
1.941804288836 
1.928658041649 
1.780633239681 
1.770699171177 
1.854555583610 
1.868922001579 
1.986772378336 
2.010524125997 
1.966820640946 
2.000482089073 
1.833237872790 
2.103312958182 
2.439087213347 
2.273649614015 
2.228530019161 
2.125081561565 
2.106270159496 
1.841958108779 
2.137669705405 
2.102170748534 
1.952729983721 
1.995528960305 
2.090139183552 
2.089778365092 
2.346648969439 
2.047552065323 
1.691551537223 
1.834087579421 
1.799278883095 
1.817344257754 
1.916014943556 
2.055301048398 
2.015163521622 
1.803230245872 
1.735522763278 
1.789671336313 
1.841390244824 
1.701783295114 
1.719180718739 
1.643621628111 
1.614354189223 
1.665747225357 
1.638695081308 
1.652471129791 
1.761121352028 
1.707820349245 
1.650540658881 
1.498247265983 
2.088415990329 
1.997361433266 
2.124370904494 
2.023242397840 
2.204448746056 
2.470723968948 
1.948590103477 
1.781369326487 
1.798129092095 
1.784381659472 
2.033568578183 
1.988442085243 
1.899454605467 
1.593770590722 
1.707623188275 
1.565916322613 
1.555332295127 
1.688265093526 
1.576009781061 
1.697277802475 
1.613409985956 
1.630057155450 
1.956544397859 
1.867996871203 
1.715734350425 
2.132541023747 
2.211557979303 
2.122698765293 
2.496665251623 
2.276391577530 
2.114486683667 
1.728622954270 
1.891656067180 
1.677703689163 
1.812069212677 
2.190118163664 
2.085327427799 
2.041121642607 
1.849767598992 
1.890970994701 
1.909925309244 
2.205091355600 
2.112984273819 
2.086895460729 
2.002778549446 
2.248246261355 
2.296990712330 
2.578715281640 
2.032547842341 
1.994412297623 
1.841355659424 
2.084034327530 
1.907246861151 
1.910428120168 
1.981647956271 
1.817839961456 
2.021856398390 
2.194998655155 
2.070343829478 
1.952571687862 
1.938324335642 
1.906466245296 
1.844874885198 
1.841895062003 
1.934583571752 
1.908579157078 
1.996507089602 
2.027602273719 
2.054151672269 
2.148211289301 
1.905192448562 
2.098763156051 
1.963935711171 
1.807268250420 
1.871205713551 
1.886026289772 
1.751763357224 
1.692989173259 
1.713743336267 
1.806772074423 
1.864006844774 
2.021767348216 
1.779375888883 
1.622245335602 
1.643222616281 
1.660733697284 
1.707935233771 
1.742234638816 
1.753594119990 
1.767667774379 
2.081297957282 
1.861910216953 
1.979489098159 
1.748247860472 
1.895043117402 
1.819353841354 
2.008521697960 
1.947946502267 
1.934117775931 
2.141989427367 
1.918004228332 
2.006597321569 
2.008552544378 
1.955435793051 
2.022992340598 
1.961970833140 
1.579644931442 
1.809742639249 
1.868297486719 
1.797461732672 
1.998768707680 
1.998771624171 
1.926238492282 
1.759847132012 
1.785414789936 
1.781882857109 
1.611316364996 
1.496165938818 
1.603649479992 
1.508786177568 
1.644356880549 
1.924551817023 
1.966635870883 
1.974532757701 
1.999210286661 
2.080378627318 
2.159375132632 
1.750288267230 
1.903873926102 
2.027748460298 
1.862659355921 
1.955794346418 
1.876780973735 
1.748290500308 
1.721234288039 
1.853732594760 
2.161063669325 
1.967581133382 
1.885772427999 
1.601322862474 
1.633550724893 
1.970488293785 
2.058593280230 
2.081974242155 
1.889821454800 
1.799719121086 
1.620896936396 
1.762800353694 
1.754935956076 
1.966805138189 
2.002940447302 
1.670302436892 
1.666868465039 
1.495291485032 
1.470676807679 
1.805873673149 
1.690702249616 
1.702276783526 
1.724139631297 
1.705552950731 
1.727765324043 
1.542154503358 
1.621754743437 
1.686449375146 
1.706416418071 
1.850616393579 
1.887390238465 
1.830096128552 
1.811644372371 
1.979986405901 
1.716128790934 
1.729960777445 
1.650239550262 
1.848645511077 
1.782438608909 
1.698803635934 
1.764016971107 
1.766195359361 
1.742684433910 
1.665871473383 
1.769018606614 
1.513590480029 
1.798024388024 
2.148245032868 
2.322961271383 
1.876541681560 
1.862226341006 
1.830379489081 
1.946825606051 
2.021095514253 
2.161007891092 
1.934274708881 
1.882700198693 
1.882694735135 
2.072746888142 
1.770898054696 
1.721600879583 
1.659964358678 
1.820517765155 
1.837429225044 
1.762608146999 
1.731777430707 
1.603975245508 
1.876404262424 
1.744362272599 
1.720549785818 
1.928324449292 
2.138216882063 
2.209145518790 
2.027556020926 
2.125372265948 
1.801735179534 
1.891166927070 
1.853544911987 
2.103538823881 
2.152159111493 
2.152029100332 
1.776517275066 
1.804869607657 
2.066683069900 
1.888442689568 
2.077344300350 
1.971276270681 
1.953356935953 
1.675916059232 
1.837005529359 
1.794981584909 
1.799309535826 
1.809835218389 
1.765821892373 
1.849328578314 
1.754461677014 
1.844721320477 
1.469371712805 
1.860362652062 
1.718167739993 
1.781966217113 
1.789813267878 
1.768487358211 
1.880754698327 
1.827736624891 
1.751516533882 
1.815827851166 
1.695883056078 
1.701055696621 
1.810210965216 
1.735208022843 
1.997074771173 
1.962425266456 
2.058345850828 
2.129792789254 
2.273189095068 
2.146769405522 
2.356662818311 
2.171577127655 
1.960653300623 
2.059460379521 
1.948389631619 
1.811177030703 
1.917044891573 
1.930044283687 
1.900416269490 
1.866368271877 
1.756925600164 
1.694835874486 
1.709095679359 
1.576512251647 
1.464904976441 
2.038334610446 
1.800943387851 
1.901112245732 
1.529113660670 
1.579383429210 
1.529085582634 
1.753929984600 
1.874045721335 
1.996962228522 
1.999705158078 
1.935952504691 
1.921761798060 
1.879714693908 
1.863059810734 
1.935775523745 
1.842647713311 
1.994320647705 
2.041774407253 
1.775863138192 
1.682096685472 
1.753395917694 
1.801838005988 
1.773576608070 
1.489845672155 
1.744406483041 
1.527523711266 
1.826802866931 
2.118771736837 
1.793909994359 
1.918629735994 
1.981270396298 
1.952990763125 
2.028664817654 
2.135806532538 
2.254762311986 
2.062946163063 
1.901104723379 
1.899610666057 
1.792072221551 
1.812344986162 
1.760786796207 
1.959401410645 
1.883704290010 
1.887223583263 
1.961242771277 
2.114646188089 
1.959229123745 
2.175394073506 
2.183313789605 
2.293796928168 
2.128102594243 
1.791614001956 
1.836282428741 
1.974885185890 
2.269728260012 
2.283389419420 
2.054651699737 
1.962021413025 
2.081741914399 
1.753576768879 
2.050643287458 
2.044180868481 
1.870416130124 
1.986918929011 
1.806576814689 
1.953443895452 
1.878954959609 
1.767236442157 
1.538289309266 
1.628602568165 
1.764079264425 
1.499695261573 
1.472282324037 
1.489185794524 
1.872133047824 
1.871325050484 
1.777154595659 
1.827638081045 
1.831413319415 
1.807985156911 
2.058842095151 
1.736350190336 
1.758861087995 
1.854741823777 
1.658562415727 
1.781273868978 
1.790297695276 
1.882939922076 
1.833825997699 
1.605630396398 
1.709630415438 
1.682150195578 
1.711855098461 
1.712074351522 
1.715279308375 
1.695038488087 
1.830638252606 
1.746012823844 
1.787353473234 
1.770932183652 
1.847181990228 
1.839490943101 
1.665516873268 
1.656144135123 
1.718717100953 
1.639096216522 
1.889435562174 
1.594757740455 
1.792705336547 
1.894463035780 
2.059567225678 
2.106329527634 
2.040919958921 
2.105073085195 
1.659041716777 
1.609447544027 
1.532623967054 
1.836732691922 
1.774282209324 
1.752943911224 
1.606151900463 
1.589216715053 
1.563772563425 
1.916945886274 
1.775134014281 
1.725487491003 
1.951424567945 
2.082822273754 
1.962869333997 
2.009111558588 
2.016904172406 
2.008108593805 
2.087316509731 
1.645351003052 
1.792044534218 
1.842283770518 
1.817766986819 
1.977458702354 
1.933376384076 
1.949917938659 
1.799535574055 
1.860793811205 
1.808024931099 
1.924751431184 
2.013281611300 
2.189934279380 
2.201663802546 
1.874003367451 
1.913438222827 
1.811390791394 
1.824892038310 
1.856376700437 
1.921970718228 
1.587561605169 
1.480509216610 
1.801384971759 
1.730387942316 
1.711273667315 
1.962073969462 
2.011662364482 
1.864652766212 
2.076264214485 
1.814070468863 
1.826487325749 
1.760814460811 
1.719720852931 
1.827531132233 
1.925191090731 
1.889738862591 
1.727225869866 
1.931705750278 
1.863005179917 
1.790065631443 
1.902751299683 
2.027519192381 
2.014074370967 
2.036848816234 
1.822151454381 
2.052063729235 
2.224548366710 
2.139985425525 
2.159145829110 
2.166105543419 
1.817225168742 
1.666660149936 
1.808417893370 
1.732783070944 
1.775565144478 
1.681919948933 
1.785895871907 
1.803340791232 
1.791890243536 
1.734086049659 
1.739763377072 
1.849898294757 
1.698989137194 
1.922563038404 
1.884379981818 
1.985172339057 
1.934567300999 
2.005450639159 
1.885938325795 
1.759515068553 
1.866670217515 
1.828749640821 
1.829399913507 
1.629138739335 
1.799768278856 
1.877763330874 
1.846833304303 
1.634363346993 
1.852530930097 
1.638792247885 
1.662851639393 
1.896685741385 
1.739824268510 
1.884414978425 
2.078574954498 
2.070501557738 
2.061345846838 
2.124486102949 
2.078795390884 
2.138328399800 
2.122536536540 
1.970021143953 
1.945398310401 
1.915093365732 
1.918071657221 
1.905528646834 
1.845068430430 
2.277730071134 
2.057508402715 
1.837631510275 
1.970458974276 
2.002273197225 
1.769848400568 
1.933831895343 
1.881009389534 
2.080567701465 
1.999238598473 
1.963370962599 
1.823524636183 
1.758238559273 
1.778187574689 
1.826955694066 
1.798964615091 
1.678036143028 
1.624837859851 
1.756102642867 
1.831585945139 
1.797070299516 
1.887728448316 
1.815374963435 
1.801814678635 
1.715175755504 
1.576022976748 
1.546895348187 
1.520767548302 
1.630361480159 
1.666950537168 
1.756780486993 
1.745423007107 
1.744514700813 
1.895667258998 
1.791765602978 
1.975064108636 
2.281188183745 
2.236674845462 
2.190586464978 
2.014720052887 
1.936574754047 
1.690229176577 
1.661059543584 
1.780052130719 
1.772647400492 
1.779130411505 
1.891462364943 
1.961486590768 
1.950584334441 
1.696243083952 
2.164716429780 
1.903954405409 
1.876629288122 
1.983071422264 
1.975391145435 
1.869959459682 
1.821257439058 
1.849129040340 
1.789952438353 
1.886151270797 
1.692700767679 
1.718761219420 
1.693067515297 
1.647368143357 
1.627072000632 
1.640822939771 
1.645227480940 
1.776984467007 
1.701940301107 
1.867832614106 
1.989532314083 
2.060746077032 
2.088440060653 
2.316352905808 
1.995783541324 
1.909130756487 
1.789125448147 
1.964994716886 
2.028636245001 
1.877713822991 
1.821554856438 
1.992545243050 
2.088887331450 
1.928857648784 
2.140522834250 
1.860018456142 
1.783960425513 
1.740754881431 
1.891755882164 
1.955006454307 
2.087608496973 
2.117708551175 
1.997649242413 
2.099083573862 
2.118351829169 
2.001986498105 
2.004869719708 
1.915243032432 
1.956941481996 
1.832914059467 
1.829295916783 
1.773199234098 
1.705323680438 
1.787981341646 
1.707047705480 
1.892756391720 
1.844477996421 
1.855444560133 
1.940436734099 
1.899281466212 
1.686191741957 
1.696731524153 
1.961018112488 
1.536436059760 
1.628518269482 
1.486797247319 
1.644450623644 
1.815294138791 
1.835589827828 
1.810639653982 
1.936502611964 
1.944975097708 
1.822029425302 
1.714695097301 
1.913287692354 
1.672387583102 
1.718079127523 
1.772036496205 
1.850226433444 
1.868687056326 
1.861170899816 
1.668496402331 
1.697947456048 
1.806548661013 
1.908142518546 
2.033488579615 
1.988948757256 
1.826159977655 
1.757145081105 
1.883158570194 
1.779782413671 
1.665225723464 
1.887647562350 
1.829116763447 
1.610670074678 
1.627090330608 
1.682897692373 
1.610106632010 
1.539768071543 
1.479962684244 
1.409288769248 
1.659826833798 
1.698321133730 
1.634637752602 
1.704842828387 
1.623922608484 
1.676875119209 
1.745667624893 
1.995777903639 
1.811770492892 
1.864440000991 
1.835859892380 
1.850355812500 
1.976880099110 
1.961579970843 
1.903472986314 
1.880312461042 
1.881127310503 
1.867572313398 
1.914977427210 
1.940957761688 
1.997063536529 
2.131685699096 
1.966062457054 
1.896382160006 
1.934265830695 
1.432641433716 
1.721132737940 
1.762107851213 
1.637005523912 
1.564823528783 
1.875054350173 
2.057831924278 
2.073593551469 
1.907352954215 
1.826874599593 
1.876986379249 
1.840627362285 
1.809606672096 
1.779227741356 
1.674475968236 
2.067354813703 
1.992747218906 
2.200468343673 
2.234108795919 
2.026607031941 
2.013153672044 
1.708281958587 
1.763116360918 
1.790977637655 
1.836135909377 
1.964219826903 
1.720764167655 
1.744146486772 
1.777572011923 
1.958370694413 
1.969110816506 
1.825642963411 
1.722855919625 
1.721310595385 
1.854380629073 
1.918298153649 
1.846817968899 
1.709496535286 
1.779630592444 
1.755615617745 
1.962048714653 
1.866728158068 
2.041268510700 
1.845948025000 
1.753808597376 
1.884048069941 
1.849364602771 
2.054071948248 
2.146741464021 
2.270633435773 
2.008520431590 
1.842799823757 
1.703572292672 
1.947567017426 
1.702091498084 
1.752986849457 
1.861691036075 
1.876230697482 
1.823342863621 
1.958945062360 
1.733917929298 
1.680507397880 
1.831573133534 
1.994492791800 
2.085459045601 
1.915860078244 
1.989574082606 
1.715132701212 
1.850843263932 
1.790600752880 
2.014835352598 
1.919090278255 
1.867644585467 
1.703988443663 
1.665657146570 
1.814271378097 
2.124630413750 
2.164967923373 
1.948594957571 
1.876138058034 
1.784121430917 
1.725891051934 
1.725988826499 
1.853818578896 
1.757932997023 
1.862236185207 
1.803400502118 
1.830898750859 
1.787886329268 
1.845078201132 
1.874683851085 
2.184490435981 
2.128600317885 
1.889823550209 
1.903741977725 
2.428243316279 
2.452852445011 
2.228147251857 
2.223720532677 
2.246552439332 
1.977154587403 
2.047240298130 
2.004767982071 
1.644447534665 
1.767812999017 
1.728503399598 
1.725471021642 
1.900460903022 
1.963121584809 
2.437391385445 
2.479786828973 
2.227857713516 
2.241480752954 
2.047425088079 
1.935805405180 
2.003424395248 
1.835720717618 
1.929184053693 
1.995904263782 
1.915902013721 
1.755738414286 
1.589895787591 
1.653651597647 
1.808874707246 
1.619416062277 
1.723576157756 
1.849081284793 
1.871892221980 
1.884831840818 
2.047047525993 
1.884175158165 
1.830845613783 
1.996698719401 
1.959971848494 
1.917744318137 
1.934746565559 
1.758202106982 
1.876238952350 
1.830986261992 
1.979307052536 
1.828192613965 
1.787678981341 
1.687076799284 
1.760799986945 
1.780283723878 
1.877601029574 
1.776815026300 
1.886773825102 
1.816559487370 
1.634391612705 
2.005358245392 
2.053739940614 
2.411039114965 
2.187993395066 
2.002080347617 
2.360354689060 
2.091665525021 
2.151598859979 
2.153853198774 
1.924032282744 
1.987330501771 
2.510547053543 
2.344603114793 
2.421113780513 
2.228539692439 
2.009331609349 
1.852373879924 
1.683516429933 
1.774422929182 
1.832202511460 
2.110554578549 
2.035647317887 
2.051637595329 
1.601049711926 
1.882710423667 
1.895114212999 
1.853098229385 
1.893036962315 
1.868638440336 
1.800017293487 
1.743605922529 
1.796227700527 
1.547360672218 
1.559206885290 
1.483739928001 
1.617460150320 
1.798262091666 
1.587053281193 
1.673160871313 
1.790283809073 
2.020229719831 
2.078625235038 
1.898732425033 
1.954447189900 
1.678731941053 
1.887949728684 
1.957972772750 
1.901673188062 
1.963797799728 
1.777016459109 
1.794258207769 
2.122841840211 
2.300210244562 
2.052806829323 
2.319106196557 
2.068914304088 
1.841783365854 
1.820442948944 
1.912035151634 
1.971632621319 
1.892628781903 
1.880940119154 
1.784441591404 
1.730547823653 
1.808007632454 
2.022167192314 
1.745557069528 
1.894415800722 
1.991518522993 
1.997234115002 
1.905348246198 
1.861901626236 
1.704031184069 
1.968680990807 
1.934860150435 
1.947995880425 
1.978451800835 
1.942872928519 
1.855729136912 
1.755616191168 
1.732160224339 
1.724369746913 
1.867423636669 
1.934655570725 
2.269694534945 
2.206780217883 
2.212469986028 
2.153030408067 
2.101493173159 
1.805179275952 
1.783544463990 
1.715174876140 
1.818016628884 
2.204169464418 
2.061808133096 
1.926059237276 
2.186879864494 
1.772359767889 
1.846984047982 
1.831500500056 
1.772019848673 
1.938305500639 
1.876254514136 
2.040862566505 
1.896392688926 
1.889870635452 
2.031490492081 
1.987775323555 
1.928362901974 
1.785939008319 
1.878986513590 
2.138557791960 
1.872737361411 
2.022509866747 
1.858745177955 
1.987672506784 
2.135420364445 
2.063817615325 
2.054444599045 
2.031023057386 
1.970464410902 
2.078369635505 
1.756569916020 
1.725843332216 
1.809055389496 
1.968941310447 
2.023597363322 
1.857326049458 
1.679458247727 
1.709375562828 
1.638721956581 
1.561618482261 
1.664932415004 
1.815720070870 
1.822860890307 
1.754673949421 
1.754695667471 
1.839256783315 
1.975281328770 
1.841907369970 
1.705278731872 
1.771230226816 
1.858348062146 
1.465739077484 
1.837667368259 
1.754012021996 
1.781533058640 
1.614531392677 
1.682101478608 
2.042703058836 
2.098628005646 
1.854806582821 
1.891148292185 
1.657034868797 
1.855107458520 
1.893773685103 
2.145344876968 
1.972082884339 
2.053970220320 
1.855884841447 
2.071614659513 
1.956090166856 
1.927116430640 
1.878169339862 
1.913886155926 
1.932501136704 
1.557014485619 
1.696298372095 
1.712974111267 
1.551164579603 
1.831311247389 
1.807471087114 
1.841536064224 
1.814391469874 
1.783388367787 
1.862975174320 
1.843517541895 
1.666629629140 
1.709809432224 
1.752499805103 
1.981045350061 
1.848678061263 
2.001941558073 
2.216166500291 
1.972457580281 
1.930831953961 
1.814975178573 
1.847614410771 
1.880615304771 
1.818549691045 
1.815660785047 
1.917476014655 
1.664129310872 
1.766550520404 
1.803955412977 
1.617272976088 
1.634597659278 
1.745623745274 
1.755980212597 
1.777870209528 
2.061626831859 
1.927449480532 
1.712400078007 
1.775264988331 
1.860362204912 
2.052776230562 
2.073910274395 
1.968872794140 
1.878138733781 
1.617513293300 
1.965025420958 
1.971862332120 
1.820200510545 
1.778840504050 
1.904964679440 
1.867384886420 
1.774334147909 
2.017420594692 
2.262804927159 
1.964605796074 
1.978649116663 
1.944564007200 
1.908960379740 
1.916175802181 
1.862581206128 
1.752348067051 
1.802598910755 
1.769242640192 
1.738823375485 
1.596179794880 
1.632944359204 
1.725960553671 
1.964515540249 
1.887088462025 
1.846744770708 
1.924803278056 
1.688040351383 
1.576926187259 
1.841950811522 
1.394399545599 
1.718152741279 
1.504437231030 
1.652931526245 
1.687866018936 
1.540833615929 
1.711946649876 
2.129177122756 
2.186913111669 
2.124494418809 
2.292539034887 
2.195668827725 
2.153136547734 
1.900454100952 
1.827261877149 
1.732645996862 
1.664065982124 
1.712302894382 
1.695717683868 
1.889308230327 
1.732401185383 
1.855110620384 
2.057695493567 
2.219816636626 
2.273251217508 
2.259576469754 
1.971954808600 
2.013953831503 
2.005637064853 
2.030905998234 
2.203309593767 
1.936899469119 
1.942595615784 
1.857988373873 
1.884210494330 
1.693961373272 
1.725769480098 
2.082875613060 
1.693697757656 
1.801637706867 
1.863360230088 
1.963992530849 
1.949213765207 
2.224548672524 
2.147775291772 
2.248227117020 
2.043285759941 
2.109279879989 
2.183778854801 
2.298586651182 
2.228661156191 
2.172859827763 
2.010325020357 
1.897335660993 
1.872730196281 
1.734389944110 
1.614978194290 
1.701462449020 
1.734439093507 
1.770255353826 
1.797049886432 
1.789787405270 
1.801778970388 
2.159771737984 
1.860816890338 
1.975846801122 
2.168864581024 
1.953859037968 
2.058260155543 
2.145999622316 
1.778581083643 
1.990710531160 
1.857713706696 
1.856494514604 
1.909202780411 
1.962032919316 
2.030331489779 
2.074783937608 
2.194516544264 
2.091014564774 
2.075767188211 
2.008865162391 
1.999037657169 
2.265434082156 
2.002909067549 
2.041586293001 
1.628613044930 
1.596532136109 
1.717258688847 
1.996119383101 
1.925308029791 
1.697337054162 
1.720632785445 
1.712267032160 
1.938889123363 
1.839977467162 
1.714936616415 
2.020972985220 
1.927247728245 
1.817536950237 
1.690885749457 
1.902605055579 
1.883157382301 
1.816509802533 
1.939768315720 
1.959182879426 
2.000522426169 
1.998838817641 
1.964419509318 
1.794014079735 
1.771300970735 
1.783666677361 
1.578268375320 
1.668296653955 
1.748707341428 
1.964222438186 
1.395546336937 
1.958432988461 
1.856453634970 
1.826150388368 
1.852428543828 
1.787372816376 
1.920228203480 
1.960991662744 
2.030543398358 
1.986291714590 
1.954372707060 
1.846534015005 
1.779095451944 
1.460447149792 
1.599425350452 
1.554768693000 
1.393214543078 
1.824623989025 
1.706111382133 
1.695328298749 
1.735007358350 
2.162545733371 
1.980747233030 
2.032237866249 
1.955056919051 
2.003556871200 
1.978732641969 
1.748663393468 
1.591206109964 
1.889779465415 
1.844455285760 
1.783896607138 
1.827677421324 
1.956732551422 
2.119450271545 
1.820091960532 
1.795668070367 
2.110478670627 
2.141235642837 
2.547598398698 
2.181960529960 
2.001231577449 
2.025932211372 
1.866417133047 
1.951916232047 
2.031288721903 
2.060754765564 
2.089984112058 
2.140510503115 
1.945643313868 
1.925574369901 
2.138281827528 
2.115910326491 
2.111907243835 
1.982005670615 
1.758578034460 
1.804914950103 
1.767011439788 
1.763639732841 
1.776211271491 
1.923658378512 
1.615209130633 
1.666074544374 
1.753005276814 
1.977890315012 
1.763285071040 
1.769325508363 
1.726142457299 
1.840025982053 
1.870900351840 
1.903277587598 
1.917321204236 
1.818795431575 
2.035007129393 
2.178256689738 
1.915142741240 
2.051868250270 
2.016020600186 
1.850697307194 
1.986873111025 
2.169280474256 
1.895404615345 
2.216880477387 
1.912421925022 
2.199016365275 
2.042400689459 
1.897630526671 
1.653935064038 
1.771888245573 
1.608556332124 
1.678416154892 
1.556669495149 
1.557558254984 
1.559858936212 
1.660170225828 
1.563405446979 
1.583812549428 
1.712680433442 
1.805454860449 
1.567293029795 
1.475402354349 
1.528346667332 
1.698772787090 
1.712526801795 
1.634016479930 
2.114381253250 
2.294575780787 
2.037072844123 
1.701663896473 
1.702291490505 
1.648045982391 
1.840328355399 
2.036512286665 
2.050120238186 
1.985246165120 
1.935068793288 
1.753721380500 
1.782376526712 
1.771567365865 
1.944063638625 
2.044117025771 
1.930392491895 
1.911452813984 
1.906527764810 
2.009990479080 
2.101395350072 
2.035435220013 
2.104774777010 
2.054613566535 
1.739078873544 
1.769947698185 
1.912066428070 
1.921329123793 
1.944695536810 
2.100373299401 
2.089318915480 
1.816767490203 
1.845537252361 
1.950962362610 
1.763359123485 
2.096386165151 
1.924307402430 
2.120676467746 
2.126422759063 
1.972544967893 
2.236600079579 
2.112570519984 
2.159662080900 
1.943223019099 
1.866489894419 
1.758925741792 
1.713088521687 
1.709152193822 
1.704036581649 
1.569596320307 
1.740513341882 
1.520196659394 
1.690600996374 
1.809050498341 
1.840618961309 
1.685568439446 
1.640262646440 
1.585725850159 
1.685698836525 
1.823777347565 
1.758869026596 
1.877589611848 
2.082218742660 
1.915080184488 
2.069827200706 
1.975624194765 
2.008826123394 
2.007386353748 
1.970825509131 
1.745588508354 
1.748881867294 
1.777273262247 
1.624176717152 
1.575105240466 
1.686905834463 
1.677795338675 
1.845723051986 
1.874151115595 
1.909369139587 
2.095478448114 
1.986458097918 
2.120952717313 
2.165686223409 
1.957374533471 
1.947368273347 
1.773073299541 
1.871043967874 
1.819057885927 
2.317553330046 
2.324146243867 
1.932696066752 
1.869288721842 
1.775806142689 
1.688195802834 
1.591136533039 
1.622372203696 
1.657630788769 
1.590153476110 
1.597432788375 
1.676580329794 
1.694420612168 
1.709551580466 
1.923178770877 
2.003437390442 
2.209453630964 
1.920310963298 
1.936428633391 
1.845079510898 
1.823459045535 
1.852514166618 
1.717833518648 
1.726333066712 
1.816599245249 
1.809492470524 
2.348676371934 
2.015071540424 
1.841878036149 
1.658718351472 
1.790494723976 
1.991430167382 
1.915225573480 
1.936647301599 
2.141509455323 
2.309730871676 
2.345625305735 
2.330564064592 
2.167391731799 
2.116089577183 
1.768740416238 
1.593360453143 
1.981373582582 
2.048682006981 
2.221297653081 
2.502334339183 
2.539942681039 
2.327360922996 
2.205937126946 
1.978393642365 
1.919602910598 
1.843607395582 
1.854649365573 
1.884448118068 
2.040733596236 
1.745909710477 
1.656911123466 
1.607013757442 
1.699539895423 
1.818015362778 
1.835056641441 
2.046587907612 
1.699785856363 
1.714571942079 
1.647617178208 
2.068607707785 
2.020258685992 
2.049612486964 
2.082150621877 
2.112634269027 
1.946267751264 
2.042501138364 
1.956558232872 
1.833064101862 
1.804846327941 
1.815546227734 
2.000455498010 
1.880463353683 
1.961871491274 
2.123199904739 
2.193427117313 
2.280516283035 
2.175889767908 
2.131918412290 
2.032268860714 
2.044377134005 
2.198554236224 
1.993757803147 
1.957392807935 
2.417597832900 
2.765237292358 
2.521093191784 
1.959996094040 
1.951894819686 
2.121391735984 
2.434505338154 
2.262271326412 
2.105580052324 
2.188978272729 
2.171918025025 
2.306062565980 
2.163010882738 
2.230600994193 
2.256568753704 
2.159911209292 
2.081608503587 
2.130694132139 
2.076694916495 
2.101293777305 
2.188014514306 
2.263198072769 
2.217802850032 
2.075858583382 
1.911196773428 
1.772675756221 
1.856071922062 
1.784567358900 
1.845878827922 
1.970982329427 
1.929965334385 
2.088982285084 
2.052296292989 
2.060052150420 
1.958162329060 
1.990974754978 
2.010816600387 
1.936293858928 
2.083641251811 
1.928749079385 
1.896166396907 
1.831744119579 
1.779448385116 
1.768519479946 
1.849200442955 
1.829125418228 
1.828483433028 
1.992792348083 
2.023443796708 
2.011049199713 
1.923126968632 
2.130151564958 
2.059961062580 
1.951937833044 
1.825972265795 
1.923509993336 
1.928563567366 
1.919651298161 
1.893137348359 
1.870455485778 
1.802017426965 
1.673871306533 
1.717463483924 
1.683492666037 
1.768990302580 
1.846789680341 
1.897827793219 
1.882298002612 
1.755058401418 
1.623638656505 
1.776997878296 
1.755714458904 
1.876612584136 
1.668550849669 
1.654752963968 
1.759762155742 
1.982640000771 
1.816231164470 
2.018291571580 
2.001774656397 
2.074337274912 
1.824568290384 
1.911312250650 
1.949571762604 
1.976759221152 
1.830667743583 
1.609293001946 
1.571010090497 
1.553484487943 
1.746376715454 
1.701570146928 
1.879831706502 
2.002289257775 
1.797257734090 
1.842242297630 
1.787674861030 
1.787108087434 
1.858775199758 
2.076887678956 
1.946360785204 
2.034645237649 
1.982443532048 
2.043211758577 
2.068341072571 
1.912731779390 
1.770897002510 
1.667904033562 
1.747043611096 
1.592901523467 
1.724510480075 
1.728330310351 
1.894176906516 
1.771148783365 
1.616303681007 
1.583041619393 
1.855089623335 
1.622660341292 
1.802498825809 
1.883743355934 
1.843026772783 
1.840580214735 
2.012362911575 
1.971942493064 
1.727692004866 
1.834785317999 
2.090006271990 
2.436033734081 
2.392858207818 
2.054368787846 
1.999129998042 
1.818782017361 
1.694383066037 
1.774007687602 
1.814625102247 
1.847254064326 
1.746121010164 
1.924926109832 
1.859960399220 
1.802954398908 
1.837309766068 
1.839116813550 
1.694891660916 
1.736320133589 
1.392016441490 
1.643673518208 
1.627452862569 
1.986837768542 
2.014417565392 
2.018353557117 
2.007748823505 
1.974251188980 
1.926564334610 
1.848497005613 
1.826927876603 
1.817586874423 
1.864428639855 
1.854349951884 
1.848050122274 
1.840684448367 
1.806610292352 
1.906951501053 
1.778363855236 
1.669694647185 
1.951775338772 
2.039865786041 
1.928225393872 
1.804036489940 
1.479842302263 
1.634427203039 
1.964109593557 
1.841212819397 
1.826012816687 
1.844582322668 
1.727048584173 
1.711245216582 
1.531566174879 
1.693206512272 
1.831069099473 
1.894627742324 
1.976212391275 
2.165070174535 
2.281740049656 
2.101016869996 
1.868268002626 
1.871741325200 
1.566242029990 
1.807226293147 
1.801475298297 
1.658997248394 
1.788310876818 
1.785681728969 
1.863947355270 
1.651959825714 
1.778862015957 
1.811603586590 
1.871899659696 
2.058976807999 
2.029697745073 
1.810914254801 
1.809702269474 
1.837194968573 
1.678585157130 
1.826692153125 
1.694784887223 
1.758712835630 
1.696581695267 
1.761867070573 
1.837071644502 
1.605097100776 
1.720511477427 
1.819310127388 
1.854804597920 
1.711800381338 
1.548769588153 
1.585854494966 
1.541198936982 
1.667438420735 
1.760973828659 
1.867871126119 
1.871032129640 
1.754853586469 
2.010377774778 
1.866466181657 
1.976460462777 
1.914805343163 
1.967258309048 
1.985823674115 
1.984732334901 
1.444453224011 
1.563469496288 
1.639727040428 
1.725557150431 
1.958790047405 
1.887066049691 
1.912494844525 
2.007756037210 
1.900405948247 
1.731403528121 
1.649787596548 
1.719884547276 
1.819647234029 
2.117014999995 
1.933639500710 
1.965358317456 
2.162396962257 
2.599319791299 
2.324584687267 
1.601452690228 
1.940124420218 
1.943151298381 
1.820536816753 
1.859725901736 
1.963118622379 
1.919984175738 
1.795013474040 
1.786572554316 
2.163607897502 
1.882281942114 
2.158147031785 
2.019950563621 
1.942787814624 
2.140815411147 
1.844457220910 
1.735771101786 
1.822353868631 
1.620760236884 
1.748484255949 
1.555144106085 
1.888121506246 
1.807196198404 
1.785680658102 
1.684207510157 
1.580925749165 
1.731265338659 
1.632644034236 
1.701033549669 
1.768874134734 
1.709171255686 
1.527986098916 
1.732221849421 
1.942299260520 
1.970211268923 
2.177263579456 
1.889328682824 
2.004136669788 
1.924882098407 
1.894495095934 
1.865608060214 
2.144580890458 
2.309568149255 
2.196767012515 
2.422011025564 
2.174878712859 
2.196196095750 
2.116289491073 
1.906864439348 
1.934916395028 
1.829708854750 
1.989344760995 
2.236771360754 
1.961581518290 
1.908525391417 
1.849010509993 
1.613742505049 
1.576913186369 
1.788351831912 
1.899925590812 
1.731303487456 
1.782748360900 
1.703023977344 
1.936964714666 
1.893812454005 
1.849803663256 
1.932675131695 
2.057743761837 
1.925514925725 
2.096072111044 
2.305757731405 
2.211858036611 
2.284575021730 
2.147084040771 
1.902606999344 
1.884021063409 
2.022624223540 
1.876835414245 
1.939217084338 
1.868158839980 
1.808740233141 
1.911614405758 
1.818236053779 
1.830912868782 
1.478172634108 
1.578005137243 
1.555611940605 
1.554951532440 
1.691742056664 
1.538251727590 
1.691068489501 
1.637197762745 
1.731344033934 
1.652772845565 
1.769488093553 
1.704479174133 
1.693955361927 
1.974308436419 
1.942785755271 
1.839685720600 
1.858671980820 
1.674535133581 
1.603027895302 
1.517040225728 
1.730465899545 
1.879715122667 
1.902214668512 
1.914343387862 
1.762241560040 
1.810225840910 
1.772003253450 
2.087908902370 
2.118042501371 
1.949724876497 
1.760803305287 
1.739008688921 
2.020921113496 
1.941468403141 
2.004473639534 
1.685834127332 
2.087981470282 
2.076082827442 
1.740016057746 
1.842961856851 
1.891916421417 
1.864172660888 
1.755302889886 
1.882684342952 
1.862747249707 
1.557784943299 
1.723816450445 
1.666749199264 
1.736602798306 
1.666888970027 
1.514745251887 
1.422720735823 
1.528958872488 
1.589462941568 
1.575930469788 
1.665754829312 
1.733527551598 
1.767067490639 
1.774342442265 
1.582209856549 
1.451837067427 
1.731816295979 
1.748890589962 
1.573702358996 
1.560880841252 
1.574863350506 
1.695401779463 
1.792557539403 
1.917849818906 
2.028560958934 
1.653159799977 
1.714164126690 
1.799943274241 
1.705648176002 
2.047110532293 
2.057367703176 
1.954936932016 
1.821509883092 
1.936922985601 
1.765930480449 
1.733964271851 
1.788721110031 
1.717226617569 
1.640183818292 
1.679946765277 
1.820069115710 
1.762264133122 
1.652145731444 
1.560594461915 
1.571019649405 
1.611081359001 
1.628204989874 
1.679461192948 
1.877153876118 
1.835583056830 
1.680462085594 
1.710832901525 
1.648271416857 
1.641368594828 
1.403821247701 
1.491554340715 
1.493225119975 
1.507984596620 
1.810843184963 
1.764901884502 
1.891455969911 
1.738727734319 
1.733848505247 
1.836061366126 
1.760137987760 
1.748655506326 
1.799890320101 
1.928816835648 
1.978023237914 
2.014458305349 
2.010845804686 
1.892986149984 
1.845726090521 
1.782464167144 
1.784310558859 
2.007414800469 
2.134444596008 
1.910593415621 
2.010505838782 
1.857221507340 
2.047617181504 
2.116674522417 
2.205865230568 
2.185743758772 
2.184732918585 
2.070244087002 
1.971674110279 
1.939017708809 
1.894997325854 
1.944928175632 
1.799326097401 
1.749752726325 
1.662099776447 
1.842521850051 
1.680997808244 
1.824735935950 
1.809495096743 
1.782770418666 
1.807165993366 
1.864109906056 
1.938386452708 
1.990150842753 
2.046682445721 
2.067146448242 
2.183269198024 
2.162729855369 
1.971944849641 
2.000174677516 
2.255084324388 
1.860842223973 
1.673399561684 
1.987603045501 
1.981559471430 
1.895154411366 
1.797167051719 
