
:::---::: PyORBIT v11.0.1 :::---:::

Python version in use:
3.10.18 (main, Jun  5 2025, 13:14:17) [GCC 11.2.0]

reloaded_optimize:  False
reloaded_pyde:  False
reloaded_emcee:  False

number of multiprocessing threads: 16
multiprocessing method (should be fork):  fork

parameters/safe_reload flag (must be True for tinygp):  False

Opening:  RVdata
Opening:  BISdata
Opening:  FWHMdata
Opening:  CaIIdata
Opening:  Halphadata

Adding common model of planet:  b
Adding common model of planet:  c
Using orbital model:  keplerian
Using orbital parametrization:  Eastman2013

Using orbital model:  keplerian
Using orbital parametrization:  Eastman2013

gp_multidimensional  S+LEAF model, number of harmonics: 4

GP model: gp_multidimensional  hyperparameters_condition:    True
GP model: gp_multidimensional  rotation_decay_condition:     True

====================================================================================================
     Ids, spaces (s), boundaries (b) and priors (p) of the sampler parameters     
====================================================================================================

----- dataset:  RVdata
jitter_0      id:  13  s:Linear      b:[      0.0009,      12.3000]   p:Uniform   []
offset_0      id:  14  s:Linear      b:[  -9995.9050,   10014.9920]   p:Uniform   []
offset_1      id:  15  s:Linear      b:[  -9995.9050,   10014.9920]   p:Uniform   []
offset_2      id:  16  s:Linear      b:[  -9995.9050,   10014.9920]   p:Uniform   []
offset_3      id:  17  s:Linear      b:[  -9995.9050,   10014.9920]   p:Uniform   []

----- dataset: RVdata                    ----- model: gp_multidimensional           
rot_amp       id:  18  s:Linear      b:[      0.0000,      10.0000]   p:Uniform   []
con_amp       id:  19  s:Linear      b:[    -20.0000,      20.0000]   p:Uniform   []

----- dataset:  BISdata
jitter_0      id:  20  s:Linear      b:[      0.0095,      95.0000]   p:Uniform   []
offset_0      id:  21  s:Linear      b:[ -10080.0833,    9959.1833]   p:Uniform   []
offset_1      id:  22  s:Linear      b:[ -10080.0833,    9959.1833]   p:Uniform   []
offset_2      id:  23  s:Linear      b:[ -10080.0833,    9959.1833]   p:Uniform   []
offset_3      id:  24  s:Linear      b:[ -10080.0833,    9959.1833]   p:Uniform   []

----- dataset: BISdata                   ----- model: gp_multidimensional           
rot_amp       id:  25  s:Linear      b:[    -10.0000,      10.0000]   p:Uniform   []
con_amp       id:  26  s:Linear      b:[    -20.0000,      20.0000]   p:Uniform   []

----- dataset:  FWHMdata
jitter_0      id:  27  s:Linear      b:[      0.0500,     500.0000]   p:Uniform   []
offset_0      id:  28  s:Linear      b:[  -3319.7228,   16948.8965]   p:Uniform   []
offset_1      id:  29  s:Linear      b:[  -3319.7228,   16948.8965]   p:Uniform   []
offset_2      id:  30  s:Linear      b:[  -3319.7228,   16948.8965]   p:Uniform   []
offset_3      id:  31  s:Linear      b:[  -3319.7228,   16948.8965]   p:Uniform   []

----- dataset: FWHMdata                  ----- model: gp_multidimensional           
rot_amp       id:  32  s:Linear      b:[    -10.0000,      10.0000]   p:Uniform   []
con_amp       id:  33  s:Linear      b:[    -20.0000,      20.0000]   p:Uniform   []

----- dataset:  CaIIdata
jitter_0      id:  34  s:Linear      b:[      0.0000,       0.3000]   p:Uniform   []
offset_0      id:  35  s:Linear      b:[  -9999.9090,   10000.1096]   p:Uniform   []
offset_1      id:  36  s:Linear      b:[  -9999.9090,   10000.1096]   p:Uniform   []
offset_2      id:  37  s:Linear      b:[  -9999.9090,   10000.1096]   p:Uniform   []
offset_3      id:  38  s:Linear      b:[  -9999.9090,   10000.1096]   p:Uniform   []

----- dataset: CaIIdata                  ----- model: gp_multidimensional           
rot_amp       id:  39  s:Linear      b:[    -10.0000,      10.0000]   p:Uniform   []
con_amp       id:  40  s:Linear      b:[    -20.0000,      20.0000]   p:Uniform   []

----- dataset:  Halphadata
jitter_0      id:  41  s:Linear      b:[      0.0000,       0.1000]   p:Uniform   []
offset_0      id:  42  s:Linear      b:[  -9999.8297,   10000.1797]   p:Uniform   []
offset_1      id:  43  s:Linear      b:[  -9999.8297,   10000.1797]   p:Uniform   []
offset_2      id:  44  s:Linear      b:[  -9999.8297,   10000.1797]   p:Uniform   []
offset_3      id:  45  s:Linear      b:[  -9999.8297,   10000.1797]   p:Uniform   []

----- dataset: Halphadata                ----- model: gp_multidimensional           
rot_amp       id:  46  s:Linear      b:[    -10.0000,      10.0000]   p:Uniform   []
con_amp       id:  47  s:Linear      b:[    -20.0000,      20.0000]   p:Uniform   []

----- common model:  b
P             id:   0  s:Log_Base2   b:[      0.3785,       6.6439]   p:Uniform   []
K             id:   1  s:Log_Base2   b:[     -9.9658,       3.3219]   p:Uniform   []
sre_coso      id:   2  s:Linear      b:[     -1.0000,       1.0000]   p:Uniform   []
sre_sino      id:   3  s:Linear      b:[     -1.0000,       1.0000]   p:Uniform   []
mean_long     id:   4  s:Linear      b:[      0.0000,     360.0000]   p:Uniform   []
e             derived (no id, space, bound)                           p:Gaussian   [0.    0.098]
omega         derived (no id, space, bound)                           p:Uniform   [0.0, 360.0]

----- common model:  c
P             id:   5  s:Log_Base2   b:[      0.3785,       6.6439]   p:Uniform   []
K             id:   6  s:Log_Base2   b:[     -9.9658,       3.3219]   p:Uniform   []
sre_coso      id:   7  s:Linear      b:[     -1.0000,       1.0000]   p:Uniform   []
sre_sino      id:   8  s:Linear      b:[     -1.0000,       1.0000]   p:Uniform   []
mean_long     id:   9  s:Linear      b:[      0.0000,     360.0000]   p:Uniform   []
e             derived (no id, space, bound)                           p:Gaussian   [0.    0.098]
omega         derived (no id, space, bound)                           p:Uniform   [0.0, 360.0]

----- common model:  activity
Prot          id:  10  s:Linear      b:[     20.0000,      35.0000]   p:Gaussian   [28.   0.5]
Pdec          id:  11  s:Linear      b:[     30.0000,    1000.0000]   p:Uniform   []
Oamp          id:  12  s:Log_Base2   b:[     -6.6439,       0.0000]   p:Gaussian   [0.35  0.035]

----- common model:  star_parameters
mass          derived (no id, space, bound)                           p:Gaussian   [1.e+00 1.e-06]
radius        derived (no id, space, bound)                           p:Gaussian   [1.e+00 1.e-06]
density       derived (no id, space, bound)                           p:Gaussian   [1.e+00 1.e-06]

Include priors:  True

Reference Time Tref:  59334.700184

Dimensions =  48
Nwalkers =  192

Using threading pool for PyDE: True
PyDE running
Boundaries redefined after PyDE output
PyDE completed, it took        349.6 seconds

====================================================================================================
     Starting point of the sample/optimization routines    
====================================================================================================

----- dataset:  RVdata
jitter_0        13      1.154129 [    0.0009,    12.3000]
offset_0        14      8.499620 [-9995.9050, 10014.9920]
offset_1        15     10.212748 [-9995.9050, 10014.9920]
offset_2        16      9.491715 [-9995.9050, 10014.9920]
offset_3        17      9.355958 [-9995.9050, 10014.9920]

----- dataset: RVdata                    ----- model: gp_multidimensional           
rot_amp         18      8.160338 [    0.0000,    10.0000]
con_amp         19      0.264836 [  -20.0000,    20.0000]

----- dataset:  BISdata
jitter_0        20      1.933167 [    0.0095,    95.0000]
offset_0        21    -73.788113 [-10080.0833,  9959.1833]
offset_1        22    -45.301247 [-10080.0833,  9959.1833]
offset_2        23    -52.545691 [-10080.0833,  9959.1833]
offset_3        24    -60.321981 [-10080.0833,  9959.1833]

----- dataset: BISdata                   ----- model: gp_multidimensional           
rot_amp         25      0.177154 [  -10.0000,    10.0000]
con_amp         26     -0.404951 [  -20.0000,    20.0000]

----- dataset:  FWHMdata
jitter_0        27      0.052737 [    0.0500,   500.0000]
offset_0        28   6692.304215 [-3319.7228, 16948.8965]
offset_1        29   6938.162085 [-3319.7228, 16948.8965]
offset_2        30   6856.133880 [-3319.7228, 16948.8965]
offset_3        31   6896.428690 [-3319.7228, 16948.8965]

----- dataset: FWHMdata                  ----- model: gp_multidimensional           
rot_amp         32      2.700079 [  -10.0000,    10.0000]
con_amp         33      4.465089 [  -20.0000,    20.0000]

----- dataset:  CaIIdata
jitter_0        34      0.000031 [    0.0000,     0.3000]
offset_0        35      0.100389 [-9999.9090, 10000.1096]
offset_1        36      0.104315 [-9999.9090, 10000.1096]
offset_2        37      0.104969 [-9999.9090, 10000.1096]
offset_3        38      0.099527 [-9999.9090, 10000.1096]

----- dataset: CaIIdata                  ----- model: gp_multidimensional           
rot_amp         39     -0.000121 [  -10.0000,    10.0000]
con_amp         40     -0.000198 [  -20.0000,    20.0000]

----- dataset:  Halphadata
jitter_0        41      0.000011 [    0.0000,     0.1000]
offset_0        42      0.172073 [-9999.8297, 10000.1797]
offset_1        43      0.174062 [-9999.8297, 10000.1797]
offset_2        44      0.175130 [-9999.8297, 10000.1797]
offset_3        45      0.171150 [-9999.8297, 10000.1797]

----- dataset: Halphadata                ----- model: gp_multidimensional           
rot_amp         46      0.000378 [  -10.0000,    10.0000]
con_amp         47     -0.000066 [  -20.0000,    20.0000]

----- common model:  b
P                0      0.956237 [    0.3785,     6.6439]
K                1     -0.322123 [   -9.9658,     3.3219]
sre_coso         2      0.339425 [   -1.0000,     1.0000]
sre_sino         3     -0.138213 [   -1.0000,     1.0000]
mean_long        4    124.378359 [  -55.6216,   304.3784]

----- common model:  c
P                5      2.243472 [    0.3785,     6.6439]
K                6     -0.277080 [   -9.9658,     3.3219]
sre_coso         7      0.295094 [   -1.0000,     1.0000]
sre_sino         8      0.201235 [   -1.0000,     1.0000]
mean_long        9    316.315932 [  136.3159,   496.3159]

----- common model:  activity
Prot            10     28.004317 [   20.0000,    35.0000]
Pdec            11     30.002704 [   30.0000,  1000.0000]
Oamp            12     -1.361445 [   -6.6439,     0.0000]

----- common model:  star_parameters

====================================================================================================
     Starting point projected onto the model parameter space     
====================================================================================================

----- dataset:  RVdata
jitter_0              1.154129 
offset_0              8.499620 
offset_1             10.212748 
offset_2              9.491715 
offset_3              9.355958 


----- dataset: RVdata                    ----- model: gp_multidimensional           
rot_amp               8.160338 
con_amp               0.264836 

----- dataset:  BISdata
jitter_0              1.933167 
offset_0            -73.788113 
offset_1            -45.301247 
offset_2            -52.545691 
offset_3            -60.321981 


----- dataset: BISdata                   ----- model: gp_multidimensional           
rot_amp               0.177154 
con_amp              -0.404951 

----- dataset:  FWHMdata
jitter_0              0.052737 
offset_0           6692.304215 
offset_1           6938.162085 
offset_2           6856.133880 
offset_3           6896.428690 


----- dataset: FWHMdata                  ----- model: gp_multidimensional           
rot_amp               2.700079 
con_amp               4.465089 

----- dataset:  CaIIdata
jitter_0              0.000031 
offset_0              0.100389 
offset_1              0.104315 
offset_2              0.104969 
offset_3              0.099527 


----- dataset: CaIIdata                  ----- model: gp_multidimensional           
rot_amp              -0.000121 
con_amp              -0.000198 

----- dataset:  Halphadata
jitter_0              0.000011 
offset_0              0.172073 
offset_1              0.174062 
offset_2              0.175130 
offset_3              0.171150 


----- dataset: Halphadata                ----- model: gp_multidimensional           
rot_amp               0.000378 
con_amp              -0.000066 

----- common model:  b
P                     1.940242 
K                     0.799892 
mean_long           124.378359 
e                     0.134312 
omega               -22.156013 

----- common model:  c
P                     4.735354 
K                     0.825259 
mean_long           316.315932 
e                     0.127576 
omega                34.291503 

----- common model:  activity
Prot                 28.004317 
Pdec                 30.002704 
Oamp                  0.389192 

----- common model:  star_parameters

====================================================================================================
     Derived parameters obtained from starting point     
====================================================================================================

----- common model:  b
Inclination fixed to 90 deg!
a_Rs                  6.543636 
M_Mj                  0.004863 
M_Me                  1.546014 
Tc                59336.375505 
a_AU_(M)              0.030444 
a_AU_(rho,R)          0.030444 

----- common model:  c
Inclination fixed to 90 deg!
a_Rs                 11.861823 
M_Mj                  0.006762 
M_Me                  2.149458 
Tc                59336.308212 
a_AU_(M)              0.055187 
a_AU_(rho,R)          0.055187 


====================================================================================================
     Statistics on the log-likelihood     
====================================================================================================

 LN probability:   753.737143 

====================================================================================================
     ------------------------------------------------------------------------------------------     
====================================================================================================



*************************************************************

Running emcee

emcee version:  3.1.6
Using threading pool for emcee: True

Saving temporary steps


Computing the autocorrelation time of the chains

***** WARNING ******
The integrated autocorrelation time cannot be reliably estimated
likely the chains are too short, and ACF analysis is not fully reliable
emcee.autocorr.integrated_time tolerance lowered to 20
If you still get a warning, you should drop these results entirely
Chains too short to apply convergence criteria
They should be at least 500*nthin = 75000

====================================================================================================
     Statistics on the posterior of the sampler parameters     
====================================================================================================

----- dataset:  RVdata
jitter_0        13         1.208       -0.055        0.060   (15-84 p)   [    0.0009,    12.3000]
offset_0        14          8.50        -0.23         0.21   (15-84 p)   [-9995.9050, 10014.9920]
offset_1        15         10.26        -0.37         0.33   (15-84 p)   [-9995.9050, 10014.9920]
offset_2        16          9.49        -0.25         0.23   (15-84 p)   [-9995.9050, 10014.9920]
offset_3        17          9.39        -0.24         0.22   (15-84 p)   [-9995.9050, 10014.9920]

----- dataset: RVdata                    ----- model: gp_multidimensional           
rot_amp         18          9.03         -1.1         0.69   (15-84 p)   [    0.0000,    10.0000]
con_amp         19          0.31        -0.17         0.19   (15-84 p)   [  -20.0000,    20.0000]

----- dataset:  BISdata
jitter_0        20          1.97        -0.10         0.11   (15-84 p)   [    0.0095,    95.0000]
offset_0        21        -73.77        -0.30         0.35   (15-84 p)   [-10080.0833,  9959.1833]
offset_1        22        -45.31        -0.51         0.54   (15-84 p)   [-10080.0833,  9959.1833]
offset_2        23        -52.52        -0.34         0.38   (15-84 p)   [-10080.0833,  9959.1833]
offset_3        24        -60.30        -0.32         0.36   (15-84 p)   [-10080.0833,  9959.1833]

----- dataset: BISdata                   ----- model: gp_multidimensional           
rot_amp         25           0.3         -1.1          1.2   (15-84 p)   [  -10.0000,    10.0000]
con_amp         26         -0.49        -0.24         0.21   (15-84 p)   [  -20.0000,    20.0000]

----- dataset:  FWHMdata
jitter_0        27          0.31        -0.18         0.29   (15-84 p)   [    0.0500,   500.0000]
offset_0        28        6691.8         -2.5          2.4   (15-84 p)   [-3319.7228, 16948.8965]
offset_1        29        6937.7         -2.6          2.6   (15-84 p)   [-3319.7228, 16948.8965]
offset_2        30        6855.7         -2.5          2.4   (15-84 p)   [-3319.7228, 16948.8965]
offset_3        31        6895.9         -2.4          2.4   (15-84 p)   [-3319.7228, 16948.8965]

----- dataset: FWHMdata                  ----- model: gp_multidimensional           
rot_amp         32           3.1         -2.9          3.0   (15-84 p)   [  -10.0000,    10.0000]
con_amp         33          5.52        -0.87          1.0   (15-84 p)   [  -20.0000,    20.0000]

----- dataset:  CaIIdata
jitter_0        34       0.00021     -0.00013      0.00021   (15-84 p)   [    0.0000,     0.3000]
offset_0        35       0.10041     -0.00033      0.00035   (15-84 p)   [-9999.9090, 10000.1096]
offset_1        36       0.10426     -0.00066      0.00070   (15-84 p)   [-9999.9090, 10000.1096]
offset_2        37       0.10495     -0.00038      0.00041   (15-84 p)   [-9999.9090, 10000.1096]
offset_3        38       0.09953     -0.00036      0.00038   (15-84 p)   [-9999.9090, 10000.1096]

----- dataset: CaIIdata                  ----- model: gp_multidimensional           
rot_amp         39       -0.0002      -0.0015       0.0015   (15-84 p)   [  -10.0000,    10.0000]
con_amp         40      -0.00023     -0.00027      0.00027   (15-84 p)   [  -20.0000,    20.0000]

----- dataset:  Halphadata
jitter_0        41      0.000072    -0.000043     0.000070   (15-84 p)   [    0.0000,     0.1000]
offset_0        42       0.17208     -0.00011      0.00012   (15-84 p)   [-9999.8297, 10000.1797]
offset_1        43       0.17406     -0.00022      0.00023   (15-84 p)   [-9999.8297, 10000.1797]
offset_2        44       0.17514     -0.00013      0.00014   (15-84 p)   [-9999.8297, 10000.1797]
offset_3        45       0.17115     -0.00012      0.00013   (15-84 p)   [-9999.8297, 10000.1797]

----- dataset: Halphadata                ----- model: gp_multidimensional           
rot_amp         46       0.00040     -0.00047      0.00052   (15-84 p)   [  -10.0000,    10.0000]
con_amp         47     -0.000079    -0.000093     0.000091   (15-84 p)   [  -20.0000,    20.0000]

----- common model:  b
P                0        0.9571      -0.0042       0.0050   (15-84 p)   [    0.3785,     6.6439]
K                1         -0.44        -0.31         0.26   (15-84 p)   [   -9.9658,     3.3219]
sre_coso         2          0.14        -0.24         0.19   (15-84 p)   [   -1.0000,     1.0000]
sre_sino         3         -0.10        -0.21         0.24   (15-84 p)   [   -1.0000,     1.0000]
mean_long        4           121          -21           22   (15-84 p)   [  -55.6216,   304.3784]

----- common model:  c
P                5        2.2421      -0.0091       0.0094   (15-84 p)   [    0.3785,     6.6439]
K                6         -0.44        -0.34         0.27   (15-84 p)   [   -9.9658,     3.3219]
sre_coso         7          0.19        -0.24         0.17   (15-84 p)   [   -1.0000,     1.0000]
sre_sino         8          0.08        -0.21         0.20   (15-84 p)   [   -1.0000,     1.0000]
mean_long        9           308          -30           32   (15-84 p)   [  136.3159,   496.3159]

----- common model:  activity
Prot            10         28.03        -0.46         0.44   (15-84 p)   [   20.0000,    35.0000]
Pdec            11         31.31        -0.96          2.7   (15-84 p)   [   30.0000,  1000.0000]
Oamp            12         -1.35        -0.12         0.11   (15-84 p)   [   -6.6439,     0.0000]

----- common model:  star_parameters

====================================================================================================
     Statistics on the model parameters obtained from the posteriors samples     
====================================================================================================

----- dataset:  RVdata
jitter_0                 1.208       -0.055        0.060    (15-84 p)
offset_0                  8.50        -0.23         0.21    (15-84 p)
offset_1                 10.26        -0.37         0.33    (15-84 p)
offset_2                  9.49        -0.25         0.23    (15-84 p)
offset_3                  9.39        -0.24         0.22    (15-84 p)


----- dataset: RVdata                    ----- model: gp_multidimensional           
rot_amp                   9.03         -1.1         0.69    (15-84 p)
con_amp                   0.31        -0.17         0.19    (15-84 p)

----- dataset:  BISdata
jitter_0                  1.97        -0.10         0.11    (15-84 p)
offset_0                -73.77        -0.30         0.35    (15-84 p)
offset_1                -45.31        -0.51         0.54    (15-84 p)
offset_2                -52.52        -0.34         0.38    (15-84 p)
offset_3                -60.30        -0.32         0.36    (15-84 p)


----- dataset: BISdata                   ----- model: gp_multidimensional           
rot_amp                    0.3         -1.1          1.2    (15-84 p)
con_amp                  -0.49        -0.24         0.21    (15-84 p)

----- dataset:  FWHMdata
jitter_0                  0.31        -0.18         0.29    (15-84 p)
offset_0                6691.8         -2.5          2.4    (15-84 p)
offset_1                6937.7         -2.6          2.6    (15-84 p)
offset_2                6855.7         -2.5          2.4    (15-84 p)
offset_3                6895.9         -2.4          2.4    (15-84 p)


----- dataset: FWHMdata                  ----- model: gp_multidimensional           
rot_amp                    3.1         -2.9          3.0    (15-84 p)
con_amp                   5.52        -0.87          1.0    (15-84 p)

----- dataset:  CaIIdata
jitter_0               0.00021     -0.00013      0.00021    (15-84 p)
offset_0               0.10041     -0.00033      0.00035    (15-84 p)
offset_1               0.10426     -0.00066      0.00070    (15-84 p)
offset_2               0.10495     -0.00038      0.00041    (15-84 p)
offset_3               0.09953     -0.00036      0.00038    (15-84 p)


----- dataset: CaIIdata                  ----- model: gp_multidimensional           
rot_amp                -0.0002      -0.0015       0.0015    (15-84 p)
con_amp               -0.00023     -0.00027      0.00027    (15-84 p)

----- dataset:  Halphadata
jitter_0              0.000072    -0.000043     0.000070    (15-84 p)
offset_0               0.17208     -0.00011      0.00012    (15-84 p)
offset_1               0.17406     -0.00022      0.00023    (15-84 p)
offset_2               0.17514     -0.00013      0.00014    (15-84 p)
offset_3               0.17115     -0.00012      0.00013    (15-84 p)


----- dataset: Halphadata                ----- model: gp_multidimensional           
rot_amp                0.00040     -0.00047      0.00052    (15-84 p)
con_amp              -0.000079    -0.000093     0.000091    (15-84 p)

----- common model:  b
P                       1.9414      -0.0057       0.0068    (15-84 p)
K                         0.74        -0.14         0.15    (15-84 p)
mean_long                  121          -21           22    (15-84 p)
e                        0.098       -0.068        0.087    (15-84 p)
omega                      -32          -68           81    (15-84 p)

----- common model:  c
P                        4.731       -0.030        0.031    (15-84 p)
K                         0.73        -0.15         0.15    (15-84 p)
mean_long                  308          -30           32    (15-84 p)
e                        0.095       -0.067        0.089    (15-84 p)
omega                       19          -66           60    (15-84 p)

----- common model:  activity
Prot                     28.03        -0.46         0.44    (15-84 p)
Pdec                     31.31        -0.96          2.7    (15-84 p)
Oamp                     0.392       -0.031        0.030    (15-84 p)

----- common model:  star_parameters

====================================================================================================
     Statistics on the derived parameters obtained from the posteriors samples     
====================================================================================================

----- common model:  b
Inclination fixed to 90 deg!
Computing planetary mass under the approximation M_planet << M_star (threshold at 30.0 Me)
a_Rs                     6.546       -0.013        0.015    (15-84 p)
M_Mj                   0.00448     -0.00086      0.00087    (15-84 p)
M_Me                      1.43        -0.27         0.28    (15-84 p)
Tc                    59336.43        -0.13         0.11    (15-84 p)
a_AU_(M)              0.030456    -0.000060     0.000071    (15-84 p)
a_AU_(rho,R)          0.030456    -0.000060     0.000071    (15-84 p)

----- common model:  c
Inclination fixed to 90 deg!
Computing planetary mass under the approximation M_planet << M_star (threshold at 30.0 Me)
a_Rs                    11.854       -0.050        0.052    (15-84 p)
M_Mj                    0.0060      -0.0013       0.0012    (15-84 p)
M_Me                      1.91        -0.40         0.39    (15-84 p)
Tc                    59336.46        -0.45         0.42    (15-84 p)
a_AU_(M)               0.05515     -0.00023      0.00024    (15-84 p)
a_AU_(rho,R)           0.05515     -0.00023      0.00024    (15-84 p)


====================================================================================================
     ------------------------------------------------------------------------------------------     
====================================================================================================



15000.0   steps completed, average lnprob:,  728.2101892773128


Computing the autocorrelation time of the chains

***** WARNING ******
The integrated autocorrelation time cannot be reliably estimated
likely the chains are too short, and ACF analysis is not fully reliable
emcee.autocorr.integrated_time tolerance lowered to 20
If you still get a warning, you should drop these results entirely
Chains too short to apply convergence criteria
They should be at least 800*nthin = 120000

====================================================================================================
     Statistics on the posterior of the sampler parameters     
====================================================================================================

----- dataset:  RVdata
jitter_0        13         1.206       -0.056        0.060   (15-84 p)   [    0.0009,    12.3000]
offset_0        14          8.51        -0.23         0.20   (15-84 p)   [-9995.9050, 10014.9920]
offset_1        15         10.28        -0.35         0.33   (15-84 p)   [-9995.9050, 10014.9920]
offset_2        16          9.49        -0.25         0.22   (15-84 p)   [-9995.9050, 10014.9920]
offset_3        17          9.40        -0.24         0.21   (15-84 p)   [-9995.9050, 10014.9920]

----- dataset: RVdata                    ----- model: gp_multidimensional           
rot_amp         18          9.10         -1.0         0.65   (15-84 p)   [    0.0000,    10.0000]
con_amp         19          0.30        -0.17         0.19   (15-84 p)   [  -20.0000,    20.0000]

----- dataset:  BISdata
jitter_0        20          1.96        -0.10         0.11   (15-84 p)   [    0.0095,    95.0000]
offset_0        21        -73.75        -0.31         0.33   (15-84 p)   [-10080.0833,  9959.1833]
offset_1        22        -45.30        -0.53         0.55   (15-84 p)   [-10080.0833,  9959.1833]
offset_2        23        -52.51        -0.35         0.38   (15-84 p)   [-10080.0833,  9959.1833]
offset_3        24        -60.29        -0.32         0.36   (15-84 p)   [-10080.0833,  9959.1833]

----- dataset: BISdata                   ----- model: gp_multidimensional           
rot_amp         25           0.3         -1.2          1.2   (15-84 p)   [  -10.0000,    10.0000]
con_amp         26         -0.49        -0.24         0.21   (15-84 p)   [  -20.0000,    20.0000]

----- dataset:  FWHMdata
jitter_0        27          0.30        -0.17         0.27   (15-84 p)   [    0.0500,   500.0000]
offset_0        28        6691.7         -2.6          2.5   (15-84 p)   [-3319.7228, 16948.8965]
offset_1        29        6937.7         -2.7          2.8   (15-84 p)   [-3319.7228, 16948.8965]
offset_2        30        6855.6         -2.6          2.6   (15-84 p)   [-3319.7228, 16948.8965]
offset_3        31        6895.9         -2.6          2.5   (15-84 p)   [-3319.7228, 16948.8965]

----- dataset: FWHMdata                  ----- model: gp_multidimensional           
rot_amp         32           3.3         -2.9          2.8   (15-84 p)   [  -10.0000,    10.0000]
con_amp         33          5.64        -0.88          1.1   (15-84 p)   [  -20.0000,    20.0000]

----- dataset:  CaIIdata
jitter_0        34       0.00022     -0.00013      0.00021   (15-84 p)   [    0.0000,     0.3000]
offset_0        35       0.10042     -0.00034      0.00034   (15-84 p)   [-9999.9090, 10000.1096]
offset_1        36       0.10431     -0.00066      0.00067   (15-84 p)   [-9999.9090, 10000.1096]
offset_2        37       0.10500     -0.00040      0.00041   (15-84 p)   [-9999.9090, 10000.1096]
offset_3        38       0.09953     -0.00037      0.00039   (15-84 p)   [-9999.9090, 10000.1096]

----- dataset: CaIIdata                  ----- model: gp_multidimensional           
rot_amp         39       -0.0001      -0.0015       0.0015   (15-84 p)   [  -10.0000,    10.0000]
con_amp         40      -0.00024     -0.00028      0.00027   (15-84 p)   [  -20.0000,    20.0000]

----- dataset:  Halphadata
jitter_0        41      0.000075    -0.000046     0.000072   (15-84 p)   [    0.0000,     0.1000]
offset_0        42       0.17208     -0.00011      0.00012   (15-84 p)   [-9999.8297, 10000.1797]
offset_1        43       0.17407     -0.00022      0.00023   (15-84 p)   [-9999.8297, 10000.1797]
offset_2        44       0.17514     -0.00013      0.00014   (15-84 p)   [-9999.8297, 10000.1797]
offset_3        45       0.17116     -0.00012      0.00012   (15-84 p)   [-9999.8297, 10000.1797]

----- dataset: Halphadata                ----- model: gp_multidimensional           
rot_amp         46       0.00040     -0.00050      0.00053   (15-84 p)   [  -10.0000,    10.0000]
con_amp         47     -0.000082    -0.000090     0.000087   (15-84 p)   [  -20.0000,    20.0000]

----- common model:  b
P                0        0.9575      -0.0043       0.0050   (15-84 p)   [    0.3785,     6.6439]
K                1         -0.47        -0.31         0.26   (15-84 p)   [   -9.9658,     3.3219]
sre_coso         2          0.13        -0.23         0.20   (15-84 p)   [   -1.0000,     1.0000]
sre_sino         3         -0.10        -0.21         0.24   (15-84 p)   [   -1.0000,     1.0000]
mean_long        4           122          -21           21   (15-84 p)   [  -55.6216,   304.3784]

----- common model:  c
P                5        2.2417      -0.0089       0.0096   (15-84 p)   [    0.3785,     6.6439]
K                6         -0.44        -0.33         0.26   (15-84 p)   [   -9.9658,     3.3219]
sre_coso         7          0.19        -0.24         0.18   (15-84 p)   [   -1.0000,     1.0000]
sre_sino         8          0.08        -0.22         0.19   (15-84 p)   [   -1.0000,     1.0000]
mean_long        9           306          -30           32   (15-84 p)   [  136.3159,   496.3159]

----- common model:  activity
Prot            10         28.07        -0.42         0.42   (15-84 p)   [   20.0000,    35.0000]
Pdec            11          33.0         -2.2          4.0   (15-84 p)   [   30.0000,  1000.0000]
Oamp            12         -1.35        -0.12         0.11   (15-84 p)   [   -6.6439,     0.0000]

----- common model:  star_parameters

====================================================================================================
     Statistics on the model parameters obtained from the posteriors samples     
====================================================================================================

----- dataset:  RVdata
jitter_0                 1.206       -0.056        0.060    (15-84 p)
offset_0                  8.51        -0.23         0.20    (15-84 p)
offset_1                 10.28        -0.35         0.33    (15-84 p)
offset_2                  9.49        -0.25         0.22    (15-84 p)
offset_3                  9.40        -0.24         0.21    (15-84 p)


----- dataset: RVdata                    ----- model: gp_multidimensional           
rot_amp                   9.10         -1.0         0.65    (15-84 p)
con_amp                   0.30        -0.17         0.19    (15-84 p)

----- dataset:  BISdata
jitter_0                  1.96        -0.10         0.11    (15-84 p)
offset_0                -73.75        -0.31         0.33    (15-84 p)
offset_1                -45.30        -0.53         0.55    (15-84 p)
offset_2                -52.51        -0.35         0.38    (15-84 p)
offset_3                -60.29        -0.32         0.36    (15-84 p)


----- dataset: BISdata                   ----- model: gp_multidimensional           
rot_amp                    0.3         -1.2          1.2    (15-84 p)
con_amp                  -0.49        -0.24         0.21    (15-84 p)

----- dataset:  FWHMdata
jitter_0                  0.30        -0.17         0.27    (15-84 p)
offset_0                6691.7         -2.6          2.5    (15-84 p)
offset_1                6937.7         -2.7          2.8    (15-84 p)
offset_2                6855.6         -2.6          2.6    (15-84 p)
offset_3                6895.9         -2.6          2.5    (15-84 p)


----- dataset: FWHMdata                  ----- model: gp_multidimensional           
rot_amp                    3.3         -2.9          2.8    (15-84 p)
con_amp                   5.64        -0.88          1.1    (15-84 p)

----- dataset:  CaIIdata
jitter_0               0.00022     -0.00013      0.00021    (15-84 p)
offset_0               0.10042     -0.00034      0.00034    (15-84 p)
offset_1               0.10431     -0.00066      0.00067    (15-84 p)
offset_2               0.10500     -0.00040      0.00041    (15-84 p)
offset_3               0.09953     -0.00037      0.00039    (15-84 p)


----- dataset: CaIIdata                  ----- model: gp_multidimensional           
rot_amp                -0.0001      -0.0015       0.0015    (15-84 p)
con_amp               -0.00024     -0.00028      0.00027    (15-84 p)

----- dataset:  Halphadata
jitter_0              0.000075    -0.000046     0.000072    (15-84 p)
offset_0               0.17208     -0.00011      0.00012    (15-84 p)
offset_1               0.17407     -0.00022      0.00023    (15-84 p)
offset_2               0.17514     -0.00013      0.00014    (15-84 p)
offset_3               0.17116     -0.00012      0.00012    (15-84 p)


----- dataset: Halphadata                ----- model: gp_multidimensional           
rot_amp                0.00040     -0.00050      0.00053    (15-84 p)
con_amp              -0.000082    -0.000090     0.000087    (15-84 p)

----- common model:  b
P                       1.9419      -0.0058       0.0067    (15-84 p)
K                         0.72        -0.14         0.14    (15-84 p)
mean_long                  122          -21           21    (15-84 p)
e                        0.095       -0.067        0.091    (15-84 p)
omega                      -31          -64           93    (15-84 p)

----- common model:  c
P                        4.730       -0.029        0.032    (15-84 p)
K                         0.74        -0.15         0.15    (15-84 p)
mean_long                  306          -30           32    (15-84 p)
e                        0.095       -0.066        0.089    (15-84 p)
omega                       21          -67           64    (15-84 p)

----- common model:  activity
Prot                     28.07        -0.42         0.42    (15-84 p)
Pdec                      33.0         -2.2          4.0    (15-84 p)
Oamp                     0.393       -0.031        0.030    (15-84 p)

----- common model:  star_parameters

====================================================================================================
     Statistics on the derived parameters obtained from the posteriors samples     
====================================================================================================

----- common model:  b
Inclination fixed to 90 deg!
Computing planetary mass under the approximation M_planet << M_star (threshold at 30.0 Me)
a_Rs                     6.547       -0.013        0.015    (15-84 p)
M_Mj                   0.00438     -0.00083      0.00086    (15-84 p)
M_Me                      1.39        -0.26         0.27    (15-84 p)
Tc                    59336.42        -0.13         0.11    (15-84 p)
a_AU_(M)              0.030462    -0.000061     0.000070    (15-84 p)
a_AU_(rho,R)          0.030462    -0.000061     0.000070    (15-84 p)

----- common model:  c
Inclination fixed to 90 deg!
Computing planetary mass under the approximation M_planet << M_star (threshold at 30.0 Me)
a_Rs                    11.852       -0.049        0.053    (15-84 p)
M_Mj                    0.0061      -0.0012       0.0012    (15-84 p)
M_Me                      1.92        -0.39         0.38    (15-84 p)
Tc                    59336.49        -0.43         0.41    (15-84 p)
a_AU_(M)               0.05514     -0.00023      0.00024    (15-84 p)
a_AU_(rho,R)           0.05514     -0.00023      0.00024    (15-84 p)


====================================================================================================
     ------------------------------------------------------------------------------------------     
====================================================================================================



30000.0   steps completed, average lnprob:,  728.4101119835627


Computing the autocorrelation time of the chains

***** WARNING ******
The integrated autocorrelation time cannot be reliably estimated
likely the chains are too short, and ACF analysis is not fully reliable
emcee.autocorr.integrated_time tolerance lowered to 20
If you still get a warning, you should drop these results entirely
Chains too short to apply convergence criteria
They should be at least 800*nthin = 120000

====================================================================================================
     Statistics on the posterior of the sampler parameters     
====================================================================================================

----- dataset:  RVdata
jitter_0        13         1.207       -0.056        0.060   (15-84 p)   [    0.0009,    12.3000]
offset_0        14          8.51        -0.23         0.20   (15-84 p)   [-9995.9050, 10014.9920]
offset_1        15         10.27        -0.35         0.33   (15-84 p)   [-9995.9050, 10014.9920]
offset_2        16          9.49        -0.25         0.22   (15-84 p)   [-9995.9050, 10014.9920]
offset_3        17          9.39        -0.24         0.21   (15-84 p)   [-9995.9050, 10014.9920]

----- dataset: RVdata                    ----- model: gp_multidimensional           
rot_amp         18          9.07         -1.1         0.67   (15-84 p)   [    0.0000,    10.0000]
con_amp         19          0.30        -0.16         0.18   (15-84 p)   [  -20.0000,    20.0000]

----- dataset:  BISdata
jitter_0        20          1.97        -0.10         0.11   (15-84 p)   [    0.0095,    95.0000]
offset_0        21        -73.75        -0.31         0.34   (15-84 p)   [-10080.0833,  9959.1833]
offset_1        22        -45.27        -0.54         0.55   (15-84 p)   [-10080.0833,  9959.1833]
offset_2        23        -52.51        -0.35         0.38   (15-84 p)   [-10080.0833,  9959.1833]
offset_3        24        -60.29        -0.33         0.36   (15-84 p)   [-10080.0833,  9959.1833]

----- dataset: BISdata                   ----- model: gp_multidimensional           
rot_amp         25           0.3         -1.2          1.2   (15-84 p)   [  -10.0000,    10.0000]
con_amp         26         -0.49        -0.24         0.21   (15-84 p)   [  -20.0000,    20.0000]

----- dataset:  FWHMdata
jitter_0        27          0.29        -0.17         0.27   (15-84 p)   [    0.0500,   500.0000]
offset_0        28        6691.7         -2.6          2.5   (15-84 p)   [-3319.7228, 16948.8965]
offset_1        29        6937.6         -2.8          2.7   (15-84 p)   [-3319.7228, 16948.8965]
offset_2        30        6855.5         -2.6          2.6   (15-84 p)   [-3319.7228, 16948.8965]
offset_3        31        6895.9         -2.6          2.5   (15-84 p)   [-3319.7228, 16948.8965]

----- dataset: FWHMdata                  ----- model: gp_multidimensional           
rot_amp         32           3.2         -2.9          2.9   (15-84 p)   [  -10.0000,    10.0000]
con_amp         33          5.59        -0.88          1.1   (15-84 p)   [  -20.0000,    20.0000]

----- dataset:  CaIIdata
jitter_0        34       0.00022     -0.00013      0.00021   (15-84 p)   [    0.0000,     0.3000]
offset_0        35       0.10041     -0.00034      0.00036   (15-84 p)   [-9999.9090, 10000.1096]
offset_1        36       0.10435     -0.00066      0.00067   (15-84 p)   [-9999.9090, 10000.1096]
offset_2        37       0.10499     -0.00040      0.00042   (15-84 p)   [-9999.9090, 10000.1096]
offset_3        38       0.09953     -0.00038      0.00040   (15-84 p)   [-9999.9090, 10000.1096]

----- dataset: CaIIdata                  ----- model: gp_multidimensional           
rot_amp         39       -0.0001      -0.0015       0.0015   (15-84 p)   [  -10.0000,    10.0000]
con_amp         40      -0.00025     -0.00028      0.00027   (15-84 p)   [  -20.0000,    20.0000]

----- dataset:  Halphadata
jitter_0        41      0.000075    -0.000046     0.000071   (15-84 p)   [    0.0000,     0.1000]
offset_0        42       0.17208     -0.00011      0.00012   (15-84 p)   [-9999.8297, 10000.1797]
offset_1        43       0.17407     -0.00023      0.00023   (15-84 p)   [-9999.8297, 10000.1797]
offset_2        44       0.17514     -0.00013      0.00014   (15-84 p)   [-9999.8297, 10000.1797]
offset_3        45       0.17115     -0.00012      0.00013   (15-84 p)   [-9999.8297, 10000.1797]

----- dataset: Halphadata                ----- model: gp_multidimensional           
rot_amp         46       0.00041     -0.00051      0.00051   (15-84 p)   [  -10.0000,    10.0000]
con_amp         47     -0.000079    -0.000092     0.000088   (15-84 p)   [  -20.0000,    20.0000]

----- common model:  b
P                0        0.9575      -0.0043       0.0049   (15-84 p)   [    0.3785,     6.6439]
K                1         -0.47        -0.31         0.26   (15-84 p)   [   -9.9658,     3.3219]
sre_coso         2          0.13        -0.23         0.20   (15-84 p)   [   -1.0000,     1.0000]
sre_sino         3         -0.11        -0.21         0.24   (15-84 p)   [   -1.0000,     1.0000]
mean_long        4           122          -21           21   (15-84 p)   [  -55.6216,   304.3784]

----- common model:  c
P                5        2.2417      -0.0088       0.0096   (15-84 p)   [    0.3785,     6.6439]
K                6         -0.44        -0.33         0.27   (15-84 p)   [   -9.9658,     3.3219]
sre_coso         7          0.18        -0.24         0.18   (15-84 p)   [   -1.0000,     1.0000]
sre_sino         8          0.08        -0.22         0.20   (15-84 p)   [   -1.0000,     1.0000]
mean_long        9           306          -30           33   (15-84 p)   [  136.3159,   496.3159]

----- common model:  activity
Prot            10         28.07        -0.43         0.43   (15-84 p)   [   20.0000,    35.0000]
Pdec            11          32.8         -2.1          3.8   (15-84 p)   [   30.0000,  1000.0000]
Oamp            12         -1.35        -0.12         0.11   (15-84 p)   [   -6.6439,     0.0000]

----- common model:  star_parameters

====================================================================================================
     Statistics on the model parameters obtained from the posteriors samples     
====================================================================================================

----- dataset:  RVdata
jitter_0                 1.207       -0.056        0.060    (15-84 p)
offset_0                  8.51        -0.23         0.20    (15-84 p)
offset_1                 10.27        -0.35         0.33    (15-84 p)
offset_2                  9.49        -0.25         0.22    (15-84 p)
offset_3                  9.39        -0.24         0.21    (15-84 p)


----- dataset: RVdata                    ----- model: gp_multidimensional           
rot_amp                   9.07         -1.1         0.67    (15-84 p)
con_amp                   0.30        -0.16         0.18    (15-84 p)

----- dataset:  BISdata
jitter_0                  1.97        -0.10         0.11    (15-84 p)
offset_0                -73.75        -0.31         0.34    (15-84 p)
offset_1                -45.27        -0.54         0.55    (15-84 p)
offset_2                -52.51        -0.35         0.38    (15-84 p)
offset_3                -60.29        -0.33         0.36    (15-84 p)


----- dataset: BISdata                   ----- model: gp_multidimensional           
rot_amp                    0.3         -1.2          1.2    (15-84 p)
con_amp                  -0.49        -0.24         0.21    (15-84 p)

----- dataset:  FWHMdata
jitter_0                  0.29        -0.17         0.27    (15-84 p)
offset_0                6691.7         -2.6          2.5    (15-84 p)
offset_1                6937.6         -2.8          2.7    (15-84 p)
offset_2                6855.5         -2.6          2.6    (15-84 p)
offset_3                6895.9         -2.6          2.5    (15-84 p)


----- dataset: FWHMdata                  ----- model: gp_multidimensional           
rot_amp                    3.2         -2.9          2.9    (15-84 p)
con_amp                   5.59        -0.88          1.1    (15-84 p)

----- dataset:  CaIIdata
jitter_0               0.00022     -0.00013      0.00021    (15-84 p)
offset_0               0.10041     -0.00034      0.00036    (15-84 p)
offset_1               0.10435     -0.00066      0.00067    (15-84 p)
offset_2               0.10499     -0.00040      0.00042    (15-84 p)
offset_3               0.09953     -0.00038      0.00040    (15-84 p)


----- dataset: CaIIdata                  ----- model: gp_multidimensional           
rot_amp                -0.0001      -0.0015       0.0015    (15-84 p)
con_amp               -0.00025     -0.00028      0.00027    (15-84 p)

----- dataset:  Halphadata
jitter_0              0.000075    -0.000046     0.000071    (15-84 p)
offset_0               0.17208     -0.00011      0.00012    (15-84 p)
offset_1               0.17407     -0.00023      0.00023    (15-84 p)
offset_2               0.17514     -0.00013      0.00014    (15-84 p)
offset_3               0.17115     -0.00012      0.00013    (15-84 p)


----- dataset: Halphadata                ----- model: gp_multidimensional           
rot_amp                0.00041     -0.00051      0.00051    (15-84 p)
con_amp              -0.000079    -0.000092     0.000088    (15-84 p)

----- common model:  b
P                       1.9419      -0.0058       0.0067    (15-84 p)
K                         0.72        -0.14         0.14    (15-84 p)
mean_long                  122          -21           21    (15-84 p)
e                        0.095       -0.067        0.091    (15-84 p)
omega                      -32          -65           88    (15-84 p)

----- common model:  c
P                        4.730       -0.029        0.031    (15-84 p)
K                         0.74        -0.15         0.15    (15-84 p)
mean_long                  306          -30           33    (15-84 p)
e                        0.094       -0.065        0.090    (15-84 p)
omega                       22          -71           64    (15-84 p)

----- common model:  activity
Prot                     28.07        -0.43         0.43    (15-84 p)
Pdec                      32.8         -2.1          3.8    (15-84 p)
Oamp                     0.393       -0.031        0.031    (15-84 p)

----- common model:  star_parameters

====================================================================================================
     Statistics on the derived parameters obtained from the posteriors samples     
====================================================================================================

----- common model:  b
Inclination fixed to 90 deg!
Computing planetary mass under the approximation M_planet << M_star (threshold at 30.0 Me)
a_Rs                     6.547       -0.013        0.015    (15-84 p)
M_Mj                   0.00439     -0.00085      0.00086    (15-84 p)
M_Me                      1.39        -0.27         0.27    (15-84 p)
Tc                    59336.42        -0.13         0.11    (15-84 p)
a_AU_(M)              0.030461    -0.000061     0.000070    (15-84 p)
a_AU_(rho,R)          0.030461    -0.000061     0.000070    (15-84 p)

----- common model:  c
Inclination fixed to 90 deg!
Computing planetary mass under the approximation M_planet << M_star (threshold at 30.0 Me)
a_Rs                    11.852       -0.048        0.053    (15-84 p)
M_Mj                    0.0060      -0.0012       0.0012    (15-84 p)
M_Me                      1.92        -0.39         0.39    (15-84 p)
Tc                    59336.49        -0.43         0.41    (15-84 p)
a_AU_(M)               0.05514     -0.00022      0.00024    (15-84 p)
a_AU_(rho,R)           0.05514     -0.00022      0.00024    (15-84 p)


====================================================================================================
     ------------------------------------------------------------------------------------------     
====================================================================================================



45000.0   steps completed, average lnprob:,  728.8369518025089


Computing the autocorrelation time of the chains

***** WARNING ******
The integrated autocorrelation time cannot be reliably estimated
likely the chains are too short, and ACF analysis is not fully reliable
emcee.autocorr.integrated_time tolerance lowered to 20
If you still get a warning, you should drop these results entirely

Reference thinning used in the analysis: 150
Maximum value of the integrated ACF: 17
Step length used in the analysis: 17*nthin = 2550

Convergence criteria: less than 1% variation in ACF after 20 times the integrated ACF
At least 50*ACF after convergence, 100*ACF would be ideal
Negative values: not converged yet

   sampler parameter              |    ACF   | ACF*nthin | converged at | nsteps/ACF | to 100*ACF
                                  |          |           |              |            | 
   RVdata_jitter_0                |   10.87  |     1630  |       -1     |      -1    |  164631 
   RVdata_offset_0                |   13.62  |     2043  |       -1     |      -1    |  206387 
   RVdata_offset_1                |   13.03  |     1955  |       -1     |      -1    |  197434 
   RVdata_offset_2                |   13.57  |     2036  |       -1     |      -1    |  205639 
   RVdata_offset_3                |   13.52  |     2028  |       -1     |      -1    |  204849 
   RVdata_gp_multidimensional_rot_amp |   12.12  |     1818  |       -1     |      -1    |  183568 
   RVdata_gp_multidimensional_con_amp |   12.54  |     1880  |       -1     |      -1    |  189923 
   BISdata_jitter_0               |   11.20  |     1679  |       -1     |      -1    |  169629 
   BISdata_offset_0               |   13.54  |     2032  |       -1     |      -1    |  205204 
   BISdata_offset_1               |   12.36  |     1853  |       -1     |      -1    |  187180 
   BISdata_offset_2               |   13.03  |     1955  |       -1     |      -1    |  197415 
   BISdata_offset_3               |   12.38  |     1857  |       -1     |      -1    |  187586 
   BISdata_gp_multidimensional_rot_amp |   11.20  |     1680  |       -1     |      -1    |  169651 
   BISdata_gp_multidimensional_con_amp |   12.31  |     1847  |       -1     |      -1    |  186533 
   FWHMdata_jitter_0              |   11.77  |     1766  |       -1     |      -1    |  178345 
   FWHMdata_offset_0              |   15.78  |     2367  |       -1     |      -1    |  239019 
   FWHMdata_offset_1              |   15.21  |     2281  |       -1     |      -1    |  230417 
   FWHMdata_offset_2              |   15.71  |     2356  |       -1     |      -1    |  237987 
   FWHMdata_offset_3              |   15.84  |     2376  |       -1     |      -1    |  239965 
   FWHMdata_gp_multidimensional_rot_amp |   11.29  |     1694  |       -1     |      -1    |  171100 
   FWHMdata_gp_multidimensional_con_amp |   12.16  |     1825  |       -1     |      -1    |  184278 
   CaIIdata_jitter_0              |   11.64  |     1745  |       -1     |      -1    |  176285 
   CaIIdata_offset_0              |   12.28  |     1843  |       -1     |      -1    |  186105 
   CaIIdata_offset_1              |   11.95  |     1793  |       -1     |      -1    |  181077 
   CaIIdata_offset_2              |   11.57  |     1736  |       -1     |      -1    |  175290 
   CaIIdata_offset_3              |   11.51  |     1726  |       -1     |      -1    |  174318 
   CaIIdata_gp_multidimensional_rot_amp |   11.10  |     1666  |       -1     |      -1    |  168221 
   CaIIdata_gp_multidimensional_con_amp |   12.40  |     1860  |       -1     |      -1    |  187869 
   Halphadata_jitter_0            |   12.15  |     1822  |       -1     |      -1    |  184009 
   Halphadata_offset_0            |   10.79  |     1619  |       -1     |      -1    |  163544 
   Halphadata_offset_1            |   10.88  |     1632  |       -1     |      -1    |  164874 
   Halphadata_offset_2            |   11.46  |     1719  |       -1     |      -1    |  173667 
   Halphadata_offset_3            |   11.09  |     1663  |       -1     |      -1    |  167949 
   Halphadata_gp_multidimensional_rot_amp |   10.41  |     1562  |       -1     |      -1    |  157722 
   Halphadata_gp_multidimensional_con_amp |   11.53  |     1729  |       -1     |      -1    |  174657 
   b_P                            |   12.53  |     1879  |       -1     |      -1    |  189775 
   b_K                            |   11.76  |     1764  |       -1     |      -1    |  178187 
   b_sre_coso                     |   11.79  |     1768  |       -1     |      -1    |  178585 
   b_sre_sino                     |   11.97  |     1796  |       -1     |      -1    |  181378 
   b_mean_long                    |   11.68  |     1752  |       -1     |      -1    |  176939 
   c_P                            |   11.91  |     1787  |       -1     |      -1    |  180465 
   c_K                            |   11.44  |     1717  |       -1     |      -1    |  173381 
   c_sre_coso                     |   12.74  |     1911  |       -1     |      -1    |  192999 
   c_sre_sino                     |   11.68  |     1752  |       -1     |      -1    |  176967 
   c_mean_long                    |   12.20  |     1830  |       -1     |      -1    |  184806 
   activity_Prot                  |   10.86  |     1629  |       -1     |      -1    |  164489 
   activity_Pdec                  |   17.29  |     2594  |       -1     |      -1    |  261980 
   activity_Oamp                  |   11.46  |     1719  |       -1     |      -1    |  173656 

    48 chains have not converged yet, keep going 

Check the documentation for the correct interpretation of these results:
https://pyorbit.readthedocs.io/running_pyorbit/terminal_output/#autocorrelation-analysis

====================================================================================================
     Statistics on the posterior of the sampler parameters     
====================================================================================================

----- dataset:  RVdata
jitter_0        13         1.207       -0.055        0.060   (15-84 p)   [    0.0009,    12.3000]
offset_0        14          8.51        -0.23         0.20   (15-84 p)   [-9995.9050, 10014.9920]
offset_1        15         10.27        -0.35         0.33   (15-84 p)   [-9995.9050, 10014.9920]
offset_2        16          9.49        -0.25         0.22   (15-84 p)   [-9995.9050, 10014.9920]
offset_3        17          9.39        -0.24         0.21   (15-84 p)   [-9995.9050, 10014.9920]

----- dataset: RVdata                    ----- model: gp_multidimensional           
rot_amp         18          9.07         -1.1         0.67   (15-84 p)   [    0.0000,    10.0000]
con_amp         19          0.29        -0.17         0.18   (15-84 p)   [  -20.0000,    20.0000]

----- dataset:  BISdata
jitter_0        20          1.97        -0.10         0.11   (15-84 p)   [    0.0095,    95.0000]
offset_0        21        -73.75        -0.31         0.34   (15-84 p)   [-10080.0833,  9959.1833]
offset_1        22        -45.28        -0.53         0.55   (15-84 p)   [-10080.0833,  9959.1833]
offset_2        23        -52.51        -0.34         0.38   (15-84 p)   [-10080.0833,  9959.1833]
offset_3        24        -60.29        -0.33         0.36   (15-84 p)   [-10080.0833,  9959.1833]

----- dataset: BISdata                   ----- model: gp_multidimensional           
rot_amp         25           0.3         -1.2          1.2   (15-84 p)   [  -10.0000,    10.0000]
con_amp         26         -0.48        -0.24         0.21   (15-84 p)   [  -20.0000,    20.0000]

----- dataset:  FWHMdata
jitter_0        27          0.30        -0.17         0.27   (15-84 p)   [    0.0500,   500.0000]
offset_0        28        6691.7         -2.6          2.5   (15-84 p)   [-3319.7228, 16948.8965]
offset_1        29        6937.6         -2.8          2.7   (15-84 p)   [-3319.7228, 16948.8965]
offset_2        30        6855.6         -2.7          2.6   (15-84 p)   [-3319.7228, 16948.8965]
offset_3        31        6895.8         -2.6          2.5   (15-84 p)   [-3319.7228, 16948.8965]

----- dataset: FWHMdata                  ----- model: gp_multidimensional           
rot_amp         32           3.2         -2.9          2.9   (15-84 p)   [  -10.0000,    10.0000]
con_amp         33          5.59        -0.88          1.1   (15-84 p)   [  -20.0000,    20.0000]

----- dataset:  CaIIdata
jitter_0        34       0.00022     -0.00013      0.00021   (15-84 p)   [    0.0000,     0.3000]
offset_0        35       0.10042     -0.00034      0.00036   (15-84 p)   [-9999.9090, 10000.1096]
offset_1        36       0.10434     -0.00067      0.00068   (15-84 p)   [-9999.9090, 10000.1096]
offset_2        37       0.10500     -0.00041      0.00042   (15-84 p)   [-9999.9090, 10000.1096]
offset_3        38       0.09953     -0.00038      0.00039   (15-84 p)   [-9999.9090, 10000.1096]

----- dataset: CaIIdata                  ----- model: gp_multidimensional           
rot_amp         39       -0.0001      -0.0015       0.0015   (15-84 p)   [  -10.0000,    10.0000]
con_amp         40      -0.00024     -0.00028      0.00027   (15-84 p)   [  -20.0000,    20.0000]

----- dataset:  Halphadata
jitter_0        41      0.000074    -0.000045     0.000071   (15-84 p)   [    0.0000,     0.1000]
offset_0        42       0.17208     -0.00011      0.00012   (15-84 p)   [-9999.8297, 10000.1797]
offset_1        43       0.17407     -0.00023      0.00023   (15-84 p)   [-9999.8297, 10000.1797]
offset_2        44       0.17514     -0.00013      0.00014   (15-84 p)   [-9999.8297, 10000.1797]
offset_3        45       0.17115     -0.00012      0.00013   (15-84 p)   [-9999.8297, 10000.1797]

----- dataset: Halphadata                ----- model: gp_multidimensional           
rot_amp         46       0.00042     -0.00050      0.00051   (15-84 p)   [  -10.0000,    10.0000]
con_amp         47     -0.000079    -0.000091     0.000089   (15-84 p)   [  -20.0000,    20.0000]

----- common model:  b
P                0        0.9574      -0.0043       0.0050   (15-84 p)   [    0.3785,     6.6439]
K                1         -0.47        -0.32         0.26   (15-84 p)   [   -9.9658,     3.3219]
sre_coso         2          0.13        -0.23         0.20   (15-84 p)   [   -1.0000,     1.0000]
sre_sino         3         -0.10        -0.21         0.24   (15-84 p)   [   -1.0000,     1.0000]
mean_long        4           122          -21           21   (15-84 p)   [  -55.6216,   304.3784]

----- common model:  c
P                5        2.2417      -0.0088       0.0096   (15-84 p)   [    0.3785,     6.6439]
K                6         -0.44        -0.33         0.27   (15-84 p)   [   -9.9658,     3.3219]
sre_coso         7          0.18        -0.24         0.18   (15-84 p)   [   -1.0000,     1.0000]
sre_sino         8          0.08        -0.22         0.20   (15-84 p)   [   -1.0000,     1.0000]
mean_long        9           306          -30           33   (15-84 p)   [  136.3159,   496.3159]

----- common model:  activity
Prot            10         28.07        -0.43         0.42   (15-84 p)   [   20.0000,    35.0000]
Pdec            11          32.9         -2.1          3.9   (15-84 p)   [   30.0000,  1000.0000]
Oamp            12         -1.35        -0.12         0.11   (15-84 p)   [   -6.6439,     0.0000]

----- common model:  star_parameters

====================================================================================================
     Statistics on the model parameters obtained from the posteriors samples     
====================================================================================================

----- dataset:  RVdata
jitter_0                 1.207       -0.055        0.060    (15-84 p)
offset_0                  8.51        -0.23         0.20    (15-84 p)
offset_1                 10.27        -0.35         0.33    (15-84 p)
offset_2                  9.49        -0.25         0.22    (15-84 p)
offset_3                  9.39        -0.24         0.21    (15-84 p)


----- dataset: RVdata                    ----- model: gp_multidimensional           
rot_amp                   9.07         -1.1         0.67    (15-84 p)
con_amp                   0.29        -0.17         0.18    (15-84 p)

----- dataset:  BISdata
jitter_0                  1.97        -0.10         0.11    (15-84 p)
offset_0                -73.75        -0.31         0.34    (15-84 p)
offset_1                -45.28        -0.53         0.55    (15-84 p)
offset_2                -52.51        -0.34         0.38    (15-84 p)
offset_3                -60.29        -0.33         0.36    (15-84 p)


----- dataset: BISdata                   ----- model: gp_multidimensional           
rot_amp                    0.3         -1.2          1.2    (15-84 p)
con_amp                  -0.48        -0.24         0.21    (15-84 p)

----- dataset:  FWHMdata
jitter_0                  0.30        -0.17         0.27    (15-84 p)
offset_0                6691.7         -2.6          2.5    (15-84 p)
offset_1                6937.6         -2.8          2.7    (15-84 p)
offset_2                6855.6         -2.7          2.6    (15-84 p)
offset_3                6895.8         -2.6          2.5    (15-84 p)


----- dataset: FWHMdata                  ----- model: gp_multidimensional           
rot_amp                    3.2         -2.9          2.9    (15-84 p)
con_amp                   5.59        -0.88          1.1    (15-84 p)

----- dataset:  CaIIdata
jitter_0               0.00022     -0.00013      0.00021    (15-84 p)
offset_0               0.10042     -0.00034      0.00036    (15-84 p)
offset_1               0.10434     -0.00067      0.00068    (15-84 p)
offset_2               0.10500     -0.00041      0.00042    (15-84 p)
offset_3               0.09953     -0.00038      0.00039    (15-84 p)


----- dataset: CaIIdata                  ----- model: gp_multidimensional           
rot_amp                -0.0001      -0.0015       0.0015    (15-84 p)
con_amp               -0.00024     -0.00028      0.00027    (15-84 p)

----- dataset:  Halphadata
jitter_0              0.000074    -0.000045     0.000071    (15-84 p)
offset_0               0.17208     -0.00011      0.00012    (15-84 p)
offset_1               0.17407     -0.00023      0.00023    (15-84 p)
offset_2               0.17514     -0.00013      0.00014    (15-84 p)
offset_3               0.17115     -0.00012      0.00013    (15-84 p)


----- dataset: Halphadata                ----- model: gp_multidimensional           
rot_amp                0.00042     -0.00050      0.00051    (15-84 p)
con_amp              -0.000079    -0.000091     0.000089    (15-84 p)

----- common model:  b
P                       1.9419      -0.0058       0.0067    (15-84 p)
K                         0.72        -0.14         0.15    (15-84 p)
mean_long                  122          -21           21    (15-84 p)
e                        0.094       -0.066        0.091    (15-84 p)
omega                      -31          -66           89    (15-84 p)

----- common model:  c
P                        4.730       -0.029        0.032    (15-84 p)
K                         0.74        -0.15         0.15    (15-84 p)
mean_long                  306          -30           33    (15-84 p)
e                        0.094       -0.065        0.089    (15-84 p)
omega                       23          -70           65    (15-84 p)

----- common model:  activity
Prot                     28.07        -0.43         0.42    (15-84 p)
Pdec                      32.9         -2.1          3.9    (15-84 p)
Oamp                     0.393       -0.031        0.031    (15-84 p)

----- common model:  star_parameters

====================================================================================================
     Statistics on the derived parameters obtained from the posteriors samples     
====================================================================================================

----- common model:  b
Inclination fixed to 90 deg!
Computing planetary mass under the approximation M_planet << M_star (threshold at 30.0 Me)
a_Rs                     6.547       -0.013        0.015    (15-84 p)
M_Mj                   0.00439     -0.00085      0.00087    (15-84 p)
M_Me                      1.40        -0.27         0.28    (15-84 p)
Tc                    59336.43        -0.13         0.11    (15-84 p)
a_AU_(M)              0.030461    -0.000061     0.000070    (15-84 p)
a_AU_(rho,R)          0.030461    -0.000061     0.000070    (15-84 p)

----- common model:  c
Inclination fixed to 90 deg!
Computing planetary mass under the approximation M_planet << M_star (threshold at 30.0 Me)
a_Rs                    11.852       -0.048        0.053    (15-84 p)
M_Mj                    0.0060      -0.0012       0.0012    (15-84 p)
M_Me                      1.92        -0.39         0.39    (15-84 p)
Tc                    59336.49        -0.43         0.41    (15-84 p)
a_AU_(M)               0.05514     -0.00022      0.00024    (15-84 p)
a_AU_(rho,R)           0.05514     -0.00022      0.00024    (15-84 p)


====================================================================================================
     ------------------------------------------------------------------------------------------     
====================================================================================================



60000.0   steps completed, average lnprob:,  727.9302305061425


emcee completed


:::---::: PyORBIT v11.0.1 :::---:::

Python version in use:
3.10.18 (main, Jun  5 2025, 13:14:17) [GCC 11.2.0]
LaTeX disabled by default

Using orbital model:  keplerian
Using orbital parametrization:  Eastman2013

Using orbital model:  keplerian
Using orbital parametrization:  Eastman2013

gp_multidimensional  S+LEAF model, number of harmonics: 4

GP model: gp_multidimensional  hyperparameters_condition:    True
GP model: gp_multidimensional  rotation_decay_condition:     True

### PyORBIT version used in the analysis:  11.0.1

 emcee version:  3.1.6

 Reference Time Tref: 59334.700184

 Data points:1440
 Dimensions: 48
 Nwalkers:   192
 Steps:      60000


Number of samplings: 57600

Recomputing ln-prior, it may take a while...

ln-probability   distribution:    728.41       -5.39      4.73 (15-84 p) 
ln-prior         distribution:   -282.70       -2.35      1.55 (15-84 p) 
ln-likelihood    distribution:   1011.46       -5.49      4.95 (15-84 p) 


*** Information criteria using the likelihood distribution

 BIC from distribution  (using likelihood)  =  -1673.84     -9.91   10.97 (15-84 p)
 AIC from distribution  (using likelihood)  =  -1926.91     -9.91   10.97 (15-84 p)
 AICc from distribution (using likelihood)  =  -1923.53     -9.91   10.97 (15-84 p)


*** Information criteria using the median parameter set

 ln_probability of Median solution =    749.66
 ln_priors of Median solution      =   -280.70
 ln_likelihood of Median solution  =   1030.36

 Median BIC  (using likelihood) =  -1711.65
 Median AIC  (using likelihood) =  -1964.72
 Median AICc (using likelihood) =  -1961.34


*** Information criteria using the MAP parameter set

 ln_probability of MAP solution =    744.47
 ln_priors of MAP solution      =   -284.12
 ln_likelihood of MAP solution  =   1028.58

 MAP BIC  (using likelihood)    =  -1708.09
 MAP AIC  (using likelihood)    =  -1961.16
 MAP AICc (using likelihood)    =  -1957.78

 AICc suggested over AIC because NDATA ( 1440 ) < 40 * NDIM ( 48 )

****************************************************************************************************


Computing the autocorrelation time of the chains

***** WARNING ******
The integrated autocorrelation time cannot be reliably estimated
likely the chains are too short, and ACF analysis is not fully reliable
emcee.autocorr.integrated_time tolerance lowered to 20
If you still get a warning, you should drop these results entirely

Reference thinning used in the analysis: 150
Maximum value of the integrated ACF: 17
Step length used in the analysis: 17*nthin = 2550

Convergence criteria: less than 1% variation in ACF after 20 times the integrated ACF
At least 50*ACF after convergence, 100*ACF would be ideal
Negative values: not converged yet

   sampler parameter              |    ACF   | ACF*nthin | converged at | nsteps/ACF | to 100*ACF
                                  |          |           |              |            | 
   RVdata_jitter_0                |   10.87  |     1630  |       -1     |      -1    |  164631 
   RVdata_offset_0                |   13.62  |     2043  |       -1     |      -1    |  206387 
   RVdata_offset_1                |   13.03  |     1955  |       -1     |      -1    |  197434 
   RVdata_offset_2                |   13.57  |     2036  |       -1     |      -1    |  205639 
   RVdata_offset_3                |   13.52  |     2028  |       -1     |      -1    |  204849 
   RVdata_gp_multidimensional_rot_amp |   12.12  |     1818  |       -1     |      -1    |  183568 
   RVdata_gp_multidimensional_con_amp |   12.54  |     1880  |       -1     |      -1    |  189923 
   BISdata_jitter_0               |   11.20  |     1679  |       -1     |      -1    |  169629 
   BISdata_offset_0               |   13.54  |     2032  |       -1     |      -1    |  205204 
   BISdata_offset_1               |   12.36  |     1853  |       -1     |      -1    |  187180 
   BISdata_offset_2               |   13.03  |     1955  |       -1     |      -1    |  197415 
   BISdata_offset_3               |   12.38  |     1857  |       -1     |      -1    |  187586 
   BISdata_gp_multidimensional_rot_amp |   11.20  |     1680  |       -1     |      -1    |  169651 
   BISdata_gp_multidimensional_con_amp |   12.31  |     1847  |       -1     |      -1    |  186533 
   FWHMdata_jitter_0              |   11.77  |     1766  |       -1     |      -1    |  178345 
   FWHMdata_offset_0              |   15.78  |     2367  |       -1     |      -1    |  239019 
   FWHMdata_offset_1              |   15.21  |     2281  |       -1     |      -1    |  230417 
   FWHMdata_offset_2              |   15.71  |     2356  |       -1     |      -1    |  237987 
   FWHMdata_offset_3              |   15.84  |     2376  |       -1     |      -1    |  239965 
   FWHMdata_gp_multidimensional_rot_amp |   11.29  |     1694  |       -1     |      -1    |  171100 
   FWHMdata_gp_multidimensional_con_amp |   12.16  |     1825  |       -1     |      -1    |  184278 
   CaIIdata_jitter_0              |   11.64  |     1745  |       -1     |      -1    |  176285 
   CaIIdata_offset_0              |   12.28  |     1843  |       -1     |      -1    |  186105 
   CaIIdata_offset_1              |   11.95  |     1793  |       -1     |      -1    |  181077 
   CaIIdata_offset_2              |   11.57  |     1736  |       -1     |      -1    |  175290 
   CaIIdata_offset_3              |   11.51  |     1726  |       -1     |      -1    |  174318 
   CaIIdata_gp_multidimensional_rot_amp |   11.10  |     1666  |       -1     |      -1    |  168221 
   CaIIdata_gp_multidimensional_con_amp |   12.40  |     1860  |       -1     |      -1    |  187869 
   Halphadata_jitter_0            |   12.15  |     1822  |       -1     |      -1    |  184009 
   Halphadata_offset_0            |   10.79  |     1619  |       -1     |      -1    |  163544 
   Halphadata_offset_1            |   10.88  |     1632  |       -1     |      -1    |  164874 
   Halphadata_offset_2            |   11.46  |     1719  |       -1     |      -1    |  173667 
   Halphadata_offset_3            |   11.09  |     1663  |       -1     |      -1    |  167949 
   Halphadata_gp_multidimensional_rot_amp |   10.41  |     1562  |       -1     |      -1    |  157722 
   Halphadata_gp_multidimensional_con_amp |   11.53  |     1729  |       -1     |      -1    |  174657 
   b_P                            |   12.53  |     1879  |       -1     |      -1    |  189775 
   b_K                            |   11.76  |     1764  |       -1     |      -1    |  178187 
   b_sre_coso                     |   11.79  |     1768  |       -1     |      -1    |  178585 
   b_sre_sino                     |   11.97  |     1796  |       -1     |      -1    |  181378 
   b_mean_long                    |   11.68  |     1752  |       -1     |      -1    |  176939 
   c_P                            |   11.91  |     1787  |       -1     |      -1    |  180465 
   c_K                            |   11.44  |     1717  |       -1     |      -1    |  173381 
   c_sre_coso                     |   12.74  |     1911  |       -1     |      -1    |  192999 
   c_sre_sino                     |   11.68  |     1752  |       -1     |      -1    |  176967 
   c_mean_long                    |   12.20  |     1830  |       -1     |      -1    |  184806 
   activity_Prot                  |   10.86  |     1629  |       -1     |      -1    |  164489 
   activity_Pdec                  |   17.29  |     2594  |       -1     |      -1    |  261980 
   activity_Oamp                  |   11.46  |     1719  |       -1     |      -1    |  173656 

    48 chains have not converged yet, keep going 

Check the documentation for the correct interpretation of these results:
https://pyorbit.readthedocs.io/running_pyorbit/terminal_output/#autocorrelation-analysis

 Plotting the ACF... 


====================================================================================================
     Ids, spaces (s), boundaries (b) and priors (p) of the sampler parameters     
====================================================================================================

----- dataset:  RVdata
jitter_0      id:  13  s:Linear      b:[      0.0009,      12.3000]   p:Uniform   []
offset_0      id:  14  s:Linear      b:[  -9995.9050,   10014.9920]   p:Uniform   []
offset_1      id:  15  s:Linear      b:[  -9995.9050,   10014.9920]   p:Uniform   []
offset_2      id:  16  s:Linear      b:[  -9995.9050,   10014.9920]   p:Uniform   []
offset_3      id:  17  s:Linear      b:[  -9995.9050,   10014.9920]   p:Uniform   []

----- dataset: RVdata                    ----- model: gp_multidimensional           
rot_amp       id:  18  s:Linear      b:[      0.0000,      10.0000]   p:Uniform   []
con_amp       id:  19  s:Linear      b:[    -20.0000,      20.0000]   p:Uniform   []

----- dataset:  BISdata
jitter_0      id:  20  s:Linear      b:[      0.0095,      95.0000]   p:Uniform   []
offset_0      id:  21  s:Linear      b:[ -10080.0833,    9959.1833]   p:Uniform   []
offset_1      id:  22  s:Linear      b:[ -10080.0833,    9959.1833]   p:Uniform   []
offset_2      id:  23  s:Linear      b:[ -10080.0833,    9959.1833]   p:Uniform   []
offset_3      id:  24  s:Linear      b:[ -10080.0833,    9959.1833]   p:Uniform   []

----- dataset: BISdata                   ----- model: gp_multidimensional           
rot_amp       id:  25  s:Linear      b:[    -10.0000,      10.0000]   p:Uniform   []
con_amp       id:  26  s:Linear      b:[    -20.0000,      20.0000]   p:Uniform   []

----- dataset:  FWHMdata
jitter_0      id:  27  s:Linear      b:[      0.0500,     500.0000]   p:Uniform   []
offset_0      id:  28  s:Linear      b:[  -3319.7228,   16948.8965]   p:Uniform   []
offset_1      id:  29  s:Linear      b:[  -3319.7228,   16948.8965]   p:Uniform   []
offset_2      id:  30  s:Linear      b:[  -3319.7228,   16948.8965]   p:Uniform   []
offset_3      id:  31  s:Linear      b:[  -3319.7228,   16948.8965]   p:Uniform   []

----- dataset: FWHMdata                  ----- model: gp_multidimensional           
rot_amp       id:  32  s:Linear      b:[    -10.0000,      10.0000]   p:Uniform   []
con_amp       id:  33  s:Linear      b:[    -20.0000,      20.0000]   p:Uniform   []

----- dataset:  CaIIdata
jitter_0      id:  34  s:Linear      b:[      0.0000,       0.3000]   p:Uniform   []
offset_0      id:  35  s:Linear      b:[  -9999.9090,   10000.1096]   p:Uniform   []
offset_1      id:  36  s:Linear      b:[  -9999.9090,   10000.1096]   p:Uniform   []
offset_2      id:  37  s:Linear      b:[  -9999.9090,   10000.1096]   p:Uniform   []
offset_3      id:  38  s:Linear      b:[  -9999.9090,   10000.1096]   p:Uniform   []

----- dataset: CaIIdata                  ----- model: gp_multidimensional           
rot_amp       id:  39  s:Linear      b:[    -10.0000,      10.0000]   p:Uniform   []
con_amp       id:  40  s:Linear      b:[    -20.0000,      20.0000]   p:Uniform   []

----- dataset:  Halphadata
jitter_0      id:  41  s:Linear      b:[      0.0000,       0.1000]   p:Uniform   []
offset_0      id:  42  s:Linear      b:[  -9999.8297,   10000.1797]   p:Uniform   []
offset_1      id:  43  s:Linear      b:[  -9999.8297,   10000.1797]   p:Uniform   []
offset_2      id:  44  s:Linear      b:[  -9999.8297,   10000.1797]   p:Uniform   []
offset_3      id:  45  s:Linear      b:[  -9999.8297,   10000.1797]   p:Uniform   []

----- dataset: Halphadata                ----- model: gp_multidimensional           
rot_amp       id:  46  s:Linear      b:[    -10.0000,      10.0000]   p:Uniform   []
con_amp       id:  47  s:Linear      b:[    -20.0000,      20.0000]   p:Uniform   []

----- common model:  b
P             id:   0  s:Log_Base2   b:[      0.3785,       6.6439]   p:Uniform   []
K             id:   1  s:Log_Base2   b:[     -9.9658,       3.3219]   p:Uniform   []
sre_coso      id:   2  s:Linear      b:[     -1.0000,       1.0000]   p:Uniform   []
sre_sino      id:   3  s:Linear      b:[     -1.0000,       1.0000]   p:Uniform   []
mean_long     id:   4  s:Linear      b:[    -55.6216,     304.3784]   p:Uniform   []
e             derived (no id, space, bound)                           p:Gaussian   [0.    0.098]
omega         derived (no id, space, bound)                           p:Uniform   [0.0, 360.0]

----- common model:  c
P             id:   5  s:Log_Base2   b:[      0.3785,       6.6439]   p:Uniform   []
K             id:   6  s:Log_Base2   b:[     -9.9658,       3.3219]   p:Uniform   []
sre_coso      id:   7  s:Linear      b:[     -1.0000,       1.0000]   p:Uniform   []
sre_sino      id:   8  s:Linear      b:[     -1.0000,       1.0000]   p:Uniform   []
mean_long     id:   9  s:Linear      b:[    136.3159,     496.3159]   p:Uniform   []
e             derived (no id, space, bound)                           p:Gaussian   [0.    0.098]
omega         derived (no id, space, bound)                           p:Uniform   [0.0, 360.0]

----- common model:  activity
Prot          id:  10  s:Linear      b:[     20.0000,      35.0000]   p:Gaussian   [28.   0.5]
Pdec          id:  11  s:Linear      b:[     30.0000,    1000.0000]   p:Uniform   []
Oamp          id:  12  s:Log_Base2   b:[     -6.6439,       0.0000]   p:Gaussian   [0.35  0.035]

----- common model:  star_parameters
mass          derived (no id, space, bound)                           p:Gaussian   [1.e+00 1.e-06]
radius        derived (no id, space, bound)                           p:Gaussian   [1.e+00 1.e-06]
density       derived (no id, space, bound)                           p:Gaussian   [1.e+00 1.e-06]


****************************************************************************************************
****************************************************************************************************

 Confidence intervals (median value, 34.135th percentile from the median on the left and right side)

====================================================================================================
     Statistics on the posterior of the sampler parameters     
====================================================================================================

----- dataset:  RVdata
jitter_0        13         1.207       -0.055        0.060   (15-84 p)   [    0.0009,    12.3000]
offset_0        14          8.51        -0.23         0.20   (15-84 p)   [-9995.9050, 10014.9920]
offset_1        15         10.27        -0.35         0.33   (15-84 p)   [-9995.9050, 10014.9920]
offset_2        16          9.49        -0.25         0.22   (15-84 p)   [-9995.9050, 10014.9920]
offset_3        17          9.39        -0.24         0.21   (15-84 p)   [-9995.9050, 10014.9920]

----- dataset: RVdata                    ----- model: gp_multidimensional           
rot_amp         18          9.07         -1.1         0.67   (15-84 p)   [    0.0000,    10.0000]
con_amp         19          0.29        -0.17         0.18   (15-84 p)   [  -20.0000,    20.0000]

----- dataset:  BISdata
jitter_0        20          1.97        -0.10         0.11   (15-84 p)   [    0.0095,    95.0000]
offset_0        21        -73.75        -0.31         0.34   (15-84 p)   [-10080.0833,  9959.1833]
offset_1        22        -45.28        -0.53         0.55   (15-84 p)   [-10080.0833,  9959.1833]
offset_2        23        -52.51        -0.34         0.38   (15-84 p)   [-10080.0833,  9959.1833]
offset_3        24        -60.29        -0.33         0.36   (15-84 p)   [-10080.0833,  9959.1833]

----- dataset: BISdata                   ----- model: gp_multidimensional           
rot_amp         25           0.3         -1.2          1.2   (15-84 p)   [  -10.0000,    10.0000]
con_amp         26         -0.48        -0.24         0.21   (15-84 p)   [  -20.0000,    20.0000]

----- dataset:  FWHMdata
jitter_0        27          0.30        -0.17         0.27   (15-84 p)   [    0.0500,   500.0000]
offset_0        28        6691.7         -2.6          2.5   (15-84 p)   [-3319.7228, 16948.8965]
offset_1        29        6937.6         -2.8          2.7   (15-84 p)   [-3319.7228, 16948.8965]
offset_2        30        6855.6         -2.7          2.6   (15-84 p)   [-3319.7228, 16948.8965]
offset_3        31        6895.8         -2.6          2.5   (15-84 p)   [-3319.7228, 16948.8965]

----- dataset: FWHMdata                  ----- model: gp_multidimensional           
rot_amp         32           3.2         -2.9          2.9   (15-84 p)   [  -10.0000,    10.0000]
con_amp         33          5.59        -0.88          1.1   (15-84 p)   [  -20.0000,    20.0000]

----- dataset:  CaIIdata
jitter_0        34       0.00022     -0.00013      0.00021   (15-84 p)   [    0.0000,     0.3000]
offset_0        35       0.10042     -0.00034      0.00036   (15-84 p)   [-9999.9090, 10000.1096]
offset_1        36       0.10434     -0.00067      0.00068   (15-84 p)   [-9999.9090, 10000.1096]
offset_2        37       0.10500     -0.00041      0.00042   (15-84 p)   [-9999.9090, 10000.1096]
offset_3        38       0.09953     -0.00038      0.00039   (15-84 p)   [-9999.9090, 10000.1096]

----- dataset: CaIIdata                  ----- model: gp_multidimensional           
rot_amp         39       -0.0001      -0.0015       0.0015   (15-84 p)   [  -10.0000,    10.0000]
con_amp         40      -0.00024     -0.00028      0.00027   (15-84 p)   [  -20.0000,    20.0000]

----- dataset:  Halphadata
jitter_0        41      0.000074    -0.000045     0.000071   (15-84 p)   [    0.0000,     0.1000]
offset_0        42       0.17208     -0.00011      0.00012   (15-84 p)   [-9999.8297, 10000.1797]
offset_1        43       0.17407     -0.00023      0.00023   (15-84 p)   [-9999.8297, 10000.1797]
offset_2        44       0.17514     -0.00013      0.00014   (15-84 p)   [-9999.8297, 10000.1797]
offset_3        45       0.17115     -0.00012      0.00013   (15-84 p)   [-9999.8297, 10000.1797]

----- dataset: Halphadata                ----- model: gp_multidimensional           
rot_amp         46       0.00042     -0.00050      0.00051   (15-84 p)   [  -10.0000,    10.0000]
con_amp         47     -0.000079    -0.000091     0.000089   (15-84 p)   [  -20.0000,    20.0000]

----- common model:  b
P                0        0.9574      -0.0043       0.0050   (15-84 p)   [    0.3785,     6.6439]
K                1         -0.47        -0.32         0.26   (15-84 p)   [   -9.9658,     3.3219]
sre_coso         2          0.13        -0.23         0.20   (15-84 p)   [   -1.0000,     1.0000]
sre_sino         3         -0.10        -0.21         0.24   (15-84 p)   [   -1.0000,     1.0000]
mean_long        4           122          -21           21   (15-84 p)   [  -55.6216,   304.3784]

----- common model:  c
P                5        2.2417      -0.0088       0.0096   (15-84 p)   [    0.3785,     6.6439]
K                6         -0.44        -0.33         0.27   (15-84 p)   [   -9.9658,     3.3219]
sre_coso         7          0.18        -0.24         0.18   (15-84 p)   [   -1.0000,     1.0000]
sre_sino         8          0.08        -0.22         0.20   (15-84 p)   [   -1.0000,     1.0000]
mean_long        9           306          -30           33   (15-84 p)   [  136.3159,   496.3159]

----- common model:  activity
Prot            10         28.07        -0.43         0.42   (15-84 p)   [   20.0000,    35.0000]
Pdec            11          32.9         -2.1          3.9   (15-84 p)   [   30.0000,  1000.0000]
Oamp            12         -1.35        -0.12         0.11   (15-84 p)   [   -6.6439,     0.0000]

----- common model:  star_parameters

====================================================================================================
     Statistics on the model parameters obtained from the posteriors samples     
====================================================================================================

----- dataset:  RVdata
jitter_0                 1.207       -0.055        0.060    (15-84 p)
offset_0                  8.51        -0.23         0.20    (15-84 p)
offset_1                 10.27        -0.35         0.33    (15-84 p)
offset_2                  9.49        -0.25         0.22    (15-84 p)
offset_3                  9.39        -0.24         0.21    (15-84 p)


----- dataset: RVdata                    ----- model: gp_multidimensional           
rot_amp                   9.07         -1.1         0.67    (15-84 p)
con_amp                   0.29        -0.17         0.18    (15-84 p)

----- dataset:  BISdata
jitter_0                  1.97        -0.10         0.11    (15-84 p)
offset_0                -73.75        -0.31         0.34    (15-84 p)
offset_1                -45.28        -0.53         0.55    (15-84 p)
offset_2                -52.51        -0.34         0.38    (15-84 p)
offset_3                -60.29        -0.33         0.36    (15-84 p)


----- dataset: BISdata                   ----- model: gp_multidimensional           
rot_amp                    0.3         -1.2          1.2    (15-84 p)
con_amp                  -0.48        -0.24         0.21    (15-84 p)

----- dataset:  FWHMdata
jitter_0                  0.30        -0.17         0.27    (15-84 p)
offset_0                6691.7         -2.6          2.5    (15-84 p)
offset_1                6937.6         -2.8          2.7    (15-84 p)
offset_2                6855.6         -2.7          2.6    (15-84 p)
offset_3                6895.8         -2.6          2.5    (15-84 p)


----- dataset: FWHMdata                  ----- model: gp_multidimensional           
rot_amp                    3.2         -2.9          2.9    (15-84 p)
con_amp                   5.59        -0.88          1.1    (15-84 p)

----- dataset:  CaIIdata
jitter_0               0.00022     -0.00013      0.00021    (15-84 p)
offset_0               0.10042     -0.00034      0.00036    (15-84 p)
offset_1               0.10434     -0.00067      0.00068    (15-84 p)
offset_2               0.10500     -0.00041      0.00042    (15-84 p)
offset_3               0.09953     -0.00038      0.00039    (15-84 p)


----- dataset: CaIIdata                  ----- model: gp_multidimensional           
rot_amp                -0.0001      -0.0015       0.0015    (15-84 p)
con_amp               -0.00024     -0.00028      0.00027    (15-84 p)

----- dataset:  Halphadata
jitter_0              0.000074    -0.000045     0.000071    (15-84 p)
offset_0               0.17208     -0.00011      0.00012    (15-84 p)
offset_1               0.17407     -0.00023      0.00023    (15-84 p)
offset_2               0.17514     -0.00013      0.00014    (15-84 p)
offset_3               0.17115     -0.00012      0.00013    (15-84 p)


----- dataset: Halphadata                ----- model: gp_multidimensional           
rot_amp                0.00042     -0.00050      0.00051    (15-84 p)
con_amp              -0.000079    -0.000091     0.000089    (15-84 p)

----- common model:  b
P                       1.9419      -0.0058       0.0067    (15-84 p)
K                         0.72        -0.14         0.15    (15-84 p)
mean_long                  122          -21           21    (15-84 p)
e                        0.094       -0.066        0.091    (15-84 p)
omega                      -37          -71           80    (15-84 p)

----- common model:  c
P                        4.730       -0.029        0.032    (15-84 p)
K                         0.74        -0.15         0.15    (15-84 p)
mean_long                  306          -30           33    (15-84 p)
e                        0.094       -0.065        0.089    (15-84 p)
omega                       27          -64           69    (15-84 p)

----- common model:  activity
Prot                     28.07        -0.43         0.42    (15-84 p)
Pdec                      32.9         -2.1          3.9    (15-84 p)
Oamp                     0.393       -0.031        0.031    (15-84 p)

----- common model:  star_parameters

====================================================================================================
     Statistics on the derived parameters obtained from the posteriors samples     
====================================================================================================

----- common model:  b
Inclination fixed to 90 deg!
Computing planetary mass under the approximation M_planet << M_star (threshold at 30.0 Me)
a_Rs                     6.547       -0.013        0.015    (15-84 p)
M_Mj                   0.00439     -0.00085      0.00087    (15-84 p)
M_Me                      1.40        -0.27         0.28    (15-84 p)
Tc                    59336.43        -0.13         0.11    (15-84 p)
a_AU_(M)              0.030461    -0.000061     0.000070    (15-84 p)
a_AU_(rho,R)          0.030461    -0.000061     0.000070    (15-84 p)

----- common model:  c
Inclination fixed to 90 deg!
Computing planetary mass under the approximation M_planet << M_star (threshold at 30.0 Me)
a_Rs                    11.852       -0.048        0.053    (15-84 p)
M_Mj                    0.0060      -0.0012       0.0012    (15-84 p)
M_Me                      1.92        -0.39         0.39    (15-84 p)
Tc                    59336.49        -0.43         0.41    (15-84 p)
a_AU_(M)               0.05514     -0.00022      0.00024    (15-84 p)
a_AU_(rho,R)           0.05514     -0.00022      0.00024    (15-84 p)


====================================================================================================
     ------------------------------------------------------------------------------------------     
====================================================================================================



****************************************************************************************************

 Parameters corresponding to the Maximum a Posteriori probability ( 744.4664356624826 )

====================================================================================================
     Statistics on the posterior of the sampler parameters     
====================================================================================================

----- dataset:  RVdata
jitter_0        13      1.211132 [    0.0009,    12.3000]
offset_0        14      8.511740 [-9995.9050, 10014.9920]
offset_1        15     10.568058 [-9995.9050, 10014.9920]
offset_2        16      9.450732 [-9995.9050, 10014.9920]
offset_3        17      9.427590 [-9995.9050, 10014.9920]

----- dataset: RVdata                    ----- model: gp_multidimensional           
rot_amp         18      9.067035 [    0.0000,    10.0000]
con_amp         19      0.202309 [  -20.0000,    20.0000]

----- dataset:  BISdata
jitter_0        20      1.888671 [    0.0095,    95.0000]
offset_0        21    -73.846514 [-10080.0833,  9959.1833]
offset_1        22    -45.223039 [-10080.0833,  9959.1833]
offset_2        23    -52.552430 [-10080.0833,  9959.1833]
offset_3        24    -60.515577 [-10080.0833,  9959.1833]

----- dataset: BISdata                   ----- model: gp_multidimensional           
rot_amp         25      0.418902 [  -10.0000,    10.0000]
con_amp         26     -0.557698 [  -20.0000,    20.0000]

----- dataset:  FWHMdata
jitter_0        27      0.290418 [    0.0500,   500.0000]
offset_0        28   6692.506990 [-3319.7228, 16948.8965]
offset_1        29   6938.258495 [-3319.7228, 16948.8965]
offset_2        30   6856.054921 [-3319.7228, 16948.8965]
offset_3        31   6896.535460 [-3319.7228, 16948.8965]

----- dataset: FWHMdata                  ----- model: gp_multidimensional           
rot_amp         32      5.993480 [  -10.0000,    10.0000]
con_amp         33      5.766583 [  -20.0000,    20.0000]

----- dataset:  CaIIdata
jitter_0        34      0.000053 [    0.0000,     0.3000]
offset_0        35      0.100008 [-9999.9090, 10000.1096]
offset_1        36      0.104505 [-9999.9090, 10000.1096]
offset_2        37      0.105012 [-9999.9090, 10000.1096]
offset_3        38      0.099600 [-9999.9090, 10000.1096]

----- dataset: CaIIdata                  ----- model: gp_multidimensional           
rot_amp         39      0.000362 [  -10.0000,    10.0000]
con_amp         40     -0.000178 [  -20.0000,    20.0000]

----- dataset:  Halphadata
jitter_0        41      0.000128 [    0.0000,     0.1000]
offset_0        42      0.172140 [-9999.8297, 10000.1797]
offset_1        43      0.173954 [-9999.8297, 10000.1797]
offset_2        44      0.175026 [-9999.8297, 10000.1797]
offset_3        45      0.171165 [-9999.8297, 10000.1797]

----- dataset: Halphadata                ----- model: gp_multidimensional           
rot_amp         46      0.000168 [  -10.0000,    10.0000]
con_amp         47     -0.000020 [  -20.0000,    20.0000]

----- common model:  b
P                0      0.958931 [    0.3785,     6.6439]
K                1     -0.405001 [   -9.9658,     3.3219]
sre_coso         2      0.335098 [   -1.0000,     1.0000]
sre_sino         3     -0.201926 [   -1.0000,     1.0000]
mean_long        4    115.749105 [  -55.6216,   304.3784]

----- common model:  c
P                5      2.236717 [    0.3785,     6.6439]
K                6     -0.330469 [   -9.9658,     3.3219]
sre_coso         7      0.282481 [   -1.0000,     1.0000]
sre_sino         8      0.154435 [   -1.0000,     1.0000]
mean_long        9    295.228035 [  136.3159,   496.3159]

----- common model:  activity
Prot            10     28.522105 [   20.0000,    35.0000]
Pdec            11     30.076997 [   30.0000,  1000.0000]
Oamp            12     -1.253863 [   -6.6439,     0.0000]

----- common model:  star_parameters

====================================================================================================
     Statistics on the model parameters obtained from the posteriors samples     
====================================================================================================

----- dataset:  RVdata
jitter_0              1.211132 
offset_0              8.511740 
offset_1             10.568058 
offset_2              9.450732 
offset_3              9.427590 


----- dataset: RVdata                    ----- model: gp_multidimensional           
rot_amp               9.067035 
con_amp               0.202309 

----- dataset:  BISdata
jitter_0              1.888671 
offset_0            -73.846514 
offset_1            -45.223039 
offset_2            -52.552430 
offset_3            -60.515577 


----- dataset: BISdata                   ----- model: gp_multidimensional           
rot_amp               0.418902 
con_amp              -0.557698 

----- dataset:  FWHMdata
jitter_0              0.290418 
offset_0           6692.506990 
offset_1           6938.258495 
offset_2           6856.054921 
offset_3           6896.535460 


----- dataset: FWHMdata                  ----- model: gp_multidimensional           
rot_amp               5.993480 
con_amp               5.766583 

----- dataset:  CaIIdata
jitter_0              0.000053 
offset_0              0.100008 
offset_1              0.104505 
offset_2              0.105012 
offset_3              0.099600 


----- dataset: CaIIdata                  ----- model: gp_multidimensional           
rot_amp               0.000362 
con_amp              -0.000178 

----- dataset:  Halphadata
jitter_0              0.000128 
offset_0              0.172140 
offset_1              0.173954 
offset_2              0.175026 
offset_3              0.171165 


----- dataset: Halphadata                ----- model: gp_multidimensional           
rot_amp               0.000168 
con_amp              -0.000020 

----- common model:  b
P                     1.943869 
K                     0.755236 
mean_long           115.749105 
e                     0.153065 
omega               -31.072657 

----- common model:  c
P                     4.713234 
K                     0.795278 
mean_long           295.228035 
e                     0.103646 
omega                28.665825 

----- common model:  activity
Prot                 28.522105 
Pdec                 30.076997 
Oamp                  0.419324 

----- common model:  star_parameters

====================================================================================================
     Statistics on the derived parameters obtained from the posteriors samples     
====================================================================================================

----- common model:  b
Inclination fixed to 90 deg!
a_Rs                  6.551796 
M_Mj                  0.004582 
M_Me                  1.456599 
Tc                59336.419075 
a_AU_(M)              0.030482 
a_AU_(rho,R)          0.030482 

----- common model:  c
Inclination fixed to 90 deg!
a_Rs                 11.824849 
M_Mj                  0.006524 
M_Me                  2.073947 
Tc                59336.595175 
a_AU_(M)              0.055015 
a_AU_(rho,R)          0.055015 


====================================================================================================
     ------------------------------------------------------------------------------------------     
====================================================================================================



****************************************************************************************************

 Parameters corresponding to the sample closest to the median values ( 736.9076604401789 )

====================================================================================================
     Statistics on the posterior of the sampler parameters     
====================================================================================================

----- dataset:  RVdata
jitter_0        13      1.240608 [    0.0009,    12.3000]
offset_0        14      8.344920 [-9995.9050, 10014.9920]
offset_1        15     10.441365 [-9995.9050, 10014.9920]
offset_2        16      9.542584 [-9995.9050, 10014.9920]
offset_3        17      9.165998 [-9995.9050, 10014.9920]

----- dataset: RVdata                    ----- model: gp_multidimensional           
rot_amp         18      9.496110 [    0.0000,    10.0000]
con_amp         19      0.238456 [  -20.0000,    20.0000]

----- dataset:  BISdata
jitter_0        20      1.919496 [    0.0095,    95.0000]
offset_0        21    -73.810848 [-10080.0833,  9959.1833]
offset_1        22    -45.566376 [-10080.0833,  9959.1833]
offset_2        23    -52.477907 [-10080.0833,  9959.1833]
offset_3        24    -60.327271 [-10080.0833,  9959.1833]

----- dataset: BISdata                   ----- model: gp_multidimensional           
rot_amp         25      0.054766 [  -10.0000,    10.0000]
con_amp         26     -0.180597 [  -20.0000,    20.0000]

----- dataset:  FWHMdata
jitter_0        27      0.078231 [    0.0500,   500.0000]
offset_0        28   6692.077885 [-3319.7228, 16948.8965]
offset_1        29   6937.655009 [-3319.7228, 16948.8965]
offset_2        30   6856.624032 [-3319.7228, 16948.8965]
offset_3        31   6894.748639 [-3319.7228, 16948.8965]

----- dataset: FWHMdata                  ----- model: gp_multidimensional           
rot_amp         32      1.094315 [  -10.0000,    10.0000]
con_amp         33      4.931929 [  -20.0000,    20.0000]

----- dataset:  CaIIdata
jitter_0        34      0.000237 [    0.0000,     0.3000]
offset_0        35      0.100256 [-9999.9090, 10000.1096]
offset_1        36      0.104292 [-9999.9090, 10000.1096]
offset_2        37      0.104641 [-9999.9090, 10000.1096]
offset_3        38      0.099730 [-9999.9090, 10000.1096]

----- dataset: CaIIdata                  ----- model: gp_multidimensional           
rot_amp         39     -0.001937 [  -10.0000,    10.0000]
con_amp         40     -0.000227 [  -20.0000,    20.0000]

----- dataset:  Halphadata
jitter_0        41      0.000076 [    0.0000,     0.1000]
offset_0        42      0.172027 [-9999.8297, 10000.1797]
offset_1        43      0.173988 [-9999.8297, 10000.1797]
offset_2        44      0.175134 [-9999.8297, 10000.1797]
offset_3        45      0.171207 [-9999.8297, 10000.1797]

----- dataset: Halphadata                ----- model: gp_multidimensional           
rot_amp         46      0.000663 [  -10.0000,    10.0000]
con_amp         47     -0.000057 [  -20.0000,    20.0000]

----- common model:  b
P                0      0.957900 [    0.3785,     6.6439]
K                1     -0.057298 [   -9.9658,     3.3219]
sre_coso         2      0.059598 [   -1.0000,     1.0000]
sre_sino         3     -0.071743 [   -1.0000,     1.0000]
mean_long        4    128.872988 [  -55.6216,   304.3784]

----- common model:  c
P                5      2.245575 [    0.3785,     6.6439]
K                6     -0.523613 [   -9.9658,     3.3219]
sre_coso         7      0.235391 [   -1.0000,     1.0000]
sre_sino         8      0.154926 [   -1.0000,     1.0000]
mean_long        9    326.870094 [  136.3159,   496.3159]

----- common model:  activity
Prot            10     28.357187 [   20.0000,    35.0000]
Pdec            11     31.208152 [   30.0000,  1000.0000]
Oamp            12     -1.419785 [   -6.6439,     0.0000]

----- common model:  star_parameters

====================================================================================================
     Statistics on the model parameters obtained from the posteriors samples     
====================================================================================================

----- dataset:  RVdata
jitter_0              1.240608 
offset_0              8.344920 
offset_1             10.441365 
offset_2              9.542584 
offset_3              9.165998 


----- dataset: RVdata                    ----- model: gp_multidimensional           
rot_amp               9.496110 
con_amp               0.238456 

----- dataset:  BISdata
jitter_0              1.919496 
offset_0            -73.810848 
offset_1            -45.566376 
offset_2            -52.477907 
offset_3            -60.327271 


----- dataset: BISdata                   ----- model: gp_multidimensional           
rot_amp               0.054766 
con_amp              -0.180597 

----- dataset:  FWHMdata
jitter_0              0.078231 
offset_0           6692.077885 
offset_1           6937.655009 
offset_2           6856.624032 
offset_3           6894.748639 


----- dataset: FWHMdata                  ----- model: gp_multidimensional           
rot_amp               1.094315 
con_amp               4.931929 

----- dataset:  CaIIdata
jitter_0              0.000237 
offset_0              0.100256 
offset_1              0.104292 
offset_2              0.104641 
offset_3              0.099730 


----- dataset: CaIIdata                  ----- model: gp_multidimensional           
rot_amp              -0.001937 
con_amp              -0.000227 

----- dataset:  Halphadata
jitter_0              0.000076 
offset_0              0.172027 
offset_1              0.173988 
offset_2              0.175134 
offset_3              0.171207 


----- dataset: Halphadata                ----- model: gp_multidimensional           
rot_amp               0.000663 
con_amp              -0.000057 

----- common model:  b
P                     1.942480 
K                     0.961062 
mean_long           128.872988 
e                     0.008699 
omega               -50.283092 

----- common model:  c
P                     4.742262 
K                     0.695628 
mean_long           326.870094 
e                     0.079411 
omega                33.351612 

----- common model:  activity
Prot                 28.357187 
Pdec                 31.208152 
Oamp                  0.373768 

----- common model:  star_parameters

====================================================================================================
     Statistics on the derived parameters obtained from the posteriors samples     
====================================================================================================

----- common model:  b
Inclination fixed to 90 deg!
a_Rs                  6.548680 
M_Mj                  0.005899 
M_Me                  1.875159 
Tc                59336.429460 
a_AU_(M)              0.030468 
a_AU_(rho,R)          0.030468 

----- common model:  c
Inclination fixed to 90 deg!
a_Rs                 11.873325 
M_Mj                  0.005731 
M_Me                  1.821865 
Tc                59336.225295 
a_AU_(M)              0.055241 
a_AU_(rho,R)          0.055240 


====================================================================================================
     ------------------------------------------------------------------------------------------     
====================================================================================================



****************************************************************************************************

Inclination fixed to 90 deg!
Inclination fixed to 90 deg!
Note: stellar density derived from stellar mass and radius

Inclination fixed to 90 deg!
Inclination fixed to 90 deg!
Inclination fixed to 90 deg!
Inclination fixed to 90 deg!
 Plot FLAT chain 

****************************************************************************************************

 Skipping full correlation plot due to the high number of parameters
 To avoid this behaviour, set the keyword parameters:force_full_correlation_plot to True

****************************************************************************************************

 Plotting the chains... 

****************************************************************************************************

 Plotting the Gelman-Rubin traces... 

     Gelman-Rubin:    13     1.015698 RVdata_jitter_0 
     Gelman-Rubin:    14     1.023564 RVdata_offset_0 
     Gelman-Rubin:    15     1.018826 RVdata_offset_1 
     Gelman-Rubin:    16     1.022589 RVdata_offset_2 
     Gelman-Rubin:    17     1.023458 RVdata_offset_3 
     Gelman-Rubin:    18     1.024909 RVdata_gp_multidimensional_rot_amp 
     Gelman-Rubin:    19     1.023288 RVdata_gp_multidimensional_con_amp 
     Gelman-Rubin:    20     1.015488 BISdata_jitter_0 
     Gelman-Rubin:    21     1.030209 BISdata_offset_0 
     Gelman-Rubin:    22     1.019758 BISdata_offset_1 
     Gelman-Rubin:    23     1.031261 BISdata_offset_2 
     Gelman-Rubin:    24     1.028154 BISdata_offset_3 
     Gelman-Rubin:    25     1.020955 BISdata_gp_multidimensional_rot_amp 
     Gelman-Rubin:    26     1.023446 BISdata_gp_multidimensional_con_amp 
     Gelman-Rubin:    27     1.018450 FWHMdata_jitter_0 
     Gelman-Rubin:    28     1.034504 FWHMdata_offset_0 
     Gelman-Rubin:    29     1.035434 FWHMdata_offset_1 
     Gelman-Rubin:    30     1.034741 FWHMdata_offset_2 
     Gelman-Rubin:    31     1.035956 FWHMdata_offset_3 
     Gelman-Rubin:    32     1.018618 FWHMdata_gp_multidimensional_rot_amp 
     Gelman-Rubin:    33     1.020330 FWHMdata_gp_multidimensional_con_amp 
     Gelman-Rubin:    34     1.018303 CaIIdata_jitter_0 
     Gelman-Rubin:    35     1.022188 CaIIdata_offset_0 
     Gelman-Rubin:    36     1.015541 CaIIdata_offset_1 
     Gelman-Rubin:    37     1.016154 CaIIdata_offset_2 
     Gelman-Rubin:    38     1.018181 CaIIdata_offset_3 
     Gelman-Rubin:    39     1.015200 CaIIdata_gp_multidimensional_rot_amp 
     Gelman-Rubin:    40     1.018283 CaIIdata_gp_multidimensional_con_amp 
     Gelman-Rubin:    41     1.020380 Halphadata_jitter_0 
     Gelman-Rubin:    42     1.019068 Halphadata_offset_0 
     Gelman-Rubin:    43     1.017707 Halphadata_offset_1 
     Gelman-Rubin:    44     1.014769 Halphadata_offset_2 
     Gelman-Rubin:    45     1.017657 Halphadata_offset_3 
     Gelman-Rubin:    46     1.018695 Halphadata_gp_multidimensional_rot_amp 
     Gelman-Rubin:    47     1.019419 Halphadata_gp_multidimensional_con_amp 
     Gelman-Rubin:     0     1.021375 b_P 
     Gelman-Rubin:     1     1.021335 b_K 
     Gelman-Rubin:     2     1.018269 b_sre_coso 
     Gelman-Rubin:     3     1.021462 b_sre_sino 
     Gelman-Rubin:     4     1.017447 b_mean_long 
     Gelman-Rubin:     5     1.019939 c_P 
     Gelman-Rubin:     6     1.022910 c_K 
     Gelman-Rubin:     7     1.018020 c_sre_coso 
     Gelman-Rubin:     8     1.018232 c_sre_sino 
     Gelman-Rubin:     9     1.020836 c_mean_long 
     Gelman-Rubin:    10     1.017045 activity_Prot 
     Gelman-Rubin:    11     1.024285 activity_Pdec 
     Gelman-Rubin:    12     1.017930 activity_Oamp 

****************************************************************************************************

Plotting the common models corner plots
     Common model:  b
     Common model:  c
     Common model:  activity
     Common model:  star_parameters

****************************************************************************************************

Plotting the dataset + models corner plots 

     Dataset:  RVdata     model:  gp_multidimensional  corner plot  starting 
     Dataset:  RVdata     model:  gp_multidimensional  corner plot  done 
     Dataset:  RVdata     model:  radial_velocities_b  corner plot  starting 
     Dataset:  RVdata     model:  radial_velocities_b  corner plot  done 
     Dataset:  RVdata     model:  radial_velocities_c  corner plot  starting 
     Dataset:  RVdata     model:  radial_velocities_c  corner plot  done 
     Dataset:  BISdata     model:  gp_multidimensional  corner plot  starting 
     Dataset:  BISdata     model:  gp_multidimensional  corner plot  done 
     Dataset:  FWHMdata     model:  gp_multidimensional  corner plot  starting 
     Dataset:  FWHMdata     model:  gp_multidimensional  corner plot  done 
     Dataset:  CaIIdata     model:  gp_multidimensional  corner plot  starting 
     Dataset:  CaIIdata     model:  gp_multidimensional  corner plot  done 
     Dataset:  Halphadata     model:  gp_multidimensional  corner plot  starting 
     Dataset:  Halphadata     model:  gp_multidimensional  corner plot  done 

****************************************************************************************************

 Saving the planet parameter samplings to files (with plots)

****************************************************************************************************

 Saving all the parameter samplings to files (with plots)

****************************************************************************************************

 Computing the models for plot/data writing 
     Splitting the plot array to allow GP prediction of extended datasets, it may take a while...
     # 58 chunks of 100 times each
     Check the documentation if the code is taking too long or if it crashes...
     Splitting the plot array to allow GP prediction of extended datasets, it may take a while...
     # 35 chunks of 100 times each
     Check the documentation if the code is taking too long or if it crashes...
     Splitting the plot array to allow GP prediction of extended datasets, it may take a while...
     # 35 chunks of 100 times each
     Check the documentation if the code is taking too long or if it crashes...
     Splitting the plot array to allow GP prediction of extended datasets, it may take a while...
     # 35 chunks of 100 times each
     Check the documentation if the code is taking too long or if it crashes...
     Splitting the plot array to allow GP prediction of extended datasets, it may take a while...
     # 35 chunks of 100 times each
     Check the documentation if the code is taking too long or if it crashes...
     Splitting the plot array to allow GP prediction of extended datasets, it may take a while...
     # 58 chunks of 100 times each
     Check the documentation if the code is taking too long or if it crashes...
     Splitting the plot array to allow GP prediction of extended datasets, it may take a while...
     # 35 chunks of 100 times each
     Check the documentation if the code is taking too long or if it crashes...
     Splitting the plot array to allow GP prediction of extended datasets, it may take a while...
     # 35 chunks of 100 times each
     Check the documentation if the code is taking too long or if it crashes...
     Splitting the plot array to allow GP prediction of extended datasets, it may take a while...
     # 35 chunks of 100 times each
     Check the documentation if the code is taking too long or if it crashes...
     Splitting the plot array to allow GP prediction of extended datasets, it may take a while...
     # 35 chunks of 100 times each
     Check the documentation if the code is taking too long or if it crashes...
     Splitting the plot array to allow GP prediction of extended datasets, it may take a while...
     # 58 chunks of 100 times each
     Check the documentation if the code is taking too long or if it crashes...
     Splitting the plot array to allow GP prediction of extended datasets, it may take a while...
     # 35 chunks of 100 times each
     Check the documentation if the code is taking too long or if it crashes...
     Splitting the plot array to allow GP prediction of extended datasets, it may take a while...
     # 35 chunks of 100 times each
     Check the documentation if the code is taking too long or if it crashes...
     Splitting the plot array to allow GP prediction of extended datasets, it may take a while...
     # 35 chunks of 100 times each
     Check the documentation if the code is taking too long or if it crashes...
     Splitting the plot array to allow GP prediction of extended datasets, it may take a while...
     # 35 chunks of 100 times each
     Check the documentation if the code is taking too long or if it crashes...
 Writing the plots 
 Writing the   data files 
 Writing the  MAP_ data files 
 Writing the  sampleMED_ data files 

****************************************************************************************************

