107.593450603931 
112.235978203900 
96.695223197236 
82.834517628263 
88.134379406845 
80.942214476074 
73.680113142707 
94.144846607389 
89.254189939658 
92.789835564030 
104.152112903818 
111.893718632477 
115.370242590283 
108.347868160834 
98.218808723812 
95.069288280451 
96.922912736343 
97.847935410457 
101.306338500865 
96.551620246215 
104.240078662790 
109.066101554404 
89.824623122952 
91.901701634440 
89.751011864026 
88.040055304162 
85.423451640876 
88.834380414960 
97.441917035121 
95.232143757885 
109.205668122241 
101.330610223334 
103.452317570274 
106.322520122039 
99.881182836382 
102.524076623709 
107.782835143646 
114.393317174830 
120.655670617240 
123.876099352108 
119.634473703222 
112.672554798513 
119.842371123490 
107.586983136491 
107.114734751200 
103.330647554148 
92.691094408914 
94.681871883002 
91.161740079916 
97.990103628977 
101.021483643921 
88.431072632492 
83.752965026789 
89.726125227438 
92.760680785223 
88.436210244262 
84.471975208392 
103.599818731920 
108.647126251566 
112.962265615119 
117.556395284928 
107.410211578978 
95.636309201370 
91.397179786800 
100.434166882012 
98.693014911094 
105.493873324748 
103.278170913915 
101.235206207896 
99.380399810522 
101.694918518401 
99.547131307587 
99.980460659984 
96.928827115403 
90.089220104123 
89.459800892509 
95.961652788441 
92.340748142885 
87.837858390361 
99.563198238318 
110.950681190962 
106.354045454065 
93.120468147601 
98.992106583232 
120.240791335350 
107.434049596922 
99.652987009453 
103.764146814574 
106.139730314316 
103.085047939212 
106.327182436785 
93.086659062183 
79.494297697291 
85.751222975942 
89.068916988844 
101.847496587937 
94.871229766049 
95.065072406546 
98.791172811307 
107.232689504495 
117.878099387660 
105.660739112791 
94.158821753313 
108.769741240116 
108.603867352258 
115.252698681706 
109.651749196188 
98.207783023002 
115.346545271257 
106.649199364336 
113.830919725103 
100.941052920292 
104.249095371673 
101.875435043980 
101.657918299713 
95.587007755834 
96.597701370873 
90.032428212644 
86.365831232113 
81.737487037553 
85.107190409342 
96.921538774576 
101.536462902778 
104.109649110967 
105.036925741465 
104.250843634484 
101.951122030141 
95.126052172649 
96.387099484326 
101.530016598009 
90.649996549187 
94.317296795152 
98.002367435952 
92.660687648856 
107.256870504767 
106.454013805047 
99.768874743597 
89.970209912656 
106.540116869761 
104.644939695793 
98.564650221520 
98.066775061062 
96.524119302925 
102.003320609663 
109.519403026714 
103.118007360004 
102.465147070095 
85.494830356392 
85.765735055824 
91.126756264019 
90.181616518042 
95.591968494968 
110.532314580023 
111.027003493743 
108.373697975193 
106.041769690784 
103.629750040599 
110.641728957190 
97.964519265624 
99.450518028001 
105.315186854242 
118.481586176404 
122.651497864249 
96.040053507481 
97.848397446554 
94.455985151439 
91.424657542205 
99.474324358363 
94.138572770439 
101.049268573734 
104.437531066953 
112.196778227964 
108.583973784110 
117.281185359183 
115.792793604668 
112.838274517835 
103.289582414933 
106.852776855303 
96.103496109390 
101.946075455111 
99.508602136957 
90.478459712132 
95.471708502751 
114.004213358705 
111.957347101803 
107.325257323398 
101.831296823769 
96.638310652302 
90.685000038260 
105.672423837506 
108.133088726627 
98.913543270569 
101.414808253669 
98.821353231418 
98.968685752914 
96.880320908842 
99.441663213901 
99.969479662943 
100.145582402375 
94.460711120594 
104.445599994928 
105.785812738197 
117.798311386547 
110.188531217288 
109.860939789667 
105.925870062242 
100.173429148976 
118.076767020522 
121.122711500992 
127.035107556824 
114.245560474278 
113.253690801055 
114.735762258122 
104.767000848245 
96.436785156065 
87.273499058911 
96.443418590883 
102.074775300134 
99.445712352363 
101.507310754345 
97.425077901289 
94.557098596782 
89.721288412577 
85.046270173584 
103.289043601702 
96.988610874972 
105.677511020278 
107.470245504412 
95.940171738885 
96.315874646244 
102.420184407591 
101.104353472840 
107.771490443654 
105.106311139868 
104.873035844636 
100.846035089784 
96.316134316585 
88.069377220589 
101.225645820894 
105.054572579268 
102.641532166249 
97.527305266445 
86.308041254485 
86.502156045929 
92.326009602334 
93.092889709299 
99.160968245234 
98.507405445680 
90.723834723212 
90.782556928100 
107.176126779323 
106.324587932254 
107.232672780914 
126.270028172077 
129.227636154620 
124.928877978208 
104.670205490376 
105.229703999827 
100.164783065092 
95.590423488214 
103.535945375341 
93.446072996437 
90.401238041485 
98.716172291971 
101.979226260084 
103.103964790868 
100.626237662920 
105.161676684414 
98.662558688656 
105.080682121092 
102.393321168268 
99.720346422563 
100.234442573347 
106.295127076130 
105.461179699386 
108.590554388630 
102.378816142903 
89.245415274456 
97.147113013801 
100.060640337234 
104.251419734636 
105.366103505945 
107.908545143378 
110.488272044453 
109.867413007749 
110.132960724845 
111.676281613090 
108.257939887598 
111.376121456106 
119.440264011283 
123.920564665468 
103.894618705679 
101.704430583554 
87.052248171244 
88.044718066558 
92.887837105728 
93.035161455206 
104.631214009111 
109.532887625515 
103.952236886800 
110.574774480395 
105.753223429685 
114.741153859759 
109.683520668757 
99.655142078382 
94.291128219141 
93.450941491493 
95.984071187758 
101.022114185316 
103.310760329084 
97.541546741726 
89.091913163518 
94.504218188574 
108.919879275048 
107.125046095498 
95.916703330303 
95.350093698786 
101.603698928971 
100.216435795938 
103.119268663014 
99.666895405691 
99.723552997991 
93.368198548271 
103.484511202621 
93.778393064187 
90.121143142542 
99.405235142915 
99.790440151296 
102.294953324991 
112.083051793693 
106.538963510221 
108.917558894935 
122.340325578714 
115.262103100298 
105.408905048408 
104.371123517745 
100.230502941587 
100.552532572233 
110.436333798134 
105.876729136830 
109.738389678143 
105.204383352054 
108.119555911343 
105.058488498588 
100.729790328917 
99.533505695531 
99.608129450335 
105.169904923923 
98.896301235709 
100.692120966018 
104.544817423797 
96.266792489072 
101.504231633590 
98.971183048321 
120.373044909320 
108.097257141120 
107.770819781128 
98.158597267889 
114.536852566817 
104.576831222358 
118.889655342499 
117.025918232765 
105.498219918714 
107.464900709811 
96.491825929931 
97.684361284418 
115.284810506854 
130.111654604550 
120.722275586040 
108.899263415364 
112.543099700052 
105.016688073076 
90.261461643694 
87.220855036252 
96.509792714671 
93.355316648118 
94.583859903406 
99.064113923924 
109.147298977510 
102.087567541487 
94.726064519610 
90.921983917005 
105.151929609502 
95.019472986413 
87.859877021658 
93.727061809605 
92.363607641404 
93.054730138617 
92.916013509217 
101.884899465062 
107.961824657588 
111.316713620086 
102.038134858761 
108.669622131494 
88.297373350810 
93.314093853766 
98.431117238697 
81.686490147848 
80.512188957497 
87.531529265953 
92.274871971843 
80.965718924936 
77.578032059580 
80.956449194155 
86.985876718928 
95.699090653291 
101.070453747739 
105.131231310832 
107.379694759288 
93.139155617821 
109.162566484663 
109.700508013755 
112.503205757169 
114.588733129759 
95.216573741814 
108.256362215516 
105.255968494292 
99.543527271191 
103.727863591278 
103.146121282817 
106.028817446793 
104.847533001182 
88.502430032320 
98.911237235503 
102.848259527883 
102.567785399161 
101.882352368853 
94.978671437825 
91.568015062466 
93.880615831927 
92.688405089926 
93.895870171162 
101.625795073795 
91.458272750416 
95.619968932596 
93.870141071083 
96.102516617981 
91.618509703829 
98.716290214488 
99.048263907576 
99.637458136375 
105.119727593973 
114.040982717927 
119.507440407193 
122.830336366400 
115.796795933119 
121.917993984588 
93.008009270174 
98.405693277503 
103.568769455637 
100.505928392980 
92.726551864180 
80.534071573564 
87.320569327668 
82.596756547651 
85.922816664874 
92.228711768869 
90.859216355883 
91.430181574470 
96.547505489158 
101.473904163319 
105.761819554664 
103.158072849783 
98.651299377970 
94.891529738668 
94.150287943792 
88.970289770640 
91.691576126472 
89.783360564052 
94.290728908297 
97.638952523500 
97.255166771309 
96.404099357304 
93.468142606010 
89.028561353831 
86.648837164389 
92.080538431117 
87.338493908564 
86.027012713830 
90.422788141918 
84.081990198557 
97.527294390354 
103.137921585845 
106.615973993105 
100.242109699305 
95.621347111319 
105.245622029136 
102.226997593901 
106.695183055282 
104.070616728372 
99.745107904877 
99.585418132632 
97.840304396109 
106.915824793534 
105.353879750873 
115.638908832691 
115.810890928995 
109.567301115046 
106.307757692439 
111.256018480715 
112.551270104542 
110.243970207576 
111.657255153591 
96.614416970905 
96.106840839573 
92.952911390301 
104.219318685301 
100.222345444343 
97.927955730028 
103.875155912945 
104.953377218310 
109.715412420576 
111.806434652623 
101.889848388208 
104.571891203428 
107.278046023438 
102.477705750547 
98.542896638665 
93.538308295680 
91.480009983489 
93.547575454497 
102.218215754484 
108.838119648968 
116.540034781567 
105.395761313442 
106.132711338250 
98.915280935292 
86.001438559275 
84.921515197341 
79.101351535590 
92.917321751728 
94.521076466987 
93.932739204951 
93.983461296483 
87.025592201674 
81.944647210271 
100.799145341743 
98.245649288754 
104.710053341603 
99.663671802974 
107.240030034176 
113.538787407215 
104.953756928284 
101.557643000069 
108.444738141903 
91.540507184208 
88.022693795166 
92.417613571549 
101.303599647521 
92.935251539727 
96.539101052470 
81.548231092154 
86.258620144537 
92.744531696515 
96.294840507447 
97.380331580515 
86.049171696853 
96.716640748127 
96.058559223035 
91.062258368257 
93.647588573075 
89.540362161963 
98.938631637880 
100.734705655143 
104.273652371827 
92.928866121381 
91.162214198486 
94.738488677501 
106.123660454554 
99.338579771311 
116.820638221408 
113.910019767946 
106.896722395029 
112.564857477449 
110.474843397984 
109.877677441228 
104.875599964242 
101.412958382056 
98.220983530041 
93.061251207881 
99.118095071614 
99.375338417267 
101.033312292623 
92.865031975508 
93.756328021680 
93.495486308125 
87.226211374832 
90.978137427356 
101.604960586702 
99.535541987387 
101.338727416640 
106.382199344546 
104.273158765021 
97.443293612191 
92.821999197336 
91.939937400307 
94.714694727205 
97.557998046816 
95.708359085592 
94.261776996643 
99.421927665284 
105.111936880125 
107.073316347575 
98.595556372095 
106.916606139657 
116.395955783478 
109.034368666977 
102.996066515295 
115.301177536667 
115.071977596885 
113.490375310617 
105.855361777528 
109.851525627781 
118.282604124291 
115.912727394625 
123.922519959570 
124.548311022080 
122.573623590610 
122.773841772778 
125.224401423842 
139.293392030776 
133.094300901124 
130.659795268624 
118.685904294611 
117.185369492005 
109.422762323429 
125.191899573708 
124.594936474751 
129.667349008064 
128.059040968985 
119.521622276156 
109.277044156440 
108.531061867482 
99.573525428701 
97.125774220417 
99.650868822586 
97.683049599130 
91.677189692837 
96.577487635592 
96.173519832019 
94.654563071240 
97.362889149042 
108.989692641839 
127.536188193518 
109.721893954012 
119.320406562402 
104.882104875888 
111.319049909553 
111.792933765924 
119.377487570876 
116.925532302104 
137.006013131796 
111.625030182677 
109.212040944743 
104.398240269015 
110.975206500228 
114.125562212258 
96.195150606901 
96.552277824978 
99.370329036307 
101.068508390435 
109.739236407324 
104.469601120774 
99.166850255951 
98.975872431898 
94.746500783919 
97.030193927472 
98.469193642520 
100.915968062891 
95.897249563346 
102.193272597662 
100.635339199849 
116.996788819093 
120.846821235709 
110.669195131919 
100.730699882925 
100.755717723472 
93.239520275933 
95.998627057651 
103.747711864220 
112.392824424032 
108.634380518426 
107.556497792494 
99.305924531181 
124.614587715855 
107.195775369746 
110.162110712344 
110.453368268817 
99.693463063792 
100.699422933862 
104.437162175059 
97.720531172932 
103.446161528846 
90.141217476565 
89.280365392059 
101.779504396609 
94.446814694813 
98.125998263706 
91.703366863482 
96.302848369479 
94.187602644068 
96.390646165820 
92.520883706918 
93.935304532615 
94.551806052911 
97.619279729286 
93.590421295121 
97.168411161275 
94.898958373363 
101.956503173375 
106.196865417344 
106.109299965838 
96.242212005352 
96.038071869439 
90.755868759963 
87.507130879671 
90.942735430218 
96.209127609990 
103.968903830014 
106.895784585096 
100.451580691723 
97.541417583589 
116.690018854989 
113.341872160588 
120.968982806058 
108.691880474298 
111.335087893598 
115.709084345315 
98.968622245213 
93.277921414494 
101.805501250354 
98.614203996633 
110.925349521332 
114.676117716270 
104.449632383490 
105.235867043408 
93.941781953173 
89.679578865977 
97.583953480787 
111.818430662533 
106.617625702233 
109.602674841952 
109.129478802402 
94.921313575584 
103.435483631345 
108.487441317016 
104.668177122794 
100.877663532525 
96.283811740472 
90.262239897771 
103.687516008292 
102.578684869207 
103.948591479658 
105.556068811857 
98.957266055265 
98.319506282251 
95.646756197063 
90.521239200229 
90.649280584398 
101.406764973290 
100.603466031224 
99.124660980735 
99.721192528899 
85.315800233849 
77.416171451835 
85.694374075073 
90.090345714071 
91.692234095332 
81.443495702122 
85.203564398451 
88.172155358118 
80.471635659670 
98.026248231701 
102.784001446602 
101.124668873416 
96.790812238105 
94.811285119883 
96.894623865486 
105.655858186964 
104.888385670229 
104.417929394251 
108.430605036263 
122.473808238238 
109.214520779186 
109.791345365309 
100.658700040761 
111.511119832335 
110.535519770391 
114.243114055028 
120.024961491091 
99.584956202656 
97.708448157333 
116.105974029860 
109.577353830881 
90.603516305770 
85.025577294059 
99.324953023162 
95.566914882281 
91.067324491902 
92.063344362262 
99.462158315565 
91.205822245700 
87.020991076682 
98.497138544231 
88.650585672701 
92.978133890500 
98.095293815395 
97.658791601188 
89.305987381908 
99.540420849280 
97.792989166791 
94.399726265928 
96.065196145389 
94.794802166723 
104.437297299680 
107.048493420128 
104.211552723999 
102.390771344868 
94.568961107080 
95.533856173928 
91.117062845283 
98.175492422587 
101.282423570633 
109.412733957246 
100.150814894531 
98.576607081119 
92.215533963460 
90.732719450380 
93.786170693269 
96.360324757039 
105.550612974986 
114.407683299439 
106.310057864579 
106.475092708245 
108.725423227701 
102.986152431871 
113.106308808759 
110.220487864667 
108.541296664528 
106.889480129494 
110.077670852754 
113.832831688256 
97.216770776867 
109.708636742231 
107.200608891679 
109.276543275024 
110.347244029221 
95.610613883584 
99.899201257917 
87.708222403522 
81.421019911309 
80.579296915107 
86.557433221175 
87.243857454412 
100.084879261184 
89.231576008393 
90.561614893446 
93.354393215647 
84.091974529864 
101.466147772540 
106.483875614861 
107.902825737047 
108.391014430600 
101.599406884411 
116.018483194624 
129.978248397572 
136.881778362879 
125.678097348568 
115.551905100933 
113.283017810206 
120.510791248102 
119.019581524220 
102.958528594046 
102.846718021739 
94.099542585960 
91.716439743443 
97.058121148047 
101.505150909742 
96.136318564667 
109.063110382528 
107.454016558329 
112.038783275753 
104.159598044887 
90.153404041245 
87.096461074914 
92.229008792787 
107.451329109922 
98.333068303681 
97.124447578843 
96.552770877197 
93.567387978637 
95.018025656781 
98.333249673082 
102.273318522330 
100.345430403931 
102.176473658972 
110.554335368856 
102.872596990857 
98.069238677050 
110.007455742252 
113.913000581035 
91.415091586218 
106.027714536666 
99.430812047424 
94.725009231592 
86.372566745762 
85.527913036363 
94.192394596815 
94.264926504694 
104.899824815502 
96.840904486070 
72.907714712559 
91.442174485463 
94.156157158268 
94.103946794231 
110.677782195194 
103.797020909497 
92.092453517807 
108.820668312909 
98.411667971392 
101.543193161418 
107.258902815633 
110.031975479879 
107.624725374650 
118.484751422324 
113.829594209174 
108.013763175844 
111.589774245928 
105.874434926311 
103.380291918001 
106.503561918837 
103.929397793859 
98.546608684660 
103.904283254885 
97.530723815519 
92.063611918431 
89.597661768303 
99.726285778473 
106.148022198896 
116.394747392760 
110.768808830279 
126.600020439345 
124.400621165837 
124.436670840255 
130.863168135223 
123.054269471857 
125.556258175677 
114.097450953219 
112.476664213508 
110.335094661007 
109.839635223132 
115.336789327626 
98.187632589634 
91.890250906547 
96.163970309027 
99.556988635517 
100.137531497364 
97.189952258971 
113.102563782066 
110.570374173127 
108.445284445168 
98.826182421439 
117.125310665268 
95.445573701969 
104.200877737138 
94.411929798090 
98.588619863337 
100.542941129304 
108.679043165311 
109.364843482198 
116.321161939619 
115.187166777355 
119.781886864537 
104.671350657157 
105.496990757817 
108.797074804740 
111.687484260221 
121.929569811819 
118.626608620241 
114.923953792254 
111.385826542861 
106.253273029242 
106.163015264051 
95.173006721929 
98.442954335357 
100.109860359238 
98.454445506637 
89.792042360676 
94.480104028428 
91.141586063029 
85.694452973657 
84.031061135865 
84.077453310075 
85.934754284984 
88.075912841734 
88.940449178327 
89.632240359848 
93.041420321521 
97.936608205163 
91.165564386767 
88.425687482589 
97.256524785254 
91.586157085243 
95.741609909408 
91.647699221982 
91.458612378346 
90.371211828593 
94.952709894406 
100.221313866279 
109.355395614852 
119.055482362420 
122.003278677894 
115.600718652699 
121.478320093806 
126.671858684866 
121.421658441648 
132.077918231432 
130.751925245182 
120.336699866699 
116.537913851686 
139.503107885886 
122.506595434154 
126.327294213661 
125.322991440956 
123.453821386762 
120.140409887841 
134.074685154864 
125.297394772653 
123.794940637326 
111.286857019864 
109.323982738721 
97.033045748762 
91.117327663825 
94.691762353303 
110.235149077600 
133.180863731821 
126.362094043828 
119.032431455860 
111.493163052185 
112.020268478561 
110.981088956476 
95.401947792961 
99.243465551643 
94.276852289154 
95.977552535294 
93.169771186060 
95.691010186699 
101.998493154866 
93.240530590812 
104.911168814195 
103.094621983544 
91.145052174279 
87.817906040876 
91.827419462850 
99.057675356962 
103.209503837808 
109.634278729010 
108.716166899078 
111.864667049727 
109.978638710140 
101.691550544119 
108.678232935736 
110.415299105629 
97.292881555406 
109.848651865045 
107.471079502283 
106.008942607341 
104.577633876762 
107.288377566762 
113.801173441243 
126.052137368582 
114.016735141603 
110.951091409323 
123.518585940223 
106.248880776052 
94.617546195430 
104.327936430169 
98.722733851398 
102.216647185801 
103.464005341376 
106.573618177694 
102.432492128140 
85.536993801711 
95.432681833397 
96.273260130204 
102.249151506088 
97.008754123740 
109.022693830832 
102.893199945218 
96.826289830361 
92.866627895708 
96.082028087963 
97.565446297852 
93.999759244256 
94.861375389095 
107.789664223877 
104.153193506830 
93.725124453929 
90.443057788648 
94.725611326634 
94.920671171716 
108.635302503741 
96.375710138780 
96.297681665863 
85.405076650695 
89.663028017595 
98.786534935662 
90.641521426584 
91.185162467993 
91.889732235864 
93.009988011230 
98.635056237171 
95.216498086545 
98.125001419310 
101.247442878431 
102.174927822794 
104.903010124174 
109.085061904982 
97.547926898302 
95.301104119424 
110.507329321914 
117.157435330901 
97.105419517842 
105.940380874353 
99.181190794094 
85.110487856715 
92.871537051457 
91.797799545242 
91.332208113679 
89.346049300862 
94.437320943166 
95.535559269110 
82.419132216564 
101.271946652353 
99.208013898126 
108.040647196674 
103.045708241576 
105.085293383122 
106.983078854869 
107.477777432759 
104.005117456243 
100.516045700791 
93.911190508044 
92.190472456161 
87.328888307402 
86.057899435677 
91.191124576995 
93.463020978772 
104.434435093194 
96.316258480541 
95.656539878654 
96.885978520785 
98.749367705200 
103.440383774286 
104.606016022975 
99.937169223722 
109.330153689461 
104.995280175599 
93.653357388763 
98.397600596151 
101.889277588942 
97.212419232735 
93.038901196652 
102.706993978677 
97.430328426832 
108.412647397181 
109.079288154803 
100.412296059107 
103.310865220111 
121.728736552184 
102.693259760461 
103.720497229758 
117.766192750356 
106.411219279219 
111.177935369133 
113.733260482286 
112.686187620799 
119.063120831148 
113.854628948635 
109.957308910328 
92.923982661368 
100.966236591147 
106.424246959156 
121.452411482267 
111.275344782541 
118.118422151483 
119.192270305723 
99.923842385321 
85.600529711178 
88.212412717619 
102.692422687418 
123.843067549821 
120.968244246414 
115.940111601561 
105.969944200845 
104.156109512438 
109.162702406506 
101.775812369610 
90.427429261866 
91.800376582663 
101.261860702241 
83.876076515704 
91.645531003919 
85.694839648816 
83.991380805134 
88.681456388716 
95.716743190119 
97.517552680165 
95.136184784348 
92.938884001911 
103.493160294459 
108.080714615128 
108.869418085049 
94.709906529466 
97.856939111926 
93.455616217262 
89.164338525357 
92.716293231468 
102.594305808013 
91.122396960213 
95.109435873487 
101.707647833375 
85.023418059353 
109.584270857430 
106.230703182139 
106.996620518524 
132.677269379761 
121.955157131926 
123.476176475116 
104.942855185755 
102.416592322033 
105.027470512786 
109.573571890813 
110.096468548430 
105.118834780982 
125.679605538568 
121.274943634909 
111.025005691081 
107.730463634923 
94.915984327364 
91.528920408607 
90.496087956373 
81.612770051076 
80.802450703668 
83.804748393622 
86.106360261244 
96.999866034634 
84.066404902993 
79.859605968783 
85.603037753758 
89.004256421061 
92.873417943088 
92.340567099403 
93.411235719715 
88.866882713943 
82.306167177870 
93.586167526465 
82.617401859188 
87.838275803436 
102.931871058775 
98.055354813863 
114.880436096493 
102.028821997542 
98.970703281923 
98.433478194044 
98.349600233419 
99.810647043859 
101.349696281235 
108.996472864706 
105.248133374384 
94.844962583363 
81.124044923527 
95.223682144975 
93.852628376648 
104.049897647644 
103.024061294679 
98.656406281202 
108.747050959383 
88.956389861704 
88.825927684230 
88.163386958043 
92.144798667251 
96.373591856843 
111.904399016177 
104.077603016730 
100.946793000699 
101.225199336081 
102.334145408494 
103.198584335481 
103.778678007886 
110.135031755142 
106.660998099209 
93.670707353745 
105.186367397828 
77.265047358656 
91.871730604685 
86.641330843127 
91.389542882156 
94.963421678980 
92.421712936552 
84.581234892062 
87.838914731591 
94.534787690229 
103.856283696040 
96.217246669302 
101.514287082470 
94.078463084369 
105.671496123887 
103.200509369534 
101.608857047076 
118.040228699947 
104.975232248948 
95.515515421139 
95.953805096224 
96.618734421964 
95.846354713939 
101.345479421859 
95.450478939703 
93.591687256091 
105.220398122013 
102.978152786788 
99.375436054303 
94.490906511683 
96.630846790980 
88.767466968766 
91.910354613980 
96.155333236361 
73.569217180338 
77.954320335766 
90.181731843193 
91.497335037968 
94.143977324884 
91.931139804509 
89.341120164465 
103.149929375906 
101.514646314569 
85.933826981698 
94.818223714574 
101.293204006221 
100.301351337223 
107.283536387290 
107.736550431394 
106.936793222655 
114.562359844051 
113.343619982298 
109.385173654183 
90.919751077833 
99.858015770050 
122.381019346321 
116.502520351361 
111.691275315354 
108.621908301881 
107.942196744234 
105.861189037401 
106.422002092455 
103.594843584014 
115.468133027208 
121.719579575719 
119.765378955836 
119.825659589924 
117.734844336229 
113.120414211314 
115.425910651753 
115.718584818837 
116.294128015512 
119.918894298363 
119.718031871968 
119.668461792336 
113.239566364743 
111.554607114693 
130.973279267037 
118.928690635290 
120.468967458130 
126.069223926934 
124.272760653826 
121.038028579210 
121.777845099447 
123.195336096304 
101.066388301121 
95.388453046044 
89.199420600566 
77.883978785001 
95.336636807151 
88.196914629932 
80.272631364518 
86.647608232434 
84.760459858611 
84.689380363361 
87.327348562637 
88.749503365880 
87.946216657149 
89.701812482824 
85.631903936970 
95.588159151838 
93.370085081771 
99.331606861911 
100.416428383077 
93.379626602010 
92.113352675839 
100.879825467217 
99.645864207662 
99.474010549368 
107.044585520593 
99.913660464350 
100.539179850382 
92.067478029729 
85.531798909074 
104.591491521173 
98.310715593739 
105.771678739783 
94.269049228982 
85.709036355824 
87.090800989271 
88.210033392328 
88.627118374940 
101.335739169472 
90.467513713997 
85.775074587144 
98.998637480657 
96.402786570263 
97.076173559969 
101.889102976643 
111.207415500971 
117.572817501688 
104.896076071736 
99.412230369155 
97.306280510244 
90.378940509973 
90.023250886583 
88.254828723352 
84.037858912916 
84.437583238199 
87.308467271266 
97.170572037051 
86.212472739090 
94.821075740585 
92.869754943070 
93.887400801561 
104.020952731775 
89.881701536690 
92.442683572614 
94.885533247992 
105.473110143217 
102.973481669984 
94.165544545915 
91.405766871136 
98.096105421473 
102.672836985438 
97.363473404839 
98.735510557031 
104.181652563888 
96.142819373071 
96.063157003233 
92.780664897366 
84.706848329352 
93.358630081952 
96.608070201000 
103.191267659867 
105.132581949471 
107.676098037066 
108.971238118405 
104.868045760101 
99.198668729753 
107.590180822987 
105.833399392504 
104.969613738906 
118.318918105745 
129.592087610406 
116.092443542055 
124.373587234458 
106.555725454659 
102.507801555549 
106.165406052441 
102.989036597833 
106.320303669935 
100.082061093920 
97.318105942506 
95.212030973738 
94.538646135453 
95.507107232780 
100.342280197342 
92.767184301886 
101.112720400737 
103.245021357326 
102.326188877547 
105.473845368234 
101.350526695237 
103.186914519884 
104.907441577803 
114.572969274178 
98.568517251941 
99.157940083616 
94.168908154935 
100.603902003969 
87.260322923667 
89.019975334628 
83.910666141552 
90.777876889391 
108.338333697820 
98.754430727215 
99.471474706334 
96.293813590022 
91.201675859384 
77.705330074081 
97.124383347508 
97.964764286190 
93.051473306981 
70.015433685558 
78.574550445804 
78.331306752144 
106.039837654465 
104.486640001227 
98.881072548564 
97.362850033492 
107.331774835689 
87.085179622305 
92.563997804926 
88.406770326083 
92.559625003118 
107.555150881141 
95.035883608892 
84.575560891272 
96.712710174203 
90.974869915793 
84.552882902278 
85.172059019834 
95.262648255297 
102.452147366843 
105.613356817658 
99.718729300086 
101.639531030502 
100.052850531141 
108.667694841809 
112.974742757129 
99.582121263044 
95.353162942160 
94.430966551860 
101.950167978203 
102.094371651457 
98.823805879831 
96.658672116452 
101.750945307844 
107.678821172750 
108.322722550019 
96.427750322037 
91.405016357620 
84.188337300546 
107.005574161968 
104.785086839485 
104.426455018063 
102.673705915327 
118.129109501018 
101.112293990568 
101.471836721287 
95.914876515865 
103.515885611716 
99.000995498481 
85.636521413161 
77.817332427602 
85.206905128266 
102.384852980018 
97.294018630791 
85.016471719382 
91.874211749900 
85.605217625616 
78.783672248290 
103.942274925838 
99.429371963751 
97.239630002795 
93.930104459091 
87.024352709644 
91.637195637594 
103.754608029831 
114.491279858600 
121.897953074145 
125.606333360699 
126.472842140553 
125.182703663950 
98.614702522706 
105.771583671222 
106.729452191224 
103.970328582515 
82.831236384638 
87.354159557387 
98.823810272579 
107.240937389320 
105.573665813109 
101.685700628369 
92.577549429659 
93.657898655728 
106.171935303717 
136.976926019380 
139.543187221934 
121.019849554535 
108.902305891306 
124.519305859444 
116.428174969049 
105.261280914865 
103.135512170358 
96.151175344467 
84.579415928455 
113.764843078397 
112.624157675069 
100.499631238974 
99.173587740958 
105.200790975285 
100.472352258384 
100.126572272823 
98.343591633117 
93.076821427490 
90.119161650729 
105.439144811972 
95.740234100170 
101.638778199149 
95.026667531908 
95.168828780670 
106.433780010455 
100.306610218009 
95.741635024063 
97.593433813491 
107.863583292517 
110.102022285150 
95.725014786948 
102.986887526795 
82.811863804400 
104.746742656577 
110.536997624872 
123.416374056662 
114.680750310606 
112.710699794457 
104.724249835647 
106.947899306318 
99.222292302293 
101.579093843684 
101.167606260051 
100.376203390142 
109.367993971146 
128.073306279143 
126.573790081150 
111.044786435664 
113.318715779193 
103.508183347434 
96.941056894707 
99.597833018417 
111.759659746853 
122.654297674996 
108.275678671805 
122.906534716133 
136.615629530961 
144.104058955603 
132.735499252607 
135.810607980643 
125.706152371872 
130.780953744207 
129.033609520551 
130.308101368027 
118.332706035474 
127.541749198885 
127.770242632478 
122.051114256706 
122.838623440131 
102.575608239134 
91.290880205718 
101.735496034690 
114.826185050278 
114.808034747526 
108.344032412167 
101.095834905642 
108.015802143452 
104.298240574415 
99.753827860372 
112.982932300477 
119.087308140201 
126.061299289093 
128.726121110403 
122.933773512652 
117.995719404361 
109.979048522254 
104.308827778984 
107.742430133850 
105.354682379569 
110.019105385297 
102.458941553962 
103.743072496098 
109.297540339845 
96.978096164429 
84.079095531709 
91.725263733816 
84.208877215898 
86.933738130878 
92.300753375177 
115.081397164727 
105.499836898739 
106.610592718714 
108.733749596368 
101.457864281221 
105.725290596668 
102.808849165625 
98.195787928306 
89.766905581176 
97.528497805259 
95.088023855467 
83.178245737604 
94.307542629329 
113.335506040246 
100.118751813194 
112.438467774967 
85.030820473402 
98.272247980364 
99.184108061544 
103.592475625400 
98.710730271527 
103.705238299255 
86.967306864687 
85.013374172475 
92.270140698902 
97.225113382668 
102.089172695411 
106.123305155447 
104.503400344460 
96.954064606942 
93.906305020594 
95.210836247108 
98.609232713001 
107.161089377988 
107.250160944199 
103.544619625434 
107.730080948964 
101.467046215726 
99.343925117231 
91.569094537504 
118.625220800253 
109.936577367885 
109.280311500997 
95.238515267955 
98.491764986659 
99.262357594605 
87.173058026741 
87.530126027615 
94.258155352410 
94.305868030009 
81.415144730400 
79.853148213605 
85.965172769898 
93.631113030319 
92.134136264096 
83.892152694962 
100.399866161443 
87.414241768361 
97.697147174241 
98.153023352268 
96.092757629470 
101.035587176411 
102.296504490895 
99.131181486695 
108.704339402889 
100.236673971050 
98.352055280125 
93.492358826136 
93.163240954801 
87.720927316977 
98.112958839611 
101.413255895974 
106.326747558643 
105.628872319872 
113.354919299787 
115.842382996077 
109.081325981087 
119.883199300335 
104.873671188679 
104.935106677650 
98.772992403576 
114.654073458361 
113.390832448521 
97.665790081154 
113.901073016595 
110.071241684424 
107.898767711077 
114.127958021270 
103.346407743065 
89.002362757963 
105.753335898565 
110.418822208113 
84.686842475699 
85.056376944247 
91.023394490647 
105.566960084935 
96.330622443930 
88.522835137903 
103.273976735105 
98.543064478248 
111.960777493191 
98.604585897427 
113.016494412780 
126.363751275343 
120.432829999987 
114.438196661852 
106.191239616575 
99.161736832472 
89.067283935901 
89.433501972042 
96.811322984625 
101.055130846603 
93.604457168245 
89.211213526676 
88.336701231088 
101.240889564365 
88.056825592118 
90.942945978061 
93.467823719475 
94.340524318145 
96.802140921901 
95.415042761865 
99.823808964158 
103.629029036781 
99.493659089515 
91.716282302169 
90.429227661492 
95.068552522312 
91.909580709780 
92.642601933732 
92.343776826901 
102.018449788317 
92.948476053615 
88.100472599498 
86.873068307776 
80.121027249130 
96.101355925619 
107.428924444589 
105.355521140929 
98.399949507138 
100.546828505765 
102.240523499840 
107.998492900204 
104.856705456105 
129.184755611235 
120.835214025321 
113.606875764474 
122.855917615322 
135.044503282976 
130.185713532061 
137.414617214707 
122.002828610762 
116.837607403594 
115.632298122530 
114.709915612678 
117.402412928484 
110.150251803446 
102.405297801201 
116.840508054664 
118.900121034433 
118.457128435133 
119.500448127838 
122.627309339436 
122.476176099871 
119.860935193368 
122.456407590394 
109.576708972716 
121.002374798817 
131.233868102756 
111.962166781678 
113.177980422927 
100.800647123865 
104.389477871958 
111.822940541580 
95.869537356030 
98.982810034195 
99.922884226207 
98.307415109781 
95.509940531934 
99.233308356700 
105.920869628521 
101.833612957208 
94.365488886587 
101.466066306582 
94.043954780314 
91.610683987248 
101.897818106893 
101.985129517860 
94.675995277187 
99.889070270740 
90.448772488927 
97.256098033925 
101.108083219081 
96.142716005050 
99.639851601459 
100.818041307198 
103.367637947378 
87.667105014063 
91.049295949967 
100.720769492368 
102.909988582121 
97.349466334030 
95.555474642204 
93.110466407060 
95.039770636500 
94.612060198704 
102.827722269005 
93.607324022757 
88.280173013078 
95.581188987337 
104.338556407243 
105.545859539579 
104.886798041084 
103.422418708384 
97.309727854489 
95.152089068407 
91.477258148312 
103.936329709166 
91.535759047169 
93.982646897154 
102.259256076223 
99.286871258317 
101.612770476691 
95.788374717629 
105.802051511055 
94.258348098181 
97.263018603998 
91.330121055137 
90.750352255854 
96.429620720503 
90.869685116992 
103.913852025270 
109.295818212361 
120.764431594039 
124.499172839449 
119.268269477039 
115.092758526638 
127.383578545620 
126.299806998611 
122.135170167884 
138.505698083860 
117.201969640883 
107.028594233519 
103.545054815012 
96.607963743363 
86.473644892368 
89.565213474863 
94.080561887545 
105.989732313909 
110.142473986753 
110.547081586211 
95.037861311791 
108.175666078611 
107.671429918909 
108.414673411762 
109.108213134320 
108.662835077622 
99.082620333622 
95.512247187341 
99.654878487830 
104.691279409271 
101.247380621858 
95.100079808225 
96.251768796789 
93.760381065614 
93.980824286940 
105.941288600419 
104.746606235700 
89.561304137051 
83.851685578326 
85.909210197719 
94.598181943594 
106.159662121663 
102.319969143077 
102.488026847150 
92.182108957170 
94.224705757255 
89.589750082739 
96.379237405808 
101.477677851603 
115.402550579495 
114.723427892684 
115.750897077960 
111.521607590838 
113.354439679243 
98.574337792930 
87.838432092757 
98.139668481080 
104.415873410500 
103.472006247779 
76.525571507783 
96.619841987481 
110.447853153409 
120.003155153393 
116.753894752208 
117.403430927803 
102.217538069244 
91.957072570087 
100.070603854681 
84.610972843065 
82.545536891109 
98.004616632704 
96.918940725267 
105.717192339197 
117.280541488265 
115.364169167789 
101.850290097563 
92.605540280822 
105.362364797392 
92.181740341900 
92.680811417584 
89.196447001949 
91.546308815066 
98.001493924079 
101.322716109457 
88.663444496676 
93.721659502489 
87.420061187433 
98.099584207242 
102.875331717199 
91.069285512634 
84.181045721688 
85.001598017360 
81.498747995924 
98.791630037147 
96.581924528509 
87.780178390568 
95.110041435136 
97.406032265533 
115.940551058833 
99.814664667736 
103.259850269694 
89.572250785051 
94.933555111869 
101.503256432575 
100.443901115127 
98.595422105432 
97.919663312476 
87.225206699924 
95.809181138393 
96.839607337641 
91.454909796974 
91.984049167942 
89.606869758137 
95.362713705183 
103.333427288844 
109.885552170635 
116.267332240114 
94.407933745553 
110.746112287484 
104.198518591834 
109.740954240862 
98.321379830560 
103.698401193229 
94.630323191502 
101.481269369101 
96.639043109715 
98.417695789767 
106.245901686604 
100.730296817680 
107.150882577892 
103.376257941164 
104.875767232818 
104.165046612966 
111.281124914994 
102.848913257112 
111.595662635457 
108.225643936160 
111.499852920518 
108.454654856921 
105.558798377497 
97.309961454352 
98.286387407012 
102.154203816148 
96.255145055143 
111.949350117337 
118.278161459974 
125.435194436351 
117.385707940915 
102.919249060998 
88.693154985410 
95.856015309158 
92.111120571208 
99.817922122894 
99.474345749081 
99.296717679608 
79.419477768194 
89.597263994008 
107.638972114478 
99.886330849413 
96.591788512392 
102.809455501845 
103.452442551485 
103.261666295266 
114.607064462661 
83.798021678462 
97.430340408465 
96.060061183914 
95.069262017745 
104.527118419973 
109.113910651387 
101.467709761690 
97.132376444092 
93.342577557785 
103.848747863902 
102.687145390660 
100.816081767916 
91.974879336852 
89.980413340748 
99.992553343732 
93.729425192507 
94.789834162689 
88.777966684044 
96.263773065152 
91.702847665316 
89.857984948307 
83.395182155170 
98.910191535089 
107.679371564587 
109.898617835601 
111.895359349386 
102.020182123920 
85.347579507456 
84.524384862633 
88.226866204685 
90.250752308667 
93.747976774949 
97.417886125434 
97.829446985423 
81.428436359122 
88.398902615431 
92.111036004928 
85.440885434959 
96.423016514422 
100.879873887454 
106.405704444381 
104.427766673389 
94.234906077808 
89.707064655470 
92.464510109041 
96.198834855208 
93.863346506846 
87.890451891530 
98.263064211031 
97.282413096978 
98.629378350049 
104.851095221776 
104.059426688428 
101.944583509347 
114.033295361600 
102.590929868516 
112.647860645535 
108.591018743538 
104.205703394178 
102.667226445073 
108.953442021351 
104.362465450607 
92.711053301684 
90.878574696815 
100.700287164253 
109.888178917895 
99.358335021108 
101.917561348945 
107.127294216075 
115.907219655091 
104.921738177155 
105.831037432145 
100.865621168587 
98.922655901184 
95.228497207601 
101.482511181544 
97.630072845640 
97.533782803376 
97.585618437113 
85.538543506112 
91.045992448398 
93.221403513694 
88.559067308638 
96.748411172079 
88.533553628545 
107.079047705211 
93.375611372906 
104.547308897784 
88.163205079284 
87.733173563851 
91.319834882121 
74.058673562680 
84.655661983863 
91.379140157407 
106.154338841747 
104.498653649927 
101.650947749061 
96.471800203306 
95.130336904857 
100.988725550437 
92.785017960773 
92.754729434244 
95.725428024495 
99.557347741056 
98.388602201588 
91.462747963169 
98.081566512430 
99.699714833618 
108.243655215287 
111.056437696860 
119.192374281620 
121.533612862286 
118.080024737630 
122.920926544312 
123.463487909199 
111.787272168161 
108.308028615243 
104.969750410904 
103.627124262715 
105.131921676795 
100.901387621656 
101.899646120619 
102.251126763519 
109.793439135199 
117.523033392014 
106.298715430141 
107.830901089074 
101.405365538174 
105.521885878804 
97.091945349157 
113.313494536006 
111.335826047342 
105.513043113549 
100.303392904982 
97.170968862322 
89.409213190777 
103.479736551643 
105.385262706345 
108.520605623695 
111.894307026004 
114.060021563115 
110.662381223120 
104.325050605590 
89.509101034059 
98.641486562231 
105.835511692928 
110.486056455474 
104.530287713184 
96.137419854126 
109.170563353906 
112.188231428391 
113.218108593725 
104.867816127080 
101.972297341523 
93.795632353454 
88.955020720812 
85.439105759461 
90.543056025767 
90.557381415202 
93.485486781905 
97.250724234334 
102.240137199664 
105.883670867141 
94.709794338808 
108.343599679239 
96.032429922249 
95.939225596399 
95.958114652882 
101.735511363725 
108.836912518941 
112.756438244932 
101.647579467010 
92.214017186876 
88.827001359484 
84.422710576432 
94.517634788651 
102.881670091647 
102.686521980951 
101.994245586548 
99.271045259863 
101.256311316333 
98.057310973837 
103.587081262439 
83.657310065258 
95.283499694333 
91.750162277676 
84.014363331610 
79.370522956926 
97.786658702357 
92.701588921624 
89.454338106262 
95.479135677792 
91.750761810848 
92.063313443922 
96.764290405635 
103.977165748615 
102.321471086130 
99.133718668389 
96.966974025346 
96.497483136187 
95.074851678734 
99.494164758790 
93.638008559517 
93.297241621654 
90.662371881703 
85.739426731299 
95.130356844429 
84.584823630782 
85.357703365978 
89.816707147594 
97.771430095856 
97.507484209367 
94.436099331154 
96.282995202587 
91.775067685166 
96.528555411860 
101.724792853386 
105.097973654854 
93.551297234832 
106.997245245564 
95.190559055167 
102.775703184894 
102.116660639607 
98.887285753236 
93.905993663591 
94.382342996748 
85.392040397550 
81.294019691846 
97.969843564308 
95.847865795969 
96.841799871436 
100.779294544875 
99.259978045306 
108.861966462135 
104.733541519734 
129.182910141178 
115.512273246929 
119.023546543841 
108.917746351032 
98.452156222362 
92.616457333897 
93.803287137436 
92.839239428180 
99.256681031925 
91.281369795568 
96.512022302249 
96.250046425939 
121.112322365194 
117.746733201221 
115.720173479530 
98.519274085973 
99.101713432735 
97.825492481747 
104.191358591898 
103.162638705574 
124.392885087934 
124.926409620035 
119.459740809768 
93.186860183021 
88.821015240039 
91.332424616035 
73.953993360691 
80.464251651836 
91.256006749341 
93.045585136880 
91.515957632721 
89.417256219481 
87.603541334395 
85.321231014049 
84.600423440775 
88.683413399855 
87.828875690269 
94.836566514246 
96.442955177710 
113.688886624306 
89.051385853383 
102.637231999855 
113.662393055059 
117.947478475288 
111.532533575678 
108.505933477752 
105.455773335918 
111.059398475692 
118.390437397162 
119.486997594585 
119.175589933693 
116.320585999645 
116.463460996634 
122.545262313761 
113.714800291398 
110.120135027890 
108.990772204591 
108.073092081536 
113.793608297912 
115.487836365045 
116.540752224433 
125.665817054032 
108.808513415009 
107.046989326134 
107.812103119510 
101.362538689541 
103.059411844015 
91.781529088639 
90.302016202758 
98.828872918032 
107.608059445559 
102.245174109905 
95.718220381823 
90.537540425632 
90.918525831868 
107.057027820984 
106.446948542169 
93.440059588575 
102.260651976390 
113.525868573447 
114.134875064181 
116.626996319355 
120.077557333306 
106.594457613957 
96.355077222784 
91.718417827106 
80.778627474989 
89.803782712304 
83.580882840078 
96.820766613793 
92.385083446863 
92.108199073308 
97.118883478723 
105.644667039496 
107.496628613536 
107.745250861050 
94.483729084385 
101.731555595093 
104.658816696489 
118.414458413176 
111.812998892746 
105.414258488365 
100.177818657114 
114.010823691597 
108.497921698982 
110.851374910758 
122.555050867144 
109.312798322822 
96.284123261373 
90.704897190516 
81.266101323607 
90.840305387043 
89.608513250707 
97.256797994139 
97.382964597219 
102.955593721916 
105.557101149076 
109.329540349294 
108.359737263669 
99.165115733873 
101.404320186490 
91.892694795779 
88.990041100570 
94.026926110671 
89.597804012417 
91.076957854902 
89.126948240823 
92.955920843626 
95.413505309690 
99.192270879669 
101.574932616659 
103.152697959432 
100.003854055063 
95.978288900022 
96.860923377099 
89.710131776707 
84.035230038152 
88.087107162159 
95.256635335684 
109.301519208238 
117.732936815617 
116.370489424838 
113.485569467530 
104.769955446139 
116.348124299845 
97.442866768736 
99.892132387491 
100.233997630941 
93.679502708567 
100.077722346758 
88.053984001371 
92.691510741384 
91.179643008100 
92.891944189457 
86.098044467519 
87.647651489909 
105.983000415908 
114.984159918703 
105.507344719667 
94.668485836421 
97.703750560033 
88.937845864436 
92.325945034220 
94.528698892898 
104.271668005726 
110.115345550894 
101.940598824371 
102.748500821993 
98.889804366105 
95.826256193670 
96.820279077890 
100.178660275109 
106.443690161805 
105.770306257403 
105.396155274568 
109.806488565152 
117.234633407211 
105.323316697872 
107.421447450717 
104.508650993410 
119.153819220755 
114.747502252593 
94.181741581982 
97.496078899571 
98.665000407358 
106.041720838690 
102.082070080788 
101.813245650013 
91.649728873970 
101.560026693519 
100.108805997391 
97.625367651049 
90.114395084076 
103.785359087842 
99.781465187715 
104.963932143998 
98.207601519222 
94.472002333730 
100.282840707278 
105.250463303003 
104.508715487545 
113.254252598549 
96.598256227050 
91.935894030964 
93.935634548204 
99.933321242569 
88.247429791503 
87.798501580812 
96.961387122230 
102.599164888915 
106.286128629518 
102.240422023437 
98.951640964348 
110.887729298818 
115.561777765827 
106.103813869365 
105.088978814331 
105.364999157221 
115.867352814613 
116.611738196925 
111.164094134258 
103.992940853141 
100.158496649677 
96.870578772792 
90.592750628905 
90.862878850888 
89.904430232359 
84.051107958800 
98.872902531121 
87.292880583382 
90.075244922911 
79.884693527652 
88.051364767352 
105.336850783955 
101.572784009924 
117.660555515529 
89.577605401798 
104.896967502234 
94.249084954895 
86.215697092696 
107.368000615359 
109.399267896254 
112.853345031529 
107.095161894192 
100.529048189384 
92.094896381010 
106.478583991238 
98.640551723651 
104.855486148877 
108.118782949880 
119.747817252523 
116.336719160524 
110.778920410771 
115.263971339063 
109.164314074675 
102.058574157005 
102.817151338507 
104.120591281540 
110.098927411271 
101.694476118144 
93.295528238468 
90.306374263586 
90.785080850851 
96.732373458856 
91.443896121665 
95.586875172533 
93.703422765311 
91.699971797671 
98.759051141838 
108.556731443167 
113.261111483938 
112.493477344921 
113.436431166974 
101.162844540998 
92.916433660631 
99.272537472300 
108.438528947729 
105.450820284905 
107.050247130540 
110.684387109429 
94.191079184873 
98.224442431993 
84.816335460477 
88.156220404456 
86.463525405382 
104.237695074639 
82.352932716939 
107.398677175001 
102.966110340037 
105.408047124587 
120.720910571431 
112.931711460562 
115.569788020061 
105.377169753102 
118.004942970263 
97.136503948515 
87.805232443977 
84.661219260295 
92.490938560408 
90.511879296628 
90.874231366740 
107.177455521213 
102.352907262489 
86.196488508416 
83.552789695792 
87.903547241620 
80.751748497153 
78.932709134317 
82.534482246872 
79.926148234644 
84.545280338171 
82.384295104227 
86.347618849882 
80.240399037325 
77.461958058078 
78.856375933444 
89.082568144812 
95.740602132635 
97.609512381090 
104.426034110272 
96.794962673444 
80.507501786284 
85.414410514218 
88.001759345929 
86.950829851486 
87.924394341050 
103.126470612504 
97.771392775185 
99.925975811232 
87.362845641972 
83.523551514802 
95.023220115120 
103.296048124862 
101.115718540629 
99.208556920730 
92.816788524383 
89.800546380318 
84.957227175258 
94.057246022675 
96.339735443395 
104.247194212756 
89.613700008859 
97.126559735598 
85.760354159701 
105.267408132959 
106.832549425960 
107.353429962460 
98.591265347998 
92.524802586791 
91.708267189794 
88.447165170033 
92.048567290368 
93.722497568818 
92.998883679254 
87.179171071166 
98.728783104371 
89.352453613497 
85.019287282041 
87.864986141689 
95.658299358053 
93.472946308538 
97.904788042248 
106.927491549054 
106.220903938366 
102.458324054757 
101.920940164461 
107.626421852312 
78.638145888125 
87.150858659737 
94.303366855062 
100.033831271662 
100.711542689353 
111.381377448028 
117.234318335095 
110.297649518799 
106.898761173552 
109.138494400175 
116.924738280205 
105.614876598641 
98.639243241813 
107.688593136828 
114.470062584281 
120.645306307828 
110.687451549771 
107.480388857026 
104.276138358359 
118.383293157413 
101.670433089036 
94.835273719969 
94.686546863894 
86.736710886299 
92.743677598552 
91.629695311665 
95.733083921532 
97.285597497943 
89.919321938144 
91.153091035036 
102.867391003900 
101.123883858766 
114.968794514700 
114.207936546857 
112.699762073362 
98.631431813041 
98.891264200501 
109.785636890696 
105.763354486792 
105.767533678624 
89.130099634596 
93.874440391341 
99.679227359664 
100.483346867013 
106.735622364271 
101.456594299190 
98.609159461850 
102.024791541298 
111.264608205771 
106.967465855513 
109.326417976816 
104.436600709593 
108.242027203750 
117.162103227747 
122.205488622508 
110.330242257579 
99.247319591746 
87.237214066482 
101.113925390659 
84.260821983711 
90.600360331655 
94.651323211049 
89.112911530473 
91.813152894044 
85.046476269291 
93.961002429687 
99.827690890205 
100.128909171397 
87.844599254201 
102.582766976166 
94.267614913144 
97.645338334357 
105.596699068032 
105.006455390383 
102.831857233039 
103.287439652979 
109.888009892692 
98.329373438847 
105.159358873193 
92.134874708274 
116.105379769486 
106.446664736450 
101.244417962766 
114.066937211442 
92.985300249741 
100.387891392827 
101.759572571309 
100.534398810265 
105.472368993631 
110.156218016288 
114.052714431452 
121.733656448960 
115.136844018106 
111.020410389153 
124.301310897311 
127.596732795936 
123.699930137540 
117.683270744314 
109.058433543215 
109.990067163820 
101.775856449951 
86.485758901195 
84.644453407343 
94.792468397324 
87.915864410961 
94.102690925540 
98.496863860034 
106.942892843638 
105.197917052755 
104.853397105804 
95.694945170452 
89.953208787068 
90.047891631681 
107.257315681493 
112.625276808264 
104.862344876647 
97.124679860380 
93.904123979781 
90.323627163236 
81.684564670051 
90.614726805431 
97.148121064913 
87.650181570573 
86.334644177493 
91.004863676298 
95.724102653880 
90.133286393620 
90.755932466963 
91.673134269216 
87.437099427201 
84.629997694669 
105.490482433383 
91.621522662790 
93.973528472580 
109.968738020638 
106.619664758670 
102.346617300574 
101.046319732319 
107.063583255400 
118.710411782768 
118.111731594195 
122.438224978087 
117.413170384677 
117.548027388694 
104.001431856112 
93.923599945391 
101.293160849581 
100.557385321077 
99.650909318416 
109.633466324719 
106.314692642971 
110.247142400125 
112.891421578251 
105.440958699530 
102.473652367956 
113.675566959447 
108.933657893510 
112.482082076948 
114.687902923993 
105.949659315318 
98.188978231419 
93.600329111100 
100.937487962600 
103.556537873688 
100.398544855254 
94.906727349716 
93.286040340875 
92.433108236811 
104.301601441270 
100.051511973608 
104.848127926781 
96.165163332669 
103.515624728444 
110.421854651910 
109.792723118126 
103.796449710915 
110.458418385481 
112.755575358174 
113.548559995094 
111.396169852350 
106.699737665717 
106.598715479001 
94.379189696218 
107.013753870531 
106.211724067029 
96.313759919402 
94.898700895106 
100.076528851044 
103.045825629110 
107.235632117018 
99.746243316638 
100.870034723066 
88.828107851021 
94.338341199905 
101.752652221958 
106.424528754674 
107.881212401273 
124.037048603909 
115.300903879299 
120.433907936068 
121.865706882540 
114.450968717212 
121.804483649083 
124.700652212112 
124.100668660273 
130.207422736354 
121.688999494626 
115.089777703074 
117.008288098634 
115.985369885242 
117.143969459556 
101.824696182639 
92.046841816932 
90.917466622655 
86.647662233999 
92.156036689747 
90.787733612751 
90.931674812690 
82.350634201785 
83.654371224536 
77.889653665894 
88.182244035160 
88.637838401491 
95.467498569763 
91.575208067994 
82.612863345150 
86.628909011356 
88.181813665526 
87.888024527540 
81.203229133810 
87.681798324192 
83.338991111783 
92.171569330376 
92.662857224350 
102.861365674134 
94.811647032386 
94.681506903885 
98.777701263937 
97.210695198527 
102.415815907995 
99.190414224014 
87.321237678840 
81.856259739180 
90.572942754603 
105.262146409441 
105.732133150047 
113.457314218190 
110.670664102047 
100.415146510538 
107.237219944568 
98.915501044720 
91.607037011785 
92.721453940497 
96.802806809101 
102.089344898414 
97.830963524453 
94.076767591572 
94.327837677482 
95.670391372064 
97.344680846332 
94.869150913146 
100.906307669942 
96.941193553195 
101.864821464726 
102.429403767655 
107.657291653451 
93.427727028131 
91.731360517563 
93.571258139684 
82.385176764256 
103.593579423273 
107.541321266430 
122.818321251652 
104.945542296083 
109.309309350896 
111.845623502664 
85.919036638669 
84.234549247217 
89.685288789854 
80.024180954357 
82.907026385147 
86.237928515784 
90.290513812466 
90.688534596516 
90.095202548480 
92.849010436046 
96.845362565162 
95.555574393214 
100.121870546778 
83.185329813052 
85.063013116885 
96.232214832590 
93.845944017262 
91.060199993900 
99.880808267969 
111.846481983533 
112.279715119035 
110.450923383612 
109.114119116657 
101.347912602596 
89.522789696348 
95.048085069044 
95.537209665963 
94.425063070034 
95.888826307660 
92.276321438424 
83.735790791632 
87.574726708033 
99.097687500971 
88.612551434304 
108.104780363576 
105.184915308604 
109.021605061564 
103.490131737777 
96.606036546825 
106.247258527888 
99.038367915591 
78.152903176902 
87.981724719582 
97.105643365802 
103.455214901854 
115.173248732041 
111.988204776350 
107.601280110962 
104.012896917531 
92.184679155251 
101.855229079793 
98.520993338361 
104.291316527888 
111.066688308271 
116.049436482447 
112.575525619726 
106.771555086582 
107.359373012131 
94.991354948950 
96.363370332730 
100.616712712220 
102.646894755815 
92.782821291045 
89.191865934495 
93.089447840761 
82.807517935186 
90.466524914112 
85.974580535369 
92.082604242471 
90.810300216149 
103.412314953547 
106.573570337540 
119.693994696764 
111.366568663566 
119.908844442827 
120.591388392594 
101.195633200523 
98.319924841046 
102.415772932295 
97.594086751149 
92.464926902945 
92.081128610273 
94.318787878529 
85.908606722966 
87.462361678255 
86.509884226140 
93.826906657734 
94.956319511359 
96.743817994605 
96.803898565181 
97.759289289275 
101.248048265940 
98.553468047835 
98.250406901523 
98.552536019935 
102.639401624102 
99.511481302229 
90.932563438554 
93.973048606234 
89.856560204259 
96.694480218092 
95.064723044251 
91.185777616714 
102.746939700721 
95.711087365864 
91.714972635161 
85.268801250969 
95.414900099191 
104.819623138762 
104.598522959899 
90.928759979385 
96.390056264283 
101.008972953559 
95.064749146504 
94.369989317654 
91.475487972347 
90.462822166292 
101.132007076461 
105.402434715841 
97.317816036205 
92.178945381700 
91.042184749871 
113.230422850174 
84.716333630408 
73.870661667755 
85.088374921260 
70.282708710052 
81.315977375734 
90.175733734432 
100.783880121389 
85.879881422408 
91.957039251201 
87.623425510481 
80.998914249801 
92.404813928737 
86.001183182917 
83.001825800053 
85.819743054482 
78.406896965233 
82.432660929223 
85.626446896243 
90.307516000265 
110.453497773895 
112.996541947984 
113.202495233617 
109.501043922536 
110.590662563788 
116.506101702428 
126.935226396703 
102.310404450895 
97.862849934047 
88.933013582134 
89.961601066015 
93.086369116485 
94.673527074785 
88.749629368587 
88.910195580455 
91.782590082528 
85.478689435631 
92.042810053052 
89.953457058437 
84.227393019544 
86.933696558133 
90.043571061348 
95.208373021949 
89.412406537314 
91.154215468832 
97.589737430146 
98.955466699770 
95.188202843798 
96.326968669965 
102.144540422672 
107.056861909665 
103.281840305378 
115.346770189618 
95.389432255118 
97.391496677113 
109.282984723757 
114.617958043612 
104.859864878530 
99.296349926534 
98.341963240649 
92.044107940294 
95.054773173196 
101.410583902995 
101.491487301868 
84.654620150921 
87.099811930132 
94.881805088247 
103.815248778386 
88.295260310186 
94.573242106032 
83.409540679695 
85.524054017076 
91.847117012586 
94.387651189878 
116.189117400945 
88.859275501021 
96.727943179106 
96.006871582142 
100.408839068824 
100.066426362816 
103.353033559835 
110.540475316751 
107.912069996224 
116.576420382109 
113.051997661005 
103.672608368017 
112.168304526734 
106.074417309625 
108.818582856985 
105.229564568248 
103.275772701985 
101.868661203763 
106.029628743414 
99.697549314158 
94.212271883951 
102.651553748940 
95.082071173432 
87.695393353976 
93.757316916843 
86.199777930244 
92.390655359932 
91.035925515377 
103.376265704993 
105.681268374691 
99.086386355334 
111.082171018954 
108.134941542754 
105.581812256553 
105.621167774204 
106.096527247339 
109.836441082257 
101.933287366028 
104.513279132288 
98.340153690057 
102.167863973910 
101.434001056530 
102.434506861610 
106.397088375920 
104.115065460238 
104.972231866260 
100.667856242792 
99.898001741659 
106.009651215682 
125.031153639416 
116.948449820777 
97.300212467905 
103.215327335205 
101.183303452378 
102.511289897172 
104.503104728258 
105.576434831824 
101.101431155976 
103.487302508238 
94.705024998185 
92.618729312577 
114.817628630212 
105.479463643129 
109.482026477652 
104.052675568644 
120.253744050492 
123.078484238075 
110.973270572616 
94.319004556184 
99.186905109322 
102.668845065596 
101.944787294765 
107.462294037970 
115.255566001855 
112.715412136752 
99.042967591267 
101.109425299386 
100.340045611785 
109.210167090299 
112.185069903030 
120.031628612586 
118.417704132722 
114.350096612204 
104.883557715339 
101.090366460756 
88.453618383012 
91.329095939678 
81.632293668604 
101.463588982517 
99.817846270035 
98.003738764374 
116.602801085838 
109.170473850901 
105.078847538629 
108.379418676726 
118.746438767817 
107.502880301052 
107.024305284804 
100.907380687669 
92.159149324774 
96.572760563854 
95.195918402763 
95.503311294232 
96.745503394089 
93.029575311308 
85.067983517596 
90.213182535322 
103.108654657244 
88.250750865612 
97.788719833545 
85.210715015556 
83.265672417448 
86.929648551904 
94.224992621588 
91.845685189603 
92.683666742759 
93.123407559569 
84.848899390854 
81.922393604728 
86.575013624581 
100.755829516885 
91.644510144270 
106.003527130110 
109.311565018559 
98.598383285097 
112.378029744590 
91.044517740613 
76.392842884588 
71.478477562403 
75.683660985768 
88.192475751961 
84.933813440227 
101.221544466360 
102.997731631089 
93.872234669643 
96.434768782258 
88.189209413677 
104.468712961707 
106.429852323915 
103.461694387121 
108.073976644751 
101.690406994218 
104.914438649051 
110.748319205164 
110.231125830104 
108.154494839022 
104.677151405093 
96.310944954929 
105.437308943529 
104.816782760835 
109.770646539888 
105.731583843930 
93.932724117626 
96.039536234581 
103.552412849788 
81.267809467065 
85.278656074077 
92.087036008137 
101.054106726775 
97.524631658039 
99.525014792508 
101.843890173254 
100.597964155510 
98.815546662092 
102.965427503756 
101.162632829751 
111.091351951048 
113.326923940737 
121.617543005453 
114.231551208560 
114.976519273762 
139.151406544740 
125.948162595106 
116.830085702164 
123.667382394379 
127.065662406832 
114.899495154860 
139.695384325929 
129.134324481137 
115.127069530393 
103.770190824007 
106.211492995403 
101.922894682548 
101.773290048268 
109.393005286029 
104.537795386005 
108.293964748623 
101.145735472522 
109.860076035768 
103.733193453550 
91.924329136724 
92.285160191376 
106.374025948959 
93.121548361875 
90.812168694632 
89.063357828520 
90.630077557074 
92.467149473036 
91.595956653946 
96.523151073393 
108.823896102306 
106.576599976093 
93.655685110150 
105.747649181019 
114.160446509637 
105.529956495613 
108.724919202167 
98.329408309886 
98.460531999733 
91.243689628772 
95.014247086755 
85.771777664228 
87.815279889000 
87.609380004827 
85.801504782350 
98.691165337745 
99.705921588492 
97.032512625303 
93.033239837388 
87.218457542559 
91.429332628287 
88.786805569995 
97.527284784492 
100.410890369061 
101.246739943446 
100.383184923933 
100.420123370847 
111.143827345931 
91.471906338955 
98.887892127514 
108.555963810878 
108.691534544167 
104.011924762303 
103.906802158626 
104.692019627105 
112.493960883454 
107.919833398544 
113.573367608684 
106.715017728648 
104.364588210309 
118.621283813823 
122.251430941181 
116.899867289806 
120.134180446038 
122.900091953787 
120.788939896502 
106.428399769190 
101.131009778120 
105.573328254467 
108.120980663432 
104.441883249473 
109.868321774209 
124.274945988951 
110.367587317885 
105.481516558028 
113.658075872458 
109.051138889915 
108.083953232293 
111.181722869558 
107.230629175864 
110.678210483856 
102.714019809948 
101.984267837979 
100.446412636758 
98.789042075433 
101.679012305578 
102.835746821254 
96.724002694151 
99.701478147071 
101.981955908687 
99.406357035999 
99.657673444892 
94.895732570842 
98.863379372333 
97.259699861833 
98.427214108154 
102.764529867383 
103.297567990996 
103.057108585598 
110.258487282447 
109.167413064228 
110.295852712774 
115.837636529864 
106.692076138898 
106.706231686970 
106.250754054561 
111.514551662180 
111.235170680546 
108.861533763390 
105.923731909894 
104.292793361888 
108.941255914672 
104.481587072477 
103.778825694211 
95.508815564809 
98.388303838186 
96.151250578802 
94.322262793385 
96.372242213936 
96.172865064233 
94.119323395833 
95.103642567982 
93.099253211583 
93.593072648600 
90.522291964002 
88.512092357593 
90.745277934550 
89.707625182292 
90.642159613805 
92.804151729731 
96.032600325952 
98.033913008434 
97.560588530000 
97.442104057501 
99.461871673014 
99.628440592327 
99.514104851779 
102.691668336569 
104.208562989270 
104.033356289846 
103.767783430922 
100.879950731403 
99.201800130667 
101.613238431229 
101.259669687881 
101.843821764106 
100.855513962046 
101.310073687930 
103.629185459803 
102.544787313634 
105.966348407408 
107.649138707007 
115.482434052682 
111.260175787651 
115.725240501312 
103.554691245740 
103.700352751469 
106.229787137338 
109.707031580745 
104.445905013700 
108.788302728996 
109.943322501242 
106.593094595477 
102.871739020430 
104.910849767691 
105.635392054159 
106.075858564275 
107.511471392021 
106.604637717423 
106.371940845132 
103.225824855209 
100.764286301556 
100.858804396633 
100.651215398965 
105.125506119872 
111.626068450360 
108.482387835209 
109.768069517073 
111.816231826817 
113.483968265382 
120.825365815102 
114.822721387283 
107.552153843485 
104.962021559165 
103.592608446976 
103.161449713222 
102.844501596344 
103.493288799913 
103.881481820312 
104.033115950184 
102.009146278696 
100.867133990290 
98.499908184118 
102.799909486836 
97.101363252008 
96.575655154075 
91.111189622867 
92.042413560581 
89.803710321704 
88.302986017171 
80.649660350511 
79.447979029416 
82.190462442788 
80.799214214784 
81.162524720008 
80.445477090274 
81.221609330247 
84.359062331527 
78.573652017518 
87.497384006511 
89.250880973565 
90.031727738245 
93.992409212194 
100.644419153155 
99.308383980089 
97.499692910624 
98.655677829095 
94.158372075513 
99.620945643798 
96.264622228056 
94.720015856043 
99.329728004591 
97.581536306678 
94.702966418886 
89.060277160154 
90.088098465079 
100.708472924875 
104.078561419043 
101.577999895809 
91.430783816645 
99.001687543523 
101.453683355807 
107.103466129326 
107.008911365941 
111.776426147911 
105.427440225927 
102.125731964260 
102.708546948640 
102.117591006261 
99.811295101521 
98.189160501420 
99.580518874941 
98.515455539513 
104.686608509967 
106.072351566129 
89.662644405090 
89.427703205827 
93.421425040816 
95.267096480012 
100.320122331516 
98.643643312400 
96.674425820139 
88.003091035296 
89.060440446442 
80.648399496473 
78.984282736612 
80.406905791200 
82.823875944645 
82.824276405879 
82.087469318651 
82.225082239441 
87.157161730289 
90.209981691915 
89.958674425848 
90.675523106808 
92.122655978776 
98.653916926243 
97.084556691100 
89.822890070341 
88.927030894936 
90.144950044777 
88.155892362118 
99.769533177662 
97.116507885917 
92.905546866301 
98.604336499588 
99.889537671977 
105.624900589275 
107.772462983296 
108.405626310490 
112.976464610185 
110.143273667884 
111.861118477046 
111.096080788344 
106.998240112444 
106.380207426556 
108.683049662831 
106.662337223881 
97.705451572358 
96.807344213465 
91.404929111722 
91.256770992299 
96.585696222065 
101.352422543283 
95.330366483772 
95.849267030299 
95.757712523670 
92.473983961495 
95.991200786157 
96.553599726242 
81.026881941497 
71.906491077716 
78.375885554986 
79.250304129649 
77.102968498760 
90.122925278991 
89.554178458235 
82.621806719781 
80.550742787186 
78.910842515970 
76.722955390633 
80.102932304931 
93.409114745840 
99.263788640138 
94.220157696767 
97.673561296088 
98.532381805496 
99.702167997542 
106.297312210313 
111.443899386968 
104.679155221608 
102.710179972194 
101.406409741872 
106.031471650527 
106.683666057849 
107.275048361388 
103.028296360747 
104.191230664601 
103.530207135136 
103.492310300359 
106.680182967484 
107.302155986101 
107.902879190668 
107.939841762686 
108.942793838517 
111.948554927661 
114.688383070412 
115.849701947328 
111.794893796539 
111.777234302128 
105.558439621644 
107.129491692474 
102.808039025367 
104.228238519358 
105.550934893217 
106.108149918365 
90.945262561778 
113.606458275099 
102.745255990058 
107.261613562063 
104.135844181840 
111.421361349007 
110.816451847517 
115.427168936719 
113.479889665287 
109.499031146579 
104.464538595581 
117.692446619809 
119.587598420575 
120.352967800981 
119.783647709685 
123.230454856399 
124.684151469931 
125.455912476897 
114.678731048736 
120.774717567684 
118.074854490163 
120.928164282725 
119.603435032798 
120.142945215936 
126.853090198280 
119.490164687436 
120.493484840903 
124.181202344737 
128.360738883821 
124.496588138304 
121.262466311615 
123.621980645592 
120.827183689457 
122.678323060580 
126.420311415932 
125.771976752052 
126.117614418757 
127.304961638657 
117.775234839079 
112.694788552290 
112.380279036792 
105.955537126995 
96.255942189169 
98.683137469542 
94.673042647070 
97.132029129831 
98.910010989089 
105.311553006569 
103.626820696797 
97.277071742082 
96.420885900437 
100.318714688402 
99.541321750454 
100.903173052291 
92.564820839328 
92.031132078405 
92.580943417474 
97.620798721059 
99.421885991303 
103.396048068270 
106.001308774381 
106.522817268195 
105.360723729240 
106.943935468734 
97.400271773102 
98.400291004440 
88.769200686148 
89.340647215319 
91.262064712604 
91.295049520051 
86.559093839417 
82.627736884877 
84.730976214305 
90.880027217552 
88.355126487084 
87.912923203403 
86.873413897492 
86.141427288961 
90.262393465070 
87.877844931468 
79.778873324135 
82.860897771447 
90.245121147744 
82.600532262060 
82.972415902938 
91.064705297040 
98.716246369651 
91.437363603737 
93.404411191526 
95.742846945564 
90.094948462622 
86.252807607094 
84.125550924992 
82.233337228147 
84.750874519139 
90.267715422870 
90.815272749552 
93.905069577339 
103.038122296918 
108.378795601524 
115.728642003960 
100.960438537862 
102.554124194234 
100.121570073844 
105.484131552814 
102.223702281329 
98.975866554498 
97.758121752655 
102.731145665252 
105.746679154713 
102.749461877675 
103.596416371001 
104.103151718972 
105.241388422930 
108.008898460062 
104.467562928169 
109.478119783644 
121.099004726098 
104.552468992255 
105.530747340216 
106.774475596253 
108.020908039264 
102.726400469538 
86.384332460485 
104.975798393134 
112.801005183271 
102.002482558081 
108.285012205555 
118.045113183032 
96.499845268121 
103.412400212835 
100.514033501515 
89.858216516285 
96.513944247086 
105.048607388640 
105.891757953272 
101.375235769218 
108.439057284822 
109.534291492419 
102.504481353316 
88.873784204379 
83.502064368526 
81.004746328157 
87.068356883364 
95.147171003756 
104.217579919399 
98.266233888966 
100.079358462700 
102.047473548411 
97.184709015572 
103.341282823036 
93.272041185977 
96.909364973963 
92.963808820113 
102.905467597742 
100.165390953989 
101.800500105540 
93.289173691647 
98.537113225471 
93.980499452245 
93.836432330602 
92.974607112422 
95.088499009666 
89.594626505726 
86.890710772529 
94.288068898859 
91.527618951446 
91.073546705021 
94.631291790786 
92.621323352490 
95.922774296447 
104.488187930428 
79.526484831401 
83.046872039603 
89.019178313514 
97.485306686771 
72.030207597285 
87.211182513922 
92.839742842839 
100.862084485638 
99.571442265935 
93.760292155095 
102.669372854724 
95.185952119375 
100.467646929563 
106.119649314799 
108.017411638953 
105.460943907494 
102.208000749120 
105.565439413627 
110.913739369195 
117.601789968664 
117.233517320840 
116.599187438576 
114.885481125503 
98.503366553069 
89.700607927752 
95.949811814003 
101.496023838833 
97.265718802636 
97.945342893555 
90.943144299759 
103.493044719301 
103.859468391902 
111.358401298920 
110.562090139643 
117.400051159201 
121.567556796645 
113.130657133698 
108.002682879311 
111.954472611318 
97.818026993014 
92.009756948553 
104.334958130869 
96.751226551850 
96.657150606757 
98.516677227173 
102.117835853707 
103.806689428118 
95.896963443025 
99.546692681756 
86.579455435792 
100.793665739380 
104.930171516875 
119.790618298875 
116.919455677445 
116.592233723783 
115.386268306735 
108.400771754420 
105.027469418166 
113.381012952858 
115.466988492285 
105.621255014459 
103.759747609847 
106.298047147618 
99.414983592761 
89.177705234358 
81.445329882244 
97.657048226568 
99.597599882895 
99.861611594522 
103.466220058004 
101.462564959496 
110.752753279628 
113.498647423607 
100.159995285955 
106.571169350388 
107.998404579614 
100.475475448177 
96.714076429501 
98.557234107918 
82.821893369799 
94.007637418242 
76.983576535792 
92.074139047545 
77.528272615650 
90.338236926206 
89.148911763171 
81.439536623738 
83.783525640641 
86.044422932304 
91.958178429018 
96.419800668385 
93.739675423939 
89.519470269257 
89.712496298093 
88.971697592274 
88.239138820042 
102.992612741604 
108.411272493813 
106.994466746074 
102.671977113828 
106.259254149319 
100.207159237375 
76.941148706016 
85.925126511778 
93.449045743122 
69.089023277305 
80.336172363079 
69.647102377873 
95.515737028010 
93.654775258221 
91.502221268926 
88.770269018465 
97.206621381563 
99.031082677016 
99.534733245922 
98.131167645595 
92.919413661245 
101.730778838353 
100.095634950370 
101.833864419583 
106.273859951590 
106.011231091328 
97.677244225112 
100.484527298453 
101.174221220564 
103.078298459540 
99.348500343733 
94.287901213578 
103.718033009439 
108.064463160683 
104.304528755703 
102.324658399746 
110.609340542186 
119.309459158150 
106.121184458124 
117.718828596645 
115.300434958435 
112.796393144334 
112.777652276733 
116.146404970281 
107.839450967447 
109.306830919503 
110.556377649455 
109.420493271272 
115.269492183402 
128.659081184081 
118.888723498689 
110.260542261633 
94.700637982743 
96.034861103301 
97.506433339501 
106.095472260392 
104.052706602230 
113.160353859100 
116.536122228438 
112.397111805035 
111.794303557826 
95.191398985613 
104.198425674739 
104.416332980925 
100.614007447148 
104.024606433656 
97.054033331138 
107.243065190390 
100.112385547748 
113.302594785996 
102.260888127130 
101.618021072101 
104.635049463028 
103.051870927075 
103.357041151414 
103.237709676355 
98.445650073591 
90.511928473617 
92.667581654894 
96.705552100953 
91.421615001702 
85.877097343795 
108.118038000570 
98.541189991374 
99.108207987378 
108.452055811918 
102.032990052158 
94.157868969239 
98.159625433347 
101.190668955055 
101.479417198823 
98.570153204599 
112.947791900988 
105.541640777729 
105.972266758483 
110.682186770650 
104.327963324073 
103.314996502977 
102.298740769074 
109.660244910782 
109.698342825831 
105.481001109454 
117.191861116356 
116.759153586606 
115.636903474609 
121.491195631931 
104.308386313672 
102.591953446464 
97.280396043982 
99.837966847638 
98.280085859861 
99.632325139081 
108.682427999818 
133.063547400715 
128.234232670873 
130.213513849609 
122.412754938035 
114.428217988060 
112.030258654172 
104.808396233790 
91.627996948815 
89.546225486142 
96.190029807851 
97.581331081540 
100.337231187941 
98.967029871893 
101.529861586589 
96.177104949565 
93.179722807537 
89.748491635157 
98.247637369379 
103.307471782360 
112.980749588175 
107.759492791410 
104.781778679796 
100.360708433426 
97.268803257611 
100.657381381875 
100.104805924692 
100.673242748583 
91.923425260250 
102.666004151025 
94.829276736113 
101.457511356371 
90.285651715981 
94.544414464316 
100.742276286524 
94.892854898836 
99.084413946565 
89.626751376861 
93.476556010290 
100.227845746124 
89.180134261377 
91.395353180564 
93.447067297859 
102.440304414858 
122.558529669407 
111.217289840757 
99.916934390900 
104.434649721849 
93.408360870207 
97.986555318682 
97.137071421735 
99.553805118262 
103.949574352261 
104.707670305190 
107.366319154699 
118.749526000151 
108.585063558500 
120.787445922828 
122.389009076572 
100.878674335427 
98.338963007653 
109.709686422223 
115.331514551297 
113.750352161065 
116.376517796161 
102.213004265443 
104.426555943123 
105.999445863064 
105.535528478820 
88.801106375663 
91.536197317187 
93.912947245771 
95.010637742752 
97.316204538574 
94.961833671158 
93.249645314083 
94.352683428478 
95.912637375424 
102.367663108702 
90.647853102728 
97.960740064769 
98.411907528490 
104.560553637008 
107.207668706864 
105.700988233238 
109.400596052993 
106.626797297353 
106.314853534967 
106.401054782756 
98.943968220569 
103.346639875228 
96.027145669527 
111.462016208186 
110.591197023468 
95.952010066800 
109.640914227007 
102.043342953307 
98.973372806174 
87.832123687130 
101.138165155611 
108.523738891023 
113.835718764072 
123.186778289451 
113.857340251849 
108.502495288615 
103.279213943453 
109.390481531860 
106.895029085519 
108.731700917395 
109.781038690810 
119.093297044010 
111.938302209401 
105.841559701857 
87.970177880142 
85.194054372645 
92.824418746789 
86.788512052515 
85.777392717075 
84.532911227807 
84.484195175034 
84.829533840276 
91.553943933746 
89.531459548068 
100.344794659293 
95.521292234335 
101.214735461931 
107.743319245147 
109.310400371037 
109.367207345812 
112.895647559522 
115.130670856467 
112.826919597838 
106.126709403717 
91.450005573397 
102.346975220073 
119.964006689401 
119.533462582264 
117.931433292474 
121.260765389212 
112.458276266133 
104.761877626921 
109.978951918918 
106.368147737979 
91.204768384985 
108.823542324970 
112.963363955025 
109.735357237910 
101.092680302885 
87.661888879214 
93.290371253728 
106.150099048655 
106.588366551229 
100.422151486677 
92.510857596982 
99.818747001439 
98.179551226322 
107.940670121052 
79.543393902943 
96.005853872215 
85.147099927610 
89.781998032269 
98.558918432641 
99.149850953195 
97.823866759322 
87.972096482285 
104.554523889411 
95.311094201711 
82.081497682549 
86.407239842753 
90.146758263591 
107.065819935800 
120.718660332058 
116.480779225110 
103.006683115915 
100.029497779788 
102.055168470561 
105.163417137245 
83.928957634787 
94.216087098833 
95.792299570584 
94.872148410554 
99.727689174886 
99.061074822961 
102.451861303626 
99.968045291267 
97.771873456345 
108.999828870100 
103.494530904111 
107.892093798581 
88.008644686736 
88.593382073844 
80.240883657737 
78.298535123490 
107.414328858634 
99.957359951250 
101.864182291114 
104.954220682869 
106.280611060528 
99.782599184158 
112.362678778400 
111.198423649809 
110.895454487696 
105.623674268586 
93.741609784120 
98.677089938015 
90.265164810780 
87.926380086695 
91.846351334097 
89.213681876433 
94.792181440039 
98.879130005021 
96.399372002063 
102.261711776707 
102.038539897024 
99.268169630320 
103.515345106270 
107.202538514679 
91.130652464548 
91.732107305630 
90.211799615347 
95.819220706275 
91.143845743337 
103.012695024890 
110.335508801294 
99.109674351934 
99.864053049827 
102.114036136669 
91.399360039190 
96.224256823041 
99.099296676674 
101.427095443968 
99.833606338986 
101.594278165150 
97.063962604443 
110.400214136377 
106.326207247870 
92.708089099948 
104.566841201053 
107.438605146682 
107.946968898614 
107.354411046081 
105.260322802271 
106.149249358420 
110.772282207630 
112.775801748970 
112.435573179917 
95.814447654327 
99.976250181533 
97.700870816702 
93.254149729593 
96.479604796274 
98.537706181385 
93.569092309970 
109.722688749684 
134.407243600460 
121.161494750950 
134.917031253602 
110.191416013979 
111.134626411039 
99.422439142988 
106.819259395413 
102.534153534775 
98.214911780828 
95.183810171722 
97.714500068824 
98.318822494813 
95.928110132280 
98.245752810119 
96.593151137661 
94.669104352589 
96.831465790899 
98.621202439241 
97.103365751632 
98.434907902462 
94.438858363733 
96.414230573873 
92.659194939047 
96.540698567703 
99.359837737939 
96.300061859074 
100.643138303845 
107.639744615850 
101.203769567891 
103.493336788186 
116.586170673959 
100.208372831260 
100.436328886318 
98.442381434784 
86.641670995965 
85.469861115851 
108.687695920694 
94.657718284930 
91.118405677991 
89.632870932391 
93.531961141769 
98.683732205110 
102.422305343734 
98.142666125879 
89.029012320359 
88.052084051277 
88.403228884365 
85.758605484642 
100.031390524543 
92.920241824324 
97.129037384175 
115.657055266188 
112.459275875657 
113.062669531628 
106.419298374878 
116.785551801900 
111.092626518788 
101.835525528171 
102.502701152740 
101.397813268346 
110.521235364710 
101.221157745627 
101.756248496782 
93.855580641883 
87.250673238587 
88.144202700755 
108.211571885583 
92.901778582729 
90.655077083708 
93.496006039672 
92.410270908002 
93.107969054764 
93.736578076875 
80.226259538321 
68.068038852768 
72.234756581354 
88.497882421746 
92.907639376901 
95.299582332544 
85.382629067804 
93.740572013998 
92.174809818269 
89.403396495257 
87.048392398243 
87.430611968509 
110.693663914522 
93.255761275669 
83.229540479714 
100.211552533955 
106.906910592532 
115.726340773330 
104.745914144335 
101.178499501686 
101.876821152533 
111.320987631351 
107.536822606160 
98.655682125487 
105.185377936763 
110.828354525368 
113.212062774703 
106.058584921013 
113.720178557233 
114.249061209067 
108.484828139272 
107.156733424833 
90.417264831976 
92.738375943664 
88.949714902716 
94.655213792306 
94.941066522448 
91.246973966611 
95.387158151759 
93.286576370334 
95.415110594966 
100.911793552792 
102.661255948786 
120.154663439580 
111.929643957731 
116.924268533813 
110.059596925657 
112.093925417418 
103.295974591061 
99.362487941464 
87.898528759972 
93.742390357242 
97.907317661541 
90.617310320220 
101.024883232448 
99.763241702071 
102.237436807303 
108.557646740311 
103.256041720019 
90.608281197953 
94.649784540781 
97.717614316957 
93.561840610378 
90.533697591946 
91.538139738281 
96.645294140315 
112.582062919165 
102.100028308933 
97.169393829387 
104.265754593299 
93.609196087443 
98.912166361251 
87.870724557666 
76.134640208076 
70.714878684576 
80.386045599909 
81.376318668608 
86.593662030255 
80.160100225331 
92.190955194361 
93.584925530273 
95.514391116426 
96.378957864565 
92.061366728647 
93.772168561879 
99.501126608200 
113.862794617261 
113.562945958671 
113.045236617089 
100.461455997990 
101.115470199045 
80.940951308672 
90.339968759614 
97.184349618059 
91.562947250595 
88.980071583953 
112.251206546490 
108.534821653503 
103.051448993974 
94.567381642987 
102.316163350920 
104.238455936556 
105.254451287782 
115.528121820936 
111.617968118249 
102.927150127132 
130.324786584128 
104.941975502231 
90.916059700121 
100.639485428341 
111.974203136645 
106.688878420830 
112.448288318163 
106.819129666632 
99.807751997680 
96.577575661188 
95.347539881650 
94.060142341786 
80.239194353402 
94.613945236996 
102.647994435641 
94.531711321876 
97.753938380797 
101.321591366603 
97.543134568034 
90.785949584052 
97.132785672282 
94.716528237162 
89.376010442474 
85.612415672103 
91.974350836789 
101.159615546148 
107.711555645909 
114.076157768879 
112.787444463725 
109.980667516631 
103.800672789872 
94.937786243160 
99.286404163734 
106.989324626245 
98.749408368347 
106.320407999568 
115.527399832918 
110.909932572022 
113.749113871570 
112.340061959381 
100.877595022050 
92.109121556231 
90.763455034399 
87.930074777006 
88.185429127534 
93.996066578416 
92.293196908569 
89.661259160404 
83.956539744744 
86.831803064272 
100.387534025185 
102.818996574321 
110.470919722714 
100.298691601606 
99.853498486952 
100.103991074732 
97.822368100197 
95.806678471817 
95.916924115057 
93.666841029120 
95.268316380605 
100.513475560577 
99.114753705984 
98.499087212338 
108.778934665236 
112.333374207950 
103.140912289796 
103.105175067622 
112.159859081718 
98.029698198452 
92.367807950384 
93.147633616196 
93.157813886388 
82.878761592143 
96.080824887800 
78.909825827012 
94.022888834779 
97.691625821688 
98.097884323913 
99.860319428076 
99.944282681269 
97.888032854393 
92.374574563892 
93.028265408723 
94.761401144066 
98.943030595654 
101.651528749077 
96.998970440388 
94.160932440431 
94.495279711932 
94.578693447660 
92.993173412608 
92.894957677956 
102.281456754511 
103.967575848146 
100.725465406262 
101.662695727324 
96.429125689376 
95.888918089160 
94.147349786944 
101.509437090487 
95.188630051646 
96.479988039803 
122.533017229953 
116.220686675767 
104.679317398750 
111.495315865589 
97.412163335556 
96.413525796268 
96.782100057677 
96.572550660780 
96.155330054797 
96.925724902927 
100.336529318334 
106.924112441970 
104.216953667611 
111.176724033490 
96.900463257884 
96.278334435034 
96.083608145785 
97.041832508704 
97.605887904375 
97.860374740957 
97.116264820248 
93.959940654904 
104.039201148967 
94.436949215351 
87.372900884769 
90.277254347591 
107.616972734263 
104.081023207569 
92.513063207230 
89.996778231039 
91.232867628003 
101.771878486892 
112.209574872328 
103.949684483437 
109.464981334400 
99.598102572750 
87.823692883403 
89.631483406466 
100.776573200111 
112.284782651343 
99.599302572652 
116.816559629659 
115.746794654458 
114.583519599382 
102.853819033516 
114.795750219024 
101.052822667033 
100.457008277658 
94.978021623713 
85.519487056492 
94.884583390340 
97.144482141112 
97.635238532906 
93.020881523455 
93.906174567257 
95.689445185538 
93.019381254844 
87.252445975288 
86.990683362960 
86.786700775508 
87.868510093841 
91.409637976403 
102.196930383258 
106.395247682866 
116.601429495476 
118.395551115641 
104.331850564402 
91.767429512068 
98.732571352604 
96.921925684343 
110.518032310045 
91.768847647257 
85.142130067401 
84.401590058498 
98.463054459989 
105.214588854402 
112.963855103778 
112.132219143438 
116.217477698208 
117.046545989276 
113.617888505674 
127.829197232358 
121.014727803047 
111.737308412429 
117.296234636783 
129.433716985288 
109.352853406273 
108.385354650549 
109.692001508517 
105.564091486354 
99.292796058339 
97.215757090319 
98.859166560361 
96.662588341573 
94.471876366642 
93.503319872276 
95.824589658228 
102.590823154684 
104.698458208993 
103.609165605546 
101.691653900964 
95.180314848797 
91.993084070443 
90.251384027912 
89.840576360921 
92.595732342446 
86.878201433635 
100.251669296917 
98.459936389247 
100.641873218771 
93.433577966297 
93.255212834644 
87.615591201839 
94.434614755316 
93.625712766402 
98.282186411281 
98.981718601048 
103.757579611951 
104.383985378673 
99.984882476924 
91.136898329976 
88.318722101034 
101.587941630696 
98.186576822748 
89.272471918869 
83.812324739745 
86.400755967390 
88.435688317677 
96.718138607170 
92.893165389041 
94.037797974922 
94.503125141251 
97.067652330729 
101.511966304839 
100.627844411575 
94.732790909007 
112.496935695070 
105.137959059843 
107.277595922063 
106.198583170752 
106.294418367461 
96.450806865849 
89.016238213671 
98.429951004599 
87.440434161495 
89.506790104676 
93.688622599298 
92.917848423509 
95.449300993457 
105.032299599361 
92.010021558710 
98.162568443796 
97.780110454450 
114.354768934460 
116.058929258054 
121.943763845985 
129.027338014978 
110.274772502337 
104.156522443675 
104.656952912169 
105.468094806830 
106.934628859930 
93.626806187583 
99.145409572098 
98.483067984155 
99.132177820226 
102.718037537085 
103.037549566802 
105.603417622216 
105.608145695702 
102.362044671807 
101.819566814175 
95.638789952161 
100.147534115597 
97.964617608269 
99.492708787248 
104.682595262041 
105.315758827654 
99.809364283311 
99.952776407501 
98.738794863677 
106.023184472037 
104.159678716270 
98.787776604471 
98.452796064686 
95.013430771058 
95.536838076195 
89.062256916041 
88.239918196697 
90.582611074578 
91.487715709549 
85.540359820031 
96.167812582996 
93.403189209761 
101.680027108693 
116.164101523914 
114.603778155236 
105.228638793423 
99.640608545825 
107.214565071682 
103.665744468559 
106.170281995405 
100.148636792295 
102.025177480213 
100.751585126833 
96.920199861545 
111.857029966351 
102.661332573303 
106.394425627460 
102.980719167608 
95.688103028975 
94.431908618049 
96.251072529773 
87.610135120315 
98.303113462049 
101.788735417276 
111.272869311360 
112.168817668472 
107.166701038581 
105.982403134039 
101.081289185507 
98.279009217239 
101.428852406406 
109.053375838244 
99.066299907136 
94.648440494177 
96.368295990590 
101.333537132265 
96.170574483370 
99.960013038296 
102.238464387596 
97.222227837072 
101.560257749518 
94.210488269393 
92.446140941957 
84.477427601284 
86.950152769817 
85.937110361062 
89.040332107179 
91.698764598514 
86.002891835588 
82.657612676279 
87.510592353581 
87.128533825797 
90.302663198357 
85.143392451199 
76.114815875710 
76.510840235796 
73.967140565317 
78.022167108432 
97.726472813281 
78.668204972033 
86.010910352391 
86.834781276371 
99.701508683181 
105.700597529986 
106.012904678163 
107.868006714100 
102.377281862869 
102.059852000086 
101.746219575126 
100.548738252488 
99.301779839463 
92.161027252276 
87.925342705033 
87.553338501129 
94.979743211034 
103.741068391550 
106.042775088278 
88.597130089145 
86.996658692056 
94.916730696067 
87.148456230813 
99.549843307974 
93.633425458856 
93.008512913364 
99.604487055531 
87.658927052593 
107.606743868081 
109.564752332869 
110.856810543385 
110.923863285401 
111.059095530526 
107.236736887228 
109.143237370080 
108.091705537282 
112.088810062754 
105.923000611504 
116.512234978185 
100.399506611770 
100.025171783673 
99.518553867609 
111.710258833523 
96.157432685947 
96.905023089721 
103.865283607291 
98.759274075292 
95.030603022979 
97.010242509120 
94.568997528525 
95.220793633563 
83.216143626798 
85.548545400910 
82.735926191891 
86.484794578190 
84.446873532079 
75.390477465629 
104.853349641215 
106.362740402244 
103.260055658642 
102.528578937629 
107.138392764366 
114.621890206960 
101.589644903698 
102.897101419000 
82.520157764841 
95.250188467243 
92.340804179021 
95.276695469498 
91.421708790664 
85.380686084284 
91.307354157412 
100.798302429331 
97.642637428621 
98.565401105963 
107.203245261736 
108.208436044642 
97.168293173877 
89.835668643465 
79.231064408925 
89.684711480563 
111.707506246386 
98.635202154392 
110.207562440595 
100.297682674913 
106.749802037026 
110.619130745887 
107.877675553184 
102.634391827355 
96.481593347258 
88.662709241017 
91.516954963554 
90.333779180950 
90.736242958724 
95.818715978740 
100.379530120754 
105.451533943165 
111.265171760227 
102.909834169922 
108.522859971937 
110.622335565773 
113.698625142468 
116.234477690028 
115.197275995221 
110.883508311820 
116.754176827571 
118.847099626033 
109.994216534335 
108.534930462236 
109.428509307761 
109.461818324942 
108.468859131177 
100.362378269532 
97.981679892869 
95.911721572758 
85.539094150474 
94.385514302382 
87.186838868979 
107.517346945789 
114.294711315425 
108.283292124170 
107.886763839837 
107.680217905224 
102.221425154894 
91.140832946273 
86.007758480119 
89.473088653160 
90.981247294862 
82.078806378082 
84.729318557905 
80.375073981398 
80.908105232632 
85.055814782889 
92.767545518336 
90.116548069595 
89.450892265590 
89.777451891574 
100.788288266486 
108.629348043261 
106.562582307084 
99.485005409153 
101.382098225385 
86.288653089608 
89.171252076093 
92.758024195366 
87.939074349924 
88.462175508271 
98.366177550606 
81.908516277755 
90.020482613541 
102.446783114389 
105.115446178169 
100.187117747307 
96.724910030805 
97.716556311059 
96.175996520269 
100.709237716124 
117.366483699772 
115.020610949962 
122.592204082796 
110.464788630377 
108.231650025365 
103.912793709972 
109.091286515831 
111.029441528946 
107.296727620078 
111.330992663096 
103.542328646859 
112.376035908360 
121.500931936466 
117.215607427497 
100.280095844208 
89.898856472733 
95.036743011504 
101.265647797279 
105.690660079263 
102.126769542815 
106.129144843989 
111.596243820119 
101.061920334155 
101.571382579450 
110.073673892271 
102.223043901252 
110.936001755960 
104.110752245882 
97.096753674959 
98.951422693882 
89.499678129818 
91.697404760927 
101.921425164262 
98.744731627628 
95.866867671457 
104.081358887685 
131.195861122027 
118.479300143103 
123.606723116311 
112.540412853426 
118.770287465959 
113.319100790051 
109.641730499355 
115.627264499300 
114.919429056522 
108.948965324002 
108.392535208284 
114.249096164436 
113.941071062918 
120.314787749011 
115.442381782650 
116.595919077944 
115.097364474490 
110.026151331911 
115.342764012462 
110.045064973325 
110.856112759574 
104.856862455246 
104.156166793822 
103.256249561208 
85.945617066675 
86.467271821816 
83.164335742893 
80.410353201702 
87.914172775914 
93.421713580138 
93.983848424672 
93.139049937143 
96.184539319985 
95.972336547771 
106.433619216296 
113.663324009431 
102.157291098057 
94.469125534208 
91.080515820140 
92.926275350822 
92.901408813443 
89.773676373132 
107.400795995071 
102.799923324228 
99.539077520284 
100.166206858189 
102.942297344874 
99.771404982952 
90.521602329595 
84.946966659380 
95.166835933485 
99.173191332387 
84.023150656069 
87.105932302954 
87.106372946196 
96.328909150937 
100.593434367354 
101.125271820631 
100.427192289142 
110.095876850396 
113.083455943460 
113.904202487132 
121.986651730293 
122.303772655922 
123.285453505411 
128.711308090860 
126.203635784372 
131.103349247784 
118.406752823376 
134.919099895958 
114.708825436777 
102.554344889277 
93.798229848684 
113.028759511383 
106.825990302455 
109.665387635895 
115.785838145804 
117.486805172035 
123.521816689320 
114.366515177879 
121.562340430194 
115.789266978748 
98.932105260738 
99.016468322277 
97.656659172025 
104.802106086786 
95.702592100064 
94.149594245867 
94.271283218415 
88.614829082557 
94.791065330841 
81.787465381070 
77.289450000250 
77.729709857889 
93.459218350628 
92.396370945319 
91.829416089382 
103.164424918442 
108.196834364284 
116.396109446742 
125.075804241010 
129.572132167601 
116.099578972459 
115.429956568361 
120.763066625164 
123.592883209611 
126.278663323249 
120.325548505441 
121.781964918364 
119.365641549437 
129.855023176706 
109.254851665401 
112.068842669504 
107.146105236229 
91.172344096597 
92.606189929556 
89.093854018736 
86.531292687716 
87.846403472208 
94.145010557458 
98.492421066090 
92.816095046936 
89.830897144915 
85.629081824883 
93.009171940175 
97.753948706574 
94.105247397210 
106.339557830357 
102.743670367801 
100.112244638964 
102.863719248779 
99.840315813239 
99.161988825448 
98.883391790540 
92.473113446498 
91.128145930215 
100.590152798073 
104.708947193543 
95.393665855119 
100.225893303820 
97.962684899649 
94.218430926254 
91.637089341536 
101.587991899543 
100.463837614239 
110.308195489477 
111.048146202119 
109.047190350167 
101.608070297335 
113.981880600228 
110.540261016340 
105.185021927739 
96.856388526718 
85.089607523760 
103.177576697953 
95.676517028189 
92.111184041192 
94.870948081617 
97.673770758260 
94.217033018584 
100.450489534623 
99.690793986897 
96.514159044066 
98.690903323167 
91.238506410806 
90.082400604678 
97.023096140422 
96.798866601624 
94.602187769913 
90.670957149220 
86.551025576730 
81.562907918379 
80.823553832078 
82.280149802344 
93.871806125604 
93.889960038307 
97.076697968413 
101.379718196074 
97.867856776763 
97.814345451170 
99.551289690328 
92.353363128174 
96.788917832426 
96.024677138781 
91.624089119749 
91.934758826266 
100.958555238318 
101.424187208882 
110.643162748366 
115.635466293975 
108.690895007996 
94.247962436517 
97.372702079547 
91.898466828706 
93.642984067374 
91.030684593839 
87.516134994543 
86.002676920131 
96.524707545183 
97.958359177279 
108.268494397980 
96.963782431923 
94.138268904443 
103.521545458129 
111.332897040860 
106.274607114581 
125.366481649001 
120.492161844644 
126.412048956744 
136.825710424251 
87.974435876688 
102.945598295562 
93.456951482939 
99.124216861281 
107.721294114635 
96.844948311678 
112.533598720861 
125.647696389797 
117.201762822791 
119.741875856465 
100.902338045021 
96.043806944769 
99.557347795428 
95.607413900960 
91.313524392864 
95.010537997644 
86.979119217859 
89.358285135840 
87.712502441124 
84.899441592975 
82.062628683576 
83.274348820832 
85.928173461702 
89.894468925318 
103.560493098073 
112.446501120938 
110.207252942095 
108.509739292313 
101.075846055751 
97.985388664672 
86.846372038240 
99.393123201347 
95.119016751239 
93.307871608191 
94.843028927836 
86.672080484543 
91.448140903192 
88.411056898672 
90.598001105363 
91.839437187560 
121.809962936750 
110.115476895203 
96.385036096785 
95.314116038197 
93.397171173252 
108.478195279348 
108.412961184757 
111.643891375063 
109.925811637774 
112.026732285141 
99.460750009538 
100.468419905134 
94.870115815169 
101.151264439418 
102.460842381795 
103.988737734857 
93.681688788856 
103.040647323122 
107.775423135992 
96.291930607083 
104.963353395903 
110.953665528488 
134.754786019238 
106.577609871750 
101.159508565490 
105.403215487423 
104.218827165736 
110.202778995880 
114.751939073367 
96.753419765316 
99.470700648722 
97.328851834589 
98.490361157275 
95.634704460525 
98.735835293897 
103.228403208955 
111.698008200912 
113.752169966071 
101.300622552030 
107.666210957005 
117.762684138741 
99.874869015858 
96.441787407974 
95.490824944353 
95.694718754472 
100.880400194684 
100.662866462665 
113.046073735674 
100.216621945379 
94.339740236943 
93.192943801570 
100.494671667744 
128.409361075897 
103.328114400766 
101.611076744285 
85.944602245333 
77.031069106741 
89.056297967764 
89.429644509081 
84.440496172192 
111.429166389994 
95.733487243937 
97.473072952147 
93.354195129378 
101.515774674367 
91.979114567353 
112.588120792132 
97.987301195712 
110.667765237716 
98.837120029400 
89.834778500829 
94.976818982836 
98.883475856317 
95.777866494672 
101.706211552274 
94.644510026640 
104.251959886992 
102.479485057557 
104.173486148162 
109.311923687253 
114.693346920345 
120.107492411338 
120.005205204261 
101.115102315996 
91.090005151771 
86.211528169246 
96.859221334086 
97.269660153471 
97.611389870044 
113.890366441799 
112.299896129983 
118.915613475967 
116.244494040576 
112.135977422909 
99.009728377962 
102.627530814447 
100.535790446181 
98.482091379516 
85.843753235569 
86.345575794155 
94.822768589817 
91.192363941367 
92.029389510635 
89.624968652932 
88.318283947155 
94.393130111431 
107.679882514817 
110.888024258715 
104.276582123746 
100.414202961126 
103.690560896861 
97.967716492359 
104.287708224328 
102.387407749218 
106.176453145970 
103.575925459109 
106.700976636844 
109.576906629690 
107.124395050042 
80.968300710308 
96.338747257095 
100.425206488428 
92.902001730551 
90.206569409724 
100.214533249061 
99.005424662516 
106.694454008339 
104.760462303981 
101.512859935834 
99.939353362659 
109.092286768061 
120.589390203751 
113.660026882178 
112.256675881080 
108.731450931425 
96.706063103924 
91.714006301497 
93.976402877172 
100.802757893693 
94.076622796101 
94.627031926248 
87.484877355943 
102.949284869360 
99.724385570865 
100.787497319889 
102.189128369991 
98.574009126339 
105.157778158804 
101.123603810237 
103.415126315155 
90.711085903159 
91.613348691248 
90.995564328554 
85.318881346745 
93.301332941974 
93.290371666895 
97.352610714957 
99.857370354212 
96.724942418953 
92.924387174970 
86.692866880422 
94.504220671994 
92.111811857996 
88.040452692024 
92.565071649781 
88.847076928299 
89.843302080713 
101.987534152478 
102.938575250038 
107.429036270534 
95.985447703689 
97.526573495628 
95.611978646115 
106.918430188046 
96.578883837553 
98.628960417199 
90.161520002238 
98.433078584001 
97.043894909642 
103.996043014593 
107.179613549973 
97.943722643811 
101.658621751154 
96.945754647444 
99.248584401043 
91.538920041034 
105.138984822372 
110.916576451666 
112.751818707236 
115.560953043027 
95.557771329425 
97.259119096801 
112.425426601205 
97.065335306295 
104.089699785613 
111.260198628044 
116.304182498939 
111.956565449749 
106.163052196804 
92.156660427256 
98.987126638097 
102.794468174982 
100.469732262658 
112.489010335688 
116.587940156544 
115.239381624248 
114.754167928123 
115.804141381040 
114.093376506578 
118.298504885076 
118.968217513423 
117.443793981660 
112.431673818029 
121.602212519522 
115.155436479525 
115.669868387003 
135.010748425062 
121.246855795938 
114.434092442079 
130.563207390446 
112.058303319185 
112.562183208485 
120.277598150518 
104.988972557255 
101.200860239331 
102.093216144558 
91.133732289421 
105.475390812832 
94.717416622638 
103.358268116250 
100.739134198444 
93.193099742445 
101.434207595042 
103.549548645027 
93.700945398349 
92.563951535183 
90.449415829868 
87.789282079409 
84.955385457449 
91.136731136188 
98.364442373837 
95.715183187943 
103.430679406142 
105.070824511113 
95.431388614746 
97.369664512361 
82.307135555929 
88.070163112581 
88.161119245646 
93.641146616373 
101.141239878019 
86.147991450327 
101.126208051233 
97.298828288195 
86.050292479557 
90.546867837046 
98.457825164533 
99.915748735828 
100.998348813142 
100.948021426057 
103.170591833315 
85.531319007977 
95.156201181589 
103.319045567311 
112.105077448906 
103.183312631966 
93.403003804061 
104.750072079465 
98.957171380391 
85.773988286016 
80.850599481773 
86.084579803105 
88.161097747942 
84.009322518799 
94.516045727680 
90.788366155608 
89.871032765599 
94.694288079252 
96.692611421413 
95.074147150936 
96.471890019857 
96.090651963106 
94.739908485106 
97.501186005088 
93.051785940814 
89.974871954017 
98.188752137863 
87.932663559905 
82.958240762105 
81.403386991060 
77.965583129781 
91.601426450831 
91.395991466757 
97.002505828883 
92.348739137871 
96.210262060600 
102.150436944159 
109.107898740376 
100.025364709157 
102.703010538199 
92.247474660689 
98.931219770632 
103.205793453208 
113.323628669010 
125.949443774164 
98.540429492519 
116.402778098495 
117.989530092044 
116.747122283220 
127.158037192791 
119.771757334851 
108.293170944768 
117.299876592842 
110.614889922888 
121.033085449143 
103.725032787451 
96.755631116143 
93.468410031235 
85.156636171167 
92.771504171756 
102.608484276252 
98.537666014634 
89.101000741588 
91.363533565566 
94.996508576356 
90.913775534459 
93.244728638073 
94.075437092054 
94.493327255276 
108.706315634171 
98.231277830424 
95.879891125475 
92.898781028977 
102.075609464585 
99.620897463097 
97.015850770258 
98.541195996552 
84.031729242604 
85.771412244592 
86.074758437936 
101.321474953021 
104.569783007829 
111.507336707808 
112.713434059557 
110.458967385022 
93.289497970599 
110.021201494409 
97.965968109147 
90.999005714722 
89.006781283444 
95.329054846532 
101.131091673103 
102.316431564742 
104.337672404177 
107.739800530762 
94.725697188635 
98.237012780782 
101.955511892336 
94.161795025322 
96.367133618811 
100.453206718976 
98.729368156839 
100.437455670821 
99.099684483209 
93.478431497788 
83.939057923166 
87.191668166264 
93.496539537955 
88.643145072885 
94.269480952071 
103.242821346463 
109.375778073244 
92.911188554002 
88.074222905291 
84.473307860754 
87.768545628006 
88.883558703853 
91.488828775646 
105.851900181664 
96.863586187419 
93.918884598864 
84.837281030480 
94.943048828534 
108.157226334937 
116.568531005338 
95.236180927272 
96.800714785709 
98.198389567762 
105.330843288340 
94.244242383750 
92.997816100350 
105.096360829967 
104.681551215169 
105.671712276920 
112.033817998286 
134.525456369843 
108.719235234441 
101.367398025343 
104.067564851469 
73.135719363941 
90.389175693350 
92.195956027431 
90.867177879009 
83.847301953990 
97.935852443687 
95.160199801347 
94.658391163832 
97.178712465145 
104.836614987180 
93.602453617735 
94.273122877179 
91.372553456444 
105.837837927733 
96.046124646270 
109.267866618310 
96.303879210799 
99.218332610289 
101.266303910025 
102.898224391121 
104.390003891680 
116.639660036844 
116.511928799270 
118.511887107522 
123.790133369895 
141.285892598665 
101.278547503539 
87.416284341049 
95.516320850822 
93.797321450115 
113.463227667837 
113.511355781310 
85.388453140340 
94.198763068190 
93.901089827330 
85.880038250545 
90.599669542919 
81.873200524056 
85.262135254449 
90.219808258892 
84.379348490732 
93.784001457790 
101.528844570173 
101.572719700445 
109.823323434654 
124.316768103464 
117.030162716993 
113.466476248480 
103.958427772448 
124.403009969143 
111.500082218272 
129.387381133007 
115.306272907027 
88.052007776652 
93.056818386273 
94.904512067757 
97.736753029285 
101.691748479396 
94.183869626698 
106.790320616635 
112.130029662708 
112.061561941560 
97.464208472347 
104.463077377932 
108.372251878376 
113.446525022962 
123.606861528804 
115.497753410205 
117.530906926845 
111.731154915105 
105.223259707121 
107.661192271713 
126.330577358731 
103.313039516787 
94.479300982656 
94.680078037610 
92.473432705207 
86.974183730847 
95.389681354889 
86.553583645547 
90.391043875058 
87.793868108860 
92.065320248048 
94.793531710043 
95.343522456308 
99.003298375438 
95.801709372490 
94.378237532906 
99.073853574343 
102.994608027322 
97.478916003472 
97.215541416256 
92.569681909600 
98.496883516816 
103.534674366378 
98.457012284104 
105.897602515606 
110.134450987318 
99.438186014932 
98.660907741647 
96.420600718717 
98.415674701042 
100.078657550176 
111.048692067959 
109.067357794898 
112.400352034439 
110.541944142470 
102.835917644676 
99.773621267320 
101.236797887792 
102.426447848309 
102.308481310371 
91.336512214832 
89.850095338353 
87.574881451083 
90.826893827099 
86.676614894986 
86.454073581618 
86.009332269821 
92.775202503092 
93.101251727647 
100.829839469913 
79.573987263662 
77.966281438386 
72.195590212353 
82.101671684557 
92.648850116771 
98.567307437943 
111.648518660909 
110.463237564941 
110.406685271297 
107.874656492871 
109.481037460069 
119.373689323670 
112.398420886157 
109.468083913564 
107.032380835244 
108.506212920666 
108.717461369038 
103.285297106328 
101.371410105947 
104.084273510807 
105.749403666393 
94.659218728043 
99.580624398921 
103.245810065790 
118.320211581850 
110.972198344580 
98.508331020054 
91.741680304576 
105.770425718676 
100.541634905503 
98.108714656220 
90.850920290580 
90.736832540620 
85.290975607157 
85.978948584557 
97.493113107834 
87.471844829987 
95.082105390552 
94.725678512205 
85.792000930553 
95.845578863363 
99.554137812914 
104.992983424842 
103.442820581153 
96.014899123130 
95.459699886847 
102.270370937933 
104.776463973436 
94.238828089072 
95.164099868134 
95.607453791205 
94.538947772082 
98.437929710510 
100.003523341306 
101.029042019608 
108.793024387015 
108.191386532735 
100.239554585075 
97.098734937637 
95.377296312005 
99.479929738971 
106.154156799838 
96.691175534285 
102.469632559915 
109.301528614291 
112.424383847122 
123.599102681790 
126.427667403841 
119.412780067008 
125.939752487672 
131.657294356426 
117.598908911436 
120.464988490809 
114.306792546623 
105.249505488061 
107.292028104723 
110.197036606503 
114.397849091454 
101.802625654906 
111.452377314091 
111.511066057813 
101.883472369968 
115.382886754530 
105.524638827567 
104.564569639461 
114.087820394398 
122.919076763710 
112.684977585263 
101.288062880076 
113.574942104867 
117.742880844119 
122.751433416770 
96.653587681538 
103.395097503239 
94.635701065418 
91.237257793786 
94.496826825801 
90.693608148859 
112.295197007341 
106.043259471080 
106.952198566246 
95.363440964368 
97.322037152107 
91.322117572239 
90.407275468779 
90.773561509352 
99.653473432287 
99.483069913342 
99.999011015132 
117.445808861778 
103.950184702905 
96.192536220709 
90.941676827804 
90.704816400600 
99.301312234431 
112.294933668557 
105.131543524551 
102.394784969337 
104.176841794045 
118.364208001861 
117.817168703400 
117.486189243554 
116.792283800309 
115.160143487787 
112.140146183075 
106.934876455946 
110.117558616502 
100.683137067415 
91.231653938589 
91.852902105312 
89.579649858193 
103.016098322596 
98.854625134956 
94.590494236900 
98.114346744929 
101.280756320579 
95.439581379541 
99.517933562516 
113.655645201538 
124.351900343332 
112.146456505555 
114.318353566697 
93.192949542110 
103.379176994568 
107.028154350346 
107.723006550870 
90.278901271689 
89.847954351816 
90.166269719141 
108.856296422321 
99.246662654820 
101.749022981111 
112.854659273771 
111.801867739871 
115.834421843474 
113.133332415971 
123.340893095424 
120.586315641385 
129.562695015121 
132.332881082771 
113.821167917085 
107.500257844969 
104.645110165077 
102.438062807380 
93.049490906623 
92.017819041690 
94.248155206861 
99.874384799310 
103.402254934503 
98.845498795363 
100.305543982383 
100.135992089034 
98.081954550812 
99.957838211392 
96.742816633122 
92.023711274755 
99.029611017101 
98.504743931797 
89.642774833539 
83.597933412285 
88.051839876922 
90.121546286160 
88.110604379694 
95.288257719258 
102.696110011944 
109.359910542431 
110.265300292054 
113.599266874241 
107.173734766403 
109.806734885673 
104.201152078795 
96.312468708786 
95.598606711875 
98.245666571833 
94.460531750948 
87.115531366137 
84.566242569725 
92.090704050574 
109.093698119372 
95.007495514687 
102.846043379598 
109.229711756469 
108.953788254945 
92.671391412515 
107.063360685404 
92.775403674424 
95.336684158368 
97.344304443039 
96.553244330174 
95.334296691197 
101.249747346899 
100.858425547380 
87.853864979039 
94.583147962575 
102.474366493574 
120.471322782977 
113.277201465095 
121.114941370639 
104.812711733451 
108.663151386693 
101.904365135016 
99.342147516500 
92.412416663106 
102.749889206901 
103.496418087804 
99.600279204592 
101.878817208882 
100.965667905723 
90.162935593588 
85.408151855295 
97.016295605650 
92.132050086085 
95.490443684124 
97.297723761631 
110.113199067113 
115.838209232834 
107.108430746390 
127.061342669557 
123.406205234343 
113.268394637420 
118.504943290336 
133.582042480147 
129.063688192106 
107.530933878783 
99.990787865756 
108.836630110832 
101.234507224736 
102.431522812005 
91.035879429828 
90.745700367663 
101.446133223250 
106.284152035445 
108.821422525356 
109.774806803086 
117.533408210194 
105.499025235723 
110.704514806324 
113.717323677199 
98.352937257187 
93.714164344712 
91.848346112626 
87.241703053348 
95.759616632286 
89.352630246924 
110.211075949507 
112.519467992794 
110.814548878706 
104.332933367740 
109.845138368033 
108.646337759428 
111.642737126743 
116.020559504874 
103.625810409360 
110.003872977032 
109.026458435061 
106.067057823696 
97.068614722496 
112.692880246417 
102.002411201733 
99.462136464190 
94.206644492806 
90.033597598433 
95.315365437643 
102.801038675355 
105.824977726815 
101.665048559169 
104.555067099959 
106.053406447435 
101.260693454631 
101.663391219745 
101.176417692177 
99.325374353973 
106.146167023466 
94.908884388145 
99.345975088574 
111.272382167890 
110.840029276175 
97.637964715180 
93.090796494653 
104.072549508451 
107.372450310521 
114.742928668738 
109.253838883812 
85.146487013623 
75.703134121574 
91.994031351788 
94.659260823354 
98.318427148108 
90.795193741486 
105.307925583667 
105.179289252945 
103.524835725870 
95.663461486132 
97.076888496055 
92.924917997761 
90.340932252452 
89.765132746819 
90.396574036664 
90.728450991952 
91.738331891822 
81.071391963374 
87.829294740623 
90.932734580390 
98.189512142489 
91.113720748155 
98.830007519187 
89.094038322974 
98.991516826245 
101.175111560302 
102.705374644973 
78.036393252280 
87.873051710110 
97.391711739962 
100.857883478973 
105.819784366178 
109.841000515852 
101.707555654910 
115.218944684668 
116.706300251969 
122.228162558488 
115.169626258162 
120.644696459254 
138.062519066317 
130.241848220036 
123.595788070729 
113.810879351750 
118.334455857230 
115.922693016124 
95.317752946864 
97.078546235281 
101.339604524769 
104.914843080369 
104.616969859436 
101.199332974273 
97.879246006307 
97.228099557464 
101.809026784879 
102.569491823598 
104.011358214038 
102.423417682075 
87.056303344073 
89.552582534080 
92.777581754696 
95.098533392904 
105.257849546290 
107.254168703933 
111.882695629983 
108.879022727192 
105.980871759737 
105.326431919802 
100.748520909187 
102.144668953185 
105.135177435756 
100.335316501124 
93.994634540346 
83.313909515164 
96.325594978949 
93.186580727168 
91.829986651456 
90.641472672023 
84.907844096009 
91.514007672300 
89.684560811670 
93.398928711905 
86.378644747382 
90.993406504863 
82.613269796375 
88.157917129830 
91.897646523709 
90.249398241778 
86.312510246244 
86.946650405926 
88.482294755951 
84.426819863473 
86.069566529734 
88.313174428963 
95.385256023913 
93.100767827528 
95.459705673266 
91.970386719479 
103.410502735209 
104.421097655048 
98.810977828536 
98.900811443818 
107.504333627361 
106.658383379694 
97.843000595387 
92.037402988715 
92.058507971367 
98.005245101869 
101.869279675380 
100.258181090983 
95.385253037424 
103.055511496568 
97.189860877942 
92.888515251512 
94.892706032482 
93.781849798601 
95.013338876953 
94.632178320375 
102.203310994219 
101.831777332318 
100.642606198613 
103.331105046699 
111.945430677733 
121.260422519478 
138.409533174260 
115.835837595102 
127.599864863510 
109.339298312886 
103.161593382023 
90.874080713037 
104.809421336144 
102.989950611974 
99.238945697105 
97.486018915243 
97.669074700621 
98.125449168888 
108.046918737794 
105.560967543640 
83.914199359450 
90.136318341067 
91.899534050211 
90.219620288557 
92.020097219973 
101.206250774594 
106.700761447642 
98.664980969199 
92.453088481743 
91.432607604533 
103.041558406529 
99.766784361084 
94.342036905729 
93.788047705722 
94.456527640769 
93.529626104459 
84.686442446892 
85.091992099043 
86.067417204467 
90.955780350105 
94.004695616797 
94.866927162506 
90.268312753917 
88.299960712298 
93.200783456909 
91.257181148105 
92.071525588357 
94.622509463031 
98.460842305514 
94.188462132684 
106.266853009099 
110.937707918512 
109.626637362319 
92.460317408499 
90.996311084444 
95.994113464960 
96.352484345658 
97.230225317844 
95.200845566031 
88.028841119330 
90.667251631512 
90.797074953351 
96.678855942323 
107.906993051465 
104.368753722472 
100.530036399620 
97.557743473873 
95.301690188672 
95.923950743842 
99.485866849136 
111.557551947312 
112.561659899894 
109.269498712151 
108.315235881788 
109.409932710700 
115.478174604958 
113.679471880925 
115.112183544838 
117.962272160425 
115.591186613108 
118.595475588378 
119.230828136258 
115.824754088558 
112.276772552764 
81.292694746403 
73.052127959653 
80.517400299039 
79.392032538875 
92.013992150162 
87.918298401018 
105.468815681539 
117.666156147937 
100.571639612330 
96.285600448233 
84.152415599916 
86.430993007748 
88.018009047498 
76.593608850232 
87.413128600692 
86.202615636469 
87.735565688804 
87.640232405315 
93.188513394629 
87.325517898443 
92.488831606511 
95.068123800394 
116.653070707669 
116.519261029880 
90.737083085215 
86.094937793765 
85.072866963676 
96.688852526157 
104.539142599559 
110.381747561764 
115.233296556186 
98.556820548217 
109.959244179350 
117.649208212636 
110.226013124428 
99.876400908889 
95.246114413802 
86.524934779978 
91.800556731525 
86.839586041737 
95.794198559173 
87.209996213911 
87.549897422865 
76.802032415442 
105.986029244854 
97.674226728528 
100.799248092444 
102.436324714811 
93.655785761702 
92.967643027947 
102.003738405139 
102.832447345075 
109.367132843779 
100.059149828932 
105.750684399881 
106.115965182753 
111.717794262431 
99.662323567602 
96.047023999056 
110.493045995993 
90.494853157756 
98.019765013735 
93.977948267658 
92.884120348105 
97.744711304143 
93.871124661592 
97.754368284276 
101.235303160482 
97.430895010192 
104.155190691990 
106.398554802715 
99.170905718357 
97.145233036059 
98.062223220805 
103.341316935490 
105.742015754376 
123.905782652775 
111.273877984119 
108.315331528839 
95.521304365727 
100.646377821970 
103.321273869886 
102.489444268185 
106.944506699580 
113.047092640247 
108.703337213936 
100.138181159501 
107.945900104908 
106.369120993794 
107.264104901941 
100.318890183156 
93.514718218270 
91.420403301408 
111.955308627917 
87.699769453611 
104.182742969199 
109.865007196488 
101.283553981813 
97.741687826957 
96.176793569899 
88.121638684597 
86.506258549062 
92.815863321150 
93.586186618017 
93.203150789610 
103.349087935767 
114.164475724847 
117.947478742322 
108.383782273610 
110.099770512815 
107.779270992414 
105.286925852081 
99.767024141505 
99.494944799418 
93.424972565000 
109.558873491019 
103.405004362533 
103.069147632456 
102.916916158451 
100.545832099544 
97.984478506487 
122.227159571387 
122.401335300854 
128.909906850703 
128.821598507627 
132.853672086955 
128.340830759561 
118.935378133203 
115.986819857289 
115.303007318249 
117.338489018308 
120.902162653990 
121.906711517857 
120.701892050722 
119.417821509723 
117.608625601719 
106.136468220661 
107.706794211065 
98.274165959466 
96.726483076580 
115.419865660911 
105.768568317308 
108.370943341271 
106.513426924285 
109.700488714320 
104.288198629955 
97.312644730869 
97.300769387247 
98.938458564963 
97.351665520080 
84.309529530968 
89.832151466115 
82.612078149754 
81.981087967659 
101.193645321829 
96.162565340747 
86.869514814519 
94.039969523833 
82.137812353030 
83.886151181080 
98.601980764321 
92.073029092994 
88.838785216860 
103.788796128021 
99.771706854323 
98.527895054338 
109.099194899254 
131.745081941884 
112.853848965691 
104.126828635191 
94.472222153569 
95.875302170054 
90.192194343306 
84.391500028634 
92.523856607175 
103.989695372103 
104.441615173241 
96.122994015344 
96.368618931839 
90.026449634296 
101.416505427271 
114.382201953648 
113.633957764652 
107.855339298768 
96.898410359464 
104.871629040638 
123.718086169270 
116.741817556672 
111.353688886635 
105.482603705674 
116.403760298840 
118.900135134224 
110.317941952298 
127.565626790779 
111.447609677343 
106.606028848991 
118.767005883216 
101.376739290658 
100.203815296041 
93.649457475473 
99.726085642702 
104.704881262623 
118.667897004935 
108.821702262244 
112.440325922124 
108.712314668081 
102.539031233782 
110.270079646593 
115.632418738537 
107.359491504591 
106.120256872493 
102.757814270016 
96.901475000917 
104.996555005637 
111.072192795508 
105.549185414217 
104.929814973080 
114.134702414511 
117.446568025324 
112.867253562574 
126.410574716895 
128.978778416741 
123.381989572919 
133.913491312516 
111.380316658006 
109.225688848876 
124.346982193274 
141.408493561322 
110.042316294757 
105.090905193550 
100.633835158663 
89.486333383266 
96.836839230960 
102.984097627122 
98.446169482660 
101.329594819238 
99.588151747984 
97.806730206476 
98.960433452153 
97.030602263539 
98.809278204385 
102.144830485733 
114.436290226183 
103.527969030264 
99.468377370982 
106.249290691838 
105.341035309080 
107.301359998183 
106.291307320851 
92.563074237982 
99.605022190663 
96.037258624103 
108.632487259444 
90.863561044387 
90.404586019969 
76.585679011353 
85.453778951711 
86.920634512142 
86.657567860781 
86.395920809651 
84.644364447359 
99.442449231132 
122.649296885556 
117.085487609115 
117.845054782483 
110.886019259181 
99.889061282500 
98.187499459939 
97.538090881349 
95.756373863146 
97.477007978907 
88.507918596268 
95.352027940666 
104.965524954534 
97.847672493292 
92.991027878549 
104.168474767188 
105.716852753738 
102.069047492668 
91.476457944047 
96.183158242194 
100.418321040753 
87.850513338390 
97.893712684618 
97.265687928146 
96.024279393465 
97.537184419549 
89.154904561102 
89.801442945517 
88.629736431046 
93.408007851468 
78.495135871169 
77.968561835477 
92.798852290742 
93.358055933299 
97.690698545237 
106.814439986419 
108.468662337363 
101.255241282049 
94.669246138644 
91.748329447717 
93.586900699677 
91.661761057087 
98.561601776102 
111.018430893897 
116.920258390613 
115.817305173476 
107.423992561741 
110.448923977261 
94.489350857640 
118.777950178128 
125.054232291757 
102.821916631238 
99.197144063279 
105.975771658803 
107.121739197570 
111.030158079068 
88.198186339268 
93.367652105460 
95.396764065962 
99.344693133959 
115.558942290752 
115.147492293098 
100.363583181887 
94.847438207762 
108.803159253625 
97.539394656626 
90.539386640421 
92.398188488268 
98.413156054101 
98.192689830339 
102.747104158570 
108.690977470699 
90.437887720096 
85.830683062180 
78.598451574835 
77.483227864336 
89.890161671924 
100.323088196498 
87.440206232858 
102.499687673938 
107.879107560684 
100.091864081673 
103.637555477681 
100.980891332881 
92.624717224471 
99.121131441015 
93.146286978081 
90.591488579159 
93.342606499840 
106.473609101373 
103.228886547017 
111.373070762125 
108.381182907576 
108.153357960007 
112.233413520116 
111.658037561006 
121.739436671833 
103.066585328070 
108.878901960750 
105.081770574269 
102.834861200617 
100.381289046936 
101.770412026436 
98.782136095134 
100.661522914131 
99.926344761230 
102.844862318723 
109.742636229284 
111.777877924351 
120.768021227728 
130.393361835575 
132.229167528340 
141.941155664103 
117.509049051659 
106.515478738148 
110.529780675786 
105.557964890077 
103.166252013229 
96.497040753908 
94.590855162956 
94.180163034803 
85.894714414828 
91.992827094989 
86.061709380423 
92.027014042052 
99.927969178045 
104.183963496220 
117.631791814455 
98.864114777446 
101.674418377989 
139.406359666407 
123.474435492617 
121.833398057307 
126.472902888650 
113.166462285706 
118.255512719767 
118.067425668741 
112.262508193786 
117.013986947105 
114.583242494315 
109.693730654098 
122.319361865434 
117.495211183010 
115.496643294301 
103.436163857592 
109.852475410969 
103.783727941823 
110.222084325874 
101.891428403288 
101.112314723476 
112.364026582793 
108.327336149763 
96.274154256559 
103.981979391089 
98.444031210744 
104.879017534748 
104.692919908652 
100.331298570387 
103.305081796011 
102.184783746932 
107.556823728506 
103.398841324515 
113.609044051372 
112.625345176682 
100.920346738669 
96.488595348404 
91.179798987871 
96.683652352986 
101.736145655222 
108.355784829894 
96.550400841952 
97.742010636608 
110.541892922737 
99.127499626992 
109.103273825422 
95.950638870784 
96.255521178275 
91.359525096277 
99.544380582663 
96.088671930285 
99.867049367003 
89.806230819202 
91.997031303183 
112.134866557713 
103.241649809613 
95.591048278596 
95.882969654525 
98.538280995008 
101.359976999454 
115.049477860628 
118.765287509730 
126.192346927363 
123.318540748129 
118.099014190037 
115.258214663129 
101.427775279685 
87.019963576026 
82.264101555606 
76.007116759861 
102.819130977232 
102.388285852473 
101.718978540057 
116.928750408225 
120.686116790003 
118.365022043531 
117.438204153093 
115.466692291714 
100.994892565575 
99.933441345787 
112.175788168796 
92.652284477453 
106.142716443414 
112.443868951065 
109.040764047117 
113.028158657603 
106.533741049107 
115.088945578635 
116.290262365358 
104.677928223137 
104.893437565525 
102.668861938921 
100.823775689278 
105.688808910963 
109.559441079992 
117.677053794444 
103.809252739629 
103.710286357106 
94.705904151328 
86.661171838894 
96.568781514181 
93.609374289298 
96.573157724672 
97.275520001317 
119.216181145333 
125.232202377058 
111.129992724975 
106.700768641297 
102.025029244874 
121.607444620650 
112.677022714932 
113.358150650527 
110.140947155758 
105.708907235480 
87.161270635964 
112.002619243241 
78.609577101934 
92.161863038321 
84.526421017125 
90.106280041883 
92.298020605478 
81.289210938254 
90.921885211278 
91.205516568954 
87.369783347614 
98.048299234901 
101.236814703696 
94.727136253869 
97.937954449544 
104.792992820339 
106.589148987860 
105.448651186089 
103.817645259313 
104.834872814833 
100.644140244811 
95.985552703835 
77.064566990931 
80.908448939485 
92.311470144215 
109.985801590369 
104.526627627597 
110.431063298821 
97.910736474260 
108.135123849576 
90.964665386629 
85.408903393051 
83.838652923620 
91.009809556638 
108.382126550136 
106.860297388554 
96.251287457163 
114.687676355993 
97.217655668900 
103.255780912311 
108.881543593734 
109.577003332400 
101.913174095978 
115.740583848773 
109.860104937027 
110.620442846548 
113.680955374820 
111.535107952137 
100.008904698147 
100.994896993089 
102.290672434133 
96.319624039765 
119.082863891248 
113.174539025159 
89.815819084412 
89.672230335492 
98.579845656933 
94.951300525616 
93.197425861459 
99.400453470286 
95.756245275052 
104.625294397703 
96.747788719588 
93.142278829442 
91.454501765517 
87.663369815338 
100.637872846313 
90.942610465747 
94.256914229563 
97.384443568434 
97.262100825695 
101.855001630457 
102.969839828312 
104.637316446669 
97.358013801552 
111.772537968776 
110.683773483543 
94.813912170965 
87.801855442934 
90.622844953228 
100.218246086861 
101.594092367834 
104.033514413151 
112.014227540278 
114.853952068013 
108.489982746379 
101.445961663984 
95.271070569039 
118.322195704220 
107.122420211243 
105.013198660855 
100.487938589772 
100.828955973479 
100.954448743351 
112.578213223208 
101.823749237959 
102.595679068389 
129.502952223513 
109.581571832125 
108.279083995739 
111.306540746485 
101.909851301106 
98.278223762596 
105.829712608533 
107.492985702828 
118.076288551705 
115.419240621607 
111.160507780131 
110.602816619270 
96.624274081169 
99.025765752673 
112.499051776892 
110.175280218611 
106.804685917530 
109.928623021427 
122.303983430383 
118.448130786153 
110.933860446685 
113.932878961077 
105.663635606979 
106.474295343547 
104.402137551688 
94.624286195949 
93.927490995544 
90.697260259742 
88.845483215078 
91.231242767950 
90.023160915742 
89.292962679010 
96.385642511601 
97.455521651210 
103.160033330582 
113.175539039580 
110.950526697728 
111.350758586145 
112.342161964932 
112.891039418340 
112.754486196284 
103.545154552921 
102.792289543037 
93.956442526653 
103.608321026337 
95.719178505392 
100.419121920367 
105.215850208650 
102.543682110452 
115.085777765578 
112.011808196255 
101.111866077569 
110.107553938722 
112.297035205813 
94.983268825047 
93.598601183806 
91.276730857180 
82.179203760741 
83.165405852590 
80.321876096154 
83.038801905355 
89.087349034802 
93.342924383378 
95.858373621302 
91.931378253207 
92.210853964260 
104.614369401826 
104.975712392369 
106.110184892425 
93.781101245417 
90.347456605599 
91.512780824463 
95.612231937240 
92.925694786429 
81.934519814150 
82.451939006387 
83.560473242184 
92.754499134726 
93.224980312973 
95.365843553797 
88.092427323522 
85.626638615525 
89.294007546714 
90.084078166903 
88.246534950672 
99.854733012999 
100.170796685883 
76.688321170963 
85.136671677231 
86.953843462388 
89.453180969628 
95.631204156336 
96.863563701529 
103.345522492657 
93.777633186628 
93.461743555790 
87.720802906361 
95.391349748521 
95.341290119625 
96.849389562865 
96.044514876531 
97.086107471838 
102.522570676893 
102.378763935136 
102.413239058593 
108.081572907850 
114.291198706058 
106.347312175919 
109.293117152255 
122.093583292923 
106.680321486837 
98.352800461944 
106.681256458676 
95.815487408999 
91.368059374970 
101.509142047580 
97.227981240379 
95.114489615853 
91.357836040425 
90.092017329471 
95.617733638560 
90.851354727827 
98.077376781745 
103.401131184122 
99.632929782018 
96.975075088996 
94.291417191170 
87.667535484760 
89.585678936043 
93.858808269926 
89.882310940217 
97.675466002043 
103.849852572973 
95.799405288038 
86.241461997920 
85.525563110238 
84.896370427857 
89.175776347642 
90.399666634602 
103.834217029368 
92.915858742729 
116.681965347165 
115.242279293430 
108.449350678450 
94.688537568457 
104.655086683675 
88.951733708539 
98.344880321383 
91.169811441537 
98.140180729025 
97.185431466367 
94.135495070675 
100.630436449659 
100.849595454813 
98.145000896835 
97.622705104178 
93.311072210070 
94.716962196756 
86.319805254419 
102.296511109989 
97.438630045585 
100.250262439310 
106.756983356770 
106.155486461907 
89.453631431691 
102.205358289372 
103.970826643830 
97.424961066128 
86.955389276104 
94.352810380411 
85.461783170749 
84.498725832518 
87.138343984419 
89.688988715993 
81.349854889168 
91.428671773793 
101.709865530162 
95.746141138442 
105.529710426410 
110.892730760478 
107.807224266436 
108.057075675253 
114.969536734125 
113.423590112453 
121.240299798612 
114.577173368550 
111.291673290932 
92.168135352966 
97.098733973607 
97.726128915329 
102.334253934692 
105.100332814306 
107.027651548878 
93.750485961729 
99.403650373236 
98.232010876885 
96.000517736751 
97.523136773124 
89.786708635782 
87.469535920521 
94.254669570630 
94.805791264178 
111.165681369729 
98.813537215825 
100.285843043724 
97.855685971230 
95.730513344865 
97.001453031223 
96.735761868895 
89.570084267206 
101.382561822246 
116.306957910828 
112.327897510598 
107.832431381292 
105.156704291983 
105.312940116222 
108.514283140045 
110.961892916183 
106.811090436535 
101.141453732381 
100.853172061164 
88.865205580490 
99.517854109565 
94.139118357159 
89.105472765374 
87.487261623617 
82.562105061452 
85.352033928584 
100.143994242643 
109.918432298856 
116.556230511676 
118.249271330012 
109.744988353385 
108.255600459066 
102.032249890738 
103.113980606826 
102.228299623672 
93.077698900736 
100.030291850930 
101.561648145154 
103.769941169408 
104.099975812783 
96.349719602635 
100.566756144172 
97.846602386040 
95.401194087280 
84.472203149879 
90.409583254628 
97.097276402684 
98.987933987348 
99.510760971479 
92.413401136219 
93.457658705201 
102.252673940144 
107.807592313892 
100.494307829663 
105.037810695152 
108.153035083262 
101.136685246525 
100.907766390227 
101.677644960500 
97.471206455993 
91.630561757224 
105.127204642230 
102.103061808174 
113.915651402044 
108.299730115477 
105.330029058572 
110.539354243899 
100.140636986864 
99.142856771920 
101.560087398274 
102.499891500460 
121.289047888622 
115.693136774064 
105.545405622717 
98.591995207878 
108.520717272316 
108.871156959685 
120.265368648261 
120.236741119516 
100.800920570769 
100.999072148977 
99.736539483133 
102.360903097696 
98.062052398332 
100.670936739586 
102.461085917632 
105.057193916419 
107.680516308031 
102.983558243680 
100.478970056471 
105.748300737022 
104.720552186272 
94.168188177493 
95.449236672289 
96.473535892941 
101.755319921647 
89.424178340320 
103.858432343350 
100.101491829800 
103.231656781908 
89.222857013389 
81.243600593762 
95.396440864427 
93.276989456443 
90.797840846999 
102.500105520625 
104.509593170379 
103.595784613857 
106.908218799214 
103.215746794599 
115.658186481595 
99.015476778525 
93.562859241152 
104.486714570452 
104.207788417607 
103.512078887229 
104.489562188320 
105.760419675466 
102.905453920114 
100.794489690139 
100.849182766489 
97.159281619157 
104.306234235273 
113.567234632652 
104.421518179033 
117.579855381297 
94.419577464092 
113.529785766468 
106.136731828692 
101.978142338222 
100.101018867381 
95.730677425647 
100.988602557389 
104.058965962685 
109.038609234172 
99.541015013859 
99.634584085859 
116.817340277094 
120.738908827443 
122.299664351468 
121.184919707047 
120.032382528111 
106.981927137925 
104.490715610244 
108.780113960041 
98.907526761317 
102.573049210645 
103.890446623363 
96.708918917254 
99.010510377325 
89.315188694251 
96.321252567531 
90.147931500389 
95.165676671492 
97.615679495276 
106.820269502806 
107.218305833524 
108.169880243873 
99.399994432509 
103.801748175692 
107.956371616093 
106.947494240123 
110.569859902265 
96.371653716948 
93.523221586674 
85.757966715495 
106.902930939717 
104.656456915804 
98.934598194731 
98.396272682252 
99.118013011604 
101.757456143652 
104.938787530961 
106.216055679755 
95.758314733991 
92.287222622594 
102.627971904366 
105.556639834220 
108.085778548256 
98.391516010392 
106.005216727294 
103.502352424047 
99.159102664373 
92.852034541441 
94.064167793091 
96.922609223655 
109.288005502923 
103.947220085770 
115.324573504790 
115.632418119797 
100.566249294363 
98.763834801407 
97.129688415445 
111.200088951729 
118.335226304064 
120.430355252112 
115.886321429939 
112.410723799859 
104.115195925345 
109.501816481053 
104.804841158929 
108.787837490203 
100.705330716544 
103.275246301765 
108.087626104498 
114.298906437058 
110.842031992242 
99.509139820662 
100.866555030933 
104.785427160610 
102.129332844111 
103.716263415269 
100.362545821303 
108.930017274015 
102.601335069028 
92.348625407423 
113.189423539878 
106.301207961606 
104.904259090773 
102.206465842815 
102.904036211829 
101.468996002783 
99.889879309615 
92.929196065761 
84.561639778887 
84.385099255878 
102.473569385682 
88.632502364085 
89.365017138668 
84.162431336869 
103.502724016476 
108.814949951582 
116.187501804001 
111.616354278012 
124.451585896912 
125.046451160305 
115.246921904902 
113.901245611415 
107.246316512639 
111.722484589999 
108.184819675357 
96.473861584837 
105.524342832598 
94.199313752600 
94.367235778680 
90.125261951772 
106.367991791092 
103.264509170652 
101.934312910222 
100.080267872227 
92.340540316099 
89.583743492523 
100.919598087419 
92.997315055426 
80.767101368710 
88.805853613929 
86.070849137646 
85.667714191075 
81.088842582800 
86.063949226914 
94.122680710574 
87.399165670159 
89.856939616556 
100.760055299845 
93.934609561358 
92.323298912130 
94.307299587942 
99.070867126106 
96.452841922004 
97.505088845270 
101.325870019448 
98.815245841876 
96.815260908037 
98.863128750820 
100.377883456441 
102.902915616743 
105.693210437126 
107.348088080391 
107.613512431214 
109.376258436017 
108.615589249331 
98.201996615449 
96.675056170798 
97.864561812956 
98.865653207545 
90.048473421377 
89.386523652450 
95.012581989622 
87.408382964538 
93.237516995959 
104.776208559393 
113.157228169295 
98.733287508603 
108.028294190594 
96.828235361864 
107.012664754001 
142.606434799364 
138.705835423456 
119.227077138097 
108.982880892440 
95.338462848090 
103.188780215369 
97.509439446266 
89.052284047061 
87.477015583866 
91.134468020170 
101.416395635931 
90.807873852644 
98.898187358058 
107.252735449666 
105.817730170362 
100.461416252347 
101.943013752796 
100.742944050527 
104.430841544214 
110.422453100281 
104.093902348186 
101.259271913407 
99.149084912081 
107.553635935777 
104.071582460722 
112.221072942239 
103.221503762354 
106.855447545165 
116.550568631661 
109.753633547274 
108.357347330640 
109.862659106031 
99.748221442742 
88.204259262158 
82.843316910231 
82.825958185668 
87.007032335648 
100.405478271502 
103.413057508986 
110.499279369967 
114.215318136654 
98.136751852799 
99.454357717477 
100.847998359653 
101.907910867208 
93.071781448302 
83.543304953483 
87.921012405093 
103.424122237615 
101.790386684976 
109.847338972965 
114.996204651815 
94.454501011699 
98.278353894252 
95.848675831839 
98.021936555252 
102.851804808978 
112.662918014144 
112.228249233722 
109.068803908331 
104.571766265349 
96.400255747373 
97.292404769217 
96.296523276205 
90.614249747656 
87.224423411445 
87.391648508584 
95.782389452106 
98.040748340218 
94.137502056140 
101.923326490558 
98.678088182760 
93.059516800293 
91.555942236853 
96.069374325961 
100.757019548545 
102.124085434947 
95.736077379903 
97.706566691828 
108.259488960751 
119.981572588603 
111.550314905068 
104.181915954275 
97.685163697656 
95.077756442189 
97.279323713053 
89.703989698663 
99.207213041303 
95.933704278456 
93.886225176666 
90.217506978093 
92.573972278080 
91.278526506102 
87.379278821002 
86.414371634372 
86.456136981103 
81.805703924681 
78.242535621438 
83.595656567049 
82.574744270958 
86.795667759480 
86.415494518974 
85.212559507358 
87.934917183933 
96.026813875639 
92.225514131867 
100.554065533876 
98.111814663763 
103.522861039039 
98.262572870047 
87.015023928506 
96.209290112655 
109.174621144443 
105.577606004796 
105.345509323683 
116.717250624359 
125.358389693946 
114.279952499485 
105.679659745482 
103.577525202137 
109.565052207739 
95.279600444474 
98.561261016498 
94.364860372166 
95.117191674062 
100.305655137338 
107.802094434561 
116.490052526639 
98.572213642124 
93.940137066052 
95.691589632494 
94.646900494357 
85.851307609983 
84.710274300636 
88.928377590827 
86.622625837646 
92.095107604326 
99.466146792991 
94.467968536386 
97.216231910332 
109.313863323522 
120.324063156986 
131.157132056166 
119.182607632307 
103.095639011495 
113.914717698958 
118.339631835522 
119.690455088096 
115.565467340547 
115.850165619915 
110.515085786754 
100.589796748022 
99.177638525009 
94.554023910958 
85.707812188277 
92.823110948478 
95.723261841639 
87.200206409371 
92.527963199037 
93.293334319765 
104.437587499098 
104.960877734585 
103.600091690928 
100.885910587320 
100.659672019992 
111.414744661157 
98.598914747972 
93.202650655683 
75.030993967356 
85.437669465280 
99.405705137923 
74.111571942706 
86.173354757853 
85.340926238034 
103.294037657755 
118.958487131935 
118.987640041077 
116.569838999368 
105.289989214070 
112.166856640345 
106.605954000288 
98.369389967820 
104.882002961272 
100.324095527761 
94.459926435816 
90.667912067860 
96.016836401785 
99.365778386742 
98.292071547701 
101.455693107446 
98.766192778838 
107.711134651631 
118.160745298676 
116.895912762901 
125.012600467044 
91.887731176094 
101.039156035213 
103.614638458186 
97.072998599795 
86.593613669894 
97.149882104242 
101.338285929747 
113.136851702735 
121.845717041755 
133.086994744407 
117.013359137310 
110.805447944836 
111.376356979189 
109.256650166650 
102.049119391969 
100.461781351208 
97.777492790843 
96.209041258819 
98.851535016799 
92.155985526687 
106.795502190746 
108.282745451079 
106.350429281568 
118.302772526261 
125.714523855944 
112.803858844777 
98.779405189829 
90.755968948074 
81.689085361681 
88.022912949354 
84.232706368954 
93.356765434394 
108.111060217941 
114.762679359623 
115.009744969867 
118.340669320413 
107.094701643166 
124.301182843114 
111.786454011802 
112.573150767219 
103.947744873008 
94.766687363063 
87.590588110203 
87.936079643968 
92.929033470530 
104.247172765858 
101.567521863125 
105.071303071476 
107.928678387018 
115.432204971525 
113.301693076817 
119.731210595365 
112.469508596649 
114.392664322397 
122.409100472633 
125.133694235317 
109.341567633701 
103.613568983781 
104.069029325936 
106.058277460318 
91.747587235457 
103.813594882991 
100.410847994355 
101.139516316730 
101.444596727291 
103.294707351353 
98.278265012615 
99.261766842841 
86.099055739280 
83.189976317864 
99.726421099613 
90.934899089338 
96.512849223154 
113.099407458043 
98.372366162294 
110.502687997967 
100.665086623584 
91.609879389240 
93.071186416087 
92.659253892194 
88.453031494206 
93.219004627476 
93.786583566804 
93.011087478646 
95.591851811878 
87.953912728597 
122.660931181788 
114.065934359782 
99.579021015897 
103.843893589702 
108.401125092908 
109.220871031308 
113.281044253520 
113.793371393601 
110.999392242889 
103.473930753800 
98.274080515387 
97.014821181332 
115.609657004492 
98.577237119322 
101.620403326966 
96.497831860343 
105.509029526963 
88.090385538435 
87.901347626054 
95.947846565158 
94.498152284294 
94.917397257660 
91.104048568529 
103.986529436998 
105.152478381153 
106.511167499811 
100.842801879162 
95.388634413595 
91.786136350753 
86.334317606543 
95.151616789049 
103.035294762595 
98.351979178140 
97.789553885206 
102.243854571986 
108.859094779237 
125.017612660934 
112.762253391240 
98.358906514030 
100.455190443319 
95.010062194387 
91.544105631593 
95.267010887800 
97.621362134632 
87.541801405735 
100.684780422587 
96.610024629717 
109.660579704102 
122.214265893284 
95.236437766094 
99.959805721655 
112.027052569635 
119.866589073720 
101.992741845860 
90.084257351901 
97.806628500116 
106.753048914193 
102.614882774566 
112.098822052153 
113.066038128866 
116.278723326009 
114.002346646548 
105.928001259728 
114.290074473757 
103.948340580876 
89.644770839949 
96.689590724195 
90.449627791430 
99.158888058561 
95.904637917229 
95.926102532268 
91.260081224169 
101.992156240528 
98.062457497740 
96.435030190180 
103.352839803132 
103.159113160197 
112.762940570807 
126.357851578650 
108.452428648388 
100.937073111961 
104.577082357375 
110.868327618829 
105.037195012820 
114.649546966785 
99.621467509335 
99.866201969341 
97.165773815996 
100.038161174721 
98.794318642542 
112.150255483933 
114.603423913092 
102.335777125473 
107.960367518550 
108.266853394335 
105.927219674383 
101.426015739301 
108.378034093344 
112.800070769269 
110.429294662769 
95.734919115396 
92.518095361404 
88.946746452243 
93.521974547266 
96.915215224802 
109.990235891316 
106.967605502739 
109.178483042465 
106.611335502443 
110.938548921603 
107.125906876846 
117.937334443366 
112.701126429566 
117.253228122097 
115.232482101191 
110.799710302713 
99.048367268231 
98.783581013349 
102.533705412950 
92.656143370894 
93.502800151966 
98.194737406992 
94.341927984189 
93.413152229359 
92.178186938178 
75.607261796533 
81.828699828975 
90.115653367313 
90.144104306490 
95.589596331417 
89.572830644592 
95.125740058830 
104.235512884377 
106.612636934260 
105.258123913058 
99.315258347849 
101.805242832200 
94.604864806435 
95.532516316937 
101.018747102183 
103.643024352521 
90.557675135716 
98.120801104706 
102.263597804936 
105.862655840258 
95.250309796347 
97.847130805918 
95.905131950628 
95.414532237900 
105.142590191048 
102.451573736518 
103.734045370715 
105.953565787979 
100.747180183965 
94.087360244035 
89.318583734360 
87.750630349578 
97.444018510988 
94.596000433556 
92.822964349519 
92.668198612452 
97.436539985732 
87.811995812172 
82.763229999017 
88.416373186074 
90.083552688606 
89.477636295070 
94.342389225477 
88.750106873937 
90.364864551411 
101.492532541237 
111.727688558922 
97.270235051380 
84.470319427024 
87.737908843264 
86.608440914299 
86.448136903886 
98.906355947294 
110.411766184131 
107.635736363202 
95.509411375782 
105.424821017371 
97.700617202359 
90.065595503198 
107.169638343973 
100.823237994175 
99.017304429163 
90.978146929552 
94.371591278261 
99.607526213005 
97.942709494022 
89.269123056821 
94.358140561838 
89.454262113758 
102.304592901377 
105.771945930917 
111.002699168715 
117.425436926459 
109.484759622377 
113.266171642829 
133.624607549001 
128.661749925821 
128.549103448144 
117.855185899698 
112.651843167174 
110.930147959547 
106.561144528096 
99.539865195237 
107.434071261642 
105.752890438591 
109.714839453418 
99.480991058947 
95.334449004238 
96.858619940348 
102.623580829365 
94.779386640501 
96.959824198680 
85.275445793975 
105.211901209783 
113.904693331381 
117.596169285708 
108.594691294493 
107.722087347213 
105.227159678074 
100.630784901690 
106.441498669649 
114.389773276746 
109.233768337625 
114.025611304269 
101.434480028435 
105.836507516299 
96.014327081476 
100.156413783594 
89.739079546626 
94.657743765971 
98.777507006458 
107.957855426524 
108.483074241056 
111.477965992346 
107.930236886173 
95.006813441244 
99.540696071645 
101.995863261292 
99.916860257038 
97.200291243831 
104.207666018477 
103.023850171715 
90.692481027596 
94.736303080200 
92.621378365522 
85.767737400890 
92.001722354400 
95.339364217879 
90.613975603029 
90.114448128562 
89.921966569287 
95.401982781353 
112.089560464822 
101.424300242312 
97.638566631535 
109.287873384541 
108.789065597777 
111.066914235399 
106.950873683129 
90.870634167361 
107.552315465659 
113.162304964041 
116.895161314352 
119.819532538465 
112.518803035079 
107.147386712615 
99.618445371689 
99.597854763506 
108.138054827484 
101.081287184855 
108.374035919270 
110.543989608524 
103.983016235747 
104.029828331751 
103.736807301390 
104.716427630605 
108.122322896102 
112.065010024795 
100.655729640241 
101.014354063646 
97.068362531961 
100.328375963984 
112.698606529465 
96.946323855210 
94.163312924275 
91.251414412069 
106.443483833476 
104.233641172789 
114.166388851309 
117.420273140438 
117.116506700238 
98.725346479575 
95.970374841267 
94.194158517635 
99.127350312016 
90.285027797427 
100.078477714510 
102.474657259127 
97.486972706998 
95.916438242020 
94.227221027821 
101.334384402107 
103.581649102611 
106.914689094491 
125.741999592654 
105.922285215568 
90.540504430478 
102.896433074351 
101.810177593871 
100.273429814727 
99.155841575181 
106.747937234231 
115.565771110756 
104.818625726497 
112.453330613496 
114.407547668562 
113.744824376258 
100.537508760866 
105.337507889873 
94.285250882011 
91.821206220336 
82.502653071558 
95.888936448549 
95.972152049158 
95.149974097715 
87.253022054697 
102.055161678142 
102.966849410568 
105.920169674755 
111.582949632852 
119.364369365455 
104.409095618936 
97.762402308491 
103.020532289452 
97.825232759662 
94.915698700637 
95.236601884944 
90.087384901276 
88.721445581434 
95.608465072469 
83.730790408044 
85.319831358819 
84.762575675893 
89.310783110163 
89.250260166474 
93.251982411305 
114.758123907590 
104.111858202649 
102.543141432413 
98.795933162667 
102.001476187767 
98.205656937578 
101.114620269084 
99.024950398553 
99.130578101798 
101.210161902674 
96.343538224094 
103.919317487289 
92.857111664982 
86.001307364749 
87.598141853242 
94.026935810703 
103.787352944329 
93.815014320205 
98.736227052278 
95.645300061974 
105.524937478425 
108.434538061272 
107.605652485510 
106.826640803724 
89.635326157203 
87.655794730472 
91.013367464713 
99.822566721221 
85.472064859579 
87.673258376501 
95.646967137057 
108.550850602201 
111.985069017250 
109.593381963492 
98.952179045072 
100.258439977088 
103.177859455683 
92.788260760587 
105.071415257910 
108.781196293121 
107.922884651087 
111.580438552087 
101.775275554728 
95.976908792789 
96.380816135496 
94.173691345499 
97.508693024326 
96.109839607644 
96.796535965994 
98.406078690820 
94.154099442817 
94.948313687383 
97.552949148221 
93.435897932392 
95.782783175834 
94.816977692462 
95.804254467323 
95.873126374024 
97.251334512078 
93.675283641855 
90.068006224446 
85.538729169258 
80.796341800368 
87.281255240015 
100.472794489741 
102.566468317667 
93.493514752958 
99.177957731318 
105.653402554750 
96.108583693775 
85.533885264419 
86.790667330086 
92.634129260926 
87.858307152832 
91.779349590244 
91.867175286629 
96.572366932820 
100.595363182600 
102.877796902703 
94.306548353365 
86.659145819088 
96.273778604163 
94.597169724242 
91.256908485044 
94.834576518301 
89.700504631306 
84.924398594853 
87.801395245930 
88.384879893684 
90.172303404647 
93.785520309887 
93.683918391358 
97.015856620561 
93.032062666580 
88.614681652218 
95.121384560937 
92.155069389267 
91.993721194594 
93.404607466866 
92.494644972147 
85.729306351112 
84.691418792088 
97.301291462951 
96.017779576474 
93.812527774514 
92.371204355478 
91.858480592527 
96.295082632390 
100.052577266196 
99.928799520762 
99.160357634041 
95.273022642659 
100.075047434555 
115.632930954648 
108.332343815939 
107.568365886218 
100.633794096776 
108.683351872889 
100.673640741981 
92.208917565159 
112.941719400524 
103.140304945671 
102.745378409314 
103.500726106344 
98.711222269407 
101.816052235787 
112.671160728125 
102.888590973177 
119.549536338862 
108.433248403128 
104.770923555472 
102.759106238666 
102.431291544331 
99.198269298966 
101.520248830845 
97.582958114883 
96.286475829752 
104.754448029231 
102.660244560824 
110.927853669706 
121.442293671800 
111.069258470198 
104.012184287423 
94.102869984782 
87.208723212207 
79.468835739902 
85.427884292631 
85.125666290599 
85.180627750586 
108.640253365417 
119.355506814528 
111.300805944057 
108.296160352930 
107.036614580865 
105.356429786779 
90.716457506854 
91.704835360048 
108.420979274246 
97.231451964089 
110.245856988978 
109.856853382096 
116.799844022937 
120.635571491291 
112.177479170306 
91.251430443749 
101.154602806628 
88.608263036377 
63.906909393409 
99.600475903925 
84.148192682770 
94.594852121212 
89.320034844745 
88.859177042958 
103.100733024113 
104.185212080740 
101.799418925509 
97.760123691435 
100.061165276298 
107.754166156029 
95.035205474180 
88.649903272592 
96.594782329043 
107.273022195747 
97.006463588362 
115.708777847724 
117.186075190955 
110.111298203735 
99.230847523108 
92.667409180933 
90.599538286260 
117.664500459540 
111.415658080241 
113.140786875653 
115.578977658479 
120.673347082803 
122.534361723039 
115.945529713138 
103.667237436871 
110.130921965856 
106.613831739760 
107.625239618894 
110.262562239602 
116.572413202836 
115.940400770921 
125.948676068207 
117.086565912967 
113.493999465878 
115.462956223295 
105.691720937400 
109.874840658279 
111.542688176332 
119.201813698064 
115.958937883589 
107.868420965330 
110.355764477850 
109.721316252472 
110.550590112448 
107.990716964649 
103.284074275476 
106.831650460027 
112.982131960881 
95.692487347351 
88.864642835741 
93.491071660785 
90.564586560434 
94.441281893431 
91.640014447354 
85.813556462693 
91.472285541674 
93.496633304067 
100.511092603283 
97.562464159484 
101.147078498345 
97.204505465211 
100.817408557246 
114.831762045187 
108.330061133237 
108.637500760249 
118.556343560520 
119.010695088616 
114.460006454316 
110.701587148687 
110.474779914189 
113.534969089677 
108.881483414920 
101.521514036466 
93.673591661734 
96.879941598457 
113.913198735199 
118.540660280660 
93.688762076478 
99.515009097311 
103.546549130296 
103.966321386230 
103.987190744201 
97.260794767758 
99.584026133392 
95.157823385310 
101.094530763363 
103.791387761477 
102.986744319596 
104.558385505260 
113.805937381834 
100.555292324528 
109.985524781600 
111.609238367424 
103.122885345535 
95.716800766117 
88.389518001787 
93.776224013824 
109.887442400185 
104.349315893379 
95.480360481224 
110.617398710391 
105.544042795929 
107.814623851828 
117.674614647413 
113.371919289785 
101.642061467328 
109.082270138593 
111.952241451314 
106.702253814895 
107.908118436055 
100.048614950592 
98.629610989296 
101.548942555951 
93.137008324663 
97.804660312975 
99.172934109638 
101.992236828701 
100.896803018160 
114.068161526076 
107.074748182024 
105.099504690874 
97.988170207007 
100.345536276121 
85.879604306616 
100.563676672679 
93.158214669885 
92.639583392378 
88.736574485828 
93.121590732630 
93.005503968583 
96.277858137096 
116.055342795820 
118.447269085407 
102.658667925832 
93.481927729922 
89.663684216003 
111.109598698832 
104.995151324956 
107.657689551997 
111.009184320577 
109.411244674506 
102.830159102922 
100.802436916321 
81.649227186809 
79.947744077841 
84.269285746615 
84.988714616227 
79.703144123052 
110.971330234910 
106.087266428194 
102.292215928352 
109.091493005242 
104.032502012147 
100.459965675564 
101.748356570227 
95.730923243600 
99.375759831880 
109.461354334232 
101.075337121910 
100.387248018382 
120.221666913371 
112.209998629642 
125.490455250425 
131.845858298167 
117.135988302309 
107.623406467755 
116.470974124796 
110.717490165503 
127.219011392568 
123.106764682685 
136.988878925586 
116.021492693744 
101.779453906375 
102.276557993052 
106.999349881134 
109.117759742574 
104.321791910482 
93.577324295388 
102.191701708053 
101.822922905891 
106.401152359590 
95.931356074142 
99.679548541764 
101.182832928372 
103.312796785869 
99.521184660943 
85.639429377310 
93.001231494542 
96.668541227965 
92.550907112385 
97.768971064873 
100.062921130915 
103.420238334191 
106.146062065038 
102.897685566305 
110.268421212193 
109.111096497991 
104.260257826056 
96.004266645973 
103.664122188795 
95.310175058862 
95.971438330431 
94.534349750224 
86.080915021481 
85.580444104376 
82.488928689025 
94.239129332222 
93.799839862017 
90.205652017145 
87.898519152619 
83.551000436048 
87.535927516078 
88.867654087209 
92.525303487804 
92.273586084879 
94.175471335327 
95.618480478309 
102.771173699522 
97.641583551863 
92.389898330479 
92.113836392226 
93.826888892970 
101.737773079703 
104.337609010275 
113.627227620488 
107.744148863492 
106.430054125849 
105.715414518593 
106.613705252622 
101.453325495876 
102.644563567224 
96.990322105723 
95.380620886029 
100.289796306294 
107.223076426708 
94.348686825015 
90.063823812078 
98.089013257327 
95.043946182237 
102.564627195830 
104.350432703097 
99.407621155079 
97.899059200394 
98.886802813512 
104.898166586367 
111.125663323514 
108.028438678495 
105.017802568811 
115.811870958874 
116.606660854040 
111.143586875638 
103.784882262945 
100.658292895494 
101.017886223576 
92.626729475402 
99.171122498781 
97.488551539293 
102.656806671846 
106.510457279918 
106.596538809125 
102.940394851291 
111.408234706917 
107.258607121895 
103.682735256028 
95.382230344281 
111.505433940928 
111.976662396156 
109.901115597687 
106.105394902222 
112.040051629397 
114.174984835092 
112.074347969878 
103.187765349448 
93.871255150941 
92.792952526969 
105.313220354024 
105.566216848532 
116.908964132984 
92.457134929294 
89.345575104638 
86.856441467624 
89.033073197877 
94.761721365335 
106.021414216232 
115.266565427436 
111.197600435266 
104.419807615192 
98.075146298756 
101.280205744854 
91.212703185348 
88.965378684687 
93.544592787006 
85.590568623417 
105.089993511548 
81.417497985601 
89.068705578370 
92.772400401262 
76.065268305302 
75.578714961772 
88.752887113159 
87.757189341104 
89.245687561500 
90.075209082768 
96.059564049773 
114.486784421444 
113.453513315818 
104.938256007870 
109.408617278097 
126.421207361215 
116.146290798692 
119.986262084498 
125.679165469896 
136.226865593491 
127.917995777853 
119.162985536974 
116.831089366790 
120.091408963217 
136.538604926191 
128.232365341902 
128.004873410798 
126.554731135595 
132.985162224160 
130.940209466768 
112.121138863811 
114.552765389741 
115.750871136508 
104.337668831623 
107.306366266601 
101.737282136690 
107.323936831453 
89.618842904409 
91.546010641947 
97.494178244397 
101.549857601080 
93.874805242854 
90.490300933772 
99.432771365078 
87.581274054506 
95.206194919084 
96.209169280235 
118.980047543355 
115.653966237536 
101.131341607132 
100.169352494180 
100.580317296840 
107.534466001447 
113.744662093765 
96.266751994296 
94.242982745048 
114.746053413839 
114.765520588254 
104.151653581991 
103.210069776869 
96.641926097238 
92.399184104076 
106.544953289512 
108.073352656933 
119.997084932536 
123.895688123980 
133.290804540356 
123.928389803685 
119.127662324588 
105.217647213507 
110.264418756938 
106.840405922860 
102.860184319387 
93.503761149834 
92.002949065620 
87.829832819855 
89.283790144389 
89.995210997929 
95.421943021810 
92.289794188788 
89.475057025246 
102.762424481186 
97.909913649738 
101.980203262708 
96.085193538298 
101.785398644305 
108.027400829298 
93.835201670284 
95.498134564576 
98.980350503697 
107.223870398379 
106.020043506343 
116.654394072318 
109.628262780112 
113.194533627456 
113.873061305683 
101.901110741986 
102.254836635167 
103.966197500805 
96.444870302939 
96.892803959102 
95.884305176210 
95.451662992950 
104.482657635676 
91.883761356648 
110.776063854485 
122.238977812287 
110.084555388470 
99.706719030937 
101.715170717686 
98.703739313595 
95.203265247448 
90.541707096994 
98.900121913142 
110.191936483446 
91.522466568247 
97.065093524390 
98.066046004855 
97.253729054172 
96.523015173953 
99.461091348515 
101.031300842651 
107.736310235153 
111.493677064355 
138.500071866798 
104.667302069704 
113.740239208227 
103.336636301243 
123.291364826638 
125.388738637301 
124.254530375475 
113.154205244214 
106.448787805782 
101.737998603532 
99.459442312967 
93.348457030038 
91.427341895456 
94.583680985913 
92.571497794888 
95.367813489106 
88.457178813427 
92.555024133473 
92.247474447737 
84.823164020167 
101.747235872678 
97.163049343962 
91.352151993348 
81.459366696448 
80.829886865223 
80.990508162463 
85.385420002578 
88.386966202581 
89.018117040899 
88.708603924653 
90.499479689916 
83.933333052863 
80.063374591682 
88.114797451587 
97.020742397173 
93.224263382620 
82.533420189940 
88.359381662104 
89.338978248666 
90.559082611809 
83.440542242220 
91.697602493462 
100.162030942085 
105.171625375319 
108.654793183434 
115.803633609413 
110.874436326093 
102.754095770053 
113.373569389129 
93.307887115204 
91.498748167134 
96.061371386607 
89.243789065628 
86.199140480052 
96.272688331743 
99.194799456494 
103.025051798851 
100.929535913594 
96.267925313664 
87.765346496778 
88.003828822842 
85.171548645620 
89.302471656612 
92.905552830328 
108.919178784061 
102.268869792935 
98.637399551312 
91.830274878688 
99.653414899863 
99.472349324921 
95.750245030327 
96.761689294242 
90.360202048216 
101.988518980955 
93.415998109349 
91.609403829017 
89.938875420530 
91.581707133907 
91.513018705770 
87.815646497797 
96.249286677485 
96.243162245902 
101.360062038234 
102.441480588293 
102.127070238969 
90.309009410666 
84.739132250965 
92.132865908140 
108.721786976695 
114.400513877046 
111.477421079450 
106.721907220470 
110.485704959462 
105.407058508040 
93.331487532863 
93.054922183884 
99.363479767258 
102.636183287159 
92.324227790140 
86.848320875618 
87.722197383066 
95.251373086135 
99.358909348916 
94.915594809073 
102.387859739431 
102.745055642475 
104.217810825511 
105.109546725166 
93.830766357825 
100.539923043762 
98.705981189578 
99.589536103392 
98.667334379377 
108.161505404261 
107.950849494349 
102.646671594076 
89.240158933781 
76.410613620012 
85.954417409834 
83.691432504959 
96.324404020549 
85.941620691200 
76.580316680831 
91.328741594537 
96.040547028899 
95.264042344026 
102.281175461983 
94.687760203241 
103.183581846188 
107.434745421609 
89.335715576864 
101.993890668468 
95.969801243480 
93.927600786493 
96.016110848045 
96.481559534483 
98.323689779093 
95.584153165058 
90.628908121030 
86.835345553163 
92.121352825054 
87.810239735604 
101.993306184529 
114.755564468913 
114.850546760134 
100.798914114789 
100.524955378342 
107.321648351230 
94.626127278621 
108.992818570485 
108.617010320713 
99.982077886196 
103.462264094472 
103.869772354939 
96.287602837237 
105.194997894526 
111.980204141514 
105.946498797649 
129.289042111230 
114.088278645200 
114.140014634393 
117.737190719955 
100.118700567251 
87.854255266670 
90.942099284511 
82.455416389961 
76.145601923524 
87.201311905219 
96.350270679940 
95.104527072672 
97.649097601625 
100.459027051128 
101.058070573327 
105.508554447073 
113.865656929400 
104.142117082494 
106.844260743531 
103.912414078091 
93.571746539992 
97.200797045119 
94.454793187240 
95.425155749119 
97.595277190452 
115.607410079972 
102.976134767851 
96.898740057232 
93.124209589424 
86.604640019356 
98.398403718198 
98.835378619352 
95.472410463596 
89.188961376100 
93.239037321592 
110.659565738032 
113.655287930892 
102.168837860407 
113.748424982437 
113.135265844794 
116.541193428322 
104.944954127300 
82.899172415455 
93.883239311496 
103.689609917200 
105.490609495886 
82.632446738316 
106.806742328168 
99.960935473324 
98.456828736249 
100.561591811922 
91.562824195926 
107.943167702497 
124.748527095877 
125.082786037998 
105.872752450153 
104.638365422908 
103.830323302617 
99.011163754007 
90.780334244090 
91.764500354055 
92.039850102489 
103.313829814273 
120.226577917588 
110.100353054784 
90.568269993129 
82.381032692150 
89.509005906564 
97.043032963562 
102.479378828288 
94.167177290322 
89.854714567876 
95.178760576836 
100.266585376301 
110.879183170668 
106.473318439796 
107.376782520483 
102.693871625983 
127.468715777238 
104.966085353663 
107.344347401532 
100.195955808603 
109.271365081316 
99.683759458771 
94.706520149535 
106.825978517747 
89.178839926446 
100.479890726504 
88.706643006817 
86.460852294195 
90.000939389208 
92.955116989120 
98.183047391268 
93.604978788668 
100.396603747261 
104.529891909990 
91.346982155293 
81.553159539377 
88.444147175694 
92.276887378344 
93.644087707680 
88.789436287230 
83.369608102814 
91.877442970149 
99.982308439064 
92.835946345029 
99.975451828666 
113.181611178830 
110.883170279273 
108.485540010018 
97.221508383630 
97.532406772451 
90.281837673602 
112.601906263057 
96.175387424736 
86.342068403380 
86.334542993697 
102.568189500403 
88.602478806114 
101.070332295123 
100.999383819528 
99.538337517905 
101.632922104288 
101.764725440565 
109.698162749123 
112.180085330481 
106.025572135793 
99.022783937706 
87.915716286250 
111.694539670079 
109.120500308837 
102.567259034620 
99.058607141961 
86.958422970134 
79.375632666000 
79.995685205175 
85.071911744286 
91.042195956217 
96.742179283144 
95.245532200642 
92.408488265506 
92.048233715851 
93.173823394561 
94.703090842506 
100.667170320358 
96.772316955328 
92.570400403472 
89.817565364190 
93.644553284853 
89.341189665467 
93.007172383791 
94.722387575687 
105.413383372624 
109.373694127947 
102.925490380310 
99.879231194310 
95.730725702398 
99.329210838881 
100.112742576321 
99.138485809657 
97.636755907879 
97.520036524589 
99.726831101561 
91.838775093600 
87.759923305536 
91.476487992572 
108.178178538120 
109.537529559746 
121.379071157652 
110.688812581928 
102.925597656826 
99.006513306161 
97.195819610552 
97.981079965536 
99.220352916412 
95.592288313542 
86.625067491840 
106.857522356103 
87.303345603781 
85.356701195136 
99.171397010677 
93.966769133754 
93.574031893394 
92.838381696008 
91.598319073488 
98.565789188333 
106.794056959042 
99.663606339901 
109.101138567686 
96.665788170399 
104.251333255410 
122.520512638496 
103.874786258155 
94.340458052088 
102.140508322870 
89.571701460813 
84.828835611601 
102.732101465804 
96.152966637950 
100.026740767871 
102.943356641701 
101.901655055342 
94.278601723389 
100.328661626586 
85.599735650737 
80.408677017568 
97.756740496508 
98.309478406614 
94.899147501271 
99.503892676404 
96.005394530059 
96.950209980507 
107.818167801787 
114.023812490936 
112.165118794433 
102.254728419277 
100.355321322534 
90.361386614807 
87.863303092175 
97.692434436073 
94.816551408128 
99.608012038860 
98.869655812386 
96.864966041168 
94.626012714517 
104.618674412791 
108.086635797979 
103.933028363063 
100.184257136266 
103.759538606155 
95.157961926464 
93.371741917923 
108.115497897895 
112.564802539689 
104.073299204627 
106.078194372623 
105.326626696693 
89.552303253403 
95.532040765288 
99.054446990536 
95.622981995447 
89.171984317091 
91.295414124471 
91.127676931989 
90.635334105166 
96.041347060833 
98.776614191083 
101.862944791295 
95.448410703073 
94.194163820640 
94.790433493208 
92.807485095275 
114.999874069612 
89.708103842560 
101.977449715319 
100.402251127288 
89.774649239769 
85.759191673626 
106.659950122424 
101.395794909212 
99.075313598183 
80.239816738426 
92.166815835289 
92.822078882130 
103.200392953378 
112.187630117086 
104.419615485711 
104.514387612068 
105.141875476940 
93.172344638873 
98.627559710397 
95.842101833637 
93.266437673630 
98.946745357827 
98.129042838102 
95.649098687117 
88.625751992454 
101.763739978539 
102.161696836142 
99.097063999959 
103.143306534685 
101.616815996468 
97.857262267239 
103.154511008547 
94.095700332082 
100.716657561083 
109.847267181199 
108.313225633110 
109.775853537303 
111.816344566110 
119.132483089250 
105.166222143393 
97.358172476771 
80.825664144281 
86.147955053841 
94.464701383411 
97.340039334954 
99.047591007949 
98.313456522657 
97.595658906430 
94.658777453405 
101.016235825603 
91.793099645716 
89.650924437604 
91.748188150184 
86.266688365056 
86.139465751767 
94.165471237803 
93.518931922213 
96.940190676182 
98.526365421047 
95.274849640051 
96.436654862438 
92.737804469788 
102.611566112129 
101.667831390588 
121.383396451080 
109.370458189155 
101.868606819871 
96.799275313603 
103.144743702148 
96.873754915281 
104.515527555359 
104.861066122985 
105.612057286457 
96.411846148138 
92.290735127897 
105.885959790543 
111.648339751442 
123.190255855156 
113.755737846470 
110.065120374239 
139.310177577396 
146.168881055104 
124.780227465873 
113.998996045732 
116.307735164010 
130.612014339809 
113.342055101271 
107.399151475889 
93.365977828688 
97.674026803485 
97.312715357483 
105.393841520937 
93.368657091508 
108.459098352233 
106.668583841189 
114.665293970782 
112.797229362046 
128.118750706090 
109.208816081710 
105.716542785192 
101.635922912803 
104.941791711323 
101.502317220220 
105.344483623335 
104.796382825157 
117.909561550890 
110.682640135465 
109.000521723416 
108.864022751102 
104.004598102756 
99.737236944894 
100.206735082340 
99.960116265105 
96.232499032388 
103.906472776522 
107.192890925027 
112.079714701485 
98.692903440486 
104.629291076773 
92.766938366253 
86.221949090381 
98.458388230939 
96.468179384257 
90.204057960106 
91.675181277063 
87.816562385201 
89.451492674338 
89.510891404911 
90.399978077456 
90.660968422988 
99.457884480183 
103.809298616943 
98.681527706770 
94.388137505525 
102.120777398654 
93.328695689648 
93.083265920125 
88.386315837335 
86.982033333047 
91.272547519111 
93.690405578209 
101.240047672647 
110.785985798784 
114.443500041025 
118.611245641049 
107.129539400632 
89.017846913361 
100.675237643180 
98.971792771365 
108.320585665591 
107.718432210527 
101.148799108270 
97.777344542600 
100.247710264098 
106.111536950648 
95.955046308599 
91.066665431901 
89.690161473668 
95.977420939936 
98.187719846123 
108.743367700425 
108.307723599096 
101.366526760412 
110.319862395727 
108.584346601922 
106.337376220366 
124.584228540515 
126.055008382998 
132.047985839572 
129.218081387909 
129.372268280999 
112.614565582791 
102.738512070952 
92.218576263410 
91.844022794755 
91.468921127089 
101.526986970995 
86.739405005506 
84.325827845693 
90.327255319587 
97.736753266834 
94.602312116844 
100.441895798982 
102.679116681083 
107.660707571003 
99.139380707253 
96.991938314160 
90.896399173089 
104.650602780348 
94.201993262947 
100.553893699204 
93.830992677971 
104.133021366840 
100.147954316401 
96.464768434130 
89.815021989961 
99.479290140669 
101.679188295206 
88.749063822794 
101.223730342679 
93.514936442695 
95.909993216397 
109.428552280621 
103.538876041490 
105.808589128232 
106.042948968903 
115.433248714900 
114.446376481897 
97.632699159394 
81.119313357482 
89.613754011021 
91.231494928714 
101.077771256301 
103.815832625169 
110.726597712362 
101.845852516434 
113.094557881023 
119.815938987934 
119.655451521455 
118.477783285685 
112.574623266311 
92.226758806210 
99.232304371819 
100.127196165335 
100.603707152175 
91.909896480118 
111.270311984709 
105.174952644784 
104.295243224576 
104.745098756351 
99.114204693522 
93.248671504311 
103.250417939080 
102.499121957530 
114.617634352533 
119.389028497125 
94.037876373882 
96.956476702082 
91.441137272641 
103.333436708412 
104.485530301846 
104.275056963760 
109.551187496625 
112.934521776661 
129.807623028638 
110.475052933977 
97.249364686424 
96.812350077995 
102.181848891046 
93.386715313585 
89.665137598026 
106.412417298212 
95.301260900543 
111.731489781330 
110.543646247063 
112.048464064749 
118.794534098532 
123.371818460504 
123.250162321555 
107.324781469858 
93.644875019719 
95.389435738704 
103.740709632514 
104.062610178516 
111.729540483635 
115.695034795710 
114.953288091273 
97.322314580973 
102.321217568442 
94.187113166393 
98.326241381301 
93.881820278581 
92.095443474810 
92.088183945632 
91.569610756744 
96.378599982442 
92.446409876920 
94.672331506561 
85.285052950443 
86.903900149076 
91.654452237745 
82.027693927691 
90.330878246109 
97.019164062540 
86.387484808537 
89.781663660938 
90.588981563394 
99.533803312741 
102.787728456746 
89.527699794525 
87.466422866983 
95.006424986275 
96.142789649180 
96.827742974843 
102.667456751587 
105.768811077129 
105.142167770261 
95.853576555063 
105.777024482323 
118.646615314950 
135.486375181519 
128.801730347205 
123.018765838797 
120.283958720851 
114.451857809509 
116.866887832623 
120.379895722430 
120.381333983785 
117.052730985862 
115.882861207058 
125.275844749048 
116.460332262770 
121.298972120779 
121.725717277506 
119.437137038884 
112.991045695403 
116.212118285625 
115.199554706828 
112.342293410187 
112.847804113160 
113.912530051476 
110.397271881488 
96.604778013102 
112.616913880827 
107.590812486171 
86.533479857868 
95.001904290429 
103.653422325190 
106.941652206875 
97.878282544225 
101.531586288846 
112.664385086115 
106.366956284230 
100.560508870995 
102.799773601866 
108.965150613745 
100.557941814446 
106.501268093026 
112.226968180507 
105.170245116306 
122.245881875426 
110.771694283632 
95.932814798231 
105.924127131800 
107.415728632777 
97.701288871547 
86.851641022390 
70.445045313187 
91.158337584701 
85.906065197966 
96.164707364449 
99.291984013861 
91.056253019987 
90.394799407419 
96.127081847736 
92.511335002007 
83.835869818856 
90.639395590025 
89.317118696857 
85.043789700069 
89.598354997822 
93.291168133310 
92.618827580809 
90.274318874025 
86.883860811467 
88.544365279635 
92.075054950324 
84.435969475321 
79.867316822581 
87.699429951570 
97.058037011109 
97.735294784421 
97.731716472350 
97.760163732770 
94.687687354795 
88.108970880257 
83.656201040716 
105.401362229721 
104.957926272841 
102.085055254165 
100.731186824028 
88.896782479976 
93.064748350745 
107.493658357230 
110.808196929253 
110.635607698692 
100.598517618509 
107.491034641792 
109.234819495635 
93.037471222943 
110.099821087267 
106.754997052848 
108.322320200171 
106.236930253229 
97.313030885146 
88.892377883854 
105.807802264787 
106.427721140394 
99.765396200851 
102.728043060863 
90.395648674141 
92.311995968158 
102.096544675585 
94.854421150180 
101.779220768096 
100.763035122391 
96.337078309515 
92.039658839895 
94.692593579202 
105.953695035650 
104.295009426741 
105.207990827770 
109.208844327032 
103.103280337542 
104.378928425716 
102.042692428196 
99.248207501873 
100.043795234748 
103.319990860818 
105.180288850668 
106.367537273534 
96.142179820798 
98.925078739748 
99.816038964128 
103.090088714266 
101.614233050668 
101.014449327648 
104.821968752176 
99.683280913628 
89.438489705027 
88.614364633194 
102.941097953805 
98.269465699343 
90.842509602007 
91.451278053626 
91.807913507280 
97.726632537894 
93.294656230854 
84.954077001136 
84.533299158534 
91.494017645054 
91.367363977286 
86.627484118412 
81.966272504172 
87.341597690904 
92.039215694907 
86.631995115197 
74.972878440343 
79.558263152754 
107.636110649343 
112.873856787969 
107.412421212079 
115.947634144383 
96.390515358226 
96.352174621437 
93.885916529861 
90.127764594335 
100.364382825634 
91.693769939953 
91.974357789009 
96.441188974870 
99.258426182104 
108.679173071995 
114.965074970675 
112.615715508942 
117.486477840843 
113.176850334631 
117.828044178192 
114.051994037699 
110.166277488154 
104.391757343062 
104.484382021527 
103.747683150796 
101.759900920692 
120.369306784826 
105.984251149355 
95.771006867286 
93.393842782983 
94.639720465619 
97.975119508255 
94.939610151063 
90.034036471193 
87.105410550944 
98.344019774424 
94.795412567576 
87.996148441175 
89.021142027202 
111.393126283918 
98.556778320390 
111.845119810626 
112.755122361251 
119.044554125372 
122.890384590806 
126.357165502122 
138.521137042169 
123.845727508954 
116.941631743436 
132.685508966016 
124.187938570309 
109.505861912098 
94.901172581665 
94.498797692315 
92.559738033010 
99.640260449552 
94.251698784120 
88.586557754711 
86.802147439558 
91.616914300323 
120.235059932763 
118.330053111040 
103.256440038884 
102.864426221963 
96.804295438547 
87.471948440198 
101.681860139157 
100.362386663660 
101.706807764005 
82.308383800089 
88.502293456827 
93.882328420675 
89.625592169691 
86.092036175490 
91.887316045476 
90.064200866232 
95.334778169682 
95.662548785536 
93.485955189000 
93.126247841861 
92.900889624863 
78.908939068107 
80.791935677696 
82.635301659104 
90.247541187763 
90.934694664174 
93.847302741920 
82.998740246297 
76.383818485127 
95.671767263132 
92.932632456383 
103.346790802650 
99.827792528797 
105.884351164606 
106.460873089621 
106.998472944840 
106.419903566858 
102.686302195844 
105.920961618448 
103.545101704162 
98.431839535975 
102.143757262054 
99.540635175671 
97.814656820310 
96.219079129901 
95.618495636291 
90.938489008816 
92.409343059981 
79.163754262801 
75.231762480811 
81.718179440386 
92.185562392577 
84.350329787009 
84.078120457093 
81.402393459905 
81.312486922545 
92.153661614599 
101.050660418287 
104.047553569431 
103.560896869767 
102.533793818753 
92.489444921315 
99.557180462805 
103.712925877112 
107.867858065976 
96.040742246372 
92.723004735952 
88.119834713075 
85.931511783038 
91.525215475611 
100.568808582625 
97.271537508100 
104.351017343442 
104.653221839198 
99.186844390983 
99.743504318864 
99.858469906901 
101.649641521307 
101.159504994960 
104.287476540666 
104.277194591746 
94.566464893848 
104.009557766849 
111.846125360428 
108.363734277669 
110.471510326470 
100.876153597224 
98.289815797989 
96.257417820842 
98.897276249178 
84.369954817858 
96.814625328890 
88.728203656577 
88.225255908850 
92.517555524808 
95.863330414636 
97.240398438289 
103.312482006709 
101.193891819399 
92.826025742371 
100.033116961572 
95.163215755936 
92.161468307389 
101.333761527127 
95.926485963557 
93.356524258810 
99.943645657880 
103.979701959952 
104.568230988189 
88.202087508078 
91.294111587995 
102.220754902965 
98.854456025820 
101.215023055980 
89.356237915340 
92.873088935770 
90.190833832429 
94.629048645017 
103.557391086655 
84.271432929418 
89.662870949091 
94.631786134621 
98.632798422081 
90.657260481609 
100.640560576966 
95.049682235567 
85.010719865888 
99.600944201264 
103.172797091079 
112.101741804524 
106.755307521971 
110.157202935459 
112.430570199272 
113.848578776576 
106.627936609683 
91.921281516902 
104.330937553157 
89.039028068650 
89.165361750899 
97.954089356854 
106.018293365256 
100.334683505997 
106.542103346682 
96.373035263569 
92.216434404080 
95.971114112921 
95.627907995641 
100.065462797393 
104.537228208129 
104.025783010946 
115.249779169127 
105.942413781751 
102.158011378940 
110.315185366084 
109.867953843385 
101.524528353256 
93.033044866176 
87.180266985247 
96.193949988718 
90.622705064312 
95.193409284205 
96.864010248146 
94.445436943898 
111.347664735735 
121.335239863134 
125.535309421733 
119.464899184043 
118.059436908769 
111.184280101857 
98.635285680661 
101.416732516811 
101.962268689407 
94.754838082053 
99.180009685211 
107.293639348448 
102.442418484874 
92.092283354312 
88.176218105328 
89.913209447002 
85.102683333397 
92.069319812526 
90.413608132313 
85.405251756588 
89.720243919760 
82.875165799150 
80.956446716048 
99.720725146393 
109.374304509068 
98.756646871881 
100.726943597644 
95.597874013369 
111.571202243600 
101.749077505135 
101.013786049068 
105.754513660373 
105.554906455906 
105.854266715243 
96.043753217583 
93.384934718424 
93.958338800835 
97.091005906000 
93.918995252904 
88.799322804939 
85.886962123448 
88.949841297597 
83.161526337150 
86.519844346257 
83.323358260524 
92.822522386997 
101.315218534051 
102.280252416444 
104.800982541625 
103.482055891053 
87.484893968642 
79.153794211381 
92.891951424245 
100.358537983502 
93.946664634072 
103.094941878368 
85.006243238692 
91.853430178701 
90.062444042722 
92.306261604099 
91.915132042739 
78.883251803922 
85.123730389644 
81.657173304304 
98.173744290118 
104.563552288425 
107.102380109924 
99.994763119314 
80.143664799706 
82.917210699855 
110.874097818604 
122.188048338089 
100.836529979152 
103.409516011504 
108.954360933425 
108.363851294857 
101.812611484121 
108.258710578620 
112.223051090815 
99.476296300718 
106.289136735972 
123.057985299570 
103.572126620578 
100.926383019102 
103.468508613206 
110.473820490193 
102.149059051895 
101.151045439012 
100.874203758206 
104.212457588264 
106.546034868831 
98.882511602219 
97.287490751852 
80.337607015597 
88.718932751069 
96.475229179441 
107.033688973822 
108.264718716295 
113.291060204111 
92.742579914959 
103.820472530051 
114.290432619023 
133.116564084773 
114.579040620624 
110.029672863884 
104.593196106588 
100.610717642340 
94.377899571610 
99.190620482832 
97.168253679355 
104.962095183403 
101.829326264370 
103.745725118163 
97.110687828157 
95.460916055537 
101.456053909997 
106.936692798158 
112.414851666143 
105.077689942904 
114.673868522862 
116.416463971061 
118.626448490670 
112.840333064780 
102.792691288687 
98.487798930955 
96.501163781304 
95.764701560457 
99.623718466397 
99.770165778779 
111.659233417413 
121.682793646359 
120.277505441102 
103.920944158972 
113.550395500058 
121.574790723143 
118.543739369107 
107.428917022634 
117.664874836593 
112.570736529731 
103.380283372837 
105.482595593805 
103.232802267183 
91.157281151319 
106.357756277533 
118.026306862541 
105.271918536239 
106.271370841365 
102.261098977982 
105.461486644028 
99.644422797151 
96.538551751719 
100.232144563992 
102.741018483124 
99.726141522738 
106.842172535082 
120.450782518078 
115.071689729471 
118.262906478904 
96.814148244059 
86.947539479725 
85.546889907603 
93.104846592359 
102.387240725658 
98.086376050182 
99.530945076877 
104.040549547143 
97.247613777410 
108.228889384044 
101.115015227942 
108.074455158064 
110.822709868407 
112.695053009339 
110.447767835713 
113.669579784281 
123.728790602859 
113.158027509616 
114.267582395972 
122.245732331881 
104.157473984380 
105.138349457550 
89.420664275332 
82.941034742690 
99.107657460760 
94.169637620473 
86.802227770995 
84.056113337517 
89.543599771395 
92.165113188807 
93.776342231943 
111.499174760945 
116.349866405889 
109.025556833259 
99.435823494280 
91.305018295116 
83.305512128581 
87.763530385492 
93.142193278822 
108.322002883384 
114.671254911797 
107.706671159311 
104.611105042369 
110.715433943701 
111.949358705597 
129.693693597837 
98.162526309606 
90.424774994764 
93.054955854984 
98.113604201254 
105.480238398837 
108.627169313625 
110.652470309051 
112.889902266688 
109.009676162203 
104.739012153332 
103.415669032490 
98.879016364049 
124.983538447790 
97.993287277245 
88.379124878311 
83.715801319704 
81.709541071840 
97.948887111249 
98.028176204206 
97.086387811759 
102.604368521000 
102.344456450484 
102.823447563336 
83.416086215887 
82.787608591372 
83.581862533387 
81.764390780217 
87.386999118116 
89.539713415230 
78.047263705818 
79.134893688251 
91.429525829099 
80.909965922999 
84.422132011048 
89.580274138242 
103.914317328269 
86.607767368558 
85.000815846892 
89.669910055798 
97.991809492444 
105.926800351401 
111.454509266502 
106.471406204763 
107.312179914371 
112.204349038979 
112.541614138842 
109.440868054606 
110.635169909178 
104.878076496512 
106.703529189653 
116.017655539145 
100.273617670523 
109.375064538536 
101.670977340274 
105.247089516470 
100.742890476309 
100.771851307312 
95.026810636185 
100.098725595971 
103.049415609090 
92.759087947353 
98.892983235196 
87.346641664462 
95.464540882809 
95.964934124342 
93.041732952472 
103.555507509998 
114.505261815919 
123.973072121527 
109.148104450891 
114.985175195580 
110.299779478064 
104.371213805486 
103.818280136434 
101.062829439317 
118.656462906878 
116.964835390546 
109.280479288259 
109.998270380443 
98.881689202195 
90.198311619498 
90.414328095637 
91.082043161111 
83.346424572620 
91.336820441886 
86.751147484972 
96.913798071709 
104.792672242951 
97.240578870186 
111.156244399149 
100.918369389832 
106.011195196361 
112.173311875754 
118.374572650731 
107.137377065656 
121.535723742861 
116.657573994666 
109.169433252396 
91.798508463095 
92.406364792323 
83.984939235480 
104.691734945386 
111.614740888813 
109.519149412103 
110.364480667829 
102.260913355074 
98.463947132711 
97.163936064526 
90.791854382847 
101.954338884157 
95.197315987238 
96.614919517609 
92.072888075674 
88.367507559028 
82.377896550178 
96.098876772679 
103.501275150824 
94.220689446523 
88.030066461113 
90.097703565774 
93.629542273077 
106.216239320436 
107.926629059264 
94.032762227329 
92.363131358331 
89.918926276625 
99.507523317874 
103.932039801480 
111.166741691283 
103.985301426039 
111.599245543815 
99.647306822348 
102.340385767782 
104.596533612080 
99.612153635387 
100.605907557635 
106.965192274272 
113.314840158283 
99.300333674803 
106.317655734265 
91.096653143981 
120.743910069205 
108.022569684326 
110.022648779938 
112.997835392637 
113.163998124232 
110.721032793022 
100.931551160471 
106.877808110779 
93.044292463097 
86.831372485650 
90.714196789572 
87.888202567135 
95.589144863321 
97.781355499518 
100.293502250415 
100.461984731293 
102.602223771423 
101.250235640962 
115.505500151383 
97.875666528582 
97.238759435230 
103.197057329164 
102.022777088707 
97.139785403784 
93.651859363619 
109.661089420836 
103.154800358233 
106.489249356585 
103.809071115529 
116.443344100112 
126.999456783223 
100.587126838094 
96.499246737060 
93.174522692524 
105.385817284815 
109.311864326911 
105.064062882390 
105.615831975636 
98.302655300208 
96.988276271328 
97.124257338288 
105.931583560452 
100.934176837014 
102.753605364742 
101.924241851427 
95.385881083676 
95.489537355850 
85.285890651755 
81.313274022100 
90.716481907428 
99.574448615011 
93.346717199003 
100.423940001148 
105.657088652025 
112.452814938490 
96.727656369422 
84.362211370065 
83.947611598268 
93.606225811379 
99.739023062060 
102.195320440343 
103.119828107919 
103.909212480746 
118.700931756713 
120.151077360671 
98.891044587391 
103.056865722351 
98.561072337602 
90.905321392880 
93.973249393332 
102.254253893603 
96.192724101458 
91.527499704881 
88.682802708634 
96.358367015935 
88.889934029758 
91.168515040376 
92.683074405378 
91.786822756425 
88.103997171118 
85.944837011899 
95.486274725048 
93.111919060620 
96.519472000494 
103.201147945168 
115.590900080125 
109.404173440604 
96.733870148446 
108.946298843448 
102.725828679970 
107.487745472350 
90.946473332167 
84.927585718818 
84.103502952953 
85.341422819011 
88.852778262830 
94.818859021363 
91.972128958362 
95.893831182553 
97.191747375448 
98.027496986707 
108.937385491331 
95.776101886385 
88.809239730449 
84.106314717284 
93.890661589609 
96.549293774669 
96.123575973756 
96.127889476792 
91.095687242497 
90.665726070378 
93.070078135154 
100.863114863457 
99.609401970556 
102.073401638942 
100.473923006214 
96.912420254419 
99.033714266477 
97.371267200841 
110.864485169672 
113.674976708842 
115.886845629062 
111.219377261176 
96.736833389433 
98.571992176719 
96.401324463853 
89.273240283073 
99.655985613747 
97.530773668281 
106.198886218871 
126.143939537635 
116.626679499929 
112.911793618066 
107.110923102978 
108.840517428813 
119.208398379597 
117.367730296011 
120.456840121135 
116.862750532485 
110.140992165866 
97.871350190187 
93.742780846451 
98.324113922508 
103.230333529976 
105.376979009155 
100.844680732478 
105.633857153357 
106.324061324081 
101.570911964242 
106.722738244399 
105.326987943642 
111.778615135415 
109.637309203903 
120.576000854938 
115.322800201725 
110.005364129975 
106.908176975065 
111.275821589594 
108.650911367977 
97.706275955121 
97.287750324334 
98.338948027309 
105.774420975498 
107.529126686035 
103.860167453882 
83.790771976259 
95.388612711435 
95.816772419876 
96.088150056351 
95.031221743508 
111.445158742184 
92.052575602203 
91.515439259266 
91.638114613811 
104.418300055050 
108.030733810024 
106.178681828534 
104.039934755532 
107.204921389325 
102.206098288475 
101.795413555690 
105.885162131758 
102.548714307870 
98.866010347533 
104.392598141646 
100.160518463980 
106.364070001411 
100.894793915292 
102.065765212608 
101.541330367880 
94.732086108272 
96.579496604115 
89.297096618837 
95.381586668234 
78.690831349866 
85.436437717779 
101.038540249378 
106.380499042396 
103.942225044722 
98.102845025655 
90.453750525938 
89.423942144901 
85.904941070449 
87.114374237322 
105.145501942377 
104.062879548856 
114.658987397480 
133.529312162264 
109.430218846882 
106.594676910195 
96.411225710583 
80.210755647843 
104.593572930061 
88.932816922059 
90.258042009646 
94.280616525931 
93.185305575297 
79.292320607179 
89.669935751845 
101.028241074221 
84.905481795309 
93.129153937309 
85.392685804445 
92.256461704529 
92.184978460296 
116.487246100259 
102.311528588722 
101.147925317456 
97.420241111771 
104.248235420888 
98.188141979984 
108.223008284656 
104.796565177394 
116.013302324821 
122.413510300955 
101.365931630062 
100.847509904564 
99.796832335584 
105.144445303516 
104.470175820084 
108.442150043019 
104.963725890250 
109.003481301135 
109.332179672107 
110.204405682995 
105.552378513388 
108.501251775425 
110.346523871565 
124.248863055392 
109.131370661384 
108.528929806219 
105.455976869203 
105.808693428773 
93.741284719464 
96.781757451077 
99.848860979391 
96.799651685314 
97.548934167616 
97.920624327290 
103.356872124902 
100.204004892496 
112.945046649383 
102.350963910748 
107.296561849017 
104.563851942358 
102.243314692590 
95.142941025663 
90.291215906212 
93.999225510548 
101.142142453179 
103.425014816951 
94.801801548456 
97.512370911005 
96.882294736579 
105.915564106904 
97.951216692518 
106.257002915598 
107.012812778249 
106.031044678162 
101.981729938003 
107.317997634518 
107.494578623260 
108.607724951931 
116.870458185380 
113.132326039114 
115.172296911137 
97.668222294132 
96.547188300846 
98.986966307376 
100.948526252649 
100.584292101677 
95.789530628677 
105.458502679577 
105.191932758141 
108.494130350266 
118.578328436600 
114.942148051563 
107.367050255553 
98.472000086088 
100.055781159568 
109.562847073799 
109.415918045397 
107.427866332495 
105.739850063854 
96.326642559728 
102.572858521774 
103.989413681830 
109.074866096083 
107.692595743833 
109.559505026639 
105.333508885929 
103.329182690139 
109.281204514406 
105.523460010701 
112.564687720006 
109.341045159149 
98.710392394013 
101.175255382740 
118.387374498834 
108.180465464192 
103.204438484869 
106.786346302324 
110.434578697542 
97.672590253292 
104.473545493189 
103.074127052514 
109.810354239931 
117.821342098806 
115.791850255392 
122.297926332428 
109.561205863419 
106.341145011836 
97.917289370261 
95.417497201797 
109.349629265725 
109.416884854049 
108.983256997641 
112.506357067306 
110.582037172926 
113.933025497291 
97.949578051731 
106.408641560078 
108.005295121196 
99.783694897616 
104.667457544952 
106.362583895923 
103.934493772561 
107.765343863643 
102.017471098723 
94.971318555339 
98.274583541614 
92.206907498504 
91.915999620611 
101.319860913081 
89.730394775094 
91.786709636600 
98.280080081902 
107.544302936743 
110.991852645433 
117.695620694419 
109.424861877050 
107.032057749358 
105.051901796342 
104.577788252460 
111.334844918538 
103.932817146494 
94.776370365659 
93.753061884762 
98.887793532976 
113.312899971964 
138.250528388633 
112.686395353615 
93.278785362365 
88.512874116979 
81.123307579659 
88.633862075958 
88.784371430749 
93.131291784617 
97.617400922641 
94.017726275827 
99.677375149568 
99.564844218107 
99.664083272511 
94.608807797915 
90.731038455306 
98.555096662009 
90.265950834201 
98.382773235816 
91.140297696913 
86.809231485078 
94.901906737763 
103.145182458849 
101.591498022085 
97.253720617635 
104.973982971757 
119.541727901392 
99.709671172098 
99.936673205034 
106.132684593016 
98.877487681553 
95.586932814177 
105.788445890027 
112.151396156950 
109.632351610571 
105.490607740304 
105.540107068836 
110.087749695309 
109.767187876199 
103.810537801277 
98.584561132132 
100.627366204799 
112.428538081235 
89.835196528401 
88.201998466480 
92.682858993823 
97.760516294230 
86.247402212335 
114.102082677479 
109.419424996773 
102.554574981572 
94.863817483096 
101.871080285304 
106.885482018207 
99.796784331080 
98.747861357982 
89.631106717662 
91.322841876308 
94.818650476363 
112.537132270595 
112.941464001894 
101.326189420124 
114.428676352987 
90.079916335437 
105.284547853417 
102.959832052820 
104.191209380485 
86.571664734393 
81.783090774929 
88.685312301953 
95.416835192889 
95.656466221832 
92.576895931240 
91.201856929953 
101.220326992208 
102.631149561676 
104.843840565608 
110.105907515547 
106.514894970443 
91.406028847881 
79.367864506122 
84.600561545162 
73.974677606733 
103.418339243512 
107.327763620202 
101.649848199361 
102.790042534447 
111.843959731862 
107.489885484396 
110.571715246926 
122.093041866141 
122.119920099197 
107.878332639073 
108.798314387457 
103.796642089311 
114.716849859435 
108.521700351176 
93.501834479945 
110.977258499021 
99.339702814918 
97.696505813705 
89.202352690512 
87.174140136059 
95.838121136192 
83.661052956445 
97.404422751797 
83.115866681906 
91.650355546269 
107.017245159396 
100.577534377765 
104.703390392929 
97.728241021176 
97.789950018611 
100.166394739734 
97.164665088856 
91.338605140543 
97.401376703564 
90.740395753165 
92.097259103227 
94.245992135316 
90.836446287286 
92.078412409745 
97.312343872228 
97.062524449889 
87.353040382130 
83.824069503078 
96.679177476298 
89.068308169532 
91.443156750562 
104.985281162495 
104.620981054248 
95.925863579404 
91.825809903674 
92.158637181495 
95.389963632575 
90.273656418815 
98.114539956179 
100.501847805572 
109.155039293801 
110.053657932875 
102.983686138370 
112.719753710445 
106.074868233388 
109.946071966691 
111.594530334233 
103.513775589112 
103.897451763641 
105.417818836343 
101.069650938512 
94.650401648102 
91.374959231814 
93.250201045129 
103.604933401816 
95.680232974547 
118.641729651194 
101.700344308892 
98.109844747027 
90.261294860584 
97.360442740450 
97.507492070952 
100.109345825998 
94.607990109500 
96.694423068323 
90.146945596050 
95.626663500501 
101.354305664565 
99.248677863054 
94.589156463543 
87.211931800870 
103.366687740716 
111.317032609010 
104.638373898440 
102.993407219412 
92.554483022273 
92.967331791702 
90.797179575593 
95.161014649038 
88.909679760655 
92.207378925667 
94.877510513824 
94.283964763928 
110.008874843269 
110.367919887546 
105.184286201273 
99.195463657505 
91.121962809148 
88.565431052766 
97.796146502439 
106.992737920159 
94.228954411790 
99.954683521072 
98.116823760429 
103.543202984916 
114.242101327723 
120.680071185443 
109.804492525182 
86.942480556860 
83.246410281135 
89.100367561529 
84.298063403191 
95.758619260310 
105.457293672163 
96.826824093959 
85.892792590620 
107.875331884413 
99.069202104713 
100.176380089841 
100.615147127591 
103.339699983667 
103.373208637172 
94.366009302644 
98.182393694749 
93.206257735272 
91.618306302012 
95.820822399033 
88.438181062573 
95.791314405563 
96.975625333368 
103.209860189700 
93.806480678318 
96.700005232855 
99.559227548424 
103.948418191029 
95.258034660461 
95.050135478463 
90.312315842393 
99.045149985797 
90.679534955424 
100.777274919881 
106.369445470692 
103.803230467648 
98.791606493949 
97.838768807581 
93.986640434992 
95.298125526476 
97.917280627502 
101.378113537674 
104.656605423495 
89.423327105779 
101.911996820064 
115.479662810575 
119.470770738164 
89.919118329111 
98.501669361453 
101.660563186375 
96.315344558242 
98.130897834288 
93.840889716527 
87.868310231845 
94.940299367193 
92.964386560476 
101.326983874217 
103.839086267992 
89.002567996419 
94.972451418256 
108.773902528879 
111.310684467868 
115.088761657296 
117.045801659137 
121.354538913772 
109.309191755537 
99.489075451768 
95.826580672320 
105.537524314950 
110.207713646356 
114.450312454540 
117.561277502053 
119.447584434483 
108.684421512708 
90.032920010398 
95.586227694931 
105.118468335505 
101.329914278447 
102.191367982238 
108.404186870162 
109.434452898476 
87.353917634568 
80.622897047018 
90.273015405853 
95.694315881312 
100.130566793186 
97.003224110756 
92.984117604234 
94.646134015306 
99.047299895535 
91.564493348508 
102.791008798875 
100.673991285232 
101.002170202104 
102.667337441597 
103.909221873423 
104.063820857127 
106.987637745723 
107.178090530567 
99.719684997075 
129.391813839794 
131.310690313137 
130.104803962523 
116.063252460073 
113.312642990171 
109.561026436843 
121.203216399779 
110.622558012869 
108.982721128502 
105.824695875212 
105.995483584889 
97.507673801477 
100.758002663554 
107.943623470516 
105.081563080323 
113.524765133821 
112.213506877723 
114.390394233026 
92.984366398232 
86.630583973130 
86.629361044020 
84.988505509700 
93.783003803718 
91.944317027669 
84.209957679519 
79.407940035045 
86.413946235328 
95.682638812190 
99.208803077393 
106.184792294414 
113.298663616112 
113.189105564233 
101.963666198808 
100.051476145269 
102.006130362965 
98.979494657141 
104.975613227561 
92.601675424730 
99.111619238045 
100.224073369435 
104.080473912141 
114.665333297565 
122.200083418384 
96.652230207424 
100.922181086515 
90.159609071993 
96.129959910363 
84.067712307991 
96.222176863416 
101.689978597755 
91.363262701793 
87.170013814408 
89.378260480429 
93.128037884823 
92.687395333053 
99.223272797837 
97.873458478609 
91.440654748730 
97.955734235943 
100.803609851715 
101.181001591388 
93.835933574877 
116.834631216076 
123.338188291174 
120.138148990778 
119.501514235192 
115.317152461083 
107.890073445694 
107.870904273707 
109.964517226275 
107.665430578809 
108.448613133800 
114.645472142783 
121.526109246438 
115.135118371908 
104.010097808137 
109.056726237248 
104.967480749727 
99.395701087692 
87.917418487450 
87.434529958796 
111.962988972812 
109.538920839632 
98.879778216530 
103.117544043733 
102.059294304604 
95.853401380743 
90.482747690215 
88.185472062910 
92.851345674894 
94.212671628985 
94.340654026132 
92.094709463020 
92.322622866697 
93.743353575657 
101.564474201042 
100.534968377683 
98.779797177854 
97.743986487369 
100.841047730673 
103.525262516574 
99.307116776077 
102.273713292803 
98.670443276084 
102.172363287614 
106.509848232990 
120.337623895385 
123.564835419615 
127.964838379363 
144.179744575012 
114.940421730039 
109.943911660134 
111.422059498056 
108.996218964968 
118.668736468237 
113.705936807531 
101.618140830494 
96.595469756847 
108.665711571612 
100.964951604334 
106.732170267217 
102.047208191712 
79.453174468672 
89.498017236197 
86.830385913378 
100.175635683987 
93.771679996253 
106.490162661855 
114.655020353742 
116.916344451820 
103.486883955931 
110.344803626926 
110.574451772569 
126.776275016477 
127.623592547519 
110.745387802554 
105.936087539154 
100.624213047866 
106.843162079579 
113.791815910588 
109.787425324302 
99.147959764108 
101.928497059245 
92.515311791606 
95.683503083096 
94.658561685914 
96.987972770110 
100.459207082228 
96.064493681274 
92.903786874934 
95.285135175156 
103.336342360801 
101.109006733742 
100.605930062137 
107.325492645923 
88.524203138839 
92.094263206168 
96.361181906486 
94.327035999475 
103.684675830124 
100.422400631709 
117.829989097144 
111.406543201627 
109.545074229819 
105.931196297659 
94.352200088992 
98.728927702345 
97.991889298577 
95.522112967444 
98.036371035594 
97.620207214406 
100.362247532869 
93.822268611974 
96.529422531852 
93.941820068532 
96.596445927227 
98.622002343603 
106.212331915919 
110.168046828989 
85.489440844315 
98.659836216237 
94.213533008898 
88.900464452628 
92.513420737220 
102.453618254060 
111.556507493822 
114.738436387700 
108.509152301618 
99.736224812040 
94.699162279156 
92.854579554577 
96.425059443236 
93.481936460628 
79.331239586518 
104.545451873318 
104.172772251762 
103.636786918076 
114.941394422376 
120.712234567228 
114.431243212699 
105.510110615150 
91.988586132057 
96.747710103390 
97.081096503878 
97.927376429197 
88.482062730923 
99.301996622995 
81.213986396343 
93.229301683449 
90.534887626096 
98.423361153764 
98.907371392309 
87.993342977962 
98.149852216630 
100.307520273084 
97.837293105945 
96.219462569081 
96.595752799882 
89.431114836324 
81.798250164136 
97.229504841655 
99.526296278159 
106.259676780446 
111.053210762826 
97.249839462938 
96.383009902587 
90.674385775764 
81.994464931627 
93.149823128186 
100.173716216856 
97.576763595445 
90.438430098951 
96.447954689026 
106.861129289270 
108.208462700537 
86.251824200143 
100.942625772152 
93.479786909921 
82.243920440454 
76.139019832134 
82.849230523013 
67.727837317115 
84.572473468339 
78.315134627168 
90.122273867976 
89.136476076389 
87.568915242890 
90.490761185924 
82.247239581572 
100.158098704396 
104.111250157191 
98.303915668964 
97.618614048473 
103.129050342268 
104.255249844509 
103.830844551994 
109.062308682883 
109.502706217106 
114.723318635758 
95.786008135185 
89.998618704522 
86.558052859315 
85.423693157264 
93.759181855602 
107.977452826254 
108.403889834960 
105.599063451041 
107.965129835313 
104.607700690273 
116.127261032171 
103.490265981919 
103.365160449133 
118.641437398899 
108.404147402408 
103.654057785408 
98.707524802712 
99.656208105056 
93.458575771078 
101.237608894018 
108.855817513776 
100.446986173855 
96.868633500155 
100.021065839342 
97.529377222734 
90.797565483306 
87.389990880310 
96.140378648212 
105.447904071550 
101.582716175305 
87.642326038358 
90.357620179200 
89.796588076598 
94.398620835658 
85.575918178968 
86.556067760124 
88.502653392012 
84.042542623513 
84.414669334360 
94.605121002019 
99.285637320443 
98.966522917550 
94.512538390090 
94.972928069409 
97.000155767636 
99.877838888818 
99.359905441989 
94.645159077563 
90.111282684183 
85.547199479612 
88.308109366822 
81.535623558117 
96.788264375068 
101.437203930714 
109.372947564699 
116.343784434671 
98.458217482580 
113.709452299435 
108.442483684164 
105.175654864021 
102.083892789509 
120.383032437584 
116.662997918610 
110.810061439032 
120.595424487367 
111.222950604464 
109.017855199637 
118.686742018946 
114.858398538802 
104.405234184108 
118.664341537705 
113.792742013322 
99.160282464687 
105.822758509084 
99.352778908600 
89.571862552294 
99.922683400393 
87.228874237041 
91.122996670615 
81.386384257612 
93.532554244221 
98.118244757708 
110.102927617845 
109.573591746668 
108.696617438828 
106.857529833531 
99.388645925927 
107.232330011687 
110.028322851899 
108.330676427502 
105.937381387244 
100.051448993824 
98.681665834275 
97.228499353614 
97.027523574453 
96.524576811187 
93.745932528390 
80.690093918227 
105.365981125782 
86.374905642540 
108.557054438067 
100.697035462596 
106.043380520373 
118.526250129252 
105.819142424410 
110.456633624022 
107.706615224322 
100.111439148336 
105.617018093930 
118.362071916740 
133.208992741977 
118.882711245901 
118.464126073829 
103.356962779046 
112.625849916779 
114.873751291214 
117.437489735518 
110.805899513539 
91.991771535128 
97.770445301267 
99.721083250762 
99.148381095240 
101.849224013766 
108.589871011885 
92.193431646098 
94.926757939117 
106.589716039340 
121.714076082879 
109.198576914138 
106.520344449641 
117.655639565875 
123.596168216251 
117.833972504287 
124.203051717302 
119.355373916773 
136.957404488589 
124.335628892864 
102.777341948596 
111.205287100718 
113.944603266091 
104.636335394368 
101.949616806945 
95.949673828275 
91.331961306722 
96.949952060939 
98.857192535774 
101.468931856126 
97.406270295515 
107.387425608100 
109.379360629479 
115.521014120201 
110.542977931379 
110.905168553613 
109.687136945920 
104.474065193160 
105.867224765772 
105.111852201369 
113.484039000413 
98.919661552220 
93.746531073403 
78.956579985392 
77.007785925470 
94.120671538652 
104.369411152550 
97.421948547555 
122.985738839120 
100.196984178795 
94.966594887592 
90.194482872953 
88.908896438126 
93.034287114129 
86.537932707786 
83.611644477098 
87.938088400235 
97.808695196786 
99.921400656929 
116.660527371300 
108.958136769359 
95.872001698931 
104.214605004352 
103.933236812951 
106.938968097099 
104.083329013153 
103.530961933335 
110.021565726894 
110.629825301412 
99.272585431877 
108.804397445625 
116.497144986557 
123.286991740856 
113.792884213116 
101.836721145284 
109.564355983870 
98.338326640436 
100.845749056085 
94.996599628365 
98.534524407860 
93.383846070120 
102.846239173656 
93.074011017092 
90.780869144690 
90.011141270343 
93.896973013582 
100.569445950085 
94.603370801937 
90.195663213253 
92.829340422217 
101.755944913277 
108.905756231648 
96.413564513137 
97.614621711992 
108.047222347082 
104.893871952406 
104.315720429209 
99.002401677449 
79.125365003590 
90.226235740960 
94.470447506106 
110.719502916585 
120.409449543320 
96.288579243346 
104.392064552736 
98.178064056246 
109.927301939883 
102.891729472419 
120.233069017135 
109.546558401135 
104.581732106246 
109.233933136706 
100.573889145607 
95.114642521953 
103.620763845698 
90.977565910540 
90.127097050104 
88.977776390434 
91.332758982671 
83.166968322180 
93.911811919976 
94.476976955921 
94.844755150538 
94.212305756537 
96.605451737346 
93.250547002166 
100.038229597631 
121.671741863613 
106.532255895266 
88.952972524043 
100.656324249662 
77.139960305189 
86.647317221770 
86.102584571762 
93.720865085348 
98.714944452983 
108.296774243478 
100.147407203316 
95.734732786688 
95.044693118813 
93.373239035714 
102.388567108721 
104.853014044820 
92.372361381582 
92.903703124919 
87.270745719420 
94.554799910560 
94.801853496229 
104.038720760262 
93.506833925782 
87.754651569656 
91.180162443960 
92.703800537286 
91.327553041537 
106.213974622121 
103.906174648746 
102.669431483389 
92.746319087760 
90.611541693774 
108.643925892768 
93.449884416970 
94.545882105389 
92.139568073959 
85.850959273964 
83.528888620912 
94.350983867583 
95.460324746601 
87.373149858035 
93.964592843707 
95.141060571698 
96.280904038670 
100.881453230882 
98.463262138955 
101.389129440064 
102.689935149726 
101.882562759849 
95.637973190925 
102.566432938037 
104.019865556441 
103.130340205307 
101.612885040544 
123.273252272503 
127.047634094008 
123.293132171872 
108.165561618015 
106.944774212380 
109.904588943501 
106.550344960706 
109.942950796014 
92.662786525649 
89.719435071753 
88.454000562756 
92.840213694985 
91.975670551933 
89.175895619611 
89.327375498975 
84.163322654650 
87.427474343847 
96.980066948992 
93.758640010314 
100.095632673174 
95.569403159028 
93.949811595799 
95.623317729857 
88.542643520639 
85.657783094579 
101.593738558962 
99.206319576920 
105.117298087537 
102.629986108009 
92.784496825200 
104.384680219491 
110.192603914528 
95.999116901200 
98.062285016957 
93.380613297257 
96.624184471776 
89.113909834489 
94.723566693177 
88.518666279997 
81.978017719999 
89.811571688313 
90.839664180382 
89.441401520918 
99.472213569720 
92.837933689774 
93.211851112039 
94.771512748727 
94.059071523570 
92.417681979825 
86.176758963473 
83.016446748317 
82.006977493771 
92.392347218880 
97.963302472973 
102.445852976297 
109.972996725987 
96.919609190981 
91.258729071658 
99.042134074577 
91.050836771584 
84.537995978658 
91.575007245999 
97.402732261564 
103.447242051534 
108.005865839748 
110.705531695331 
117.542197632678 
111.385000792713 
91.230061617173 
90.375982465745 
89.458820618857 
83.983980644431 
84.898375478111 
101.346261606413 
100.694952094610 
109.555218608464 
111.205837552247 
116.501158469109 
121.548198753916 
129.710297315966 
129.805913819020 
121.348317128098 
116.051984205382 
123.897533838548 
120.952027330162 
120.364640725479 
118.829724586152 
119.599712937119 
102.895997582745 
111.624403817602 
98.167479796401 
111.293991340715 
99.381370569403 
91.723456520131 
101.127917576313 
94.981258999082 
101.308941721758 
103.528269305383 
107.154909004088 
111.472770968094 
108.521400359415 
83.675782079858 
99.327895348803 
101.856755508952 
108.147907354943 
93.529121437243 
101.897611348832 
105.409160245180 
99.262167270687 
107.738622916297 
100.165335162544 
101.500592919120 
91.832319459124 
96.960710052936 
105.182312078758 
107.990347984024 
97.031319686477 
104.595321564697 
104.764341852750 
109.707964020345 
107.635291776029 
99.752279181320 
98.560221430597 
100.717765611565 
106.948066537289 
97.247006594061 
95.901404760450 
96.184058656635 
97.870784167051 
104.236743248790 
94.850015214722 
98.626934333108 
96.050402304129 
87.118811797474 
88.716096847865 
89.862517423255 
86.608910829574 
125.756907657865 
124.410092017910 
111.897379222334 
96.798832315182 
96.969582406042 
103.494932141974 
106.903699991115 
95.838774500800 
107.600294559792 
109.814367117083 
102.986453927963 
108.225004398445 
131.766896530723 
120.541637116918 
118.792066200311 
117.642002098483 
119.144748702739 
108.261035296929 
133.585955965530 
120.420168207644 
105.264577071220 
97.311552544225 
95.226717318985 
97.587196895353 
100.190252158699 
100.759391632531 
104.343076805052 
98.624990532349 
94.821915620143 
93.390662228559 
94.944825935697 
92.994693993296 
81.493419990234 
88.544378054912 
84.798093088122 
102.811576845068 
102.956214334419 
94.176823191285 
96.325080916423 
92.598077330061 
99.699742864381 
106.894277359860 
99.969796826919 
100.610200672915 
97.762082781257 
110.980824401398 
96.552912084364 
98.690614274727 
88.954975335957 
101.444165606804 
99.766880937033 
95.454144768109 
102.791687288565 
96.285557566358 
111.259980910675 
113.223241623804 
111.403144118584 
103.524161958665 
107.165904370978 
106.720191878039 
105.563763435687 
109.229194343227 
109.903376068202 
109.146746563082 
104.689755967567 
97.542302606672 
104.146055080752 
92.662245685141 
91.767868716102 
104.179443974869 
112.996260216742 
110.317106532766 
98.114999170944 
98.140666134727 
89.669360858895 
94.136610722768 
88.149626460230 
90.882893146399 
103.835090014916 
108.358574275502 
107.489346358314 
111.668836115068 
119.739502525839 
99.115765303741 
97.404087869645 
94.475038683585 
89.694176462977 
92.809064648976 
94.117602176109 
89.929720380593 
96.397011138097 
109.045431020436 
111.480963648600 
128.323000036996 
111.217483247489 
119.527727078693 
113.696357644088 
108.653302845267 
104.294192685073 
111.891148963503 
107.920375422558 
115.646595090159 
129.651925206059 
115.001257311847 
116.901359710779 
102.378659676659 
112.328379002046 
110.752001947774 
98.721681984640 
103.665950582074 
92.340021132142 
91.712135284065 
97.182756691090 
92.363608082983 
108.322541000151 
98.013444075084 
97.891729849131 
98.996859322913 
101.543642988942 
101.627370358110 
102.917542561890 
109.272566691541 
111.330929836061 
100.054572776702 
108.483643548437 
111.462875453387 
100.981330284067 
101.022380462956 
99.171185451027 
99.127144045352 
101.450406872068 
95.739426727612 
93.358990245554 
88.414283111156 
81.752253467253 
93.609300512388 
114.867602018103 
107.643171395547 
99.964653517833 
134.816942213196 
133.982771762510 
131.258581817615 
108.940496365344 
105.178674599320 
108.490323724679 
116.192658592803 
118.407269271156 
110.750115449507 
106.113318968073 
114.047411440645 
109.265144479821 
107.154592030672 
105.565975527985 
106.165834409076 
102.468836957016 
93.376701127205 
117.026856476057 
105.679755755956 
98.177668564407 
99.927787196621 
98.134934620208 
98.496788209945 
106.139744554437 
98.042166091645 
92.461229273091 
102.041811314043 
93.091774132041 
104.994228256143 
92.187632329771 
98.661534134109 
102.435326966636 
103.275849449326 
101.409737344180 
112.227841905873 
95.356259151774 
109.084358745417 
103.417750635426 
110.718247695334 
99.778873469070 
108.395649522737 
101.640655870914 
104.234310678606 
89.135042665950 
91.672062782373 
95.026285928909 
88.772410041440 
93.018966027987 
93.242968746722 
89.617182125017 
91.583475936604 
89.577388866880 
99.751131496364 
101.713893613717 
104.859486696767 
104.297045280191 
99.796087534832 
93.525551812219 
96.103803553813 
99.111752534736 
122.321429575047 
118.409581203072 
105.321785669775 
101.127311115768 
104.020961387104 
102.591240258328 
99.731926429512 
90.157182999861 
102.261351769888 
99.267477820717 
108.808377274498 
115.570756007289 
102.820168393439 
95.551379493735 
100.187995494594 
100.828643291149 
111.968463837536 
114.592493259993 
95.451121460160 
92.233257113178 
92.841361112011 
94.910631408100 
103.634190626751 
102.387607735723 
90.059645814530 
87.991406613670 
89.021183260327 
89.266479680550 
100.142169647323 
94.781084530946 
99.235655187674 
92.349463053843 
101.603273635615 
101.967726756864 
80.365013651014 
92.581731752121 
97.092108955992 
90.393927165112 
92.773575718421 
86.543614251094 
98.235154245231 
102.380906478303 
108.585605337670 
108.870842685031 
115.018013969799 
115.826115075179 
99.573778444101 
101.641856005915 
99.222804163735 
105.151899092764 
102.671751681436 
95.744043189215 
90.479910427080 
90.106756829249 
93.487450163581 
92.184867253991 
96.048329752882 
102.135120089469 
94.383924667883 
90.096085054555 
92.586326569699 
96.171924803750 
94.467097235611 
107.410287353240 
114.393497895142 
108.006761831258 
115.948614944078 
127.116605116301 
127.791588706975 
131.852895541942 
112.144976620193 
113.471486106620 
115.369058603932 
109.776982000164 
108.000975999261 
93.322927070188 
92.853289757499 
99.406939628292 
106.515105851278 
88.754852854660 
105.003011362887 
91.696174854903 
80.530322033087 
102.438329604257 
102.589554104444 
116.336598588666 
105.361178014379 
109.176949356767 
126.933034947569 
130.141010711493 
127.354030671878 
121.437056719550 
111.802190939864 
112.552444332288 
107.591795104351 
118.444040382800 
104.900325082060 
113.430995771124 
125.679065639402 
133.291555664514 
116.965708017579 
114.372949320491 
119.944885170692 
130.388486802543 
126.320942585734 
110.596384251578 
103.761426023997 
93.328241581210 
92.888917831137 
86.322680768286 
94.187245088000 
88.721007479668 
87.714784585989 
90.537851171483 
96.926492142170 
93.803152987700 
99.273715815495 
91.848665059796 
94.363310987988 
86.922140775417 
89.945574688474 
99.880275052369 
97.189751168612 
100.837268436317 
93.430945158885 
98.133845408489 
95.583938845803 
95.332727828367 
92.929432727424 
95.435789978681 
106.376850068469 
109.450453626732 
108.340496557927 
105.429775646465 
114.501315350775 
121.724653939657 
135.394633272887 
133.044642335383 
118.062519625297 
118.659355836504 
116.875545092463 
121.452603620766 
110.156221326598 
118.037087235851 
92.370804564831 
90.412779101820 
88.993288009760 
88.387112816525 
111.482468213310 
125.253103893063 
116.165970648172 
106.471601167402 
110.988574366812 
100.694447325458 
99.379654801091 
97.325525063514 
104.874744425830 
107.693368759210 
107.645377811328 
111.883308963995 
117.235081091322 
123.021653791050 
114.591898943304 
106.697496015573 
112.186988427895 
117.168895682627 
120.536760210262 
116.899433528092 
107.889860508828 
92.583933484422 
99.543429862780 
100.244272535662 
112.255144291377 
107.909060995658 
114.770157320741 
106.790333513823 
104.124604836951 
106.116464826343 
107.895250125731 
117.890636091723 
110.102934581902 
105.226585699984 
106.509261902134 
96.194135471291 
95.390864571190 
94.350920628416 
93.243066472335 
93.894929405787 
83.245193915750 
85.906869589331 
86.572464407709 
94.522499458567 
89.218617068082 
98.106616064255 
100.049669118873 
87.697693087132 
81.579250741603 
106.377921651938 
109.943996345586 
105.458468034412 
109.099708728692 
103.827040764185 
92.433179166446 
88.222184878617 
94.144411776992 
93.562839036388 
97.873013583363 
103.049385060537 
110.349540197234 
110.698223890809 
92.935802387997 
106.395617832337 
106.191152080740 
106.804929644335 
102.726786617170 
105.947194815643 
110.920459167114 
109.099743386945 
86.614554546941 
88.833258458546 
90.260215373488 
99.931796218805 
103.141637315678 
112.136264243539 
107.910583014906 
116.430703533110 
116.091114178342 
117.084107714402 
105.440520970136 
107.599354224796 
106.222569270514 
104.126957066975 
103.050456751481 
98.277722928592 
82.830596761546 
84.716115747554 
100.260157423081 
92.023077409462 
88.092731262862 
97.942678505388 
95.735565726853 
99.928750351436 
95.679946160900 
95.379145246445 
91.482710601987 
91.154104382570 
89.673397222800 
86.767776599547 
85.181899521069 
89.565091466143 
86.652265588007 
96.833483448520 
94.244916874491 
97.432445330396 
97.484502055215 
95.278824521658 
102.058561914696 
103.883198776890 
105.117384189062 
104.370212019919 
111.713887679642 
107.872225276437 
100.576547011643 
99.613733470413 
93.329942090630 
88.678988427664 
92.529301712899 
99.228199953040 
95.147103790144 
96.436200397494 
88.223418139032 
84.644661632441 
87.094813250092 
85.597589159043 
98.911440078641 
85.136116424991 
101.525055204436 
99.229064158579 
102.183093951770 
99.439078493179 
110.385566470918 
97.937774818168 
104.002021753001 
106.846131145894 
106.053050313926 
109.448934087215 
116.194499028583 
99.265286810203 
98.276037612635 
98.371031136685 
104.824023830293 
114.130446078759 
122.558135614702 
119.191678211447 
91.667481264703 
99.785898123164 
103.082326855542 
108.335274430014 
102.528831481591 
100.423042355460 
105.282973714500 
102.265398139479 
107.195164740387 
92.722311855987 
97.714200395434 
86.789336566814 
91.527994357006 
96.139983347946 
100.345001583937 
104.783105446934 
104.503400831987 
106.963487693723 
112.504462623027 
115.309263410934 
127.943670631046 
107.284501668278 
112.968370215267 
106.471580723807 
106.013028386975 
104.590302462830 
102.334903088988 
95.206046924499 
85.181702614155 
84.629947804941 
101.755737045937 
85.116815094368 
88.798730680109 
96.131141402138 
98.599964106002 
99.246250000961 
92.392041027305 
94.891953572008 
96.755309912327 
107.404585489142 
101.189623587101 
96.500075980933 
96.355876587136 
101.139940248243 
101.379578804928 
99.826691217102 
100.173758115847 
88.166334823845 
78.016227066000 
86.347750076405 
100.027383980382 
96.931239287719 
97.215138314122 
111.010387211822 
124.225060024908 
111.527924364778 
114.882089164438 
112.524107609030 
94.997582376890 
90.539343509873 
108.751336272963 
106.773911906764 
109.058698432978 
114.145618910764 
124.792146783388 
140.701319745626 
115.977484028350 
111.779847073592 
112.957304403576 
113.574014311712 
101.481797961243 
89.149590648211 
86.505251153129 
89.512114028438 
85.265903792986 
97.342054391695 
94.521989696250 
88.238378639122 
87.437656782325 
83.151253984487 
85.920562859875 
99.633813275651 
98.263087967094 
89.847535658988 
92.134134483003 
91.101342473572 
96.486626625288 
115.099487047509 
121.312281069247 
132.435932948437 
121.005750181837 
109.645321316422 
104.958763260706 
95.734888446544 
98.956869455662 
104.983636112514 
93.370958281043 
90.113527844800 
93.530260032240 
97.368010364811 
96.671462990430 
89.805416534235 
88.288973208219 
88.445999623426 
102.921669937272 
105.877222370485 
105.398113636310 
101.218587387099 
96.161710833543 
105.689004949404 
108.906697063991 
104.169819952642 
85.155093998814 
84.712795145516 
95.066545442949 
85.451294360804 
85.081838277018 
89.190747617096 
90.869568540703 
87.763957083899 
96.140147442265 
103.151789412713 
98.600490960383 
108.258745448138 
112.772700826943 
111.007932230086 
105.356128580845 
100.624669151525 
103.486921446761 
101.601726288276 
95.092056060164 
111.348256054719 
94.055949485326 
106.792329953561 
95.011421595862 
96.152857244744 
97.595716673963 
95.841629272447 
92.533277833333 
89.172092332364 
81.506693331617 
75.834242930130 
89.733261943609 
88.182631718375 
117.250209010718 
97.197425679801 
97.491966814939 
96.684011412347 
88.369297037103 
97.852576797430 
92.547120202129 
91.771017977978 
92.252348726016 
92.918950494823 
94.717390673547 
100.402047508033 
98.342057429603 
106.560788858014 
90.019752287638 
89.947837314508 
88.553975666200 
89.936529503359 
92.564216211917 
84.108671183986 
103.204331238602 
99.417562656177 
101.149904964663 
109.168673502811 
94.939718820941 
93.168396776051 
96.827621774825 
95.378022305797 
98.031593863525 
100.872957229060 
101.568819744794 
98.681454012312 
90.724521244253 
91.250413913662 
88.930838690930 
91.232793273203 
95.793669989016 
101.185620601759 
104.493261082140 
96.424757000453 
94.783819118155 
100.610483054105 
95.055447959789 
113.170282259286 
108.784823439866 
121.919389649797 
125.500796603387 
128.007647488594 
108.855365028946 
106.585981422825 
112.542275745367 
101.481547136343 
95.098260265854 
102.909907697315 
101.417286610849 
99.341365416762 
94.133307440008 
81.716078724291 
91.794491686640 
87.455546930566 
86.751152316173 
73.582040890349 
82.135616941726 
96.582166379336 
93.592276390451 
87.641581537128 
91.089116601585 
86.991795522476 
84.783711981298 
91.220945475843 
79.352344166064 
77.950308528979 
95.533777878990 
87.847195648193 
98.217122994527 
111.530924290938 
130.732396878413 
110.192775574641 
96.719108977778 
95.687985528952 
92.362323233432 
91.013567185479 
93.453025820283 
94.342879629307 
95.869640337122 
91.760026590941 
84.669584723336 
92.791195283876 
95.808767448034 
122.341944126921 
111.182549765357 
120.420927337805 
120.720600250738 
116.298790672469 
98.683866446779 
100.661605033751 
107.071022121773 
104.592169304760 
107.430036399993 
102.592901629640 
97.520805501878 
98.160840481257 
101.575313922904 
105.834278986742 
100.241829434684 
86.789408659981 
92.784058114032 
91.372248894827 
103.034538954708 
103.072616545341 
113.514155742625 
99.897836814435 
97.043598734723 
99.683939074104 
111.532534558954 
111.472000389254 
110.471835485942 
102.934178946672 
114.887421071912 
100.346508232672 
102.512019627995 
97.852123584527 
98.986656886194 
89.155686842070 
79.044994038190 
83.721269404186 
87.791301310833 
86.217602506748 
82.001845820652 
99.326613798953 
106.335673943193 
93.470714977967 
92.772262478904 
90.799999637499 
82.894600021866 
91.589336378205 
93.615043799443 
100.763919205188 
105.469516246870 
98.089118440980 
99.040586045978 
101.388850962923 
99.979486112530 
95.938247348639 
103.184144063359 
92.825773665357 
90.213255181476 
90.677401473559 
85.223708106967 
111.552593877014 
83.276262641327 
86.615544118582 
82.897709600082 
92.006088630188 
79.993832228009 
90.628783997578 
86.117105378421 
93.608993567092 
92.512999064295 
100.001893384497 
95.663670897415 
100.341676372829 
97.839204429533 
99.079541786310 
103.487946284997 
97.379473321199 
98.786309781344 
100.691709136132 
101.988445026309 
97.080692885425 
99.332523795256 
93.151630391793 
81.072475995468 
84.629989959013 
91.965626831132 
89.501353005419 
98.904987563975 
89.487481843213 
89.292695116864 
85.236828433538 
90.261544283552 
84.078626109869 
98.335688438570 
90.916670956458 
106.981542400430 
97.636188858014 
98.511621323450 
90.144777592871 
109.837531125194 
114.570400015242 
115.686033759972 
90.033588281472 
90.918777930782 
93.343372285887 
101.005575705967 
103.458711136479 
111.429691716316 
120.628066608045 
116.014725840815 
95.597756255748 
94.097017376346 
92.475774918061 
100.167279640972 
99.245401272964 
87.463624045466 
86.137730036133 
87.491700324909 
98.702439809741 
96.669165908347 
95.733113261834 
95.886852773179 
94.381170866329 
98.142961261528 
92.850887825596 
98.288957228801 
107.182518388759 
115.230578354184 
110.696362877888 
99.364747913179 
87.262887494172 
93.383708944373 
109.322088161100 
109.307770784416 
103.516091688810 
115.258235317550 
114.336174821286 
103.879266877841 
95.352549866295 
94.909199096124 
103.919141496368 
110.940717764151 
115.152529636409 
122.118459748276 
120.121700712063 
125.842781765083 
124.768667471564 
108.467367071584 
102.901244073172 
94.453756027527 
86.413208773034 
95.010522650229 
105.520613958574 
90.216370279610 
87.067658862405 
102.093161128728 
109.930327119471 
108.905646046327 
108.723267881489 
101.133455355767 
103.528340173959 
104.734402325764 
99.259985505710 
101.830046734740 
105.021672868088 
107.561524100921 
97.106040467094 
104.306290185734 
98.390660381874 
102.965792843074 
100.412632436326 
104.271451130083 
98.295957985935 
105.037350795786 
97.922878598125 
96.209426748699 
98.015039641436 
98.219167947771 
98.587937047517 
99.561800917600 
88.526624839454 
95.202628338200 
98.406824519192 
96.681557180710 
102.297980368588 
88.254235963076 
84.187695675228 
99.380468739256 
106.581788271690 
118.877539552723 
115.468717261456 
108.491130485716 
107.099326512510 
105.065683816585 
107.780343906032 
113.178849724611 
113.075313600649 
113.840568532683 
124.177418813648 
109.254720008647 
115.512558400494 
108.285406958737 
127.627277508312 
120.699030844543 
124.371077342439 
114.112504663504 
131.214344674078 
121.566321657330 
123.342640951131 
127.555480679665 
126.448998436911 
123.621780990524 
94.873938507214 
83.720577296043 
91.277471683470 
99.256324213766 
103.580227697543 
112.803681593619 
107.457657081114 
104.108618226830 
103.984100162347 
99.743845945899 
102.174881755340 
105.674217946825 
109.108117209882 
104.215120819914 
108.811921650267 
102.588447926074 
88.453346776107 
82.592021303891 
84.780476377496 
82.207031204023 
91.652974329906 
85.440263641493 
90.629658260133 
83.660242580262 
105.000469873003 
98.813358087212 
104.483327230249 
104.859084668531 
106.492932717815 
109.061505520861 
102.644037836953 
100.123470855152 
94.295185103958 
98.106698245772 
108.984298261630 
118.690895017153 
130.678329591142 
106.029857954731 
103.803513653519 
108.549567564951 
117.715096377799 
119.902498479015 
111.922224263542 
100.025096093081 
96.023135566204 
90.411220368376 
89.227959358369 
88.560699659493 
96.726120898048 
80.243899174424 
104.533173909902 
91.290548220602 
107.245843620482 
114.729227236338 
115.843429240489 
127.188625911803 
107.743913740761 
119.895424283662 
109.866052966491 
122.107812411491 
127.318588391677 
120.192892974689 
135.172557694811 
131.835830295987 
97.931949683684 
98.254439079098 
93.132109876456 
99.221280981597 
95.695813387559 
110.100222512415 
121.558342172897 
105.465784165251 
98.437567007089 
109.474115634203 
95.265206083430 
96.025711625641 
93.225264515863 
93.657274628801 
98.699698880972 
96.678691902242 
96.991324432778 
95.813086438490 
97.143463461505 
95.066587693220 
98.350962983135 
98.232720735540 
98.626309569715 
97.620650842676 
95.231707882955 
90.968010719446 
89.467115160989 
89.666622060292 
86.869158131927 
85.178968690151 
96.606524562801 
100.481934532835 
96.654040406323 
89.649896080400 
83.107472125543 
77.881280397520 
90.652706051743 
91.699174623750 
97.766993388079 
95.331071598610 
75.506891056928 
93.920218005954 
99.406706346993 
101.788348410522 
102.782861840899 
109.735737661192 
109.914721304016 
109.125277562913 
109.755987879910 
98.661630702057 
99.432383918061 
98.826350085617 
92.736167852900 
91.472115108302 
91.003485481135 
92.019554129146 
93.879025568742 
85.621163528165 
92.657070066115 
95.639731418849 
92.072625951090 
81.057069413911 
95.539891552779 
111.081233695450 
119.227958996719 
124.166176121412 
112.672287291281 
113.037738187955 
103.316622509149 
96.837994199767 
98.820064111075 
93.965002481853 
91.385792977679 
86.849896890549 
87.071723896851 
87.458161443926 
90.414088193461 
93.221922972181 
93.755301949958 
93.615483881311 
94.400696617829 
93.439849245618 
101.616590641876 
98.261894639332 
107.951893859801 
117.327413739543 
99.345446484023 
99.591008197365 
100.166604550000 
96.319690399280 
109.467285172251 
102.605963058157 
92.599849457864 
91.115742410578 
90.129176224540 
84.727271349576 
93.150102833073 
97.604443863880 
94.135051874352 
94.653954974317 
87.530628683611 
88.651712095999 
83.632775752401 
94.295961618448 
116.761256485308 
132.508222442000 
111.666181300473 
110.293064186980 
114.917517170955 
105.182720447227 
105.408507661193 
120.097953748849 
110.486073922309 
94.115432882420 
102.626642255708 
89.613036183127 
94.311583350070 
94.118684267896 
99.135620213082 
99.497633027011 
114.381956715138 
101.760531238043 
106.411197352967 
105.084765667227 
109.918135689575 
105.508508645924 
101.422934422888 
97.548623885311 
93.544392341366 
81.789031442475 
81.608353712593 
86.213044677546 
95.565427978748 
109.557052928807 
104.360870306186 
102.185288212859 
103.157980102122 
100.025303096093 
99.840725761160 
97.653452516970 
97.999675859992 
98.089934140654 
87.519125566626 
81.909369124173 
77.267158093391 
85.158768809570 
89.931324843672 
85.065223176580 
91.524201657433 
93.102192468643 
103.637203127829 
107.719601479500 
100.228999991225 
97.485856097018 
100.052834014136 
96.772339218540 
103.078035236149 
96.996360348371 
109.573298193739 
105.303134630191 
104.837435172131 
103.681757242312 
104.985588067495 
100.376085555446 
82.115943395631 
90.441671638074 
86.443096677345 
90.586819306445 
94.704759919643 
87.434417667377 
95.780066910453 
97.698348765859 
83.386257716388 
100.255329034711 
113.980840313749 
110.269810121262 
89.439372320511 
107.423332553118 
97.806435119825 
94.519314835786 
97.887038335707 
95.240370029545 
84.387702499693 
84.968016950882 
83.407195066448 
88.981165477872 
84.150436719574 
85.869002396584 
92.744481047089 
98.402013669721 
92.219357463525 
91.647394241664 
111.695759940941 
123.680431334406 
134.827058714393 
131.573693945669 
119.189614459968 
128.389590059846 
116.600796654155 
113.491823517317 
114.018531742922 
109.223084877247 
120.398686206082 
112.596061821822 
139.125211504432 
129.634960596229 
121.222976168515 
119.176647300929 
106.218029804982 
103.433899454616 
112.271540641251 
115.343443615874 
114.552031267672 
117.857503516045 
129.038613557242 
121.008548906132 
116.548746657692 
119.482807104448 
126.815420010315 
124.260801762218 
113.546495258494 
127.689564930502 
108.147803835551 
114.928640846234 
111.928252975926 
105.905927908098 
105.538179580719 
107.167557099298 
113.118681849606 
102.803233960609 
96.658180669944 
91.130190497525 
98.958307365739 
116.250516505031 
119.537118254572 
109.966252029538 
108.006235901850 
106.080135194986 
105.285455215821 
120.758620885853 
118.359156502007 
139.140270136328 
102.550056418217 
95.949033223708 
91.094334565082 
84.494949459019 
107.035846165551 
94.088972141617 
109.512854727169 
104.239562126400 
99.668027150474 
100.081029650904 
101.329185115025 
110.218069787832 
102.535959296488 
89.764720272419 
98.716667701688 
87.584906988569 
83.896409807982 
103.205739750724 
97.785516608585 
111.128375859020 
110.220450124831 
105.124521398236 
106.984843682253 
103.748474102214 
110.590481687285 
112.075206897844 
109.712179772663 
117.459783692605 
108.008399629229 
104.871383512839 
93.371219742739 
103.003324350770 
99.917192713655 
106.772893550146 
101.255807494971 
106.033546316432 
97.679438081228 
97.199659589359 
92.657991069991 
108.798490714784 
112.472824507852 
108.846777846677 
101.841276654073 
109.754796454077 
104.746797066975 
97.932667178465 
93.999140037747 
81.757833230810 
88.556569316488 
90.510799866799 
107.560269411767 
96.297615626706 
98.099186854060 
94.031590323669 
92.639803737903 
101.542566293880 
93.651848918164 
94.030658883115 
102.180548040645 
103.675154396070 
100.730648407666 
103.522091443866 
109.569279746446 
103.306151908832 
104.569352936133 
104.461297544397 
102.742536813528 
106.852704142168 
100.672782359489 
116.591031613377 
103.749944354445 
104.546843903510 
98.738572065869 
96.127514773221 
91.810637780400 
91.498773250933 
91.442030214121 
94.190810315182 
97.107476447176 
94.202978588383 
93.343380426000 
95.518579287125 
93.912019838191 
97.346072547958 
94.721464980205 
104.132191076027 
110.035872654339 
112.013899323612 
113.510983465233 
101.992073116779 
88.331866414394 
100.636960498874 
98.525491838661 
101.067037544334 
102.840706638307 
104.180239624811 
89.344713360548 
86.112441258033 
85.302248422179 
95.236590247377 
89.029152536918 
90.596960377229 
93.772881256441 
97.670098088196 
103.624587942979 
98.803978682183 
102.305276205564 
96.635975151117 
90.328392465055 
92.617487763119 
93.196308063491 
94.493790801911 
105.133820015418 
104.406241442587 
94.730403376419 
90.004941522896 
93.834742727442 
90.117376411698 
86.855371865072 
87.515663034861 
82.786897811266 
83.646159723184 
89.363907304233 
91.615454371663 
98.766314177451 
94.582252346043 
96.651003771529 
90.825105006964 
88.163193455607 
91.204121890683 
87.268415303662 
99.462504556494 
95.785718071081 
98.089558041131 
93.314480683979 
83.664003650095 
92.353303684988 
88.461316470668 
88.823040398838 
106.897312461416 
86.917273042702 
84.052184269073 
91.862299952855 
92.258799518953 
85.884491806451 
101.091700010084 
97.948212315643 
110.448749075754 
94.288938328417 
100.565738011578 
104.706719512571 
98.094193584463 
95.383255939370 
99.034509369824 
98.639204644341 
90.870799887078 
81.683309334045 
93.398633883109 
105.279308966762 
102.237920904801 
98.668881291589 
100.890485055138 
103.533505942850 
102.741442121654 
104.953131026353 
102.193147080223 
111.865492727644 
106.578258314548 
107.030950649428 
98.126839411103 
99.304954558591 
92.780188163929 
93.084375473565 
96.757846747140 
119.023830249253 
120.689194106452 
108.878764020997 
97.019389487475 
93.002326929018 
100.367462398565 
89.602897774888 
104.638657888895 
100.358618195902 
94.264429899389 
109.232363979293 
107.781261015560 
97.192646252025 
98.913607666063 
93.301143860117 
105.174135510478 
107.822544534854 
91.693304241171 
102.788998044232 
107.649458819844 
109.758088493953 
94.480948639739 
98.499633381328 
100.786544506587 
99.355129979724 
96.796636024753 
96.673811988795 
99.710094636139 
95.913131702919 
91.585480193539 
83.137783986432 
89.603330591488 
87.237622670495 
87.635457165096 
104.234997806441 
100.412880274336 
117.959182983568 
111.471190762845 
118.419535483578 
121.609428029990 
123.376478304503 
110.476110847128 
116.996204390768 
116.266473275746 
117.160811451007 
119.766824624461 
116.936100596283 
108.483779535831 
96.680673705160 
103.675305882148 
103.082883071245 
96.053450776921 
96.850732354609 
93.704939467076 
92.648036046242 
94.448946677551 
94.369745049635 
103.179906106327 
104.171798935447 
118.840337023484 
107.619957069268 
112.731111418095 
119.172648929310 
100.070538145764 
98.554759972391 
116.318256482295 
110.859071928389 
113.433173434350 
111.354889990369 
92.070097357727 
84.434397599186 
83.009295564585 
86.223275531260 
86.759949523196 
93.203832976387 
89.452292793853 
84.032122624910 
99.215752906979 
94.069214585296 
86.593462529953 
95.442046952936 
96.593853972448 
103.563406192549 
107.090503603502 
97.555386123833 
101.413685558146 
103.201263328976 
103.784067899792 
107.384514822987 
106.976877391696 
106.354751547002 
104.095861589086 
91.956250337020 
95.828707469763 
91.228508067233 
94.224231555483 
96.303860320787 
93.722614240805 
101.967130703235 
111.769844342323 
94.557915279542 
116.712323138229 
116.423911730497 
106.429498048843 
95.261829430772 
90.861956814287 
88.958897944260 
85.078706356912 
95.660601892506 
92.984318063554 
99.422347266281 
93.641705808118 
97.048828211008 
92.953231318806 
91.502601777720 
95.021442781851 
94.832310498282 
91.272438649742 
101.269307120099 
105.978678112437 
103.230731660630 
98.460511216071 
110.496176763929 
115.039835056533 
93.143709221135 
93.181680045125 
94.620990824808 
103.036880093095 
102.253331160374 
96.056200186501 
98.466694174855 
97.851037209994 
99.318005713169 
104.341331587590 
103.175742658847 
100.487347984442 
98.386065245815 
92.413051311119 
106.074195874773 
109.004611064876 
109.286179720265 
101.576190709709 
91.338013001811 
97.444195401888 
88.905385571315 
92.076996791316 
93.433198652845 
94.435587980186 
97.069873252219 
97.827065101933 
97.089517479199 
98.735618398087 
94.511836097460 
96.655664177973 
109.978907917154 
99.082219945441 
103.536510143084 
91.592587779459 
87.715264958445 
89.194626275179 
87.652257788593 
95.292621012255 
103.440732880911 
99.981476395353 
93.025382260958 
93.256904399741 
94.393203489965 
93.298301694182 
87.607552475625 
94.870933471538 
94.301906291865 
105.294834281338 
103.610376804518 
111.720669989208 
104.890279859766 
99.503016272576 
109.811162070184 
104.622336531949 
89.748865239163 
96.175696972188 
106.442524711008 
101.904169843635 
96.541422622030 
91.554907103331 
98.211020651102 
99.666575688642 
106.034026196050 
109.928342330481 
103.099748663802 
110.400174944477 
112.817248534001 
104.798701122197 
102.495717534980 
93.919359129087 
82.859854775316 
101.993300968909 
102.451142471774 
105.787691313994 
99.121068496600 
105.779089321796 
105.828057874835 
107.582292149140 
101.869939126748 
100.928511470344 
100.794133541456 
102.732940265236 
99.539367757842 
100.279278717423 
98.943145259531 
99.825837131123 
86.960767823873 
92.782307873222 
99.066933904667 
95.666490837147 
97.781292192171 
104.506866611188 
109.347924966571 
110.516307418157 
107.739951689966 
107.640615901137 
114.142209990899 
102.829383523629 
98.347175770319 
95.969249940274 
94.153040582839 
96.310101163990 
90.829621795726 
92.866015178958 
99.684422973790 
97.137903233355 
106.475926359041 
108.219906588818 
116.916612459703 
103.089468694374 
104.068869903322 
112.640915017709 
99.943972930855 
107.787192429368 
98.431820036328 
100.014384898536 
105.831190574627 
101.059415687865 
92.913445586806 
108.301641609595 
104.235118607894 
111.947330021979 
118.548609570741 
121.145108496070 
109.706097108133 
112.476967975423 
100.383727242839 
102.828341254750 
103.127801781610 
103.183420276609 
102.665446569859 
87.447896199519 
92.274953590891 
99.117340527379 
90.737868036629 
97.660635092234 
104.747842067086 
104.673583067423 
98.587493359996 
95.084691872225 
96.268052533159 
99.978333879797 
93.004710761667 
99.135282567342 
102.514400281525 
81.393000207348 
83.771880443883 
83.031300160889 
94.211577662809 
91.443218130495 
90.159205817561 
90.396505541326 
90.434984178071 
91.280473439767 
97.636142813663 
105.275110067772 
97.736809867064 
88.506600856645 
85.918850476405 
93.685640613002 
88.363616592705 
92.202279605754 
90.618046726104 
95.191553010319 
92.829576836469 
93.052188746285 
95.865196752589 
102.724097841409 
90.069390835878 
90.536508240288 
100.864856176248 
99.269505503623 
95.915744716690 
98.440667839021 
97.110545931302 
96.767790714039 
88.666925944822 
97.215683116784 
96.127233840986 
99.717712962133 
91.712522173440 
91.208091318643 
98.333890697138 
104.541395698738 
100.861037781680 
100.929952778898 
100.759869235725 
102.122798290045 
82.168463901350 
92.713026137335 
95.601785857394 
88.001716658740 
94.543394440428 
103.256201373241 
95.973299848395 
99.091818134766 
98.115311772459 
102.058393730420 
100.407891014103 
90.390379063469 
103.080103090478 
102.957987170924 
106.536613201200 
99.591774445056 
94.071343098806 
92.051328073424 
83.607045424492 
94.025473829499 
93.333536086607 
103.997437641841 
106.957998400617 
98.394202033601 
99.890167192734 
100.892236024633 
94.272405367761 
95.750458704989 
86.286448906948 
93.197799225562 
91.268231329360 
96.904522806684 
111.757680870727 
116.001783146959 
118.737234540744 
106.738859843111 
99.070772283317 
101.187067962284 
98.182427654206 
97.837241343099 
98.802905633012 
109.487988391601 
101.977279153357 
106.715642834899 
100.205608989554 
85.146009414336 
94.154838033259 
92.768282990856 
101.106831024371 
100.729796474046 
103.178268253445 
102.698549069209 
104.744674993236 
101.826539189906 
100.581438683721 
102.625992595420 
113.309628566350 
129.418155506760 
126.399668526719 
114.347551353851 
106.786698870703 
107.646213697803 
101.541945438437 
96.445668882754 
104.890303537778 
104.949420381247 
97.598538769299 
112.493797331605 
113.809187404997 
110.586753027693 
106.830642101410 
104.195811772793 
107.601487615346 
110.515488233033 
106.001672826534 
111.769234626600 
111.928126724458 
99.720477059393 
89.664495907294 
103.991007084824 
98.678607659412 
101.547195178741 
102.425562571228 
102.969286454554 
106.564945733996 
105.223998233750 
102.388018895537 
98.754565940315 
85.181148015085 
103.516388648384 
102.157442148042 
107.528222583379 
104.784847163209 
96.404119319955 
94.688409719885 
105.541096803330 
109.204263842139 
107.946541197834 
102.143360755100 
104.311472858049 
105.326619315744 
106.046226076314 
106.596470047600 
110.169150945255 
101.886097448147 
92.049051517872 
87.326910575494 
86.533335023171 
81.458158828425 
89.228563070930 
91.493151574519 
94.229848220386 
98.812704226015 
89.593007016367 
101.689343985220 
87.194664474213 
93.232727905361 
87.462450547206 
95.494593254915 
95.717440959598 
97.603783639772 
96.823209554982 
90.880526703799 
110.070980420734 
99.379883226620 
91.441297247477 
96.298791782725 
94.283102647087 
94.954304487595 
110.128729729344 
109.915921091700 
106.523178019028 
107.608678293020 
114.121847552843 
112.432420924863 
118.435192615385 
129.858101514955 
113.241239839004 
113.163860177385 
102.934407899765 
111.293927624698 
105.299233343303 
102.524015017291 
97.467873300435 
94.827497500205 
89.339638093194 
100.789073853239 
103.583975315551 
101.721199625071 
99.243651740595 
103.189701669836 
100.314723224461 
90.183829930346 
91.946204911152 
97.369159211783 
84.262527945263 
86.112828886746 
79.881057714397 
94.144314378796 
88.383082323101 
90.979701043927 
86.991414564841 
82.242539679252 
89.817740449986 
81.773828344863 
86.124177313347 
96.743571603590 
86.740086733609 
94.176784367268 
96.662550341783 
92.754479289774 
79.812212221237 
81.028986992787 
90.088054797480 
88.981304489126 
102.944226510818 
110.368622869236 
112.846959841236 
120.368664424125 
111.201059945832 
109.662585549984 
116.836753898283 
100.491131550722 
101.356586120629 
119.519059237651 
140.662664190777 
116.926776083361 
108.407540600016 
104.775990601775 
104.151792712064 
93.156576774714 
94.100663639604 
95.686748271693 
95.521656965452 
102.604880320266 
106.863523178767 
106.814172447467 
101.044514223358 
104.537271870032 
122.602330217348 
116.339925048759 
100.758673117581 
109.129680913598 
119.268118129579 
107.598478045460 
111.843330373800 
104.770526822578 
96.995521737400 
95.311016813466 
88.253973977759 
96.370160729402 
95.317981810306 
98.068530885751 
90.869678680206 
90.087938295123 
95.645550606257 
74.701500425573 
96.049807582216 
104.933530356987 
102.586388439174 
109.555756013162 
114.167632796503 
117.847490693602 
107.365145430701 
110.348965632930 
98.885826643395 
93.860661427092 
93.328545316380 
95.378013300509 
98.915688132332 
92.022064416700 
118.871620346284 
108.214796249088 
119.014854898082 
115.917304759747 
123.665550536675 
108.733052778156 
104.503062270368 
105.288206388328 
107.677407093380 
100.070450259562 
96.706039484474 
100.677359674668 
99.714973521403 
107.060719238810 
111.109807462096 
103.962161965154 
97.609097240240 
91.692363566455 
105.244619543243 
100.528609910842 
111.389566220512 
114.291214996529 
115.713480248224 
119.535647910447 
106.404199268210 
108.207924281452 
120.244984124261 
111.466764865303 
107.774065274544 
105.862501760826 
104.948198387185 
91.928691449147 
96.036484020725 
92.244615233877 
103.254377291986 
100.309631315957 
89.145382041606 
95.349394653019 
101.013268015122 
94.938749822957 
96.849818967990 
95.795886079650 
101.859767296281 
104.262736545578 
103.153668889829 
89.262682415869 
95.019298035395 
89.650733527004 
92.451476769738 
92.805818408956 
91.256284166645 
97.932240294304 
90.740030402056 
92.149381601873 
101.573797180962 
118.966292731143 
99.200784775514 
103.993701209183 
100.273754585081 
100.061123557256 
97.501609837053 
92.438400882979 
88.766846016687 
99.790049483060 
84.512887780278 
98.248444017654 
92.551362874478 
89.910612231940 
91.798300812895 
97.946892085733 
100.216812828361 
98.553042179844 
99.941520670145 
112.541784574032 
110.509331763819 
97.570649464161 
95.912352082066 
91.391350988291 
97.236098480692 
87.517570067385 
86.870123599031 
82.941999920862 
88.849171245867 
88.830176783712 
90.128550821931 
92.973619649195 
89.641107168458 
89.137811593371 
89.613708552369 
83.641728835289 
96.244426006256 
95.291270318741 
91.658097533077 
99.269557945645 
100.801678300707 
107.126352898213 
89.855779510583 
88.052992487414 
104.570784301324 
104.665869727456 
94.376941532876 
107.211058084430 
113.756943997129 
120.341048815937 
117.123367361030 
116.069083809380 
116.326150111793 
108.174621027113 
115.516921663022 
104.163556589466 
99.506571151660 
95.063927245079 
89.038058658102 
97.660316540803 
105.557297900794 
110.755881551180 
117.865761362035 
114.584194836803 
108.420886992067 
91.153544104183 
97.616135976798 
106.992048611329 
103.164985855255 
102.447055866153 
92.633032996110 
91.645654650015 
93.959402325786 
95.854948093794 
89.659321209639 
98.053247938699 
109.409300609509 
77.122160116722 
102.464430033998 
98.940599464855 
103.504001920285 
110.173351328377 
97.272932452301 
103.489658084650 
103.198875465083 
113.520792821290 
115.025817025698 
111.501077919176 
103.305964688297 
112.618134606834 
134.396590299032 
115.215880516400 
114.253937915985 
110.312454565304 
117.077939799892 
114.345400823626 
119.197632999601 
120.209876281647 
113.685199355660 
115.642907183019 
107.526753383287 
102.183041062941 
97.852127397823 
101.154059503359 
85.706533880499 
92.728373309934 
92.861167919681 
98.576879765539 
96.614349703120 
97.686504264541 
80.976987340900 
87.754106724486 
91.304760936199 
81.458244911826 
89.212006450140 
91.175965084269 
100.416928072792 
93.603448492906 
112.595211535411 
105.358507784010 
106.950957178419 
94.612188035614 
95.805327026532 
97.722611827670 
104.287038973711 
105.593984565956 
99.637908853366 
116.477869452468 
92.383577995754 
93.315468334132 
98.224082601644 
100.041133270079 
111.083210346289 
108.015461869992 
96.189665767796 
109.205847886933 
106.259495741674 
100.174279400407 
82.850903010459 
84.996776609267 
86.333256789452 
84.243999004916 
81.811774797397 
80.463669325102 
85.887730838094 
95.313512978440 
92.848009999720 
90.809666302750 
88.750681560825 
84.090748870262 
86.942102963648 
99.229074099902 
91.026265111130 
96.407159596070 
87.533610749620 
102.207924251977 
98.893746288723 
105.959046784644 
102.568247973361 
116.730146765396 
110.986068133442 
114.125565141440 
107.121135856306 
93.480387824079 
91.416727393892 
92.365027759086 
94.350786982435 
99.565331506704 
96.043223915364 
98.695953758071 
93.128577809524 
96.348806131454 
102.604045690909 
90.899711836558 
98.668702850792 
102.280582456383 
105.994911265401 
109.587101269956 
108.203251993136 
105.655780266712 
99.995540241489 
105.479738544492 
102.984656425665 
107.344739484488 
109.982652353085 
108.754853694332 
114.325861883541 
96.820391926424 
97.997151328628 
98.829777324723 
98.005772194975 
97.266911621506 
98.979060433281 
97.992567911020 
100.685949359522 
105.879809050446 
108.968990256288 
104.886104289075 
110.213531310776 
102.503248619948 
103.261005486049 
110.591335035083 
109.939876401265 
94.781505497937 
100.786759010860 
94.712803712763 
105.781918456376 
98.911854018293 
96.423064245319 
100.572157940235 
90.846464620320 
90.107168025871 
94.905676666624 
90.863081306443 
91.769977744531 
99.817765982451 
102.196537030499 
106.338024376521 
106.199361751205 
88.083156818336 
96.773882387811 
105.157963403461 
111.122263571595 
107.643217798084 
103.930313145269 
97.679634132626 
101.854962916561 
107.982287797413 
102.661763498379 
101.232459245311 
102.590095893554 
101.372114003316 
101.923331061751 
109.493029621987 
99.881455037950 
100.495130266638 
101.979297427099 
102.931920964441 
115.250853955422 
114.744110652072 
99.976386069147 
89.803812101733 
101.710383174089 
104.437043674013 
97.684348477688 
90.262734757172 
91.459910141541 
90.340751005231 
89.597680721359 
87.504518768286 
85.858464212023 
82.979497684038 
89.884964360314 
96.548569263352 
99.027015004491 
90.569627062588 
104.922856621922 
114.281177440578 
120.498097036268 
117.966889575735 
117.028165470810 
108.810288659757 
111.128063778675 
114.501612817638 
118.516061532745 
105.265823052432 
98.402521355396 
102.062680671900 
102.134307757365 
99.041158993227 
97.243890449705 
87.943368718424 
85.894187005247 
90.943914550638 
86.036452770433 
83.621397202673 
98.794397868275 
103.661523595801 
115.527212937229 
107.350376131040 
107.384566289777 
110.234408230627 
113.189362450154 
116.215797379750 
107.766101865324 
100.003036552447 
89.476112883068 
101.077377505695 
91.168316828031 
99.855740099691 
80.272245060632 
84.395910785534 
81.829271010269 
90.245517389372 
94.866364914644 
103.416667080322 
101.960007296197 
105.296020457166 
102.282309424564 
107.120265435879 
101.081181056784 
91.768621757912 
91.880341502450 
86.094405313536 
87.904542036182 
87.887289316058 
91.040752404049 
97.206718004735 
95.285366436586 
105.429385043616 
100.409046019471 
94.116223114047 
82.294148732002 
83.453970386450 
100.809237550195 
95.789964454971 
115.369140281570 
101.481711155414 
105.034677759417 
105.674318144999 
134.314549085481 
112.655757908536 
109.005758533146 
107.336706728206 
100.852612930100 
98.116673378046 
105.713645713509 
120.813267019085 
105.720948760777 
112.365339167865 
106.400612354102 
102.878509837249 
103.131849735363 
100.142234140309 
102.759876524279 
91.292249067551 
101.094865189642 
104.666335476738 
101.062734610954 
107.266172669156 
97.775836289755 
94.365035366952 
108.699808762422 
97.453484548440 
99.958602545229 
96.696394497261 
99.292607849246 
102.529273759291 
102.122661020811 
89.226012956052 
87.400455144057 
102.680322184026 
97.728613748915 
109.634340661121 
118.041692514425 
113.920257792876 
115.694941373905 
111.915870524004 
115.993748909757 
117.060813280644 
109.981187114407 
115.834520296437 
102.726563891820 
90.397999480935 
101.813228068838 
91.975419078946 
97.992643313270 
99.389330448900 
97.885541930344 
98.584496886489 
101.932655525492 
99.599571172899 
98.634279189831 
97.887870492477 
99.398944951618 
101.435546196545 
97.326553427279 
96.071731369708 
84.127224376619 
73.452587541980 
81.114859497821 
98.604961347955 
95.829703990069 
96.884035948670 
90.765394641473 
80.655437716830 
79.736100593496 
86.360405650914 
92.336413491720 
93.401890717731 
86.899044207820 
91.480511137170 
91.847828533152 
85.745727159318 
70.521202985044 
91.961355855612 
96.603323848171 
93.033578572913 
88.529545672490 
96.918726349114 
96.581932638853 
91.387947696652 
81.313787551241 
95.550174731815 
99.519996138657 
110.459373227459 
117.172614791904 
118.244350411021 
105.632227204776 
105.790685458266 
102.245399269966 
100.326395046288 
98.081402502768 
101.630360414762 
109.409753397291 
96.720180519599 
102.177402737933 
106.274369429838 
100.830908206087 
96.094057479069 
97.002274522765 
97.606381705624 
98.575004029584 
89.680157453535 
92.920839643233 
90.648228161904 
80.729686527632 
88.239044168553 
97.386113559663 
85.254655766488 
94.429254734998 
92.294281816138 
97.085342130020 
100.484041661657 
100.139135241451 
92.187723246293 
95.370751661326 
90.805210408903 
100.381217279665 
103.117793482149 
94.573784609450 
90.319238269221 
102.567969407551 
100.142202381966 
92.175584176041 
92.869196667357 
98.125345425969 
96.610126872306 
109.996085623830 
114.313926380255 
114.534856517436 
103.789017753380 
102.883468232720 
104.627818765440 
103.508171553039 
104.367219718729 
103.972480499055 
104.398307362382 
91.880485865717 
95.144860777267 
101.638497661546 
94.052431992343 
93.623444671530 
95.216889085855 
88.032802211969 
92.477700419449 
106.861978526572 
107.901130049631 
111.712167520728 
94.106753688775 
97.121173426624 
95.136601012802 
93.794330532172 
99.869688279287 
99.984566180091 
102.206969730660 
109.890942669685 
97.462824895986 
102.146834958627 
106.231939116827 
115.154545617725 
102.502317950463 
96.772069474349 
86.421118090778 
94.375169698014 
86.715158308175 
80.611534460536 
98.381314328442 
94.250929516413 
85.074065486936 
90.938380659104 
80.154599641281 
100.751235450032 
100.755221329641 
108.465928376599 
102.969396684697 
97.907122313706 
98.257115392855 
98.377854794345 
97.810695144692 
90.457289220039 
80.815010979720 
92.088269580549 
93.023497080430 
91.370358736202 
91.625662981851 
89.760608957952 
102.499782162767 
104.360974889479 
96.981780424302 
99.117500359790 
97.329257872445 
95.847074867963 
97.031402804384 
89.507242527322 
79.750172251166 
86.687214340897 
82.273914383601 
88.843384742613 
97.075105030185 
99.676081900582 
96.621492859628 
96.799916143042 
89.784597376124 
95.539962592988 
89.125128895672 
89.438627643033 
95.164708454552 
93.585260102616 
94.993708623841 
97.342744833725 
95.110772577719 
90.766477847693 
89.629310376640 
88.700840161996 
94.202887822852 
88.195735461394 
99.676525043675 
85.415499645419 
87.801021829975 
101.603945329048 
91.770925886396 
87.299066286077 
91.861030329746 
89.756604584563 
91.072499540133 
95.478875680373 
92.684020491177 
81.241479890206 
89.170457907674 
85.664173624849 
86.453716101710 
84.102981336076 
95.035046973876 
101.467342850092 
97.807038214858 
90.287539499905 
87.624445992437 
102.509363495273 
106.471422218170 
110.221419082177 
105.045481232607 
95.641837698267 
89.881425855858 
115.670383933238 
111.105131345556 
112.596177900310 
114.198268454416 
117.204884548229 
109.430676020966 
128.646226108959 
97.520502430924 
104.964111975074 
95.902748812564 
88.566780090765 
84.279902071920 
95.238095944263 
101.985711386441 
94.092402965092 
98.547858555170 
96.517665160208 
101.963136897261 
102.396285323322 
106.418597900761 
119.983248635016 
118.221558069874 
110.466058305047 
109.645140752230 
110.211776318204 
119.074268534221 
106.728347978303 
106.942556070676 
104.103104017249 
90.242857314075 
84.030731931104 
85.879977158095 
96.002720316848 
103.080071066195 
104.560492213830 
105.356783740126 
120.539172674158 
111.027564514890 
106.731607271726 
109.275049197133 
111.427018907724 
110.840884477255 
118.061218840779 
109.303737916703 
108.057907298529 
105.061519678661 
101.644386789277 
77.530024693384 
81.429399643309 
92.338190618985 
95.715434644536 
98.551770683704 
95.817755320704 
103.597776847904 
101.864592555157 
100.946671861564 
97.192466736450 
107.584027872358 
108.510690987945 
113.380599664179 
107.577296371408 
103.381045337340 
110.002713782036 
102.485984095443 
108.401733061272 
116.320947601926 
108.375132047774 
106.946368923746 
107.078462361692 
105.371302390272 
99.782779242229 
104.721119471465 
99.336861846967 
101.497866395547 
103.864307278894 
100.140698578420 
100.670092077520 
96.415567828925 
103.149163700770 
100.320392039635 
106.722405411358 
104.239947755054 
92.160123193338 
88.858336220916 
93.059171112352 
126.679678815136 
99.518978781709 
95.124436752839 
108.968498001109 
88.810881917624 
86.054506539217 
74.025284396983 
81.562923451031 
100.343256064505 
106.457834038265 
106.681647463598 
105.669764763085 
108.025161078282 
103.465956459646 
104.902627541618 
104.867588902838 
108.943200203160 
99.066476551219 
100.318448115435 
101.007677169560 
93.375291261832 
84.430486521665 
86.269524152141 
93.785515636727 
128.715484002066 
109.842431367494 
120.826027238175 
117.376433150120 
112.509426506479 
136.473293689626 
128.623344622688 
141.115897923483 
135.825294656496 
117.845233880392 
117.310487747802 
118.045082861032 
100.236648261123 
102.643204083973 
97.355570650139 
105.474346851410 
97.974537142989 
102.956172994656 
108.306248510247 
115.225947927468 
103.307223214343 
106.725864011045 
105.758968333977 
103.246045333300 
101.415724938734 
106.560822831874 
94.228916053586 
98.139886482108 
111.588272599232 
102.812598195858 
94.354009379769 
93.424843899908 
98.872938840540 
107.866175157284 
102.696726107467 
99.458234992541 
93.774913449314 
95.503160412640 
109.290703494121 
100.708682996092 
116.850709245757 
114.667680990306 
122.329409031313 
111.331974616759 
100.708007089123 
110.244911662226 
113.865855127954 
100.510414795477 
93.368472766043 
112.905555274394 
116.745119704892 
118.454356303945 
98.741614847537 
102.281791028398 
113.119051887762 
101.859894019220 
107.659475581029 
102.052992288674 
101.467068491206 
98.001316850799 
95.895888852208 
111.833724534626 
115.044660788429 
110.837237072901 
102.949476689688 
109.098073816892 
92.531218605317 
109.146669046706 
111.016387268746 
121.549572343116 
113.911017095157 
105.795891937410 
105.418374896792 
90.170865208428 
104.633520888197 
102.647056580841 
108.543295444249 
107.953681825422 
126.520409180061 
119.538441675363 
105.813059955229 
101.720946576838 
104.502920615014 
102.625142100545 
96.624988332768 
94.264924567907 
93.038152156425 
101.638465624498 
98.180868058278 
97.832584423205 
92.694777538842 
92.657869744818 
98.496345228572 
96.839497816468 
102.792403656517 
103.390959997940 
109.870984055009 
100.299748395621 
98.220013639938 
107.746222541877 
104.545103960452 
105.228570568315 
101.997134451988 
91.439329397763 
87.978973559328 
87.945917006202 
85.374028190199 
90.556376078560 
92.748766972591 
83.749233667149 
93.176115344636 
88.448369331548 
98.332025636719 
102.469958806606 
101.813390039161 
89.466684058926 
89.830627267039 
88.466818333478 
92.142205404542 
95.761573695213 
92.660811111229 
91.079389162825 
90.235346545489 
101.487662157427 
103.383563231369 
100.960531149337 
101.109354417570 
103.659394292363 
102.706482451758 
110.420760680274 
117.052916136402 
116.395528612383 
112.080270582418 
108.674436751548 
116.144222642610 
106.769501415302 
102.955877213421 
104.892343743556 
106.492092597663 
109.329514573672 
94.031019706190 
92.768018966555 
97.278725076018 
102.754410957216 
108.639685655887 
109.818543300969 
110.018336863923 
96.542223910600 
99.142050662907 
106.299701547203 
99.386544515998 
95.414295214118 
96.427415338757 
94.656629736689 
96.209957044286 
99.398718048096 
97.766746756054 
96.529993389075 
98.857159287023 
99.104150498047 
97.206867946165 
96.266326069430 
93.429497501381 
107.671359113215 
105.767346576847 
104.139073237604 
97.875336247810 
110.209710587698 
103.238492446326 
95.914644065439 
99.548924318397 
94.364468646463 
92.587192877676 
101.951613417278 
105.387447233693 
103.025196766104 
102.324407065076 
95.183628708443 
91.839491418770 
100.004934355914 
99.950537469147 
102.266099589691 
98.840208590509 
98.010545826258 
102.327721559268 
95.693275012194 
102.194705765154 
93.689386826150 
107.644923029639 
123.385659890093 
125.951828579474 
94.703365116157 
101.627138232704 
102.683299088690 
116.361396961521 
116.454917980049 
111.786740575190 
106.122669822143 
121.843764250589 
110.337387818971 
118.318856844173 
118.061692329984 
122.845896293181 
110.579782348454 
106.673477967116 
105.217213102035 
97.765323323928 
97.540353602576 
101.548533312431 
102.181306312445 
103.679300517974 
101.137358900922 
99.855213025768 
98.287484277410 
105.604397203088 
108.858985243135 
107.764718330397 
93.662314686105 
94.552602741620 
93.602084982298 
94.686836568923 
83.364185709239 
83.823238395110 
89.780175160905 
107.962473472007 
88.048858136743 
81.651308520998 
87.331203651150 
88.594121164116 
85.584829328607 
98.775681950919 
107.953785084496 
111.478645542164 
99.915977825872 
101.934000082350 
100.925184292671 
97.544405121956 
96.927906702322 
102.195836772465 
118.481626236117 
115.728493839791 
107.933700691406 
99.127370163416 
93.948418599485 
92.200224455800 
105.716020678061 
96.950791614808 
111.836274708595 
107.979180499454 
111.522553348731 
116.449435988627 
109.165447819607 
95.109636817256 
100.552672990852 
101.917434055527 
106.324869893338 
97.644198156645 
95.688501469025 
104.929235156979 
102.653936816663 
104.380199235579 
99.421144128261 
105.550450590194 
100.350118507715 
94.149659404648 
93.718386070997 
92.812266191062 
105.381164924003 
91.358565542349 
98.002687501489 
93.747025255789 
98.639403180233 
92.714917387606 
97.268640962310 
106.767977518575 
107.095593157635 
103.998041876587 
100.298861751201 
92.955144280432 
99.649918756955 
100.088013059646 
101.981268256125 
104.501406379828 
97.160830197933 
92.598147093168 
95.355729846892 
87.339855870807 
87.752500587254 
85.411740590137 
89.950077160682 
94.156541768305 
108.745944739124 
107.774860302335 
100.912777526037 
100.660044706713 
98.166887556430 
94.498613435079 
103.401738271191 
104.721907928824 
99.692462067353 
99.157735062081 
98.182993915850 
101.733815995257 
92.592592249589 
104.208337481259 
113.641020338085 
107.708855876988 
113.372072661903 
103.489305579609 
99.869501511165 
105.431552537562 
101.785223664882 
104.340508955846 
107.667422857320 
112.365402511209 
104.169846066888 
106.514675072529 
117.107041972539 
108.504607231293 
108.599839906710 
100.757099459365 
101.943778056432 
99.409221056557 
103.491575445277 
105.071934374802 
104.620078443566 
104.522108834430 
95.634453839288 
97.910493004701 
89.258213353561 
85.865030674069 
89.369848894700 
87.572839440478 
90.813764244848 
90.971845061842 
93.955784695876 
94.092687949375 
91.923068564073 
90.438235015304 
111.142326460538 
107.875540158398 
104.006003949862 
99.491400950249 
104.538600464642 
99.448363904854 
95.474146807076 
100.140259667557 
104.901643542614 
109.905100765148 
100.319115530562 
98.552241131324 
98.250347540304 
108.117417217579 
104.823251404897 
104.854814098943 
102.694148574621 
106.178929286463 
98.916883791758 
99.130312845715 
98.154386833879 
89.149682262039 
87.736654443575 
92.775085252489 
88.562570248584 
94.606159459845 
93.684141852270 
90.812209207489 
92.594964220320 
96.375656634573 
104.965062831113 
106.925894210469 
109.589782729925 
113.606345470637 
100.002615631382 
106.187838537865 
116.755907442241 
104.210955371579 
89.971906468323 
82.707172288792 
87.655986681098 
96.271954217741 
91.667463271445 
90.080019369737 
94.272711486791 
98.104726891004 
90.311583828602 
85.353308788102 
89.428153231346 
93.914464062818 
96.395490326695 
103.544539988035 
111.297559525755 
112.672343898026 
114.648680424894 
115.050767573883 
93.732325034354 
87.951093818435 
102.963852506199 
101.795660143858 
104.996540892513 
110.596758893309 
96.263963052098 
97.217717379469 
89.276782814394 
93.029233352806 
75.045207408621 
77.601150517543 
75.149398098537 
101.343787371508 
98.800388408337 
104.645904728311 
104.426568888124 
96.543886272541 
101.932379645171 
96.972096399003 
116.397166776762 
127.968803897869 
103.044258841821 
99.584372518474 
99.211367772518 
87.814109563790 
106.055638492766 
108.646477044112 
109.830543609257 
103.906618183354 
111.215990593315 
82.811173721132 
79.623533777290 
82.928268237348 
81.185408459086 
90.671237898727 
99.125319334447 
108.054538274005 
105.700597703826 
104.729388306846 
112.544574829997 
106.397326700332 
109.200776182587 
108.695406058802 
106.994172318680 
112.585297954650 
100.146375217733 
107.566167399282 
110.069377431963 
99.691863310903 
98.950661486223 
99.139848178517 
101.184782006305 
98.266700531416 
97.120621062382 
100.806104467005 
112.518382933583 
104.384575162248 
112.191884661924 
107.556720376404 
105.951928722839 
99.310963637939 
99.977529656521 
101.353171979347 
105.931001917380 
96.960127240755 
93.969111422717 
98.651283312592 
95.502708636587 
94.552342312077 
95.926589899621 
99.625371020023 
104.651891714082 
105.621002990058 
111.058643688540 
99.551036323436 
110.191516244606 
105.713777509678 
100.273608028705 
108.442483503828 
112.116722480760 
112.051282306998 
102.836706133042 
99.704043333166 
106.101739962944 
88.060136241800 
92.750848927578 
95.611288147587 
102.762573608717 
105.922574369455 
96.711887633663 
94.731353897607 
101.771863960362 
95.582977092222 
85.085542256270 
80.911475610079 
81.375909048897 
78.229367381665 
88.829501320557 
84.596632736451 
83.816703366057 
85.401976152612 
84.042395958060 
84.046010396462 
89.945774786529 
87.839368667317 
91.544471692205 
90.469634187385 
86.146685757921 
85.241484218817 
94.657122447538 
86.253689483771 
79.412697045402 
98.557410215492 
99.605806504321 
100.834842134340 
88.360517100918 
98.766724363483 
113.357244704205 
123.892268162233 
110.315872003183 
108.751449662529 
125.011348072189 
123.380491510408 
125.144126786355 
136.883705496658 
118.131022162551 
122.348038875980 
127.445211541169 
126.171239641023 
147.293649428183 
134.366260641694 
112.906936462128 
114.146454818227 
99.126947902594 
103.573001503060 
96.035440911478 
97.501881908792 
110.810560997185 
90.538335276690 
86.001620163114 
98.860999780026 
102.336194095658 
101.153688549738 
98.123622621450 
100.536309968093 
98.203275426390 
91.415610593131 
90.657131068260 
101.140406438522 
93.420740352619 
100.887515525815 
87.726089182925 
105.848966137912 
97.356285781008 
99.503028893761 
99.860725731842 
99.576301244448 
94.937655374071 
81.914334679105 
96.454726331380 
100.213987856051 
98.238833637128 
87.478724605935 
92.291658398211 
97.234327577148 
102.119043091157 
107.270047742714 
100.344216887005 
97.421910038322 
119.343184115249 
105.232260293882 
102.190322564157 
102.310320095989 
93.574934170565 
84.769103192389 
95.084736119445 
84.584687335938 
93.467890902927 
88.036375125821 
86.237517094083 
85.671388415467 
85.789066218612 
84.439713822863 
91.805416645294 
88.996075237909 
97.225695625076 
108.452058995845 
108.039674919350 
100.024348585347 
96.968979227377 
103.667093813255 
103.820258235221 
99.559786566604 
105.562798392227 
106.382432538203 
102.171621106923 
100.381560067419 
98.466091813612 
100.487228397676 
104.646812189010 
104.022154759231 
106.307528226347 
102.538943712742 
100.686957490030 
89.557557995518 
106.521342079460 
104.119053454859 
99.130487097812 
106.437585496579 
103.413110327947 
96.729035229187 
105.286453798172 
109.505712703072 
104.716507916675 
96.737209279184 
92.060213820109 
93.460269521396 
102.535788052498 
107.664544072431 
93.378469559505 
88.355396643521 
89.983921833155 
83.109276213237 
88.318634071934 
89.507132144876 
95.325244273453 
114.372050263501 
113.867554323733 
106.166053751119 
127.422221719313 
102.465459282276 
99.226534435927 
96.848518453080 
97.235035158247 
106.756894629287 
106.664412349262 
98.399070226941 
89.314271345617 
97.028666733677 
102.658915753512 
105.298077408276 
109.428930994532 
111.886127787632 
93.596648350398 
84.742701413477 
90.689270248654 
87.226355089114 
88.309296159047 
90.141978405314 
92.673704510855 
106.116955007092 
99.364348828152 
92.116380719859 
104.350599818437 
102.354075961043 
94.087005041229 
91.123422652471 
98.454747031437 
102.057891554466 
109.661912703797 
107.729665849607 
108.882078026060 
117.536631840645 
118.859850977345 
109.804812377881 
113.691482390387 
116.869391714269 
111.523225624198 
109.030402605609 
116.864602954132 
110.456356219280 
101.690986371915 
95.339090163414 
93.225679788603 
97.767853178471 
105.697570918929 
100.101379344572 
95.089242122430 
102.178589449986 
106.962329659838 
105.526371472799 
94.360806553843 
95.258995873158 
118.738473402155 
112.470972698753 
124.721266426249 
109.073158238717 
104.565610182791 
90.387704497711 
92.649848946335 
103.392657700552 
92.915395621004 
101.566425023909 
105.947644918273 
112.541152855931 
112.585349843471 
113.791082554110 
99.915843306634 
105.985665084671 
103.505468013079 
99.920754186330 
114.181550790731 
101.086846786092 
113.590505982070 
99.305492195645 
93.356190775414 
95.477945086485 
100.176420587162 
102.057503806192 
103.711513382312 
95.230896524660 
85.739015515476 
85.092467357270 
80.211691111053 
86.405085879968 
87.477776134526 
77.917234826307 
88.742832985841 
95.773370169912 
97.896346232030 
92.316178636847 
101.457234618691 
105.243983943071 
92.568987239600 
92.435696048464 
102.637972733001 
95.445035864303 
99.164995849407 
107.517825293108 
105.806633881277 
104.430111883729 
99.388123705560 
100.717257621652 
100.871075626855 
102.790772105261 
116.222452565863 
114.543867534318 
118.797556976483 
103.008116083066 
105.888777952855 
110.805481787347 
117.500662274731 
118.530075351863 
93.543168988303 
110.051987345169 
112.380668547509 
102.593272938055 
98.296141836247 
97.596597655857 
102.116678665382 
102.900514220546 
112.695021103321 
87.799994148619 
91.244514305601 
89.153956007056 
94.096343530490 
94.133922694896 
94.484005932816 
95.420278274855 
93.448996031128 
103.764597049009 
96.331626766691 
101.946713320894 
115.759367921104 
110.141107019545 
110.459240487769 
94.203752574899 
100.036167095436 
101.678461153057 
84.677484250622 
100.467365284198 
103.633376718996 
106.765235268913 
109.717749940855 
118.487751041476 
116.167329284891 
117.685709720780 
94.275489470047 
92.488950400885 
95.264061859840 
100.135025291047 
97.515863083728 
87.849888551039 
91.540060562732 
85.492379994222 
88.432096709996 
86.290779220572 
95.231609022814 
83.495343280640 
96.054825833155 
93.238510108664 
95.530274978884 
101.032114602625 
93.781084509790 
98.171164551992 
93.244070232975 
88.606312047384 
86.185928724089 
92.642530208387 
100.025200973323 
102.915568959708 
109.086558169156 
113.338324643964 
113.516918046134 
106.873778668877 
104.601261212657 
127.488732351292 
110.089820514859 
98.050790806581 
96.663928370351 
87.036223876142 
91.273115685944 
90.282074063934 
92.454989453747 
88.721922022010 
96.428817021719 
109.990200541893 
105.010638964501 
113.402877152636 
100.906093199987 
97.469004695219 
92.058415180876 
94.238736243859 
88.077997603279 
92.767606737388 
101.693796394382 
99.362565729129 
95.726444373980 
101.565625209618 
88.355973988479 
88.932768986094 
88.672931630465 
100.717900572870 
101.438541666352 
82.349932029695 
82.989917172328 
87.549426107938 
88.498124566166 
88.795835550513 
93.385900314458 
97.575772186509 
97.135713105362 
89.960525953288 
92.974631848818 
91.971569290904 
101.395055856532 
99.467319093945 
104.063524221014 
104.140066233134 
108.321649146164 
95.421847873943 
103.096192462597 
100.453058359494 
99.323856788209 
102.453169058094 
103.169650263999 
92.056162885913 
99.401603228197 
103.287134510396 
85.464913597633 
92.132253784433 
101.050777834960 
91.987045416650 
92.509533449701 
90.878993505565 
102.504207651396 
93.501927248336 
98.208590439838 
87.698539819838 
107.107253794657 
110.892969461313 
121.366350693604 
121.926925915080 
118.298776953198 
108.923476859326 
107.191234142173 
106.632616205021 
109.984375389142 
120.523055888111 
123.048146320446 
110.195495065633 
111.872868978253 
102.149204993445 
97.773960282764 
93.387752507058 
90.865907556137 
95.200479965978 
95.586135608390 
91.660888501260 
95.200503682944 
96.646480111926 
94.410505801358 
112.147048993889 
104.916003272919 
98.937044987001 
99.085574602713 
101.636529249038 
104.953880759647 
104.284120987467 
99.219477499612 
96.754013133912 
105.400138099324 
107.769710910488 
91.685302760893 
90.667381834792 
101.289753010584 
100.807748894826 
97.282370701017 
105.678762359693 
105.017297747015 
123.512029465943 
114.946030824260 
118.187417386411 
104.048233826516 
104.975738196907 
112.036615083549 
112.704368232187 
107.429314094031 
114.093112647056 
109.077068422307 
109.575423819620 
105.687177807435 
95.895760317179 
99.836454094097 
100.790201396333 
99.472596814416 
97.405103620421 
104.307725357581 
101.255657086643 
99.772750835304 
104.100889283686 
95.435902255612 
99.195700044153 
100.154359569607 
99.131796840297 
96.153986061622 
100.977341422197 
98.577219518023 
100.001280795984 
91.838341338914 
98.155345673594 
97.510792211586 
97.247710016904 
92.312628770564 
77.390104246393 
82.623160530289 
76.671242347001 
89.025350719111 
93.683434900616 
93.785704521608 
85.657195973476 
90.408563419018 
100.948896152651 
100.580799195182 
105.723012474366 
110.122297735999 
106.065470332305 
102.716265644053 
101.149356649737 
94.600235121060 
98.916348659227 
94.566374427205 
96.764557961808 
106.233869412523 
102.345461076202 
94.833997848055 
90.402131966162 
106.524307383210 
97.316569228032 
106.759526036200 
100.264098840941 
101.296210872392 
106.277921244695 
110.679635516872 
99.476227654970 
99.038857402357 
102.729485491011 
103.416825865527 
101.292948935349 
101.158443022116 
93.212075422689 
87.547089227702 
91.536429644868 
107.507877134422 
101.311067406973 
110.109981148736 
109.110101357315 
101.486858971313 
100.331676025559 
108.129769556432 
106.855649900111 
106.161378491064 
100.026278453405 
102.521545604971 
111.192047070906 
117.433058886185 
109.730172962788 
110.345073268365 
113.329457711564 
107.092885893910 
103.285423053769 
104.517455941028 
104.409479244799 
112.817840685662 
111.572886938642 
96.134328063160 
96.846957658314 
101.337891474168 
106.039150232257 
92.090576831296 
101.816714641262 
96.552782336991 
90.125097705947 
93.344040299300 
93.597744549703 
93.367740603314 
93.462557976025 
105.997363379356 
100.224015068069 
96.558387351808 
89.630847717515 
93.033093942921 
107.155247360006 
102.303819944253 
109.900432673465 
109.249001147625 
116.578030766781 
115.175864315527 
110.813828284669 
101.876084627981 
104.065052964706 
96.936858928576 
101.459197584482 
89.749034086670 
95.103767859794 
102.129716653955 
99.699521047052 
108.574047055398 
106.590621996951 
115.948107132022 
108.892372833787 
113.450714645221 
99.562742020805 
97.513281159492 
95.251721510787 
97.107718085980 
94.476444968211 
98.757357572560 
113.297233585941 
109.280406567264 
100.099058125328 
111.095407375167 
108.043074153725 
95.776305319369 
91.494701316208 
89.428219997098 
88.885840892458 
93.307099840100 
93.516841385749 
96.154251360510 
103.890427391831 
119.987032114755 
120.067402382461 
114.526772044222 
125.278822392127 
103.459939926545 
105.340827481416 
103.016305772923 
111.239492733140 
105.831228399876 
116.966961702753 
106.133616342067 
104.926758515911 
101.316884691438 
98.060412610564 
96.229350034801 
97.376692357322 
103.664081924758 
101.103177085464 
101.605557955713 
103.143707339464 
99.672075185379 
109.122912650191 
111.211589226886 
105.196985787342 
106.325750878401 
106.838444590514 
108.514677732861 
104.067955968135 
103.382973834047 
108.743676386138 
107.297258534984 
104.169313319114 
101.617724909821 
91.359437401696 
99.328256419926 
94.384345604904 
99.124865627045 
98.939921299043 
118.032382570196 
113.816879226881 
100.994848304136 
102.703033403217 
100.441405946613 
100.322872463272 
100.893396351986 
105.273354455098 
99.888092477630 
89.857459200075 
99.732872052812 
87.264086527838 
103.591006147276 
90.688216236648 
85.964071858558 
95.824310983911 
97.983326516479 
87.900214990464 
93.641043653904 
106.239836935659 
98.798786949339 
92.641937212010 
99.260228545807 
80.191537830642 
84.852940751655 
88.522840602468 
93.711021836912 
90.635180367947 
91.632246564465 
90.732514047991 
90.909650568171 
96.009928809011 
96.993114093398 
99.057013629918 
97.200617226504 
103.042405375715 
106.854336379938 
91.844962405935 
94.525599082898 
80.902640192428 
85.023845618192 
87.525111597899 
91.264335277064 
88.953118275902 
86.329086208959 
83.541001759205 
88.011467529396 
87.659941679633 
105.224320492692 
109.398358440515 
104.184949020347 
99.991722909441 
100.355914177119 
99.844440429079 
117.432346256953 
120.716774072665 
114.511265249021 
108.181633140582 
102.922514190493 
104.524599238889 
102.488868428879 
104.448969899101 
101.331143266354 
105.722162584099 
101.821398224312 
100.942731274050 
98.103140550277 
100.450018655305 
106.668647492098 
89.641469329346 
86.849758942387 
93.176417652076 
90.228687440212 
94.060477742212 
90.419649123957 
91.820838604711 
94.045590257089 
107.352715753812 
108.816196870597 
103.811770009123 
98.354635700242 
96.249059829727 
96.033852617780 
93.677657604421 
92.950619523655 
94.409973272991 
95.052593601038 
100.450267499866 
101.017212807588 
99.880688308640 
93.677914889427 
87.514605002852 
99.263571358228 
98.119799529001 
101.006597583778 
95.719311515605 
88.484156137822 
89.962184144001 
86.074379829575 
84.091695996277 
84.760003247517 
89.031722820391 
85.570318269691 
84.279442326681 
93.253995236055 
80.440954830182 
92.602477888458 
95.649001410927 
100.955310405984 
107.274433630856 
100.424543843488 
117.537932867507 
126.737687948870 
114.887066712184 
118.340546311372 
113.275997828932 
118.607269175360 
110.127748778575 
95.018037002182 
105.143282139889 
103.215868252546 
97.134212241006 
91.877967710391 
84.573358553517 
87.991150135174 
84.293586782506 
91.148076230804 
91.818573205983 
93.899052422072 
106.365483116682 
101.275778795036 
103.481415288951 
96.562338191265 
97.293452887606 
112.251072661939 
113.679085367139 
113.460205566925 
119.020059624069 
116.296788130398 
113.315021967386 
112.649780694805 
101.732381775797 
114.569512310519 
116.213817510415 
120.302999743148 
113.701640616078 
83.111452362062 
90.625714231048 
104.923080748263 
111.547115494916 
96.262367897313 
103.667110844151 
106.691376929661 
98.022992627222 
90.623132484037 
105.207980872635 
112.489018298799 
120.701776928262 
94.235873542916 
97.919207707130 
101.710705563349 
110.341329965987 
103.512295078071 
112.313195638979 
106.991184956160 
109.262939596514 
116.716186331107 
109.008827903883 
86.194236884019 
104.298040249723 
103.373175223750 
110.815858465266 
101.669403389878 
100.649877931275 
90.231442943788 
112.489015048427 
104.126628953971 
103.971066410863 
100.705301391437 
99.860024786458 
96.685226658318 
96.106648758611 
104.273217837783 
97.157687189538 
103.722330848301 
107.009830400990 
107.367778562295 
95.015876615680 
105.352085024976 
104.217301033763 
107.772047066889 
102.442106668252 
86.788692859612 
87.401425868151 
93.342913790201 
93.372114566717 
94.997388886494 
98.247740172510 
98.835685808003 
98.511992308214 
102.647868308988 
105.970938216386 
102.507005659159 
94.684660884965 
90.153178492243 
96.749642306964 
97.078817345207 
121.993638336355 
101.877373149060 
107.181309584491 
116.097549816463 
123.883117891938 
116.994908223916 
112.553020422309 
106.483239692479 
113.437066205037 
119.702820671650 
109.859177124651 
116.152096012204 
125.772764840254 
103.989515110510 
106.418072171756 
100.336078309861 
98.687890235368 
95.937305931701 
103.013245672932 
116.577969586874 
104.918256873519 
106.256808217199 
98.870708887364 
89.883252549147 
98.511320145814 
100.336696996519 
96.564268959966 
84.518044108269 
85.440807189582 
99.528171401630 
94.401583372338 
97.892865716968 
95.839541932661 
85.025067088811 
89.122588360794 
91.425265905337 
99.061527288784 
88.923402542093 
90.967923361001 
94.652189737357 
92.718844224612 
98.215451235879 
108.972020622803 
104.004612578627 
105.983259649637 
97.403165486611 
94.920803853441 
103.319221506461 
100.240738203808 
99.806873142484 
96.377247995641 
97.718417108910 
98.923133136620 
115.673247780323 
100.343391568087 
95.058349340462 
96.757927070472 
94.451875250570 
97.540078633035 
86.888073310323 
86.640332501870 
91.196809034622 
89.838319765630 
95.239303146679 
96.498690211222 
91.701575238658 
93.979859355205 
91.299001108169 
95.333190043598 
93.264800901819 
88.543386102895 
95.302801897968 
96.669376964805 
97.786768828104 
104.860555490502 
104.217866471859 
102.912832169596 
92.044239376211 
82.518606656244 
85.286960804355 
91.348984008263 
89.317580514669 
101.378798210542 
101.151578268847 
101.984140930557 
103.433203779086 
112.674550973468 
115.621602530481 
117.205938103522 
123.126419846968 
123.523112618974 
118.630548236941 
103.122921030896 
107.740505965145 
106.773583573510 
100.983294405660 
99.674269152777 
106.370939774252 
102.873660395387 
103.241284598207 
109.204199943549 
100.645106725302 
116.127276410585 
116.780462202048 
111.447724964989 
108.999143843930 
104.474694708892 
105.731758553778 
98.163475867093 
94.845789072136 
102.417409326763 
105.919525831185 
113.906726242752 
113.839603197217 
114.049634967334 
108.090083573164 
111.503487716081 
103.707043626396 
100.161257946504 
97.870443655361 
98.070298524605 
97.238555133419 
101.078767763477 
94.216791052208 
96.123289172478 
94.752315618272 
97.519627563615 
99.318141398964 
98.564357751455 
106.680826596906 
102.147349345892 
101.511700974599 
113.055441323990 
101.663482088995 
113.236646885968 
93.108655068106 
98.285424792325 
113.727864300942 
116.848977345005 
111.078325737907 
105.749441607675 
96.981809343887 
96.851599327699 
105.041140487537 
109.000602915914 
104.535847617397 
102.326865774423 
102.484145670474 
100.961998446191 
102.171998667527 
105.760857859314 
104.385367572369 
104.779442984465 
109.348206262885 
104.345330772259 
108.657029846109 
99.297937363430 
98.503539563121 
98.519094250636 
102.121163803077 
107.435382283740 
108.000910794421 
103.645430742350 
105.636127230629 
95.183665736990 
98.121774188328 
103.539942845334 
97.806324550832 
93.467569497282 
88.568521242272 
95.976028499898 
101.862574334276 
110.997590267076 
91.647432221643 
94.500940278074 
103.949065662183 
101.257721334618 
98.027095560425 
97.752430285350 
102.269456379696 
107.443095241658 
104.800018710172 
106.891939541054 
104.173939084832 
101.002890395058 
103.739731009428 
104.487898909249 
110.112715311355 
101.211766704532 
99.068507693017 
103.818245683860 
101.350733569819 
102.516402253403 
108.299781469861 
115.805522211520 
111.674903277617 
118.725460726691 
115.072757503712 
113.148967875309 
108.123666270433 
107.664319264894 
113.449270699175 
114.225437089026 
114.041697993528 
106.674665006577 
105.086293989196 
104.138168581443 
106.943303114257 
103.460562100489 
108.057358630900 
110.654768359047 
99.370523610537 
98.801084777614 
105.734881854254 
98.040516506367 
103.117793943329 
97.075173785138 
95.392295600215 
100.234697774324 
93.547650035392 
91.293965199813 
94.986734016295 
102.891113989644 
94.836023174383 
94.269686463163 
99.089389509986 
89.186249447852 
97.875684803502 
101.246933883776 
98.241923782983 
98.529827098187 
91.138584090293 
94.746003982898 
94.921506146279 
99.930314710598 
105.170088037292 
98.594650012122 
103.256182540004 
101.765215244439 
101.786126514629 
100.329448146873 
89.377622804942 
99.559898939840 
102.659626034033 
89.400298642931 
89.391560825699 
94.719099643705 
83.511790568707 
105.607546211302 
97.387321931742 
88.388881379632 
90.070149905496 
98.699907350383 
101.914231684385 
100.294654394283 
98.498571958126 
98.662121551766 
96.021559117514 
73.897759535332 
77.091818969482 
78.772419662309 
99.641699661497 
92.636983010769 
92.975086053769 
92.532203567348 
94.060404809956 
90.806484302669 
88.324566612465 
86.243653923257 
93.705583265537 
113.581981849449 
102.701923399141 
98.977989750719 
92.423971818746 
101.719016044800 
92.951546289419 
90.037467407954 
100.868469942417 
96.550173377236 
92.354516185044 
94.831175655255 
88.290821061462 
92.996212093649 
82.515688616622 
89.471901035437 
95.783339052421 
83.344529828495 
94.224585531491 
94.641348952940 
95.638537917356 
91.738830954086 
96.562162166472 
95.598884537844 
99.708403909974 
97.237900135502 
101.160839835138 
102.557215975299 
110.787338890394 
100.604940863357 
106.787760791374 
107.006327321304 
108.356591178871 
94.641130212243 
91.865544808319 
90.994132001311 
90.244624100510 
101.411295366124 
106.461174196329 
123.316967258504 
109.911157398697 
108.256419313550 
122.545492969120 
120.333828368551 
116.194622616414 
113.824645551970 
103.194322146927 
102.836666553714 
96.521181377730 
100.187000212350 
95.863161637658 
95.248166889776 
94.378155988620 
99.681136506959 
93.411098066088 
94.290409610188 
83.835409602253 
98.216587187887 
96.944336080745 
90.719734788077 
103.711511508299 
93.637157780875 
99.724101675732 
98.342455475225 
94.898285703295 
91.417864575173 
95.855507140544 
98.834727468395 
102.970193165206 
98.798041742963 
90.261644168543 
109.839511497308 
113.134481033722 
113.398765802386 
98.953654615285 
94.799226698622 
100.275036952291 
101.966017436746 
100.608933662804 
96.128202398887 
97.287039790576 
91.884527279527 
86.965360819473 
95.589526356183 
69.896612124194 
78.341287346240 
76.576975668524 
84.152281988688 
83.850192417369 
87.461245315469 
97.052201828428 
97.333353877323 
99.546545742577 
98.034443760448 
94.893451377871 
88.741377902120 
98.130764729108 
93.021475658016 
99.479397266960 
104.086035409942 
106.606632402830 
108.252833326771 
98.474315405710 
96.047047675790 
85.083690273354 
77.023904643959 
72.853730644139 
87.811463251617 
92.962027411668 
81.999824218875 
87.476640543001 
91.310820902210 
91.908445714592 
99.234362335526 
91.807740226874 
93.962725493604 
85.840906492522 
98.115868851413 
79.233218982007 
87.114258293648 
80.798438322619 
75.734208659660 
79.659749584794 
81.118736764698 
84.374431623231 
90.068279553478 
95.397277033119 
97.829476093288 
99.313410541691 
86.780707335594 
86.143742388107 
84.570934867631 
93.087804430061 
105.716320518465 
114.552669114393 
111.690387846371 
104.544785996673 
96.384071478218 
90.319695587286 
98.039908441192 
101.637970939565 
101.383218989784 
109.075087311229 
107.065301834773 
101.229979908576 
99.870999445856 
94.961149527055 
94.519518145633 
98.574416685176 
104.024203149074 
117.556046822554 
117.273309615356 
116.625090723610 
110.765477107532 
109.309058582625 
109.130966383208 
106.639933481995 
103.533357945985 
103.670583862567 
102.364278234861 
99.326421715387 
108.759772926412 
112.286175503918 
117.314150647765 
109.748822123081 
115.696944911621 
113.680133301449 
103.208669559672 
117.222994137040 
107.497251264548 
95.550902732122 
99.373388075665 
112.964714658632 
113.435737097485 
120.723764237802 
109.767971808466 
122.909941448532 
119.814611372064 
122.090889578058 
111.930367514282 
104.813710263284 
103.097990596834 
102.416094249930 
103.955728603984 
101.651809067758 
94.510224236243 
101.569763645157 
97.548472001758 
93.673091810701 
92.396729998353 
94.626551922224 
100.748197378442 
101.514568823554 
99.325741907252 
101.013557218192 
101.730346292382 
102.516898404123 
94.108945113853 
100.377842881319 
93.523624012794 
100.535152439334 
100.689018885385 
97.591113805580 
95.095092152175 
88.402168674439 
92.776805000802 
91.811156882159 
92.123568611830 
102.987156214537 
109.231902029021 
101.549066580702 
87.270732520797 
91.717412357301 
84.257649518812 
96.427889893523 
96.352884206118 
108.009683761437 
97.185803374498 
101.826720039033 
94.864196997606 
102.232514268117 
101.889141573609 
106.610620738177 
100.642830805554 
97.529414261290 
107.533952925595 
103.499165106407 
85.900699987538 
104.761923563644 
95.094605111153 
100.403564999500 
103.567228863507 
102.055674107631 
111.715174740336 
103.044744033342 
107.214811211492 
102.139531561622 
106.084050876910 
108.463570394619 
85.756732804125 
97.241853263637 
89.018250309091 
85.567577086649 
84.843674522547 
82.960675999581 
92.322147152162 
85.832040131070 
98.883715585782 
97.543600561178 
109.539856971023 
107.799525333517 
106.350583734570 
102.271326425478 
87.909053151434 
82.698676574004 
83.905063035752 
86.051023016813 
93.096351767679 
94.304132673944 
93.029489172800 
88.859211292154 
93.455516840673 
93.373203123407 
91.909538384635 
102.725714529058 
104.807124932022 
104.500998024543 
91.097555958316 
93.914316755253 
93.716477384839 
99.174200994322 
94.380027348500 
110.903353534611 
105.785260493064 
108.194514961166 
110.403646449974 
102.194801136896 
101.754055832100 
112.136351652819 
95.945841974437 
100.618539817208 
101.019204754246 
100.995401934026 
129.660069511666 
119.890084182487 
112.181241024274 
113.752847368683 
108.567451982615 
97.588043379340 
88.145602953425 
90.001406485822 
89.757706931535 
77.683476984083 
90.915088200234 
91.204468490078 
88.809654194406 
84.750117494451 
100.609733699636 
86.615935797377 
95.998224410571 
87.457920573189 
98.169096445219 
96.173079686840 
94.507155394274 
97.256511353864 
95.337719634822 
102.709726005253 
101.718015929715 
91.524930408929 
96.825984953964 
89.586682880917 
88.224200665163 
91.358570213133 
95.421003718731 
103.706885187733 
114.535675306271 
110.565313407693 
108.879885658929 
107.314355173232 
112.448848053354 
91.382636261744 
94.135237121731 
93.537237461928 
108.095024219467 
112.446922211830 
117.523139530437 
134.786630456336 
128.286816194187 
125.068080970545 
117.834814893762 
113.045810382350 
116.665002681463 
106.687975671623 
99.971013707995 
81.568375547326 
97.180278880396 
100.499022679792 
96.932702043683 
101.675688829649 
99.601473698564 
111.445646431618 
122.672928817179 
129.499276953853 
123.779516362394 
133.760885194404 
113.113876187401 
104.030182435764 
102.275427548769 
104.392645449904 
98.436205472369 
103.512840873968 
94.917007585051 
104.339053463929 
101.348919309003 
102.488971476856 
98.454204691570 
96.566873421123 
98.804194668182 
101.551185278843 
95.315914556677 
92.248800770284 
107.890966841226 
95.161719602053 
92.344360225198 
89.104727929375 
89.195945280144 
98.958366300942 
100.213166433584 
98.660390873606 
116.211860644731 
97.332480781849 
99.862440075407 
97.229947576537 
83.720214388041 
88.943821931464 
104.140412061336 
95.214190001764 
93.373377371695 
96.750784790640 
90.997418462663 
89.111108328847 
91.078672575511 
86.502034924918 
89.965798795469 
99.599275002739 
102.541109187721 
93.317739572778 
101.688559181325 
97.308751614291 
101.693417243413 
92.463681506190 
97.251187563165 
119.799311151088 
106.066009185410 
107.363619206748 
112.797229748747 
99.299007542099 
97.032686456847 
106.319893589888 
97.345656007017 
87.080139701545 
90.025786187090 
96.232813627924 
86.873423075121 
81.402887389288 
75.916779145315 
89.120892949540 
93.268444105405 
101.935399939716 
101.915748843452 
96.445585962511 
96.268990007796 
97.119193878074 
103.975966027019 
101.337311012704 
106.421329993465 
106.497338183351 
116.356163499216 
105.672131409442 
102.508874448274 
114.537451799262 
107.073252232352 
102.488489520697 
108.152222971235 
102.266490076701 
102.208002477278 
100.663068749052 
99.456279603831 
110.347535310565 
121.681404805018 
117.889962304776 
106.317086453142 
103.748864422748 
105.181758293016 
100.208832008434 
115.596524055652 
122.308690062906 
113.250569626382 
113.192448650783 
110.755929995310 
107.107849873623 
122.201463247876 
131.086046806375 
119.904746121948 
108.000614078693 
105.868726035792 
102.315010984224 
94.806613662874 
97.432482055566 
91.090917944580 
97.644886412312 
110.263795455872 
102.988318228258 
100.676154752562 
95.865351490279 
97.724235234164 
92.217341995216 
90.842498399730 
83.523595652671 
83.613842004975 
94.799612920900 
94.801765807674 
95.861990331554 
90.150338861356 
97.300710936769 
92.033137262608 
93.302650913650 
94.117798509839 
103.478001178171 
107.616792377620 
89.320398754881 
91.753683938730 
95.267364159392 
97.073462290696 
98.315767366370 
103.411050986604 
98.765125925874 
98.848546777046 
96.017746191384 
99.411422913383 
103.092053536710 
116.199222248198 
115.439068833844 
106.988480418787 
99.287666678155 
86.325442755327 
100.933122507069 
83.728036480156 
91.618584902747 
96.128537301436 
94.977283974525 
98.100420409481 
100.477283651235 
95.547506061318 
89.713593461614 
105.656675250396 
100.295438919776 
97.039503237993 
97.254311988127 
92.587429029125 
102.286815509119 
105.394953500582 
102.243811748252 
109.146264855172 
109.548910276036 
109.253890472862 
108.859569137328 
116.337522218415 
112.620351249960 
99.225749694249 
97.678544930032 
106.854530829472 
104.500636744292 
102.405260910189 
106.578151158825 
97.610154670765 
103.414862531538 
101.063295193741 
104.182411354653 
105.294565329411 
108.544604453400 
119.825103477325 
113.658527591031 
115.936272701428 
113.652393545670 
98.255023859846 
101.399842840332 
105.958820288750 
108.360243557148 
94.959142380760 
93.228704202908 
94.104636996685 
97.898585814997 
103.828792582389 
106.863649131371 
106.120588332884 
100.922096685922 
97.017977663411 
94.189564437928 
87.087127673585 
90.370632814826 
95.039676240255 
104.282965947504 
104.855297298411 
105.944431226611 
109.615167749052 
107.631917585292 
107.311935465945 
96.755078993560 
95.487391645590 
110.918558986822 
95.935042716024 
87.678442841801 
88.722994654450 
100.389337365591 
96.205572730540 
98.577108018900 
106.856296320175 
102.249708332808 
98.992504638732 
101.008990134286 
106.211054398737 
99.250367505430 
113.732031634820 
92.129237358434 
92.401032020237 
102.778334371373 
104.740360405240 
104.038256142731 
93.831363608979 
102.146996939650 
98.572152947017 
89.243544078954 
87.126168091198 
92.481446284961 
93.028538888163 
110.041425003777 
107.576742371505 
114.274939496838 
115.755030736165 
105.867127452241 
99.743576806727 
109.520876557383 
109.242209564783 
94.883497510450 
106.382510571767 
111.002351260437 
109.376929046481 
113.964981244944 
98.706628551634 
91.210535045344 
92.028393184305 
107.783158194663 
86.495928754938 
82.334177111331 
82.461829670802 
85.965931828370 
87.964049038819 
88.892880316867 
97.025157109822 
85.838150951948 
86.421320677780 
91.467466979021 
94.365765669381 
89.520385424583 
93.584796258797 
101.548061430620 
98.945882529767 
101.633819162515 
113.486853697931 
114.311464193727 
107.716093301570 
106.810026973043 
99.115183612772 
101.662931129145 
103.800965419519 
94.968012640029 
94.329280106905 
92.678816656551 
100.133146642770 
111.243985721902 
95.799986449864 
101.891834823347 
103.400602618697 
106.755106096860 
99.471988268438 
104.605628355622 
118.617818021890 
96.036205149544 
96.845163700903 
97.271734097976 
102.698343895534 
97.234564895622 
88.981619895483 
85.474676489622 
87.581462389346 
86.216223081764 
99.099011128636 
94.546093975566 
96.005414574843 
83.692899635497 
83.705490334867 
83.133998322286 
89.189568305152 
86.023081572215 
91.935401925626 
95.829859121719 
95.043528728098 
95.756167771357 
87.063897138080 
90.385494627872 
86.770007570441 
96.910843214884 
84.953190592828 
85.953106516220 
84.807351100205 
102.985691233372 
86.240950251166 
88.732214882259 
79.428877155529 
102.415617076367 
100.956132327457 
103.370392183460 
98.259528075637 
99.022497023516 
106.895453501774 
103.180832516126 
102.250478258332 
106.134196045481 
114.179665701030 
104.318044259523 
109.016374694082 
111.524996144316 
108.938065286369 
99.526906127190 
101.927440582459 
122.942736567461 
113.791536300666 
112.668651286081 
116.963829444290 
120.588131024739 
120.467185049499 
127.804092198009 
132.309276775616 
119.140588987334 
103.332988971602 
92.920933787037 
108.129483492202 
110.036805543524 
101.746156617601 
113.637529861131 
109.943139158825 
106.603337021835 
112.900796969378 
109.626721978801 
105.922019139532 
98.941491595246 
89.778544638980 
92.273107390280 
98.613615553134 
108.132420138394 
113.847581125325 
111.557603273737 
99.620774757594 
100.697591913603 
101.129808839715 
100.686428350325 
94.397879583353 
99.489695390236 
112.053637223940 
109.472839227858 
106.774652199489 
104.783661010960 
94.652041407155 
89.936253197020 
86.907675611962 
92.752030753938 
100.069508027663 
111.983692076490 
117.934000380467 
105.867154760193 
108.529763280604 
105.589137306333 
104.860301143942 
114.932805475428 
119.666807643421 
122.495382812160 
131.724408891673 
123.734282356306 
117.511409978389 
111.669518655642 
104.270372398066 
96.931004447181 
95.053520965453 
98.850263343718 
106.720450039246 
117.393110156749 
110.266232350434 
97.173171572834 
86.417762124113 
89.047642873413 
106.196092077995 
106.690418543741 
93.990300401086 
86.815869621582 
88.325003985238 
88.659545186645 
93.194021678819 
101.611532586966 
91.617010211705 
95.102936793113 
94.332377816983 
101.488718962328 
83.679151363397 
83.605365196803 
113.657653550964 
112.415848535649 
104.883850374137 
98.112060633156 
96.162329529955 
96.569877042600 
109.818884005869 
111.373976588948 
113.146368038482 
106.595276132859 
103.518923446733 
104.332592196746 
109.694374000336 
104.546830059975 
113.662610498863 
115.147146664983 
117.622119372151 
106.994589148962 
104.544728887352 
106.192103714059 
109.714503255294 
91.587993874322 
83.936952119381 
89.984423550559 
95.370399158171 
97.662721232952 
103.069651187941 
100.981472962270 
98.274758013848 
102.220566914474 
102.530826748084 
95.456808625624 
92.604674309316 
93.354147677395 
89.745440988659 
89.015117375119 
99.338756859601 
91.711378500119 
87.816494749516 
98.236586581457 
98.404125918273 
133.186350909089 
140.338085320601 
135.752787958633 
114.375083353450 
116.908078583413 
111.774955304453 
94.311314644880 
100.362728508017 
105.281768411800 
115.085893492368 
111.702553780538 
106.115774602807 
98.798895933328 
103.240349577611 
107.551404964868 
107.813865432669 
104.047635608103 
110.916994025572 
106.443917141458 
107.088171948533 
100.981012173671 
98.942943970432 
95.574557145600 
107.051613780099 
100.812386670085 
97.848394096907 
97.082053531945 
103.551948996865 
100.834303027645 
104.729261090827 
103.754979914563 
99.492712804765 
84.971399075947 
90.828317465596 
98.387336735800 
95.760292319583 
100.988959814229 
97.766081135327 
97.959265272612 
97.364710298827 
105.681709532505 
92.142822115148 
92.609835691796 
104.905113404124 
102.478347161762 
106.127838718571 
113.555448475765 
97.607508435236 
101.715259404231 
88.495546763154 
83.145384833303 
90.693087100712 
100.653389986069 
108.051474481456 
122.627648751264 
125.411777602101 
114.921836335524 
119.391744109099 
116.579572681705 
113.935387740881 
92.069177965424 
105.170322479180 
95.838876734005 
96.077953655539 
100.949991529240 
99.733613615860 
115.963021589948 
109.371066635359 
134.546579033537 
120.376903680203 
119.100925699376 
107.991376007447 
116.612514977970 
106.185408873384 
105.894471603310 
110.268609054448 
99.195864344868 
101.101639683069 
99.236351240389 
98.363265710054 
99.813141446357 
91.737298563054 
86.137458141724 
93.273357446859 
104.894547691992 
101.212136558132 
95.255835320608 
92.213006576850 
96.468420154156 
97.360485904546 
97.907198118572 
92.119464803946 
92.485834507086 
99.110229767161 
102.209186085057 
92.818558441431 
93.099025847685 
85.849883604923 
98.607724333613 
89.879279643388 
83.425093756044 
88.313183748888 
89.810840653947 
102.851926379003 
109.457007390596 
108.646495200324 
106.336499489657 
89.131379347887 
88.853850087032 
85.960280223879 
85.267879351783 
103.606700500868 
112.784836488429 
115.075681266616 
110.318791240510 
98.921376326403 
94.905126822445 
100.531297199289 
110.014979807919 
96.626241286160 
97.130426826510 
107.833184269288 
104.090299805314 
110.930378389146 
99.925774856067 
89.647533933054 
100.917191525148 
94.939909995230 
87.880202762833 
96.332787460713 
99.322933123788 
94.537423995255 
93.708375176815 
93.938554765389 
94.994280757437 
94.791882119056 
99.409435325183 
100.647252781354 
96.506679423871 
76.113298034334 
99.619554968285 
99.654430763496 
102.446616236281 
100.561301886886 
103.129880142248 
95.535858006197 
83.524178613790 
83.788929783917 
90.505608260484 
94.060812659316 
86.835533214381 
92.820974394047 
70.633196959243 
83.739361638379 
83.252388235297 
103.741736036003 
106.342832869484 
105.472212311339 
110.172569185733 
108.292475715976 
103.409291860870 
103.972554881977 
96.328160903841 
95.106885559955 
104.480039051808 
112.259034994958 
112.952185770480 
128.500247893656 
102.778525766077 
96.045050070460 
96.670290708998 
96.641927372674 
99.680683286516 
90.957099173374 
82.407569060271 
86.525772976306 
84.299287785630 
94.016287297154 
99.302394233840 
108.215694456037 
109.545201396820 
105.523209291424 
101.996465999427 
102.222613114307 
109.385209970168 
127.022954497301 
118.855376225160 
112.382535795082 
102.556335066161 
111.880042519843 
119.831887972646 
113.137886025347 
128.783666594501 
131.941292741810 
120.814925827620 
105.367264196228 
91.902104960505 
88.638548803034 
83.051287340310 
82.106691083477 
86.857819088176 
87.686667085547 
81.944625813967 
92.143102161919 
108.211554566224 
93.593199606607 
88.788378487647 
89.839247869204 
96.124303020435 
102.513775531424 
97.606204434427 
96.772228719564 
105.385506779097 
102.719275602341 
96.790605480087 
107.397546583646 
112.489777739056 
103.551798722663 
103.670876371599 
112.362363452449 
117.288083325273 
104.004071890904 
93.855259677187 
90.942274216964 
84.676579317461 
84.322111424785 
88.775033466430 
98.395393644834 
90.024713893374 
88.086017445854 
93.698618445849 
89.517613987650 
85.731223775746 
83.140934886862 
95.521336513025 
90.475976937891 
100.271536535542 
107.320199654423 
106.542647546497 
117.085166909237 
95.051873308353 
92.848727988901 
91.523074792638 
92.197485935070 
85.278968448888 
91.477844867672 
104.452325223845 
110.896935705024 
115.592765107737 
103.389128365046 
96.776795260619 
94.171316338511 
99.751343496486 
98.538884551993 
101.565832834027 
110.567065284417 
103.274702594798 
90.956297505021 
93.231232783967 
92.044161530876 
98.624712552099 
98.880377636414 
99.019211055126 
91.433356485045 
101.184265813518 
99.276901793813 
94.413625643161 
104.213845066666 
100.660910177279 
110.340430141568 
113.557470769967 
109.825681105821 
87.752435777352 
94.623900639986 
96.940851361294 
99.889496025266 
90.497599796724 
98.822241698917 
93.298132068564 
103.491941960199 
109.562437949308 
94.192763903996 
93.972137760905 
102.046875139443 
100.597958574469 
96.161343927088 
103.863310823450 
121.157194447810 
122.574913650923 
111.013845138822 
114.987129227461 
108.424380573051 
119.201400461153 
96.322086245340 
93.910768188311 
98.359526680271 
89.029544594754 
86.953031578396 
100.408333259382 
109.186238989419 
117.798815020062 
120.793840610950 
109.495411114216 
109.290202035245 
96.804616252115 
107.359811773944 
97.772420506945 
98.974523111913 
97.556954243672 
91.694754514052 
87.676876282957 
95.067402592291 
102.409105033252 
97.451046472432 
96.133577573585 
92.608018837209 
93.296660603973 
90.791384241282 
89.235102548078 
94.104500695658 
87.980021671920 
97.446721866681 
111.352490724556 
109.688106186478 
114.649679430210 
106.472397593665 
96.719428191941 
96.517819280330 
103.822253697628 
104.836497354639 
108.778676815143 
102.558230705723 
102.560416982682 
100.499734851847 
109.767197248511 
95.482303871187 
92.272565358981 
93.354179330591 
82.421252633416 
86.676954444109 
94.165239577607 
93.893697413556 
89.745083307013 
104.648200005572 
108.229601755879 
109.305702244123 
104.505278081245 
101.503364981484 
106.064913062839 
108.879623701598 
99.914155397670 
103.218309186984 
111.509929779808 
108.449641512103 
102.419544078135 
103.800153138756 
96.292204880355 
102.845372367238 
103.925929543441 
108.723383159580 
118.998454768238 
104.151714289709 
111.926155174487 
117.949195237245 
125.427822349589 
110.977960467890 
122.431584606268 
108.375136607466 
106.991730822164 
102.961620534670 
108.923347943149 
105.488138201505 
99.848327050457 
98.715581094191 
96.983414292609 
92.659569222011 
93.196384297486 
93.969678912792 
93.813667459813 
95.670277288340 
91.770854877768 
106.513325920073 
111.598630990540 
106.092689465076 
107.996810189546 
112.853225671734 
103.104411591351 
105.707210492931 
98.942312492748 
91.083951112699 
93.992508821550 
98.248284579935 
111.016575796155 
100.785111346895 
98.643803508923 
86.589814632014 
96.742953055952 
94.595542281707 
102.099380690486 
108.000989420675 
117.817302243418 
110.264164707745 
101.889217323409 
106.247632207168 
104.871581920827 
107.961811536910 
101.709697976865 
101.445136003357 
111.501891122904 
105.438268193030 
111.488171575422 
111.298095714099 
114.032662523743 
109.064603272423 
107.682842036716 
113.025620407601 
102.842294085283 
102.129371281229 
104.734910919109 
114.705840623293 
127.356114618676 
109.654736373920 
88.679595636584 
100.961208444469 
91.254030784170 
92.954655267099 
83.058508314036 
85.079997604705 
84.926093124920 
89.503059746607 
86.454690271749 
89.094621912218 
95.791190179902 
91.834108167072 
94.640079503771 
96.461977127387 
97.326037932408 
99.019365983174 
95.263935577476 
100.986192601674 
87.321073665045 
93.410474642381 
100.483236338408 
92.086701132595 
94.866129716492 
98.130519551447 
96.599342306923 
95.111643501631 
111.186114819089 
122.288816751916 
109.829880244696 
93.525636597328 
91.560305274872 
96.595857548702 
90.374015508628 
109.764273082458 
97.916340110650 
93.763669114033 
120.700353124557 
101.046661040355 
91.225009364106 
83.769101069922 
87.978754305344 
93.849754081558 
90.970245968372 
96.390524090074 
105.968551809214 
100.678106029204 
96.843193539087 
99.506521445056 
95.187306839656 
97.498639366206 
100.558848742478 
111.565777944662 
97.328086960501 
106.851252781733 
116.982088496589 
105.218176211119 
86.914412688931 
93.199357587469 
89.121775698689 
90.179108567224 
97.395519068572 
91.181259200778 
100.643081101076 
98.604994340391 
109.217128145716 
104.753778008887 
109.487882694888 
115.910074223896 
117.154629305787 
118.309026711914 
105.417220634611 
99.913095605451 
101.353844169700 
96.226617891409 
101.403025638135 
110.093387052735 
103.856179161227 
111.963743945726 
108.934490200640 
99.771802742788 
105.581506432676 
107.676514923652 
118.175085206575 
103.814006690944 
101.338252710243 
97.409240177594 
98.370829379499 
96.500038712336 
94.583996468256 
96.673138265159 
102.896645240615 
107.573985258257 
113.632130981229 
102.859895664361 
82.123418672061 
82.319992449471 
88.085764783698 
96.058642141273 
112.020022483452 
115.592946516862 
108.186983204974 
109.385245084381 
111.232091810421 
116.222243070891 
102.653450331092 
102.663902558285 
94.525143016214 
93.868426929002 
91.216710476603 
106.629103294415 
106.185939061222 
108.973089794885 
114.089398621466 
115.155641565330 
97.146401552009 
104.222451601241 
93.125582062743 
88.004504641285 
105.008825673520 
110.248143088681 
129.301737632732 
103.827453311417 
99.632160397920 
92.315263948101 
97.053413183749 
107.555254982022 
108.316228314952 
107.889861717443 
106.812325178841 
88.763188756324 
93.048152673424 
82.470456039272 
83.937174278273 
93.079698986838 
98.567176385805 
91.412177095547 
103.316414196673 
100.175179969030 
100.874981233140 
98.228974153958 
95.372630107435 
93.855858119463 
111.991168515970 
120.592449453571 
119.908034687098 
101.555521183726 
95.275687400943 
92.317596817320 
91.356698887791 
96.889323419035 
99.676700225719 
104.269643283105 
103.875104036753 
107.812145320599 
120.153114727156 
111.080563902168 
102.293962149853 
103.542214100157 
97.485291766848 
97.183908111204 
96.650348380281 
107.786973058515 
126.741082403186 
116.063672910612 
114.915428042810 
112.027169870815 
116.942795921853 
109.053784036371 
102.446860622838 
106.213384332119 
102.669076571079 
97.351769623853 
105.567191975789 
99.808450609029 
108.012671664456 
109.441928045055 
105.363228022701 
99.178363876156 
99.250944419306 
109.040712435362 
112.330818537448 
103.117660642733 
97.227494095213 
102.209756275441 
90.161300869146 
89.805777598411 
89.618819711921 
104.021388335728 
117.581937110577 
102.057770177525 
101.192100887151 
83.399741197095 
93.052351944174 
88.448216358961 
89.431291896916 
86.013548485932 
91.204916651662 
93.531379356205 
99.106382979583 
105.598237728024 
114.762792207790 
122.869352988589 
120.787891824883 
96.869581948908 
90.422779912052 
99.543258597742 
102.592943403595 
97.925793243582 
101.280323936172 
99.891645573632 
103.075340383264 
118.229869708613 
129.260849062012 
108.744166861272 
118.255109056263 
113.832154893362 
104.034417205889 
103.000079500968 
110.697820601684 
104.404410128827 
105.128890613893 
95.133464733864 
88.124181975695 
87.939305872830 
84.992635615276 
73.771209639561 
77.609320632544 
89.814226315045 
84.790640888305 
91.848066697004 
101.071130858106 
102.536774673344 
88.576142952885 
82.133846963752 
100.819750096555 
108.878595425879 
116.459869013140 
117.564283879022 
104.003280934263 
103.478532815716 
97.985343709685 
104.407813630124 
88.327168937782 
100.543430996890 
101.138963625187 
91.437030254577 
98.060359927767 
102.426063858590 
101.427937060236 
100.491967924307 
89.435545507695 
114.100503814283 
104.659987298858 
102.057557046635 
111.858278505251 
113.054570155241 
110.217044185964 
117.799175076862 
107.261844095459 
110.307653630794 
110.108014744517 
106.709756675388 
82.945703866842 
80.545092982453 
82.839394790730 
84.224158385895 
84.104398339689 
93.047611862624 
98.634620960559 
93.890714298101 
84.317596102739 
85.709329391206 
91.319149366756 
104.984645758977 
110.889207253473 
106.308138550322 
110.165127170350 
117.013213501031 
111.658802195915 
108.906402925767 
111.526596931850 
100.452938432984 
96.481707146167 
101.458038343784 
87.836681330525 
96.526230294509 
98.049792724161 
92.231763830277 
88.389212356375 
97.121108699233 
98.631701737097 
95.531811358710 
101.443826731585 
102.302946331952 
113.342969731792 
95.373464763784 
83.794756754660 
91.337926688188 
86.960598089305 
95.004939634093 
93.357046199477 
103.250827741681 
103.527511451419 
106.838370702768 
96.525394960639 
89.397700965510 
90.733985048350 
96.160656755724 
99.168599175980 
88.651230881756 
91.784735689144 
83.575586427997 
87.584903970972 
80.088916879426 
85.363399990399 
91.401461664117 
109.606450251305 
111.653748460396 
109.291114254805 
112.640189823257 
121.567603014509 
117.958511745330 
112.099538875480 
107.676509496579 
103.946111424277 
111.759118264081 
102.230690504922 
104.686226651508 
112.471483269787 
110.063331904893 
117.289168862610 
105.001922845557 
106.656831101749 
116.634980632226 
123.168534391535 
115.047946091873 
113.639530206767 
115.103834801114 
126.590089685855 
127.331173703747 
108.772987118957 
109.053328333734 
91.198857639570 
84.007095122854 
86.462688023492 
85.149330239888 
85.078324477696 
91.350132347014 
85.120680333157 
86.962138005811 
82.011167908544 
88.823618598871 
86.033208477700 
93.788249631785 
93.891927984224 
93.828399989068 
87.697800277343 
85.251415114303 
97.311962182228 
89.492666475012 
95.736569453425 
98.663879024782 
98.464219840898 
93.035980318083 
91.050501270837 
90.521381899691 
103.585895375698 
93.835277152393 
87.100965733828 
102.605512437097 
103.295519892363 
107.091588474688 
98.153670817689 
93.141787121787 
98.556480649387 
92.683251673363 
90.793041118830 
92.714432518737 
91.453932960184 
94.902523161816 
103.090772094318 
101.776703713909 
103.841303643682 
115.410426579752 
120.756417385441 
110.966889396053 
106.154686992425 
94.332929280177 
88.328515992473 
100.970543472455 
103.841353620252 
96.435645653991 
99.897792239950 
93.374311819415 
96.468132136229 
88.452821172645 
78.272712340715 
91.744133496387 
86.577005786356 
88.778015084780 
95.997051470073 
101.340845770721 
98.887303692105 
102.489977650974 
105.322438360650 
113.949818796455 
112.019773827407 
117.533012309791 
123.248227395964 
116.380520159100 
106.763393861254 
101.761590283584 
103.434737891412 
94.428389194556 
91.299849349974 
88.241171873276 
83.527247425112 
72.880477592345 
83.464979250836 
89.528511170782 
97.333272783071 
97.297277320862 
98.276505548020 
95.505340119681 
89.897261853998 
92.021983844008 
94.655621672906 
96.310510105287 
97.819412842033 
97.255477242085 
94.614018145774 
92.104018153071 
89.925391812022 
84.225914821220 
87.481412248382 
85.182121038543 
93.864310268567 
107.403653459876 
114.460228195954 
103.121958674367 
111.310979895553 
104.227221011876 
94.514133662808 
97.182269723030 
86.239405073564 
98.503631445610 
100.661782690000 
97.342177344366 
94.385084358744 
93.664692510705 
91.489813548864 
96.261318821850 
95.202372235172 
78.816494286081 
88.331444459967 
90.459586507270 
84.731228148646 
87.402846346235 
81.888156058025 
74.101911712559 
91.213697074923 
105.034575337771 
108.901864826529 
118.833842959819 
124.025350668511 
113.723107574471 
112.517783113446 
105.887254764889 
105.769499032447 
105.382675168549 
93.581865379657 
96.583537684264 
96.910942729531 
98.239606691462 
92.120383731848 
84.211976164575 
89.181940956569 
89.719880844352 
109.087627094058 
109.247023253058 
107.864913821551 
108.738489327604 
106.134810669103 
107.147926085643 
111.879312816131 
108.009902218912 
108.872656499879 
118.396367842441 
111.150450876488 
110.060878169651 
98.700695717470 
92.022808931337 
91.652956562582 
97.737527599202 
106.695132613463 
93.716776811395 
93.842610902201 
95.558320095887 
94.075803752958 
90.193519813188 
83.353119790215 
85.324695999218 
91.682143433581 
90.210007364634 
87.251026528764 
85.112871913390 
85.978550044181 
88.830335389266 
107.023286255519 
102.625576766856 
94.051820696675 
93.875518087358 
110.299270284407 
100.583441774917 
100.745733112637 
84.959912519633 
107.449464218640 
107.929954697050 
118.582421794724 
97.436366503847 
99.327317159634 
98.035617609325 
98.411456432573 
95.008312263185 
98.584559693905 
101.895964121469 
103.223967060898 
100.974124870588 
103.249777334948 
88.983915080856 
105.673785297020 
116.423734429504 
109.455288288341 
107.284193647036 
116.917563360042 
108.573578347139 
103.744488952924 
101.570813298833 
97.396661986538 
98.778890671243 
89.601806486051 
89.927732044345 
104.210657824615 
98.994469845973 
85.844628602918 
92.968194945405 
92.450179119003 
93.751120259780 
93.075407698922 
95.105664001824 
93.377101752573 
91.469623893809 
90.769894195945 
90.517464707512 
91.536286692026 
89.263754327732 
85.220810386961 
93.399358495863 
96.644302805847 
101.739146596524 
93.839536619892 
100.187874918266 
104.191552402860 
102.748387249551 
106.034074215504 
111.797699000460 
104.934422635214 
89.683599565188 
88.867979629545 
87.620778270683 
95.055325674370 
95.214581368200 
116.319064893829 
112.892172872557 
102.984562223594 
97.767689465860 
92.252653928762 
100.483345174425 
99.293001151914 
93.036206816135 
86.870722618188 
97.123238972558 
90.431183208220 
90.138213590334 
93.285560774707 
76.493847083114 
86.438135818216 
94.793663789335 
95.902093596479 
93.108647316962 
90.132912058923 
91.082836584713 
96.542287197862 
95.743559188725 
93.498982315656 
96.351283874733 
101.599534290571 
100.969385271434 
95.610305125443 
94.969781823476 
91.903211209095 
104.672587863400 
109.099307672812 
122.453059769854 
119.164631380964 
111.845540921237 
113.946797844366 
132.458106518349 
124.539467870259 
115.852259913634 
101.172519469389 
99.608600171855 
116.527536665176 
110.399765621589 
104.228501579055 
103.567296240890 
89.365101853733 
101.579756837580 
100.562844696118 
98.701574226081 
102.504492938589 
94.178156412446 
89.782145210571 
91.813433901929 
103.121742496422 
94.948623786936 
93.155890017599 
88.391874840464 
94.145208221715 
85.823344564476 
89.965725682300 
93.513304290930 
94.546110620549 
86.749684227486 
98.628984799647 
94.037146593497 
100.653544267271 
99.344724467934 
97.691555837571 
94.091505754089 
100.635241859363 
102.037389434328 
103.130117515435 
108.568827738671 
116.027862592740 
111.665296838478 
107.563902979846 
107.528551330688 
109.410721586848 
93.137726842312 
96.268144328178 
95.987650639540 
99.157315100558 
101.493382019831 
103.330569256222 
91.707677750080 
102.807290078734 
122.787616229643 
90.002873629491 
90.648324414565 
95.022776694112 
102.602563534458 
98.794436367963 
101.782403387926 
89.495362999358 
93.393997099071 
96.644813966555 
109.004828468461 
110.430469359238 
107.874371677766 
108.036404030905 
114.024377339385 
118.042613386820 
116.036161739578 
119.719617930916 
132.052952459672 
134.469867582457 
114.695453178253 
91.848148843448 
104.918899363572 
98.795056590796 
88.057364061394 
92.704906453001 
92.046711817524 
99.503482019941 
106.957865541450 
105.784347901064 
100.654955502913 
103.419104656013 
97.132581078935 
95.370133451950 
95.883605638229 
91.842357785498 
98.019697443513 
91.814501345426 
94.672722633020 
93.567872613963 
96.520837299598 
99.991971144085 
101.332469075696 
94.836604605165 
85.893420495038 
90.359574133410 
94.412274162431 
91.677750143476 
90.267405927881 
100.836222477988 
102.040324197363 
95.324557489418 
106.219442083061 
101.975509167386 
100.805335054640 
117.461013655098 
110.196482698995 
113.770985621849 
105.166279871517 
100.813495475317 
98.229244477638 
100.271002687678 
113.697690751349 
119.932432505952 
113.493817853831 
105.699269730319 
108.573544197246 
106.630532706711 
103.324289877276 
98.689333178628 
90.816388277200 
94.733489113022 
101.777887577817 
94.165963286842 
100.309262021339 
95.422491537397 
88.834614967077 
108.948422176146 
108.112052271891 
105.107019866204 
103.474496836503 
95.757562777427 
103.197290553653 
100.141909008849 
99.031584569443 
106.319528233791 
104.017523977383 
95.614384974925 
108.094847217393 
106.118426185289 
108.397911010352 
97.618871103726 
98.301866042441 
92.714650813747 
93.734632666378 
98.462054833097 
98.154669642917 
112.284962975998 
94.399201030529 
86.287782033503 
89.917453735965 
92.744161015084 
92.383531792450 
85.981870715207 
88.455070946687 
89.634809953814 
80.862722139738 
95.406366005039 
103.474048501985 
102.546372977532 
98.949861185055 
94.523891115157 
102.858954955560 
107.594230966205 
108.545431542664 
98.139322831732 
99.911159822133 
88.767269122121 
100.992814509556 
99.579612881894 
109.485152197782 
104.862312595191 
103.568644596534 
102.976807667297 
107.004203007542 
102.103401047444 
94.359925228348 
95.102440640509 
98.746096720544 
98.557150298576 
100.403801395805 
104.539393817727 
99.806480919213 
89.535457756925 
97.142935089703 
92.313216535205 
107.415233388716 
104.113402535885 
111.165534740213 
104.198657110708 
95.589011558370 
87.399689721488 
91.226232549180 
106.539135017151 
96.096800548229 
106.243470354367 
103.219151741534 
100.220481538760 
103.471683656439 
106.233329712758 
102.923177753337 
106.843294993697 
92.511835824850 
95.357453276296 
106.446823613126 
116.321800793023 
95.497513533720 
100.570345572350 
112.150192400506 
120.562976432904 
114.821455951504 
110.504246070882 
111.422288347942 
108.360112853644 
114.247378907070 
101.389709143658 
99.578950306848 
94.112372153235 
90.837674389082 
94.777972858523 
96.128779286259 
90.065524170850 
92.343863958878 
102.419451684190 
100.584258128920 
99.575594001568 
115.204687394032 
107.202160832422 
108.014735683527 
102.901432125435 
106.219190880952 
90.115108166431 
86.018095970471 
88.083597157937 
88.096903145733 
88.166622291921 
86.518792955688 
89.765628414579 
96.951939611236 
93.907651665013 
102.904940588045 
99.660981277935 
93.574100733674 
94.071298554813 
96.995202548593 
106.316986022194 
105.222678534289 
106.049405089723 
106.630988849308 
99.791694999997 
104.462795580843 
95.449096438412 
102.812756119687 
100.594632354394 
103.289840773605 
101.288483959831 
103.881402907870 
106.712393780610 
101.710201989066 
105.562301426859 
94.337109145310 
99.274908466057 
92.527000727728 
91.558659761791 
94.449567234640 
89.333684842465 
91.276332615363 
99.120426334121 
95.102384961023 
111.762576995984 
116.141751892497 
113.367233112329 
108.837333394285 
103.161795130099 
106.857998372826 
102.608530917471 
98.003721296027 
96.259687433536 
106.998353367860 
108.436275327600 
106.566670232737 
107.815188504684 
105.273177872204 
94.701363433221 
98.062942122196 
95.956693691438 
100.367186223046 
96.973695844753 
117.140422747831 
106.702757976803 
117.860045358938 
116.347673541128 
118.143590476174 
106.083462890886 
103.541693775665 
104.156277597405 
94.371025672999 
95.016605771347 
94.630133408000 
103.099524784237 
99.585321514316 
92.292244069777 
89.657783430425 
87.221916820242 
103.254945488922 
103.792057264372 
117.035221828266 
126.022519307650 
117.521871119418 
110.633181268928 
108.165580265245 
104.256166186416 
102.011459245216 
100.866498646355 
103.592745908054 
102.437515392544 
104.864991240565 
108.480709154793 
109.325437268335 
99.089389815745 
106.451395116990 
100.262511346455 
97.866245147185 
96.864384496531 
105.657582005666 
105.429540584649 
101.989407389447 
99.510529199296 
94.763869207676 
87.771761582835 
98.260246522823 
93.590903494285 
100.704200257028 
86.144621747963 
91.337385376239 
93.987452155701 
95.844218643357 
95.743598884688 
115.515092324137 
115.352866440388 
113.474510872933 
115.699839898048 
94.842399347095 
102.392746788261 
95.365090188403 
104.165491203388 
96.178055483039 
105.682917496601 
118.021620640181 
111.647530122446 
103.286146151678 
95.883820680101 
102.454827962230 
105.579197934792 
95.372943720250 
101.881889044869 
101.317327564691 
90.965774586575 
86.707250476170 
102.600986463834 
109.905084527943 
94.503956042592 
93.038102928294 
88.189802695060 
89.788840166252 
94.989261329942 
93.366707689964 
95.315312437030 
92.116772400757 
93.263546946711 
94.392411482974 
90.180383449378 
96.652902109783 
89.946753763726 
93.848105729543 
94.778382695397 
95.149286540478 
94.436370840395 
81.805992470247 
86.387034946423 
94.240283335182 
89.836469070872 
88.182904509507 
105.073799002430 
107.010833465125 
98.427633013224 
103.758958183156 
100.884340840783 
101.262152541847 
110.851264173721 
107.281391121971 
108.685209104355 
103.190461315435 
95.971654245399 
97.292317309100 
109.145427228548 
120.480472111295 
123.979635706551 
119.189542047539 
124.481314818029 
113.585521049778 
107.882442729528 
120.857632558152 
114.529528468403 
126.042522186710 
97.838294262966 
101.242819101860 
100.390364927863 
101.445305991715 
114.106967520478 
106.807508444386 
110.435784545158 
109.602487292381 
110.710087764005 
99.656822025180 
94.032891620074 
88.012895954855 
87.065766706340 
104.004540347807 
106.161621856899 
103.767568517594 
107.043956813273 
103.561383087405 
105.007993757662 
111.136406136814 
103.993136468620 
114.329063986954 
107.042548244004 
102.366782572824 
105.921186503154 
107.879947314056 
106.358046024792 
101.807640647967 
101.378469924029 
98.636610819764 
107.513324910071 
107.238194669491 
101.564619656732 
99.687419472613 
97.416684900120 
110.527601303428 
103.366499917986 
113.250339017100 
112.916802378998 
131.006455108544 
101.412814494463 
94.667534718822 
97.863097604090 
88.738787875449 
106.918719496523 
106.854580971690 
105.237869897788 
114.439816173276 
100.688218257986 
108.800877442188 
99.198408999247 
106.194036142913 
108.837412572204 
100.862879627851 
92.238043065115 
94.422955744198 
91.365551008605 
87.420846499343 
93.530816775498 
82.221371452494 
89.388753549401 
84.126013373476 
92.365885018954 
90.390297757453 
92.081993519620 
88.326774111365 
92.581466315041 
86.134591237624 
81.033720604990 
95.970528295263 
97.051400307987 
97.866762538897 
113.271590402577 
105.136041098661 
110.024869503801 
98.544737145401 
112.569658168578 
92.782524701567 
92.987459815472 
103.683654928867 
109.382465008001 
93.605415015473 
105.122979714685 
100.690684880683 
90.660315543294 
88.209112131043 
75.319642058408 
97.154439211460 
99.126691966372 
95.169617836291 
105.329768212971 
102.943569384746 
105.365198725992 
89.955537415247 
84.231253847774 
94.412578739439 
104.055597911510 
105.625641092273 
99.622198823694 
101.722539280427 
101.784840338053 
100.544944978959 
105.876828632857 
106.313053401615 
104.071835966051 
104.584969762728 
97.332877180113 
96.088532500112 
93.119937078200 
103.423970516939 
103.778616872247 
96.109955291066 
95.220383431634 
95.026560727559 
100.012469927241 
94.183952262944 
93.439635421305 
94.259058844856 
96.513506289498 
96.986598993652 
99.198571961687 
98.986752635190 
109.844097030699 
105.724661788525 
93.396534544015 
93.648413503879 
89.111616317274 
89.760557891902 
103.129004485567 
114.869829965286 
96.874461223380 
90.902412905718 
100.423692364949 
103.237525429471 
97.857007079690 
84.558067532099 
75.207891157497 
92.318999705074 
97.357887349735 
91.200341342080 
93.002067150543 
97.952780476664 
95.513512369927 
101.565785188177 
101.974411050407 
95.414463174567 
95.752526315295 
115.316133973165 
109.603910272519 
97.771241009300 
91.360811741633 
88.210928901159 
99.112519046672 
108.729466357577 
109.248665940820 
101.927439241539 
119.599980972706 
111.023194012007 
106.927339094311 
114.274129969005 
102.725243660743 
96.055054348386 
98.375935438258 
98.367341320697 
119.784226743221 
129.797945917821 
125.165551530163 
120.060969328739 
109.598745138807 
97.490420650689 
94.730674702181 
99.113343606217 
103.254298094276 
103.444478494927 
117.455997080856 
109.230222912534 
106.263498635321 
109.157842240440 
115.370580709190 
114.267136013732 
122.377302598568 
111.340036520749 
99.779721818539 
103.340244114387 
98.325825115528 
94.785009466829 
102.907155659550 
100.114618737997 
101.741850595366 
94.071234040212 
96.137858975266 
104.046619959837 
109.304730809032 
108.537882533353 
108.416081701843 
106.800337737447 
110.363659877353 
98.495304979175 
87.893060128942 
106.010477644546 
109.075113763454 
95.250021226206 
92.850585149480 
97.237220347520 
97.114270045411 
98.178126392311 
97.530436054363 
87.850667194148 
103.526972565813 
113.410080097020 
102.226798254143 
96.980436628719 
101.874137537345 
97.464474617801 
98.809508222384 
85.212276154860 
82.317344547955 
82.696978426547 
86.898794692277 
96.867168354673 
93.899967965805 
92.200357968019 
96.135194426209 
109.929011954780 
104.387299621539 
108.659491579538 
107.800939780113 
106.918323134247 
105.438773960778 
102.055574936537 
101.020244763268 
94.922508474510 
93.712485258243 
99.079175783054 
101.609543943817 
110.049474399321 
100.768818779258 
109.081418855359 
100.792438555127 
109.494904559978 
108.981575111336 
106.832060047409 
108.099603545587 
107.449470781889 
105.530313406786 
99.329630113004 
89.642222170179 
91.345952099549 
90.090629972040 
87.320260313751 
101.694926264082 
98.052146444626 
91.292183366640 
98.229576859866 
97.179834681654 
109.190955723124 
107.082397830392 
113.868559552628 
102.440732426390 
104.238533950163 
102.853901108640 
100.492253170234 
113.267063997195 
117.744179268452 
111.101644890426 
107.497013451619 
108.602856481659 
94.066757988428 
98.635298424463 
87.816685987495 
117.605103723996 
119.204107067089 
120.552763163772 
114.204127042705 
120.341666252408 
108.935091769561 
106.120392945097 
97.668242308998 
101.257877496594 
105.918775524427 
108.442587778809 
111.022657586083 
95.907804379626 
98.399499115792 
109.045934169951 
124.610447016438 
105.492267456505 
92.268409673679 
108.833086465509 
104.426795382810 
97.492610714097 
100.810718708579 
107.694834735416 
104.172343195738 
105.147124515492 
110.159683652871 
107.121262705680 
105.743853826433 
104.977887985704 
101.422947181723 
100.231573712375 
95.760110413693 
89.682784458225 
107.723160279927 
100.720436002185 
109.741411443279 
113.383986276737 
121.707706400477 
106.286281711844 
109.304763665103 
96.195664385950 
97.350379240074 
94.156902969562 
102.350033234297 
98.302321744685 
103.013166489559 
102.821808006859 
109.636376109897 
110.149469387654 
110.878337707628 
100.618427219962 
97.915323443265 
95.428568995206 
94.810288555254 
95.372186111740 
98.536398530943 
104.685106053494 
103.075459939829 
105.558708884083 
112.194402276405 
107.850402941180 
90.640825618693 
90.334567537512 
86.127335098051 
93.440122935078 
98.908243787863 
112.150725868660 
103.452367006009 
101.659151984308 
98.471508616115 
96.417029684691 
95.372046977178 
110.491857064678 
111.488817217863 
115.932236081491 
112.500224689139 
109.060080845280 
100.356061658369 
98.765150482491 
88.922751695316 
81.308991674583 
94.836132892301 
101.283435450549 
93.613593223349 
95.146972904143 
98.811232544542 
106.199831508349 
92.727999049435 
100.070383150560 
92.757432249065 
94.304151207003 
99.128385499653 
94.305612375693 
85.837385324627 
86.612326292495 
79.864118751147 
86.929202687169 
115.877448417953 
117.087413619317 
112.804373600965 
105.241859642048 
102.117383271110 
98.153374047683 
100.853345124903 
99.303390786940 
100.088826111810 
103.557103641585 
103.258559236534 
95.058377813525 
99.874845737776 
92.791862310582 
89.902342538857 
88.926377112446 
91.720571969852 
91.554858599080 
102.408869185380 
92.819730431017 
115.901498729324 
103.561176697752 
105.379343848290 
121.254671785477 
120.259622650675 
125.170884773212 
126.193699529322 
131.074890256023 
129.287611097300 
109.801805627563 
124.283777431797 
119.625009020022 
116.611057668646 
127.712329481000 
124.888074234917 
117.492238719441 
111.124426658918 
108.907695900311 
126.636708256365 
106.688159659921 
108.835044171543 
106.936077391011 
101.792825526612 
101.496280821406 
102.323745005701 
104.853064748501 
100.958585607729 
103.135096015416 
93.656545047935 
85.562310230440 
79.335196619864 
64.316084466072 
76.621887579296 
83.187711386974 
66.277028627947 
82.616913827750 
86.500985267919 
89.879240452399 
88.203105570021 
103.528986723282 
99.395621632568 
103.572662906403 
101.132677441228 
97.465509799372 
98.626578613084 
98.906304034646 
106.094000415439 
98.402212845543 
89.616375975755 
89.573364992101 
81.247065347311 
93.260375475257 
92.044590860128 
103.749562683717 
106.058632845954 
98.597495581469 
73.823565635907 
91.460605658700 
90.920521391090 
83.152922546926 
88.627848990910 
103.278437193692 
103.217947334254 
106.217676830763 
104.034784595452 
102.415376356354 
88.608643489313 
86.366410910130 
79.902314909399 
84.125180649494 
90.192127289077 
94.923978035292 
87.788244268625 
89.622376887174 
86.721158455449 
93.970157885791 
90.755512462796 
96.492843015972 
94.411156186986 
92.466325007931 
95.078571704481 
97.016453335064 
97.238106624552 
103.832048339958 
105.209956405092 
105.063863839863 
96.379149347555 
98.870587633207 
102.242126663281 
107.633412355801 
108.215726342981 
110.894539635089 
100.016187789279 
96.535387984593 
98.438718124763 
101.688181032544 
108.664645964287 
108.081866939712 
113.638274039207 
110.741949628646 
116.677594556045 
98.773135833603 
105.505565168459 
100.577228059348 
105.123617522414 
114.259535337311 
107.569191254346 
104.020100430229 
103.623571740561 
108.814354974186 
114.039707218544 
120.621333041276 
122.945873562375 
109.638969860459 
98.767518066534 
100.059078877699 
100.383328530865 
104.754639108909 
105.884822216976 
103.068376288022 
118.146173413501 
116.561714025509 
108.489085649405 
106.284138758909 
90.138211956340 
85.785689673476 
100.405381898168 
105.200177139891 
95.095783480437 
92.079969037127 
96.323029343796 
94.184464667035 
93.108182903951 
94.455953285788 
89.550618391118 
88.933107763609 
85.549886786927 
94.564619625466 
88.968823832862 
91.545027538523 
83.340552824282 
91.175726454649 
91.104954916951 
85.472163817210 
86.565755314494 
87.036417448931 
84.761707331886 
107.761363357298 
89.427734462985 
100.920974798668 
119.003002712904 
115.248425702074 
112.821724756271 
103.481669371959 
100.595917269881 
93.357639495640 
102.339299247329 
101.833927766411 
97.525641634420 
102.172645079291 
93.832944974762 
97.660206228182 
89.420847357093 
86.882081977555 
94.909347166903 
102.035568735591 
104.179111836925 
90.192766566444 
97.418395771210 
90.406163155910 
99.674475461671 
93.769552848783 
111.408291678127 
105.615804736240 
96.739440752499 
102.855291495174 
107.770117843641 
112.283782477281 
109.691416939691 
114.909124757274 
134.360347246033 
107.526363616842 
112.456321808245 
107.112076742892 
116.630967357050 
98.560253310336 
107.524238192965 
107.555697929068 
101.600509691931 
101.023210436505 
100.420984960793 
96.782749567629 
95.501080159493 
101.759637497626 
98.955506105867 
105.966005250042 
99.780901242204 
96.894313369930 
101.431873017033 
109.535553009311 
102.510507011246 
104.950094327478 
107.465909921226 
100.978897032437 
96.035018161888 
97.576177706733 
118.705513062134 
108.652985652770 
102.344923285850 
98.226406634596 
92.671228801063 
94.045966526466 
105.549234870954 
114.210682117686 
117.830659305969 
106.366203623634 
98.779269526344 
93.434942631020 
99.368758468002 
93.901566451855 
100.242305376229 
97.731654207073 
108.929533952981 
113.102119886312 
96.354323057160 
96.463448752318 
94.237272953803 
93.876894235512 
95.028022127910 
99.942269228385 
92.006846360578 
113.898184108979 
124.575736243301 
129.360513505087 
132.431110658357 
123.628420006952 
113.198344197799 
110.708134426886 
109.696379089655 
106.694484235005 
109.773347041549 
108.555981776281 
100.072762730213 
100.646722310513 
102.816205269484 
105.252520305745 
109.221316011997 
116.442599600712 
109.906254331936 
89.594030162006 
89.881226188435 
106.860754631450 
110.262120419088 
116.084910010283 
93.224588375349 
88.651253419600 
103.644145873725 
104.672391147444 
109.290984672075 
112.531643108113 
111.205171729770 
103.775313043678 
108.947776358379 
98.249437057569 
98.108343022699 
106.234664185073 
105.024258863189 
89.136189511141 
90.390670693009 
92.442034614863 
97.983372771027 
88.576948634383 
83.814752740176 
79.592963939115 
87.498463484541 
88.396499912370 
91.883884176595 
103.167970227952 
102.055399085616 
92.936421032108 
84.210680020728 
87.273165838302 
85.928074388097 
90.773430077713 
79.653235066272 
80.677570339955 
88.795701169589 
82.373422286933 
81.172036743898 
97.420931275356 
88.879076845270 
85.911964133642 
83.348438632873 
94.183394169638 
112.123665575543 
116.970063717409 
110.192251374233 
109.141281019753 
106.784133009950 
100.536442565146 
102.466902079666 
108.861714455843 
95.783114789687 
96.716794457763 
105.127682829123 
102.107266038720 
99.023344688799 
94.989823962922 
100.637164374145 
108.541021274062 
92.858749267156 
101.701488198873 
95.145808620870 
94.098945577134 
91.249910603244 
97.399388141377 
96.808578766166 
110.648282446149 
115.443314824506 
103.061329524106 
98.446842564056 
101.965290583729 
95.932196533403 
104.545865545422 
105.219920520082 
112.010785994752 
82.445080324425 
97.224538418588 
95.465872399289 
84.443620727624 
90.941844073453 
101.026467571304 
92.266089217533 
93.128639231506 
95.473899888231 
89.088821410015 
94.695014765343 
98.466046710867 
94.781908242967 
96.988532964717 
91.932819997454 
85.028872196969 
84.666771071925 
85.292140701033 
88.564397417189 
89.587144993221 
90.840749781533 
89.370920696225 
94.746216388540 
103.471455331166 
109.926820835078 
114.479881479439 
112.489440586925 
112.423301715497 
119.268787822802 
99.435406635024 
94.972915329187 
107.521173864555 
106.767933208592 
112.416028830065 
115.364654834204 
114.249046380040 
108.953371226494 
98.674840280036 
91.885482093075 
111.534019136653 
103.581129233742 
94.897241893493 
97.400011616118 
97.314502404381 
81.242817529040 
81.755599766584 
81.894740464215 
94.384627936676 
94.655913235473 
101.473301781034 
114.228229619992 
106.806140758384 
91.593247122846 
94.522761208202 
98.577874873573 
95.213187319668 
91.007156562627 
80.455380463754 
84.160354665675 
84.398654485007 
86.444055244593 
88.812190977860 
93.421465560977 
89.542821225750 
90.615612189975 
104.717900927461 
104.031458129861 
94.793285788959 
94.732580696082 
96.235485191091 
98.589806523872 
100.178973112621 
106.424654414475 
112.892987934043 
87.716563549332 
75.287184868834 
76.809776584281 
93.799359161156 
93.941501511685 
104.015236437711 
100.611570470370 
86.599573502797 
80.253726135856 
81.353507855077 
86.701673107756 
92.641256356546 
89.946256977630 
93.707277253597 
103.055000933886 
100.607982106320 
93.646614703222 
102.437739156823 
102.671318213951 
103.742010438836 
104.217644144072 
93.446361992194 
113.008780755499 
125.586477882240 
113.200616857511 
114.008452115672 
98.878025696566 
104.764903606361 
111.706871132698 
109.551157443340 
107.796220977703 
118.188555016749 
101.768129734892 
101.087347464324 
104.411665179942 
100.601970004552 
91.374700917812 
100.063566695080 
112.349293381954 
119.202073702957 
91.898625132922 
90.409566091684 
88.943586159347 
104.414636571971 
102.948850370367 
92.556961843746 
103.768479685348 
108.986073607196 
97.010674100891 
83.461815339009 
88.857008518335 
95.306211232456 
99.603611719771 
106.687824874857 
101.401366281513 
99.141471996072 
101.702089668464 
102.041059047684 
100.522207347642 
113.471630786227 
113.331618786134 
98.547128506332 
108.052826836259 
112.929323394335 
107.398442274449 
101.994412815887 
90.329348664296 
88.623016421046 
112.957342074884 
99.507881714811 
92.209258592395 
88.811675600256 
94.570589190797 
88.404906852508 
87.301159529647 
81.664963865461 
93.602663501738 
77.574700494497 
81.475281147681 
89.003209984338 
94.179938757121 
87.195740694352 
88.042164153628 
107.369615592656 
98.192058140447 
89.036603699083 
95.890277244820 
113.198258872940 
103.796370445956 
116.568997593399 
102.522790482526 
106.664435902135 
112.025159988582 
110.475143991781 
109.213663557042 
103.961166428523 
107.959268674267 
105.765629544871 
100.680937995303 
106.106243370076 
93.688344821078 
96.077481462179 
102.558775653310 
102.976896668761 
95.532257259574 
94.575929663728 
104.029668603138 
112.752080255056 
110.790707583932 
110.278672197029 
100.597238485854 
95.876310153912 
104.947241865372 
120.066690789446 
116.339986699145 
107.317027593100 
94.320073223175 
96.160520504352 
105.779589524890 
102.079736602304 
102.079441006665 
94.140405894356 
103.058403193639 
102.458190540784 
109.492522178749 
111.249057157559 
106.656355148833 
110.229279799970 
121.366585247387 
94.902248995726 
103.328335914548 
98.668764819071 
96.295752069010 
99.431120053492 
95.029490811380 
93.843402343205 
110.695390438881 
113.780963237141 
102.192190122948 
87.094035808533 
108.902847987884 
96.248768906980 
86.615066710521 
92.130957748665 
83.517912501387 
92.109262197119 
93.682576576119 
92.113257447334 
84.564393540278 
84.390565177927 
92.665645539793 
99.246936290046 
101.628041411720 
98.857354427515 
98.340041379083 
106.300664585226 
87.996592932649 
93.998583189278 
76.841120199564 
84.246710106624 
84.349579012372 
78.376393234240 
96.150411598095 
99.725038987821 
98.997836327788 
114.458113567333 
118.240607740263 
104.884392667252 
107.136421204358 
113.831395830131 
111.442971499446 
117.106932006514 
108.349613917242 
106.080556505159 
96.761228150222 
104.997488552977 
94.095492221959 
93.637847103568 
85.163899139179 
89.242583124673 
91.451803763633 
85.112796826349 
85.096139509941 
92.235988967236 
98.844671140418 
100.637980159337 
99.827230248991 
96.863136904634 
109.294754422718 
102.117288702478 
96.687354462905 
107.396095151122 
108.454881551153 
110.506734764922 
111.212161813495 
110.358849036663 
97.410020919243 
98.245222345363 
100.450702781129 
88.953287968485 
75.752544165655 
101.490309719265 
99.235968622788 
104.923299391233 
104.423880156793 
108.615441450261 
105.549915257102 
98.353166518820 
101.376844883903 
107.648751019756 
99.685197908207 
98.305504881419 
99.346259950859 
121.821463013713 
110.408244945968 
116.829372337057 
110.818604691984 
125.280228927974 
126.463492175321 
116.107006130263 
104.881938423151 
94.221009089116 
93.148594425694 
104.051837461037 
103.685763429566 
103.760745103633 
117.406588214151 
97.557179755171 
100.043556659771 
114.130184863090 
115.592279987910 
106.422977561329 
107.628146234836 
111.186392894686 
110.316733833342 
99.837584735327 
111.302330154904 
109.161800068914 
112.534993769252 
107.753032362590 
117.870389145283 
127.925930628714 
120.828920556853 
115.706877023554 
112.121043392117 
113.472179504359 
120.588292249855 
105.468647238607 
107.494567718407 
105.458682584012 
107.592801669949 
112.667676134763 
104.869062928162 
101.044100909987 
106.498286617398 
102.440001745430 
106.599823714871 
99.726520274274 
115.213081262991 
110.599386381246 
103.347082227569 
103.023282411057 
87.045305709226 
93.250358093596 
101.118271123626 
96.758968982782 
92.594662212241 
97.447808544947 
95.137645384563 
98.122425103729 
96.855106270141 
92.671287198901 
91.013298076153 
96.288169390897 
91.111571208212 
82.027527495303 
85.896474815306 
98.703228884600 
108.868684459841 
107.297352740991 
96.567062444614 
98.162744277082 
99.930636760727 
98.558092394500 
101.046430251693 
94.359216254023 
94.233739736997 
94.124295066320 
94.777789628732 
93.651848360653 
85.259693517260 
79.527593977139 
87.465653651912 
87.961060204561 
89.636808321221 
100.174569695897 
101.346100405764 
107.021761687565 
104.546312972441 
97.145327689721 
98.163111101834 
96.546471087229 
92.425864866829 
94.445307367878 
106.243859894616 
97.427735094059 
91.828318664978 
87.796121386243 
80.961879453830 
89.318118292691 
101.028828370751 
103.393209312294 
108.081433904576 
111.579708756471 
95.457649322521 
121.058321295451 
114.435278719235 
107.550294404230 
93.163423019698 
97.708786026804 
108.530905281422 
100.248257536305 
92.774469669455 
95.498390319170 
88.157850517859 
90.649494618735 
91.070009257625 
92.721577870290 
92.088993897216 
94.935336639217 
82.046353783795 
81.288740780206 
101.656140121368 
109.563713153427 
102.831831805505 
112.564344063324 
117.930538871410 
109.591152630134 
103.947608650233 
100.031880619960 
102.626307133434 
103.791277966935 
94.998926045250 
102.435839865069 
93.033771200188 
97.009891739584 
89.625827908200 
91.050273793617 
96.731997736089 
93.587791197595 
93.403470450216 
92.093025293763 
92.156038709054 
86.266999163011 
103.386055166932 
101.779431003357 
103.350813463026 
89.753723060623 
93.463422409976 
84.754513029064 
81.237733946433 
91.829644107149 
75.941133493755 
97.485987843741 
101.023725809472 
101.826956188737 
106.353799627743 
109.526235664844 
106.086898637832 
86.837665056917 
98.896507746919 
99.642450774431 
100.587136544710 
111.197574526318 
106.289296495308 
106.779913909571 
103.848378310635 
95.483796482454 
96.969115594206 
104.967959216734 
98.005406628724 
95.730359966574 
94.982045758233 
84.209245261950 
90.481622321513 
88.994930408035 
103.993579644273 
103.651810380378 
99.584013316388 
110.654791793638 
99.415857200239 
93.624320972378 
98.829459843742 
106.551672636548 
111.002472716841 
90.384597514078 
102.716839114451 
109.975815532545 
89.981483989903 
94.602276922316 
92.231299169314 
96.612974769622 
89.139076519120 
86.474542792540 
97.413212455589 
92.741137155606 
96.264682192960 
94.181375711007 
87.545577389572 
93.251278634097 
95.308867204923 
99.439648387986 
94.597561699953 
100.313866397338 
100.537522726880 
105.714695443765 
100.145949711375 
106.372638516882 
98.646773361547 
90.997625854836 
92.392336108051 
94.863635403684 
92.483328783738 
99.281366782702 
91.016609135913 
99.867773718895 
111.119154392715 
109.257654301977 
111.001876384517 
116.678022620209 
122.111257163824 
96.574595038000 
88.021203713455 
107.319542316790 
101.912987833747 
120.082331362666 
111.473566871844 
110.229070617253 
102.802013948010 
109.309206207711 
98.471262483521 
95.060581647818 
86.115520261227 
91.334244087302 
94.790044272553 
89.857164203889 
88.885298926496 
88.586664682798 
100.656752326196 
92.335490023855 
98.660999691901 
97.994834282950 
108.424318104301 
112.108745164214 
117.604475220288 
109.170143720912 
119.452625797867 
98.561237666311 
101.702143311037 
99.075006204862 
100.525209228113 
96.695724522699 
96.070516479656 
103.628908950083 
100.513441966307 
96.959465620157 
101.594232074750 
101.664913596718 
97.407586097185 
94.930499087432 
94.183004615040 
116.331176852994 
117.267648333350 
120.576906710247 
112.715951821285 
111.957839135275 
109.183137383020 
99.003123818876 
106.009697085834 
99.591376804117 
97.453323088192 
100.907111503068 
100.624380024831 
100.802973332158 
94.541187019478 
107.609349059454 
99.013010891176 
93.254014664454 
86.085164831269 
88.915027982109 
81.632096335887 
88.944306638802 
88.182029726097 
91.683522833726 
92.523280133600 
89.953275332653 
91.750075210097 
86.291821068432 
94.093559682627 
94.216010485369 
94.995734572167 
96.061955096823 
101.324782178398 
92.629183293929 
100.166998471719 
94.893937581424 
93.560876239827 
92.317515181191 
95.201746538344 
93.882842451778 
97.398605876967 
101.395588481790 
98.249783081620 
99.229763055361 
112.598655748157 
103.886348868057 
104.353418436536 
101.632074550563 
94.248001201659 
97.097978425895 
100.907073668179 
106.785983784709 
113.881159764819 
117.156442159307 
123.347035674647 
117.198942062431 
104.497131771781 
112.229198764997 
109.285688031551 
95.002822375287 
102.379652385573 
101.344044582565 
103.667850536079 
96.445396027610 
102.376495895208 
108.998430396056 
97.990012363668 
100.397708308626 
100.546239713993 
94.117024902535 
101.136768414161 
112.660075308839 
110.116302372740 
100.668407107978 
101.461525485614 
98.275349591993 
87.511456770957 
91.740197378304 
106.154087826882 
102.648822445950 
103.913321131636 
111.703443769008 
104.865247338523 
108.030737807839 
110.397565520427 
113.441765903306 
121.604328242936 
122.247045231386 
108.771921216195 
112.797080706487 
110.162698390567 
111.829836031144 
97.512447559197 
99.471974310206 
91.199075836849 
92.567757889393 
87.962038131359 
104.040666155207 
110.810806171594 
95.658619844184 
90.400633674673 
87.466267920070 
80.838384707016 
91.606239615266 
90.789622927584 
89.584485050839 
90.524775775269 
92.135690338790 
99.651930324319 
104.517790197374 
96.705250477962 
103.696078998199 
111.941838738940 
110.107549878347 
120.209619119856 
101.376591598262 
102.373090951566 
97.256107331127 
97.802633034749 
110.545697925649 
105.288076103389 
104.760257872189 
102.817503655782 
101.501764950757 
100.274839629594 
95.785523157022 
102.542407366708 
105.384925778873 
109.190987407337 
103.323586244202 
99.864909138325 
102.973894055040 
97.558749851364 
103.156211268255 
104.149722406171 
113.464854527216 
121.208372901036 
110.083509009115 
104.711940436987 
109.357056758687 
101.172235722032 
111.348564239689 
108.568860967714 
110.867851975136 
108.205970254257 
110.790248920919 
114.377778676165 
121.866366495508 
121.890730520674 
131.172863716601 
120.229978291232 
122.972834379535 
120.302956651838 
127.173112719247 
129.388692718952 
130.776267782244 
122.387661141792 
121.518677545495 
123.487425040942 
123.196315803236 
127.040054692565 
115.776379412735 
120.511656524129 
102.817746872337 
103.621300109786 
105.697169799335 
106.519562421724 
105.392251352530 
101.014156887908 
98.715329909149 
105.848372423083 
97.675562834133 
105.855484014676 
101.044757683148 
103.832885908894 
101.592061271504 
104.561240122972 
93.695873651421 
95.547969943977 
87.091598989083 
86.808737721573 
92.951861783009 
93.855322348380 
93.431004976210 
102.509159055210 
98.141660487733 
87.930349553243 
87.470363528401 
94.323130883144 
101.249132058300 
99.059258183549 
106.000629728039 
104.704739521876 
95.169284001450 
94.172761109034 
85.697543107324 
87.672430774630 
121.311543771042 
103.907807861477 
94.064110739132 
87.823050208455 
96.280023804018 
105.037499880531 
98.998488800818 
102.914132911282 
105.058642702847 
98.420593460750 
98.660811737518 
99.222845547282 
80.423661377354 
89.281593407101 
94.710164719729 
102.852099477444 
91.424695436752 
90.566841153708 
91.122730176672 
87.385456737172 
89.662941181420 
96.613271402433 
94.738110817542 
95.205286037867 
99.111828729469 
117.100227167338 
106.212337463838 
93.616812544593 
91.759302203996 
99.754681353533 
80.098637285890 
86.083633655793 
90.166749689606 
100.239655328886 
103.521835928727 
100.659960607644 
106.405127898757 
98.666905730972 
96.759640907240 
95.091814224055 
109.503070258330 
105.848755438826 
88.964934674103 
91.518084513713 
95.018970086489 
89.363497740088 
86.576436846107 
88.734960335030 
98.141636216769 
91.468377821182 
89.193726340563 
93.783130010448 
100.671319794320 
99.258277628169 
93.811270644156 
97.308550484999 
97.775253881468 
103.825281897942 
101.198576132728 
108.804705740017 
104.202240019365 
101.327401634434 
107.986722742827 
100.258719357809 
104.327777286759 
105.455535232049 
99.878353380585 
103.433289959030 
94.853167495669 
92.697755283439 
95.054591618175 
84.706115149302 
101.555564324739 
100.258274790091 
99.282610305963 
94.157919170136 
95.648871668930 
95.105169930109 
83.294547353112 
86.466847434977 
84.571183479579 
91.579840366304 
102.867741532771 
97.936458227179 
92.298567174701 
97.753466483171 
103.157288667335 
100.255049036770 
99.266144343196 
103.200074793445 
98.892728184355 
95.927058479297 
93.259601575937 
99.984557134520 
97.492055554668 
107.527516419284 
98.494373875622 
90.850299919069 
89.123822177084 
92.371362556333 
99.610087510627 
100.996073016671 
97.379779265893 
99.663374428315 
100.069475766324 
107.811820787808 
103.324341320884 
98.106388724679 
92.042709620068 
91.331153813511 
89.132212747719 
89.740543254815 
88.583016725064 
93.948403017302 
100.544533993762 
89.847145629866 
95.985960801345 
110.665793601642 
113.313329733610 
102.755841535652 
113.021187938602 
103.934988758218 
92.406252312181 
93.303291151485 
107.527385744664 
109.438074798947 
105.121631744040 
105.283173243460 
100.994933880383 
100.333201006496 
111.048250327946 
112.102550080112 
112.519047315387 
98.979207834406 
96.566415508916 
103.309307520938 
102.751616279724 
98.902802948049 
102.294129686375 
95.179358600010 
105.703150249399 
119.175570277485 
107.839460294200 
104.411136338335 
99.969702738642 
96.353477652495 
99.707534517901 
101.681028470751 
100.485312217443 
95.032041021430 
99.928444968956 
101.922574294780 
100.170396399079 
108.373102118106 
102.789510132210 
103.846683748286 
102.133978493244 
98.396849885528 
85.235546504599 
88.374393810339 
82.024663222808 
106.253345577077 
104.894318600773 
96.981911979621 
101.246449461863 
95.515714087063 
100.096065150308 
97.444979277464 
97.586868562806 
100.059595500648 
102.367716343186 
96.286582301025 
104.905078857679 
103.966295615276 
90.634504034114 
95.892893180801 
95.395575350888 
108.715294940967 
102.497249225379 
102.253622937305 
112.846436915559 
105.628676272658 
99.619533780422 
94.735281681793 
99.703475446177 
91.609686608872 
104.745437134644 
97.732010272923 
100.486706438078 
126.936213934028 
110.095078252274 
109.758190783165 
95.009934376855 
94.812021932146 
92.238629857419 
101.374881794730 
105.337280743257 
114.761704565737 
96.644649554377 
92.932832968453 
102.465364754370 
98.495060945915 
130.871154243380 
111.689667444567 
98.459263839050 
90.438143748511 
93.365657716983 
93.602659277171 
87.378239825997 
87.203346166324 
89.328306243776 
98.065749384559 
99.690939766211 
98.872524382171 
102.196638521891 
109.135127264223 
107.061673014604 
96.236454806690 
97.868397473866 
91.288308212141 
91.347460427932 
95.790245191115 
101.231383381316 
112.014099127420 
93.462215438706 
98.829439661234 
95.622675632526 
101.731907852769 
102.171996027035 
90.102850893993 
93.265744687731 
88.436740140651 
91.296223738122 
75.465093630099 
83.810415214016 
89.275069341633 
99.040836457705 
121.117341988387 
118.882593286768 
108.444521749603 
95.553748242573 
86.516942815372 
88.530126608753 
105.439773204906 
94.439652889307 
98.440787992779 
100.465027324883 
96.082191696891 
74.412740557970 
90.788021220210 
79.824321084504 
82.166035160714 
86.832378549887 
94.770864768781 
90.094071511772 
93.788764427297 
98.179026713927 
99.539965936831 
97.350354071239 
104.044384442413 
106.361306065727 
96.530062028797 
103.794798554547 
113.182607173064 
107.833818936333 
110.359448910761 
101.533718705706 
102.300122196418 
98.851930049549 
102.687482758102 
101.849375824901 
79.916347631301 
79.628258452410 
90.733992210766 
94.050680144237 
98.399633695014 
88.707049155417 
93.256477635268 
91.663603060600 
93.656302974155 
93.471565776682 
97.902958890629 
100.946474605270 
90.988409463476 
88.325188335043 
88.226985518303 
90.498055005004 
108.412094903040 
108.318715645216 
97.589777428894 
105.374521226705 
101.152839421774 
97.040108961236 
100.629766971261 
96.014701113674 
96.192778615733 
101.025763009182 
96.267417830615 
92.251818722460 
83.633414591885 
91.396406249580 
88.334444430560 
89.638952776820 
94.652934659495 
97.780118950466 
95.061819851771 
91.465034490586 
103.604873161477 
100.393674189251 
99.310976446753 
107.087774865746 
108.842494315292 
102.436093126692 
96.790347187486 
107.963428900859 
87.213085412469 
81.877369993580 
98.121506602619 
98.870002168531 
87.958179314568 
96.480621485231 
97.973979516261 
111.026467069858 
108.078199070897 
97.595096031235 
98.645261997264 
96.603986551354 
99.525725059498 
105.228081362499 
99.212466528807 
108.794436903607 
100.307918051574 
105.330122131528 
105.591123432798 
105.061118107590 
96.023244278917 
97.045129195164 
93.784804646623 
101.249054841884 
106.077358607803 
101.021805805728 
100.929581809555 
102.653757706890 
91.894719969477 
103.690994983484 
103.173677345011 
104.154226704781 
104.786239556076 
100.117839659882 
109.024608060361 
110.924856225372 
97.805362677329 
96.005126746476 
88.594293882606 
92.607281288080 
92.012347072814 
85.858725801905 
78.978247400430 
94.712680633017 
105.404974140839 
104.863527675612 
98.151328320023 
97.673198711911 
89.575942024637 
94.572047097486 
104.473137735481 
100.034256255113 
100.849783626744 
92.801792201340 
84.109102925907 
81.708655376463 
88.828157627988 
84.877131432603 
103.872495155255 
95.064111096545 
93.739503153884 
100.839224208008 
106.591678790943 
103.090196595125 
113.045522554274 
106.310612360471 
106.911396207853 
112.371237761971 
105.369840985147 
108.823200056783 
111.055972532089 
110.007762242546 
103.680214878393 
94.330380331264 
104.581700622047 
99.630251858316 
101.329574671022 
107.238658378494 
108.706140918976 
96.227153501623 
95.143183045542 
113.974538643201 
107.112765174575 
112.294601934367 
113.625431199511 
100.884950596620 
97.065805905480 
97.613319213164 
98.541323809829 
95.106540535151 
109.271790386959 
112.779217655044 
111.388946595378 
103.940169053620 
101.378019279473 
88.459484706355 
81.280089734547 
85.512777996411 
87.408653392939 
83.388849064316 
88.001055643978 
93.544711773836 
93.584423551398 
91.224095012019 
101.306955145027 
105.225350082945 
100.629920901921 
99.391447940113 
101.782364436299 
106.842055079177 
106.286410826563 
98.028412788831 
81.711101868103 
86.018475403907 
98.641996551738 
98.360938942241 
107.299548248231 
101.350353580962 
108.093340714435 
107.665103085366 
113.332131580673 
123.394674372252 
124.967679636372 
111.093959787859 
115.045715157133 
111.549571701255 
106.958905528951 
111.063669854407 
105.169074308095 
109.096714278678 
115.526606737810 
112.252053074057 
107.073488172434 
104.670950824741 
102.045307719296 
104.862048203837 
119.830753736759 
109.853622485777 
110.471090518099 
113.932738630238 
137.650404667549 
132.179418424474 
127.773994374756 
135.023274152626 
108.007357925616 
111.417906055551 
105.491380626328 
105.298884386748 
95.613920363042 
107.646136652691 
101.175863033106 
91.982141349287 
97.414304363874 
94.512703977226 
85.808026324495 
84.108806937114 
85.619696146885 
99.093476741870 
99.014147404258 
102.591902354932 
99.360909335515 
99.254352244693 
95.787012243174 
94.793593960385 
85.701378277729 
83.770136996598 
94.246006109201 
102.409890676852 
100.353455512038 
90.781131833481 
92.417978716845 
96.221726161982 
93.482814378964 
95.953267033722 
93.089544273053 
93.299218871679 
90.449526208869 
88.923957816072 
85.001682618664 
80.356084379827 
84.965311863992 
86.033731283593 
90.975062398327 
103.576590276092 
103.245147264896 
106.722096164477 
103.777916648093 
111.041190452809 
98.975461229635 
111.947806971997 
106.230851898891 
102.827614894155 
99.277818599735 
95.390651126357 
97.429828486030 
86.370958589267 
86.042297041670 
87.898385511933 
85.498061650940 
88.661576295445 
86.890957464900 
93.354077882948 
106.689932116207 
103.145693627460 
105.503198022671 
108.560303961313 
107.043069549441 
94.201617570354 
95.469622675136 
95.879249102175 
105.399532373363 
109.734171434688 
109.037650231655 
103.862108372719 
108.558827341210 
109.078772866034 
96.575808355952 
105.888929997114 
114.114705022629 
125.817723968732 
106.281060472906 
99.102542359433 
90.851774144263 
91.797520482575 
90.389918503694 
92.433680170156 
99.499487856562 
102.170915641591 
96.056722083082 
95.766001605030 
87.253057868424 
106.302117879266 
93.029125878089 
95.676102075437 
96.839230457131 
98.557051234009 
96.920573739174 
105.041138185997 
103.848636672233 
109.803959973261 
114.298483951581 
101.674922782440 
103.657954154772 
106.932572524110 
89.426563030537 
103.776888926844 
95.794017147043 
92.872037597280 
95.210183725619 
100.936353999367 
88.508957242197 
93.092331261529 
124.068449567847 
114.319043104850 
103.042305905286 
94.949178780370 
98.144340920555 
98.787228197489 
94.109369158014 
86.697098676919 
93.891444578119 
104.360316494775 
103.249591691942 
96.085176544250 
101.129150274973 
77.934304007336 
92.891050772171 
99.918338609635 
99.798951594242 
89.274185734923 
80.595313370052 
81.524505898857 
91.086106401328 
92.798563051298 
90.577723696727 
90.796075493958 
100.367713925272 
102.836860295744 
101.567028224202 
101.700721374804 
103.228647704522 
113.595878905042 
117.893415855873 
93.671237298335 
103.101731360442 
114.707351857393 
107.441801217734 
111.770925640674 
110.220914189161 
92.832715783524 
97.309637546725 
96.346346996371 
94.063975494298 
89.622315975911 
94.654447807839 
89.050824610924 
87.212548629647 
95.384542911741 
88.171210859263 
85.390279199104 
89.291639985088 
100.660425995043 
98.030775370045 
95.885523845681 
93.105874295946 
88.894298880151 
97.852050381016 
108.068535957609 
101.045786495603 
92.545669900325 
92.276313084186 
96.146928633656 
102.045483735156 
104.384201197275 
112.448954007583 
104.175498106754 
119.300359060919 
106.601881216311 
97.639666992528 
90.385831651204 
91.135723892384 
86.933736691729 
96.302711818865 
103.118711900239 
100.287532412210 
112.292186953640 
96.564374909883 
101.725783303324 
106.666590778454 
110.800894577838 
134.366624349964 
107.475125686019 
110.880050320637 
99.029402258460 
101.318285519556 
99.077312908515 
97.474881947336 
98.998174972278 
93.237570355570 
91.983297257699 
88.184660420354 
94.516812493546 
97.946700967396 
92.344948826224 
86.522828760256 
92.558158628987 
98.628334000521 
87.042571763807 
97.501915835225 
102.279617980428 
89.520492887598 
86.944948751721 
88.148901378030 
106.776412062882 
97.640593153305 
103.292980838859 
110.962345022089 
108.903379646344 
105.921935025569 
97.977245938815 
100.261462919978 
99.186152769654 
93.313570157650 
87.827591652427 
97.188008602288 
93.103229890555 
101.115774552754 
105.552826990622 
103.117766351920 
94.760476963959 
90.220979658426 
97.372529042030 
103.361296487452 
114.243488126633 
116.665551837901 
123.676990741457 
110.415638638431 
106.458177815128 
97.715002917972 
99.095914798864 
103.493841754288 
102.730506927757 
95.626181754842 
83.548583062963 
99.925977412627 
95.916868237060 
104.772888848658 
102.360836174534 
98.068102855851 
100.369832802813 
103.873951720607 
104.092836479722 
101.735174041181 
117.385275331822 
117.433745209397 
112.015988340600 
114.263181876429 
103.821308837579 
104.865046736922 
103.141223455963 
108.457313264544 
105.200926243994 
100.090240076471 
87.679131218831 
93.710577970362 
80.615144085093 
96.184646254608 
107.763085265852 
103.328287206638 
101.124338160941 
90.028877703305 
89.098249817312 
88.499483467260 
92.360122253655 
95.103742051239 
99.252475602988 
90.993436674153 
84.602119165024 
87.765052999849 
75.843114950914 
81.272069588915 
89.145436773428 
85.470961891513 
85.255640593620 
99.645829870354 
101.843850048573 
102.541117502254 
112.431975837769 
102.407055950508 
101.856935325007 
111.556826664936 
116.528774530706 
100.991705384006 
99.329977433533 
106.088002750943 
104.136103556790 
102.866398256659 
96.298717174852 
95.673583946673 
84.689372893853 
82.340654900686 
84.313667751540 
83.440750323009 
88.695357107717 
89.791394986902 
90.834127609227 
89.472228800467 
96.576401262775 
105.605533577371 
109.109663348071 
116.186534203946 
111.607954306443 
97.380760590974 
98.476235085622 
98.491977933628 
90.544871241363 
90.966328335599 
112.016430016385 
97.751835332549 
96.190574835387 
102.506680610340 
106.526352425264 
105.311574473358 
98.770680836288 
107.336154955387 
100.504717702198 
96.187492698267 
87.329607210592 
93.070116555001 
88.179127163666 
103.344609705483 
94.250388274896 
90.543089035108 
91.521905459226 
96.424614898158 
105.313987408834 
117.589384716135 
118.444988360663 
105.537236730096 
104.633101153634 
100.799974562281 
113.521893637167 
98.365670839607 
94.861859480199 
96.726810130495 
93.827781394150 
92.262182900319 
99.412210875946 
104.343780859859 
98.234780814097 
112.682185493775 
99.110519425640 
101.479166881088 
103.918126055270 
103.389320009579 
104.110281542524 
102.632487739122 
104.826707209835 
102.246473383721 
98.536004527633 
104.577110440111 
103.021105596497 
102.703007590472 
110.270049421272 
95.948672796189 
91.577712825162 
91.985712904590 
92.173504026975 
84.764369010033 
106.386194009714 
101.295759453276 
93.137056535689 
113.364998096426 
113.270550899575 
101.894525190149 
113.306844458162 
97.506529762799 
97.112195707395 
102.315912350994 
115.461162991327 
105.887574777992 
102.553527267045 
84.344978418993 
85.007394982942 
97.579986771687 
104.019910988545 
100.703658204248 
114.372547719651 
118.728514372980 
102.127455844864 
106.254058679000 
90.941063492289 
98.270976031948 
116.151429961758 
125.730024280560 
126.575559144442 
120.458519957011 
113.862723510096 
110.029730149186 
89.613161227758 
102.753744297849 
103.049667419660 
100.825380150378 
105.219729092993 
96.622685780298 
99.974371243462 
100.978050810156 
104.557398862304 
107.349279141447 
103.251925758611 
107.526328767743 
108.495716585020 
112.170446277746 
108.611974531722 
112.722591922722 
104.987755138812 
93.068470238962 
99.049072336619 
99.339413741303 
96.506107349951 
100.569850463695 
105.353275304663 
98.429354197419 
106.529993237286 
103.461368429442 
113.414712283355 
112.995746426203 
110.411914558661 
119.052409677101 
117.989831237487 
120.335899483706 
112.056336240136 
108.198715124774 
98.942201241334 
101.435520261084 
94.405826001908 
91.512139552211 
98.635958547928 
98.038202045278 
96.687382749591 
87.970075228046 
85.931343671477 
86.353345981762 
101.148811566443 
101.609105377018 
100.055889799459 
92.058247756486 
82.559554413556 
85.980098496208 
101.374341050119 
98.725660544840 
91.092611065449 
101.132123985596 
102.183870176579 
108.880780732576 
97.574193514137 
90.323320862070 
92.607065133816 
93.591027990264 
87.075356478906 
76.585502280020 
91.565878084181 
82.750181852277 
96.602671544954 
95.092453609962 
98.931147042146 
100.405555427800 
117.273496113836 
112.955186290028 
99.571891079677 
107.912552332328 
110.029928344905 
103.094736661707 
117.234024330587 
117.480926740444 
160.826979358195 
132.625234536042 
107.367392139224 
96.871258490615 
101.498118388762 
114.482746554908 
114.595793247908 
115.207335869824 
116.839109730432 
98.293349155034 
96.988282903134 
96.366396746627 
95.299290544143 
89.914099444504 
98.443931551883 
98.072332115774 
108.301306219810 
94.384449119333 
94.946665824419 
86.128890290616 
99.807494420334 
91.079097373249 
87.146963644633 
82.793666586364 
90.624877279374 
94.168737865276 
105.872896293422 
116.699016759819 
104.023277017871 
97.513639713179 
93.280006933645 
99.579490617294 
93.246557585052 
91.589848353675 
98.343463520978 
113.428113164061 
113.538504650643 
106.333316632736 
94.945791852102 
95.150341649925 
88.577531518500 
101.731951488698 
111.247577110491 
105.693187331948 
113.696083238282 
109.856568084006 
110.298315691917 
105.626742728721 
100.274923245081 
102.664410488656 
96.496806734165 
97.811031577661 
105.152367041283 
99.477872762686 
89.334098423068 
97.757523030594 
103.402748123969 
101.335826343647 
88.698389889015 
102.109611755391 
101.688151663443 
104.165286747396 
93.858517748568 
94.706908301432 
100.336861625545 
94.737944042882 
99.626977555416 
87.004018597185 
87.433690232193 
84.250287926908 
88.529668805921 
91.743913044564 
92.531706147755 
96.292562966156 
104.541088759990 
93.449468321967 
111.042546388268 
113.507724552646 
93.850707532130 
105.310384172072 
95.063691602830 
109.193254502487 
112.765810601440 
113.321916402996 
104.350993402685 
106.479733515075 
104.254713302987 
107.889155069888 
115.785740311545 
109.133203699685 
104.187922355053 
107.403231745356 
100.691790837911 
108.818431562579 
123.525247256645 
106.445049849206 
100.121727546708 
98.288833719518 
88.889193838088 
82.998259482359 
83.770840589283 
87.112188991691 
97.058408889626 
109.319969427119 
105.434103325263 
106.630961873627 
113.843041865337 
115.432085907465 
120.366639066039 
129.897919592726 
120.420629716907 
126.503886391481 
140.940923015248 
102.676657410043 
94.986791427742 
105.547324151110 
101.792563767801 
106.360173219946 
102.256522859611 
101.683458738044 
99.228435984247 
93.823517601503 
105.246077857942 
98.472628234365 
95.213215305891 
98.744515737316 
98.694166517820 
93.629460174698 
98.543585865839 
93.518521573661 
78.796295288566 
101.233257842705 
110.549750757488 
105.621609675543 
93.026357965714 
91.091021063318 
89.555892819194 
90.613417651933 
94.086456919184 
90.806583922901 
93.112412926793 
112.727735335563 
119.928514092952 
99.214993939272 
103.616701294410 
100.240562855215 
111.109962446487 
102.262371796856 
106.672295186896 
98.563495972770 
92.077292393282 
91.449775170598 
81.144956853988 
83.132474795060 
89.126853422758 
92.174608124966 
95.736760827453 
108.350106577537 
119.383930983032 
106.770922227347 
108.573957122164 
103.610443288931 
102.954727558558 
97.014628341825 
100.430919172982 
100.174312745610 
89.498374310630 
102.288858045415 
113.712280555355 
117.612943515157 
110.809094245890 
106.926154392076 
93.421475439812 
91.257447228235 
88.726294329933 
89.147322460028 
82.748110497387 
86.909306598440 
87.435841395824 
95.841775459248 
103.607615915342 
91.699321218330 
99.778480526604 
86.693466577977 
90.882558004195 
87.418229875264 
99.868178306069 
107.865539113629 
96.978668257889 
114.848584020503 
119.509433589870 
115.386381289181 
119.554324658505 
114.889545191003 
123.422397864076 
109.405720813717 
107.813293349992 
102.745233664214 
103.538986207396 
113.745685579918 
108.203230449174 
117.028153488247 
113.251914103962 
116.643170841987 
97.309847947963 
95.012376236860 
101.707490442293 
102.198011220048 
102.670471335471 
94.584703095684 
92.148732050716 
94.104118062174 
99.429911334694 
116.439506739370 
115.892512885193 
120.494070783126 
111.180696670998 
101.530786594552 
103.145988567070 
105.986760949323 
109.122631042586 
92.938280009685 
99.072959975317 
104.606724600190 
105.268337853886 
98.839973554161 
104.355842831422 
97.935959996470 
108.902459591318 
110.084111665551 
101.820564449215 
99.881991358599 
101.763951310695 
110.306324963237 
117.537580613548 
117.439754488217 
105.922918229692 
104.417783242849 
97.499545039329 
106.819223846040 
104.448677923641 
104.990641308442 
117.746724329551 
110.520103514949 
119.370402319992 
117.217641624875 
116.010611641955 
116.632675888219 
112.233038850016 
104.371165087988 
100.644998512463 
111.679593294714 
106.944711156449 
129.680060442284 
120.062609899427 
110.627060676061 
109.153558076725 
105.359687329963 
112.521069636055 
108.290002046367 
110.341054000809 
100.829533178159 
101.520012143551 
98.960225617433 
102.775339858819 
94.626111236556 
98.610525604165 
97.222514546712 
97.414678079185 
92.954919176352 
92.573107688998 
95.351161903238 
98.840343394648 
103.692177631313 
99.224974924693 
98.692708816938 
102.115640996051 
95.245795692056 
92.733034259777 
99.089689714117 
92.076143044116 
95.069396596461 
84.010138855115 
93.704915314770 
80.629266134637 
87.732829037710 
95.903151353209 
88.944287730762 
93.374192690035 
90.712378190045 
94.802689595063 
94.224672169929 
84.773027448521 
88.841447496739 
97.135483063123 
96.939244979368 
107.005585598090 
111.011397754342 
108.359400144746 
108.402637554013 
115.437517002734 
109.573808339191 
99.911146423018 
97.777767907336 
105.413680230386 
87.349497995959 
87.666999293827 
89.559663060321 
99.407411094876 
97.190042474697 
99.821805106180 
87.765466733644 
91.239445563346 
101.895598219255 
103.619156038286 
112.681142349369 
113.149519852522 
108.514261754207 
118.599502789640 
108.243767560591 
106.514214644267 
103.578360036420 
103.463185609700 
105.540069976851 
99.674217614481 
98.220544021865 
86.073970398531 
86.056020516134 
84.818865728746 
83.941247632324 
89.890168308837 
85.556106938392 
86.674016068698 
97.928219991275 
97.176908517184 
92.538454748781 
93.488150785958 
99.511360544177 
94.588869845013 
106.494037865009 
91.293595937338 
92.045554793058 
89.708536615749 
86.525157169321 
103.636048635946 
91.457284627759 
87.528472267310 
78.650756170417 
95.077425271033 
101.620653931552 
103.436024254751 
102.311439723078 
90.890147634063 
89.890599164722 
95.840965949727 
92.328285652793 
110.362019999625 
104.067140119507 
113.183749187335 
105.583032999568 
115.025773672723 
110.997382127981 
116.191940915509 
113.148675008513 
101.307702351413 
105.246377428809 
101.678706148871 
98.883293405725 
95.836836643217 
93.254559678977 
95.715270439715 
97.826368781879 
98.729712856785 
103.694871081870 
111.734496811314 
97.475106951053 
99.172836173605 
86.603048476464 
79.518727271399 
89.467020940212 
94.455534668977 
101.646968821422 
110.106547952691 
113.186443113083 
117.153344797019 
122.691076882735 
126.117047481225 
113.818047031542 
102.095069886570 
97.795070878563 
86.392666753461 
83.355286903507 
94.044791950254 
97.478200812224 
98.774668326660 
103.092724197837 
91.834379267325 
95.159959848156 
91.244758774675 
86.174119216493 
82.660415932504 
94.604364602325 
82.590262566643 
90.229608746797 
83.974547495607 
82.603912107474 
86.866471416018 
87.931970460625 
95.129689551749 
82.820896573633 
83.950412843438 
96.988302832369 
98.158434660933 
96.808252507675 
90.049622565803 
97.904123276747 
90.482594149722 
88.737035975827 
94.497918633990 
87.813591839736 
87.528451678816 
82.686925822414 
89.609077590271 
85.319628298762 
77.792724955051 
92.459734350047 
94.759727235106 
101.321802238594 
103.165085212927 
109.263613804873 
106.349397119149 
104.637547161939 
99.896225146645 
107.078483247043 
109.596280815427 
127.079580575186 
118.155871804667 
112.989582579262 
108.820513905282 
105.321923157472 
116.510332816486 
105.995852109557 
110.848013148485 
116.111179882049 
111.196038442041 
106.841889918391 
101.689010424766 
102.005795121920 
104.328414663788 
93.702465028991 
92.109030600255 
91.429327612529 
109.257821989218 
86.455546620482 
87.531082817312 
64.434408586171 
73.200991181094 
84.472060481022 
79.181111000954 
91.498822624129 
84.920024597046 
84.485125202068 
93.527773423525 
97.158771244328 
87.286449475650 
95.153694650092 
96.286093053102 
85.910887247182 
99.936706275873 
92.646452885762 
100.188831752215 
96.014040113503 
93.005782396161 
88.451523380847 
108.294539815289 
106.951197600383 
102.231374067772 
105.850852375433 
98.772251796722 
104.640763450278 
98.798683001592 
94.043650122099 
100.056643544525 
98.031733754430 
112.458744951483 
101.475449655806 
97.501661766819 
102.069379721635 
100.422496991146 
119.208463868320 
105.932561960693 
100.361663322939 
100.796223433306 
104.755315236605 
109.256263245554 
113.907229279772 
115.040581859227 
112.942251228128 
121.010611826862 
110.593928821618 
102.867268966154 
93.519244292186 
96.993897122770 
99.170029130035 
96.834463080574 
98.035364911089 
94.709789386197 
94.410211029872 
91.388768398454 
97.704466103281 
102.189720864264 
109.831864320444 
110.916139553848 
114.758246035053 
120.173488021169 
107.923995474239 
93.859118704715 
98.548099020491 
84.450492829292 
105.063366650978 
98.568829749266 
101.048457824967 
108.119231047995 
106.775342148859 
103.612816442390 
89.829027764187 
85.713370620835 
88.831383397836 
87.437826428250 
85.855423091700 
88.862863564756 
85.250245901003 
92.690134098954 
98.334992861172 
95.910095616231 
92.651885527335 
103.659616368092 
104.054731195704 
100.745468686022 
90.420816735512 
84.925044813824 
99.150100907332 
85.521934713118 
83.794675000765 
78.960989993427 
98.310411030659 
94.375994824879 
97.074435656127 
96.320016556826 
99.916993296746 
107.980985244803 
100.850234258674 
93.745851580074 
87.792106140945 
94.869513267355 
89.672062533630 
89.359653723417 
99.262521326028 
98.757262304878 
94.165047674346 
81.630799958750 
78.229049040484 
84.247181127086 
81.966885282725 
84.190084984862 
86.734120816825 
80.914409169992 
90.633260482300 
89.896392466719 
89.613398283969 
110.626387456619 
96.866850586717 
99.216500077641 
101.885784511783 
100.884683550568 
98.499938398132 
107.550298592355 
109.088383017759 
99.290105530150 
110.021437728439 
110.351312759628 
109.784937315746 
95.477390964067 
86.437688550785 
80.910160344290 
95.057596640583 
91.210135936836 
104.736826102466 
97.224025204936 
85.250149541732 
100.343125486094 
106.409380761255 
118.132234296507 
112.154453211958 
100.478306078553 
98.948490450723 
98.497927721017 
101.291345644408 
101.783788347227 
102.347094235423 
116.931349807340 
116.146822543220 
102.864458962631 
103.428477365078 
113.987139095981 
117.080512191896 
119.590643347223 
111.192598289905 
108.439930051164 
99.970831027128 
92.247292503934 
93.195227590929 
99.023877790039 
105.052502975676 
105.253247253232 
97.826843584673 
96.870421993264 
99.587806380507 
96.888565653538 
100.147220961112 
103.314552433974 
104.829054918880 
105.610526717382 
91.646615649992 
92.154116751044 
109.092738722441 
100.645722666166 
100.302840916529 
106.863525552159 
102.179288451730 
104.581692597904 
128.904299391891 
116.104495163597 
108.573264087642 
107.368805605130 
94.762584645737 
96.634341676689 
94.527280191384 
84.189040279256 
88.585589523118 
100.142100703205 
96.935460643329 
90.067694724080 
86.481753472234 
89.075099710059 
95.037162746167 
91.405385288136 
95.573226123701 
110.991837471176 
106.324389682196 
107.406082484154 
104.552903138912 
102.272777621812 
102.002896025118 
107.803247090884 
104.976754040330 
105.341749105292 
106.011867489099 
102.304045099365 
104.288090997548 
100.477931420508 
104.638286862192 
96.566140513275 
92.524069936824 
91.149247554348 
98.530202649315 
113.992234281308 
98.968212180732 
111.256993325862 
110.621038446764 
108.556226701578 
109.173581684627 
109.919246115480 
97.866012917900 
100.142320991530 
109.276451336553 
114.531525198050 
108.675448476939 
112.294609564426 
99.645152890324 
100.104256569621 
106.499133775805 
115.918626617280 
107.821970317082 
82.431731410135 
84.929273668180 
85.529138115260 
88.612457911802 
87.215020915237 
91.178428791613 
95.176764179250 
101.461598294281 
93.730756419613 
95.285099513082 
92.890939296060 
95.553661774346 
107.575575494573 
105.361935511916 
101.457157640467 
112.262953517297 
108.667632889694 
102.486820154708 
96.212263241661 
95.573868607967 
99.608587018760 
101.474425153969 
106.365881725235 
112.384264567363 
98.719683359856 
97.336080475084 
100.017976526310 
109.553790978810 
109.222484188710 
109.057235804331 
120.064924383396 
105.885731231334 
111.740132686121 
107.173046722413 
91.960690776286 
98.892466289814 
94.167671624877 
83.532837026129 
96.568278458607 
95.399634784455 
110.611065744922 
108.167887080015 
111.383819711832 
120.520511923070 
116.728394022816 
112.935173266191 
115.864934611714 
114.216564160816 
114.379770189764 
109.867941448395 
118.959242879716 
116.282455350156 
126.191043915834 
130.360746236431 
130.153151705514 
129.169906658027 
123.180642883103 
111.706546377575 
112.047056669248 
103.662574049869 
110.334754820562 
106.801077435174 
97.211613627921 
89.189299227852 
93.097612601818 
102.931556041847 
101.078735390474 
90.629625356433 
96.489871583963 
86.489200002912 
80.994939617344 
85.466877646001 
82.126772568708 
85.833478835360 
88.963055079275 
88.395880475736 
101.246337914089 
110.325851269712 
117.003354983516 
104.110274452414 
105.996067214175 
96.297292829212 
102.946915930327 
105.367572421402 
100.571846461809 
101.124885227963 
104.277247538771 
101.371079342663 
99.946831548951 
98.674508853423 
99.950503089977 
99.715475018296 
99.195120851634 
104.679896913027 
104.310923483543 
95.453328010559 
94.818073368602 
90.653704931288 
93.440766556212 
94.036581519385 
119.314813042519 
102.918740612927 
106.411781966997 
106.978953427039 
96.253258207516 
97.650759233257 
99.118868894909 
96.507773927902 
94.145198037837 
105.221393013672 
104.246263291297 
97.282396211529 
88.965734479520 
92.120559554364 
87.733119461107 
85.725642311226 
92.758027179544 
94.244773160134 
97.651216141064 
102.382711458969 
104.469777126719 
100.947720709302 
96.683526666190 
90.983339316577 
80.986973268289 
82.320977224091 
86.647267261077 
84.203350111619 
89.882767918651 
96.809707481107 
84.595281863655 
86.480635272177 
90.670628627500 
91.238224755019 
85.165767597681 
93.335835796634 
97.240875896764 
100.977121885459 
101.551549126552 
103.156593862322 
108.348800468745 
113.713665064907 
95.174655803106 
95.570007498292 
109.842030688784 
118.354371603174 
119.664770722506 
113.528412445202 
110.995394179791 
121.720291522309 
114.027665747544 
116.840785150187 
112.876754307120 
100.494899952563 
97.248081995508 
100.847607556478 
104.199152758957 
106.638850149345 
110.981327178137 
133.500720358345 
116.844335351252 
113.118726539632 
107.072802148735 
106.688653184427 
108.774675843925 
103.097748587153 
103.531185932623 
100.853053606067 
92.070828458156 
106.572609182434 
113.012170146213 
124.648006578295 
110.875854778709 
102.945206606441 
103.579656989184 
101.449829349935 
116.208136909399 
119.490180706934 
110.268802517518 
110.387273248395 
106.515531366111 
95.340641676486 
92.668974227995 
85.849540525341 
103.086269077172 
113.603266396110 
106.644411481595 
108.359980782686 
108.589730603776 
90.028899554248 
87.902761816348 
94.201272105777 
98.687937748153 
79.195451211924 
94.436371242938 
114.101530818261 
105.274889088171 
117.174955415183 
117.455052748285 
111.694395082039 
133.957330376449 
122.141883776296 
107.543478833256 
116.525821644592 
109.497279324676 
109.477856634415 
112.875830673397 
102.966425646438 
103.434015192139 
106.136431508293 
101.335459458465 
97.669106000408 
95.721301184692 
88.648859671449 
87.523999017423 
94.848935536386 
102.263518836069 
95.761018265510 
93.249028995946 
93.376019727084 
116.686288892040 
117.575782470439 
116.412859963724 
114.955765660244 
116.337917757646 
113.327818398982 
99.839052006638 
94.419877303375 
99.319947423166 
94.672933668732 
84.373171616591 
91.976654182795 
110.047274601307 
104.140311599480 
113.557236731292 
106.921036817949 
108.342878701060 
109.535175649770 
114.815662088503 
111.962189797679 
109.686150301440 
102.549544758413 
118.119585754381 
114.881450742835 
115.927665333204 
113.805281419422 
115.475593684603 
119.598922275702 
94.024275233077 
99.166600896448 
95.427211840622 
98.065043175010 
107.564752228775 
104.364543075280 
98.099819357776 
98.239638740457 
122.868383249402 
108.856115279864 
106.785555104273 
99.820828081730 
97.537499413880 
93.778836594210 
102.415852209691 
101.498519251350 
101.658721135306 
102.430020512241 
96.153200207781 
109.428008827383 
111.412004657714 
101.787740938000 
86.618890847614 
88.392777325118 
86.877269090332 
92.953087790674 
88.393212100699 
94.490518079830 
104.223468664168 
120.217253302279 
136.538161385852 
117.999998679202 
111.863125248470 
113.218625022616 
117.176419878704 
105.362427313182 
104.577632666512 
108.562544071618 
100.015431888709 
87.412828358087 
89.176389670161 
82.418963359364 
90.679506725297 
111.864406978343 
95.902669081872 
98.320787232057 
110.294591012765 
113.311802404372 
103.538874237013 
96.421681519226 
94.977884334475 
94.858744608395 
91.972728422315 
91.033465037587 
94.738998795477 
99.518689648522 
107.614994811627 
110.743577251950 
98.994801003169 
91.926185537693 
88.581514781921 
89.218360672231 
89.196708098969 
98.433159061814 
95.147135587162 
86.691280823342 
84.706395674169 
98.518141514426 
95.397852097131 
97.247450420768 
116.773934878370 
104.944355563487 
107.732193320407 
99.079062590300 
94.699611274894 
86.082492400757 
99.657582618607 
93.413706923734 
86.301698450684 
89.257749539482 
96.362805441284 
95.709060544109 
92.701876273957 
95.859511885557 
104.516740089200 
106.324409285229 
101.938767562438 
85.102081135510 
88.877027523611 
95.065902598375 
88.050189307150 
91.271062521199 
91.223678574499 
102.638362186199 
95.120676944293 
100.899761908056 
85.584850313639 
96.557387925126 
102.704645175131 
103.955409543610 
104.073023248167 
105.783470186202 
99.787078928888 
95.960374912101 
93.222261560298 
87.014501232016 
96.120309214206 
98.986873008053 
86.920212922956 
86.499075689275 
95.352095245987 
100.545877339838 
91.818119200440 
89.956838332131 
89.946245317869 
96.997870357790 
101.763638006340 
106.333710877519 
110.414370368549 
115.539176852517 
110.336323564699 
107.699683787827 
103.169495567622 
97.679665971228 
94.087617615089 
96.844646741360 
97.488759992112 
109.224990038092 
111.402674148363 
108.598730592608 
109.549666161728 
104.043064329620 
92.404772520203 
97.515611467863 
105.121914560723 
101.655827799467 
102.194154993294 
104.736154491445 
114.565229731368 
120.838119630111 
105.427747723966 
105.809142761517 
99.158716239206 
79.308094944746 
68.196655606756 
84.481265173420 
101.132499235260 
91.922140061917 
94.495036790485 
89.595961197503 
90.930145986203 
104.510969824569 
105.608673691390 
107.996832646308 
102.561430487813 
109.114167213295 
85.286536881008 
90.523717128694 
93.244246819841 
93.017766275922 
87.623513365248 
92.221818450798 
95.528360969909 
90.710703221903 
87.106833436724 
77.785968551137 
91.706365346956 
102.008968844200 
95.257013740940 
87.179225718750 
103.151198357302 
109.391125384500 
95.627095344543 
95.886175648160 
95.392002151296 
100.425933703537 
112.030898125144 
108.999307439435 
99.658081503007 
99.358976923676 
102.981080706486 
101.494589764681 
86.076920013120 
88.261699775083 
87.154893770213 
95.309977986481 
106.544678839466 
117.274547282906 
115.172761213411 
102.448942809066 
101.582610823176 
95.434983332020 
101.484516266516 
107.915086717601 
102.320671121397 
105.311446295531 
110.196954242301 
108.426184438221 
97.694978756209 
92.390104772202 
88.474114600562 
97.174503826445 
83.162453574107 
105.251080655204 
102.761641050365 
109.696520284865 
99.534468381152 
102.433251301697 
112.835962906805 
87.780861802497 
100.896922339552 
102.528491802050 
95.217360553651 
96.233261087946 
102.061416900438 
98.940692955953 
98.368818571398 
94.265303557082 
95.922487741898 
98.545234142656 
95.541786269594 
91.586367265683 
100.499911140813 
94.020336615081 
101.651968287839 
113.323754792466 
107.540589781421 
105.204484937321 
96.782354163741 
121.006363301514 
112.046322668356 
131.036404582003 
115.043700825234 
111.802998585950 
108.164697664687 
115.763825195269 
107.655100723161 
111.472347708997 
108.926740571172 
118.228573080741 
111.546130145187 
105.387975774612 
105.400815463433 
113.739399449281 
99.908267370037 
101.446793831529 
104.595654689777 
129.943845890688 
121.837031397993 
117.031877721248 
94.133158536792 
93.984104265123 
101.704765882599 
99.413319902762 
101.225820293849 
93.491907346960 
105.700359696539 
116.003676792431 
116.510254393941 
103.052660846937 
89.041699440164 
105.285127581036 
102.348823063688 
105.227437572087 
102.740282594578 
108.871392301097 
107.108455187277 
107.251413207422 
110.421244524089 
108.136472891037 
107.522339548402 
106.432348702937 
98.189018004679 
94.633240033857 
94.530183946719 
97.219766603766 
82.278081663464 
89.608703979211 
89.386682519655 
96.276032083870 
94.373836092743 
97.728922165826 
92.806825236579 
89.883745559212 
93.422128639451 
88.189385560047 
87.126352932272 
85.703312631405 
82.918587364086 
88.832018794721 
84.052484262349 
84.512950608153 
86.596817362864 
89.099817653345 
96.228871463212 
94.656584496337 
97.543731476532 
100.654402558805 
97.960396898718 
102.185243796783 
108.211962823284 
115.895134754898 
113.251124877133 
107.358558984592 
98.554648932728 
99.813129221516 
102.390352039837 
96.093518927736 
93.401589997503 
106.563493406744 
102.499828040086 
91.179150542727 
93.773212520266 
97.546045064015 
94.580255172455 
95.449879905976 
83.423895718324 
88.890760604321 
90.879693913412 
96.106135838478 
93.315477737761 
89.743056890849 
92.061057833702 
93.543160234628 
100.015021281290 
95.791477486266 
105.572233836261 
104.987406907296 
94.824828208384 
104.072537734368 
97.998177570455 
91.676872137860 
94.259711141026 
109.707070293803 
102.359619430127 
109.890699543493 
108.922671580873 
116.855295537889 
113.076729167536 
119.120817252210 
109.960704868015 
114.625921669175 
104.201877678426 
96.903070128509 
86.726681188166 
85.713604264502 
108.293059615472 
110.139436432604 
91.346816184095 
93.970698576257 
97.700112955395 
98.986935774663 
91.960138836541 
88.628731172342 
94.133428622650 
99.809976200735 
88.664002166883 
88.564098515002 
104.411999091305 
98.577549563043 
90.122446452958 
93.740020642152 
90.685325923096 
90.481558333846 
99.153259491654 
99.645631380206 
108.284798202106 
106.076848725525 
98.345219006544 
93.856776933280 
100.892279514410 
110.984401644387 
95.136678196052 
98.224707649140 
106.337517033868 
103.301404643370 
96.795555785356 
83.743485448581 
100.941786414317 
92.462581676819 
93.616693987501 
91.136814484297 
98.878711544352 
105.470272202757 
95.302689312800 
100.324002158768 
102.533892869214 
101.214913068707 
103.016296031681 
102.924507357285 
102.725482282985 
99.142583110825 
106.871583125896 
102.184334481037 
112.807394877783 
95.883777803532 
92.466644595883 
91.476146066721 
90.770229040253 
85.247373042137 
97.383298517030 
89.820677277733 
90.099054852256 
101.240048257027 
101.044508131081 
98.057802792778 
109.577612578344 
113.322947718012 
106.895638275637 
121.074024596514 
108.934593866177 
104.037394087246 
100.444995805788 
111.719062642396 
104.975656412279 
98.974291528742 
102.552945869237 
104.315071066707 
102.041131366381 
100.046275874571 
99.607188673199 
100.046480707793 
101.908935938941 
110.170284073670 
112.954638255859 
103.292786305563 
82.713807655817 
100.761465547238 
92.726279426398 
100.664479447892 
121.074088948587 
102.035727194848 
103.030731115936 
103.434222341122 
102.753449018112 
97.206727626285 
107.974119464447 
121.699487644527 
123.672158904186 
115.703616462316 
107.570285050158 
104.189835936110 
105.674796527097 
104.038598584641 
101.955317611554 
97.351581244735 
95.001440743185 
91.502041367872 
97.091843852305 
108.752835701344 
118.298106909374 
115.737871342538 
104.118299545342 
104.957041640931 
101.640097556316 
101.463470316923 
92.074480842936 
104.276644802959 
104.358322428928 
99.521983372672 
106.778301258730 
102.907485812435 
103.403799083732 
96.530806354584 
97.042859951819 
94.122809620918 
95.259833556087 
80.299459225284 
82.877648301732 
95.619476675705 
95.252042480612 
91.801449733133 
100.573374449267 
98.249582377271 
92.453581601304 
98.509343600741 
97.961169380222 
96.067094684173 
108.295724673628 
106.706719453949 
112.714515693192 
101.418116608769 
95.091150725315 
89.503819366760 
82.056758032654 
91.054919187227 
100.551223555780 
86.893561176042 
94.210943862121 
102.417718787025 
97.838414337857 
104.132515856101 
88.912667007609 
91.519057567187 
97.505626778137 
108.666650310835 
109.488886913552 
112.944350556497 
108.944170205350 
107.512709880106 
88.651477345252 
88.393246714336 
92.042182633248 
91.957630001725 
94.583910640203 
94.553253403106 
96.996696997290 
96.196121433948 
102.232591752159 
100.256322019329 
107.600232685688 
115.939602855344 
116.481649998657 
112.217085761088 
109.825676186128 
110.910057300519 
119.517472704799 
95.039805874442 
100.679681251522 
106.658908213747 
105.115818928497 
105.145228759271 
103.700721312111 
101.819642457802 
107.050758891872 
103.959210619653 
103.048493256236 
98.601897176673 
89.803864284182 
71.140290366475 
97.327014363452 
99.095653838646 
96.641830044006 
88.826716680433 
91.587048876965 
91.918441174448 
93.591710283209 
94.449975500858 
97.888688799944 
90.028868642985 
89.487768676728 
101.510268483533 
86.242617207942 
99.300664705017 
100.310707783724 
101.405315124456 
104.814209379663 
123.482959259531 
107.269824714125 
104.652317503741 
101.452523097505 
101.029123641485 
102.181487203449 
103.936518119435 
122.858665505068 
121.601625270054 
108.936187875217 
102.710696307981 
97.076794546939 
101.776730640188 
98.447254581950 
109.535183970461 
117.403622782433 
102.459198486634 
110.070310227244 
98.140224667393 
104.835766692373 
89.682840038489 
96.666816621638 
93.240018144182 
96.280052087667 
97.003777668501 
97.562761744855 
101.488751100996 
113.710302828385 
113.410812700510 
127.805647392718 
123.154783725035 
125.300368772334 
118.683494284516 
113.084435967872 
109.242281553306 
120.831486420846 
110.289681364254 
113.550687095674 
109.886362386567 
112.247621741431 
105.581584965491 
109.262474821939 
106.919437829485 
94.211118605994 
99.082379458500 
94.972294765954 
90.703655458420 
94.232076622178 
93.091074927495 
107.839819840529 
108.791201410512 
100.317873068709 
102.172857326778 
82.770497399485 
89.005302308052 
65.507912021528 
80.571836410406 
91.053028475048 
105.528313580343 
91.284164335300 
96.684877600329 
87.868735871242 
90.868423333348 
93.664043955580 
100.141791733364 
108.416546543836 
105.195849601529 
100.728659069884 
92.972315272012 
88.003659878830 
102.368930180479 
109.973167375945 
106.496296934913 
122.593796975038 
117.050177640286 
124.077736041492 
124.006065771101 
122.846654541209 
123.968344446174 
122.660425154472 
119.748744121069 
118.869292913777 
120.850424652120 
111.403898600697 
111.513855372862 
107.326662779861 
106.719720246256 
98.948346070845 
99.519019709845 
103.026209954702 
98.519701365173 
98.611221190643 
105.789677033657 
105.593091915378 
109.400533662211 
129.327206776044 
117.034092700809 
119.673482352093 
118.728501049660 
114.071956178010 
118.206706194956 
99.088249598073 
100.455607001976 
87.039053811728 
86.231303574514 
86.026943665415 
85.155068906089 
93.697024695783 
89.684257621807 
88.024103613987 
97.375312992005 
94.282012959119 
89.470739345885 
113.346863481525 
110.873016347781 
105.405441181348 
103.907496332201 
106.458430165935 
99.717550493676 
101.357693776971 
114.858206045518 
96.039683351237 
98.215245256413 
106.885490421400 
110.135766734090 
112.137779320941 
117.124344874738 
120.073998097331 
109.188426732897 
128.855057752856 
120.649398282726 
103.131426688607 
103.106227087626 
82.524513343117 
98.354981498904 
92.945535620711 
102.471198402047 
95.065267311665 
96.301061614247 
95.908672353632 
84.735948423813 
87.586851758595 
84.864501691274 
84.146924759924 
83.067455581403 
87.452015572858 
91.512290558060 
91.519760786024 
105.987298599098 
95.098413844065 
93.555517493589 
93.513831625839 
110.083054133402 
99.698402040716 
104.464309908508 
89.401527881636 
100.953931859551 
110.795630664611 
96.811636341129 
126.662399893395 
114.250957496416 
116.422932464238 
85.720881790845 
91.800809983675 
96.924352155246 
99.391775317509 
98.552256398990 
101.374759747823 
98.272283559592 
98.062339812408 
93.296492318202 
105.940469197991 
108.427982467963 
96.004881382134 
96.253563535739 
88.990656020816 
96.597755964886 
92.786329939603 
82.833799505672 
99.163863463301 
112.508193995723 
115.064998250228 
115.072360681197 
101.580935217662 
90.427584641495 
98.459779331032 
92.778591918691 
90.579690891720 
100.555232737932 
113.461038658004 
117.573914936714 
128.454090822455 
123.670094506324 
116.945011044241 
124.928698676775 
109.929692917882 
115.966458185867 
111.758823631616 
101.903601706660 
98.505020267286 
98.280260369006 
102.809364740006 
89.709153095986 
97.037263011915 
104.894262263637 
108.039668905889 
102.136085229261 
101.574409411130 
100.753261934260 
105.444211020703 
95.286085493723 
95.222071792287 
81.761185065943 
85.106250719629 
90.999990403098 
100.515076712402 
99.139737886475 
103.146645409994 
107.586676069647 
108.442694391052 
105.609294356257 
108.614855124100 
111.033104486433 
100.655010571664 
112.564938569230 
107.145561180749 
97.633797887796 
101.351373031018 
97.803139461965 
96.112722539599 
99.768660214369 
102.830744635034 
89.432410688597 
86.265838009645 
89.839381300258 
88.390724821673 
86.019601662172 
87.580576011993 
89.162864990595 
98.743021804029 
95.294745922885 
99.656470584325 
105.330478480246 
104.924170883322 
94.994097742871 
99.868328926247 
123.747487169026 
116.605171029124 
112.243668800059 
123.018180351325 
119.558594955744 
121.068572900601 
117.380525571902 
115.310494817894 
112.141961919297 
98.630959276808 
101.292968176399 
115.399265823533 
111.301703628526 
105.761382663653 
99.771215697294 
108.252047962547 
109.337908018525 
117.586002822779 
109.363443154576 
109.693982136215 
110.120002059439 
101.702811614649 
102.189712679084 
91.762411325833 
94.959898177569 
95.178048769698 
114.267300586916 
104.878896731089 
116.927523907081 
98.387593589000 
96.634676855909 
120.649563855188 
118.081633424178 
111.422277378353 
109.121153973454 
98.875286514617 
98.730346522197 
100.079075737179 
109.151631197626 
105.774966953284 
105.405575463799 
102.892651712349 
100.613022621737 
107.679127164267 
105.044378139015 
104.284972907755 
99.389208464045 
95.886555299579 
101.653302565046 
100.625999241357 
95.079874703701 
81.660970956605 
93.767227564786 
89.182760236783 
81.354120470449 
98.132763021716 
104.052679987162 
86.276122776464 
105.625604791487 
107.899877646794 
113.906835414017 
122.466770544295 
146.754532050290 
116.021626456610 
122.175816215686 
102.818805163928 
99.131141876573 
104.165965197166 
98.511931714464 
95.259979048201 
99.457183732432 
97.134143327817 
108.912185985684 
96.599751213873 
95.701114399030 
85.365148756071 
86.429706973935 
93.327239284311 
99.298420923336 
100.995345416154 
102.502572041012 
98.616581056076 
92.842529081048 
99.119083266406 
101.652402608373 
99.323432524651 
111.620937385167 
109.574129795831 
97.462819238958 
97.798316317211 
102.045621304192 
99.430515746116 
95.143931008794 
92.671521389943 
91.784441720332 
91.815005155044 
89.653581456995 
89.782908152525 
89.468244321721 
86.793410344222 
101.675196294161 
93.869396378704 
91.364648084397 
88.174852295434 
93.755067507648 
101.455232487790 
97.387587381624 
100.043181110639 
123.898056391690 
121.008824371371 
95.841838505916 
94.707848488411 
107.439283841977 
92.832697919133 
94.974699317811 
101.976640712860 
100.429756635481 
97.341884917171 
108.267511986027 
108.728399402086 
110.737246084573 
110.513893652297 
104.293183840701 
111.271234041335 
106.992589510024 
103.822097310473 
99.460859161510 
97.648814253071 
100.591329762484 
90.722901481686 
98.902738902006 
91.954366604232 
94.702246529368 
95.404251708653 
100.028556185488 
102.581050772101 
102.778001520576 
95.032102650934 
92.404719994771 
100.201950631727 
89.584524264728 
103.670440858141 
102.402181395922 
98.507575279732 
95.368832638971 
102.421594770721 
96.096545893570 
97.193544083999 
101.680274042921 
99.479081029239 
92.590682650345 
98.988212691684 
100.061622655337 
126.003885701055 
110.731292229917 
117.695658637556 
115.896895982898 
109.140221161586 
98.203849689152 
93.783881605890 
101.346871674636 
101.541729073881 
118.075695245182 
117.299728891770 
125.149338745645 
115.978653243873 
105.003704629244 
107.674473700033 
106.766111564228 
107.078955274531 
99.261822731619 
97.783618723114 
99.596582264927 
98.440879066698 
99.654502225597 
97.912508574599 
94.969731075357 
96.418107664420 
95.466835349744 
93.275939629913 
96.798537272464 
92.225481913149 
85.361511963709 
90.993324788925 
86.182846096072 
78.928092689393 
98.349359643306 
101.985795440336 
97.788813939506 
95.636831583343 
101.195398294899 
95.710518109187 
91.535440810700 
94.850853453454 
98.065240029060 
94.183374876029 
85.563172258363 
90.086074724323 
93.004100677045 
94.539609560371 
87.359652431153 
103.224421794881 
107.198134523160 
101.852398039050 
99.595514387621 
95.346361408646 
94.543002451069 
98.200270257697 
94.043188183016 
95.464784184325 
90.950623699477 
92.941503612764 
98.452461231589 
84.239317135987 
94.987586483402 
86.802773132319 
84.316618221127 
94.380827535210 
89.268456055407 
87.603954803764 
102.637912123666 
101.724425053055 
100.126792977000 
91.464307638648 
87.187641983266 
97.312024826572 
104.896335568716 
107.138331176528 
122.762754918444 
111.991981865561 
109.797984984757 
119.108269900569 
115.004042752031 
120.753909756145 
121.628905981790 
110.051348856641 
116.912165859547 
118.063255865401 
121.086223017234 
111.107826732211 
103.300290866531 
93.430216405372 
82.773016462144 
88.522058602087 
83.309397845141 
91.824203668788 
86.277420555143 
90.832977934078 
86.021170866095 
91.804846151657 
89.821323449967 
88.925273201586 
88.415478018329 
89.753716336201 
94.823102798846 
91.704717662375 
93.585413635815 
92.565772503004 
88.287816903329 
108.326812894791 
104.788784121087 
91.024265902347 
94.717765073108 
95.264721862855 
96.366473753792 
99.971320554171 
99.497903739744 
100.243398819211 
96.218240544810 
91.883719990086 
91.106439781009 
99.974406190617 
87.514037679474 
86.522329027621 
94.419263997867 
88.021488188842 
98.858261390354 
100.082954737617 
105.219678992585 
101.952942080807 
90.203287019386 
95.533261333736 
101.935957930408 
116.946086671738 
117.836430879906 
116.510661673457 
114.936084079187 
106.822922035922 
85.850467086724 
90.330091901966 
89.508935350931 
82.187955815674 
94.607558539906 
101.893155348966 
95.440690701246 
102.042685477762 
100.853866838487 
99.552084886088 
99.337098007813 
95.381706578681 
92.549060404158 
107.230176122826 
104.586471382387 
103.467591457562 
103.282972879432 
104.603501354040 
92.324778885051 
88.098686384882 
98.124085764354 
97.069822459518 
101.953635492419 
107.268543575005 
120.499446225968 
120.816622945758 
125.095850924715 
107.994685017719 
117.588393386161 
110.717712567210 
106.884977654849 
100.625583953769 
103.002825224188 
96.978439313795 
108.040006496630 
106.634264208757 
110.035181762734 
123.026429584345 
116.034727285563 
107.297304224279 
112.718726556362 
110.838602718022 
97.652664259776 
94.288175383141 
87.487451725853 
93.631275254140 
99.247216761095 
103.451515005708 
108.564218480814 
97.231464297022 
99.658597776304 
98.930046842008 
101.609104868104 
98.646856116629 
107.978375595219 
124.602804994892 
120.600901481881 
115.515996328514 
108.273688313047 
111.039993405559 
92.546498851414 
108.677307086947 
115.499484210553 
125.282575827158 
124.203915947237 
115.790168562533 
132.468222224166 
121.072989759150 
113.027717185147 
103.960645548380 
112.945427619280 
112.451794961802 
119.178056373912 
118.261826549294 
105.657888010864 
122.060409752180 
110.870673147640 
108.886827094721 
106.699517747420 
100.830055624069 
97.789006939280 
97.839571789917 
92.740374247007 
93.772231138849 
100.677606999816 
96.459888565192 
97.390349532763 
97.056775589458 
112.802031575818 
97.418758117869 
111.084621890861 
104.003946069019 
99.635723228611 
110.093582449466 
116.199151558934 
110.228243054953 
93.654322196548 
96.043641134475 
96.683707228552 
88.947986797358 
85.432458200188 
82.056218820201 
80.733827833428 
89.043906640256 
91.949022698420 
97.603833048801 
107.571426918363 
102.210623644122 
87.633988002873 
107.614586036949 
106.677638988257 
100.390360012815 
100.470370955204 
99.201666465551 
98.984760004464 
107.960845505152 
118.668505965871 
110.235501783127 
103.411936991935 
103.906215296921 
112.293795001366 
110.382300918337 
118.340623802335 
99.688539676422 
94.777109464095 
93.510266457369 
81.591385715480 
93.827025774501 
96.234347715743 
97.523833174787 
93.663242490721 
97.502294933320 
100.181397080489 
83.573910202931 
99.970175975375 
112.047404812178 
101.001706071138 
95.728762889134 
105.743803918329 
116.732191452775 
120.693860798816 
117.239717463670 
117.044741758676 
114.622301758073 
121.978820394360 
117.894106490827 
132.903212929649 
131.897418563436 
137.787703430994 
151.901293030342 
124.793825602396 
107.140848543467 
93.303333312608 
98.348609565873 
91.397097957875 
88.130332617470 
84.485769065841 
107.416068302672 
103.274242051465 
96.776942085370 
107.622407955912 
90.951533201150 
86.507159683956 
93.534996637170 
93.124304484263 
91.668744625305 
97.523602423574 
94.030958637506 
98.164622140765 
92.058423531841 
90.918611464670 
94.580393323194 
86.801766676100 
90.872507142588 
100.547889794975 
95.256075145588 
91.023705553994 
97.597564728284 
90.771883215373 
95.412199262624 
90.472303082329 
100.961096622246 
98.205925941449 
106.046907048526 
100.841056275397 
99.412276727187 
92.513396942605 
90.446026999048 
91.856169464858 
83.892864554585 
99.474255195683 
107.910729876832 
109.968070489486 
114.359332141244 
87.076569757071 
92.145394549015 
108.805733078537 
109.423093599639 
99.868637435045 
96.858658086906 
97.458692507452 
107.825596854376 
90.282199505574 
94.561219699623 
96.678560548277 
95.646646147588 
94.489495020098 
95.275420977834 
95.113933580081 
95.174086122186 
92.937688824379 
94.029059821766 
93.061936946570 
95.130443924397 
102.018345767928 
106.282519829642 
100.896885165036 
103.324598294908 
98.858000603659 
93.319476025764 
101.012816469915 
102.437936286079 
106.821997887519 
109.775720342499 
106.771419903539 
97.384345953097 
82.392476701774 
88.882484428573 
85.814139510127 
95.592646659326 
102.585526155036 
98.269245374239 
107.989968284128 
102.452193650691 
107.315771143940 
122.296741433979 
125.096045479185 
110.179482533144 
118.854713244385 
110.013937224648 
114.394817117709 
98.979056302084 
100.815199042740 
107.886702987353 
111.437901771188 
109.352423728721 
98.713893252866 
101.805614436532 
94.265125891611 
79.325723191814 
105.327848254355 
95.546753016156 
86.809059688826 
95.965240547171 
101.820230417589 
99.804863089887 
104.731674213982 
83.758391113112 
87.925828301153 
85.391584977927 
86.462507223846 
89.287431982822 
84.993254155542 
84.339104931966 
88.458464286096 
92.387183480750 
100.647166815347 
98.629852559037 
92.497280037525 
91.391468182691 
88.739489681858 
87.178459892314 
85.788390460388 
75.949368082486 
99.447711646711 
88.722949380613 
97.122987485130 
99.901253335427 
92.984012252887 
88.471160901931 
95.821257227526 
101.558678184952 
98.671347936897 
92.921926781502 
95.732676207750 
95.714198195647 
98.069548049360 
90.251691612581 
97.144211373922 
99.999875943018 
94.995728788687 
96.194209334077 
108.977396514636 
113.056495019761 
92.336488499234 
85.803685519166 
82.482424410953 
92.405265011044 
100.699685182321 
100.483478608541 
106.607875067517 
100.516310551403 
97.860181001828 
102.803259032656 
100.554427002649 
103.240477414849 
112.904407519536 
107.499248288882 
106.638691087908 
112.867617138894 
106.914828652888 
100.351828988295 
103.167512368592 
112.514096299802 
108.400893682687 
107.691626625500 
104.938828079915 
113.312382375874 
112.701661253521 
101.777309041787 
87.899262015297 
100.605855339364 
123.142543692404 
111.254287275065 
101.958565266569 
104.066918628641 
77.535235665443 
79.192975790826 
95.681530196666 
109.777557419311 
100.399015143523 
96.109519544866 
102.933971676377 
116.590545660463 
111.395559433122 
101.877124344698 
95.049982841014 
94.199697711976 
95.684780166855 
96.703077753564 
99.049210029786 
98.908647926729 
91.655057823481 
103.626798254095 
102.586987348987 
99.243930661300 
98.690998544505 
92.079140912499 
103.771139909029 
110.280909944494 
107.777601524183 
102.881212062352 
101.261398374358 
112.386065672948 
111.834604978685 
120.286770916463 
120.013964694646 
111.067020462326 
105.236556416031 
90.996632523879 
99.525074560449 
96.664409526375 
108.015967595271 
108.689229258747 
105.523242754595 
101.510547328068 
102.726917616035 
81.582065124031 
95.456001357156 
97.326344328994 
92.493672512437 
97.285731941656 
102.935324612122 
94.986980372483 
99.219079488256 
105.889026307858 
115.981294043614 
113.077419908348 
97.738301378526 
98.143463681361 
104.541681122553 
114.679031172860 
111.688128819788 
98.366026673355 
95.139752738272 
91.333308220300 
93.639343766387 
89.319687585205 
85.559846109456 
77.889170300547 
83.688161877957 
93.455638530952 
100.731359473107 
103.492621620457 
102.578352643695 
90.183717000527 
92.941100236148 
108.980055718304 
102.561233849453 
92.933868448598 
92.352898456955 
90.714583048461 
85.830033377638 
86.870542718480 
80.849905486620 
87.480316611217 
84.346829509558 
90.876755865545 
90.561229719818 
87.033230419857 
81.228440135053 
88.843725157791 
87.277489481249 
83.143489276008 
91.208165776550 
97.599672727003 
103.901370523035 
104.032735856721 
103.680583722407 
110.280703980540 
103.918754045980 
109.006062692197 
108.481730337751 
107.132559401270 
105.667792635357 
99.186888600061 
99.136811389256 
98.495035265685 
100.295076317511 
109.581136719581 
86.103102398110 
90.855228200048 
97.361183914826 
105.560968339830 
107.077926520562 
116.086904881512 
105.080343368106 
118.614699557633 
113.087575029469 
113.818562144791 
95.312767889476 
103.085396448182 
99.459152423410 
96.000423215098 
94.468018690898 
96.944179916658 
94.999898377975 
94.437606962949 
99.680506660381 
93.348916225384 
88.393356305175 
91.546667540987 
94.482004324717 
91.148431492581 
90.904625382684 
96.869540937534 
101.388464930517 
102.330282444982 
107.217571274327 
97.572698458379 
94.556249173753 
94.692101909814 
95.347824594546 
90.450666770644 
100.967728421326 
110.821651536089 
108.319993385791 
111.341260370341 
122.045088084024 
115.938728958145 
121.301614874606 
107.446026772746 
95.464420966511 
105.414563683184 
115.287461457490 
99.472222190192 
119.957525369578 
121.991978590487 
122.790698412213 
133.221627955835 
128.487308511046 
144.895097590223 
133.890540640132 
147.657339333800 
130.850790451726 
126.198347245842 
116.489287394631 
93.661020473535 
93.178014072008 
94.167401935423 
95.633281293321 
97.621362588300 
91.824055865627 
89.261405631839 
93.359729724995 
95.753323356774 
108.577569765670 
102.235902798789 
94.673599534073 
91.239227327707 
92.410120015568 
97.753557847560 
94.992328203530 
89.966617971264 
84.247712441154 
84.104965876730 
84.003130275243 
90.724450126519 
91.280613353499 
89.481181636627 
95.234334927013 
92.591845044139 
97.766049548008 
87.135797884503 
92.728015938787 
95.065856156951 
101.786699717931 
105.970303022301 
99.473058150245 
94.266817795277 
87.648233967745 
89.338984044091 
91.794078314688 
98.395945111063 
93.124510727297 
95.836882140290 
87.327442660307 
103.826746325822 
102.652253300581 
93.458677563416 
110.152198940217 
110.226512371593 
110.542916552302 
101.794817485125 
96.197000872182 
90.150492491269 
82.324998385645 
82.572292877750 
89.905787600058 
87.939939064112 
86.246135883439 
89.349302262002 
92.761861707219 
88.450353523503 
81.974987655503 
100.564425547085 
106.751846230889 
107.671536891607 
109.193961104442 
109.374329505056 
112.321731561421 
94.166808771299 
95.224654929573 
90.929650094406 
92.245813616071 
95.472918722700 
107.182149274644 
109.073108189717 
117.834211485672 
112.148419443932 
115.372915363823 
120.453434046187 
102.699707278129 
98.236313469238 
96.411055917961 
90.494918780383 
101.924782510705 
116.117791506527 
109.882186769105 
121.268636771923 
118.739694868625 
114.203841139675 
116.152940117623 
113.568958846209 
114.033393804849 
107.543999273336 
104.819008705794 
95.763619262684 
92.700692752310 
91.238412310823 
95.337898351343 
104.165958596605 
91.214090572422 
93.560322467166 
105.612977066676 
102.978074850317 
90.217519109368 
95.566817533141 
95.012903034688 
85.913834238303 
83.864198486126 
90.583771776551 
85.217874414185 
81.979498793948 
93.825160356033 
87.767532153442 
101.881105955768 
107.416784334006 
111.552037766296 
111.723281397452 
102.434439018700 
99.051758371540 
92.268227045967 
94.337947003767 
99.095157151529 
91.734619348514 
91.478371006822 
90.127674248514 
101.756019802669 
97.426103923101 
92.667261272750 
100.438051068239 
103.537381942004 
93.548473834493 
91.349794048615 
97.792039263580 
98.232389514112 
100.374875130391 
94.214461552211 
93.169367136324 
99.564589936043 
99.150966877867 
94.346802731125 
92.205776963439 
87.367309693832 
96.983657144770 
95.214694597268 
95.510521429134 
108.494150829839 
111.664503611944 
105.212306007492 
110.484035138626 
111.580977140713 
119.863616107555 
104.431069612452 
106.632800892777 
94.817060781852 
93.249471531216 
90.062560614990 
91.574132150348 
89.025827551038 
88.996676645241 
94.083046274419 
94.974719751467 
94.823635816962 
107.999459765941 
122.376258597315 
116.046667341267 
93.166310685812 
83.643928841778 
87.286402094952 
91.408968260039 
91.718939492634 
86.806794093468 
86.438673157798 
92.985119656535 
95.805209873144 
101.304261985205 
89.744338724625 
120.733482755303 
109.835056638926 
117.724023148308 
103.637671196604 
93.462094592390 
98.801341990901 
115.626115407610 
120.760837159025 
125.693405552326 
114.161934685223 
95.948923777607 
105.111269786350 
106.907598573648 
114.010902857139 
107.862033966301 
100.857634826810 
102.811604884231 
107.662013535491 
106.562626000097 
101.013800883730 
108.835271827831 
91.288179534846 
96.696028951468 
95.228946847514 
93.063703176950 
87.161484510209 
90.248649308321 
96.492561399208 
95.229971023223 
89.246024131685 
91.150884627396 
97.448050772037 
94.685944554102 
97.343814992307 
99.750924772568 
101.996786408611 
97.955314812886 
94.091539033347 
102.343893386947 
96.562853635879 
97.479112165186 
99.029450319935 
104.351361141102 
107.887639200894 
101.729533586948 
100.039818296167 
103.061712183471 
97.203448017470 
92.976975099854 
92.956330749901 
88.582699343310 
87.620526583177 
90.030666010074 
77.711912206694 
101.692230956298 
105.948785683696 
99.058926040930 
85.816108549492 
92.361750197568 
97.083942873023 
98.551772506949 
100.191020189747 
109.297321959967 
106.597977429881 
112.341824808026 
110.298940158814 
112.909922703017 
110.105873100215 
115.538316093566 
112.242655207889 
122.017711116596 
104.241406508012 
111.086995906126 
94.811842033853 
101.723479236588 
92.021878343977 
104.675982108011 
81.715956012312 
94.718345641923 
107.454460618365 
110.561314918102 
123.767544092120 
121.892785249428 
117.354196641001 
114.605181716930 
112.081863834511 
115.983074888516 
105.458588253078 
100.248390733230 
93.827446881426 
99.744288246478 
93.177653857720 
93.854940765629 
98.421262778697 
113.621549696779 
111.858386593286 
97.157204598560 
89.517463031740 
87.071161441984 
88.440591196488 
88.115913024691 
96.617340074362 
83.414323047997 
84.842404747472 
92.324354769888 
97.238919745086 
102.166450463796 
106.360493959130 
101.749382526881 
92.474702829156 
83.635219429339 
89.786827391570 
85.998942062142 
85.578255197899 
85.621356041174 
78.941067772215 
86.973987481617 
98.951927478003 
110.108525042523 
98.609406301375 
95.481354059169 
96.032681065326 
99.588295850362 
105.326333944467 
97.459904184169 
89.771945785991 
87.067449236516 
85.888830987056 
95.752427359925 
103.797482106608 
104.016157924344 
110.815324115881 
108.770976605082 
101.906868671600 
95.627113869319 
108.149388435602 
99.199756211049 
96.751458654850 
103.029207527615 
99.639335248487 
96.818591883807 
101.638920668300 
115.345261216376 
121.476545118970 
100.834990928076 
95.461439934983 
101.205908010766 
104.610925227509 
105.880316890693 
106.209052162637 
96.010805787920 
99.335835967204 
100.999439052518 
103.323852440907 
102.866933709356 
106.194217408378 
95.787275218600 
99.739900128470 
93.788516279928 
95.782688309971 
97.401148248205 
107.112724340828 
108.450661022985 
92.608731293869 
101.126738911555 
102.221856656844 
103.780000491041 
104.526616984099 
102.961070619891 
105.891832515446 
104.663955951875 
107.694968129164 
103.781826686304 
106.394446506342 
104.617172565878 
102.199350619098 
104.511198344226 
98.933341458694 
112.915548073646 
110.161249231887 
112.936720137366 
104.788869659428 
97.674329779273 
106.429589283532 
100.577751808487 
97.972355951126 
97.069758972809 
88.320563630233 
82.540709243323 
80.262056515884 
80.706667117371 
86.639880366489 
93.190024134656 
101.559303389166 
98.001325491825 
100.589301493513 
104.896697484001 
116.454537110033 
118.772159781940 
116.545004006279 
98.147773035241 
113.823627048243 
116.088218443267 
109.224823444480 
107.128587316245 
106.316096843085 
109.902589207926 
115.167978875359 
111.482660253180 
110.474579984476 
92.737149428021 
92.310933108173 
93.150394680077 
102.534597211193 
104.268186855554 
107.306214692785 
105.227520926962 
105.896087658263 
83.657832542446 
81.391015212650 
78.492439716680 
112.767658375149 
102.547361143545 
98.743226349562 
94.188233533638 
93.453227198957 
82.466356839736 
82.999189109720 
88.944579514338 
101.752018362744 
98.670399710412 
101.326046224345 
95.375526554084 
95.748637921804 
95.390565232402 
97.937900772526 
92.557468811776 
119.974933835615 
109.738740339552 
116.157530145736 
107.583249408859 
110.127181986717 
90.703721935139 
94.991397073201 
112.110589190776 
94.367826520693 
105.698355489738 
92.708108198220 
91.324214999133 
85.610067059528 
86.960472849720 
81.081399921113 
91.564525085066 
79.601119772607 
79.843277883951 
90.408105753351 
95.131469959510 
98.470843059748 
94.096977874119 
105.353261339749 
97.471620660130 
92.079607816531 
94.962045943167 
97.207688896450 
98.070894532188 
99.774610411365 
110.083404503955 
114.831731696253 
113.723886298152 
100.680864215058 
102.012435039567 
107.144923121341 
88.559084455394 
86.777076202237 
101.690224293170 
95.220375707489 
108.398241582693 
101.842217866621 
107.017446113703 
103.437955077240 
104.093598095320 
101.298400952454 
99.506465121105 
92.367596909374 
93.019207196503 
91.896094868847 
86.536681561661 
90.614483490378 
85.187448778331 
94.779059988084 
94.457631452384 
101.544474488050 
110.013916005962 
113.568001619235 
108.403738033695 
114.786291593576 
98.130149674259 
94.530813892803 
97.543813704104 
92.095430405222 
93.231898923947 
104.929400116420 
100.711291063133 
84.993853836288 
86.579243500211 
98.404969160952 
97.078955337467 
98.628568182890 
96.290339410468 
96.734288989466 
97.699360297567 
107.311363657447 
108.931559634879 
105.169130858703 
108.016271345469 
103.938153942439 
103.429062843355 
99.855564641009 
105.085907151911 
98.583258864817 
97.732402254915 
96.526000219192 
102.626316009945 
102.466251669674 
92.803157236291 
97.217379694314 
86.251794920388 
88.589312714466 
77.420654063894 
83.737726496440 
101.139943816189 
84.549933632201 
87.276415511628 
87.619627013077 
94.374770241563 
85.615553276008 
93.075475463387 
102.363733688156 
111.165704799919 
95.291873328554 
91.296420207690 
87.671698801541 
94.291484538218 
99.315184840100 
92.270120002111 
79.874955018971 
83.478675108229 
89.458690288234 
88.850367661435 
84.510771880869 
90.995592920274 
99.616268094595 
97.802202285903 
98.353094823290 
95.518568860298 
94.388653208163 
90.542725282071 
83.085870174953 
83.882799543520 
86.093866081784 
83.897251984747 
89.805738595066 
83.875645055998 
91.417953477311 
85.284141265928 
94.968800249945 
93.956885254842 
91.004147230701 
90.111208343515 
91.859893761018 
95.751189411814 
99.801008158535 
108.638757980437 
112.107194569223 
111.117838724690 
116.218987268987 
106.745795237440 
110.176436278031 
99.719747574019 
107.138966766667 
101.360040384735 
107.021975975081 
98.019425830994 
90.664203664353 
101.467937211930 
98.244880934897 
95.145457461688 
94.570272767374 
92.874642491657 
96.652451044064 
106.441260941750 
101.944360136917 
102.187072299814 
106.091203710339 
108.013258618955 
105.440070825353 
98.974042005034 
93.453049433331 
91.228697241311 
101.474168138971 
94.216892296876 
77.238075879484 
82.282950451933 
97.346391126398 
86.771809516062 
107.328412753357 
125.907218437089 
127.069260803845 
94.092216051139 
85.984237706156 
88.765449644761 
99.741485093444 
98.685229434890 
96.600835798517 
100.726285994051 
100.101742274096 
117.506595138181 
129.259556291203 
106.815275581733 
106.311360636128 
115.401836669840 
126.245959325547 
148.917617150885 
127.792813185514 
116.092305786089 
119.828389124510 
134.539250157979 
127.067943474088 
130.598481890275 
139.427996655248 
146.382793398123 
110.209145302796 
105.701902986907 
104.513128617604 
102.917937653604 
92.716456720326 
107.908735599887 
102.293644523635 
99.619850726534 
102.009611925316 
108.456443157929 
111.018509504492 
107.981499469409 
92.626126041414 
88.727619408289 
86.132765075283 
90.657634399238 
100.462332732364 
96.379239748283 
100.104642229967 
88.670871811540 
98.249484201370 
93.873912810033 
83.936519012998 
87.657027205294 
90.061482392381 
96.461927749358 
97.956919338415 
95.470653764233 
104.955508105737 
113.447672650601 
94.413084734285 
92.943263365294 
82.677876824918 
96.852085065468 
90.287920801465 
83.916817747343 
85.070457433572 
86.490864104052 
99.138085861786 
106.301749545722 
111.724733753443 
116.631119015514 
112.236736424280 
103.408728626139 
108.017059796994 
99.509698630442 
98.265599428406 
110.267122948581 
108.787753861211 
107.404156193704 
119.137948296875 
106.744247132942 
108.135229204947 
118.734734578480 
122.809596543566 
106.001209162978 
102.373991509286 
92.996243401142 
98.792578536527 
99.007980916094 
91.492497187821 
94.453489773245 
100.234381771116 
104.267676595578 
105.893312400947 
105.738426825485 
106.502209887299 
110.987211745404 
106.043847717791 
100.473105649377 
97.601906314983 
103.427549403987 
89.469988069051 
91.237691004612 
80.404225686174 
91.572255450248 
101.239774025353 
102.519375822663 
97.500256815413 
101.894949755091 
99.133933476529 
98.685011646208 
107.335849435550 
106.271211298167 
107.105513387715 
105.765881770599 
107.254113595829 
93.787895129526 
97.102798106454 
91.651183870905 
81.049859167529 
81.709919569408 
93.192480470109 
85.246328691890 
76.940542343819 
90.716532171817 
92.142457647866 
92.096093847195 
100.369150017149 
102.953966657941 
101.861489662942 
101.717314266859 
99.385975249899 
104.810178546968 
109.427323841946 
104.257121967972 
108.811290922127 
110.730359394423 
100.951155296004 
98.320467420575 
105.196234864875 
107.052978607534 
105.753701994759 
104.761239816418 
104.725400965283 
106.386185403382 
100.190433970081 
98.010748527680 
106.257644748451 
90.682024103213 
88.037429115206 
91.512175897881 
96.663903067752 
95.161597884181 
99.230591304400 
99.096386153477 
89.151780644652 
91.025799590929 
92.443687717948 
90.540513349828 
80.295914098094 
84.150393648505 
90.380870773628 
95.740138722112 
90.981705731737 
102.265777636204 
98.746034008706 
99.250396280190 
117.025404699081 
113.768868836659 
99.926725625846 
95.986379698621 
105.728860166850 
103.620595610620 
108.255391477737 
107.434141821745 
111.471652063360 
108.722794921507 
107.874555113083 
103.578236863757 
105.489206023060 
104.635005985704 
109.141506825809 
103.208248717495 
103.584595020648 
100.791712014206 
98.325235883761 
104.479354018337 
104.419689476891 
82.038317625121 
78.243571620660 
86.683544107776 
95.292618719238 
94.323281917625 
95.614061626762 
100.215911305346 
111.143801384005 
102.614471658634 
108.674574511936 
95.233679151315 
88.438669140249 
99.413543087420 
105.294996466898 
92.127672258353 
95.868753344560 
106.381143549021 
100.764663250143 
89.934704573701 
93.321358212758 
98.453389214813 
91.747167733383 
93.904492272578 
93.941095846036 
98.669402659031 
99.431930853570 
95.911656696568 
106.326250497735 
105.199171403140 
100.892676659738 
100.005121586464 
98.390651139107 
102.050585060290 
100.713905619834 
94.460043263161 
87.151275128036 
85.350464173609 
89.693124087260 
88.995753469337 
91.310131312572 
94.237938830291 
94.621329392986 
87.385082700775 
91.556370931840 
94.626581916219 
93.059809662885 
88.842941141556 
86.371840336517 
88.034049025939 
86.856304832432 
96.960373165397 
91.727892156769 
91.712804313039 
93.796159648611 
98.772859454883 
104.481042858513 
98.094191305924 
93.784885471411 
94.789909859317 
93.737990770731 
97.865429362640 
100.898211109083 
107.005568248458 
111.556475070730 
117.474497442801 
114.049944396505 
104.679567180688 
116.436438223372 
118.381564870571 
110.340522910012 
104.548379344147 
94.897274711260 
93.033763858447 
90.128720176882 
98.373393199841 
92.430300976379 
91.572039636573 
95.188010703479 
85.506134162963 
91.106501911337 
100.998115595230 
99.028128527901 
97.017701917347 
107.034330451635 
99.894321480888 
97.129654339615 
92.449903972825 
91.764857137053 
87.522186413362 
90.608874368358 
88.544890799157 
92.101108410194 
89.410550021486 
107.296478227778 
92.961169851541 
104.758839697768 
91.853714523228 
88.607832473934 
90.762509878236 
110.139185541268 
118.546539290893 
102.099793231693 
102.395688038376 
100.668158372000 
105.242044905294 
112.461509607701 
109.751120732474 
99.671280234253 
100.110462253274 
99.219961190527 
89.911232754520 
89.002333423267 
95.702417475759 
101.642535431351 
97.190174443767 
93.229485260380 
95.773662860734 
97.994806976104 
105.261710900836 
102.329592418611 
123.357809544586 
114.643351596546 
99.876411341860 
101.057523121165 
107.185715358945 
93.313322369956 
85.747331892045 
86.995188079956 
83.002261200295 
89.465802301775 
92.592483255682 
107.820126465248 
101.419540090895 
89.588883857093 
89.861064068995 
96.892362819430 
99.612720946190 
108.737820147273 
103.385514374560 
103.911569386757 
94.235678322372 
94.972089681759 
103.168509841680 
99.683583441705 
107.474446049596 
107.345833536759 
106.243854849221 
102.380881875507 
102.765344753752 
102.878648180759 
106.519801482619 
106.994062440739 
104.955043040925 
99.383742483799 
103.022205124689 
102.892658124500 
110.592370742804 
109.363200912337 
104.733902363526 
105.512977834479 
100.668301091657 
97.767383448101 
91.601829500179 
105.333907311337 
104.339780888037 
101.559669270775 
89.113724585999 
84.421849505568 
90.265760448959 
90.941557340545 
90.593902471150 
91.263450500747 
90.946288557276 
89.076223045979 
95.912974335823 
88.028604104284 
84.558706076244 
93.025318924820 
98.131143711500 
109.321229037312 
116.302667411178 
119.539277626810 
121.706387427377 
105.837396316484 
103.279827247525 
112.400587300967 
112.993685716326 
93.539298355431 
111.585372981172 
101.919347630228 
100.277669860685 
95.652480050980 
93.912490426927 
85.044249073060 
103.574555014132 
93.359783452935 
104.340066813981 
98.145796760985 
81.695716539202 
84.737234216711 
94.273259288890 
97.860182575279 
93.285804075023 
88.685344079023 
96.078926380039 
100.131925412296 
102.335496651963 
103.798124834813 
104.248710373808 
97.118793342323 
94.635637923349 
88.132231980105 
81.488751413132 
82.495786799492 
78.468902104346 
77.226556013666 
88.993565634230 
89.889830099087 
89.655909530159 
101.887452923075 
92.472446502941 
91.051729407039 
84.131550315675 
79.962685185250 
76.217769229087 
91.142155928746 
90.874787403204 
99.611771109122 
109.074468742306 
99.116764526976 
104.104466960969 
85.753567042749 
99.909060124820 
97.293464738748 
82.577215177250 
94.620714969905 
103.807686277872 
112.629173692608 
97.656524255630 
95.402046139551 
86.676254536086 
102.597205084330 
92.795038091824 
100.561593978959 
91.270551720841 
91.899660773673 
102.454864875081 
108.664628385014 
108.327532249363 
116.758837357005 
104.184495137032 
101.999209395834 
100.334543241257 
104.716358713423 
97.538989172150 
109.145360750288 
117.890454369062 
108.774834875879 
113.116337640558 
96.573083882598 
101.094086933990 
92.568323061275 
94.606374134111 
92.554997873214 
74.943810400380 
90.575722129210 
92.469382873058 
92.539857035963 
98.496093100614 
102.111718586884 
105.501869711701 
109.158281647267 
95.728422363940 
106.525520130172 
93.481141569832 
99.713830186413 
102.234446907220 
110.260955337991 
103.255693050154 
116.399491913402 
102.231383991967 
97.880692775786 
110.216638769328 
99.597517598717 
91.637842295525 
92.605877728784 
97.244680370904 
97.353031922605 
100.335292432441 
95.597983796095 
83.620888263565 
87.952044013370 
90.911694661557 
102.136773363673 
92.774902746815 
89.082330109293 
86.512347792660 
78.951322237081 
83.783559537035 
94.312954214511 
99.548320636664 
92.485595816352 
95.268838329500 
97.297368867055 
87.927151944490 
90.122663726044 
84.507905530160 
91.614663506915 
90.820262204525 
86.632604162330 
79.413696757223 
86.300597178911 
99.737567297897 
80.953279520876 
77.362402812100 
90.173209232366 
96.463690291568 
91.568742255590 
97.050273964646 
90.138823488847 
92.877683000634 
90.765270016961 
91.429425768338 
92.106399213136 
98.840148629978 
107.684231617154 
107.203477131291 
76.517920289156 
97.661449575954 
98.481337968784 
106.369093508282 
104.266314232136 
106.237027362907 
118.606526870271 
109.547042559839 
105.823933400900 
94.256917312124 
96.399010590511 
100.038003298965 
104.534339442118 
106.611519841875 
91.218956890719 
99.590319390165 
88.405143861444 
95.725953882591 
89.479001969096 
93.678679690041 
96.782948300931 
85.439120981482 
91.780212528186 
96.610783720871 
100.169276734744 
91.997488385690 
98.511206372551 
108.298458928253 
94.856070806825 
90.992370498343 
94.149232926069 
91.919048136755 
93.421155826562 
81.666982544370 
89.144544158981 
97.262461878529 
89.907807494173 
102.520388948689 
115.534615086625 
113.493664531117 
115.455613129838 
114.544221194894 
117.636959572148 
114.899788974373 
115.513513982084 
112.116344126003 
100.827787522516 
114.819970064953 
112.192879643103 
103.161849529712 
95.965431318642 
95.371139204696 
98.911283353923 
97.976424516226 
100.987631511875 
99.573166611819 
93.821417831799 
105.509095236630 
104.258118619651 
101.299332257346 
106.601362057109 
107.986292863830 
120.555914806674 
113.858262356408 
115.132990747208 
111.274924526552 
96.262413104126 
94.723502003951 
90.439386573062 
94.231203148669 
101.658930844118 
113.527716896926 
107.638014436740 
101.462532574496 
93.662449342548 
96.667342111791 
100.335644081752 
108.641624695908 
98.303274813667 
85.186068459970 
87.086333954722 
101.685355262855 
95.642065049033 
111.154551097308 
109.938367673902 
103.477528101136 
104.716177554033 
89.730959295713 
78.757257725010 
80.271712373727 
78.264076158080 
77.517651348937 
101.406115770068 
103.454149713076 
100.801087134730 
100.990988981462 
77.074609730914 
102.308170581801 
101.013870353709 
100.021441126694 
92.438374237179 
95.172521807132 
100.111249654641 
108.702148117469 
98.155939704178 
90.523554024101 
97.285519030886 
99.388506997093 
99.967669426859 
89.884204881066 
87.869358415398 
87.780478546849 
88.412180083557 
93.720502915123 
94.443865968740 
96.939758141546 
103.336233100550 
104.956801134022 
107.193747677199 
97.458849576288 
84.617847458965 
94.602532132704 
103.513688273482 
100.721712419938 
103.699503532767 
103.581130824393 
94.888724046268 
100.666491264658 
109.530241167750 
106.536746993631 
113.327799579795 
126.894705551551 
96.116207576184 
96.330589039341 
100.933609374988 
99.354886376477 
106.003103923686 
99.552527964372 
85.958862195531 
79.629251115248 
89.932764893928 
80.886914282614 
83.843520135837 
93.248112182991 
97.053790693073 
101.054598196116 
99.430022104848 
110.263584915213 
116.588523284742 
116.524170869355 
112.136064463031 
106.968262506515 
112.575212379182 
100.519406461695 
90.893481823789 
93.096537032909 
94.415302580991 
90.724220196973 
96.164766307063 
96.809341223207 
96.775639586824 
84.803871186063 
105.203078970211 
99.315821025167 
101.114843268270 
94.014599997497 
98.934700970164 
94.866204011197 
93.976656439651 
87.297226603939 
76.410963868313 
92.483539848844 
86.784482754455 
96.011292464361 
97.829180249714 
95.020072067378 
88.785149631945 
99.866267802075 
98.559586803297 
93.992747051845 
92.292491509389 
98.019743830176 
102.025389062779 
93.788822243242 
107.181411168114 
99.038927555776 
96.304564287128 
99.314366078117 
99.119612580554 
91.719742088847 
95.452255363038 
100.181506525768 
108.914168201346 
109.588894766610 
102.963430517873 
90.290916883930 
89.221229351738 
101.022180334238 
102.211246653508 
132.885718354163 
108.184171140409 
121.558752023668 
119.854784316452 
149.842057118202 
113.818925058879 
106.017145116412 
98.796935820132 
91.466463817342 
96.305940223753 
92.023732398302 
103.003332502627 
85.277186155565 
74.068556595619 
95.578359994905 
91.473368319041 
101.391678308026 
101.909373698565 
84.929517972530 
82.451537771943 
80.334694628483 
94.062323425308 
93.823729188387 
93.695012682071 
104.904097208167 
103.237738295786 
98.406320510530 
94.550441339587 
97.230445068458 
97.789195619273 
101.914564344942 
91.821779115048 
91.808083333798 
104.898070370349 
102.492345632248 
94.769591654418 
94.844870699641 
99.022949496298 
105.471638865832 
108.231474538871 
100.866268379964 
93.629195946559 
100.107752275426 
94.503788426966 
101.391532422717 
108.974202414428 
110.923981752143 
104.538534495161 
107.716979924554 
109.284024254066 
111.751252380199 
103.346804225048 
98.186217067003 
98.102068272362 
103.125612868319 
99.984232899836 
97.943945120871 
106.586261978164 
99.367898467943 
88.544986950721 
86.030008703491 
90.527124298707 
101.665905707281 
90.256800394238 
98.543511590233 
98.393935761604 
106.614259591787 
113.607671820943 
101.085548325456 
107.906978493340 
110.199489740732 
118.251365805925 
112.471635819119 
105.918146093820 
103.717025639261 
110.613711419277 
97.195556800929 
106.312461929111 
104.754818415261 
99.931160831950 
101.388500090386 
105.116656337673 
94.686052615375 
88.491048719165 
93.875575302483 
96.706701160938 
99.861084167846 
105.784428527853 
97.918270051474 
96.371220427041 
98.813935793892 
102.571279193479 
100.976383281309 
100.646750225763 
104.970880870914 
96.908782927509 
86.967648235730 
111.131459136766 
94.556683559389 
88.683753839590 
92.412281776340 
100.183093644029 
96.463559269158 
94.880972934567 
102.158212141079 
105.054929157340 
107.447348277050 
108.934095641300 
120.676491787294 
120.533640329819 
119.320800378311 
103.437444905713 
115.714344543623 
106.681768513781 
93.960258426506 
96.943078665603 
107.129570887662 
104.272919638758 
100.277508363268 
117.204292177300 
107.019836410434 
98.832040501860 
112.547238758044 
103.593332594747 
123.445569549250 
119.280874695820 
111.014351573118 
95.744366281262 
92.768239474924 
94.193030002924 
82.869805306382 
85.440704325679 
82.580144990174 
87.829013219086 
109.928155273694 
107.975078019869 
107.423966223513 
106.201839042825 
111.716983224720 
106.345370227230 
107.389581726592 
115.179409770005 
107.455163389889 
89.597464219490 
93.113571465192 
98.939921820026 
100.650896901896 
95.173528801126 
97.784868574353 
100.056842112028 
119.027504066025 
111.164521091400 
113.434841580806 
113.316963323572 
104.812052738773 
100.634797682152 
94.644534723428 
95.987138348582 
110.924633986794 
96.384373385769 
100.891448476989 
101.679026843897 
101.679303757710 
102.161327604224 
99.049559358016 
96.112970381180 
103.550350980158 
92.422249288764 
97.480804996682 
94.704323238876 
96.748056246678 
93.882577267563 
103.209562085273 
121.690393292696 
121.801599547447 
118.762847800992 
111.541276052440 
108.556426570300 
92.533325589445 
100.904866180167 
101.089965424025 
91.109293836021 
99.244605086935 
94.768434679387 
87.849200628730 
92.897358625764 
90.483766911457 
103.525030630298 
93.754310915465 
101.903922136804 
97.662752405384 
97.068744269000 
94.913300312378 
101.035487074129 
109.807550992915 
98.156328652491 
94.364454521854 
97.404909164529 
100.554903915824 
100.240117353427 
91.329821226483 
95.126497850262 
96.833544376843 
88.789828100842 
84.384262246121 
89.234539960881 
84.624103682314 
93.292938578187 
92.940051448103 
93.626140716770 
96.168998927540 
94.688971971748 
92.397846844259 
86.983959637736 
99.680135414757 
94.872662536283 
91.894460630134 
85.787052751790 
95.268878088407 
89.924380226282 
104.571312387780 
112.216826971483 
110.172589582962 
113.642535264434 
108.545557888449 
109.304374045495 
116.826785562033 
130.902313899595 
121.060538556149 
128.431223066500 
112.527158965972 
127.797449577068 
109.425483211573 
103.960508600028 
105.698318175391 
112.644426495839 
105.816813223036 
114.295039676361 
107.631715123017 
102.417584626169 
112.998767707721 
106.989989392176 
110.233290673759 
111.287635137952 
105.437184722984 
100.833164205339 
102.897369554067 
94.554155245696 
102.427547376040 
117.057496608503 
87.004751007162 
90.372497720814 
93.389698403333 
96.732182723941 
88.580655172609 
103.459380116604 
88.541962406277 
92.516332705960 
98.016693143959 
100.473225440046 
98.881708565683 
97.610352967633 
90.926748382781 
97.876380835366 
98.304032795737 
104.108558914937 
105.561560360161 
109.133358974037 
92.301671386822 
96.371813278171 
92.276953511557 
92.758420169282 
95.069549386196 
101.887059225662 
101.796809984198 
101.276334461806 
106.000656784261 
98.417388673014 
105.305835603258 
115.007729989430 
116.109323465044 
100.678892713978 
110.928481630824 
113.404309324329 
108.360051277267 
108.505491438286 
108.426738952078 
107.215124316219 
102.188312192473 
94.585707444624 
95.936557199717 
96.466351657270 
95.700802777272 
97.873336311546 
93.879944009790 
93.371258156599 
97.155711337918 
97.207346139321 
95.719357463585 
112.740232258730 
101.557575230140 
119.629369271083 
124.918637562462 
109.235691122435 
101.485137321908 
104.108146196356 
106.167669756828 
105.657107813953 
108.916101412898 
107.613147029218 
111.366960728104 
107.640582602611 
94.841699368612 
92.061425728065 
89.580198936014 
90.122780973753 
87.741788138140 
84.184074140064 
82.024787939453 
81.189565219170 
82.327390728988 
81.269297116712 
88.628295584631 
96.741106507247 
113.430317840854 
113.962047714655 
111.419547243179 
112.921100544978 
102.088105818337 
104.225880267807 
95.697818802814 
106.805024734480 
106.274460371328 
93.772538624876 
98.962388281781 
101.897559046446 
99.571766070528 
103.323784585178 
106.478527641025 
94.677915934241 
103.142507752009 
91.935892017976 
87.558317256659 
108.369964350963 
109.844813125331 
101.220622196394 
101.457744383466 
104.011685243527 
99.877360129566 
104.568577998748 
113.569759827665 
110.412060302165 
103.828066345005 
104.238798517613 
102.272713872144 
105.382316878876 
104.111682459670 
93.234045495673 
100.563340113068 
90.918971198743 
93.535553589082 
87.906729127162 
95.614521334688 
92.164357363447 
102.878507827117 
97.786459671444 
95.708824428257 
96.721478484509 
102.101080675011 
101.406365659897 
106.451372148910 
101.257085508330 
111.009285666150 
125.038332518692 
112.107290346087 
123.194620382660 
117.803601259093 
112.596749059304 
109.559518501722 
114.966255479058 
111.927749283558 
116.305620749215 
104.832779961281 
104.889901494674 
88.820972340437 
92.960547640209 
94.112678807270 
99.362945881726 
100.414064730233 
96.102980823594 
99.475334570577 
96.287285517906 
99.145361937759 
96.702428275210 
105.388349127140 
102.080636008317 
97.842210585933 
101.824488371233 
103.001708568745 
101.432747568458 
99.553672478971 
92.680783899718 
80.436010589939 
85.845908533327 
83.565492477650 
78.376324388494 
82.040378467509 
84.391678876848 
99.098698180087 
100.986408243916 
95.862122100016 
96.825544415394 
95.742553121865 
97.955772052123 
112.846656234776 
113.392113853896 
108.577593273031 
107.802405773652 
112.299578103048 
95.604971993718 
109.488425183468 
111.470217248319 
104.906627311296 
107.823966228450 
100.593580300724 
97.727951608082 
100.505317349405 
100.270651426942 
100.362727405958 
98.524644204623 
91.086879046394 
103.998075170612 
97.122161504903 
96.794363162028 
88.662563084737 
87.357101692380 
85.298609231986 
85.074747645423 
89.455475132369 
84.361025195993 
90.679769441747 
90.022384358909 
88.775528925077 
107.843012761601 
104.004770695493 
100.705040415378 
104.543024181166 
103.134988213588 
99.744165428179 
102.550538240103 
96.251971850915 
91.775910675394 
95.941739854816 
95.548032458135 
96.097372247645 
111.261643866841 
122.644759189350 
130.842854944952 
111.415017846305 
112.332484162609 
105.029782153763 
108.960690454462 
105.693248651513 
99.584308365097 
94.585986847429 
96.292790422263 
96.058220385831 
90.794091151608 
101.985607247324 
94.989093274053 
84.426941455483 
84.121498582600 
87.952525568476 
101.053075823767 
101.177963288388 
102.265101516461 
95.505932822179 
102.773573391846 
100.412531269875 
100.431024018704 
102.252776339106 
103.434094067753 
101.998793903708 
102.310059172848 
101.916209411629 
96.654130206212 
95.131677426482 
102.159524986987 
99.166622467967 
101.916874231696 
112.871125263802 
103.518129803996 
92.377060163054 
92.368859856375 
98.344450764706 
97.846014248123 
108.964645473444 
98.780980380819 
91.742105897707 
85.374648348083 
97.114821808850 
97.839909407343 
86.421133962350 
84.128959520057 
88.821653432604 
75.589614622666 
70.881070655738 
88.303138924984 
84.563622740444 
70.495078198910 
73.187647862360 
82.205424454619 
82.992373918601 
97.883319983896 
107.315767071095 
102.374480294049 
87.075328980017 
87.073640363030 
81.671661122073 
80.880706223109 
82.199516036158 
92.156761399184 
101.668545403201 
106.793888223989 
109.011617375971 
108.649740749467 
103.143531321371 
114.500537738214 
102.102810935093 
109.550144721412 
90.998123005798 
105.109636682355 
93.289787241775 
94.578013943940 
104.132003800862 
106.259518532339 
104.305342243860 
103.294412047592 
104.195855253885 
108.168417525786 
109.465016382763 
93.954367589295 
95.145015489848 
92.361809022309 
105.771103874321 
100.411726630866 
98.781134812034 
105.883258874691 
105.266021581938 
93.610054761492 
93.661249479136 
89.464259499225 
87.158418923103 
89.746963314523 
95.942478750501 
94.454318634666 
93.210391630238 
104.775980398000 
104.697535856323 
103.512039061060 
98.006211057634 
104.503463184160 
96.737448714570 
93.866584159440 
98.384508762276 
96.319600056366 
102.992184510966 
105.057241997451 
111.540435135179 
114.141943471530 
117.292254090787 
111.789447716028 
119.071611346204 
108.030302540313 
98.706918999680 
90.417087936571 
97.897287804288 
94.759614273877 
91.169303197416 
90.225439140451 
97.954386731067 
93.110548993690 
101.784422587722 
112.435927268172 
103.197168006600 
110.770507081265 
108.735883483749 
99.802799550655 
93.871712322399 
95.143398587567 
86.992687464367 
82.982978565778 
86.242520396389 
87.308581184906 
95.648091061536 
95.726217854497 
96.436476555826 
98.253412128118 
100.081149692902 
101.876963485951 
106.480463246399 
103.028225772187 
98.630346293579 
85.065519353297 
78.485152500297 
94.262033062090 
91.756572411581 
93.959064298066 
90.419507758055 
113.539626449788 
98.755728958774 
99.328790994712 
99.112102119836 
100.273188475673 
110.270179092827 
107.908927119452 
108.157128221011 
111.549779194145 
103.552634560613 
103.654436053243 
106.059514167973 
113.103684928056 
111.700416226181 
123.225229513999 
114.510084622008 
109.764919362390 
96.487106510882 
103.200262433965 
112.575812586995 
102.761069297365 
101.155754103877 
85.112646222486 
90.274181258915 
99.114507968457 
102.591460334001 
102.264762255271 
103.565031711601 
95.316115432964 
99.071150459280 
115.573241691952 
96.452932457780 
116.294423312145 
103.442204083830 
88.890021772936 
85.624496671666 
82.325371208615 
92.082059793615 
88.598933662897 
88.638440758076 
102.192998199298 
105.746659419739 
106.519040307591 
90.820676710517 
109.041164229840 
102.803360162300 
105.257411268254 
99.239466073988 
101.649646979962 
95.431005993684 
95.925794721814 
93.942073030137 
90.252942054199 
88.079342011524 
111.745268025594 
107.307375174837 
119.110249416378 
116.209193661679 
106.949055004321 
86.618116042270 
82.687146161226 
88.979146586973 
96.763352716282 
103.082188898978 
106.279184186535 
116.089343355096 
113.202345875227 
114.604433138757 
110.715301765361 
110.510410814606 
96.599751871379 
101.129381748631 
112.781767635933 
104.986386687119 
110.681686746878 
112.103840072241 
113.579132977164 
115.605870402170 
113.531711927038 
97.527953676188 
93.612413885020 
88.563669035158 
103.219996763219 
98.483485259549 
98.418156773693 
111.964695446966 
114.118358811273 
104.707463246688 
105.973749389302 
84.080193012231 
93.540713227464 
81.576454200539 
92.666986895835 
93.448173363427 
104.969290029400 
93.864320948259 
92.877794864466 
93.517249285159 
96.556740042476 
101.970971998526 
100.596112992150 
103.569767840982 
103.343855187565 
91.713196793473 
114.461285150064 
91.929831644825 
92.109148744729 
91.340986772544 
86.235869773793 
85.377726937767 
90.614526311703 
84.549710282709 
84.704827375798 
101.530465301448 
97.809985680945 
98.218298882242 
98.242399312537 
88.073540950246 
83.151905695716 
85.408272652404 
87.337565068587 
87.944275255997 
91.958249848830 
99.238355352244 
98.415544376961 
98.655649242528 
97.866458018445 
103.212487853755 
109.493573866577 
97.089079208303 
86.364630392283 
92.560492018554 
102.504294576612 
101.282568314561 
93.350012585954 
104.308762321724 
102.691521709440 
116.816556682049 
112.402874284312 
106.385135639198 
102.637359814224 
100.437524588468 
99.945033309832 
96.859381367886 
92.102210580841 
101.520598433001 
99.409197475104 
112.047753757943 
102.965375098328 
91.553977123648 
83.013250105467 
89.296237652118 
98.122355382107 
107.450048779942 
100.735574683789 
103.462435593951 
111.436842277653 
108.017387130584 
100.963945435012 
102.431689510291 
113.263495572944 
109.701018185074 
107.972662862238 
117.073136837813 
103.237341854184 
125.144038388676 
120.432466728544 
132.272040416216 
127.353308421959 
115.054260079960 
113.422486934881 
115.591073396644 
116.254274100713 
144.852824254126 
119.965209525216 
88.828591452903 
101.276850239802 
85.095739783122 
89.063255078507 
89.859400822163 
82.309201959658 
82.755049571353 
85.169315705654 
82.366673148103 
79.072766302843 
86.379241666778 
88.426250214649 
98.267097879726 
82.002401489281 
90.777619431096 
83.502075452110 
90.329434734667 
98.409693846480 
82.275157322177 
96.792679868474 
115.816836041849 
141.556469217196 
105.133240102111 
106.641672648582 
106.736765832162 
98.940414592274 
96.178458869545 
102.154063610788 
96.449459351527 
99.059836978824 
101.305330045803 
94.413201010242 
101.137396504394 
90.301932109031 
94.441932419750 
89.249051987473 
94.252979751080 
94.295788888857 
94.141087451242 
92.642399961231 
91.207483434777 
80.874292389714 
82.509230509131 
90.356442241440 
105.767725043758 
100.674142837220 
111.749645915664 
118.566096737301 
115.469532963309 
110.281487405318 
108.621569927644 
108.037108552228 
99.532084450750 
101.596171226754 
90.286645697173 
97.039621576571 
92.087485271066 
88.282521074996 
84.307931840588 
95.348682953427 
101.198007218982 
94.230034174479 
102.294950696165 
91.057028190658 
92.639773175964 
90.674995717146 
104.183716755136 
107.887669946416 
97.109575726096 
102.741901299659 
115.647747961435 
105.956301396367 
102.866606327673 
102.084022593210 
104.071103363325 
99.462816079942 
96.739775672457 
92.521510066367 
98.521162761946 
97.796687774007 
96.852941510057 
90.545756916824 
98.413379808548 
90.222864934992 
89.268582946531 
92.879703426706 
86.016417551210 
88.193610711647 
83.348922543753 
93.974993120564 
101.516483097008 
91.941285800231 
90.915735444670 
85.571186078923 
84.671247457213 
88.320585979263 
87.471585346703 
92.407356045780 
120.624092210470 
138.899177312196 
119.483166287184 
134.662629612009 
112.634589312013 
108.674284010029 
97.491385261295 
103.526220754895 
105.148328234447 
101.855511822703 
105.578934865785 
101.582842655005 
103.938402708623 
110.253023546538 
112.868253696645 
111.117410717588 
106.528580344824 
102.657257036376 
99.182344472610 
85.174056131741 
90.686750397608 
96.106405774370 
101.256361834196 
102.894252971520 
97.883390513107 
88.243043916059 
97.929406551957 
102.692673785390 
103.318509227531 
108.957048226753 
114.303348196411 
114.307109081284 
113.934574559201 
106.527837246152 
108.676148255127 
92.663718929904 
97.664138906117 
95.046721059381 
95.279931363866 
97.612900862055 
97.389553130348 
97.436312623633 
105.832473874550 
99.177896844753 
91.879300820367 
102.112148000244 
100.451123935318 
99.447300586124 
95.562771291842 
107.705521971524 
102.536715663652 
104.620964943806 
93.788084507533 
93.556186448965 
84.756086184264 
88.931881692934 
88.454372387532 
86.494871622882 
89.710417500742 
88.904561599071 
85.930527880088 
91.271420911223 
91.107731787152 
97.439626000661 
95.262776043471 
101.211035208680 
111.712103330684 
111.106201582907 
108.898564176069 
105.151197155970 
103.305642989292 
99.905838302314 
98.673563550630 
101.288514856334 
104.541779669246 
106.356909964211 
103.573341351230 
104.188912382021 
102.869699706445 
118.400851159671 
97.137751666441 
99.021450720389 
97.034307718720 
95.688680035021 
95.990284399125 
80.472240191104 
89.711109676574 
87.871724155016 
94.655377422920 
98.543810818590 
88.269668330878 
87.047716493678 
83.221080608377 
100.855359048344 
90.592694527224 
110.208013103192 
100.042650072696 
108.117615927765 
113.431935956818 
107.307141706764 
115.619167606617 
110.889729287583 
104.555806415947 
99.806758116550 
96.515855959432 
99.427502288098 
96.267182753410 
99.354468815257 
97.126474275322 
95.465839433068 
95.827412576666 
92.177081601368 
113.626001085469 
110.580725369439 
111.985176177770 
113.866666066880 
118.641909328542 
118.836530772223 
110.637613472688 
99.135473962420 
103.044109151790 
91.714109550408 
94.772446303327 
96.056036929587 
101.210050527811 
94.375884265331 
91.023280761485 
94.474872646857 
97.698056824465 
100.332919508371 
100.890137549641 
103.414556397674 
110.658390971488 
105.125441327869 
118.600217736312 
121.262342673688 
107.115858517320 
98.708909264669 
86.686161845091 
83.701037169072 
87.397288960037 
100.581803641106 
96.976547172007 
95.041452234099 
86.346441111279 
102.650564472596 
91.577960523276 
101.700201347679 
89.667213385992 
86.062159184343 
85.906180876021 
89.429292374186 
88.747431938052 
81.458594031364 
72.521902269571 
64.933047554159 
80.235121710920 
84.714127803942 
94.526522288471 
108.515194332020 
117.123632098583 
116.881845889926 
114.837293696018 
111.201484111100 
95.297440141252 
92.692785842223 
92.453204214893 
91.812056333519 
82.713444689719 
86.061986904225 
83.667734141549 
83.237170825636 
84.914639158917 
82.518102257173 
86.609407481770 
103.533420326974 
115.657294773021 
102.469183288723 
105.650654141479 
102.468734934964 
106.805829345773 
109.656426188619 
110.240806332456 
87.673391145562 
98.235858877662 
102.805644891155 
105.428543774272 
102.955360884004 
98.934361996025 
93.529943527840 
96.080856129289 
93.962209169291 
105.314983626868 
106.802644260455 
110.799816066802 
121.432899119181 
127.457653223602 
109.619951618164 
99.128468655028 
98.643038114373 
111.251740745431 
111.215761993431 
101.162263145870 
89.887595918516 
101.656645285172 
117.827859354365 
86.681000190131 
112.214132567975 
101.525649480406 
104.304764480875 
103.879343779083 
97.784377271089 
92.429294780401 
88.796459298113 
99.241913155754 
107.825109909284 
86.939318748286 
87.625524663533 
88.940331566116 
83.197151605836 
80.012530045364 
89.501957091823 
87.115748524216 
86.690480807361 
90.066183003691 
90.525839549705 
92.477769586520 
90.795308861465 
104.455033226671 
109.240175185809 
98.642076840392 
96.346623830406 
99.128533350044 
93.611855638063 
98.371979265642 
102.254917678317 
100.153362507834 
95.561837187197 
94.351681039481 
106.803685908233 
97.960463653240 
99.709625542845 
107.646335677654 
114.605316274656 
103.378110519359 
108.821932816252 
100.794688121051 
117.133468962942 
115.982580214244 
104.365260835802 
107.331582313653 
124.969809577798 
113.461494100909 
115.158311336323 
110.652377956348 
95.822994123978 
92.003823775670 
91.602282476371 
85.366687141205 
94.511880678543 
102.291808679419 
103.538172821448 
104.837549223530 
99.389466268233 
106.498313884875 
96.406844197372 
95.435294604439 
99.112466021363 
90.452517271235 
87.892675258977 
88.246165875127 
86.449875188751 
91.378060843474 
95.763470052767 
86.132194309828 
94.417073029853 
96.499772734729 
105.456412018326 
110.256544317894 
107.911460340649 
108.386325612701 
109.524410080269 
111.453096524667 
108.830260284525 
133.020000344182 
136.989692113839 
124.382520967298 
115.216062002072 
128.145349941362 
120.235433457253 
112.601992272425 
115.601079146582 
107.707830618545 
95.407575603791 
105.480834393089 
110.627968770457 
112.211045014919 
100.751420165662 
104.459878313879 
102.669708462414 
108.111058561096 
106.350956375662 
115.953821060617 
115.110024531905 
117.154798546151 
122.062562537082 
109.893786320053 
100.103661701807 
88.919847214087 
84.359069801260 
92.899184177042 
81.824489692734 
86.200821858473 
89.757093274171 
93.575682679526 
92.970755384790 
98.833145129747 
105.254730094301 
103.756413295808 
101.456874970579 
107.738234293529 
110.509134820373 
119.694506069552 
118.154510008795 
102.895866799271 
110.761610362384 
101.483150280952 
90.262534926339 
91.933201436095 
104.900712380692 
99.106245220869 
100.077261342328 
108.215901390931 
113.885297093287 
102.112233591417 
98.722487918149 
102.906468211732 
99.460089663528 
99.626146640473 
101.054951676400 
110.963301721895 
109.706677468883 
92.317427886723 
98.924670976077 
95.766794840659 
93.945008336246 
104.446534687555 
89.279263496755 
95.304097551992 
95.356810354709 
95.927878346189 
90.249454778741 
94.363655663739 
101.050227127511 
99.528650398312 
89.922373041721 
88.723973141775 
77.756217274865 
88.066820059786 
90.918085449908 
94.841480225790 
90.486672481132 
96.248402623683 
99.037023682604 
115.725255873545 
103.217348670526 
102.619474400235 
104.796009396536 
106.803311664158 
104.725337311971 
104.999470966523 
97.994335059999 
98.128994323667 
97.148893842068 
97.455615025516 
99.032309791773 
97.174466945549 
100.353119009090 
104.463683087253 
97.179446486314 
94.250267434673 
110.807612200781 
103.177929692869 
95.629565604973 
102.832554067596 
90.465228575428 
82.654707730580 
78.820915046837 
87.252379519401 
88.938601267906 
89.875447873220 
89.917823318227 
99.954206209518 
97.771195594249 
93.026335277324 
96.470658792993 
93.498065587735 
97.382368479138 
94.408454473087 
93.388419989162 
89.480945625305 
87.987475275171 
93.781565335372 
94.474470421424 
95.313719773065 
87.617588499641 
82.628109008469 
100.662462082226 
109.614970331455 
106.337022396415 
95.579598078747 
92.286992270762 
86.646791371527 
89.260770178836 
92.064813471707 
90.415760737975 
97.063657100514 
94.700974860028 
95.892893301352 
94.858633531660 
101.928123233023 
100.483200796700 
100.961642076736 
100.595958061573 
91.625655113839 
93.637708786199 
96.853916550941 
96.679653390776 
91.016690628009 
79.972004951830 
91.754637184709 
88.686668392958 
104.574455566881 
90.767258325118 
92.504493159846 
94.084155795135 
88.440710905801 
98.776240553735 
85.395485189378 
83.391064928213 
89.667216650751 
90.658102263592 
94.968734626389 
94.989905980737 
101.154559361317 
99.799135872261 
105.754533983732 
108.545254863170 
107.243298885440 
97.149653978839 
111.339961721022 
106.845732181512 
111.463574159376 
107.008831674458 
94.727967015256 
97.577073714838 
99.962725704484 
101.001848931924 
104.497270205846 
96.338041284319 
93.095475743968 
113.931350115428 
95.681156317972 
100.189424153034 
90.509005578332 
93.799427684074 
88.135847779665 
87.504890866420 
81.254912241282 
91.815656911988 
105.630477014451 
89.682014667119 
82.457928498194 
82.605000216529 
87.363930839086 
90.354382894412 
80.673830151269 
78.647641758401 
86.974529491512 
100.178743928576 
102.498172969772 
94.484047079526 
94.415865648012 
101.350802162944 
109.661805308948 
94.516005077397 
102.016812430903 
102.333895246525 
99.413629346432 
97.711608802052 
94.961333443804 
91.962750619212 
108.086423806153 
105.513952961138 
113.815171132055 
104.012852161908 
93.321605793028 
88.307481420054 
87.205586342207 
91.654009298871 
88.010249558400 
84.536387451822 
86.020293375869 
88.899437069719 
98.916283447092 
89.618576308189 
88.645465846695 
99.746509960474 
89.179976049271 
87.948024855814 
88.151694751104 
92.595050147108 
96.279662850795 
85.456961147595 
94.056461271289 
84.234741439381 
92.334671454242 
89.243441782732 
87.867259432929 
86.999370281468 
78.147709765874 
92.453637864660 
99.196062536394 
88.915417310543 
91.496558161943 
82.755634657838 
85.207503940371 
97.527804035057 
98.395293619586 
92.284168033389 
92.976578396683 
100.148065035883 
116.406551725830 
124.253608229010 
116.124008449033 
103.386585876219 
96.653360623455 
94.926220260345 
96.163025624635 
93.418479621167 
96.180786217521 
99.177247099984 
100.699781493113 
105.036509452589 
109.931267263819 
111.307525650910 
113.325791599689 
118.425696603804 
121.823231417763 
106.373748153386 
114.793108398083 
98.387096825298 
93.978033795159 
95.391739050309 
94.847778598457 
95.450758169216 
93.574783446393 
93.866219133400 
84.615978969011 
89.336086727456 
91.202951661018 
104.354319428814 
98.777217365053 
96.505712444254 
99.516161894156 
104.240951786139 
116.142254338528 
112.359532678251 
104.501619082524 
103.573061141305 
109.445378361086 
106.697411639436 
114.731121363405 
131.922954666457 
116.899322836463 
113.642671091483 
109.182031005970 
103.257360742306 
98.488176958714 
104.466680152269 
104.907395254421 
110.713610962818 
112.887625789524 
120.354646983572 
115.682986932974 
115.895801187203 
113.746555080307 
106.564797673695 
105.630531841571 
115.526443480183 
102.825796394665 
115.469726589883 
101.086873509423 
98.160999196837 
99.883013385292 
98.678406424069 
92.749368203767 
87.398885551319 
94.352809709819 
105.824631299983 
99.862081940960 
92.195881412255 
96.039139527159 
98.271666825404 
99.610981123959 
93.955055534756 
102.293560015366 
104.164023839302 
115.488133776886 
101.869158468259 
103.385542007570 
109.307097503043 
109.323581844897 
101.233775422142 
94.061494427618 
99.893743033249 
100.492402679520 
96.495977973979 
90.631306265255 
95.310043170277 
88.696803862138 
91.663167469080 
106.265186740309 
105.475620706448 
108.701179224904 
102.996761346178 
99.873205289187 
102.153363948686 
118.472040100801 
103.984997420743 
128.653304427518 
100.148881413178 
89.933399301113 
100.695466709762 
99.260593701157 
108.842678778847 
116.633390360989 
109.096797834159 
107.419262300418 
126.416436711705 
118.940044213310 
111.296564544451 
111.813629916602 
100.896310405821 
94.364171413719 
96.021108386950 
98.405549858361 
111.562378413852 
116.268793447321 
114.776114732969 
103.782757235009 
108.503854163634 
111.046522541502 
104.115867177888 
102.485309727988 
96.910551201635 
99.437799554747 
87.122440857576 
88.050500152602 
89.549242740420 
89.131019085146 
94.018240843807 
97.145038228570 
108.109037153484 
105.441764442725 
112.523327645792 
116.745063261170 
90.976349197405 
100.021339411175 
97.460554359470 
92.721010578062 
107.253084518208 
105.338975591719 
99.507671460494 
93.816623501755 
116.318947647353 
104.857632570334 
110.764536488617 
114.874016557729 
116.043221550151 
100.747208137079 
102.617470823403 
90.931046050632 
101.023148603977 
105.585876095977 
113.320474551313 
102.393096355601 
110.867412496201 
106.099044434970 
104.220313014141 
103.779139300237 
98.484107429009 
103.855244725393 
102.466249224081 
97.152911933112 
103.354282755634 
100.780636173764 
94.641849019727 
95.804621986058 
95.596821723468 
94.357555193177 
90.251725134680 
93.954876889532 
108.027182916054 
109.497695747281 
112.118276689338 
117.643017365301 
105.462782062884 
108.915384116258 
99.959827548294 
97.617791684031 
96.185002586154 
99.239998986827 
97.118383774806 
87.683190787060 
99.149224555751 
88.332416780512 
92.649781105917 
97.630569663593 
98.306304409591 
97.575659905578 
92.654141693451 
92.350322610295 
95.716223642865 
95.606842321146 
101.533476808024 
103.815705905130 
101.216079965638 
102.817831770471 
98.169059772013 
103.921718162611 
105.445390172691 
112.235986716438 
104.457036464909 
111.467325148030 
109.631538306036 
113.990032217953 
107.882544944698 
107.052230760610 
109.465003953462 
116.856626493981 
104.196795607805 
101.803829745561 
92.865645325226 
101.455584179051 
105.418115149968 
100.445691248563 
101.493954898254 
122.900639141227 
134.801946978039 
122.801845428978 
107.816712889934 
99.092754157051 
105.665303394747 
107.685398482442 
104.542953303803 
103.481791991844 
102.867484187335 
87.622248444024 
86.637362105221 
91.803027153407 
90.005830270204 
100.476155450385 
83.583582322013 
89.132343163492 
85.817633683286 
81.556531245407 
75.632830584168 
76.224594285762 
83.622657952667 
87.472898195662 
80.254674433361 
91.719833534068 
96.246342404852 
93.174982096960 
94.707095651710 
102.491088140676 
93.010212976805 
96.225718386671 
96.768578724683 
107.065021738562 
92.935042722656 
89.107054889547 
95.237727248563 
101.538819266692 
98.850021974565 
97.336372868824 
92.534424883517 
99.638553879052 
96.266875531704 
91.934935215839 
100.287646864929 
106.452565604959 
92.198725903480 
86.391737541419 
82.158266968678 
90.438493064255 
88.818460937213 
98.582282949601 
99.926825051992 
101.041646925891 
107.341175563168 
107.142837126496 
110.288530400590 
116.618067834557 
111.314525761272 
105.519137951417 
102.247668559809 
92.488392823515 
95.790887726936 
96.810675185708 
97.621741920055 
103.758781339348 
98.402045527915 
93.093235304356 
95.700424406371 
97.845224408358 
99.008961292423 
99.686407205448 
95.776221427300 
97.765759988999 
86.957949187080 
85.007595255821 
89.135869159226 
97.960041213772 
87.996351011959 
87.351273913750 
99.851231918173 
96.921070404067 
98.047567192455 
98.424658656579 
100.704940664341 
103.057527234032 
100.620241978332 
98.890832696409 
92.160114724691 
100.015641014487 
105.245333374933 
99.052953782052 
98.551914944569 
96.213593109179 
84.431960282666 
85.675806434994 
96.351265269467 
88.621867305298 
95.064079600617 
103.804733087032 
102.073541063646 
85.836184771023 
86.392707445697 
96.605017646824 
88.981397890032 
93.291121035603 
92.801827665633 
90.432246924026 
94.347181184160 
96.626100256492 
100.363898932101 
104.430795532828 
99.872626187377 
101.320016969754 
102.061995066006 
101.702931094300 
91.382624878885 
95.712919050755 
100.667971717523 
92.261145252656 
95.882997340881 
105.210314111243 
99.400960372609 
108.670808455042 
103.794109244774 
