
:::---::: PyORBIT v11.0.1 :::---:::

Python version in use:
3.10.18 (main, Jun  5 2025, 13:14:17) [GCC 11.2.0]

reloaded_optimize:  False
reloaded_pyde:  False
reloaded_emcee:  False

number of multiprocessing threads: 16
multiprocessing method (should be fork):  fork

parameters/safe_reload flag (must be True for tinygp):  False

Opening:  RVdata_expres
Opening:  RVdata_harps
Opening:  RVdata_neid
Opening:  BISdata_expres
Opening:  BISdata_harps
Opening:  BISdata_neid
Opening:  FWHMdata_expres
Opening:  FWHMdata_harps
Opening:  FWHMdata_neid
Opening:  Contrastdata_expres
Opening:  Contrastdata_harps
Opening:  Contrastdata_neid
Opening:  Halphadata_expres
Opening:  Halphadata_harps
Opening:  Halphadata_neid
Opening:  CaIIdata_expres
Opening:  CaIIdata_harps
Opening:  CaIIdata_neid

Adding common model of planet:  b
Adding common model of planet:  c
Adding common model of planet:  d
Using orbital model:  keplerian
Using orbital parametrization:  Eastman2013

Using orbital model:  keplerian
Using orbital parametrization:  Eastman2013

Using orbital model:  keplerian
Using orbital parametrization:  Eastman2013

gp_multidimensional  S+LEAF model, number of harmonics: 4

GP model: gp_multidimensional  hyperparameters_condition:    True
GP model: gp_multidimensional  rotation_decay_condition:     True

====================================================================================================
     Ids, spaces (s), boundaries (b) and priors (p) of the sampler parameters     
====================================================================================================

----- dataset:  RVdata_expres
jitter_0      id:  18  s:Linear      b:[      0.0010,      11.5000]   p:Uniform   []
offset_0      id:  19  s:Linear      b:[  -9997.8210,   10014.4770]   p:Uniform   []

----- dataset: RVdata_expres             ----- model: gp_multidimensional           
rot_amp       id:  20  s:Linear      b:[      0.0000,      10.0000]   p:Uniform   []
con_amp       id:  21  s:Linear      b:[    -20.0000,      20.0000]   p:Uniform   []

----- dataset:  RVdata_harps
jitter_0      id:  22  s:Linear      b:[      0.0009,      13.3000]   p:Uniform   []
offset_0      id:  23  s:Linear      b:[  -9996.1123,   10015.3455]   p:Uniform   []
offset_1      id:  24  s:Linear      b:[  -9996.1123,   10015.3455]   p:Uniform   []

----- dataset: RVdata_harps              ----- model: gp_multidimensional           
rot_amp       id:  25  s:Linear      b:[      0.0000,      10.0000]   p:Uniform   []
con_amp       id:  26  s:Linear      b:[    -20.0000,      20.0000]   p:Uniform   []

----- dataset:  RVdata_neid
jitter_0      id:  27  s:Linear      b:[      0.0010,      12.2000]   p:Uniform   []
offset_0      id:  28  s:Linear      b:[  -9996.9356,   10015.5004]   p:Uniform   []

----- dataset: RVdata_neid               ----- model: gp_multidimensional           
rot_amp       id:  29  s:Linear      b:[      0.0000,      10.0000]   p:Uniform   []
con_amp       id:  30  s:Linear      b:[    -20.0000,      20.0000]   p:Uniform   []

----- dataset:  BISdata_expres
jitter_0      id:  31  s:Linear      b:[      0.0095,      95.0000]   p:Uniform   []
offset_0      id:  32  s:Linear      b:[ -10060.1333,    9951.3667]   p:Uniform   []

----- dataset: BISdata_expres            ----- model: gp_multidimensional           
rot_amp       id:  33  s:Linear      b:[    -10.0000,      10.0000]   p:Uniform   []
con_amp       id:  34  s:Linear      b:[    -20.0000,      20.0000]   p:Uniform   []

----- dataset:  BISdata_harps
jitter_0      id:  35  s:Linear      b:[      0.0095,      95.0000]   p:Uniform   []
offset_0      id:  36  s:Linear      b:[ -10051.0000,    9968.9000]   p:Uniform   []
offset_1      id:  37  s:Linear      b:[ -10051.0000,    9968.9000]   p:Uniform   []

----- dataset: BISdata_harps             ----- model: gp_multidimensional           
rot_amp       id:  38  s:Linear      b:[    -10.0000,      10.0000]   p:Uniform   []
con_amp       id:  39  s:Linear      b:[    -20.0000,      20.0000]   p:Uniform   []

----- dataset:  BISdata_neid
jitter_0      id:  40  s:Linear      b:[      0.0095,      95.0000]   p:Uniform   []
offset_0      id:  41  s:Linear      b:[ -10050.5333,    9956.3333]   p:Uniform   []

----- dataset: BISdata_neid              ----- model: gp_multidimensional           
rot_amp       id:  42  s:Linear      b:[    -10.0000,      10.0000]   p:Uniform   []
con_amp       id:  43  s:Linear      b:[    -20.0000,      20.0000]   p:Uniform   []

----- dataset:  FWHMdata_expres
jitter_0      id:  44  s:Linear      b:[      0.0500,     500.0000]   p:Uniform   []
offset_0      id:  45  s:Linear      b:[  -3231.7588,   16789.2005]   p:Uniform   []

----- dataset: FWHMdata_expres           ----- model: gp_multidimensional           
rot_amp       id:  46  s:Linear      b:[    -10.0000,      10.0000]   p:Uniform   []
con_amp       id:  47  s:Linear      b:[    -20.0000,      20.0000]   p:Uniform   []

----- dataset:  FWHMdata_harps
jitter_0      id:  48  s:Linear      b:[      0.0500,     500.0000]   p:Uniform   []
offset_0      id:  49  s:Linear      b:[  -3087.6615,   17176.8324]   p:Uniform   []
offset_1      id:  50  s:Linear      b:[  -3087.6615,   17176.8324]   p:Uniform   []

----- dataset: FWHMdata_harps            ----- model: gp_multidimensional           
rot_amp       id:  51  s:Linear      b:[    -10.0000,      10.0000]   p:Uniform   []
con_amp       id:  52  s:Linear      b:[    -20.0000,      20.0000]   p:Uniform   []

----- dataset:  FWHMdata_neid
jitter_0      id:  53  s:Linear      b:[      0.0500,     500.0000]   p:Uniform   []
offset_0      id:  54  s:Linear      b:[  -3049.2567,   16963.7765]   p:Uniform   []

----- dataset: FWHMdata_neid             ----- model: gp_multidimensional           
rot_amp       id:  55  s:Linear      b:[    -10.0000,      10.0000]   p:Uniform   []
con_amp       id:  56  s:Linear      b:[    -20.0000,      20.0000]   p:Uniform   []

----- dataset:  Contrastdata_expres
jitter_0      id:  57  s:Linear      b:[      1.3000,   13000.0000]   p:Uniform   []
offset_0      id:  58  s:Linear      b:[-359991.0269, -338869.5199]   p:Uniform   []

----- dataset: Contrastdata_expres       ----- model: gp_multidimensional           
rot_amp       id:  59  s:Linear      b:[    -10.0000,      10.0000]   p:Uniform   []
con_amp       id:  60  s:Linear      b:[    -20.0000,      20.0000]   p:Uniform   []

----- dataset:  Contrastdata_harps
jitter_0      id:  61  s:Linear      b:[      1.3000,   13000.0000]   p:Uniform   []
offset_0      id:  62  s:Linear      b:[-464166.0273, -409520.9338]   p:Uniform   []
offset_1      id:  63  s:Linear      b:[-464166.0273, -409520.9338]   p:Uniform   []

----- dataset: Contrastdata_harps        ----- model: gp_multidimensional           
rot_amp       id:  64  s:Linear      b:[    -10.0000,      10.0000]   p:Uniform   []
con_amp       id:  65  s:Linear      b:[    -20.0000,      20.0000]   p:Uniform   []

----- dataset:  Contrastdata_neid
jitter_0      id:  66  s:Linear      b:[      1.3000,   13000.0000]   p:Uniform   []
offset_0      id:  67  s:Linear      b:[-369911.9286, -349262.2437]   p:Uniform   []

----- dataset: Contrastdata_neid         ----- model: gp_multidimensional           
rot_amp       id:  68  s:Linear      b:[    -10.0000,      10.0000]   p:Uniform   []
con_amp       id:  69  s:Linear      b:[    -20.0000,      20.0000]   p:Uniform   []

----- dataset:  Halphadata_expres
jitter_0      id:  70  s:Linear      b:[      0.0000,       0.1000]   p:Uniform   []
offset_0      id:  71  s:Linear      b:[  -9999.8287,   10000.1727]   p:Uniform   []

----- dataset: Halphadata_expres         ----- model: gp_multidimensional           
rot_amp       id:  72  s:Linear      b:[    -10.0000,      10.0000]   p:Uniform   []
con_amp       id:  73  s:Linear      b:[    -20.0000,      20.0000]   p:Uniform   []

----- dataset:  Halphadata_harps
jitter_0      id:  74  s:Linear      b:[      0.0000,       0.1000]   p:Uniform   []
offset_0      id:  75  s:Linear      b:[  -9999.8281,   10000.1780]   p:Uniform   []
offset_1      id:  76  s:Linear      b:[  -9999.8281,   10000.1780]   p:Uniform   []

----- dataset: Halphadata_harps          ----- model: gp_multidimensional           
rot_amp       id:  77  s:Linear      b:[    -10.0000,      10.0000]   p:Uniform   []
con_amp       id:  78  s:Linear      b:[    -20.0000,      20.0000]   p:Uniform   []

----- dataset:  Halphadata_neid
jitter_0      id:  79  s:Linear      b:[      0.0000,       0.1000]   p:Uniform   []
offset_0      id:  80  s:Linear      b:[  -9999.8297,   10000.1720]   p:Uniform   []

----- dataset: Halphadata_neid           ----- model: gp_multidimensional           
rot_amp       id:  81  s:Linear      b:[    -10.0000,      10.0000]   p:Uniform   []
con_amp       id:  82  s:Linear      b:[    -20.0000,      20.0000]   p:Uniform   []

----- dataset:  CaIIdata_expres
jitter_0      id:  83  s:Linear      b:[      0.0000,       0.3000]   p:Uniform   []
offset_0      id:  84  s:Linear      b:[  -9999.9113,   10000.1104]   p:Uniform   []

----- dataset: CaIIdata_expres           ----- model: gp_multidimensional           
rot_amp       id:  85  s:Linear      b:[    -10.0000,      10.0000]   p:Uniform   []
con_amp       id:  86  s:Linear      b:[    -20.0000,      20.0000]   p:Uniform   []

----- dataset:  CaIIdata_harps
jitter_0      id:  87  s:Linear      b:[      0.0000,       0.3000]   p:Uniform   []
offset_0      id:  88  s:Linear      b:[  -9999.9112,   10000.1133]   p:Uniform   []
offset_1      id:  89  s:Linear      b:[  -9999.9112,   10000.1133]   p:Uniform   []

----- dataset: CaIIdata_harps            ----- model: gp_multidimensional           
rot_amp       id:  90  s:Linear      b:[    -10.0000,      10.0000]   p:Uniform   []
con_amp       id:  91  s:Linear      b:[    -20.0000,      20.0000]   p:Uniform   []

----- dataset:  CaIIdata_neid
jitter_0      id:  92  s:Linear      b:[      0.0000,       0.3000]   p:Uniform   []
offset_0      id:  93  s:Linear      b:[  -9999.9013,   10000.1001]   p:Uniform   []

----- dataset: CaIIdata_neid             ----- model: gp_multidimensional           
rot_amp       id:  94  s:Linear      b:[    -10.0000,      10.0000]   p:Uniform   []
con_amp       id:  95  s:Linear      b:[    -20.0000,      20.0000]   p:Uniform   []

----- common model:  b
P             id:   0  s:Log_Base2   b:[      0.3785,       6.6439]   p:Uniform   []
K             id:   1  s:Log_Base2   b:[     -9.9658,       3.3219]   p:Uniform   []
sre_coso      id:   2  s:Linear      b:[     -1.0000,       1.0000]   p:Uniform   []
sre_sino      id:   3  s:Linear      b:[     -1.0000,       1.0000]   p:Uniform   []
mean_long     id:   4  s:Linear      b:[      0.0000,     360.0000]   p:Uniform   []
e             derived (no id, space, bound)                           p:Gaussian   [0.    0.098]
omega         derived (no id, space, bound)                           p:Uniform   [0.0, 360.0]

----- common model:  c
P             id:   5  s:Log_Base2   b:[      0.3785,       6.6439]   p:Uniform   []
K             id:   6  s:Log_Base2   b:[     -9.9658,       3.3219]   p:Uniform   []
sre_coso      id:   7  s:Linear      b:[     -1.0000,       1.0000]   p:Uniform   []
sre_sino      id:   8  s:Linear      b:[     -1.0000,       1.0000]   p:Uniform   []
mean_long     id:   9  s:Linear      b:[      0.0000,     360.0000]   p:Uniform   []
e             derived (no id, space, bound)                           p:Gaussian   [0.    0.098]
omega         derived (no id, space, bound)                           p:Uniform   [0.0, 360.0]

----- common model:  d
P             id:  10  s:Log_Base2   b:[      0.3785,       6.6439]   p:Uniform   []
K             id:  11  s:Log_Base2   b:[     -9.9658,       3.3219]   p:Uniform   []
sre_coso      id:  12  s:Linear      b:[     -1.0000,       1.0000]   p:Uniform   []
sre_sino      id:  13  s:Linear      b:[     -1.0000,       1.0000]   p:Uniform   []
mean_long     id:  14  s:Linear      b:[      0.0000,     360.0000]   p:Uniform   []
e             derived (no id, space, bound)                           p:Gaussian   [0.    0.098]
omega         derived (no id, space, bound)                           p:Uniform   [0.0, 360.0]

----- common model:  activity
Prot          id:  15  s:Linear      b:[     20.0000,      35.0000]   p:Gaussian   [28.   0.5]
Pdec          id:  16  s:Linear      b:[     30.0000,    1000.0000]   p:Uniform   []
Oamp          id:  17  s:Log_Base2   b:[     -6.6439,       0.0000]   p:Gaussian   [0.35  0.035]

----- common model:  star_parameters
mass          derived (no id, space, bound)                           p:Gaussian   [1.e+00 1.e-06]
radius        derived (no id, space, bound)                           p:Gaussian   [1.e+00 1.e-06]
density       derived (no id, space, bound)                           p:Gaussian   [1.e+00 1.e-06]

Include priors:  True

Reference Time Tref:  59334.700184

Dimensions =  96
Nwalkers =  384

Using threading pool for PyDE: True
PyDE running
Boundaries redefined after PyDE output
PyDE completed, it took       2978.9 seconds

====================================================================================================
     Starting point of the sample/optimization routines    
====================================================================================================

----- dataset:  RVdata_expres
jitter_0        18      0.973090 [    0.0010,    11.5000]
offset_0        19      8.834476 [-9997.8210, 10014.4770]

----- dataset: RVdata_expres             ----- model: gp_multidimensional           
rot_amp         20      3.762607 [    0.0000,    10.0000]
con_amp         21      2.170359 [  -20.0000,    20.0000]

----- dataset:  RVdata_harps
jitter_0        22      0.941327 [    0.0009,    13.3000]
offset_0        23      8.934783 [-9996.1123, 10015.3455]
offset_1        24      9.658785 [-9996.1123, 10015.3455]

----- dataset: RVdata_harps              ----- model: gp_multidimensional           
rot_amp         25      0.000134 [    0.0000,    10.0000]
con_amp         26      1.221925 [  -20.0000,    20.0000]

----- dataset:  RVdata_neid
jitter_0        27      1.092647 [    0.0010,    12.2000]
offset_0        28      9.708418 [-9996.9356, 10015.5004]

----- dataset: RVdata_neid               ----- model: gp_multidimensional           
rot_amp         29      4.067846 [    0.0000,    10.0000]
con_amp         30      1.625845 [  -20.0000,    20.0000]

----- dataset:  BISdata_expres
jitter_0        31      1.996596 [    0.0095,    95.0000]
offset_0        32    -55.327240 [-10060.1333,  9951.3667]

----- dataset: BISdata_expres            ----- model: gp_multidimensional           
rot_amp         33     -6.219204 [  -10.0000,    10.0000]
con_amp         34     -0.186595 [  -20.0000,    20.0000]

----- dataset:  BISdata_harps
jitter_0        35      1.768936 [    0.0095,    95.0000]
offset_0        36    -45.237512 [-10051.0000,  9968.9000]
offset_1        37    -35.067151 [-10051.0000,  9968.9000]

----- dataset: BISdata_harps             ----- model: gp_multidimensional           
rot_amp         38      2.526374 [  -10.0000,    10.0000]
con_amp         39      0.278175 [  -20.0000,    20.0000]

----- dataset:  BISdata_neid
jitter_0        40      1.233818 [    0.0095,    95.0000]
offset_0        41    -46.734143 [-10050.5333,  9956.3333]

----- dataset: BISdata_neid              ----- model: gp_multidimensional           
rot_amp         42     -1.188685 [  -10.0000,    10.0000]
con_amp         43     -0.090265 [  -20.0000,    20.0000]

----- dataset:  FWHMdata_expres
jitter_0        44      0.055526 [    0.0500,   500.0000]
offset_0        45   6775.258853 [-3231.7588, 16789.2005]

----- dataset: FWHMdata_expres           ----- model: gp_multidimensional           
rot_amp         46     -9.457996 [  -10.0000,    10.0000]
con_amp         47     -2.812134 [  -20.0000,    20.0000]

----- dataset:  FWHMdata_harps
jitter_0        48      0.051581 [    0.0500,   500.0000]
offset_0        49   6917.935494 [-3087.6615, 17176.8324]
offset_1        50   7170.508611 [-3087.6615, 17176.8324]

----- dataset: FWHMdata_harps            ----- model: gp_multidimensional           
rot_amp         51      0.283494 [  -10.0000,    10.0000]
con_amp         52      0.032122 [  -20.0000,    20.0000]

----- dataset:  FWHMdata_neid
jitter_0        53      0.053076 [    0.0500,   500.0000]
offset_0        54   6956.522565 [-3049.2567, 16963.7765]

----- dataset: FWHMdata_neid             ----- model: gp_multidimensional           
rot_amp         55      2.736719 [  -10.0000,    10.0000]
con_amp         56     -0.009022 [  -20.0000,    20.0000]

----- dataset:  Contrastdata_expres
jitter_0        57    190.722599 [    1.3000, 13000.0000]
offset_0        58  -349489.662846 [-359991.0269, -338869.5199]

----- dataset: Contrastdata_expres       ----- model: gp_multidimensional           
rot_amp         59     -9.848478 [  -10.0000,    10.0000]
con_amp         60    -19.998080 [  -20.0000,    20.0000]

----- dataset:  Contrastdata_harps
jitter_0        61     36.236804 [    1.3000, 13000.0000]
offset_0        62  -453752.976201 [-464166.0273, -409520.9338]
offset_1        63  -419770.703349 [-464166.0273, -409520.9338]

----- dataset: Contrastdata_harps        ----- model: gp_multidimensional           
rot_amp         64     -9.967502 [  -10.0000,    10.0000]
con_amp         65     19.998680 [  -20.0000,    20.0000]

----- dataset:  Contrastdata_neid
jitter_0        66      2.976409 [    1.3000, 13000.0000]
offset_0        67  -359613.919707 [-369911.9286, -349262.2437]

----- dataset: Contrastdata_neid         ----- model: gp_multidimensional           
rot_amp         68      9.992312 [  -10.0000,    10.0000]
con_amp         69     19.991827 [  -20.0000,    20.0000]

----- dataset:  Halphadata_expres
jitter_0        70      0.000010 [    0.0000,     0.1000]
offset_0        71      0.172034 [-9999.8287, 10000.1727]

----- dataset: Halphadata_expres         ----- model: gp_multidimensional           
rot_amp         72     -0.000155 [  -10.0000,    10.0000]
con_amp         73      0.000036 [  -20.0000,    20.0000]

----- dataset:  Halphadata_harps
jitter_0        74      0.000014 [    0.0000,     0.1000]
offset_0        75      0.174676 [-9999.8281, 10000.1780]
offset_1        76      0.174069 [-9999.8281, 10000.1780]

----- dataset: Halphadata_harps          ----- model: gp_multidimensional           
rot_amp         77      0.003705 [  -10.0000,    10.0000]
con_amp         78      0.000112 [  -20.0000,    20.0000]

----- dataset:  Halphadata_neid
jitter_0        79      0.000010 [    0.0000,     0.1000]
offset_0        80      0.171138 [-9999.8297, 10000.1720]

----- dataset: Halphadata_neid           ----- model: gp_multidimensional           
rot_amp         81      0.000690 [  -10.0000,    10.0000]
con_amp         82      0.000020 [  -20.0000,    20.0000]

----- dataset:  CaIIdata_expres
jitter_0        83      0.002277 [    0.0000,     0.3000]
offset_0        84      0.100745 [-9999.9113, 10000.1104]

----- dataset: CaIIdata_expres           ----- model: gp_multidimensional           
rot_amp         85      0.002071 [  -10.0000,    10.0000]
con_amp         86      0.000277 [  -20.0000,    20.0000]

----- dataset:  CaIIdata_harps
jitter_0        87      0.000037 [    0.0000,     0.3000]
offset_0        88      0.104342 [-9999.9112, 10000.1133]
offset_1        89      0.103633 [-9999.9112, 10000.1133]

----- dataset: CaIIdata_harps            ----- model: gp_multidimensional           
rot_amp         90      0.000599 [  -10.0000,    10.0000]
con_amp         91     -0.000166 [  -20.0000,    20.0000]

----- dataset:  CaIIdata_neid
jitter_0        92      0.000031 [    0.0000,     0.3000]
offset_0        93      0.099517 [-9999.9013, 10000.1001]

----- dataset: CaIIdata_neid             ----- model: gp_multidimensional           
rot_amp         94      0.000867 [  -10.0000,    10.0000]
con_amp         95      0.000102 [  -20.0000,    20.0000]

----- common model:  b
P                0      6.643846 [    0.3785,     6.6439]
K                1      1.360057 [   -9.9658,     3.3219]
sre_coso         2     -0.527859 [   -1.0000,     1.0000]
sre_sino         3     -0.237180 [   -1.0000,     1.0000]
mean_long        4    272.276038 [   92.2760,   452.2760]

----- common model:  c
P                5      0.483800 [    0.3785,     6.6439]
K                6     -1.085124 [   -9.9658,     3.3219]
sre_coso         7     -0.016213 [   -1.0000,     1.0000]
sre_sino         8     -0.313033 [   -1.0000,     1.0000]
mean_long        9    359.942219 [  179.9422,   539.9422]

----- common model:  d
P               10      3.654361 [    0.3785,     6.6439]
K               11     -0.093438 [   -9.9658,     3.3219]
sre_coso        12     -0.311092 [   -1.0000,     1.0000]
sre_sino        13      0.132081 [   -1.0000,     1.0000]
mean_long       14    120.135535 [  -59.8645,   300.1355]

----- common model:  activity
Prot            15     28.291305 [   20.0000,    35.0000]
Pdec            16     30.000677 [   30.0000,  1000.0000]
Oamp            17     -1.380508 [   -6.6439,     0.0000]

----- common model:  star_parameters

====================================================================================================
     Starting point projected onto the model parameter space     
====================================================================================================

----- dataset:  RVdata_expres
jitter_0              0.973090 
offset_0              8.834476 


----- dataset: RVdata_expres             ----- model: gp_multidimensional           
rot_amp               3.762607 
con_amp               2.170359 

----- dataset:  RVdata_harps
jitter_0              0.941327 
offset_0              8.934783 
offset_1              9.658785 


----- dataset: RVdata_harps              ----- model: gp_multidimensional           
rot_amp               0.000134 
con_amp               1.221925 

----- dataset:  RVdata_neid
jitter_0              1.092647 
offset_0              9.708418 


----- dataset: RVdata_neid               ----- model: gp_multidimensional           
rot_amp               4.067846 
con_amp               1.625845 

----- dataset:  BISdata_expres
jitter_0              1.996596 
offset_0            -55.327240 


----- dataset: BISdata_expres            ----- model: gp_multidimensional           
rot_amp              -6.219204 
con_amp              -0.186595 

----- dataset:  BISdata_harps
jitter_0              1.768936 
offset_0            -45.237512 
offset_1            -35.067151 


----- dataset: BISdata_harps             ----- model: gp_multidimensional           
rot_amp               2.526374 
con_amp               0.278175 

----- dataset:  BISdata_neid
jitter_0              1.233818 
offset_0            -46.734143 


----- dataset: BISdata_neid              ----- model: gp_multidimensional           
rot_amp              -1.188685 
con_amp              -0.090265 

----- dataset:  FWHMdata_expres
jitter_0              0.055526 
offset_0           6775.258853 


----- dataset: FWHMdata_expres           ----- model: gp_multidimensional           
rot_amp              -9.457996 
con_amp              -2.812134 

----- dataset:  FWHMdata_harps
jitter_0              0.051581 
offset_0           6917.935494 
offset_1           7170.508611 


----- dataset: FWHMdata_harps            ----- model: gp_multidimensional           
rot_amp               0.283494 
con_amp               0.032122 

----- dataset:  FWHMdata_neid
jitter_0              0.053076 
offset_0           6956.522565 


----- dataset: FWHMdata_neid             ----- model: gp_multidimensional           
rot_amp               2.736719 
con_amp              -0.009022 

----- dataset:  Contrastdata_expres
jitter_0            190.722599 
offset_0        -349489.662846 


----- dataset: Contrastdata_expres       ----- model: gp_multidimensional           
rot_amp              -9.848478 
con_amp             -19.998080 

----- dataset:  Contrastdata_harps
jitter_0             36.236804 
offset_0        -453752.976201 
offset_1        -419770.703349 


----- dataset: Contrastdata_harps        ----- model: gp_multidimensional           
rot_amp              -9.967502 
con_amp              19.998680 

----- dataset:  Contrastdata_neid
jitter_0              2.976409 
offset_0        -359613.919707 


----- dataset: Contrastdata_neid         ----- model: gp_multidimensional           
rot_amp               9.992312 
con_amp              19.991827 

----- dataset:  Halphadata_expres
jitter_0              0.000010 
offset_0              0.172034 


----- dataset: Halphadata_expres         ----- model: gp_multidimensional           
rot_amp              -0.000155 
con_amp               0.000036 

----- dataset:  Halphadata_harps
jitter_0              0.000014 
offset_0              0.174676 
offset_1              0.174069 


----- dataset: Halphadata_harps          ----- model: gp_multidimensional           
rot_amp               0.003705 
con_amp               0.000112 

----- dataset:  Halphadata_neid
jitter_0              0.000010 
offset_0              0.171138 


----- dataset: Halphadata_neid           ----- model: gp_multidimensional           
rot_amp               0.000690 
con_amp               0.000020 

----- dataset:  CaIIdata_expres
jitter_0              0.002277 
offset_0              0.100745 


----- dataset: CaIIdata_expres           ----- model: gp_multidimensional           
rot_amp               0.002071 
con_amp               0.000277 

----- dataset:  CaIIdata_harps
jitter_0              0.000037 
offset_0              0.104342 
offset_1              0.103633 


----- dataset: CaIIdata_harps            ----- model: gp_multidimensional           
rot_amp               0.000599 
con_amp              -0.000166 

----- dataset:  CaIIdata_neid
jitter_0              0.000031 
offset_0              0.099517 


----- dataset: CaIIdata_neid             ----- model: gp_multidimensional           
rot_amp               0.000867 
con_amp               0.000102 

----- common model:  b
P                    99.999321 
K                     2.566954 
mean_long           272.276038 
e                     0.334890 
omega              -155.804418 

----- common model:  c
P                     1.398423 
K                     0.471352 
mean_long           359.942219 
e                     0.098253 
omega               -92.964911 

----- common model:  d
P                    12.591346 
K                     0.937287 
mean_long           120.135535 
e                     0.114224 
omega               156.995247 

----- common model:  activity
Prot                 28.291305 
Pdec                 30.000677 
Oamp                  0.384084 

----- common model:  star_parameters

====================================================================================================
     Derived parameters obtained from starting point     
====================================================================================================

----- common model:  b
Inclination fixed to 90 deg!
a_Rs                 90.624930 
M_Mj                  0.055229 
M_Me                 17.557011 
Tc                59394.713700 
a_AU_(M)              0.421638 
a_AU_(rho,R)          0.421630 

----- common model:  c
Inclination fixed to 90 deg!
a_Rs                  5.260265 
M_Mj                  0.002580 
M_Me                  0.820291 
Tc                59335.052455 
a_AU_(M)              0.024473 
a_AU_(rho,R)          0.024473 

----- common model:  d
Inclination fixed to 90 deg!
a_Rs                 22.766563 
M_Mj                  0.010656 
M_Me                  3.387636 
Tc                59346.644460 
a_AU_(M)              0.105921 
a_AU_(rho,R)          0.105921 


====================================================================================================
     Statistics on the log-likelihood     
====================================================================================================

 LN probability: -1219.761484 

====================================================================================================
     ------------------------------------------------------------------------------------------     
====================================================================================================



*************************************************************

Running emcee

emcee version:  3.1.6
Using threading pool for emcee: True

Saving temporary steps


Computing the autocorrelation time of the chains

***** WARNING ******
The integrated autocorrelation time cannot be reliably estimated
likely the chains are too short, and ACF analysis is not fully reliable
emcee.autocorr.integrated_time tolerance lowered to 20
If you still get a warning, you should drop these results entirely
Chains too short to apply convergence criteria
They should be at least 600*nthin = 90000

====================================================================================================
     Statistics on the posterior of the sampler parameters     
====================================================================================================

----- dataset:  RVdata_expres
jitter_0        18        0.9731      -0.0051       0.0047   (15-84 p)   [    0.0010,    11.5000]
offset_0        19         8.835       -0.020        0.018   (15-84 p)   [-9997.8210, 10014.4770]

----- dataset: RVdata_expres             ----- model: gp_multidimensional           
rot_amp         20         3.761       -0.075        0.072   (15-84 p)   [    0.0000,    10.0000]
con_amp         21         2.173       -0.016        0.020   (15-84 p)   [  -20.0000,    20.0000]

----- dataset:  RVdata_harps
jitter_0        22        0.9416      -0.0044       0.0043   (15-84 p)   [    0.0009,    13.3000]
offset_0        23         8.936       -0.010        0.012   (15-84 p)   [-9996.1123, 10015.3455]
offset_1        24         9.659       -0.016        0.013   (15-84 p)   [-9996.1123, 10015.3455]

----- dataset: RVdata_harps              ----- model: gp_multidimensional           
rot_amp         25      0.000085    -0.000078      0.00036   (15-84 p)   [    0.0000,    10.0000]
con_amp         26         1.224       -0.010        0.012   (15-84 p)   [  -20.0000,    20.0000]

----- dataset:  RVdata_neid
jitter_0        27        1.0930      -0.0059       0.0068   (15-84 p)   [    0.0010,    12.2000]
offset_0        28         9.709       -0.011        0.013   (15-84 p)   [-9996.9356, 10015.5004]

----- dataset: RVdata_neid               ----- model: gp_multidimensional           
rot_amp         29         4.066       -0.049        0.056   (15-84 p)   [    0.0000,    10.0000]
con_amp         30         1.628       -0.014        0.018   (15-84 p)   [  -20.0000,    20.0000]

----- dataset:  BISdata_expres
jitter_0        31        1.9972      -0.0098        0.012   (15-84 p)   [    0.0095,    95.0000]
offset_0        32       -55.330       -0.021        0.017   (15-84 p)   [-10060.1333,  9951.3667]

----- dataset: BISdata_expres            ----- model: gp_multidimensional           
rot_amp         33         -6.23        -0.12         0.12   (15-84 p)   [  -10.0000,    10.0000]
con_amp         34        -0.186       -0.011        0.015   (15-84 p)   [  -20.0000,    20.0000]

----- dataset:  BISdata_harps
jitter_0        35        1.7679       -0.012       0.0094   (15-84 p)   [    0.0095,    95.0000]
offset_0        36       -45.238       -0.012        0.012   (15-84 p)   [-10051.0000,  9968.9000]
offset_1        37       -35.066       -0.022        0.024   (15-84 p)   [-10051.0000,  9968.9000]

----- dataset: BISdata_harps             ----- model: gp_multidimensional           
rot_amp         38         2.527       -0.059        0.077   (15-84 p)   [  -10.0000,    10.0000]
con_amp         39        0.2779      -0.0094        0.011   (15-84 p)   [  -20.0000,    20.0000]

----- dataset:  BISdata_neid
jitter_0        40        1.2342      -0.0088       0.0074   (15-84 p)   [    0.0095,    95.0000]
offset_0        41       -46.735       -0.013        0.016   (15-84 p)   [-10050.5333,  9956.3333]

----- dataset: BISdata_neid              ----- model: gp_multidimensional           
rot_amp         42        -1.184       -0.095         0.10   (15-84 p)   [  -10.0000,    10.0000]
con_amp         43       -0.0907       -0.012       0.0089   (15-84 p)   [  -20.0000,    20.0000]

----- dataset:  FWHMdata_expres
jitter_0        44        0.0547      -0.0043        0.021   (15-84 p)   [    0.0500,   500.0000]
offset_0        45      6775.259       -0.047        0.044   (15-84 p)   [-3231.7588, 16789.2005]

----- dataset: FWHMdata_expres           ----- model: gp_multidimensional           
rot_amp         46         -9.47        -0.27         0.27   (15-84 p)   [  -10.0000,    10.0000]
con_amp         47        -2.810       -0.048        0.046   (15-84 p)   [  -20.0000,    20.0000]

----- dataset:  FWHMdata_harps
jitter_0        48        0.0514      -0.0013       0.0045   (15-84 p)   [    0.0500,   500.0000]
offset_0        49      6917.941       -0.032        0.036   (15-84 p)   [-3087.6615, 17176.8324]
offset_1        50      7170.507       -0.050        0.058   (15-84 p)   [-3087.6615, 17176.8324]

----- dataset: FWHMdata_harps            ----- model: gp_multidimensional           
rot_amp         51          0.28        -0.19         0.21   (15-84 p)   [  -10.0000,    10.0000]
con_amp         52         0.035       -0.024        0.030   (15-84 p)   [  -20.0000,    20.0000]

----- dataset:  FWHMdata_neid
jitter_0        53        0.0523      -0.0021       0.0095   (15-84 p)   [    0.0500,   500.0000]
offset_0        54      6956.519       -0.033        0.036   (15-84 p)   [-3049.2567, 16963.7765]

----- dataset: FWHMdata_neid             ----- model: gp_multidimensional           
rot_amp         55          2.71        -0.28         0.23   (15-84 p)   [  -10.0000,    10.0000]
con_amp         56        -0.008       -0.032        0.034   (15-84 p)   [  -20.0000,    20.0000]

----- dataset:  Contrastdata_expres
jitter_0        57         190.8         -1.5          1.6   (15-84 p)   [    1.3000, 13000.0000]
offset_0        58     -349489.6         -1.8          1.7   (15-84 p)   [-359991.0269, -338869.5199]

----- dataset: Contrastdata_expres       ----- model: gp_multidimensional           
rot_amp         59         -9.89        -0.11         0.35   (15-84 p)   [  -10.0000,    10.0000]
con_amp         60      -19.9982      -0.0017       0.0053   (15-84 p)   [  -20.0000,    20.0000]

----- dataset:  Contrastdata_harps
jitter_0        61          36.3         -2.2          2.2   (15-84 p)   [    1.3000, 13000.0000]
offset_0        62     -453752.9         -1.1          1.2   (15-84 p)   [-464166.0273, -409520.9338]
offset_1        63     -419770.7         -1.6          1.6   (15-84 p)   [-464166.0273, -409520.9338]

----- dataset: Contrastdata_harps        ----- model: gp_multidimensional           
rot_amp         64        -9.972       -0.026         0.10   (15-84 p)   [  -10.0000,    10.0000]
con_amp         65      19.99899      -0.0043      0.00094   (15-84 p)   [  -20.0000,    20.0000]

----- dataset:  Contrastdata_neid
jitter_0        66           3.0         -1.6          3.9   (15-84 p)   [    1.3000, 13000.0000]
offset_0        67    -359614.04         -1.0         0.99   (15-84 p)   [-369911.9286, -349262.2437]

----- dataset: Contrastdata_neid         ----- model: gp_multidimensional           
rot_amp         68        9.9937       -0.023       0.0058   (15-84 p)   [  -10.0000,    10.0000]
con_amp         69       19.9926       -0.021       0.0069   (15-84 p)   [  -20.0000,    20.0000]

----- dataset:  Halphadata_expres
jitter_0        70    0.00001017  -0.00000015   0.00000078   (15-84 p)   [    0.0000,     0.1000]
offset_0        71     0.1720345   -0.0000054    0.0000060   (15-84 p)   [-9999.8287, 10000.1727]

----- dataset: Halphadata_expres         ----- model: gp_multidimensional           
rot_amp         72     -0.000153    -0.000039     0.000043   (15-84 p)   [  -10.0000,    10.0000]
con_amp         73     0.0000366   -0.0000056    0.0000070   (15-84 p)   [  -20.0000,    20.0000]

----- dataset:  Halphadata_harps
jitter_0        74     0.0000133   -0.0000030     0.000010   (15-84 p)   [    0.0000,     0.1000]
offset_0        75     0.1746759    -0.000010    0.0000090   (15-84 p)   [-9999.8281, 10000.1780]
offset_1        76      0.174068    -0.000016     0.000015   (15-84 p)   [-9999.8281, 10000.1780]

----- dataset: Halphadata_harps          ----- model: gp_multidimensional           
rot_amp         77      0.003699    -0.000056     0.000054   (15-84 p)   [  -10.0000,    10.0000]
con_amp         78     0.0001120   -0.0000048    0.0000064   (15-84 p)   [  -20.0000,    20.0000]

----- dataset:  Halphadata_neid
jitter_0        79    0.00001038  -0.00000035   0.00000100   (15-84 p)   [    0.0000,     0.1000]
offset_0        80     0.1711380   -0.0000070    0.0000067   (15-84 p)   [-9999.8297, 10000.1720]

----- dataset: Halphadata_neid           ----- model: gp_multidimensional           
rot_amp         81      0.000691    -0.000047     0.000040   (15-84 p)   [  -10.0000,    10.0000]
con_amp         82     0.0000208   -0.0000057    0.0000077   (15-84 p)   [  -20.0000,    20.0000]

----- dataset:  CaIIdata_expres
jitter_0        83      0.002276    -0.000031     0.000034   (15-84 p)   [    0.0000,     0.3000]
offset_0        84      0.100746    -0.000026     0.000034   (15-84 p)   [-9999.9113, 10000.1104]

----- dataset: CaIIdata_expres           ----- model: gp_multidimensional           
rot_amp         85       0.00205     -0.00017      0.00016   (15-84 p)   [  -10.0000,    10.0000]
con_amp         86      0.000274    -0.000029     0.000021   (15-84 p)   [  -20.0000,    20.0000]

----- dataset:  CaIIdata_harps
jitter_0        87     0.0000357   -0.0000052     0.000021   (15-84 p)   [    0.0000,     0.3000]
offset_0        88      0.104342    -0.000022     0.000023   (15-84 p)   [-9999.9112, 10000.1133]
offset_1        89      0.103633    -0.000036     0.000039   (15-84 p)   [-9999.9112, 10000.1133]

----- dataset: CaIIdata_harps            ----- model: gp_multidimensional           
rot_amp         90      0.000603    -0.000098      0.00012   (15-84 p)   [  -10.0000,    10.0000]
con_amp         91     -0.000168    -0.000016     0.000016   (15-84 p)   [  -20.0000,    20.0000]

----- dataset:  CaIIdata_neid
jitter_0        92    0.00003069  -0.00000065    0.0000022   (15-84 p)   [    0.0000,     0.3000]
offset_0        93      0.099516    -0.000027     0.000026   (15-84 p)   [-9999.9013, 10000.1001]

----- dataset: CaIIdata_neid             ----- model: gp_multidimensional           
rot_amp         94       0.00087     -0.00010      0.00012   (15-84 p)   [  -10.0000,    10.0000]
con_amp         95      0.000101    -0.000015     0.000018   (15-84 p)   [  -20.0000,    20.0000]

----- common model:  b
P                0     6.6438486    -0.000030    0.0000069   (15-84 p)   [    0.3785,     6.6439]
K                1        1.3587       -0.010       0.0100   (15-84 p)   [   -9.9658,     3.3219]
sre_coso         2       -0.5281      -0.0044       0.0041   (15-84 p)   [   -1.0000,     1.0000]
sre_sino         3       -0.2364      -0.0069        0.011   (15-84 p)   [   -1.0000,     1.0000]
mean_long        4        272.27        -0.27         0.25   (15-84 p)   [   92.2760,   452.2760]

----- common model:  c
P                5      0.483805    -0.000081     0.000075   (15-84 p)   [    0.3785,     6.6439]
K                6        -1.086       -0.020        0.023   (15-84 p)   [   -9.9658,     3.3219]
sre_coso         7        -0.015       -0.017        0.020   (15-84 p)   [   -1.0000,     1.0000]
sre_sino         8       -0.3127      -0.0090       0.0084   (15-84 p)   [   -1.0000,     1.0000]
mean_long        9        359.95        -0.13         0.14   (15-84 p)   [  179.9422,   539.9422]

----- common model:  d
P               10        3.6543      -0.0011       0.0010   (15-84 p)   [    0.3785,     6.6439]
K               11        -0.095       -0.015        0.013   (15-84 p)   [   -9.9658,     3.3219]
sre_coso        12       -0.3109      -0.0090       0.0089   (15-84 p)   [   -1.0000,     1.0000]
sre_sino        13         0.130       -0.016        0.013   (15-84 p)   [   -1.0000,     1.0000]
mean_long       14         120.1         -1.3          1.4   (15-84 p)   [  -59.8645,   300.1355]

----- common model:  activity
Prot            15        28.290       -0.025        0.030   (15-84 p)   [   20.0000,    35.0000]
Pdec            16      30.00047     -0.00044       0.0018   (15-84 p)   [   30.0000,  1000.0000]
Oamp            17       -1.3807      -0.0061       0.0068   (15-84 p)   [   -6.6439,     0.0000]

----- common model:  star_parameters

====================================================================================================
     Statistics on the model parameters obtained from the posteriors samples     
====================================================================================================

----- dataset:  RVdata_expres
jitter_0                0.9731      -0.0051       0.0047    (15-84 p)
offset_0                 8.835       -0.020        0.018    (15-84 p)


----- dataset: RVdata_expres             ----- model: gp_multidimensional           
rot_amp                  3.761       -0.075        0.072    (15-84 p)
con_amp                  2.173       -0.016        0.020    (15-84 p)

----- dataset:  RVdata_harps
jitter_0                0.9416      -0.0044       0.0043    (15-84 p)
offset_0                 8.936       -0.010        0.012    (15-84 p)
offset_1                 9.659       -0.016        0.013    (15-84 p)


----- dataset: RVdata_harps              ----- model: gp_multidimensional           
rot_amp               0.000085    -0.000078      0.00036    (15-84 p)
con_amp                  1.224       -0.010        0.012    (15-84 p)

----- dataset:  RVdata_neid
jitter_0                1.0930      -0.0059       0.0068    (15-84 p)
offset_0                 9.709       -0.011        0.013    (15-84 p)


----- dataset: RVdata_neid               ----- model: gp_multidimensional           
rot_amp                  4.066       -0.049        0.056    (15-84 p)
con_amp                  1.628       -0.014        0.018    (15-84 p)

----- dataset:  BISdata_expres
jitter_0                1.9972      -0.0098        0.012    (15-84 p)
offset_0               -55.330       -0.021        0.017    (15-84 p)


----- dataset: BISdata_expres            ----- model: gp_multidimensional           
rot_amp                  -6.23        -0.12         0.12    (15-84 p)
con_amp                 -0.186       -0.011        0.015    (15-84 p)

----- dataset:  BISdata_harps
jitter_0                1.7679       -0.012       0.0094    (15-84 p)
offset_0               -45.238       -0.012        0.012    (15-84 p)
offset_1               -35.066       -0.022        0.024    (15-84 p)


----- dataset: BISdata_harps             ----- model: gp_multidimensional           
rot_amp                  2.527       -0.059        0.077    (15-84 p)
con_amp                 0.2779      -0.0094        0.011    (15-84 p)

----- dataset:  BISdata_neid
jitter_0                1.2342      -0.0088       0.0074    (15-84 p)
offset_0               -46.735       -0.013        0.016    (15-84 p)


----- dataset: BISdata_neid              ----- model: gp_multidimensional           
rot_amp                 -1.184       -0.095         0.10    (15-84 p)
con_amp                -0.0907       -0.012       0.0089    (15-84 p)

----- dataset:  FWHMdata_expres
jitter_0                0.0547      -0.0043        0.021    (15-84 p)
offset_0              6775.259       -0.047        0.044    (15-84 p)


----- dataset: FWHMdata_expres           ----- model: gp_multidimensional           
rot_amp                  -9.47        -0.27         0.27    (15-84 p)
con_amp                 -2.810       -0.048        0.046    (15-84 p)

----- dataset:  FWHMdata_harps
jitter_0                0.0514      -0.0013       0.0045    (15-84 p)
offset_0              6917.941       -0.032        0.036    (15-84 p)
offset_1              7170.507       -0.050        0.058    (15-84 p)


----- dataset: FWHMdata_harps            ----- model: gp_multidimensional           
rot_amp                   0.28        -0.19         0.21    (15-84 p)
con_amp                  0.035       -0.024        0.030    (15-84 p)

----- dataset:  FWHMdata_neid
jitter_0                0.0523      -0.0021       0.0095    (15-84 p)
offset_0              6956.519       -0.033        0.036    (15-84 p)


----- dataset: FWHMdata_neid             ----- model: gp_multidimensional           
rot_amp                   2.71        -0.28         0.23    (15-84 p)
con_amp                 -0.008       -0.032        0.034    (15-84 p)

----- dataset:  Contrastdata_expres
jitter_0                 190.8         -1.5          1.6    (15-84 p)
offset_0             -349489.6         -1.8          1.7    (15-84 p)


----- dataset: Contrastdata_expres       ----- model: gp_multidimensional           
rot_amp                  -9.89        -0.11         0.35    (15-84 p)
con_amp               -19.9982      -0.0017       0.0053    (15-84 p)

----- dataset:  Contrastdata_harps
jitter_0                  36.3         -2.2          2.2    (15-84 p)
offset_0             -453752.9         -1.1          1.2    (15-84 p)
offset_1             -419770.7         -1.6          1.6    (15-84 p)


----- dataset: Contrastdata_harps        ----- model: gp_multidimensional           
rot_amp                 -9.972       -0.026         0.10    (15-84 p)
con_amp               19.99899      -0.0043      0.00094    (15-84 p)

----- dataset:  Contrastdata_neid
jitter_0                   3.0         -1.6          3.9    (15-84 p)
offset_0            -359614.04         -1.0         0.99    (15-84 p)


----- dataset: Contrastdata_neid         ----- model: gp_multidimensional           
rot_amp                 9.9937       -0.023       0.0058    (15-84 p)
con_amp                19.9926       -0.021       0.0069    (15-84 p)

----- dataset:  Halphadata_expres
jitter_0            0.00001017  -0.00000015   0.00000078    (15-84 p)
offset_0             0.1720345   -0.0000054    0.0000060    (15-84 p)


----- dataset: Halphadata_expres         ----- model: gp_multidimensional           
rot_amp              -0.000153    -0.000039     0.000043    (15-84 p)
con_amp              0.0000366   -0.0000056    0.0000070    (15-84 p)

----- dataset:  Halphadata_harps
jitter_0             0.0000133   -0.0000030     0.000010    (15-84 p)
offset_0             0.1746759    -0.000010    0.0000090    (15-84 p)
offset_1              0.174068    -0.000016     0.000015    (15-84 p)


----- dataset: Halphadata_harps          ----- model: gp_multidimensional           
rot_amp               0.003699    -0.000056     0.000054    (15-84 p)
con_amp              0.0001120   -0.0000048    0.0000064    (15-84 p)

----- dataset:  Halphadata_neid
jitter_0            0.00001038  -0.00000035   0.00000100    (15-84 p)
offset_0             0.1711380   -0.0000070    0.0000067    (15-84 p)


----- dataset: Halphadata_neid           ----- model: gp_multidimensional           
rot_amp               0.000691    -0.000047     0.000040    (15-84 p)
con_amp              0.0000208   -0.0000057    0.0000077    (15-84 p)

----- dataset:  CaIIdata_expres
jitter_0              0.002276    -0.000031     0.000034    (15-84 p)
offset_0              0.100746    -0.000026     0.000034    (15-84 p)


----- dataset: CaIIdata_expres           ----- model: gp_multidimensional           
rot_amp                0.00205     -0.00017      0.00016    (15-84 p)
con_amp               0.000274    -0.000029     0.000021    (15-84 p)

----- dataset:  CaIIdata_harps
jitter_0             0.0000357   -0.0000052     0.000021    (15-84 p)
offset_0              0.104342    -0.000022     0.000023    (15-84 p)
offset_1              0.103633    -0.000036     0.000039    (15-84 p)


----- dataset: CaIIdata_harps            ----- model: gp_multidimensional           
rot_amp               0.000603    -0.000098      0.00012    (15-84 p)
con_amp              -0.000168    -0.000016     0.000016    (15-84 p)

----- dataset:  CaIIdata_neid
jitter_0            0.00003069  -0.00000065    0.0000022    (15-84 p)
offset_0              0.099516    -0.000027     0.000026    (15-84 p)


----- dataset: CaIIdata_neid             ----- model: gp_multidimensional           
rot_amp                0.00087     -0.00010      0.00012    (15-84 p)
con_amp               0.000101    -0.000015     0.000018    (15-84 p)

----- common model:  b
P                     99.99948      -0.0021      0.00048    (15-84 p)
K                        2.565       -0.018        0.018    (15-84 p)
mean_long               272.27        -0.27         0.25    (15-84 p)
e                       0.3346      -0.0058       0.0048    (15-84 p)
omega                  -155.87         -1.1         0.69    (15-84 p)

----- common model:  c
P                     1.398427    -0.000078     0.000073    (15-84 p)
K                       0.4711      -0.0066       0.0076    (15-84 p)
mean_long               359.95        -0.13         0.14    (15-84 p)
e                       0.0985      -0.0048       0.0062    (15-84 p)
omega                    -92.7         -3.2          3.7    (15-84 p)

----- common model:  d
P                      12.5904      -0.0096       0.0087    (15-84 p)
K                       0.9360      -0.0096       0.0083    (15-84 p)
mean_long                120.1         -1.3          1.4    (15-84 p)
e                       0.1136      -0.0054       0.0062    (15-84 p)
omega                    157.2         -2.1          2.6    (15-84 p)

----- common model:  activity
Prot                    28.290       -0.025        0.030    (15-84 p)
Pdec                  30.00047     -0.00044       0.0018    (15-84 p)
Oamp                    0.3840      -0.0016       0.0018    (15-84 p)

----- common model:  star_parameters

====================================================================================================
     Statistics on the derived parameters obtained from the posteriors samples     
====================================================================================================

----- common model:  b
Inclination fixed to 90 deg!
Computing planetary mass under the approximation M_planet << M_star (threshold at 30.0 Me)
a_Rs                  90.62496      -0.0012      0.00031    (15-84 p)
M_Mj                   0.05518     -0.00040      0.00039    (15-84 p)
M_Me                     17.54        -0.13         0.13    (15-84 p)
Tc                    59394.71        -0.17         0.18    (15-84 p)
a_AU_(M)             0.4216387   -0.0000058    0.0000013    (15-84 p)
a_AU_(rho,R)         0.4216302   -0.0000058    0.0000013    (15-84 p)

----- common model:  c
Inclination fixed to 90 deg!
Computing planetary mass under the approximation M_planet << M_star (threshold at 30.0 Me)
a_Rs                   5.26029     -0.00020      0.00018    (15-84 p)
M_Mj                  0.002579    -0.000036     0.000041    (15-84 p)
M_Me                     0.820       -0.012        0.013    (15-84 p)
Tc                  59335.0522      -0.0030       0.0027    (15-84 p)
a_AU_(M)            0.02447342  -0.00000091   0.00000085    (15-84 p)
a_AU_(rho,R)        0.02447333  -0.00000091   0.00000085    (15-84 p)

----- common model:  d
Inclination fixed to 90 deg!
Computing planetary mass under the approximation M_planet << M_star (threshold at 30.0 Me)
a_Rs                    22.765       -0.012        0.011    (15-84 p)
M_Mj                  0.010643     -0.00011     0.000093    (15-84 p)
M_Me                     3.383       -0.035        0.030    (15-84 p)
Tc                   59346.643       -0.045        0.044    (15-84 p)
a_AU_(M)              0.105916    -0.000054     0.000049    (15-84 p)
a_AU_(rho,R)          0.105916    -0.000054     0.000049    (15-84 p)


====================================================================================================
     ------------------------------------------------------------------------------------------     
====================================================================================================



15000.0   steps completed, average lnprob:,  -1220.3253086463696


Computing the autocorrelation time of the chains

***** WARNING ******
The integrated autocorrelation time cannot be reliably estimated
likely the chains are too short, and ACF analysis is not fully reliable
emcee.autocorr.integrated_time tolerance lowered to 20
If you still get a warning, you should drop these results entirely
Chains too short to apply convergence criteria
They should be at least 1250*nthin = 187500

====================================================================================================
     Statistics on the posterior of the sampler parameters     
====================================================================================================

----- dataset:  RVdata_expres
jitter_0        18         0.977       -0.053        0.083   (15-84 p)   [    0.0010,    11.5000]
offset_0        19          8.86        -0.26         0.76   (15-84 p)   [-9997.8210, 10014.4770]

----- dataset: RVdata_expres             ----- model: gp_multidimensional           
rot_amp         20          3.84        -0.90          1.6   (15-84 p)   [    0.0000,    10.0000]
con_amp         21          2.92        -0.73          1.5   (15-84 p)   [  -20.0000,    20.0000]

----- dataset:  RVdata_harps
jitter_0        22         0.975       -0.043         0.12   (15-84 p)   [    0.0009,    13.3000]
offset_0        23          8.96        -0.14         0.43   (15-84 p)   [-9996.1123, 10015.3455]
offset_1        24          9.66        -0.29         0.37   (15-84 p)   [-9996.1123, 10015.3455]

----- dataset: RVdata_harps              ----- model: gp_multidimensional           
rot_amp         25        0.0040      -0.0038        0.015   (15-84 p)   [    0.0000,    10.0000]
con_amp         26          1.72        -0.49         0.93   (15-84 p)   [  -20.0000,    20.0000]

----- dataset:  RVdata_neid
jitter_0        27         1.107       -0.057         0.13   (15-84 p)   [    0.0010,    12.2000]
offset_0        28          9.74        -0.16         0.54   (15-84 p)   [-9996.9356, 10015.5004]

----- dataset: RVdata_neid               ----- model: gp_multidimensional           
rot_amp         29          4.58        -0.64          2.4   (15-84 p)   [    0.0000,    10.0000]
con_amp         30          2.25        -0.62          1.2   (15-84 p)   [  -20.0000,    20.0000]

----- dataset:  BISdata_expres
jitter_0        31         2.062       -0.095         0.27   (15-84 p)   [    0.0095,    95.0000]
offset_0        32        -55.30        -0.17         0.40   (15-84 p)   [-10060.1333,  9951.3667]

----- dataset: BISdata_expres            ----- model: gp_multidimensional           
rot_amp         33          -6.4         -2.1          1.4   (15-84 p)   [  -10.0000,    10.0000]
con_amp         34         -0.16        -0.20         0.36   (15-84 p)   [  -20.0000,    20.0000]

----- dataset:  BISdata_harps
jitter_0        35          1.77        -0.12         0.15   (15-84 p)   [    0.0095,    95.0000]
offset_0        36        -45.23        -0.17         0.24   (15-84 p)   [-10051.0000,  9968.9000]
offset_1        37        -35.05        -0.31         0.38   (15-84 p)   [-10051.0000,  9968.9000]

----- dataset: BISdata_harps             ----- model: gp_multidimensional           
rot_amp         38          2.65        -0.76          1.7   (15-84 p)   [  -10.0000,    10.0000]
con_amp         39          0.30        -0.11         0.32   (15-84 p)   [  -20.0000,    20.0000]

----- dataset:  BISdata_neid
jitter_0        40         1.245       -0.089         0.17   (15-84 p)   [    0.0095,    95.0000]
offset_0        41        -46.74        -0.17         0.17   (15-84 p)   [-10050.5333,  9956.3333]

----- dataset: BISdata_neid              ----- model: gp_multidimensional           
rot_amp         42         -1.30         -1.6         0.93   (15-84 p)   [  -10.0000,    10.0000]
con_amp         43         -0.12        -0.28         0.10   (15-84 p)   [  -20.0000,    20.0000]

----- dataset:  FWHMdata_expres
jitter_0        44          0.32        -0.26         0.80   (15-84 p)   [    0.0500,   500.0000]
offset_0        45       6775.28        -0.73         0.84   (15-84 p)   [-3231.7588, 16789.2005]

----- dataset: FWHMdata_expres           ----- model: gp_multidimensional           
rot_amp         46          -7.7         -2.0          5.4   (15-84 p)   [  -10.0000,    10.0000]
con_amp         47         -3.11         -1.9         0.48   (15-84 p)   [  -20.0000,    20.0000]

----- dataset:  FWHMdata_harps
jitter_0        48         0.141       -0.088         0.25   (15-84 p)   [    0.0500,   500.0000]
offset_0        49       6918.06        -0.28         0.75   (15-84 p)   [-3087.6615, 17176.8324]
offset_1        50       7170.51        -0.83         0.88   (15-84 p)   [-3087.6615, 17176.8324]

----- dataset: FWHMdata_harps            ----- model: gp_multidimensional           
rot_amp         51           0.7         -2.1          4.1   (15-84 p)   [  -10.0000,    10.0000]
con_amp         52          0.15        -0.25         0.69   (15-84 p)   [  -20.0000,    20.0000]

----- dataset:  FWHMdata_neid
jitter_0        53          0.21        -0.15         0.40   (15-84 p)   [    0.0500,   500.0000]
offset_0        54       6956.51        -0.53         0.52   (15-84 p)   [-3049.2567, 16963.7765]

----- dataset: FWHMdata_neid             ----- model: gp_multidimensional           
rot_amp         55           2.7         -3.2          3.7   (15-84 p)   [  -10.0000,    10.0000]
con_amp         56         -0.00        -0.50         0.63   (15-84 p)   [  -20.0000,    20.0000]

----- dataset:  Contrastdata_expres
jitter_0        57           192          -14           23   (15-84 p)   [    1.3000, 13000.0000]
offset_0        58       -349489          -19           23   (15-84 p)   [-359991.0269, -338869.5199]

----- dataset: Contrastdata_expres       ----- model: gp_multidimensional           
rot_amp         59          -6.1         -3.7           10   (15-84 p)   [  -10.0000,    10.0000]
con_amp         60       -19.940       -0.057         0.19   (15-84 p)   [  -20.0000,    20.0000]

----- dataset:  Contrastdata_harps
jitter_0        61            42          -18           33   (15-84 p)   [    1.3000, 13000.0000]
offset_0        62       -453753          -14           13   (15-84 p)   [-464166.0273, -409520.9338]
offset_1        63       -419770          -22           24   (15-84 p)   [-464166.0273, -409520.9338]

----- dataset: Contrastdata_harps        ----- model: gp_multidimensional           
rot_amp         64          -8.3         -1.7          4.9   (15-84 p)   [  -10.0000,    10.0000]
con_amp         65        19.954        -0.17        0.044   (15-84 p)   [  -20.0000,    20.0000]

----- dataset:  Contrastdata_neid
jitter_0        66            29          -25           43   (15-84 p)   [    1.3000, 13000.0000]
offset_0        67     -359618.0          -20          8.7   (15-84 p)   [-369911.9286, -349262.2437]

----- dataset: Contrastdata_neid         ----- model: gp_multidimensional           
rot_amp         68          9.66         -1.1         0.32   (15-84 p)   [  -10.0000,    10.0000]
con_amp         69         19.75        -0.76         0.23   (15-84 p)   [  -20.0000,    20.0000]

----- dataset:  Halphadata_expres
jitter_0        70      0.000023    -0.000013     0.000049   (15-84 p)   [    0.0000,     0.1000]
offset_0        71      0.172051    -0.000060      0.00015   (15-84 p)   [-9999.8287, 10000.1727]

----- dataset: Halphadata_expres         ----- model: gp_multidimensional           
rot_amp         72      -0.00011     -0.00050      0.00075   (15-84 p)   [  -10.0000,    10.0000]
con_amp         73      0.000057    -0.000064      0.00019   (15-84 p)   [  -20.0000,    20.0000]

----- dataset:  Halphadata_harps
jitter_0        74       0.00015     -0.00013      0.00028   (15-84 p)   [    0.0000,     0.1000]
offset_0        75      0.174690    -0.000095      0.00018   (15-84 p)   [-9999.8281, 10000.1780]
offset_1        76       0.17409     -0.00015      0.00028   (15-84 p)   [-9999.8281, 10000.1780]

----- dataset: Halphadata_harps          ----- model: gp_multidimensional           
rot_amp         77       0.00397     -0.00052       0.0017   (15-84 p)   [  -10.0000,    10.0000]
con_amp         78      0.000132    -0.000060      0.00022   (15-84 p)   [  -20.0000,    20.0000]

----- dataset:  Halphadata_neid
jitter_0        79      0.000025    -0.000014     0.000048   (15-84 p)   [    0.0000,     0.1000]
offset_0        80      0.171143    -0.000089      0.00013   (15-84 p)   [-9999.8297, 10000.1720]

----- dataset: Halphadata_neid           ----- model: gp_multidimensional           
rot_amp         81       0.00072     -0.00059      0.00079   (15-84 p)   [  -10.0000,    10.0000]
con_amp         82      0.000047    -0.000066      0.00017   (15-84 p)   [  -20.0000,    20.0000]

----- dataset:  CaIIdata_expres
jitter_0        83       0.00229     -0.00037      0.00042   (15-84 p)   [    0.0000,     0.3000]
offset_0        84       0.10077     -0.00034      0.00051   (15-84 p)   [-9999.9113, 10000.1104]

----- dataset: CaIIdata_expres           ----- model: gp_multidimensional           
rot_amp         85        0.0021      -0.0023       0.0031   (15-84 p)   [  -10.0000,    10.0000]
con_amp         86       0.00027     -0.00039      0.00053   (15-84 p)   [  -20.0000,    20.0000]

----- dataset:  CaIIdata_harps
jitter_0        87       0.00025     -0.00021      0.00058   (15-84 p)   [    0.0000,     0.3000]
offset_0        88       0.10436     -0.00027      0.00034   (15-84 p)   [-9999.9112, 10000.1133]
offset_1        89       0.10365     -0.00048      0.00054   (15-84 p)   [-9999.9112, 10000.1133]

----- dataset: CaIIdata_harps            ----- model: gp_multidimensional           
rot_amp         90        0.0007      -0.0014       0.0021   (15-84 p)   [  -10.0000,    10.0000]
con_amp         91      -0.00017     -0.00028      0.00026   (15-84 p)   [  -20.0000,    20.0000]

----- dataset:  CaIIdata_neid
jitter_0        92      0.000057    -0.000026     0.000100   (15-84 p)   [    0.0000,     0.3000]
offset_0        93       0.09951     -0.00032      0.00036   (15-84 p)   [-9999.9013, 10000.1001]

----- dataset: CaIIdata_neid             ----- model: gp_multidimensional           
rot_amp         94        0.0010      -0.0016       0.0024   (15-84 p)   [  -10.0000,    10.0000]
con_amp         95       0.00012     -0.00024      0.00041   (15-84 p)   [  -20.0000,    20.0000]

----- common model:  b
P                0       6.64337      -0.0016      0.00048   (15-84 p)   [    0.3785,     6.6439]
K                1         1.311        -0.28        0.085   (15-84 p)   [   -9.9658,     3.3219]
sre_coso         2        -0.512       -0.034         0.12   (15-84 p)   [   -1.0000,     1.0000]
sre_sino         3        -0.167       -0.088         0.28   (15-84 p)   [   -1.0000,     1.0000]
mean_long        4         271.1          -12          2.5   (15-84 p)   [   92.2760,   452.2760]

----- common model:  c
P                5        0.4839      -0.0010       0.0015   (15-84 p)   [    0.3785,     6.6439]
K                6         -1.15        -0.58         0.19   (15-84 p)   [   -9.9658,     3.3219]
sre_coso         7         -0.01        -0.19         0.20   (15-84 p)   [   -1.0000,     1.0000]
sre_sino         8        -0.265       -0.074         0.26   (15-84 p)   [   -1.0000,     1.0000]
mean_long        9         360.1         -3.3          5.1   (15-84 p)   [  179.9422,   539.9422]

----- common model:  d
P               10         3.659       -0.011        0.061   (15-84 p)   [    0.3785,     6.6439]
K               11         -0.20        -0.47         0.13   (15-84 p)   [   -9.9658,     3.3219]
sre_coso        12        -0.280       -0.071         0.23   (15-84 p)   [   -1.0000,     1.0000]
sre_sino        13          0.07        -0.26         0.11   (15-84 p)   [   -1.0000,     1.0000]
mean_long       14           129          -14           84   (15-84 p)   [  -59.8645,   300.1355]

----- common model:  activity
Prot            15         28.27        -0.40         0.30   (15-84 p)   [   20.0000,    35.0000]
Pdec            16        30.024       -0.023        0.084   (15-84 p)   [   30.0000,  1000.0000]
Oamp            17        -1.375       -0.074         0.11   (15-84 p)   [   -6.6439,     0.0000]

----- common model:  star_parameters

====================================================================================================
     Statistics on the model parameters obtained from the posteriors samples     
====================================================================================================

----- dataset:  RVdata_expres
jitter_0                 0.977       -0.053        0.083    (15-84 p)
offset_0                  8.86        -0.26         0.76    (15-84 p)


----- dataset: RVdata_expres             ----- model: gp_multidimensional           
rot_amp                   3.84        -0.90          1.6    (15-84 p)
con_amp                   2.92        -0.73          1.5    (15-84 p)

----- dataset:  RVdata_harps
jitter_0                 0.975       -0.043         0.12    (15-84 p)
offset_0                  8.96        -0.14         0.43    (15-84 p)
offset_1                  9.66        -0.29         0.37    (15-84 p)


----- dataset: RVdata_harps              ----- model: gp_multidimensional           
rot_amp                 0.0040      -0.0038        0.015    (15-84 p)
con_amp                   1.72        -0.49         0.93    (15-84 p)

----- dataset:  RVdata_neid
jitter_0                 1.107       -0.057         0.13    (15-84 p)
offset_0                  9.74        -0.16         0.54    (15-84 p)


----- dataset: RVdata_neid               ----- model: gp_multidimensional           
rot_amp                   4.58        -0.64          2.4    (15-84 p)
con_amp                   2.25        -0.62          1.2    (15-84 p)

----- dataset:  BISdata_expres
jitter_0                 2.062       -0.095         0.27    (15-84 p)
offset_0                -55.30        -0.17         0.40    (15-84 p)


----- dataset: BISdata_expres            ----- model: gp_multidimensional           
rot_amp                   -6.4         -2.1          1.4    (15-84 p)
con_amp                  -0.16        -0.20         0.36    (15-84 p)

----- dataset:  BISdata_harps
jitter_0                  1.77        -0.12         0.15    (15-84 p)
offset_0                -45.23        -0.17         0.24    (15-84 p)
offset_1                -35.05        -0.31         0.38    (15-84 p)


----- dataset: BISdata_harps             ----- model: gp_multidimensional           
rot_amp                   2.65        -0.76          1.7    (15-84 p)
con_amp                   0.30        -0.11         0.32    (15-84 p)

----- dataset:  BISdata_neid
jitter_0                 1.245       -0.089         0.17    (15-84 p)
offset_0                -46.74        -0.17         0.17    (15-84 p)


----- dataset: BISdata_neid              ----- model: gp_multidimensional           
rot_amp                  -1.30         -1.6         0.93    (15-84 p)
con_amp                  -0.12        -0.28         0.10    (15-84 p)

----- dataset:  FWHMdata_expres
jitter_0                  0.32        -0.26         0.80    (15-84 p)
offset_0               6775.28        -0.73         0.84    (15-84 p)


----- dataset: FWHMdata_expres           ----- model: gp_multidimensional           
rot_amp                   -7.7         -2.0          5.4    (15-84 p)
con_amp                  -3.11         -1.9         0.48    (15-84 p)

----- dataset:  FWHMdata_harps
jitter_0                 0.141       -0.088         0.25    (15-84 p)
offset_0               6918.06        -0.28         0.75    (15-84 p)
offset_1               7170.51        -0.83         0.88    (15-84 p)


----- dataset: FWHMdata_harps            ----- model: gp_multidimensional           
rot_amp                    0.7         -2.1          4.1    (15-84 p)
con_amp                   0.15        -0.25         0.69    (15-84 p)

----- dataset:  FWHMdata_neid
jitter_0                  0.21        -0.15         0.40    (15-84 p)
offset_0               6956.51        -0.53         0.52    (15-84 p)


----- dataset: FWHMdata_neid             ----- model: gp_multidimensional           
rot_amp                    2.7         -3.2          3.7    (15-84 p)
con_amp                  -0.00        -0.50         0.63    (15-84 p)

----- dataset:  Contrastdata_expres
jitter_0                   192          -14           23    (15-84 p)
offset_0               -349489          -19           23    (15-84 p)


----- dataset: Contrastdata_expres       ----- model: gp_multidimensional           
rot_amp                   -6.1         -3.7           10    (15-84 p)
con_amp                -19.940       -0.057         0.19    (15-84 p)

----- dataset:  Contrastdata_harps
jitter_0                    42          -18           33    (15-84 p)
offset_0               -453753          -14           13    (15-84 p)
offset_1               -419770          -22           24    (15-84 p)


----- dataset: Contrastdata_harps        ----- model: gp_multidimensional           
rot_amp                   -8.3         -1.7          4.9    (15-84 p)
con_amp                 19.954        -0.17        0.044    (15-84 p)

----- dataset:  Contrastdata_neid
jitter_0                    29          -25           43    (15-84 p)
offset_0             -359618.0          -20          8.7    (15-84 p)


----- dataset: Contrastdata_neid         ----- model: gp_multidimensional           
rot_amp                   9.66         -1.1         0.32    (15-84 p)
con_amp                  19.75        -0.76         0.23    (15-84 p)

----- dataset:  Halphadata_expres
jitter_0              0.000023    -0.000013     0.000049    (15-84 p)
offset_0              0.172051    -0.000060      0.00015    (15-84 p)


----- dataset: Halphadata_expres         ----- model: gp_multidimensional           
rot_amp               -0.00011     -0.00050      0.00075    (15-84 p)
con_amp               0.000057    -0.000064      0.00019    (15-84 p)

----- dataset:  Halphadata_harps
jitter_0               0.00015     -0.00013      0.00028    (15-84 p)
offset_0              0.174690    -0.000095      0.00018    (15-84 p)
offset_1               0.17409     -0.00015      0.00028    (15-84 p)


----- dataset: Halphadata_harps          ----- model: gp_multidimensional           
rot_amp                0.00397     -0.00052       0.0017    (15-84 p)
con_amp               0.000132    -0.000060      0.00022    (15-84 p)

----- dataset:  Halphadata_neid
jitter_0              0.000025    -0.000014     0.000048    (15-84 p)
offset_0              0.171143    -0.000089      0.00013    (15-84 p)


----- dataset: Halphadata_neid           ----- model: gp_multidimensional           
rot_amp                0.00072     -0.00059      0.00079    (15-84 p)
con_amp               0.000047    -0.000066      0.00017    (15-84 p)

----- dataset:  CaIIdata_expres
jitter_0               0.00229     -0.00037      0.00042    (15-84 p)
offset_0               0.10077     -0.00034      0.00051    (15-84 p)


----- dataset: CaIIdata_expres           ----- model: gp_multidimensional           
rot_amp                 0.0021      -0.0023       0.0031    (15-84 p)
con_amp                0.00027     -0.00039      0.00053    (15-84 p)

----- dataset:  CaIIdata_harps
jitter_0               0.00025     -0.00021      0.00058    (15-84 p)
offset_0               0.10436     -0.00027      0.00034    (15-84 p)
offset_1               0.10365     -0.00048      0.00054    (15-84 p)


----- dataset: CaIIdata_harps            ----- model: gp_multidimensional           
rot_amp                 0.0007      -0.0014       0.0021    (15-84 p)
con_amp               -0.00017     -0.00028      0.00026    (15-84 p)

----- dataset:  CaIIdata_neid
jitter_0              0.000057    -0.000026     0.000100    (15-84 p)
offset_0               0.09951     -0.00032      0.00036    (15-84 p)


----- dataset: CaIIdata_neid             ----- model: gp_multidimensional           
rot_amp                 0.0010      -0.0016       0.0024    (15-84 p)
con_amp                0.00012     -0.00024      0.00041    (15-84 p)

----- common model:  b
P                       99.966        -0.11        0.033    (15-84 p)
K                         2.48        -0.44         0.15    (15-84 p)
mean_long                271.1          -12          2.5    (15-84 p)
e                        0.306        -0.10        0.041    (15-84 p)
omega                     -155          -11          315    (15-84 p)

----- common model:  c
P                      1.39852     -0.00097       0.0014    (15-84 p)
K                        0.450        -0.15        0.064    (15-84 p)
mean_long                360.1         -3.3          5.1    (15-84 p)
e                        0.101       -0.052        0.070    (15-84 p)
omega                      -87          -36           83    (15-84 p)

----- common model:  d
P                       12.628       -0.094         0.55    (15-84 p)
K                        0.871        -0.24        0.084    (15-84 p)
mean_long                  129          -14           84    (15-84 p)
e                        0.108       -0.061        0.058    (15-84 p)
omega                      125         -275           37    (15-84 p)

----- common model:  activity
Prot                     28.27        -0.40         0.30    (15-84 p)
Pdec                    30.024       -0.023        0.084    (15-84 p)
Oamp                     0.386       -0.019        0.031    (15-84 p)

----- common model:  star_parameters

====================================================================================================
     Statistics on the derived parameters obtained from the posteriors samples     
====================================================================================================

----- common model:  b
Inclination fixed to 90 deg!
Computing planetary mass under the approximation M_planet << M_star (threshold at 30.0 Me)
a_Rs                    90.605       -0.067        0.020    (15-84 p)
M_Mj                    0.0538      -0.0087       0.0033    (15-84 p)
M_Me                      17.1         -2.8          1.1    (15-84 p)
Tc                     59394.4         -2.9          1.5    (15-84 p)
a_AU_(M)              0.421544     -0.00031     0.000093    (15-84 p)
a_AU_(rho,R)          0.421536     -0.00031     0.000093    (15-84 p)

----- common model:  c
Inclination fixed to 90 deg!
Computing planetary mass under the approximation M_planet << M_star (threshold at 30.0 Me)
a_Rs                    5.2605      -0.0024       0.0035    (15-84 p)
M_Mj                   0.00246     -0.00081      0.00035    (15-84 p)
M_Me                      0.78        -0.26         0.11    (15-84 p)
Tc                   59335.050       -0.041        0.034    (15-84 p)
a_AU_(M)              0.024475    -0.000011     0.000016    (15-84 p)
a_AU_(rho,R)          0.024474    -0.000011     0.000016    (15-84 p)

----- common model:  d
Inclination fixed to 90 deg!
Computing planetary mass under the approximation M_planet << M_star (threshold at 30.0 Me)
a_Rs                     22.81        -0.11         0.66    (15-84 p)
M_Mj                   0.00991      -0.0027      0.00096    (15-84 p)
M_Me                      3.15        -0.85         0.30    (15-84 p)
Tc                    59346.04         -3.4         0.66    (15-84 p)
a_AU_(M)               0.10613     -0.00053       0.0031    (15-84 p)
a_AU_(rho,R)           0.10613     -0.00053       0.0031    (15-84 p)


====================================================================================================
     ------------------------------------------------------------------------------------------     
====================================================================================================



30000.0   steps completed, average lnprob:,  -1274.229813018027


Computing the autocorrelation time of the chains

***** WARNING ******
The integrated autocorrelation time cannot be reliably estimated
likely the chains are too short, and ACF analysis is not fully reliable
emcee.autocorr.integrated_time tolerance lowered to 20
If you still get a warning, you should drop these results entirely
Chains too short to apply convergence criteria
They should be at least 1950*nthin = 292500

====================================================================================================
     Statistics on the posterior of the sampler parameters     
====================================================================================================

----- dataset:  RVdata_expres
jitter_0        18         0.974       -0.073        0.085   (15-84 p)   [    0.0010,    11.5000]
offset_0        19          9.09        -0.58          1.8   (15-84 p)   [-9997.8210, 10014.4770]

----- dataset: RVdata_expres             ----- model: gp_multidimensional           
rot_amp         20           4.1         -1.3          2.4   (15-84 p)   [    0.0000,    10.0000]
con_amp         21           4.5         -2.2          1.8   (15-84 p)   [  -20.0000,    20.0000]

----- dataset:  RVdata_harps
jitter_0        22         1.015       -0.077         0.10   (15-84 p)   [    0.0009,    13.3000]
offset_0        23          9.09        -0.33         0.99   (15-84 p)   [-9996.1123, 10015.3455]
offset_1        24          9.73        -0.43         0.99   (15-84 p)   [-9996.1123, 10015.3455]

----- dataset: RVdata_harps              ----- model: gp_multidimensional           
rot_amp         25         0.016       -0.015        0.048   (15-84 p)   [    0.0000,    10.0000]
con_amp         26           2.6         -1.3          1.1   (15-84 p)   [  -20.0000,    20.0000]

----- dataset:  RVdata_neid
jitter_0        27         1.123       -0.081         0.13   (15-84 p)   [    0.0010,    12.2000]
offset_0        28          9.88        -0.41          1.3   (15-84 p)   [-9996.9356, 10015.5004]

----- dataset: RVdata_neid               ----- model: gp_multidimensional           
rot_amp         29           5.3         -1.4          2.4   (15-84 p)   [    0.0000,    10.0000]
con_amp         30           3.4         -1.6          1.3   (15-84 p)   [  -20.0000,    20.0000]

----- dataset:  BISdata_expres
jitter_0        31          2.13        -0.16         0.26   (15-84 p)   [    0.0095,    95.0000]
offset_0        32        -55.21        -0.28         0.48   (15-84 p)   [-10060.1333,  9951.3667]

----- dataset: BISdata_expres            ----- model: gp_multidimensional           
rot_amp         33          -6.7         -2.2          2.0   (15-84 p)   [  -10.0000,    10.0000]
con_amp         34         -0.14        -0.37         0.55   (15-84 p)   [  -20.0000,    20.0000]

----- dataset:  BISdata_harps
jitter_0        35          1.79        -0.13         0.19   (15-84 p)   [    0.0095,    95.0000]
offset_0        36        -45.19        -0.23         0.37   (15-84 p)   [-10051.0000,  9968.9000]
offset_1        37        -35.01        -0.38         0.54   (15-84 p)   [-10051.0000,  9968.9000]

----- dataset: BISdata_harps             ----- model: gp_multidimensional           
rot_amp         38           3.2         -1.3          2.6   (15-84 p)   [  -10.0000,    10.0000]
con_amp         39          0.45        -0.23         0.47   (15-84 p)   [  -20.0000,    20.0000]

----- dataset:  BISdata_neid
jitter_0        40          1.26        -0.13         0.18   (15-84 p)   [    0.0095,    95.0000]
offset_0        41        -46.75        -0.26         0.21   (15-84 p)   [-10050.5333,  9956.3333]

----- dataset: BISdata_neid              ----- model: gp_multidimensional           
rot_amp         42          -1.7         -2.5          1.4   (15-84 p)   [  -10.0000,    10.0000]
con_amp         43         -0.18        -0.39         0.20   (15-84 p)   [  -20.0000,    20.0000]

----- dataset:  FWHMdata_expres
jitter_0        44          0.65        -0.55         0.84   (15-84 p)   [    0.0500,   500.0000]
offset_0        45        6775.2         -2.0          1.0   (15-84 p)   [-3231.7588, 16789.2005]

----- dataset: FWHMdata_expres           ----- model: gp_multidimensional           
rot_amp         46          -6.7         -2.7          5.4   (15-84 p)   [  -10.0000,    10.0000]
con_amp         47          -4.7         -2.5          1.9   (15-84 p)   [  -20.0000,    20.0000]

----- dataset:  FWHMdata_harps
jitter_0        48          0.27        -0.21         0.39   (15-84 p)   [    0.0500,   500.0000]
offset_0        49       6918.06        -0.54         0.77   (15-84 p)   [-3087.6615, 17176.8324]
offset_1        50       7170.56        -0.98          1.1   (15-84 p)   [-3087.6615, 17176.8324]

----- dataset: FWHMdata_harps            ----- model: gp_multidimensional           
rot_amp         51           1.0         -3.3          4.7   (15-84 p)   [  -10.0000,    10.0000]
con_amp         52          0.23        -0.50         0.80   (15-84 p)   [  -20.0000,    20.0000]

----- dataset:  FWHMdata_neid
jitter_0        53          0.37        -0.30         0.48   (15-84 p)   [    0.0500,   500.0000]
offset_0        54       6956.53        -0.64         0.71   (15-84 p)   [-3049.2567, 16963.7765]

----- dataset: FWHMdata_neid             ----- model: gp_multidimensional           
rot_amp         55           2.9         -4.1          4.3   (15-84 p)   [  -10.0000,    10.0000]
con_amp         56          0.05        -0.71         0.99   (15-84 p)   [  -20.0000,    20.0000]

----- dataset:  Contrastdata_expres
jitter_0        57           195          -17           26   (15-84 p)   [    1.3000, 13000.0000]
offset_0        58       -349488          -22           25   (15-84 p)   [-359991.0269, -338869.5199]

----- dataset: Contrastdata_expres       ----- model: gp_multidimensional           
rot_amp         59          -2.6         -6.6          8.9   (15-84 p)   [  -10.0000,    10.0000]
con_amp         60        -19.81        -0.17         0.49   (15-84 p)   [  -20.0000,    20.0000]

----- dataset:  Contrastdata_harps
jitter_0        61            46          -24           29   (15-84 p)   [    1.3000, 13000.0000]
offset_0        62       -453754          -17           15   (15-84 p)   [-464166.0273, -409520.9338]
offset_1        63       -419772          -30           26   (15-84 p)   [-464166.0273, -409520.9338]

----- dataset: Contrastdata_harps        ----- model: gp_multidimensional           
rot_amp         64          -5.3         -4.4          8.7   (15-84 p)   [  -10.0000,    10.0000]
con_amp         65         19.85        -0.39         0.14   (15-84 p)   [  -20.0000,    20.0000]

----- dataset:  Contrastdata_neid
jitter_0        66            36          -29           34   (15-84 p)   [    1.3000, 13000.0000]
offset_0        67       -359618          -19           13   (15-84 p)   [-369911.9286, -349262.2437]

----- dataset: Contrastdata_neid         ----- model: gp_multidimensional           
rot_amp         68           8.9         -2.6          1.0   (15-84 p)   [  -10.0000,    10.0000]
con_amp         69         19.26         -1.7         0.69   (15-84 p)   [  -20.0000,    20.0000]

----- dataset:  Halphadata_expres
jitter_0        70      0.000049    -0.000036     0.000073   (15-84 p)   [    0.0000,     0.1000]
offset_0        71       0.17205     -0.00012      0.00018   (15-84 p)   [-9999.8287, 10000.1727]

----- dataset: Halphadata_expres         ----- model: gp_multidimensional           
rot_amp         72      -0.00008     -0.00078      0.00100   (15-84 p)   [  -10.0000,    10.0000]
con_amp         73       0.00007     -0.00015      0.00023   (15-84 p)   [  -20.0000,    20.0000]

----- dataset:  Halphadata_harps
jitter_0        74       0.00022     -0.00018      0.00023   (15-84 p)   [    0.0000,     0.1000]
offset_0        75       0.17475     -0.00014      0.00027   (15-84 p)   [-9999.8281, 10000.1780]
offset_1        76       0.17417     -0.00020      0.00033   (15-84 p)   [-9999.8281, 10000.1780]

----- dataset: Halphadata_harps          ----- model: gp_multidimensional           
rot_amp         77        0.0051      -0.0015       0.0021   (15-84 p)   [  -10.0000,    10.0000]
con_amp         78       0.00028     -0.00018      0.00035   (15-84 p)   [  -20.0000,    20.0000]

----- dataset:  Halphadata_neid
jitter_0        79      0.000052    -0.000039     0.000078   (15-84 p)   [    0.0000,     0.1000]
offset_0        80       0.17115     -0.00012      0.00017   (15-84 p)   [-9999.8297, 10000.1720]

----- dataset: Halphadata_neid           ----- model: gp_multidimensional           
rot_amp         81       0.00079     -0.00084       0.0012   (15-84 p)   [  -10.0000,    10.0000]
con_amp         82       0.00008     -0.00013      0.00022   (15-84 p)   [  -20.0000,    20.0000]

----- dataset:  CaIIdata_expres
jitter_0        83       0.00230     -0.00044      0.00049   (15-84 p)   [    0.0000,     0.3000]
offset_0        84       0.10080     -0.00051      0.00072   (15-84 p)   [-9999.9113, 10000.1104]

----- dataset: CaIIdata_expres           ----- model: gp_multidimensional           
rot_amp         85        0.0024      -0.0033       0.0048   (15-84 p)   [  -10.0000,    10.0000]
con_amp         86       0.00035     -0.00055       0.0010   (15-84 p)   [  -20.0000,    20.0000]

----- dataset:  CaIIdata_harps
jitter_0        87       0.00047     -0.00040      0.00060   (15-84 p)   [    0.0000,     0.3000]
offset_0        88       0.10437     -0.00035      0.00042   (15-84 p)   [-9999.9112, 10000.1133]
offset_1        89       0.10366     -0.00062      0.00066   (15-84 p)   [-9999.9112, 10000.1133]

----- dataset: CaIIdata_harps            ----- model: gp_multidimensional           
rot_amp         90        0.0008      -0.0022       0.0027   (15-84 p)   [  -10.0000,    10.0000]
con_amp         91      -0.00017     -0.00041      0.00041   (15-84 p)   [  -20.0000,    20.0000]

----- dataset:  CaIIdata_neid
jitter_0        92      0.000121    -0.000085      0.00019   (15-84 p)   [    0.0000,     0.3000]
offset_0        93       0.09953     -0.00038      0.00048   (15-84 p)   [-9999.9013, 10000.1001]

----- dataset: CaIIdata_neid             ----- model: gp_multidimensional           
rot_amp         94        0.0011      -0.0026       0.0034   (15-84 p)   [  -10.0000,    10.0000]
con_amp         95       0.00017     -0.00038      0.00065   (15-84 p)   [  -20.0000,    20.0000]

----- common model:  b
P                0        6.6423      -0.0037       0.0015   (15-84 p)   [    0.3785,     6.6439]
K                1          1.23        -0.29         0.16   (15-84 p)   [   -9.9658,     3.3219]
sre_coso         2        -0.438       -0.094         0.18   (15-84 p)   [   -1.0000,     1.0000]
sre_sino         3          0.01        -0.24         0.29   (15-84 p)   [   -1.0000,     1.0000]
mean_long        4         263.7          -16          9.0   (15-84 p)   [   92.2760,   452.2760]

----- common model:  c
P                5        0.4840      -0.0018       0.0025   (15-84 p)   [    0.3785,     6.6439]
K                6         -1.27        -0.64         0.31   (15-84 p)   [   -9.9658,     3.3219]
sre_coso         7         -0.01        -0.21         0.21   (15-84 p)   [   -1.0000,     1.0000]
sre_sino         8         -0.19        -0.14         0.26   (15-84 p)   [   -1.0000,     1.0000]
mean_long        9           360          -17           15   (15-84 p)   [  179.9422,   539.9422]

----- common model:  d
P               10         3.703       -0.050        0.056   (15-84 p)   [    0.3785,     6.6439]
K               11         -0.21        -0.49         0.24   (15-84 p)   [   -9.9658,     3.3219]
sre_coso        12         -0.18        -0.15         0.28   (15-84 p)   [   -1.0000,     1.0000]
sre_sino        13          0.01        -0.23         0.16   (15-84 p)   [   -1.0000,     1.0000]
mean_long       14           190          -71           70   (15-84 p)   [  -59.8645,   300.1355]

----- common model:  activity
Prot            15         28.29        -0.43         0.41   (15-84 p)   [   20.0000,    35.0000]
Pdec            16        30.081       -0.076         0.18   (15-84 p)   [   30.0000,  1000.0000]
Oamp            17        -1.350       -0.089         0.13   (15-84 p)   [   -6.6439,     0.0000]

----- common model:  star_parameters

====================================================================================================
     Statistics on the model parameters obtained from the posteriors samples     
====================================================================================================

----- dataset:  RVdata_expres
jitter_0                 0.974       -0.073        0.085    (15-84 p)
offset_0                  9.09        -0.58          1.8    (15-84 p)


----- dataset: RVdata_expres             ----- model: gp_multidimensional           
rot_amp                    4.1         -1.3          2.4    (15-84 p)
con_amp                    4.5         -2.2          1.8    (15-84 p)

----- dataset:  RVdata_harps
jitter_0                 1.015       -0.077         0.10    (15-84 p)
offset_0                  9.09        -0.33         0.99    (15-84 p)
offset_1                  9.73        -0.43         0.99    (15-84 p)


----- dataset: RVdata_harps              ----- model: gp_multidimensional           
rot_amp                  0.016       -0.015        0.048    (15-84 p)
con_amp                    2.6         -1.3          1.1    (15-84 p)

----- dataset:  RVdata_neid
jitter_0                 1.123       -0.081         0.13    (15-84 p)
offset_0                  9.88        -0.41          1.3    (15-84 p)


----- dataset: RVdata_neid               ----- model: gp_multidimensional           
rot_amp                    5.3         -1.4          2.4    (15-84 p)
con_amp                    3.4         -1.6          1.3    (15-84 p)

----- dataset:  BISdata_expres
jitter_0                  2.13        -0.16         0.26    (15-84 p)
offset_0                -55.21        -0.28         0.48    (15-84 p)


----- dataset: BISdata_expres            ----- model: gp_multidimensional           
rot_amp                   -6.7         -2.2          2.0    (15-84 p)
con_amp                  -0.14        -0.37         0.55    (15-84 p)

----- dataset:  BISdata_harps
jitter_0                  1.79        -0.13         0.19    (15-84 p)
offset_0                -45.19        -0.23         0.37    (15-84 p)
offset_1                -35.01        -0.38         0.54    (15-84 p)


----- dataset: BISdata_harps             ----- model: gp_multidimensional           
rot_amp                    3.2         -1.3          2.6    (15-84 p)
con_amp                   0.45        -0.23         0.47    (15-84 p)

----- dataset:  BISdata_neid
jitter_0                  1.26        -0.13         0.18    (15-84 p)
offset_0                -46.75        -0.26         0.21    (15-84 p)


----- dataset: BISdata_neid              ----- model: gp_multidimensional           
rot_amp                   -1.7         -2.5          1.4    (15-84 p)
con_amp                  -0.18        -0.39         0.20    (15-84 p)

----- dataset:  FWHMdata_expres
jitter_0                  0.65        -0.55         0.84    (15-84 p)
offset_0                6775.2         -2.0          1.0    (15-84 p)


----- dataset: FWHMdata_expres           ----- model: gp_multidimensional           
rot_amp                   -6.7         -2.7          5.4    (15-84 p)
con_amp                   -4.7         -2.5          1.9    (15-84 p)

----- dataset:  FWHMdata_harps
jitter_0                  0.27        -0.21         0.39    (15-84 p)
offset_0               6918.06        -0.54         0.77    (15-84 p)
offset_1               7170.56        -0.98          1.1    (15-84 p)


----- dataset: FWHMdata_harps            ----- model: gp_multidimensional           
rot_amp                    1.0         -3.3          4.7    (15-84 p)
con_amp                   0.23        -0.50         0.80    (15-84 p)

----- dataset:  FWHMdata_neid
jitter_0                  0.37        -0.30         0.48    (15-84 p)
offset_0               6956.53        -0.64         0.71    (15-84 p)


----- dataset: FWHMdata_neid             ----- model: gp_multidimensional           
rot_amp                    2.9         -4.1          4.3    (15-84 p)
con_amp                   0.05        -0.71         0.99    (15-84 p)

----- dataset:  Contrastdata_expres
jitter_0                   195          -17           26    (15-84 p)
offset_0               -349488          -22           25    (15-84 p)


----- dataset: Contrastdata_expres       ----- model: gp_multidimensional           
rot_amp                   -2.6         -6.6          8.9    (15-84 p)
con_amp                 -19.81        -0.17         0.49    (15-84 p)

----- dataset:  Contrastdata_harps
jitter_0                    46          -24           29    (15-84 p)
offset_0               -453754          -17           15    (15-84 p)
offset_1               -419772          -30           26    (15-84 p)


----- dataset: Contrastdata_harps        ----- model: gp_multidimensional           
rot_amp                   -5.3         -4.4          8.7    (15-84 p)
con_amp                  19.85        -0.39         0.14    (15-84 p)

----- dataset:  Contrastdata_neid
jitter_0                    36          -29           34    (15-84 p)
offset_0               -359618          -19           13    (15-84 p)


----- dataset: Contrastdata_neid         ----- model: gp_multidimensional           
rot_amp                    8.9         -2.6          1.0    (15-84 p)
con_amp                  19.26         -1.7         0.69    (15-84 p)

----- dataset:  Halphadata_expres
jitter_0              0.000049    -0.000036     0.000073    (15-84 p)
offset_0               0.17205     -0.00012      0.00018    (15-84 p)


----- dataset: Halphadata_expres         ----- model: gp_multidimensional           
rot_amp               -0.00008     -0.00078      0.00100    (15-84 p)
con_amp                0.00007     -0.00015      0.00023    (15-84 p)

----- dataset:  Halphadata_harps
jitter_0               0.00022     -0.00018      0.00023    (15-84 p)
offset_0               0.17475     -0.00014      0.00027    (15-84 p)
offset_1               0.17417     -0.00020      0.00033    (15-84 p)


----- dataset: Halphadata_harps          ----- model: gp_multidimensional           
rot_amp                 0.0051      -0.0015       0.0021    (15-84 p)
con_amp                0.00028     -0.00018      0.00035    (15-84 p)

----- dataset:  Halphadata_neid
jitter_0              0.000052    -0.000039     0.000078    (15-84 p)
offset_0               0.17115     -0.00012      0.00017    (15-84 p)


----- dataset: Halphadata_neid           ----- model: gp_multidimensional           
rot_amp                0.00079     -0.00084       0.0012    (15-84 p)
con_amp                0.00008     -0.00013      0.00022    (15-84 p)

----- dataset:  CaIIdata_expres
jitter_0               0.00230     -0.00044      0.00049    (15-84 p)
offset_0               0.10080     -0.00051      0.00072    (15-84 p)


----- dataset: CaIIdata_expres           ----- model: gp_multidimensional           
rot_amp                 0.0024      -0.0033       0.0048    (15-84 p)
con_amp                0.00035     -0.00055       0.0010    (15-84 p)

----- dataset:  CaIIdata_harps
jitter_0               0.00047     -0.00040      0.00060    (15-84 p)
offset_0               0.10437     -0.00035      0.00042    (15-84 p)
offset_1               0.10366     -0.00062      0.00066    (15-84 p)


----- dataset: CaIIdata_harps            ----- model: gp_multidimensional           
rot_amp                 0.0008      -0.0022       0.0027    (15-84 p)
con_amp               -0.00017     -0.00041      0.00041    (15-84 p)

----- dataset:  CaIIdata_neid
jitter_0              0.000121    -0.000085      0.00019    (15-84 p)
offset_0               0.09953     -0.00038      0.00048    (15-84 p)


----- dataset: CaIIdata_neid             ----- model: gp_multidimensional           
rot_amp                 0.0011      -0.0026       0.0034    (15-84 p)
con_amp                0.00017     -0.00038      0.00065    (15-84 p)

----- common model:  b
P                        99.89        -0.26         0.10    (15-84 p)
K                         2.34        -0.43         0.27    (15-84 p)
mean_long                263.7          -16          9.0    (15-84 p)
e                        0.244       -0.098        0.089    (15-84 p)
omega                       75         -239           86    (15-84 p)

----- common model:  c
P                       1.3986      -0.0018       0.0024    (15-84 p)
K                        0.415        -0.15        0.099    (15-84 p)
mean_long                  360          -17           15    (15-84 p)
e                        0.095       -0.064        0.074    (15-84 p)
omega                      -78          -52          137    (15-84 p)

----- common model:  d
P                        13.02        -0.45         0.51    (15-84 p)
K                         0.86        -0.25         0.16    (15-84 p)
mean_long                  190          -71           70    (15-84 p)
e                        0.094       -0.064        0.063    (15-84 p)
omega                       10         -156          149    (15-84 p)

----- common model:  activity
Prot                     28.29        -0.43         0.41    (15-84 p)
Pdec                    30.081       -0.076         0.18    (15-84 p)
Oamp                     0.392       -0.024        0.037    (15-84 p)

----- common model:  star_parameters

====================================================================================================
     Statistics on the derived parameters obtained from the posteriors samples     
====================================================================================================

----- common model:  b
Inclination fixed to 90 deg!
Computing planetary mass under the approximation M_planet << M_star (threshold at 30.0 Me)
a_Rs                    90.560        -0.15        0.062    (15-84 p)
M_Mj                    0.0517      -0.0091       0.0056    (15-84 p)
M_Me                      16.4         -2.9          1.8    (15-84 p)
Tc                     59394.0         -3.3          2.0    (15-84 p)
a_AU_(M)               0.42134     -0.00072      0.00029    (15-84 p)
a_AU_(rho,R)           0.42133     -0.00072      0.00029    (15-84 p)

----- common model:  c
Inclination fixed to 90 deg!
Computing planetary mass under the approximation M_planet << M_star (threshold at 30.0 Me)
a_Rs                    5.2607      -0.0044       0.0060    (15-84 p)
M_Mj                   0.00226     -0.00081      0.00054    (15-84 p)
M_Me                      0.72        -0.26         0.17    (15-84 p)
Tc                   59335.051       -0.073        0.086    (15-84 p)
a_AU_(M)              0.024475    -0.000021     0.000028    (15-84 p)
a_AU_(rho,R)          0.024475    -0.000021     0.000028    (15-84 p)

----- common model:  d
Inclination fixed to 90 deg!
Computing planetary mass under the approximation M_planet << M_star (threshold at 30.0 Me)
a_Rs                     23.28        -0.53         0.61    (15-84 p)
M_Mj                    0.0099      -0.0028       0.0019    (15-84 p)
M_Me                      3.15        -0.90         0.59    (15-84 p)
Tc                     59343.9         -2.4          2.7    (15-84 p)
a_AU_(M)                0.1083      -0.0025       0.0028    (15-84 p)
a_AU_(rho,R)            0.1083      -0.0025       0.0028    (15-84 p)


====================================================================================================
     ------------------------------------------------------------------------------------------     
====================================================================================================



45000.0   steps completed, average lnprob:,  -1278.1869261716722


Computing the autocorrelation time of the chains

***** WARNING ******
The integrated autocorrelation time cannot be reliably estimated
likely the chains are too short, and ACF analysis is not fully reliable
emcee.autocorr.integrated_time tolerance lowered to 20
If you still get a warning, you should drop these results entirely
Chains too short to apply convergence criteria
They should be at least 2650*nthin = 397500

====================================================================================================
     Statistics on the posterior of the sampler parameters     
====================================================================================================

----- dataset:  RVdata_expres
jitter_0        18         0.972       -0.078        0.088   (15-84 p)   [    0.0010,    11.5000]
offset_0        19          9.38        -0.95          2.2   (15-84 p)   [-9997.8210, 10014.4770]

----- dataset: RVdata_expres             ----- model: gp_multidimensional           
rot_amp         20           4.4         -1.6          2.4   (15-84 p)   [    0.0000,    10.0000]
con_amp         21           5.3         -2.5          2.1   (15-84 p)   [  -20.0000,    20.0000]

----- dataset:  RVdata_harps
jitter_0        22         1.025       -0.083        0.100   (15-84 p)   [    0.0009,    13.3000]
offset_0        23          9.23        -0.55          1.3   (15-84 p)   [-9996.1123, 10015.3455]
offset_1        24          9.86        -0.62          1.3   (15-84 p)   [-9996.1123, 10015.3455]

----- dataset: RVdata_harps              ----- model: gp_multidimensional           
rot_amp         25         0.035       -0.033         0.11   (15-84 p)   [    0.0000,    10.0000]
con_amp         26           3.2         -1.5          1.3   (15-84 p)   [  -20.0000,    20.0000]

----- dataset:  RVdata_neid
jitter_0        27         1.130       -0.087         0.13   (15-84 p)   [    0.0010,    12.2000]
offset_0        28         10.05        -0.69          1.6   (15-84 p)   [-9996.9356, 10015.5004]

----- dataset: RVdata_neid               ----- model: gp_multidimensional           
rot_amp         29           5.5         -1.6          2.3   (15-84 p)   [    0.0000,    10.0000]
con_amp         30           4.0         -1.9          1.5   (15-84 p)   [  -20.0000,    20.0000]

----- dataset:  BISdata_expres
jitter_0        31          2.14        -0.17         0.25   (15-84 p)   [    0.0095,    95.0000]
offset_0        32        -55.12        -0.35         0.49   (15-84 p)   [-10060.1333,  9951.3667]

----- dataset: BISdata_expres            ----- model: gp_multidimensional           
rot_amp         33          -6.9         -2.1          2.2   (15-84 p)   [  -10.0000,    10.0000]
con_amp         34         -0.09        -0.47         0.67   (15-84 p)   [  -20.0000,    20.0000]

----- dataset:  BISdata_harps
jitter_0        35          1.80        -0.14         0.19   (15-84 p)   [    0.0095,    95.0000]
offset_0        36        -45.14        -0.28         0.42   (15-84 p)   [-10051.0000,  9968.9000]
offset_1        37        -34.95        -0.42         0.59   (15-84 p)   [-10051.0000,  9968.9000]

----- dataset: BISdata_harps             ----- model: gp_multidimensional           
rot_amp         38           3.8         -1.7          2.8   (15-84 p)   [  -10.0000,    10.0000]
con_amp         39          0.58        -0.33         0.53   (15-84 p)   [  -20.0000,    20.0000]

----- dataset:  BISdata_neid
jitter_0        40          1.26        -0.14         0.18   (15-84 p)   [    0.0095,    95.0000]
offset_0        41        -46.76        -0.29         0.23   (15-84 p)   [-10050.5333,  9956.3333]

----- dataset: BISdata_neid              ----- model: gp_multidimensional           
rot_amp         42          -1.9         -2.7          1.7   (15-84 p)   [  -10.0000,    10.0000]
con_amp         43         -0.21        -0.43         0.26   (15-84 p)   [  -20.0000,    20.0000]

----- dataset:  FWHMdata_expres
jitter_0        44          0.72        -0.58         0.80   (15-84 p)   [    0.0500,   500.0000]
offset_0        45        6775.0         -2.6          1.3   (15-84 p)   [-3231.7588, 16789.2005]

----- dataset: FWHMdata_expres           ----- model: gp_multidimensional           
rot_amp         46          -6.4         -2.9          5.5   (15-84 p)   [  -10.0000,    10.0000]
con_amp         47          -5.6         -2.8          2.6   (15-84 p)   [  -20.0000,    20.0000]

----- dataset:  FWHMdata_harps
jitter_0        48          0.34        -0.25         0.44   (15-84 p)   [    0.0500,   500.0000]
offset_0        49       6918.05        -0.63         0.78   (15-84 p)   [-3087.6615, 17176.8324]
offset_1        50        7170.6         -1.0          1.2   (15-84 p)   [-3087.6615, 17176.8324]

----- dataset: FWHMdata_harps            ----- model: gp_multidimensional           
rot_amp         51           1.1         -3.9          4.7   (15-84 p)   [  -10.0000,    10.0000]
con_amp         52          0.27        -0.65         0.88   (15-84 p)   [  -20.0000,    20.0000]

----- dataset:  FWHMdata_neid
jitter_0        53          0.45        -0.34         0.52   (15-84 p)   [    0.0500,   500.0000]
offset_0        54       6956.54        -0.70         0.79   (15-84 p)   [-3049.2567, 16963.7765]

----- dataset: FWHMdata_neid             ----- model: gp_multidimensional           
rot_amp         55           3.0         -4.8          4.5   (15-84 p)   [  -10.0000,    10.0000]
con_amp         56          0.11        -0.88          1.1   (15-84 p)   [  -20.0000,    20.0000]

----- dataset:  Contrastdata_expres
jitter_0        57           196          -18           25   (15-84 p)   [    1.3000, 13000.0000]
offset_0        58       -349487          -24           26   (15-84 p)   [-359991.0269, -338869.5199]

----- dataset: Contrastdata_expres       ----- model: gp_multidimensional           
rot_amp         59          -1.4         -7.3          8.0   (15-84 p)   [  -10.0000,    10.0000]
con_amp         60        -19.65        -0.31          1.0   (15-84 p)   [  -20.0000,    20.0000]

----- dataset:  Contrastdata_harps
jitter_0        61            48          -25           27   (15-84 p)   [    1.3000, 13000.0000]
offset_0        62       -453755          -18           16   (15-84 p)   [-464166.0273, -409520.9338]
offset_1        63       -419772          -30           27   (15-84 p)   [-464166.0273, -409520.9338]

----- dataset: Contrastdata_harps        ----- model: gp_multidimensional           
rot_amp         64          -3.6         -5.6          8.9   (15-84 p)   [  -10.0000,    10.0000]
con_amp         65         19.73        -0.74         0.25   (15-84 p)   [  -20.0000,    20.0000]

----- dataset:  Contrastdata_neid
jitter_0        66            37          -28           32   (15-84 p)   [    1.3000, 13000.0000]
offset_0        67       -359619          -19           15   (15-84 p)   [-369911.9286, -349262.2437]

----- dataset: Contrastdata_neid         ----- model: gp_multidimensional           
rot_amp         68           8.1         -5.1          1.7   (15-84 p)   [  -10.0000,    10.0000]
con_amp         69          18.6         -3.7          1.2   (15-84 p)   [  -20.0000,    20.0000]

----- dataset:  Halphadata_expres
jitter_0        70      0.000062    -0.000046     0.000083   (15-84 p)   [    0.0000,     0.1000]
offset_0        71       0.17205     -0.00015      0.00019   (15-84 p)   [-9999.8287, 10000.1727]

----- dataset: Halphadata_expres         ----- model: gp_multidimensional           
rot_amp         72      -0.00007     -0.00095       0.0011   (15-84 p)   [  -10.0000,    10.0000]
con_amp         73       0.00008     -0.00020      0.00026   (15-84 p)   [  -20.0000,    20.0000]

----- dataset:  Halphadata_harps
jitter_0        74       0.00022     -0.00017      0.00022   (15-84 p)   [    0.0000,     0.1000]
offset_0        75       0.17480     -0.00018      0.00030   (15-84 p)   [-9999.8281, 10000.1780]
offset_1        76       0.17423     -0.00025      0.00036   (15-84 p)   [-9999.8281, 10000.1780]

----- dataset: Halphadata_harps          ----- model: gp_multidimensional           
rot_amp         77        0.0059      -0.0021       0.0024   (15-84 p)   [  -10.0000,    10.0000]
con_amp         78       0.00040     -0.00029      0.00040   (15-84 p)   [  -20.0000,    20.0000]

----- dataset:  Halphadata_neid
jitter_0        79      0.000065    -0.000048     0.000087   (15-84 p)   [    0.0000,     0.1000]
offset_0        80       0.17116     -0.00013      0.00018   (15-84 p)   [-9999.8297, 10000.1720]

----- dataset: Halphadata_neid           ----- model: gp_multidimensional           
rot_amp         81       0.00091     -0.00099       0.0014   (15-84 p)   [  -10.0000,    10.0000]
con_amp         82       0.00009     -0.00017      0.00025   (15-84 p)   [  -20.0000,    20.0000]

----- dataset:  CaIIdata_expres
jitter_0        83       0.00232     -0.00046      0.00050   (15-84 p)   [    0.0000,     0.3000]
offset_0        84       0.10081     -0.00059      0.00080   (15-84 p)   [-9999.9113, 10000.1104]

----- dataset: CaIIdata_expres           ----- model: gp_multidimensional           
rot_amp         85        0.0028      -0.0039       0.0057   (15-84 p)   [  -10.0000,    10.0000]
con_amp         86       0.00045     -0.00070       0.0012   (15-84 p)   [  -20.0000,    20.0000]

----- dataset:  CaIIdata_harps
jitter_0        87       0.00053     -0.00042      0.00059   (15-84 p)   [    0.0000,     0.3000]
offset_0        88       0.10438     -0.00041      0.00044   (15-84 p)   [-9999.9112, 10000.1133]
offset_1        89       0.10367     -0.00066      0.00071   (15-84 p)   [-9999.9112, 10000.1133]

----- dataset: CaIIdata_harps            ----- model: gp_multidimensional           
rot_amp         90        0.0009      -0.0026       0.0031   (15-84 p)   [  -10.0000,    10.0000]
con_amp         91      -0.00017     -0.00048      0.00049   (15-84 p)   [  -20.0000,    20.0000]

----- dataset:  CaIIdata_neid
jitter_0        92       0.00016     -0.00012      0.00022   (15-84 p)   [    0.0000,     0.3000]
offset_0        93       0.09954     -0.00042      0.00049   (15-84 p)   [-9999.9013, 10000.1001]

----- dataset: CaIIdata_neid             ----- model: gp_multidimensional           
rot_amp         94        0.0013      -0.0030       0.0040   (15-84 p)   [  -10.0000,    10.0000]
con_amp         95       0.00020     -0.00048      0.00070   (15-84 p)   [  -20.0000,    20.0000]

----- common model:  b
P                0        6.6411      -0.0072       0.0025   (15-84 p)   [    0.3785,     6.6439]
K                1          1.19        -0.29         0.19   (15-84 p)   [   -9.9658,     3.3219]
sre_coso         2         -0.39        -0.13         0.22   (15-84 p)   [   -1.0000,     1.0000]
sre_sino         3          0.10        -0.31         0.25   (15-84 p)   [   -1.0000,     1.0000]
mean_long        4           258          -16           14   (15-84 p)   [   92.2760,   452.2760]

----- common model:  c
P                5        0.4841      -0.0025       0.0032   (15-84 p)   [    0.3785,     6.6439]
K                6         -1.32        -0.67         0.36   (15-84 p)   [   -9.9658,     3.3219]
sre_coso         7         -0.02        -0.22         0.22   (15-84 p)   [   -1.0000,     1.0000]
sre_sino         8         -0.15        -0.17         0.26   (15-84 p)   [   -1.0000,     1.0000]
mean_long        9           360          -29           24   (15-84 p)   [  179.9422,   539.9422]

----- common model:  d
P               10         3.724       -0.069        0.041   (15-84 p)   [    0.3785,     6.6439]
K               11         -0.17        -0.48         0.30   (15-84 p)   [   -9.9658,     3.3219]
sre_coso        12         -0.14        -0.18         0.26   (15-84 p)   [   -1.0000,     1.0000]
sre_sino        13         -0.01        -0.23         0.18   (15-84 p)   [   -1.0000,     1.0000]
mean_long       14           217          -95           49   (15-84 p)   [  -59.8645,   300.1355]

----- common model:  activity
Prot            15         28.29        -0.44         0.43   (15-84 p)   [   20.0000,    35.0000]
Pdec            16         30.15        -0.13         0.39   (15-84 p)   [   30.0000,  1000.0000]
Oamp            17         -1.33        -0.10         0.13   (15-84 p)   [   -6.6439,     0.0000]

----- common model:  star_parameters

====================================================================================================
     Statistics on the model parameters obtained from the posteriors samples     
====================================================================================================

----- dataset:  RVdata_expres
jitter_0                 0.972       -0.078        0.088    (15-84 p)
offset_0                  9.38        -0.95          2.2    (15-84 p)


----- dataset: RVdata_expres             ----- model: gp_multidimensional           
rot_amp                    4.4         -1.6          2.4    (15-84 p)
con_amp                    5.3         -2.5          2.1    (15-84 p)

----- dataset:  RVdata_harps
jitter_0                 1.025       -0.083        0.100    (15-84 p)
offset_0                  9.23        -0.55          1.3    (15-84 p)
offset_1                  9.86        -0.62          1.3    (15-84 p)


----- dataset: RVdata_harps              ----- model: gp_multidimensional           
rot_amp                  0.035       -0.033         0.11    (15-84 p)
con_amp                    3.2         -1.5          1.3    (15-84 p)

----- dataset:  RVdata_neid
jitter_0                 1.130       -0.087         0.13    (15-84 p)
offset_0                 10.05        -0.69          1.6    (15-84 p)


----- dataset: RVdata_neid               ----- model: gp_multidimensional           
rot_amp                    5.5         -1.6          2.3    (15-84 p)
con_amp                    4.0         -1.9          1.5    (15-84 p)

----- dataset:  BISdata_expres
jitter_0                  2.14        -0.17         0.25    (15-84 p)
offset_0                -55.12        -0.35         0.49    (15-84 p)


----- dataset: BISdata_expres            ----- model: gp_multidimensional           
rot_amp                   -6.9         -2.1          2.2    (15-84 p)
con_amp                  -0.09        -0.47         0.67    (15-84 p)

----- dataset:  BISdata_harps
jitter_0                  1.80        -0.14         0.19    (15-84 p)
offset_0                -45.14        -0.28         0.42    (15-84 p)
offset_1                -34.95        -0.42         0.59    (15-84 p)


----- dataset: BISdata_harps             ----- model: gp_multidimensional           
rot_amp                    3.8         -1.7          2.8    (15-84 p)
con_amp                   0.58        -0.33         0.53    (15-84 p)

----- dataset:  BISdata_neid
jitter_0                  1.26        -0.14         0.18    (15-84 p)
offset_0                -46.76        -0.29         0.23    (15-84 p)


----- dataset: BISdata_neid              ----- model: gp_multidimensional           
rot_amp                   -1.9         -2.7          1.7    (15-84 p)
con_amp                  -0.21        -0.43         0.26    (15-84 p)

----- dataset:  FWHMdata_expres
jitter_0                  0.72        -0.58         0.80    (15-84 p)
offset_0                6775.0         -2.6          1.3    (15-84 p)


----- dataset: FWHMdata_expres           ----- model: gp_multidimensional           
rot_amp                   -6.4         -2.9          5.5    (15-84 p)
con_amp                   -5.6         -2.8          2.6    (15-84 p)

----- dataset:  FWHMdata_harps
jitter_0                  0.34        -0.25         0.44    (15-84 p)
offset_0               6918.05        -0.63         0.78    (15-84 p)
offset_1                7170.6         -1.0          1.2    (15-84 p)


----- dataset: FWHMdata_harps            ----- model: gp_multidimensional           
rot_amp                    1.1         -3.9          4.7    (15-84 p)
con_amp                   0.27        -0.65         0.88    (15-84 p)

----- dataset:  FWHMdata_neid
jitter_0                  0.45        -0.34         0.52    (15-84 p)
offset_0               6956.54        -0.70         0.79    (15-84 p)


----- dataset: FWHMdata_neid             ----- model: gp_multidimensional           
rot_amp                    3.0         -4.8          4.5    (15-84 p)
con_amp                   0.11        -0.88          1.1    (15-84 p)

----- dataset:  Contrastdata_expres
jitter_0                   196          -18           25    (15-84 p)
offset_0               -349487          -24           26    (15-84 p)


----- dataset: Contrastdata_expres       ----- model: gp_multidimensional           
rot_amp                   -1.4         -7.3          8.0    (15-84 p)
con_amp                 -19.65        -0.31          1.0    (15-84 p)

----- dataset:  Contrastdata_harps
jitter_0                    48          -25           27    (15-84 p)
offset_0               -453755          -18           16    (15-84 p)
offset_1               -419772          -30           27    (15-84 p)


----- dataset: Contrastdata_harps        ----- model: gp_multidimensional           
rot_amp                   -3.6         -5.6          8.9    (15-84 p)
con_amp                  19.73        -0.74         0.25    (15-84 p)

----- dataset:  Contrastdata_neid
jitter_0                    37          -28           32    (15-84 p)
offset_0               -359619          -19           15    (15-84 p)


----- dataset: Contrastdata_neid         ----- model: gp_multidimensional           
rot_amp                    8.1         -5.1          1.7    (15-84 p)
con_amp                   18.6         -3.7          1.2    (15-84 p)

----- dataset:  Halphadata_expres
jitter_0              0.000062    -0.000046     0.000083    (15-84 p)
offset_0               0.17205     -0.00015      0.00019    (15-84 p)


----- dataset: Halphadata_expres         ----- model: gp_multidimensional           
rot_amp               -0.00007     -0.00095       0.0011    (15-84 p)
con_amp                0.00008     -0.00020      0.00026    (15-84 p)

----- dataset:  Halphadata_harps
jitter_0               0.00022     -0.00017      0.00022    (15-84 p)
offset_0               0.17480     -0.00018      0.00030    (15-84 p)
offset_1               0.17423     -0.00025      0.00036    (15-84 p)


----- dataset: Halphadata_harps          ----- model: gp_multidimensional           
rot_amp                 0.0059      -0.0021       0.0024    (15-84 p)
con_amp                0.00040     -0.00029      0.00040    (15-84 p)

----- dataset:  Halphadata_neid
jitter_0              0.000065    -0.000048     0.000087    (15-84 p)
offset_0               0.17116     -0.00013      0.00018    (15-84 p)


----- dataset: Halphadata_neid           ----- model: gp_multidimensional           
rot_amp                0.00091     -0.00099       0.0014    (15-84 p)
con_amp                0.00009     -0.00017      0.00025    (15-84 p)

----- dataset:  CaIIdata_expres
jitter_0               0.00232     -0.00046      0.00050    (15-84 p)
offset_0               0.10081     -0.00059      0.00080    (15-84 p)


----- dataset: CaIIdata_expres           ----- model: gp_multidimensional           
rot_amp                 0.0028      -0.0039       0.0057    (15-84 p)
con_amp                0.00045     -0.00070       0.0012    (15-84 p)

----- dataset:  CaIIdata_harps
jitter_0               0.00053     -0.00042      0.00059    (15-84 p)
offset_0               0.10438     -0.00041      0.00044    (15-84 p)
offset_1               0.10367     -0.00066      0.00071    (15-84 p)


----- dataset: CaIIdata_harps            ----- model: gp_multidimensional           
rot_amp                 0.0009      -0.0026       0.0031    (15-84 p)
con_amp               -0.00017     -0.00048      0.00049    (15-84 p)

----- dataset:  CaIIdata_neid
jitter_0               0.00016     -0.00012      0.00022    (15-84 p)
offset_0               0.09954     -0.00042      0.00049    (15-84 p)


----- dataset: CaIIdata_neid             ----- model: gp_multidimensional           
rot_amp                 0.0013      -0.0030       0.0040    (15-84 p)
con_amp                0.00020     -0.00048      0.00070    (15-84 p)

----- common model:  b
P                        99.81        -0.50         0.17    (15-84 p)
K                         2.29        -0.41         0.32    (15-84 p)
mean_long                  258          -16           14    (15-84 p)
e                        0.221       -0.093         0.10    (15-84 p)
omega                      111         -271           50    (15-84 p)

----- common model:  c
P                       1.3987      -0.0024       0.0031    (15-84 p)
K                         0.40        -0.15         0.11    (15-84 p)
mean_long                  360          -29           24    (15-84 p)
e                        0.093       -0.063        0.078    (15-84 p)
omega                      -71          -63          156    (15-84 p)

----- common model:  d
P                        13.22        -0.62         0.38    (15-84 p)
K                         0.89        -0.25         0.20    (15-84 p)
mean_long                  217          -95           49    (15-84 p)
e                        0.085       -0.059        0.067    (15-84 p)
omega                       -8         -136          164    (15-84 p)

----- common model:  activity
Prot                     28.29        -0.44         0.43    (15-84 p)
Pdec                     30.15        -0.13         0.39    (15-84 p)
Oamp                     0.399       -0.027        0.037    (15-84 p)

----- common model:  star_parameters

====================================================================================================
     Statistics on the derived parameters obtained from the posteriors samples     
====================================================================================================

----- common model:  b
Inclination fixed to 90 deg!
Computing planetary mass under the approximation M_planet << M_star (threshold at 30.0 Me)
a_Rs                     90.51        -0.30         0.11    (15-84 p)
M_Mj                    0.0507      -0.0088       0.0066    (15-84 p)
M_Me                      16.1         -2.8          2.1    (15-84 p)
Tc                     59393.9         -3.2          2.4    (15-84 p)
a_AU_(M)               0.42110      -0.0014      0.00049    (15-84 p)
a_AU_(rho,R)           0.42109      -0.0014      0.00049    (15-84 p)

----- common model:  c
Inclination fixed to 90 deg!
Computing planetary mass under the approximation M_planet << M_star (threshold at 30.0 Me)
a_Rs                    5.2609      -0.0060       0.0078    (15-84 p)
M_Mj                   0.00219     -0.00081      0.00062    (15-84 p)
M_Me                      0.70        -0.26         0.20    (15-84 p)
Tc                   59335.054       -0.099         0.13    (15-84 p)
a_AU_(M)              0.024476    -0.000028     0.000037    (15-84 p)
a_AU_(rho,R)          0.024476    -0.000028     0.000037    (15-84 p)

----- common model:  d
Inclination fixed to 90 deg!
Computing planetary mass under the approximation M_planet << M_star (threshold at 30.0 Me)
a_Rs                     23.51        -0.74         0.45    (15-84 p)
M_Mj                    0.0102      -0.0029       0.0025    (15-84 p)
M_Me                      3.24        -0.92         0.78    (15-84 p)
Tc                     59343.2         -1.8          3.2    (15-84 p)
a_AU_(M)                0.1094      -0.0035       0.0021    (15-84 p)
a_AU_(rho,R)            0.1094      -0.0035       0.0021    (15-84 p)


====================================================================================================
     ------------------------------------------------------------------------------------------     
====================================================================================================



60000.0   steps completed, average lnprob:,  -1279.0374479764102


emcee completed


:::---::: PyORBIT v11.0.1 :::---:::

Python version in use:
3.10.18 (main, Jun  5 2025, 13:14:17) [GCC 11.2.0]
LaTeX disabled by default

Using orbital model:  keplerian
Using orbital parametrization:  Eastman2013

Using orbital model:  keplerian
Using orbital parametrization:  Eastman2013

Using orbital model:  keplerian
Using orbital parametrization:  Eastman2013

gp_multidimensional  S+LEAF model, number of harmonics: 4

GP model: gp_multidimensional  hyperparameters_condition:    True
GP model: gp_multidimensional  rotation_decay_condition:     True

### PyORBIT version used in the analysis:  11.0.1

 emcee version:  3.1.6

 Reference Time Tref: 59334.700184

 Data points:1668
 Dimensions: 96
 Nwalkers:   384
 Steps:      60000


Number of samplings: 115200

Recomputing ln-prior, it may take a while...

ln-probability   distribution:  -1274.74      -10.25     13.05 (15-84 p) 
ln-prior         distribution:   -478.61       -2.74      2.74 (15-84 p) 
ln-likelihood    distribution:   -796.25      -10.66     14.54 (15-84 p) 


*** Information criteria using the likelihood distribution

 BIC from distribution  (using likelihood)  =   2304.76    -29.09   21.31 (15-84 p)
 AIC from distribution  (using likelihood)  =   1784.50    -29.09   21.31 (15-84 p)
 AICc from distribution (using likelihood)  =   1796.36    -29.09   21.31 (15-84 p)


*** Information criteria using the median parameter set

 ln_probability of Median solution =  -1232.52
 ln_priors of Median solution      =   -474.82
 ln_likelihood of Median solution  =   -757.70

 Median BIC  (using likelihood) =   2227.66
 Median AIC  (using likelihood) =   1707.40
 Median AICc (using likelihood) =   1719.25


*** Information criteria using the MAP parameter set

 ln_probability of MAP solution =  -1219.81
 ln_priors of MAP solution      =   -479.73
 ln_likelihood of MAP solution  =   -740.08

 MAP BIC  (using likelihood)    =   2192.42
 MAP AIC  (using likelihood)    =   1672.16
 MAP AICc (using likelihood)    =   1684.01

 AICc suggested over AIC because NDATA ( 1668 ) < 40 * NDIM ( 96 )

****************************************************************************************************


Computing the autocorrelation time of the chains

***** WARNING ******
The integrated autocorrelation time cannot be reliably estimated
likely the chains are too short, and ACF analysis is not fully reliable
emcee.autocorr.integrated_time tolerance lowered to 20
If you still get a warning, you should drop these results entirely
Chains too short to apply convergence criteria
They should be at least 2650*nthin = 397500

 ACF computation failed, no plot will be generated 


====================================================================================================
     Ids, spaces (s), boundaries (b) and priors (p) of the sampler parameters     
====================================================================================================

----- dataset:  RVdata_expres
jitter_0      id:  18  s:Linear      b:[      0.0010,      11.5000]   p:Uniform   []
offset_0      id:  19  s:Linear      b:[  -9997.8210,   10014.4770]   p:Uniform   []

----- dataset: RVdata_expres             ----- model: gp_multidimensional           
rot_amp       id:  20  s:Linear      b:[      0.0000,      10.0000]   p:Uniform   []
con_amp       id:  21  s:Linear      b:[    -20.0000,      20.0000]   p:Uniform   []

----- dataset:  RVdata_harps
jitter_0      id:  22  s:Linear      b:[      0.0009,      13.3000]   p:Uniform   []
offset_0      id:  23  s:Linear      b:[  -9996.1123,   10015.3455]   p:Uniform   []
offset_1      id:  24  s:Linear      b:[  -9996.1123,   10015.3455]   p:Uniform   []

----- dataset: RVdata_harps              ----- model: gp_multidimensional           
rot_amp       id:  25  s:Linear      b:[      0.0000,      10.0000]   p:Uniform   []
con_amp       id:  26  s:Linear      b:[    -20.0000,      20.0000]   p:Uniform   []

----- dataset:  RVdata_neid
jitter_0      id:  27  s:Linear      b:[      0.0010,      12.2000]   p:Uniform   []
offset_0      id:  28  s:Linear      b:[  -9996.9356,   10015.5004]   p:Uniform   []

----- dataset: RVdata_neid               ----- model: gp_multidimensional           
rot_amp       id:  29  s:Linear      b:[      0.0000,      10.0000]   p:Uniform   []
con_amp       id:  30  s:Linear      b:[    -20.0000,      20.0000]   p:Uniform   []

----- dataset:  BISdata_expres
jitter_0      id:  31  s:Linear      b:[      0.0095,      95.0000]   p:Uniform   []
offset_0      id:  32  s:Linear      b:[ -10060.1333,    9951.3667]   p:Uniform   []

----- dataset: BISdata_expres            ----- model: gp_multidimensional           
rot_amp       id:  33  s:Linear      b:[    -10.0000,      10.0000]   p:Uniform   []
con_amp       id:  34  s:Linear      b:[    -20.0000,      20.0000]   p:Uniform   []

----- dataset:  BISdata_harps
jitter_0      id:  35  s:Linear      b:[      0.0095,      95.0000]   p:Uniform   []
offset_0      id:  36  s:Linear      b:[ -10051.0000,    9968.9000]   p:Uniform   []
offset_1      id:  37  s:Linear      b:[ -10051.0000,    9968.9000]   p:Uniform   []

----- dataset: BISdata_harps             ----- model: gp_multidimensional           
rot_amp       id:  38  s:Linear      b:[    -10.0000,      10.0000]   p:Uniform   []
con_amp       id:  39  s:Linear      b:[    -20.0000,      20.0000]   p:Uniform   []

----- dataset:  BISdata_neid
jitter_0      id:  40  s:Linear      b:[      0.0095,      95.0000]   p:Uniform   []
offset_0      id:  41  s:Linear      b:[ -10050.5333,    9956.3333]   p:Uniform   []

----- dataset: BISdata_neid              ----- model: gp_multidimensional           
rot_amp       id:  42  s:Linear      b:[    -10.0000,      10.0000]   p:Uniform   []
con_amp       id:  43  s:Linear      b:[    -20.0000,      20.0000]   p:Uniform   []

----- dataset:  FWHMdata_expres
jitter_0      id:  44  s:Linear      b:[      0.0500,     500.0000]   p:Uniform   []
offset_0      id:  45  s:Linear      b:[  -3231.7588,   16789.2005]   p:Uniform   []

----- dataset: FWHMdata_expres           ----- model: gp_multidimensional           
rot_amp       id:  46  s:Linear      b:[    -10.0000,      10.0000]   p:Uniform   []
con_amp       id:  47  s:Linear      b:[    -20.0000,      20.0000]   p:Uniform   []

----- dataset:  FWHMdata_harps
jitter_0      id:  48  s:Linear      b:[      0.0500,     500.0000]   p:Uniform   []
offset_0      id:  49  s:Linear      b:[  -3087.6615,   17176.8324]   p:Uniform   []
offset_1      id:  50  s:Linear      b:[  -3087.6615,   17176.8324]   p:Uniform   []

----- dataset: FWHMdata_harps            ----- model: gp_multidimensional           
rot_amp       id:  51  s:Linear      b:[    -10.0000,      10.0000]   p:Uniform   []
con_amp       id:  52  s:Linear      b:[    -20.0000,      20.0000]   p:Uniform   []

----- dataset:  FWHMdata_neid
jitter_0      id:  53  s:Linear      b:[      0.0500,     500.0000]   p:Uniform   []
offset_0      id:  54  s:Linear      b:[  -3049.2567,   16963.7765]   p:Uniform   []

----- dataset: FWHMdata_neid             ----- model: gp_multidimensional           
rot_amp       id:  55  s:Linear      b:[    -10.0000,      10.0000]   p:Uniform   []
con_amp       id:  56  s:Linear      b:[    -20.0000,      20.0000]   p:Uniform   []

----- dataset:  Contrastdata_expres
jitter_0      id:  57  s:Linear      b:[      1.3000,   13000.0000]   p:Uniform   []
offset_0      id:  58  s:Linear      b:[-359991.0269, -338869.5199]   p:Uniform   []

----- dataset: Contrastdata_expres       ----- model: gp_multidimensional           
rot_amp       id:  59  s:Linear      b:[    -10.0000,      10.0000]   p:Uniform   []
con_amp       id:  60  s:Linear      b:[    -20.0000,      20.0000]   p:Uniform   []

----- dataset:  Contrastdata_harps
jitter_0      id:  61  s:Linear      b:[      1.3000,   13000.0000]   p:Uniform   []
offset_0      id:  62  s:Linear      b:[-464166.0273, -409520.9338]   p:Uniform   []
offset_1      id:  63  s:Linear      b:[-464166.0273, -409520.9338]   p:Uniform   []

----- dataset: Contrastdata_harps        ----- model: gp_multidimensional           
rot_amp       id:  64  s:Linear      b:[    -10.0000,      10.0000]   p:Uniform   []
con_amp       id:  65  s:Linear      b:[    -20.0000,      20.0000]   p:Uniform   []

----- dataset:  Contrastdata_neid
jitter_0      id:  66  s:Linear      b:[      1.3000,   13000.0000]   p:Uniform   []
offset_0      id:  67  s:Linear      b:[-369911.9286, -349262.2437]   p:Uniform   []

----- dataset: Contrastdata_neid         ----- model: gp_multidimensional           
rot_amp       id:  68  s:Linear      b:[    -10.0000,      10.0000]   p:Uniform   []
con_amp       id:  69  s:Linear      b:[    -20.0000,      20.0000]   p:Uniform   []

----- dataset:  Halphadata_expres
jitter_0      id:  70  s:Linear      b:[      0.0000,       0.1000]   p:Uniform   []
offset_0      id:  71  s:Linear      b:[  -9999.8287,   10000.1727]   p:Uniform   []

----- dataset: Halphadata_expres         ----- model: gp_multidimensional           
rot_amp       id:  72  s:Linear      b:[    -10.0000,      10.0000]   p:Uniform   []
con_amp       id:  73  s:Linear      b:[    -20.0000,      20.0000]   p:Uniform   []

----- dataset:  Halphadata_harps
jitter_0      id:  74  s:Linear      b:[      0.0000,       0.1000]   p:Uniform   []
offset_0      id:  75  s:Linear      b:[  -9999.8281,   10000.1780]   p:Uniform   []
offset_1      id:  76  s:Linear      b:[  -9999.8281,   10000.1780]   p:Uniform   []

----- dataset: Halphadata_harps          ----- model: gp_multidimensional           
rot_amp       id:  77  s:Linear      b:[    -10.0000,      10.0000]   p:Uniform   []
con_amp       id:  78  s:Linear      b:[    -20.0000,      20.0000]   p:Uniform   []

----- dataset:  Halphadata_neid
jitter_0      id:  79  s:Linear      b:[      0.0000,       0.1000]   p:Uniform   []
offset_0      id:  80  s:Linear      b:[  -9999.8297,   10000.1720]   p:Uniform   []

----- dataset: Halphadata_neid           ----- model: gp_multidimensional           
rot_amp       id:  81  s:Linear      b:[    -10.0000,      10.0000]   p:Uniform   []
con_amp       id:  82  s:Linear      b:[    -20.0000,      20.0000]   p:Uniform   []

----- dataset:  CaIIdata_expres
jitter_0      id:  83  s:Linear      b:[      0.0000,       0.3000]   p:Uniform   []
offset_0      id:  84  s:Linear      b:[  -9999.9113,   10000.1104]   p:Uniform   []

----- dataset: CaIIdata_expres           ----- model: gp_multidimensional           
rot_amp       id:  85  s:Linear      b:[    -10.0000,      10.0000]   p:Uniform   []
con_amp       id:  86  s:Linear      b:[    -20.0000,      20.0000]   p:Uniform   []

----- dataset:  CaIIdata_harps
jitter_0      id:  87  s:Linear      b:[      0.0000,       0.3000]   p:Uniform   []
offset_0      id:  88  s:Linear      b:[  -9999.9112,   10000.1133]   p:Uniform   []
offset_1      id:  89  s:Linear      b:[  -9999.9112,   10000.1133]   p:Uniform   []

----- dataset: CaIIdata_harps            ----- model: gp_multidimensional           
rot_amp       id:  90  s:Linear      b:[    -10.0000,      10.0000]   p:Uniform   []
con_amp       id:  91  s:Linear      b:[    -20.0000,      20.0000]   p:Uniform   []

----- dataset:  CaIIdata_neid
jitter_0      id:  92  s:Linear      b:[      0.0000,       0.3000]   p:Uniform   []
offset_0      id:  93  s:Linear      b:[  -9999.9013,   10000.1001]   p:Uniform   []

----- dataset: CaIIdata_neid             ----- model: gp_multidimensional           
rot_amp       id:  94  s:Linear      b:[    -10.0000,      10.0000]   p:Uniform   []
con_amp       id:  95  s:Linear      b:[    -20.0000,      20.0000]   p:Uniform   []

----- common model:  b
P             id:   0  s:Log_Base2   b:[      0.3785,       6.6439]   p:Uniform   []
K             id:   1  s:Log_Base2   b:[     -9.9658,       3.3219]   p:Uniform   []
sre_coso      id:   2  s:Linear      b:[     -1.0000,       1.0000]   p:Uniform   []
sre_sino      id:   3  s:Linear      b:[     -1.0000,       1.0000]   p:Uniform   []
mean_long     id:   4  s:Linear      b:[     92.2760,     452.2760]   p:Uniform   []
e             derived (no id, space, bound)                           p:Gaussian   [0.    0.098]
omega         derived (no id, space, bound)                           p:Uniform   [0.0, 360.0]

----- common model:  c
P             id:   5  s:Log_Base2   b:[      0.3785,       6.6439]   p:Uniform   []
K             id:   6  s:Log_Base2   b:[     -9.9658,       3.3219]   p:Uniform   []
sre_coso      id:   7  s:Linear      b:[     -1.0000,       1.0000]   p:Uniform   []
sre_sino      id:   8  s:Linear      b:[     -1.0000,       1.0000]   p:Uniform   []
mean_long     id:   9  s:Linear      b:[    179.9422,     539.9422]   p:Uniform   []
e             derived (no id, space, bound)                           p:Gaussian   [0.    0.098]
omega         derived (no id, space, bound)                           p:Uniform   [0.0, 360.0]

----- common model:  d
P             id:  10  s:Log_Base2   b:[      0.3785,       6.6439]   p:Uniform   []
K             id:  11  s:Log_Base2   b:[     -9.9658,       3.3219]   p:Uniform   []
sre_coso      id:  12  s:Linear      b:[     -1.0000,       1.0000]   p:Uniform   []
sre_sino      id:  13  s:Linear      b:[     -1.0000,       1.0000]   p:Uniform   []
mean_long     id:  14  s:Linear      b:[    -59.8645,     300.1355]   p:Uniform   []
e             derived (no id, space, bound)                           p:Gaussian   [0.    0.098]
omega         derived (no id, space, bound)                           p:Uniform   [0.0, 360.0]

----- common model:  activity
Prot          id:  15  s:Linear      b:[     20.0000,      35.0000]   p:Gaussian   [28.   0.5]
Pdec          id:  16  s:Linear      b:[     30.0000,    1000.0000]   p:Uniform   []
Oamp          id:  17  s:Log_Base2   b:[     -6.6439,       0.0000]   p:Gaussian   [0.35  0.035]

----- common model:  star_parameters
mass          derived (no id, space, bound)                           p:Gaussian   [1.e+00 1.e-06]
radius        derived (no id, space, bound)                           p:Gaussian   [1.e+00 1.e-06]
density       derived (no id, space, bound)                           p:Gaussian   [1.e+00 1.e-06]


****************************************************************************************************
****************************************************************************************************

 Confidence intervals (median value, 34.135th percentile from the median on the left and right side)

====================================================================================================
     Statistics on the posterior of the sampler parameters     
====================================================================================================

----- dataset:  RVdata_expres
jitter_0        18         0.972       -0.078        0.088   (15-84 p)   [    0.0010,    11.5000]
offset_0        19          9.38        -0.95          2.2   (15-84 p)   [-9997.8210, 10014.4770]

----- dataset: RVdata_expres             ----- model: gp_multidimensional           
rot_amp         20           4.4         -1.6          2.4   (15-84 p)   [    0.0000,    10.0000]
con_amp         21           5.3         -2.5          2.1   (15-84 p)   [  -20.0000,    20.0000]

----- dataset:  RVdata_harps
jitter_0        22         1.025       -0.083        0.100   (15-84 p)   [    0.0009,    13.3000]
offset_0        23          9.23        -0.55          1.3   (15-84 p)   [-9996.1123, 10015.3455]
offset_1        24          9.86        -0.62          1.3   (15-84 p)   [-9996.1123, 10015.3455]

----- dataset: RVdata_harps              ----- model: gp_multidimensional           
rot_amp         25         0.035       -0.033         0.11   (15-84 p)   [    0.0000,    10.0000]
con_amp         26           3.2         -1.5          1.3   (15-84 p)   [  -20.0000,    20.0000]

----- dataset:  RVdata_neid
jitter_0        27         1.130       -0.087         0.13   (15-84 p)   [    0.0010,    12.2000]
offset_0        28         10.05        -0.69          1.6   (15-84 p)   [-9996.9356, 10015.5004]

----- dataset: RVdata_neid               ----- model: gp_multidimensional           
rot_amp         29           5.5         -1.6          2.3   (15-84 p)   [    0.0000,    10.0000]
con_amp         30           4.0         -1.9          1.5   (15-84 p)   [  -20.0000,    20.0000]

----- dataset:  BISdata_expres
jitter_0        31          2.14        -0.17         0.25   (15-84 p)   [    0.0095,    95.0000]
offset_0        32        -55.12        -0.35         0.49   (15-84 p)   [-10060.1333,  9951.3667]

----- dataset: BISdata_expres            ----- model: gp_multidimensional           
rot_amp         33          -6.9         -2.1          2.2   (15-84 p)   [  -10.0000,    10.0000]
con_amp         34         -0.09        -0.47         0.67   (15-84 p)   [  -20.0000,    20.0000]

----- dataset:  BISdata_harps
jitter_0        35          1.80        -0.14         0.19   (15-84 p)   [    0.0095,    95.0000]
offset_0        36        -45.14        -0.28         0.42   (15-84 p)   [-10051.0000,  9968.9000]
offset_1        37        -34.95        -0.42         0.59   (15-84 p)   [-10051.0000,  9968.9000]

----- dataset: BISdata_harps             ----- model: gp_multidimensional           
rot_amp         38           3.8         -1.7          2.8   (15-84 p)   [  -10.0000,    10.0000]
con_amp         39          0.58        -0.33         0.53   (15-84 p)   [  -20.0000,    20.0000]

----- dataset:  BISdata_neid
jitter_0        40          1.26        -0.14         0.18   (15-84 p)   [    0.0095,    95.0000]
offset_0        41        -46.76        -0.29         0.23   (15-84 p)   [-10050.5333,  9956.3333]

----- dataset: BISdata_neid              ----- model: gp_multidimensional           
rot_amp         42          -1.9         -2.7          1.7   (15-84 p)   [  -10.0000,    10.0000]
con_amp         43         -0.21        -0.43         0.26   (15-84 p)   [  -20.0000,    20.0000]

----- dataset:  FWHMdata_expres
jitter_0        44          0.72        -0.58         0.80   (15-84 p)   [    0.0500,   500.0000]
offset_0        45        6775.0         -2.6          1.3   (15-84 p)   [-3231.7588, 16789.2005]

----- dataset: FWHMdata_expres           ----- model: gp_multidimensional           
rot_amp         46          -6.4         -2.9          5.5   (15-84 p)   [  -10.0000,    10.0000]
con_amp         47          -5.6         -2.8          2.6   (15-84 p)   [  -20.0000,    20.0000]

----- dataset:  FWHMdata_harps
jitter_0        48          0.34        -0.25         0.44   (15-84 p)   [    0.0500,   500.0000]
offset_0        49       6918.05        -0.63         0.78   (15-84 p)   [-3087.6615, 17176.8324]
offset_1        50        7170.6         -1.0          1.2   (15-84 p)   [-3087.6615, 17176.8324]

----- dataset: FWHMdata_harps            ----- model: gp_multidimensional           
rot_amp         51           1.1         -3.9          4.7   (15-84 p)   [  -10.0000,    10.0000]
con_amp         52          0.27        -0.65         0.88   (15-84 p)   [  -20.0000,    20.0000]

----- dataset:  FWHMdata_neid
jitter_0        53          0.45        -0.34         0.52   (15-84 p)   [    0.0500,   500.0000]
offset_0        54       6956.54        -0.70         0.79   (15-84 p)   [-3049.2567, 16963.7765]

----- dataset: FWHMdata_neid             ----- model: gp_multidimensional           
rot_amp         55           3.0         -4.8          4.5   (15-84 p)   [  -10.0000,    10.0000]
con_amp         56          0.11        -0.88          1.1   (15-84 p)   [  -20.0000,    20.0000]

----- dataset:  Contrastdata_expres
jitter_0        57           196          -18           25   (15-84 p)   [    1.3000, 13000.0000]
offset_0        58       -349487          -24           26   (15-84 p)   [-359991.0269, -338869.5199]

----- dataset: Contrastdata_expres       ----- model: gp_multidimensional           
rot_amp         59          -1.4         -7.3          8.0   (15-84 p)   [  -10.0000,    10.0000]
con_amp         60        -19.65        -0.31          1.0   (15-84 p)   [  -20.0000,    20.0000]

----- dataset:  Contrastdata_harps
jitter_0        61            48          -25           27   (15-84 p)   [    1.3000, 13000.0000]
offset_0        62       -453755          -18           16   (15-84 p)   [-464166.0273, -409520.9338]
offset_1        63       -419772          -30           27   (15-84 p)   [-464166.0273, -409520.9338]

----- dataset: Contrastdata_harps        ----- model: gp_multidimensional           
rot_amp         64          -3.6         -5.6          8.9   (15-84 p)   [  -10.0000,    10.0000]
con_amp         65         19.73        -0.74         0.25   (15-84 p)   [  -20.0000,    20.0000]

----- dataset:  Contrastdata_neid
jitter_0        66            37          -28           32   (15-84 p)   [    1.3000, 13000.0000]
offset_0        67       -359619          -19           15   (15-84 p)   [-369911.9286, -349262.2437]

----- dataset: Contrastdata_neid         ----- model: gp_multidimensional           
rot_amp         68           8.1         -5.1          1.7   (15-84 p)   [  -10.0000,    10.0000]
con_amp         69          18.6         -3.7          1.2   (15-84 p)   [  -20.0000,    20.0000]

----- dataset:  Halphadata_expres
jitter_0        70      0.000062    -0.000046     0.000083   (15-84 p)   [    0.0000,     0.1000]
offset_0        71       0.17205     -0.00015      0.00019   (15-84 p)   [-9999.8287, 10000.1727]

----- dataset: Halphadata_expres         ----- model: gp_multidimensional           
rot_amp         72      -0.00007     -0.00095       0.0011   (15-84 p)   [  -10.0000,    10.0000]
con_amp         73       0.00008     -0.00020      0.00026   (15-84 p)   [  -20.0000,    20.0000]

----- dataset:  Halphadata_harps
jitter_0        74       0.00022     -0.00017      0.00022   (15-84 p)   [    0.0000,     0.1000]
offset_0        75       0.17480     -0.00018      0.00030   (15-84 p)   [-9999.8281, 10000.1780]
offset_1        76       0.17423     -0.00025      0.00036   (15-84 p)   [-9999.8281, 10000.1780]

----- dataset: Halphadata_harps          ----- model: gp_multidimensional           
rot_amp         77        0.0059      -0.0021       0.0024   (15-84 p)   [  -10.0000,    10.0000]
con_amp         78       0.00040     -0.00029      0.00040   (15-84 p)   [  -20.0000,    20.0000]

----- dataset:  Halphadata_neid
jitter_0        79      0.000065    -0.000048     0.000087   (15-84 p)   [    0.0000,     0.1000]
offset_0        80       0.17116     -0.00013      0.00018   (15-84 p)   [-9999.8297, 10000.1720]

----- dataset: Halphadata_neid           ----- model: gp_multidimensional           
rot_amp         81       0.00091     -0.00099       0.0014   (15-84 p)   [  -10.0000,    10.0000]
con_amp         82       0.00009     -0.00017      0.00025   (15-84 p)   [  -20.0000,    20.0000]

----- dataset:  CaIIdata_expres
jitter_0        83       0.00232     -0.00046      0.00050   (15-84 p)   [    0.0000,     0.3000]
offset_0        84       0.10081     -0.00059      0.00080   (15-84 p)   [-9999.9113, 10000.1104]

----- dataset: CaIIdata_expres           ----- model: gp_multidimensional           
rot_amp         85        0.0028      -0.0039       0.0057   (15-84 p)   [  -10.0000,    10.0000]
con_amp         86       0.00045     -0.00070       0.0012   (15-84 p)   [  -20.0000,    20.0000]

----- dataset:  CaIIdata_harps
jitter_0        87       0.00053     -0.00042      0.00059   (15-84 p)   [    0.0000,     0.3000]
offset_0        88       0.10438     -0.00041      0.00044   (15-84 p)   [-9999.9112, 10000.1133]
offset_1        89       0.10367     -0.00066      0.00071   (15-84 p)   [-9999.9112, 10000.1133]

----- dataset: CaIIdata_harps            ----- model: gp_multidimensional           
rot_amp         90        0.0009      -0.0026       0.0031   (15-84 p)   [  -10.0000,    10.0000]
con_amp         91      -0.00017     -0.00048      0.00049   (15-84 p)   [  -20.0000,    20.0000]

----- dataset:  CaIIdata_neid
jitter_0        92       0.00016     -0.00012      0.00022   (15-84 p)   [    0.0000,     0.3000]
offset_0        93       0.09954     -0.00042      0.00049   (15-84 p)   [-9999.9013, 10000.1001]

----- dataset: CaIIdata_neid             ----- model: gp_multidimensional           
rot_amp         94        0.0013      -0.0030       0.0040   (15-84 p)   [  -10.0000,    10.0000]
con_amp         95       0.00020     -0.00048      0.00070   (15-84 p)   [  -20.0000,    20.0000]

----- common model:  b
P                0        6.6411      -0.0072       0.0025   (15-84 p)   [    0.3785,     6.6439]
K                1          1.19        -0.29         0.19   (15-84 p)   [   -9.9658,     3.3219]
sre_coso         2         -0.39        -0.13         0.22   (15-84 p)   [   -1.0000,     1.0000]
sre_sino         3          0.10        -0.31         0.25   (15-84 p)   [   -1.0000,     1.0000]
mean_long        4           258          -16           14   (15-84 p)   [   92.2760,   452.2760]

----- common model:  c
P                5        0.4841      -0.0025       0.0032   (15-84 p)   [    0.3785,     6.6439]
K                6         -1.32        -0.67         0.36   (15-84 p)   [   -9.9658,     3.3219]
sre_coso         7         -0.02        -0.22         0.22   (15-84 p)   [   -1.0000,     1.0000]
sre_sino         8         -0.15        -0.17         0.26   (15-84 p)   [   -1.0000,     1.0000]
mean_long        9           360          -29           24   (15-84 p)   [  179.9422,   539.9422]

----- common model:  d
P               10         3.724       -0.069        0.041   (15-84 p)   [    0.3785,     6.6439]
K               11         -0.17        -0.48         0.30   (15-84 p)   [   -9.9658,     3.3219]
sre_coso        12         -0.14        -0.18         0.26   (15-84 p)   [   -1.0000,     1.0000]
sre_sino        13         -0.01        -0.23         0.18   (15-84 p)   [   -1.0000,     1.0000]
mean_long       14           217          -95           49   (15-84 p)   [  -59.8645,   300.1355]

----- common model:  activity
Prot            15         28.29        -0.44         0.43   (15-84 p)   [   20.0000,    35.0000]
Pdec            16         30.15        -0.13         0.39   (15-84 p)   [   30.0000,  1000.0000]
Oamp            17         -1.33        -0.10         0.13   (15-84 p)   [   -6.6439,     0.0000]

----- common model:  star_parameters

====================================================================================================
     Statistics on the model parameters obtained from the posteriors samples     
====================================================================================================

----- dataset:  RVdata_expres
jitter_0                 0.972       -0.078        0.088    (15-84 p)
offset_0                  9.38        -0.95          2.2    (15-84 p)


----- dataset: RVdata_expres             ----- model: gp_multidimensional           
rot_amp                    4.4         -1.6          2.4    (15-84 p)
con_amp                    5.3         -2.5          2.1    (15-84 p)

----- dataset:  RVdata_harps
jitter_0                 1.025       -0.083        0.100    (15-84 p)
offset_0                  9.23        -0.55          1.3    (15-84 p)
offset_1                  9.86        -0.62          1.3    (15-84 p)


----- dataset: RVdata_harps              ----- model: gp_multidimensional           
rot_amp                  0.035       -0.033         0.11    (15-84 p)
con_amp                    3.2         -1.5          1.3    (15-84 p)

----- dataset:  RVdata_neid
jitter_0                 1.130       -0.087         0.13    (15-84 p)
offset_0                 10.05        -0.69          1.6    (15-84 p)


----- dataset: RVdata_neid               ----- model: gp_multidimensional           
rot_amp                    5.5         -1.6          2.3    (15-84 p)
con_amp                    4.0         -1.9          1.5    (15-84 p)

----- dataset:  BISdata_expres
jitter_0                  2.14        -0.17         0.25    (15-84 p)
offset_0                -55.12        -0.35         0.49    (15-84 p)


----- dataset: BISdata_expres            ----- model: gp_multidimensional           
rot_amp                   -6.9         -2.1          2.2    (15-84 p)
con_amp                  -0.09        -0.47         0.67    (15-84 p)

----- dataset:  BISdata_harps
jitter_0                  1.80        -0.14         0.19    (15-84 p)
offset_0                -45.14        -0.28         0.42    (15-84 p)
offset_1                -34.95        -0.42         0.59    (15-84 p)


----- dataset: BISdata_harps             ----- model: gp_multidimensional           
rot_amp                    3.8         -1.7          2.8    (15-84 p)
con_amp                   0.58        -0.33         0.53    (15-84 p)

----- dataset:  BISdata_neid
jitter_0                  1.26        -0.14         0.18    (15-84 p)
offset_0                -46.76        -0.29         0.23    (15-84 p)


----- dataset: BISdata_neid              ----- model: gp_multidimensional           
rot_amp                   -1.9         -2.7          1.7    (15-84 p)
con_amp                  -0.21        -0.43         0.26    (15-84 p)

----- dataset:  FWHMdata_expres
jitter_0                  0.72        -0.58         0.80    (15-84 p)
offset_0                6775.0         -2.6          1.3    (15-84 p)


----- dataset: FWHMdata_expres           ----- model: gp_multidimensional           
rot_amp                   -6.4         -2.9          5.5    (15-84 p)
con_amp                   -5.6         -2.8          2.6    (15-84 p)

----- dataset:  FWHMdata_harps
jitter_0                  0.34        -0.25         0.44    (15-84 p)
offset_0               6918.05        -0.63         0.78    (15-84 p)
offset_1                7170.6         -1.0          1.2    (15-84 p)


----- dataset: FWHMdata_harps            ----- model: gp_multidimensional           
rot_amp                    1.1         -3.9          4.7    (15-84 p)
con_amp                   0.27        -0.65         0.88    (15-84 p)

----- dataset:  FWHMdata_neid
jitter_0                  0.45        -0.34         0.52    (15-84 p)
offset_0               6956.54        -0.70         0.79    (15-84 p)


----- dataset: FWHMdata_neid             ----- model: gp_multidimensional           
rot_amp                    3.0         -4.8          4.5    (15-84 p)
con_amp                   0.11        -0.88          1.1    (15-84 p)

----- dataset:  Contrastdata_expres
jitter_0                   196          -18           25    (15-84 p)
offset_0               -349487          -24           26    (15-84 p)


----- dataset: Contrastdata_expres       ----- model: gp_multidimensional           
rot_amp                   -1.4         -7.3          8.0    (15-84 p)
con_amp                 -19.65        -0.31          1.0    (15-84 p)

----- dataset:  Contrastdata_harps
jitter_0                    48          -25           27    (15-84 p)
offset_0               -453755          -18           16    (15-84 p)
offset_1               -419772          -30           27    (15-84 p)


----- dataset: Contrastdata_harps        ----- model: gp_multidimensional           
rot_amp                   -3.6         -5.6          8.9    (15-84 p)
con_amp                  19.73        -0.74         0.25    (15-84 p)

----- dataset:  Contrastdata_neid
jitter_0                    37          -28           32    (15-84 p)
offset_0               -359619          -19           15    (15-84 p)


----- dataset: Contrastdata_neid         ----- model: gp_multidimensional           
rot_amp                    8.1         -5.1          1.7    (15-84 p)
con_amp                   18.6         -3.7          1.2    (15-84 p)

----- dataset:  Halphadata_expres
jitter_0              0.000062    -0.000046     0.000083    (15-84 p)
offset_0               0.17205     -0.00015      0.00019    (15-84 p)


----- dataset: Halphadata_expres         ----- model: gp_multidimensional           
rot_amp               -0.00007     -0.00095       0.0011    (15-84 p)
con_amp                0.00008     -0.00020      0.00026    (15-84 p)

----- dataset:  Halphadata_harps
jitter_0               0.00022     -0.00017      0.00022    (15-84 p)
offset_0               0.17480     -0.00018      0.00030    (15-84 p)
offset_1               0.17423     -0.00025      0.00036    (15-84 p)


----- dataset: Halphadata_harps          ----- model: gp_multidimensional           
rot_amp                 0.0059      -0.0021       0.0024    (15-84 p)
con_amp                0.00040     -0.00029      0.00040    (15-84 p)

----- dataset:  Halphadata_neid
jitter_0              0.000065    -0.000048     0.000087    (15-84 p)
offset_0               0.17116     -0.00013      0.00018    (15-84 p)


----- dataset: Halphadata_neid           ----- model: gp_multidimensional           
rot_amp                0.00091     -0.00099       0.0014    (15-84 p)
con_amp                0.00009     -0.00017      0.00025    (15-84 p)

----- dataset:  CaIIdata_expres
jitter_0               0.00232     -0.00046      0.00050    (15-84 p)
offset_0               0.10081     -0.00059      0.00080    (15-84 p)


----- dataset: CaIIdata_expres           ----- model: gp_multidimensional           
rot_amp                 0.0028      -0.0039       0.0057    (15-84 p)
con_amp                0.00045     -0.00070       0.0012    (15-84 p)

----- dataset:  CaIIdata_harps
jitter_0               0.00053     -0.00042      0.00059    (15-84 p)
offset_0               0.10438     -0.00041      0.00044    (15-84 p)
offset_1               0.10367     -0.00066      0.00071    (15-84 p)


----- dataset: CaIIdata_harps            ----- model: gp_multidimensional           
rot_amp                 0.0009      -0.0026       0.0031    (15-84 p)
con_amp               -0.00017     -0.00048      0.00049    (15-84 p)

----- dataset:  CaIIdata_neid
jitter_0               0.00016     -0.00012      0.00022    (15-84 p)
offset_0               0.09954     -0.00042      0.00049    (15-84 p)


----- dataset: CaIIdata_neid             ----- model: gp_multidimensional           
rot_amp                 0.0013      -0.0030       0.0040    (15-84 p)
con_amp                0.00020     -0.00048      0.00070    (15-84 p)

----- common model:  b
P                        99.81        -0.50         0.17    (15-84 p)
K                         2.29        -0.41         0.32    (15-84 p)
mean_long                  258          -16           14    (15-84 p)
e                        0.221       -0.093         0.10    (15-84 p)
omega                     -194          -46           37    (15-84 p)

----- common model:  c
P                       1.3987      -0.0024       0.0031    (15-84 p)
K                         0.40        -0.15         0.11    (15-84 p)
mean_long                  360          -29           24    (15-84 p)
e                        0.093       -0.063        0.078    (15-84 p)
omega                      -96          -84           81    (15-84 p)

----- common model:  d
P                        13.22        -0.62         0.38    (15-84 p)
K                         0.89        -0.25         0.20    (15-84 p)
mean_long                  217          -95           49    (15-84 p)
e                        0.085       -0.059        0.067    (15-84 p)
omega                      175          -85           90    (15-84 p)

----- common model:  activity
Prot                     28.29        -0.44         0.43    (15-84 p)
Pdec                     30.15        -0.13         0.39    (15-84 p)
Oamp                     0.399       -0.027        0.037    (15-84 p)

----- common model:  star_parameters

====================================================================================================
     Statistics on the derived parameters obtained from the posteriors samples     
====================================================================================================

----- common model:  b
Inclination fixed to 90 deg!
Computing planetary mass under the approximation M_planet << M_star (threshold at 30.0 Me)
a_Rs                     90.51        -0.30         0.11    (15-84 p)
M_Mj                    0.0507      -0.0088       0.0066    (15-84 p)
M_Me                      16.1         -2.8          2.1    (15-84 p)
Tc                     59393.9         -3.2          2.4    (15-84 p)
a_AU_(M)               0.42110      -0.0014      0.00049    (15-84 p)
a_AU_(rho,R)           0.42109      -0.0014      0.00049    (15-84 p)

----- common model:  c
Inclination fixed to 90 deg!
Computing planetary mass under the approximation M_planet << M_star (threshold at 30.0 Me)
a_Rs                    5.2609      -0.0060       0.0078    (15-84 p)
M_Mj                   0.00219     -0.00081      0.00062    (15-84 p)
M_Me                      0.70        -0.26         0.20    (15-84 p)
Tc                   59335.054       -0.099         0.13    (15-84 p)
a_AU_(M)              0.024476    -0.000028     0.000037    (15-84 p)
a_AU_(rho,R)          0.024476    -0.000028     0.000037    (15-84 p)

----- common model:  d
Inclination fixed to 90 deg!
Computing planetary mass under the approximation M_planet << M_star (threshold at 30.0 Me)
a_Rs                     23.51        -0.74         0.45    (15-84 p)
M_Mj                    0.0102      -0.0029       0.0025    (15-84 p)
M_Me                      3.24        -0.92         0.78    (15-84 p)
Tc                     59343.2         -1.8          3.2    (15-84 p)
a_AU_(M)                0.1094      -0.0035       0.0021    (15-84 p)
a_AU_(rho,R)            0.1094      -0.0035       0.0021    (15-84 p)


====================================================================================================
     ------------------------------------------------------------------------------------------     
====================================================================================================



****************************************************************************************************

 Parameters corresponding to the Maximum a Posteriori probability ( -1219.8067280114565 )

====================================================================================================
     Statistics on the posterior of the sampler parameters     
====================================================================================================

----- dataset:  RVdata_expres
jitter_0        18      0.972720 [    0.0010,    11.5000]
offset_0        19      8.830597 [-9997.8210, 10014.4770]

----- dataset: RVdata_expres             ----- model: gp_multidimensional           
rot_amp         20      3.766774 [    0.0000,    10.0000]
con_amp         21      2.169689 [  -20.0000,    20.0000]

----- dataset:  RVdata_harps
jitter_0        22      0.944815 [    0.0009,    13.3000]
offset_0        23      8.934990 [-9996.1123, 10015.3455]
offset_1        24      9.658278 [-9996.1123, 10015.3455]

----- dataset: RVdata_harps              ----- model: gp_multidimensional           
rot_amp         25      0.000028 [    0.0000,    10.0000]
con_amp         26      1.231233 [  -20.0000,    20.0000]

----- dataset:  RVdata_neid
jitter_0        27      1.088516 [    0.0010,    12.2000]
offset_0        28      9.708511 [-9996.9356, 10015.5004]

----- dataset: RVdata_neid               ----- model: gp_multidimensional           
rot_amp         29      4.036685 [    0.0000,    10.0000]
con_amp         30      1.629903 [  -20.0000,    20.0000]

----- dataset:  BISdata_expres
jitter_0        31      2.004482 [    0.0095,    95.0000]
offset_0        32    -55.326144 [-10060.1333,  9951.3667]

----- dataset: BISdata_expres            ----- model: gp_multidimensional           
rot_amp         33     -6.256779 [  -10.0000,    10.0000]
con_amp         34     -0.186438 [  -20.0000,    20.0000]

----- dataset:  BISdata_harps
jitter_0        35      1.776990 [    0.0095,    95.0000]
offset_0        36    -45.243736 [-10051.0000,  9968.9000]
offset_1        37    -35.067947 [-10051.0000,  9968.9000]

----- dataset: BISdata_harps             ----- model: gp_multidimensional           
rot_amp         38      2.488521 [  -10.0000,    10.0000]
con_amp         39      0.275469 [  -20.0000,    20.0000]

----- dataset:  BISdata_neid
jitter_0        40      1.234133 [    0.0095,    95.0000]
offset_0        41    -46.734510 [-10050.5333,  9956.3333]

----- dataset: BISdata_neid              ----- model: gp_multidimensional           
rot_amp         42     -1.239876 [  -10.0000,    10.0000]
con_amp         43     -0.079127 [  -20.0000,    20.0000]

----- dataset:  FWHMdata_expres
jitter_0        44      0.055282 [    0.0500,   500.0000]
offset_0        45   6775.271477 [-3231.7588, 16789.2005]

----- dataset: FWHMdata_expres           ----- model: gp_multidimensional           
rot_amp         46     -9.329742 [  -10.0000,    10.0000]
con_amp         47     -2.845364 [  -20.0000,    20.0000]

----- dataset:  FWHMdata_harps
jitter_0        48      0.050643 [    0.0500,   500.0000]
offset_0        49   6917.951775 [-3087.6615, 17176.8324]
offset_1        50   7170.557450 [-3087.6615, 17176.8324]

----- dataset: FWHMdata_harps            ----- model: gp_multidimensional           
rot_amp         51      0.135360 [  -10.0000,    10.0000]
con_amp         52      0.060249 [  -20.0000,    20.0000]

----- dataset:  FWHMdata_neid
jitter_0        53      0.054795 [    0.0500,   500.0000]
offset_0        54   6956.509913 [-3049.2567, 16963.7765]

----- dataset: FWHMdata_neid             ----- model: gp_multidimensional           
rot_amp         55      2.883439 [  -10.0000,    10.0000]
con_amp         56     -0.026056 [  -20.0000,    20.0000]

----- dataset:  Contrastdata_expres
jitter_0        57    190.363116 [    1.3000, 13000.0000]
offset_0        58  -349488.692035 [-359991.0269, -338869.5199]

----- dataset: Contrastdata_expres       ----- model: gp_multidimensional           
rot_amp         59     -9.844447 [  -10.0000,    10.0000]
con_amp         60    -19.997768 [  -20.0000,    20.0000]

----- dataset:  Contrastdata_harps
jitter_0        61     36.878090 [    1.3000, 13000.0000]
offset_0        62  -453753.869384 [-464166.0273, -409520.9338]
offset_1        63  -419770.681698 [-464166.0273, -409520.9338]

----- dataset: Contrastdata_harps        ----- model: gp_multidimensional           
rot_amp         64     -9.980016 [  -10.0000,    10.0000]
con_amp         65     19.999931 [  -20.0000,    20.0000]

----- dataset:  Contrastdata_neid
jitter_0        66      6.269225 [    1.3000, 13000.0000]
offset_0        67  -359613.361950 [-369911.9286, -349262.2437]

----- dataset: Contrastdata_neid         ----- model: gp_multidimensional           
rot_amp         68      9.996643 [  -10.0000,    10.0000]
con_amp         69     19.994002 [  -20.0000,    20.0000]

----- dataset:  Halphadata_expres
jitter_0        70      0.000010 [    0.0000,     0.1000]
offset_0        71      0.172029 [-9999.8287, 10000.1727]

----- dataset: Halphadata_expres         ----- model: gp_multidimensional           
rot_amp         72     -0.000127 [  -10.0000,    10.0000]
con_amp         73      0.000040 [  -20.0000,    20.0000]

----- dataset:  Halphadata_harps
jitter_0        74      0.000014 [    0.0000,     0.1000]
offset_0        75      0.174674 [-9999.8281, 10000.1780]
offset_1        76      0.174069 [-9999.8281, 10000.1780]

----- dataset: Halphadata_harps          ----- model: gp_multidimensional           
rot_amp         77      0.003693 [  -10.0000,    10.0000]
con_amp         78      0.000113 [  -20.0000,    20.0000]

----- dataset:  Halphadata_neid
jitter_0        79      0.000010 [    0.0000,     0.1000]
offset_0        80      0.171143 [-9999.8297, 10000.1720]

----- dataset: Halphadata_neid           ----- model: gp_multidimensional           
rot_amp         81      0.000699 [  -10.0000,    10.0000]
con_amp         82      0.000024 [  -20.0000,    20.0000]

----- dataset:  CaIIdata_expres
jitter_0        83      0.002283 [    0.0000,     0.3000]
offset_0        84      0.100737 [-9999.9113, 10000.1104]

----- dataset: CaIIdata_expres           ----- model: gp_multidimensional           
rot_amp         85      0.002080 [  -10.0000,    10.0000]
con_amp         86      0.000266 [  -20.0000,    20.0000]

----- dataset:  CaIIdata_harps
jitter_0        87      0.000032 [    0.0000,     0.3000]
offset_0        88      0.104344 [-9999.9112, 10000.1133]
offset_1        89      0.103628 [-9999.9112, 10000.1133]

----- dataset: CaIIdata_harps            ----- model: gp_multidimensional           
rot_amp         90      0.000570 [  -10.0000,    10.0000]
con_amp         91     -0.000150 [  -20.0000,    20.0000]

----- dataset:  CaIIdata_neid
jitter_0        92      0.000030 [    0.0000,     0.3000]
offset_0        93      0.099510 [-9999.9013, 10000.1001]

----- dataset: CaIIdata_neid             ----- model: gp_multidimensional           
rot_amp         94      0.000838 [  -10.0000,    10.0000]
con_amp         95      0.000097 [  -20.0000,    20.0000]

----- common model:  b
P                0      6.643853 [    0.3785,     6.6439]
K                1      1.352125 [   -9.9658,     3.3219]
sre_coso         2     -0.524880 [   -1.0000,     1.0000]
sre_sino         3     -0.235108 [   -1.0000,     1.0000]
mean_long        4    272.149730 [   92.2760,   452.2760]

----- common model:  c
P                5      0.483848 [    0.3785,     6.6439]
K                6     -1.095532 [   -9.9658,     3.3219]
sre_coso         7     -0.024049 [   -1.0000,     1.0000]
sre_sino         8     -0.308960 [   -1.0000,     1.0000]
mean_long        9    359.961838 [  179.9422,   539.9422]

----- common model:  d
P               10      3.655157 [    0.3785,     6.6439]
K               11     -0.084289 [   -9.9658,     3.3219]
sre_coso        12     -0.315306 [   -1.0000,     1.0000]
sre_sino        13      0.132020 [   -1.0000,     1.0000]
mean_long       14    120.906723 [  -59.8645,   300.1355]

----- common model:  activity
Prot            15     28.285074 [   20.0000,    35.0000]
Pdec            16     30.003363 [   30.0000,  1000.0000]
Oamp            17     -1.386632 [   -6.6439,     0.0000]

----- common model:  star_parameters

====================================================================================================
     Statistics on the model parameters obtained from the posteriors samples     
====================================================================================================

----- dataset:  RVdata_expres
jitter_0              0.972720 
offset_0              8.830597 


----- dataset: RVdata_expres             ----- model: gp_multidimensional           
rot_amp               3.766774 
con_amp               2.169689 

----- dataset:  RVdata_harps
jitter_0              0.944815 
offset_0              8.934990 
offset_1              9.658278 


----- dataset: RVdata_harps              ----- model: gp_multidimensional           
rot_amp               0.000028 
con_amp               1.231233 

----- dataset:  RVdata_neid
jitter_0              1.088516 
offset_0              9.708511 


----- dataset: RVdata_neid               ----- model: gp_multidimensional           
rot_amp               4.036685 
con_amp               1.629903 

----- dataset:  BISdata_expres
jitter_0              2.004482 
offset_0            -55.326144 


----- dataset: BISdata_expres            ----- model: gp_multidimensional           
rot_amp              -6.256779 
con_amp              -0.186438 

----- dataset:  BISdata_harps
jitter_0              1.776990 
offset_0            -45.243736 
offset_1            -35.067947 


----- dataset: BISdata_harps             ----- model: gp_multidimensional           
rot_amp               2.488521 
con_amp               0.275469 

----- dataset:  BISdata_neid
jitter_0              1.234133 
offset_0            -46.734510 


----- dataset: BISdata_neid              ----- model: gp_multidimensional           
rot_amp              -1.239876 
con_amp              -0.079127 

----- dataset:  FWHMdata_expres
jitter_0              0.055282 
offset_0           6775.271477 


----- dataset: FWHMdata_expres           ----- model: gp_multidimensional           
rot_amp              -9.329742 
con_amp              -2.845364 

----- dataset:  FWHMdata_harps
jitter_0              0.050643 
offset_0           6917.951775 
offset_1           7170.557450 


----- dataset: FWHMdata_harps            ----- model: gp_multidimensional           
rot_amp               0.135360 
con_amp               0.060249 

----- dataset:  FWHMdata_neid
jitter_0              0.054795 
offset_0           6956.509913 


----- dataset: FWHMdata_neid             ----- model: gp_multidimensional           
rot_amp               2.883439 
con_amp              -0.026056 

----- dataset:  Contrastdata_expres
jitter_0            190.363116 
offset_0        -349488.692035 


----- dataset: Contrastdata_expres       ----- model: gp_multidimensional           
rot_amp              -9.844447 
con_amp             -19.997768 

----- dataset:  Contrastdata_harps
jitter_0             36.878090 
offset_0        -453753.869384 
offset_1        -419770.681698 


----- dataset: Contrastdata_harps        ----- model: gp_multidimensional           
rot_amp              -9.980016 
con_amp              19.999931 

----- dataset:  Contrastdata_neid
jitter_0              6.269225 
offset_0        -359613.361950 


----- dataset: Contrastdata_neid         ----- model: gp_multidimensional           
rot_amp               9.996643 
con_amp              19.994002 

----- dataset:  Halphadata_expres
jitter_0              0.000010 
offset_0              0.172029 


----- dataset: Halphadata_expres         ----- model: gp_multidimensional           
rot_amp              -0.000127 
con_amp               0.000040 

----- dataset:  Halphadata_harps
jitter_0              0.000014 
offset_0              0.174674 
offset_1              0.174069 


----- dataset: Halphadata_harps          ----- model: gp_multidimensional           
rot_amp               0.003693 
con_amp               0.000113 

----- dataset:  Halphadata_neid
jitter_0              0.000010 
offset_0              0.171143 


----- dataset: Halphadata_neid           ----- model: gp_multidimensional           
rot_amp               0.000699 
con_amp               0.000024 

----- dataset:  CaIIdata_expres
jitter_0              0.002283 
offset_0              0.100737 


----- dataset: CaIIdata_expres           ----- model: gp_multidimensional           
rot_amp               0.002080 
con_amp               0.000266 

----- dataset:  CaIIdata_harps
jitter_0              0.000032 
offset_0              0.104344 
offset_1              0.103628 


----- dataset: CaIIdata_harps            ----- model: gp_multidimensional           
rot_amp               0.000570 
con_amp              -0.000150 

----- dataset:  CaIIdata_neid
jitter_0              0.000030 
offset_0              0.099510 


----- dataset: CaIIdata_neid             ----- model: gp_multidimensional           
rot_amp               0.000838 
con_amp               0.000097 

----- common model:  b
P                    99.999795 
K                     2.552879 
mean_long           272.149730 
e                     0.330775 
omega              -155.871146 

----- common model:  c
P                     1.398468 
K                     0.467963 
mean_long           359.961838 
e                     0.096035 
omega               -94.450915 

----- common model:  d
P                    12.598301 
K                     0.943249 
mean_long           120.906723 
e                     0.116847 
omega               157.280799 

----- common model:  activity
Prot                 28.285074 
Pdec                 30.003363 
Oamp                  0.382457 

----- common model:  star_parameters

====================================================================================================
     Statistics on the derived parameters obtained from the posteriors samples     
====================================================================================================

----- common model:  b
Inclination fixed to 90 deg!
a_Rs                 90.625062 
M_Mj                  0.055011 
M_Me                 17.487688 
Tc                59394.610610 
a_AU_(M)              0.421639 
a_AU_(rho,R)          0.421631 

----- common model:  c
Inclination fixed to 90 deg!
a_Rs                  5.260377 
M_Mj                  0.002562 
M_Me                  0.814580 
Tc                59335.053522 
a_AU_(M)              0.024474 
a_AU_(rho,R)          0.024474 

----- common model:  d
Inclination fixed to 90 deg!
a_Rs                 22.774920 
M_Mj                  0.010723 
M_Me                  3.408765 
Tc                59346.634111 
a_AU_(M)              0.105960 
a_AU_(rho,R)          0.105960 


====================================================================================================
     ------------------------------------------------------------------------------------------     
====================================================================================================



****************************************************************************************************

 Parameters corresponding to the sample closest to the median values ( -1249.9393937241748 )

====================================================================================================
     Statistics on the posterior of the sampler parameters     
====================================================================================================

----- dataset:  RVdata_expres
jitter_0        18      0.973598 [    0.0010,    11.5000]
offset_0        19      8.589241 [-9997.8210, 10014.4770]

----- dataset: RVdata_expres             ----- model: gp_multidimensional           
rot_amp         20      5.143482 [    0.0000,    10.0000]
con_amp         21      4.183444 [  -20.0000,    20.0000]

----- dataset:  RVdata_harps
jitter_0        22      1.056665 [    0.0009,    13.3000]
offset_0        23      8.739094 [-9996.1123, 10015.3455]
offset_1        24      9.354959 [-9996.1123, 10015.3455]

----- dataset: RVdata_harps              ----- model: gp_multidimensional           
rot_amp         25      0.046780 [    0.0000,    10.0000]
con_amp         26      2.680172 [  -20.0000,    20.0000]

----- dataset:  RVdata_neid
jitter_0        27      1.098756 [    0.0010,    12.2000]
offset_0        28      9.446838 [-9996.9356, 10015.5004]

----- dataset: RVdata_neid               ----- model: gp_multidimensional           
rot_amp         29      5.504188 [    0.0000,    10.0000]
con_amp         30      3.230682 [  -20.0000,    20.0000]

----- dataset:  BISdata_expres
jitter_0        31      1.988418 [    0.0095,    95.0000]
offset_0        32    -55.177096 [-10060.1333,  9951.3667]

----- dataset: BISdata_expres            ----- model: gp_multidimensional           
rot_amp         33     -8.791728 [  -10.0000,    10.0000]
con_amp         34      0.037003 [  -20.0000,    20.0000]

----- dataset:  BISdata_harps
jitter_0        35      1.688465 [    0.0095,    95.0000]
offset_0        36    -45.110152 [-10051.0000,  9968.9000]
offset_1        37    -35.102734 [-10051.0000,  9968.9000]

----- dataset: BISdata_harps             ----- model: gp_multidimensional           
rot_amp         38      2.741008 [  -10.0000,    10.0000]
con_amp         39      0.643038 [  -20.0000,    20.0000]

----- dataset:  BISdata_neid
jitter_0        40      1.316635 [    0.0095,    95.0000]
offset_0        41    -47.019754 [-10050.5333,  9956.3333]

----- dataset: BISdata_neid              ----- model: gp_multidimensional           
rot_amp         42     -3.149074 [  -10.0000,    10.0000]
con_amp         43      0.029181 [  -20.0000,    20.0000]

----- dataset:  FWHMdata_expres
jitter_0        44      0.750719 [    0.0500,   500.0000]
offset_0        45   6775.079514 [-3231.7588, 16789.2005]

----- dataset: FWHMdata_expres           ----- model: gp_multidimensional           
rot_amp         46     -8.697949 [  -10.0000,    10.0000]
con_amp         47     -4.490475 [  -20.0000,    20.0000]

----- dataset:  FWHMdata_harps
jitter_0        48      0.062639 [    0.0500,   500.0000]
offset_0        49   6918.162213 [-3087.6615, 17176.8324]
offset_1        50   7169.982629 [-3087.6615, 17176.8324]

----- dataset: FWHMdata_harps            ----- model: gp_multidimensional           
rot_amp         51     -0.547068 [  -10.0000,    10.0000]
con_amp         52      0.953774 [  -20.0000,    20.0000]

----- dataset:  FWHMdata_neid
jitter_0        53      0.248844 [    0.0500,   500.0000]
offset_0        54   6957.083293 [-3049.2567, 16963.7765]

----- dataset: FWHMdata_neid             ----- model: gp_multidimensional           
rot_amp         55     -1.537051 [  -10.0000,    10.0000]
con_amp         56      0.722159 [  -20.0000,    20.0000]

----- dataset:  Contrastdata_expres
jitter_0        57    212.214258 [    1.3000, 13000.0000]
offset_0        58  -349471.145521 [-359991.0269, -338869.5199]

----- dataset: Contrastdata_expres       ----- model: gp_multidimensional           
rot_amp         59     -0.208680 [  -10.0000,    10.0000]
con_amp         60    -19.795539 [  -20.0000,    20.0000]

----- dataset:  Contrastdata_harps
jitter_0        61     61.403783 [    1.3000, 13000.0000]
offset_0        62  -453762.971922 [-464166.0273, -409520.9338]
offset_1        63  -419805.718072 [-464166.0273, -409520.9338]

----- dataset: Contrastdata_harps        ----- model: gp_multidimensional           
rot_amp         64     -3.574028 [  -10.0000,    10.0000]
con_amp         65     19.516277 [  -20.0000,    20.0000]

----- dataset:  Contrastdata_neid
jitter_0        66      5.142115 [    1.3000, 13000.0000]
offset_0        67  -359630.316682 [-369911.9286, -349262.2437]

----- dataset: Contrastdata_neid         ----- model: gp_multidimensional           
rot_amp         68      8.229994 [  -10.0000,    10.0000]
con_amp         69     16.716075 [  -20.0000,    20.0000]

----- dataset:  Halphadata_expres
jitter_0        70      0.000078 [    0.0000,     0.1000]
offset_0        71      0.172054 [-9999.8287, 10000.1727]

----- dataset: Halphadata_expres         ----- model: gp_multidimensional           
rot_amp         72      0.001104 [  -10.0000,    10.0000]
con_amp         73      0.000107 [  -20.0000,    20.0000]

----- dataset:  Halphadata_harps
jitter_0        74      0.000125 [    0.0000,     0.1000]
offset_0        75      0.174805 [-9999.8281, 10000.1780]
offset_1        76      0.174064 [-9999.8281, 10000.1780]

----- dataset: Halphadata_harps          ----- model: gp_multidimensional           
rot_amp         77      0.005422 [  -10.0000,    10.0000]
con_amp         78      0.000151 [  -20.0000,    20.0000]

----- dataset:  Halphadata_neid
jitter_0        79      0.000040 [    0.0000,     0.1000]
offset_0        80      0.171056 [-9999.8297, 10000.1720]

----- dataset: Halphadata_neid           ----- model: gp_multidimensional           
rot_amp         81      0.000547 [  -10.0000,    10.0000]
con_amp         82     -0.000001 [  -20.0000,    20.0000]

----- dataset:  CaIIdata_expres
jitter_0        83      0.002414 [    0.0000,     0.3000]
offset_0        84      0.100679 [-9999.9113, 10000.1104]

----- dataset: CaIIdata_expres           ----- model: gp_multidimensional           
rot_amp         85      0.005219 [  -10.0000,    10.0000]
con_amp         86      0.001039 [  -20.0000,    20.0000]

----- dataset:  CaIIdata_harps
jitter_0        87      0.000320 [    0.0000,     0.3000]
offset_0        88      0.104438 [-9999.9112, 10000.1133]
offset_1        89      0.103799 [-9999.9112, 10000.1133]

----- dataset: CaIIdata_harps            ----- model: gp_multidimensional           
rot_amp         90      0.000133 [  -10.0000,    10.0000]
con_amp         91      0.000286 [  -20.0000,    20.0000]

----- dataset:  CaIIdata_neid
jitter_0        92      0.000051 [    0.0000,     0.3000]
offset_0        93      0.098883 [-9999.9013, 10000.1001]

----- dataset: CaIIdata_neid             ----- model: gp_multidimensional           
rot_amp         94     -0.002702 [  -10.0000,    10.0000]
con_amp         95     -0.000250 [  -20.0000,    20.0000]

----- common model:  b
P                0      6.641775 [    0.3785,     6.6439]
K                1      1.317517 [   -9.9658,     3.3219]
sre_coso         2     -0.434100 [   -1.0000,     1.0000]
sre_sino         3     -0.218327 [   -1.0000,     1.0000]
mean_long        4    268.992675 [   92.2760,   452.2760]

----- common model:  c
P                5      0.480017 [    0.3785,     6.6439]
K                6     -1.670397 [   -9.9658,     3.3219]
sre_coso         7     -0.143124 [   -1.0000,     1.0000]
sre_sino         8     -0.154859 [   -1.0000,     1.0000]
mean_long        9    322.944555 [  179.9422,   539.9422]

----- common model:  d
P               10      3.692691 [    0.3785,     6.6439]
K               11     -0.000170 [   -9.9658,     3.3219]
sre_coso        12     -0.225340 [   -1.0000,     1.0000]
sre_sino        13      0.070612 [   -1.0000,     1.0000]
mean_long       14    158.177962 [  -59.8645,   300.1355]

----- common model:  activity
Prot            15     28.375685 [   20.0000,    35.0000]
Pdec            16     30.289538 [   30.0000,  1000.0000]
Oamp            17     -1.453439 [   -6.6439,     0.0000]

----- common model:  star_parameters

====================================================================================================
     Statistics on the model parameters obtained from the posteriors samples     
====================================================================================================

----- dataset:  RVdata_expres
jitter_0              0.973598 
offset_0              8.589241 


----- dataset: RVdata_expres             ----- model: gp_multidimensional           
rot_amp               5.143482 
con_amp               4.183444 

----- dataset:  RVdata_harps
jitter_0              1.056665 
offset_0              8.739094 
offset_1              9.354959 


----- dataset: RVdata_harps              ----- model: gp_multidimensional           
rot_amp               0.046780 
con_amp               2.680172 

----- dataset:  RVdata_neid
jitter_0              1.098756 
offset_0              9.446838 


----- dataset: RVdata_neid               ----- model: gp_multidimensional           
rot_amp               5.504188 
con_amp               3.230682 

----- dataset:  BISdata_expres
jitter_0              1.988418 
offset_0            -55.177096 


----- dataset: BISdata_expres            ----- model: gp_multidimensional           
rot_amp              -8.791728 
con_amp               0.037003 

----- dataset:  BISdata_harps
jitter_0              1.688465 
offset_0            -45.110152 
offset_1            -35.102734 


----- dataset: BISdata_harps             ----- model: gp_multidimensional           
rot_amp               2.741008 
con_amp               0.643038 

----- dataset:  BISdata_neid
jitter_0              1.316635 
offset_0            -47.019754 


----- dataset: BISdata_neid              ----- model: gp_multidimensional           
rot_amp              -3.149074 
con_amp               0.029181 

----- dataset:  FWHMdata_expres
jitter_0              0.750719 
offset_0           6775.079514 


----- dataset: FWHMdata_expres           ----- model: gp_multidimensional           
rot_amp              -8.697949 
con_amp              -4.490475 

----- dataset:  FWHMdata_harps
jitter_0              0.062639 
offset_0           6918.162213 
offset_1           7169.982629 


----- dataset: FWHMdata_harps            ----- model: gp_multidimensional           
rot_amp              -0.547068 
con_amp               0.953774 

----- dataset:  FWHMdata_neid
jitter_0              0.248844 
offset_0           6957.083293 


----- dataset: FWHMdata_neid             ----- model: gp_multidimensional           
rot_amp              -1.537051 
con_amp               0.722159 

----- dataset:  Contrastdata_expres
jitter_0            212.214258 
offset_0        -349471.145521 


----- dataset: Contrastdata_expres       ----- model: gp_multidimensional           
rot_amp              -0.208680 
con_amp             -19.795539 

----- dataset:  Contrastdata_harps
jitter_0             61.403783 
offset_0        -453762.971922 
offset_1        -419805.718072 


----- dataset: Contrastdata_harps        ----- model: gp_multidimensional           
rot_amp              -3.574028 
con_amp              19.516277 

----- dataset:  Contrastdata_neid
jitter_0              5.142115 
offset_0        -359630.316682 


----- dataset: Contrastdata_neid         ----- model: gp_multidimensional           
rot_amp               8.229994 
con_amp              16.716075 

----- dataset:  Halphadata_expres
jitter_0              0.000078 
offset_0              0.172054 


----- dataset: Halphadata_expres         ----- model: gp_multidimensional           
rot_amp               0.001104 
con_amp               0.000107 

----- dataset:  Halphadata_harps
jitter_0              0.000125 
offset_0              0.174805 
offset_1              0.174064 


----- dataset: Halphadata_harps          ----- model: gp_multidimensional           
rot_amp               0.005422 
con_amp               0.000151 

----- dataset:  Halphadata_neid
jitter_0              0.000040 
offset_0              0.171056 


----- dataset: Halphadata_neid           ----- model: gp_multidimensional           
rot_amp               0.000547 
con_amp              -0.000001 

----- dataset:  CaIIdata_expres
jitter_0              0.002414 
offset_0              0.100679 


----- dataset: CaIIdata_expres           ----- model: gp_multidimensional           
rot_amp               0.005219 
con_amp               0.001039 

----- dataset:  CaIIdata_harps
jitter_0              0.000320 
offset_0              0.104438 
offset_1              0.103799 


----- dataset: CaIIdata_harps            ----- model: gp_multidimensional           
rot_amp               0.000133 
con_amp               0.000286 

----- dataset:  CaIIdata_neid
jitter_0              0.000051 
offset_0              0.098883 


----- dataset: CaIIdata_neid             ----- model: gp_multidimensional           
rot_amp              -0.002702 
con_amp              -0.000250 

----- common model:  b
P                    99.855837 
K                     2.492368 
mean_long           268.992675 
e                     0.236109 
omega              -153.300205 

----- common model:  c
P                     1.394760 
K                     0.314167 
mean_long           322.944555 
e                     0.044466 
omega              -132.744832 

----- common model:  d
P                    12.930361 
K                     0.999882 
mean_long           158.177962 
e                     0.055764 
omega               162.601283 

----- common model:  activity
Prot                 28.375685 
Pdec                 30.289538 
Oamp                  0.365150 

----- common model:  star_parameters

====================================================================================================
     Statistics on the derived parameters obtained from the posteriors samples     
====================================================================================================

----- common model:  b
Inclination fixed to 90 deg!
a_Rs                 90.538239 
M_Mj                  0.055275 
M_Me                 17.571622 
Tc                59392.130101 
a_AU_(M)              0.421235 
a_AU_(rho,R)          0.421226 

----- common model:  c
Inclination fixed to 90 deg!
a_Rs                  5.251083 
M_Mj                  0.001725 
M_Me                  0.548378 
Tc                59335.206171 
a_AU_(M)              0.024431 
a_AU_(rho,R)          0.024431 

----- common model:  d
Inclination fixed to 90 deg!
a_Rs                 23.173427 
M_Mj                  0.011527 
M_Me                  3.664336 
Tc                59345.397957 
a_AU_(M)              0.107814 
a_AU_(rho,R)          0.107814 


====================================================================================================
     ------------------------------------------------------------------------------------------     
====================================================================================================



****************************************************************************************************

Inclination fixed to 90 deg!
Inclination fixed to 90 deg!
Inclination fixed to 90 deg!
Note: stellar density derived from stellar mass and radius

Inclination fixed to 90 deg!
Inclination fixed to 90 deg!
Inclination fixed to 90 deg!
Inclination fixed to 90 deg!
Inclination fixed to 90 deg!
Inclination fixed to 90 deg!
 Plot FLAT chain 

****************************************************************************************************

 Skipping full correlation plot due to the high number of parameters
 To avoid this behaviour, set the keyword parameters:force_full_correlation_plot to True

****************************************************************************************************

 Plotting the chains... 

****************************************************************************************************

 Plotting the Gelman-Rubin traces... 

     Gelman-Rubin:    18     1.122011 RVdata_expres_jitter_0 
     Gelman-Rubin:    19     1.194023 RVdata_expres_offset_0 
     Gelman-Rubin:    20     1.125074 RVdata_expres_gp_multidimensional_rot_amp 
     Gelman-Rubin:    21     1.033207 RVdata_expres_gp_multidimensional_con_amp 
     Gelman-Rubin:    22     1.083068 RVdata_harps_jitter_0 
     Gelman-Rubin:    23     1.199918 RVdata_harps_offset_0 
     Gelman-Rubin:    24     1.198300 RVdata_harps_offset_1 
     Gelman-Rubin:    25     1.045591 RVdata_harps_gp_multidimensional_rot_amp 
     Gelman-Rubin:    26     1.032225 RVdata_harps_gp_multidimensional_con_amp 
     Gelman-Rubin:    27     1.118350 RVdata_neid_jitter_0 
     Gelman-Rubin:    28     1.205907 RVdata_neid_offset_0 
     Gelman-Rubin:    29     1.105154 RVdata_neid_gp_multidimensional_rot_amp 
     Gelman-Rubin:    30     1.034173 RVdata_neid_gp_multidimensional_con_amp 
     Gelman-Rubin:    31     1.104592 BISdata_expres_jitter_0 
     Gelman-Rubin:    32     1.110596 BISdata_expres_offset_0 
     Gelman-Rubin:    33     1.146603 BISdata_expres_gp_multidimensional_rot_amp 
     Gelman-Rubin:    34     1.133415 BISdata_expres_gp_multidimensional_con_amp 
     Gelman-Rubin:    35     1.121949 BISdata_harps_jitter_0 
     Gelman-Rubin:    36     1.135329 BISdata_harps_offset_0 
     Gelman-Rubin:    37     1.128401 BISdata_harps_offset_1 
     Gelman-Rubin:    38     1.088158 BISdata_harps_gp_multidimensional_rot_amp 
     Gelman-Rubin:    39     1.082559 BISdata_harps_gp_multidimensional_con_amp 
     Gelman-Rubin:    40     1.124724 BISdata_neid_jitter_0 
     Gelman-Rubin:    41     1.151219 BISdata_neid_offset_0 
     Gelman-Rubin:    42     1.122663 BISdata_neid_gp_multidimensional_rot_amp 
     Gelman-Rubin:    43     1.134580 BISdata_neid_gp_multidimensional_con_amp 
     Gelman-Rubin:    44     1.071797 FWHMdata_expres_jitter_0 
     Gelman-Rubin:    45     1.184755 FWHMdata_expres_offset_0 
     Gelman-Rubin:    46     1.105113 FWHMdata_expres_gp_multidimensional_rot_amp 
     Gelman-Rubin:    47     1.061556 FWHMdata_expres_gp_multidimensional_con_amp 
     Gelman-Rubin:    48     1.073313 FWHMdata_harps_jitter_0 
     Gelman-Rubin:    49     1.130747 FWHMdata_harps_offset_0 
     Gelman-Rubin:    50     1.129258 FWHMdata_harps_offset_1 
     Gelman-Rubin:    51     1.112065 FWHMdata_harps_gp_multidimensional_rot_amp 
     Gelman-Rubin:    52     1.138988 FWHMdata_harps_gp_multidimensional_con_amp 
     Gelman-Rubin:    53     1.071184 FWHMdata_neid_jitter_0 
     Gelman-Rubin:    54     1.138291 FWHMdata_neid_offset_0 
     Gelman-Rubin:    55     1.131630 FWHMdata_neid_gp_multidimensional_rot_amp 
     Gelman-Rubin:    56     1.125203 FWHMdata_neid_gp_multidimensional_con_amp 
     Gelman-Rubin:    57     1.112946 Contrastdata_expres_jitter_0 
     Gelman-Rubin:    58     1.123709 Contrastdata_expres_offset_0 
     Gelman-Rubin:    59     1.058560 Contrastdata_expres_gp_multidimensional_rot_amp 
     Gelman-Rubin:    60     1.053746 Contrastdata_expres_gp_multidimensional_con_amp 
     Gelman-Rubin:    61     1.102080 Contrastdata_harps_jitter_0 
     Gelman-Rubin:    62     1.135588 Contrastdata_harps_offset_0 
     Gelman-Rubin:    63     1.131456 Contrastdata_harps_offset_1 
     Gelman-Rubin:    64     1.058559 Contrastdata_harps_gp_multidimensional_rot_amp 
     Gelman-Rubin:    65     1.059606 Contrastdata_harps_gp_multidimensional_con_amp 
     Gelman-Rubin:    66     1.074303 Contrastdata_neid_jitter_0 
     Gelman-Rubin:    67     1.112240 Contrastdata_neid_offset_0 
     Gelman-Rubin:    68     1.053242 Contrastdata_neid_gp_multidimensional_rot_amp 
     Gelman-Rubin:    69     1.053816 Contrastdata_neid_gp_multidimensional_con_amp 
     Gelman-Rubin:    70     1.077349 Halphadata_expres_jitter_0 
     Gelman-Rubin:    71     1.150377 Halphadata_expres_offset_0 
     Gelman-Rubin:    72     1.143274 Halphadata_expres_gp_multidimensional_rot_amp 
     Gelman-Rubin:    73     1.149398 Halphadata_expres_gp_multidimensional_con_amp 
     Gelman-Rubin:    74     1.068434 Halphadata_harps_jitter_0 
     Gelman-Rubin:    75     1.133677 Halphadata_harps_offset_0 
     Gelman-Rubin:    76     1.117071 Halphadata_harps_offset_1 
     Gelman-Rubin:    77     1.062474 Halphadata_harps_gp_multidimensional_rot_amp 
     Gelman-Rubin:    78     1.077250 Halphadata_harps_gp_multidimensional_con_amp 
     Gelman-Rubin:    79     1.073698 Halphadata_neid_jitter_0 
     Gelman-Rubin:    80     1.161700 Halphadata_neid_offset_0 
     Gelman-Rubin:    81     1.125934 Halphadata_neid_gp_multidimensional_rot_amp 
     Gelman-Rubin:    82     1.132152 Halphadata_neid_gp_multidimensional_con_amp 
     Gelman-Rubin:    83     1.114748 CaIIdata_expres_jitter_0 
     Gelman-Rubin:    84     1.155632 CaIIdata_expres_offset_0 
     Gelman-Rubin:    85     1.130427 CaIIdata_expres_gp_multidimensional_rot_amp 
     Gelman-Rubin:    86     1.129866 CaIIdata_expres_gp_multidimensional_con_amp 
     Gelman-Rubin:    87     1.079703 CaIIdata_harps_jitter_0 
     Gelman-Rubin:    88     1.141197 CaIIdata_harps_offset_0 
     Gelman-Rubin:    89     1.122626 CaIIdata_harps_offset_1 
     Gelman-Rubin:    90     1.129996 CaIIdata_harps_gp_multidimensional_rot_amp 
     Gelman-Rubin:    91     1.145137 CaIIdata_harps_gp_multidimensional_con_amp 
     Gelman-Rubin:    92     1.075746 CaIIdata_neid_jitter_0 
     Gelman-Rubin:    93     1.147575 CaIIdata_neid_offset_0 
     Gelman-Rubin:    94     1.127111 CaIIdata_neid_gp_multidimensional_rot_amp 
     Gelman-Rubin:    95     1.152586 CaIIdata_neid_gp_multidimensional_con_amp 
     Gelman-Rubin:     0     1.051614 b_P 
     Gelman-Rubin:     1     1.105125 b_K 
     Gelman-Rubin:     2     1.075091 b_sre_coso 
     Gelman-Rubin:     3     1.064567 b_sre_sino 
     Gelman-Rubin:     4     1.073871 b_mean_long 
     Gelman-Rubin:     5     1.138445 c_P 
     Gelman-Rubin:     6     1.175806 c_K 
     Gelman-Rubin:     7     1.136235 c_sre_coso 
     Gelman-Rubin:     8     1.099925 c_sre_sino 
     Gelman-Rubin:     9     1.134352 c_mean_long 
     Gelman-Rubin:    10     1.062741 d_P 
     Gelman-Rubin:    11     1.182204 d_K 
     Gelman-Rubin:    12     1.081460 d_sre_coso 
     Gelman-Rubin:    13     1.109301 d_sre_sino 
     Gelman-Rubin:    14     1.062801 d_mean_long 
     Gelman-Rubin:    15     1.124490 activity_Prot 
     Gelman-Rubin:    16     1.051959 activity_Pdec 
     Gelman-Rubin:    17     1.099038 activity_Oamp 

****************************************************************************************************

Plotting the common models corner plots
     Common model:  b
     Common model:  c
     Common model:  d
     Common model:  activity
     Common model:  star_parameters

****************************************************************************************************

Plotting the dataset + models corner plots 

     Dataset:  RVdata_expres     model:  gp_multidimensional  corner plot  starting 
     Dataset:  RVdata_expres     model:  gp_multidimensional  corner plot  done 
     Dataset:  RVdata_expres     model:  radial_velocities_b  corner plot  starting 
     Dataset:  RVdata_expres     model:  radial_velocities_b  corner plot  done 
     Dataset:  RVdata_expres     model:  radial_velocities_c  corner plot  starting 
     Dataset:  RVdata_expres     model:  radial_velocities_c  corner plot  done 
     Dataset:  RVdata_expres     model:  radial_velocities_d  corner plot  starting 
     Dataset:  RVdata_expres     model:  radial_velocities_d  corner plot  done 
     Dataset:  RVdata_harps     model:  gp_multidimensional  corner plot  starting 
     Dataset:  RVdata_harps     model:  gp_multidimensional  corner plot  done 
     Dataset:  RVdata_harps     model:  radial_velocities_b  corner plot  starting 
     Dataset:  RVdata_harps     model:  radial_velocities_b  corner plot  done 
     Dataset:  RVdata_harps     model:  radial_velocities_c  corner plot  starting 
     Dataset:  RVdata_harps     model:  radial_velocities_c  corner plot  done 
     Dataset:  RVdata_harps     model:  radial_velocities_d  corner plot  starting 
     Dataset:  RVdata_harps     model:  radial_velocities_d  corner plot  done 
     Dataset:  RVdata_neid     model:  gp_multidimensional  corner plot  starting 
     Dataset:  RVdata_neid     model:  gp_multidimensional  corner plot  done 
     Dataset:  RVdata_neid     model:  radial_velocities_b  corner plot  starting 
     Dataset:  RVdata_neid     model:  radial_velocities_b  corner plot  done 
     Dataset:  RVdata_neid     model:  radial_velocities_c  corner plot  starting 
     Dataset:  RVdata_neid     model:  radial_velocities_c  corner plot  done 
     Dataset:  RVdata_neid     model:  radial_velocities_d  corner plot  starting 
     Dataset:  RVdata_neid     model:  radial_velocities_d  corner plot  done 
     Dataset:  BISdata_expres     model:  gp_multidimensional  corner plot  starting 
     Dataset:  BISdata_expres     model:  gp_multidimensional  corner plot  done 
     Dataset:  BISdata_harps     model:  gp_multidimensional  corner plot  starting 
     Dataset:  BISdata_harps     model:  gp_multidimensional  corner plot  done 
     Dataset:  BISdata_neid     model:  gp_multidimensional  corner plot  starting 
     Dataset:  BISdata_neid     model:  gp_multidimensional  corner plot  done 
     Dataset:  FWHMdata_expres     model:  gp_multidimensional  corner plot  starting 
     Dataset:  FWHMdata_expres     model:  gp_multidimensional  corner plot  done 
     Dataset:  FWHMdata_harps     model:  gp_multidimensional  corner plot  starting 
     Dataset:  FWHMdata_harps     model:  gp_multidimensional  corner plot  done 
     Dataset:  FWHMdata_neid     model:  gp_multidimensional  corner plot  starting 
     Dataset:  FWHMdata_neid     model:  gp_multidimensional  corner plot  done 
     Dataset:  Contrastdata_expres     model:  gp_multidimensional  corner plot  starting 
     Dataset:  Contrastdata_expres     model:  gp_multidimensional  corner plot  done 
     Dataset:  Contrastdata_harps     model:  gp_multidimensional  corner plot  starting 
     Dataset:  Contrastdata_harps     model:  gp_multidimensional  corner plot  done 
     Dataset:  Contrastdata_neid     model:  gp_multidimensional  corner plot  starting 
     Dataset:  Contrastdata_neid     model:  gp_multidimensional  corner plot  done 
     Dataset:  Halphadata_expres     model:  gp_multidimensional  corner plot  starting 
     Dataset:  Halphadata_expres     model:  gp_multidimensional  corner plot  done 
     Dataset:  Halphadata_harps     model:  gp_multidimensional  corner plot  starting 
     Dataset:  Halphadata_harps     model:  gp_multidimensional  corner plot  done 
     Dataset:  Halphadata_neid     model:  gp_multidimensional  corner plot  starting 
     Dataset:  Halphadata_neid     model:  gp_multidimensional  corner plot  done 
     Dataset:  CaIIdata_expres     model:  gp_multidimensional  corner plot  starting 
     Dataset:  CaIIdata_expres     model:  gp_multidimensional  corner plot  done 
     Dataset:  CaIIdata_harps     model:  gp_multidimensional  corner plot  starting 
     Dataset:  CaIIdata_harps     model:  gp_multidimensional  corner plot  done 
     Dataset:  CaIIdata_neid     model:  gp_multidimensional  corner plot  starting 
     Dataset:  CaIIdata_neid     model:  gp_multidimensional  corner plot  done 

****************************************************************************************************

 Saving the planet parameter samplings to files (with plots)

****************************************************************************************************

 Saving all the parameter samplings to files (with plots)

****************************************************************************************************

 Computing the models for plot/data writing 
     Splitting the plot array to allow GP prediction of extended datasets, it may take a while...
     # 21 chunks of 78 times each
     Check the documentation if the code is taking too long or if it crashes...
     Splitting the plot array to allow GP prediction of extended datasets, it may take a while...
     # 21 chunks of 78 times each
     Check the documentation if the code is taking too long or if it crashes...
     Splitting the plot array to allow GP prediction of extended datasets, it may take a while...
     # 21 chunks of 78 times each
     Check the documentation if the code is taking too long or if it crashes...
     Splitting the plot array to allow GP prediction of extended datasets, it may take a while...
     # 15 chunks of 78 times each
     Check the documentation if the code is taking too long or if it crashes...
     Splitting the plot array to allow GP prediction of extended datasets, it may take a while...
     # 17 chunks of 78 times each
     Check the documentation if the code is taking too long or if it crashes...
     Splitting the plot array to allow GP prediction of extended datasets, it may take a while...
     # 13 chunks of 78 times each
     Check the documentation if the code is taking too long or if it crashes...
     Splitting the plot array to allow GP prediction of extended datasets, it may take a while...
     # 15 chunks of 78 times each
     Check the documentation if the code is taking too long or if it crashes...
     Splitting the plot array to allow GP prediction of extended datasets, it may take a while...
     # 17 chunks of 78 times each
     Check the documentation if the code is taking too long or if it crashes...
     Splitting the plot array to allow GP prediction of extended datasets, it may take a while...
     # 13 chunks of 78 times each
     Check the documentation if the code is taking too long or if it crashes...
     Splitting the plot array to allow GP prediction of extended datasets, it may take a while...
     # 15 chunks of 78 times each
     Check the documentation if the code is taking too long or if it crashes...
     Splitting the plot array to allow GP prediction of extended datasets, it may take a while...
     # 17 chunks of 78 times each
     Check the documentation if the code is taking too long or if it crashes...
     Splitting the plot array to allow GP prediction of extended datasets, it may take a while...
     # 13 chunks of 78 times each
     Check the documentation if the code is taking too long or if it crashes...
     Splitting the plot array to allow GP prediction of extended datasets, it may take a while...
     # 15 chunks of 78 times each
     Check the documentation if the code is taking too long or if it crashes...
     Splitting the plot array to allow GP prediction of extended datasets, it may take a while...
     # 17 chunks of 78 times each
     Check the documentation if the code is taking too long or if it crashes...
     Splitting the plot array to allow GP prediction of extended datasets, it may take a while...
     # 13 chunks of 78 times each
     Check the documentation if the code is taking too long or if it crashes...
     Splitting the plot array to allow GP prediction of extended datasets, it may take a while...
     # 15 chunks of 78 times each
     Check the documentation if the code is taking too long or if it crashes...
     Splitting the plot array to allow GP prediction of extended datasets, it may take a while...
     # 17 chunks of 78 times each
     Check the documentation if the code is taking too long or if it crashes...
     Splitting the plot array to allow GP prediction of extended datasets, it may take a while...
     # 13 chunks of 78 times each
     Check the documentation if the code is taking too long or if it crashes...
     Splitting the plot array to allow GP prediction of extended datasets, it may take a while...
     # 21 chunks of 78 times each
     Check the documentation if the code is taking too long or if it crashes...
     Splitting the plot array to allow GP prediction of extended datasets, it may take a while...
     # 21 chunks of 78 times each
     Check the documentation if the code is taking too long or if it crashes...
     Splitting the plot array to allow GP prediction of extended datasets, it may take a while...
     # 21 chunks of 78 times each
     Check the documentation if the code is taking too long or if it crashes...
     Splitting the plot array to allow GP prediction of extended datasets, it may take a while...
     # 15 chunks of 78 times each
     Check the documentation if the code is taking too long or if it crashes...
     Splitting the plot array to allow GP prediction of extended datasets, it may take a while...
     # 17 chunks of 78 times each
     Check the documentation if the code is taking too long or if it crashes...
     Splitting the plot array to allow GP prediction of extended datasets, it may take a while...
     # 13 chunks of 78 times each
     Check the documentation if the code is taking too long or if it crashes...
     Splitting the plot array to allow GP prediction of extended datasets, it may take a while...
     # 15 chunks of 78 times each
     Check the documentation if the code is taking too long or if it crashes...
     Splitting the plot array to allow GP prediction of extended datasets, it may take a while...
     # 17 chunks of 78 times each
     Check the documentation if the code is taking too long or if it crashes...
     Splitting the plot array to allow GP prediction of extended datasets, it may take a while...
     # 13 chunks of 78 times each
     Check the documentation if the code is taking too long or if it crashes...
     Splitting the plot array to allow GP prediction of extended datasets, it may take a while...
     # 15 chunks of 78 times each
     Check the documentation if the code is taking too long or if it crashes...
     Splitting the plot array to allow GP prediction of extended datasets, it may take a while...
     # 17 chunks of 78 times each
     Check the documentation if the code is taking too long or if it crashes...
     Splitting the plot array to allow GP prediction of extended datasets, it may take a while...
     # 13 chunks of 78 times each
     Check the documentation if the code is taking too long or if it crashes...
     Splitting the plot array to allow GP prediction of extended datasets, it may take a while...
     # 15 chunks of 78 times each
     Check the documentation if the code is taking too long or if it crashes...
     Splitting the plot array to allow GP prediction of extended datasets, it may take a while...
     # 17 chunks of 78 times each
     Check the documentation if the code is taking too long or if it crashes...
     Splitting the plot array to allow GP prediction of extended datasets, it may take a while...
     # 13 chunks of 78 times each
     Check the documentation if the code is taking too long or if it crashes...
     Splitting the plot array to allow GP prediction of extended datasets, it may take a while...
     # 15 chunks of 78 times each
     Check the documentation if the code is taking too long or if it crashes...
     Splitting the plot array to allow GP prediction of extended datasets, it may take a while...
     # 17 chunks of 78 times each
     Check the documentation if the code is taking too long or if it crashes...
     Splitting the plot array to allow GP prediction of extended datasets, it may take a while...
     # 13 chunks of 78 times each
     Check the documentation if the code is taking too long or if it crashes...
     Splitting the plot array to allow GP prediction of extended datasets, it may take a while...
     # 21 chunks of 78 times each
     Check the documentation if the code is taking too long or if it crashes...
     Splitting the plot array to allow GP prediction of extended datasets, it may take a while...
     # 21 chunks of 78 times each
     Check the documentation if the code is taking too long or if it crashes...
     Splitting the plot array to allow GP prediction of extended datasets, it may take a while...
     # 21 chunks of 78 times each
     Check the documentation if the code is taking too long or if it crashes...
     Splitting the plot array to allow GP prediction of extended datasets, it may take a while...
     # 15 chunks of 78 times each
     Check the documentation if the code is taking too long or if it crashes...
     Splitting the plot array to allow GP prediction of extended datasets, it may take a while...
     # 17 chunks of 78 times each
     Check the documentation if the code is taking too long or if it crashes...
     Splitting the plot array to allow GP prediction of extended datasets, it may take a while...
     # 13 chunks of 78 times each
     Check the documentation if the code is taking too long or if it crashes...
     Splitting the plot array to allow GP prediction of extended datasets, it may take a while...
     # 15 chunks of 78 times each
     Check the documentation if the code is taking too long or if it crashes...
     Splitting the plot array to allow GP prediction of extended datasets, it may take a while...
     # 17 chunks of 78 times each
     Check the documentation if the code is taking too long or if it crashes...
     Splitting the plot array to allow GP prediction of extended datasets, it may take a while...
     # 13 chunks of 78 times each
     Check the documentation if the code is taking too long or if it crashes...
     Splitting the plot array to allow GP prediction of extended datasets, it may take a while...
     # 15 chunks of 78 times each
     Check the documentation if the code is taking too long or if it crashes...
     Splitting the plot array to allow GP prediction of extended datasets, it may take a while...
     # 17 chunks of 78 times each
     Check the documentation if the code is taking too long or if it crashes...
     Splitting the plot array to allow GP prediction of extended datasets, it may take a while...
     # 13 chunks of 78 times each
     Check the documentation if the code is taking too long or if it crashes...
     Splitting the plot array to allow GP prediction of extended datasets, it may take a while...
     # 15 chunks of 78 times each
     Check the documentation if the code is taking too long or if it crashes...
     Splitting the plot array to allow GP prediction of extended datasets, it may take a while...
     # 17 chunks of 78 times each
     Check the documentation if the code is taking too long or if it crashes...
     Splitting the plot array to allow GP prediction of extended datasets, it may take a while...
     # 13 chunks of 78 times each
     Check the documentation if the code is taking too long or if it crashes...
     Splitting the plot array to allow GP prediction of extended datasets, it may take a while...
     # 15 chunks of 78 times each
     Check the documentation if the code is taking too long or if it crashes...
     Splitting the plot array to allow GP prediction of extended datasets, it may take a while...
     # 17 chunks of 78 times each
     Check the documentation if the code is taking too long or if it crashes...
     Splitting the plot array to allow GP prediction of extended datasets, it may take a while...
     # 13 chunks of 78 times each
     Check the documentation if the code is taking too long or if it crashes...
 Writing the plots 
 Writing the   data files 
 Writing the  MAP_ data files 
 Writing the  sampleMED_ data files 

****************************************************************************************************

