
:::---::: PyORBIT v11.0.1 :::---:::

Python version in use:
3.10.18 (main, Jun  5 2025, 13:14:17) [GCC 11.2.0]

reloaded_optimize:  False
reloaded_pyde:  False
reloaded_emcee:  False

number of multiprocessing threads: 16
multiprocessing method (should be fork):  fork

parameters/safe_reload flag (must be True for tinygp):  False

Opening:  RVdata_expres
Opening:  RVdata_harps
Opening:  RVdata_neid
Opening:  FIESTAdata_expres_mode1
Opening:  FIESTAdata_expres_mode2
Opening:  FIESTAdata_expres_mode3
Opening:  FIESTAdata_harps_mode1
Opening:  FIESTAdata_harps_mode2
Opening:  FIESTAdata_harps_mode3
Opening:  FIESTAdata_harpsn_mode1
Opening:  FIESTAdata_harpsn_mode2
Opening:  FIESTAdata_harpsn_mode3
Opening:  FIESTAdata_neid_mode1
Opening:  FIESTAdata_neid_mode2
Opening:  FIESTAdata_neid_mode3

gp_multidimensional  S+LEAF model, number of harmonics: 4

GP model: gp_multidimensional  hyperparameters_condition:    True
GP model: gp_multidimensional  rotation_decay_condition:     True

====================================================================================================
     Ids, spaces (s), boundaries (b) and priors (p) of the sampler parameters     
====================================================================================================

----- dataset:  RVdata_expres
jitter_0      id:   3  s:Linear      b:[      0.0010,      14.4000]   p:Uniform   []
offset_0      id:   4  s:Linear      b:[  -9996.1930,   10013.7390]   p:Uniform   []

----- dataset: RVdata_expres             ----- model: gp_multidimensional           
rot_amp       id:   5  s:Linear      b:[      0.0000,      10.0000]   p:Uniform   []
con_amp       id:   6  s:Linear      b:[    -20.0000,      20.0000]   p:Uniform   []

----- dataset:  RVdata_harps
jitter_0      id:   7  s:Linear      b:[      0.0009,      12.4000]   p:Uniform   []
offset_0      id:   8  s:Linear      b:[  -9994.9455,   10014.6615]   p:Uniform   []
offset_1      id:   9  s:Linear      b:[  -9994.9455,   10014.6615]   p:Uniform   []

----- dataset: RVdata_harps              ----- model: gp_multidimensional           
rot_amp       id:  10  s:Linear      b:[      0.0000,      10.0000]   p:Uniform   []
con_amp       id:  11  s:Linear      b:[    -20.0000,      20.0000]   p:Uniform   []

----- dataset:  RVdata_neid
jitter_0      id:  12  s:Linear      b:[      0.0010,      12.3000]   p:Uniform   []
offset_0      id:  13  s:Linear      b:[  -9994.3136,   10014.8014]   p:Uniform   []

----- dataset: RVdata_neid               ----- model: gp_multidimensional           
rot_amp       id:  14  s:Linear      b:[      0.0000,      10.0000]   p:Uniform   []
con_amp       id:  15  s:Linear      b:[    -20.0000,      20.0000]   p:Uniform   []

----- dataset:  FIESTAdata_expres_mode1
jitter_0      id:  16  s:Linear      b:[      0.0017,      23.1624]   p:Uniform   []
offset_0      id:  17  s:Linear      b:[ -10002.1847,   10001.9137]   p:Uniform   []

----- dataset: FIESTAdata_expres_mode1   ----- model: gp_multidimensional           
rot_amp       id:  18  s:Linear      b:[    -10.0000,      10.0000]   p:Uniform   []
con_amp       id:  19  s:Linear      b:[    -20.0000,      20.0000]   p:Uniform   []

----- dataset:  FIESTAdata_expres_mode2
jitter_0      id:  20  s:Linear      b:[      0.0019,      26.5895]   p:Uniform   []
offset_0      id:  21  s:Linear      b:[ -10003.0918,   10003.3536]   p:Uniform   []

----- dataset: FIESTAdata_expres_mode2   ----- model: gp_multidimensional           
rot_amp       id:  22  s:Linear      b:[    -10.0000,      10.0000]   p:Uniform   []
con_amp       id:  23  s:Linear      b:[    -20.0000,      20.0000]   p:Uniform   []

----- dataset:  FIESTAdata_expres_mode3
jitter_0      id:  24  s:Linear      b:[      0.0044,      61.7088]   p:Uniform   []
offset_0      id:  25  s:Linear      b:[ -10007.6548,   10007.7250]   p:Uniform   []

----- dataset: FIESTAdata_expres_mode3   ----- model: gp_multidimensional           
rot_amp       id:  26  s:Linear      b:[    -10.0000,      10.0000]   p:Uniform   []
con_amp       id:  27  s:Linear      b:[    -20.0000,      20.0000]   p:Uniform   []

----- dataset:  FIESTAdata_harps_mode1
jitter_0      id:  28  s:Linear      b:[      0.0013,      14.0975]   p:Uniform   []
offset_0      id:  29  s:Linear      b:[ -10001.5162,   10001.7187]   p:Uniform   []

----- dataset: FIESTAdata_harps_mode1    ----- model: gp_multidimensional           
rot_amp       id:  30  s:Linear      b:[    -10.0000,      10.0000]   p:Uniform   []
con_amp       id:  31  s:Linear      b:[    -20.0000,      20.0000]   p:Uniform   []

----- dataset:  FIESTAdata_harps_mode2
jitter_0      id:  32  s:Linear      b:[      0.0016,      16.6619]   p:Uniform   []
offset_0      id:  33  s:Linear      b:[ -10002.0632,   10001.8156]   p:Uniform   []

----- dataset: FIESTAdata_harps_mode2    ----- model: gp_multidimensional           
rot_amp       id:  34  s:Linear      b:[    -10.0000,      10.0000]   p:Uniform   []
con_amp       id:  35  s:Linear      b:[    -20.0000,      20.0000]   p:Uniform   []

----- dataset:  FIESTAdata_harps_mode3
jitter_0      id:  36  s:Linear      b:[      0.0044,      47.8256]   p:Uniform   []
offset_0      id:  37  s:Linear      b:[ -10011.2944,   10006.6672]   p:Uniform   []

----- dataset: FIESTAdata_harps_mode3    ----- model: gp_multidimensional           
rot_amp       id:  38  s:Linear      b:[    -10.0000,      10.0000]   p:Uniform   []
con_amp       id:  39  s:Linear      b:[    -20.0000,      20.0000]   p:Uniform   []

----- dataset:  FIESTAdata_harpsn_mode1
jitter_0      id:  40  s:Linear      b:[      0.0010,      12.1573]   p:Uniform   []
offset_0      id:  41  s:Linear      b:[ -10003.6215,   10002.5502]   p:Uniform   []

----- dataset: FIESTAdata_harpsn_mode1   ----- model: gp_multidimensional           
rot_amp       id:  42  s:Linear      b:[    -10.0000,      10.0000]   p:Uniform   []
con_amp       id:  43  s:Linear      b:[    -20.0000,      20.0000]   p:Uniform   []

----- dataset:  FIESTAdata_harpsn_mode2
jitter_0      id:  44  s:Linear      b:[      0.0012,      14.0974]   p:Uniform   []
offset_0      id:  45  s:Linear      b:[ -10003.8285,   10004.7191]   p:Uniform   []

----- dataset: FIESTAdata_harpsn_mode2   ----- model: gp_multidimensional           
rot_amp       id:  46  s:Linear      b:[    -10.0000,      10.0000]   p:Uniform   []
con_amp       id:  47  s:Linear      b:[    -20.0000,      20.0000]   p:Uniform   []

----- dataset:  FIESTAdata_harpsn_mode3
jitter_0      id:  48  s:Linear      b:[      0.0033,      39.4879]   p:Uniform   []
offset_0      id:  49  s:Linear      b:[ -10012.2440,   10012.0803]   p:Uniform   []

----- dataset: FIESTAdata_harpsn_mode3   ----- model: gp_multidimensional           
rot_amp       id:  50  s:Linear      b:[    -10.0000,      10.0000]   p:Uniform   []
con_amp       id:  51  s:Linear      b:[    -20.0000,      20.0000]   p:Uniform   []

----- dataset:  FIESTAdata_neid_mode1
jitter_0      id:  52  s:Linear      b:[      0.0016,      19.2528]   p:Uniform   []
offset_0      id:  53  s:Linear      b:[ -10002.1932,   10001.8029]   p:Uniform   []

----- dataset: FIESTAdata_neid_mode1     ----- model: gp_multidimensional           
rot_amp       id:  54  s:Linear      b:[    -10.0000,      10.0000]   p:Uniform   []
con_amp       id:  55  s:Linear      b:[    -20.0000,      20.0000]   p:Uniform   []

----- dataset:  FIESTAdata_neid_mode2
jitter_0      id:  56  s:Linear      b:[      0.0020,      23.2183]   p:Uniform   []
offset_0      id:  57  s:Linear      b:[ -10002.9015,   10003.2537]   p:Uniform   []

----- dataset: FIESTAdata_neid_mode2     ----- model: gp_multidimensional           
rot_amp       id:  58  s:Linear      b:[    -10.0000,      10.0000]   p:Uniform   []
con_amp       id:  59  s:Linear      b:[    -20.0000,      20.0000]   p:Uniform   []

----- dataset:  FIESTAdata_neid_mode3
jitter_0      id:  60  s:Linear      b:[      0.0049,      58.0802]   p:Uniform   []
offset_0      id:  61  s:Linear      b:[ -10007.2877,   10005.5780]   p:Uniform   []

----- dataset: FIESTAdata_neid_mode3     ----- model: gp_multidimensional           
rot_amp       id:  62  s:Linear      b:[    -10.0000,      10.0000]   p:Uniform   []
con_amp       id:  63  s:Linear      b:[    -20.0000,      20.0000]   p:Uniform   []

----- common model:  activity
Prot          id:   0  s:Linear      b:[     20.0000,      35.0000]   p:Gaussian   [28.   0.5]
Pdec          id:   1  s:Linear      b:[     30.0000,    1000.0000]   p:Uniform   []
Oamp          id:   2  s:Log_Base2   b:[     -6.6439,       0.0000]   p:Gaussian   [0.35  0.035]

----- common model:  star_parameters
mass          derived (no id, space, bound)                           p:Gaussian   [1.e+00 1.e-06]
radius        derived (no id, space, bound)                           p:Gaussian   [1.e+00 1.e-06]
density       derived (no id, space, bound)                           p:Gaussian   [1.e+00 1.e-06]

Include priors:  True

Reference Time Tref:  59334.700184

Dimensions =  64
Nwalkers =  256

Using threading pool for PyDE: True
PyDE running
Boundaries redefined after PyDE output
PyDE completed, it took        329.3 seconds

====================================================================================================
     Starting point of the sample/optimization routines    
====================================================================================================

----- dataset:  RVdata_expres
jitter_0         3      1.349923 [    0.0010,    14.4000]
offset_0         4      8.926439 [-9996.1930, 10013.7390]

----- dataset: RVdata_expres             ----- model: gp_multidimensional           
rot_amp          5      0.703946 [    0.0000,    10.0000]
con_amp          6     -2.817307 [  -20.0000,    20.0000]

----- dataset:  RVdata_harps
jitter_0         7      0.975724 [    0.0009,    12.4000]
offset_0         8      9.438618 [-9994.9455, 10014.6615]
offset_1         9      9.934496 [-9994.9455, 10014.6615]

----- dataset: RVdata_harps              ----- model: gp_multidimensional           
rot_amp         10      0.880637 [    0.0000,    10.0000]
con_amp         11     -2.745968 [  -20.0000,    20.0000]

----- dataset:  RVdata_neid
jitter_0        12      0.951285 [    0.0010,    12.3000]
offset_0        13      9.788924 [-9994.3136, 10014.8014]

----- dataset: RVdata_neid               ----- model: gp_multidimensional           
rot_amp         14      0.001773 [    0.0000,    10.0000]
con_amp         15     -2.552943 [  -20.0000,    20.0000]

----- dataset:  FIESTAdata_expres_mode1
jitter_0        16      0.820651 [    0.0017,    23.1624]
offset_0        17      0.020761 [-10002.1847, 10001.9137]

----- dataset: FIESTAdata_expres_mode1   ----- model: gp_multidimensional           
rot_amp         18     -0.346634 [  -10.0000,    10.0000]
con_amp         19     -0.035160 [  -20.0000,    20.0000]

----- dataset:  FIESTAdata_expres_mode2
jitter_0        20      1.180900 [    0.0019,    26.5895]
offset_0        21     -0.034261 [-10003.0918, 10003.3536]

----- dataset: FIESTAdata_expres_mode2   ----- model: gp_multidimensional           
rot_amp         22      0.087921 [  -10.0000,    10.0000]
con_amp         23      0.331836 [  -20.0000,    20.0000]

----- dataset:  FIESTAdata_expres_mode3
jitter_0        24      3.391197 [    0.0044,    61.7088]
offset_0        25     -0.097103 [-10007.6548, 10007.7250]

----- dataset: FIESTAdata_expres_mode3   ----- model: gp_multidimensional           
rot_amp         26      1.639844 [  -10.0000,    10.0000]
con_amp         27      0.342631 [  -20.0000,    20.0000]

----- dataset:  FIESTAdata_harps_mode1
jitter_0        28      0.918191 [    0.0013,    14.0975]
offset_0        29      0.078602 [-10001.5162, 10001.7187]

----- dataset: FIESTAdata_harps_mode1    ----- model: gp_multidimensional           
rot_amp         30      0.809831 [  -10.0000,    10.0000]
con_amp         31      0.083246 [  -20.0000,    20.0000]

----- dataset:  FIESTAdata_harps_mode2
jitter_0        32      1.091186 [    0.0016,    16.6619]
offset_0        33     -0.026850 [-10002.0632, 10001.8156]

----- dataset: FIESTAdata_harps_mode2    ----- model: gp_multidimensional           
rot_amp         34     -0.525026 [  -10.0000,    10.0000]
con_amp         35     -0.625718 [  -20.0000,    20.0000]

----- dataset:  FIESTAdata_harps_mode3
jitter_0        36      3.179534 [    0.0044,    47.8256]
offset_0        37     -0.471746 [-10011.2944, 10006.6672]

----- dataset: FIESTAdata_harps_mode3    ----- model: gp_multidimensional           
rot_amp         38     -2.703114 [  -10.0000,    10.0000]
con_amp         39      3.630872 [  -20.0000,    20.0000]

----- dataset:  FIESTAdata_harpsn_mode1
jitter_0        40      1.310301 [    0.0010,    12.1573]
offset_0        41     -0.013665 [-10003.6215, 10002.5502]

----- dataset: FIESTAdata_harpsn_mode1   ----- model: gp_multidimensional           
rot_amp         42      0.619160 [  -10.0000,    10.0000]
con_amp         43     -0.591170 [  -20.0000,    20.0000]

----- dataset:  FIESTAdata_harpsn_mode2
jitter_0        44      1.714129 [    0.0012,    14.0974]
offset_0        45      0.003587 [-10003.8285, 10004.7191]

----- dataset: FIESTAdata_harpsn_mode2   ----- model: gp_multidimensional           
rot_amp         46     -0.494477 [  -10.0000,    10.0000]
con_amp         47      0.794098 [  -20.0000,    20.0000]

----- dataset:  FIESTAdata_harpsn_mode3
jitter_0        48      4.392767 [    0.0033,    39.4879]
offset_0        49      0.060046 [-10012.2440, 10012.0803]

----- dataset: FIESTAdata_harpsn_mode3   ----- model: gp_multidimensional           
rot_amp         50     -2.047366 [  -10.0000,    10.0000]
con_amp         51      0.197693 [  -20.0000,    20.0000]

----- dataset:  FIESTAdata_neid_mode1
jitter_0        52      0.696780 [    0.0016,    19.2528]
offset_0        53      0.021433 [-10002.1932, 10001.8029]

----- dataset: FIESTAdata_neid_mode1     ----- model: gp_multidimensional           
rot_amp         54      0.638753 [  -10.0000,    10.0000]
con_amp         55      0.115628 [  -20.0000,    20.0000]

----- dataset:  FIESTAdata_neid_mode2
jitter_0        56      1.094074 [    0.0020,    23.2183]
offset_0        57     -0.056724 [-10002.9015, 10003.2537]

----- dataset: FIESTAdata_neid_mode2     ----- model: gp_multidimensional           
rot_amp         58     -1.258407 [  -10.0000,    10.0000]
con_amp         59      0.071866 [  -20.0000,    20.0000]

----- dataset:  FIESTAdata_neid_mode3
jitter_0        60      2.543661 [    0.0049,    58.0802]
offset_0        61      0.139053 [-10007.2877, 10005.5780]

----- dataset: FIESTAdata_neid_mode3     ----- model: gp_multidimensional           
rot_amp         62      1.520010 [  -10.0000,    10.0000]
con_amp         63     -0.833413 [  -20.0000,    20.0000]

----- common model:  activity
Prot             0     28.024350 [   20.0000,    35.0000]
Pdec             1     30.105006 [   30.0000,  1000.0000]
Oamp             2     -1.461659 [   -6.6439,     0.0000]

----- common model:  star_parameters

====================================================================================================
     Starting point projected onto the model parameter space     
====================================================================================================

----- dataset:  RVdata_expres
jitter_0              1.349923 
offset_0              8.926439 


----- dataset: RVdata_expres             ----- model: gp_multidimensional           
rot_amp               0.703946 
con_amp              -2.817307 

----- dataset:  RVdata_harps
jitter_0              0.975724 
offset_0              9.438618 
offset_1              9.934496 


----- dataset: RVdata_harps              ----- model: gp_multidimensional           
rot_amp               0.880637 
con_amp              -2.745968 

----- dataset:  RVdata_neid
jitter_0              0.951285 
offset_0              9.788924 


----- dataset: RVdata_neid               ----- model: gp_multidimensional           
rot_amp               0.001773 
con_amp              -2.552943 

----- dataset:  FIESTAdata_expres_mode1
jitter_0              0.820651 
offset_0              0.020761 


----- dataset: FIESTAdata_expres_mode1   ----- model: gp_multidimensional           
rot_amp              -0.346634 
con_amp              -0.035160 

----- dataset:  FIESTAdata_expres_mode2
jitter_0              1.180900 
offset_0             -0.034261 


----- dataset: FIESTAdata_expres_mode2   ----- model: gp_multidimensional           
rot_amp               0.087921 
con_amp               0.331836 

----- dataset:  FIESTAdata_expres_mode3
jitter_0              3.391197 
offset_0             -0.097103 


----- dataset: FIESTAdata_expres_mode3   ----- model: gp_multidimensional           
rot_amp               1.639844 
con_amp               0.342631 

----- dataset:  FIESTAdata_harps_mode1
jitter_0              0.918191 
offset_0              0.078602 


----- dataset: FIESTAdata_harps_mode1    ----- model: gp_multidimensional           
rot_amp               0.809831 
con_amp               0.083246 

----- dataset:  FIESTAdata_harps_mode2
jitter_0              1.091186 
offset_0             -0.026850 


----- dataset: FIESTAdata_harps_mode2    ----- model: gp_multidimensional           
rot_amp              -0.525026 
con_amp              -0.625718 

----- dataset:  FIESTAdata_harps_mode3
jitter_0              3.179534 
offset_0             -0.471746 


----- dataset: FIESTAdata_harps_mode3    ----- model: gp_multidimensional           
rot_amp              -2.703114 
con_amp               3.630872 

----- dataset:  FIESTAdata_harpsn_mode1
jitter_0              1.310301 
offset_0             -0.013665 


----- dataset: FIESTAdata_harpsn_mode1   ----- model: gp_multidimensional           
rot_amp               0.619160 
con_amp              -0.591170 

----- dataset:  FIESTAdata_harpsn_mode2
jitter_0              1.714129 
offset_0              0.003587 


----- dataset: FIESTAdata_harpsn_mode2   ----- model: gp_multidimensional           
rot_amp              -0.494477 
con_amp               0.794098 

----- dataset:  FIESTAdata_harpsn_mode3
jitter_0              4.392767 
offset_0              0.060046 


----- dataset: FIESTAdata_harpsn_mode3   ----- model: gp_multidimensional           
rot_amp              -2.047366 
con_amp               0.197693 

----- dataset:  FIESTAdata_neid_mode1
jitter_0              0.696780 
offset_0              0.021433 


----- dataset: FIESTAdata_neid_mode1     ----- model: gp_multidimensional           
rot_amp               0.638753 
con_amp               0.115628 

----- dataset:  FIESTAdata_neid_mode2
jitter_0              1.094074 
offset_0             -0.056724 


----- dataset: FIESTAdata_neid_mode2     ----- model: gp_multidimensional           
rot_amp              -1.258407 
con_amp               0.071866 

----- dataset:  FIESTAdata_neid_mode3
jitter_0              2.543661 
offset_0              0.139053 


----- dataset: FIESTAdata_neid_mode3     ----- model: gp_multidimensional           
rot_amp               1.520010 
con_amp              -0.833413 

----- common model:  activity
Prot                 28.024350 
Pdec                 30.105006 
Oamp                  0.363075 

----- common model:  star_parameters

====================================================================================================
     Derived parameters obtained from starting point     
====================================================================================================


====================================================================================================
     Statistics on the log-likelihood     
====================================================================================================

 LN probability: -2637.309964 

====================================================================================================
     ------------------------------------------------------------------------------------------     
====================================================================================================



*************************************************************

Running emcee

emcee version:  3.1.6
Using threading pool for emcee: True

Saving temporary steps


Computing the autocorrelation time of the chains

***** WARNING ******
The integrated autocorrelation time cannot be reliably estimated
likely the chains are too short, and ACF analysis is not fully reliable
emcee.autocorr.integrated_time tolerance lowered to 20
If you still get a warning, you should drop these results entirely
Chains too short to apply convergence criteria
They should be at least 21250*nthin = 212500

====================================================================================================
     Statistics on the posterior of the sampler parameters     
====================================================================================================

----- dataset:  RVdata_expres
jitter_0         3          1.37        -0.10         0.11   (15-84 p)   [    0.0010,    14.4000]
offset_0         4           9.8         -4.4          4.6   (15-84 p)   [-9996.1930, 10013.7390]

----- dataset: RVdata_expres             ----- model: gp_multidimensional           
rot_amp          5           5.0         -2.8          2.9   (15-84 p)   [    0.0000,    10.0000]
con_amp          6         -17.5         -1.7          2.4   (15-84 p)   [  -20.0000,    20.0000]

----- dataset:  RVdata_harps
jitter_0         7         0.998       -0.075        0.085   (15-84 p)   [    0.0009,    12.4000]
offset_0         8          10.3         -4.3          4.5   (15-84 p)   [-9994.9455, 10014.6615]
offset_1         9          10.8         -4.3          4.5   (15-84 p)   [-9994.9455, 10014.6615]

----- dataset: RVdata_harps              ----- model: gp_multidimensional           
rot_amp         10           6.0         -2.8          2.4   (15-84 p)   [    0.0000,    10.0000]
con_amp         11         -17.1         -1.8          2.2   (15-84 p)   [  -20.0000,    20.0000]

----- dataset:  RVdata_neid
jitter_0        12         0.956       -0.076        0.089   (15-84 p)   [    0.0010,    12.3000]
offset_0        13          10.6         -4.0          4.3   (15-84 p)   [-9994.3136, 10014.8014]

----- dataset: RVdata_neid               ----- model: gp_multidimensional           
rot_amp         14          1.04        -0.75          1.3   (15-84 p)   [    0.0000,    10.0000]
con_amp         15         -16.0         -1.9          2.1   (15-84 p)   [  -20.0000,    20.0000]

----- dataset:  FIESTAdata_expres_mode1
jitter_0        16         0.841       -0.060        0.064   (15-84 p)   [    0.0017,    23.1624]
offset_0        17          0.03        -0.17         0.18   (15-84 p)   [-10002.1847, 10001.9137]

----- dataset: FIESTAdata_expres_mode1   ----- model: gp_multidimensional           
rot_amp         18          -1.7         -1.7          1.6   (15-84 p)   [  -10.0000,    10.0000]
con_amp         19         -0.21        -0.85         0.79   (15-84 p)   [  -20.0000,    20.0000]

----- dataset:  FIESTAdata_expres_mode2
jitter_0        20         1.209       -0.080        0.094   (15-84 p)   [    0.0019,    26.5895]
offset_0        21         -0.09        -0.55         0.42   (15-84 p)   [-10003.0918, 10003.3536]

----- dataset: FIESTAdata_expres_mode2   ----- model: gp_multidimensional           
rot_amp         22           0.5         -2.6          2.6   (15-84 p)   [  -10.0000,    10.0000]
con_amp         23           1.9         -1.1          1.1   (15-84 p)   [  -20.0000,    20.0000]

----- dataset:  FIESTAdata_expres_mode3
jitter_0        24          3.48        -0.24         0.27   (15-84 p)   [    0.0044,    61.7088]
offset_0        25         -0.16        -0.92         0.71   (15-84 p)   [-10007.6548, 10007.7250]

----- dataset: FIESTAdata_expres_mode3   ----- model: gp_multidimensional           
rot_amp         26           4.7         -5.6          3.7   (15-84 p)   [  -10.0000,    10.0000]
con_amp         27           2.3         -3.2          3.3   (15-84 p)   [  -20.0000,    20.0000]

----- dataset:  FIESTAdata_harps_mode1
jitter_0        28          1.00        -0.14         0.18   (15-84 p)   [    0.0013,    14.0975]
offset_0        29          0.05        -0.48         0.38   (15-84 p)   [-10001.5162, 10001.7187]

----- dataset: FIESTAdata_harps_mode1    ----- model: gp_multidimensional           
rot_amp         30           4.3         -3.6          3.1   (15-84 p)   [  -10.0000,    10.0000]
con_amp         31           0.7         -1.8          1.9   (15-84 p)   [  -20.0000,    20.0000]

----- dataset:  FIESTAdata_harps_mode2
jitter_0        32          1.19        -0.16         0.21   (15-84 p)   [    0.0016,    16.6619]
offset_0        33          0.12        -0.87          1.1   (15-84 p)   [-10002.0632, 10001.8156]

----- dataset: FIESTAdata_harps_mode2    ----- model: gp_multidimensional           
rot_amp         34          -2.8         -4.0          4.2   (15-84 p)   [  -10.0000,    10.0000]
con_amp         35          -3.9         -2.2          2.1   (15-84 p)   [  -20.0000,    20.0000]

----- dataset:  FIESTAdata_harps_mode3
jitter_0        36          3.56        -0.49         0.68   (15-84 p)   [    0.0044,    47.8256]
offset_0        37          -0.9         -4.2          3.8   (15-84 p)   [-10011.2944, 10006.6672]

----- dataset: FIESTAdata_harps_mode3    ----- model: gp_multidimensional           
rot_amp         38          -3.7         -4.5          7.2   (15-84 p)   [  -10.0000,    10.0000]
con_amp         39          16.0         -4.6          2.8   (15-84 p)   [  -20.0000,    20.0000]

----- dataset:  FIESTAdata_harpsn_mode1
jitter_0        40         1.340       -0.096         0.11   (15-84 p)   [    0.0010,    12.1573]
offset_0        41          0.13        -0.78         0.94   (15-84 p)   [-10003.6215, 10002.5502]

----- dataset: FIESTAdata_harpsn_mode1   ----- model: gp_multidimensional           
rot_amp         42           3.2         -2.9          2.8   (15-84 p)   [  -10.0000,    10.0000]
con_amp         43          -3.4         -1.5          1.4   (15-84 p)   [  -20.0000,    20.0000]

----- dataset:  FIESTAdata_harpsn_mode2
jitter_0        44          1.76        -0.13         0.15   (15-84 p)   [    0.0012,    14.0974]
offset_0        45          -0.2         -1.3          1.1   (15-84 p)   [-10003.8285, 10004.7191]

----- dataset: FIESTAdata_harpsn_mode2   ----- model: gp_multidimensional           
rot_amp         46          -2.4         -3.7          3.7   (15-84 p)   [  -10.0000,    10.0000]
con_amp         47           4.6         -1.8          1.8   (15-84 p)   [  -20.0000,    20.0000]

----- dataset:  FIESTAdata_harpsn_mode3
jitter_0        48          4.51        -0.34         0.38   (15-84 p)   [    0.0033,    39.4879]
offset_0        49           0.0         -1.0          1.0   (15-84 p)   [-10012.2440, 10012.0803]

----- dataset: FIESTAdata_harpsn_mode3   ----- model: gp_multidimensional           
rot_amp         50          -4.6         -3.8          6.5   (15-84 p)   [  -10.0000,    10.0000]
con_amp         51           0.4         -4.7          4.7   (15-84 p)   [  -20.0000,    20.0000]

----- dataset:  FIESTAdata_neid_mode1
jitter_0        52         0.719       -0.055        0.062   (15-84 p)   [    0.0016,    19.2528]
offset_0        53         -0.01        -0.25         0.19   (15-84 p)   [-10002.1932, 10001.8029]

----- dataset: FIESTAdata_neid_mode1     ----- model: gp_multidimensional           
rot_amp         54           3.4         -1.6          1.8   (15-84 p)   [  -10.0000,    10.0000]
con_amp         55          0.73        -0.69         0.75   (15-84 p)   [  -20.0000,    20.0000]

----- dataset:  FIESTAdata_neid_mode2
jitter_0        56         1.128       -0.085        0.092   (15-84 p)   [    0.0020,    23.2183]
offset_0        57         -0.07        -0.26         0.25   (15-84 p)   [-10002.9015, 10003.2537]

----- dataset: FIESTAdata_neid_mode2     ----- model: gp_multidimensional           
rot_amp         58          -6.6         -2.1          2.4   (15-84 p)   [  -10.0000,    10.0000]
con_amp         59           0.5         -1.1          1.2   (15-84 p)   [  -20.0000,    20.0000]

----- dataset:  FIESTAdata_neid_mode3
jitter_0        60          2.61        -0.20         0.22   (15-84 p)   [    0.0049,    58.0802]
offset_0        61           0.3         -1.2          1.5   (15-84 p)   [-10007.2877, 10005.5780]

----- dataset: FIESTAdata_neid_mode3     ----- model: gp_multidimensional           
rot_amp         62           5.8         -4.4          2.8   (15-84 p)   [  -10.0000,    10.0000]
con_amp         63          -5.3         -2.7          2.6   (15-84 p)   [  -20.0000,    20.0000]

----- common model:  activity
Prot             0         28.19        -0.48         0.47   (15-84 p)   [   20.0000,    35.0000]
Pdec             1            95          -17           17   (15-84 p)   [   30.0000,  1000.0000]
Oamp             2         -1.30        -0.13         0.12   (15-84 p)   [   -6.6439,     0.0000]

----- common model:  star_parameters

====================================================================================================
     Statistics on the model parameters obtained from the posteriors samples     
====================================================================================================

----- dataset:  RVdata_expres
jitter_0                  1.37        -0.10         0.11    (15-84 p)
offset_0                   9.8         -4.4          4.6    (15-84 p)


----- dataset: RVdata_expres             ----- model: gp_multidimensional           
rot_amp                    5.0         -2.8          2.9    (15-84 p)
con_amp                  -17.5         -1.7          2.4    (15-84 p)

----- dataset:  RVdata_harps
jitter_0                 0.998       -0.075        0.085    (15-84 p)
offset_0                  10.3         -4.3          4.5    (15-84 p)
offset_1                  10.8         -4.3          4.5    (15-84 p)


----- dataset: RVdata_harps              ----- model: gp_multidimensional           
rot_amp                    6.0         -2.8          2.4    (15-84 p)
con_amp                  -17.1         -1.8          2.2    (15-84 p)

----- dataset:  RVdata_neid
jitter_0                 0.956       -0.076        0.089    (15-84 p)
offset_0                  10.6         -4.0          4.3    (15-84 p)


----- dataset: RVdata_neid               ----- model: gp_multidimensional           
rot_amp                   1.04        -0.75          1.3    (15-84 p)
con_amp                  -16.0         -1.9          2.1    (15-84 p)

----- dataset:  FIESTAdata_expres_mode1
jitter_0                 0.841       -0.060        0.064    (15-84 p)
offset_0                  0.03        -0.17         0.18    (15-84 p)


----- dataset: FIESTAdata_expres_mode1   ----- model: gp_multidimensional           
rot_amp                   -1.7         -1.7          1.6    (15-84 p)
con_amp                  -0.21        -0.85         0.79    (15-84 p)

----- dataset:  FIESTAdata_expres_mode2
jitter_0                 1.209       -0.080        0.094    (15-84 p)
offset_0                 -0.09        -0.55         0.42    (15-84 p)


----- dataset: FIESTAdata_expres_mode2   ----- model: gp_multidimensional           
rot_amp                    0.5         -2.6          2.6    (15-84 p)
con_amp                    1.9         -1.1          1.1    (15-84 p)

----- dataset:  FIESTAdata_expres_mode3
jitter_0                  3.48        -0.24         0.27    (15-84 p)
offset_0                 -0.16        -0.92         0.71    (15-84 p)


----- dataset: FIESTAdata_expres_mode3   ----- model: gp_multidimensional           
rot_amp                    4.7         -5.6          3.7    (15-84 p)
con_amp                    2.3         -3.2          3.3    (15-84 p)

----- dataset:  FIESTAdata_harps_mode1
jitter_0                  1.00        -0.14         0.18    (15-84 p)
offset_0                  0.05        -0.48         0.38    (15-84 p)


----- dataset: FIESTAdata_harps_mode1    ----- model: gp_multidimensional           
rot_amp                    4.3         -3.6          3.1    (15-84 p)
con_amp                    0.7         -1.8          1.9    (15-84 p)

----- dataset:  FIESTAdata_harps_mode2
jitter_0                  1.19        -0.16         0.21    (15-84 p)
offset_0                  0.12        -0.87          1.1    (15-84 p)


----- dataset: FIESTAdata_harps_mode2    ----- model: gp_multidimensional           
rot_amp                   -2.8         -4.0          4.2    (15-84 p)
con_amp                   -3.9         -2.2          2.1    (15-84 p)

----- dataset:  FIESTAdata_harps_mode3
jitter_0                  3.56        -0.49         0.68    (15-84 p)
offset_0                  -0.9         -4.2          3.8    (15-84 p)


----- dataset: FIESTAdata_harps_mode3    ----- model: gp_multidimensional           
rot_amp                   -3.7         -4.5          7.2    (15-84 p)
con_amp                   16.0         -4.6          2.8    (15-84 p)

----- dataset:  FIESTAdata_harpsn_mode1
jitter_0                 1.340       -0.096         0.11    (15-84 p)
offset_0                  0.13        -0.78         0.94    (15-84 p)


----- dataset: FIESTAdata_harpsn_mode1   ----- model: gp_multidimensional           
rot_amp                    3.2         -2.9          2.8    (15-84 p)
con_amp                   -3.4         -1.5          1.4    (15-84 p)

----- dataset:  FIESTAdata_harpsn_mode2
jitter_0                  1.76        -0.13         0.15    (15-84 p)
offset_0                  -0.2         -1.3          1.1    (15-84 p)


----- dataset: FIESTAdata_harpsn_mode2   ----- model: gp_multidimensional           
rot_amp                   -2.4         -3.7          3.7    (15-84 p)
con_amp                    4.6         -1.8          1.8    (15-84 p)

----- dataset:  FIESTAdata_harpsn_mode3
jitter_0                  4.51        -0.34         0.38    (15-84 p)
offset_0                   0.0         -1.0          1.0    (15-84 p)


----- dataset: FIESTAdata_harpsn_mode3   ----- model: gp_multidimensional           
rot_amp                   -4.6         -3.8          6.5    (15-84 p)
con_amp                    0.4         -4.7          4.7    (15-84 p)

----- dataset:  FIESTAdata_neid_mode1
jitter_0                 0.719       -0.055        0.062    (15-84 p)
offset_0                 -0.01        -0.25         0.19    (15-84 p)


----- dataset: FIESTAdata_neid_mode1     ----- model: gp_multidimensional           
rot_amp                    3.4         -1.6          1.8    (15-84 p)
con_amp                   0.73        -0.69         0.75    (15-84 p)

----- dataset:  FIESTAdata_neid_mode2
jitter_0                 1.128       -0.085        0.092    (15-84 p)
offset_0                 -0.07        -0.26         0.25    (15-84 p)


----- dataset: FIESTAdata_neid_mode2     ----- model: gp_multidimensional           
rot_amp                   -6.6         -2.1          2.4    (15-84 p)
con_amp                    0.5         -1.1          1.2    (15-84 p)

----- dataset:  FIESTAdata_neid_mode3
jitter_0                  2.61        -0.20         0.22    (15-84 p)
offset_0                   0.3         -1.2          1.5    (15-84 p)


----- dataset: FIESTAdata_neid_mode3     ----- model: gp_multidimensional           
rot_amp                    5.8         -4.4          2.8    (15-84 p)
con_amp                   -5.3         -2.7          2.6    (15-84 p)

----- common model:  activity
Prot                     28.19        -0.48         0.47    (15-84 p)
Pdec                        95          -17           17    (15-84 p)
Oamp                     0.405       -0.034        0.034    (15-84 p)

----- common model:  star_parameters

====================================================================================================
     Statistics on the derived parameters obtained from the posteriors samples     
====================================================================================================


====================================================================================================
     ------------------------------------------------------------------------------------------     
====================================================================================================



35000.0   steps completed, average lnprob:,  -2689.201308708105


Computing the autocorrelation time of the chains

***** WARNING ******
The integrated autocorrelation time cannot be reliably estimated
likely the chains are too short, and ACF analysis is not fully reliable
emcee.autocorr.integrated_time tolerance lowered to 20
If you still get a warning, you should drop these results entirely
Chains too short to apply convergence criteria
They should be at least 37550*nthin = 375500

====================================================================================================
     Statistics on the posterior of the sampler parameters     
====================================================================================================

----- dataset:  RVdata_expres
jitter_0         3          1.37        -0.10         0.11   (15-84 p)   [    0.0010,    14.4000]
offset_0         4          10.2         -5.1          5.7   (15-84 p)   [-9996.1930, 10013.7390]

----- dataset: RVdata_expres             ----- model: gp_multidimensional           
rot_amp          5           5.3         -2.9          2.8   (15-84 p)   [    0.0000,    10.0000]
con_amp          6         -17.7         -1.6          2.3   (15-84 p)   [  -20.0000,    20.0000]

----- dataset:  RVdata_harps
jitter_0         7         0.996       -0.074        0.083   (15-84 p)   [    0.0009,    12.4000]
offset_0         8          10.6         -5.0          5.5   (15-84 p)   [-9994.9455, 10014.6615]
offset_1         9          11.1         -5.0          5.5   (15-84 p)   [-9994.9455, 10014.6615]

----- dataset: RVdata_harps              ----- model: gp_multidimensional           
rot_amp         10           6.4         -2.9          2.3   (15-84 p)   [    0.0000,    10.0000]
con_amp         11         -17.2         -1.7          2.2   (15-84 p)   [  -20.0000,    20.0000]

----- dataset:  RVdata_neid
jitter_0        12         0.959       -0.078        0.090   (15-84 p)   [    0.0010,    12.3000]
offset_0        13          10.9         -4.7          5.2   (15-84 p)   [-9994.3136, 10014.8014]

----- dataset: RVdata_neid               ----- model: gp_multidimensional           
rot_amp         14          1.13        -0.82          1.5   (15-84 p)   [    0.0000,    10.0000]
con_amp         15         -16.2         -1.8          2.1   (15-84 p)   [  -20.0000,    20.0000]

----- dataset:  FIESTAdata_expres_mode1
jitter_0        16         0.840       -0.058        0.066   (15-84 p)   [    0.0017,    23.1624]
offset_0        17          0.02        -0.19         0.21   (15-84 p)   [-10002.1847, 10001.9137]

----- dataset: FIESTAdata_expres_mode1   ----- model: gp_multidimensional           
rot_amp         18          -1.7         -1.8          1.7   (15-84 p)   [  -10.0000,    10.0000]
con_amp         19         -0.19        -0.82         0.80   (15-84 p)   [  -20.0000,    20.0000]

----- dataset:  FIESTAdata_expres_mode2
jitter_0        20         1.207       -0.081        0.092   (15-84 p)   [    0.0019,    26.5895]
offset_0        21         -0.11        -0.66         0.50   (15-84 p)   [-10003.0918, 10003.3536]

----- dataset: FIESTAdata_expres_mode2   ----- model: gp_multidimensional           
rot_amp         22           0.4         -2.6          2.7   (15-84 p)   [  -10.0000,    10.0000]
con_amp         23           1.9         -1.2          1.2   (15-84 p)   [  -20.0000,    20.0000]

----- dataset:  FIESTAdata_expres_mode3
jitter_0        24          3.47        -0.23         0.27   (15-84 p)   [    0.0044,    61.7088]
offset_0        25         -0.19         -1.2         0.86   (15-84 p)   [-10007.6548, 10007.7250]

----- dataset: FIESTAdata_expres_mode3   ----- model: gp_multidimensional           
rot_amp         26           4.7         -5.6          3.7   (15-84 p)   [  -10.0000,    10.0000]
con_amp         27           2.5         -3.4          3.3   (15-84 p)   [  -20.0000,    20.0000]

----- dataset:  FIESTAdata_harps_mode1
jitter_0        28          1.00        -0.14         0.17   (15-84 p)   [    0.0013,    14.0975]
offset_0        29          0.05        -0.53         0.45   (15-84 p)   [-10001.5162, 10001.7187]

----- dataset: FIESTAdata_harps_mode1    ----- model: gp_multidimensional           
rot_amp         30           4.4         -3.5          3.2   (15-84 p)   [  -10.0000,    10.0000]
con_amp         31           0.7         -1.8          1.9   (15-84 p)   [  -20.0000,    20.0000]

----- dataset:  FIESTAdata_harps_mode2
jitter_0        32          1.19        -0.16         0.21   (15-84 p)   [    0.0016,    16.6619]
offset_0        33           0.2         -1.0          1.4   (15-84 p)   [-10002.0632, 10001.8156]

----- dataset: FIESTAdata_harps_mode2    ----- model: gp_multidimensional           
rot_amp         34          -2.7         -4.0          4.5   (15-84 p)   [  -10.0000,    10.0000]
con_amp         35          -4.0         -2.3          2.2   (15-84 p)   [  -20.0000,    20.0000]

----- dataset:  FIESTAdata_harps_mode3
jitter_0        36          3.57        -0.48         0.64   (15-84 p)   [    0.0044,    47.8256]
offset_0        37          -1.2         -5.1          4.4   (15-84 p)   [-10011.2944, 10006.6672]

----- dataset: FIESTAdata_harps_mode3    ----- model: gp_multidimensional           
rot_amp         38          -3.7         -4.5          7.1   (15-84 p)   [  -10.0000,    10.0000]
con_amp         39          16.0         -4.7          2.8   (15-84 p)   [  -20.0000,    20.0000]

----- dataset:  FIESTAdata_harpsn_mode1
jitter_0        40         1.342       -0.100         0.11   (15-84 p)   [    0.0010,    12.1573]
offset_0        41          0.18        -0.89          1.1   (15-84 p)   [-10003.6215, 10002.5502]

----- dataset: FIESTAdata_harpsn_mode1   ----- model: gp_multidimensional           
rot_amp         42           3.3         -3.0          2.9   (15-84 p)   [  -10.0000,    10.0000]
con_amp         43          -3.3         -1.5          1.4   (15-84 p)   [  -20.0000,    20.0000]

----- dataset:  FIESTAdata_harpsn_mode2
jitter_0        44          1.76        -0.13         0.14   (15-84 p)   [    0.0012,    14.0974]
offset_0        45          -0.3         -1.6          1.3   (15-84 p)   [-10003.8285, 10004.7191]

----- dataset: FIESTAdata_harpsn_mode2   ----- model: gp_multidimensional           
rot_amp         46          -2.4         -3.7          3.8   (15-84 p)   [  -10.0000,    10.0000]
con_amp         47           4.7         -1.8          1.9   (15-84 p)   [  -20.0000,    20.0000]

----- dataset:  FIESTAdata_harpsn_mode3
jitter_0        48          4.51        -0.33         0.38   (15-84 p)   [    0.0033,    39.4879]
offset_0        49           0.1         -1.2          1.1   (15-84 p)   [-10012.2440, 10012.0803]

----- dataset: FIESTAdata_harpsn_mode3   ----- model: gp_multidimensional           
rot_amp         50          -4.3         -4.1          6.5   (15-84 p)   [  -10.0000,    10.0000]
con_amp         51           0.6         -4.6          4.6   (15-84 p)   [  -20.0000,    20.0000]

----- dataset:  FIESTAdata_neid_mode1
jitter_0        52         0.718       -0.056        0.061   (15-84 p)   [    0.0016,    19.2528]
offset_0        53         -0.02        -0.30         0.21   (15-84 p)   [-10002.1932, 10001.8029]

----- dataset: FIESTAdata_neid_mode1     ----- model: gp_multidimensional           
rot_amp         54           3.5         -1.6          1.7   (15-84 p)   [  -10.0000,    10.0000]
con_amp         55          0.74        -0.70         0.74   (15-84 p)   [  -20.0000,    20.0000]

----- dataset:  FIESTAdata_neid_mode2
jitter_0        56         1.128       -0.084        0.092   (15-84 p)   [    0.0020,    23.2183]
offset_0        57         -0.06        -0.31         0.29   (15-84 p)   [-10002.9015, 10003.2537]

----- dataset: FIESTAdata_neid_mode2     ----- model: gp_multidimensional           
rot_amp         58          -6.5         -2.1          2.3   (15-84 p)   [  -10.0000,    10.0000]
con_amp         59           0.5         -1.1          1.2   (15-84 p)   [  -20.0000,    20.0000]

----- dataset:  FIESTAdata_neid_mode3
jitter_0        60          2.61        -0.20         0.22   (15-84 p)   [    0.0049,    58.0802]
offset_0        61           0.4         -1.5          1.8   (15-84 p)   [-10007.2877, 10005.5780]

----- dataset: FIESTAdata_neid_mode3     ----- model: gp_multidimensional           
rot_amp         62           5.8         -4.5          2.9   (15-84 p)   [  -10.0000,    10.0000]
con_amp         63          -5.3         -2.7          2.6   (15-84 p)   [  -20.0000,    20.0000]

----- common model:  activity
Prot             0         28.19        -0.49         0.47   (15-84 p)   [   20.0000,    35.0000]
Pdec             1            96          -17           17   (15-84 p)   [   30.0000,  1000.0000]
Oamp             2         -1.30        -0.13         0.12   (15-84 p)   [   -6.6439,     0.0000]

----- common model:  star_parameters

====================================================================================================
     Statistics on the model parameters obtained from the posteriors samples     
====================================================================================================

----- dataset:  RVdata_expres
jitter_0                  1.37        -0.10         0.11    (15-84 p)
offset_0                  10.2         -5.1          5.7    (15-84 p)


----- dataset: RVdata_expres             ----- model: gp_multidimensional           
rot_amp                    5.3         -2.9          2.8    (15-84 p)
con_amp                  -17.7         -1.6          2.3    (15-84 p)

----- dataset:  RVdata_harps
jitter_0                 0.996       -0.074        0.083    (15-84 p)
offset_0                  10.6         -5.0          5.5    (15-84 p)
offset_1                  11.1         -5.0          5.5    (15-84 p)


----- dataset: RVdata_harps              ----- model: gp_multidimensional           
rot_amp                    6.4         -2.9          2.3    (15-84 p)
con_amp                  -17.2         -1.7          2.2    (15-84 p)

----- dataset:  RVdata_neid
jitter_0                 0.959       -0.078        0.090    (15-84 p)
offset_0                  10.9         -4.7          5.2    (15-84 p)


----- dataset: RVdata_neid               ----- model: gp_multidimensional           
rot_amp                   1.13        -0.82          1.5    (15-84 p)
con_amp                  -16.2         -1.8          2.1    (15-84 p)

----- dataset:  FIESTAdata_expres_mode1
jitter_0                 0.840       -0.058        0.066    (15-84 p)
offset_0                  0.02        -0.19         0.21    (15-84 p)


----- dataset: FIESTAdata_expres_mode1   ----- model: gp_multidimensional           
rot_amp                   -1.7         -1.8          1.7    (15-84 p)
con_amp                  -0.19        -0.82         0.80    (15-84 p)

----- dataset:  FIESTAdata_expres_mode2
jitter_0                 1.207       -0.081        0.092    (15-84 p)
offset_0                 -0.11        -0.66         0.50    (15-84 p)


----- dataset: FIESTAdata_expres_mode2   ----- model: gp_multidimensional           
rot_amp                    0.4         -2.6          2.7    (15-84 p)
con_amp                    1.9         -1.2          1.2    (15-84 p)

----- dataset:  FIESTAdata_expres_mode3
jitter_0                  3.47        -0.23         0.27    (15-84 p)
offset_0                 -0.19         -1.2         0.86    (15-84 p)


----- dataset: FIESTAdata_expres_mode3   ----- model: gp_multidimensional           
rot_amp                    4.7         -5.6          3.7    (15-84 p)
con_amp                    2.5         -3.4          3.3    (15-84 p)

----- dataset:  FIESTAdata_harps_mode1
jitter_0                  1.00        -0.14         0.17    (15-84 p)
offset_0                  0.05        -0.53         0.45    (15-84 p)


----- dataset: FIESTAdata_harps_mode1    ----- model: gp_multidimensional           
rot_amp                    4.4         -3.5          3.2    (15-84 p)
con_amp                    0.7         -1.8          1.9    (15-84 p)

----- dataset:  FIESTAdata_harps_mode2
jitter_0                  1.19        -0.16         0.21    (15-84 p)
offset_0                   0.2         -1.0          1.4    (15-84 p)


----- dataset: FIESTAdata_harps_mode2    ----- model: gp_multidimensional           
rot_amp                   -2.7         -4.0          4.5    (15-84 p)
con_amp                   -4.0         -2.3          2.2    (15-84 p)

----- dataset:  FIESTAdata_harps_mode3
jitter_0                  3.57        -0.48         0.64    (15-84 p)
offset_0                  -1.2         -5.1          4.4    (15-84 p)


----- dataset: FIESTAdata_harps_mode3    ----- model: gp_multidimensional           
rot_amp                   -3.7         -4.5          7.1    (15-84 p)
con_amp                   16.0         -4.7          2.8    (15-84 p)

----- dataset:  FIESTAdata_harpsn_mode1
jitter_0                 1.342       -0.100         0.11    (15-84 p)
offset_0                  0.18        -0.89          1.1    (15-84 p)


----- dataset: FIESTAdata_harpsn_mode1   ----- model: gp_multidimensional           
rot_amp                    3.3         -3.0          2.9    (15-84 p)
con_amp                   -3.3         -1.5          1.4    (15-84 p)

----- dataset:  FIESTAdata_harpsn_mode2
jitter_0                  1.76        -0.13         0.14    (15-84 p)
offset_0                  -0.3         -1.6          1.3    (15-84 p)


----- dataset: FIESTAdata_harpsn_mode2   ----- model: gp_multidimensional           
rot_amp                   -2.4         -3.7          3.8    (15-84 p)
con_amp                    4.7         -1.8          1.9    (15-84 p)

----- dataset:  FIESTAdata_harpsn_mode3
jitter_0                  4.51        -0.33         0.38    (15-84 p)
offset_0                   0.1         -1.2          1.1    (15-84 p)


----- dataset: FIESTAdata_harpsn_mode3   ----- model: gp_multidimensional           
rot_amp                   -4.3         -4.1          6.5    (15-84 p)
con_amp                    0.6         -4.6          4.6    (15-84 p)

----- dataset:  FIESTAdata_neid_mode1
jitter_0                 0.718       -0.056        0.061    (15-84 p)
offset_0                 -0.02        -0.30         0.21    (15-84 p)


----- dataset: FIESTAdata_neid_mode1     ----- model: gp_multidimensional           
rot_amp                    3.5         -1.6          1.7    (15-84 p)
con_amp                   0.74        -0.70         0.74    (15-84 p)

----- dataset:  FIESTAdata_neid_mode2
jitter_0                 1.128       -0.084        0.092    (15-84 p)
offset_0                 -0.06        -0.31         0.29    (15-84 p)


----- dataset: FIESTAdata_neid_mode2     ----- model: gp_multidimensional           
rot_amp                   -6.5         -2.1          2.3    (15-84 p)
con_amp                    0.5         -1.1          1.2    (15-84 p)

----- dataset:  FIESTAdata_neid_mode3
jitter_0                  2.61        -0.20         0.22    (15-84 p)
offset_0                   0.4         -1.5          1.8    (15-84 p)


----- dataset: FIESTAdata_neid_mode3     ----- model: gp_multidimensional           
rot_amp                    5.8         -4.5          2.9    (15-84 p)
con_amp                   -5.3         -2.7          2.6    (15-84 p)

----- common model:  activity
Prot                     28.19        -0.49         0.47    (15-84 p)
Pdec                        96          -17           17    (15-84 p)
Oamp                     0.406       -0.035        0.034    (15-84 p)

----- common model:  star_parameters

====================================================================================================
     Statistics on the derived parameters obtained from the posteriors samples     
====================================================================================================


====================================================================================================
     ------------------------------------------------------------------------------------------     
====================================================================================================



70000.0   steps completed, average lnprob:,  -2689.5261125897837


emcee completed


:::---::: PyORBIT v11.0.1 :::---:::

Python version in use:
3.10.18 (main, Jun  5 2025, 13:14:17) [GCC 11.2.0]
LaTeX disabled by default

gp_multidimensional  S+LEAF model, number of harmonics: 4

GP model: gp_multidimensional  hyperparameters_condition:    True
GP model: gp_multidimensional  rotation_decay_condition:     True

### PyORBIT version used in the analysis:  11.0.1

 emcee version:  3.1.6

 Reference Time Tref: 59334.700184

 Data points:1279
 Dimensions: 64
 Nwalkers:   256
 Steps:      70000


Number of samplings: 1408000

Recomputing ln-prior, it may take a while...

ln-probability   distribution:  -2689.02       -6.08      5.45 (15-84 p) 
ln-prior         distribution:   -309.75       -2.12      1.27 (15-84 p) 
ln-likelihood    distribution:  -2378.89       -6.20      5.63 (15-84 p) 


*** Information criteria using the likelihood distribution

 BIC from distribution  (using likelihood)  =   5215.62    -11.26   12.40 (15-84 p)
 AIC from distribution  (using likelihood)  =   4885.77    -11.26   12.40 (15-84 p)
 AICc from distribution (using likelihood)  =   4892.63    -11.26   12.40 (15-84 p)


*** Information criteria using the median parameter set

 ln_probability of Median solution =  -2660.99
 ln_priors of Median solution      =   -309.24
 ln_likelihood of Median solution  =  -2351.75

 Median BIC  (using likelihood) =   5161.35
 Median AIC  (using likelihood) =   4831.51
 Median AICc (using likelihood) =   4838.36


*** Information criteria using the MAP parameter set

 ln_probability of MAP solution =  -2667.35
 ln_priors of MAP solution      =   -309.70
 ln_likelihood of MAP solution  =  -2357.65

 MAP BIC  (using likelihood)    =   5173.15
 MAP AIC  (using likelihood)    =   4843.30
 MAP AICc (using likelihood)    =   4850.16

 AICc suggested over AIC because NDATA ( 1279 ) < 40 * NDIM ( 64 )

****************************************************************************************************


Computing the autocorrelation time of the chains

***** WARNING ******
The integrated autocorrelation time cannot be reliably estimated
likely the chains are too short, and ACF analysis is not fully reliable
emcee.autocorr.integrated_time tolerance lowered to 20
If you still get a warning, you should drop these results entirely
Chains too short to apply convergence criteria
They should be at least 37550*nthin = 375500

 ACF computation failed, no plot will be generated 


====================================================================================================
     Ids, spaces (s), boundaries (b) and priors (p) of the sampler parameters     
====================================================================================================

----- dataset:  RVdata_expres
jitter_0      id:   3  s:Linear      b:[      0.0010,      14.4000]   p:Uniform   []
offset_0      id:   4  s:Linear      b:[  -9996.1930,   10013.7390]   p:Uniform   []

----- dataset: RVdata_expres             ----- model: gp_multidimensional           
rot_amp       id:   5  s:Linear      b:[      0.0000,      10.0000]   p:Uniform   []
con_amp       id:   6  s:Linear      b:[    -20.0000,      20.0000]   p:Uniform   []

----- dataset:  RVdata_harps
jitter_0      id:   7  s:Linear      b:[      0.0009,      12.4000]   p:Uniform   []
offset_0      id:   8  s:Linear      b:[  -9994.9455,   10014.6615]   p:Uniform   []
offset_1      id:   9  s:Linear      b:[  -9994.9455,   10014.6615]   p:Uniform   []

----- dataset: RVdata_harps              ----- model: gp_multidimensional           
rot_amp       id:  10  s:Linear      b:[      0.0000,      10.0000]   p:Uniform   []
con_amp       id:  11  s:Linear      b:[    -20.0000,      20.0000]   p:Uniform   []

----- dataset:  RVdata_neid
jitter_0      id:  12  s:Linear      b:[      0.0010,      12.3000]   p:Uniform   []
offset_0      id:  13  s:Linear      b:[  -9994.3136,   10014.8014]   p:Uniform   []

----- dataset: RVdata_neid               ----- model: gp_multidimensional           
rot_amp       id:  14  s:Linear      b:[      0.0000,      10.0000]   p:Uniform   []
con_amp       id:  15  s:Linear      b:[    -20.0000,      20.0000]   p:Uniform   []

----- dataset:  FIESTAdata_expres_mode1
jitter_0      id:  16  s:Linear      b:[      0.0017,      23.1624]   p:Uniform   []
offset_0      id:  17  s:Linear      b:[ -10002.1847,   10001.9137]   p:Uniform   []

----- dataset: FIESTAdata_expres_mode1   ----- model: gp_multidimensional           
rot_amp       id:  18  s:Linear      b:[    -10.0000,      10.0000]   p:Uniform   []
con_amp       id:  19  s:Linear      b:[    -20.0000,      20.0000]   p:Uniform   []

----- dataset:  FIESTAdata_expres_mode2
jitter_0      id:  20  s:Linear      b:[      0.0019,      26.5895]   p:Uniform   []
offset_0      id:  21  s:Linear      b:[ -10003.0918,   10003.3536]   p:Uniform   []

----- dataset: FIESTAdata_expres_mode2   ----- model: gp_multidimensional           
rot_amp       id:  22  s:Linear      b:[    -10.0000,      10.0000]   p:Uniform   []
con_amp       id:  23  s:Linear      b:[    -20.0000,      20.0000]   p:Uniform   []

----- dataset:  FIESTAdata_expres_mode3
jitter_0      id:  24  s:Linear      b:[      0.0044,      61.7088]   p:Uniform   []
offset_0      id:  25  s:Linear      b:[ -10007.6548,   10007.7250]   p:Uniform   []

----- dataset: FIESTAdata_expres_mode3   ----- model: gp_multidimensional           
rot_amp       id:  26  s:Linear      b:[    -10.0000,      10.0000]   p:Uniform   []
con_amp       id:  27  s:Linear      b:[    -20.0000,      20.0000]   p:Uniform   []

----- dataset:  FIESTAdata_harps_mode1
jitter_0      id:  28  s:Linear      b:[      0.0013,      14.0975]   p:Uniform   []
offset_0      id:  29  s:Linear      b:[ -10001.5162,   10001.7187]   p:Uniform   []

----- dataset: FIESTAdata_harps_mode1    ----- model: gp_multidimensional           
rot_amp       id:  30  s:Linear      b:[    -10.0000,      10.0000]   p:Uniform   []
con_amp       id:  31  s:Linear      b:[    -20.0000,      20.0000]   p:Uniform   []

----- dataset:  FIESTAdata_harps_mode2
jitter_0      id:  32  s:Linear      b:[      0.0016,      16.6619]   p:Uniform   []
offset_0      id:  33  s:Linear      b:[ -10002.0632,   10001.8156]   p:Uniform   []

----- dataset: FIESTAdata_harps_mode2    ----- model: gp_multidimensional           
rot_amp       id:  34  s:Linear      b:[    -10.0000,      10.0000]   p:Uniform   []
con_amp       id:  35  s:Linear      b:[    -20.0000,      20.0000]   p:Uniform   []

----- dataset:  FIESTAdata_harps_mode3
jitter_0      id:  36  s:Linear      b:[      0.0044,      47.8256]   p:Uniform   []
offset_0      id:  37  s:Linear      b:[ -10011.2944,   10006.6672]   p:Uniform   []

----- dataset: FIESTAdata_harps_mode3    ----- model: gp_multidimensional           
rot_amp       id:  38  s:Linear      b:[    -10.0000,      10.0000]   p:Uniform   []
con_amp       id:  39  s:Linear      b:[    -20.0000,      20.0000]   p:Uniform   []

----- dataset:  FIESTAdata_harpsn_mode1
jitter_0      id:  40  s:Linear      b:[      0.0010,      12.1573]   p:Uniform   []
offset_0      id:  41  s:Linear      b:[ -10003.6215,   10002.5502]   p:Uniform   []

----- dataset: FIESTAdata_harpsn_mode1   ----- model: gp_multidimensional           
rot_amp       id:  42  s:Linear      b:[    -10.0000,      10.0000]   p:Uniform   []
con_amp       id:  43  s:Linear      b:[    -20.0000,      20.0000]   p:Uniform   []

----- dataset:  FIESTAdata_harpsn_mode2
jitter_0      id:  44  s:Linear      b:[      0.0012,      14.0974]   p:Uniform   []
offset_0      id:  45  s:Linear      b:[ -10003.8285,   10004.7191]   p:Uniform   []

----- dataset: FIESTAdata_harpsn_mode2   ----- model: gp_multidimensional           
rot_amp       id:  46  s:Linear      b:[    -10.0000,      10.0000]   p:Uniform   []
con_amp       id:  47  s:Linear      b:[    -20.0000,      20.0000]   p:Uniform   []

----- dataset:  FIESTAdata_harpsn_mode3
jitter_0      id:  48  s:Linear      b:[      0.0033,      39.4879]   p:Uniform   []
offset_0      id:  49  s:Linear      b:[ -10012.2440,   10012.0803]   p:Uniform   []

----- dataset: FIESTAdata_harpsn_mode3   ----- model: gp_multidimensional           
rot_amp       id:  50  s:Linear      b:[    -10.0000,      10.0000]   p:Uniform   []
con_amp       id:  51  s:Linear      b:[    -20.0000,      20.0000]   p:Uniform   []

----- dataset:  FIESTAdata_neid_mode1
jitter_0      id:  52  s:Linear      b:[      0.0016,      19.2528]   p:Uniform   []
offset_0      id:  53  s:Linear      b:[ -10002.1932,   10001.8029]   p:Uniform   []

----- dataset: FIESTAdata_neid_mode1     ----- model: gp_multidimensional           
rot_amp       id:  54  s:Linear      b:[    -10.0000,      10.0000]   p:Uniform   []
con_amp       id:  55  s:Linear      b:[    -20.0000,      20.0000]   p:Uniform   []

----- dataset:  FIESTAdata_neid_mode2
jitter_0      id:  56  s:Linear      b:[      0.0020,      23.2183]   p:Uniform   []
offset_0      id:  57  s:Linear      b:[ -10002.9015,   10003.2537]   p:Uniform   []

----- dataset: FIESTAdata_neid_mode2     ----- model: gp_multidimensional           
rot_amp       id:  58  s:Linear      b:[    -10.0000,      10.0000]   p:Uniform   []
con_amp       id:  59  s:Linear      b:[    -20.0000,      20.0000]   p:Uniform   []

----- dataset:  FIESTAdata_neid_mode3
jitter_0      id:  60  s:Linear      b:[      0.0049,      58.0802]   p:Uniform   []
offset_0      id:  61  s:Linear      b:[ -10007.2877,   10005.5780]   p:Uniform   []

----- dataset: FIESTAdata_neid_mode3     ----- model: gp_multidimensional           
rot_amp       id:  62  s:Linear      b:[    -10.0000,      10.0000]   p:Uniform   []
con_amp       id:  63  s:Linear      b:[    -20.0000,      20.0000]   p:Uniform   []

----- common model:  activity
Prot          id:   0  s:Linear      b:[     20.0000,      35.0000]   p:Gaussian   [28.   0.5]
Pdec          id:   1  s:Linear      b:[     30.0000,    1000.0000]   p:Uniform   []
Oamp          id:   2  s:Log_Base2   b:[     -6.6439,       0.0000]   p:Gaussian   [0.35  0.035]

----- common model:  star_parameters
mass          derived (no id, space, bound)                           p:Gaussian   [1.e+00 1.e-06]
radius        derived (no id, space, bound)                           p:Gaussian   [1.e+00 1.e-06]
density       derived (no id, space, bound)                           p:Gaussian   [1.e+00 1.e-06]


****************************************************************************************************
****************************************************************************************************

 Confidence intervals (median value, 34.135th percentile from the median on the left and right side)

====================================================================================================
     Statistics on the posterior of the sampler parameters     
====================================================================================================

----- dataset:  RVdata_expres
jitter_0         3          1.37        -0.10         0.11   (15-84 p)   [    0.0010,    14.4000]
offset_0         4          10.2         -5.1          5.7   (15-84 p)   [-9996.1930, 10013.7390]

----- dataset: RVdata_expres             ----- model: gp_multidimensional           
rot_amp          5           5.3         -2.9          2.8   (15-84 p)   [    0.0000,    10.0000]
con_amp          6         -17.7         -1.6          2.3   (15-84 p)   [  -20.0000,    20.0000]

----- dataset:  RVdata_harps
jitter_0         7         0.996       -0.074        0.083   (15-84 p)   [    0.0009,    12.4000]
offset_0         8          10.6         -5.0          5.5   (15-84 p)   [-9994.9455, 10014.6615]
offset_1         9          11.1         -5.0          5.5   (15-84 p)   [-9994.9455, 10014.6615]

----- dataset: RVdata_harps              ----- model: gp_multidimensional           
rot_amp         10           6.4         -2.9          2.3   (15-84 p)   [    0.0000,    10.0000]
con_amp         11         -17.2         -1.7          2.2   (15-84 p)   [  -20.0000,    20.0000]

----- dataset:  RVdata_neid
jitter_0        12         0.959       -0.078        0.090   (15-84 p)   [    0.0010,    12.3000]
offset_0        13          10.9         -4.7          5.2   (15-84 p)   [-9994.3136, 10014.8014]

----- dataset: RVdata_neid               ----- model: gp_multidimensional           
rot_amp         14          1.13        -0.82          1.5   (15-84 p)   [    0.0000,    10.0000]
con_amp         15         -16.2         -1.8          2.1   (15-84 p)   [  -20.0000,    20.0000]

----- dataset:  FIESTAdata_expres_mode1
jitter_0        16         0.840       -0.058        0.066   (15-84 p)   [    0.0017,    23.1624]
offset_0        17          0.02        -0.19         0.21   (15-84 p)   [-10002.1847, 10001.9137]

----- dataset: FIESTAdata_expres_mode1   ----- model: gp_multidimensional           
rot_amp         18          -1.7         -1.8          1.7   (15-84 p)   [  -10.0000,    10.0000]
con_amp         19         -0.19        -0.82         0.80   (15-84 p)   [  -20.0000,    20.0000]

----- dataset:  FIESTAdata_expres_mode2
jitter_0        20         1.207       -0.081        0.092   (15-84 p)   [    0.0019,    26.5895]
offset_0        21         -0.11        -0.66         0.50   (15-84 p)   [-10003.0918, 10003.3536]

----- dataset: FIESTAdata_expres_mode2   ----- model: gp_multidimensional           
rot_amp         22           0.4         -2.6          2.7   (15-84 p)   [  -10.0000,    10.0000]
con_amp         23           1.9         -1.2          1.2   (15-84 p)   [  -20.0000,    20.0000]

----- dataset:  FIESTAdata_expres_mode3
jitter_0        24          3.47        -0.23         0.27   (15-84 p)   [    0.0044,    61.7088]
offset_0        25         -0.19         -1.2         0.86   (15-84 p)   [-10007.6548, 10007.7250]

----- dataset: FIESTAdata_expres_mode3   ----- model: gp_multidimensional           
rot_amp         26           4.7         -5.6          3.7   (15-84 p)   [  -10.0000,    10.0000]
con_amp         27           2.5         -3.4          3.3   (15-84 p)   [  -20.0000,    20.0000]

----- dataset:  FIESTAdata_harps_mode1
jitter_0        28          1.00        -0.14         0.17   (15-84 p)   [    0.0013,    14.0975]
offset_0        29          0.05        -0.53         0.45   (15-84 p)   [-10001.5162, 10001.7187]

----- dataset: FIESTAdata_harps_mode1    ----- model: gp_multidimensional           
rot_amp         30           4.4         -3.5          3.2   (15-84 p)   [  -10.0000,    10.0000]
con_amp         31           0.7         -1.8          1.9   (15-84 p)   [  -20.0000,    20.0000]

----- dataset:  FIESTAdata_harps_mode2
jitter_0        32          1.19        -0.16         0.21   (15-84 p)   [    0.0016,    16.6619]
offset_0        33           0.2         -1.0          1.4   (15-84 p)   [-10002.0632, 10001.8156]

----- dataset: FIESTAdata_harps_mode2    ----- model: gp_multidimensional           
rot_amp         34          -2.7         -4.0          4.5   (15-84 p)   [  -10.0000,    10.0000]
con_amp         35          -4.0         -2.3          2.2   (15-84 p)   [  -20.0000,    20.0000]

----- dataset:  FIESTAdata_harps_mode3
jitter_0        36          3.57        -0.48         0.64   (15-84 p)   [    0.0044,    47.8256]
offset_0        37          -1.2         -5.1          4.4   (15-84 p)   [-10011.2944, 10006.6672]

----- dataset: FIESTAdata_harps_mode3    ----- model: gp_multidimensional           
rot_amp         38          -3.7         -4.5          7.1   (15-84 p)   [  -10.0000,    10.0000]
con_amp         39          16.0         -4.7          2.8   (15-84 p)   [  -20.0000,    20.0000]

----- dataset:  FIESTAdata_harpsn_mode1
jitter_0        40         1.342       -0.100         0.11   (15-84 p)   [    0.0010,    12.1573]
offset_0        41          0.18        -0.89          1.1   (15-84 p)   [-10003.6215, 10002.5502]

----- dataset: FIESTAdata_harpsn_mode1   ----- model: gp_multidimensional           
rot_amp         42           3.3         -3.0          2.9   (15-84 p)   [  -10.0000,    10.0000]
con_amp         43          -3.3         -1.5          1.4   (15-84 p)   [  -20.0000,    20.0000]

----- dataset:  FIESTAdata_harpsn_mode2
jitter_0        44          1.76        -0.13         0.14   (15-84 p)   [    0.0012,    14.0974]
offset_0        45          -0.3         -1.6          1.3   (15-84 p)   [-10003.8285, 10004.7191]

----- dataset: FIESTAdata_harpsn_mode2   ----- model: gp_multidimensional           
rot_amp         46          -2.4         -3.7          3.8   (15-84 p)   [  -10.0000,    10.0000]
con_amp         47           4.7         -1.8          1.9   (15-84 p)   [  -20.0000,    20.0000]

----- dataset:  FIESTAdata_harpsn_mode3
jitter_0        48          4.51        -0.33         0.38   (15-84 p)   [    0.0033,    39.4879]
offset_0        49           0.1         -1.2          1.1   (15-84 p)   [-10012.2440, 10012.0803]

----- dataset: FIESTAdata_harpsn_mode3   ----- model: gp_multidimensional           
rot_amp         50          -4.3         -4.1          6.5   (15-84 p)   [  -10.0000,    10.0000]
con_amp         51           0.6         -4.6          4.6   (15-84 p)   [  -20.0000,    20.0000]

----- dataset:  FIESTAdata_neid_mode1
jitter_0        52         0.718       -0.056        0.061   (15-84 p)   [    0.0016,    19.2528]
offset_0        53         -0.02        -0.30         0.21   (15-84 p)   [-10002.1932, 10001.8029]

----- dataset: FIESTAdata_neid_mode1     ----- model: gp_multidimensional           
rot_amp         54           3.5         -1.6          1.7   (15-84 p)   [  -10.0000,    10.0000]
con_amp         55          0.74        -0.70         0.74   (15-84 p)   [  -20.0000,    20.0000]

----- dataset:  FIESTAdata_neid_mode2
jitter_0        56         1.128       -0.084        0.092   (15-84 p)   [    0.0020,    23.2183]
offset_0        57         -0.06        -0.31         0.29   (15-84 p)   [-10002.9015, 10003.2537]

----- dataset: FIESTAdata_neid_mode2     ----- model: gp_multidimensional           
rot_amp         58          -6.5         -2.1          2.3   (15-84 p)   [  -10.0000,    10.0000]
con_amp         59           0.5         -1.1          1.2   (15-84 p)   [  -20.0000,    20.0000]

----- dataset:  FIESTAdata_neid_mode3
jitter_0        60          2.61        -0.20         0.22   (15-84 p)   [    0.0049,    58.0802]
offset_0        61           0.4         -1.5          1.8   (15-84 p)   [-10007.2877, 10005.5780]

----- dataset: FIESTAdata_neid_mode3     ----- model: gp_multidimensional           
rot_amp         62           5.8         -4.5          2.9   (15-84 p)   [  -10.0000,    10.0000]
con_amp         63          -5.3         -2.7          2.6   (15-84 p)   [  -20.0000,    20.0000]

----- common model:  activity
Prot             0         28.19        -0.49         0.47   (15-84 p)   [   20.0000,    35.0000]
Pdec             1            96          -17           17   (15-84 p)   [   30.0000,  1000.0000]
Oamp             2         -1.30        -0.13         0.12   (15-84 p)   [   -6.6439,     0.0000]

----- common model:  star_parameters

====================================================================================================
     Statistics on the model parameters obtained from the posteriors samples     
====================================================================================================

----- dataset:  RVdata_expres
jitter_0                  1.37        -0.10         0.11    (15-84 p)
offset_0                  10.2         -5.1          5.7    (15-84 p)


----- dataset: RVdata_expres             ----- model: gp_multidimensional           
rot_amp                    5.3         -2.9          2.8    (15-84 p)
con_amp                  -17.7         -1.6          2.3    (15-84 p)

----- dataset:  RVdata_harps
jitter_0                 0.996       -0.074        0.083    (15-84 p)
offset_0                  10.6         -5.0          5.5    (15-84 p)
offset_1                  11.1         -5.0          5.5    (15-84 p)


----- dataset: RVdata_harps              ----- model: gp_multidimensional           
rot_amp                    6.4         -2.9          2.3    (15-84 p)
con_amp                  -17.2         -1.7          2.2    (15-84 p)

----- dataset:  RVdata_neid
jitter_0                 0.959       -0.078        0.090    (15-84 p)
offset_0                  10.9         -4.7          5.2    (15-84 p)


----- dataset: RVdata_neid               ----- model: gp_multidimensional           
rot_amp                   1.13        -0.82          1.5    (15-84 p)
con_amp                  -16.2         -1.8          2.1    (15-84 p)

----- dataset:  FIESTAdata_expres_mode1
jitter_0                 0.840       -0.058        0.066    (15-84 p)
offset_0                  0.02        -0.19         0.21    (15-84 p)


----- dataset: FIESTAdata_expres_mode1   ----- model: gp_multidimensional           
rot_amp                   -1.7         -1.8          1.7    (15-84 p)
con_amp                  -0.19        -0.82         0.80    (15-84 p)

----- dataset:  FIESTAdata_expres_mode2
jitter_0                 1.207       -0.081        0.092    (15-84 p)
offset_0                 -0.11        -0.66         0.50    (15-84 p)


----- dataset: FIESTAdata_expres_mode2   ----- model: gp_multidimensional           
rot_amp                    0.4         -2.6          2.7    (15-84 p)
con_amp                    1.9         -1.2          1.2    (15-84 p)

----- dataset:  FIESTAdata_expres_mode3
jitter_0                  3.47        -0.23         0.27    (15-84 p)
offset_0                 -0.19         -1.2         0.86    (15-84 p)


----- dataset: FIESTAdata_expres_mode3   ----- model: gp_multidimensional           
rot_amp                    4.7         -5.6          3.7    (15-84 p)
con_amp                    2.5         -3.4          3.3    (15-84 p)

----- dataset:  FIESTAdata_harps_mode1
jitter_0                  1.00        -0.14         0.17    (15-84 p)
offset_0                  0.05        -0.53         0.45    (15-84 p)


----- dataset: FIESTAdata_harps_mode1    ----- model: gp_multidimensional           
rot_amp                    4.4         -3.5          3.2    (15-84 p)
con_amp                    0.7         -1.8          1.9    (15-84 p)

----- dataset:  FIESTAdata_harps_mode2
jitter_0                  1.19        -0.16         0.21    (15-84 p)
offset_0                   0.2         -1.0          1.4    (15-84 p)


----- dataset: FIESTAdata_harps_mode2    ----- model: gp_multidimensional           
rot_amp                   -2.7         -4.0          4.5    (15-84 p)
con_amp                   -4.0         -2.3          2.2    (15-84 p)

----- dataset:  FIESTAdata_harps_mode3
jitter_0                  3.57        -0.48         0.64    (15-84 p)
offset_0                  -1.2         -5.1          4.4    (15-84 p)


----- dataset: FIESTAdata_harps_mode3    ----- model: gp_multidimensional           
rot_amp                   -3.7         -4.5          7.1    (15-84 p)
con_amp                   16.0         -4.7          2.8    (15-84 p)

----- dataset:  FIESTAdata_harpsn_mode1
jitter_0                 1.342       -0.100         0.11    (15-84 p)
offset_0                  0.18        -0.89          1.1    (15-84 p)


----- dataset: FIESTAdata_harpsn_mode1   ----- model: gp_multidimensional           
rot_amp                    3.3         -3.0          2.9    (15-84 p)
con_amp                   -3.3         -1.5          1.4    (15-84 p)

----- dataset:  FIESTAdata_harpsn_mode2
jitter_0                  1.76        -0.13         0.14    (15-84 p)
offset_0                  -0.3         -1.6          1.3    (15-84 p)


----- dataset: FIESTAdata_harpsn_mode2   ----- model: gp_multidimensional           
rot_amp                   -2.4         -3.7          3.8    (15-84 p)
con_amp                    4.7         -1.8          1.9    (15-84 p)

----- dataset:  FIESTAdata_harpsn_mode3
jitter_0                  4.51        -0.33         0.38    (15-84 p)
offset_0                   0.1         -1.2          1.1    (15-84 p)


----- dataset: FIESTAdata_harpsn_mode3   ----- model: gp_multidimensional           
rot_amp                   -4.3         -4.1          6.5    (15-84 p)
con_amp                    0.6         -4.6          4.6    (15-84 p)

----- dataset:  FIESTAdata_neid_mode1
jitter_0                 0.718       -0.056        0.061    (15-84 p)
offset_0                 -0.02        -0.30         0.21    (15-84 p)


----- dataset: FIESTAdata_neid_mode1     ----- model: gp_multidimensional           
rot_amp                    3.5         -1.6          1.7    (15-84 p)
con_amp                   0.74        -0.70         0.74    (15-84 p)

----- dataset:  FIESTAdata_neid_mode2
jitter_0                 1.128       -0.084        0.092    (15-84 p)
offset_0                 -0.06        -0.31         0.29    (15-84 p)


----- dataset: FIESTAdata_neid_mode2     ----- model: gp_multidimensional           
rot_amp                   -6.5         -2.1          2.3    (15-84 p)
con_amp                    0.5         -1.1          1.2    (15-84 p)

----- dataset:  FIESTAdata_neid_mode3
jitter_0                  2.61        -0.20         0.22    (15-84 p)
offset_0                   0.4         -1.5          1.8    (15-84 p)


----- dataset: FIESTAdata_neid_mode3     ----- model: gp_multidimensional           
rot_amp                    5.8         -4.5          2.9    (15-84 p)
con_amp                   -5.3         -2.7          2.6    (15-84 p)

----- common model:  activity
Prot                     28.19        -0.49         0.47    (15-84 p)
Pdec                        96          -17           17    (15-84 p)
Oamp                     0.406       -0.035        0.034    (15-84 p)

----- common model:  star_parameters

====================================================================================================
     Statistics on the derived parameters obtained from the posteriors samples     
====================================================================================================


====================================================================================================
     ------------------------------------------------------------------------------------------     
====================================================================================================



****************************************************************************************************

 Parameters corresponding to the Maximum a Posteriori probability ( -2667.348737700785 )

====================================================================================================
     Statistics on the posterior of the sampler parameters     
====================================================================================================

----- dataset:  RVdata_expres
jitter_0         3      1.249583 [    0.0010,    14.4000]
offset_0         4      9.744423 [-9996.1930, 10013.7390]

----- dataset: RVdata_expres             ----- model: gp_multidimensional           
rot_amp          5      2.399918 [    0.0000,    10.0000]
con_amp          6     -8.318717 [  -20.0000,    20.0000]

----- dataset:  RVdata_harps
jitter_0         7      0.980880 [    0.0009,    12.4000]
offset_0         8     10.189774 [-9994.9455, 10014.6615]
offset_1         9     10.853604 [-9994.9455, 10014.6615]

----- dataset: RVdata_harps              ----- model: gp_multidimensional           
rot_amp         10      3.028757 [    0.0000,    10.0000]
con_amp         11     -7.591922 [  -20.0000,    20.0000]

----- dataset:  RVdata_neid
jitter_0        12      0.946172 [    0.0010,    12.3000]
offset_0        13     10.546500 [-9994.3136, 10014.8014]

----- dataset: RVdata_neid               ----- model: gp_multidimensional           
rot_amp         14      0.289221 [    0.0000,    10.0000]
con_amp         15     -6.924103 [  -20.0000,    20.0000]

----- dataset:  FIESTAdata_expres_mode1
jitter_0        16      0.885475 [    0.0017,    23.1624]
offset_0        17      0.132082 [-10002.1847, 10001.9137]

----- dataset: FIESTAdata_expres_mode1   ----- model: gp_multidimensional           
rot_amp         18     -0.441110 [  -10.0000,    10.0000]
con_amp         19     -0.636036 [  -20.0000,    20.0000]

----- dataset:  FIESTAdata_expres_mode2
jitter_0        20      1.104155 [    0.0019,    26.5895]
offset_0        21     -0.092032 [-10003.0918, 10003.3536]

----- dataset: FIESTAdata_expres_mode2   ----- model: gp_multidimensional           
rot_amp         22     -1.395076 [  -10.0000,    10.0000]
con_amp         23      0.725392 [  -20.0000,    20.0000]

----- dataset:  FIESTAdata_expres_mode3
jitter_0        24      3.273357 [    0.0044,    61.7088]
offset_0        25     -0.131095 [-10007.6548, 10007.7250]

----- dataset: FIESTAdata_expres_mode3   ----- model: gp_multidimensional           
rot_amp         26      3.241884 [  -10.0000,    10.0000]
con_amp         27      0.608927 [  -20.0000,    20.0000]

----- dataset:  FIESTAdata_harps_mode1
jitter_0        28      1.127663 [    0.0013,    14.0975]
offset_0        29      0.404641 [-10001.5162, 10001.7187]

----- dataset: FIESTAdata_harps_mode1    ----- model: gp_multidimensional           
rot_amp         30      0.846709 [  -10.0000,    10.0000]
con_amp         31     -0.429670 [  -20.0000,    20.0000]

----- dataset:  FIESTAdata_harps_mode2
jitter_0        32      1.296499 [    0.0016,    16.6619]
offset_0        33      0.497187 [-10002.0632, 10001.8156]

----- dataset: FIESTAdata_harps_mode2    ----- model: gp_multidimensional           
rot_amp         34     -2.814753 [  -10.0000,    10.0000]
con_amp         35     -2.714685 [  -20.0000,    20.0000]

----- dataset:  FIESTAdata_harps_mode3
jitter_0        36      2.701707 [    0.0044,    47.8256]
offset_0        37     -2.489552 [-10011.2944, 10006.6672]

----- dataset: FIESTAdata_harps_mode3    ----- model: gp_multidimensional           
rot_amp         38     -8.228057 [  -10.0000,    10.0000]
con_amp         39     10.261006 [  -20.0000,    20.0000]

----- dataset:  FIESTAdata_harpsn_mode1
jitter_0        40      1.362431 [    0.0010,    12.1573]
offset_0        41      0.184571 [-10003.6215, 10002.5502]

----- dataset: FIESTAdata_harpsn_mode1   ----- model: gp_multidimensional           
rot_amp         42      2.566344 [  -10.0000,    10.0000]
con_amp         43     -1.869981 [  -20.0000,    20.0000]

----- dataset:  FIESTAdata_harpsn_mode2
jitter_0        44      1.690651 [    0.0012,    14.0974]
offset_0        45     -0.274434 [-10003.8285, 10004.7191]

----- dataset: FIESTAdata_harpsn_mode2   ----- model: gp_multidimensional           
rot_amp         46      0.536205 [  -10.0000,    10.0000]
con_amp         47      2.612878 [  -20.0000,    20.0000]

----- dataset:  FIESTAdata_harpsn_mode3
jitter_0        48      4.572000 [    0.0033,    39.4879]
offset_0        49      0.333889 [-10012.2440, 10012.0803]

----- dataset: FIESTAdata_harpsn_mode3   ----- model: gp_multidimensional           
rot_amp         50      3.941824 [  -10.0000,    10.0000]
con_amp         51     -2.073998 [  -20.0000,    20.0000]

----- dataset:  FIESTAdata_neid_mode1
jitter_0        52      0.744945 [    0.0016,    19.2528]
offset_0        53      0.032104 [-10002.1932, 10001.8029]

----- dataset: FIESTAdata_neid_mode1     ----- model: gp_multidimensional           
rot_amp         54      1.247342 [  -10.0000,    10.0000]
con_amp         55      0.542150 [  -20.0000,    20.0000]

----- dataset:  FIESTAdata_neid_mode2
jitter_0        56      1.073909 [    0.0020,    23.2183]
offset_0        57     -0.077469 [-10002.9015, 10003.2537]

----- dataset: FIESTAdata_neid_mode2     ----- model: gp_multidimensional           
rot_amp         58     -4.589010 [  -10.0000,    10.0000]
con_amp         59      0.393585 [  -20.0000,    20.0000]

----- dataset:  FIESTAdata_neid_mode3
jitter_0        60      2.825790 [    0.0049,    58.0802]
offset_0        61      0.545046 [-10007.2877, 10005.5780]

----- dataset: FIESTAdata_neid_mode3     ----- model: gp_multidimensional           
rot_amp         62      4.831098 [  -10.0000,    10.0000]
con_amp         63     -2.042351 [  -20.0000,    20.0000]

----- common model:  activity
Prot             0     28.528615 [   20.0000,    35.0000]
Pdec             1     68.756138 [   30.0000,  1000.0000]
Oamp             2     -1.301628 [   -6.6439,     0.0000]

----- common model:  star_parameters

====================================================================================================
     Statistics on the model parameters obtained from the posteriors samples     
====================================================================================================

----- dataset:  RVdata_expres
jitter_0              1.249583 
offset_0              9.744423 


----- dataset: RVdata_expres             ----- model: gp_multidimensional           
rot_amp               2.399918 
con_amp              -8.318717 

----- dataset:  RVdata_harps
jitter_0              0.980880 
offset_0             10.189774 
offset_1             10.853604 


----- dataset: RVdata_harps              ----- model: gp_multidimensional           
rot_amp               3.028757 
con_amp              -7.591922 

----- dataset:  RVdata_neid
jitter_0              0.946172 
offset_0             10.546500 


----- dataset: RVdata_neid               ----- model: gp_multidimensional           
rot_amp               0.289221 
con_amp              -6.924103 

----- dataset:  FIESTAdata_expres_mode1
jitter_0              0.885475 
offset_0              0.132082 


----- dataset: FIESTAdata_expres_mode1   ----- model: gp_multidimensional           
rot_amp              -0.441110 
con_amp              -0.636036 

----- dataset:  FIESTAdata_expres_mode2
jitter_0              1.104155 
offset_0             -0.092032 


----- dataset: FIESTAdata_expres_mode2   ----- model: gp_multidimensional           
rot_amp              -1.395076 
con_amp               0.725392 

----- dataset:  FIESTAdata_expres_mode3
jitter_0              3.273357 
offset_0             -0.131095 


----- dataset: FIESTAdata_expres_mode3   ----- model: gp_multidimensional           
rot_amp               3.241884 
con_amp               0.608927 

----- dataset:  FIESTAdata_harps_mode1
jitter_0              1.127663 
offset_0              0.404641 


----- dataset: FIESTAdata_harps_mode1    ----- model: gp_multidimensional           
rot_amp               0.846709 
con_amp              -0.429670 

----- dataset:  FIESTAdata_harps_mode2
jitter_0              1.296499 
offset_0              0.497187 


----- dataset: FIESTAdata_harps_mode2    ----- model: gp_multidimensional           
rot_amp              -2.814753 
con_amp              -2.714685 

----- dataset:  FIESTAdata_harps_mode3
jitter_0              2.701707 
offset_0             -2.489552 


----- dataset: FIESTAdata_harps_mode3    ----- model: gp_multidimensional           
rot_amp              -8.228057 
con_amp              10.261006 

----- dataset:  FIESTAdata_harpsn_mode1
jitter_0              1.362431 
offset_0              0.184571 


----- dataset: FIESTAdata_harpsn_mode1   ----- model: gp_multidimensional           
rot_amp               2.566344 
con_amp              -1.869981 

----- dataset:  FIESTAdata_harpsn_mode2
jitter_0              1.690651 
offset_0             -0.274434 


----- dataset: FIESTAdata_harpsn_mode2   ----- model: gp_multidimensional           
rot_amp               0.536205 
con_amp               2.612878 

----- dataset:  FIESTAdata_harpsn_mode3
jitter_0              4.572000 
offset_0              0.333889 


----- dataset: FIESTAdata_harpsn_mode3   ----- model: gp_multidimensional           
rot_amp               3.941824 
con_amp              -2.073998 

----- dataset:  FIESTAdata_neid_mode1
jitter_0              0.744945 
offset_0              0.032104 


----- dataset: FIESTAdata_neid_mode1     ----- model: gp_multidimensional           
rot_amp               1.247342 
con_amp               0.542150 

----- dataset:  FIESTAdata_neid_mode2
jitter_0              1.073909 
offset_0             -0.077469 


----- dataset: FIESTAdata_neid_mode2     ----- model: gp_multidimensional           
rot_amp              -4.589010 
con_amp               0.393585 

----- dataset:  FIESTAdata_neid_mode3
jitter_0              2.825790 
offset_0              0.545046 


----- dataset: FIESTAdata_neid_mode3     ----- model: gp_multidimensional           
rot_amp               4.831098 
con_amp              -2.042351 

----- common model:  activity
Prot                 28.528615 
Pdec                 68.756138 
Oamp                  0.405668 

----- common model:  star_parameters

====================================================================================================
     Statistics on the derived parameters obtained from the posteriors samples     
====================================================================================================


====================================================================================================
     ------------------------------------------------------------------------------------------     
====================================================================================================



****************************************************************************************************

 Parameters corresponding to the sample closest to the median values ( -2675.64094349702 )

====================================================================================================
     Statistics on the posterior of the sampler parameters     
====================================================================================================

----- dataset:  RVdata_expres
jitter_0         3      1.343573 [    0.0010,    14.4000]
offset_0         4      9.273489 [-9996.1930, 10013.7390]

----- dataset: RVdata_expres             ----- model: gp_multidimensional           
rot_amp          5      6.113448 [    0.0000,    10.0000]
con_amp          6    -18.695087 [  -20.0000,    20.0000]

----- dataset:  RVdata_harps
jitter_0         7      0.896549 [    0.0009,    12.4000]
offset_0         8      9.962858 [-9994.9455, 10014.6615]
offset_1         9     10.367876 [-9994.9455, 10014.6615]

----- dataset: RVdata_harps              ----- model: gp_multidimensional           
rot_amp         10      5.981044 [    0.0000,    10.0000]
con_amp         11    -15.615198 [  -20.0000,    20.0000]

----- dataset:  RVdata_neid
jitter_0        12      0.962873 [    0.0010,    12.3000]
offset_0        13     10.413855 [-9994.3136, 10014.8014]

----- dataset: RVdata_neid               ----- model: gp_multidimensional           
rot_amp         14      1.840966 [    0.0000,    10.0000]
con_amp         15    -15.093662 [  -20.0000,    20.0000]

----- dataset:  FIESTAdata_expres_mode1
jitter_0        16      0.816793 [    0.0017,    23.1624]
offset_0        17      0.060396 [-10002.1847, 10001.9137]

----- dataset: FIESTAdata_expres_mode1   ----- model: gp_multidimensional           
rot_amp         18     -1.737744 [  -10.0000,    10.0000]
con_amp         19     -0.582567 [  -20.0000,    20.0000]

----- dataset:  FIESTAdata_expres_mode2
jitter_0        20      1.229638 [    0.0019,    26.5895]
offset_0        21     -0.227662 [-10003.0918, 10003.3536]

----- dataset: FIESTAdata_expres_mode2   ----- model: gp_multidimensional           
rot_amp         22     -0.696537 [  -10.0000,    10.0000]
con_amp         23      3.241770 [  -20.0000,    20.0000]

----- dataset:  FIESTAdata_expres_mode3
jitter_0        24      3.684482 [    0.0044,    61.7088]
offset_0        25     -0.216726 [-10007.6548, 10007.7250]

----- dataset: FIESTAdata_expres_mode3   ----- model: gp_multidimensional           
rot_amp         26      4.476564 [  -10.0000,    10.0000]
con_amp         27      3.230022 [  -20.0000,    20.0000]

----- dataset:  FIESTAdata_harps_mode1
jitter_0        28      0.943264 [    0.0013,    14.0975]
offset_0        29      0.392964 [-10001.5162, 10001.7187]

----- dataset: FIESTAdata_harps_mode1    ----- model: gp_multidimensional           
rot_amp         30      5.487181 [  -10.0000,    10.0000]
con_amp         31      0.111537 [  -20.0000,    20.0000]

----- dataset:  FIESTAdata_harps_mode2
jitter_0        32      1.368467 [    0.0016,    16.6619]
offset_0        33     -0.206625 [-10002.0632, 10001.8156]

----- dataset: FIESTAdata_harps_mode2    ----- model: gp_multidimensional           
rot_amp         34     -4.461005 [  -10.0000,    10.0000]
con_amp         35     -3.631781 [  -20.0000,    20.0000]

----- dataset:  FIESTAdata_harps_mode3
jitter_0        36      3.403578 [    0.0044,    47.8256]
offset_0        37     -0.263856 [-10011.2944, 10006.6672]

----- dataset: FIESTAdata_harps_mode3    ----- model: gp_multidimensional           
rot_amp         38     -4.623426 [  -10.0000,    10.0000]
con_amp         39     14.409753 [  -20.0000,    20.0000]

----- dataset:  FIESTAdata_harpsn_mode1
jitter_0        40      1.403816 [    0.0010,    12.1573]
offset_0        41      0.109141 [-10003.6215, 10002.5502]

----- dataset: FIESTAdata_harpsn_mode1   ----- model: gp_multidimensional           
rot_amp         42      2.115086 [  -10.0000,    10.0000]
con_amp         43     -1.776738 [  -20.0000,    20.0000]

----- dataset:  FIESTAdata_harpsn_mode2
jitter_0        44      1.915998 [    0.0012,    14.0974]
offset_0        45     -0.344939 [-10003.8285, 10004.7191]

----- dataset: FIESTAdata_harpsn_mode2   ----- model: gp_multidimensional           
rot_amp         46     -4.522982 [  -10.0000,    10.0000]
con_amp         47      5.533516 [  -20.0000,    20.0000]

----- dataset:  FIESTAdata_harpsn_mode3
jitter_0        48      4.250950 [    0.0033,    39.4879]
offset_0        49      0.263442 [-10012.2440, 10012.0803]

----- dataset: FIESTAdata_harpsn_mode3   ----- model: gp_multidimensional           
rot_amp         50     -5.303804 [  -10.0000,    10.0000]
con_amp         51      1.697848 [  -20.0000,    20.0000]

----- dataset:  FIESTAdata_neid_mode1
jitter_0        52      0.675051 [    0.0016,    19.2528]
offset_0        53     -0.002563 [-10002.1932, 10001.8029]

----- dataset: FIESTAdata_neid_mode1     ----- model: gp_multidimensional           
rot_amp         54      2.207549 [  -10.0000,    10.0000]
con_amp         55      0.141394 [  -20.0000,    20.0000]

----- dataset:  FIESTAdata_neid_mode2
jitter_0        56      1.088671 [    0.0020,    23.2183]
offset_0        57     -0.001869 [-10002.9015, 10003.2537]

----- dataset: FIESTAdata_neid_mode2     ----- model: gp_multidimensional           
rot_amp         58     -7.006909 [  -10.0000,    10.0000]
con_amp         59      0.920670 [  -20.0000,    20.0000]

----- dataset:  FIESTAdata_neid_mode3
jitter_0        60      2.742106 [    0.0049,    58.0802]
offset_0        61      0.234439 [-10007.2877, 10005.5780]

----- dataset: FIESTAdata_neid_mode3     ----- model: gp_multidimensional           
rot_amp         62      9.000642 [  -10.0000,    10.0000]
con_amp         63     -3.218693 [  -20.0000,    20.0000]

----- common model:  activity
Prot             0     28.361941 [   20.0000,    35.0000]
Pdec             1     73.876953 [   30.0000,  1000.0000]
Oamp             2     -1.319205 [   -6.6439,     0.0000]

----- common model:  star_parameters

====================================================================================================
     Statistics on the model parameters obtained from the posteriors samples     
====================================================================================================

----- dataset:  RVdata_expres
jitter_0              1.343573 
offset_0              9.273489 


----- dataset: RVdata_expres             ----- model: gp_multidimensional           
rot_amp               6.113448 
con_amp             -18.695087 

----- dataset:  RVdata_harps
jitter_0              0.896549 
offset_0              9.962858 
offset_1             10.367876 


----- dataset: RVdata_harps              ----- model: gp_multidimensional           
rot_amp               5.981044 
con_amp             -15.615198 

----- dataset:  RVdata_neid
jitter_0              0.962873 
offset_0             10.413855 


----- dataset: RVdata_neid               ----- model: gp_multidimensional           
rot_amp               1.840966 
con_amp             -15.093662 

----- dataset:  FIESTAdata_expres_mode1
jitter_0              0.816793 
offset_0              0.060396 


----- dataset: FIESTAdata_expres_mode1   ----- model: gp_multidimensional           
rot_amp              -1.737744 
con_amp              -0.582567 

----- dataset:  FIESTAdata_expres_mode2
jitter_0              1.229638 
offset_0             -0.227662 


----- dataset: FIESTAdata_expres_mode2   ----- model: gp_multidimensional           
rot_amp              -0.696537 
con_amp               3.241770 

----- dataset:  FIESTAdata_expres_mode3
jitter_0              3.684482 
offset_0             -0.216726 


----- dataset: FIESTAdata_expres_mode3   ----- model: gp_multidimensional           
rot_amp               4.476564 
con_amp               3.230022 

----- dataset:  FIESTAdata_harps_mode1
jitter_0              0.943264 
offset_0              0.392964 


----- dataset: FIESTAdata_harps_mode1    ----- model: gp_multidimensional           
rot_amp               5.487181 
con_amp               0.111537 

----- dataset:  FIESTAdata_harps_mode2
jitter_0              1.368467 
offset_0             -0.206625 


----- dataset: FIESTAdata_harps_mode2    ----- model: gp_multidimensional           
rot_amp              -4.461005 
con_amp              -3.631781 

----- dataset:  FIESTAdata_harps_mode3
jitter_0              3.403578 
offset_0             -0.263856 


----- dataset: FIESTAdata_harps_mode3    ----- model: gp_multidimensional           
rot_amp              -4.623426 
con_amp              14.409753 

----- dataset:  FIESTAdata_harpsn_mode1
jitter_0              1.403816 
offset_0              0.109141 


----- dataset: FIESTAdata_harpsn_mode1   ----- model: gp_multidimensional           
rot_amp               2.115086 
con_amp              -1.776738 

----- dataset:  FIESTAdata_harpsn_mode2
jitter_0              1.915998 
offset_0             -0.344939 


----- dataset: FIESTAdata_harpsn_mode2   ----- model: gp_multidimensional           
rot_amp              -4.522982 
con_amp               5.533516 

----- dataset:  FIESTAdata_harpsn_mode3
jitter_0              4.250950 
offset_0              0.263442 


----- dataset: FIESTAdata_harpsn_mode3   ----- model: gp_multidimensional           
rot_amp              -5.303804 
con_amp               1.697848 

----- dataset:  FIESTAdata_neid_mode1
jitter_0              0.675051 
offset_0             -0.002563 


----- dataset: FIESTAdata_neid_mode1     ----- model: gp_multidimensional           
rot_amp               2.207549 
con_amp               0.141394 

----- dataset:  FIESTAdata_neid_mode2
jitter_0              1.088671 
offset_0             -0.001869 


----- dataset: FIESTAdata_neid_mode2     ----- model: gp_multidimensional           
rot_amp              -7.006909 
con_amp               0.920670 

----- dataset:  FIESTAdata_neid_mode3
jitter_0              2.742106 
offset_0              0.234439 


----- dataset: FIESTAdata_neid_mode3     ----- model: gp_multidimensional           
rot_amp               9.000642 
con_amp              -3.218693 

----- common model:  activity
Prot                 28.361941 
Pdec                 73.876953 
Oamp                  0.400756 

----- common model:  star_parameters

====================================================================================================
     Statistics on the derived parameters obtained from the posteriors samples     
====================================================================================================


====================================================================================================
     ------------------------------------------------------------------------------------------     
====================================================================================================



****************************************************************************************************

Note: stellar density derived from stellar mass and radius

 Plot FLAT chain 

****************************************************************************************************

 Skipping full correlation plot due to the high number of parameters
 To avoid this behaviour, set the keyword parameters:force_full_correlation_plot to True

****************************************************************************************************

 Plotting the chains... 

****************************************************************************************************

 Plotting the Gelman-Rubin traces... 

     Gelman-Rubin:     3     1.064592 RVdata_expres_jitter_0 
     Gelman-Rubin:     4     1.687314 RVdata_expres_offset_0 
     Gelman-Rubin:     5     1.056703 RVdata_expres_gp_multidimensional_rot_amp 
     Gelman-Rubin:     6     1.026507 RVdata_expres_gp_multidimensional_con_amp 
     Gelman-Rubin:     7     1.076701 RVdata_harps_jitter_0 
     Gelman-Rubin:     8     1.684073 RVdata_harps_offset_0 
     Gelman-Rubin:     9     1.678636 RVdata_harps_offset_1 
     Gelman-Rubin:    10     1.066787 RVdata_harps_gp_multidimensional_rot_amp 
     Gelman-Rubin:    11     1.026411 RVdata_harps_gp_multidimensional_con_amp 
     Gelman-Rubin:    12     1.064270 RVdata_neid_jitter_0 
     Gelman-Rubin:    13     1.670686 RVdata_neid_offset_0 
     Gelman-Rubin:    14     1.094176 RVdata_neid_gp_multidimensional_rot_amp 
     Gelman-Rubin:    15     1.028464 RVdata_neid_gp_multidimensional_con_amp 
     Gelman-Rubin:    16     1.072353 FIESTAdata_expres_mode1_jitter_0 
     Gelman-Rubin:    17     1.157067 FIESTAdata_expres_mode1_offset_0 
     Gelman-Rubin:    18     1.075528 FIESTAdata_expres_mode1_gp_multidimensional_rot_amp 
     Gelman-Rubin:    19     1.097866 FIESTAdata_expres_mode1_gp_multidimensional_con_amp 
     Gelman-Rubin:    20     1.061716 FIESTAdata_expres_mode2_jitter_0 
     Gelman-Rubin:    21     1.459777 FIESTAdata_expres_mode2_offset_0 
     Gelman-Rubin:    22     1.082952 FIESTAdata_expres_mode2_gp_multidimensional_rot_amp 
     Gelman-Rubin:    23     1.091813 FIESTAdata_expres_mode2_gp_multidimensional_con_amp 
     Gelman-Rubin:    24     1.071398 FIESTAdata_expres_mode3_jitter_0 
     Gelman-Rubin:    25     1.275501 FIESTAdata_expres_mode3_offset_0 
     Gelman-Rubin:    26     1.080215 FIESTAdata_expres_mode3_gp_multidimensional_rot_amp 
     Gelman-Rubin:    27     1.092908 FIESTAdata_expres_mode3_gp_multidimensional_con_amp 
     Gelman-Rubin:    28     1.074869 FIESTAdata_harps_mode1_jitter_0 
     Gelman-Rubin:    29     1.184402 FIESTAdata_harps_mode1_offset_0 
     Gelman-Rubin:    30     1.078026 FIESTAdata_harps_mode1_gp_multidimensional_rot_amp 
     Gelman-Rubin:    31     1.094440 FIESTAdata_harps_mode1_gp_multidimensional_con_amp 
     Gelman-Rubin:    32     1.082211 FIESTAdata_harps_mode2_jitter_0 
     Gelman-Rubin:    33     1.472291 FIESTAdata_harps_mode2_offset_0 
     Gelman-Rubin:    34     1.092661 FIESTAdata_harps_mode2_gp_multidimensional_rot_amp 
     Gelman-Rubin:    35     1.093393 FIESTAdata_harps_mode2_gp_multidimensional_con_amp 
     Gelman-Rubin:    36     1.074528 FIESTAdata_harps_mode3_jitter_0 
     Gelman-Rubin:    37     1.622427 FIESTAdata_harps_mode3_offset_0 
     Gelman-Rubin:    38     1.087260 FIESTAdata_harps_mode3_gp_multidimensional_rot_amp 
     Gelman-Rubin:    39     1.078859 FIESTAdata_harps_mode3_gp_multidimensional_con_amp 
     Gelman-Rubin:    40     1.059911 FIESTAdata_harpsn_mode1_jitter_0 
     Gelman-Rubin:    41     1.568860 FIESTAdata_harpsn_mode1_offset_0 
     Gelman-Rubin:    42     1.058894 FIESTAdata_harpsn_mode1_gp_multidimensional_rot_amp 
     Gelman-Rubin:    43     1.085175 FIESTAdata_harpsn_mode1_gp_multidimensional_con_amp 
     Gelman-Rubin:    44     1.061927 FIESTAdata_harpsn_mode2_jitter_0 
     Gelman-Rubin:    45     1.563431 FIESTAdata_harpsn_mode2_offset_0 
     Gelman-Rubin:    46     1.059511 FIESTAdata_harpsn_mode2_gp_multidimensional_rot_amp 
     Gelman-Rubin:    47     1.082681 FIESTAdata_harpsn_mode2_gp_multidimensional_con_amp 
     Gelman-Rubin:    48     1.064459 FIESTAdata_harpsn_mode3_jitter_0 
     Gelman-Rubin:    49     1.141321 FIESTAdata_harpsn_mode3_offset_0 
     Gelman-Rubin:    50     1.095030 FIESTAdata_harpsn_mode3_gp_multidimensional_rot_amp 
     Gelman-Rubin:    51     1.094234 FIESTAdata_harpsn_mode3_gp_multidimensional_con_amp 
     Gelman-Rubin:    52     1.062189 FIESTAdata_neid_mode1_jitter_0 
     Gelman-Rubin:    53     1.358629 FIESTAdata_neid_mode1_offset_0 
     Gelman-Rubin:    54     1.057037 FIESTAdata_neid_mode1_gp_multidimensional_rot_amp 
     Gelman-Rubin:    55     1.096188 FIESTAdata_neid_mode1_gp_multidimensional_con_amp 
     Gelman-Rubin:    56     1.065785 FIESTAdata_neid_mode2_jitter_0 
     Gelman-Rubin:    57     1.235180 FIESTAdata_neid_mode2_offset_0 
     Gelman-Rubin:    58     1.054379 FIESTAdata_neid_mode2_gp_multidimensional_rot_amp 
     Gelman-Rubin:    59     1.099263 FIESTAdata_neid_mode2_gp_multidimensional_con_amp 
     Gelman-Rubin:    60     1.078485 FIESTAdata_neid_mode3_jitter_0 
     Gelman-Rubin:    61     1.507756 FIESTAdata_neid_mode3_offset_0 
     Gelman-Rubin:    62     1.077599 FIESTAdata_neid_mode3_gp_multidimensional_rot_amp 
     Gelman-Rubin:    63     1.089085 FIESTAdata_neid_mode3_gp_multidimensional_con_amp 
     Gelman-Rubin:     0     1.068554 activity_Prot 
     Gelman-Rubin:     1     1.039425 activity_Pdec 
     Gelman-Rubin:     2     1.060604 activity_Oamp 

****************************************************************************************************

Plotting the common models corner plots
     Common model:  activity
     Common model:  star_parameters

****************************************************************************************************

Plotting the dataset + models corner plots 

     Dataset:  RVdata_expres     model:  gp_multidimensional  corner plot  starting 
     Dataset:  RVdata_expres     model:  gp_multidimensional  corner plot  done 
     Dataset:  RVdata_harps     model:  gp_multidimensional  corner plot  starting 
     Dataset:  RVdata_harps     model:  gp_multidimensional  corner plot  done 
     Dataset:  RVdata_neid     model:  gp_multidimensional  corner plot  starting 
     Dataset:  RVdata_neid     model:  gp_multidimensional  corner plot  done 
     Dataset:  FIESTAdata_expres_mode1     model:  gp_multidimensional  corner plot  starting 
     Dataset:  FIESTAdata_expres_mode1     model:  gp_multidimensional  corner plot  done 
     Dataset:  FIESTAdata_expres_mode2     model:  gp_multidimensional  corner plot  starting 
     Dataset:  FIESTAdata_expres_mode2     model:  gp_multidimensional  corner plot  done 
     Dataset:  FIESTAdata_expres_mode3     model:  gp_multidimensional  corner plot  starting 
     Dataset:  FIESTAdata_expres_mode3     model:  gp_multidimensional  corner plot  done 
     Dataset:  FIESTAdata_harps_mode1     model:  gp_multidimensional  corner plot  starting 
     Dataset:  FIESTAdata_harps_mode1     model:  gp_multidimensional  corner plot  done 
     Dataset:  FIESTAdata_harps_mode2     model:  gp_multidimensional  corner plot  starting 
     Dataset:  FIESTAdata_harps_mode2     model:  gp_multidimensional  corner plot  done 
     Dataset:  FIESTAdata_harps_mode3     model:  gp_multidimensional  corner plot  starting 
     Dataset:  FIESTAdata_harps_mode3     model:  gp_multidimensional  corner plot  done 
     Dataset:  FIESTAdata_harpsn_mode1     model:  gp_multidimensional  corner plot  starting 
     Dataset:  FIESTAdata_harpsn_mode1     model:  gp_multidimensional  corner plot  done 
     Dataset:  FIESTAdata_harpsn_mode2     model:  gp_multidimensional  corner plot  starting 
     Dataset:  FIESTAdata_harpsn_mode2     model:  gp_multidimensional  corner plot  done 
     Dataset:  FIESTAdata_harpsn_mode3     model:  gp_multidimensional  corner plot  starting 
     Dataset:  FIESTAdata_harpsn_mode3     model:  gp_multidimensional  corner plot  done 
     Dataset:  FIESTAdata_neid_mode1     model:  gp_multidimensional  corner plot  starting 
     Dataset:  FIESTAdata_neid_mode1     model:  gp_multidimensional  corner plot  done 
     Dataset:  FIESTAdata_neid_mode2     model:  gp_multidimensional  corner plot  starting 
     Dataset:  FIESTAdata_neid_mode2     model:  gp_multidimensional  corner plot  done 
     Dataset:  FIESTAdata_neid_mode3     model:  gp_multidimensional  corner plot  starting 
     Dataset:  FIESTAdata_neid_mode3     model:  gp_multidimensional  corner plot  done 

****************************************************************************************************

 Saving the planet parameter samplings to files (with plots)

****************************************************************************************************

 Saving all the parameter samplings to files (with plots)

****************************************************************************************************

 Computing the models for plot/data writing 
     Splitting the plot array to allow GP prediction of extended datasets, it may take a while...
     # 21 chunks of 92 times each
     Check the documentation if the code is taking too long or if it crashes...
     Splitting the plot array to allow GP prediction of extended datasets, it may take a while...
     # 21 chunks of 92 times each
     Check the documentation if the code is taking too long or if it crashes...
     Splitting the plot array to allow GP prediction of extended datasets, it may take a while...
     # 21 chunks of 92 times each
     Check the documentation if the code is taking too long or if it crashes...
     Splitting the plot array to allow GP prediction of extended datasets, it may take a while...
     # 15 chunks of 92 times each
     Check the documentation if the code is taking too long or if it crashes...
     Splitting the plot array to allow GP prediction of extended datasets, it may take a while...
     # 15 chunks of 92 times each
     Check the documentation if the code is taking too long or if it crashes...
     Splitting the plot array to allow GP prediction of extended datasets, it may take a while...
     # 15 chunks of 92 times each
     Check the documentation if the code is taking too long or if it crashes...
     Splitting the plot array to allow GP prediction of extended datasets, it may take a while...
     # 4 chunks of 92 times each
     Check the documentation if the code is taking too long or if it crashes...
     Splitting the plot array to allow GP prediction of extended datasets, it may take a while...
     # 4 chunks of 92 times each
     Check the documentation if the code is taking too long or if it crashes...
     Splitting the plot array to allow GP prediction of extended datasets, it may take a while...
     # 4 chunks of 92 times each
     Check the documentation if the code is taking too long or if it crashes...
     Splitting the plot array to allow GP prediction of extended datasets, it may take a while...
     # 12 chunks of 92 times each
     Check the documentation if the code is taking too long or if it crashes...
     Splitting the plot array to allow GP prediction of extended datasets, it may take a while...
     # 12 chunks of 92 times each
     Check the documentation if the code is taking too long or if it crashes...
     Splitting the plot array to allow GP prediction of extended datasets, it may take a while...
     # 12 chunks of 92 times each
     Check the documentation if the code is taking too long or if it crashes...
     Splitting the plot array to allow GP prediction of extended datasets, it may take a while...
     # 13 chunks of 92 times each
     Check the documentation if the code is taking too long or if it crashes...
     Splitting the plot array to allow GP prediction of extended datasets, it may take a while...
     # 13 chunks of 92 times each
     Check the documentation if the code is taking too long or if it crashes...
     Splitting the plot array to allow GP prediction of extended datasets, it may take a while...
     # 13 chunks of 92 times each
     Check the documentation if the code is taking too long or if it crashes...
     Splitting the plot array to allow GP prediction of extended datasets, it may take a while...
     # 21 chunks of 92 times each
     Check the documentation if the code is taking too long or if it crashes...
     Splitting the plot array to allow GP prediction of extended datasets, it may take a while...
     # 21 chunks of 92 times each
     Check the documentation if the code is taking too long or if it crashes...
     Splitting the plot array to allow GP prediction of extended datasets, it may take a while...
     # 21 chunks of 92 times each
     Check the documentation if the code is taking too long or if it crashes...
     Splitting the plot array to allow GP prediction of extended datasets, it may take a while...
     # 15 chunks of 92 times each
     Check the documentation if the code is taking too long or if it crashes...
     Splitting the plot array to allow GP prediction of extended datasets, it may take a while...
     # 15 chunks of 92 times each
     Check the documentation if the code is taking too long or if it crashes...
     Splitting the plot array to allow GP prediction of extended datasets, it may take a while...
     # 15 chunks of 92 times each
     Check the documentation if the code is taking too long or if it crashes...
     Splitting the plot array to allow GP prediction of extended datasets, it may take a while...
     # 4 chunks of 92 times each
     Check the documentation if the code is taking too long or if it crashes...
     Splitting the plot array to allow GP prediction of extended datasets, it may take a while...
     # 4 chunks of 92 times each
     Check the documentation if the code is taking too long or if it crashes...
     Splitting the plot array to allow GP prediction of extended datasets, it may take a while...
     # 4 chunks of 92 times each
     Check the documentation if the code is taking too long or if it crashes...
     Splitting the plot array to allow GP prediction of extended datasets, it may take a while...
     # 12 chunks of 92 times each
     Check the documentation if the code is taking too long or if it crashes...
     Splitting the plot array to allow GP prediction of extended datasets, it may take a while...
     # 12 chunks of 92 times each
     Check the documentation if the code is taking too long or if it crashes...
     Splitting the plot array to allow GP prediction of extended datasets, it may take a while...
     # 12 chunks of 92 times each
     Check the documentation if the code is taking too long or if it crashes...
     Splitting the plot array to allow GP prediction of extended datasets, it may take a while...
     # 13 chunks of 92 times each
     Check the documentation if the code is taking too long or if it crashes...
     Splitting the plot array to allow GP prediction of extended datasets, it may take a while...
     # 13 chunks of 92 times each
     Check the documentation if the code is taking too long or if it crashes...
     Splitting the plot array to allow GP prediction of extended datasets, it may take a while...
     # 13 chunks of 92 times each
     Check the documentation if the code is taking too long or if it crashes...
     Splitting the plot array to allow GP prediction of extended datasets, it may take a while...
     # 21 chunks of 92 times each
     Check the documentation if the code is taking too long or if it crashes...
     Splitting the plot array to allow GP prediction of extended datasets, it may take a while...
     # 21 chunks of 92 times each
     Check the documentation if the code is taking too long or if it crashes...
     Splitting the plot array to allow GP prediction of extended datasets, it may take a while...
     # 21 chunks of 92 times each
     Check the documentation if the code is taking too long or if it crashes...
     Splitting the plot array to allow GP prediction of extended datasets, it may take a while...
     # 15 chunks of 92 times each
     Check the documentation if the code is taking too long or if it crashes...
     Splitting the plot array to allow GP prediction of extended datasets, it may take a while...
     # 15 chunks of 92 times each
     Check the documentation if the code is taking too long or if it crashes...
     Splitting the plot array to allow GP prediction of extended datasets, it may take a while...
     # 15 chunks of 92 times each
     Check the documentation if the code is taking too long or if it crashes...
     Splitting the plot array to allow GP prediction of extended datasets, it may take a while...
     # 4 chunks of 92 times each
     Check the documentation if the code is taking too long or if it crashes...
     Splitting the plot array to allow GP prediction of extended datasets, it may take a while...
     # 4 chunks of 92 times each
     Check the documentation if the code is taking too long or if it crashes...
     Splitting the plot array to allow GP prediction of extended datasets, it may take a while...
     # 4 chunks of 92 times each
     Check the documentation if the code is taking too long or if it crashes...
     Splitting the plot array to allow GP prediction of extended datasets, it may take a while...
     # 12 chunks of 92 times each
     Check the documentation if the code is taking too long or if it crashes...
     Splitting the plot array to allow GP prediction of extended datasets, it may take a while...
     # 12 chunks of 92 times each
     Check the documentation if the code is taking too long or if it crashes...
     Splitting the plot array to allow GP prediction of extended datasets, it may take a while...
     # 12 chunks of 92 times each
     Check the documentation if the code is taking too long or if it crashes...
     Splitting the plot array to allow GP prediction of extended datasets, it may take a while...
     # 13 chunks of 92 times each
     Check the documentation if the code is taking too long or if it crashes...
     Splitting the plot array to allow GP prediction of extended datasets, it may take a while...
     # 13 chunks of 92 times each
     Check the documentation if the code is taking too long or if it crashes...
     Splitting the plot array to allow GP prediction of extended datasets, it may take a while...
     # 13 chunks of 92 times each
     Check the documentation if the code is taking too long or if it crashes...
 Writing the plots 
 Writing the   data files 
 Writing the  MAP_ data files 
 Writing the  sampleMED_ data files 

****************************************************************************************************

