
:::---::: PyORBIT v11.0.1 :::---:::

Python version in use:
3.10.18 (main, Jun  5 2025, 13:14:17) [GCC 11.2.0]

reloaded_optimize:  False
reloaded_pyde:  False
reloaded_emcee:  False

number of multiprocessing threads: 16
multiprocessing method (should be fork):  fork

parameters/safe_reload flag (must be True for tinygp):  False

Opening:  RVdata
Opening:  BISdata
Opening:  CaIIdata
Opening:  Contrastdata
Opening:  FWHMdata
Opening:  Halphadata

Adding common model of planet:  b
Adding common model of planet:  c
Adding common model of planet:  d
Using orbital model:  keplerian
Using orbital parametrization:  Eastman2013

Using orbital model:  keplerian
Using orbital parametrization:  Eastman2013

Using orbital model:  keplerian
Using orbital parametrization:  Eastman2013

gp_multidimensional  S+LEAF model, number of harmonics: 4

GP model: gp_multidimensional  hyperparameters_condition:    True
GP model: gp_multidimensional  rotation_decay_condition:     True

====================================================================================================
     Ids, spaces (s), boundaries (b) and priors (p) of the sampler parameters     
====================================================================================================

----- dataset:  RVdata
jitter_0      id:  18  s:Linear      b:[      0.0009,      14.4000]   p:Uniform   []
offset_0      id:  19  s:Linear      b:[  -9996.1930,   10016.9830]   p:Uniform   []
offset_1      id:  20  s:Linear      b:[  -9996.1930,   10016.9830]   p:Uniform   []
offset_2      id:  21  s:Linear      b:[  -9996.1930,   10016.9830]   p:Uniform   []
offset_3      id:  22  s:Linear      b:[  -9996.1930,   10016.9830]   p:Uniform   []

----- dataset: RVdata                    ----- model: gp_multidimensional           
rot_amp       id:  23  s:Linear      b:[      0.0000,      10.0000]   p:Uniform   []
con_amp       id:  24  s:Linear      b:[    -20.0000,      20.0000]   p:Uniform   []

----- dataset:  BISdata
jitter_0      id:  25  s:Linear      b:[      0.0095,      95.0000]   p:Uniform   []
offset_0      id:  26  s:Linear      b:[ -10079.3333,    9959.9833]   p:Uniform   []
offset_1      id:  27  s:Linear      b:[ -10079.3333,    9959.9833]   p:Uniform   []
offset_2      id:  28  s:Linear      b:[ -10079.3333,    9959.9833]   p:Uniform   []
offset_3      id:  29  s:Linear      b:[ -10079.3333,    9959.9833]   p:Uniform   []

----- dataset: BISdata                   ----- model: gp_multidimensional           
rot_amp       id:  30  s:Linear      b:[    -10.0000,      10.0000]   p:Uniform   []
con_amp       id:  31  s:Linear      b:[    -20.0000,      20.0000]   p:Uniform   []

----- dataset:  CaIIdata
jitter_0      id:  32  s:Linear      b:[      0.0000,       0.3000]   p:Uniform   []
offset_0      id:  33  s:Linear      b:[  -9999.9104,   10000.1098]   p:Uniform   []
offset_1      id:  34  s:Linear      b:[  -9999.9104,   10000.1098]   p:Uniform   []
offset_2      id:  35  s:Linear      b:[  -9999.9104,   10000.1098]   p:Uniform   []
offset_3      id:  36  s:Linear      b:[  -9999.9104,   10000.1098]   p:Uniform   []

----- dataset: CaIIdata                  ----- model: gp_multidimensional           
rot_amp       id:  37  s:Linear      b:[    -10.0000,      10.0000]   p:Uniform   []
con_amp       id:  38  s:Linear      b:[    -20.0000,      20.0000]   p:Uniform   []

----- dataset:  Contrastdata
jitter_0      id:  39  s:Linear      b:[      1.3000,   13000.0000]   p:Uniform   []
offset_0      id:  40  s:Linear      b:[-468097.7760, -343163.8137]   p:Uniform   []
offset_1      id:  41  s:Linear      b:[-468097.7760, -343163.8137]   p:Uniform   []
offset_2      id:  42  s:Linear      b:[-468097.7760, -343163.8137]   p:Uniform   []
offset_3      id:  43  s:Linear      b:[-468097.7760, -343163.8137]   p:Uniform   []

----- dataset: Contrastdata              ----- model: gp_multidimensional           
rot_amp       id:  44  s:Linear      b:[    -10.0000,      10.0000]   p:Uniform   []
con_amp       id:  45  s:Linear      b:[    -20.0000,      20.0000]   p:Uniform   []

----- dataset:  FWHMdata
jitter_0      id:  46  s:Linear      b:[      0.0500,     500.0000]   p:Uniform   []
offset_0      id:  47  s:Linear      b:[  -3319.7953,   16947.8039]   p:Uniform   []
offset_1      id:  48  s:Linear      b:[  -3319.7953,   16947.8039]   p:Uniform   []
offset_2      id:  49  s:Linear      b:[  -3319.7953,   16947.8039]   p:Uniform   []
offset_3      id:  50  s:Linear      b:[  -3319.7953,   16947.8039]   p:Uniform   []

----- dataset: FWHMdata                  ----- model: gp_multidimensional           
rot_amp       id:  51  s:Linear      b:[    -10.0000,      10.0000]   p:Uniform   []
con_amp       id:  52  s:Linear      b:[    -20.0000,      20.0000]   p:Uniform   []

----- dataset:  Halphadata
jitter_0      id:  53  s:Linear      b:[      0.0000,       0.1000]   p:Uniform   []
offset_0      id:  54  s:Linear      b:[  -9999.8299,   10000.1792]   p:Uniform   []
offset_1      id:  55  s:Linear      b:[  -9999.8299,   10000.1792]   p:Uniform   []
offset_2      id:  56  s:Linear      b:[  -9999.8299,   10000.1792]   p:Uniform   []
offset_3      id:  57  s:Linear      b:[  -9999.8299,   10000.1792]   p:Uniform   []

----- dataset: Halphadata                ----- model: gp_multidimensional           
rot_amp       id:  58  s:Linear      b:[    -10.0000,      10.0000]   p:Uniform   []
con_amp       id:  59  s:Linear      b:[    -20.0000,      20.0000]   p:Uniform   []

----- common model:  b
P             id:   0  s:Log_Base2   b:[      0.3785,       6.6439]   p:Uniform   []
K             id:   1  s:Log_Base2   b:[     -9.9658,       3.3219]   p:Uniform   []
sre_coso      id:   2  s:Linear      b:[     -1.0000,       1.0000]   p:Uniform   []
sre_sino      id:   3  s:Linear      b:[     -1.0000,       1.0000]   p:Uniform   []
mean_long     id:   4  s:Linear      b:[      0.0000,     360.0000]   p:Uniform   []
e             derived (no id, space, bound)                           p:Gaussian   [0.    0.098]
omega         derived (no id, space, bound)                           p:Uniform   [0.0, 360.0]

----- common model:  c
P             id:   5  s:Log_Base2   b:[      0.3785,       6.6439]   p:Uniform   []
K             id:   6  s:Log_Base2   b:[     -9.9658,       3.3219]   p:Uniform   []
sre_coso      id:   7  s:Linear      b:[     -1.0000,       1.0000]   p:Uniform   []
sre_sino      id:   8  s:Linear      b:[     -1.0000,       1.0000]   p:Uniform   []
mean_long     id:   9  s:Linear      b:[      0.0000,     360.0000]   p:Uniform   []
e             derived (no id, space, bound)                           p:Gaussian   [0.    0.098]
omega         derived (no id, space, bound)                           p:Uniform   [0.0, 360.0]

----- common model:  d
P             id:  10  s:Log_Base2   b:[      0.3785,       6.6439]   p:Uniform   []
K             id:  11  s:Log_Base2   b:[     -9.9658,       3.3219]   p:Uniform   []
sre_coso      id:  12  s:Linear      b:[     -1.0000,       1.0000]   p:Uniform   []
sre_sino      id:  13  s:Linear      b:[     -1.0000,       1.0000]   p:Uniform   []
mean_long     id:  14  s:Linear      b:[      0.0000,     360.0000]   p:Uniform   []
e             derived (no id, space, bound)                           p:Gaussian   [0.    0.098]
omega         derived (no id, space, bound)                           p:Uniform   [0.0, 360.0]

----- common model:  activity
Prot          id:  15  s:Linear      b:[     20.0000,      35.0000]   p:Gaussian   [28.   0.5]
Pdec          id:  16  s:Linear      b:[     30.0000,    1000.0000]   p:Uniform   []
Oamp          id:  17  s:Log_Base2   b:[     -6.6439,       0.0000]   p:Gaussian   [0.35  0.035]

----- common model:  star_parameters
mass          derived (no id, space, bound)                           p:Gaussian   [1.e+00 1.e-06]
radius        derived (no id, space, bound)                           p:Gaussian   [1.e+00 1.e-06]
density       derived (no id, space, bound)                           p:Gaussian   [1.e+00 1.e-06]

Include priors:  True

Reference Time Tref:  59334.700184

Dimensions =  60
Nwalkers =  240

Using threading pool for PyDE: True
PyDE running
Boundaries redefined after PyDE output
PyDE completed, it took        840.2 seconds

====================================================================================================
     Starting point of the sample/optimization routines    
====================================================================================================

----- dataset:  RVdata
jitter_0        18      1.096149 [    0.0009,    14.4000]
offset_0        19      9.259549 [-9996.1930, 10016.9830]
offset_1        20     10.272645 [-9996.1930, 10016.9830]
offset_2        21     10.192132 [-9996.1930, 10016.9830]
offset_3        22     10.204657 [-9996.1930, 10016.9830]

----- dataset: RVdata                    ----- model: gp_multidimensional           
rot_amp         23      6.740058 [    0.0000,    10.0000]
con_amp         24      0.226877 [  -20.0000,    20.0000]

----- dataset:  BISdata
jitter_0        25      1.951238 [    0.0095,    95.0000]
offset_0        26    -74.575239 [-10079.3333,  9959.9833]
offset_1        27    -44.775196 [-10079.3333,  9959.9833]
offset_2        28    -52.863941 [-10079.3333,  9959.9833]
offset_3        29    -59.837805 [-10079.3333,  9959.9833]

----- dataset: BISdata                   ----- model: gp_multidimensional           
rot_amp         30     -0.042691 [  -10.0000,    10.0000]
con_amp         31      0.040564 [  -20.0000,    20.0000]

----- dataset:  CaIIdata
jitter_0        32      0.000031 [    0.0000,     0.3000]
offset_0        33      0.100298 [-9999.9104, 10000.1098]
offset_1        34      0.103812 [-9999.9104, 10000.1098]
offset_2        35      0.104695 [-9999.9104, 10000.1098]
offset_3        36      0.099454 [-9999.9104, 10000.1098]

----- dataset: CaIIdata                  ----- model: gp_multidimensional           
rot_amp         37      0.000548 [  -10.0000,    10.0000]
con_amp         38      0.000074 [  -20.0000,    20.0000]

----- dataset:  Contrastdata
jitter_0        39    174.095932 [    1.3000, 13000.0000]
offset_0        40  -353871.422692 [-468097.7760, -343163.8137]
offset_1        41  -433657.356420 [-468097.7760, -343163.8137]
offset_2        42  -457689.067777 [-468097.7760, -343163.8137]
offset_3        43  -362702.629543 [-468097.7760, -343163.8137]

----- dataset: Contrastdata              ----- model: gp_multidimensional           
rot_amp         44     -9.964747 [  -10.0000,    10.0000]
con_amp         45    -19.999631 [  -20.0000,    20.0000]

----- dataset:  FWHMdata
jitter_0        46      0.051828 [    0.0500,   500.0000]
offset_0        47   6693.127253 [-3319.7953, 16947.8039]
offset_1        48   6938.789981 [-3319.7953, 16947.8039]
offset_2        49   6857.610251 [-3319.7953, 16947.8039]
offset_3        50   6896.326289 [-3319.7953, 16947.8039]

----- dataset: FWHMdata                  ----- model: gp_multidimensional           
rot_amp         51     -1.537693 [  -10.0000,    10.0000]
con_amp         52     -1.601643 [  -20.0000,    20.0000]

----- dataset:  Halphadata
jitter_0        53      0.000010 [    0.0000,     0.1000]
offset_0        54      0.172044 [-9999.8299, 10000.1792]
offset_1        55      0.173827 [-9999.8299, 10000.1792]
offset_2        56      0.174674 [-9999.8299, 10000.1792]
offset_3        57      0.171148 [-9999.8299, 10000.1792]

----- dataset: Halphadata                ----- model: gp_multidimensional           
rot_amp         58     -0.000214 [  -10.0000,    10.0000]
con_amp         59      0.000034 [  -20.0000,    20.0000]

----- common model:  b
P                0      5.976890 [    0.3785,     6.6439]
K                1      0.318663 [   -9.9658,     3.3219]
sre_coso         2      0.190761 [   -1.0000,     1.0000]
sre_sino         3      0.045255 [   -1.0000,     1.0000]
mean_long        4    275.065130 [   95.0651,   455.0651]

----- common model:  c
P                5      0.394564 [    0.3785,     6.6439]
K                6     -0.685368 [   -9.9658,     3.3219]
sre_coso         7      0.013222 [   -1.0000,     1.0000]
sre_sino         8      0.395346 [   -1.0000,     1.0000]
mean_long        9      7.430267 [ -172.5697,   187.4303]

----- common model:  d
P               10      0.542948 [    0.3785,     6.6439]
K               11     -0.692399 [   -9.9658,     3.3219]
sre_coso        12      0.337479 [   -1.0000,     1.0000]
sre_sino        13      0.220385 [   -1.0000,     1.0000]
mean_long       14     98.541125 [  -81.4589,   278.5411]

----- common model:  activity
Prot            15     28.255219 [   20.0000,    35.0000]
Pdec            16     30.000770 [   30.0000,  1000.0000]
Oamp            17     -1.182864 [   -6.6439,     0.0000]

----- common model:  star_parameters

====================================================================================================
     Starting point projected onto the model parameter space     
====================================================================================================

----- dataset:  RVdata
jitter_0              1.096149 
offset_0              9.259549 
offset_1             10.272645 
offset_2             10.192132 
offset_3             10.204657 


----- dataset: RVdata                    ----- model: gp_multidimensional           
rot_amp               6.740058 
con_amp               0.226877 

----- dataset:  BISdata
jitter_0              1.951238 
offset_0            -74.575239 
offset_1            -44.775196 
offset_2            -52.863941 
offset_3            -59.837805 


----- dataset: BISdata                   ----- model: gp_multidimensional           
rot_amp              -0.042691 
con_amp               0.040564 

----- dataset:  CaIIdata
jitter_0              0.000031 
offset_0              0.100298 
offset_1              0.103812 
offset_2              0.104695 
offset_3              0.099454 


----- dataset: CaIIdata                  ----- model: gp_multidimensional           
rot_amp               0.000548 
con_amp               0.000074 

----- dataset:  Contrastdata
jitter_0            174.095932 
offset_0        -353871.422692 
offset_1        -433657.356420 
offset_2        -457689.067777 
offset_3        -362702.629543 


----- dataset: Contrastdata              ----- model: gp_multidimensional           
rot_amp              -9.964747 
con_amp             -19.999631 

----- dataset:  FWHMdata
jitter_0              0.051828 
offset_0           6693.127253 
offset_1           6938.789981 
offset_2           6857.610251 
offset_3           6896.326289 


----- dataset: FWHMdata                  ----- model: gp_multidimensional           
rot_amp              -1.537693 
con_amp              -1.601643 

----- dataset:  Halphadata
jitter_0              0.000010 
offset_0              0.172044 
offset_1              0.173827 
offset_2              0.174674 
offset_3              0.171148 


----- dataset: Halphadata                ----- model: gp_multidimensional           
rot_amp              -0.000214 
con_amp               0.000034 

----- common model:  b
P                    62.982964 
K                     1.247174 
mean_long           275.065130 
e                     0.038438 
omega                13.345832 

----- common model:  c
P                     1.314546 
K                     0.621847 
mean_long             7.430267 
e                     0.156473 
omega                88.084451 

----- common model:  d
P                     1.456946 
K                     0.618824 
mean_long            98.541125 
e                     0.162462 
omega                33.145926 

----- common model:  activity
Prot                 28.255219 
Pdec                 30.000770 
Oamp                  0.440476 

----- common model:  star_parameters

====================================================================================================
     Derived parameters obtained from starting point     
====================================================================================================

----- common model:  b
Inclination fixed to 90 deg!
a_Rs                 66.588377 
M_Mj                  0.024392 
M_Me                  7.754190 
Tc                59364.560849 
a_AU_(M)              0.309804 
a_AU_(rho,R)          0.309800 

----- common model:  c
Inclination fixed to 90 deg!
a_Rs                  5.047778 
M_Mj                  0.003310 
M_Me                  1.052148 
Tc                59334.999733 
a_AU_(M)              0.023485 
a_AU_(rho,R)          0.023485 

----- common model:  d
Inclination fixed to 90 deg!
a_Rs                  5.406036 
M_Mj                  0.003405 
M_Me                  1.082489 
Tc                59336.063630 
a_AU_(M)              0.025152 
a_AU_(rho,R)          0.025151 


====================================================================================================
     Statistics on the log-likelihood     
====================================================================================================

 LN probability: -1364.200863 

====================================================================================================
     ------------------------------------------------------------------------------------------     
====================================================================================================



*************************************************************

Running emcee

emcee version:  3.1.6
Using threading pool for emcee: True

Saving temporary steps


Computing the autocorrelation time of the chains

***** WARNING ******
The integrated autocorrelation time cannot be reliably estimated
likely the chains are too short, and ACF analysis is not fully reliable
emcee.autocorr.integrated_time tolerance lowered to 20
If you still get a warning, you should drop these results entirely
Chains too short to apply convergence criteria
They should be at least 550*nthin = 82500

====================================================================================================
     Statistics on the posterior of the sampler parameters     
====================================================================================================

----- dataset:  RVdata
jitter_0        18         1.133       -0.047        0.051   (15-84 p)   [    0.0009,    14.4000]
offset_0        19          9.41        -0.26         0.30   (15-84 p)   [-9996.1930, 10016.9830]
offset_1        20         10.50        -0.36         0.39   (15-84 p)   [-9996.1930, 10016.9830]
offset_2        21         10.36        -0.26         0.30   (15-84 p)   [-9996.1930, 10016.9830]
offset_3        22         10.37        -0.27         0.30   (15-84 p)   [-9996.1930, 10016.9830]

----- dataset: RVdata                    ----- model: gp_multidimensional           
rot_amp         23          8.76         -1.2         0.86   (15-84 p)   [    0.0000,    10.0000]
con_amp         24          0.30        -0.16         0.16   (15-84 p)   [  -20.0000,    20.0000]

----- dataset:  BISdata
jitter_0        25         1.983       -0.094        0.097   (15-84 p)   [    0.0095,    95.0000]
offset_0        26        -74.56        -0.22         0.22   (15-84 p)   [-10079.3333,  9959.9833]
offset_1        27        -44.75        -0.45         0.45   (15-84 p)   [-10079.3333,  9959.9833]
offset_2        28        -52.86        -0.25         0.25   (15-84 p)   [-10079.3333,  9959.9833]
offset_3        29        -59.83        -0.24         0.24   (15-84 p)   [-10079.3333,  9959.9833]

----- dataset: BISdata                   ----- model: gp_multidimensional           
rot_amp         30          0.01        -0.67         0.65   (15-84 p)   [  -10.0000,    10.0000]
con_amp         31         0.056       -0.068        0.074   (15-84 p)   [  -20.0000,    20.0000]

----- dataset:  CaIIdata
jitter_0        32       0.00021     -0.00012      0.00019   (15-84 p)   [    0.0000,     0.3000]
offset_0        33       0.10031     -0.00031      0.00031   (15-84 p)   [-9999.9104, 10000.1098]
offset_1        34       0.10381     -0.00064      0.00065   (15-84 p)   [-9999.9104, 10000.1098]
offset_2        35       0.10471     -0.00034      0.00034   (15-84 p)   [-9999.9104, 10000.1098]
offset_3        36       0.09946     -0.00034      0.00035   (15-84 p)   [-9999.9104, 10000.1098]

----- dataset: CaIIdata                  ----- model: gp_multidimensional           
rot_amp         37       0.00074     -0.00093      0.00095   (15-84 p)   [  -10.0000,    10.0000]
con_amp         38      0.000077    -0.000092      0.00010   (15-84 p)   [  -20.0000,    20.0000]

----- dataset:  Contrastdata
jitter_0        39           182          -12           12   (15-84 p)   [    1.3000, 13000.0000]
offset_0        40       -353870          -23           23   (15-84 p)   [-468097.7760, -343163.8137]
offset_1        41       -433649          -48           46   (15-84 p)   [-468097.7760, -343163.8137]
offset_2        42       -457690          -26           26   (15-84 p)   [-468097.7760, -343163.8137]
offset_3        43       -362701          -25           25   (15-84 p)   [-468097.7760, -343163.8137]

----- dataset: Contrastdata              ----- model: gp_multidimensional           
rot_amp         44          -3.2         -4.9          8.0   (15-84 p)   [  -10.0000,    10.0000]
con_amp         45       -19.893       -0.078         0.21   (15-84 p)   [  -20.0000,    20.0000]

----- dataset:  FWHMdata
jitter_0        46          0.28        -0.16         0.27   (15-84 p)   [    0.0500,   500.0000]
offset_0        47        6692.9         -1.1          1.1   (15-84 p)   [-3319.7953, 16947.8039]
offset_1        48        6938.8         -1.5          1.4   (15-84 p)   [-3319.7953, 16947.8039]
offset_2        49        6857.4         -1.1          1.1   (15-84 p)   [-3319.7953, 16947.8039]
offset_3        50        6896.1         -1.1          1.1   (15-84 p)   [-3319.7953, 16947.8039]

----- dataset: FWHMdata                  ----- model: gp_multidimensional           
rot_amp         51          -1.8         -1.6          1.5   (15-84 p)   [  -10.0000,    10.0000]
con_amp         52         -1.94        -0.38         0.31   (15-84 p)   [  -20.0000,    20.0000]

----- dataset:  Halphadata
jitter_0        53      0.000055    -0.000032     0.000055   (15-84 p)   [    0.0000,     0.1000]
offset_0        54       0.17205     -0.00010      0.00010   (15-84 p)   [-9999.8299, 10000.1792]
offset_1        55       0.17384     -0.00021      0.00022   (15-84 p)   [-9999.8299, 10000.1792]
offset_2        56       0.17468     -0.00011      0.00011   (15-84 p)   [-9999.8299, 10000.1792]
offset_3        57       0.17115     -0.00011      0.00011   (15-84 p)   [-9999.8299, 10000.1792]

----- dataset: Halphadata                ----- model: gp_multidimensional           
rot_amp         58      -0.00026     -0.00032      0.00031   (15-84 p)   [  -10.0000,    10.0000]
con_amp         59      0.000042    -0.000030     0.000034   (15-84 p)   [  -20.0000,    20.0000]

----- common model:  b
P                0          6.01        -0.19         0.24   (15-84 p)   [    0.3785,     6.6439]
K                1          0.25        -0.35         0.28   (15-84 p)   [   -9.9658,     3.3219]
sre_coso         2          0.00        -0.21         0.21   (15-84 p)   [   -1.0000,     1.0000]
sre_sino         3          0.03        -0.21         0.20   (15-84 p)   [   -1.0000,     1.0000]
mean_long        4           274          -36           38   (15-84 p)   [   95.0651,   455.0651]

----- common model:  c
P                5        0.3948      -0.0026       0.0025   (15-84 p)   [    0.3785,     6.6439]
K                6         -0.99        -0.45         0.33   (15-84 p)   [   -9.9658,     3.3219]
sre_coso         7          0.02        -0.22         0.20   (15-84 p)   [   -1.0000,     1.0000]
sre_sino         8          0.20        -0.27         0.18   (15-84 p)   [   -1.0000,     1.0000]
mean_long        9            11          -31           32   (15-84 p)   [ -172.5697,   187.4303]

----- common model:  d
P               10        0.5428      -0.0027       0.0028   (15-84 p)   [    0.3785,     6.6439]
K               11         -0.90        -0.38         0.30   (15-84 p)   [   -9.9658,     3.3219]
sre_coso        12          0.13        -0.24         0.20   (15-84 p)   [   -1.0000,     1.0000]
sre_sino        13          0.10        -0.23         0.20   (15-84 p)   [   -1.0000,     1.0000]
mean_long       14            95          -26           28   (15-84 p)   [  -81.4589,   278.5411]

----- common model:  activity
Prot            15         28.25        -0.41         0.41   (15-84 p)   [   20.0000,    35.0000]
Pdec            16         30.27        -0.19         0.51   (15-84 p)   [   30.0000,  1000.0000]
Oamp            17        -1.185        -0.11        0.095   (15-84 p)   [   -6.6439,     0.0000]

----- common model:  star_parameters

====================================================================================================
     Statistics on the model parameters obtained from the posteriors samples     
====================================================================================================

----- dataset:  RVdata
jitter_0                 1.133       -0.047        0.051    (15-84 p)
offset_0                  9.41        -0.26         0.30    (15-84 p)
offset_1                 10.50        -0.36         0.39    (15-84 p)
offset_2                 10.36        -0.26         0.30    (15-84 p)
offset_3                 10.37        -0.27         0.30    (15-84 p)


----- dataset: RVdata                    ----- model: gp_multidimensional           
rot_amp                   8.76         -1.2         0.86    (15-84 p)
con_amp                   0.30        -0.16         0.16    (15-84 p)

----- dataset:  BISdata
jitter_0                 1.983       -0.094        0.097    (15-84 p)
offset_0                -74.56        -0.22         0.22    (15-84 p)
offset_1                -44.75        -0.45         0.45    (15-84 p)
offset_2                -52.86        -0.25         0.25    (15-84 p)
offset_3                -59.83        -0.24         0.24    (15-84 p)


----- dataset: BISdata                   ----- model: gp_multidimensional           
rot_amp                   0.01        -0.67         0.65    (15-84 p)
con_amp                  0.056       -0.068        0.074    (15-84 p)

----- dataset:  CaIIdata
jitter_0               0.00021     -0.00012      0.00019    (15-84 p)
offset_0               0.10031     -0.00031      0.00031    (15-84 p)
offset_1               0.10381     -0.00064      0.00065    (15-84 p)
offset_2               0.10471     -0.00034      0.00034    (15-84 p)
offset_3               0.09946     -0.00034      0.00035    (15-84 p)


----- dataset: CaIIdata                  ----- model: gp_multidimensional           
rot_amp                0.00074     -0.00093      0.00095    (15-84 p)
con_amp               0.000077    -0.000092      0.00010    (15-84 p)

----- dataset:  Contrastdata
jitter_0                   182          -12           12    (15-84 p)
offset_0               -353870          -23           23    (15-84 p)
offset_1               -433649          -48           46    (15-84 p)
offset_2               -457690          -26           26    (15-84 p)
offset_3               -362701          -25           25    (15-84 p)


----- dataset: Contrastdata              ----- model: gp_multidimensional           
rot_amp                   -3.2         -4.9          8.0    (15-84 p)
con_amp                -19.893       -0.078         0.21    (15-84 p)

----- dataset:  FWHMdata
jitter_0                  0.28        -0.16         0.27    (15-84 p)
offset_0                6692.9         -1.1          1.1    (15-84 p)
offset_1                6938.8         -1.5          1.4    (15-84 p)
offset_2                6857.4         -1.1          1.1    (15-84 p)
offset_3                6896.1         -1.1          1.1    (15-84 p)


----- dataset: FWHMdata                  ----- model: gp_multidimensional           
rot_amp                   -1.8         -1.6          1.5    (15-84 p)
con_amp                  -1.94        -0.38         0.31    (15-84 p)

----- dataset:  Halphadata
jitter_0              0.000055    -0.000032     0.000055    (15-84 p)
offset_0               0.17205     -0.00010      0.00010    (15-84 p)
offset_1               0.17384     -0.00021      0.00022    (15-84 p)
offset_2               0.17468     -0.00011      0.00011    (15-84 p)
offset_3               0.17115     -0.00011      0.00011    (15-84 p)


----- dataset: Halphadata                ----- model: gp_multidimensional           
rot_amp               -0.00026     -0.00032      0.00031    (15-84 p)
con_amp               0.000042    -0.000030     0.000034    (15-84 p)

----- common model:  b
P                         64.2         -7.9           11    (15-84 p)
K                         1.19        -0.25         0.26    (15-84 p)
mean_long                  274          -36           38    (15-84 p)
e                        0.064       -0.045        0.071    (15-84 p)
omega                       19         -136          107    (15-84 p)

----- common model:  c
P                       1.3148      -0.0023       0.0023    (15-84 p)
K                         0.50        -0.13         0.13    (15-84 p)
mean_long                   11          -31           32    (15-84 p)
e                        0.100       -0.068        0.090    (15-84 p)
omega                       70         -109           54    (15-84 p)

----- common model:  d
P                       1.4568      -0.0027       0.0028    (15-84 p)
K                         0.53        -0.12         0.12    (15-84 p)
mean_long                   95          -26           28    (15-84 p)
e                        0.089       -0.061        0.093    (15-84 p)
omega                       29          -89           68    (15-84 p)

----- common model:  activity
Prot                     28.25        -0.41         0.41    (15-84 p)
Pdec                     30.27        -0.19         0.51    (15-84 p)
Oamp                     0.440       -0.031        0.030    (15-84 p)

----- common model:  star_parameters

====================================================================================================
     Statistics on the derived parameters obtained from the posteriors samples     
====================================================================================================

----- common model:  b
Inclination fixed to 90 deg!
Computing planetary mass under the approximation M_planet << M_star (threshold at 30.0 Me)
a_Rs                      67.5         -5.6          7.8    (15-84 p)
M_Mj                    0.0233      -0.0051       0.0058    (15-84 p)
M_Me                       7.4         -1.6          1.8    (15-84 p)
Tc                     59366.1         -3.5          2.9    (15-84 p)
a_AU_(M)                 0.314       -0.026        0.036    (15-84 p)
a_AU_(rho,R)             0.314       -0.026        0.036    (15-84 p)

----- common model:  c
Inclination fixed to 90 deg!
Computing planetary mass under the approximation M_planet << M_star (threshold at 30.0 Me)
a_Rs                    5.0484      -0.0060       0.0058    (15-84 p)
M_Mj                   0.00269     -0.00072      0.00067    (15-84 p)
M_Me                      0.86        -0.23         0.21    (15-84 p)
Tc                    59334.99        -0.11         0.11    (15-84 p)
a_AU_(M)              0.023487    -0.000028     0.000027    (15-84 p)
a_AU_(rho,R)          0.023487    -0.000028     0.000027    (15-84 p)

----- common model:  d
Inclination fixed to 90 deg!
Computing planetary mass under the approximation M_planet << M_star (threshold at 30.0 Me)
a_Rs                    5.4058      -0.0066       0.0070    (15-84 p)
M_Mj                   0.00296     -0.00068      0.00066    (15-84 p)
M_Me                      0.94        -0.21         0.21    (15-84 p)
Tc                    59336.01         -1.3         0.10    (15-84 p)
a_AU_(M)              0.025150    -0.000031     0.000032    (15-84 p)
a_AU_(rho,R)          0.025150    -0.000031     0.000032    (15-84 p)


====================================================================================================
     ------------------------------------------------------------------------------------------     
====================================================================================================



15000.0   steps completed, average lnprob:,  -1396.0595230008585


Computing the autocorrelation time of the chains

***** WARNING ******
The integrated autocorrelation time cannot be reliably estimated
likely the chains are too short, and ACF analysis is not fully reliable
emcee.autocorr.integrated_time tolerance lowered to 20
If you still get a warning, you should drop these results entirely
Chains too short to apply convergence criteria
They should be at least 1000*nthin = 150000

====================================================================================================
     Statistics on the posterior of the sampler parameters     
====================================================================================================

----- dataset:  RVdata
jitter_0        18         1.135       -0.049        0.052   (15-84 p)   [    0.0009,    14.4000]
offset_0        19          9.42        -0.27         0.30   (15-84 p)   [-9996.1930, 10016.9830]
offset_1        20         10.47        -0.35         0.40   (15-84 p)   [-9996.1930, 10016.9830]
offset_2        21         10.36        -0.26         0.31   (15-84 p)   [-9996.1930, 10016.9830]
offset_3        22         10.37        -0.28         0.29   (15-84 p)   [-9996.1930, 10016.9830]

----- dataset: RVdata                    ----- model: gp_multidimensional           
rot_amp         23          8.83         -1.2         0.82   (15-84 p)   [    0.0000,    10.0000]
con_amp         24          0.31        -0.17         0.16   (15-84 p)   [  -20.0000,    20.0000]

----- dataset:  BISdata
jitter_0        25         1.981       -0.093        0.094   (15-84 p)   [    0.0095,    95.0000]
offset_0        26        -74.57        -0.22         0.23   (15-84 p)   [-10079.3333,  9959.9833]
offset_1        27        -44.75        -0.46         0.46   (15-84 p)   [-10079.3333,  9959.9833]
offset_2        28        -52.85        -0.25         0.25   (15-84 p)   [-10079.3333,  9959.9833]
offset_3        29        -59.84        -0.23         0.24   (15-84 p)   [-10079.3333,  9959.9833]

----- dataset: BISdata                   ----- model: gp_multidimensional           
rot_amp         30          0.02        -0.66         0.67   (15-84 p)   [  -10.0000,    10.0000]
con_amp         31         0.047       -0.070        0.074   (15-84 p)   [  -20.0000,    20.0000]

----- dataset:  CaIIdata
jitter_0        32       0.00022     -0.00014      0.00021   (15-84 p)   [    0.0000,     0.3000]
offset_0        33       0.10031     -0.00031      0.00032   (15-84 p)   [-9999.9104, 10000.1098]
offset_1        34       0.10378     -0.00062      0.00065   (15-84 p)   [-9999.9104, 10000.1098]
offset_2        35       0.10471     -0.00033      0.00032   (15-84 p)   [-9999.9104, 10000.1098]
offset_3        36       0.09945     -0.00033      0.00034   (15-84 p)   [-9999.9104, 10000.1098]

----- dataset: CaIIdata                  ----- model: gp_multidimensional           
rot_amp         37       0.00073     -0.00094      0.00094   (15-84 p)   [  -10.0000,    10.0000]
con_amp         38      0.000086    -0.000095      0.00010   (15-84 p)   [  -20.0000,    20.0000]

----- dataset:  Contrastdata
jitter_0        39           183          -12           12   (15-84 p)   [    1.3000, 13000.0000]
offset_0        40       -353872          -22           23   (15-84 p)   [-468097.7760, -343163.8137]
offset_1        41       -433649          -45           46   (15-84 p)   [-468097.7760, -343163.8137]
offset_2        42       -457688          -27           27   (15-84 p)   [-468097.7760, -343163.8137]
offset_3        43       -362702          -24           26   (15-84 p)   [-468097.7760, -343163.8137]

----- dataset: Contrastdata              ----- model: gp_multidimensional           
rot_amp         44          -0.4         -6.6          7.0   (15-84 p)   [  -10.0000,    10.0000]
con_amp         45        -19.58        -0.31         0.69   (15-84 p)   [  -20.0000,    20.0000]

----- dataset:  FWHMdata
jitter_0        46          0.31        -0.18         0.29   (15-84 p)   [    0.0500,   500.0000]
offset_0        47        6692.9         -1.1          1.1   (15-84 p)   [-3319.7953, 16947.8039]
offset_1        48        6938.6         -1.4          1.3   (15-84 p)   [-3319.7953, 16947.8039]
offset_2        49        6857.3         -1.1          1.1   (15-84 p)   [-3319.7953, 16947.8039]
offset_3        50        6896.1         -1.1          1.1   (15-84 p)   [-3319.7953, 16947.8039]

----- dataset: FWHMdata                  ----- model: gp_multidimensional           
rot_amp         51          -1.9         -1.6          1.6   (15-84 p)   [  -10.0000,    10.0000]
con_amp         52         -2.01        -0.36         0.32   (15-84 p)   [  -20.0000,    20.0000]

----- dataset:  Halphadata
jitter_0        53      0.000059    -0.000035     0.000058   (15-84 p)   [    0.0000,     0.1000]
offset_0        54       0.17205     -0.00010      0.00010   (15-84 p)   [-9999.8299, 10000.1792]
offset_1        55       0.17382     -0.00020      0.00021   (15-84 p)   [-9999.8299, 10000.1792]
offset_2        56       0.17468     -0.00011      0.00012   (15-84 p)   [-9999.8299, 10000.1792]
offset_3        57       0.17115     -0.00011      0.00011   (15-84 p)   [-9999.8299, 10000.1792]

----- dataset: Halphadata                ----- model: gp_multidimensional           
rot_amp         58      -0.00026     -0.00031      0.00029   (15-84 p)   [  -10.0000,    10.0000]
con_amp         59      0.000041    -0.000032     0.000035   (15-84 p)   [  -20.0000,    20.0000]

----- common model:  b
P                0          6.04        -0.20         0.26   (15-84 p)   [    0.3785,     6.6439]
K                1          0.27        -0.34         0.30   (15-84 p)   [   -9.9658,     3.3219]
sre_coso         2          0.02        -0.21         0.20   (15-84 p)   [   -1.0000,     1.0000]
sre_sino         3          0.03        -0.21         0.20   (15-84 p)   [   -1.0000,     1.0000]
mean_long        4           284          -37           39   (15-84 p)   [   95.0651,   455.0651]

----- common model:  c
P                5        0.3948      -0.0028       0.0025   (15-84 p)   [    0.3785,     6.6439]
K                6         -0.98        -0.44         0.33   (15-84 p)   [   -9.9658,     3.3219]
sre_coso         7         -0.00        -0.22         0.21   (15-84 p)   [   -1.0000,     1.0000]
sre_sino         8          0.17        -0.25         0.20   (15-84 p)   [   -1.0000,     1.0000]
mean_long        9            10          -34           32   (15-84 p)   [ -172.5697,   187.4303]

----- common model:  d
P               10        0.5428      -0.0025       0.0027   (15-84 p)   [    0.3785,     6.6439]
K               11         -0.89        -0.38         0.30   (15-84 p)   [   -9.9658,     3.3219]
sre_coso        12          0.15        -0.24         0.19   (15-84 p)   [   -1.0000,     1.0000]
sre_sino        13          0.12        -0.24         0.19   (15-84 p)   [   -1.0000,     1.0000]
mean_long       14            97          -26           26   (15-84 p)   [  -81.4589,   278.5411]

----- common model:  activity
Prot            15         28.24        -0.41         0.42   (15-84 p)   [   20.0000,    35.0000]
Pdec            16         31.08        -0.81          1.8   (15-84 p)   [   30.0000,  1000.0000]
Oamp            17        -1.184        -0.11        0.097   (15-84 p)   [   -6.6439,     0.0000]

----- common model:  star_parameters

====================================================================================================
     Statistics on the model parameters obtained from the posteriors samples     
====================================================================================================

----- dataset:  RVdata
jitter_0                 1.135       -0.049        0.052    (15-84 p)
offset_0                  9.42        -0.27         0.30    (15-84 p)
offset_1                 10.47        -0.35         0.40    (15-84 p)
offset_2                 10.36        -0.26         0.31    (15-84 p)
offset_3                 10.37        -0.28         0.29    (15-84 p)


----- dataset: RVdata                    ----- model: gp_multidimensional           
rot_amp                   8.83         -1.2         0.82    (15-84 p)
con_amp                   0.31        -0.17         0.16    (15-84 p)

----- dataset:  BISdata
jitter_0                 1.981       -0.093        0.094    (15-84 p)
offset_0                -74.57        -0.22         0.23    (15-84 p)
offset_1                -44.75        -0.46         0.46    (15-84 p)
offset_2                -52.85        -0.25         0.25    (15-84 p)
offset_3                -59.84        -0.23         0.24    (15-84 p)


----- dataset: BISdata                   ----- model: gp_multidimensional           
rot_amp                   0.02        -0.66         0.67    (15-84 p)
con_amp                  0.047       -0.070        0.074    (15-84 p)

----- dataset:  CaIIdata
jitter_0               0.00022     -0.00014      0.00021    (15-84 p)
offset_0               0.10031     -0.00031      0.00032    (15-84 p)
offset_1               0.10378     -0.00062      0.00065    (15-84 p)
offset_2               0.10471     -0.00033      0.00032    (15-84 p)
offset_3               0.09945     -0.00033      0.00034    (15-84 p)


----- dataset: CaIIdata                  ----- model: gp_multidimensional           
rot_amp                0.00073     -0.00094      0.00094    (15-84 p)
con_amp               0.000086    -0.000095      0.00010    (15-84 p)

----- dataset:  Contrastdata
jitter_0                   183          -12           12    (15-84 p)
offset_0               -353872          -22           23    (15-84 p)
offset_1               -433649          -45           46    (15-84 p)
offset_2               -457688          -27           27    (15-84 p)
offset_3               -362702          -24           26    (15-84 p)


----- dataset: Contrastdata              ----- model: gp_multidimensional           
rot_amp                   -0.4         -6.6          7.0    (15-84 p)
con_amp                 -19.58        -0.31         0.69    (15-84 p)

----- dataset:  FWHMdata
jitter_0                  0.31        -0.18         0.29    (15-84 p)
offset_0                6692.9         -1.1          1.1    (15-84 p)
offset_1                6938.6         -1.4          1.3    (15-84 p)
offset_2                6857.3         -1.1          1.1    (15-84 p)
offset_3                6896.1         -1.1          1.1    (15-84 p)


----- dataset: FWHMdata                  ----- model: gp_multidimensional           
rot_amp                   -1.9         -1.6          1.6    (15-84 p)
con_amp                  -2.01        -0.36         0.32    (15-84 p)

----- dataset:  Halphadata
jitter_0              0.000059    -0.000035     0.000058    (15-84 p)
offset_0               0.17205     -0.00010      0.00010    (15-84 p)
offset_1               0.17382     -0.00020      0.00021    (15-84 p)
offset_2               0.17468     -0.00011      0.00012    (15-84 p)
offset_3               0.17115     -0.00011      0.00011    (15-84 p)


----- dataset: Halphadata                ----- model: gp_multidimensional           
rot_amp               -0.00026     -0.00031      0.00029    (15-84 p)
con_amp               0.000041    -0.000032     0.000035    (15-84 p)

----- common model:  b
P                         66.0         -8.4           13    (15-84 p)
K                         1.20        -0.25         0.27    (15-84 p)
mean_long                  284          -37           39    (15-84 p)
e                        0.063       -0.045        0.070    (15-84 p)
omega                       15         -127          107    (15-84 p)

----- common model:  c
P                       1.3147      -0.0025       0.0023    (15-84 p)
K                         0.51        -0.13         0.13    (15-84 p)
mean_long                   10          -34           32    (15-84 p)
e                        0.094       -0.066        0.094    (15-84 p)
omega                       70         -134           59    (15-84 p)

----- common model:  d
P                       1.4568      -0.0025       0.0028    (15-84 p)
K                         0.54        -0.12         0.12    (15-84 p)
mean_long                   97          -26           26    (15-84 p)
e                        0.095       -0.066        0.091    (15-84 p)
omega                       35          -82           61    (15-84 p)

----- common model:  activity
Prot                     28.24        -0.41         0.42    (15-84 p)
Pdec                     31.08        -0.81          1.8    (15-84 p)
Oamp                     0.440       -0.031        0.031    (15-84 p)

----- common model:  star_parameters

====================================================================================================
     Statistics on the derived parameters obtained from the posteriors samples     
====================================================================================================

----- common model:  b
Inclination fixed to 90 deg!
Computing planetary mass under the approximation M_planet << M_star (threshold at 30.0 Me)
a_Rs                      68.7         -5.9          8.8    (15-84 p)
M_Mj                    0.0238      -0.0051       0.0060    (15-84 p)
M_Me                       7.6         -1.6          1.9    (15-84 p)
Tc                     59365.2         -3.7          3.0    (15-84 p)
a_AU_(M)                 0.320       -0.028        0.041    (15-84 p)
a_AU_(rho,R)             0.320       -0.028        0.041    (15-84 p)

----- common model:  c
Inclination fixed to 90 deg!
Computing planetary mass under the approximation M_planet << M_star (threshold at 30.0 Me)
a_Rs                    5.0482      -0.0065       0.0059    (15-84 p)
M_Mj                   0.00272     -0.00072      0.00068    (15-84 p)
M_Me                      0.86        -0.23         0.22    (15-84 p)
Tc                    59335.00        -0.11         0.12    (15-84 p)
a_AU_(M)              0.023487    -0.000030     0.000027    (15-84 p)
a_AU_(rho,R)          0.023487    -0.000030     0.000027    (15-84 p)

----- common model:  d
Inclination fixed to 90 deg!
Computing planetary mass under the approximation M_planet << M_star (threshold at 30.0 Me)
a_Rs                    5.4057      -0.0063       0.0068    (15-84 p)
M_Mj                   0.00297     -0.00069      0.00068    (15-84 p)
M_Me                      0.95        -0.22         0.22    (15-84 p)
Tc                   59336.019         -1.3        0.095    (15-84 p)
a_AU_(M)              0.025150    -0.000029     0.000032    (15-84 p)
a_AU_(rho,R)          0.025150    -0.000029     0.000032    (15-84 p)


====================================================================================================
     ------------------------------------------------------------------------------------------     
====================================================================================================



30000.0   steps completed, average lnprob:,  -1395.7338532406313


Computing the autocorrelation time of the chains

***** WARNING ******
The integrated autocorrelation time cannot be reliably estimated
likely the chains are too short, and ACF analysis is not fully reliable
emcee.autocorr.integrated_time tolerance lowered to 20
If you still get a warning, you should drop these results entirely
Chains too short to apply convergence criteria
They should be at least 1200*nthin = 180000

====================================================================================================
     Statistics on the posterior of the sampler parameters     
====================================================================================================

----- dataset:  RVdata
jitter_0        18         1.134       -0.049        0.052   (15-84 p)   [    0.0009,    14.4000]
offset_0        19          9.43        -0.26         0.29   (15-84 p)   [-9996.1930, 10016.9830]
offset_1        20         10.48        -0.35         0.38   (15-84 p)   [-9996.1930, 10016.9830]
offset_2        21         10.36        -0.26         0.30   (15-84 p)   [-9996.1930, 10016.9830]
offset_3        22         10.37        -0.27         0.29   (15-84 p)   [-9996.1930, 10016.9830]

----- dataset: RVdata                    ----- model: gp_multidimensional           
rot_amp         23          8.83         -1.2         0.82   (15-84 p)   [    0.0000,    10.0000]
con_amp         24          0.31        -0.18         0.17   (15-84 p)   [  -20.0000,    20.0000]

----- dataset:  BISdata
jitter_0        25         1.981       -0.095        0.098   (15-84 p)   [    0.0095,    95.0000]
offset_0        26        -74.56        -0.23         0.23   (15-84 p)   [-10079.3333,  9959.9833]
offset_1        27        -44.76        -0.46         0.46   (15-84 p)   [-10079.3333,  9959.9833]
offset_2        28        -52.85        -0.25         0.24   (15-84 p)   [-10079.3333,  9959.9833]
offset_3        29        -59.84        -0.24         0.24   (15-84 p)   [-10079.3333,  9959.9833]

----- dataset: BISdata                   ----- model: gp_multidimensional           
rot_amp         30          0.02        -0.67         0.66   (15-84 p)   [  -10.0000,    10.0000]
con_amp         31         0.049       -0.070        0.073   (15-84 p)   [  -20.0000,    20.0000]

----- dataset:  CaIIdata
jitter_0        32       0.00022     -0.00014      0.00021   (15-84 p)   [    0.0000,     0.3000]
offset_0        33       0.10032     -0.00031      0.00032   (15-84 p)   [-9999.9104, 10000.1098]
offset_1        34       0.10380     -0.00063      0.00064   (15-84 p)   [-9999.9104, 10000.1098]
offset_2        35       0.10470     -0.00033      0.00033   (15-84 p)   [-9999.9104, 10000.1098]
offset_3        36       0.09945     -0.00033      0.00034   (15-84 p)   [-9999.9104, 10000.1098]

----- dataset: CaIIdata                  ----- model: gp_multidimensional           
rot_amp         37       0.00073     -0.00092      0.00093   (15-84 p)   [  -10.0000,    10.0000]
con_amp         38      0.000082    -0.000093      0.00010   (15-84 p)   [  -20.0000,    20.0000]

----- dataset:  Contrastdata
jitter_0        39           183          -12           12   (15-84 p)   [    1.3000, 13000.0000]
offset_0        40       -353872          -23           23   (15-84 p)   [-468097.7760, -343163.8137]
offset_1        41       -433649          -46           46   (15-84 p)   [-468097.7760, -343163.8137]
offset_2        42       -457689          -26           27   (15-84 p)   [-468097.7760, -343163.8137]
offset_3        43       -362701          -25           26   (15-84 p)   [-468097.7760, -343163.8137]

----- dataset: Contrastdata              ----- model: gp_multidimensional           
rot_amp         44          -0.5         -6.6          7.1   (15-84 p)   [  -10.0000,    10.0000]
con_amp         45        -19.56        -0.33         0.72   (15-84 p)   [  -20.0000,    20.0000]

----- dataset:  FWHMdata
jitter_0        46          0.31        -0.18         0.29   (15-84 p)   [    0.0500,   500.0000]
offset_0        47        6692.9         -1.1          1.1   (15-84 p)   [-3319.7953, 16947.8039]
offset_1        48        6938.6         -1.4          1.4   (15-84 p)   [-3319.7953, 16947.8039]
offset_2        49        6857.3         -1.1          1.1   (15-84 p)   [-3319.7953, 16947.8039]
offset_3        50        6896.1         -1.1          1.1   (15-84 p)   [-3319.7953, 16947.8039]

----- dataset: FWHMdata                  ----- model: gp_multidimensional           
rot_amp         51          -1.9         -1.7          1.6   (15-84 p)   [  -10.0000,    10.0000]
con_amp         52         -2.01        -0.36         0.32   (15-84 p)   [  -20.0000,    20.0000]

----- dataset:  Halphadata
jitter_0        53      0.000058    -0.000034     0.000056   (15-84 p)   [    0.0000,     0.1000]
offset_0        54       0.17205     -0.00010      0.00010   (15-84 p)   [-9999.8299, 10000.1792]
offset_1        55       0.17383     -0.00021      0.00021   (15-84 p)   [-9999.8299, 10000.1792]
offset_2        56       0.17468     -0.00011      0.00011   (15-84 p)   [-9999.8299, 10000.1792]
offset_3        57       0.17115     -0.00011      0.00011   (15-84 p)   [-9999.8299, 10000.1792]

----- dataset: Halphadata                ----- model: gp_multidimensional           
rot_amp         58      -0.00025     -0.00031      0.00029   (15-84 p)   [  -10.0000,    10.0000]
con_amp         59      0.000042    -0.000032     0.000036   (15-84 p)   [  -20.0000,    20.0000]

----- common model:  b
P                0          6.05        -0.20         0.26   (15-84 p)   [    0.3785,     6.6439]
K                1          0.28        -0.34         0.30   (15-84 p)   [   -9.9658,     3.3219]
sre_coso         2          0.02        -0.21         0.21   (15-84 p)   [   -1.0000,     1.0000]
sre_sino         3          0.02        -0.21         0.21   (15-84 p)   [   -1.0000,     1.0000]
mean_long        4           284          -37           39   (15-84 p)   [   95.0651,   455.0651]

----- common model:  c
P                5        0.3949      -0.0028       0.0025   (15-84 p)   [    0.3785,     6.6439]
K                6         -0.98        -0.46         0.33   (15-84 p)   [   -9.9658,     3.3219]
sre_coso         7         -0.01        -0.21         0.21   (15-84 p)   [   -1.0000,     1.0000]
sre_sino         8          0.18        -0.25         0.19   (15-84 p)   [   -1.0000,     1.0000]
mean_long        9            12          -33           32   (15-84 p)   [ -172.5697,   187.4303]

----- common model:  d
P               10        0.5428      -0.0025       0.0027   (15-84 p)   [    0.3785,     6.6439]
K               11         -0.90        -0.38         0.30   (15-84 p)   [   -9.9658,     3.3219]
sre_coso        12          0.14        -0.23         0.19   (15-84 p)   [   -1.0000,     1.0000]
sre_sino        13          0.12        -0.23         0.19   (15-84 p)   [   -1.0000,     1.0000]
mean_long       14            96          -26           27   (15-84 p)   [  -81.4589,   278.5411]

----- common model:  activity
Prot            15         28.24        -0.42         0.42   (15-84 p)   [   20.0000,    35.0000]
Pdec            16         31.16        -0.87          2.0   (15-84 p)   [   30.0000,  1000.0000]
Oamp            17        -1.184        -0.10        0.097   (15-84 p)   [   -6.6439,     0.0000]

----- common model:  star_parameters

====================================================================================================
     Statistics on the model parameters obtained from the posteriors samples     
====================================================================================================

----- dataset:  RVdata
jitter_0                 1.134       -0.049        0.052    (15-84 p)
offset_0                  9.43        -0.26         0.29    (15-84 p)
offset_1                 10.48        -0.35         0.38    (15-84 p)
offset_2                 10.36        -0.26         0.30    (15-84 p)
offset_3                 10.37        -0.27         0.29    (15-84 p)


----- dataset: RVdata                    ----- model: gp_multidimensional           
rot_amp                   8.83         -1.2         0.82    (15-84 p)
con_amp                   0.31        -0.18         0.17    (15-84 p)

----- dataset:  BISdata
jitter_0                 1.981       -0.095        0.098    (15-84 p)
offset_0                -74.56        -0.23         0.23    (15-84 p)
offset_1                -44.76        -0.46         0.46    (15-84 p)
offset_2                -52.85        -0.25         0.24    (15-84 p)
offset_3                -59.84        -0.24         0.24    (15-84 p)


----- dataset: BISdata                   ----- model: gp_multidimensional           
rot_amp                   0.02        -0.67         0.66    (15-84 p)
con_amp                  0.049       -0.070        0.073    (15-84 p)

----- dataset:  CaIIdata
jitter_0               0.00022     -0.00014      0.00021    (15-84 p)
offset_0               0.10032     -0.00031      0.00032    (15-84 p)
offset_1               0.10380     -0.00063      0.00064    (15-84 p)
offset_2               0.10470     -0.00033      0.00033    (15-84 p)
offset_3               0.09945     -0.00033      0.00034    (15-84 p)


----- dataset: CaIIdata                  ----- model: gp_multidimensional           
rot_amp                0.00073     -0.00092      0.00093    (15-84 p)
con_amp               0.000082    -0.000093      0.00010    (15-84 p)

----- dataset:  Contrastdata
jitter_0                   183          -12           12    (15-84 p)
offset_0               -353872          -23           23    (15-84 p)
offset_1               -433649          -46           46    (15-84 p)
offset_2               -457689          -26           27    (15-84 p)
offset_3               -362701          -25           26    (15-84 p)


----- dataset: Contrastdata              ----- model: gp_multidimensional           
rot_amp                   -0.5         -6.6          7.1    (15-84 p)
con_amp                 -19.56        -0.33         0.72    (15-84 p)

----- dataset:  FWHMdata
jitter_0                  0.31        -0.18         0.29    (15-84 p)
offset_0                6692.9         -1.1          1.1    (15-84 p)
offset_1                6938.6         -1.4          1.4    (15-84 p)
offset_2                6857.3         -1.1          1.1    (15-84 p)
offset_3                6896.1         -1.1          1.1    (15-84 p)


----- dataset: FWHMdata                  ----- model: gp_multidimensional           
rot_amp                   -1.9         -1.7          1.6    (15-84 p)
con_amp                  -2.01        -0.36         0.32    (15-84 p)

----- dataset:  Halphadata
jitter_0              0.000058    -0.000034     0.000056    (15-84 p)
offset_0               0.17205     -0.00010      0.00010    (15-84 p)
offset_1               0.17383     -0.00021      0.00021    (15-84 p)
offset_2               0.17468     -0.00011      0.00011    (15-84 p)
offset_3               0.17115     -0.00011      0.00011    (15-84 p)


----- dataset: Halphadata                ----- model: gp_multidimensional           
rot_amp               -0.00025     -0.00031      0.00029    (15-84 p)
con_amp               0.000042    -0.000032     0.000036    (15-84 p)

----- common model:  b
P                         66.2         -8.5           13    (15-84 p)
K                         1.21        -0.25         0.28    (15-84 p)
mean_long                  284          -37           39    (15-84 p)
e                        0.064       -0.045        0.071    (15-84 p)
omega                       13         -127          109    (15-84 p)

----- common model:  c
P                       1.3148      -0.0025       0.0023    (15-84 p)
K                         0.51        -0.14         0.13    (15-84 p)
mean_long                   12          -33           32    (15-84 p)
e                        0.094       -0.066        0.093    (15-84 p)
omega                       72         -133           58    (15-84 p)

----- common model:  d
P                       1.4568      -0.0026       0.0028    (15-84 p)
K                         0.53        -0.12         0.12    (15-84 p)
mean_long                   96          -26           27    (15-84 p)
e                        0.093       -0.065        0.091    (15-84 p)
omega                       35          -83           61    (15-84 p)

----- common model:  activity
Prot                     28.24        -0.42         0.42    (15-84 p)
Pdec                     31.16        -0.87          2.0    (15-84 p)
Oamp                     0.440       -0.030        0.031    (15-84 p)

----- common model:  star_parameters

====================================================================================================
     Statistics on the derived parameters obtained from the posteriors samples     
====================================================================================================

----- common model:  b
Inclination fixed to 90 deg!
Computing planetary mass under the approximation M_planet << M_star (threshold at 30.0 Me)
a_Rs                      68.8         -6.1          8.9    (15-84 p)
M_Mj                    0.0239      -0.0051       0.0063    (15-84 p)
M_Me                       7.6         -1.6          2.0    (15-84 p)
Tc                     59365.3         -3.6          3.0    (15-84 p)
a_AU_(M)                 0.320       -0.028        0.041    (15-84 p)
a_AU_(rho,R)             0.320       -0.028        0.041    (15-84 p)

----- common model:  c
Inclination fixed to 90 deg!
Computing planetary mass under the approximation M_planet << M_star (threshold at 30.0 Me)
a_Rs                    5.0485      -0.0064       0.0059    (15-84 p)
M_Mj                   0.00271     -0.00073      0.00068    (15-84 p)
M_Me                      0.86        -0.23         0.22    (15-84 p)
Tc                    59334.99        -0.11         0.12    (15-84 p)
a_AU_(M)              0.023488    -0.000030     0.000027    (15-84 p)
a_AU_(rho,R)          0.023488    -0.000030     0.000027    (15-84 p)

----- common model:  d
Inclination fixed to 90 deg!
Computing planetary mass under the approximation M_planet << M_star (threshold at 30.0 Me)
a_Rs                    5.4057      -0.0063       0.0068    (15-84 p)
M_Mj                   0.00295     -0.00069      0.00068    (15-84 p)
M_Me                      0.94        -0.22         0.22    (15-84 p)
Tc                   59336.015         -1.3        0.098    (15-84 p)
a_AU_(M)              0.025150    -0.000030     0.000032    (15-84 p)
a_AU_(rho,R)          0.025150    -0.000030     0.000032    (15-84 p)


====================================================================================================
     ------------------------------------------------------------------------------------------     
====================================================================================================



45000.0   steps completed, average lnprob:,  -1396.649693796322


Computing the autocorrelation time of the chains

***** WARNING ******
The integrated autocorrelation time cannot be reliably estimated
likely the chains are too short, and ACF analysis is not fully reliable
emcee.autocorr.integrated_time tolerance lowered to 20
If you still get a warning, you should drop these results entirely
Chains too short to apply convergence criteria
They should be at least 1300*nthin = 195000

====================================================================================================
     Statistics on the posterior of the sampler parameters     
====================================================================================================

----- dataset:  RVdata
jitter_0        18         1.134       -0.048        0.052   (15-84 p)   [    0.0009,    14.4000]
offset_0        19          9.43        -0.26         0.30   (15-84 p)   [-9996.1930, 10016.9830]
offset_1        20         10.49        -0.36         0.39   (15-84 p)   [-9996.1930, 10016.9830]
offset_2        21         10.37        -0.26         0.30   (15-84 p)   [-9996.1930, 10016.9830]
offset_3        22         10.37        -0.27         0.29   (15-84 p)   [-9996.1930, 10016.9830]

----- dataset: RVdata                    ----- model: gp_multidimensional           
rot_amp         23          8.84         -1.1         0.81   (15-84 p)   [    0.0000,    10.0000]
con_amp         24          0.31        -0.18         0.17   (15-84 p)   [  -20.0000,    20.0000]

----- dataset:  BISdata
jitter_0        25         1.981       -0.094        0.099   (15-84 p)   [    0.0095,    95.0000]
offset_0        26        -74.56        -0.23         0.23   (15-84 p)   [-10079.3333,  9959.9833]
offset_1        27        -44.75        -0.46         0.46   (15-84 p)   [-10079.3333,  9959.9833]
offset_2        28        -52.85        -0.25         0.24   (15-84 p)   [-10079.3333,  9959.9833]
offset_3        29        -59.84        -0.24         0.24   (15-84 p)   [-10079.3333,  9959.9833]

----- dataset: BISdata                   ----- model: gp_multidimensional           
rot_amp         30          0.01        -0.66         0.66   (15-84 p)   [  -10.0000,    10.0000]
con_amp         31         0.050       -0.071        0.073   (15-84 p)   [  -20.0000,    20.0000]

----- dataset:  CaIIdata
jitter_0        32       0.00021     -0.00013      0.00021   (15-84 p)   [    0.0000,     0.3000]
offset_0        33       0.10032     -0.00031      0.00032   (15-84 p)   [-9999.9104, 10000.1098]
offset_1        34       0.10380     -0.00063      0.00064   (15-84 p)   [-9999.9104, 10000.1098]
offset_2        35       0.10471     -0.00034      0.00033   (15-84 p)   [-9999.9104, 10000.1098]
offset_3        36       0.09946     -0.00033      0.00034   (15-84 p)   [-9999.9104, 10000.1098]

----- dataset: CaIIdata                  ----- model: gp_multidimensional           
rot_amp         37       0.00074     -0.00093      0.00093   (15-84 p)   [  -10.0000,    10.0000]
con_amp         38      0.000082    -0.000096      0.00010   (15-84 p)   [  -20.0000,    20.0000]

----- dataset:  Contrastdata
jitter_0        39           183          -12           12   (15-84 p)   [    1.3000, 13000.0000]
offset_0        40       -353872          -23           23   (15-84 p)   [-468097.7760, -343163.8137]
offset_1        41       -433649          -45           45   (15-84 p)   [-468097.7760, -343163.8137]
offset_2        42       -457689          -26           26   (15-84 p)   [-468097.7760, -343163.8137]
offset_3        43       -362701          -24           25   (15-84 p)   [-468097.7760, -343163.8137]

----- dataset: Contrastdata              ----- model: gp_multidimensional           
rot_amp         44          -0.6         -6.5          7.1   (15-84 p)   [  -10.0000,    10.0000]
con_amp         45        -19.54        -0.34         0.76   (15-84 p)   [  -20.0000,    20.0000]

----- dataset:  FWHMdata
jitter_0        46          0.30        -0.18         0.28   (15-84 p)   [    0.0500,   500.0000]
offset_0        47        6692.8         -1.1          1.1   (15-84 p)   [-3319.7953, 16947.8039]
offset_1        48        6938.6         -1.4          1.4   (15-84 p)   [-3319.7953, 16947.8039]
offset_2        49        6857.3         -1.1          1.1   (15-84 p)   [-3319.7953, 16947.8039]
offset_3        50        6896.1         -1.1          1.1   (15-84 p)   [-3319.7953, 16947.8039]

----- dataset: FWHMdata                  ----- model: gp_multidimensional           
rot_amp         51          -1.9         -1.7          1.6   (15-84 p)   [  -10.0000,    10.0000]
con_amp         52         -2.01        -0.37         0.32   (15-84 p)   [  -20.0000,    20.0000]

----- dataset:  Halphadata
jitter_0        53      0.000058    -0.000034     0.000056   (15-84 p)   [    0.0000,     0.1000]
offset_0        54       0.17205     -0.00010      0.00010   (15-84 p)   [-9999.8299, 10000.1792]
offset_1        55       0.17383     -0.00021      0.00021   (15-84 p)   [-9999.8299, 10000.1792]
offset_2        56       0.17468     -0.00011      0.00011   (15-84 p)   [-9999.8299, 10000.1792]
offset_3        57       0.17115     -0.00011      0.00011   (15-84 p)   [-9999.8299, 10000.1792]

----- dataset: Halphadata                ----- model: gp_multidimensional           
rot_amp         58      -0.00026     -0.00031      0.00030   (15-84 p)   [  -10.0000,    10.0000]
con_amp         59      0.000042    -0.000032     0.000036   (15-84 p)   [  -20.0000,    20.0000]

----- common model:  b
P                0          6.04        -0.20         0.26   (15-84 p)   [    0.3785,     6.6439]
K                1          0.28        -0.34         0.30   (15-84 p)   [   -9.9658,     3.3219]
sre_coso         2          0.02        -0.21         0.21   (15-84 p)   [   -1.0000,     1.0000]
sre_sino         3          0.02        -0.21         0.21   (15-84 p)   [   -1.0000,     1.0000]
mean_long        4           282          -37           39   (15-84 p)   [   95.0651,   455.0651]

----- common model:  c
P                5        0.3949      -0.0027       0.0025   (15-84 p)   [    0.3785,     6.6439]
K                6         -0.98        -0.45         0.33   (15-84 p)   [   -9.9658,     3.3219]
sre_coso         7         -0.01        -0.21         0.21   (15-84 p)   [   -1.0000,     1.0000]
sre_sino         8          0.18        -0.26         0.19   (15-84 p)   [   -1.0000,     1.0000]
mean_long        9            13          -32           32   (15-84 p)   [ -172.5697,   187.4303]

----- common model:  d
P               10        0.5428      -0.0026       0.0028   (15-84 p)   [    0.3785,     6.6439]
K               11         -0.91        -0.39         0.31   (15-84 p)   [   -9.9658,     3.3219]
sre_coso        12          0.14        -0.23         0.19   (15-84 p)   [   -1.0000,     1.0000]
sre_sino        13          0.12        -0.23         0.19   (15-84 p)   [   -1.0000,     1.0000]
mean_long       14            96          -26           28   (15-84 p)   [  -81.4589,   278.5411]

----- common model:  activity
Prot            15         28.25        -0.42         0.41   (15-84 p)   [   20.0000,    35.0000]
Pdec            16         31.20        -0.90          2.0   (15-84 p)   [   30.0000,  1000.0000]
Oamp            17        -1.184        -0.10        0.095   (15-84 p)   [   -6.6439,     0.0000]

----- common model:  star_parameters

====================================================================================================
     Statistics on the model parameters obtained from the posteriors samples     
====================================================================================================

----- dataset:  RVdata
jitter_0                 1.134       -0.048        0.052    (15-84 p)
offset_0                  9.43        -0.26         0.30    (15-84 p)
offset_1                 10.49        -0.36         0.39    (15-84 p)
offset_2                 10.37        -0.26         0.30    (15-84 p)
offset_3                 10.37        -0.27         0.29    (15-84 p)


----- dataset: RVdata                    ----- model: gp_multidimensional           
rot_amp                   8.84         -1.1         0.81    (15-84 p)
con_amp                   0.31        -0.18         0.17    (15-84 p)

----- dataset:  BISdata
jitter_0                 1.981       -0.094        0.099    (15-84 p)
offset_0                -74.56        -0.23         0.23    (15-84 p)
offset_1                -44.75        -0.46         0.46    (15-84 p)
offset_2                -52.85        -0.25         0.24    (15-84 p)
offset_3                -59.84        -0.24         0.24    (15-84 p)


----- dataset: BISdata                   ----- model: gp_multidimensional           
rot_amp                   0.01        -0.66         0.66    (15-84 p)
con_amp                  0.050       -0.071        0.073    (15-84 p)

----- dataset:  CaIIdata
jitter_0               0.00021     -0.00013      0.00021    (15-84 p)
offset_0               0.10032     -0.00031      0.00032    (15-84 p)
offset_1               0.10380     -0.00063      0.00064    (15-84 p)
offset_2               0.10471     -0.00034      0.00033    (15-84 p)
offset_3               0.09946     -0.00033      0.00034    (15-84 p)


----- dataset: CaIIdata                  ----- model: gp_multidimensional           
rot_amp                0.00074     -0.00093      0.00093    (15-84 p)
con_amp               0.000082    -0.000096      0.00010    (15-84 p)

----- dataset:  Contrastdata
jitter_0                   183          -12           12    (15-84 p)
offset_0               -353872          -23           23    (15-84 p)
offset_1               -433649          -45           45    (15-84 p)
offset_2               -457689          -26           26    (15-84 p)
offset_3               -362701          -24           25    (15-84 p)


----- dataset: Contrastdata              ----- model: gp_multidimensional           
rot_amp                   -0.6         -6.5          7.1    (15-84 p)
con_amp                 -19.54        -0.34         0.76    (15-84 p)

----- dataset:  FWHMdata
jitter_0                  0.30        -0.18         0.28    (15-84 p)
offset_0                6692.8         -1.1          1.1    (15-84 p)
offset_1                6938.6         -1.4          1.4    (15-84 p)
offset_2                6857.3         -1.1          1.1    (15-84 p)
offset_3                6896.1         -1.1          1.1    (15-84 p)


----- dataset: FWHMdata                  ----- model: gp_multidimensional           
rot_amp                   -1.9         -1.7          1.6    (15-84 p)
con_amp                  -2.01        -0.37         0.32    (15-84 p)

----- dataset:  Halphadata
jitter_0              0.000058    -0.000034     0.000056    (15-84 p)
offset_0               0.17205     -0.00010      0.00010    (15-84 p)
offset_1               0.17383     -0.00021      0.00021    (15-84 p)
offset_2               0.17468     -0.00011      0.00011    (15-84 p)
offset_3               0.17115     -0.00011      0.00011    (15-84 p)


----- dataset: Halphadata                ----- model: gp_multidimensional           
rot_amp               -0.00026     -0.00031      0.00030    (15-84 p)
con_amp               0.000042    -0.000032     0.000036    (15-84 p)

----- common model:  b
P                         65.9         -8.5           13    (15-84 p)
K                         1.22        -0.26         0.28    (15-84 p)
mean_long                  282          -37           39    (15-84 p)
e                        0.064       -0.045        0.070    (15-84 p)
omega                       13         -127          110    (15-84 p)

----- common model:  c
P                       1.3149      -0.0025       0.0023    (15-84 p)
K                         0.51        -0.14         0.13    (15-84 p)
mean_long                   13          -32           32    (15-84 p)
e                        0.096       -0.067        0.092    (15-84 p)
omega                       73         -130           57    (15-84 p)

----- common model:  d
P                       1.4568      -0.0026       0.0028    (15-84 p)
K                         0.53        -0.13         0.13    (15-84 p)
mean_long                   96          -26           28    (15-84 p)
e                        0.093       -0.065        0.091    (15-84 p)
omega                       33          -82           62    (15-84 p)

----- common model:  activity
Prot                     28.25        -0.42         0.41    (15-84 p)
Pdec                     31.20        -0.90          2.0    (15-84 p)
Oamp                     0.440       -0.031        0.030    (15-84 p)

----- common model:  star_parameters

====================================================================================================
     Statistics on the derived parameters obtained from the posteriors samples     
====================================================================================================

----- common model:  b
Inclination fixed to 90 deg!
Computing planetary mass under the approximation M_planet << M_star (threshold at 30.0 Me)
a_Rs                      68.6         -6.0          8.8    (15-84 p)
M_Mj                    0.0240      -0.0052       0.0062    (15-84 p)
M_Me                       7.6         -1.6          2.0    (15-84 p)
Tc                     59365.4         -3.5          3.0    (15-84 p)
a_AU_(M)                 0.319       -0.028        0.041    (15-84 p)
a_AU_(rho,R)             0.319       -0.028        0.041    (15-84 p)

----- common model:  c
Inclination fixed to 90 deg!
Computing planetary mass under the approximation M_planet << M_star (threshold at 30.0 Me)
a_Rs                    5.0486      -0.0063       0.0058    (15-84 p)
M_Mj                   0.00272     -0.00073      0.00068    (15-84 p)
M_Me                      0.86        -0.23         0.22    (15-84 p)
Tc                    59334.99        -0.10         0.11    (15-84 p)
a_AU_(M)              0.023489    -0.000029     0.000027    (15-84 p)
a_AU_(rho,R)          0.023488    -0.000029     0.000027    (15-84 p)

----- common model:  d
Inclination fixed to 90 deg!
Computing planetary mass under the approximation M_planet << M_star (threshold at 30.0 Me)
a_Rs                    5.4057      -0.0064       0.0070    (15-84 p)
M_Mj                   0.00294     -0.00069      0.00068    (15-84 p)
M_Me                      0.94        -0.22         0.22    (15-84 p)
Tc                    59336.01         -1.3         0.10    (15-84 p)
a_AU_(M)              0.025150    -0.000030     0.000033    (15-84 p)
a_AU_(rho,R)          0.025150    -0.000030     0.000033    (15-84 p)


====================================================================================================
     ------------------------------------------------------------------------------------------     
====================================================================================================



60000.0   steps completed, average lnprob:,  -1396.4669007328248


emcee completed


:::---::: PyORBIT v11.0.1 :::---:::

Python version in use:
3.10.18 (main, Jun  5 2025, 13:14:17) [GCC 11.2.0]
LaTeX disabled by default

Using orbital model:  keplerian
Using orbital parametrization:  Eastman2013

Using orbital model:  keplerian
Using orbital parametrization:  Eastman2013

Using orbital model:  keplerian
Using orbital parametrization:  Eastman2013

gp_multidimensional  S+LEAF model, number of harmonics: 4

GP model: gp_multidimensional  hyperparameters_condition:    True
GP model: gp_multidimensional  rotation_decay_condition:     True

### PyORBIT version used in the analysis:  11.0.1

 emcee version:  3.1.6

 Reference Time Tref: 59334.700184

 Data points:1914
 Dimensions: 60
 Nwalkers:   240
 Steps:      60000


Number of samplings: 72000

Recomputing ln-prior, it may take a while...

ln-probability   distribution:  -1396.55       -6.13      5.41 (15-84 p) 
ln-prior         distribution:   -366.39       -3.20      2.51 (15-84 p) 
ln-likelihood    distribution:  -1029.91       -6.60      6.09 (15-84 p) 


*** Information criteria using the likelihood distribution

 BIC from distribution  (using likelihood)  =   2513.24    -12.18   13.20 (15-84 p)
 AIC from distribution  (using likelihood)  =   2179.83    -12.18   13.20 (15-84 p)
 AICc from distribution (using likelihood)  =   2183.78    -12.18   13.20 (15-84 p)


*** Information criteria using the median parameter set

 ln_probability of Median solution =  -1370.43
 ln_priors of Median solution      =   -363.91
 ln_likelihood of Median solution  =  -1006.52

 Median BIC  (using likelihood) =   2466.47
 Median AIC  (using likelihood) =   2133.05
 Median AICc (using likelihood) =   2137.00


*** Information criteria using the MAP parameter set

 ln_probability of MAP solution =  -1376.56
 ln_priors of MAP solution      =   -367.12
 ln_likelihood of MAP solution  =  -1009.44

 MAP BIC  (using likelihood)    =   2472.29
 MAP AIC  (using likelihood)    =   2138.88
 MAP AICc (using likelihood)    =   2142.83

 AICc suggested over AIC because NDATA ( 1914 ) < 40 * NDIM ( 60 )

****************************************************************************************************


Computing the autocorrelation time of the chains

***** WARNING ******
The integrated autocorrelation time cannot be reliably estimated
likely the chains are too short, and ACF analysis is not fully reliable
emcee.autocorr.integrated_time tolerance lowered to 20
If you still get a warning, you should drop these results entirely
Chains too short to apply convergence criteria
They should be at least 1300*nthin = 195000

 ACF computation failed, no plot will be generated 


====================================================================================================
     Ids, spaces (s), boundaries (b) and priors (p) of the sampler parameters     
====================================================================================================

----- dataset:  RVdata
jitter_0      id:  18  s:Linear      b:[      0.0009,      14.4000]   p:Uniform   []
offset_0      id:  19  s:Linear      b:[  -9996.1930,   10016.9830]   p:Uniform   []
offset_1      id:  20  s:Linear      b:[  -9996.1930,   10016.9830]   p:Uniform   []
offset_2      id:  21  s:Linear      b:[  -9996.1930,   10016.9830]   p:Uniform   []
offset_3      id:  22  s:Linear      b:[  -9996.1930,   10016.9830]   p:Uniform   []

----- dataset: RVdata                    ----- model: gp_multidimensional           
rot_amp       id:  23  s:Linear      b:[      0.0000,      10.0000]   p:Uniform   []
con_amp       id:  24  s:Linear      b:[    -20.0000,      20.0000]   p:Uniform   []

----- dataset:  BISdata
jitter_0      id:  25  s:Linear      b:[      0.0095,      95.0000]   p:Uniform   []
offset_0      id:  26  s:Linear      b:[ -10079.3333,    9959.9833]   p:Uniform   []
offset_1      id:  27  s:Linear      b:[ -10079.3333,    9959.9833]   p:Uniform   []
offset_2      id:  28  s:Linear      b:[ -10079.3333,    9959.9833]   p:Uniform   []
offset_3      id:  29  s:Linear      b:[ -10079.3333,    9959.9833]   p:Uniform   []

----- dataset: BISdata                   ----- model: gp_multidimensional           
rot_amp       id:  30  s:Linear      b:[    -10.0000,      10.0000]   p:Uniform   []
con_amp       id:  31  s:Linear      b:[    -20.0000,      20.0000]   p:Uniform   []

----- dataset:  CaIIdata
jitter_0      id:  32  s:Linear      b:[      0.0000,       0.3000]   p:Uniform   []
offset_0      id:  33  s:Linear      b:[  -9999.9104,   10000.1098]   p:Uniform   []
offset_1      id:  34  s:Linear      b:[  -9999.9104,   10000.1098]   p:Uniform   []
offset_2      id:  35  s:Linear      b:[  -9999.9104,   10000.1098]   p:Uniform   []
offset_3      id:  36  s:Linear      b:[  -9999.9104,   10000.1098]   p:Uniform   []

----- dataset: CaIIdata                  ----- model: gp_multidimensional           
rot_amp       id:  37  s:Linear      b:[    -10.0000,      10.0000]   p:Uniform   []
con_amp       id:  38  s:Linear      b:[    -20.0000,      20.0000]   p:Uniform   []

----- dataset:  Contrastdata
jitter_0      id:  39  s:Linear      b:[      1.3000,   13000.0000]   p:Uniform   []
offset_0      id:  40  s:Linear      b:[-468097.7760, -343163.8137]   p:Uniform   []
offset_1      id:  41  s:Linear      b:[-468097.7760, -343163.8137]   p:Uniform   []
offset_2      id:  42  s:Linear      b:[-468097.7760, -343163.8137]   p:Uniform   []
offset_3      id:  43  s:Linear      b:[-468097.7760, -343163.8137]   p:Uniform   []

----- dataset: Contrastdata              ----- model: gp_multidimensional           
rot_amp       id:  44  s:Linear      b:[    -10.0000,      10.0000]   p:Uniform   []
con_amp       id:  45  s:Linear      b:[    -20.0000,      20.0000]   p:Uniform   []

----- dataset:  FWHMdata
jitter_0      id:  46  s:Linear      b:[      0.0500,     500.0000]   p:Uniform   []
offset_0      id:  47  s:Linear      b:[  -3319.7953,   16947.8039]   p:Uniform   []
offset_1      id:  48  s:Linear      b:[  -3319.7953,   16947.8039]   p:Uniform   []
offset_2      id:  49  s:Linear      b:[  -3319.7953,   16947.8039]   p:Uniform   []
offset_3      id:  50  s:Linear      b:[  -3319.7953,   16947.8039]   p:Uniform   []

----- dataset: FWHMdata                  ----- model: gp_multidimensional           
rot_amp       id:  51  s:Linear      b:[    -10.0000,      10.0000]   p:Uniform   []
con_amp       id:  52  s:Linear      b:[    -20.0000,      20.0000]   p:Uniform   []

----- dataset:  Halphadata
jitter_0      id:  53  s:Linear      b:[      0.0000,       0.1000]   p:Uniform   []
offset_0      id:  54  s:Linear      b:[  -9999.8299,   10000.1792]   p:Uniform   []
offset_1      id:  55  s:Linear      b:[  -9999.8299,   10000.1792]   p:Uniform   []
offset_2      id:  56  s:Linear      b:[  -9999.8299,   10000.1792]   p:Uniform   []
offset_3      id:  57  s:Linear      b:[  -9999.8299,   10000.1792]   p:Uniform   []

----- dataset: Halphadata                ----- model: gp_multidimensional           
rot_amp       id:  58  s:Linear      b:[    -10.0000,      10.0000]   p:Uniform   []
con_amp       id:  59  s:Linear      b:[    -20.0000,      20.0000]   p:Uniform   []

----- common model:  b
P             id:   0  s:Log_Base2   b:[      0.3785,       6.6439]   p:Uniform   []
K             id:   1  s:Log_Base2   b:[     -9.9658,       3.3219]   p:Uniform   []
sre_coso      id:   2  s:Linear      b:[     -1.0000,       1.0000]   p:Uniform   []
sre_sino      id:   3  s:Linear      b:[     -1.0000,       1.0000]   p:Uniform   []
mean_long     id:   4  s:Linear      b:[     95.0651,     455.0651]   p:Uniform   []
e             derived (no id, space, bound)                           p:Gaussian   [0.    0.098]
omega         derived (no id, space, bound)                           p:Uniform   [0.0, 360.0]

----- common model:  c
P             id:   5  s:Log_Base2   b:[      0.3785,       6.6439]   p:Uniform   []
K             id:   6  s:Log_Base2   b:[     -9.9658,       3.3219]   p:Uniform   []
sre_coso      id:   7  s:Linear      b:[     -1.0000,       1.0000]   p:Uniform   []
sre_sino      id:   8  s:Linear      b:[     -1.0000,       1.0000]   p:Uniform   []
mean_long     id:   9  s:Linear      b:[   -172.5697,     187.4303]   p:Uniform   []
e             derived (no id, space, bound)                           p:Gaussian   [0.    0.098]
omega         derived (no id, space, bound)                           p:Uniform   [0.0, 360.0]

----- common model:  d
P             id:  10  s:Log_Base2   b:[      0.3785,       6.6439]   p:Uniform   []
K             id:  11  s:Log_Base2   b:[     -9.9658,       3.3219]   p:Uniform   []
sre_coso      id:  12  s:Linear      b:[     -1.0000,       1.0000]   p:Uniform   []
sre_sino      id:  13  s:Linear      b:[     -1.0000,       1.0000]   p:Uniform   []
mean_long     id:  14  s:Linear      b:[    -81.4589,     278.5411]   p:Uniform   []
e             derived (no id, space, bound)                           p:Gaussian   [0.    0.098]
omega         derived (no id, space, bound)                           p:Uniform   [0.0, 360.0]

----- common model:  activity
Prot          id:  15  s:Linear      b:[     20.0000,      35.0000]   p:Gaussian   [28.   0.5]
Pdec          id:  16  s:Linear      b:[     30.0000,    1000.0000]   p:Uniform   []
Oamp          id:  17  s:Log_Base2   b:[     -6.6439,       0.0000]   p:Gaussian   [0.35  0.035]

----- common model:  star_parameters
mass          derived (no id, space, bound)                           p:Gaussian   [1.e+00 1.e-06]
radius        derived (no id, space, bound)                           p:Gaussian   [1.e+00 1.e-06]
density       derived (no id, space, bound)                           p:Gaussian   [1.e+00 1.e-06]


****************************************************************************************************
****************************************************************************************************

 Confidence intervals (median value, 34.135th percentile from the median on the left and right side)

====================================================================================================
     Statistics on the posterior of the sampler parameters     
====================================================================================================

----- dataset:  RVdata
jitter_0        18         1.134       -0.048        0.052   (15-84 p)   [    0.0009,    14.4000]
offset_0        19          9.43        -0.26         0.30   (15-84 p)   [-9996.1930, 10016.9830]
offset_1        20         10.49        -0.36         0.39   (15-84 p)   [-9996.1930, 10016.9830]
offset_2        21         10.37        -0.26         0.30   (15-84 p)   [-9996.1930, 10016.9830]
offset_3        22         10.37        -0.27         0.29   (15-84 p)   [-9996.1930, 10016.9830]

----- dataset: RVdata                    ----- model: gp_multidimensional           
rot_amp         23          8.84         -1.1         0.81   (15-84 p)   [    0.0000,    10.0000]
con_amp         24          0.31        -0.18         0.17   (15-84 p)   [  -20.0000,    20.0000]

----- dataset:  BISdata
jitter_0        25         1.981       -0.094        0.099   (15-84 p)   [    0.0095,    95.0000]
offset_0        26        -74.56        -0.23         0.23   (15-84 p)   [-10079.3333,  9959.9833]
offset_1        27        -44.75        -0.46         0.46   (15-84 p)   [-10079.3333,  9959.9833]
offset_2        28        -52.85        -0.25         0.24   (15-84 p)   [-10079.3333,  9959.9833]
offset_3        29        -59.84        -0.24         0.24   (15-84 p)   [-10079.3333,  9959.9833]

----- dataset: BISdata                   ----- model: gp_multidimensional           
rot_amp         30          0.01        -0.66         0.66   (15-84 p)   [  -10.0000,    10.0000]
con_amp         31         0.050       -0.071        0.073   (15-84 p)   [  -20.0000,    20.0000]

----- dataset:  CaIIdata
jitter_0        32       0.00021     -0.00013      0.00021   (15-84 p)   [    0.0000,     0.3000]
offset_0        33       0.10032     -0.00031      0.00032   (15-84 p)   [-9999.9104, 10000.1098]
offset_1        34       0.10380     -0.00063      0.00064   (15-84 p)   [-9999.9104, 10000.1098]
offset_2        35       0.10471     -0.00034      0.00033   (15-84 p)   [-9999.9104, 10000.1098]
offset_3        36       0.09946     -0.00033      0.00034   (15-84 p)   [-9999.9104, 10000.1098]

----- dataset: CaIIdata                  ----- model: gp_multidimensional           
rot_amp         37       0.00074     -0.00093      0.00093   (15-84 p)   [  -10.0000,    10.0000]
con_amp         38      0.000082    -0.000096      0.00010   (15-84 p)   [  -20.0000,    20.0000]

----- dataset:  Contrastdata
jitter_0        39           183          -12           12   (15-84 p)   [    1.3000, 13000.0000]
offset_0        40       -353872          -23           23   (15-84 p)   [-468097.7760, -343163.8137]
offset_1        41       -433649          -45           45   (15-84 p)   [-468097.7760, -343163.8137]
offset_2        42       -457689          -26           26   (15-84 p)   [-468097.7760, -343163.8137]
offset_3        43       -362701          -24           25   (15-84 p)   [-468097.7760, -343163.8137]

----- dataset: Contrastdata              ----- model: gp_multidimensional           
rot_amp         44          -0.6         -6.5          7.1   (15-84 p)   [  -10.0000,    10.0000]
con_amp         45        -19.54        -0.34         0.76   (15-84 p)   [  -20.0000,    20.0000]

----- dataset:  FWHMdata
jitter_0        46          0.30        -0.18         0.28   (15-84 p)   [    0.0500,   500.0000]
offset_0        47        6692.8         -1.1          1.1   (15-84 p)   [-3319.7953, 16947.8039]
offset_1        48        6938.6         -1.4          1.4   (15-84 p)   [-3319.7953, 16947.8039]
offset_2        49        6857.3         -1.1          1.1   (15-84 p)   [-3319.7953, 16947.8039]
offset_3        50        6896.1         -1.1          1.1   (15-84 p)   [-3319.7953, 16947.8039]

----- dataset: FWHMdata                  ----- model: gp_multidimensional           
rot_amp         51          -1.9         -1.7          1.6   (15-84 p)   [  -10.0000,    10.0000]
con_amp         52         -2.01        -0.37         0.32   (15-84 p)   [  -20.0000,    20.0000]

----- dataset:  Halphadata
jitter_0        53      0.000058    -0.000034     0.000056   (15-84 p)   [    0.0000,     0.1000]
offset_0        54       0.17205     -0.00010      0.00010   (15-84 p)   [-9999.8299, 10000.1792]
offset_1        55       0.17383     -0.00021      0.00021   (15-84 p)   [-9999.8299, 10000.1792]
offset_2        56       0.17468     -0.00011      0.00011   (15-84 p)   [-9999.8299, 10000.1792]
offset_3        57       0.17115     -0.00011      0.00011   (15-84 p)   [-9999.8299, 10000.1792]

----- dataset: Halphadata                ----- model: gp_multidimensional           
rot_amp         58      -0.00026     -0.00031      0.00030   (15-84 p)   [  -10.0000,    10.0000]
con_amp         59      0.000042    -0.000032     0.000036   (15-84 p)   [  -20.0000,    20.0000]

----- common model:  b
P                0          6.04        -0.20         0.26   (15-84 p)   [    0.3785,     6.6439]
K                1          0.28        -0.34         0.30   (15-84 p)   [   -9.9658,     3.3219]
sre_coso         2          0.02        -0.21         0.21   (15-84 p)   [   -1.0000,     1.0000]
sre_sino         3          0.02        -0.21         0.21   (15-84 p)   [   -1.0000,     1.0000]
mean_long        4           282          -37           39   (15-84 p)   [   95.0651,   455.0651]

----- common model:  c
P                5        0.3949      -0.0027       0.0025   (15-84 p)   [    0.3785,     6.6439]
K                6         -0.98        -0.45         0.33   (15-84 p)   [   -9.9658,     3.3219]
sre_coso         7         -0.01        -0.21         0.21   (15-84 p)   [   -1.0000,     1.0000]
sre_sino         8          0.18        -0.26         0.19   (15-84 p)   [   -1.0000,     1.0000]
mean_long        9            13          -32           32   (15-84 p)   [ -172.5697,   187.4303]

----- common model:  d
P               10        0.5428      -0.0026       0.0028   (15-84 p)   [    0.3785,     6.6439]
K               11         -0.91        -0.39         0.31   (15-84 p)   [   -9.9658,     3.3219]
sre_coso        12          0.14        -0.23         0.19   (15-84 p)   [   -1.0000,     1.0000]
sre_sino        13          0.12        -0.23         0.19   (15-84 p)   [   -1.0000,     1.0000]
mean_long       14            96          -26           28   (15-84 p)   [  -81.4589,   278.5411]

----- common model:  activity
Prot            15         28.25        -0.42         0.41   (15-84 p)   [   20.0000,    35.0000]
Pdec            16         31.20        -0.90          2.0   (15-84 p)   [   30.0000,  1000.0000]
Oamp            17        -1.184        -0.10        0.095   (15-84 p)   [   -6.6439,     0.0000]

----- common model:  star_parameters

====================================================================================================
     Statistics on the model parameters obtained from the posteriors samples     
====================================================================================================

----- dataset:  RVdata
jitter_0                 1.134       -0.048        0.052    (15-84 p)
offset_0                  9.43        -0.26         0.30    (15-84 p)
offset_1                 10.49        -0.36         0.39    (15-84 p)
offset_2                 10.37        -0.26         0.30    (15-84 p)
offset_3                 10.37        -0.27         0.29    (15-84 p)


----- dataset: RVdata                    ----- model: gp_multidimensional           
rot_amp                   8.84         -1.1         0.81    (15-84 p)
con_amp                   0.31        -0.18         0.17    (15-84 p)

----- dataset:  BISdata
jitter_0                 1.981       -0.094        0.099    (15-84 p)
offset_0                -74.56        -0.23         0.23    (15-84 p)
offset_1                -44.75        -0.46         0.46    (15-84 p)
offset_2                -52.85        -0.25         0.24    (15-84 p)
offset_3                -59.84        -0.24         0.24    (15-84 p)


----- dataset: BISdata                   ----- model: gp_multidimensional           
rot_amp                   0.01        -0.66         0.66    (15-84 p)
con_amp                  0.050       -0.071        0.073    (15-84 p)

----- dataset:  CaIIdata
jitter_0               0.00021     -0.00013      0.00021    (15-84 p)
offset_0               0.10032     -0.00031      0.00032    (15-84 p)
offset_1               0.10380     -0.00063      0.00064    (15-84 p)
offset_2               0.10471     -0.00034      0.00033    (15-84 p)
offset_3               0.09946     -0.00033      0.00034    (15-84 p)


----- dataset: CaIIdata                  ----- model: gp_multidimensional           
rot_amp                0.00074     -0.00093      0.00093    (15-84 p)
con_amp               0.000082    -0.000096      0.00010    (15-84 p)

----- dataset:  Contrastdata
jitter_0                   183          -12           12    (15-84 p)
offset_0               -353872          -23           23    (15-84 p)
offset_1               -433649          -45           45    (15-84 p)
offset_2               -457689          -26           26    (15-84 p)
offset_3               -362701          -24           25    (15-84 p)


----- dataset: Contrastdata              ----- model: gp_multidimensional           
rot_amp                   -0.6         -6.5          7.1    (15-84 p)
con_amp                 -19.54        -0.34         0.76    (15-84 p)

----- dataset:  FWHMdata
jitter_0                  0.30        -0.18         0.28    (15-84 p)
offset_0                6692.8         -1.1          1.1    (15-84 p)
offset_1                6938.6         -1.4          1.4    (15-84 p)
offset_2                6857.3         -1.1          1.1    (15-84 p)
offset_3                6896.1         -1.1          1.1    (15-84 p)


----- dataset: FWHMdata                  ----- model: gp_multidimensional           
rot_amp                   -1.9         -1.7          1.6    (15-84 p)
con_amp                  -2.01        -0.37         0.32    (15-84 p)

----- dataset:  Halphadata
jitter_0              0.000058    -0.000034     0.000056    (15-84 p)
offset_0               0.17205     -0.00010      0.00010    (15-84 p)
offset_1               0.17383     -0.00021      0.00021    (15-84 p)
offset_2               0.17468     -0.00011      0.00011    (15-84 p)
offset_3               0.17115     -0.00011      0.00011    (15-84 p)


----- dataset: Halphadata                ----- model: gp_multidimensional           
rot_amp               -0.00026     -0.00031      0.00030    (15-84 p)
con_amp               0.000042    -0.000032     0.000036    (15-84 p)

----- common model:  b
P                         65.9         -8.5           13    (15-84 p)
K                         1.22        -0.26         0.28    (15-84 p)
mean_long                  282          -37           39    (15-84 p)
e                        0.064       -0.045        0.070    (15-84 p)
omega                       -6         -134          109    (15-84 p)

----- common model:  c
P                       1.3149      -0.0025       0.0023    (15-84 p)
K                         0.51        -0.14         0.13    (15-84 p)
mean_long                   13          -32           32    (15-84 p)
e                        0.096       -0.067        0.092    (15-84 p)
omega                       98          -66           82    (15-84 p)

----- common model:  d
P                       1.4568      -0.0026       0.0028    (15-84 p)
K                         0.53        -0.13         0.13    (15-84 p)
mean_long                   96          -26           28    (15-84 p)
e                        0.093       -0.065        0.091    (15-84 p)
omega                       46          -62           81    (15-84 p)

----- common model:  activity
Prot                     28.25        -0.42         0.41    (15-84 p)
Pdec                     31.20        -0.90          2.0    (15-84 p)
Oamp                     0.440       -0.031        0.030    (15-84 p)

----- common model:  star_parameters

====================================================================================================
     Statistics on the derived parameters obtained from the posteriors samples     
====================================================================================================

----- common model:  b
Inclination fixed to 90 deg!
Computing planetary mass under the approximation M_planet << M_star (threshold at 30.0 Me)
a_Rs                      68.6         -6.0          8.8    (15-84 p)
M_Mj                    0.0240      -0.0052       0.0062    (15-84 p)
M_Me                       7.6         -1.6          2.0    (15-84 p)
Tc                     59365.4         -3.5          3.0    (15-84 p)
a_AU_(M)                 0.319       -0.028        0.041    (15-84 p)
a_AU_(rho,R)             0.319       -0.028        0.041    (15-84 p)

----- common model:  c
Inclination fixed to 90 deg!
Computing planetary mass under the approximation M_planet << M_star (threshold at 30.0 Me)
a_Rs                    5.0486      -0.0063       0.0058    (15-84 p)
M_Mj                   0.00272     -0.00073      0.00068    (15-84 p)
M_Me                      0.86        -0.23         0.22    (15-84 p)
Tc                    59334.99        -0.10         0.11    (15-84 p)
a_AU_(M)              0.023489    -0.000029     0.000027    (15-84 p)
a_AU_(rho,R)          0.023488    -0.000029     0.000027    (15-84 p)

----- common model:  d
Inclination fixed to 90 deg!
Computing planetary mass under the approximation M_planet << M_star (threshold at 30.0 Me)
a_Rs                    5.4057      -0.0064       0.0070    (15-84 p)
M_Mj                   0.00294     -0.00069      0.00068    (15-84 p)
M_Me                      0.94        -0.22         0.22    (15-84 p)
Tc                    59336.01         -1.3         0.10    (15-84 p)
a_AU_(M)              0.025150    -0.000030     0.000033    (15-84 p)
a_AU_(rho,R)          0.025150    -0.000030     0.000033    (15-84 p)


====================================================================================================
     ------------------------------------------------------------------------------------------     
====================================================================================================



****************************************************************************************************

 Parameters corresponding to the Maximum a Posteriori probability ( -1376.5599833972683 )

====================================================================================================
     Statistics on the posterior of the sampler parameters     
====================================================================================================

----- dataset:  RVdata
jitter_0        18      1.063533 [    0.0009,    14.4000]
offset_0        19      9.366958 [-9996.1930, 10016.9830]
offset_1        20     10.182016 [-9996.1930, 10016.9830]
offset_2        21     10.331101 [-9996.1930, 10016.9830]
offset_3        22     10.158791 [-9996.1930, 10016.9830]

----- dataset: RVdata                    ----- model: gp_multidimensional           
rot_amp         23      7.802157 [    0.0000,    10.0000]
con_amp         24      0.383280 [  -20.0000,    20.0000]

----- dataset:  BISdata
jitter_0        25      2.119988 [    0.0095,    95.0000]
offset_0        26    -74.758024 [-10079.3333,  9959.9833]
offset_1        27    -44.729503 [-10079.3333,  9959.9833]
offset_2        28    -52.956928 [-10079.3333,  9959.9833]
offset_3        29    -60.046391 [-10079.3333,  9959.9833]

----- dataset: BISdata                   ----- model: gp_multidimensional           
rot_amp         30     -0.199364 [  -10.0000,    10.0000]
con_amp         31      0.077057 [  -20.0000,    20.0000]

----- dataset:  CaIIdata
jitter_0        32      0.000209 [    0.0000,     0.3000]
offset_0        33      0.100687 [-9999.9104, 10000.1098]
offset_1        34      0.103646 [-9999.9104, 10000.1098]
offset_2        35      0.104692 [-9999.9104, 10000.1098]
offset_3        36      0.099301 [-9999.9104, 10000.1098]

----- dataset: CaIIdata                  ----- model: gp_multidimensional           
rot_amp         37      0.000725 [  -10.0000,    10.0000]
con_amp         38      0.000093 [  -20.0000,    20.0000]

----- dataset:  Contrastdata
jitter_0        39    172.568604 [    1.3000, 13000.0000]
offset_0        40  -353867.834326 [-468097.7760, -343163.8137]
offset_1        41  -433618.320415 [-468097.7760, -343163.8137]
offset_2        42  -457706.275613 [-468097.7760, -343163.8137]
offset_3        43  -362706.285513 [-468097.7760, -343163.8137]

----- dataset: Contrastdata              ----- model: gp_multidimensional           
rot_amp         44     -0.451919 [  -10.0000,    10.0000]
con_amp         45    -19.794638 [  -20.0000,    20.0000]

----- dataset:  FWHMdata
jitter_0        46      0.171270 [    0.0500,   500.0000]
offset_0        47   6693.823362 [-3319.7953, 16947.8039]
offset_1        48   6938.899886 [-3319.7953, 16947.8039]
offset_2        49   6857.885775 [-3319.7953, 16947.8039]
offset_3        50   6896.878886 [-3319.7953, 16947.8039]

----- dataset: FWHMdata                  ----- model: gp_multidimensional           
rot_amp         51     -0.430379 [  -10.0000,    10.0000]
con_amp         52     -1.693647 [  -20.0000,    20.0000]

----- dataset:  Halphadata
jitter_0        53      0.000023 [    0.0000,     0.1000]
offset_0        54      0.172096 [-9999.8299, 10000.1792]
offset_1        55      0.173678 [-9999.8299, 10000.1792]
offset_2        56      0.174613 [-9999.8299, 10000.1792]
offset_3        57      0.171174 [-9999.8299, 10000.1792]

----- dataset: Halphadata                ----- model: gp_multidimensional           
rot_amp         58     -0.000293 [  -10.0000,    10.0000]
con_amp         59      0.000038 [  -20.0000,    20.0000]

----- common model:  b
P                0      5.854332 [    0.3785,     6.6439]
K                1      0.241024 [   -9.9658,     3.3219]
sre_coso         2      0.236641 [   -1.0000,     1.0000]
sre_sino         3     -0.097790 [   -1.0000,     1.0000]
mean_long        4    254.038564 [   95.0651,   455.0651]

----- common model:  c
P                5      0.393395 [    0.3785,     6.6439]
K                6     -0.995817 [   -9.9658,     3.3219]
sre_coso         7     -0.225688 [   -1.0000,     1.0000]
sre_sino         8      0.346290 [   -1.0000,     1.0000]
mean_long        9      4.731068 [ -172.5697,   187.4303]

----- common model:  d
P               10      0.541852 [    0.3785,     6.6439]
K               11     -0.998807 [   -9.9658,     3.3219]
sre_coso        12      0.050447 [   -1.0000,     1.0000]
sre_sino        13      0.327636 [   -1.0000,     1.0000]
mean_long       14     86.546463 [  -81.4589,   278.5411]

----- common model:  activity
Prot            15     28.187450 [   20.0000,    35.0000]
Pdec            16     30.554940 [   30.0000,  1000.0000]
Oamp            17     -1.142456 [   -6.6439,     0.0000]

----- common model:  star_parameters

====================================================================================================
     Statistics on the model parameters obtained from the posteriors samples     
====================================================================================================

----- dataset:  RVdata
jitter_0              1.063533 
offset_0              9.366958 
offset_1             10.182016 
offset_2             10.331101 
offset_3             10.158791 


----- dataset: RVdata                    ----- model: gp_multidimensional           
rot_amp               7.802157 
con_amp               0.383280 

----- dataset:  BISdata
jitter_0              2.119988 
offset_0            -74.758024 
offset_1            -44.729503 
offset_2            -52.956928 
offset_3            -60.046391 


----- dataset: BISdata                   ----- model: gp_multidimensional           
rot_amp              -0.199364 
con_amp               0.077057 

----- dataset:  CaIIdata
jitter_0              0.000209 
offset_0              0.100687 
offset_1              0.103646 
offset_2              0.104692 
offset_3              0.099301 


----- dataset: CaIIdata                  ----- model: gp_multidimensional           
rot_amp               0.000725 
con_amp               0.000093 

----- dataset:  Contrastdata
jitter_0            172.568604 
offset_0        -353867.834326 
offset_1        -433618.320415 
offset_2        -457706.275613 
offset_3        -362706.285513 


----- dataset: Contrastdata              ----- model: gp_multidimensional           
rot_amp              -0.451919 
con_amp             -19.794638 

----- dataset:  FWHMdata
jitter_0              0.171270 
offset_0           6693.823362 
offset_1           6938.899886 
offset_2           6857.885775 
offset_3           6896.878886 


----- dataset: FWHMdata                  ----- model: gp_multidimensional           
rot_amp              -0.430379 
con_amp              -1.693647 

----- dataset:  Halphadata
jitter_0              0.000023 
offset_0              0.172096 
offset_1              0.173678 
offset_2              0.174613 
offset_3              0.171174 


----- dataset: Halphadata                ----- model: gp_multidimensional           
rot_amp              -0.000293 
con_amp               0.000038 

----- common model:  b
P                    57.853485 
K                     1.181831 
mean_long           254.038564 
e                     0.065562 
omega               -22.452377 

----- common model:  c
P                     1.313481 
K                     0.501452 
mean_long             4.731068 
e                     0.170852 
omega               123.093594 

----- common model:  d
P                     1.455841 
K                     0.500414 
mean_long            86.546463 
e                     0.109890 
omega                81.246684 

----- common model:  activity
Prot                 28.187450 
Pdec                 30.554940 
Oamp                  0.452988 

----- common model:  star_parameters

====================================================================================================
     Statistics on the derived parameters obtained from the posteriors samples     
====================================================================================================

----- common model:  b
Inclination fixed to 90 deg!
a_Rs                 62.921970 
M_Mj                  0.022437 
M_Me                  7.132661 
Tc                59365.055562 
a_AU_(M)              0.292746 
a_AU_(rho,R)          0.292743 

----- common model:  c
Inclination fixed to 90 deg!
a_Rs                  5.045044 
M_Mj                  0.002662 
M_Me                  0.846163 
Tc                59335.046414 
a_AU_(M)              0.023472 
a_AU_(rho,R)          0.023472 

----- common model:  d
Inclination fixed to 90 deg!
a_Rs                  5.403291 
M_Mj                  0.002773 
M_Me                  0.881546 
Tc                59334.706990 
a_AU_(M)              0.025139 
a_AU_(rho,R)          0.025139 


====================================================================================================
     ------------------------------------------------------------------------------------------     
====================================================================================================



****************************************************************************************************

 Parameters corresponding to the sample closest to the median values ( -1384.6395494732774 )

====================================================================================================
     Statistics on the posterior of the sampler parameters     
====================================================================================================

----- dataset:  RVdata
jitter_0        18      1.207135 [    0.0009,    14.4000]
offset_0        19      9.537495 [-9996.1930, 10016.9830]
offset_1        20      9.809654 [-9996.1930, 10016.9830]
offset_2        21     10.360012 [-9996.1930, 10016.9830]
offset_3        22     10.265071 [-9996.1930, 10016.9830]

----- dataset: RVdata                    ----- model: gp_multidimensional           
rot_amp         23      8.817799 [    0.0000,    10.0000]
con_amp         24      0.263663 [  -20.0000,    20.0000]

----- dataset:  BISdata
jitter_0        25      2.059035 [    0.0095,    95.0000]
offset_0        26    -74.818630 [-10079.3333,  9959.9833]
offset_1        27    -44.696047 [-10079.3333,  9959.9833]
offset_2        28    -52.761381 [-10079.3333,  9959.9833]
offset_3        29    -60.042869 [-10079.3333,  9959.9833]

----- dataset: BISdata                   ----- model: gp_multidimensional           
rot_amp         30     -0.033293 [  -10.0000,    10.0000]
con_amp         31     -0.021525 [  -20.0000,    20.0000]

----- dataset:  CaIIdata
jitter_0        32      0.000221 [    0.0000,     0.3000]
offset_0        33      0.100303 [-9999.9104, 10000.1098]
offset_1        34      0.104470 [-9999.9104, 10000.1098]
offset_2        35      0.104969 [-9999.9104, 10000.1098]
offset_3        36      0.099407 [-9999.9104, 10000.1098]

----- dataset: CaIIdata                  ----- model: gp_multidimensional           
rot_amp         37      0.000479 [  -10.0000,    10.0000]
con_amp         38      0.000033 [  -20.0000,    20.0000]

----- dataset:  Contrastdata
jitter_0        39    172.029248 [    1.3000, 13000.0000]
offset_0        40  -353857.935461 [-468097.7760, -343163.8137]
offset_1        41  -433659.841874 [-468097.7760, -343163.8137]
offset_2        42  -457667.030278 [-468097.7760, -343163.8137]
offset_3        43  -362716.990040 [-468097.7760, -343163.8137]

----- dataset: Contrastdata              ----- model: gp_multidimensional           
rot_amp         44      0.220725 [  -10.0000,    10.0000]
con_amp         45    -19.435006 [  -20.0000,    20.0000]

----- dataset:  FWHMdata
jitter_0        46      0.336362 [    0.0500,   500.0000]
offset_0        47   6693.117838 [-3319.7953, 16947.8039]
offset_1        48   6938.532746 [-3319.7953, 16947.8039]
offset_2        49   6857.456538 [-3319.7953, 16947.8039]
offset_3        50   6895.980570 [-3319.7953, 16947.8039]

----- dataset: FWHMdata                  ----- model: gp_multidimensional           
rot_amp         51     -1.456334 [  -10.0000,    10.0000]
con_amp         52     -2.048604 [  -20.0000,    20.0000]

----- dataset:  Halphadata
jitter_0        53      0.000086 [    0.0000,     0.1000]
offset_0        54      0.172116 [-9999.8299, 10000.1792]
offset_1        55      0.173772 [-9999.8299, 10000.1792]
offset_2        56      0.174642 [-9999.8299, 10000.1792]
offset_3        57      0.171169 [-9999.8299, 10000.1792]

----- dataset: Halphadata                ----- model: gp_multidimensional           
rot_amp         58     -0.000135 [  -10.0000,    10.0000]
con_amp         59      0.000055 [  -20.0000,    20.0000]

----- common model:  b
P                0      5.877497 [    0.3785,     6.6439]
K                1      0.606807 [   -9.9658,     3.3219]
sre_coso         2      0.023747 [   -1.0000,     1.0000]
sre_sino         3      0.058185 [   -1.0000,     1.0000]
mean_long        4    246.983286 [   95.0651,   455.0651]

----- common model:  c
P                5      0.394855 [    0.3785,     6.6439]
K                6     -0.620705 [   -9.9658,     3.3219]
sre_coso         7     -0.128455 [   -1.0000,     1.0000]
sre_sino         8      0.225210 [   -1.0000,     1.0000]
mean_long        9     28.689995 [ -172.5697,   187.4303]

----- common model:  d
P               10      0.538880 [    0.3785,     6.6439]
K               11     -0.791610 [   -9.9658,     3.3219]
sre_coso        12      0.214524 [   -1.0000,     1.0000]
sre_sino        13      0.061741 [   -1.0000,     1.0000]
mean_long       14     58.356619 [  -81.4589,   278.5411]

----- common model:  activity
Prot            15     28.508888 [   20.0000,    35.0000]
Pdec            16     30.804261 [   30.0000,  1000.0000]
Oamp            17     -1.187528 [   -6.6439,     0.0000]

----- common model:  star_parameters

====================================================================================================
     Statistics on the model parameters obtained from the posteriors samples     
====================================================================================================

----- dataset:  RVdata
jitter_0              1.207135 
offset_0              9.537495 
offset_1              9.809654 
offset_2             10.360012 
offset_3             10.265071 


----- dataset: RVdata                    ----- model: gp_multidimensional           
rot_amp               8.817799 
con_amp               0.263663 

----- dataset:  BISdata
jitter_0              2.059035 
offset_0            -74.818630 
offset_1            -44.696047 
offset_2            -52.761381 
offset_3            -60.042869 


----- dataset: BISdata                   ----- model: gp_multidimensional           
rot_amp              -0.033293 
con_amp              -0.021525 

----- dataset:  CaIIdata
jitter_0              0.000221 
offset_0              0.100303 
offset_1              0.104470 
offset_2              0.104969 
offset_3              0.099407 


----- dataset: CaIIdata                  ----- model: gp_multidimensional           
rot_amp               0.000479 
con_amp               0.000033 

----- dataset:  Contrastdata
jitter_0            172.029248 
offset_0        -353857.935461 
offset_1        -433659.841874 
offset_2        -457667.030278 
offset_3        -362716.990040 


----- dataset: Contrastdata              ----- model: gp_multidimensional           
rot_amp               0.220725 
con_amp             -19.435006 

----- dataset:  FWHMdata
jitter_0              0.336362 
offset_0           6693.117838 
offset_1           6938.532746 
offset_2           6857.456538 
offset_3           6895.980570 


----- dataset: FWHMdata                  ----- model: gp_multidimensional           
rot_amp              -1.456334 
con_amp              -2.048604 

----- dataset:  Halphadata
jitter_0              0.000086 
offset_0              0.172116 
offset_1              0.173772 
offset_2              0.174642 
offset_3              0.171169 


----- dataset: Halphadata                ----- model: gp_multidimensional           
rot_amp              -0.000135 
con_amp               0.000055 

----- common model:  b
P                    58.789904 
K                     1.522885 
mean_long           246.983286 
e                     0.003949 
omega                67.798048 

----- common model:  c
P                     1.314811 
K                     0.650353 
mean_long            28.689995 
e                     0.067220 
omega               119.699553 

----- common model:  d
P                     1.452844 
K                     0.577699 
mean_long            58.356619 
e                     0.049832 
omega                16.056087 

----- common model:  activity
Prot                 28.508888 
Pdec                 30.804261 
Oamp                  0.439054 

----- common model:  star_parameters

====================================================================================================
     Statistics on the derived parameters obtained from the posteriors samples     
====================================================================================================

----- common model:  b
Inclination fixed to 90 deg!
a_Rs                 63.599114 
M_Mj                  0.029130 
M_Me                  9.260226 
Tc                59367.826036 
a_AU_(M)              0.295897 
a_AU_(rho,R)          0.295893 

----- common model:  c
Inclination fixed to 90 deg!
a_Rs                  5.048452 
M_Mj                  0.003497 
M_Me                  1.111656 
Tc                59334.937452 
a_AU_(M)              0.023488 
a_AU_(rho,R)          0.023488 

----- common model:  d
Inclination fixed to 90 deg!
a_Rs                  5.395876 
M_Mj                  0.003215 
M_Me                  1.021922 
Tc                59334.805975 
a_AU_(M)              0.025104 
a_AU_(rho,R)          0.025104 


====================================================================================================
     ------------------------------------------------------------------------------------------     
====================================================================================================



****************************************************************************************************

Inclination fixed to 90 deg!
Inclination fixed to 90 deg!
Inclination fixed to 90 deg!
Note: stellar density derived from stellar mass and radius

Inclination fixed to 90 deg!
Inclination fixed to 90 deg!
Inclination fixed to 90 deg!
Inclination fixed to 90 deg!
Inclination fixed to 90 deg!
Inclination fixed to 90 deg!
 Plot FLAT chain 

****************************************************************************************************

 Skipping full correlation plot due to the high number of parameters
 To avoid this behaviour, set the keyword parameters:force_full_correlation_plot to True

****************************************************************************************************

 Plotting the chains... 

****************************************************************************************************

 Plotting the Gelman-Rubin traces... 

     Gelman-Rubin:    18     1.032539 RVdata_jitter_0 
     Gelman-Rubin:    19     1.038324 RVdata_offset_0 
     Gelman-Rubin:    20     1.038863 RVdata_offset_1 
     Gelman-Rubin:    21     1.042520 RVdata_offset_2 
     Gelman-Rubin:    22     1.041019 RVdata_offset_3 
     Gelman-Rubin:    23     1.030823 RVdata_gp_multidimensional_rot_amp 
     Gelman-Rubin:    24     1.055843 RVdata_gp_multidimensional_con_amp 
     Gelman-Rubin:    25     1.030602 BISdata_jitter_0 
     Gelman-Rubin:    26     1.033563 BISdata_offset_0 
     Gelman-Rubin:    27     1.030158 BISdata_offset_1 
     Gelman-Rubin:    28     1.036000 BISdata_offset_2 
     Gelman-Rubin:    29     1.025681 BISdata_offset_3 
     Gelman-Rubin:    30     1.028640 BISdata_gp_multidimensional_rot_amp 
     Gelman-Rubin:    31     1.033161 BISdata_gp_multidimensional_con_amp 
     Gelman-Rubin:    32     1.032912 CaIIdata_jitter_0 
     Gelman-Rubin:    33     1.034798 CaIIdata_offset_0 
     Gelman-Rubin:    34     1.031510 CaIIdata_offset_1 
     Gelman-Rubin:    35     1.029669 CaIIdata_offset_2 
     Gelman-Rubin:    36     1.027365 CaIIdata_offset_3 
     Gelman-Rubin:    37     1.036250 CaIIdata_gp_multidimensional_rot_amp 
     Gelman-Rubin:    38     1.035829 CaIIdata_gp_multidimensional_con_amp 
     Gelman-Rubin:    39     1.030650 Contrastdata_jitter_0 
     Gelman-Rubin:    40     1.030335 Contrastdata_offset_0 
     Gelman-Rubin:    41     1.033159 Contrastdata_offset_1 
     Gelman-Rubin:    42     1.033353 Contrastdata_offset_2 
     Gelman-Rubin:    43     1.034045 Contrastdata_offset_3 
     Gelman-Rubin:    44     1.026336 Contrastdata_gp_multidimensional_rot_amp 
     Gelman-Rubin:    45     1.037744 Contrastdata_gp_multidimensional_con_amp 
     Gelman-Rubin:    46     1.034691 FWHMdata_jitter_0 
     Gelman-Rubin:    47     1.042690 FWHMdata_offset_0 
     Gelman-Rubin:    48     1.035993 FWHMdata_offset_1 
     Gelman-Rubin:    49     1.039322 FWHMdata_offset_2 
     Gelman-Rubin:    50     1.041054 FWHMdata_offset_3 
     Gelman-Rubin:    51     1.032123 FWHMdata_gp_multidimensional_rot_amp 
     Gelman-Rubin:    52     1.035936 FWHMdata_gp_multidimensional_con_amp 
     Gelman-Rubin:    53     1.035358 Halphadata_jitter_0 
     Gelman-Rubin:    54     1.028808 Halphadata_offset_0 
     Gelman-Rubin:    55     1.028570 Halphadata_offset_1 
     Gelman-Rubin:    56     1.029709 Halphadata_offset_2 
     Gelman-Rubin:    57     1.029686 Halphadata_offset_3 
     Gelman-Rubin:    58     1.031064 Halphadata_gp_multidimensional_rot_amp 
     Gelman-Rubin:    59     1.031347 Halphadata_gp_multidimensional_con_amp 
     Gelman-Rubin:     0     1.049122 b_P 
     Gelman-Rubin:     1     1.056573 b_K 
     Gelman-Rubin:     2     1.030068 b_sre_coso 
     Gelman-Rubin:     3     1.031733 b_sre_sino 
     Gelman-Rubin:     4     1.044685 b_mean_long 
     Gelman-Rubin:     5     1.040750 c_P 
     Gelman-Rubin:     6     1.068877 c_K 
     Gelman-Rubin:     7     1.030055 c_sre_coso 
     Gelman-Rubin:     8     1.034970 c_sre_sino 
     Gelman-Rubin:     9     1.042533 c_mean_long 
     Gelman-Rubin:    10     1.042558 d_P 
     Gelman-Rubin:    11     1.049617 d_K 
     Gelman-Rubin:    12     1.027590 d_sre_coso 
     Gelman-Rubin:    13     1.036310 d_sre_sino 
     Gelman-Rubin:    14     1.039686 d_mean_long 
     Gelman-Rubin:    15     1.031219 activity_Prot 
     Gelman-Rubin:    16     1.044643 activity_Pdec 
     Gelman-Rubin:    17     1.036663 activity_Oamp 

****************************************************************************************************

Plotting the common models corner plots
     Common model:  b
     Common model:  c
     Common model:  d
     Common model:  activity
     Common model:  star_parameters

****************************************************************************************************

Plotting the dataset + models corner plots 

     Dataset:  RVdata     model:  gp_multidimensional  corner plot  starting 
     Dataset:  RVdata     model:  gp_multidimensional  corner plot  done 
     Dataset:  RVdata     model:  radial_velocities_b  corner plot  starting 
     Dataset:  RVdata     model:  radial_velocities_b  corner plot  done 
     Dataset:  RVdata     model:  radial_velocities_c  corner plot  starting 
     Dataset:  RVdata     model:  radial_velocities_c  corner plot  done 
     Dataset:  RVdata     model:  radial_velocities_d  corner plot  starting 
     Dataset:  RVdata     model:  radial_velocities_d  corner plot  done 
     Dataset:  BISdata     model:  gp_multidimensional  corner plot  starting 
     Dataset:  BISdata     model:  gp_multidimensional  corner plot  done 
     Dataset:  CaIIdata     model:  gp_multidimensional  corner plot  starting 
     Dataset:  CaIIdata     model:  gp_multidimensional  corner plot  done 
     Dataset:  Contrastdata     model:  gp_multidimensional  corner plot  starting 
     Dataset:  Contrastdata     model:  gp_multidimensional  corner plot  done 
     Dataset:  FWHMdata     model:  gp_multidimensional  corner plot  starting 
     Dataset:  FWHMdata     model:  gp_multidimensional  corner plot  done 
     Dataset:  Halphadata     model:  gp_multidimensional  corner plot  starting 
     Dataset:  Halphadata     model:  gp_multidimensional  corner plot  done 

****************************************************************************************************

 Saving the planet parameter samplings to files (with plots)

****************************************************************************************************

 Saving all the parameter samplings to files (with plots)

****************************************************************************************************

 Computing the models for plot/data writing 
     Splitting the plot array to allow GP prediction of extended datasets, it may take a while...
     # 64 chunks of 100 times each
     Check the documentation if the code is taking too long or if it crashes...
     Splitting the plot array to allow GP prediction of extended datasets, it may take a while...
     # 39 chunks of 100 times each
     Check the documentation if the code is taking too long or if it crashes...
     Splitting the plot array to allow GP prediction of extended datasets, it may take a while...
     # 39 chunks of 100 times each
     Check the documentation if the code is taking too long or if it crashes...
     Splitting the plot array to allow GP prediction of extended datasets, it may take a while...
     # 39 chunks of 100 times each
     Check the documentation if the code is taking too long or if it crashes...
     Splitting the plot array to allow GP prediction of extended datasets, it may take a while...
     # 39 chunks of 100 times each
     Check the documentation if the code is taking too long or if it crashes...
     Splitting the plot array to allow GP prediction of extended datasets, it may take a while...
     # 39 chunks of 100 times each
     Check the documentation if the code is taking too long or if it crashes...
     Splitting the plot array to allow GP prediction of extended datasets, it may take a while...
     # 64 chunks of 100 times each
     Check the documentation if the code is taking too long or if it crashes...
     Splitting the plot array to allow GP prediction of extended datasets, it may take a while...
     # 39 chunks of 100 times each
     Check the documentation if the code is taking too long or if it crashes...
     Splitting the plot array to allow GP prediction of extended datasets, it may take a while...
     # 39 chunks of 100 times each
     Check the documentation if the code is taking too long or if it crashes...
     Splitting the plot array to allow GP prediction of extended datasets, it may take a while...
     # 39 chunks of 100 times each
     Check the documentation if the code is taking too long or if it crashes...
     Splitting the plot array to allow GP prediction of extended datasets, it may take a while...
     # 39 chunks of 100 times each
     Check the documentation if the code is taking too long or if it crashes...
     Splitting the plot array to allow GP prediction of extended datasets, it may take a while...
     # 39 chunks of 100 times each
     Check the documentation if the code is taking too long or if it crashes...
     Splitting the plot array to allow GP prediction of extended datasets, it may take a while...
     # 64 chunks of 100 times each
     Check the documentation if the code is taking too long or if it crashes...
     Splitting the plot array to allow GP prediction of extended datasets, it may take a while...
     # 39 chunks of 100 times each
     Check the documentation if the code is taking too long or if it crashes...
     Splitting the plot array to allow GP prediction of extended datasets, it may take a while...
     # 39 chunks of 100 times each
     Check the documentation if the code is taking too long or if it crashes...
     Splitting the plot array to allow GP prediction of extended datasets, it may take a while...
     # 39 chunks of 100 times each
     Check the documentation if the code is taking too long or if it crashes...
     Splitting the plot array to allow GP prediction of extended datasets, it may take a while...
     # 39 chunks of 100 times each
     Check the documentation if the code is taking too long or if it crashes...
     Splitting the plot array to allow GP prediction of extended datasets, it may take a while...
     # 39 chunks of 100 times each
     Check the documentation if the code is taking too long or if it crashes...
 Writing the plots 
 Writing the   data files 
 Writing the  MAP_ data files 
 Writing the  sampleMED_ data files 

****************************************************************************************************

