# time Tc_folded Tref_folded model model_err 
59318.211098 0.000000 0.000000    -6.029150     1.229950 
59318.222326 0.000000 0.000000    -6.020262     1.229736 
59318.233554 0.000000 0.000000    -6.011379     1.229521 
59318.244782 0.000000 0.000000    -6.002501     1.229305 
59318.256009 0.000000 0.000000    -5.993629     1.229090 
59318.267237 0.000000 0.000000    -5.984762     1.228874 
59318.278465 0.000000 0.000000    -5.975900     1.228658 
59318.289693 0.000000 0.000000    -5.967044     1.228442 
59318.300921 0.000000 0.000000    -5.958193     1.228225 
59318.312149 0.000000 0.000000    -5.949347     1.228008 
59318.323377 0.000000 0.000000    -5.940507     1.227790 
59318.334605 0.000000 0.000000    -5.931673     1.227573 
59318.345832 0.000000 0.000000    -5.922843     1.227355 
59318.357060 0.000000 0.000000    -5.914020     1.227137 
59318.368288 0.000000 0.000000    -5.905202     1.226918 
59318.379516 0.000000 0.000000    -5.896390     1.226699 
59318.390744 0.000000 0.000000    -5.887583     1.226480 
59318.401972 0.000000 0.000000    -5.878783     1.226261 
59318.413200 0.000000 0.000000    -5.869988     1.226041 
59318.424428 0.000000 0.000000    -5.861199     1.225821 
59318.435655 0.000000 0.000000    -5.852415     1.225601 
59318.446883 0.000000 0.000000    -5.843638     1.225380 
59318.458111 0.000000 0.000000    -5.834866     1.225159 
59318.469339 0.000000 0.000000    -5.826101     1.224938 
59318.480567 0.000000 0.000000    -5.817341     1.224716 
59318.491795 0.000000 0.000000    -5.808588     1.224495 
59318.503023 0.000000 0.000000    -5.799841     1.224273 
59318.514251 0.000000 0.000000    -5.791100     1.224050 
59318.525478 0.000000 0.000000    -5.782365     1.223828 
59318.536706 0.000000 0.000000    -5.773636     1.223605 
59318.547934 0.000000 0.000000    -5.764913     1.223381 
59318.559162 0.000000 0.000000    -5.756197     1.223158 
59318.570390 0.000000 0.000000    -5.747487     1.222934 
59318.581618 0.000000 0.000000    -5.738783     1.222710 
59318.592846 0.000000 0.000000    -5.730086     1.222486 
59318.604073 0.000000 0.000000    -5.721395     1.222261 
59318.615301 0.000000 0.000000    -5.712711     1.222036 
59318.626529 0.000000 0.000000    -5.704033     1.221811 
59318.637757 0.000000 0.000000    -5.695362     1.221585 
59318.648985 0.000000 0.000000    -5.686697     1.221359 
59318.660213 0.000000 0.000000    -5.678039     1.221133 
59318.671441 0.000000 0.000000    -5.669388     1.220907 
59318.682669 0.000000 0.000000    -5.660743     1.220680 
59318.693896 0.000000 0.000000    -5.652105     1.220453 
59318.705124 0.000000 0.000000    -5.643474     1.220226 
59318.716352 0.000000 0.000000    -5.634850     1.219998 
59318.727580 0.000000 0.000000    -5.626232     1.219770 
59318.738808 0.000000 0.000000    -5.617621     1.219542 
59318.750036 0.000000 0.000000    -5.609018     1.219313 
59318.761264 0.000000 0.000000    -5.600421     1.219085 
59318.772492 0.000000 0.000000    -5.591831     1.218856 
59318.783719 0.000000 0.000000    -5.583248     1.218626 
59318.794947 0.000000 0.000000    -5.574673     1.218397 
59318.806175 0.000000 0.000000    -5.566104     1.218167 
59318.817403 0.000000 0.000000    -5.557543     1.217937 
59318.828631 0.000000 0.000000    -5.548989     1.217706 
59318.839859 0.000000 0.000000    -5.540442     1.217476 
59318.851087 0.000000 0.000000    -5.531902     1.217245 
59318.862314 0.000000 0.000000    -5.523369     1.217013 
59318.873542 0.000000 0.000000    -5.514844     1.216782 
59318.884770 0.000000 0.000000    -5.506326     1.216550 
59318.895998 0.000000 0.000000    -5.497816     1.216318 
59318.907226 0.000000 0.000000    -5.489313     1.216085 
59318.918454 0.000000 0.000000    -5.480818     1.215853 
59318.929682 0.000000 0.000000    -5.472330     1.215620 
59318.940910 0.000000 0.000000    -5.463849     1.215386 
59318.952137 0.000000 0.000000    -5.455376     1.215153 
59318.963365 0.000000 0.000000    -5.446911     1.214919 
59318.974593 0.000000 0.000000    -5.438454     1.214685 
59318.985821 0.000000 0.000000    -5.430004     1.214451 
59318.997049 0.000000 0.000000    -5.421561     1.214216 
59319.008277 0.000000 0.000000    -5.413127     1.213981 
59319.019505 0.000000 0.000000    -5.404700     1.213746 
59319.030733 0.000000 0.000000    -5.396282     1.213510 
59319.041960 0.000000 0.000000    -5.387871     1.213274 
59319.053188 0.000000 0.000000    -5.379468     1.213038 
59319.064416 0.000000 0.000000    -5.371072     1.212802 
59319.075644 0.000000 0.000000    -5.362685     1.212565 
59319.086872 0.000000 0.000000    -5.354306     1.212328 
59319.098100 0.000000 0.000000    -5.345935     1.212091 
59319.109328 0.000000 0.000000    -5.337572     1.211854 
59319.120556 0.000000 0.000000    -5.329217     1.211616 
59319.131783 0.000000 0.000000    -5.320870     1.211378 
59319.143011 0.000000 0.000000    -5.312532     1.211140 
59319.154239 0.000000 0.000000    -5.304201     1.210901 
59319.165467 0.000000 0.000000    -5.295879     1.210662 
59319.176695 0.000000 0.000000    -5.287565     1.210423 
59319.187923 0.000000 0.000000    -5.279259     1.210184 
59319.199151 0.000000 0.000000    -5.270962     1.209944 
59319.210378 0.000000 0.000000    -5.262673     1.209704 
59319.221606 0.000000 0.000000    -5.254393     1.209464 
59319.232834 0.000000 0.000000    -5.246121     1.209223 
59319.244062 0.000000 0.000000    -5.237857     1.208982 
59319.255290 0.000000 0.000000    -5.229602     1.208741 
59319.266518 0.000000 0.000000    -5.221356     1.208500 
59319.277746 0.000000 0.000000    -5.213118     1.208258 
59319.288974 0.000000 0.000000    -5.204889     1.208017 
59319.300201 0.000000 0.000000    -5.196668     1.207774 
59319.311429 0.000000 0.000000    -5.188456     1.207532 
59319.322657 0.000000 0.000000    -5.180253     1.207289 
59319.333885 0.000000 0.000000    -5.172059     1.207046 
59319.345113 0.000000 0.000000    -5.163873     1.206803 
59319.356341 0.000000 0.000000    -5.155696     1.206559 
59319.367569 0.000000 0.000000    -5.147528     1.206316 
59319.378797 0.000000 0.000000    -5.139369     1.206072 
59319.390024 0.000000 0.000000    -5.131219     1.205827 
59319.401252 0.000000 0.000000    -5.123077     1.205583 
59319.412480 0.000000 0.000000    -5.114945     1.205338 
59319.423708 0.000000 0.000000    -5.106822     1.205092 
59319.434936 0.000000 0.000000    -5.098708     1.204847 
59319.446164 0.000000 0.000000    -5.090602     1.204601 
59319.457392 0.000000 0.000000    -5.082506     1.204355 
59319.468620 0.000000 0.000000    -5.074419     1.204109 
59319.479847 0.000000 0.000000    -5.066342     1.203862 
59319.491075 0.000000 0.000000    -5.058273     1.203616 
59319.502303 0.000000 0.000000    -5.050214     1.203369 
59319.513531 0.000000 0.000000    -5.042164     1.203121 
59319.524759 0.000000 0.000000    -5.034123     1.202874 
59319.535987 0.000000 0.000000    -5.026092     1.202626 
59319.547215 0.000000 0.000000    -5.018070     1.202377 
59319.558442 0.000000 0.000000    -5.010057     1.202129 
59319.569670 0.000000 0.000000    -5.002054     1.201880 
59319.580898 0.000000 0.000000    -4.994060     1.201631 
59319.592126 0.000000 0.000000    -4.986076     1.201382 
59319.603354 0.000000 0.000000    -4.978101     1.201132 
59319.614582 0.000000 0.000000    -4.970136     1.200883 
59319.625810 0.000000 0.000000    -4.962180     1.200633 
59319.637038 0.000000 0.000000    -4.954234     1.200382 
59319.648265 0.000000 0.000000    -4.946298     1.200132 
59319.659493 0.000000 0.000000    -4.938371     1.199881 
59319.670721 0.000000 0.000000    -4.930454     1.199629 
59319.681949 0.000000 0.000000    -4.922547     1.199378 
59319.693177 0.000000 0.000000    -4.914649     1.199126 
59319.704405 0.000000 0.000000    -4.906762     1.198874 
59319.715633 0.000000 0.000000    -4.898884     1.198622 
59319.726861 0.000000 0.000000    -4.891016     1.198370 
59319.738088 0.000000 0.000000    -4.883158     1.198117 
59319.749316 0.000000 0.000000    -4.875310     1.197864 
59319.760544 0.000000 0.000000    -4.867471     1.197610 
59319.771772 0.000000 0.000000    -4.859643     1.197357 
59319.783000 0.000000 0.000000    -4.851825     1.197103 
59319.794228 0.000000 0.000000    -4.844017     1.196849 
59319.805456 0.000000 0.000000    -4.836218     1.196594 
59319.816684 0.000000 0.000000    -4.828430     1.196340 
59319.827911 0.000000 0.000000    -4.820652     1.196085 
59319.839139 0.000000 0.000000    -4.812885     1.195829 
59319.850367 0.000000 0.000000    -4.805127     1.195574 
59319.861595 0.000000 0.000000    -4.797379     1.195318 
59319.872823 0.000000 0.000000    -4.789642     1.195062 
59319.884051 0.000000 0.000000    -4.781915     1.194806 
59319.895279 0.000000 0.000000    -4.774199     1.194549 
59319.906506 0.000000 0.000000    -4.766493     1.194292 
59319.917734 0.000000 0.000000    -4.758797     1.194035 
59319.928962 0.000000 0.000000    -4.751111     1.193778 
59319.940190 0.000000 0.000000    -4.743436     1.193520 
59319.951418 0.000000 0.000000    -4.735771     1.193262 
59319.962646 0.000000 0.000000    -4.728117     1.193004 
59319.973874 0.000000 0.000000    -4.720473     1.192745 
59319.985102 0.000000 0.000000    -4.712840     1.192487 
59319.996329 0.000000 0.000000    -4.705217     1.192228 
59320.007557 0.000000 0.000000    -4.697605     1.191968 
59320.018785 0.000000 0.000000    -4.690004     1.191709 
59320.030013 0.000000 0.000000    -4.682413     1.191449 
59320.041241 0.000000 0.000000    -4.674833     1.191189 
59320.052469 0.000000 0.000000    -4.667263     1.190928 
59320.063697 0.000000 0.000000    -4.659705     1.190668 
59320.074925 0.000000 0.000000    -4.652157     1.190407 
59320.086152 0.000000 0.000000    -4.644619     1.190145 
59320.097380 0.000000 0.000000    -4.637093     1.189884 
59320.108608 0.000000 0.000000    -4.629577     1.189622 
59320.119836 0.000000 0.000000    -4.622073     1.189360 
59320.131064 0.000000 0.000000    -4.614579     1.189098 
59320.142292 0.000000 0.000000    -4.607096     1.188835 
59320.153520 0.000000 0.000000    -4.599624     1.188572 
59320.164747 0.000000 0.000000    -4.592163     1.188309 
59320.175975 0.000000 0.000000    -4.584713     1.188046 
59320.187203 0.000000 0.000000    -4.577274     1.187782 
59320.198431 0.000000 0.000000    -4.569846     1.187518 
59320.209659 0.000000 0.000000    -4.562429     1.187254 
59320.220887 0.000000 0.000000    -4.555023     1.186990 
59320.232115 0.000000 0.000000    -4.547628     1.186725 
59320.243343 0.000000 0.000000    -4.540244     1.186460 
59320.254570 0.000000 0.000000    -4.532872     1.186195 
59320.265798 0.000000 0.000000    -4.525511     1.185929 
59320.277026 0.000000 0.000000    -4.518161     1.185663 
59320.288254 0.000000 0.000000    -4.510822     1.185397 
59320.299482 0.000000 0.000000    -4.503494     1.185131 
59320.310710 0.000000 0.000000    -4.496178     1.184864 
59320.321938 0.000000 0.000000    -4.488873     1.184597 
59320.333166 0.000000 0.000000    -4.481580     1.184330 
59320.344393 0.000000 0.000000    -4.474297     1.184062 
59320.355621 0.000000 0.000000    -4.467027     1.183795 
59320.366849 0.000000 0.000000    -4.459767     1.183526 
59320.378077 0.000000 0.000000    -4.452519     1.183258 
59320.389305 0.000000 0.000000    -4.445283     1.182990 
59320.400533 0.000000 0.000000    -4.438058     1.182721 
59320.411761 0.000000 0.000000    -4.430844     1.182452 
59320.422989 0.000000 0.000000    -4.423643     1.182182 
59320.434216 0.000000 0.000000    -4.416452     1.181912 
59320.445444 0.000000 0.000000    -4.409274     1.181642 
59320.456672 0.000000 0.000000    -4.402106     1.181372 
59320.467900 0.000000 0.000000    -4.394951     1.181102 
59320.479128 0.000000 0.000000    -4.387807     1.180831 
59320.490356 0.000000 0.000000    -4.380675     1.180560 
59320.501584 0.000000 0.000000    -4.373555     1.180288 
59320.512811 0.000000 0.000000    -4.366446     1.180017 
59320.524039 0.000000 0.000000    -4.359349     1.179745 
59320.535267 0.000000 0.000000    -4.352264     1.179473 
59320.546495 0.000000 0.000000    -4.345191     1.179200 
59320.557723 0.000000 0.000000    -4.338129     1.178927 
59320.568951 0.000000 0.000000    -4.331079     1.178654 
59320.580179 0.000000 0.000000    -4.324042     1.178381 
59320.591407 0.000000 0.000000    -4.317016     1.178107 
59320.602634 0.000000 0.000000    -4.310002     1.177833 
59320.613862 0.000000 0.000000    -4.303000     1.177559 
59320.625090 0.000000 0.000000    -4.296010     1.177285 
59320.636318 0.000000 0.000000    -4.289032     1.177010 
59320.647546 0.000000 0.000000    -4.282065     1.176735 
59320.658774 0.000000 0.000000    -4.275111     1.176460 
59320.670002 0.000000 0.000000    -4.268169     1.176184 
59320.681230 0.000000 0.000000    -4.261240     1.175908 
59320.692457 0.000000 0.000000    -4.254322     1.175632 
59320.703685 0.000000 0.000000    -4.247416     1.175356 
59320.714913 0.000000 0.000000    -4.240522     1.175079 
59320.726141 0.000000 0.000000    -4.233641     1.174802 
59320.737369 0.000000 0.000000    -4.226772     1.174525 
59320.748597 0.000000 0.000000    -4.219915     1.174247 
59320.759825 0.000000 0.000000    -4.213070     1.173969 
59320.771053 0.000000 0.000000    -4.206237     1.173691 
59320.782280 0.000000 0.000000    -4.199417     1.173413 
59320.793508 0.000000 0.000000    -4.192609     1.173134 
59320.804736 0.000000 0.000000    -4.185814     1.172855 
59320.815964 0.000000 0.000000    -4.179030     1.172576 
59320.827192 0.000000 0.000000    -4.172259     1.172296 
59320.838420 0.000000 0.000000    -4.165501     1.172016 
59320.849648 0.000000 0.000000    -4.158754     1.171736 
59320.860875 0.000000 0.000000    -4.152021     1.171456 
59320.872103 0.000000 0.000000    -4.145299     1.171175 
59320.883331 0.000000 0.000000    -4.138590     1.170894 
59320.894559 0.000000 0.000000    -4.131894     1.170613 
59320.905787 0.000000 0.000000    -4.125210     1.170331 
59320.917015 0.000000 0.000000    -4.118538     1.170049 
59320.928243 0.000000 0.000000    -4.111880     1.169767 
59320.939471 0.000000 0.000000    -4.105233     1.169485 
59320.950698 0.000000 0.000000    -4.098599     1.169202 
59320.961926 0.000000 0.000000    -4.091978     1.168919 
59320.973154 0.000000 0.000000    -4.085370     1.168635 
59320.984382 0.000000 0.000000    -4.078774     1.168352 
59320.995610 0.000000 0.000000    -4.072190     1.168068 
59321.006838 0.000000 0.000000    -4.065620     1.167784 
59321.018066 0.000000 0.000000    -4.059062     1.167499 
59321.029294 0.000000 0.000000    -4.052517     1.167214 
59321.040521 0.000000 0.000000    -4.045984     1.166929 
59321.051749 0.000000 0.000000    -4.039464     1.166644 
59321.062977 0.000000 0.000000    -4.032957     1.166358 
59321.074205 0.000000 0.000000    -4.026463     1.166072 
59321.085433 0.000000 0.000000    -4.019982     1.165786 
59321.096661 0.000000 0.000000    -4.013513     1.165499 
59321.107889 0.000000 0.000000    -4.007057     1.165212 
59321.119117 0.000000 0.000000    -4.000614     1.164925 
59321.130344 0.000000 0.000000    -3.994184     1.164638 
59321.141572 0.000000 0.000000    -3.987767     1.164350 
59321.152800 0.000000 0.000000    -3.981363     1.164062 
59321.164028 0.000000 0.000000    -3.974972     1.163773 
59321.175256 0.000000 0.000000    -3.968593     1.163485 
59321.186484 0.000000 0.000000    -3.962228     1.163196 
59321.197712 0.000000 0.000000    -3.955875     1.162906 
59321.208939 0.000000 0.000000    -3.949536     1.162617 
59321.220167 0.000000 0.000000    -3.943209     1.162327 
59321.231395 0.000000 0.000000    -3.936896     1.162037 
59321.242623 0.000000 0.000000    -3.930596     1.161746 
59321.253851 0.000000 0.000000    -3.924308     1.161455 
59321.265079 0.000000 0.000000    -3.918034     1.161164 
59321.276307 0.000000 0.000000    -3.911773     1.160873 
59321.287535 0.000000 0.000000    -3.905525     1.160581 
59321.298762 0.000000 0.000000    -3.899290     1.160289 
59321.309990 0.000000 0.000000    -3.893068     1.159996 
59321.321218 0.000000 0.000000    -3.886860     1.159704 
59321.332446 0.000000 0.000000    -3.880664     1.159411 
59321.343674 0.000000 0.000000    -3.874482     1.159117 
59321.354902 0.000000 0.000000    -3.868313     1.158824 
59321.366130 0.000000 0.000000    -3.862157     1.158530 
59321.377358 0.000000 0.000000    -3.856014     1.158236 
59321.388585 0.000000 0.000000    -3.849885     1.157941 
59321.399813 0.000000 0.000000    -3.843769     1.157646 
59321.411041 0.000000 0.000000    -3.837666     1.157351 
59321.422269 0.000000 0.000000    -3.831577     1.157056 
59321.433497 0.000000 0.000000    -3.825501     1.156760 
59321.444725 0.000000 0.000000    -3.819438     1.156464 
59321.455953 0.000000 0.000000    -3.813389     1.156167 
59321.467180 0.000000 0.000000    -3.807352     1.155870 
59321.478408 0.000000 0.000000    -3.801330     1.155573 
59321.489636 0.000000 0.000000    -3.795320     1.155276 
59321.500864 0.000000 0.000000    -3.789324     1.154978 
59321.512092 0.000000 0.000000    -3.783342     1.154680 
59321.523320 0.000000 0.000000    -3.777373     1.154382 
59321.534548 0.000000 0.000000    -3.771417     1.154083 
59321.545776 0.000000 0.000000    -3.765475     1.153784 
59321.557003 0.000000 0.000000    -3.759546     1.153485 
59321.568231 0.000000 0.000000    -3.753631     1.153185 
59321.579459 0.000000 0.000000    -3.747729     1.152885 
59321.590687 0.000000 0.000000    -3.741841     1.152585 
59321.601915 0.000000 0.000000    -3.735967     1.152284 
59321.613143 0.000000 0.000000    -3.730106     1.151983 
59321.624371 0.000000 0.000000    -3.724258     1.151682 
59321.635599 0.000000 0.000000    -3.718424     1.151381 
59321.646826 0.000000 0.000000    -3.712604     1.151079 
59321.658054 0.000000 0.000000    -3.706797     1.150776 
59321.669282 0.000000 0.000000    -3.701004     1.150474 
59321.680510 0.000000 0.000000    -3.695224     1.150171 
59321.691738 0.000000 0.000000    -3.689458     1.149868 
59321.702966 0.000000 0.000000    -3.683706     1.149564 
59321.714194 0.000000 0.000000    -3.677967     1.149260 
59321.725422 0.000000 0.000000    -3.672242     1.148956 
59321.736649 0.000000 0.000000    -3.666531     1.148651 
59321.747877 0.000000 0.000000    -3.660833     1.148346 
59321.759105 0.000000 0.000000    -3.655150     1.148041 
59321.770333 0.000000 0.000000    -3.649479     1.147735 
59321.781561 0.000000 0.000000    -3.643823     1.147429 
59321.792789 0.000000 0.000000    -3.638180     1.147123 
59321.804017 0.000000 0.000000    -3.632552     1.146816 
59321.815244 0.000000 0.000000    -3.626936     1.146509 
59321.826472 0.000000 0.000000    -3.621335     1.146202 
59321.837700 0.000000 0.000000    -3.615748     1.145894 
59321.848928 0.000000 0.000000    -3.610174     1.145586 
59321.860156 0.000000 0.000000    -3.604614     1.145278 
59321.871384 0.000000 0.000000    -3.599068     1.144969 
59321.882612 0.000000 0.000000    -3.593535     1.144660 
59321.893840 0.000000 0.000000    -3.588017     1.144351 
59321.905067 0.000000 0.000000    -3.582512     1.144041 
59321.916295 0.000000 0.000000    -3.577022     1.143731 
59321.927523 0.000000 0.000000    -3.571545     1.143421 
59321.938751 0.000000 0.000000    -3.566082     1.143110 
59321.949979 0.000000 0.000000    -3.560633     1.142799 
59321.961207 0.000000 0.000000    -3.555198     1.142487 
59321.972435 0.000000 0.000000    -3.549777     1.142175 
59321.983663 0.000000 0.000000    -3.544369     1.141863 
59321.994890 0.000000 0.000000    -3.538976     1.141551 
59322.006118 0.000000 0.000000    -3.533597     1.141238 
59322.017346 0.000000 0.000000    -3.528231     1.140925 
59322.028574 0.000000 0.000000    -3.522880     1.140611 
59322.039802 0.000000 0.000000    -3.517542     1.140297 
59322.051030 0.000000 0.000000    -3.512219     1.139983 
59322.062258 0.000000 0.000000    -3.506909     1.139668 
59322.073486 0.000000 0.000000    -3.501614     1.139353 
59322.084713 0.000000 0.000000    -3.496333     1.139037 
59322.095941 0.000000 0.000000    -3.491065     1.138722 
59322.107169 0.000000 0.000000    -3.485812     1.138405 
59322.118397 0.000000 0.000000    -3.480572     1.138089 
59322.129625 0.000000 0.000000    -3.475347     1.137772 
59322.140853 0.000000 0.000000    -3.470136     1.137455 
59322.152081 0.000000 0.000000    -3.464939     1.137137 
59322.163308 0.000000 0.000000    -3.459756     1.136819 
59322.174536 0.000000 0.000000    -3.454587     1.136501 
59322.185764 0.000000 0.000000    -3.449432     1.136182 
59322.196992 0.000000 0.000000    -3.444291     1.135863 
59322.208220 0.000000 0.000000    -3.439164     1.135543 
59322.219448 0.000000 0.000000    -3.434052     1.135224 
59322.230676 0.000000 0.000000    -3.428953     1.134903 
59322.241904 0.000000 0.000000    -3.423869     1.134583 
59322.253131 0.000000 0.000000    -3.418799     1.134262 
59322.264359 0.000000 0.000000    -3.413743     1.133940 
59322.275587 0.000000 0.000000    -3.408701     1.133619 
59322.286815 0.000000 0.000000    -3.403674     1.133297 
59322.298043 0.000000 0.000000    -3.398660     1.132974 
59322.309271 0.000000 0.000000    -3.393661     1.132651 
59322.320499 0.000000 0.000000    -3.388676     1.132328 
59322.331727 0.000000 0.000000    -3.383705     1.132004 
59322.342954 0.000000 0.000000    -3.378748     1.131680 
59322.354182 0.000000 0.000000    -3.373805     1.131356 
59322.365410 0.000000 0.000000    -3.368877     1.131031 
59322.376638 0.000000 0.000000    -3.363963     1.130706 
59322.387866 0.000000 0.000000    -3.359063     1.130380 
59322.399094 0.000000 0.000000    -3.354178     1.130054 
59322.410322 0.000000 0.000000    -3.349306     1.129728 
59322.421550 0.000000 0.000000    -3.344449     1.129401 
59322.432777 0.000000 0.000000    -3.339606     1.129074 
59322.444005 0.000000 0.000000    -3.334778     1.128746 
59322.455233 0.000000 0.000000    -3.329963     1.128418 
59322.466461 0.000000 0.000000    -3.325163     1.128090 
59322.477689 0.000000 0.000000    -3.320377     1.127761 
59322.488917 0.000000 0.000000    -3.315606     1.127432 
59322.500145 0.000000 0.000000    -3.310849     1.127102 
59322.511372 0.000000 0.000000    -3.306106     1.126772 
59322.522600 0.000000 0.000000    -3.301377     1.126442 
59322.533828 0.000000 0.000000    -3.296663     1.126111 
59322.545056 0.000000 0.000000    -3.291963     1.125780 
59322.556284 0.000000 0.000000    -3.287277     1.125448 
59322.567512 0.000000 0.000000    -3.282606     1.125116 
59322.578740 0.000000 0.000000    -3.277949     1.124784 
59322.589968 0.000000 0.000000    -3.273306     1.124451 
59322.601195 0.000000 0.000000    -3.268677     1.124118 
59322.612423 0.000000 0.000000    -3.264063     1.123784 
59322.623651 0.000000 0.000000    -3.259464     1.123450 
59322.634879 0.000000 0.000000    -3.254878     1.123116 
59322.646107 0.000000 0.000000    -3.250307     1.122781 
59322.657335 0.000000 0.000000    -3.245750     1.122445 
59322.668563 0.000000 0.000000    -3.241208     1.122110 
59322.679791 0.000000 0.000000    -3.236680     1.121773 
59322.691018 0.000000 0.000000    -3.232167     1.121437 
59322.702246 0.000000 0.000000    -3.227667     1.121100 
59322.713474 0.000000 0.000000    -3.223183     1.120762 
59322.724702 0.000000 0.000000    -3.218712     1.120425 
59322.735930 0.000000 0.000000    -3.214256     1.120086 
59322.747158 0.000000 0.000000    -3.209814     1.119748 
59322.758386 0.000000 0.000000    -3.205387     1.119409 
59322.769613 0.000000 0.000000    -3.200974     1.119069 
59322.780841 0.000000 0.000000    -3.196575     1.118729 
59322.792069 0.000000 0.000000    -3.192191     1.118389 
59322.803297 0.000000 0.000000    -3.187822     1.118048 
59322.814525 0.000000 0.000000    -3.183466     1.117706 
59322.825753 0.000000 0.000000    -3.179125     1.117365 
59322.836981 0.000000 0.000000    -3.174799     1.117022 
59322.848209 0.000000 0.000000    -3.170487     1.116680 
59322.859436 0.000000 0.000000    -3.166189     1.116337 
59322.870664 0.000000 0.000000    -3.161906     1.115993 
59322.881892 0.000000 0.000000    -3.157637     1.115649 
59322.893120 0.000000 0.000000    -3.153382     1.115305 
59322.904348 0.000000 0.000000    -3.149142     1.114960 
59322.915576 0.000000 0.000000    -3.144917     1.114615 
59322.926804 0.000000 0.000000    -3.140706     1.114269 
59322.938032 0.000000 0.000000    -3.136509     1.113923 
59322.949259 0.000000 0.000000    -3.132327     1.113576 
59322.960487 0.000000 0.000000    -3.128159     1.113229 
59322.971715 0.000000 0.000000    -3.124005     1.112882 
59322.982943 0.000000 0.000000    -3.119866     1.112534 
59322.994171 0.000000 0.000000    -3.115742     1.112185 
59323.005399 0.000000 0.000000    -3.111632     1.111836 
59323.016627 0.000000 0.000000    -3.107536     1.111487 
59323.027855 0.000000 0.000000    -3.103455     1.111137 
59323.039082 0.000000 0.000000    -3.099388     1.110787 
59323.050310 0.000000 0.000000    -3.095335     1.110436 
59323.061538 0.000000 0.000000    -3.091298     1.110085 
59323.072766 0.000000 0.000000    -3.087274     1.109733 
59323.083994 0.000000 0.000000    -3.083265     1.109381 
59323.095222 0.000000 0.000000    -3.079270     1.109029 
59323.106450 0.000000 0.000000    -3.075290     1.108676 
59323.117677 0.000000 0.000000    -3.071325     1.108322 
59323.128905 0.000000 0.000000    -3.067373     1.107968 
59323.140133 0.000000 0.000000    -3.063436     1.107614 
59323.151361 0.000000 0.000000    -3.059514     1.107259 
59323.162589 0.000000 0.000000    -3.055606     1.106903 
59323.173817 0.000000 0.000000    -3.051713     1.106547 
59323.185045 0.000000 0.000000    -3.047834     1.106191 
59323.196273 0.000000 0.000000    -3.043969     1.105834 
59323.207500 0.000000 0.000000    -3.040119     1.105477 
59323.218728 0.000000 0.000000    -3.036283     1.105119 
59323.229956 0.000000 0.000000    -3.032462     1.104760 
59323.241184 0.000000 0.000000    -3.028655     1.104402 
59323.252412 0.000000 0.000000    -3.024863     1.104042 
59323.263640 0.000000 0.000000    -3.021085     1.103683 
59323.274868 0.000000 0.000000    -3.017321     1.103322 
59323.286096 0.000000 0.000000    -3.013572     1.102962 
59323.297323 0.000000 0.000000    -3.009837     1.102600 
59323.308551 0.000000 0.000000    -3.006117     1.102239 
59323.319779 0.000000 0.000000    -3.002411     1.101876 
59323.331007 0.000000 0.000000    -2.998720     1.101514 
59323.342235 0.000000 0.000000    -2.995043     1.101150 
59323.353463 0.000000 0.000000    -2.991381     1.100787 
59323.364691 0.000000 0.000000    -2.987733     1.100422 
59323.375919 0.000000 0.000000    -2.984099     1.100058 
59323.387146 0.000000 0.000000    -2.980480     1.099692 
59323.398374 0.000000 0.000000    -2.976875     1.099327 
59323.409602 0.000000 0.000000    -2.973285     1.098960 
59323.420830 0.000000 0.000000    -2.969709     1.098593 
59323.432058 0.000000 0.000000    -2.966147     1.098226 
59323.443286 0.000000 0.000000    -2.962600     1.097858 
59323.454514 0.000000 0.000000    -2.959068     1.097490 
59323.465741 0.000000 0.000000    -2.955549     1.097121 
59323.476969 0.000000 0.000000    -2.952045     1.096752 
59323.488197 0.000000 0.000000    -2.948556     1.096382 
59323.499425 0.000000 0.000000    -2.945081     1.096012 
59323.510653 0.000000 0.000000    -2.941620     1.095641 
59323.521881 0.000000 0.000000    -2.938174     1.095269 
59323.533109 0.000000 0.000000    -2.934742     1.094897 
59323.544337 0.000000 0.000000    -2.931325     1.094525 
59323.555564 0.000000 0.000000    -2.927922     1.094152 
59323.566792 0.000000 0.000000    -2.924533     1.093778 
59323.578020 0.000000 0.000000    -2.921159     1.093404 
59323.589248 0.000000 0.000000    -2.917799     1.093030 
59323.600476 0.000000 0.000000    -2.914453     1.092655 
59323.611704 0.000000 0.000000    -2.911122     1.092279 
59323.622932 0.000000 0.000000    -2.907805     1.091903 
59323.634160 0.000000 0.000000    -2.904503     1.091526 
59323.645387 0.000000 0.000000    -2.901215     1.091149 
59323.656615 0.000000 0.000000    -2.897941     1.090771 
59323.667843 0.000000 0.000000    -2.894681     1.090393 
59323.679071 0.000000 0.000000    -2.891436     1.090014 
59323.690299 0.000000 0.000000    -2.888206     1.089634 
59323.701527 0.000000 0.000000    -2.884989     1.089255 
59323.712755 0.000000 0.000000    -2.881787     1.088874 
59323.723983 0.000000 0.000000    -2.878600     1.088493 
59323.735210 0.000000 0.000000    -2.875426     1.088111 
59323.746438 0.000000 0.000000    -2.872267     1.087729 
59323.757666 0.000000 0.000000    -2.869123     1.087346 
59323.768894 0.000000 0.000000    -2.865992     1.086963 
59323.780122 0.000000 0.000000    -2.862876     1.086579 
59323.791350 0.000000 0.000000    -2.859774     1.086195 
59323.802578 0.000000 0.000000    -2.856687     1.085810 
59323.813805 0.000000 0.000000    -2.853614     1.085424 
59323.825033 0.000000 0.000000    -2.850555     1.085038 
59323.836261 0.000000 0.000000    -2.847510     1.084652 
59323.847489 0.000000 0.000000    -2.844480     1.084265 
59323.858717 0.000000 0.000000    -2.841464     1.083877 
59323.869945 0.000000 0.000000    -2.838462     1.083488 
59323.881173 0.000000 0.000000    -2.835475     1.083100 
59323.892401 0.000000 0.000000    -2.832501     1.082710 
59323.903628 0.000000 0.000000    -2.829542     1.082320 
59323.914856 0.000000 0.000000    -2.826597     1.081929 
59323.926084 0.000000 0.000000    -2.823667     1.081538 
59323.937312 0.000000 0.000000    -2.820751     1.081146 
59323.948540 0.000000 0.000000    -2.817849     1.080754 
59323.959768 0.000000 0.000000    -2.814961     1.080361 
59323.970996 0.000000 0.000000    -2.812087     1.079968 
59323.982224 0.000000 0.000000    -2.809228     1.079574 
59323.993451 0.000000 0.000000    -2.806383     1.079179 
59324.004679 0.000000 0.000000    -2.803552     1.078784 
59324.015907 0.000000 0.000000    -2.800735     1.078388 
59324.027135 0.000000 0.000000    -2.797932     1.077991 
59324.038363 0.000000 0.000000    -2.795144     1.077594 
59324.049591 0.000000 0.000000    -2.792369     1.077197 
59324.060819 0.000000 0.000000    -2.789609     1.076798 
59324.072046 0.000000 0.000000    -2.786863     1.076399 
59324.083274 0.000000 0.000000    -2.784132     1.076000 
59324.094502 0.000000 0.000000    -2.781414     1.075600 
59324.105730 0.000000 0.000000    -2.778710     1.075199 
59324.116958 0.000000 0.000000    -2.776021     1.074798 
59324.128186 0.000000 0.000000    -2.773346     1.074396 
59324.139414 0.000000 0.000000    -2.770685     1.073994 
59324.150642 0.000000 0.000000    -2.768038     1.073591 
59324.161869 0.000000 0.000000    -2.765405     1.073187 
59324.173097 0.000000 0.000000    -2.762786     1.072783 
59324.184325 0.000000 0.000000    -2.760181     1.072378 
59324.195553 0.000000 0.000000    -2.757590     1.071973 
59324.206781 0.000000 0.000000    -2.755014     1.071566 
59324.218009 0.000000 0.000000    -2.752451     1.071160 
59324.229237 0.000000 0.000000    -2.749903     1.070752 
59324.240465 0.000000 0.000000    -2.747368     1.070344 
59324.251692 0.000000 0.000000    -2.744848     1.069936 
59324.262920 0.000000 0.000000    -2.742342     1.069527 
59324.274148 0.000000 0.000000    -2.739849     1.069117 
59324.285376 0.000000 0.000000    -2.737371     1.068706 
59324.296604 0.000000 0.000000    -2.734907     1.068295 
59324.307832 0.000000 0.000000    -2.732456     1.067883 
59324.319060 0.000000 0.000000    -2.730020     1.067471 
59324.330288 0.000000 0.000000    -2.727598     1.067058 
59324.341515 0.000000 0.000000    -2.725189     1.066644 
59324.352743 0.000000 0.000000    -2.722795     1.066230 
59324.363971 0.000000 0.000000    -2.720415     1.065815 
59324.375199 0.000000 0.000000    -2.718048     1.065400 
59324.386427 0.000000 0.000000    -2.715696     1.064984 
59324.397655 0.000000 0.000000    -2.713357     1.064567 
59324.408883 0.000000 0.000000    -2.711032     1.064149 
59324.420110 0.000000 0.000000    -2.708721     1.063731 
59324.431338 0.000000 0.000000    -2.706425     1.063313 
59324.442566 0.000000 0.000000    -2.704142     1.062893 
59324.453794 0.000000 0.000000    -2.701873     1.062473 
59324.465022 0.000000 0.000000    -2.699617     1.062052 
59324.476250 0.000000 0.000000    -2.697376     1.061631 
59324.487478 0.000000 0.000000    -2.695149     1.061209 
59324.498706 0.000000 0.000000    -2.692935     1.060786 
59324.509933 0.000000 0.000000    -2.690735     1.060363 
59324.521161 0.000000 0.000000    -2.688549     1.059939 
59324.532389 0.000000 0.000000    -2.686377     1.059514 
59324.543617 0.000000 0.000000    -2.684219     1.059089 
59324.554845 0.000000 0.000000    -2.682074     1.058663 
59324.566073 0.000000 0.000000    -2.679943     1.058237 
59324.577301 0.000000 0.000000    -2.677826     1.057809 
59324.588529 0.000000 0.000000    -2.675723     1.057381 
59324.599756 0.000000 0.000000    -2.673634     1.056953 
59324.610984 0.000000 0.000000    -2.671558     1.056523 
59324.622212 0.000000 0.000000    -2.669496     1.056093 
59324.633440 0.000000 0.000000    -2.667448     1.055663 
59324.644668 0.000000 0.000000    -2.665414     1.055231 
59324.655896 0.000000 0.000000    -2.663393     1.054799 
59324.667124 0.000000 0.000000    -2.661386     1.054367 
59324.678352 0.000000 0.000000    -2.659392     1.053933 
59324.689579 0.000000 0.000000    -2.657413     1.053499 
59324.700807 0.000000 0.000000    -2.655446     1.053065 
59324.712035 0.000000 0.000000    -2.653494     1.052629 
59324.723263 0.000000 0.000000    -2.651555     1.052193 
59324.734491 0.000000 0.000000    -2.649630     1.051756 
59324.745719 0.000000 0.000000    -2.647719     1.051319 
59324.756947 0.000000 0.000000    -2.645821     1.050881 
59324.768174 0.000000 0.000000    -2.643937     1.050442 
59324.779402 0.000000 0.000000    -2.642066     1.050002 
59324.790630 0.000000 0.000000    -2.640209     1.049562 
59324.801858 0.000000 0.000000    -2.638365     1.049121 
59324.813086 0.000000 0.000000    -2.636535     1.048679 
59324.824314 0.000000 0.000000    -2.634719     1.048237 
59324.835542 0.000000 0.000000    -2.632916     1.047794 
59324.846770 0.000000 0.000000    -2.631127     1.047350 
59324.857997 0.000000 0.000000    -2.629351     1.046906 
59324.869225 0.000000 0.000000    -2.627588     1.046460 
59324.880453 0.000000 0.000000    -2.625839     1.046014 
59324.891681 0.000000 0.000000    -2.624104     1.045568 
59324.902909 0.000000 0.000000    -2.622382     1.045121 
59324.914137 0.000000 0.000000    -2.620674     1.044672 
59324.925365 0.000000 0.000000    -2.618978     1.044224 
59324.936593 0.000000 0.000000    -2.617297     1.043774 
59324.947820 0.000000 0.000000    -2.615629     1.043324 
59324.959048 0.000000 0.000000    -2.613974     1.042873 
59324.970276 0.000000 0.000000    -2.612332     1.042422 
59324.981504 0.000000 0.000000    -2.610704     1.041969 
59324.992732 0.000000 0.000000    -2.609090     1.041516 
59325.003960 0.000000 0.000000    -2.607488     1.041062 
59325.015188 0.000000 0.000000    -2.605900     1.040608 
59325.026416 0.000000 0.000000    -2.604326     1.040153 
59325.037643 0.000000 0.000000    -2.602764     1.039697 
59325.048871 0.000000 0.000000    -2.601216     1.039240 
59325.060099 0.000000 0.000000    -2.599682     1.038782 
59325.071327 0.000000 0.000000    -2.598160     1.038324 
59325.082555 0.000000 0.000000    -2.596652     1.037865 
59325.093783 0.000000 0.000000    -2.595157     1.037406 
59325.105011 0.000000 0.000000    -2.593675     1.036945 
59325.116238 0.000000 0.000000    -2.592207     1.036484 
59325.127466 0.000000 0.000000    -2.590752     1.036022 
59325.138694 0.000000 0.000000    -2.589310     1.035560 
59325.149922 0.000000 0.000000    -2.587881     1.035096 
59325.161150 0.000000 0.000000    -2.586465     1.034632 
59325.172378 0.000000 0.000000    -2.585063     1.034167 
59325.183606 0.000000 0.000000    -2.583673     1.033702 
59325.194834 0.000000 0.000000    -2.582297     1.033235 
59325.206061 0.000000 0.000000    -2.580934     1.032768 
59325.217289 0.000000 0.000000    -2.579584     1.032300 
59325.228517 0.000000 0.000000    -2.578247     1.031832 
59325.239745 0.000000 0.000000    -2.576923     1.031362 
59325.250973 0.000000 0.000000    -2.575613     1.030892 
59325.262201 0.000000 0.000000    -2.574315     1.030421 
59325.273429 0.000000 0.000000    -2.573030     1.029950 
59325.284657 0.000000 0.000000    -2.571759     1.029477 
59325.295884 0.000000 0.000000    -2.570500     1.029004 
59325.307112 0.000000 0.000000    -2.569255     1.028530 
59325.318340 0.000000 0.000000    -2.568022     1.028055 
59325.329568 0.000000 0.000000    -2.566802     1.027580 
59325.340796 0.000000 0.000000    -2.565596     1.027103 
59325.352024 0.000000 0.000000    -2.564402     1.026626 
59325.363252 0.000000 0.000000    -2.563221     1.026149 
59325.374479 0.000000 0.000000    -2.562053     1.025670 
59325.385707 0.000000 0.000000    -2.560898     1.025191 
59325.396935 0.000000 0.000000    -2.559756     1.024710 
59325.408163 0.000000 0.000000    -2.558627     1.024230 
59325.419391 0.000000 0.000000    -2.557510     1.023748 
59325.430619 0.000000 0.000000    -2.556407     1.023265 
59325.441847 0.000000 0.000000    -2.555316     1.022782 
59325.453075 0.000000 0.000000    -2.554238     1.022298 
59325.464302 0.000000 0.000000    -2.553173     1.021813 
59325.475530 0.000000 0.000000    -2.552121     1.021328 
59325.486758 0.000000 0.000000    -2.551082     1.020841 
59325.497986 0.000000 0.000000    -2.550055     1.020354 
59325.509214 0.000000 0.000000    -2.549041     1.019866 
59325.520442 0.000000 0.000000    -2.548039     1.019377 
59325.531670 0.000000 0.000000    -2.547051     1.018888 
59325.542898 0.000000 0.000000    -2.546075     1.018397 
59325.554125 0.000000 0.000000    -2.545112     1.017906 
59325.565353 0.000000 0.000000    -2.544161     1.017414 
59325.576581 0.000000 0.000000    -2.543223     1.016921 
59325.587809 0.000000 0.000000    -2.542298     1.016428 
59325.599037 0.000000 0.000000    -2.541386     1.015933 
59325.610265 0.000000 0.000000    -2.540486     1.015438 
59325.621493 0.000000 0.000000    -2.539598     1.014942 
59325.632721 0.000000 0.000000    -2.538723     1.014445 
59325.643948 0.000000 0.000000    -2.537861     1.013948 
59325.655176 0.000000 0.000000    -2.537011     1.013450 
59325.666404 0.000000 0.000000    -2.536174     1.012950 
59325.677632 0.000000 0.000000    -2.535350     1.012450 
59325.688860 0.000000 0.000000    -2.534537     1.011949 
59325.700088 0.000000 0.000000    -2.533738     1.011448 
59325.711316 0.000000 0.000000    -2.532950     1.010945 
59325.722543 0.000000 0.000000    -2.532176     1.010442 
59325.733771 0.000000 0.000000    -2.531413     1.009938 
59325.744999 0.000000 0.000000    -2.530663     1.009433 
59325.756227 0.000000 0.000000    -2.529926     1.008927 
59325.767455 0.000000 0.000000    -2.529201     1.008421 
59325.778683 0.000000 0.000000    -2.528488     1.007913 
59325.789911 0.000000 0.000000    -2.527788     1.007405 
59325.801139 0.000000 0.000000    -2.527100     1.006896 
59325.812366 0.000000 0.000000    -2.526424     1.006386 
59325.823594 0.000000 0.000000    -2.525760     1.005876 
59325.834822 0.000000 0.000000    -2.525109     1.005364 
59325.846050 0.000000 0.000000    -2.524470     1.004852 
59325.857278 0.000000 0.000000    -2.523844     1.004339 
59325.868506 0.000000 0.000000    -2.523230     1.003824 
59325.879734 0.000000 0.000000    -2.522627     1.003310 
59325.890962 0.000000 0.000000    -2.522038     1.002794 
59325.902189 0.000000 0.000000    -2.521460     1.002277 
59325.913417 0.000000 0.000000    -2.520894     1.001760 
59325.924645 0.000000 0.000000    -2.520341     1.001242 
59325.935873 0.000000 0.000000    -2.519800     1.000723 
59325.947101 0.000000 0.000000    -2.519271     1.000203 
59325.958329 0.000000 0.000000    -2.518754     0.999682 
59325.969557 0.000000 0.000000    -2.518249     0.999161 
59325.980785 0.000000 0.000000    -2.517756     0.998638 
59325.992012 0.000000 0.000000    -2.517275     0.998115 
59326.003240 0.000000 0.000000    -2.516807     0.997591 
59326.014468 0.000000 0.000000    -2.516350     0.997066 
59326.025696 0.000000 0.000000    -2.515905     0.996540 
59326.036924 0.000000 0.000000    -2.515473     0.996014 
59326.048152 0.000000 0.000000    -2.515052     0.995486 
59326.059380 0.000000 0.000000    -2.514643     0.994958 
59326.070607 0.000000 0.000000    -2.514246     0.994428 
59326.081835 0.000000 0.000000    -2.513862     0.993898 
59326.093063 0.000000 0.000000    -2.513489     0.993367 
59326.104291 0.000000 0.000000    -2.513128     0.992836 
59326.115519 0.000000 0.000000    -2.512779     0.992303 
59326.126747 0.000000 0.000000    -2.512441     0.991770 
59326.137975 0.000000 0.000000    -2.512116     0.991235 
59326.149203 0.000000 0.000000    -2.511802     0.990700 
59326.160430 0.000000 0.000000    -2.511500     0.990164 
59326.171658 0.000000 0.000000    -2.511210     0.989627 
59326.182886 0.000000 0.000000    -2.510932     0.989089 
59326.194114 0.000000 0.000000    -2.510666     0.988550 
59326.205342 0.000000 0.000000    -2.510411     0.988011 
59326.216570 0.000000 0.000000    -2.510168     0.987470 
59326.227798 0.000000 0.000000    -2.509936     0.986929 
59326.239026 0.000000 0.000000    -2.509717     0.986387 
59326.250253 0.000000 0.000000    -2.509509     0.985844 
59326.261481 0.000000 0.000000    -2.509312     0.985300 
59326.272709 0.000000 0.000000    -2.509128     0.984755 
59326.283937 0.000000 0.000000    -2.508955     0.984210 
59326.295165 0.000000 0.000000    -2.508793     0.983663 
59326.306393 0.000000 0.000000    -2.508643     0.983116 
59326.317621 0.000000 0.000000    -2.508505     0.982567 
59326.328849 0.000000 0.000000    -2.508378     0.982018 
59326.340076 0.000000 0.000000    -2.508263     0.981468 
59326.351304 0.000000 0.000000    -2.508159     0.980917 
59326.362532 0.000000 0.000000    -2.508067     0.980366 
59326.373760 0.000000 0.000000    -2.507986     0.979813 
59326.384988 0.000000 0.000000    -2.507916     0.979259 
59326.396216 0.000000 0.000000    -2.507858     0.978705 
59326.407444 0.000000 0.000000    -2.507812     0.978150 
59326.418671 0.000000 0.000000    -2.507777     0.977593 
59326.429899 0.000000 0.000000    -2.507753     0.977036 
59326.441127 0.000000 0.000000    -2.507741     0.976478 
59326.452355 0.000000 0.000000    -2.507740     0.975919 
59326.463583 0.000000 0.000000    -2.507750     0.975360 
59326.474811 0.000000 0.000000    -2.507771     0.974799 
59326.486039 0.000000 0.000000    -2.507804     0.974237 
59326.497267 0.000000 0.000000    -2.507848     0.973675 
59326.508494 0.000000 0.000000    -2.507904     0.973112 
59326.519722 0.000000 0.000000    -2.507970     0.972547 
59326.530950 0.000000 0.000000    -2.508048     0.971982 
59326.542178 0.000000 0.000000    -2.508137     0.971416 
59326.553406 0.000000 0.000000    -2.508238     0.970849 
59326.564634 0.000000 0.000000    -2.508349     0.970281 
59326.575862 0.000000 0.000000    -2.508471     0.969713 
59326.587090 0.000000 0.000000    -2.508605     0.969143 
59326.598317 0.000000 0.000000    -2.508750     0.968573 
59326.609545 0.000000 0.000000    -2.508906     0.968001 
59326.620773 0.000000 0.000000    -2.509073     0.967429 
59326.632001 0.000000 0.000000    -2.509250     0.966856 
59326.643229 0.000000 0.000000    -2.509439     0.966282 
59326.654457 0.000000 0.000000    -2.509639     0.965707 
59326.665685 0.000000 0.000000    -2.509850     0.965131 
59326.676912 0.000000 0.000000    -2.510072     0.964554 
59326.688140 0.000000 0.000000    -2.510305     0.963976 
59326.699368 0.000000 0.000000    -2.510549     0.963397 
59326.710596 0.000000 0.000000    -2.510804     0.962818 
59326.721824 0.000000 0.000000    -2.511069     0.962237 
59326.733052 0.000000 0.000000    -2.511346     0.961656 
59326.744280 0.000000 0.000000    -2.511633     0.961074 
59326.755508 0.000000 0.000000    -2.511931     0.960491 
59326.766735 0.000000 0.000000    -2.512240     0.959906 
59326.777963 0.000000 0.000000    -2.512560     0.959321 
59326.789191 0.000000 0.000000    -2.512891     0.958736 
59326.800419 0.000000 0.000000    -2.513232     0.958149 
59326.811647 0.000000 0.000000    -2.513584     0.957561 
59326.822875 0.000000 0.000000    -2.513947     0.956972 
59326.834103 0.000000 0.000000    -2.514321     0.956383 
59326.845331 0.000000 0.000000    -2.514705     0.955792 
59326.856558 0.000000 0.000000    -2.515100     0.955201 
59326.867786 0.000000 0.000000    -2.515505     0.954608 
59326.879014 0.000000 0.000000    -2.515921     0.954015 
59326.890242 0.000000 0.000000    -2.516348     0.953421 
59326.901470 0.000000 0.000000    -2.516785     0.952826 
59326.912698 0.000000 0.000000    -2.517233     0.952230 
59326.923926 0.000000 0.000000    -2.517692     0.951633 
59326.935154 0.000000 0.000000    -2.518161     0.951035 
59326.946381 0.000000 0.000000    -2.518640     0.950436 
59326.957609 0.000000 0.000000    -2.519130     0.949837 
59326.968837 0.000000 0.000000    -2.519630     0.949236 
59326.980065 0.000000 0.000000    -2.520141     0.948635 
59326.991293 0.000000 0.000000    -2.520663     0.948032 
59327.002521 0.000000 0.000000    -2.521194     0.947429 
59327.013749 0.000000 0.000000    -2.521736     0.946825 
59327.024976 0.000000 0.000000    -2.522289     0.946219 
59327.036204 0.000000 0.000000    -2.522852     0.945613 
59327.047432 0.000000 0.000000    -2.523425     0.945006 
59327.058660 0.000000 0.000000    -2.524008     0.944398 
59327.069888 0.000000 0.000000    -2.524602     0.943789 
59327.081116 0.000000 0.000000    -2.525206     0.943179 
59327.092344 0.000000 0.000000    -2.525820     0.942569 
59327.103572 0.000000 0.000000    -2.526445     0.941957 
59327.114799 0.000000 0.000000    -2.527079     0.941344 
59327.126027 0.000000 0.000000    -2.527724     0.940731 
59327.137255 0.000000 0.000000    -2.528379     0.940116 
59327.148483 0.000000 0.000000    -2.529045     0.939501 
59327.159711 0.000000 0.000000    -2.529720     0.938885 
59327.170939 0.000000 0.000000    -2.530405     0.938267 
59327.182167 0.000000 0.000000    -2.531101     0.937649 
59327.193395 0.000000 0.000000    -2.531806     0.937030 
59327.204622 0.000000 0.000000    -2.532522     0.936410 
59327.215850 0.000000 0.000000    -2.533248     0.935789 
59327.227078 0.000000 0.000000    -2.533983     0.935167 
59327.238306 0.000000 0.000000    -2.534729     0.934544 
59327.249534 0.000000 0.000000    -2.535485     0.933920 
59327.260762 0.000000 0.000000    -2.536250     0.933296 
59327.271990 0.000000 0.000000    -2.537026     0.932670 
59327.283218 0.000000 0.000000    -2.537811     0.932044 
59327.294445 0.000000 0.000000    -2.538606     0.931416 
59327.305673 0.000000 0.000000    -2.539412     0.930788 
59327.316901 0.000000 0.000000    -2.540227     0.930158 
59327.328129 0.000000 0.000000    -2.541051     0.929528 
59327.339357 0.000000 0.000000    -2.541886     0.928897 
59327.350585 0.000000 0.000000    -2.542731     0.928265 
59327.361813 0.000000 0.000000    -2.543585     0.927631 
59327.373040 0.000000 0.000000    -2.544449     0.926997 
59327.384268 0.000000 0.000000    -2.545322     0.926362 
59327.395496 0.000000 0.000000    -2.546206     0.925726 
59327.406724 0.000000 0.000000    -2.547099     0.925090 
59327.417952 0.000000 0.000000    -2.548001     0.924452 
59327.429180 0.000000 0.000000    -2.548914     0.923813 
59327.440408 0.000000 0.000000    -2.549836     0.923174 
59327.451636 0.000000 0.000000    -2.550767     0.922533 
59327.462863 0.000000 0.000000    -2.551708     0.921891 
59327.474091 0.000000 0.000000    -2.552659     0.921249 
59327.485319 0.000000 0.000000    -2.553619     0.920606 
59327.496547 0.000000 0.000000    -2.554589     0.919961 
59327.507775 0.000000 0.000000    -2.555568     0.919316 
59327.519003 0.000000 0.000000    -2.556557     0.918670 
59327.530231 0.000000 0.000000    -2.557555     0.918023 
59327.541459 0.000000 0.000000    -2.558562     0.917375 
59327.552686 0.000000 0.000000    -2.559579     0.916726 
59327.563914 0.000000 0.000000    -2.560606     0.916076 
59327.575142 0.000000 0.000000    -2.561641     0.915425 
59327.586370 0.000000 0.000000    -2.562686     0.914773 
59327.597598 0.000000 0.000000    -2.563741     0.914120 
59327.608826 0.000000 0.000000    -2.564804     0.913467 
59327.620054 0.000000 0.000000    -2.565877     0.912812 
59327.631282 0.000000 0.000000    -2.566960     0.912157 
59327.642509 0.000000 0.000000    -2.568051     0.911500 
59327.653737 0.000000 0.000000    -2.569152     0.910843 
59327.664965 0.000000 0.000000    -2.570262     0.910184 
59327.676193 0.000000 0.000000    -2.571381     0.909525 
59327.687421 0.000000 0.000000    -2.572509     0.908865 
59327.698649 0.000000 0.000000    -2.573646     0.908204 
59327.709877 0.000000 0.000000    -2.574793     0.907542 
59327.721104 0.000000 0.000000    -2.575948     0.906879 
59327.732332 0.000000 0.000000    -2.577113     0.906215 
59327.743560 0.000000 0.000000    -2.578287     0.905550 
59327.754788 0.000000 0.000000    -2.579469     0.904884 
59327.766016 0.000000 0.000000    -2.580661     0.904217 
59327.777244 0.000000 0.000000    -2.581862     0.903550 
59327.788472 0.000000 0.000000    -2.583071     0.902881 
59327.799700 0.000000 0.000000    -2.584290     0.902211 
59327.810927 0.000000 0.000000    -2.585518     0.901541 
59327.822155 0.000000 0.000000    -2.586754     0.900870 
59327.833383 0.000000 0.000000    -2.587999     0.900197 
59327.844611 0.000000 0.000000    -2.589254     0.899524 
59327.855839 0.000000 0.000000    -2.590517     0.898850 
59327.867067 0.000000 0.000000    -2.591788     0.898175 
59327.878295 0.000000 0.000000    -2.593069     0.897499 
59327.889523 0.000000 0.000000    -2.594358     0.896822 
59327.900750 0.000000 0.000000    -2.595657     0.896144 
59327.911978 0.000000 0.000000    -2.596963     0.895465 
59327.923206 0.000000 0.000000    -2.598279     0.894785 
59327.934434 0.000000 0.000000    -2.599603     0.894104 
59327.945662 0.000000 0.000000    -2.600936     0.893423 
59327.956890 0.000000 0.000000    -2.602278     0.892740 
59327.968118 0.000000 0.000000    -2.603628     0.892057 
59327.979345 0.000000 0.000000    -2.604987     0.891372 
59327.990573 0.000000 0.000000    -2.606354     0.890687 
59328.001801 0.000000 0.000000    -2.607730     0.890001 
59328.013029 0.000000 0.000000    -2.609114     0.889314 
59328.024257 0.000000 0.000000    -2.610507     0.888625 
59328.035485 0.000000 0.000000    -2.611909     0.887936 
59328.046713 0.000000 0.000000    -2.613319     0.887246 
59328.057941 0.000000 0.000000    -2.614737     0.886556 
59328.069168 0.000000 0.000000    -2.616164     0.885864 
59328.080396 0.000000 0.000000    -2.617599     0.885171 
59328.091624 0.000000 0.000000    -2.619043     0.884477 
59328.102852 0.000000 0.000000    -2.620495     0.883783 
59328.114080 0.000000 0.000000    -2.621955     0.883087 
59328.125308 0.000000 0.000000    -2.623423     0.882391 
59328.136536 0.000000 0.000000    -2.624900     0.881694 
59328.147764 0.000000 0.000000    -2.626385     0.880995 
59328.158991 0.000000 0.000000    -2.627879     0.880296 
59328.170219 0.000000 0.000000    -2.629380     0.879596 
59328.181447 0.000000 0.000000    -2.630890     0.878895 
59328.192675 0.000000 0.000000    -2.632408     0.878193 
59328.203903 0.000000 0.000000    -2.633934     0.877491 
59328.215131 0.000000 0.000000    -2.635469     0.876787 
59328.226359 0.000000 0.000000    -2.637011     0.876082 
59328.237587 0.000000 0.000000    -2.638562     0.875377 
59328.248814 0.000000 0.000000    -2.640120     0.874670 
59328.260042 0.000000 0.000000    -2.641687     0.873963 
59328.271270 0.000000 0.000000    -2.643262     0.873254 
59328.282498 0.000000 0.000000    -2.644844     0.872545 
59328.293726 0.000000 0.000000    -2.646435     0.871835 
59328.304954 0.000000 0.000000    -2.648034     0.871124 
59328.316182 0.000000 0.000000    -2.649640     0.870412 
59328.327409 0.000000 0.000000    -2.651255     0.869699 
59328.338637 0.000000 0.000000    -2.652877     0.868986 
59328.349865 0.000000 0.000000    -2.654507     0.868271 
59328.361093 0.000000 0.000000    -2.656145     0.867556 
59328.372321 0.000000 0.000000    -2.657791     0.866839 
59328.383549 0.000000 0.000000    -2.659445     0.866122 
59328.394777 0.000000 0.000000    -2.661107     0.865404 
59328.406005 0.000000 0.000000    -2.662776     0.864684 
59328.417232 0.000000 0.000000    -2.664453     0.863964 
59328.428460 0.000000 0.000000    -2.666138     0.863243 
59328.439688 0.000000 0.000000    -2.667830     0.862522 
59328.450916 0.000000 0.000000    -2.669530     0.861799 
59328.462144 0.000000 0.000000    -2.671238     0.861075 
59328.473372 0.000000 0.000000    -2.672954     0.860351 
59328.484600 0.000000 0.000000    -2.674677     0.859625 
59328.495828 0.000000 0.000000    -2.676407     0.858899 
59328.507055 0.000000 0.000000    -2.678145     0.858172 
59328.518283 0.000000 0.000000    -2.679891     0.857444 
59328.529511 0.000000 0.000000    -2.681644     0.856715 
59328.540739 0.000000 0.000000    -2.683405     0.855985 
59328.551967 0.000000 0.000000    -2.685173     0.855254 
59328.563195 0.000000 0.000000    -2.686949     0.854523 
59328.574423 0.000000 0.000000    -2.688732     0.853790 
59328.585651 0.000000 0.000000    -2.690523     0.853057 
59328.596878 0.000000 0.000000    -2.692320     0.852322 
59328.608106 0.000000 0.000000    -2.694126     0.851587 
59328.619334 0.000000 0.000000    -2.695938     0.850851 
59328.630562 0.000000 0.000000    -2.697758     0.850114 
59328.641790 0.000000 0.000000    -2.699585     0.849377 
59328.653018 0.000000 0.000000    -2.701420     0.848638 
59328.664246 0.000000 0.000000    -2.703261     0.847899 
59328.675473 0.000000 0.000000    -2.705110     0.847158 
59328.686701 0.000000 0.000000    -2.706966     0.846417 
59328.697929 0.000000 0.000000    -2.708830     0.845675 
59328.709157 0.000000 0.000000    -2.710700     0.844932 
59328.720385 0.000000 0.000000    -2.712578     0.844188 
59328.731613 0.000000 0.000000    -2.714462     0.843443 
59328.742841 0.000000 0.000000    -2.716354     0.842698 
59328.754069 0.000000 0.000000    -2.718253     0.841951 
59328.765296 0.000000 0.000000    -2.720159     0.841204 
59328.776524 0.000000 0.000000    -2.722072     0.840456 
59328.787752 0.000000 0.000000    -2.723992     0.839707 
59328.798980 0.000000 0.000000    -2.725919     0.838957 
59328.810208 0.000000 0.000000    -2.727853     0.838206 
59328.821436 0.000000 0.000000    -2.729793     0.837454 
59328.832664 0.000000 0.000000    -2.731741     0.836702 
59328.843892 0.000000 0.000000    -2.733696     0.835949 
59328.855119 0.000000 0.000000    -2.735657     0.835194 
59328.866347 0.000000 0.000000    -2.737625     0.834439 
59328.877575 0.000000 0.000000    -2.739600     0.833684 
59328.888803 0.000000 0.000000    -2.741582     0.832927 
59328.900031 0.000000 0.000000    -2.743571     0.832169 
59328.911259 0.000000 0.000000    -2.745566     0.831411 
59328.922487 0.000000 0.000000    -2.747568     0.830652 
59328.933714 0.000000 0.000000    -2.749577     0.829892 
59328.944942 0.000000 0.000000    -2.751593     0.829131 
59328.956170 0.000000 0.000000    -2.753615     0.828369 
59328.967398 0.000000 0.000000    -2.755644     0.827607 
59328.978626 0.000000 0.000000    -2.757679     0.826843 
59328.989854 0.000000 0.000000    -2.759721     0.826079 
59329.001082 0.000000 0.000000    -2.761770     0.825314 
59329.012310 0.000000 0.000000    -2.763825     0.824548 
59329.023537 0.000000 0.000000    -2.765886     0.823781 
59329.034765 0.000000 0.000000    -2.767954     0.823014 
59329.045993 0.000000 0.000000    -2.770029     0.822246 
59329.057221 0.000000 0.000000    -2.772110     0.821476 
59329.068449 0.000000 0.000000    -2.774197     0.820707 
59329.079677 0.000000 0.000000    -2.776291     0.819936 
59329.090905 0.000000 0.000000    -2.778392     0.819164 
59329.102133 0.000000 0.000000    -2.780498     0.818392 
59329.113360 0.000000 0.000000    -2.782611     0.817619 
59329.124588 0.000000 0.000000    -2.784730     0.816845 
59329.135816 0.000000 0.000000    -2.786856     0.816070 
59329.147044 0.000000 0.000000    -2.788988     0.815294 
59329.158272 0.000000 0.000000    -2.791126     0.814518 
59329.169500 0.000000 0.000000    -2.793270     0.813741 
59329.180728 0.000000 0.000000    -2.795420     0.812963 
59329.191956 0.000000 0.000000    -2.797577     0.812184 
59329.203183 0.000000 0.000000    -2.799740     0.811404 
59329.214411 0.000000 0.000000    -2.801909     0.810624 
59329.225639 0.000000 0.000000    -2.804084     0.809843 
59329.236867 0.000000 0.000000    -2.806265     0.809061 
59329.248095 0.000000 0.000000    -2.808452     0.808278 
59329.259323 0.000000 0.000000    -2.810645     0.807494 
59329.270551 0.000000 0.000000    -2.812844     0.806710 
59329.281778 0.000000 0.000000    -2.815049     0.805925 
59329.293006 0.000000 0.000000    -2.817261     0.805139 
59329.304234 0.000000 0.000000    -2.819478     0.804352 
59329.315462 0.000000 0.000000    -2.821701     0.803565 
59329.326690 0.000000 0.000000    -2.823930     0.802777 
59329.337918 0.000000 0.000000    -2.826164     0.801988 
59329.349146 0.000000 0.000000    -2.828405     0.801198 
59329.360374 0.000000 0.000000    -2.830651     0.800408 
59329.371601 0.000000 0.000000    -2.832904     0.799617 
59329.382829 0.000000 0.000000    -2.835162     0.798825 
59329.394057 0.000000 0.000000    -2.837425     0.798032 
59329.405285 0.000000 0.000000    -2.839695     0.797238 
59329.416513 0.000000 0.000000    -2.841970     0.796444 
59329.427741 0.000000 0.000000    -2.844251     0.795649 
59329.438969 0.000000 0.000000    -2.846537     0.794854 
59329.450197 0.000000 0.000000    -2.848830     0.794057 
59329.461424 0.000000 0.000000    -2.851127     0.793260 
59329.472652 0.000000 0.000000    -2.853431     0.792462 
59329.483880 0.000000 0.000000    -2.855740     0.791663 
59329.495108 0.000000 0.000000    -2.858054     0.790864 
59329.506336 0.000000 0.000000    -2.860374     0.790064 
59329.517564 0.000000 0.000000    -2.862700     0.789263 
59329.528792 0.000000 0.000000    -2.865031     0.788461 
59329.540020 0.000000 0.000000    -2.867367     0.787659 
59329.551247 0.000000 0.000000    -2.869709     0.786856 
59329.562475 0.000000 0.000000    -2.872056     0.786052 
59329.573703 0.000000 0.000000    -2.874409     0.785248 
59329.584931 0.000000 0.000000    -2.876767     0.784443 
59329.596159 0.000000 0.000000    -2.879130     0.783637 
59329.607387 0.000000 0.000000    -2.881499     0.782830 
59329.618615 0.000000 0.000000    -2.883873     0.782023 
59329.629842 0.000000 0.000000    -2.886252     0.781215 
59329.641070 0.000000 0.000000    -2.888636     0.780407 
59329.652298 0.000000 0.000000    -2.891026     0.779597 
59329.663526 0.000000 0.000000    -2.893421     0.778787 
59329.674754 0.000000 0.000000    -2.895821     0.777976 
59329.685982 0.000000 0.000000    -2.898226     0.777165 
59329.697210 0.000000 0.000000    -2.900636     0.776353 
59329.708438 0.000000 0.000000    -2.903051     0.775540 
59329.719665 0.000000 0.000000    -2.905472     0.774727 
59329.730893 0.000000 0.000000    -2.907897     0.773913 
59329.742121 0.000000 0.000000    -2.910328     0.773098 
59329.753349 0.000000 0.000000    -2.912763     0.772282 
59329.764577 0.000000 0.000000    -2.915204     0.771466 
59329.775805 0.000000 0.000000    -2.917649     0.770649 
59329.787033 0.000000 0.000000    -2.920100     0.769832 
59329.798261 0.000000 0.000000    -2.922555     0.769014 
59329.809488 0.000000 0.000000    -2.925015     0.768195 
59329.820716 0.000000 0.000000    -2.927480     0.767376 
59329.831944 0.000000 0.000000    -2.929950     0.766556 
59329.843172 0.000000 0.000000    -2.932424     0.765735 
59329.854400 0.000000 0.000000    -2.934904     0.764914 
59329.865628 0.000000 0.000000    -2.937388     0.764092 
59329.876856 0.000000 0.000000    -2.939877     0.763269 
59329.888084 0.000000 0.000000    -2.942371     0.762446 
59329.899311 0.000000 0.000000    -2.944869     0.761622 
59329.910539 0.000000 0.000000    -2.947372     0.760798 
59329.921767 0.000000 0.000000    -2.949880     0.759973 
59329.932995 0.000000 0.000000    -2.952392     0.759147 
59329.944223 0.000000 0.000000    -2.954909     0.758321 
59329.955451 0.000000 0.000000    -2.957430     0.757494 
59329.966679 0.000000 0.000000    -2.959956     0.756666 
59329.977906 0.000000 0.000000    -2.962487     0.755838 
59329.989134 0.000000 0.000000    -2.965022     0.755009 
59330.000362 0.000000 0.000000    -2.967561     0.754180 
59330.011590 0.000000 0.000000    -2.970105     0.753350 
59330.022818 0.000000 0.000000    -2.972654     0.752520 
59330.034046 0.000000 0.000000    -2.975206     0.751689 
59330.045274 0.000000 0.000000    -2.977764     0.750857 
59330.056502 0.000000 0.000000    -2.980325     0.750025 
59330.067729 0.000000 0.000000    -2.982891     0.749192 
59330.078957 0.000000 0.000000    -2.985461     0.748359 
59330.090185 0.000000 0.000000    -2.988035     0.747525 
59330.101413 0.000000 0.000000    -2.990614     0.746690 
59330.112641 0.000000 0.000000    -2.993197     0.745855 
59330.123869 0.000000 0.000000    -2.995784     0.745020 
59330.135097 0.000000 0.000000    -2.998376     0.744183 
59330.146325 0.000000 0.000000    -3.000971     0.743347 
59330.157552 0.000000 0.000000    -3.003571     0.742509 
59330.168780 0.000000 0.000000    -3.006175     0.741672 
59330.180008 0.000000 0.000000    -3.008782     0.740833 
59330.191236 0.000000 0.000000    -3.011394     0.739995 
59330.202464 0.000000 0.000000    -3.014010     0.739155 
59330.213692 0.000000 0.000000    -3.016630     0.738315 
59330.224920 0.000000 0.000000    -3.019254     0.737475 
59330.236147 0.000000 0.000000    -3.021882     0.736634 
59330.247375 0.000000 0.000000    -3.024514     0.735793 
59330.258603 0.000000 0.000000    -3.027150     0.734951 
59330.269831 0.000000 0.000000    -3.029790     0.734108 
59330.281059 0.000000 0.000000    -3.032433     0.733265 
59330.292287 0.000000 0.000000    -3.035081     0.732422 
59330.303515 0.000000 0.000000    -3.037732     0.731578 
59330.314743 0.000000 0.000000    -3.040387     0.730733 
59330.325970 0.000000 0.000000    -3.043046     0.729889 
59330.337198 0.000000 0.000000    -3.045709     0.729043 
59330.348426 0.000000 0.000000    -3.048375     0.728197 
59330.359654 0.000000 0.000000    -3.051045     0.727351 
59330.370882 0.000000 0.000000    -3.053719     0.726504 
59330.382110 0.000000 0.000000    -3.056396     0.725657 
59330.393338 0.000000 0.000000    -3.059077     0.724809 
59330.404566 0.000000 0.000000    -3.061762     0.723961 
59330.415793 0.000000 0.000000    -3.064450     0.723113 
59330.427021 0.000000 0.000000    -3.067142     0.722264 
59330.438249 0.000000 0.000000    -3.069837     0.721414 
59330.449477 0.000000 0.000000    -3.072536     0.720564 
59330.460705 0.000000 0.000000    -3.075238     0.719714 
59330.471933 0.000000 0.000000    -3.077944     0.718863 
59330.483161 0.000000 0.000000    -3.080653     0.718012 
59330.494389 0.000000 0.000000    -3.083366     0.717160 
59330.505616 0.000000 0.000000    -3.086082     0.716308 
59330.516844 0.000000 0.000000    -3.088801     0.715456 
59330.528072 0.000000 0.000000    -3.091524     0.714603 
59330.539300 0.000000 0.000000    -3.094250     0.713750 
59330.550528 0.000000 0.000000    -3.096979     0.712896 
59330.561756 0.000000 0.000000    -3.099712     0.712043 
59330.572984 0.000000 0.000000    -3.102448     0.711188 
59330.584211 0.000000 0.000000    -3.105187     0.710333 
59330.595439 0.000000 0.000000    -3.107929     0.709478 
59330.606667 0.000000 0.000000    -3.110674     0.708623 
59330.617895 0.000000 0.000000    -3.113423     0.707767 
59330.629123 0.000000 0.000000    -3.116175     0.706911 
59330.640351 0.000000 0.000000    -3.118929     0.706054 
59330.651579 0.000000 0.000000    -3.121687     0.705198 
59330.662807 0.000000 0.000000    -3.124448     0.704340 
59330.674034 0.000000 0.000000    -3.127212     0.703483 
59330.685262 0.000000 0.000000    -3.129979     0.702625 
59330.696490 0.000000 0.000000    -3.132749     0.701767 
59330.707718 0.000000 0.000000    -3.135522     0.700908 
59330.718946 0.000000 0.000000    -3.138297     0.700049 
59330.730174 0.000000 0.000000    -3.141076     0.699190 
59330.741402 0.000000 0.000000    -3.143858     0.698331 
59330.752630 0.000000 0.000000    -3.146642     0.697471 
59330.763857 0.000000 0.000000    -3.149429     0.696611 
59330.775085 0.000000 0.000000    -3.152219     0.695751 
59330.786313 0.000000 0.000000    -3.155012     0.694890 
59330.797541 0.000000 0.000000    -3.157807     0.694029 
59330.808769 0.000000 0.000000    -3.160606     0.693168 
59330.819997 0.000000 0.000000    -3.163406     0.692306 
59330.831225 0.000000 0.000000    -3.166210     0.691445 
59330.842453 0.000000 0.000000    -3.169016     0.690583 
59330.853680 0.000000 0.000000    -3.171825     0.689721 
59330.864908 0.000000 0.000000    -3.174637     0.688858 
59330.876136 0.000000 0.000000    -3.177451     0.687995 
59330.887364 0.000000 0.000000    -3.180267     0.687133 
59330.898592 0.000000 0.000000    -3.183086     0.686269 
59330.909820 0.000000 0.000000    -3.185908     0.685406 
59330.921048 0.000000 0.000000    -3.188732     0.684542 
59330.932275 0.000000 0.000000    -3.191559     0.683679 
59330.943503 0.000000 0.000000    -3.194388     0.682815 
59330.954731 0.000000 0.000000    -3.197219     0.681950 
59330.965959 0.000000 0.000000    -3.200053     0.681086 
59330.977187 0.000000 0.000000    -3.202889     0.680222 
59330.988415 0.000000 0.000000    -3.205728     0.679357 
59330.999643 0.000000 0.000000    -3.208568     0.678492 
59331.010871 0.000000 0.000000    -3.211411     0.677627 
59331.022098 0.000000 0.000000    -3.214257     0.676762 
59331.033326 0.000000 0.000000    -3.217104     0.675896 
59331.044554 0.000000 0.000000    -3.219954     0.675031 
59331.055782 0.000000 0.000000    -3.222806     0.674165 
59331.067010 0.000000 0.000000    -3.225660     0.673299 
59331.078238 0.000000 0.000000    -3.228516     0.672433 
59331.089466 0.000000 0.000000    -3.231374     0.671567 
59331.100694 0.000000 0.000000    -3.234235     0.670701 
59331.111921 0.000000 0.000000    -3.237097     0.669834 
59331.123149 0.000000 0.000000    -3.239961     0.668968 
59331.134377 0.000000 0.000000    -3.242828     0.668102 
59331.145605 0.000000 0.000000    -3.245696     0.667235 
59331.156833 0.000000 0.000000    -3.248567     0.666368 
59331.168061 0.000000 0.000000    -3.251439     0.665501 
59331.179289 0.000000 0.000000    -3.254313     0.664635 
59331.190517 0.000000 0.000000    -3.257189     0.663768 
59331.201744 0.000000 0.000000    -3.260067     0.662901 
59331.212972 0.000000 0.000000    -3.262947     0.662034 
59331.224200 0.000000 0.000000    -3.265829     0.661167 
59331.235428 0.000000 0.000000    -3.268712     0.660300 
59331.246656 0.000000 0.000000    -3.271597     0.659432 
59331.257884 0.000000 0.000000    -3.274484     0.658565 
59331.269112 0.000000 0.000000    -3.277372     0.657698 
59331.280339 0.000000 0.000000    -3.280262     0.656831 
59331.291567 0.000000 0.000000    -3.283154     0.655964 
59331.302795 0.000000 0.000000    -3.286048     0.655096 
59331.314023 0.000000 0.000000    -3.288943     0.654229 
59331.325251 0.000000 0.000000    -3.291840     0.653362 
59331.336479 0.000000 0.000000    -3.294738     0.652495 
59331.347707 0.000000 0.000000    -3.297637     0.651628 
59331.358935 0.000000 0.000000    -3.300539     0.650761 
59331.370162 0.000000 0.000000    -3.303441     0.649894 
59331.381390 0.000000 0.000000    -3.306345     0.649027 
59331.392618 0.000000 0.000000    -3.309251     0.648160 
59331.403846 0.000000 0.000000    -3.312158     0.647293 
59331.415074 0.000000 0.000000    -3.315066     0.646426 
59331.426302 0.000000 0.000000    -3.317976     0.645560 
59331.437530 0.000000 0.000000    -3.320887     0.644693 
59331.448758 0.000000 0.000000    -3.323799     0.643827 
59331.459985 0.000000 0.000000    -3.326713     0.642960 
59331.471213 0.000000 0.000000    -3.329628     0.642094 
59331.482441 0.000000 0.000000    -3.332544     0.641228 
59331.493669 0.000000 0.000000    -3.335461     0.640362 
59331.504897 0.000000 0.000000    -3.338379     0.639496 
59331.516125 0.000000 0.000000    -3.341299     0.638630 
59331.527353 0.000000 0.000000    -3.344219     0.637765 
59331.538580 0.000000 0.000000    -3.347141     0.636899 
59331.549808 0.000000 0.000000    -3.350064     0.636034 
59331.561036 0.000000 0.000000    -3.352988     0.635169 
59331.572264 0.000000 0.000000    -3.355913     0.634304 
59331.583492 0.000000 0.000000    -3.358839     0.633439 
59331.594720 0.000000 0.000000    -3.361765     0.632575 
59331.605948 0.000000 0.000000    -3.364693     0.631710 
59331.617176 0.000000 0.000000    -3.367622     0.630846 
59331.628403 0.000000 0.000000    -3.370551     0.629982 
59331.639631 0.000000 0.000000    -3.373482     0.629119 
59331.650859 0.000000 0.000000    -3.376413     0.628255 
59331.662087 0.000000 0.000000    -3.379345     0.627392 
59331.673315 0.000000 0.000000    -3.382278     0.626529 
59331.684543 0.000000 0.000000    -3.385212     0.625667 
59331.695771 0.000000 0.000000    -3.388146     0.624804 
59331.706999 0.000000 0.000000    -3.391081     0.623942 
59331.718226 0.000000 0.000000    -3.394017     0.623081 
59331.729454 0.000000 0.000000    -3.396953     0.622219 
59331.740682 0.000000 0.000000    -3.399890     0.621358 
59331.751910 0.000000 0.000000    -3.402828     0.620497 
59331.763138 0.000000 0.000000    -3.405766     0.619637 
59331.774366 0.000000 0.000000    -3.408705     0.618776 
59331.785594 0.000000 0.000000    -3.411644     0.617916 
59331.796822 0.000000 0.000000    -3.414584     0.617057 
59331.808049 0.000000 0.000000    -3.417524     0.616198 
59331.819277 0.000000 0.000000    -3.420465     0.615339 
59331.830505 0.000000 0.000000    -3.423406     0.614481 
59331.841733 0.000000 0.000000    -3.426347     0.613623 
59331.852961 0.000000 0.000000    -3.429289     0.612765 
59331.864189 0.000000 0.000000    -3.432232     0.611908 
59331.875417 0.000000 0.000000    -3.435174     0.611051 
59331.886644 0.000000 0.000000    -3.438117     0.610195 
59331.897872 0.000000 0.000000    -3.441060     0.609339 
59331.909100 0.000000 0.000000    -3.444004     0.608483 
59331.920328 0.000000 0.000000    -3.446947     0.607628 
59331.931556 0.000000 0.000000    -3.449891     0.606774 
59331.942784 0.000000 0.000000    -3.452835     0.605920 
59331.954012 0.000000 0.000000    -3.455779     0.605066 
59331.965240 0.000000 0.000000    -3.458723     0.604213 
59331.976467 0.000000 0.000000    -3.461668     0.603360 
59331.987695 0.000000 0.000000    -3.464612     0.602508 
59331.998923 0.000000 0.000000    -3.467556     0.601657 
59332.010151 0.000000 0.000000    -3.470501     0.600806 
59332.021379 0.000000 0.000000    -3.473445     0.599955 
59332.032607 0.000000 0.000000    -3.476390     0.599105 
59332.043835 0.000000 0.000000    -3.479334     0.598256 
59332.055063 0.000000 0.000000    -3.482278     0.597407 
59332.066290 0.000000 0.000000    -3.485222     0.596558 
59332.077518 0.000000 0.000000    -3.488166     0.595711 
59332.088746 0.000000 0.000000    -3.491110     0.594864 
59332.099974 0.000000 0.000000    -3.494053     0.594017 
59332.111202 0.000000 0.000000    -3.496997     0.593171 
59332.122430 0.000000 0.000000    -3.499940     0.592326 
59332.133658 0.000000 0.000000    -3.502883     0.591481 
59332.144886 0.000000 0.000000    -3.505825     0.590637 
59332.156113 0.000000 0.000000    -3.508767     0.589794 
59332.167341 0.000000 0.000000    -3.511709     0.588952 
59332.178569 0.000000 0.000000    -3.514651     0.588110 
59332.189797 0.000000 0.000000    -3.517592     0.587268 
59332.201025 0.000000 0.000000    -3.520532     0.586428 
59332.212253 0.000000 0.000000    -3.523472     0.585588 
59332.223481 0.000000 0.000000    -3.526412     0.584749 
59332.234708 0.000000 0.000000    -3.529351     0.583910 
59332.245936 0.000000 0.000000    -3.532290     0.583073 
59332.257164 0.000000 0.000000    -3.535228     0.582236 
59332.268392 0.000000 0.000000    -3.538165     0.581399 
59332.279620 0.000000 0.000000    -3.541102     0.580564 
59332.290848 0.000000 0.000000    -3.544038     0.579729 
59332.302076 0.000000 0.000000    -3.546974     0.578896 
59332.313304 0.000000 0.000000    -3.549908     0.578063 
59332.324531 0.000000 0.000000    -3.552842     0.577230 
59332.335759 0.000000 0.000000    -3.555776     0.576399 
59332.346987 0.000000 0.000000    -3.558708     0.575569 
59332.358215 0.000000 0.000000    -3.561640     0.574739 
59332.369443 0.000000 0.000000    -3.564571     0.573910 
59332.380671 0.000000 0.000000    -3.567501     0.573082 
59332.391899 0.000000 0.000000    -3.570430     0.572255 
59332.403127 0.000000 0.000000    -3.573358     0.571429 
59332.414354 0.000000 0.000000    -3.576286     0.570604 
59332.425582 0.000000 0.000000    -3.579212     0.569779 
59332.436810 0.000000 0.000000    -3.582138     0.568956 
59332.448038 0.000000 0.000000    -3.585062     0.568133 
59332.459266 0.000000 0.000000    -3.587985     0.567312 
59332.470494 0.000000 0.000000    -3.590908     0.566491 
59332.481722 0.000000 0.000000    -3.593829     0.565672 
59332.492950 0.000000 0.000000    -3.596749     0.564853 
59332.504177 0.000000 0.000000    -3.599668     0.564035 
59332.515405 0.000000 0.000000    -3.602585     0.563219 
59332.526633 0.000000 0.000000    -3.605502     0.562403 
59332.537861 0.000000 0.000000    -3.608417     0.561588 
59332.549089 0.000000 0.000000    -3.611331     0.560775 
59332.560317 0.000000 0.000000    -3.614244     0.559962 
59332.571545 0.000000 0.000000    -3.617155     0.559151 
59332.582772 0.000000 0.000000    -3.620066     0.558341 
59332.594000 0.000000 0.000000    -3.622974     0.557531 
59332.605228 0.000000 0.000000    -3.625882     0.556723 
59332.616456 0.000000 0.000000    -3.628788     0.555916 
59332.627684 0.000000 0.000000    -3.631692     0.555110 
59332.638912 0.000000 0.000000    -3.634595     0.554305 
59332.650140 0.000000 0.000000    -3.637497     0.553502 
59332.661368 0.000000 0.000000    -3.640397     0.552699 
59332.672595 0.000000 0.000000    -3.643295     0.551898 
59332.683823 0.000000 0.000000    -3.646192     0.551098 
59332.695051 0.000000 0.000000    -3.649088     0.550299 
59332.706279 0.000000 0.000000    -3.651981     0.549501 
59332.717507 0.000000 0.000000    -3.654873     0.548705 
59332.728735 0.000000 0.000000    -3.657764     0.547909 
59332.739963 0.000000 0.000000    -3.660652     0.547115 
59332.751191 0.000000 0.000000    -3.663539     0.546323 
59332.762418 0.000000 0.000000    -3.666424     0.545531 
59332.773646 0.000000 0.000000    -3.669308     0.544741 
59332.784874 0.000000 0.000000    -3.672189     0.543952 
59332.796102 0.000000 0.000000    -3.675069     0.543164 
59332.807330 0.000000 0.000000    -3.677947     0.542378 
59332.818558 0.000000 0.000000    -3.680823     0.541593 
59332.829786 0.000000 0.000000    -3.683697     0.540809 
59332.841013 0.000000 0.000000    -3.686569     0.540027 
59332.852241 0.000000 0.000000    -3.689439     0.539246 
59332.863469 0.000000 0.000000    -3.692307     0.538467 
59332.874697 0.000000 0.000000    -3.695173     0.537689 
59332.885925 0.000000 0.000000    -3.698037     0.536912 
59332.897153 0.000000 0.000000    -3.700899     0.536137 
59332.908381 0.000000 0.000000    -3.703759     0.535363 
59332.919609 0.000000 0.000000    -3.706617     0.534590 
59332.930836 0.000000 0.000000    -3.709472     0.533819 
59332.942064 0.000000 0.000000    -3.712325     0.533050 
59332.953292 0.000000 0.000000    -3.715177     0.532282 
59332.964520 0.000000 0.000000    -3.718025     0.531515 
59332.975748 0.000000 0.000000    -3.720872     0.530750 
59332.986976 0.000000 0.000000    -3.723716     0.529987 
59332.998204 0.000000 0.000000    -3.726558     0.529225 
59333.009432 0.000000 0.000000    -3.729398     0.528464 
59333.020659 0.000000 0.000000    -3.732235     0.527705 
59333.031887 0.000000 0.000000    -3.735070     0.526948 
59333.043115 0.000000 0.000000    -3.737902     0.526192 
59333.054343 0.000000 0.000000    -3.740732     0.525438 
59333.065571 0.000000 0.000000    -3.743560     0.524685 
59333.076799 0.000000 0.000000    -3.746385     0.523935 
59333.088027 0.000000 0.000000    -3.749207     0.523185 
59333.099255 0.000000 0.000000    -3.752027     0.522438 
59333.110482 0.000000 0.000000    -3.754844     0.521692 
59333.121710 0.000000 0.000000    -3.757658     0.520947 
59333.132938 0.000000 0.000000    -3.760470     0.520205 
59333.144166 0.000000 0.000000    -3.763280     0.519464 
59333.155394 0.000000 0.000000    -3.766086     0.518725 
59333.166622 0.000000 0.000000    -3.768890     0.517987 
59333.177850 0.000000 0.000000    -3.771691     0.517251 
59333.189077 0.000000 0.000000    -3.774489     0.516517 
59333.200305 0.000000 0.000000    -3.777285     0.515785 
59333.211533 0.000000 0.000000    -3.780077     0.515054 
59333.222761 0.000000 0.000000    -3.782867     0.514326 
59333.233989 0.000000 0.000000    -3.785654     0.513599 
59333.245217 0.000000 0.000000    -3.788438     0.512874 
59333.256445 0.000000 0.000000    -3.791219     0.512150 
59333.267673 0.000000 0.000000    -3.793997     0.511429 
59333.278900 0.000000 0.000000    -3.796772     0.510709 
59333.290128 0.000000 0.000000    -3.799544     0.509992 
59333.301356 0.000000 0.000000    -3.802312     0.509276 
59333.312584 0.000000 0.000000    -3.805078     0.508562 
59333.323812 0.000000 0.000000    -3.807841     0.507850 
59333.335040 0.000000 0.000000    -3.810600     0.507139 
59333.346268 0.000000 0.000000    -3.813357     0.506431 
59333.357496 0.000000 0.000000    -3.816110     0.505725 
59333.368723 0.000000 0.000000    -3.818860     0.505021 
59333.379951 0.000000 0.000000    -3.821607     0.504318 
59333.391179 0.000000 0.000000    -3.824350     0.503618 
59333.402407 0.000000 0.000000    -3.827090     0.502919 
59333.413635 0.000000 0.000000    -3.829827     0.502223 
59333.424863 0.000000 0.000000    -3.832560     0.501528 
59333.436091 0.000000 0.000000    -3.835290     0.500836 
59333.447319 0.000000 0.000000    -3.838017     0.500145 
59333.458546 0.000000 0.000000    -3.840740     0.499457 
59333.469774 0.000000 0.000000    -3.843460     0.498771 
59333.481002 0.000000 0.000000    -3.846176     0.498087 
59333.492230 0.000000 0.000000    -3.848889     0.497404 
59333.503458 0.000000 0.000000    -3.851598     0.496724 
59333.514686 0.000000 0.000000    -3.854303     0.496046 
59333.525914 0.000000 0.000000    -3.857005     0.495371 
59333.537141 0.000000 0.000000    -3.859703     0.494697 
59333.548369 0.000000 0.000000    -3.862398     0.494025 
59333.559597 0.000000 0.000000    -3.865089     0.493356 
59333.570825 0.000000 0.000000    -3.867776     0.492689 
59333.582053 0.000000 0.000000    -3.870460     0.492024 
59333.593281 0.000000 0.000000    -3.873139     0.491361 
59333.604509 0.000000 0.000000    -3.875815     0.490700 
59333.615737 0.000000 0.000000    -3.878487     0.490042 
59333.626964 0.000000 0.000000    -3.881155     0.489385 
59333.638192 0.000000 0.000000    -3.883820     0.488731 
59333.649420 0.000000 0.000000    -3.886480     0.488080 
59333.660648 0.000000 0.000000    -3.889137     0.487430 
59333.671876 0.000000 0.000000    -3.891789     0.486783 
59333.683104 0.000000 0.000000    -3.894438     0.486138 
59333.694332 0.000000 0.000000    -3.897082     0.485495 
59333.705560 0.000000 0.000000    -3.899723     0.484855 
59333.716787 0.000000 0.000000    -3.902359     0.484217 
59333.728015 0.000000 0.000000    -3.904991     0.483581 
59333.739243 0.000000 0.000000    -3.907619     0.482947 
59333.750471 0.000000 0.000000    -3.910243     0.482316 
59333.761699 0.000000 0.000000    -3.912863     0.481687 
59333.772927 0.000000 0.000000    -3.915479     0.481061 
59333.784155 0.000000 0.000000    -3.918090     0.480437 
59333.795383 0.000000 0.000000    -3.920697     0.479815 
59333.806610 0.000000 0.000000    -3.923300     0.479196 
59333.817838 0.000000 0.000000    -3.925898     0.478579 
59333.829066 0.000000 0.000000    -3.928492     0.477965 
59333.840294 0.000000 0.000000    -3.931082     0.477353 
59333.851522 0.000000 0.000000    -3.933667     0.476743 
59333.862750 0.000000 0.000000    -3.936248     0.476136 
59333.873978 0.000000 0.000000    -3.938825     0.475531 
59333.885205 0.000000 0.000000    -3.941397     0.474929 
59333.896433 0.000000 0.000000    -3.943964     0.474329 
59333.907661 0.000000 0.000000    -3.946527     0.473732 
59333.918889 0.000000 0.000000    -3.949085     0.473137 
59333.930117 0.000000 0.000000    -3.951639     0.472545 
59333.941345 0.000000 0.000000    -3.954188     0.471955 
59333.952573 0.000000 0.000000    -3.956732     0.471367 
59333.963801 0.000000 0.000000    -3.959272     0.470783 
59333.975028 0.000000 0.000000    -3.961807     0.470200 
59333.986256 0.000000 0.000000    -3.964337     0.469621 
59333.997484 0.000000 0.000000    -3.966863     0.469043 
59334.008712 0.000000 0.000000    -3.969383     0.468469 
59334.019940 0.000000 0.000000    -3.971899     0.467897 
59334.031168 0.000000 0.000000    -3.974410     0.467327 
59334.042396 0.000000 0.000000    -3.976916     0.466760 
59334.053624 0.000000 0.000000    -3.979418     0.466196 
59334.064851 0.000000 0.000000    -3.981914     0.465634 
59334.076079 0.000000 0.000000    -3.984405     0.465075 
59334.087307 0.000000 0.000000    -3.986892     0.464518 
59334.098535 0.000000 0.000000    -3.989373     0.463964 
59334.109763 0.000000 0.000000    -3.991849     0.463413 
59334.120991 0.000000 0.000000    -3.994321     0.462864 
59334.132219 0.000000 0.000000    -3.996787     0.462318 
59334.143446 0.000000 0.000000    -3.999248     0.461774 
59334.154674 0.000000 0.000000    -4.001703     0.461233 
59334.165902 0.000000 0.000000    -4.004154     0.460695 
59334.177130 0.000000 0.000000    -4.006600     0.460160 
59334.188358 0.000000 0.000000    -4.009040     0.459627 
59334.199586 0.000000 0.000000    -4.011475     0.459096 
59334.210814 0.000000 0.000000    -4.013904     0.458569 
59334.222042 0.000000 0.000000    -4.016329     0.458044 
59334.233269 0.000000 0.000000    -4.018748     0.457522 
59334.244497 0.000000 0.000000    -4.021161     0.457002 
59334.255725 0.000000 0.000000    -4.023570     0.456485 
59334.266953 0.000000 0.000000    -4.025972     0.455971 
59334.278181 0.000000 0.000000    -4.028370     0.455460 
59334.289409 0.000000 0.000000    -4.030761     0.454951 
59334.300637 0.000000 0.000000    -4.033148     0.454445 
59334.311865 0.000000 0.000000    -4.035529     0.453942 
59334.323092 0.000000 0.000000    -4.037904     0.453441 
59334.334320 0.000000 0.000000    -4.040273     0.452943 
59334.345548 0.000000 0.000000    -4.042637     0.452448 
59334.356776 0.000000 0.000000    -4.044996     0.451955 
59334.368004 0.000000 0.000000    -4.047348     0.451466 
59334.379232 0.000000 0.000000    -4.049695     0.450978 
59334.390460 0.000000 0.000000    -4.052036     0.450494 
59334.401688 0.000000 0.000000    -4.054372     0.450013 
59334.412915 0.000000 0.000000    -4.056701     0.449534 
59334.424143 0.000000 0.000000    -4.059025     0.449058 
59334.435371 0.000000 0.000000    -4.061343     0.448584 
59334.446599 0.000000 0.000000    -4.063655     0.448114 
59334.457827 0.000000 0.000000    -4.065962     0.447646 
59334.469055 0.000000 0.000000    -4.068262     0.447181 
59334.480283 0.000000 0.000000    -4.070556     0.446718 
59334.491510 0.000000 0.000000    -4.072844     0.446259 
59334.502738 0.000000 0.000000    -4.075127     0.445802 
59334.513966 0.000000 0.000000    -4.077403     0.445347 
59334.525194 0.000000 0.000000    -4.079673     0.444896 
59334.536422 0.000000 0.000000    -4.081937     0.444447 
59334.547650 0.000000 0.000000    -4.084195     0.444001 
59334.558878 0.000000 0.000000    -4.086447     0.443558 
59334.570106 0.000000 0.000000    -4.088693     0.443118 
59334.581333 0.000000 0.000000    -4.090932     0.442680 
59334.592561 0.000000 0.000000    -4.093165     0.442245 
59334.603789 0.000000 0.000000    -4.095392     0.441813 
59334.615017 0.000000 0.000000    -4.097613     0.441383 
59334.626245 0.000000 0.000000    -4.099827     0.440957 
59334.637473 0.000000 0.000000    -4.102035     0.440533 
59334.648701 0.000000 0.000000    -4.104237     0.440111 
59334.659929 0.000000 0.000000    -4.106432     0.439693 
59334.671156 0.000000 0.000000    -4.108621     0.439277 
59334.682384 0.000000 0.000000    -4.110803     0.438864 
59334.693612 0.000000 0.000000    -4.112979     0.438453 
59334.704840 0.000000 0.000000    -4.115148     0.438046 
59334.716068 0.000000 0.000000    -4.117311     0.437641 
59334.727296 0.000000 0.000000    -4.119467     0.437239 
59334.738524 0.000000 0.000000    -4.121617     0.436839 
59334.749752 0.000000 0.000000    -4.123760     0.436442 
59334.760979 0.000000 0.000000    -4.125896     0.436048 
59334.772207 0.000000 0.000000    -4.128026     0.435657 
59334.783435 0.000000 0.000000    -4.130148     0.435268 
59334.794663 0.000000 0.000000    -4.132265     0.434882 
59334.805891 0.000000 0.000000    -4.134374     0.434499 
59334.817119 0.000000 0.000000    -4.136477     0.434118 
59334.828347 0.000000 0.000000    -4.138573     0.433741 
59334.839574 0.000000 0.000000    -4.140662     0.433365 
59334.850802 0.000000 0.000000    -4.142744     0.432993 
59334.862030 0.000000 0.000000    -4.144819     0.432623 
59334.873258 0.000000 0.000000    -4.146887     0.432256 
59334.884486 0.000000 0.000000    -4.148949     0.431891 
59334.895714 0.000000 0.000000    -4.151003     0.431529 
59334.906942 0.000000 0.000000    -4.153050     0.431170 
59334.918170 0.000000 0.000000    -4.155091     0.430813 
59334.929397 0.000000 0.000000    -4.157124     0.430459 
59334.940625 0.000000 0.000000    -4.159150     0.430107 
59334.951853 0.000000 0.000000    -4.161169     0.429759 
59334.963081 0.000000 0.000000    -4.163181     0.429412 
59334.974309 0.000000 0.000000    -4.165186     0.429069 
59334.985537 0.000000 0.000000    -4.167183     0.428728 
59334.996765 0.000000 0.000000    -4.169174     0.428389 
59335.007993 0.000000 0.000000    -4.171157     0.428053 
59335.019220 0.000000 0.000000    -4.173132     0.427720 
59335.030448 0.000000 0.000000    -4.175101     0.427389 
59335.041676 0.000000 0.000000    -4.177062     0.427061 
59335.052904 0.000000 0.000000    -4.179016     0.426736 
59335.064132 0.000000 0.000000    -4.180962     0.426412 
59335.075360 0.000000 0.000000    -4.182901     0.426092 
59335.086588 0.000000 0.000000    -4.184832     0.425774 
59335.097816 0.000000 0.000000    -4.186756     0.425458 
59335.109043 0.000000 0.000000    -4.188673     0.425145 
59335.120271 0.000000 0.000000    -4.190582     0.424835 
59335.131499 0.000000 0.000000    -4.192483     0.424527 
59335.142727 0.000000 0.000000    -4.194377     0.424221 
59335.153955 0.000000 0.000000    -4.196263     0.423918 
59335.165183 0.000000 0.000000    -4.198142     0.423617 
59335.176411 0.000000 0.000000    -4.200013     0.423319 
59335.187638 0.000000 0.000000    -4.201876     0.423023 
59335.198866 0.000000 0.000000    -4.203731     0.422730 
59335.210094 0.000000 0.000000    -4.205579     0.422439 
59335.221322 0.000000 0.000000    -4.207419     0.422150 
59335.232550 0.000000 0.000000    -4.209251     0.421864 
59335.243778 0.000000 0.000000    -4.211075     0.421580 
59335.255006 0.000000 0.000000    -4.212892     0.421298 
59335.266234 0.000000 0.000000    -4.214700     0.421019 
59335.277461 0.000000 0.000000    -4.216501     0.420742 
59335.288689 0.000000 0.000000    -4.218294     0.420468 
59335.299917 0.000000 0.000000    -4.220079     0.420196 
59335.311145 0.000000 0.000000    -4.221855     0.419926 
59335.322373 0.000000 0.000000    -4.223624     0.419658 
59335.333601 0.000000 0.000000    -4.225385     0.419393 
59335.344829 0.000000 0.000000    -4.227137     0.419130 
59335.356057 0.000000 0.000000    -4.228882     0.418869 
59335.367284 0.000000 0.000000    -4.230618     0.418611 
59335.378512 0.000000 0.000000    -4.232346     0.418355 
59335.389740 0.000000 0.000000    -4.234067     0.418101 
59335.400968 0.000000 0.000000    -4.235778     0.417849 
59335.412196 0.000000 0.000000    -4.237482     0.417599 
59335.423424 0.000000 0.000000    -4.239177     0.417352 
59335.434652 0.000000 0.000000    -4.240864     0.417107 
59335.445879 0.000000 0.000000    -4.242543     0.416863 
59335.457107 0.000000 0.000000    -4.244213     0.416622 
59335.468335 0.000000 0.000000    -4.245875     0.416384 
59335.479563 0.000000 0.000000    -4.247529     0.416147 
59335.490791 0.000000 0.000000    -4.249174     0.415912 
59335.502019 0.000000 0.000000    -4.250811     0.415680 
59335.513247 0.000000 0.000000    -4.252439     0.415449 
59335.524475 0.000000 0.000000    -4.254059     0.415221 
59335.535702 0.000000 0.000000    -4.255670     0.414995 
59335.546930 0.000000 0.000000    -4.257273     0.414770 
59335.558158 0.000000 0.000000    -4.258867     0.414548 
59335.569386 0.000000 0.000000    -4.260452     0.414328 
59335.580614 0.000000 0.000000    -4.262029     0.414109 
59335.591842 0.000000 0.000000    -4.263597     0.413893 
59335.603070 0.000000 0.000000    -4.265156     0.413679 
59335.614298 0.000000 0.000000    -4.266707     0.413466 
59335.625525 0.000000 0.000000    -4.268249     0.413256 
59335.636753 0.000000 0.000000    -4.269782     0.413047 
59335.647981 0.000000 0.000000    -4.271307     0.412841 
59335.659209 0.000000 0.000000    -4.272822     0.412636 
59335.670437 0.000000 0.000000    -4.274329     0.412433 
59335.681665 0.000000 0.000000    -4.275827     0.412232 
59335.692893 0.000000 0.000000    -4.277316     0.412033 
59335.704121 0.000000 0.000000    -4.278796     0.411836 
59335.715348 0.000000 0.000000    -4.280267     0.411640 
59335.726576 0.000000 0.000000    -4.281729     0.411446 
59335.737804 0.000000 0.000000    -4.283182     0.411255 
59335.749032 0.000000 0.000000    -4.284626     0.411064 
59335.760260 0.000000 0.000000    -4.286061     0.410876 
59335.771488 0.000000 0.000000    -4.287486     0.410689 
59335.782716 0.000000 0.000000    -4.288903     0.410505 
59335.793943 0.000000 0.000000    -4.290311     0.410321 
59335.805171 0.000000 0.000000    -4.291709     0.410140 
59335.816399 0.000000 0.000000    -4.293098     0.409960 
59335.827627 0.000000 0.000000    -4.294478     0.409782 
59335.838855 0.000000 0.000000    -4.295849     0.409606 
59335.850083 0.000000 0.000000    -4.297210     0.409431 
59335.861311 0.000000 0.000000    -4.298562     0.409258 
59335.872539 0.000000 0.000000    -4.299905     0.409086 
59335.883766 0.000000 0.000000    -4.301239     0.408916 
59335.894994 0.000000 0.000000    -4.302563     0.408748 
59335.906222 0.000000 0.000000    -4.303877     0.408581 
59335.917450 0.000000 0.000000    -4.305182     0.408416 
59335.928678 0.000000 0.000000    -4.306478     0.408252 
59335.939906 0.000000 0.000000    -4.307764     0.408090 
59335.951134 0.000000 0.000000    -4.309041     0.407929 
59335.962362 0.000000 0.000000    -4.310308     0.407770 
59335.973589 0.000000 0.000000    -4.311566     0.407612 
59335.984817 0.000000 0.000000    -4.312814     0.407456 
59335.996045 0.000000 0.000000    -4.314053     0.407301 
59336.007273 0.000000 0.000000    -4.315281     0.407148 
59336.018501 0.000000 0.000000    -4.316501     0.406996 
59336.029729 0.000000 0.000000    -4.317710     0.406845 
59336.040957 0.000000 0.000000    -4.318910     0.406696 
59336.052185 0.000000 0.000000    -4.320100     0.406548 
59336.063412 0.000000 0.000000    -4.321280     0.406402 
59336.074640 0.000000 0.000000    -4.322450     0.406257 
59336.085868 0.000000 0.000000    -4.323611     0.406113 
59336.097096 0.000000 0.000000    -4.324762     0.405971 
59336.108324 0.000000 0.000000    -4.325902     0.405829 
59336.119552 0.000000 0.000000    -4.327033     0.405690 
59336.130780 0.000000 0.000000    -4.328154     0.405551 
59336.142007 0.000000 0.000000    -4.329266     0.405414 
59336.153235 0.000000 0.000000    -4.330367     0.405278 
59336.164463 0.000000 0.000000    -4.331458     0.405143 
59336.175691 0.000000 0.000000    -4.332539     0.405009 
59336.186919 0.000000 0.000000    -4.333610     0.404877 
59336.198147 0.000000 0.000000    -4.334671     0.404746 
59336.209375 0.000000 0.000000    -4.335722     0.404615 
59336.220603 0.000000 0.000000    -4.336762     0.404487 
59336.231830 0.000000 0.000000    -4.337793     0.404359 
59336.243058 0.000000 0.000000    -4.338813     0.404232 
59336.254286 0.000000 0.000000    -4.339824     0.404107 
59336.265514 0.000000 0.000000    -4.340823     0.403982 
59336.276742 0.000000 0.000000    -4.341813     0.403859 
59336.287970 0.000000 0.000000    -4.342793     0.403737 
59336.299198 0.000000 0.000000    -4.343762     0.403615 
59336.310426 0.000000 0.000000    -4.344720     0.403495 
59336.321653 0.000000 0.000000    -4.345669     0.403376 
59336.332881 0.000000 0.000000    -4.346607     0.403258 
59336.344109 0.000000 0.000000    -4.347535     0.403141 
59336.355337 0.000000 0.000000    -4.348452     0.403025 
59336.366565 0.000000 0.000000    -4.349359     0.402910 
59336.377793 0.000000 0.000000    -4.350255     0.402796 
59336.389021 0.000000 0.000000    -4.351141     0.402682 
59336.400249 0.000000 0.000000    -4.352016     0.402570 
59336.411476 0.000000 0.000000    -4.352881     0.402459 
59336.422704 0.000000 0.000000    -4.353735     0.402348 
59336.433932 0.000000 0.000000    -4.354578     0.402239 
59336.445160 0.000000 0.000000    -4.355411     0.402130 
59336.456388 0.000000 0.000000    -4.356233     0.402023 
59336.467616 0.000000 0.000000    -4.357045     0.401916 
59336.478844 0.000000 0.000000    -4.357846     0.401810 
59336.490071 0.000000 0.000000    -4.358636     0.401704 
59336.501299 0.000000 0.000000    -4.359415     0.401600 
59336.512527 0.000000 0.000000    -4.360184     0.401496 
59336.523755 0.000000 0.000000    -4.360942     0.401394 
59336.534983 0.000000 0.000000    -4.361688     0.401292 
59336.546211 0.000000 0.000000    -4.362425     0.401191 
59336.557439 0.000000 0.000000    -4.363150     0.401090 
59336.568667 0.000000 0.000000    -4.363864     0.400990 
59336.579894 0.000000 0.000000    -4.364568     0.400892 
59336.591122 0.000000 0.000000    -4.365260     0.400793 
59336.602350 0.000000 0.000000    -4.365942     0.400696 
59336.613578 0.000000 0.000000    -4.366612     0.400599 
59336.624806 0.000000 0.000000    -4.367272     0.400503 
59336.636034 0.000000 0.000000    -4.367920     0.400408 
59336.647262 0.000000 0.000000    -4.368557     0.400313 
59336.658490 0.000000 0.000000    -4.369184     0.400219 
59336.669717 0.000000 0.000000    -4.369799     0.400125 
59336.680945 0.000000 0.000000    -4.370403     0.400033 
59336.692173 0.000000 0.000000    -4.370996     0.399940 
59336.703401 0.000000 0.000000    -4.371578     0.399849 
59336.714629 0.000000 0.000000    -4.372148     0.399758 
59336.725857 0.000000 0.000000    -4.372707     0.399668 
59336.737085 0.000000 0.000000    -4.373255     0.399578 
59336.748312 0.000000 0.000000    -4.373792     0.399489 
59336.759540 0.000000 0.000000    -4.374317     0.399400 
59336.770768 0.000000 0.000000    -4.374832     0.399312 
59336.781996 0.000000 0.000000    -4.375334     0.399224 
59336.793224 0.000000 0.000000    -4.375826     0.399137 
59336.804452 0.000000 0.000000    -4.376306     0.399051 
59336.815680 0.000000 0.000000    -4.376774     0.398965 
59336.826908 0.000000 0.000000    -4.377231     0.398879 
59336.838135 0.000000 0.000000    -4.377677     0.398795 
59336.849363 0.000000 0.000000    -4.378111     0.398710 
59336.860591 0.000000 0.000000    -4.378534     0.398626 
59336.871819 0.000000 0.000000    -4.378945     0.398542 
59336.883047 0.000000 0.000000    -4.379344     0.398459 
59336.894275 0.000000 0.000000    -4.379732     0.398377 
59336.905503 0.000000 0.000000    -4.380109     0.398295 
59336.916731 0.000000 0.000000    -4.380473     0.398213 
59336.927958 0.000000 0.000000    -4.380826     0.398131 
59336.939186 0.000000 0.000000    -4.381168     0.398051 
59336.950414 0.000000 0.000000    -4.381497     0.397970 
59336.961642 0.000000 0.000000    -4.381815     0.397890 
59336.972870 0.000000 0.000000    -4.382122     0.397810 
59336.984098 0.000000 0.000000    -4.382416     0.397731 
59336.995326 0.000000 0.000000    -4.382699     0.397652 
59337.006554 0.000000 0.000000    -4.382970     0.397573 
59337.017781 0.000000 0.000000    -4.383229     0.397495 
59337.029009 0.000000 0.000000    -4.383476     0.397417 
59337.040237 0.000000 0.000000    -4.383711     0.397339 
59337.051465 0.000000 0.000000    -4.383935     0.397262 
59337.062693 0.000000 0.000000    -4.384146     0.397185 
59337.073921 0.000000 0.000000    -4.384346     0.397108 
59337.085149 0.000000 0.000000    -4.384533     0.397032 
59337.096376 0.000000 0.000000    -4.384709     0.396956 
59337.107604 0.000000 0.000000    -4.384872     0.396880 
59337.118832 0.000000 0.000000    -4.385024     0.396804 
59337.130060 0.000000 0.000000    -4.385163     0.396729 
59337.141288 0.000000 0.000000    -4.385291     0.396654 
59337.152516 0.000000 0.000000    -4.385406     0.396579 
59337.163744 0.000000 0.000000    -4.385509     0.396505 
59337.174972 0.000000 0.000000    -4.385600     0.396431 
59337.186199 0.000000 0.000000    -4.385679     0.396357 
59337.197427 0.000000 0.000000    -4.385746     0.396283 
59337.208655 0.000000 0.000000    -4.385800     0.396210 
59337.219883 0.000000 0.000000    -4.385842     0.396136 
59337.231111 0.000000 0.000000    -4.385872     0.396063 
59337.242339 0.000000 0.000000    -4.385890     0.395990 
59337.253567 0.000000 0.000000    -4.385896     0.395918 
59337.264795 0.000000 0.000000    -4.385889     0.395845 
59337.276022 0.000000 0.000000    -4.385870     0.395773 
59337.287250 0.000000 0.000000    -4.385838     0.395701 
59337.298478 0.000000 0.000000    -4.385794     0.395629 
59337.309706 0.000000 0.000000    -4.385738     0.395557 
59337.320934 0.000000 0.000000    -4.385669     0.395485 
59337.332162 0.000000 0.000000    -4.385588     0.395414 
59337.343390 0.000000 0.000000    -4.385494     0.395343 
59337.354618 0.000000 0.000000    -4.385388     0.395272 
59337.365845 0.000000 0.000000    -4.385269     0.395201 
59337.377073 0.000000 0.000000    -4.385138     0.395130 
59337.388301 0.000000 0.000000    -4.384994     0.395059 
59337.399529 0.000000 0.000000    -4.384838     0.394989 
59337.410757 0.000000 0.000000    -4.384669     0.394918 
59337.421985 0.000000 0.000000    -4.384487     0.394848 
59337.433213 0.000000 0.000000    -4.384293     0.394778 
59337.444440 0.000000 0.000000    -4.384086     0.394707 
59337.455668 0.000000 0.000000    -4.383867     0.394637 
59337.466896 0.000000 0.000000    -4.383635     0.394567 
59337.478124 0.000000 0.000000    -4.383390     0.394498 
59337.489352 0.000000 0.000000    -4.383132     0.394428 
59337.500580 0.000000 0.000000    -4.382862     0.394358 
59337.511808 0.000000 0.000000    -4.382579     0.394289 
59337.523036 0.000000 0.000000    -4.382283     0.394219 
59337.534263 0.000000 0.000000    -4.381974     0.394150 
59337.545491 0.000000 0.000000    -4.381652     0.394081 
59337.556719 0.000000 0.000000    -4.381318     0.394011 
59337.567947 0.000000 0.000000    -4.380971     0.393942 
59337.579175 0.000000 0.000000    -4.380611     0.393873 
59337.590403 0.000000 0.000000    -4.380238     0.393804 
59337.601631 0.000000 0.000000    -4.379851     0.393735 
59337.612859 0.000000 0.000000    -4.379453     0.393666 
59337.624086 0.000000 0.000000    -4.379041     0.393597 
59337.635314 0.000000 0.000000    -4.378616     0.393528 
59337.646542 0.000000 0.000000    -4.378178     0.393459 
59337.657770 0.000000 0.000000    -4.377727     0.393391 
59337.668998 0.000000 0.000000    -4.377263     0.393322 
59337.680226 0.000000 0.000000    -4.376786     0.393253 
59337.691454 0.000000 0.000000    -4.376295     0.393184 
59337.702682 0.000000 0.000000    -4.375792     0.393116 
59337.713909 0.000000 0.000000    -4.375276     0.393047 
59337.725137 0.000000 0.000000    -4.374746     0.392979 
59337.736365 0.000000 0.000000    -4.374204     0.392910 
59337.747593 0.000000 0.000000    -4.373648     0.392841 
59337.758821 0.000000 0.000000    -4.373079     0.392773 
59337.770049 0.000000 0.000000    -4.372496     0.392704 
59337.781277 0.000000 0.000000    -4.371901     0.392636 
59337.792504 0.000000 0.000000    -4.371292     0.392567 
59337.803732 0.000000 0.000000    -4.370670     0.392499 
59337.814960 0.000000 0.000000    -4.370035     0.392430 
59337.826188 0.000000 0.000000    -4.369386     0.392361 
59337.837416 0.000000 0.000000    -4.368724     0.392293 
59337.848644 0.000000 0.000000    -4.368049     0.392224 
59337.859872 0.000000 0.000000    -4.367360     0.392156 
59337.871100 0.000000 0.000000    -4.366658     0.392087 
59337.882327 0.000000 0.000000    -4.365942     0.392019 
59337.893555 0.000000 0.000000    -4.365213     0.391950 
59337.904783 0.000000 0.000000    -4.364471     0.391882 
59337.916011 0.000000 0.000000    -4.363715     0.391813 
59337.927239 0.000000 0.000000    -4.362946     0.391744 
59337.938467 0.000000 0.000000    -4.362163     0.391676 
59337.949695 0.000000 0.000000    -4.361367     0.391607 
59337.960923 0.000000 0.000000    -4.360557     0.391539 
59337.972150 0.000000 0.000000    -4.359734     0.391470 
59337.983378 0.000000 0.000000    -4.358897     0.391401 
59337.994606 0.000000 0.000000    -4.358046     0.391332 
59338.005834 0.000000 0.000000    -4.357182     0.391264 
59338.017062 0.000000 0.000000    -4.356305     0.391195 
59338.028290 0.000000 0.000000    -4.355413     0.391126 
59338.039518 0.000000 0.000000    -4.354508     0.391057 
59338.050745 0.000000 0.000000    -4.353590     0.390989 
59338.061973 0.000000 0.000000    -4.352658     0.390920 
59338.073201 0.000000 0.000000    -4.351712     0.390851 
59338.084429 0.000000 0.000000    -4.350752     0.390782 
59338.095657 0.000000 0.000000    -4.349778     0.390713 
59338.106885 0.000000 0.000000    -4.348791     0.390644 
59338.118113 0.000000 0.000000    -4.347790     0.390575 
59338.129341 0.000000 0.000000    -4.346776     0.390506 
59338.140568 0.000000 0.000000    -4.345747     0.390437 
59338.151796 0.000000 0.000000    -4.344705     0.390368 
59338.163024 0.000000 0.000000    -4.343649     0.390299 
59338.174252 0.000000 0.000000    -4.342579     0.390230 
59338.185480 0.000000 0.000000    -4.341495     0.390161 
59338.196708 0.000000 0.000000    -4.340397     0.390092 
59338.207936 0.000000 0.000000    -4.339285     0.390023 
59338.219164 0.000000 0.000000    -4.338160     0.389953 
59338.230391 0.000000 0.000000    -4.337020     0.389884 
59338.241619 0.000000 0.000000    -4.335867     0.389815 
59338.252847 0.000000 0.000000    -4.334700     0.389746 
59338.264075 0.000000 0.000000    -4.333518     0.389676 
59338.275303 0.000000 0.000000    -4.332323     0.389607 
59338.286531 0.000000 0.000000    -4.331114     0.389538 
59338.297759 0.000000 0.000000    -4.329890     0.389469 
59338.308987 0.000000 0.000000    -4.328653     0.389399 
59338.320214 0.000000 0.000000    -4.327401     0.389330 
59338.331442 0.000000 0.000000    -4.326136     0.389260 
59338.342670 0.000000 0.000000    -4.324856     0.389191 
59338.353898 0.000000 0.000000    -4.323563     0.389121 
59338.365126 0.000000 0.000000    -4.322255     0.389052 
59338.376354 0.000000 0.000000    -4.320933     0.388983 
59338.387582 0.000000 0.000000    -4.319597     0.388913 
59338.398809 0.000000 0.000000    -4.318247     0.388844 
59338.410037 0.000000 0.000000    -4.316883     0.388774 
59338.421265 0.000000 0.000000    -4.315504     0.388704 
59338.432493 0.000000 0.000000    -4.314111     0.388635 
59338.443721 0.000000 0.000000    -4.312704     0.388565 
59338.454949 0.000000 0.000000    -4.311283     0.388496 
59338.466177 0.000000 0.000000    -4.309848     0.388426 
59338.477405 0.000000 0.000000    -4.308398     0.388357 
59338.488632 0.000000 0.000000    -4.306934     0.388287 
59338.499860 0.000000 0.000000    -4.305456     0.388218 
59338.511088 0.000000 0.000000    -4.303964     0.388148 
59338.522316 0.000000 0.000000    -4.302457     0.388078 
59338.533544 0.000000 0.000000    -4.300936     0.388009 
59338.544772 0.000000 0.000000    -4.299400     0.387939 
59338.556000 0.000000 0.000000    -4.297851     0.387870 
59338.567228 0.000000 0.000000    -4.296287     0.387800 
59338.578455 0.000000 0.000000    -4.294708     0.387730 
59338.589683 0.000000 0.000000    -4.293115     0.387661 
59338.600911 0.000000 0.000000    -4.291508     0.387591 
59338.612139 0.000000 0.000000    -4.289886     0.387522 
59338.623367 0.000000 0.000000    -4.288250     0.387452 
59338.634595 0.000000 0.000000    -4.286599     0.387383 
59338.645823 0.000000 0.000000    -4.284934     0.387313 
59338.657051 0.000000 0.000000    -4.283255     0.387244 
59338.668278 0.000000 0.000000    -4.281561     0.387175 
59338.679506 0.000000 0.000000    -4.279852     0.387105 
59338.690734 0.000000 0.000000    -4.278129     0.387036 
59338.701962 0.000000 0.000000    -4.276392     0.386966 
59338.713190 0.000000 0.000000    -4.274640     0.386897 
59338.724418 0.000000 0.000000    -4.272873     0.386828 
59338.735646 0.000000 0.000000    -4.271092     0.386759 
59338.746873 0.000000 0.000000    -4.269297     0.386689 
59338.758101 0.000000 0.000000    -4.267486     0.386620 
59338.769329 0.000000 0.000000    -4.265661     0.386551 
59338.780557 0.000000 0.000000    -4.263822     0.386482 
59338.791785 0.000000 0.000000    -4.261968     0.386413 
59338.803013 0.000000 0.000000    -4.260099     0.386344 
59338.814241 0.000000 0.000000    -4.258216     0.386275 
59338.825469 0.000000 0.000000    -4.256318     0.386206 
59338.836696 0.000000 0.000000    -4.254405     0.386137 
59338.847924 0.000000 0.000000    -4.252478     0.386068 
59338.859152 0.000000 0.000000    -4.250536     0.386000 
59338.870380 0.000000 0.000000    -4.248580     0.385931 
59338.881608 0.000000 0.000000    -4.246608     0.385863 
59338.892836 0.000000 0.000000    -4.244622     0.385794 
59338.904064 0.000000 0.000000    -4.242621     0.385726 
59338.915292 0.000000 0.000000    -4.240606     0.385657 
59338.926519 0.000000 0.000000    -4.238576     0.385589 
59338.937747 0.000000 0.000000    -4.236530     0.385521 
59338.948975 0.000000 0.000000    -4.234471     0.385453 
59338.960203 0.000000 0.000000    -4.232396     0.385384 
59338.971431 0.000000 0.000000    -4.230307     0.385316 
59338.982659 0.000000 0.000000    -4.228203     0.385249 
59338.993887 0.000000 0.000000    -4.226084     0.385181 
59339.005114 0.000000 0.000000    -4.223950     0.385113 
59339.016342 0.000000 0.000000    -4.221801     0.385045 
59339.027570 0.000000 0.000000    -4.219638     0.384978 
59339.038798 0.000000 0.000000    -4.217460     0.384911 
59339.050026 0.000000 0.000000    -4.215266     0.384843 
59339.061254 0.000000 0.000000    -4.213058     0.384776 
59339.072482 0.000000 0.000000    -4.210836     0.384709 
59339.083710 0.000000 0.000000    -4.208598     0.384642 
59339.094937 0.000000 0.000000    -4.206345     0.384575 
59339.106165 0.000000 0.000000    -4.204078     0.384508 
59339.117393 0.000000 0.000000    -4.201795     0.384442 
59339.128621 0.000000 0.000000    -4.199498     0.384375 
59339.139849 0.000000 0.000000    -4.197185     0.384309 
59339.151077 0.000000 0.000000    -4.194858     0.384243 
59339.162305 0.000000 0.000000    -4.192516     0.384177 
59339.173533 0.000000 0.000000    -4.190159     0.384111 
59339.184760 0.000000 0.000000    -4.187787     0.384045 
59339.195988 0.000000 0.000000    -4.185400     0.383979 
59339.207216 0.000000 0.000000    -4.182997     0.383913 
59339.218444 0.000000 0.000000    -4.180580     0.383848 
59339.229672 0.000000 0.000000    -4.178148     0.383783 
59339.240900 0.000000 0.000000    -4.175701     0.383718 
59339.252128 0.000000 0.000000    -4.173239     0.383653 
59339.263356 0.000000 0.000000    -4.170762     0.383588 
59339.274583 0.000000 0.000000    -4.168270     0.383523 
59339.285811 0.000000 0.000000    -4.165763     0.383459 
59339.297039 0.000000 0.000000    -4.163241     0.383395 
59339.308267 0.000000 0.000000    -4.160703     0.383330 
59339.319495 0.000000 0.000000    -4.158151     0.383266 
59339.330723 0.000000 0.000000    -4.155584     0.383203 
59339.341951 0.000000 0.000000    -4.153001     0.383139 
59339.353178 0.000000 0.000000    -4.150404     0.383076 
59339.364406 0.000000 0.000000    -4.147791     0.383012 
59339.375634 0.000000 0.000000    -4.145163     0.382949 
59339.386862 0.000000 0.000000    -4.142520     0.382886 
59339.398090 0.000000 0.000000    -4.139862     0.382824 
59339.409318 0.000000 0.000000    -4.137189     0.382761 
59339.420546 0.000000 0.000000    -4.134501     0.382699 
59339.431774 0.000000 0.000000    -4.131798     0.382637 
59339.443001 0.000000 0.000000    -4.129079     0.382575 
59339.454229 0.000000 0.000000    -4.126346     0.382513 
59339.465457 0.000000 0.000000    -4.123597     0.382452 
59339.476685 0.000000 0.000000    -4.120833     0.382391 
59339.487913 0.000000 0.000000    -4.118054     0.382330 
59339.499141 0.000000 0.000000    -4.115260     0.382269 
59339.510369 0.000000 0.000000    -4.112451     0.382208 
59339.521597 0.000000 0.000000    -4.109626     0.382148 
59339.532824 0.000000 0.000000    -4.106787     0.382088 
59339.544052 0.000000 0.000000    -4.103932     0.382028 
59339.555280 0.000000 0.000000    -4.101062     0.381968 
59339.566508 0.000000 0.000000    -4.098176     0.381909 
59339.577736 0.000000 0.000000    -4.095276     0.381849 
59339.588964 0.000000 0.000000    -4.092360     0.381790 
59339.600192 0.000000 0.000000    -4.089429     0.381732 
59339.611420 0.000000 0.000000    -4.086483     0.381673 
59339.622647 0.000000 0.000000    -4.083522     0.381615 
59339.633875 0.000000 0.000000    -4.080545     0.381557 
59339.645103 0.000000 0.000000    -4.077553     0.381499 
59339.656331 0.000000 0.000000    -4.074546     0.381442 
59339.667559 0.000000 0.000000    -4.071524     0.381385 
59339.678787 0.000000 0.000000    -4.068487     0.381328 
59339.690015 0.000000 0.000000    -4.065434     0.381271 
59339.701242 0.000000 0.000000    -4.062366     0.381215 
59339.712470 0.000000 0.000000    -4.059283     0.381159 
59339.723698 0.000000 0.000000    -4.056184     0.381103 
59339.734926 0.000000 0.000000    -4.053070     0.381047 
59339.746154 0.000000 0.000000    -4.049941     0.380992 
59339.757382 0.000000 0.000000    -4.046797     0.380937 
59339.768610 0.000000 0.000000    -4.043637     0.380882 
59339.779838 0.000000 0.000000    -4.040462     0.380828 
59339.791065 0.000000 0.000000    -4.037272     0.380774 
59339.802293 0.000000 0.000000    -4.034067     0.380720 
59339.813521 0.000000 0.000000    -4.030846     0.380666 
59339.824749 0.000000 0.000000    -4.027610     0.380613 
59339.835977 0.000000 0.000000    -4.024359     0.380560 
59339.847205 0.000000 0.000000    -4.021092     0.380508 
59339.858433 0.000000 0.000000    -4.017810     0.380455 
59339.869661 0.000000 0.000000    -4.014513     0.380403 
59339.880888 0.000000 0.000000    -4.011201     0.380352 
59339.892116 0.000000 0.000000    -4.007873     0.380300 
59339.903344 0.000000 0.000000    -4.004530     0.380249 
59339.914572 0.000000 0.000000    -4.001172     0.380198 
59339.925800 0.000000 0.000000    -3.997798     0.380148 
59339.937028 0.000000 0.000000    -3.994409     0.380098 
59339.948256 0.000000 0.000000    -3.991005     0.380048 
59339.959484 0.000000 0.000000    -3.987585     0.379999 
59339.970711 0.000000 0.000000    -3.984150     0.379950 
59339.981939 0.000000 0.000000    -3.980700     0.379901 
59339.993167 0.000000 0.000000    -3.977234     0.379853 
59340.004395 0.000000 0.000000    -3.973753     0.379804 
59340.015623 0.000000 0.000000    -3.970257     0.379757 
59340.026851 0.000000 0.000000    -3.966746     0.379709 
59340.038079 0.000000 0.000000    -3.963219     0.379662 
59340.049306 0.000000 0.000000    -3.959677     0.379616 
59340.060534 0.000000 0.000000    -3.956119     0.379569 
59340.071762 0.000000 0.000000    -3.952546     0.379523 
59340.082990 0.000000 0.000000    -3.948958     0.379478 
59340.094218 0.000000 0.000000    -3.945355     0.379432 
59340.105446 0.000000 0.000000    -3.941736     0.379387 
59340.116674 0.000000 0.000000    -3.938102     0.379343 
59340.127902 0.000000 0.000000    -3.934452     0.379299 
59340.139129 0.000000 0.000000    -3.930788     0.379255 
59340.150357 0.000000 0.000000    -3.927108     0.379211 
59340.161585 0.000000 0.000000    -3.923412     0.379168 
59340.172813 0.000000 0.000000    -3.919702     0.379126 
59340.184041 0.000000 0.000000    -3.915975     0.379083 
59340.195269 0.000000 0.000000    -3.912234     0.379041 
59340.206497 0.000000 0.000000    -3.908477     0.379000 
59340.217725 0.000000 0.000000    -3.904705     0.378959 
59340.228952 0.000000 0.000000    -3.900918     0.378918 
59340.240180 0.000000 0.000000    -3.897115     0.378877 
59340.251408 0.000000 0.000000    -3.893298     0.378837 
59340.262636 0.000000 0.000000    -3.889464     0.378798 
59340.273864 0.000000 0.000000    -3.885616     0.378758 
59340.285092 0.000000 0.000000    -3.881752     0.378720 
59340.296320 0.000000 0.000000    -3.877873     0.378681 
59340.307547 0.000000 0.000000    -3.873978     0.378643 
59340.318775 0.000000 0.000000    -3.870068     0.378605 
59340.330003 0.000000 0.000000    -3.866143     0.378568 
59340.341231 0.000000 0.000000    -3.862203     0.378531 
59340.352459 0.000000 0.000000    -3.858247     0.378495 
59340.363687 0.000000 0.000000    -3.854276     0.378459 
59340.374915 0.000000 0.000000    -3.850290     0.378423 
59340.386143 0.000000 0.000000    -3.846288     0.378388 
59340.397370 0.000000 0.000000    -3.842271     0.378353 
59340.408598 0.000000 0.000000    -3.838239     0.378318 
59340.419826 0.000000 0.000000    -3.834191     0.378284 
59340.431054 0.000000 0.000000    -3.830129     0.378251 
59340.442282 0.000000 0.000000    -3.826051     0.378218 
59340.453510 0.000000 0.000000    -3.821957     0.378185 
59340.464738 0.000000 0.000000    -3.817849     0.378153 
59340.475966 0.000000 0.000000    -3.813725     0.378121 
59340.487193 0.000000 0.000000    -3.809586     0.378089 
59340.498421 0.000000 0.000000    -3.805431     0.378058 
59340.509649 0.000000 0.000000    -3.801262     0.378027 
59340.520877 0.000000 0.000000    -3.797077     0.377997 
59340.532105 0.000000 0.000000    -3.792877     0.377967 
59340.543333 0.000000 0.000000    -3.788661     0.377938 
59340.554561 0.000000 0.000000    -3.784431     0.377909 
59340.565789 0.000000 0.000000    -3.780185     0.377880 
59340.577016 0.000000 0.000000    -3.775924     0.377852 
59340.588244 0.000000 0.000000    -3.771648     0.377825 
59340.599472 0.000000 0.000000    -3.767356     0.377797 
59340.610700 0.000000 0.000000    -3.763049     0.377771 
59340.621928 0.000000 0.000000    -3.758727     0.377744 
59340.633156 0.000000 0.000000    -3.754390     0.377718 
59340.644384 0.000000 0.000000    -3.750038     0.377693 
59340.655611 0.000000 0.000000    -3.745670     0.377668 
59340.666839 0.000000 0.000000    -3.741287     0.377643 
59340.678067 0.000000 0.000000    -3.736889     0.377619 
59340.689295 0.000000 0.000000    -3.732476     0.377595 
59340.700523 0.000000 0.000000    -3.728048     0.377572 
59340.711751 0.000000 0.000000    -3.723604     0.377549 
59340.722979 0.000000 0.000000    -3.719146     0.377527 
59340.734207 0.000000 0.000000    -3.714672     0.377505 
59340.745434 0.000000 0.000000    -3.710183     0.377483 
59340.756662 0.000000 0.000000    -3.705679     0.377462 
59340.767890 0.000000 0.000000    -3.701160     0.377441 
59340.779118 0.000000 0.000000    -3.696625     0.377421 
59340.790346 0.000000 0.000000    -3.692076     0.377401 
59340.801574 0.000000 0.000000    -3.687511     0.377382 
59340.812802 0.000000 0.000000    -3.682931     0.377363 
59340.824030 0.000000 0.000000    -3.678336     0.377345 
59340.835257 0.000000 0.000000    -3.673726     0.377327 
59340.846485 0.000000 0.000000    -3.669101     0.377309 
59340.857713 0.000000 0.000000    -3.664461     0.377292 
59340.868941 0.000000 0.000000    -3.659806     0.377276 
59340.880169 0.000000 0.000000    -3.655136     0.377260 
59340.891397 0.000000 0.000000    -3.650450     0.377244 
59340.902625 0.000000 0.000000    -3.645750     0.377229 
59340.913853 0.000000 0.000000    -3.641034     0.377214 
59340.925080 0.000000 0.000000    -3.636304     0.377200 
59340.936308 0.000000 0.000000    -3.631558     0.377186 
59340.947536 0.000000 0.000000    -3.626798     0.377172 
59340.958764 0.000000 0.000000    -3.622022     0.377159 
59340.969992 0.000000 0.000000    -3.617232     0.377147 
59340.981220 0.000000 0.000000    -3.612426     0.377135 
59340.992448 0.000000 0.000000    -3.607606     0.377123 
59341.003675 0.000000 0.000000    -3.602770     0.377112 
59341.014903 0.000000 0.000000    -3.597920     0.377101 
59341.026131 0.000000 0.000000    -3.593054     0.377091 
59341.037359 0.000000 0.000000    -3.588174     0.377081 
59341.048587 0.000000 0.000000    -3.583278     0.377072 
59341.059815 0.000000 0.000000    -3.578368     0.377063 
59341.071043 0.000000 0.000000    -3.573443     0.377054 
59341.082271 0.000000 0.000000    -3.568503     0.377046 
59341.093498 0.000000 0.000000    -3.563547     0.377039 
59341.104726 0.000000 0.000000    -3.558577     0.377031 
59341.115954 0.000000 0.000000    -3.553593     0.377025 
59341.127182 0.000000 0.000000    -3.548593     0.377018 
59341.138410 0.000000 0.000000    -3.543578     0.377013 
59341.149638 0.000000 0.000000    -3.538549     0.377007 
59341.160866 0.000000 0.000000    -3.533505     0.377003 
59341.172094 0.000000 0.000000    -3.528445     0.376998 
59341.183321 0.000000 0.000000    -3.523371     0.376994 
59341.194549 0.000000 0.000000    -3.518283     0.376991 
59341.205777 0.000000 0.000000    -3.513179     0.376988 
59341.217005 0.000000 0.000000    -3.508061     0.376985 
59341.228233 0.000000 0.000000    -3.502927     0.376983 
59341.239461 0.000000 0.000000    -3.497780     0.376981 
59341.250689 0.000000 0.000000    -3.492617     0.376980 
59341.261917 0.000000 0.000000    -3.487439     0.376979 
59341.273144 0.000000 0.000000    -3.482247     0.376978 
59341.284372 0.000000 0.000000    -3.477040     0.376978 
59341.295600 0.000000 0.000000    -3.471819     0.376979 
59341.306828 0.000000 0.000000    -3.466582     0.376980 
59341.318056 0.000000 0.000000    -3.461331     0.376981 
59341.329284 0.000000 0.000000    -3.456066     0.376983 
59341.340512 0.000000 0.000000    -3.450785     0.376985 
59341.351739 0.000000 0.000000    -3.445490     0.376988 
59341.362967 0.000000 0.000000    -3.440180     0.376991 
59341.374195 0.000000 0.000000    -3.434856     0.376995 
59341.385423 0.000000 0.000000    -3.429517     0.376999 
59341.396651 0.000000 0.000000    -3.424164     0.377003 
59341.407879 0.000000 0.000000    -3.418796     0.377008 
59341.419107 0.000000 0.000000    -3.413413     0.377013 
59341.430335 0.000000 0.000000    -3.408016     0.377019 
59341.441562 0.000000 0.000000    -3.402604     0.377025 
59341.452790 0.000000 0.000000    -3.397177     0.377032 
59341.464018 0.000000 0.000000    -3.391737     0.377039 
59341.475246 0.000000 0.000000    -3.386281     0.377046 
59341.486474 0.000000 0.000000    -3.380811     0.377054 
59341.497702 0.000000 0.000000    -3.375327     0.377063 
59341.508930 0.000000 0.000000    -3.369828     0.377071 
59341.520158 0.000000 0.000000    -3.364315     0.377080 
59341.531385 0.000000 0.000000    -3.358787     0.377090 
59341.542613 0.000000 0.000000    -3.353245     0.377100 
59341.553841 0.000000 0.000000    -3.347688     0.377110 
59341.565069 0.000000 0.000000    -3.342117     0.377121 
59341.576297 0.000000 0.000000    -3.336532     0.377133 
59341.587525 0.000000 0.000000    -3.330932     0.377144 
59341.598753 0.000000 0.000000    -3.325318     0.377156 
59341.609980 0.000000 0.000000    -3.319689     0.377169 
59341.621208 0.000000 0.000000    -3.314047     0.377182 
59341.632436 0.000000 0.000000    -3.308389     0.377195 
59341.643664 0.000000 0.000000    -3.302718     0.377209 
59341.654892 0.000000 0.000000    -3.297032     0.377223 
59341.666120 0.000000 0.000000    -3.291332     0.377238 
59341.677348 0.000000 0.000000    -3.285618     0.377253 
59341.688576 0.000000 0.000000    -3.279890     0.377268 
59341.699803 0.000000 0.000000    -3.274147     0.377284 
59341.711031 0.000000 0.000000    -3.268390     0.377300 
59341.722259 0.000000 0.000000    -3.262619     0.377316 
59341.733487 0.000000 0.000000    -3.256834     0.377333 
59341.744715 0.000000 0.000000    -3.251035     0.377351 
59341.755943 0.000000 0.000000    -3.245221     0.377369 
59341.767171 0.000000 0.000000    -3.239393     0.377387 
59341.778399 0.000000 0.000000    -3.233552     0.377405 
59341.789626 0.000000 0.000000    -3.227696     0.377424 
59341.800854 0.000000 0.000000    -3.221826     0.377444 
59341.812082 0.000000 0.000000    -3.215942     0.377463 
59341.823310 0.000000 0.000000    -3.210044     0.377483 
59341.834538 0.000000 0.000000    -3.204132     0.377504 
59341.845766 0.000000 0.000000    -3.198206     0.377525 
59341.856994 0.000000 0.000000    -3.192266     0.377546 
59341.868222 0.000000 0.000000    -3.186312     0.377568 
59341.879449 0.000000 0.000000    -3.180344     0.377590 
59341.890677 0.000000 0.000000    -3.174362     0.377612 
59341.901905 0.000000 0.000000    -3.168366     0.377635 
59341.913133 0.000000 0.000000    -3.162356     0.377658 
59341.924361 0.000000 0.000000    -3.156333     0.377681 
59341.935589 0.000000 0.000000    -3.150295     0.377705 
59341.946817 0.000000 0.000000    -3.144244     0.377730 
59341.958044 0.000000 0.000000    -3.138179     0.377754 
59341.969272 0.000000 0.000000    -3.132100     0.377779 
59341.980500 0.000000 0.000000    -3.126007     0.377804 
59341.991728 0.000000 0.000000    -3.119900     0.377830 
59342.002956 0.000000 0.000000    -3.113780     0.377856 
59342.014184 0.000000 0.000000    -3.107646     0.377882 
59342.025412 0.000000 0.000000    -3.101498     0.377909 
59342.036640 0.000000 0.000000    -3.095337     0.377936 
59342.047867 0.000000 0.000000    -3.089162     0.377964 
59342.059095 0.000000 0.000000    -3.082973     0.377991 
59342.070323 0.000000 0.000000    -3.076771     0.378020 
59342.081551 0.000000 0.000000    -3.070555     0.378048 
59342.092779 0.000000 0.000000    -3.064325     0.378077 
59342.104007 0.000000 0.000000    -3.058082     0.378106 
59342.115235 0.000000 0.000000    -3.051825     0.378135 
59342.126463 0.000000 0.000000    -3.045555     0.378165 
59342.137690 0.000000 0.000000    -3.039271     0.378195 
59342.148918 0.000000 0.000000    -3.032974     0.378226 
59342.160146 0.000000 0.000000    -3.026663     0.378257 
59342.171374 0.000000 0.000000    -3.020339     0.378288 
59342.182602 0.000000 0.000000    -3.014001     0.378319 
59342.193830 0.000000 0.000000    -3.007650     0.378351 
59342.205058 0.000000 0.000000    -3.001285     0.378383 
59342.216286 0.000000 0.000000    -2.994907     0.378415 
59342.227513 0.000000 0.000000    -2.988516     0.378448 
59342.238741 0.000000 0.000000    -2.982112     0.378481 
59342.249969 0.000000 0.000000    -2.975694     0.378515 
59342.261197 0.000000 0.000000    -2.969262     0.378548 
59342.272425 0.000000 0.000000    -2.962818     0.378582 
59342.283653 0.000000 0.000000    -2.956360     0.378616 
59342.294881 0.000000 0.000000    -2.949889     0.378651 
59342.306108 0.000000 0.000000    -2.943405     0.378686 
59342.317336 0.000000 0.000000    -2.936908     0.378721 
59342.328564 0.000000 0.000000    -2.930397     0.378756 
59342.339792 0.000000 0.000000    -2.923874     0.378792 
59342.351020 0.000000 0.000000    -2.917337     0.378828 
59342.362248 0.000000 0.000000    -2.910787     0.378864 
59342.373476 0.000000 0.000000    -2.904224     0.378901 
59342.384704 0.000000 0.000000    -2.897648     0.378938 
59342.395931 0.000000 0.000000    -2.891059     0.378975 
59342.407159 0.000000 0.000000    -2.884457     0.379013 
59342.418387 0.000000 0.000000    -2.877842     0.379050 
59342.429615 0.000000 0.000000    -2.871214     0.379088 
59342.440843 0.000000 0.000000    -2.864573     0.379127 
59342.452071 0.000000 0.000000    -2.857919     0.379165 
59342.463299 0.000000 0.000000    -2.851252     0.379204 
59342.474527 0.000000 0.000000    -2.844573     0.379243 
59342.485754 0.000000 0.000000    -2.837880     0.379282 
59342.496982 0.000000 0.000000    -2.831175     0.379322 
59342.508210 0.000000 0.000000    -2.824457     0.379362 
59342.519438 0.000000 0.000000    -2.817726     0.379402 
59342.530666 0.000000 0.000000    -2.810982     0.379442 
59342.541894 0.000000 0.000000    -2.804226     0.379483 
59342.553122 0.000000 0.000000    -2.797457     0.379524 
59342.564350 0.000000 0.000000    -2.790675     0.379565 
59342.575577 0.000000 0.000000    -2.783881     0.379606 
59342.586805 0.000000 0.000000    -2.777074     0.379648 
59342.598033 0.000000 0.000000    -2.770254     0.379690 
59342.609261 0.000000 0.000000    -2.763422     0.379732 
59342.620489 0.000000 0.000000    -2.756577     0.379774 
59342.631717 0.000000 0.000000    -2.749720     0.379817 
59342.642945 0.000000 0.000000    -2.742850     0.379859 
59342.654172 0.000000 0.000000    -2.735968     0.379902 
59342.665400 0.000000 0.000000    -2.729073     0.379946 
59342.676628 0.000000 0.000000    -2.722166     0.379989 
59342.687856 0.000000 0.000000    -2.715246     0.380033 
59342.699084 0.000000 0.000000    -2.708314     0.380077 
59342.710312 0.000000 0.000000    -2.701370     0.380121 
59342.721540 0.000000 0.000000    -2.694413     0.380165 
59342.732768 0.000000 0.000000    -2.687444     0.380209 
59342.743995 0.000000 0.000000    -2.680463     0.380254 
59342.755223 0.000000 0.000000    -2.673470     0.380299 
59342.766451 0.000000 0.000000    -2.666464     0.380344 
59342.777679 0.000000 0.000000    -2.659446     0.380390 
59342.788907 0.000000 0.000000    -2.652416     0.380435 
59342.800135 0.000000 0.000000    -2.645373     0.380481 
59342.811363 0.000000 0.000000    -2.638319     0.380527 
59342.822591 0.000000 0.000000    -2.631253     0.380573 
59342.833818 0.000000 0.000000    -2.624174     0.380619 
59342.845046 0.000000 0.000000    -2.617083     0.380666 
59342.856274 0.000000 0.000000    -2.609981     0.380712 
59342.867502 0.000000 0.000000    -2.602866     0.380759 
59342.878730 0.000000 0.000000    -2.595739     0.380806 
59342.889958 0.000000 0.000000    -2.588601     0.380853 
59342.901186 0.000000 0.000000    -2.581450     0.380901 
59342.912413 0.000000 0.000000    -2.574288     0.380948 
59342.923641 0.000000 0.000000    -2.567114     0.380996 
59342.934869 0.000000 0.000000    -2.559928     0.381044 
59342.946097 0.000000 0.000000    -2.552730     0.381092 
59342.957325 0.000000 0.000000    -2.545520     0.381140 
59342.968553 0.000000 0.000000    -2.538299     0.381189 
59342.979781 0.000000 0.000000    -2.531066     0.381237 
59342.991009 0.000000 0.000000    -2.523821     0.381286 
59343.002236 0.000000 0.000000    -2.516565     0.381335 
59343.013464 0.000000 0.000000    -2.509297     0.381384 
59343.024692 0.000000 0.000000    -2.502017     0.381433 
59343.035920 0.000000 0.000000    -2.494726     0.381482 
59343.047148 0.000000 0.000000    -2.487423     0.381532 
59343.058376 0.000000 0.000000    -2.480109     0.381581 
59343.069604 0.000000 0.000000    -2.472783     0.381631 
59343.080832 0.000000 0.000000    -2.465446     0.381681 
59343.092059 0.000000 0.000000    -2.458097     0.381731 
59343.103287 0.000000 0.000000    -2.450737     0.381781 
59343.114515 0.000000 0.000000    -2.443365     0.381831 
59343.125743 0.000000 0.000000    -2.435982     0.381882 
59343.136971 0.000000 0.000000    -2.428588     0.381932 
59343.148199 0.000000 0.000000    -2.421183     0.381983 
59343.159427 0.000000 0.000000    -2.413766     0.382034 
59343.170655 0.000000 0.000000    -2.406338     0.382085 
59343.181882 0.000000 0.000000    -2.398899     0.382136 
59343.193110 0.000000 0.000000    -2.391448     0.382187 
59343.204338 0.000000 0.000000    -2.383987     0.382238 
59343.215566 0.000000 0.000000    -2.376514     0.382289 
59343.226794 0.000000 0.000000    -2.369031     0.382341 
59343.238022 0.000000 0.000000    -2.361536     0.382392 
59343.249250 0.000000 0.000000    -2.354030     0.382444 
59343.260477 0.000000 0.000000    -2.346513     0.382496 
59343.271705 0.000000 0.000000    -2.338986     0.382548 
59343.282933 0.000000 0.000000    -2.331447     0.382600 
59343.294161 0.000000 0.000000    -2.323897     0.382652 
59343.305389 0.000000 0.000000    -2.316337     0.382704 
59343.316617 0.000000 0.000000    -2.308766     0.382756 
59343.327845 0.000000 0.000000    -2.301183     0.382808 
59343.339073 0.000000 0.000000    -2.293591     0.382861 
59343.350300 0.000000 0.000000    -2.285987     0.382913 
59343.361528 0.000000 0.000000    -2.278373     0.382966 
59343.372756 0.000000 0.000000    -2.270748     0.383018 
59343.383984 0.000000 0.000000    -2.263112     0.383071 
59343.395212 0.000000 0.000000    -2.255466     0.383124 
59343.406440 0.000000 0.000000    -2.247809     0.383177 
59343.417668 0.000000 0.000000    -2.240141     0.383230 
59343.428896 0.000000 0.000000    -2.232463     0.383283 
59343.440123 0.000000 0.000000    -2.224775     0.383336 
59343.451351 0.000000 0.000000    -2.217076     0.383389 
59343.462579 0.000000 0.000000    -2.209366     0.383442 
59343.473807 0.000000 0.000000    -2.201646     0.383495 
59343.485035 0.000000 0.000000    -2.193916     0.383548 
59343.496263 0.000000 0.000000    -2.186176     0.383602 
59343.507491 0.000000 0.000000    -2.178425     0.383655 
59343.518719 0.000000 0.000000    -2.170664     0.383709 
59343.529946 0.000000 0.000000    -2.162892     0.383762 
59343.541174 0.000000 0.000000    -2.155111     0.383816 
59343.552402 0.000000 0.000000    -2.147319     0.383869 
59343.563630 0.000000 0.000000    -2.139517     0.383923 
59343.574858 0.000000 0.000000    -2.131705     0.383977 
59343.586086 0.000000 0.000000    -2.123883     0.384030 
59343.597314 0.000000 0.000000    -2.116051     0.384084 
59343.608541 0.000000 0.000000    -2.108208     0.384138 
59343.619769 0.000000 0.000000    -2.100356     0.384192 
59343.630997 0.000000 0.000000    -2.092494     0.384245 
59343.642225 0.000000 0.000000    -2.084622     0.384299 
59343.653453 0.000000 0.000000    -2.076740     0.384353 
59343.664681 0.000000 0.000000    -2.068848     0.384407 
59343.675909 0.000000 0.000000    -2.060947     0.384461 
59343.687137 0.000000 0.000000    -2.053035     0.384515 
59343.698364 0.000000 0.000000    -2.045114     0.384569 
59343.709592 0.000000 0.000000    -2.037183     0.384623 
59343.720820 0.000000 0.000000    -2.029243     0.384677 
59343.732048 0.000000 0.000000    -2.021292     0.384731 
59343.743276 0.000000 0.000000    -2.013333     0.384785 
59343.754504 0.000000 0.000000    -2.005363     0.384839 
59343.765732 0.000000 0.000000    -1.997384     0.384893 
59343.776960 0.000000 0.000000    -1.989396     0.384947 
59343.788187 0.000000 0.000000    -1.981398     0.385001 
59343.799415 0.000000 0.000000    -1.973390     0.385055 
59343.810643 0.000000 0.000000    -1.965374     0.385109 
59343.821871 0.000000 0.000000    -1.957347     0.385163 
59343.833099 0.000000 0.000000    -1.949312     0.385217 
59343.844327 0.000000 0.000000    -1.941267     0.385271 
59343.855555 0.000000 0.000000    -1.933213     0.385325 
59343.866783 0.000000 0.000000    -1.925149     0.385379 
59343.878010 0.000000 0.000000    -1.917077     0.385433 
59343.889238 0.000000 0.000000    -1.908995     0.385487 
59343.900466 0.000000 0.000000    -1.900904     0.385541 
59343.911694 0.000000 0.000000    -1.892804     0.385595 
59343.922922 0.000000 0.000000    -1.884695     0.385649 
59343.934150 0.000000 0.000000    -1.876577     0.385703 
59343.945378 0.000000 0.000000    -1.868450     0.385757 
59343.956605 0.000000 0.000000    -1.860314     0.385810 
59343.967833 0.000000 0.000000    -1.852169     0.385864 
59343.979061 0.000000 0.000000    -1.844015     0.385918 
59343.990289 0.000000 0.000000    -1.835852     0.385972 
59344.001517 0.000000 0.000000    -1.827681     0.386025 
59344.012745 0.000000 0.000000    -1.819500     0.386079 
59344.023973 0.000000 0.000000    -1.811311     0.386133 
59344.035201 0.000000 0.000000    -1.803114     0.386186 
59344.046428 0.000000 0.000000    -1.794907     0.386240 
59344.057656 0.000000 0.000000    -1.786692     0.386293 
59344.068884 0.000000 0.000000    -1.778468     0.386347 
59344.080112 0.000000 0.000000    -1.770236     0.386400 
59344.091340 0.000000 0.000000    -1.761995     0.386454 
59344.102568 0.000000 0.000000    -1.753746     0.386507 
59344.113796 0.000000 0.000000    -1.745488     0.386560 
59344.125024 0.000000 0.000000    -1.737222     0.386614 
59344.136251 0.000000 0.000000    -1.728947     0.386667 
59344.147479 0.000000 0.000000    -1.720664     0.386720 
59344.158707 0.000000 0.000000    -1.712373     0.386773 
59344.169935 0.000000 0.000000    -1.704073     0.386826 
59344.181163 0.000000 0.000000    -1.695766     0.386879 
59344.192391 0.000000 0.000000    -1.687450     0.386932 
59344.203619 0.000000 0.000000    -1.679126     0.386985 
59344.214846 0.000000 0.000000    -1.670793     0.387037 
59344.226074 0.000000 0.000000    -1.662453     0.387090 
59344.237302 0.000000 0.000000    -1.654104     0.387143 
59344.248530 0.000000 0.000000    -1.645748     0.387195 
59344.259758 0.000000 0.000000    -1.637383     0.387248 
59344.270986 0.000000 0.000000    -1.629011     0.387300 
59344.282214 0.000000 0.000000    -1.620631     0.387352 
59344.293442 0.000000 0.000000    -1.612243     0.387405 
59344.304669 0.000000 0.000000    -1.603847     0.387457 
59344.315897 0.000000 0.000000    -1.595443     0.387509 
59344.327125 0.000000 0.000000    -1.587031     0.387561 
59344.338353 0.000000 0.000000    -1.578612     0.387613 
59344.349581 0.000000 0.000000    -1.570185     0.387665 
59344.360809 0.000000 0.000000    -1.561750     0.387717 
59344.372037 0.000000 0.000000    -1.553308     0.387768 
59344.383265 0.000000 0.000000    -1.544858     0.387820 
59344.394492 0.000000 0.000000    -1.536401     0.387871 
59344.405720 0.000000 0.000000    -1.527936     0.387923 
59344.416948 0.000000 0.000000    -1.519464     0.387974 
59344.428176 0.000000 0.000000    -1.510984     0.388025 
59344.439404 0.000000 0.000000    -1.502497     0.388077 
59344.450632 0.000000 0.000000    -1.494002     0.388128 
59344.461860 0.000000 0.000000    -1.485501     0.388179 
59344.473088 0.000000 0.000000    -1.476992     0.388229 
59344.484315 0.000000 0.000000    -1.468475     0.388280 
59344.495543 0.000000 0.000000    -1.459952     0.388331 
59344.506771 0.000000 0.000000    -1.451421     0.388381 
59344.517999 0.000000 0.000000    -1.442884     0.388432 
59344.529227 0.000000 0.000000    -1.434339     0.388482 
59344.540455 0.000000 0.000000    -1.425787     0.388532 
59344.551683 0.000000 0.000000    -1.417228     0.388583 
59344.562910 0.000000 0.000000    -1.408662     0.388633 
59344.574138 0.000000 0.000000    -1.400090     0.388682 
59344.585366 0.000000 0.000000    -1.391510     0.388732 
59344.596594 0.000000 0.000000    -1.382924     0.388782 
59344.607822 0.000000 0.000000    -1.374330     0.388832 
59344.619050 0.000000 0.000000    -1.365730     0.388881 
59344.630278 0.000000 0.000000    -1.357124     0.388930 
59344.641506 0.000000 0.000000    -1.348510     0.388980 
59344.652733 0.000000 0.000000    -1.339890     0.389029 
59344.663961 0.000000 0.000000    -1.331263     0.389078 
59344.675189 0.000000 0.000000    -1.322630     0.389127 
59344.686417 0.000000 0.000000    -1.313990     0.389175 
59344.697645 0.000000 0.000000    -1.305344     0.389224 
59344.708873 0.000000 0.000000    -1.296691     0.389272 
59344.720101 0.000000 0.000000    -1.288032     0.389321 
59344.731329 0.000000 0.000000    -1.279367     0.389369 
59344.742556 0.000000 0.000000    -1.270695     0.389417 
59344.753784 0.000000 0.000000    -1.262017     0.389465 
59344.765012 0.000000 0.000000    -1.253332     0.389513 
59344.776240 0.000000 0.000000    -1.244642     0.389561 
59344.787468 0.000000 0.000000    -1.235945     0.389608 
59344.798696 0.000000 0.000000    -1.227242     0.389656 
59344.809924 0.000000 0.000000    -1.218533     0.389703 
59344.821152 0.000000 0.000000    -1.209818     0.389750 
59344.832379 0.000000 0.000000    -1.201097     0.389798 
59344.843607 0.000000 0.000000    -1.192370     0.389844 
59344.854835 0.000000 0.000000    -1.183637     0.389891 
59344.866063 0.000000 0.000000    -1.174898     0.389938 
59344.877291 0.000000 0.000000    -1.166153     0.389984 
59344.888519 0.000000 0.000000    -1.157403     0.390031 
59344.899747 0.000000 0.000000    -1.148647     0.390077 
59344.910974 0.000000 0.000000    -1.139885     0.390123 
59344.922202 0.000000 0.000000    -1.131117     0.390169 
59344.933430 0.000000 0.000000    -1.122343     0.390215 
59344.944658 0.000000 0.000000    -1.113564     0.390261 
59344.955886 0.000000 0.000000    -1.104780     0.390306 
59344.967114 0.000000 0.000000    -1.095990     0.390352 
59344.978342 0.000000 0.000000    -1.087194     0.390397 
59344.989570 0.000000 0.000000    -1.078393     0.390442 
59345.000797 0.000000 0.000000    -1.069587     0.390487 
59345.012025 0.000000 0.000000    -1.060775     0.390532 
59345.023253 0.000000 0.000000    -1.051958     0.390576 
59345.034481 0.000000 0.000000    -1.043135     0.390621 
59345.045709 0.000000 0.000000    -1.034308     0.390665 
59345.056937 0.000000 0.000000    -1.025475     0.390709 
59345.068165 0.000000 0.000000    -1.016637     0.390753 
59345.079393 0.000000 0.000000    -1.007793     0.390797 
59345.090620 0.000000 0.000000    -0.998945     0.390841 
59345.101848 0.000000 0.000000    -0.990092     0.390885 
59345.113076 0.000000 0.000000    -0.981234     0.390928 
59345.124304 0.000000 0.000000    -0.972370     0.390971 
59345.135532 0.000000 0.000000    -0.963502     0.391014 
59345.146760 0.000000 0.000000    -0.954629     0.391057 
59345.157988 0.000000 0.000000    -0.945751     0.391100 
59345.169216 0.000000 0.000000    -0.936868     0.391143 
59345.180443 0.000000 0.000000    -0.927981     0.391185 
59345.191671 0.000000 0.000000    -0.919089     0.391227 
59345.202899 0.000000 0.000000    -0.910192     0.391270 
59345.214127 0.000000 0.000000    -0.901290     0.391312 
59345.225355 0.000000 0.000000    -0.892384     0.391353 
59345.236583 0.000000 0.000000    -0.883474     0.391395 
59345.247811 0.000000 0.000000    -0.874559     0.391437 
59345.259038 0.000000 0.000000    -0.865639     0.391478 
59345.270266 0.000000 0.000000    -0.856715     0.391519 
59345.281494 0.000000 0.000000    -0.847787     0.391560 
59345.292722 0.000000 0.000000    -0.838854     0.391601 
59345.303950 0.000000 0.000000    -0.829917     0.391642 
59345.315178 0.000000 0.000000    -0.820976     0.391682 
59345.326406 0.000000 0.000000    -0.812030     0.391723 
59345.337634 0.000000 0.000000    -0.803080     0.391763 
59345.348861 0.000000 0.000000    -0.794127     0.391803 
59345.360089 0.000000 0.000000    -0.785169     0.391843 
59345.371317 0.000000 0.000000    -0.776207     0.391882 
59345.382545 0.000000 0.000000    -0.767241     0.391922 
59345.393773 0.000000 0.000000    -0.758271     0.391961 
59345.405001 0.000000 0.000000    -0.749297     0.392000 
59345.416229 0.000000 0.000000    -0.740319     0.392039 
59345.427457 0.000000 0.000000    -0.731338     0.392078 
59345.438684 0.000000 0.000000    -0.722352     0.392117 
59345.449912 0.000000 0.000000    -0.713363     0.392155 
59345.461140 0.000000 0.000000    -0.704371     0.392194 
59345.472368 0.000000 0.000000    -0.695374     0.392232 
59345.483596 0.000000 0.000000    -0.686374     0.392270 
59345.494824 0.000000 0.000000    -0.677370     0.392307 
59345.506052 0.000000 0.000000    -0.668363     0.392345 
59345.517279 0.000000 0.000000    -0.659352     0.392383 
59345.528507 0.000000 0.000000    -0.650338     0.392420 
59345.539735 0.000000 0.000000    -0.641320     0.392457 
59345.550963 0.000000 0.000000    -0.632299     0.392494 
59345.562191 0.000000 0.000000    -0.623275     0.392531 
59345.573419 0.000000 0.000000    -0.614247     0.392567 
59345.584647 0.000000 0.000000    -0.605216     0.392604 
59345.595875 0.000000 0.000000    -0.596182     0.392640 
59345.607102 0.000000 0.000000    -0.587145     0.392676 
59345.618330 0.000000 0.000000    -0.578105     0.392712 
59345.629558 0.000000 0.000000    -0.569061     0.392748 
59345.640786 0.000000 0.000000    -0.560015     0.392783 
59345.652014 0.000000 0.000000    -0.550965     0.392819 
59345.663242 0.000000 0.000000    -0.541913     0.392854 
59345.674470 0.000000 0.000000    -0.532857     0.392889 
59345.685698 0.000000 0.000000    -0.523799     0.392924 
59345.696925 0.000000 0.000000    -0.514738     0.392958 
59345.708153 0.000000 0.000000    -0.505674     0.392993 
59345.719381 0.000000 0.000000    -0.496608     0.393027 
59345.730609 0.000000 0.000000    -0.487538     0.393061 
59345.741837 0.000000 0.000000    -0.478466     0.393095 
59345.753065 0.000000 0.000000    -0.469392     0.393129 
59345.764293 0.000000 0.000000    -0.460315     0.393163 
59345.775521 0.000000 0.000000    -0.451235     0.393196 
59345.786748 0.000000 0.000000    -0.442153     0.393230 
59345.797976 0.000000 0.000000    -0.433068     0.393263 
59345.809204 0.000000 0.000000    -0.423981     0.393296 
59345.820432 0.000000 0.000000    -0.414892     0.393328 
59345.831660 0.000000 0.000000    -0.405800     0.393361 
59345.842888 0.000000 0.000000    -0.396706     0.393393 
59345.854116 0.000000 0.000000    -0.387610     0.393426 
59345.865343 0.000000 0.000000    -0.378512     0.393458 
59345.876571 0.000000 0.000000    -0.369411     0.393490 
59345.887799 0.000000 0.000000    -0.360309     0.393521 
59345.899027 0.000000 0.000000    -0.351204     0.393553 
59345.910255 0.000000 0.000000    -0.342098     0.393584 
59345.921483 0.000000 0.000000    -0.332989     0.393616 
59345.932711 0.000000 0.000000    -0.323878     0.393647 
59345.943939 0.000000 0.000000    -0.314766     0.393678 
59345.955166 0.000000 0.000000    -0.305652     0.393708 
59345.966394 0.000000 0.000000    -0.296535     0.393739 
59345.977622 0.000000 0.000000    -0.287418     0.393769 
59345.988850 0.000000 0.000000    -0.278298     0.393800 
59346.000078 0.000000 0.000000    -0.269177     0.393830 
59346.011306 0.000000 0.000000    -0.260054     0.393859 
59346.022534 0.000000 0.000000    -0.250929     0.393889 
59346.033762 0.000000 0.000000    -0.241803     0.393919 
59346.044989 0.000000 0.000000    -0.232676     0.393948 
59346.056217 0.000000 0.000000    -0.223547     0.393977 
59346.067445 0.000000 0.000000    -0.214416     0.394006 
59346.078673 0.000000 0.000000    -0.205284     0.394035 
59346.089901 0.000000 0.000000    -0.196151     0.394064 
59346.101129 0.000000 0.000000    -0.187017     0.394092 
59346.112357 0.000000 0.000000    -0.177881     0.394121 
59346.123585 0.000000 0.000000    -0.168744     0.394149 
59346.134812 0.000000 0.000000    -0.159606     0.394177 
59346.146040 0.000000 0.000000    -0.150467     0.394205 
59346.157268 0.000000 0.000000    -0.141327     0.394233 
59346.168496 0.000000 0.000000    -0.132186     0.394260 
59346.179724 0.000000 0.000000    -0.123044     0.394288 
59346.190952 0.000000 0.000000    -0.113900     0.394315 
59346.202180 0.000000 0.000000    -0.104756     0.394342 
59346.213407 0.000000 0.000000    -0.095611     0.394369 
59346.224635 0.000000 0.000000    -0.086465     0.394396 
59346.235863 0.000000 0.000000    -0.077319     0.394422 
59346.247091 0.000000 0.000000    -0.068172     0.394449 
59346.258319 0.000000 0.000000    -0.059024     0.394475 
59346.269547 0.000000 0.000000    -0.049875     0.394501 
59346.280775 0.000000 0.000000    -0.040726     0.394527 
59346.292003 0.000000 0.000000    -0.031576     0.394553 
59346.303230 0.000000 0.000000    -0.022426     0.394579 
59346.314458 0.000000 0.000000    -0.013275     0.394604 
59346.325686 0.000000 0.000000    -0.004124     0.394630 
59346.336914 0.000000 0.000000     0.005028     0.394655 
59346.348142 0.000000 0.000000     0.014180     0.394680 
59346.359370 0.000000 0.000000     0.023332     0.394705 
59346.370598 0.000000 0.000000     0.032485     0.394730 
59346.381826 0.000000 0.000000     0.041637     0.394754 
59346.393053 0.000000 0.000000     0.050790     0.394779 
59346.404281 0.000000 0.000000     0.059943     0.394803 
59346.415509 0.000000 0.000000     0.069096     0.394828 
59346.426737 0.000000 0.000000     0.078250     0.394852 
59346.437965 0.000000 0.000000     0.087403     0.394876 
59346.449193 0.000000 0.000000     0.096556     0.394899 
59346.460421 0.000000 0.000000     0.105709     0.394923 
59346.471649 0.000000 0.000000     0.114862     0.394947 
59346.482876 0.000000 0.000000     0.124015     0.394970 
59346.494104 0.000000 0.000000     0.133167     0.394993 
59346.505332 0.000000 0.000000     0.142320     0.395016 
59346.516560 0.000000 0.000000     0.151472     0.395039 
59346.527788 0.000000 0.000000     0.160623     0.395062 
59346.539016 0.000000 0.000000     0.169775     0.395085 
59346.550244 0.000000 0.000000     0.178926     0.395108 
59346.561471 0.000000 0.000000     0.188076     0.395130 
59346.572699 0.000000 0.000000     0.197226     0.395152 
59346.583927 0.000000 0.000000     0.206375     0.395175 
59346.595155 0.000000 0.000000     0.215524     0.395197 
59346.606383 0.000000 0.000000     0.224672     0.395219 
59346.617611 0.000000 0.000000     0.233820     0.395240 
59346.628839 0.000000 0.000000     0.242967     0.395262 
59346.640067 0.000000 0.000000     0.252113     0.395284 
59346.651294 0.000000 0.000000     0.261258     0.395305 
59346.662522 0.000000 0.000000     0.270402     0.395327 
59346.673750 0.000000 0.000000     0.279546     0.395348 
59346.684978 0.000000 0.000000     0.288688     0.395369 
59346.696206 0.000000 0.000000     0.297830     0.395390 
59346.707434 0.000000 0.000000     0.306970     0.395411 
59346.718662 0.000000 0.000000     0.316110     0.395432 
59346.729890 0.000000 0.000000     0.325248     0.395453 
59346.741117 0.000000 0.000000     0.334385     0.395473 
59346.752345 0.000000 0.000000     0.343521     0.395494 
59346.763573 0.000000 0.000000     0.352656     0.395514 
59346.774801 0.000000 0.000000     0.361790     0.395534 
59346.786029 0.000000 0.000000     0.370922     0.395555 
59346.797257 0.000000 0.000000     0.380053     0.395575 
59346.808485 0.000000 0.000000     0.389182     0.395595 
59346.819712 0.000000 0.000000     0.398311     0.395614 
59346.830940 0.000000 0.000000     0.407437     0.395634 
59346.842168 0.000000 0.000000     0.416562     0.395654 
59346.853396 0.000000 0.000000     0.425686     0.395674 
59346.864624 0.000000 0.000000     0.434808     0.395693 
59346.875852 0.000000 0.000000     0.443928     0.395713 
59346.887080 0.000000 0.000000     0.453046     0.395732 
59346.898308 0.000000 0.000000     0.462163     0.395751 
59346.909535 0.000000 0.000000     0.471278     0.395770 
59346.920763 0.000000 0.000000     0.480391     0.395790 
59346.931991 0.000000 0.000000     0.489503     0.395809 
59346.943219 0.000000 0.000000     0.498612     0.395828 
59346.954447 0.000000 0.000000     0.507720     0.395846 
59346.965675 0.000000 0.000000     0.516825     0.395865 
59346.976903 0.000000 0.000000     0.525929     0.395884 
59346.988131 0.000000 0.000000     0.535030     0.395903 
59346.999358 0.000000 0.000000     0.544129     0.395921 
59347.010586 0.000000 0.000000     0.553226     0.395940 
59347.021814 0.000000 0.000000     0.562321     0.395958 
59347.033042 0.000000 0.000000     0.571414     0.395977 
59347.044270 0.000000 0.000000     0.580505     0.395995 
59347.055498 0.000000 0.000000     0.589593     0.396013 
59347.066726 0.000000 0.000000     0.598678     0.396032 
59347.077954 0.000000 0.000000     0.607762     0.396050 
59347.089181 0.000000 0.000000     0.616843     0.396068 
59347.100409 0.000000 0.000000     0.625921     0.396086 
59347.111637 0.000000 0.000000     0.634997     0.396104 
59347.122865 0.000000 0.000000     0.644070     0.396122 
59347.134093 0.000000 0.000000     0.653141     0.396140 
59347.145321 0.000000 0.000000     0.662209     0.396158 
59347.156549 0.000000 0.000000     0.671275     0.396176 
59347.167776 0.000000 0.000000     0.680337     0.396194 
59347.179004 0.000000 0.000000     0.689397     0.396212 
59347.190232 0.000000 0.000000     0.698454     0.396229 
59347.201460 0.000000 0.000000     0.707508     0.396247 
59347.212688 0.000000 0.000000     0.716560     0.396265 
59347.223916 0.000000 0.000000     0.725608     0.396283 
59347.235144 0.000000 0.000000     0.734653     0.396300 
59347.246372 0.000000 0.000000     0.743696     0.396318 
59347.257599 0.000000 0.000000     0.752735     0.396336 
59347.268827 0.000000 0.000000     0.761771     0.396353 
59347.280055 0.000000 0.000000     0.770804     0.396371 
59347.291283 0.000000 0.000000     0.779834     0.396389 
59347.302511 0.000000 0.000000     0.788861     0.396406 
59347.313739 0.000000 0.000000     0.797884     0.396424 
59347.324967 0.000000 0.000000     0.806904     0.396441 
59347.336195 0.000000 0.000000     0.815921     0.396459 
59347.347422 0.000000 0.000000     0.824934     0.396477 
59347.358650 0.000000 0.000000     0.833944     0.396494 
59347.369878 0.000000 0.000000     0.842950     0.396512 
59347.381106 0.000000 0.000000     0.851953     0.396530 
59347.392334 0.000000 0.000000     0.860953     0.396547 
59347.403562 0.000000 0.000000     0.869948     0.396565 
59347.414790 0.000000 0.000000     0.878940     0.396582 
59347.426018 0.000000 0.000000     0.887929     0.396600 
59347.437245 0.000000 0.000000     0.896914     0.396618 
59347.448473 0.000000 0.000000     0.905895     0.396636 
59347.459701 0.000000 0.000000     0.914872     0.396653 
59347.470929 0.000000 0.000000     0.923845     0.396671 
59347.482157 0.000000 0.000000     0.932814     0.396689 
59347.493385 0.000000 0.000000     0.941780     0.396707 
59347.504613 0.000000 0.000000     0.950742     0.396725 
59347.515840 0.000000 0.000000     0.959699     0.396743 
59347.527068 0.000000 0.000000     0.968653     0.396761 
59347.538296 0.000000 0.000000     0.977602     0.396779 
59347.549524 0.000000 0.000000     0.986547     0.396797 
59347.560752 0.000000 0.000000     0.995489     0.396815 
59347.571980 0.000000 0.000000     1.004426     0.396833 
59347.583208 0.000000 0.000000     1.013358     0.396851 
59347.594436 0.000000 0.000000     1.022287     0.396870 
59347.605663 0.000000 0.000000     1.031211     0.396888 
59347.616891 0.000000 0.000000     1.040131     0.396907 
59347.628119 0.000000 0.000000     1.049046     0.396925 
59347.639347 0.000000 0.000000     1.057957     0.396944 
59347.650575 0.000000 0.000000     1.066864     0.396962 
59347.661803 0.000000 0.000000     1.075766     0.396981 
59347.673031 0.000000 0.000000     1.084663     0.397000 
59347.684259 0.000000 0.000000     1.093556     0.397019 
59347.695486 0.000000 0.000000     1.102444     0.397038 
59347.706714 0.000000 0.000000     1.111328     0.397057 
59347.717942 0.000000 0.000000     1.120207     0.397076 
59347.729170 0.000000 0.000000     1.129081     0.397095 
59347.740398 0.000000 0.000000     1.137950     0.397115 
59347.751626 0.000000 0.000000     1.146814     0.397134 
59347.762854 0.000000 0.000000     1.155674     0.397154 
59347.774082 0.000000 0.000000     1.164529     0.397173 
59347.785309 0.000000 0.000000     1.173378     0.397193 
59347.796537 0.000000 0.000000     1.182223     0.397213 
59347.807765 0.000000 0.000000     1.191063     0.397233 
59347.818993 0.000000 0.000000     1.199898     0.397253 
59347.830221 0.000000 0.000000     1.208727     0.397274 
59347.841449 0.000000 0.000000     1.217552     0.397294 
59347.852677 0.000000 0.000000     1.226371     0.397315 
59347.863904 0.000000 0.000000     1.235185     0.397335 
59347.875132 0.000000 0.000000     1.243994     0.397356 
59347.886360 0.000000 0.000000     1.252797     0.397377 
59347.897588 0.000000 0.000000     1.261595     0.397398 
59347.908816 0.000000 0.000000     1.270388     0.397419 
59347.920044 0.000000 0.000000     1.279176     0.397441 
59347.931272 0.000000 0.000000     1.287957     0.397462 
59347.942500 0.000000 0.000000     1.296734     0.397484 
59347.953727 0.000000 0.000000     1.305505     0.397506 
59347.964955 0.000000 0.000000     1.314270     0.397528 
59347.976183 0.000000 0.000000     1.323030     0.397550 
59347.987411 0.000000 0.000000     1.331784     0.397572 
59347.998639 0.000000 0.000000     1.340533     0.397595 
59348.009867 0.000000 0.000000     1.349275     0.397618 
59348.021095 0.000000 0.000000     1.358012     0.397640 
59348.032323 0.000000 0.000000     1.366743     0.397664 
59348.043550 0.000000 0.000000     1.375469     0.397687 
59348.054778 0.000000 0.000000     1.384188     0.397710 
59348.066006 0.000000 0.000000     1.392902     0.397734 
59348.077234 0.000000 0.000000     1.401610     0.397758 
59348.088462 0.000000 0.000000     1.410311     0.397782 
59348.099690 0.000000 0.000000     1.419007     0.397806 
59348.110918 0.000000 0.000000     1.427697     0.397830 
59348.122145 0.000000 0.000000     1.436380     0.397855 
59348.133373 0.000000 0.000000     1.445058     0.397880 
59348.144601 0.000000 0.000000     1.453729     0.397905 
59348.155829 0.000000 0.000000     1.462394     0.397930 
59348.167057 0.000000 0.000000     1.471053     0.397956 
59348.178285 0.000000 0.000000     1.479705     0.397981 
59348.189513 0.000000 0.000000     1.488352     0.398007 
59348.200741 0.000000 0.000000     1.496992     0.398034 
59348.211968 0.000000 0.000000     1.505625     0.398060 
59348.223196 0.000000 0.000000     1.514252     0.398087 
59348.234424 0.000000 0.000000     1.522873     0.398114 
59348.245652 0.000000 0.000000     1.531487     0.398141 
59348.256880 0.000000 0.000000     1.540095     0.398168 
59348.268108 0.000000 0.000000     1.548696     0.398196 
59348.279336 0.000000 0.000000     1.557290     0.398224 
59348.290564 0.000000 0.000000     1.565878     0.398252 
59348.301791 0.000000 0.000000     1.574459     0.398280 
59348.313019 0.000000 0.000000     1.583034     0.398309 
59348.324247 0.000000 0.000000     1.591601     0.398338 
59348.335475 0.000000 0.000000     1.600162     0.398367 
59348.346703 0.000000 0.000000     1.608716     0.398397 
59348.357931 0.000000 0.000000     1.617263     0.398427 
59348.369159 0.000000 0.000000     1.625804     0.398457 
59348.380387 0.000000 0.000000     1.634337     0.398487 
59348.391614 0.000000 0.000000     1.642864     0.398518 
59348.402842 0.000000 0.000000     1.651383     0.398549 
59348.414070 0.000000 0.000000     1.659896     0.398580 
59348.425298 0.000000 0.000000     1.668401     0.398612 
59348.436526 0.000000 0.000000     1.676899     0.398644 
59348.447754 0.000000 0.000000     1.685390     0.398676 
59348.458982 0.000000 0.000000     1.693874     0.398708 
59348.470209 0.000000 0.000000     1.702351     0.398741 
59348.481437 0.000000 0.000000     1.710821     0.398774 
59348.492665 0.000000 0.000000     1.719283     0.398808 
59348.503893 0.000000 0.000000     1.727738     0.398842 
59348.515121 0.000000 0.000000     1.736185     0.398876 
59348.526349 0.000000 0.000000     1.744626     0.398910 
59348.537577 0.000000 0.000000     1.753058     0.398945 
59348.548805 0.000000 0.000000     1.761484     0.398980 
59348.560032 0.000000 0.000000     1.769901     0.399016 
59348.571260 0.000000 0.000000     1.778312     0.399052 
59348.582488 0.000000 0.000000     1.786715     0.399088 
59348.593716 0.000000 0.000000     1.795110     0.399124 
59348.604944 0.000000 0.000000     1.803497     0.399161 
59348.616172 0.000000 0.000000     1.811877     0.399199 
59348.627400 0.000000 0.000000     1.820249     0.399236 
59348.638628 0.000000 0.000000     1.828614     0.399274 
59348.649855 0.000000 0.000000     1.836971     0.399313 
59348.661083 0.000000 0.000000     1.845319     0.399351 
59348.672311 0.000000 0.000000     1.853661     0.399390 
59348.683539 0.000000 0.000000     1.861994     0.399430 
59348.694767 0.000000 0.000000     1.870319     0.399470 
59348.705995 0.000000 0.000000     1.878636     0.399510 
59348.717223 0.000000 0.000000     1.886946     0.399551 
59348.728451 0.000000 0.000000     1.895247     0.399592 
59348.739678 0.000000 0.000000     1.903541     0.399633 
59348.750906 0.000000 0.000000     1.911826     0.399675 
59348.762134 0.000000 0.000000     1.920103     0.399717 
59348.773362 0.000000 0.000000     1.928373     0.399760 
59348.784590 0.000000 0.000000     1.936634     0.399803 
59348.795818 0.000000 0.000000     1.944886     0.399847 
59348.807046 0.000000 0.000000     1.953131     0.399891 
59348.818273 0.000000 0.000000     1.961367     0.399935 
59348.829501 0.000000 0.000000     1.969595     0.399980 
59348.840729 0.000000 0.000000     1.977815     0.400025 
59348.851957 0.000000 0.000000     1.986026     0.400071 
59348.863185 0.000000 0.000000     1.994229     0.400117 
59348.874413 0.000000 0.000000     2.002424     0.400163 
59348.885641 0.000000 0.000000     2.010610     0.400210 
59348.896869 0.000000 0.000000     2.018787     0.400258 
59348.908096 0.000000 0.000000     2.026956     0.400305 
59348.919324 0.000000 0.000000     2.035117     0.400354 
59348.930552 0.000000 0.000000     2.043269     0.400402 
59348.941780 0.000000 0.000000     2.051412     0.400452 
59348.953008 0.000000 0.000000     2.059547     0.400501 
59348.964236 0.000000 0.000000     2.067672     0.400552 
59348.975464 0.000000 0.000000     2.075790     0.400602 
59348.986692 0.000000 0.000000     2.083898     0.400653 
59348.997919 0.000000 0.000000     2.091998     0.400705 
59349.009147 0.000000 0.000000     2.100089     0.400757 
59349.020375 0.000000 0.000000     2.108171     0.400809 
59349.031603 0.000000 0.000000     2.116244     0.400862 
59349.042831 0.000000 0.000000     2.124309     0.400916 
59349.054059 0.000000 0.000000     2.132364     0.400970 
59349.065287 0.000000 0.000000     2.140410     0.401024 
59349.076514 0.000000 0.000000     2.148448     0.401079 
59349.087742 0.000000 0.000000     2.156476     0.401134 
59349.098970 0.000000 0.000000     2.164496     0.401190 
59349.110198 0.000000 0.000000     2.172506     0.401247 
59349.121426 0.000000 0.000000     2.180507     0.401304 
59349.132654 0.000000 0.000000     2.188499     0.401361 
59349.143882 0.000000 0.000000     2.196482     0.401419 
59349.155110 0.000000 0.000000     2.204456     0.401478 
59349.166337 0.000000 0.000000     2.212420     0.401537 
59349.177565 0.000000 0.000000     2.220375     0.401596 
59349.188793 0.000000 0.000000     2.228321     0.401656 
59349.200021 0.000000 0.000000     2.236258     0.401717 
59349.211249 0.000000 0.000000     2.244185     0.401778 
59349.222477 0.000000 0.000000     2.252103     0.401839 
59349.233705 0.000000 0.000000     2.260011     0.401901 
59349.244933 0.000000 0.000000     2.267910     0.401964 
59349.256160 0.000000 0.000000     2.275799     0.402027 
59349.267388 0.000000 0.000000     2.283679     0.402091 
59349.278616 0.000000 0.000000     2.291550     0.402155 
59349.289844 0.000000 0.000000     2.299411     0.402220 
59349.301072 0.000000 0.000000     2.307262     0.402286 
59349.312300 0.000000 0.000000     2.315103     0.402352 
59349.323528 0.000000 0.000000     2.322935     0.402418 
59349.334756 0.000000 0.000000     2.330758     0.402485 
59349.345983 0.000000 0.000000     2.338570     0.402553 
59349.357211 0.000000 0.000000     2.346373     0.402621 
59349.368439 0.000000 0.000000     2.354166     0.402689 
59349.379667 0.000000 0.000000     2.361950     0.402759 
59349.390895 0.000000 0.000000     2.369723     0.402829 
59349.402123 0.000000 0.000000     2.377487     0.402899 
59349.413351 0.000000 0.000000     2.385241     0.402970 
59349.424578 0.000000 0.000000     2.392984     0.403041 
59349.435806 0.000000 0.000000     2.400718     0.403114 
59349.447034 0.000000 0.000000     2.408442     0.403186 
59349.458262 0.000000 0.000000     2.416156     0.403260 
59349.469490 0.000000 0.000000     2.423860     0.403333 
59349.480718 0.000000 0.000000     2.431554     0.403408 
59349.491946 0.000000 0.000000     2.439238     0.403483 
59349.503174 0.000000 0.000000     2.446912     0.403558 
59349.514401 0.000000 0.000000     2.454575     0.403635 
59349.525629 0.000000 0.000000     2.462229     0.403711 
59349.536857 0.000000 0.000000     2.469872     0.403789 
59349.548085 0.000000 0.000000     2.477505     0.403867 
59349.559313 0.000000 0.000000     2.485128     0.403945 
59349.570541 0.000000 0.000000     2.492740     0.404024 
59349.581769 0.000000 0.000000     2.500343     0.404104 
59349.592997 0.000000 0.000000     2.507935     0.404184 
59349.604224 0.000000 0.000000     2.515516     0.404265 
59349.615452 0.000000 0.000000     2.523087     0.404347 
59349.626680 0.000000 0.000000     2.530648     0.404429 
59349.637908 0.000000 0.000000     2.538199     0.404512 
59349.649136 0.000000 0.000000     2.545739     0.404595 
59349.660364 0.000000 0.000000     2.553268     0.404679 
59349.671592 0.000000 0.000000     2.560787     0.404764 
59349.682820 0.000000 0.000000     2.568295     0.404849 
59349.694047 0.000000 0.000000     2.575793     0.404934 
59349.705275 0.000000 0.000000     2.583281     0.405021 
59349.716503 0.000000 0.000000     2.590757     0.405108 
59349.727731 0.000000 0.000000     2.598223     0.405195 
59349.738959 0.000000 0.000000     2.605679     0.405284 
59349.750187 0.000000 0.000000     2.613123     0.405373 
59349.761415 0.000000 0.000000     2.620557     0.405462 
59349.772642 0.000000 0.000000     2.627981     0.405552 
59349.783870 0.000000 0.000000     2.635393     0.405643 
59349.795098 0.000000 0.000000     2.642795     0.405734 
59349.806326 0.000000 0.000000     2.650186     0.405826 
59349.817554 0.000000 0.000000     2.657566     0.405919 
59349.828782 0.000000 0.000000     2.664935     0.406012 
59349.840010 0.000000 0.000000     2.672293     0.406106 
59349.851238 0.000000 0.000000     2.679641     0.406200 
59349.862465 0.000000 0.000000     2.686977     0.406295 
59349.873693 0.000000 0.000000     2.694303     0.406391 
59349.884921 0.000000 0.000000     2.701617     0.406487 
59349.896149 0.000000 0.000000     2.708921     0.406584 
59349.907377 0.000000 0.000000     2.716213     0.406681 
59349.918605 0.000000 0.000000     2.723495     0.406780 
59349.929833 0.000000 0.000000     2.730765     0.406878 
59349.941061 0.000000 0.000000     2.738024     0.406978 
59349.952288 0.000000 0.000000     2.745273     0.407078 
59349.963516 0.000000 0.000000     2.752510     0.407179 
59349.974744 0.000000 0.000000     2.759735     0.407280 
59349.985972 0.000000 0.000000     2.766950     0.407382 
59349.997200 0.000000 0.000000     2.774153     0.407484 
59350.008428 0.000000 0.000000     2.781345     0.407588 
59350.019656 0.000000 0.000000     2.788526     0.407691 
59350.030884 0.000000 0.000000     2.795696     0.407796 
59350.042111 0.000000 0.000000     2.802854     0.407901 
59350.053339 0.000000 0.000000     2.810001     0.408007 
59350.064567 0.000000 0.000000     2.817137     0.408113 
59350.075795 0.000000 0.000000     2.824261     0.408220 
59350.087023 0.000000 0.000000     2.831374     0.408327 
59350.098251 0.000000 0.000000     2.838475     0.408436 
59350.109479 0.000000 0.000000     2.845565     0.408544 
59350.120706 0.000000 0.000000     2.852643     0.408654 
59350.131934 0.000000 0.000000     2.859710     0.408764 
59350.143162 0.000000 0.000000     2.866766     0.408875 
59350.154390 0.000000 0.000000     2.873810     0.408986 
59350.165618 0.000000 0.000000     2.880842     0.409098 
59350.176846 0.000000 0.000000     2.887863     0.409211 
59350.188074 0.000000 0.000000     2.894872     0.409324 
59350.199302 0.000000 0.000000     2.901869     0.409438 
59350.210529 0.000000 0.000000     2.908855     0.409552 
59350.221757 0.000000 0.000000     2.915829     0.409667 
59350.232985 0.000000 0.000000     2.922792     0.409783 
59350.244213 0.000000 0.000000     2.929743     0.409899 
59350.255441 0.000000 0.000000     2.936682     0.410016 
59350.266669 0.000000 0.000000     2.943609     0.410133 
59350.277897 0.000000 0.000000     2.950524     0.410252 
59350.289125 0.000000 0.000000     2.957428     0.410370 
59350.300352 0.000000 0.000000     2.964320     0.410490 
59350.311580 0.000000 0.000000     2.971200     0.410610 
59350.322808 0.000000 0.000000     2.978068     0.410730 
59350.334036 0.000000 0.000000     2.984925     0.410851 
59350.345264 0.000000 0.000000     2.991769     0.410973 
59350.356492 0.000000 0.000000     2.998602     0.411096 
59350.367720 0.000000 0.000000     3.005422     0.411219 
59350.378947 0.000000 0.000000     3.012231     0.411342 
59350.390175 0.000000 0.000000     3.019028     0.411466 
59350.401403 0.000000 0.000000     3.025812     0.411591 
59350.412631 0.000000 0.000000     3.032585     0.411717 
59350.423859 0.000000 0.000000     3.039345     0.411843 
59350.435087 0.000000 0.000000     3.046094     0.411969 
59350.446315 0.000000 0.000000     3.052830     0.412096 
59350.457543 0.000000 0.000000     3.059555     0.412224 
59350.468770 0.000000 0.000000     3.066267     0.412353 
59350.479998 0.000000 0.000000     3.072967     0.412481 
59350.491226 0.000000 0.000000     3.079655     0.412611 
59350.502454 0.000000 0.000000     3.086331     0.412741 
59350.513682 0.000000 0.000000     3.092995     0.412872 
59350.524910 0.000000 0.000000     3.099646     0.413003 
59350.536138 0.000000 0.000000     3.106285     0.413135 
59350.547366 0.000000 0.000000     3.112912     0.413267 
59350.558593 0.000000 0.000000     3.119527     0.413400 
59350.569821 0.000000 0.000000     3.126129     0.413534 
59350.581049 0.000000 0.000000     3.132719     0.413668 
59350.592277 0.000000 0.000000     3.139297     0.413803 
59350.603505 0.000000 0.000000     3.145862     0.413938 
59350.614733 0.000000 0.000000     3.152415     0.414074 
59350.625961 0.000000 0.000000     3.158956     0.414210 
59350.637189 0.000000 0.000000     3.165484     0.414347 
59350.648416 0.000000 0.000000     3.172000     0.414485 
59350.659644 0.000000 0.000000     3.178503     0.414623 
59350.670872 0.000000 0.000000     3.184994     0.414761 
59350.682100 0.000000 0.000000     3.191473     0.414900 
59350.693328 0.000000 0.000000     3.197939     0.415040 
59350.704556 0.000000 0.000000     3.204393     0.415180 
59350.715784 0.000000 0.000000     3.210834     0.415321 
59350.727011 0.000000 0.000000     3.217262     0.415462 
59350.738239 0.000000 0.000000     3.223678     0.415604 
59350.749467 0.000000 0.000000     3.230081     0.415746 
59350.760695 0.000000 0.000000     3.236472     0.415889 
59350.771923 0.000000 0.000000     3.242850     0.416033 
59350.783151 0.000000 0.000000     3.249216     0.416177 
59350.794379 0.000000 0.000000     3.255569     0.416321 
59350.805607 0.000000 0.000000     3.261909     0.416466 
59350.816834 0.000000 0.000000     3.268237     0.416611 
59350.828062 0.000000 0.000000     3.274552     0.416757 
59350.839290 0.000000 0.000000     3.280854     0.416904 
59350.850518 0.000000 0.000000     3.287144     0.417051 
59350.861746 0.000000 0.000000     3.293421     0.417198 
59350.872974 0.000000 0.000000     3.299685     0.417346 
59350.884202 0.000000 0.000000     3.305936     0.417495 
59350.895430 0.000000 0.000000     3.312175     0.417643 
59350.906657 0.000000 0.000000     3.318401     0.417793 
59350.917885 0.000000 0.000000     3.324614     0.417943 
59350.929113 0.000000 0.000000     3.330814     0.418093 
59350.940341 0.000000 0.000000     3.337001     0.418244 
59350.951569 0.000000 0.000000     3.343176     0.418395 
59350.962797 0.000000 0.000000     3.349337     0.418547 
59350.974025 0.000000 0.000000     3.355486     0.418699 
59350.985253 0.000000 0.000000     3.361622     0.418852 
59350.996480 0.000000 0.000000     3.367745     0.419005 
59351.007708 0.000000 0.000000     3.373855     0.419158 
59351.018936 0.000000 0.000000     3.379952     0.419312 
59351.030164 0.000000 0.000000     3.386036     0.419467 
59351.041392 0.000000 0.000000     3.392107     0.419622 
59351.052620 0.000000 0.000000     3.398165     0.419777 
59351.063848 0.000000 0.000000     3.404211     0.419933 
59351.075075 0.000000 0.000000     3.410243     0.420089 
59351.086303 0.000000 0.000000     3.416262     0.420245 
59351.097531 0.000000 0.000000     3.422268     0.420402 
59351.108759 0.000000 0.000000     3.428261     0.420560 
59351.119987 0.000000 0.000000     3.434241     0.420718 
59351.131215 0.000000 0.000000     3.440208     0.420876 
59351.142443 0.000000 0.000000     3.446162     0.421034 
59351.153671 0.000000 0.000000     3.452103     0.421193 
59351.164898 0.000000 0.000000     3.458031     0.421353 
59351.176126 0.000000 0.000000     3.463945     0.421513 
59351.187354 0.000000 0.000000     3.469847     0.421673 
59351.198582 0.000000 0.000000     3.475735     0.421833 
59351.209810 0.000000 0.000000     3.481610     0.421994 
59351.221038 0.000000 0.000000     3.487472     0.422155 
59351.232266 0.000000 0.000000     3.493321     0.422317 
59351.243494 0.000000 0.000000     3.499156     0.422479 
59351.254721 0.000000 0.000000     3.504979     0.422641 
59351.265949 0.000000 0.000000     3.510788     0.422804 
59351.277177 0.000000 0.000000     3.516584     0.422967 
59351.288405 0.000000 0.000000     3.522366     0.423130 
59351.299633 0.000000 0.000000     3.528136     0.423294 
59351.310861 0.000000 0.000000     3.533892     0.423458 
59351.322089 0.000000 0.000000     3.539635     0.423623 
59351.333317 0.000000 0.000000     3.545364     0.423787 
59351.344544 0.000000 0.000000     3.551080     0.423952 
59351.355772 0.000000 0.000000     3.556783     0.424118 
59351.367000 0.000000 0.000000     3.562473     0.424283 
59351.378228 0.000000 0.000000     3.568149     0.424449 
59351.389456 0.000000 0.000000     3.573812     0.424615 
59351.400684 0.000000 0.000000     3.579462     0.424782 
59351.411912 0.000000 0.000000     3.585098     0.424949 
59351.423139 0.000000 0.000000     3.590721     0.425116 
59351.434367 0.000000 0.000000     3.596330     0.425283 
59351.445595 0.000000 0.000000     3.601926     0.425451 
59351.456823 0.000000 0.000000     3.607508     0.425619 
59351.468051 0.000000 0.000000     3.613078     0.425787 
59351.479279 0.000000 0.000000     3.618633     0.425955 
59351.490507 0.000000 0.000000     3.624176     0.426124 
59351.501735 0.000000 0.000000     3.629704     0.426293 
59351.512962 0.000000 0.000000     3.635220     0.426462 
59351.524190 0.000000 0.000000     3.640722     0.426631 
59351.535418 0.000000 0.000000     3.646210     0.426801 
59351.546646 0.000000 0.000000     3.651685     0.426971 
59351.557874 0.000000 0.000000     3.657146     0.427141 
59351.569102 0.000000 0.000000     3.662594     0.427311 
59351.580330 0.000000 0.000000     3.668029     0.427482 
59351.591558 0.000000 0.000000     3.673449     0.427652 
59351.602785 0.000000 0.000000     3.678857     0.427823 
59351.614013 0.000000 0.000000     3.684250     0.427994 
59351.625241 0.000000 0.000000     3.689631     0.428165 
59351.636469 0.000000 0.000000     3.694997     0.428337 
59351.647697 0.000000 0.000000     3.700350     0.428509 
59351.658925 0.000000 0.000000     3.705690     0.428680 
59351.670153 0.000000 0.000000     3.711016     0.428852 
59351.681380 0.000000 0.000000     3.716328     0.429024 
59351.692608 0.000000 0.000000     3.721626     0.429197 
59351.703836 0.000000 0.000000     3.726912     0.429369 
59351.715064 0.000000 0.000000     3.732183     0.429542 
59351.726292 0.000000 0.000000     3.737441     0.429714 
59351.737520 0.000000 0.000000     3.742685     0.429887 
59351.748748 0.000000 0.000000     3.747915     0.430060 
59351.759976 0.000000 0.000000     3.753132     0.430233 
59351.771203 0.000000 0.000000     3.758335     0.430406 
59351.782431 0.000000 0.000000     3.763525     0.430580 
59351.793659 0.000000 0.000000     3.768701     0.430753 
59351.804887 0.000000 0.000000     3.773863     0.430927 
59351.816115 0.000000 0.000000     3.779011     0.431100 
59351.827343 0.000000 0.000000     3.784146     0.431274 
59351.838571 0.000000 0.000000     3.789267     0.431448 
59351.849799 0.000000 0.000000     3.794375     0.431622 
59351.861026 0.000000 0.000000     3.799468     0.431796 
59351.872254 0.000000 0.000000     3.804548     0.431970 
59351.883482 0.000000 0.000000     3.809614     0.432144 
59351.894710 0.000000 0.000000     3.814667     0.432318 
59351.905938 0.000000 0.000000     3.819705     0.432492 
59351.917166 0.000000 0.000000     3.824730     0.432666 
59351.928394 0.000000 0.000000     3.829741     0.432841 
59351.939622 0.000000 0.000000     3.834739     0.433015 
59351.950849 0.000000 0.000000     3.839722     0.433189 
59351.962077 0.000000 0.000000     3.844692     0.433364 
59351.973305 0.000000 0.000000     3.849648     0.433538 
59351.984533 0.000000 0.000000     3.854591     0.433712 
59351.995761 0.000000 0.000000     3.859519     0.433887 
59352.006989 0.000000 0.000000     3.864434     0.434061 
59352.018217 0.000000 0.000000     3.869335     0.434235 
59352.029444 0.000000 0.000000     3.874222     0.434410 
59352.040672 0.000000 0.000000     3.879095     0.434584 
59352.051900 0.000000 0.000000     3.883954     0.434758 
59352.063128 0.000000 0.000000     3.888800     0.434933 
59352.074356 0.000000 0.000000     3.893632     0.435107 
59352.085584 0.000000 0.000000     3.898450     0.435281 
59352.096812 0.000000 0.000000     3.903254     0.435455 
59352.108040 0.000000 0.000000     3.908044     0.435629 
59352.119267 0.000000 0.000000     3.912820     0.435803 
59352.130495 0.000000 0.000000     3.917583     0.435977 
59352.141723 0.000000 0.000000     3.922332     0.436151 
59352.152951 0.000000 0.000000     3.927066     0.436325 
59352.164179 0.000000 0.000000     3.931787     0.436499 
59352.175407 0.000000 0.000000     3.936494     0.436672 
59352.186635 0.000000 0.000000     3.941188     0.436846 
59352.197863 0.000000 0.000000     3.945867     0.437019 
59352.209090 0.000000 0.000000     3.950532     0.437193 
59352.220318 0.000000 0.000000     3.955184     0.437366 
59352.231546 0.000000 0.000000     3.959822     0.437539 
59352.242774 0.000000 0.000000     3.964445     0.437712 
59352.254002 0.000000 0.000000     3.969055     0.437885 
59352.265230 0.000000 0.000000     3.973651     0.438058 
59352.276458 0.000000 0.000000     3.978233     0.438231 
59352.287686 0.000000 0.000000     3.982801     0.438403 
59352.298913 0.000000 0.000000     3.987356     0.438575 
59352.310141 0.000000 0.000000     3.991896     0.438748 
59352.321369 0.000000 0.000000     3.996422     0.438920 
59352.332597 0.000000 0.000000     4.000935     0.439091 
59352.343825 0.000000 0.000000     4.005434     0.439263 
59352.355053 0.000000 0.000000     4.009918     0.439435 
59352.366281 0.000000 0.000000     4.014389     0.439606 
59352.377508 0.000000 0.000000     4.018846     0.439777 
59352.388736 0.000000 0.000000     4.023289     0.439948 
59352.399964 0.000000 0.000000     4.027717     0.440119 
59352.411192 0.000000 0.000000     4.032132     0.440289 
59352.422420 0.000000 0.000000     4.036534     0.440460 
59352.433648 0.000000 0.000000     4.040921     0.440630 
59352.444876 0.000000 0.000000     4.045294     0.440800 
59352.456104 0.000000 0.000000     4.049653     0.440969 
59352.467331 0.000000 0.000000     4.053998     0.441139 
59352.478559 0.000000 0.000000     4.058330     0.441308 
59352.489787 0.000000 0.000000     4.062647     0.441477 
59352.501015 0.000000 0.000000     4.066951     0.441646 
59352.512243 0.000000 0.000000     4.071240     0.441814 
59352.523471 0.000000 0.000000     4.075516     0.441982 
59352.534699 0.000000 0.000000     4.079777     0.442150 
59352.545927 0.000000 0.000000     4.084025     0.442318 
59352.557154 0.000000 0.000000     4.088258     0.442485 
59352.568382 0.000000 0.000000     4.092478     0.442652 
59352.579610 0.000000 0.000000     4.096684     0.442819 
59352.590838 0.000000 0.000000     4.100876     0.442985 
59352.602066 0.000000 0.000000     4.105053     0.443152 
59352.613294 0.000000 0.000000     4.109217     0.443318 
59352.624522 0.000000 0.000000     4.113367     0.443483 
59352.635750 0.000000 0.000000     4.117503     0.443648 
59352.646977 0.000000 0.000000     4.121625     0.443813 
59352.658205 0.000000 0.000000     4.125733     0.443978 
59352.669433 0.000000 0.000000     4.129827     0.444142 
59352.680661 0.000000 0.000000     4.133907     0.444306 
59352.691889 0.000000 0.000000     4.137974     0.444470 
59352.703117 0.000000 0.000000     4.142026     0.444633 
59352.714345 0.000000 0.000000     4.146064     0.444796 
59352.725572 0.000000 0.000000     4.150088     0.444959 
59352.736800 0.000000 0.000000     4.154099     0.445121 
59352.748028 0.000000 0.000000     4.158095     0.445283 
59352.759256 0.000000 0.000000     4.162077     0.445445 
59352.770484 0.000000 0.000000     4.166046     0.445606 
59352.781712 0.000000 0.000000     4.170000     0.445766 
59352.792940 0.000000 0.000000     4.173941     0.445927 
59352.804168 0.000000 0.000000     4.177867     0.446087 
59352.815395 0.000000 0.000000     4.181780     0.446246 
59352.826623 0.000000 0.000000     4.185679     0.446405 
59352.837851 0.000000 0.000000     4.189563     0.446564 
59352.849079 0.000000 0.000000     4.193434     0.446723 
59352.860307 0.000000 0.000000     4.197291     0.446881 
59352.871535 0.000000 0.000000     4.201134     0.447038 
59352.882763 0.000000 0.000000     4.204963     0.447195 
59352.893991 0.000000 0.000000     4.208778     0.447352 
59352.905218 0.000000 0.000000     4.212579     0.447508 
59352.916446 0.000000 0.000000     4.216366     0.447664 
59352.927674 0.000000 0.000000     4.220139     0.447819 
59352.938902 0.000000 0.000000     4.223898     0.447974 
59352.950130 0.000000 0.000000     4.227643     0.448129 
59352.961358 0.000000 0.000000     4.231375     0.448283 
59352.972586 0.000000 0.000000     4.235092     0.448436 
59352.983813 0.000000 0.000000     4.238796     0.448589 
59352.995041 0.000000 0.000000     4.242485     0.448742 
59353.006269 0.000000 0.000000     4.246161     0.448894 
59353.017497 0.000000 0.000000     4.249823     0.449046 
59353.028725 0.000000 0.000000     4.253470     0.449197 
59353.039953 0.000000 0.000000     4.257104     0.449347 
59353.051181 0.000000 0.000000     4.260724     0.449498 
59353.062409 0.000000 0.000000     4.264330     0.449647 
59353.073636 0.000000 0.000000     4.267923     0.449796 
59353.084864 0.000000 0.000000     4.271501     0.449945 
59353.096092 0.000000 0.000000     4.275065     0.450093 
59353.107320 0.000000 0.000000     4.278616     0.450241 
59353.118548 0.000000 0.000000     4.282152     0.450388 
59353.129776 0.000000 0.000000     4.285675     0.450535 
59353.141004 0.000000 0.000000     4.289184     0.450681 
59353.152232 0.000000 0.000000     4.292679     0.450826 
59353.163459 0.000000 0.000000     4.296160     0.450971 
59353.174687 0.000000 0.000000     4.299627     0.451116 
59353.185915 0.000000 0.000000     4.303080     0.451260 
59353.197143 0.000000 0.000000     4.306519     0.451403 
59353.208371 0.000000 0.000000     4.309945     0.451546 
59353.219599 0.000000 0.000000     4.313357     0.451688 
59353.230827 0.000000 0.000000     4.316755     0.451830 
59353.242055 0.000000 0.000000     4.320139     0.451971 
59353.253282 0.000000 0.000000     4.323509     0.452112 
59353.264510 0.000000 0.000000     4.326865     0.452252 
59353.275738 0.000000 0.000000     4.330207     0.452391 
59353.286966 0.000000 0.000000     4.333536     0.452530 
59353.298194 0.000000 0.000000     4.336851     0.452668 
59353.309422 0.000000 0.000000     4.340152     0.452806 
59353.320650 0.000000 0.000000     4.343439     0.452943 
59353.331877 0.000000 0.000000     4.346712     0.453079 
59353.343105 0.000000 0.000000     4.349972     0.453215 
59353.354333 0.000000 0.000000     4.353217     0.453351 
59353.365561 0.000000 0.000000     4.356449     0.453485 
59353.376789 0.000000 0.000000     4.359667     0.453619 
59353.388017 0.000000 0.000000     4.362872     0.453753 
59353.399245 0.000000 0.000000     4.366062     0.453886 
59353.410473 0.000000 0.000000     4.369239     0.454018 
59353.421700 0.000000 0.000000     4.372402     0.454150 
59353.432928 0.000000 0.000000     4.375551     0.454281 
59353.444156 0.000000 0.000000     4.378687     0.454411 
59353.455384 0.000000 0.000000     4.381809     0.454541 
59353.466612 0.000000 0.000000     4.384916     0.454670 
59353.477840 0.000000 0.000000     4.388011     0.454798 
59353.489068 0.000000 0.000000     4.391091     0.454926 
59353.500296 0.000000 0.000000     4.394158     0.455053 
59353.511523 0.000000 0.000000     4.397211     0.455180 
59353.522751 0.000000 0.000000     4.400250     0.455306 
59353.533979 0.000000 0.000000     4.403276     0.455431 
59353.545207 0.000000 0.000000     4.406288     0.455555 
59353.556435 0.000000 0.000000     4.409286     0.455679 
59353.567663 0.000000 0.000000     4.412270     0.455803 
59353.578891 0.000000 0.000000     4.415241     0.455925 
59353.590119 0.000000 0.000000     4.418198     0.456047 
59353.601346 0.000000 0.000000     4.421142     0.456168 
59353.612574 0.000000 0.000000     4.424071     0.456289 
59353.623802 0.000000 0.000000     4.426987     0.456409 
59353.635030 0.000000 0.000000     4.429890     0.456528 
59353.646258 0.000000 0.000000     4.432779     0.456647 
59353.657486 0.000000 0.000000     4.435654     0.456765 
59353.668714 0.000000 0.000000     4.438515     0.456882 
59353.679941 0.000000 0.000000     4.441363     0.456998 
59353.691169 0.000000 0.000000     4.444197     0.457114 
59353.702397 0.000000 0.000000     4.447018     0.457229 
59353.713625 0.000000 0.000000     4.449825     0.457344 
59353.724853 0.000000 0.000000     4.452618     0.457458 
59353.736081 0.000000 0.000000     4.455398     0.457571 
59353.747309 0.000000 0.000000     4.458165     0.457683 
59353.758537 0.000000 0.000000     4.460917     0.457795 
59353.769764 0.000000 0.000000     4.463656     0.457906 
59353.780992 0.000000 0.000000     4.466382     0.458016 
59353.792220 0.000000 0.000000     4.469094     0.458126 
59353.803448 0.000000 0.000000     4.471792     0.458234 
59353.814676 0.000000 0.000000     4.474477     0.458342 
59353.825904 0.000000 0.000000     4.477149     0.458450 
59353.837132 0.000000 0.000000     4.479807     0.458557 
59353.848360 0.000000 0.000000     4.482451     0.458663 
59353.859587 0.000000 0.000000     4.485082     0.458768 
59353.870815 0.000000 0.000000     4.487699     0.458872 
59353.882043 0.000000 0.000000     4.490303     0.458976 
59353.893271 0.000000 0.000000     4.492894     0.459079 
59353.904499 0.000000 0.000000     4.495471     0.459182 
59353.915727 0.000000 0.000000     4.498034     0.459284 
59353.926955 0.000000 0.000000     4.500584     0.459384 
59353.938183 0.000000 0.000000     4.503121     0.459485 
59353.949410 0.000000 0.000000     4.505644     0.459584 
59353.960638 0.000000 0.000000     4.508154     0.459683 
59353.971866 0.000000 0.000000     4.510650     0.459781 
59353.983094 0.000000 0.000000     4.513133     0.459878 
59353.994322 0.000000 0.000000     4.515602     0.459975 
59354.005550 0.000000 0.000000     4.518058     0.460071 
59354.016778 0.000000 0.000000     4.520501     0.460166 
59354.028005 0.000000 0.000000     4.522931     0.460260 
59354.039233 0.000000 0.000000     4.525347     0.460354 
59354.050461 0.000000 0.000000     4.527749     0.460447 
59354.061689 0.000000 0.000000     4.530139     0.460539 
59354.072917 0.000000 0.000000     4.532514     0.460631 
59354.084145 0.000000 0.000000     4.534877     0.460721 
59354.095373 0.000000 0.000000     4.537226     0.460811 
59354.106601 0.000000 0.000000     4.539563     0.460901 
59354.117828 0.000000 0.000000     4.541885     0.460989 
59354.129056 0.000000 0.000000     4.544195     0.461077 
59354.140284 0.000000 0.000000     4.546491     0.461164 
59354.151512 0.000000 0.000000     4.548774     0.461250 
59354.162740 0.000000 0.000000     4.551044     0.461336 
59354.173968 0.000000 0.000000     4.553300     0.461421 
59354.185196 0.000000 0.000000     4.555543     0.461505 
59354.196424 0.000000 0.000000     4.557773     0.461588 
59354.207651 0.000000 0.000000     4.559990     0.461671 
59354.218879 0.000000 0.000000     4.562194     0.461753 
59354.230107 0.000000 0.000000     4.564384     0.461834 
59354.241335 0.000000 0.000000     4.566561     0.461914 
59354.252563 0.000000 0.000000     4.568725     0.461994 
59354.263791 0.000000 0.000000     4.570876     0.462073 
59354.275019 0.000000 0.000000     4.573014     0.462151 
59354.286246 0.000000 0.000000     4.575138     0.462229 
59354.297474 0.000000 0.000000     4.577250     0.462305 
59354.308702 0.000000 0.000000     4.579348     0.462382 
59354.319930 0.000000 0.000000     4.581433     0.462457 
59354.331158 0.000000 0.000000     4.583505     0.462531 
59354.342386 0.000000 0.000000     4.585564     0.462605 
59354.353614 0.000000 0.000000     4.587610     0.462678 
59354.364842 0.000000 0.000000     4.589643     0.462751 
59354.376069 0.000000 0.000000     4.591663     0.462822 
59354.387297 0.000000 0.000000     4.593670     0.462893 
59354.398525 0.000000 0.000000     4.595664     0.462964 
59354.409753 0.000000 0.000000     4.597645     0.463033 
59354.420981 0.000000 0.000000     4.599612     0.463102 
59354.432209 0.000000 0.000000     4.601567     0.463170 
59354.443437 0.000000 0.000000     4.603509     0.463237 
59354.454665 0.000000 0.000000     4.605438     0.463304 
59354.465892 0.000000 0.000000     4.607354     0.463370 
59354.477120 0.000000 0.000000     4.609257     0.463435 
59354.488348 0.000000 0.000000     4.611147     0.463500 
59354.499576 0.000000 0.000000     4.613024     0.463564 
59354.510804 0.000000 0.000000     4.614888     0.463627 
59354.522032 0.000000 0.000000     4.616739     0.463689 
59354.533260 0.000000 0.000000     4.618577     0.463751 
59354.544488 0.000000 0.000000     4.620403     0.463812 
59354.555715 0.000000 0.000000     4.622216     0.463872 
59354.566943 0.000000 0.000000     4.624015     0.463932 
59354.578171 0.000000 0.000000     4.625802     0.463991 
59354.589399 0.000000 0.000000     4.627576     0.464049 
59354.600627 0.000000 0.000000     4.629338     0.464107 
59354.611855 0.000000 0.000000     4.631086     0.464164 
59354.623083 0.000000 0.000000     4.632822     0.464220 
59354.634310 0.000000 0.000000     4.634545     0.464276 
59354.645538 0.000000 0.000000     4.636255     0.464330 
59354.656766 0.000000 0.000000     4.637953     0.464385 
59354.667994 0.000000 0.000000     4.639637     0.464438 
59354.679222 0.000000 0.000000     4.641309     0.464491 
59354.690450 0.000000 0.000000     4.642969     0.464543 
59354.701678 0.000000 0.000000     4.644615     0.464595 
59354.712906 0.000000 0.000000     4.646249     0.464646 
59354.724133 0.000000 0.000000     4.647870     0.464696 
59354.735361 0.000000 0.000000     4.649479     0.464746 
59354.746589 0.000000 0.000000     4.651075     0.464795 
59354.757817 0.000000 0.000000     4.652658     0.464843 
59354.769045 0.000000 0.000000     4.654229     0.464891 
59354.780273 0.000000 0.000000     4.655787     0.464938 
59354.791501 0.000000 0.000000     4.657332     0.464985 
59354.802729 0.000000 0.000000     4.658865     0.465030 
59354.813956 0.000000 0.000000     4.660385     0.465076 
59354.825184 0.000000 0.000000     4.661893     0.465120 
59354.836412 0.000000 0.000000     4.663388     0.465164 
59354.847640 0.000000 0.000000     4.664871     0.465208 
59354.858868 0.000000 0.000000     4.666341     0.465251 
59354.870096 0.000000 0.000000     4.667799     0.465293 
59354.881324 0.000000 0.000000     4.669244     0.465335 
59354.892552 0.000000 0.000000     4.670677     0.465376 
59354.903779 0.000000 0.000000     4.672097     0.465416 
59354.915007 0.000000 0.000000     4.673505     0.465456 
59354.926235 0.000000 0.000000     4.674900     0.465495 
59354.937463 0.000000 0.000000     4.676283     0.465534 
59354.948691 0.000000 0.000000     4.677654     0.465572 
59354.959919 0.000000 0.000000     4.679012     0.465610 
59354.971147 0.000000 0.000000     4.680358     0.465647 
59354.982374 0.000000 0.000000     4.681691     0.465684 
59354.993602 0.000000 0.000000     4.683012     0.465720 
59355.004830 0.000000 0.000000     4.684321     0.465756 
59355.016058 0.000000 0.000000     4.685618     0.465791 
59355.027286 0.000000 0.000000     4.686902     0.465825 
59355.038514 0.000000 0.000000     4.688174     0.465859 
59355.049742 0.000000 0.000000     4.689433     0.465893 
59355.060970 0.000000 0.000000     4.690680     0.465926 
59355.072197 0.000000 0.000000     4.691916     0.465958 
59355.083425 0.000000 0.000000     4.693138     0.465990 
59355.094653 0.000000 0.000000     4.694349     0.466022 
59355.105881 0.000000 0.000000     4.695547     0.466053 
59355.117109 0.000000 0.000000     4.696734     0.466083 
59355.128337 0.000000 0.000000     4.697908     0.466114 
59355.139565 0.000000 0.000000     4.699070     0.466143 
59355.150793 0.000000 0.000000     4.700220     0.466173 
59355.162020 0.000000 0.000000     4.701357     0.466201 
59355.173248 0.000000 0.000000     4.702483     0.466230 
59355.184476 0.000000 0.000000     4.703596     0.466258 
59355.195704 0.000000 0.000000     4.704698     0.466285 
59355.206932 0.000000 0.000000     4.705787     0.466313 
59355.218160 0.000000 0.000000     4.706864     0.466339 
59355.229388 0.000000 0.000000     4.707929     0.466366 
59355.240616 0.000000 0.000000     4.708983     0.466392 
59355.251843 0.000000 0.000000     4.710024     0.466417 
59355.263071 0.000000 0.000000     4.711053     0.466443 
59355.274299 0.000000 0.000000     4.712070     0.466468 
59355.285527 0.000000 0.000000     4.713076     0.466492 
59355.296755 0.000000 0.000000     4.714069     0.466516 
59355.307983 0.000000 0.000000     4.715050     0.466540 
59355.319211 0.000000 0.000000     4.716020     0.466564 
59355.330438 0.000000 0.000000     4.716977     0.466587 
59355.341666 0.000000 0.000000     4.717923     0.466610 
59355.352894 0.000000 0.000000     4.718857     0.466633 
59355.364122 0.000000 0.000000     4.719779     0.466655 
59355.375350 0.000000 0.000000     4.720689     0.466677 
59355.386578 0.000000 0.000000     4.721587     0.466699 
59355.397806 0.000000 0.000000     4.722474     0.466721 
59355.409034 0.000000 0.000000     4.723349     0.466742 
59355.420261 0.000000 0.000000     4.724212     0.466763 
59355.431489 0.000000 0.000000     4.725063     0.466784 
59355.442717 0.000000 0.000000     4.725902     0.466805 
59355.453945 0.000000 0.000000     4.726730     0.466825 
59355.465173 0.000000 0.000000     4.727546     0.466845 
59355.476401 0.000000 0.000000     4.728350     0.466865 
59355.487629 0.000000 0.000000     4.729143     0.466885 
59355.498857 0.000000 0.000000     4.729924     0.466905 
59355.510084 0.000000 0.000000     4.730694     0.466924 
59355.521312 0.000000 0.000000     4.731451     0.466944 
59355.532540 0.000000 0.000000     4.732197     0.466963 
59355.543768 0.000000 0.000000     4.732932     0.466982 
59355.554996 0.000000 0.000000     4.733655     0.467001 
59355.566224 0.000000 0.000000     4.734366     0.467020 
59355.577452 0.000000 0.000000     4.735066     0.467039 
59355.588679 0.000000 0.000000     4.735755     0.467058 
59355.599907 0.000000 0.000000     4.736431     0.467076 
59355.611135 0.000000 0.000000     4.737097     0.467095 
59355.622363 0.000000 0.000000     4.737751     0.467113 
59355.633591 0.000000 0.000000     4.738393     0.467132 
59355.644819 0.000000 0.000000     4.739024     0.467150 
59355.656047 0.000000 0.000000     4.739644     0.467169 
59355.667275 0.000000 0.000000     4.740252     0.467187 
59355.678502 0.000000 0.000000     4.740848     0.467206 
59355.689730 0.000000 0.000000     4.741434     0.467224 
59355.700958 0.000000 0.000000     4.742008     0.467243 
59355.712186 0.000000 0.000000     4.742570     0.467262 
59355.723414 0.000000 0.000000     4.743122     0.467280 
59355.734642 0.000000 0.000000     4.743662     0.467299 
59355.745870 0.000000 0.000000     4.744190     0.467318 
59355.757098 0.000000 0.000000     4.744708     0.467337 
59355.768325 0.000000 0.000000     4.745214     0.467356 
59355.779553 0.000000 0.000000     4.745709     0.467375 
59355.790781 0.000000 0.000000     4.746193     0.467395 
59355.802009 0.000000 0.000000     4.746665     0.467414 
59355.813237 0.000000 0.000000     4.747126     0.467434 
59355.824465 0.000000 0.000000     4.747576     0.467454 
59355.835693 0.000000 0.000000     4.748015     0.467474 
59355.846921 0.000000 0.000000     4.748443     0.467494 
59355.858148 0.000000 0.000000     4.748860     0.467514 
59355.869376 0.000000 0.000000     4.749266     0.467535 
59355.880604 0.000000 0.000000     4.749660     0.467556 
59355.891832 0.000000 0.000000     4.750044     0.467577 
59355.903060 0.000000 0.000000     4.750416     0.467599 
59355.914288 0.000000 0.000000     4.750777     0.467621 
59355.925516 0.000000 0.000000     4.751128     0.467643 
59355.936743 0.000000 0.000000     4.751467     0.467665 
59355.947971 0.000000 0.000000     4.751795     0.467688 
59355.959199 0.000000 0.000000     4.752113     0.467711 
59355.970427 0.000000 0.000000     4.752419     0.467735 
59355.981655 0.000000 0.000000     4.752715     0.467759 
59355.992883 0.000000 0.000000     4.752999     0.467783 
59356.004111 0.000000 0.000000     4.753273     0.467808 
59356.015339 0.000000 0.000000     4.753536     0.467833 
59356.026566 0.000000 0.000000     4.753788     0.467859 
59356.037794 0.000000 0.000000     4.754029     0.467885 
59356.049022 0.000000 0.000000     4.754259     0.467911 
59356.060250 0.000000 0.000000     4.754479     0.467938 
59356.071478 0.000000 0.000000     4.754688     0.467966 
59356.082706 0.000000 0.000000     4.754886     0.467994 
59356.093934 0.000000 0.000000     4.755073     0.468023 
59356.105162 0.000000 0.000000     4.755249     0.468052 
59356.116389 0.000000 0.000000     4.755415     0.468082 
59356.127617 0.000000 0.000000     4.755570     0.468112 
59356.138845 0.000000 0.000000     4.755715     0.468143 
59356.150073 0.000000 0.000000     4.755848     0.468175 
59356.161301 0.000000 0.000000     4.755972     0.468207 
59356.172529 0.000000 0.000000     4.756084     0.468240 
59356.183757 0.000000 0.000000     4.756186     0.468273 
59356.194985 0.000000 0.000000     4.756277     0.468308 
59356.206212 0.000000 0.000000     4.756358     0.468343 
59356.217440 0.000000 0.000000     4.756428     0.468378 
59356.228668 0.000000 0.000000     4.756488     0.468415 
59356.239896 0.000000 0.000000     4.756537     0.468452 
59356.251124 0.000000 0.000000     4.756576     0.468490 
59356.262352 0.000000 0.000000     4.756604     0.468529 
59356.273580 0.000000 0.000000     4.756621     0.468569 
59356.284807 0.000000 0.000000     4.756629     0.468609 
59356.296035 0.000000 0.000000     4.756626     0.468650 
59356.307263 0.000000 0.000000     4.756612     0.468692 
59356.318491 0.000000 0.000000     4.756588     0.468736 
59356.329719 0.000000 0.000000     4.756554     0.468779 
59356.340947 0.000000 0.000000     4.756509     0.468824 
59356.352175 0.000000 0.000000     4.756454     0.468870 
59356.363403 0.000000 0.000000     4.756389     0.468917 
59356.374630 0.000000 0.000000     4.756313     0.468965 
59356.385858 0.000000 0.000000     4.756228     0.469014 
59356.397086 0.000000 0.000000     4.756131     0.469063 
59356.408314 0.000000 0.000000     4.756025     0.469114 
59356.419542 0.000000 0.000000     4.755909     0.469166 
59356.430770 0.000000 0.000000     4.755782     0.469219 
59356.441998 0.000000 0.000000     4.755645     0.469273 
59356.453226 0.000000 0.000000     4.755498     0.469328 
59356.464453 0.000000 0.000000     4.755341     0.469384 
59356.475681 0.000000 0.000000     4.755173     0.469442 
59356.486909 0.000000 0.000000     4.754996     0.469500 
59356.498137 0.000000 0.000000     4.754808     0.469560 
59356.509365 0.000000 0.000000     4.754611     0.469621 
59356.520593 0.000000 0.000000     4.754403     0.469683 
59356.531821 0.000000 0.000000     4.754185     0.469746 
59356.543049 0.000000 0.000000     4.753958     0.469811 
59356.554276 0.000000 0.000000     4.753720     0.469877 
59356.565504 0.000000 0.000000     4.753473     0.469944 
59356.576732 0.000000 0.000000     4.753215     0.470013 
59356.587960 0.000000 0.000000     4.752947     0.470083 
59356.599188 0.000000 0.000000     4.752670     0.470154 
59356.610416 0.000000 0.000000     4.752383     0.470227 
59356.621644 0.000000 0.000000     4.752086     0.470301 
59356.632871 0.000000 0.000000     4.751779     0.470376 
59356.644099 0.000000 0.000000     4.751462     0.470453 
59356.655327 0.000000 0.000000     4.751135     0.470531 
59356.666555 0.000000 0.000000     4.750799     0.470611 
59356.677783 0.000000 0.000000     4.750452     0.470692 
59356.689011 0.000000 0.000000     4.750096     0.470775 
59356.700239 0.000000 0.000000     4.749731     0.470859 
59356.711467 0.000000 0.000000     4.749355     0.470945 
59356.722694 0.000000 0.000000     4.748970     0.471033 
59356.733922 0.000000 0.000000     4.748575     0.471122 
59356.745150 0.000000 0.000000     4.748171     0.471212 
59356.756378 0.000000 0.000000     4.747757     0.471305 
59356.767606 0.000000 0.000000     4.747333     0.471398 
59356.778834 0.000000 0.000000     4.746900     0.471494 
59356.790062 0.000000 0.000000     4.746457     0.471591 
59356.801290 0.000000 0.000000     4.746004     0.471690 
59356.812517 0.000000 0.000000     4.745542     0.471791 
59356.823745 0.000000 0.000000     4.745071     0.471893 
59356.834973 0.000000 0.000000     4.744590     0.471997 
59356.846201 0.000000 0.000000     4.744099     0.472103 
59356.857429 0.000000 0.000000     4.743599     0.472211 
59356.868657 0.000000 0.000000     4.743090     0.472321 
59356.879885 0.000000 0.000000     4.742571     0.472432 
59356.891112 0.000000 0.000000     4.742042     0.472546 
59356.902340 0.000000 0.000000     4.741505     0.472661 
59356.913568 0.000000 0.000000     4.740958     0.472778 
59356.924796 0.000000 0.000000     4.740401     0.472897 
59356.936024 0.000000 0.000000     4.739836     0.473018 
59356.947252 0.000000 0.000000     4.739261     0.473141 
59356.958480 0.000000 0.000000     4.738677     0.473265 
59356.969708 0.000000 0.000000     4.738083     0.473392 
59356.980935 0.000000 0.000000     4.737480     0.473521 
59356.992163 0.000000 0.000000     4.736868     0.473652 
59357.003391 0.000000 0.000000     4.736247     0.473785 
59357.014619 0.000000 0.000000     4.735617     0.473920 
59357.025847 0.000000 0.000000     4.734977     0.474057 
59357.037075 0.000000 0.000000     4.734328     0.474196 
59357.048303 0.000000 0.000000     4.733671     0.474337 
59357.059531 0.000000 0.000000     4.733004     0.474481 
59357.070758 0.000000 0.000000     4.732328     0.474626 
59357.081986 0.000000 0.000000     4.731643     0.474774 
59357.093214 0.000000 0.000000     4.730948     0.474924 
59357.104442 0.000000 0.000000     4.730245     0.475076 
59357.115670 0.000000 0.000000     4.729533     0.475231 
59357.126898 0.000000 0.000000     4.728812     0.475388 
59357.138126 0.000000 0.000000     4.728082     0.475546 
59357.149354 0.000000 0.000000     4.727343     0.475708 
59357.160581 0.000000 0.000000     4.726595     0.475871 
59357.171809 0.000000 0.000000     4.725838     0.476037 
59357.183037 0.000000 0.000000     4.725072     0.476205 
59357.194265 0.000000 0.000000     4.724298     0.476376 
59357.205493 0.000000 0.000000     4.723514     0.476549 
59357.216721 0.000000 0.000000     4.722722     0.476724 
59357.227949 0.000000 0.000000     4.721921     0.476902 
59357.239176 0.000000 0.000000     4.721111     0.477082 
59357.250404 0.000000 0.000000     4.720292     0.477264 
59357.261632 0.000000 0.000000     4.719465     0.477449 
59357.272860 0.000000 0.000000     4.718629     0.477637 
59357.284088 0.000000 0.000000     4.717784     0.477827 
59357.295316 0.000000 0.000000     4.716931     0.478019 
59357.306544 0.000000 0.000000     4.716069     0.478214 
59357.317772 0.000000 0.000000     4.715198     0.478412 
59357.328999 0.000000 0.000000     4.714318     0.478612 
59357.340227 0.000000 0.000000     4.713430     0.478814 
59357.351455 0.000000 0.000000     4.712534     0.479020 
59357.362683 0.000000 0.000000     4.711629     0.479227 
59357.373911 0.000000 0.000000     4.710715     0.479438 
59357.385139 0.000000 0.000000     4.709793     0.479651 
59357.396367 0.000000 0.000000     4.708862     0.479866 
59357.407595 0.000000 0.000000     4.707923     0.480085 
59357.418822 0.000000 0.000000     4.706976     0.480306 
59357.430050 0.000000 0.000000     4.706020     0.480529 
59357.441278 0.000000 0.000000     4.705055     0.480756 
59357.452506 0.000000 0.000000     4.704082     0.480985 
59357.463734 0.000000 0.000000     4.703101     0.481216 
59357.474962 0.000000 0.000000     4.702112     0.481451 
59357.486190 0.000000 0.000000     4.701114     0.481688 
59357.497418 0.000000 0.000000     4.700107     0.481928 
59357.508645 0.000000 0.000000     4.699093     0.482171 
59357.519873 0.000000 0.000000     4.698070     0.482416 
59357.531101 0.000000 0.000000     4.697039     0.482665 
59357.542329 0.000000 0.000000     4.696000     0.482916 
59357.553557 0.000000 0.000000     4.694953     0.483170 
59357.564785 0.000000 0.000000     4.693897     0.483427 
59357.576013 0.000000 0.000000     4.692833     0.483686 
59357.587240 0.000000 0.000000     4.691761     0.483949 
59357.598468 0.000000 0.000000     4.690681     0.484214 
59357.609696 0.000000 0.000000     4.689593     0.484482 
59357.620924 0.000000 0.000000     4.688497     0.484753 
59357.632152 0.000000 0.000000     4.687393     0.485027 
59357.643380 0.000000 0.000000     4.686280     0.485304 
59357.654608 0.000000 0.000000     4.685160     0.485584 
59357.665836 0.000000 0.000000     4.684032     0.485867 
59357.677063 0.000000 0.000000     4.682895     0.486152 
59357.688291 0.000000 0.000000     4.681751     0.486441 
59357.699519 0.000000 0.000000     4.680599     0.486733 
59357.710747 0.000000 0.000000     4.679439     0.487027 
59357.721975 0.000000 0.000000     4.678271     0.487325 
59357.733203 0.000000 0.000000     4.677095     0.487625 
59357.744431 0.000000 0.000000     4.675911     0.487928 
59357.755659 0.000000 0.000000     4.674719     0.488235 
59357.766886 0.000000 0.000000     4.673520     0.488544 
59357.778114 0.000000 0.000000     4.672313     0.488857 
59357.789342 0.000000 0.000000     4.671098     0.489172 
59357.800570 0.000000 0.000000     4.669875     0.489491 
59357.811798 0.000000 0.000000     4.668645     0.489812 
59357.823026 0.000000 0.000000     4.667407     0.490137 
59357.834254 0.000000 0.000000     4.666161     0.490464 
59357.845482 0.000000 0.000000     4.664907     0.490795 
59357.856709 0.000000 0.000000     4.663646     0.491128 
59357.867937 0.000000 0.000000     4.662378     0.491465 
59357.879165 0.000000 0.000000     4.661101     0.491805 
59357.890393 0.000000 0.000000     4.659817     0.492148 
59357.901621 0.000000 0.000000     4.658526     0.492494 
59357.912849 0.000000 0.000000     4.657227     0.492843 
59357.924077 0.000000 0.000000     4.655920     0.493195 
59357.935304 0.000000 0.000000     4.654606     0.493550 
59357.946532 0.000000 0.000000     4.653285     0.493908 
59357.957760 0.000000 0.000000     4.651956     0.494269 
59357.968988 0.000000 0.000000     4.650620     0.494633 
59357.980216 0.000000 0.000000     4.649276     0.495001 
59357.991444 0.000000 0.000000     4.647925     0.495371 
59358.002672 0.000000 0.000000     4.646566     0.495745 
59358.013900 0.000000 0.000000     4.645200     0.496122 
59358.025127 0.000000 0.000000     4.643827     0.496502 
59358.036355 0.000000 0.000000     4.642447     0.496885 
59358.047583 0.000000 0.000000     4.641059     0.497271 
59358.058811 0.000000 0.000000     4.639664     0.497660 
59358.070039 0.000000 0.000000     4.638262     0.498052 
59358.081267 0.000000 0.000000     4.636852     0.498447 
59358.092495 0.000000 0.000000     4.635435     0.498846 
59358.103723 0.000000 0.000000     4.634012     0.499247 
59358.114950 0.000000 0.000000     4.632581     0.499652 
59358.126178 0.000000 0.000000     4.631142     0.500060 
59358.137406 0.000000 0.000000     4.629697     0.500471 
59358.148634 0.000000 0.000000     4.628245     0.500885 
59358.159862 0.000000 0.000000     4.626785     0.501302 
59358.171090 0.000000 0.000000     4.625319     0.501722 
59358.182318 0.000000 0.000000     4.623845     0.502145 
59358.193545 0.000000 0.000000     4.622365     0.502572 
59358.204773 0.000000 0.000000     4.620878     0.503001 
59358.216001 0.000000 0.000000     4.619383     0.503434 
59358.227229 0.000000 0.000000     4.617882     0.503869 
59358.238457 0.000000 0.000000     4.616373     0.504308 
59358.249685 0.000000 0.000000     4.614858     0.504750 
59358.260913 0.000000 0.000000     4.613336     0.505194 
59358.272141 0.000000 0.000000     4.611807     0.505642 
59358.283368 0.000000 0.000000     4.610272     0.506093 
59358.294596 0.000000 0.000000     4.608729     0.506547 
59358.305824 0.000000 0.000000     4.607180     0.507005 
59358.317052 0.000000 0.000000     4.605624     0.507465 
59358.328280 0.000000 0.000000     4.604061     0.507928 
59358.339508 0.000000 0.000000     4.602491     0.508394 
59358.350736 0.000000 0.000000     4.600915     0.508864 
59358.361964 0.000000 0.000000     4.599332     0.509336 
59358.373191 0.000000 0.000000     4.597742     0.509811 
59358.384419 0.000000 0.000000     4.596146     0.510290 
59358.395647 0.000000 0.000000     4.594543     0.510771 
59358.406875 0.000000 0.000000     4.592934     0.511256 
59358.418103 0.000000 0.000000     4.591318     0.511743 
59358.429331 0.000000 0.000000     4.589695     0.512233 
59358.440559 0.000000 0.000000     4.588066     0.512727 
59358.451787 0.000000 0.000000     4.586430     0.513223 
59358.463014 0.000000 0.000000     4.584788     0.513723 
59358.474242 0.000000 0.000000     4.583140     0.514225 
59358.485470 0.000000 0.000000     4.581485     0.514730 
59358.496698 0.000000 0.000000     4.579823     0.515238 
59358.507926 0.000000 0.000000     4.578155     0.515750 
59358.519154 0.000000 0.000000     4.576481     0.516264 
59358.530382 0.000000 0.000000     4.574801     0.516781 
59358.541609 0.000000 0.000000     4.573114     0.517301 
59358.552837 0.000000 0.000000     4.571421     0.517824 
59358.564065 0.000000 0.000000     4.569721     0.518349 
59358.575293 0.000000 0.000000     4.568015     0.518878 
59358.586521 0.000000 0.000000     4.566303     0.519410 
59358.597749 0.000000 0.000000     4.564585     0.519944 
59358.608977 0.000000 0.000000     4.562861     0.520481 
59358.620205 0.000000 0.000000     4.561130     0.521022 
59358.631432 0.000000 0.000000     4.559393     0.521565 
59358.642660 0.000000 0.000000     4.557650     0.522110 
59358.653888 0.000000 0.000000     4.555901     0.522659 
59358.665116 0.000000 0.000000     4.554146     0.523210 
59358.676344 0.000000 0.000000     4.552385     0.523765 
59358.687572 0.000000 0.000000     4.550617     0.524322 
59358.698800 0.000000 0.000000     4.548844     0.524881 
59358.710028 0.000000 0.000000     4.547065     0.525444 
59358.721255 0.000000 0.000000     4.545279     0.526009 
59358.732483 0.000000 0.000000     4.543488     0.526577 
59358.743711 0.000000 0.000000     4.541691     0.527148 
59358.754939 0.000000 0.000000     4.539888     0.527722 
59358.766167 0.000000 0.000000     4.538079     0.528298 
59358.777395 0.000000 0.000000     4.536264     0.528877 
59358.788623 0.000000 0.000000     4.534443     0.529458 
59358.799851 0.000000 0.000000     4.532617     0.530043 
59358.811078 0.000000 0.000000     4.530784     0.530630 
59358.822306 0.000000 0.000000     4.528946     0.531219 
59358.833534 0.000000 0.000000     4.527102     0.531811 
59358.844762 0.000000 0.000000     4.525252     0.532406 
59358.855990 0.000000 0.000000     4.523397     0.533004 
59358.867218 0.000000 0.000000     4.521536     0.533604 
59358.878446 0.000000 0.000000     4.519669     0.534206 
59358.889673 0.000000 0.000000     4.517797     0.534811 
59358.900901 0.000000 0.000000     4.515918     0.535419 
59358.912129 0.000000 0.000000     4.514035     0.536029 
59358.923357 0.000000 0.000000     4.512145     0.536642 
59358.934585 0.000000 0.000000     4.510251     0.537257 
59358.945813 0.000000 0.000000     4.508350     0.537875 
59358.957041 0.000000 0.000000     4.506444     0.538495 
59358.968269 0.000000 0.000000     4.504533     0.539118 
59358.979496 0.000000 0.000000     4.502616     0.539743 
59358.990724 0.000000 0.000000     4.500693     0.540371 
59359.001952 0.000000 0.000000     4.498766     0.541001 
59359.013180 0.000000 0.000000     4.496832     0.541634 
59359.024408 0.000000 0.000000     4.494894     0.542269 
59359.035636 0.000000 0.000000     4.492950     0.542906 
59359.046864 0.000000 0.000000     4.491000     0.543545 
59359.058092 0.000000 0.000000     4.489046     0.544187 
59359.069319 0.000000 0.000000     4.487086     0.544832 
59359.080547 0.000000 0.000000     4.485120     0.545479 
59359.091775 0.000000 0.000000     4.483150     0.546128 
59359.103003 0.000000 0.000000     4.481174     0.546779 
59359.114231 0.000000 0.000000     4.479193     0.547432 
59359.125459 0.000000 0.000000     4.477207     0.548088 
59359.136687 0.000000 0.000000     4.475216     0.548746 
59359.147914 0.000000 0.000000     4.473219     0.549407 
59359.159142 0.000000 0.000000     4.471217     0.550069 
59359.170370 0.000000 0.000000     4.469211     0.550734 
59359.181598 0.000000 0.000000     4.467199     0.551401 
59359.192826 0.000000 0.000000     4.465182     0.552070 
59359.204054 0.000000 0.000000     4.463160     0.552741 
59359.215282 0.000000 0.000000     4.461133     0.553415 
59359.226510 0.000000 0.000000     4.459101     0.554090 
59359.237737 0.000000 0.000000     4.457064     0.554768 
59359.248965 0.000000 0.000000     4.455023     0.555448 
59359.260193 0.000000 0.000000     4.452976     0.556130 
59359.271421 0.000000 0.000000     4.450924     0.556814 
59359.282649 0.000000 0.000000     4.448868     0.557499 
59359.293877 0.000000 0.000000     4.446806     0.558188 
59359.305105 0.000000 0.000000     4.444740     0.558878 
59359.316333 0.000000 0.000000     4.442669     0.559570 
59359.327560 0.000000 0.000000     4.440593     0.560264 
59359.338788 0.000000 0.000000     4.438512     0.560960 
59359.350016 0.000000 0.000000     4.436427     0.561658 
59359.361244 0.000000 0.000000     4.434337     0.562358 
59359.372472 0.000000 0.000000     4.432242     0.563059 
59359.383700 0.000000 0.000000     4.430142     0.563763 
59359.394928 0.000000 0.000000     4.428038     0.564469 
59359.406156 0.000000 0.000000     4.425929     0.565176 
59359.417383 0.000000 0.000000     4.423816     0.565886 
59359.428611 0.000000 0.000000     4.421698     0.566597 
59359.439839 0.000000 0.000000     4.419575     0.567310 
59359.451067 0.000000 0.000000     4.417448     0.568025 
59359.462295 0.000000 0.000000     4.415317     0.568742 
59359.473523 0.000000 0.000000     4.413180     0.569460 
59359.484751 0.000000 0.000000     4.411040     0.570181 
59359.495978 0.000000 0.000000     4.408895     0.570903 
59359.507206 0.000000 0.000000     4.406745     0.571626 
59359.518434 0.000000 0.000000     4.404591     0.572352 
59359.529662 0.000000 0.000000     4.402433     0.573079 
59359.540890 0.000000 0.000000     4.400270     0.573808 
59359.552118 0.000000 0.000000     4.398103     0.574539 
59359.563346 0.000000 0.000000     4.395932     0.575271 
59359.574574 0.000000 0.000000     4.393756     0.576005 
59359.585801 0.000000 0.000000     4.391576     0.576740 
59359.597029 0.000000 0.000000     4.389392     0.577477 
59359.608257 0.000000 0.000000     4.387203     0.578216 
59359.619485 0.000000 0.000000     4.385011     0.578957 
59359.630713 0.000000 0.000000     4.382814     0.579698 
59359.641941 0.000000 0.000000     4.380613     0.580442 
59359.653169 0.000000 0.000000     4.378408     0.581187 
59359.664397 0.000000 0.000000     4.376199     0.581933 
59359.675624 0.000000 0.000000     4.373985     0.582681 
59359.686852 0.000000 0.000000     4.371768     0.583431 
59359.698080 0.000000 0.000000     4.369546     0.584182 
59359.709308 0.000000 0.000000     4.367321     0.584934 
59359.720536 0.000000 0.000000     4.365091     0.585688 
59359.731764 0.000000 0.000000     4.362858     0.586444 
59359.742992 0.000000 0.000000     4.360620     0.587201 
59359.754220 0.000000 0.000000     4.358379     0.587959 
59359.765447 0.000000 0.000000     4.356133     0.588718 
59359.776675 0.000000 0.000000     4.353884     0.589479 
59359.787903 0.000000 0.000000     4.351631     0.590241 
59359.799131 0.000000 0.000000     4.349374     0.591005 
59359.810359 0.000000 0.000000     4.347113     0.591770 
59359.821587 0.000000 0.000000     4.344849     0.592536 
59359.832815 0.000000 0.000000     4.342580     0.593304 
59359.844042 0.000000 0.000000     4.340308     0.594073 
59359.855270 0.000000 0.000000     4.338032     0.594843 
59359.866498 0.000000 0.000000     4.335753     0.595614 
59359.877726 0.000000 0.000000     4.333469     0.596387 
59359.888954 0.000000 0.000000     4.331182     0.597161 
59359.900182 0.000000 0.000000     4.328892     0.597936 
59359.911410 0.000000 0.000000     4.326598     0.598712 
59359.922638 0.000000 0.000000     4.324300     0.599489 
59359.933865 0.000000 0.000000     4.321998     0.600268 
59359.945093 0.000000 0.000000     4.319693     0.601048 
59359.956321 0.000000 0.000000     4.317385     0.601829 
59359.967549 0.000000 0.000000     4.315073     0.602611 
59359.978777 0.000000 0.000000     4.312757     0.603394 
59359.990005 0.000000 0.000000     4.310438     0.604178 
59360.001233 0.000000 0.000000     4.308116     0.604963 
59360.012461 0.000000 0.000000     4.305790     0.605750 
59360.023688 0.000000 0.000000     4.303461     0.606537 
59360.034916 0.000000 0.000000     4.301128     0.607326 
59360.046144 0.000000 0.000000     4.298793     0.608115 
59360.057372 0.000000 0.000000     4.296453     0.608906 
59360.068600 0.000000 0.000000     4.294111     0.609697 
59360.079828 0.000000 0.000000     4.291765     0.610490 
59360.091056 0.000000 0.000000     4.289416     0.611283 
59360.102284 0.000000 0.000000     4.287063     0.612078 
59360.113511 0.000000 0.000000     4.284708     0.612873 
59360.124739 0.000000 0.000000     4.282349     0.613669 
59360.135967 0.000000 0.000000     4.279987     0.614466 
59360.147195 0.000000 0.000000     4.277622     0.615265 
59360.158423 0.000000 0.000000     4.275254     0.616064 
59360.169651 0.000000 0.000000     4.272883     0.616863 
59360.180879 0.000000 0.000000     4.270508     0.617664 
59360.192106 0.000000 0.000000     4.268131     0.618466 
59360.203334 0.000000 0.000000     4.265751     0.619268 
59360.214562 0.000000 0.000000     4.263367     0.620071 
59360.225790 0.000000 0.000000     4.260981     0.620876 
59360.237018 0.000000 0.000000     4.258591     0.621680 
59360.248246 0.000000 0.000000     4.256199     0.622486 
59360.259474 0.000000 0.000000     4.253804     0.623293 
59360.270702 0.000000 0.000000     4.251406     0.624100 
59360.281929 0.000000 0.000000     4.249005     0.624908 
59360.293157 0.000000 0.000000     4.246601     0.625716 
59360.304385 0.000000 0.000000     4.244194     0.626526 
59360.315613 0.000000 0.000000     4.241785     0.627336 
59360.326841 0.000000 0.000000     4.239373     0.628147 
59360.338069 0.000000 0.000000     4.236958     0.628958 
59360.349297 0.000000 0.000000     4.234540     0.629771 
59360.360525 0.000000 0.000000     4.232120     0.630583 
59360.371752 0.000000 0.000000     4.229697     0.631397 
59360.382980 0.000000 0.000000     4.227271     0.632211 
59360.394208 0.000000 0.000000     4.224842     0.633026 
59360.405436 0.000000 0.000000     4.222411     0.633841 
59360.416664 0.000000 0.000000     4.219978     0.634657 
59360.427892 0.000000 0.000000     4.217542     0.635474 
59360.439120 0.000000 0.000000     4.215103     0.636291 
59360.450347 0.000000 0.000000     4.212662     0.637109 
59360.461575 0.000000 0.000000     4.210218     0.637927 
59360.472803 0.000000 0.000000     4.207772     0.638746 
59360.484031 0.000000 0.000000     4.205323     0.639565 
59360.495259 0.000000 0.000000     4.202872     0.640385 
59360.506487 0.000000 0.000000     4.200419     0.641205 
59360.517715 0.000000 0.000000     4.197963     0.642026 
59360.528943 0.000000 0.000000     4.195505     0.642848 
59360.540170 0.000000 0.000000     4.193044     0.643669 
59360.551398 0.000000 0.000000     4.190581     0.644492 
59360.562626 0.000000 0.000000     4.188116     0.645315 
59360.573854 0.000000 0.000000     4.185649     0.646138 
59360.585082 0.000000 0.000000     4.183179     0.646961 
59360.596310 0.000000 0.000000     4.180707     0.647785 
59360.607538 0.000000 0.000000     4.178233     0.648610 
59360.618766 0.000000 0.000000     4.175757     0.649435 
59360.629993 0.000000 0.000000     4.173278     0.650260 
59360.641221 0.000000 0.000000     4.170798     0.651086 
59360.652449 0.000000 0.000000     4.168315     0.651912 
59360.663677 0.000000 0.000000     4.165830     0.652738 
59360.674905 0.000000 0.000000     4.163344     0.653565 
59360.686133 0.000000 0.000000     4.160855     0.654392 
59360.697361 0.000000 0.000000     4.158364     0.655219 
59360.708589 0.000000 0.000000     4.155871     0.656047 
59360.719816 0.000000 0.000000     4.153376     0.656875 
59360.731044 0.000000 0.000000     4.150880     0.657703 
59360.742272 0.000000 0.000000     4.148381     0.658532 
59360.753500 0.000000 0.000000     4.145881     0.659361 
59360.764728 0.000000 0.000000     4.143378     0.660190 
59360.775956 0.000000 0.000000     4.140874     0.661019 
59360.787184 0.000000 0.000000     4.138368     0.661849 
59360.798411 0.000000 0.000000     4.135860     0.662679 
59360.809639 0.000000 0.000000     4.133351     0.663509 
59360.820867 0.000000 0.000000     4.130839     0.664339 
59360.832095 0.000000 0.000000     4.128326     0.665170 
59360.843323 0.000000 0.000000     4.125811     0.666000 
59360.854551 0.000000 0.000000     4.123295     0.666831 
59360.865779 0.000000 0.000000     4.120777     0.667662 
59360.877007 0.000000 0.000000     4.118257     0.668494 
59360.888234 0.000000 0.000000     4.115736     0.669325 
59360.899462 0.000000 0.000000     4.113213     0.670157 
59360.910690 0.000000 0.000000     4.110688     0.670988 
59360.921918 0.000000 0.000000     4.108162     0.671820 
59360.933146 0.000000 0.000000     4.105634     0.672652 
59360.944374 0.000000 0.000000     4.103105     0.673484 
59360.955602 0.000000 0.000000     4.100575     0.674316 
59360.966830 0.000000 0.000000     4.098043     0.675149 
59360.978057 0.000000 0.000000     4.095509     0.675981 
59360.989285 0.000000 0.000000     4.092975     0.676814 
59361.000513 0.000000 0.000000     4.090439     0.677646 
59361.011741 0.000000 0.000000     4.087901     0.678479 
59361.022969 0.000000 0.000000     4.085362     0.679311 
59361.034197 0.000000 0.000000     4.082822     0.680144 
59361.045425 0.000000 0.000000     4.080281     0.680977 
59361.056653 0.000000 0.000000     4.077738     0.681810 
59361.067880 0.000000 0.000000     4.075194     0.682642 
59361.079108 0.000000 0.000000     4.072649     0.683475 
59361.090336 0.000000 0.000000     4.070103     0.684308 
59361.101564 0.000000 0.000000     4.067555     0.685141 
59361.112792 0.000000 0.000000     4.065006     0.685974 
59361.124020 0.000000 0.000000     4.062457     0.686806 
59361.135248 0.000000 0.000000     4.059906     0.687639 
59361.146475 0.000000 0.000000     4.057354     0.688472 
59361.157703 0.000000 0.000000     4.054801     0.689304 
59361.168931 0.000000 0.000000     4.052247     0.690137 
59361.180159 0.000000 0.000000     4.049692     0.690970 
59361.191387 0.000000 0.000000     4.047136     0.691802 
59361.202615 0.000000 0.000000     4.044580     0.692634 
59361.213843 0.000000 0.000000     4.042022     0.693467 
59361.225071 0.000000 0.000000     4.039463     0.694299 
59361.236298 0.000000 0.000000     4.036904     0.695131 
59361.247526 0.000000 0.000000     4.034343     0.695963 
59361.258754 0.000000 0.000000     4.031782     0.696795 
59361.269982 0.000000 0.000000     4.029220     0.697627 
59361.281210 0.000000 0.000000     4.026657     0.698458 
59361.292438 0.000000 0.000000     4.024094     0.699290 
59361.303666 0.000000 0.000000     4.021530     0.700121 
59361.314894 0.000000 0.000000     4.018965     0.700953 
59361.326121 0.000000 0.000000     4.016399     0.701784 
59361.337349 0.000000 0.000000     4.013833     0.702615 
59361.348577 0.000000 0.000000     4.011266     0.703445 
59361.359805 0.000000 0.000000     4.008698     0.704276 
59361.371033 0.000000 0.000000     4.006130     0.705106 
59361.382261 0.000000 0.000000     4.003561     0.705936 
59361.393489 0.000000 0.000000     4.000992     0.706766 
59361.404717 0.000000 0.000000     3.998422     0.707596 
59361.415944 0.000000 0.000000     3.995852     0.708426 
59361.427172 0.000000 0.000000     3.993281     0.709255 
59361.438400 0.000000 0.000000     3.990710     0.710084 
59361.449628 0.000000 0.000000     3.988139     0.710913 
59361.460856 0.000000 0.000000     3.985567     0.711742 
59361.472084 0.000000 0.000000     3.982994     0.712570 
59361.483312 0.000000 0.000000     3.980422     0.713398 
59361.494539 0.000000 0.000000     3.977849     0.714226 
59361.505767 0.000000 0.000000     3.975275     0.715054 
59361.516995 0.000000 0.000000     3.972702     0.715881 
59361.528223 0.000000 0.000000     3.970128     0.716708 
59361.539451 0.000000 0.000000     3.967554     0.717535 
59361.550679 0.000000 0.000000     3.964980     0.718362 
59361.561907 0.000000 0.000000     3.962405     0.719188 
59361.573135 0.000000 0.000000     3.959831     0.720014 
59361.584362 0.000000 0.000000     3.957256     0.720839 
59361.595590 0.000000 0.000000     3.954681     0.721665 
59361.606818 0.000000 0.000000     3.952107     0.722490 
59361.618046 0.000000 0.000000     3.949532     0.723314 
59361.629274 0.000000 0.000000     3.946957     0.724138 
59361.640502 0.000000 0.000000     3.944382     0.724962 
59361.651730 0.000000 0.000000     3.941807     0.725786 
59361.662958 0.000000 0.000000     3.939232     0.726609 
59361.674185 0.000000 0.000000     3.936657     0.727432 
59361.685413 0.000000 0.000000     3.934082     0.728255 
59361.696641 0.000000 0.000000     3.931508     0.729077 
59361.707869 0.000000 0.000000     3.928933     0.729899 
59361.719097 0.000000 0.000000     3.926359     0.730720 
59361.730325 0.000000 0.000000     3.923785     0.731541 
59361.741553 0.000000 0.000000     3.921211     0.732362 
59361.752780 0.000000 0.000000     3.918637     0.733182 
59361.764008 0.000000 0.000000     3.916064     0.734002 
59361.775236 0.000000 0.000000     3.913491     0.734822 
59361.786464 0.000000 0.000000     3.910918     0.735641 
59361.797692 0.000000 0.000000     3.908346     0.736460 
59361.808920 0.000000 0.000000     3.905774     0.737278 
59361.820148 0.000000 0.000000     3.903202     0.738096 
59361.831376 0.000000 0.000000     3.900631     0.738913 
59361.842603 0.000000 0.000000     3.898060     0.739730 
59361.853831 0.000000 0.000000     3.895489     0.740547 
59361.865059 0.000000 0.000000     3.892919     0.741363 
59361.876287 0.000000 0.000000     3.890350     0.742178 
59361.887515 0.000000 0.000000     3.887781     0.742993 
59361.898743 0.000000 0.000000     3.885213     0.743808 
59361.909971 0.000000 0.000000     3.882645     0.744622 
59361.921199 0.000000 0.000000     3.880078     0.745436 
59361.932426 0.000000 0.000000     3.877511     0.746249 
59361.943654 0.000000 0.000000     3.874945     0.747062 
59361.954882 0.000000 0.000000     3.872380     0.747875 
59361.966110 0.000000 0.000000     3.869816     0.748686 
59361.977338 0.000000 0.000000     3.867252     0.749498 
59361.988566 0.000000 0.000000     3.864689     0.750309 
59361.999794 0.000000 0.000000     3.862127     0.751119 
59362.011022 0.000000 0.000000     3.859566     0.751929 
59362.022249 0.000000 0.000000     3.857005     0.752738 
59362.033477 0.000000 0.000000     3.854445     0.753547 
59362.044705 0.000000 0.000000     3.851886     0.754355 
59362.055933 0.000000 0.000000     3.849328     0.755163 
59362.067161 0.000000 0.000000     3.846771     0.755970 
59362.078389 0.000000 0.000000     3.844215     0.756777 
59362.089617 0.000000 0.000000     3.841660     0.757583 
59362.100844 0.000000 0.000000     3.839106     0.758389 
59362.112072 0.000000 0.000000     3.836553     0.759194 
59362.123300 0.000000 0.000000     3.834001     0.759998 
59362.134528 0.000000 0.000000     3.831450     0.760802 
59362.145756 0.000000 0.000000     3.828901     0.761606 
59362.156984 0.000000 0.000000     3.826352     0.762409 
59362.168212 0.000000 0.000000     3.823804     0.763211 
59362.179440 0.000000 0.000000     3.821258     0.764013 
59362.190667 0.000000 0.000000     3.818713     0.764814 
59362.201895 0.000000 0.000000     3.816169     0.765614 
59362.213123 0.000000 0.000000     3.813626     0.766414 
59362.224351 0.000000 0.000000     3.811085     0.767214 
59362.235579 0.000000 0.000000     3.808545     0.768013 
59362.246807 0.000000 0.000000     3.806006     0.768811 
59362.258035 0.000000 0.000000     3.803468     0.769609 
59362.269263 0.000000 0.000000     3.800932     0.770406 
59362.280490 0.000000 0.000000     3.798398     0.771202 
59362.291718 0.000000 0.000000     3.795865     0.771998 
59362.302946 0.000000 0.000000     3.793333     0.772793 
59362.314174 0.000000 0.000000     3.790802     0.773588 
59362.325402 0.000000 0.000000     3.788274     0.774382 
59362.336630 0.000000 0.000000     3.785746     0.775175 
59362.347858 0.000000 0.000000     3.783221     0.775968 
59362.359086 0.000000 0.000000     3.780697     0.776760 
59362.370313 0.000000 0.000000     3.778174     0.777551 
59362.381541 0.000000 0.000000     3.775653     0.778342 
59362.392769 0.000000 0.000000     3.773134     0.779132 
59362.403997 0.000000 0.000000     3.770616     0.779922 
59362.415225 0.000000 0.000000     3.768100     0.780711 
59362.426453 0.000000 0.000000     3.765586     0.781499 
59362.437681 0.000000 0.000000     3.763074     0.782286 
59362.448908 0.000000 0.000000     3.760563     0.783073 
59362.460136 0.000000 0.000000     3.758054     0.783860 
59362.471364 0.000000 0.000000     3.755547     0.784645 
59362.482592 0.000000 0.000000     3.753042     0.785430 
59362.493820 0.000000 0.000000     3.750539     0.786215 
59362.505048 0.000000 0.000000     3.748037     0.786998 
59362.516276 0.000000 0.000000     3.745538     0.787781 
59362.527504 0.000000 0.000000     3.743041     0.788563 
59362.538731 0.000000 0.000000     3.740545     0.789345 
59362.549959 0.000000 0.000000     3.738052     0.790126 
59362.561187 0.000000 0.000000     3.735560     0.790906 
59362.572415 0.000000 0.000000     3.733071     0.791685 
59362.583643 0.000000 0.000000     3.730583     0.792464 
59362.594871 0.000000 0.000000     3.728098     0.793242 
59362.606099 0.000000 0.000000     3.725615     0.794020 
59362.617327 0.000000 0.000000     3.723134     0.794797 
59362.628554 0.000000 0.000000     3.720655     0.795573 
59362.639782 0.000000 0.000000     3.718179     0.796348 
59362.651010 0.000000 0.000000     3.715704     0.797122 
59362.662238 0.000000 0.000000     3.713232     0.797896 
59362.673466 0.000000 0.000000     3.710762     0.798669 
59362.684694 0.000000 0.000000     3.708295     0.799442 
59362.695922 0.000000 0.000000     3.705830     0.800214 
59362.707150 0.000000 0.000000     3.703367     0.800985 
59362.718377 0.000000 0.000000     3.700906     0.801755 
59362.729605 0.000000 0.000000     3.698448     0.802524 
59362.740833 0.000000 0.000000     3.695993     0.803293 
59362.752061 0.000000 0.000000     3.693540     0.804061 
59362.763289 0.000000 0.000000     3.691089     0.804829 
59362.774517 0.000000 0.000000     3.688641     0.805595 
59362.785745 0.000000 0.000000     3.686195     0.806361 
59362.796972 0.000000 0.000000     3.683752     0.807126 
59362.808200 0.000000 0.000000     3.681312     0.807891 
59362.819428 0.000000 0.000000     3.678874     0.808654 
59362.830656 0.000000 0.000000     3.676439     0.809417 
59362.841884 0.000000 0.000000     3.674006     0.810179 
59362.853112 0.000000 0.000000     3.671577     0.810941 
59362.864340 0.000000 0.000000     3.669149     0.811701 
59362.875568 0.000000 0.000000     3.666725     0.812461 
59362.886795 0.000000 0.000000     3.664303     0.813220 
59362.898023 0.000000 0.000000     3.661885     0.813979 
59362.909251 0.000000 0.000000     3.659469     0.814736 
59362.920479 0.000000 0.000000     3.657055     0.815493 
59362.931707 0.000000 0.000000     3.654645     0.816249 
59362.942935 0.000000 0.000000     3.652238     0.817004 
59362.954163 0.000000 0.000000     3.649833     0.817759 
59362.965391 0.000000 0.000000     3.647432     0.818513 
59362.976618 0.000000 0.000000     3.645033     0.819265 
59362.987846 0.000000 0.000000     3.642638     0.820018 
59362.999074 0.000000 0.000000     3.640245     0.820769 
59363.010302 0.000000 0.000000     3.637856     0.821520 
59363.021530 0.000000 0.000000     3.635469     0.822269 
59363.032758 0.000000 0.000000     3.633086     0.823018 
59363.043986 0.000000 0.000000     3.630706     0.823767 
59363.055213 0.000000 0.000000     3.628329     0.824514 
59363.066441 0.000000 0.000000     3.625955     0.825261 
59363.077669 0.000000 0.000000     3.623584     0.826006 
59363.088897 0.000000 0.000000     3.621217     0.826752 
59363.100125 0.000000 0.000000     3.618852     0.827496 
59363.111353 0.000000 0.000000     3.616491     0.828239 
59363.122581 0.000000 0.000000     3.614134     0.828982 
59363.133809 0.000000 0.000000     3.611780     0.829724 
59363.145036 0.000000 0.000000     3.609429     0.830465 
59363.156264 0.000000 0.000000     3.607081     0.831205 
59363.167492 0.000000 0.000000     3.604737     0.831944 
59363.178720 0.000000 0.000000     3.602396     0.832683 
59363.189948 0.000000 0.000000     3.600059     0.833421 
59363.201176 0.000000 0.000000     3.597725     0.834158 
59363.212404 0.000000 0.000000     3.595395     0.834894 
59363.223632 0.000000 0.000000     3.593068     0.835629 
59363.234859 0.000000 0.000000     3.590745     0.836364 
59363.246087 0.000000 0.000000     3.588425     0.837097 
59363.257315 0.000000 0.000000     3.586110     0.837830 
59363.268543 0.000000 0.000000     3.583797     0.838562 
59363.279771 0.000000 0.000000     3.581489     0.839293 
59363.290999 0.000000 0.000000     3.579184     0.840024 
59363.302227 0.000000 0.000000     3.576882     0.840753 
59363.313455 0.000000 0.000000     3.574585     0.841482 
59363.324682 0.000000 0.000000     3.572291     0.842210 
59363.335910 0.000000 0.000000     3.570001     0.842937 
59363.347138 0.000000 0.000000     3.567715     0.843663 
59363.358366 0.000000 0.000000     3.565433     0.844389 
59363.369594 0.000000 0.000000     3.563154     0.845113 
59363.380822 0.000000 0.000000     3.560880     0.845837 
59363.392050 0.000000 0.000000     3.558609     0.846560 
59363.403277 0.000000 0.000000     3.556343     0.847282 
59363.414505 0.000000 0.000000     3.554080     0.848003 
59363.425733 0.000000 0.000000     3.551821     0.848724 
59363.436961 0.000000 0.000000     3.549567     0.849443 
59363.448189 0.000000 0.000000     3.547316     0.850162 
59363.459417 0.000000 0.000000     3.545070     0.850880 
59363.470645 0.000000 0.000000     3.542827     0.851597 
59363.481873 0.000000 0.000000     3.540589     0.852313 
59363.493100 0.000000 0.000000     3.538355     0.853028 
59363.504328 0.000000 0.000000     3.536125     0.853743 
59363.515556 0.000000 0.000000     3.533899     0.854456 
59363.526784 0.000000 0.000000     3.531678     0.855169 
59363.538012 0.000000 0.000000     3.529461     0.855881 
59363.549240 0.000000 0.000000     3.527248     0.856592 
59363.560468 0.000000 0.000000     3.525039     0.857302 
59363.571696 0.000000 0.000000     3.522835     0.858011 
59363.582923 0.000000 0.000000     3.520635     0.858720 
59363.594151 0.000000 0.000000     3.518440     0.859427 
59363.605379 0.000000 0.000000     3.516248     0.860134 
59363.616607 0.000000 0.000000     3.514062     0.860840 
59363.627835 0.000000 0.000000     3.511880     0.861545 
59363.639063 0.000000 0.000000     3.509702     0.862249 
59363.650291 0.000000 0.000000     3.507529     0.862952 
59363.661519 0.000000 0.000000     3.505360     0.863655 
59363.672746 0.000000 0.000000     3.503196     0.864356 
59363.683974 0.000000 0.000000     3.501037     0.865057 
59363.695202 0.000000 0.000000     3.498882     0.865757 
59363.706430 0.000000 0.000000     3.496732     0.866456 
59363.717658 0.000000 0.000000     3.494586     0.867154 
59363.728886 0.000000 0.000000     3.492445     0.867851 
59363.740114 0.000000 0.000000     3.490309     0.868548 
59363.751341 0.000000 0.000000     3.488178     0.869243 
59363.762569 0.000000 0.000000     3.486052     0.869938 
59363.773797 0.000000 0.000000     3.483930     0.870631 
59363.785025 0.000000 0.000000     3.481813     0.871324 
59363.796253 0.000000 0.000000     3.479701     0.872016 
59363.807481 0.000000 0.000000     3.477594     0.872707 
59363.818709 0.000000 0.000000     3.475492     0.873398 
59363.829937 0.000000 0.000000     3.473394     0.874087 
59363.841164 0.000000 0.000000     3.471302     0.874776 
59363.852392 0.000000 0.000000     3.469215     0.875463 
59363.863620 0.000000 0.000000     3.467132     0.876150 
59363.874848 0.000000 0.000000     3.465055     0.876836 
59363.886076 0.000000 0.000000     3.462983     0.877521 
59363.897304 0.000000 0.000000     3.460916     0.878205 
59363.908532 0.000000 0.000000     3.458854     0.878888 
59363.919760 0.000000 0.000000     3.456797     0.879570 
59363.930987 0.000000 0.000000     3.454745     0.880252 
59363.942215 0.000000 0.000000     3.452699     0.880933 
59363.953443 0.000000 0.000000     3.450658     0.881612 
59363.964671 0.000000 0.000000     3.448622     0.882291 
59363.975899 0.000000 0.000000     3.446591     0.882969 
59363.987127 0.000000 0.000000     3.444566     0.883646 
59363.998355 0.000000 0.000000     3.442546     0.884322 
59364.009583 0.000000 0.000000     3.440531     0.884998 
59364.020810 0.000000 0.000000     3.438521     0.885672 
59364.032038 0.000000 0.000000     3.436518     0.886346 
59364.043266 0.000000 0.000000     3.434519     0.887018 
59364.054494 0.000000 0.000000     3.432526     0.887690 
59364.065722 0.000000 0.000000     3.430538     0.888361 
59364.076950 0.000000 0.000000     3.428556     0.889031 
59364.088178 0.000000 0.000000     3.426580     0.889700 
59364.099405 0.000000 0.000000     3.424609     0.890368 
59364.110633 0.000000 0.000000     3.422644     0.891036 
59364.121861 0.000000 0.000000     3.420684     0.891702 
59364.133089 0.000000 0.000000     3.418730     0.892368 
59364.144317 0.000000 0.000000     3.416781     0.893032 
59364.155545 0.000000 0.000000     3.414839     0.893696 
59364.166773 0.000000 0.000000     3.412902     0.894359 
59364.178001 0.000000 0.000000     3.410970     0.895021 
59364.189228 0.000000 0.000000     3.409045     0.895682 
59364.200456 0.000000 0.000000     3.407125     0.896343 
59364.211684 0.000000 0.000000     3.405211     0.897002 
59364.222912 0.000000 0.000000     3.403303     0.897660 
59364.234140 0.000000 0.000000     3.401401     0.898318 
59364.245368 0.000000 0.000000     3.399505     0.898975 
59364.256596 0.000000 0.000000     3.397615     0.899631 
59364.267824 0.000000 0.000000     3.395730     0.900286 
59364.279051 0.000000 0.000000     3.393852     0.900940 
59364.290279 0.000000 0.000000     3.391980     0.901593 
59364.301507 0.000000 0.000000     3.390113     0.902245 
59364.312735 0.000000 0.000000     3.388253     0.902896 
59364.323963 0.000000 0.000000     3.386399     0.903547 
59364.335191 0.000000 0.000000     3.384551     0.904197 
59364.346419 0.000000 0.000000     3.382709     0.904845 
59364.357646 0.000000 0.000000     3.380873     0.905493 
59364.368874 0.000000 0.000000     3.379044     0.906140 
59364.380102 0.000000 0.000000     3.377220     0.906786 
59364.391330 0.000000 0.000000     3.375403     0.907431 
59364.402558 0.000000 0.000000     3.373592     0.908076 
59364.413786 0.000000 0.000000     3.371788     0.908719 
59364.425014 0.000000 0.000000     3.369990     0.909361 
59364.436242 0.000000 0.000000     3.368198     0.910003 
59364.447469 0.000000 0.000000     3.366412     0.910644 
59364.458697 0.000000 0.000000     3.364633     0.911284 
59364.469925 0.000000 0.000000     3.362860     0.911923 
59364.481153 0.000000 0.000000     3.361094     0.912561 
59364.492381 0.000000 0.000000     3.359335     0.913198 
59364.503609 0.000000 0.000000     3.357581     0.913834 
59364.514837 0.000000 0.000000     3.355835     0.914470 
59364.526065 0.000000 0.000000     3.354094     0.915104 
59364.537292 0.000000 0.000000     3.352361     0.915738 
59364.548520 0.000000 0.000000     3.350634     0.916370 
59364.559748 0.000000 0.000000     3.348914     0.917002 
59364.570976 0.000000 0.000000     3.347200     0.917633 
59364.582204 0.000000 0.000000     3.345493     0.918263 
59364.593432 0.000000 0.000000     3.343793     0.918893 
59364.604660 0.000000 0.000000     3.342099     0.919521 
59364.615888 0.000000 0.000000     3.340412     0.920148 
59364.627115 0.000000 0.000000     3.338732     0.920775 
59364.638343 0.000000 0.000000     3.337059     0.921401 
59364.649571 0.000000 0.000000     3.335393     0.922025 
59364.660799 0.000000 0.000000     3.333733     0.922649 
59364.672027 0.000000 0.000000     3.332081     0.923272 
59364.683255 0.000000 0.000000     3.330435     0.923895 
59364.694483 0.000000 0.000000     3.328796     0.924516 
59364.705710 0.000000 0.000000     3.327164     0.925136 
59364.716938 0.000000 0.000000     3.325540     0.925756 
59364.728166 0.000000 0.000000     3.323922     0.926374 
59364.739394 0.000000 0.000000     3.322311     0.926992 
59364.750622 0.000000 0.000000     3.320708     0.927609 
59364.761850 0.000000 0.000000     3.319111     0.928225 
59364.773078 0.000000 0.000000     3.317522     0.928840 
59364.784306 0.000000 0.000000     3.315939     0.929454 
59364.795533 0.000000 0.000000     3.314364     0.930068 
59364.806761 0.000000 0.000000     3.312797     0.930680 
59364.817989 0.000000 0.000000     3.311236     0.931292 
59364.829217 0.000000 0.000000     3.309682     0.931902 
59364.840445 0.000000 0.000000     3.308136     0.932512 
59364.851673 0.000000 0.000000     3.306598     0.933121 
59364.862901 0.000000 0.000000     3.305066     0.933729 
59364.874129 0.000000 0.000000     3.303542     0.934337 
59364.885356 0.000000 0.000000     3.302025     0.934943 
59364.896584 0.000000 0.000000     3.300516     0.935548 
59364.907812 0.000000 0.000000     3.299014     0.936153 
59364.919040 0.000000 0.000000     3.297520     0.936757 
59364.930268 0.000000 0.000000     3.296033     0.937360 
59364.941496 0.000000 0.000000     3.294553     0.937961 
59364.952724 0.000000 0.000000     3.293081     0.938563 
59364.963952 0.000000 0.000000     3.291617     0.939163 
59364.975179 0.000000 0.000000     3.290160     0.939762 
59364.986407 0.000000 0.000000     3.288711     0.940361 
59364.997635 0.000000 0.000000     3.287270     0.940958 
59365.008863 0.000000 0.000000     3.285836     0.941555 
59365.020091 0.000000 0.000000     3.284410     0.942151 
59365.031319 0.000000 0.000000     3.282991     0.942746 
59365.042547 0.000000 0.000000     3.281581     0.943340 
59365.053774 0.000000 0.000000     3.280178     0.943933 
59365.065002 0.000000 0.000000     3.278782     0.944526 
59365.076230 0.000000 0.000000     3.277395     0.945117 
59365.087458 0.000000 0.000000     3.276016     0.945708 
59365.098686 0.000000 0.000000     3.274644     0.946298 
59365.109914 0.000000 0.000000     3.273280     0.946887 
59365.121142 0.000000 0.000000     3.271925     0.947475 
59365.132370 0.000000 0.000000     3.270577     0.948062 
59365.143597 0.000000 0.000000     3.269237     0.948649 
59365.154825 0.000000 0.000000     3.267905     0.949234 
59365.166053 0.000000 0.000000     3.266581     0.949819 
59365.177281 0.000000 0.000000     3.265265     0.950403 
59365.188509 0.000000 0.000000     3.263958     0.950986 
59365.199737 0.000000 0.000000     3.262658     0.951568 
59365.210965 0.000000 0.000000     3.261366     0.952149 
59365.222193 0.000000 0.000000     3.260083     0.952729 
59365.233420 0.000000 0.000000     3.258808     0.953309 
59365.244648 0.000000 0.000000     3.257541     0.953888 
59365.255876 0.000000 0.000000     3.256282     0.954465 
59365.267104 0.000000 0.000000     3.255032     0.955042 
59365.278332 0.000000 0.000000     3.253789     0.955619 
59365.289560 0.000000 0.000000     3.252555     0.956194 
59365.300788 0.000000 0.000000     3.251330     0.956768 
59365.312016 0.000000 0.000000     3.250113     0.957342 
59365.323243 0.000000 0.000000     3.248904     0.957915 
59365.334471 0.000000 0.000000     3.247703     0.958486 
59365.345699 0.000000 0.000000     3.246511     0.959057 
59365.356927 0.000000 0.000000     3.245327     0.959628 
59365.368155 0.000000 0.000000     3.244152     0.960197 
59365.379383 0.000000 0.000000     3.242986     0.960766 
59365.390611 0.000000 0.000000     3.241827     0.961333 
59365.401838 0.000000 0.000000     3.240678     0.961900 
59365.413066 0.000000 0.000000     3.239537     0.962466 
59365.424294 0.000000 0.000000     3.238405     0.963031 
59365.435522 0.000000 0.000000     3.237281     0.963595 
59365.446750 0.000000 0.000000     3.236166     0.964159 
59365.457978 0.000000 0.000000     3.235059     0.964721 
59365.469206 0.000000 0.000000     3.233961     0.965283 
59365.480434 0.000000 0.000000     3.232872     0.965844 
59365.491661 0.000000 0.000000     3.231792     0.966404 
59365.502889 0.000000 0.000000     3.230721     0.966964 
59365.514117 0.000000 0.000000     3.229658     0.967522 
59365.525345 0.000000 0.000000     3.228604     0.968080 
59365.536573 0.000000 0.000000     3.227559     0.968637 
59365.547801 0.000000 0.000000     3.226523     0.969192 
59365.559029 0.000000 0.000000     3.225496     0.969748 
59365.570257 0.000000 0.000000     3.224477     0.970302 
59365.581484 0.000000 0.000000     3.223468     0.970855 
59365.592712 0.000000 0.000000     3.222467     0.971408 
59365.603940 0.000000 0.000000     3.221476     0.971960 
59365.615168 0.000000 0.000000     3.220494     0.972511 
59365.626396 0.000000 0.000000     3.219520     0.973061 
59365.637624 0.000000 0.000000     3.218556     0.973610 
59365.648852 0.000000 0.000000     3.217601     0.974159 
59365.660079 0.000000 0.000000     3.216655     0.974707 
59365.671307 0.000000 0.000000     3.215718     0.975254 
59365.682535 0.000000 0.000000     3.214790     0.975800 
59365.693763 0.000000 0.000000     3.213871     0.976345 
59365.704991 0.000000 0.000000     3.212962     0.976889 
59365.716219 0.000000 0.000000     3.212062     0.977433 
59365.727447 0.000000 0.000000     3.211171     0.977976 
59365.738675 0.000000 0.000000     3.210290     0.978518 
59365.749902 0.000000 0.000000     3.209417     0.979059 
59365.761130 0.000000 0.000000     3.208554     0.979599 
59365.772358 0.000000 0.000000     3.207701     0.980139 
59365.783586 0.000000 0.000000     3.206857     0.980678 
59365.794814 0.000000 0.000000     3.206022     0.981216 
59365.806042 0.000000 0.000000     3.205197     0.981753 
59365.817270 0.000000 0.000000     3.204381     0.982289 
59365.828498 0.000000 0.000000     3.203575     0.982825 
59365.839725 0.000000 0.000000     3.202778     0.983360 
59365.850953 0.000000 0.000000     3.201990     0.983894 
59365.862181 0.000000 0.000000     3.201213     0.984427 
59365.873409 0.000000 0.000000     3.200444     0.984959 
59365.884637 0.000000 0.000000     3.199686     0.985491 
59365.895865 0.000000 0.000000     3.198937     0.986021 
59365.907093 0.000000 0.000000     3.198198     0.986551 
59365.918321 0.000000 0.000000     3.197468     0.987080 
59365.929548 0.000000 0.000000     3.196748     0.987609 
59365.940776 0.000000 0.000000     3.196038     0.988136 
59365.952004 0.000000 0.000000     3.195337     0.988663 
59365.963232 0.000000 0.000000     3.194647     0.989189 
59365.974460 0.000000 0.000000     3.193966     0.989714 
59365.985688 0.000000 0.000000     3.193295     0.990239 
59365.996916 0.000000 0.000000     3.192633     0.990762 
59366.008143 0.000000 0.000000     3.191982     0.991285 
59366.019371 0.000000 0.000000     3.191341     0.991807 
59366.030599 0.000000 0.000000     3.190709     0.992329 
59366.041827 0.000000 0.000000     3.190087     0.992849 
59366.053055 0.000000 0.000000     3.189476     0.993369 
59366.064283 0.000000 0.000000     3.188874     0.993888 
59366.075511 0.000000 0.000000     3.188282     0.994406 
59366.086739 0.000000 0.000000     3.187701     0.994923 
59366.097966 0.000000 0.000000     3.187129     0.995440 
59366.109194 0.000000 0.000000     3.186568     0.995956 
59366.120422 0.000000 0.000000     3.186016     0.996471 
59366.131650 0.000000 0.000000     3.185475     0.996985 
59366.142878 0.000000 0.000000     3.184944     0.997499 
59366.154106 0.000000 0.000000     3.184423     0.998011 
59366.165334 0.000000 0.000000     3.183912     0.998523 
59366.176562 0.000000 0.000000     3.183411     0.999035 
59366.187789 0.000000 0.000000     3.182921     0.999545 
59366.199017 0.000000 0.000000     3.182441     1.000055 
59366.210245 0.000000 0.000000     3.181971     1.000564 
59366.221473 0.000000 0.000000     3.181512     1.001072 
59366.232701 0.000000 0.000000     3.181062     1.001579 
59366.243929 0.000000 0.000000     3.180624     1.002086 
59366.255157 0.000000 0.000000     3.180195     1.002592 
59366.266385 0.000000 0.000000     3.179777     1.003097 
59366.277612 0.000000 0.000000     3.179370     1.003601 
59366.288840 0.000000 0.000000     3.178972     1.004105 
59366.300068 0.000000 0.000000     3.178586     1.004608 
59366.311296 0.000000 0.000000     3.178210     1.005110 
59366.322524 0.000000 0.000000     3.177844     1.005611 
59366.333752 0.000000 0.000000     3.177489     1.006112 
59366.344980 0.000000 0.000000     3.177144     1.006612 
59366.356207 0.000000 0.000000     3.176810     1.007111 
59366.367435 0.000000 0.000000     3.176487     1.007609 
59366.378663 0.000000 0.000000     3.176174     1.008107 
59366.389891 0.000000 0.000000     3.175872     1.008604 
59366.401119 0.000000 0.000000     3.175580     1.009100 
59366.412347 0.000000 0.000000     3.175299     1.009595 
59366.423575 0.000000 0.000000     3.175029     1.010090 
59366.434803 0.000000 0.000000     3.174770     1.010584 
59366.446030 0.000000 0.000000     3.174521     1.011077 
59366.457258 0.000000 0.000000     3.174284     1.011569 
59366.468486 0.000000 0.000000     3.174057     1.012061 
59366.479714 0.000000 0.000000     3.173840     1.012552 
59366.490942 0.000000 0.000000     3.173635     1.013042 
59366.502170 0.000000 0.000000     3.173441     1.013532 
59366.513398 0.000000 0.000000     3.173257     1.014021 
59366.524626 0.000000 0.000000     3.173084     1.014509 
59366.535853 0.000000 0.000000     3.172923     1.014996 
59366.547081 0.000000 0.000000     3.172772     1.015483 
59366.558309 0.000000 0.000000     3.172632     1.015969 
59366.569537 0.000000 0.000000     3.172503     1.016454 
59366.580765 0.000000 0.000000     3.172386     1.016938 
59366.591993 0.000000 0.000000     3.172279     1.017422 
59366.603221 0.000000 0.000000     3.172183     1.017905 
59366.614449 0.000000 0.000000     3.172099     1.018387 
59366.625676 0.000000 0.000000     3.172025     1.018869 
59366.636904 0.000000 0.000000     3.171963     1.019350 
59366.648132 0.000000 0.000000     3.171912     1.019830 
59366.659360 0.000000 0.000000     3.171872     1.020309 
59366.670588 0.000000 0.000000     3.171843     1.020788 
59366.681816 0.000000 0.000000     3.171825     1.021266 
59366.693044 0.000000 0.000000     3.171819     1.021744 
59366.704271 0.000000 0.000000     3.171824     1.022220 
59366.715499 0.000000 0.000000     3.171840     1.022696 
59366.726727 0.000000 0.000000     3.171868     1.023171 
59366.737955 0.000000 0.000000     3.171906     1.023646 
59366.749183 0.000000 0.000000     3.171956     1.024120 
59366.760411 0.000000 0.000000     3.172018     1.024593 
59366.771639 0.000000 0.000000     3.172091     1.025065 
59366.782867 0.000000 0.000000     3.172175     1.025537 
59366.794094 0.000000 0.000000     3.172271     1.026008 
59366.805322 0.000000 0.000000     3.172378     1.026478 
59366.816550 0.000000 0.000000     3.172497     1.026948 
59366.827778 0.000000 0.000000     3.172627     1.027417 
59366.839006 0.000000 0.000000     3.172768     1.027885 
59366.850234 0.000000 0.000000     3.172922     1.028353 
59366.861462 0.000000 0.000000     3.173086     1.028820 
59366.872690 0.000000 0.000000     3.173262     1.029286 
59366.883917 0.000000 0.000000     3.173450     1.029751 
59366.895145 0.000000 0.000000     3.173650     1.030216 
59366.906373 0.000000 0.000000     3.173861     1.030680 
59366.917601 0.000000 0.000000     3.174084     1.031144 
59366.928829 0.000000 0.000000     3.174318     1.031607 
59366.940057 0.000000 0.000000     3.174564     1.032069 
59366.951285 0.000000 0.000000     3.174822     1.032530 
59366.962512 0.000000 0.000000     3.175092     1.032991 
59366.973740 0.000000 0.000000     3.175373     1.033451 
59366.984968 0.000000 0.000000     3.175666     1.033911 
59366.996196 0.000000 0.000000     3.175971     1.034369 
59367.007424 0.000000 0.000000     3.176287     1.034828 
59367.018652 0.000000 0.000000     3.176616     1.035285 
59367.029880 0.000000 0.000000     3.176956     1.035742 
59367.041108 0.000000 0.000000     3.177309     1.036198 
59367.052335 0.000000 0.000000     3.177673     1.036653 
59367.063563 0.000000 0.000000     3.178049     1.037108 
59367.074791 0.000000 0.000000     3.178437     1.037562 
59367.086019 0.000000 0.000000     3.178837     1.038016 
59367.097247 0.000000 0.000000     3.179248     1.038469 
59367.108475 0.000000 0.000000     3.179672     1.038921 
59367.119703 0.000000 0.000000     3.180108     1.039372 
59367.130931 0.000000 0.000000     3.180556     1.039823 
59367.142158 0.000000 0.000000     3.181016     1.040273 
59367.153386 0.000000 0.000000     3.181488     1.040723 
59367.164614 0.000000 0.000000     3.181972     1.041172 
59367.175842 0.000000 0.000000     3.182468     1.041620 
59367.187070 0.000000 0.000000     3.182976     1.042068 
59367.198298 0.000000 0.000000     3.183497     1.042515 
59367.209526 0.000000 0.000000     3.184029     1.042961 
59367.220754 0.000000 0.000000     3.184574     1.043407 
59367.231981 0.000000 0.000000     3.185131     1.043852 
59367.243209 0.000000 0.000000     3.185700     1.044296 
59367.254437 0.000000 0.000000     3.186282     1.044740 
59367.265665 0.000000 0.000000     3.186875     1.045183 
59367.276893 0.000000 0.000000     3.187481     1.045625 
59367.288121 0.000000 0.000000     3.188100     1.046067 
59367.299349 0.000000 0.000000     3.188730     1.046509 
59367.310576 0.000000 0.000000     3.189373     1.046949 
59367.321804 0.000000 0.000000     3.190028     1.047389 
59367.333032 0.000000 0.000000     3.190696     1.047828 
59367.344260 0.000000 0.000000     3.191376     1.048267 
59367.355488 0.000000 0.000000     3.192068     1.048705 
59367.366716 0.000000 0.000000     3.192773     1.049143 
59367.377944 0.000000 0.000000     3.193490     1.049580 
59367.389172 0.000000 0.000000     3.194220     1.050016 
59367.400399 0.000000 0.000000     3.194962     1.050451 
59367.411627 0.000000 0.000000     3.195716     1.050887 
59367.422855 0.000000 0.000000     3.196483     1.051321 
59367.434083 0.000000 0.000000     3.197263     1.051755 
59367.445311 0.000000 0.000000     3.198055     1.052188 
59367.456539 0.000000 0.000000     3.198860     1.052620 
59367.467767 0.000000 0.000000     3.199677     1.053052 
59367.478995 0.000000 0.000000     3.200507     1.053484 
59367.490222 0.000000 0.000000     3.201350     1.053914 
59367.501450 0.000000 0.000000     3.202205     1.054345 
59367.512678 0.000000 0.000000     3.203072     1.054774 
59367.523906 0.000000 0.000000     3.203953     1.055203 
59367.535134 0.000000 0.000000     3.204846     1.055631 
59367.546362 0.000000 0.000000     3.205752     1.056059 
59367.557590 0.000000 0.000000     3.206670     1.056486 
59367.568818 0.000000 0.000000     3.207601     1.056913 
59367.580045 0.000000 0.000000     3.208545     1.057339 
59367.591273 0.000000 0.000000     3.209502     1.057764 
59367.602501 0.000000 0.000000     3.210472     1.058189 
59367.613729 0.000000 0.000000     3.211454     1.058613 
59367.624957 0.000000 0.000000     3.212449     1.059036 
59367.636185 0.000000 0.000000     3.213457     1.059459 
59367.647413 0.000000 0.000000     3.214478     1.059882 
59367.658640 0.000000 0.000000     3.215512     1.060303 
59367.669868 0.000000 0.000000     3.216558     1.060725 
59367.681096 0.000000 0.000000     3.217618     1.061145 
59367.692324 0.000000 0.000000     3.218690     1.061565 
59367.703552 0.000000 0.000000     3.219775     1.061985 
59367.714780 0.000000 0.000000     3.220873     1.062404 
59367.726008 0.000000 0.000000     3.221985     1.062822 
59367.737236 0.000000 0.000000     3.223109     1.063240 
59367.748463 0.000000 0.000000     3.224246     1.063657 
59367.759691 0.000000 0.000000     3.225396     1.064073 
59367.770919 0.000000 0.000000     3.226559     1.064489 
59367.782147 0.000000 0.000000     3.227735     1.064905 
59367.793375 0.000000 0.000000     3.228924     1.065320 
59367.804603 0.000000 0.000000     3.230127     1.065734 
59367.815831 0.000000 0.000000     3.231342     1.066148 
59367.827059 0.000000 0.000000     3.232571     1.066561 
59367.838286 0.000000 0.000000     3.233812     1.066974 
59367.849514 0.000000 0.000000     3.235067     1.067386 
59367.860742 0.000000 0.000000     3.236335     1.067797 
59367.871970 0.000000 0.000000     3.237616     1.068208 
59367.883198 0.000000 0.000000     3.238910     1.068618 
59367.894426 0.000000 0.000000     3.240217     1.069028 
59367.905654 0.000000 0.000000     3.241538     1.069437 
59367.916882 0.000000 0.000000     3.242872     1.069846 
59367.928109 0.000000 0.000000     3.244219     1.070254 
59367.939337 0.000000 0.000000     3.245579     1.070662 
59367.950565 0.000000 0.000000     3.246953     1.071069 
59367.961793 0.000000 0.000000     3.248340     1.071475 
59367.973021 0.000000 0.000000     3.249740     1.071881 
59367.984249 0.000000 0.000000     3.251153     1.072287 
59367.995477 0.000000 0.000000     3.252580     1.072692 
59368.006704 0.000000 0.000000     3.254020     1.073096 
59368.017932 0.000000 0.000000     3.255473     1.073500 
59368.029160 0.000000 0.000000     3.256940     1.073903 
59368.040388 0.000000 0.000000     3.258420     1.074306 
59368.051616 0.000000 0.000000     3.259914     1.074708 
59368.062844 0.000000 0.000000     3.261421     1.075109 
59368.074072 0.000000 0.000000     3.262941     1.075510 
59368.085300 0.000000 0.000000     3.264475     1.075911 
59368.096527 0.000000 0.000000     3.266022     1.076311 
59368.107755 0.000000 0.000000     3.267583     1.076710 
59368.118983 0.000000 0.000000     3.269157     1.077109 
59368.130211 0.000000 0.000000     3.270744     1.077508 
59368.141439 0.000000 0.000000     3.272346     1.077906 
59368.152667 0.000000 0.000000     3.273960     1.078303 
59368.163895 0.000000 0.000000     3.275588     1.078700 
59368.175123 0.000000 0.000000     3.277230     1.079096 
59368.186350 0.000000 0.000000     3.278885     1.079492 
59368.197578 0.000000 0.000000     3.280554     1.079887 
59368.208806 0.000000 0.000000     3.282236     1.080282 
59368.220034 0.000000 0.000000     3.283932     1.080676 
59368.231262 0.000000 0.000000     3.285642     1.081070 
59368.242490 0.000000 0.000000     3.287365     1.081463 
59368.253718 0.000000 0.000000     3.289102     1.081856 
59368.264945 0.000000 0.000000     3.290852     1.082248 
59368.276173 0.000000 0.000000     3.292616     1.082640 
59368.287401 0.000000 0.000000     3.294394     1.083031 
59368.298629 0.000000 0.000000     3.296185     1.083422 
59368.309857 0.000000 0.000000     3.297990     1.083812 
59368.321085 0.000000 0.000000     3.299809     1.084201 
59368.332313 0.000000 0.000000     3.301642     1.084590 
59368.343541 0.000000 0.000000     3.303488     1.084979 
59368.354768 0.000000 0.000000     3.305348     1.085367 
59368.365996 0.000000 0.000000     3.307221     1.085755 
59368.377224 0.000000 0.000000     3.309109     1.086142 
59368.388452 0.000000 0.000000     3.311010     1.086529 
59368.399680 0.000000 0.000000     3.312925     1.086915 
59368.410908 0.000000 0.000000     3.314854     1.087300 
59368.422136 0.000000 0.000000     3.316796     1.087685 
59368.433364 0.000000 0.000000     3.318753     1.088070 
59368.444591 0.000000 0.000000     3.320723     1.088454 
59368.455819 0.000000 0.000000     3.322707     1.088838 
59368.467047 0.000000 0.000000     3.324705     1.089221 
59368.478275 0.000000 0.000000     3.326716     1.089604 
59368.489503 0.000000 0.000000     3.328742     1.089986 
59368.500731 0.000000 0.000000     3.330781     1.090368 
59368.511959 0.000000 0.000000     3.332835     1.090749 
59368.523187 0.000000 0.000000     3.334902     1.091130 
59368.534414 0.000000 0.000000     3.336983     1.091510 
59368.545642 0.000000 0.000000     3.339078     1.091890 
59368.556870 0.000000 0.000000     3.341187     1.092269 
59368.568098 0.000000 0.000000     3.343310     1.092648 
59368.579326 0.000000 0.000000     3.345447     1.093026 
59368.590554 0.000000 0.000000     3.347597     1.093404 
59368.601782 0.000000 0.000000     3.349762     1.093781 
59368.613009 0.000000 0.000000     3.351941     1.094158 
59368.624237 0.000000 0.000000     3.354134     1.094535 
59368.635465 0.000000 0.000000     3.356340     1.094911 
59368.646693 0.000000 0.000000     3.358561     1.095286 
59368.657921 0.000000 0.000000     3.360796     1.095661 
59368.669149 0.000000 0.000000     3.363045     1.096036 
59368.680377 0.000000 0.000000     3.365307     1.096410 
59368.691605 0.000000 0.000000     3.367584     1.096783 
59368.702832 0.000000 0.000000     3.369875     1.097157 
59368.714060 0.000000 0.000000     3.372180     1.097529 
59368.725288 0.000000 0.000000     3.374499     1.097901 
59368.736516 0.000000 0.000000     3.376832     1.098273 
59368.747744 0.000000 0.000000     3.379179     1.098645 
59368.758972 0.000000 0.000000     3.381541     1.099015 
59368.770200 0.000000 0.000000     3.383916     1.099386 
59368.781428 0.000000 0.000000     3.386305     1.099756 
59368.792655 0.000000 0.000000     3.388709     1.100125 
59368.803883 0.000000 0.000000     3.391127     1.100494 
59368.815111 0.000000 0.000000     3.393559     1.100863 
59368.826339 0.000000 0.000000     3.396005     1.101231 
59368.837567 0.000000 0.000000     3.398465     1.101599 
59368.848795 0.000000 0.000000     3.400939     1.101966 
59368.860023 0.000000 0.000000     3.403427     1.102333 
59368.871251 0.000000 0.000000     3.405930     1.102699 
59368.882478 0.000000 0.000000     3.408447     1.103065 
59368.893706 0.000000 0.000000     3.410978     1.103430 
59368.904934 0.000000 0.000000     3.413523     1.103795 
59368.916162 0.000000 0.000000     3.416083     1.104160 
59368.927390 0.000000 0.000000     3.418656     1.104524 
59368.938618 0.000000 0.000000     3.421244     1.104888 
59368.949846 0.000000 0.000000     3.423846     1.105251 
59368.961073 0.000000 0.000000     3.426462     1.105614 
59368.972301 0.000000 0.000000     3.429093     1.105976 
59368.983529 0.000000 0.000000     3.431738     1.106338 
59368.994757 0.000000 0.000000     3.434397     1.106700 
59369.005985 0.000000 0.000000     3.437070     1.107061 
59369.017213 0.000000 0.000000     3.439758     1.107421 
59369.028441 0.000000 0.000000     3.442460     1.107781 
59369.039669 0.000000 0.000000     3.445176     1.108141 
59369.050896 0.000000 0.000000     3.447906     1.108500 
59369.062124 0.000000 0.000000     3.450651     1.108859 
59369.073352 0.000000 0.000000     3.453410     1.109218 
59369.084580 0.000000 0.000000     3.456183     1.109576 
59369.095808 0.000000 0.000000     3.458971     1.109934 
59369.107036 0.000000 0.000000     3.461772     1.110291 
59369.118264 0.000000 0.000000     3.464589     1.110648 
59369.129492 0.000000 0.000000     3.467419     1.111004 
59369.140719 0.000000 0.000000     3.470264     1.111360 
59369.151947 0.000000 0.000000     3.473123     1.111715 
59369.163175 0.000000 0.000000     3.475997     1.112070 
59369.174403 0.000000 0.000000     3.478885     1.112425 
59369.185631 0.000000 0.000000     3.481787     1.112779 
59369.196859 0.000000 0.000000     3.484704     1.113133 
59369.208087 0.000000 0.000000     3.487635     1.113487 
59369.219314 0.000000 0.000000     3.490580     1.113840 
59369.230542 0.000000 0.000000     3.493540     1.114192 
59369.241770 0.000000 0.000000     3.496514     1.114545 
59369.252998 0.000000 0.000000     3.499502     1.114896 
59369.264226 0.000000 0.000000     3.502505     1.115248 
59369.275454 0.000000 0.000000     3.505522     1.115599 
59369.286682 0.000000 0.000000     3.508554     1.115949 
59369.297910 0.000000 0.000000     3.511600     1.116299 
59369.309137 0.000000 0.000000     3.514660     1.116649 
59369.320365 0.000000 0.000000     3.517735     1.116998 
59369.331593 0.000000 0.000000     3.520824     1.117347 
59369.342821 0.000000 0.000000     3.523928     1.117696 
59369.354049 0.000000 0.000000     3.527046     1.118044 
59369.365277 0.000000 0.000000     3.530179     1.118392 
59369.376505 0.000000 0.000000     3.533326     1.118739 
59369.387733 0.000000 0.000000     3.536487     1.119086 
59369.398960 0.000000 0.000000     3.539663     1.119433 
59369.410188 0.000000 0.000000     3.542853     1.119779 
59369.421416 0.000000 0.000000     3.546057     1.120124 
59369.432644 0.000000 0.000000     3.549276     1.120470 
59369.443872 0.000000 0.000000     3.552510     1.120815 
59369.455100 0.000000 0.000000     3.555758     1.121159 
59369.466328 0.000000 0.000000     3.559020     1.121504 
59369.477556 0.000000 0.000000     3.562297     1.121847 
59369.488783 0.000000 0.000000     3.565588     1.122191 
59369.500011 0.000000 0.000000     3.568894     1.122534 
59369.511239 0.000000 0.000000     3.572214     1.122876 
59369.522467 0.000000 0.000000     3.575549     1.123219 
59369.533695 0.000000 0.000000     3.578898     1.123560 
59369.544923 0.000000 0.000000     3.582262     1.123902 
59369.556151 0.000000 0.000000     3.585640     1.124243 
59369.567378 0.000000 0.000000     3.589032     1.124584 
59369.578606 0.000000 0.000000     3.592439     1.124924 
59369.589834 0.000000 0.000000     3.595860     1.125264 
59369.601062 0.000000 0.000000     3.599296     1.125603 
59369.612290 0.000000 0.000000     3.602747     1.125943 
59369.623518 0.000000 0.000000     3.606211     1.126281 
59369.634746 0.000000 0.000000     3.609691     1.126620 
59369.645974 0.000000 0.000000     3.613184     1.126958 
59369.657201 0.000000 0.000000     3.616693     1.127295 
59369.668429 0.000000 0.000000     3.620215     1.127633 
59369.679657 0.000000 0.000000     3.623753     1.127970 
59369.690885 0.000000 0.000000     3.627304     1.128306 
59369.702113 0.000000 0.000000     3.630870     1.128642 
59369.713341 0.000000 0.000000     3.634451     1.128978 
59369.724569 0.000000 0.000000     3.638046     1.129313 
59369.735797 0.000000 0.000000     3.641656     1.129648 
59369.747024 0.000000 0.000000     3.645280     1.129983 
59369.758252 0.000000 0.000000     3.648918     1.130317 
59369.769480 0.000000 0.000000     3.652571     1.130651 
59369.780708 0.000000 0.000000     3.656239     1.130985 
59369.791936 0.000000 0.000000     3.659921     1.131318 
59369.803164 0.000000 0.000000     3.663617     1.131651 
59369.814392 0.000000 0.000000     3.667328     1.131983 
59369.825620 0.000000 0.000000     3.671053     1.132315 
59369.836847 0.000000 0.000000     3.674793     1.132647 
59369.848075 0.000000 0.000000     3.678547     1.132978 
59369.859303 0.000000 0.000000     3.682316     1.133309 
59369.870531 0.000000 0.000000     3.686099     1.133640 
59369.881759 0.000000 0.000000     3.689897     1.133970 
59369.892987 0.000000 0.000000     3.693709     1.134300 
59369.904215 0.000000 0.000000     3.697536     1.134630 
59369.915442 0.000000 0.000000     3.701377     1.134959 
59369.926670 0.000000 0.000000     3.705233     1.135288 
59369.937898 0.000000 0.000000     3.709103     1.135616 
59369.949126 0.000000 0.000000     3.712987     1.135945 
59369.960354 0.000000 0.000000     3.716886     1.136272 
59369.971582 0.000000 0.000000     3.720799     1.136600 
59369.982810 0.000000 0.000000     3.724727     1.136927 
59369.994038 0.000000 0.000000     3.728670     1.137254 
59370.005265 0.000000 0.000000     3.732626     1.137580 
59370.016493 0.000000 0.000000     3.736598     1.137906 
59370.027721 0.000000 0.000000     3.740583     1.138232 
59370.038949 0.000000 0.000000     3.744583     1.138557 
59370.050177 0.000000 0.000000     3.748598     1.138882 
59370.061405 0.000000 0.000000     3.752627     1.139206 
59370.072633 0.000000 0.000000     3.756670     1.139531 
59370.083861 0.000000 0.000000     3.760728     1.139855 
59370.095088 0.000000 0.000000     3.764800     1.140178 
59370.106316 0.000000 0.000000     3.768887     1.140501 
59370.117544 0.000000 0.000000     3.772988     1.140824 
59370.128772 0.000000 0.000000     3.777104     1.141147 
59370.140000 0.000000 0.000000     3.781233     1.141469 
59370.151228 0.000000 0.000000     3.785378     1.141791 
59370.162456 0.000000 0.000000     3.789536     1.142112 
59370.173684 0.000000 0.000000     3.793710     1.142434 
59370.184911 0.000000 0.000000     3.797897     1.142754 
59370.196139 0.000000 0.000000     3.802099     1.143075 
59370.207367 0.000000 0.000000     3.806315     1.143395 
59370.218595 0.000000 0.000000     3.810546     1.143715 
59370.229823 0.000000 0.000000     3.814791     1.144034 
59370.241051 0.000000 0.000000     3.819050     1.144353 
59370.252279 0.000000 0.000000     3.823324     1.144672 
59370.263506 0.000000 0.000000     3.827612     1.144991 
59370.274734 0.000000 0.000000     3.831915     1.145309 
59370.285962 0.000000 0.000000     3.836232     1.145626 
59370.297190 0.000000 0.000000     3.840563     1.145944 
59370.308418 0.000000 0.000000     3.844909     1.146261 
59370.319646 0.000000 0.000000     3.849268     1.146578 
59370.330874 0.000000 0.000000     3.853643     1.146894 
59370.342102 0.000000 0.000000     3.858031     1.147210 
59370.353329 0.000000 0.000000     3.862434     1.147526 
59370.364557 0.000000 0.000000     3.866851     1.147842 
59370.375785 0.000000 0.000000     3.871283     1.148157 
59370.387013 0.000000 0.000000     3.875729     1.148471 
59370.398241 0.000000 0.000000     3.880189     1.148786 
59370.409469 0.000000 0.000000     3.884663     1.149100 
59370.420697 0.000000 0.000000     3.889152     1.149414 
59370.431925 0.000000 0.000000     3.893655     1.149727 
59370.443152 0.000000 0.000000     3.898172     1.150040 
59370.454380 0.000000 0.000000     3.902704     1.150353 
59370.465608 0.000000 0.000000     3.907249     1.150666 
59370.476836 0.000000 0.000000     3.911809     1.150978 
59370.488064 0.000000 0.000000     3.916384     1.151290 
59370.499292 0.000000 0.000000     3.920972     1.151601 
59370.510520 0.000000 0.000000     3.925575     1.151912 
59370.521747 0.000000 0.000000     3.930192     1.152223 
59370.532975 0.000000 0.000000     3.934823     1.152534 
59370.544203 0.000000 0.000000     3.939468     1.152844 
59370.555431 0.000000 0.000000     3.944128     1.153154 
59370.566659 0.000000 0.000000     3.948802     1.153463 
59370.577887 0.000000 0.000000     3.953490     1.153773 
59370.589115 0.000000 0.000000     3.958192     1.154081 
59370.600343 0.000000 0.000000     3.962908     1.154390 
59370.611570 0.000000 0.000000     3.967639     1.154698 
59370.622798 0.000000 0.000000     3.972383     1.155006 
59370.634026 0.000000 0.000000     3.977142     1.155314 
59370.645254 0.000000 0.000000     3.981915     1.155621 
59370.656482 0.000000 0.000000     3.986702     1.155928 
59370.667710 0.000000 0.000000     3.991503     1.156235 
59370.678938 0.000000 0.000000     3.996318     1.156541 
59370.690166 0.000000 0.000000     4.001148     1.156847 
59370.701393 0.000000 0.000000     4.005991     1.157153 
59370.712621 0.000000 0.000000     4.010849     1.157459 
59370.723849 0.000000 0.000000     4.015720     1.157764 
59370.735077 0.000000 0.000000     4.020606     1.158068 
59370.746305 0.000000 0.000000     4.025506     1.158373 
59370.757533 0.000000 0.000000     4.030419     1.158677 
59370.768761 0.000000 0.000000     4.035347     1.158981 
59370.779989 0.000000 0.000000     4.040289     1.159284 
59370.791216 0.000000 0.000000     4.045245     1.159588 
59370.802444 0.000000 0.000000     4.050215     1.159891 
59370.813672 0.000000 0.000000     4.055198     1.160193 
59370.824900 0.000000 0.000000     4.060196     1.160495 
59370.836128 0.000000 0.000000     4.065208     1.160797 
59370.847356 0.000000 0.000000     4.070234     1.161099 
59370.858584 0.000000 0.000000     4.075273     1.161400 
59370.869811 0.000000 0.000000     4.080327     1.161701 
59370.881039 0.000000 0.000000     4.085395     1.162002 
59370.892267 0.000000 0.000000     4.090476     1.162303 
59370.903495 0.000000 0.000000     4.095572     1.162603 
59370.914723 0.000000 0.000000     4.100681     1.162903 
59370.925951 0.000000 0.000000     4.105804     1.163202 
59370.937179 0.000000 0.000000     4.110941     1.163501 
59370.948407 0.000000 0.000000     4.116092     1.163800 
59370.959634 0.000000 0.000000     4.121257     1.164099 
59370.970862 0.000000 0.000000     4.126436     1.164397 
59370.982090 0.000000 0.000000     4.131628     1.164695 
59370.993318 0.000000 0.000000     4.136834     1.164993 
59371.004546 0.000000 0.000000     4.142054     1.165290 
59371.015774 0.000000 0.000000     4.147288     1.165587 
59371.027002 0.000000 0.000000     4.152536     1.165884 
59371.038230 0.000000 0.000000     4.157797     1.166180 
59371.049457 0.000000 0.000000     4.163072     1.166476 
59371.060685 0.000000 0.000000     4.168361     1.166772 
59371.071913 0.000000 0.000000     4.173664     1.167068 
59371.083141 0.000000 0.000000     4.178980     1.167363 
59371.094369 0.000000 0.000000     4.184311     1.167658 
59371.105597 0.000000 0.000000     4.189654     1.167952 
59371.116825 0.000000 0.000000     4.195012     1.168247 
59371.128053 0.000000 0.000000     4.200383     1.168541 
59371.139280 0.000000 0.000000     4.205768     1.168834 
59371.150508 0.000000 0.000000     4.211166     1.169128 
59371.161736 0.000000 0.000000     4.216578     1.169421 
59371.172964 0.000000 0.000000     4.222004     1.169713 
59371.184192 0.000000 0.000000     4.227443     1.170006 
59371.195420 0.000000 0.000000     4.232896     1.170298 
59371.206648 0.000000 0.000000     4.238362     1.170590 
59371.217875 0.000000 0.000000     4.243842     1.170882 
59371.229103 0.000000 0.000000     4.249336     1.171173 
59371.240331 0.000000 0.000000     4.254843     1.171464 
59371.251559 0.000000 0.000000     4.260363     1.171755 
59371.262787 0.000000 0.000000     4.265897     1.172045 
59371.274015 0.000000 0.000000     4.271445     1.172335 
59371.285243 0.000000 0.000000     4.277006     1.172625 
59371.296471 0.000000 0.000000     4.282580     1.172914 
59371.307698 0.000000 0.000000     4.288168     1.173203 
59371.318926 0.000000 0.000000     4.293770     1.173492 
59371.330154 0.000000 0.000000     4.299384     1.173781 
59371.341382 0.000000 0.000000     4.305013     1.174069 
59371.352610 0.000000 0.000000     4.310654     1.174357 
59371.363838 0.000000 0.000000     4.316309     1.174645 
59371.375066 0.000000 0.000000     4.321977     1.174932 
59371.386294 0.000000 0.000000     4.327659     1.175219 
59371.397521 0.000000 0.000000     4.333354     1.175506 
59371.408749 0.000000 0.000000     4.339062     1.175793 
59371.419977 0.000000 0.000000     4.344783     1.176079 
59371.431205 0.000000 0.000000     4.350518     1.176365 
59371.442433 0.000000 0.000000     4.356266     1.176650 
59371.453661 0.000000 0.000000     4.362027     1.176936 
59371.464889 0.000000 0.000000     4.367802     1.177221 
59371.476117 0.000000 0.000000     4.373589     1.177505 
59371.487344 0.000000 0.000000     4.379390     1.177790 
59371.498572 0.000000 0.000000     4.385204     1.178074 
59371.509800 0.000000 0.000000     4.391031     1.178358 
59371.521028 0.000000 0.000000     4.396872     1.178641 
59371.532256 0.000000 0.000000     4.402725     1.178924 
59371.543484 0.000000 0.000000     4.408592     1.179207 
59371.554712 0.000000 0.000000     4.414471     1.179490 
59371.565939 0.000000 0.000000     4.420364     1.179772 
59371.577167 0.000000 0.000000     4.426270     1.180054 
59371.588395 0.000000 0.000000     4.432188     1.180336 
59371.599623 0.000000 0.000000     4.438120     1.180618 
59371.610851 0.000000 0.000000     4.444065     1.180899 
59371.622079 0.000000 0.000000     4.450023     1.181180 
59371.633307 0.000000 0.000000     4.455993     1.181460 
59371.644535 0.000000 0.000000     4.461977     1.181741 
59371.655762 0.000000 0.000000     4.467974     1.182021 
59371.666990 0.000000 0.000000     4.473983     1.182300 
59371.678218 0.000000 0.000000     4.480006     1.182580 
59371.689446 0.000000 0.000000     4.486041     1.182859 
59371.700674 0.000000 0.000000     4.492089     1.183138 
59371.711902 0.000000 0.000000     4.498150     1.183416 
59371.723130 0.000000 0.000000     4.504224     1.183694 
59371.734358 0.000000 0.000000     4.510310     1.183972 
59371.745585 0.000000 0.000000     4.516409     1.184250 
59371.756813 0.000000 0.000000     4.522522     1.184527 
59371.768041 0.000000 0.000000     4.528646     1.184804 
59371.779269 0.000000 0.000000     4.534784     1.185081 
59371.790497 0.000000 0.000000     4.540934     1.185357 
59371.801725 0.000000 0.000000     4.547097     1.185634 
59371.812953 0.000000 0.000000     4.553273     1.185909 
59371.824180 0.000000 0.000000     4.559461     1.186185 
59371.835408 0.000000 0.000000     4.565662     1.186460 
59371.846636 0.000000 0.000000     4.571875     1.186735 
59371.857864 0.000000 0.000000     4.578101     1.187010 
59371.869092 0.000000 0.000000     4.584340     1.187284 
59371.880320 0.000000 0.000000     4.590591     1.187558 
59371.891548 0.000000 0.000000     4.596854     1.187832 
59371.902776 0.000000 0.000000     4.603130     1.188106 
59371.914003 0.000000 0.000000     4.609419     1.188379 
59371.925231 0.000000 0.000000     4.615720     1.188652 
59371.936459 0.000000 0.000000     4.622034     1.188924 
59371.947687 0.000000 0.000000     4.628359     1.189197 
59371.958915 0.000000 0.000000     4.634698     1.189469 
59371.970143 0.000000 0.000000     4.641048     1.189741 
59371.981371 0.000000 0.000000     4.647411     1.190012 
59371.992599 0.000000 0.000000     4.653787     1.190283 
59372.003826 0.000000 0.000000     4.660174     1.190554 
59372.015054 0.000000 0.000000     4.666574     1.190825 
59372.026282 0.000000 0.000000     4.672986     1.191095 
59372.037510 0.000000 0.000000     4.679411     1.191365 
59372.048738 0.000000 0.000000     4.685848     1.191635 
59372.059966 0.000000 0.000000     4.692296     1.191904 
59372.071194 0.000000 0.000000     4.698757     1.192173 
59372.082422 0.000000 0.000000     4.705231     1.192442 
59372.093649 0.000000 0.000000     4.711716     1.192710 
59372.104877 0.000000 0.000000     4.718213     1.192979 
59372.116105 0.000000 0.000000     4.724723     1.193246 
59372.127333 0.000000 0.000000     4.731245     1.193514 
59372.138561 0.000000 0.000000     4.737778     1.193781 
59372.149789 0.000000 0.000000     4.744324     1.194048 
59372.161017 0.000000 0.000000     4.750882     1.194315 
59372.172244 0.000000 0.000000     4.757451     1.194582 
59372.183472 0.000000 0.000000     4.764033     1.194848 
59372.194700 0.000000 0.000000     4.770626     1.195114 
59372.205928 0.000000 0.000000     4.777232     1.195379 
59372.217156 0.000000 0.000000     4.783849     1.195644 
59372.228384 0.000000 0.000000     4.790478     1.195909 
59372.239612 0.000000 0.000000     4.797119     1.196174 
59372.250840 0.000000 0.000000     4.803772     1.196438 
59372.262067 0.000000 0.000000     4.810436     1.196702 
59372.273295 0.000000 0.000000     4.817113     1.196966 
59372.284523 0.000000 0.000000     4.823801     1.197230 
59372.295751 0.000000 0.000000     4.830501     1.197493 
59372.306979 0.000000 0.000000     4.837212     1.197756 
59372.318207 0.000000 0.000000     4.843935     1.198018 
59372.329435 0.000000 0.000000     4.850670     1.198281 
59372.340663 0.000000 0.000000     4.857417     1.198543 
59372.351890 0.000000 0.000000     4.864175     1.198804 
59372.363118 0.000000 0.000000     4.870944     1.199066 
59372.374346 0.000000 0.000000     4.877725     1.199327 
59372.385574 0.000000 0.000000     4.884518     1.199588 
59372.396802 0.000000 0.000000     4.891322     1.199848 
59372.408030 0.000000 0.000000     4.898138     1.200108 
59372.419258 0.000000 0.000000     4.904965     1.200368 
59372.430486 0.000000 0.000000     4.911803     1.200628 
59372.441713 0.000000 0.000000     4.918653     1.200887 
59372.452941 0.000000 0.000000     4.925514     1.201146 
59372.464169 0.000000 0.000000     4.932387     1.201405 
59372.475397 0.000000 0.000000     4.939271     1.201663 
59372.486625 0.000000 0.000000     4.946166     1.201921 
59372.497853 0.000000 0.000000     4.953073     1.202179 
59372.509081 0.000000 0.000000     4.959990     1.202437 
59372.520308 0.000000 0.000000     4.966919     1.202694 
59372.531536 0.000000 0.000000     4.973859     1.202951 
59372.542764 0.000000 0.000000     4.980811     1.203207 
59372.553992 0.000000 0.000000     4.987773     1.203464 
59372.565220 0.000000 0.000000     4.994746     1.203720 
59372.576448 0.000000 0.000000     5.001731     1.203975 
59372.587676 0.000000 0.000000     5.008727     1.204231 
59372.598904 0.000000 0.000000     5.015733     1.204486 
59372.610131 0.000000 0.000000     5.022751     1.204741 
59372.621359 0.000000 0.000000     5.029780     1.204995 
59372.632587 0.000000 0.000000     5.036819     1.205249 
59372.643815 0.000000 0.000000     5.043870     1.205503 
59372.655043 0.000000 0.000000     5.050931     1.205757 
59372.666271 0.000000 0.000000     5.058004     1.206010 
59372.677499 0.000000 0.000000     5.065087     1.206263 
59372.688727 0.000000 0.000000     5.072181     1.206516 
59372.699954 0.000000 0.000000     5.079285     1.206768 
59372.711182 0.000000 0.000000     5.086401     1.207020 
59372.722410 0.000000 0.000000     5.093527     1.207272 
59372.733638 0.000000 0.000000     5.100664     1.207523 
59372.744866 0.000000 0.000000     5.107812     1.207775 
59372.756094 0.000000 0.000000     5.114970     1.208025 
59372.767322 0.000000 0.000000     5.122139     1.208276 
59372.778550 0.000000 0.000000     5.129318     1.208526 
59372.789777 0.000000 0.000000     5.136508     1.208776 
59372.801005 0.000000 0.000000     5.143709     1.209026 
59372.812233 0.000000 0.000000     5.150920     1.209275 
59372.823461 0.000000 0.000000     5.158142     1.209524 
59372.834689 0.000000 0.000000     5.165374     1.209773 
59372.845917 0.000000 0.000000     5.172616     1.210021 
59372.857145 0.000000 0.000000     5.179869     1.210269 
59372.868372 0.000000 0.000000     5.187132     1.210517 
59372.879600 0.000000 0.000000     5.194405     1.210765 
59372.890828 0.000000 0.000000     5.201689     1.211012 
59372.902056 0.000000 0.000000     5.208983     1.211259 
59372.913284 0.000000 0.000000     5.216288     1.211505 
59372.924512 0.000000 0.000000     5.223602     1.211751 
59372.935740 0.000000 0.000000     5.230927     1.211997 
59372.946968 0.000000 0.000000     5.238262     1.212243 
59372.958195 0.000000 0.000000     5.245607     1.212488 
59372.969423 0.000000 0.000000     5.252962     1.212733 
59372.980651 0.000000 0.000000     5.260327     1.212978 
59372.991879 0.000000 0.000000     5.267703     1.213222 
59373.003107 0.000000 0.000000     5.275088     1.213467 
59373.014335 0.000000 0.000000     5.282483     1.213710 
59373.025563 0.000000 0.000000     5.289888     1.213954 
59373.036791 0.000000 0.000000     5.297304     1.214197 
59373.048018 0.000000 0.000000     5.304729     1.214440 
59373.059246 0.000000 0.000000     5.312164     1.214682 
59373.070474 0.000000 0.000000     5.319608     1.214924 
59373.081702 0.000000 0.000000     5.327063     1.215166 
59373.092930 0.000000 0.000000     5.334527     1.215408 
59373.104158 0.000000 0.000000     5.342001     1.215649 
59373.115386 0.000000 0.000000     5.349485     1.215890 
59373.126613 0.000000 0.000000     5.356978     1.216131 
59373.137841 0.000000 0.000000     5.364481     1.216371 
59373.149069 0.000000 0.000000     5.371994     1.216611 
59373.160297 0.000000 0.000000     5.379516     1.216851 
59373.171525 0.000000 0.000000     5.387048     1.217090 
59373.182753 0.000000 0.000000     5.394589     1.217329 
59373.193981 0.000000 0.000000     5.402140     1.217568 
59373.205209 0.000000 0.000000     5.409701     1.217806 
59373.216436 0.000000 0.000000     5.417270     1.218044 
59373.227664 0.000000 0.000000     5.424850     1.218282 
59373.238892 0.000000 0.000000     5.432438     1.218520 
59373.250120 0.000000 0.000000     5.440036     1.218757 
59373.261348 0.000000 0.000000     5.447643     1.218994 
59373.272576 0.000000 0.000000     5.455259     1.219230 
59373.283804 0.000000 0.000000     5.462885     1.219466 
59373.295032 0.000000 0.000000     5.470520     1.219702 
59373.306259 0.000000 0.000000     5.478164     1.219938 
59373.317487 0.000000 0.000000     5.485817     1.220173 
59373.328715 0.000000 0.000000     5.493479     1.220408 
59373.339943 0.000000 0.000000     5.501151     1.220642 
59373.351171 0.000000 0.000000     5.508831     1.220877 
59373.362399 0.000000 0.000000     5.516521     1.221111 
59373.373627 0.000000 0.000000     5.524219     1.221344 
59373.384855 0.000000 0.000000     5.531927     1.221578 
59373.396082 0.000000 0.000000     5.539643     1.221811 
59373.407310 0.000000 0.000000     5.547368     1.222043 
59373.418538 0.000000 0.000000     5.555102     1.222275 
59373.429766 0.000000 0.000000     5.562845     1.222507 
59373.440994 0.000000 0.000000     5.570597     1.222739 
59373.452222 0.000000 0.000000     5.578357     1.222971 
59373.463450 0.000000 0.000000     5.586126     1.223202 
59373.474677 0.000000 0.000000     5.593904     1.223432 
59373.485905 0.000000 0.000000     5.601690     1.223663 
59373.497133 0.000000 0.000000     5.609485     1.223893 
59373.508361 0.000000 0.000000     5.617289     1.224122 
59373.519589 0.000000 0.000000     5.625101     1.224352 
59373.530817 0.000000 0.000000     5.632922     1.224581 
59373.542045 0.000000 0.000000     5.640751     1.224810 
59373.553273 0.000000 0.000000     5.648589     1.225038 
59373.564500 0.000000 0.000000     5.656435     1.225266 
59373.575728 0.000000 0.000000     5.664290     1.225494 
59373.586956 0.000000 0.000000     5.672152     1.225721 
59373.598184 0.000000 0.000000     5.680024     1.225948 
59373.609412 0.000000 0.000000     5.687903     1.226175 
59373.620640 0.000000 0.000000     5.695791     1.226401 
59373.631868 0.000000 0.000000     5.703687     1.226627 
59373.643096 0.000000 0.000000     5.711591     1.226853 
59373.654323 0.000000 0.000000     5.719503     1.227079 
59373.665551 0.000000 0.000000     5.727423     1.227304 
59373.676779 0.000000 0.000000     5.735352     1.227528 
59373.688007 0.000000 0.000000     5.743288     1.227753 
59373.699235 0.000000 0.000000     5.751233     1.227977 
59373.710463 0.000000 0.000000     5.759185     1.228201 
59373.721691 0.000000 0.000000     5.767146     1.228424 
59373.732919 0.000000 0.000000     5.775114     1.228647 
59373.744146 0.000000 0.000000     5.783090     1.228870 
59373.755374 0.000000 0.000000     5.791074     1.229092 
59373.766602 0.000000 0.000000     5.799066     1.229314 
59373.777830 0.000000 0.000000     5.807066     1.229536 
59373.789058 0.000000 0.000000     5.815073     1.229758 
59373.800286 0.000000 0.000000     5.823088     1.229979 
59373.811514 0.000000 0.000000     5.831111     1.230199 
59373.822741 0.000000 0.000000     5.839141     1.230420 
59373.833969 0.000000 0.000000     5.847179     1.230640 
59373.845197 0.000000 0.000000     5.855224     1.230859 
59373.856425 0.000000 0.000000     5.863277     1.231079 
59373.867653 0.000000 0.000000     5.871338     1.231298 
59373.878881 0.000000 0.000000     5.879406     1.231516 
59373.890109 0.000000 0.000000     5.887481     1.231735 
59373.901337 0.000000 0.000000     5.895564     1.231953 
59373.912564 0.000000 0.000000     5.903654     1.232170 
59373.923792 0.000000 0.000000     5.911751     1.232388 
59373.935020 0.000000 0.000000     5.919856     1.232605 
59373.946248 0.000000 0.000000     5.927968     1.232821 
59373.957476 0.000000 0.000000     5.936087     1.233038 
59373.968704 0.000000 0.000000     5.944213     1.233254 
59373.979932 0.000000 0.000000     5.952346     1.233469 
59373.991160 0.000000 0.000000     5.960487     1.233684 
59374.002387 0.000000 0.000000     5.968634     1.233899 
59374.013615 0.000000 0.000000     5.976789     1.234114 
59374.024843 0.000000 0.000000     5.984950     1.234328 
59374.036071 0.000000 0.000000     5.993119     1.234542 
59374.047299 0.000000 0.000000     6.001294     1.234755 
59374.058527 0.000000 0.000000     6.009476     1.234969 
59374.069755 0.000000 0.000000     6.017665     1.235181 
59374.080983 0.000000 0.000000     6.025861     1.235394 
59374.092210 0.000000 0.000000     6.034064     1.235606 
59374.103438 0.000000 0.000000     6.042273     1.235818 
59374.114666 0.000000 0.000000     0.000000     0.438093 
