
:::---::: PyORBIT v11.0.1 :::---:::

Python version in use:
3.10.18 (main, Jun  5 2025, 13:14:17) [GCC 11.2.0]

reloaded_optimize:  False
reloaded_pyde:  False
reloaded_emcee:  False

number of multiprocessing threads: 16
multiprocessing method (should be fork):  fork

parameters/safe_reload flag (must be True for tinygp):  False

Opening:  RVdata_expres
Opening:  RVdata_harps
Opening:  RVdata_neid
Opening:  FIESTAdata_expres_mode1
Opening:  FIESTAdata_expres_mode2
Opening:  FIESTAdata_expres_mode3
Opening:  FIESTAdata_harps_mode1
Opening:  FIESTAdata_harps_mode2
Opening:  FIESTAdata_harps_mode3
Opening:  FIESTAdata_harpsn_mode1
Opening:  FIESTAdata_harpsn_mode2
Opening:  FIESTAdata_harpsn_mode3
Opening:  FIESTAdata_neid_mode1
Opening:  FIESTAdata_neid_mode2
Opening:  FIESTAdata_neid_mode3

Adding common model of planet:  b
Adding common model of planet:  c
Adding common model of planet:  d
Using orbital model:  keplerian
Using orbital parametrization:  Eastman2013

Using orbital model:  keplerian
Using orbital parametrization:  Eastman2013

Using orbital model:  keplerian
Using orbital parametrization:  Eastman2013

gp_multidimensional  S+LEAF model, number of harmonics: 4

GP model: gp_multidimensional  hyperparameters_condition:    True
GP model: gp_multidimensional  rotation_decay_condition:     True

====================================================================================================
     Ids, spaces (s), boundaries (b) and priors (p) of the sampler parameters     
====================================================================================================

----- dataset:  RVdata_expres
jitter_0      id:  18  s:Linear      b:[      0.0010,      11.5000]   p:Uniform   []
offset_0      id:  19  s:Linear      b:[  -9995.9050,   10012.5570]   p:Uniform   []

----- dataset: RVdata_expres             ----- model: gp_multidimensional           
rot_amp       id:  20  s:Linear      b:[      0.0000,      10.0000]   p:Uniform   []
con_amp       id:  21  s:Linear      b:[    -20.0000,      20.0000]   p:Uniform   []

----- dataset:  RVdata_harps
jitter_0      id:  22  s:Linear      b:[      0.0009,      12.2000]   p:Uniform   []
offset_0      id:  23  s:Linear      b:[  -9994.3035,   10013.7475]   p:Uniform   []
offset_1      id:  24  s:Linear      b:[  -9994.3035,   10013.7475]   p:Uniform   []

----- dataset: RVdata_harps              ----- model: gp_multidimensional           
rot_amp       id:  25  s:Linear      b:[      0.0000,      10.0000]   p:Uniform   []
con_amp       id:  26  s:Linear      b:[    -20.0000,      20.0000]   p:Uniform   []

----- dataset:  RVdata_neid
jitter_0      id:  27  s:Linear      b:[      0.0010,      12.2000]   p:Uniform   []
offset_0      id:  28  s:Linear      b:[  -9993.3866,   10013.1434]   p:Uniform   []

----- dataset: RVdata_neid               ----- model: gp_multidimensional           
rot_amp       id:  29  s:Linear      b:[      0.0000,      10.0000]   p:Uniform   []
con_amp       id:  30  s:Linear      b:[    -20.0000,      20.0000]   p:Uniform   []

----- dataset:  FIESTAdata_expres_mode1
jitter_0      id:  31  s:Linear      b:[      0.0017,      18.9342]   p:Uniform   []
offset_0      id:  32  s:Linear      b:[ -10002.0587,   10002.3918]   p:Uniform   []

----- dataset: FIESTAdata_expres_mode1   ----- model: gp_multidimensional           
rot_amp       id:  33  s:Linear      b:[    -10.0000,      10.0000]   p:Uniform   []
con_amp       id:  34  s:Linear      b:[    -20.0000,      20.0000]   p:Uniform   []

----- dataset:  FIESTAdata_expres_mode2
jitter_0      id:  35  s:Linear      b:[      0.0019,      21.6805]   p:Uniform   []
offset_0      id:  36  s:Linear      b:[ -10003.5672,   10002.6393]   p:Uniform   []

----- dataset: FIESTAdata_expres_mode2   ----- model: gp_multidimensional           
rot_amp       id:  37  s:Linear      b:[    -10.0000,      10.0000]   p:Uniform   []
con_amp       id:  38  s:Linear      b:[    -20.0000,      20.0000]   p:Uniform   []

----- dataset:  FIESTAdata_expres_mode3
jitter_0      id:  39  s:Linear      b:[      0.0045,      50.3391]   p:Uniform   []
offset_0      id:  40  s:Linear      b:[ -10009.7207,   10010.7123]   p:Uniform   []

----- dataset: FIESTAdata_expres_mode3   ----- model: gp_multidimensional           
rot_amp       id:  41  s:Linear      b:[    -10.0000,      10.0000]   p:Uniform   []
con_amp       id:  42  s:Linear      b:[    -20.0000,      20.0000]   p:Uniform   []

----- dataset:  FIESTAdata_harps_mode1
jitter_0      id:  43  s:Linear      b:[      0.0013,      13.9050]   p:Uniform   []
offset_0      id:  44  s:Linear      b:[ -10001.2043,   10001.7494]   p:Uniform   []

----- dataset: FIESTAdata_harps_mode1    ----- model: gp_multidimensional           
rot_amp       id:  45  s:Linear      b:[    -10.0000,      10.0000]   p:Uniform   []
con_amp       id:  46  s:Linear      b:[    -20.0000,      20.0000]   p:Uniform   []

----- dataset:  FIESTAdata_harps_mode2
jitter_0      id:  47  s:Linear      b:[      0.0016,      16.4267]   p:Uniform   []
offset_0      id:  48  s:Linear      b:[ -10002.9651,   10001.8967]   p:Uniform   []

----- dataset: FIESTAdata_harps_mode2    ----- model: gp_multidimensional           
rot_amp       id:  49  s:Linear      b:[    -10.0000,      10.0000]   p:Uniform   []
con_amp       id:  50  s:Linear      b:[    -20.0000,      20.0000]   p:Uniform   []

----- dataset:  FIESTAdata_harps_mode3
jitter_0      id:  51  s:Linear      b:[      0.0044,      47.0591]   p:Uniform   []
offset_0      id:  52  s:Linear      b:[ -10008.9121,   10007.9038]   p:Uniform   []

----- dataset: FIESTAdata_harps_mode3    ----- model: gp_multidimensional           
rot_amp       id:  53  s:Linear      b:[    -10.0000,      10.0000]   p:Uniform   []
con_amp       id:  54  s:Linear      b:[    -20.0000,      20.0000]   p:Uniform   []

----- dataset:  FIESTAdata_harpsn_mode1
jitter_0      id:  55  s:Linear      b:[      0.0011,      12.0774]   p:Uniform   []
offset_0      id:  56  s:Linear      b:[ -10002.4732,   10002.8195]   p:Uniform   []

----- dataset: FIESTAdata_harpsn_mode1   ----- model: gp_multidimensional           
rot_amp       id:  57  s:Linear      b:[    -10.0000,      10.0000]   p:Uniform   []
con_amp       id:  58  s:Linear      b:[    -20.0000,      20.0000]   p:Uniform   []

----- dataset:  FIESTAdata_harpsn_mode2
jitter_0      id:  59  s:Linear      b:[      0.0012,      13.9895]   p:Uniform   []
offset_0      id:  60  s:Linear      b:[ -10004.0119,   10002.8742]   p:Uniform   []

----- dataset: FIESTAdata_harpsn_mode2   ----- model: gp_multidimensional           
rot_amp       id:  61  s:Linear      b:[    -10.0000,      10.0000]   p:Uniform   []
con_amp       id:  62  s:Linear      b:[    -20.0000,      20.0000]   p:Uniform   []

----- dataset:  FIESTAdata_harpsn_mode3
jitter_0      id:  63  s:Linear      b:[      0.0034,      39.1297]   p:Uniform   []
offset_0      id:  64  s:Linear      b:[ -10007.4719,   10008.5960]   p:Uniform   []

----- dataset: FIESTAdata_harpsn_mode3   ----- model: gp_multidimensional           
rot_amp       id:  65  s:Linear      b:[    -10.0000,      10.0000]   p:Uniform   []
con_amp       id:  66  s:Linear      b:[    -20.0000,      20.0000]   p:Uniform   []

----- dataset:  FIESTAdata_neid_mode1
jitter_0      id:  67  s:Linear      b:[      0.0016,      19.1206]   p:Uniform   []
offset_0      id:  68  s:Linear      b:[ -10002.5624,   10002.0726]   p:Uniform   []

----- dataset: FIESTAdata_neid_mode1     ----- model: gp_multidimensional           
rot_amp       id:  69  s:Linear      b:[    -10.0000,      10.0000]   p:Uniform   []
con_amp       id:  70  s:Linear      b:[    -20.0000,      20.0000]   p:Uniform   []

----- dataset:  FIESTAdata_neid_mode2
jitter_0      id:  71  s:Linear      b:[      0.0020,      23.1391]   p:Uniform   []
offset_0      id:  72  s:Linear      b:[ -10003.5449,   10004.1555]   p:Uniform   []

----- dataset: FIESTAdata_neid_mode2     ----- model: gp_multidimensional           
rot_amp       id:  73  s:Linear      b:[    -10.0000,      10.0000]   p:Uniform   []
con_amp       id:  74  s:Linear      b:[    -20.0000,      20.0000]   p:Uniform   []

----- dataset:  FIESTAdata_neid_mode3
jitter_0      id:  75  s:Linear      b:[      0.0050,      57.8429]   p:Uniform   []
offset_0      id:  76  s:Linear      b:[ -10008.7119,   10006.3460]   p:Uniform   []

----- dataset: FIESTAdata_neid_mode3     ----- model: gp_multidimensional           
rot_amp       id:  77  s:Linear      b:[    -10.0000,      10.0000]   p:Uniform   []
con_amp       id:  78  s:Linear      b:[    -20.0000,      20.0000]   p:Uniform   []

----- common model:  b
P             id:   0  s:Log_Base2   b:[      0.3785,       6.6439]   p:Uniform   []
K             id:   1  s:Log_Base2   b:[     -9.9658,       3.3219]   p:Uniform   []
sre_coso      id:   2  s:Linear      b:[     -1.0000,       1.0000]   p:Uniform   []
sre_sino      id:   3  s:Linear      b:[     -1.0000,       1.0000]   p:Uniform   []
mean_long     id:   4  s:Linear      b:[      0.0000,     360.0000]   p:Uniform   []
e             derived (no id, space, bound)                           p:Gaussian   [0.    0.098]
omega         derived (no id, space, bound)                           p:Uniform   [0.0, 360.0]

----- common model:  c
P             id:   5  s:Log_Base2   b:[      0.3785,       6.6439]   p:Uniform   []
K             id:   6  s:Log_Base2   b:[     -9.9658,       3.3219]   p:Uniform   []
sre_coso      id:   7  s:Linear      b:[     -1.0000,       1.0000]   p:Uniform   []
sre_sino      id:   8  s:Linear      b:[     -1.0000,       1.0000]   p:Uniform   []
mean_long     id:   9  s:Linear      b:[      0.0000,     360.0000]   p:Uniform   []
e             derived (no id, space, bound)                           p:Gaussian   [0.    0.098]
omega         derived (no id, space, bound)                           p:Uniform   [0.0, 360.0]

----- common model:  d
P             id:  10  s:Log_Base2   b:[      0.3785,       6.6439]   p:Uniform   []
K             id:  11  s:Log_Base2   b:[     -9.9658,       3.3219]   p:Uniform   []
sre_coso      id:  12  s:Linear      b:[     -1.0000,       1.0000]   p:Uniform   []
sre_sino      id:  13  s:Linear      b:[     -1.0000,       1.0000]   p:Uniform   []
mean_long     id:  14  s:Linear      b:[      0.0000,     360.0000]   p:Uniform   []
e             derived (no id, space, bound)                           p:Gaussian   [0.    0.098]
omega         derived (no id, space, bound)                           p:Uniform   [0.0, 360.0]

----- common model:  activity
Prot          id:  15  s:Linear      b:[     20.0000,      35.0000]   p:Gaussian   [28.   0.5]
Pdec          id:  16  s:Linear      b:[     30.0000,    1000.0000]   p:Uniform   []
Oamp          id:  17  s:Log_Base2   b:[     -6.6439,       0.0000]   p:Gaussian   [0.35  0.035]

----- common model:  star_parameters
mass          derived (no id, space, bound)                           p:Gaussian   [1.e+00 1.e-06]
radius        derived (no id, space, bound)                           p:Gaussian   [1.e+00 1.e-06]
density       derived (no id, space, bound)                           p:Gaussian   [1.e+00 1.e-06]

Include priors:  True

Reference Time Tref:  59334.700184

Dimensions =  79
Nwalkers =  316

Using threading pool for PyDE: True
PyDE running
Boundaries redefined after PyDE output
PyDE completed, it took        200.6 seconds

====================================================================================================
     Starting point of the sample/optimization routines    
====================================================================================================

----- dataset:  RVdata_expres
jitter_0        18      1.460192 [    0.0010,    11.5000]
offset_0        19      8.778244 [-9995.9050, 10012.5570]

----- dataset: RVdata_expres             ----- model: gp_multidimensional           
rot_amp         20      7.499742 [    0.0000,    10.0000]
con_amp         21     10.357601 [  -20.0000,    20.0000]

----- dataset:  RVdata_harps
jitter_0        22      1.500163 [    0.0009,    12.2000]
offset_0        23      9.386326 [-9994.3035, 10013.7475]
offset_1        24     10.288035 [-9994.3035, 10013.7475]

----- dataset: RVdata_harps              ----- model: gp_multidimensional           
rot_amp         25      6.027657 [    0.0000,    10.0000]
con_amp         26     12.625584 [  -20.0000,    20.0000]

----- dataset:  RVdata_neid
jitter_0        27      1.233908 [    0.0010,    12.2000]
offset_0        28      9.629407 [-9993.3866, 10013.1434]

----- dataset: RVdata_neid               ----- model: gp_multidimensional           
rot_amp         29      5.151040 [    0.0000,    10.0000]
con_amp         30     14.160367 [  -20.0000,    20.0000]

----- dataset:  FIESTAdata_expres_mode1
jitter_0        31      0.923930 [    0.0017,    18.9342]
offset_0        32      0.027600 [-10002.0587, 10002.3918]

----- dataset: FIESTAdata_expres_mode1   ----- model: gp_multidimensional           
rot_amp         33     -6.881416 [  -10.0000,    10.0000]
con_amp         34     -5.672955 [  -20.0000,    20.0000]

----- dataset:  FIESTAdata_expres_mode2
jitter_0        35      1.217808 [    0.0019,    21.6805]
offset_0        36     -0.005948 [-10003.5672, 10002.6393]

----- dataset: FIESTAdata_expres_mode2   ----- model: gp_multidimensional           
rot_amp         37      5.144050 [  -10.0000,    10.0000]
con_amp         38      6.815228 [  -20.0000,    20.0000]

----- dataset:  FIESTAdata_expres_mode3
jitter_0        39      4.034566 [    0.0045,    50.3391]
offset_0        40     -0.052657 [-10009.7207, 10010.7123]

----- dataset: FIESTAdata_expres_mode3   ----- model: gp_multidimensional           
rot_amp         41     -0.215843 [  -10.0000,    10.0000]
con_amp         42      9.918569 [  -20.0000,    20.0000]

----- dataset:  FIESTAdata_harps_mode1
jitter_0        43      0.833259 [    0.0013,    13.9050]
offset_0        44     -0.094334 [-10001.2043, 10001.7494]

----- dataset: FIESTAdata_harps_mode1    ----- model: gp_multidimensional           
rot_amp         45     -0.618965 [  -10.0000,    10.0000]
con_amp         46      2.804796 [  -20.0000,    20.0000]

----- dataset:  FIESTAdata_harps_mode2
jitter_0        47      1.344971 [    0.0016,    16.4267]
offset_0        48      0.069021 [-10002.9651, 10001.8967]

----- dataset: FIESTAdata_harps_mode2    ----- model: gp_multidimensional           
rot_amp         49     -3.241790 [  -10.0000,    10.0000]
con_amp         50      1.422031 [  -20.0000,    20.0000]

----- dataset:  FIESTAdata_harps_mode3
jitter_0        51      4.152518 [    0.0044,    47.0591]
offset_0        52      0.508829 [-10008.9121, 10007.9038]

----- dataset: FIESTAdata_harps_mode3    ----- model: gp_multidimensional           
rot_amp         53      1.836112 [  -10.0000,    10.0000]
con_amp         54    -16.767785 [  -20.0000,    20.0000]

----- dataset:  FIESTAdata_harpsn_mode1
jitter_0        55      0.974645 [    0.0011,    12.0774]
offset_0        56      0.004724 [-10002.4732, 10002.8195]

----- dataset: FIESTAdata_harpsn_mode1   ----- model: gp_multidimensional           
rot_amp         57      0.772731 [  -10.0000,    10.0000]
con_amp         58      0.266246 [  -20.0000,    20.0000]

----- dataset:  FIESTAdata_harpsn_mode2
jitter_0        59      1.319140 [    0.0012,    13.9895]
offset_0        60     -0.071899 [-10004.0119, 10002.8742]

----- dataset: FIESTAdata_harpsn_mode2   ----- model: gp_multidimensional           
rot_amp         61      2.863039 [  -10.0000,    10.0000]
con_amp         62      1.309165 [  -20.0000,    20.0000]

----- dataset:  FIESTAdata_harpsn_mode3
jitter_0        63      3.355757 [    0.0034,    39.1297]
offset_0        64     -0.052406 [-10007.4719, 10008.5960]

----- dataset: FIESTAdata_harpsn_mode3   ----- model: gp_multidimensional           
rot_amp         65     -4.488959 [  -10.0000,    10.0000]
con_amp         66     -6.430532 [  -20.0000,    20.0000]

----- dataset:  FIESTAdata_neid_mode1
jitter_0        67      0.857782 [    0.0016,    19.1206]
offset_0        68      0.019195 [-10002.5624, 10002.0726]

----- dataset: FIESTAdata_neid_mode1     ----- model: gp_multidimensional           
rot_amp         69     -4.090596 [  -10.0000,    10.0000]
con_amp         70      5.279599 [  -20.0000,    20.0000]

----- dataset:  FIESTAdata_neid_mode2
jitter_0        71      1.313887 [    0.0020,    23.1391]
offset_0        72     -0.017251 [-10003.5449, 10004.1555]

----- dataset: FIESTAdata_neid_mode2     ----- model: gp_multidimensional           
rot_amp         73      4.947096 [  -10.0000,    10.0000]
con_amp         74     -8.491584 [  -20.0000,    20.0000]

----- dataset:  FIESTAdata_neid_mode3
jitter_0        75      3.041726 [    0.0050,    57.8429]
offset_0        76      0.036838 [-10008.7119, 10006.3460]

----- dataset: FIESTAdata_neid_mode3     ----- model: gp_multidimensional           
rot_amp         77     -0.873575 [  -10.0000,    10.0000]
con_amp         78      9.740966 [  -20.0000,    20.0000]

----- common model:  b
P                0      3.131981 [    0.3785,     6.6439]
K                1     -3.470779 [   -9.9658,     3.3219]
sre_coso         2      0.048999 [   -1.0000,     1.0000]
sre_sino         3      0.009860 [   -1.0000,     1.0000]
mean_long        4    203.408977 [   23.1375,   383.1375]

----- common model:  c
P                5      5.254728 [    0.3785,     6.6439]
K                6     -2.286621 [   -9.9658,     3.3219]
sre_coso         7      0.025303 [   -1.0000,     1.0000]
sre_sino         8     -0.017657 [   -1.0000,     1.0000]
mean_long        9    175.291513 [   -4.7085,   355.2915]

----- common model:  d
P               10      3.634094 [    0.3785,     6.6439]
K               11     -4.942863 [   -9.9658,     3.3219]
sre_coso        12     -0.020677 [   -1.0000,     1.0000]
sre_sino        13     -0.053708 [   -1.0000,     1.0000]
mean_long       14    179.350343 [   -0.6497,   359.3503]

----- common model:  activity
Prot            15     27.978096 [   20.0000,    35.0000]
Pdec            16    648.923202 [   30.0000,  1000.0000]
Oamp            17     -1.474386 [   -6.6439,     0.0000]

----- common model:  star_parameters

====================================================================================================
     Starting point projected onto the model parameter space     
====================================================================================================

----- dataset:  RVdata_expres
jitter_0              1.460192 
offset_0              8.778244 


----- dataset: RVdata_expres             ----- model: gp_multidimensional           
rot_amp               7.499742 
con_amp              10.357601 

----- dataset:  RVdata_harps
jitter_0              1.500163 
offset_0              9.386326 
offset_1             10.288035 


----- dataset: RVdata_harps              ----- model: gp_multidimensional           
rot_amp               6.027657 
con_amp              12.625584 

----- dataset:  RVdata_neid
jitter_0              1.233908 
offset_0              9.629407 


----- dataset: RVdata_neid               ----- model: gp_multidimensional           
rot_amp               5.151040 
con_amp              14.160367 

----- dataset:  FIESTAdata_expres_mode1
jitter_0              0.923930 
offset_0              0.027600 


----- dataset: FIESTAdata_expres_mode1   ----- model: gp_multidimensional           
rot_amp              -6.881416 
con_amp              -5.672955 

----- dataset:  FIESTAdata_expres_mode2
jitter_0              1.217808 
offset_0             -0.005948 


----- dataset: FIESTAdata_expres_mode2   ----- model: gp_multidimensional           
rot_amp               5.144050 
con_amp               6.815228 

----- dataset:  FIESTAdata_expres_mode3
jitter_0              4.034566 
offset_0             -0.052657 


----- dataset: FIESTAdata_expres_mode3   ----- model: gp_multidimensional           
rot_amp              -0.215843 
con_amp               9.918569 

----- dataset:  FIESTAdata_harps_mode1
jitter_0              0.833259 
offset_0             -0.094334 


----- dataset: FIESTAdata_harps_mode1    ----- model: gp_multidimensional           
rot_amp              -0.618965 
con_amp               2.804796 

----- dataset:  FIESTAdata_harps_mode2
jitter_0              1.344971 
offset_0              0.069021 


----- dataset: FIESTAdata_harps_mode2    ----- model: gp_multidimensional           
rot_amp              -3.241790 
con_amp               1.422031 

----- dataset:  FIESTAdata_harps_mode3
jitter_0              4.152518 
offset_0              0.508829 


----- dataset: FIESTAdata_harps_mode3    ----- model: gp_multidimensional           
rot_amp               1.836112 
con_amp             -16.767785 

----- dataset:  FIESTAdata_harpsn_mode1
jitter_0              0.974645 
offset_0              0.004724 


----- dataset: FIESTAdata_harpsn_mode1   ----- model: gp_multidimensional           
rot_amp               0.772731 
con_amp               0.266246 

----- dataset:  FIESTAdata_harpsn_mode2
jitter_0              1.319140 
offset_0             -0.071899 


----- dataset: FIESTAdata_harpsn_mode2   ----- model: gp_multidimensional           
rot_amp               2.863039 
con_amp               1.309165 

----- dataset:  FIESTAdata_harpsn_mode3
jitter_0              3.355757 
offset_0             -0.052406 


----- dataset: FIESTAdata_harpsn_mode3   ----- model: gp_multidimensional           
rot_amp              -4.488959 
con_amp              -6.430532 

----- dataset:  FIESTAdata_neid_mode1
jitter_0              0.857782 
offset_0              0.019195 


----- dataset: FIESTAdata_neid_mode1     ----- model: gp_multidimensional           
rot_amp              -4.090596 
con_amp               5.279599 

----- dataset:  FIESTAdata_neid_mode2
jitter_0              1.313887 
offset_0             -0.017251 


----- dataset: FIESTAdata_neid_mode2     ----- model: gp_multidimensional           
rot_amp               4.947096 
con_amp              -8.491584 

----- dataset:  FIESTAdata_neid_mode3
jitter_0              3.041726 
offset_0              0.036838 


----- dataset: FIESTAdata_neid_mode3     ----- model: gp_multidimensional           
rot_amp              -0.873575 
con_amp               9.740966 

----- common model:  b
P                     8.766380 
K                     0.090197 
mean_long           203.408977 
e                     0.002498 
omega                11.377683 

----- common model:  c
P                    38.179544 
K                     0.204955 
mean_long           175.291513 
e                     0.000952 
omega               -34.908167 

----- common model:  d
P                    12.415700 
K                     0.032512 
mean_long           179.350343 
e                     0.003312 
omega              -111.055648 

----- common model:  activity
Prot                 27.978096 
Pdec                648.923202 
Oamp                  0.359887 

----- common model:  star_parameters

====================================================================================================
     Derived parameters obtained from starting point     
====================================================================================================

----- common model:  b
Inclination fixed to 90 deg!
a_Rs                 17.883914 
M_Mj                  0.000915 
M_Me                  0.290835 
Tc                59340.698104 
a_AU_(M)              0.083205 
a_AU_(rho,R)          0.083205 

----- common model:  c
Inclination fixed to 90 deg!
a_Rs                 47.694759 
M_Mj                  0.003395 
M_Me                  1.079241 
Tc                59363.824705 
a_AU_(M)              0.221899 
a_AU_(rho,R)          0.221898 

----- common model:  d
Inclination fixed to 90 deg!
a_Rs                 22.554306 
M_Mj                  0.000370 
M_Me                  0.117730 
Tc                59344.039078 
a_AU_(M)              0.104934 
a_AU_(rho,R)          0.104933 


====================================================================================================
     Statistics on the log-likelihood     
====================================================================================================

 LN probability: -2533.744224 

====================================================================================================
     ------------------------------------------------------------------------------------------     
====================================================================================================



*************************************************************

Running emcee

emcee version:  3.1.6
Using threading pool for emcee: True

Saving temporary steps


Computing the autocorrelation time of the chains

***** WARNING ******
The integrated autocorrelation time cannot be reliably estimated
likely the chains are too short, and ACF analysis is not fully reliable
emcee.autocorr.integrated_time tolerance lowered to 20
If you still get a warning, you should drop these results entirely
Chains too short to apply convergence criteria
They should be at least 19150*nthin = 191500

====================================================================================================
     Statistics on the posterior of the sampler parameters     
====================================================================================================

----- dataset:  RVdata_expres
jitter_0        18         1.447       -0.098         0.11   (15-84 p)   [    0.0010,    11.5000]
offset_0        19          8.80        -0.21         0.17   (15-84 p)   [-9995.9050, 10012.5570]

----- dataset: RVdata_expres             ----- model: gp_multidimensional           
rot_amp         20           7.3         -3.1          2.1   (15-84 p)   [    0.0000,    10.0000]
con_amp         21          10.3         -3.2          3.0   (15-84 p)   [  -20.0000,    20.0000]

----- dataset:  RVdata_harps
jitter_0        22          1.50        -0.11         0.11   (15-84 p)   [    0.0009,    12.2000]
offset_0        23          9.39        -0.22         0.22   (15-84 p)   [-9994.3035, 10013.7475]
offset_1        24         10.34        -0.45         0.41   (15-84 p)   [-9994.3035, 10013.7475]

----- dataset: RVdata_harps              ----- model: gp_multidimensional           
rot_amp         25           5.6         -3.3          2.9   (15-84 p)   [    0.0000,    10.0000]
con_amp         26          12.5         -2.4          3.1   (15-84 p)   [  -20.0000,    20.0000]

----- dataset:  RVdata_neid
jitter_0        27         1.217       -0.096         0.11   (15-84 p)   [    0.0010,    12.2000]
offset_0        28          9.64        -0.21         0.22   (15-84 p)   [-9993.3866, 10013.1434]

----- dataset: RVdata_neid               ----- model: gp_multidimensional           
rot_amp         29           5.2         -3.1          2.9   (15-84 p)   [    0.0000,    10.0000]
con_amp         30          14.1         -2.6          2.9   (15-84 p)   [  -20.0000,    20.0000]

----- dataset:  FIESTAdata_expres_mode1
jitter_0        31         0.933       -0.066        0.081   (15-84 p)   [    0.0017,    18.9342]
offset_0        32          0.02        -0.12         0.11   (15-84 p)   [-10002.0587, 10002.3918]

----- dataset: FIESTAdata_expres_mode1   ----- model: gp_multidimensional           
rot_amp         33          -7.0         -2.3          4.5   (15-84 p)   [  -10.0000,    10.0000]
con_amp         34          -5.6         -2.6          2.3   (15-84 p)   [  -20.0000,    20.0000]

----- dataset:  FIESTAdata_expres_mode2
jitter_0        35         1.221       -0.086        0.088   (15-84 p)   [    0.0019,    21.6805]
offset_0        36         -0.02        -0.13         0.14   (15-84 p)   [-10003.5672, 10002.6393]

----- dataset: FIESTAdata_expres_mode2   ----- model: gp_multidimensional           
rot_amp         37           5.8         -5.5          3.0   (15-84 p)   [  -10.0000,    10.0000]
con_amp         38           6.7         -2.6          3.2   (15-84 p)   [  -20.0000,    20.0000]

----- dataset:  FIESTAdata_expres_mode3
jitter_0        39          4.04        -0.29         0.28   (15-84 p)   [    0.0045,    50.3391]
offset_0        40         -0.01        -0.38         0.42   (15-84 p)   [-10009.7207, 10010.7123]

----- dataset: FIESTAdata_expres_mode3   ----- model: gp_multidimensional           
rot_amp         41          -0.1         -6.1          6.5   (15-84 p)   [  -10.0000,    10.0000]
con_amp         42           9.9         -5.1          5.1   (15-84 p)   [  -20.0000,    20.0000]

----- dataset:  FIESTAdata_harps_mode1
jitter_0        43          0.84        -0.11         0.12   (15-84 p)   [    0.0013,    13.9050]
offset_0        44         -0.09        -0.18         0.20   (15-84 p)   [-10001.2043, 10001.7494]

----- dataset: FIESTAdata_harps_mode1    ----- model: gp_multidimensional           
rot_amp         45          -0.6         -4.7          4.8   (15-84 p)   [  -10.0000,    10.0000]
con_amp         46           3.2         -2.3          1.9   (15-84 p)   [  -20.0000,    20.0000]

----- dataset:  FIESTAdata_harps_mode2
jitter_0        47          1.32        -0.19         0.21   (15-84 p)   [    0.0016,    16.4267]
offset_0        48          0.06        -0.28         0.25   (15-84 p)   [-10002.9651, 10001.8967]

----- dataset: FIESTAdata_harps_mode2    ----- model: gp_multidimensional           
rot_amp         49          -2.7         -5.0          5.4   (15-84 p)   [  -10.0000,    10.0000]
con_amp         50           1.1         -2.6          2.7   (15-84 p)   [  -20.0000,    20.0000]

----- dataset:  FIESTAdata_harps_mode3
jitter_0        51          4.18        -0.56         0.76   (15-84 p)   [    0.0044,    47.0591]
offset_0        52          0.47        -0.74         0.83   (15-84 p)   [-10008.9121, 10007.9038]

----- dataset: FIESTAdata_harps_mode3    ----- model: gp_multidimensional           
rot_amp         53           2.3         -7.0          5.6   (15-84 p)   [  -10.0000,    10.0000]
con_amp         54         -17.0         -2.1          3.7   (15-84 p)   [  -20.0000,    20.0000]

----- dataset:  FIESTAdata_harpsn_mode1
jitter_0        55         0.975       -0.077        0.084   (15-84 p)   [    0.0011,    12.0774]
offset_0        56         0.007       -0.096         0.10   (15-84 p)   [-10002.4732, 10002.8195]

----- dataset: FIESTAdata_harpsn_mode1   ----- model: gp_multidimensional           
rot_amp         57           0.8         -4.3          4.1   (15-84 p)   [  -10.0000,    10.0000]
con_amp         58           0.3         -1.7          1.8   (15-84 p)   [  -20.0000,    20.0000]

----- dataset:  FIESTAdata_harpsn_mode2
jitter_0        59         1.308       -0.088         0.13   (15-84 p)   [    0.0012,    13.9895]
offset_0        60         -0.06        -0.13         0.15   (15-84 p)   [-10004.0119, 10002.8742]

----- dataset: FIESTAdata_harpsn_mode2   ----- model: gp_multidimensional           
rot_amp         61           3.0         -5.1          4.6   (15-84 p)   [  -10.0000,    10.0000]
con_amp         62           1.3         -2.7          2.6   (15-84 p)   [  -20.0000,    20.0000]

----- dataset:  FIESTAdata_harpsn_mode3
jitter_0        63          3.35        -0.26         0.26   (15-84 p)   [    0.0034,    39.1297]
offset_0        64         -0.06        -0.40         0.35   (15-84 p)   [-10007.4719, 10008.5960]

----- dataset: FIESTAdata_harpsn_mode3   ----- model: gp_multidimensional           
rot_amp         65          -4.4         -4.2          5.5   (15-84 p)   [  -10.0000,    10.0000]
con_amp         66          -6.4         -5.8          5.8   (15-84 p)   [  -20.0000,    20.0000]

----- dataset:  FIESTAdata_neid_mode1
jitter_0        67         0.850       -0.070        0.069   (15-84 p)   [    0.0016,    19.1206]
offset_0        68          0.02        -0.12         0.12   (15-84 p)   [-10002.5624, 10002.0726]

----- dataset: FIESTAdata_neid_mode1     ----- model: gp_multidimensional           
rot_amp         69          -4.5         -2.9          3.8   (15-84 p)   [  -10.0000,    10.0000]
con_amp         70           5.2         -1.4          1.9   (15-84 p)   [  -20.0000,    20.0000]

----- dataset:  FIESTAdata_neid_mode2
jitter_0        71         1.303       -0.095         0.11   (15-84 p)   [    0.0020,    23.1391]
offset_0        72         -0.04        -0.17         0.17   (15-84 p)   [-10003.5449, 10004.1555]

----- dataset: FIESTAdata_neid_mode2     ----- model: gp_multidimensional           
rot_amp         73           4.7         -4.7          3.7   (15-84 p)   [  -10.0000,    10.0000]
con_amp         74          -8.5         -2.7          2.3   (15-84 p)   [  -20.0000,    20.0000]

----- dataset:  FIESTAdata_neid_mode3
jitter_0        75          3.06        -0.25         0.24   (15-84 p)   [    0.0050,    57.8429]
offset_0        76          0.03        -0.32         0.37   (15-84 p)   [-10008.7119, 10006.3460]

----- dataset: FIESTAdata_neid_mode3     ----- model: gp_multidimensional           
rot_amp         77          -1.0         -6.5          7.3   (15-84 p)   [  -10.0000,    10.0000]
con_amp         78           9.3         -4.7          5.6   (15-84 p)   [  -20.0000,    20.0000]

----- common model:  b
P                0          2.88        -0.85          2.9   (15-84 p)   [    0.3785,     6.6439]
K                1          -2.2         -5.6          1.7   (15-84 p)   [   -9.9658,     3.3219]
sre_coso         2          0.05        -0.22         0.20   (15-84 p)   [   -1.0000,     1.0000]
sre_sino         3          0.02        -0.23         0.21   (15-84 p)   [   -1.0000,     1.0000]
mean_long        4           206         -106           81   (15-84 p)   [   23.1375,   383.1375]

----- common model:  c
P                5           5.3         -3.1          1.2   (15-84 p)   [    0.3785,     6.6439]
K                6         -1.42         -5.1         0.90   (15-84 p)   [   -9.9658,     3.3219]
sre_coso         7          0.02        -0.22         0.19   (15-84 p)   [   -1.0000,     1.0000]
sre_sino         8         -0.02        -0.24         0.21   (15-84 p)   [   -1.0000,     1.0000]
mean_long        9           187          -78           49   (15-84 p)   [   -4.7085,   355.2915]

----- common model:  d
P               10           3.7         -2.3          2.5   (15-84 p)   [    0.3785,     6.6439]
K               11          -4.2         -4.3          3.4   (15-84 p)   [   -9.9658,     3.3219]
sre_coso        12         -0.03        -0.21         0.24   (15-84 p)   [   -1.0000,     1.0000]
sre_sino        13         -0.04        -0.21         0.24   (15-84 p)   [   -1.0000,     1.0000]
mean_long       14           187         -111           93   (15-84 p)   [   -0.6497,   359.3503]

----- common model:  activity
Prot            15         27.98        -0.42         0.38   (15-84 p)   [   20.0000,    35.0000]
Pdec            16           619         -260          237   (15-84 p)   [   30.0000,  1000.0000]
Oamp            17         -1.49        -0.15         0.12   (15-84 p)   [   -6.6439,     0.0000]

----- common model:  star_parameters

====================================================================================================
     Statistics on the model parameters obtained from the posteriors samples     
====================================================================================================

----- dataset:  RVdata_expres
jitter_0                 1.447       -0.098         0.11    (15-84 p)
offset_0                  8.80        -0.21         0.17    (15-84 p)


----- dataset: RVdata_expres             ----- model: gp_multidimensional           
rot_amp                    7.3         -3.1          2.1    (15-84 p)
con_amp                   10.3         -3.2          3.0    (15-84 p)

----- dataset:  RVdata_harps
jitter_0                  1.50        -0.11         0.11    (15-84 p)
offset_0                  9.39        -0.22         0.22    (15-84 p)
offset_1                 10.34        -0.45         0.41    (15-84 p)


----- dataset: RVdata_harps              ----- model: gp_multidimensional           
rot_amp                    5.6         -3.3          2.9    (15-84 p)
con_amp                   12.5         -2.4          3.1    (15-84 p)

----- dataset:  RVdata_neid
jitter_0                 1.217       -0.096         0.11    (15-84 p)
offset_0                  9.64        -0.21         0.22    (15-84 p)


----- dataset: RVdata_neid               ----- model: gp_multidimensional           
rot_amp                    5.2         -3.1          2.9    (15-84 p)
con_amp                   14.1         -2.6          2.9    (15-84 p)

----- dataset:  FIESTAdata_expres_mode1
jitter_0                 0.933       -0.066        0.081    (15-84 p)
offset_0                  0.02        -0.12         0.11    (15-84 p)


----- dataset: FIESTAdata_expres_mode1   ----- model: gp_multidimensional           
rot_amp                   -7.0         -2.3          4.5    (15-84 p)
con_amp                   -5.6         -2.6          2.3    (15-84 p)

----- dataset:  FIESTAdata_expres_mode2
jitter_0                 1.221       -0.086        0.088    (15-84 p)
offset_0                 -0.02        -0.13         0.14    (15-84 p)


----- dataset: FIESTAdata_expres_mode2   ----- model: gp_multidimensional           
rot_amp                    5.8         -5.5          3.0    (15-84 p)
con_amp                    6.7         -2.6          3.2    (15-84 p)

----- dataset:  FIESTAdata_expres_mode3
jitter_0                  4.04        -0.29         0.28    (15-84 p)
offset_0                 -0.01        -0.38         0.42    (15-84 p)


----- dataset: FIESTAdata_expres_mode3   ----- model: gp_multidimensional           
rot_amp                   -0.1         -6.1          6.5    (15-84 p)
con_amp                    9.9         -5.1          5.1    (15-84 p)

----- dataset:  FIESTAdata_harps_mode1
jitter_0                  0.84        -0.11         0.12    (15-84 p)
offset_0                 -0.09        -0.18         0.20    (15-84 p)


----- dataset: FIESTAdata_harps_mode1    ----- model: gp_multidimensional           
rot_amp                   -0.6         -4.7          4.8    (15-84 p)
con_amp                    3.2         -2.3          1.9    (15-84 p)

----- dataset:  FIESTAdata_harps_mode2
jitter_0                  1.32        -0.19         0.21    (15-84 p)
offset_0                  0.06        -0.28         0.25    (15-84 p)


----- dataset: FIESTAdata_harps_mode2    ----- model: gp_multidimensional           
rot_amp                   -2.7         -5.0          5.4    (15-84 p)
con_amp                    1.1         -2.6          2.7    (15-84 p)

----- dataset:  FIESTAdata_harps_mode3
jitter_0                  4.18        -0.56         0.76    (15-84 p)
offset_0                  0.47        -0.74         0.83    (15-84 p)


----- dataset: FIESTAdata_harps_mode3    ----- model: gp_multidimensional           
rot_amp                    2.3         -7.0          5.6    (15-84 p)
con_amp                  -17.0         -2.1          3.7    (15-84 p)

----- dataset:  FIESTAdata_harpsn_mode1
jitter_0                 0.975       -0.077        0.084    (15-84 p)
offset_0                 0.007       -0.096         0.10    (15-84 p)


----- dataset: FIESTAdata_harpsn_mode1   ----- model: gp_multidimensional           
rot_amp                    0.8         -4.3          4.1    (15-84 p)
con_amp                    0.3         -1.7          1.8    (15-84 p)

----- dataset:  FIESTAdata_harpsn_mode2
jitter_0                 1.308       -0.088         0.13    (15-84 p)
offset_0                 -0.06        -0.13         0.15    (15-84 p)


----- dataset: FIESTAdata_harpsn_mode2   ----- model: gp_multidimensional           
rot_amp                    3.0         -5.1          4.6    (15-84 p)
con_amp                    1.3         -2.7          2.6    (15-84 p)

----- dataset:  FIESTAdata_harpsn_mode3
jitter_0                  3.35        -0.26         0.26    (15-84 p)
offset_0                 -0.06        -0.40         0.35    (15-84 p)


----- dataset: FIESTAdata_harpsn_mode3   ----- model: gp_multidimensional           
rot_amp                   -4.4         -4.2          5.5    (15-84 p)
con_amp                   -6.4         -5.8          5.8    (15-84 p)

----- dataset:  FIESTAdata_neid_mode1
jitter_0                 0.850       -0.070        0.069    (15-84 p)
offset_0                  0.02        -0.12         0.12    (15-84 p)


----- dataset: FIESTAdata_neid_mode1     ----- model: gp_multidimensional           
rot_amp                   -4.5         -2.9          3.8    (15-84 p)
con_amp                    5.2         -1.4          1.9    (15-84 p)

----- dataset:  FIESTAdata_neid_mode2
jitter_0                 1.303       -0.095         0.11    (15-84 p)
offset_0                 -0.04        -0.17         0.17    (15-84 p)


----- dataset: FIESTAdata_neid_mode2     ----- model: gp_multidimensional           
rot_amp                    4.7         -4.7          3.7    (15-84 p)
con_amp                   -8.5         -2.7          2.3    (15-84 p)

----- dataset:  FIESTAdata_neid_mode3
jitter_0                  3.06        -0.25         0.24    (15-84 p)
offset_0                  0.03        -0.32         0.37    (15-84 p)


----- dataset: FIESTAdata_neid_mode3     ----- model: gp_multidimensional           
rot_amp                   -1.0         -6.5          7.3    (15-84 p)
con_amp                    9.3         -4.7          5.6    (15-84 p)

----- common model:  b
P                          7.4         -3.3           47    (15-84 p)
K                         0.22        -0.22         0.49    (15-84 p)
mean_long                  206         -106           81    (15-84 p)
e                        0.068       -0.050        0.085    (15-84 p)
omega                        9         -115          101    (15-84 p)

----- common model:  c
P                           40          -35           51    (15-84 p)
K                         0.37        -0.36         0.32    (15-84 p)
mean_long                  187          -78           49    (15-84 p)
e                        0.067       -0.047        0.086    (15-84 p)
omega                      -11         -107          127    (15-84 p)

----- common model:  d
P                           13          -10           59    (15-84 p)
K                        0.055       -0.052         0.53    (15-84 p)
mean_long                  187         -111           93    (15-84 p)
e                        0.073       -0.050        0.079    (15-84 p)
omega                      -30         -102          144    (15-84 p)

----- common model:  activity
Prot                     27.98        -0.42         0.38    (15-84 p)
Pdec                       619         -260          237    (15-84 p)
Oamp                     0.357       -0.036        0.031    (15-84 p)

----- common model:  star_parameters

====================================================================================================
     Statistics on the derived parameters obtained from the posteriors samples     
====================================================================================================

----- common model:  b
Inclination fixed to 90 deg!
Computing planetary mass under the approximation M_planet << M_star (threshold at 30.0 Me)
a_Rs                      15.9         -5.2           44    (15-84 p)
M_Mj                    0.0022      -0.0022       0.0049    (15-84 p)
M_Me                      0.71        -0.70          1.6    (15-84 p)
Tc                     59337.8         -1.5           29    (15-84 p)
a_AU_(M)                 0.074       -0.024         0.21    (15-84 p)
a_AU_(rho,R)             0.074       -0.024         0.21    (15-84 p)

----- common model:  c
Inclination fixed to 90 deg!
Computing planetary mass under the approximation M_planet << M_star (threshold at 30.0 Me)
a_Rs                        49          -37           36    (15-84 p)
M_Mj                    0.0050      -0.0049       0.0077    (15-84 p)
M_Me                       1.6         -1.6          2.5    (15-84 p)
Tc                       59365          -28           32    (15-84 p)
a_AU_(M)                  0.23        -0.17         0.17    (15-84 p)
a_AU_(rho,R)              0.23        -0.17         0.17    (15-84 p)

----- common model:  d
Inclination fixed to 90 deg!
Computing planetary mass under the approximation M_planet << M_star (threshold at 30.0 Me)
a_Rs                        23          -15           50    (15-84 p)
M_Mj                   0.00057     -0.00053       0.0066    (15-84 p)
M_Me                      0.18        -0.17          2.1    (15-84 p)
Tc                     59339.1         -3.1           35    (15-84 p)
a_AU_(M)                 0.106       -0.069         0.23    (15-84 p)
a_AU_(rho,R)             0.106       -0.069         0.23    (15-84 p)


====================================================================================================
     ------------------------------------------------------------------------------------------     
====================================================================================================



35000.0   steps completed, average lnprob:,  -2550.1430782846614


Computing the autocorrelation time of the chains

***** WARNING ******
The integrated autocorrelation time cannot be reliably estimated
likely the chains are too short, and ACF analysis is not fully reliable
emcee.autocorr.integrated_time tolerance lowered to 20
If you still get a warning, you should drop these results entirely
Chains too short to apply convergence criteria
They should be at least 37150*nthin = 371500

====================================================================================================
     Statistics on the posterior of the sampler parameters     
====================================================================================================

----- dataset:  RVdata_expres
jitter_0        18          1.44        -0.11         0.11   (15-84 p)   [    0.0010,    11.5000]
offset_0        19          8.79        -0.22         0.19   (15-84 p)   [-9995.9050, 10012.5570]

----- dataset: RVdata_expres             ----- model: gp_multidimensional           
rot_amp         20           7.3         -3.2          2.0   (15-84 p)   [    0.0000,    10.0000]
con_amp         21          10.3         -3.4          3.3   (15-84 p)   [  -20.0000,    20.0000]

----- dataset:  RVdata_harps
jitter_0        22          1.49        -0.11         0.12   (15-84 p)   [    0.0009,    12.2000]
offset_0        23          9.39        -0.24         0.23   (15-84 p)   [-9994.3035, 10013.7475]
offset_1        24         10.35        -0.44         0.41   (15-84 p)   [-9994.3035, 10013.7475]

----- dataset: RVdata_harps              ----- model: gp_multidimensional           
rot_amp         25           5.4         -3.3          2.9   (15-84 p)   [    0.0000,    10.0000]
con_amp         26          12.5         -2.6          3.2   (15-84 p)   [  -20.0000,    20.0000]

----- dataset:  RVdata_neid
jitter_0        27         1.216       -0.097         0.11   (15-84 p)   [    0.0010,    12.2000]
offset_0        28          9.63        -0.23         0.24   (15-84 p)   [-9993.3866, 10013.1434]

----- dataset: RVdata_neid               ----- model: gp_multidimensional           
rot_amp         29           5.2         -3.1          2.9   (15-84 p)   [    0.0000,    10.0000]
con_amp         30          14.1         -2.7          3.1   (15-84 p)   [  -20.0000,    20.0000]

----- dataset:  FIESTAdata_expres_mode1
jitter_0        31         0.937       -0.070        0.084   (15-84 p)   [    0.0017,    18.9342]
offset_0        32          0.02        -0.12         0.12   (15-84 p)   [-10002.0587, 10002.3918]

----- dataset: FIESTAdata_expres_mode1   ----- model: gp_multidimensional           
rot_amp         33          -7.1         -2.1          4.5   (15-84 p)   [  -10.0000,    10.0000]
con_amp         34          -5.5         -2.8          2.3   (15-84 p)   [  -20.0000,    20.0000]

----- dataset:  FIESTAdata_expres_mode2
jitter_0        35         1.223       -0.092        0.088   (15-84 p)   [    0.0019,    21.6805]
offset_0        36         -0.02        -0.14         0.15   (15-84 p)   [-10003.5672, 10002.6393]

----- dataset: FIESTAdata_expres_mode2   ----- model: gp_multidimensional           
rot_amp         37           5.9         -5.8          3.1   (15-84 p)   [  -10.0000,    10.0000]
con_amp         38           6.7         -2.8          3.4   (15-84 p)   [  -20.0000,    20.0000]

----- dataset:  FIESTAdata_expres_mode3
jitter_0        39          4.04        -0.28         0.30   (15-84 p)   [    0.0045,    50.3391]
offset_0        40         -0.01        -0.38         0.42   (15-84 p)   [-10009.7207, 10010.7123]

----- dataset: FIESTAdata_expres_mode3   ----- model: gp_multidimensional           
rot_amp         41          -0.2         -6.4          6.6   (15-84 p)   [  -10.0000,    10.0000]
con_amp         42           9.6         -5.3          5.4   (15-84 p)   [  -20.0000,    20.0000]

----- dataset:  FIESTAdata_harps_mode1
jitter_0        43          0.84        -0.11         0.14   (15-84 p)   [    0.0013,    13.9050]
offset_0        44         -0.09        -0.19         0.19   (15-84 p)   [-10001.2043, 10001.7494]

----- dataset: FIESTAdata_harps_mode1    ----- model: gp_multidimensional           
rot_amp         45          -0.6         -5.0          4.5   (15-84 p)   [  -10.0000,    10.0000]
con_amp         46           3.1         -2.2          2.0   (15-84 p)   [  -20.0000,    20.0000]

----- dataset:  FIESTAdata_harps_mode2
jitter_0        47          1.33        -0.20         0.22   (15-84 p)   [    0.0016,    16.4267]
offset_0        48          0.05        -0.29         0.26   (15-84 p)   [-10002.9651, 10001.8967]

----- dataset: FIESTAdata_harps_mode2    ----- model: gp_multidimensional           
rot_amp         49          -2.9         -4.9          5.7   (15-84 p)   [  -10.0000,    10.0000]
con_amp         50           1.1         -2.6          2.8   (15-84 p)   [  -20.0000,    20.0000]

----- dataset:  FIESTAdata_harps_mode3
jitter_0        51          4.21        -0.58         0.75   (15-84 p)   [    0.0044,    47.0591]
offset_0        52          0.49        -0.82         0.90   (15-84 p)   [-10008.9121, 10007.9038]

----- dataset: FIESTAdata_harps_mode3    ----- model: gp_multidimensional           
rot_amp         53           2.2         -7.4          5.7   (15-84 p)   [  -10.0000,    10.0000]
con_amp         54         -17.1         -2.1          3.7   (15-84 p)   [  -20.0000,    20.0000]

----- dataset:  FIESTAdata_harpsn_mode1
jitter_0        55         0.975       -0.080        0.088   (15-84 p)   [    0.0011,    12.0774]
offset_0        56          0.01        -0.10         0.11   (15-84 p)   [-10002.4732, 10002.8195]

----- dataset: FIESTAdata_harpsn_mode1   ----- model: gp_multidimensional           
rot_amp         57           0.7         -4.3          4.4   (15-84 p)   [  -10.0000,    10.0000]
con_amp         58           0.3         -1.7          1.8   (15-84 p)   [  -20.0000,    20.0000]

----- dataset:  FIESTAdata_harpsn_mode2
jitter_0        59         1.315       -0.094         0.12   (15-84 p)   [    0.0012,    13.9895]
offset_0        60         -0.05        -0.14         0.15   (15-84 p)   [-10004.0119, 10002.8742]

----- dataset: FIESTAdata_harpsn_mode2   ----- model: gp_multidimensional           
rot_amp         61           3.0         -5.3          4.5   (15-84 p)   [  -10.0000,    10.0000]
con_amp         62           1.2         -2.7          2.8   (15-84 p)   [  -20.0000,    20.0000]

----- dataset:  FIESTAdata_harpsn_mode3
jitter_0        63          3.36        -0.26         0.28   (15-84 p)   [    0.0034,    39.1297]
offset_0        64         -0.06        -0.40         0.36   (15-84 p)   [-10007.4719, 10008.5960]

----- dataset: FIESTAdata_harpsn_mode3   ----- model: gp_multidimensional           
rot_amp         65          -4.4         -4.2          5.5   (15-84 p)   [  -10.0000,    10.0000]
con_amp         66          -6.7         -5.9          6.0   (15-84 p)   [  -20.0000,    20.0000]

----- dataset:  FIESTAdata_neid_mode1
jitter_0        67         0.850       -0.071        0.070   (15-84 p)   [    0.0016,    19.1206]
offset_0        68          0.02        -0.12         0.12   (15-84 p)   [-10002.5624, 10002.0726]

----- dataset: FIESTAdata_neid_mode1     ----- model: gp_multidimensional           
rot_amp         69          -4.5         -3.1          3.7   (15-84 p)   [  -10.0000,    10.0000]
con_amp         70           5.3         -1.5          2.0   (15-84 p)   [  -20.0000,    20.0000]

----- dataset:  FIESTAdata_neid_mode2
jitter_0        71         1.304       -0.099         0.10   (15-84 p)   [    0.0020,    23.1391]
offset_0        72         -0.04        -0.18         0.18   (15-84 p)   [-10003.5449, 10004.1555]

----- dataset: FIESTAdata_neid_mode2     ----- model: gp_multidimensional           
rot_amp         73           4.6         -4.7          3.8   (15-84 p)   [  -10.0000,    10.0000]
con_amp         74          -8.6         -2.8          2.5   (15-84 p)   [  -20.0000,    20.0000]

----- dataset:  FIESTAdata_neid_mode3
jitter_0        75          3.07        -0.25         0.25   (15-84 p)   [    0.0050,    57.8429]
offset_0        76          0.02        -0.33         0.37   (15-84 p)   [-10008.7119, 10006.3460]

----- dataset: FIESTAdata_neid_mode3     ----- model: gp_multidimensional           
rot_amp         77          -1.0         -6.2          7.0   (15-84 p)   [  -10.0000,    10.0000]
con_amp         78           9.2         -4.8          5.6   (15-84 p)   [  -20.0000,    20.0000]

----- common model:  b
P                0          2.84        -0.81          2.8   (15-84 p)   [    0.3785,     6.6439]
K                1          -1.8         -5.9          1.5   (15-84 p)   [   -9.9658,     3.3219]
sre_coso         2          0.04        -0.22         0.21   (15-84 p)   [   -1.0000,     1.0000]
sre_sino         3          0.01        -0.22         0.21   (15-84 p)   [   -1.0000,     1.0000]
mean_long        4           212         -113           74   (15-84 p)   [   23.1375,   383.1375]

----- common model:  c
P                5           5.3         -3.1          1.2   (15-84 p)   [    0.3785,     6.6439]
K                6         -1.37         -5.3         0.90   (15-84 p)   [   -9.9658,     3.3219]
sre_coso         7          0.02        -0.22         0.20   (15-84 p)   [   -1.0000,     1.0000]
sre_sino         8         -0.03        -0.24         0.22   (15-84 p)   [   -1.0000,     1.0000]
mean_long        9           189          -85           51   (15-84 p)   [   -4.7085,   355.2915]

----- common model:  d
P               10           3.6         -2.1          2.6   (15-84 p)   [    0.3785,     6.6439]
K               11          -3.6         -4.9          3.0   (15-84 p)   [   -9.9658,     3.3219]
sre_coso        12         -0.02        -0.21         0.22   (15-84 p)   [   -1.0000,     1.0000]
sre_sino        13         -0.05        -0.20         0.24   (15-84 p)   [   -1.0000,     1.0000]
mean_long       14           187         -107           89   (15-84 p)   [   -0.6497,   359.3503]

----- common model:  activity
Prot            15         27.98        -0.45         0.40   (15-84 p)   [   20.0000,    35.0000]
Pdec            16           610         -251          243   (15-84 p)   [   30.0000,  1000.0000]
Oamp            17         -1.49        -0.15         0.13   (15-84 p)   [   -6.6439,     0.0000]

----- common model:  star_parameters

====================================================================================================
     Statistics on the model parameters obtained from the posteriors samples     
====================================================================================================

----- dataset:  RVdata_expres
jitter_0                  1.44        -0.11         0.11    (15-84 p)
offset_0                  8.79        -0.22         0.19    (15-84 p)


----- dataset: RVdata_expres             ----- model: gp_multidimensional           
rot_amp                    7.3         -3.2          2.0    (15-84 p)
con_amp                   10.3         -3.4          3.3    (15-84 p)

----- dataset:  RVdata_harps
jitter_0                  1.49        -0.11         0.12    (15-84 p)
offset_0                  9.39        -0.24         0.23    (15-84 p)
offset_1                 10.35        -0.44         0.41    (15-84 p)


----- dataset: RVdata_harps              ----- model: gp_multidimensional           
rot_amp                    5.4         -3.3          2.9    (15-84 p)
con_amp                   12.5         -2.6          3.2    (15-84 p)

----- dataset:  RVdata_neid
jitter_0                 1.216       -0.097         0.11    (15-84 p)
offset_0                  9.63        -0.23         0.24    (15-84 p)


----- dataset: RVdata_neid               ----- model: gp_multidimensional           
rot_amp                    5.2         -3.1          2.9    (15-84 p)
con_amp                   14.1         -2.7          3.1    (15-84 p)

----- dataset:  FIESTAdata_expres_mode1
jitter_0                 0.937       -0.070        0.084    (15-84 p)
offset_0                  0.02        -0.12         0.12    (15-84 p)


----- dataset: FIESTAdata_expres_mode1   ----- model: gp_multidimensional           
rot_amp                   -7.1         -2.1          4.5    (15-84 p)
con_amp                   -5.5         -2.8          2.3    (15-84 p)

----- dataset:  FIESTAdata_expres_mode2
jitter_0                 1.223       -0.092        0.088    (15-84 p)
offset_0                 -0.02        -0.14         0.15    (15-84 p)


----- dataset: FIESTAdata_expres_mode2   ----- model: gp_multidimensional           
rot_amp                    5.9         -5.8          3.1    (15-84 p)
con_amp                    6.7         -2.8          3.4    (15-84 p)

----- dataset:  FIESTAdata_expres_mode3
jitter_0                  4.04        -0.28         0.30    (15-84 p)
offset_0                 -0.01        -0.38         0.42    (15-84 p)


----- dataset: FIESTAdata_expres_mode3   ----- model: gp_multidimensional           
rot_amp                   -0.2         -6.4          6.6    (15-84 p)
con_amp                    9.6         -5.3          5.4    (15-84 p)

----- dataset:  FIESTAdata_harps_mode1
jitter_0                  0.84        -0.11         0.14    (15-84 p)
offset_0                 -0.09        -0.19         0.19    (15-84 p)


----- dataset: FIESTAdata_harps_mode1    ----- model: gp_multidimensional           
rot_amp                   -0.6         -5.0          4.5    (15-84 p)
con_amp                    3.1         -2.2          2.0    (15-84 p)

----- dataset:  FIESTAdata_harps_mode2
jitter_0                  1.33        -0.20         0.22    (15-84 p)
offset_0                  0.05        -0.29         0.26    (15-84 p)


----- dataset: FIESTAdata_harps_mode2    ----- model: gp_multidimensional           
rot_amp                   -2.9         -4.9          5.7    (15-84 p)
con_amp                    1.1         -2.6          2.8    (15-84 p)

----- dataset:  FIESTAdata_harps_mode3
jitter_0                  4.21        -0.58         0.75    (15-84 p)
offset_0                  0.49        -0.82         0.90    (15-84 p)


----- dataset: FIESTAdata_harps_mode3    ----- model: gp_multidimensional           
rot_amp                    2.2         -7.4          5.7    (15-84 p)
con_amp                  -17.1         -2.1          3.7    (15-84 p)

----- dataset:  FIESTAdata_harpsn_mode1
jitter_0                 0.975       -0.080        0.088    (15-84 p)
offset_0                  0.01        -0.10         0.11    (15-84 p)


----- dataset: FIESTAdata_harpsn_mode1   ----- model: gp_multidimensional           
rot_amp                    0.7         -4.3          4.4    (15-84 p)
con_amp                    0.3         -1.7          1.8    (15-84 p)

----- dataset:  FIESTAdata_harpsn_mode2
jitter_0                 1.315       -0.094         0.12    (15-84 p)
offset_0                 -0.05        -0.14         0.15    (15-84 p)


----- dataset: FIESTAdata_harpsn_mode2   ----- model: gp_multidimensional           
rot_amp                    3.0         -5.3          4.5    (15-84 p)
con_amp                    1.2         -2.7          2.8    (15-84 p)

----- dataset:  FIESTAdata_harpsn_mode3
jitter_0                  3.36        -0.26         0.28    (15-84 p)
offset_0                 -0.06        -0.40         0.36    (15-84 p)


----- dataset: FIESTAdata_harpsn_mode3   ----- model: gp_multidimensional           
rot_amp                   -4.4         -4.2          5.5    (15-84 p)
con_amp                   -6.7         -5.9          6.0    (15-84 p)

----- dataset:  FIESTAdata_neid_mode1
jitter_0                 0.850       -0.071        0.070    (15-84 p)
offset_0                  0.02        -0.12         0.12    (15-84 p)


----- dataset: FIESTAdata_neid_mode1     ----- model: gp_multidimensional           
rot_amp                   -4.5         -3.1          3.7    (15-84 p)
con_amp                    5.3         -1.5          2.0    (15-84 p)

----- dataset:  FIESTAdata_neid_mode2
jitter_0                 1.304       -0.099         0.10    (15-84 p)
offset_0                 -0.04        -0.18         0.18    (15-84 p)


----- dataset: FIESTAdata_neid_mode2     ----- model: gp_multidimensional           
rot_amp                    4.6         -4.7          3.8    (15-84 p)
con_amp                   -8.6         -2.8          2.5    (15-84 p)

----- dataset:  FIESTAdata_neid_mode3
jitter_0                  3.07        -0.25         0.25    (15-84 p)
offset_0                  0.02        -0.33         0.37    (15-84 p)


----- dataset: FIESTAdata_neid_mode3     ----- model: gp_multidimensional           
rot_amp                   -1.0         -6.2          7.0    (15-84 p)
con_amp                    9.2         -4.8          5.6    (15-84 p)

----- common model:  b
P                          7.1         -3.1           43    (15-84 p)
K                         0.28        -0.28         0.49    (15-84 p)
mean_long                  212         -113           74    (15-84 p)
e                        0.068       -0.050        0.081    (15-84 p)
omega                        4         -112          111    (15-84 p)

----- common model:  c
P                           39          -34           51    (15-84 p)
K                         0.39        -0.38         0.34    (15-84 p)
mean_long                  189          -85           51    (15-84 p)
e                        0.071       -0.050        0.083    (15-84 p)
omega                      -18         -100          130    (15-84 p)

----- common model:  d
P                         12.3         -9.5           60    (15-84 p)
K                        0.083       -0.080         0.56    (15-84 p)
mean_long                  187         -107           89    (15-84 p)
e                        0.070       -0.048        0.076    (15-84 p)
omega                      -31         -103          141    (15-84 p)

----- common model:  activity
Prot                     27.98        -0.45         0.40    (15-84 p)
Pdec                       610         -251          243    (15-84 p)
Oamp                     0.355       -0.035        0.035    (15-84 p)

----- common model:  star_parameters

====================================================================================================
     Statistics on the derived parameters obtained from the posteriors samples     
====================================================================================================

----- common model:  b
Inclination fixed to 90 deg!
Computing planetary mass under the approximation M_planet << M_star (threshold at 30.0 Me)
a_Rs                      15.6         -4.9           42    (15-84 p)
M_Mj                    0.0028      -0.0028       0.0048    (15-84 p)
M_Me                      0.90        -0.88          1.5    (15-84 p)
Tc                     59337.7         -1.5           28    (15-84 p)
a_AU_(M)                 0.073       -0.023         0.19    (15-84 p)
a_AU_(rho,R)             0.073       -0.023         0.19    (15-84 p)

----- common model:  c
Inclination fixed to 90 deg!
Computing planetary mass under the approximation M_planet << M_star (threshold at 30.0 Me)
a_Rs                        48          -37           36    (15-84 p)
M_Mj                    0.0055      -0.0054       0.0071    (15-84 p)
M_Me                       1.8         -1.7          2.3    (15-84 p)
Tc                       59364          -27           32    (15-84 p)
a_AU_(M)                  0.23        -0.17         0.17    (15-84 p)
a_AU_(rho,R)              0.23        -0.17         0.17    (15-84 p)

----- common model:  d
Inclination fixed to 90 deg!
Computing planetary mass under the approximation M_planet << M_star (threshold at 30.0 Me)
a_Rs                        22          -14           50    (15-84 p)
M_Mj                   0.00088     -0.00084       0.0067    (15-84 p)
M_Me                      0.28        -0.27          2.1    (15-84 p)
Tc                     59339.1         -3.1           34    (15-84 p)
a_AU_(M)                 0.104       -0.065         0.23    (15-84 p)
a_AU_(rho,R)             0.104       -0.065         0.23    (15-84 p)


====================================================================================================
     ------------------------------------------------------------------------------------------     
====================================================================================================



70000.0   steps completed, average lnprob:,  -2546.7241570164333


emcee completed


:::---::: PyORBIT v11.0.1 :::---:::

Python version in use:
3.10.18 (main, Jun  5 2025, 13:14:17) [GCC 11.2.0]
LaTeX disabled by default

Using orbital model:  keplerian
Using orbital parametrization:  Eastman2013

Using orbital model:  keplerian
Using orbital parametrization:  Eastman2013

Using orbital model:  keplerian
Using orbital parametrization:  Eastman2013

gp_multidimensional  S+LEAF model, number of harmonics: 4

GP model: gp_multidimensional  hyperparameters_condition:    True
GP model: gp_multidimensional  rotation_decay_condition:     True

### PyORBIT version used in the analysis:  11.0.1

 emcee version:  3.1.6

 Reference Time Tref: 59334.700184

 Data points:1158
 Dimensions: 79
 Nwalkers:   316
 Steps:      70000


Number of samplings: 1738000

Recomputing ln-prior, it may take a while...

ln-probability   distribution:  -2549.08       -9.29      8.67 (15-84 p) 
ln-prior         distribution:   -361.00       -2.18      1.30 (15-84 p) 
ln-likelihood    distribution:  -2187.62       -9.34      8.61 (15-84 p) 


*** Information criteria using the likelihood distribution

 BIC from distribution  (using likelihood)  =   4932.53    -17.22   18.68 (15-84 p)
 AIC from distribution  (using likelihood)  =   4533.23    -17.22   18.68 (15-84 p)
 AICc from distribution (using likelihood)  =   4544.96    -17.22   18.68 (15-84 p)


*** Information criteria using the median parameter set

 ln_probability of Median solution =  -2532.33
 ln_priors of Median solution      =   -358.73
 ln_likelihood of Median solution  =  -2173.60

 Median BIC  (using likelihood) =   4904.50
 Median AIC  (using likelihood) =   4505.20
 Median AICc (using likelihood) =   4516.92


*** Information criteria using the MAP parameter set

 ln_probability of MAP solution =  -2518.69
 ln_priors of MAP solution      =   -359.66
 ln_likelihood of MAP solution  =  -2159.03

 MAP BIC  (using likelihood)    =   4875.36
 MAP AIC  (using likelihood)    =   4476.06
 MAP AICc (using likelihood)    =   4487.78

 AICc suggested over AIC because NDATA ( 1158 ) < 40 * NDIM ( 79 )

****************************************************************************************************


Computing the autocorrelation time of the chains

***** WARNING ******
The integrated autocorrelation time cannot be reliably estimated
likely the chains are too short, and ACF analysis is not fully reliable
emcee.autocorr.integrated_time tolerance lowered to 20
If you still get a warning, you should drop these results entirely
Chains too short to apply convergence criteria
They should be at least 37150*nthin = 371500

 ACF computation failed, no plot will be generated 


====================================================================================================
     Ids, spaces (s), boundaries (b) and priors (p) of the sampler parameters     
====================================================================================================

----- dataset:  RVdata_expres
jitter_0      id:  18  s:Linear      b:[      0.0010,      11.5000]   p:Uniform   []
offset_0      id:  19  s:Linear      b:[  -9995.9050,   10012.5570]   p:Uniform   []

----- dataset: RVdata_expres             ----- model: gp_multidimensional           
rot_amp       id:  20  s:Linear      b:[      0.0000,      10.0000]   p:Uniform   []
con_amp       id:  21  s:Linear      b:[    -20.0000,      20.0000]   p:Uniform   []

----- dataset:  RVdata_harps
jitter_0      id:  22  s:Linear      b:[      0.0009,      12.2000]   p:Uniform   []
offset_0      id:  23  s:Linear      b:[  -9994.3035,   10013.7475]   p:Uniform   []
offset_1      id:  24  s:Linear      b:[  -9994.3035,   10013.7475]   p:Uniform   []

----- dataset: RVdata_harps              ----- model: gp_multidimensional           
rot_amp       id:  25  s:Linear      b:[      0.0000,      10.0000]   p:Uniform   []
con_amp       id:  26  s:Linear      b:[    -20.0000,      20.0000]   p:Uniform   []

----- dataset:  RVdata_neid
jitter_0      id:  27  s:Linear      b:[      0.0010,      12.2000]   p:Uniform   []
offset_0      id:  28  s:Linear      b:[  -9993.3866,   10013.1434]   p:Uniform   []

----- dataset: RVdata_neid               ----- model: gp_multidimensional           
rot_amp       id:  29  s:Linear      b:[      0.0000,      10.0000]   p:Uniform   []
con_amp       id:  30  s:Linear      b:[    -20.0000,      20.0000]   p:Uniform   []

----- dataset:  FIESTAdata_expres_mode1
jitter_0      id:  31  s:Linear      b:[      0.0017,      18.9342]   p:Uniform   []
offset_0      id:  32  s:Linear      b:[ -10002.0587,   10002.3918]   p:Uniform   []

----- dataset: FIESTAdata_expres_mode1   ----- model: gp_multidimensional           
rot_amp       id:  33  s:Linear      b:[    -10.0000,      10.0000]   p:Uniform   []
con_amp       id:  34  s:Linear      b:[    -20.0000,      20.0000]   p:Uniform   []

----- dataset:  FIESTAdata_expres_mode2
jitter_0      id:  35  s:Linear      b:[      0.0019,      21.6805]   p:Uniform   []
offset_0      id:  36  s:Linear      b:[ -10003.5672,   10002.6393]   p:Uniform   []

----- dataset: FIESTAdata_expres_mode2   ----- model: gp_multidimensional           
rot_amp       id:  37  s:Linear      b:[    -10.0000,      10.0000]   p:Uniform   []
con_amp       id:  38  s:Linear      b:[    -20.0000,      20.0000]   p:Uniform   []

----- dataset:  FIESTAdata_expres_mode3
jitter_0      id:  39  s:Linear      b:[      0.0045,      50.3391]   p:Uniform   []
offset_0      id:  40  s:Linear      b:[ -10009.7207,   10010.7123]   p:Uniform   []

----- dataset: FIESTAdata_expres_mode3   ----- model: gp_multidimensional           
rot_amp       id:  41  s:Linear      b:[    -10.0000,      10.0000]   p:Uniform   []
con_amp       id:  42  s:Linear      b:[    -20.0000,      20.0000]   p:Uniform   []

----- dataset:  FIESTAdata_harps_mode1
jitter_0      id:  43  s:Linear      b:[      0.0013,      13.9050]   p:Uniform   []
offset_0      id:  44  s:Linear      b:[ -10001.2043,   10001.7494]   p:Uniform   []

----- dataset: FIESTAdata_harps_mode1    ----- model: gp_multidimensional           
rot_amp       id:  45  s:Linear      b:[    -10.0000,      10.0000]   p:Uniform   []
con_amp       id:  46  s:Linear      b:[    -20.0000,      20.0000]   p:Uniform   []

----- dataset:  FIESTAdata_harps_mode2
jitter_0      id:  47  s:Linear      b:[      0.0016,      16.4267]   p:Uniform   []
offset_0      id:  48  s:Linear      b:[ -10002.9651,   10001.8967]   p:Uniform   []

----- dataset: FIESTAdata_harps_mode2    ----- model: gp_multidimensional           
rot_amp       id:  49  s:Linear      b:[    -10.0000,      10.0000]   p:Uniform   []
con_amp       id:  50  s:Linear      b:[    -20.0000,      20.0000]   p:Uniform   []

----- dataset:  FIESTAdata_harps_mode3
jitter_0      id:  51  s:Linear      b:[      0.0044,      47.0591]   p:Uniform   []
offset_0      id:  52  s:Linear      b:[ -10008.9121,   10007.9038]   p:Uniform   []

----- dataset: FIESTAdata_harps_mode3    ----- model: gp_multidimensional           
rot_amp       id:  53  s:Linear      b:[    -10.0000,      10.0000]   p:Uniform   []
con_amp       id:  54  s:Linear      b:[    -20.0000,      20.0000]   p:Uniform   []

----- dataset:  FIESTAdata_harpsn_mode1
jitter_0      id:  55  s:Linear      b:[      0.0011,      12.0774]   p:Uniform   []
offset_0      id:  56  s:Linear      b:[ -10002.4732,   10002.8195]   p:Uniform   []

----- dataset: FIESTAdata_harpsn_mode1   ----- model: gp_multidimensional           
rot_amp       id:  57  s:Linear      b:[    -10.0000,      10.0000]   p:Uniform   []
con_amp       id:  58  s:Linear      b:[    -20.0000,      20.0000]   p:Uniform   []

----- dataset:  FIESTAdata_harpsn_mode2
jitter_0      id:  59  s:Linear      b:[      0.0012,      13.9895]   p:Uniform   []
offset_0      id:  60  s:Linear      b:[ -10004.0119,   10002.8742]   p:Uniform   []

----- dataset: FIESTAdata_harpsn_mode2   ----- model: gp_multidimensional           
rot_amp       id:  61  s:Linear      b:[    -10.0000,      10.0000]   p:Uniform   []
con_amp       id:  62  s:Linear      b:[    -20.0000,      20.0000]   p:Uniform   []

----- dataset:  FIESTAdata_harpsn_mode3
jitter_0      id:  63  s:Linear      b:[      0.0034,      39.1297]   p:Uniform   []
offset_0      id:  64  s:Linear      b:[ -10007.4719,   10008.5960]   p:Uniform   []

----- dataset: FIESTAdata_harpsn_mode3   ----- model: gp_multidimensional           
rot_amp       id:  65  s:Linear      b:[    -10.0000,      10.0000]   p:Uniform   []
con_amp       id:  66  s:Linear      b:[    -20.0000,      20.0000]   p:Uniform   []

----- dataset:  FIESTAdata_neid_mode1
jitter_0      id:  67  s:Linear      b:[      0.0016,      19.1206]   p:Uniform   []
offset_0      id:  68  s:Linear      b:[ -10002.5624,   10002.0726]   p:Uniform   []

----- dataset: FIESTAdata_neid_mode1     ----- model: gp_multidimensional           
rot_amp       id:  69  s:Linear      b:[    -10.0000,      10.0000]   p:Uniform   []
con_amp       id:  70  s:Linear      b:[    -20.0000,      20.0000]   p:Uniform   []

----- dataset:  FIESTAdata_neid_mode2
jitter_0      id:  71  s:Linear      b:[      0.0020,      23.1391]   p:Uniform   []
offset_0      id:  72  s:Linear      b:[ -10003.5449,   10004.1555]   p:Uniform   []

----- dataset: FIESTAdata_neid_mode2     ----- model: gp_multidimensional           
rot_amp       id:  73  s:Linear      b:[    -10.0000,      10.0000]   p:Uniform   []
con_amp       id:  74  s:Linear      b:[    -20.0000,      20.0000]   p:Uniform   []

----- dataset:  FIESTAdata_neid_mode3
jitter_0      id:  75  s:Linear      b:[      0.0050,      57.8429]   p:Uniform   []
offset_0      id:  76  s:Linear      b:[ -10008.7119,   10006.3460]   p:Uniform   []

----- dataset: FIESTAdata_neid_mode3     ----- model: gp_multidimensional           
rot_amp       id:  77  s:Linear      b:[    -10.0000,      10.0000]   p:Uniform   []
con_amp       id:  78  s:Linear      b:[    -20.0000,      20.0000]   p:Uniform   []

----- common model:  b
P             id:   0  s:Log_Base2   b:[      0.3785,       6.6439]   p:Uniform   []
K             id:   1  s:Log_Base2   b:[     -9.9658,       3.3219]   p:Uniform   []
sre_coso      id:   2  s:Linear      b:[     -1.0000,       1.0000]   p:Uniform   []
sre_sino      id:   3  s:Linear      b:[     -1.0000,       1.0000]   p:Uniform   []
mean_long     id:   4  s:Linear      b:[     23.1375,     383.1375]   p:Uniform   []
e             derived (no id, space, bound)                           p:Gaussian   [0.    0.098]
omega         derived (no id, space, bound)                           p:Uniform   [0.0, 360.0]

----- common model:  c
P             id:   5  s:Log_Base2   b:[      0.3785,       6.6439]   p:Uniform   []
K             id:   6  s:Log_Base2   b:[     -9.9658,       3.3219]   p:Uniform   []
sre_coso      id:   7  s:Linear      b:[     -1.0000,       1.0000]   p:Uniform   []
sre_sino      id:   8  s:Linear      b:[     -1.0000,       1.0000]   p:Uniform   []
mean_long     id:   9  s:Linear      b:[     -4.7085,     355.2915]   p:Uniform   []
e             derived (no id, space, bound)                           p:Gaussian   [0.    0.098]
omega         derived (no id, space, bound)                           p:Uniform   [0.0, 360.0]

----- common model:  d
P             id:  10  s:Log_Base2   b:[      0.3785,       6.6439]   p:Uniform   []
K             id:  11  s:Log_Base2   b:[     -9.9658,       3.3219]   p:Uniform   []
sre_coso      id:  12  s:Linear      b:[     -1.0000,       1.0000]   p:Uniform   []
sre_sino      id:  13  s:Linear      b:[     -1.0000,       1.0000]   p:Uniform   []
mean_long     id:  14  s:Linear      b:[     -0.6497,     359.3503]   p:Uniform   []
e             derived (no id, space, bound)                           p:Gaussian   [0.    0.098]
omega         derived (no id, space, bound)                           p:Uniform   [0.0, 360.0]

----- common model:  activity
Prot          id:  15  s:Linear      b:[     20.0000,      35.0000]   p:Gaussian   [28.   0.5]
Pdec          id:  16  s:Linear      b:[     30.0000,    1000.0000]   p:Uniform   []
Oamp          id:  17  s:Log_Base2   b:[     -6.6439,       0.0000]   p:Gaussian   [0.35  0.035]

----- common model:  star_parameters
mass          derived (no id, space, bound)                           p:Gaussian   [1.e+00 1.e-06]
radius        derived (no id, space, bound)                           p:Gaussian   [1.e+00 1.e-06]
density       derived (no id, space, bound)                           p:Gaussian   [1.e+00 1.e-06]


****************************************************************************************************
****************************************************************************************************

 Confidence intervals (median value, 34.135th percentile from the median on the left and right side)

====================================================================================================
     Statistics on the posterior of the sampler parameters     
====================================================================================================

----- dataset:  RVdata_expres
jitter_0        18          1.44        -0.11         0.11   (15-84 p)   [    0.0010,    11.5000]
offset_0        19          8.79        -0.22         0.19   (15-84 p)   [-9995.9050, 10012.5570]

----- dataset: RVdata_expres             ----- model: gp_multidimensional           
rot_amp         20           7.3         -3.2          2.0   (15-84 p)   [    0.0000,    10.0000]
con_amp         21          10.3         -3.4          3.3   (15-84 p)   [  -20.0000,    20.0000]

----- dataset:  RVdata_harps
jitter_0        22          1.49        -0.11         0.12   (15-84 p)   [    0.0009,    12.2000]
offset_0        23          9.39        -0.24         0.23   (15-84 p)   [-9994.3035, 10013.7475]
offset_1        24         10.35        -0.44         0.41   (15-84 p)   [-9994.3035, 10013.7475]

----- dataset: RVdata_harps              ----- model: gp_multidimensional           
rot_amp         25           5.4         -3.3          2.9   (15-84 p)   [    0.0000,    10.0000]
con_amp         26          12.5         -2.6          3.2   (15-84 p)   [  -20.0000,    20.0000]

----- dataset:  RVdata_neid
jitter_0        27         1.216       -0.097         0.11   (15-84 p)   [    0.0010,    12.2000]
offset_0        28          9.63        -0.23         0.24   (15-84 p)   [-9993.3866, 10013.1434]

----- dataset: RVdata_neid               ----- model: gp_multidimensional           
rot_amp         29           5.2         -3.1          2.9   (15-84 p)   [    0.0000,    10.0000]
con_amp         30          14.1         -2.7          3.1   (15-84 p)   [  -20.0000,    20.0000]

----- dataset:  FIESTAdata_expres_mode1
jitter_0        31         0.937       -0.070        0.084   (15-84 p)   [    0.0017,    18.9342]
offset_0        32          0.02        -0.12         0.12   (15-84 p)   [-10002.0587, 10002.3918]

----- dataset: FIESTAdata_expres_mode1   ----- model: gp_multidimensional           
rot_amp         33          -7.1         -2.1          4.5   (15-84 p)   [  -10.0000,    10.0000]
con_amp         34          -5.5         -2.8          2.3   (15-84 p)   [  -20.0000,    20.0000]

----- dataset:  FIESTAdata_expres_mode2
jitter_0        35         1.223       -0.092        0.088   (15-84 p)   [    0.0019,    21.6805]
offset_0        36         -0.02        -0.14         0.15   (15-84 p)   [-10003.5672, 10002.6393]

----- dataset: FIESTAdata_expres_mode2   ----- model: gp_multidimensional           
rot_amp         37           5.9         -5.8          3.1   (15-84 p)   [  -10.0000,    10.0000]
con_amp         38           6.7         -2.8          3.4   (15-84 p)   [  -20.0000,    20.0000]

----- dataset:  FIESTAdata_expres_mode3
jitter_0        39          4.04        -0.28         0.30   (15-84 p)   [    0.0045,    50.3391]
offset_0        40         -0.01        -0.38         0.42   (15-84 p)   [-10009.7207, 10010.7123]

----- dataset: FIESTAdata_expres_mode3   ----- model: gp_multidimensional           
rot_amp         41          -0.2         -6.4          6.6   (15-84 p)   [  -10.0000,    10.0000]
con_amp         42           9.6         -5.3          5.4   (15-84 p)   [  -20.0000,    20.0000]

----- dataset:  FIESTAdata_harps_mode1
jitter_0        43          0.84        -0.11         0.14   (15-84 p)   [    0.0013,    13.9050]
offset_0        44         -0.09        -0.19         0.19   (15-84 p)   [-10001.2043, 10001.7494]

----- dataset: FIESTAdata_harps_mode1    ----- model: gp_multidimensional           
rot_amp         45          -0.6         -5.0          4.5   (15-84 p)   [  -10.0000,    10.0000]
con_amp         46           3.1         -2.2          2.0   (15-84 p)   [  -20.0000,    20.0000]

----- dataset:  FIESTAdata_harps_mode2
jitter_0        47          1.33        -0.20         0.22   (15-84 p)   [    0.0016,    16.4267]
offset_0        48          0.05        -0.29         0.26   (15-84 p)   [-10002.9651, 10001.8967]

----- dataset: FIESTAdata_harps_mode2    ----- model: gp_multidimensional           
rot_amp         49          -2.9         -4.9          5.7   (15-84 p)   [  -10.0000,    10.0000]
con_amp         50           1.1         -2.6          2.8   (15-84 p)   [  -20.0000,    20.0000]

----- dataset:  FIESTAdata_harps_mode3
jitter_0        51          4.21        -0.58         0.75   (15-84 p)   [    0.0044,    47.0591]
offset_0        52          0.49        -0.82         0.90   (15-84 p)   [-10008.9121, 10007.9038]

----- dataset: FIESTAdata_harps_mode3    ----- model: gp_multidimensional           
rot_amp         53           2.2         -7.4          5.7   (15-84 p)   [  -10.0000,    10.0000]
con_amp         54         -17.1         -2.1          3.7   (15-84 p)   [  -20.0000,    20.0000]

----- dataset:  FIESTAdata_harpsn_mode1
jitter_0        55         0.975       -0.080        0.088   (15-84 p)   [    0.0011,    12.0774]
offset_0        56          0.01        -0.10         0.11   (15-84 p)   [-10002.4732, 10002.8195]

----- dataset: FIESTAdata_harpsn_mode1   ----- model: gp_multidimensional           
rot_amp         57           0.7         -4.3          4.4   (15-84 p)   [  -10.0000,    10.0000]
con_amp         58           0.3         -1.7          1.8   (15-84 p)   [  -20.0000,    20.0000]

----- dataset:  FIESTAdata_harpsn_mode2
jitter_0        59         1.315       -0.094         0.12   (15-84 p)   [    0.0012,    13.9895]
offset_0        60         -0.05        -0.14         0.15   (15-84 p)   [-10004.0119, 10002.8742]

----- dataset: FIESTAdata_harpsn_mode2   ----- model: gp_multidimensional           
rot_amp         61           3.0         -5.3          4.5   (15-84 p)   [  -10.0000,    10.0000]
con_amp         62           1.2         -2.7          2.8   (15-84 p)   [  -20.0000,    20.0000]

----- dataset:  FIESTAdata_harpsn_mode3
jitter_0        63          3.36        -0.26         0.28   (15-84 p)   [    0.0034,    39.1297]
offset_0        64         -0.06        -0.40         0.36   (15-84 p)   [-10007.4719, 10008.5960]

----- dataset: FIESTAdata_harpsn_mode3   ----- model: gp_multidimensional           
rot_amp         65          -4.4         -4.2          5.5   (15-84 p)   [  -10.0000,    10.0000]
con_amp         66          -6.7         -5.9          6.0   (15-84 p)   [  -20.0000,    20.0000]

----- dataset:  FIESTAdata_neid_mode1
jitter_0        67         0.850       -0.071        0.070   (15-84 p)   [    0.0016,    19.1206]
offset_0        68          0.02        -0.12         0.12   (15-84 p)   [-10002.5624, 10002.0726]

----- dataset: FIESTAdata_neid_mode1     ----- model: gp_multidimensional           
rot_amp         69          -4.5         -3.1          3.7   (15-84 p)   [  -10.0000,    10.0000]
con_amp         70           5.3         -1.5          2.0   (15-84 p)   [  -20.0000,    20.0000]

----- dataset:  FIESTAdata_neid_mode2
jitter_0        71         1.304       -0.099         0.10   (15-84 p)   [    0.0020,    23.1391]
offset_0        72         -0.04        -0.18         0.18   (15-84 p)   [-10003.5449, 10004.1555]

----- dataset: FIESTAdata_neid_mode2     ----- model: gp_multidimensional           
rot_amp         73           4.6         -4.7          3.8   (15-84 p)   [  -10.0000,    10.0000]
con_amp         74          -8.6         -2.8          2.5   (15-84 p)   [  -20.0000,    20.0000]

----- dataset:  FIESTAdata_neid_mode3
jitter_0        75          3.07        -0.25         0.25   (15-84 p)   [    0.0050,    57.8429]
offset_0        76          0.02        -0.33         0.37   (15-84 p)   [-10008.7119, 10006.3460]

----- dataset: FIESTAdata_neid_mode3     ----- model: gp_multidimensional           
rot_amp         77          -1.0         -6.2          7.0   (15-84 p)   [  -10.0000,    10.0000]
con_amp         78           9.2         -4.8          5.6   (15-84 p)   [  -20.0000,    20.0000]

----- common model:  b
P                0          2.84        -0.81          2.8   (15-84 p)   [    0.3785,     6.6439]
K                1          -1.8         -5.9          1.5   (15-84 p)   [   -9.9658,     3.3219]
sre_coso         2          0.04        -0.22         0.21   (15-84 p)   [   -1.0000,     1.0000]
sre_sino         3          0.01        -0.22         0.21   (15-84 p)   [   -1.0000,     1.0000]
mean_long        4           212         -113           74   (15-84 p)   [   23.1375,   383.1375]

----- common model:  c
P                5           5.3         -3.1          1.2   (15-84 p)   [    0.3785,     6.6439]
K                6         -1.37         -5.3         0.90   (15-84 p)   [   -9.9658,     3.3219]
sre_coso         7          0.02        -0.22         0.20   (15-84 p)   [   -1.0000,     1.0000]
sre_sino         8         -0.03        -0.24         0.22   (15-84 p)   [   -1.0000,     1.0000]
mean_long        9           189          -85           51   (15-84 p)   [   -4.7085,   355.2915]

----- common model:  d
P               10           3.6         -2.1          2.6   (15-84 p)   [    0.3785,     6.6439]
K               11          -3.6         -4.9          3.0   (15-84 p)   [   -9.9658,     3.3219]
sre_coso        12         -0.02        -0.21         0.22   (15-84 p)   [   -1.0000,     1.0000]
sre_sino        13         -0.05        -0.20         0.24   (15-84 p)   [   -1.0000,     1.0000]
mean_long       14           187         -107           89   (15-84 p)   [   -0.6497,   359.3503]

----- common model:  activity
Prot            15         27.98        -0.45         0.40   (15-84 p)   [   20.0000,    35.0000]
Pdec            16           610         -251          243   (15-84 p)   [   30.0000,  1000.0000]
Oamp            17         -1.49        -0.15         0.13   (15-84 p)   [   -6.6439,     0.0000]

----- common model:  star_parameters

====================================================================================================
     Statistics on the model parameters obtained from the posteriors samples     
====================================================================================================

----- dataset:  RVdata_expres
jitter_0                  1.44        -0.11         0.11    (15-84 p)
offset_0                  8.79        -0.22         0.19    (15-84 p)


----- dataset: RVdata_expres             ----- model: gp_multidimensional           
rot_amp                    7.3         -3.2          2.0    (15-84 p)
con_amp                   10.3         -3.4          3.3    (15-84 p)

----- dataset:  RVdata_harps
jitter_0                  1.49        -0.11         0.12    (15-84 p)
offset_0                  9.39        -0.24         0.23    (15-84 p)
offset_1                 10.35        -0.44         0.41    (15-84 p)


----- dataset: RVdata_harps              ----- model: gp_multidimensional           
rot_amp                    5.4         -3.3          2.9    (15-84 p)
con_amp                   12.5         -2.6          3.2    (15-84 p)

----- dataset:  RVdata_neid
jitter_0                 1.216       -0.097         0.11    (15-84 p)
offset_0                  9.63        -0.23         0.24    (15-84 p)


----- dataset: RVdata_neid               ----- model: gp_multidimensional           
rot_amp                    5.2         -3.1          2.9    (15-84 p)
con_amp                   14.1         -2.7          3.1    (15-84 p)

----- dataset:  FIESTAdata_expres_mode1
jitter_0                 0.937       -0.070        0.084    (15-84 p)
offset_0                  0.02        -0.12         0.12    (15-84 p)


----- dataset: FIESTAdata_expres_mode1   ----- model: gp_multidimensional           
rot_amp                   -7.1         -2.1          4.5    (15-84 p)
con_amp                   -5.5         -2.8          2.3    (15-84 p)

----- dataset:  FIESTAdata_expres_mode2
jitter_0                 1.223       -0.092        0.088    (15-84 p)
offset_0                 -0.02        -0.14         0.15    (15-84 p)


----- dataset: FIESTAdata_expres_mode2   ----- model: gp_multidimensional           
rot_amp                    5.9         -5.8          3.1    (15-84 p)
con_amp                    6.7         -2.8          3.4    (15-84 p)

----- dataset:  FIESTAdata_expres_mode3
jitter_0                  4.04        -0.28         0.30    (15-84 p)
offset_0                 -0.01        -0.38         0.42    (15-84 p)


----- dataset: FIESTAdata_expres_mode3   ----- model: gp_multidimensional           
rot_amp                   -0.2         -6.4          6.6    (15-84 p)
con_amp                    9.6         -5.3          5.4    (15-84 p)

----- dataset:  FIESTAdata_harps_mode1
jitter_0                  0.84        -0.11         0.14    (15-84 p)
offset_0                 -0.09        -0.19         0.19    (15-84 p)


----- dataset: FIESTAdata_harps_mode1    ----- model: gp_multidimensional           
rot_amp                   -0.6         -5.0          4.5    (15-84 p)
con_amp                    3.1         -2.2          2.0    (15-84 p)

----- dataset:  FIESTAdata_harps_mode2
jitter_0                  1.33        -0.20         0.22    (15-84 p)
offset_0                  0.05        -0.29         0.26    (15-84 p)


----- dataset: FIESTAdata_harps_mode2    ----- model: gp_multidimensional           
rot_amp                   -2.9         -4.9          5.7    (15-84 p)
con_amp                    1.1         -2.6          2.8    (15-84 p)

----- dataset:  FIESTAdata_harps_mode3
jitter_0                  4.21        -0.58         0.75    (15-84 p)
offset_0                  0.49        -0.82         0.90    (15-84 p)


----- dataset: FIESTAdata_harps_mode3    ----- model: gp_multidimensional           
rot_amp                    2.2         -7.4          5.7    (15-84 p)
con_amp                  -17.1         -2.1          3.7    (15-84 p)

----- dataset:  FIESTAdata_harpsn_mode1
jitter_0                 0.975       -0.080        0.088    (15-84 p)
offset_0                  0.01        -0.10         0.11    (15-84 p)


----- dataset: FIESTAdata_harpsn_mode1   ----- model: gp_multidimensional           
rot_amp                    0.7         -4.3          4.4    (15-84 p)
con_amp                    0.3         -1.7          1.8    (15-84 p)

----- dataset:  FIESTAdata_harpsn_mode2
jitter_0                 1.315       -0.094         0.12    (15-84 p)
offset_0                 -0.05        -0.14         0.15    (15-84 p)


----- dataset: FIESTAdata_harpsn_mode2   ----- model: gp_multidimensional           
rot_amp                    3.0         -5.3          4.5    (15-84 p)
con_amp                    1.2         -2.7          2.8    (15-84 p)

----- dataset:  FIESTAdata_harpsn_mode3
jitter_0                  3.36        -0.26         0.28    (15-84 p)
offset_0                 -0.06        -0.40         0.36    (15-84 p)


----- dataset: FIESTAdata_harpsn_mode3   ----- model: gp_multidimensional           
rot_amp                   -4.4         -4.2          5.5    (15-84 p)
con_amp                   -6.7         -5.9          6.0    (15-84 p)

----- dataset:  FIESTAdata_neid_mode1
jitter_0                 0.850       -0.071        0.070    (15-84 p)
offset_0                  0.02        -0.12         0.12    (15-84 p)


----- dataset: FIESTAdata_neid_mode1     ----- model: gp_multidimensional           
rot_amp                   -4.5         -3.1          3.7    (15-84 p)
con_amp                    5.3         -1.5          2.0    (15-84 p)

----- dataset:  FIESTAdata_neid_mode2
jitter_0                 1.304       -0.099         0.10    (15-84 p)
offset_0                 -0.04        -0.18         0.18    (15-84 p)


----- dataset: FIESTAdata_neid_mode2     ----- model: gp_multidimensional           
rot_amp                    4.6         -4.7          3.8    (15-84 p)
con_amp                   -8.6         -2.8          2.5    (15-84 p)

----- dataset:  FIESTAdata_neid_mode3
jitter_0                  3.07        -0.25         0.25    (15-84 p)
offset_0                  0.02        -0.33         0.37    (15-84 p)


----- dataset: FIESTAdata_neid_mode3     ----- model: gp_multidimensional           
rot_amp                   -1.0         -6.2          7.0    (15-84 p)
con_amp                    9.2         -4.8          5.6    (15-84 p)

----- common model:  b
P                          7.1         -3.1           43    (15-84 p)
K                         0.28        -0.28         0.49    (15-84 p)
mean_long                  226          -99           93    (15-84 p)
e                        0.068       -0.050        0.081    (15-84 p)
omega                      -41         -130          107    (15-84 p)

----- common model:  c
P                           39          -34           51    (15-84 p)
K                         0.39        -0.38         0.34    (15-84 p)
mean_long                  187          -88           49    (15-84 p)
e                        0.071       -0.050        0.083    (15-84 p)
omega                      -73         -115          119    (15-84 p)

----- common model:  d
P                         12.3         -9.5           60    (15-84 p)
K                        0.083       -0.080         0.56    (15-84 p)
mean_long                  233          -85          150    (15-84 p)
e                        0.070       -0.048        0.076    (15-84 p)
omega                     -114         -110          118    (15-84 p)

----- common model:  activity
Prot                     27.98        -0.45         0.40    (15-84 p)
Pdec                       610         -251          243    (15-84 p)
Oamp                     0.355       -0.035        0.035    (15-84 p)

----- common model:  star_parameters

====================================================================================================
     Statistics on the derived parameters obtained from the posteriors samples     
====================================================================================================

----- common model:  b
Inclination fixed to 90 deg!
Computing planetary mass under the approximation M_planet << M_star (threshold at 30.0 Me)
a_Rs                      15.6         -4.9           42    (15-84 p)
M_Mj                    0.0028      -0.0028       0.0048    (15-84 p)
M_Me                      0.90        -0.88          1.5    (15-84 p)
Tc                     59337.7         -1.5           28    (15-84 p)
a_AU_(M)                 0.073       -0.023         0.19    (15-84 p)
a_AU_(rho,R)             0.073       -0.023         0.19    (15-84 p)

----- common model:  c
Inclination fixed to 90 deg!
Computing planetary mass under the approximation M_planet << M_star (threshold at 30.0 Me)
a_Rs                        48          -37           36    (15-84 p)
M_Mj                    0.0055      -0.0054       0.0071    (15-84 p)
M_Me                       1.8         -1.7          2.3    (15-84 p)
Tc                       59364          -27           32    (15-84 p)
a_AU_(M)                  0.23        -0.17         0.17    (15-84 p)
a_AU_(rho,R)              0.23        -0.17         0.17    (15-84 p)

----- common model:  d
Inclination fixed to 90 deg!
Computing planetary mass under the approximation M_planet << M_star (threshold at 30.0 Me)
a_Rs                        22          -14           50    (15-84 p)
M_Mj                   0.00088     -0.00084       0.0067    (15-84 p)
M_Me                      0.28        -0.27          2.1    (15-84 p)
Tc                     59339.1         -3.1           34    (15-84 p)
a_AU_(M)                 0.104       -0.065         0.23    (15-84 p)
a_AU_(rho,R)             0.104       -0.065         0.23    (15-84 p)


====================================================================================================
     ------------------------------------------------------------------------------------------     
====================================================================================================



****************************************************************************************************

 Parameters corresponding to the Maximum a Posteriori probability ( -2518.6871387681485 )

====================================================================================================
     Statistics on the posterior of the sampler parameters     
====================================================================================================

----- dataset:  RVdata_expres
jitter_0        18      1.382712 [    0.0010,    11.5000]
offset_0        19      8.861412 [-9995.9050, 10012.5570]

----- dataset: RVdata_expres             ----- model: gp_multidimensional           
rot_amp         20      6.276365 [    0.0000,    10.0000]
con_amp         21     13.472389 [  -20.0000,    20.0000]

----- dataset:  RVdata_harps
jitter_0        22      1.273950 [    0.0009,    12.2000]
offset_0        23      9.323271 [-9994.3035, 10013.7475]
offset_1        24     10.076979 [-9994.3035, 10013.7475]

----- dataset: RVdata_harps              ----- model: gp_multidimensional           
rot_amp         25      4.770232 [    0.0000,    10.0000]
con_amp         26     12.967468 [  -20.0000,    20.0000]

----- dataset:  RVdata_neid
jitter_0        27      1.189543 [    0.0010,    12.2000]
offset_0        28      9.428208 [-9993.3866, 10013.1434]

----- dataset: RVdata_neid               ----- model: gp_multidimensional           
rot_amp         29      5.575056 [    0.0000,    10.0000]
con_amp         30     16.264881 [  -20.0000,    20.0000]

----- dataset:  FIESTAdata_expres_mode1
jitter_0        31      0.909379 [    0.0017,    18.9342]
offset_0        32     -0.115520 [-10002.0587, 10002.3918]

----- dataset: FIESTAdata_expres_mode1   ----- model: gp_multidimensional           
rot_amp         33     -9.635730 [  -10.0000,    10.0000]
con_amp         34     -3.484677 [  -20.0000,    20.0000]

----- dataset:  FIESTAdata_expres_mode2
jitter_0        35      1.267221 [    0.0019,    21.6805]
offset_0        36     -0.192865 [-10003.5672, 10002.6393]

----- dataset: FIESTAdata_expres_mode2   ----- model: gp_multidimensional           
rot_amp         37      8.945105 [  -10.0000,    10.0000]
con_amp         38      2.816104 [  -20.0000,    20.0000]

----- dataset:  FIESTAdata_expres_mode3
jitter_0        39      4.131946 [    0.0045,    50.3391]
offset_0        40     -0.055957 [-10009.7207, 10010.7123]

----- dataset: FIESTAdata_expres_mode3   ----- model: gp_multidimensional           
rot_amp         41     -0.476336 [  -10.0000,    10.0000]
con_amp         42      9.203735 [  -20.0000,    20.0000]

----- dataset:  FIESTAdata_harps_mode1
jitter_0        43      0.785751 [    0.0013,    13.9050]
offset_0        44     -0.187300 [-10001.2043, 10001.7494]

----- dataset: FIESTAdata_harps_mode1    ----- model: gp_multidimensional           
rot_amp         45      4.129856 [  -10.0000,    10.0000]
con_amp         46      2.830471 [  -20.0000,    20.0000]

----- dataset:  FIESTAdata_harps_mode2
jitter_0        47      1.514112 [    0.0016,    16.4267]
offset_0        48     -0.128135 [-10002.9651, 10001.8967]

----- dataset: FIESTAdata_harps_mode2    ----- model: gp_multidimensional           
rot_amp         49     -0.269827 [  -10.0000,    10.0000]
con_amp         50      0.188969 [  -20.0000,    20.0000]

----- dataset:  FIESTAdata_harps_mode3
jitter_0        51      5.072894 [    0.0044,    47.0591]
offset_0        52      0.756533 [-10008.9121, 10007.9038]

----- dataset: FIESTAdata_harps_mode3    ----- model: gp_multidimensional           
rot_amp         53      0.983639 [  -10.0000,    10.0000]
con_amp         54    -11.765147 [  -20.0000,    20.0000]

----- dataset:  FIESTAdata_harpsn_mode1
jitter_0        55      0.932545 [    0.0011,    12.0774]
offset_0        56     -0.100579 [-10002.4732, 10002.8195]

----- dataset: FIESTAdata_harpsn_mode1   ----- model: gp_multidimensional           
rot_amp         57     -0.168449 [  -10.0000,    10.0000]
con_amp         58      2.204194 [  -20.0000,    20.0000]

----- dataset:  FIESTAdata_harpsn_mode2
jitter_0        59      1.177238 [    0.0012,    13.9895]
offset_0        60     -0.122041 [-10004.0119, 10002.8742]

----- dataset: FIESTAdata_harpsn_mode2   ----- model: gp_multidimensional           
rot_amp         61     -1.840046 [  -10.0000,    10.0000]
con_amp         62      4.560072 [  -20.0000,    20.0000]

----- dataset:  FIESTAdata_harpsn_mode3
jitter_0        63      3.633836 [    0.0034,    39.1297]
offset_0        64      0.357200 [-10007.4719, 10008.5960]

----- dataset: FIESTAdata_harpsn_mode3   ----- model: gp_multidimensional           
rot_amp         65     -8.956066 [  -10.0000,    10.0000]
con_amp         66     -5.829996 [  -20.0000,    20.0000]

----- dataset:  FIESTAdata_neid_mode1
jitter_0        67      0.865696 [    0.0016,    19.1206]
offset_0        68      0.094692 [-10002.5624, 10002.0726]

----- dataset: FIESTAdata_neid_mode1     ----- model: gp_multidimensional           
rot_amp         69     -3.712490 [  -10.0000,    10.0000]
con_amp         70      5.786987 [  -20.0000,    20.0000]

----- dataset:  FIESTAdata_neid_mode2
jitter_0        71      1.411689 [    0.0020,    23.1391]
offset_0        72     -0.135494 [-10003.5449, 10004.1555]

----- dataset: FIESTAdata_neid_mode2     ----- model: gp_multidimensional           
rot_amp         73      3.261071 [  -10.0000,    10.0000]
con_amp         74     -6.597614 [  -20.0000,    20.0000]

----- dataset:  FIESTAdata_neid_mode3
jitter_0        75      3.289918 [    0.0050,    57.8429]
offset_0        76      0.009708 [-10008.7119, 10006.3460]

----- dataset: FIESTAdata_neid_mode3     ----- model: gp_multidimensional           
rot_amp         77     -4.515439 [  -10.0000,    10.0000]
con_amp         78      8.995972 [  -20.0000,    20.0000]

----- common model:  b
P                0      2.224534 [    0.3785,     6.6439]
K                1      0.018644 [   -9.9658,     3.3219]
sre_coso         2      0.175187 [   -1.0000,     1.0000]
sre_sino         3     -0.289715 [   -1.0000,     1.0000]
mean_long        4    234.364254 [   23.1375,   383.1375]

----- common model:  c
P                5      5.221679 [    0.3785,     6.6439]
K                6     -0.432168 [   -9.9658,     3.3219]
sre_coso         7      0.045343 [   -1.0000,     1.0000]
sre_sino         8     -0.220231 [   -1.0000,     1.0000]
mean_long        9    153.815473 [   -4.7085,   355.2915]

----- common model:  d
P               10      6.011400 [    0.3785,     6.6439]
K               11     -5.937663 [   -9.9658,     3.3219]
sre_coso        12     -0.056081 [   -1.0000,     1.0000]
sre_sino        13     -0.157555 [   -1.0000,     1.0000]
mean_long       14    276.154748 [   -0.6497,   359.3503]

----- common model:  activity
Prot            15     27.799011 [   20.0000,    35.0000]
Pdec            16    345.133267 [   30.0000,  1000.0000]
Oamp            17     -1.510257 [   -6.6439,     0.0000]

----- common model:  star_parameters

====================================================================================================
     Statistics on the model parameters obtained from the posteriors samples     
====================================================================================================

----- dataset:  RVdata_expres
jitter_0              1.382712 
offset_0              8.861412 


----- dataset: RVdata_expres             ----- model: gp_multidimensional           
rot_amp               6.276365 
con_amp              13.472389 

----- dataset:  RVdata_harps
jitter_0              1.273950 
offset_0              9.323271 
offset_1             10.076979 


----- dataset: RVdata_harps              ----- model: gp_multidimensional           
rot_amp               4.770232 
con_amp              12.967468 

----- dataset:  RVdata_neid
jitter_0              1.189543 
offset_0              9.428208 


----- dataset: RVdata_neid               ----- model: gp_multidimensional           
rot_amp               5.575056 
con_amp              16.264881 

----- dataset:  FIESTAdata_expres_mode1
jitter_0              0.909379 
offset_0             -0.115520 


----- dataset: FIESTAdata_expres_mode1   ----- model: gp_multidimensional           
rot_amp              -9.635730 
con_amp              -3.484677 

----- dataset:  FIESTAdata_expres_mode2
jitter_0              1.267221 
offset_0             -0.192865 


----- dataset: FIESTAdata_expres_mode2   ----- model: gp_multidimensional           
rot_amp               8.945105 
con_amp               2.816104 

----- dataset:  FIESTAdata_expres_mode3
jitter_0              4.131946 
offset_0             -0.055957 


----- dataset: FIESTAdata_expres_mode3   ----- model: gp_multidimensional           
rot_amp              -0.476336 
con_amp               9.203735 

----- dataset:  FIESTAdata_harps_mode1
jitter_0              0.785751 
offset_0             -0.187300 


----- dataset: FIESTAdata_harps_mode1    ----- model: gp_multidimensional           
rot_amp               4.129856 
con_amp               2.830471 

----- dataset:  FIESTAdata_harps_mode2
jitter_0              1.514112 
offset_0             -0.128135 


----- dataset: FIESTAdata_harps_mode2    ----- model: gp_multidimensional           
rot_amp              -0.269827 
con_amp               0.188969 

----- dataset:  FIESTAdata_harps_mode3
jitter_0              5.072894 
offset_0              0.756533 


----- dataset: FIESTAdata_harps_mode3    ----- model: gp_multidimensional           
rot_amp               0.983639 
con_amp             -11.765147 

----- dataset:  FIESTAdata_harpsn_mode1
jitter_0              0.932545 
offset_0             -0.100579 


----- dataset: FIESTAdata_harpsn_mode1   ----- model: gp_multidimensional           
rot_amp              -0.168449 
con_amp               2.204194 

----- dataset:  FIESTAdata_harpsn_mode2
jitter_0              1.177238 
offset_0             -0.122041 


----- dataset: FIESTAdata_harpsn_mode2   ----- model: gp_multidimensional           
rot_amp              -1.840046 
con_amp               4.560072 

----- dataset:  FIESTAdata_harpsn_mode3
jitter_0              3.633836 
offset_0              0.357200 


----- dataset: FIESTAdata_harpsn_mode3   ----- model: gp_multidimensional           
rot_amp              -8.956066 
con_amp              -5.829996 

----- dataset:  FIESTAdata_neid_mode1
jitter_0              0.865696 
offset_0              0.094692 


----- dataset: FIESTAdata_neid_mode1     ----- model: gp_multidimensional           
rot_amp              -3.712490 
con_amp               5.786987 

----- dataset:  FIESTAdata_neid_mode2
jitter_0              1.411689 
offset_0             -0.135494 


----- dataset: FIESTAdata_neid_mode2     ----- model: gp_multidimensional           
rot_amp               3.261071 
con_amp              -6.597614 

----- dataset:  FIESTAdata_neid_mode3
jitter_0              3.289918 
offset_0              0.009708 


----- dataset: FIESTAdata_neid_mode3     ----- model: gp_multidimensional           
rot_amp              -4.515439 
con_amp               8.995972 

----- common model:  b
P                     4.673600 
K                     1.013007 
mean_long           234.364254 
e                     0.114625 
omega               -58.839190 

----- common model:  c
P                    37.314877 
K                     0.741147 
mean_long           153.815473 
e                     0.050558 
omega               -78.366004 

----- common model:  d
P                    64.507714 
K                     0.016315 
mean_long           276.154748 
e                     0.027969 
omega              -109.593005 

----- common model:  activity
Prot                 27.799011 
Pdec                345.133267 
Oamp                  0.351049 

----- common model:  star_parameters

====================================================================================================
     Statistics on the derived parameters obtained from the posteriors samples     
====================================================================================================

----- common model:  b
Inclination fixed to 90 deg!
a_Rs                 11.758443 
M_Mj                  0.008277 
M_Me                  2.631129 
Tc                59337.404483 
a_AU_(M)              0.054706 
a_AU_(rho,R)          0.054706 

----- common model:  c
Inclination fixed to 90 deg!
a_Rs                 46.971843 
M_Mj                  0.012168 
M_Me                  3.868081 
Tc                59365.274683 
a_AU_(M)              0.218537 
a_AU_(rho,R)          0.218535 

----- common model:  d
Inclination fixed to 90 deg!
a_Rs                 67.658692 
M_Mj                  0.000322 
M_Me                  0.102283 
Tc                59366.047636 
a_AU_(M)              0.314781 
a_AU_(rho,R)          0.314780 


====================================================================================================
     ------------------------------------------------------------------------------------------     
====================================================================================================



****************************************************************************************************

 Parameters corresponding to the sample closest to the median values ( -2545.31873143197 )

====================================================================================================
     Statistics on the posterior of the sampler parameters     
====================================================================================================

----- dataset:  RVdata_expres
jitter_0        18      1.472007 [    0.0010,    11.5000]
offset_0        19      8.833660 [-9995.9050, 10012.5570]

----- dataset: RVdata_expres             ----- model: gp_multidimensional           
rot_amp         20      8.357616 [    0.0000,    10.0000]
con_amp         21      7.746120 [  -20.0000,    20.0000]

----- dataset:  RVdata_harps
jitter_0        22      1.567923 [    0.0009,    12.2000]
offset_0        23      9.431735 [-9994.3035, 10013.7475]
offset_1        24     10.042239 [-9994.3035, 10013.7475]

----- dataset: RVdata_harps              ----- model: gp_multidimensional           
rot_amp         25      5.950447 [    0.0000,    10.0000]
con_amp         26      9.379948 [  -20.0000,    20.0000]

----- dataset:  RVdata_neid
jitter_0        27      1.205337 [    0.0010,    12.2000]
offset_0        28      9.744228 [-9993.3866, 10013.1434]

----- dataset: RVdata_neid               ----- model: gp_multidimensional           
rot_amp         29      4.050527 [    0.0000,    10.0000]
con_amp         30     12.565309 [  -20.0000,    20.0000]

----- dataset:  FIESTAdata_expres_mode1
jitter_0        31      1.067454 [    0.0017,    18.9342]
offset_0        32      0.041567 [-10002.0587, 10002.3918]

----- dataset: FIESTAdata_expres_mode1   ----- model: gp_multidimensional           
rot_amp         33     -7.108186 [  -10.0000,    10.0000]
con_amp         34     -4.629621 [  -20.0000,    20.0000]

----- dataset:  FIESTAdata_expres_mode2
jitter_0        35      1.309123 [    0.0019,    21.6805]
offset_0        36     -0.102460 [-10003.5672, 10002.6393]

----- dataset: FIESTAdata_expres_mode2   ----- model: gp_multidimensional           
rot_amp         37      6.342839 [  -10.0000,    10.0000]
con_amp         38      3.285561 [  -20.0000,    20.0000]

----- dataset:  FIESTAdata_expres_mode3
jitter_0        39      4.123699 [    0.0045,    50.3391]
offset_0        40      0.785180 [-10009.7207, 10010.7123]

----- dataset: FIESTAdata_expres_mode3   ----- model: gp_multidimensional           
rot_amp         41     -1.764651 [  -10.0000,    10.0000]
con_amp         42     13.074843 [  -20.0000,    20.0000]

----- dataset:  FIESTAdata_harps_mode1
jitter_0        43      0.855468 [    0.0013,    13.9050]
offset_0        44     -0.032283 [-10001.2043, 10001.7494]

----- dataset: FIESTAdata_harps_mode1    ----- model: gp_multidimensional           
rot_amp         45     -2.702758 [  -10.0000,    10.0000]
con_amp         46      2.731663 [  -20.0000,    20.0000]

----- dataset:  FIESTAdata_harps_mode2
jitter_0        47      1.277132 [    0.0016,    16.4267]
offset_0        48     -0.308996 [-10002.9651, 10001.8967]

----- dataset: FIESTAdata_harps_mode2    ----- model: gp_multidimensional           
rot_amp         49     -6.185622 [  -10.0000,    10.0000]
con_amp         50     -0.673385 [  -20.0000,    20.0000]

----- dataset:  FIESTAdata_harps_mode3
jitter_0        51      5.199172 [    0.0044,    47.0591]
offset_0        52      0.196086 [-10008.9121, 10007.9038]

----- dataset: FIESTAdata_harps_mode3    ----- model: gp_multidimensional           
rot_amp         53     -0.712503 [  -10.0000,    10.0000]
con_amp         54    -16.982044 [  -20.0000,    20.0000]

----- dataset:  FIESTAdata_harpsn_mode1
jitter_0        55      0.852683 [    0.0011,    12.0774]
offset_0        56      0.001891 [-10002.4732, 10002.8195]

----- dataset: FIESTAdata_harpsn_mode1   ----- model: gp_multidimensional           
rot_amp         57      1.025383 [  -10.0000,    10.0000]
con_amp         58     -0.396338 [  -20.0000,    20.0000]

----- dataset:  FIESTAdata_harpsn_mode2
jitter_0        59      1.375680 [    0.0012,    13.9895]
offset_0        60     -0.127785 [-10004.0119, 10002.8742]

----- dataset: FIESTAdata_harpsn_mode2   ----- model: gp_multidimensional           
rot_amp         61      2.275038 [  -10.0000,    10.0000]
con_amp         62     -2.209012 [  -20.0000,    20.0000]

----- dataset:  FIESTAdata_harpsn_mode3
jitter_0        63      3.382777 [    0.0034,    39.1297]
offset_0        64     -0.195132 [-10007.4719, 10008.5960]

----- dataset: FIESTAdata_harpsn_mode3   ----- model: gp_multidimensional           
rot_amp         65     -5.193777 [  -10.0000,    10.0000]
con_amp         66     -9.260228 [  -20.0000,    20.0000]

----- dataset:  FIESTAdata_neid_mode1
jitter_0        67      0.781233 [    0.0016,    19.1206]
offset_0        68     -0.088493 [-10002.5624, 10002.0726]

----- dataset: FIESTAdata_neid_mode1     ----- model: gp_multidimensional           
rot_amp         69     -6.287906 [  -10.0000,    10.0000]
con_amp         70      3.959936 [  -20.0000,    20.0000]

----- dataset:  FIESTAdata_neid_mode2
jitter_0        71      1.307250 [    0.0020,    23.1391]
offset_0        72     -0.116228 [-10003.5449, 10004.1555]

----- dataset: FIESTAdata_neid_mode2     ----- model: gp_multidimensional           
rot_amp         73      4.384388 [  -10.0000,    10.0000]
con_amp         74     -6.806374 [  -20.0000,    20.0000]

----- dataset:  FIESTAdata_neid_mode3
jitter_0        75      3.140553 [    0.0050,    57.8429]
offset_0        76     -0.112392 [-10008.7119, 10006.3460]

----- dataset: FIESTAdata_neid_mode3     ----- model: gp_multidimensional           
rot_amp         77     -3.545396 [  -10.0000,    10.0000]
con_amp         78      8.539206 [  -20.0000,    20.0000]

----- common model:  b
P                0      3.157867 [    0.3785,     6.6439]
K                1     -1.814081 [   -9.9658,     3.3219]
sre_coso         2      0.132285 [   -1.0000,     1.0000]
sre_sino         3     -0.102295 [   -1.0000,     1.0000]
mean_long        4    282.075353 [   23.1375,   383.1375]

----- common model:  c
P                5      4.665628 [    0.3785,     6.6439]
K                6     -2.543852 [   -9.9658,     3.3219]
sre_coso         7     -0.089448 [   -1.0000,     1.0000]
sre_sino         8      0.134287 [   -1.0000,     1.0000]
mean_long        9    135.139597 [   -4.7085,   355.2915]

----- common model:  d
P               10      5.164693 [    0.3785,     6.6439]
K               11     -4.485600 [   -9.9658,     3.3219]
sre_coso        12     -0.297313 [   -1.0000,     1.0000]
sre_sino        13      0.182646 [   -1.0000,     1.0000]
mean_long       14    179.770748 [   -0.6497,   359.3503]

----- common model:  activity
Prot            15     27.372923 [   20.0000,    35.0000]
Pdec            16    693.051537 [   30.0000,  1000.0000]
Oamp            17     -1.621252 [   -6.6439,     0.0000]

----- common model:  star_parameters

====================================================================================================
     Statistics on the model parameters obtained from the posteriors samples     
====================================================================================================

----- dataset:  RVdata_expres
jitter_0              1.472007 
offset_0              8.833660 


----- dataset: RVdata_expres             ----- model: gp_multidimensional           
rot_amp               8.357616 
con_amp               7.746120 

----- dataset:  RVdata_harps
jitter_0              1.567923 
offset_0              9.431735 
offset_1             10.042239 


----- dataset: RVdata_harps              ----- model: gp_multidimensional           
rot_amp               5.950447 
con_amp               9.379948 

----- dataset:  RVdata_neid
jitter_0              1.205337 
offset_0              9.744228 


----- dataset: RVdata_neid               ----- model: gp_multidimensional           
rot_amp               4.050527 
con_amp              12.565309 

----- dataset:  FIESTAdata_expres_mode1
jitter_0              1.067454 
offset_0              0.041567 


----- dataset: FIESTAdata_expres_mode1   ----- model: gp_multidimensional           
rot_amp              -7.108186 
con_amp              -4.629621 

----- dataset:  FIESTAdata_expres_mode2
jitter_0              1.309123 
offset_0             -0.102460 


----- dataset: FIESTAdata_expres_mode2   ----- model: gp_multidimensional           
rot_amp               6.342839 
con_amp               3.285561 

----- dataset:  FIESTAdata_expres_mode3
jitter_0              4.123699 
offset_0              0.785180 


----- dataset: FIESTAdata_expres_mode3   ----- model: gp_multidimensional           
rot_amp              -1.764651 
con_amp              13.074843 

----- dataset:  FIESTAdata_harps_mode1
jitter_0              0.855468 
offset_0             -0.032283 


----- dataset: FIESTAdata_harps_mode1    ----- model: gp_multidimensional           
rot_amp              -2.702758 
con_amp               2.731663 

----- dataset:  FIESTAdata_harps_mode2
jitter_0              1.277132 
offset_0             -0.308996 


----- dataset: FIESTAdata_harps_mode2    ----- model: gp_multidimensional           
rot_amp              -6.185622 
con_amp              -0.673385 

----- dataset:  FIESTAdata_harps_mode3
jitter_0              5.199172 
offset_0              0.196086 


----- dataset: FIESTAdata_harps_mode3    ----- model: gp_multidimensional           
rot_amp              -0.712503 
con_amp             -16.982044 

----- dataset:  FIESTAdata_harpsn_mode1
jitter_0              0.852683 
offset_0              0.001891 


----- dataset: FIESTAdata_harpsn_mode1   ----- model: gp_multidimensional           
rot_amp               1.025383 
con_amp              -0.396338 

----- dataset:  FIESTAdata_harpsn_mode2
jitter_0              1.375680 
offset_0             -0.127785 


----- dataset: FIESTAdata_harpsn_mode2   ----- model: gp_multidimensional           
rot_amp               2.275038 
con_amp              -2.209012 

----- dataset:  FIESTAdata_harpsn_mode3
jitter_0              3.382777 
offset_0             -0.195132 


----- dataset: FIESTAdata_harpsn_mode3   ----- model: gp_multidimensional           
rot_amp              -5.193777 
con_amp              -9.260228 

----- dataset:  FIESTAdata_neid_mode1
jitter_0              0.781233 
offset_0             -0.088493 


----- dataset: FIESTAdata_neid_mode1     ----- model: gp_multidimensional           
rot_amp              -6.287906 
con_amp               3.959936 

----- dataset:  FIESTAdata_neid_mode2
jitter_0              1.307250 
offset_0             -0.116228 


----- dataset: FIESTAdata_neid_mode2     ----- model: gp_multidimensional           
rot_amp               4.384388 
con_amp              -6.806374 

----- dataset:  FIESTAdata_neid_mode3
jitter_0              3.140553 
offset_0             -0.112392 


----- dataset: FIESTAdata_neid_mode3     ----- model: gp_multidimensional           
rot_amp              -3.545396 
con_amp               8.539206 

----- common model:  b
P                     8.925089 
K                     0.284385 
mean_long           282.075353 
e                     0.027964 
omega               -37.714638 

----- common model:  c
P                    25.380143 
K                     0.171484 
mean_long           135.139597 
e                     0.026034 
omega               123.667496 

----- common model:  d
P                    35.869687 
K                     0.044637 
mean_long           179.770748 
e                     0.121754 
omega               148.436646 

----- common model:  activity
Prot                 27.372923 
Pdec                693.051537 
Oamp                  0.325053 

----- common model:  star_parameters

====================================================================================================
     Statistics on the derived parameters obtained from the posteriors samples     
====================================================================================================

----- common model:  b
Inclination fixed to 90 deg!
a_Rs                 18.099133 
M_Mj                  0.002901 
M_Me                  0.922129 
Tc                59338.799702 
a_AU_(M)              0.084206 
a_AU_(rho,R)          0.084206 

----- common model:  c
Inclination fixed to 90 deg!
a_Rs                 36.328355 
M_Mj                  0.002478 
M_Me                  0.787816 
Tc                59357.012693 
a_AU_(M)              0.169017 
a_AU_(rho,R)          0.169017 

----- common model:  d
Inclination fixed to 90 deg!
a_Rs                 45.751106 
M_Mj                  0.000719 
M_Me                  0.228498 
Tc                59362.753460 
a_AU_(M)              0.212856 
a_AU_(rho,R)          0.212856 


====================================================================================================
     ------------------------------------------------------------------------------------------     
====================================================================================================



****************************************************************************************************

Inclination fixed to 90 deg!
Inclination fixed to 90 deg!
Inclination fixed to 90 deg!
Note: stellar density derived from stellar mass and radius

Inclination fixed to 90 deg!
Inclination fixed to 90 deg!
Inclination fixed to 90 deg!
Inclination fixed to 90 deg!
Inclination fixed to 90 deg!
Inclination fixed to 90 deg!
 Plot FLAT chain 

****************************************************************************************************

 Skipping full correlation plot due to the high number of parameters
 To avoid this behaviour, set the keyword parameters:force_full_correlation_plot to True

****************************************************************************************************

 Plotting the chains... 

****************************************************************************************************

 Plotting the Gelman-Rubin traces... 

     Gelman-Rubin:    18     2.061715 RVdata_expres_jitter_0 
     Gelman-Rubin:    19     2.068104 RVdata_expres_offset_0 
     Gelman-Rubin:    20     2.168237 RVdata_expres_gp_multidimensional_rot_amp 
     Gelman-Rubin:    21     2.044686 RVdata_expres_gp_multidimensional_con_amp 
     Gelman-Rubin:    22     2.020296 RVdata_harps_jitter_0 
     Gelman-Rubin:    23     1.970299 RVdata_harps_offset_0 
     Gelman-Rubin:    24     2.072237 RVdata_harps_offset_1 
     Gelman-Rubin:    25     2.069616 RVdata_harps_gp_multidimensional_rot_amp 
     Gelman-Rubin:    26     2.043926 RVdata_harps_gp_multidimensional_con_amp 
     Gelman-Rubin:    27     2.028164 RVdata_neid_jitter_0 
     Gelman-Rubin:    28     2.050632 RVdata_neid_offset_0 
     Gelman-Rubin:    29     2.206454 RVdata_neid_gp_multidimensional_rot_amp 
     Gelman-Rubin:    30     2.117611 RVdata_neid_gp_multidimensional_con_amp 
     Gelman-Rubin:    31     2.016264 FIESTAdata_expres_mode1_jitter_0 
     Gelman-Rubin:    32     2.022500 FIESTAdata_expres_mode1_offset_0 
     Gelman-Rubin:    33     2.179840 FIESTAdata_expres_mode1_gp_multidimensional_rot_amp 
     Gelman-Rubin:    34     2.158022 FIESTAdata_expres_mode1_gp_multidimensional_con_amp 
     Gelman-Rubin:    35     1.992302 FIESTAdata_expres_mode2_jitter_0 
     Gelman-Rubin:    36     2.020146 FIESTAdata_expres_mode2_offset_0 
     Gelman-Rubin:    37     2.263920 FIESTAdata_expres_mode2_gp_multidimensional_rot_amp 
     Gelman-Rubin:    38     2.157850 FIESTAdata_expres_mode2_gp_multidimensional_con_amp 
     Gelman-Rubin:    39     2.083658 FIESTAdata_expres_mode3_jitter_0 
     Gelman-Rubin:    40     2.122588 FIESTAdata_expres_mode3_offset_0 
     Gelman-Rubin:    41     2.112014 FIESTAdata_expres_mode3_gp_multidimensional_rot_amp 
     Gelman-Rubin:    42     1.964349 FIESTAdata_expres_mode3_gp_multidimensional_con_amp 
     Gelman-Rubin:    43     2.034841 FIESTAdata_harps_mode1_jitter_0 
     Gelman-Rubin:    44     2.039510 FIESTAdata_harps_mode1_offset_0 
     Gelman-Rubin:    45     2.129583 FIESTAdata_harps_mode1_gp_multidimensional_rot_amp 
     Gelman-Rubin:    46     2.082227 FIESTAdata_harps_mode1_gp_multidimensional_con_amp 
     Gelman-Rubin:    47     2.008514 FIESTAdata_harps_mode2_jitter_0 
     Gelman-Rubin:    48     2.069057 FIESTAdata_harps_mode2_offset_0 
     Gelman-Rubin:    49     2.009246 FIESTAdata_harps_mode2_gp_multidimensional_rot_amp 
     Gelman-Rubin:    50     1.963579 FIESTAdata_harps_mode2_gp_multidimensional_con_amp 
     Gelman-Rubin:    51     2.083604 FIESTAdata_harps_mode3_jitter_0 
     Gelman-Rubin:    52     2.048063 FIESTAdata_harps_mode3_offset_0 
     Gelman-Rubin:    53     2.175412 FIESTAdata_harps_mode3_gp_multidimensional_rot_amp 
     Gelman-Rubin:    54     2.267138 FIESTAdata_harps_mode3_gp_multidimensional_con_amp 
     Gelman-Rubin:    55     1.994590 FIESTAdata_harpsn_mode1_jitter_0 
     Gelman-Rubin:    56     1.989121 FIESTAdata_harpsn_mode1_offset_0 
     Gelman-Rubin:    57     2.066129 FIESTAdata_harpsn_mode1_gp_multidimensional_rot_amp 
     Gelman-Rubin:    58     1.984324 FIESTAdata_harpsn_mode1_gp_multidimensional_con_amp 
     Gelman-Rubin:    59     2.059260 FIESTAdata_harpsn_mode2_jitter_0 
     Gelman-Rubin:    60     2.069928 FIESTAdata_harpsn_mode2_offset_0 
     Gelman-Rubin:    61     2.081160 FIESTAdata_harpsn_mode2_gp_multidimensional_rot_amp 
     Gelman-Rubin:    62     2.115353 FIESTAdata_harpsn_mode2_gp_multidimensional_con_amp 
     Gelman-Rubin:    63     2.104624 FIESTAdata_harpsn_mode3_jitter_0 
     Gelman-Rubin:    64     1.968185 FIESTAdata_harpsn_mode3_offset_0 
     Gelman-Rubin:    65     2.115267 FIESTAdata_harpsn_mode3_gp_multidimensional_rot_amp 
     Gelman-Rubin:    66     2.088529 FIESTAdata_harpsn_mode3_gp_multidimensional_con_amp 
     Gelman-Rubin:    67     2.002326 FIESTAdata_neid_mode1_jitter_0 
     Gelman-Rubin:    68     2.080123 FIESTAdata_neid_mode1_offset_0 
     Gelman-Rubin:    69     2.133945 FIESTAdata_neid_mode1_gp_multidimensional_rot_amp 
     Gelman-Rubin:    70     2.092568 FIESTAdata_neid_mode1_gp_multidimensional_con_amp 
     Gelman-Rubin:    71     2.049452 FIESTAdata_neid_mode2_jitter_0 
     Gelman-Rubin:    72     2.029587 FIESTAdata_neid_mode2_offset_0 
     Gelman-Rubin:    73     2.108462 FIESTAdata_neid_mode2_gp_multidimensional_rot_amp 
     Gelman-Rubin:    74     2.020817 FIESTAdata_neid_mode2_gp_multidimensional_con_amp 
     Gelman-Rubin:    75     2.095513 FIESTAdata_neid_mode3_jitter_0 
     Gelman-Rubin:    76     2.015155 FIESTAdata_neid_mode3_offset_0 
     Gelman-Rubin:    77     2.120325 FIESTAdata_neid_mode3_gp_multidimensional_rot_amp 
     Gelman-Rubin:    78     2.079151 FIESTAdata_neid_mode3_gp_multidimensional_con_amp 
     Gelman-Rubin:     0     2.754069 b_P 
     Gelman-Rubin:     1     2.489016 b_K 
     Gelman-Rubin:     2     2.142117 b_sre_coso 
     Gelman-Rubin:     3     2.100659 b_sre_sino 
     Gelman-Rubin:     4     2.271305 b_mean_long 
     Gelman-Rubin:     5     3.240923 c_P 
     Gelman-Rubin:     6     2.589515 c_K 
     Gelman-Rubin:     7     2.103984 c_sre_coso 
     Gelman-Rubin:     8     2.122572 c_sre_sino 
     Gelman-Rubin:     9     2.341568 c_mean_long 
     Gelman-Rubin:    10     2.539822 d_P 
     Gelman-Rubin:    11     2.382436 d_K 
     Gelman-Rubin:    12     2.032648 d_sre_coso 
     Gelman-Rubin:    13     2.121153 d_sre_sino 
     Gelman-Rubin:    14     2.243262 d_mean_long 
     Gelman-Rubin:    15     2.185667 activity_Prot 
     Gelman-Rubin:    16     2.224135 activity_Pdec 
     Gelman-Rubin:    17     2.021738 activity_Oamp 

****************************************************************************************************

Plotting the common models corner plots
     Common model:  b
     Common model:  c
     Common model:  d
     Common model:  activity
     Common model:  star_parameters

****************************************************************************************************

Plotting the dataset + models corner plots 

     Dataset:  RVdata_expres     model:  gp_multidimensional  corner plot  starting 
     Dataset:  RVdata_expres     model:  gp_multidimensional  corner plot  done 
     Dataset:  RVdata_expres     model:  radial_velocities_b  corner plot  starting 
     Dataset:  RVdata_expres     model:  radial_velocities_b  corner plot  done 
     Dataset:  RVdata_expres     model:  radial_velocities_c  corner plot  starting 
     Dataset:  RVdata_expres     model:  radial_velocities_c  corner plot  done 
     Dataset:  RVdata_expres     model:  radial_velocities_d  corner plot  starting 
     Dataset:  RVdata_expres     model:  radial_velocities_d  corner plot  done 
     Dataset:  RVdata_harps     model:  gp_multidimensional  corner plot  starting 
     Dataset:  RVdata_harps     model:  gp_multidimensional  corner plot  done 
     Dataset:  RVdata_harps     model:  radial_velocities_b  corner plot  starting 
     Dataset:  RVdata_harps     model:  radial_velocities_b  corner plot  done 
     Dataset:  RVdata_harps     model:  radial_velocities_c  corner plot  starting 
     Dataset:  RVdata_harps     model:  radial_velocities_c  corner plot  done 
     Dataset:  RVdata_harps     model:  radial_velocities_d  corner plot  starting 
     Dataset:  RVdata_harps     model:  radial_velocities_d  corner plot  done 
     Dataset:  RVdata_neid     model:  gp_multidimensional  corner plot  starting 
     Dataset:  RVdata_neid     model:  gp_multidimensional  corner plot  done 
     Dataset:  RVdata_neid     model:  radial_velocities_b  corner plot  starting 
     Dataset:  RVdata_neid     model:  radial_velocities_b  corner plot  done 
     Dataset:  RVdata_neid     model:  radial_velocities_c  corner plot  starting 
     Dataset:  RVdata_neid     model:  radial_velocities_c  corner plot  done 
     Dataset:  RVdata_neid     model:  radial_velocities_d  corner plot  starting 
     Dataset:  RVdata_neid     model:  radial_velocities_d  corner plot  done 
     Dataset:  FIESTAdata_expres_mode1     model:  gp_multidimensional  corner plot  starting 
     Dataset:  FIESTAdata_expres_mode1     model:  gp_multidimensional  corner plot  done 
     Dataset:  FIESTAdata_expres_mode2     model:  gp_multidimensional  corner plot  starting 
     Dataset:  FIESTAdata_expres_mode2     model:  gp_multidimensional  corner plot  done 
     Dataset:  FIESTAdata_expres_mode3     model:  gp_multidimensional  corner plot  starting 
     Dataset:  FIESTAdata_expres_mode3     model:  gp_multidimensional  corner plot  done 
     Dataset:  FIESTAdata_harps_mode1     model:  gp_multidimensional  corner plot  starting 
     Dataset:  FIESTAdata_harps_mode1     model:  gp_multidimensional  corner plot  done 
     Dataset:  FIESTAdata_harps_mode2     model:  gp_multidimensional  corner plot  starting 
     Dataset:  FIESTAdata_harps_mode2     model:  gp_multidimensional  corner plot  done 
     Dataset:  FIESTAdata_harps_mode3     model:  gp_multidimensional  corner plot  starting 
     Dataset:  FIESTAdata_harps_mode3     model:  gp_multidimensional  corner plot  done 
     Dataset:  FIESTAdata_harpsn_mode1     model:  gp_multidimensional  corner plot  starting 
     Dataset:  FIESTAdata_harpsn_mode1     model:  gp_multidimensional  corner plot  done 
     Dataset:  FIESTAdata_harpsn_mode2     model:  gp_multidimensional  corner plot  starting 
     Dataset:  FIESTAdata_harpsn_mode2     model:  gp_multidimensional  corner plot  done 
     Dataset:  FIESTAdata_harpsn_mode3     model:  gp_multidimensional  corner plot  starting 
     Dataset:  FIESTAdata_harpsn_mode3     model:  gp_multidimensional  corner plot  done 
     Dataset:  FIESTAdata_neid_mode1     model:  gp_multidimensional  corner plot  starting 
     Dataset:  FIESTAdata_neid_mode1     model:  gp_multidimensional  corner plot  done 
     Dataset:  FIESTAdata_neid_mode2     model:  gp_multidimensional  corner plot  starting 
     Dataset:  FIESTAdata_neid_mode2     model:  gp_multidimensional  corner plot  done 
     Dataset:  FIESTAdata_neid_mode3     model:  gp_multidimensional  corner plot  starting 
     Dataset:  FIESTAdata_neid_mode3     model:  gp_multidimensional  corner plot  done 

****************************************************************************************************

 Saving the planet parameter samplings to files (with plots)

****************************************************************************************************

 Saving all the parameter samplings to files (with plots)

****************************************************************************************************

 Computing the models for plot/data writing 
     Splitting the plot array to allow GP prediction of extended datasets, it may take a while...
     # 21 chunks of 84 times each
     Check the documentation if the code is taking too long or if it crashes...
     Splitting the plot array to allow GP prediction of extended datasets, it may take a while...
     # 21 chunks of 84 times each
     Check the documentation if the code is taking too long or if it crashes...
     Splitting the plot array to allow GP prediction of extended datasets, it may take a while...
     # 21 chunks of 84 times each
     Check the documentation if the code is taking too long or if it crashes...
     Splitting the plot array to allow GP prediction of extended datasets, it may take a while...
     # 15 chunks of 84 times each
     Check the documentation if the code is taking too long or if it crashes...
     Splitting the plot array to allow GP prediction of extended datasets, it may take a while...
     # 15 chunks of 84 times each
     Check the documentation if the code is taking too long or if it crashes...
     Splitting the plot array to allow GP prediction of extended datasets, it may take a while...
     # 15 chunks of 84 times each
     Check the documentation if the code is taking too long or if it crashes...
     Splitting the plot array to allow GP prediction of extended datasets, it may take a while...
     # 4 chunks of 84 times each
     Check the documentation if the code is taking too long or if it crashes...
     Splitting the plot array to allow GP prediction of extended datasets, it may take a while...
     # 4 chunks of 84 times each
     Check the documentation if the code is taking too long or if it crashes...
     Splitting the plot array to allow GP prediction of extended datasets, it may take a while...
     # 4 chunks of 84 times each
     Check the documentation if the code is taking too long or if it crashes...
     Splitting the plot array to allow GP prediction of extended datasets, it may take a while...
     # 12 chunks of 84 times each
     Check the documentation if the code is taking too long or if it crashes...
     Splitting the plot array to allow GP prediction of extended datasets, it may take a while...
     # 12 chunks of 84 times each
     Check the documentation if the code is taking too long or if it crashes...
     Splitting the plot array to allow GP prediction of extended datasets, it may take a while...
     # 12 chunks of 84 times each
     Check the documentation if the code is taking too long or if it crashes...
     Splitting the plot array to allow GP prediction of extended datasets, it may take a while...
     # 13 chunks of 84 times each
     Check the documentation if the code is taking too long or if it crashes...
     Splitting the plot array to allow GP prediction of extended datasets, it may take a while...
     # 13 chunks of 84 times each
     Check the documentation if the code is taking too long or if it crashes...
     Splitting the plot array to allow GP prediction of extended datasets, it may take a while...
     # 13 chunks of 84 times each
     Check the documentation if the code is taking too long or if it crashes...
     Splitting the plot array to allow GP prediction of extended datasets, it may take a while...
     # 21 chunks of 84 times each
     Check the documentation if the code is taking too long or if it crashes...
     Splitting the plot array to allow GP prediction of extended datasets, it may take a while...
     # 21 chunks of 84 times each
     Check the documentation if the code is taking too long or if it crashes...
     Splitting the plot array to allow GP prediction of extended datasets, it may take a while...
     # 21 chunks of 84 times each
     Check the documentation if the code is taking too long or if it crashes...
     Splitting the plot array to allow GP prediction of extended datasets, it may take a while...
     # 15 chunks of 84 times each
     Check the documentation if the code is taking too long or if it crashes...
     Splitting the plot array to allow GP prediction of extended datasets, it may take a while...
     # 15 chunks of 84 times each
     Check the documentation if the code is taking too long or if it crashes...
     Splitting the plot array to allow GP prediction of extended datasets, it may take a while...
     # 15 chunks of 84 times each
     Check the documentation if the code is taking too long or if it crashes...
     Splitting the plot array to allow GP prediction of extended datasets, it may take a while...
     # 4 chunks of 84 times each
     Check the documentation if the code is taking too long or if it crashes...
     Splitting the plot array to allow GP prediction of extended datasets, it may take a while...
     # 4 chunks of 84 times each
     Check the documentation if the code is taking too long or if it crashes...
     Splitting the plot array to allow GP prediction of extended datasets, it may take a while...
     # 4 chunks of 84 times each
     Check the documentation if the code is taking too long or if it crashes...
     Splitting the plot array to allow GP prediction of extended datasets, it may take a while...
     # 12 chunks of 84 times each
     Check the documentation if the code is taking too long or if it crashes...
     Splitting the plot array to allow GP prediction of extended datasets, it may take a while...
     # 12 chunks of 84 times each
     Check the documentation if the code is taking too long or if it crashes...
     Splitting the plot array to allow GP prediction of extended datasets, it may take a while...
     # 12 chunks of 84 times each
     Check the documentation if the code is taking too long or if it crashes...
     Splitting the plot array to allow GP prediction of extended datasets, it may take a while...
     # 13 chunks of 84 times each
     Check the documentation if the code is taking too long or if it crashes...
     Splitting the plot array to allow GP prediction of extended datasets, it may take a while...
     # 13 chunks of 84 times each
     Check the documentation if the code is taking too long or if it crashes...
     Splitting the plot array to allow GP prediction of extended datasets, it may take a while...
     # 13 chunks of 84 times each
     Check the documentation if the code is taking too long or if it crashes...
     Splitting the plot array to allow GP prediction of extended datasets, it may take a while...
     # 21 chunks of 84 times each
     Check the documentation if the code is taking too long or if it crashes...
     Splitting the plot array to allow GP prediction of extended datasets, it may take a while...
     # 21 chunks of 84 times each
     Check the documentation if the code is taking too long or if it crashes...
     Splitting the plot array to allow GP prediction of extended datasets, it may take a while...
     # 21 chunks of 84 times each
     Check the documentation if the code is taking too long or if it crashes...
     Splitting the plot array to allow GP prediction of extended datasets, it may take a while...
     # 15 chunks of 84 times each
     Check the documentation if the code is taking too long or if it crashes...
     Splitting the plot array to allow GP prediction of extended datasets, it may take a while...
     # 15 chunks of 84 times each
     Check the documentation if the code is taking too long or if it crashes...
     Splitting the plot array to allow GP prediction of extended datasets, it may take a while...
     # 15 chunks of 84 times each
     Check the documentation if the code is taking too long or if it crashes...
     Splitting the plot array to allow GP prediction of extended datasets, it may take a while...
     # 4 chunks of 84 times each
     Check the documentation if the code is taking too long or if it crashes...
     Splitting the plot array to allow GP prediction of extended datasets, it may take a while...
     # 4 chunks of 84 times each
     Check the documentation if the code is taking too long or if it crashes...
     Splitting the plot array to allow GP prediction of extended datasets, it may take a while...
     # 4 chunks of 84 times each
     Check the documentation if the code is taking too long or if it crashes...
     Splitting the plot array to allow GP prediction of extended datasets, it may take a while...
     # 12 chunks of 84 times each
     Check the documentation if the code is taking too long or if it crashes...
     Splitting the plot array to allow GP prediction of extended datasets, it may take a while...
     # 12 chunks of 84 times each
     Check the documentation if the code is taking too long or if it crashes...
     Splitting the plot array to allow GP prediction of extended datasets, it may take a while...
     # 12 chunks of 84 times each
     Check the documentation if the code is taking too long or if it crashes...
     Splitting the plot array to allow GP prediction of extended datasets, it may take a while...
     # 13 chunks of 84 times each
     Check the documentation if the code is taking too long or if it crashes...
     Splitting the plot array to allow GP prediction of extended datasets, it may take a while...
     # 13 chunks of 84 times each
     Check the documentation if the code is taking too long or if it crashes...
     Splitting the plot array to allow GP prediction of extended datasets, it may take a while...
     # 13 chunks of 84 times each
     Check the documentation if the code is taking too long or if it crashes...
 Writing the plots 
 Writing the   data files 
 Writing the  MAP_ data files 
 Writing the  sampleMED_ data files 

****************************************************************************************************

