
:::---::: PyORBIT v11.0.1 :::---:::

Python version in use:
3.10.18 (main, Jun  5 2025, 13:14:17) [GCC 11.2.0]

reloaded_optimize:  False
reloaded_pyde:  False
reloaded_emcee:  False

number of multiprocessing threads: 16
multiprocessing method (should be fork):  fork

parameters/safe_reload flag (must be True for tinygp):  False

Opening:  RVdata_expres
Opening:  RVdata_harps
Opening:  RVdata_neid
Opening:  BISdata_expres
Opening:  BISdata_harps
Opening:  BISdata_neid
Opening:  FWHMdata_expres
Opening:  FWHMdata_harps
Opening:  FWHMdata_neid
Opening:  Contrastdata_expres
Opening:  Contrastdata_harps
Opening:  Contrastdata_neid
Opening:  Halphadata_expres
Opening:  Halphadata_harps
Opening:  Halphadata_neid

gp_multidimensional  S+LEAF model, number of harmonics: 4

GP model: gp_multidimensional  hyperparameters_condition:    True
GP model: gp_multidimensional  rotation_decay_condition:     True

====================================================================================================
     Ids, spaces (s), boundaries (b) and priors (p) of the sampler parameters     
====================================================================================================

----- dataset:  RVdata_expres
jitter_0      id:   3  s:Linear      b:[      0.0010,      14.4000]   p:Uniform   []
offset_0      id:   4  s:Linear      b:[  -9996.1930,   10013.7390]   p:Uniform   []

----- dataset: RVdata_expres             ----- model: gp_multidimensional           
rot_amp       id:   5  s:Linear      b:[      0.0000,      10.0000]   p:Uniform   []
con_amp       id:   6  s:Linear      b:[    -20.0000,      20.0000]   p:Uniform   []

----- dataset:  RVdata_harps
jitter_0      id:   7  s:Linear      b:[      0.0009,      12.4000]   p:Uniform   []
offset_0      id:   8  s:Linear      b:[  -9994.9455,   10014.6615]   p:Uniform   []
offset_1      id:   9  s:Linear      b:[  -9994.9455,   10014.6615]   p:Uniform   []

----- dataset: RVdata_harps              ----- model: gp_multidimensional           
rot_amp       id:  10  s:Linear      b:[      0.0000,      10.0000]   p:Uniform   []
con_amp       id:  11  s:Linear      b:[    -20.0000,      20.0000]   p:Uniform   []

----- dataset:  RVdata_neid
jitter_0      id:  12  s:Linear      b:[      0.0010,      12.3000]   p:Uniform   []
offset_0      id:  13  s:Linear      b:[  -9994.3136,   10014.8014]   p:Uniform   []

----- dataset: RVdata_neid               ----- model: gp_multidimensional           
rot_amp       id:  14  s:Linear      b:[      0.0000,      10.0000]   p:Uniform   []
con_amp       id:  15  s:Linear      b:[    -20.0000,      20.0000]   p:Uniform   []

----- dataset:  BISdata_expres
jitter_0      id:  16  s:Linear      b:[      0.0095,      95.0000]   p:Uniform   []
offset_0      id:  17  s:Linear      b:[ -10060.1667,    9950.1333]   p:Uniform   []

----- dataset: BISdata_expres            ----- model: gp_multidimensional           
rot_amp       id:  18  s:Linear      b:[    -10.0000,      10.0000]   p:Uniform   []
con_amp       id:  19  s:Linear      b:[    -20.0000,      20.0000]   p:Uniform   []

----- dataset:  BISdata_harps
jitter_0      id:  20  s:Linear      b:[      0.0095,      95.0000]   p:Uniform   []
offset_0      id:  21  s:Linear      b:[ -10050.5000,    9969.8833]   p:Uniform   []
offset_1      id:  22  s:Linear      b:[ -10050.5000,    9969.8833]   p:Uniform   []

----- dataset: BISdata_harps             ----- model: gp_multidimensional           
rot_amp       id:  23  s:Linear      b:[    -10.0000,      10.0000]   p:Uniform   []
con_amp       id:  24  s:Linear      b:[    -20.0000,      20.0000]   p:Uniform   []

----- dataset:  BISdata_neid
jitter_0      id:  25  s:Linear      b:[      0.0095,      95.0000]   p:Uniform   []
offset_0      id:  26  s:Linear      b:[ -10050.4333,    9957.9667]   p:Uniform   []

----- dataset: BISdata_neid              ----- model: gp_multidimensional           
rot_amp       id:  27  s:Linear      b:[    -10.0000,      10.0000]   p:Uniform   []
con_amp       id:  28  s:Linear      b:[    -20.0000,      20.0000]   p:Uniform   []

----- dataset:  FWHMdata_expres
jitter_0      id:  29  s:Linear      b:[      0.0500,     500.0000]   p:Uniform   []
offset_0      id:  30  s:Linear      b:[  -3231.3466,   16788.5945]   p:Uniform   []

----- dataset: FWHMdata_expres           ----- model: gp_multidimensional           
rot_amp       id:  31  s:Linear      b:[    -10.0000,      10.0000]   p:Uniform   []
con_amp       id:  32  s:Linear      b:[    -20.0000,      20.0000]   p:Uniform   []

----- dataset:  FWHMdata_harps
jitter_0      id:  33  s:Linear      b:[      0.0500,     500.0000]   p:Uniform   []
offset_0      id:  34  s:Linear      b:[  -3088.9025,   17176.9185]   p:Uniform   []
offset_1      id:  35  s:Linear      b:[  -3088.9025,   17176.9185]   p:Uniform   []

----- dataset: FWHMdata_harps            ----- model: gp_multidimensional           
rot_amp       id:  36  s:Linear      b:[    -10.0000,      10.0000]   p:Uniform   []
con_amp       id:  37  s:Linear      b:[    -20.0000,      20.0000]   p:Uniform   []

----- dataset:  FWHMdata_neid
jitter_0      id:  38  s:Linear      b:[      0.0500,     500.0000]   p:Uniform   []
offset_0      id:  39  s:Linear      b:[  -3048.6756,   16962.5032]   p:Uniform   []

----- dataset: FWHMdata_neid             ----- model: gp_multidimensional           
rot_amp       id:  40  s:Linear      b:[    -10.0000,      10.0000]   p:Uniform   []
con_amp       id:  41  s:Linear      b:[    -20.0000,      20.0000]   p:Uniform   []

----- dataset:  Contrastdata_expres
jitter_0      id:  42  s:Linear      b:[      1.3000,   13000.0000]   p:Uniform   []
offset_0      id:  43  s:Linear      b:[-359950.4937, -338995.5303]   p:Uniform   []

----- dataset: Contrastdata_expres       ----- model: gp_multidimensional           
rot_amp       id:  44  s:Linear      b:[    -10.0000,      10.0000]   p:Uniform   []
con_amp       id:  45  s:Linear      b:[    -20.0000,      20.0000]   p:Uniform   []

----- dataset:  Contrastdata_harps
jitter_0      id:  46  s:Linear      b:[      1.3000,   13000.0000]   p:Uniform   []
offset_0      id:  47  s:Linear      b:[-464080.0031, -409437.5103]   p:Uniform   []
offset_1      id:  48  s:Linear      b:[-464080.0031, -409437.5103]   p:Uniform   []

----- dataset: Contrastdata_harps        ----- model: gp_multidimensional           
rot_amp       id:  49  s:Linear      b:[    -10.0000,      10.0000]   p:Uniform   []
con_amp       id:  50  s:Linear      b:[    -20.0000,      20.0000]   p:Uniform   []

----- dataset:  Contrastdata_neid
jitter_0      id:  51  s:Linear      b:[      1.3000,   13000.0000]   p:Uniform   []
offset_0      id:  52  s:Linear      b:[-369946.2996, -349325.0185]   p:Uniform   []

----- dataset: Contrastdata_neid         ----- model: gp_multidimensional           
rot_amp       id:  53  s:Linear      b:[    -10.0000,      10.0000]   p:Uniform   []
con_amp       id:  54  s:Linear      b:[    -20.0000,      20.0000]   p:Uniform   []

----- dataset:  Halphadata_expres
jitter_0      id:  55  s:Linear      b:[      0.0000,       0.1000]   p:Uniform   []
offset_0      id:  56  s:Linear      b:[  -9999.8287,   10000.1727]   p:Uniform   []

----- dataset: Halphadata_expres         ----- model: gp_multidimensional           
rot_amp       id:  57  s:Linear      b:[    -10.0000,      10.0000]   p:Uniform   []
con_amp       id:  58  s:Linear      b:[    -20.0000,      20.0000]   p:Uniform   []

----- dataset:  Halphadata_harps
jitter_0      id:  59  s:Linear      b:[      0.0000,       0.1000]   p:Uniform   []
offset_0      id:  60  s:Linear      b:[  -9999.8278,   10000.1792]   p:Uniform   []
offset_1      id:  61  s:Linear      b:[  -9999.8278,   10000.1792]   p:Uniform   []

----- dataset: Halphadata_harps          ----- model: gp_multidimensional           
rot_amp       id:  62  s:Linear      b:[    -10.0000,      10.0000]   p:Uniform   []
con_amp       id:  63  s:Linear      b:[    -20.0000,      20.0000]   p:Uniform   []

----- dataset:  Halphadata_neid
jitter_0      id:  64  s:Linear      b:[      0.0000,       0.1000]   p:Uniform   []
offset_0      id:  65  s:Linear      b:[  -9999.8299,   10000.1722]   p:Uniform   []

----- dataset: Halphadata_neid           ----- model: gp_multidimensional           
rot_amp       id:  66  s:Linear      b:[    -10.0000,      10.0000]   p:Uniform   []
con_amp       id:  67  s:Linear      b:[    -20.0000,      20.0000]   p:Uniform   []

----- common model:  activity
Prot          id:   0  s:Linear      b:[     20.0000,      35.0000]   p:Gaussian   [28.   0.5]
Pdec          id:   1  s:Linear      b:[     30.0000,    1000.0000]   p:Uniform   []
Oamp          id:   2  s:Log_Base2   b:[     -6.6439,       0.0000]   p:Gaussian   [0.35  0.035]

----- common model:  star_parameters
mass          derived (no id, space, bound)                           p:Gaussian   [1.e+00 1.e-06]
radius        derived (no id, space, bound)                           p:Gaussian   [1.e+00 1.e-06]
density       derived (no id, space, bound)                           p:Gaussian   [1.e+00 1.e-06]

Include priors:  True

Reference Time Tref:  59334.700184

Dimensions =  68
Nwalkers =  272

Using threading pool for PyDE: True
PyDE running
Boundaries redefined after PyDE output
PyDE completed, it took        594.3 seconds

====================================================================================================
     Starting point of the sample/optimization routines    
====================================================================================================

----- dataset:  RVdata_expres
jitter_0         3      1.328767 [    0.0010,    14.4000]
offset_0         4      9.543069 [-9996.1930, 10013.7390]

----- dataset: RVdata_expres             ----- model: gp_multidimensional           
rot_amp          5      5.162158 [    0.0000,    10.0000]
con_amp          6      1.348873 [  -20.0000,    20.0000]

----- dataset:  RVdata_harps
jitter_0         7      0.996537 [    0.0009,    12.4000]
offset_0         8     10.006975 [-9994.9455, 10014.6615]
offset_1         9     10.373697 [-9994.9455, 10014.6615]

----- dataset: RVdata_harps              ----- model: gp_multidimensional           
rot_amp         10      5.320293 [    0.0000,    10.0000]
con_amp         11      1.176459 [  -20.0000,    20.0000]

----- dataset:  RVdata_neid
jitter_0        12      0.914382 [    0.0010,    12.3000]
offset_0        13     10.146993 [-9994.3136, 10014.8014]

----- dataset: RVdata_neid               ----- model: gp_multidimensional           
rot_amp         14      5.824765 [    0.0000,    10.0000]
con_amp         15      0.750553 [  -20.0000,    20.0000]

----- dataset:  BISdata_expres
jitter_0        16      1.844437 [    0.0095,    95.0000]
offset_0        17    -55.070501 [-10060.1667,  9950.1333]

----- dataset: BISdata_expres            ----- model: gp_multidimensional           
rot_amp         18      2.555121 [  -10.0000,    10.0000]
con_amp         19     -0.013934 [  -20.0000,    20.0000]

----- dataset:  BISdata_harps
jitter_0        20      1.997639 [    0.0095,    95.0000]
offset_0        21    -45.453499 [-10050.5000,  9969.8833]
offset_1        22    -35.116817 [-10050.5000,  9969.8833]

----- dataset: BISdata_harps             ----- model: gp_multidimensional           
rot_amp         23     -0.098486 [  -10.0000,    10.0000]
con_amp         24      0.579893 [  -20.0000,    20.0000]

----- dataset:  BISdata_neid
jitter_0        25      1.345056 [    0.0095,    95.0000]
offset_0        26    -46.728999 [-10050.4333,  9957.9667]

----- dataset: BISdata_neid              ----- model: gp_multidimensional           
rot_amp         27     -0.695613 [  -10.0000,    10.0000]
con_amp         28     -0.113345 [  -20.0000,    20.0000]

----- dataset:  FWHMdata_expres
jitter_0        29      0.054948 [    0.0500,   500.0000]
offset_0        30   6775.201215 [-3231.3466, 16788.5945]

----- dataset: FWHMdata_expres           ----- model: gp_multidimensional           
rot_amp         31     -1.363694 [  -10.0000,    10.0000]
con_amp         32     -2.860474 [  -20.0000,    20.0000]

----- dataset:  FWHMdata_harps
jitter_0        33      0.052212 [    0.0500,   500.0000]
offset_0        34   6917.394137 [-3088.9025, 17176.9185]
offset_1        35   7171.290972 [-3088.9025, 17176.9185]

----- dataset: FWHMdata_harps            ----- model: gp_multidimensional           
rot_amp         36     -0.672753 [  -10.0000,    10.0000]
con_amp         37      0.081704 [  -20.0000,    20.0000]

----- dataset:  FWHMdata_neid
jitter_0        38      0.052013 [    0.0500,   500.0000]
offset_0        39   6955.869794 [-3048.6756, 16962.5032]

----- dataset: FWHMdata_neid             ----- model: gp_multidimensional           
rot_amp         40     -1.877681 [  -10.0000,    10.0000]
con_amp         41     -0.649561 [  -20.0000,    20.0000]

----- dataset:  Contrastdata_expres
jitter_0        42    152.296720 [    1.3000, 13000.0000]
offset_0        43  -349546.296944 [-359950.4937, -338995.5303]

----- dataset: Contrastdata_expres       ----- model: gp_multidimensional           
rot_amp         44     -9.963737 [  -10.0000,    10.0000]
con_amp         45    -19.997456 [  -20.0000,    20.0000]

----- dataset:  Contrastdata_harps
jitter_0        46     84.372011 [    1.3000, 13000.0000]
offset_0        47  -453744.483750 [-464080.0031, -409437.5103]
offset_1        48  -419792.759516 [-464080.0031, -409437.5103]

----- dataset: Contrastdata_harps        ----- model: gp_multidimensional           
rot_amp         49     -9.987778 [  -10.0000,    10.0000]
con_amp         50     19.997064 [  -20.0000,    20.0000]

----- dataset:  Contrastdata_neid
jitter_0        51      2.150499 [    1.3000, 13000.0000]
offset_0        52  -359624.030277 [-369946.2996, -349325.0185]

----- dataset: Contrastdata_neid         ----- model: gp_multidimensional           
rot_amp         53     -9.991432 [  -10.0000,    10.0000]
con_amp         54     11.153385 [  -20.0000,    20.0000]

----- dataset:  Halphadata_expres
jitter_0        55      0.000010 [    0.0000,     0.1000]
offset_0        56      0.172090 [-9999.8287, 10000.1727]

----- dataset: Halphadata_expres         ----- model: gp_multidimensional           
rot_amp         57     -0.000033 [  -10.0000,    10.0000]
con_amp         58      0.000061 [  -20.0000,    20.0000]

----- dataset:  Halphadata_harps
jitter_0        59      0.000203 [    0.0000,     0.1000]
offset_0        60      0.174811 [-9999.8278, 10000.1792]
offset_1        61      0.173924 [-9999.8278, 10000.1792]

----- dataset: Halphadata_harps          ----- model: gp_multidimensional           
rot_amp         62     -0.000542 [  -10.0000,    10.0000]
con_amp         63      0.000310 [  -20.0000,    20.0000]

----- dataset:  Halphadata_neid
jitter_0        64      0.000010 [    0.0000,     0.1000]
offset_0        65      0.171108 [-9999.8299, 10000.1722]

----- dataset: Halphadata_neid           ----- model: gp_multidimensional           
rot_amp         66     -0.000061 [  -10.0000,    10.0000]
con_amp         67     -0.000075 [  -20.0000,    20.0000]

----- common model:  activity
Prot             0     28.245023 [   20.0000,    35.0000]
Pdec             1     30.000658 [   30.0000,  1000.0000]
Oamp             2     -1.304541 [   -6.6439,     0.0000]

----- common model:  star_parameters

====================================================================================================
     Starting point projected onto the model parameter space     
====================================================================================================

----- dataset:  RVdata_expres
jitter_0              1.328767 
offset_0              9.543069 


----- dataset: RVdata_expres             ----- model: gp_multidimensional           
rot_amp               5.162158 
con_amp               1.348873 

----- dataset:  RVdata_harps
jitter_0              0.996537 
offset_0             10.006975 
offset_1             10.373697 


----- dataset: RVdata_harps              ----- model: gp_multidimensional           
rot_amp               5.320293 
con_amp               1.176459 

----- dataset:  RVdata_neid
jitter_0              0.914382 
offset_0             10.146993 


----- dataset: RVdata_neid               ----- model: gp_multidimensional           
rot_amp               5.824765 
con_amp               0.750553 

----- dataset:  BISdata_expres
jitter_0              1.844437 
offset_0            -55.070501 


----- dataset: BISdata_expres            ----- model: gp_multidimensional           
rot_amp               2.555121 
con_amp              -0.013934 

----- dataset:  BISdata_harps
jitter_0              1.997639 
offset_0            -45.453499 
offset_1            -35.116817 


----- dataset: BISdata_harps             ----- model: gp_multidimensional           
rot_amp              -0.098486 
con_amp               0.579893 

----- dataset:  BISdata_neid
jitter_0              1.345056 
offset_0            -46.728999 


----- dataset: BISdata_neid              ----- model: gp_multidimensional           
rot_amp              -0.695613 
con_amp              -0.113345 

----- dataset:  FWHMdata_expres
jitter_0              0.054948 
offset_0           6775.201215 


----- dataset: FWHMdata_expres           ----- model: gp_multidimensional           
rot_amp              -1.363694 
con_amp              -2.860474 

----- dataset:  FWHMdata_harps
jitter_0              0.052212 
offset_0           6917.394137 
offset_1           7171.290972 


----- dataset: FWHMdata_harps            ----- model: gp_multidimensional           
rot_amp              -0.672753 
con_amp               0.081704 

----- dataset:  FWHMdata_neid
jitter_0              0.052013 
offset_0           6955.869794 


----- dataset: FWHMdata_neid             ----- model: gp_multidimensional           
rot_amp              -1.877681 
con_amp              -0.649561 

----- dataset:  Contrastdata_expres
jitter_0            152.296720 
offset_0        -349546.296944 


----- dataset: Contrastdata_expres       ----- model: gp_multidimensional           
rot_amp              -9.963737 
con_amp             -19.997456 

----- dataset:  Contrastdata_harps
jitter_0             84.372011 
offset_0        -453744.483750 
offset_1        -419792.759516 


----- dataset: Contrastdata_harps        ----- model: gp_multidimensional           
rot_amp              -9.987778 
con_amp              19.997064 

----- dataset:  Contrastdata_neid
jitter_0              2.150499 
offset_0        -359624.030277 


----- dataset: Contrastdata_neid         ----- model: gp_multidimensional           
rot_amp              -9.991432 
con_amp              11.153385 

----- dataset:  Halphadata_expres
jitter_0              0.000010 
offset_0              0.172090 


----- dataset: Halphadata_expres         ----- model: gp_multidimensional           
rot_amp              -0.000033 
con_amp               0.000061 

----- dataset:  Halphadata_harps
jitter_0              0.000203 
offset_0              0.174811 
offset_1              0.173924 


----- dataset: Halphadata_harps          ----- model: gp_multidimensional           
rot_amp              -0.000542 
con_amp               0.000310 

----- dataset:  Halphadata_neid
jitter_0              0.000010 
offset_0              0.171108 


----- dataset: Halphadata_neid           ----- model: gp_multidimensional           
rot_amp              -0.000061 
con_amp              -0.000075 

----- common model:  activity
Prot                 28.245023 
Pdec                 30.000658 
Oamp                  0.404850 

----- common model:  star_parameters

====================================================================================================
     Derived parameters obtained from starting point     
====================================================================================================


====================================================================================================
     Statistics on the log-likelihood     
====================================================================================================

 LN probability: -2653.622755 

====================================================================================================
     ------------------------------------------------------------------------------------------     
====================================================================================================



*************************************************************

Running emcee

emcee version:  3.1.6
Using threading pool for emcee: True

Saving temporary steps


Computing the autocorrelation time of the chains

***** WARNING ******
The integrated autocorrelation time cannot be reliably estimated
likely the chains are too short, and ACF analysis is not fully reliable
emcee.autocorr.integrated_time tolerance lowered to 20
If you still get a warning, you should drop these results entirely
Chains too short to apply convergence criteria
They should be at least 600*nthin = 90000

====================================================================================================
     Statistics on the posterior of the sampler parameters     
====================================================================================================

----- dataset:  RVdata_expres
jitter_0         3         1.342       -0.100         0.12   (15-84 p)   [    0.0010,    14.4000]
offset_0         4          9.77        -0.63         0.87   (15-84 p)   [-9996.1930, 10013.7390]

----- dataset: RVdata_expres             ----- model: gp_multidimensional           
rot_amp          5           7.5         -1.8          1.5   (15-84 p)   [    0.0000,    10.0000]
con_amp          6          2.09        -0.55         0.72   (15-84 p)   [  -20.0000,    20.0000]

----- dataset:  RVdata_harps
jitter_0         7         1.018       -0.076        0.095   (15-84 p)   [    0.0009,    12.4000]
offset_0         8         10.20        -0.53         0.77   (15-84 p)   [-9994.9455, 10014.6615]
offset_1         9         10.59        -0.59         0.78   (15-84 p)   [-9994.9455, 10014.6615]

----- dataset: RVdata_harps              ----- model: gp_multidimensional           
rot_amp         10           7.8         -1.7          1.2   (15-84 p)   [    0.0000,    10.0000]
con_amp         11          1.81        -0.50         0.68   (15-84 p)   [  -20.0000,    20.0000]

----- dataset:  RVdata_neid
jitter_0        12         0.945       -0.077        0.096   (15-84 p)   [    0.0010,    12.3000]
offset_0        13         10.27        -0.35         0.58   (15-84 p)   [-9994.3136, 10014.8014]

----- dataset: RVdata_neid               ----- model: gp_multidimensional           
rot_amp         14          8.66         -2.0         0.95   (15-84 p)   [    0.0000,    10.0000]
con_amp         15          1.13        -0.38         0.64   (15-84 p)   [  -20.0000,    20.0000]

----- dataset:  BISdata_expres
jitter_0        16          1.91        -0.15         0.19   (15-84 p)   [    0.0095,    95.0000]
offset_0        17        -55.05        -0.27         0.28   (15-84 p)   [-10060.1667,  9950.1333]

----- dataset: BISdata_expres            ----- model: gp_multidimensional           
rot_amp         18           3.5         -1.2          1.6   (15-84 p)   [  -10.0000,    10.0000]
con_amp         19         -0.00        -0.30         0.34   (15-84 p)   [  -20.0000,    20.0000]

----- dataset:  BISdata_harps
jitter_0        20          2.05        -0.16         0.19   (15-84 p)   [    0.0095,    95.0000]
offset_0        21        -45.41        -0.36         0.44   (15-84 p)   [-10050.5000,  9969.8833]
offset_1        22        -35.04        -0.55         0.61   (15-84 p)   [-10050.5000,  9969.8833]

----- dataset: BISdata_harps             ----- model: gp_multidimensional           
rot_amp         23          -0.1         -1.3          1.3   (15-84 p)   [  -10.0000,    10.0000]
con_amp         24          0.81        -0.33         0.45   (15-84 p)   [  -20.0000,    20.0000]

----- dataset:  BISdata_neid
jitter_0        25          1.39        -0.15         0.17   (15-84 p)   [    0.0095,    95.0000]
offset_0        26        -46.73        -0.25         0.23   (15-84 p)   [-10050.4333,  9957.9667]

----- dataset: BISdata_neid              ----- model: gp_multidimensional           
rot_amp         27         -1.03         -1.2         0.96   (15-84 p)   [  -10.0000,    10.0000]
con_amp         28         -0.13        -0.32         0.30   (15-84 p)   [  -20.0000,    20.0000]

----- dataset:  FWHMdata_expres
jitter_0        29          0.41        -0.27         0.49   (15-84 p)   [    0.0500,   500.0000]
offset_0        30        6774.9         -1.7          1.3   (15-84 p)   [-3231.3466, 16788.5945]

----- dataset: FWHMdata_expres           ----- model: gp_multidimensional           
rot_amp         31          -1.7         -3.4          3.0   (15-84 p)   [  -10.0000,    10.0000]
con_amp         32          -4.1         -1.3          1.1   (15-84 p)   [  -20.0000,    20.0000]

----- dataset:  FWHMdata_harps
jitter_0        33          0.25        -0.16         0.32   (15-84 p)   [    0.0500,   500.0000]
offset_0        34       6917.47        -0.62         0.68   (15-84 p)   [-3088.9025, 17176.9185]
offset_1        35        7171.3         -1.2          1.1   (15-84 p)   [-3088.9025, 17176.9185]

----- dataset: FWHMdata_harps            ----- model: gp_multidimensional           
rot_amp         36          -0.5         -2.5          2.6   (15-84 p)   [  -10.0000,    10.0000]
con_amp         37          0.33        -0.70         0.79   (15-84 p)   [  -20.0000,    20.0000]

----- dataset:  FWHMdata_neid
jitter_0        38          0.31        -0.21         0.40   (15-84 p)   [    0.0500,   500.0000]
offset_0        39       6955.79        -0.86         0.66   (15-84 p)   [-3048.6756, 16962.5032]

----- dataset: FWHMdata_neid             ----- model: gp_multidimensional           
rot_amp         40          -1.8         -3.0          3.1   (15-84 p)   [  -10.0000,    10.0000]
con_amp         41         -1.10         -1.0         0.82   (15-84 p)   [  -20.0000,    20.0000]

----- dataset:  Contrastdata_expres
jitter_0        42           157          -18           21   (15-84 p)   [    1.3000, 13000.0000]
offset_0        43       -349544          -21           22   (15-84 p)   [-359950.4937, -338995.5303]

----- dataset: Contrastdata_expres       ----- model: gp_multidimensional           
rot_amp         44          -6.2         -3.1          7.0   (15-84 p)   [  -10.0000,    10.0000]
con_amp         45        -19.53        -0.38         0.86   (15-84 p)   [  -20.0000,    20.0000]

----- dataset:  Contrastdata_harps
jitter_0        46            89          -21           21   (15-84 p)   [    1.3000, 13000.0000]
offset_0        47       -453745          -18           18   (15-84 p)   [-464080.0031, -409437.5103]
offset_1        48       -419789          -33           33   (15-84 p)   [-464080.0031, -409437.5103]

----- dataset: Contrastdata_harps        ----- model: gp_multidimensional           
rot_amp         49          -8.4         -1.3          3.1   (15-84 p)   [  -10.0000,    10.0000]
con_amp         50         19.58        -0.76         0.34   (15-84 p)   [  -20.0000,    20.0000]

----- dataset:  Contrastdata_neid
jitter_0        51            34          -24           26   (15-84 p)   [    1.3000, 13000.0000]
offset_0        52       -359624          -16           16   (15-84 p)   [-369946.2996, -349325.0185]

----- dataset: Contrastdata_neid         ----- model: gp_multidimensional           
rot_amp         53          -8.5         -1.2          2.8   (15-84 p)   [  -10.0000,    10.0000]
con_amp         54             4          -15           11   (15-84 p)   [  -20.0000,    20.0000]

----- dataset:  Halphadata_expres
jitter_0        55      0.000048    -0.000029     0.000051   (15-84 p)   [    0.0000,     0.1000]
offset_0        56       0.17209     -0.00012      0.00013   (15-84 p)   [-9999.8287, 10000.1727]

----- dataset: Halphadata_expres         ----- model: gp_multidimensional           
rot_amp         57      -0.00007     -0.00062      0.00054   (15-84 p)   [  -10.0000,    10.0000]
con_amp         58       0.00010     -0.00013      0.00015   (15-84 p)   [  -20.0000,    20.0000]

----- dataset:  Halphadata_harps
jitter_0        59       0.00030     -0.00020      0.00021   (15-84 p)   [    0.0000,     0.1000]
offset_0        60       0.17484     -0.00018      0.00022   (15-84 p)   [-9999.8278, 10000.1792]
offset_1        61       0.17394     -0.00026      0.00030   (15-84 p)   [-9999.8278, 10000.1792]

----- dataset: Halphadata_harps          ----- model: gp_multidimensional           
rot_amp         62      -0.00073     -0.00068      0.00053   (15-84 p)   [  -10.0000,    10.0000]
con_amp         63       0.00045     -0.00017      0.00022   (15-84 p)   [  -20.0000,    20.0000]

----- dataset:  Halphadata_neid
jitter_0        64      0.000066    -0.000043     0.000076   (15-84 p)   [    0.0000,     0.1000]
offset_0        65       0.17110     -0.00014      0.00013   (15-84 p)   [-9999.8299, 10000.1722]

----- dataset: Halphadata_neid           ----- model: gp_multidimensional           
rot_amp         66      -0.00013     -0.00062      0.00058   (15-84 p)   [  -10.0000,    10.0000]
con_amp         67      -0.00011     -0.00019      0.00015   (15-84 p)   [  -20.0000,    20.0000]

----- common model:  activity
Prot             0         28.24        -0.43         0.46   (15-84 p)   [   20.0000,    35.0000]
Pdec             1        30.106       -0.086         0.19   (15-84 p)   [   30.0000,  1000.0000]
Oamp             2         -1.28        -0.11         0.11   (15-84 p)   [   -6.6439,     0.0000]

----- common model:  star_parameters

====================================================================================================
     Statistics on the model parameters obtained from the posteriors samples     
====================================================================================================

----- dataset:  RVdata_expres
jitter_0                 1.342       -0.100         0.12    (15-84 p)
offset_0                  9.77        -0.63         0.87    (15-84 p)


----- dataset: RVdata_expres             ----- model: gp_multidimensional           
rot_amp                    7.5         -1.8          1.5    (15-84 p)
con_amp                   2.09        -0.55         0.72    (15-84 p)

----- dataset:  RVdata_harps
jitter_0                 1.018       -0.076        0.095    (15-84 p)
offset_0                 10.20        -0.53         0.77    (15-84 p)
offset_1                 10.59        -0.59         0.78    (15-84 p)


----- dataset: RVdata_harps              ----- model: gp_multidimensional           
rot_amp                    7.8         -1.7          1.2    (15-84 p)
con_amp                   1.81        -0.50         0.68    (15-84 p)

----- dataset:  RVdata_neid
jitter_0                 0.945       -0.077        0.096    (15-84 p)
offset_0                 10.27        -0.35         0.58    (15-84 p)


----- dataset: RVdata_neid               ----- model: gp_multidimensional           
rot_amp                   8.66         -2.0         0.95    (15-84 p)
con_amp                   1.13        -0.38         0.64    (15-84 p)

----- dataset:  BISdata_expres
jitter_0                  1.91        -0.15         0.19    (15-84 p)
offset_0                -55.05        -0.27         0.28    (15-84 p)


----- dataset: BISdata_expres            ----- model: gp_multidimensional           
rot_amp                    3.5         -1.2          1.6    (15-84 p)
con_amp                  -0.00        -0.30         0.34    (15-84 p)

----- dataset:  BISdata_harps
jitter_0                  2.05        -0.16         0.19    (15-84 p)
offset_0                -45.41        -0.36         0.44    (15-84 p)
offset_1                -35.04        -0.55         0.61    (15-84 p)


----- dataset: BISdata_harps             ----- model: gp_multidimensional           
rot_amp                   -0.1         -1.3          1.3    (15-84 p)
con_amp                   0.81        -0.33         0.45    (15-84 p)

----- dataset:  BISdata_neid
jitter_0                  1.39        -0.15         0.17    (15-84 p)
offset_0                -46.73        -0.25         0.23    (15-84 p)


----- dataset: BISdata_neid              ----- model: gp_multidimensional           
rot_amp                  -1.03         -1.2         0.96    (15-84 p)
con_amp                  -0.13        -0.32         0.30    (15-84 p)

----- dataset:  FWHMdata_expres
jitter_0                  0.41        -0.27         0.49    (15-84 p)
offset_0                6774.9         -1.7          1.3    (15-84 p)


----- dataset: FWHMdata_expres           ----- model: gp_multidimensional           
rot_amp                   -1.7         -3.4          3.0    (15-84 p)
con_amp                   -4.1         -1.3          1.1    (15-84 p)

----- dataset:  FWHMdata_harps
jitter_0                  0.25        -0.16         0.32    (15-84 p)
offset_0               6917.47        -0.62         0.68    (15-84 p)
offset_1                7171.3         -1.2          1.1    (15-84 p)


----- dataset: FWHMdata_harps            ----- model: gp_multidimensional           
rot_amp                   -0.5         -2.5          2.6    (15-84 p)
con_amp                   0.33        -0.70         0.79    (15-84 p)

----- dataset:  FWHMdata_neid
jitter_0                  0.31        -0.21         0.40    (15-84 p)
offset_0               6955.79        -0.86         0.66    (15-84 p)


----- dataset: FWHMdata_neid             ----- model: gp_multidimensional           
rot_amp                   -1.8         -3.0          3.1    (15-84 p)
con_amp                  -1.10         -1.0         0.82    (15-84 p)

----- dataset:  Contrastdata_expres
jitter_0                   157          -18           21    (15-84 p)
offset_0               -349544          -21           22    (15-84 p)


----- dataset: Contrastdata_expres       ----- model: gp_multidimensional           
rot_amp                   -6.2         -3.1          7.0    (15-84 p)
con_amp                 -19.53        -0.38         0.86    (15-84 p)

----- dataset:  Contrastdata_harps
jitter_0                    89          -21           21    (15-84 p)
offset_0               -453745          -18           18    (15-84 p)
offset_1               -419789          -33           33    (15-84 p)


----- dataset: Contrastdata_harps        ----- model: gp_multidimensional           
rot_amp                   -8.4         -1.3          3.1    (15-84 p)
con_amp                  19.58        -0.76         0.34    (15-84 p)

----- dataset:  Contrastdata_neid
jitter_0                    34          -24           26    (15-84 p)
offset_0               -359624          -16           16    (15-84 p)


----- dataset: Contrastdata_neid         ----- model: gp_multidimensional           
rot_amp                   -8.5         -1.2          2.8    (15-84 p)
con_amp                      4          -15           11    (15-84 p)

----- dataset:  Halphadata_expres
jitter_0              0.000048    -0.000029     0.000051    (15-84 p)
offset_0               0.17209     -0.00012      0.00013    (15-84 p)


----- dataset: Halphadata_expres         ----- model: gp_multidimensional           
rot_amp               -0.00007     -0.00062      0.00054    (15-84 p)
con_amp                0.00010     -0.00013      0.00015    (15-84 p)

----- dataset:  Halphadata_harps
jitter_0               0.00030     -0.00020      0.00021    (15-84 p)
offset_0               0.17484     -0.00018      0.00022    (15-84 p)
offset_1               0.17394     -0.00026      0.00030    (15-84 p)


----- dataset: Halphadata_harps          ----- model: gp_multidimensional           
rot_amp               -0.00073     -0.00068      0.00053    (15-84 p)
con_amp                0.00045     -0.00017      0.00022    (15-84 p)

----- dataset:  Halphadata_neid
jitter_0              0.000066    -0.000043     0.000076    (15-84 p)
offset_0               0.17110     -0.00014      0.00013    (15-84 p)


----- dataset: Halphadata_neid           ----- model: gp_multidimensional           
rot_amp               -0.00013     -0.00062      0.00058    (15-84 p)
con_amp               -0.00011     -0.00019      0.00015    (15-84 p)

----- common model:  activity
Prot                     28.24        -0.43         0.46    (15-84 p)
Pdec                    30.106       -0.086         0.19    (15-84 p)
Oamp                     0.412       -0.031        0.033    (15-84 p)

----- common model:  star_parameters

====================================================================================================
     Statistics on the derived parameters obtained from the posteriors samples     
====================================================================================================


====================================================================================================
     ------------------------------------------------------------------------------------------     
====================================================================================================



15000.0   steps completed, average lnprob:,  -2692.0253510426755


Computing the autocorrelation time of the chains

***** WARNING ******
The integrated autocorrelation time cannot be reliably estimated
likely the chains are too short, and ACF analysis is not fully reliable
emcee.autocorr.integrated_time tolerance lowered to 20
If you still get a warning, you should drop these results entirely
Chains too short to apply convergence criteria
They should be at least 1200*nthin = 180000

====================================================================================================
     Statistics on the posterior of the sampler parameters     
====================================================================================================

----- dataset:  RVdata_expres
jitter_0         3         1.339       -0.099         0.12   (15-84 p)   [    0.0010,    14.4000]
offset_0         4           9.9         -1.1          1.3   (15-84 p)   [-9996.1930, 10013.7390]

----- dataset: RVdata_expres             ----- model: gp_multidimensional           
rot_amp          5           8.1         -1.3          1.1   (15-84 p)   [    0.0000,    10.0000]
con_amp          6          2.59        -0.60         0.97   (15-84 p)   [  -20.0000,    20.0000]

----- dataset:  RVdata_harps
jitter_0         7         1.004       -0.077        0.085   (15-84 p)   [    0.0009,    12.4000]
offset_0         8         10.30        -0.99          1.2   (15-84 p)   [-9994.9455, 10014.6615]
offset_1         9          10.7         -1.0          1.2   (15-84 p)   [-9994.9455, 10014.6615]

----- dataset: RVdata_harps              ----- model: gp_multidimensional           
rot_amp         10           8.1         -1.2          1.0   (15-84 p)   [    0.0000,    10.0000]
con_amp         11          2.31        -0.56         0.99   (15-84 p)   [  -20.0000,    20.0000]

----- dataset:  RVdata_neid
jitter_0        12         0.956       -0.076        0.086   (15-84 p)   [    0.0010,    12.3000]
offset_0        13         10.37        -0.67         0.89   (15-84 p)   [-9994.3136, 10014.8014]

----- dataset: RVdata_neid               ----- model: gp_multidimensional           
rot_amp         14          9.13         -1.0         0.62   (15-84 p)   [    0.0000,    10.0000]
con_amp         15          1.61        -0.53         0.89   (15-84 p)   [  -20.0000,    20.0000]

----- dataset:  BISdata_expres
jitter_0        16          1.90        -0.16         0.18   (15-84 p)   [    0.0095,    95.0000]
offset_0        17        -55.05        -0.29         0.31   (15-84 p)   [-10060.1667,  9950.1333]

----- dataset: BISdata_expres            ----- model: gp_multidimensional           
rot_amp         18           4.1         -1.5          1.6   (15-84 p)   [  -10.0000,    10.0000]
con_amp         19          0.13        -0.41         0.49   (15-84 p)   [  -20.0000,    20.0000]

----- dataset:  BISdata_harps
jitter_0        20          2.05        -0.16         0.18   (15-84 p)   [    0.0095,    95.0000]
offset_0        21        -45.41        -0.46         0.56   (15-84 p)   [-10050.5000,  9969.8833]
offset_1        22        -35.03        -0.62         0.70   (15-84 p)   [-10050.5000,  9969.8833]

----- dataset: BISdata_harps             ----- model: gp_multidimensional           
rot_amp         23          -0.3         -1.5          1.4   (15-84 p)   [  -10.0000,    10.0000]
con_amp         24          1.01        -0.44         0.51   (15-84 p)   [  -20.0000,    20.0000]

----- dataset:  BISdata_neid
jitter_0        25          1.39        -0.15         0.16   (15-84 p)   [    0.0095,    95.0000]
offset_0        26        -46.75        -0.28         0.24   (15-84 p)   [-10050.4333,  9957.9667]

----- dataset: BISdata_neid              ----- model: gp_multidimensional           
rot_amp         27          -1.0         -1.2          1.2   (15-84 p)   [  -10.0000,    10.0000]
con_amp         28         -0.22        -0.38         0.35   (15-84 p)   [  -20.0000,    20.0000]

----- dataset:  FWHMdata_expres
jitter_0        29          0.57        -0.37         0.61   (15-84 p)   [    0.0500,   500.0000]
offset_0        30        6774.7         -2.4          2.1   (15-84 p)   [-3231.3466, 16788.5945]

----- dataset: FWHMdata_expres           ----- model: gp_multidimensional           
rot_amp         31          -2.0         -3.7          3.5   (15-84 p)   [  -10.0000,    10.0000]
con_amp         32          -4.9         -1.3          1.1   (15-84 p)   [  -20.0000,    20.0000]

----- dataset:  FWHMdata_harps
jitter_0        33          0.40        -0.25         0.39   (15-84 p)   [    0.0500,   500.0000]
offset_0        34       6917.46        -0.69         0.69   (15-84 p)   [-3088.9025, 17176.9185]
offset_1        35        7171.3         -1.1          1.2   (15-84 p)   [-3088.9025, 17176.9185]

----- dataset: FWHMdata_harps            ----- model: gp_multidimensional           
rot_amp         36          -1.3         -3.1          3.0   (15-84 p)   [  -10.0000,    10.0000]
con_amp         37          0.19        -0.90         0.91   (15-84 p)   [  -20.0000,    20.0000]

----- dataset:  FWHMdata_neid
jitter_0        38          0.50        -0.32         0.47   (15-84 p)   [    0.0500,   500.0000]
offset_0        39       6955.75        -1.00         0.79   (15-84 p)   [-3048.6756, 16962.5032]

----- dataset: FWHMdata_neid             ----- model: gp_multidimensional           
rot_amp         40          -2.1         -3.6          3.7   (15-84 p)   [  -10.0000,    10.0000]
con_amp         41          -1.4         -1.2          1.0   (15-84 p)   [  -20.0000,    20.0000]

----- dataset:  Contrastdata_expres
jitter_0        42           161          -18           20   (15-84 p)   [    1.3000, 13000.0000]
offset_0        43       -349543          -22           22   (15-84 p)   [-359950.4937, -338995.5303]

----- dataset: Contrastdata_expres       ----- model: gp_multidimensional           
rot_amp         44          -0.8         -6.4          7.1   (15-84 p)   [  -10.0000,    10.0000]
con_amp         45         -17.4         -1.8          3.5   (15-84 p)   [  -20.0000,    20.0000]

----- dataset:  Contrastdata_harps
jitter_0        46            92          -21           19   (15-84 p)   [    1.3000, 13000.0000]
offset_0        47       -453748          -18           18   (15-84 p)   [-464080.0031, -409437.5103]
offset_1        48       -419797          -32           33   (15-84 p)   [-464080.0031, -409437.5103]

----- dataset: Contrastdata_harps        ----- model: gp_multidimensional           
rot_amp         49          -3.2         -4.8          7.3   (15-84 p)   [  -10.0000,    10.0000]
con_amp         50          18.0         -3.0          1.4   (15-84 p)   [  -20.0000,    20.0000]

----- dataset:  Contrastdata_neid
jitter_0        51            30          -20           25   (15-84 p)   [    1.3000, 13000.0000]
offset_0        52       -359628          -15           16   (15-84 p)   [-369946.2996, -349325.0185]

----- dataset: Contrastdata_neid         ----- model: gp_multidimensional           
rot_amp         53          -3.9         -4.4          7.7   (15-84 p)   [  -10.0000,    10.0000]
con_amp         54             2          -14           12   (15-84 p)   [  -20.0000,    20.0000]

----- dataset:  Halphadata_expres
jitter_0        55      0.000077    -0.000046     0.000072   (15-84 p)   [    0.0000,     0.1000]
offset_0        56       0.17209     -0.00013      0.00016   (15-84 p)   [-9999.8287, 10000.1727]

----- dataset: Halphadata_expres         ----- model: gp_multidimensional           
rot_amp         57      -0.00015     -0.00070      0.00069   (15-84 p)   [  -10.0000,    10.0000]
con_amp         58       0.00011     -0.00018      0.00020   (15-84 p)   [  -20.0000,    20.0000]

----- dataset:  Halphadata_harps
jitter_0        59       0.00027     -0.00017      0.00020   (15-84 p)   [    0.0000,     0.1000]
offset_0        60       0.17485     -0.00026      0.00030   (15-84 p)   [-9999.8278, 10000.1792]
offset_1        61       0.17399     -0.00032      0.00033   (15-84 p)   [-9999.8278, 10000.1792]

----- dataset: Halphadata_harps          ----- model: gp_multidimensional           
rot_amp         62      -0.00108     -0.00068      0.00065   (15-84 p)   [  -10.0000,    10.0000]
con_amp         63       0.00056     -0.00019      0.00021   (15-84 p)   [  -20.0000,    20.0000]

----- dataset:  Halphadata_neid
jitter_0        64      0.000095    -0.000061     0.000089   (15-84 p)   [    0.0000,     0.1000]
offset_0        65       0.17111     -0.00017      0.00015   (15-84 p)   [-9999.8299, 10000.1722]

----- dataset: Halphadata_neid           ----- model: gp_multidimensional           
rot_amp         66      -0.00008     -0.00072      0.00072   (15-84 p)   [  -10.0000,    10.0000]
con_amp         67      -0.00014     -0.00022      0.00020   (15-84 p)   [  -20.0000,    20.0000]

----- common model:  activity
Prot             0         28.29        -0.45         0.47   (15-84 p)   [   20.0000,    35.0000]
Pdec             1         30.56        -0.40         0.90   (15-84 p)   [   30.0000,  1000.0000]
Oamp             2         -1.28        -0.12         0.11   (15-84 p)   [   -6.6439,     0.0000]

----- common model:  star_parameters

====================================================================================================
     Statistics on the model parameters obtained from the posteriors samples     
====================================================================================================

----- dataset:  RVdata_expres
jitter_0                 1.339       -0.099         0.12    (15-84 p)
offset_0                   9.9         -1.1          1.3    (15-84 p)


----- dataset: RVdata_expres             ----- model: gp_multidimensional           
rot_amp                    8.1         -1.3          1.1    (15-84 p)
con_amp                   2.59        -0.60         0.97    (15-84 p)

----- dataset:  RVdata_harps
jitter_0                 1.004       -0.077        0.085    (15-84 p)
offset_0                 10.30        -0.99          1.2    (15-84 p)
offset_1                  10.7         -1.0          1.2    (15-84 p)


----- dataset: RVdata_harps              ----- model: gp_multidimensional           
rot_amp                    8.1         -1.2          1.0    (15-84 p)
con_amp                   2.31        -0.56         0.99    (15-84 p)

----- dataset:  RVdata_neid
jitter_0                 0.956       -0.076        0.086    (15-84 p)
offset_0                 10.37        -0.67         0.89    (15-84 p)


----- dataset: RVdata_neid               ----- model: gp_multidimensional           
rot_amp                   9.13         -1.0         0.62    (15-84 p)
con_amp                   1.61        -0.53         0.89    (15-84 p)

----- dataset:  BISdata_expres
jitter_0                  1.90        -0.16         0.18    (15-84 p)
offset_0                -55.05        -0.29         0.31    (15-84 p)


----- dataset: BISdata_expres            ----- model: gp_multidimensional           
rot_amp                    4.1         -1.5          1.6    (15-84 p)
con_amp                   0.13        -0.41         0.49    (15-84 p)

----- dataset:  BISdata_harps
jitter_0                  2.05        -0.16         0.18    (15-84 p)
offset_0                -45.41        -0.46         0.56    (15-84 p)
offset_1                -35.03        -0.62         0.70    (15-84 p)


----- dataset: BISdata_harps             ----- model: gp_multidimensional           
rot_amp                   -0.3         -1.5          1.4    (15-84 p)
con_amp                   1.01        -0.44         0.51    (15-84 p)

----- dataset:  BISdata_neid
jitter_0                  1.39        -0.15         0.16    (15-84 p)
offset_0                -46.75        -0.28         0.24    (15-84 p)


----- dataset: BISdata_neid              ----- model: gp_multidimensional           
rot_amp                   -1.0         -1.2          1.2    (15-84 p)
con_amp                  -0.22        -0.38         0.35    (15-84 p)

----- dataset:  FWHMdata_expres
jitter_0                  0.57        -0.37         0.61    (15-84 p)
offset_0                6774.7         -2.4          2.1    (15-84 p)


----- dataset: FWHMdata_expres           ----- model: gp_multidimensional           
rot_amp                   -2.0         -3.7          3.5    (15-84 p)
con_amp                   -4.9         -1.3          1.1    (15-84 p)

----- dataset:  FWHMdata_harps
jitter_0                  0.40        -0.25         0.39    (15-84 p)
offset_0               6917.46        -0.69         0.69    (15-84 p)
offset_1                7171.3         -1.1          1.2    (15-84 p)


----- dataset: FWHMdata_harps            ----- model: gp_multidimensional           
rot_amp                   -1.3         -3.1          3.0    (15-84 p)
con_amp                   0.19        -0.90         0.91    (15-84 p)

----- dataset:  FWHMdata_neid
jitter_0                  0.50        -0.32         0.47    (15-84 p)
offset_0               6955.75        -1.00         0.79    (15-84 p)


----- dataset: FWHMdata_neid             ----- model: gp_multidimensional           
rot_amp                   -2.1         -3.6          3.7    (15-84 p)
con_amp                   -1.4         -1.2          1.0    (15-84 p)

----- dataset:  Contrastdata_expres
jitter_0                   161          -18           20    (15-84 p)
offset_0               -349543          -22           22    (15-84 p)


----- dataset: Contrastdata_expres       ----- model: gp_multidimensional           
rot_amp                   -0.8         -6.4          7.1    (15-84 p)
con_amp                  -17.4         -1.8          3.5    (15-84 p)

----- dataset:  Contrastdata_harps
jitter_0                    92          -21           19    (15-84 p)
offset_0               -453748          -18           18    (15-84 p)
offset_1               -419797          -32           33    (15-84 p)


----- dataset: Contrastdata_harps        ----- model: gp_multidimensional           
rot_amp                   -3.2         -4.8          7.3    (15-84 p)
con_amp                   18.0         -3.0          1.4    (15-84 p)

----- dataset:  Contrastdata_neid
jitter_0                    30          -20           25    (15-84 p)
offset_0               -359628          -15           16    (15-84 p)


----- dataset: Contrastdata_neid         ----- model: gp_multidimensional           
rot_amp                   -3.9         -4.4          7.7    (15-84 p)
con_amp                      2          -14           12    (15-84 p)

----- dataset:  Halphadata_expres
jitter_0              0.000077    -0.000046     0.000072    (15-84 p)
offset_0               0.17209     -0.00013      0.00016    (15-84 p)


----- dataset: Halphadata_expres         ----- model: gp_multidimensional           
rot_amp               -0.00015     -0.00070      0.00069    (15-84 p)
con_amp                0.00011     -0.00018      0.00020    (15-84 p)

----- dataset:  Halphadata_harps
jitter_0               0.00027     -0.00017      0.00020    (15-84 p)
offset_0               0.17485     -0.00026      0.00030    (15-84 p)
offset_1               0.17399     -0.00032      0.00033    (15-84 p)


----- dataset: Halphadata_harps          ----- model: gp_multidimensional           
rot_amp               -0.00108     -0.00068      0.00065    (15-84 p)
con_amp                0.00056     -0.00019      0.00021    (15-84 p)

----- dataset:  Halphadata_neid
jitter_0              0.000095    -0.000061     0.000089    (15-84 p)
offset_0               0.17111     -0.00017      0.00015    (15-84 p)


----- dataset: Halphadata_neid           ----- model: gp_multidimensional           
rot_amp               -0.00008     -0.00072      0.00072    (15-84 p)
con_amp               -0.00014     -0.00022      0.00020    (15-84 p)

----- common model:  activity
Prot                     28.29        -0.45         0.47    (15-84 p)
Pdec                     30.56        -0.40         0.90    (15-84 p)
Oamp                     0.412       -0.033        0.031    (15-84 p)

----- common model:  star_parameters

====================================================================================================
     Statistics on the derived parameters obtained from the posteriors samples     
====================================================================================================


====================================================================================================
     ------------------------------------------------------------------------------------------     
====================================================================================================



30000.0   steps completed, average lnprob:,  -2693.544910428639


Computing the autocorrelation time of the chains

***** WARNING ******
The integrated autocorrelation time cannot be reliably estimated
likely the chains are too short, and ACF analysis is not fully reliable
emcee.autocorr.integrated_time tolerance lowered to 20
If you still get a warning, you should drop these results entirely
Chains too short to apply convergence criteria
They should be at least 1800*nthin = 270000

====================================================================================================
     Statistics on the posterior of the sampler parameters     
====================================================================================================

----- dataset:  RVdata_expres
jitter_0         3         1.340       -0.098         0.12   (15-84 p)   [    0.0010,    14.4000]
offset_0         4           9.9         -1.2          1.5   (15-84 p)   [-9996.1930, 10013.7390]

----- dataset: RVdata_expres             ----- model: gp_multidimensional           
rot_amp          5           8.1         -1.4          1.2   (15-84 p)   [    0.0000,    10.0000]
con_amp          6          2.80        -0.72          1.5   (15-84 p)   [  -20.0000,    20.0000]

----- dataset:  RVdata_harps
jitter_0         7         1.003       -0.076        0.083   (15-84 p)   [    0.0009,    12.4000]
offset_0         8          10.3         -1.1          1.3   (15-84 p)   [-9994.9455, 10014.6615]
offset_1         9          10.7         -1.1          1.3   (15-84 p)   [-9994.9455, 10014.6615]

----- dataset: RVdata_harps              ----- model: gp_multidimensional           
rot_amp         10           8.0         -1.4          1.1   (15-84 p)   [    0.0000,    10.0000]
con_amp         11          2.54        -0.67          1.5   (15-84 p)   [  -20.0000,    20.0000]

----- dataset:  RVdata_neid
jitter_0        12         0.956       -0.075        0.086   (15-84 p)   [    0.0010,    12.3000]
offset_0        13         10.41        -0.77          1.0   (15-84 p)   [-9994.3136, 10014.8014]

----- dataset: RVdata_neid               ----- model: gp_multidimensional           
rot_amp         14          9.12         -1.1         0.63   (15-84 p)   [    0.0000,    10.0000]
con_amp         15          1.81        -0.64          1.4   (15-84 p)   [  -20.0000,    20.0000]

----- dataset:  BISdata_expres
jitter_0        16          1.90        -0.16         0.18   (15-84 p)   [    0.0095,    95.0000]
offset_0        17        -55.03        -0.31         0.35   (15-84 p)   [-10060.1667,  9950.1333]

----- dataset: BISdata_expres            ----- model: gp_multidimensional           
rot_amp         18           4.1         -1.5          1.7   (15-84 p)   [  -10.0000,    10.0000]
con_amp         19          0.19        -0.45         0.63   (15-84 p)   [  -20.0000,    20.0000]

----- dataset:  BISdata_harps
jitter_0        20          2.05        -0.16         0.19   (15-84 p)   [    0.0095,    95.0000]
offset_0        21        -45.41        -0.49         0.59   (15-84 p)   [-10050.5000,  9969.8833]
offset_1        22        -35.03        -0.67         0.72   (15-84 p)   [-10050.5000,  9969.8833]

----- dataset: BISdata_harps             ----- model: gp_multidimensional           
rot_amp         23          -0.5         -1.6          1.5   (15-84 p)   [  -10.0000,    10.0000]
con_amp         24          1.08        -0.48         0.57   (15-84 p)   [  -20.0000,    20.0000]

----- dataset:  BISdata_neid
jitter_0        25          1.39        -0.15         0.16   (15-84 p)   [    0.0095,    95.0000]
offset_0        26        -46.75        -0.29         0.25   (15-84 p)   [-10050.4333,  9957.9667]

----- dataset: BISdata_neid              ----- model: gp_multidimensional           
rot_amp         27          -1.1         -1.3          1.3   (15-84 p)   [  -10.0000,    10.0000]
con_amp         28         -0.26        -0.42         0.37   (15-84 p)   [  -20.0000,    20.0000]

----- dataset:  FWHMdata_expres
jitter_0        29          0.56        -0.36         0.59   (15-84 p)   [    0.0500,   500.0000]
offset_0        30        6774.7         -2.6          2.2   (15-84 p)   [-3231.3466, 16788.5945]

----- dataset: FWHMdata_expres           ----- model: gp_multidimensional           
rot_amp         31          -2.3         -3.6          3.6   (15-84 p)   [  -10.0000,    10.0000]
con_amp         32          -5.1         -1.7          1.2   (15-84 p)   [  -20.0000,    20.0000]

----- dataset:  FWHMdata_harps
jitter_0        33          0.41        -0.25         0.41   (15-84 p)   [    0.0500,   500.0000]
offset_0        34       6917.41        -0.71         0.71   (15-84 p)   [-3088.9025, 17176.9185]
offset_1        35        7171.3         -1.1          1.1   (15-84 p)   [-3088.9025, 17176.9185]

----- dataset: FWHMdata_harps            ----- model: gp_multidimensional           
rot_amp         36          -1.5         -3.2          3.2   (15-84 p)   [  -10.0000,    10.0000]
con_amp         37          0.16        -0.99         0.95   (15-84 p)   [  -20.0000,    20.0000]

----- dataset:  FWHMdata_neid
jitter_0        38          0.50        -0.32         0.50   (15-84 p)   [    0.0500,   500.0000]
offset_0        39       6955.73         -1.1         0.85   (15-84 p)   [-3048.6756, 16962.5032]

----- dataset: FWHMdata_neid             ----- model: gp_multidimensional           
rot_amp         40          -1.7         -3.8          4.1   (15-84 p)   [  -10.0000,    10.0000]
con_amp         41          -1.5         -1.4          1.1   (15-84 p)   [  -20.0000,    20.0000]

----- dataset:  Contrastdata_expres
jitter_0        42           161          -18           19   (15-84 p)   [    1.3000, 13000.0000]
offset_0        43       -349543          -22           22   (15-84 p)   [-359950.4937, -338995.5303]

----- dataset: Contrastdata_expres       ----- model: gp_multidimensional           
rot_amp         44          -0.5         -6.7          7.1   (15-84 p)   [  -10.0000,    10.0000]
con_amp         45         -16.1         -2.9          7.2   (15-84 p)   [  -20.0000,    20.0000]

----- dataset:  Contrastdata_harps
jitter_0        46            93          -20           19   (15-84 p)   [    1.3000, 13000.0000]
offset_0        47       -453749          -18           18   (15-84 p)   [-464080.0031, -409437.5103]
offset_1        48       -419798          -33           33   (15-84 p)   [-464080.0031, -409437.5103]

----- dataset: Contrastdata_harps        ----- model: gp_multidimensional           
rot_amp         49          -2.2         -5.5          7.4   (15-84 p)   [  -10.0000,    10.0000]
con_amp         50          17.0         -6.0          2.2   (15-84 p)   [  -20.0000,    20.0000]

----- dataset:  Contrastdata_neid
jitter_0        51            28          -19           26   (15-84 p)   [    1.3000, 13000.0000]
offset_0        52       -359628          -15           15   (15-84 p)   [-369946.2996, -349325.0185]

----- dataset: Contrastdata_neid         ----- model: gp_multidimensional           
rot_amp         53          -2.9         -5.1          7.9   (15-84 p)   [  -10.0000,    10.0000]
con_amp         54             2          -14           12   (15-84 p)   [  -20.0000,    20.0000]

----- dataset:  Halphadata_expres
jitter_0        55      0.000075    -0.000045     0.000073   (15-84 p)   [    0.0000,     0.1000]
offset_0        56       0.17209     -0.00014      0.00015   (15-84 p)   [-9999.8287, 10000.1727]

----- dataset: Halphadata_expres         ----- model: gp_multidimensional           
rot_amp         57      -0.00020     -0.00072      0.00070   (15-84 p)   [  -10.0000,    10.0000]
con_amp         58       0.00012     -0.00019      0.00021   (15-84 p)   [  -20.0000,    20.0000]

----- dataset:  Halphadata_harps
jitter_0        59       0.00026     -0.00017      0.00020   (15-84 p)   [    0.0000,     0.1000]
offset_0        60       0.17484     -0.00025      0.00031   (15-84 p)   [-9999.8278, 10000.1792]
offset_1        61       0.17397     -0.00032      0.00035   (15-84 p)   [-9999.8278, 10000.1792]

----- dataset: Halphadata_harps          ----- model: gp_multidimensional           
rot_amp         62      -0.00117     -0.00073      0.00068   (15-84 p)   [  -10.0000,    10.0000]
con_amp         63       0.00057     -0.00020      0.00023   (15-84 p)   [  -20.0000,    20.0000]

----- dataset:  Halphadata_neid
jitter_0        64      0.000091    -0.000057     0.000088   (15-84 p)   [    0.0000,     0.1000]
offset_0        65       0.17111     -0.00017      0.00015   (15-84 p)   [-9999.8299, 10000.1722]

----- dataset: Halphadata_neid           ----- model: gp_multidimensional           
rot_amp         66      -0.00002     -0.00074      0.00076   (15-84 p)   [  -10.0000,    10.0000]
con_amp         67      -0.00015     -0.00023      0.00021   (15-84 p)   [  -20.0000,    20.0000]

----- common model:  activity
Prot             0         28.31        -0.45         0.47   (15-84 p)   [   20.0000,    35.0000]
Pdec             1         31.09        -0.83          2.8   (15-84 p)   [   30.0000,  1000.0000]
Oamp             2         -1.28        -0.12         0.11   (15-84 p)   [   -6.6439,     0.0000]

----- common model:  star_parameters

====================================================================================================
     Statistics on the model parameters obtained from the posteriors samples     
====================================================================================================

----- dataset:  RVdata_expres
jitter_0                 1.340       -0.098         0.12    (15-84 p)
offset_0                   9.9         -1.2          1.5    (15-84 p)


----- dataset: RVdata_expres             ----- model: gp_multidimensional           
rot_amp                    8.1         -1.4          1.2    (15-84 p)
con_amp                   2.80        -0.72          1.5    (15-84 p)

----- dataset:  RVdata_harps
jitter_0                 1.003       -0.076        0.083    (15-84 p)
offset_0                  10.3         -1.1          1.3    (15-84 p)
offset_1                  10.7         -1.1          1.3    (15-84 p)


----- dataset: RVdata_harps              ----- model: gp_multidimensional           
rot_amp                    8.0         -1.4          1.1    (15-84 p)
con_amp                   2.54        -0.67          1.5    (15-84 p)

----- dataset:  RVdata_neid
jitter_0                 0.956       -0.075        0.086    (15-84 p)
offset_0                 10.41        -0.77          1.0    (15-84 p)


----- dataset: RVdata_neid               ----- model: gp_multidimensional           
rot_amp                   9.12         -1.1         0.63    (15-84 p)
con_amp                   1.81        -0.64          1.4    (15-84 p)

----- dataset:  BISdata_expres
jitter_0                  1.90        -0.16         0.18    (15-84 p)
offset_0                -55.03        -0.31         0.35    (15-84 p)


----- dataset: BISdata_expres            ----- model: gp_multidimensional           
rot_amp                    4.1         -1.5          1.7    (15-84 p)
con_amp                   0.19        -0.45         0.63    (15-84 p)

----- dataset:  BISdata_harps
jitter_0                  2.05        -0.16         0.19    (15-84 p)
offset_0                -45.41        -0.49         0.59    (15-84 p)
offset_1                -35.03        -0.67         0.72    (15-84 p)


----- dataset: BISdata_harps             ----- model: gp_multidimensional           
rot_amp                   -0.5         -1.6          1.5    (15-84 p)
con_amp                   1.08        -0.48         0.57    (15-84 p)

----- dataset:  BISdata_neid
jitter_0                  1.39        -0.15         0.16    (15-84 p)
offset_0                -46.75        -0.29         0.25    (15-84 p)


----- dataset: BISdata_neid              ----- model: gp_multidimensional           
rot_amp                   -1.1         -1.3          1.3    (15-84 p)
con_amp                  -0.26        -0.42         0.37    (15-84 p)

----- dataset:  FWHMdata_expres
jitter_0                  0.56        -0.36         0.59    (15-84 p)
offset_0                6774.7         -2.6          2.2    (15-84 p)


----- dataset: FWHMdata_expres           ----- model: gp_multidimensional           
rot_amp                   -2.3         -3.6          3.6    (15-84 p)
con_amp                   -5.1         -1.7          1.2    (15-84 p)

----- dataset:  FWHMdata_harps
jitter_0                  0.41        -0.25         0.41    (15-84 p)
offset_0               6917.41        -0.71         0.71    (15-84 p)
offset_1                7171.3         -1.1          1.1    (15-84 p)


----- dataset: FWHMdata_harps            ----- model: gp_multidimensional           
rot_amp                   -1.5         -3.2          3.2    (15-84 p)
con_amp                   0.16        -0.99         0.95    (15-84 p)

----- dataset:  FWHMdata_neid
jitter_0                  0.50        -0.32         0.50    (15-84 p)
offset_0               6955.73         -1.1         0.85    (15-84 p)


----- dataset: FWHMdata_neid             ----- model: gp_multidimensional           
rot_amp                   -1.7         -3.8          4.1    (15-84 p)
con_amp                   -1.5         -1.4          1.1    (15-84 p)

----- dataset:  Contrastdata_expres
jitter_0                   161          -18           19    (15-84 p)
offset_0               -349543          -22           22    (15-84 p)


----- dataset: Contrastdata_expres       ----- model: gp_multidimensional           
rot_amp                   -0.5         -6.7          7.1    (15-84 p)
con_amp                  -16.1         -2.9          7.2    (15-84 p)

----- dataset:  Contrastdata_harps
jitter_0                    93          -20           19    (15-84 p)
offset_0               -453749          -18           18    (15-84 p)
offset_1               -419798          -33           33    (15-84 p)


----- dataset: Contrastdata_harps        ----- model: gp_multidimensional           
rot_amp                   -2.2         -5.5          7.4    (15-84 p)
con_amp                   17.0         -6.0          2.2    (15-84 p)

----- dataset:  Contrastdata_neid
jitter_0                    28          -19           26    (15-84 p)
offset_0               -359628          -15           15    (15-84 p)


----- dataset: Contrastdata_neid         ----- model: gp_multidimensional           
rot_amp                   -2.9         -5.1          7.9    (15-84 p)
con_amp                      2          -14           12    (15-84 p)

----- dataset:  Halphadata_expres
jitter_0              0.000075    -0.000045     0.000073    (15-84 p)
offset_0               0.17209     -0.00014      0.00015    (15-84 p)


----- dataset: Halphadata_expres         ----- model: gp_multidimensional           
rot_amp               -0.00020     -0.00072      0.00070    (15-84 p)
con_amp                0.00012     -0.00019      0.00021    (15-84 p)

----- dataset:  Halphadata_harps
jitter_0               0.00026     -0.00017      0.00020    (15-84 p)
offset_0               0.17484     -0.00025      0.00031    (15-84 p)
offset_1               0.17397     -0.00032      0.00035    (15-84 p)


----- dataset: Halphadata_harps          ----- model: gp_multidimensional           
rot_amp               -0.00117     -0.00073      0.00068    (15-84 p)
con_amp                0.00057     -0.00020      0.00023    (15-84 p)

----- dataset:  Halphadata_neid
jitter_0              0.000091    -0.000057     0.000088    (15-84 p)
offset_0               0.17111     -0.00017      0.00015    (15-84 p)


----- dataset: Halphadata_neid           ----- model: gp_multidimensional           
rot_amp               -0.00002     -0.00074      0.00076    (15-84 p)
con_amp               -0.00015     -0.00023      0.00021    (15-84 p)

----- common model:  activity
Prot                     28.31        -0.45         0.47    (15-84 p)
Pdec                     31.09        -0.83          2.8    (15-84 p)
Oamp                     0.412       -0.033        0.032    (15-84 p)

----- common model:  star_parameters

====================================================================================================
     Statistics on the derived parameters obtained from the posteriors samples     
====================================================================================================


====================================================================================================
     ------------------------------------------------------------------------------------------     
====================================================================================================



45000.0   steps completed, average lnprob:,  -2698.9172192788387


Computing the autocorrelation time of the chains

***** WARNING ******
The integrated autocorrelation time cannot be reliably estimated
likely the chains are too short, and ACF analysis is not fully reliable
emcee.autocorr.integrated_time tolerance lowered to 20
If you still get a warning, you should drop these results entirely
Chains too short to apply convergence criteria
They should be at least 2400*nthin = 360000

====================================================================================================
     Statistics on the posterior of the sampler parameters     
====================================================================================================

----- dataset:  RVdata_expres
jitter_0         3         1.336       -0.099         0.12   (15-84 p)   [    0.0010,    14.4000]
offset_0         4          10.0         -1.4          1.8   (15-84 p)   [-9996.1930, 10013.7390]

----- dataset: RVdata_expres             ----- model: gp_multidimensional           
rot_amp          5           7.9         -1.7          1.3   (15-84 p)   [    0.0000,    10.0000]
con_amp          6          3.16        -0.96          3.4   (15-84 p)   [  -20.0000,    20.0000]

----- dataset:  RVdata_harps
jitter_0         7         1.004       -0.077        0.083   (15-84 p)   [    0.0009,    12.4000]
offset_0         8          10.4         -1.3          1.7   (15-84 p)   [-9994.9455, 10014.6615]
offset_1         9          10.8         -1.3          1.7   (15-84 p)   [-9994.9455, 10014.6615]

----- dataset: RVdata_harps              ----- model: gp_multidimensional           
rot_amp         10           7.8         -1.9          1.2   (15-84 p)   [    0.0000,    10.0000]
con_amp         11          2.89        -0.92          3.3   (15-84 p)   [  -20.0000,    20.0000]

----- dataset:  RVdata_neid
jitter_0        12         0.959       -0.076        0.087   (15-84 p)   [    0.0010,    12.3000]
offset_0        13         10.49        -0.88          1.4   (15-84 p)   [-9994.3136, 10014.8014]

----- dataset: RVdata_neid               ----- model: gp_multidimensional           
rot_amp         14          9.06         -1.3         0.67   (15-84 p)   [    0.0000,    10.0000]
con_amp         15          2.12        -0.85          3.1   (15-84 p)   [  -20.0000,    20.0000]

----- dataset:  BISdata_expres
jitter_0        16          1.90        -0.16         0.18   (15-84 p)   [    0.0095,    95.0000]
offset_0        17        -55.00        -0.33         0.45   (15-84 p)   [-10060.1667,  9950.1333]

----- dataset: BISdata_expres            ----- model: gp_multidimensional           
rot_amp         18           4.2         -1.7          1.9   (15-84 p)   [  -10.0000,    10.0000]
con_amp         19          0.32        -0.53          1.0   (15-84 p)   [  -20.0000,    20.0000]

----- dataset:  BISdata_harps
jitter_0        20          2.06        -0.16         0.19   (15-84 p)   [    0.0095,    95.0000]
offset_0        21        -45.39        -0.51         0.63   (15-84 p)   [-10050.5000,  9969.8833]
offset_1        22        -35.02        -0.69         0.76   (15-84 p)   [-10050.5000,  9969.8833]

----- dataset: BISdata_harps             ----- model: gp_multidimensional           
rot_amp         23          -0.7         -1.9          1.5   (15-84 p)   [  -10.0000,    10.0000]
con_amp         24          1.17        -0.53         0.75   (15-84 p)   [  -20.0000,    20.0000]

----- dataset:  BISdata_neid
jitter_0        25          1.39        -0.15         0.16   (15-84 p)   [    0.0095,    95.0000]
offset_0        26        -46.76        -0.32         0.26   (15-84 p)   [-10050.4333,  9957.9667]

----- dataset: BISdata_neid              ----- model: gp_multidimensional           
rot_amp         27          -1.2         -1.5          1.4   (15-84 p)   [  -10.0000,    10.0000]
con_amp         28         -0.31        -0.53         0.41   (15-84 p)   [  -20.0000,    20.0000]

----- dataset:  FWHMdata_expres
jitter_0        29          0.58        -0.37         0.59   (15-84 p)   [    0.0500,   500.0000]
offset_0        30        6774.6         -2.8          2.3   (15-84 p)   [-3231.3466, 16788.5945]

----- dataset: FWHMdata_expres           ----- model: gp_multidimensional           
rot_amp         31          -2.3         -3.8          3.8   (15-84 p)   [  -10.0000,    10.0000]
con_amp         32          -5.5         -2.9          1.4   (15-84 p)   [  -20.0000,    20.0000]

----- dataset:  FWHMdata_harps
jitter_0        33          0.41        -0.26         0.41   (15-84 p)   [    0.0500,   500.0000]
offset_0        34       6917.38        -0.73         0.74   (15-84 p)   [-3088.9025, 17176.9185]
offset_1        35        7171.3         -1.1          1.2   (15-84 p)   [-3088.9025, 17176.9185]

----- dataset: FWHMdata_harps            ----- model: gp_multidimensional           
rot_amp         36          -1.6         -3.4          3.4   (15-84 p)   [  -10.0000,    10.0000]
con_amp         37           0.1         -1.1          1.1   (15-84 p)   [  -20.0000,    20.0000]

----- dataset:  FWHMdata_neid
jitter_0        38          0.49        -0.32         0.50   (15-84 p)   [    0.0500,   500.0000]
offset_0        39       6955.64         -1.4         0.94   (15-84 p)   [-3048.6756, 16962.5032]

----- dataset: FWHMdata_neid             ----- model: gp_multidimensional           
rot_amp         40          -1.2         -4.1          4.7   (15-84 p)   [  -10.0000,    10.0000]
con_amp         41          -1.9         -2.0          1.3   (15-84 p)   [  -20.0000,    20.0000]

----- dataset:  Contrastdata_expres
jitter_0        42           162          -18           19   (15-84 p)   [    1.3000, 13000.0000]
offset_0        43       -349542          -22           22   (15-84 p)   [-359950.4937, -338995.5303]

----- dataset: Contrastdata_expres       ----- model: gp_multidimensional           
rot_amp         44          -0.6         -6.7          7.3   (15-84 p)   [  -10.0000,    10.0000]
con_amp         45         -14.7         -4.0           11   (15-84 p)   [  -20.0000,    20.0000]

----- dataset:  Contrastdata_harps
jitter_0        46            94          -20           19   (15-84 p)   [    1.3000, 13000.0000]
offset_0        47       -453750          -18           18   (15-84 p)   [-464080.0031, -409437.5103]
offset_1        48       -419798          -33           33   (15-84 p)   [-464080.0031, -409437.5103]

----- dataset: Contrastdata_harps        ----- model: gp_multidimensional           
rot_amp         49          -1.9         -5.7          7.5   (15-84 p)   [  -10.0000,    10.0000]
con_amp         50          15.8         -9.6          3.2   (15-84 p)   [  -20.0000,    20.0000]

----- dataset:  Contrastdata_neid
jitter_0        51            29          -19           25   (15-84 p)   [    1.3000, 13000.0000]
offset_0        52       -359629          -15           16   (15-84 p)   [-369946.2996, -349325.0185]

----- dataset: Contrastdata_neid         ----- model: gp_multidimensional           
rot_amp         53          -2.6         -5.3          7.6   (15-84 p)   [  -10.0000,    10.0000]
con_amp         54             1          -14           12   (15-84 p)   [  -20.0000,    20.0000]

----- dataset:  Halphadata_expres
jitter_0        55      0.000077    -0.000046     0.000074   (15-84 p)   [    0.0000,     0.1000]
offset_0        56       0.17209     -0.00014      0.00016   (15-84 p)   [-9999.8287, 10000.1727]

----- dataset: Halphadata_expres         ----- model: gp_multidimensional           
rot_amp         57      -0.00024     -0.00078      0.00073   (15-84 p)   [  -10.0000,    10.0000]
con_amp         58       0.00012     -0.00021      0.00024   (15-84 p)   [  -20.0000,    20.0000]

----- dataset:  Halphadata_harps
jitter_0        59       0.00028     -0.00018      0.00020   (15-84 p)   [    0.0000,     0.1000]
offset_0        60       0.17482     -0.00025      0.00032   (15-84 p)   [-9999.8278, 10000.1792]
offset_1        61       0.17396     -0.00032      0.00036   (15-84 p)   [-9999.8278, 10000.1792]

----- dataset: Halphadata_harps          ----- model: gp_multidimensional           
rot_amp         62      -0.00129     -0.00097      0.00074   (15-84 p)   [  -10.0000,    10.0000]
con_amp         63       0.00059     -0.00023      0.00027   (15-84 p)   [  -20.0000,    20.0000]

----- dataset:  Halphadata_neid
jitter_0        64      0.000086    -0.000054     0.000088   (15-84 p)   [    0.0000,     0.1000]
offset_0        65       0.17111     -0.00018      0.00015   (15-84 p)   [-9999.8299, 10000.1722]

----- dataset: Halphadata_neid           ----- model: gp_multidimensional           
rot_amp         66       0.00005     -0.00079      0.00091   (15-84 p)   [  -10.0000,    10.0000]
con_amp         67      -0.00016     -0.00027      0.00024   (15-84 p)   [  -20.0000,    20.0000]

----- common model:  activity
Prot             0         28.32        -0.45         0.47   (15-84 p)   [   20.0000,    35.0000]
Pdec             1          32.1         -1.7          8.7   (15-84 p)   [   30.0000,  1000.0000]
Oamp             2         -1.28        -0.13         0.11   (15-84 p)   [   -6.6439,     0.0000]

----- common model:  star_parameters

====================================================================================================
     Statistics on the model parameters obtained from the posteriors samples     
====================================================================================================

----- dataset:  RVdata_expres
jitter_0                 1.336       -0.099         0.12    (15-84 p)
offset_0                  10.0         -1.4          1.8    (15-84 p)


----- dataset: RVdata_expres             ----- model: gp_multidimensional           
rot_amp                    7.9         -1.7          1.3    (15-84 p)
con_amp                   3.16        -0.96          3.4    (15-84 p)

----- dataset:  RVdata_harps
jitter_0                 1.004       -0.077        0.083    (15-84 p)
offset_0                  10.4         -1.3          1.7    (15-84 p)
offset_1                  10.8         -1.3          1.7    (15-84 p)


----- dataset: RVdata_harps              ----- model: gp_multidimensional           
rot_amp                    7.8         -1.9          1.2    (15-84 p)
con_amp                   2.89        -0.92          3.3    (15-84 p)

----- dataset:  RVdata_neid
jitter_0                 0.959       -0.076        0.087    (15-84 p)
offset_0                 10.49        -0.88          1.4    (15-84 p)


----- dataset: RVdata_neid               ----- model: gp_multidimensional           
rot_amp                   9.06         -1.3         0.67    (15-84 p)
con_amp                   2.12        -0.85          3.1    (15-84 p)

----- dataset:  BISdata_expres
jitter_0                  1.90        -0.16         0.18    (15-84 p)
offset_0                -55.00        -0.33         0.45    (15-84 p)


----- dataset: BISdata_expres            ----- model: gp_multidimensional           
rot_amp                    4.2         -1.7          1.9    (15-84 p)
con_amp                   0.32        -0.53          1.0    (15-84 p)

----- dataset:  BISdata_harps
jitter_0                  2.06        -0.16         0.19    (15-84 p)
offset_0                -45.39        -0.51         0.63    (15-84 p)
offset_1                -35.02        -0.69         0.76    (15-84 p)


----- dataset: BISdata_harps             ----- model: gp_multidimensional           
rot_amp                   -0.7         -1.9          1.5    (15-84 p)
con_amp                   1.17        -0.53         0.75    (15-84 p)

----- dataset:  BISdata_neid
jitter_0                  1.39        -0.15         0.16    (15-84 p)
offset_0                -46.76        -0.32         0.26    (15-84 p)


----- dataset: BISdata_neid              ----- model: gp_multidimensional           
rot_amp                   -1.2         -1.5          1.4    (15-84 p)
con_amp                  -0.31        -0.53         0.41    (15-84 p)

----- dataset:  FWHMdata_expres
jitter_0                  0.58        -0.37         0.59    (15-84 p)
offset_0                6774.6         -2.8          2.3    (15-84 p)


----- dataset: FWHMdata_expres           ----- model: gp_multidimensional           
rot_amp                   -2.3         -3.8          3.8    (15-84 p)
con_amp                   -5.5         -2.9          1.4    (15-84 p)

----- dataset:  FWHMdata_harps
jitter_0                  0.41        -0.26         0.41    (15-84 p)
offset_0               6917.38        -0.73         0.74    (15-84 p)
offset_1                7171.3         -1.1          1.2    (15-84 p)


----- dataset: FWHMdata_harps            ----- model: gp_multidimensional           
rot_amp                   -1.6         -3.4          3.4    (15-84 p)
con_amp                    0.1         -1.1          1.1    (15-84 p)

----- dataset:  FWHMdata_neid
jitter_0                  0.49        -0.32         0.50    (15-84 p)
offset_0               6955.64         -1.4         0.94    (15-84 p)


----- dataset: FWHMdata_neid             ----- model: gp_multidimensional           
rot_amp                   -1.2         -4.1          4.7    (15-84 p)
con_amp                   -1.9         -2.0          1.3    (15-84 p)

----- dataset:  Contrastdata_expres
jitter_0                   162          -18           19    (15-84 p)
offset_0               -349542          -22           22    (15-84 p)


----- dataset: Contrastdata_expres       ----- model: gp_multidimensional           
rot_amp                   -0.6         -6.7          7.3    (15-84 p)
con_amp                  -14.7         -4.0           11    (15-84 p)

----- dataset:  Contrastdata_harps
jitter_0                    94          -20           19    (15-84 p)
offset_0               -453750          -18           18    (15-84 p)
offset_1               -419798          -33           33    (15-84 p)


----- dataset: Contrastdata_harps        ----- model: gp_multidimensional           
rot_amp                   -1.9         -5.7          7.5    (15-84 p)
con_amp                   15.8         -9.6          3.2    (15-84 p)

----- dataset:  Contrastdata_neid
jitter_0                    29          -19           25    (15-84 p)
offset_0               -359629          -15           16    (15-84 p)


----- dataset: Contrastdata_neid         ----- model: gp_multidimensional           
rot_amp                   -2.6         -5.3          7.6    (15-84 p)
con_amp                      1          -14           12    (15-84 p)

----- dataset:  Halphadata_expres
jitter_0              0.000077    -0.000046     0.000074    (15-84 p)
offset_0               0.17209     -0.00014      0.00016    (15-84 p)


----- dataset: Halphadata_expres         ----- model: gp_multidimensional           
rot_amp               -0.00024     -0.00078      0.00073    (15-84 p)
con_amp                0.00012     -0.00021      0.00024    (15-84 p)

----- dataset:  Halphadata_harps
jitter_0               0.00028     -0.00018      0.00020    (15-84 p)
offset_0               0.17482     -0.00025      0.00032    (15-84 p)
offset_1               0.17396     -0.00032      0.00036    (15-84 p)


----- dataset: Halphadata_harps          ----- model: gp_multidimensional           
rot_amp               -0.00129     -0.00097      0.00074    (15-84 p)
con_amp                0.00059     -0.00023      0.00027    (15-84 p)

----- dataset:  Halphadata_neid
jitter_0              0.000086    -0.000054     0.000088    (15-84 p)
offset_0               0.17111     -0.00018      0.00015    (15-84 p)


----- dataset: Halphadata_neid           ----- model: gp_multidimensional           
rot_amp                0.00005     -0.00079      0.00091    (15-84 p)
con_amp               -0.00016     -0.00027      0.00024    (15-84 p)

----- common model:  activity
Prot                     28.32        -0.45         0.47    (15-84 p)
Pdec                      32.1         -1.7          8.7    (15-84 p)
Oamp                     0.411       -0.034        0.032    (15-84 p)

----- common model:  star_parameters

====================================================================================================
     Statistics on the derived parameters obtained from the posteriors samples     
====================================================================================================


====================================================================================================
     ------------------------------------------------------------------------------------------     
====================================================================================================



60000.0   steps completed, average lnprob:,  -2708.269606882276


emcee completed


:::---::: PyORBIT v11.0.1 :::---:::

Python version in use:
3.10.18 (main, Jun  5 2025, 13:14:17) [GCC 11.2.0]
LaTeX disabled by default

gp_multidimensional  S+LEAF model, number of harmonics: 4

GP model: gp_multidimensional  hyperparameters_condition:    True
GP model: gp_multidimensional  rotation_decay_condition:     True

### PyORBIT version used in the analysis:  11.0.1

 emcee version:  3.1.6

 Reference Time Tref: 59334.700184

 Data points:1595
 Dimensions: 68
 Nwalkers:   272
 Steps:      60000


Number of samplings: 81600

Recomputing ln-prior, it may take a while...

ln-probability   distribution:  -2696.47      -11.84      8.19 (15-84 p) 
ln-prior         distribution:   -366.72       -2.22      1.42 (15-84 p) 
ln-likelihood    distribution:  -2329.35      -12.08      8.43 (15-84 p) 


*** Information criteria using the likelihood distribution

 BIC from distribution  (using likelihood)  =   5160.18    -16.86   24.16 (15-84 p)
 AIC from distribution  (using likelihood)  =   4794.70    -16.86   24.16 (15-84 p)
 AICc from distribution (using likelihood)  =   4800.85    -16.86   24.16 (15-84 p)


*** Information criteria using the median parameter set

 ln_probability of Median solution =  -2666.31
 ln_priors of Median solution      =   -366.27
 ln_likelihood of Median solution  =  -2300.04

 Median BIC  (using likelihood) =   5101.56
 Median AIC  (using likelihood) =   4736.09
 Median AICc (using likelihood) =   4742.24


*** Information criteria using the MAP parameter set

 ln_probability of MAP solution =  -2668.09
 ln_priors of MAP solution      =   -366.35
 ln_likelihood of MAP solution  =  -2301.75

 MAP BIC  (using likelihood)    =   5104.97
 MAP AIC  (using likelihood)    =   4739.50
 MAP AICc (using likelihood)    =   4745.64

 AICc suggested over AIC because NDATA ( 1595 ) < 40 * NDIM ( 68 )

****************************************************************************************************


Computing the autocorrelation time of the chains

***** WARNING ******
The integrated autocorrelation time cannot be reliably estimated
likely the chains are too short, and ACF analysis is not fully reliable
emcee.autocorr.integrated_time tolerance lowered to 20
If you still get a warning, you should drop these results entirely
Chains too short to apply convergence criteria
They should be at least 2400*nthin = 360000

 ACF computation failed, no plot will be generated 


====================================================================================================
     Ids, spaces (s), boundaries (b) and priors (p) of the sampler parameters     
====================================================================================================

----- dataset:  RVdata_expres
jitter_0      id:   3  s:Linear      b:[      0.0010,      14.4000]   p:Uniform   []
offset_0      id:   4  s:Linear      b:[  -9996.1930,   10013.7390]   p:Uniform   []

----- dataset: RVdata_expres             ----- model: gp_multidimensional           
rot_amp       id:   5  s:Linear      b:[      0.0000,      10.0000]   p:Uniform   []
con_amp       id:   6  s:Linear      b:[    -20.0000,      20.0000]   p:Uniform   []

----- dataset:  RVdata_harps
jitter_0      id:   7  s:Linear      b:[      0.0009,      12.4000]   p:Uniform   []
offset_0      id:   8  s:Linear      b:[  -9994.9455,   10014.6615]   p:Uniform   []
offset_1      id:   9  s:Linear      b:[  -9994.9455,   10014.6615]   p:Uniform   []

----- dataset: RVdata_harps              ----- model: gp_multidimensional           
rot_amp       id:  10  s:Linear      b:[      0.0000,      10.0000]   p:Uniform   []
con_amp       id:  11  s:Linear      b:[    -20.0000,      20.0000]   p:Uniform   []

----- dataset:  RVdata_neid
jitter_0      id:  12  s:Linear      b:[      0.0010,      12.3000]   p:Uniform   []
offset_0      id:  13  s:Linear      b:[  -9994.3136,   10014.8014]   p:Uniform   []

----- dataset: RVdata_neid               ----- model: gp_multidimensional           
rot_amp       id:  14  s:Linear      b:[      0.0000,      10.0000]   p:Uniform   []
con_amp       id:  15  s:Linear      b:[    -20.0000,      20.0000]   p:Uniform   []

----- dataset:  BISdata_expres
jitter_0      id:  16  s:Linear      b:[      0.0095,      95.0000]   p:Uniform   []
offset_0      id:  17  s:Linear      b:[ -10060.1667,    9950.1333]   p:Uniform   []

----- dataset: BISdata_expres            ----- model: gp_multidimensional           
rot_amp       id:  18  s:Linear      b:[    -10.0000,      10.0000]   p:Uniform   []
con_amp       id:  19  s:Linear      b:[    -20.0000,      20.0000]   p:Uniform   []

----- dataset:  BISdata_harps
jitter_0      id:  20  s:Linear      b:[      0.0095,      95.0000]   p:Uniform   []
offset_0      id:  21  s:Linear      b:[ -10050.5000,    9969.8833]   p:Uniform   []
offset_1      id:  22  s:Linear      b:[ -10050.5000,    9969.8833]   p:Uniform   []

----- dataset: BISdata_harps             ----- model: gp_multidimensional           
rot_amp       id:  23  s:Linear      b:[    -10.0000,      10.0000]   p:Uniform   []
con_amp       id:  24  s:Linear      b:[    -20.0000,      20.0000]   p:Uniform   []

----- dataset:  BISdata_neid
jitter_0      id:  25  s:Linear      b:[      0.0095,      95.0000]   p:Uniform   []
offset_0      id:  26  s:Linear      b:[ -10050.4333,    9957.9667]   p:Uniform   []

----- dataset: BISdata_neid              ----- model: gp_multidimensional           
rot_amp       id:  27  s:Linear      b:[    -10.0000,      10.0000]   p:Uniform   []
con_amp       id:  28  s:Linear      b:[    -20.0000,      20.0000]   p:Uniform   []

----- dataset:  FWHMdata_expres
jitter_0      id:  29  s:Linear      b:[      0.0500,     500.0000]   p:Uniform   []
offset_0      id:  30  s:Linear      b:[  -3231.3466,   16788.5945]   p:Uniform   []

----- dataset: FWHMdata_expres           ----- model: gp_multidimensional           
rot_amp       id:  31  s:Linear      b:[    -10.0000,      10.0000]   p:Uniform   []
con_amp       id:  32  s:Linear      b:[    -20.0000,      20.0000]   p:Uniform   []

----- dataset:  FWHMdata_harps
jitter_0      id:  33  s:Linear      b:[      0.0500,     500.0000]   p:Uniform   []
offset_0      id:  34  s:Linear      b:[  -3088.9025,   17176.9185]   p:Uniform   []
offset_1      id:  35  s:Linear      b:[  -3088.9025,   17176.9185]   p:Uniform   []

----- dataset: FWHMdata_harps            ----- model: gp_multidimensional           
rot_amp       id:  36  s:Linear      b:[    -10.0000,      10.0000]   p:Uniform   []
con_amp       id:  37  s:Linear      b:[    -20.0000,      20.0000]   p:Uniform   []

----- dataset:  FWHMdata_neid
jitter_0      id:  38  s:Linear      b:[      0.0500,     500.0000]   p:Uniform   []
offset_0      id:  39  s:Linear      b:[  -3048.6756,   16962.5032]   p:Uniform   []

----- dataset: FWHMdata_neid             ----- model: gp_multidimensional           
rot_amp       id:  40  s:Linear      b:[    -10.0000,      10.0000]   p:Uniform   []
con_amp       id:  41  s:Linear      b:[    -20.0000,      20.0000]   p:Uniform   []

----- dataset:  Contrastdata_expres
jitter_0      id:  42  s:Linear      b:[      1.3000,   13000.0000]   p:Uniform   []
offset_0      id:  43  s:Linear      b:[-359950.4937, -338995.5303]   p:Uniform   []

----- dataset: Contrastdata_expres       ----- model: gp_multidimensional           
rot_amp       id:  44  s:Linear      b:[    -10.0000,      10.0000]   p:Uniform   []
con_amp       id:  45  s:Linear      b:[    -20.0000,      20.0000]   p:Uniform   []

----- dataset:  Contrastdata_harps
jitter_0      id:  46  s:Linear      b:[      1.3000,   13000.0000]   p:Uniform   []
offset_0      id:  47  s:Linear      b:[-464080.0031, -409437.5103]   p:Uniform   []
offset_1      id:  48  s:Linear      b:[-464080.0031, -409437.5103]   p:Uniform   []

----- dataset: Contrastdata_harps        ----- model: gp_multidimensional           
rot_amp       id:  49  s:Linear      b:[    -10.0000,      10.0000]   p:Uniform   []
con_amp       id:  50  s:Linear      b:[    -20.0000,      20.0000]   p:Uniform   []

----- dataset:  Contrastdata_neid
jitter_0      id:  51  s:Linear      b:[      1.3000,   13000.0000]   p:Uniform   []
offset_0      id:  52  s:Linear      b:[-369946.2996, -349325.0185]   p:Uniform   []

----- dataset: Contrastdata_neid         ----- model: gp_multidimensional           
rot_amp       id:  53  s:Linear      b:[    -10.0000,      10.0000]   p:Uniform   []
con_amp       id:  54  s:Linear      b:[    -20.0000,      20.0000]   p:Uniform   []

----- dataset:  Halphadata_expres
jitter_0      id:  55  s:Linear      b:[      0.0000,       0.1000]   p:Uniform   []
offset_0      id:  56  s:Linear      b:[  -9999.8287,   10000.1727]   p:Uniform   []

----- dataset: Halphadata_expres         ----- model: gp_multidimensional           
rot_amp       id:  57  s:Linear      b:[    -10.0000,      10.0000]   p:Uniform   []
con_amp       id:  58  s:Linear      b:[    -20.0000,      20.0000]   p:Uniform   []

----- dataset:  Halphadata_harps
jitter_0      id:  59  s:Linear      b:[      0.0000,       0.1000]   p:Uniform   []
offset_0      id:  60  s:Linear      b:[  -9999.8278,   10000.1792]   p:Uniform   []
offset_1      id:  61  s:Linear      b:[  -9999.8278,   10000.1792]   p:Uniform   []

----- dataset: Halphadata_harps          ----- model: gp_multidimensional           
rot_amp       id:  62  s:Linear      b:[    -10.0000,      10.0000]   p:Uniform   []
con_amp       id:  63  s:Linear      b:[    -20.0000,      20.0000]   p:Uniform   []

----- dataset:  Halphadata_neid
jitter_0      id:  64  s:Linear      b:[      0.0000,       0.1000]   p:Uniform   []
offset_0      id:  65  s:Linear      b:[  -9999.8299,   10000.1722]   p:Uniform   []

----- dataset: Halphadata_neid           ----- model: gp_multidimensional           
rot_amp       id:  66  s:Linear      b:[    -10.0000,      10.0000]   p:Uniform   []
con_amp       id:  67  s:Linear      b:[    -20.0000,      20.0000]   p:Uniform   []

----- common model:  activity
Prot          id:   0  s:Linear      b:[     20.0000,      35.0000]   p:Gaussian   [28.   0.5]
Pdec          id:   1  s:Linear      b:[     30.0000,    1000.0000]   p:Uniform   []
Oamp          id:   2  s:Log_Base2   b:[     -6.6439,       0.0000]   p:Gaussian   [0.35  0.035]

----- common model:  star_parameters
mass          derived (no id, space, bound)                           p:Gaussian   [1.e+00 1.e-06]
radius        derived (no id, space, bound)                           p:Gaussian   [1.e+00 1.e-06]
density       derived (no id, space, bound)                           p:Gaussian   [1.e+00 1.e-06]


****************************************************************************************************
****************************************************************************************************

 Confidence intervals (median value, 34.135th percentile from the median on the left and right side)

====================================================================================================
     Statistics on the posterior of the sampler parameters     
====================================================================================================

----- dataset:  RVdata_expres
jitter_0         3         1.336       -0.099         0.12   (15-84 p)   [    0.0010,    14.4000]
offset_0         4          10.0         -1.4          1.8   (15-84 p)   [-9996.1930, 10013.7390]

----- dataset: RVdata_expres             ----- model: gp_multidimensional           
rot_amp          5           7.9         -1.7          1.3   (15-84 p)   [    0.0000,    10.0000]
con_amp          6          3.16        -0.96          3.4   (15-84 p)   [  -20.0000,    20.0000]

----- dataset:  RVdata_harps
jitter_0         7         1.004       -0.077        0.083   (15-84 p)   [    0.0009,    12.4000]
offset_0         8          10.4         -1.3          1.7   (15-84 p)   [-9994.9455, 10014.6615]
offset_1         9          10.8         -1.3          1.7   (15-84 p)   [-9994.9455, 10014.6615]

----- dataset: RVdata_harps              ----- model: gp_multidimensional           
rot_amp         10           7.8         -1.9          1.2   (15-84 p)   [    0.0000,    10.0000]
con_amp         11          2.89        -0.92          3.3   (15-84 p)   [  -20.0000,    20.0000]

----- dataset:  RVdata_neid
jitter_0        12         0.959       -0.076        0.087   (15-84 p)   [    0.0010,    12.3000]
offset_0        13         10.49        -0.88          1.4   (15-84 p)   [-9994.3136, 10014.8014]

----- dataset: RVdata_neid               ----- model: gp_multidimensional           
rot_amp         14          9.06         -1.3         0.67   (15-84 p)   [    0.0000,    10.0000]
con_amp         15          2.12        -0.85          3.1   (15-84 p)   [  -20.0000,    20.0000]

----- dataset:  BISdata_expres
jitter_0        16          1.90        -0.16         0.18   (15-84 p)   [    0.0095,    95.0000]
offset_0        17        -55.00        -0.33         0.45   (15-84 p)   [-10060.1667,  9950.1333]

----- dataset: BISdata_expres            ----- model: gp_multidimensional           
rot_amp         18           4.2         -1.7          1.9   (15-84 p)   [  -10.0000,    10.0000]
con_amp         19          0.32        -0.53          1.0   (15-84 p)   [  -20.0000,    20.0000]

----- dataset:  BISdata_harps
jitter_0        20          2.06        -0.16         0.19   (15-84 p)   [    0.0095,    95.0000]
offset_0        21        -45.39        -0.51         0.63   (15-84 p)   [-10050.5000,  9969.8833]
offset_1        22        -35.02        -0.69         0.76   (15-84 p)   [-10050.5000,  9969.8833]

----- dataset: BISdata_harps             ----- model: gp_multidimensional           
rot_amp         23          -0.7         -1.9          1.5   (15-84 p)   [  -10.0000,    10.0000]
con_amp         24          1.17        -0.53         0.75   (15-84 p)   [  -20.0000,    20.0000]

----- dataset:  BISdata_neid
jitter_0        25          1.39        -0.15         0.16   (15-84 p)   [    0.0095,    95.0000]
offset_0        26        -46.76        -0.32         0.26   (15-84 p)   [-10050.4333,  9957.9667]

----- dataset: BISdata_neid              ----- model: gp_multidimensional           
rot_amp         27          -1.2         -1.5          1.4   (15-84 p)   [  -10.0000,    10.0000]
con_amp         28         -0.31        -0.53         0.41   (15-84 p)   [  -20.0000,    20.0000]

----- dataset:  FWHMdata_expres
jitter_0        29          0.58        -0.37         0.59   (15-84 p)   [    0.0500,   500.0000]
offset_0        30        6774.6         -2.8          2.3   (15-84 p)   [-3231.3466, 16788.5945]

----- dataset: FWHMdata_expres           ----- model: gp_multidimensional           
rot_amp         31          -2.3         -3.8          3.8   (15-84 p)   [  -10.0000,    10.0000]
con_amp         32          -5.5         -2.9          1.4   (15-84 p)   [  -20.0000,    20.0000]

----- dataset:  FWHMdata_harps
jitter_0        33          0.41        -0.26         0.41   (15-84 p)   [    0.0500,   500.0000]
offset_0        34       6917.38        -0.73         0.74   (15-84 p)   [-3088.9025, 17176.9185]
offset_1        35        7171.3         -1.1          1.2   (15-84 p)   [-3088.9025, 17176.9185]

----- dataset: FWHMdata_harps            ----- model: gp_multidimensional           
rot_amp         36          -1.6         -3.4          3.4   (15-84 p)   [  -10.0000,    10.0000]
con_amp         37           0.1         -1.1          1.1   (15-84 p)   [  -20.0000,    20.0000]

----- dataset:  FWHMdata_neid
jitter_0        38          0.49        -0.32         0.50   (15-84 p)   [    0.0500,   500.0000]
offset_0        39       6955.64         -1.4         0.94   (15-84 p)   [-3048.6756, 16962.5032]

----- dataset: FWHMdata_neid             ----- model: gp_multidimensional           
rot_amp         40          -1.2         -4.1          4.7   (15-84 p)   [  -10.0000,    10.0000]
con_amp         41          -1.9         -2.0          1.3   (15-84 p)   [  -20.0000,    20.0000]

----- dataset:  Contrastdata_expres
jitter_0        42           162          -18           19   (15-84 p)   [    1.3000, 13000.0000]
offset_0        43       -349542          -22           22   (15-84 p)   [-359950.4937, -338995.5303]

----- dataset: Contrastdata_expres       ----- model: gp_multidimensional           
rot_amp         44          -0.6         -6.7          7.3   (15-84 p)   [  -10.0000,    10.0000]
con_amp         45         -14.7         -4.0           11   (15-84 p)   [  -20.0000,    20.0000]

----- dataset:  Contrastdata_harps
jitter_0        46            94          -20           19   (15-84 p)   [    1.3000, 13000.0000]
offset_0        47       -453750          -18           18   (15-84 p)   [-464080.0031, -409437.5103]
offset_1        48       -419798          -33           33   (15-84 p)   [-464080.0031, -409437.5103]

----- dataset: Contrastdata_harps        ----- model: gp_multidimensional           
rot_amp         49          -1.9         -5.7          7.5   (15-84 p)   [  -10.0000,    10.0000]
con_amp         50          15.8         -9.6          3.2   (15-84 p)   [  -20.0000,    20.0000]

----- dataset:  Contrastdata_neid
jitter_0        51            29          -19           25   (15-84 p)   [    1.3000, 13000.0000]
offset_0        52       -359629          -15           16   (15-84 p)   [-369946.2996, -349325.0185]

----- dataset: Contrastdata_neid         ----- model: gp_multidimensional           
rot_amp         53          -2.6         -5.3          7.6   (15-84 p)   [  -10.0000,    10.0000]
con_amp         54             1          -14           12   (15-84 p)   [  -20.0000,    20.0000]

----- dataset:  Halphadata_expres
jitter_0        55      0.000077    -0.000046     0.000074   (15-84 p)   [    0.0000,     0.1000]
offset_0        56       0.17209     -0.00014      0.00016   (15-84 p)   [-9999.8287, 10000.1727]

----- dataset: Halphadata_expres         ----- model: gp_multidimensional           
rot_amp         57      -0.00024     -0.00078      0.00073   (15-84 p)   [  -10.0000,    10.0000]
con_amp         58       0.00012     -0.00021      0.00024   (15-84 p)   [  -20.0000,    20.0000]

----- dataset:  Halphadata_harps
jitter_0        59       0.00028     -0.00018      0.00020   (15-84 p)   [    0.0000,     0.1000]
offset_0        60       0.17482     -0.00025      0.00032   (15-84 p)   [-9999.8278, 10000.1792]
offset_1        61       0.17396     -0.00032      0.00036   (15-84 p)   [-9999.8278, 10000.1792]

----- dataset: Halphadata_harps          ----- model: gp_multidimensional           
rot_amp         62      -0.00129     -0.00097      0.00074   (15-84 p)   [  -10.0000,    10.0000]
con_amp         63       0.00059     -0.00023      0.00027   (15-84 p)   [  -20.0000,    20.0000]

----- dataset:  Halphadata_neid
jitter_0        64      0.000086    -0.000054     0.000088   (15-84 p)   [    0.0000,     0.1000]
offset_0        65       0.17111     -0.00018      0.00015   (15-84 p)   [-9999.8299, 10000.1722]

----- dataset: Halphadata_neid           ----- model: gp_multidimensional           
rot_amp         66       0.00005     -0.00079      0.00091   (15-84 p)   [  -10.0000,    10.0000]
con_amp         67      -0.00016     -0.00027      0.00024   (15-84 p)   [  -20.0000,    20.0000]

----- common model:  activity
Prot             0         28.32        -0.45         0.47   (15-84 p)   [   20.0000,    35.0000]
Pdec             1          32.1         -1.7          8.7   (15-84 p)   [   30.0000,  1000.0000]
Oamp             2         -1.28        -0.13         0.11   (15-84 p)   [   -6.6439,     0.0000]

----- common model:  star_parameters

====================================================================================================
     Statistics on the model parameters obtained from the posteriors samples     
====================================================================================================

----- dataset:  RVdata_expres
jitter_0                 1.336       -0.099         0.12    (15-84 p)
offset_0                  10.0         -1.4          1.8    (15-84 p)


----- dataset: RVdata_expres             ----- model: gp_multidimensional           
rot_amp                    7.9         -1.7          1.3    (15-84 p)
con_amp                   3.16        -0.96          3.4    (15-84 p)

----- dataset:  RVdata_harps
jitter_0                 1.004       -0.077        0.083    (15-84 p)
offset_0                  10.4         -1.3          1.7    (15-84 p)
offset_1                  10.8         -1.3          1.7    (15-84 p)


----- dataset: RVdata_harps              ----- model: gp_multidimensional           
rot_amp                    7.8         -1.9          1.2    (15-84 p)
con_amp                   2.89        -0.92          3.3    (15-84 p)

----- dataset:  RVdata_neid
jitter_0                 0.959       -0.076        0.087    (15-84 p)
offset_0                 10.49        -0.88          1.4    (15-84 p)


----- dataset: RVdata_neid               ----- model: gp_multidimensional           
rot_amp                   9.06         -1.3         0.67    (15-84 p)
con_amp                   2.12        -0.85          3.1    (15-84 p)

----- dataset:  BISdata_expres
jitter_0                  1.90        -0.16         0.18    (15-84 p)
offset_0                -55.00        -0.33         0.45    (15-84 p)


----- dataset: BISdata_expres            ----- model: gp_multidimensional           
rot_amp                    4.2         -1.7          1.9    (15-84 p)
con_amp                   0.32        -0.53          1.0    (15-84 p)

----- dataset:  BISdata_harps
jitter_0                  2.06        -0.16         0.19    (15-84 p)
offset_0                -45.39        -0.51         0.63    (15-84 p)
offset_1                -35.02        -0.69         0.76    (15-84 p)


----- dataset: BISdata_harps             ----- model: gp_multidimensional           
rot_amp                   -0.7         -1.9          1.5    (15-84 p)
con_amp                   1.17        -0.53         0.75    (15-84 p)

----- dataset:  BISdata_neid
jitter_0                  1.39        -0.15         0.16    (15-84 p)
offset_0                -46.76        -0.32         0.26    (15-84 p)


----- dataset: BISdata_neid              ----- model: gp_multidimensional           
rot_amp                   -1.2         -1.5          1.4    (15-84 p)
con_amp                  -0.31        -0.53         0.41    (15-84 p)

----- dataset:  FWHMdata_expres
jitter_0                  0.58        -0.37         0.59    (15-84 p)
offset_0                6774.6         -2.8          2.3    (15-84 p)


----- dataset: FWHMdata_expres           ----- model: gp_multidimensional           
rot_amp                   -2.3         -3.8          3.8    (15-84 p)
con_amp                   -5.5         -2.9          1.4    (15-84 p)

----- dataset:  FWHMdata_harps
jitter_0                  0.41        -0.26         0.41    (15-84 p)
offset_0               6917.38        -0.73         0.74    (15-84 p)
offset_1                7171.3         -1.1          1.2    (15-84 p)


----- dataset: FWHMdata_harps            ----- model: gp_multidimensional           
rot_amp                   -1.6         -3.4          3.4    (15-84 p)
con_amp                    0.1         -1.1          1.1    (15-84 p)

----- dataset:  FWHMdata_neid
jitter_0                  0.49        -0.32         0.50    (15-84 p)
offset_0               6955.64         -1.4         0.94    (15-84 p)


----- dataset: FWHMdata_neid             ----- model: gp_multidimensional           
rot_amp                   -1.2         -4.1          4.7    (15-84 p)
con_amp                   -1.9         -2.0          1.3    (15-84 p)

----- dataset:  Contrastdata_expres
jitter_0                   162          -18           19    (15-84 p)
offset_0               -349542          -22           22    (15-84 p)


----- dataset: Contrastdata_expres       ----- model: gp_multidimensional           
rot_amp                   -0.6         -6.7          7.3    (15-84 p)
con_amp                  -14.7         -4.0           11    (15-84 p)

----- dataset:  Contrastdata_harps
jitter_0                    94          -20           19    (15-84 p)
offset_0               -453750          -18           18    (15-84 p)
offset_1               -419798          -33           33    (15-84 p)


----- dataset: Contrastdata_harps        ----- model: gp_multidimensional           
rot_amp                   -1.9         -5.7          7.5    (15-84 p)
con_amp                   15.8         -9.6          3.2    (15-84 p)

----- dataset:  Contrastdata_neid
jitter_0                    29          -19           25    (15-84 p)
offset_0               -359629          -15           16    (15-84 p)


----- dataset: Contrastdata_neid         ----- model: gp_multidimensional           
rot_amp                   -2.6         -5.3          7.6    (15-84 p)
con_amp                      1          -14           12    (15-84 p)

----- dataset:  Halphadata_expres
jitter_0              0.000077    -0.000046     0.000074    (15-84 p)
offset_0               0.17209     -0.00014      0.00016    (15-84 p)


----- dataset: Halphadata_expres         ----- model: gp_multidimensional           
rot_amp               -0.00024     -0.00078      0.00073    (15-84 p)
con_amp                0.00012     -0.00021      0.00024    (15-84 p)

----- dataset:  Halphadata_harps
jitter_0               0.00028     -0.00018      0.00020    (15-84 p)
offset_0               0.17482     -0.00025      0.00032    (15-84 p)
offset_1               0.17396     -0.00032      0.00036    (15-84 p)


----- dataset: Halphadata_harps          ----- model: gp_multidimensional           
rot_amp               -0.00129     -0.00097      0.00074    (15-84 p)
con_amp                0.00059     -0.00023      0.00027    (15-84 p)

----- dataset:  Halphadata_neid
jitter_0              0.000086    -0.000054     0.000088    (15-84 p)
offset_0               0.17111     -0.00018      0.00015    (15-84 p)


----- dataset: Halphadata_neid           ----- model: gp_multidimensional           
rot_amp                0.00005     -0.00079      0.00091    (15-84 p)
con_amp               -0.00016     -0.00027      0.00024    (15-84 p)

----- common model:  activity
Prot                     28.32        -0.45         0.47    (15-84 p)
Pdec                      32.1         -1.7          8.7    (15-84 p)
Oamp                     0.411       -0.034        0.032    (15-84 p)

----- common model:  star_parameters

====================================================================================================
     Statistics on the derived parameters obtained from the posteriors samples     
====================================================================================================


====================================================================================================
     ------------------------------------------------------------------------------------------     
====================================================================================================



****************************************************************************************************

 Parameters corresponding to the Maximum a Posteriori probability ( -2668.0927921207917 )

====================================================================================================
     Statistics on the posterior of the sampler parameters     
====================================================================================================

----- dataset:  RVdata_expres
jitter_0         3      1.212860 [    0.0010,    14.4000]
offset_0         4     10.162336 [-9996.1930, 10013.7390]

----- dataset: RVdata_expres             ----- model: gp_multidimensional           
rot_amp          5      5.899785 [    0.0000,    10.0000]
con_amp          6      1.584809 [  -20.0000,    20.0000]

----- dataset:  RVdata_harps
jitter_0         7      0.998310 [    0.0009,    12.4000]
offset_0         8     10.533598 [-9994.9455, 10014.6615]
offset_1         9     10.687643 [-9994.9455, 10014.6615]

----- dataset: RVdata_harps              ----- model: gp_multidimensional           
rot_amp         10      5.845197 [    0.0000,    10.0000]
con_amp         11      1.473531 [  -20.0000,    20.0000]

----- dataset:  RVdata_neid
jitter_0        12      0.801702 [    0.0010,    12.3000]
offset_0        13     10.509371 [-9994.3136, 10014.8014]

----- dataset: RVdata_neid               ----- model: gp_multidimensional           
rot_amp         14      6.303803 [    0.0000,    10.0000]
con_amp         15      0.924682 [  -20.0000,    20.0000]

----- dataset:  BISdata_expres
jitter_0        16      1.679604 [    0.0095,    95.0000]
offset_0        17    -55.051424 [-10060.1667,  9950.1333]

----- dataset: BISdata_expres            ----- model: gp_multidimensional           
rot_amp         18      3.826194 [  -10.0000,    10.0000]
con_amp         19     -0.042005 [  -20.0000,    20.0000]

----- dataset:  BISdata_harps
jitter_0        20      2.107642 [    0.0095,    95.0000]
offset_0        21    -45.227022 [-10050.5000,  9969.8833]
offset_1        22    -34.887115 [-10050.5000,  9969.8833]

----- dataset: BISdata_harps             ----- model: gp_multidimensional           
rot_amp         23     -1.358828 [  -10.0000,    10.0000]
con_amp         24      0.630148 [  -20.0000,    20.0000]

----- dataset:  BISdata_neid
jitter_0        25      1.490941 [    0.0095,    95.0000]
offset_0        26    -46.633898 [-10050.4333,  9957.9667]

----- dataset: BISdata_neid              ----- model: gp_multidimensional           
rot_amp         27     -0.552956 [  -10.0000,    10.0000]
con_amp         28     -0.100221 [  -20.0000,    20.0000]

----- dataset:  FWHMdata_expres
jitter_0        29      0.206126 [    0.0500,   500.0000]
offset_0        30   6774.355290 [-3231.3466, 16788.5945]

----- dataset: FWHMdata_expres           ----- model: gp_multidimensional           
rot_amp         31      0.579247 [  -10.0000,    10.0000]
con_amp         32     -3.578649 [  -20.0000,    20.0000]

----- dataset:  FWHMdata_harps
jitter_0        33      0.246925 [    0.0500,   500.0000]
offset_0        34   6917.037200 [-3088.9025, 17176.9185]
offset_1        35   7172.381118 [-3088.9025, 17176.9185]

----- dataset: FWHMdata_harps            ----- model: gp_multidimensional           
rot_amp         36     -0.886248 [  -10.0000,    10.0000]
con_amp         37     -0.194069 [  -20.0000,    20.0000]

----- dataset:  FWHMdata_neid
jitter_0        38      0.114298 [    0.0500,   500.0000]
offset_0        39   6955.744757 [-3048.6756, 16962.5032]

----- dataset: FWHMdata_neid             ----- model: gp_multidimensional           
rot_amp         40     -1.914309 [  -10.0000,    10.0000]
con_amp         41     -0.230620 [  -20.0000,    20.0000]

----- dataset:  Contrastdata_expres
jitter_0        42    147.393294 [    1.3000, 13000.0000]
offset_0        43  -349538.542959 [-359950.4937, -338995.5303]

----- dataset: Contrastdata_expres       ----- model: gp_multidimensional           
rot_amp         44     -6.810552 [  -10.0000,    10.0000]
con_amp         45    -19.645457 [  -20.0000,    20.0000]

----- dataset:  Contrastdata_harps
jitter_0        46     91.700240 [    1.3000, 13000.0000]
offset_0        47  -453732.858406 [-464080.0031, -409437.5103]
offset_1        48  -419834.913699 [-464080.0031, -409437.5103]

----- dataset: Contrastdata_harps        ----- model: gp_multidimensional           
rot_amp         49     -6.355058 [  -10.0000,    10.0000]
con_amp         50     19.531289 [  -20.0000,    20.0000]

----- dataset:  Contrastdata_neid
jitter_0        51     13.833635 [    1.3000, 13000.0000]
offset_0        52  -359634.005159 [-369946.2996, -349325.0185]

----- dataset: Contrastdata_neid         ----- model: gp_multidimensional           
rot_amp         53     -6.542825 [  -10.0000,    10.0000]
con_amp         54      6.644269 [  -20.0000,    20.0000]

----- dataset:  Halphadata_expres
jitter_0        55      0.000032 [    0.0000,     0.1000]
offset_0        56      0.171986 [-9999.8287, 10000.1727]

----- dataset: Halphadata_expres         ----- model: gp_multidimensional           
rot_amp         57     -0.000040 [  -10.0000,    10.0000]
con_amp         58     -0.000086 [  -20.0000,    20.0000]

----- dataset:  Halphadata_harps
jitter_0        59      0.000456 [    0.0000,     0.1000]
offset_0        60      0.174830 [-9999.8278, 10000.1792]
offset_1        61      0.174048 [-9999.8278, 10000.1792]

----- dataset: Halphadata_harps          ----- model: gp_multidimensional           
rot_amp         62     -0.000391 [  -10.0000,    10.0000]
con_amp         63      0.000363 [  -20.0000,    20.0000]

----- dataset:  Halphadata_neid
jitter_0        64      0.000052 [    0.0000,     0.1000]
offset_0        65      0.171076 [-9999.8299, 10000.1722]

----- dataset: Halphadata_neid           ----- model: gp_multidimensional           
rot_amp         66     -0.000088 [  -10.0000,    10.0000]
con_amp         67     -0.000153 [  -20.0000,    20.0000]

----- common model:  activity
Prot             0     28.270950 [   20.0000,    35.0000]
Pdec             1     30.088260 [   30.0000,  1000.0000]
Oamp             2     -1.274427 [   -6.6439,     0.0000]

----- common model:  star_parameters

====================================================================================================
     Statistics on the model parameters obtained from the posteriors samples     
====================================================================================================

----- dataset:  RVdata_expres
jitter_0              1.212860 
offset_0             10.162336 


----- dataset: RVdata_expres             ----- model: gp_multidimensional           
rot_amp               5.899785 
con_amp               1.584809 

----- dataset:  RVdata_harps
jitter_0              0.998310 
offset_0             10.533598 
offset_1             10.687643 


----- dataset: RVdata_harps              ----- model: gp_multidimensional           
rot_amp               5.845197 
con_amp               1.473531 

----- dataset:  RVdata_neid
jitter_0              0.801702 
offset_0             10.509371 


----- dataset: RVdata_neid               ----- model: gp_multidimensional           
rot_amp               6.303803 
con_amp               0.924682 

----- dataset:  BISdata_expres
jitter_0              1.679604 
offset_0            -55.051424 


----- dataset: BISdata_expres            ----- model: gp_multidimensional           
rot_amp               3.826194 
con_amp              -0.042005 

----- dataset:  BISdata_harps
jitter_0              2.107642 
offset_0            -45.227022 
offset_1            -34.887115 


----- dataset: BISdata_harps             ----- model: gp_multidimensional           
rot_amp              -1.358828 
con_amp               0.630148 

----- dataset:  BISdata_neid
jitter_0              1.490941 
offset_0            -46.633898 


----- dataset: BISdata_neid              ----- model: gp_multidimensional           
rot_amp              -0.552956 
con_amp              -0.100221 

----- dataset:  FWHMdata_expres
jitter_0              0.206126 
offset_0           6774.355290 


----- dataset: FWHMdata_expres           ----- model: gp_multidimensional           
rot_amp               0.579247 
con_amp              -3.578649 

----- dataset:  FWHMdata_harps
jitter_0              0.246925 
offset_0           6917.037200 
offset_1           7172.381118 


----- dataset: FWHMdata_harps            ----- model: gp_multidimensional           
rot_amp              -0.886248 
con_amp              -0.194069 

----- dataset:  FWHMdata_neid
jitter_0              0.114298 
offset_0           6955.744757 


----- dataset: FWHMdata_neid             ----- model: gp_multidimensional           
rot_amp              -1.914309 
con_amp              -0.230620 

----- dataset:  Contrastdata_expres
jitter_0            147.393294 
offset_0        -349538.542959 


----- dataset: Contrastdata_expres       ----- model: gp_multidimensional           
rot_amp              -6.810552 
con_amp             -19.645457 

----- dataset:  Contrastdata_harps
jitter_0             91.700240 
offset_0        -453732.858406 
offset_1        -419834.913699 


----- dataset: Contrastdata_harps        ----- model: gp_multidimensional           
rot_amp              -6.355058 
con_amp              19.531289 

----- dataset:  Contrastdata_neid
jitter_0             13.833635 
offset_0        -359634.005159 


----- dataset: Contrastdata_neid         ----- model: gp_multidimensional           
rot_amp              -6.542825 
con_amp               6.644269 

----- dataset:  Halphadata_expres
jitter_0              0.000032 
offset_0              0.171986 


----- dataset: Halphadata_expres         ----- model: gp_multidimensional           
rot_amp              -0.000040 
con_amp              -0.000086 

----- dataset:  Halphadata_harps
jitter_0              0.000456 
offset_0              0.174830 
offset_1              0.174048 


----- dataset: Halphadata_harps          ----- model: gp_multidimensional           
rot_amp              -0.000391 
con_amp               0.000363 

----- dataset:  Halphadata_neid
jitter_0              0.000052 
offset_0              0.171076 


----- dataset: Halphadata_neid           ----- model: gp_multidimensional           
rot_amp              -0.000088 
con_amp              -0.000153 

----- common model:  activity
Prot                 28.270950 
Pdec                 30.088260 
Oamp                  0.413389 

----- common model:  star_parameters

====================================================================================================
     Statistics on the derived parameters obtained from the posteriors samples     
====================================================================================================


====================================================================================================
     ------------------------------------------------------------------------------------------     
====================================================================================================



****************************************************************************************************

 Parameters corresponding to the sample closest to the median values ( -2678.719774957528 )

====================================================================================================
     Statistics on the posterior of the sampler parameters     
====================================================================================================

----- dataset:  RVdata_expres
jitter_0         3      1.214687 [    0.0010,    14.4000]
offset_0         4      9.031401 [-9996.1930, 10013.7390]

----- dataset: RVdata_expres             ----- model: gp_multidimensional           
rot_amp          5      8.337274 [    0.0000,    10.0000]
con_amp          6      2.162336 [  -20.0000,    20.0000]

----- dataset:  RVdata_harps
jitter_0         7      1.005703 [    0.0009,    12.4000]
offset_0         8      9.702221 [-9994.9455, 10014.6615]
offset_1         9      9.514912 [-9994.9455, 10014.6615]

----- dataset: RVdata_harps              ----- model: gp_multidimensional           
rot_amp         10      8.237698 [    0.0000,    10.0000]
con_amp         11      1.821940 [  -20.0000,    20.0000]

----- dataset:  RVdata_neid
jitter_0        12      0.919216 [    0.0010,    12.3000]
offset_0        13      9.850938 [-9994.3136, 10014.8014]

----- dataset: RVdata_neid               ----- model: gp_multidimensional           
rot_amp         14      9.035843 [    0.0000,    10.0000]
con_amp         15      1.131832 [  -20.0000,    20.0000]

----- dataset:  BISdata_expres
jitter_0        16      1.933738 [    0.0095,    95.0000]
offset_0        17    -55.130272 [-10060.1667,  9950.1333]

----- dataset: BISdata_expres            ----- model: gp_multidimensional           
rot_amp         18      5.790441 [  -10.0000,    10.0000]
con_amp         19      0.891127 [  -20.0000,    20.0000]

----- dataset:  BISdata_harps
jitter_0        20      2.282856 [    0.0095,    95.0000]
offset_0        21    -45.793852 [-10050.5000,  9969.8833]
offset_1        22    -35.365650 [-10050.5000,  9969.8833]

----- dataset: BISdata_harps             ----- model: gp_multidimensional           
rot_amp         23     -0.189312 [  -10.0000,    10.0000]
con_amp         24      0.779893 [  -20.0000,    20.0000]

----- dataset:  BISdata_neid
jitter_0        25      1.438632 [    0.0095,    95.0000]
offset_0        26    -46.601858 [-10050.4333,  9957.9667]

----- dataset: BISdata_neid              ----- model: gp_multidimensional           
rot_amp         27      0.058290 [  -10.0000,    10.0000]
con_amp         28     -0.302479 [  -20.0000,    20.0000]

----- dataset:  FWHMdata_expres
jitter_0        29      0.748259 [    0.0500,   500.0000]
offset_0        30   6775.680458 [-3231.3466, 16788.5945]

----- dataset: FWHMdata_expres           ----- model: gp_multidimensional           
rot_amp         31     -3.084227 [  -10.0000,    10.0000]
con_amp         32     -5.308281 [  -20.0000,    20.0000]

----- dataset:  FWHMdata_harps
jitter_0        33      0.268284 [    0.0500,   500.0000]
offset_0        34   6916.914183 [-3088.9025, 17176.9185]
offset_1        35   7171.541552 [-3088.9025, 17176.9185]

----- dataset: FWHMdata_harps            ----- model: gp_multidimensional           
rot_amp         36     -0.497940 [  -10.0000,    10.0000]
con_amp         37     -0.793051 [  -20.0000,    20.0000]

----- dataset:  FWHMdata_neid
jitter_0        38      0.210672 [    0.0500,   500.0000]
offset_0        39   6956.099569 [-3048.6756, 16962.5032]

----- dataset: FWHMdata_neid             ----- model: gp_multidimensional           
rot_amp         40     -2.573747 [  -10.0000,    10.0000]
con_amp         41     -1.874179 [  -20.0000,    20.0000]

----- dataset:  Contrastdata_expres
jitter_0        42    161.963478 [    1.3000, 13000.0000]
offset_0        43  -349527.044450 [-359950.4937, -338995.5303]

----- dataset: Contrastdata_expres       ----- model: gp_multidimensional           
rot_amp         44     -1.814079 [  -10.0000,    10.0000]
con_amp         45    -15.462578 [  -20.0000,    20.0000]

----- dataset:  Contrastdata_harps
jitter_0        46     99.969382 [    1.3000, 13000.0000]
offset_0        47  -453760.381624 [-464080.0031, -409437.5103]
offset_1        48  -419803.676571 [-464080.0031, -409437.5103]

----- dataset: Contrastdata_harps        ----- model: gp_multidimensional           
rot_amp         49     -1.207293 [  -10.0000,    10.0000]
con_amp         50     14.056550 [  -20.0000,    20.0000]

----- dataset:  Contrastdata_neid
jitter_0        51     19.307458 [    1.3000, 13000.0000]
offset_0        52  -359639.157182 [-369946.2996, -349325.0185]

----- dataset: Contrastdata_neid         ----- model: gp_multidimensional           
rot_amp         53     -3.601650 [  -10.0000,    10.0000]
con_amp         54      6.651088 [  -20.0000,    20.0000]

----- dataset:  Halphadata_expres
jitter_0        55      0.000060 [    0.0000,     0.1000]
offset_0        56      0.171970 [-9999.8287, 10000.1727]

----- dataset: Halphadata_expres         ----- model: gp_multidimensional           
rot_amp         57     -0.000260 [  -10.0000,    10.0000]
con_amp         58     -0.000008 [  -20.0000,    20.0000]

----- dataset:  Halphadata_harps
jitter_0        59      0.000076 [    0.0000,     0.1000]
offset_0        60      0.174557 [-9999.8278, 10000.1792]
offset_1        61      0.174088 [-9999.8278, 10000.1792]

----- dataset: Halphadata_harps          ----- model: gp_multidimensional           
rot_amp         62     -0.000894 [  -10.0000,    10.0000]
con_amp         63      0.000542 [  -20.0000,    20.0000]

----- dataset:  Halphadata_neid
jitter_0        64      0.000024 [    0.0000,     0.1000]
offset_0        65      0.171158 [-9999.8299, 10000.1722]

----- dataset: Halphadata_neid           ----- model: gp_multidimensional           
rot_amp         66     -0.000645 [  -10.0000,    10.0000]
con_amp         67     -0.000103 [  -20.0000,    20.0000]

----- common model:  activity
Prot             0     28.392637 [   20.0000,    35.0000]
Pdec             1     30.079351 [   30.0000,  1000.0000]
Oamp             2     -1.394406 [   -6.6439,     0.0000]

----- common model:  star_parameters

====================================================================================================
     Statistics on the model parameters obtained from the posteriors samples     
====================================================================================================

----- dataset:  RVdata_expres
jitter_0              1.214687 
offset_0              9.031401 


----- dataset: RVdata_expres             ----- model: gp_multidimensional           
rot_amp               8.337274 
con_amp               2.162336 

----- dataset:  RVdata_harps
jitter_0              1.005703 
offset_0              9.702221 
offset_1              9.514912 


----- dataset: RVdata_harps              ----- model: gp_multidimensional           
rot_amp               8.237698 
con_amp               1.821940 

----- dataset:  RVdata_neid
jitter_0              0.919216 
offset_0              9.850938 


----- dataset: RVdata_neid               ----- model: gp_multidimensional           
rot_amp               9.035843 
con_amp               1.131832 

----- dataset:  BISdata_expres
jitter_0              1.933738 
offset_0            -55.130272 


----- dataset: BISdata_expres            ----- model: gp_multidimensional           
rot_amp               5.790441 
con_amp               0.891127 

----- dataset:  BISdata_harps
jitter_0              2.282856 
offset_0            -45.793852 
offset_1            -35.365650 


----- dataset: BISdata_harps             ----- model: gp_multidimensional           
rot_amp              -0.189312 
con_amp               0.779893 

----- dataset:  BISdata_neid
jitter_0              1.438632 
offset_0            -46.601858 


----- dataset: BISdata_neid              ----- model: gp_multidimensional           
rot_amp               0.058290 
con_amp              -0.302479 

----- dataset:  FWHMdata_expres
jitter_0              0.748259 
offset_0           6775.680458 


----- dataset: FWHMdata_expres           ----- model: gp_multidimensional           
rot_amp              -3.084227 
con_amp              -5.308281 

----- dataset:  FWHMdata_harps
jitter_0              0.268284 
offset_0           6916.914183 
offset_1           7171.541552 


----- dataset: FWHMdata_harps            ----- model: gp_multidimensional           
rot_amp              -0.497940 
con_amp              -0.793051 

----- dataset:  FWHMdata_neid
jitter_0              0.210672 
offset_0           6956.099569 


----- dataset: FWHMdata_neid             ----- model: gp_multidimensional           
rot_amp              -2.573747 
con_amp              -1.874179 

----- dataset:  Contrastdata_expres
jitter_0            161.963478 
offset_0        -349527.044450 


----- dataset: Contrastdata_expres       ----- model: gp_multidimensional           
rot_amp              -1.814079 
con_amp             -15.462578 

----- dataset:  Contrastdata_harps
jitter_0             99.969382 
offset_0        -453760.381624 
offset_1        -419803.676571 


----- dataset: Contrastdata_harps        ----- model: gp_multidimensional           
rot_amp              -1.207293 
con_amp              14.056550 

----- dataset:  Contrastdata_neid
jitter_0             19.307458 
offset_0        -359639.157182 


----- dataset: Contrastdata_neid         ----- model: gp_multidimensional           
rot_amp              -3.601650 
con_amp               6.651088 

----- dataset:  Halphadata_expres
jitter_0              0.000060 
offset_0              0.171970 


----- dataset: Halphadata_expres         ----- model: gp_multidimensional           
rot_amp              -0.000260 
con_amp              -0.000008 

----- dataset:  Halphadata_harps
jitter_0              0.000076 
offset_0              0.174557 
offset_1              0.174088 


----- dataset: Halphadata_harps          ----- model: gp_multidimensional           
rot_amp              -0.000894 
con_amp               0.000542 

----- dataset:  Halphadata_neid
jitter_0              0.000024 
offset_0              0.171158 


----- dataset: Halphadata_neid           ----- model: gp_multidimensional           
rot_amp              -0.000645 
con_amp              -0.000103 

----- common model:  activity
Prot                 28.392637 
Pdec                 30.079351 
Oamp                  0.380401 

----- common model:  star_parameters

====================================================================================================
     Statistics on the derived parameters obtained from the posteriors samples     
====================================================================================================


====================================================================================================
     ------------------------------------------------------------------------------------------     
====================================================================================================



****************************************************************************************************

Note: stellar density derived from stellar mass and radius

 Plot FLAT chain 

****************************************************************************************************

 Skipping full correlation plot due to the high number of parameters
 To avoid this behaviour, set the keyword parameters:force_full_correlation_plot to True

****************************************************************************************************

 Plotting the chains... 

****************************************************************************************************

 Plotting the Gelman-Rubin traces... 

     Gelman-Rubin:     3     1.070546 RVdata_expres_jitter_0 
     Gelman-Rubin:     4     1.278096 RVdata_expres_offset_0 
     Gelman-Rubin:     5     1.083954 RVdata_expres_gp_multidimensional_rot_amp 
     Gelman-Rubin:     6     1.096569 RVdata_expres_gp_multidimensional_con_amp 
     Gelman-Rubin:     7     1.060272 RVdata_harps_jitter_0 
     Gelman-Rubin:     8     1.276123 RVdata_harps_offset_0 
     Gelman-Rubin:     9     1.277521 RVdata_harps_offset_1 
     Gelman-Rubin:    10     1.113012 RVdata_harps_gp_multidimensional_rot_amp 
     Gelman-Rubin:    11     1.094549 RVdata_harps_gp_multidimensional_con_amp 
     Gelman-Rubin:    12     1.069918 RVdata_neid_jitter_0 
     Gelman-Rubin:    13     1.254027 RVdata_neid_offset_0 
     Gelman-Rubin:    14     1.075863 RVdata_neid_gp_multidimensional_rot_amp 
     Gelman-Rubin:    15     1.098732 RVdata_neid_gp_multidimensional_con_amp 
     Gelman-Rubin:    16     1.073534 BISdata_expres_jitter_0 
     Gelman-Rubin:    17     1.162209 BISdata_expres_offset_0 
     Gelman-Rubin:    18     1.075847 BISdata_expres_gp_multidimensional_rot_amp 
     Gelman-Rubin:    19     1.119498 BISdata_expres_gp_multidimensional_con_amp 
     Gelman-Rubin:    20     1.064848 BISdata_harps_jitter_0 
     Gelman-Rubin:    21     1.231678 BISdata_harps_offset_0 
     Gelman-Rubin:    22     1.195493 BISdata_harps_offset_1 
     Gelman-Rubin:    23     1.077755 BISdata_harps_gp_multidimensional_rot_amp 
     Gelman-Rubin:    24     1.100045 BISdata_harps_gp_multidimensional_con_amp 
     Gelman-Rubin:    25     1.078938 BISdata_neid_jitter_0 
     Gelman-Rubin:    26     1.172663 BISdata_neid_offset_0 
     Gelman-Rubin:    27     1.107297 BISdata_neid_gp_multidimensional_rot_amp 
     Gelman-Rubin:    28     1.119634 BISdata_neid_gp_multidimensional_con_amp 
     Gelman-Rubin:    29     1.072912 FWHMdata_expres_jitter_0 
     Gelman-Rubin:    30     1.284420 FWHMdata_expres_offset_0 
     Gelman-Rubin:    31     1.082990 FWHMdata_expres_gp_multidimensional_rot_amp 
     Gelman-Rubin:    32     1.085053 FWHMdata_expres_gp_multidimensional_con_amp 
     Gelman-Rubin:    33     1.080004 FWHMdata_harps_jitter_0 
     Gelman-Rubin:    34     1.086132 FWHMdata_harps_offset_0 
     Gelman-Rubin:    35     1.072906 FWHMdata_harps_offset_1 
     Gelman-Rubin:    36     1.076011 FWHMdata_harps_gp_multidimensional_rot_amp 
     Gelman-Rubin:    37     1.100806 FWHMdata_harps_gp_multidimensional_con_amp 
     Gelman-Rubin:    38     1.087443 FWHMdata_neid_jitter_0 
     Gelman-Rubin:    39     1.185867 FWHMdata_neid_offset_0 
     Gelman-Rubin:    40     1.081988 FWHMdata_neid_gp_multidimensional_rot_amp 
     Gelman-Rubin:    41     1.097679 FWHMdata_neid_gp_multidimensional_con_amp 
     Gelman-Rubin:    42     1.071678 Contrastdata_expres_jitter_0 
     Gelman-Rubin:    43     1.094238 Contrastdata_expres_offset_0 
     Gelman-Rubin:    44     1.063583 Contrastdata_expres_gp_multidimensional_rot_amp 
     Gelman-Rubin:    45     1.066812 Contrastdata_expres_gp_multidimensional_con_amp 
     Gelman-Rubin:    46     1.064042 Contrastdata_harps_jitter_0 
     Gelman-Rubin:    47     1.089687 Contrastdata_harps_offset_0 
     Gelman-Rubin:    48     1.075138 Contrastdata_harps_offset_1 
     Gelman-Rubin:    49     1.057294 Contrastdata_harps_gp_multidimensional_rot_amp 
     Gelman-Rubin:    50     1.066535 Contrastdata_harps_gp_multidimensional_con_amp 
     Gelman-Rubin:    51     1.066552 Contrastdata_neid_jitter_0 
     Gelman-Rubin:    52     1.070312 Contrastdata_neid_offset_0 
     Gelman-Rubin:    53     1.054543 Contrastdata_neid_gp_multidimensional_rot_amp 
     Gelman-Rubin:    54     1.068668 Contrastdata_neid_gp_multidimensional_con_amp 
     Gelman-Rubin:    55     1.087362 Halphadata_expres_jitter_0 
     Gelman-Rubin:    56     1.116026 Halphadata_expres_offset_0 
     Gelman-Rubin:    57     1.101368 Halphadata_expres_gp_multidimensional_rot_amp 
     Gelman-Rubin:    58     1.095165 Halphadata_expres_gp_multidimensional_con_amp 
     Gelman-Rubin:    59     1.072497 Halphadata_harps_jitter_0 
     Gelman-Rubin:    60     1.231175 Halphadata_harps_offset_0 
     Gelman-Rubin:    61     1.171835 Halphadata_harps_offset_1 
     Gelman-Rubin:    62     1.082745 Halphadata_harps_gp_multidimensional_rot_amp 
     Gelman-Rubin:    63     1.102303 Halphadata_harps_gp_multidimensional_con_amp 
     Gelman-Rubin:    64     1.075037 Halphadata_neid_jitter_0 
     Gelman-Rubin:    65     1.121358 Halphadata_neid_offset_0 
     Gelman-Rubin:    66     1.084742 Halphadata_neid_gp_multidimensional_rot_amp 
     Gelman-Rubin:    67     1.096760 Halphadata_neid_gp_multidimensional_con_amp 
     Gelman-Rubin:     0     1.080968 activity_Prot 
     Gelman-Rubin:     1     1.045427 activity_Pdec 
     Gelman-Rubin:     2     1.076823 activity_Oamp 

****************************************************************************************************

Plotting the common models corner plots
     Common model:  activity
     Common model:  star_parameters

****************************************************************************************************

Plotting the dataset + models corner plots 

     Dataset:  RVdata_expres     model:  gp_multidimensional  corner plot  starting 
     Dataset:  RVdata_expres     model:  gp_multidimensional  corner plot  done 
     Dataset:  RVdata_harps     model:  gp_multidimensional  corner plot  starting 
     Dataset:  RVdata_harps     model:  gp_multidimensional  corner plot  done 
     Dataset:  RVdata_neid     model:  gp_multidimensional  corner plot  starting 
     Dataset:  RVdata_neid     model:  gp_multidimensional  corner plot  done 
     Dataset:  BISdata_expres     model:  gp_multidimensional  corner plot  starting 
     Dataset:  BISdata_expres     model:  gp_multidimensional  corner plot  done 
     Dataset:  BISdata_harps     model:  gp_multidimensional  corner plot  starting 
     Dataset:  BISdata_harps     model:  gp_multidimensional  corner plot  done 
     Dataset:  BISdata_neid     model:  gp_multidimensional  corner plot  starting 
     Dataset:  BISdata_neid     model:  gp_multidimensional  corner plot  done 
     Dataset:  FWHMdata_expres     model:  gp_multidimensional  corner plot  starting 
     Dataset:  FWHMdata_expres     model:  gp_multidimensional  corner plot  done 
     Dataset:  FWHMdata_harps     model:  gp_multidimensional  corner plot  starting 
     Dataset:  FWHMdata_harps     model:  gp_multidimensional  corner plot  done 
     Dataset:  FWHMdata_neid     model:  gp_multidimensional  corner plot  starting 
     Dataset:  FWHMdata_neid     model:  gp_multidimensional  corner plot  done 
     Dataset:  Contrastdata_expres     model:  gp_multidimensional  corner plot  starting 
     Dataset:  Contrastdata_expres     model:  gp_multidimensional  corner plot  done 
     Dataset:  Contrastdata_harps     model:  gp_multidimensional  corner plot  starting 
     Dataset:  Contrastdata_harps     model:  gp_multidimensional  corner plot  done 
     Dataset:  Contrastdata_neid     model:  gp_multidimensional  corner plot  starting 
     Dataset:  Contrastdata_neid     model:  gp_multidimensional  corner plot  done 
     Dataset:  Halphadata_expres     model:  gp_multidimensional  corner plot  starting 
     Dataset:  Halphadata_expres     model:  gp_multidimensional  corner plot  done 
     Dataset:  Halphadata_harps     model:  gp_multidimensional  corner plot  starting 
     Dataset:  Halphadata_harps     model:  gp_multidimensional  corner plot  done 
     Dataset:  Halphadata_neid     model:  gp_multidimensional  corner plot  starting 
     Dataset:  Halphadata_neid     model:  gp_multidimensional  corner plot  done 

****************************************************************************************************

 Saving the planet parameter samplings to files (with plots)

****************************************************************************************************

 Saving all the parameter samplings to files (with plots)

****************************************************************************************************

 Computing the models for plot/data writing 
     Splitting the plot array to allow GP prediction of extended datasets, it may take a while...
     # 21 chunks of 93 times each
     Check the documentation if the code is taking too long or if it crashes...
     Splitting the plot array to allow GP prediction of extended datasets, it may take a while...
     # 21 chunks of 93 times each
     Check the documentation if the code is taking too long or if it crashes...
     Splitting the plot array to allow GP prediction of extended datasets, it may take a while...
     # 21 chunks of 93 times each
     Check the documentation if the code is taking too long or if it crashes...
     Splitting the plot array to allow GP prediction of extended datasets, it may take a while...
     # 15 chunks of 93 times each
     Check the documentation if the code is taking too long or if it crashes...
     Splitting the plot array to allow GP prediction of extended datasets, it may take a while...
     # 15 chunks of 93 times each
     Check the documentation if the code is taking too long or if it crashes...
     Splitting the plot array to allow GP prediction of extended datasets, it may take a while...
     # 13 chunks of 93 times each
     Check the documentation if the code is taking too long or if it crashes...
     Splitting the plot array to allow GP prediction of extended datasets, it may take a while...
     # 15 chunks of 93 times each
     Check the documentation if the code is taking too long or if it crashes...
     Splitting the plot array to allow GP prediction of extended datasets, it may take a while...
     # 15 chunks of 93 times each
     Check the documentation if the code is taking too long or if it crashes...
     Splitting the plot array to allow GP prediction of extended datasets, it may take a while...
     # 13 chunks of 93 times each
     Check the documentation if the code is taking too long or if it crashes...
     Splitting the plot array to allow GP prediction of extended datasets, it may take a while...
     # 15 chunks of 93 times each
     Check the documentation if the code is taking too long or if it crashes...
     Splitting the plot array to allow GP prediction of extended datasets, it may take a while...
     # 15 chunks of 93 times each
     Check the documentation if the code is taking too long or if it crashes...
     Splitting the plot array to allow GP prediction of extended datasets, it may take a while...
     # 13 chunks of 93 times each
     Check the documentation if the code is taking too long or if it crashes...
     Splitting the plot array to allow GP prediction of extended datasets, it may take a while...
     # 15 chunks of 93 times each
     Check the documentation if the code is taking too long or if it crashes...
     Splitting the plot array to allow GP prediction of extended datasets, it may take a while...
     # 15 chunks of 93 times each
     Check the documentation if the code is taking too long or if it crashes...
     Splitting the plot array to allow GP prediction of extended datasets, it may take a while...
     # 13 chunks of 93 times each
     Check the documentation if the code is taking too long or if it crashes...
     Splitting the plot array to allow GP prediction of extended datasets, it may take a while...
     # 21 chunks of 93 times each
     Check the documentation if the code is taking too long or if it crashes...
     Splitting the plot array to allow GP prediction of extended datasets, it may take a while...
     # 21 chunks of 93 times each
     Check the documentation if the code is taking too long or if it crashes...
     Splitting the plot array to allow GP prediction of extended datasets, it may take a while...
     # 21 chunks of 93 times each
     Check the documentation if the code is taking too long or if it crashes...
     Splitting the plot array to allow GP prediction of extended datasets, it may take a while...
     # 15 chunks of 93 times each
     Check the documentation if the code is taking too long or if it crashes...
     Splitting the plot array to allow GP prediction of extended datasets, it may take a while...
     # 15 chunks of 93 times each
     Check the documentation if the code is taking too long or if it crashes...
     Splitting the plot array to allow GP prediction of extended datasets, it may take a while...
     # 13 chunks of 93 times each
     Check the documentation if the code is taking too long or if it crashes...
     Splitting the plot array to allow GP prediction of extended datasets, it may take a while...
     # 15 chunks of 93 times each
     Check the documentation if the code is taking too long or if it crashes...
     Splitting the plot array to allow GP prediction of extended datasets, it may take a while...
     # 15 chunks of 93 times each
     Check the documentation if the code is taking too long or if it crashes...
     Splitting the plot array to allow GP prediction of extended datasets, it may take a while...
     # 13 chunks of 93 times each
     Check the documentation if the code is taking too long or if it crashes...
     Splitting the plot array to allow GP prediction of extended datasets, it may take a while...
     # 15 chunks of 93 times each
     Check the documentation if the code is taking too long or if it crashes...
     Splitting the plot array to allow GP prediction of extended datasets, it may take a while...
     # 15 chunks of 93 times each
     Check the documentation if the code is taking too long or if it crashes...
     Splitting the plot array to allow GP prediction of extended datasets, it may take a while...
     # 13 chunks of 93 times each
     Check the documentation if the code is taking too long or if it crashes...
     Splitting the plot array to allow GP prediction of extended datasets, it may take a while...
     # 15 chunks of 93 times each
     Check the documentation if the code is taking too long or if it crashes...
     Splitting the plot array to allow GP prediction of extended datasets, it may take a while...
     # 15 chunks of 93 times each
     Check the documentation if the code is taking too long or if it crashes...
     Splitting the plot array to allow GP prediction of extended datasets, it may take a while...
     # 13 chunks of 93 times each
     Check the documentation if the code is taking too long or if it crashes...
     Splitting the plot array to allow GP prediction of extended datasets, it may take a while...
     # 21 chunks of 93 times each
     Check the documentation if the code is taking too long or if it crashes...
     Splitting the plot array to allow GP prediction of extended datasets, it may take a while...
     # 21 chunks of 93 times each
     Check the documentation if the code is taking too long or if it crashes...
     Splitting the plot array to allow GP prediction of extended datasets, it may take a while...
     # 21 chunks of 93 times each
     Check the documentation if the code is taking too long or if it crashes...
     Splitting the plot array to allow GP prediction of extended datasets, it may take a while...
     # 15 chunks of 93 times each
     Check the documentation if the code is taking too long or if it crashes...
     Splitting the plot array to allow GP prediction of extended datasets, it may take a while...
     # 15 chunks of 93 times each
     Check the documentation if the code is taking too long or if it crashes...
     Splitting the plot array to allow GP prediction of extended datasets, it may take a while...
     # 13 chunks of 93 times each
     Check the documentation if the code is taking too long or if it crashes...
     Splitting the plot array to allow GP prediction of extended datasets, it may take a while...
     # 15 chunks of 93 times each
     Check the documentation if the code is taking too long or if it crashes...
     Splitting the plot array to allow GP prediction of extended datasets, it may take a while...
     # 15 chunks of 93 times each
     Check the documentation if the code is taking too long or if it crashes...
     Splitting the plot array to allow GP prediction of extended datasets, it may take a while...
     # 13 chunks of 93 times each
     Check the documentation if the code is taking too long or if it crashes...
     Splitting the plot array to allow GP prediction of extended datasets, it may take a while...
     # 15 chunks of 93 times each
     Check the documentation if the code is taking too long or if it crashes...
     Splitting the plot array to allow GP prediction of extended datasets, it may take a while...
     # 15 chunks of 93 times each
     Check the documentation if the code is taking too long or if it crashes...
     Splitting the plot array to allow GP prediction of extended datasets, it may take a while...
     # 13 chunks of 93 times each
     Check the documentation if the code is taking too long or if it crashes...
     Splitting the plot array to allow GP prediction of extended datasets, it may take a while...
     # 15 chunks of 93 times each
     Check the documentation if the code is taking too long or if it crashes...
     Splitting the plot array to allow GP prediction of extended datasets, it may take a while...
     # 15 chunks of 93 times each
     Check the documentation if the code is taking too long or if it crashes...
     Splitting the plot array to allow GP prediction of extended datasets, it may take a while...
     # 13 chunks of 93 times each
     Check the documentation if the code is taking too long or if it crashes...
 Writing the plots 
 Writing the   data files 
 Writing the  MAP_ data files 
 Writing the  sampleMED_ data files 

****************************************************************************************************

