
:::---::: PyORBIT v11.0.1 :::---:::

Python version in use:
3.10.18 (main, Jun  5 2025, 13:14:17) [GCC 11.2.0]

reloaded_optimize:  False
reloaded_pyde:  False
reloaded_emcee:  False

number of multiprocessing threads: 16
multiprocessing method (should be fork):  fork

parameters/safe_reload flag (must be True for tinygp):  False

Opening:  RVdata_expres
Opening:  RVdata_harps
Opening:  RVdata_neid
Opening:  FIESTAdata_expres_mode1
Opening:  FIESTAdata_expres_mode2
Opening:  FIESTAdata_expres_mode3
Opening:  FIESTAdata_harps_mode1
Opening:  FIESTAdata_harps_mode2
Opening:  FIESTAdata_harps_mode3
Opening:  FIESTAdata_harpsn_mode1
Opening:  FIESTAdata_harpsn_mode2
Opening:  FIESTAdata_harpsn_mode3
Opening:  FIESTAdata_neid_mode1
Opening:  FIESTAdata_neid_mode2
Opening:  FIESTAdata_neid_mode3

Adding common model of planet:  b
Adding common model of planet:  c
Adding common model of planet:  d
Using orbital model:  keplerian
Using orbital parametrization:  Eastman2013

Using orbital model:  keplerian
Using orbital parametrization:  Eastman2013

Using orbital model:  keplerian
Using orbital parametrization:  Eastman2013

gp_multidimensional  S+LEAF model, number of harmonics: 4

GP model: gp_multidimensional  hyperparameters_condition:    True
GP model: gp_multidimensional  rotation_decay_condition:     True

====================================================================================================
     Ids, spaces (s), boundaries (b) and priors (p) of the sampler parameters     
====================================================================================================

----- dataset:  RVdata_expres
jitter_0      id:  18  s:Linear      b:[      0.0010,      14.4000]   p:Uniform   []
offset_0      id:  19  s:Linear      b:[  -9996.1930,   10013.7390]   p:Uniform   []

----- dataset: RVdata_expres             ----- model: gp_multidimensional           
rot_amp       id:  20  s:Linear      b:[      0.0000,      10.0000]   p:Uniform   []
con_amp       id:  21  s:Linear      b:[    -20.0000,      20.0000]   p:Uniform   []

----- dataset:  RVdata_harps
jitter_0      id:  22  s:Linear      b:[      0.0009,      12.4000]   p:Uniform   []
offset_0      id:  23  s:Linear      b:[  -9994.9455,   10014.6615]   p:Uniform   []
offset_1      id:  24  s:Linear      b:[  -9994.9455,   10014.6615]   p:Uniform   []

----- dataset: RVdata_harps              ----- model: gp_multidimensional           
rot_amp       id:  25  s:Linear      b:[      0.0000,      10.0000]   p:Uniform   []
con_amp       id:  26  s:Linear      b:[    -20.0000,      20.0000]   p:Uniform   []

----- dataset:  RVdata_neid
jitter_0      id:  27  s:Linear      b:[      0.0010,      12.3000]   p:Uniform   []
offset_0      id:  28  s:Linear      b:[  -9994.3136,   10014.8014]   p:Uniform   []

----- dataset: RVdata_neid               ----- model: gp_multidimensional           
rot_amp       id:  29  s:Linear      b:[      0.0000,      10.0000]   p:Uniform   []
con_amp       id:  30  s:Linear      b:[    -20.0000,      20.0000]   p:Uniform   []

----- dataset:  FIESTAdata_expres_mode1
jitter_0      id:  31  s:Linear      b:[      0.0017,      23.1624]   p:Uniform   []
offset_0      id:  32  s:Linear      b:[ -10002.1847,   10001.9137]   p:Uniform   []

----- dataset: FIESTAdata_expres_mode1   ----- model: gp_multidimensional           
rot_amp       id:  33  s:Linear      b:[    -10.0000,      10.0000]   p:Uniform   []
con_amp       id:  34  s:Linear      b:[    -20.0000,      20.0000]   p:Uniform   []

----- dataset:  FIESTAdata_expres_mode2
jitter_0      id:  35  s:Linear      b:[      0.0019,      26.5895]   p:Uniform   []
offset_0      id:  36  s:Linear      b:[ -10003.0918,   10003.3536]   p:Uniform   []

----- dataset: FIESTAdata_expres_mode2   ----- model: gp_multidimensional           
rot_amp       id:  37  s:Linear      b:[    -10.0000,      10.0000]   p:Uniform   []
con_amp       id:  38  s:Linear      b:[    -20.0000,      20.0000]   p:Uniform   []

----- dataset:  FIESTAdata_expres_mode3
jitter_0      id:  39  s:Linear      b:[      0.0044,      61.7088]   p:Uniform   []
offset_0      id:  40  s:Linear      b:[ -10007.6548,   10007.7250]   p:Uniform   []

----- dataset: FIESTAdata_expres_mode3   ----- model: gp_multidimensional           
rot_amp       id:  41  s:Linear      b:[    -10.0000,      10.0000]   p:Uniform   []
con_amp       id:  42  s:Linear      b:[    -20.0000,      20.0000]   p:Uniform   []

----- dataset:  FIESTAdata_harps_mode1
jitter_0      id:  43  s:Linear      b:[      0.0013,      14.0975]   p:Uniform   []
offset_0      id:  44  s:Linear      b:[ -10001.5162,   10001.7187]   p:Uniform   []

----- dataset: FIESTAdata_harps_mode1    ----- model: gp_multidimensional           
rot_amp       id:  45  s:Linear      b:[    -10.0000,      10.0000]   p:Uniform   []
con_amp       id:  46  s:Linear      b:[    -20.0000,      20.0000]   p:Uniform   []

----- dataset:  FIESTAdata_harps_mode2
jitter_0      id:  47  s:Linear      b:[      0.0016,      16.6619]   p:Uniform   []
offset_0      id:  48  s:Linear      b:[ -10002.0632,   10001.8156]   p:Uniform   []

----- dataset: FIESTAdata_harps_mode2    ----- model: gp_multidimensional           
rot_amp       id:  49  s:Linear      b:[    -10.0000,      10.0000]   p:Uniform   []
con_amp       id:  50  s:Linear      b:[    -20.0000,      20.0000]   p:Uniform   []

----- dataset:  FIESTAdata_harps_mode3
jitter_0      id:  51  s:Linear      b:[      0.0044,      47.8256]   p:Uniform   []
offset_0      id:  52  s:Linear      b:[ -10011.2944,   10006.6672]   p:Uniform   []

----- dataset: FIESTAdata_harps_mode3    ----- model: gp_multidimensional           
rot_amp       id:  53  s:Linear      b:[    -10.0000,      10.0000]   p:Uniform   []
con_amp       id:  54  s:Linear      b:[    -20.0000,      20.0000]   p:Uniform   []

----- dataset:  FIESTAdata_harpsn_mode1
jitter_0      id:  55  s:Linear      b:[      0.0010,      12.1573]   p:Uniform   []
offset_0      id:  56  s:Linear      b:[ -10003.6215,   10002.5502]   p:Uniform   []

----- dataset: FIESTAdata_harpsn_mode1   ----- model: gp_multidimensional           
rot_amp       id:  57  s:Linear      b:[    -10.0000,      10.0000]   p:Uniform   []
con_amp       id:  58  s:Linear      b:[    -20.0000,      20.0000]   p:Uniform   []

----- dataset:  FIESTAdata_harpsn_mode2
jitter_0      id:  59  s:Linear      b:[      0.0012,      14.0974]   p:Uniform   []
offset_0      id:  60  s:Linear      b:[ -10003.8285,   10004.7191]   p:Uniform   []

----- dataset: FIESTAdata_harpsn_mode2   ----- model: gp_multidimensional           
rot_amp       id:  61  s:Linear      b:[    -10.0000,      10.0000]   p:Uniform   []
con_amp       id:  62  s:Linear      b:[    -20.0000,      20.0000]   p:Uniform   []

----- dataset:  FIESTAdata_harpsn_mode3
jitter_0      id:  63  s:Linear      b:[      0.0033,      39.4879]   p:Uniform   []
offset_0      id:  64  s:Linear      b:[ -10012.2440,   10012.0803]   p:Uniform   []

----- dataset: FIESTAdata_harpsn_mode3   ----- model: gp_multidimensional           
rot_amp       id:  65  s:Linear      b:[    -10.0000,      10.0000]   p:Uniform   []
con_amp       id:  66  s:Linear      b:[    -20.0000,      20.0000]   p:Uniform   []

----- dataset:  FIESTAdata_neid_mode1
jitter_0      id:  67  s:Linear      b:[      0.0016,      19.2528]   p:Uniform   []
offset_0      id:  68  s:Linear      b:[ -10002.1932,   10001.8029]   p:Uniform   []

----- dataset: FIESTAdata_neid_mode1     ----- model: gp_multidimensional           
rot_amp       id:  69  s:Linear      b:[    -10.0000,      10.0000]   p:Uniform   []
con_amp       id:  70  s:Linear      b:[    -20.0000,      20.0000]   p:Uniform   []

----- dataset:  FIESTAdata_neid_mode2
jitter_0      id:  71  s:Linear      b:[      0.0020,      23.2183]   p:Uniform   []
offset_0      id:  72  s:Linear      b:[ -10002.9015,   10003.2537]   p:Uniform   []

----- dataset: FIESTAdata_neid_mode2     ----- model: gp_multidimensional           
rot_amp       id:  73  s:Linear      b:[    -10.0000,      10.0000]   p:Uniform   []
con_amp       id:  74  s:Linear      b:[    -20.0000,      20.0000]   p:Uniform   []

----- dataset:  FIESTAdata_neid_mode3
jitter_0      id:  75  s:Linear      b:[      0.0049,      58.0802]   p:Uniform   []
offset_0      id:  76  s:Linear      b:[ -10007.2877,   10005.5780]   p:Uniform   []

----- dataset: FIESTAdata_neid_mode3     ----- model: gp_multidimensional           
rot_amp       id:  77  s:Linear      b:[    -10.0000,      10.0000]   p:Uniform   []
con_amp       id:  78  s:Linear      b:[    -20.0000,      20.0000]   p:Uniform   []

----- common model:  b
P             id:   0  s:Log_Base2   b:[      0.3785,       6.6439]   p:Uniform   []
K             id:   1  s:Log_Base2   b:[     -9.9658,       3.3219]   p:Uniform   []
sre_coso      id:   2  s:Linear      b:[     -1.0000,       1.0000]   p:Uniform   []
sre_sino      id:   3  s:Linear      b:[     -1.0000,       1.0000]   p:Uniform   []
mean_long     id:   4  s:Linear      b:[      0.0000,     360.0000]   p:Uniform   []
e             derived (no id, space, bound)                           p:Gaussian   [0.    0.098]
omega         derived (no id, space, bound)                           p:Uniform   [0.0, 360.0]

----- common model:  c
P             id:   5  s:Log_Base2   b:[      0.3785,       6.6439]   p:Uniform   []
K             id:   6  s:Log_Base2   b:[     -9.9658,       3.3219]   p:Uniform   []
sre_coso      id:   7  s:Linear      b:[     -1.0000,       1.0000]   p:Uniform   []
sre_sino      id:   8  s:Linear      b:[     -1.0000,       1.0000]   p:Uniform   []
mean_long     id:   9  s:Linear      b:[      0.0000,     360.0000]   p:Uniform   []
e             derived (no id, space, bound)                           p:Gaussian   [0.    0.098]
omega         derived (no id, space, bound)                           p:Uniform   [0.0, 360.0]

----- common model:  d
P             id:  10  s:Log_Base2   b:[      0.3785,       6.6439]   p:Uniform   []
K             id:  11  s:Log_Base2   b:[     -9.9658,       3.3219]   p:Uniform   []
sre_coso      id:  12  s:Linear      b:[     -1.0000,       1.0000]   p:Uniform   []
sre_sino      id:  13  s:Linear      b:[     -1.0000,       1.0000]   p:Uniform   []
mean_long     id:  14  s:Linear      b:[      0.0000,     360.0000]   p:Uniform   []
e             derived (no id, space, bound)                           p:Gaussian   [0.    0.098]
omega         derived (no id, space, bound)                           p:Uniform   [0.0, 360.0]

----- common model:  activity
Prot          id:  15  s:Linear      b:[     20.0000,      35.0000]   p:Gaussian   [28.   0.5]
Pdec          id:  16  s:Linear      b:[     30.0000,    1000.0000]   p:Uniform   []
Oamp          id:  17  s:Log_Base2   b:[     -6.6439,       0.0000]   p:Gaussian   [0.35  0.035]

----- common model:  star_parameters
mass          derived (no id, space, bound)                           p:Gaussian   [1.e+00 1.e-06]
radius        derived (no id, space, bound)                           p:Gaussian   [1.e+00 1.e-06]
density       derived (no id, space, bound)                           p:Gaussian   [1.e+00 1.e-06]

Include priors:  True

Reference Time Tref:  59334.700184

Dimensions =  79
Nwalkers =  316

Using threading pool for PyDE: True
PyDE running
Boundaries redefined after PyDE output
PyDE completed, it took        195.0 seconds

====================================================================================================
     Starting point of the sample/optimization routines    
====================================================================================================

----- dataset:  RVdata_expres
jitter_0        18      1.393491 [    0.0010,    14.4000]
offset_0        19      8.641996 [-9996.1930, 10013.7390]

----- dataset: RVdata_expres             ----- model: gp_multidimensional           
rot_amp         20      4.469106 [    0.0000,    10.0000]
con_amp         21     17.690299 [  -20.0000,    20.0000]

----- dataset:  RVdata_harps
jitter_0        22      0.999690 [    0.0009,    12.4000]
offset_0        23      9.146582 [-9994.9455, 10014.6615]
offset_1        24      9.714857 [-9994.9455, 10014.6615]

----- dataset: RVdata_harps              ----- model: gp_multidimensional           
rot_amp         25      4.297432 [    0.0000,    10.0000]
con_amp         26     16.784058 [  -20.0000,    20.0000]

----- dataset:  RVdata_neid
jitter_0        27      0.969654 [    0.0010,    12.3000]
offset_0        28      9.541087 [-9994.3136, 10014.8014]

----- dataset: RVdata_neid               ----- model: gp_multidimensional           
rot_amp         29      8.301973 [    0.0000,    10.0000]
con_amp         30     15.452891 [  -20.0000,    20.0000]

----- dataset:  FIESTAdata_expres_mode1
jitter_0        31      0.825943 [    0.0017,    23.1624]
offset_0        32      0.012819 [-10002.1847, 10001.9137]

----- dataset: FIESTAdata_expres_mode1   ----- model: gp_multidimensional           
rot_amp         33      2.513732 [  -10.0000,    10.0000]
con_amp         34      0.022838 [  -20.0000,    20.0000]

----- dataset:  FIESTAdata_expres_mode2
jitter_0        35      1.217137 [    0.0019,    26.5895]
offset_0        36     -0.021243 [-10003.0918, 10003.3536]

----- dataset: FIESTAdata_expres_mode2   ----- model: gp_multidimensional           
rot_amp         37     -1.747106 [  -10.0000,    10.0000]
con_amp         38     -1.808519 [  -20.0000,    20.0000]

----- dataset:  FIESTAdata_expres_mode3
jitter_0        39      3.500962 [    0.0044,    61.7088]
offset_0        40     -0.035308 [-10007.6548, 10007.7250]

----- dataset: FIESTAdata_expres_mode3   ----- model: gp_multidimensional           
rot_amp         41     -4.794591 [  -10.0000,    10.0000]
con_amp         42     -1.351012 [  -20.0000,    20.0000]

----- dataset:  FIESTAdata_harps_mode1
jitter_0        43      0.982087 [    0.0013,    14.0975]
offset_0        44      0.094353 [-10001.5162, 10001.7187]

----- dataset: FIESTAdata_harps_mode1    ----- model: gp_multidimensional           
rot_amp         45     -5.191871 [  -10.0000,    10.0000]
con_amp         46      0.212177 [  -20.0000,    20.0000]

----- dataset:  FIESTAdata_harps_mode2
jitter_0        47      1.175677 [    0.0016,    16.6619]
offset_0        48      0.009993 [-10002.0632, 10001.8156]

----- dataset: FIESTAdata_harps_mode2    ----- model: gp_multidimensional           
rot_amp         49      5.277078 [  -10.0000,    10.0000]
con_amp         50      3.594221 [  -20.0000,    20.0000]

----- dataset:  FIESTAdata_harps_mode3
jitter_0        51      3.499513 [    0.0044,    47.8256]
offset_0        52     -0.018484 [-10011.2944, 10006.6672]

----- dataset: FIESTAdata_harps_mode3    ----- model: gp_multidimensional           
rot_amp         53      1.475189 [  -10.0000,    10.0000]
con_amp         54    -15.810865 [  -20.0000,    20.0000]

----- dataset:  FIESTAdata_harpsn_mode1
jitter_0        55      1.330777 [    0.0010,    12.1573]
offset_0        56     -0.061134 [-10003.6215, 10002.5502]

----- dataset: FIESTAdata_harpsn_mode1   ----- model: gp_multidimensional           
rot_amp         57     -2.234637 [  -10.0000,    10.0000]
con_amp         58      3.368151 [  -20.0000,    20.0000]

----- dataset:  FIESTAdata_harpsn_mode2
jitter_0        59      1.751923 [    0.0012,    14.0974]
offset_0        60      0.109714 [-10003.8285, 10004.7191]

----- dataset: FIESTAdata_harpsn_mode2   ----- model: gp_multidimensional           
rot_amp         61      1.390972 [  -10.0000,    10.0000]
con_amp         62     -4.916094 [  -20.0000,    20.0000]

----- dataset:  FIESTAdata_harpsn_mode3
jitter_0        63      4.502754 [    0.0033,    39.4879]
offset_0        64      0.132914 [-10012.2440, 10012.0803]

----- dataset: FIESTAdata_harpsn_mode3   ----- model: gp_multidimensional           
rot_amp         65      4.751498 [  -10.0000,    10.0000]
con_amp         66     -3.332621 [  -20.0000,    20.0000]

----- dataset:  FIESTAdata_neid_mode1
jitter_0        67      0.719952 [    0.0016,    19.2528]
offset_0        68      0.018084 [-10002.1932, 10001.8029]

----- dataset: FIESTAdata_neid_mode1     ----- model: gp_multidimensional           
rot_amp         69     -3.637435 [  -10.0000,    10.0000]
con_amp         70     -0.403767 [  -20.0000,    20.0000]

----- dataset:  FIESTAdata_neid_mode2
jitter_0        71      1.126459 [    0.0020,    23.2183]
offset_0        72     -0.010606 [-10002.9015, 10003.2537]

----- dataset: FIESTAdata_neid_mode2     ----- model: gp_multidimensional           
rot_amp         73      6.916425 [  -10.0000,    10.0000]
con_amp         74     -1.253589 [  -20.0000,    20.0000]

----- dataset:  FIESTAdata_neid_mode3
jitter_0        75      2.605377 [    0.0049,    58.0802]
offset_0        76     -0.017780 [-10007.2877, 10005.5780]

----- dataset: FIESTAdata_neid_mode3     ----- model: gp_multidimensional           
rot_amp         77     -3.705959 [  -10.0000,    10.0000]
con_amp         78      6.507226 [  -20.0000,    20.0000]

----- common model:  b
P                0      4.344490 [    0.3785,     6.6439]
K                1     -5.250841 [   -9.9658,     3.3219]
sre_coso         2      0.029406 [   -1.0000,     1.0000]
sre_sino         3      0.023086 [   -1.0000,     1.0000]
mean_long        4    196.134400 [   16.0717,   376.0717]

----- common model:  c
P                5      4.530007 [    0.3785,     6.6439]
K                6     -6.879598 [   -9.9658,     3.3219]
sre_coso         7     -0.079889 [   -1.0000,     1.0000]
sre_sino         8     -0.007186 [   -1.0000,     1.0000]
mean_long        9    221.752614 [   41.7261,   401.7261]

----- common model:  d
P               10      3.322399 [    0.3785,     6.6439]
K               11     -5.477182 [   -9.9658,     3.3219]
sre_coso        12      0.032601 [   -1.0000,     1.0000]
sre_sino        13      0.002923 [   -1.0000,     1.0000]
mean_long       14    198.618339 [   18.5694,   378.5694]

----- common model:  activity
Prot            15     28.197825 [   20.0000,    35.0000]
Pdec            16     97.388340 [   30.0000,  1000.0000]
Oamp            17     -1.289177 [   -6.6439,     0.0000]

----- common model:  star_parameters

====================================================================================================
     Starting point projected onto the model parameter space     
====================================================================================================

----- dataset:  RVdata_expres
jitter_0              1.393491 
offset_0              8.641996 


----- dataset: RVdata_expres             ----- model: gp_multidimensional           
rot_amp               4.469106 
con_amp              17.690299 

----- dataset:  RVdata_harps
jitter_0              0.999690 
offset_0              9.146582 
offset_1              9.714857 


----- dataset: RVdata_harps              ----- model: gp_multidimensional           
rot_amp               4.297432 
con_amp              16.784058 

----- dataset:  RVdata_neid
jitter_0              0.969654 
offset_0              9.541087 


----- dataset: RVdata_neid               ----- model: gp_multidimensional           
rot_amp               8.301973 
con_amp              15.452891 

----- dataset:  FIESTAdata_expres_mode1
jitter_0              0.825943 
offset_0              0.012819 


----- dataset: FIESTAdata_expres_mode1   ----- model: gp_multidimensional           
rot_amp               2.513732 
con_amp               0.022838 

----- dataset:  FIESTAdata_expres_mode2
jitter_0              1.217137 
offset_0             -0.021243 


----- dataset: FIESTAdata_expres_mode2   ----- model: gp_multidimensional           
rot_amp              -1.747106 
con_amp              -1.808519 

----- dataset:  FIESTAdata_expres_mode3
jitter_0              3.500962 
offset_0             -0.035308 


----- dataset: FIESTAdata_expres_mode3   ----- model: gp_multidimensional           
rot_amp              -4.794591 
con_amp              -1.351012 

----- dataset:  FIESTAdata_harps_mode1
jitter_0              0.982087 
offset_0              0.094353 


----- dataset: FIESTAdata_harps_mode1    ----- model: gp_multidimensional           
rot_amp              -5.191871 
con_amp               0.212177 

----- dataset:  FIESTAdata_harps_mode2
jitter_0              1.175677 
offset_0              0.009993 


----- dataset: FIESTAdata_harps_mode2    ----- model: gp_multidimensional           
rot_amp               5.277078 
con_amp               3.594221 

----- dataset:  FIESTAdata_harps_mode3
jitter_0              3.499513 
offset_0             -0.018484 


----- dataset: FIESTAdata_harps_mode3    ----- model: gp_multidimensional           
rot_amp               1.475189 
con_amp             -15.810865 

----- dataset:  FIESTAdata_harpsn_mode1
jitter_0              1.330777 
offset_0             -0.061134 


----- dataset: FIESTAdata_harpsn_mode1   ----- model: gp_multidimensional           
rot_amp              -2.234637 
con_amp               3.368151 

----- dataset:  FIESTAdata_harpsn_mode2
jitter_0              1.751923 
offset_0              0.109714 


----- dataset: FIESTAdata_harpsn_mode2   ----- model: gp_multidimensional           
rot_amp               1.390972 
con_amp              -4.916094 

----- dataset:  FIESTAdata_harpsn_mode3
jitter_0              4.502754 
offset_0              0.132914 


----- dataset: FIESTAdata_harpsn_mode3   ----- model: gp_multidimensional           
rot_amp               4.751498 
con_amp              -3.332621 

----- dataset:  FIESTAdata_neid_mode1
jitter_0              0.719952 
offset_0              0.018084 


----- dataset: FIESTAdata_neid_mode1     ----- model: gp_multidimensional           
rot_amp              -3.637435 
con_amp              -0.403767 

----- dataset:  FIESTAdata_neid_mode2
jitter_0              1.126459 
offset_0             -0.010606 


----- dataset: FIESTAdata_neid_mode2     ----- model: gp_multidimensional           
rot_amp               6.916425 
con_amp              -1.253589 

----- dataset:  FIESTAdata_neid_mode3
jitter_0              2.605377 
offset_0             -0.017780 


----- dataset: FIESTAdata_neid_mode3     ----- model: gp_multidimensional           
rot_amp              -3.705959 
con_amp               6.507226 

----- common model:  b
P                    20.315233 
K                     0.026263 
mean_long           196.134400 
e                     0.001398 
omega                38.134259 

----- common model:  c
P                    23.102976 
K                     0.008492 
mean_long           221.752614 
e                     0.006434 
omega              -174.860030 

----- common model:  d
P                    10.003265 
K                     0.022449 
mean_long           198.618339 
e                     0.001071 
omega                 5.123031 

----- common model:  activity
Prot                 28.197825 
Pdec                 97.388340 
Oamp                  0.409185 

----- common model:  star_parameters

====================================================================================================
     Derived parameters obtained from starting point     
====================================================================================================

----- common model:  b
Inclination fixed to 90 deg!
a_Rs                 31.318176 
M_Mj                  0.000353 
M_Me                  0.112063 
Tc                59349.019020 
a_AU_(M)              0.145708 
a_AU_(rho,R)          0.145707 

----- common model:  c
Inclination fixed to 90 deg!
a_Rs                 34.121497 
M_Mj                  0.000119 
M_Me                  0.037824 
Tc                59349.395089 
a_AU_(M)              0.158750 
a_AU_(rho,R)          0.158749 

----- common model:  d
Inclination fixed to 90 deg!
a_Rs                 19.528870 
M_Mj                  0.000238 
M_Me                  0.075643 
Tc                59341.681890 
a_AU_(M)              0.090858 
a_AU_(rho,R)          0.090858 


====================================================================================================
     Statistics on the log-likelihood     
====================================================================================================

 LN probability: -2709.653962 

====================================================================================================
     ------------------------------------------------------------------------------------------     
====================================================================================================



*************************************************************

Running emcee

emcee version:  3.1.6
Using threading pool for emcee: True

Saving temporary steps


Computing the autocorrelation time of the chains

***** WARNING ******
The integrated autocorrelation time cannot be reliably estimated
likely the chains are too short, and ACF analysis is not fully reliable
emcee.autocorr.integrated_time tolerance lowered to 20
If you still get a warning, you should drop these results entirely
Chains too short to apply convergence criteria
They should be at least 19150*nthin = 191500

====================================================================================================
     Statistics on the posterior of the sampler parameters     
====================================================================================================

----- dataset:  RVdata_expres
jitter_0        18          1.37        -0.11         0.12   (15-84 p)   [    0.0010,    14.4000]
offset_0        19          8.64        -0.53         0.58   (15-84 p)   [-9996.1930, 10013.7390]

----- dataset: RVdata_expres             ----- model: gp_multidimensional           
rot_amp         20           4.1         -2.6          3.2   (15-84 p)   [    0.0000,    10.0000]
con_amp         21          16.9         -2.5          1.9   (15-84 p)   [  -20.0000,    20.0000]

----- dataset:  RVdata_harps
jitter_0        22         1.005       -0.078        0.081   (15-84 p)   [    0.0009,    12.4000]
offset_0        23          9.14        -0.52         0.51   (15-84 p)   [-9994.9455, 10014.6615]
offset_1        24          9.67        -0.59         0.57   (15-84 p)   [-9994.9455, 10014.6615]

----- dataset: RVdata_harps              ----- model: gp_multidimensional           
rot_amp         25           3.6         -2.2          2.7   (15-84 p)   [    0.0000,    10.0000]
con_amp         26          16.3         -2.3          2.0   (15-84 p)   [  -20.0000,    20.0000]

----- dataset:  RVdata_neid
jitter_0        27         0.962       -0.080        0.094   (15-84 p)   [    0.0010,    12.3000]
offset_0        28          9.54        -0.50         0.46   (15-84 p)   [-9994.3136, 10014.8014]

----- dataset: RVdata_neid               ----- model: gp_multidimensional           
rot_amp         29          8.63         -1.7         0.99   (15-84 p)   [    0.0000,    10.0000]
con_amp         30          14.7         -2.3          2.1   (15-84 p)   [  -20.0000,    20.0000]

----- dataset:  FIESTAdata_expres_mode1
jitter_0        31         0.833       -0.057        0.068   (15-84 p)   [    0.0017,    23.1624]
offset_0        32         0.026       -0.083        0.087   (15-84 p)   [-10002.1847, 10001.9137]

----- dataset: FIESTAdata_expres_mode1   ----- model: gp_multidimensional           
rot_amp         33           2.5         -1.8          1.9   (15-84 p)   [  -10.0000,    10.0000]
con_amp         34         -0.05        -0.75         0.85   (15-84 p)   [  -20.0000,    20.0000]

----- dataset:  FIESTAdata_expres_mode2
jitter_0        35         1.200       -0.075        0.089   (15-84 p)   [    0.0019,    26.5895]
offset_0        36         -0.01        -0.13         0.13   (15-84 p)   [-10003.0918, 10003.3536]

----- dataset: FIESTAdata_expres_mode2   ----- model: gp_multidimensional           
rot_amp         37          -1.5         -2.9          2.8   (15-84 p)   [  -10.0000,    10.0000]
con_amp         38          -1.6         -1.2          1.1   (15-84 p)   [  -20.0000,    20.0000]

----- dataset:  FIESTAdata_expres_mode3
jitter_0        39          3.48        -0.24         0.28   (15-84 p)   [    0.0044,    61.7088]
offset_0        40         -0.04        -0.37         0.37   (15-84 p)   [-10007.6548, 10007.7250]

----- dataset: FIESTAdata_expres_mode3   ----- model: gp_multidimensional           
rot_amp         41          -5.5         -3.0          5.1   (15-84 p)   [  -10.0000,    10.0000]
con_amp         42          -1.2         -3.5          4.0   (15-84 p)   [  -20.0000,    20.0000]

----- dataset:  FIESTAdata_harps_mode1
jitter_0        43          0.97        -0.14         0.18   (15-84 p)   [    0.0013,    14.0975]
offset_0        44          0.08        -0.23         0.21   (15-84 p)   [-10001.5162, 10001.7187]

----- dataset: FIESTAdata_harps_mode1    ----- model: gp_multidimensional           
rot_amp         45          -4.9         -3.3          3.4   (15-84 p)   [  -10.0000,    10.0000]
con_amp         46           0.4         -2.7          2.2   (15-84 p)   [  -20.0000,    20.0000]

----- dataset:  FIESTAdata_harps_mode2
jitter_0        47          1.19        -0.18         0.22   (15-84 p)   [    0.0016,    16.6619]
offset_0        48         -0.02        -0.27         0.30   (15-84 p)   [-10002.0632, 10001.8156]

----- dataset: FIESTAdata_harps_mode2    ----- model: gp_multidimensional           
rot_amp         49           4.6         -4.1          3.2   (15-84 p)   [  -10.0000,    10.0000]
con_amp         50           3.0         -2.9          3.0   (15-84 p)   [  -20.0000,    20.0000]

----- dataset:  FIESTAdata_harps_mode3
jitter_0        51          3.52        -0.47         0.64   (15-84 p)   [    0.0044,    47.8256]
offset_0        52         -0.06        -0.91         0.88   (15-84 p)   [-10011.2944, 10006.6672]

----- dataset: FIESTAdata_harps_mode3    ----- model: gp_multidimensional           
rot_amp         53           0.7         -6.5          6.1   (15-84 p)   [  -10.0000,    10.0000]
con_amp         54         -16.2         -2.7          4.5   (15-84 p)   [  -20.0000,    20.0000]

----- dataset:  FIESTAdata_harpsn_mode1
jitter_0        55         1.336       -0.098         0.12   (15-84 p)   [    0.0010,    12.1573]
offset_0        56         -0.07        -0.19         0.18   (15-84 p)   [-10003.6215, 10002.5502]

----- dataset: FIESTAdata_harpsn_mode1   ----- model: gp_multidimensional           
rot_amp         57          -2.2         -3.0          3.1   (15-84 p)   [  -10.0000,    10.0000]
con_amp         58           3.6         -1.4          1.5   (15-84 p)   [  -20.0000,    20.0000]

----- dataset:  FIESTAdata_harpsn_mode2
jitter_0        59          1.76        -0.13         0.15   (15-84 p)   [    0.0012,    14.0974]
offset_0        60          0.11        -0.27         0.23   (15-84 p)   [-10003.8285, 10004.7191]

----- dataset: FIESTAdata_harpsn_mode2   ----- model: gp_multidimensional           
rot_amp         61           0.9         -3.7          4.0   (15-84 p)   [  -10.0000,    10.0000]
con_amp         62          -4.6         -2.0          1.9   (15-84 p)   [  -20.0000,    20.0000]

----- dataset:  FIESTAdata_harpsn_mode3
jitter_0        63          4.47        -0.33         0.38   (15-84 p)   [    0.0033,    39.4879]
offset_0        64          0.07        -0.48         0.50   (15-84 p)   [-10012.2440, 10012.0803]

----- dataset: FIESTAdata_harpsn_mode3   ----- model: gp_multidimensional           
rot_amp         65           5.1         -6.3          3.6   (15-84 p)   [  -10.0000,    10.0000]
con_amp         66          -2.5         -5.2          5.1   (15-84 p)   [  -20.0000,    20.0000]

----- dataset:  FIESTAdata_neid_mode1
jitter_0        67         0.718       -0.060        0.062   (15-84 p)   [    0.0016,    19.2528]
offset_0        68         0.019       -0.088        0.086   (15-84 p)   [-10002.1932, 10001.8029]

----- dataset: FIESTAdata_neid_mode1     ----- model: gp_multidimensional           
rot_amp         69          -3.7         -1.9          1.6   (15-84 p)   [  -10.0000,    10.0000]
con_amp         70         -0.28        -0.71         0.72   (15-84 p)   [  -20.0000,    20.0000]

----- dataset:  FIESTAdata_neid_mode2
jitter_0        71         1.119       -0.096        0.100   (15-84 p)   [    0.0020,    23.2183]
offset_0        72         -0.02        -0.14         0.13   (15-84 p)   [-10002.9015, 10003.2537]

----- dataset: FIESTAdata_neid_mode2     ----- model: gp_multidimensional           
rot_amp         73           6.5         -2.6          2.2   (15-84 p)   [  -10.0000,    10.0000]
con_amp         74          -1.3         -1.2          1.2   (15-84 p)   [  -20.0000,    20.0000]

----- dataset:  FIESTAdata_neid_mode3
jitter_0        75          2.63        -0.20         0.24   (15-84 p)   [    0.0049,    58.0802]
offset_0        76         -0.02        -0.34         0.37   (15-84 p)   [-10007.2877, 10005.5780]

----- dataset: FIESTAdata_neid_mode3     ----- model: gp_multidimensional           
rot_amp         77          -3.8         -4.1          5.1   (15-84 p)   [  -10.0000,    10.0000]
con_amp         78           6.1         -2.8          3.0   (15-84 p)   [  -20.0000,    20.0000]

----- common model:  b
P                0           3.9         -2.5          1.9   (15-84 p)   [    0.3785,     6.6439]
K                1          -4.0         -4.1          3.6   (15-84 p)   [   -9.9658,     3.3219]
sre_coso         2          0.01        -0.23         0.20   (15-84 p)   [   -1.0000,     1.0000]
sre_sino         3          0.01        -0.22         0.22   (15-84 p)   [   -1.0000,     1.0000]
mean_long        4           194         -104          109   (15-84 p)   [   16.0717,   376.0717]

----- common model:  c
P                5           4.0         -2.4          1.8   (15-84 p)   [    0.3785,     6.6439]
K                6          -5.1         -3.5          4.2   (15-84 p)   [   -9.9658,     3.3219]
sre_coso         7         -0.03        -0.21         0.23   (15-84 p)   [   -1.0000,     1.0000]
sre_sino         8          0.01        -0.22         0.20   (15-84 p)   [   -1.0000,     1.0000]
mean_long        9           197         -101          122   (15-84 p)   [   41.7261,   401.7261]

----- common model:  d
P               10           3.8         -2.4          2.0   (15-84 p)   [    0.3785,     6.6439]
K               11          -5.0         -3.4          4.0   (15-84 p)   [   -9.9658,     3.3219]
sre_coso        12          0.00        -0.23         0.20   (15-84 p)   [   -1.0000,     1.0000]
sre_sino        13          0.01        -0.21         0.23   (15-84 p)   [   -1.0000,     1.0000]
mean_long       14           194         -108          120   (15-84 p)   [   18.5694,   378.5694]

----- common model:  activity
Prot            15         28.13        -0.51         0.42   (15-84 p)   [   20.0000,    35.0000]
Pdec            16            96          -18           22   (15-84 p)   [   30.0000,  1000.0000]
Oamp            17         -1.31        -0.13         0.13   (15-84 p)   [   -6.6439,     0.0000]

----- common model:  star_parameters

====================================================================================================
     Statistics on the model parameters obtained from the posteriors samples     
====================================================================================================

----- dataset:  RVdata_expres
jitter_0                  1.37        -0.11         0.12    (15-84 p)
offset_0                  8.64        -0.53         0.58    (15-84 p)


----- dataset: RVdata_expres             ----- model: gp_multidimensional           
rot_amp                    4.1         -2.6          3.2    (15-84 p)
con_amp                   16.9         -2.5          1.9    (15-84 p)

----- dataset:  RVdata_harps
jitter_0                 1.005       -0.078        0.081    (15-84 p)
offset_0                  9.14        -0.52         0.51    (15-84 p)
offset_1                  9.67        -0.59         0.57    (15-84 p)


----- dataset: RVdata_harps              ----- model: gp_multidimensional           
rot_amp                    3.6         -2.2          2.7    (15-84 p)
con_amp                   16.3         -2.3          2.0    (15-84 p)

----- dataset:  RVdata_neid
jitter_0                 0.962       -0.080        0.094    (15-84 p)
offset_0                  9.54        -0.50         0.46    (15-84 p)


----- dataset: RVdata_neid               ----- model: gp_multidimensional           
rot_amp                   8.63         -1.7         0.99    (15-84 p)
con_amp                   14.7         -2.3          2.1    (15-84 p)

----- dataset:  FIESTAdata_expres_mode1
jitter_0                 0.833       -0.057        0.068    (15-84 p)
offset_0                 0.026       -0.083        0.087    (15-84 p)


----- dataset: FIESTAdata_expres_mode1   ----- model: gp_multidimensional           
rot_amp                    2.5         -1.8          1.9    (15-84 p)
con_amp                  -0.05        -0.75         0.85    (15-84 p)

----- dataset:  FIESTAdata_expres_mode2
jitter_0                 1.200       -0.075        0.089    (15-84 p)
offset_0                 -0.01        -0.13         0.13    (15-84 p)


----- dataset: FIESTAdata_expres_mode2   ----- model: gp_multidimensional           
rot_amp                   -1.5         -2.9          2.8    (15-84 p)
con_amp                   -1.6         -1.2          1.1    (15-84 p)

----- dataset:  FIESTAdata_expres_mode3
jitter_0                  3.48        -0.24         0.28    (15-84 p)
offset_0                 -0.04        -0.37         0.37    (15-84 p)


----- dataset: FIESTAdata_expres_mode3   ----- model: gp_multidimensional           
rot_amp                   -5.5         -3.0          5.1    (15-84 p)
con_amp                   -1.2         -3.5          4.0    (15-84 p)

----- dataset:  FIESTAdata_harps_mode1
jitter_0                  0.97        -0.14         0.18    (15-84 p)
offset_0                  0.08        -0.23         0.21    (15-84 p)


----- dataset: FIESTAdata_harps_mode1    ----- model: gp_multidimensional           
rot_amp                   -4.9         -3.3          3.4    (15-84 p)
con_amp                    0.4         -2.7          2.2    (15-84 p)

----- dataset:  FIESTAdata_harps_mode2
jitter_0                  1.19        -0.18         0.22    (15-84 p)
offset_0                 -0.02        -0.27         0.30    (15-84 p)


----- dataset: FIESTAdata_harps_mode2    ----- model: gp_multidimensional           
rot_amp                    4.6         -4.1          3.2    (15-84 p)
con_amp                    3.0         -2.9          3.0    (15-84 p)

----- dataset:  FIESTAdata_harps_mode3
jitter_0                  3.52        -0.47         0.64    (15-84 p)
offset_0                 -0.06        -0.91         0.88    (15-84 p)


----- dataset: FIESTAdata_harps_mode3    ----- model: gp_multidimensional           
rot_amp                    0.7         -6.5          6.1    (15-84 p)
con_amp                  -16.2         -2.7          4.5    (15-84 p)

----- dataset:  FIESTAdata_harpsn_mode1
jitter_0                 1.336       -0.098         0.12    (15-84 p)
offset_0                 -0.07        -0.19         0.18    (15-84 p)


----- dataset: FIESTAdata_harpsn_mode1   ----- model: gp_multidimensional           
rot_amp                   -2.2         -3.0          3.1    (15-84 p)
con_amp                    3.6         -1.4          1.5    (15-84 p)

----- dataset:  FIESTAdata_harpsn_mode2
jitter_0                  1.76        -0.13         0.15    (15-84 p)
offset_0                  0.11        -0.27         0.23    (15-84 p)


----- dataset: FIESTAdata_harpsn_mode2   ----- model: gp_multidimensional           
rot_amp                    0.9         -3.7          4.0    (15-84 p)
con_amp                   -4.6         -2.0          1.9    (15-84 p)

----- dataset:  FIESTAdata_harpsn_mode3
jitter_0                  4.47        -0.33         0.38    (15-84 p)
offset_0                  0.07        -0.48         0.50    (15-84 p)


----- dataset: FIESTAdata_harpsn_mode3   ----- model: gp_multidimensional           
rot_amp                    5.1         -6.3          3.6    (15-84 p)
con_amp                   -2.5         -5.2          5.1    (15-84 p)

----- dataset:  FIESTAdata_neid_mode1
jitter_0                 0.718       -0.060        0.062    (15-84 p)
offset_0                 0.019       -0.088        0.086    (15-84 p)


----- dataset: FIESTAdata_neid_mode1     ----- model: gp_multidimensional           
rot_amp                   -3.7         -1.9          1.6    (15-84 p)
con_amp                  -0.28        -0.71         0.72    (15-84 p)

----- dataset:  FIESTAdata_neid_mode2
jitter_0                 1.119       -0.096        0.100    (15-84 p)
offset_0                 -0.02        -0.14         0.13    (15-84 p)


----- dataset: FIESTAdata_neid_mode2     ----- model: gp_multidimensional           
rot_amp                    6.5         -2.6          2.2    (15-84 p)
con_amp                   -1.3         -1.2          1.2    (15-84 p)

----- dataset:  FIESTAdata_neid_mode3
jitter_0                  2.63        -0.20         0.24    (15-84 p)
offset_0                 -0.02        -0.34         0.37    (15-84 p)


----- dataset: FIESTAdata_neid_mode3     ----- model: gp_multidimensional           
rot_amp                   -3.8         -4.1          5.1    (15-84 p)
con_amp                    6.1         -2.8          3.0    (15-84 p)

----- common model:  b
P                           15          -12           40    (15-84 p)
K                        0.064       -0.061         0.72    (15-84 p)
mean_long                  194         -104          109    (15-84 p)
e                        0.070       -0.050        0.071    (15-84 p)
omega                        6         -123          119    (15-84 p)

----- common model:  c
P                           16          -13           39    (15-84 p)
K                        0.030       -0.027         0.53    (15-84 p)
mean_long                  197         -101          122    (15-84 p)
e                        0.069       -0.049        0.076    (15-84 p)
omega                        5         -129          133    (15-84 p)

----- common model:  d
P                           14          -11           42    (15-84 p)
K                        0.031       -0.028         0.45    (15-84 p)
mean_long                  194         -108          120    (15-84 p)
e                        0.072       -0.051        0.077    (15-84 p)
omega                        5         -132          119    (15-84 p)

----- common model:  activity
Prot                     28.13        -0.51         0.42    (15-84 p)
Pdec                        96          -18           22    (15-84 p)
Oamp                     0.402       -0.035        0.038    (15-84 p)

----- common model:  star_parameters

====================================================================================================
     Statistics on the derived parameters obtained from the posteriors samples     
====================================================================================================

----- common model:  b
Inclination fixed to 90 deg!
Computing planetary mass under the approximation M_planet << M_star (threshold at 30.0 Me)
a_Rs                        25          -17           35    (15-84 p)
M_Mj                   0.00070     -0.00066        0.012    (15-84 p)
M_Me                      0.22        -0.21          3.7    (15-84 p)
Tc                     59341.2         -5.5           26    (15-84 p)
a_AU_(M)                 0.117       -0.080         0.16    (15-84 p)
a_AU_(rho,R)             0.117       -0.080         0.16    (15-84 p)

----- common model:  c
Inclination fixed to 90 deg!
Computing planetary mass under the approximation M_planet << M_star (threshold at 30.0 Me)
a_Rs                        26          -18           34    (15-84 p)
M_Mj                   0.00038     -0.00035       0.0079    (15-84 p)
M_Me                      0.12        -0.11          2.5    (15-84 p)
Tc                     59342.0         -6.2           26    (15-84 p)
a_AU_(M)                 0.122       -0.082         0.16    (15-84 p)
a_AU_(rho,R)             0.122       -0.082         0.16    (15-84 p)

----- common model:  d
Inclination fixed to 90 deg!
Computing planetary mass under the approximation M_planet << M_star (threshold at 30.0 Me)
a_Rs                        24          -17           37    (15-84 p)
M_Mj                   0.00033     -0.00030       0.0049    (15-84 p)
M_Me                     0.106       -0.095          1.6    (15-84 p)
Tc                     59339.8         -4.1           26    (15-84 p)
a_AU_(M)                 0.114       -0.077         0.17    (15-84 p)
a_AU_(rho,R)             0.114       -0.077         0.17    (15-84 p)


====================================================================================================
     ------------------------------------------------------------------------------------------     
====================================================================================================



35000.0   steps completed, average lnprob:,  -2732.622860899947


Computing the autocorrelation time of the chains

***** WARNING ******
The integrated autocorrelation time cannot be reliably estimated
likely the chains are too short, and ACF analysis is not fully reliable
emcee.autocorr.integrated_time tolerance lowered to 20
If you still get a warning, you should drop these results entirely
Chains too short to apply convergence criteria
They should be at least 35600*nthin = 356000

====================================================================================================
     Statistics on the posterior of the sampler parameters     
====================================================================================================

----- dataset:  RVdata_expres
jitter_0        18          1.37        -0.11         0.12   (15-84 p)   [    0.0010,    14.4000]
offset_0        19          8.65        -0.67         0.74   (15-84 p)   [-9996.1930, 10013.7390]

----- dataset: RVdata_expres             ----- model: gp_multidimensional           
rot_amp         20           4.0         -2.5          3.1   (15-84 p)   [    0.0000,    10.0000]
con_amp         21          16.8         -2.6          2.0   (15-84 p)   [  -20.0000,    20.0000]

----- dataset:  RVdata_harps
jitter_0        22         1.001       -0.079        0.085   (15-84 p)   [    0.0009,    12.4000]
offset_0        23          9.15        -0.65         0.72   (15-84 p)   [-9994.9455, 10014.6615]
offset_1        24          9.69        -0.72         0.73   (15-84 p)   [-9994.9455, 10014.6615]

----- dataset: RVdata_harps              ----- model: gp_multidimensional           
rot_amp         25           3.7         -2.2          2.7   (15-84 p)   [    0.0000,    10.0000]
con_amp         26          16.2         -2.3          2.1   (15-84 p)   [  -20.0000,    20.0000]

----- dataset:  RVdata_neid
jitter_0        27         0.960       -0.079        0.097   (15-84 p)   [    0.0010,    12.3000]
offset_0        28          9.55        -0.61         0.63   (15-84 p)   [-9994.3136, 10014.8014]

----- dataset: RVdata_neid               ----- model: gp_multidimensional           
rot_amp         29          8.65         -1.7         0.96   (15-84 p)   [    0.0000,    10.0000]
con_amp         30          14.6         -2.4          2.2   (15-84 p)   [  -20.0000,    20.0000]

----- dataset:  FIESTAdata_expres_mode1
jitter_0        31         0.832       -0.057        0.065   (15-84 p)   [    0.0017,    23.1624]
offset_0        32         0.026       -0.089        0.087   (15-84 p)   [-10002.1847, 10001.9137]

----- dataset: FIESTAdata_expres_mode1   ----- model: gp_multidimensional           
rot_amp         33           2.5         -1.9          2.0   (15-84 p)   [  -10.0000,    10.0000]
con_amp         34         -0.04        -0.80         0.86   (15-84 p)   [  -20.0000,    20.0000]

----- dataset:  FIESTAdata_expres_mode2
jitter_0        35         1.204       -0.078        0.090   (15-84 p)   [    0.0019,    26.5895]
offset_0        36         -0.01        -0.14         0.13   (15-84 p)   [-10003.0918, 10003.3536]

----- dataset: FIESTAdata_expres_mode2   ----- model: gp_multidimensional           
rot_amp         37          -1.6         -2.9          2.7   (15-84 p)   [  -10.0000,    10.0000]
con_amp         38          -1.6         -1.2          1.1   (15-84 p)   [  -20.0000,    20.0000]

----- dataset:  FIESTAdata_expres_mode3
jitter_0        39          3.48        -0.24         0.27   (15-84 p)   [    0.0044,    61.7088]
offset_0        40         -0.05        -0.39         0.38   (15-84 p)   [-10007.6548, 10007.7250]

----- dataset: FIESTAdata_expres_mode3   ----- model: gp_multidimensional           
rot_amp         41          -5.6         -3.0          5.2   (15-84 p)   [  -10.0000,    10.0000]
con_amp         42          -0.9         -3.7          4.1   (15-84 p)   [  -20.0000,    20.0000]

----- dataset:  FIESTAdata_harps_mode1
jitter_0        43          0.97        -0.15         0.17   (15-84 p)   [    0.0013,    14.0975]
offset_0        44          0.07        -0.23         0.21   (15-84 p)   [-10001.5162, 10001.7187]

----- dataset: FIESTAdata_harps_mode1    ----- model: gp_multidimensional           
rot_amp         45          -4.9         -3.1          3.2   (15-84 p)   [  -10.0000,    10.0000]
con_amp         46           0.3         -2.8          2.5   (15-84 p)   [  -20.0000,    20.0000]

----- dataset:  FIESTAdata_harps_mode2
jitter_0        47          1.20        -0.18         0.22   (15-84 p)   [    0.0016,    16.6619]
offset_0        48         -0.01        -0.29         0.32   (15-84 p)   [-10002.0632, 10001.8156]

----- dataset: FIESTAdata_harps_mode2    ----- model: gp_multidimensional           
rot_amp         49           4.5         -4.4          3.4   (15-84 p)   [  -10.0000,    10.0000]
con_amp         50           2.9         -3.2          3.3   (15-84 p)   [  -20.0000,    20.0000]

----- dataset:  FIESTAdata_harps_mode3
jitter_0        51          3.56        -0.50         0.69   (15-84 p)   [    0.0044,    47.8256]
offset_0        52          -0.1         -1.1          1.1   (15-84 p)   [-10011.2944, 10006.6672]

----- dataset: FIESTAdata_harps_mode3    ----- model: gp_multidimensional           
rot_amp         53           0.6         -6.7          6.2   (15-84 p)   [  -10.0000,    10.0000]
con_amp         54         -16.1         -2.9          5.1   (15-84 p)   [  -20.0000,    20.0000]

----- dataset:  FIESTAdata_harpsn_mode1
jitter_0        55          1.34        -0.10         0.11   (15-84 p)   [    0.0010,    12.1573]
offset_0        56         -0.07        -0.20         0.22   (15-84 p)   [-10003.6215, 10002.5502]

----- dataset: FIESTAdata_harpsn_mode1   ----- model: gp_multidimensional           
rot_amp         57          -2.1         -3.1          3.1   (15-84 p)   [  -10.0000,    10.0000]
con_amp         58           3.5         -1.4          1.6   (15-84 p)   [  -20.0000,    20.0000]

----- dataset:  FIESTAdata_harpsn_mode2
jitter_0        59          1.76        -0.13         0.15   (15-84 p)   [    0.0012,    14.0974]
offset_0        60          0.09        -0.30         0.29   (15-84 p)   [-10003.8285, 10004.7191]

----- dataset: FIESTAdata_harpsn_mode2   ----- model: gp_multidimensional           
rot_amp         61           0.7         -3.8          3.8   (15-84 p)   [  -10.0000,    10.0000]
con_amp         62          -4.7         -2.0          1.9   (15-84 p)   [  -20.0000,    20.0000]

----- dataset:  FIESTAdata_harpsn_mode3
jitter_0        63          4.48        -0.33         0.38   (15-84 p)   [    0.0033,    39.4879]
offset_0        64          0.05        -0.51         0.54   (15-84 p)   [-10012.2440, 10012.0803]

----- dataset: FIESTAdata_harpsn_mode3   ----- model: gp_multidimensional           
rot_amp         65           4.9         -6.6          3.7   (15-84 p)   [  -10.0000,    10.0000]
con_amp         66          -2.4         -5.2          4.8   (15-84 p)   [  -20.0000,    20.0000]

----- dataset:  FIESTAdata_neid_mode1
jitter_0        67         0.715       -0.058        0.061   (15-84 p)   [    0.0016,    19.2528]
offset_0        68         0.017       -0.090        0.086   (15-84 p)   [-10002.1932, 10001.8029]

----- dataset: FIESTAdata_neid_mode1     ----- model: gp_multidimensional           
rot_amp         69          -3.9         -1.8          1.8   (15-84 p)   [  -10.0000,    10.0000]
con_amp         70         -0.30        -0.74         0.74   (15-84 p)   [  -20.0000,    20.0000]

----- dataset:  FIESTAdata_neid_mode2
jitter_0        71         1.114       -0.092        0.098   (15-84 p)   [    0.0020,    23.2183]
offset_0        72         -0.01        -0.15         0.14   (15-84 p)   [-10002.9015, 10003.2537]

----- dataset: FIESTAdata_neid_mode2     ----- model: gp_multidimensional           
rot_amp         73           6.5         -2.5          2.2   (15-84 p)   [  -10.0000,    10.0000]
con_amp         74          -1.3         -1.2          1.2   (15-84 p)   [  -20.0000,    20.0000]

----- dataset:  FIESTAdata_neid_mode3
jitter_0        75          2.62        -0.21         0.25   (15-84 p)   [    0.0049,    58.0802]
offset_0        76          0.01        -0.42         0.41   (15-84 p)   [-10007.2877, 10005.5780]

----- dataset: FIESTAdata_neid_mode3     ----- model: gp_multidimensional           
rot_amp         77          -4.0         -4.0          5.4   (15-84 p)   [  -10.0000,    10.0000]
con_amp         78           6.1         -2.7          2.9   (15-84 p)   [  -20.0000,    20.0000]

----- common model:  b
P                0           3.9         -2.7          1.9   (15-84 p)   [    0.3785,     6.6439]
K                1          -3.4         -4.6          3.2   (15-84 p)   [   -9.9658,     3.3219]
sre_coso         2          0.01        -0.22         0.20   (15-84 p)   [   -1.0000,     1.0000]
sre_sino         3          0.01        -0.22         0.22   (15-84 p)   [   -1.0000,     1.0000]
mean_long        4           194         -104          104   (15-84 p)   [   16.0717,   376.0717]

----- common model:  c
P                5           3.9         -2.5          1.9   (15-84 p)   [    0.3785,     6.6439]
K                6          -4.7         -4.0          4.2   (15-84 p)   [   -9.9658,     3.3219]
sre_coso         7         -0.02        -0.22         0.24   (15-84 p)   [   -1.0000,     1.0000]
sre_sino         8         -0.01        -0.21         0.20   (15-84 p)   [   -1.0000,     1.0000]
mean_long        9           204         -104          117   (15-84 p)   [   41.7261,   401.7261]

----- common model:  d
P               10           3.9         -2.5          1.9   (15-84 p)   [    0.3785,     6.6439]
K               11          -4.5         -3.8          3.8   (15-84 p)   [   -9.9658,     3.3219]
sre_coso        12         -0.01        -0.22         0.21   (15-84 p)   [   -1.0000,     1.0000]
sre_sino        13          0.01        -0.22         0.22   (15-84 p)   [   -1.0000,     1.0000]
mean_long       14           201         -113          107   (15-84 p)   [   18.5694,   378.5694]

----- common model:  activity
Prot            15         28.12        -0.54         0.48   (15-84 p)   [   20.0000,    35.0000]
Pdec            16            96          -18           25   (15-84 p)   [   30.0000,  1000.0000]
Oamp            17         -1.31        -0.13         0.12   (15-84 p)   [   -6.6439,     0.0000]

----- common model:  star_parameters

====================================================================================================
     Statistics on the model parameters obtained from the posteriors samples     
====================================================================================================

----- dataset:  RVdata_expres
jitter_0                  1.37        -0.11         0.12    (15-84 p)
offset_0                  8.65        -0.67         0.74    (15-84 p)


----- dataset: RVdata_expres             ----- model: gp_multidimensional           
rot_amp                    4.0         -2.5          3.1    (15-84 p)
con_amp                   16.8         -2.6          2.0    (15-84 p)

----- dataset:  RVdata_harps
jitter_0                 1.001       -0.079        0.085    (15-84 p)
offset_0                  9.15        -0.65         0.72    (15-84 p)
offset_1                  9.69        -0.72         0.73    (15-84 p)


----- dataset: RVdata_harps              ----- model: gp_multidimensional           
rot_amp                    3.7         -2.2          2.7    (15-84 p)
con_amp                   16.2         -2.3          2.1    (15-84 p)

----- dataset:  RVdata_neid
jitter_0                 0.960       -0.079        0.097    (15-84 p)
offset_0                  9.55        -0.61         0.63    (15-84 p)


----- dataset: RVdata_neid               ----- model: gp_multidimensional           
rot_amp                   8.65         -1.7         0.96    (15-84 p)
con_amp                   14.6         -2.4          2.2    (15-84 p)

----- dataset:  FIESTAdata_expres_mode1
jitter_0                 0.832       -0.057        0.065    (15-84 p)
offset_0                 0.026       -0.089        0.087    (15-84 p)


----- dataset: FIESTAdata_expres_mode1   ----- model: gp_multidimensional           
rot_amp                    2.5         -1.9          2.0    (15-84 p)
con_amp                  -0.04        -0.80         0.86    (15-84 p)

----- dataset:  FIESTAdata_expres_mode2
jitter_0                 1.204       -0.078        0.090    (15-84 p)
offset_0                 -0.01        -0.14         0.13    (15-84 p)


----- dataset: FIESTAdata_expres_mode2   ----- model: gp_multidimensional           
rot_amp                   -1.6         -2.9          2.7    (15-84 p)
con_amp                   -1.6         -1.2          1.1    (15-84 p)

----- dataset:  FIESTAdata_expres_mode3
jitter_0                  3.48        -0.24         0.27    (15-84 p)
offset_0                 -0.05        -0.39         0.38    (15-84 p)


----- dataset: FIESTAdata_expres_mode3   ----- model: gp_multidimensional           
rot_amp                   -5.6         -3.0          5.2    (15-84 p)
con_amp                   -0.9         -3.7          4.1    (15-84 p)

----- dataset:  FIESTAdata_harps_mode1
jitter_0                  0.97        -0.15         0.17    (15-84 p)
offset_0                  0.07        -0.23         0.21    (15-84 p)


----- dataset: FIESTAdata_harps_mode1    ----- model: gp_multidimensional           
rot_amp                   -4.9         -3.1          3.2    (15-84 p)
con_amp                    0.3         -2.8          2.5    (15-84 p)

----- dataset:  FIESTAdata_harps_mode2
jitter_0                  1.20        -0.18         0.22    (15-84 p)
offset_0                 -0.01        -0.29         0.32    (15-84 p)


----- dataset: FIESTAdata_harps_mode2    ----- model: gp_multidimensional           
rot_amp                    4.5         -4.4          3.4    (15-84 p)
con_amp                    2.9         -3.2          3.3    (15-84 p)

----- dataset:  FIESTAdata_harps_mode3
jitter_0                  3.56        -0.50         0.69    (15-84 p)
offset_0                  -0.1         -1.1          1.1    (15-84 p)


----- dataset: FIESTAdata_harps_mode3    ----- model: gp_multidimensional           
rot_amp                    0.6         -6.7          6.2    (15-84 p)
con_amp                  -16.1         -2.9          5.1    (15-84 p)

----- dataset:  FIESTAdata_harpsn_mode1
jitter_0                  1.34        -0.10         0.11    (15-84 p)
offset_0                 -0.07        -0.20         0.22    (15-84 p)


----- dataset: FIESTAdata_harpsn_mode1   ----- model: gp_multidimensional           
rot_amp                   -2.1         -3.1          3.1    (15-84 p)
con_amp                    3.5         -1.4          1.6    (15-84 p)

----- dataset:  FIESTAdata_harpsn_mode2
jitter_0                  1.76        -0.13         0.15    (15-84 p)
offset_0                  0.09        -0.30         0.29    (15-84 p)


----- dataset: FIESTAdata_harpsn_mode2   ----- model: gp_multidimensional           
rot_amp                    0.7         -3.8          3.8    (15-84 p)
con_amp                   -4.7         -2.0          1.9    (15-84 p)

----- dataset:  FIESTAdata_harpsn_mode3
jitter_0                  4.48        -0.33         0.38    (15-84 p)
offset_0                  0.05        -0.51         0.54    (15-84 p)


----- dataset: FIESTAdata_harpsn_mode3   ----- model: gp_multidimensional           
rot_amp                    4.9         -6.6          3.7    (15-84 p)
con_amp                   -2.4         -5.2          4.8    (15-84 p)

----- dataset:  FIESTAdata_neid_mode1
jitter_0                 0.715       -0.058        0.061    (15-84 p)
offset_0                 0.017       -0.090        0.086    (15-84 p)


----- dataset: FIESTAdata_neid_mode1     ----- model: gp_multidimensional           
rot_amp                   -3.9         -1.8          1.8    (15-84 p)
con_amp                  -0.30        -0.74         0.74    (15-84 p)

----- dataset:  FIESTAdata_neid_mode2
jitter_0                 1.114       -0.092        0.098    (15-84 p)
offset_0                 -0.01        -0.15         0.14    (15-84 p)


----- dataset: FIESTAdata_neid_mode2     ----- model: gp_multidimensional           
rot_amp                    6.5         -2.5          2.2    (15-84 p)
con_amp                   -1.3         -1.2          1.2    (15-84 p)

----- dataset:  FIESTAdata_neid_mode3
jitter_0                  2.62        -0.21         0.25    (15-84 p)
offset_0                  0.01        -0.42         0.41    (15-84 p)


----- dataset: FIESTAdata_neid_mode3     ----- model: gp_multidimensional           
rot_amp                   -4.0         -4.0          5.4    (15-84 p)
con_amp                    6.1         -2.7          2.9    (15-84 p)

----- common model:  b
P                           15          -12           39    (15-84 p)
K                        0.098       -0.093         0.78    (15-84 p)
mean_long                  194         -104          104    (15-84 p)
e                        0.067       -0.048        0.074    (15-84 p)
omega                        6         -124          117    (15-84 p)

----- common model:  c
P                           15          -12           40    (15-84 p)
K                        0.039       -0.037         0.70    (15-84 p)
mean_long                  204         -104          117    (15-84 p)
e                        0.070       -0.049        0.075    (15-84 p)
omega                       -4         -122          140    (15-84 p)

----- common model:  d
P                           14          -12           40    (15-84 p)
K                        0.044       -0.041         0.58    (15-84 p)
mean_long                  201         -113          107    (15-84 p)
e                        0.071       -0.050        0.075    (15-84 p)
omega                        9         -131          118    (15-84 p)

----- common model:  activity
Prot                     28.12        -0.54         0.48    (15-84 p)
Pdec                        96          -18           25    (15-84 p)
Oamp                     0.403       -0.035        0.036    (15-84 p)

----- common model:  star_parameters

====================================================================================================
     Statistics on the derived parameters obtained from the posteriors samples     
====================================================================================================

----- common model:  b
Inclination fixed to 90 deg!
Computing planetary mass under the approximation M_planet << M_star (threshold at 30.0 Me)
a_Rs                        25          -18           35    (15-84 p)
M_Mj                    0.0011      -0.0011        0.013    (15-84 p)
M_Me                      0.36        -0.34          4.1    (15-84 p)
Tc                     59341.3         -5.6           26    (15-84 p)
a_AU_(M)                 0.118       -0.084         0.16    (15-84 p)
a_AU_(rho,R)             0.118       -0.084         0.16    (15-84 p)

----- common model:  c
Inclination fixed to 90 deg!
Computing planetary mass under the approximation M_planet << M_star (threshold at 30.0 Me)
a_Rs                        26          -17           35    (15-84 p)
M_Mj                   0.00047     -0.00044        0.011    (15-84 p)
M_Me                      0.15        -0.14          3.5    (15-84 p)
Tc                     59342.6         -6.8           25    (15-84 p)
a_AU_(M)                 0.119       -0.081         0.16    (15-84 p)
a_AU_(rho,R)             0.119       -0.081         0.16    (15-84 p)

----- common model:  d
Inclination fixed to 90 deg!
Computing planetary mass under the approximation M_planet << M_star (threshold at 30.0 Me)
a_Rs                        25          -17           35    (15-84 p)
M_Mj                   0.00048     -0.00045       0.0082    (15-84 p)
M_Me                      0.15        -0.14          2.6    (15-84 p)
Tc                     59340.5         -4.7           25    (15-84 p)
a_AU_(M)                 0.116       -0.079         0.16    (15-84 p)
a_AU_(rho,R)             0.116       -0.079         0.16    (15-84 p)


====================================================================================================
     ------------------------------------------------------------------------------------------     
====================================================================================================



70000.0   steps completed, average lnprob:,  -2730.666134549284


emcee completed


:::---::: PyORBIT v11.0.1 :::---:::

Python version in use:
3.10.18 (main, Jun  5 2025, 13:14:17) [GCC 11.2.0]
LaTeX disabled by default

Using orbital model:  keplerian
Using orbital parametrization:  Eastman2013

Using orbital model:  keplerian
Using orbital parametrization:  Eastman2013

Using orbital model:  keplerian
Using orbital parametrization:  Eastman2013

gp_multidimensional  S+LEAF model, number of harmonics: 4

GP model: gp_multidimensional  hyperparameters_condition:    True
GP model: gp_multidimensional  rotation_decay_condition:     True

### PyORBIT version used in the analysis:  11.0.1

 emcee version:  3.1.6

 Reference Time Tref: 59334.700184

 Data points:1279
 Dimensions: 79
 Nwalkers:   316
 Steps:      70000


Number of samplings: 1738000

Recomputing ln-prior, it may take a while...

ln-probability   distribution:  -2732.95       -7.05      7.03 (15-84 p) 
ln-prior         distribution:   -363.10       -2.49      1.76 (15-84 p) 
ln-likelihood    distribution:  -2369.54       -7.11      7.13 (15-84 p) 


*** Information criteria using the likelihood distribution

 BIC from distribution  (using likelihood)  =   5304.23    -14.26   14.21 (15-84 p)
 AIC from distribution  (using likelihood)  =   4897.08    -14.26   14.21 (15-84 p)
 AICc from distribution (using likelihood)  =   4907.62    -14.26   14.21 (15-84 p)


*** Information criteria using the median parameter set

 ln_probability of Median solution =      -inf
 ln_priors of Median solution      =      -inf
 ln_likelihood of Median solution  =      -inf

 Median BIC  (using likelihood) =       inf
 Median AIC  (using likelihood) =       inf
 Median AICc (using likelihood) =       inf


*** Information criteria using the MAP parameter set

 ln_probability of MAP solution =  -2705.52
 ln_priors of MAP solution      =   -365.46
 ln_likelihood of MAP solution  =  -2340.07

 MAP BIC  (using likelihood)    =   5245.28
 MAP AIC  (using likelihood)    =   4838.13
 MAP AICc (using likelihood)    =   4848.67

 AICc suggested over AIC because NDATA ( 1279 ) < 40 * NDIM ( 79 )

****************************************************************************************************


Computing the autocorrelation time of the chains

***** WARNING ******
The integrated autocorrelation time cannot be reliably estimated
likely the chains are too short, and ACF analysis is not fully reliable
emcee.autocorr.integrated_time tolerance lowered to 20
If you still get a warning, you should drop these results entirely
Chains too short to apply convergence criteria
They should be at least 35600*nthin = 356000

 ACF computation failed, no plot will be generated 


====================================================================================================
     Ids, spaces (s), boundaries (b) and priors (p) of the sampler parameters     
====================================================================================================

----- dataset:  RVdata_expres
jitter_0      id:  18  s:Linear      b:[      0.0010,      14.4000]   p:Uniform   []
offset_0      id:  19  s:Linear      b:[  -9996.1930,   10013.7390]   p:Uniform   []

----- dataset: RVdata_expres             ----- model: gp_multidimensional           
rot_amp       id:  20  s:Linear      b:[      0.0000,      10.0000]   p:Uniform   []
con_amp       id:  21  s:Linear      b:[    -20.0000,      20.0000]   p:Uniform   []

----- dataset:  RVdata_harps
jitter_0      id:  22  s:Linear      b:[      0.0009,      12.4000]   p:Uniform   []
offset_0      id:  23  s:Linear      b:[  -9994.9455,   10014.6615]   p:Uniform   []
offset_1      id:  24  s:Linear      b:[  -9994.9455,   10014.6615]   p:Uniform   []

----- dataset: RVdata_harps              ----- model: gp_multidimensional           
rot_amp       id:  25  s:Linear      b:[      0.0000,      10.0000]   p:Uniform   []
con_amp       id:  26  s:Linear      b:[    -20.0000,      20.0000]   p:Uniform   []

----- dataset:  RVdata_neid
jitter_0      id:  27  s:Linear      b:[      0.0010,      12.3000]   p:Uniform   []
offset_0      id:  28  s:Linear      b:[  -9994.3136,   10014.8014]   p:Uniform   []

----- dataset: RVdata_neid               ----- model: gp_multidimensional           
rot_amp       id:  29  s:Linear      b:[      0.0000,      10.0000]   p:Uniform   []
con_amp       id:  30  s:Linear      b:[    -20.0000,      20.0000]   p:Uniform   []

----- dataset:  FIESTAdata_expres_mode1
jitter_0      id:  31  s:Linear      b:[      0.0017,      23.1624]   p:Uniform   []
offset_0      id:  32  s:Linear      b:[ -10002.1847,   10001.9137]   p:Uniform   []

----- dataset: FIESTAdata_expres_mode1   ----- model: gp_multidimensional           
rot_amp       id:  33  s:Linear      b:[    -10.0000,      10.0000]   p:Uniform   []
con_amp       id:  34  s:Linear      b:[    -20.0000,      20.0000]   p:Uniform   []

----- dataset:  FIESTAdata_expres_mode2
jitter_0      id:  35  s:Linear      b:[      0.0019,      26.5895]   p:Uniform   []
offset_0      id:  36  s:Linear      b:[ -10003.0918,   10003.3536]   p:Uniform   []

----- dataset: FIESTAdata_expres_mode2   ----- model: gp_multidimensional           
rot_amp       id:  37  s:Linear      b:[    -10.0000,      10.0000]   p:Uniform   []
con_amp       id:  38  s:Linear      b:[    -20.0000,      20.0000]   p:Uniform   []

----- dataset:  FIESTAdata_expres_mode3
jitter_0      id:  39  s:Linear      b:[      0.0044,      61.7088]   p:Uniform   []
offset_0      id:  40  s:Linear      b:[ -10007.6548,   10007.7250]   p:Uniform   []

----- dataset: FIESTAdata_expres_mode3   ----- model: gp_multidimensional           
rot_amp       id:  41  s:Linear      b:[    -10.0000,      10.0000]   p:Uniform   []
con_amp       id:  42  s:Linear      b:[    -20.0000,      20.0000]   p:Uniform   []

----- dataset:  FIESTAdata_harps_mode1
jitter_0      id:  43  s:Linear      b:[      0.0013,      14.0975]   p:Uniform   []
offset_0      id:  44  s:Linear      b:[ -10001.5162,   10001.7187]   p:Uniform   []

----- dataset: FIESTAdata_harps_mode1    ----- model: gp_multidimensional           
rot_amp       id:  45  s:Linear      b:[    -10.0000,      10.0000]   p:Uniform   []
con_amp       id:  46  s:Linear      b:[    -20.0000,      20.0000]   p:Uniform   []

----- dataset:  FIESTAdata_harps_mode2
jitter_0      id:  47  s:Linear      b:[      0.0016,      16.6619]   p:Uniform   []
offset_0      id:  48  s:Linear      b:[ -10002.0632,   10001.8156]   p:Uniform   []

----- dataset: FIESTAdata_harps_mode2    ----- model: gp_multidimensional           
rot_amp       id:  49  s:Linear      b:[    -10.0000,      10.0000]   p:Uniform   []
con_amp       id:  50  s:Linear      b:[    -20.0000,      20.0000]   p:Uniform   []

----- dataset:  FIESTAdata_harps_mode3
jitter_0      id:  51  s:Linear      b:[      0.0044,      47.8256]   p:Uniform   []
offset_0      id:  52  s:Linear      b:[ -10011.2944,   10006.6672]   p:Uniform   []

----- dataset: FIESTAdata_harps_mode3    ----- model: gp_multidimensional           
rot_amp       id:  53  s:Linear      b:[    -10.0000,      10.0000]   p:Uniform   []
con_amp       id:  54  s:Linear      b:[    -20.0000,      20.0000]   p:Uniform   []

----- dataset:  FIESTAdata_harpsn_mode1
jitter_0      id:  55  s:Linear      b:[      0.0010,      12.1573]   p:Uniform   []
offset_0      id:  56  s:Linear      b:[ -10003.6215,   10002.5502]   p:Uniform   []

----- dataset: FIESTAdata_harpsn_mode1   ----- model: gp_multidimensional           
rot_amp       id:  57  s:Linear      b:[    -10.0000,      10.0000]   p:Uniform   []
con_amp       id:  58  s:Linear      b:[    -20.0000,      20.0000]   p:Uniform   []

----- dataset:  FIESTAdata_harpsn_mode2
jitter_0      id:  59  s:Linear      b:[      0.0012,      14.0974]   p:Uniform   []
offset_0      id:  60  s:Linear      b:[ -10003.8285,   10004.7191]   p:Uniform   []

----- dataset: FIESTAdata_harpsn_mode2   ----- model: gp_multidimensional           
rot_amp       id:  61  s:Linear      b:[    -10.0000,      10.0000]   p:Uniform   []
con_amp       id:  62  s:Linear      b:[    -20.0000,      20.0000]   p:Uniform   []

----- dataset:  FIESTAdata_harpsn_mode3
jitter_0      id:  63  s:Linear      b:[      0.0033,      39.4879]   p:Uniform   []
offset_0      id:  64  s:Linear      b:[ -10012.2440,   10012.0803]   p:Uniform   []

----- dataset: FIESTAdata_harpsn_mode3   ----- model: gp_multidimensional           
rot_amp       id:  65  s:Linear      b:[    -10.0000,      10.0000]   p:Uniform   []
con_amp       id:  66  s:Linear      b:[    -20.0000,      20.0000]   p:Uniform   []

----- dataset:  FIESTAdata_neid_mode1
jitter_0      id:  67  s:Linear      b:[      0.0016,      19.2528]   p:Uniform   []
offset_0      id:  68  s:Linear      b:[ -10002.1932,   10001.8029]   p:Uniform   []

----- dataset: FIESTAdata_neid_mode1     ----- model: gp_multidimensional           
rot_amp       id:  69  s:Linear      b:[    -10.0000,      10.0000]   p:Uniform   []
con_amp       id:  70  s:Linear      b:[    -20.0000,      20.0000]   p:Uniform   []

----- dataset:  FIESTAdata_neid_mode2
jitter_0      id:  71  s:Linear      b:[      0.0020,      23.2183]   p:Uniform   []
offset_0      id:  72  s:Linear      b:[ -10002.9015,   10003.2537]   p:Uniform   []

----- dataset: FIESTAdata_neid_mode2     ----- model: gp_multidimensional           
rot_amp       id:  73  s:Linear      b:[    -10.0000,      10.0000]   p:Uniform   []
con_amp       id:  74  s:Linear      b:[    -20.0000,      20.0000]   p:Uniform   []

----- dataset:  FIESTAdata_neid_mode3
jitter_0      id:  75  s:Linear      b:[      0.0049,      58.0802]   p:Uniform   []
offset_0      id:  76  s:Linear      b:[ -10007.2877,   10005.5780]   p:Uniform   []

----- dataset: FIESTAdata_neid_mode3     ----- model: gp_multidimensional           
rot_amp       id:  77  s:Linear      b:[    -10.0000,      10.0000]   p:Uniform   []
con_amp       id:  78  s:Linear      b:[    -20.0000,      20.0000]   p:Uniform   []

----- common model:  b
P             id:   0  s:Log_Base2   b:[      0.3785,       6.6439]   p:Uniform   []
K             id:   1  s:Log_Base2   b:[     -9.9658,       3.3219]   p:Uniform   []
sre_coso      id:   2  s:Linear      b:[     -1.0000,       1.0000]   p:Uniform   []
sre_sino      id:   3  s:Linear      b:[     -1.0000,       1.0000]   p:Uniform   []
mean_long     id:   4  s:Linear      b:[     16.0717,     376.0717]   p:Uniform   []
e             derived (no id, space, bound)                           p:Gaussian   [0.    0.098]
omega         derived (no id, space, bound)                           p:Uniform   [0.0, 360.0]

----- common model:  c
P             id:   5  s:Log_Base2   b:[      0.3785,       6.6439]   p:Uniform   []
K             id:   6  s:Log_Base2   b:[     -9.9658,       3.3219]   p:Uniform   []
sre_coso      id:   7  s:Linear      b:[     -1.0000,       1.0000]   p:Uniform   []
sre_sino      id:   8  s:Linear      b:[     -1.0000,       1.0000]   p:Uniform   []
mean_long     id:   9  s:Linear      b:[     41.7261,     401.7261]   p:Uniform   []
e             derived (no id, space, bound)                           p:Gaussian   [0.    0.098]
omega         derived (no id, space, bound)                           p:Uniform   [0.0, 360.0]

----- common model:  d
P             id:  10  s:Log_Base2   b:[      0.3785,       6.6439]   p:Uniform   []
K             id:  11  s:Log_Base2   b:[     -9.9658,       3.3219]   p:Uniform   []
sre_coso      id:  12  s:Linear      b:[     -1.0000,       1.0000]   p:Uniform   []
sre_sino      id:  13  s:Linear      b:[     -1.0000,       1.0000]   p:Uniform   []
mean_long     id:  14  s:Linear      b:[     18.5694,     378.5694]   p:Uniform   []
e             derived (no id, space, bound)                           p:Gaussian   [0.    0.098]
omega         derived (no id, space, bound)                           p:Uniform   [0.0, 360.0]

----- common model:  activity
Prot          id:  15  s:Linear      b:[     20.0000,      35.0000]   p:Gaussian   [28.   0.5]
Pdec          id:  16  s:Linear      b:[     30.0000,    1000.0000]   p:Uniform   []
Oamp          id:  17  s:Log_Base2   b:[     -6.6439,       0.0000]   p:Gaussian   [0.35  0.035]

----- common model:  star_parameters
mass          derived (no id, space, bound)                           p:Gaussian   [1.e+00 1.e-06]
radius        derived (no id, space, bound)                           p:Gaussian   [1.e+00 1.e-06]
density       derived (no id, space, bound)                           p:Gaussian   [1.e+00 1.e-06]


****************************************************************************************************
****************************************************************************************************

 Confidence intervals (median value, 34.135th percentile from the median on the left and right side)

====================================================================================================
     Statistics on the posterior of the sampler parameters     
====================================================================================================

----- dataset:  RVdata_expres
jitter_0        18          1.37        -0.11         0.12   (15-84 p)   [    0.0010,    14.4000]
offset_0        19          8.65        -0.67         0.74   (15-84 p)   [-9996.1930, 10013.7390]

----- dataset: RVdata_expres             ----- model: gp_multidimensional           
rot_amp         20           4.0         -2.5          3.1   (15-84 p)   [    0.0000,    10.0000]
con_amp         21          16.8         -2.6          2.0   (15-84 p)   [  -20.0000,    20.0000]

----- dataset:  RVdata_harps
jitter_0        22         1.001       -0.079        0.085   (15-84 p)   [    0.0009,    12.4000]
offset_0        23          9.15        -0.65         0.72   (15-84 p)   [-9994.9455, 10014.6615]
offset_1        24          9.69        -0.72         0.73   (15-84 p)   [-9994.9455, 10014.6615]

----- dataset: RVdata_harps              ----- model: gp_multidimensional           
rot_amp         25           3.7         -2.2          2.7   (15-84 p)   [    0.0000,    10.0000]
con_amp         26          16.2         -2.3          2.1   (15-84 p)   [  -20.0000,    20.0000]

----- dataset:  RVdata_neid
jitter_0        27         0.960       -0.079        0.097   (15-84 p)   [    0.0010,    12.3000]
offset_0        28          9.55        -0.61         0.63   (15-84 p)   [-9994.3136, 10014.8014]

----- dataset: RVdata_neid               ----- model: gp_multidimensional           
rot_amp         29          8.65         -1.7         0.96   (15-84 p)   [    0.0000,    10.0000]
con_amp         30          14.6         -2.4          2.2   (15-84 p)   [  -20.0000,    20.0000]

----- dataset:  FIESTAdata_expres_mode1
jitter_0        31         0.832       -0.057        0.065   (15-84 p)   [    0.0017,    23.1624]
offset_0        32         0.026       -0.089        0.087   (15-84 p)   [-10002.1847, 10001.9137]

----- dataset: FIESTAdata_expres_mode1   ----- model: gp_multidimensional           
rot_amp         33           2.5         -1.9          2.0   (15-84 p)   [  -10.0000,    10.0000]
con_amp         34         -0.04        -0.80         0.86   (15-84 p)   [  -20.0000,    20.0000]

----- dataset:  FIESTAdata_expres_mode2
jitter_0        35         1.204       -0.078        0.090   (15-84 p)   [    0.0019,    26.5895]
offset_0        36         -0.01        -0.14         0.13   (15-84 p)   [-10003.0918, 10003.3536]

----- dataset: FIESTAdata_expres_mode2   ----- model: gp_multidimensional           
rot_amp         37          -1.6         -2.9          2.7   (15-84 p)   [  -10.0000,    10.0000]
con_amp         38          -1.6         -1.2          1.1   (15-84 p)   [  -20.0000,    20.0000]

----- dataset:  FIESTAdata_expres_mode3
jitter_0        39          3.48        -0.24         0.27   (15-84 p)   [    0.0044,    61.7088]
offset_0        40         -0.05        -0.39         0.38   (15-84 p)   [-10007.6548, 10007.7250]

----- dataset: FIESTAdata_expres_mode3   ----- model: gp_multidimensional           
rot_amp         41          -5.6         -3.0          5.2   (15-84 p)   [  -10.0000,    10.0000]
con_amp         42          -0.9         -3.7          4.1   (15-84 p)   [  -20.0000,    20.0000]

----- dataset:  FIESTAdata_harps_mode1
jitter_0        43          0.97        -0.15         0.17   (15-84 p)   [    0.0013,    14.0975]
offset_0        44          0.07        -0.23         0.21   (15-84 p)   [-10001.5162, 10001.7187]

----- dataset: FIESTAdata_harps_mode1    ----- model: gp_multidimensional           
rot_amp         45          -4.9         -3.1          3.2   (15-84 p)   [  -10.0000,    10.0000]
con_amp         46           0.3         -2.8          2.5   (15-84 p)   [  -20.0000,    20.0000]

----- dataset:  FIESTAdata_harps_mode2
jitter_0        47          1.20        -0.18         0.22   (15-84 p)   [    0.0016,    16.6619]
offset_0        48         -0.01        -0.29         0.32   (15-84 p)   [-10002.0632, 10001.8156]

----- dataset: FIESTAdata_harps_mode2    ----- model: gp_multidimensional           
rot_amp         49           4.5         -4.4          3.4   (15-84 p)   [  -10.0000,    10.0000]
con_amp         50           2.9         -3.2          3.3   (15-84 p)   [  -20.0000,    20.0000]

----- dataset:  FIESTAdata_harps_mode3
jitter_0        51          3.56        -0.50         0.69   (15-84 p)   [    0.0044,    47.8256]
offset_0        52          -0.1         -1.1          1.1   (15-84 p)   [-10011.2944, 10006.6672]

----- dataset: FIESTAdata_harps_mode3    ----- model: gp_multidimensional           
rot_amp         53           0.6         -6.7          6.2   (15-84 p)   [  -10.0000,    10.0000]
con_amp         54         -16.1         -2.9          5.1   (15-84 p)   [  -20.0000,    20.0000]

----- dataset:  FIESTAdata_harpsn_mode1
jitter_0        55          1.34        -0.10         0.11   (15-84 p)   [    0.0010,    12.1573]
offset_0        56         -0.07        -0.20         0.22   (15-84 p)   [-10003.6215, 10002.5502]

----- dataset: FIESTAdata_harpsn_mode1   ----- model: gp_multidimensional           
rot_amp         57          -2.1         -3.1          3.1   (15-84 p)   [  -10.0000,    10.0000]
con_amp         58           3.5         -1.4          1.6   (15-84 p)   [  -20.0000,    20.0000]

----- dataset:  FIESTAdata_harpsn_mode2
jitter_0        59          1.76        -0.13         0.15   (15-84 p)   [    0.0012,    14.0974]
offset_0        60          0.09        -0.30         0.29   (15-84 p)   [-10003.8285, 10004.7191]

----- dataset: FIESTAdata_harpsn_mode2   ----- model: gp_multidimensional           
rot_amp         61           0.7         -3.8          3.8   (15-84 p)   [  -10.0000,    10.0000]
con_amp         62          -4.7         -2.0          1.9   (15-84 p)   [  -20.0000,    20.0000]

----- dataset:  FIESTAdata_harpsn_mode3
jitter_0        63          4.48        -0.33         0.38   (15-84 p)   [    0.0033,    39.4879]
offset_0        64          0.05        -0.51         0.54   (15-84 p)   [-10012.2440, 10012.0803]

----- dataset: FIESTAdata_harpsn_mode3   ----- model: gp_multidimensional           
rot_amp         65           4.9         -6.6          3.7   (15-84 p)   [  -10.0000,    10.0000]
con_amp         66          -2.4         -5.2          4.8   (15-84 p)   [  -20.0000,    20.0000]

----- dataset:  FIESTAdata_neid_mode1
jitter_0        67         0.715       -0.058        0.061   (15-84 p)   [    0.0016,    19.2528]
offset_0        68         0.017       -0.090        0.086   (15-84 p)   [-10002.1932, 10001.8029]

----- dataset: FIESTAdata_neid_mode1     ----- model: gp_multidimensional           
rot_amp         69          -3.9         -1.8          1.8   (15-84 p)   [  -10.0000,    10.0000]
con_amp         70         -0.30        -0.74         0.74   (15-84 p)   [  -20.0000,    20.0000]

----- dataset:  FIESTAdata_neid_mode2
jitter_0        71         1.114       -0.092        0.098   (15-84 p)   [    0.0020,    23.2183]
offset_0        72         -0.01        -0.15         0.14   (15-84 p)   [-10002.9015, 10003.2537]

----- dataset: FIESTAdata_neid_mode2     ----- model: gp_multidimensional           
rot_amp         73           6.5         -2.5          2.2   (15-84 p)   [  -10.0000,    10.0000]
con_amp         74          -1.3         -1.2          1.2   (15-84 p)   [  -20.0000,    20.0000]

----- dataset:  FIESTAdata_neid_mode3
jitter_0        75          2.62        -0.21         0.25   (15-84 p)   [    0.0049,    58.0802]
offset_0        76          0.01        -0.42         0.41   (15-84 p)   [-10007.2877, 10005.5780]

----- dataset: FIESTAdata_neid_mode3     ----- model: gp_multidimensional           
rot_amp         77          -4.0         -4.0          5.4   (15-84 p)   [  -10.0000,    10.0000]
con_amp         78           6.1         -2.7          2.9   (15-84 p)   [  -20.0000,    20.0000]

----- common model:  b
P                0           3.9         -2.7          1.9   (15-84 p)   [    0.3785,     6.6439]
K                1          -3.4         -4.6          3.2   (15-84 p)   [   -9.9658,     3.3219]
sre_coso         2          0.01        -0.22         0.20   (15-84 p)   [   -1.0000,     1.0000]
sre_sino         3          0.01        -0.22         0.22   (15-84 p)   [   -1.0000,     1.0000]
mean_long        4           194         -104          104   (15-84 p)   [   16.0717,   376.0717]

----- common model:  c
P                5           3.9         -2.5          1.9   (15-84 p)   [    0.3785,     6.6439]
K                6          -4.7         -4.0          4.2   (15-84 p)   [   -9.9658,     3.3219]
sre_coso         7         -0.02        -0.22         0.24   (15-84 p)   [   -1.0000,     1.0000]
sre_sino         8         -0.01        -0.21         0.20   (15-84 p)   [   -1.0000,     1.0000]
mean_long        9           204         -104          117   (15-84 p)   [   41.7261,   401.7261]

----- common model:  d
P               10           3.9         -2.5          1.9   (15-84 p)   [    0.3785,     6.6439]
K               11          -4.5         -3.8          3.8   (15-84 p)   [   -9.9658,     3.3219]
sre_coso        12         -0.01        -0.22         0.21   (15-84 p)   [   -1.0000,     1.0000]
sre_sino        13          0.01        -0.22         0.22   (15-84 p)   [   -1.0000,     1.0000]
mean_long       14           201         -113          107   (15-84 p)   [   18.5694,   378.5694]

----- common model:  activity
Prot            15         28.12        -0.54         0.48   (15-84 p)   [   20.0000,    35.0000]
Pdec            16            96          -18           25   (15-84 p)   [   30.0000,  1000.0000]
Oamp            17         -1.31        -0.13         0.12   (15-84 p)   [   -6.6439,     0.0000]

----- common model:  star_parameters

====================================================================================================
     Statistics on the model parameters obtained from the posteriors samples     
====================================================================================================

----- dataset:  RVdata_expres
jitter_0                  1.37        -0.11         0.12    (15-84 p)
offset_0                  8.65        -0.67         0.74    (15-84 p)


----- dataset: RVdata_expres             ----- model: gp_multidimensional           
rot_amp                    4.0         -2.5          3.1    (15-84 p)
con_amp                   16.8         -2.6          2.0    (15-84 p)

----- dataset:  RVdata_harps
jitter_0                 1.001       -0.079        0.085    (15-84 p)
offset_0                  9.15        -0.65         0.72    (15-84 p)
offset_1                  9.69        -0.72         0.73    (15-84 p)


----- dataset: RVdata_harps              ----- model: gp_multidimensional           
rot_amp                    3.7         -2.2          2.7    (15-84 p)
con_amp                   16.2         -2.3          2.1    (15-84 p)

----- dataset:  RVdata_neid
jitter_0                 0.960       -0.079        0.097    (15-84 p)
offset_0                  9.55        -0.61         0.63    (15-84 p)


----- dataset: RVdata_neid               ----- model: gp_multidimensional           
rot_amp                   8.65         -1.7         0.96    (15-84 p)
con_amp                   14.6         -2.4          2.2    (15-84 p)

----- dataset:  FIESTAdata_expres_mode1
jitter_0                 0.832       -0.057        0.065    (15-84 p)
offset_0                 0.026       -0.089        0.087    (15-84 p)


----- dataset: FIESTAdata_expres_mode1   ----- model: gp_multidimensional           
rot_amp                    2.5         -1.9          2.0    (15-84 p)
con_amp                  -0.04        -0.80         0.86    (15-84 p)

----- dataset:  FIESTAdata_expres_mode2
jitter_0                 1.204       -0.078        0.090    (15-84 p)
offset_0                 -0.01        -0.14         0.13    (15-84 p)


----- dataset: FIESTAdata_expres_mode2   ----- model: gp_multidimensional           
rot_amp                   -1.6         -2.9          2.7    (15-84 p)
con_amp                   -1.6         -1.2          1.1    (15-84 p)

----- dataset:  FIESTAdata_expres_mode3
jitter_0                  3.48        -0.24         0.27    (15-84 p)
offset_0                 -0.05        -0.39         0.38    (15-84 p)


----- dataset: FIESTAdata_expres_mode3   ----- model: gp_multidimensional           
rot_amp                   -5.6         -3.0          5.2    (15-84 p)
con_amp                   -0.9         -3.7          4.1    (15-84 p)

----- dataset:  FIESTAdata_harps_mode1
jitter_0                  0.97        -0.15         0.17    (15-84 p)
offset_0                  0.07        -0.23         0.21    (15-84 p)


----- dataset: FIESTAdata_harps_mode1    ----- model: gp_multidimensional           
rot_amp                   -4.9         -3.1          3.2    (15-84 p)
con_amp                    0.3         -2.8          2.5    (15-84 p)

----- dataset:  FIESTAdata_harps_mode2
jitter_0                  1.20        -0.18         0.22    (15-84 p)
offset_0                 -0.01        -0.29         0.32    (15-84 p)


----- dataset: FIESTAdata_harps_mode2    ----- model: gp_multidimensional           
rot_amp                    4.5         -4.4          3.4    (15-84 p)
con_amp                    2.9         -3.2          3.3    (15-84 p)

----- dataset:  FIESTAdata_harps_mode3
jitter_0                  3.56        -0.50         0.69    (15-84 p)
offset_0                  -0.1         -1.1          1.1    (15-84 p)


----- dataset: FIESTAdata_harps_mode3    ----- model: gp_multidimensional           
rot_amp                    0.6         -6.7          6.2    (15-84 p)
con_amp                  -16.1         -2.9          5.1    (15-84 p)

----- dataset:  FIESTAdata_harpsn_mode1
jitter_0                  1.34        -0.10         0.11    (15-84 p)
offset_0                 -0.07        -0.20         0.22    (15-84 p)


----- dataset: FIESTAdata_harpsn_mode1   ----- model: gp_multidimensional           
rot_amp                   -2.1         -3.1          3.1    (15-84 p)
con_amp                    3.5         -1.4          1.6    (15-84 p)

----- dataset:  FIESTAdata_harpsn_mode2
jitter_0                  1.76        -0.13         0.15    (15-84 p)
offset_0                  0.09        -0.30         0.29    (15-84 p)


----- dataset: FIESTAdata_harpsn_mode2   ----- model: gp_multidimensional           
rot_amp                    0.7         -3.8          3.8    (15-84 p)
con_amp                   -4.7         -2.0          1.9    (15-84 p)

----- dataset:  FIESTAdata_harpsn_mode3
jitter_0                  4.48        -0.33         0.38    (15-84 p)
offset_0                  0.05        -0.51         0.54    (15-84 p)


----- dataset: FIESTAdata_harpsn_mode3   ----- model: gp_multidimensional           
rot_amp                    4.9         -6.6          3.7    (15-84 p)
con_amp                   -2.4         -5.2          4.8    (15-84 p)

----- dataset:  FIESTAdata_neid_mode1
jitter_0                 0.715       -0.058        0.061    (15-84 p)
offset_0                 0.017       -0.090        0.086    (15-84 p)


----- dataset: FIESTAdata_neid_mode1     ----- model: gp_multidimensional           
rot_amp                   -3.9         -1.8          1.8    (15-84 p)
con_amp                  -0.30        -0.74         0.74    (15-84 p)

----- dataset:  FIESTAdata_neid_mode2
jitter_0                 1.114       -0.092        0.098    (15-84 p)
offset_0                 -0.01        -0.15         0.14    (15-84 p)


----- dataset: FIESTAdata_neid_mode2     ----- model: gp_multidimensional           
rot_amp                    6.5         -2.5          2.2    (15-84 p)
con_amp                   -1.3         -1.2          1.2    (15-84 p)

----- dataset:  FIESTAdata_neid_mode3
jitter_0                  2.62        -0.21         0.25    (15-84 p)
offset_0                  0.01        -0.42         0.41    (15-84 p)


----- dataset: FIESTAdata_neid_mode3     ----- model: gp_multidimensional           
rot_amp                   -4.0         -4.0          5.4    (15-84 p)
con_amp                    6.1         -2.7          2.9    (15-84 p)

----- common model:  b
P                           15          -12           39    (15-84 p)
K                        0.098       -0.093         0.78    (15-84 p)
mean_long                  227         -103          123    (15-84 p)
e                        0.067       -0.048        0.074    (15-84 p)
omega                      -79         -129          123    (15-84 p)

----- common model:  c
P                           15          -12           40    (15-84 p)
K                        0.039       -0.037         0.70    (15-84 p)
mean_long                  155         -107          113    (15-84 p)
e                        0.070       -0.049        0.075    (15-84 p)
omega                     -131         -105          121    (15-84 p)

----- common model:  d
P                           14          -12           40    (15-84 p)
K                        0.044       -0.041         0.58    (15-84 p)
mean_long                  235         -113          121    (15-84 p)
e                        0.071       -0.050        0.075    (15-84 p)
omega                       12         -131          118    (15-84 p)

----- common model:  activity
Prot                     28.12        -0.54         0.48    (15-84 p)
Pdec                        96          -18           25    (15-84 p)
Oamp                     0.403       -0.035        0.036    (15-84 p)

----- common model:  star_parameters

====================================================================================================
     Statistics on the derived parameters obtained from the posteriors samples     
====================================================================================================

----- common model:  b
Inclination fixed to 90 deg!
Computing planetary mass under the approximation M_planet << M_star (threshold at 30.0 Me)
a_Rs                        25          -18           35    (15-84 p)
M_Mj                    0.0011      -0.0011        0.013    (15-84 p)
M_Me                      0.36        -0.34          4.1    (15-84 p)
Tc                     59341.3         -5.6           26    (15-84 p)
a_AU_(M)                 0.118       -0.084         0.16    (15-84 p)
a_AU_(rho,R)             0.118       -0.084         0.16    (15-84 p)

----- common model:  c
Inclination fixed to 90 deg!
Computing planetary mass under the approximation M_planet << M_star (threshold at 30.0 Me)
a_Rs                        26          -17           35    (15-84 p)
M_Mj                   0.00047     -0.00044        0.011    (15-84 p)
M_Me                      0.15        -0.14          3.5    (15-84 p)
Tc                     59342.6         -6.8           25    (15-84 p)
a_AU_(M)                 0.119       -0.081         0.16    (15-84 p)
a_AU_(rho,R)             0.119       -0.081         0.16    (15-84 p)

----- common model:  d
Inclination fixed to 90 deg!
Computing planetary mass under the approximation M_planet << M_star (threshold at 30.0 Me)
a_Rs                        25          -17           35    (15-84 p)
M_Mj                   0.00048     -0.00045       0.0082    (15-84 p)
M_Me                      0.15        -0.14          2.6    (15-84 p)
Tc                     59340.5         -4.7           25    (15-84 p)
a_AU_(M)                 0.116       -0.079         0.16    (15-84 p)
a_AU_(rho,R)             0.116       -0.079         0.16    (15-84 p)


====================================================================================================
     ------------------------------------------------------------------------------------------     
====================================================================================================



****************************************************************************************************

 Parameters corresponding to the Maximum a Posteriori probability ( -2705.5242192817163 )

====================================================================================================
     Statistics on the posterior of the sampler parameters     
====================================================================================================

----- dataset:  RVdata_expres
jitter_0        18      1.364765 [    0.0010,    14.4000]
offset_0        19      8.452319 [-9996.1930, 10013.7390]

----- dataset: RVdata_expres             ----- model: gp_multidimensional           
rot_amp         20      3.530593 [    0.0000,    10.0000]
con_amp         21     16.206239 [  -20.0000,    20.0000]

----- dataset:  RVdata_harps
jitter_0        22      1.007183 [    0.0009,    12.4000]
offset_0        23      8.982742 [-9994.9455, 10014.6615]
offset_1        24      9.209608 [-9994.9455, 10014.6615]

----- dataset: RVdata_harps              ----- model: gp_multidimensional           
rot_amp         25      6.050613 [    0.0000,    10.0000]
con_amp         26     17.505945 [  -20.0000,    20.0000]

----- dataset:  RVdata_neid
jitter_0        27      0.965025 [    0.0010,    12.3000]
offset_0        28      9.447168 [-9994.3136, 10014.8014]

----- dataset: RVdata_neid               ----- model: gp_multidimensional           
rot_amp         29      6.818748 [    0.0000,    10.0000]
con_amp         30     15.377384 [  -20.0000,    20.0000]

----- dataset:  FIESTAdata_expres_mode1
jitter_0        31      0.847444 [    0.0017,    23.1624]
offset_0        32      0.020282 [-10002.1847, 10001.9137]

----- dataset: FIESTAdata_expres_mode1   ----- model: gp_multidimensional           
rot_amp         33      2.958478 [  -10.0000,    10.0000]
con_amp         34     -0.166117 [  -20.0000,    20.0000]

----- dataset:  FIESTAdata_expres_mode2
jitter_0        35      1.321725 [    0.0019,    26.5895]
offset_0        36      0.040075 [-10003.0918, 10003.3536]

----- dataset: FIESTAdata_expres_mode2   ----- model: gp_multidimensional           
rot_amp         37     -2.419593 [  -10.0000,    10.0000]
con_amp         38     -1.007056 [  -20.0000,    20.0000]

----- dataset:  FIESTAdata_expres_mode3
jitter_0        39      3.240029 [    0.0044,    61.7088]
offset_0        40     -0.167865 [-10007.6548, 10007.7250]

----- dataset: FIESTAdata_expres_mode3   ----- model: gp_multidimensional           
rot_amp         41     -8.953726 [  -10.0000,    10.0000]
con_amp         42     -5.164570 [  -20.0000,    20.0000]

----- dataset:  FIESTAdata_harps_mode1
jitter_0        43      0.766164 [    0.0013,    14.0975]
offset_0        44      0.070517 [-10001.5162, 10001.7187]

----- dataset: FIESTAdata_harps_mode1    ----- model: gp_multidimensional           
rot_amp         45     -6.295023 [  -10.0000,    10.0000]
con_amp         46     -5.346544 [  -20.0000,    20.0000]

----- dataset:  FIESTAdata_harps_mode2
jitter_0        47      0.770228 [    0.0016,    16.6619]
offset_0        48     -0.054160 [-10002.0632, 10001.8156]

----- dataset: FIESTAdata_harps_mode2    ----- model: gp_multidimensional           
rot_amp         49      0.675743 [  -10.0000,    10.0000]
con_amp         50      7.718042 [  -20.0000,    20.0000]

----- dataset:  FIESTAdata_harps_mode3
jitter_0        51      5.367055 [    0.0044,    47.8256]
offset_0        52      0.926822 [-10011.2944, 10006.6672]

----- dataset: FIESTAdata_harps_mode3    ----- model: gp_multidimensional           
rot_amp         53      8.499778 [  -10.0000,    10.0000]
con_amp         54    -16.757698 [  -20.0000,    20.0000]

----- dataset:  FIESTAdata_harpsn_mode1
jitter_0        55      1.302813 [    0.0010,    12.1573]
offset_0        56     -0.076529 [-10003.6215, 10002.5502]

----- dataset: FIESTAdata_harpsn_mode1   ----- model: gp_multidimensional           
rot_amp         57     -1.060864 [  -10.0000,    10.0000]
con_amp         58      2.805855 [  -20.0000,    20.0000]

----- dataset:  FIESTAdata_harpsn_mode2
jitter_0        59      1.763854 [    0.0012,    14.0974]
offset_0        60     -0.138229 [-10003.8285, 10004.7191]

----- dataset: FIESTAdata_harpsn_mode2   ----- model: gp_multidimensional           
rot_amp         61     -5.715885 [  -10.0000,    10.0000]
con_amp         62     -2.584880 [  -20.0000,    20.0000]

----- dataset:  FIESTAdata_harpsn_mode3
jitter_0        63      4.482852 [    0.0033,    39.4879]
offset_0        64      0.591430 [-10012.2440, 10012.0803]

----- dataset: FIESTAdata_harpsn_mode3   ----- model: gp_multidimensional           
rot_amp         65      5.984651 [  -10.0000,    10.0000]
con_amp         66     -6.017781 [  -20.0000,    20.0000]

----- dataset:  FIESTAdata_neid_mode1
jitter_0        67      0.680579 [    0.0016,    19.2528]
offset_0        68      0.077523 [-10002.1932, 10001.8029]

----- dataset: FIESTAdata_neid_mode1     ----- model: gp_multidimensional           
rot_amp         69     -3.402680 [  -10.0000,    10.0000]
con_amp         70     -0.455169 [  -20.0000,    20.0000]

----- dataset:  FIESTAdata_neid_mode2
jitter_0        71      1.108625 [    0.0020,    23.2183]
offset_0        72     -0.025195 [-10002.9015, 10003.2537]

----- dataset: FIESTAdata_neid_mode2     ----- model: gp_multidimensional           
rot_amp         73      8.987548 [  -10.0000,    10.0000]
con_amp         74     -1.072829 [  -20.0000,    20.0000]

----- dataset:  FIESTAdata_neid_mode3
jitter_0        75      2.692600 [    0.0049,    58.0802]
offset_0        76     -0.165876 [-10007.2877, 10005.5780]

----- dataset: FIESTAdata_neid_mode3     ----- model: gp_multidimensional           
rot_amp         77     -5.080593 [  -10.0000,    10.0000]
con_amp         78      2.037383 [  -20.0000,    20.0000]

----- common model:  b
P                0      5.450180 [    0.3785,     6.6439]
K                1     -6.170522 [   -9.9658,     3.3219]
sre_coso         2      0.009956 [   -1.0000,     1.0000]
sre_sino         3     -0.127104 [   -1.0000,     1.0000]
mean_long        4    254.481804 [   16.0717,   376.0717]

----- common model:  c
P                5      4.872916 [    0.3785,     6.6439]
K                6      1.416080 [   -9.9658,     3.3219]
sre_coso         7     -0.109401 [   -1.0000,     1.0000]
sre_sino         8     -0.135031 [   -1.0000,     1.0000]
mean_long        9    147.613463 [   41.7261,   401.7261]

----- common model:  d
P               10      6.169403 [    0.3785,     6.6439]
K               11     -1.685559 [   -9.9658,     3.3219]
sre_coso        12      0.468080 [   -1.0000,     1.0000]
sre_sino        13      0.020498 [   -1.0000,     1.0000]
mean_long       14    250.907016 [   18.5694,   378.5694]

----- common model:  activity
Prot            15     28.458991 [   20.0000,    35.0000]
Pdec            16     87.425954 [   30.0000,  1000.0000]
Oamp            17     -1.207853 [   -6.6439,     0.0000]

----- common model:  star_parameters

====================================================================================================
     Statistics on the model parameters obtained from the posteriors samples     
====================================================================================================

----- dataset:  RVdata_expres
jitter_0              1.364765 
offset_0              8.452319 


----- dataset: RVdata_expres             ----- model: gp_multidimensional           
rot_amp               3.530593 
con_amp              16.206239 

----- dataset:  RVdata_harps
jitter_0              1.007183 
offset_0              8.982742 
offset_1              9.209608 


----- dataset: RVdata_harps              ----- model: gp_multidimensional           
rot_amp               6.050613 
con_amp              17.505945 

----- dataset:  RVdata_neid
jitter_0              0.965025 
offset_0              9.447168 


----- dataset: RVdata_neid               ----- model: gp_multidimensional           
rot_amp               6.818748 
con_amp              15.377384 

----- dataset:  FIESTAdata_expres_mode1
jitter_0              0.847444 
offset_0              0.020282 


----- dataset: FIESTAdata_expres_mode1   ----- model: gp_multidimensional           
rot_amp               2.958478 
con_amp              -0.166117 

----- dataset:  FIESTAdata_expres_mode2
jitter_0              1.321725 
offset_0              0.040075 


----- dataset: FIESTAdata_expres_mode2   ----- model: gp_multidimensional           
rot_amp              -2.419593 
con_amp              -1.007056 

----- dataset:  FIESTAdata_expres_mode3
jitter_0              3.240029 
offset_0             -0.167865 


----- dataset: FIESTAdata_expres_mode3   ----- model: gp_multidimensional           
rot_amp              -8.953726 
con_amp              -5.164570 

----- dataset:  FIESTAdata_harps_mode1
jitter_0              0.766164 
offset_0              0.070517 


----- dataset: FIESTAdata_harps_mode1    ----- model: gp_multidimensional           
rot_amp              -6.295023 
con_amp              -5.346544 

----- dataset:  FIESTAdata_harps_mode2
jitter_0              0.770228 
offset_0             -0.054160 


----- dataset: FIESTAdata_harps_mode2    ----- model: gp_multidimensional           
rot_amp               0.675743 
con_amp               7.718042 

----- dataset:  FIESTAdata_harps_mode3
jitter_0              5.367055 
offset_0              0.926822 


----- dataset: FIESTAdata_harps_mode3    ----- model: gp_multidimensional           
rot_amp               8.499778 
con_amp             -16.757698 

----- dataset:  FIESTAdata_harpsn_mode1
jitter_0              1.302813 
offset_0             -0.076529 


----- dataset: FIESTAdata_harpsn_mode1   ----- model: gp_multidimensional           
rot_amp              -1.060864 
con_amp               2.805855 

----- dataset:  FIESTAdata_harpsn_mode2
jitter_0              1.763854 
offset_0             -0.138229 


----- dataset: FIESTAdata_harpsn_mode2   ----- model: gp_multidimensional           
rot_amp              -5.715885 
con_amp              -2.584880 

----- dataset:  FIESTAdata_harpsn_mode3
jitter_0              4.482852 
offset_0              0.591430 


----- dataset: FIESTAdata_harpsn_mode3   ----- model: gp_multidimensional           
rot_amp               5.984651 
con_amp              -6.017781 

----- dataset:  FIESTAdata_neid_mode1
jitter_0              0.680579 
offset_0              0.077523 


----- dataset: FIESTAdata_neid_mode1     ----- model: gp_multidimensional           
rot_amp              -3.402680 
con_amp              -0.455169 

----- dataset:  FIESTAdata_neid_mode2
jitter_0              1.108625 
offset_0             -0.025195 


----- dataset: FIESTAdata_neid_mode2     ----- model: gp_multidimensional           
rot_amp               8.987548 
con_amp              -1.072829 

----- dataset:  FIESTAdata_neid_mode3
jitter_0              2.692600 
offset_0             -0.165876 


----- dataset: FIESTAdata_neid_mode3     ----- model: gp_multidimensional           
rot_amp              -5.080593 
con_amp               2.037383 

----- common model:  b
P                    43.718744 
K                     0.013883 
mean_long           254.481804 
e                     0.016255 
omega               -85.521181 

----- common model:  c
P                    29.301781 
K                     2.668594 
mean_long           147.613463 
e                     0.030202 
omega              -129.013995 

----- common model:  d
P                    71.973971 
K                     0.310882 
mean_long           250.907016 
e                     0.219519 
omega                 2.507420 

----- common model:  activity
Prot                 28.458991 
Pdec                 87.425954 
Oamp                  0.432912 

----- common model:  star_parameters

====================================================================================================
     Statistics on the derived parameters obtained from the posteriors samples     
====================================================================================================

----- common model:  b
Inclination fixed to 90 deg!
a_Rs                 52.202815 
M_Mj                  0.000241 
M_Me                  0.076472 
Tc                59358.426219 
a_AU_(M)              0.242873 
a_AU_(rho,R)          0.242872 

----- common model:  c
Inclination fixed to 90 deg!
a_Rs                 39.980224 
M_Mj                  0.040454 
M_Me                 12.860052 
Tc                59359.493074 
a_AU_(M)              0.186010 
a_AU_(rho,R)          0.186007 

----- common model:  d
Inclination fixed to 90 deg!
a_Rs                 72.783522 
M_Mj                  0.006206 
M_Me                  1.972943 
Tc                59369.556104 
a_AU_(M)              0.338625 
a_AU_(rho,R)          0.338623 


====================================================================================================
     ------------------------------------------------------------------------------------------     
====================================================================================================



****************************************************************************************************

 Parameters corresponding to the sample closest to the median values ( -2724.02532000351 )

====================================================================================================
     Statistics on the posterior of the sampler parameters     
====================================================================================================

----- dataset:  RVdata_expres
jitter_0        18      1.344112 [    0.0010,    14.4000]
offset_0        19      8.655221 [-9996.1930, 10013.7390]

----- dataset: RVdata_expres             ----- model: gp_multidimensional           
rot_amp         20      1.492065 [    0.0000,    10.0000]
con_amp         21     15.278345 [  -20.0000,    20.0000]

----- dataset:  RVdata_harps
jitter_0        22      1.033641 [    0.0009,    12.4000]
offset_0        23      8.829556 [-9994.9455, 10014.6615]
offset_1        24      9.337151 [-9994.9455, 10014.6615]

----- dataset: RVdata_harps              ----- model: gp_multidimensional           
rot_amp         25      3.105552 [    0.0000,    10.0000]
con_amp         26     13.973694 [  -20.0000,    20.0000]

----- dataset:  RVdata_neid
jitter_0        27      0.929447 [    0.0010,    12.3000]
offset_0        28      9.414258 [-9994.3136, 10014.8014]

----- dataset: RVdata_neid               ----- model: gp_multidimensional           
rot_amp         29      9.578277 [    0.0000,    10.0000]
con_amp         30     13.521695 [  -20.0000,    20.0000]

----- dataset:  FIESTAdata_expres_mode1
jitter_0        31      0.940035 [    0.0017,    23.1624]
offset_0        32     -0.048879 [-10002.1847, 10001.9137]

----- dataset: FIESTAdata_expres_mode1   ----- model: gp_multidimensional           
rot_amp         33      1.503773 [  -10.0000,    10.0000]
con_amp         34     -0.338039 [  -20.0000,    20.0000]

----- dataset:  FIESTAdata_expres_mode2
jitter_0        35      1.174525 [    0.0019,    26.5895]
offset_0        36     -0.007490 [-10003.0918, 10003.3536]

----- dataset: FIESTAdata_expres_mode2   ----- model: gp_multidimensional           
rot_amp         37     -1.228077 [  -10.0000,    10.0000]
con_amp         38     -2.213802 [  -20.0000,    20.0000]

----- dataset:  FIESTAdata_expres_mode3
jitter_0        39      3.463705 [    0.0044,    61.7088]
offset_0        40     -0.211352 [-10007.6548, 10007.7250]

----- dataset: FIESTAdata_expres_mode3   ----- model: gp_multidimensional           
rot_amp         41     -4.177391 [  -10.0000,    10.0000]
con_amp         42     -0.355613 [  -20.0000,    20.0000]

----- dataset:  FIESTAdata_harps_mode1
jitter_0        43      0.783424 [    0.0013,    14.0975]
offset_0        44      0.055205 [-10001.5162, 10001.7187]

----- dataset: FIESTAdata_harps_mode1    ----- model: gp_multidimensional           
rot_amp         45     -5.561923 [  -10.0000,    10.0000]
con_amp         46      0.640974 [  -20.0000,    20.0000]

----- dataset:  FIESTAdata_harps_mode2
jitter_0        47      1.242250 [    0.0016,    16.6619]
offset_0        48      0.267135 [-10002.0632, 10001.8156]

----- dataset: FIESTAdata_harps_mode2    ----- model: gp_multidimensional           
rot_amp         49      0.511040 [  -10.0000,    10.0000]
con_amp         50      4.761646 [  -20.0000,    20.0000]

----- dataset:  FIESTAdata_harps_mode3
jitter_0        51      3.779053 [    0.0044,    47.8256]
offset_0        52      0.832838 [-10011.2944, 10006.6672]

----- dataset: FIESTAdata_harps_mode3    ----- model: gp_multidimensional           
rot_amp         53      1.098319 [  -10.0000,    10.0000]
con_amp         54    -13.284686 [  -20.0000,    20.0000]

----- dataset:  FIESTAdata_harpsn_mode1
jitter_0        55      1.303700 [    0.0010,    12.1573]
offset_0        56     -0.068955 [-10003.6215, 10002.5502]

----- dataset: FIESTAdata_harpsn_mode1   ----- model: gp_multidimensional           
rot_amp         57     -0.922524 [  -10.0000,    10.0000]
con_amp         58      2.068046 [  -20.0000,    20.0000]

----- dataset:  FIESTAdata_harpsn_mode2
jitter_0        59      1.677632 [    0.0012,    14.0974]
offset_0        60      0.056673 [-10003.8285, 10004.7191]

----- dataset: FIESTAdata_harpsn_mode2   ----- model: gp_multidimensional           
rot_amp         61      1.627704 [  -10.0000,    10.0000]
con_amp         62     -4.723553 [  -20.0000,    20.0000]

----- dataset:  FIESTAdata_harpsn_mode3
jitter_0        63      4.073197 [    0.0033,    39.4879]
offset_0        64      0.027484 [-10012.2440, 10012.0803]

----- dataset: FIESTAdata_harpsn_mode3   ----- model: gp_multidimensional           
rot_amp         65      4.362367 [  -10.0000,    10.0000]
con_amp         66      0.974360 [  -20.0000,    20.0000]

----- dataset:  FIESTAdata_neid_mode1
jitter_0        67      0.671549 [    0.0016,    19.2528]
offset_0        68      0.087571 [-10002.1932, 10001.8029]

----- dataset: FIESTAdata_neid_mode1     ----- model: gp_multidimensional           
rot_amp         69     -4.518965 [  -10.0000,    10.0000]
con_amp         70     -0.324158 [  -20.0000,    20.0000]

----- dataset:  FIESTAdata_neid_mode2
jitter_0        71      1.076361 [    0.0020,    23.2183]
offset_0        72      0.130234 [-10002.9015, 10003.2537]

----- dataset: FIESTAdata_neid_mode2     ----- model: gp_multidimensional           
rot_amp         73      2.736205 [  -10.0000,    10.0000]
con_amp         74     -0.948050 [  -20.0000,    20.0000]

----- dataset:  FIESTAdata_neid_mode3
jitter_0        75      2.578423 [    0.0049,    58.0802]
offset_0        76     -0.184919 [-10007.2877, 10005.5780]

----- dataset: FIESTAdata_neid_mode3     ----- model: gp_multidimensional           
rot_amp         77     -3.493130 [  -10.0000,    10.0000]
con_amp         78      7.821886 [  -20.0000,    20.0000]

----- common model:  b
P                0      3.937722 [    0.3785,     6.6439]
K                1     -2.900053 [   -9.9658,     3.3219]
sre_coso         2     -0.332128 [   -1.0000,     1.0000]
sre_sino         3     -0.156810 [   -1.0000,     1.0000]
mean_long        4    187.367876 [   16.0717,   376.0717]

----- common model:  c
P                5      3.763965 [    0.3785,     6.6439]
K                6     -5.469136 [   -9.9658,     3.3219]
sre_coso         7      0.171002 [   -1.0000,     1.0000]
sre_sino         8      0.099445 [   -1.0000,     1.0000]
mean_long        9    186.655728 [   41.7261,   401.7261]

----- common model:  d
P               10      3.888594 [    0.3785,     6.6439]
K               11     -5.115157 [   -9.9658,     3.3219]
sre_coso        12     -0.098878 [   -1.0000,     1.0000]
sre_sino        13      0.365338 [   -1.0000,     1.0000]
mean_long       14    249.923750 [   18.5694,   378.5694]

----- common model:  activity
Prot            15     28.221666 [   20.0000,    35.0000]
Pdec            16    111.054757 [   30.0000,  1000.0000]
Oamp            17     -1.181163 [   -6.6439,     0.0000]

----- common model:  star_parameters

====================================================================================================
     Statistics on the model parameters obtained from the posteriors samples     
====================================================================================================

----- dataset:  RVdata_expres
jitter_0              1.344112 
offset_0              8.655221 


----- dataset: RVdata_expres             ----- model: gp_multidimensional           
rot_amp               1.492065 
con_amp              15.278345 

----- dataset:  RVdata_harps
jitter_0              1.033641 
offset_0              8.829556 
offset_1              9.337151 


----- dataset: RVdata_harps              ----- model: gp_multidimensional           
rot_amp               3.105552 
con_amp              13.973694 

----- dataset:  RVdata_neid
jitter_0              0.929447 
offset_0              9.414258 


----- dataset: RVdata_neid               ----- model: gp_multidimensional           
rot_amp               9.578277 
con_amp              13.521695 

----- dataset:  FIESTAdata_expres_mode1
jitter_0              0.940035 
offset_0             -0.048879 


----- dataset: FIESTAdata_expres_mode1   ----- model: gp_multidimensional           
rot_amp               1.503773 
con_amp              -0.338039 

----- dataset:  FIESTAdata_expres_mode2
jitter_0              1.174525 
offset_0             -0.007490 


----- dataset: FIESTAdata_expres_mode2   ----- model: gp_multidimensional           
rot_amp              -1.228077 
con_amp              -2.213802 

----- dataset:  FIESTAdata_expres_mode3
jitter_0              3.463705 
offset_0             -0.211352 


----- dataset: FIESTAdata_expres_mode3   ----- model: gp_multidimensional           
rot_amp              -4.177391 
con_amp              -0.355613 

----- dataset:  FIESTAdata_harps_mode1
jitter_0              0.783424 
offset_0              0.055205 


----- dataset: FIESTAdata_harps_mode1    ----- model: gp_multidimensional           
rot_amp              -5.561923 
con_amp               0.640974 

----- dataset:  FIESTAdata_harps_mode2
jitter_0              1.242250 
offset_0              0.267135 


----- dataset: FIESTAdata_harps_mode2    ----- model: gp_multidimensional           
rot_amp               0.511040 
con_amp               4.761646 

----- dataset:  FIESTAdata_harps_mode3
jitter_0              3.779053 
offset_0              0.832838 


----- dataset: FIESTAdata_harps_mode3    ----- model: gp_multidimensional           
rot_amp               1.098319 
con_amp             -13.284686 

----- dataset:  FIESTAdata_harpsn_mode1
jitter_0              1.303700 
offset_0             -0.068955 


----- dataset: FIESTAdata_harpsn_mode1   ----- model: gp_multidimensional           
rot_amp              -0.922524 
con_amp               2.068046 

----- dataset:  FIESTAdata_harpsn_mode2
jitter_0              1.677632 
offset_0              0.056673 


----- dataset: FIESTAdata_harpsn_mode2   ----- model: gp_multidimensional           
rot_amp               1.627704 
con_amp              -4.723553 

----- dataset:  FIESTAdata_harpsn_mode3
jitter_0              4.073197 
offset_0              0.027484 


----- dataset: FIESTAdata_harpsn_mode3   ----- model: gp_multidimensional           
rot_amp               4.362367 
con_amp               0.974360 

----- dataset:  FIESTAdata_neid_mode1
jitter_0              0.671549 
offset_0              0.087571 


----- dataset: FIESTAdata_neid_mode1     ----- model: gp_multidimensional           
rot_amp              -4.518965 
con_amp              -0.324158 

----- dataset:  FIESTAdata_neid_mode2
jitter_0              1.076361 
offset_0              0.130234 


----- dataset: FIESTAdata_neid_mode2     ----- model: gp_multidimensional           
rot_amp               2.736205 
con_amp              -0.948050 

----- dataset:  FIESTAdata_neid_mode3
jitter_0              2.578423 
offset_0             -0.184919 


----- dataset: FIESTAdata_neid_mode3     ----- model: gp_multidimensional           
rot_amp              -3.493130 
con_amp               7.821886 

----- common model:  b
P                    15.324012 
K                     0.133967 
mean_long           187.367876 
e                     0.134898 
omega              -154.726309 

----- common model:  c
P                    13.585210 
K                     0.022575 
mean_long           186.655728 
e                     0.039131 
omega                30.179896 

----- common model:  d
P                    14.810965 
K                     0.028853 
mean_long           249.923750 
e                     0.143249 
omega               105.144154 

----- common model:  activity
Prot                 28.221666 
Pdec                111.054757 
Oamp                  0.440996 

----- common model:  star_parameters

====================================================================================================
     Statistics on the derived parameters obtained from the posteriors samples     
====================================================================================================

----- common model:  b
Inclination fixed to 90 deg!
a_Rs                 25.951597 
M_Mj                  0.001622 
M_Me                  0.515604 
Tc                59346.499746 
a_AU_(M)              0.120740 
a_AU_(rho,R)          0.120739 

----- common model:  c
Inclination fixed to 90 deg!
a_Rs                 23.949369 
M_Mj                  0.000265 
M_Me                  0.084171 
Tc                59344.493805 
a_AU_(M)              0.111424 
a_AU_(rho,R)          0.111424 

----- common model:  d
Inclination fixed to 90 deg!
a_Rs                 25.369090 
M_Mj                  0.000345 
M_Me                  0.109663 
Tc                59343.091238 
a_AU_(M)              0.118029 
a_AU_(rho,R)          0.118029 


====================================================================================================
     ------------------------------------------------------------------------------------------     
====================================================================================================



****************************************************************************************************

Inclination fixed to 90 deg!
Inclination fixed to 90 deg!
Inclination fixed to 90 deg!
Note: stellar density derived from stellar mass and radius

Inclination fixed to 90 deg!
Inclination fixed to 90 deg!
Inclination fixed to 90 deg!
Inclination fixed to 90 deg!
Inclination fixed to 90 deg!
Inclination fixed to 90 deg!
 Plot FLAT chain 

****************************************************************************************************

 Skipping full correlation plot due to the high number of parameters
 To avoid this behaviour, set the keyword parameters:force_full_correlation_plot to True

****************************************************************************************************

 Plotting the chains... 

****************************************************************************************************

 Plotting the Gelman-Rubin traces... 

     Gelman-Rubin:    18     1.552059 RVdata_expres_jitter_0 
     Gelman-Rubin:    19     1.491490 RVdata_expres_offset_0 
     Gelman-Rubin:    20     1.510107 RVdata_expres_gp_multidimensional_rot_amp 
     Gelman-Rubin:    21     1.491661 RVdata_expres_gp_multidimensional_con_amp 
     Gelman-Rubin:    22     1.466898 RVdata_harps_jitter_0 
     Gelman-Rubin:    23     1.494190 RVdata_harps_offset_0 
     Gelman-Rubin:    24     1.511824 RVdata_harps_offset_1 
     Gelman-Rubin:    25     1.531596 RVdata_harps_gp_multidimensional_rot_amp 
     Gelman-Rubin:    26     1.521686 RVdata_harps_gp_multidimensional_con_amp 
     Gelman-Rubin:    27     1.516838 RVdata_neid_jitter_0 
     Gelman-Rubin:    28     1.507015 RVdata_neid_offset_0 
     Gelman-Rubin:    29     1.571261 RVdata_neid_gp_multidimensional_rot_amp 
     Gelman-Rubin:    30     1.549788 RVdata_neid_gp_multidimensional_con_amp 
     Gelman-Rubin:    31     1.546980 FIESTAdata_expres_mode1_jitter_0 
     Gelman-Rubin:    32     1.520185 FIESTAdata_expres_mode1_offset_0 
     Gelman-Rubin:    33     1.549189 FIESTAdata_expres_mode1_gp_multidimensional_rot_amp 
     Gelman-Rubin:    34     1.497482 FIESTAdata_expres_mode1_gp_multidimensional_con_amp 
     Gelman-Rubin:    35     1.495025 FIESTAdata_expres_mode2_jitter_0 
     Gelman-Rubin:    36     1.512593 FIESTAdata_expres_mode2_offset_0 
     Gelman-Rubin:    37     1.516548 FIESTAdata_expres_mode2_gp_multidimensional_rot_amp 
     Gelman-Rubin:    38     1.452812 FIESTAdata_expres_mode2_gp_multidimensional_con_amp 
     Gelman-Rubin:    39     1.511549 FIESTAdata_expres_mode3_jitter_0 
     Gelman-Rubin:    40     1.545482 FIESTAdata_expres_mode3_offset_0 
     Gelman-Rubin:    41     1.594392 FIESTAdata_expres_mode3_gp_multidimensional_rot_amp 
     Gelman-Rubin:    42     1.584520 FIESTAdata_expres_mode3_gp_multidimensional_con_amp 
     Gelman-Rubin:    43     1.522237 FIESTAdata_harps_mode1_jitter_0 
     Gelman-Rubin:    44     1.543634 FIESTAdata_harps_mode1_offset_0 
     Gelman-Rubin:    45     1.449979 FIESTAdata_harps_mode1_gp_multidimensional_rot_amp 
     Gelman-Rubin:    46     1.597917 FIESTAdata_harps_mode1_gp_multidimensional_con_amp 
     Gelman-Rubin:    47     1.550807 FIESTAdata_harps_mode2_jitter_0 
     Gelman-Rubin:    48     1.547586 FIESTAdata_harps_mode2_offset_0 
     Gelman-Rubin:    49     1.524892 FIESTAdata_harps_mode2_gp_multidimensional_rot_amp 
     Gelman-Rubin:    50     1.587437 FIESTAdata_harps_mode2_gp_multidimensional_con_amp 
     Gelman-Rubin:    51     1.596215 FIESTAdata_harps_mode3_jitter_0 
     Gelman-Rubin:    52     1.476553 FIESTAdata_harps_mode3_offset_0 
     Gelman-Rubin:    53     1.539809 FIESTAdata_harps_mode3_gp_multidimensional_rot_amp 
     Gelman-Rubin:    54     1.562927 FIESTAdata_harps_mode3_gp_multidimensional_con_amp 
     Gelman-Rubin:    55     1.513043 FIESTAdata_harpsn_mode1_jitter_0 
     Gelman-Rubin:    56     1.486947 FIESTAdata_harpsn_mode1_offset_0 
     Gelman-Rubin:    57     1.516780 FIESTAdata_harpsn_mode1_gp_multidimensional_rot_amp 
     Gelman-Rubin:    58     1.486973 FIESTAdata_harpsn_mode1_gp_multidimensional_con_amp 
     Gelman-Rubin:    59     1.516461 FIESTAdata_harpsn_mode2_jitter_0 
     Gelman-Rubin:    60     1.456579 FIESTAdata_harpsn_mode2_offset_0 
     Gelman-Rubin:    61     1.452337 FIESTAdata_harpsn_mode2_gp_multidimensional_rot_amp 
     Gelman-Rubin:    62     1.537251 FIESTAdata_harpsn_mode2_gp_multidimensional_con_amp 
     Gelman-Rubin:    63     1.498836 FIESTAdata_harpsn_mode3_jitter_0 
     Gelman-Rubin:    64     1.442541 FIESTAdata_harpsn_mode3_offset_0 
     Gelman-Rubin:    65     1.545205 FIESTAdata_harpsn_mode3_gp_multidimensional_rot_amp 
     Gelman-Rubin:    66     1.546559 FIESTAdata_harpsn_mode3_gp_multidimensional_con_amp 
     Gelman-Rubin:    67     1.504134 FIESTAdata_neid_mode1_jitter_0 
     Gelman-Rubin:    68     1.491015 FIESTAdata_neid_mode1_offset_0 
     Gelman-Rubin:    69     1.506538 FIESTAdata_neid_mode1_gp_multidimensional_rot_amp 
     Gelman-Rubin:    70     1.478974 FIESTAdata_neid_mode1_gp_multidimensional_con_amp 
     Gelman-Rubin:    71     1.521299 FIESTAdata_neid_mode2_jitter_0 
     Gelman-Rubin:    72     1.474833 FIESTAdata_neid_mode2_offset_0 
     Gelman-Rubin:    73     1.522099 FIESTAdata_neid_mode2_gp_multidimensional_rot_amp 
     Gelman-Rubin:    74     1.524724 FIESTAdata_neid_mode2_gp_multidimensional_con_amp 
     Gelman-Rubin:    75     1.527905 FIESTAdata_neid_mode3_jitter_0 
     Gelman-Rubin:    76     1.507011 FIESTAdata_neid_mode3_offset_0 
     Gelman-Rubin:    77     1.520226 FIESTAdata_neid_mode3_gp_multidimensional_rot_amp 
     Gelman-Rubin:    78     1.496525 FIESTAdata_neid_mode3_gp_multidimensional_con_amp 
     Gelman-Rubin:     0     1.762233 b_P 
     Gelman-Rubin:     1     1.574198 b_K 
     Gelman-Rubin:     2     1.488790 b_sre_coso 
     Gelman-Rubin:     3     1.457244 b_sre_sino 
     Gelman-Rubin:     4     1.534185 b_mean_long 
     Gelman-Rubin:     5     1.608757 c_P 
     Gelman-Rubin:     6     1.586531 c_K 
     Gelman-Rubin:     7     1.493533 c_sre_coso 
     Gelman-Rubin:     8     1.464246 c_sre_sino 
     Gelman-Rubin:     9     1.516950 c_mean_long 
     Gelman-Rubin:    10     1.664833 d_P 
     Gelman-Rubin:    11     1.623321 d_K 
     Gelman-Rubin:    12     1.526917 d_sre_coso 
     Gelman-Rubin:    13     1.509509 d_sre_sino 
     Gelman-Rubin:    14     1.572792 d_mean_long 
     Gelman-Rubin:    15     1.500163 activity_Prot 
     Gelman-Rubin:    16     1.565585 activity_Pdec 
     Gelman-Rubin:    17     1.464617 activity_Oamp 

****************************************************************************************************

Plotting the common models corner plots
     Common model:  b
     Common model:  c
     Common model:  d
     Common model:  activity
     Common model:  star_parameters

****************************************************************************************************

Plotting the dataset + models corner plots 

     Dataset:  RVdata_expres     model:  gp_multidimensional  corner plot  starting 
     Dataset:  RVdata_expres     model:  gp_multidimensional  corner plot  done 
     Dataset:  RVdata_expres     model:  radial_velocities_b  corner plot  starting 
     Dataset:  RVdata_expres     model:  radial_velocities_b  corner plot  done 
     Dataset:  RVdata_expres     model:  radial_velocities_c  corner plot  starting 
     Dataset:  RVdata_expres     model:  radial_velocities_c  corner plot  done 
     Dataset:  RVdata_expres     model:  radial_velocities_d  corner plot  starting 
     Dataset:  RVdata_expres     model:  radial_velocities_d  corner plot  done 
     Dataset:  RVdata_harps     model:  gp_multidimensional  corner plot  starting 
     Dataset:  RVdata_harps     model:  gp_multidimensional  corner plot  done 
     Dataset:  RVdata_harps     model:  radial_velocities_b  corner plot  starting 
     Dataset:  RVdata_harps     model:  radial_velocities_b  corner plot  done 
     Dataset:  RVdata_harps     model:  radial_velocities_c  corner plot  starting 
     Dataset:  RVdata_harps     model:  radial_velocities_c  corner plot  done 
     Dataset:  RVdata_harps     model:  radial_velocities_d  corner plot  starting 
     Dataset:  RVdata_harps     model:  radial_velocities_d  corner plot  done 
     Dataset:  RVdata_neid     model:  gp_multidimensional  corner plot  starting 
     Dataset:  RVdata_neid     model:  gp_multidimensional  corner plot  done 
     Dataset:  RVdata_neid     model:  radial_velocities_b  corner plot  starting 
     Dataset:  RVdata_neid     model:  radial_velocities_b  corner plot  done 
     Dataset:  RVdata_neid     model:  radial_velocities_c  corner plot  starting 
     Dataset:  RVdata_neid     model:  radial_velocities_c  corner plot  done 
     Dataset:  RVdata_neid     model:  radial_velocities_d  corner plot  starting 
     Dataset:  RVdata_neid     model:  radial_velocities_d  corner plot  done 
     Dataset:  FIESTAdata_expres_mode1     model:  gp_multidimensional  corner plot  starting 
     Dataset:  FIESTAdata_expres_mode1     model:  gp_multidimensional  corner plot  done 
     Dataset:  FIESTAdata_expres_mode2     model:  gp_multidimensional  corner plot  starting 
     Dataset:  FIESTAdata_expres_mode2     model:  gp_multidimensional  corner plot  done 
     Dataset:  FIESTAdata_expres_mode3     model:  gp_multidimensional  corner plot  starting 
     Dataset:  FIESTAdata_expres_mode3     model:  gp_multidimensional  corner plot  done 
     Dataset:  FIESTAdata_harps_mode1     model:  gp_multidimensional  corner plot  starting 
     Dataset:  FIESTAdata_harps_mode1     model:  gp_multidimensional  corner plot  done 
     Dataset:  FIESTAdata_harps_mode2     model:  gp_multidimensional  corner plot  starting 
     Dataset:  FIESTAdata_harps_mode2     model:  gp_multidimensional  corner plot  done 
     Dataset:  FIESTAdata_harps_mode3     model:  gp_multidimensional  corner plot  starting 
     Dataset:  FIESTAdata_harps_mode3     model:  gp_multidimensional  corner plot  done 
     Dataset:  FIESTAdata_harpsn_mode1     model:  gp_multidimensional  corner plot  starting 
     Dataset:  FIESTAdata_harpsn_mode1     model:  gp_multidimensional  corner plot  done 
     Dataset:  FIESTAdata_harpsn_mode2     model:  gp_multidimensional  corner plot  starting 
     Dataset:  FIESTAdata_harpsn_mode2     model:  gp_multidimensional  corner plot  done 
     Dataset:  FIESTAdata_harpsn_mode3     model:  gp_multidimensional  corner plot  starting 
     Dataset:  FIESTAdata_harpsn_mode3     model:  gp_multidimensional  corner plot  done 
     Dataset:  FIESTAdata_neid_mode1     model:  gp_multidimensional  corner plot  starting 
     Dataset:  FIESTAdata_neid_mode1     model:  gp_multidimensional  corner plot  done 
     Dataset:  FIESTAdata_neid_mode2     model:  gp_multidimensional  corner plot  starting 
     Dataset:  FIESTAdata_neid_mode2     model:  gp_multidimensional  corner plot  done 
     Dataset:  FIESTAdata_neid_mode3     model:  gp_multidimensional  corner plot  starting 
     Dataset:  FIESTAdata_neid_mode3     model:  gp_multidimensional  corner plot  done 

****************************************************************************************************

 Saving the planet parameter samplings to files (with plots)

****************************************************************************************************

 Saving all the parameter samplings to files (with plots)

****************************************************************************************************

 Computing the models for plot/data writing 
     Splitting the plot array to allow GP prediction of extended datasets, it may take a while...
     # 21 chunks of 92 times each
     Check the documentation if the code is taking too long or if it crashes...
     Splitting the plot array to allow GP prediction of extended datasets, it may take a while...
     # 21 chunks of 92 times each
     Check the documentation if the code is taking too long or if it crashes...
     Splitting the plot array to allow GP prediction of extended datasets, it may take a while...
     # 21 chunks of 92 times each
     Check the documentation if the code is taking too long or if it crashes...
     Splitting the plot array to allow GP prediction of extended datasets, it may take a while...
     # 15 chunks of 92 times each
     Check the documentation if the code is taking too long or if it crashes...
     Splitting the plot array to allow GP prediction of extended datasets, it may take a while...
     # 15 chunks of 92 times each
     Check the documentation if the code is taking too long or if it crashes...
     Splitting the plot array to allow GP prediction of extended datasets, it may take a while...
     # 15 chunks of 92 times each
     Check the documentation if the code is taking too long or if it crashes...
     Splitting the plot array to allow GP prediction of extended datasets, it may take a while...
     # 4 chunks of 92 times each
     Check the documentation if the code is taking too long or if it crashes...
     Splitting the plot array to allow GP prediction of extended datasets, it may take a while...
     # 4 chunks of 92 times each
     Check the documentation if the code is taking too long or if it crashes...
     Splitting the plot array to allow GP prediction of extended datasets, it may take a while...
     # 4 chunks of 92 times each
     Check the documentation if the code is taking too long or if it crashes...
     Splitting the plot array to allow GP prediction of extended datasets, it may take a while...
     # 12 chunks of 92 times each
     Check the documentation if the code is taking too long or if it crashes...
     Splitting the plot array to allow GP prediction of extended datasets, it may take a while...
     # 12 chunks of 92 times each
     Check the documentation if the code is taking too long or if it crashes...
     Splitting the plot array to allow GP prediction of extended datasets, it may take a while...
     # 12 chunks of 92 times each
     Check the documentation if the code is taking too long or if it crashes...
     Splitting the plot array to allow GP prediction of extended datasets, it may take a while...
     # 13 chunks of 92 times each
     Check the documentation if the code is taking too long or if it crashes...
     Splitting the plot array to allow GP prediction of extended datasets, it may take a while...
     # 13 chunks of 92 times each
     Check the documentation if the code is taking too long or if it crashes...
     Splitting the plot array to allow GP prediction of extended datasets, it may take a while...
     # 13 chunks of 92 times each
     Check the documentation if the code is taking too long or if it crashes...
     Splitting the plot array to allow GP prediction of extended datasets, it may take a while...
     # 21 chunks of 92 times each
     Check the documentation if the code is taking too long or if it crashes...
     Splitting the plot array to allow GP prediction of extended datasets, it may take a while...
     # 21 chunks of 92 times each
     Check the documentation if the code is taking too long or if it crashes...
     Splitting the plot array to allow GP prediction of extended datasets, it may take a while...
     # 21 chunks of 92 times each
     Check the documentation if the code is taking too long or if it crashes...
     Splitting the plot array to allow GP prediction of extended datasets, it may take a while...
     # 15 chunks of 92 times each
     Check the documentation if the code is taking too long or if it crashes...
     Splitting the plot array to allow GP prediction of extended datasets, it may take a while...
     # 15 chunks of 92 times each
     Check the documentation if the code is taking too long or if it crashes...
     Splitting the plot array to allow GP prediction of extended datasets, it may take a while...
     # 15 chunks of 92 times each
     Check the documentation if the code is taking too long or if it crashes...
     Splitting the plot array to allow GP prediction of extended datasets, it may take a while...
     # 4 chunks of 92 times each
     Check the documentation if the code is taking too long or if it crashes...
     Splitting the plot array to allow GP prediction of extended datasets, it may take a while...
     # 4 chunks of 92 times each
     Check the documentation if the code is taking too long or if it crashes...
     Splitting the plot array to allow GP prediction of extended datasets, it may take a while...
     # 4 chunks of 92 times each
     Check the documentation if the code is taking too long or if it crashes...
     Splitting the plot array to allow GP prediction of extended datasets, it may take a while...
     # 12 chunks of 92 times each
     Check the documentation if the code is taking too long or if it crashes...
     Splitting the plot array to allow GP prediction of extended datasets, it may take a while...
     # 12 chunks of 92 times each
     Check the documentation if the code is taking too long or if it crashes...
     Splitting the plot array to allow GP prediction of extended datasets, it may take a while...
     # 12 chunks of 92 times each
     Check the documentation if the code is taking too long or if it crashes...
     Splitting the plot array to allow GP prediction of extended datasets, it may take a while...
     # 13 chunks of 92 times each
     Check the documentation if the code is taking too long or if it crashes...
     Splitting the plot array to allow GP prediction of extended datasets, it may take a while...
     # 13 chunks of 92 times each
     Check the documentation if the code is taking too long or if it crashes...
     Splitting the plot array to allow GP prediction of extended datasets, it may take a while...
     # 13 chunks of 92 times each
     Check the documentation if the code is taking too long or if it crashes...
     Splitting the plot array to allow GP prediction of extended datasets, it may take a while...
     # 21 chunks of 92 times each
     Check the documentation if the code is taking too long or if it crashes...
     Splitting the plot array to allow GP prediction of extended datasets, it may take a while...
     # 21 chunks of 92 times each
     Check the documentation if the code is taking too long or if it crashes...
     Splitting the plot array to allow GP prediction of extended datasets, it may take a while...
     # 21 chunks of 92 times each
     Check the documentation if the code is taking too long or if it crashes...
     Splitting the plot array to allow GP prediction of extended datasets, it may take a while...
     # 15 chunks of 92 times each
     Check the documentation if the code is taking too long or if it crashes...
     Splitting the plot array to allow GP prediction of extended datasets, it may take a while...
     # 15 chunks of 92 times each
     Check the documentation if the code is taking too long or if it crashes...
     Splitting the plot array to allow GP prediction of extended datasets, it may take a while...
     # 15 chunks of 92 times each
     Check the documentation if the code is taking too long or if it crashes...
     Splitting the plot array to allow GP prediction of extended datasets, it may take a while...
     # 4 chunks of 92 times each
     Check the documentation if the code is taking too long or if it crashes...
     Splitting the plot array to allow GP prediction of extended datasets, it may take a while...
     # 4 chunks of 92 times each
     Check the documentation if the code is taking too long or if it crashes...
     Splitting the plot array to allow GP prediction of extended datasets, it may take a while...
     # 4 chunks of 92 times each
     Check the documentation if the code is taking too long or if it crashes...
     Splitting the plot array to allow GP prediction of extended datasets, it may take a while...
     # 12 chunks of 92 times each
     Check the documentation if the code is taking too long or if it crashes...
     Splitting the plot array to allow GP prediction of extended datasets, it may take a while...
     # 12 chunks of 92 times each
     Check the documentation if the code is taking too long or if it crashes...
     Splitting the plot array to allow GP prediction of extended datasets, it may take a while...
     # 12 chunks of 92 times each
     Check the documentation if the code is taking too long or if it crashes...
     Splitting the plot array to allow GP prediction of extended datasets, it may take a while...
     # 13 chunks of 92 times each
     Check the documentation if the code is taking too long or if it crashes...
     Splitting the plot array to allow GP prediction of extended datasets, it may take a while...
     # 13 chunks of 92 times each
     Check the documentation if the code is taking too long or if it crashes...
     Splitting the plot array to allow GP prediction of extended datasets, it may take a while...
     # 13 chunks of 92 times each
     Check the documentation if the code is taking too long or if it crashes...
 Writing the plots 
 Writing the   data files 
 Writing the  MAP_ data files 
 Writing the  sampleMED_ data files 

****************************************************************************************************

