
:::---::: PyORBIT v11.0.1 :::---:::

Python version in use:
3.10.18 (main, Jun  5 2025, 13:14:17) [GCC 11.2.0]

reloaded_optimize:  False
reloaded_pyde:  False
reloaded_emcee:  False

number of multiprocessing threads: 16
multiprocessing method (should be fork):  fork

parameters/safe_reload flag (must be True for tinygp):  False

Opening:  RVdata_expres
Opening:  RVdata_harps
Opening:  RVdata_neid
Opening:  FIESTAdata_expres_mode1
Opening:  FIESTAdata_expres_mode2
Opening:  FIESTAdata_expres_mode3
Opening:  FIESTAdata_harps_mode1
Opening:  FIESTAdata_harps_mode2
Opening:  FIESTAdata_harps_mode3
Opening:  FIESTAdata_harpsn_mode1
Opening:  FIESTAdata_harpsn_mode2
Opening:  FIESTAdata_harpsn_mode3
Opening:  FIESTAdata_neid_mode1
Opening:  FIESTAdata_neid_mode2
Opening:  FIESTAdata_neid_mode3

Adding common model of planet:  b
Adding common model of planet:  c
Adding common model of planet:  d
Using orbital model:  keplerian
Using orbital parametrization:  Eastman2013

Using orbital model:  keplerian
Using orbital parametrization:  Eastman2013

Using orbital model:  keplerian
Using orbital parametrization:  Eastman2013

gp_multidimensional  S+LEAF model, number of harmonics: 4

GP model: gp_multidimensional  hyperparameters_condition:    True
GP model: gp_multidimensional  rotation_decay_condition:     True

====================================================================================================
     Ids, spaces (s), boundaries (b) and priors (p) of the sampler parameters     
====================================================================================================

----- dataset:  RVdata_expres
jitter_0      id:  18  s:Linear      b:[      0.0010,      11.5000]   p:Uniform   []
offset_0      id:  19  s:Linear      b:[  -9995.6770,   10013.1550]   p:Uniform   []

----- dataset: RVdata_expres             ----- model: gp_multidimensional           
rot_amp       id:  20  s:Linear      b:[      0.0000,      10.0000]   p:Uniform   []
con_amp       id:  21  s:Linear      b:[    -20.0000,      20.0000]   p:Uniform   []

----- dataset:  RVdata_harps
jitter_0      id:  22  s:Linear      b:[      0.0010,      13.3000]   p:Uniform   []
offset_0      id:  23  s:Linear      b:[  -9995.1415,   10014.3487]   p:Uniform   []
offset_1      id:  24  s:Linear      b:[  -9995.1415,   10014.3487]   p:Uniform   []

----- dataset: RVdata_harps              ----- model: gp_multidimensional           
rot_amp       id:  25  s:Linear      b:[      0.0000,      10.0000]   p:Uniform   []
con_amp       id:  26  s:Linear      b:[    -20.0000,      20.0000]   p:Uniform   []

----- dataset:  RVdata_neid
jitter_0      id:  27  s:Linear      b:[      0.0010,      12.2000]   p:Uniform   []
offset_0      id:  28  s:Linear      b:[  -9993.8466,   10013.8014]   p:Uniform   []

----- dataset: RVdata_neid               ----- model: gp_multidimensional           
rot_amp       id:  29  s:Linear      b:[      0.0000,      10.0000]   p:Uniform   []
con_amp       id:  30  s:Linear      b:[    -20.0000,      20.0000]   p:Uniform   []

----- dataset:  FIESTAdata_expres_mode1
jitter_0      id:  31  s:Linear      b:[      0.0017,      18.8925]   p:Uniform   []
offset_0      id:  32  s:Linear      b:[ -10002.1949,   10002.5098]   p:Uniform   []

----- dataset: FIESTAdata_expres_mode1   ----- model: gp_multidimensional           
rot_amp       id:  33  s:Linear      b:[    -10.0000,      10.0000]   p:Uniform   []
con_amp       id:  34  s:Linear      b:[    -20.0000,      20.0000]   p:Uniform   []

----- dataset:  FIESTAdata_expres_mode2
jitter_0      id:  35  s:Linear      b:[      0.0019,      21.6249]   p:Uniform   []
offset_0      id:  36  s:Linear      b:[ -10003.5675,   10002.6832]   p:Uniform   []

----- dataset: FIESTAdata_expres_mode2   ----- model: gp_multidimensional           
rot_amp       id:  37  s:Linear      b:[    -10.0000,      10.0000]   p:Uniform   []
con_amp       id:  38  s:Linear      b:[    -20.0000,      20.0000]   p:Uniform   []

----- dataset:  FIESTAdata_expres_mode3
jitter_0      id:  39  s:Linear      b:[      0.0045,      50.1216]   p:Uniform   []
offset_0      id:  40  s:Linear      b:[ -10009.3157,   10009.6596]   p:Uniform   []

----- dataset: FIESTAdata_expres_mode3   ----- model: gp_multidimensional           
rot_amp       id:  41  s:Linear      b:[    -10.0000,      10.0000]   p:Uniform   []
con_amp       id:  42  s:Linear      b:[    -20.0000,      20.0000]   p:Uniform   []

----- dataset:  FIESTAdata_harps_mode1
jitter_0      id:  43  s:Linear      b:[      0.0013,      15.1367]   p:Uniform   []
offset_0      id:  44  s:Linear      b:[ -10001.7714,   10001.4046]   p:Uniform   []

----- dataset: FIESTAdata_harps_mode1    ----- model: gp_multidimensional           
rot_amp       id:  45  s:Linear      b:[    -10.0000,      10.0000]   p:Uniform   []
con_amp       id:  46  s:Linear      b:[    -20.0000,      20.0000]   p:Uniform   []

----- dataset:  FIESTAdata_harps_mode2
jitter_0      id:  47  s:Linear      b:[      0.0016,      17.8506]   p:Uniform   []
offset_0      id:  48  s:Linear      b:[ -10002.5532,   10002.9102]   p:Uniform   []

----- dataset: FIESTAdata_harps_mode2    ----- model: gp_multidimensional           
rot_amp       id:  49  s:Linear      b:[    -10.0000,      10.0000]   p:Uniform   []
con_amp       id:  50  s:Linear      b:[    -20.0000,      20.0000]   p:Uniform   []

----- dataset:  FIESTAdata_harps_mode3
jitter_0      id:  51  s:Linear      b:[      0.0045,      51.1763]   p:Uniform   []
offset_0      id:  52  s:Linear      b:[ -10005.3932,   10009.1812]   p:Uniform   []

----- dataset: FIESTAdata_harps_mode3    ----- model: gp_multidimensional           
rot_amp       id:  53  s:Linear      b:[    -10.0000,      10.0000]   p:Uniform   []
con_amp       id:  54  s:Linear      b:[    -20.0000,      20.0000]   p:Uniform   []

----- dataset:  FIESTAdata_harpsn_mode1
jitter_0      id:  55  s:Linear      b:[      0.0011,      12.1542]   p:Uniform   []
offset_0      id:  56  s:Linear      b:[ -10003.4464,   10004.1108]   p:Uniform   []

----- dataset: FIESTAdata_harpsn_mode1   ----- model: gp_multidimensional           
rot_amp       id:  57  s:Linear      b:[    -10.0000,      10.0000]   p:Uniform   []
con_amp       id:  58  s:Linear      b:[    -20.0000,      20.0000]   p:Uniform   []

----- dataset:  FIESTAdata_harpsn_mode2
jitter_0      id:  59  s:Linear      b:[      0.0013,      14.0766]   p:Uniform   []
offset_0      id:  60  s:Linear      b:[ -10004.6195,   10004.1281]   p:Uniform   []

----- dataset: FIESTAdata_harpsn_mode2   ----- model: gp_multidimensional           
rot_amp       id:  61  s:Linear      b:[    -10.0000,      10.0000]   p:Uniform   []
con_amp       id:  62  s:Linear      b:[    -20.0000,      20.0000]   p:Uniform   []

----- dataset:  FIESTAdata_harpsn_mode3
jitter_0      id:  63  s:Linear      b:[      0.0035,      39.4234]   p:Uniform   []
offset_0      id:  64  s:Linear      b:[ -10010.5859,   10008.0905]   p:Uniform   []

----- dataset: FIESTAdata_harpsn_mode3   ----- model: gp_multidimensional           
rot_amp       id:  65  s:Linear      b:[    -10.0000,      10.0000]   p:Uniform   []
con_amp       id:  66  s:Linear      b:[    -20.0000,      20.0000]   p:Uniform   []

----- dataset:  FIESTAdata_neid_mode1
jitter_0      id:  67  s:Linear      b:[      0.0016,      19.1169]   p:Uniform   []
offset_0      id:  68  s:Linear      b:[ -10002.3634,   10001.6978]   p:Uniform   []

----- dataset: FIESTAdata_neid_mode1     ----- model: gp_multidimensional           
rot_amp       id:  69  s:Linear      b:[    -10.0000,      10.0000]   p:Uniform   []
con_amp       id:  70  s:Linear      b:[    -20.0000,      20.0000]   p:Uniform   []

----- dataset:  FIESTAdata_neid_mode2
jitter_0      id:  71  s:Linear      b:[      0.0020,      23.0831]   p:Uniform   []
offset_0      id:  72  s:Linear      b:[ -10002.5311,   10003.2840]   p:Uniform   []

----- dataset: FIESTAdata_neid_mode2     ----- model: gp_multidimensional           
rot_amp       id:  73  s:Linear      b:[    -10.0000,      10.0000]   p:Uniform   []
con_amp       id:  74  s:Linear      b:[    -20.0000,      20.0000]   p:Uniform   []

----- dataset:  FIESTAdata_neid_mode3
jitter_0      id:  75  s:Linear      b:[      0.0049,      57.7639]   p:Uniform   []
offset_0      id:  76  s:Linear      b:[ -10006.6817,   10007.5353]   p:Uniform   []

----- dataset: FIESTAdata_neid_mode3     ----- model: gp_multidimensional           
rot_amp       id:  77  s:Linear      b:[    -10.0000,      10.0000]   p:Uniform   []
con_amp       id:  78  s:Linear      b:[    -20.0000,      20.0000]   p:Uniform   []

----- common model:  b
P             id:   0  s:Log_Base2   b:[      0.3785,       6.6439]   p:Uniform   []
K             id:   1  s:Log_Base2   b:[     -9.9658,       3.3219]   p:Uniform   []
sre_coso      id:   2  s:Linear      b:[     -1.0000,       1.0000]   p:Uniform   []
sre_sino      id:   3  s:Linear      b:[     -1.0000,       1.0000]   p:Uniform   []
mean_long     id:   4  s:Linear      b:[      0.0000,     360.0000]   p:Uniform   []
e             derived (no id, space, bound)                           p:Gaussian   [0.    0.098]
omega         derived (no id, space, bound)                           p:Uniform   [0.0, 360.0]

----- common model:  c
P             id:   5  s:Log_Base2   b:[      0.3785,       6.6439]   p:Uniform   []
K             id:   6  s:Log_Base2   b:[     -9.9658,       3.3219]   p:Uniform   []
sre_coso      id:   7  s:Linear      b:[     -1.0000,       1.0000]   p:Uniform   []
sre_sino      id:   8  s:Linear      b:[     -1.0000,       1.0000]   p:Uniform   []
mean_long     id:   9  s:Linear      b:[      0.0000,     360.0000]   p:Uniform   []
e             derived (no id, space, bound)                           p:Gaussian   [0.    0.098]
omega         derived (no id, space, bound)                           p:Uniform   [0.0, 360.0]

----- common model:  d
P             id:  10  s:Log_Base2   b:[      0.3785,       6.6439]   p:Uniform   []
K             id:  11  s:Log_Base2   b:[     -9.9658,       3.3219]   p:Uniform   []
sre_coso      id:  12  s:Linear      b:[     -1.0000,       1.0000]   p:Uniform   []
sre_sino      id:  13  s:Linear      b:[     -1.0000,       1.0000]   p:Uniform   []
mean_long     id:  14  s:Linear      b:[      0.0000,     360.0000]   p:Uniform   []
e             derived (no id, space, bound)                           p:Gaussian   [0.    0.098]
omega         derived (no id, space, bound)                           p:Uniform   [0.0, 360.0]

----- common model:  activity
Prot          id:  15  s:Linear      b:[     20.0000,      35.0000]   p:Gaussian   [28.   0.5]
Pdec          id:  16  s:Linear      b:[     30.0000,    1000.0000]   p:Uniform   []
Oamp          id:  17  s:Log_Base2   b:[     -6.6439,       0.0000]   p:Gaussian   [0.35  0.035]

----- common model:  star_parameters
mass          derived (no id, space, bound)                           p:Gaussian   [1.e+00 1.e-06]
radius        derived (no id, space, bound)                           p:Gaussian   [1.e+00 1.e-06]
density       derived (no id, space, bound)                           p:Gaussian   [1.e+00 1.e-06]

Include priors:  True

Reference Time Tref:  59334.700184

Dimensions =  79
Nwalkers =  316

Using threading pool for PyDE: True
PyDE running
Boundaries redefined after PyDE output
PyDE completed, it took        186.3 seconds

====================================================================================================
     Starting point of the sample/optimization routines    
====================================================================================================

----- dataset:  RVdata_expres
jitter_0        18      1.883755 [    0.0010,    11.5000]
offset_0        19      8.478328 [-9995.6770, 10013.1550]

----- dataset: RVdata_expres             ----- model: gp_multidimensional           
rot_amp         20      5.803622 [    0.0000,    10.0000]
con_amp         21     -3.797294 [  -20.0000,    20.0000]

----- dataset:  RVdata_harps
jitter_0        22      1.357546 [    0.0010,    13.3000]
offset_0        23      9.331857 [-9995.1415, 10014.3487]
offset_1        24     10.308122 [-9995.1415, 10014.3487]

----- dataset: RVdata_harps              ----- model: gp_multidimensional           
rot_amp         25      2.854176 [    0.0000,    10.0000]
con_amp         26     -3.406967 [  -20.0000,    20.0000]

----- dataset:  RVdata_neid
jitter_0        27      1.517488 [    0.0010,    12.2000]
offset_0        28      9.999914 [-9993.8466, 10013.8014]

----- dataset: RVdata_neid               ----- model: gp_multidimensional           
rot_amp         29      2.885649 [    0.0000,    10.0000]
con_amp         30    -10.922165 [  -20.0000,    20.0000]

----- dataset:  FIESTAdata_expres_mode1
jitter_0        31      0.726473 [    0.0017,    18.8925]
offset_0        32     -0.065869 [-10002.1949, 10002.5098]

----- dataset: FIESTAdata_expres_mode1   ----- model: gp_multidimensional           
rot_amp         33     -3.773128 [  -10.0000,    10.0000]
con_amp         34     15.029633 [  -20.0000,    20.0000]

----- dataset:  FIESTAdata_expres_mode2
jitter_0        35      1.092498 [    0.0019,    21.6249]
offset_0        36      0.046222 [-10003.5675, 10002.6832]

----- dataset: FIESTAdata_expres_mode2   ----- model: gp_multidimensional           
rot_amp         37      2.946878 [  -10.0000,    10.0000]
con_amp         38    -18.274859 [  -20.0000,    20.0000]

----- dataset:  FIESTAdata_expres_mode3
jitter_0        39      3.926802 [    0.0045,    50.1216]
offset_0        40     -0.001378 [-10009.3157, 10009.6596]

----- dataset: FIESTAdata_expres_mode3   ----- model: gp_multidimensional           
rot_amp         41      1.541532 [  -10.0000,    10.0000]
con_amp         42      3.656642 [  -20.0000,    20.0000]

----- dataset:  FIESTAdata_harps_mode1
jitter_0        43      0.795554 [    0.0013,    15.1367]
offset_0        44      0.254232 [-10001.7714, 10001.4046]

----- dataset: FIESTAdata_harps_mode1    ----- model: gp_multidimensional           
rot_amp         45     -4.383203 [  -10.0000,    10.0000]
con_amp         46      8.027170 [  -20.0000,    20.0000]

----- dataset:  FIESTAdata_harps_mode2
jitter_0        47      1.310642 [    0.0016,    17.8506]
offset_0        48     -0.401012 [-10002.5532, 10002.9102]

----- dataset: FIESTAdata_harps_mode2    ----- model: gp_multidimensional           
rot_amp         49      3.873661 [  -10.0000,    10.0000]
con_amp         50    -14.136969 [  -20.0000,    20.0000]

----- dataset:  FIESTAdata_harps_mode3
jitter_0        51      4.128289 [    0.0045,    51.1763]
offset_0        52      0.410170 [-10005.3932, 10009.1812]

----- dataset: FIESTAdata_harps_mode3    ----- model: gp_multidimensional           
rot_amp         53     -0.416206 [  -10.0000,    10.0000]
con_amp         54      6.335608 [  -20.0000,    20.0000]

----- dataset:  FIESTAdata_harpsn_mode1
jitter_0        55      1.341854 [    0.0011,    12.1542]
offset_0        56     -0.174151 [-10003.4464, 10004.1108]

----- dataset: FIESTAdata_harpsn_mode1   ----- model: gp_multidimensional           
rot_amp         57     -2.878820 [  -10.0000,    10.0000]
con_amp         58     10.759541 [  -20.0000,    20.0000]

----- dataset:  FIESTAdata_harpsn_mode2
jitter_0        59      1.710242 [    0.0013,    14.0766]
offset_0        60      0.199970 [-10004.6195, 10004.1281]

----- dataset: FIESTAdata_harpsn_mode2   ----- model: gp_multidimensional           
rot_amp         61      2.754205 [  -10.0000,    10.0000]
con_amp         62    -10.764778 [  -20.0000,    20.0000]

----- dataset:  FIESTAdata_harpsn_mode3
jitter_0        63      3.710330 [    0.0035,    39.4234]
offset_0        64      0.352385 [-10010.5859, 10008.0905]

----- dataset: FIESTAdata_harpsn_mode3   ----- model: gp_multidimensional           
rot_amp         65      1.780487 [  -10.0000,    10.0000]
con_amp         66    -16.819463 [  -20.0000,    20.0000]

----- dataset:  FIESTAdata_neid_mode1
jitter_0        67      0.885087 [    0.0016,    19.1169]
offset_0        68      0.007701 [-10002.3634, 10001.6978]

----- dataset: FIESTAdata_neid_mode1     ----- model: gp_multidimensional           
rot_amp         69      0.698387 [  -10.0000,    10.0000]
con_amp         70     -2.705861 [  -20.0000,    20.0000]

----- dataset:  FIESTAdata_neid_mode2
jitter_0        71      1.362449 [    0.0020,    23.0831]
offset_0        72     -0.045749 [-10002.5311, 10003.2840]

----- dataset: FIESTAdata_neid_mode2     ----- model: gp_multidimensional           
rot_amp         73     -1.465033 [  -10.0000,    10.0000]
con_amp         74      5.152898 [  -20.0000,    20.0000]

----- dataset:  FIESTAdata_neid_mode3
jitter_0        75      3.267693 [    0.0049,    57.7639]
offset_0        76      0.055668 [-10006.6817, 10007.5353]

----- dataset: FIESTAdata_neid_mode3     ----- model: gp_multidimensional           
rot_amp         77      1.088903 [  -10.0000,    10.0000]
con_amp         78     -0.638512 [  -20.0000,    20.0000]

----- common model:  b
P                0      3.885318 [    0.3785,     6.6439]
K                1     -5.447757 [   -9.9658,     3.3219]
sre_coso         2      0.007447 [   -1.0000,     1.0000]
sre_sino         3     -0.040919 [   -1.0000,     1.0000]
mean_long        4    173.153071 [   -6.8211,   353.1789]

----- common model:  c
P                5      3.899684 [    0.3785,     6.6439]
K                6     -5.736773 [   -9.9658,     3.3219]
sre_coso         7     -0.092202 [   -1.0000,     1.0000]
sre_sino         8     -0.017105 [   -1.0000,     1.0000]
mean_long        9    184.679649 [    4.6796,   364.6796]

----- common model:  d
P               10      5.800688 [    0.3785,     6.6439]
K               11      0.583632 [   -9.9658,     3.3219]
sre_coso        12     -0.222778 [   -1.0000,     1.0000]
sre_sino        13     -0.171302 [   -1.0000,     1.0000]
mean_long       14    259.018214 [   79.0182,   439.0182]

----- common model:  activity
Prot            15     28.211703 [   20.0000,    35.0000]
Pdec            16    271.597356 [   30.0000,  1000.0000]
Oamp            17     -1.514257 [   -6.6439,     0.0000]

----- common model:  star_parameters

====================================================================================================
     Starting point projected onto the model parameter space     
====================================================================================================

----- dataset:  RVdata_expres
jitter_0              1.883755 
offset_0              8.478328 


----- dataset: RVdata_expres             ----- model: gp_multidimensional           
rot_amp               5.803622 
con_amp              -3.797294 

----- dataset:  RVdata_harps
jitter_0              1.357546 
offset_0              9.331857 
offset_1             10.308122 


----- dataset: RVdata_harps              ----- model: gp_multidimensional           
rot_amp               2.854176 
con_amp              -3.406967 

----- dataset:  RVdata_neid
jitter_0              1.517488 
offset_0              9.999914 


----- dataset: RVdata_neid               ----- model: gp_multidimensional           
rot_amp               2.885649 
con_amp             -10.922165 

----- dataset:  FIESTAdata_expres_mode1
jitter_0              0.726473 
offset_0             -0.065869 


----- dataset: FIESTAdata_expres_mode1   ----- model: gp_multidimensional           
rot_amp              -3.773128 
con_amp              15.029633 

----- dataset:  FIESTAdata_expres_mode2
jitter_0              1.092498 
offset_0              0.046222 


----- dataset: FIESTAdata_expres_mode2   ----- model: gp_multidimensional           
rot_amp               2.946878 
con_amp             -18.274859 

----- dataset:  FIESTAdata_expres_mode3
jitter_0              3.926802 
offset_0             -0.001378 


----- dataset: FIESTAdata_expres_mode3   ----- model: gp_multidimensional           
rot_amp               1.541532 
con_amp               3.656642 

----- dataset:  FIESTAdata_harps_mode1
jitter_0              0.795554 
offset_0              0.254232 


----- dataset: FIESTAdata_harps_mode1    ----- model: gp_multidimensional           
rot_amp              -4.383203 
con_amp               8.027170 

----- dataset:  FIESTAdata_harps_mode2
jitter_0              1.310642 
offset_0             -0.401012 


----- dataset: FIESTAdata_harps_mode2    ----- model: gp_multidimensional           
rot_amp               3.873661 
con_amp             -14.136969 

----- dataset:  FIESTAdata_harps_mode3
jitter_0              4.128289 
offset_0              0.410170 


----- dataset: FIESTAdata_harps_mode3    ----- model: gp_multidimensional           
rot_amp              -0.416206 
con_amp               6.335608 

----- dataset:  FIESTAdata_harpsn_mode1
jitter_0              1.341854 
offset_0             -0.174151 


----- dataset: FIESTAdata_harpsn_mode1   ----- model: gp_multidimensional           
rot_amp              -2.878820 
con_amp              10.759541 

----- dataset:  FIESTAdata_harpsn_mode2
jitter_0              1.710242 
offset_0              0.199970 


----- dataset: FIESTAdata_harpsn_mode2   ----- model: gp_multidimensional           
rot_amp               2.754205 
con_amp             -10.764778 

----- dataset:  FIESTAdata_harpsn_mode3
jitter_0              3.710330 
offset_0              0.352385 


----- dataset: FIESTAdata_harpsn_mode3   ----- model: gp_multidimensional           
rot_amp               1.780487 
con_amp             -16.819463 

----- dataset:  FIESTAdata_neid_mode1
jitter_0              0.885087 
offset_0              0.007701 


----- dataset: FIESTAdata_neid_mode1     ----- model: gp_multidimensional           
rot_amp               0.698387 
con_amp              -2.705861 

----- dataset:  FIESTAdata_neid_mode2
jitter_0              1.362449 
offset_0             -0.045749 


----- dataset: FIESTAdata_neid_mode2     ----- model: gp_multidimensional           
rot_amp              -1.465033 
con_amp               5.152898 

----- dataset:  FIESTAdata_neid_mode3
jitter_0              3.267693 
offset_0              0.055668 


----- dataset: FIESTAdata_neid_mode3     ----- model: gp_multidimensional           
rot_amp               1.088903 
con_amp              -0.638512 

----- common model:  b
P                    14.777376 
K                     0.022912 
mean_long           173.153071 
e                     0.001730 
omega               -79.684964 

----- common model:  c
P                    14.925254 
K                     0.018753 
mean_long           184.679649 
e                     0.008794 
omega              -169.490388 

----- common model:  d
P                    55.741821 
K                     1.498617 
mean_long           259.018214 
e                     0.078975 
omega              -142.442074 

----- common model:  activity
Prot                 28.211703 
Pdec                271.597356 
Oamp                  0.350077 

----- common model:  star_parameters

====================================================================================================
     Derived parameters obtained from starting point     
====================================================================================================

----- common model:  b
Inclination fixed to 90 deg!
a_Rs                 25.330735 
M_Mj                  0.000277 
M_Me                  0.087924 
Tc                59346.062812 
a_AU_(M)              0.117851 
a_AU_(rho,R)          0.117851 

----- common model:  c
Inclination fixed to 90 deg!
a_Rs                 25.499425 
M_Mj                  0.000227 
M_Me                  0.072199 
Tc                59345.741237 
a_AU_(M)              0.118636 
a_AU_(rho,R)          0.118635 

----- common model:  d
Inclination fixed to 90 deg!
a_Rs                 61.381413 
M_Mj                  0.028074 
M_Me                  8.924482 
Tc                59365.423009 
a_AU_(M)              0.285579 
a_AU_(rho,R)          0.285575 


====================================================================================================
     Statistics on the log-likelihood     
====================================================================================================

 LN probability:         -inf 

====================================================================================================
     ------------------------------------------------------------------------------------------     
====================================================================================================



*************************************************************

Running emcee

emcee version:  3.1.6
Using threading pool for emcee: True

Saving temporary steps


Computing the autocorrelation time of the chains

***** WARNING ******
The integrated autocorrelation time cannot be reliably estimated
likely the chains are too short, and ACF analysis is not fully reliable
emcee.autocorr.integrated_time tolerance lowered to 20
If you still get a warning, you should drop these results entirely
Chains too short to apply convergence criteria
They should be at least 18600*nthin = 186000

====================================================================================================
     Statistics on the posterior of the sampler parameters     
====================================================================================================

----- dataset:  RVdata_expres
jitter_0        18          1.81        -0.16         0.16   (15-84 p)   [    0.0010,    11.5000]
offset_0        19          8.47        -0.21         0.22   (15-84 p)   [-9995.6770, 10013.1550]

----- dataset: RVdata_expres             ----- model: gp_multidimensional           
rot_amp         20           5.3         -2.8          3.0   (15-84 p)   [    0.0000,    10.0000]
con_amp         21          -2.7         -5.6          5.7   (15-84 p)   [  -20.0000,    20.0000]

----- dataset:  RVdata_harps
jitter_0        22         1.332       -0.089         0.11   (15-84 p)   [    0.0010,    13.3000]
offset_0        23          9.31        -0.18         0.17   (15-84 p)   [-9995.1415, 10014.3487]
offset_1        24         10.24        -0.34         0.35   (15-84 p)   [-9995.1415, 10014.3487]

----- dataset: RVdata_harps              ----- model: gp_multidimensional           
rot_amp         25           2.5         -1.7          2.5   (15-84 p)   [    0.0000,    10.0000]
con_amp         26          -2.6         -2.8          3.5   (15-84 p)   [  -20.0000,    20.0000]

----- dataset:  RVdata_neid
jitter_0        27          1.47        -0.14         0.14   (15-84 p)   [    0.0010,    12.2000]
offset_0        28         10.00        -0.24         0.22   (15-84 p)   [-9993.8466, 10013.8014]

----- dataset: RVdata_neid               ----- model: gp_multidimensional           
rot_amp         29           3.5         -2.4          2.9   (15-84 p)   [    0.0000,    10.0000]
con_amp         30          -8.1         -5.4          5.3   (15-84 p)   [  -20.0000,    20.0000]

----- dataset:  FIESTAdata_expres_mode1
jitter_0        31         0.717       -0.051        0.057   (15-84 p)   [    0.0017,    18.8925]
offset_0        32         -0.05        -0.21         0.22   (15-84 p)   [-10002.1949, 10002.5098]

----- dataset: FIESTAdata_expres_mode1   ----- model: gp_multidimensional           
rot_amp         33          -4.2         -3.3          3.8   (15-84 p)   [  -10.0000,    10.0000]
con_amp         34          14.8         -2.3          2.9   (15-84 p)   [  -20.0000,    20.0000]

----- dataset:  FIESTAdata_expres_mode2
jitter_0        35         1.062       -0.084        0.099   (15-84 p)   [    0.0019,    21.6249]
offset_0        36          0.05        -0.24         0.27   (15-84 p)   [-10003.5675, 10002.6832]

----- dataset: FIESTAdata_expres_mode2   ----- model: gp_multidimensional           
rot_amp         37           3.5         -4.6          3.8   (15-84 p)   [  -10.0000,    10.0000]
con_amp         38         -18.4         -1.1          2.0   (15-84 p)   [  -20.0000,    20.0000]

----- dataset:  FIESTAdata_expres_mode3
jitter_0        39          3.92        -0.27         0.29   (15-84 p)   [    0.0045,    50.1216]
offset_0        40         -0.02        -0.42         0.41   (15-84 p)   [-10009.3157, 10009.6596]

----- dataset: FIESTAdata_expres_mode3   ----- model: gp_multidimensional           
rot_amp         41           2.5         -6.6          4.7   (15-84 p)   [  -10.0000,    10.0000]
con_amp         42           3.8         -9.3          8.3   (15-84 p)   [  -20.0000,    20.0000]

----- dataset:  FIESTAdata_harps_mode1
jitter_0        43          0.80        -0.13         0.18   (15-84 p)   [    0.0013,    15.1367]
offset_0        44          0.25        -0.24         0.24   (15-84 p)   [-10001.7714, 10001.4046]

----- dataset: FIESTAdata_harps_mode1    ----- model: gp_multidimensional           
rot_amp         45          -3.9         -4.0          4.8   (15-84 p)   [  -10.0000,    10.0000]
con_amp         46           7.7         -2.0          2.8   (15-84 p)   [  -20.0000,    20.0000]

----- dataset:  FIESTAdata_harps_mode2
jitter_0        47          1.32        -0.22         0.24   (15-84 p)   [    0.0016,    17.8506]
offset_0        48         -0.41        -0.41         0.44   (15-84 p)   [-10002.5532, 10002.9102]

----- dataset: FIESTAdata_harps_mode2    ----- model: gp_multidimensional           
rot_amp         49           4.5         -6.1          3.8   (15-84 p)   [  -10.0000,    10.0000]
con_amp         50         -13.4         -3.6          3.4   (15-84 p)   [  -20.0000,    20.0000]

----- dataset:  FIESTAdata_harps_mode3
jitter_0        51          4.12        -0.67         0.82   (15-84 p)   [    0.0045,    51.1763]
offset_0        52          0.27        -0.95          1.1   (15-84 p)   [-10005.3932, 10009.1812]

----- dataset: FIESTAdata_harps_mode3    ----- model: gp_multidimensional           
rot_amp         53          -1.1         -6.3          7.4   (15-84 p)   [  -10.0000,    10.0000]
con_amp         54           7.2         -9.4          7.6   (15-84 p)   [  -20.0000,    20.0000]

----- dataset:  FIESTAdata_harpsn_mode1
jitter_0        55          1.34        -0.10         0.13   (15-84 p)   [    0.0011,    12.1542]
offset_0        56         -0.18        -0.21         0.23   (15-84 p)   [-10003.4464, 10004.1108]

----- dataset: FIESTAdata_harpsn_mode1   ----- model: gp_multidimensional           
rot_amp         57          -2.8         -3.8          4.3   (15-84 p)   [  -10.0000,    10.0000]
con_amp         58          10.4         -2.8          2.5   (15-84 p)   [  -20.0000,    20.0000]

----- dataset:  FIESTAdata_harpsn_mode2
jitter_0        59          1.70        -0.13         0.15   (15-84 p)   [    0.0013,    14.0766]
offset_0        60          0.20        -0.22         0.21   (15-84 p)   [-10004.6195, 10004.1281]

----- dataset: FIESTAdata_harpsn_mode2   ----- model: gp_multidimensional           
rot_amp         61           2.8         -4.7          4.0   (15-84 p)   [  -10.0000,    10.0000]
con_amp         62         -10.2         -3.4          3.3   (15-84 p)   [  -20.0000,    20.0000]

----- dataset:  FIESTAdata_harpsn_mode3
jitter_0        63          3.71        -0.28         0.33   (15-84 p)   [    0.0035,    39.4234]
offset_0        64          0.35        -0.47         0.46   (15-84 p)   [-10010.5859, 10008.0905]

----- dataset: FIESTAdata_harpsn_mode3   ----- model: gp_multidimensional           
rot_amp         65           1.9         -7.5          5.6   (15-84 p)   [  -10.0000,    10.0000]
con_amp         66         -17.2         -2.0          3.1   (15-84 p)   [  -20.0000,    20.0000]

----- dataset:  FIESTAdata_neid_mode1
jitter_0        67         0.888       -0.075        0.080   (15-84 p)   [    0.0016,    19.1169]
offset_0        68          0.01        -0.11         0.12   (15-84 p)   [-10002.3634, 10001.6978]

----- dataset: FIESTAdata_neid_mode1     ----- model: gp_multidimensional           
rot_amp         69           0.6         -3.1          2.8   (15-84 p)   [  -10.0000,    10.0000]
con_amp         70          -2.7         -2.5          2.0   (15-84 p)   [  -20.0000,    20.0000]

----- dataset:  FIESTAdata_neid_mode2
jitter_0        71          1.36        -0.11         0.14   (15-84 p)   [    0.0020,    23.0831]
offset_0        72         -0.06        -0.19         0.19   (15-84 p)   [-10002.5311, 10003.2840]

----- dataset: FIESTAdata_neid_mode2     ----- model: gp_multidimensional           
rot_amp         73          -0.9         -4.2          4.0   (15-84 p)   [  -10.0000,    10.0000]
con_amp         74           4.6         -3.1          3.2   (15-84 p)   [  -20.0000,    20.0000]

----- dataset:  FIESTAdata_neid_mode3
jitter_0        75          3.29        -0.27         0.31   (15-84 p)   [    0.0049,    57.7639]
offset_0        76          0.02        -0.36         0.34   (15-84 p)   [-10006.6817, 10007.5353]

----- dataset: FIESTAdata_neid_mode3     ----- model: gp_multidimensional           
rot_amp         77           0.2         -6.6          6.7   (15-84 p)   [  -10.0000,    10.0000]
con_amp         78           0.2         -8.0          8.2   (15-84 p)   [  -20.0000,    20.0000]

----- common model:  b
P                0           3.9         -1.9          1.2   (15-84 p)   [    0.3785,     6.6439]
K                1          -1.8         -5.9          1.7   (15-84 p)   [   -9.9658,     3.3219]
sre_coso         2          0.03        -0.25         0.21   (15-84 p)   [   -1.0000,     1.0000]
sre_sino         3          0.02        -0.23         0.19   (15-84 p)   [   -1.0000,     1.0000]
mean_long        4           172         -159          156   (15-84 p)   [   -6.8211,   353.1789]

----- common model:  c
P                5           3.9         -1.9          1.3   (15-84 p)   [    0.3785,     6.6439]
K                6          -3.2         -5.3          2.9   (15-84 p)   [   -9.9658,     3.3219]
sre_coso         7         -0.06        -0.19         0.20   (15-84 p)   [   -1.0000,     1.0000]
sre_sino         8         -0.02        -0.24         0.23   (15-84 p)   [   -1.0000,     1.0000]
mean_long        9           199         -167          137   (15-84 p)   [    4.6796,   364.6796]

----- common model:  d
P               10         5.792       -0.047        0.050   (15-84 p)   [    0.3785,     6.6439]
K               11          0.67        -0.18         0.16   (15-84 p)   [   -9.9658,     3.3219]
sre_coso        12         -0.20        -0.14         0.17   (15-84 p)   [   -1.0000,     1.0000]
sre_sino        13         -0.16        -0.19         0.22   (15-84 p)   [   -1.0000,     1.0000]
mean_long       14           259          -11           11   (15-84 p)   [   79.0182,   439.0182]

----- common model:  activity
Prot            15         28.25        -0.20         0.23   (15-84 p)   [   20.0000,    35.0000]
Pdec            16           274         -100          142   (15-84 p)   [   30.0000,  1000.0000]
Oamp            17         -1.52        -0.17         0.15   (15-84 p)   [   -6.6439,     0.0000]

----- common model:  star_parameters

====================================================================================================
     Statistics on the model parameters obtained from the posteriors samples     
====================================================================================================

----- dataset:  RVdata_expres
jitter_0                  1.81        -0.16         0.16    (15-84 p)
offset_0                  8.47        -0.21         0.22    (15-84 p)


----- dataset: RVdata_expres             ----- model: gp_multidimensional           
rot_amp                    5.3         -2.8          3.0    (15-84 p)
con_amp                   -2.7         -5.6          5.7    (15-84 p)

----- dataset:  RVdata_harps
jitter_0                 1.332       -0.089         0.11    (15-84 p)
offset_0                  9.31        -0.18         0.17    (15-84 p)
offset_1                 10.24        -0.34         0.35    (15-84 p)


----- dataset: RVdata_harps              ----- model: gp_multidimensional           
rot_amp                    2.5         -1.7          2.5    (15-84 p)
con_amp                   -2.6         -2.8          3.5    (15-84 p)

----- dataset:  RVdata_neid
jitter_0                  1.47        -0.14         0.14    (15-84 p)
offset_0                 10.00        -0.24         0.22    (15-84 p)


----- dataset: RVdata_neid               ----- model: gp_multidimensional           
rot_amp                    3.5         -2.4          2.9    (15-84 p)
con_amp                   -8.1         -5.4          5.3    (15-84 p)

----- dataset:  FIESTAdata_expres_mode1
jitter_0                 0.717       -0.051        0.057    (15-84 p)
offset_0                 -0.05        -0.21         0.22    (15-84 p)


----- dataset: FIESTAdata_expres_mode1   ----- model: gp_multidimensional           
rot_amp                   -4.2         -3.3          3.8    (15-84 p)
con_amp                   14.8         -2.3          2.9    (15-84 p)

----- dataset:  FIESTAdata_expres_mode2
jitter_0                 1.062       -0.084        0.099    (15-84 p)
offset_0                  0.05        -0.24         0.27    (15-84 p)


----- dataset: FIESTAdata_expres_mode2   ----- model: gp_multidimensional           
rot_amp                    3.5         -4.6          3.8    (15-84 p)
con_amp                  -18.4         -1.1          2.0    (15-84 p)

----- dataset:  FIESTAdata_expres_mode3
jitter_0                  3.92        -0.27         0.29    (15-84 p)
offset_0                 -0.02        -0.42         0.41    (15-84 p)


----- dataset: FIESTAdata_expres_mode3   ----- model: gp_multidimensional           
rot_amp                    2.5         -6.6          4.7    (15-84 p)
con_amp                    3.8         -9.3          8.3    (15-84 p)

----- dataset:  FIESTAdata_harps_mode1
jitter_0                  0.80        -0.13         0.18    (15-84 p)
offset_0                  0.25        -0.24         0.24    (15-84 p)


----- dataset: FIESTAdata_harps_mode1    ----- model: gp_multidimensional           
rot_amp                   -3.9         -4.0          4.8    (15-84 p)
con_amp                    7.7         -2.0          2.8    (15-84 p)

----- dataset:  FIESTAdata_harps_mode2
jitter_0                  1.32        -0.22         0.24    (15-84 p)
offset_0                 -0.41        -0.41         0.44    (15-84 p)


----- dataset: FIESTAdata_harps_mode2    ----- model: gp_multidimensional           
rot_amp                    4.5         -6.1          3.8    (15-84 p)
con_amp                  -13.4         -3.6          3.4    (15-84 p)

----- dataset:  FIESTAdata_harps_mode3
jitter_0                  4.12        -0.67         0.82    (15-84 p)
offset_0                  0.27        -0.95          1.1    (15-84 p)


----- dataset: FIESTAdata_harps_mode3    ----- model: gp_multidimensional           
rot_amp                   -1.1         -6.3          7.4    (15-84 p)
con_amp                    7.2         -9.4          7.6    (15-84 p)

----- dataset:  FIESTAdata_harpsn_mode1
jitter_0                  1.34        -0.10         0.13    (15-84 p)
offset_0                 -0.18        -0.21         0.23    (15-84 p)


----- dataset: FIESTAdata_harpsn_mode1   ----- model: gp_multidimensional           
rot_amp                   -2.8         -3.8          4.3    (15-84 p)
con_amp                   10.4         -2.8          2.5    (15-84 p)

----- dataset:  FIESTAdata_harpsn_mode2
jitter_0                  1.70        -0.13         0.15    (15-84 p)
offset_0                  0.20        -0.22         0.21    (15-84 p)


----- dataset: FIESTAdata_harpsn_mode2   ----- model: gp_multidimensional           
rot_amp                    2.8         -4.7          4.0    (15-84 p)
con_amp                  -10.2         -3.4          3.3    (15-84 p)

----- dataset:  FIESTAdata_harpsn_mode3
jitter_0                  3.71        -0.28         0.33    (15-84 p)
offset_0                  0.35        -0.47         0.46    (15-84 p)


----- dataset: FIESTAdata_harpsn_mode3   ----- model: gp_multidimensional           
rot_amp                    1.9         -7.5          5.6    (15-84 p)
con_amp                  -17.2         -2.0          3.1    (15-84 p)

----- dataset:  FIESTAdata_neid_mode1
jitter_0                 0.888       -0.075        0.080    (15-84 p)
offset_0                  0.01        -0.11         0.12    (15-84 p)


----- dataset: FIESTAdata_neid_mode1     ----- model: gp_multidimensional           
rot_amp                    0.6         -3.1          2.8    (15-84 p)
con_amp                   -2.7         -2.5          2.0    (15-84 p)

----- dataset:  FIESTAdata_neid_mode2
jitter_0                  1.36        -0.11         0.14    (15-84 p)
offset_0                 -0.06        -0.19         0.19    (15-84 p)


----- dataset: FIESTAdata_neid_mode2     ----- model: gp_multidimensional           
rot_amp                   -0.9         -4.2          4.0    (15-84 p)
con_amp                    4.6         -3.1          3.2    (15-84 p)

----- dataset:  FIESTAdata_neid_mode3
jitter_0                  3.29        -0.27         0.31    (15-84 p)
offset_0                  0.02        -0.36         0.34    (15-84 p)


----- dataset: FIESTAdata_neid_mode3     ----- model: gp_multidimensional           
rot_amp                    0.2         -6.6          6.7    (15-84 p)
con_amp                    0.2         -8.0          8.2    (15-84 p)

----- common model:  b
P                           15          -11           20    (15-84 p)
K                         0.29        -0.29         0.65    (15-84 p)
mean_long                  172         -159          156    (15-84 p)
e                        0.069       -0.051        0.082    (15-84 p)
omega                        9         -123          117    (15-84 p)

----- common model:  c
P                           15          -11           22    (15-84 p)
K                         0.11        -0.11         0.73    (15-84 p)
mean_long                  199         -167          137    (15-84 p)
e                        0.071       -0.048        0.079    (15-84 p)
omega                      -21         -112          155    (15-84 p)

----- common model:  d
P                         55.4         -1.8          2.0    (15-84 p)
K                         1.60        -0.19         0.19    (15-84 p)
mean_long                  259          -11           11    (15-84 p)
e                        0.114       -0.072        0.082    (15-84 p)
omega                     -114          -40          248    (15-84 p)

----- common model:  activity
Prot                     28.25        -0.20         0.23    (15-84 p)
Pdec                       274         -100          142    (15-84 p)
Oamp                     0.349       -0.039        0.038    (15-84 p)

----- common model:  star_parameters

====================================================================================================
     Statistics on the derived parameters obtained from the posteriors samples     
====================================================================================================

----- common model:  b
Inclination fixed to 90 deg!
Computing planetary mass under the approximation M_planet << M_star (threshold at 30.0 Me)
a_Rs                        26          -15           20    (15-84 p)
M_Mj                    0.0029      -0.0028       0.0092    (15-84 p)
M_Me                      0.92        -0.90          2.9    (15-84 p)
Tc                     59339.5         -3.3          8.2    (15-84 p)
a_AU_(M)                 0.119       -0.069        0.091    (15-84 p)
a_AU_(rho,R)             0.119       -0.069        0.091    (15-84 p)

----- common model:  c
Inclination fixed to 90 deg!
Computing planetary mass under the approximation M_planet << M_star (threshold at 30.0 Me)
a_Rs                        26          -15           21    (15-84 p)
M_Mj                    0.0012      -0.0012        0.010    (15-84 p)
M_Me                      0.38        -0.37          3.2    (15-84 p)
Tc                     59339.4         -3.1          7.6    (15-84 p)
a_AU_(M)                 0.119       -0.069        0.097    (15-84 p)
a_AU_(rho,R)             0.119       -0.069        0.097    (15-84 p)

----- common model:  d
Inclination fixed to 90 deg!
Computing planetary mass under the approximation M_planet << M_star (threshold at 30.0 Me)
a_Rs                      61.1         -1.3          1.4    (15-84 p)
M_Mj                    0.0296      -0.0035       0.0034    (15-84 p)
M_Me                       9.4         -1.1          1.1    (15-84 p)
Tc                     59365.4         -1.7          1.7    (15-84 p)
a_AU_(M)                0.2844      -0.0061       0.0067    (15-84 p)
a_AU_(rho,R)            0.2844      -0.0061       0.0067    (15-84 p)


====================================================================================================
     ------------------------------------------------------------------------------------------     
====================================================================================================



35000.0   steps completed, average lnprob:,  -2534.9884767231133


Computing the autocorrelation time of the chains

***** WARNING ******
The integrated autocorrelation time cannot be reliably estimated
likely the chains are too short, and ACF analysis is not fully reliable
emcee.autocorr.integrated_time tolerance lowered to 20
If you still get a warning, you should drop these results entirely
Chains too short to apply convergence criteria
They should be at least 38600*nthin = 386000

====================================================================================================
     Statistics on the posterior of the sampler parameters     
====================================================================================================

----- dataset:  RVdata_expres
jitter_0        18          1.76        -0.18         0.17   (15-84 p)   [    0.0010,    11.5000]
offset_0        19          8.46        -0.21         0.22   (15-84 p)   [-9995.6770, 10013.1550]

----- dataset: RVdata_expres             ----- model: gp_multidimensional           
rot_amp         20           5.3         -2.9          2.9   (15-84 p)   [    0.0000,    10.0000]
con_amp         21          -2.8         -6.2          6.6   (15-84 p)   [  -20.0000,    20.0000]

----- dataset:  RVdata_harps
jitter_0        22         1.320       -0.099         0.12   (15-84 p)   [    0.0010,    13.3000]
offset_0        23          9.30        -0.19         0.17   (15-84 p)   [-9995.1415, 10014.3487]
offset_1        24         10.25        -0.34         0.34   (15-84 p)   [-9995.1415, 10014.3487]

----- dataset: RVdata_harps              ----- model: gp_multidimensional           
rot_amp         25           2.5         -1.7          2.7   (15-84 p)   [    0.0000,    10.0000]
con_amp         26          -2.8         -3.0          4.8   (15-84 p)   [  -20.0000,    20.0000]

----- dataset:  RVdata_neid
jitter_0        27          1.45        -0.13         0.14   (15-84 p)   [    0.0010,    12.2000]
offset_0        28         10.00        -0.25         0.24   (15-84 p)   [-9993.8466, 10013.8014]

----- dataset: RVdata_neid               ----- model: gp_multidimensional           
rot_amp         29           3.6         -2.4          3.0   (15-84 p)   [    0.0000,    10.0000]
con_amp         30          -7.9         -5.5          6.0   (15-84 p)   [  -20.0000,    20.0000]

----- dataset:  FIESTAdata_expres_mode1
jitter_0        31         0.720       -0.058        0.055   (15-84 p)   [    0.0017,    18.8925]
offset_0        32         -0.04        -0.23         0.24   (15-84 p)   [-10002.1949, 10002.5098]

----- dataset: FIESTAdata_expres_mode1   ----- model: gp_multidimensional           
rot_amp         33          -4.1         -3.3          3.7   (15-84 p)   [  -10.0000,    10.0000]
con_amp         34          14.8         -2.3          2.8   (15-84 p)   [  -20.0000,    20.0000]

----- dataset:  FIESTAdata_expres_mode2
jitter_0        35         1.057       -0.086        0.096   (15-84 p)   [    0.0019,    21.6249]
offset_0        36          0.05        -0.27         0.29   (15-84 p)   [-10003.5675, 10002.6832]

----- dataset: FIESTAdata_expres_mode2   ----- model: gp_multidimensional           
rot_amp         37           3.3         -4.5          3.9   (15-84 p)   [  -10.0000,    10.0000]
con_amp         38         -18.3         -1.2          1.9   (15-84 p)   [  -20.0000,    20.0000]

----- dataset:  FIESTAdata_expres_mode3
jitter_0        39          3.90        -0.27         0.32   (15-84 p)   [    0.0045,    50.1216]
offset_0        40         -0.00        -0.43         0.41   (15-84 p)   [-10009.3157, 10009.6596]

----- dataset: FIESTAdata_expres_mode3   ----- model: gp_multidimensional           
rot_amp         41           2.6         -6.5          4.7   (15-84 p)   [  -10.0000,    10.0000]
con_amp         42           3.1         -9.1          8.3   (15-84 p)   [  -20.0000,    20.0000]

----- dataset:  FIESTAdata_harps_mode1
jitter_0        43          0.81        -0.13         0.18   (15-84 p)   [    0.0013,    15.1367]
offset_0        44          0.25        -0.25         0.26   (15-84 p)   [-10001.7714, 10001.4046]

----- dataset: FIESTAdata_harps_mode1    ----- model: gp_multidimensional           
rot_amp         45          -3.9         -4.1          5.0   (15-84 p)   [  -10.0000,    10.0000]
con_amp         46           7.7         -2.1          2.8   (15-84 p)   [  -20.0000,    20.0000]

----- dataset:  FIESTAdata_harps_mode2
jitter_0        47          1.33        -0.22         0.27   (15-84 p)   [    0.0016,    17.8506]
offset_0        48         -0.42        -0.42         0.46   (15-84 p)   [-10002.5532, 10002.9102]

----- dataset: FIESTAdata_harps_mode2    ----- model: gp_multidimensional           
rot_amp         49           4.2         -6.4          4.0   (15-84 p)   [  -10.0000,    10.0000]
con_amp         50         -13.6         -3.5          3.7   (15-84 p)   [  -20.0000,    20.0000]

----- dataset:  FIESTAdata_harps_mode3
jitter_0        51          4.11        -0.65         0.82   (15-84 p)   [    0.0045,    51.1763]
offset_0        52          0.30        -0.97         0.98   (15-84 p)   [-10005.3932, 10009.1812]

----- dataset: FIESTAdata_harps_mode3    ----- model: gp_multidimensional           
rot_amp         53          -0.9         -6.4          7.4   (15-84 p)   [  -10.0000,    10.0000]
con_amp         54           7.0         -9.7          8.0   (15-84 p)   [  -20.0000,    20.0000]

----- dataset:  FIESTAdata_harpsn_mode1
jitter_0        55          1.34        -0.10         0.12   (15-84 p)   [    0.0011,    12.1542]
offset_0        56         -0.16        -0.23         0.23   (15-84 p)   [-10003.4464, 10004.1108]

----- dataset: FIESTAdata_harpsn_mode1   ----- model: gp_multidimensional           
rot_amp         57          -2.3         -3.9          4.1   (15-84 p)   [  -10.0000,    10.0000]
con_amp         58          10.1         -2.7          2.9   (15-84 p)   [  -20.0000,    20.0000]

----- dataset:  FIESTAdata_harpsn_mode2
jitter_0        59          1.71        -0.13         0.16   (15-84 p)   [    0.0013,    14.0766]
offset_0        60          0.19        -0.23         0.22   (15-84 p)   [-10004.6195, 10004.1281]

----- dataset: FIESTAdata_harpsn_mode2   ----- model: gp_multidimensional           
rot_amp         61           2.6         -4.5          4.2   (15-84 p)   [  -10.0000,    10.0000]
con_amp         62         -10.1         -3.6          3.4   (15-84 p)   [  -20.0000,    20.0000]

----- dataset:  FIESTAdata_harpsn_mode3
jitter_0        63          3.71        -0.29         0.31   (15-84 p)   [    0.0035,    39.4234]
offset_0        64          0.34        -0.48         0.49   (15-84 p)   [-10010.5859, 10008.0905]

----- dataset: FIESTAdata_harpsn_mode3   ----- model: gp_multidimensional           
rot_amp         65           2.0         -7.2          5.7   (15-84 p)   [  -10.0000,    10.0000]
con_amp         66         -17.1         -2.0          3.4   (15-84 p)   [  -20.0000,    20.0000]

----- dataset:  FIESTAdata_neid_mode1
jitter_0        67         0.889       -0.076        0.081   (15-84 p)   [    0.0016,    19.1169]
offset_0        68          0.01        -0.11         0.12   (15-84 p)   [-10002.3634, 10001.6978]

----- dataset: FIESTAdata_neid_mode1     ----- model: gp_multidimensional           
rot_amp         69           0.4         -3.1          2.9   (15-84 p)   [  -10.0000,    10.0000]
con_amp         70          -2.8         -2.3          2.2   (15-84 p)   [  -20.0000,    20.0000]

----- dataset:  FIESTAdata_neid_mode2
jitter_0        71          1.36        -0.11         0.14   (15-84 p)   [    0.0020,    23.0831]
offset_0        72         -0.05        -0.19         0.19   (15-84 p)   [-10002.5311, 10003.2840]

----- dataset: FIESTAdata_neid_mode2     ----- model: gp_multidimensional           
rot_amp         73          -0.8         -4.2          4.2   (15-84 p)   [  -10.0000,    10.0000]
con_amp         74           4.6         -3.3          3.3   (15-84 p)   [  -20.0000,    20.0000]

----- dataset:  FIESTAdata_neid_mode3
jitter_0        75          3.32        -0.28         0.31   (15-84 p)   [    0.0049,    57.7639]
offset_0        76          0.01        -0.37         0.36   (15-84 p)   [-10006.6817, 10007.5353]

----- dataset: FIESTAdata_neid_mode3     ----- model: gp_multidimensional           
rot_amp         77           0.3         -6.4          6.3   (15-84 p)   [  -10.0000,    10.0000]
con_amp         78           0.6         -7.7          7.9   (15-84 p)   [  -20.0000,    20.0000]

----- common model:  b
P                0           3.9         -1.5          1.2   (15-84 p)   [    0.3785,     6.6439]
K                1         -0.95         -6.5         0.99   (15-84 p)   [   -9.9658,     3.3219]
sre_coso         2          0.02        -0.24         0.21   (15-84 p)   [   -1.0000,     1.0000]
sre_sino         3          0.02        -0.23         0.20   (15-84 p)   [   -1.0000,     1.0000]
mean_long        4           174         -164          155   (15-84 p)   [   -6.8211,   353.1789]

----- common model:  c
P                5           3.9         -1.9          1.2   (15-84 p)   [    0.3785,     6.6439]
K                6          -1.9         -6.4          1.8   (15-84 p)   [   -9.9658,     3.3219]
sre_coso         7         -0.06        -0.19         0.21   (15-84 p)   [   -1.0000,     1.0000]
sre_sino         8         -0.03        -0.23         0.22   (15-84 p)   [   -1.0000,     1.0000]
mean_long        9           204         -177          134   (15-84 p)   [    4.6796,   364.6796]

----- common model:  d
P               10         5.787       -0.050        0.053   (15-84 p)   [    0.3785,     6.6439]
K               11          0.69        -0.21         0.18   (15-84 p)   [   -9.9658,     3.3219]
sre_coso        12         -0.21        -0.14         0.20   (15-84 p)   [   -1.0000,     1.0000]
sre_sino        13         -0.15        -0.18         0.23   (15-84 p)   [   -1.0000,     1.0000]
mean_long       14           258          -12           12   (15-84 p)   [   79.0182,   439.0182]

----- common model:  activity
Prot            15         28.26        -0.22         0.22   (15-84 p)   [   20.0000,    35.0000]
Pdec            16           274         -100          147   (15-84 p)   [   30.0000,  1000.0000]
Oamp            17         -1.52        -0.16         0.15   (15-84 p)   [   -6.6439,     0.0000]

----- common model:  star_parameters

====================================================================================================
     Statistics on the model parameters obtained from the posteriors samples     
====================================================================================================

----- dataset:  RVdata_expres
jitter_0                  1.76        -0.18         0.17    (15-84 p)
offset_0                  8.46        -0.21         0.22    (15-84 p)


----- dataset: RVdata_expres             ----- model: gp_multidimensional           
rot_amp                    5.3         -2.9          2.9    (15-84 p)
con_amp                   -2.8         -6.2          6.6    (15-84 p)

----- dataset:  RVdata_harps
jitter_0                 1.320       -0.099         0.12    (15-84 p)
offset_0                  9.30        -0.19         0.17    (15-84 p)
offset_1                 10.25        -0.34         0.34    (15-84 p)


----- dataset: RVdata_harps              ----- model: gp_multidimensional           
rot_amp                    2.5         -1.7          2.7    (15-84 p)
con_amp                   -2.8         -3.0          4.8    (15-84 p)

----- dataset:  RVdata_neid
jitter_0                  1.45        -0.13         0.14    (15-84 p)
offset_0                 10.00        -0.25         0.24    (15-84 p)


----- dataset: RVdata_neid               ----- model: gp_multidimensional           
rot_amp                    3.6         -2.4          3.0    (15-84 p)
con_amp                   -7.9         -5.5          6.0    (15-84 p)

----- dataset:  FIESTAdata_expres_mode1
jitter_0                 0.720       -0.058        0.055    (15-84 p)
offset_0                 -0.04        -0.23         0.24    (15-84 p)


----- dataset: FIESTAdata_expres_mode1   ----- model: gp_multidimensional           
rot_amp                   -4.1         -3.3          3.7    (15-84 p)
con_amp                   14.8         -2.3          2.8    (15-84 p)

----- dataset:  FIESTAdata_expres_mode2
jitter_0                 1.057       -0.086        0.096    (15-84 p)
offset_0                  0.05        -0.27         0.29    (15-84 p)


----- dataset: FIESTAdata_expres_mode2   ----- model: gp_multidimensional           
rot_amp                    3.3         -4.5          3.9    (15-84 p)
con_amp                  -18.3         -1.2          1.9    (15-84 p)

----- dataset:  FIESTAdata_expres_mode3
jitter_0                  3.90        -0.27         0.32    (15-84 p)
offset_0                 -0.00        -0.43         0.41    (15-84 p)


----- dataset: FIESTAdata_expres_mode3   ----- model: gp_multidimensional           
rot_amp                    2.6         -6.5          4.7    (15-84 p)
con_amp                    3.1         -9.1          8.3    (15-84 p)

----- dataset:  FIESTAdata_harps_mode1
jitter_0                  0.81        -0.13         0.18    (15-84 p)
offset_0                  0.25        -0.25         0.26    (15-84 p)


----- dataset: FIESTAdata_harps_mode1    ----- model: gp_multidimensional           
rot_amp                   -3.9         -4.1          5.0    (15-84 p)
con_amp                    7.7         -2.1          2.8    (15-84 p)

----- dataset:  FIESTAdata_harps_mode2
jitter_0                  1.33        -0.22         0.27    (15-84 p)
offset_0                 -0.42        -0.42         0.46    (15-84 p)


----- dataset: FIESTAdata_harps_mode2    ----- model: gp_multidimensional           
rot_amp                    4.2         -6.4          4.0    (15-84 p)
con_amp                  -13.6         -3.5          3.7    (15-84 p)

----- dataset:  FIESTAdata_harps_mode3
jitter_0                  4.11        -0.65         0.82    (15-84 p)
offset_0                  0.30        -0.97         0.98    (15-84 p)


----- dataset: FIESTAdata_harps_mode3    ----- model: gp_multidimensional           
rot_amp                   -0.9         -6.4          7.4    (15-84 p)
con_amp                    7.0         -9.7          8.0    (15-84 p)

----- dataset:  FIESTAdata_harpsn_mode1
jitter_0                  1.34        -0.10         0.12    (15-84 p)
offset_0                 -0.16        -0.23         0.23    (15-84 p)


----- dataset: FIESTAdata_harpsn_mode1   ----- model: gp_multidimensional           
rot_amp                   -2.3         -3.9          4.1    (15-84 p)
con_amp                   10.1         -2.7          2.9    (15-84 p)

----- dataset:  FIESTAdata_harpsn_mode2
jitter_0                  1.71        -0.13         0.16    (15-84 p)
offset_0                  0.19        -0.23         0.22    (15-84 p)


----- dataset: FIESTAdata_harpsn_mode2   ----- model: gp_multidimensional           
rot_amp                    2.6         -4.5          4.2    (15-84 p)
con_amp                  -10.1         -3.6          3.4    (15-84 p)

----- dataset:  FIESTAdata_harpsn_mode3
jitter_0                  3.71        -0.29         0.31    (15-84 p)
offset_0                  0.34        -0.48         0.49    (15-84 p)


----- dataset: FIESTAdata_harpsn_mode3   ----- model: gp_multidimensional           
rot_amp                    2.0         -7.2          5.7    (15-84 p)
con_amp                  -17.1         -2.0          3.4    (15-84 p)

----- dataset:  FIESTAdata_neid_mode1
jitter_0                 0.889       -0.076        0.081    (15-84 p)
offset_0                  0.01        -0.11         0.12    (15-84 p)


----- dataset: FIESTAdata_neid_mode1     ----- model: gp_multidimensional           
rot_amp                    0.4         -3.1          2.9    (15-84 p)
con_amp                   -2.8         -2.3          2.2    (15-84 p)

----- dataset:  FIESTAdata_neid_mode2
jitter_0                  1.36        -0.11         0.14    (15-84 p)
offset_0                 -0.05        -0.19         0.19    (15-84 p)


----- dataset: FIESTAdata_neid_mode2     ----- model: gp_multidimensional           
rot_amp                   -0.8         -4.2          4.2    (15-84 p)
con_amp                    4.6         -3.3          3.3    (15-84 p)

----- dataset:  FIESTAdata_neid_mode3
jitter_0                  3.32        -0.28         0.31    (15-84 p)
offset_0                  0.01        -0.37         0.36    (15-84 p)


----- dataset: FIESTAdata_neid_mode3     ----- model: gp_multidimensional           
rot_amp                    0.3         -6.4          6.3    (15-84 p)
con_amp                    0.6         -7.7          7.9    (15-84 p)

----- common model:  b
P                         15.0         -9.8           20    (15-84 p)
K                         0.52        -0.51         0.51    (15-84 p)
mean_long                  174         -164          155    (15-84 p)
e                        0.072       -0.052        0.081    (15-84 p)
omega                       11         -125          114    (15-84 p)

----- common model:  c
P                           15          -11           20    (15-84 p)
K                         0.27        -0.27         0.67    (15-84 p)
mean_long                  204         -177          134    (15-84 p)
e                        0.072       -0.050        0.077    (15-84 p)
omega                      -26         -106          160    (15-84 p)

----- common model:  d
P                         55.2         -1.9          2.1    (15-84 p)
K                         1.62        -0.22         0.22    (15-84 p)
mean_long                  258          -12           12    (15-84 p)
e                        0.116       -0.073        0.075    (15-84 p)
omega                     -114          -41          251    (15-84 p)

----- common model:  activity
Prot                     28.26        -0.22         0.22    (15-84 p)
Pdec                       274         -100          147    (15-84 p)
Oamp                     0.348       -0.037        0.037    (15-84 p)

----- common model:  star_parameters

====================================================================================================
     Statistics on the derived parameters obtained from the posteriors samples     
====================================================================================================

----- common model:  b
Inclination fixed to 90 deg!
Computing planetary mass under the approximation M_planet << M_star (threshold at 30.0 Me)
a_Rs                        26          -13           19    (15-84 p)
M_Mj                    0.0053      -0.0053       0.0079    (15-84 p)
M_Me                       1.7         -1.7          2.5    (15-84 p)
Tc                     59339.5         -3.1          6.3    (15-84 p)
a_AU_(M)                 0.119       -0.061        0.090    (15-84 p)
a_AU_(rho,R)             0.119       -0.061        0.090    (15-84 p)

----- common model:  c
Inclination fixed to 90 deg!
Computing planetary mass under the approximation M_planet << M_star (threshold at 30.0 Me)
a_Rs                        26          -15           20    (15-84 p)
M_Mj                    0.0024      -0.0024        0.010    (15-84 p)
M_Me                      0.77        -0.76          3.2    (15-84 p)
Tc                     59339.5         -3.2          7.0    (15-84 p)
a_AU_(M)                 0.119       -0.069        0.092    (15-84 p)
a_AU_(rho,R)             0.119       -0.069        0.092    (15-84 p)

----- common model:  d
Inclination fixed to 90 deg!
Computing planetary mass under the approximation M_planet << M_star (threshold at 30.0 Me)
a_Rs                      61.0         -1.4          1.5    (15-84 p)
M_Mj                    0.0300      -0.0039       0.0040    (15-84 p)
M_Me                       9.5         -1.2          1.3    (15-84 p)
Tc                     59365.5         -1.8          1.7    (15-84 p)
a_AU_(M)                0.2837      -0.0064       0.0071    (15-84 p)
a_AU_(rho,R)            0.2837      -0.0064       0.0071    (15-84 p)


====================================================================================================
     ------------------------------------------------------------------------------------------     
====================================================================================================



70000.0   steps completed, average lnprob:,  -2528.844786242713


emcee completed


:::---::: PyORBIT v11.0.1 :::---:::

Python version in use:
3.10.18 (main, Jun  5 2025, 13:14:17) [GCC 11.2.0]
LaTeX disabled by default

Using orbital model:  keplerian
Using orbital parametrization:  Eastman2013

Using orbital model:  keplerian
Using orbital parametrization:  Eastman2013

Using orbital model:  keplerian
Using orbital parametrization:  Eastman2013

gp_multidimensional  S+LEAF model, number of harmonics: 4

GP model: gp_multidimensional  hyperparameters_condition:    True
GP model: gp_multidimensional  rotation_decay_condition:     True

### PyORBIT version used in the analysis:  11.0.1

 emcee version:  3.1.6

 Reference Time Tref: 59334.700184

 Data points:1120
 Dimensions: 79
 Nwalkers:   316
 Steps:      70000


Number of samplings: 1738000

Recomputing ln-prior, it may take a while...

ln-probability   distribution:  -2533.48      -12.83      9.33 (15-84 p) 
ln-prior         distribution:   -361.72       -2.03      1.34 (15-84 p) 
ln-likelihood    distribution:  -2171.41      -12.66      9.31 (15-84 p) 


*** Information criteria using the likelihood distribution

 BIC from distribution  (using likelihood)  =   4897.49    -18.61   25.33 (15-84 p)
 AIC from distribution  (using likelihood)  =   4500.82    -18.61   25.33 (15-84 p)
 AICc from distribution (using likelihood)  =   4512.98    -18.61   25.33 (15-84 p)


*** Information criteria using the median parameter set

 ln_probability of Median solution =      -inf
 ln_priors of Median solution      =      -inf
 ln_likelihood of Median solution  =      -inf

 Median BIC  (using likelihood) =       inf
 Median AIC  (using likelihood) =       inf
 Median AICc (using likelihood) =       inf


*** Information criteria using the MAP parameter set

 ln_probability of MAP solution =  -2500.58
 ln_priors of MAP solution      =   -362.03
 ln_likelihood of MAP solution  =  -2138.55

 MAP BIC  (using likelihood)    =   4831.76
 MAP AIC  (using likelihood)    =   4435.10
 MAP AICc (using likelihood)    =   4447.25

 AICc suggested over AIC because NDATA ( 1120 ) < 40 * NDIM ( 79 )

****************************************************************************************************


Computing the autocorrelation time of the chains

***** WARNING ******
The integrated autocorrelation time cannot be reliably estimated
likely the chains are too short, and ACF analysis is not fully reliable
emcee.autocorr.integrated_time tolerance lowered to 20
If you still get a warning, you should drop these results entirely
Chains too short to apply convergence criteria
They should be at least 38600*nthin = 386000

 ACF computation failed, no plot will be generated 


====================================================================================================
     Ids, spaces (s), boundaries (b) and priors (p) of the sampler parameters     
====================================================================================================

----- dataset:  RVdata_expres
jitter_0      id:  18  s:Linear      b:[      0.0010,      11.5000]   p:Uniform   []
offset_0      id:  19  s:Linear      b:[  -9995.6770,   10013.1550]   p:Uniform   []

----- dataset: RVdata_expres             ----- model: gp_multidimensional           
rot_amp       id:  20  s:Linear      b:[      0.0000,      10.0000]   p:Uniform   []
con_amp       id:  21  s:Linear      b:[    -20.0000,      20.0000]   p:Uniform   []

----- dataset:  RVdata_harps
jitter_0      id:  22  s:Linear      b:[      0.0010,      13.3000]   p:Uniform   []
offset_0      id:  23  s:Linear      b:[  -9995.1415,   10014.3487]   p:Uniform   []
offset_1      id:  24  s:Linear      b:[  -9995.1415,   10014.3487]   p:Uniform   []

----- dataset: RVdata_harps              ----- model: gp_multidimensional           
rot_amp       id:  25  s:Linear      b:[      0.0000,      10.0000]   p:Uniform   []
con_amp       id:  26  s:Linear      b:[    -20.0000,      20.0000]   p:Uniform   []

----- dataset:  RVdata_neid
jitter_0      id:  27  s:Linear      b:[      0.0010,      12.2000]   p:Uniform   []
offset_0      id:  28  s:Linear      b:[  -9993.8466,   10013.8014]   p:Uniform   []

----- dataset: RVdata_neid               ----- model: gp_multidimensional           
rot_amp       id:  29  s:Linear      b:[      0.0000,      10.0000]   p:Uniform   []
con_amp       id:  30  s:Linear      b:[    -20.0000,      20.0000]   p:Uniform   []

----- dataset:  FIESTAdata_expres_mode1
jitter_0      id:  31  s:Linear      b:[      0.0017,      18.8925]   p:Uniform   []
offset_0      id:  32  s:Linear      b:[ -10002.1949,   10002.5098]   p:Uniform   []

----- dataset: FIESTAdata_expres_mode1   ----- model: gp_multidimensional           
rot_amp       id:  33  s:Linear      b:[    -10.0000,      10.0000]   p:Uniform   []
con_amp       id:  34  s:Linear      b:[    -20.0000,      20.0000]   p:Uniform   []

----- dataset:  FIESTAdata_expres_mode2
jitter_0      id:  35  s:Linear      b:[      0.0019,      21.6249]   p:Uniform   []
offset_0      id:  36  s:Linear      b:[ -10003.5675,   10002.6832]   p:Uniform   []

----- dataset: FIESTAdata_expres_mode2   ----- model: gp_multidimensional           
rot_amp       id:  37  s:Linear      b:[    -10.0000,      10.0000]   p:Uniform   []
con_amp       id:  38  s:Linear      b:[    -20.0000,      20.0000]   p:Uniform   []

----- dataset:  FIESTAdata_expres_mode3
jitter_0      id:  39  s:Linear      b:[      0.0045,      50.1216]   p:Uniform   []
offset_0      id:  40  s:Linear      b:[ -10009.3157,   10009.6596]   p:Uniform   []

----- dataset: FIESTAdata_expres_mode3   ----- model: gp_multidimensional           
rot_amp       id:  41  s:Linear      b:[    -10.0000,      10.0000]   p:Uniform   []
con_amp       id:  42  s:Linear      b:[    -20.0000,      20.0000]   p:Uniform   []

----- dataset:  FIESTAdata_harps_mode1
jitter_0      id:  43  s:Linear      b:[      0.0013,      15.1367]   p:Uniform   []
offset_0      id:  44  s:Linear      b:[ -10001.7714,   10001.4046]   p:Uniform   []

----- dataset: FIESTAdata_harps_mode1    ----- model: gp_multidimensional           
rot_amp       id:  45  s:Linear      b:[    -10.0000,      10.0000]   p:Uniform   []
con_amp       id:  46  s:Linear      b:[    -20.0000,      20.0000]   p:Uniform   []

----- dataset:  FIESTAdata_harps_mode2
jitter_0      id:  47  s:Linear      b:[      0.0016,      17.8506]   p:Uniform   []
offset_0      id:  48  s:Linear      b:[ -10002.5532,   10002.9102]   p:Uniform   []

----- dataset: FIESTAdata_harps_mode2    ----- model: gp_multidimensional           
rot_amp       id:  49  s:Linear      b:[    -10.0000,      10.0000]   p:Uniform   []
con_amp       id:  50  s:Linear      b:[    -20.0000,      20.0000]   p:Uniform   []

----- dataset:  FIESTAdata_harps_mode3
jitter_0      id:  51  s:Linear      b:[      0.0045,      51.1763]   p:Uniform   []
offset_0      id:  52  s:Linear      b:[ -10005.3932,   10009.1812]   p:Uniform   []

----- dataset: FIESTAdata_harps_mode3    ----- model: gp_multidimensional           
rot_amp       id:  53  s:Linear      b:[    -10.0000,      10.0000]   p:Uniform   []
con_amp       id:  54  s:Linear      b:[    -20.0000,      20.0000]   p:Uniform   []

----- dataset:  FIESTAdata_harpsn_mode1
jitter_0      id:  55  s:Linear      b:[      0.0011,      12.1542]   p:Uniform   []
offset_0      id:  56  s:Linear      b:[ -10003.4464,   10004.1108]   p:Uniform   []

----- dataset: FIESTAdata_harpsn_mode1   ----- model: gp_multidimensional           
rot_amp       id:  57  s:Linear      b:[    -10.0000,      10.0000]   p:Uniform   []
con_amp       id:  58  s:Linear      b:[    -20.0000,      20.0000]   p:Uniform   []

----- dataset:  FIESTAdata_harpsn_mode2
jitter_0      id:  59  s:Linear      b:[      0.0013,      14.0766]   p:Uniform   []
offset_0      id:  60  s:Linear      b:[ -10004.6195,   10004.1281]   p:Uniform   []

----- dataset: FIESTAdata_harpsn_mode2   ----- model: gp_multidimensional           
rot_amp       id:  61  s:Linear      b:[    -10.0000,      10.0000]   p:Uniform   []
con_amp       id:  62  s:Linear      b:[    -20.0000,      20.0000]   p:Uniform   []

----- dataset:  FIESTAdata_harpsn_mode3
jitter_0      id:  63  s:Linear      b:[      0.0035,      39.4234]   p:Uniform   []
offset_0      id:  64  s:Linear      b:[ -10010.5859,   10008.0905]   p:Uniform   []

----- dataset: FIESTAdata_harpsn_mode3   ----- model: gp_multidimensional           
rot_amp       id:  65  s:Linear      b:[    -10.0000,      10.0000]   p:Uniform   []
con_amp       id:  66  s:Linear      b:[    -20.0000,      20.0000]   p:Uniform   []

----- dataset:  FIESTAdata_neid_mode1
jitter_0      id:  67  s:Linear      b:[      0.0016,      19.1169]   p:Uniform   []
offset_0      id:  68  s:Linear      b:[ -10002.3634,   10001.6978]   p:Uniform   []

----- dataset: FIESTAdata_neid_mode1     ----- model: gp_multidimensional           
rot_amp       id:  69  s:Linear      b:[    -10.0000,      10.0000]   p:Uniform   []
con_amp       id:  70  s:Linear      b:[    -20.0000,      20.0000]   p:Uniform   []

----- dataset:  FIESTAdata_neid_mode2
jitter_0      id:  71  s:Linear      b:[      0.0020,      23.0831]   p:Uniform   []
offset_0      id:  72  s:Linear      b:[ -10002.5311,   10003.2840]   p:Uniform   []

----- dataset: FIESTAdata_neid_mode2     ----- model: gp_multidimensional           
rot_amp       id:  73  s:Linear      b:[    -10.0000,      10.0000]   p:Uniform   []
con_amp       id:  74  s:Linear      b:[    -20.0000,      20.0000]   p:Uniform   []

----- dataset:  FIESTAdata_neid_mode3
jitter_0      id:  75  s:Linear      b:[      0.0049,      57.7639]   p:Uniform   []
offset_0      id:  76  s:Linear      b:[ -10006.6817,   10007.5353]   p:Uniform   []

----- dataset: FIESTAdata_neid_mode3     ----- model: gp_multidimensional           
rot_amp       id:  77  s:Linear      b:[    -10.0000,      10.0000]   p:Uniform   []
con_amp       id:  78  s:Linear      b:[    -20.0000,      20.0000]   p:Uniform   []

----- common model:  b
P             id:   0  s:Log_Base2   b:[      0.3785,       6.6439]   p:Uniform   []
K             id:   1  s:Log_Base2   b:[     -9.9658,       3.3219]   p:Uniform   []
sre_coso      id:   2  s:Linear      b:[     -1.0000,       1.0000]   p:Uniform   []
sre_sino      id:   3  s:Linear      b:[     -1.0000,       1.0000]   p:Uniform   []
mean_long     id:   4  s:Linear      b:[     -6.8211,     353.1789]   p:Uniform   []
e             derived (no id, space, bound)                           p:Gaussian   [0.    0.098]
omega         derived (no id, space, bound)                           p:Uniform   [0.0, 360.0]

----- common model:  c
P             id:   5  s:Log_Base2   b:[      0.3785,       6.6439]   p:Uniform   []
K             id:   6  s:Log_Base2   b:[     -9.9658,       3.3219]   p:Uniform   []
sre_coso      id:   7  s:Linear      b:[     -1.0000,       1.0000]   p:Uniform   []
sre_sino      id:   8  s:Linear      b:[     -1.0000,       1.0000]   p:Uniform   []
mean_long     id:   9  s:Linear      b:[      4.6796,     364.6796]   p:Uniform   []
e             derived (no id, space, bound)                           p:Gaussian   [0.    0.098]
omega         derived (no id, space, bound)                           p:Uniform   [0.0, 360.0]

----- common model:  d
P             id:  10  s:Log_Base2   b:[      0.3785,       6.6439]   p:Uniform   []
K             id:  11  s:Log_Base2   b:[     -9.9658,       3.3219]   p:Uniform   []
sre_coso      id:  12  s:Linear      b:[     -1.0000,       1.0000]   p:Uniform   []
sre_sino      id:  13  s:Linear      b:[     -1.0000,       1.0000]   p:Uniform   []
mean_long     id:  14  s:Linear      b:[     79.0182,     439.0182]   p:Uniform   []
e             derived (no id, space, bound)                           p:Gaussian   [0.    0.098]
omega         derived (no id, space, bound)                           p:Uniform   [0.0, 360.0]

----- common model:  activity
Prot          id:  15  s:Linear      b:[     20.0000,      35.0000]   p:Gaussian   [28.   0.5]
Pdec          id:  16  s:Linear      b:[     30.0000,    1000.0000]   p:Uniform   []
Oamp          id:  17  s:Log_Base2   b:[     -6.6439,       0.0000]   p:Gaussian   [0.35  0.035]

----- common model:  star_parameters
mass          derived (no id, space, bound)                           p:Gaussian   [1.e+00 1.e-06]
radius        derived (no id, space, bound)                           p:Gaussian   [1.e+00 1.e-06]
density       derived (no id, space, bound)                           p:Gaussian   [1.e+00 1.e-06]


****************************************************************************************************
****************************************************************************************************

 Confidence intervals (median value, 34.135th percentile from the median on the left and right side)

====================================================================================================
     Statistics on the posterior of the sampler parameters     
====================================================================================================

----- dataset:  RVdata_expres
jitter_0        18          1.76        -0.18         0.17   (15-84 p)   [    0.0010,    11.5000]
offset_0        19          8.46        -0.21         0.22   (15-84 p)   [-9995.6770, 10013.1550]

----- dataset: RVdata_expres             ----- model: gp_multidimensional           
rot_amp         20           5.3         -2.9          2.9   (15-84 p)   [    0.0000,    10.0000]
con_amp         21          -2.8         -6.2          6.6   (15-84 p)   [  -20.0000,    20.0000]

----- dataset:  RVdata_harps
jitter_0        22         1.320       -0.099         0.12   (15-84 p)   [    0.0010,    13.3000]
offset_0        23          9.30        -0.19         0.17   (15-84 p)   [-9995.1415, 10014.3487]
offset_1        24         10.25        -0.34         0.34   (15-84 p)   [-9995.1415, 10014.3487]

----- dataset: RVdata_harps              ----- model: gp_multidimensional           
rot_amp         25           2.5         -1.7          2.7   (15-84 p)   [    0.0000,    10.0000]
con_amp         26          -2.8         -3.0          4.8   (15-84 p)   [  -20.0000,    20.0000]

----- dataset:  RVdata_neid
jitter_0        27          1.45        -0.13         0.14   (15-84 p)   [    0.0010,    12.2000]
offset_0        28         10.00        -0.25         0.24   (15-84 p)   [-9993.8466, 10013.8014]

----- dataset: RVdata_neid               ----- model: gp_multidimensional           
rot_amp         29           3.6         -2.4          3.0   (15-84 p)   [    0.0000,    10.0000]
con_amp         30          -7.9         -5.5          6.0   (15-84 p)   [  -20.0000,    20.0000]

----- dataset:  FIESTAdata_expres_mode1
jitter_0        31         0.720       -0.058        0.055   (15-84 p)   [    0.0017,    18.8925]
offset_0        32         -0.04        -0.23         0.24   (15-84 p)   [-10002.1949, 10002.5098]

----- dataset: FIESTAdata_expres_mode1   ----- model: gp_multidimensional           
rot_amp         33          -4.1         -3.3          3.7   (15-84 p)   [  -10.0000,    10.0000]
con_amp         34          14.8         -2.3          2.8   (15-84 p)   [  -20.0000,    20.0000]

----- dataset:  FIESTAdata_expres_mode2
jitter_0        35         1.057       -0.086        0.096   (15-84 p)   [    0.0019,    21.6249]
offset_0        36          0.05        -0.27         0.29   (15-84 p)   [-10003.5675, 10002.6832]

----- dataset: FIESTAdata_expres_mode2   ----- model: gp_multidimensional           
rot_amp         37           3.3         -4.5          3.9   (15-84 p)   [  -10.0000,    10.0000]
con_amp         38         -18.3         -1.2          1.9   (15-84 p)   [  -20.0000,    20.0000]

----- dataset:  FIESTAdata_expres_mode3
jitter_0        39          3.90        -0.27         0.32   (15-84 p)   [    0.0045,    50.1216]
offset_0        40         -0.00        -0.43         0.41   (15-84 p)   [-10009.3157, 10009.6596]

----- dataset: FIESTAdata_expres_mode3   ----- model: gp_multidimensional           
rot_amp         41           2.6         -6.5          4.7   (15-84 p)   [  -10.0000,    10.0000]
con_amp         42           3.1         -9.1          8.3   (15-84 p)   [  -20.0000,    20.0000]

----- dataset:  FIESTAdata_harps_mode1
jitter_0        43          0.81        -0.13         0.18   (15-84 p)   [    0.0013,    15.1367]
offset_0        44          0.25        -0.25         0.26   (15-84 p)   [-10001.7714, 10001.4046]

----- dataset: FIESTAdata_harps_mode1    ----- model: gp_multidimensional           
rot_amp         45          -3.9         -4.1          5.0   (15-84 p)   [  -10.0000,    10.0000]
con_amp         46           7.7         -2.1          2.8   (15-84 p)   [  -20.0000,    20.0000]

----- dataset:  FIESTAdata_harps_mode2
jitter_0        47          1.33        -0.22         0.27   (15-84 p)   [    0.0016,    17.8506]
offset_0        48         -0.42        -0.42         0.46   (15-84 p)   [-10002.5532, 10002.9102]

----- dataset: FIESTAdata_harps_mode2    ----- model: gp_multidimensional           
rot_amp         49           4.2         -6.4          4.0   (15-84 p)   [  -10.0000,    10.0000]
con_amp         50         -13.6         -3.5          3.7   (15-84 p)   [  -20.0000,    20.0000]

----- dataset:  FIESTAdata_harps_mode3
jitter_0        51          4.11        -0.65         0.82   (15-84 p)   [    0.0045,    51.1763]
offset_0        52          0.30        -0.97         0.98   (15-84 p)   [-10005.3932, 10009.1812]

----- dataset: FIESTAdata_harps_mode3    ----- model: gp_multidimensional           
rot_amp         53          -0.9         -6.4          7.4   (15-84 p)   [  -10.0000,    10.0000]
con_amp         54           7.0         -9.7          8.0   (15-84 p)   [  -20.0000,    20.0000]

----- dataset:  FIESTAdata_harpsn_mode1
jitter_0        55          1.34        -0.10         0.12   (15-84 p)   [    0.0011,    12.1542]
offset_0        56         -0.16        -0.23         0.23   (15-84 p)   [-10003.4464, 10004.1108]

----- dataset: FIESTAdata_harpsn_mode1   ----- model: gp_multidimensional           
rot_amp         57          -2.3         -3.9          4.1   (15-84 p)   [  -10.0000,    10.0000]
con_amp         58          10.1         -2.7          2.9   (15-84 p)   [  -20.0000,    20.0000]

----- dataset:  FIESTAdata_harpsn_mode2
jitter_0        59          1.71        -0.13         0.16   (15-84 p)   [    0.0013,    14.0766]
offset_0        60          0.19        -0.23         0.22   (15-84 p)   [-10004.6195, 10004.1281]

----- dataset: FIESTAdata_harpsn_mode2   ----- model: gp_multidimensional           
rot_amp         61           2.6         -4.5          4.2   (15-84 p)   [  -10.0000,    10.0000]
con_amp         62         -10.1         -3.6          3.4   (15-84 p)   [  -20.0000,    20.0000]

----- dataset:  FIESTAdata_harpsn_mode3
jitter_0        63          3.71        -0.29         0.31   (15-84 p)   [    0.0035,    39.4234]
offset_0        64          0.34        -0.48         0.49   (15-84 p)   [-10010.5859, 10008.0905]

----- dataset: FIESTAdata_harpsn_mode3   ----- model: gp_multidimensional           
rot_amp         65           2.0         -7.2          5.7   (15-84 p)   [  -10.0000,    10.0000]
con_amp         66         -17.1         -2.0          3.4   (15-84 p)   [  -20.0000,    20.0000]

----- dataset:  FIESTAdata_neid_mode1
jitter_0        67         0.889       -0.076        0.081   (15-84 p)   [    0.0016,    19.1169]
offset_0        68          0.01        -0.11         0.12   (15-84 p)   [-10002.3634, 10001.6978]

----- dataset: FIESTAdata_neid_mode1     ----- model: gp_multidimensional           
rot_amp         69           0.4         -3.1          2.9   (15-84 p)   [  -10.0000,    10.0000]
con_amp         70          -2.8         -2.3          2.2   (15-84 p)   [  -20.0000,    20.0000]

----- dataset:  FIESTAdata_neid_mode2
jitter_0        71          1.36        -0.11         0.14   (15-84 p)   [    0.0020,    23.0831]
offset_0        72         -0.05        -0.19         0.19   (15-84 p)   [-10002.5311, 10003.2840]

----- dataset: FIESTAdata_neid_mode2     ----- model: gp_multidimensional           
rot_amp         73          -0.8         -4.2          4.2   (15-84 p)   [  -10.0000,    10.0000]
con_amp         74           4.6         -3.3          3.3   (15-84 p)   [  -20.0000,    20.0000]

----- dataset:  FIESTAdata_neid_mode3
jitter_0        75          3.32        -0.28         0.31   (15-84 p)   [    0.0049,    57.7639]
offset_0        76          0.01        -0.37         0.36   (15-84 p)   [-10006.6817, 10007.5353]

----- dataset: FIESTAdata_neid_mode3     ----- model: gp_multidimensional           
rot_amp         77           0.3         -6.4          6.3   (15-84 p)   [  -10.0000,    10.0000]
con_amp         78           0.6         -7.7          7.9   (15-84 p)   [  -20.0000,    20.0000]

----- common model:  b
P                0           3.9         -1.5          1.2   (15-84 p)   [    0.3785,     6.6439]
K                1         -0.95         -6.5         0.99   (15-84 p)   [   -9.9658,     3.3219]
sre_coso         2          0.02        -0.24         0.21   (15-84 p)   [   -1.0000,     1.0000]
sre_sino         3          0.02        -0.23         0.20   (15-84 p)   [   -1.0000,     1.0000]
mean_long        4           174         -164          155   (15-84 p)   [   -6.8211,   353.1789]

----- common model:  c
P                5           3.9         -1.9          1.2   (15-84 p)   [    0.3785,     6.6439]
K                6          -1.9         -6.4          1.8   (15-84 p)   [   -9.9658,     3.3219]
sre_coso         7         -0.06        -0.19         0.21   (15-84 p)   [   -1.0000,     1.0000]
sre_sino         8         -0.03        -0.23         0.22   (15-84 p)   [   -1.0000,     1.0000]
mean_long        9           204         -177          134   (15-84 p)   [    4.6796,   364.6796]

----- common model:  d
P               10         5.787       -0.050        0.053   (15-84 p)   [    0.3785,     6.6439]
K               11          0.69        -0.21         0.18   (15-84 p)   [   -9.9658,     3.3219]
sre_coso        12         -0.21        -0.14         0.20   (15-84 p)   [   -1.0000,     1.0000]
sre_sino        13         -0.15        -0.18         0.23   (15-84 p)   [   -1.0000,     1.0000]
mean_long       14           258          -12           12   (15-84 p)   [   79.0182,   439.0182]

----- common model:  activity
Prot            15         28.26        -0.22         0.22   (15-84 p)   [   20.0000,    35.0000]
Pdec            16           274         -100          147   (15-84 p)   [   30.0000,  1000.0000]
Oamp            17         -1.52        -0.16         0.15   (15-84 p)   [   -6.6439,     0.0000]

----- common model:  star_parameters

====================================================================================================
     Statistics on the model parameters obtained from the posteriors samples     
====================================================================================================

----- dataset:  RVdata_expres
jitter_0                  1.76        -0.18         0.17    (15-84 p)
offset_0                  8.46        -0.21         0.22    (15-84 p)


----- dataset: RVdata_expres             ----- model: gp_multidimensional           
rot_amp                    5.3         -2.9          2.9    (15-84 p)
con_amp                   -2.8         -6.2          6.6    (15-84 p)

----- dataset:  RVdata_harps
jitter_0                 1.320       -0.099         0.12    (15-84 p)
offset_0                  9.30        -0.19         0.17    (15-84 p)
offset_1                 10.25        -0.34         0.34    (15-84 p)


----- dataset: RVdata_harps              ----- model: gp_multidimensional           
rot_amp                    2.5         -1.7          2.7    (15-84 p)
con_amp                   -2.8         -3.0          4.8    (15-84 p)

----- dataset:  RVdata_neid
jitter_0                  1.45        -0.13         0.14    (15-84 p)
offset_0                 10.00        -0.25         0.24    (15-84 p)


----- dataset: RVdata_neid               ----- model: gp_multidimensional           
rot_amp                    3.6         -2.4          3.0    (15-84 p)
con_amp                   -7.9         -5.5          6.0    (15-84 p)

----- dataset:  FIESTAdata_expres_mode1
jitter_0                 0.720       -0.058        0.055    (15-84 p)
offset_0                 -0.04        -0.23         0.24    (15-84 p)


----- dataset: FIESTAdata_expres_mode1   ----- model: gp_multidimensional           
rot_amp                   -4.1         -3.3          3.7    (15-84 p)
con_amp                   14.8         -2.3          2.8    (15-84 p)

----- dataset:  FIESTAdata_expres_mode2
jitter_0                 1.057       -0.086        0.096    (15-84 p)
offset_0                  0.05        -0.27         0.29    (15-84 p)


----- dataset: FIESTAdata_expres_mode2   ----- model: gp_multidimensional           
rot_amp                    3.3         -4.5          3.9    (15-84 p)
con_amp                  -18.3         -1.2          1.9    (15-84 p)

----- dataset:  FIESTAdata_expres_mode3
jitter_0                  3.90        -0.27         0.32    (15-84 p)
offset_0                 -0.00        -0.43         0.41    (15-84 p)


----- dataset: FIESTAdata_expres_mode3   ----- model: gp_multidimensional           
rot_amp                    2.6         -6.5          4.7    (15-84 p)
con_amp                    3.1         -9.1          8.3    (15-84 p)

----- dataset:  FIESTAdata_harps_mode1
jitter_0                  0.81        -0.13         0.18    (15-84 p)
offset_0                  0.25        -0.25         0.26    (15-84 p)


----- dataset: FIESTAdata_harps_mode1    ----- model: gp_multidimensional           
rot_amp                   -3.9         -4.1          5.0    (15-84 p)
con_amp                    7.7         -2.1          2.8    (15-84 p)

----- dataset:  FIESTAdata_harps_mode2
jitter_0                  1.33        -0.22         0.27    (15-84 p)
offset_0                 -0.42        -0.42         0.46    (15-84 p)


----- dataset: FIESTAdata_harps_mode2    ----- model: gp_multidimensional           
rot_amp                    4.2         -6.4          4.0    (15-84 p)
con_amp                  -13.6         -3.5          3.7    (15-84 p)

----- dataset:  FIESTAdata_harps_mode3
jitter_0                  4.11        -0.65         0.82    (15-84 p)
offset_0                  0.30        -0.97         0.98    (15-84 p)


----- dataset: FIESTAdata_harps_mode3    ----- model: gp_multidimensional           
rot_amp                   -0.9         -6.4          7.4    (15-84 p)
con_amp                    7.0         -9.7          8.0    (15-84 p)

----- dataset:  FIESTAdata_harpsn_mode1
jitter_0                  1.34        -0.10         0.12    (15-84 p)
offset_0                 -0.16        -0.23         0.23    (15-84 p)


----- dataset: FIESTAdata_harpsn_mode1   ----- model: gp_multidimensional           
rot_amp                   -2.3         -3.9          4.1    (15-84 p)
con_amp                   10.1         -2.7          2.9    (15-84 p)

----- dataset:  FIESTAdata_harpsn_mode2
jitter_0                  1.71        -0.13         0.16    (15-84 p)
offset_0                  0.19        -0.23         0.22    (15-84 p)


----- dataset: FIESTAdata_harpsn_mode2   ----- model: gp_multidimensional           
rot_amp                    2.6         -4.5          4.2    (15-84 p)
con_amp                  -10.1         -3.6          3.4    (15-84 p)

----- dataset:  FIESTAdata_harpsn_mode3
jitter_0                  3.71        -0.29         0.31    (15-84 p)
offset_0                  0.34        -0.48         0.49    (15-84 p)


----- dataset: FIESTAdata_harpsn_mode3   ----- model: gp_multidimensional           
rot_amp                    2.0         -7.2          5.7    (15-84 p)
con_amp                  -17.1         -2.0          3.4    (15-84 p)

----- dataset:  FIESTAdata_neid_mode1
jitter_0                 0.889       -0.076        0.081    (15-84 p)
offset_0                  0.01        -0.11         0.12    (15-84 p)


----- dataset: FIESTAdata_neid_mode1     ----- model: gp_multidimensional           
rot_amp                    0.4         -3.1          2.9    (15-84 p)
con_amp                   -2.8         -2.3          2.2    (15-84 p)

----- dataset:  FIESTAdata_neid_mode2
jitter_0                  1.36        -0.11         0.14    (15-84 p)
offset_0                 -0.05        -0.19         0.19    (15-84 p)


----- dataset: FIESTAdata_neid_mode2     ----- model: gp_multidimensional           
rot_amp                   -0.8         -4.2          4.2    (15-84 p)
con_amp                    4.6         -3.3          3.3    (15-84 p)

----- dataset:  FIESTAdata_neid_mode3
jitter_0                  3.32        -0.28         0.31    (15-84 p)
offset_0                  0.01        -0.37         0.36    (15-84 p)


----- dataset: FIESTAdata_neid_mode3     ----- model: gp_multidimensional           
rot_amp                    0.3         -6.4          6.3    (15-84 p)
con_amp                    0.6         -7.7          7.9    (15-84 p)

----- common model:  b
P                         15.0         -9.8           20    (15-84 p)
K                         0.52        -0.51         0.51    (15-84 p)
mean_long                   -1          -52          100    (15-84 p)
e                        0.072       -0.052        0.081    (15-84 p)
omega                       19         -120          117    (15-84 p)

----- common model:  c
P                           15          -11           20    (15-84 p)
K                         0.27        -0.27         0.67    (15-84 p)
mean_long                  347         -107           62    (15-84 p)
e                        0.072       -0.050        0.077    (15-84 p)
omega                     -133         -102          106    (15-84 p)

----- common model:  d
P                         55.2         -1.9          2.1    (15-84 p)
K                         1.62        -0.22         0.22    (15-84 p)
mean_long                  258          -12           12    (15-84 p)
e                        0.116       -0.073        0.075    (15-84 p)
omega                     -141          -53           44    (15-84 p)

----- common model:  activity
Prot                     28.26        -0.22         0.22    (15-84 p)
Pdec                       274         -100          147    (15-84 p)
Oamp                     0.348       -0.037        0.037    (15-84 p)

----- common model:  star_parameters

====================================================================================================
     Statistics on the derived parameters obtained from the posteriors samples     
====================================================================================================

----- common model:  b
Inclination fixed to 90 deg!
Computing planetary mass under the approximation M_planet << M_star (threshold at 30.0 Me)
a_Rs                        26          -13           19    (15-84 p)
M_Mj                    0.0053      -0.0053       0.0079    (15-84 p)
M_Me                       1.7         -1.7          2.5    (15-84 p)
Tc                     59339.5         -3.1          6.3    (15-84 p)
a_AU_(M)                 0.119       -0.061        0.090    (15-84 p)
a_AU_(rho,R)             0.119       -0.061        0.090    (15-84 p)

----- common model:  c
Inclination fixed to 90 deg!
Computing planetary mass under the approximation M_planet << M_star (threshold at 30.0 Me)
a_Rs                        26          -15           20    (15-84 p)
M_Mj                    0.0024      -0.0024        0.010    (15-84 p)
M_Me                      0.77        -0.76          3.2    (15-84 p)
Tc                     59339.5         -3.2          7.0    (15-84 p)
a_AU_(M)                 0.119       -0.069        0.092    (15-84 p)
a_AU_(rho,R)             0.119       -0.069        0.092    (15-84 p)

----- common model:  d
Inclination fixed to 90 deg!
Computing planetary mass under the approximation M_planet << M_star (threshold at 30.0 Me)
a_Rs                      61.0         -1.4          1.5    (15-84 p)
M_Mj                    0.0300      -0.0039       0.0040    (15-84 p)
M_Me                       9.5         -1.2          1.3    (15-84 p)
Tc                     59365.5         -1.8          1.7    (15-84 p)
a_AU_(M)                0.2837      -0.0064       0.0071    (15-84 p)
a_AU_(rho,R)            0.2837      -0.0064       0.0071    (15-84 p)


====================================================================================================
     ------------------------------------------------------------------------------------------     
====================================================================================================



****************************************************************************************************

 Parameters corresponding to the Maximum a Posteriori probability ( -2500.577852092726 )

====================================================================================================
     Statistics on the posterior of the sampler parameters     
====================================================================================================

----- dataset:  RVdata_expres
jitter_0        18      1.555007 [    0.0010,    11.5000]
offset_0        19      8.328954 [-9995.6770, 10013.1550]

----- dataset: RVdata_expres             ----- model: gp_multidimensional           
rot_amp         20      8.274876 [    0.0000,    10.0000]
con_amp         21     -7.265769 [  -20.0000,    20.0000]

----- dataset:  RVdata_harps
jitter_0        22      1.187284 [    0.0010,    13.3000]
offset_0        23      9.151600 [-9995.1415, 10014.3487]
offset_1        24     10.047283 [-9995.1415, 10014.3487]

----- dataset: RVdata_harps              ----- model: gp_multidimensional           
rot_amp         25      2.011551 [    0.0000,    10.0000]
con_amp         26     -4.917080 [  -20.0000,    20.0000]

----- dataset:  RVdata_neid
jitter_0        27      1.352777 [    0.0010,    12.2000]
offset_0        28      9.831104 [-9993.8466, 10013.8014]

----- dataset: RVdata_neid               ----- model: gp_multidimensional           
rot_amp         29      0.698312 [    0.0000,    10.0000]
con_amp         30     -8.493732 [  -20.0000,    20.0000]

----- dataset:  FIESTAdata_expres_mode1
jitter_0        31      0.749810 [    0.0017,    18.8925]
offset_0        32      0.165272 [-10002.1949, 10002.5098]

----- dataset: FIESTAdata_expres_mode1   ----- model: gp_multidimensional           
rot_amp         33     -6.393017 [  -10.0000,    10.0000]
con_amp         34     12.848362 [  -20.0000,    20.0000]

----- dataset:  FIESTAdata_expres_mode2
jitter_0        35      1.027669 [    0.0019,    21.6249]
offset_0        36     -0.136508 [-10003.5675, 10002.6832]

----- dataset: FIESTAdata_expres_mode2   ----- model: gp_multidimensional           
rot_amp         37      3.796108 [  -10.0000,    10.0000]
con_amp         38    -18.378076 [  -20.0000,    20.0000]

----- dataset:  FIESTAdata_expres_mode3
jitter_0        39      4.489746 [    0.0045,    50.1216]
offset_0        40      0.112658 [-10009.3157, 10009.6596]

----- dataset: FIESTAdata_expres_mode3   ----- model: gp_multidimensional           
rot_amp         41      5.734118 [  -10.0000,    10.0000]
con_amp         42     12.882806 [  -20.0000,    20.0000]

----- dataset:  FIESTAdata_harps_mode1
jitter_0        43      0.798500 [    0.0013,    15.1367]
offset_0        44      0.686611 [-10001.7714, 10001.4046]

----- dataset: FIESTAdata_harps_mode1    ----- model: gp_multidimensional           
rot_amp         45     -3.486064 [  -10.0000,    10.0000]
con_amp         46      8.099931 [  -20.0000,    20.0000]

----- dataset:  FIESTAdata_harps_mode2
jitter_0        47      1.329072 [    0.0016,    17.8506]
offset_0        48     -0.897260 [-10002.5532, 10002.9102]

----- dataset: FIESTAdata_harps_mode2    ----- model: gp_multidimensional           
rot_amp         49      9.733992 [  -10.0000,    10.0000]
con_amp         50    -14.766913 [  -20.0000,    20.0000]

----- dataset:  FIESTAdata_harps_mode3
jitter_0        51      3.706304 [    0.0045,    51.1763]
offset_0        52      0.643313 [-10005.3932, 10009.1812]

----- dataset: FIESTAdata_harps_mode3    ----- model: gp_multidimensional           
rot_amp         53     -9.662414 [  -10.0000,    10.0000]
con_amp         54      9.792768 [  -20.0000,    20.0000]

----- dataset:  FIESTAdata_harpsn_mode1
jitter_0        55      1.292257 [    0.0011,    12.1542]
offset_0        56     -0.123970 [-10003.4464, 10004.1108]

----- dataset: FIESTAdata_harpsn_mode1   ----- model: gp_multidimensional           
rot_amp         57     -4.294990 [  -10.0000,    10.0000]
con_amp         58     10.018242 [  -20.0000,    20.0000]

----- dataset:  FIESTAdata_harpsn_mode2
jitter_0        59      1.861220 [    0.0013,    14.0766]
offset_0        60      0.348289 [-10004.6195, 10004.1281]

----- dataset: FIESTAdata_harpsn_mode2   ----- model: gp_multidimensional           
rot_amp         61      9.275169 [  -10.0000,    10.0000]
con_amp         62     -9.434596 [  -20.0000,    20.0000]

----- dataset:  FIESTAdata_harpsn_mode3
jitter_0        63      4.047059 [    0.0035,    39.4234]
offset_0        64      0.240713 [-10010.5859, 10008.0905]

----- dataset: FIESTAdata_harpsn_mode3   ----- model: gp_multidimensional           
rot_amp         65      7.719905 [  -10.0000,    10.0000]
con_amp         66    -10.742676 [  -20.0000,    20.0000]

----- dataset:  FIESTAdata_neid_mode1
jitter_0        67      0.991153 [    0.0016,    19.1169]
offset_0        68     -0.052434 [-10002.3634, 10001.6978]

----- dataset: FIESTAdata_neid_mode1     ----- model: gp_multidimensional           
rot_amp         69      1.290756 [  -10.0000,    10.0000]
con_amp         70     -0.711755 [  -20.0000,    20.0000]

----- dataset:  FIESTAdata_neid_mode2
jitter_0        71      1.513022 [    0.0020,    23.0831]
offset_0        72     -0.137939 [-10002.5311, 10003.2840]

----- dataset: FIESTAdata_neid_mode2     ----- model: gp_multidimensional           
rot_amp         73     -3.070988 [  -10.0000,    10.0000]
con_amp         74      2.364695 [  -20.0000,    20.0000]

----- dataset:  FIESTAdata_neid_mode3
jitter_0        75      3.055827 [    0.0049,    57.7639]
offset_0        76     -0.004764 [-10006.6817, 10007.5353]

----- dataset: FIESTAdata_neid_mode3     ----- model: gp_multidimensional           
rot_amp         77      3.104755 [  -10.0000,    10.0000]
con_amp         78     -2.165875 [  -20.0000,    20.0000]

----- common model:  b
P                0      5.087942 [    0.3785,     6.6439]
K                1     -1.108005 [   -9.9658,     3.3219]
sre_coso         2      0.364841 [   -1.0000,     1.0000]
sre_sino         3      0.079446 [   -1.0000,     1.0000]
mean_long        4     38.834588 [   -6.8211,   353.1789]

----- common model:  c
P                5      3.877491 [    0.3785,     6.6439]
K                6     -0.156714 [   -9.9658,     3.3219]
sre_coso         7     -0.159774 [   -1.0000,     1.0000]
sre_sino         8     -0.280032 [   -1.0000,     1.0000]
mean_long        9    319.049936 [    4.6796,   364.6796]

----- common model:  d
P               10      5.843502 [    0.3785,     6.6439]
K               11      0.803201 [   -9.9658,     3.3219]
sre_coso        12     -0.279233 [   -1.0000,     1.0000]
sre_sino        13     -0.198117 [   -1.0000,     1.0000]
mean_long       14    267.686571 [   79.0182,   439.0182]

----- common model:  activity
Prot            15     28.519458 [   20.0000,    35.0000]
Pdec            16    208.313535 [   30.0000,  1000.0000]
Oamp            17     -1.591508 [   -6.6439,     0.0000]

----- common model:  star_parameters

====================================================================================================
     Statistics on the model parameters obtained from the posteriors samples     
====================================================================================================

----- dataset:  RVdata_expres
jitter_0              1.555007 
offset_0              8.328954 


----- dataset: RVdata_expres             ----- model: gp_multidimensional           
rot_amp               8.274876 
con_amp              -7.265769 

----- dataset:  RVdata_harps
jitter_0              1.187284 
offset_0              9.151600 
offset_1             10.047283 


----- dataset: RVdata_harps              ----- model: gp_multidimensional           
rot_amp               2.011551 
con_amp              -4.917080 

----- dataset:  RVdata_neid
jitter_0              1.352777 
offset_0              9.831104 


----- dataset: RVdata_neid               ----- model: gp_multidimensional           
rot_amp               0.698312 
con_amp              -8.493732 

----- dataset:  FIESTAdata_expres_mode1
jitter_0              0.749810 
offset_0              0.165272 


----- dataset: FIESTAdata_expres_mode1   ----- model: gp_multidimensional           
rot_amp              -6.393017 
con_amp              12.848362 

----- dataset:  FIESTAdata_expres_mode2
jitter_0              1.027669 
offset_0             -0.136508 


----- dataset: FIESTAdata_expres_mode2   ----- model: gp_multidimensional           
rot_amp               3.796108 
con_amp             -18.378076 

----- dataset:  FIESTAdata_expres_mode3
jitter_0              4.489746 
offset_0              0.112658 


----- dataset: FIESTAdata_expres_mode3   ----- model: gp_multidimensional           
rot_amp               5.734118 
con_amp              12.882806 

----- dataset:  FIESTAdata_harps_mode1
jitter_0              0.798500 
offset_0              0.686611 


----- dataset: FIESTAdata_harps_mode1    ----- model: gp_multidimensional           
rot_amp              -3.486064 
con_amp               8.099931 

----- dataset:  FIESTAdata_harps_mode2
jitter_0              1.329072 
offset_0             -0.897260 


----- dataset: FIESTAdata_harps_mode2    ----- model: gp_multidimensional           
rot_amp               9.733992 
con_amp             -14.766913 

----- dataset:  FIESTAdata_harps_mode3
jitter_0              3.706304 
offset_0              0.643313 


----- dataset: FIESTAdata_harps_mode3    ----- model: gp_multidimensional           
rot_amp              -9.662414 
con_amp               9.792768 

----- dataset:  FIESTAdata_harpsn_mode1
jitter_0              1.292257 
offset_0             -0.123970 


----- dataset: FIESTAdata_harpsn_mode1   ----- model: gp_multidimensional           
rot_amp              -4.294990 
con_amp              10.018242 

----- dataset:  FIESTAdata_harpsn_mode2
jitter_0              1.861220 
offset_0              0.348289 


----- dataset: FIESTAdata_harpsn_mode2   ----- model: gp_multidimensional           
rot_amp               9.275169 
con_amp              -9.434596 

----- dataset:  FIESTAdata_harpsn_mode3
jitter_0              4.047059 
offset_0              0.240713 


----- dataset: FIESTAdata_harpsn_mode3   ----- model: gp_multidimensional           
rot_amp               7.719905 
con_amp             -10.742676 

----- dataset:  FIESTAdata_neid_mode1
jitter_0              0.991153 
offset_0             -0.052434 


----- dataset: FIESTAdata_neid_mode1     ----- model: gp_multidimensional           
rot_amp               1.290756 
con_amp              -0.711755 

----- dataset:  FIESTAdata_neid_mode2
jitter_0              1.513022 
offset_0             -0.137939 


----- dataset: FIESTAdata_neid_mode2     ----- model: gp_multidimensional           
rot_amp              -3.070988 
con_amp               2.364695 

----- dataset:  FIESTAdata_neid_mode3
jitter_0              3.055827 
offset_0             -0.004764 


----- dataset: FIESTAdata_neid_mode3     ----- model: gp_multidimensional           
rot_amp               3.104755 
con_amp              -2.165875 

----- common model:  b
P                    34.011297 
K                     0.463935 
mean_long            38.834588 
e                     0.139421 
omega                12.284670 

----- common model:  c
P                    14.697425 
K                     0.897066 
mean_long           319.049936 
e                     0.103945 
omega              -119.707130 

----- common model:  d
P                    57.420824 
K                     1.744968 
mean_long           267.686571 
e                     0.117221 
omega              -144.644160 

----- common model:  activity
Prot                 28.519458 
Pdec                208.313535 
Oamp                  0.331824 

----- common model:  star_parameters

====================================================================================================
     Statistics on the derived parameters obtained from the posteriors samples     
====================================================================================================

----- common model:  b
Inclination fixed to 90 deg!
a_Rs                 44.156918 
M_Mj                  0.007322 
M_Me                  2.327663 
Tc                59338.095860 
a_AU_(M)              0.205440 
a_AU_(rho,R)          0.205439 

----- common model:  c
Inclination fixed to 90 deg!
a_Rs                 25.239273 
M_Mj                  0.010751 
M_Me                  3.417678 
Tc                59340.304630 
a_AU_(M)              0.117426 
a_AU_(rho,R)          0.117425 

----- common model:  d
Inclination fixed to 90 deg!
a_Rs                 62.607911 
M_Mj                  0.032889 
M_Me                 10.455165 
Tc                59365.617262 
a_AU_(M)              0.291285 
a_AU_(rho,R)          0.291281 


====================================================================================================
     ------------------------------------------------------------------------------------------     
====================================================================================================



****************************************************************************************************

 Parameters corresponding to the sample closest to the median values ( -2517.1443982198907 )

====================================================================================================
     Statistics on the posterior of the sampler parameters     
====================================================================================================

----- dataset:  RVdata_expres
jitter_0        18      1.906212 [    0.0010,    11.5000]
offset_0        19      8.572963 [-9995.6770, 10013.1550]

----- dataset: RVdata_expres             ----- model: gp_multidimensional           
rot_amp         20      5.751977 [    0.0000,    10.0000]
con_amp         21     -3.543065 [  -20.0000,    20.0000]

----- dataset:  RVdata_harps
jitter_0        22      1.292163 [    0.0010,    13.3000]
offset_0        23      9.295321 [-9995.1415, 10014.3487]
offset_1        24     10.351224 [-9995.1415, 10014.3487]

----- dataset: RVdata_harps              ----- model: gp_multidimensional           
rot_amp         25      3.139290 [    0.0000,    10.0000]
con_amp         26     -6.458484 [  -20.0000,    20.0000]

----- dataset:  RVdata_neid
jitter_0        27      1.317504 [    0.0010,    12.2000]
offset_0        28      9.797365 [-9993.8466, 10013.8014]

----- dataset: RVdata_neid               ----- model: gp_multidimensional           
rot_amp         29      2.006622 [    0.0000,    10.0000]
con_amp         30     -6.886534 [  -20.0000,    20.0000]

----- dataset:  FIESTAdata_expres_mode1
jitter_0        31      0.702645 [    0.0017,    18.8925]
offset_0        32      0.114737 [-10002.1949, 10002.5098]

----- dataset: FIESTAdata_expres_mode1   ----- model: gp_multidimensional           
rot_amp         33     -4.266654 [  -10.0000,    10.0000]
con_amp         34     13.436881 [  -20.0000,    20.0000]

----- dataset:  FIESTAdata_expres_mode2
jitter_0        35      1.028101 [    0.0019,    21.6249]
offset_0        36     -0.124028 [-10003.5675, 10002.6832]

----- dataset: FIESTAdata_expres_mode2   ----- model: gp_multidimensional           
rot_amp         37      3.451674 [  -10.0000,    10.0000]
con_amp         38    -17.986754 [  -20.0000,    20.0000]

----- dataset:  FIESTAdata_expres_mode3
jitter_0        39      4.000267 [    0.0045,    50.1216]
offset_0        40      0.011073 [-10009.3157, 10009.6596]

----- dataset: FIESTAdata_expres_mode3   ----- model: gp_multidimensional           
rot_amp         41      2.206445 [  -10.0000,    10.0000]
con_amp         42      5.277599 [  -20.0000,    20.0000]

----- dataset:  FIESTAdata_harps_mode1
jitter_0        43      0.783249 [    0.0013,    15.1367]
offset_0        44      0.573874 [-10001.7714, 10001.4046]

----- dataset: FIESTAdata_harps_mode1    ----- model: gp_multidimensional           
rot_amp         45     -5.198975 [  -10.0000,    10.0000]
con_amp         46      8.261844 [  -20.0000,    20.0000]

----- dataset:  FIESTAdata_harps_mode2
jitter_0        47      1.322759 [    0.0016,    17.8506]
offset_0        48     -0.712853 [-10002.5532, 10002.9102]

----- dataset: FIESTAdata_harps_mode2    ----- model: gp_multidimensional           
rot_amp         49     -3.387991 [  -10.0000,    10.0000]
con_amp         50    -12.697834 [  -20.0000,    20.0000]

----- dataset:  FIESTAdata_harps_mode3
jitter_0        51      4.326649 [    0.0045,    51.1763]
offset_0        52      0.190445 [-10005.3932, 10009.1812]

----- dataset: FIESTAdata_harps_mode3    ----- model: gp_multidimensional           
rot_amp         53     -2.333717 [  -10.0000,    10.0000]
con_amp         54      6.724493 [  -20.0000,    20.0000]

----- dataset:  FIESTAdata_harpsn_mode1
jitter_0        55      1.234610 [    0.0011,    12.1542]
offset_0        56     -0.056924 [-10003.4464, 10004.1108]

----- dataset: FIESTAdata_harpsn_mode1   ----- model: gp_multidimensional           
rot_amp         57      1.540237 [  -10.0000,    10.0000]
con_amp         58     11.224692 [  -20.0000,    20.0000]

----- dataset:  FIESTAdata_harpsn_mode2
jitter_0        59      1.674971 [    0.0013,    14.0766]
offset_0        60      0.189045 [-10004.6195, 10004.1281]

----- dataset: FIESTAdata_harpsn_mode2   ----- model: gp_multidimensional           
rot_amp         61      4.292254 [  -10.0000,    10.0000]
con_amp         62     -8.168836 [  -20.0000,    20.0000]

----- dataset:  FIESTAdata_harpsn_mode3
jitter_0        63      4.277707 [    0.0035,    39.4234]
offset_0        64      0.100055 [-10010.5859, 10008.0905]

----- dataset: FIESTAdata_harpsn_mode3   ----- model: gp_multidimensional           
rot_amp         65      3.254504 [  -10.0000,    10.0000]
con_amp         66    -16.036918 [  -20.0000,    20.0000]

----- dataset:  FIESTAdata_neid_mode1
jitter_0        67      0.841165 [    0.0016,    19.1169]
offset_0        68      0.009894 [-10002.3634, 10001.6978]

----- dataset: FIESTAdata_neid_mode1     ----- model: gp_multidimensional           
rot_amp         69     -1.971764 [  -10.0000,    10.0000]
con_amp         70     -3.449248 [  -20.0000,    20.0000]

----- dataset:  FIESTAdata_neid_mode2
jitter_0        71      1.461745 [    0.0020,    23.0831]
offset_0        72      0.282086 [-10002.5311, 10003.2840]

----- dataset: FIESTAdata_neid_mode2     ----- model: gp_multidimensional           
rot_amp         73      3.301258 [  -10.0000,    10.0000]
con_amp         74      4.736530 [  -20.0000,    20.0000]

----- dataset:  FIESTAdata_neid_mode3
jitter_0        75      3.555487 [    0.0049,    57.7639]
offset_0        76      0.220106 [-10006.6817, 10007.5353]

----- dataset: FIESTAdata_neid_mode3     ----- model: gp_multidimensional           
rot_amp         77      2.961673 [  -10.0000,    10.0000]
con_amp         78      0.734563 [  -20.0000,    20.0000]

----- common model:  b
P                0      3.954631 [    0.3785,     6.6439]
K                1     -0.782580 [   -9.9658,     3.3219]
sre_coso         2      0.013332 [   -1.0000,     1.0000]
sre_sino         3      0.063957 [   -1.0000,     1.0000]
mean_long        4     39.177773 [   -6.8211,   353.1789]

----- common model:  c
P                5      3.856347 [    0.3785,     6.6439]
K                6     -1.617405 [   -9.9658,     3.3219]
sre_coso         7     -0.227323 [   -1.0000,     1.0000]
sre_sino         8     -0.042195 [   -1.0000,     1.0000]
mean_long        9    322.680544 [    4.6796,   364.6796]

----- common model:  d
P               10      5.791501 [    0.3785,     6.6439]
K               11      0.730536 [   -9.9658,     3.3219]
sre_coso        12     -0.016900 [   -1.0000,     1.0000]
sre_sino        13     -0.247622 [   -1.0000,     1.0000]
mean_long       14    256.303060 [   79.0182,   439.0182]

----- common model:  activity
Prot            15     28.154978 [   20.0000,    35.0000]
Pdec            16    384.595999 [   30.0000,  1000.0000]
Oamp            17     -1.595632 [   -6.6439,     0.0000]

----- common model:  star_parameters

====================================================================================================
     Statistics on the model parameters obtained from the posteriors samples     
====================================================================================================

----- dataset:  RVdata_expres
jitter_0              1.906212 
offset_0              8.572963 


----- dataset: RVdata_expres             ----- model: gp_multidimensional           
rot_amp               5.751977 
con_amp              -3.543065 

----- dataset:  RVdata_harps
jitter_0              1.292163 
offset_0              9.295321 
offset_1             10.351224 


----- dataset: RVdata_harps              ----- model: gp_multidimensional           
rot_amp               3.139290 
con_amp              -6.458484 

----- dataset:  RVdata_neid
jitter_0              1.317504 
offset_0              9.797365 


----- dataset: RVdata_neid               ----- model: gp_multidimensional           
rot_amp               2.006622 
con_amp              -6.886534 

----- dataset:  FIESTAdata_expres_mode1
jitter_0              0.702645 
offset_0              0.114737 


----- dataset: FIESTAdata_expres_mode1   ----- model: gp_multidimensional           
rot_amp              -4.266654 
con_amp              13.436881 

----- dataset:  FIESTAdata_expres_mode2
jitter_0              1.028101 
offset_0             -0.124028 


----- dataset: FIESTAdata_expres_mode2   ----- model: gp_multidimensional           
rot_amp               3.451674 
con_amp             -17.986754 

----- dataset:  FIESTAdata_expres_mode3
jitter_0              4.000267 
offset_0              0.011073 


----- dataset: FIESTAdata_expres_mode3   ----- model: gp_multidimensional           
rot_amp               2.206445 
con_amp               5.277599 

----- dataset:  FIESTAdata_harps_mode1
jitter_0              0.783249 
offset_0              0.573874 


----- dataset: FIESTAdata_harps_mode1    ----- model: gp_multidimensional           
rot_amp              -5.198975 
con_amp               8.261844 

----- dataset:  FIESTAdata_harps_mode2
jitter_0              1.322759 
offset_0             -0.712853 


----- dataset: FIESTAdata_harps_mode2    ----- model: gp_multidimensional           
rot_amp              -3.387991 
con_amp             -12.697834 

----- dataset:  FIESTAdata_harps_mode3
jitter_0              4.326649 
offset_0              0.190445 


----- dataset: FIESTAdata_harps_mode3    ----- model: gp_multidimensional           
rot_amp              -2.333717 
con_amp               6.724493 

----- dataset:  FIESTAdata_harpsn_mode1
jitter_0              1.234610 
offset_0             -0.056924 


----- dataset: FIESTAdata_harpsn_mode1   ----- model: gp_multidimensional           
rot_amp               1.540237 
con_amp              11.224692 

----- dataset:  FIESTAdata_harpsn_mode2
jitter_0              1.674971 
offset_0              0.189045 


----- dataset: FIESTAdata_harpsn_mode2   ----- model: gp_multidimensional           
rot_amp               4.292254 
con_amp              -8.168836 

----- dataset:  FIESTAdata_harpsn_mode3
jitter_0              4.277707 
offset_0              0.100055 


----- dataset: FIESTAdata_harpsn_mode3   ----- model: gp_multidimensional           
rot_amp               3.254504 
con_amp             -16.036918 

----- dataset:  FIESTAdata_neid_mode1
jitter_0              0.841165 
offset_0              0.009894 


----- dataset: FIESTAdata_neid_mode1     ----- model: gp_multidimensional           
rot_amp              -1.971764 
con_amp              -3.449248 

----- dataset:  FIESTAdata_neid_mode2
jitter_0              1.461745 
offset_0              0.282086 


----- dataset: FIESTAdata_neid_mode2     ----- model: gp_multidimensional           
rot_amp               3.301258 
con_amp               4.736530 

----- dataset:  FIESTAdata_neid_mode3
jitter_0              3.555487 
offset_0              0.220106 


----- dataset: FIESTAdata_neid_mode3     ----- model: gp_multidimensional           
rot_amp               2.961673 
con_amp               0.734563 

----- common model:  b
P                    15.504672 
K                     0.581326 
mean_long            39.177773 
e                     0.004268 
omega                78.225227 

----- common model:  c
P                    14.483583 
K                     0.325921 
mean_long           322.680544 
e                     0.053456 
omega              -169.484567 

----- common model:  d
P                    55.387965 
K                     1.659256 
mean_long           256.303060 
e                     0.061602 
omega               -93.904236 

----- common model:  activity
Prot                 28.154978 
Pdec                384.595999 
Oamp                  0.330877 

----- common model:  star_parameters

====================================================================================================
     Statistics on the derived parameters obtained from the posteriors samples     
====================================================================================================

----- common model:  b
Inclination fixed to 90 deg!
a_Rs                 26.155230 
M_Mj                  0.007131 
M_Me                  2.266843 
Tc                59336.884738 
a_AU_(M)              0.121687 
a_AU_(rho,R)          0.121686 

----- common model:  c
Inclination fixed to 90 deg!
a_Rs                 24.993848 
M_Mj                  0.003903 
M_Me                  1.240604 
Tc                59340.066503 
a_AU_(M)              0.116284 
a_AU_(rho,R)          0.116283 

----- common model:  d
Inclination fixed to 90 deg!
a_Rs                 61.121327 
M_Mj                  0.031055 
M_Me                  9.872281 
Tc                59364.579022 
a_AU_(M)              0.284369 
a_AU_(rho,R)          0.284366 


====================================================================================================
     ------------------------------------------------------------------------------------------     
====================================================================================================



****************************************************************************************************

Inclination fixed to 90 deg!
Inclination fixed to 90 deg!
Inclination fixed to 90 deg!
Note: stellar density derived from stellar mass and radius

Inclination fixed to 90 deg!
Inclination fixed to 90 deg!
Inclination fixed to 90 deg!
Inclination fixed to 90 deg!
Inclination fixed to 90 deg!
Inclination fixed to 90 deg!
 Plot FLAT chain 

****************************************************************************************************

 Skipping full correlation plot due to the high number of parameters
 To avoid this behaviour, set the keyword parameters:force_full_correlation_plot to True

****************************************************************************************************

 Plotting the chains... 

****************************************************************************************************

 Plotting the Gelman-Rubin traces... 

     Gelman-Rubin:    18     1.545417 RVdata_expres_jitter_0 
     Gelman-Rubin:    19     1.705653 RVdata_expres_offset_0 
     Gelman-Rubin:    20     1.635629 RVdata_expres_gp_multidimensional_rot_amp 
     Gelman-Rubin:    21     1.792616 RVdata_expres_gp_multidimensional_con_amp 
     Gelman-Rubin:    22     1.634623 RVdata_harps_jitter_0 
     Gelman-Rubin:    23     1.666251 RVdata_harps_offset_0 
     Gelman-Rubin:    24     1.672828 RVdata_harps_offset_1 
     Gelman-Rubin:    25     1.797500 RVdata_harps_gp_multidimensional_rot_amp 
     Gelman-Rubin:    26     1.828939 RVdata_harps_gp_multidimensional_con_amp 
     Gelman-Rubin:    27     1.563597 RVdata_neid_jitter_0 
     Gelman-Rubin:    28     1.715877 RVdata_neid_offset_0 
     Gelman-Rubin:    29     1.745985 RVdata_neid_gp_multidimensional_rot_amp 
     Gelman-Rubin:    30     1.784730 RVdata_neid_gp_multidimensional_con_amp 
     Gelman-Rubin:    31     1.661420 FIESTAdata_expres_mode1_jitter_0 
     Gelman-Rubin:    32     1.672886 FIESTAdata_expres_mode1_offset_0 
     Gelman-Rubin:    33     1.769078 FIESTAdata_expres_mode1_gp_multidimensional_rot_amp 
     Gelman-Rubin:    34     1.722733 FIESTAdata_expres_mode1_gp_multidimensional_con_amp 
     Gelman-Rubin:    35     1.651313 FIESTAdata_expres_mode2_jitter_0 
     Gelman-Rubin:    36     1.627272 FIESTAdata_expres_mode2_offset_0 
     Gelman-Rubin:    37     1.687002 FIESTAdata_expres_mode2_gp_multidimensional_rot_amp 
     Gelman-Rubin:    38     1.742658 FIESTAdata_expres_mode2_gp_multidimensional_con_amp 
     Gelman-Rubin:    39     1.636081 FIESTAdata_expres_mode3_jitter_0 
     Gelman-Rubin:    40     1.634228 FIESTAdata_expres_mode3_offset_0 
     Gelman-Rubin:    41     1.701113 FIESTAdata_expres_mode3_gp_multidimensional_rot_amp 
     Gelman-Rubin:    42     1.710496 FIESTAdata_expres_mode3_gp_multidimensional_con_amp 
     Gelman-Rubin:    43     1.710436 FIESTAdata_harps_mode1_jitter_0 
     Gelman-Rubin:    44     1.681160 FIESTAdata_harps_mode1_offset_0 
     Gelman-Rubin:    45     1.709315 FIESTAdata_harps_mode1_gp_multidimensional_rot_amp 
     Gelman-Rubin:    46     1.734752 FIESTAdata_harps_mode1_gp_multidimensional_con_amp 
     Gelman-Rubin:    47     1.703341 FIESTAdata_harps_mode2_jitter_0 
     Gelman-Rubin:    48     1.728132 FIESTAdata_harps_mode2_offset_0 
     Gelman-Rubin:    49     1.678236 FIESTAdata_harps_mode2_gp_multidimensional_rot_amp 
     Gelman-Rubin:    50     1.671169 FIESTAdata_harps_mode2_gp_multidimensional_con_amp 
     Gelman-Rubin:    51     1.645068 FIESTAdata_harps_mode3_jitter_0 
     Gelman-Rubin:    52     1.670103 FIESTAdata_harps_mode3_offset_0 
     Gelman-Rubin:    53     1.731259 FIESTAdata_harps_mode3_gp_multidimensional_rot_amp 
     Gelman-Rubin:    54     1.665428 FIESTAdata_harps_mode3_gp_multidimensional_con_amp 
     Gelman-Rubin:    55     1.696321 FIESTAdata_harpsn_mode1_jitter_0 
     Gelman-Rubin:    56     1.620420 FIESTAdata_harpsn_mode1_offset_0 
     Gelman-Rubin:    57     1.731361 FIESTAdata_harpsn_mode1_gp_multidimensional_rot_amp 
     Gelman-Rubin:    58     1.691558 FIESTAdata_harpsn_mode1_gp_multidimensional_con_amp 
     Gelman-Rubin:    59     1.671554 FIESTAdata_harpsn_mode2_jitter_0 
     Gelman-Rubin:    60     1.671403 FIESTAdata_harpsn_mode2_offset_0 
     Gelman-Rubin:    61     1.746156 FIESTAdata_harpsn_mode2_gp_multidimensional_rot_amp 
     Gelman-Rubin:    62     1.620683 FIESTAdata_harpsn_mode2_gp_multidimensional_con_amp 
     Gelman-Rubin:    63     1.696080 FIESTAdata_harpsn_mode3_jitter_0 
     Gelman-Rubin:    64     1.643068 FIESTAdata_harpsn_mode3_offset_0 
     Gelman-Rubin:    65     1.725319 FIESTAdata_harpsn_mode3_gp_multidimensional_rot_amp 
     Gelman-Rubin:    66     1.746057 FIESTAdata_harpsn_mode3_gp_multidimensional_con_amp 
     Gelman-Rubin:    67     1.646908 FIESTAdata_neid_mode1_jitter_0 
     Gelman-Rubin:    68     1.653083 FIESTAdata_neid_mode1_offset_0 
     Gelman-Rubin:    69     1.682963 FIESTAdata_neid_mode1_gp_multidimensional_rot_amp 
     Gelman-Rubin:    70     1.718782 FIESTAdata_neid_mode1_gp_multidimensional_con_amp 
     Gelman-Rubin:    71     1.674313 FIESTAdata_neid_mode2_jitter_0 
     Gelman-Rubin:    72     1.667474 FIESTAdata_neid_mode2_offset_0 
     Gelman-Rubin:    73     1.636787 FIESTAdata_neid_mode2_gp_multidimensional_rot_amp 
     Gelman-Rubin:    74     1.656479 FIESTAdata_neid_mode2_gp_multidimensional_con_amp 
     Gelman-Rubin:    75     1.690239 FIESTAdata_neid_mode3_jitter_0 
     Gelman-Rubin:    76     1.628887 FIESTAdata_neid_mode3_offset_0 
     Gelman-Rubin:    77     1.672666 FIESTAdata_neid_mode3_gp_multidimensional_rot_amp 
     Gelman-Rubin:    78     1.671509 FIESTAdata_neid_mode3_gp_multidimensional_con_amp 
     Gelman-Rubin:     0     2.021264 b_P 
     Gelman-Rubin:     1     1.932170 b_K 
     Gelman-Rubin:     2     1.725146 b_sre_coso 
     Gelman-Rubin:     3     1.730500 b_sre_sino 
     Gelman-Rubin:     4     2.271996 b_mean_long 
     Gelman-Rubin:     5     1.896984 c_P 
     Gelman-Rubin:     6     1.827272 c_K 
     Gelman-Rubin:     7     1.761931 c_sre_coso 
     Gelman-Rubin:     8     1.666812 c_sre_sino 
     Gelman-Rubin:     9     2.147560 c_mean_long 
     Gelman-Rubin:    10     1.719920 d_P 
     Gelman-Rubin:    11     1.715440 d_K 
     Gelman-Rubin:    12     1.807077 d_sre_coso 
     Gelman-Rubin:    13     1.718789 d_sre_sino 
     Gelman-Rubin:    14     1.694017 d_mean_long 
     Gelman-Rubin:    15     1.661122 activity_Prot 
     Gelman-Rubin:    16     1.809552 activity_Pdec 
     Gelman-Rubin:    17     1.749568 activity_Oamp 

****************************************************************************************************

Plotting the common models corner plots
     Common model:  b
     Common model:  c
     Common model:  d
     Common model:  activity
     Common model:  star_parameters

****************************************************************************************************

Plotting the dataset + models corner plots 

     Dataset:  RVdata_expres     model:  gp_multidimensional  corner plot  starting 
     Dataset:  RVdata_expres     model:  gp_multidimensional  corner plot  done 
     Dataset:  RVdata_expres     model:  radial_velocities_b  corner plot  starting 
     Dataset:  RVdata_expres     model:  radial_velocities_b  corner plot  done 
     Dataset:  RVdata_expres     model:  radial_velocities_c  corner plot  starting 
     Dataset:  RVdata_expres     model:  radial_velocities_c  corner plot  done 
     Dataset:  RVdata_expres     model:  radial_velocities_d  corner plot  starting 
     Dataset:  RVdata_expres     model:  radial_velocities_d  corner plot  done 
     Dataset:  RVdata_harps     model:  gp_multidimensional  corner plot  starting 
     Dataset:  RVdata_harps     model:  gp_multidimensional  corner plot  done 
     Dataset:  RVdata_harps     model:  radial_velocities_b  corner plot  starting 
     Dataset:  RVdata_harps     model:  radial_velocities_b  corner plot  done 
     Dataset:  RVdata_harps     model:  radial_velocities_c  corner plot  starting 
     Dataset:  RVdata_harps     model:  radial_velocities_c  corner plot  done 
     Dataset:  RVdata_harps     model:  radial_velocities_d  corner plot  starting 
     Dataset:  RVdata_harps     model:  radial_velocities_d  corner plot  done 
     Dataset:  RVdata_neid     model:  gp_multidimensional  corner plot  starting 
     Dataset:  RVdata_neid     model:  gp_multidimensional  corner plot  done 
     Dataset:  RVdata_neid     model:  radial_velocities_b  corner plot  starting 
     Dataset:  RVdata_neid     model:  radial_velocities_b  corner plot  done 
     Dataset:  RVdata_neid     model:  radial_velocities_c  corner plot  starting 
     Dataset:  RVdata_neid     model:  radial_velocities_c  corner plot  done 
     Dataset:  RVdata_neid     model:  radial_velocities_d  corner plot  starting 
     Dataset:  RVdata_neid     model:  radial_velocities_d  corner plot  done 
     Dataset:  FIESTAdata_expres_mode1     model:  gp_multidimensional  corner plot  starting 
     Dataset:  FIESTAdata_expres_mode1     model:  gp_multidimensional  corner plot  done 
     Dataset:  FIESTAdata_expres_mode2     model:  gp_multidimensional  corner plot  starting 
     Dataset:  FIESTAdata_expres_mode2     model:  gp_multidimensional  corner plot  done 
     Dataset:  FIESTAdata_expres_mode3     model:  gp_multidimensional  corner plot  starting 
     Dataset:  FIESTAdata_expres_mode3     model:  gp_multidimensional  corner plot  done 
     Dataset:  FIESTAdata_harps_mode1     model:  gp_multidimensional  corner plot  starting 
     Dataset:  FIESTAdata_harps_mode1     model:  gp_multidimensional  corner plot  done 
     Dataset:  FIESTAdata_harps_mode2     model:  gp_multidimensional  corner plot  starting 
     Dataset:  FIESTAdata_harps_mode2     model:  gp_multidimensional  corner plot  done 
     Dataset:  FIESTAdata_harps_mode3     model:  gp_multidimensional  corner plot  starting 
     Dataset:  FIESTAdata_harps_mode3     model:  gp_multidimensional  corner plot  done 
     Dataset:  FIESTAdata_harpsn_mode1     model:  gp_multidimensional  corner plot  starting 
     Dataset:  FIESTAdata_harpsn_mode1     model:  gp_multidimensional  corner plot  done 
     Dataset:  FIESTAdata_harpsn_mode2     model:  gp_multidimensional  corner plot  starting 
     Dataset:  FIESTAdata_harpsn_mode2     model:  gp_multidimensional  corner plot  done 
     Dataset:  FIESTAdata_harpsn_mode3     model:  gp_multidimensional  corner plot  starting 
     Dataset:  FIESTAdata_harpsn_mode3     model:  gp_multidimensional  corner plot  done 
     Dataset:  FIESTAdata_neid_mode1     model:  gp_multidimensional  corner plot  starting 
     Dataset:  FIESTAdata_neid_mode1     model:  gp_multidimensional  corner plot  done 
     Dataset:  FIESTAdata_neid_mode2     model:  gp_multidimensional  corner plot  starting 
     Dataset:  FIESTAdata_neid_mode2     model:  gp_multidimensional  corner plot  done 
     Dataset:  FIESTAdata_neid_mode3     model:  gp_multidimensional  corner plot  starting 
     Dataset:  FIESTAdata_neid_mode3     model:  gp_multidimensional  corner plot  done 

****************************************************************************************************

 Saving the planet parameter samplings to files (with plots)

****************************************************************************************************

 Saving all the parameter samplings to files (with plots)

****************************************************************************************************

 Computing the models for plot/data writing 
     Splitting the plot array to allow GP prediction of extended datasets, it may take a while...
     # 21 chunks of 75 times each
     Check the documentation if the code is taking too long or if it crashes...
     Splitting the plot array to allow GP prediction of extended datasets, it may take a while...
     # 21 chunks of 75 times each
     Check the documentation if the code is taking too long or if it crashes...
     Splitting the plot array to allow GP prediction of extended datasets, it may take a while...
     # 21 chunks of 75 times each
     Check the documentation if the code is taking too long or if it crashes...
     Splitting the plot array to allow GP prediction of extended datasets, it may take a while...
     # 17 chunks of 75 times each
     Check the documentation if the code is taking too long or if it crashes...
     Splitting the plot array to allow GP prediction of extended datasets, it may take a while...
     # 17 chunks of 75 times each
     Check the documentation if the code is taking too long or if it crashes...
     Splitting the plot array to allow GP prediction of extended datasets, it may take a while...
     # 17 chunks of 75 times each
     Check the documentation if the code is taking too long or if it crashes...
     Splitting the plot array to allow GP prediction of extended datasets, it may take a while...
     # 4 chunks of 75 times each
     Check the documentation if the code is taking too long or if it crashes...
     Splitting the plot array to allow GP prediction of extended datasets, it may take a while...
     # 4 chunks of 75 times each
     Check the documentation if the code is taking too long or if it crashes...
     Splitting the plot array to allow GP prediction of extended datasets, it may take a while...
     # 4 chunks of 75 times each
     Check the documentation if the code is taking too long or if it crashes...
     Splitting the plot array to allow GP prediction of extended datasets, it may take a while...
     # 14 chunks of 75 times each
     Check the documentation if the code is taking too long or if it crashes...
     Splitting the plot array to allow GP prediction of extended datasets, it may take a while...
     # 14 chunks of 75 times each
     Check the documentation if the code is taking too long or if it crashes...
     Splitting the plot array to allow GP prediction of extended datasets, it may take a while...
     # 14 chunks of 75 times each
     Check the documentation if the code is taking too long or if it crashes...
     Splitting the plot array to allow GP prediction of extended datasets, it may take a while...
     # 13 chunks of 75 times each
     Check the documentation if the code is taking too long or if it crashes...
     Splitting the plot array to allow GP prediction of extended datasets, it may take a while...
     # 13 chunks of 75 times each
     Check the documentation if the code is taking too long or if it crashes...
     Splitting the plot array to allow GP prediction of extended datasets, it may take a while...
     # 13 chunks of 75 times each
     Check the documentation if the code is taking too long or if it crashes...
     Splitting the plot array to allow GP prediction of extended datasets, it may take a while...
     # 21 chunks of 75 times each
     Check the documentation if the code is taking too long or if it crashes...
     Splitting the plot array to allow GP prediction of extended datasets, it may take a while...
     # 21 chunks of 75 times each
     Check the documentation if the code is taking too long or if it crashes...
     Splitting the plot array to allow GP prediction of extended datasets, it may take a while...
     # 21 chunks of 75 times each
     Check the documentation if the code is taking too long or if it crashes...
     Splitting the plot array to allow GP prediction of extended datasets, it may take a while...
     # 17 chunks of 75 times each
     Check the documentation if the code is taking too long or if it crashes...
     Splitting the plot array to allow GP prediction of extended datasets, it may take a while...
     # 17 chunks of 75 times each
     Check the documentation if the code is taking too long or if it crashes...
     Splitting the plot array to allow GP prediction of extended datasets, it may take a while...
     # 17 chunks of 75 times each
     Check the documentation if the code is taking too long or if it crashes...
     Splitting the plot array to allow GP prediction of extended datasets, it may take a while...
     # 4 chunks of 75 times each
     Check the documentation if the code is taking too long or if it crashes...
     Splitting the plot array to allow GP prediction of extended datasets, it may take a while...
     # 4 chunks of 75 times each
     Check the documentation if the code is taking too long or if it crashes...
     Splitting the plot array to allow GP prediction of extended datasets, it may take a while...
     # 4 chunks of 75 times each
     Check the documentation if the code is taking too long or if it crashes...
     Splitting the plot array to allow GP prediction of extended datasets, it may take a while...
     # 14 chunks of 75 times each
     Check the documentation if the code is taking too long or if it crashes...
     Splitting the plot array to allow GP prediction of extended datasets, it may take a while...
     # 14 chunks of 75 times each
     Check the documentation if the code is taking too long or if it crashes...
     Splitting the plot array to allow GP prediction of extended datasets, it may take a while...
     # 14 chunks of 75 times each
     Check the documentation if the code is taking too long or if it crashes...
     Splitting the plot array to allow GP prediction of extended datasets, it may take a while...
     # 13 chunks of 75 times each
     Check the documentation if the code is taking too long or if it crashes...
     Splitting the plot array to allow GP prediction of extended datasets, it may take a while...
     # 13 chunks of 75 times each
     Check the documentation if the code is taking too long or if it crashes...
     Splitting the plot array to allow GP prediction of extended datasets, it may take a while...
     # 13 chunks of 75 times each
     Check the documentation if the code is taking too long or if it crashes...
     Splitting the plot array to allow GP prediction of extended datasets, it may take a while...
     # 21 chunks of 75 times each
     Check the documentation if the code is taking too long or if it crashes...
     Splitting the plot array to allow GP prediction of extended datasets, it may take a while...
     # 21 chunks of 75 times each
     Check the documentation if the code is taking too long or if it crashes...
     Splitting the plot array to allow GP prediction of extended datasets, it may take a while...
     # 21 chunks of 75 times each
     Check the documentation if the code is taking too long or if it crashes...
     Splitting the plot array to allow GP prediction of extended datasets, it may take a while...
     # 17 chunks of 75 times each
     Check the documentation if the code is taking too long or if it crashes...
     Splitting the plot array to allow GP prediction of extended datasets, it may take a while...
     # 17 chunks of 75 times each
     Check the documentation if the code is taking too long or if it crashes...
     Splitting the plot array to allow GP prediction of extended datasets, it may take a while...
     # 17 chunks of 75 times each
     Check the documentation if the code is taking too long or if it crashes...
     Splitting the plot array to allow GP prediction of extended datasets, it may take a while...
     # 4 chunks of 75 times each
     Check the documentation if the code is taking too long or if it crashes...
     Splitting the plot array to allow GP prediction of extended datasets, it may take a while...
     # 4 chunks of 75 times each
     Check the documentation if the code is taking too long or if it crashes...
     Splitting the plot array to allow GP prediction of extended datasets, it may take a while...
     # 4 chunks of 75 times each
     Check the documentation if the code is taking too long or if it crashes...
     Splitting the plot array to allow GP prediction of extended datasets, it may take a while...
     # 14 chunks of 75 times each
     Check the documentation if the code is taking too long or if it crashes...
     Splitting the plot array to allow GP prediction of extended datasets, it may take a while...
     # 14 chunks of 75 times each
     Check the documentation if the code is taking too long or if it crashes...
     Splitting the plot array to allow GP prediction of extended datasets, it may take a while...
     # 14 chunks of 75 times each
     Check the documentation if the code is taking too long or if it crashes...
     Splitting the plot array to allow GP prediction of extended datasets, it may take a while...
     # 13 chunks of 75 times each
     Check the documentation if the code is taking too long or if it crashes...
     Splitting the plot array to allow GP prediction of extended datasets, it may take a while...
     # 13 chunks of 75 times each
     Check the documentation if the code is taking too long or if it crashes...
     Splitting the plot array to allow GP prediction of extended datasets, it may take a while...
     # 13 chunks of 75 times each
     Check the documentation if the code is taking too long or if it crashes...
 Writing the plots 
 Writing the   data files 
 Writing the  MAP_ data files 
 Writing the  sampleMED_ data files 

****************************************************************************************************

