
:::---::: PyORBIT v11.0.1 :::---:::

Python version in use:
3.10.18 (main, Jun  5 2025, 13:14:17) [GCC 11.2.0]

reloaded_optimize:  False
reloaded_pyde:  False
reloaded_emcee:  False

number of multiprocessing threads: 16
multiprocessing method (should be fork):  fork

parameters/safe_reload flag (must be True for tinygp):  False

Opening:  RVdata_expres
Opening:  RVdata_harps
Opening:  RVdata_neid
Opening:  FWHMdata_expres
Opening:  FWHMdata_harps
Opening:  FWHMdata_neid
Opening:  Contrastdata_expres
Opening:  Contrastdata_harps
Opening:  Contrastdata_neid

Adding common model of planet:  b
Using orbital model:  keplerian
Using orbital parametrization:  Eastman2013

gp_multidimensional  S+LEAF model, number of harmonics: 4

GP model: gp_multidimensional  hyperparameters_condition:    True
GP model: gp_multidimensional  rotation_decay_condition:     True

====================================================================================================
     Ids, spaces (s), boundaries (b) and priors (p) of the sampler parameters     
====================================================================================================

----- dataset:  RVdata_expres
jitter_0      id:   8  s:Linear      b:[      0.0010,      11.5000]   p:Uniform   []
offset_0      id:   9  s:Linear      b:[ -10006.2420,   10010.4100]   p:Uniform   []

----- dataset: RVdata_expres             ----- model: gp_multidimensional           
rot_amp       id:  10  s:Linear      b:[      0.0000,      10.0000]   p:Uniform   []
con_amp       id:  11  s:Linear      b:[    -20.0000,      20.0000]   p:Uniform   []

----- dataset:  RVdata_harps
jitter_0      id:  12  s:Linear      b:[      0.0009,      13.3000]   p:Uniform   []
offset_0      id:  13  s:Linear      b:[ -10005.4343,   10010.2475]   p:Uniform   []
offset_1      id:  14  s:Linear      b:[ -10005.4343,   10010.2475]   p:Uniform   []

----- dataset: RVdata_harps              ----- model: gp_multidimensional           
rot_amp       id:  15  s:Linear      b:[      0.0000,      10.0000]   p:Uniform   []
con_amp       id:  16  s:Linear      b:[    -20.0000,      20.0000]   p:Uniform   []

----- dataset:  RVdata_neid
jitter_0      id:  17  s:Linear      b:[      0.0010,      12.2000]   p:Uniform   []
offset_0      id:  18  s:Linear      b:[ -10005.9046,   10009.8774]   p:Uniform   []

----- dataset: RVdata_neid               ----- model: gp_multidimensional           
rot_amp       id:  19  s:Linear      b:[      0.0000,      10.0000]   p:Uniform   []
con_amp       id:  20  s:Linear      b:[    -20.0000,      20.0000]   p:Uniform   []

----- dataset:  FWHMdata_expres
jitter_0      id:  21  s:Linear      b:[      0.0500,     500.0000]   p:Uniform   []
offset_0      id:  22  s:Linear      b:[  -3233.0765,   16789.6022]   p:Uniform   []

----- dataset: FWHMdata_expres           ----- model: gp_multidimensional           
rot_amp       id:  23  s:Linear      b:[    -10.0000,      10.0000]   p:Uniform   []
con_amp       id:  24  s:Linear      b:[    -20.0000,      20.0000]   p:Uniform   []

----- dataset:  FWHMdata_harps
jitter_0      id:  25  s:Linear      b:[      0.0500,     500.0000]   p:Uniform   []
offset_0      id:  26  s:Linear      b:[  -3088.5511,   17176.1921]   p:Uniform   []
offset_1      id:  27  s:Linear      b:[  -3088.5511,   17176.1921]   p:Uniform   []

----- dataset: FWHMdata_harps            ----- model: gp_multidimensional           
rot_amp       id:  28  s:Linear      b:[    -10.0000,      10.0000]   p:Uniform   []
con_amp       id:  29  s:Linear      b:[    -20.0000,      20.0000]   p:Uniform   []

----- dataset:  FWHMdata_neid
jitter_0      id:  30  s:Linear      b:[      0.0500,     500.0000]   p:Uniform   []
offset_0      id:  31  s:Linear      b:[  -3049.2667,   16964.4316]   p:Uniform   []

----- dataset: FWHMdata_neid             ----- model: gp_multidimensional           
rot_amp       id:  32  s:Linear      b:[    -10.0000,      10.0000]   p:Uniform   []
con_amp       id:  33  s:Linear      b:[    -20.0000,      20.0000]   p:Uniform   []

----- dataset:  Contrastdata_expres
jitter_0      id:  34  s:Linear      b:[      1.3000,   13000.0000]   p:Uniform   []
offset_0      id:  35  s:Linear      b:[-359831.0100, -338852.3247]   p:Uniform   []

----- dataset: Contrastdata_expres       ----- model: gp_multidimensional           
rot_amp       id:  36  s:Linear      b:[    -10.0000,      10.0000]   p:Uniform   []
con_amp       id:  37  s:Linear      b:[    -20.0000,      20.0000]   p:Uniform   []

----- dataset:  Contrastdata_harps
jitter_0      id:  38  s:Linear      b:[      1.3000,   13000.0000]   p:Uniform   []
offset_0      id:  39  s:Linear      b:[-464256.3172, -409348.3188]   p:Uniform   []
offset_1      id:  40  s:Linear      b:[-464256.3172, -409348.3188]   p:Uniform   []

----- dataset: Contrastdata_harps        ----- model: gp_multidimensional           
rot_amp       id:  41  s:Linear      b:[    -10.0000,      10.0000]   p:Uniform   []
con_amp       id:  42  s:Linear      b:[    -20.0000,      20.0000]   p:Uniform   []

----- dataset:  Contrastdata_neid
jitter_0      id:  43  s:Linear      b:[      1.3000,   13000.0000]   p:Uniform   []
offset_0      id:  44  s:Linear      b:[-369967.1260, -349330.7806]   p:Uniform   []

----- dataset: Contrastdata_neid         ----- model: gp_multidimensional           
rot_amp       id:  45  s:Linear      b:[    -10.0000,      10.0000]   p:Uniform   []
con_amp       id:  46  s:Linear      b:[    -20.0000,      20.0000]   p:Uniform   []

----- common model:  b
P             id:   0  s:Log_Base2   b:[      0.3785,       6.6439]   p:Uniform   []
K             id:   1  s:Log_Base2   b:[     -9.9658,       3.3219]   p:Uniform   []
sre_coso      id:   2  s:Linear      b:[     -1.0000,       1.0000]   p:Uniform   []
sre_sino      id:   3  s:Linear      b:[     -1.0000,       1.0000]   p:Uniform   []
mean_long     id:   4  s:Linear      b:[      0.0000,     360.0000]   p:Uniform   []
e             derived (no id, space, bound)                           p:Gaussian   [0.    0.098]
omega         derived (no id, space, bound)                           p:Uniform   [0.0, 360.0]

----- common model:  activity
Prot          id:   5  s:Linear      b:[     20.0000,      35.0000]   p:Gaussian   [28.   0.5]
Pdec          id:   6  s:Linear      b:[     30.0000,    1000.0000]   p:Uniform   []
Oamp          id:   7  s:Log_Base2   b:[     -6.6439,       0.0000]   p:Gaussian   [0.35  0.035]

----- common model:  star_parameters
mass          derived (no id, space, bound)                           p:Gaussian   [1.e+00 1.e-06]
radius        derived (no id, space, bound)                           p:Gaussian   [1.e+00 1.e-06]
density       derived (no id, space, bound)                           p:Gaussian   [1.e+00 1.e-06]

Include priors:  True

Reference Time Tref:  59334.700184

Dimensions =  47
Nwalkers =  188

Using threading pool for PyDE: True
PyDE running
Boundaries redefined after PyDE output
PyDE completed, it took        290.7 seconds

====================================================================================================
     Starting point of the sample/optimization routines    
====================================================================================================

----- dataset:  RVdata_expres
jitter_0         8      0.917334 [    0.0010,    11.5000]
offset_0         9      1.968169 [-10006.2420, 10010.4100]

----- dataset: RVdata_expres             ----- model: gp_multidimensional           
rot_amp         10      5.836859 [    0.0000,    10.0000]
con_amp         11      3.779094 [  -20.0000,    20.0000]

----- dataset:  RVdata_harps
jitter_0        12      1.234125 [    0.0009,    13.3000]
offset_0        13      2.282561 [-10005.4343, 10010.2475]
offset_1        14      3.062291 [-10005.4343, 10010.2475]

----- dataset: RVdata_harps              ----- model: gp_multidimensional           
rot_amp         15      3.833195 [    0.0000,    10.0000]
con_amp         16      2.924167 [  -20.0000,    20.0000]

----- dataset:  RVdata_neid
jitter_0        17      1.220939 [    0.0010,    12.2000]
offset_0        18      2.848312 [-10005.9046, 10009.8774]

----- dataset: RVdata_neid               ----- model: gp_multidimensional           
rot_amp         19      4.947083 [    0.0000,    10.0000]
con_amp         20      3.275198 [  -20.0000,    20.0000]

----- dataset:  FWHMdata_expres
jitter_0        21      0.061251 [    0.0500,   500.0000]
offset_0        22   6776.226628 [-3233.0765, 16789.6022]

----- dataset: FWHMdata_expres           ----- model: gp_multidimensional           
rot_amp         23     -1.799411 [  -10.0000,    10.0000]
con_amp         24     -1.938678 [  -20.0000,    20.0000]

----- dataset:  FWHMdata_harps
jitter_0        25      0.053179 [    0.0500,   500.0000]
offset_0        26   6917.464628 [-3088.5511, 17176.1921]
offset_1        27   7171.844188 [-3088.5511, 17176.1921]

----- dataset: FWHMdata_harps            ----- model: gp_multidimensional           
rot_amp         28      2.591342 [  -10.0000,    10.0000]
con_amp         29      0.138996 [  -20.0000,    20.0000]

----- dataset:  FWHMdata_neid
jitter_0        30      0.054832 [    0.0500,   500.0000]
offset_0        31   6957.194785 [-3049.2667, 16964.4316]

----- dataset: FWHMdata_neid             ----- model: gp_multidimensional           
rot_amp         32     -1.599256 [  -10.0000,    10.0000]
con_amp         33     -0.043246 [  -20.0000,    20.0000]

----- dataset:  Contrastdata_expres
jitter_0        34    171.448036 [    1.3000, 13000.0000]
offset_0        35  -349492.605587 [-359831.0100, -338852.3247]

----- dataset: Contrastdata_expres       ----- model: gp_multidimensional           
rot_amp         36      9.956125 [  -10.0000,    10.0000]
con_amp         37    -19.996906 [  -20.0000,    20.0000]

----- dataset:  Contrastdata_harps
jitter_0        38    111.658738 [    1.3000, 13000.0000]
offset_0        39  -453771.619729 [-464256.3172, -409348.3188]
offset_1        40  -419694.421421 [-464256.3172, -409348.3188]

----- dataset: Contrastdata_harps        ----- model: gp_multidimensional           
rot_amp         41     -9.972481 [  -10.0000,    10.0000]
con_amp         42     19.995443 [  -20.0000,    20.0000]

----- dataset:  Contrastdata_neid
jitter_0        43     37.412624 [    1.3000, 13000.0000]
offset_0        44  -359598.911154 [-369967.1260, -349330.7806]

----- dataset: Contrastdata_neid         ----- model: gp_multidimensional           
rot_amp         45      9.978677 [  -10.0000,    10.0000]
con_amp         46     -5.627709 [  -20.0000,    20.0000]

----- common model:  b
P                0      5.156150 [    0.3785,     6.6439]
K                1      1.828327 [   -9.9658,     3.3219]
sre_coso         2      0.235436 [   -1.0000,     1.0000]
sre_sino         3      0.129694 [   -1.0000,     1.0000]
mean_long        4    248.401428 [   68.4014,   428.4014]

----- common model:  activity
Prot             5     28.238796 [   20.0000,    35.0000]
Pdec             6     30.003006 [   30.0000,  1000.0000]
Oamp             7     -1.390679 [   -6.6439,     0.0000]

----- common model:  star_parameters

====================================================================================================
     Starting point projected onto the model parameter space     
====================================================================================================

----- dataset:  RVdata_expres
jitter_0              0.917334 
offset_0              1.968169 


----- dataset: RVdata_expres             ----- model: gp_multidimensional           
rot_amp               5.836859 
con_amp               3.779094 

----- dataset:  RVdata_harps
jitter_0              1.234125 
offset_0              2.282561 
offset_1              3.062291 


----- dataset: RVdata_harps              ----- model: gp_multidimensional           
rot_amp               3.833195 
con_amp               2.924167 

----- dataset:  RVdata_neid
jitter_0              1.220939 
offset_0              2.848312 


----- dataset: RVdata_neid               ----- model: gp_multidimensional           
rot_amp               4.947083 
con_amp               3.275198 

----- dataset:  FWHMdata_expres
jitter_0              0.061251 
offset_0           6776.226628 


----- dataset: FWHMdata_expres           ----- model: gp_multidimensional           
rot_amp              -1.799411 
con_amp              -1.938678 

----- dataset:  FWHMdata_harps
jitter_0              0.053179 
offset_0           6917.464628 
offset_1           7171.844188 


----- dataset: FWHMdata_harps            ----- model: gp_multidimensional           
rot_amp               2.591342 
con_amp               0.138996 

----- dataset:  FWHMdata_neid
jitter_0              0.054832 
offset_0           6957.194785 


----- dataset: FWHMdata_neid             ----- model: gp_multidimensional           
rot_amp              -1.599256 
con_amp              -0.043246 

----- dataset:  Contrastdata_expres
jitter_0            171.448036 
offset_0        -349492.605587 


----- dataset: Contrastdata_expres       ----- model: gp_multidimensional           
rot_amp               9.956125 
con_amp             -19.996906 

----- dataset:  Contrastdata_harps
jitter_0            111.658738 
offset_0        -453771.619729 
offset_1        -419694.421421 


----- dataset: Contrastdata_harps        ----- model: gp_multidimensional           
rot_amp              -9.972481 
con_amp              19.995443 

----- dataset:  Contrastdata_neid
jitter_0             37.412624 
offset_0        -359598.911154 


----- dataset: Contrastdata_neid         ----- model: gp_multidimensional           
rot_amp               9.978677 
con_amp              -5.627709 

----- common model:  b
P                    35.657916 
K                     3.551251 
mean_long           248.401428 
e                     0.072251 
omega                28.848970 

----- common model:  activity
Prot                 28.238796 
Pdec                 30.003006 
Oamp                  0.381385 

----- common model:  star_parameters

====================================================================================================
     Derived parameters obtained from starting point     
====================================================================================================

----- common model:  b
Inclination fixed to 90 deg!
a_Rs                 45.570857 
M_Mj                  0.057352 
M_Me                 18.231759 
Tc                59353.969004 
a_AU_(M)              0.212021 
a_AU_(rho,R)          0.212017 


====================================================================================================
     Statistics on the log-likelihood     
====================================================================================================

 LN probability: -3803.848568 

====================================================================================================
     ------------------------------------------------------------------------------------------     
====================================================================================================



*************************************************************

Running emcee

emcee version:  3.1.6
Using threading pool for emcee: True

Saving temporary steps


Computing the autocorrelation time of the chains

***** WARNING ******
The integrated autocorrelation time cannot be reliably estimated
likely the chains are too short, and ACF analysis is not fully reliable
emcee.autocorr.integrated_time tolerance lowered to 20
If you still get a warning, you should drop these results entirely
Chains too short to apply convergence criteria
They should be at least 550*nthin = 82500

====================================================================================================
     Statistics on the posterior of the sampler parameters     
====================================================================================================

----- dataset:  RVdata_expres
jitter_0         8         0.941       -0.073        0.083   (15-84 p)   [    0.0010,    11.5000]
offset_0         9           2.3         -2.7          2.7   (15-84 p)   [-10006.2420, 10010.4100]

----- dataset: RVdata_expres             ----- model: gp_multidimensional           
rot_amp         10           4.8         -2.8          2.8   (15-84 p)   [    0.0000,    10.0000]
con_amp         11           6.1         -1.2          1.5   (15-84 p)   [  -20.0000,    20.0000]

----- dataset:  RVdata_harps
jitter_0        12         1.274       -0.094         0.11   (15-84 p)   [    0.0009,    13.3000]
offset_0        13           2.5         -2.0          2.1   (15-84 p)   [-10005.4343, 10010.2475]
offset_1        14           3.3         -2.1          2.1   (15-84 p)   [-10005.4343, 10010.2475]

----- dataset: RVdata_harps              ----- model: gp_multidimensional           
rot_amp         15           3.0         -1.9          2.4   (15-84 p)   [    0.0000,    10.0000]
con_amp         16          4.67        -0.94          1.2   (15-84 p)   [  -20.0000,    20.0000]

----- dataset:  RVdata_neid
jitter_0        17         1.241       -0.098         0.11   (15-84 p)   [    0.0010,    12.2000]
offset_0        18           3.2         -2.3          2.3   (15-84 p)   [-10005.9046, 10009.8774]

----- dataset: RVdata_neid               ----- model: gp_multidimensional           
rot_amp         19           5.2         -2.2          2.2   (15-84 p)   [    0.0000,    10.0000]
con_amp         20           5.3         -1.1          1.3   (15-84 p)   [  -20.0000,    20.0000]

----- dataset:  FWHMdata_expres
jitter_0        21          0.78        -0.51         0.72   (15-84 p)   [    0.0500,   500.0000]
offset_0        22        6776.2         -1.5          1.5   (15-84 p)   [-3233.0765, 16789.6022]

----- dataset: FWHMdata_expres           ----- model: gp_multidimensional           
rot_amp         23          -1.8         -4.4          4.6   (15-84 p)   [  -10.0000,    10.0000]
con_amp         24         -3.27         -1.1         0.93   (15-84 p)   [  -20.0000,    20.0000]

----- dataset:  FWHMdata_harps
jitter_0        25          0.39        -0.24         0.40   (15-84 p)   [    0.0500,   500.0000]
offset_0        26       6917.33        -0.70         0.71   (15-84 p)   [-3088.5511, 17176.1921]
offset_1        27        7171.5         -1.1          1.2   (15-84 p)   [-3088.5511, 17176.1921]

----- dataset: FWHMdata_harps            ----- model: gp_multidimensional           
rot_amp         28          -0.1         -4.7          4.7   (15-84 p)   [  -10.0000,    10.0000]
con_amp         29          0.23        -0.64         0.69   (15-84 p)   [  -20.0000,    20.0000]

----- dataset:  FWHMdata_neid
jitter_0        30          0.50        -0.32         0.50   (15-84 p)   [    0.0500,   500.0000]
offset_0        31       6957.11        -0.65         0.63   (15-84 p)   [-3049.2667, 16964.4316]

----- dataset: FWHMdata_neid             ----- model: gp_multidimensional           
rot_amp         32          -2.6         -3.9          3.9   (15-84 p)   [  -10.0000,    10.0000]
con_amp         33         -0.12        -0.64         0.71   (15-84 p)   [  -20.0000,    20.0000]

----- dataset:  Contrastdata_expres
jitter_0        34           179          -18           20   (15-84 p)   [    1.3000, 13000.0000]
offset_0        35       -349489          -24           24   (15-84 p)   [-359831.0100, -338852.3247]

----- dataset: Contrastdata_expres       ----- model: gp_multidimensional           
rot_amp         36           1.7         -7.6          6.0   (15-84 p)   [  -10.0000,    10.0000]
con_amp         37        -19.24        -0.56          1.3   (15-84 p)   [  -20.0000,    20.0000]

----- dataset:  Contrastdata_harps
jitter_0        38           119          -19           19   (15-84 p)   [    1.3000, 13000.0000]
offset_0        39       -453774          -20           20   (15-84 p)   [-464256.3172, -409348.3188]
offset_1        40       -419702          -34           35   (15-84 p)   [-464256.3172, -409348.3188]

----- dataset: Contrastdata_harps        ----- model: gp_multidimensional           
rot_amp         41          -2.0         -5.5          7.4   (15-84 p)   [  -10.0000,    10.0000]
con_amp         42         19.05         -1.7         0.69   (15-84 p)   [  -20.0000,    20.0000]

----- dataset:  Contrastdata_neid
jitter_0        43            43          -26           26   (15-84 p)   [    1.3000, 13000.0000]
offset_0        44       -359599          -16           16   (15-84 p)   [-369967.1260, -349330.7806]

----- dataset: Contrastdata_neid         ----- model: gp_multidimensional           
rot_amp         45           4.1         -7.6          4.2   (15-84 p)   [  -10.0000,    10.0000]
con_amp         46            -2          -12           13   (15-84 p)   [  -20.0000,    20.0000]

----- common model:  b
P                0         5.262       -0.085         0.10   (15-84 p)   [    0.3785,     6.6439]
K                1          1.64        -0.37         0.30   (15-84 p)   [   -9.9658,     3.3219]
sre_coso         2          0.01        -0.20         0.20   (15-84 p)   [   -1.0000,     1.0000]
sre_sino         3          0.01        -0.22         0.20   (15-84 p)   [   -1.0000,     1.0000]
mean_long        4           286          -31           30   (15-84 p)   [   68.4014,   428.4014]

----- common model:  activity
Prot             5         28.17        -0.40         0.40   (15-84 p)   [   20.0000,    35.0000]
Pdec             6         30.96        -0.69          1.5   (15-84 p)   [   30.0000,  1000.0000]
Oamp             7         -1.38        -0.12         0.11   (15-84 p)   [   -6.6439,     0.0000]

----- common model:  star_parameters

====================================================================================================
     Statistics on the model parameters obtained from the posteriors samples     
====================================================================================================

----- dataset:  RVdata_expres
jitter_0                 0.941       -0.073        0.083    (15-84 p)
offset_0                   2.3         -2.7          2.7    (15-84 p)


----- dataset: RVdata_expres             ----- model: gp_multidimensional           
rot_amp                    4.8         -2.8          2.8    (15-84 p)
con_amp                    6.1         -1.2          1.5    (15-84 p)

----- dataset:  RVdata_harps
jitter_0                 1.274       -0.094         0.11    (15-84 p)
offset_0                   2.5         -2.0          2.1    (15-84 p)
offset_1                   3.3         -2.1          2.1    (15-84 p)


----- dataset: RVdata_harps              ----- model: gp_multidimensional           
rot_amp                    3.0         -1.9          2.4    (15-84 p)
con_amp                   4.67        -0.94          1.2    (15-84 p)

----- dataset:  RVdata_neid
jitter_0                 1.241       -0.098         0.11    (15-84 p)
offset_0                   3.2         -2.3          2.3    (15-84 p)


----- dataset: RVdata_neid               ----- model: gp_multidimensional           
rot_amp                    5.2         -2.2          2.2    (15-84 p)
con_amp                    5.3         -1.1          1.3    (15-84 p)

----- dataset:  FWHMdata_expres
jitter_0                  0.78        -0.51         0.72    (15-84 p)
offset_0                6776.2         -1.5          1.5    (15-84 p)


----- dataset: FWHMdata_expres           ----- model: gp_multidimensional           
rot_amp                   -1.8         -4.4          4.6    (15-84 p)
con_amp                  -3.27         -1.1         0.93    (15-84 p)

----- dataset:  FWHMdata_harps
jitter_0                  0.39        -0.24         0.40    (15-84 p)
offset_0               6917.33        -0.70         0.71    (15-84 p)
offset_1                7171.5         -1.1          1.2    (15-84 p)


----- dataset: FWHMdata_harps            ----- model: gp_multidimensional           
rot_amp                   -0.1         -4.7          4.7    (15-84 p)
con_amp                   0.23        -0.64         0.69    (15-84 p)

----- dataset:  FWHMdata_neid
jitter_0                  0.50        -0.32         0.50    (15-84 p)
offset_0               6957.11        -0.65         0.63    (15-84 p)


----- dataset: FWHMdata_neid             ----- model: gp_multidimensional           
rot_amp                   -2.6         -3.9          3.9    (15-84 p)
con_amp                  -0.12        -0.64         0.71    (15-84 p)

----- dataset:  Contrastdata_expres
jitter_0                   179          -18           20    (15-84 p)
offset_0               -349489          -24           24    (15-84 p)


----- dataset: Contrastdata_expres       ----- model: gp_multidimensional           
rot_amp                    1.7         -7.6          6.0    (15-84 p)
con_amp                 -19.24        -0.56          1.3    (15-84 p)

----- dataset:  Contrastdata_harps
jitter_0                   119          -19           19    (15-84 p)
offset_0               -453774          -20           20    (15-84 p)
offset_1               -419702          -34           35    (15-84 p)


----- dataset: Contrastdata_harps        ----- model: gp_multidimensional           
rot_amp                   -2.0         -5.5          7.4    (15-84 p)
con_amp                  19.05         -1.7         0.69    (15-84 p)

----- dataset:  Contrastdata_neid
jitter_0                    43          -26           26    (15-84 p)
offset_0               -359599          -16           16    (15-84 p)


----- dataset: Contrastdata_neid         ----- model: gp_multidimensional           
rot_amp                    4.1         -7.6          4.2    (15-84 p)
con_amp                     -2          -12           13    (15-84 p)

----- common model:  b
P                         38.4         -2.2          2.8    (15-84 p)
K                         3.13        -0.71         0.73    (15-84 p)
mean_long                  286          -31           30    (15-84 p)
e                        0.062       -0.043        0.063    (15-84 p)
omega                       10         -122          116    (15-84 p)

----- common model:  activity
Prot                     28.17        -0.40         0.40    (15-84 p)
Pdec                     30.96        -0.69          1.5    (15-84 p)
Oamp                     0.384       -0.030        0.030    (15-84 p)

----- common model:  star_parameters

====================================================================================================
     Statistics on the derived parameters obtained from the posteriors samples     
====================================================================================================

----- common model:  b
Inclination fixed to 90 deg!
Computing planetary mass under the approximation M_planet << M_star (threshold at 30.0 Me)
a_Rs                      47.8         -1.9          2.3    (15-84 p)
M_Mj                     0.052       -0.012        0.012    (15-84 p)
M_Me                      16.4         -3.7          3.8    (15-84 p)
Tc                     59352.2         -2.4          2.2    (15-84 p)
a_AU_(M)                0.2226      -0.0086        0.011    (15-84 p)
a_AU_(rho,R)            0.2226      -0.0086        0.011    (15-84 p)


====================================================================================================
     ------------------------------------------------------------------------------------------     
====================================================================================================



15000.0   steps completed, average lnprob:,  -3829.674771387043


Computing the autocorrelation time of the chains

***** WARNING ******
The integrated autocorrelation time cannot be reliably estimated
likely the chains are too short, and ACF analysis is not fully reliable
emcee.autocorr.integrated_time tolerance lowered to 20
If you still get a warning, you should drop these results entirely
Chains too short to apply convergence criteria
They should be at least 1100*nthin = 165000

====================================================================================================
     Statistics on the posterior of the sampler parameters     
====================================================================================================

----- dataset:  RVdata_expres
jitter_0         8         0.949       -0.076        0.082   (15-84 p)   [    0.0010,    11.5000]
offset_0         9           2.4         -3.1          3.1   (15-84 p)   [-10006.2420, 10010.4100]

----- dataset: RVdata_expres             ----- model: gp_multidimensional           
rot_amp         10           4.4         -2.7          3.2   (15-84 p)   [    0.0000,    10.0000]
con_amp         11           7.2         -1.6          2.0   (15-84 p)   [  -20.0000,    20.0000]

----- dataset:  RVdata_harps
jitter_0        12         1.261       -0.090        0.098   (15-84 p)   [    0.0009,    13.3000]
offset_0        13           2.6         -2.3          2.3   (15-84 p)   [-10005.4343, 10010.2475]
offset_1        14           3.4         -2.3          2.3   (15-84 p)   [-10005.4343, 10010.2475]

----- dataset: RVdata_harps              ----- model: gp_multidimensional           
rot_amp         15           3.0         -1.9          2.4   (15-84 p)   [    0.0000,    10.0000]
con_amp         16           5.5         -1.2          1.6   (15-84 p)   [  -20.0000,    20.0000]

----- dataset:  RVdata_neid
jitter_0        17         1.237       -0.092         0.10   (15-84 p)   [    0.0010,    12.2000]
offset_0        18           3.3         -2.7          2.6   (15-84 p)   [-10005.9046, 10009.8774]

----- dataset: RVdata_neid               ----- model: gp_multidimensional           
rot_amp         19           5.4         -2.3          2.3   (15-84 p)   [    0.0000,    10.0000]
con_amp         20           6.2         -1.4          1.8   (15-84 p)   [  -20.0000,    20.0000]

----- dataset:  FWHMdata_expres
jitter_0        21          0.70        -0.46         0.71   (15-84 p)   [    0.0500,   500.0000]
offset_0        22        6776.1         -1.8          1.7   (15-84 p)   [-3233.0765, 16789.6022]

----- dataset: FWHMdata_expres           ----- model: gp_multidimensional           
rot_amp         23          -0.9         -4.6          4.9   (15-84 p)   [  -10.0000,    10.0000]
con_amp         24          -3.8         -1.3          1.1   (15-84 p)   [  -20.0000,    20.0000]

----- dataset:  FWHMdata_harps
jitter_0        25          0.43        -0.27         0.45   (15-84 p)   [    0.0500,   500.0000]
offset_0        26       6917.30        -0.66         0.73   (15-84 p)   [-3088.5511, 17176.1921]
offset_1        27        7171.6         -1.1          1.2   (15-84 p)   [-3088.5511, 17176.1921]

----- dataset: FWHMdata_harps            ----- model: gp_multidimensional           
rot_amp         28          -0.4         -4.9          5.0   (15-84 p)   [  -10.0000,    10.0000]
con_amp         29          0.36        -0.75         0.83   (15-84 p)   [  -20.0000,    20.0000]

----- dataset:  FWHMdata_neid
jitter_0        30          0.47        -0.29         0.46   (15-84 p)   [    0.0500,   500.0000]
offset_0        31       6957.18        -0.65         0.65   (15-84 p)   [-3049.2667, 16964.4316]

----- dataset: FWHMdata_neid             ----- model: gp_multidimensional           
rot_amp         32          -2.8         -4.0          4.6   (15-84 p)   [  -10.0000,    10.0000]
con_amp         33         -0.11        -0.84         0.82   (15-84 p)   [  -20.0000,    20.0000]

----- dataset:  Contrastdata_expres
jitter_0        34           181          -17           20   (15-84 p)   [    1.3000, 13000.0000]
offset_0        35       -349485          -23           22   (15-84 p)   [-359831.0100, -338852.3247]

----- dataset: Contrastdata_expres       ----- model: gp_multidimensional           
rot_amp         36          -0.0         -6.8          6.8   (15-84 p)   [  -10.0000,    10.0000]
con_amp         37         -16.5         -2.6          5.8   (15-84 p)   [  -20.0000,    20.0000]

----- dataset:  Contrastdata_harps
jitter_0        38           123          -19           19   (15-84 p)   [    1.3000, 13000.0000]
offset_0        39       -453776          -21           21   (15-84 p)   [-464256.3172, -409348.3188]
offset_1        40       -419701          -34           31   (15-84 p)   [-464256.3172, -409348.3188]

----- dataset: Contrastdata_harps        ----- model: gp_multidimensional           
rot_amp         41          -0.6         -6.4          7.0   (15-84 p)   [  -10.0000,    10.0000]
con_amp         42          15.6         -6.5          3.3   (15-84 p)   [  -20.0000,    20.0000]

----- dataset:  Contrastdata_neid
jitter_0        43            42          -26           25   (15-84 p)   [    1.3000, 13000.0000]
offset_0        44       -359598          -16           16   (15-84 p)   [-369967.1260, -349330.7806]

----- dataset: Contrastdata_neid         ----- model: gp_multidimensional           
rot_amp         45           0.7         -7.2          6.6   (15-84 p)   [  -10.0000,    10.0000]
con_amp         46            -2          -12           14   (15-84 p)   [  -20.0000,    20.0000]

----- common model:  b
P                0         5.257       -0.087        0.098   (15-84 p)   [    0.3785,     6.6439]
K                1          1.67        -0.34         0.31   (15-84 p)   [   -9.9658,     3.3219]
sre_coso         2          0.03        -0.20         0.19   (15-84 p)   [   -1.0000,     1.0000]
sre_sino         3          0.00        -0.20         0.20   (15-84 p)   [   -1.0000,     1.0000]
mean_long        4           288          -33           29   (15-84 p)   [   68.4014,   428.4014]

----- common model:  activity
Prot             5         28.23        -0.39         0.40   (15-84 p)   [   20.0000,    35.0000]
Pdec             6          33.9         -2.9          5.3   (15-84 p)   [   30.0000,  1000.0000]
Oamp             7         -1.38        -0.11         0.11   (15-84 p)   [   -6.6439,     0.0000]

----- common model:  star_parameters

====================================================================================================
     Statistics on the model parameters obtained from the posteriors samples     
====================================================================================================

----- dataset:  RVdata_expres
jitter_0                 0.949       -0.076        0.082    (15-84 p)
offset_0                   2.4         -3.1          3.1    (15-84 p)


----- dataset: RVdata_expres             ----- model: gp_multidimensional           
rot_amp                    4.4         -2.7          3.2    (15-84 p)
con_amp                    7.2         -1.6          2.0    (15-84 p)

----- dataset:  RVdata_harps
jitter_0                 1.261       -0.090        0.098    (15-84 p)
offset_0                   2.6         -2.3          2.3    (15-84 p)
offset_1                   3.4         -2.3          2.3    (15-84 p)


----- dataset: RVdata_harps              ----- model: gp_multidimensional           
rot_amp                    3.0         -1.9          2.4    (15-84 p)
con_amp                    5.5         -1.2          1.6    (15-84 p)

----- dataset:  RVdata_neid
jitter_0                 1.237       -0.092         0.10    (15-84 p)
offset_0                   3.3         -2.7          2.6    (15-84 p)


----- dataset: RVdata_neid               ----- model: gp_multidimensional           
rot_amp                    5.4         -2.3          2.3    (15-84 p)
con_amp                    6.2         -1.4          1.8    (15-84 p)

----- dataset:  FWHMdata_expres
jitter_0                  0.70        -0.46         0.71    (15-84 p)
offset_0                6776.1         -1.8          1.7    (15-84 p)


----- dataset: FWHMdata_expres           ----- model: gp_multidimensional           
rot_amp                   -0.9         -4.6          4.9    (15-84 p)
con_amp                   -3.8         -1.3          1.1    (15-84 p)

----- dataset:  FWHMdata_harps
jitter_0                  0.43        -0.27         0.45    (15-84 p)
offset_0               6917.30        -0.66         0.73    (15-84 p)
offset_1                7171.6         -1.1          1.2    (15-84 p)


----- dataset: FWHMdata_harps            ----- model: gp_multidimensional           
rot_amp                   -0.4         -4.9          5.0    (15-84 p)
con_amp                   0.36        -0.75         0.83    (15-84 p)

----- dataset:  FWHMdata_neid
jitter_0                  0.47        -0.29         0.46    (15-84 p)
offset_0               6957.18        -0.65         0.65    (15-84 p)


----- dataset: FWHMdata_neid             ----- model: gp_multidimensional           
rot_amp                   -2.8         -4.0          4.6    (15-84 p)
con_amp                  -0.11        -0.84         0.82    (15-84 p)

----- dataset:  Contrastdata_expres
jitter_0                   181          -17           20    (15-84 p)
offset_0               -349485          -23           22    (15-84 p)


----- dataset: Contrastdata_expres       ----- model: gp_multidimensional           
rot_amp                   -0.0         -6.8          6.8    (15-84 p)
con_amp                  -16.5         -2.6          5.8    (15-84 p)

----- dataset:  Contrastdata_harps
jitter_0                   123          -19           19    (15-84 p)
offset_0               -453776          -21           21    (15-84 p)
offset_1               -419701          -34           31    (15-84 p)


----- dataset: Contrastdata_harps        ----- model: gp_multidimensional           
rot_amp                   -0.6         -6.4          7.0    (15-84 p)
con_amp                   15.6         -6.5          3.3    (15-84 p)

----- dataset:  Contrastdata_neid
jitter_0                    42          -26           25    (15-84 p)
offset_0               -359598          -16           16    (15-84 p)


----- dataset: Contrastdata_neid         ----- model: gp_multidimensional           
rot_amp                    0.7         -7.2          6.6    (15-84 p)
con_amp                     -2          -12           14    (15-84 p)

----- common model:  b
P                         38.2         -2.2          2.7    (15-84 p)
K                         3.19        -0.67         0.76    (15-84 p)
mean_long                  288          -33           29    (15-84 p)
e                        0.060       -0.043        0.064    (15-84 p)
omega                        0         -112          113    (15-84 p)

----- common model:  activity
Prot                     28.23        -0.39         0.40    (15-84 p)
Pdec                      33.9         -2.9          5.3    (15-84 p)
Oamp                     0.385       -0.029        0.031    (15-84 p)

----- common model:  star_parameters

====================================================================================================
     Statistics on the derived parameters obtained from the posteriors samples     
====================================================================================================

----- common model:  b
Inclination fixed to 90 deg!
Computing planetary mass under the approximation M_planet << M_star (threshold at 30.0 Me)
a_Rs                      47.7         -1.9          2.2    (15-84 p)
M_Mj                     0.053       -0.011        0.012    (15-84 p)
M_Me                      16.8         -3.5          3.9    (15-84 p)
Tc                     59351.8         -2.4          2.4    (15-84 p)
a_AU_(M)                0.2221      -0.0088        0.010    (15-84 p)
a_AU_(rho,R)            0.2221      -0.0088        0.010    (15-84 p)


====================================================================================================
     ------------------------------------------------------------------------------------------     
====================================================================================================



30000.0   steps completed, average lnprob:,  -3831.483906268276


Computing the autocorrelation time of the chains

***** WARNING ******
The integrated autocorrelation time cannot be reliably estimated
likely the chains are too short, and ACF analysis is not fully reliable
emcee.autocorr.integrated_time tolerance lowered to 20
If you still get a warning, you should drop these results entirely
Chains too short to apply convergence criteria
They should be at least 1450*nthin = 217500

====================================================================================================
     Statistics on the posterior of the sampler parameters     
====================================================================================================

----- dataset:  RVdata_expres
jitter_0         8         0.946       -0.074        0.082   (15-84 p)   [    0.0010,    11.5000]
offset_0         9           2.6         -3.2          3.2   (15-84 p)   [-10006.2420, 10010.4100]

----- dataset: RVdata_expres             ----- model: gp_multidimensional           
rot_amp         10           4.4         -2.7          3.1   (15-84 p)   [    0.0000,    10.0000]
con_amp         11           7.4         -1.6          2.3   (15-84 p)   [  -20.0000,    20.0000]

----- dataset:  RVdata_harps
jitter_0        12         1.259       -0.090        0.098   (15-84 p)   [    0.0009,    13.3000]
offset_0        13           2.8         -2.4          2.4   (15-84 p)   [-10005.4343, 10010.2475]
offset_1        14           3.5         -2.4          2.5   (15-84 p)   [-10005.4343, 10010.2475]

----- dataset: RVdata_harps              ----- model: gp_multidimensional           
rot_amp         15           3.0         -1.9          2.5   (15-84 p)   [    0.0000,    10.0000]
con_amp         16           5.7         -1.3          1.8   (15-84 p)   [  -20.0000,    20.0000]

----- dataset:  RVdata_neid
jitter_0        17         1.236       -0.092         0.10   (15-84 p)   [    0.0010,    12.2000]
offset_0        18           3.4         -2.8          2.8   (15-84 p)   [-10005.9046, 10009.8774]

----- dataset: RVdata_neid               ----- model: gp_multidimensional           
rot_amp         19           5.4         -2.3          2.3   (15-84 p)   [    0.0000,    10.0000]
con_amp         20           6.4         -1.4          2.0   (15-84 p)   [  -20.0000,    20.0000]

----- dataset:  FWHMdata_expres
jitter_0        21          0.70        -0.46         0.69   (15-84 p)   [    0.0500,   500.0000]
offset_0        22        6776.0         -1.9          1.7   (15-84 p)   [-3233.0765, 16789.6022]

----- dataset: FWHMdata_expres           ----- model: gp_multidimensional           
rot_amp         23          -0.7         -4.8          4.9   (15-84 p)   [  -10.0000,    10.0000]
con_amp         24          -3.9         -1.5          1.1   (15-84 p)   [  -20.0000,    20.0000]

----- dataset:  FWHMdata_harps
jitter_0        25          0.43        -0.27         0.44   (15-84 p)   [    0.0500,   500.0000]
offset_0        26       6917.34        -0.69         0.72   (15-84 p)   [-3088.5511, 17176.1921]
offset_1        27        7171.6         -1.1          1.1   (15-84 p)   [-3088.5511, 17176.1921]

----- dataset: FWHMdata_harps            ----- model: gp_multidimensional           
rot_amp         28          -0.5         -4.9          5.1   (15-84 p)   [  -10.0000,    10.0000]
con_amp         29          0.34        -0.79         0.85   (15-84 p)   [  -20.0000,    20.0000]

----- dataset:  FWHMdata_neid
jitter_0        30          0.48        -0.30         0.48   (15-84 p)   [    0.0500,   500.0000]
offset_0        31       6957.18        -0.67         0.66   (15-84 p)   [-3049.2667, 16964.4316]

----- dataset: FWHMdata_neid             ----- model: gp_multidimensional           
rot_amp         32          -2.9         -4.0          4.5   (15-84 p)   [  -10.0000,    10.0000]
con_amp         33         -0.12        -0.85         0.84   (15-84 p)   [  -20.0000,    20.0000]

----- dataset:  Contrastdata_expres
jitter_0        34           182          -18           20   (15-84 p)   [    1.3000, 13000.0000]
offset_0        35       -349486          -22           22   (15-84 p)   [-359831.0100, -338852.3247]

----- dataset: Contrastdata_expres       ----- model: gp_multidimensional           
rot_amp         36           0.1         -6.9          6.8   (15-84 p)   [  -10.0000,    10.0000]
con_amp         37         -15.8         -3.1          7.6   (15-84 p)   [  -20.0000,    20.0000]

----- dataset:  Contrastdata_harps
jitter_0        38           123          -18           19   (15-84 p)   [    1.3000, 13000.0000]
offset_0        39       -453776          -21           21   (15-84 p)   [-464256.3172, -409348.3188]
offset_1        40       -419703          -33           32   (15-84 p)   [-464256.3172, -409348.3188]

----- dataset: Contrastdata_harps        ----- model: gp_multidimensional           
rot_amp         41          -0.8         -6.3          7.1   (15-84 p)   [  -10.0000,    10.0000]
con_amp         42          15.0         -7.9          3.8   (15-84 p)   [  -20.0000,    20.0000]

----- dataset:  Contrastdata_neid
jitter_0        43            41          -26           26   (15-84 p)   [    1.3000, 13000.0000]
offset_0        44       -359598          -16           16   (15-84 p)   [-369967.1260, -349330.7806]

----- dataset: Contrastdata_neid         ----- model: gp_multidimensional           
rot_amp         45           0.6         -7.2          6.5   (15-84 p)   [  -10.0000,    10.0000]
con_amp         46            -3          -11           14   (15-84 p)   [  -20.0000,    20.0000]

----- common model:  b
P                0         5.251       -0.085         0.10   (15-84 p)   [    0.3785,     6.6439]
K                1          1.69        -0.34         0.31   (15-84 p)   [   -9.9658,     3.3219]
sre_coso         2          0.04        -0.21         0.19   (15-84 p)   [   -1.0000,     1.0000]
sre_sino         3          0.01        -0.21         0.20   (15-84 p)   [   -1.0000,     1.0000]
mean_long        4           288          -31           29   (15-84 p)   [   68.4014,   428.4014]

----- common model:  activity
Prot             5         28.24        -0.39         0.40   (15-84 p)   [   20.0000,    35.0000]
Pdec             6          34.7         -3.5          6.4   (15-84 p)   [   30.0000,  1000.0000]
Oamp             7         -1.37        -0.12         0.11   (15-84 p)   [   -6.6439,     0.0000]

----- common model:  star_parameters

====================================================================================================
     Statistics on the model parameters obtained from the posteriors samples     
====================================================================================================

----- dataset:  RVdata_expres
jitter_0                 0.946       -0.074        0.082    (15-84 p)
offset_0                   2.6         -3.2          3.2    (15-84 p)


----- dataset: RVdata_expres             ----- model: gp_multidimensional           
rot_amp                    4.4         -2.7          3.1    (15-84 p)
con_amp                    7.4         -1.6          2.3    (15-84 p)

----- dataset:  RVdata_harps
jitter_0                 1.259       -0.090        0.098    (15-84 p)
offset_0                   2.8         -2.4          2.4    (15-84 p)
offset_1                   3.5         -2.4          2.5    (15-84 p)


----- dataset: RVdata_harps              ----- model: gp_multidimensional           
rot_amp                    3.0         -1.9          2.5    (15-84 p)
con_amp                    5.7         -1.3          1.8    (15-84 p)

----- dataset:  RVdata_neid
jitter_0                 1.236       -0.092         0.10    (15-84 p)
offset_0                   3.4         -2.8          2.8    (15-84 p)


----- dataset: RVdata_neid               ----- model: gp_multidimensional           
rot_amp                    5.4         -2.3          2.3    (15-84 p)
con_amp                    6.4         -1.4          2.0    (15-84 p)

----- dataset:  FWHMdata_expres
jitter_0                  0.70        -0.46         0.69    (15-84 p)
offset_0                6776.0         -1.9          1.7    (15-84 p)


----- dataset: FWHMdata_expres           ----- model: gp_multidimensional           
rot_amp                   -0.7         -4.8          4.9    (15-84 p)
con_amp                   -3.9         -1.5          1.1    (15-84 p)

----- dataset:  FWHMdata_harps
jitter_0                  0.43        -0.27         0.44    (15-84 p)
offset_0               6917.34        -0.69         0.72    (15-84 p)
offset_1                7171.6         -1.1          1.1    (15-84 p)


----- dataset: FWHMdata_harps            ----- model: gp_multidimensional           
rot_amp                   -0.5         -4.9          5.1    (15-84 p)
con_amp                   0.34        -0.79         0.85    (15-84 p)

----- dataset:  FWHMdata_neid
jitter_0                  0.48        -0.30         0.48    (15-84 p)
offset_0               6957.18        -0.67         0.66    (15-84 p)


----- dataset: FWHMdata_neid             ----- model: gp_multidimensional           
rot_amp                   -2.9         -4.0          4.5    (15-84 p)
con_amp                  -0.12        -0.85         0.84    (15-84 p)

----- dataset:  Contrastdata_expres
jitter_0                   182          -18           20    (15-84 p)
offset_0               -349486          -22           22    (15-84 p)


----- dataset: Contrastdata_expres       ----- model: gp_multidimensional           
rot_amp                    0.1         -6.9          6.8    (15-84 p)
con_amp                  -15.8         -3.1          7.6    (15-84 p)

----- dataset:  Contrastdata_harps
jitter_0                   123          -18           19    (15-84 p)
offset_0               -453776          -21           21    (15-84 p)
offset_1               -419703          -33           32    (15-84 p)


----- dataset: Contrastdata_harps        ----- model: gp_multidimensional           
rot_amp                   -0.8         -6.3          7.1    (15-84 p)
con_amp                   15.0         -7.9          3.8    (15-84 p)

----- dataset:  Contrastdata_neid
jitter_0                    41          -26           26    (15-84 p)
offset_0               -359598          -16           16    (15-84 p)


----- dataset: Contrastdata_neid         ----- model: gp_multidimensional           
rot_amp                    0.6         -7.2          6.5    (15-84 p)
con_amp                     -3          -11           14    (15-84 p)

----- common model:  b
P                         38.1         -2.2          2.7    (15-84 p)
K                         3.22        -0.68         0.78    (15-84 p)
mean_long                  288          -31           29    (15-84 p)
e                        0.061       -0.043        0.065    (15-84 p)
omega                        6         -113          109    (15-84 p)

----- common model:  activity
Prot                     28.24        -0.39         0.40    (15-84 p)
Pdec                      34.7         -3.5          6.4    (15-84 p)
Oamp                     0.387       -0.030        0.031    (15-84 p)

----- common model:  star_parameters

====================================================================================================
     Statistics on the derived parameters obtained from the posteriors samples     
====================================================================================================

----- common model:  b
Inclination fixed to 90 deg!
Computing planetary mass under the approximation M_planet << M_star (threshold at 30.0 Me)
a_Rs                      47.6         -1.8          2.3    (15-84 p)
M_Mj                     0.053       -0.011        0.013    (15-84 p)
M_Me                      16.9         -3.5          4.0    (15-84 p)
Tc                     59351.8         -2.4          2.3    (15-84 p)
a_AU_(M)                0.2215      -0.0085        0.011    (15-84 p)
a_AU_(rho,R)            0.2215      -0.0085        0.011    (15-84 p)


====================================================================================================
     ------------------------------------------------------------------------------------------     
====================================================================================================



45000.0   steps completed, average lnprob:,  -3831.4202703941805


Computing the autocorrelation time of the chains

***** WARNING ******
The integrated autocorrelation time cannot be reliably estimated
likely the chains are too short, and ACF analysis is not fully reliable
emcee.autocorr.integrated_time tolerance lowered to 20
If you still get a warning, you should drop these results entirely
Chains too short to apply convergence criteria
They should be at least 1650*nthin = 247500

====================================================================================================
     Statistics on the posterior of the sampler parameters     
====================================================================================================

----- dataset:  RVdata_expres
jitter_0         8         0.947       -0.074        0.082   (15-84 p)   [    0.0010,    11.5000]
offset_0         9           2.6         -3.3          3.3   (15-84 p)   [-10006.2420, 10010.4100]

----- dataset: RVdata_expres             ----- model: gp_multidimensional           
rot_amp         10           4.4         -2.7          3.0   (15-84 p)   [    0.0000,    10.0000]
con_amp         11           7.5         -1.7          2.4   (15-84 p)   [  -20.0000,    20.0000]

----- dataset:  RVdata_harps
jitter_0        12         1.258       -0.090        0.098   (15-84 p)   [    0.0009,    13.3000]
offset_0        13           2.8         -2.5          2.5   (15-84 p)   [-10005.4343, 10010.2475]
offset_1        14           3.5         -2.5          2.6   (15-84 p)   [-10005.4343, 10010.2475]

----- dataset: RVdata_harps              ----- model: gp_multidimensional           
rot_amp         15           2.9         -1.9          2.5   (15-84 p)   [    0.0000,    10.0000]
con_amp         16           5.7         -1.3          1.9   (15-84 p)   [  -20.0000,    20.0000]

----- dataset:  RVdata_neid
jitter_0        17         1.236       -0.094         0.10   (15-84 p)   [    0.0010,    12.2000]
offset_0        18           3.4         -2.8          2.9   (15-84 p)   [-10005.9046, 10009.8774]

----- dataset: RVdata_neid               ----- model: gp_multidimensional           
rot_amp         19           5.5         -2.2          2.3   (15-84 p)   [    0.0000,    10.0000]
con_amp         20           6.5         -1.4          2.1   (15-84 p)   [  -20.0000,    20.0000]

----- dataset:  FWHMdata_expres
jitter_0        21          0.69        -0.45         0.69   (15-84 p)   [    0.0500,   500.0000]
offset_0        22        6776.0         -1.9          1.8   (15-84 p)   [-3233.0765, 16789.6022]

----- dataset: FWHMdata_expres           ----- model: gp_multidimensional           
rot_amp         23          -0.6         -5.0          5.0   (15-84 p)   [  -10.0000,    10.0000]
con_amp         24          -4.0         -1.5          1.1   (15-84 p)   [  -20.0000,    20.0000]

----- dataset:  FWHMdata_harps
jitter_0        25          0.42        -0.26         0.43   (15-84 p)   [    0.0500,   500.0000]
offset_0        26       6917.35        -0.69         0.74   (15-84 p)   [-3088.5511, 17176.1921]
offset_1        27        7171.6         -1.1          1.2   (15-84 p)   [-3088.5511, 17176.1921]

----- dataset: FWHMdata_harps            ----- model: gp_multidimensional           
rot_amp         28          -0.4         -5.0          5.2   (15-84 p)   [  -10.0000,    10.0000]
con_amp         29          0.33        -0.79         0.87   (15-84 p)   [  -20.0000,    20.0000]

----- dataset:  FWHMdata_neid
jitter_0        30          0.47        -0.30         0.48   (15-84 p)   [    0.0500,   500.0000]
offset_0        31       6957.18        -0.67         0.65   (15-84 p)   [-3049.2667, 16964.4316]

----- dataset: FWHMdata_neid             ----- model: gp_multidimensional           
rot_amp         32          -3.0         -4.0          4.6   (15-84 p)   [  -10.0000,    10.0000]
con_amp         33         -0.11        -0.86         0.84   (15-84 p)   [  -20.0000,    20.0000]

----- dataset:  Contrastdata_expres
jitter_0        34           182          -18           20   (15-84 p)   [    1.3000, 13000.0000]
offset_0        35       -349486          -22           21   (15-84 p)   [-359831.0100, -338852.3247]

----- dataset: Contrastdata_expres       ----- model: gp_multidimensional           
rot_amp         36           0.6         -7.2          6.5   (15-84 p)   [  -10.0000,    10.0000]
con_amp         37         -15.6         -3.3          8.1   (15-84 p)   [  -20.0000,    20.0000]

----- dataset:  Contrastdata_harps
jitter_0        38           123          -18           19   (15-84 p)   [    1.3000, 13000.0000]
offset_0        39       -453776          -21           20   (15-84 p)   [-464256.3172, -409348.3188]
offset_1        40       -419704          -33           33   (15-84 p)   [-464256.3172, -409348.3188]

----- dataset: Contrastdata_harps        ----- model: gp_multidimensional           
rot_amp         41          -0.8         -6.3          7.2   (15-84 p)   [  -10.0000,    10.0000]
con_amp         42          14.7         -8.6          4.0   (15-84 p)   [  -20.0000,    20.0000]

----- dataset:  Contrastdata_neid
jitter_0        43            41          -26           26   (15-84 p)   [    1.3000, 13000.0000]
offset_0        44       -359598          -15           15   (15-84 p)   [-369967.1260, -349330.7806]

----- dataset: Contrastdata_neid         ----- model: gp_multidimensional           
rot_amp         45           0.7         -7.2          6.4   (15-84 p)   [  -10.0000,    10.0000]
con_amp         46            -3          -11           14   (15-84 p)   [  -20.0000,    20.0000]

----- common model:  b
P                0         5.248       -0.084        0.100   (15-84 p)   [    0.3785,     6.6439]
K                1          1.68        -0.35         0.31   (15-84 p)   [   -9.9658,     3.3219]
sre_coso         2          0.04        -0.21         0.19   (15-84 p)   [   -1.0000,     1.0000]
sre_sino         3          0.01        -0.20         0.20   (15-84 p)   [   -1.0000,     1.0000]
mean_long        4           286          -31           30   (15-84 p)   [   68.4014,   428.4014]

----- common model:  activity
Prot             5         28.24        -0.39         0.40   (15-84 p)   [   20.0000,    35.0000]
Pdec             6          34.9         -3.6          7.0   (15-84 p)   [   30.0000,  1000.0000]
Oamp             7         -1.37        -0.12         0.11   (15-84 p)   [   -6.6439,     0.0000]

----- common model:  star_parameters

====================================================================================================
     Statistics on the model parameters obtained from the posteriors samples     
====================================================================================================

----- dataset:  RVdata_expres
jitter_0                 0.947       -0.074        0.082    (15-84 p)
offset_0                   2.6         -3.3          3.3    (15-84 p)


----- dataset: RVdata_expres             ----- model: gp_multidimensional           
rot_amp                    4.4         -2.7          3.0    (15-84 p)
con_amp                    7.5         -1.7          2.4    (15-84 p)

----- dataset:  RVdata_harps
jitter_0                 1.258       -0.090        0.098    (15-84 p)
offset_0                   2.8         -2.5          2.5    (15-84 p)
offset_1                   3.5         -2.5          2.6    (15-84 p)


----- dataset: RVdata_harps              ----- model: gp_multidimensional           
rot_amp                    2.9         -1.9          2.5    (15-84 p)
con_amp                    5.7         -1.3          1.9    (15-84 p)

----- dataset:  RVdata_neid
jitter_0                 1.236       -0.094         0.10    (15-84 p)
offset_0                   3.4         -2.8          2.9    (15-84 p)


----- dataset: RVdata_neid               ----- model: gp_multidimensional           
rot_amp                    5.5         -2.2          2.3    (15-84 p)
con_amp                    6.5         -1.4          2.1    (15-84 p)

----- dataset:  FWHMdata_expres
jitter_0                  0.69        -0.45         0.69    (15-84 p)
offset_0                6776.0         -1.9          1.8    (15-84 p)


----- dataset: FWHMdata_expres           ----- model: gp_multidimensional           
rot_amp                   -0.6         -5.0          5.0    (15-84 p)
con_amp                   -4.0         -1.5          1.1    (15-84 p)

----- dataset:  FWHMdata_harps
jitter_0                  0.42        -0.26         0.43    (15-84 p)
offset_0               6917.35        -0.69         0.74    (15-84 p)
offset_1                7171.6         -1.1          1.2    (15-84 p)


----- dataset: FWHMdata_harps            ----- model: gp_multidimensional           
rot_amp                   -0.4         -5.0          5.2    (15-84 p)
con_amp                   0.33        -0.79         0.87    (15-84 p)

----- dataset:  FWHMdata_neid
jitter_0                  0.47        -0.30         0.48    (15-84 p)
offset_0               6957.18        -0.67         0.65    (15-84 p)


----- dataset: FWHMdata_neid             ----- model: gp_multidimensional           
rot_amp                   -3.0         -4.0          4.6    (15-84 p)
con_amp                  -0.11        -0.86         0.84    (15-84 p)

----- dataset:  Contrastdata_expres
jitter_0                   182          -18           20    (15-84 p)
offset_0               -349486          -22           21    (15-84 p)


----- dataset: Contrastdata_expres       ----- model: gp_multidimensional           
rot_amp                    0.6         -7.2          6.5    (15-84 p)
con_amp                  -15.6         -3.3          8.1    (15-84 p)

----- dataset:  Contrastdata_harps
jitter_0                   123          -18           19    (15-84 p)
offset_0               -453776          -21           20    (15-84 p)
offset_1               -419704          -33           33    (15-84 p)


----- dataset: Contrastdata_harps        ----- model: gp_multidimensional           
rot_amp                   -0.8         -6.3          7.2    (15-84 p)
con_amp                   14.7         -8.6          4.0    (15-84 p)

----- dataset:  Contrastdata_neid
jitter_0                    41          -26           26    (15-84 p)
offset_0               -359598          -15           15    (15-84 p)


----- dataset: Contrastdata_neid         ----- model: gp_multidimensional           
rot_amp                    0.7         -7.2          6.4    (15-84 p)
con_amp                     -3          -11           14    (15-84 p)

----- common model:  b
P                         38.0         -2.2          2.7    (15-84 p)
K                         3.21        -0.68         0.77    (15-84 p)
mean_long                  286          -31           30    (15-84 p)
e                        0.060       -0.043        0.065    (15-84 p)
omega                        5         -112          108    (15-84 p)

----- common model:  activity
Prot                     28.24        -0.39         0.40    (15-84 p)
Pdec                      34.9         -3.6          7.0    (15-84 p)
Oamp                     0.388       -0.030        0.030    (15-84 p)

----- common model:  star_parameters

====================================================================================================
     Statistics on the derived parameters obtained from the posteriors samples     
====================================================================================================

----- common model:  b
Inclination fixed to 90 deg!
Computing planetary mass under the approximation M_planet << M_star (threshold at 30.0 Me)
a_Rs                      47.6         -1.8          2.2    (15-84 p)
M_Mj                     0.053       -0.011        0.012    (15-84 p)
M_Me                      16.9         -3.5          4.0    (15-84 p)
Tc                     59351.9         -2.3          2.3    (15-84 p)
a_AU_(M)                0.2212      -0.0085        0.010    (15-84 p)
a_AU_(rho,R)            0.2212      -0.0085        0.010    (15-84 p)


====================================================================================================
     ------------------------------------------------------------------------------------------     
====================================================================================================



60000.0   steps completed, average lnprob:,  -3831.847671325918


emcee completed


:::---::: PyORBIT v11.0.1 :::---:::

Python version in use:
3.10.18 (main, Jun  5 2025, 13:14:17) [GCC 11.2.0]
LaTeX disabled by default

Using orbital model:  keplerian
Using orbital parametrization:  Eastman2013

gp_multidimensional  S+LEAF model, number of harmonics: 4

GP model: gp_multidimensional  hyperparameters_condition:    True
GP model: gp_multidimensional  rotation_decay_condition:     True

### PyORBIT version used in the analysis:  11.0.1

 emcee version:  3.1.6

 Reference Time Tref: 59334.700184

 Data points:963
 Dimensions: 47
 Nwalkers:   188
 Steps:      60000


Number of samplings: 56400

Recomputing ln-prior, it may take a while...

ln-probability   distribution:  -3831.20       -5.98      5.23 (15-84 p) 
ln-prior         distribution:   -257.06       -1.53      0.94 (15-84 p) 
ln-likelihood    distribution:  -3573.84       -5.79      5.01 (15-84 p) 


*** Information criteria using the likelihood distribution

 BIC from distribution  (using likelihood)  =   7470.57    -10.03   11.59 (15-84 p)
 AIC from distribution  (using likelihood)  =   7241.68    -10.03   11.59 (15-84 p)
 AICc from distribution (using likelihood)  =   7246.61    -10.03   11.59 (15-84 p)


*** Information criteria using the median parameter set

 ln_probability of Median solution =  -3812.78
 ln_priors of Median solution      =   -256.27
 ln_likelihood of Median solution  =  -3556.51

 Median BIC  (using likelihood) =   7435.91
 Median AIC  (using likelihood) =   7207.02
 Median AICc (using likelihood) =   7211.95


*** Information criteria using the MAP parameter set

 ln_probability of MAP solution =  -3813.98
 ln_priors of MAP solution      =   -256.72
 ln_likelihood of MAP solution  =  -3557.26

 MAP BIC  (using likelihood)    =   7437.42
 MAP AIC  (using likelihood)    =   7208.52
 MAP AICc (using likelihood)    =   7213.46

 AICc suggested over AIC because NDATA ( 963 ) < 40 * NDIM ( 47 )

****************************************************************************************************


Computing the autocorrelation time of the chains

***** WARNING ******
The integrated autocorrelation time cannot be reliably estimated
likely the chains are too short, and ACF analysis is not fully reliable
emcee.autocorr.integrated_time tolerance lowered to 20
If you still get a warning, you should drop these results entirely
Chains too short to apply convergence criteria
They should be at least 1650*nthin = 247500

 ACF computation failed, no plot will be generated 


====================================================================================================
     Ids, spaces (s), boundaries (b) and priors (p) of the sampler parameters     
====================================================================================================

----- dataset:  RVdata_expres
jitter_0      id:   8  s:Linear      b:[      0.0010,      11.5000]   p:Uniform   []
offset_0      id:   9  s:Linear      b:[ -10006.2420,   10010.4100]   p:Uniform   []

----- dataset: RVdata_expres             ----- model: gp_multidimensional           
rot_amp       id:  10  s:Linear      b:[      0.0000,      10.0000]   p:Uniform   []
con_amp       id:  11  s:Linear      b:[    -20.0000,      20.0000]   p:Uniform   []

----- dataset:  RVdata_harps
jitter_0      id:  12  s:Linear      b:[      0.0009,      13.3000]   p:Uniform   []
offset_0      id:  13  s:Linear      b:[ -10005.4343,   10010.2475]   p:Uniform   []
offset_1      id:  14  s:Linear      b:[ -10005.4343,   10010.2475]   p:Uniform   []

----- dataset: RVdata_harps              ----- model: gp_multidimensional           
rot_amp       id:  15  s:Linear      b:[      0.0000,      10.0000]   p:Uniform   []
con_amp       id:  16  s:Linear      b:[    -20.0000,      20.0000]   p:Uniform   []

----- dataset:  RVdata_neid
jitter_0      id:  17  s:Linear      b:[      0.0010,      12.2000]   p:Uniform   []
offset_0      id:  18  s:Linear      b:[ -10005.9046,   10009.8774]   p:Uniform   []

----- dataset: RVdata_neid               ----- model: gp_multidimensional           
rot_amp       id:  19  s:Linear      b:[      0.0000,      10.0000]   p:Uniform   []
con_amp       id:  20  s:Linear      b:[    -20.0000,      20.0000]   p:Uniform   []

----- dataset:  FWHMdata_expres
jitter_0      id:  21  s:Linear      b:[      0.0500,     500.0000]   p:Uniform   []
offset_0      id:  22  s:Linear      b:[  -3233.0765,   16789.6022]   p:Uniform   []

----- dataset: FWHMdata_expres           ----- model: gp_multidimensional           
rot_amp       id:  23  s:Linear      b:[    -10.0000,      10.0000]   p:Uniform   []
con_amp       id:  24  s:Linear      b:[    -20.0000,      20.0000]   p:Uniform   []

----- dataset:  FWHMdata_harps
jitter_0      id:  25  s:Linear      b:[      0.0500,     500.0000]   p:Uniform   []
offset_0      id:  26  s:Linear      b:[  -3088.5511,   17176.1921]   p:Uniform   []
offset_1      id:  27  s:Linear      b:[  -3088.5511,   17176.1921]   p:Uniform   []

----- dataset: FWHMdata_harps            ----- model: gp_multidimensional           
rot_amp       id:  28  s:Linear      b:[    -10.0000,      10.0000]   p:Uniform   []
con_amp       id:  29  s:Linear      b:[    -20.0000,      20.0000]   p:Uniform   []

----- dataset:  FWHMdata_neid
jitter_0      id:  30  s:Linear      b:[      0.0500,     500.0000]   p:Uniform   []
offset_0      id:  31  s:Linear      b:[  -3049.2667,   16964.4316]   p:Uniform   []

----- dataset: FWHMdata_neid             ----- model: gp_multidimensional           
rot_amp       id:  32  s:Linear      b:[    -10.0000,      10.0000]   p:Uniform   []
con_amp       id:  33  s:Linear      b:[    -20.0000,      20.0000]   p:Uniform   []

----- dataset:  Contrastdata_expres
jitter_0      id:  34  s:Linear      b:[      1.3000,   13000.0000]   p:Uniform   []
offset_0      id:  35  s:Linear      b:[-359831.0100, -338852.3247]   p:Uniform   []

----- dataset: Contrastdata_expres       ----- model: gp_multidimensional           
rot_amp       id:  36  s:Linear      b:[    -10.0000,      10.0000]   p:Uniform   []
con_amp       id:  37  s:Linear      b:[    -20.0000,      20.0000]   p:Uniform   []

----- dataset:  Contrastdata_harps
jitter_0      id:  38  s:Linear      b:[      1.3000,   13000.0000]   p:Uniform   []
offset_0      id:  39  s:Linear      b:[-464256.3172, -409348.3188]   p:Uniform   []
offset_1      id:  40  s:Linear      b:[-464256.3172, -409348.3188]   p:Uniform   []

----- dataset: Contrastdata_harps        ----- model: gp_multidimensional           
rot_amp       id:  41  s:Linear      b:[    -10.0000,      10.0000]   p:Uniform   []
con_amp       id:  42  s:Linear      b:[    -20.0000,      20.0000]   p:Uniform   []

----- dataset:  Contrastdata_neid
jitter_0      id:  43  s:Linear      b:[      1.3000,   13000.0000]   p:Uniform   []
offset_0      id:  44  s:Linear      b:[-369967.1260, -349330.7806]   p:Uniform   []

----- dataset: Contrastdata_neid         ----- model: gp_multidimensional           
rot_amp       id:  45  s:Linear      b:[    -10.0000,      10.0000]   p:Uniform   []
con_amp       id:  46  s:Linear      b:[    -20.0000,      20.0000]   p:Uniform   []

----- common model:  b
P             id:   0  s:Log_Base2   b:[      0.3785,       6.6439]   p:Uniform   []
K             id:   1  s:Log_Base2   b:[     -9.9658,       3.3219]   p:Uniform   []
sre_coso      id:   2  s:Linear      b:[     -1.0000,       1.0000]   p:Uniform   []
sre_sino      id:   3  s:Linear      b:[     -1.0000,       1.0000]   p:Uniform   []
mean_long     id:   4  s:Linear      b:[     68.4014,     428.4014]   p:Uniform   []
e             derived (no id, space, bound)                           p:Gaussian   [0.    0.098]
omega         derived (no id, space, bound)                           p:Uniform   [0.0, 360.0]

----- common model:  activity
Prot          id:   5  s:Linear      b:[     20.0000,      35.0000]   p:Gaussian   [28.   0.5]
Pdec          id:   6  s:Linear      b:[     30.0000,    1000.0000]   p:Uniform   []
Oamp          id:   7  s:Log_Base2   b:[     -6.6439,       0.0000]   p:Gaussian   [0.35  0.035]

----- common model:  star_parameters
mass          derived (no id, space, bound)                           p:Gaussian   [1.e+00 1.e-06]
radius        derived (no id, space, bound)                           p:Gaussian   [1.e+00 1.e-06]
density       derived (no id, space, bound)                           p:Gaussian   [1.e+00 1.e-06]


****************************************************************************************************
****************************************************************************************************

 Confidence intervals (median value, 34.135th percentile from the median on the left and right side)

====================================================================================================
     Statistics on the posterior of the sampler parameters     
====================================================================================================

----- dataset:  RVdata_expres
jitter_0         8         0.947       -0.074        0.082   (15-84 p)   [    0.0010,    11.5000]
offset_0         9           2.6         -3.3          3.3   (15-84 p)   [-10006.2420, 10010.4100]

----- dataset: RVdata_expres             ----- model: gp_multidimensional           
rot_amp         10           4.4         -2.7          3.0   (15-84 p)   [    0.0000,    10.0000]
con_amp         11           7.5         -1.7          2.4   (15-84 p)   [  -20.0000,    20.0000]

----- dataset:  RVdata_harps
jitter_0        12         1.258       -0.090        0.098   (15-84 p)   [    0.0009,    13.3000]
offset_0        13           2.8         -2.5          2.5   (15-84 p)   [-10005.4343, 10010.2475]
offset_1        14           3.5         -2.5          2.6   (15-84 p)   [-10005.4343, 10010.2475]

----- dataset: RVdata_harps              ----- model: gp_multidimensional           
rot_amp         15           2.9         -1.9          2.5   (15-84 p)   [    0.0000,    10.0000]
con_amp         16           5.7         -1.3          1.9   (15-84 p)   [  -20.0000,    20.0000]

----- dataset:  RVdata_neid
jitter_0        17         1.236       -0.094         0.10   (15-84 p)   [    0.0010,    12.2000]
offset_0        18           3.4         -2.8          2.9   (15-84 p)   [-10005.9046, 10009.8774]

----- dataset: RVdata_neid               ----- model: gp_multidimensional           
rot_amp         19           5.5         -2.2          2.3   (15-84 p)   [    0.0000,    10.0000]
con_amp         20           6.5         -1.4          2.1   (15-84 p)   [  -20.0000,    20.0000]

----- dataset:  FWHMdata_expres
jitter_0        21          0.69        -0.45         0.69   (15-84 p)   [    0.0500,   500.0000]
offset_0        22        6776.0         -1.9          1.8   (15-84 p)   [-3233.0765, 16789.6022]

----- dataset: FWHMdata_expres           ----- model: gp_multidimensional           
rot_amp         23          -0.6         -5.0          5.0   (15-84 p)   [  -10.0000,    10.0000]
con_amp         24          -4.0         -1.5          1.1   (15-84 p)   [  -20.0000,    20.0000]

----- dataset:  FWHMdata_harps
jitter_0        25          0.42        -0.26         0.43   (15-84 p)   [    0.0500,   500.0000]
offset_0        26       6917.35        -0.69         0.74   (15-84 p)   [-3088.5511, 17176.1921]
offset_1        27        7171.6         -1.1          1.2   (15-84 p)   [-3088.5511, 17176.1921]

----- dataset: FWHMdata_harps            ----- model: gp_multidimensional           
rot_amp         28          -0.4         -5.0          5.2   (15-84 p)   [  -10.0000,    10.0000]
con_amp         29          0.33        -0.79         0.87   (15-84 p)   [  -20.0000,    20.0000]

----- dataset:  FWHMdata_neid
jitter_0        30          0.47        -0.30         0.48   (15-84 p)   [    0.0500,   500.0000]
offset_0        31       6957.18        -0.67         0.65   (15-84 p)   [-3049.2667, 16964.4316]

----- dataset: FWHMdata_neid             ----- model: gp_multidimensional           
rot_amp         32          -3.0         -4.0          4.6   (15-84 p)   [  -10.0000,    10.0000]
con_amp         33         -0.11        -0.86         0.84   (15-84 p)   [  -20.0000,    20.0000]

----- dataset:  Contrastdata_expres
jitter_0        34           182          -18           20   (15-84 p)   [    1.3000, 13000.0000]
offset_0        35       -349486          -22           21   (15-84 p)   [-359831.0100, -338852.3247]

----- dataset: Contrastdata_expres       ----- model: gp_multidimensional           
rot_amp         36           0.6         -7.2          6.5   (15-84 p)   [  -10.0000,    10.0000]
con_amp         37         -15.6         -3.3          8.1   (15-84 p)   [  -20.0000,    20.0000]

----- dataset:  Contrastdata_harps
jitter_0        38           123          -18           19   (15-84 p)   [    1.3000, 13000.0000]
offset_0        39       -453776          -21           20   (15-84 p)   [-464256.3172, -409348.3188]
offset_1        40       -419704          -33           33   (15-84 p)   [-464256.3172, -409348.3188]

----- dataset: Contrastdata_harps        ----- model: gp_multidimensional           
rot_amp         41          -0.8         -6.3          7.2   (15-84 p)   [  -10.0000,    10.0000]
con_amp         42          14.7         -8.6          4.0   (15-84 p)   [  -20.0000,    20.0000]

----- dataset:  Contrastdata_neid
jitter_0        43            41          -26           26   (15-84 p)   [    1.3000, 13000.0000]
offset_0        44       -359598          -15           15   (15-84 p)   [-369967.1260, -349330.7806]

----- dataset: Contrastdata_neid         ----- model: gp_multidimensional           
rot_amp         45           0.7         -7.2          6.4   (15-84 p)   [  -10.0000,    10.0000]
con_amp         46            -3          -11           14   (15-84 p)   [  -20.0000,    20.0000]

----- common model:  b
P                0         5.248       -0.084        0.100   (15-84 p)   [    0.3785,     6.6439]
K                1          1.68        -0.35         0.31   (15-84 p)   [   -9.9658,     3.3219]
sre_coso         2          0.04        -0.21         0.19   (15-84 p)   [   -1.0000,     1.0000]
sre_sino         3          0.01        -0.20         0.20   (15-84 p)   [   -1.0000,     1.0000]
mean_long        4           286          -31           30   (15-84 p)   [   68.4014,   428.4014]

----- common model:  activity
Prot             5         28.24        -0.39         0.40   (15-84 p)   [   20.0000,    35.0000]
Pdec             6          34.9         -3.6          7.0   (15-84 p)   [   30.0000,  1000.0000]
Oamp             7         -1.37        -0.12         0.11   (15-84 p)   [   -6.6439,     0.0000]

----- common model:  star_parameters

====================================================================================================
     Statistics on the model parameters obtained from the posteriors samples     
====================================================================================================

----- dataset:  RVdata_expres
jitter_0                 0.947       -0.074        0.082    (15-84 p)
offset_0                   2.6         -3.3          3.3    (15-84 p)


----- dataset: RVdata_expres             ----- model: gp_multidimensional           
rot_amp                    4.4         -2.7          3.0    (15-84 p)
con_amp                    7.5         -1.7          2.4    (15-84 p)

----- dataset:  RVdata_harps
jitter_0                 1.258       -0.090        0.098    (15-84 p)
offset_0                   2.8         -2.5          2.5    (15-84 p)
offset_1                   3.5         -2.5          2.6    (15-84 p)


----- dataset: RVdata_harps              ----- model: gp_multidimensional           
rot_amp                    2.9         -1.9          2.5    (15-84 p)
con_amp                    5.7         -1.3          1.9    (15-84 p)

----- dataset:  RVdata_neid
jitter_0                 1.236       -0.094         0.10    (15-84 p)
offset_0                   3.4         -2.8          2.9    (15-84 p)


----- dataset: RVdata_neid               ----- model: gp_multidimensional           
rot_amp                    5.5         -2.2          2.3    (15-84 p)
con_amp                    6.5         -1.4          2.1    (15-84 p)

----- dataset:  FWHMdata_expres
jitter_0                  0.69        -0.45         0.69    (15-84 p)
offset_0                6776.0         -1.9          1.8    (15-84 p)


----- dataset: FWHMdata_expres           ----- model: gp_multidimensional           
rot_amp                   -0.6         -5.0          5.0    (15-84 p)
con_amp                   -4.0         -1.5          1.1    (15-84 p)

----- dataset:  FWHMdata_harps
jitter_0                  0.42        -0.26         0.43    (15-84 p)
offset_0               6917.35        -0.69         0.74    (15-84 p)
offset_1                7171.6         -1.1          1.2    (15-84 p)


----- dataset: FWHMdata_harps            ----- model: gp_multidimensional           
rot_amp                   -0.4         -5.0          5.2    (15-84 p)
con_amp                   0.33        -0.79         0.87    (15-84 p)

----- dataset:  FWHMdata_neid
jitter_0                  0.47        -0.30         0.48    (15-84 p)
offset_0               6957.18        -0.67         0.65    (15-84 p)


----- dataset: FWHMdata_neid             ----- model: gp_multidimensional           
rot_amp                   -3.0         -4.0          4.6    (15-84 p)
con_amp                  -0.11        -0.86         0.84    (15-84 p)

----- dataset:  Contrastdata_expres
jitter_0                   182          -18           20    (15-84 p)
offset_0               -349486          -22           21    (15-84 p)


----- dataset: Contrastdata_expres       ----- model: gp_multidimensional           
rot_amp                    0.6         -7.2          6.5    (15-84 p)
con_amp                  -15.6         -3.3          8.1    (15-84 p)

----- dataset:  Contrastdata_harps
jitter_0                   123          -18           19    (15-84 p)
offset_0               -453776          -21           20    (15-84 p)
offset_1               -419704          -33           33    (15-84 p)


----- dataset: Contrastdata_harps        ----- model: gp_multidimensional           
rot_amp                   -0.8         -6.3          7.2    (15-84 p)
con_amp                   14.7         -8.6          4.0    (15-84 p)

----- dataset:  Contrastdata_neid
jitter_0                    41          -26           26    (15-84 p)
offset_0               -359598          -15           15    (15-84 p)


----- dataset: Contrastdata_neid         ----- model: gp_multidimensional           
rot_amp                    0.7         -7.2          6.4    (15-84 p)
con_amp                     -3          -11           14    (15-84 p)

----- common model:  b
P                         38.0         -2.2          2.7    (15-84 p)
K                         3.21        -0.68         0.77    (15-84 p)
mean_long                  286          -31           30    (15-84 p)
e                        0.060       -0.043        0.065    (15-84 p)
omega                      118         -109          150    (15-84 p)

----- common model:  activity
Prot                     28.24        -0.39         0.40    (15-84 p)
Pdec                      34.9         -3.6          7.0    (15-84 p)
Oamp                     0.388       -0.030        0.030    (15-84 p)

----- common model:  star_parameters

====================================================================================================
     Statistics on the derived parameters obtained from the posteriors samples     
====================================================================================================

----- common model:  b
Inclination fixed to 90 deg!
Computing planetary mass under the approximation M_planet << M_star (threshold at 30.0 Me)
a_Rs                      47.6         -1.8          2.2    (15-84 p)
M_Mj                     0.053       -0.011        0.012    (15-84 p)
M_Me                      16.9         -3.5          4.0    (15-84 p)
Tc                     59351.9         -2.3          2.3    (15-84 p)
a_AU_(M)                0.2212      -0.0085        0.010    (15-84 p)
a_AU_(rho,R)            0.2212      -0.0085        0.010    (15-84 p)


====================================================================================================
     ------------------------------------------------------------------------------------------     
====================================================================================================



****************************************************************************************************

 Parameters corresponding to the Maximum a Posteriori probability ( -3813.982876140791 )

====================================================================================================
     Statistics on the posterior of the sampler parameters     
====================================================================================================

----- dataset:  RVdata_expres
jitter_0         8      0.949503 [    0.0010,    11.5000]
offset_0         9      2.402694 [-10006.2420, 10010.4100]

----- dataset: RVdata_expres             ----- model: gp_multidimensional           
rot_amp         10      4.221802 [    0.0000,    10.0000]
con_amp         11      5.991773 [  -20.0000,    20.0000]

----- dataset:  RVdata_harps
jitter_0        12      1.275684 [    0.0009,    13.3000]
offset_0        13      2.571012 [-10005.4343, 10010.2475]
offset_1        14      3.156242 [-10005.4343, 10010.2475]

----- dataset: RVdata_harps              ----- model: gp_multidimensional           
rot_amp         15      1.858295 [    0.0000,    10.0000]
con_amp         16      4.714119 [  -20.0000,    20.0000]

----- dataset:  RVdata_neid
jitter_0        17      1.189910 [    0.0010,    12.2000]
offset_0        18      3.142401 [-10005.9046, 10009.8774]

----- dataset: RVdata_neid               ----- model: gp_multidimensional           
rot_amp         19      3.977911 [    0.0000,    10.0000]
con_amp         20      5.278437 [  -20.0000,    20.0000]

----- dataset:  FWHMdata_expres
jitter_0        21      0.313979 [    0.0500,   500.0000]
offset_0        22   6776.135968 [-3233.0765, 16789.6022]

----- dataset: FWHMdata_expres           ----- model: gp_multidimensional           
rot_amp         23     -0.801191 [  -10.0000,    10.0000]
con_amp         24     -3.624945 [  -20.0000,    20.0000]

----- dataset:  FWHMdata_harps
jitter_0        25      0.431287 [    0.0500,   500.0000]
offset_0        26   6917.025319 [-3088.5511, 17176.1921]
offset_1        27   7170.990736 [-3088.5511, 17176.1921]

----- dataset: FWHMdata_harps            ----- model: gp_multidimensional           
rot_amp         28     -1.823775 [  -10.0000,    10.0000]
con_amp         29      0.082240 [  -20.0000,    20.0000]

----- dataset:  FWHMdata_neid
jitter_0        30      0.127023 [    0.0500,   500.0000]
offset_0        31   6956.955356 [-3049.2667, 16964.4316]

----- dataset: FWHMdata_neid             ----- model: gp_multidimensional           
rot_amp         32     -7.679371 [  -10.0000,    10.0000]
con_amp         33     -0.075071 [  -20.0000,    20.0000]

----- dataset:  Contrastdata_expres
jitter_0        34    187.656795 [    1.3000, 13000.0000]
offset_0        35  -349492.982461 [-359831.0100, -338852.3247]

----- dataset: Contrastdata_expres       ----- model: gp_multidimensional           
rot_amp         36     -6.785077 [  -10.0000,    10.0000]
con_amp         37    -19.631789 [  -20.0000,    20.0000]

----- dataset:  Contrastdata_harps
jitter_0        38    146.817597 [    1.3000, 13000.0000]
offset_0        39  -453786.311823 [-464256.3172, -409348.3188]
offset_1        40  -419709.543435 [-464256.3172, -409348.3188]

----- dataset: Contrastdata_harps        ----- model: gp_multidimensional           
rot_amp         41     -3.632289 [  -10.0000,    10.0000]
con_amp         42     19.113452 [  -20.0000,    20.0000]

----- dataset:  Contrastdata_neid
jitter_0        43     47.935753 [    1.3000, 13000.0000]
offset_0        44  -359606.812513 [-369967.1260, -349330.7806]

----- dataset: Contrastdata_neid         ----- model: gp_multidimensional           
rot_amp         45     -0.387780 [  -10.0000,    10.0000]
con_amp         46    -17.139361 [  -20.0000,    20.0000]

----- common model:  b
P                0      5.206060 [    0.3785,     6.6439]
K                1      1.652121 [   -9.9658,     3.3219]
sre_coso         2     -0.097101 [   -1.0000,     1.0000]
sre_sino         3      0.078594 [   -1.0000,     1.0000]
mean_long        4    258.275120 [   68.4014,   428.4014]

----- common model:  activity
Prot             5     28.219534 [   20.0000,    35.0000]
Pdec             6     30.843269 [   30.0000,  1000.0000]
Oamp             7     -1.320866 [   -6.6439,     0.0000]

----- common model:  star_parameters

====================================================================================================
     Statistics on the model parameters obtained from the posteriors samples     
====================================================================================================

----- dataset:  RVdata_expres
jitter_0              0.949503 
offset_0              2.402694 


----- dataset: RVdata_expres             ----- model: gp_multidimensional           
rot_amp               4.221802 
con_amp               5.991773 

----- dataset:  RVdata_harps
jitter_0              1.275684 
offset_0              2.571012 
offset_1              3.156242 


----- dataset: RVdata_harps              ----- model: gp_multidimensional           
rot_amp               1.858295 
con_amp               4.714119 

----- dataset:  RVdata_neid
jitter_0              1.189910 
offset_0              3.142401 


----- dataset: RVdata_neid               ----- model: gp_multidimensional           
rot_amp               3.977911 
con_amp               5.278437 

----- dataset:  FWHMdata_expres
jitter_0              0.313979 
offset_0           6776.135968 


----- dataset: FWHMdata_expres           ----- model: gp_multidimensional           
rot_amp              -0.801191 
con_amp              -3.624945 

----- dataset:  FWHMdata_harps
jitter_0              0.431287 
offset_0           6917.025319 
offset_1           7170.990736 


----- dataset: FWHMdata_harps            ----- model: gp_multidimensional           
rot_amp              -1.823775 
con_amp               0.082240 

----- dataset:  FWHMdata_neid
jitter_0              0.127023 
offset_0           6956.955356 


----- dataset: FWHMdata_neid             ----- model: gp_multidimensional           
rot_amp              -7.679371 
con_amp              -0.075071 

----- dataset:  Contrastdata_expres
jitter_0            187.656795 
offset_0        -349492.982461 


----- dataset: Contrastdata_expres       ----- model: gp_multidimensional           
rot_amp              -6.785077 
con_amp             -19.631789 

----- dataset:  Contrastdata_harps
jitter_0            146.817597 
offset_0        -453786.311823 
offset_1        -419709.543435 


----- dataset: Contrastdata_harps        ----- model: gp_multidimensional           
rot_amp              -3.632289 
con_amp              19.113452 

----- dataset:  Contrastdata_neid
jitter_0             47.935753 
offset_0        -359606.812513 


----- dataset: Contrastdata_neid         ----- model: gp_multidimensional           
rot_amp              -0.387780 
con_amp             -17.139361 

----- common model:  b
P                    36.913081 
K                     3.142954 
mean_long           258.275120 
e                     0.015606 
omega               141.013108 

----- common model:  activity
Prot                 28.219534 
Pdec                 30.843269 
Oamp                  0.400295 

----- common model:  star_parameters

====================================================================================================
     Statistics on the derived parameters obtained from the posteriors samples     
====================================================================================================

----- common model:  b
Inclination fixed to 90 deg!
a_Rs                 46.634011 
M_Mj                  0.051475 
M_Me                 16.363459 
Tc                59354.500430 
a_AU_(M)              0.216968 
a_AU_(rho,R)          0.216964 


====================================================================================================
     ------------------------------------------------------------------------------------------     
====================================================================================================



****************************************************************************************************

 Parameters corresponding to the sample closest to the median values ( -3825.093623805284 )

====================================================================================================
     Statistics on the posterior of the sampler parameters     
====================================================================================================

----- dataset:  RVdata_expres
jitter_0         8      0.968165 [    0.0010,    11.5000]
offset_0         9      4.753806 [-10006.2420, 10010.4100]

----- dataset: RVdata_expres             ----- model: gp_multidimensional           
rot_amp         10      3.865219 [    0.0000,    10.0000]
con_amp         11      6.811638 [  -20.0000,    20.0000]

----- dataset:  RVdata_harps
jitter_0        12      1.248850 [    0.0009,    13.3000]
offset_0        13      4.752195 [-10005.4343, 10010.2475]
offset_1        14      5.454865 [-10005.4343, 10010.2475]

----- dataset: RVdata_harps              ----- model: gp_multidimensional           
rot_amp         15      3.656725 [    0.0000,    10.0000]
con_amp         16      5.306767 [  -20.0000,    20.0000]

----- dataset:  RVdata_neid
jitter_0        17      1.372613 [    0.0010,    12.2000]
offset_0        18      5.340923 [-10005.9046, 10009.8774]

----- dataset: RVdata_neid               ----- model: gp_multidimensional           
rot_amp         19      4.660195 [    0.0000,    10.0000]
con_amp         20      5.782262 [  -20.0000,    20.0000]

----- dataset:  FWHMdata_expres
jitter_0        21      0.585373 [    0.0500,   500.0000]
offset_0        22   6775.058907 [-3233.0765, 16789.6022]

----- dataset: FWHMdata_expres           ----- model: gp_multidimensional           
rot_amp         23     -0.300424 [  -10.0000,    10.0000]
con_amp         24     -3.589560 [  -20.0000,    20.0000]

----- dataset:  FWHMdata_harps
jitter_0        25      0.241863 [    0.0500,   500.0000]
offset_0        26   6917.697881 [-3088.5511, 17176.1921]
offset_1        27   7170.512634 [-3088.5511, 17176.1921]

----- dataset: FWHMdata_harps            ----- model: gp_multidimensional           
rot_amp         28     -0.483006 [  -10.0000,    10.0000]
con_amp         29     -0.946685 [  -20.0000,    20.0000]

----- dataset:  FWHMdata_neid
jitter_0        30      0.403226 [    0.0500,   500.0000]
offset_0        31   6956.912978 [-3049.2667, 16964.4316]

----- dataset: FWHMdata_neid             ----- model: gp_multidimensional           
rot_amp         32     -1.159680 [  -10.0000,    10.0000]
con_amp         33     -0.637723 [  -20.0000,    20.0000]

----- dataset:  Contrastdata_expres
jitter_0        34    179.547778 [    1.3000, 13000.0000]
offset_0        35  -349485.900714 [-359831.0100, -338852.3247]

----- dataset: Contrastdata_expres       ----- model: gp_multidimensional           
rot_amp         36     -0.869276 [  -10.0000,    10.0000]
con_amp         37    -18.258238 [  -20.0000,    20.0000]

----- dataset:  Contrastdata_harps
jitter_0        38    135.197755 [    1.3000, 13000.0000]
offset_0        39  -453726.026407 [-464256.3172, -409348.3188]
offset_1        40  -419680.616703 [-464256.3172, -409348.3188]

----- dataset: Contrastdata_harps        ----- model: gp_multidimensional           
rot_amp         41     -1.651391 [  -10.0000,    10.0000]
con_amp         42      9.782226 [  -20.0000,    20.0000]

----- dataset:  Contrastdata_neid
jitter_0        43     43.480921 [    1.3000, 13000.0000]
offset_0        44  -359585.459767 [-369967.1260, -349330.7806]

----- dataset: Contrastdata_neid         ----- model: gp_multidimensional           
rot_amp         45     -1.235829 [  -10.0000,    10.0000]
con_amp         46     -0.155495 [  -20.0000,    20.0000]

----- common model:  b
P                0      5.324200 [    0.3785,     6.6439]
K                1      1.694847 [   -9.9658,     3.3219]
sre_coso         2      0.026225 [   -1.0000,     1.0000]
sre_sino         3     -0.035795 [   -1.0000,     1.0000]
mean_long        4    299.138064 [   68.4014,   428.4014]

----- common model:  activity
Prot             5     28.926013 [   20.0000,    35.0000]
Pdec             6     33.775643 [   30.0000,  1000.0000]
Oamp             7     -1.335985 [   -6.6439,     0.0000]

----- common model:  star_parameters

====================================================================================================
     Statistics on the model parameters obtained from the posteriors samples     
====================================================================================================

----- dataset:  RVdata_expres
jitter_0              0.968165 
offset_0              4.753806 


----- dataset: RVdata_expres             ----- model: gp_multidimensional           
rot_amp               3.865219 
con_amp               6.811638 

----- dataset:  RVdata_harps
jitter_0              1.248850 
offset_0              4.752195 
offset_1              5.454865 


----- dataset: RVdata_harps              ----- model: gp_multidimensional           
rot_amp               3.656725 
con_amp               5.306767 

----- dataset:  RVdata_neid
jitter_0              1.372613 
offset_0              5.340923 


----- dataset: RVdata_neid               ----- model: gp_multidimensional           
rot_amp               4.660195 
con_amp               5.782262 

----- dataset:  FWHMdata_expres
jitter_0              0.585373 
offset_0           6775.058907 


----- dataset: FWHMdata_expres           ----- model: gp_multidimensional           
rot_amp              -0.300424 
con_amp              -3.589560 

----- dataset:  FWHMdata_harps
jitter_0              0.241863 
offset_0           6917.697881 
offset_1           7170.512634 


----- dataset: FWHMdata_harps            ----- model: gp_multidimensional           
rot_amp              -0.483006 
con_amp              -0.946685 

----- dataset:  FWHMdata_neid
jitter_0              0.403226 
offset_0           6956.912978 


----- dataset: FWHMdata_neid             ----- model: gp_multidimensional           
rot_amp              -1.159680 
con_amp              -0.637723 

----- dataset:  Contrastdata_expres
jitter_0            179.547778 
offset_0        -349485.900714 


----- dataset: Contrastdata_expres       ----- model: gp_multidimensional           
rot_amp              -0.869276 
con_amp             -18.258238 

----- dataset:  Contrastdata_harps
jitter_0            135.197755 
offset_0        -453726.026407 
offset_1        -419680.616703 


----- dataset: Contrastdata_harps        ----- model: gp_multidimensional           
rot_amp              -1.651391 
con_amp               9.782226 

----- dataset:  Contrastdata_neid
jitter_0             43.480921 
offset_0        -359585.459767 


----- dataset: Contrastdata_neid         ----- model: gp_multidimensional           
rot_amp              -1.235829 
con_amp              -0.155495 

----- common model:  b
P                    40.063049 
K                     3.237425 
mean_long           299.138064 
e                     0.001969 
omega               -53.772079 

----- common model:  activity
Prot                 28.926013 
Pdec                 33.775643 
Oamp                  0.396122 

----- common model:  star_parameters

====================================================================================================
     Statistics on the derived parameters obtained from the posteriors samples     
====================================================================================================

----- common model:  b
Inclination fixed to 90 deg!
a_Rs                 49.250628 
M_Mj                  0.054496 
M_Me                 17.323844 
Tc                59351.474185 
a_AU_(M)              0.229142 
a_AU_(rho,R)          0.229137 


====================================================================================================
     ------------------------------------------------------------------------------------------     
====================================================================================================



****************************************************************************************************

Inclination fixed to 90 deg!
Note: stellar density derived from stellar mass and radius

Inclination fixed to 90 deg!
Inclination fixed to 90 deg!
 Plot FLAT chain 

****************************************************************************************************

 Skipping full correlation plot due to the high number of parameters
 To avoid this behaviour, set the keyword parameters:force_full_correlation_plot to True

****************************************************************************************************

 Plotting the chains... 

****************************************************************************************************

 Plotting the Gelman-Rubin traces... 

     Gelman-Rubin:     8     1.046026 RVdata_expres_jitter_0 
     Gelman-Rubin:     9     1.105021 RVdata_expres_offset_0 
     Gelman-Rubin:    10     1.045009 RVdata_expres_gp_multidimensional_rot_amp 
     Gelman-Rubin:    11     1.063238 RVdata_expres_gp_multidimensional_con_amp 
     Gelman-Rubin:    12     1.037443 RVdata_harps_jitter_0 
     Gelman-Rubin:    13     1.106295 RVdata_harps_offset_0 
     Gelman-Rubin:    14     1.106411 RVdata_harps_offset_1 
     Gelman-Rubin:    15     1.043388 RVdata_harps_gp_multidimensional_rot_amp 
     Gelman-Rubin:    16     1.062261 RVdata_harps_gp_multidimensional_con_amp 
     Gelman-Rubin:    17     1.041793 RVdata_neid_jitter_0 
     Gelman-Rubin:    18     1.105213 RVdata_neid_offset_0 
     Gelman-Rubin:    19     1.040047 RVdata_neid_gp_multidimensional_rot_amp 
     Gelman-Rubin:    20     1.063703 RVdata_neid_gp_multidimensional_con_amp 
     Gelman-Rubin:    21     1.049161 FWHMdata_expres_jitter_0 
     Gelman-Rubin:    22     1.098281 FWHMdata_expres_offset_0 
     Gelman-Rubin:    23     1.048032 FWHMdata_expres_gp_multidimensional_rot_amp 
     Gelman-Rubin:    24     1.063403 FWHMdata_expres_gp_multidimensional_con_amp 
     Gelman-Rubin:    25     1.051407 FWHMdata_harps_jitter_0 
     Gelman-Rubin:    26     1.065239 FWHMdata_harps_offset_0 
     Gelman-Rubin:    27     1.043179 FWHMdata_harps_offset_1 
     Gelman-Rubin:    28     1.039199 FWHMdata_harps_gp_multidimensional_rot_amp 
     Gelman-Rubin:    29     1.068225 FWHMdata_harps_gp_multidimensional_con_amp 
     Gelman-Rubin:    30     1.048580 FWHMdata_neid_jitter_0 
     Gelman-Rubin:    31     1.067725 FWHMdata_neid_offset_0 
     Gelman-Rubin:    32     1.048148 FWHMdata_neid_gp_multidimensional_rot_amp 
     Gelman-Rubin:    33     1.066457 FWHMdata_neid_gp_multidimensional_con_amp 
     Gelman-Rubin:    34     1.040029 Contrastdata_expres_jitter_0 
     Gelman-Rubin:    35     1.041056 Contrastdata_expres_offset_0 
     Gelman-Rubin:    36     1.046171 Contrastdata_expres_gp_multidimensional_rot_amp 
     Gelman-Rubin:    37     1.061033 Contrastdata_expres_gp_multidimensional_con_amp 
     Gelman-Rubin:    38     1.046630 Contrastdata_harps_jitter_0 
     Gelman-Rubin:    39     1.050663 Contrastdata_harps_offset_0 
     Gelman-Rubin:    40     1.042078 Contrastdata_harps_offset_1 
     Gelman-Rubin:    41     1.040644 Contrastdata_harps_gp_multidimensional_rot_amp 
     Gelman-Rubin:    42     1.055758 Contrastdata_harps_gp_multidimensional_con_amp 
     Gelman-Rubin:    43     1.037345 Contrastdata_neid_jitter_0 
     Gelman-Rubin:    44     1.043860 Contrastdata_neid_offset_0 
     Gelman-Rubin:    45     1.037365 Contrastdata_neid_gp_multidimensional_rot_amp 
     Gelman-Rubin:    46     1.051426 Contrastdata_neid_gp_multidimensional_con_amp 
     Gelman-Rubin:     0     1.047247 b_P 
     Gelman-Rubin:     1     1.062971 b_K 
     Gelman-Rubin:     2     1.041925 b_sre_coso 
     Gelman-Rubin:     3     1.044141 b_sre_sino 
     Gelman-Rubin:     4     1.042797 b_mean_long 
     Gelman-Rubin:     5     1.040194 activity_Prot 
     Gelman-Rubin:     6     1.063700 activity_Pdec 
     Gelman-Rubin:     7     1.040526 activity_Oamp 

****************************************************************************************************

Plotting the common models corner plots
     Common model:  b
     Common model:  activity
     Common model:  star_parameters

****************************************************************************************************

Plotting the dataset + models corner plots 

     Dataset:  RVdata_expres     model:  gp_multidimensional  corner plot  starting 
     Dataset:  RVdata_expres     model:  gp_multidimensional  corner plot  done 
     Dataset:  RVdata_expres     model:  radial_velocities_b  corner plot  starting 
     Dataset:  RVdata_expres     model:  radial_velocities_b  corner plot  done 
     Dataset:  RVdata_harps     model:  gp_multidimensional  corner plot  starting 
     Dataset:  RVdata_harps     model:  gp_multidimensional  corner plot  done 
     Dataset:  RVdata_harps     model:  radial_velocities_b  corner plot  starting 
     Dataset:  RVdata_harps     model:  radial_velocities_b  corner plot  done 
     Dataset:  RVdata_neid     model:  gp_multidimensional  corner plot  starting 
     Dataset:  RVdata_neid     model:  gp_multidimensional  corner plot  done 
     Dataset:  RVdata_neid     model:  radial_velocities_b  corner plot  starting 
     Dataset:  RVdata_neid     model:  radial_velocities_b  corner plot  done 
     Dataset:  FWHMdata_expres     model:  gp_multidimensional  corner plot  starting 
     Dataset:  FWHMdata_expres     model:  gp_multidimensional  corner plot  done 
     Dataset:  FWHMdata_harps     model:  gp_multidimensional  corner plot  starting 
     Dataset:  FWHMdata_harps     model:  gp_multidimensional  corner plot  done 
     Dataset:  FWHMdata_neid     model:  gp_multidimensional  corner plot  starting 
     Dataset:  FWHMdata_neid     model:  gp_multidimensional  corner plot  done 
     Dataset:  Contrastdata_expres     model:  gp_multidimensional  corner plot  starting 
     Dataset:  Contrastdata_expres     model:  gp_multidimensional  corner plot  done 
     Dataset:  Contrastdata_harps     model:  gp_multidimensional  corner plot  starting 
     Dataset:  Contrastdata_harps     model:  gp_multidimensional  corner plot  done 
     Dataset:  Contrastdata_neid     model:  gp_multidimensional  corner plot  starting 
     Dataset:  Contrastdata_neid     model:  gp_multidimensional  corner plot  done 

****************************************************************************************************

 Saving the planet parameter samplings to files (with plots)

****************************************************************************************************

 Saving all the parameter samplings to files (with plots)

****************************************************************************************************

 Computing the models for plot/data writing 
     Splitting the plot array to allow GP prediction of extended datasets, it may take a while...
     # 21 chunks of 93 times each
     Check the documentation if the code is taking too long or if it crashes...
     Splitting the plot array to allow GP prediction of extended datasets, it may take a while...
     # 21 chunks of 93 times each
     Check the documentation if the code is taking too long or if it crashes...
     Splitting the plot array to allow GP prediction of extended datasets, it may take a while...
     # 21 chunks of 93 times each
     Check the documentation if the code is taking too long or if it crashes...
     Splitting the plot array to allow GP prediction of extended datasets, it may take a while...
     # 15 chunks of 93 times each
     Check the documentation if the code is taking too long or if it crashes...
     Splitting the plot array to allow GP prediction of extended datasets, it may take a while...
     # 15 chunks of 93 times each
     Check the documentation if the code is taking too long or if it crashes...
     Splitting the plot array to allow GP prediction of extended datasets, it may take a while...
     # 13 chunks of 93 times each
     Check the documentation if the code is taking too long or if it crashes...
     Splitting the plot array to allow GP prediction of extended datasets, it may take a while...
     # 15 chunks of 93 times each
     Check the documentation if the code is taking too long or if it crashes...
     Splitting the plot array to allow GP prediction of extended datasets, it may take a while...
     # 15 chunks of 93 times each
     Check the documentation if the code is taking too long or if it crashes...
     Splitting the plot array to allow GP prediction of extended datasets, it may take a while...
     # 13 chunks of 93 times each
     Check the documentation if the code is taking too long or if it crashes...
     Splitting the plot array to allow GP prediction of extended datasets, it may take a while...
     # 21 chunks of 93 times each
     Check the documentation if the code is taking too long or if it crashes...
     Splitting the plot array to allow GP prediction of extended datasets, it may take a while...
     # 21 chunks of 93 times each
     Check the documentation if the code is taking too long or if it crashes...
     Splitting the plot array to allow GP prediction of extended datasets, it may take a while...
     # 21 chunks of 93 times each
     Check the documentation if the code is taking too long or if it crashes...
     Splitting the plot array to allow GP prediction of extended datasets, it may take a while...
     # 15 chunks of 93 times each
     Check the documentation if the code is taking too long or if it crashes...
     Splitting the plot array to allow GP prediction of extended datasets, it may take a while...
     # 15 chunks of 93 times each
     Check the documentation if the code is taking too long or if it crashes...
     Splitting the plot array to allow GP prediction of extended datasets, it may take a while...
     # 13 chunks of 93 times each
     Check the documentation if the code is taking too long or if it crashes...
     Splitting the plot array to allow GP prediction of extended datasets, it may take a while...
     # 15 chunks of 93 times each
     Check the documentation if the code is taking too long or if it crashes...
     Splitting the plot array to allow GP prediction of extended datasets, it may take a while...
     # 15 chunks of 93 times each
     Check the documentation if the code is taking too long or if it crashes...
     Splitting the plot array to allow GP prediction of extended datasets, it may take a while...
     # 13 chunks of 93 times each
     Check the documentation if the code is taking too long or if it crashes...
     Splitting the plot array to allow GP prediction of extended datasets, it may take a while...
     # 21 chunks of 93 times each
     Check the documentation if the code is taking too long or if it crashes...
     Splitting the plot array to allow GP prediction of extended datasets, it may take a while...
     # 21 chunks of 93 times each
     Check the documentation if the code is taking too long or if it crashes...
     Splitting the plot array to allow GP prediction of extended datasets, it may take a while...
     # 21 chunks of 93 times each
     Check the documentation if the code is taking too long or if it crashes...
     Splitting the plot array to allow GP prediction of extended datasets, it may take a while...
     # 15 chunks of 93 times each
     Check the documentation if the code is taking too long or if it crashes...
     Splitting the plot array to allow GP prediction of extended datasets, it may take a while...
     # 15 chunks of 93 times each
     Check the documentation if the code is taking too long or if it crashes...
     Splitting the plot array to allow GP prediction of extended datasets, it may take a while...
     # 13 chunks of 93 times each
     Check the documentation if the code is taking too long or if it crashes...
     Splitting the plot array to allow GP prediction of extended datasets, it may take a while...
     # 15 chunks of 93 times each
     Check the documentation if the code is taking too long or if it crashes...
     Splitting the plot array to allow GP prediction of extended datasets, it may take a while...
     # 15 chunks of 93 times each
     Check the documentation if the code is taking too long or if it crashes...
     Splitting the plot array to allow GP prediction of extended datasets, it may take a while...
     # 13 chunks of 93 times each
     Check the documentation if the code is taking too long or if it crashes...
 Writing the plots 
 Writing the   data files 
 Writing the  MAP_ data files 
 Writing the  sampleMED_ data files 

****************************************************************************************************

