
:::---::: PyORBIT v11.0.1 :::---:::

Python version in use:
3.10.18 (main, Jun  5 2025, 13:14:17) [GCC 11.2.0]

reloaded_optimize:  False
reloaded_pyde:  False
reloaded_emcee:  False

number of multiprocessing threads: 16
multiprocessing method (should be fork):  fork

parameters/safe_reload flag (must be True for tinygp):  False

Opening:  RVdata_expres
Opening:  RVdata_harps
Opening:  RVdata_neid
Opening:  BISdata_expres
Opening:  BISdata_harps
Opening:  BISdata_neid
Opening:  FWHMdata_expres
Opening:  FWHMdata_harps
Opening:  FWHMdata_neid
Opening:  Contrastdata_expres
Opening:  Contrastdata_harps
Opening:  Contrastdata_neid
Opening:  Halphadata_expres
Opening:  Halphadata_harps
Opening:  Halphadata_neid

Adding common model of planet:  b
Adding common model of planet:  c
Using orbital model:  keplerian
Using orbital parametrization:  Eastman2013

Using orbital model:  keplerian
Using orbital parametrization:  Eastman2013

gp_multidimensional  S+LEAF model, number of harmonics: 4

GP model: gp_multidimensional  hyperparameters_condition:    True
GP model: gp_multidimensional  rotation_decay_condition:     True

====================================================================================================
     Ids, spaces (s), boundaries (b) and priors (p) of the sampler parameters     
====================================================================================================

----- dataset:  RVdata_expres
jitter_0      id:  13  s:Linear      b:[      0.0010,      11.5000]   p:Uniform   []
offset_0      id:  14  s:Linear      b:[  -9995.6770,   10013.1550]   p:Uniform   []

----- dataset: RVdata_expres             ----- model: gp_multidimensional           
rot_amp       id:  15  s:Linear      b:[      0.0000,      10.0000]   p:Uniform   []
con_amp       id:  16  s:Linear      b:[    -20.0000,      20.0000]   p:Uniform   []

----- dataset:  RVdata_harps
jitter_0      id:  17  s:Linear      b:[      0.0010,      13.3000]   p:Uniform   []
offset_0      id:  18  s:Linear      b:[  -9995.1415,   10014.3487]   p:Uniform   []
offset_1      id:  19  s:Linear      b:[  -9995.1415,   10014.3487]   p:Uniform   []

----- dataset: RVdata_harps              ----- model: gp_multidimensional           
rot_amp       id:  20  s:Linear      b:[      0.0000,      10.0000]   p:Uniform   []
con_amp       id:  21  s:Linear      b:[    -20.0000,      20.0000]   p:Uniform   []

----- dataset:  RVdata_neid
jitter_0      id:  22  s:Linear      b:[      0.0010,      12.2000]   p:Uniform   []
offset_0      id:  23  s:Linear      b:[  -9993.8466,   10013.8014]   p:Uniform   []

----- dataset: RVdata_neid               ----- model: gp_multidimensional           
rot_amp       id:  24  s:Linear      b:[      0.0000,      10.0000]   p:Uniform   []
con_amp       id:  25  s:Linear      b:[    -20.0000,      20.0000]   p:Uniform   []

----- dataset:  BISdata_expres
jitter_0      id:  26  s:Linear      b:[      0.0095,      95.0000]   p:Uniform   []
offset_0      id:  27  s:Linear      b:[ -10062.6333,    9950.1000]   p:Uniform   []

----- dataset: BISdata_expres            ----- model: gp_multidimensional           
rot_amp       id:  28  s:Linear      b:[    -10.0000,      10.0000]   p:Uniform   []
con_amp       id:  29  s:Linear      b:[    -20.0000,      20.0000]   p:Uniform   []

----- dataset:  BISdata_harps
jitter_0      id:  30  s:Linear      b:[      0.0095,      95.0000]   p:Uniform   []
offset_0      id:  31  s:Linear      b:[ -10050.2167,    9967.9000]   p:Uniform   []
offset_1      id:  32  s:Linear      b:[ -10050.2167,    9967.9000]   p:Uniform   []

----- dataset: BISdata_harps             ----- model: gp_multidimensional           
rot_amp       id:  33  s:Linear      b:[    -10.0000,      10.0000]   p:Uniform   []
con_amp       id:  34  s:Linear      b:[    -20.0000,      20.0000]   p:Uniform   []

----- dataset:  BISdata_neid
jitter_0      id:  35  s:Linear      b:[      0.0095,      95.0000]   p:Uniform   []
offset_0      id:  36  s:Linear      b:[ -10050.3833,    9958.6000]   p:Uniform   []

----- dataset: BISdata_neid              ----- model: gp_multidimensional           
rot_amp       id:  37  s:Linear      b:[    -10.0000,      10.0000]   p:Uniform   []
con_amp       id:  38  s:Linear      b:[    -20.0000,      20.0000]   p:Uniform   []

----- dataset:  FWHMdata_expres
jitter_0      id:  39  s:Linear      b:[      0.0500,     500.0000]   p:Uniform   []
offset_0      id:  40  s:Linear      b:[  -3231.3066,   16788.6123]   p:Uniform   []

----- dataset: FWHMdata_expres           ----- model: gp_multidimensional           
rot_amp       id:  41  s:Linear      b:[    -10.0000,      10.0000]   p:Uniform   []
con_amp       id:  42  s:Linear      b:[    -20.0000,      20.0000]   p:Uniform   []

----- dataset:  FWHMdata_harps
jitter_0      id:  43  s:Linear      b:[      0.0500,     500.0000]   p:Uniform   []
offset_0      id:  44  s:Linear      b:[  -3088.2455,   17179.2899]   p:Uniform   []
offset_1      id:  45  s:Linear      b:[  -3088.2455,   17179.2899]   p:Uniform   []

----- dataset: FWHMdata_harps            ----- model: gp_multidimensional           
rot_amp       id:  46  s:Linear      b:[    -10.0000,      10.0000]   p:Uniform   []
con_amp       id:  47  s:Linear      b:[    -20.0000,      20.0000]   p:Uniform   []

----- dataset:  FWHMdata_neid
jitter_0      id:  48  s:Linear      b:[      0.0500,     500.0000]   p:Uniform   []
offset_0      id:  49  s:Linear      b:[  -3050.5362,   16961.5856]   p:Uniform   []

----- dataset: FWHMdata_neid             ----- model: gp_multidimensional           
rot_amp       id:  50  s:Linear      b:[    -10.0000,      10.0000]   p:Uniform   []
con_amp       id:  51  s:Linear      b:[    -20.0000,      20.0000]   p:Uniform   []

----- dataset:  Contrastdata_expres
jitter_0      id:  52  s:Linear      b:[      1.3000,   13000.0000]   p:Uniform   []
offset_0      id:  53  s:Linear      b:[-359920.4253, -338857.3677]   p:Uniform   []

----- dataset: Contrastdata_expres       ----- model: gp_multidimensional           
rot_amp       id:  54  s:Linear      b:[    -10.0000,      10.0000]   p:Uniform   []
con_amp       id:  55  s:Linear      b:[    -20.0000,      20.0000]   p:Uniform   []

----- dataset:  Contrastdata_harps
jitter_0      id:  56  s:Linear      b:[      1.3000,   13000.0000]   p:Uniform   []
offset_0      id:  57  s:Linear      b:[-464231.0713, -409603.2636]   p:Uniform   []
offset_1      id:  58  s:Linear      b:[-464231.0713, -409603.2636]   p:Uniform   []

----- dataset: Contrastdata_harps        ----- model: gp_multidimensional           
rot_amp       id:  59  s:Linear      b:[    -10.0000,      10.0000]   p:Uniform   []
con_amp       id:  60  s:Linear      b:[    -20.0000,      20.0000]   p:Uniform   []

----- dataset:  Contrastdata_neid
jitter_0      id:  61  s:Linear      b:[      1.3000,   13000.0000]   p:Uniform   []
offset_0      id:  62  s:Linear      b:[-369898.1579, -349381.6867]   p:Uniform   []

----- dataset: Contrastdata_neid         ----- model: gp_multidimensional           
rot_amp       id:  63  s:Linear      b:[    -10.0000,      10.0000]   p:Uniform   []
con_amp       id:  64  s:Linear      b:[    -20.0000,      20.0000]   p:Uniform   []

----- dataset:  Halphadata_expres
jitter_0      id:  65  s:Linear      b:[      0.0000,       0.1000]   p:Uniform   []
offset_0      id:  66  s:Linear      b:[  -9999.8289,   10000.1728]   p:Uniform   []

----- dataset: Halphadata_expres         ----- model: gp_multidimensional           
rot_amp       id:  67  s:Linear      b:[    -10.0000,      10.0000]   p:Uniform   []
con_amp       id:  68  s:Linear      b:[    -20.0000,      20.0000]   p:Uniform   []

----- dataset:  Halphadata_harps
jitter_0      id:  69  s:Linear      b:[      0.0000,       0.1000]   p:Uniform   []
offset_0      id:  70  s:Linear      b:[  -9999.8279,   10000.1774]   p:Uniform   []
offset_1      id:  71  s:Linear      b:[  -9999.8279,   10000.1774]   p:Uniform   []

----- dataset: Halphadata_harps          ----- model: gp_multidimensional           
rot_amp       id:  72  s:Linear      b:[    -10.0000,      10.0000]   p:Uniform   []
con_amp       id:  73  s:Linear      b:[    -20.0000,      20.0000]   p:Uniform   []

----- dataset:  Halphadata_neid
jitter_0      id:  74  s:Linear      b:[      0.0000,       0.1000]   p:Uniform   []
offset_0      id:  75  s:Linear      b:[  -9999.8297,   10000.1719]   p:Uniform   []

----- dataset: Halphadata_neid           ----- model: gp_multidimensional           
rot_amp       id:  76  s:Linear      b:[    -10.0000,      10.0000]   p:Uniform   []
con_amp       id:  77  s:Linear      b:[    -20.0000,      20.0000]   p:Uniform   []

----- common model:  b
P             id:   0  s:Log_Base2   b:[      0.3785,       6.6439]   p:Uniform   []
K             id:   1  s:Log_Base2   b:[     -9.9658,       3.3219]   p:Uniform   []
sre_coso      id:   2  s:Linear      b:[     -1.0000,       1.0000]   p:Uniform   []
sre_sino      id:   3  s:Linear      b:[     -1.0000,       1.0000]   p:Uniform   []
mean_long     id:   4  s:Linear      b:[      0.0000,     360.0000]   p:Uniform   []
e             derived (no id, space, bound)                           p:Gaussian   [0.    0.098]
omega         derived (no id, space, bound)                           p:Uniform   [0.0, 360.0]

----- common model:  c
P             id:   5  s:Log_Base2   b:[      0.3785,       6.6439]   p:Uniform   []
K             id:   6  s:Log_Base2   b:[     -9.9658,       3.3219]   p:Uniform   []
sre_coso      id:   7  s:Linear      b:[     -1.0000,       1.0000]   p:Uniform   []
sre_sino      id:   8  s:Linear      b:[     -1.0000,       1.0000]   p:Uniform   []
mean_long     id:   9  s:Linear      b:[      0.0000,     360.0000]   p:Uniform   []
e             derived (no id, space, bound)                           p:Gaussian   [0.    0.098]
omega         derived (no id, space, bound)                           p:Uniform   [0.0, 360.0]

----- common model:  activity
Prot          id:  10  s:Linear      b:[     20.0000,      35.0000]   p:Gaussian   [28.   0.5]
Pdec          id:  11  s:Linear      b:[     30.0000,    1000.0000]   p:Uniform   []
Oamp          id:  12  s:Log_Base2   b:[     -6.6439,       0.0000]   p:Gaussian   [0.35  0.035]

----- common model:  star_parameters
mass          derived (no id, space, bound)                           p:Gaussian   [1.e+00 1.e-06]
radius        derived (no id, space, bound)                           p:Gaussian   [1.e+00 1.e-06]
density       derived (no id, space, bound)                           p:Gaussian   [1.e+00 1.e-06]

Include priors:  True

Reference Time Tref:  59334.700184

Dimensions =  78
Nwalkers =  312

Using threading pool for PyDE: True
PyDE running
Boundaries redefined after PyDE output
PyDE completed, it took        931.8 seconds

====================================================================================================
     Starting point of the sample/optimization routines    
====================================================================================================

----- dataset:  RVdata_expres
jitter_0        13      0.933235 [    0.0010,    11.5000]
offset_0        14      9.535385 [-9995.6770, 10013.1550]

----- dataset: RVdata_expres             ----- model: gp_multidimensional           
rot_amp         15      4.195519 [    0.0000,    10.0000]
con_amp         16     -1.269581 [  -20.0000,    20.0000]

----- dataset:  RVdata_harps
jitter_0        17      1.227328 [    0.0010,    13.3000]
offset_0        18      9.698642 [-9995.1415, 10014.3487]
offset_1        19     11.072578 [-9995.1415, 10014.3487]

----- dataset: RVdata_harps              ----- model: gp_multidimensional           
rot_amp         20      0.743385 [    0.0000,    10.0000]
con_amp         21     -0.596803 [  -20.0000,    20.0000]

----- dataset:  RVdata_neid
jitter_0        22      1.238610 [    0.0010,    12.2000]
offset_0        23     10.731453 [-9993.8466, 10013.8014]

----- dataset: RVdata_neid               ----- model: gp_multidimensional           
rot_amp         24      1.952697 [    0.0000,    10.0000]
con_amp         25     -0.872295 [  -20.0000,    20.0000]

----- dataset:  BISdata_expres
jitter_0        26      2.020726 [    0.0095,    95.0000]
offset_0        27    -54.635724 [-10062.6333,  9950.1000]

----- dataset: BISdata_expres            ----- model: gp_multidimensional           
rot_amp         28      0.432068 [  -10.0000,    10.0000]
con_amp         29     -0.487402 [  -20.0000,    20.0000]

----- dataset:  BISdata_harps
jitter_0        30      1.847962 [    0.0095,    95.0000]
offset_0        31    -45.193427 [-10050.2167,  9967.9000]
offset_1        32    -35.151946 [-10050.2167,  9967.9000]

----- dataset: BISdata_harps             ----- model: gp_multidimensional           
rot_amp         33     -0.979662 [  -10.0000,    10.0000]
con_amp         34     -0.261982 [  -20.0000,    20.0000]

----- dataset:  BISdata_neid
jitter_0        35      1.311411 [    0.0095,    95.0000]
offset_0        36    -46.721193 [-10050.3833,  9958.6000]

----- dataset: BISdata_neid              ----- model: gp_multidimensional           
rot_amp         37     -1.574206 [  -10.0000,    10.0000]
con_amp         38     -0.237163 [  -20.0000,    20.0000]

----- dataset:  FWHMdata_expres
jitter_0        39      0.052655 [    0.0500,   500.0000]
offset_0        40   6774.897498 [-3231.3066, 16788.6123]

----- dataset: FWHMdata_expres           ----- model: gp_multidimensional           
rot_amp         41     -1.043384 [  -10.0000,    10.0000]
con_amp         42      4.737757 [  -20.0000,    20.0000]

----- dataset:  FWHMdata_harps
jitter_0        43      0.052323 [    0.0500,   500.0000]
offset_0        44   6916.972921 [-3088.2455, 17179.2899]
offset_1        45   7172.039039 [-3088.2455, 17179.2899]

----- dataset: FWHMdata_harps            ----- model: gp_multidimensional           
rot_amp         46      1.448067 [  -10.0000,    10.0000]
con_amp         47      0.424111 [  -20.0000,    20.0000]

----- dataset:  FWHMdata_neid
jitter_0        48      0.053555 [    0.0500,   500.0000]
offset_0        49   6956.442679 [-3050.5362, 16961.5856]

----- dataset: FWHMdata_neid             ----- model: gp_multidimensional           
rot_amp         50      0.968525 [  -10.0000,    10.0000]
con_amp         51      0.057145 [  -20.0000,    20.0000]

----- dataset:  Contrastdata_expres
jitter_0        52    186.670638 [    1.3000, 13000.0000]
offset_0        53  -349457.474043 [-359920.4253, -338857.3677]

----- dataset: Contrastdata_expres       ----- model: gp_multidimensional           
rot_amp         54     -9.985121 [  -10.0000,    10.0000]
con_amp         55     19.998292 [  -20.0000,    20.0000]

----- dataset:  Contrastdata_harps
jitter_0        56     41.995487 [    1.3000, 13000.0000]
offset_0        57  -453784.902371 [-464231.0713, -409603.2636]
offset_1        58  -419795.655837 [-464231.0713, -409603.2636]

----- dataset: Contrastdata_harps        ----- model: gp_multidimensional           
rot_amp         59     -9.958015 [  -10.0000,    10.0000]
con_amp         60    -12.177351 [  -20.0000,    20.0000]

----- dataset:  Contrastdata_neid
jitter_0        61      1.640672 [    1.3000, 13000.0000]
offset_0        62  -359634.492375 [-369898.1579, -349381.6867]

----- dataset: Contrastdata_neid         ----- model: gp_multidimensional           
rot_amp         63     -9.987444 [  -10.0000,    10.0000]
con_amp         64     -7.244702 [  -20.0000,    20.0000]

----- dataset:  Halphadata_expres
jitter_0        65      0.000010 [    0.0000,     0.1000]
offset_0        66      0.172046 [-9999.8289, 10000.1728]

----- dataset: Halphadata_expres         ----- model: gp_multidimensional           
rot_amp         67      0.000275 [  -10.0000,    10.0000]
con_amp         68     -0.000006 [  -20.0000,    20.0000]

----- dataset:  Halphadata_harps
jitter_0        69      0.000017 [    0.0000,     0.1000]
offset_0        70      0.174734 [-9999.8279, 10000.1774]
offset_1        71      0.174002 [-9999.8279, 10000.1774]

----- dataset: Halphadata_harps          ----- model: gp_multidimensional           
rot_amp         72     -0.001359 [  -10.0000,    10.0000]
con_amp         73      0.000048 [  -20.0000,    20.0000]

----- dataset:  Halphadata_neid
jitter_0        74      0.000011 [    0.0000,     0.1000]
offset_0        75      0.171138 [-9999.8297, 10000.1719]

----- dataset: Halphadata_neid           ----- model: gp_multidimensional           
rot_amp         76     -0.000003 [  -10.0000,    10.0000]
con_amp         77     -0.000004 [  -20.0000,    20.0000]

----- common model:  b
P                0      5.607062 [    0.3785,     6.6439]
K                1      0.128979 [   -9.9658,     3.3219]
sre_coso         2     -0.365028 [   -1.0000,     1.0000]
sre_sino         3      0.051172 [   -1.0000,     1.0000]
mean_long        4    239.802977 [   59.8030,   419.8030]

----- common model:  c
P                5      2.197629 [    0.3785,     6.6439]
K                6     -0.616624 [   -9.9658,     3.3219]
sre_coso         7      0.226704 [   -1.0000,     1.0000]
sre_sino         8     -0.291690 [   -1.0000,     1.0000]
mean_long        9    180.017688 [    0.0177,   360.0177]

----- common model:  activity
Prot            10     28.624290 [   20.0000,    35.0000]
Pdec            11     30.000678 [   30.0000,  1000.0000]
Oamp            12     -1.368353 [   -6.6439,     0.0000]

----- common model:  star_parameters

====================================================================================================
     Starting point projected onto the model parameter space     
====================================================================================================

----- dataset:  RVdata_expres
jitter_0              0.933235 
offset_0              9.535385 


----- dataset: RVdata_expres             ----- model: gp_multidimensional           
rot_amp               4.195519 
con_amp              -1.269581 

----- dataset:  RVdata_harps
jitter_0              1.227328 
offset_0              9.698642 
offset_1             11.072578 


----- dataset: RVdata_harps              ----- model: gp_multidimensional           
rot_amp               0.743385 
con_amp              -0.596803 

----- dataset:  RVdata_neid
jitter_0              1.238610 
offset_0             10.731453 


----- dataset: RVdata_neid               ----- model: gp_multidimensional           
rot_amp               1.952697 
con_amp              -0.872295 

----- dataset:  BISdata_expres
jitter_0              2.020726 
offset_0            -54.635724 


----- dataset: BISdata_expres            ----- model: gp_multidimensional           
rot_amp               0.432068 
con_amp              -0.487402 

----- dataset:  BISdata_harps
jitter_0              1.847962 
offset_0            -45.193427 
offset_1            -35.151946 


----- dataset: BISdata_harps             ----- model: gp_multidimensional           
rot_amp              -0.979662 
con_amp              -0.261982 

----- dataset:  BISdata_neid
jitter_0              1.311411 
offset_0            -46.721193 


----- dataset: BISdata_neid              ----- model: gp_multidimensional           
rot_amp              -1.574206 
con_amp              -0.237163 

----- dataset:  FWHMdata_expres
jitter_0              0.052655 
offset_0           6774.897498 


----- dataset: FWHMdata_expres           ----- model: gp_multidimensional           
rot_amp              -1.043384 
con_amp               4.737757 

----- dataset:  FWHMdata_harps
jitter_0              0.052323 
offset_0           6916.972921 
offset_1           7172.039039 


----- dataset: FWHMdata_harps            ----- model: gp_multidimensional           
rot_amp               1.448067 
con_amp               0.424111 

----- dataset:  FWHMdata_neid
jitter_0              0.053555 
offset_0           6956.442679 


----- dataset: FWHMdata_neid             ----- model: gp_multidimensional           
rot_amp               0.968525 
con_amp               0.057145 

----- dataset:  Contrastdata_expres
jitter_0            186.670638 
offset_0        -349457.474043 


----- dataset: Contrastdata_expres       ----- model: gp_multidimensional           
rot_amp              -9.985121 
con_amp              19.998292 

----- dataset:  Contrastdata_harps
jitter_0             41.995487 
offset_0        -453784.902371 
offset_1        -419795.655837 


----- dataset: Contrastdata_harps        ----- model: gp_multidimensional           
rot_amp              -9.958015 
con_amp             -12.177351 

----- dataset:  Contrastdata_neid
jitter_0              1.640672 
offset_0        -359634.492375 


----- dataset: Contrastdata_neid         ----- model: gp_multidimensional           
rot_amp              -9.987444 
con_amp              -7.244702 

----- dataset:  Halphadata_expres
jitter_0              0.000010 
offset_0              0.172046 


----- dataset: Halphadata_expres         ----- model: gp_multidimensional           
rot_amp               0.000275 
con_amp              -0.000006 

----- dataset:  Halphadata_harps
jitter_0              0.000017 
offset_0              0.174734 
offset_1              0.174002 


----- dataset: Halphadata_harps          ----- model: gp_multidimensional           
rot_amp              -0.001359 
con_amp               0.000048 

----- dataset:  Halphadata_neid
jitter_0              0.000011 
offset_0              0.171138 


----- dataset: Halphadata_neid           ----- model: gp_multidimensional           
rot_amp              -0.000003 
con_amp              -0.000004 

----- common model:  b
P                    48.740922 
K                     1.093519 
mean_long           239.802977 
e                     0.135864 
omega               172.019975 

----- common model:  c
P                     4.587249 
K                     0.652195 
mean_long           180.017688 
e                     0.136478 
omega               -52.145237 

----- common model:  activity
Prot                 28.624290 
Pdec                 30.000678 
Oamp                  0.387333 

----- common model:  star_parameters

====================================================================================================
     Derived parameters obtained from starting point     
====================================================================================================

----- common model:  b
Inclination fixed to 90 deg!
a_Rs                 56.127918 
M_Mj                  0.019468 
M_Me                  6.188709 
Tc                59365.211198 
a_AU_(M)              0.261136 
a_AU_(rho,R)          0.261133 

----- common model:  c
Inclination fixed to 90 deg!
a_Rs                 11.613179 
M_Mj                  0.005281 
M_Me                  1.678791 
Tc                59338.007601 
a_AU_(M)              0.054030 
a_AU_(rho,R)          0.054030 


====================================================================================================
     Statistics on the log-likelihood     
====================================================================================================

 LN probability: -2413.997563 

====================================================================================================
     ------------------------------------------------------------------------------------------     
====================================================================================================



*************************************************************

Running emcee

emcee version:  3.1.6
Using threading pool for emcee: True

Saving temporary steps


Computing the autocorrelation time of the chains

***** WARNING ******
The integrated autocorrelation time cannot be reliably estimated
likely the chains are too short, and ACF analysis is not fully reliable
emcee.autocorr.integrated_time tolerance lowered to 20
If you still get a warning, you should drop these results entirely
Chains too short to apply convergence criteria
They should be at least 600*nthin = 90000

====================================================================================================
     Statistics on the posterior of the sampler parameters     
====================================================================================================

----- dataset:  RVdata_expres
jitter_0        13         0.982       -0.075         0.11   (15-84 p)   [    0.0010,    11.5000]
offset_0        14          9.46        -0.65         0.58   (15-84 p)   [-9995.6770, 10013.1550]

----- dataset: RVdata_expres             ----- model: gp_multidimensional           
rot_amp         15           5.9         -1.8          2.8   (15-84 p)   [    0.0000,    10.0000]
con_amp         16         -1.81         -1.0         0.54   (15-84 p)   [  -20.0000,    20.0000]

----- dataset:  RVdata_harps
jitter_0        17         1.262       -0.078         0.11   (15-84 p)   [    0.0010,    13.3000]
offset_0        18          9.64        -0.33         0.33   (15-84 p)   [-9995.1415, 10014.3487]
offset_1        19         11.04        -0.45         0.45   (15-84 p)   [-9995.1415, 10014.3487]

----- dataset: RVdata_harps              ----- model: gp_multidimensional           
rot_amp         20          1.21        -0.67          1.2   (15-84 p)   [    0.0000,    10.0000]
con_amp         21         -0.81        -0.57         0.26   (15-84 p)   [  -20.0000,    20.0000]

----- dataset:  RVdata_neid
jitter_0        22         1.268       -0.087         0.12   (15-84 p)   [    0.0010,    12.2000]
offset_0        23         10.66        -0.50         0.42   (15-84 p)   [-9993.8466, 10013.8014]

----- dataset: RVdata_neid               ----- model: gp_multidimensional           
rot_amp         24           2.6         -1.0          1.7   (15-84 p)   [    0.0000,    10.0000]
con_amp         25         -1.24        -0.77         0.38   (15-84 p)   [  -20.0000,    20.0000]

----- dataset:  BISdata_expres
jitter_0        26          2.09        -0.16         0.23   (15-84 p)   [    0.0095,    95.0000]
offset_0        27        -54.70        -0.36         0.34   (15-84 p)   [-10062.6333,  9950.1000]

----- dataset: BISdata_expres            ----- model: gp_multidimensional           
rot_amp         28           0.8         -1.0          1.8   (15-84 p)   [  -10.0000,    10.0000]
con_amp         29         -0.58        -0.50         0.29   (15-84 p)   [  -20.0000,    20.0000]

----- dataset:  BISdata_harps
jitter_0        30          1.86        -0.16         0.19   (15-84 p)   [    0.0095,    95.0000]
offset_0        31        -45.24        -0.30         0.27   (15-84 p)   [-10050.2167,  9967.9000]
offset_1        32        -35.14        -0.49         0.53   (15-84 p)   [-10050.2167,  9967.9000]

----- dataset: BISdata_harps             ----- model: gp_multidimensional           
rot_amp         33          -1.3         -1.6          1.0   (15-84 p)   [  -10.0000,    10.0000]
con_amp         34         -0.29        -0.36         0.29   (15-84 p)   [  -20.0000,    20.0000]

----- dataset:  BISdata_neid
jitter_0        35          1.37        -0.15         0.19   (15-84 p)   [    0.0095,    95.0000]
offset_0        36        -46.78        -0.28         0.23   (15-84 p)   [-10050.3833,  9958.6000]

----- dataset: BISdata_neid              ----- model: gp_multidimensional           
rot_amp         37          -2.3         -1.7          1.0   (15-84 p)   [  -10.0000,    10.0000]
con_amp         38         -0.25        -0.33         0.29   (15-84 p)   [  -20.0000,    20.0000]

----- dataset:  FWHMdata_expres
jitter_0        39          0.32        -0.24         0.48   (15-84 p)   [    0.0500,   500.0000]
offset_0        40        6775.4         -2.1          2.4   (15-84 p)   [-3231.3066, 16788.6123]

----- dataset: FWHMdata_expres           ----- model: gp_multidimensional           
rot_amp         41          -0.4         -3.5          4.1   (15-84 p)   [  -10.0000,    10.0000]
con_amp         42           6.4         -1.7          2.8   (15-84 p)   [  -20.0000,    20.0000]

----- dataset:  FWHMdata_harps
jitter_0        43          0.20        -0.13         0.27   (15-84 p)   [    0.0500,   500.0000]
offset_0        44       6916.96        -0.64         0.63   (15-84 p)   [-3088.2455, 17179.2899]
offset_1        45        7172.1         -1.1          1.2   (15-84 p)   [-3088.2455, 17179.2899]

----- dataset: FWHMdata_harps            ----- model: gp_multidimensional           
rot_amp         46           2.0         -2.2          3.2   (15-84 p)   [  -10.0000,    10.0000]
con_amp         47          0.38        -0.70         0.72   (15-84 p)   [  -20.0000,    20.0000]

----- dataset:  FWHMdata_neid
jitter_0        48          0.30        -0.21         0.43   (15-84 p)   [    0.0500,   500.0000]
offset_0        49       6956.40        -0.66         0.65   (15-84 p)   [-3050.5362, 16961.5856]

----- dataset: FWHMdata_neid             ----- model: gp_multidimensional           
rot_amp         50           0.6         -3.3          2.9   (15-84 p)   [  -10.0000,    10.0000]
con_amp         51          0.07        -0.80         0.93   (15-84 p)   [  -20.0000,    20.0000]

----- dataset:  Contrastdata_expres
jitter_0        52           189          -18           21   (15-84 p)   [    1.3000, 13000.0000]
offset_0        53       -349453          -23           27   (15-84 p)   [-359920.4253, -338857.3677]

----- dataset: Contrastdata_expres       ----- model: gp_multidimensional           
rot_amp         54          -8.1         -1.7          4.0   (15-84 p)   [  -10.0000,    10.0000]
con_amp         55        19.910        -0.17        0.078   (15-84 p)   [  -20.0000,    20.0000]

----- dataset:  Contrastdata_harps
jitter_0        56            48          -27           27   (15-84 p)   [    1.3000, 13000.0000]
offset_0        57       -453788          -18           15   (15-84 p)   [-464231.0713, -409603.2636]
offset_1        58       -419794          -31           32   (15-84 p)   [-464231.0713, -409603.2636]

----- dataset: Contrastdata_harps        ----- model: gp_multidimensional           
rot_amp         59          -6.8         -2.7          6.4   (15-84 p)   [  -10.0000,    10.0000]
con_amp         60            -5          -10           15   (15-84 p)   [  -20.0000,    20.0000]

----- dataset:  Contrastdata_neid
jitter_0        61            21          -16           27   (15-84 p)   [    1.3000, 13000.0000]
offset_0        62       -359638          -19           16   (15-84 p)   [-369898.1579, -349381.6867]

----- dataset: Contrastdata_neid         ----- model: gp_multidimensional           
rot_amp         63         -8.94        -0.92          2.0   (15-84 p)   [  -10.0000,    10.0000]
con_amp         64            -4          -12           16   (15-84 p)   [  -20.0000,    20.0000]

----- dataset:  Halphadata_expres
jitter_0        65      0.000040    -0.000025     0.000055   (15-84 p)   [    0.0000,     0.1000]
offset_0        66       0.17204     -0.00013      0.00012   (15-84 p)   [-9999.8289, 10000.1728]

----- dataset: Halphadata_expres         ----- model: gp_multidimensional           
rot_amp         67       0.00038     -0.00041      0.00061   (15-84 p)   [  -10.0000,    10.0000]
con_amp         68      -0.00000     -0.00014      0.00016   (15-84 p)   [  -20.0000,    20.0000]

----- dataset:  Halphadata_harps
jitter_0        69       0.00023     -0.00018      0.00024   (15-84 p)   [    0.0000,     0.1000]
offset_0        70       0.17475     -0.00014      0.00015   (15-84 p)   [-9999.8279, 10000.1774]
offset_1        71       0.17401     -0.00024      0.00026   (15-84 p)   [-9999.8279, 10000.1774]

----- dataset: Halphadata_harps          ----- model: gp_multidimensional           
rot_amp         72      -0.00149     -0.00084      0.00045   (15-84 p)   [  -10.0000,    10.0000]
con_amp         73       0.00005     -0.00016      0.00018   (15-84 p)   [  -20.0000,    20.0000]

----- dataset:  Halphadata_neid
jitter_0        74      0.000069    -0.000050     0.000085   (15-84 p)   [    0.0000,     0.1000]
offset_0        75       0.17112     -0.00015      0.00013   (15-84 p)   [-9999.8297, 10000.1719]

----- dataset: Halphadata_neid           ----- model: gp_multidimensional           
rot_amp         76      -0.00001     -0.00064      0.00060   (15-84 p)   [  -10.0000,    10.0000]
con_amp         77       0.00000     -0.00019      0.00018   (15-84 p)   [  -20.0000,    20.0000]

----- common model:  b
P                0         5.624       -0.055        0.092   (15-84 p)   [    0.3785,     6.6439]
K                1          0.01        -0.42         0.22   (15-84 p)   [   -9.9658,     3.3219]
sre_coso         2         -0.24        -0.14         0.26   (15-84 p)   [   -1.0000,     1.0000]
sre_sino         3          0.01        -0.23         0.20   (15-84 p)   [   -1.0000,     1.0000]
mean_long        4           244          -17           27   (15-84 p)   [   59.8030,   419.8030]

----- common model:  c
P                5        2.1986      -0.0074       0.0093   (15-84 p)   [    0.3785,     6.6439]
K                6         -0.80        -0.51         0.31   (15-84 p)   [   -9.9658,     3.3219]
sre_coso         7          0.13        -0.25         0.18   (15-84 p)   [   -1.0000,     1.0000]
sre_sino         8         -0.17        -0.18         0.28   (15-84 p)   [   -1.0000,     1.0000]
mean_long        9           181          -18           20   (15-84 p)   [    0.0177,   360.0177]

----- common model:  activity
Prot            10         28.49        -0.55         0.39   (15-84 p)   [   20.0000,    35.0000]
Pdec            11        30.081       -0.071         0.16   (15-84 p)   [   30.0000,  1000.0000]
Oamp            12         -1.36        -0.12         0.13   (15-84 p)   [   -6.6439,     0.0000]

----- common model:  star_parameters

====================================================================================================
     Statistics on the model parameters obtained from the posteriors samples     
====================================================================================================

----- dataset:  RVdata_expres
jitter_0                 0.982       -0.075         0.11    (15-84 p)
offset_0                  9.46        -0.65         0.58    (15-84 p)


----- dataset: RVdata_expres             ----- model: gp_multidimensional           
rot_amp                    5.9         -1.8          2.8    (15-84 p)
con_amp                  -1.81         -1.0         0.54    (15-84 p)

----- dataset:  RVdata_harps
jitter_0                 1.262       -0.078         0.11    (15-84 p)
offset_0                  9.64        -0.33         0.33    (15-84 p)
offset_1                 11.04        -0.45         0.45    (15-84 p)


----- dataset: RVdata_harps              ----- model: gp_multidimensional           
rot_amp                   1.21        -0.67          1.2    (15-84 p)
con_amp                  -0.81        -0.57         0.26    (15-84 p)

----- dataset:  RVdata_neid
jitter_0                 1.268       -0.087         0.12    (15-84 p)
offset_0                 10.66        -0.50         0.42    (15-84 p)


----- dataset: RVdata_neid               ----- model: gp_multidimensional           
rot_amp                    2.6         -1.0          1.7    (15-84 p)
con_amp                  -1.24        -0.77         0.38    (15-84 p)

----- dataset:  BISdata_expres
jitter_0                  2.09        -0.16         0.23    (15-84 p)
offset_0                -54.70        -0.36         0.34    (15-84 p)


----- dataset: BISdata_expres            ----- model: gp_multidimensional           
rot_amp                    0.8         -1.0          1.8    (15-84 p)
con_amp                  -0.58        -0.50         0.29    (15-84 p)

----- dataset:  BISdata_harps
jitter_0                  1.86        -0.16         0.19    (15-84 p)
offset_0                -45.24        -0.30         0.27    (15-84 p)
offset_1                -35.14        -0.49         0.53    (15-84 p)


----- dataset: BISdata_harps             ----- model: gp_multidimensional           
rot_amp                   -1.3         -1.6          1.0    (15-84 p)
con_amp                  -0.29        -0.36         0.29    (15-84 p)

----- dataset:  BISdata_neid
jitter_0                  1.37        -0.15         0.19    (15-84 p)
offset_0                -46.78        -0.28         0.23    (15-84 p)


----- dataset: BISdata_neid              ----- model: gp_multidimensional           
rot_amp                   -2.3         -1.7          1.0    (15-84 p)
con_amp                  -0.25        -0.33         0.29    (15-84 p)

----- dataset:  FWHMdata_expres
jitter_0                  0.32        -0.24         0.48    (15-84 p)
offset_0                6775.4         -2.1          2.4    (15-84 p)


----- dataset: FWHMdata_expres           ----- model: gp_multidimensional           
rot_amp                   -0.4         -3.5          4.1    (15-84 p)
con_amp                    6.4         -1.7          2.8    (15-84 p)

----- dataset:  FWHMdata_harps
jitter_0                  0.20        -0.13         0.27    (15-84 p)
offset_0               6916.96        -0.64         0.63    (15-84 p)
offset_1                7172.1         -1.1          1.2    (15-84 p)


----- dataset: FWHMdata_harps            ----- model: gp_multidimensional           
rot_amp                    2.0         -2.2          3.2    (15-84 p)
con_amp                   0.38        -0.70         0.72    (15-84 p)

----- dataset:  FWHMdata_neid
jitter_0                  0.30        -0.21         0.43    (15-84 p)
offset_0               6956.40        -0.66         0.65    (15-84 p)


----- dataset: FWHMdata_neid             ----- model: gp_multidimensional           
rot_amp                    0.6         -3.3          2.9    (15-84 p)
con_amp                   0.07        -0.80         0.93    (15-84 p)

----- dataset:  Contrastdata_expres
jitter_0                   189          -18           21    (15-84 p)
offset_0               -349453          -23           27    (15-84 p)


----- dataset: Contrastdata_expres       ----- model: gp_multidimensional           
rot_amp                   -8.1         -1.7          4.0    (15-84 p)
con_amp                 19.910        -0.17        0.078    (15-84 p)

----- dataset:  Contrastdata_harps
jitter_0                    48          -27           27    (15-84 p)
offset_0               -453788          -18           15    (15-84 p)
offset_1               -419794          -31           32    (15-84 p)


----- dataset: Contrastdata_harps        ----- model: gp_multidimensional           
rot_amp                   -6.8         -2.7          6.4    (15-84 p)
con_amp                     -5          -10           15    (15-84 p)

----- dataset:  Contrastdata_neid
jitter_0                    21          -16           27    (15-84 p)
offset_0               -359638          -19           16    (15-84 p)


----- dataset: Contrastdata_neid         ----- model: gp_multidimensional           
rot_amp                  -8.94        -0.92          2.0    (15-84 p)
con_amp                     -4          -12           16    (15-84 p)

----- dataset:  Halphadata_expres
jitter_0              0.000040    -0.000025     0.000055    (15-84 p)
offset_0               0.17204     -0.00013      0.00012    (15-84 p)


----- dataset: Halphadata_expres         ----- model: gp_multidimensional           
rot_amp                0.00038     -0.00041      0.00061    (15-84 p)
con_amp               -0.00000     -0.00014      0.00016    (15-84 p)

----- dataset:  Halphadata_harps
jitter_0               0.00023     -0.00018      0.00024    (15-84 p)
offset_0               0.17475     -0.00014      0.00015    (15-84 p)
offset_1               0.17401     -0.00024      0.00026    (15-84 p)


----- dataset: Halphadata_harps          ----- model: gp_multidimensional           
rot_amp               -0.00149     -0.00084      0.00045    (15-84 p)
con_amp                0.00005     -0.00016      0.00018    (15-84 p)

----- dataset:  Halphadata_neid
jitter_0              0.000069    -0.000050     0.000085    (15-84 p)
offset_0               0.17112     -0.00015      0.00013    (15-84 p)


----- dataset: Halphadata_neid           ----- model: gp_multidimensional           
rot_amp               -0.00001     -0.00064      0.00060    (15-84 p)
con_amp                0.00000     -0.00019      0.00018    (15-84 p)

----- common model:  b
P                         49.3         -1.8          3.2    (15-84 p)
K                         1.01        -0.25         0.17    (15-84 p)
mean_long                  244          -17           27    (15-84 p)
e                        0.113       -0.075        0.079    (15-84 p)
omega                       29         -184          134    (15-84 p)

----- common model:  c
P                        4.590       -0.024        0.030    (15-84 p)
K                         0.57        -0.17         0.14    (15-84 p)
mean_long                  181          -18           20    (15-84 p)
e                        0.106       -0.070        0.085    (15-84 p)
omega                      -46          -55           94    (15-84 p)

----- common model:  activity
Prot                     28.49        -0.55         0.39    (15-84 p)
Pdec                    30.081       -0.071         0.16    (15-84 p)
Oamp                     0.391       -0.030        0.036    (15-84 p)

----- common model:  star_parameters

====================================================================================================
     Statistics on the derived parameters obtained from the posteriors samples     
====================================================================================================

----- common model:  b
Inclination fixed to 90 deg!
Computing planetary mass under the approximation M_planet << M_star (threshold at 30.0 Me)
a_Rs                      56.6         -1.4          2.4    (15-84 p)
M_Mj                    0.0180      -0.0044       0.0030    (15-84 p)
M_Me                      5.71         -1.4         0.96    (15-84 p)
Tc                     59364.3         -3.4          2.0    (15-84 p)
a_AU_(M)                0.2631      -0.0066        0.011    (15-84 p)
a_AU_(rho,R)            0.2631      -0.0066        0.011    (15-84 p)

----- common model:  c
Inclination fixed to 90 deg!
Computing planetary mass under the approximation M_planet << M_star (threshold at 30.0 Me)
a_Rs                    11.618       -0.040        0.050    (15-84 p)
M_Mj                    0.0046      -0.0014       0.0011    (15-84 p)
M_Me                      1.48        -0.44         0.35    (15-84 p)
Tc                    59338.04        -0.26         0.29    (15-84 p)
a_AU_(M)               0.05405     -0.00018      0.00023    (15-84 p)
a_AU_(rho,R)           0.05405     -0.00018      0.00023    (15-84 p)


====================================================================================================
     ------------------------------------------------------------------------------------------     
====================================================================================================



15000.0   steps completed, average lnprob:,  -2459.3506538555753


Computing the autocorrelation time of the chains

***** WARNING ******
The integrated autocorrelation time cannot be reliably estimated
likely the chains are too short, and ACF analysis is not fully reliable
emcee.autocorr.integrated_time tolerance lowered to 20
If you still get a warning, you should drop these results entirely
Chains too short to apply convergence criteria
They should be at least 1250*nthin = 187500

====================================================================================================
     Statistics on the posterior of the sampler parameters     
====================================================================================================

----- dataset:  RVdata_expres
jitter_0        13         0.997       -0.091         0.11   (15-84 p)   [    0.0010,    11.5000]
offset_0        14           9.8         -1.4          1.3   (15-84 p)   [-9995.6770, 10013.1550]

----- dataset: RVdata_expres             ----- model: gp_multidimensional           
rot_amp         15           8.0         -2.5          1.5   (15-84 p)   [    0.0000,    10.0000]
con_amp         16         -3.47         -1.2         0.94   (15-84 p)   [  -20.0000,    20.0000]

----- dataset:  RVdata_harps
jitter_0        17         1.272       -0.098         0.12   (15-84 p)   [    0.0010,    13.3000]
offset_0        18          9.83        -0.68         0.71   (15-84 p)   [-9995.1415, 10014.3487]
offset_1        19         11.22        -0.78         0.76   (15-84 p)   [-9995.1415, 10014.3487]

----- dataset: RVdata_harps              ----- model: gp_multidimensional           
rot_amp         20           2.0         -1.2          1.4   (15-84 p)   [    0.0000,    10.0000]
con_amp         21         -1.71        -0.72         0.56   (15-84 p)   [  -20.0000,    20.0000]

----- dataset:  RVdata_neid
jitter_0        22          1.28        -0.11         0.13   (15-84 p)   [    0.0010,    12.2000]
offset_0        23         10.87        -0.96          1.0   (15-84 p)   [-9993.8466, 10013.8014]

----- dataset: RVdata_neid               ----- model: gp_multidimensional           
rot_amp         24           3.3         -2.0          1.9   (15-84 p)   [    0.0000,    10.0000]
con_amp         25         -2.54        -0.97         0.81   (15-84 p)   [  -20.0000,    20.0000]

----- dataset:  BISdata_expres
jitter_0        26          2.07        -0.18         0.20   (15-84 p)   [    0.0095,    95.0000]
offset_0        27        -54.66        -0.43         0.55   (15-84 p)   [-10062.6333,  9950.1000]

----- dataset: BISdata_expres            ----- model: gp_multidimensional           
rot_amp         28           1.9         -2.4          2.6   (15-84 p)   [  -10.0000,    10.0000]
con_amp         29         -1.00        -0.64         0.59   (15-84 p)   [  -20.0000,    20.0000]

----- dataset:  BISdata_harps
jitter_0        30          1.91        -0.17         0.19   (15-84 p)   [    0.0095,    95.0000]
offset_0        31        -45.22        -0.35         0.38   (15-84 p)   [-10050.2167,  9967.9000]
offset_1        32        -35.12        -0.56         0.57   (15-84 p)   [-10050.2167,  9967.9000]

----- dataset: BISdata_harps             ----- model: gp_multidimensional           
rot_amp         33          -1.9         -2.0          2.1   (15-84 p)   [  -10.0000,    10.0000]
con_amp         34         -0.49        -0.53         0.53   (15-84 p)   [  -20.0000,    20.0000]

----- dataset:  BISdata_neid
jitter_0        35          1.39        -0.18         0.20   (15-84 p)   [    0.0095,    95.0000]
offset_0        36        -46.80        -0.30         0.31   (15-84 p)   [-10050.3833,  9958.6000]

----- dataset: BISdata_neid              ----- model: gp_multidimensional           
rot_amp         37          -3.4         -2.0          1.9   (15-84 p)   [  -10.0000,    10.0000]
con_amp         38         -0.30        -0.51         0.56   (15-84 p)   [  -20.0000,    20.0000]

----- dataset:  FWHMdata_expres
jitter_0        39          0.56        -0.35         0.57   (15-84 p)   [    0.0500,   500.0000]
offset_0        40        6774.9         -4.3          4.1   (15-84 p)   [-3231.3066, 16788.6123]

----- dataset: FWHMdata_expres           ----- model: gp_multidimensional           
rot_amp         41           0.9         -5.5          5.1   (15-84 p)   [  -10.0000,    10.0000]
con_amp         42          10.3         -2.2          2.7   (15-84 p)   [  -20.0000,    20.0000]

----- dataset:  FWHMdata_harps
jitter_0        43          0.42        -0.26         0.41   (15-84 p)   [    0.0500,   500.0000]
offset_0        44       6916.96        -0.92         0.75   (15-84 p)   [-3088.2455, 17179.2899]
offset_1        45        7172.0         -1.3          1.3   (15-84 p)   [-3088.2455, 17179.2899]

----- dataset: FWHMdata_harps            ----- model: gp_multidimensional           
rot_amp         46           3.5         -3.6          3.7   (15-84 p)   [  -10.0000,    10.0000]
con_amp         47           0.8         -1.1          1.2   (15-84 p)   [  -20.0000,    20.0000]

----- dataset:  FWHMdata_neid
jitter_0        48          0.51        -0.32         0.50   (15-84 p)   [    0.0500,   500.0000]
offset_0        49       6956.39        -0.90         0.83   (15-84 p)   [-3050.5362, 16961.5856]

----- dataset: FWHMdata_neid             ----- model: gp_multidimensional           
rot_amp         50           1.7         -5.2          4.7   (15-84 p)   [  -10.0000,    10.0000]
con_amp         51           0.3         -1.4          1.5   (15-84 p)   [  -20.0000,    20.0000]

----- dataset:  Contrastdata_expres
jitter_0        52           198          -19           22   (15-84 p)   [    1.3000, 13000.0000]
offset_0        53       -349448          -25           26   (15-84 p)   [-359920.4253, -338857.3677]

----- dataset: Contrastdata_expres       ----- model: gp_multidimensional           
rot_amp         54          -2.4         -5.0          6.9   (15-84 p)   [  -10.0000,    10.0000]
con_amp         55         19.64        -0.50         0.26   (15-84 p)   [  -20.0000,    20.0000]

----- dataset:  Contrastdata_harps
jitter_0        56            46          -29           26   (15-84 p)   [    1.3000, 13000.0000]
offset_0        57       -453790          -17           17   (15-84 p)   [-464231.0713, -409603.2636]
offset_1        58       -419793          -34           33   (15-84 p)   [-464231.0713, -409603.2636]

----- dataset: Contrastdata_harps        ----- model: gp_multidimensional           
rot_amp         59          -0.8         -6.4          7.2   (15-84 p)   [  -10.0000,    10.0000]
con_amp         60            -3          -12           15   (15-84 p)   [  -20.0000,    20.0000]

----- dataset:  Contrastdata_neid
jitter_0        61            25          -16           25   (15-84 p)   [    1.3000, 13000.0000]
offset_0        62       -359636          -17           17   (15-84 p)   [-369898.1579, -349381.6867]

----- dataset: Contrastdata_neid         ----- model: gp_multidimensional           
rot_amp         63          -6.1         -2.7          5.0   (15-84 p)   [  -10.0000,    10.0000]
con_amp         64            -2          -13           14   (15-84 p)   [  -20.0000,    20.0000]

----- dataset:  Halphadata_expres
jitter_0        65      0.000081    -0.000050     0.000077   (15-84 p)   [    0.0000,     0.1000]
offset_0        66       0.17204     -0.00014      0.00015   (15-84 p)   [-9999.8289, 10000.1728]

----- dataset: Halphadata_expres         ----- model: gp_multidimensional           
rot_amp         67       0.00057     -0.00087      0.00082   (15-84 p)   [  -10.0000,    10.0000]
con_amp         68       0.00001     -0.00024      0.00027   (15-84 p)   [  -20.0000,    20.0000]

----- dataset:  Halphadata_harps
jitter_0        69       0.00025     -0.00017      0.00020   (15-84 p)   [    0.0000,     0.1000]
offset_0        70       0.17470     -0.00020      0.00018   (15-84 p)   [-9999.8279, 10000.1774]
offset_1        71       0.17397     -0.00027      0.00027   (15-84 p)   [-9999.8279, 10000.1774]

----- dataset: Halphadata_harps          ----- model: gp_multidimensional           
rot_amp         72      -0.00259      -0.0011      0.00086   (15-84 p)   [  -10.0000,    10.0000]
con_amp         73       0.00020     -0.00026      0.00029   (15-84 p)   [  -20.0000,    20.0000]

----- dataset:  Halphadata_neid
jitter_0        74      0.000105    -0.000065      0.00010   (15-84 p)   [    0.0000,     0.1000]
offset_0        75       0.17113     -0.00016      0.00017   (15-84 p)   [-9999.8297, 10000.1719]

----- dataset: Halphadata_neid           ----- model: gp_multidimensional           
rot_amp         76        0.0001      -0.0011       0.0010   (15-84 p)   [  -10.0000,    10.0000]
con_amp         77      -0.00005     -0.00030      0.00027   (15-84 p)   [  -20.0000,    20.0000]

----- common model:  b
P                0          5.67        -0.13         0.19   (15-84 p)   [    0.3785,     6.6439]
K                1         -0.43        -0.72         0.42   (15-84 p)   [   -9.9658,     3.3219]
sre_coso         2         -0.08        -0.21         0.24   (15-84 p)   [   -1.0000,     1.0000]
sre_sino         3         -0.00        -0.22         0.23   (15-84 p)   [   -1.0000,     1.0000]
mean_long        4           262          -41           73   (15-84 p)   [   59.8030,   419.8030]

----- common model:  c
P                5         2.200       -0.012        0.013   (15-84 p)   [    0.3785,     6.6439]
K                6         -1.03        -0.65         0.40   (15-84 p)   [   -9.9658,     3.3219]
sre_coso         7          0.06        -0.22         0.21   (15-84 p)   [   -1.0000,     1.0000]
sre_sino         8         -0.07        -0.23         0.23   (15-84 p)   [   -1.0000,     1.0000]
mean_long        9           181          -24           29   (15-84 p)   [    0.0177,   360.0177]

----- common model:  activity
Prot            10         28.38        -0.49         0.46   (15-84 p)   [   20.0000,    35.0000]
Pdec            11         30.35        -0.24         0.41   (15-84 p)   [   30.0000,  1000.0000]
Oamp            12         -1.30        -0.13         0.12   (15-84 p)   [   -6.6439,     0.0000]

----- common model:  star_parameters

====================================================================================================
     Statistics on the model parameters obtained from the posteriors samples     
====================================================================================================

----- dataset:  RVdata_expres
jitter_0                 0.997       -0.091         0.11    (15-84 p)
offset_0                   9.8         -1.4          1.3    (15-84 p)


----- dataset: RVdata_expres             ----- model: gp_multidimensional           
rot_amp                    8.0         -2.5          1.5    (15-84 p)
con_amp                  -3.47         -1.2         0.94    (15-84 p)

----- dataset:  RVdata_harps
jitter_0                 1.272       -0.098         0.12    (15-84 p)
offset_0                  9.83        -0.68         0.71    (15-84 p)
offset_1                 11.22        -0.78         0.76    (15-84 p)


----- dataset: RVdata_harps              ----- model: gp_multidimensional           
rot_amp                    2.0         -1.2          1.4    (15-84 p)
con_amp                  -1.71        -0.72         0.56    (15-84 p)

----- dataset:  RVdata_neid
jitter_0                  1.28        -0.11         0.13    (15-84 p)
offset_0                 10.87        -0.96          1.0    (15-84 p)


----- dataset: RVdata_neid               ----- model: gp_multidimensional           
rot_amp                    3.3         -2.0          1.9    (15-84 p)
con_amp                  -2.54        -0.97         0.81    (15-84 p)

----- dataset:  BISdata_expres
jitter_0                  2.07        -0.18         0.20    (15-84 p)
offset_0                -54.66        -0.43         0.55    (15-84 p)


----- dataset: BISdata_expres            ----- model: gp_multidimensional           
rot_amp                    1.9         -2.4          2.6    (15-84 p)
con_amp                  -1.00        -0.64         0.59    (15-84 p)

----- dataset:  BISdata_harps
jitter_0                  1.91        -0.17         0.19    (15-84 p)
offset_0                -45.22        -0.35         0.38    (15-84 p)
offset_1                -35.12        -0.56         0.57    (15-84 p)


----- dataset: BISdata_harps             ----- model: gp_multidimensional           
rot_amp                   -1.9         -2.0          2.1    (15-84 p)
con_amp                  -0.49        -0.53         0.53    (15-84 p)

----- dataset:  BISdata_neid
jitter_0                  1.39        -0.18         0.20    (15-84 p)
offset_0                -46.80        -0.30         0.31    (15-84 p)


----- dataset: BISdata_neid              ----- model: gp_multidimensional           
rot_amp                   -3.4         -2.0          1.9    (15-84 p)
con_amp                  -0.30        -0.51         0.56    (15-84 p)

----- dataset:  FWHMdata_expres
jitter_0                  0.56        -0.35         0.57    (15-84 p)
offset_0                6774.9         -4.3          4.1    (15-84 p)


----- dataset: FWHMdata_expres           ----- model: gp_multidimensional           
rot_amp                    0.9         -5.5          5.1    (15-84 p)
con_amp                   10.3         -2.2          2.7    (15-84 p)

----- dataset:  FWHMdata_harps
jitter_0                  0.42        -0.26         0.41    (15-84 p)
offset_0               6916.96        -0.92         0.75    (15-84 p)
offset_1                7172.0         -1.3          1.3    (15-84 p)


----- dataset: FWHMdata_harps            ----- model: gp_multidimensional           
rot_amp                    3.5         -3.6          3.7    (15-84 p)
con_amp                    0.8         -1.1          1.2    (15-84 p)

----- dataset:  FWHMdata_neid
jitter_0                  0.51        -0.32         0.50    (15-84 p)
offset_0               6956.39        -0.90         0.83    (15-84 p)


----- dataset: FWHMdata_neid             ----- model: gp_multidimensional           
rot_amp                    1.7         -5.2          4.7    (15-84 p)
con_amp                    0.3         -1.4          1.5    (15-84 p)

----- dataset:  Contrastdata_expres
jitter_0                   198          -19           22    (15-84 p)
offset_0               -349448          -25           26    (15-84 p)


----- dataset: Contrastdata_expres       ----- model: gp_multidimensional           
rot_amp                   -2.4         -5.0          6.9    (15-84 p)
con_amp                  19.64        -0.50         0.26    (15-84 p)

----- dataset:  Contrastdata_harps
jitter_0                    46          -29           26    (15-84 p)
offset_0               -453790          -17           17    (15-84 p)
offset_1               -419793          -34           33    (15-84 p)


----- dataset: Contrastdata_harps        ----- model: gp_multidimensional           
rot_amp                   -0.8         -6.4          7.2    (15-84 p)
con_amp                     -3          -12           15    (15-84 p)

----- dataset:  Contrastdata_neid
jitter_0                    25          -16           25    (15-84 p)
offset_0               -359636          -17           17    (15-84 p)


----- dataset: Contrastdata_neid         ----- model: gp_multidimensional           
rot_amp                   -6.1         -2.7          5.0    (15-84 p)
con_amp                     -2          -13           14    (15-84 p)

----- dataset:  Halphadata_expres
jitter_0              0.000081    -0.000050     0.000077    (15-84 p)
offset_0               0.17204     -0.00014      0.00015    (15-84 p)


----- dataset: Halphadata_expres         ----- model: gp_multidimensional           
rot_amp                0.00057     -0.00087      0.00082    (15-84 p)
con_amp                0.00001     -0.00024      0.00027    (15-84 p)

----- dataset:  Halphadata_harps
jitter_0               0.00025     -0.00017      0.00020    (15-84 p)
offset_0               0.17470     -0.00020      0.00018    (15-84 p)
offset_1               0.17397     -0.00027      0.00027    (15-84 p)


----- dataset: Halphadata_harps          ----- model: gp_multidimensional           
rot_amp               -0.00259      -0.0011      0.00086    (15-84 p)
con_amp                0.00020     -0.00026      0.00029    (15-84 p)

----- dataset:  Halphadata_neid
jitter_0              0.000105    -0.000065      0.00010    (15-84 p)
offset_0               0.17113     -0.00016      0.00017    (15-84 p)


----- dataset: Halphadata_neid           ----- model: gp_multidimensional           
rot_amp                 0.0001      -0.0011       0.0010    (15-84 p)
con_amp               -0.00005     -0.00030      0.00027    (15-84 p)

----- common model:  b
P                         50.7         -4.4          7.3    (15-84 p)
K                         0.74        -0.29         0.25    (15-84 p)
mean_long                  262          -41           73    (15-84 p)
e                        0.078       -0.054        0.081    (15-84 p)
omega                       -1         -135          142    (15-84 p)

----- common model:  c
P                        4.594       -0.037        0.040    (15-84 p)
K                         0.49        -0.18         0.16    (15-84 p)
mean_long                  181          -24           29    (15-84 p)
e                        0.078       -0.054        0.084    (15-84 p)
omega                      -29          -86          119    (15-84 p)

----- common model:  activity
Prot                     28.38        -0.49         0.46    (15-84 p)
Pdec                     30.35        -0.24         0.41    (15-84 p)
Oamp                     0.407       -0.034        0.035    (15-84 p)

----- common model:  star_parameters

====================================================================================================
     Statistics on the derived parameters obtained from the posteriors samples     
====================================================================================================

----- common model:  b
Inclination fixed to 90 deg!
Computing planetary mass under the approximation M_planet << M_star (threshold at 30.0 Me)
a_Rs                      57.7         -3.4          5.4    (15-84 p)
M_Mj                    0.0135      -0.0052       0.0044    (15-84 p)
M_Me                       4.3         -1.7          1.4    (15-84 p)
Tc                     59361.4         -8.4          4.0    (15-84 p)
a_AU_(M)                 0.268       -0.016        0.025    (15-84 p)
a_AU_(rho,R)             0.268       -0.016        0.025    (15-84 p)

----- common model:  c
Inclination fixed to 90 deg!
Computing planetary mass under the approximation M_planet << M_star (threshold at 30.0 Me)
a_Rs                    11.625       -0.063        0.068    (15-84 p)
M_Mj                    0.0040      -0.0014       0.0013    (15-84 p)
M_Me                      1.27        -0.46         0.40    (15-84 p)
Tc                    59338.09        -0.37         0.34    (15-84 p)
a_AU_(M)               0.05409     -0.00029      0.00032    (15-84 p)
a_AU_(rho,R)           0.05409     -0.00029      0.00032    (15-84 p)


====================================================================================================
     ------------------------------------------------------------------------------------------     
====================================================================================================



30000.0   steps completed, average lnprob:,  -2464.138381251717


Computing the autocorrelation time of the chains

***** WARNING ******
The integrated autocorrelation time cannot be reliably estimated
likely the chains are too short, and ACF analysis is not fully reliable
emcee.autocorr.integrated_time tolerance lowered to 20
If you still get a warning, you should drop these results entirely
Chains too short to apply convergence criteria
They should be at least 1900*nthin = 285000

====================================================================================================
     Statistics on the posterior of the sampler parameters     
====================================================================================================

----- dataset:  RVdata_expres
jitter_0        13         0.997       -0.090         0.10   (15-84 p)   [    0.0010,    11.5000]
offset_0        14           9.8         -1.5          1.5   (15-84 p)   [-9995.6770, 10013.1550]

----- dataset: RVdata_expres             ----- model: gp_multidimensional           
rot_amp         15           8.0         -2.7          1.5   (15-84 p)   [    0.0000,    10.0000]
con_amp         16          -3.9         -1.5          1.1   (15-84 p)   [  -20.0000,    20.0000]

----- dataset:  RVdata_harps
jitter_0        17         1.268       -0.096         0.11   (15-84 p)   [    0.0010,    13.3000]
offset_0        18          9.85        -0.76         0.80   (15-84 p)   [-9995.1415, 10014.3487]
offset_1        19         11.25        -0.85         0.83   (15-84 p)   [-9995.1415, 10014.3487]

----- dataset: RVdata_harps              ----- model: gp_multidimensional           
rot_amp         20           2.1         -1.3          1.5   (15-84 p)   [    0.0000,    10.0000]
con_amp         21         -1.92        -0.90         0.66   (15-84 p)   [  -20.0000,    20.0000]

----- dataset:  RVdata_neid
jitter_0        22          1.28        -0.11         0.13   (15-84 p)   [    0.0010,    12.2000]
offset_0        23          10.9         -1.1          1.1   (15-84 p)   [-9993.8466, 10013.8014]

----- dataset: RVdata_neid               ----- model: gp_multidimensional           
rot_amp         24           3.0         -2.0          2.0   (15-84 p)   [    0.0000,    10.0000]
con_amp         25         -2.84         -1.1         0.95   (15-84 p)   [  -20.0000,    20.0000]

----- dataset:  BISdata_expres
jitter_0        26          2.06        -0.18         0.20   (15-84 p)   [    0.0095,    95.0000]
offset_0        27        -54.65        -0.47         0.60   (15-84 p)   [-10062.6333,  9950.1000]

----- dataset: BISdata_expres            ----- model: gp_multidimensional           
rot_amp         28           2.0         -2.5          3.1   (15-84 p)   [  -10.0000,    10.0000]
con_amp         29         -1.10        -0.71         0.61   (15-84 p)   [  -20.0000,    20.0000]

----- dataset:  BISdata_harps
jitter_0        30          1.91        -0.17         0.19   (15-84 p)   [    0.0095,    95.0000]
offset_0        31        -45.21        -0.36         0.40   (15-84 p)   [-10050.2167,  9967.9000]
offset_1        32        -35.11        -0.58         0.57   (15-84 p)   [-10050.2167,  9967.9000]

----- dataset: BISdata_harps             ----- model: gp_multidimensional           
rot_amp         33          -1.8         -2.1          2.3   (15-84 p)   [  -10.0000,    10.0000]
con_amp         34         -0.50        -0.61         0.58   (15-84 p)   [  -20.0000,    20.0000]

----- dataset:  BISdata_neid
jitter_0        35          1.39        -0.17         0.20   (15-84 p)   [    0.0095,    95.0000]
offset_0        36        -46.80        -0.31         0.33   (15-84 p)   [-10050.3833,  9958.6000]

----- dataset: BISdata_neid              ----- model: gp_multidimensional           
rot_amp         37          -3.4         -2.2          2.0   (15-84 p)   [  -10.0000,    10.0000]
con_amp         38         -0.25        -0.55         0.61   (15-84 p)   [  -20.0000,    20.0000]

----- dataset:  FWHMdata_expres
jitter_0        39          0.55        -0.35         0.55   (15-84 p)   [    0.0500,   500.0000]
offset_0        40        6774.9         -4.6          4.3   (15-84 p)   [-3231.3066, 16788.6123]

----- dataset: FWHMdata_expres           ----- model: gp_multidimensional           
rot_amp         41           1.1         -5.5          5.2   (15-84 p)   [  -10.0000,    10.0000]
con_amp         42          10.7         -2.3          3.0   (15-84 p)   [  -20.0000,    20.0000]

----- dataset:  FWHMdata_harps
jitter_0        43          0.45        -0.28         0.45   (15-84 p)   [    0.0500,   500.0000]
offset_0        44       6917.00        -0.93         0.77   (15-84 p)   [-3088.2455, 17179.2899]
offset_1        45        7172.0         -1.3          1.3   (15-84 p)   [-3088.2455, 17179.2899]

----- dataset: FWHMdata_harps            ----- model: gp_multidimensional           
rot_amp         46           3.8         -3.8          3.7   (15-84 p)   [  -10.0000,    10.0000]
con_amp         47           0.8         -1.2          1.3   (15-84 p)   [  -20.0000,    20.0000]

----- dataset:  FWHMdata_neid
jitter_0        48          0.50        -0.31         0.50   (15-84 p)   [    0.0500,   500.0000]
offset_0        49       6956.38        -0.92         0.85   (15-84 p)   [-3050.5362, 16961.5856]

----- dataset: FWHMdata_neid             ----- model: gp_multidimensional           
rot_amp         50           1.6         -5.5          4.8   (15-84 p)   [  -10.0000,    10.0000]
con_amp         51           0.4         -1.5          1.6   (15-84 p)   [  -20.0000,    20.0000]

----- dataset:  Contrastdata_expres
jitter_0        52           199          -19           21   (15-84 p)   [    1.3000, 13000.0000]
offset_0        53       -349448          -25           26   (15-84 p)   [-359920.4253, -338857.3677]

----- dataset: Contrastdata_expres       ----- model: gp_multidimensional           
rot_amp         54          -1.4         -5.8          7.3   (15-84 p)   [  -10.0000,    10.0000]
con_amp         55         19.44        -0.92         0.41   (15-84 p)   [  -20.0000,    20.0000]

----- dataset:  Contrastdata_harps
jitter_0        56            45          -28           26   (15-84 p)   [    1.3000, 13000.0000]
offset_0        57       -453790          -16           17   (15-84 p)   [-464231.0713, -409603.2636]
offset_1        58       -419793          -33           32   (15-84 p)   [-464231.0713, -409603.2636]

----- dataset: Contrastdata_harps        ----- model: gp_multidimensional           
rot_amp         59          -0.6         -6.5          7.1   (15-84 p)   [  -10.0000,    10.0000]
con_amp         60            -3          -12           14   (15-84 p)   [  -20.0000,    20.0000]

----- dataset:  Contrastdata_neid
jitter_0        61            24          -17           24   (15-84 p)   [    1.3000, 13000.0000]
offset_0        62       -359636          -17           17   (15-84 p)   [-369898.1579, -349381.6867]

----- dataset: Contrastdata_neid         ----- model: gp_multidimensional           
rot_amp         63          -4.7         -3.8          7.4   (15-84 p)   [  -10.0000,    10.0000]
con_amp         64            -2          -13           14   (15-84 p)   [  -20.0000,    20.0000]

----- dataset:  Halphadata_expres
jitter_0        65      0.000085    -0.000053     0.000077   (15-84 p)   [    0.0000,     0.1000]
offset_0        66       0.17204     -0.00014      0.00015   (15-84 p)   [-9999.8289, 10000.1728]

----- dataset: Halphadata_expres         ----- model: gp_multidimensional           
rot_amp         67       0.00057     -0.00089      0.00089   (15-84 p)   [  -10.0000,    10.0000]
con_amp         68      -0.00001     -0.00026      0.00027   (15-84 p)   [  -20.0000,    20.0000]

----- dataset:  Halphadata_harps
jitter_0        69       0.00025     -0.00016      0.00019   (15-84 p)   [    0.0000,     0.1000]
offset_0        70       0.17469     -0.00021      0.00019   (15-84 p)   [-9999.8279, 10000.1774]
offset_1        71       0.17397     -0.00029      0.00028   (15-84 p)   [-9999.8279, 10000.1774]

----- dataset: Halphadata_harps          ----- model: gp_multidimensional           
rot_amp         72      -0.00276      -0.0012      0.00094   (15-84 p)   [  -10.0000,    10.0000]
con_amp         73       0.00023     -0.00028      0.00032   (15-84 p)   [  -20.0000,    20.0000]

----- dataset:  Halphadata_neid
jitter_0        74      0.000100    -0.000063     0.000098   (15-84 p)   [    0.0000,     0.1000]
offset_0        75       0.17113     -0.00017      0.00017   (15-84 p)   [-9999.8297, 10000.1719]

----- dataset: Halphadata_neid           ----- model: gp_multidimensional           
rot_amp         76        0.0001      -0.0011       0.0011   (15-84 p)   [  -10.0000,    10.0000]
con_amp         77      -0.00005     -0.00032      0.00029   (15-84 p)   [  -20.0000,    20.0000]

----- common model:  b
P                0          5.68        -0.15         0.25   (15-84 p)   [    0.3785,     6.6439]
K                1         -0.52        -0.92         0.47   (15-84 p)   [   -9.9658,     3.3219]
sre_coso         2         -0.06        -0.22         0.24   (15-84 p)   [   -1.0000,     1.0000]
sre_sino         3         -0.01        -0.22         0.23   (15-84 p)   [   -1.0000,     1.0000]
mean_long        4           269          -48           93   (15-84 p)   [   59.8030,   419.8030]

----- common model:  c
P                5         2.200       -0.012        0.012   (15-84 p)   [    0.3785,     6.6439]
K                6         -1.02        -0.64         0.40   (15-84 p)   [   -9.9658,     3.3219]
sre_coso         7          0.07        -0.23         0.20   (15-84 p)   [   -1.0000,     1.0000]
sre_sino         8         -0.07        -0.23         0.24   (15-84 p)   [   -1.0000,     1.0000]
mean_long        9           181          -24           27   (15-84 p)   [    0.0177,   360.0177]

----- common model:  activity
Prot            10         28.37        -0.47         0.45   (15-84 p)   [   20.0000,    35.0000]
Pdec            11         30.52        -0.37         0.84   (15-84 p)   [   30.0000,  1000.0000]
Oamp            12         -1.29        -0.13         0.12   (15-84 p)   [   -6.6439,     0.0000]

----- common model:  star_parameters

====================================================================================================
     Statistics on the model parameters obtained from the posteriors samples     
====================================================================================================

----- dataset:  RVdata_expres
jitter_0                 0.997       -0.090         0.10    (15-84 p)
offset_0                   9.8         -1.5          1.5    (15-84 p)


----- dataset: RVdata_expres             ----- model: gp_multidimensional           
rot_amp                    8.0         -2.7          1.5    (15-84 p)
con_amp                   -3.9         -1.5          1.1    (15-84 p)

----- dataset:  RVdata_harps
jitter_0                 1.268       -0.096         0.11    (15-84 p)
offset_0                  9.85        -0.76         0.80    (15-84 p)
offset_1                 11.25        -0.85         0.83    (15-84 p)


----- dataset: RVdata_harps              ----- model: gp_multidimensional           
rot_amp                    2.1         -1.3          1.5    (15-84 p)
con_amp                  -1.92        -0.90         0.66    (15-84 p)

----- dataset:  RVdata_neid
jitter_0                  1.28        -0.11         0.13    (15-84 p)
offset_0                  10.9         -1.1          1.1    (15-84 p)


----- dataset: RVdata_neid               ----- model: gp_multidimensional           
rot_amp                    3.0         -2.0          2.0    (15-84 p)
con_amp                  -2.84         -1.1         0.95    (15-84 p)

----- dataset:  BISdata_expres
jitter_0                  2.06        -0.18         0.20    (15-84 p)
offset_0                -54.65        -0.47         0.60    (15-84 p)


----- dataset: BISdata_expres            ----- model: gp_multidimensional           
rot_amp                    2.0         -2.5          3.1    (15-84 p)
con_amp                  -1.10        -0.71         0.61    (15-84 p)

----- dataset:  BISdata_harps
jitter_0                  1.91        -0.17         0.19    (15-84 p)
offset_0                -45.21        -0.36         0.40    (15-84 p)
offset_1                -35.11        -0.58         0.57    (15-84 p)


----- dataset: BISdata_harps             ----- model: gp_multidimensional           
rot_amp                   -1.8         -2.1          2.3    (15-84 p)
con_amp                  -0.50        -0.61         0.58    (15-84 p)

----- dataset:  BISdata_neid
jitter_0                  1.39        -0.17         0.20    (15-84 p)
offset_0                -46.80        -0.31         0.33    (15-84 p)


----- dataset: BISdata_neid              ----- model: gp_multidimensional           
rot_amp                   -3.4         -2.2          2.0    (15-84 p)
con_amp                  -0.25        -0.55         0.61    (15-84 p)

----- dataset:  FWHMdata_expres
jitter_0                  0.55        -0.35         0.55    (15-84 p)
offset_0                6774.9         -4.6          4.3    (15-84 p)


----- dataset: FWHMdata_expres           ----- model: gp_multidimensional           
rot_amp                    1.1         -5.5          5.2    (15-84 p)
con_amp                   10.7         -2.3          3.0    (15-84 p)

----- dataset:  FWHMdata_harps
jitter_0                  0.45        -0.28         0.45    (15-84 p)
offset_0               6917.00        -0.93         0.77    (15-84 p)
offset_1                7172.0         -1.3          1.3    (15-84 p)


----- dataset: FWHMdata_harps            ----- model: gp_multidimensional           
rot_amp                    3.8         -3.8          3.7    (15-84 p)
con_amp                    0.8         -1.2          1.3    (15-84 p)

----- dataset:  FWHMdata_neid
jitter_0                  0.50        -0.31         0.50    (15-84 p)
offset_0               6956.38        -0.92         0.85    (15-84 p)


----- dataset: FWHMdata_neid             ----- model: gp_multidimensional           
rot_amp                    1.6         -5.5          4.8    (15-84 p)
con_amp                    0.4         -1.5          1.6    (15-84 p)

----- dataset:  Contrastdata_expres
jitter_0                   199          -19           21    (15-84 p)
offset_0               -349448          -25           26    (15-84 p)


----- dataset: Contrastdata_expres       ----- model: gp_multidimensional           
rot_amp                   -1.4         -5.8          7.3    (15-84 p)
con_amp                  19.44        -0.92         0.41    (15-84 p)

----- dataset:  Contrastdata_harps
jitter_0                    45          -28           26    (15-84 p)
offset_0               -453790          -16           17    (15-84 p)
offset_1               -419793          -33           32    (15-84 p)


----- dataset: Contrastdata_harps        ----- model: gp_multidimensional           
rot_amp                   -0.6         -6.5          7.1    (15-84 p)
con_amp                     -3          -12           14    (15-84 p)

----- dataset:  Contrastdata_neid
jitter_0                    24          -17           24    (15-84 p)
offset_0               -359636          -17           17    (15-84 p)


----- dataset: Contrastdata_neid         ----- model: gp_multidimensional           
rot_amp                   -4.7         -3.8          7.4    (15-84 p)
con_amp                     -2          -13           14    (15-84 p)

----- dataset:  Halphadata_expres
jitter_0              0.000085    -0.000053     0.000077    (15-84 p)
offset_0               0.17204     -0.00014      0.00015    (15-84 p)


----- dataset: Halphadata_expres         ----- model: gp_multidimensional           
rot_amp                0.00057     -0.00089      0.00089    (15-84 p)
con_amp               -0.00001     -0.00026      0.00027    (15-84 p)

----- dataset:  Halphadata_harps
jitter_0               0.00025     -0.00016      0.00019    (15-84 p)
offset_0               0.17469     -0.00021      0.00019    (15-84 p)
offset_1               0.17397     -0.00029      0.00028    (15-84 p)


----- dataset: Halphadata_harps          ----- model: gp_multidimensional           
rot_amp               -0.00276      -0.0012      0.00094    (15-84 p)
con_amp                0.00023     -0.00028      0.00032    (15-84 p)

----- dataset:  Halphadata_neid
jitter_0              0.000100    -0.000063     0.000098    (15-84 p)
offset_0               0.17113     -0.00017      0.00017    (15-84 p)


----- dataset: Halphadata_neid           ----- model: gp_multidimensional           
rot_amp                 0.0001      -0.0011       0.0011    (15-84 p)
con_amp               -0.00005     -0.00032      0.00029    (15-84 p)

----- common model:  b
P                         51.2         -5.0          9.6    (15-84 p)
K                         0.70        -0.33         0.27    (15-84 p)
mean_long                  269          -48           93    (15-84 p)
e                        0.077       -0.054        0.080    (15-84 p)
omega                       -6         -129          143    (15-84 p)

----- common model:  c
P                        4.596       -0.039        0.038    (15-84 p)
K                         0.49        -0.18         0.16    (15-84 p)
mean_long                  181          -24           27    (15-84 p)
e                        0.080       -0.056        0.085    (15-84 p)
omega                      -30          -82          114    (15-84 p)

----- common model:  activity
Prot                     28.37        -0.47         0.45    (15-84 p)
Pdec                     30.52        -0.37         0.84    (15-84 p)
Oamp                     0.410       -0.034        0.034    (15-84 p)

----- common model:  star_parameters

====================================================================================================
     Statistics on the derived parameters obtained from the posteriors samples     
====================================================================================================

----- common model:  b
Inclination fixed to 90 deg!
Computing planetary mass under the approximation M_planet << M_star (threshold at 30.0 Me)
a_Rs                      58.0         -3.8          7.0    (15-84 p)
M_Mj                    0.0128      -0.0060       0.0048    (15-84 p)
M_Me                       4.1         -1.9          1.5    (15-84 p)
Tc                     59360.5          -12          4.9    (15-84 p)
a_AU_(M)                 0.270       -0.018        0.033    (15-84 p)
a_AU_(rho,R)             0.270       -0.018        0.033    (15-84 p)

----- common model:  c
Inclination fixed to 90 deg!
Computing planetary mass under the approximation M_planet << M_star (threshold at 30.0 Me)
a_Rs                    11.628       -0.065        0.064    (15-84 p)
M_Mj                    0.0040      -0.0014       0.0013    (15-84 p)
M_Me                      1.28        -0.46         0.40    (15-84 p)
Tc                    59338.08        -0.36         0.33    (15-84 p)
a_AU_(M)               0.05410     -0.00030      0.00030    (15-84 p)
a_AU_(rho,R)           0.05410     -0.00030      0.00030    (15-84 p)


====================================================================================================
     ------------------------------------------------------------------------------------------     
====================================================================================================



45000.0   steps completed, average lnprob:,  -2465.983701398878


Computing the autocorrelation time of the chains

***** WARNING ******
The integrated autocorrelation time cannot be reliably estimated
likely the chains are too short, and ACF analysis is not fully reliable
emcee.autocorr.integrated_time tolerance lowered to 20
If you still get a warning, you should drop these results entirely
Chains too short to apply convergence criteria
They should be at least 2500*nthin = 375000

====================================================================================================
     Statistics on the posterior of the sampler parameters     
====================================================================================================

----- dataset:  RVdata_expres
jitter_0        13         0.998       -0.091         0.11   (15-84 p)   [    0.0010,    11.5000]
offset_0        14           9.8         -1.7          1.6   (15-84 p)   [-9995.6770, 10013.1550]

----- dataset: RVdata_expres             ----- model: gp_multidimensional           
rot_amp         15           7.9         -2.9          1.6   (15-84 p)   [    0.0000,    10.0000]
con_amp         16          -4.2         -1.7          1.3   (15-84 p)   [  -20.0000,    20.0000]

----- dataset:  RVdata_harps
jitter_0        17         1.263       -0.094         0.11   (15-84 p)   [    0.0010,    13.3000]
offset_0        18          9.86        -0.83         0.89   (15-84 p)   [-9995.1415, 10014.3487]
offset_1        19         11.25        -0.90         0.91   (15-84 p)   [-9995.1415, 10014.3487]

----- dataset: RVdata_harps              ----- model: gp_multidimensional           
rot_amp         20           2.1         -1.3          1.6   (15-84 p)   [    0.0000,    10.0000]
con_amp         21         -2.09         -1.0         0.74   (15-84 p)   [  -20.0000,    20.0000]

----- dataset:  RVdata_neid
jitter_0        22          1.28        -0.11         0.13   (15-84 p)   [    0.0010,    12.2000]
offset_0        23          10.9         -1.2          1.2   (15-84 p)   [-9993.8466, 10013.8014]

----- dataset: RVdata_neid               ----- model: gp_multidimensional           
rot_amp         24           2.8         -1.9          2.2   (15-84 p)   [    0.0000,    10.0000]
con_amp         25          -3.1         -1.3          1.0   (15-84 p)   [  -20.0000,    20.0000]

----- dataset:  BISdata_expres
jitter_0        26          2.05        -0.18         0.20   (15-84 p)   [    0.0095,    95.0000]
offset_0        27        -54.65        -0.49         0.64   (15-84 p)   [-10062.6333,  9950.1000]

----- dataset: BISdata_expres            ----- model: gp_multidimensional           
rot_amp         28           2.3         -2.7          3.4   (15-84 p)   [  -10.0000,    10.0000]
con_amp         29         -1.17        -0.75         0.65   (15-84 p)   [  -20.0000,    20.0000]

----- dataset:  BISdata_harps
jitter_0        30          1.92        -0.17         0.19   (15-84 p)   [    0.0095,    95.0000]
offset_0        31        -45.22        -0.37         0.41   (15-84 p)   [-10050.2167,  9967.9000]
offset_1        32        -35.10        -0.59         0.58   (15-84 p)   [-10050.2167,  9967.9000]

----- dataset: BISdata_harps             ----- model: gp_multidimensional           
rot_amp         33          -1.7         -2.3          2.7   (15-84 p)   [  -10.0000,    10.0000]
con_amp         34         -0.51        -0.64         0.63   (15-84 p)   [  -20.0000,    20.0000]

----- dataset:  BISdata_neid
jitter_0        35          1.40        -0.17         0.19   (15-84 p)   [    0.0095,    95.0000]
offset_0        36        -46.80        -0.32         0.34   (15-84 p)   [-10050.3833,  9958.6000]

----- dataset: BISdata_neid              ----- model: gp_multidimensional           
rot_amp         37          -3.5         -2.3          2.1   (15-84 p)   [  -10.0000,    10.0000]
con_amp         38         -0.20        -0.58         0.66   (15-84 p)   [  -20.0000,    20.0000]

----- dataset:  FWHMdata_expres
jitter_0        39          0.54        -0.35         0.55   (15-84 p)   [    0.0500,   500.0000]
offset_0        40        6775.0         -4.8          4.5   (15-84 p)   [-3231.3066, 16788.6123]

----- dataset: FWHMdata_expres           ----- model: gp_multidimensional           
rot_amp         41           1.1         -5.5          5.2   (15-84 p)   [  -10.0000,    10.0000]
con_amp         42          11.0         -2.4          3.1   (15-84 p)   [  -20.0000,    20.0000]

----- dataset:  FWHMdata_harps
jitter_0        43          0.47        -0.29         0.45   (15-84 p)   [    0.0500,   500.0000]
offset_0        44       6917.01        -0.91         0.76   (15-84 p)   [-3088.2455, 17179.2899]
offset_1        45        7172.0         -1.3          1.3   (15-84 p)   [-3088.2455, 17179.2899]

----- dataset: FWHMdata_harps            ----- model: gp_multidimensional           
rot_amp         46           3.9         -3.9          3.7   (15-84 p)   [  -10.0000,    10.0000]
con_amp         47           0.8         -1.2          1.3   (15-84 p)   [  -20.0000,    20.0000]

----- dataset:  FWHMdata_neid
jitter_0        48          0.50        -0.32         0.52   (15-84 p)   [    0.0500,   500.0000]
offset_0        49       6956.40        -0.90         0.84   (15-84 p)   [-3050.5362, 16961.5856]

----- dataset: FWHMdata_neid             ----- model: gp_multidimensional           
rot_amp         50           1.4         -5.6          5.0   (15-84 p)   [  -10.0000,    10.0000]
con_amp         51           0.4         -1.5          1.7   (15-84 p)   [  -20.0000,    20.0000]

----- dataset:  Contrastdata_expres
jitter_0        52           199          -19           21   (15-84 p)   [    1.3000, 13000.0000]
offset_0        53       -349448          -26           26   (15-84 p)   [-359920.4253, -338857.3677]

----- dataset: Contrastdata_expres       ----- model: gp_multidimensional           
rot_amp         54          -0.8         -6.3          7.1   (15-84 p)   [  -10.0000,    10.0000]
con_amp         55         19.22         -1.6         0.59   (15-84 p)   [  -20.0000,    20.0000]

----- dataset:  Contrastdata_harps
jitter_0        56            44          -27           26   (15-84 p)   [    1.3000, 13000.0000]
offset_0        57       -453790          -16           17   (15-84 p)   [-464231.0713, -409603.2636]
offset_1        58       -419792          -32           32   (15-84 p)   [-464231.0713, -409603.2636]

----- dataset: Contrastdata_harps        ----- model: gp_multidimensional           
rot_amp         59          -0.6         -6.5          7.1   (15-84 p)   [  -10.0000,    10.0000]
con_amp         60            -2          -12           14   (15-84 p)   [  -20.0000,    20.0000]

----- dataset:  Contrastdata_neid
jitter_0        61            24          -16           24   (15-84 p)   [    1.3000, 13000.0000]
offset_0        62       -359636          -17           17   (15-84 p)   [-369898.1579, -349381.6867]

----- dataset: Contrastdata_neid         ----- model: gp_multidimensional           
rot_amp         63          -3.6         -4.6          8.0   (15-84 p)   [  -10.0000,    10.0000]
con_amp         64            -2          -13           15   (15-84 p)   [  -20.0000,    20.0000]

----- dataset:  Halphadata_expres
jitter_0        65      0.000084    -0.000052     0.000080   (15-84 p)   [    0.0000,     0.1000]
offset_0        66       0.17205     -0.00015      0.00015   (15-84 p)   [-9999.8289, 10000.1728]

----- dataset: Halphadata_expres         ----- model: gp_multidimensional           
rot_amp         67       0.00056     -0.00093      0.00092   (15-84 p)   [  -10.0000,    10.0000]
con_amp         68      -0.00002     -0.00027      0.00027   (15-84 p)   [  -20.0000,    20.0000]

----- dataset:  Halphadata_harps
jitter_0        69       0.00025     -0.00016      0.00019   (15-84 p)   [    0.0000,     0.1000]
offset_0        70       0.17469     -0.00021      0.00019   (15-84 p)   [-9999.8279, 10000.1774]
offset_1        71       0.17397     -0.00030      0.00029   (15-84 p)   [-9999.8279, 10000.1774]

----- dataset: Halphadata_harps          ----- model: gp_multidimensional           
rot_amp         72       -0.0029      -0.0013       0.0010   (15-84 p)   [  -10.0000,    10.0000]
con_amp         73       0.00025     -0.00029      0.00034   (15-84 p)   [  -20.0000,    20.0000]

----- dataset:  Halphadata_neid
jitter_0        74      0.000099    -0.000063     0.000100   (15-84 p)   [    0.0000,     0.1000]
offset_0        75       0.17113     -0.00017      0.00017   (15-84 p)   [-9999.8297, 10000.1719]

----- dataset: Halphadata_neid           ----- model: gp_multidimensional           
rot_amp         76        0.0001      -0.0012       0.0011   (15-84 p)   [  -10.0000,    10.0000]
con_amp         77      -0.00006     -0.00034      0.00031   (15-84 p)   [  -20.0000,    20.0000]

----- common model:  b
P                0          5.69        -0.16         0.27   (15-84 p)   [    0.3785,     6.6439]
K                1         -0.60         -1.1         0.51   (15-84 p)   [   -9.9658,     3.3219]
sre_coso         2         -0.05        -0.22         0.23   (15-84 p)   [   -1.0000,     1.0000]
sre_sino         3         -0.01        -0.22         0.23   (15-84 p)   [   -1.0000,     1.0000]
mean_long        4           273          -55           99   (15-84 p)   [   59.8030,   419.8030]

----- common model:  c
P                5         2.201       -0.012        0.012   (15-84 p)   [    0.3785,     6.6439]
K                6         -1.02        -0.65         0.40   (15-84 p)   [   -9.9658,     3.3219]
sre_coso         7          0.07        -0.23         0.20   (15-84 p)   [   -1.0000,     1.0000]
sre_sino         8         -0.08        -0.22         0.24   (15-84 p)   [   -1.0000,     1.0000]
mean_long        9           182          -25           27   (15-84 p)   [    0.0177,   360.0177]

----- common model:  activity
Prot            10         28.38        -0.48         0.46   (15-84 p)   [   20.0000,    35.0000]
Pdec            11         30.75        -0.56          1.7   (15-84 p)   [   30.0000,  1000.0000]
Oamp            12         -1.28        -0.13         0.11   (15-84 p)   [   -6.6439,     0.0000]

----- common model:  star_parameters

====================================================================================================
     Statistics on the model parameters obtained from the posteriors samples     
====================================================================================================

----- dataset:  RVdata_expres
jitter_0                 0.998       -0.091         0.11    (15-84 p)
offset_0                   9.8         -1.7          1.6    (15-84 p)


----- dataset: RVdata_expres             ----- model: gp_multidimensional           
rot_amp                    7.9         -2.9          1.6    (15-84 p)
con_amp                   -4.2         -1.7          1.3    (15-84 p)

----- dataset:  RVdata_harps
jitter_0                 1.263       -0.094         0.11    (15-84 p)
offset_0                  9.86        -0.83         0.89    (15-84 p)
offset_1                 11.25        -0.90         0.91    (15-84 p)


----- dataset: RVdata_harps              ----- model: gp_multidimensional           
rot_amp                    2.1         -1.3          1.6    (15-84 p)
con_amp                  -2.09         -1.0         0.74    (15-84 p)

----- dataset:  RVdata_neid
jitter_0                  1.28        -0.11         0.13    (15-84 p)
offset_0                  10.9         -1.2          1.2    (15-84 p)


----- dataset: RVdata_neid               ----- model: gp_multidimensional           
rot_amp                    2.8         -1.9          2.2    (15-84 p)
con_amp                   -3.1         -1.3          1.0    (15-84 p)

----- dataset:  BISdata_expres
jitter_0                  2.05        -0.18         0.20    (15-84 p)
offset_0                -54.65        -0.49         0.64    (15-84 p)


----- dataset: BISdata_expres            ----- model: gp_multidimensional           
rot_amp                    2.3         -2.7          3.4    (15-84 p)
con_amp                  -1.17        -0.75         0.65    (15-84 p)

----- dataset:  BISdata_harps
jitter_0                  1.92        -0.17         0.19    (15-84 p)
offset_0                -45.22        -0.37         0.41    (15-84 p)
offset_1                -35.10        -0.59         0.58    (15-84 p)


----- dataset: BISdata_harps             ----- model: gp_multidimensional           
rot_amp                   -1.7         -2.3          2.7    (15-84 p)
con_amp                  -0.51        -0.64         0.63    (15-84 p)

----- dataset:  BISdata_neid
jitter_0                  1.40        -0.17         0.19    (15-84 p)
offset_0                -46.80        -0.32         0.34    (15-84 p)


----- dataset: BISdata_neid              ----- model: gp_multidimensional           
rot_amp                   -3.5         -2.3          2.1    (15-84 p)
con_amp                  -0.20        -0.58         0.66    (15-84 p)

----- dataset:  FWHMdata_expres
jitter_0                  0.54        -0.35         0.55    (15-84 p)
offset_0                6775.0         -4.8          4.5    (15-84 p)


----- dataset: FWHMdata_expres           ----- model: gp_multidimensional           
rot_amp                    1.1         -5.5          5.2    (15-84 p)
con_amp                   11.0         -2.4          3.1    (15-84 p)

----- dataset:  FWHMdata_harps
jitter_0                  0.47        -0.29         0.45    (15-84 p)
offset_0               6917.01        -0.91         0.76    (15-84 p)
offset_1                7172.0         -1.3          1.3    (15-84 p)


----- dataset: FWHMdata_harps            ----- model: gp_multidimensional           
rot_amp                    3.9         -3.9          3.7    (15-84 p)
con_amp                    0.8         -1.2          1.3    (15-84 p)

----- dataset:  FWHMdata_neid
jitter_0                  0.50        -0.32         0.52    (15-84 p)
offset_0               6956.40        -0.90         0.84    (15-84 p)


----- dataset: FWHMdata_neid             ----- model: gp_multidimensional           
rot_amp                    1.4         -5.6          5.0    (15-84 p)
con_amp                    0.4         -1.5          1.7    (15-84 p)

----- dataset:  Contrastdata_expres
jitter_0                   199          -19           21    (15-84 p)
offset_0               -349448          -26           26    (15-84 p)


----- dataset: Contrastdata_expres       ----- model: gp_multidimensional           
rot_amp                   -0.8         -6.3          7.1    (15-84 p)
con_amp                  19.22         -1.6         0.59    (15-84 p)

----- dataset:  Contrastdata_harps
jitter_0                    44          -27           26    (15-84 p)
offset_0               -453790          -16           17    (15-84 p)
offset_1               -419792          -32           32    (15-84 p)


----- dataset: Contrastdata_harps        ----- model: gp_multidimensional           
rot_amp                   -0.6         -6.5          7.1    (15-84 p)
con_amp                     -2          -12           14    (15-84 p)

----- dataset:  Contrastdata_neid
jitter_0                    24          -16           24    (15-84 p)
offset_0               -359636          -17           17    (15-84 p)


----- dataset: Contrastdata_neid         ----- model: gp_multidimensional           
rot_amp                   -3.6         -4.6          8.0    (15-84 p)
con_amp                     -2          -13           15    (15-84 p)

----- dataset:  Halphadata_expres
jitter_0              0.000084    -0.000052     0.000080    (15-84 p)
offset_0               0.17205     -0.00015      0.00015    (15-84 p)


----- dataset: Halphadata_expres         ----- model: gp_multidimensional           
rot_amp                0.00056     -0.00093      0.00092    (15-84 p)
con_amp               -0.00002     -0.00027      0.00027    (15-84 p)

----- dataset:  Halphadata_harps
jitter_0               0.00025     -0.00016      0.00019    (15-84 p)
offset_0               0.17469     -0.00021      0.00019    (15-84 p)
offset_1               0.17397     -0.00030      0.00029    (15-84 p)


----- dataset: Halphadata_harps          ----- model: gp_multidimensional           
rot_amp                -0.0029      -0.0013       0.0010    (15-84 p)
con_amp                0.00025     -0.00029      0.00034    (15-84 p)

----- dataset:  Halphadata_neid
jitter_0              0.000099    -0.000063     0.000100    (15-84 p)
offset_0               0.17113     -0.00017      0.00017    (15-84 p)


----- dataset: Halphadata_neid           ----- model: gp_multidimensional           
rot_amp                 0.0001      -0.0012       0.0011    (15-84 p)
con_amp               -0.00006     -0.00034      0.00031    (15-84 p)

----- common model:  b
P                         51.5         -5.5           11    (15-84 p)
K                         0.66        -0.36         0.28    (15-84 p)
mean_long                  273          -55           99    (15-84 p)
e                        0.077       -0.054        0.080    (15-84 p)
omega                       -5         -127          140    (15-84 p)

----- common model:  c
P                        4.598       -0.039        0.039    (15-84 p)
K                         0.49        -0.18         0.16    (15-84 p)
mean_long                  182          -25           27    (15-84 p)
e                        0.080       -0.056        0.084    (15-84 p)
omega                      -32          -81          116    (15-84 p)

----- common model:  activity
Prot                     28.38        -0.48         0.46    (15-84 p)
Pdec                     30.75        -0.56          1.7    (15-84 p)
Oamp                     0.410       -0.035        0.034    (15-84 p)

----- common model:  star_parameters

====================================================================================================
     Statistics on the derived parameters obtained from the posteriors samples     
====================================================================================================

----- common model:  b
Inclination fixed to 90 deg!
Computing planetary mass under the approximation M_planet << M_star (threshold at 30.0 Me)
a_Rs                      58.2         -4.2          7.8    (15-84 p)
M_Mj                    0.0121      -0.0065       0.0051    (15-84 p)
M_Me                       3.9         -2.1          1.6    (15-84 p)
Tc                     59360.0          -12          5.5    (15-84 p)
a_AU_(M)                 0.271       -0.020        0.036    (15-84 p)
a_AU_(rho,R)             0.271       -0.020        0.036    (15-84 p)

----- common model:  c
Inclination fixed to 90 deg!
Computing planetary mass under the approximation M_planet << M_star (threshold at 30.0 Me)
a_Rs                    11.630       -0.065        0.065    (15-84 p)
M_Mj                    0.0040      -0.0015       0.0013    (15-84 p)
M_Me                      1.28        -0.46         0.40    (15-84 p)
Tc                    59338.07        -0.36         0.34    (15-84 p)
a_AU_(M)               0.05411     -0.00030      0.00030    (15-84 p)
a_AU_(rho,R)           0.05411     -0.00030      0.00030    (15-84 p)


====================================================================================================
     ------------------------------------------------------------------------------------------     
====================================================================================================



60000.0   steps completed, average lnprob:,  -2469.220547680592


emcee completed


:::---::: PyORBIT v11.0.1 :::---:::

Python version in use:
3.10.18 (main, Jun  5 2025, 13:14:17) [GCC 11.2.0]
LaTeX disabled by default

Using orbital model:  keplerian
Using orbital parametrization:  Eastman2013

Using orbital model:  keplerian
Using orbital parametrization:  Eastman2013

gp_multidimensional  S+LEAF model, number of harmonics: 4

GP model: gp_multidimensional  hyperparameters_condition:    True
GP model: gp_multidimensional  rotation_decay_condition:     True

### PyORBIT version used in the analysis:  11.0.1

 emcee version:  3.1.6

 Reference Time Tref: 59334.700184

 Data points:1400
 Dimensions: 78
 Nwalkers:   312
 Steps:      60000


Number of samplings: 93600

Recomputing ln-prior, it may take a while...

ln-probability   distribution:  -2464.66       -8.99      7.89 (15-84 p) 
ln-prior         distribution:   -402.52       -2.72      1.88 (15-84 p) 
ln-likelihood    distribution:  -2061.78       -9.04      8.07 (15-84 p) 


*** Information criteria using the likelihood distribution

 BIC from distribution  (using likelihood)  =   4688.61    -16.14   18.08 (15-84 p)
 AIC from distribution  (using likelihood)  =   4279.57    -16.14   18.08 (15-84 p)
 AICc from distribution (using likelihood)  =   4288.89    -16.14   18.08 (15-84 p)


*** Information criteria using the median parameter set

 ln_probability of Median solution =  -2432.91
 ln_priors of Median solution      =   -400.71
 ln_likelihood of Median solution  =  -2032.20

 Median BIC  (using likelihood) =   4629.44
 Median AIC  (using likelihood) =   4220.39
 Median AICc (using likelihood) =   4229.72


*** Information criteria using the MAP parameter set

 ln_probability of MAP solution =  -2420.22
 ln_priors of MAP solution      =   -401.62
 ln_likelihood of MAP solution  =  -2018.61

 MAP BIC  (using likelihood)    =   4602.26
 MAP AIC  (using likelihood)    =   4193.21
 MAP AICc (using likelihood)    =   4202.54

 AICc suggested over AIC because NDATA ( 1400 ) < 40 * NDIM ( 78 )

****************************************************************************************************


Computing the autocorrelation time of the chains

***** WARNING ******
The integrated autocorrelation time cannot be reliably estimated
likely the chains are too short, and ACF analysis is not fully reliable
emcee.autocorr.integrated_time tolerance lowered to 20
If you still get a warning, you should drop these results entirely
Chains too short to apply convergence criteria
They should be at least 2500*nthin = 375000

 ACF computation failed, no plot will be generated 


====================================================================================================
     Ids, spaces (s), boundaries (b) and priors (p) of the sampler parameters     
====================================================================================================

----- dataset:  RVdata_expres
jitter_0      id:  13  s:Linear      b:[      0.0010,      11.5000]   p:Uniform   []
offset_0      id:  14  s:Linear      b:[  -9995.6770,   10013.1550]   p:Uniform   []

----- dataset: RVdata_expres             ----- model: gp_multidimensional           
rot_amp       id:  15  s:Linear      b:[      0.0000,      10.0000]   p:Uniform   []
con_amp       id:  16  s:Linear      b:[    -20.0000,      20.0000]   p:Uniform   []

----- dataset:  RVdata_harps
jitter_0      id:  17  s:Linear      b:[      0.0010,      13.3000]   p:Uniform   []
offset_0      id:  18  s:Linear      b:[  -9995.1415,   10014.3487]   p:Uniform   []
offset_1      id:  19  s:Linear      b:[  -9995.1415,   10014.3487]   p:Uniform   []

----- dataset: RVdata_harps              ----- model: gp_multidimensional           
rot_amp       id:  20  s:Linear      b:[      0.0000,      10.0000]   p:Uniform   []
con_amp       id:  21  s:Linear      b:[    -20.0000,      20.0000]   p:Uniform   []

----- dataset:  RVdata_neid
jitter_0      id:  22  s:Linear      b:[      0.0010,      12.2000]   p:Uniform   []
offset_0      id:  23  s:Linear      b:[  -9993.8466,   10013.8014]   p:Uniform   []

----- dataset: RVdata_neid               ----- model: gp_multidimensional           
rot_amp       id:  24  s:Linear      b:[      0.0000,      10.0000]   p:Uniform   []
con_amp       id:  25  s:Linear      b:[    -20.0000,      20.0000]   p:Uniform   []

----- dataset:  BISdata_expres
jitter_0      id:  26  s:Linear      b:[      0.0095,      95.0000]   p:Uniform   []
offset_0      id:  27  s:Linear      b:[ -10062.6333,    9950.1000]   p:Uniform   []

----- dataset: BISdata_expres            ----- model: gp_multidimensional           
rot_amp       id:  28  s:Linear      b:[    -10.0000,      10.0000]   p:Uniform   []
con_amp       id:  29  s:Linear      b:[    -20.0000,      20.0000]   p:Uniform   []

----- dataset:  BISdata_harps
jitter_0      id:  30  s:Linear      b:[      0.0095,      95.0000]   p:Uniform   []
offset_0      id:  31  s:Linear      b:[ -10050.2167,    9967.9000]   p:Uniform   []
offset_1      id:  32  s:Linear      b:[ -10050.2167,    9967.9000]   p:Uniform   []

----- dataset: BISdata_harps             ----- model: gp_multidimensional           
rot_amp       id:  33  s:Linear      b:[    -10.0000,      10.0000]   p:Uniform   []
con_amp       id:  34  s:Linear      b:[    -20.0000,      20.0000]   p:Uniform   []

----- dataset:  BISdata_neid
jitter_0      id:  35  s:Linear      b:[      0.0095,      95.0000]   p:Uniform   []
offset_0      id:  36  s:Linear      b:[ -10050.3833,    9958.6000]   p:Uniform   []

----- dataset: BISdata_neid              ----- model: gp_multidimensional           
rot_amp       id:  37  s:Linear      b:[    -10.0000,      10.0000]   p:Uniform   []
con_amp       id:  38  s:Linear      b:[    -20.0000,      20.0000]   p:Uniform   []

----- dataset:  FWHMdata_expres
jitter_0      id:  39  s:Linear      b:[      0.0500,     500.0000]   p:Uniform   []
offset_0      id:  40  s:Linear      b:[  -3231.3066,   16788.6123]   p:Uniform   []

----- dataset: FWHMdata_expres           ----- model: gp_multidimensional           
rot_amp       id:  41  s:Linear      b:[    -10.0000,      10.0000]   p:Uniform   []
con_amp       id:  42  s:Linear      b:[    -20.0000,      20.0000]   p:Uniform   []

----- dataset:  FWHMdata_harps
jitter_0      id:  43  s:Linear      b:[      0.0500,     500.0000]   p:Uniform   []
offset_0      id:  44  s:Linear      b:[  -3088.2455,   17179.2899]   p:Uniform   []
offset_1      id:  45  s:Linear      b:[  -3088.2455,   17179.2899]   p:Uniform   []

----- dataset: FWHMdata_harps            ----- model: gp_multidimensional           
rot_amp       id:  46  s:Linear      b:[    -10.0000,      10.0000]   p:Uniform   []
con_amp       id:  47  s:Linear      b:[    -20.0000,      20.0000]   p:Uniform   []

----- dataset:  FWHMdata_neid
jitter_0      id:  48  s:Linear      b:[      0.0500,     500.0000]   p:Uniform   []
offset_0      id:  49  s:Linear      b:[  -3050.5362,   16961.5856]   p:Uniform   []

----- dataset: FWHMdata_neid             ----- model: gp_multidimensional           
rot_amp       id:  50  s:Linear      b:[    -10.0000,      10.0000]   p:Uniform   []
con_amp       id:  51  s:Linear      b:[    -20.0000,      20.0000]   p:Uniform   []

----- dataset:  Contrastdata_expres
jitter_0      id:  52  s:Linear      b:[      1.3000,   13000.0000]   p:Uniform   []
offset_0      id:  53  s:Linear      b:[-359920.4253, -338857.3677]   p:Uniform   []

----- dataset: Contrastdata_expres       ----- model: gp_multidimensional           
rot_amp       id:  54  s:Linear      b:[    -10.0000,      10.0000]   p:Uniform   []
con_amp       id:  55  s:Linear      b:[    -20.0000,      20.0000]   p:Uniform   []

----- dataset:  Contrastdata_harps
jitter_0      id:  56  s:Linear      b:[      1.3000,   13000.0000]   p:Uniform   []
offset_0      id:  57  s:Linear      b:[-464231.0713, -409603.2636]   p:Uniform   []
offset_1      id:  58  s:Linear      b:[-464231.0713, -409603.2636]   p:Uniform   []

----- dataset: Contrastdata_harps        ----- model: gp_multidimensional           
rot_amp       id:  59  s:Linear      b:[    -10.0000,      10.0000]   p:Uniform   []
con_amp       id:  60  s:Linear      b:[    -20.0000,      20.0000]   p:Uniform   []

----- dataset:  Contrastdata_neid
jitter_0      id:  61  s:Linear      b:[      1.3000,   13000.0000]   p:Uniform   []
offset_0      id:  62  s:Linear      b:[-369898.1579, -349381.6867]   p:Uniform   []

----- dataset: Contrastdata_neid         ----- model: gp_multidimensional           
rot_amp       id:  63  s:Linear      b:[    -10.0000,      10.0000]   p:Uniform   []
con_amp       id:  64  s:Linear      b:[    -20.0000,      20.0000]   p:Uniform   []

----- dataset:  Halphadata_expres
jitter_0      id:  65  s:Linear      b:[      0.0000,       0.1000]   p:Uniform   []
offset_0      id:  66  s:Linear      b:[  -9999.8289,   10000.1728]   p:Uniform   []

----- dataset: Halphadata_expres         ----- model: gp_multidimensional           
rot_amp       id:  67  s:Linear      b:[    -10.0000,      10.0000]   p:Uniform   []
con_amp       id:  68  s:Linear      b:[    -20.0000,      20.0000]   p:Uniform   []

----- dataset:  Halphadata_harps
jitter_0      id:  69  s:Linear      b:[      0.0000,       0.1000]   p:Uniform   []
offset_0      id:  70  s:Linear      b:[  -9999.8279,   10000.1774]   p:Uniform   []
offset_1      id:  71  s:Linear      b:[  -9999.8279,   10000.1774]   p:Uniform   []

----- dataset: Halphadata_harps          ----- model: gp_multidimensional           
rot_amp       id:  72  s:Linear      b:[    -10.0000,      10.0000]   p:Uniform   []
con_amp       id:  73  s:Linear      b:[    -20.0000,      20.0000]   p:Uniform   []

----- dataset:  Halphadata_neid
jitter_0      id:  74  s:Linear      b:[      0.0000,       0.1000]   p:Uniform   []
offset_0      id:  75  s:Linear      b:[  -9999.8297,   10000.1719]   p:Uniform   []

----- dataset: Halphadata_neid           ----- model: gp_multidimensional           
rot_amp       id:  76  s:Linear      b:[    -10.0000,      10.0000]   p:Uniform   []
con_amp       id:  77  s:Linear      b:[    -20.0000,      20.0000]   p:Uniform   []

----- common model:  b
P             id:   0  s:Log_Base2   b:[      0.3785,       6.6439]   p:Uniform   []
K             id:   1  s:Log_Base2   b:[     -9.9658,       3.3219]   p:Uniform   []
sre_coso      id:   2  s:Linear      b:[     -1.0000,       1.0000]   p:Uniform   []
sre_sino      id:   3  s:Linear      b:[     -1.0000,       1.0000]   p:Uniform   []
mean_long     id:   4  s:Linear      b:[     59.8030,     419.8030]   p:Uniform   []
e             derived (no id, space, bound)                           p:Gaussian   [0.    0.098]
omega         derived (no id, space, bound)                           p:Uniform   [0.0, 360.0]

----- common model:  c
P             id:   5  s:Log_Base2   b:[      0.3785,       6.6439]   p:Uniform   []
K             id:   6  s:Log_Base2   b:[     -9.9658,       3.3219]   p:Uniform   []
sre_coso      id:   7  s:Linear      b:[     -1.0000,       1.0000]   p:Uniform   []
sre_sino      id:   8  s:Linear      b:[     -1.0000,       1.0000]   p:Uniform   []
mean_long     id:   9  s:Linear      b:[      0.0177,     360.0177]   p:Uniform   []
e             derived (no id, space, bound)                           p:Gaussian   [0.    0.098]
omega         derived (no id, space, bound)                           p:Uniform   [0.0, 360.0]

----- common model:  activity
Prot          id:  10  s:Linear      b:[     20.0000,      35.0000]   p:Gaussian   [28.   0.5]
Pdec          id:  11  s:Linear      b:[     30.0000,    1000.0000]   p:Uniform   []
Oamp          id:  12  s:Log_Base2   b:[     -6.6439,       0.0000]   p:Gaussian   [0.35  0.035]

----- common model:  star_parameters
mass          derived (no id, space, bound)                           p:Gaussian   [1.e+00 1.e-06]
radius        derived (no id, space, bound)                           p:Gaussian   [1.e+00 1.e-06]
density       derived (no id, space, bound)                           p:Gaussian   [1.e+00 1.e-06]


****************************************************************************************************
****************************************************************************************************

 Confidence intervals (median value, 34.135th percentile from the median on the left and right side)

====================================================================================================
     Statistics on the posterior of the sampler parameters     
====================================================================================================

----- dataset:  RVdata_expres
jitter_0        13         0.998       -0.091         0.11   (15-84 p)   [    0.0010,    11.5000]
offset_0        14           9.8         -1.7          1.6   (15-84 p)   [-9995.6770, 10013.1550]

----- dataset: RVdata_expres             ----- model: gp_multidimensional           
rot_amp         15           7.9         -2.9          1.6   (15-84 p)   [    0.0000,    10.0000]
con_amp         16          -4.2         -1.7          1.3   (15-84 p)   [  -20.0000,    20.0000]

----- dataset:  RVdata_harps
jitter_0        17         1.263       -0.094         0.11   (15-84 p)   [    0.0010,    13.3000]
offset_0        18          9.86        -0.83         0.89   (15-84 p)   [-9995.1415, 10014.3487]
offset_1        19         11.25        -0.90         0.91   (15-84 p)   [-9995.1415, 10014.3487]

----- dataset: RVdata_harps              ----- model: gp_multidimensional           
rot_amp         20           2.1         -1.3          1.6   (15-84 p)   [    0.0000,    10.0000]
con_amp         21         -2.09         -1.0         0.74   (15-84 p)   [  -20.0000,    20.0000]

----- dataset:  RVdata_neid
jitter_0        22          1.28        -0.11         0.13   (15-84 p)   [    0.0010,    12.2000]
offset_0        23          10.9         -1.2          1.2   (15-84 p)   [-9993.8466, 10013.8014]

----- dataset: RVdata_neid               ----- model: gp_multidimensional           
rot_amp         24           2.8         -1.9          2.2   (15-84 p)   [    0.0000,    10.0000]
con_amp         25          -3.1         -1.3          1.0   (15-84 p)   [  -20.0000,    20.0000]

----- dataset:  BISdata_expres
jitter_0        26          2.05        -0.18         0.20   (15-84 p)   [    0.0095,    95.0000]
offset_0        27        -54.65        -0.49         0.64   (15-84 p)   [-10062.6333,  9950.1000]

----- dataset: BISdata_expres            ----- model: gp_multidimensional           
rot_amp         28           2.3         -2.7          3.4   (15-84 p)   [  -10.0000,    10.0000]
con_amp         29         -1.17        -0.75         0.65   (15-84 p)   [  -20.0000,    20.0000]

----- dataset:  BISdata_harps
jitter_0        30          1.92        -0.17         0.19   (15-84 p)   [    0.0095,    95.0000]
offset_0        31        -45.22        -0.37         0.41   (15-84 p)   [-10050.2167,  9967.9000]
offset_1        32        -35.10        -0.59         0.58   (15-84 p)   [-10050.2167,  9967.9000]

----- dataset: BISdata_harps             ----- model: gp_multidimensional           
rot_amp         33          -1.7         -2.3          2.7   (15-84 p)   [  -10.0000,    10.0000]
con_amp         34         -0.51        -0.64         0.63   (15-84 p)   [  -20.0000,    20.0000]

----- dataset:  BISdata_neid
jitter_0        35          1.40        -0.17         0.19   (15-84 p)   [    0.0095,    95.0000]
offset_0        36        -46.80        -0.32         0.34   (15-84 p)   [-10050.3833,  9958.6000]

----- dataset: BISdata_neid              ----- model: gp_multidimensional           
rot_amp         37          -3.5         -2.3          2.1   (15-84 p)   [  -10.0000,    10.0000]
con_amp         38         -0.20        -0.58         0.66   (15-84 p)   [  -20.0000,    20.0000]

----- dataset:  FWHMdata_expres
jitter_0        39          0.54        -0.35         0.55   (15-84 p)   [    0.0500,   500.0000]
offset_0        40        6775.0         -4.8          4.5   (15-84 p)   [-3231.3066, 16788.6123]

----- dataset: FWHMdata_expres           ----- model: gp_multidimensional           
rot_amp         41           1.1         -5.5          5.2   (15-84 p)   [  -10.0000,    10.0000]
con_amp         42          11.0         -2.4          3.1   (15-84 p)   [  -20.0000,    20.0000]

----- dataset:  FWHMdata_harps
jitter_0        43          0.47        -0.29         0.45   (15-84 p)   [    0.0500,   500.0000]
offset_0        44       6917.01        -0.91         0.76   (15-84 p)   [-3088.2455, 17179.2899]
offset_1        45        7172.0         -1.3          1.3   (15-84 p)   [-3088.2455, 17179.2899]

----- dataset: FWHMdata_harps            ----- model: gp_multidimensional           
rot_amp         46           3.9         -3.9          3.7   (15-84 p)   [  -10.0000,    10.0000]
con_amp         47           0.8         -1.2          1.3   (15-84 p)   [  -20.0000,    20.0000]

----- dataset:  FWHMdata_neid
jitter_0        48          0.50        -0.32         0.52   (15-84 p)   [    0.0500,   500.0000]
offset_0        49       6956.40        -0.90         0.84   (15-84 p)   [-3050.5362, 16961.5856]

----- dataset: FWHMdata_neid             ----- model: gp_multidimensional           
rot_amp         50           1.4         -5.6          5.0   (15-84 p)   [  -10.0000,    10.0000]
con_amp         51           0.4         -1.5          1.7   (15-84 p)   [  -20.0000,    20.0000]

----- dataset:  Contrastdata_expres
jitter_0        52           199          -19           21   (15-84 p)   [    1.3000, 13000.0000]
offset_0        53       -349448          -26           26   (15-84 p)   [-359920.4253, -338857.3677]

----- dataset: Contrastdata_expres       ----- model: gp_multidimensional           
rot_amp         54          -0.8         -6.3          7.1   (15-84 p)   [  -10.0000,    10.0000]
con_amp         55         19.22         -1.6         0.59   (15-84 p)   [  -20.0000,    20.0000]

----- dataset:  Contrastdata_harps
jitter_0        56            44          -27           26   (15-84 p)   [    1.3000, 13000.0000]
offset_0        57       -453790          -16           17   (15-84 p)   [-464231.0713, -409603.2636]
offset_1        58       -419792          -32           32   (15-84 p)   [-464231.0713, -409603.2636]

----- dataset: Contrastdata_harps        ----- model: gp_multidimensional           
rot_amp         59          -0.6         -6.5          7.1   (15-84 p)   [  -10.0000,    10.0000]
con_amp         60            -2          -12           14   (15-84 p)   [  -20.0000,    20.0000]

----- dataset:  Contrastdata_neid
jitter_0        61            24          -16           24   (15-84 p)   [    1.3000, 13000.0000]
offset_0        62       -359636          -17           17   (15-84 p)   [-369898.1579, -349381.6867]

----- dataset: Contrastdata_neid         ----- model: gp_multidimensional           
rot_amp         63          -3.6         -4.6          8.0   (15-84 p)   [  -10.0000,    10.0000]
con_amp         64            -2          -13           15   (15-84 p)   [  -20.0000,    20.0000]

----- dataset:  Halphadata_expres
jitter_0        65      0.000084    -0.000052     0.000080   (15-84 p)   [    0.0000,     0.1000]
offset_0        66       0.17205     -0.00015      0.00015   (15-84 p)   [-9999.8289, 10000.1728]

----- dataset: Halphadata_expres         ----- model: gp_multidimensional           
rot_amp         67       0.00056     -0.00093      0.00092   (15-84 p)   [  -10.0000,    10.0000]
con_amp         68      -0.00002     -0.00027      0.00027   (15-84 p)   [  -20.0000,    20.0000]

----- dataset:  Halphadata_harps
jitter_0        69       0.00025     -0.00016      0.00019   (15-84 p)   [    0.0000,     0.1000]
offset_0        70       0.17469     -0.00021      0.00019   (15-84 p)   [-9999.8279, 10000.1774]
offset_1        71       0.17397     -0.00030      0.00029   (15-84 p)   [-9999.8279, 10000.1774]

----- dataset: Halphadata_harps          ----- model: gp_multidimensional           
rot_amp         72       -0.0029      -0.0013       0.0010   (15-84 p)   [  -10.0000,    10.0000]
con_amp         73       0.00025     -0.00029      0.00034   (15-84 p)   [  -20.0000,    20.0000]

----- dataset:  Halphadata_neid
jitter_0        74      0.000099    -0.000063     0.000100   (15-84 p)   [    0.0000,     0.1000]
offset_0        75       0.17113     -0.00017      0.00017   (15-84 p)   [-9999.8297, 10000.1719]

----- dataset: Halphadata_neid           ----- model: gp_multidimensional           
rot_amp         76        0.0001      -0.0012       0.0011   (15-84 p)   [  -10.0000,    10.0000]
con_amp         77      -0.00006     -0.00034      0.00031   (15-84 p)   [  -20.0000,    20.0000]

----- common model:  b
P                0          5.69        -0.16         0.27   (15-84 p)   [    0.3785,     6.6439]
K                1         -0.60         -1.1         0.51   (15-84 p)   [   -9.9658,     3.3219]
sre_coso         2         -0.05        -0.22         0.23   (15-84 p)   [   -1.0000,     1.0000]
sre_sino         3         -0.01        -0.22         0.23   (15-84 p)   [   -1.0000,     1.0000]
mean_long        4           273          -55           99   (15-84 p)   [   59.8030,   419.8030]

----- common model:  c
P                5         2.201       -0.012        0.012   (15-84 p)   [    0.3785,     6.6439]
K                6         -1.02        -0.65         0.40   (15-84 p)   [   -9.9658,     3.3219]
sre_coso         7          0.07        -0.23         0.20   (15-84 p)   [   -1.0000,     1.0000]
sre_sino         8         -0.08        -0.22         0.24   (15-84 p)   [   -1.0000,     1.0000]
mean_long        9           182          -25           27   (15-84 p)   [    0.0177,   360.0177]

----- common model:  activity
Prot            10         28.38        -0.48         0.46   (15-84 p)   [   20.0000,    35.0000]
Pdec            11         30.75        -0.56          1.7   (15-84 p)   [   30.0000,  1000.0000]
Oamp            12         -1.28        -0.13         0.11   (15-84 p)   [   -6.6439,     0.0000]

----- common model:  star_parameters

====================================================================================================
     Statistics on the model parameters obtained from the posteriors samples     
====================================================================================================

----- dataset:  RVdata_expres
jitter_0                 0.998       -0.091         0.11    (15-84 p)
offset_0                   9.8         -1.7          1.6    (15-84 p)


----- dataset: RVdata_expres             ----- model: gp_multidimensional           
rot_amp                    7.9         -2.9          1.6    (15-84 p)
con_amp                   -4.2         -1.7          1.3    (15-84 p)

----- dataset:  RVdata_harps
jitter_0                 1.263       -0.094         0.11    (15-84 p)
offset_0                  9.86        -0.83         0.89    (15-84 p)
offset_1                 11.25        -0.90         0.91    (15-84 p)


----- dataset: RVdata_harps              ----- model: gp_multidimensional           
rot_amp                    2.1         -1.3          1.6    (15-84 p)
con_amp                  -2.09         -1.0         0.74    (15-84 p)

----- dataset:  RVdata_neid
jitter_0                  1.28        -0.11         0.13    (15-84 p)
offset_0                  10.9         -1.2          1.2    (15-84 p)


----- dataset: RVdata_neid               ----- model: gp_multidimensional           
rot_amp                    2.8         -1.9          2.2    (15-84 p)
con_amp                   -3.1         -1.3          1.0    (15-84 p)

----- dataset:  BISdata_expres
jitter_0                  2.05        -0.18         0.20    (15-84 p)
offset_0                -54.65        -0.49         0.64    (15-84 p)


----- dataset: BISdata_expres            ----- model: gp_multidimensional           
rot_amp                    2.3         -2.7          3.4    (15-84 p)
con_amp                  -1.17        -0.75         0.65    (15-84 p)

----- dataset:  BISdata_harps
jitter_0                  1.92        -0.17         0.19    (15-84 p)
offset_0                -45.22        -0.37         0.41    (15-84 p)
offset_1                -35.10        -0.59         0.58    (15-84 p)


----- dataset: BISdata_harps             ----- model: gp_multidimensional           
rot_amp                   -1.7         -2.3          2.7    (15-84 p)
con_amp                  -0.51        -0.64         0.63    (15-84 p)

----- dataset:  BISdata_neid
jitter_0                  1.40        -0.17         0.19    (15-84 p)
offset_0                -46.80        -0.32         0.34    (15-84 p)


----- dataset: BISdata_neid              ----- model: gp_multidimensional           
rot_amp                   -3.5         -2.3          2.1    (15-84 p)
con_amp                  -0.20        -0.58         0.66    (15-84 p)

----- dataset:  FWHMdata_expres
jitter_0                  0.54        -0.35         0.55    (15-84 p)
offset_0                6775.0         -4.8          4.5    (15-84 p)


----- dataset: FWHMdata_expres           ----- model: gp_multidimensional           
rot_amp                    1.1         -5.5          5.2    (15-84 p)
con_amp                   11.0         -2.4          3.1    (15-84 p)

----- dataset:  FWHMdata_harps
jitter_0                  0.47        -0.29         0.45    (15-84 p)
offset_0               6917.01        -0.91         0.76    (15-84 p)
offset_1                7172.0         -1.3          1.3    (15-84 p)


----- dataset: FWHMdata_harps            ----- model: gp_multidimensional           
rot_amp                    3.9         -3.9          3.7    (15-84 p)
con_amp                    0.8         -1.2          1.3    (15-84 p)

----- dataset:  FWHMdata_neid
jitter_0                  0.50        -0.32         0.52    (15-84 p)
offset_0               6956.40        -0.90         0.84    (15-84 p)


----- dataset: FWHMdata_neid             ----- model: gp_multidimensional           
rot_amp                    1.4         -5.6          5.0    (15-84 p)
con_amp                    0.4         -1.5          1.7    (15-84 p)

----- dataset:  Contrastdata_expres
jitter_0                   199          -19           21    (15-84 p)
offset_0               -349448          -26           26    (15-84 p)


----- dataset: Contrastdata_expres       ----- model: gp_multidimensional           
rot_amp                   -0.8         -6.3          7.1    (15-84 p)
con_amp                  19.22         -1.6         0.59    (15-84 p)

----- dataset:  Contrastdata_harps
jitter_0                    44          -27           26    (15-84 p)
offset_0               -453790          -16           17    (15-84 p)
offset_1               -419792          -32           32    (15-84 p)


----- dataset: Contrastdata_harps        ----- model: gp_multidimensional           
rot_amp                   -0.6         -6.5          7.1    (15-84 p)
con_amp                     -2          -12           14    (15-84 p)

----- dataset:  Contrastdata_neid
jitter_0                    24          -16           24    (15-84 p)
offset_0               -359636          -17           17    (15-84 p)


----- dataset: Contrastdata_neid         ----- model: gp_multidimensional           
rot_amp                   -3.6         -4.6          8.0    (15-84 p)
con_amp                     -2          -13           15    (15-84 p)

----- dataset:  Halphadata_expres
jitter_0              0.000084    -0.000052     0.000080    (15-84 p)
offset_0               0.17205     -0.00015      0.00015    (15-84 p)


----- dataset: Halphadata_expres         ----- model: gp_multidimensional           
rot_amp                0.00056     -0.00093      0.00092    (15-84 p)
con_amp               -0.00002     -0.00027      0.00027    (15-84 p)

----- dataset:  Halphadata_harps
jitter_0               0.00025     -0.00016      0.00019    (15-84 p)
offset_0               0.17469     -0.00021      0.00019    (15-84 p)
offset_1               0.17397     -0.00030      0.00029    (15-84 p)


----- dataset: Halphadata_harps          ----- model: gp_multidimensional           
rot_amp                -0.0029      -0.0013       0.0010    (15-84 p)
con_amp                0.00025     -0.00029      0.00034    (15-84 p)

----- dataset:  Halphadata_neid
jitter_0              0.000099    -0.000063     0.000100    (15-84 p)
offset_0               0.17113     -0.00017      0.00017    (15-84 p)


----- dataset: Halphadata_neid           ----- model: gp_multidimensional           
rot_amp                 0.0001      -0.0012       0.0011    (15-84 p)
con_amp               -0.00006     -0.00034      0.00031    (15-84 p)

----- common model:  b
P                         51.5         -5.5           11    (15-84 p)
K                         0.66        -0.36         0.28    (15-84 p)
mean_long                  273          -55           99    (15-84 p)
e                        0.077       -0.054        0.080    (15-84 p)
omega                      162         -121          108    (15-84 p)

----- common model:  c
P                        4.598       -0.039        0.039    (15-84 p)
K                         0.49        -0.18         0.16    (15-84 p)
mean_long                  182          -25           27    (15-84 p)
e                        0.080       -0.056        0.084    (15-84 p)
omega                      -57         -100           92    (15-84 p)

----- common model:  activity
Prot                     28.38        -0.48         0.46    (15-84 p)
Pdec                     30.75        -0.56          1.7    (15-84 p)
Oamp                     0.410       -0.035        0.034    (15-84 p)

----- common model:  star_parameters

====================================================================================================
     Statistics on the derived parameters obtained from the posteriors samples     
====================================================================================================

----- common model:  b
Inclination fixed to 90 deg!
Computing planetary mass under the approximation M_planet << M_star (threshold at 30.0 Me)
a_Rs                      58.2         -4.2          7.8    (15-84 p)
M_Mj                    0.0121      -0.0065       0.0051    (15-84 p)
M_Me                       3.9         -2.1          1.6    (15-84 p)
Tc                     59360.0          -12          5.5    (15-84 p)
a_AU_(M)                 0.271       -0.020        0.036    (15-84 p)
a_AU_(rho,R)             0.271       -0.020        0.036    (15-84 p)

----- common model:  c
Inclination fixed to 90 deg!
Computing planetary mass under the approximation M_planet << M_star (threshold at 30.0 Me)
a_Rs                    11.630       -0.065        0.065    (15-84 p)
M_Mj                    0.0040      -0.0015       0.0013    (15-84 p)
M_Me                      1.28        -0.46         0.40    (15-84 p)
Tc                    59338.07        -0.36         0.34    (15-84 p)
a_AU_(M)               0.05411     -0.00030      0.00030    (15-84 p)
a_AU_(rho,R)           0.05411     -0.00030      0.00030    (15-84 p)


====================================================================================================
     ------------------------------------------------------------------------------------------     
====================================================================================================



****************************************************************************************************

 Parameters corresponding to the Maximum a Posteriori probability ( -2420.2223514503066 )

====================================================================================================
     Statistics on the posterior of the sampler parameters     
====================================================================================================

----- dataset:  RVdata_expres
jitter_0        13      0.864340 [    0.0010,    11.5000]
offset_0        14      9.566644 [-9995.6770, 10013.1550]

----- dataset: RVdata_expres             ----- model: gp_multidimensional           
rot_amp         15      4.304908 [    0.0000,    10.0000]
con_amp         16     -1.288506 [  -20.0000,    20.0000]

----- dataset:  RVdata_harps
jitter_0        17      1.199994 [    0.0010,    13.3000]
offset_0        18      9.577119 [-9995.1415, 10014.3487]
offset_1        19     11.144604 [-9995.1415, 10014.3487]

----- dataset: RVdata_harps              ----- model: gp_multidimensional           
rot_amp         20      1.054912 [    0.0000,    10.0000]
con_amp         21     -0.612692 [  -20.0000,    20.0000]

----- dataset:  RVdata_neid
jitter_0        22      1.208622 [    0.0010,    12.2000]
offset_0        23     10.697468 [-9993.8466, 10013.8014]

----- dataset: RVdata_neid               ----- model: gp_multidimensional           
rot_amp         24      2.057098 [    0.0000,    10.0000]
con_amp         25     -0.933271 [  -20.0000,    20.0000]

----- dataset:  BISdata_expres
jitter_0        26      2.062669 [    0.0095,    95.0000]
offset_0        27    -54.428518 [-10062.6333,  9950.1000]

----- dataset: BISdata_expres            ----- model: gp_multidimensional           
rot_amp         28      0.773848 [  -10.0000,    10.0000]
con_amp         29     -0.461812 [  -20.0000,    20.0000]

----- dataset:  BISdata_harps
jitter_0        30      1.935719 [    0.0095,    95.0000]
offset_0        31    -45.065916 [-10050.2167,  9967.9000]
offset_1        32    -35.273809 [-10050.2167,  9967.9000]

----- dataset: BISdata_harps             ----- model: gp_multidimensional           
rot_amp         33     -0.950042 [  -10.0000,    10.0000]
con_amp         34     -0.236351 [  -20.0000,    20.0000]

----- dataset:  BISdata_neid
jitter_0        35      1.291521 [    0.0095,    95.0000]
offset_0        36    -46.701028 [-10050.3833,  9958.6000]

----- dataset: BISdata_neid              ----- model: gp_multidimensional           
rot_amp         37     -1.732201 [  -10.0000,    10.0000]
con_amp         38     -0.093923 [  -20.0000,    20.0000]

----- dataset:  FWHMdata_expres
jitter_0        39      0.140138 [    0.0500,   500.0000]
offset_0        40   6774.551720 [-3231.3066, 16788.6123]

----- dataset: FWHMdata_expres           ----- model: gp_multidimensional           
rot_amp         41     -1.606020 [  -10.0000,    10.0000]
con_amp         42      4.856045 [  -20.0000,    20.0000]

----- dataset:  FWHMdata_harps
jitter_0        43      0.098633 [    0.0500,   500.0000]
offset_0        44   6916.940730 [-3088.2455, 17179.2899]
offset_1        45   7171.916897 [-3088.2455, 17179.2899]

----- dataset: FWHMdata_harps            ----- model: gp_multidimensional           
rot_amp         46      1.930560 [  -10.0000,    10.0000]
con_amp         47      0.573178 [  -20.0000,    20.0000]

----- dataset:  FWHMdata_neid
jitter_0        48      0.071154 [    0.0500,   500.0000]
offset_0        49   6956.274544 [-3050.5362, 16961.5856]

----- dataset: FWHMdata_neid             ----- model: gp_multidimensional           
rot_amp         50      2.050780 [  -10.0000,    10.0000]
con_amp         51      0.143386 [  -20.0000,    20.0000]

----- dataset:  Contrastdata_expres
jitter_0        52    178.006962 [    1.3000, 13000.0000]
offset_0        53  -349449.639468 [-359920.4253, -338857.3677]

----- dataset: Contrastdata_expres       ----- model: gp_multidimensional           
rot_amp         54     -9.754495 [  -10.0000,    10.0000]
con_amp         55     19.999396 [  -20.0000,    20.0000]

----- dataset:  Contrastdata_harps
jitter_0        56     62.615191 [    1.3000, 13000.0000]
offset_0        57  -453777.044412 [-464231.0713, -409603.2636]
offset_1        58  -419812.026164 [-464231.0713, -409603.2636]

----- dataset: Contrastdata_harps        ----- model: gp_multidimensional           
rot_amp         59     -9.965877 [  -10.0000,    10.0000]
con_amp         60     -9.101015 [  -20.0000,    20.0000]

----- dataset:  Contrastdata_neid
jitter_0        61      6.792222 [    1.3000, 13000.0000]
offset_0        62  -359618.600253 [-369898.1579, -349381.6867]

----- dataset: Contrastdata_neid         ----- model: gp_multidimensional           
rot_amp         63     -9.663248 [  -10.0000,    10.0000]
con_amp         64    -18.976853 [  -20.0000,    20.0000]

----- dataset:  Halphadata_expres
jitter_0        65      0.000013 [    0.0000,     0.1000]
offset_0        66      0.172090 [-9999.8289, 10000.1728]

----- dataset: Halphadata_expres         ----- model: gp_multidimensional           
rot_amp         67      0.000241 [  -10.0000,    10.0000]
con_amp         68     -0.000033 [  -20.0000,    20.0000]

----- dataset:  Halphadata_harps
jitter_0        69      0.000030 [    0.0000,     0.1000]
offset_0        70      0.174605 [-9999.8279, 10000.1774]
offset_1        71      0.174054 [-9999.8279, 10000.1774]

----- dataset: Halphadata_harps          ----- model: gp_multidimensional           
rot_amp         72     -0.001428 [  -10.0000,    10.0000]
con_amp         73      0.000077 [  -20.0000,    20.0000]

----- dataset:  Halphadata_neid
jitter_0        74      0.000029 [    0.0000,     0.1000]
offset_0        75      0.171201 [-9999.8297, 10000.1719]

----- dataset: Halphadata_neid           ----- model: gp_multidimensional           
rot_amp         76      0.000157 [  -10.0000,    10.0000]
con_amp         77      0.000004 [  -20.0000,    20.0000]

----- common model:  b
P                0      5.612463 [    0.3785,     6.6439]
K                1      0.225837 [   -9.9658,     3.3219]
sre_coso         2     -0.262029 [   -1.0000,     1.0000]
sre_sino         3      0.161863 [   -1.0000,     1.0000]
mean_long        4    240.617628 [   59.8030,   419.8030]

----- common model:  c
P                5      2.197096 [    0.3785,     6.6439]
K                6     -0.747786 [   -9.9658,     3.3219]
sre_coso         7      0.106516 [   -1.0000,     1.0000]
sre_sino         8     -0.308978 [   -1.0000,     1.0000]
mean_long        9    173.792778 [    0.0177,   360.0177]

----- common model:  activity
Prot            10     28.705386 [   20.0000,    35.0000]
Pdec            11     30.009469 [   30.0000,  1000.0000]
Oamp            12     -1.360203 [   -6.6439,     0.0000]

----- common model:  star_parameters

====================================================================================================
     Statistics on the model parameters obtained from the posteriors samples     
====================================================================================================

----- dataset:  RVdata_expres
jitter_0              0.864340 
offset_0              9.566644 


----- dataset: RVdata_expres             ----- model: gp_multidimensional           
rot_amp               4.304908 
con_amp              -1.288506 

----- dataset:  RVdata_harps
jitter_0              1.199994 
offset_0              9.577119 
offset_1             11.144604 


----- dataset: RVdata_harps              ----- model: gp_multidimensional           
rot_amp               1.054912 
con_amp              -0.612692 

----- dataset:  RVdata_neid
jitter_0              1.208622 
offset_0             10.697468 


----- dataset: RVdata_neid               ----- model: gp_multidimensional           
rot_amp               2.057098 
con_amp              -0.933271 

----- dataset:  BISdata_expres
jitter_0              2.062669 
offset_0            -54.428518 


----- dataset: BISdata_expres            ----- model: gp_multidimensional           
rot_amp               0.773848 
con_amp              -0.461812 

----- dataset:  BISdata_harps
jitter_0              1.935719 
offset_0            -45.065916 
offset_1            -35.273809 


----- dataset: BISdata_harps             ----- model: gp_multidimensional           
rot_amp              -0.950042 
con_amp              -0.236351 

----- dataset:  BISdata_neid
jitter_0              1.291521 
offset_0            -46.701028 


----- dataset: BISdata_neid              ----- model: gp_multidimensional           
rot_amp              -1.732201 
con_amp              -0.093923 

----- dataset:  FWHMdata_expres
jitter_0              0.140138 
offset_0           6774.551720 


----- dataset: FWHMdata_expres           ----- model: gp_multidimensional           
rot_amp              -1.606020 
con_amp               4.856045 

----- dataset:  FWHMdata_harps
jitter_0              0.098633 
offset_0           6916.940730 
offset_1           7171.916897 


----- dataset: FWHMdata_harps            ----- model: gp_multidimensional           
rot_amp               1.930560 
con_amp               0.573178 

----- dataset:  FWHMdata_neid
jitter_0              0.071154 
offset_0           6956.274544 


----- dataset: FWHMdata_neid             ----- model: gp_multidimensional           
rot_amp               2.050780 
con_amp               0.143386 

----- dataset:  Contrastdata_expres
jitter_0            178.006962 
offset_0        -349449.639468 


----- dataset: Contrastdata_expres       ----- model: gp_multidimensional           
rot_amp              -9.754495 
con_amp              19.999396 

----- dataset:  Contrastdata_harps
jitter_0             62.615191 
offset_0        -453777.044412 
offset_1        -419812.026164 


----- dataset: Contrastdata_harps        ----- model: gp_multidimensional           
rot_amp              -9.965877 
con_amp              -9.101015 

----- dataset:  Contrastdata_neid
jitter_0              6.792222 
offset_0        -359618.600253 


----- dataset: Contrastdata_neid         ----- model: gp_multidimensional           
rot_amp              -9.663248 
con_amp             -18.976853 

----- dataset:  Halphadata_expres
jitter_0              0.000013 
offset_0              0.172090 


----- dataset: Halphadata_expres         ----- model: gp_multidimensional           
rot_amp               0.000241 
con_amp              -0.000033 

----- dataset:  Halphadata_harps
jitter_0              0.000030 
offset_0              0.174605 
offset_1              0.174054 


----- dataset: Halphadata_harps          ----- model: gp_multidimensional           
rot_amp              -0.001428 
con_amp               0.000077 

----- dataset:  Halphadata_neid
jitter_0              0.000029 
offset_0              0.171201 


----- dataset: Halphadata_neid           ----- model: gp_multidimensional           
rot_amp               0.000157 
con_amp               0.000004 

----- common model:  b
P                    48.923763 
K                     1.169456 
mean_long           240.617628 
e                     0.094859 
omega               148.295127 

----- common model:  c
P                     4.585555 
K                     0.595517 
mean_long           173.792778 
e                     0.106813 
omega               -70.978998 

----- common model:  activity
Prot                 28.705386 
Pdec                 30.009469 
Oamp                  0.389528 

----- common model:  star_parameters

====================================================================================================
     Statistics on the derived parameters obtained from the posteriors samples     
====================================================================================================

----- common model:  b
Inclination fixed to 90 deg!
a_Rs                 56.268161 
M_Mj                  0.020946 
M_Me                  6.658589 
Tc                59364.365100 
a_AU_(M)              0.261788 
a_AU_(rho,R)          0.261786 

----- common model:  c
Inclination fixed to 90 deg!
a_Rs                 11.610323 
M_Mj                  0.004839 
M_Me                  1.538332 
Tc                59338.163482 
a_AU_(M)              0.054017 
a_AU_(rho,R)          0.054017 


====================================================================================================
     ------------------------------------------------------------------------------------------     
====================================================================================================



****************************************************************************************************

 Parameters corresponding to the sample closest to the median values ( -2456.2133268840457 )

====================================================================================================
     Statistics on the posterior of the sampler parameters     
====================================================================================================

----- dataset:  RVdata_expres
jitter_0        13      0.989453 [    0.0010,    11.5000]
offset_0        14      9.193607 [-9995.6770, 10013.1550]

----- dataset: RVdata_expres             ----- model: gp_multidimensional           
rot_amp         15      7.549605 [    0.0000,    10.0000]
con_amp         16     -3.197340 [  -20.0000,    20.0000]

----- dataset:  RVdata_harps
jitter_0        17      1.261355 [    0.0010,    13.3000]
offset_0        18      9.398048 [-9995.1415, 10014.3487]
offset_1        19     11.218686 [-9995.1415, 10014.3487]

----- dataset: RVdata_harps              ----- model: gp_multidimensional           
rot_amp         20      1.730804 [    0.0000,    10.0000]
con_amp         21     -1.134190 [  -20.0000,    20.0000]

----- dataset:  RVdata_neid
jitter_0        22      1.466620 [    0.0010,    12.2000]
offset_0        23     10.534531 [-9993.8466, 10013.8014]

----- dataset: RVdata_neid               ----- model: gp_multidimensional           
rot_amp         24      2.566715 [    0.0000,    10.0000]
con_amp         25     -2.320690 [  -20.0000,    20.0000]

----- dataset:  BISdata_expres
jitter_0        26      2.327163 [    0.0095,    95.0000]
offset_0        27    -54.633430 [-10062.6333,  9950.1000]

----- dataset: BISdata_expres            ----- model: gp_multidimensional           
rot_amp         28      2.993470 [  -10.0000,    10.0000]
con_amp         29     -2.187892 [  -20.0000,    20.0000]

----- dataset:  BISdata_harps
jitter_0        30      2.062986 [    0.0095,    95.0000]
offset_0        31    -45.559158 [-10050.2167,  9967.9000]
offset_1        32    -35.520273 [-10050.2167,  9967.9000]

----- dataset: BISdata_harps             ----- model: gp_multidimensional           
rot_amp         33     -1.324542 [  -10.0000,    10.0000]
con_amp         34     -0.310210 [  -20.0000,    20.0000]

----- dataset:  BISdata_neid
jitter_0        35      1.477795 [    0.0095,    95.0000]
offset_0        36    -46.699867 [-10050.3833,  9958.6000]

----- dataset: BISdata_neid              ----- model: gp_multidimensional           
rot_amp         37     -4.509903 [  -10.0000,    10.0000]
con_amp         38     -0.150769 [  -20.0000,    20.0000]

----- dataset:  FWHMdata_expres
jitter_0        39      0.395994 [    0.0500,   500.0000]
offset_0        40   6775.687720 [-3231.3066, 16788.6123]

----- dataset: FWHMdata_expres           ----- model: gp_multidimensional           
rot_amp         41     -1.705761 [  -10.0000,    10.0000]
con_amp         42     10.615778 [  -20.0000,    20.0000]

----- dataset:  FWHMdata_harps
jitter_0        43      0.402664 [    0.0500,   500.0000]
offset_0        44   6917.412170 [-3088.2455, 17179.2899]
offset_1        45   7171.792354 [-3088.2455, 17179.2899]

----- dataset: FWHMdata_harps            ----- model: gp_multidimensional           
rot_amp         46      2.378869 [  -10.0000,    10.0000]
con_amp         47      0.013713 [  -20.0000,    20.0000]

----- dataset:  FWHMdata_neid
jitter_0        48      0.740773 [    0.0500,   500.0000]
offset_0        49   6957.026636 [-3050.5362, 16961.5856]

----- dataset: FWHMdata_neid             ----- model: gp_multidimensional           
rot_amp         50     -0.104052 [  -10.0000,    10.0000]
con_amp         51      1.250241 [  -20.0000,    20.0000]

----- dataset:  Contrastdata_expres
jitter_0        52    201.334404 [    1.3000, 13000.0000]
offset_0        53  -349476.242276 [-359920.4253, -338857.3677]

----- dataset: Contrastdata_expres       ----- model: gp_multidimensional           
rot_amp         54     -4.020270 [  -10.0000,    10.0000]
con_amp         55     18.875116 [  -20.0000,    20.0000]

----- dataset:  Contrastdata_harps
jitter_0        56     35.981872 [    1.3000, 13000.0000]
offset_0        57  -453789.651813 [-464231.0713, -409603.2636]
offset_1        58  -419777.897390 [-464231.0713, -409603.2636]

----- dataset: Contrastdata_harps        ----- model: gp_multidimensional           
rot_amp         59     -2.217264 [  -10.0000,    10.0000]
con_amp         60    -10.020807 [  -20.0000,    20.0000]

----- dataset:  Contrastdata_neid
jitter_0        61     10.788217 [    1.3000, 13000.0000]
offset_0        62  -359635.510413 [-369898.1579, -349381.6867]

----- dataset: Contrastdata_neid         ----- model: gp_multidimensional           
rot_amp         63     -1.565719 [  -10.0000,    10.0000]
con_amp         64     -4.478792 [  -20.0000,    20.0000]

----- dataset:  Halphadata_expres
jitter_0        65      0.000081 [    0.0000,     0.1000]
offset_0        66      0.172130 [-9999.8289, 10000.1728]

----- dataset: Halphadata_expres         ----- model: gp_multidimensional           
rot_amp         67      0.000848 [  -10.0000,    10.0000]
con_amp         68     -0.000026 [  -20.0000,    20.0000]

----- dataset:  Halphadata_harps
jitter_0        69      0.000079 [    0.0000,     0.1000]
offset_0        70      0.174629 [-9999.8279, 10000.1774]
offset_1        71      0.174687 [-9999.8279, 10000.1774]

----- dataset: Halphadata_harps          ----- model: gp_multidimensional           
rot_amp         72     -0.003634 [  -10.0000,    10.0000]
con_amp         73      0.000059 [  -20.0000,    20.0000]

----- dataset:  Halphadata_neid
jitter_0        74      0.000058 [    0.0000,     0.1000]
offset_0        75      0.171013 [-9999.8297, 10000.1719]

----- dataset: Halphadata_neid           ----- model: gp_multidimensional           
rot_amp         76     -0.000964 [  -10.0000,    10.0000]
con_amp         77     -0.000500 [  -20.0000,    20.0000]

----- common model:  b
P                0      5.808485 [    0.3785,     6.6439]
K                1     -0.937074 [   -9.9658,     3.3219]
sre_coso         2     -0.122238 [   -1.0000,     1.0000]
sre_sino         3      0.094136 [   -1.0000,     1.0000]
mean_long        4    312.158752 [   59.8030,   419.8030]

----- common model:  c
P                5      2.194989 [    0.3785,     6.6439]
K                6     -0.750154 [   -9.9658,     3.3219]
sre_coso         7     -0.119033 [   -1.0000,     1.0000]
sre_sino         8     -0.006006 [   -1.0000,     1.0000]
mean_long        9    178.783768 [    0.0177,   360.0177]

----- common model:  activity
Prot            10     28.971520 [   20.0000,    35.0000]
Pdec            11     31.609951 [   30.0000,  1000.0000]
Oamp            12     -1.301432 [   -6.6439,     0.0000]

----- common model:  star_parameters

====================================================================================================
     Statistics on the model parameters obtained from the posteriors samples     
====================================================================================================

----- dataset:  RVdata_expres
jitter_0              0.989453 
offset_0              9.193607 


----- dataset: RVdata_expres             ----- model: gp_multidimensional           
rot_amp               7.549605 
con_amp              -3.197340 

----- dataset:  RVdata_harps
jitter_0              1.261355 
offset_0              9.398048 
offset_1             11.218686 


----- dataset: RVdata_harps              ----- model: gp_multidimensional           
rot_amp               1.730804 
con_amp              -1.134190 

----- dataset:  RVdata_neid
jitter_0              1.466620 
offset_0             10.534531 


----- dataset: RVdata_neid               ----- model: gp_multidimensional           
rot_amp               2.566715 
con_amp              -2.320690 

----- dataset:  BISdata_expres
jitter_0              2.327163 
offset_0            -54.633430 


----- dataset: BISdata_expres            ----- model: gp_multidimensional           
rot_amp               2.993470 
con_amp              -2.187892 

----- dataset:  BISdata_harps
jitter_0              2.062986 
offset_0            -45.559158 
offset_1            -35.520273 


----- dataset: BISdata_harps             ----- model: gp_multidimensional           
rot_amp              -1.324542 
con_amp              -0.310210 

----- dataset:  BISdata_neid
jitter_0              1.477795 
offset_0            -46.699867 


----- dataset: BISdata_neid              ----- model: gp_multidimensional           
rot_amp              -4.509903 
con_amp              -0.150769 

----- dataset:  FWHMdata_expres
jitter_0              0.395994 
offset_0           6775.687720 


----- dataset: FWHMdata_expres           ----- model: gp_multidimensional           
rot_amp              -1.705761 
con_amp              10.615778 

----- dataset:  FWHMdata_harps
jitter_0              0.402664 
offset_0           6917.412170 
offset_1           7171.792354 


----- dataset: FWHMdata_harps            ----- model: gp_multidimensional           
rot_amp               2.378869 
con_amp               0.013713 

----- dataset:  FWHMdata_neid
jitter_0              0.740773 
offset_0           6957.026636 


----- dataset: FWHMdata_neid             ----- model: gp_multidimensional           
rot_amp              -0.104052 
con_amp               1.250241 

----- dataset:  Contrastdata_expres
jitter_0            201.334404 
offset_0        -349476.242276 


----- dataset: Contrastdata_expres       ----- model: gp_multidimensional           
rot_amp              -4.020270 
con_amp              18.875116 

----- dataset:  Contrastdata_harps
jitter_0             35.981872 
offset_0        -453789.651813 
offset_1        -419777.897390 


----- dataset: Contrastdata_harps        ----- model: gp_multidimensional           
rot_amp              -2.217264 
con_amp             -10.020807 

----- dataset:  Contrastdata_neid
jitter_0             10.788217 
offset_0        -359635.510413 


----- dataset: Contrastdata_neid         ----- model: gp_multidimensional           
rot_amp              -1.565719 
con_amp              -4.478792 

----- dataset:  Halphadata_expres
jitter_0              0.000081 
offset_0              0.172130 


----- dataset: Halphadata_expres         ----- model: gp_multidimensional           
rot_amp               0.000848 
con_amp              -0.000026 

----- dataset:  Halphadata_harps
jitter_0              0.000079 
offset_0              0.174629 
offset_1              0.174687 


----- dataset: Halphadata_harps          ----- model: gp_multidimensional           
rot_amp              -0.003634 
con_amp               0.000059 

----- dataset:  Halphadata_neid
jitter_0              0.000058 
offset_0              0.171013 


----- dataset: Halphadata_neid           ----- model: gp_multidimensional           
rot_amp              -0.000964 
con_amp              -0.000500 

----- common model:  b
P                    56.043870 
K                     0.522291 
mean_long           312.158752 
e                     0.023804 
omega               142.400083 

----- common model:  c
P                     4.578862 
K                     0.594540 
mean_long           178.783768 
e                     0.014205 
omega              -177.111573 

----- common model:  activity
Prot                 28.971520 
Pdec                 31.609951 
Oamp                  0.405723 

----- common model:  star_parameters

====================================================================================================
     Statistics on the derived parameters obtained from the posteriors samples     
====================================================================================================

----- common model:  b
Inclination fixed to 90 deg!
a_Rs                 61.602805 
M_Mj                  0.009830 
M_Me                  3.124763 
Tc                59356.491743 
a_AU_(M)              0.286608 
a_AU_(rho,R)          0.286606 

----- common model:  c
Inclination fixed to 90 deg!
a_Rs                 11.599018 
M_Mj                  0.004856 
M_Me                  1.543738 
Tc                59338.170487 
a_AU_(M)              0.053964 
a_AU_(rho,R)          0.053964 


====================================================================================================
     ------------------------------------------------------------------------------------------     
====================================================================================================



****************************************************************************************************

Inclination fixed to 90 deg!
Inclination fixed to 90 deg!
Note: stellar density derived from stellar mass and radius

Inclination fixed to 90 deg!
Inclination fixed to 90 deg!
Inclination fixed to 90 deg!
Inclination fixed to 90 deg!
 Plot FLAT chain 

****************************************************************************************************

 Skipping full correlation plot due to the high number of parameters
 To avoid this behaviour, set the keyword parameters:force_full_correlation_plot to True

****************************************************************************************************

 Plotting the chains... 

****************************************************************************************************

 Plotting the Gelman-Rubin traces... 

     Gelman-Rubin:    13     1.128506 RVdata_expres_jitter_0 
     Gelman-Rubin:    14     1.392083 RVdata_expres_offset_0 
     Gelman-Rubin:    15     1.143454 RVdata_expres_gp_multidimensional_rot_amp 
     Gelman-Rubin:    16     1.096266 RVdata_expres_gp_multidimensional_con_amp 
     Gelman-Rubin:    17     1.112806 RVdata_harps_jitter_0 
     Gelman-Rubin:    18     1.356588 RVdata_harps_offset_0 
     Gelman-Rubin:    19     1.337332 RVdata_harps_offset_1 
     Gelman-Rubin:    20     1.122531 RVdata_harps_gp_multidimensional_rot_amp 
     Gelman-Rubin:    21     1.090688 RVdata_harps_gp_multidimensional_con_amp 
     Gelman-Rubin:    22     1.117605 RVdata_neid_jitter_0 
     Gelman-Rubin:    23     1.383719 RVdata_neid_offset_0 
     Gelman-Rubin:    24     1.144798 RVdata_neid_gp_multidimensional_rot_amp 
     Gelman-Rubin:    25     1.096390 RVdata_neid_gp_multidimensional_con_amp 
     Gelman-Rubin:    26     1.095355 BISdata_expres_jitter_0 
     Gelman-Rubin:    27     1.310582 BISdata_expres_offset_0 
     Gelman-Rubin:    28     1.138992 BISdata_expres_gp_multidimensional_rot_amp 
     Gelman-Rubin:    29     1.119044 BISdata_expres_gp_multidimensional_con_amp 
     Gelman-Rubin:    30     1.102622 BISdata_harps_jitter_0 
     Gelman-Rubin:    31     1.199589 BISdata_harps_offset_0 
     Gelman-Rubin:    32     1.142115 BISdata_harps_offset_1 
     Gelman-Rubin:    33     1.195153 BISdata_harps_gp_multidimensional_rot_amp 
     Gelman-Rubin:    34     1.156988 BISdata_harps_gp_multidimensional_con_amp 
     Gelman-Rubin:    35     1.113049 BISdata_neid_jitter_0 
     Gelman-Rubin:    36     1.196562 BISdata_neid_offset_0 
     Gelman-Rubin:    37     1.133434 BISdata_neid_gp_multidimensional_rot_amp 
     Gelman-Rubin:    38     1.172681 BISdata_neid_gp_multidimensional_con_amp 
     Gelman-Rubin:    39     1.122624 FWHMdata_expres_jitter_0 
     Gelman-Rubin:    40     1.419230 FWHMdata_expres_offset_0 
     Gelman-Rubin:    41     1.130049 FWHMdata_expres_gp_multidimensional_rot_amp 
     Gelman-Rubin:    42     1.063977 FWHMdata_expres_gp_multidimensional_con_amp 
     Gelman-Rubin:    43     1.111773 FWHMdata_harps_jitter_0 
     Gelman-Rubin:    44     1.187746 FWHMdata_harps_offset_0 
     Gelman-Rubin:    45     1.146390 FWHMdata_harps_offset_1 
     Gelman-Rubin:    46     1.129021 FWHMdata_harps_gp_multidimensional_rot_amp 
     Gelman-Rubin:    47     1.175732 FWHMdata_harps_gp_multidimensional_con_amp 
     Gelman-Rubin:    48     1.118846 FWHMdata_neid_jitter_0 
     Gelman-Rubin:    49     1.171419 FWHMdata_neid_offset_0 
     Gelman-Rubin:    50     1.141727 FWHMdata_neid_gp_multidimensional_rot_amp 
     Gelman-Rubin:    51     1.152195 FWHMdata_neid_gp_multidimensional_con_amp 
     Gelman-Rubin:    52     1.098937 Contrastdata_expres_jitter_0 
     Gelman-Rubin:    53     1.128930 Contrastdata_expres_offset_0 
     Gelman-Rubin:    54     1.088762 Contrastdata_expres_gp_multidimensional_rot_amp 
     Gelman-Rubin:    55     1.077097 Contrastdata_expres_gp_multidimensional_con_amp 
     Gelman-Rubin:    56     1.122744 Contrastdata_harps_jitter_0 
     Gelman-Rubin:    57     1.115307 Contrastdata_harps_offset_0 
     Gelman-Rubin:    58     1.111279 Contrastdata_harps_offset_1 
     Gelman-Rubin:    59     1.101802 Contrastdata_harps_gp_multidimensional_rot_amp 
     Gelman-Rubin:    60     1.120579 Contrastdata_harps_gp_multidimensional_con_amp 
     Gelman-Rubin:    61     1.101665 Contrastdata_neid_jitter_0 
     Gelman-Rubin:    62     1.128775 Contrastdata_neid_offset_0 
     Gelman-Rubin:    63     1.078356 Contrastdata_neid_gp_multidimensional_rot_amp 
     Gelman-Rubin:    64     1.127288 Contrastdata_neid_gp_multidimensional_con_amp 
     Gelman-Rubin:    65     1.117447 Halphadata_expres_jitter_0 
     Gelman-Rubin:    66     1.132525 Halphadata_expres_offset_0 
     Gelman-Rubin:    67     1.127110 Halphadata_expres_gp_multidimensional_rot_amp 
     Gelman-Rubin:    68     1.154290 Halphadata_expres_gp_multidimensional_con_amp 
     Gelman-Rubin:    69     1.101560 Halphadata_harps_jitter_0 
     Gelman-Rubin:    70     1.198788 Halphadata_harps_offset_0 
     Gelman-Rubin:    71     1.165352 Halphadata_harps_offset_1 
     Gelman-Rubin:    72     1.092261 Halphadata_harps_gp_multidimensional_rot_amp 
     Gelman-Rubin:    73     1.159935 Halphadata_harps_gp_multidimensional_con_amp 
     Gelman-Rubin:    74     1.125685 Halphadata_neid_jitter_0 
     Gelman-Rubin:    75     1.163760 Halphadata_neid_offset_0 
     Gelman-Rubin:    76     1.139742 Halphadata_neid_gp_multidimensional_rot_amp 
     Gelman-Rubin:    77     1.155736 Halphadata_neid_gp_multidimensional_con_amp 
     Gelman-Rubin:     0     1.201368 b_P 
     Gelman-Rubin:     1     1.188552 b_K 
     Gelman-Rubin:     2     1.101179 b_sre_coso 
     Gelman-Rubin:     3     1.114314 b_sre_sino 
     Gelman-Rubin:     4     1.198533 b_mean_long 
     Gelman-Rubin:     5     1.236653 c_P 
     Gelman-Rubin:     6     1.265052 c_K 
     Gelman-Rubin:     7     1.118491 c_sre_coso 
     Gelman-Rubin:     8     1.111042 c_sre_sino 
     Gelman-Rubin:     9     1.208422 c_mean_long 
     Gelman-Rubin:    10     1.109222 activity_Prot 
     Gelman-Rubin:    11     1.053787 activity_Pdec 
     Gelman-Rubin:    12     1.108375 activity_Oamp 

****************************************************************************************************

Plotting the common models corner plots
     Common model:  b
     Common model:  c
     Common model:  activity
     Common model:  star_parameters

****************************************************************************************************

Plotting the dataset + models corner plots 

     Dataset:  RVdata_expres     model:  gp_multidimensional  corner plot  starting 
     Dataset:  RVdata_expres     model:  gp_multidimensional  corner plot  done 
     Dataset:  RVdata_expres     model:  radial_velocities_b  corner plot  starting 
     Dataset:  RVdata_expres     model:  radial_velocities_b  corner plot  done 
     Dataset:  RVdata_expres     model:  radial_velocities_c  corner plot  starting 
     Dataset:  RVdata_expres     model:  radial_velocities_c  corner plot  done 
     Dataset:  RVdata_harps     model:  gp_multidimensional  corner plot  starting 
     Dataset:  RVdata_harps     model:  gp_multidimensional  corner plot  done 
     Dataset:  RVdata_harps     model:  radial_velocities_b  corner plot  starting 
     Dataset:  RVdata_harps     model:  radial_velocities_b  corner plot  done 
     Dataset:  RVdata_harps     model:  radial_velocities_c  corner plot  starting 
     Dataset:  RVdata_harps     model:  radial_velocities_c  corner plot  done 
     Dataset:  RVdata_neid     model:  gp_multidimensional  corner plot  starting 
     Dataset:  RVdata_neid     model:  gp_multidimensional  corner plot  done 
     Dataset:  RVdata_neid     model:  radial_velocities_b  corner plot  starting 
     Dataset:  RVdata_neid     model:  radial_velocities_b  corner plot  done 
     Dataset:  RVdata_neid     model:  radial_velocities_c  corner plot  starting 
     Dataset:  RVdata_neid     model:  radial_velocities_c  corner plot  done 
     Dataset:  BISdata_expres     model:  gp_multidimensional  corner plot  starting 
     Dataset:  BISdata_expres     model:  gp_multidimensional  corner plot  done 
     Dataset:  BISdata_harps     model:  gp_multidimensional  corner plot  starting 
     Dataset:  BISdata_harps     model:  gp_multidimensional  corner plot  done 
     Dataset:  BISdata_neid     model:  gp_multidimensional  corner plot  starting 
     Dataset:  BISdata_neid     model:  gp_multidimensional  corner plot  done 
     Dataset:  FWHMdata_expres     model:  gp_multidimensional  corner plot  starting 
     Dataset:  FWHMdata_expres     model:  gp_multidimensional  corner plot  done 
     Dataset:  FWHMdata_harps     model:  gp_multidimensional  corner plot  starting 
     Dataset:  FWHMdata_harps     model:  gp_multidimensional  corner plot  done 
     Dataset:  FWHMdata_neid     model:  gp_multidimensional  corner plot  starting 
     Dataset:  FWHMdata_neid     model:  gp_multidimensional  corner plot  done 
     Dataset:  Contrastdata_expres     model:  gp_multidimensional  corner plot  starting 
     Dataset:  Contrastdata_expres     model:  gp_multidimensional  corner plot  done 
     Dataset:  Contrastdata_harps     model:  gp_multidimensional  corner plot  starting 
     Dataset:  Contrastdata_harps     model:  gp_multidimensional  corner plot  done 
     Dataset:  Contrastdata_neid     model:  gp_multidimensional  corner plot  starting 
     Dataset:  Contrastdata_neid     model:  gp_multidimensional  corner plot  done 
     Dataset:  Halphadata_expres     model:  gp_multidimensional  corner plot  starting 
     Dataset:  Halphadata_expres     model:  gp_multidimensional  corner plot  done 
     Dataset:  Halphadata_harps     model:  gp_multidimensional  corner plot  starting 
     Dataset:  Halphadata_harps     model:  gp_multidimensional  corner plot  done 
     Dataset:  Halphadata_neid     model:  gp_multidimensional  corner plot  starting 
     Dataset:  Halphadata_neid     model:  gp_multidimensional  corner plot  done 

****************************************************************************************************

 Saving the planet parameter samplings to files (with plots)

****************************************************************************************************

 Saving all the parameter samplings to files (with plots)

****************************************************************************************************

 Computing the models for plot/data writing 
     Splitting the plot array to allow GP prediction of extended datasets, it may take a while...
     # 21 chunks of 75 times each
     Check the documentation if the code is taking too long or if it crashes...
     Splitting the plot array to allow GP prediction of extended datasets, it may take a while...
     # 21 chunks of 75 times each
     Check the documentation if the code is taking too long or if it crashes...
     Splitting the plot array to allow GP prediction of extended datasets, it may take a while...
     # 21 chunks of 75 times each
     Check the documentation if the code is taking too long or if it crashes...
     Splitting the plot array to allow GP prediction of extended datasets, it may take a while...
     # 17 chunks of 75 times each
     Check the documentation if the code is taking too long or if it crashes...
     Splitting the plot array to allow GP prediction of extended datasets, it may take a while...
     # 17 chunks of 75 times each
     Check the documentation if the code is taking too long or if it crashes...
     Splitting the plot array to allow GP prediction of extended datasets, it may take a while...
     # 13 chunks of 75 times each
     Check the documentation if the code is taking too long or if it crashes...
     Splitting the plot array to allow GP prediction of extended datasets, it may take a while...
     # 17 chunks of 75 times each
     Check the documentation if the code is taking too long or if it crashes...
     Splitting the plot array to allow GP prediction of extended datasets, it may take a while...
     # 17 chunks of 75 times each
     Check the documentation if the code is taking too long or if it crashes...
     Splitting the plot array to allow GP prediction of extended datasets, it may take a while...
     # 13 chunks of 75 times each
     Check the documentation if the code is taking too long or if it crashes...
     Splitting the plot array to allow GP prediction of extended datasets, it may take a while...
     # 17 chunks of 75 times each
     Check the documentation if the code is taking too long or if it crashes...
     Splitting the plot array to allow GP prediction of extended datasets, it may take a while...
     # 17 chunks of 75 times each
     Check the documentation if the code is taking too long or if it crashes...
     Splitting the plot array to allow GP prediction of extended datasets, it may take a while...
     # 13 chunks of 75 times each
     Check the documentation if the code is taking too long or if it crashes...
     Splitting the plot array to allow GP prediction of extended datasets, it may take a while...
     # 17 chunks of 75 times each
     Check the documentation if the code is taking too long or if it crashes...
     Splitting the plot array to allow GP prediction of extended datasets, it may take a while...
     # 17 chunks of 75 times each
     Check the documentation if the code is taking too long or if it crashes...
     Splitting the plot array to allow GP prediction of extended datasets, it may take a while...
     # 13 chunks of 75 times each
     Check the documentation if the code is taking too long or if it crashes...
     Splitting the plot array to allow GP prediction of extended datasets, it may take a while...
     # 21 chunks of 75 times each
     Check the documentation if the code is taking too long or if it crashes...
     Splitting the plot array to allow GP prediction of extended datasets, it may take a while...
     # 21 chunks of 75 times each
     Check the documentation if the code is taking too long or if it crashes...
     Splitting the plot array to allow GP prediction of extended datasets, it may take a while...
     # 21 chunks of 75 times each
     Check the documentation if the code is taking too long or if it crashes...
     Splitting the plot array to allow GP prediction of extended datasets, it may take a while...
     # 17 chunks of 75 times each
     Check the documentation if the code is taking too long or if it crashes...
     Splitting the plot array to allow GP prediction of extended datasets, it may take a while...
     # 17 chunks of 75 times each
     Check the documentation if the code is taking too long or if it crashes...
     Splitting the plot array to allow GP prediction of extended datasets, it may take a while...
     # 13 chunks of 75 times each
     Check the documentation if the code is taking too long or if it crashes...
     Splitting the plot array to allow GP prediction of extended datasets, it may take a while...
     # 17 chunks of 75 times each
     Check the documentation if the code is taking too long or if it crashes...
     Splitting the plot array to allow GP prediction of extended datasets, it may take a while...
     # 17 chunks of 75 times each
     Check the documentation if the code is taking too long or if it crashes...
     Splitting the plot array to allow GP prediction of extended datasets, it may take a while...
     # 13 chunks of 75 times each
     Check the documentation if the code is taking too long or if it crashes...
     Splitting the plot array to allow GP prediction of extended datasets, it may take a while...
     # 17 chunks of 75 times each
     Check the documentation if the code is taking too long or if it crashes...
     Splitting the plot array to allow GP prediction of extended datasets, it may take a while...
     # 17 chunks of 75 times each
     Check the documentation if the code is taking too long or if it crashes...
     Splitting the plot array to allow GP prediction of extended datasets, it may take a while...
     # 13 chunks of 75 times each
     Check the documentation if the code is taking too long or if it crashes...
     Splitting the plot array to allow GP prediction of extended datasets, it may take a while...
     # 17 chunks of 75 times each
     Check the documentation if the code is taking too long or if it crashes...
     Splitting the plot array to allow GP prediction of extended datasets, it may take a while...
     # 17 chunks of 75 times each
     Check the documentation if the code is taking too long or if it crashes...
     Splitting the plot array to allow GP prediction of extended datasets, it may take a while...
     # 13 chunks of 75 times each
     Check the documentation if the code is taking too long or if it crashes...
     Splitting the plot array to allow GP prediction of extended datasets, it may take a while...
     # 21 chunks of 75 times each
     Check the documentation if the code is taking too long or if it crashes...
     Splitting the plot array to allow GP prediction of extended datasets, it may take a while...
     # 21 chunks of 75 times each
     Check the documentation if the code is taking too long or if it crashes...
     Splitting the plot array to allow GP prediction of extended datasets, it may take a while...
     # 21 chunks of 75 times each
     Check the documentation if the code is taking too long or if it crashes...
     Splitting the plot array to allow GP prediction of extended datasets, it may take a while...
     # 17 chunks of 75 times each
     Check the documentation if the code is taking too long or if it crashes...
     Splitting the plot array to allow GP prediction of extended datasets, it may take a while...
     # 17 chunks of 75 times each
     Check the documentation if the code is taking too long or if it crashes...
     Splitting the plot array to allow GP prediction of extended datasets, it may take a while...
     # 13 chunks of 75 times each
     Check the documentation if the code is taking too long or if it crashes...
     Splitting the plot array to allow GP prediction of extended datasets, it may take a while...
     # 17 chunks of 75 times each
     Check the documentation if the code is taking too long or if it crashes...
     Splitting the plot array to allow GP prediction of extended datasets, it may take a while...
     # 17 chunks of 75 times each
     Check the documentation if the code is taking too long or if it crashes...
     Splitting the plot array to allow GP prediction of extended datasets, it may take a while...
     # 13 chunks of 75 times each
     Check the documentation if the code is taking too long or if it crashes...
     Splitting the plot array to allow GP prediction of extended datasets, it may take a while...
     # 17 chunks of 75 times each
     Check the documentation if the code is taking too long or if it crashes...
     Splitting the plot array to allow GP prediction of extended datasets, it may take a while...
     # 17 chunks of 75 times each
     Check the documentation if the code is taking too long or if it crashes...
     Splitting the plot array to allow GP prediction of extended datasets, it may take a while...
     # 13 chunks of 75 times each
     Check the documentation if the code is taking too long or if it crashes...
     Splitting the plot array to allow GP prediction of extended datasets, it may take a while...
     # 17 chunks of 75 times each
     Check the documentation if the code is taking too long or if it crashes...
     Splitting the plot array to allow GP prediction of extended datasets, it may take a while...
     # 17 chunks of 75 times each
     Check the documentation if the code is taking too long or if it crashes...
     Splitting the plot array to allow GP prediction of extended datasets, it may take a while...
     # 13 chunks of 75 times each
     Check the documentation if the code is taking too long or if it crashes...
 Writing the plots 
 Writing the   data files 
 Writing the  MAP_ data files 
 Writing the  sampleMED_ data files 

****************************************************************************************************

