
:::---::: PyORBIT v11.0.1 :::---:::

Python version in use:
3.10.18 (main, Jun  5 2025, 13:14:17) [GCC 11.2.0]

reloaded_optimize:  False
reloaded_pyde:  False
reloaded_emcee:  False

number of multiprocessing threads: 16
multiprocessing method (should be fork):  fork

parameters/safe_reload flag (must be True for tinygp):  False

Opening:  RVdata_expres
Opening:  RVdata_harps
Opening:  RVdata_neid
Opening:  BISdata_expres
Opening:  BISdata_harps
Opening:  BISdata_neid
Opening:  FWHMdata_expres
Opening:  FWHMdata_harps
Opening:  FWHMdata_neid
Opening:  Contrastdata_expres
Opening:  Contrastdata_harps
Opening:  Contrastdata_neid
Opening:  Halphadata_expres
Opening:  Halphadata_harps
Opening:  Halphadata_neid
Opening:  CaIIdata_expres
Opening:  CaIIdata_harps
Opening:  CaIIdata_neid

gp_multidimensional  S+LEAF model, number of harmonics: 4

GP model: gp_multidimensional  hyperparameters_condition:    True
GP model: gp_multidimensional  rotation_decay_condition:     True

====================================================================================================
     Ids, spaces (s), boundaries (b) and priors (p) of the sampler parameters     
====================================================================================================

----- dataset:  RVdata_expres
jitter_0      id:   3  s:Linear      b:[      0.0010,      11.5000]   p:Uniform   []
offset_0      id:   4  s:Linear      b:[  -9995.9050,   10012.5570]   p:Uniform   []

----- dataset: RVdata_expres             ----- model: gp_multidimensional           
rot_amp       id:   5  s:Linear      b:[      0.0000,      10.0000]   p:Uniform   []
con_amp       id:   6  s:Linear      b:[    -20.0000,      20.0000]   p:Uniform   []

----- dataset:  RVdata_harps
jitter_0      id:   7  s:Linear      b:[      0.0009,      12.2000]   p:Uniform   []
offset_0      id:   8  s:Linear      b:[  -9994.3035,   10013.7475]   p:Uniform   []
offset_1      id:   9  s:Linear      b:[  -9994.3035,   10013.7475]   p:Uniform   []

----- dataset: RVdata_harps              ----- model: gp_multidimensional           
rot_amp       id:  10  s:Linear      b:[      0.0000,      10.0000]   p:Uniform   []
con_amp       id:  11  s:Linear      b:[    -20.0000,      20.0000]   p:Uniform   []

----- dataset:  RVdata_neid
jitter_0      id:  12  s:Linear      b:[      0.0010,      12.2000]   p:Uniform   []
offset_0      id:  13  s:Linear      b:[  -9993.3866,   10013.1434]   p:Uniform   []

----- dataset: RVdata_neid               ----- model: gp_multidimensional           
rot_amp       id:  14  s:Linear      b:[      0.0000,      10.0000]   p:Uniform   []
con_amp       id:  15  s:Linear      b:[    -20.0000,      20.0000]   p:Uniform   []

----- dataset:  BISdata_expres
jitter_0      id:  16  s:Linear      b:[      0.0095,      95.0000]   p:Uniform   []
offset_0      id:  17  s:Linear      b:[ -10062.0333,    9950.6000]   p:Uniform   []

----- dataset: BISdata_expres            ----- model: gp_multidimensional           
rot_amp       id:  18  s:Linear      b:[    -10.0000,      10.0000]   p:Uniform   []
con_amp       id:  19  s:Linear      b:[    -20.0000,      20.0000]   p:Uniform   []

----- dataset:  BISdata_harps
jitter_0      id:  20  s:Linear      b:[      0.0095,      95.0000]   p:Uniform   []
offset_0      id:  21  s:Linear      b:[ -10051.0833,    9968.7000]   p:Uniform   []
offset_1      id:  22  s:Linear      b:[ -10051.0833,    9968.7000]   p:Uniform   []

----- dataset: BISdata_harps             ----- model: gp_multidimensional           
rot_amp       id:  23  s:Linear      b:[    -10.0000,      10.0000]   p:Uniform   []
con_amp       id:  24  s:Linear      b:[    -20.0000,      20.0000]   p:Uniform   []

----- dataset:  BISdata_neid
jitter_0      id:  25  s:Linear      b:[      0.0095,      95.0000]   p:Uniform   []
offset_0      id:  26  s:Linear      b:[ -10050.7500,    9957.0667]   p:Uniform   []

----- dataset: BISdata_neid              ----- model: gp_multidimensional           
rot_amp       id:  27  s:Linear      b:[    -10.0000,      10.0000]   p:Uniform   []
con_amp       id:  28  s:Linear      b:[    -20.0000,      20.0000]   p:Uniform   []

----- dataset:  FWHMdata_expres
jitter_0      id:  29  s:Linear      b:[      0.0500,     500.0000]   p:Uniform   []
offset_0      id:  30  s:Linear      b:[  -3231.9764,   16790.2395]   p:Uniform   []

----- dataset: FWHMdata_expres           ----- model: gp_multidimensional           
rot_amp       id:  31  s:Linear      b:[    -10.0000,      10.0000]   p:Uniform   []
con_amp       id:  32  s:Linear      b:[    -20.0000,      20.0000]   p:Uniform   []

----- dataset:  FWHMdata_harps
jitter_0      id:  33  s:Linear      b:[      0.0500,     500.0000]   p:Uniform   []
offset_0      id:  34  s:Linear      b:[  -3089.7591,   17176.3834]   p:Uniform   []
offset_1      id:  35  s:Linear      b:[  -3089.7591,   17176.3834]   p:Uniform   []

----- dataset: FWHMdata_harps            ----- model: gp_multidimensional           
rot_amp       id:  36  s:Linear      b:[    -10.0000,      10.0000]   p:Uniform   []
con_amp       id:  37  s:Linear      b:[    -20.0000,      20.0000]   p:Uniform   []

----- dataset:  FWHMdata_neid
jitter_0      id:  38  s:Linear      b:[      0.0500,     500.0000]   p:Uniform   []
offset_0      id:  39  s:Linear      b:[  -3048.6741,   16964.4171]   p:Uniform   []

----- dataset: FWHMdata_neid             ----- model: gp_multidimensional           
rot_amp       id:  40  s:Linear      b:[    -10.0000,      10.0000]   p:Uniform   []
con_amp       id:  41  s:Linear      b:[    -20.0000,      20.0000]   p:Uniform   []

----- dataset:  Contrastdata_expres
jitter_0      id:  42  s:Linear      b:[      1.3000,   13000.0000]   p:Uniform   []
offset_0      id:  43  s:Linear      b:[-359904.6550, -339010.7170]   p:Uniform   []

----- dataset: Contrastdata_expres       ----- model: gp_multidimensional           
rot_amp       id:  44  s:Linear      b:[    -10.0000,      10.0000]   p:Uniform   []
con_amp       id:  45  s:Linear      b:[    -20.0000,      20.0000]   p:Uniform   []

----- dataset:  Contrastdata_harps
jitter_0      id:  46  s:Linear      b:[      1.3000,   13000.0000]   p:Uniform   []
offset_0      id:  47  s:Linear      b:[-464191.7012, -409470.7990]   p:Uniform   []
offset_1      id:  48  s:Linear      b:[-464191.7012, -409470.7990]   p:Uniform   []

----- dataset: Contrastdata_harps        ----- model: gp_multidimensional           
rot_amp       id:  49  s:Linear      b:[    -10.0000,      10.0000]   p:Uniform   []
con_amp       id:  50  s:Linear      b:[    -20.0000,      20.0000]   p:Uniform   []

----- dataset:  Contrastdata_neid
jitter_0      id:  51  s:Linear      b:[      1.3000,   13000.0000]   p:Uniform   []
offset_0      id:  52  s:Linear      b:[-369916.7183, -349338.4961]   p:Uniform   []

----- dataset: Contrastdata_neid         ----- model: gp_multidimensional           
rot_amp       id:  53  s:Linear      b:[    -10.0000,      10.0000]   p:Uniform   []
con_amp       id:  54  s:Linear      b:[    -20.0000,      20.0000]   p:Uniform   []

----- dataset:  Halphadata_expres
jitter_0      id:  55  s:Linear      b:[      0.0000,       0.1000]   p:Uniform   []
offset_0      id:  56  s:Linear      b:[  -9999.8288,   10000.1731]   p:Uniform   []

----- dataset: Halphadata_expres         ----- model: gp_multidimensional           
rot_amp       id:  57  s:Linear      b:[    -10.0000,      10.0000]   p:Uniform   []
con_amp       id:  58  s:Linear      b:[    -20.0000,      20.0000]   p:Uniform   []

----- dataset:  Halphadata_harps
jitter_0      id:  59  s:Linear      b:[      0.0000,       0.1000]   p:Uniform   []
offset_0      id:  60  s:Linear      b:[  -9999.8280,   10000.1797]   p:Uniform   []
offset_1      id:  61  s:Linear      b:[  -9999.8280,   10000.1797]   p:Uniform   []

----- dataset: Halphadata_harps          ----- model: gp_multidimensional           
rot_amp       id:  62  s:Linear      b:[    -10.0000,      10.0000]   p:Uniform   []
con_amp       id:  63  s:Linear      b:[    -20.0000,      20.0000]   p:Uniform   []

----- dataset:  Halphadata_neid
jitter_0      id:  64  s:Linear      b:[      0.0000,       0.1000]   p:Uniform   []
offset_0      id:  65  s:Linear      b:[  -9999.8297,   10000.1722]   p:Uniform   []

----- dataset: Halphadata_neid           ----- model: gp_multidimensional           
rot_amp       id:  66  s:Linear      b:[    -10.0000,      10.0000]   p:Uniform   []
con_amp       id:  67  s:Linear      b:[    -20.0000,      20.0000]   p:Uniform   []

----- dataset:  CaIIdata_expres
jitter_0      id:  68  s:Linear      b:[      0.0000,       0.3000]   p:Uniform   []
offset_0      id:  69  s:Linear      b:[  -9999.9090,   10000.1096]   p:Uniform   []

----- dataset: CaIIdata_expres           ----- model: gp_multidimensional           
rot_amp       id:  70  s:Linear      b:[    -10.0000,      10.0000]   p:Uniform   []
con_amp       id:  71  s:Linear      b:[    -20.0000,      20.0000]   p:Uniform   []

----- dataset:  CaIIdata_harps
jitter_0      id:  72  s:Linear      b:[      0.0000,       0.3000]   p:Uniform   []
offset_0      id:  73  s:Linear      b:[  -9999.9026,   10000.1079]   p:Uniform   []
offset_1      id:  74  s:Linear      b:[  -9999.9026,   10000.1079]   p:Uniform   []

----- dataset: CaIIdata_harps            ----- model: gp_multidimensional           
rot_amp       id:  75  s:Linear      b:[    -10.0000,      10.0000]   p:Uniform   []
con_amp       id:  76  s:Linear      b:[    -20.0000,      20.0000]   p:Uniform   []

----- dataset:  CaIIdata_neid
jitter_0      id:  77  s:Linear      b:[      0.0000,       0.3000]   p:Uniform   []
offset_0      id:  78  s:Linear      b:[  -9999.9012,   10000.1000]   p:Uniform   []

----- dataset: CaIIdata_neid             ----- model: gp_multidimensional           
rot_amp       id:  79  s:Linear      b:[    -10.0000,      10.0000]   p:Uniform   []
con_amp       id:  80  s:Linear      b:[    -20.0000,      20.0000]   p:Uniform   []

----- common model:  activity
Prot          id:   0  s:Linear      b:[     20.0000,      35.0000]   p:Gaussian   [28.   0.5]
Pdec          id:   1  s:Linear      b:[     30.0000,    1000.0000]   p:Uniform   []
Oamp          id:   2  s:Log_Base2   b:[     -6.6439,       0.0000]   p:Gaussian   [0.35  0.035]

----- common model:  star_parameters
mass          derived (no id, space, bound)                           p:Gaussian   [1.e+00 1.e-06]
radius        derived (no id, space, bound)                           p:Gaussian   [1.e+00 1.e-06]
density       derived (no id, space, bound)                           p:Gaussian   [1.e+00 1.e-06]

Include priors:  True

Reference Time Tref:  59334.700184

Dimensions =  81
Nwalkers =  324

Using threading pool for PyDE: True
PyDE running
Boundaries redefined after PyDE output
PyDE completed, it took        824.6 seconds

====================================================================================================
     Starting point of the sample/optimization routines    
====================================================================================================

----- dataset:  RVdata_expres
jitter_0         3      1.516299 [    0.0010,    11.5000]
offset_0         4      8.601696 [-9995.9050, 10012.5570]

----- dataset: RVdata_expres             ----- model: gp_multidimensional           
rot_amp          5      0.000225 [    0.0000,    10.0000]
con_amp          6     -0.654065 [  -20.0000,    20.0000]

----- dataset:  RVdata_harps
jitter_0         7      1.385051 [    0.0009,    12.2000]
offset_0         8      8.986243 [-9994.3035, 10013.7475]
offset_1         9     10.045506 [-9994.3035, 10013.7475]

----- dataset: RVdata_harps              ----- model: gp_multidimensional           
rot_amp         10      0.856719 [    0.0000,    10.0000]
con_amp         11     -1.096778 [  -20.0000,    20.0000]

----- dataset:  RVdata_neid
jitter_0        12      1.046559 [    0.0010,    12.2000]
offset_0        13      9.244601 [-9993.3866, 10013.1434]

----- dataset: RVdata_neid               ----- model: gp_multidimensional           
rot_amp         14      0.000331 [    0.0000,    10.0000]
con_amp         15     -1.218266 [  -20.0000,    20.0000]

----- dataset:  BISdata_expres
jitter_0        16      2.152539 [    0.0095,    95.0000]
offset_0        17    -54.584536 [-10062.0333,  9950.6000]

----- dataset: BISdata_expres            ----- model: gp_multidimensional           
rot_amp         18      0.741837 [  -10.0000,    10.0000]
con_amp         19      0.760820 [  -20.0000,    20.0000]

----- dataset:  BISdata_harps
jitter_0        20      1.791318 [    0.0095,    95.0000]
offset_0        21    -45.918533 [-10051.0833,  9968.7000]
offset_1        22    -36.704993 [-10051.0833,  9968.7000]

----- dataset: BISdata_harps             ----- model: gp_multidimensional           
rot_amp         23      0.350337 [  -10.0000,    10.0000]
con_amp         24     -0.750625 [  -20.0000,    20.0000]

----- dataset:  BISdata_neid
jitter_0        25      0.945797 [    0.0095,    95.0000]
offset_0        26    -47.121498 [-10050.7500,  9957.0667]

----- dataset: BISdata_neid              ----- model: gp_multidimensional           
rot_amp         27      0.179658 [  -10.0000,    10.0000]
con_amp         28      0.126158 [  -20.0000,    20.0000]

----- dataset:  FWHMdata_expres
jitter_0        29      0.053527 [    0.0500,   500.0000]
offset_0        30   6775.386234 [-3231.9764, 16790.2395]

----- dataset: FWHMdata_expres           ----- model: gp_multidimensional           
rot_amp         31      5.283375 [  -10.0000,    10.0000]
con_amp         32     -2.360968 [  -20.0000,    20.0000]

----- dataset:  FWHMdata_harps
jitter_0        33      0.052508 [    0.0500,   500.0000]
offset_0        34   6917.057394 [-3089.7591, 17176.3834]
offset_1        35   7170.971623 [-3089.7591, 17176.3834]

----- dataset: FWHMdata_harps            ----- model: gp_multidimensional           
rot_amp         36      2.289736 [  -10.0000,    10.0000]
con_amp         37     -0.638604 [  -20.0000,    20.0000]

----- dataset:  FWHMdata_neid
jitter_0        38      0.052663 [    0.0500,   500.0000]
offset_0        39   6957.252130 [-3048.6741, 16964.4171]

----- dataset: FWHMdata_neid             ----- model: gp_multidimensional           
rot_amp         40      1.379182 [  -10.0000,    10.0000]
con_amp         41      0.060877 [  -20.0000,    20.0000]

----- dataset:  Contrastdata_expres
jitter_0        42    120.669969 [    1.3000, 13000.0000]
offset_0        43  -349532.351171 [-359904.6550, -339010.7170]

----- dataset: Contrastdata_expres       ----- model: gp_multidimensional           
rot_amp         44      9.995318 [  -10.0000,    10.0000]
con_amp         45    -19.995450 [  -20.0000,    20.0000]

----- dataset:  Contrastdata_harps
jitter_0        46    114.622751 [    1.3000, 13000.0000]
offset_0        47  -453761.654429 [-464191.7012, -409470.7990]
offset_1        48  -419734.171238 [-464191.7012, -409470.7990]

----- dataset: Contrastdata_harps        ----- model: gp_multidimensional           
rot_amp         49      9.964928 [  -10.0000,    10.0000]
con_amp         50     19.996861 [  -20.0000,    20.0000]

----- dataset:  Contrastdata_neid
jitter_0        51      1.526733 [    1.3000, 13000.0000]
offset_0        52  -359622.661091 [-369916.7183, -349338.4961]

----- dataset: Contrastdata_neid         ----- model: gp_multidimensional           
rot_amp         53      9.969774 [  -10.0000,    10.0000]
con_amp         54     -0.720675 [  -20.0000,    20.0000]

----- dataset:  Halphadata_expres
jitter_0        55      0.000010 [    0.0000,     0.1000]
offset_0        56      0.172093 [-9999.8288, 10000.1731]

----- dataset: Halphadata_expres         ----- model: gp_multidimensional           
rot_amp         57      0.000282 [  -10.0000,    10.0000]
con_amp         58      0.000120 [  -20.0000,    20.0000]

----- dataset:  Halphadata_harps
jitter_0        59      0.000761 [    0.0000,     0.1000]
offset_0        60      0.175056 [-9999.8280, 10000.1797]
offset_1        61      0.173854 [-9999.8280, 10000.1797]

----- dataset: Halphadata_harps          ----- model: gp_multidimensional           
rot_amp         62     -0.000255 [  -10.0000,    10.0000]
con_amp         63     -0.000155 [  -20.0000,    20.0000]

----- dataset:  Halphadata_neid
jitter_0        64      0.000010 [    0.0000,     0.1000]
offset_0        65      0.171107 [-9999.8297, 10000.1722]

----- dataset: Halphadata_neid           ----- model: gp_multidimensional           
rot_amp         66      0.000254 [  -10.0000,    10.0000]
con_amp         67     -0.000072 [  -20.0000,    20.0000]

----- dataset:  CaIIdata_expres
jitter_0        68      0.001217 [    0.0000,     0.3000]
offset_0        69      0.100374 [-9999.9090, 10000.1096]

----- dataset: CaIIdata_expres           ----- model: gp_multidimensional           
rot_amp         70     -0.001009 [  -10.0000,    10.0000]
con_amp         71      0.000160 [  -20.0000,    20.0000]

----- dataset:  CaIIdata_harps
jitter_0        72      0.000032 [    0.0000,     0.3000]
offset_0        73      0.104903 [-9999.9026, 10000.1079]
offset_1        74      0.104205 [-9999.9026, 10000.1079]

----- dataset: CaIIdata_harps            ----- model: gp_multidimensional           
rot_amp         75     -0.000133 [  -10.0000,    10.0000]
con_amp         76      0.000152 [  -20.0000,    20.0000]

----- dataset:  CaIIdata_neid
jitter_0        77      0.000031 [    0.0000,     0.3000]
offset_0        78      0.099446 [-9999.9012, 10000.1000]

----- dataset: CaIIdata_neid             ----- model: gp_multidimensional           
rot_amp         79      0.000225 [  -10.0000,    10.0000]
con_amp         80      0.000034 [  -20.0000,    20.0000]

----- common model:  activity
Prot             0     28.065215 [   20.0000,    35.0000]
Pdec             1     30.009260 [   30.0000,  1000.0000]
Oamp             2     -1.611720 [   -6.6439,     0.0000]

----- common model:  star_parameters

====================================================================================================
     Starting point projected onto the model parameter space     
====================================================================================================

----- dataset:  RVdata_expres
jitter_0              1.516299 
offset_0              8.601696 


----- dataset: RVdata_expres             ----- model: gp_multidimensional           
rot_amp               0.000225 
con_amp              -0.654065 

----- dataset:  RVdata_harps
jitter_0              1.385051 
offset_0              8.986243 
offset_1             10.045506 


----- dataset: RVdata_harps              ----- model: gp_multidimensional           
rot_amp               0.856719 
con_amp              -1.096778 

----- dataset:  RVdata_neid
jitter_0              1.046559 
offset_0              9.244601 


----- dataset: RVdata_neid               ----- model: gp_multidimensional           
rot_amp               0.000331 
con_amp              -1.218266 

----- dataset:  BISdata_expres
jitter_0              2.152539 
offset_0            -54.584536 


----- dataset: BISdata_expres            ----- model: gp_multidimensional           
rot_amp               0.741837 
con_amp               0.760820 

----- dataset:  BISdata_harps
jitter_0              1.791318 
offset_0            -45.918533 
offset_1            -36.704993 


----- dataset: BISdata_harps             ----- model: gp_multidimensional           
rot_amp               0.350337 
con_amp              -0.750625 

----- dataset:  BISdata_neid
jitter_0              0.945797 
offset_0            -47.121498 


----- dataset: BISdata_neid              ----- model: gp_multidimensional           
rot_amp               0.179658 
con_amp               0.126158 

----- dataset:  FWHMdata_expres
jitter_0              0.053527 
offset_0           6775.386234 


----- dataset: FWHMdata_expres           ----- model: gp_multidimensional           
rot_amp               5.283375 
con_amp              -2.360968 

----- dataset:  FWHMdata_harps
jitter_0              0.052508 
offset_0           6917.057394 
offset_1           7170.971623 


----- dataset: FWHMdata_harps            ----- model: gp_multidimensional           
rot_amp               2.289736 
con_amp              -0.638604 

----- dataset:  FWHMdata_neid
jitter_0              0.052663 
offset_0           6957.252130 


----- dataset: FWHMdata_neid             ----- model: gp_multidimensional           
rot_amp               1.379182 
con_amp               0.060877 

----- dataset:  Contrastdata_expres
jitter_0            120.669969 
offset_0        -349532.351171 


----- dataset: Contrastdata_expres       ----- model: gp_multidimensional           
rot_amp               9.995318 
con_amp             -19.995450 

----- dataset:  Contrastdata_harps
jitter_0            114.622751 
offset_0        -453761.654429 
offset_1        -419734.171238 


----- dataset: Contrastdata_harps        ----- model: gp_multidimensional           
rot_amp               9.964928 
con_amp              19.996861 

----- dataset:  Contrastdata_neid
jitter_0              1.526733 
offset_0        -359622.661091 


----- dataset: Contrastdata_neid         ----- model: gp_multidimensional           
rot_amp               9.969774 
con_amp              -0.720675 

----- dataset:  Halphadata_expres
jitter_0              0.000010 
offset_0              0.172093 


----- dataset: Halphadata_expres         ----- model: gp_multidimensional           
rot_amp               0.000282 
con_amp               0.000120 

----- dataset:  Halphadata_harps
jitter_0              0.000761 
offset_0              0.175056 
offset_1              0.173854 


----- dataset: Halphadata_harps          ----- model: gp_multidimensional           
rot_amp              -0.000255 
con_amp              -0.000155 

----- dataset:  Halphadata_neid
jitter_0              0.000010 
offset_0              0.171107 


----- dataset: Halphadata_neid           ----- model: gp_multidimensional           
rot_amp               0.000254 
con_amp              -0.000072 

----- dataset:  CaIIdata_expres
jitter_0              0.001217 
offset_0              0.100374 


----- dataset: CaIIdata_expres           ----- model: gp_multidimensional           
rot_amp              -0.001009 
con_amp               0.000160 

----- dataset:  CaIIdata_harps
jitter_0              0.000032 
offset_0              0.104903 
offset_1              0.104205 


----- dataset: CaIIdata_harps            ----- model: gp_multidimensional           
rot_amp              -0.000133 
con_amp               0.000152 

----- dataset:  CaIIdata_neid
jitter_0              0.000031 
offset_0              0.099446 


----- dataset: CaIIdata_neid             ----- model: gp_multidimensional           
rot_amp               0.000225 
con_amp               0.000034 

----- common model:  activity
Prot                 28.065215 
Pdec                 30.009260 
Oamp                  0.327208 

----- common model:  star_parameters

====================================================================================================
     Derived parameters obtained from starting point     
====================================================================================================


====================================================================================================
     Statistics on the log-likelihood     
====================================================================================================

 LN probability: -1209.797156 

====================================================================================================
     ------------------------------------------------------------------------------------------     
====================================================================================================



*************************************************************

Running emcee

emcee version:  3.1.6
Using threading pool for emcee: True

Saving temporary steps


Computing the autocorrelation time of the chains

***** WARNING ******
The integrated autocorrelation time cannot be reliably estimated
likely the chains are too short, and ACF analysis is not fully reliable
emcee.autocorr.integrated_time tolerance lowered to 20
If you still get a warning, you should drop these results entirely
Chains too short to apply convergence criteria
They should be at least 600*nthin = 90000

====================================================================================================
     Statistics on the posterior of the sampler parameters     
====================================================================================================

----- dataset:  RVdata_expres
jitter_0         3         1.518       -0.060        0.095   (15-84 p)   [    0.0010,    11.5000]
offset_0         4         8.584        -0.33        0.057   (15-84 p)   [-9995.9050, 10012.5570]

----- dataset: RVdata_expres             ----- model: gp_multidimensional           
rot_amp          5        0.0030      -0.0029        0.030   (15-84 p)   [    0.0000,    10.0000]
con_amp          6        -0.698        -0.71        0.070   (15-84 p)   [  -20.0000,    20.0000]

----- dataset:  RVdata_harps
jitter_0         7         1.387       -0.053        0.092   (15-84 p)   [    0.0009,    12.2000]
offset_0         8         8.966        -0.51        0.073   (15-84 p)   [-9994.3035, 10013.7475]
offset_1         9         10.02        -0.58         0.13   (15-84 p)   [-9994.3035, 10013.7475]

----- dataset: RVdata_harps              ----- model: gp_multidimensional           
rot_amp         10          0.94        -0.16          1.5   (15-84 p)   [    0.0000,    10.0000]
con_amp         11        -1.180         -1.3        0.096   (15-84 p)   [  -20.0000,    20.0000]

----- dataset:  RVdata_neid
jitter_0        12         1.052       -0.034         0.11   (15-84 p)   [    0.0010,    12.2000]
offset_0        13         9.224        -0.48        0.070   (15-84 p)   [-9993.3866, 10013.1434]

----- dataset: RVdata_neid               ----- model: gp_multidimensional           
rot_amp         14        0.0065      -0.0063        0.060   (15-84 p)   [    0.0000,    10.0000]
con_amp         15        -1.282         -1.1        0.081   (15-84 p)   [  -20.0000,    20.0000]

----- dataset:  BISdata_expres
jitter_0        16         2.158       -0.090         0.18   (15-84 p)   [    0.0095,    95.0000]
offset_0        17        -54.57        -0.11         0.36   (15-84 p)   [-10062.0333,  9950.6000]

----- dataset: BISdata_expres            ----- model: gp_multidimensional           
rot_amp         18          0.71         -1.4         0.42   (15-84 p)   [  -10.0000,    10.0000]
con_amp         19         0.802       -0.074         0.80   (15-84 p)   [  -20.0000,    20.0000]

----- dataset:  BISdata_harps
jitter_0        20         1.793       -0.092         0.14   (15-84 p)   [    0.0095,    95.0000]
offset_0        21        -45.92        -0.27         0.12   (15-84 p)   [-10051.0833,  9968.7000]
offset_1        22        -36.73        -0.53         0.19   (15-84 p)   [-10051.0833,  9968.7000]

----- dataset: BISdata_harps             ----- model: gp_multidimensional           
rot_amp         23          0.32         -1.2         0.38   (15-84 p)   [  -10.0000,    10.0000]
con_amp         24        -0.768        -0.60        0.081   (15-84 p)   [  -20.0000,    20.0000]

----- dataset:  BISdata_neid
jitter_0        25         0.945       -0.089         0.11   (15-84 p)   [    0.0095,    95.0000]
offset_0        26       -47.118       -0.091         0.15   (15-84 p)   [-10050.7500,  9957.0667]

----- dataset: BISdata_neid              ----- model: gp_multidimensional           
rot_amp         27          0.18        -0.45         0.57   (15-84 p)   [  -10.0000,    10.0000]
con_amp         28         0.135       -0.066         0.25   (15-84 p)   [  -20.0000,    20.0000]

----- dataset:  FWHMdata_expres
jitter_0        29         0.148       -0.096         0.67   (15-84 p)   [    0.0500,   500.0000]
offset_0        30       6775.35         -1.2         0.24   (15-84 p)   [-3231.9764, 16790.2395]

----- dataset: FWHMdata_expres           ----- model: gp_multidimensional           
rot_amp         31          5.44        -0.42          2.9   (15-84 p)   [  -10.0000,    10.0000]
con_amp         32         -2.54         -3.0         0.25   (15-84 p)   [  -20.0000,    20.0000]

----- dataset:  FWHMdata_harps
jitter_0        33         0.099       -0.047         0.33   (15-84 p)   [    0.0500,   500.0000]
offset_0        34       6917.04        -0.59         0.34   (15-84 p)   [-3089.7591, 17176.3834]
offset_1        35       7170.94        -0.97         0.69   (15-84 p)   [-3089.7591, 17176.3834]

----- dataset: FWHMdata_harps            ----- model: gp_multidimensional           
rot_amp         36          2.42        -0.44          3.3   (15-84 p)   [  -10.0000,    10.0000]
con_amp         37         -0.68        -0.99         0.26   (15-84 p)   [  -20.0000,    20.0000]

----- dataset:  FWHMdata_neid
jitter_0        38         0.093       -0.042         0.31   (15-84 p)   [    0.0500,   500.0000]
offset_0        39       6957.24        -0.58         0.27   (15-84 p)   [-3048.6741, 16964.4171]

----- dataset: FWHMdata_neid             ----- model: gp_multidimensional           
rot_amp         40           1.4         -1.6          1.8   (15-84 p)   [  -10.0000,    10.0000]
con_amp         41          0.01         -1.1         0.29   (15-84 p)   [  -20.0000,    20.0000]

----- dataset:  Contrastdata_expres
jitter_0        42         121.3         -8.5           19   (15-84 p)   [    1.3000, 13000.0000]
offset_0        43       -349532          -11           14   (15-84 p)   [-359904.6550, -339010.7170]

----- dataset: Contrastdata_expres       ----- model: gp_multidimensional           
rot_amp         44         9.930        -0.63        0.068   (15-84 p)   [  -10.0000,    10.0000]
con_amp         45       -19.922       -0.075         0.76   (15-84 p)   [  -20.0000,    20.0000]

----- dataset:  Contrastdata_harps
jitter_0        46         115.3         -7.6           21   (15-84 p)   [    1.3000, 13000.0000]
offset_0        47     -453762.7          -20          8.8   (15-84 p)   [-464191.7012, -409470.7990]
offset_1        48       -419735          -32           18   (15-84 p)   [-464191.7012, -409470.7990]

----- dataset: Contrastdata_harps        ----- model: gp_multidimensional           
rot_amp         49          9.27         -7.1         0.71   (15-84 p)   [  -10.0000,    10.0000]
con_amp         50        19.939        -0.60        0.059   (15-84 p)   [  -20.0000,    20.0000]

----- dataset:  Contrastdata_neid
jitter_0        51           4.5         -3.1           24   (15-84 p)   [    1.3000, 13000.0000]
offset_0        52       -359622          -10           10   (15-84 p)   [-369916.7183, -349338.4961]

----- dataset: Contrastdata_neid         ----- model: gp_multidimensional           
rot_amp         53          9.36         -6.0         0.62   (15-84 p)   [  -10.0000,    10.0000]
con_amp         54          -0.1         -7.8           13   (15-84 p)   [  -20.0000,    20.0000]

----- dataset:  Halphadata_expres
jitter_0        55     0.0000171   -0.0000069     0.000053   (15-84 p)   [    0.0000,     0.1000]
offset_0        56      0.172099    -0.000049      0.00011   (15-84 p)   [-9999.8288, 10000.1731]

----- dataset: Halphadata_expres         ----- model: gp_multidimensional           
rot_amp         57       0.00029     -0.00017      0.00040   (15-84 p)   [  -10.0000,    10.0000]
con_amp         58      0.000120    -0.000081      0.00014   (15-84 p)   [  -20.0000,    20.0000]

----- dataset:  Halphadata_harps
jitter_0        59       0.00076     -0.00010      0.00011   (15-84 p)   [    0.0000,     0.1000]
offset_0        60       0.17506     -0.00012      0.00012   (15-84 p)   [-9999.8280, 10000.1797]
offset_1        61       0.17385     -0.00020      0.00019   (15-84 p)   [-9999.8280, 10000.1797]

----- dataset: Halphadata_harps          ----- model: gp_multidimensional           
rot_amp         62      -0.00025     -0.00048      0.00035   (15-84 p)   [  -10.0000,    10.0000]
con_amp         63     -0.000172     -0.00029     0.000051   (15-84 p)   [  -20.0000,    20.0000]

----- dataset:  Halphadata_neid
jitter_0        64     0.0000158   -0.0000057     0.000048   (15-84 p)   [    0.0000,     0.1000]
offset_0        65      0.171100     -0.00013     0.000042   (15-84 p)   [-9999.8297, 10000.1722]

----- dataset: Halphadata_neid           ----- model: gp_multidimensional           
rot_amp         66       0.00026     -0.00026      0.00042   (15-84 p)   [  -10.0000,    10.0000]
con_amp         67      -0.00007     -0.00011      0.00012   (15-84 p)   [  -20.0000,    20.0000]

----- dataset:  CaIIdata_expres
jitter_0        68       0.00123     -0.00040      0.00050   (15-84 p)   [    0.0000,     0.3000]
offset_0        69       0.10038     -0.00019      0.00032   (15-84 p)   [-9999.9090, 10000.1096]

----- dataset: CaIIdata_expres           ----- model: gp_multidimensional           
rot_amp         70      -0.00104      -0.0016      0.00062   (15-84 p)   [  -10.0000,    10.0000]
con_amp         71       0.00019     -0.00013      0.00068   (15-84 p)   [  -20.0000,    20.0000]

----- dataset:  CaIIdata_harps
jitter_0        72      0.000064    -0.000033      0.00027   (15-84 p)   [    0.0000,     0.3000]
offset_0        73       0.10488     -0.00043      0.00016   (15-84 p)   [-9999.9026, 10000.1079]
offset_1        74       0.10418     -0.00064      0.00034   (15-84 p)   [-9999.9026, 10000.1079]

----- dataset: CaIIdata_harps            ----- model: gp_multidimensional           
rot_amp         75      -0.00013     -0.00077       0.0011   (15-84 p)   [  -10.0000,    10.0000]
con_amp         76       0.00015     -0.00039      0.00023   (15-84 p)   [  -20.0000,    20.0000]

----- dataset:  CaIIdata_neid
jitter_0        77      0.000057    -0.000026      0.00021   (15-84 p)   [    0.0000,     0.3000]
offset_0        78       0.09945     -0.00024      0.00029   (15-84 p)   [-9999.9012, 10000.1000]

----- dataset: CaIIdata_neid             ----- model: gp_multidimensional           
rot_amp         79       0.00033     -0.00033       0.0019   (15-84 p)   [  -10.0000,    10.0000]
con_amp         80       0.00004     -0.00035      0.00038   (15-84 p)   [  -20.0000,    20.0000]

----- common model:  activity
Prot             0         28.07        -0.22         0.36   (15-84 p)   [   20.0000,    35.0000]
Pdec             1         30.18        -0.17          1.7   (15-84 p)   [   30.0000,  1000.0000]
Oamp             2        -1.601       -0.037         0.21   (15-84 p)   [   -6.6439,     0.0000]

----- common model:  star_parameters

====================================================================================================
     Statistics on the model parameters obtained from the posteriors samples     
====================================================================================================

----- dataset:  RVdata_expres
jitter_0                 1.518       -0.060        0.095    (15-84 p)
offset_0                 8.584        -0.33        0.057    (15-84 p)


----- dataset: RVdata_expres             ----- model: gp_multidimensional           
rot_amp                 0.0030      -0.0029        0.030    (15-84 p)
con_amp                 -0.698        -0.71        0.070    (15-84 p)

----- dataset:  RVdata_harps
jitter_0                 1.387       -0.053        0.092    (15-84 p)
offset_0                 8.966        -0.51        0.073    (15-84 p)
offset_1                 10.02        -0.58         0.13    (15-84 p)


----- dataset: RVdata_harps              ----- model: gp_multidimensional           
rot_amp                   0.94        -0.16          1.5    (15-84 p)
con_amp                 -1.180         -1.3        0.096    (15-84 p)

----- dataset:  RVdata_neid
jitter_0                 1.052       -0.034         0.11    (15-84 p)
offset_0                 9.224        -0.48        0.070    (15-84 p)


----- dataset: RVdata_neid               ----- model: gp_multidimensional           
rot_amp                 0.0065      -0.0063        0.060    (15-84 p)
con_amp                 -1.282         -1.1        0.081    (15-84 p)

----- dataset:  BISdata_expres
jitter_0                 2.158       -0.090         0.18    (15-84 p)
offset_0                -54.57        -0.11         0.36    (15-84 p)


----- dataset: BISdata_expres            ----- model: gp_multidimensional           
rot_amp                   0.71         -1.4         0.42    (15-84 p)
con_amp                  0.802       -0.074         0.80    (15-84 p)

----- dataset:  BISdata_harps
jitter_0                 1.793       -0.092         0.14    (15-84 p)
offset_0                -45.92        -0.27         0.12    (15-84 p)
offset_1                -36.73        -0.53         0.19    (15-84 p)


----- dataset: BISdata_harps             ----- model: gp_multidimensional           
rot_amp                   0.32         -1.2         0.38    (15-84 p)
con_amp                 -0.768        -0.60        0.081    (15-84 p)

----- dataset:  BISdata_neid
jitter_0                 0.945       -0.089         0.11    (15-84 p)
offset_0               -47.118       -0.091         0.15    (15-84 p)


----- dataset: BISdata_neid              ----- model: gp_multidimensional           
rot_amp                   0.18        -0.45         0.57    (15-84 p)
con_amp                  0.135       -0.066         0.25    (15-84 p)

----- dataset:  FWHMdata_expres
jitter_0                 0.148       -0.096         0.67    (15-84 p)
offset_0               6775.35         -1.2         0.24    (15-84 p)


----- dataset: FWHMdata_expres           ----- model: gp_multidimensional           
rot_amp                   5.44        -0.42          2.9    (15-84 p)
con_amp                  -2.54         -3.0         0.25    (15-84 p)

----- dataset:  FWHMdata_harps
jitter_0                 0.099       -0.047         0.33    (15-84 p)
offset_0               6917.04        -0.59         0.34    (15-84 p)
offset_1               7170.94        -0.97         0.69    (15-84 p)


----- dataset: FWHMdata_harps            ----- model: gp_multidimensional           
rot_amp                   2.42        -0.44          3.3    (15-84 p)
con_amp                  -0.68        -0.99         0.26    (15-84 p)

----- dataset:  FWHMdata_neid
jitter_0                 0.093       -0.042         0.31    (15-84 p)
offset_0               6957.24        -0.58         0.27    (15-84 p)


----- dataset: FWHMdata_neid             ----- model: gp_multidimensional           
rot_amp                    1.4         -1.6          1.8    (15-84 p)
con_amp                   0.01         -1.1         0.29    (15-84 p)

----- dataset:  Contrastdata_expres
jitter_0                 121.3         -8.5           19    (15-84 p)
offset_0               -349532          -11           14    (15-84 p)


----- dataset: Contrastdata_expres       ----- model: gp_multidimensional           
rot_amp                  9.930        -0.63        0.068    (15-84 p)
con_amp                -19.922       -0.075         0.76    (15-84 p)

----- dataset:  Contrastdata_harps
jitter_0                 115.3         -7.6           21    (15-84 p)
offset_0             -453762.7          -20          8.8    (15-84 p)
offset_1               -419735          -32           18    (15-84 p)


----- dataset: Contrastdata_harps        ----- model: gp_multidimensional           
rot_amp                   9.27         -7.1         0.71    (15-84 p)
con_amp                 19.939        -0.60        0.059    (15-84 p)

----- dataset:  Contrastdata_neid
jitter_0                   4.5         -3.1           24    (15-84 p)
offset_0               -359622          -10           10    (15-84 p)


----- dataset: Contrastdata_neid         ----- model: gp_multidimensional           
rot_amp                   9.36         -6.0         0.62    (15-84 p)
con_amp                   -0.1         -7.8           13    (15-84 p)

----- dataset:  Halphadata_expres
jitter_0             0.0000171   -0.0000069     0.000053    (15-84 p)
offset_0              0.172099    -0.000049      0.00011    (15-84 p)


----- dataset: Halphadata_expres         ----- model: gp_multidimensional           
rot_amp                0.00029     -0.00017      0.00040    (15-84 p)
con_amp               0.000120    -0.000081      0.00014    (15-84 p)

----- dataset:  Halphadata_harps
jitter_0               0.00076     -0.00010      0.00011    (15-84 p)
offset_0               0.17506     -0.00012      0.00012    (15-84 p)
offset_1               0.17385     -0.00020      0.00019    (15-84 p)


----- dataset: Halphadata_harps          ----- model: gp_multidimensional           
rot_amp               -0.00025     -0.00048      0.00035    (15-84 p)
con_amp              -0.000172     -0.00029     0.000051    (15-84 p)

----- dataset:  Halphadata_neid
jitter_0             0.0000158   -0.0000057     0.000048    (15-84 p)
offset_0              0.171100     -0.00013     0.000042    (15-84 p)


----- dataset: Halphadata_neid           ----- model: gp_multidimensional           
rot_amp                0.00026     -0.00026      0.00042    (15-84 p)
con_amp               -0.00007     -0.00011      0.00012    (15-84 p)

----- dataset:  CaIIdata_expres
jitter_0               0.00123     -0.00040      0.00050    (15-84 p)
offset_0               0.10038     -0.00019      0.00032    (15-84 p)


----- dataset: CaIIdata_expres           ----- model: gp_multidimensional           
rot_amp               -0.00104      -0.0016      0.00062    (15-84 p)
con_amp                0.00019     -0.00013      0.00068    (15-84 p)

----- dataset:  CaIIdata_harps
jitter_0              0.000064    -0.000033      0.00027    (15-84 p)
offset_0               0.10488     -0.00043      0.00016    (15-84 p)
offset_1               0.10418     -0.00064      0.00034    (15-84 p)


----- dataset: CaIIdata_harps            ----- model: gp_multidimensional           
rot_amp               -0.00013     -0.00077       0.0011    (15-84 p)
con_amp                0.00015     -0.00039      0.00023    (15-84 p)

----- dataset:  CaIIdata_neid
jitter_0              0.000057    -0.000026      0.00021    (15-84 p)
offset_0               0.09945     -0.00024      0.00029    (15-84 p)


----- dataset: CaIIdata_neid             ----- model: gp_multidimensional           
rot_amp                0.00033     -0.00033       0.0019    (15-84 p)
con_amp                0.00004     -0.00035      0.00038    (15-84 p)

----- common model:  activity
Prot                     28.07        -0.22         0.36    (15-84 p)
Pdec                     30.18        -0.17          1.7    (15-84 p)
Oamp                    0.3297      -0.0084        0.052    (15-84 p)

----- common model:  star_parameters

====================================================================================================
     Statistics on the derived parameters obtained from the posteriors samples     
====================================================================================================


====================================================================================================
     ------------------------------------------------------------------------------------------     
====================================================================================================



15000.0   steps completed, average lnprob:,  -1261.6226197669657


Computing the autocorrelation time of the chains

***** WARNING ******
The integrated autocorrelation time cannot be reliably estimated
likely the chains are too short, and ACF analysis is not fully reliable
emcee.autocorr.integrated_time tolerance lowered to 20
If you still get a warning, you should drop these results entirely
Chains too short to apply convergence criteria
They should be at least 1350*nthin = 202500

====================================================================================================
     Statistics on the posterior of the sampler parameters     
====================================================================================================

----- dataset:  RVdata_expres
jitter_0         3          1.55        -0.14         0.15   (15-84 p)   [    0.0010,    11.5000]
offset_0         4          8.05         -1.2         0.70   (15-84 p)   [-9995.9050, 10012.5570]

----- dataset: RVdata_expres             ----- model: gp_multidimensional           
rot_amp          5         0.118       -0.082         0.20   (15-84 p)   [    0.0000,    10.0000]
con_amp          6          -2.6         -1.7          1.1   (15-84 p)   [  -20.0000,    20.0000]

----- dataset:  RVdata_harps
jitter_0         7          1.39        -0.11         0.14   (15-84 p)   [    0.0009,    12.2000]
offset_0         8           7.9         -1.8          1.3   (15-84 p)   [-9994.3035, 10013.7475]
offset_1         9           9.0         -1.8          1.3   (15-84 p)   [-9994.3035, 10013.7475]

----- dataset: RVdata_harps              ----- model: gp_multidimensional           
rot_amp         10           2.6         -1.8          2.7   (15-84 p)   [    0.0000,    10.0000]
con_amp         11          -4.7         -2.4          1.5   (15-84 p)   [  -20.0000,    20.0000]

----- dataset:  RVdata_neid
jitter_0        12          1.09        -0.10         0.12   (15-84 p)   [    0.0010,    12.2000]
offset_0        13           8.2         -1.8          1.3   (15-84 p)   [-9993.3866, 10013.1434]

----- dataset: RVdata_neid               ----- model: gp_multidimensional           
rot_amp         14          0.19        -0.12         0.23   (15-84 p)   [    0.0000,    10.0000]
con_amp         15          -4.7         -2.4          1.6   (15-84 p)   [  -20.0000,    20.0000]

----- dataset:  BISdata_expres
jitter_0        16          2.23        -0.21         0.24   (15-84 p)   [    0.0095,    95.0000]
offset_0        17        -54.13        -0.71          1.1   (15-84 p)   [-10062.0333,  9950.6000]

----- dataset: BISdata_expres            ----- model: gp_multidimensional           
rot_amp         18          -0.4         -5.1          4.4   (15-84 p)   [  -10.0000,    10.0000]
con_amp         19           2.5         -1.2          1.8   (15-84 p)   [  -20.0000,    20.0000]

----- dataset:  BISdata_harps
jitter_0        20          1.87        -0.18         0.20   (15-84 p)   [    0.0095,    95.0000]
offset_0        21        -46.49         -1.2         0.78   (15-84 p)   [-10051.0833,  9968.7000]
offset_1        22        -37.28         -1.2         0.91   (15-84 p)   [-10051.0833,  9968.7000]

----- dataset: BISdata_harps             ----- model: gp_multidimensional           
rot_amp         23           0.2         -2.8          2.8   (15-84 p)   [  -10.0000,    10.0000]
con_amp         24          -2.8         -1.9          1.2   (15-84 p)   [  -20.0000,    20.0000]

----- dataset:  BISdata_neid
jitter_0        25          0.99        -0.17         0.17   (15-84 p)   [    0.0095,    95.0000]
offset_0        26        -47.05        -0.25         0.39   (15-84 p)   [-10050.7500,  9957.0667]

----- dataset: BISdata_neid              ----- model: gp_multidimensional           
rot_amp         27           0.8         -1.9          2.2   (15-84 p)   [  -10.0000,    10.0000]
con_amp         28          0.51        -0.62         0.71   (15-84 p)   [  -20.0000,    20.0000]

----- dataset:  FWHMdata_expres
jitter_0        29          0.59        -0.39         0.67   (15-84 p)   [    0.0500,   500.0000]
offset_0        30        6773.3         -3.9          2.7   (15-84 p)   [-3231.9764, 16790.2395]

----- dataset: FWHMdata_expres           ----- model: gp_multidimensional           
rot_amp         31           7.6         -3.3          1.7   (15-84 p)   [  -10.0000,    10.0000]
con_amp         32          -9.6         -5.3          3.5   (15-84 p)   [  -20.0000,    20.0000]

----- dataset:  FWHMdata_harps
jitter_0        33          0.56        -0.36         0.51   (15-84 p)   [    0.0500,   500.0000]
offset_0        34        6916.4         -1.7          1.1   (15-84 p)   [-3089.7591, 17176.3834]
offset_1        35        7170.1         -2.2          1.6   (15-84 p)   [-3089.7591, 17176.3834]

----- dataset: FWHMdata_harps            ----- model: gp_multidimensional           
rot_amp         36           4.8         -4.9          3.5   (15-84 p)   [  -10.0000,    10.0000]
con_amp         37          -2.9         -3.0          2.2   (15-84 p)   [  -20.0000,    20.0000]

----- dataset:  FWHMdata_neid
jitter_0        38          0.54        -0.33         0.51   (15-84 p)   [    0.0500,   500.0000]
offset_0        39       6957.21        -0.97         0.96   (15-84 p)   [-3048.6741, 16964.4171]

----- dataset: FWHMdata_neid             ----- model: gp_multidimensional           
rot_amp         40           1.4         -5.6          5.1   (15-84 p)   [  -10.0000,    10.0000]
con_amp         41           0.0         -2.2          2.3   (15-84 p)   [  -20.0000,    20.0000]

----- dataset:  Contrastdata_expres
jitter_0        42           131          -20           21   (15-84 p)   [    1.3000, 13000.0000]
offset_0        43       -349529          -20           21   (15-84 p)   [-359904.6550, -339010.7170]

----- dataset: Contrastdata_expres       ----- model: gp_multidimensional           
rot_amp         44           7.6         -3.9          1.6   (15-84 p)   [  -10.0000,    10.0000]
con_amp         45         -17.2         -1.9          4.3   (15-84 p)   [  -20.0000,    20.0000]

----- dataset:  Contrastdata_harps
jitter_0        46           126          -22           22   (15-84 p)   [    1.3000, 13000.0000]
offset_0        47       -453761          -23           24   (15-84 p)   [-464191.7012, -409470.7990]
offset_1        48       -419740          -41           40   (15-84 p)   [-464191.7012, -409470.7990]

----- dataset: Contrastdata_harps        ----- model: gp_multidimensional           
rot_amp         49           0.0         -7.2          7.1   (15-84 p)   [  -10.0000,    10.0000]
con_amp         50          18.3         -2.3          1.2   (15-84 p)   [  -20.0000,    20.0000]

----- dataset:  Contrastdata_neid
jitter_0        51            24          -16           23   (15-84 p)   [    1.3000, 13000.0000]
offset_0        52       -359623          -17           18   (15-84 p)   [-369916.7183, -349338.4961]

----- dataset: Contrastdata_neid         ----- model: gp_multidimensional           
rot_amp         53           0.3         -7.2          6.8   (15-84 p)   [  -10.0000,    10.0000]
con_amp         54             1          -15           13   (15-84 p)   [  -20.0000,    20.0000]

----- dataset:  Halphadata_expres
jitter_0        55      0.000091    -0.000057     0.000088   (15-84 p)   [    0.0000,     0.1000]
offset_0        56       0.17214     -0.00018      0.00026   (15-84 p)   [-9999.8288, 10000.1731]

----- dataset: Halphadata_expres         ----- model: gp_multidimensional           
rot_amp         57        0.0008      -0.0010       0.0012   (15-84 p)   [  -10.0000,    10.0000]
con_amp         58       0.00038     -0.00040      0.00050   (15-84 p)   [  -20.0000,    20.0000]

----- dataset:  Halphadata_harps
jitter_0        59       0.00079     -0.00018      0.00017   (15-84 p)   [    0.0000,     0.1000]
offset_0        60       0.17500     -0.00034      0.00026   (15-84 p)   [-9999.8280, 10000.1797]
offset_1        61       0.17381     -0.00046      0.00038   (15-84 p)   [-9999.8280, 10000.1797]

----- dataset: Halphadata_harps          ----- model: gp_multidimensional           
rot_amp         62       -0.0014      -0.0022       0.0017   (15-84 p)   [  -10.0000,    10.0000]
con_amp         63      -0.00045     -0.00062      0.00054   (15-84 p)   [  -20.0000,    20.0000]

----- dataset:  Halphadata_neid
jitter_0        64      0.000095    -0.000061     0.000085   (15-84 p)   [    0.0000,     0.1000]
offset_0        65       0.17105     -0.00025      0.00018   (15-84 p)   [-9999.8297, 10000.1722]

----- dataset: Halphadata_neid           ----- model: gp_multidimensional           
rot_amp         66        0.0007      -0.0012       0.0013   (15-84 p)   [  -10.0000,    10.0000]
con_amp         67      -0.00029     -0.00054      0.00045   (15-84 p)   [  -20.0000,    20.0000]

----- dataset:  CaIIdata_expres
jitter_0        68       0.00129     -0.00071      0.00061   (15-84 p)   [    0.0000,     0.3000]
offset_0        69       0.10044     -0.00055      0.00072   (15-84 p)   [-9999.9090, 10000.1096]

----- dataset: CaIIdata_expres           ----- model: gp_multidimensional           
rot_amp         70       -0.0026      -0.0044       0.0034   (15-84 p)   [  -10.0000,    10.0000]
con_amp         71        0.0006      -0.0013       0.0014   (15-84 p)   [  -20.0000,    20.0000]

----- dataset:  CaIIdata_harps
jitter_0        72       0.00042     -0.00026      0.00040   (15-84 p)   [    0.0000,     0.3000]
offset_0        73       0.10496     -0.00059      0.00063   (15-84 p)   [-9999.9026, 10000.1079]
offset_1        74       0.10426     -0.00091      0.00095   (15-84 p)   [-9999.9026, 10000.1079]

----- dataset: CaIIdata_harps            ----- model: gp_multidimensional           
rot_amp         75       -0.0005      -0.0036       0.0035   (15-84 p)   [  -10.0000,    10.0000]
con_amp         76        0.0004      -0.0013       0.0013   (15-84 p)   [  -20.0000,    20.0000]

----- dataset:  CaIIdata_neid
jitter_0        77       0.00031     -0.00020      0.00030   (15-84 p)   [    0.0000,     0.3000]
offset_0        78       0.09947     -0.00058      0.00062   (15-84 p)   [-9999.9012, 10000.1000]

----- dataset: CaIIdata_neid             ----- model: gp_multidimensional           
rot_amp         79        0.0016      -0.0035       0.0037   (15-84 p)   [  -10.0000,    10.0000]
con_amp         80        0.0002      -0.0014       0.0014   (15-84 p)   [  -20.0000,    20.0000]

----- common model:  activity
Prot             0         28.18        -0.54         0.53   (15-84 p)   [   20.0000,    35.0000]
Pdec             1          40.7         -7.4           20   (15-84 p)   [   30.0000,  1000.0000]
Oamp             2         -1.38        -0.15         0.13   (15-84 p)   [   -6.6439,     0.0000]

----- common model:  star_parameters

====================================================================================================
     Statistics on the model parameters obtained from the posteriors samples     
====================================================================================================

----- dataset:  RVdata_expres
jitter_0                  1.55        -0.14         0.15    (15-84 p)
offset_0                  8.05         -1.2         0.70    (15-84 p)


----- dataset: RVdata_expres             ----- model: gp_multidimensional           
rot_amp                  0.118       -0.082         0.20    (15-84 p)
con_amp                   -2.6         -1.7          1.1    (15-84 p)

----- dataset:  RVdata_harps
jitter_0                  1.39        -0.11         0.14    (15-84 p)
offset_0                   7.9         -1.8          1.3    (15-84 p)
offset_1                   9.0         -1.8          1.3    (15-84 p)


----- dataset: RVdata_harps              ----- model: gp_multidimensional           
rot_amp                    2.6         -1.8          2.7    (15-84 p)
con_amp                   -4.7         -2.4          1.5    (15-84 p)

----- dataset:  RVdata_neid
jitter_0                  1.09        -0.10         0.12    (15-84 p)
offset_0                   8.2         -1.8          1.3    (15-84 p)


----- dataset: RVdata_neid               ----- model: gp_multidimensional           
rot_amp                   0.19        -0.12         0.23    (15-84 p)
con_amp                   -4.7         -2.4          1.6    (15-84 p)

----- dataset:  BISdata_expres
jitter_0                  2.23        -0.21         0.24    (15-84 p)
offset_0                -54.13        -0.71          1.1    (15-84 p)


----- dataset: BISdata_expres            ----- model: gp_multidimensional           
rot_amp                   -0.4         -5.1          4.4    (15-84 p)
con_amp                    2.5         -1.2          1.8    (15-84 p)

----- dataset:  BISdata_harps
jitter_0                  1.87        -0.18         0.20    (15-84 p)
offset_0                -46.49         -1.2         0.78    (15-84 p)
offset_1                -37.28         -1.2         0.91    (15-84 p)


----- dataset: BISdata_harps             ----- model: gp_multidimensional           
rot_amp                    0.2         -2.8          2.8    (15-84 p)
con_amp                   -2.8         -1.9          1.2    (15-84 p)

----- dataset:  BISdata_neid
jitter_0                  0.99        -0.17         0.17    (15-84 p)
offset_0                -47.05        -0.25         0.39    (15-84 p)


----- dataset: BISdata_neid              ----- model: gp_multidimensional           
rot_amp                    0.8         -1.9          2.2    (15-84 p)
con_amp                   0.51        -0.62         0.71    (15-84 p)

----- dataset:  FWHMdata_expres
jitter_0                  0.59        -0.39         0.67    (15-84 p)
offset_0                6773.3         -3.9          2.7    (15-84 p)


----- dataset: FWHMdata_expres           ----- model: gp_multidimensional           
rot_amp                    7.6         -3.3          1.7    (15-84 p)
con_amp                   -9.6         -5.3          3.5    (15-84 p)

----- dataset:  FWHMdata_harps
jitter_0                  0.56        -0.36         0.51    (15-84 p)
offset_0                6916.4         -1.7          1.1    (15-84 p)
offset_1                7170.1         -2.2          1.6    (15-84 p)


----- dataset: FWHMdata_harps            ----- model: gp_multidimensional           
rot_amp                    4.8         -4.9          3.5    (15-84 p)
con_amp                   -2.9         -3.0          2.2    (15-84 p)

----- dataset:  FWHMdata_neid
jitter_0                  0.54        -0.33         0.51    (15-84 p)
offset_0               6957.21        -0.97         0.96    (15-84 p)


----- dataset: FWHMdata_neid             ----- model: gp_multidimensional           
rot_amp                    1.4         -5.6          5.1    (15-84 p)
con_amp                    0.0         -2.2          2.3    (15-84 p)

----- dataset:  Contrastdata_expres
jitter_0                   131          -20           21    (15-84 p)
offset_0               -349529          -20           21    (15-84 p)


----- dataset: Contrastdata_expres       ----- model: gp_multidimensional           
rot_amp                    7.6         -3.9          1.6    (15-84 p)
con_amp                  -17.2         -1.9          4.3    (15-84 p)

----- dataset:  Contrastdata_harps
jitter_0                   126          -22           22    (15-84 p)
offset_0               -453761          -23           24    (15-84 p)
offset_1               -419740          -41           40    (15-84 p)


----- dataset: Contrastdata_harps        ----- model: gp_multidimensional           
rot_amp                    0.0         -7.2          7.1    (15-84 p)
con_amp                   18.3         -2.3          1.2    (15-84 p)

----- dataset:  Contrastdata_neid
jitter_0                    24          -16           23    (15-84 p)
offset_0               -359623          -17           18    (15-84 p)


----- dataset: Contrastdata_neid         ----- model: gp_multidimensional           
rot_amp                    0.3         -7.2          6.8    (15-84 p)
con_amp                      1          -15           13    (15-84 p)

----- dataset:  Halphadata_expres
jitter_0              0.000091    -0.000057     0.000088    (15-84 p)
offset_0               0.17214     -0.00018      0.00026    (15-84 p)


----- dataset: Halphadata_expres         ----- model: gp_multidimensional           
rot_amp                 0.0008      -0.0010       0.0012    (15-84 p)
con_amp                0.00038     -0.00040      0.00050    (15-84 p)

----- dataset:  Halphadata_harps
jitter_0               0.00079     -0.00018      0.00017    (15-84 p)
offset_0               0.17500     -0.00034      0.00026    (15-84 p)
offset_1               0.17381     -0.00046      0.00038    (15-84 p)


----- dataset: Halphadata_harps          ----- model: gp_multidimensional           
rot_amp                -0.0014      -0.0022       0.0017    (15-84 p)
con_amp               -0.00045     -0.00062      0.00054    (15-84 p)

----- dataset:  Halphadata_neid
jitter_0              0.000095    -0.000061     0.000085    (15-84 p)
offset_0               0.17105     -0.00025      0.00018    (15-84 p)


----- dataset: Halphadata_neid           ----- model: gp_multidimensional           
rot_amp                 0.0007      -0.0012       0.0013    (15-84 p)
con_amp               -0.00029     -0.00054      0.00045    (15-84 p)

----- dataset:  CaIIdata_expres
jitter_0               0.00129     -0.00071      0.00061    (15-84 p)
offset_0               0.10044     -0.00055      0.00072    (15-84 p)


----- dataset: CaIIdata_expres           ----- model: gp_multidimensional           
rot_amp                -0.0026      -0.0044       0.0034    (15-84 p)
con_amp                 0.0006      -0.0013       0.0014    (15-84 p)

----- dataset:  CaIIdata_harps
jitter_0               0.00042     -0.00026      0.00040    (15-84 p)
offset_0               0.10496     -0.00059      0.00063    (15-84 p)
offset_1               0.10426     -0.00091      0.00095    (15-84 p)


----- dataset: CaIIdata_harps            ----- model: gp_multidimensional           
rot_amp                -0.0005      -0.0036       0.0035    (15-84 p)
con_amp                 0.0004      -0.0013       0.0013    (15-84 p)

----- dataset:  CaIIdata_neid
jitter_0               0.00031     -0.00020      0.00030    (15-84 p)
offset_0               0.09947     -0.00058      0.00062    (15-84 p)


----- dataset: CaIIdata_neid             ----- model: gp_multidimensional           
rot_amp                 0.0016      -0.0035       0.0037    (15-84 p)
con_amp                 0.0002      -0.0014       0.0014    (15-84 p)

----- common model:  activity
Prot                     28.18        -0.54         0.53    (15-84 p)
Pdec                      40.7         -7.4           20    (15-84 p)
Oamp                     0.385       -0.039        0.037    (15-84 p)

----- common model:  star_parameters

====================================================================================================
     Statistics on the derived parameters obtained from the posteriors samples     
====================================================================================================


====================================================================================================
     ------------------------------------------------------------------------------------------     
====================================================================================================



30000.0   steps completed, average lnprob:,  -1272.2366675198862


Computing the autocorrelation time of the chains

***** WARNING ******
The integrated autocorrelation time cannot be reliably estimated
likely the chains are too short, and ACF analysis is not fully reliable
emcee.autocorr.integrated_time tolerance lowered to 20
If you still get a warning, you should drop these results entirely
Chains too short to apply convergence criteria
They should be at least 2050*nthin = 307500

====================================================================================================
     Statistics on the posterior of the sampler parameters     
====================================================================================================

----- dataset:  RVdata_expres
jitter_0         3          1.54        -0.13         0.14   (15-84 p)   [    0.0010,    11.5000]
offset_0         4           7.6         -1.8          1.0   (15-84 p)   [-9995.9050, 10012.5570]

----- dataset: RVdata_expres             ----- model: gp_multidimensional           
rot_amp          5          0.24        -0.18         0.53   (15-84 p)   [    0.0000,    10.0000]
con_amp          6          -3.9         -3.3          2.0   (15-84 p)   [  -20.0000,    20.0000]

----- dataset:  RVdata_harps
jitter_0         7          1.39        -0.11         0.14   (15-84 p)   [    0.0009,    12.2000]
offset_0         8           7.3         -2.6          1.7   (15-84 p)   [-9994.3035, 10013.7475]
offset_1         9           8.3         -2.6          1.8   (15-84 p)   [-9994.3035, 10013.7475]

----- dataset: RVdata_harps              ----- model: gp_multidimensional           
rot_amp         10           3.4         -2.4          3.5   (15-84 p)   [    0.0000,    10.0000]
con_amp         11          -6.8         -4.1          3.1   (15-84 p)   [  -20.0000,    20.0000]

----- dataset:  RVdata_neid
jitter_0        12          1.08        -0.10         0.12   (15-84 p)   [    0.0010,    12.2000]
offset_0        13           7.5         -2.7          1.8   (15-84 p)   [-9993.3866, 10013.1434]

----- dataset: RVdata_neid               ----- model: gp_multidimensional           
rot_amp         14          0.31        -0.21         0.53   (15-84 p)   [    0.0000,    10.0000]
con_amp         15          -6.9         -4.3          3.1   (15-84 p)   [  -20.0000,    20.0000]

----- dataset:  BISdata_expres
jitter_0        16          2.25        -0.21         0.23   (15-84 p)   [    0.0095,    95.0000]
offset_0        17        -53.87        -0.90          1.7   (15-84 p)   [-10062.0333,  9950.6000]

----- dataset: BISdata_expres            ----- model: gp_multidimensional           
rot_amp         18           0.7         -5.9          5.5   (15-84 p)   [  -10.0000,    10.0000]
con_amp         19           3.4         -1.9          3.3   (15-84 p)   [  -20.0000,    20.0000]

----- dataset:  BISdata_harps
jitter_0        20          1.85        -0.18         0.20   (15-84 p)   [    0.0095,    95.0000]
offset_0        21         -47.0         -1.9          1.1   (15-84 p)   [-10051.0833,  9968.7000]
offset_1        22         -37.8         -1.9          1.2   (15-84 p)   [-10051.0833,  9968.7000]

----- dataset: BISdata_harps             ----- model: gp_multidimensional           
rot_amp         23           0.4         -3.7          3.7   (15-84 p)   [  -10.0000,    10.0000]
con_amp         24          -4.3         -3.7          2.2   (15-84 p)   [  -20.0000,    20.0000]

----- dataset:  BISdata_neid
jitter_0        25          0.99        -0.16         0.17   (15-84 p)   [    0.0095,    95.0000]
offset_0        26        -46.97        -0.31         0.59   (15-84 p)   [-10050.7500,  9957.0667]

----- dataset: BISdata_neid              ----- model: gp_multidimensional           
rot_amp         27           0.9         -2.5          3.0   (15-84 p)   [  -10.0000,    10.0000]
con_amp         28          0.73        -0.82          1.2   (15-84 p)   [  -20.0000,    20.0000]

----- dataset:  FWHMdata_expres
jitter_0        29          0.66        -0.43         0.71   (15-84 p)   [    0.0500,   500.0000]
offset_0        30        6772.5         -4.5          3.1   (15-84 p)   [-3231.9764, 16790.2395]

----- dataset: FWHMdata_expres           ----- model: gp_multidimensional           
rot_amp         31           7.3         -4.0          2.0   (15-84 p)   [  -10.0000,    10.0000]
con_amp         32         -12.6         -5.7          5.3   (15-84 p)   [  -20.0000,    20.0000]

----- dataset:  FWHMdata_harps
jitter_0        33          0.56        -0.36         0.52   (15-84 p)   [    0.0500,   500.0000]
offset_0        34        6916.2         -2.4          1.3   (15-84 p)   [-3089.7591, 17176.3834]
offset_1        35        7169.7         -2.8          1.9   (15-84 p)   [-3089.7591, 17176.3834]

----- dataset: FWHMdata_harps            ----- model: gp_multidimensional           
rot_amp         36           3.7         -6.7          4.3   (15-84 p)   [  -10.0000,    10.0000]
con_amp         37          -3.9         -4.8          2.9   (15-84 p)   [  -20.0000,    20.0000]

----- dataset:  FWHMdata_neid
jitter_0        38          0.56        -0.35         0.54   (15-84 p)   [    0.0500,   500.0000]
offset_0        39        6957.3         -1.1          1.2   (15-84 p)   [-3048.6741, 16964.4171]

----- dataset: FWHMdata_neid             ----- model: gp_multidimensional           
rot_amp         40           1.6         -6.3          5.5   (15-84 p)   [  -10.0000,    10.0000]
con_amp         41           0.4         -2.8          3.7   (15-84 p)   [  -20.0000,    20.0000]

----- dataset:  Contrastdata_expres
jitter_0        42           131          -19           21   (15-84 p)   [    1.3000, 13000.0000]
offset_0        43       -349530          -20           21   (15-84 p)   [-359904.6550, -339010.7170]

----- dataset: Contrastdata_expres       ----- model: gp_multidimensional           
rot_amp         44           5.6         -9.3          3.2   (15-84 p)   [  -10.0000,    10.0000]
con_amp         45         -14.8         -3.8          9.8   (15-84 p)   [  -20.0000,    20.0000]

----- dataset:  Contrastdata_harps
jitter_0        46           126          -21           21   (15-84 p)   [    1.3000, 13000.0000]
offset_0        47       -453763          -24           23   (15-84 p)   [-464191.7012, -409470.7990]
offset_1        48       -419740          -41           41   (15-84 p)   [-464191.7012, -409470.7990]

----- dataset: Contrastdata_harps        ----- model: gp_multidimensional           
rot_amp         49          -0.5         -6.9          7.4   (15-84 p)   [  -10.0000,    10.0000]
con_amp         50          17.1         -5.8          2.1   (15-84 p)   [  -20.0000,    20.0000]

----- dataset:  Contrastdata_neid
jitter_0        51            24          -16           23   (15-84 p)   [    1.3000, 13000.0000]
offset_0        52       -359622          -17           18   (15-84 p)   [-369916.7183, -349338.4961]

----- dataset: Contrastdata_neid         ----- model: gp_multidimensional           
rot_amp         53           0.1         -7.0          7.0   (15-84 p)   [  -10.0000,    10.0000]
con_amp         54             1          -14           14   (15-84 p)   [  -20.0000,    20.0000]

----- dataset:  Halphadata_expres
jitter_0        55      0.000097    -0.000062     0.000091   (15-84 p)   [    0.0000,     0.1000]
offset_0        56       0.17219     -0.00021      0.00039   (15-84 p)   [-9999.8288, 10000.1731]

----- dataset: Halphadata_expres         ----- model: gp_multidimensional           
rot_amp         57        0.0010      -0.0013       0.0019   (15-84 p)   [  -10.0000,    10.0000]
con_amp         58       0.00054     -0.00054      0.00079   (15-84 p)   [  -20.0000,    20.0000]

----- dataset:  Halphadata_harps
jitter_0        59       0.00080     -0.00017      0.00017   (15-84 p)   [    0.0000,     0.1000]
offset_0        60       0.17492     -0.00052      0.00030   (15-84 p)   [-9999.8280, 10000.1797]
offset_1        61       0.17370     -0.00059      0.00043   (15-84 p)   [-9999.8280, 10000.1797]

----- dataset: Halphadata_harps          ----- model: gp_multidimensional           
rot_amp         62       -0.0018      -0.0032       0.0022   (15-84 p)   [  -10.0000,    10.0000]
con_amp         63      -0.00072      -0.0012      0.00071   (15-84 p)   [  -20.0000,    20.0000]

----- dataset:  Halphadata_neid
jitter_0        64      0.000100    -0.000065     0.000096   (15-84 p)   [    0.0000,     0.1000]
offset_0        65       0.17103     -0.00034      0.00021   (15-84 p)   [-9999.8297, 10000.1722]

----- dataset: Halphadata_neid           ----- model: gp_multidimensional           
rot_amp         66        0.0008      -0.0016       0.0018   (15-84 p)   [  -10.0000,    10.0000]
con_amp         67      -0.00038     -0.00073      0.00059   (15-84 p)   [  -20.0000,    20.0000]

----- dataset:  CaIIdata_expres
jitter_0        68       0.00129     -0.00069      0.00060   (15-84 p)   [    0.0000,     0.3000]
offset_0        69       0.10049     -0.00067      0.00089   (15-84 p)   [-9999.9090, 10000.1096]

----- dataset: CaIIdata_expres           ----- model: gp_multidimensional           
rot_amp         70       -0.0038      -0.0073       0.0048   (15-84 p)   [  -10.0000,    10.0000]
con_amp         71        0.0008      -0.0018       0.0021   (15-84 p)   [  -20.0000,    20.0000]

----- dataset:  CaIIdata_harps
jitter_0        72       0.00041     -0.00026      0.00040   (15-84 p)   [    0.0000,     0.3000]
offset_0        73       0.10504     -0.00067      0.00086   (15-84 p)   [-9999.9026, 10000.1079]
offset_1        74        0.1044      -0.0010       0.0011   (15-84 p)   [-9999.9026, 10000.1079]

----- dataset: CaIIdata_harps            ----- model: gp_multidimensional           
rot_amp         75       -0.0010      -0.0053       0.0048   (15-84 p)   [  -10.0000,    10.0000]
con_amp         76        0.0006      -0.0017       0.0020   (15-84 p)   [  -20.0000,    20.0000]

----- dataset:  CaIIdata_neid
jitter_0        77       0.00030     -0.00019      0.00030   (15-84 p)   [    0.0000,     0.3000]
offset_0        78       0.09948     -0.00071      0.00075   (15-84 p)   [-9999.9012, 10000.1000]

----- dataset: CaIIdata_neid             ----- model: gp_multidimensional           
rot_amp         79        0.0014      -0.0050       0.0050   (15-84 p)   [  -10.0000,    10.0000]
con_amp         80        0.0002      -0.0019       0.0020   (15-84 p)   [  -20.0000,    20.0000]

----- common model:  activity
Prot             0         28.17        -0.49         0.51   (15-84 p)   [   20.0000,    35.0000]
Pdec             1            66          -30           51   (15-84 p)   [   30.0000,  1000.0000]
Oamp             2         -1.36        -0.15         0.13   (15-84 p)   [   -6.6439,     0.0000]

----- common model:  star_parameters

====================================================================================================
     Statistics on the model parameters obtained from the posteriors samples     
====================================================================================================

----- dataset:  RVdata_expres
jitter_0                  1.54        -0.13         0.14    (15-84 p)
offset_0                   7.6         -1.8          1.0    (15-84 p)


----- dataset: RVdata_expres             ----- model: gp_multidimensional           
rot_amp                   0.24        -0.18         0.53    (15-84 p)
con_amp                   -3.9         -3.3          2.0    (15-84 p)

----- dataset:  RVdata_harps
jitter_0                  1.39        -0.11         0.14    (15-84 p)
offset_0                   7.3         -2.6          1.7    (15-84 p)
offset_1                   8.3         -2.6          1.8    (15-84 p)


----- dataset: RVdata_harps              ----- model: gp_multidimensional           
rot_amp                    3.4         -2.4          3.5    (15-84 p)
con_amp                   -6.8         -4.1          3.1    (15-84 p)

----- dataset:  RVdata_neid
jitter_0                  1.08        -0.10         0.12    (15-84 p)
offset_0                   7.5         -2.7          1.8    (15-84 p)


----- dataset: RVdata_neid               ----- model: gp_multidimensional           
rot_amp                   0.31        -0.21         0.53    (15-84 p)
con_amp                   -6.9         -4.3          3.1    (15-84 p)

----- dataset:  BISdata_expres
jitter_0                  2.25        -0.21         0.23    (15-84 p)
offset_0                -53.87        -0.90          1.7    (15-84 p)


----- dataset: BISdata_expres            ----- model: gp_multidimensional           
rot_amp                    0.7         -5.9          5.5    (15-84 p)
con_amp                    3.4         -1.9          3.3    (15-84 p)

----- dataset:  BISdata_harps
jitter_0                  1.85        -0.18         0.20    (15-84 p)
offset_0                 -47.0         -1.9          1.1    (15-84 p)
offset_1                 -37.8         -1.9          1.2    (15-84 p)


----- dataset: BISdata_harps             ----- model: gp_multidimensional           
rot_amp                    0.4         -3.7          3.7    (15-84 p)
con_amp                   -4.3         -3.7          2.2    (15-84 p)

----- dataset:  BISdata_neid
jitter_0                  0.99        -0.16         0.17    (15-84 p)
offset_0                -46.97        -0.31         0.59    (15-84 p)


----- dataset: BISdata_neid              ----- model: gp_multidimensional           
rot_amp                    0.9         -2.5          3.0    (15-84 p)
con_amp                   0.73        -0.82          1.2    (15-84 p)

----- dataset:  FWHMdata_expres
jitter_0                  0.66        -0.43         0.71    (15-84 p)
offset_0                6772.5         -4.5          3.1    (15-84 p)


----- dataset: FWHMdata_expres           ----- model: gp_multidimensional           
rot_amp                    7.3         -4.0          2.0    (15-84 p)
con_amp                  -12.6         -5.7          5.3    (15-84 p)

----- dataset:  FWHMdata_harps
jitter_0                  0.56        -0.36         0.52    (15-84 p)
offset_0                6916.2         -2.4          1.3    (15-84 p)
offset_1                7169.7         -2.8          1.9    (15-84 p)


----- dataset: FWHMdata_harps            ----- model: gp_multidimensional           
rot_amp                    3.7         -6.7          4.3    (15-84 p)
con_amp                   -3.9         -4.8          2.9    (15-84 p)

----- dataset:  FWHMdata_neid
jitter_0                  0.56        -0.35         0.54    (15-84 p)
offset_0                6957.3         -1.1          1.2    (15-84 p)


----- dataset: FWHMdata_neid             ----- model: gp_multidimensional           
rot_amp                    1.6         -6.3          5.5    (15-84 p)
con_amp                    0.4         -2.8          3.7    (15-84 p)

----- dataset:  Contrastdata_expres
jitter_0                   131          -19           21    (15-84 p)
offset_0               -349530          -20           21    (15-84 p)


----- dataset: Contrastdata_expres       ----- model: gp_multidimensional           
rot_amp                    5.6         -9.3          3.2    (15-84 p)
con_amp                  -14.8         -3.8          9.8    (15-84 p)

----- dataset:  Contrastdata_harps
jitter_0                   126          -21           21    (15-84 p)
offset_0               -453763          -24           23    (15-84 p)
offset_1               -419740          -41           41    (15-84 p)


----- dataset: Contrastdata_harps        ----- model: gp_multidimensional           
rot_amp                   -0.5         -6.9          7.4    (15-84 p)
con_amp                   17.1         -5.8          2.1    (15-84 p)

----- dataset:  Contrastdata_neid
jitter_0                    24          -16           23    (15-84 p)
offset_0               -359622          -17           18    (15-84 p)


----- dataset: Contrastdata_neid         ----- model: gp_multidimensional           
rot_amp                    0.1         -7.0          7.0    (15-84 p)
con_amp                      1          -14           14    (15-84 p)

----- dataset:  Halphadata_expres
jitter_0              0.000097    -0.000062     0.000091    (15-84 p)
offset_0               0.17219     -0.00021      0.00039    (15-84 p)


----- dataset: Halphadata_expres         ----- model: gp_multidimensional           
rot_amp                 0.0010      -0.0013       0.0019    (15-84 p)
con_amp                0.00054     -0.00054      0.00079    (15-84 p)

----- dataset:  Halphadata_harps
jitter_0               0.00080     -0.00017      0.00017    (15-84 p)
offset_0               0.17492     -0.00052      0.00030    (15-84 p)
offset_1               0.17370     -0.00059      0.00043    (15-84 p)


----- dataset: Halphadata_harps          ----- model: gp_multidimensional           
rot_amp                -0.0018      -0.0032       0.0022    (15-84 p)
con_amp               -0.00072      -0.0012      0.00071    (15-84 p)

----- dataset:  Halphadata_neid
jitter_0              0.000100    -0.000065     0.000096    (15-84 p)
offset_0               0.17103     -0.00034      0.00021    (15-84 p)


----- dataset: Halphadata_neid           ----- model: gp_multidimensional           
rot_amp                 0.0008      -0.0016       0.0018    (15-84 p)
con_amp               -0.00038     -0.00073      0.00059    (15-84 p)

----- dataset:  CaIIdata_expres
jitter_0               0.00129     -0.00069      0.00060    (15-84 p)
offset_0               0.10049     -0.00067      0.00089    (15-84 p)


----- dataset: CaIIdata_expres           ----- model: gp_multidimensional           
rot_amp                -0.0038      -0.0073       0.0048    (15-84 p)
con_amp                 0.0008      -0.0018       0.0021    (15-84 p)

----- dataset:  CaIIdata_harps
jitter_0               0.00041     -0.00026      0.00040    (15-84 p)
offset_0               0.10504     -0.00067      0.00086    (15-84 p)
offset_1                0.1044      -0.0010       0.0011    (15-84 p)


----- dataset: CaIIdata_harps            ----- model: gp_multidimensional           
rot_amp                -0.0010      -0.0053       0.0048    (15-84 p)
con_amp                 0.0006      -0.0017       0.0020    (15-84 p)

----- dataset:  CaIIdata_neid
jitter_0               0.00030     -0.00019      0.00030    (15-84 p)
offset_0               0.09948     -0.00071      0.00075    (15-84 p)


----- dataset: CaIIdata_neid             ----- model: gp_multidimensional           
rot_amp                 0.0014      -0.0050       0.0050    (15-84 p)
con_amp                 0.0002      -0.0019       0.0020    (15-84 p)

----- common model:  activity
Prot                     28.17        -0.49         0.51    (15-84 p)
Pdec                        66          -30           51    (15-84 p)
Oamp                     0.390       -0.038        0.036    (15-84 p)

----- common model:  star_parameters

====================================================================================================
     Statistics on the derived parameters obtained from the posteriors samples     
====================================================================================================


====================================================================================================
     ------------------------------------------------------------------------------------------     
====================================================================================================



45000.0   steps completed, average lnprob:,  -1277.031137567697


Computing the autocorrelation time of the chains

***** WARNING ******
The integrated autocorrelation time cannot be reliably estimated
likely the chains are too short, and ACF analysis is not fully reliable
emcee.autocorr.integrated_time tolerance lowered to 20
If you still get a warning, you should drop these results entirely
Chains too short to apply convergence criteria
They should be at least 2750*nthin = 412500

====================================================================================================
     Statistics on the posterior of the sampler parameters     
====================================================================================================

----- dataset:  RVdata_expres
jitter_0         3          1.53        -0.13         0.14   (15-84 p)   [    0.0010,    11.5000]
offset_0         4           7.3         -2.2          1.3   (15-84 p)   [-9995.9050, 10012.5570]

----- dataset: RVdata_expres             ----- model: gp_multidimensional           
rot_amp          5          0.35        -0.28         0.87   (15-84 p)   [    0.0000,    10.0000]
con_amp          6          -5.2         -4.4          2.9   (15-84 p)   [  -20.0000,    20.0000]

----- dataset:  RVdata_harps
jitter_0         7          1.40        -0.11         0.13   (15-84 p)   [    0.0009,    12.2000]
offset_0         8           6.7         -3.1          2.2   (15-84 p)   [-9994.3035, 10013.7475]
offset_1         9           7.7         -3.1          2.3   (15-84 p)   [-9994.3035, 10013.7475]

----- dataset: RVdata_harps              ----- model: gp_multidimensional           
rot_amp         10           4.0         -2.7          3.7   (15-84 p)   [    0.0000,    10.0000]
con_amp         11          -8.7         -5.2          4.3   (15-84 p)   [  -20.0000,    20.0000]

----- dataset:  RVdata_neid
jitter_0        12         1.075       -0.099         0.12   (15-84 p)   [    0.0010,    12.2000]
offset_0        13           6.9         -3.2          2.3   (15-84 p)   [-9993.3866, 10013.1434]

----- dataset: RVdata_neid               ----- model: gp_multidimensional           
rot_amp         14          0.45        -0.33         0.89   (15-84 p)   [    0.0000,    10.0000]
con_amp         15          -9.1         -5.6          4.7   (15-84 p)   [  -20.0000,    20.0000]

----- dataset:  BISdata_expres
jitter_0        16          2.25        -0.21         0.23   (15-84 p)   [    0.0095,    95.0000]
offset_0        17         -53.6         -1.1          2.1   (15-84 p)   [-10062.0333,  9950.6000]

----- dataset: BISdata_expres            ----- model: gp_multidimensional           
rot_amp         18           1.2         -6.3          5.6   (15-84 p)   [  -10.0000,    10.0000]
con_amp         19           4.2         -2.5          4.2   (15-84 p)   [  -20.0000,    20.0000]

----- dataset:  BISdata_harps
jitter_0        20          1.85        -0.18         0.19   (15-84 p)   [    0.0095,    95.0000]
offset_0        21         -47.4         -2.3          1.5   (15-84 p)   [-10051.0833,  9968.7000]
offset_1        22         -38.2         -2.3          1.5   (15-84 p)   [-10051.0833,  9968.7000]

----- dataset: BISdata_harps             ----- model: gp_multidimensional           
rot_amp         23           0.4         -4.3          4.3   (15-84 p)   [  -10.0000,    10.0000]
con_amp         24          -5.8         -4.3          3.2   (15-84 p)   [  -20.0000,    20.0000]

----- dataset:  BISdata_neid
jitter_0        25          0.99        -0.16         0.17   (15-84 p)   [    0.0095,    95.0000]
offset_0        26        -46.91        -0.35         0.77   (15-84 p)   [-10050.7500,  9957.0667]

----- dataset: BISdata_neid              ----- model: gp_multidimensional           
rot_amp         27           0.9         -3.1          3.4   (15-84 p)   [  -10.0000,    10.0000]
con_amp         28           0.9         -1.0          1.6   (15-84 p)   [  -20.0000,    20.0000]

----- dataset:  FWHMdata_expres
jitter_0        29          0.69        -0.45         0.72   (15-84 p)   [    0.0500,   500.0000]
offset_0        30        6772.2         -4.6          3.4   (15-84 p)   [-3231.9764, 16790.2395]

----- dataset: FWHMdata_expres           ----- model: gp_multidimensional           
rot_amp         31           7.0         -4.6          2.2   (15-84 p)   [  -10.0000,    10.0000]
con_amp         32         -14.3         -4.4          6.2   (15-84 p)   [  -20.0000,    20.0000]

----- dataset:  FWHMdata_harps
jitter_0        33          0.56        -0.36         0.52   (15-84 p)   [    0.0500,   500.0000]
offset_0        34        6915.9         -2.9          1.5   (15-84 p)   [-3089.7591, 17176.3834]
offset_1        35        7169.5         -3.3          2.0   (15-84 p)   [-3089.7591, 17176.3834]

----- dataset: FWHMdata_harps            ----- model: gp_multidimensional           
rot_amp         36           3.5         -7.4          4.5   (15-84 p)   [  -10.0000,    10.0000]
con_amp         37          -4.9         -6.1          3.7   (15-84 p)   [  -20.0000,    20.0000]

----- dataset:  FWHMdata_neid
jitter_0        38          0.55        -0.34         0.54   (15-84 p)   [    0.0500,   500.0000]
offset_0        39        6957.4         -1.3          1.7   (15-84 p)   [-3048.6741, 16964.4171]

----- dataset: FWHMdata_neid             ----- model: gp_multidimensional           
rot_amp         40           1.9         -6.6          5.5   (15-84 p)   [  -10.0000,    10.0000]
con_amp         41           0.7         -3.6          5.3   (15-84 p)   [  -20.0000,    20.0000]

----- dataset:  Contrastdata_expres
jitter_0        42           131          -19           21   (15-84 p)   [    1.3000, 13000.0000]
offset_0        43       -349530          -20           21   (15-84 p)   [-359904.6550, -339010.7170]

----- dataset: Contrastdata_expres       ----- model: gp_multidimensional           
rot_amp         44           3.8         -9.3          4.7   (15-84 p)   [  -10.0000,    10.0000]
con_amp         45         -12.4         -5.8           14   (15-84 p)   [  -20.0000,    20.0000]

----- dataset:  Contrastdata_harps
jitter_0        46           126          -21           20   (15-84 p)   [    1.3000, 13000.0000]
offset_0        47       -453765          -24           24   (15-84 p)   [-464191.7012, -409470.7990]
offset_1        48       -419741          -42           40   (15-84 p)   [-464191.7012, -409470.7990]

----- dataset: Contrastdata_harps        ----- model: gp_multidimensional           
rot_amp         49          -0.6         -6.7          7.4   (15-84 p)   [  -10.0000,    10.0000]
con_amp         50          15.6         -9.4          3.3   (15-84 p)   [  -20.0000,    20.0000]

----- dataset:  Contrastdata_neid
jitter_0        51            23          -15           23   (15-84 p)   [    1.3000, 13000.0000]
offset_0        52       -359623          -16           18   (15-84 p)   [-369916.7183, -349338.4961]

----- dataset: Contrastdata_neid         ----- model: gp_multidimensional           
rot_amp         53          -0.1         -6.9          7.0   (15-84 p)   [  -10.0000,    10.0000]
con_amp         54             1          -14           14   (15-84 p)   [  -20.0000,    20.0000]

----- dataset:  Halphadata_expres
jitter_0        55      0.000098    -0.000063     0.000092   (15-84 p)   [    0.0000,     0.1000]
offset_0        56       0.17223     -0.00025      0.00049   (15-84 p)   [-9999.8288, 10000.1731]

----- dataset: Halphadata_expres         ----- model: gp_multidimensional           
rot_amp         57        0.0014      -0.0016       0.0025   (15-84 p)   [  -10.0000,    10.0000]
con_amp         58       0.00067     -0.00066       0.0011   (15-84 p)   [  -20.0000,    20.0000]

----- dataset:  Halphadata_harps
jitter_0        59       0.00080     -0.00017      0.00017   (15-84 p)   [    0.0000,     0.1000]
offset_0        60       0.17484     -0.00073      0.00036   (15-84 p)   [-9999.8280, 10000.1797]
offset_1        61       0.17363     -0.00075      0.00047   (15-84 p)   [-9999.8280, 10000.1797]

----- dataset: Halphadata_harps          ----- model: gp_multidimensional           
rot_amp         62       -0.0021      -0.0039       0.0027   (15-84 p)   [  -10.0000,    10.0000]
con_amp         63      -0.00099      -0.0017      0.00090   (15-84 p)   [  -20.0000,    20.0000]

----- dataset:  Halphadata_neid
jitter_0        64      0.000102    -0.000066     0.000096   (15-84 p)   [    0.0000,     0.1000]
offset_0        65       0.17101     -0.00044      0.00024   (15-84 p)   [-9999.8297, 10000.1722]

----- dataset: Halphadata_neid           ----- model: gp_multidimensional           
rot_amp         66        0.0010      -0.0019       0.0023   (15-84 p)   [  -10.0000,    10.0000]
con_amp         67      -0.00046     -0.00095      0.00072   (15-84 p)   [  -20.0000,    20.0000]

----- dataset:  CaIIdata_expres
jitter_0        68       0.00127     -0.00070      0.00059   (15-84 p)   [    0.0000,     0.3000]
offset_0        69       0.10054     -0.00076       0.0012   (15-84 p)   [-9999.9090, 10000.1096]

----- dataset: CaIIdata_expres           ----- model: gp_multidimensional           
rot_amp         70       -0.0049      -0.0092       0.0058   (15-84 p)   [  -10.0000,    10.0000]
con_amp         71        0.0010      -0.0022       0.0030   (15-84 p)   [  -20.0000,    20.0000]

----- dataset:  CaIIdata_harps
jitter_0        72       0.00040     -0.00026      0.00039   (15-84 p)   [    0.0000,     0.3000]
offset_0        73       0.10509     -0.00074       0.0011   (15-84 p)   [-9999.9026, 10000.1079]
offset_1        74        0.1044      -0.0011       0.0013   (15-84 p)   [-9999.9026, 10000.1079]

----- dataset: CaIIdata_harps            ----- model: gp_multidimensional           
rot_amp         75       -0.0014      -0.0070       0.0057   (15-84 p)   [  -10.0000,    10.0000]
con_amp         76        0.0008      -0.0020       0.0028   (15-84 p)   [  -20.0000,    20.0000]

----- dataset:  CaIIdata_neid
jitter_0        77       0.00029     -0.00018      0.00030   (15-84 p)   [    0.0000,     0.3000]
offset_0        78       0.09947     -0.00085      0.00088   (15-84 p)   [-9999.9012, 10000.1000]

----- dataset: CaIIdata_neid             ----- model: gp_multidimensional           
rot_amp         79        0.0012      -0.0066       0.0063   (15-84 p)   [  -10.0000,    10.0000]
con_amp         80        0.0001      -0.0025       0.0025   (15-84 p)   [  -20.0000,    20.0000]

----- common model:  activity
Prot             0         28.17        -0.46         0.49   (15-84 p)   [   20.0000,    35.0000]
Pdec             1            94          -54           60   (15-84 p)   [   30.0000,  1000.0000]
Oamp             2         -1.36        -0.14         0.13   (15-84 p)   [   -6.6439,     0.0000]

----- common model:  star_parameters

====================================================================================================
     Statistics on the model parameters obtained from the posteriors samples     
====================================================================================================

----- dataset:  RVdata_expres
jitter_0                  1.53        -0.13         0.14    (15-84 p)
offset_0                   7.3         -2.2          1.3    (15-84 p)


----- dataset: RVdata_expres             ----- model: gp_multidimensional           
rot_amp                   0.35        -0.28         0.87    (15-84 p)
con_amp                   -5.2         -4.4          2.9    (15-84 p)

----- dataset:  RVdata_harps
jitter_0                  1.40        -0.11         0.13    (15-84 p)
offset_0                   6.7         -3.1          2.2    (15-84 p)
offset_1                   7.7         -3.1          2.3    (15-84 p)


----- dataset: RVdata_harps              ----- model: gp_multidimensional           
rot_amp                    4.0         -2.7          3.7    (15-84 p)
con_amp                   -8.7         -5.2          4.3    (15-84 p)

----- dataset:  RVdata_neid
jitter_0                 1.075       -0.099         0.12    (15-84 p)
offset_0                   6.9         -3.2          2.3    (15-84 p)


----- dataset: RVdata_neid               ----- model: gp_multidimensional           
rot_amp                   0.45        -0.33         0.89    (15-84 p)
con_amp                   -9.1         -5.6          4.7    (15-84 p)

----- dataset:  BISdata_expres
jitter_0                  2.25        -0.21         0.23    (15-84 p)
offset_0                 -53.6         -1.1          2.1    (15-84 p)


----- dataset: BISdata_expres            ----- model: gp_multidimensional           
rot_amp                    1.2         -6.3          5.6    (15-84 p)
con_amp                    4.2         -2.5          4.2    (15-84 p)

----- dataset:  BISdata_harps
jitter_0                  1.85        -0.18         0.19    (15-84 p)
offset_0                 -47.4         -2.3          1.5    (15-84 p)
offset_1                 -38.2         -2.3          1.5    (15-84 p)


----- dataset: BISdata_harps             ----- model: gp_multidimensional           
rot_amp                    0.4         -4.3          4.3    (15-84 p)
con_amp                   -5.8         -4.3          3.2    (15-84 p)

----- dataset:  BISdata_neid
jitter_0                  0.99        -0.16         0.17    (15-84 p)
offset_0                -46.91        -0.35         0.77    (15-84 p)


----- dataset: BISdata_neid              ----- model: gp_multidimensional           
rot_amp                    0.9         -3.1          3.4    (15-84 p)
con_amp                    0.9         -1.0          1.6    (15-84 p)

----- dataset:  FWHMdata_expres
jitter_0                  0.69        -0.45         0.72    (15-84 p)
offset_0                6772.2         -4.6          3.4    (15-84 p)


----- dataset: FWHMdata_expres           ----- model: gp_multidimensional           
rot_amp                    7.0         -4.6          2.2    (15-84 p)
con_amp                  -14.3         -4.4          6.2    (15-84 p)

----- dataset:  FWHMdata_harps
jitter_0                  0.56        -0.36         0.52    (15-84 p)
offset_0                6915.9         -2.9          1.5    (15-84 p)
offset_1                7169.5         -3.3          2.0    (15-84 p)


----- dataset: FWHMdata_harps            ----- model: gp_multidimensional           
rot_amp                    3.5         -7.4          4.5    (15-84 p)
con_amp                   -4.9         -6.1          3.7    (15-84 p)

----- dataset:  FWHMdata_neid
jitter_0                  0.55        -0.34         0.54    (15-84 p)
offset_0                6957.4         -1.3          1.7    (15-84 p)


----- dataset: FWHMdata_neid             ----- model: gp_multidimensional           
rot_amp                    1.9         -6.6          5.5    (15-84 p)
con_amp                    0.7         -3.6          5.3    (15-84 p)

----- dataset:  Contrastdata_expres
jitter_0                   131          -19           21    (15-84 p)
offset_0               -349530          -20           21    (15-84 p)


----- dataset: Contrastdata_expres       ----- model: gp_multidimensional           
rot_amp                    3.8         -9.3          4.7    (15-84 p)
con_amp                  -12.4         -5.8           14    (15-84 p)

----- dataset:  Contrastdata_harps
jitter_0                   126          -21           20    (15-84 p)
offset_0               -453765          -24           24    (15-84 p)
offset_1               -419741          -42           40    (15-84 p)


----- dataset: Contrastdata_harps        ----- model: gp_multidimensional           
rot_amp                   -0.6         -6.7          7.4    (15-84 p)
con_amp                   15.6         -9.4          3.3    (15-84 p)

----- dataset:  Contrastdata_neid
jitter_0                    23          -15           23    (15-84 p)
offset_0               -359623          -16           18    (15-84 p)


----- dataset: Contrastdata_neid         ----- model: gp_multidimensional           
rot_amp                   -0.1         -6.9          7.0    (15-84 p)
con_amp                      1          -14           14    (15-84 p)

----- dataset:  Halphadata_expres
jitter_0              0.000098    -0.000063     0.000092    (15-84 p)
offset_0               0.17223     -0.00025      0.00049    (15-84 p)


----- dataset: Halphadata_expres         ----- model: gp_multidimensional           
rot_amp                 0.0014      -0.0016       0.0025    (15-84 p)
con_amp                0.00067     -0.00066       0.0011    (15-84 p)

----- dataset:  Halphadata_harps
jitter_0               0.00080     -0.00017      0.00017    (15-84 p)
offset_0               0.17484     -0.00073      0.00036    (15-84 p)
offset_1               0.17363     -0.00075      0.00047    (15-84 p)


----- dataset: Halphadata_harps          ----- model: gp_multidimensional           
rot_amp                -0.0021      -0.0039       0.0027    (15-84 p)
con_amp               -0.00099      -0.0017      0.00090    (15-84 p)

----- dataset:  Halphadata_neid
jitter_0              0.000102    -0.000066     0.000096    (15-84 p)
offset_0               0.17101     -0.00044      0.00024    (15-84 p)


----- dataset: Halphadata_neid           ----- model: gp_multidimensional           
rot_amp                 0.0010      -0.0019       0.0023    (15-84 p)
con_amp               -0.00046     -0.00095      0.00072    (15-84 p)

----- dataset:  CaIIdata_expres
jitter_0               0.00127     -0.00070      0.00059    (15-84 p)
offset_0               0.10054     -0.00076       0.0012    (15-84 p)


----- dataset: CaIIdata_expres           ----- model: gp_multidimensional           
rot_amp                -0.0049      -0.0092       0.0058    (15-84 p)
con_amp                 0.0010      -0.0022       0.0030    (15-84 p)

----- dataset:  CaIIdata_harps
jitter_0               0.00040     -0.00026      0.00039    (15-84 p)
offset_0               0.10509     -0.00074       0.0011    (15-84 p)
offset_1                0.1044      -0.0011       0.0013    (15-84 p)


----- dataset: CaIIdata_harps            ----- model: gp_multidimensional           
rot_amp                -0.0014      -0.0070       0.0057    (15-84 p)
con_amp                 0.0008      -0.0020       0.0028    (15-84 p)

----- dataset:  CaIIdata_neid
jitter_0               0.00029     -0.00018      0.00030    (15-84 p)
offset_0               0.09947     -0.00085      0.00088    (15-84 p)


----- dataset: CaIIdata_neid             ----- model: gp_multidimensional           
rot_amp                 0.0012      -0.0066       0.0063    (15-84 p)
con_amp                 0.0001      -0.0025       0.0025    (15-84 p)

----- common model:  activity
Prot                     28.17        -0.46         0.49    (15-84 p)
Pdec                        94          -54           60    (15-84 p)
Oamp                     0.391       -0.037        0.036    (15-84 p)

----- common model:  star_parameters

====================================================================================================
     Statistics on the derived parameters obtained from the posteriors samples     
====================================================================================================


====================================================================================================
     ------------------------------------------------------------------------------------------     
====================================================================================================



60000.0   steps completed, average lnprob:,  -1278.7675510591173


emcee completed


:::---::: PyORBIT v11.0.1 :::---:::

Python version in use:
3.10.18 (main, Jun  5 2025, 13:14:17) [GCC 11.2.0]
LaTeX disabled by default

gp_multidimensional  S+LEAF model, number of harmonics: 4

GP model: gp_multidimensional  hyperparameters_condition:    True
GP model: gp_multidimensional  rotation_decay_condition:     True

### PyORBIT version used in the analysis:  11.0.1

 emcee version:  3.1.6

 Reference Time Tref: 59334.700184

 Data points:1728
 Dimensions: 81
 Nwalkers:   324
 Steps:      60000


Number of samplings: 97200

Recomputing ln-prior, it may take a while...

ln-probability   distribution:  -1273.50       -8.94      9.67 (15-84 p) 
ln-prior         distribution:   -421.68       -1.95      0.98 (15-84 p) 
ln-likelihood    distribution:   -851.28       -8.90      9.53 (15-84 p) 


*** Information criteria using the likelihood distribution

 BIC from distribution  (using likelihood)  =   2306.40    -19.05   17.80 (15-84 p)
 AIC from distribution  (using likelihood)  =   1864.57    -19.05   17.80 (15-84 p)
 AICc from distribution (using likelihood)  =   1872.64    -19.05   17.80 (15-84 p)


*** Information criteria using the median parameter set

 ln_probability of Median solution =  -1239.03
 ln_priors of Median solution      =   -421.09
 ln_likelihood of Median solution  =   -817.94

 Median BIC  (using likelihood) =   2239.71
 Median AIC  (using likelihood) =   1797.88
 Median AICc (using likelihood) =   1805.95


*** Information criteria using the MAP parameter set

 ln_probability of MAP solution =  -1216.05
 ln_priors of MAP solution      =   -420.81
 ln_likelihood of MAP solution  =   -795.24

 MAP BIC  (using likelihood)    =   2194.32
 MAP AIC  (using likelihood)    =   1752.49
 MAP AICc (using likelihood)    =   1760.56

 AICc suggested over AIC because NDATA ( 1728 ) < 40 * NDIM ( 81 )

****************************************************************************************************


Computing the autocorrelation time of the chains

***** WARNING ******
The integrated autocorrelation time cannot be reliably estimated
likely the chains are too short, and ACF analysis is not fully reliable
emcee.autocorr.integrated_time tolerance lowered to 20
If you still get a warning, you should drop these results entirely
Chains too short to apply convergence criteria
They should be at least 2750*nthin = 412500

 ACF computation failed, no plot will be generated 


====================================================================================================
     Ids, spaces (s), boundaries (b) and priors (p) of the sampler parameters     
====================================================================================================

----- dataset:  RVdata_expres
jitter_0      id:   3  s:Linear      b:[      0.0010,      11.5000]   p:Uniform   []
offset_0      id:   4  s:Linear      b:[  -9995.9050,   10012.5570]   p:Uniform   []

----- dataset: RVdata_expres             ----- model: gp_multidimensional           
rot_amp       id:   5  s:Linear      b:[      0.0000,      10.0000]   p:Uniform   []
con_amp       id:   6  s:Linear      b:[    -20.0000,      20.0000]   p:Uniform   []

----- dataset:  RVdata_harps
jitter_0      id:   7  s:Linear      b:[      0.0009,      12.2000]   p:Uniform   []
offset_0      id:   8  s:Linear      b:[  -9994.3035,   10013.7475]   p:Uniform   []
offset_1      id:   9  s:Linear      b:[  -9994.3035,   10013.7475]   p:Uniform   []

----- dataset: RVdata_harps              ----- model: gp_multidimensional           
rot_amp       id:  10  s:Linear      b:[      0.0000,      10.0000]   p:Uniform   []
con_amp       id:  11  s:Linear      b:[    -20.0000,      20.0000]   p:Uniform   []

----- dataset:  RVdata_neid
jitter_0      id:  12  s:Linear      b:[      0.0010,      12.2000]   p:Uniform   []
offset_0      id:  13  s:Linear      b:[  -9993.3866,   10013.1434]   p:Uniform   []

----- dataset: RVdata_neid               ----- model: gp_multidimensional           
rot_amp       id:  14  s:Linear      b:[      0.0000,      10.0000]   p:Uniform   []
con_amp       id:  15  s:Linear      b:[    -20.0000,      20.0000]   p:Uniform   []

----- dataset:  BISdata_expres
jitter_0      id:  16  s:Linear      b:[      0.0095,      95.0000]   p:Uniform   []
offset_0      id:  17  s:Linear      b:[ -10062.0333,    9950.6000]   p:Uniform   []

----- dataset: BISdata_expres            ----- model: gp_multidimensional           
rot_amp       id:  18  s:Linear      b:[    -10.0000,      10.0000]   p:Uniform   []
con_amp       id:  19  s:Linear      b:[    -20.0000,      20.0000]   p:Uniform   []

----- dataset:  BISdata_harps
jitter_0      id:  20  s:Linear      b:[      0.0095,      95.0000]   p:Uniform   []
offset_0      id:  21  s:Linear      b:[ -10051.0833,    9968.7000]   p:Uniform   []
offset_1      id:  22  s:Linear      b:[ -10051.0833,    9968.7000]   p:Uniform   []

----- dataset: BISdata_harps             ----- model: gp_multidimensional           
rot_amp       id:  23  s:Linear      b:[    -10.0000,      10.0000]   p:Uniform   []
con_amp       id:  24  s:Linear      b:[    -20.0000,      20.0000]   p:Uniform   []

----- dataset:  BISdata_neid
jitter_0      id:  25  s:Linear      b:[      0.0095,      95.0000]   p:Uniform   []
offset_0      id:  26  s:Linear      b:[ -10050.7500,    9957.0667]   p:Uniform   []

----- dataset: BISdata_neid              ----- model: gp_multidimensional           
rot_amp       id:  27  s:Linear      b:[    -10.0000,      10.0000]   p:Uniform   []
con_amp       id:  28  s:Linear      b:[    -20.0000,      20.0000]   p:Uniform   []

----- dataset:  FWHMdata_expres
jitter_0      id:  29  s:Linear      b:[      0.0500,     500.0000]   p:Uniform   []
offset_0      id:  30  s:Linear      b:[  -3231.9764,   16790.2395]   p:Uniform   []

----- dataset: FWHMdata_expres           ----- model: gp_multidimensional           
rot_amp       id:  31  s:Linear      b:[    -10.0000,      10.0000]   p:Uniform   []
con_amp       id:  32  s:Linear      b:[    -20.0000,      20.0000]   p:Uniform   []

----- dataset:  FWHMdata_harps
jitter_0      id:  33  s:Linear      b:[      0.0500,     500.0000]   p:Uniform   []
offset_0      id:  34  s:Linear      b:[  -3089.7591,   17176.3834]   p:Uniform   []
offset_1      id:  35  s:Linear      b:[  -3089.7591,   17176.3834]   p:Uniform   []

----- dataset: FWHMdata_harps            ----- model: gp_multidimensional           
rot_amp       id:  36  s:Linear      b:[    -10.0000,      10.0000]   p:Uniform   []
con_amp       id:  37  s:Linear      b:[    -20.0000,      20.0000]   p:Uniform   []

----- dataset:  FWHMdata_neid
jitter_0      id:  38  s:Linear      b:[      0.0500,     500.0000]   p:Uniform   []
offset_0      id:  39  s:Linear      b:[  -3048.6741,   16964.4171]   p:Uniform   []

----- dataset: FWHMdata_neid             ----- model: gp_multidimensional           
rot_amp       id:  40  s:Linear      b:[    -10.0000,      10.0000]   p:Uniform   []
con_amp       id:  41  s:Linear      b:[    -20.0000,      20.0000]   p:Uniform   []

----- dataset:  Contrastdata_expres
jitter_0      id:  42  s:Linear      b:[      1.3000,   13000.0000]   p:Uniform   []
offset_0      id:  43  s:Linear      b:[-359904.6550, -339010.7170]   p:Uniform   []

----- dataset: Contrastdata_expres       ----- model: gp_multidimensional           
rot_amp       id:  44  s:Linear      b:[    -10.0000,      10.0000]   p:Uniform   []
con_amp       id:  45  s:Linear      b:[    -20.0000,      20.0000]   p:Uniform   []

----- dataset:  Contrastdata_harps
jitter_0      id:  46  s:Linear      b:[      1.3000,   13000.0000]   p:Uniform   []
offset_0      id:  47  s:Linear      b:[-464191.7012, -409470.7990]   p:Uniform   []
offset_1      id:  48  s:Linear      b:[-464191.7012, -409470.7990]   p:Uniform   []

----- dataset: Contrastdata_harps        ----- model: gp_multidimensional           
rot_amp       id:  49  s:Linear      b:[    -10.0000,      10.0000]   p:Uniform   []
con_amp       id:  50  s:Linear      b:[    -20.0000,      20.0000]   p:Uniform   []

----- dataset:  Contrastdata_neid
jitter_0      id:  51  s:Linear      b:[      1.3000,   13000.0000]   p:Uniform   []
offset_0      id:  52  s:Linear      b:[-369916.7183, -349338.4961]   p:Uniform   []

----- dataset: Contrastdata_neid         ----- model: gp_multidimensional           
rot_amp       id:  53  s:Linear      b:[    -10.0000,      10.0000]   p:Uniform   []
con_amp       id:  54  s:Linear      b:[    -20.0000,      20.0000]   p:Uniform   []

----- dataset:  Halphadata_expres
jitter_0      id:  55  s:Linear      b:[      0.0000,       0.1000]   p:Uniform   []
offset_0      id:  56  s:Linear      b:[  -9999.8288,   10000.1731]   p:Uniform   []

----- dataset: Halphadata_expres         ----- model: gp_multidimensional           
rot_amp       id:  57  s:Linear      b:[    -10.0000,      10.0000]   p:Uniform   []
con_amp       id:  58  s:Linear      b:[    -20.0000,      20.0000]   p:Uniform   []

----- dataset:  Halphadata_harps
jitter_0      id:  59  s:Linear      b:[      0.0000,       0.1000]   p:Uniform   []
offset_0      id:  60  s:Linear      b:[  -9999.8280,   10000.1797]   p:Uniform   []
offset_1      id:  61  s:Linear      b:[  -9999.8280,   10000.1797]   p:Uniform   []

----- dataset: Halphadata_harps          ----- model: gp_multidimensional           
rot_amp       id:  62  s:Linear      b:[    -10.0000,      10.0000]   p:Uniform   []
con_amp       id:  63  s:Linear      b:[    -20.0000,      20.0000]   p:Uniform   []

----- dataset:  Halphadata_neid
jitter_0      id:  64  s:Linear      b:[      0.0000,       0.1000]   p:Uniform   []
offset_0      id:  65  s:Linear      b:[  -9999.8297,   10000.1722]   p:Uniform   []

----- dataset: Halphadata_neid           ----- model: gp_multidimensional           
rot_amp       id:  66  s:Linear      b:[    -10.0000,      10.0000]   p:Uniform   []
con_amp       id:  67  s:Linear      b:[    -20.0000,      20.0000]   p:Uniform   []

----- dataset:  CaIIdata_expres
jitter_0      id:  68  s:Linear      b:[      0.0000,       0.3000]   p:Uniform   []
offset_0      id:  69  s:Linear      b:[  -9999.9090,   10000.1096]   p:Uniform   []

----- dataset: CaIIdata_expres           ----- model: gp_multidimensional           
rot_amp       id:  70  s:Linear      b:[    -10.0000,      10.0000]   p:Uniform   []
con_amp       id:  71  s:Linear      b:[    -20.0000,      20.0000]   p:Uniform   []

----- dataset:  CaIIdata_harps
jitter_0      id:  72  s:Linear      b:[      0.0000,       0.3000]   p:Uniform   []
offset_0      id:  73  s:Linear      b:[  -9999.9026,   10000.1079]   p:Uniform   []
offset_1      id:  74  s:Linear      b:[  -9999.9026,   10000.1079]   p:Uniform   []

----- dataset: CaIIdata_harps            ----- model: gp_multidimensional           
rot_amp       id:  75  s:Linear      b:[    -10.0000,      10.0000]   p:Uniform   []
con_amp       id:  76  s:Linear      b:[    -20.0000,      20.0000]   p:Uniform   []

----- dataset:  CaIIdata_neid
jitter_0      id:  77  s:Linear      b:[      0.0000,       0.3000]   p:Uniform   []
offset_0      id:  78  s:Linear      b:[  -9999.9012,   10000.1000]   p:Uniform   []

----- dataset: CaIIdata_neid             ----- model: gp_multidimensional           
rot_amp       id:  79  s:Linear      b:[    -10.0000,      10.0000]   p:Uniform   []
con_amp       id:  80  s:Linear      b:[    -20.0000,      20.0000]   p:Uniform   []

----- common model:  activity
Prot          id:   0  s:Linear      b:[     20.0000,      35.0000]   p:Gaussian   [28.   0.5]
Pdec          id:   1  s:Linear      b:[     30.0000,    1000.0000]   p:Uniform   []
Oamp          id:   2  s:Log_Base2   b:[     -6.6439,       0.0000]   p:Gaussian   [0.35  0.035]

----- common model:  star_parameters
mass          derived (no id, space, bound)                           p:Gaussian   [1.e+00 1.e-06]
radius        derived (no id, space, bound)                           p:Gaussian   [1.e+00 1.e-06]
density       derived (no id, space, bound)                           p:Gaussian   [1.e+00 1.e-06]


****************************************************************************************************
****************************************************************************************************

 Confidence intervals (median value, 34.135th percentile from the median on the left and right side)

====================================================================================================
     Statistics on the posterior of the sampler parameters     
====================================================================================================

----- dataset:  RVdata_expres
jitter_0         3          1.53        -0.13         0.14   (15-84 p)   [    0.0010,    11.5000]
offset_0         4           7.3         -2.2          1.3   (15-84 p)   [-9995.9050, 10012.5570]

----- dataset: RVdata_expres             ----- model: gp_multidimensional           
rot_amp          5          0.35        -0.28         0.87   (15-84 p)   [    0.0000,    10.0000]
con_amp          6          -5.2         -4.4          2.9   (15-84 p)   [  -20.0000,    20.0000]

----- dataset:  RVdata_harps
jitter_0         7          1.40        -0.11         0.13   (15-84 p)   [    0.0009,    12.2000]
offset_0         8           6.7         -3.1          2.2   (15-84 p)   [-9994.3035, 10013.7475]
offset_1         9           7.7         -3.1          2.3   (15-84 p)   [-9994.3035, 10013.7475]

----- dataset: RVdata_harps              ----- model: gp_multidimensional           
rot_amp         10           4.0         -2.7          3.7   (15-84 p)   [    0.0000,    10.0000]
con_amp         11          -8.7         -5.2          4.3   (15-84 p)   [  -20.0000,    20.0000]

----- dataset:  RVdata_neid
jitter_0        12         1.075       -0.099         0.12   (15-84 p)   [    0.0010,    12.2000]
offset_0        13           6.9         -3.2          2.3   (15-84 p)   [-9993.3866, 10013.1434]

----- dataset: RVdata_neid               ----- model: gp_multidimensional           
rot_amp         14          0.45        -0.33         0.89   (15-84 p)   [    0.0000,    10.0000]
con_amp         15          -9.1         -5.6          4.7   (15-84 p)   [  -20.0000,    20.0000]

----- dataset:  BISdata_expres
jitter_0        16          2.25        -0.21         0.23   (15-84 p)   [    0.0095,    95.0000]
offset_0        17         -53.6         -1.1          2.1   (15-84 p)   [-10062.0333,  9950.6000]

----- dataset: BISdata_expres            ----- model: gp_multidimensional           
rot_amp         18           1.2         -6.3          5.6   (15-84 p)   [  -10.0000,    10.0000]
con_amp         19           4.2         -2.5          4.2   (15-84 p)   [  -20.0000,    20.0000]

----- dataset:  BISdata_harps
jitter_0        20          1.85        -0.18         0.19   (15-84 p)   [    0.0095,    95.0000]
offset_0        21         -47.4         -2.3          1.5   (15-84 p)   [-10051.0833,  9968.7000]
offset_1        22         -38.2         -2.3          1.5   (15-84 p)   [-10051.0833,  9968.7000]

----- dataset: BISdata_harps             ----- model: gp_multidimensional           
rot_amp         23           0.4         -4.3          4.3   (15-84 p)   [  -10.0000,    10.0000]
con_amp         24          -5.8         -4.3          3.2   (15-84 p)   [  -20.0000,    20.0000]

----- dataset:  BISdata_neid
jitter_0        25          0.99        -0.16         0.17   (15-84 p)   [    0.0095,    95.0000]
offset_0        26        -46.91        -0.35         0.77   (15-84 p)   [-10050.7500,  9957.0667]

----- dataset: BISdata_neid              ----- model: gp_multidimensional           
rot_amp         27           0.9         -3.1          3.4   (15-84 p)   [  -10.0000,    10.0000]
con_amp         28           0.9         -1.0          1.6   (15-84 p)   [  -20.0000,    20.0000]

----- dataset:  FWHMdata_expres
jitter_0        29          0.69        -0.45         0.72   (15-84 p)   [    0.0500,   500.0000]
offset_0        30        6772.2         -4.6          3.4   (15-84 p)   [-3231.9764, 16790.2395]

----- dataset: FWHMdata_expres           ----- model: gp_multidimensional           
rot_amp         31           7.0         -4.6          2.2   (15-84 p)   [  -10.0000,    10.0000]
con_amp         32         -14.3         -4.4          6.2   (15-84 p)   [  -20.0000,    20.0000]

----- dataset:  FWHMdata_harps
jitter_0        33          0.56        -0.36         0.52   (15-84 p)   [    0.0500,   500.0000]
offset_0        34        6915.9         -2.9          1.5   (15-84 p)   [-3089.7591, 17176.3834]
offset_1        35        7169.5         -3.3          2.0   (15-84 p)   [-3089.7591, 17176.3834]

----- dataset: FWHMdata_harps            ----- model: gp_multidimensional           
rot_amp         36           3.5         -7.4          4.5   (15-84 p)   [  -10.0000,    10.0000]
con_amp         37          -4.9         -6.1          3.7   (15-84 p)   [  -20.0000,    20.0000]

----- dataset:  FWHMdata_neid
jitter_0        38          0.55        -0.34         0.54   (15-84 p)   [    0.0500,   500.0000]
offset_0        39        6957.4         -1.3          1.7   (15-84 p)   [-3048.6741, 16964.4171]

----- dataset: FWHMdata_neid             ----- model: gp_multidimensional           
rot_amp         40           1.9         -6.6          5.5   (15-84 p)   [  -10.0000,    10.0000]
con_amp         41           0.7         -3.6          5.3   (15-84 p)   [  -20.0000,    20.0000]

----- dataset:  Contrastdata_expres
jitter_0        42           131          -19           21   (15-84 p)   [    1.3000, 13000.0000]
offset_0        43       -349530          -20           21   (15-84 p)   [-359904.6550, -339010.7170]

----- dataset: Contrastdata_expres       ----- model: gp_multidimensional           
rot_amp         44           3.8         -9.3          4.7   (15-84 p)   [  -10.0000,    10.0000]
con_amp         45         -12.4         -5.8           14   (15-84 p)   [  -20.0000,    20.0000]

----- dataset:  Contrastdata_harps
jitter_0        46           126          -21           20   (15-84 p)   [    1.3000, 13000.0000]
offset_0        47       -453765          -24           24   (15-84 p)   [-464191.7012, -409470.7990]
offset_1        48       -419741          -42           40   (15-84 p)   [-464191.7012, -409470.7990]

----- dataset: Contrastdata_harps        ----- model: gp_multidimensional           
rot_amp         49          -0.6         -6.7          7.4   (15-84 p)   [  -10.0000,    10.0000]
con_amp         50          15.6         -9.4          3.3   (15-84 p)   [  -20.0000,    20.0000]

----- dataset:  Contrastdata_neid
jitter_0        51            23          -15           23   (15-84 p)   [    1.3000, 13000.0000]
offset_0        52       -359623          -16           18   (15-84 p)   [-369916.7183, -349338.4961]

----- dataset: Contrastdata_neid         ----- model: gp_multidimensional           
rot_amp         53          -0.1         -6.9          7.0   (15-84 p)   [  -10.0000,    10.0000]
con_amp         54             1          -14           14   (15-84 p)   [  -20.0000,    20.0000]

----- dataset:  Halphadata_expres
jitter_0        55      0.000098    -0.000063     0.000092   (15-84 p)   [    0.0000,     0.1000]
offset_0        56       0.17223     -0.00025      0.00049   (15-84 p)   [-9999.8288, 10000.1731]

----- dataset: Halphadata_expres         ----- model: gp_multidimensional           
rot_amp         57        0.0014      -0.0016       0.0025   (15-84 p)   [  -10.0000,    10.0000]
con_amp         58       0.00067     -0.00066       0.0011   (15-84 p)   [  -20.0000,    20.0000]

----- dataset:  Halphadata_harps
jitter_0        59       0.00080     -0.00017      0.00017   (15-84 p)   [    0.0000,     0.1000]
offset_0        60       0.17484     -0.00073      0.00036   (15-84 p)   [-9999.8280, 10000.1797]
offset_1        61       0.17363     -0.00075      0.00047   (15-84 p)   [-9999.8280, 10000.1797]

----- dataset: Halphadata_harps          ----- model: gp_multidimensional           
rot_amp         62       -0.0021      -0.0039       0.0027   (15-84 p)   [  -10.0000,    10.0000]
con_amp         63      -0.00099      -0.0017      0.00090   (15-84 p)   [  -20.0000,    20.0000]

----- dataset:  Halphadata_neid
jitter_0        64      0.000102    -0.000066     0.000096   (15-84 p)   [    0.0000,     0.1000]
offset_0        65       0.17101     -0.00044      0.00024   (15-84 p)   [-9999.8297, 10000.1722]

----- dataset: Halphadata_neid           ----- model: gp_multidimensional           
rot_amp         66        0.0010      -0.0019       0.0023   (15-84 p)   [  -10.0000,    10.0000]
con_amp         67      -0.00046     -0.00095      0.00072   (15-84 p)   [  -20.0000,    20.0000]

----- dataset:  CaIIdata_expres
jitter_0        68       0.00127     -0.00070      0.00059   (15-84 p)   [    0.0000,     0.3000]
offset_0        69       0.10054     -0.00076       0.0012   (15-84 p)   [-9999.9090, 10000.1096]

----- dataset: CaIIdata_expres           ----- model: gp_multidimensional           
rot_amp         70       -0.0049      -0.0092       0.0058   (15-84 p)   [  -10.0000,    10.0000]
con_amp         71        0.0010      -0.0022       0.0030   (15-84 p)   [  -20.0000,    20.0000]

----- dataset:  CaIIdata_harps
jitter_0        72       0.00040     -0.00026      0.00039   (15-84 p)   [    0.0000,     0.3000]
offset_0        73       0.10509     -0.00074       0.0011   (15-84 p)   [-9999.9026, 10000.1079]
offset_1        74        0.1044      -0.0011       0.0013   (15-84 p)   [-9999.9026, 10000.1079]

----- dataset: CaIIdata_harps            ----- model: gp_multidimensional           
rot_amp         75       -0.0014      -0.0070       0.0057   (15-84 p)   [  -10.0000,    10.0000]
con_amp         76        0.0008      -0.0020       0.0028   (15-84 p)   [  -20.0000,    20.0000]

----- dataset:  CaIIdata_neid
jitter_0        77       0.00029     -0.00018      0.00030   (15-84 p)   [    0.0000,     0.3000]
offset_0        78       0.09947     -0.00085      0.00088   (15-84 p)   [-9999.9012, 10000.1000]

----- dataset: CaIIdata_neid             ----- model: gp_multidimensional           
rot_amp         79        0.0012      -0.0066       0.0063   (15-84 p)   [  -10.0000,    10.0000]
con_amp         80        0.0001      -0.0025       0.0025   (15-84 p)   [  -20.0000,    20.0000]

----- common model:  activity
Prot             0         28.17        -0.46         0.49   (15-84 p)   [   20.0000,    35.0000]
Pdec             1            94          -54           60   (15-84 p)   [   30.0000,  1000.0000]
Oamp             2         -1.36        -0.14         0.13   (15-84 p)   [   -6.6439,     0.0000]

----- common model:  star_parameters

====================================================================================================
     Statistics on the model parameters obtained from the posteriors samples     
====================================================================================================

----- dataset:  RVdata_expres
jitter_0                  1.53        -0.13         0.14    (15-84 p)
offset_0                   7.3         -2.2          1.3    (15-84 p)


----- dataset: RVdata_expres             ----- model: gp_multidimensional           
rot_amp                   0.35        -0.28         0.87    (15-84 p)
con_amp                   -5.2         -4.4          2.9    (15-84 p)

----- dataset:  RVdata_harps
jitter_0                  1.40        -0.11         0.13    (15-84 p)
offset_0                   6.7         -3.1          2.2    (15-84 p)
offset_1                   7.7         -3.1          2.3    (15-84 p)


----- dataset: RVdata_harps              ----- model: gp_multidimensional           
rot_amp                    4.0         -2.7          3.7    (15-84 p)
con_amp                   -8.7         -5.2          4.3    (15-84 p)

----- dataset:  RVdata_neid
jitter_0                 1.075       -0.099         0.12    (15-84 p)
offset_0                   6.9         -3.2          2.3    (15-84 p)


----- dataset: RVdata_neid               ----- model: gp_multidimensional           
rot_amp                   0.45        -0.33         0.89    (15-84 p)
con_amp                   -9.1         -5.6          4.7    (15-84 p)

----- dataset:  BISdata_expres
jitter_0                  2.25        -0.21         0.23    (15-84 p)
offset_0                 -53.6         -1.1          2.1    (15-84 p)


----- dataset: BISdata_expres            ----- model: gp_multidimensional           
rot_amp                    1.2         -6.3          5.6    (15-84 p)
con_amp                    4.2         -2.5          4.2    (15-84 p)

----- dataset:  BISdata_harps
jitter_0                  1.85        -0.18         0.19    (15-84 p)
offset_0                 -47.4         -2.3          1.5    (15-84 p)
offset_1                 -38.2         -2.3          1.5    (15-84 p)


----- dataset: BISdata_harps             ----- model: gp_multidimensional           
rot_amp                    0.4         -4.3          4.3    (15-84 p)
con_amp                   -5.8         -4.3          3.2    (15-84 p)

----- dataset:  BISdata_neid
jitter_0                  0.99        -0.16         0.17    (15-84 p)
offset_0                -46.91        -0.35         0.77    (15-84 p)


----- dataset: BISdata_neid              ----- model: gp_multidimensional           
rot_amp                    0.9         -3.1          3.4    (15-84 p)
con_amp                    0.9         -1.0          1.6    (15-84 p)

----- dataset:  FWHMdata_expres
jitter_0                  0.69        -0.45         0.72    (15-84 p)
offset_0                6772.2         -4.6          3.4    (15-84 p)


----- dataset: FWHMdata_expres           ----- model: gp_multidimensional           
rot_amp                    7.0         -4.6          2.2    (15-84 p)
con_amp                  -14.3         -4.4          6.2    (15-84 p)

----- dataset:  FWHMdata_harps
jitter_0                  0.56        -0.36         0.52    (15-84 p)
offset_0                6915.9         -2.9          1.5    (15-84 p)
offset_1                7169.5         -3.3          2.0    (15-84 p)


----- dataset: FWHMdata_harps            ----- model: gp_multidimensional           
rot_amp                    3.5         -7.4          4.5    (15-84 p)
con_amp                   -4.9         -6.1          3.7    (15-84 p)

----- dataset:  FWHMdata_neid
jitter_0                  0.55        -0.34         0.54    (15-84 p)
offset_0                6957.4         -1.3          1.7    (15-84 p)


----- dataset: FWHMdata_neid             ----- model: gp_multidimensional           
rot_amp                    1.9         -6.6          5.5    (15-84 p)
con_amp                    0.7         -3.6          5.3    (15-84 p)

----- dataset:  Contrastdata_expres
jitter_0                   131          -19           21    (15-84 p)
offset_0               -349530          -20           21    (15-84 p)


----- dataset: Contrastdata_expres       ----- model: gp_multidimensional           
rot_amp                    3.8         -9.3          4.7    (15-84 p)
con_amp                  -12.4         -5.8           14    (15-84 p)

----- dataset:  Contrastdata_harps
jitter_0                   126          -21           20    (15-84 p)
offset_0               -453765          -24           24    (15-84 p)
offset_1               -419741          -42           40    (15-84 p)


----- dataset: Contrastdata_harps        ----- model: gp_multidimensional           
rot_amp                   -0.6         -6.7          7.4    (15-84 p)
con_amp                   15.6         -9.4          3.3    (15-84 p)

----- dataset:  Contrastdata_neid
jitter_0                    23          -15           23    (15-84 p)
offset_0               -359623          -16           18    (15-84 p)


----- dataset: Contrastdata_neid         ----- model: gp_multidimensional           
rot_amp                   -0.1         -6.9          7.0    (15-84 p)
con_amp                      1          -14           14    (15-84 p)

----- dataset:  Halphadata_expres
jitter_0              0.000098    -0.000063     0.000092    (15-84 p)
offset_0               0.17223     -0.00025      0.00049    (15-84 p)


----- dataset: Halphadata_expres         ----- model: gp_multidimensional           
rot_amp                 0.0014      -0.0016       0.0025    (15-84 p)
con_amp                0.00067     -0.00066       0.0011    (15-84 p)

----- dataset:  Halphadata_harps
jitter_0               0.00080     -0.00017      0.00017    (15-84 p)
offset_0               0.17484     -0.00073      0.00036    (15-84 p)
offset_1               0.17363     -0.00075      0.00047    (15-84 p)


----- dataset: Halphadata_harps          ----- model: gp_multidimensional           
rot_amp                -0.0021      -0.0039       0.0027    (15-84 p)
con_amp               -0.00099      -0.0017      0.00090    (15-84 p)

----- dataset:  Halphadata_neid
jitter_0              0.000102    -0.000066     0.000096    (15-84 p)
offset_0               0.17101     -0.00044      0.00024    (15-84 p)


----- dataset: Halphadata_neid           ----- model: gp_multidimensional           
rot_amp                 0.0010      -0.0019       0.0023    (15-84 p)
con_amp               -0.00046     -0.00095      0.00072    (15-84 p)

----- dataset:  CaIIdata_expres
jitter_0               0.00127     -0.00070      0.00059    (15-84 p)
offset_0               0.10054     -0.00076       0.0012    (15-84 p)


----- dataset: CaIIdata_expres           ----- model: gp_multidimensional           
rot_amp                -0.0049      -0.0092       0.0058    (15-84 p)
con_amp                 0.0010      -0.0022       0.0030    (15-84 p)

----- dataset:  CaIIdata_harps
jitter_0               0.00040     -0.00026      0.00039    (15-84 p)
offset_0               0.10509     -0.00074       0.0011    (15-84 p)
offset_1                0.1044      -0.0011       0.0013    (15-84 p)


----- dataset: CaIIdata_harps            ----- model: gp_multidimensional           
rot_amp                -0.0014      -0.0070       0.0057    (15-84 p)
con_amp                 0.0008      -0.0020       0.0028    (15-84 p)

----- dataset:  CaIIdata_neid
jitter_0               0.00029     -0.00018      0.00030    (15-84 p)
offset_0               0.09947     -0.00085      0.00088    (15-84 p)


----- dataset: CaIIdata_neid             ----- model: gp_multidimensional           
rot_amp                 0.0012      -0.0066       0.0063    (15-84 p)
con_amp                 0.0001      -0.0025       0.0025    (15-84 p)

----- common model:  activity
Prot                     28.17        -0.46         0.49    (15-84 p)
Pdec                        94          -54           60    (15-84 p)
Oamp                     0.391       -0.037        0.036    (15-84 p)

----- common model:  star_parameters

====================================================================================================
     Statistics on the derived parameters obtained from the posteriors samples     
====================================================================================================


====================================================================================================
     ------------------------------------------------------------------------------------------     
====================================================================================================



****************************************************************************************************

 Parameters corresponding to the Maximum a Posteriori probability ( -1216.052263202768 )

====================================================================================================
     Statistics on the posterior of the sampler parameters     
====================================================================================================

----- dataset:  RVdata_expres
jitter_0         3      1.501811 [    0.0010,    11.5000]
offset_0         4      8.435218 [-9995.9050, 10012.5570]

----- dataset: RVdata_expres             ----- model: gp_multidimensional           
rot_amp          5      0.001173 [    0.0000,    10.0000]
con_amp          6     -0.842209 [  -20.0000,    20.0000]

----- dataset:  RVdata_harps
jitter_0         7      1.371088 [    0.0009,    12.2000]
offset_0         8      8.933813 [-9994.3035, 10013.7475]
offset_1         9     10.139269 [-9994.3035, 10013.7475]

----- dataset: RVdata_harps              ----- model: gp_multidimensional           
rot_amp         10      1.550785 [    0.0000,    10.0000]
con_amp         11     -1.092781 [  -20.0000,    20.0000]

----- dataset:  RVdata_neid
jitter_0        12      1.073110 [    0.0010,    12.2000]
offset_0        13      9.072063 [-9993.3866, 10013.1434]

----- dataset: RVdata_neid               ----- model: gp_multidimensional           
rot_amp         14      0.014150 [    0.0000,    10.0000]
con_amp         15     -1.374853 [  -20.0000,    20.0000]

----- dataset:  BISdata_expres
jitter_0        16      2.054190 [    0.0095,    95.0000]
offset_0        17    -54.524052 [-10062.0333,  9950.6000]

----- dataset: BISdata_expres            ----- model: gp_multidimensional           
rot_amp         18      0.946909 [  -10.0000,    10.0000]
con_amp         19      0.770217 [  -20.0000,    20.0000]

----- dataset:  BISdata_harps
jitter_0        20      1.868714 [    0.0095,    95.0000]
offset_0        21    -46.020635 [-10051.0833,  9968.7000]
offset_1        22    -36.860486 [-10051.0833,  9968.7000]

----- dataset: BISdata_harps             ----- model: gp_multidimensional           
rot_amp         23      0.195429 [  -10.0000,    10.0000]
con_amp         24     -0.772069 [  -20.0000,    20.0000]

----- dataset:  BISdata_neid
jitter_0        25      0.839373 [    0.0095,    95.0000]
offset_0        26    -47.092041 [-10050.7500,  9957.0667]

----- dataset: BISdata_neid              ----- model: gp_multidimensional           
rot_amp         27     -0.235271 [  -10.0000,    10.0000]
con_amp         28      0.238558 [  -20.0000,    20.0000]

----- dataset:  FWHMdata_expres
jitter_0        29      0.126112 [    0.0500,   500.0000]
offset_0        30   6775.621065 [-3231.9764, 16790.2395]

----- dataset: FWHMdata_expres           ----- model: gp_multidimensional           
rot_amp         31      6.123620 [  -10.0000,    10.0000]
con_amp         32     -2.312184 [  -20.0000,    20.0000]

----- dataset:  FWHMdata_harps
jitter_0        33      0.095085 [    0.0500,   500.0000]
offset_0        34   6916.858769 [-3089.7591, 17176.3834]
offset_1        35   7170.890188 [-3089.7591, 17176.3834]

----- dataset: FWHMdata_harps            ----- model: gp_multidimensional           
rot_amp         36      1.602943 [  -10.0000,    10.0000]
con_amp         37     -0.393339 [  -20.0000,    20.0000]

----- dataset:  FWHMdata_neid
jitter_0        38      0.093446 [    0.0500,   500.0000]
offset_0        39   6957.255797 [-3048.6741, 16964.4171]

----- dataset: FWHMdata_neid             ----- model: gp_multidimensional           
rot_amp         40      0.003708 [  -10.0000,    10.0000]
con_amp         41     -0.173483 [  -20.0000,    20.0000]

----- dataset:  Contrastdata_expres
jitter_0        42    128.939615 [    1.3000, 13000.0000]
offset_0        43  -349538.123573 [-359904.6550, -339010.7170]

----- dataset: Contrastdata_expres       ----- model: gp_multidimensional           
rot_amp         44      9.765938 [  -10.0000,    10.0000]
con_amp         45    -19.888702 [  -20.0000,    20.0000]

----- dataset:  Contrastdata_harps
jitter_0        46    108.732093 [    1.3000, 13000.0000]
offset_0        47  -453777.235863 [-464191.7012, -409470.7990]
offset_1        48  -419729.712122 [-464191.7012, -409470.7990]

----- dataset: Contrastdata_harps        ----- model: gp_multidimensional           
rot_amp         49      8.621329 [  -10.0000,    10.0000]
con_amp         50     19.933635 [  -20.0000,    20.0000]

----- dataset:  Contrastdata_neid
jitter_0        51      9.464377 [    1.3000, 13000.0000]
offset_0        52  -359615.508893 [-369916.7183, -349338.4961]

----- dataset: Contrastdata_neid         ----- model: gp_multidimensional           
rot_amp         53      9.035504 [  -10.0000,    10.0000]
con_amp         54     -0.956868 [  -20.0000,    20.0000]

----- dataset:  Halphadata_expres
jitter_0        55      0.000019 [    0.0000,     0.1000]
offset_0        56      0.172129 [-9999.8288, 10000.1731]

----- dataset: Halphadata_expres         ----- model: gp_multidimensional           
rot_amp         57      0.000262 [  -10.0000,    10.0000]
con_amp         58      0.000173 [  -20.0000,    20.0000]

----- dataset:  Halphadata_harps
jitter_0        59      0.000790 [    0.0000,     0.1000]
offset_0        60      0.175063 [-9999.8280, 10000.1797]
offset_1        61      0.173804 [-9999.8280, 10000.1797]

----- dataset: Halphadata_harps          ----- model: gp_multidimensional           
rot_amp         62      0.000060 [  -10.0000,    10.0000]
con_amp         63     -0.000202 [  -20.0000,    20.0000]

----- dataset:  Halphadata_neid
jitter_0        64      0.000011 [    0.0000,     0.1000]
offset_0        65      0.171170 [-9999.8297, 10000.1722]

----- dataset: Halphadata_neid           ----- model: gp_multidimensional           
rot_amp         66      0.000252 [  -10.0000,    10.0000]
con_amp         67     -0.000093 [  -20.0000,    20.0000]

----- dataset:  CaIIdata_expres
jitter_0        68      0.001715 [    0.0000,     0.3000]
offset_0        69      0.100550 [-9999.9090, 10000.1096]

----- dataset: CaIIdata_expres           ----- model: gp_multidimensional           
rot_amp         70     -0.001758 [  -10.0000,    10.0000]
con_amp         71      0.000358 [  -20.0000,    20.0000]

----- dataset:  CaIIdata_harps
jitter_0        72      0.000114 [    0.0000,     0.3000]
offset_0        73      0.104837 [-9999.9026, 10000.1079]
offset_1        74      0.103834 [-9999.9026, 10000.1079]

----- dataset: CaIIdata_harps            ----- model: gp_multidimensional           
rot_amp         75     -0.000628 [  -10.0000,    10.0000]
con_amp         76      0.000090 [  -20.0000,    20.0000]

----- dataset:  CaIIdata_neid
jitter_0        77      0.000089 [    0.0000,     0.3000]
offset_0        78      0.099374 [-9999.9012, 10000.1000]

----- dataset: CaIIdata_neid             ----- model: gp_multidimensional           
rot_amp         79      0.000431 [  -10.0000,    10.0000]
con_amp         80     -0.000224 [  -20.0000,    20.0000]

----- common model:  activity
Prot             0     27.998824 [   20.0000,    35.0000]
Pdec             1     30.256836 [   30.0000,  1000.0000]
Oamp             2     -1.657611 [   -6.6439,     0.0000]

----- common model:  star_parameters

====================================================================================================
     Statistics on the model parameters obtained from the posteriors samples     
====================================================================================================

----- dataset:  RVdata_expres
jitter_0              1.501811 
offset_0              8.435218 


----- dataset: RVdata_expres             ----- model: gp_multidimensional           
rot_amp               0.001173 
con_amp              -0.842209 

----- dataset:  RVdata_harps
jitter_0              1.371088 
offset_0              8.933813 
offset_1             10.139269 


----- dataset: RVdata_harps              ----- model: gp_multidimensional           
rot_amp               1.550785 
con_amp              -1.092781 

----- dataset:  RVdata_neid
jitter_0              1.073110 
offset_0              9.072063 


----- dataset: RVdata_neid               ----- model: gp_multidimensional           
rot_amp               0.014150 
con_amp              -1.374853 

----- dataset:  BISdata_expres
jitter_0              2.054190 
offset_0            -54.524052 


----- dataset: BISdata_expres            ----- model: gp_multidimensional           
rot_amp               0.946909 
con_amp               0.770217 

----- dataset:  BISdata_harps
jitter_0              1.868714 
offset_0            -46.020635 
offset_1            -36.860486 


----- dataset: BISdata_harps             ----- model: gp_multidimensional           
rot_amp               0.195429 
con_amp              -0.772069 

----- dataset:  BISdata_neid
jitter_0              0.839373 
offset_0            -47.092041 


----- dataset: BISdata_neid              ----- model: gp_multidimensional           
rot_amp              -0.235271 
con_amp               0.238558 

----- dataset:  FWHMdata_expres
jitter_0              0.126112 
offset_0           6775.621065 


----- dataset: FWHMdata_expres           ----- model: gp_multidimensional           
rot_amp               6.123620 
con_amp              -2.312184 

----- dataset:  FWHMdata_harps
jitter_0              0.095085 
offset_0           6916.858769 
offset_1           7170.890188 


----- dataset: FWHMdata_harps            ----- model: gp_multidimensional           
rot_amp               1.602943 
con_amp              -0.393339 

----- dataset:  FWHMdata_neid
jitter_0              0.093446 
offset_0           6957.255797 


----- dataset: FWHMdata_neid             ----- model: gp_multidimensional           
rot_amp               0.003708 
con_amp              -0.173483 

----- dataset:  Contrastdata_expres
jitter_0            128.939615 
offset_0        -349538.123573 


----- dataset: Contrastdata_expres       ----- model: gp_multidimensional           
rot_amp               9.765938 
con_amp             -19.888702 

----- dataset:  Contrastdata_harps
jitter_0            108.732093 
offset_0        -453777.235863 
offset_1        -419729.712122 


----- dataset: Contrastdata_harps        ----- model: gp_multidimensional           
rot_amp               8.621329 
con_amp              19.933635 

----- dataset:  Contrastdata_neid
jitter_0              9.464377 
offset_0        -359615.508893 


----- dataset: Contrastdata_neid         ----- model: gp_multidimensional           
rot_amp               9.035504 
con_amp              -0.956868 

----- dataset:  Halphadata_expres
jitter_0              0.000019 
offset_0              0.172129 


----- dataset: Halphadata_expres         ----- model: gp_multidimensional           
rot_amp               0.000262 
con_amp               0.000173 

----- dataset:  Halphadata_harps
jitter_0              0.000790 
offset_0              0.175063 
offset_1              0.173804 


----- dataset: Halphadata_harps          ----- model: gp_multidimensional           
rot_amp               0.000060 
con_amp              -0.000202 

----- dataset:  Halphadata_neid
jitter_0              0.000011 
offset_0              0.171170 


----- dataset: Halphadata_neid           ----- model: gp_multidimensional           
rot_amp               0.000252 
con_amp              -0.000093 

----- dataset:  CaIIdata_expres
jitter_0              0.001715 
offset_0              0.100550 


----- dataset: CaIIdata_expres           ----- model: gp_multidimensional           
rot_amp              -0.001758 
con_amp               0.000358 

----- dataset:  CaIIdata_harps
jitter_0              0.000114 
offset_0              0.104837 
offset_1              0.103834 


----- dataset: CaIIdata_harps            ----- model: gp_multidimensional           
rot_amp              -0.000628 
con_amp               0.000090 

----- dataset:  CaIIdata_neid
jitter_0              0.000089 
offset_0              0.099374 


----- dataset: CaIIdata_neid             ----- model: gp_multidimensional           
rot_amp               0.000431 
con_amp              -0.000224 

----- common model:  activity
Prot                 27.998824 
Pdec                 30.256836 
Oamp                  0.316964 

----- common model:  star_parameters

====================================================================================================
     Statistics on the derived parameters obtained from the posteriors samples     
====================================================================================================


====================================================================================================
     ------------------------------------------------------------------------------------------     
====================================================================================================



****************************************************************************************************

 Parameters corresponding to the sample closest to the median values ( -1264.5465694931565 )

====================================================================================================
     Statistics on the posterior of the sampler parameters     
====================================================================================================

----- dataset:  RVdata_expres
jitter_0         3      1.579431 [    0.0010,    11.5000]
offset_0         4      7.316686 [-9995.9050, 10012.5570]

----- dataset: RVdata_expres             ----- model: gp_multidimensional           
rot_amp          5      0.299019 [    0.0000,    10.0000]
con_amp          6     -4.346451 [  -20.0000,    20.0000]

----- dataset:  RVdata_harps
jitter_0         7      1.358566 [    0.0009,    12.2000]
offset_0         8      6.121364 [-9994.3035, 10013.7475]
offset_1         9      6.457023 [-9994.3035, 10013.7475]

----- dataset: RVdata_harps              ----- model: gp_multidimensional           
rot_amp         10      4.018372 [    0.0000,    10.0000]
con_amp         11     -8.122636 [  -20.0000,    20.0000]

----- dataset:  RVdata_neid
jitter_0        12      1.007534 [    0.0010,    12.2000]
offset_0        13      6.514313 [-9993.3866, 10013.1434]

----- dataset: RVdata_neid               ----- model: gp_multidimensional           
rot_amp         14      0.400582 [    0.0000,    10.0000]
con_amp         15     -7.649013 [  -20.0000,    20.0000]

----- dataset:  BISdata_expres
jitter_0        16      2.265797 [    0.0095,    95.0000]
offset_0        17    -52.791998 [-10062.0333,  9950.6000]

----- dataset: BISdata_expres            ----- model: gp_multidimensional           
rot_amp         18     -3.151575 [  -10.0000,    10.0000]
con_amp         19      3.611870 [  -20.0000,    20.0000]

----- dataset:  BISdata_harps
jitter_0        20      1.825764 [    0.0095,    95.0000]
offset_0        21    -47.081691 [-10051.0833,  9968.7000]
offset_1        22    -37.179791 [-10051.0833,  9968.7000]

----- dataset: BISdata_harps             ----- model: gp_multidimensional           
rot_amp         23     -1.071161 [  -10.0000,    10.0000]
con_amp         24     -3.350665 [  -20.0000,    20.0000]

----- dataset:  BISdata_neid
jitter_0        25      1.207046 [    0.0095,    95.0000]
offset_0        26    -46.910749 [-10050.7500,  9957.0667]

----- dataset: BISdata_neid              ----- model: gp_multidimensional           
rot_amp         27      0.901250 [  -10.0000,    10.0000]
con_amp         28      0.617908 [  -20.0000,    20.0000]

----- dataset:  FWHMdata_expres
jitter_0        29      0.654397 [    0.0500,   500.0000]
offset_0        30   6770.640088 [-3231.9764, 16790.2395]

----- dataset: FWHMdata_expres           ----- model: gp_multidimensional           
rot_amp         31      8.047392 [  -10.0000,    10.0000]
con_amp         32    -12.761519 [  -20.0000,    20.0000]

----- dataset:  FWHMdata_harps
jitter_0        33      0.297386 [    0.0500,   500.0000]
offset_0        34   6915.131614 [-3089.7591, 17176.3834]
offset_1        35   7170.734985 [-3089.7591, 17176.3834]

----- dataset: FWHMdata_harps            ----- model: gp_multidimensional           
rot_amp         36      3.541840 [  -10.0000,    10.0000]
con_amp         37     -2.851560 [  -20.0000,    20.0000]

----- dataset:  FWHMdata_neid
jitter_0        38      0.536206 [    0.0500,   500.0000]
offset_0        39   6958.505595 [-3048.6741, 16964.4171]

----- dataset: FWHMdata_neid             ----- model: gp_multidimensional           
rot_amp         40      3.210140 [  -10.0000,    10.0000]
con_amp         41      1.259593 [  -20.0000,    20.0000]

----- dataset:  Contrastdata_expres
jitter_0        42    144.472062 [    1.3000, 13000.0000]
offset_0        43  -349518.665102 [-359904.6550, -339010.7170]

----- dataset: Contrastdata_expres       ----- model: gp_multidimensional           
rot_amp         44      6.693812 [  -10.0000,    10.0000]
con_amp         45     -8.056934 [  -20.0000,    20.0000]

----- dataset:  Contrastdata_harps
jitter_0        46    145.897934 [    1.3000, 13000.0000]
offset_0        47  -453749.088409 [-464191.7012, -409470.7990]
offset_1        48  -419706.738552 [-464191.7012, -409470.7990]

----- dataset: Contrastdata_harps        ----- model: gp_multidimensional           
rot_amp         49     -1.099617 [  -10.0000,    10.0000]
con_amp         50     18.541437 [  -20.0000,    20.0000]

----- dataset:  Contrastdata_neid
jitter_0        51     51.630081 [    1.3000, 13000.0000]
offset_0        52  -359630.307582 [-369916.7183, -349338.4961]

----- dataset: Contrastdata_neid         ----- model: gp_multidimensional           
rot_amp         53     -1.105871 [  -10.0000,    10.0000]
con_amp         54     10.737905 [  -20.0000,    20.0000]

----- dataset:  Halphadata_expres
jitter_0        55      0.000027 [    0.0000,     0.1000]
offset_0        56      0.172175 [-9999.8288, 10000.1731]

----- dataset: Halphadata_expres         ----- model: gp_multidimensional           
rot_amp         57      0.001142 [  -10.0000,    10.0000]
con_amp         58      0.000485 [  -20.0000,    20.0000]

----- dataset:  Halphadata_harps
jitter_0        59      0.000635 [    0.0000,     0.1000]
offset_0        60      0.174118 [-9999.8280, 10000.1797]
offset_1        61      0.172609 [-9999.8280, 10000.1797]

----- dataset: Halphadata_harps          ----- model: gp_multidimensional           
rot_amp         62     -0.002059 [  -10.0000,    10.0000]
con_amp         63     -0.002635 [  -20.0000,    20.0000]

----- dataset:  Halphadata_neid
jitter_0        64      0.000248 [    0.0000,     0.1000]
offset_0        65      0.171061 [-9999.8297, 10000.1722]

----- dataset: Halphadata_neid           ----- model: gp_multidimensional           
rot_amp         66      0.000107 [  -10.0000,    10.0000]
con_amp         67     -0.000226 [  -20.0000,    20.0000]

----- dataset:  CaIIdata_expres
jitter_0        68      0.001599 [    0.0000,     0.3000]
offset_0        69      0.101035 [-9999.9090, 10000.1096]

----- dataset: CaIIdata_expres           ----- model: gp_multidimensional           
rot_amp         70     -0.004805 [  -10.0000,    10.0000]
con_amp         71      0.001974 [  -20.0000,    20.0000]

----- dataset:  CaIIdata_harps
jitter_0        72      0.000378 [    0.0000,     0.3000]
offset_0        73      0.105087 [-9999.9026, 10000.1079]
offset_1        74      0.104327 [-9999.9026, 10000.1079]

----- dataset: CaIIdata_harps            ----- model: gp_multidimensional           
rot_amp         75      0.005484 [  -10.0000,    10.0000]
con_amp         76     -0.000115 [  -20.0000,    20.0000]

----- dataset:  CaIIdata_neid
jitter_0        77      0.000236 [    0.0000,     0.3000]
offset_0        78      0.100175 [-9999.9012, 10000.1000]

----- dataset: CaIIdata_neid             ----- model: gp_multidimensional           
rot_amp         79      0.008228 [  -10.0000,    10.0000]
con_amp         80      0.000824 [  -20.0000,    20.0000]

----- common model:  activity
Prot             0     27.345782 [   20.0000,    35.0000]
Pdec             1     75.275161 [   30.0000,  1000.0000]
Oamp             2     -1.433473 [   -6.6439,     0.0000]

----- common model:  star_parameters

====================================================================================================
     Statistics on the model parameters obtained from the posteriors samples     
====================================================================================================

----- dataset:  RVdata_expres
jitter_0              1.579431 
offset_0              7.316686 


----- dataset: RVdata_expres             ----- model: gp_multidimensional           
rot_amp               0.299019 
con_amp              -4.346451 

----- dataset:  RVdata_harps
jitter_0              1.358566 
offset_0              6.121364 
offset_1              6.457023 


----- dataset: RVdata_harps              ----- model: gp_multidimensional           
rot_amp               4.018372 
con_amp              -8.122636 

----- dataset:  RVdata_neid
jitter_0              1.007534 
offset_0              6.514313 


----- dataset: RVdata_neid               ----- model: gp_multidimensional           
rot_amp               0.400582 
con_amp              -7.649013 

----- dataset:  BISdata_expres
jitter_0              2.265797 
offset_0            -52.791998 


----- dataset: BISdata_expres            ----- model: gp_multidimensional           
rot_amp              -3.151575 
con_amp               3.611870 

----- dataset:  BISdata_harps
jitter_0              1.825764 
offset_0            -47.081691 
offset_1            -37.179791 


----- dataset: BISdata_harps             ----- model: gp_multidimensional           
rot_amp              -1.071161 
con_amp              -3.350665 

----- dataset:  BISdata_neid
jitter_0              1.207046 
offset_0            -46.910749 


----- dataset: BISdata_neid              ----- model: gp_multidimensional           
rot_amp               0.901250 
con_amp               0.617908 

----- dataset:  FWHMdata_expres
jitter_0              0.654397 
offset_0           6770.640088 


----- dataset: FWHMdata_expres           ----- model: gp_multidimensional           
rot_amp               8.047392 
con_amp             -12.761519 

----- dataset:  FWHMdata_harps
jitter_0              0.297386 
offset_0           6915.131614 
offset_1           7170.734985 


----- dataset: FWHMdata_harps            ----- model: gp_multidimensional           
rot_amp               3.541840 
con_amp              -2.851560 

----- dataset:  FWHMdata_neid
jitter_0              0.536206 
offset_0           6958.505595 


----- dataset: FWHMdata_neid             ----- model: gp_multidimensional           
rot_amp               3.210140 
con_amp               1.259593 

----- dataset:  Contrastdata_expres
jitter_0            144.472062 
offset_0        -349518.665102 


----- dataset: Contrastdata_expres       ----- model: gp_multidimensional           
rot_amp               6.693812 
con_amp              -8.056934 

----- dataset:  Contrastdata_harps
jitter_0            145.897934 
offset_0        -453749.088409 
offset_1        -419706.738552 


----- dataset: Contrastdata_harps        ----- model: gp_multidimensional           
rot_amp              -1.099617 
con_amp              18.541437 

----- dataset:  Contrastdata_neid
jitter_0             51.630081 
offset_0        -359630.307582 


----- dataset: Contrastdata_neid         ----- model: gp_multidimensional           
rot_amp              -1.105871 
con_amp              10.737905 

----- dataset:  Halphadata_expres
jitter_0              0.000027 
offset_0              0.172175 


----- dataset: Halphadata_expres         ----- model: gp_multidimensional           
rot_amp               0.001142 
con_amp               0.000485 

----- dataset:  Halphadata_harps
jitter_0              0.000635 
offset_0              0.174118 
offset_1              0.172609 


----- dataset: Halphadata_harps          ----- model: gp_multidimensional           
rot_amp              -0.002059 
con_amp              -0.002635 

----- dataset:  Halphadata_neid
jitter_0              0.000248 
offset_0              0.171061 


----- dataset: Halphadata_neid           ----- model: gp_multidimensional           
rot_amp               0.000107 
con_amp              -0.000226 

----- dataset:  CaIIdata_expres
jitter_0              0.001599 
offset_0              0.101035 


----- dataset: CaIIdata_expres           ----- model: gp_multidimensional           
rot_amp              -0.004805 
con_amp               0.001974 

----- dataset:  CaIIdata_harps
jitter_0              0.000378 
offset_0              0.105087 
offset_1              0.104327 


----- dataset: CaIIdata_harps            ----- model: gp_multidimensional           
rot_amp               0.005484 
con_amp              -0.000115 

----- dataset:  CaIIdata_neid
jitter_0              0.000236 
offset_0              0.100175 


----- dataset: CaIIdata_neid             ----- model: gp_multidimensional           
rot_amp               0.008228 
con_amp               0.000824 

----- common model:  activity
Prot                 27.345782 
Pdec                 75.275161 
Oamp                  0.370238 

----- common model:  star_parameters

====================================================================================================
     Statistics on the derived parameters obtained from the posteriors samples     
====================================================================================================


====================================================================================================
     ------------------------------------------------------------------------------------------     
====================================================================================================



****************************************************************************************************

Note: stellar density derived from stellar mass and radius

 Plot FLAT chain 

****************************************************************************************************

 Skipping full correlation plot due to the high number of parameters
 To avoid this behaviour, set the keyword parameters:force_full_correlation_plot to True

****************************************************************************************************

 Plotting the chains... 

****************************************************************************************************

 Plotting the Gelman-Rubin traces... 

     Gelman-Rubin:     3     1.158220 RVdata_expres_jitter_0 
     Gelman-Rubin:     4     1.248369 RVdata_expres_offset_0 
     Gelman-Rubin:     5     1.091762 RVdata_expres_gp_multidimensional_rot_amp 
     Gelman-Rubin:     6     1.064663 RVdata_expres_gp_multidimensional_con_amp 
     Gelman-Rubin:     7     1.139445 RVdata_harps_jitter_0 
     Gelman-Rubin:     8     1.270282 RVdata_harps_offset_0 
     Gelman-Rubin:     9     1.259192 RVdata_harps_offset_1 
     Gelman-Rubin:    10     1.114730 RVdata_harps_gp_multidimensional_rot_amp 
     Gelman-Rubin:    11     1.042176 RVdata_harps_gp_multidimensional_con_amp 
     Gelman-Rubin:    12     1.158586 RVdata_neid_jitter_0 
     Gelman-Rubin:    13     1.262061 RVdata_neid_offset_0 
     Gelman-Rubin:    14     1.081140 RVdata_neid_gp_multidimensional_rot_amp 
     Gelman-Rubin:    15     1.038892 RVdata_neid_gp_multidimensional_con_amp 
     Gelman-Rubin:    16     1.144788 BISdata_expres_jitter_0 
     Gelman-Rubin:    17     1.278394 BISdata_expres_offset_0 
     Gelman-Rubin:    18     1.206852 BISdata_expres_gp_multidimensional_rot_amp 
     Gelman-Rubin:    19     1.104058 BISdata_expres_gp_multidimensional_con_amp 
     Gelman-Rubin:    20     1.155520 BISdata_harps_jitter_0 
     Gelman-Rubin:    21     1.237731 BISdata_harps_offset_0 
     Gelman-Rubin:    22     1.223389 BISdata_harps_offset_1 
     Gelman-Rubin:    23     1.181157 BISdata_harps_gp_multidimensional_rot_amp 
     Gelman-Rubin:    24     1.060750 BISdata_harps_gp_multidimensional_con_amp 
     Gelman-Rubin:    25     1.139926 BISdata_neid_jitter_0 
     Gelman-Rubin:    26     1.245096 BISdata_neid_offset_0 
     Gelman-Rubin:    27     1.170700 BISdata_neid_gp_multidimensional_rot_amp 
     Gelman-Rubin:    28     1.172045 BISdata_neid_gp_multidimensional_con_amp 
     Gelman-Rubin:    29     1.121534 FWHMdata_expres_jitter_0 
     Gelman-Rubin:    30     1.388126 FWHMdata_expres_offset_0 
     Gelman-Rubin:    31     1.206486 FWHMdata_expres_gp_multidimensional_rot_amp 
     Gelman-Rubin:    32     1.052782 FWHMdata_expres_gp_multidimensional_con_amp 
     Gelman-Rubin:    33     1.130656 FWHMdata_harps_jitter_0 
     Gelman-Rubin:    34     1.266816 FWHMdata_harps_offset_0 
     Gelman-Rubin:    35     1.243377 FWHMdata_harps_offset_1 
     Gelman-Rubin:    36     1.168859 FWHMdata_harps_gp_multidimensional_rot_amp 
     Gelman-Rubin:    37     1.141740 FWHMdata_harps_gp_multidimensional_con_amp 
     Gelman-Rubin:    38     1.140812 FWHMdata_neid_jitter_0 
     Gelman-Rubin:    39     1.226327 FWHMdata_neid_offset_0 
     Gelman-Rubin:    40     1.180291 FWHMdata_neid_gp_multidimensional_rot_amp 
     Gelman-Rubin:    41     1.217225 FWHMdata_neid_gp_multidimensional_con_amp 
     Gelman-Rubin:    42     1.143925 Contrastdata_expres_jitter_0 
     Gelman-Rubin:    43     1.167368 Contrastdata_expres_offset_0 
     Gelman-Rubin:    44     1.086749 Contrastdata_expres_gp_multidimensional_rot_amp 
     Gelman-Rubin:    45     1.089424 Contrastdata_expres_gp_multidimensional_con_amp 
     Gelman-Rubin:    46     1.142109 Contrastdata_harps_jitter_0 
     Gelman-Rubin:    47     1.161536 Contrastdata_harps_offset_0 
     Gelman-Rubin:    48     1.153211 Contrastdata_harps_offset_1 
     Gelman-Rubin:    49     1.113505 Contrastdata_harps_gp_multidimensional_rot_amp 
     Gelman-Rubin:    50     1.083562 Contrastdata_harps_gp_multidimensional_con_amp 
     Gelman-Rubin:    51     1.136343 Contrastdata_neid_jitter_0 
     Gelman-Rubin:    52     1.170524 Contrastdata_neid_offset_0 
     Gelman-Rubin:    53     1.099644 Contrastdata_neid_gp_multidimensional_rot_amp 
     Gelman-Rubin:    54     1.176009 Contrastdata_neid_gp_multidimensional_con_amp 
     Gelman-Rubin:    55     1.128507 Halphadata_expres_jitter_0 
     Gelman-Rubin:    56     1.234927 Halphadata_expres_offset_0 
     Gelman-Rubin:    57     1.147635 Halphadata_expres_gp_multidimensional_rot_amp 
     Gelman-Rubin:    58     1.159313 Halphadata_expres_gp_multidimensional_con_amp 
     Gelman-Rubin:    59     1.154885 Halphadata_harps_jitter_0 
     Gelman-Rubin:    60     1.209092 Halphadata_harps_offset_0 
     Gelman-Rubin:    61     1.193784 Halphadata_harps_offset_1 
     Gelman-Rubin:    62     1.152391 Halphadata_harps_gp_multidimensional_rot_amp 
     Gelman-Rubin:    63     1.136416 Halphadata_harps_gp_multidimensional_con_amp 
     Gelman-Rubin:    64     1.133133 Halphadata_neid_jitter_0 
     Gelman-Rubin:    65     1.248475 Halphadata_neid_offset_0 
     Gelman-Rubin:    66     1.173868 Halphadata_neid_gp_multidimensional_rot_amp 
     Gelman-Rubin:    67     1.188499 Halphadata_neid_gp_multidimensional_con_amp 
     Gelman-Rubin:    68     1.162770 CaIIdata_expres_jitter_0 
     Gelman-Rubin:    69     1.215869 CaIIdata_expres_offset_0 
     Gelman-Rubin:    70     1.143286 CaIIdata_expres_gp_multidimensional_rot_amp 
     Gelman-Rubin:    71     1.181010 CaIIdata_expres_gp_multidimensional_con_amp 
     Gelman-Rubin:    72     1.130374 CaIIdata_harps_jitter_0 
     Gelman-Rubin:    73     1.202173 CaIIdata_harps_offset_0 
     Gelman-Rubin:    74     1.199881 CaIIdata_harps_offset_1 
     Gelman-Rubin:    75     1.178923 CaIIdata_harps_gp_multidimensional_rot_amp 
     Gelman-Rubin:    76     1.185119 CaIIdata_harps_gp_multidimensional_con_amp 
     Gelman-Rubin:    77     1.137735 CaIIdata_neid_jitter_0 
     Gelman-Rubin:    78     1.238502 CaIIdata_neid_offset_0 
     Gelman-Rubin:    79     1.186016 CaIIdata_neid_gp_multidimensional_rot_amp 
     Gelman-Rubin:    80     1.226315 CaIIdata_neid_gp_multidimensional_con_amp 
     Gelman-Rubin:     0     1.155951 activity_Prot 
     Gelman-Rubin:     1     1.030505 activity_Pdec 
     Gelman-Rubin:     2     1.103444 activity_Oamp 

****************************************************************************************************

Plotting the common models corner plots
     Common model:  activity
     Common model:  star_parameters

****************************************************************************************************

Plotting the dataset + models corner plots 

     Dataset:  RVdata_expres     model:  gp_multidimensional  corner plot  starting 
     Dataset:  RVdata_expres     model:  gp_multidimensional  corner plot  done 
     Dataset:  RVdata_harps     model:  gp_multidimensional  corner plot  starting 
     Dataset:  RVdata_harps     model:  gp_multidimensional  corner plot  done 
     Dataset:  RVdata_neid     model:  gp_multidimensional  corner plot  starting 
     Dataset:  RVdata_neid     model:  gp_multidimensional  corner plot  done 
     Dataset:  BISdata_expres     model:  gp_multidimensional  corner plot  starting 
     Dataset:  BISdata_expres     model:  gp_multidimensional  corner plot  done 
     Dataset:  BISdata_harps     model:  gp_multidimensional  corner plot  starting 
     Dataset:  BISdata_harps     model:  gp_multidimensional  corner plot  done 
     Dataset:  BISdata_neid     model:  gp_multidimensional  corner plot  starting 
     Dataset:  BISdata_neid     model:  gp_multidimensional  corner plot  done 
     Dataset:  FWHMdata_expres     model:  gp_multidimensional  corner plot  starting 
     Dataset:  FWHMdata_expres     model:  gp_multidimensional  corner plot  done 
     Dataset:  FWHMdata_harps     model:  gp_multidimensional  corner plot  starting 
     Dataset:  FWHMdata_harps     model:  gp_multidimensional  corner plot  done 
     Dataset:  FWHMdata_neid     model:  gp_multidimensional  corner plot  starting 
     Dataset:  FWHMdata_neid     model:  gp_multidimensional  corner plot  done 
     Dataset:  Contrastdata_expres     model:  gp_multidimensional  corner plot  starting 
     Dataset:  Contrastdata_expres     model:  gp_multidimensional  corner plot  done 
     Dataset:  Contrastdata_harps     model:  gp_multidimensional  corner plot  starting 
     Dataset:  Contrastdata_harps     model:  gp_multidimensional  corner plot  done 
     Dataset:  Contrastdata_neid     model:  gp_multidimensional  corner plot  starting 
     Dataset:  Contrastdata_neid     model:  gp_multidimensional  corner plot  done 
     Dataset:  Halphadata_expres     model:  gp_multidimensional  corner plot  starting 
     Dataset:  Halphadata_expres     model:  gp_multidimensional  corner plot  done 
     Dataset:  Halphadata_harps     model:  gp_multidimensional  corner plot  starting 
     Dataset:  Halphadata_harps     model:  gp_multidimensional  corner plot  done 
     Dataset:  Halphadata_neid     model:  gp_multidimensional  corner plot  starting 
     Dataset:  Halphadata_neid     model:  gp_multidimensional  corner plot  done 
     Dataset:  CaIIdata_expres     model:  gp_multidimensional  corner plot  starting 
     Dataset:  CaIIdata_expres     model:  gp_multidimensional  corner plot  done 
     Dataset:  CaIIdata_harps     model:  gp_multidimensional  corner plot  starting 
     Dataset:  CaIIdata_harps     model:  gp_multidimensional  corner plot  done 
     Dataset:  CaIIdata_neid     model:  gp_multidimensional  corner plot  starting 
     Dataset:  CaIIdata_neid     model:  gp_multidimensional  corner plot  done 

****************************************************************************************************

 Saving the planet parameter samplings to files (with plots)

****************************************************************************************************

 Saving all the parameter samplings to files (with plots)

****************************************************************************************************

 Computing the models for plot/data writing 
     Splitting the plot array to allow GP prediction of extended datasets, it may take a while...
     # 21 chunks of 84 times each
     Check the documentation if the code is taking too long or if it crashes...
     Splitting the plot array to allow GP prediction of extended datasets, it may take a while...
     # 21 chunks of 84 times each
     Check the documentation if the code is taking too long or if it crashes...
     Splitting the plot array to allow GP prediction of extended datasets, it may take a while...
     # 21 chunks of 84 times each
     Check the documentation if the code is taking too long or if it crashes...
     Splitting the plot array to allow GP prediction of extended datasets, it may take a while...
     # 15 chunks of 84 times each
     Check the documentation if the code is taking too long or if it crashes...
     Splitting the plot array to allow GP prediction of extended datasets, it may take a while...
     # 15 chunks of 84 times each
     Check the documentation if the code is taking too long or if it crashes...
     Splitting the plot array to allow GP prediction of extended datasets, it may take a while...
     # 13 chunks of 84 times each
     Check the documentation if the code is taking too long or if it crashes...
     Splitting the plot array to allow GP prediction of extended datasets, it may take a while...
     # 15 chunks of 84 times each
     Check the documentation if the code is taking too long or if it crashes...
     Splitting the plot array to allow GP prediction of extended datasets, it may take a while...
     # 15 chunks of 84 times each
     Check the documentation if the code is taking too long or if it crashes...
     Splitting the plot array to allow GP prediction of extended datasets, it may take a while...
     # 13 chunks of 84 times each
     Check the documentation if the code is taking too long or if it crashes...
     Splitting the plot array to allow GP prediction of extended datasets, it may take a while...
     # 15 chunks of 84 times each
     Check the documentation if the code is taking too long or if it crashes...
     Splitting the plot array to allow GP prediction of extended datasets, it may take a while...
     # 15 chunks of 84 times each
     Check the documentation if the code is taking too long or if it crashes...
     Splitting the plot array to allow GP prediction of extended datasets, it may take a while...
     # 13 chunks of 84 times each
     Check the documentation if the code is taking too long or if it crashes...
     Splitting the plot array to allow GP prediction of extended datasets, it may take a while...
     # 15 chunks of 84 times each
     Check the documentation if the code is taking too long or if it crashes...
     Splitting the plot array to allow GP prediction of extended datasets, it may take a while...
     # 15 chunks of 84 times each
     Check the documentation if the code is taking too long or if it crashes...
     Splitting the plot array to allow GP prediction of extended datasets, it may take a while...
     # 13 chunks of 84 times each
     Check the documentation if the code is taking too long or if it crashes...
     Splitting the plot array to allow GP prediction of extended datasets, it may take a while...
     # 15 chunks of 84 times each
     Check the documentation if the code is taking too long or if it crashes...
     Splitting the plot array to allow GP prediction of extended datasets, it may take a while...
     # 15 chunks of 84 times each
     Check the documentation if the code is taking too long or if it crashes...
     Splitting the plot array to allow GP prediction of extended datasets, it may take a while...
     # 13 chunks of 84 times each
     Check the documentation if the code is taking too long or if it crashes...
     Splitting the plot array to allow GP prediction of extended datasets, it may take a while...
     # 21 chunks of 84 times each
     Check the documentation if the code is taking too long or if it crashes...
     Splitting the plot array to allow GP prediction of extended datasets, it may take a while...
     # 21 chunks of 84 times each
     Check the documentation if the code is taking too long or if it crashes...
     Splitting the plot array to allow GP prediction of extended datasets, it may take a while...
     # 21 chunks of 84 times each
     Check the documentation if the code is taking too long or if it crashes...
     Splitting the plot array to allow GP prediction of extended datasets, it may take a while...
     # 15 chunks of 84 times each
     Check the documentation if the code is taking too long or if it crashes...
     Splitting the plot array to allow GP prediction of extended datasets, it may take a while...
     # 15 chunks of 84 times each
     Check the documentation if the code is taking too long or if it crashes...
     Splitting the plot array to allow GP prediction of extended datasets, it may take a while...
     # 13 chunks of 84 times each
     Check the documentation if the code is taking too long or if it crashes...
     Splitting the plot array to allow GP prediction of extended datasets, it may take a while...
     # 15 chunks of 84 times each
     Check the documentation if the code is taking too long or if it crashes...
     Splitting the plot array to allow GP prediction of extended datasets, it may take a while...
     # 15 chunks of 84 times each
     Check the documentation if the code is taking too long or if it crashes...
     Splitting the plot array to allow GP prediction of extended datasets, it may take a while...
     # 13 chunks of 84 times each
     Check the documentation if the code is taking too long or if it crashes...
     Splitting the plot array to allow GP prediction of extended datasets, it may take a while...
     # 15 chunks of 84 times each
     Check the documentation if the code is taking too long or if it crashes...
     Splitting the plot array to allow GP prediction of extended datasets, it may take a while...
     # 15 chunks of 84 times each
     Check the documentation if the code is taking too long or if it crashes...
     Splitting the plot array to allow GP prediction of extended datasets, it may take a while...
     # 13 chunks of 84 times each
     Check the documentation if the code is taking too long or if it crashes...
     Splitting the plot array to allow GP prediction of extended datasets, it may take a while...
     # 15 chunks of 84 times each
     Check the documentation if the code is taking too long or if it crashes...
     Splitting the plot array to allow GP prediction of extended datasets, it may take a while...
     # 15 chunks of 84 times each
     Check the documentation if the code is taking too long or if it crashes...
     Splitting the plot array to allow GP prediction of extended datasets, it may take a while...
     # 13 chunks of 84 times each
     Check the documentation if the code is taking too long or if it crashes...
     Splitting the plot array to allow GP prediction of extended datasets, it may take a while...
     # 15 chunks of 84 times each
     Check the documentation if the code is taking too long or if it crashes...
     Splitting the plot array to allow GP prediction of extended datasets, it may take a while...
     # 15 chunks of 84 times each
     Check the documentation if the code is taking too long or if it crashes...
     Splitting the plot array to allow GP prediction of extended datasets, it may take a while...
     # 13 chunks of 84 times each
     Check the documentation if the code is taking too long or if it crashes...
     Splitting the plot array to allow GP prediction of extended datasets, it may take a while...
     # 21 chunks of 84 times each
     Check the documentation if the code is taking too long or if it crashes...
     Splitting the plot array to allow GP prediction of extended datasets, it may take a while...
     # 21 chunks of 84 times each
     Check the documentation if the code is taking too long or if it crashes...
     Splitting the plot array to allow GP prediction of extended datasets, it may take a while...
     # 21 chunks of 84 times each
     Check the documentation if the code is taking too long or if it crashes...
     Splitting the plot array to allow GP prediction of extended datasets, it may take a while...
     # 15 chunks of 84 times each
     Check the documentation if the code is taking too long or if it crashes...
     Splitting the plot array to allow GP prediction of extended datasets, it may take a while...
     # 15 chunks of 84 times each
     Check the documentation if the code is taking too long or if it crashes...
     Splitting the plot array to allow GP prediction of extended datasets, it may take a while...
     # 13 chunks of 84 times each
     Check the documentation if the code is taking too long or if it crashes...
     Splitting the plot array to allow GP prediction of extended datasets, it may take a while...
     # 15 chunks of 84 times each
     Check the documentation if the code is taking too long or if it crashes...
     Splitting the plot array to allow GP prediction of extended datasets, it may take a while...
     # 15 chunks of 84 times each
     Check the documentation if the code is taking too long or if it crashes...
     Splitting the plot array to allow GP prediction of extended datasets, it may take a while...
     # 13 chunks of 84 times each
     Check the documentation if the code is taking too long or if it crashes...
     Splitting the plot array to allow GP prediction of extended datasets, it may take a while...
     # 15 chunks of 84 times each
     Check the documentation if the code is taking too long or if it crashes...
     Splitting the plot array to allow GP prediction of extended datasets, it may take a while...
     # 15 chunks of 84 times each
     Check the documentation if the code is taking too long or if it crashes...
     Splitting the plot array to allow GP prediction of extended datasets, it may take a while...
     # 13 chunks of 84 times each
     Check the documentation if the code is taking too long or if it crashes...
     Splitting the plot array to allow GP prediction of extended datasets, it may take a while...
     # 15 chunks of 84 times each
     Check the documentation if the code is taking too long or if it crashes...
     Splitting the plot array to allow GP prediction of extended datasets, it may take a while...
     # 15 chunks of 84 times each
     Check the documentation if the code is taking too long or if it crashes...
     Splitting the plot array to allow GP prediction of extended datasets, it may take a while...
     # 13 chunks of 84 times each
     Check the documentation if the code is taking too long or if it crashes...
     Splitting the plot array to allow GP prediction of extended datasets, it may take a while...
     # 15 chunks of 84 times each
     Check the documentation if the code is taking too long or if it crashes...
     Splitting the plot array to allow GP prediction of extended datasets, it may take a while...
     # 15 chunks of 84 times each
     Check the documentation if the code is taking too long or if it crashes...
     Splitting the plot array to allow GP prediction of extended datasets, it may take a while...
     # 13 chunks of 84 times each
     Check the documentation if the code is taking too long or if it crashes...
 Writing the plots 
 Writing the   data files 
 Writing the  MAP_ data files 
 Writing the  sampleMED_ data files 

****************************************************************************************************

