
:::---::: PyORBIT v11.0.1 :::---:::

Python version in use:
3.10.18 (main, Jun  5 2025, 13:14:17) [GCC 11.2.0]

reloaded_optimize:  False
reloaded_pyde:  False
reloaded_emcee:  False

number of multiprocessing threads: 16
multiprocessing method (should be fork):  fork

parameters/safe_reload flag (must be True for tinygp):  False

Opening:  RVdata_expres
Opening:  RVdata_harps
Opening:  RVdata_neid
Opening:  FIESTAdata_expres_mode1
Opening:  FIESTAdata_expres_mode2
Opening:  FIESTAdata_harps_mode1
Opening:  FIESTAdata_harps_mode2
Opening:  FIESTAdata_harpsn_mode1
Opening:  FIESTAdata_harpsn_mode2
Opening:  FIESTAdata_neid_mode1
Opening:  FIESTAdata_neid_mode2

Adding common model of planet:  b
Using orbital model:  keplerian
Using orbital parametrization:  Eastman2013

gp_multidimensional  S+LEAF model, number of harmonics: 4

GP model: gp_multidimensional  hyperparameters_condition:    True
GP model: gp_multidimensional  rotation_decay_condition:     True

====================================================================================================
     Ids, spaces (s), boundaries (b) and priors (p) of the sampler parameters     
====================================================================================================

----- dataset:  RVdata_expres
jitter_0      id:   8  s:Linear      b:[      0.0010,      11.5000]   p:Uniform   []
offset_0      id:   9  s:Linear      b:[ -10006.2420,   10010.4100]   p:Uniform   []

----- dataset: RVdata_expres             ----- model: gp_multidimensional           
rot_amp       id:  10  s:Linear      b:[      0.0000,      10.0000]   p:Uniform   []
con_amp       id:  11  s:Linear      b:[    -20.0000,      20.0000]   p:Uniform   []

----- dataset:  RVdata_harps
jitter_0      id:  12  s:Linear      b:[      0.0009,      13.3000]   p:Uniform   []
offset_0      id:  13  s:Linear      b:[ -10005.4343,   10010.2475]   p:Uniform   []
offset_1      id:  14  s:Linear      b:[ -10005.4343,   10010.2475]   p:Uniform   []

----- dataset: RVdata_harps              ----- model: gp_multidimensional           
rot_amp       id:  15  s:Linear      b:[      0.0000,      10.0000]   p:Uniform   []
con_amp       id:  16  s:Linear      b:[    -20.0000,      20.0000]   p:Uniform   []

----- dataset:  RVdata_neid
jitter_0      id:  17  s:Linear      b:[      0.0010,      12.2000]   p:Uniform   []
offset_0      id:  18  s:Linear      b:[ -10005.9046,   10009.8774]   p:Uniform   []

----- dataset: RVdata_neid               ----- model: gp_multidimensional           
rot_amp       id:  19  s:Linear      b:[      0.0000,      10.0000]   p:Uniform   []
con_amp       id:  20  s:Linear      b:[    -20.0000,      20.0000]   p:Uniform   []

----- dataset:  FIESTAdata_expres_mode1
jitter_0      id:  21  s:Linear      b:[      0.0017,      18.9185]   p:Uniform   []
offset_0      id:  22  s:Linear      b:[ -10002.1837,   10002.1049]   p:Uniform   []

----- dataset: FIESTAdata_expres_mode1   ----- model: gp_multidimensional           
rot_amp       id:  23  s:Linear      b:[    -10.0000,      10.0000]   p:Uniform   []
con_amp       id:  24  s:Linear      b:[    -20.0000,      20.0000]   p:Uniform   []

----- dataset:  FIESTAdata_expres_mode2
jitter_0      id:  25  s:Linear      b:[      0.0019,      21.6624]   p:Uniform   []
offset_0      id:  26  s:Linear      b:[ -10003.3727,   10003.0967]   p:Uniform   []

----- dataset: FIESTAdata_expres_mode2   ----- model: gp_multidimensional           
rot_amp       id:  27  s:Linear      b:[    -10.0000,      10.0000]   p:Uniform   []
con_amp       id:  28  s:Linear      b:[    -20.0000,      20.0000]   p:Uniform   []

----- dataset:  FIESTAdata_harps_mode1
jitter_0      id:  29  s:Linear      b:[      0.0013,      15.1527]   p:Uniform   []
offset_0      id:  30  s:Linear      b:[ -10001.4398,   10001.8348]   p:Uniform   []

----- dataset: FIESTAdata_harps_mode1    ----- model: gp_multidimensional           
rot_amp       id:  31  s:Linear      b:[    -10.0000,      10.0000]   p:Uniform   []
con_amp       id:  32  s:Linear      b:[    -20.0000,      20.0000]   p:Uniform   []

----- dataset:  FIESTAdata_harps_mode2
jitter_0      id:  33  s:Linear      b:[      0.0015,      17.8947]   p:Uniform   []
offset_0      id:  34  s:Linear      b:[ -10002.9102,   10002.0486]   p:Uniform   []

----- dataset: FIESTAdata_harps_mode2    ----- model: gp_multidimensional           
rot_amp       id:  35  s:Linear      b:[    -10.0000,      10.0000]   p:Uniform   []
con_amp       id:  36  s:Linear      b:[    -20.0000,      20.0000]   p:Uniform   []

----- dataset:  FIESTAdata_harpsn_mode1
jitter_0      id:  37  s:Linear      b:[      0.0010,      12.1308]   p:Uniform   []
offset_0      id:  38  s:Linear      b:[ -10003.4429,   10002.9588]   p:Uniform   []

----- dataset: FIESTAdata_harpsn_mode1   ----- model: gp_multidimensional           
rot_amp       id:  39  s:Linear      b:[    -10.0000,      10.0000]   p:Uniform   []
con_amp       id:  40  s:Linear      b:[    -20.0000,      20.0000]   p:Uniform   []

----- dataset:  FIESTAdata_harpsn_mode2
jitter_0      id:  41  s:Linear      b:[      0.0012,      14.0513]   p:Uniform   []
offset_0      id:  42  s:Linear      b:[ -10003.9934,   10004.8720]   p:Uniform   []

----- dataset: FIESTAdata_harpsn_mode2   ----- model: gp_multidimensional           
rot_amp       id:  43  s:Linear      b:[    -10.0000,      10.0000]   p:Uniform   []
con_amp       id:  44  s:Linear      b:[    -20.0000,      20.0000]   p:Uniform   []

----- dataset:  FIESTAdata_neid_mode1
jitter_0      id:  45  s:Linear      b:[      0.0016,      19.1193]   p:Uniform   []
offset_0      id:  46  s:Linear      b:[ -10001.7794,   10002.1612]   p:Uniform   []

----- dataset: FIESTAdata_neid_mode1     ----- model: gp_multidimensional           
rot_amp       id:  47  s:Linear      b:[    -10.0000,      10.0000]   p:Uniform   []
con_amp       id:  48  s:Linear      b:[    -20.0000,      20.0000]   p:Uniform   []

----- dataset:  FIESTAdata_neid_mode2
jitter_0      id:  49  s:Linear      b:[      0.0020,      23.1435]   p:Uniform   []
offset_0      id:  50  s:Linear      b:[ -10002.8721,   10002.3579]   p:Uniform   []

----- dataset: FIESTAdata_neid_mode2     ----- model: gp_multidimensional           
rot_amp       id:  51  s:Linear      b:[    -10.0000,      10.0000]   p:Uniform   []
con_amp       id:  52  s:Linear      b:[    -20.0000,      20.0000]   p:Uniform   []

----- common model:  b
P             id:   0  s:Log_Base2   b:[      0.3785,       6.6439]   p:Uniform   []
K             id:   1  s:Log_Base2   b:[     -9.9658,       3.3219]   p:Uniform   []
sre_coso      id:   2  s:Linear      b:[     -1.0000,       1.0000]   p:Uniform   []
sre_sino      id:   3  s:Linear      b:[     -1.0000,       1.0000]   p:Uniform   []
mean_long     id:   4  s:Linear      b:[      0.0000,     360.0000]   p:Uniform   []
e             derived (no id, space, bound)                           p:Gaussian   [0.    0.098]
omega         derived (no id, space, bound)                           p:Uniform   [0.0, 360.0]

----- common model:  activity
Prot          id:   5  s:Linear      b:[     20.0000,      35.0000]   p:Gaussian   [28.   0.5]
Pdec          id:   6  s:Linear      b:[     30.0000,    1000.0000]   p:Uniform   []
Oamp          id:   7  s:Log_Base2   b:[     -6.6439,       0.0000]   p:Gaussian   [0.35  0.035]

----- common model:  star_parameters
mass          derived (no id, space, bound)                           p:Gaussian   [1.e+00 1.e-06]
radius        derived (no id, space, bound)                           p:Gaussian   [1.e+00 1.e-06]
density       derived (no id, space, bound)                           p:Gaussian   [1.e+00 1.e-06]

Include priors:  True

Reference Time Tref:  59334.700184

Dimensions =  53
Nwalkers =  212

Using threading pool for PyDE: True
PyDE running
Boundaries redefined after PyDE output
PyDE completed, it took        379.7 seconds

====================================================================================================
     Starting point of the sample/optimization routines    
====================================================================================================

----- dataset:  RVdata_expres
jitter_0         8      0.881176 [    0.0010,    11.5000]
offset_0         9      0.340236 [-10006.2420, 10010.4100]

----- dataset: RVdata_expres             ----- model: gp_multidimensional           
rot_amp         10      0.974464 [    0.0000,    10.0000]
con_amp         11     -4.732345 [  -20.0000,    20.0000]

----- dataset:  RVdata_harps
jitter_0        12      1.243566 [    0.0009,    13.3000]
offset_0        13      1.277064 [-10005.4343, 10010.2475]
offset_1        14      1.965152 [-10005.4343, 10010.2475]

----- dataset: RVdata_harps              ----- model: gp_multidimensional           
rot_amp         15      0.786669 [    0.0000,    10.0000]
con_amp         16     -3.852073 [  -20.0000,    20.0000]

----- dataset:  RVdata_neid
jitter_0        17      1.149944 [    0.0010,    12.2000]
offset_0        18      1.579795 [-10005.9046, 10009.8774]

----- dataset: RVdata_neid               ----- model: gp_multidimensional           
rot_amp         19      0.023347 [    0.0000,    10.0000]
con_amp         20     -3.989492 [  -20.0000,    20.0000]

----- dataset:  FIESTAdata_expres_mode1
jitter_0        21      0.940156 [    0.0017,    18.9185]
offset_0        22      0.003493 [-10002.1837, 10002.1049]

----- dataset: FIESTAdata_expres_mode1   ----- model: gp_multidimensional           
rot_amp         23      0.236019 [  -10.0000,    10.0000]
con_amp         24     -0.233800 [  -20.0000,    20.0000]

----- dataset:  FIESTAdata_expres_mode2
jitter_0        25      1.258375 [    0.0019,    21.6624]
offset_0        26     -0.000584 [-10003.3727, 10003.0967]

----- dataset: FIESTAdata_expres_mode2   ----- model: gp_multidimensional           
rot_amp         27     -0.630568 [  -10.0000,    10.0000]
con_amp         28      0.587008 [  -20.0000,    20.0000]

----- dataset:  FIESTAdata_harps_mode1
jitter_0        29      0.793851 [    0.0013,    15.1527]
offset_0        30      1.044343 [-10001.4398, 10001.8348]

----- dataset: FIESTAdata_harps_mode1    ----- model: gp_multidimensional           
rot_amp         31     -1.127891 [  -10.0000,    10.0000]
con_amp         32     -1.461700 [  -20.0000,    20.0000]

----- dataset:  FIESTAdata_harps_mode2
jitter_0        33      1.243970 [    0.0015,    17.8947]
offset_0        34     -1.407878 [-10002.9102, 10002.0486]

----- dataset: FIESTAdata_harps_mode2    ----- model: gp_multidimensional           
rot_amp         35     -0.019074 [  -10.0000,    10.0000]
con_amp         36      2.050397 [  -20.0000,    20.0000]

----- dataset:  FIESTAdata_harpsn_mode1
jitter_0        37      1.191523 [    0.0010,    12.1308]
offset_0        38     -0.051849 [-10003.4429, 10002.9588]

----- dataset: FIESTAdata_harpsn_mode1   ----- model: gp_multidimensional           
rot_amp         39      1.194486 [  -10.0000,    10.0000]
con_amp         40      0.096344 [  -20.0000,    20.0000]

----- dataset:  FIESTAdata_harpsn_mode2
jitter_0        41      1.676863 [    0.0012,    14.0513]
offset_0        42      0.068923 [-10003.9934, 10004.8720]

----- dataset: FIESTAdata_harpsn_mode2   ----- model: gp_multidimensional           
rot_amp         43     -1.202909 [  -10.0000,    10.0000]
con_amp         44     -0.044057 [  -20.0000,    20.0000]

----- dataset:  FIESTAdata_neid_mode1
jitter_0        45      0.791946 [    0.0016,    19.1193]
offset_0        46     -0.045903 [-10001.7794, 10002.1612]

----- dataset: FIESTAdata_neid_mode1     ----- model: gp_multidimensional           
rot_amp         47      0.476622 [  -10.0000,    10.0000]
con_amp         48      0.239908 [  -20.0000,    20.0000]

----- dataset:  FIESTAdata_neid_mode2
jitter_0        49      1.124849 [    0.0020,    23.1435]
offset_0        50      0.033895 [-10002.8721, 10002.3579]

----- dataset: FIESTAdata_neid_mode2     ----- model: gp_multidimensional           
rot_amp         51      0.045107 [  -10.0000,    10.0000]
con_amp         52     -0.267922 [  -20.0000,    20.0000]

----- common model:  b
P                0      0.716521 [    0.3785,     6.6439]
K                1     -0.589350 [   -9.9658,     3.3219]
sre_coso         2     -0.197122 [   -1.0000,     1.0000]
sre_sino         3     -0.263847 [   -1.0000,     1.0000]
mean_long        4    344.071520 [  164.0715,   524.0715]

----- common model:  activity
Prot             5     27.734816 [   20.0000,    35.0000]
Pdec             6     30.030159 [   30.0000,  1000.0000]
Oamp             7     -1.458066 [   -6.6439,     0.0000]

----- common model:  star_parameters

====================================================================================================
     Starting point projected onto the model parameter space     
====================================================================================================

----- dataset:  RVdata_expres
jitter_0              0.881176 
offset_0              0.340236 


----- dataset: RVdata_expres             ----- model: gp_multidimensional           
rot_amp               0.974464 
con_amp              -4.732345 

----- dataset:  RVdata_harps
jitter_0              1.243566 
offset_0              1.277064 
offset_1              1.965152 


----- dataset: RVdata_harps              ----- model: gp_multidimensional           
rot_amp               0.786669 
con_amp              -3.852073 

----- dataset:  RVdata_neid
jitter_0              1.149944 
offset_0              1.579795 


----- dataset: RVdata_neid               ----- model: gp_multidimensional           
rot_amp               0.023347 
con_amp              -3.989492 

----- dataset:  FIESTAdata_expres_mode1
jitter_0              0.940156 
offset_0              0.003493 


----- dataset: FIESTAdata_expres_mode1   ----- model: gp_multidimensional           
rot_amp               0.236019 
con_amp              -0.233800 

----- dataset:  FIESTAdata_expres_mode2
jitter_0              1.258375 
offset_0             -0.000584 


----- dataset: FIESTAdata_expres_mode2   ----- model: gp_multidimensional           
rot_amp              -0.630568 
con_amp               0.587008 

----- dataset:  FIESTAdata_harps_mode1
jitter_0              0.793851 
offset_0              1.044343 


----- dataset: FIESTAdata_harps_mode1    ----- model: gp_multidimensional           
rot_amp              -1.127891 
con_amp              -1.461700 

----- dataset:  FIESTAdata_harps_mode2
jitter_0              1.243970 
offset_0             -1.407878 


----- dataset: FIESTAdata_harps_mode2    ----- model: gp_multidimensional           
rot_amp              -0.019074 
con_amp               2.050397 

----- dataset:  FIESTAdata_harpsn_mode1
jitter_0              1.191523 
offset_0             -0.051849 


----- dataset: FIESTAdata_harpsn_mode1   ----- model: gp_multidimensional           
rot_amp               1.194486 
con_amp               0.096344 

----- dataset:  FIESTAdata_harpsn_mode2
jitter_0              1.676863 
offset_0              0.068923 


----- dataset: FIESTAdata_harpsn_mode2   ----- model: gp_multidimensional           
rot_amp              -1.202909 
con_amp              -0.044057 

----- dataset:  FIESTAdata_neid_mode1
jitter_0              0.791946 
offset_0             -0.045903 


----- dataset: FIESTAdata_neid_mode1     ----- model: gp_multidimensional           
rot_amp               0.476622 
con_amp               0.239908 

----- dataset:  FIESTAdata_neid_mode2
jitter_0              1.124849 
offset_0              0.033895 


----- dataset: FIESTAdata_neid_mode2     ----- model: gp_multidimensional           
rot_amp               0.045107 
con_amp              -0.267922 

----- common model:  b
P                     1.643215 
K                     0.664642 
mean_long           344.071520 
e                     0.108472 
omega              -126.763712 

----- common model:  activity
Prot                 27.734816 
Pdec                 30.030159 
Oamp                  0.363981 

----- common model:  star_parameters

====================================================================================================
     Derived parameters obtained from starting point     
====================================================================================================

----- common model:  b
Inclination fixed to 90 deg!
a_Rs                  5.857504 
M_Mj                  0.003835 
M_Me                  1.219267 
Tc                59335.219976 
a_AU_(M)              0.027252 
a_AU_(rho,R)          0.027252 


====================================================================================================
     Statistics on the log-likelihood     
====================================================================================================

 LN probability: -1779.243511 

====================================================================================================
     ------------------------------------------------------------------------------------------     
====================================================================================================



*************************************************************

Running emcee

emcee version:  3.1.6
Using threading pool for emcee: True

Saving temporary steps


Computing the autocorrelation time of the chains

***** WARNING ******
The integrated autocorrelation time cannot be reliably estimated
likely the chains are too short, and ACF analysis is not fully reliable
emcee.autocorr.integrated_time tolerance lowered to 20
If you still get a warning, you should drop these results entirely
Chains too short to apply convergence criteria
They should be at least 21450*nthin = 214500

====================================================================================================
     Statistics on the posterior of the sampler parameters     
====================================================================================================

----- dataset:  RVdata_expres
jitter_0         8         0.947       -0.081        0.095   (15-84 p)   [    0.0010,    11.5000]
offset_0         9           5.2         -5.1          5.9   (15-84 p)   [-10006.2420, 10010.4100]

----- dataset: RVdata_expres             ----- model: gp_multidimensional           
rot_amp         10           7.1         -3.6          2.1   (15-84 p)   [    0.0000,    10.0000]
con_amp         11         -15.6         -3.2          5.6   (15-84 p)   [  -20.0000,    20.0000]

----- dataset:  RVdata_harps
jitter_0        12         1.283       -0.095         0.11   (15-84 p)   [    0.0009,    13.3000]
offset_0        13           5.1         -4.2          4.9   (15-84 p)   [-10005.4343, 10010.2475]
offset_1        14           5.9         -4.2          4.9   (15-84 p)   [-10005.4343, 10010.2475]

----- dataset: RVdata_harps              ----- model: gp_multidimensional           
rot_amp         15           4.4         -2.9          3.4   (15-84 p)   [    0.0000,    10.0000]
con_amp         16         -12.6         -2.6          4.4   (15-84 p)   [  -20.0000,    20.0000]

----- dataset:  RVdata_neid
jitter_0        17         1.182       -0.098         0.11   (15-84 p)   [    0.0010,    12.2000]
offset_0        18           5.6         -4.3          5.0   (15-84 p)   [-10005.9046, 10009.8774]

----- dataset: RVdata_neid               ----- model: gp_multidimensional           
rot_amp         19           3.9         -2.8          4.0   (15-84 p)   [    0.0000,    10.0000]
con_amp         20         -13.1         -2.7          4.7   (15-84 p)   [  -20.0000,    20.0000]

----- dataset:  FIESTAdata_expres_mode1
jitter_0        21         0.949       -0.071        0.074   (15-84 p)   [    0.0017,    18.9185]
offset_0        22          0.27        -0.30         0.39   (15-84 p)   [-10002.1837, 10002.1049]

----- dataset: FIESTAdata_expres_mode1   ----- model: gp_multidimensional           
rot_amp         23          -1.1         -4.1          3.5   (15-84 p)   [  -10.0000,    10.0000]
con_amp         24         -0.80        -0.45         0.35   (15-84 p)   [  -20.0000,    20.0000]

----- dataset:  FIESTAdata_expres_mode2
jitter_0        25         1.272       -0.090        0.094   (15-84 p)   [    0.0019,    21.6624]
offset_0        26         -0.64        -0.83         0.68   (15-84 p)   [-10003.3727, 10003.0967]

----- dataset: FIESTAdata_expres_mode2   ----- model: gp_multidimensional           
rot_amp         27           0.2         -4.4          4.8   (15-84 p)   [  -10.0000,    10.0000]
con_amp         28          1.92        -0.69         0.74   (15-84 p)   [  -20.0000,    20.0000]

----- dataset:  FIESTAdata_harps_mode1
jitter_0        29          0.86        -0.12         0.14   (15-84 p)   [    0.0013,    15.1527]
offset_0        30           2.2         -2.0          3.3   (15-84 p)   [-10001.4398, 10001.8348]

----- dataset: FIESTAdata_harps_mode1    ----- model: gp_multidimensional           
rot_amp         31          -2.3         -4.7          5.7   (15-84 p)   [  -10.0000,    10.0000]
con_amp         32          -4.7         -3.4          3.2   (15-84 p)   [  -20.0000,    20.0000]

----- dataset:  FIESTAdata_harps_mode2
jitter_0        33          1.35        -0.17         0.22   (15-84 p)   [    0.0015,    17.8947]
offset_0        34          -3.4         -4.2          2.9   (15-84 p)   [-10002.9102, 10002.0486]

----- dataset: FIESTAdata_harps_mode2    ----- model: gp_multidimensional           
rot_amp         35          -0.6         -5.9          6.2   (15-84 p)   [  -10.0000,    10.0000]
con_amp         36           6.7         -4.1          5.0   (15-84 p)   [  -20.0000,    20.0000]

----- dataset:  FIESTAdata_harpsn_mode1
jitter_0        37         1.228       -0.094         0.11   (15-84 p)   [    0.0010,    12.1308]
offset_0        38         -0.10        -0.28         0.23   (15-84 p)   [-10003.4429, 10002.9588]

----- dataset: FIESTAdata_harpsn_mode1   ----- model: gp_multidimensional           
rot_amp         39           2.7         -4.1          3.9   (15-84 p)   [  -10.0000,    10.0000]
con_amp         40          0.25        -0.42         0.50   (15-84 p)   [  -20.0000,    20.0000]

----- dataset:  FIESTAdata_harpsn_mode2
jitter_0        41          1.73        -0.14         0.15   (15-84 p)   [    0.0012,    14.0513]
offset_0        42          0.05        -0.33         0.35   (15-84 p)   [-10003.9934, 10004.8720]

----- dataset: FIESTAdata_harpsn_mode2   ----- model: gp_multidimensional           
rot_amp         43          -1.9         -4.7          5.4   (15-84 p)   [  -10.0000,    10.0000]
con_amp         44         -0.13        -0.69         0.61   (15-84 p)   [  -20.0000,    20.0000]

----- dataset:  FIESTAdata_neid_mode1
jitter_0        45         0.810       -0.061        0.070   (15-84 p)   [    0.0016,    19.1193]
offset_0        46         -0.25        -0.37         0.26   (15-84 p)   [-10001.7794, 10002.1612]

----- dataset: FIESTAdata_neid_mode1     ----- model: gp_multidimensional           
rot_amp         47           1.8         -2.5          2.6   (15-84 p)   [  -10.0000,    10.0000]
con_amp         48          0.73        -0.39         0.45   (15-84 p)   [  -20.0000,    20.0000]

----- dataset:  FIESTAdata_neid_mode2
jitter_0        49         1.153       -0.087        0.095   (15-84 p)   [    0.0020,    23.1435]
offset_0        50          0.25        -0.31         0.45   (15-84 p)   [-10002.8721, 10002.3579]

----- dataset: FIESTAdata_neid_mode2     ----- model: gp_multidimensional           
rot_amp         51           0.2         -3.5          3.4   (15-84 p)   [  -10.0000,    10.0000]
con_amp         52         -0.77        -0.59         0.52   (15-84 p)   [  -20.0000,    20.0000]

----- common model:  b
P                0        0.7164      -0.0031       0.0041   (15-84 p)   [    0.3785,     6.6439]
K                1         -0.62        -0.33         0.26   (15-84 p)   [   -9.9658,     3.3219]
sre_coso         2         -0.12        -0.19         0.22   (15-84 p)   [   -1.0000,     1.0000]
sre_sino         3         -0.09        -0.20         0.21   (15-84 p)   [   -1.0000,     1.0000]
mean_long        4           342          -32           41   (15-84 p)   [  164.0715,   524.0715]

----- common model:  activity
Prot             5         28.08        -0.53         0.54   (15-84 p)   [   20.0000,    35.0000]
Pdec             6            61          -16           14   (15-84 p)   [   30.0000,  1000.0000]
Oamp             7         -1.34        -0.13         0.11   (15-84 p)   [   -6.6439,     0.0000]

----- common model:  star_parameters

====================================================================================================
     Statistics on the model parameters obtained from the posteriors samples     
====================================================================================================

----- dataset:  RVdata_expres
jitter_0                 0.947       -0.081        0.095    (15-84 p)
offset_0                   5.2         -5.1          5.9    (15-84 p)


----- dataset: RVdata_expres             ----- model: gp_multidimensional           
rot_amp                    7.1         -3.6          2.1    (15-84 p)
con_amp                  -15.6         -3.2          5.6    (15-84 p)

----- dataset:  RVdata_harps
jitter_0                 1.283       -0.095         0.11    (15-84 p)
offset_0                   5.1         -4.2          4.9    (15-84 p)
offset_1                   5.9         -4.2          4.9    (15-84 p)


----- dataset: RVdata_harps              ----- model: gp_multidimensional           
rot_amp                    4.4         -2.9          3.4    (15-84 p)
con_amp                  -12.6         -2.6          4.4    (15-84 p)

----- dataset:  RVdata_neid
jitter_0                 1.182       -0.098         0.11    (15-84 p)
offset_0                   5.6         -4.3          5.0    (15-84 p)


----- dataset: RVdata_neid               ----- model: gp_multidimensional           
rot_amp                    3.9         -2.8          4.0    (15-84 p)
con_amp                  -13.1         -2.7          4.7    (15-84 p)

----- dataset:  FIESTAdata_expres_mode1
jitter_0                 0.949       -0.071        0.074    (15-84 p)
offset_0                  0.27        -0.30         0.39    (15-84 p)


----- dataset: FIESTAdata_expres_mode1   ----- model: gp_multidimensional           
rot_amp                   -1.1         -4.1          3.5    (15-84 p)
con_amp                  -0.80        -0.45         0.35    (15-84 p)

----- dataset:  FIESTAdata_expres_mode2
jitter_0                 1.272       -0.090        0.094    (15-84 p)
offset_0                 -0.64        -0.83         0.68    (15-84 p)


----- dataset: FIESTAdata_expres_mode2   ----- model: gp_multidimensional           
rot_amp                    0.2         -4.4          4.8    (15-84 p)
con_amp                   1.92        -0.69         0.74    (15-84 p)

----- dataset:  FIESTAdata_harps_mode1
jitter_0                  0.86        -0.12         0.14    (15-84 p)
offset_0                   2.2         -2.0          3.3    (15-84 p)


----- dataset: FIESTAdata_harps_mode1    ----- model: gp_multidimensional           
rot_amp                   -2.3         -4.7          5.7    (15-84 p)
con_amp                   -4.7         -3.4          3.2    (15-84 p)

----- dataset:  FIESTAdata_harps_mode2
jitter_0                  1.35        -0.17         0.22    (15-84 p)
offset_0                  -3.4         -4.2          2.9    (15-84 p)


----- dataset: FIESTAdata_harps_mode2    ----- model: gp_multidimensional           
rot_amp                   -0.6         -5.9          6.2    (15-84 p)
con_amp                    6.7         -4.1          5.0    (15-84 p)

----- dataset:  FIESTAdata_harpsn_mode1
jitter_0                 1.228       -0.094         0.11    (15-84 p)
offset_0                 -0.10        -0.28         0.23    (15-84 p)


----- dataset: FIESTAdata_harpsn_mode1   ----- model: gp_multidimensional           
rot_amp                    2.7         -4.1          3.9    (15-84 p)
con_amp                   0.25        -0.42         0.50    (15-84 p)

----- dataset:  FIESTAdata_harpsn_mode2
jitter_0                  1.73        -0.14         0.15    (15-84 p)
offset_0                  0.05        -0.33         0.35    (15-84 p)


----- dataset: FIESTAdata_harpsn_mode2   ----- model: gp_multidimensional           
rot_amp                   -1.9         -4.7          5.4    (15-84 p)
con_amp                  -0.13        -0.69         0.61    (15-84 p)

----- dataset:  FIESTAdata_neid_mode1
jitter_0                 0.810       -0.061        0.070    (15-84 p)
offset_0                 -0.25        -0.37         0.26    (15-84 p)


----- dataset: FIESTAdata_neid_mode1     ----- model: gp_multidimensional           
rot_amp                    1.8         -2.5          2.6    (15-84 p)
con_amp                   0.73        -0.39         0.45    (15-84 p)

----- dataset:  FIESTAdata_neid_mode2
jitter_0                 1.153       -0.087        0.095    (15-84 p)
offset_0                  0.25        -0.31         0.45    (15-84 p)


----- dataset: FIESTAdata_neid_mode2     ----- model: gp_multidimensional           
rot_amp                    0.2         -3.5          3.4    (15-84 p)
con_amp                  -0.77        -0.59         0.52    (15-84 p)

----- common model:  b
P                       1.6431      -0.0036       0.0047    (15-84 p)
K                         0.65        -0.13         0.13    (15-84 p)
mean_long                  342          -32           41    (15-84 p)
e                        0.081       -0.057        0.079    (15-84 p)
omega                      -80          -70          215    (15-84 p)

----- common model:  activity
Prot                     28.08        -0.53         0.54    (15-84 p)
Pdec                        61          -16           14    (15-84 p)
Oamp                     0.395       -0.033        0.033    (15-84 p)

----- common model:  star_parameters

====================================================================================================
     Statistics on the derived parameters obtained from the posteriors samples     
====================================================================================================

----- common model:  b
Inclination fixed to 90 deg!
Computing planetary mass under the approximation M_planet << M_star (threshold at 30.0 Me)
a_Rs                    5.8572      -0.0084        0.011    (15-84 p)
M_Mj                   0.00376     -0.00076      0.00075    (15-84 p)
M_Me                      1.20        -0.24         0.24    (15-84 p)
Tc                    59335.22        -0.20         0.16    (15-84 p)
a_AU_(M)              0.027250    -0.000039     0.000052    (15-84 p)
a_AU_(rho,R)          0.027250    -0.000039     0.000052    (15-84 p)


====================================================================================================
     ------------------------------------------------------------------------------------------     
====================================================================================================



35000.0   steps completed, average lnprob:,  -1817.8881487876972


Computing the autocorrelation time of the chains

***** WARNING ******
The integrated autocorrelation time cannot be reliably estimated
likely the chains are too short, and ACF analysis is not fully reliable
emcee.autocorr.integrated_time tolerance lowered to 20
If you still get a warning, you should drop these results entirely
Chains too short to apply convergence criteria
They should be at least 33950*nthin = 339500

====================================================================================================
     Statistics on the posterior of the sampler parameters     
====================================================================================================

----- dataset:  RVdata_expres
jitter_0         8         0.950       -0.082        0.091   (15-84 p)   [    0.0010,    11.5000]
offset_0         9           5.5         -5.9          6.9   (15-84 p)   [-10006.2420, 10010.4100]

----- dataset: RVdata_expres             ----- model: gp_multidimensional           
rot_amp         10           7.2         -3.4          2.0   (15-84 p)   [    0.0000,    10.0000]
con_amp         11         -16.0         -2.9          5.2   (15-84 p)   [  -20.0000,    20.0000]

----- dataset:  RVdata_harps
jitter_0        12         1.278       -0.097         0.11   (15-84 p)   [    0.0009,    13.3000]
offset_0        13           5.4         -4.8          5.7   (15-84 p)   [-10005.4343, 10010.2475]
offset_1        14           6.2         -4.8          5.7   (15-84 p)   [-10005.4343, 10010.2475]

----- dataset: RVdata_harps              ----- model: gp_multidimensional           
rot_amp         15           4.2         -2.8          3.4   (15-84 p)   [    0.0000,    10.0000]
con_amp         16         -13.0         -2.4          4.1   (15-84 p)   [  -20.0000,    20.0000]

----- dataset:  RVdata_neid
jitter_0        17         1.183       -0.095         0.11   (15-84 p)   [    0.0010,    12.2000]
offset_0        18           5.9         -5.0          5.8   (15-84 p)   [-10005.9046, 10009.8774]

----- dataset: RVdata_neid               ----- model: gp_multidimensional           
rot_amp         19           4.0         -2.9          3.8   (15-84 p)   [    0.0000,    10.0000]
con_amp         20         -13.5         -2.5          4.3   (15-84 p)   [  -20.0000,    20.0000]

----- dataset:  FIESTAdata_expres_mode1
jitter_0        21         0.949       -0.068        0.074   (15-84 p)   [    0.0017,    18.9185]
offset_0        22          0.28        -0.33         0.43   (15-84 p)   [-10002.1837, 10002.1049]

----- dataset: FIESTAdata_expres_mode1   ----- model: gp_multidimensional           
rot_amp         23          -1.2         -4.0          3.6   (15-84 p)   [  -10.0000,    10.0000]
con_amp         24         -0.81        -0.45         0.37   (15-84 p)   [  -20.0000,    20.0000]

----- dataset:  FIESTAdata_expres_mode2
jitter_0        25         1.271       -0.090        0.096   (15-84 p)   [    0.0019,    21.6624]
offset_0        26         -0.67        -0.93         0.77   (15-84 p)   [-10003.3727, 10003.0967]

----- dataset: FIESTAdata_expres_mode2   ----- model: gp_multidimensional           
rot_amp         27           0.1         -4.5          4.9   (15-84 p)   [  -10.0000,    10.0000]
con_amp         28          1.97        -0.67         0.72   (15-84 p)   [  -20.0000,    20.0000]

----- dataset:  FIESTAdata_harps_mode1
jitter_0        29          0.86        -0.12         0.14   (15-84 p)   [    0.0013,    15.1527]
offset_0        30           2.4         -2.2          3.7   (15-84 p)   [-10001.4398, 10001.8348]

----- dataset: FIESTAdata_harps_mode1    ----- model: gp_multidimensional           
rot_amp         31          -2.6         -4.6          5.4   (15-84 p)   [  -10.0000,    10.0000]
con_amp         32          -5.1         -3.5          3.3   (15-84 p)   [  -20.0000,    20.0000]

----- dataset:  FIESTAdata_harps_mode2
jitter_0        33          1.34        -0.17         0.21   (15-84 p)   [    0.0015,    17.8947]
offset_0        34          -3.4         -4.6          3.1   (15-84 p)   [-10002.9102, 10002.0486]

----- dataset: FIESTAdata_harps_mode2    ----- model: gp_multidimensional           
rot_amp         35          -0.8         -5.7          6.3   (15-84 p)   [  -10.0000,    10.0000]
con_amp         36           6.9         -4.3          5.0   (15-84 p)   [  -20.0000,    20.0000]

----- dataset:  FIESTAdata_harpsn_mode1
jitter_0        37         1.232       -0.093         0.10   (15-84 p)   [    0.0010,    12.1308]
offset_0        38         -0.11        -0.32         0.23   (15-84 p)   [-10003.4429, 10002.9588]

----- dataset: FIESTAdata_harpsn_mode1   ----- model: gp_multidimensional           
rot_amp         39           2.8         -4.0          3.8   (15-84 p)   [  -10.0000,    10.0000]
con_amp         40          0.27        -0.44         0.52   (15-84 p)   [  -20.0000,    20.0000]

----- dataset:  FIESTAdata_harpsn_mode2
jitter_0        41          1.72        -0.13         0.14   (15-84 p)   [    0.0012,    14.0513]
offset_0        42          0.06        -0.34         0.37   (15-84 p)   [-10003.9934, 10004.8720]

----- dataset: FIESTAdata_harpsn_mode2   ----- model: gp_multidimensional           
rot_amp         43          -2.0         -4.7          5.4   (15-84 p)   [  -10.0000,    10.0000]
con_amp         44         -0.10        -0.69         0.64   (15-84 p)   [  -20.0000,    20.0000]

----- dataset:  FIESTAdata_neid_mode1
jitter_0        45         0.810       -0.060        0.070   (15-84 p)   [    0.0016,    19.1193]
offset_0        46         -0.26        -0.42         0.29   (15-84 p)   [-10001.7794, 10002.1612]

----- dataset: FIESTAdata_neid_mode1     ----- model: gp_multidimensional           
rot_amp         47           1.8         -2.5          2.7   (15-84 p)   [  -10.0000,    10.0000]
con_amp         48          0.75        -0.40         0.44   (15-84 p)   [  -20.0000,    20.0000]

----- dataset:  FIESTAdata_neid_mode2
jitter_0        49         1.155       -0.085        0.095   (15-84 p)   [    0.0020,    23.1435]
offset_0        50          0.27        -0.34         0.52   (15-84 p)   [-10002.8721, 10002.3579]

----- dataset: FIESTAdata_neid_mode2     ----- model: gp_multidimensional           
rot_amp         51          -0.1         -3.5          3.5   (15-84 p)   [  -10.0000,    10.0000]
con_amp         52         -0.83        -0.60         0.53   (15-84 p)   [  -20.0000,    20.0000]

----- common model:  b
P                0        0.7167      -0.0033       0.0044   (15-84 p)   [    0.3785,     6.6439]
K                1         -0.63        -0.32         0.26   (15-84 p)   [   -9.9658,     3.3219]
sre_coso         2         -0.12        -0.19         0.22   (15-84 p)   [   -1.0000,     1.0000]
sre_sino         3         -0.08        -0.20         0.22   (15-84 p)   [   -1.0000,     1.0000]
mean_long        4           345          -34           44   (15-84 p)   [  164.0715,   524.0715]

----- common model:  activity
Prot             5         28.12        -0.55         0.54   (15-84 p)   [   20.0000,    35.0000]
Pdec             6            63          -15           13   (15-84 p)   [   30.0000,  1000.0000]
Oamp             7         -1.34        -0.13         0.12   (15-84 p)   [   -6.6439,     0.0000]

----- common model:  star_parameters

====================================================================================================
     Statistics on the model parameters obtained from the posteriors samples     
====================================================================================================

----- dataset:  RVdata_expres
jitter_0                 0.950       -0.082        0.091    (15-84 p)
offset_0                   5.5         -5.9          6.9    (15-84 p)


----- dataset: RVdata_expres             ----- model: gp_multidimensional           
rot_amp                    7.2         -3.4          2.0    (15-84 p)
con_amp                  -16.0         -2.9          5.2    (15-84 p)

----- dataset:  RVdata_harps
jitter_0                 1.278       -0.097         0.11    (15-84 p)
offset_0                   5.4         -4.8          5.7    (15-84 p)
offset_1                   6.2         -4.8          5.7    (15-84 p)


----- dataset: RVdata_harps              ----- model: gp_multidimensional           
rot_amp                    4.2         -2.8          3.4    (15-84 p)
con_amp                  -13.0         -2.4          4.1    (15-84 p)

----- dataset:  RVdata_neid
jitter_0                 1.183       -0.095         0.11    (15-84 p)
offset_0                   5.9         -5.0          5.8    (15-84 p)


----- dataset: RVdata_neid               ----- model: gp_multidimensional           
rot_amp                    4.0         -2.9          3.8    (15-84 p)
con_amp                  -13.5         -2.5          4.3    (15-84 p)

----- dataset:  FIESTAdata_expres_mode1
jitter_0                 0.949       -0.068        0.074    (15-84 p)
offset_0                  0.28        -0.33         0.43    (15-84 p)


----- dataset: FIESTAdata_expres_mode1   ----- model: gp_multidimensional           
rot_amp                   -1.2         -4.0          3.6    (15-84 p)
con_amp                  -0.81        -0.45         0.37    (15-84 p)

----- dataset:  FIESTAdata_expres_mode2
jitter_0                 1.271       -0.090        0.096    (15-84 p)
offset_0                 -0.67        -0.93         0.77    (15-84 p)


----- dataset: FIESTAdata_expres_mode2   ----- model: gp_multidimensional           
rot_amp                    0.1         -4.5          4.9    (15-84 p)
con_amp                   1.97        -0.67         0.72    (15-84 p)

----- dataset:  FIESTAdata_harps_mode1
jitter_0                  0.86        -0.12         0.14    (15-84 p)
offset_0                   2.4         -2.2          3.7    (15-84 p)


----- dataset: FIESTAdata_harps_mode1    ----- model: gp_multidimensional           
rot_amp                   -2.6         -4.6          5.4    (15-84 p)
con_amp                   -5.1         -3.5          3.3    (15-84 p)

----- dataset:  FIESTAdata_harps_mode2
jitter_0                  1.34        -0.17         0.21    (15-84 p)
offset_0                  -3.4         -4.6          3.1    (15-84 p)


----- dataset: FIESTAdata_harps_mode2    ----- model: gp_multidimensional           
rot_amp                   -0.8         -5.7          6.3    (15-84 p)
con_amp                    6.9         -4.3          5.0    (15-84 p)

----- dataset:  FIESTAdata_harpsn_mode1
jitter_0                 1.232       -0.093         0.10    (15-84 p)
offset_0                 -0.11        -0.32         0.23    (15-84 p)


----- dataset: FIESTAdata_harpsn_mode1   ----- model: gp_multidimensional           
rot_amp                    2.8         -4.0          3.8    (15-84 p)
con_amp                   0.27        -0.44         0.52    (15-84 p)

----- dataset:  FIESTAdata_harpsn_mode2
jitter_0                  1.72        -0.13         0.14    (15-84 p)
offset_0                  0.06        -0.34         0.37    (15-84 p)


----- dataset: FIESTAdata_harpsn_mode2   ----- model: gp_multidimensional           
rot_amp                   -2.0         -4.7          5.4    (15-84 p)
con_amp                  -0.10        -0.69         0.64    (15-84 p)

----- dataset:  FIESTAdata_neid_mode1
jitter_0                 0.810       -0.060        0.070    (15-84 p)
offset_0                 -0.26        -0.42         0.29    (15-84 p)


----- dataset: FIESTAdata_neid_mode1     ----- model: gp_multidimensional           
rot_amp                    1.8         -2.5          2.7    (15-84 p)
con_amp                   0.75        -0.40         0.44    (15-84 p)

----- dataset:  FIESTAdata_neid_mode2
jitter_0                 1.155       -0.085        0.095    (15-84 p)
offset_0                  0.27        -0.34         0.52    (15-84 p)


----- dataset: FIESTAdata_neid_mode2     ----- model: gp_multidimensional           
rot_amp                   -0.1         -3.5          3.5    (15-84 p)
con_amp                  -0.83        -0.60         0.53    (15-84 p)

----- common model:  b
P                       1.6434      -0.0037       0.0050    (15-84 p)
K                         0.65        -0.13         0.13    (15-84 p)
mean_long                  345          -34           44    (15-84 p)
e                        0.080       -0.056        0.079    (15-84 p)
omega                      -74          -75          212    (15-84 p)

----- common model:  activity
Prot                     28.12        -0.55         0.54    (15-84 p)
Pdec                        63          -15           13    (15-84 p)
Oamp                     0.394       -0.033        0.033    (15-84 p)

----- common model:  star_parameters

====================================================================================================
     Statistics on the derived parameters obtained from the posteriors samples     
====================================================================================================

----- common model:  b
Inclination fixed to 90 deg!
Computing planetary mass under the approximation M_planet << M_star (threshold at 30.0 Me)
a_Rs                    5.8580      -0.0088        0.012    (15-84 p)
M_Mj                   0.00374     -0.00074      0.00074    (15-84 p)
M_Me                      1.19        -0.23         0.24    (15-84 p)
Tc                    59335.20        -0.21         0.17    (15-84 p)
a_AU_(M)              0.027254    -0.000041     0.000055    (15-84 p)
a_AU_(rho,R)          0.027254    -0.000041     0.000055    (15-84 p)


====================================================================================================
     ------------------------------------------------------------------------------------------     
====================================================================================================



70000.0   steps completed, average lnprob:,  -1818.035550931776


emcee completed


:::---::: PyORBIT v11.0.1 :::---:::

Python version in use:
3.10.18 (main, Jun  5 2025, 13:14:17) [GCC 11.2.0]
LaTeX disabled by default

Using orbital model:  keplerian
Using orbital parametrization:  Eastman2013

gp_multidimensional  S+LEAF model, number of harmonics: 4

GP model: gp_multidimensional  hyperparameters_condition:    True
GP model: gp_multidimensional  rotation_decay_condition:     True

### PyORBIT version used in the analysis:  11.0.1

 emcee version:  3.1.6

 Reference Time Tref: 59334.700184

 Data points:969
 Dimensions: 53
 Nwalkers:   212
 Steps:      70000


Number of samplings: 1166000

Recomputing ln-prior, it may take a while...

ln-probability   distribution:  -1817.98       -5.89      6.14 (15-84 p) 
ln-prior         distribution:   -244.75       -2.10      1.30 (15-84 p) 
ln-likelihood    distribution:  -1572.88       -5.91      6.21 (15-84 p) 


*** Information criteria using the likelihood distribution

 BIC from distribution  (using likelihood)  =   3510.19    -12.43   11.82 (15-84 p)
 AIC from distribution  (using likelihood)  =   3251.75    -12.43   11.82 (15-84 p)
 AICc from distribution (using likelihood)  =   3258.01    -12.43   11.82 (15-84 p)


*** Information criteria using the median parameter set

 ln_probability of Median solution =  -1798.24
 ln_priors of Median solution      =   -243.47
 ln_likelihood of Median solution  =  -1554.77

 Median BIC  (using likelihood) =   3473.98
 Median AIC  (using likelihood) =   3215.54
 Median AICc (using likelihood) =   3221.79


*** Information criteria using the MAP parameter set

 ln_probability of MAP solution =  -1783.94
 ln_priors of MAP solution      =   -244.77
 ln_likelihood of MAP solution  =  -1539.17

 MAP BIC  (using likelihood)    =   3442.78
 MAP AIC  (using likelihood)    =   3184.34
 MAP AICc (using likelihood)    =   3190.60

 AICc suggested over AIC because NDATA ( 969 ) < 40 * NDIM ( 53 )

****************************************************************************************************


Computing the autocorrelation time of the chains

***** WARNING ******
The integrated autocorrelation time cannot be reliably estimated
likely the chains are too short, and ACF analysis is not fully reliable
emcee.autocorr.integrated_time tolerance lowered to 20
If you still get a warning, you should drop these results entirely
Chains too short to apply convergence criteria
They should be at least 33950*nthin = 339500

 ACF computation failed, no plot will be generated 


====================================================================================================
     Ids, spaces (s), boundaries (b) and priors (p) of the sampler parameters     
====================================================================================================

----- dataset:  RVdata_expres
jitter_0      id:   8  s:Linear      b:[      0.0010,      11.5000]   p:Uniform   []
offset_0      id:   9  s:Linear      b:[ -10006.2420,   10010.4100]   p:Uniform   []

----- dataset: RVdata_expres             ----- model: gp_multidimensional           
rot_amp       id:  10  s:Linear      b:[      0.0000,      10.0000]   p:Uniform   []
con_amp       id:  11  s:Linear      b:[    -20.0000,      20.0000]   p:Uniform   []

----- dataset:  RVdata_harps
jitter_0      id:  12  s:Linear      b:[      0.0009,      13.3000]   p:Uniform   []
offset_0      id:  13  s:Linear      b:[ -10005.4343,   10010.2475]   p:Uniform   []
offset_1      id:  14  s:Linear      b:[ -10005.4343,   10010.2475]   p:Uniform   []

----- dataset: RVdata_harps              ----- model: gp_multidimensional           
rot_amp       id:  15  s:Linear      b:[      0.0000,      10.0000]   p:Uniform   []
con_amp       id:  16  s:Linear      b:[    -20.0000,      20.0000]   p:Uniform   []

----- dataset:  RVdata_neid
jitter_0      id:  17  s:Linear      b:[      0.0010,      12.2000]   p:Uniform   []
offset_0      id:  18  s:Linear      b:[ -10005.9046,   10009.8774]   p:Uniform   []

----- dataset: RVdata_neid               ----- model: gp_multidimensional           
rot_amp       id:  19  s:Linear      b:[      0.0000,      10.0000]   p:Uniform   []
con_amp       id:  20  s:Linear      b:[    -20.0000,      20.0000]   p:Uniform   []

----- dataset:  FIESTAdata_expres_mode1
jitter_0      id:  21  s:Linear      b:[      0.0017,      18.9185]   p:Uniform   []
offset_0      id:  22  s:Linear      b:[ -10002.1837,   10002.1049]   p:Uniform   []

----- dataset: FIESTAdata_expres_mode1   ----- model: gp_multidimensional           
rot_amp       id:  23  s:Linear      b:[    -10.0000,      10.0000]   p:Uniform   []
con_amp       id:  24  s:Linear      b:[    -20.0000,      20.0000]   p:Uniform   []

----- dataset:  FIESTAdata_expres_mode2
jitter_0      id:  25  s:Linear      b:[      0.0019,      21.6624]   p:Uniform   []
offset_0      id:  26  s:Linear      b:[ -10003.3727,   10003.0967]   p:Uniform   []

----- dataset: FIESTAdata_expres_mode2   ----- model: gp_multidimensional           
rot_amp       id:  27  s:Linear      b:[    -10.0000,      10.0000]   p:Uniform   []
con_amp       id:  28  s:Linear      b:[    -20.0000,      20.0000]   p:Uniform   []

----- dataset:  FIESTAdata_harps_mode1
jitter_0      id:  29  s:Linear      b:[      0.0013,      15.1527]   p:Uniform   []
offset_0      id:  30  s:Linear      b:[ -10001.4398,   10001.8348]   p:Uniform   []

----- dataset: FIESTAdata_harps_mode1    ----- model: gp_multidimensional           
rot_amp       id:  31  s:Linear      b:[    -10.0000,      10.0000]   p:Uniform   []
con_amp       id:  32  s:Linear      b:[    -20.0000,      20.0000]   p:Uniform   []

----- dataset:  FIESTAdata_harps_mode2
jitter_0      id:  33  s:Linear      b:[      0.0015,      17.8947]   p:Uniform   []
offset_0      id:  34  s:Linear      b:[ -10002.9102,   10002.0486]   p:Uniform   []

----- dataset: FIESTAdata_harps_mode2    ----- model: gp_multidimensional           
rot_amp       id:  35  s:Linear      b:[    -10.0000,      10.0000]   p:Uniform   []
con_amp       id:  36  s:Linear      b:[    -20.0000,      20.0000]   p:Uniform   []

----- dataset:  FIESTAdata_harpsn_mode1
jitter_0      id:  37  s:Linear      b:[      0.0010,      12.1308]   p:Uniform   []
offset_0      id:  38  s:Linear      b:[ -10003.4429,   10002.9588]   p:Uniform   []

----- dataset: FIESTAdata_harpsn_mode1   ----- model: gp_multidimensional           
rot_amp       id:  39  s:Linear      b:[    -10.0000,      10.0000]   p:Uniform   []
con_amp       id:  40  s:Linear      b:[    -20.0000,      20.0000]   p:Uniform   []

----- dataset:  FIESTAdata_harpsn_mode2
jitter_0      id:  41  s:Linear      b:[      0.0012,      14.0513]   p:Uniform   []
offset_0      id:  42  s:Linear      b:[ -10003.9934,   10004.8720]   p:Uniform   []

----- dataset: FIESTAdata_harpsn_mode2   ----- model: gp_multidimensional           
rot_amp       id:  43  s:Linear      b:[    -10.0000,      10.0000]   p:Uniform   []
con_amp       id:  44  s:Linear      b:[    -20.0000,      20.0000]   p:Uniform   []

----- dataset:  FIESTAdata_neid_mode1
jitter_0      id:  45  s:Linear      b:[      0.0016,      19.1193]   p:Uniform   []
offset_0      id:  46  s:Linear      b:[ -10001.7794,   10002.1612]   p:Uniform   []

----- dataset: FIESTAdata_neid_mode1     ----- model: gp_multidimensional           
rot_amp       id:  47  s:Linear      b:[    -10.0000,      10.0000]   p:Uniform   []
con_amp       id:  48  s:Linear      b:[    -20.0000,      20.0000]   p:Uniform   []

----- dataset:  FIESTAdata_neid_mode2
jitter_0      id:  49  s:Linear      b:[      0.0020,      23.1435]   p:Uniform   []
offset_0      id:  50  s:Linear      b:[ -10002.8721,   10002.3579]   p:Uniform   []

----- dataset: FIESTAdata_neid_mode2     ----- model: gp_multidimensional           
rot_amp       id:  51  s:Linear      b:[    -10.0000,      10.0000]   p:Uniform   []
con_amp       id:  52  s:Linear      b:[    -20.0000,      20.0000]   p:Uniform   []

----- common model:  b
P             id:   0  s:Log_Base2   b:[      0.3785,       6.6439]   p:Uniform   []
K             id:   1  s:Log_Base2   b:[     -9.9658,       3.3219]   p:Uniform   []
sre_coso      id:   2  s:Linear      b:[     -1.0000,       1.0000]   p:Uniform   []
sre_sino      id:   3  s:Linear      b:[     -1.0000,       1.0000]   p:Uniform   []
mean_long     id:   4  s:Linear      b:[    164.0715,     524.0715]   p:Uniform   []
e             derived (no id, space, bound)                           p:Gaussian   [0.    0.098]
omega         derived (no id, space, bound)                           p:Uniform   [0.0, 360.0]

----- common model:  activity
Prot          id:   5  s:Linear      b:[     20.0000,      35.0000]   p:Gaussian   [28.   0.5]
Pdec          id:   6  s:Linear      b:[     30.0000,    1000.0000]   p:Uniform   []
Oamp          id:   7  s:Log_Base2   b:[     -6.6439,       0.0000]   p:Gaussian   [0.35  0.035]

----- common model:  star_parameters
mass          derived (no id, space, bound)                           p:Gaussian   [1.e+00 1.e-06]
radius        derived (no id, space, bound)                           p:Gaussian   [1.e+00 1.e-06]
density       derived (no id, space, bound)                           p:Gaussian   [1.e+00 1.e-06]


****************************************************************************************************
****************************************************************************************************

 Confidence intervals (median value, 34.135th percentile from the median on the left and right side)

====================================================================================================
     Statistics on the posterior of the sampler parameters     
====================================================================================================

----- dataset:  RVdata_expres
jitter_0         8         0.950       -0.082        0.091   (15-84 p)   [    0.0010,    11.5000]
offset_0         9           5.5         -5.9          6.9   (15-84 p)   [-10006.2420, 10010.4100]

----- dataset: RVdata_expres             ----- model: gp_multidimensional           
rot_amp         10           7.2         -3.4          2.0   (15-84 p)   [    0.0000,    10.0000]
con_amp         11         -16.0         -2.9          5.2   (15-84 p)   [  -20.0000,    20.0000]

----- dataset:  RVdata_harps
jitter_0        12         1.278       -0.097         0.11   (15-84 p)   [    0.0009,    13.3000]
offset_0        13           5.4         -4.8          5.7   (15-84 p)   [-10005.4343, 10010.2475]
offset_1        14           6.2         -4.8          5.7   (15-84 p)   [-10005.4343, 10010.2475]

----- dataset: RVdata_harps              ----- model: gp_multidimensional           
rot_amp         15           4.2         -2.8          3.4   (15-84 p)   [    0.0000,    10.0000]
con_amp         16         -13.0         -2.4          4.1   (15-84 p)   [  -20.0000,    20.0000]

----- dataset:  RVdata_neid
jitter_0        17         1.183       -0.095         0.11   (15-84 p)   [    0.0010,    12.2000]
offset_0        18           5.9         -5.0          5.8   (15-84 p)   [-10005.9046, 10009.8774]

----- dataset: RVdata_neid               ----- model: gp_multidimensional           
rot_amp         19           4.0         -2.9          3.8   (15-84 p)   [    0.0000,    10.0000]
con_amp         20         -13.5         -2.5          4.3   (15-84 p)   [  -20.0000,    20.0000]

----- dataset:  FIESTAdata_expres_mode1
jitter_0        21         0.949       -0.068        0.074   (15-84 p)   [    0.0017,    18.9185]
offset_0        22          0.28        -0.33         0.43   (15-84 p)   [-10002.1837, 10002.1049]

----- dataset: FIESTAdata_expres_mode1   ----- model: gp_multidimensional           
rot_amp         23          -1.2         -4.0          3.6   (15-84 p)   [  -10.0000,    10.0000]
con_amp         24         -0.81        -0.45         0.37   (15-84 p)   [  -20.0000,    20.0000]

----- dataset:  FIESTAdata_expres_mode2
jitter_0        25         1.271       -0.090        0.096   (15-84 p)   [    0.0019,    21.6624]
offset_0        26         -0.67        -0.93         0.77   (15-84 p)   [-10003.3727, 10003.0967]

----- dataset: FIESTAdata_expres_mode2   ----- model: gp_multidimensional           
rot_amp         27           0.1         -4.5          4.9   (15-84 p)   [  -10.0000,    10.0000]
con_amp         28          1.97        -0.67         0.72   (15-84 p)   [  -20.0000,    20.0000]

----- dataset:  FIESTAdata_harps_mode1
jitter_0        29          0.86        -0.12         0.14   (15-84 p)   [    0.0013,    15.1527]
offset_0        30           2.4         -2.2          3.7   (15-84 p)   [-10001.4398, 10001.8348]

----- dataset: FIESTAdata_harps_mode1    ----- model: gp_multidimensional           
rot_amp         31          -2.6         -4.6          5.4   (15-84 p)   [  -10.0000,    10.0000]
con_amp         32          -5.1         -3.5          3.3   (15-84 p)   [  -20.0000,    20.0000]

----- dataset:  FIESTAdata_harps_mode2
jitter_0        33          1.34        -0.17         0.21   (15-84 p)   [    0.0015,    17.8947]
offset_0        34          -3.4         -4.6          3.1   (15-84 p)   [-10002.9102, 10002.0486]

----- dataset: FIESTAdata_harps_mode2    ----- model: gp_multidimensional           
rot_amp         35          -0.8         -5.7          6.3   (15-84 p)   [  -10.0000,    10.0000]
con_amp         36           6.9         -4.3          5.0   (15-84 p)   [  -20.0000,    20.0000]

----- dataset:  FIESTAdata_harpsn_mode1
jitter_0        37         1.232       -0.093         0.10   (15-84 p)   [    0.0010,    12.1308]
offset_0        38         -0.11        -0.32         0.23   (15-84 p)   [-10003.4429, 10002.9588]

----- dataset: FIESTAdata_harpsn_mode1   ----- model: gp_multidimensional           
rot_amp         39           2.8         -4.0          3.8   (15-84 p)   [  -10.0000,    10.0000]
con_amp         40          0.27        -0.44         0.52   (15-84 p)   [  -20.0000,    20.0000]

----- dataset:  FIESTAdata_harpsn_mode2
jitter_0        41          1.72        -0.13         0.14   (15-84 p)   [    0.0012,    14.0513]
offset_0        42          0.06        -0.34         0.37   (15-84 p)   [-10003.9934, 10004.8720]

----- dataset: FIESTAdata_harpsn_mode2   ----- model: gp_multidimensional           
rot_amp         43          -2.0         -4.7          5.4   (15-84 p)   [  -10.0000,    10.0000]
con_amp         44         -0.10        -0.69         0.64   (15-84 p)   [  -20.0000,    20.0000]

----- dataset:  FIESTAdata_neid_mode1
jitter_0        45         0.810       -0.060        0.070   (15-84 p)   [    0.0016,    19.1193]
offset_0        46         -0.26        -0.42         0.29   (15-84 p)   [-10001.7794, 10002.1612]

----- dataset: FIESTAdata_neid_mode1     ----- model: gp_multidimensional           
rot_amp         47           1.8         -2.5          2.7   (15-84 p)   [  -10.0000,    10.0000]
con_amp         48          0.75        -0.40         0.44   (15-84 p)   [  -20.0000,    20.0000]

----- dataset:  FIESTAdata_neid_mode2
jitter_0        49         1.155       -0.085        0.095   (15-84 p)   [    0.0020,    23.1435]
offset_0        50          0.27        -0.34         0.52   (15-84 p)   [-10002.8721, 10002.3579]

----- dataset: FIESTAdata_neid_mode2     ----- model: gp_multidimensional           
rot_amp         51          -0.1         -3.5          3.5   (15-84 p)   [  -10.0000,    10.0000]
con_amp         52         -0.83        -0.60         0.53   (15-84 p)   [  -20.0000,    20.0000]

----- common model:  b
P                0        0.7167      -0.0033       0.0044   (15-84 p)   [    0.3785,     6.6439]
K                1         -0.63        -0.32         0.26   (15-84 p)   [   -9.9658,     3.3219]
sre_coso         2         -0.12        -0.19         0.22   (15-84 p)   [   -1.0000,     1.0000]
sre_sino         3         -0.08        -0.20         0.22   (15-84 p)   [   -1.0000,     1.0000]
mean_long        4           345          -34           44   (15-84 p)   [  164.0715,   524.0715]

----- common model:  activity
Prot             5         28.12        -0.55         0.54   (15-84 p)   [   20.0000,    35.0000]
Pdec             6            63          -15           13   (15-84 p)   [   30.0000,  1000.0000]
Oamp             7         -1.34        -0.13         0.12   (15-84 p)   [   -6.6439,     0.0000]

----- common model:  star_parameters

====================================================================================================
     Statistics on the model parameters obtained from the posteriors samples     
====================================================================================================

----- dataset:  RVdata_expres
jitter_0                 0.950       -0.082        0.091    (15-84 p)
offset_0                   5.5         -5.9          6.9    (15-84 p)


----- dataset: RVdata_expres             ----- model: gp_multidimensional           
rot_amp                    7.2         -3.4          2.0    (15-84 p)
con_amp                  -16.0         -2.9          5.2    (15-84 p)

----- dataset:  RVdata_harps
jitter_0                 1.278       -0.097         0.11    (15-84 p)
offset_0                   5.4         -4.8          5.7    (15-84 p)
offset_1                   6.2         -4.8          5.7    (15-84 p)


----- dataset: RVdata_harps              ----- model: gp_multidimensional           
rot_amp                    4.2         -2.8          3.4    (15-84 p)
con_amp                  -13.0         -2.4          4.1    (15-84 p)

----- dataset:  RVdata_neid
jitter_0                 1.183       -0.095         0.11    (15-84 p)
offset_0                   5.9         -5.0          5.8    (15-84 p)


----- dataset: RVdata_neid               ----- model: gp_multidimensional           
rot_amp                    4.0         -2.9          3.8    (15-84 p)
con_amp                  -13.5         -2.5          4.3    (15-84 p)

----- dataset:  FIESTAdata_expres_mode1
jitter_0                 0.949       -0.068        0.074    (15-84 p)
offset_0                  0.28        -0.33         0.43    (15-84 p)


----- dataset: FIESTAdata_expres_mode1   ----- model: gp_multidimensional           
rot_amp                   -1.2         -4.0          3.6    (15-84 p)
con_amp                  -0.81        -0.45         0.37    (15-84 p)

----- dataset:  FIESTAdata_expres_mode2
jitter_0                 1.271       -0.090        0.096    (15-84 p)
offset_0                 -0.67        -0.93         0.77    (15-84 p)


----- dataset: FIESTAdata_expres_mode2   ----- model: gp_multidimensional           
rot_amp                    0.1         -4.5          4.9    (15-84 p)
con_amp                   1.97        -0.67         0.72    (15-84 p)

----- dataset:  FIESTAdata_harps_mode1
jitter_0                  0.86        -0.12         0.14    (15-84 p)
offset_0                   2.4         -2.2          3.7    (15-84 p)


----- dataset: FIESTAdata_harps_mode1    ----- model: gp_multidimensional           
rot_amp                   -2.6         -4.6          5.4    (15-84 p)
con_amp                   -5.1         -3.5          3.3    (15-84 p)

----- dataset:  FIESTAdata_harps_mode2
jitter_0                  1.34        -0.17         0.21    (15-84 p)
offset_0                  -3.4         -4.6          3.1    (15-84 p)


----- dataset: FIESTAdata_harps_mode2    ----- model: gp_multidimensional           
rot_amp                   -0.8         -5.7          6.3    (15-84 p)
con_amp                    6.9         -4.3          5.0    (15-84 p)

----- dataset:  FIESTAdata_harpsn_mode1
jitter_0                 1.232       -0.093         0.10    (15-84 p)
offset_0                 -0.11        -0.32         0.23    (15-84 p)


----- dataset: FIESTAdata_harpsn_mode1   ----- model: gp_multidimensional           
rot_amp                    2.8         -4.0          3.8    (15-84 p)
con_amp                   0.27        -0.44         0.52    (15-84 p)

----- dataset:  FIESTAdata_harpsn_mode2
jitter_0                  1.72        -0.13         0.14    (15-84 p)
offset_0                  0.06        -0.34         0.37    (15-84 p)


----- dataset: FIESTAdata_harpsn_mode2   ----- model: gp_multidimensional           
rot_amp                   -2.0         -4.7          5.4    (15-84 p)
con_amp                  -0.10        -0.69         0.64    (15-84 p)

----- dataset:  FIESTAdata_neid_mode1
jitter_0                 0.810       -0.060        0.070    (15-84 p)
offset_0                 -0.26        -0.42         0.29    (15-84 p)


----- dataset: FIESTAdata_neid_mode1     ----- model: gp_multidimensional           
rot_amp                    1.8         -2.5          2.7    (15-84 p)
con_amp                   0.75        -0.40         0.44    (15-84 p)

----- dataset:  FIESTAdata_neid_mode2
jitter_0                 1.155       -0.085        0.095    (15-84 p)
offset_0                  0.27        -0.34         0.52    (15-84 p)


----- dataset: FIESTAdata_neid_mode2     ----- model: gp_multidimensional           
rot_amp                   -0.1         -3.5          3.5    (15-84 p)
con_amp                  -0.83        -0.60         0.53    (15-84 p)

----- common model:  b
P                       1.6434      -0.0037       0.0050    (15-84 p)
K                         0.65        -0.13         0.13    (15-84 p)
mean_long                  345          -34           44    (15-84 p)
e                        0.080       -0.056        0.079    (15-84 p)
omega                     -146          -79           77    (15-84 p)

----- common model:  activity
Prot                     28.12        -0.55         0.54    (15-84 p)
Pdec                        63          -15           13    (15-84 p)
Oamp                     0.394       -0.033        0.033    (15-84 p)

----- common model:  star_parameters

====================================================================================================
     Statistics on the derived parameters obtained from the posteriors samples     
====================================================================================================

----- common model:  b
Inclination fixed to 90 deg!
Computing planetary mass under the approximation M_planet << M_star (threshold at 30.0 Me)
a_Rs                    5.8580      -0.0088        0.012    (15-84 p)
M_Mj                   0.00374     -0.00074      0.00074    (15-84 p)
M_Me                      1.19        -0.23         0.24    (15-84 p)
Tc                    59335.20        -0.21         0.17    (15-84 p)
a_AU_(M)              0.027254    -0.000041     0.000055    (15-84 p)
a_AU_(rho,R)          0.027254    -0.000041     0.000055    (15-84 p)


====================================================================================================
     ------------------------------------------------------------------------------------------     
====================================================================================================



****************************************************************************************************

 Parameters corresponding to the Maximum a Posteriori probability ( -1783.9402608572304 )

====================================================================================================
     Statistics on the posterior of the sampler parameters     
====================================================================================================

----- dataset:  RVdata_expres
jitter_0         8      0.897465 [    0.0010,    11.5000]
offset_0         9      2.917779 [-10006.2420, 10010.4100]

----- dataset: RVdata_expres             ----- model: gp_multidimensional           
rot_amp         10      9.824626 [    0.0000,    10.0000]
con_amp         11     -3.705739 [  -20.0000,    20.0000]

----- dataset:  RVdata_harps
jitter_0        12      1.410442 [    0.0009,    13.3000]
offset_0        13      2.951895 [-10005.4343, 10010.2475]
offset_1        14      4.407177 [-10005.4343, 10010.2475]

----- dataset: RVdata_harps              ----- model: gp_multidimensional           
rot_amp         15      0.768917 [    0.0000,    10.0000]
con_amp         16     -3.195691 [  -20.0000,    20.0000]

----- dataset:  RVdata_neid
jitter_0        17      1.042091 [    0.0010,    12.2000]
offset_0        18      3.516877 [-10005.9046, 10009.8774]

----- dataset: RVdata_neid               ----- model: gp_multidimensional           
rot_amp         19      8.806219 [    0.0000,    10.0000]
con_amp         20     -3.132016 [  -20.0000,    20.0000]

----- dataset:  FIESTAdata_expres_mode1
jitter_0        21      0.934399 [    0.0017,    18.9185]
offset_0        22      0.234788 [-10002.1837, 10002.1049]

----- dataset: FIESTAdata_expres_mode1   ----- model: gp_multidimensional           
rot_amp         23     -3.272271 [  -10.0000,    10.0000]
con_amp         24     -0.294323 [  -20.0000,    20.0000]

----- dataset:  FIESTAdata_expres_mode2
jitter_0        25      1.185142 [    0.0019,    21.6624]
offset_0        26     -0.378611 [-10003.3727, 10003.0967]

----- dataset: FIESTAdata_expres_mode2   ----- model: gp_multidimensional           
rot_amp         27      1.726938 [  -10.0000,    10.0000]
con_amp         28      0.622481 [  -20.0000,    20.0000]

----- dataset:  FIESTAdata_harps_mode1
jitter_0        29      0.874086 [    0.0013,    15.1527]
offset_0        30      0.343250 [-10001.4398, 10001.8348]

----- dataset: FIESTAdata_harps_mode1    ----- model: gp_multidimensional           
rot_amp         31      1.426519 [  -10.0000,    10.0000]
con_amp         32     -0.201692 [  -20.0000,    20.0000]

----- dataset:  FIESTAdata_harps_mode2
jitter_0        33      1.217504 [    0.0015,    17.8947]
offset_0        34     -1.658027 [-10002.9102, 10002.0486]

----- dataset: FIESTAdata_harps_mode2    ----- model: gp_multidimensional           
rot_amp         35      0.170206 [  -10.0000,    10.0000]
con_amp         36      1.078220 [  -20.0000,    20.0000]

----- dataset:  FIESTAdata_harpsn_mode1
jitter_0        37      1.233088 [    0.0010,    12.1308]
offset_0        38     -0.212919 [-10003.4429, 10002.9588]

----- dataset: FIESTAdata_harpsn_mode1   ----- model: gp_multidimensional           
rot_amp         39     -2.884013 [  -10.0000,    10.0000]
con_amp         40      0.073392 [  -20.0000,    20.0000]

----- dataset:  FIESTAdata_harpsn_mode2
jitter_0        41      1.520092 [    0.0012,    14.0513]
offset_0        42     -0.075690 [-10003.9934, 10004.8720]

----- dataset: FIESTAdata_harpsn_mode2   ----- model: gp_multidimensional           
rot_amp         43      1.093386 [  -10.0000,    10.0000]
con_amp         44      0.040787 [  -20.0000,    20.0000]

----- dataset:  FIESTAdata_neid_mode1
jitter_0        45      0.855978 [    0.0016,    19.1193]
offset_0        46     -0.118077 [-10001.7794, 10002.1612]

----- dataset: FIESTAdata_neid_mode1     ----- model: gp_multidimensional           
rot_amp         47     -0.673603 [  -10.0000,    10.0000]
con_amp         48      0.123138 [  -20.0000,    20.0000]

----- dataset:  FIESTAdata_neid_mode2
jitter_0        49      1.118712 [    0.0020,    23.1435]
offset_0        50      0.168689 [-10002.8721, 10002.3579]

----- dataset: FIESTAdata_neid_mode2     ----- model: gp_multidimensional           
rot_amp         51      1.014287 [  -10.0000,    10.0000]
con_amp         52     -0.224665 [  -20.0000,    20.0000]

----- common model:  b
P                0      0.712629 [    0.3785,     6.6439]
K                1     -0.102912 [   -9.9658,     3.3219]
sre_coso         2     -0.218056 [   -1.0000,     1.0000]
sre_sino         3     -0.131721 [   -1.0000,     1.0000]
mean_long        4    309.173380 [  164.0715,   524.0715]

----- common model:  activity
Prot             5     28.161010 [   20.0000,    35.0000]
Pdec             6     33.729015 [   30.0000,  1000.0000]
Oamp             7     -1.258453 [   -6.6439,     0.0000]

----- common model:  star_parameters

====================================================================================================
     Statistics on the model parameters obtained from the posteriors samples     
====================================================================================================

----- dataset:  RVdata_expres
jitter_0              0.897465 
offset_0              2.917779 


----- dataset: RVdata_expres             ----- model: gp_multidimensional           
rot_amp               9.824626 
con_amp              -3.705739 

----- dataset:  RVdata_harps
jitter_0              1.410442 
offset_0              2.951895 
offset_1              4.407177 


----- dataset: RVdata_harps              ----- model: gp_multidimensional           
rot_amp               0.768917 
con_amp              -3.195691 

----- dataset:  RVdata_neid
jitter_0              1.042091 
offset_0              3.516877 


----- dataset: RVdata_neid               ----- model: gp_multidimensional           
rot_amp               8.806219 
con_amp              -3.132016 

----- dataset:  FIESTAdata_expres_mode1
jitter_0              0.934399 
offset_0              0.234788 


----- dataset: FIESTAdata_expres_mode1   ----- model: gp_multidimensional           
rot_amp              -3.272271 
con_amp              -0.294323 

----- dataset:  FIESTAdata_expres_mode2
jitter_0              1.185142 
offset_0             -0.378611 


----- dataset: FIESTAdata_expres_mode2   ----- model: gp_multidimensional           
rot_amp               1.726938 
con_amp               0.622481 

----- dataset:  FIESTAdata_harps_mode1
jitter_0              0.874086 
offset_0              0.343250 


----- dataset: FIESTAdata_harps_mode1    ----- model: gp_multidimensional           
rot_amp               1.426519 
con_amp              -0.201692 

----- dataset:  FIESTAdata_harps_mode2
jitter_0              1.217504 
offset_0             -1.658027 


----- dataset: FIESTAdata_harps_mode2    ----- model: gp_multidimensional           
rot_amp               0.170206 
con_amp               1.078220 

----- dataset:  FIESTAdata_harpsn_mode1
jitter_0              1.233088 
offset_0             -0.212919 


----- dataset: FIESTAdata_harpsn_mode1   ----- model: gp_multidimensional           
rot_amp              -2.884013 
con_amp               0.073392 

----- dataset:  FIESTAdata_harpsn_mode2
jitter_0              1.520092 
offset_0             -0.075690 


----- dataset: FIESTAdata_harpsn_mode2   ----- model: gp_multidimensional           
rot_amp               1.093386 
con_amp               0.040787 

----- dataset:  FIESTAdata_neid_mode1
jitter_0              0.855978 
offset_0             -0.118077 


----- dataset: FIESTAdata_neid_mode1     ----- model: gp_multidimensional           
rot_amp              -0.673603 
con_amp               0.123138 

----- dataset:  FIESTAdata_neid_mode2
jitter_0              1.118712 
offset_0              0.168689 


----- dataset: FIESTAdata_neid_mode2     ----- model: gp_multidimensional           
rot_amp               1.014287 
con_amp              -0.224665 

----- common model:  b
P                     1.638787 
K                     0.931152 
mean_long           309.173380 
e                     0.064899 
omega              -148.865155 

----- common model:  activity
Prot                 28.161010 
Pdec                 33.729015 
Oamp                  0.417992 

----- common model:  star_parameters

====================================================================================================
     Statistics on the derived parameters obtained from the posteriors samples     
====================================================================================================

----- common model:  b
Inclination fixed to 90 deg!
a_Rs                  5.846964 
M_Mj                  0.005389 
M_Me                  1.713148 
Tc                59335.370961 
a_AU_(M)              0.027203 
a_AU_(rho,R)          0.027203 


====================================================================================================
     ------------------------------------------------------------------------------------------     
====================================================================================================



****************************************************************************************************

 Parameters corresponding to the sample closest to the median values ( -1807.96100572538 )

====================================================================================================
     Statistics on the posterior of the sampler parameters     
====================================================================================================

----- dataset:  RVdata_expres
jitter_0         8      0.911369 [    0.0010,    11.5000]
offset_0         9      6.343523 [-10006.2420, 10010.4100]

----- dataset: RVdata_expres             ----- model: gp_multidimensional           
rot_amp         10      7.347514 [    0.0000,    10.0000]
con_amp         11    -15.450535 [  -20.0000,    20.0000]

----- dataset:  RVdata_harps
jitter_0        12      1.367977 [    0.0009,    13.3000]
offset_0        13      6.458477 [-10005.4343, 10010.2475]
offset_1        14      7.169790 [-10005.4343, 10010.2475]

----- dataset: RVdata_harps              ----- model: gp_multidimensional           
rot_amp         15      2.468989 [    0.0000,    10.0000]
con_amp         16    -12.767158 [  -20.0000,    20.0000]

----- dataset:  RVdata_neid
jitter_0        17      1.268683 [    0.0010,    12.2000]
offset_0        18      6.323739 [-10005.9046, 10009.8774]

----- dataset: RVdata_neid               ----- model: gp_multidimensional           
rot_amp         19      4.835772 [    0.0000,    10.0000]
con_amp         20    -12.467715 [  -20.0000,    20.0000]

----- dataset:  FIESTAdata_expres_mode1
jitter_0        21      0.979924 [    0.0017,    18.9185]
offset_0        22      0.292401 [-10002.1837, 10002.1049]

----- dataset: FIESTAdata_expres_mode1   ----- model: gp_multidimensional           
rot_amp         23     -0.958874 [  -10.0000,    10.0000]
con_amp         24     -0.928261 [  -20.0000,    20.0000]

----- dataset:  FIESTAdata_expres_mode2
jitter_0        25      1.258699 [    0.0019,    21.6624]
offset_0        26     -0.704790 [-10003.3727, 10003.0967]

----- dataset: FIESTAdata_expres_mode2   ----- model: gp_multidimensional           
rot_amp         27     -0.069291 [  -10.0000,    10.0000]
con_amp         28      1.461067 [  -20.0000,    20.0000]

----- dataset:  FIESTAdata_harps_mode1
jitter_0        29      0.966797 [    0.0013,    15.1527]
offset_0        30      4.152353 [-10001.4398, 10001.8348]

----- dataset: FIESTAdata_harps_mode1    ----- model: gp_multidimensional           
rot_amp         31     -1.377347 [  -10.0000,    10.0000]
con_amp         32     -6.590556 [  -20.0000,    20.0000]

----- dataset:  FIESTAdata_harps_mode2
jitter_0        33      1.217644 [    0.0015,    17.8947]
offset_0        34     -6.397541 [-10002.9102, 10002.0486]

----- dataset: FIESTAdata_harps_mode2    ----- model: gp_multidimensional           
rot_amp         35     -1.198095 [  -10.0000,    10.0000]
con_amp         36     10.111396 [  -20.0000,    20.0000]

----- dataset:  FIESTAdata_harpsn_mode1
jitter_0        37      1.260490 [    0.0010,    12.1308]
offset_0        38      0.201268 [-10003.4429, 10002.9588]

----- dataset: FIESTAdata_harpsn_mode1   ----- model: gp_multidimensional           
rot_amp         39      3.621187 [  -10.0000,    10.0000]
con_amp         40     -0.393189 [  -20.0000,    20.0000]

----- dataset:  FIESTAdata_harpsn_mode2
jitter_0        41      1.622324 [    0.0012,    14.0513]
offset_0        42     -0.038337 [-10003.9934, 10004.8720]

----- dataset: FIESTAdata_harpsn_mode2   ----- model: gp_multidimensional           
rot_amp         43      1.594765 [  -10.0000,    10.0000]
con_amp         44     -0.008961 [  -20.0000,    20.0000]

----- dataset:  FIESTAdata_neid_mode1
jitter_0        45      0.808117 [    0.0016,    19.1193]
offset_0        46     -0.395408 [-10001.7794, 10002.1612]

----- dataset: FIESTAdata_neid_mode1     ----- model: gp_multidimensional           
rot_amp         47      1.634142 [  -10.0000,    10.0000]
con_amp         48      0.847373 [  -20.0000,    20.0000]

----- dataset:  FIESTAdata_neid_mode2
jitter_0        49      1.011827 [    0.0020,    23.1435]
offset_0        50      0.114834 [-10002.8721, 10002.3579]

----- dataset: FIESTAdata_neid_mode2     ----- model: gp_multidimensional           
rot_amp         51      1.351646 [  -10.0000,    10.0000]
con_amp         52     -0.444672 [  -20.0000,    20.0000]

----- common model:  b
P                0      0.717088 [    0.3785,     6.6439]
K                1     -1.010087 [   -9.9658,     3.3219]
sre_coso         2     -0.099754 [   -1.0000,     1.0000]
sre_sino         3     -0.064608 [   -1.0000,     1.0000]
mean_long        4    366.056757 [  164.0715,   524.0715]

----- common model:  activity
Prot             5     27.887350 [   20.0000,    35.0000]
Pdec             6     65.067281 [   30.0000,  1000.0000]
Oamp             7     -1.379413 [   -6.6439,     0.0000]

----- common model:  star_parameters

====================================================================================================
     Statistics on the model parameters obtained from the posteriors samples     
====================================================================================================

----- dataset:  RVdata_expres
jitter_0              0.911369 
offset_0              6.343523 


----- dataset: RVdata_expres             ----- model: gp_multidimensional           
rot_amp               7.347514 
con_amp             -15.450535 

----- dataset:  RVdata_harps
jitter_0              1.367977 
offset_0              6.458477 
offset_1              7.169790 


----- dataset: RVdata_harps              ----- model: gp_multidimensional           
rot_amp               2.468989 
con_amp             -12.767158 

----- dataset:  RVdata_neid
jitter_0              1.268683 
offset_0              6.323739 


----- dataset: RVdata_neid               ----- model: gp_multidimensional           
rot_amp               4.835772 
con_amp             -12.467715 

----- dataset:  FIESTAdata_expres_mode1
jitter_0              0.979924 
offset_0              0.292401 


----- dataset: FIESTAdata_expres_mode1   ----- model: gp_multidimensional           
rot_amp              -0.958874 
con_amp              -0.928261 

----- dataset:  FIESTAdata_expres_mode2
jitter_0              1.258699 
offset_0             -0.704790 


----- dataset: FIESTAdata_expres_mode2   ----- model: gp_multidimensional           
rot_amp              -0.069291 
con_amp               1.461067 

----- dataset:  FIESTAdata_harps_mode1
jitter_0              0.966797 
offset_0              4.152353 


----- dataset: FIESTAdata_harps_mode1    ----- model: gp_multidimensional           
rot_amp              -1.377347 
con_amp              -6.590556 

----- dataset:  FIESTAdata_harps_mode2
jitter_0              1.217644 
offset_0             -6.397541 


----- dataset: FIESTAdata_harps_mode2    ----- model: gp_multidimensional           
rot_amp              -1.198095 
con_amp              10.111396 

----- dataset:  FIESTAdata_harpsn_mode1
jitter_0              1.260490 
offset_0              0.201268 


----- dataset: FIESTAdata_harpsn_mode1   ----- model: gp_multidimensional           
rot_amp               3.621187 
con_amp              -0.393189 

----- dataset:  FIESTAdata_harpsn_mode2
jitter_0              1.622324 
offset_0             -0.038337 


----- dataset: FIESTAdata_harpsn_mode2   ----- model: gp_multidimensional           
rot_amp               1.594765 
con_amp              -0.008961 

----- dataset:  FIESTAdata_neid_mode1
jitter_0              0.808117 
offset_0             -0.395408 


----- dataset: FIESTAdata_neid_mode1     ----- model: gp_multidimensional           
rot_amp               1.634142 
con_amp               0.847373 

----- dataset:  FIESTAdata_neid_mode2
jitter_0              1.011827 
offset_0              0.114834 


----- dataset: FIESTAdata_neid_mode2     ----- model: gp_multidimensional           
rot_amp               1.351646 
con_amp              -0.444672 

----- common model:  b
P                     1.643861 
K                     0.496516 
mean_long           366.056757 
e                     0.014125 
omega              -147.069933 

----- common model:  activity
Prot                 27.887350 
Pdec                 65.067281 
Oamp                  0.384375 

----- common model:  star_parameters

====================================================================================================
     Statistics on the derived parameters obtained from the posteriors samples     
====================================================================================================

----- common model:  b
Inclination fixed to 90 deg!
a_Rs                  5.859037 
M_Mj                  0.002882 
M_Me                  0.916280 
Tc                59335.089732 
a_AU_(M)              0.027259 
a_AU_(rho,R)          0.027259 


====================================================================================================
     ------------------------------------------------------------------------------------------     
====================================================================================================



****************************************************************************************************

Inclination fixed to 90 deg!
Note: stellar density derived from stellar mass and radius

Inclination fixed to 90 deg!
Inclination fixed to 90 deg!
 Plot FLAT chain 

****************************************************************************************************

 Skipping full correlation plot due to the high number of parameters
 To avoid this behaviour, set the keyword parameters:force_full_correlation_plot to True

****************************************************************************************************

 Plotting the chains... 

****************************************************************************************************

 Plotting the Gelman-Rubin traces... 

     Gelman-Rubin:     8     1.079458 RVdata_expres_jitter_0 
     Gelman-Rubin:     9     1.331133 RVdata_expres_offset_0 
     Gelman-Rubin:    10     1.057224 RVdata_expres_gp_multidimensional_rot_amp 
     Gelman-Rubin:    11     1.075043 RVdata_expres_gp_multidimensional_con_amp 
     Gelman-Rubin:    12     1.051230 RVdata_harps_jitter_0 
     Gelman-Rubin:    13     1.331495 RVdata_harps_offset_0 
     Gelman-Rubin:    14     1.331726 RVdata_harps_offset_1 
     Gelman-Rubin:    15     1.055843 RVdata_harps_gp_multidimensional_rot_amp 
     Gelman-Rubin:    16     1.074041 RVdata_harps_gp_multidimensional_con_amp 
     Gelman-Rubin:    17     1.064020 RVdata_neid_jitter_0 
     Gelman-Rubin:    18     1.333000 RVdata_neid_offset_0 
     Gelman-Rubin:    19     1.071105 RVdata_neid_gp_multidimensional_rot_amp 
     Gelman-Rubin:    20     1.072710 RVdata_neid_gp_multidimensional_con_amp 
     Gelman-Rubin:    21     1.059193 FIESTAdata_expres_mode1_jitter_0 
     Gelman-Rubin:    22     1.257780 FIESTAdata_expres_mode1_offset_0 
     Gelman-Rubin:    23     1.069292 FIESTAdata_expres_mode1_gp_multidimensional_rot_amp 
     Gelman-Rubin:    24     1.059891 FIESTAdata_expres_mode1_gp_multidimensional_con_amp 
     Gelman-Rubin:    25     1.056158 FIESTAdata_expres_mode2_jitter_0 
     Gelman-Rubin:    26     1.295809 FIESTAdata_expres_mode2_offset_0 
     Gelman-Rubin:    27     1.072127 FIESTAdata_expres_mode2_gp_multidimensional_rot_amp 
     Gelman-Rubin:    28     1.057137 FIESTAdata_expres_mode2_gp_multidimensional_con_amp 
     Gelman-Rubin:    29     1.060229 FIESTAdata_harps_mode1_jitter_0 
     Gelman-Rubin:    30     1.202269 FIESTAdata_harps_mode1_offset_0 
     Gelman-Rubin:    31     1.068479 FIESTAdata_harps_mode1_gp_multidimensional_rot_amp 
     Gelman-Rubin:    32     1.083100 FIESTAdata_harps_mode1_gp_multidimensional_con_amp 
     Gelman-Rubin:    33     1.057623 FIESTAdata_harps_mode2_jitter_0 
     Gelman-Rubin:    34     1.197832 FIESTAdata_harps_mode2_offset_0 
     Gelman-Rubin:    35     1.061293 FIESTAdata_harps_mode2_gp_multidimensional_rot_amp 
     Gelman-Rubin:    36     1.088921 FIESTAdata_harps_mode2_gp_multidimensional_con_amp 
     Gelman-Rubin:    37     1.042752 FIESTAdata_harpsn_mode1_jitter_0 
     Gelman-Rubin:    38     1.108537 FIESTAdata_harpsn_mode1_offset_0 
     Gelman-Rubin:    39     1.082737 FIESTAdata_harpsn_mode1_gp_multidimensional_rot_amp 
     Gelman-Rubin:    40     1.064769 FIESTAdata_harpsn_mode1_gp_multidimensional_con_amp 
     Gelman-Rubin:    41     1.046091 FIESTAdata_harpsn_mode2_jitter_0 
     Gelman-Rubin:    42     1.087953 FIESTAdata_harpsn_mode2_offset_0 
     Gelman-Rubin:    43     1.062397 FIESTAdata_harpsn_mode2_gp_multidimensional_rot_amp 
     Gelman-Rubin:    44     1.066000 FIESTAdata_harpsn_mode2_gp_multidimensional_con_amp 
     Gelman-Rubin:    45     1.047871 FIESTAdata_neid_mode1_jitter_0 
     Gelman-Rubin:    46     1.237681 FIESTAdata_neid_mode1_offset_0 
     Gelman-Rubin:    47     1.060042 FIESTAdata_neid_mode1_gp_multidimensional_rot_amp 
     Gelman-Rubin:    48     1.066240 FIESTAdata_neid_mode1_gp_multidimensional_con_amp 
     Gelman-Rubin:    49     1.047563 FIESTAdata_neid_mode2_jitter_0 
     Gelman-Rubin:    50     1.210628 FIESTAdata_neid_mode2_offset_0 
     Gelman-Rubin:    51     1.056047 FIESTAdata_neid_mode2_gp_multidimensional_rot_amp 
     Gelman-Rubin:    52     1.072852 FIESTAdata_neid_mode2_gp_multidimensional_con_amp 
     Gelman-Rubin:     0     1.065868 b_P 
     Gelman-Rubin:     1     1.059875 b_K 
     Gelman-Rubin:     2     1.057241 b_sre_coso 
     Gelman-Rubin:     3     1.056097 b_sre_sino 
     Gelman-Rubin:     4     1.064123 b_mean_long 
     Gelman-Rubin:     5     1.058352 activity_Prot 
     Gelman-Rubin:     6     1.049550 activity_Pdec 
     Gelman-Rubin:     7     1.050985 activity_Oamp 

****************************************************************************************************

Plotting the common models corner plots
     Common model:  b
     Common model:  activity
     Common model:  star_parameters

****************************************************************************************************

Plotting the dataset + models corner plots 

     Dataset:  RVdata_expres     model:  gp_multidimensional  corner plot  starting 
     Dataset:  RVdata_expres     model:  gp_multidimensional  corner plot  done 
     Dataset:  RVdata_expres     model:  radial_velocities_b  corner plot  starting 
     Dataset:  RVdata_expres     model:  radial_velocities_b  corner plot  done 
     Dataset:  RVdata_harps     model:  gp_multidimensional  corner plot  starting 
     Dataset:  RVdata_harps     model:  gp_multidimensional  corner plot  done 
     Dataset:  RVdata_harps     model:  radial_velocities_b  corner plot  starting 
     Dataset:  RVdata_harps     model:  radial_velocities_b  corner plot  done 
     Dataset:  RVdata_neid     model:  gp_multidimensional  corner plot  starting 
     Dataset:  RVdata_neid     model:  gp_multidimensional  corner plot  done 
     Dataset:  RVdata_neid     model:  radial_velocities_b  corner plot  starting 
     Dataset:  RVdata_neid     model:  radial_velocities_b  corner plot  done 
     Dataset:  FIESTAdata_expres_mode1     model:  gp_multidimensional  corner plot  starting 
     Dataset:  FIESTAdata_expres_mode1     model:  gp_multidimensional  corner plot  done 
     Dataset:  FIESTAdata_expres_mode2     model:  gp_multidimensional  corner plot  starting 
     Dataset:  FIESTAdata_expres_mode2     model:  gp_multidimensional  corner plot  done 
     Dataset:  FIESTAdata_harps_mode1     model:  gp_multidimensional  corner plot  starting 
     Dataset:  FIESTAdata_harps_mode1     model:  gp_multidimensional  corner plot  done 
     Dataset:  FIESTAdata_harps_mode2     model:  gp_multidimensional  corner plot  starting 
     Dataset:  FIESTAdata_harps_mode2     model:  gp_multidimensional  corner plot  done 
     Dataset:  FIESTAdata_harpsn_mode1     model:  gp_multidimensional  corner plot  starting 
     Dataset:  FIESTAdata_harpsn_mode1     model:  gp_multidimensional  corner plot  done 
     Dataset:  FIESTAdata_harpsn_mode2     model:  gp_multidimensional  corner plot  starting 
     Dataset:  FIESTAdata_harpsn_mode2     model:  gp_multidimensional  corner plot  done 
     Dataset:  FIESTAdata_neid_mode1     model:  gp_multidimensional  corner plot  starting 
     Dataset:  FIESTAdata_neid_mode1     model:  gp_multidimensional  corner plot  done 
     Dataset:  FIESTAdata_neid_mode2     model:  gp_multidimensional  corner plot  starting 
     Dataset:  FIESTAdata_neid_mode2     model:  gp_multidimensional  corner plot  done 

****************************************************************************************************

 Saving the planet parameter samplings to files (with plots)

****************************************************************************************************

 Saving all the parameter samplings to files (with plots)

****************************************************************************************************

 Computing the models for plot/data writing 
     Splitting the plot array to allow GP prediction of extended datasets, it may take a while...
     # 21 chunks of 93 times each
     Check the documentation if the code is taking too long or if it crashes...
     Splitting the plot array to allow GP prediction of extended datasets, it may take a while...
     # 21 chunks of 93 times each
     Check the documentation if the code is taking too long or if it crashes...
     Splitting the plot array to allow GP prediction of extended datasets, it may take a while...
     # 21 chunks of 93 times each
     Check the documentation if the code is taking too long or if it crashes...
     Splitting the plot array to allow GP prediction of extended datasets, it may take a while...
     # 15 chunks of 93 times each
     Check the documentation if the code is taking too long or if it crashes...
     Splitting the plot array to allow GP prediction of extended datasets, it may take a while...
     # 15 chunks of 93 times each
     Check the documentation if the code is taking too long or if it crashes...
     Splitting the plot array to allow GP prediction of extended datasets, it may take a while...
     # 4 chunks of 93 times each
     Check the documentation if the code is taking too long or if it crashes...
     Splitting the plot array to allow GP prediction of extended datasets, it may take a while...
     # 4 chunks of 93 times each
     Check the documentation if the code is taking too long or if it crashes...
     Splitting the plot array to allow GP prediction of extended datasets, it may take a while...
     # 12 chunks of 93 times each
     Check the documentation if the code is taking too long or if it crashes...
     Splitting the plot array to allow GP prediction of extended datasets, it may take a while...
     # 12 chunks of 93 times each
     Check the documentation if the code is taking too long or if it crashes...
     Splitting the plot array to allow GP prediction of extended datasets, it may take a while...
     # 13 chunks of 93 times each
     Check the documentation if the code is taking too long or if it crashes...
     Splitting the plot array to allow GP prediction of extended datasets, it may take a while...
     # 13 chunks of 93 times each
     Check the documentation if the code is taking too long or if it crashes...
     Splitting the plot array to allow GP prediction of extended datasets, it may take a while...
     # 21 chunks of 93 times each
     Check the documentation if the code is taking too long or if it crashes...
     Splitting the plot array to allow GP prediction of extended datasets, it may take a while...
     # 21 chunks of 93 times each
     Check the documentation if the code is taking too long or if it crashes...
     Splitting the plot array to allow GP prediction of extended datasets, it may take a while...
     # 21 chunks of 93 times each
     Check the documentation if the code is taking too long or if it crashes...
     Splitting the plot array to allow GP prediction of extended datasets, it may take a while...
     # 15 chunks of 93 times each
     Check the documentation if the code is taking too long or if it crashes...
     Splitting the plot array to allow GP prediction of extended datasets, it may take a while...
     # 15 chunks of 93 times each
     Check the documentation if the code is taking too long or if it crashes...
     Splitting the plot array to allow GP prediction of extended datasets, it may take a while...
     # 4 chunks of 93 times each
     Check the documentation if the code is taking too long or if it crashes...
     Splitting the plot array to allow GP prediction of extended datasets, it may take a while...
     # 4 chunks of 93 times each
     Check the documentation if the code is taking too long or if it crashes...
     Splitting the plot array to allow GP prediction of extended datasets, it may take a while...
     # 12 chunks of 93 times each
     Check the documentation if the code is taking too long or if it crashes...
     Splitting the plot array to allow GP prediction of extended datasets, it may take a while...
     # 12 chunks of 93 times each
     Check the documentation if the code is taking too long or if it crashes...
     Splitting the plot array to allow GP prediction of extended datasets, it may take a while...
     # 13 chunks of 93 times each
     Check the documentation if the code is taking too long or if it crashes...
     Splitting the plot array to allow GP prediction of extended datasets, it may take a while...
     # 13 chunks of 93 times each
     Check the documentation if the code is taking too long or if it crashes...
     Splitting the plot array to allow GP prediction of extended datasets, it may take a while...
     # 21 chunks of 93 times each
     Check the documentation if the code is taking too long or if it crashes...
     Splitting the plot array to allow GP prediction of extended datasets, it may take a while...
     # 21 chunks of 93 times each
     Check the documentation if the code is taking too long or if it crashes...
     Splitting the plot array to allow GP prediction of extended datasets, it may take a while...
     # 21 chunks of 93 times each
     Check the documentation if the code is taking too long or if it crashes...
     Splitting the plot array to allow GP prediction of extended datasets, it may take a while...
     # 15 chunks of 93 times each
     Check the documentation if the code is taking too long or if it crashes...
     Splitting the plot array to allow GP prediction of extended datasets, it may take a while...
     # 15 chunks of 93 times each
     Check the documentation if the code is taking too long or if it crashes...
     Splitting the plot array to allow GP prediction of extended datasets, it may take a while...
     # 4 chunks of 93 times each
     Check the documentation if the code is taking too long or if it crashes...
     Splitting the plot array to allow GP prediction of extended datasets, it may take a while...
     # 4 chunks of 93 times each
     Check the documentation if the code is taking too long or if it crashes...
     Splitting the plot array to allow GP prediction of extended datasets, it may take a while...
     # 12 chunks of 93 times each
     Check the documentation if the code is taking too long or if it crashes...
     Splitting the plot array to allow GP prediction of extended datasets, it may take a while...
     # 12 chunks of 93 times each
     Check the documentation if the code is taking too long or if it crashes...
     Splitting the plot array to allow GP prediction of extended datasets, it may take a while...
     # 13 chunks of 93 times each
     Check the documentation if the code is taking too long or if it crashes...
     Splitting the plot array to allow GP prediction of extended datasets, it may take a while...
     # 13 chunks of 93 times each
     Check the documentation if the code is taking too long or if it crashes...
 Writing the plots 
 Writing the   data files 
 Writing the  MAP_ data files 
 Writing the  sampleMED_ data files 

****************************************************************************************************

