
:::---::: PyORBIT v11.0.1 :::---:::

Python version in use:
3.10.18 (main, Jun  5 2025, 13:14:17) [GCC 11.2.0]

reloaded_optimize:  False
reloaded_pyde:  False
reloaded_emcee:  False

number of multiprocessing threads: 16
multiprocessing method (should be fork):  fork

parameters/safe_reload flag (must be True for tinygp):  False

Opening:  RVdata
Opening:  BISdata
Opening:  CaIIdata
Opening:  Contrastdata
Opening:  FWHMdata
Opening:  Halphadata

Adding common model of planet:  b
Adding common model of planet:  c
Using orbital model:  keplerian
Using orbital parametrization:  Eastman2013

Using orbital model:  keplerian
Using orbital parametrization:  Eastman2013

gp_multidimensional  S+LEAF model, number of harmonics: 4

GP model: gp_multidimensional  hyperparameters_condition:    True
GP model: gp_multidimensional  rotation_decay_condition:     True

====================================================================================================
     Ids, spaces (s), boundaries (b) and priors (p) of the sampler parameters     
====================================================================================================

----- dataset:  RVdata
jitter_0      id:  13  s:Linear      b:[      0.0009,      12.3000]   p:Uniform   []
offset_0      id:  14  s:Linear      b:[  -9995.9050,   10014.9920]   p:Uniform   []
offset_1      id:  15  s:Linear      b:[  -9995.9050,   10014.9920]   p:Uniform   []
offset_2      id:  16  s:Linear      b:[  -9995.9050,   10014.9920]   p:Uniform   []
offset_3      id:  17  s:Linear      b:[  -9995.9050,   10014.9920]   p:Uniform   []

----- dataset: RVdata                    ----- model: gp_multidimensional           
rot_amp       id:  18  s:Linear      b:[      0.0000,      10.0000]   p:Uniform   []
con_amp       id:  19  s:Linear      b:[    -20.0000,      20.0000]   p:Uniform   []

----- dataset:  BISdata
jitter_0      id:  20  s:Linear      b:[      0.0095,      95.0000]   p:Uniform   []
offset_0      id:  21  s:Linear      b:[ -10080.0833,    9959.1833]   p:Uniform   []
offset_1      id:  22  s:Linear      b:[ -10080.0833,    9959.1833]   p:Uniform   []
offset_2      id:  23  s:Linear      b:[ -10080.0833,    9959.1833]   p:Uniform   []
offset_3      id:  24  s:Linear      b:[ -10080.0833,    9959.1833]   p:Uniform   []

----- dataset: BISdata                   ----- model: gp_multidimensional           
rot_amp       id:  25  s:Linear      b:[    -10.0000,      10.0000]   p:Uniform   []
con_amp       id:  26  s:Linear      b:[    -20.0000,      20.0000]   p:Uniform   []

----- dataset:  CaIIdata
jitter_0      id:  27  s:Linear      b:[      0.0000,       0.3000]   p:Uniform   []
offset_0      id:  28  s:Linear      b:[  -9999.9090,   10000.1096]   p:Uniform   []
offset_1      id:  29  s:Linear      b:[  -9999.9090,   10000.1096]   p:Uniform   []
offset_2      id:  30  s:Linear      b:[  -9999.9090,   10000.1096]   p:Uniform   []
offset_3      id:  31  s:Linear      b:[  -9999.9090,   10000.1096]   p:Uniform   []

----- dataset: CaIIdata                  ----- model: gp_multidimensional           
rot_amp       id:  32  s:Linear      b:[    -10.0000,      10.0000]   p:Uniform   []
con_amp       id:  33  s:Linear      b:[    -20.0000,      20.0000]   p:Uniform   []

----- dataset:  Contrastdata
jitter_0      id:  34  s:Linear      b:[      1.3000,   13000.0000]   p:Uniform   []
offset_0      id:  35  s:Linear      b:[-468133.1237, -343198.1428]   p:Uniform   []
offset_1      id:  36  s:Linear      b:[-468133.1237, -343198.1428]   p:Uniform   []
offset_2      id:  37  s:Linear      b:[-468133.1237, -343198.1428]   p:Uniform   []
offset_3      id:  38  s:Linear      b:[-468133.1237, -343198.1428]   p:Uniform   []

----- dataset: Contrastdata              ----- model: gp_multidimensional           
rot_amp       id:  39  s:Linear      b:[    -10.0000,      10.0000]   p:Uniform   []
con_amp       id:  40  s:Linear      b:[    -20.0000,      20.0000]   p:Uniform   []

----- dataset:  FWHMdata
jitter_0      id:  41  s:Linear      b:[      0.0500,     500.0000]   p:Uniform   []
offset_0      id:  42  s:Linear      b:[  -3319.7228,   16948.8965]   p:Uniform   []
offset_1      id:  43  s:Linear      b:[  -3319.7228,   16948.8965]   p:Uniform   []
offset_2      id:  44  s:Linear      b:[  -3319.7228,   16948.8965]   p:Uniform   []
offset_3      id:  45  s:Linear      b:[  -3319.7228,   16948.8965]   p:Uniform   []

----- dataset: FWHMdata                  ----- model: gp_multidimensional           
rot_amp       id:  46  s:Linear      b:[    -10.0000,      10.0000]   p:Uniform   []
con_amp       id:  47  s:Linear      b:[    -20.0000,      20.0000]   p:Uniform   []

----- dataset:  Halphadata
jitter_0      id:  48  s:Linear      b:[      0.0000,       0.1000]   p:Uniform   []
offset_0      id:  49  s:Linear      b:[  -9999.8297,   10000.1797]   p:Uniform   []
offset_1      id:  50  s:Linear      b:[  -9999.8297,   10000.1797]   p:Uniform   []
offset_2      id:  51  s:Linear      b:[  -9999.8297,   10000.1797]   p:Uniform   []
offset_3      id:  52  s:Linear      b:[  -9999.8297,   10000.1797]   p:Uniform   []

----- dataset: Halphadata                ----- model: gp_multidimensional           
rot_amp       id:  53  s:Linear      b:[    -10.0000,      10.0000]   p:Uniform   []
con_amp       id:  54  s:Linear      b:[    -20.0000,      20.0000]   p:Uniform   []

----- common model:  b
P             id:   0  s:Log_Base2   b:[      0.3785,       6.6439]   p:Uniform   []
K             id:   1  s:Log_Base2   b:[     -9.9658,       3.3219]   p:Uniform   []
sre_coso      id:   2  s:Linear      b:[     -1.0000,       1.0000]   p:Uniform   []
sre_sino      id:   3  s:Linear      b:[     -1.0000,       1.0000]   p:Uniform   []
mean_long     id:   4  s:Linear      b:[      0.0000,     360.0000]   p:Uniform   []
e             derived (no id, space, bound)                           p:Gaussian   [0.    0.098]
omega         derived (no id, space, bound)                           p:Uniform   [0.0, 360.0]

----- common model:  c
P             id:   5  s:Log_Base2   b:[      0.3785,       6.6439]   p:Uniform   []
K             id:   6  s:Log_Base2   b:[     -9.9658,       3.3219]   p:Uniform   []
sre_coso      id:   7  s:Linear      b:[     -1.0000,       1.0000]   p:Uniform   []
sre_sino      id:   8  s:Linear      b:[     -1.0000,       1.0000]   p:Uniform   []
mean_long     id:   9  s:Linear      b:[      0.0000,     360.0000]   p:Uniform   []
e             derived (no id, space, bound)                           p:Gaussian   [0.    0.098]
omega         derived (no id, space, bound)                           p:Uniform   [0.0, 360.0]

----- common model:  activity
Prot          id:  10  s:Linear      b:[     20.0000,      35.0000]   p:Gaussian   [28.   0.5]
Pdec          id:  11  s:Linear      b:[     30.0000,    1000.0000]   p:Uniform   []
Oamp          id:  12  s:Log_Base2   b:[     -6.6439,       0.0000]   p:Gaussian   [0.35  0.035]

----- common model:  star_parameters
mass          derived (no id, space, bound)                           p:Gaussian   [1.e+00 1.e-06]
radius        derived (no id, space, bound)                           p:Gaussian   [1.e+00 1.e-06]
density       derived (no id, space, bound)                           p:Gaussian   [1.e+00 1.e-06]

Include priors:  True

Reference Time Tref:  59334.700184

Dimensions =  55
Nwalkers =  220

Using threading pool for PyDE: True
PyDE running
Boundaries redefined after PyDE output
PyDE completed, it took        511.4 seconds

====================================================================================================
     Starting point of the sample/optimization routines    
====================================================================================================

----- dataset:  RVdata
jitter_0        13      1.181070 [    0.0009,    12.3000]
offset_0        14      8.575662 [-9995.9050, 10014.9920]
offset_1        15     10.530925 [-9995.9050, 10014.9920]
offset_2        16      9.559511 [-9995.9050, 10014.9920]
offset_3        17      9.525385 [-9995.9050, 10014.9920]

----- dataset: RVdata                    ----- model: gp_multidimensional           
rot_amp         18      4.614907 [    0.0000,    10.0000]
con_amp         19      0.120195 [  -20.0000,    20.0000]

----- dataset:  BISdata
jitter_0        20      1.949324 [    0.0095,    95.0000]
offset_0        21    -73.851031 [-10080.0833,  9959.1833]
offset_1        22    -45.449703 [-10080.0833,  9959.1833]
offset_2        23    -52.647884 [-10080.0833,  9959.1833]
offset_3        24    -60.422001 [-10080.0833,  9959.1833]

----- dataset: BISdata                   ----- model: gp_multidimensional           
rot_amp         25     -0.106703 [  -10.0000,    10.0000]
con_amp         26     -0.148365 [  -20.0000,    20.0000]

----- dataset:  CaIIdata
jitter_0        27      0.000032 [    0.0000,     0.3000]
offset_0        28      0.100357 [-9999.9090, 10000.1096]
offset_1        29      0.104290 [-9999.9090, 10000.1096]
offset_2        30      0.104927 [-9999.9090, 10000.1096]
offset_3        31      0.099488 [-9999.9090, 10000.1096]

----- dataset: CaIIdata                  ----- model: gp_multidimensional           
rot_amp         32      0.000175 [  -10.0000,    10.0000]
con_amp         33     -0.000108 [  -20.0000,    20.0000]

----- dataset:  Contrastdata
jitter_0        34    150.796849 [    1.3000, 13000.0000]
offset_0        35  -353825.377213 [-468133.1237, -343198.1428]
offset_1        36  -433591.296347 [-468133.1237, -343198.1428]
offset_2        37  -457683.671063 [-468133.1237, -343198.1428]
offset_3        38  -362698.211150 [-468133.1237, -343198.1428]

----- dataset: Contrastdata              ----- model: gp_multidimensional           
rot_amp         39      9.946124 [  -10.0000,    10.0000]
con_amp         40     19.999459 [  -20.0000,    20.0000]

----- dataset:  FWHMdata
jitter_0        41      0.051812 [    0.0500,   500.0000]
offset_0        42   6692.666926 [-3319.7228, 16948.8965]
offset_1        43   6938.690294 [-3319.7228, 16948.8965]
offset_2        44   6856.797521 [-3319.7228, 16948.8965]
offset_3        45   6897.079379 [-3319.7228, 16948.8965]

----- dataset: FWHMdata                  ----- model: gp_multidimensional           
rot_amp         46      3.506731 [  -10.0000,    10.0000]
con_amp         47      2.340362 [  -20.0000,    20.0000]

----- dataset:  Halphadata
jitter_0        48      0.000010 [    0.0000,     0.1000]
offset_0        49      0.172058 [-9999.8297, 10000.1797]
offset_1        50      0.174049 [-9999.8297, 10000.1797]
offset_2        51      0.175111 [-9999.8297, 10000.1797]
offset_3        52      0.171134 [-9999.8297, 10000.1797]

----- dataset: Halphadata                ----- model: gp_multidimensional           
rot_amp         53      0.000311 [  -10.0000,    10.0000]
con_amp         54     -0.000035 [  -20.0000,    20.0000]

----- common model:  b
P                0      2.017690 [    0.3785,     6.6439]
K                1     -0.351510 [   -9.9658,     3.3219]
sre_coso         2     -0.279973 [   -1.0000,     1.0000]
sre_sino         3      0.236004 [   -1.0000,     1.0000]
mean_long        4    121.942794 [  -58.0572,   301.9428]

----- common model:  c
P                5      0.960201 [    0.3785,     6.6439]
K                6      0.009726 [   -9.9658,     3.3219]
sre_coso         7     -0.123500 [   -1.0000,     1.0000]
sre_sino         8     -0.421707 [   -1.0000,     1.0000]
mean_long        9    100.463686 [  -79.5363,   280.4637]

----- common model:  activity
Prot            10     28.000226 [   20.0000,    35.0000]
Pdec            11     30.001022 [   30.0000,  1000.0000]
Oamp            12     -1.361817 [   -6.6439,     0.0000]

----- common model:  star_parameters

====================================================================================================
     Starting point projected onto the model parameter space     
====================================================================================================

----- dataset:  RVdata
jitter_0              1.181070 
offset_0              8.575662 
offset_1             10.530925 
offset_2              9.559511 
offset_3              9.525385 


----- dataset: RVdata                    ----- model: gp_multidimensional           
rot_amp               4.614907 
con_amp               0.120195 

----- dataset:  BISdata
jitter_0              1.949324 
offset_0            -73.851031 
offset_1            -45.449703 
offset_2            -52.647884 
offset_3            -60.422001 


----- dataset: BISdata                   ----- model: gp_multidimensional           
rot_amp              -0.106703 
con_amp              -0.148365 

----- dataset:  CaIIdata
jitter_0              0.000032 
offset_0              0.100357 
offset_1              0.104290 
offset_2              0.104927 
offset_3              0.099488 


----- dataset: CaIIdata                  ----- model: gp_multidimensional           
rot_amp               0.000175 
con_amp              -0.000108 

----- dataset:  Contrastdata
jitter_0            150.796849 
offset_0        -353825.377213 
offset_1        -433591.296347 
offset_2        -457683.671063 
offset_3        -362698.211150 


----- dataset: Contrastdata              ----- model: gp_multidimensional           
rot_amp               9.946124 
con_amp              19.999459 

----- dataset:  FWHMdata
jitter_0              0.051812 
offset_0           6692.666926 
offset_1           6938.690294 
offset_2           6856.797521 
offset_3           6897.079379 


----- dataset: FWHMdata                  ----- model: gp_multidimensional           
rot_amp               3.506731 
con_amp               2.340362 

----- dataset:  Halphadata
jitter_0              0.000010 
offset_0              0.172058 
offset_1              0.174049 
offset_2              0.175111 
offset_3              0.171134 


----- dataset: Halphadata                ----- model: gp_multidimensional           
rot_amp               0.000311 
con_amp              -0.000035 

----- common model:  b
P                     4.049349 
K                     0.783764 
mean_long           121.942794 
e                     0.134083 
omega               139.870628 

----- common model:  c
P                     1.945582 
K                     1.006765 
mean_long           100.463686 
e                     0.193089 
omega              -106.323004 

----- common model:  activity
Prot                 28.000226 
Pdec                 30.001022 
Oamp                  0.389092 

----- common model:  star_parameters

====================================================================================================
     Derived parameters obtained from starting point     
====================================================================================================

----- common model:  b
Inclination fixed to 90 deg!
a_Rs                 10.686592 
M_Mj                  0.006090 
M_Me                  1.935938 
Tc                59338.514058 
a_AU_(M)              0.049719 
a_AU_(rho,R)          0.049719 

----- common model:  c
Inclination fixed to 90 deg!
a_Rs                  6.555661 
M_Mj                  0.006066 
M_Me                  1.928461 
Tc                59336.628162 
a_AU_(M)              0.030500 
a_AU_(rho,R)          0.030500 


====================================================================================================
     Statistics on the log-likelihood     
====================================================================================================

 LN probability: -1249.918706 

====================================================================================================
     ------------------------------------------------------------------------------------------     
====================================================================================================



*************************************************************

Running emcee

emcee version:  3.1.6
Using threading pool for emcee: True

Saving temporary steps


Computing the autocorrelation time of the chains

***** WARNING ******
The integrated autocorrelation time cannot be reliably estimated
likely the chains are too short, and ACF analysis is not fully reliable
emcee.autocorr.integrated_time tolerance lowered to 20
If you still get a warning, you should drop these results entirely
Chains too short to apply convergence criteria
They should be at least 550*nthin = 82500

====================================================================================================
     Statistics on the posterior of the sampler parameters     
====================================================================================================

----- dataset:  RVdata
jitter_0        13         1.220       -0.054        0.060   (15-84 p)   [    0.0009,    12.3000]
offset_0        14          8.52        -0.20         0.19   (15-84 p)   [-9995.9050, 10014.9920]
offset_1        15         10.46        -0.35         0.32   (15-84 p)   [-9995.9050, 10014.9920]
offset_2        16          9.50        -0.22         0.20   (15-84 p)   [-9995.9050, 10014.9920]
offset_3        17          9.44        -0.22         0.19   (15-84 p)   [-9995.9050, 10014.9920]

----- dataset: RVdata                    ----- model: gp_multidimensional           
rot_amp         18           6.5         -1.2          1.4   (15-84 p)   [    0.0000,    10.0000]
con_amp         19          0.20        -0.10         0.13   (15-84 p)   [  -20.0000,    20.0000]

----- dataset:  BISdata
jitter_0        20          1.98        -0.10         0.11   (15-84 p)   [    0.0095,    95.0000]
offset_0        21        -73.82        -0.25         0.25   (15-84 p)   [-10080.0833,  9959.1833]
offset_1        22        -45.40        -0.47         0.49   (15-84 p)   [-10080.0833,  9959.1833]
offset_2        23        -52.60        -0.29         0.30   (15-84 p)   [-10080.0833,  9959.1833]
offset_3        24        -60.40        -0.27         0.28   (15-84 p)   [-10080.0833,  9959.1833]

----- dataset: BISdata                   ----- model: gp_multidimensional           
rot_amp         25         -0.14        -0.87         0.90   (15-84 p)   [  -10.0000,    10.0000]
con_amp         26         -0.21        -0.14         0.12   (15-84 p)   [  -20.0000,    20.0000]

----- dataset:  CaIIdata
jitter_0        27       0.00021     -0.00013      0.00019   (15-84 p)   [    0.0000,     0.3000]
offset_0        28       0.10038     -0.00032      0.00033   (15-84 p)   [-9999.9090, 10000.1096]
offset_1        29       0.10430     -0.00067      0.00068   (15-84 p)   [-9999.9090, 10000.1096]
offset_2        30       0.10494     -0.00038      0.00038   (15-84 p)   [-9999.9090, 10000.1096]
offset_3        31       0.09950     -0.00037      0.00036   (15-84 p)   [-9999.9090, 10000.1096]

----- dataset: CaIIdata                  ----- model: gp_multidimensional           
rot_amp         32        0.0001      -0.0011       0.0011   (15-84 p)   [  -10.0000,    10.0000]
con_amp         33      -0.00015     -0.00017      0.00016   (15-84 p)   [  -20.0000,    20.0000]

----- dataset:  Contrastdata
jitter_0        34           160          -12           12   (15-84 p)   [    1.3000, 13000.0000]
offset_0        35       -353824          -22           21   (15-84 p)   [-468133.1237, -343198.1428]
offset_1        36       -433584          -43           45   (15-84 p)   [-468133.1237, -343198.1428]
offset_2        37       -457683          -25           25   (15-84 p)   [-468133.1237, -343198.1428]
offset_3        38       -362697          -23           24   (15-84 p)   [-468133.1237, -343198.1428]

----- dataset: Contrastdata              ----- model: gp_multidimensional           
rot_amp         39           0.0         -6.8          6.7   (15-84 p)   [  -10.0000,    10.0000]
con_amp         40         19.79        -0.40         0.15   (15-84 p)   [  -20.0000,    20.0000]

----- dataset:  FWHMdata
jitter_0        41          0.30        -0.17         0.27   (15-84 p)   [    0.0500,   500.0000]
offset_0        42        6692.3         -1.5          1.5   (15-84 p)   [-3319.7228, 16948.8965]
offset_1        43        6938.3         -1.7          1.8   (15-84 p)   [-3319.7228, 16948.8965]
offset_2        44        6856.4         -1.6          1.4   (15-84 p)   [-3319.7228, 16948.8965]
offset_3        45        6896.6         -1.6          1.5   (15-84 p)   [-3319.7228, 16948.8965]

----- dataset: FWHMdata                  ----- model: gp_multidimensional           
rot_amp         46           4.4         -1.9          2.2   (15-84 p)   [  -10.0000,    10.0000]
con_amp         47          3.29        -0.62         0.78   (15-84 p)   [  -20.0000,    20.0000]

----- dataset:  Halphadata
jitter_0        48      0.000076    -0.000047     0.000072   (15-84 p)   [    0.0000,     0.1000]
offset_0        49       0.17206     -0.00011      0.00010   (15-84 p)   [-9999.8297, 10000.1797]
offset_1        50       0.17405     -0.00023      0.00022   (15-84 p)   [-9999.8297, 10000.1797]
offset_2        51       0.17512     -0.00013      0.00012   (15-84 p)   [-9999.8297, 10000.1797]
offset_3        52       0.17114     -0.00012      0.00012   (15-84 p)   [-9999.8297, 10000.1797]

----- dataset: Halphadata                ----- model: gp_multidimensional           
rot_amp         53       0.00038     -0.00037      0.00039   (15-84 p)   [  -10.0000,    10.0000]
con_amp         54     -0.000046    -0.000056     0.000053   (15-84 p)   [  -20.0000,    20.0000]

----- common model:  b
P                0        2.0218      -0.0083       0.0086   (15-84 p)   [    0.3785,     6.6439]
K                1         -0.59        -0.34         0.28   (15-84 p)   [   -9.9658,     3.3219]
sre_coso         2         -0.05        -0.21         0.22   (15-84 p)   [   -1.0000,     1.0000]
sre_sino         3          0.10        -0.23         0.20   (15-84 p)   [   -1.0000,     1.0000]
mean_long        4           133          -34           34   (15-84 p)   [  -58.0572,   301.9428]

----- common model:  c
P                5        0.9610      -0.0030       0.0036   (15-84 p)   [    0.3785,     6.6439]
K                6         -0.16        -0.26         0.22   (15-84 p)   [   -9.9658,     3.3219]
sre_coso         7         -0.07        -0.19         0.21   (15-84 p)   [   -1.0000,     1.0000]
sre_sino         8         -0.24        -0.17         0.26   (15-84 p)   [   -1.0000,     1.0000]
mean_long        9           107          -20           22   (15-84 p)   [  -79.5363,   280.4637]

----- common model:  activity
Prot            10         28.05        -0.41         0.42   (15-84 p)   [   20.0000,    35.0000]
Pdec            11         30.42        -0.32         0.96   (15-84 p)   [   30.0000,  1000.0000]
Oamp            12         -1.36        -0.11         0.11   (15-84 p)   [   -6.6439,     0.0000]

----- common model:  star_parameters

====================================================================================================
     Statistics on the model parameters obtained from the posteriors samples     
====================================================================================================

----- dataset:  RVdata
jitter_0                 1.220       -0.054        0.060    (15-84 p)
offset_0                  8.52        -0.20         0.19    (15-84 p)
offset_1                 10.46        -0.35         0.32    (15-84 p)
offset_2                  9.50        -0.22         0.20    (15-84 p)
offset_3                  9.44        -0.22         0.19    (15-84 p)


----- dataset: RVdata                    ----- model: gp_multidimensional           
rot_amp                    6.5         -1.2          1.4    (15-84 p)
con_amp                   0.20        -0.10         0.13    (15-84 p)

----- dataset:  BISdata
jitter_0                  1.98        -0.10         0.11    (15-84 p)
offset_0                -73.82        -0.25         0.25    (15-84 p)
offset_1                -45.40        -0.47         0.49    (15-84 p)
offset_2                -52.60        -0.29         0.30    (15-84 p)
offset_3                -60.40        -0.27         0.28    (15-84 p)


----- dataset: BISdata                   ----- model: gp_multidimensional           
rot_amp                  -0.14        -0.87         0.90    (15-84 p)
con_amp                  -0.21        -0.14         0.12    (15-84 p)

----- dataset:  CaIIdata
jitter_0               0.00021     -0.00013      0.00019    (15-84 p)
offset_0               0.10038     -0.00032      0.00033    (15-84 p)
offset_1               0.10430     -0.00067      0.00068    (15-84 p)
offset_2               0.10494     -0.00038      0.00038    (15-84 p)
offset_3               0.09950     -0.00037      0.00036    (15-84 p)


----- dataset: CaIIdata                  ----- model: gp_multidimensional           
rot_amp                 0.0001      -0.0011       0.0011    (15-84 p)
con_amp               -0.00015     -0.00017      0.00016    (15-84 p)

----- dataset:  Contrastdata
jitter_0                   160          -12           12    (15-84 p)
offset_0               -353824          -22           21    (15-84 p)
offset_1               -433584          -43           45    (15-84 p)
offset_2               -457683          -25           25    (15-84 p)
offset_3               -362697          -23           24    (15-84 p)


----- dataset: Contrastdata              ----- model: gp_multidimensional           
rot_amp                    0.0         -6.8          6.7    (15-84 p)
con_amp                  19.79        -0.40         0.15    (15-84 p)

----- dataset:  FWHMdata
jitter_0                  0.30        -0.17         0.27    (15-84 p)
offset_0                6692.3         -1.5          1.5    (15-84 p)
offset_1                6938.3         -1.7          1.8    (15-84 p)
offset_2                6856.4         -1.6          1.4    (15-84 p)
offset_3                6896.6         -1.6          1.5    (15-84 p)


----- dataset: FWHMdata                  ----- model: gp_multidimensional           
rot_amp                    4.4         -1.9          2.2    (15-84 p)
con_amp                   3.29        -0.62         0.78    (15-84 p)

----- dataset:  Halphadata
jitter_0              0.000076    -0.000047     0.000072    (15-84 p)
offset_0               0.17206     -0.00011      0.00010    (15-84 p)
offset_1               0.17405     -0.00023      0.00022    (15-84 p)
offset_2               0.17512     -0.00013      0.00012    (15-84 p)
offset_3               0.17114     -0.00012      0.00012    (15-84 p)


----- dataset: Halphadata                ----- model: gp_multidimensional           
rot_amp                0.00038     -0.00037      0.00039    (15-84 p)
con_amp              -0.000046    -0.000056     0.000053    (15-84 p)

----- common model:  b
P                        4.061       -0.023        0.024    (15-84 p)
K                         0.66        -0.14         0.14    (15-84 p)
mean_long                  133          -34           34    (15-84 p)
e                        0.078       -0.055        0.084    (15-84 p)
omega                       62         -172           78    (15-84 p)

----- common model:  c
P                       1.9467      -0.0041       0.0049    (15-84 p)
K                         0.89        -0.15         0.15    (15-84 p)
mean_long                  107          -20           22    (15-84 p)
e                        0.112       -0.077         0.10    (15-84 p)
omega                      -94          -43          114    (15-84 p)

----- common model:  activity
Prot                     28.05        -0.41         0.42    (15-84 p)
Pdec                     30.42        -0.32         0.96    (15-84 p)
Oamp                     0.390       -0.029        0.030    (15-84 p)

----- common model:  star_parameters

====================================================================================================
     Statistics on the derived parameters obtained from the posteriors samples     
====================================================================================================

----- common model:  b
Inclination fixed to 90 deg!
Computing planetary mass under the approximation M_planet << M_star (threshold at 30.0 Me)
a_Rs                    10.707       -0.041        0.043    (15-84 p)
M_Mj                    0.0052      -0.0011       0.0011    (15-84 p)
M_Me                      1.64        -0.34         0.34    (15-84 p)
Tc                    59338.19        -0.55         0.33    (15-84 p)
a_AU_(M)               0.04981     -0.00019      0.00020    (15-84 p)
a_AU_(rho,R)           0.04981     -0.00019      0.00020    (15-84 p)

----- common model:  c
Inclination fixed to 90 deg!
Computing planetary mass under the approximation M_planet << M_star (threshold at 30.0 Me)
a_Rs                    6.5582      -0.0092        0.011    (15-84 p)
M_Mj                   0.00543     -0.00088      0.00089    (15-84 p)
M_Me                      1.72        -0.28         0.28    (15-84 p)
Tc                    59336.48         -1.7         0.11    (15-84 p)
a_AU_(M)              0.030512    -0.000043     0.000051    (15-84 p)
a_AU_(rho,R)          0.030512    -0.000043     0.000051    (15-84 p)


====================================================================================================
     ------------------------------------------------------------------------------------------     
====================================================================================================



15000.0   steps completed, average lnprob:,  -1280.9163829970862


Computing the autocorrelation time of the chains

***** WARNING ******
The integrated autocorrelation time cannot be reliably estimated
likely the chains are too short, and ACF analysis is not fully reliable
emcee.autocorr.integrated_time tolerance lowered to 20
If you still get a warning, you should drop these results entirely
Chains too short to apply convergence criteria
They should be at least 950*nthin = 142500

====================================================================================================
     Statistics on the posterior of the sampler parameters     
====================================================================================================

----- dataset:  RVdata
jitter_0        13         1.221       -0.057        0.059   (15-84 p)   [    0.0009,    12.3000]
offset_0        14          8.50        -0.21         0.19   (15-84 p)   [-9995.9050, 10014.9920]
offset_1        15         10.43        -0.34         0.33   (15-84 p)   [-9995.9050, 10014.9920]
offset_2        16          9.48        -0.22         0.21   (15-84 p)   [-9995.9050, 10014.9920]
offset_3        17          9.45        -0.22         0.19   (15-84 p)   [-9995.9050, 10014.9920]

----- dataset: RVdata                    ----- model: gp_multidimensional           
rot_amp         18           6.7         -1.2          1.5   (15-84 p)   [    0.0000,    10.0000]
con_amp         19          0.21        -0.11         0.13   (15-84 p)   [  -20.0000,    20.0000]

----- dataset:  BISdata
jitter_0        20         1.976       -0.100         0.11   (15-84 p)   [    0.0095,    95.0000]
offset_0        21        -73.81        -0.26         0.27   (15-84 p)   [-10080.0833,  9959.1833]
offset_1        22        -45.40        -0.50         0.52   (15-84 p)   [-10080.0833,  9959.1833]
offset_2        23        -52.61        -0.29         0.30   (15-84 p)   [-10080.0833,  9959.1833]
offset_3        24        -60.37        -0.28         0.28   (15-84 p)   [-10080.0833,  9959.1833]

----- dataset: BISdata                   ----- model: gp_multidimensional           
rot_amp         25         -0.12        -0.90         0.88   (15-84 p)   [  -10.0000,    10.0000]
con_amp         26         -0.22        -0.15         0.13   (15-84 p)   [  -20.0000,    20.0000]

----- dataset:  CaIIdata
jitter_0        27       0.00021     -0.00013      0.00021   (15-84 p)   [    0.0000,     0.3000]
offset_0        28       0.10035     -0.00031      0.00033   (15-84 p)   [-9999.9090, 10000.1096]
offset_1        29       0.10432     -0.00066      0.00069   (15-84 p)   [-9999.9090, 10000.1096]
offset_2        30       0.10495     -0.00037      0.00039   (15-84 p)   [-9999.9090, 10000.1096]
offset_3        31       0.09952     -0.00035      0.00037   (15-84 p)   [-9999.9090, 10000.1096]

----- dataset: CaIIdata                  ----- model: gp_multidimensional           
rot_amp         32        0.0002      -0.0011       0.0012   (15-84 p)   [  -10.0000,    10.0000]
con_amp         33      -0.00015     -0.00017      0.00016   (15-84 p)   [  -20.0000,    20.0000]

----- dataset:  Contrastdata
jitter_0        34           162          -11           12   (15-84 p)   [    1.3000, 13000.0000]
offset_0        35       -353824          -22           21   (15-84 p)   [-468133.1237, -343198.1428]
offset_1        36       -433584          -42           44   (15-84 p)   [-468133.1237, -343198.1428]
offset_2        37       -457681          -24           25   (15-84 p)   [-468133.1237, -343198.1428]
offset_3        38       -362697          -24           25   (15-84 p)   [-468133.1237, -343198.1428]

----- dataset: Contrastdata              ----- model: gp_multidimensional           
rot_amp         39           0.0         -6.9          6.8   (15-84 p)   [  -10.0000,    10.0000]
con_amp         40         19.33         -1.2         0.51   (15-84 p)   [  -20.0000,    20.0000]

----- dataset:  FWHMdata
jitter_0        41          0.30        -0.18         0.28   (15-84 p)   [    0.0500,   500.0000]
offset_0        42        6692.1         -1.7          1.5   (15-84 p)   [-3319.7228, 16948.8965]
offset_1        43        6938.2         -2.0          1.8   (15-84 p)   [-3319.7228, 16948.8965]
offset_2        44        6856.2         -1.7          1.7   (15-84 p)   [-3319.7228, 16948.8965]
offset_3        45        6896.5         -1.7          1.6   (15-84 p)   [-3319.7228, 16948.8965]

----- dataset: FWHMdata                  ----- model: gp_multidimensional           
rot_amp         46           4.6         -2.1          2.2   (15-84 p)   [  -10.0000,    10.0000]
con_amp         47          3.40        -0.65         0.84   (15-84 p)   [  -20.0000,    20.0000]

----- dataset:  Halphadata
jitter_0        48      0.000077    -0.000048     0.000069   (15-84 p)   [    0.0000,     0.1000]
offset_0        49       0.17207     -0.00011      0.00011   (15-84 p)   [-9999.8297, 10000.1797]
offset_1        50       0.17405     -0.00021      0.00022   (15-84 p)   [-9999.8297, 10000.1797]
offset_2        51       0.17511     -0.00013      0.00013   (15-84 p)   [-9999.8297, 10000.1797]
offset_3        52       0.17114     -0.00012      0.00012   (15-84 p)   [-9999.8297, 10000.1797]

----- dataset: Halphadata                ----- model: gp_multidimensional           
rot_amp         53       0.00038     -0.00038      0.00040   (15-84 p)   [  -10.0000,    10.0000]
con_amp         54     -0.000047    -0.000056     0.000053   (15-84 p)   [  -20.0000,    20.0000]

----- common model:  b
P                0        2.0217      -0.0075       0.0082   (15-84 p)   [    0.3785,     6.6439]
K                1         -0.58        -0.33         0.27   (15-84 p)   [   -9.9658,     3.3219]
sre_coso         2         -0.07        -0.20         0.22   (15-84 p)   [   -1.0000,     1.0000]
sre_sino         3          0.12        -0.23         0.19   (15-84 p)   [   -1.0000,     1.0000]
mean_long        4           134          -32           32   (15-84 p)   [  -58.0572,   301.9428]

----- common model:  c
P                5        0.9610      -0.0032       0.0034   (15-84 p)   [    0.3785,     6.6439]
K                6         -0.16        -0.25         0.22   (15-84 p)   [   -9.9658,     3.3219]
sre_coso         7         -0.07        -0.18         0.20   (15-84 p)   [   -1.0000,     1.0000]
sre_sino         8         -0.26        -0.16         0.26   (15-84 p)   [   -1.0000,     1.0000]
mean_long        9           106          -20           21   (15-84 p)   [  -79.5363,   280.4637]

----- common model:  activity
Prot            10         28.05        -0.41         0.43   (15-84 p)   [   20.0000,    35.0000]
Pdec            11          31.6         -1.2          2.5   (15-84 p)   [   30.0000,  1000.0000]
Oamp            12        -1.349        -0.11        0.100   (15-84 p)   [   -6.6439,     0.0000]

----- common model:  star_parameters

====================================================================================================
     Statistics on the model parameters obtained from the posteriors samples     
====================================================================================================

----- dataset:  RVdata
jitter_0                 1.221       -0.057        0.059    (15-84 p)
offset_0                  8.50        -0.21         0.19    (15-84 p)
offset_1                 10.43        -0.34         0.33    (15-84 p)
offset_2                  9.48        -0.22         0.21    (15-84 p)
offset_3                  9.45        -0.22         0.19    (15-84 p)


----- dataset: RVdata                    ----- model: gp_multidimensional           
rot_amp                    6.7         -1.2          1.5    (15-84 p)
con_amp                   0.21        -0.11         0.13    (15-84 p)

----- dataset:  BISdata
jitter_0                 1.976       -0.100         0.11    (15-84 p)
offset_0                -73.81        -0.26         0.27    (15-84 p)
offset_1                -45.40        -0.50         0.52    (15-84 p)
offset_2                -52.61        -0.29         0.30    (15-84 p)
offset_3                -60.37        -0.28         0.28    (15-84 p)


----- dataset: BISdata                   ----- model: gp_multidimensional           
rot_amp                  -0.12        -0.90         0.88    (15-84 p)
con_amp                  -0.22        -0.15         0.13    (15-84 p)

----- dataset:  CaIIdata
jitter_0               0.00021     -0.00013      0.00021    (15-84 p)
offset_0               0.10035     -0.00031      0.00033    (15-84 p)
offset_1               0.10432     -0.00066      0.00069    (15-84 p)
offset_2               0.10495     -0.00037      0.00039    (15-84 p)
offset_3               0.09952     -0.00035      0.00037    (15-84 p)


----- dataset: CaIIdata                  ----- model: gp_multidimensional           
rot_amp                 0.0002      -0.0011       0.0012    (15-84 p)
con_amp               -0.00015     -0.00017      0.00016    (15-84 p)

----- dataset:  Contrastdata
jitter_0                   162          -11           12    (15-84 p)
offset_0               -353824          -22           21    (15-84 p)
offset_1               -433584          -42           44    (15-84 p)
offset_2               -457681          -24           25    (15-84 p)
offset_3               -362697          -24           25    (15-84 p)


----- dataset: Contrastdata              ----- model: gp_multidimensional           
rot_amp                    0.0         -6.9          6.8    (15-84 p)
con_amp                  19.33         -1.2         0.51    (15-84 p)

----- dataset:  FWHMdata
jitter_0                  0.30        -0.18         0.28    (15-84 p)
offset_0                6692.1         -1.7          1.5    (15-84 p)
offset_1                6938.2         -2.0          1.8    (15-84 p)
offset_2                6856.2         -1.7          1.7    (15-84 p)
offset_3                6896.5         -1.7          1.6    (15-84 p)


----- dataset: FWHMdata                  ----- model: gp_multidimensional           
rot_amp                    4.6         -2.1          2.2    (15-84 p)
con_amp                   3.40        -0.65         0.84    (15-84 p)

----- dataset:  Halphadata
jitter_0              0.000077    -0.000048     0.000069    (15-84 p)
offset_0               0.17207     -0.00011      0.00011    (15-84 p)
offset_1               0.17405     -0.00021      0.00022    (15-84 p)
offset_2               0.17511     -0.00013      0.00013    (15-84 p)
offset_3               0.17114     -0.00012      0.00012    (15-84 p)


----- dataset: Halphadata                ----- model: gp_multidimensional           
rot_amp                0.00038     -0.00038      0.00040    (15-84 p)
con_amp              -0.000047    -0.000056     0.000053    (15-84 p)

----- common model:  b
P                        4.061       -0.021        0.023    (15-84 p)
K                         0.67        -0.14         0.14    (15-84 p)
mean_long                  134          -32           32    (15-84 p)
e                        0.078       -0.055        0.084    (15-84 p)
omega                       77         -175           66    (15-84 p)

----- common model:  c
P                       1.9466      -0.0044       0.0046    (15-84 p)
K                         0.89        -0.14         0.15    (15-84 p)
mean_long                  106          -20           21    (15-84 p)
e                        0.117       -0.078        0.099    (15-84 p)
omega                      -95          -40           88    (15-84 p)

----- common model:  activity
Prot                     28.05        -0.41         0.43    (15-84 p)
Pdec                      31.6         -1.2          2.5    (15-84 p)
Oamp                     0.393       -0.030        0.028    (15-84 p)

----- common model:  star_parameters

====================================================================================================
     Statistics on the derived parameters obtained from the posteriors samples     
====================================================================================================

----- common model:  b
Inclination fixed to 90 deg!
Computing planetary mass under the approximation M_planet << M_star (threshold at 30.0 Me)
a_Rs                    10.706       -0.037        0.041    (15-84 p)
M_Mj                    0.0052      -0.0011       0.0011    (15-84 p)
M_Me                      1.66        -0.34         0.34    (15-84 p)
Tc                    59338.20        -0.48         0.32    (15-84 p)
a_AU_(M)               0.04981     -0.00017      0.00019    (15-84 p)
a_AU_(rho,R)           0.04981     -0.00017      0.00019    (15-84 p)

----- common model:  c
Inclination fixed to 90 deg!
Computing planetary mass under the approximation M_planet << M_star (threshold at 30.0 Me)
a_Rs                    6.5580      -0.0098        0.010    (15-84 p)
M_Mj                   0.00543     -0.00086      0.00087    (15-84 p)
M_Me                      1.73        -0.27         0.28    (15-84 p)
Tc                    59336.48         -1.7         0.11    (15-84 p)
a_AU_(M)              0.030511    -0.000046     0.000048    (15-84 p)
a_AU_(rho,R)          0.030511    -0.000046     0.000048    (15-84 p)


====================================================================================================
     ------------------------------------------------------------------------------------------     
====================================================================================================



30000.0   steps completed, average lnprob:,  -1281.2366660694029


Computing the autocorrelation time of the chains

***** WARNING ******
The integrated autocorrelation time cannot be reliably estimated
likely the chains are too short, and ACF analysis is not fully reliable
emcee.autocorr.integrated_time tolerance lowered to 20
If you still get a warning, you should drop these results entirely
Chains too short to apply convergence criteria
They should be at least 1050*nthin = 157500

====================================================================================================
     Statistics on the posterior of the sampler parameters     
====================================================================================================

----- dataset:  RVdata
jitter_0        13         1.220       -0.057        0.060   (15-84 p)   [    0.0009,    12.3000]
offset_0        14          8.50        -0.21         0.19   (15-84 p)   [-9995.9050, 10014.9920]
offset_1        15         10.44        -0.34         0.33   (15-84 p)   [-9995.9050, 10014.9920]
offset_2        16          9.48        -0.23         0.21   (15-84 p)   [-9995.9050, 10014.9920]
offset_3        17          9.44        -0.22         0.20   (15-84 p)   [-9995.9050, 10014.9920]

----- dataset: RVdata                    ----- model: gp_multidimensional           
rot_amp         18           6.7         -1.3          1.5   (15-84 p)   [    0.0000,    10.0000]
con_amp         19          0.21        -0.11         0.13   (15-84 p)   [  -20.0000,    20.0000]

----- dataset:  BISdata
jitter_0        20          1.98        -0.10         0.11   (15-84 p)   [    0.0095,    95.0000]
offset_0        21        -73.81        -0.26         0.27   (15-84 p)   [-10080.0833,  9959.1833]
offset_1        22        -45.38        -0.51         0.50   (15-84 p)   [-10080.0833,  9959.1833]
offset_2        23        -52.61        -0.29         0.31   (15-84 p)   [-10080.0833,  9959.1833]
offset_3        24        -60.37        -0.28         0.29   (15-84 p)   [-10080.0833,  9959.1833]

----- dataset: BISdata                   ----- model: gp_multidimensional           
rot_amp         25         -0.13        -0.92         0.88   (15-84 p)   [  -10.0000,    10.0000]
con_amp         26         -0.23        -0.15         0.13   (15-84 p)   [  -20.0000,    20.0000]

----- dataset:  CaIIdata
jitter_0        27       0.00021     -0.00013      0.00020   (15-84 p)   [    0.0000,     0.3000]
offset_0        28       0.10037     -0.00033      0.00033   (15-84 p)   [-9999.9090, 10000.1096]
offset_1        29       0.10431     -0.00067      0.00067   (15-84 p)   [-9999.9090, 10000.1096]
offset_2        30       0.10495     -0.00038      0.00039   (15-84 p)   [-9999.9090, 10000.1096]
offset_3        31       0.09951     -0.00035      0.00037   (15-84 p)   [-9999.9090, 10000.1096]

----- dataset: CaIIdata                  ----- model: gp_multidimensional           
rot_amp         32        0.0002      -0.0012       0.0012   (15-84 p)   [  -10.0000,    10.0000]
con_amp         33      -0.00015     -0.00017      0.00016   (15-84 p)   [  -20.0000,    20.0000]

----- dataset:  Contrastdata
jitter_0        34           162          -11           12   (15-84 p)   [    1.3000, 13000.0000]
offset_0        35       -353825          -23           22   (15-84 p)   [-468133.1237, -343198.1428]
offset_1        36       -433583          -43           44   (15-84 p)   [-468133.1237, -343198.1428]
offset_2        37       -457682          -24           26   (15-84 p)   [-468133.1237, -343198.1428]
offset_3        38       -362697          -24           24   (15-84 p)   [-468133.1237, -343198.1428]

----- dataset: Contrastdata              ----- model: gp_multidimensional           
rot_amp         39          -0.1         -6.8          6.7   (15-84 p)   [  -10.0000,    10.0000]
con_amp         40         19.32         -1.2         0.51   (15-84 p)   [  -20.0000,    20.0000]

----- dataset:  FWHMdata
jitter_0        41          0.30        -0.18         0.28   (15-84 p)   [    0.0500,   500.0000]
offset_0        42        6692.1         -1.7          1.6   (15-84 p)   [-3319.7228, 16948.8965]
offset_1        43        6938.2         -2.0          1.9   (15-84 p)   [-3319.7228, 16948.8965]
offset_2        44        6856.2         -1.8          1.6   (15-84 p)   [-3319.7228, 16948.8965]
offset_3        45        6896.5         -1.7          1.6   (15-84 p)   [-3319.7228, 16948.8965]

----- dataset: FWHMdata                  ----- model: gp_multidimensional           
rot_amp         46           4.6         -2.1          2.3   (15-84 p)   [  -10.0000,    10.0000]
con_amp         47          3.44        -0.67         0.85   (15-84 p)   [  -20.0000,    20.0000]

----- dataset:  Halphadata
jitter_0        48      0.000076    -0.000047     0.000072   (15-84 p)   [    0.0000,     0.1000]
offset_0        49       0.17206     -0.00011      0.00011   (15-84 p)   [-9999.8297, 10000.1797]
offset_1        50       0.17405     -0.00022      0.00022   (15-84 p)   [-9999.8297, 10000.1797]
offset_2        51       0.17511     -0.00013      0.00013   (15-84 p)   [-9999.8297, 10000.1797]
offset_3        52       0.17114     -0.00012      0.00012   (15-84 p)   [-9999.8297, 10000.1797]

----- dataset: Halphadata                ----- model: gp_multidimensional           
rot_amp         53       0.00038     -0.00038      0.00040   (15-84 p)   [  -10.0000,    10.0000]
con_amp         54     -0.000046    -0.000056     0.000054   (15-84 p)   [  -20.0000,    20.0000]

----- common model:  b
P                0        2.0216      -0.0078       0.0084   (15-84 p)   [    0.3785,     6.6439]
K                1         -0.57        -0.35         0.27   (15-84 p)   [   -9.9658,     3.3219]
sre_coso         2         -0.07        -0.20         0.22   (15-84 p)   [   -1.0000,     1.0000]
sre_sino         3          0.12        -0.23         0.19   (15-84 p)   [   -1.0000,     1.0000]
mean_long        4           134          -32           32   (15-84 p)   [  -58.0572,   301.9428]

----- common model:  c
P                5        0.9609      -0.0031       0.0033   (15-84 p)   [    0.3785,     6.6439]
K                6         -0.15        -0.25         0.22   (15-84 p)   [   -9.9658,     3.3219]
sre_coso         7         -0.07        -0.19         0.20   (15-84 p)   [   -1.0000,     1.0000]
sre_sino         8         -0.26        -0.16         0.26   (15-84 p)   [   -1.0000,     1.0000]
mean_long        9           106          -19           21   (15-84 p)   [  -79.5363,   280.4637]

----- common model:  activity
Prot            10         28.06        -0.41         0.42   (15-84 p)   [   20.0000,    35.0000]
Pdec            11          31.6         -1.2          2.5   (15-84 p)   [   30.0000,  1000.0000]
Oamp            12         -1.35        -0.11         0.10   (15-84 p)   [   -6.6439,     0.0000]

----- common model:  star_parameters

====================================================================================================
     Statistics on the model parameters obtained from the posteriors samples     
====================================================================================================

----- dataset:  RVdata
jitter_0                 1.220       -0.057        0.060    (15-84 p)
offset_0                  8.50        -0.21         0.19    (15-84 p)
offset_1                 10.44        -0.34         0.33    (15-84 p)
offset_2                  9.48        -0.23         0.21    (15-84 p)
offset_3                  9.44        -0.22         0.20    (15-84 p)


----- dataset: RVdata                    ----- model: gp_multidimensional           
rot_amp                    6.7         -1.3          1.5    (15-84 p)
con_amp                   0.21        -0.11         0.13    (15-84 p)

----- dataset:  BISdata
jitter_0                  1.98        -0.10         0.11    (15-84 p)
offset_0                -73.81        -0.26         0.27    (15-84 p)
offset_1                -45.38        -0.51         0.50    (15-84 p)
offset_2                -52.61        -0.29         0.31    (15-84 p)
offset_3                -60.37        -0.28         0.29    (15-84 p)


----- dataset: BISdata                   ----- model: gp_multidimensional           
rot_amp                  -0.13        -0.92         0.88    (15-84 p)
con_amp                  -0.23        -0.15         0.13    (15-84 p)

----- dataset:  CaIIdata
jitter_0               0.00021     -0.00013      0.00020    (15-84 p)
offset_0               0.10037     -0.00033      0.00033    (15-84 p)
offset_1               0.10431     -0.00067      0.00067    (15-84 p)
offset_2               0.10495     -0.00038      0.00039    (15-84 p)
offset_3               0.09951     -0.00035      0.00037    (15-84 p)


----- dataset: CaIIdata                  ----- model: gp_multidimensional           
rot_amp                 0.0002      -0.0012       0.0012    (15-84 p)
con_amp               -0.00015     -0.00017      0.00016    (15-84 p)

----- dataset:  Contrastdata
jitter_0                   162          -11           12    (15-84 p)
offset_0               -353825          -23           22    (15-84 p)
offset_1               -433583          -43           44    (15-84 p)
offset_2               -457682          -24           26    (15-84 p)
offset_3               -362697          -24           24    (15-84 p)


----- dataset: Contrastdata              ----- model: gp_multidimensional           
rot_amp                   -0.1         -6.8          6.7    (15-84 p)
con_amp                  19.32         -1.2         0.51    (15-84 p)

----- dataset:  FWHMdata
jitter_0                  0.30        -0.18         0.28    (15-84 p)
offset_0                6692.1         -1.7          1.6    (15-84 p)
offset_1                6938.2         -2.0          1.9    (15-84 p)
offset_2                6856.2         -1.8          1.6    (15-84 p)
offset_3                6896.5         -1.7          1.6    (15-84 p)


----- dataset: FWHMdata                  ----- model: gp_multidimensional           
rot_amp                    4.6         -2.1          2.3    (15-84 p)
con_amp                   3.44        -0.67         0.85    (15-84 p)

----- dataset:  Halphadata
jitter_0              0.000076    -0.000047     0.000072    (15-84 p)
offset_0               0.17206     -0.00011      0.00011    (15-84 p)
offset_1               0.17405     -0.00022      0.00022    (15-84 p)
offset_2               0.17511     -0.00013      0.00013    (15-84 p)
offset_3               0.17114     -0.00012      0.00012    (15-84 p)


----- dataset: Halphadata                ----- model: gp_multidimensional           
rot_amp                0.00038     -0.00038      0.00040    (15-84 p)
con_amp              -0.000046    -0.000056     0.000054    (15-84 p)

----- common model:  b
P                        4.060       -0.022        0.024    (15-84 p)
K                         0.67        -0.14         0.14    (15-84 p)
mean_long                  134          -32           32    (15-84 p)
e                        0.077       -0.055        0.085    (15-84 p)
omega                       74         -180           68    (15-84 p)

----- common model:  c
P                       1.9465      -0.0042       0.0045    (15-84 p)
K                         0.90        -0.14         0.15    (15-84 p)
mean_long                  106          -19           21    (15-84 p)
e                        0.115       -0.078        0.098    (15-84 p)
omega                      -93          -42           97    (15-84 p)

----- common model:  activity
Prot                     28.06        -0.41         0.42    (15-84 p)
Pdec                      31.6         -1.2          2.5    (15-84 p)
Oamp                     0.393       -0.029        0.028    (15-84 p)

----- common model:  star_parameters

====================================================================================================
     Statistics on the derived parameters obtained from the posteriors samples     
====================================================================================================

----- common model:  b
Inclination fixed to 90 deg!
Computing planetary mass under the approximation M_planet << M_star (threshold at 30.0 Me)
a_Rs                    10.706       -0.039        0.042    (15-84 p)
M_Mj                    0.0052      -0.0011       0.0011    (15-84 p)
M_Me                      1.67        -0.35         0.34    (15-84 p)
Tc                    59338.19        -0.51         0.32    (15-84 p)
a_AU_(M)               0.04981     -0.00018      0.00019    (15-84 p)
a_AU_(rho,R)           0.04981     -0.00018      0.00019    (15-84 p)

----- common model:  c
Inclination fixed to 90 deg!
Computing planetary mass under the approximation M_planet << M_star (threshold at 30.0 Me)
a_Rs                    6.5578      -0.0095        0.010    (15-84 p)
M_Mj                   0.00546     -0.00087      0.00088    (15-84 p)
M_Me                      1.73        -0.28         0.28    (15-84 p)
Tc                    59336.48         -1.7         0.11    (15-84 p)
a_AU_(M)              0.030510    -0.000044     0.000047    (15-84 p)
a_AU_(rho,R)          0.030510    -0.000044     0.000047    (15-84 p)


====================================================================================================
     ------------------------------------------------------------------------------------------     
====================================================================================================



45000.0   steps completed, average lnprob:,  -1281.394685266655


Computing the autocorrelation time of the chains

***** WARNING ******
The integrated autocorrelation time cannot be reliably estimated
likely the chains are too short, and ACF analysis is not fully reliable
emcee.autocorr.integrated_time tolerance lowered to 20
If you still get a warning, you should drop these results entirely
Chains too short to apply convergence criteria
They should be at least 1100*nthin = 165000

====================================================================================================
     Statistics on the posterior of the sampler parameters     
====================================================================================================

----- dataset:  RVdata
jitter_0        13         1.219       -0.056        0.060   (15-84 p)   [    0.0009,    12.3000]
offset_0        14          8.50        -0.21         0.19   (15-84 p)   [-9995.9050, 10014.9920]
offset_1        15         10.44        -0.34         0.33   (15-84 p)   [-9995.9050, 10014.9920]
offset_2        16          9.48        -0.22         0.21   (15-84 p)   [-9995.9050, 10014.9920]
offset_3        17          9.44        -0.22         0.20   (15-84 p)   [-9995.9050, 10014.9920]

----- dataset: RVdata                    ----- model: gp_multidimensional           
rot_amp         18           6.7         -1.2          1.5   (15-84 p)   [    0.0000,    10.0000]
con_amp         19          0.21        -0.11         0.13   (15-84 p)   [  -20.0000,    20.0000]

----- dataset:  BISdata
jitter_0        20          1.98        -0.10         0.11   (15-84 p)   [    0.0095,    95.0000]
offset_0        21        -73.80        -0.25         0.27   (15-84 p)   [-10080.0833,  9959.1833]
offset_1        22        -45.39        -0.51         0.50   (15-84 p)   [-10080.0833,  9959.1833]
offset_2        23        -52.61        -0.29         0.31   (15-84 p)   [-10080.0833,  9959.1833]
offset_3        24        -60.38        -0.28         0.29   (15-84 p)   [-10080.0833,  9959.1833]

----- dataset: BISdata                   ----- model: gp_multidimensional           
rot_amp         25         -0.12        -0.93         0.86   (15-84 p)   [  -10.0000,    10.0000]
con_amp         26         -0.23        -0.15         0.13   (15-84 p)   [  -20.0000,    20.0000]

----- dataset:  CaIIdata
jitter_0        27       0.00021     -0.00013      0.00020   (15-84 p)   [    0.0000,     0.3000]
offset_0        28       0.10037     -0.00032      0.00033   (15-84 p)   [-9999.9090, 10000.1096]
offset_1        29       0.10431     -0.00067      0.00067   (15-84 p)   [-9999.9090, 10000.1096]
offset_2        30       0.10495     -0.00038      0.00039   (15-84 p)   [-9999.9090, 10000.1096]
offset_3        31       0.09951     -0.00035      0.00037   (15-84 p)   [-9999.9090, 10000.1096]

----- dataset: CaIIdata                  ----- model: gp_multidimensional           
rot_amp         32        0.0002      -0.0012       0.0012   (15-84 p)   [  -10.0000,    10.0000]
con_amp         33      -0.00015     -0.00017      0.00016   (15-84 p)   [  -20.0000,    20.0000]

----- dataset:  Contrastdata
jitter_0        34           162          -12           12   (15-84 p)   [    1.3000, 13000.0000]
offset_0        35       -353825          -22           22   (15-84 p)   [-468133.1237, -343198.1428]
offset_1        36       -433583          -43           44   (15-84 p)   [-468133.1237, -343198.1428]
offset_2        37       -457682          -25           25   (15-84 p)   [-468133.1237, -343198.1428]
offset_3        38       -362697          -24           24   (15-84 p)   [-468133.1237, -343198.1428]

----- dataset: Contrastdata              ----- model: gp_multidimensional           
rot_amp         39          -0.0         -6.9          6.7   (15-84 p)   [  -10.0000,    10.0000]
con_amp         40         19.32         -1.2         0.51   (15-84 p)   [  -20.0000,    20.0000]

----- dataset:  FWHMdata
jitter_0        41          0.30        -0.17         0.28   (15-84 p)   [    0.0500,   500.0000]
offset_0        42        6692.1         -1.7          1.6   (15-84 p)   [-3319.7228, 16948.8965]
offset_1        43        6938.2         -2.0          1.9   (15-84 p)   [-3319.7228, 16948.8965]
offset_2        44        6856.2         -1.8          1.7   (15-84 p)   [-3319.7228, 16948.8965]
offset_3        45        6896.5         -1.7          1.6   (15-84 p)   [-3319.7228, 16948.8965]

----- dataset: FWHMdata                  ----- model: gp_multidimensional           
rot_amp         46           4.6         -2.1          2.2   (15-84 p)   [  -10.0000,    10.0000]
con_amp         47          3.44        -0.67         0.85   (15-84 p)   [  -20.0000,    20.0000]

----- dataset:  Halphadata
jitter_0        48      0.000076    -0.000046     0.000072   (15-84 p)   [    0.0000,     0.1000]
offset_0        49       0.17206     -0.00011      0.00011   (15-84 p)   [-9999.8297, 10000.1797]
offset_1        50       0.17405     -0.00022      0.00022   (15-84 p)   [-9999.8297, 10000.1797]
offset_2        51       0.17512     -0.00013      0.00013   (15-84 p)   [-9999.8297, 10000.1797]
offset_3        52       0.17114     -0.00012      0.00012   (15-84 p)   [-9999.8297, 10000.1797]

----- dataset: Halphadata                ----- model: gp_multidimensional           
rot_amp         53       0.00038     -0.00039      0.00040   (15-84 p)   [  -10.0000,    10.0000]
con_amp         54     -0.000046    -0.000056     0.000054   (15-84 p)   [  -20.0000,    20.0000]

----- common model:  b
P                0        2.0215      -0.0079       0.0084   (15-84 p)   [    0.3785,     6.6439]
K                1         -0.57        -0.34         0.27   (15-84 p)   [   -9.9658,     3.3219]
sre_coso         2         -0.07        -0.20         0.22   (15-84 p)   [   -1.0000,     1.0000]
sre_sino         3          0.11        -0.23         0.20   (15-84 p)   [   -1.0000,     1.0000]
mean_long        4           134          -33           32   (15-84 p)   [  -58.0572,   301.9428]

----- common model:  c
P                5        0.9609      -0.0031       0.0034   (15-84 p)   [    0.3785,     6.6439]
K                6         -0.15        -0.25         0.22   (15-84 p)   [   -9.9658,     3.3219]
sre_coso         7         -0.07        -0.19         0.20   (15-84 p)   [   -1.0000,     1.0000]
sre_sino         8         -0.26        -0.16         0.26   (15-84 p)   [   -1.0000,     1.0000]
mean_long        9           106          -19           21   (15-84 p)   [  -79.5363,   280.4637]

----- common model:  activity
Prot            10         28.06        -0.41         0.42   (15-84 p)   [   20.0000,    35.0000]
Pdec            11          31.6         -1.2          2.5   (15-84 p)   [   30.0000,  1000.0000]
Oamp            12         -1.35        -0.11         0.10   (15-84 p)   [   -6.6439,     0.0000]

----- common model:  star_parameters

====================================================================================================
     Statistics on the model parameters obtained from the posteriors samples     
====================================================================================================

----- dataset:  RVdata
jitter_0                 1.219       -0.056        0.060    (15-84 p)
offset_0                  8.50        -0.21         0.19    (15-84 p)
offset_1                 10.44        -0.34         0.33    (15-84 p)
offset_2                  9.48        -0.22         0.21    (15-84 p)
offset_3                  9.44        -0.22         0.20    (15-84 p)


----- dataset: RVdata                    ----- model: gp_multidimensional           
rot_amp                    6.7         -1.2          1.5    (15-84 p)
con_amp                   0.21        -0.11         0.13    (15-84 p)

----- dataset:  BISdata
jitter_0                  1.98        -0.10         0.11    (15-84 p)
offset_0                -73.80        -0.25         0.27    (15-84 p)
offset_1                -45.39        -0.51         0.50    (15-84 p)
offset_2                -52.61        -0.29         0.31    (15-84 p)
offset_3                -60.38        -0.28         0.29    (15-84 p)


----- dataset: BISdata                   ----- model: gp_multidimensional           
rot_amp                  -0.12        -0.93         0.86    (15-84 p)
con_amp                  -0.23        -0.15         0.13    (15-84 p)

----- dataset:  CaIIdata
jitter_0               0.00021     -0.00013      0.00020    (15-84 p)
offset_0               0.10037     -0.00032      0.00033    (15-84 p)
offset_1               0.10431     -0.00067      0.00067    (15-84 p)
offset_2               0.10495     -0.00038      0.00039    (15-84 p)
offset_3               0.09951     -0.00035      0.00037    (15-84 p)


----- dataset: CaIIdata                  ----- model: gp_multidimensional           
rot_amp                 0.0002      -0.0012       0.0012    (15-84 p)
con_amp               -0.00015     -0.00017      0.00016    (15-84 p)

----- dataset:  Contrastdata
jitter_0                   162          -12           12    (15-84 p)
offset_0               -353825          -22           22    (15-84 p)
offset_1               -433583          -43           44    (15-84 p)
offset_2               -457682          -25           25    (15-84 p)
offset_3               -362697          -24           24    (15-84 p)


----- dataset: Contrastdata              ----- model: gp_multidimensional           
rot_amp                   -0.0         -6.9          6.7    (15-84 p)
con_amp                  19.32         -1.2         0.51    (15-84 p)

----- dataset:  FWHMdata
jitter_0                  0.30        -0.17         0.28    (15-84 p)
offset_0                6692.1         -1.7          1.6    (15-84 p)
offset_1                6938.2         -2.0          1.9    (15-84 p)
offset_2                6856.2         -1.8          1.7    (15-84 p)
offset_3                6896.5         -1.7          1.6    (15-84 p)


----- dataset: FWHMdata                  ----- model: gp_multidimensional           
rot_amp                    4.6         -2.1          2.2    (15-84 p)
con_amp                   3.44        -0.67         0.85    (15-84 p)

----- dataset:  Halphadata
jitter_0              0.000076    -0.000046     0.000072    (15-84 p)
offset_0               0.17206     -0.00011      0.00011    (15-84 p)
offset_1               0.17405     -0.00022      0.00022    (15-84 p)
offset_2               0.17512     -0.00013      0.00013    (15-84 p)
offset_3               0.17114     -0.00012      0.00012    (15-84 p)


----- dataset: Halphadata                ----- model: gp_multidimensional           
rot_amp                0.00038     -0.00039      0.00040    (15-84 p)
con_amp              -0.000046    -0.000056     0.000054    (15-84 p)

----- common model:  b
P                        4.060       -0.022        0.024    (15-84 p)
K                         0.67        -0.14         0.14    (15-84 p)
mean_long                  134          -33           32    (15-84 p)
e                        0.077       -0.055        0.085    (15-84 p)
omega                       73         -180           69    (15-84 p)

----- common model:  c
P                       1.9465      -0.0042       0.0045    (15-84 p)
K                         0.90        -0.15         0.15    (15-84 p)
mean_long                  106          -19           21    (15-84 p)
e                        0.116       -0.079        0.098    (15-84 p)
omega                      -93          -41           97    (15-84 p)

----- common model:  activity
Prot                     28.06        -0.41         0.42    (15-84 p)
Pdec                      31.6         -1.2          2.5    (15-84 p)
Oamp                     0.393       -0.029        0.029    (15-84 p)

----- common model:  star_parameters

====================================================================================================
     Statistics on the derived parameters obtained from the posteriors samples     
====================================================================================================

----- common model:  b
Inclination fixed to 90 deg!
Computing planetary mass under the approximation M_planet << M_star (threshold at 30.0 Me)
a_Rs                    10.706       -0.039        0.042    (15-84 p)
M_Mj                    0.0052      -0.0011       0.0011    (15-84 p)
M_Me                      1.67        -0.35         0.34    (15-84 p)
Tc                    59338.19        -0.52         0.33    (15-84 p)
a_AU_(M)               0.04981     -0.00018      0.00019    (15-84 p)
a_AU_(rho,R)           0.04981     -0.00018      0.00019    (15-84 p)

----- common model:  c
Inclination fixed to 90 deg!
Computing planetary mass under the approximation M_planet << M_star (threshold at 30.0 Me)
a_Rs                    6.5577      -0.0095        0.010    (15-84 p)
M_Mj                   0.00547     -0.00087      0.00087    (15-84 p)
M_Me                      1.74        -0.28         0.28    (15-84 p)
Tc                    59336.48         -1.7         0.11    (15-84 p)
a_AU_(M)              0.030510    -0.000044     0.000047    (15-84 p)
a_AU_(rho,R)          0.030509    -0.000044     0.000047    (15-84 p)


====================================================================================================
     ------------------------------------------------------------------------------------------     
====================================================================================================



60000.0   steps completed, average lnprob:,  -1281.8457772606664


emcee completed


:::---::: PyORBIT v11.0.1 :::---:::

Python version in use:
3.10.18 (main, Jun  5 2025, 13:14:17) [GCC 11.2.0]
LaTeX disabled by default

Using orbital model:  keplerian
Using orbital parametrization:  Eastman2013

Using orbital model:  keplerian
Using orbital parametrization:  Eastman2013

gp_multidimensional  S+LEAF model, number of harmonics: 4

GP model: gp_multidimensional  hyperparameters_condition:    True
GP model: gp_multidimensional  rotation_decay_condition:     True

### PyORBIT version used in the analysis:  11.0.1

 emcee version:  3.1.6

 Reference Time Tref: 59334.700184

 Data points:1728
 Dimensions: 55
 Nwalkers:   220
 Steps:      60000


Number of samplings: 66000

Recomputing ln-prior, it may take a while...

ln-probability   distribution:  -1281.43       -6.16      5.47 (15-84 p) 
ln-prior         distribution:   -345.86       -2.36      1.57 (15-84 p) 
ln-likelihood    distribution:   -935.22       -6.31      5.68 (15-84 p) 


*** Information criteria using the likelihood distribution

 BIC from distribution  (using likelihood)  =   2280.45    -11.36   12.63 (15-84 p)
 AIC from distribution  (using likelihood)  =   1980.44    -11.36   12.63 (15-84 p)
 AICc from distribution (using likelihood)  =   1984.13    -11.36   12.63 (15-84 p)


*** Information criteria using the median parameter set

 ln_probability of Median solution =  -1256.73
 ln_priors of Median solution      =   -343.99
 ln_likelihood of Median solution  =   -912.74

 Median BIC  (using likelihood) =   2235.49
 Median AIC  (using likelihood) =   1935.48
 Median AICc (using likelihood) =   1939.16


*** Information criteria using the MAP parameter set

 ln_probability of MAP solution =  -1262.79
 ln_priors of MAP solution      =   -346.84
 ln_likelihood of MAP solution  =   -915.95

 MAP BIC  (using likelihood)    =   2241.91
 MAP AIC  (using likelihood)    =   1941.90
 MAP AICc (using likelihood)    =   1945.58

 AICc suggested over AIC because NDATA ( 1728 ) < 40 * NDIM ( 55 )

****************************************************************************************************


Computing the autocorrelation time of the chains

***** WARNING ******
The integrated autocorrelation time cannot be reliably estimated
likely the chains are too short, and ACF analysis is not fully reliable
emcee.autocorr.integrated_time tolerance lowered to 20
If you still get a warning, you should drop these results entirely
Chains too short to apply convergence criteria
They should be at least 1100*nthin = 165000

 ACF computation failed, no plot will be generated 


====================================================================================================
     Ids, spaces (s), boundaries (b) and priors (p) of the sampler parameters     
====================================================================================================

----- dataset:  RVdata
jitter_0      id:  13  s:Linear      b:[      0.0009,      12.3000]   p:Uniform   []
offset_0      id:  14  s:Linear      b:[  -9995.9050,   10014.9920]   p:Uniform   []
offset_1      id:  15  s:Linear      b:[  -9995.9050,   10014.9920]   p:Uniform   []
offset_2      id:  16  s:Linear      b:[  -9995.9050,   10014.9920]   p:Uniform   []
offset_3      id:  17  s:Linear      b:[  -9995.9050,   10014.9920]   p:Uniform   []

----- dataset: RVdata                    ----- model: gp_multidimensional           
rot_amp       id:  18  s:Linear      b:[      0.0000,      10.0000]   p:Uniform   []
con_amp       id:  19  s:Linear      b:[    -20.0000,      20.0000]   p:Uniform   []

----- dataset:  BISdata
jitter_0      id:  20  s:Linear      b:[      0.0095,      95.0000]   p:Uniform   []
offset_0      id:  21  s:Linear      b:[ -10080.0833,    9959.1833]   p:Uniform   []
offset_1      id:  22  s:Linear      b:[ -10080.0833,    9959.1833]   p:Uniform   []
offset_2      id:  23  s:Linear      b:[ -10080.0833,    9959.1833]   p:Uniform   []
offset_3      id:  24  s:Linear      b:[ -10080.0833,    9959.1833]   p:Uniform   []

----- dataset: BISdata                   ----- model: gp_multidimensional           
rot_amp       id:  25  s:Linear      b:[    -10.0000,      10.0000]   p:Uniform   []
con_amp       id:  26  s:Linear      b:[    -20.0000,      20.0000]   p:Uniform   []

----- dataset:  CaIIdata
jitter_0      id:  27  s:Linear      b:[      0.0000,       0.3000]   p:Uniform   []
offset_0      id:  28  s:Linear      b:[  -9999.9090,   10000.1096]   p:Uniform   []
offset_1      id:  29  s:Linear      b:[  -9999.9090,   10000.1096]   p:Uniform   []
offset_2      id:  30  s:Linear      b:[  -9999.9090,   10000.1096]   p:Uniform   []
offset_3      id:  31  s:Linear      b:[  -9999.9090,   10000.1096]   p:Uniform   []

----- dataset: CaIIdata                  ----- model: gp_multidimensional           
rot_amp       id:  32  s:Linear      b:[    -10.0000,      10.0000]   p:Uniform   []
con_amp       id:  33  s:Linear      b:[    -20.0000,      20.0000]   p:Uniform   []

----- dataset:  Contrastdata
jitter_0      id:  34  s:Linear      b:[      1.3000,   13000.0000]   p:Uniform   []
offset_0      id:  35  s:Linear      b:[-468133.1237, -343198.1428]   p:Uniform   []
offset_1      id:  36  s:Linear      b:[-468133.1237, -343198.1428]   p:Uniform   []
offset_2      id:  37  s:Linear      b:[-468133.1237, -343198.1428]   p:Uniform   []
offset_3      id:  38  s:Linear      b:[-468133.1237, -343198.1428]   p:Uniform   []

----- dataset: Contrastdata              ----- model: gp_multidimensional           
rot_amp       id:  39  s:Linear      b:[    -10.0000,      10.0000]   p:Uniform   []
con_amp       id:  40  s:Linear      b:[    -20.0000,      20.0000]   p:Uniform   []

----- dataset:  FWHMdata
jitter_0      id:  41  s:Linear      b:[      0.0500,     500.0000]   p:Uniform   []
offset_0      id:  42  s:Linear      b:[  -3319.7228,   16948.8965]   p:Uniform   []
offset_1      id:  43  s:Linear      b:[  -3319.7228,   16948.8965]   p:Uniform   []
offset_2      id:  44  s:Linear      b:[  -3319.7228,   16948.8965]   p:Uniform   []
offset_3      id:  45  s:Linear      b:[  -3319.7228,   16948.8965]   p:Uniform   []

----- dataset: FWHMdata                  ----- model: gp_multidimensional           
rot_amp       id:  46  s:Linear      b:[    -10.0000,      10.0000]   p:Uniform   []
con_amp       id:  47  s:Linear      b:[    -20.0000,      20.0000]   p:Uniform   []

----- dataset:  Halphadata
jitter_0      id:  48  s:Linear      b:[      0.0000,       0.1000]   p:Uniform   []
offset_0      id:  49  s:Linear      b:[  -9999.8297,   10000.1797]   p:Uniform   []
offset_1      id:  50  s:Linear      b:[  -9999.8297,   10000.1797]   p:Uniform   []
offset_2      id:  51  s:Linear      b:[  -9999.8297,   10000.1797]   p:Uniform   []
offset_3      id:  52  s:Linear      b:[  -9999.8297,   10000.1797]   p:Uniform   []

----- dataset: Halphadata                ----- model: gp_multidimensional           
rot_amp       id:  53  s:Linear      b:[    -10.0000,      10.0000]   p:Uniform   []
con_amp       id:  54  s:Linear      b:[    -20.0000,      20.0000]   p:Uniform   []

----- common model:  b
P             id:   0  s:Log_Base2   b:[      0.3785,       6.6439]   p:Uniform   []
K             id:   1  s:Log_Base2   b:[     -9.9658,       3.3219]   p:Uniform   []
sre_coso      id:   2  s:Linear      b:[     -1.0000,       1.0000]   p:Uniform   []
sre_sino      id:   3  s:Linear      b:[     -1.0000,       1.0000]   p:Uniform   []
mean_long     id:   4  s:Linear      b:[    -58.0572,     301.9428]   p:Uniform   []
e             derived (no id, space, bound)                           p:Gaussian   [0.    0.098]
omega         derived (no id, space, bound)                           p:Uniform   [0.0, 360.0]

----- common model:  c
P             id:   5  s:Log_Base2   b:[      0.3785,       6.6439]   p:Uniform   []
K             id:   6  s:Log_Base2   b:[     -9.9658,       3.3219]   p:Uniform   []
sre_coso      id:   7  s:Linear      b:[     -1.0000,       1.0000]   p:Uniform   []
sre_sino      id:   8  s:Linear      b:[     -1.0000,       1.0000]   p:Uniform   []
mean_long     id:   9  s:Linear      b:[    -79.5363,     280.4637]   p:Uniform   []
e             derived (no id, space, bound)                           p:Gaussian   [0.    0.098]
omega         derived (no id, space, bound)                           p:Uniform   [0.0, 360.0]

----- common model:  activity
Prot          id:  10  s:Linear      b:[     20.0000,      35.0000]   p:Gaussian   [28.   0.5]
Pdec          id:  11  s:Linear      b:[     30.0000,    1000.0000]   p:Uniform   []
Oamp          id:  12  s:Log_Base2   b:[     -6.6439,       0.0000]   p:Gaussian   [0.35  0.035]

----- common model:  star_parameters
mass          derived (no id, space, bound)                           p:Gaussian   [1.e+00 1.e-06]
radius        derived (no id, space, bound)                           p:Gaussian   [1.e+00 1.e-06]
density       derived (no id, space, bound)                           p:Gaussian   [1.e+00 1.e-06]


****************************************************************************************************
****************************************************************************************************

 Confidence intervals (median value, 34.135th percentile from the median on the left and right side)

====================================================================================================
     Statistics on the posterior of the sampler parameters     
====================================================================================================

----- dataset:  RVdata
jitter_0        13         1.219       -0.056        0.060   (15-84 p)   [    0.0009,    12.3000]
offset_0        14          8.50        -0.21         0.19   (15-84 p)   [-9995.9050, 10014.9920]
offset_1        15         10.44        -0.34         0.33   (15-84 p)   [-9995.9050, 10014.9920]
offset_2        16          9.48        -0.22         0.21   (15-84 p)   [-9995.9050, 10014.9920]
offset_3        17          9.44        -0.22         0.20   (15-84 p)   [-9995.9050, 10014.9920]

----- dataset: RVdata                    ----- model: gp_multidimensional           
rot_amp         18           6.7         -1.2          1.5   (15-84 p)   [    0.0000,    10.0000]
con_amp         19          0.21        -0.11         0.13   (15-84 p)   [  -20.0000,    20.0000]

----- dataset:  BISdata
jitter_0        20          1.98        -0.10         0.11   (15-84 p)   [    0.0095,    95.0000]
offset_0        21        -73.80        -0.25         0.27   (15-84 p)   [-10080.0833,  9959.1833]
offset_1        22        -45.39        -0.51         0.50   (15-84 p)   [-10080.0833,  9959.1833]
offset_2        23        -52.61        -0.29         0.31   (15-84 p)   [-10080.0833,  9959.1833]
offset_3        24        -60.38        -0.28         0.29   (15-84 p)   [-10080.0833,  9959.1833]

----- dataset: BISdata                   ----- model: gp_multidimensional           
rot_amp         25         -0.12        -0.93         0.86   (15-84 p)   [  -10.0000,    10.0000]
con_amp         26         -0.23        -0.15         0.13   (15-84 p)   [  -20.0000,    20.0000]

----- dataset:  CaIIdata
jitter_0        27       0.00021     -0.00013      0.00020   (15-84 p)   [    0.0000,     0.3000]
offset_0        28       0.10037     -0.00032      0.00033   (15-84 p)   [-9999.9090, 10000.1096]
offset_1        29       0.10431     -0.00067      0.00067   (15-84 p)   [-9999.9090, 10000.1096]
offset_2        30       0.10495     -0.00038      0.00039   (15-84 p)   [-9999.9090, 10000.1096]
offset_3        31       0.09951     -0.00035      0.00037   (15-84 p)   [-9999.9090, 10000.1096]

----- dataset: CaIIdata                  ----- model: gp_multidimensional           
rot_amp         32        0.0002      -0.0012       0.0012   (15-84 p)   [  -10.0000,    10.0000]
con_amp         33      -0.00015     -0.00017      0.00016   (15-84 p)   [  -20.0000,    20.0000]

----- dataset:  Contrastdata
jitter_0        34           162          -12           12   (15-84 p)   [    1.3000, 13000.0000]
offset_0        35       -353825          -22           22   (15-84 p)   [-468133.1237, -343198.1428]
offset_1        36       -433583          -43           44   (15-84 p)   [-468133.1237, -343198.1428]
offset_2        37       -457682          -25           25   (15-84 p)   [-468133.1237, -343198.1428]
offset_3        38       -362697          -24           24   (15-84 p)   [-468133.1237, -343198.1428]

----- dataset: Contrastdata              ----- model: gp_multidimensional           
rot_amp         39          -0.0         -6.9          6.7   (15-84 p)   [  -10.0000,    10.0000]
con_amp         40         19.32         -1.2         0.51   (15-84 p)   [  -20.0000,    20.0000]

----- dataset:  FWHMdata
jitter_0        41          0.30        -0.17         0.28   (15-84 p)   [    0.0500,   500.0000]
offset_0        42        6692.1         -1.7          1.6   (15-84 p)   [-3319.7228, 16948.8965]
offset_1        43        6938.2         -2.0          1.9   (15-84 p)   [-3319.7228, 16948.8965]
offset_2        44        6856.2         -1.8          1.7   (15-84 p)   [-3319.7228, 16948.8965]
offset_3        45        6896.5         -1.7          1.6   (15-84 p)   [-3319.7228, 16948.8965]

----- dataset: FWHMdata                  ----- model: gp_multidimensional           
rot_amp         46           4.6         -2.1          2.2   (15-84 p)   [  -10.0000,    10.0000]
con_amp         47          3.44        -0.67         0.85   (15-84 p)   [  -20.0000,    20.0000]

----- dataset:  Halphadata
jitter_0        48      0.000076    -0.000046     0.000072   (15-84 p)   [    0.0000,     0.1000]
offset_0        49       0.17206     -0.00011      0.00011   (15-84 p)   [-9999.8297, 10000.1797]
offset_1        50       0.17405     -0.00022      0.00022   (15-84 p)   [-9999.8297, 10000.1797]
offset_2        51       0.17512     -0.00013      0.00013   (15-84 p)   [-9999.8297, 10000.1797]
offset_3        52       0.17114     -0.00012      0.00012   (15-84 p)   [-9999.8297, 10000.1797]

----- dataset: Halphadata                ----- model: gp_multidimensional           
rot_amp         53       0.00038     -0.00039      0.00040   (15-84 p)   [  -10.0000,    10.0000]
con_amp         54     -0.000046    -0.000056     0.000054   (15-84 p)   [  -20.0000,    20.0000]

----- common model:  b
P                0        2.0215      -0.0079       0.0084   (15-84 p)   [    0.3785,     6.6439]
K                1         -0.57        -0.34         0.27   (15-84 p)   [   -9.9658,     3.3219]
sre_coso         2         -0.07        -0.20         0.22   (15-84 p)   [   -1.0000,     1.0000]
sre_sino         3          0.11        -0.23         0.20   (15-84 p)   [   -1.0000,     1.0000]
mean_long        4           134          -33           32   (15-84 p)   [  -58.0572,   301.9428]

----- common model:  c
P                5        0.9609      -0.0031       0.0034   (15-84 p)   [    0.3785,     6.6439]
K                6         -0.15        -0.25         0.22   (15-84 p)   [   -9.9658,     3.3219]
sre_coso         7         -0.07        -0.19         0.20   (15-84 p)   [   -1.0000,     1.0000]
sre_sino         8         -0.26        -0.16         0.26   (15-84 p)   [   -1.0000,     1.0000]
mean_long        9           106          -19           21   (15-84 p)   [  -79.5363,   280.4637]

----- common model:  activity
Prot            10         28.06        -0.41         0.42   (15-84 p)   [   20.0000,    35.0000]
Pdec            11          31.6         -1.2          2.5   (15-84 p)   [   30.0000,  1000.0000]
Oamp            12         -1.35        -0.11         0.10   (15-84 p)   [   -6.6439,     0.0000]

----- common model:  star_parameters

====================================================================================================
     Statistics on the model parameters obtained from the posteriors samples     
====================================================================================================

----- dataset:  RVdata
jitter_0                 1.219       -0.056        0.060    (15-84 p)
offset_0                  8.50        -0.21         0.19    (15-84 p)
offset_1                 10.44        -0.34         0.33    (15-84 p)
offset_2                  9.48        -0.22         0.21    (15-84 p)
offset_3                  9.44        -0.22         0.20    (15-84 p)


----- dataset: RVdata                    ----- model: gp_multidimensional           
rot_amp                    6.7         -1.2          1.5    (15-84 p)
con_amp                   0.21        -0.11         0.13    (15-84 p)

----- dataset:  BISdata
jitter_0                  1.98        -0.10         0.11    (15-84 p)
offset_0                -73.80        -0.25         0.27    (15-84 p)
offset_1                -45.39        -0.51         0.50    (15-84 p)
offset_2                -52.61        -0.29         0.31    (15-84 p)
offset_3                -60.38        -0.28         0.29    (15-84 p)


----- dataset: BISdata                   ----- model: gp_multidimensional           
rot_amp                  -0.12        -0.93         0.86    (15-84 p)
con_amp                  -0.23        -0.15         0.13    (15-84 p)

----- dataset:  CaIIdata
jitter_0               0.00021     -0.00013      0.00020    (15-84 p)
offset_0               0.10037     -0.00032      0.00033    (15-84 p)
offset_1               0.10431     -0.00067      0.00067    (15-84 p)
offset_2               0.10495     -0.00038      0.00039    (15-84 p)
offset_3               0.09951     -0.00035      0.00037    (15-84 p)


----- dataset: CaIIdata                  ----- model: gp_multidimensional           
rot_amp                 0.0002      -0.0012       0.0012    (15-84 p)
con_amp               -0.00015     -0.00017      0.00016    (15-84 p)

----- dataset:  Contrastdata
jitter_0                   162          -12           12    (15-84 p)
offset_0               -353825          -22           22    (15-84 p)
offset_1               -433583          -43           44    (15-84 p)
offset_2               -457682          -25           25    (15-84 p)
offset_3               -362697          -24           24    (15-84 p)


----- dataset: Contrastdata              ----- model: gp_multidimensional           
rot_amp                   -0.0         -6.9          6.7    (15-84 p)
con_amp                  19.32         -1.2         0.51    (15-84 p)

----- dataset:  FWHMdata
jitter_0                  0.30        -0.17         0.28    (15-84 p)
offset_0                6692.1         -1.7          1.6    (15-84 p)
offset_1                6938.2         -2.0          1.9    (15-84 p)
offset_2                6856.2         -1.8          1.7    (15-84 p)
offset_3                6896.5         -1.7          1.6    (15-84 p)


----- dataset: FWHMdata                  ----- model: gp_multidimensional           
rot_amp                    4.6         -2.1          2.2    (15-84 p)
con_amp                   3.44        -0.67         0.85    (15-84 p)

----- dataset:  Halphadata
jitter_0              0.000076    -0.000046     0.000072    (15-84 p)
offset_0               0.17206     -0.00011      0.00011    (15-84 p)
offset_1               0.17405     -0.00022      0.00022    (15-84 p)
offset_2               0.17512     -0.00013      0.00013    (15-84 p)
offset_3               0.17114     -0.00012      0.00012    (15-84 p)


----- dataset: Halphadata                ----- model: gp_multidimensional           
rot_amp                0.00038     -0.00039      0.00040    (15-84 p)
con_amp              -0.000046    -0.000056     0.000054    (15-84 p)

----- common model:  b
P                        4.060       -0.022        0.024    (15-84 p)
K                         0.67        -0.14         0.14    (15-84 p)
mean_long                  134          -33           32    (15-84 p)
e                        0.077       -0.055        0.085    (15-84 p)
omega                      126          -79           92    (15-84 p)

----- common model:  c
P                       1.9465      -0.0042       0.0045    (15-84 p)
K                         0.90        -0.15         0.15    (15-84 p)
mean_long                  106          -19           21    (15-84 p)
e                        0.116       -0.079        0.098    (15-84 p)
omega                     -104          -51           51    (15-84 p)

----- common model:  activity
Prot                     28.06        -0.41         0.42    (15-84 p)
Pdec                      31.6         -1.2          2.5    (15-84 p)
Oamp                     0.393       -0.029        0.029    (15-84 p)

----- common model:  star_parameters

====================================================================================================
     Statistics on the derived parameters obtained from the posteriors samples     
====================================================================================================

----- common model:  b
Inclination fixed to 90 deg!
Computing planetary mass under the approximation M_planet << M_star (threshold at 30.0 Me)
a_Rs                    10.706       -0.039        0.042    (15-84 p)
M_Mj                    0.0052      -0.0011       0.0011    (15-84 p)
M_Me                      1.67        -0.35         0.34    (15-84 p)
Tc                    59338.19        -0.52         0.33    (15-84 p)
a_AU_(M)               0.04981     -0.00018      0.00019    (15-84 p)
a_AU_(rho,R)           0.04981     -0.00018      0.00019    (15-84 p)

----- common model:  c
Inclination fixed to 90 deg!
Computing planetary mass under the approximation M_planet << M_star (threshold at 30.0 Me)
a_Rs                    6.5577      -0.0095        0.010    (15-84 p)
M_Mj                   0.00547     -0.00087      0.00087    (15-84 p)
M_Me                      1.74        -0.28         0.28    (15-84 p)
Tc                    59336.48         -1.7         0.11    (15-84 p)
a_AU_(M)              0.030510    -0.000044     0.000047    (15-84 p)
a_AU_(rho,R)          0.030509    -0.000044     0.000047    (15-84 p)


====================================================================================================
     ------------------------------------------------------------------------------------------     
====================================================================================================



****************************************************************************************************

 Parameters corresponding to the Maximum a Posteriori probability ( -1262.786636031908 )

====================================================================================================
     Statistics on the posterior of the sampler parameters     
====================================================================================================

----- dataset:  RVdata
jitter_0        13      1.195117 [    0.0009,    12.3000]
offset_0        14      8.462413 [-9995.9050, 10014.9920]
offset_1        15     10.307698 [-9995.9050, 10014.9920]
offset_2        16      9.535006 [-9995.9050, 10014.9920]
offset_3        17      9.247678 [-9995.9050, 10014.9920]

----- dataset: RVdata                    ----- model: gp_multidimensional           
rot_amp         18      5.522096 [    0.0000,    10.0000]
con_amp         19      0.173742 [  -20.0000,    20.0000]

----- dataset:  BISdata
jitter_0        20      1.943605 [    0.0095,    95.0000]
offset_0        21    -73.694807 [-10080.0833,  9959.1833]
offset_1        22    -45.554302 [-10080.0833,  9959.1833]
offset_2        23    -52.727044 [-10080.0833,  9959.1833]
offset_3        24    -60.251801 [-10080.0833,  9959.1833]

----- dataset: BISdata                   ----- model: gp_multidimensional           
rot_amp         25      0.054367 [  -10.0000,    10.0000]
con_amp         26     -0.212245 [  -20.0000,    20.0000]

----- dataset:  CaIIdata
jitter_0        27      0.000078 [    0.0000,     0.3000]
offset_0        28      0.100799 [-9999.9090, 10000.1096]
offset_1        29      0.104505 [-9999.9090, 10000.1096]
offset_2        30      0.105268 [-9999.9090, 10000.1096]
offset_3        31      0.099486 [-9999.9090, 10000.1096]

----- dataset: CaIIdata                  ----- model: gp_multidimensional           
rot_amp         32     -0.000983 [  -10.0000,    10.0000]
con_amp         33     -0.000197 [  -20.0000,    20.0000]

----- dataset:  Contrastdata
jitter_0        34    156.941023 [    1.3000, 13000.0000]
offset_0        35  -353845.936204 [-468133.1237, -343198.1428]
offset_1        36  -433598.502122 [-468133.1237, -343198.1428]
offset_2        37  -457696.039837 [-468133.1237, -343198.1428]
offset_3        38  -362712.699152 [-468133.1237, -343198.1428]

----- dataset: Contrastdata              ----- model: gp_multidimensional           
rot_amp         39      4.082398 [  -10.0000,    10.0000]
con_amp         40     19.961330 [  -20.0000,    20.0000]

----- dataset:  FWHMdata
jitter_0        41      0.177813 [    0.0500,   500.0000]
offset_0        42   6691.126841 [-3319.7228, 16948.8965]
offset_1        43   6936.832864 [-3319.7228, 16948.8965]
offset_2        44   6854.539375 [-3319.7228, 16948.8965]
offset_3        45   6895.383568 [-3319.7228, 16948.8965]

----- dataset: FWHMdata                  ----- model: gp_multidimensional           
rot_amp         46      3.981636 [  -10.0000,    10.0000]
con_amp         47      2.871806 [  -20.0000,    20.0000]

----- dataset:  Halphadata
jitter_0        48      0.000094 [    0.0000,     0.1000]
offset_0        49      0.172000 [-9999.8297, 10000.1797]
offset_1        50      0.174334 [-9999.8297, 10000.1797]
offset_2        51      0.175023 [-9999.8297, 10000.1797]
offset_3        52      0.171257 [-9999.8297, 10000.1797]

----- dataset: Halphadata                ----- model: gp_multidimensional           
rot_amp         53      0.000354 [  -10.0000,    10.0000]
con_amp         54     -0.000074 [  -20.0000,    20.0000]

----- common model:  b
P                0      2.018891 [    0.3785,     6.6439]
K                1     -0.740184 [   -9.9658,     3.3219]
sre_coso         2     -0.121430 [   -1.0000,     1.0000]
sre_sino         3      0.104813 [   -1.0000,     1.0000]
mean_long        4    135.548322 [  -58.0572,   301.9428]

----- common model:  c
P                5      0.956840 [    0.3785,     6.6439]
K                6     -0.067437 [   -9.9658,     3.3219]
sre_coso         7      0.011380 [   -1.0000,     1.0000]
sre_sino         8     -0.391211 [   -1.0000,     1.0000]
mean_long        9     92.675233 [  -79.5363,   280.4637]

----- common model:  activity
Prot            10     27.533187 [   20.0000,    35.0000]
Pdec            11     31.340559 [   30.0000,  1000.0000]
Oamp            12     -1.238880 [   -6.6439,     0.0000]

----- common model:  star_parameters

====================================================================================================
     Statistics on the model parameters obtained from the posteriors samples     
====================================================================================================

----- dataset:  RVdata
jitter_0              1.195117 
offset_0              8.462413 
offset_1             10.307698 
offset_2              9.535006 
offset_3              9.247678 


----- dataset: RVdata                    ----- model: gp_multidimensional           
rot_amp               5.522096 
con_amp               0.173742 

----- dataset:  BISdata
jitter_0              1.943605 
offset_0            -73.694807 
offset_1            -45.554302 
offset_2            -52.727044 
offset_3            -60.251801 


----- dataset: BISdata                   ----- model: gp_multidimensional           
rot_amp               0.054367 
con_amp              -0.212245 

----- dataset:  CaIIdata
jitter_0              0.000078 
offset_0              0.100799 
offset_1              0.104505 
offset_2              0.105268 
offset_3              0.099486 


----- dataset: CaIIdata                  ----- model: gp_multidimensional           
rot_amp              -0.000983 
con_amp              -0.000197 

----- dataset:  Contrastdata
jitter_0            156.941023 
offset_0        -353845.936204 
offset_1        -433598.502122 
offset_2        -457696.039837 
offset_3        -362712.699152 


----- dataset: Contrastdata              ----- model: gp_multidimensional           
rot_amp               4.082398 
con_amp              19.961330 

----- dataset:  FWHMdata
jitter_0              0.177813 
offset_0           6691.126841 
offset_1           6936.832864 
offset_2           6854.539375 
offset_3           6895.383568 


----- dataset: FWHMdata                  ----- model: gp_multidimensional           
rot_amp               3.981636 
con_amp               2.871806 

----- dataset:  Halphadata
jitter_0              0.000094 
offset_0              0.172000 
offset_1              0.174334 
offset_2              0.175023 
offset_3              0.171257 


----- dataset: Halphadata                ----- model: gp_multidimensional           
rot_amp               0.000354 
con_amp              -0.000074 

----- common model:  b
P                     4.052720 
K                     0.598663 
mean_long           135.548322 
e                     0.025731 
omega               139.200713 

----- common model:  c
P                     1.941053 
K                     0.954332 
mean_long            92.675233 
e                     0.153175 
omega               -88.333825 

----- common model:  activity
Prot                 27.533187 
Pdec                 31.340559 
Oamp                  0.423702 

----- common model:  star_parameters

====================================================================================================
     Statistics on the derived parameters obtained from the posteriors samples     
====================================================================================================

----- common model:  b
Inclination fixed to 90 deg!
a_Rs                 10.692545 
M_Mj                  0.004694 
M_Me                  1.492123 
Tc                59338.264954 
a_AU_(M)              0.049747 
a_AU_(rho,R)          0.049747 

----- common model:  c
Inclination fixed to 90 deg!
a_Rs                  6.545474 
M_Mj                  0.005787 
M_Me                  1.839673 
Tc                59336.623708 
a_AU_(M)              0.030453 
a_AU_(rho,R)          0.030453 


====================================================================================================
     ------------------------------------------------------------------------------------------     
====================================================================================================



****************************************************************************************************

 Parameters corresponding to the sample closest to the median values ( -1267.243792992854 )

====================================================================================================
     Statistics on the posterior of the sampler parameters     
====================================================================================================

----- dataset:  RVdata
jitter_0        13      1.188331 [    0.0009,    12.3000]
offset_0        14      8.479556 [-9995.9050, 10014.9920]
offset_1        15     10.281993 [-9995.9050, 10014.9920]
offset_2        16      9.607418 [-9995.9050, 10014.9920]
offset_3        17      9.553513 [-9995.9050, 10014.9920]

----- dataset: RVdata                    ----- model: gp_multidimensional           
rot_amp         18      6.160806 [    0.0000,    10.0000]
con_amp         19      0.126438 [  -20.0000,    20.0000]

----- dataset:  BISdata
jitter_0        20      1.867554 [    0.0095,    95.0000]
offset_0        21    -73.854688 [-10080.0833,  9959.1833]
offset_1        22    -46.213058 [-10080.0833,  9959.1833]
offset_2        23    -52.433675 [-10080.0833,  9959.1833]
offset_3        24    -60.257361 [-10080.0833,  9959.1833]

----- dataset: BISdata                   ----- model: gp_multidimensional           
rot_amp         25     -1.314534 [  -10.0000,    10.0000]
con_amp         26     -0.213403 [  -20.0000,    20.0000]

----- dataset:  CaIIdata
jitter_0        27      0.000230 [    0.0000,     0.3000]
offset_0        28      0.100058 [-9999.9090, 10000.1096]
offset_1        29      0.104513 [-9999.9090, 10000.1096]
offset_2        30      0.104883 [-9999.9090, 10000.1096]
offset_3        31      0.099602 [-9999.9090, 10000.1096]

----- dataset: CaIIdata                  ----- model: gp_multidimensional           
rot_amp         32     -0.000161 [  -10.0000,    10.0000]
con_amp         33     -0.000021 [  -20.0000,    20.0000]

----- dataset:  Contrastdata
jitter_0        34    168.347328 [    1.3000, 13000.0000]
offset_0        35  -353821.317098 [-468133.1237, -343198.1428]
offset_1        36  -433560.629645 [-468133.1237, -343198.1428]
offset_2        37  -457666.564666 [-468133.1237, -343198.1428]
offset_3        38  -362699.361969 [-468133.1237, -343198.1428]

----- dataset: Contrastdata              ----- model: gp_multidimensional           
rot_amp         39      3.414173 [  -10.0000,    10.0000]
con_amp         40     19.964007 [  -20.0000,    20.0000]

----- dataset:  FWHMdata
jitter_0        41      0.258040 [    0.0500,   500.0000]
offset_0        42   6692.712901 [-3319.7228, 16948.8965]
offset_1        43   6939.520379 [-3319.7228, 16948.8965]
offset_2        44   6858.363471 [-3319.7228, 16948.8965]
offset_3        45   6897.002932 [-3319.7228, 16948.8965]

----- dataset: FWHMdata                  ----- model: gp_multidimensional           
rot_amp         46      4.228844 [  -10.0000,    10.0000]
con_amp         47      2.555569 [  -20.0000,    20.0000]

----- dataset:  Halphadata
jitter_0        48      0.000103 [    0.0000,     0.1000]
offset_0        49      0.172156 [-9999.8297, 10000.1797]
offset_1        50      0.174016 [-9999.8297, 10000.1797]
offset_2        51      0.175096 [-9999.8297, 10000.1797]
offset_3        52      0.171093 [-9999.8297, 10000.1797]

----- dataset: Halphadata                ----- model: gp_multidimensional           
rot_amp         53      0.000234 [  -10.0000,    10.0000]
con_amp         54     -0.000056 [  -20.0000,    20.0000]

----- common model:  b
P                0      2.019545 [    0.3785,     6.6439]
K                1     -0.295193 [   -9.9658,     3.3219]
sre_coso         2     -0.128303 [   -1.0000,     1.0000]
sre_sino         3      0.147093 [   -1.0000,     1.0000]
mean_long        4    109.110972 [  -58.0572,   301.9428]

----- common model:  c
P                5      0.963175 [    0.3785,     6.6439]
K                6     -0.324223 [   -9.9658,     3.3219]
sre_coso         7     -0.175496 [   -1.0000,     1.0000]
sre_sino         8     -0.280586 [   -1.0000,     1.0000]
mean_long        9    117.239923 [  -79.5363,   280.4637]

----- common model:  activity
Prot            10     28.208863 [   20.0000,    35.0000]
Pdec            11     31.199743 [   30.0000,  1000.0000]
Oamp            12     -1.350715 [   -6.6439,     0.0000]

----- common model:  star_parameters

====================================================================================================
     Statistics on the model parameters obtained from the posteriors samples     
====================================================================================================

----- dataset:  RVdata
jitter_0              1.188331 
offset_0              8.479556 
offset_1             10.281993 
offset_2              9.607418 
offset_3              9.553513 


----- dataset: RVdata                    ----- model: gp_multidimensional           
rot_amp               6.160806 
con_amp               0.126438 

----- dataset:  BISdata
jitter_0              1.867554 
offset_0            -73.854688 
offset_1            -46.213058 
offset_2            -52.433675 
offset_3            -60.257361 


----- dataset: BISdata                   ----- model: gp_multidimensional           
rot_amp              -1.314534 
con_amp              -0.213403 

----- dataset:  CaIIdata
jitter_0              0.000230 
offset_0              0.100058 
offset_1              0.104513 
offset_2              0.104883 
offset_3              0.099602 


----- dataset: CaIIdata                  ----- model: gp_multidimensional           
rot_amp              -0.000161 
con_amp              -0.000021 

----- dataset:  Contrastdata
jitter_0            168.347328 
offset_0        -353821.317098 
offset_1        -433560.629645 
offset_2        -457666.564666 
offset_3        -362699.361969 


----- dataset: Contrastdata              ----- model: gp_multidimensional           
rot_amp               3.414173 
con_amp              19.964007 

----- dataset:  FWHMdata
jitter_0              0.258040 
offset_0           6692.712901 
offset_1           6939.520379 
offset_2           6858.363471 
offset_3           6897.002932 


----- dataset: FWHMdata                  ----- model: gp_multidimensional           
rot_amp               4.228844 
con_amp               2.555569 

----- dataset:  Halphadata
jitter_0              0.000103 
offset_0              0.172156 
offset_1              0.174016 
offset_2              0.175096 
offset_3              0.171093 


----- dataset: Halphadata                ----- model: gp_multidimensional           
rot_amp               0.000234 
con_amp              -0.000056 

----- common model:  b
P                     4.054559 
K                     0.814963 
mean_long           109.110972 
e                     0.038098 
omega               131.096833 

----- common model:  c
P                     1.949596 
K                     0.798729 
mean_long           117.239923 
e                     0.109527 
omega              -122.024394 

----- common model:  activity
Prot                 28.208863 
Pdec                 31.199743 
Oamp                  0.392098 

----- common model:  star_parameters

====================================================================================================
     Statistics on the derived parameters obtained from the posteriors samples     
====================================================================================================

----- common model:  b
Inclination fixed to 90 deg!
a_Rs                 10.695744 
M_Mj                  0.006388 
M_Me                  2.030742 
Tc                59338.571137 
a_AU_(M)              0.049762 
a_AU_(rho,R)          0.049762 

----- common model:  c
Inclination fixed to 90 deg!
a_Rs                  6.564667 
M_Mj                  0.004879 
M_Me                  1.550995 
Tc                59336.540961 
a_AU_(M)              0.030542 
a_AU_(rho,R)          0.030542 


====================================================================================================
     ------------------------------------------------------------------------------------------     
====================================================================================================



****************************************************************************************************

Inclination fixed to 90 deg!
Inclination fixed to 90 deg!
Note: stellar density derived from stellar mass and radius

Inclination fixed to 90 deg!
Inclination fixed to 90 deg!
Inclination fixed to 90 deg!
Inclination fixed to 90 deg!
 Plot FLAT chain 

****************************************************************************************************

 Skipping full correlation plot due to the high number of parameters
 To avoid this behaviour, set the keyword parameters:force_full_correlation_plot to True

****************************************************************************************************

 Plotting the chains... 

****************************************************************************************************

 Plotting the Gelman-Rubin traces... 

     Gelman-Rubin:    13     1.020719 RVdata_jitter_0 
     Gelman-Rubin:    14     1.034071 RVdata_offset_0 
     Gelman-Rubin:    15     1.029349 RVdata_offset_1 
     Gelman-Rubin:    16     1.031629 RVdata_offset_2 
     Gelman-Rubin:    17     1.035592 RVdata_offset_3 
     Gelman-Rubin:    18     1.029787 RVdata_gp_multidimensional_rot_amp 
     Gelman-Rubin:    19     1.033364 RVdata_gp_multidimensional_con_amp 
     Gelman-Rubin:    20     1.020731 BISdata_jitter_0 
     Gelman-Rubin:    21     1.026789 BISdata_offset_0 
     Gelman-Rubin:    22     1.023836 BISdata_offset_1 
     Gelman-Rubin:    23     1.024631 BISdata_offset_2 
     Gelman-Rubin:    24     1.026516 BISdata_offset_3 
     Gelman-Rubin:    25     1.025466 BISdata_gp_multidimensional_rot_amp 
     Gelman-Rubin:    26     1.025036 BISdata_gp_multidimensional_con_amp 
     Gelman-Rubin:    27     1.028719 CaIIdata_jitter_0 
     Gelman-Rubin:    28     1.029862 CaIIdata_offset_0 
     Gelman-Rubin:    29     1.022547 CaIIdata_offset_1 
     Gelman-Rubin:    30     1.024976 CaIIdata_offset_2 
     Gelman-Rubin:    31     1.026129 CaIIdata_offset_3 
     Gelman-Rubin:    32     1.026454 CaIIdata_gp_multidimensional_rot_amp 
     Gelman-Rubin:    33     1.028957 CaIIdata_gp_multidimensional_con_amp 
     Gelman-Rubin:    34     1.023035 Contrastdata_jitter_0 
     Gelman-Rubin:    35     1.024151 Contrastdata_offset_0 
     Gelman-Rubin:    36     1.027493 Contrastdata_offset_1 
     Gelman-Rubin:    37     1.030970 Contrastdata_offset_2 
     Gelman-Rubin:    38     1.028151 Contrastdata_offset_3 
     Gelman-Rubin:    39     1.024034 Contrastdata_gp_multidimensional_rot_amp 
     Gelman-Rubin:    40     1.039081 Contrastdata_gp_multidimensional_con_amp 
     Gelman-Rubin:    41     1.023777 FWHMdata_jitter_0 
     Gelman-Rubin:    42     1.034120 FWHMdata_offset_0 
     Gelman-Rubin:    43     1.031429 FWHMdata_offset_1 
     Gelman-Rubin:    44     1.035849 FWHMdata_offset_2 
     Gelman-Rubin:    45     1.035449 FWHMdata_offset_3 
     Gelman-Rubin:    46     1.028728 FWHMdata_gp_multidimensional_rot_amp 
     Gelman-Rubin:    47     1.031458 FWHMdata_gp_multidimensional_con_amp 
     Gelman-Rubin:    48     1.024443 Halphadata_jitter_0 
     Gelman-Rubin:    49     1.024051 Halphadata_offset_0 
     Gelman-Rubin:    50     1.023732 Halphadata_offset_1 
     Gelman-Rubin:    51     1.023159 Halphadata_offset_2 
     Gelman-Rubin:    52     1.022048 Halphadata_offset_3 
     Gelman-Rubin:    53     1.025489 Halphadata_gp_multidimensional_rot_amp 
     Gelman-Rubin:    54     1.024963 Halphadata_gp_multidimensional_con_amp 
     Gelman-Rubin:     0     1.024414 b_P 
     Gelman-Rubin:     1     1.027759 b_K 
     Gelman-Rubin:     2     1.020927 b_sre_coso 
     Gelman-Rubin:     3     1.027627 b_sre_sino 
     Gelman-Rubin:     4     1.027311 b_mean_long 
     Gelman-Rubin:     5     1.025144 c_P 
     Gelman-Rubin:     6     1.027077 c_K 
     Gelman-Rubin:     7     1.026461 c_sre_coso 
     Gelman-Rubin:     8     1.029580 c_sre_sino 
     Gelman-Rubin:     9     1.026908 c_mean_long 
     Gelman-Rubin:    10     1.022549 activity_Prot 
     Gelman-Rubin:    11     1.035705 activity_Pdec 
     Gelman-Rubin:    12     1.023743 activity_Oamp 

****************************************************************************************************

Plotting the common models corner plots
     Common model:  b
     Common model:  c
     Common model:  activity
     Common model:  star_parameters

****************************************************************************************************

Plotting the dataset + models corner plots 

     Dataset:  RVdata     model:  gp_multidimensional  corner plot  starting 
     Dataset:  RVdata     model:  gp_multidimensional  corner plot  done 
     Dataset:  RVdata     model:  radial_velocities_b  corner plot  starting 
     Dataset:  RVdata     model:  radial_velocities_b  corner plot  done 
     Dataset:  RVdata     model:  radial_velocities_c  corner plot  starting 
     Dataset:  RVdata     model:  radial_velocities_c  corner plot  done 
     Dataset:  BISdata     model:  gp_multidimensional  corner plot  starting 
     Dataset:  BISdata     model:  gp_multidimensional  corner plot  done 
     Dataset:  CaIIdata     model:  gp_multidimensional  corner plot  starting 
     Dataset:  CaIIdata     model:  gp_multidimensional  corner plot  done 
     Dataset:  Contrastdata     model:  gp_multidimensional  corner plot  starting 
     Dataset:  Contrastdata     model:  gp_multidimensional  corner plot  done 
     Dataset:  FWHMdata     model:  gp_multidimensional  corner plot  starting 
     Dataset:  FWHMdata     model:  gp_multidimensional  corner plot  done 
     Dataset:  Halphadata     model:  gp_multidimensional  corner plot  starting 
     Dataset:  Halphadata     model:  gp_multidimensional  corner plot  done 

****************************************************************************************************

 Saving the planet parameter samplings to files (with plots)

****************************************************************************************************

 Saving all the parameter samplings to files (with plots)

****************************************************************************************************

 Computing the models for plot/data writing 
     Splitting the plot array to allow GP prediction of extended datasets, it may take a while...
     # 58 chunks of 100 times each
     Check the documentation if the code is taking too long or if it crashes...
     Splitting the plot array to allow GP prediction of extended datasets, it may take a while...
     # 35 chunks of 100 times each
     Check the documentation if the code is taking too long or if it crashes...
     Splitting the plot array to allow GP prediction of extended datasets, it may take a while...
     # 35 chunks of 100 times each
     Check the documentation if the code is taking too long or if it crashes...
     Splitting the plot array to allow GP prediction of extended datasets, it may take a while...
     # 35 chunks of 100 times each
     Check the documentation if the code is taking too long or if it crashes...
     Splitting the plot array to allow GP prediction of extended datasets, it may take a while...
     # 35 chunks of 100 times each
     Check the documentation if the code is taking too long or if it crashes...
     Splitting the plot array to allow GP prediction of extended datasets, it may take a while...
     # 35 chunks of 100 times each
     Check the documentation if the code is taking too long or if it crashes...
     Splitting the plot array to allow GP prediction of extended datasets, it may take a while...
     # 58 chunks of 100 times each
     Check the documentation if the code is taking too long or if it crashes...
     Splitting the plot array to allow GP prediction of extended datasets, it may take a while...
     # 35 chunks of 100 times each
     Check the documentation if the code is taking too long or if it crashes...
     Splitting the plot array to allow GP prediction of extended datasets, it may take a while...
     # 35 chunks of 100 times each
     Check the documentation if the code is taking too long or if it crashes...
     Splitting the plot array to allow GP prediction of extended datasets, it may take a while...
     # 35 chunks of 100 times each
     Check the documentation if the code is taking too long or if it crashes...
     Splitting the plot array to allow GP prediction of extended datasets, it may take a while...
     # 35 chunks of 100 times each
     Check the documentation if the code is taking too long or if it crashes...
     Splitting the plot array to allow GP prediction of extended datasets, it may take a while...
     # 35 chunks of 100 times each
     Check the documentation if the code is taking too long or if it crashes...
     Splitting the plot array to allow GP prediction of extended datasets, it may take a while...
     # 58 chunks of 100 times each
     Check the documentation if the code is taking too long or if it crashes...
     Splitting the plot array to allow GP prediction of extended datasets, it may take a while...
     # 35 chunks of 100 times each
     Check the documentation if the code is taking too long or if it crashes...
     Splitting the plot array to allow GP prediction of extended datasets, it may take a while...
     # 35 chunks of 100 times each
     Check the documentation if the code is taking too long or if it crashes...
     Splitting the plot array to allow GP prediction of extended datasets, it may take a while...
     # 35 chunks of 100 times each
     Check the documentation if the code is taking too long or if it crashes...
     Splitting the plot array to allow GP prediction of extended datasets, it may take a while...
     # 35 chunks of 100 times each
     Check the documentation if the code is taking too long or if it crashes...
     Splitting the plot array to allow GP prediction of extended datasets, it may take a while...
     # 35 chunks of 100 times each
     Check the documentation if the code is taking too long or if it crashes...
 Writing the plots 
 Writing the   data files 
 Writing the  MAP_ data files 
 Writing the  sampleMED_ data files 

****************************************************************************************************

