1.530056881017 
1.539939512286 
1.530262714733 
1.531960055946 
1.514430560906 
1.523502790714 
1.519890843999 
1.524384163742 
1.523192513553 
1.527654928993 
1.527655170965 
1.527655170965 
1.527359184872 
1.527359726478 
1.527854973119 
1.530301115808 
1.532470551086 
1.519480772717 
1.521585851159 
1.524706316596 
1.523908858133 
1.526214438815 
1.518043351953 
1.523038498667 
1.514057715308 
1.520768385735 
1.517002554710 
1.524142477000 
1.529866609140 
1.523942057410 
1.522661001449 
1.527073145282 
1.529426326908 
1.526854126261 
1.525327786893 
1.526707117500 
1.521581936842 
1.518654792086 
1.520650935512 
1.519520496180 
1.523679580440 
1.524627426307 
1.525753377310 
1.527340278900 
1.527527353778 
1.528699989535 
1.525855195478 
1.524766071387 
1.527713554098 
1.530462433885 
1.532127142611 
1.537044114718 
1.543857811014 
1.531807594448 
1.525489507179 
1.525369331975 
1.516784896325 
1.521447646073 
1.526771254171 
1.539749683376 
1.533240872769 
1.533207542718 
1.531890741929 
1.529246178744 
1.530283327770 
1.533598774719 
1.537478969457 
1.532766635856 
1.523793949635 
1.530362966120 
1.528531098205 
1.531390012107 
1.529209881367 
1.528937494300 
1.530516460644 
1.524264327167 
1.523351767306 
1.517406974192 
1.521431273484 
1.525767980824 
1.524927036859 
1.526703075747 
1.529938886199 
1.531692984640 
1.530362860298 
1.526804357380 
1.524795256390 
1.528987020660 
1.522058436105 
1.522258708903 
1.525457270039 
1.520014843182 
1.516709123996 
1.519186215974 
1.519628559643 
1.522402301252 
1.526184609832 
1.524952987682 
1.523806311268 
1.521175196093 
1.525877326854 
1.527343760263 
1.527803837663 
1.525196462726 
1.521686007451 
1.519199270968 
1.520830443635 
1.519891074438 
1.520975396652 
1.522245089492 
1.522498789689 
1.522233586372 
1.522920177689 
1.528671996822 
1.535871871756 
1.541469940925 
1.542446439938 
1.537765731502 
1.533919553107 
1.532958355664 
1.537693202011 
1.535561096123 
1.540922829369 
1.539371668930 
1.539569601817 
1.530944923466 
1.524601740295 
1.523881314765 
1.522968514259 
1.522651229369 
1.526794569000 
1.523966305747 
1.527306484114 
1.525969370896 
1.526362607522 
1.529780205356 
1.528514220095 
1.528386892325 
1.528987840612 
1.530575671310 
1.530135960195 
1.529719416423 
1.531573208653 
1.532887161855 
1.532313738031 
1.535413350328 
1.529974324487 
1.530394101321 
1.532285992580 
1.532292608464 
1.530265696345 
1.528479791449 
1.527767886342 
1.529544405561 
1.527191238215 
1.522818507942 
1.528144458480 
1.530287125198 
1.527836635613 
1.529412740714 
1.529942658073 
1.532565239631 
1.529540160548 
1.524483382289 
1.521735218736 
1.523284241930 
1.524413367790 
1.522301735377 
1.523922461307 
1.524164077160 
1.523721335739 
1.522795816684 
1.521578103157 
1.522816287436 
1.525083744074 
1.524577446816 
1.522687774441 
1.524575409178 
1.521916405646 
1.522404315303 
1.521099801051 
1.518225783982 
1.518787595443 
1.519321516014 
1.516165482885 
1.517800975220 
1.517278163903 
1.524620614928 
1.522829403676 
1.515871036242 
1.516541847075 
1.517892136411 
1.523026107921 
1.523468164420 
1.524490811548 
1.530139530574 
1.527969141549 
1.530368219424 
1.529454544446 
1.527836653210 
1.530694811306 
1.528973349144 
1.520532033212 
1.521952178436 
1.520669769629 
1.519051659566 
1.519694257766 
1.520461684804 
1.519681711577 
1.522552055778 
1.521185157567 
1.524530426531 
1.523876857450 
1.523549916632 
1.521590404173 
1.521765037828 
1.522212813811 
1.522607159246 
1.524547272980 
1.521906016694 
1.519794881387 
1.520280061796 
1.520408635186 
1.519309319575 
1.519138368790 
1.519056854439 
1.517078487911 
1.518607449508 
1.516117567074 
1.521157432308 
1.520016283120 
1.518652533251 
1.518309286544 
1.516848384615 
1.517095574835 
1.516915991838 
1.514248324708 
1.514914447923 
1.513440611681 
1.515240214909 
1.513648353136 
1.517436560888 
1.519466641937 
1.519957734628 
1.521269586843 
1.522642911942 
1.522595470200 
1.531179620268 
1.527782394330 
1.526900984652 
1.529632263107 
1.529697665483 
1.529383459087 
1.529137280054 
1.528722556105 
1.528893984666 
1.528584181779 
1.528877213920 
1.528541973302 
1.529572763017 
1.531066056276 
1.531563596337 
1.531486984133 
1.527784127150 
1.528372877814 
1.528418033778 
1.526650779756 
1.526896140053 
1.527010878918 
1.529384512952 
1.530187148215 
1.530532525627 
1.531384976159 
1.529186045459 
1.530350830271 
1.531083205992 
1.530668928325 
1.530643584390 
1.530359599624 
1.530408533989 
1.530077735180 
1.530319995292 
1.530741655516 
1.529510110048 
1.528947160536 
1.528865815080 
1.528865815080 
1.529114783738 
1.532448793898 
1.532738547206 
1.531745566521 
1.530236621115 
1.530205127961 
1.526813263579 
1.522111349024 
1.523989547497 
1.523327860160 
1.522708089016 
1.522838453851 
1.525925083520 
1.525816297397 
1.524051915520 
1.523434745462 
1.528700787995 
1.528644344067 
1.527608187919 
1.525916886664 
1.521502426011 
1.524952630003 
1.528729845955 
1.523727326537 
1.522678097010 
1.523408123082 
1.524126702400 
1.521878150670 
1.524553958581 
1.530017495858 
1.528667614144 
1.526329659607 
1.524871842072 
1.523337977280 
1.524906683022 
1.523942254347 
1.525724565588 
1.523649828533 
1.524059870164 
1.521916868815 
1.525689291557 
1.526429872410 
1.529632824191 
1.529384547771 
1.527400234204 
1.524430979709 
1.524410941181 
1.529212444065 
1.528436549208 
1.527607304627 
1.520285621086 
1.518787428622 
1.517483261217 
1.517938796310 
1.520589840060 
1.518817064319 
1.513249456835 
1.514765264425 
1.513322204456 
1.516805938763 
1.518091052980 
1.516672310550 
1.512857464112 
1.519001036068 
1.524141912957 
1.525014902901 
1.525949302360 
1.526665239723 
1.522823334358 
1.524149027975 
1.523126219686 
1.513746026258 
1.516890012891 
1.518183174699 
1.520451114284 
1.521399641789 
1.519413889389 
1.518976823228 
1.516518432654 
1.518869073651 
1.517212998571 
1.518343818531 
1.519704912865 
1.519770698865 
1.517031663532 
1.513033080732 
1.512750486739 
1.511681359404 
1.515750162257 
1.517143887025 
1.522552035465 
1.522490511646 
1.523088539407 
1.518307844458 
1.524378535169 
1.525313174584 
1.528491854022 
1.526050712040 
1.526362889106 
1.521125900034 
1.523411375493 
1.529503918572 
1.541413352749 
1.540690331704 
1.530239933740 
1.533232709251 
1.543017331371 
1.533708420690 
1.535648741763 
1.537120456723 
1.538622908859 
1.536793501166 
1.528148846321 
1.526715405033 
1.532815759168 
1.521551135058 
1.523329085664 
1.524821081435 
1.526860654019 
1.525623311524 
1.523939496851 
1.525587715188 
1.524530054177 
1.523206886068 
1.527892593440 
1.528350460407 
1.524681584977 
1.522834084560 
1.524194282824 
1.524656299949 
1.521062997375 
1.528760425883 
1.526411806531 
1.521442640791 
1.525418056712 
1.525088385006 
1.524243220380 
1.516267397839 
1.525177001391 
1.529318260321 
1.531570269169 
1.517924359974 
1.516467187841 
1.517009062111 
1.517597524334 
1.521079300720 
1.525757266389 
1.525111050358 
1.522978851862 
1.520716893622 
1.528352634014 
1.529012634569 
1.529298833641 
1.526161799450 
1.528294558419 
1.531841670417 
1.529097627334 
1.526909970277 
1.528962825415 
1.526436003287 
1.523577672658 
1.518713692470 
1.517775983000 
1.516756550265 
1.518953177917 
1.521932845703 
1.527421607813 
1.529376612243 
1.531870734396 
1.525596753448 
1.518860806080 
1.519014685489 
1.521549459349 
1.527502679120 
1.538104643394 
1.533328607142 
1.533256860481 
1.529354043826 
1.527375684492 
1.524709523123 
1.528394922564 
1.527090130063 
1.525982028009 
1.527965572415 
1.526200150084 
1.529076492250 
1.525748019111 
1.526066157156 
1.527682019039 
1.528957581088 
1.528014079160 
1.529436194439 
1.526886076123 
1.527354402759 
1.528457337813 
1.525024848115 
1.525352000870 
1.526636976643 
1.527281360150 
1.526908148924 
1.530165897139 
1.528989357703 
1.528237043434 
1.533060852215 
1.530124744624 
1.534287550311 
1.529775713066 
1.529359856634 
1.528900461400 
1.523665460926 
1.524879233816 
1.523512301319 
1.527336782313 
1.528262968175 
1.529296118384 
1.530430330548 
1.531466038289 
1.526589243184 
1.527706351649 
1.527414925389 
1.526378752694 
1.527797821506 
1.525062575118 
1.522721907309 
1.522842996873 
1.523396970883 
1.526051780422 
1.523668376389 
1.525051689398 
1.522642782418 
1.522830847930 
1.523315756346 
1.522679823374 
1.522605917025 
1.524638722912 
1.531060953260 
1.531064818230 
1.525762886544 
1.522950458138 
1.525371272720 
1.528701362776 
1.537975694169 
1.530941799403 
1.539644463182 
1.541674743310 
1.525570216297 
1.514056809325 
1.518599857493 
1.514845073806 
1.513127039647 
1.509483539319 
1.512368154553 
1.510720068766 
1.522811844030 
1.519524541384 
1.522572608434 
1.521968823407 
1.525055333131 
1.524434376033 
1.524081443991 
1.523472440434 
1.525011310297 
1.525103341418 
1.523535662900 
1.522885853341 
1.524055872899 
1.530285231232 
1.526608244477 
1.521873399683 
1.522464503606 
1.526193374633 
1.529084970171 
1.530287105774 
1.527630009647 
1.536132932947 
1.533616782872 
1.537661665793 
1.537814194784 
1.529795090803 
1.527141109307 
1.528163257512 
1.526134906568 
1.524215597578 
1.522560630811 
1.523144209367 
1.522898662550 
1.521299696201 
1.520190989895 
1.523207337670 
1.522712320665 
1.519954541835 
1.522972652313 
1.521393239255 
1.521726117494 
1.524110893186 
1.524027374738 
1.521994313037 
1.526930519345 
1.524235908148 
1.525441394744 
1.525001847409 
1.526521036176 
1.527513056739 
1.526751264261 
1.524915916949 
1.527620602924 
1.532848814764 
1.531970998927 
1.531608967971 
1.531402550113 
1.535324050500 
1.540770046185 
1.538309961722 
1.540843704964 
1.535708751899 
1.534908325445 
1.537794091832 
1.530043123626 
1.537068546592 
1.536427882319 
1.537760113649 
1.531175134467 
1.531614873914 
1.535540181714 
1.528053307280 
1.531711898808 
1.531507279734 
1.525864749785 
1.525066785895 
1.523736858084 
1.529816233381 
1.533276465084 
1.527690412964 
1.527672382447 
1.529186678986 
1.527510963300 
1.527268806016 
1.526289450594 
1.521889528760 
1.525683047960 
1.525976185484 
1.528574132561 
1.529736682527 
1.530835801947 
1.531987409788 
1.531603940186 
1.533443935193 
1.530818914727 
1.531149332481 
1.532045431747 
1.535285278605 
1.531255235565 
1.535425208353 
1.540000525045 
1.539015699421 
1.534178744209 
1.531835588003 
1.529756344493 
1.528327166498 
1.525242088298 
1.523447973546 
1.523783259548 
1.527045040666 
1.528463484936 
1.527210199157 
1.527172604624 
1.527307367026 
1.528578601309 
1.524315687685 
1.520924970747 
1.520270020314 
1.521185528963 
1.523597589584 
1.524108323088 
1.525397495632 
1.525997680636 
1.521232418792 
1.517914547413 
1.520598226884 
1.512029130214 
1.512478279719 
1.511509866742 
1.507028546487 
1.514471863505 
1.519773264792 
1.519465211872 
1.519568219233 
1.516890118196 
1.512544146089 
1.513951141864 
1.519288640247 
1.519749153432 
1.520106509587 
1.521122969745 
1.518054669399 
1.517504652345 
1.518856293149 
1.521231931895 
1.519534058206 
1.519685512353 
1.521256309947 
1.522016413421 
1.523825154769 
1.521201157163 
1.521467772998 
1.521305602833 
1.522959001016 
1.522299984347 
1.521843217957 
1.521406270246 
1.522297064147 
1.527509840956 
1.523669803321 
1.524296124222 
1.524587490234 
1.528148971004 
1.528331711815 
1.528544731434 
1.528293836404 
1.527196404123 
1.524295331524 
1.526748468629 
1.525333047109 
1.526350613769 
1.526213587861 
1.528438615365 
1.528801179405 
1.528195966489 
1.524522886493 
1.524721244796 
1.523380219110 
1.522574124617 
1.522113243548 
1.523628420824 
1.526034750982 
1.524278828720 
1.526861692186 
1.528798461440 
1.529199599599 
1.528921054767 
1.530675222091 
1.530440515134 
1.528736666515 
1.528328204314 
1.523629553190 
1.526605120419 
1.525680244874 
1.521416827626 
1.515937705141 
1.514537731999 
1.517265341946 
1.512076214985 
1.515175317980 
1.513931903361 
1.511137792013 
1.512119544959 
1.509751666093 
1.516173699220 
1.518599557843 
1.512651283443 
1.520729902340 
1.519450637059 
1.520604943765 
1.522443315595 
1.520993475071 
1.520696460252 
1.526250107696 
1.526982125398 
1.532124419011 
1.541817327540 
1.537888680984 
1.535121196311 
1.533749154889 
1.524390192644 
1.520887494497 
1.525444890113 
1.526523311101 
1.521620353029 
1.519389368206 
1.528959060700 
1.532669390449 
1.529683246530 
1.522076824146 
1.516372222400 
1.516675402349 
1.512692310948 
1.509999639729 
1.522399119999 
1.523933839051 
1.526551905159 
1.528352946754 
1.527065609353 
1.525724849858 
1.532118931699 
1.536606444518 
1.536373954692 
1.532914708961 
1.536170927378 
1.541880232133 
1.539544449406 
1.536556222549 
1.551794470387 
1.539333642260 
1.534499402411 
1.528783939848 
1.529349395055 
1.530058626003 
1.530591159221 
1.530508275712 
1.531656292613 
1.532880842833 
1.531192956105 
1.533346180879 
1.533437571353 
1.530405400481 
1.532641750733 
1.530632779804 
1.532086183989 
1.532082982551 
1.534076216022 
1.531782676506 
1.528950542109 
1.533439349357 
1.529896817768 
1.530297761042 
1.525770841229 
1.524367398604 
1.526314585836 
1.526750113855 
1.526595561589 
1.523725985689 
1.523914918425 
1.525060545719 
1.525241146635 
1.525356923475 
1.522173483889 
1.520545585955 
1.520315932950 
1.519640963347 
1.515937112034 
1.516286753664 
1.518700923487 
1.517724463461 
1.518912926281 
1.520356073507 
1.519303690195 
1.519226788574 
1.519385621092 
1.520028228215 
1.518022042328 
1.517708549780 
1.516796295926 
1.519643459593 
1.519890259229 
1.519372218458 
1.520016317595 
1.519655053042 
1.520949888863 
1.524860424422 
1.526901653787 
1.529621356116 
1.529746201849 
1.528704750991 
1.528616576366 
1.529318579179 
1.528673713297 
1.526784371180 
1.528121999102 
1.519518212640 
1.518903064610 
1.518911884861 
1.516681781769 
1.515655928160 
1.516853614849 
1.517178488832 
1.517635668598 
1.517338071421 
1.517976522983 
1.521409896921 
1.521131944883 
1.523862410671 
1.521540149287 
1.520557072388 
1.520889479212 
1.520790681985 
1.522393724202 
1.521995312722 
1.522764883501 
1.523925156039 
1.525623156816 
1.527105900481 
1.526170146921 
1.525793982048 
1.526216316771 
1.528121412846 
1.529770489605 
1.529108269128 
1.529674974294 
1.529029666510 
1.527264948045 
1.528093793729 
1.528163101263 
1.529724495302 
1.526300178211 
1.523462448690 
1.524037146990 
1.522921419330 
1.519618431750 
1.520881525066 
1.519873019530 
1.519484771314 
1.520919613936 
1.520573005652 
1.520537287922 
1.519765272873 
1.522543807623 
1.525180553090 
1.518908767054 
1.513859561072 
1.516551313736 
1.518611842064 
1.509652839325 
1.510705755728 
1.514490531096 
1.513550629320 
1.516681287826 
1.517664741822 
1.518191141504 
1.517654916527 
1.523352453626 
1.523315483330 
1.524977343847 
1.523350915402 
1.514016870019 
1.522082755323 
1.516274582875 
1.521888537445 
1.520511338796 
1.509571111909 
1.507034484365 
1.503369229849 
1.505692990983 
1.503901584383 
1.508347575679 
1.505862809677 
1.505371055290 
1.503708638349 
1.505666046121 
1.507239021508 
1.503291266490 
1.520022910840 
1.516063175899 
1.515021518659 
1.514958356746 
1.514903740485 
1.517939360514 
1.513137181425 
1.509560512663 
1.506973499690 
1.512117520077 
1.511874842216 
1.511180849072 
1.510601572135 
1.510068934159 
1.511273917381 
1.511755052865 
1.508172526584 
1.516025942832 
1.511222977173 
1.510373044357 
1.515261997794 
1.517225826962 
1.519073501012 
1.518770431533 
1.518679909891 
1.519890530523 
1.518732617279 
1.514407981538 
1.512329021952 
1.512819862628 
1.512344754838 
1.514249427240 
1.520660529969 
1.519163085594 
1.519913900982 
1.520043250937 
1.515692274099 
1.515840429073 
1.522013469722 
1.518508531141 
1.517507934903 
1.520719748159 
1.516476475677 
1.519712270591 
1.521679109320 
1.517791589712 
1.520669108311 
1.515100498230 
1.521697346813 
1.516603703408 
1.517788648595 
1.517565480090 
1.519273606339 
1.521240857335 
1.522908681461 
1.521415404874 
1.518968871794 
1.519793256268 
1.519307917033 
1.519088541542 
1.519360288945 
1.519873109144 
1.519644521835 
1.520331291421 
1.519049263177 
1.518159797130 
1.518648007369 
1.518948556895 
1.521629620704 
1.521445951639 
1.523250241433 
1.523401437593 
1.523155357040 
1.524117276973 
1.526031192537 
1.525082539453 
1.526919807568 
1.529851924712 
1.534597365072 
1.531437666587 
1.529507025255 
1.532720442721 
1.530763863858 
1.531106903862 
1.531316421903 
1.533360162535 
1.538493648400 
1.540258224104 
1.542631238649 
1.546380508667 
1.545784617613 
1.536026053020 
1.541697238873 
1.538292857340 
1.543848089572 
1.545031605140 
1.546884275836 
1.544801155925 
1.544483876271 
1.543246801404 
1.553173905037 
1.551891384131 
1.556760119017 
1.552546160805 
1.554709351685 
1.549354152958 
1.549509899171 
1.548906823135 
1.548294776238 
1.541704376496 
1.546722125141 
1.545498712465 
1.536841383350 
1.541048332870 
1.543290837695 
1.543873414433 
1.543458635123 
1.539498959266 
1.535043897092 
1.536097355402 
1.536506497836 
1.538648842297 
1.533221076397 
1.533671604521 
1.542148601330 
1.538578163756 
1.534587706894 
1.536758627284 
1.530828801516 
1.532029403223 
1.533590793711 
1.530817608152 
1.526033155660 
1.528104233334 
1.527617951061 
1.536226569061 
1.532945452647 
1.531993453284 
1.531470257419 
1.531733825373 
1.532020605408 
1.533686099230 
1.532201851606 
1.531763294930 
1.532588570368 
1.533158619349 
1.533653304765 
1.531857054106 
1.528263756914 
1.528818297191 
1.529131644084 
1.527263981015 
1.529229903908 
1.528900069688 
1.529983737310 
1.529983294179 
1.530621327142 
1.532538763207 
1.531994859145 
1.530452617693 
1.529706007361 
1.525820540160 
1.522296411030 
1.522361977249 
1.522233836127 
1.524327336136 
1.517648749302 
1.514570690530 
1.515198064147 
1.511656333779 
1.512083959522 
1.509355409665 
1.505982320361 
1.503013982928 
1.509366865089 
1.506908265232 
1.511758942851 
1.508108112538 
1.511527303873 
1.513520413536 
1.511708491467 
1.516148988533 
1.512104520513 
1.509498068339 
1.512715622741 
1.507639534875 
1.512439221537 
1.513194488452 
1.508835773350 
1.510525238827 
1.510391984194 
1.508398659261 
1.511180312751 
1.513156508485 
1.514899517165 
1.513307440515 
1.513011096681 
1.504868010297 
1.503994014608 
1.515290659474 
1.518527620245 
1.512942931108 
1.513858387894 
1.527008578175 
1.527221938795 
1.525016154172 
1.525796579790 
1.530070884774 
1.530484631604 
1.532031108341 
1.530785412565 
1.532402277316 
1.529770825740 
1.525950476077 
1.526666425791 
1.524869844998 
1.524377419041 
1.526157431452 
1.527848568520 
1.527350143001 
1.528730094819 
1.527616896962 
1.531438709370 
1.536450017331 
1.531474041461 
1.532889635083 
1.529651140560 
1.526253510259 
1.524676931073 
1.521873317223 
1.526935328630 
1.529381580800 
1.538546003155 
1.533899098370 
1.530311004671 
1.527507829356 
1.523900458825 
1.527035518429 
1.529229945656 
1.527396417862 
1.531080398026 
1.529004786610 
1.527108207412 
1.529524925481 
1.532230585304 
1.538017980710 
1.534524158297 
1.530554461513 
1.530813799392 
1.526748008702 
1.520514763053 
1.518392752993 
1.515664338454 
1.523331824330 
1.522770866840 
1.522341685119 
1.517500786946 
1.518716883461 
1.519731466534 
1.523258137702 
1.524597502595 
1.522674223647 
1.529294717807 
1.532405237073 
1.532668274002 
1.530414925992 
1.532071657212 
1.527601459029 
1.529960308127 
1.530021034458 
1.530274843188 
1.529875761772 
1.540932400150 
1.533541328234 
1.528550703042 
1.529633539720 
1.528780794136 
1.527234516121 
1.527923167130 
1.527004434216 
1.527234856332 
1.527981395544 
1.527689077288 
1.527732119310 
1.529982410298 
1.530997153460 
1.535507024553 
1.536144707020 
1.536309690375 
1.534921548874 
1.529593175406 
1.528153307920 
1.523333761411 
1.523579690688 
1.521596507933 
1.516410178318 
1.519271742401 
1.516420483637 
1.514501066151 
1.515673563126 
1.518199149078 
1.519579452529 
1.518662946897 
1.516730470515 
1.519352600195 
1.521496234299 
1.522611680586 
1.519204090593 
1.524965097147 
1.526174991231 
1.524896983277 
1.529266758682 
1.530117484160 
1.536161450248 
1.532304201694 
1.533765273896 
1.529322479989 
1.524838080011 
1.526873619469 
1.525233452910 
1.516017682151 
1.522903844136 
1.519569546032 
1.509540066230 
1.509512263253 
1.516394377011 
1.515863881787 
1.510425961929 
1.516765930316 
1.516738178694 
1.513101979714 
1.511949910884 
1.516952249345 
1.522528687243 
1.524136824030 
1.524037577731 
1.524540451496 
1.524885414328 
1.527123813674 
1.525869710822 
1.526026697251 
1.527884903456 
1.527390402129 
1.526832193105 
1.528014439775 
1.529774615802 
1.528354987643 
1.528435029971 
1.528642308296 
1.525631340268 
1.524299390180 
1.524508792181 
1.524162660023 
1.524014425210 
1.523376474814 
1.522367668586 
1.525270072655 
1.525169534352 
1.525708026759 
1.526023087704 
1.525630977563 
1.524937147703 
1.524628801768 
1.524451965325 
1.525322070530 
1.524166549712 
1.522746025154 
1.521004653114 
1.522496043108 
1.525531291456 
1.524071125837 
1.524015159669 
1.523889937687 
1.522297576491 
1.522869442435 
1.521766340702 
1.521748743286 
1.523506257708 
1.525290899978 
1.525159819443 
1.525459172764 
1.525153926482 
1.525506499201 
1.524608249242 
1.524675499155 
1.526571519571 
1.524213515905 
1.525167558577 
1.523699157858 
1.525400539065 
1.522258262180 
1.525106431942 
1.523861149470 
1.526679827772 
1.527361083850 
1.527097546549 
1.532450344498 
1.533784802319 
1.533985124463 
1.531630308608 
1.532047454773 
1.531927499948 
1.536080027972 
1.539288849853 
1.542032640089 
1.540628984193 
1.546445314136 
1.540791780576 
1.546213703932 
1.537856362458 
1.532508889369 
1.530165517088 
1.527600220425 
1.533061534347 
1.525295756426 
1.525578877619 
1.530411394782 
1.533107244210 
1.535571359136 
1.537444126808 
1.539972008511 
1.537594717717 
1.538640642811 
1.536675966330 
1.533738811137 
1.533674345991 
1.536207636943 
1.537369500545 
1.537532253217 
1.537430357445 
1.541724825161 
1.540295037599 
1.540287269760 
1.546847567557 
1.543192018863 
1.549292129809 
1.546471389851 
1.547662621089 
1.551460405297 
1.554596770936 
1.552711618054 
1.553233431849 
1.549152561230 
1.544605669273 
1.552337474611 
1.543503863210 
1.541285825489 
1.538918296074 
1.539689230691 
1.536968738582 
1.539899098892 
1.543326829291 
1.543451369416 
1.538979444060 
1.539235090429 
1.539799492928 
1.536791995628 
1.537803947358 
1.537179140029 
1.535174117175 
1.534867447777 
1.535614155437 
1.535137566342 
1.534694381797 
1.537286809020 
1.534901970865 
1.536414146461 
1.530529875623 
1.529086344024 
1.531518064355 
1.532897366671 
1.532189604249 
1.533774550642 
1.533894771990 
1.534608416731 
1.532145171820 
1.528411917412 
1.520470113092 
1.519632044790 
1.517560149735 
1.517283478275 
1.517353343593 
1.520061405510 
1.523857630537 
1.524429072462 
1.524220343774 
1.519700366976 
1.517795133867 
1.518749842909 
1.519108031050 
1.519791440994 
1.520600455471 
1.521258230330 
1.521005589041 
1.519226698115 
1.521791499221 
1.519708385305 
1.519938580617 
1.520830753602 
1.521756377826 
1.519242339234 
1.517657928677 
1.515771979581 
1.515540916347 
1.512735424044 
1.520170193766 
1.521409812815 
1.521889991137 
1.522291118458 
1.529893181119 
1.528214203176 
1.531320563717 
1.531221343768 
1.528552732660 
1.529419453468 
1.530417862265 
1.528246558004 
1.531064423332 
1.532248113043 
1.532694830557 
1.533860644707 
1.537007515466 
1.536817243602 
1.537075677207 
1.538138526096 
1.538061908288 
1.538506955601 
1.536814606285 
1.530033837681 
1.531603125555 
1.533740255962 
1.531715792341 
1.532581209908 
1.531280336655 
1.529116882193 
1.528282997436 
1.528783571143 
1.526419277807 
1.526026140595 
1.524353120025 
1.523798286501 
1.526917507761 
1.521825033916 
1.521424377038 
1.520408854155 
1.518070041180 
1.519346269446 
1.519356333596 
1.520988104974 
1.517240818569 
1.518652043632 
1.519533719242 
1.520636207609 
1.519848196899 
1.518434791597 
1.522650937247 
1.520518611711 
1.517518742747 
1.517190942346 
1.520637510362 
1.520274587725 
1.522376548354 
1.523167268267 
1.525475781779 
1.523909612533 
1.522528630929 
1.521497561531 
1.526178776234 
1.528493524944 
1.532360163863 
1.533997319846 
1.529895426577 
1.530279180768 
1.530484919221 
1.526926931608 
1.527369345935 
1.526334412240 
1.529407676548 
1.528294896182 
1.527316191278 
1.524081991049 
1.528292683621 
1.526290093647 
1.530868467181 
1.527761798094 
1.528704199557 
1.529677959441 
1.523610357284 
1.530604319188 
1.522017459835 
1.523811806802 
1.530737881506 
1.537022434732 
1.528816799649 
1.527908674295 
1.525429556318 
1.522995439801 
1.527567597526 
1.526708373289 
1.522701668626 
1.519103767389 
1.515655988447 
1.524890749668 
1.521884814712 
1.521355333556 
1.528801211640 
1.525346990989 
1.518568222612 
1.521157102422 
1.522140288834 
1.512550425615 
1.518520441167 
1.522606072568 
1.521889008593 
1.524003455278 
1.516859616985 
1.519592426227 
1.516465963771 
1.519998152932 
1.519370246028 
1.517283793534 
1.516323124415 
1.518808875418 
1.515354594728 
1.517836601271 
1.522422449201 
1.528091102027 
1.529552553116 
1.528228698990 
1.532856019034 
1.529075955222 
1.526043406943 
1.530313047663 
1.535400751811 
1.533289681255 
1.534538029859 
1.528233444231 
1.525014059353 
1.531490561960 
1.526236564434 
1.532554252784 
1.524310892301 
1.524976093644 
1.531954926577 
1.530859472679 
1.527799832462 
1.530427201499 
1.544959147119 
1.530048797949 
1.531985375690 
1.526649386534 
1.527454573947 
1.526981840025 
1.528061346444 
1.529857545279 
1.531057394770 
1.529687003812 
1.532800137253 
1.535678427441 
1.536861085888 
1.534468430258 
1.534701826792 
1.538247199035 
1.535009014426 
1.536445247513 
1.532551280415 
1.534925142858 
1.534327003182 
1.535801290945 
1.531752248093 
1.524774228863 
1.527150645856 
1.523628245110 
1.527488123926 
1.525946881851 
1.522403304811 
1.521913188589 
1.524597106804 
1.529898612048 
1.527373200666 
1.527276298041 
1.531534466187 
1.530643789970 
1.532772585883 
1.527436253163 
1.528886988662 
1.536104504502 
1.534456142905 
1.532532583889 
1.529207785350 
1.527737249814 
1.524918646653 
1.527276548030 
1.527090797120 
1.526598648413 
1.527480080944 
1.527704855206 
1.524015722804 
1.524110589974 
1.527025426358 
1.525586825763 
1.528569063929 
1.529460231715 
1.528612170339 
1.526855498908 
1.526595931640 
1.524527179378 
1.527848867565 
1.528671816094 
1.530690702191 
1.527865911401 
1.526935254800 
1.528473948910 
1.528320080400 
1.527184655458 
1.527551366312 
1.528010636625 
1.529433134537 
1.530306094124 
1.529949242847 
1.532667807155 
1.527090559646 
1.523301314528 
1.519128343543 
1.519660705060 
1.525541138574 
1.532666576305 
1.531505973827 
1.534152687204 
1.534594169900 
1.533708323177 
1.535983631928 
1.533124658866 
1.534538254663 
1.535930470114 
1.537429258166 
1.537202545849 
1.535548870067 
1.536614808053 
1.536970045559 
1.531279073241 
1.533136948578 
1.528010242203 
1.529498356213 
1.529034116545 
1.527955513801 
1.527569629451 
1.523575192154 
1.525450633027 
1.525931049697 
1.527240823381 
1.528934852470 
1.528536681304 
1.534800091627 
1.537009808357 
1.539943508036 
1.540133637353 
1.542328767774 
1.542605513042 
1.539829199602 
1.544401729030 
1.538533403688 
1.537562827822 
1.537656520167 
1.539652810393 
1.542687111927 
1.541450948328 
1.541262630284 
1.537922328743 
1.543926232297 
1.545750126619 
1.537352708212 
1.542948459929 
1.542806226694 
1.534699282983 
1.537059462431 
1.535163308062 
1.536744420928 
1.536775066746 
1.536623596830 
1.536185406186 
1.545004979377 
1.538512723201 
1.540611723933 
1.538533290492 
1.534743363021 
1.536626244999 
1.532689342565 
1.531781450864 
1.531334922156 
1.530960506531 
1.531528536693 
1.531616512477 
1.531171015580 
1.531174284441 
1.528986696862 
1.527071047974 
1.527548130539 
1.527197120474 
1.527477021431 
1.525453083968 
1.524490965084 
1.523116314581 
1.522371665947 
1.526355526346 
1.522787518043 
1.523205149977 
1.522461687070 
1.517179340761 
1.521185258326 
1.521765547584 
1.523267121890 
1.522646810231 
1.524245531075 
1.525547119637 
1.525300443490 
1.525273269412 
1.525428021818 
1.524487118207 
1.525562634036 
1.525529330268 
1.522181251906 
1.522277149012 
1.521735614032 
1.527334672119 
1.527004015141 
1.527298570355 
1.530152335280 
1.533446000114 
1.522294925837 
1.513570472084 
1.517844487314 
1.518282868962 
1.516488727459 
1.517984623865 
1.517882089209 
1.518389177583 
1.516514170962 
1.519188043501 
1.522703119443 
1.522423257307 
1.522692656988 
1.525881546235 
1.525405615711 
1.523119707823 
1.526605645559 
1.524350638970 
1.522384946868 
1.522066535974 
1.525672274411 
1.520641544081 
1.520430936590 
1.517762399475 
1.519755968278 
1.519463332470 
1.519657555364 
1.519520712762 
1.513697187764 
1.513609423529 
1.514734758165 
1.519531642447 
1.517079645360 
1.512969405023 
1.512539246476 
1.516417040274 
1.515185344091 
1.513339698614 
1.516057793035 
1.518759898774 
1.515601453921 
1.521805534292 
1.522002102791 
1.518562640267 
1.518864342810 
1.518503085596 
1.515987549554 
1.515957043802 
1.516677685327 
1.518658358792 
1.515394988061 
1.515630240161 
1.516619886669 
1.514542300496 
1.509516984488 
1.514635766264 
1.515308380360 
1.513069982437 
1.512509157587 
1.513420408958 
1.513963692781 
1.520240688497 
1.514029537887 
1.518575128087 
1.517694045147 
1.519138758697 
1.518376502930 
1.513204801207 
1.514196398598 
1.514584371644 
1.513695512984 
1.511061323049 
1.513800510041 
1.515849293788 
1.517800538967 
1.518147348669 
1.520751534505 
1.517136525951 
1.519115874329 
1.519409447773 
1.513866167577 
1.513651030172 
1.517284693977 
1.516922559718 
1.514893185299 
1.513620077926 
1.514153051259 
1.515336957214 
1.519743194153 
1.518386229553 
1.518806775526 
1.518950448698 
1.513925485335 
1.511735922130 
1.513546890640 
1.516160483812 
1.517490134835 
1.516953415401 
1.526760341248 
1.524378417132 
1.526357095618 
1.526957644481 
1.525283967257 
1.523888426608 
1.524829723812 
1.524551503249 
1.520653816053 
1.518117087798 
1.517292775724 
1.516747278235 
1.522410553396 
1.518178781348 
1.517309594396 
1.516203389520 
1.517022387502 
1.520149462938 
1.514856411078 
1.514974828934 
1.513831931427 
1.513189733943 
1.520483996915 
1.516985399809 
1.519380373323 
1.519244726486 
1.517722235621 
1.516275112874 
1.521965745083 
1.521640062560 
1.521631459815 
1.521543800742 
1.515132592145 
1.519216944006 
1.519989822042 
1.522104525451 
1.523251752513 
1.524957645902 
1.526181767555 
1.520514151980 
1.520099094392 
1.521808300481 
1.519642987068 
1.517236032570 
1.517711158635 
1.518079054215 
1.519890635034 
1.522209232720 
1.526320820417 
1.523956934460 
1.523789716454 
1.527179349131 
1.527702235694 
1.528008704545 
1.523647210596 
1.525110737543 
1.533054550393 
1.537646457459 
1.542810547607 
1.538687641744 
1.541119266428 
1.542369154007 
1.533624694164 
1.532782373605 
1.531774110408 
1.531808720102 
1.534086237142 
1.531356722913 
1.534572061909 
1.533509958189 
1.533575065052 
1.529129076613 
1.528378699149 
1.528726539019 
1.526963616499 
1.529149365330 
1.525209316524 
1.529794321096 
1.530843381208 
1.528943341609 
1.531087237258 
1.537996688163 
1.530904680751 
1.530786812400 
1.530950515119 
1.533729468768 
1.533689805163 
1.532999971224 
1.531958513231 
1.536192827346 
1.539999790836 
1.538582765849 
1.539176095983 
1.542327450134 
1.546386670915 
1.540786519504 
1.543836440275 
1.541288254042 
1.530226740047 
1.520598457386 
1.521965558624 
1.517180906256 
1.515838520072 
1.515608502100 
1.513478736617 
1.510822642314 
1.508405646386 
1.502910887949 
1.509514490797 
1.518570217443 
1.518302411275 
1.523118628919 
1.527399527941 
1.522383490094 
1.522891115023 
1.526911446171 
1.527546215280 
1.527666443999 
1.528525239130 
1.534336466893 
1.537183520495 
1.535711912717 
1.536480873807 
1.532508439829 
1.533140338478 
1.531647650620 
1.534646820972 
1.531843459995 
1.533746195917 
1.533495481350 
1.531466944962 
1.532238124769 
1.536943272063 
1.538486979617 
1.543988193964 
1.540254176347 
1.536786176268 
1.536970872039 
1.534703364273 
1.533183258512 
1.528814200149 
1.529468890730 
1.532315014423 
1.531992428573 
1.534005781346 
1.533544640656 
1.534359946348 
1.531943290534 
1.536365001851 
1.535853337204 
1.533662759992 
1.532415764199 
1.536953715768 
1.535762658481 
1.538568099865 
1.533153557192 
1.534760314554 
1.534963902680 
1.536207584861 
1.534838202813 
1.533672543459 
1.532564762787 
1.531054338777 
1.529442580945 
1.532773975104 
1.533387418828 
1.533534440812 
1.532927326135 
1.535283973985 
1.534606588436 
1.537770091929 
1.536696212043 
1.534480893689 
1.534005599172 
1.537647563371 
1.537751199130 
1.536283230953 
1.538315695692 
1.538204683020 
1.538600732987 
1.540611242140 
1.533389344374 
1.534206354762 
1.538114942938 
1.532566839973 
1.533929955202 
1.533737514048 
1.533911466180 
1.531376552175 
1.535624439565 
1.533364453494 
1.533064520601 
1.531779506907 
1.529703459830 
1.530565248484 
1.525613100895 
1.525845273652 
1.526351454779 
1.527064132640 
1.526368126443 
1.525597929464 
1.524535806972 
1.526135337420 
1.526615114460 
1.528551657337 
1.529610787318 
1.530966909961 
1.531051314462 
1.530357442535 
1.528727379818 
1.529549949387 
1.532251188136 
1.532126552204 
1.528379886114 
1.531654070883 
1.529157763986 
1.531029339755 
1.530794981058 
1.530753853355 
1.534154575873 
1.533687035768 
1.537093778453 
1.537786784497 
1.536988797279 
1.532733983195 
1.533777555680 
1.527619076566 
1.537466058418 
1.539853106668 
1.541498074690 
1.547003205034 
1.546353159693 
1.538111523336 
1.537459677166 
1.538687107789 
1.540186204260 
1.541272189267 
1.540150064766 
1.538435043951 
1.534901103665 
1.535443704062 
1.547408899925 
1.539753272389 
1.533909299285 
1.530895781483 
1.532258284159 
1.529594006520 
1.530254567979 
1.528170072111 
1.529458642406 
1.529964552043 
1.525053312685 
1.528857049536 
1.527455320833 
1.524318249647 
1.525571363394 
1.531308435924 
1.532271114286 
1.530177881864 
1.531331993388 
1.529901428702 
1.532227160372 
1.533102154960 
1.531082711905 
1.531269075381 
1.530323057064 
1.528703033328 
1.527564163354 
1.526572236687 
1.528286342772 
1.527135213950 
1.525020891307 
1.525136309932 
1.524901245635 
1.522518202047 
1.521736746693 
1.521607103971 
1.524101679940 
1.524701863953 
1.523727720541 
1.524005408085 
1.523289977614 
1.524112552597 
1.524416585050 
1.524564547939 
1.525061337622 
1.529910806628 
1.529349190124 
1.530964880260 
1.528530704026 
1.527836283521 
1.527320162180 
1.527929050951 
1.527005166516 
1.524284723851 
1.524198310369 
1.523507437950 
1.522941124639 
1.522596136237 
1.520992303835 
1.520374430147 
1.519786795569 
1.521035625127 
1.520902651523 
1.520830782039 
1.520921060263 
1.521087496052 
1.522978325010 
1.523073714513 
1.522550795584 
1.522635013755 
1.522384522051 
1.522743743103 
1.522370296945 
1.522276416801 
1.522251014196 
1.520859703890 
1.520448910359 
1.520448910359 
1.520861601868 
1.519072213729 
1.518873576017 
1.519071226693 
1.519677942202 
1.519252882445 
1.518775666879 
1.518926530217 
1.520060379238 
1.521130701583 
1.519858297742 
1.520148127838 
1.521752213494 
1.519242619786 
1.519614862114 
1.517165265459 
1.520902658334 
1.516410213091 
1.515974310505 
1.515317411366 
1.514604144772 
1.508441644008 
1.512025137156 
1.512024662896 
1.512899994619 
1.507618551046 
1.507296477004 
1.503134151222 
1.503845308531 
1.505283170445 
1.508308139369 
1.507565181159 
1.503283159472 
1.503807174507 
1.503640925317 
1.501391826654 
1.501848529767 
1.502976806061 
1.506807478708 
1.503277449625 
1.508860434409 
1.510894663762 
1.507428218113 
1.512445389237 
1.504070966279 
1.509161767585 
1.504546401794 
1.512920909287 
1.509420332938 
1.507441163767 
1.516613894357 
1.514422092804 
1.511122218960 
1.507287739884 
1.517758919557 
1.517197016356 
1.511007651489 
1.509251032354 
1.509772811780 
1.515226527130 
1.514272758693 
1.517144085650 
1.517497768354 
1.508715847124 
1.514392344357 
1.518374159882 
1.515028038785 
1.514892730064 
1.513174229019 
1.517628556745 
1.509889650409 
1.510648362096 
1.512893969541 
1.511965804778 
1.511202833114 
1.509716334081 
1.523146672799 
1.522545692546 
1.524156308569 
1.523384592556 
1.523374047257 
1.523042938124 
1.522963985137 
1.521965158402 
1.519190217715 
1.516782487915 
1.513900257465 
1.514060260833 
1.516087406838 
1.521780271924 
1.517003592491 
1.515252857846 
1.516267446637 
1.514775681280 
1.517290644551 
1.523280077779 
1.523714715007 
1.530413021883 
1.532603506897 
1.532244751669 
1.529000767385 
1.525560384991 
1.524256249224 
1.530699961173 
1.531491151750 
1.529445771892 
1.527441841541 
1.530656136701 
1.525237565513 
1.523071347991 
1.527867626121 
1.527608791333 
1.520670235990 
1.519766962116 
1.525744850747 
1.529147075676 
1.530976662094 
1.533282984038 
1.534194388722 
1.532022984562 
1.530694761273 
1.523892427286 
1.531494430497 
1.532580433070 
1.531761624491 
1.525149969403 
1.529873499213 
1.530541454899 
1.525829879423 
1.522482845337 
1.522660521095 
1.535895727735 
1.537381211521 
1.536877322220 
1.538686382471 
1.534214776978 
1.543242991893 
1.539243414218 
1.536485408256 
1.535050955994 
1.540122178997 
1.529314913836 
1.533974517468 
1.532754087527 
1.530294931169 
1.522343159339 
1.524481582965 
1.515860584874 
1.512816057748 
1.512540222507 
1.512757004214 
1.515303387684 
1.519660648149 
1.523690375954 
1.528147179106 
1.530804336953 
1.532335227774 
1.533639909795 
1.534855884343 
1.536599302575 
1.531683287905 
1.531398956140 
1.545382002149 
1.518716886809 
1.516521840183 
1.521921457783 
1.528200685353 
1.529026397972 
1.535871987093 
1.537155191783 
1.528714779652 
1.529888454153 
1.529957060280 
1.528377600766 
1.529955822778 
1.528930733686 
1.529091887911 
1.531133010701 
1.526979570281 
1.527633790659 
1.525182217300 
1.518367545839 
1.527499173774 
1.527762132924 
1.524619646164 
1.520990435042 
1.521819495349 
1.523787020151 
1.520809333501 
1.503957963538 
1.516418749058 
1.513011543939 
1.520830482644 
1.522277588971 
1.517898080197 
1.522210715677 
1.529716224804 
1.532051879069 
1.526476762078 
1.526951650671 
1.529337703239 
1.532119865706 
1.533089733031 
1.531806288429 
1.534797969942 
1.537136636572 
1.529245299616 
1.530241026819 
1.531360742752 
1.536725176759 
1.537399157280 
1.534726497629 
1.536879143167 
1.538680112019 
1.533003888035 
1.536921548578 
1.537082119445 
1.529764119065 
1.529574331319 
1.530558330826 
1.531714744087 
1.528705876441 
1.531828642446 
1.536120128368 
1.529032518539 
1.529910681436 
1.530282548766 
1.533807269494 
1.530062796922 
1.526492775486 
1.527135422793 
1.530518960801 
1.533455938928 
1.531633913779 
1.527533781326 
1.529985377825 
1.525592380786 
1.521826262511 
1.526983724262 
1.528530891965 
1.525716398370 
1.538194206680 
1.537396510421 
1.535858653132 
1.528345739175 
1.527822103374 
1.522331492885 
1.525301370416 
1.528099814401 
1.526141549913 
1.526828890712 
1.522138490738 
1.526364436464 
1.530217283299 
1.525143835772 
1.524792934306 
1.511070039129 
1.513958612183 
1.521609666709 
1.521873601857 
1.520738290882 
1.522906353074 
1.524953765245 
1.523228710930 
1.524965205685 
1.524056501658 
1.517690856204 
1.526810370788 
1.530305618114 
1.521284592575 
1.514007794488 
1.528353332914 
1.522824853103 
1.529713386593 
1.532862629319 
1.540062142188 
1.538571940107 
1.526928365014 
1.529544406674 
1.526347672937 
1.525761690029 
1.526770327732 
1.528295531776 
1.530363754920 
1.526059999840 
1.528247211151 
1.529229061550 
1.525852644367 
1.527899928840 
1.530528767120 
1.514571834998 
1.520497218952 
1.525480796069 
1.525442614142 
1.524315614599 
1.527084019529 
1.528329019314 
1.527426829623 
1.527570567476 
1.527304199977 
1.527297027326 
1.525577849212 
1.525808153032 
1.526327374406 
1.526162170922 
1.521017902112 
1.520762912232 
1.520889012585 
1.513252135575 
1.514462917069 
1.525126347066 
1.524245492200 
1.530345481929 
1.530762239868 
1.528202698644 
1.528763912085 
1.529337752881 
1.533429929303 
1.528948796014 
1.527863619755 
1.528035089130 
1.530135793375 
1.529422836013 
1.525134896321 
1.524782005086 
1.525459138182 
1.523025877816 
1.525587261169 
1.527846537795 
1.528731948993 
1.532245807198 
1.529720322437 
1.533208313423 
1.536863967733 
1.532044162751 
1.532172800676 
1.532308580680 
1.529593765731 
1.529641480541 
1.531069906978 
1.533827265020 
1.530896547803 
1.530067975282 
1.531940065708 
1.527638390710 
1.527909017869 
1.527701328408 
1.528014761762 
1.526200518193 
1.526570578135 
1.526600202626 
1.526055303452 
1.524742940196 
1.520741113252 
1.518106993455 
1.516359240518 
1.519862056305 
1.520717204682 
1.520378588886 
1.521895871486 
1.522753377064 
1.525618007802 
1.524951184301 
1.526340953635 
1.523796041457 
1.524175254274 
1.524058137498 
1.525572144012 
1.524556504977 
1.524812073395 
1.523734502639 
1.523927675897 
1.523607535037 
1.523313243086 
1.526885973529 
1.527332661976 
1.527738466391 
1.527203147130 
1.528214839590 
1.527993439484 
1.527128303009 
1.523863629376 
1.536108694396 
1.540457414976 
1.534386040088 
1.533627781403 
1.534681793442 
1.534764696785 
1.534413673646 
1.530874403730 
1.530689309334 
1.530299536200 
1.528950354729 
1.528851640478 
1.525419260053 
1.528957940419 
1.528794196063 
1.529525547666 
1.528744732609 
1.528791822748 
1.527621603085 
1.527662749997 
1.527641105973 
1.527781417373 
1.528052376617 
1.533548627205 
1.529425493559 
1.528238573819 
1.530962769135 
1.535851341119 
1.530894071364 
1.533277190812 
1.527481240863 
1.532329768313 
1.531255841990 
1.534621521148 
1.533828247289 
1.532703527322 
1.535779432050 
1.537252603817 
1.537937200458 
1.539224745179 
1.535376550614 
1.535716057949 
1.535816159409 
1.535351829420 
1.534217772761 
1.533134929540 
1.530849956798 
1.533424455039 
1.530539403466 
1.532450453638 
1.526368575665 
1.527889893069 
1.525105067825 
1.523971738132 
1.528634276698 
1.529347835993 
1.524155479671 
1.520710114216 
1.523222620429 
1.522653310513 
1.522657966106 
1.523404030390 
1.522333744531 
1.522593493135 
1.522824910216 
1.522647364123 
1.523032461824 
1.523316494702 
1.523512496457 
1.525429737332 
1.524836611540 
1.531642476682 
1.530467671673 
1.530617978068 
1.529219839747 
1.526937164711 
1.526428421019 
1.528242613193 
1.526612484332 
1.526754041850 
1.526734464956 
1.526889551892 
1.525507335768 
1.526049586837 
1.526384676938 
1.526172568290 
1.525278259548 
1.525781550741 
1.526644539461 
1.525973076934 
1.525804683396 
1.525714526649 
1.521607570442 
1.520428896463 
1.520927630136 
1.525573968057 
1.522450174178 
1.511344512480 
1.520393925041 
1.522995116914 
1.527444297837 
1.520647583278 
1.512675100481 
1.521741607648 
1.522677007267 
1.528269091034 
1.524275813670 
1.521381885051 
1.522856854174 
1.524713221008 
1.524470246859 
1.519264298725 
1.515794778787 
1.517963773429 
1.518046310514 
1.520630774729 
1.521040819860 
1.519540936643 
1.522645372088 
1.524017962570 
1.523686583638 
1.523085251941 
1.516721533006 
1.522439263142 
1.518744972525 
1.517452917412 
1.524066954163 
1.531138952516 
1.533647969189 
1.530838038623 
1.538680755131 
1.540942944693 
1.534091100690 
1.534749631224 
1.535462458570 
1.530288661821 
1.535791106799 
1.534879263572 
1.532524979346 
1.524275749379 
1.526067397875 
1.536580837897 
1.535493253635 
1.532973934069 
1.526056580832 
1.525741379260 
1.526438216756 
1.526044094217 
1.530338714436 
1.530247346868 
1.530625855569 
1.530117123614 
1.530861058686 
1.540270344082 
1.538442261186 
1.536611422034 
1.536849190591 
1.537598467050 
1.537260905969 
1.533116430954 
1.536311717962 
1.540256295649 
1.536507378287 
1.533296066436 
1.532425305946 
1.533099345278 
1.532407203858 
1.532584279416 
1.529711712908 
1.528680436605 
1.528016433399 
1.530899273143 
1.529277064511 
1.529036287165 
1.528430605755 
1.527473263811 
1.526247716569 
1.525845989965 
1.524353625368 
1.524020012341 
1.528210688106 
1.527463562501 
1.530686119636 
1.532974444978 
1.534116930358 
1.534171926197 
1.533907289927 
1.536072816090 
1.532659592205 
1.531119808191 
1.536036528014 
1.535335822440 
1.530463601713 
1.531540114806 
1.532853980751 
1.536623260266 
1.538041897011 
1.541741515854 
1.539903567448 
1.534966587495 
1.532302499569 
1.533521249546 
1.526760467716 
1.528121020211 
1.528135119879 
1.524595387515 
1.525410786113 
1.524528140414 
1.536244861861 
1.534552851123 
1.529330971889 
1.529159082914 
1.528813657791 
1.530711387838 
1.533268980948 
1.536323448047 
1.531733034746 
1.523510339522 
1.524925363024 
1.525449480868 
1.525379855211 
1.523555714536 
1.523610857629 
1.519334246430 
1.515443000334 
1.519709169721 
1.519955955139 
1.520604363344 
1.519138417864 
1.519451936849 
1.524238854138 
1.521642743938 
1.524757022751 
1.521085425480 
1.522532599812 
1.522082205011 
1.521376984349 
1.519604197027 
1.520612359509 
1.519909582945 
1.524059511613 
1.524624254548 
1.523139607213 
1.522552224011 
1.522341939995 
1.521990656368 
1.523524741018 
1.523607249516 
1.522867728361 
1.523355688069 
1.524287203654 
1.524768196777 
1.524688818374 
1.524664789013 
1.524472041481 
1.524865119564 
1.524842542123 
1.524886808183 
1.522820321078 
1.521873637049 
1.521052508262 
1.521041280341 
1.517879262346 
1.518711717105 
1.519701538502 
1.520123692576 
1.521032728155 
1.521542986171 
1.523369393147 
1.527909956325 
1.527423942650 
1.527239177061 
1.526676923800 
1.526612321473 
1.529178510984 
1.528053263698 
1.526980172916 
1.527694443437 
1.528696228692 
1.528157495046 
1.528044136670 
1.529704790104 
1.527340666504 
1.524640254631 
1.520154938333 
1.508107187787 
1.515092434694 
1.513720381692 
1.511693733730 
1.519135362898 
1.522824623186 
1.525936368044 
1.525282494433 
1.524099184556 
1.523363038397 
1.524406841846 
1.523486093013 
1.521980859955 
1.516471056657 
1.515774628159 
1.519584355732 
1.522642472987 
1.522094796539 
1.519867568044 
1.522617048061 
1.522154898547 
1.522080712713 
1.521074346963 
1.522070574502 
1.523192766544 
1.516593067102 
1.522604603075 
1.528236545888 
1.529372412192 
1.534786855514 
1.533963801758 
1.536986266779 
1.532387640708 
1.532984079837 
1.534764456076 
1.534575342082 
1.523520656842 
1.522275796257 
1.527577299453 
1.525517889067 
1.528682581073 
1.527163081890 
1.523338895332 
1.520277469291 
1.523692754530 
1.524453152097 
1.521512280070 
1.525126316530 
1.522114204551 
1.523159524804 
1.523498682110 
1.526544359288 
1.528649981121 
1.529687213405 
1.530129065508 
1.528347130852 
1.527483806118 
1.530385087704 
1.531374113633 
1.533968775841 
1.531621247959 
1.536950977801 
1.537977918363 
1.532188080410 
1.531371258596 
1.531289561389 
1.531811376271 
1.531265216347 
1.530334249972 
1.530218984377 
1.531963800121 
1.534307788059 
1.532030399541 
1.530654779018 
1.534211046005 
1.533943377142 
1.533087992286 
1.529418584446 
1.530708248765 
1.528824334035 
1.530624571308 
1.527557658724 
1.528952516408 
1.526930958127 
1.529099500816 
1.530172748851 
1.528365320726 
1.529143892889 
1.529382900114 
1.526497869949 
1.523522856955 
1.525750961997 
1.528213353689 
1.532365835519 
1.528491468323 
1.539267539130 
1.539178025793 
1.536790025274 
1.538193876453 
1.534998329811 
1.534606135483 
1.532439758925 
1.533371739254 
1.533470556762 
1.532338890176 
1.532735184034 
1.531279128111 
1.533341270441 
1.528260689911 
1.532558520538 
1.530167820401 
1.532662074166 
1.533428029345 
1.530164748570 
1.531499167054 
1.528700300458 
1.518724140731 
1.516665028753 
1.517544760185 
1.517604645868 
1.518413788331 
1.520127154168 
1.523754095538 
1.521515001250 
1.524423583075 
1.526328230997 
1.526983417847 
1.531507479403 
1.538277287564 
1.531534097121 
1.535119929643 
1.533117677330 
1.530039790615 
1.532044516867 
1.533428699036 
1.533048298285 
1.536478852833 
1.532491353151 
1.533596829966 
1.533952681028 
1.533749862145 
1.540257088519 
1.535058430393 
1.544528225175 
1.538055937612 
1.541148407827 
1.537458548690 
1.538359178726 
1.534972072376 
1.525866991514 
1.526234644293 
1.523764651991 
1.522153000661 
1.521366393296 
1.518902847796 
1.522163656290 
1.524093359755 
1.528615113433 
1.531408311171 
1.519694234810 
1.519159055661 
1.521797071185 
1.527731451323 
1.530971615270 
1.530214257636 
1.530544633427 
1.529853423932 
1.527014937097 
1.530455741194 
1.531169589877 
1.530977368633 
1.530622926648 
1.530214508979 
1.528394662174 
1.529153272915 
1.531178682198 
1.531133293324 
1.530393255033 
1.532814138931 
1.531810429700 
1.529586498172 
1.529618827004 
1.529352944625 
1.517617283455 
1.513528606433 
1.521247737544 
1.527209084623 
1.526516221150 
1.526700247411 
1.527337742448 
1.519039134903 
1.516007689424 
1.518568713531 
1.522398970330 
1.519470221381 
1.518880311938 
1.520660756051 
1.512372831807 
1.513318535292 
1.520778982034 
1.522086720505 
1.521497215390 
1.520254836629 
1.536337709940 
1.536608441683 
1.530683168243 
1.543141776417 
1.543313803425 
1.532859919497 
1.532445523192 
1.531237608603 
1.529590912854 
1.532315752320 
1.524588995921 
1.528003870681 
1.527161331633 
1.528548267268 
1.531562788344 
1.529414272439 
1.530231559095 
1.528160759912 
1.531150556766 
1.529370113987 
1.524977259895 
1.523530769472 
1.522899006782 
1.522635509676 
1.515608719097 
1.516720600019 
1.507689353297 
1.511949989220 
1.517197007620 
1.521529041043 
1.517131552976 
1.517437242691 
1.519725050242 
1.524207312429 
1.524484867615 
1.522888786598 
1.518973716554 
1.525778323796 
1.521412929074 
1.526812942315 
1.525637227207 
1.524546065885 
1.521891634031 
1.514306821573 
1.516329533114 
1.515183885259 
1.512267532892 
1.515142940625 
1.512098112403 
1.516019402415 
1.516328451003 
1.519047012571 
1.517753576637 
1.517882863224 
1.516870700265 
1.512703998699 
1.511617210301 
1.511142498354 
1.515393949397 
1.519332748259 
1.515276326172 
1.518466916558 
1.515233683797 
1.513024100323 
1.511860694857 
1.512853395916 
1.512881332912 
1.512215616340 
1.517763355424 
1.521291560927 
1.520339971326 
1.521944252896 
1.529374175271 
1.528888305528 
1.531709395423 
1.528862677385 
1.527545511833 
1.528738158703 
1.531693509058 
1.530691186106 
1.526631981999 
1.526543885386 
1.525545250455 
1.526794424080 
1.526173751785 
1.526351704862 
1.526838099157 
1.524740612471 
1.524874479203 
1.526523153044 
1.524186834317 
1.523936596374 
1.523337020289 
1.522512128489 
1.521236267067 
1.523702599527 
1.528264944101 
1.530604805210 
1.531719175158 
1.531607897144 
1.529309294818 
1.523328005715 
1.528055347072 
1.524989903980 
1.523691156816 
1.526588553014 
1.528093614759 
1.524165814262 
1.520433240160 
1.522962460038 
1.528443251215 
1.525746588566 
1.525237105316 
1.527373811792 
1.524723643615 
1.524946873778 
1.522287167993 
1.520322536322 
1.520580705613 
1.521073776299 
1.521574558386 
1.521943691452 
1.521556098729 
1.521906741224 
1.522267793731 
1.522408444373 
1.523026888003 
1.525477490725 
1.526307804727 
1.527981906848 
1.527260060348 
1.528096317131 
1.527036929671 
1.522962924070 
1.524967491577 
1.524397608154 
1.524434671088 
1.524544013886 
1.522341176901 
1.520520922817 
1.519967198832 
1.515701787896 
1.513711052011 
1.514966654873 
1.513442700480 
1.513180919011 
1.515240536892 
1.523942458583 
1.522074018683 
1.523403664313 
1.524032210627 
1.522227610785 
1.521674334977 
1.521489399495 
1.521402155728 
1.521227763801 
1.522178348773 
1.519424499349 
1.518297849600 
1.520875209160 
1.529911016969 
1.528041195996 
1.527861549427 
1.523427057330 
1.521877487147 
1.521611739943 
1.519230430789 
1.524930145277 
1.523186725712 
1.525210957805 
1.524989158693 
1.525949760708 
1.526252295494 
1.525533177060 
1.527413742104 
1.527183270946 
1.524796059953 
1.524805935805 
1.529309556238 
1.527316459251 
1.533590152897 
1.533091817263 
1.533539362829 
1.532291996819 
1.532551979026 
1.531382355402 
1.533830710849 
1.534924637928 
1.535854775587 
1.534470490173 
1.536034902502 
1.535319847566 
1.532312008270 
1.528948373438 
1.529112559370 
1.526515220897 
1.527267713093 
1.521147784545 
1.521842743715 
1.520401248893 
1.521544411861 
1.527256881549 
1.527255276376 
1.527708440638 
1.529722697324 
1.529532501038 
1.529626400115 
1.530263292774 
1.530959271007 
1.528815163131 
1.527467940120 
1.527500600567 
1.528031564318 
1.528909598336 
1.528645483376 
1.530957573662 
1.531607858284 
1.532538414247 
1.530934027406 
1.529426171307 
1.529192215571 
1.531927263294 
1.531513279295 
1.530196605658 
1.529443801366 
1.531013585405 
1.531046014266 
1.531313989231 
1.532847960984 
1.531879876619 
1.531358911766 
1.531748042685 
1.529540917406 
1.529384145824 
1.530970972919 
1.529063380058 
1.529732284062 
1.530339611125 
1.527904618721 
1.529879045686 
1.525029410815 
1.523496980302 
1.524524266845 
1.522879939539 
1.522685272632 
1.526054463175 
1.526822272785 
1.526760932323 
1.531880092430 
1.531835894961 
1.528316692140 
1.527865831199 
1.532051214248 
1.527311764061 
1.531458476586 
1.531955833796 
1.542071290081 
1.536398680308 
1.535603868941 
1.539064595914 
1.536230904859 
1.534254133444 
1.534396103988 
1.530615653274 
1.532620608133 
1.532870950539 
1.532035390886 
1.532191203234 
1.534103409818 
1.534843634478 
1.537775091810 
1.538354618491 
1.544354850804 
1.537617484476 
1.536614214071 
1.538756645629 
1.536636731484 
1.538738561457 
1.537811030758 
1.538574190888 
1.533459186115 
1.537669743036 
1.535584861783 
1.536208436083 
1.536381534928 
1.540718446741 
1.540808220849 
1.540178542791 
1.544005545056 
1.543504858544 
1.540477900181 
1.536123800449 
1.537842079538 
1.537530065715 
1.536463406778 
1.535516403206 
1.536502142211 
1.536675047958 
1.535304051368 
1.535212893326 
1.534119229954 
1.535671196412 
1.534747226469 
1.534683419618 
1.533295589773 
1.530335762399 
1.529205183631 
1.532642921457 
1.531665988834 
1.534819253341 
1.534795918956 
1.534043477849 
1.534586417055 
1.532982594558 
1.530405940211 
1.528575339175 
1.528974596935 
1.528196278567 
1.530267645342 
1.530973338478 
1.531046964501 
1.531212169010 
1.530349650749 
1.531217511697 
1.532250699575 
1.532281567217 
1.531617618836 
1.531830345976 
1.531835395196 
1.531563830386 
1.532189525824 
1.530143577612 
1.529366038438 
1.534282788371 
1.529998094647 
1.534295724297 
1.534531748433 
1.526822670395 
1.530258765804 
1.532435691277 
1.538570444670 
1.534056239099 
1.533749267080 
1.533298663198 
1.533220103937 
1.531203631681 
1.529661157376 
1.529558567314 
1.527789166164 
1.528851612886 
1.528088327475 
1.526851630241 
1.525529336241 
1.525211914976 
1.524430894034 
1.526241354812 
1.527129665396 
1.528286540589 
1.531050828294 
1.530713597963 
1.530312126084 
1.530704731376 
1.531660667726 
1.533131233682 
1.530428174164 
1.530893651121 
1.530252048892 
1.516557116084 
1.512645690958 
1.520990782195 
1.521962759121 
1.521731407395 
1.520975160230 
1.533340737493 
1.532568030502 
1.524045834285 
1.523476490316 
1.524720559295 
1.524244236412 
1.526061618971 
1.526902516245 
1.522973821450 
1.524387873875 
1.529057167668 
1.529569670746 
1.529147012682 
1.536545374669 
1.531948395743 
1.525445725132 
1.524982677812 
1.529655458289 
1.529385566801 
1.527231583172 
1.538710562922 
1.536489984659 
1.534768999506 
1.534804503880 
1.535519423409 
1.533155337681 
1.537643228667 
1.537140250666 
1.533073578237 
1.538935345920 
1.538522297651 
1.534084899862 
1.535592238064 
1.535769637461 
1.535961848101 
1.540474004969 
1.538909290891 
1.536013739119 
1.532431543648 
1.529773528419 
1.526452612860 
1.525951427053 
1.527312255182 
1.528419721045 
1.530682854351 
1.533315735636 
1.533060665916 
1.536638575182 
1.539572007030 
1.537699441367 
1.538639486426 
1.534550477930 
1.534772180867 
1.535415941259 
1.530821912367 
1.531552929496 
1.530977967270 
1.529455966101 
1.529498828000 
1.529323636063 
1.528898461123 
1.531399011612 
1.531538189068 
1.528383737773 
1.528329429455 
1.530312093744 
1.530215425843 
1.531726173041 
1.533665478216 
1.532491421232 
1.531940916126 
1.531242591594 
1.528734766727 
1.530115906705 
1.532427974720 
1.531782105986 
1.527712993591 
1.525493295452 
1.528847393859 
1.529562896668 
1.521280714933 
1.521612963298 
1.518666891781 
1.515063578160 
1.515437346643 
1.524454020507 
1.524184280697 
1.523756187660 
1.522780471615 
1.523136531265 
1.522700521007 
1.522886542271 
1.523316143737 
1.528138110812 
1.528559622082 
1.529105645609 
1.529230708799 
1.527031114588 
1.527527951096 
1.528877575522 
1.528146061227 
1.529649069928 
1.529527936224 
1.528895422624 
1.529616200668 
1.531170217730 
1.530796177895 
1.530477713986 
1.532747523033 
1.535730271791 
1.540908730729 
1.539997646485 
1.538917623661 
1.540616985955 
1.546221895617 
1.542346199389 
1.548231443416 
1.545640907179 
1.544759442000 
1.545394650755 
1.541277822128 
1.540942526025 
1.541358297551 
1.543252176369 
1.538225639144 
1.536661645598 
1.535796603311 
1.537224387257 
1.537983902431 
1.535573994226 
1.534903321356 
1.534241569367 
1.532421360473 
1.533161372375 
1.533974085990 
1.533880516041 
1.534588369635 
1.535899407572 
1.533494571126 
1.536459630451 
1.533446980262 
1.530808812971 
1.532618163953 
1.527799143125 
1.527897264568 
1.532433455368 
1.532940824387 
1.531311630784 
1.531601602610 
1.532426222095 
1.534922413934 
1.534287599250 
1.533616721440 
1.536611776495 
1.533479670237 
1.535264925391 
1.534891850826 
1.535399051259 
1.532665991255 
1.530363782727 
1.530516226436 
1.534076532264 
1.532656908410 
1.535806858856 
1.538095909904 
1.538147389131 
1.536054668424 
1.535796779476 
1.531655147185 
1.529994925632 
1.526891056095 
1.520320355513 
1.520646716497 
1.516509253869 
1.515911844091 
1.516155469560 
1.516993517148 
1.521377964322 
1.520433927736 
1.519802235004 
1.522019987984 
1.524839131359 
1.525790042462 
1.524397743072 
1.523870226233 
1.526906878211 
1.531173248019 
1.530547995713 
1.529465891886 
1.531151085095 
1.529934284550 
1.535381748493 
1.532041112010 
1.528287477744 
1.525465862019 
1.526205397771 
1.525196148336 
1.525753580321 
1.521333301996 
1.524099900202 
1.525358741492 
1.524035101599 
1.525222201586 
1.527991611710 
1.529849207660 
1.532693167007 
1.533960735112 
1.529649669518 
1.530710583062 
1.530233860375 
1.532953010912 
1.535100050593 
1.532211678354 
1.531022349568 
1.533587558184 
1.529674065900 
1.528715467648 
1.527572144973 
1.529060212267 
1.526082550916 
1.525358725043 
1.525169938699 
1.526325915816 
1.526441967292 
1.529836081371 
1.530468970779 
1.531254536178 
1.539723130275 
1.532820439428 
1.532608994593 
1.534270025598 
1.533641069248 
1.533961912193 
1.532606513519 
1.532761813312 
1.531097336357 
1.529560963687 
1.531359300911 
1.528519240139 
1.524393916814 
1.521629225591 
1.527158812357 
1.527703470070 
1.530753036767 
1.530474345158 
1.532545219274 
1.530363860477 
1.529462655918 
1.530288687764 
1.531354365749 
1.529729006650 
1.530940576684 
1.532670258591 
1.533038735810 
1.533176111947 
1.536582318877 
1.531946061465 
1.529379731619 
1.531064149164 
1.530690007662 
1.528784741957 
1.530100569299 
1.531930917176 
1.531440837203 
1.531493106244 
1.529280213259 
1.529083860232 
1.526805469173 
1.528843966964 
1.531396635851 
1.534047375490 
1.536119186765 
1.536354248990 
1.538699638808 
1.538568550492 
1.534556467180 
1.534651859764 
1.534652408971 
1.535443379922 
1.532900924457 
1.529416606925 
1.529009994795 
1.529120374401 
1.529338178959 
1.527460836450 
1.529221109039 
1.524319036839 
1.523920904730 
1.529281190629 
1.529769798374 
1.528092244429 
1.529160745617 
1.528885641431 
1.529528696712 
1.529136774178 
1.527974528897 
1.528685523466 
1.528114187049 
1.523492349545 
1.524659755437 
1.524976728907 
1.525026125816 
1.525456734514 
1.528632492134 
1.527036492197 
1.526369034132 
1.524262237834 
1.520932946722 
1.522245875520 
1.524613493589 
1.523906644623 
1.527777434480 
1.527601244813 
1.524698401721 
1.522594957668 
1.527125233772 
1.528956917389 
1.529479339243 
1.531477174539 
1.529294470862 
1.529792370937 
1.529671972066 
1.530655371452 
1.529617427168 
1.531294325909 
1.530911407929 
1.530576181207 
1.533964060028 
1.531625112197 
1.531754527721 
1.542748402809 
1.540324314586 
1.536837391139 
1.536902946230 
1.540660721205 
1.539863049900 
1.541860786750 
1.538848043009 
1.541813702705 
1.534526112762 
1.538643945436 
1.536459002753 
1.534582685929 
1.534675006805 
1.535210314791 
1.536311214597 
1.532086565217 
1.528301790818 
1.525641935262 
1.525771863438 
1.526334430008 
1.531010364037 
1.530924267196 
1.526090479251 
1.527101572116 
1.528316418299 
1.530582027604 
1.529919131022 
1.529794610643 
1.526237746340 
1.525308197163 
1.525757023909 
1.525846100349 
1.526404370842 
1.525873029381 
1.526587239313 
1.526839050719 
1.526269149971 
1.526347581770 
1.527777772958 
1.526369643304 
1.524725108350 
1.522792888631 
1.523341723144 
1.533365683213 
1.530703996113 
1.533566275159 
1.541155524737 
1.539850083698 
1.536149441637 
1.532910976697 
1.530113190482 
1.530560446843 
1.522158225700 
1.524450100695 
1.521060275332 
1.522058025301 
1.524376673235 
1.515745189695 
1.514636550558 
1.523718869461 
1.524230785446 
1.523404313001 
1.528843134504 
1.527408861031 
1.529741442400 
1.529746893178 
1.529637215786 
1.530183077560 
1.533153404430 
1.528085310183 
1.530802052713 
1.535269144307 
1.534016807606 
1.532315783438 
1.531167979747 
1.525934823101 
1.524873508641 
1.528009789006 
1.524745168458 
1.528383759050 
1.527738237123 
1.528581919919 
1.528639680174 
1.529277208141 
1.526518239540 
1.521865208911 
1.519722656691 
1.525893261509 
1.521022015957 
1.517105450817 
1.518777430520 
1.517960040786 
1.513187859866 
1.522304896601 
1.523551146739 
1.521493533763 
1.518672436205 
1.515964597391 
1.511673070099 
1.516017680249 
1.517225109703 
1.515542920262 
1.514856761331 
1.519409774814 
1.517595523248 
1.524165408155 
1.536530392909 
1.529524171672 
1.532962512293 
1.533912175007 
1.531544760810 
1.518537507030 
1.515801216341 
1.518148442470 
1.524443920770 
1.528773835405 
1.533451008322 
1.533050262934 
1.529044850442 
1.521218877361 
1.521047254778 
1.529589326566 
1.529402635371 
1.522336830696 
1.517163794649 
1.521080668461 
1.526143658738 
1.523194329633 
1.529825365554 
1.530199952134 
1.534512424963 
1.530705343749 
1.528514905858 
1.528829704742 
1.528787490092 
1.530806044628 
1.530188434711 
1.529335157207 
1.524104275460 
1.529763474052 
1.534064329623 
1.528626978688 
1.524707369355 
1.522412291063 
1.521409990260 
1.522530651330 
1.523239610256 
1.521568341146 
1.523935690962 
1.522690422931 
1.523380915870 
1.524814054949 
1.521298597208 
1.522609401694 
1.523131763868 
1.521759377184 
1.520125914017 
1.515624350960 
1.512898646690 
1.519949008093 
1.522810917230 
1.522629921506 
1.524737836228 
1.530239776812 
1.530030706095 
1.528317894554 
1.532110122340 
1.529377848790 
1.528425950752 
1.527431846350 
1.526565329461 
1.523116588067 
1.527367791773 
1.528670737765 
1.527509818583 
1.531856292122 
1.535498783385 
1.545723143602 
1.545871827926 
1.543709837266 
1.541495558633 
1.535047237914 
1.550285427871 
1.541993317132 
1.526030258288 
1.526813141087 
1.526842890856 
1.525653050301 
1.524914270725 
1.520862116146 
1.522674146421 
1.519501462864 
1.525342800833 
1.520402992412 
1.521627163752 
1.515283584758 
1.517353083285 
1.514692482185 
1.515040784458 
1.531090185261 
1.529146511247 
1.526665760999 
1.526909850414 
1.530325550319 
1.528046969820 
1.526476520307 
1.529393134298 
1.529043841163 
1.524581449943 
1.522117108544 
1.522480362852 
1.522378839091 
1.523894481440 
1.524036768841 
1.523091707759 
1.522842880246 
1.522250103978 
1.527135688910 
1.520252736813 
1.514767237510 
1.519772738282 
1.514984067358 
1.523185366163 
1.517248042585 
1.520666665522 
1.516532681405 
1.517101387080 
1.522306996676 
1.517008911082 
1.514697973577 
1.509256881176 
1.510021273300 
1.510302471222 
1.513400076520 
1.515643322013 
1.511979653942 
1.521582950211 
1.518882848092 
1.524287639495 
1.522873087460 
1.526658076115 
1.526386094228 
1.524903279080 
1.524862420518 
1.523240119463 
1.521754484114 
1.518089170301 
1.519336990258 
1.518905246586 
1.520391407910 
1.522696167943 
1.518968622967 
1.518094199531 
1.515954023188 
1.515665005968 
1.517938833447 
1.519941878932 
1.521622582894 
1.521437907552 
1.514431430645 
1.519907704338 
1.522966962276 
1.525391348724 
1.517223914427 
1.518816131037 
1.515451482430 
1.520360214217 
1.518167314194 
1.523105494420 
1.521289031062 
1.522131727480 
1.526445900176 
1.529273772661 
1.528663415285 
1.528680196775 
1.522857340594 
1.523285744439 
1.524056031527 
1.522264648296 
1.517594426794 
1.517260121734 
1.515286960419 
1.515672203879 
1.513483504607 
1.511179754598 
1.513807521374 
1.514187357833 
1.509937909592 
1.506850414121 
1.509915449704 
1.509764341811 
1.509030843078 
1.506685587181 
1.510192405388 
1.511507242828 
1.510656360631 
1.510720031218 
1.516772260313 
1.519264230523 
1.515811115692 
1.514921186773 
1.514064657449 
1.514984777600 
1.521060470599 
1.520938567447 
1.519268389989 
1.520174147818 
1.520238125596 
1.519958229556 
1.520206321302 
1.521318429693 
1.519170748264 
1.518375014200 
1.521575762156 
1.521338442649 
1.518618367987 
1.520203445337 
1.520203445337 
1.519912196544 
1.520992873416 
1.521534723333 
1.521296908554 
1.521347495378 
1.521538394126 
1.523377786049 
1.523401809597 
1.523511542673 
1.523203579594 
1.521604418088 
1.521367814443 
1.516573455740 
1.518624931777 
1.520696728821 
1.525276776977 
1.529053003452 
1.529464681997 
1.528600828249 
1.523781162810 
1.520604581223 
1.521810924960 
1.521852688515 
1.528615726494 
1.528559384774 
1.529476207496 
1.533734394922 
1.530427141992 
1.530272875532 
1.526412466399 
1.525396757394 
1.524776914701 
1.526090956654 
1.527758598859 
1.531219543991 
1.530301058232 
1.530510532120 
1.529388885711 
1.528910040438 
1.529278635832 
1.524552373634 
1.526378804068 
1.526264536295 
1.528457720038 
1.529069923834 
1.536251539959 
1.531717848752 
1.533156070094 
1.531952475175 
1.532910123714 
1.530411681146 
1.530277026703 
1.526763081396 
1.527901825434 
1.523730047879 
1.522353349240 
1.521355223318 
1.527003380749 
1.523511095720 
1.523948817936 
1.525149217669 
1.525148143881 
1.524918288500 
1.524239369817 
1.521652484072 
1.517981078073 
1.522133930760 
1.525801970076 
1.526599467966 
1.525051874884 
1.525320424152 
1.522038183559 
1.520569571081 
1.520828403941 
1.521999278037 
1.523276170550 
1.523757793503 
1.527267950122 
1.518932861507 
1.519048166001 
1.520609859921 
1.523729539224 
1.519604609148 
1.520484668548 
1.525875821135 
1.526676462244 
1.527330274771 
1.527812626794 
1.527104189374 
1.527408586293 
1.530177286789 
1.530349823703 
1.530605049162 
1.531338941603 
1.531146533488 
1.533848569062 
1.532884409574 
1.533047394585 
1.530013863866 
1.530245722983 
1.526846299105 
1.524705431802 
1.526276533301 
1.518519930028 
1.517736211800 
1.514237058000 
1.517916418355 
1.520083687090 
1.516987067295 
1.509230346392 
1.512182923368 
1.498609834411 
1.508239805470 
1.511276704259 
1.518629980002 
1.525571615379 
1.526134303567 
1.525942377568 
1.529075493365 
1.530238241001 
1.529253681378 
1.523862145153 
1.522561373802 
1.520062469843 
1.523778068299 
1.523674083310 
1.523493950947 
1.523233151800 
1.526880491317 
1.524497062408 
1.518674736168 
1.518898343204 
1.521557984464 
1.520126998586 
1.520144917190 
1.518717827395 
1.522843450545 
1.519552459298 
1.511139510244 
1.511606678984 
1.525553519875 
1.523135908518 
1.520161729234 
1.521867300478 
1.523448105346 
1.520336898281 
1.523141837744 
1.525088170316 
1.527152985106 
1.526131578673 
1.528473304665 
1.526277585595 
1.520733543782 
1.522644192983 
1.526103859762 
1.527268647232 
1.531241269055 
1.532954821615 
1.534345063853 
1.531976321989 
1.533734023120 
1.537755104606 
1.529470923855 
1.536819988346 
1.531887354002 
1.529136874379 
1.518715441152 
1.521325688673 
1.524712434712 
1.529400029598 
1.529270271194 
1.532461887732 
1.530692564752 
1.522822814623 
1.517745071934 
1.519991658231 
1.525473323845 
1.531669829338 
1.528784815736 
1.528018569972 
1.527743398126 
1.525247088342 
1.536366692000 
1.530763282570 
1.534501160717 
1.534713053406 
1.526966251885 
1.529723400603 
1.534103738590 
1.533684412052 
1.528704044225 
1.529598299845 
1.528246577361 
1.531107067702 
1.531484208156 
1.529715704017 
1.526238779263 
1.528646265987 
1.527448093183 
1.522140352437 
1.517163444656 
1.529637797881 
1.531106318187 
1.530480592423 
1.527305480749 
1.529545507770 
1.530242764961 
1.528664196033 
1.532088476058 
1.527042204598 
1.527716491266 
1.533339243257 
1.539286969154 
1.542293710741 
1.534357890567 
1.536399241129 
1.533006462267 
1.523346662713 
1.516973627181 
1.520074404598 
1.518225504652 
1.519521084125 
1.523061262444 
1.524217139187 
1.524979366220 
1.523278972055 
1.523840285842 
1.523176085918 
1.524292389176 
1.522882483759 
1.519913008328 
1.520739954587 
1.524659586114 
1.517949661262 
1.517080509166 
1.520253009290 
1.516670211710 
1.517400114688 
1.518665000214 
1.519199106652 
1.516284778498 
1.519269875483 
1.519311998501 
1.518126917029 
1.517488835925 
1.520830470060 
1.518394618968 
1.513785729913 
1.510692374140 
1.516020283651 
1.517908911800 
1.520588131744 
1.528611139273 
1.527792195858 
1.531404239332 
1.531287243033 
1.529271702610 
1.524774428662 
1.523181763501 
1.520462263392 
1.520583367187 
1.515954992748 
1.523908295404 
1.523181429683 
1.521256962164 
1.525274399142 
1.529766473664 
1.526520574398 
1.528393158425 
1.530955546401 
1.524511770393 
1.516724349357 
1.523417668336 
1.523421518276 
1.520451015307 
1.524468186649 
1.532384203216 
1.533891339601 
1.537608146329 
1.524441690491 
1.507833988708 
1.524150349544 
1.509620392788 
1.521223241967 
1.517235197711 
1.521383676444 
1.522393720605 
1.524086371050 
1.526797486090 
1.530161444080 
1.528629709559 
1.529175508335 
1.531550142930 
1.525126654962 
1.528302723948 
1.529992711981 
1.533249515359 
1.534173740214 
1.540148372282 
1.540299325780 
1.536888909078 
1.538360189934 
1.536390617421 
1.535829292499 
1.534720905718 
1.532532872518 
1.535205055053 
1.533506931653 
1.529378169154 
1.532600906293 
1.534750052581 
1.534891647812 
1.537338317319 
1.537064202010 
1.547439415275 
1.546640165133 
1.545212398984 
1.546538080030 
1.538652595238 
1.535473794758 
1.535148642254 
1.531448009603 
1.528013027358 
1.527038073316 
1.532109869049 
1.532563720760 
1.534235006596 
1.535114712349 
1.537900871737 
1.536559936701 
1.533836300947 
1.535246448964 
1.529877419046 
1.531078691338 
1.530132085040 
1.529322575057 
1.526031969359 
1.525108068349 
1.526912577557 
1.526374385358 
1.529577267423 
1.528934246093 
1.534469587404 
1.532244117609 
1.527220597744 
1.525711036178 
1.522866471138 
1.523203511148 
1.528544481457 
1.528998256185 
1.528622916718 
1.530738378675 
1.530809224386 
1.528510413448 
1.531105377632 
1.529547672878 
1.527522032560 
1.522997385501 
1.524379628967 
1.523169733134 
1.520166892847 
1.520834397853 
1.521040192317 
1.519305370915 
1.515827881349 
1.513618905188 
1.518948728212 
1.518295802699 
1.515291531234 
1.519739195615 
1.519884531547 
1.521247482263 
1.519161881035 
1.517426445749 
1.520019567017 
1.518142121234 
1.518693218982 
1.520955250160 
1.520824609465 
1.519319099178 
1.524601213758 
1.524511362137 
1.524538463894 
1.524192054649 
1.525236547008 
1.521974215200 
1.521087911884 
1.522098353354 
1.522938538615 
1.521171819691 
1.522577539107 
1.521413134324 
1.523411273997 
1.523767194306 
1.527475229821 
1.529831232684 
1.529276973003 
1.529344235578 
1.530720087846 
1.528051766723 
1.526892726750 
1.528122517665 
1.529770339002 
1.532412528223 
1.534744886025 
1.534504933181 
1.533002807407 
1.533281888369 
1.531949432172 
1.529487816833 
1.529169258760 
1.528186740741 
1.526989414953 
1.527739296339 
1.531044046316 
1.531086771353 
1.531065555081 
1.530934942330 
1.530794023436 
1.531207429328 
1.530593841715 
1.530807164061 
1.531993568734 
1.532319934771 
1.532874544751 
1.529765339254 
1.529304291526 
1.528595365675 
1.530691937047 
1.530330792888 
1.530170228766 
1.530811369343 
1.532212622935 
1.532542840300 
1.532162260772 
1.534222806872 
1.533643947437 
1.531376209846 
1.532317424671 
1.530327402162 
1.529496927314 
1.529654360588 
1.530559077572 
1.528849383014 
1.528453795964 
1.527702427247 
1.527451253723 
1.530790661945 
1.531867620223 
1.531454649176 
1.531070716922 
1.535390596767 
1.536035002794 
1.535857433854 
1.535505366967 
1.535900502848 
1.535323114358 
1.532812944579 
1.533631083571 
1.532771341186 
1.536177548973 
1.535553480378 
1.535373626567 
1.533184985745 
1.534533733811 
1.538945548147 
1.539207845163 
1.536905845423 
1.538238759269 
1.548447253829 
1.542650596075 
1.537032541371 
1.538941378359 
1.552393463626 
1.548737594728 
1.545630072215 
1.550930767051 
1.545329023005 
1.543987582446 
1.551327247927 
1.551153897320 
1.551701536292 
1.552897087336 
1.543898465770 
1.541658470345 
1.522528889536 
1.515999334257 
1.510738556789 
1.513113237311 
1.515174776835 
1.518745787940 
1.517749617150 
1.526244068697 
1.526470266698 
1.530106805093 
1.539312620820 
1.536369374765 
1.531045024608 
1.528743911702 
1.533715772308 
1.525127569866 
1.525538988010 
1.521333787462 
1.525437096226 
1.523174861460 
1.528753147568 
1.531740292461 
1.538297965480 
1.532713567575 
1.533413767044 
1.536529333251 
1.532779516944 
1.536206871060 
1.531009296775 
1.529702864848 
1.532544703212 
1.534471973208 
1.531136483520 
1.532310968791 
1.527601520855 
1.535497703549 
1.530728096185 
1.529627244278 
1.532513871568 
1.530506161045 
1.530653347821 
1.529399727401 
1.532680872542 
1.523682703351 
1.523401621646 
1.524063005682 
1.523056839227 
1.520509893004 
1.526286063516 
1.530403354324 
1.524042357197 
1.523907190306 
1.525773184599 
1.527032670381 
1.531274273753 
1.522400468703 
1.521787154849 
1.522466617461 
1.519181984237 
1.516065111580 
1.518689369157 
1.519841564852 
1.527743132465 
1.527647017259 
1.525665791379 
1.524760660130 
1.525729139469 
1.533972498727 
1.535596307253 
1.535398587403 
1.536449643363 
1.532028137892 
1.538809859039 
1.529270880384 
1.535330252069 
1.538849863060 
1.538714319458 
1.538887388921 
1.541027848205 
1.550450445327 
1.537527275867 
1.552540602571 
1.536629187025 
1.539742488217 
1.537936524327 
1.535339361627 
1.533835038348 
1.535361885926 
1.540243158083 
1.544387755591 
1.542796100309 
1.542194405011 
1.539301089542 
1.537862211916 
1.533407559147 
1.533873047043 
1.525793797001 
1.527568663810 
1.538108878588 
1.535812750775 
1.529061970540 
1.529898669283 
1.527371408156 
1.525135052932 
1.527787871816 
1.525714761559 
1.519457578770 
1.512774225431 
1.516198350718 
1.517939938044 
1.519798880316 
1.520020375902 
1.526271336092 
1.524362909700 
1.517566930185 
1.526038742164 
1.523050922432 
1.524616110477 
1.524686149023 
1.525857305647 
1.525691401295 
1.525605904341 
1.525139480004 
1.526750737619 
1.527261513559 
1.529792182834 
1.531235391914 
1.533003139051 
1.529726920953 
1.528280319663 
1.529292063698 
1.521873614017 
1.519043814451 
1.522315739213 
1.524430740436 
1.526467665320 
1.523107134672 
1.524448843135 
1.524245213424 
1.527251545414 
1.528121134279 
1.528707778116 
1.528151881510 
1.529174358680 
1.523708029555 
1.516842731584 
1.514626548961 
1.520398897746 
1.519463445134 
1.517536767929 
1.516540002766 
1.516987655942 
1.518371909555 
1.515055799374 
1.515974105116 
1.514278181531 
1.515160632374 
1.512631453380 
1.515697208832 
1.518263962597 
1.519958284258 
1.512859577931 
1.514549902993 
1.508481139283 
1.515041587656 
1.515036153648 
1.513748182733 
1.515935117299 
1.519770047368 
1.519928746951 
1.516991536893 
1.519123091350 
1.516232866958 
1.518882743066 
1.517998222633 
1.519418621715 
1.530941158733 
1.529869326084 
1.528212904107 
1.527909157418 
1.531691644206 
1.526217944431 
1.525399599435 
1.526148222122 
1.523343485127 
1.520749569866 
1.519441124111 
1.514972001961 
1.516897627823 
1.517018202809 
1.517078294024 
1.516391928303 
1.512271339984 
1.514300157776 
1.518624046204 
1.520536302789 
1.521077550699 
1.516325131645 
1.516671512468 
1.525746628723 
1.525348358399 
1.529915922415 
1.529583581610 
1.528468392027 
1.528481649172 
1.521755028892 
1.518903455933 
1.520079657150 
1.520613292411 
1.520077922338 
1.522773068532 
1.516798784882 
1.522372624001 
1.514500981778 
1.520649401108 
1.529142839768 
1.533820448027 
1.535825227676 
1.532502355333 
1.533805069235 
1.533374947448 
1.529213727417 
1.534073851495 
1.536237087388 
1.532762986553 
1.527672912762 
1.528706790800 
1.531076456896 
1.528979346785 
1.530818958393 
1.532175657882 
1.528918920554 
1.531993284419 
1.532325309496 
1.531541635285 
1.527001368289 
1.525467743995 
1.528162637978 
1.525280356032 
1.526596409178 
1.527737657128 
1.526269381468 
1.526079974544 
1.525209377145 
1.524392117717 
1.528829849739 
1.533618955636 
1.533984755960 
1.530506617871 
1.528021738238 
1.525912867829 
1.525912867829 
1.526520152510 
1.526592495277 
1.529665666250 
1.528810973061 
1.528239214469 
1.527701245356 
1.530920943435 
1.535699262915 
1.539054231894 
1.533826287811 
1.530509094314 
1.538008052193 
1.539465606203 
1.539892679599 
1.535329319589 
1.533697765476 
1.533295557008 
1.533858866652 
1.529867327099 
1.540955063966 
1.535179583487 
1.536172520836 
1.534645373205 
1.534786709687 
1.536231484288 
1.533997269984 
1.533639468305 
1.536455047026 
1.532552595135 
1.531506684107 
1.532177496217 
1.530490307806 
1.528958022252 
1.528844884475 
1.529146260401 
1.528429245491 
1.528600810822 
1.528682771652 
1.532545466078 
1.532607057590 
1.529006741993 
1.529006741993 
1.528205005728 
1.531239746922 
1.531356627010 
1.533517767641 
1.526666811905 
1.528108157710 
1.533580075679 
1.532118823453 
1.528708722344 
1.529013792248 
1.525428036361 
1.528230811852 
1.525090035026 
1.519729389484 
1.523120572809 
1.522502475987 
1.518675816985 
1.519925373403 
1.519575262932 
1.516332210989 
1.515993035632 
1.517055000063 
1.517311848876 
1.517329024546 
1.517196459260 
1.516828626642 
1.517339159517 
1.514181632030 
1.514819227650 
1.518702631264 
1.518117850301 
1.510651665472 
1.516306438676 
1.515876744861 
1.515528278943 
1.514262754223 
1.513545760178 
1.516222237175 
1.515068399515 
1.515149179522 
1.516549048555 
1.515969897754 
1.519073616347 
1.528951314079 
1.526041725811 
1.522711278846 
1.520814355501 
1.521266889367 
1.522016680656 
1.521137960662 
1.522641609113 
1.520089281976 
1.519218486556 
1.519234628390 
1.513599482293 
1.513132091700 
1.514623694408 
1.516629745810 
1.517749610395 
1.518555528535 
1.519238373413 
1.518874765710 
1.519287824237 
1.519827526803 
1.522140794446 
1.521839325708 
1.521777296236 
1.524831128686 
1.523204008445 
1.525635111502 
1.525995049917 
1.526488282349 
1.523094703667 
1.523980749906 
1.523589427979 
1.522317146323 
1.525056452157 
1.527108610449 
1.527620806629 
1.524052057163 
1.524479693062 
1.522837129896 
1.522284209205 
1.520245088179 
1.520241509720 
1.520292321940 
1.517132635627 
1.522649287339 
1.522234974895 
1.522081220807 
1.520770729983 
1.523420480486 
1.531638334717 
1.538062511398 
1.528670743333 
1.534818495947 
1.532526851587 
1.528761808799 
1.536601808533 
1.532031530602 
1.531736134519 
1.528779442925 
1.525533313359 
1.520288262743 
1.532049641601 
1.533157174348 
1.532181365591 
1.530467449450 
1.529955986360 
1.530460433712 
1.530775719006 
1.527776326302 
1.527322176208 
1.526511872137 
1.528593849141 
1.530181477501 
1.523197906210 
1.523699241665 
1.522993123201 
1.524373694147 
1.525119400972 
1.524102966823 
1.517610909251 
1.520230368623 
1.518845667463 
1.520071731954 
1.526202452503 
1.524042972899 
1.517489767852 
1.518457363373 
1.517473655760 
1.521757230167 
1.523521078379 
1.521759447747 
1.523708057618 
1.525564294971 
1.515883681566 
1.515038415377 
1.520408478250 
1.519866067964 
1.519971714570 
1.520506836529 
1.528080722640 
1.526509195856 
1.529210513692 
1.528917079090 
1.530643324240 
1.530776130389 
1.530932764907 
1.529280318047 
1.531917043905 
1.533166522828 
1.533303558881 
1.533776315668 
1.532784789454 
1.534873528682 
1.531008275488 
1.532223088469 
1.530462509067 
1.525985927114 
1.530140224006 
1.524358863105 
1.530881919967 
1.524146039994 
1.523733817136 
1.522546253157 
1.522908467618 
1.523849224953 
1.524183913995 
1.527143347020 
1.528604925994 
1.525457957261 
1.523951327133 
1.525065357556 
1.526096378463 
1.525167548453 
1.522336600244 
1.520265756904 
1.519245477661 
1.522609502330 
1.525730104400 
1.522188755687 
1.526699234903 
1.525710573002 
1.529901785404 
1.530800572421 
1.524583545744 
1.525913739399 
1.540489922913 
1.534001939539 
1.534722360460 
1.532313458101 
1.530542630141 
1.528627811494 
1.529476111665 
1.530149166527 
1.534750111335 
1.534036216113 
1.535308701851 
1.533252671651 
1.538483218463 
1.529998114876 
1.529819905649 
1.529208174136 
1.522475433715 
1.522255521421 
1.526200255625 
1.528991525809 
1.532731445847 
1.532086085134 
1.531111017650 
1.531031096616 
1.532949499694 
1.533703907104 
1.543563641812 
1.546857735145 
1.542875033701 
1.545097679100 
1.549055162730 
1.535164520819 
1.544671938780 
1.551653824015 
1.542762570377 
1.542282780036 
1.542564222630 
1.527696785948 
1.525961301435 
1.524363640402 
1.524391508034 
1.523214045905 
1.523265361753 
1.519111444359 
1.519899176824 
1.517398531730 
1.519111456181 
1.522285467466 
1.525511213747 
1.524586088151 
1.523063731518 
1.522720142461 
1.521590473527 
1.521960356022 
1.523632638424 
1.528108889514 
1.525607861478 
1.521674704717 
1.523379909461 
1.523780086207 
1.524506126134 
1.522196666351 
1.521422553472 
1.521072085941 
1.519905064174 
1.516632744932 
1.516674165099 
1.521095480004 
1.523428804409 
1.523875977870 
1.530192687445 
1.530201976770 
1.529779066932 
1.528836093402 
1.528396253726 
1.525391633350 
1.524913709918 
1.523027935774 
1.520990692467 
1.519320744373 
1.524633016393 
1.526878516167 
1.526665402200 
1.525080899803 
1.527809462143 
1.528973456802 
1.530306394757 
1.527558157062 
1.527604915525 
1.529947315852 
1.525392573331 
1.527033714744 
1.526793367211 
1.526587028942 
1.525978030553 
1.526560849450 
1.530167402946 
1.533115233945 
1.531131950588 
1.529355919950 
1.530170480656 
1.529587238208 
1.529584304477 
1.528884455814 
1.528525330035 
1.525423442588 
1.525577369057 
1.530387384015 
1.530457218435 
1.528151700046 
1.529546481675 
1.527831078335 
1.526698279176 
1.522602416759 
1.520604635837 
1.521203441689 
1.520473228672 
1.520968373471 
1.526467562067 
1.528569961888 
1.522462462617 
1.525918983110 
1.525435776160 
1.524508724491 
1.521265317950 
1.517985860636 
1.519086530640 
1.521019238666 
1.521445847004 
1.521445847004 
1.521822470091 
1.525799765654 
1.524946730350 
1.522908847440 
1.522675045632 
1.523178885690 
1.524566783965 
1.524298479005 
1.521104578884 
1.521739284207 
1.521339221399 
1.519773757229 
1.520596276078 
1.520705531947 
1.521460458147 
1.520176954334 
1.522077620331 
1.521625049232 
1.522952783267 
1.524414367161 
1.524948926043 
1.524322777106 
1.524323495162 
1.518926560000 
1.520254667937 
1.519665183545 
1.518926118311 
1.517616986013 
1.517482029300 
1.519414858161 
1.516681290335 
1.519290483468 
1.522561734644 
1.522438469516 
1.521977929686 
1.525332442932 
1.526556723630 
1.526739023350 
1.526852856212 
1.526340985257 
1.525591662365 
1.524520176023 
1.523946034350 
1.521152826365 
1.521445622273 
1.520811616598 
1.520238933614 
1.519075696837 
1.520476987635 
1.520698257847 
1.518002451566 
1.518196326353 
1.520335540923 
1.519662148708 
1.520490122562 
1.518098965547 
1.521525084454 
1.522150625676 
1.521864647110 
1.521180007519 
1.517736243439 
1.515877405666 
1.516407285574 
1.516903845160 
1.515250993401 
1.518103693687 
1.518181806693 
1.518794126916 
1.520833663417 
1.522830296659 
1.523431608526 
1.523188240374 
1.523603210988 
1.524090326992 
1.523025315718 
1.522072750363 
1.522836637224 
1.523501718634 
1.522674927135 
1.522435242736 
1.521799139769 
1.521733289054 
1.521105620131 
1.521090951278 
1.521748479312 
1.522235612815 
1.522216389809 
1.523065988774 
1.524040541276 
1.525689059419 
1.526448433918 
1.527424168998 
1.526473343478 
1.529619020164 
1.527584742774 
1.527461836363 
1.527366968989 
1.527330823949 
1.528349312048 
1.527859132126 
1.527586654288 
1.528756142318 
1.528658067472 
1.528344685972 
1.530794035548 
1.530794035548 
1.530821257180 
1.531021867463 
1.532926374335 
1.532924084961 
1.533761513379 
1.532964200554 
1.534711947891 
1.533123941195 
1.533595020536 
1.530666374136 
1.530219885172 
1.530448341838 
1.530867287438 
1.530760460040 
1.530754709099 
1.530606729036 
1.527448677488 
1.527943682557 
1.525839659681 
1.526424455508 
1.523377622623 
1.522119678295 
1.514513113406 
1.518359132004 
1.513612803513 
1.514105314403 
1.518072460500 
1.515900865590 
1.520620171934 
1.517357293269 
1.519782825098 
1.517446668651 
1.520798968303 
1.520504330525 
1.520683154281 
1.521746355416 
1.522127218034 
1.521835511434 
1.522764821506 
1.522490236243 
1.523773464934 
1.522883078711 
1.520965061218 
1.523653932990 
1.523449221606 
1.529719439405 
1.527700903133 
1.528601153224 
1.528236678080 
1.525590693624 
1.530385317273 
1.528209100010 
1.524118016743 
1.523587832110 
1.521431140804 
1.521958579076 
1.522251165489 
1.522325475554 
1.519932081192 
1.521741081280 
1.521906925826 
1.519832576130 
1.523453245867 
1.521603147954 
1.520988916230 
1.517835404642 
1.519602138987 
1.511473348591 
1.516381588021 
1.515545754409 
1.521010115600 
1.517427453940 
1.519976688218 
1.522567952990 
1.526099353466 
1.525513378451 
1.523211582083 
1.525784260257 
1.527178951144 
1.526406305018 
1.531470818229 
1.527519848072 
1.534865742802 
1.534617833178 
1.533044914448 
1.527355442541 
1.528522704164 
1.525128830721 
1.528894407407 
1.531881820026 
1.537844934794 
1.537692891870 
1.535914251186 
1.538015694005 
1.533281426870 
1.535609295182 
1.536501145415 
1.537299989289 
1.537881989877 
1.540059302773 
1.532927858262 
1.531645972282 
1.531898421592 
1.531468777022 
1.527967087422 
1.526814777684 
1.527014235032 
1.526153271093 
1.529497032786 
1.529539935715 
1.532889595754 
1.529577592299 
1.528506567038 
1.530370073509 
1.527551852721 
1.528635770097 
1.529130228213 
1.527558782475 
1.522670733907 
1.523810194291 
1.523885520914 
1.521742239245 
1.519169750445 
1.516525077871 
1.514546434919 
1.520305746743 
1.516308103879 
1.517374544142 
1.520790186809 
1.520428394843 
1.518400626194 
1.516852361506 
1.518683605428 
1.518687060813 
1.520901979811 
1.521721716639 
1.528105339782 
1.529432181480 
1.529841491975 
1.532021070008 
1.528236107266 
1.530610193470 
1.530977499997 
1.533848454652 
1.535832785454 
1.534508605368 
1.534789872221 
1.534032219658 
1.528873594069 
1.524028208254 
1.528681086820 
1.530339506105 
1.529256203661 
1.528601624442 
1.530800032595 
1.530992651398 
1.530484181369 
1.529524617020 
1.527152387602 
1.530709700283 
1.530863836634 
1.527060613139 
1.528184349558 
1.526244692945 
1.525823168519 
1.529434503188 
1.528544696451 
1.527620834239 
1.528206891258 
1.528914457424 
1.528229945558 
1.527163452802 
1.526484702307 
1.526704882612 
1.527340503221 
1.525918054088 
1.526939380546 
1.526490612566 
1.524869291973 
1.525406731690 
1.523816804769 
1.522945417984 
1.522186491995 
1.522218309207 
1.520638973414 
1.520607610131 
1.522364282677 
1.522092919645 
1.521552276674 
1.526190055548 
1.521775659161 
1.522573775969 
1.520863058734 
1.522451927469 
1.519059032563 
1.520685264261 
1.521686988544 
1.519641325311 
1.522514101175 
1.517933530774 
1.517462315564 
1.520649763036 
1.524631116324 
1.529533713745 
1.530084058672 
1.532016621877 
1.534932356996 
1.532039232304 
1.531654784859 
1.530522260315 
1.532623472491 
1.529544539095 
1.530137660496 
1.527986133614 
1.528418320255 
1.529073665325 
1.529379796028 
1.532931423454 
1.529496257637 
1.528359236835 
1.527834187892 
1.526949703555 
1.527538978607 
1.529281808082 
1.529574427605 
1.531413094276 
1.529525060931 
1.531671928099 
1.530337999522 
1.529706221701 
1.524848839964 
1.526907696010 
1.528934479384 
1.527274691778 
1.526951550926 
1.524990251095 
1.523865086533 
1.523473824366 
1.525053819593 
1.523361880338 
1.520911293367 
1.520992974366 
1.523637032607 
1.524582500432 
1.526746776059 
1.526849817739 
1.527710741386 
1.525889982951 
1.526647289500 
1.528749251497 
1.527737047977 
1.527330187009 
1.527043164805 
1.528386121273 
1.529905155380 
1.532299605222 
1.531249063192 
1.530287960320 
1.530288930225 
1.528614859036 
1.527835823944 
1.527897214262 
1.527147413124 
1.527300054269 
1.530657190781 
1.527727162389 
1.529598125501 
1.528773210322 
1.530352984308 
1.528677887564 
1.528180881606 
1.528652056062 
1.529384330496 
1.528843204275 
1.523942227106 
1.523988448498 
1.523265473323 
1.523931541286 
1.522708406960 
1.526192738844 
1.526662696643 
1.525623286671 
1.528443614751 
1.528936171236 
1.527898510036 
1.527660862426 
1.525390829714 
1.525018944611 
1.529247645866 
1.526847207559 
1.524039168695 
1.526369863807 
1.528312673794 
1.527823086511 
1.527987304107 
1.525584863049 
1.523272279494 
1.519827662363 
1.520800387375 
1.522990667410 
1.522882871067 
1.522237202760 
1.520583133373 
1.524304031333 
1.525480179249 
1.524682534135 
1.527906567602 
1.528288683750 
1.528267708450 
1.530585158767 
1.528644284963 
1.525379645594 
1.525343529839 
1.523092261141 
1.524395734515 
1.524404532800 
1.522410808457 
1.520741412417 
1.520069674523 
1.516271011603 
1.519423574619 
1.519461909439 
1.522143544097 
1.519578651474 
1.521786104221 
1.521390237946 
1.521189932169 
1.523559423220 
1.520724210371 
1.521696296598 
1.524868470207 
1.527386068036 
1.528013351316 
1.527251345542 
1.526677853168 
1.523774466890 
1.522977567184 
1.522580302081 
1.523379243361 
1.525531222998 
1.529622732025 
1.530615555949 
1.529761137872 
1.531372305247 
1.534571411883 
1.532993948513 
1.529539134502 
1.527162990344 
1.526619269223 
1.524833695598 
1.524458021732 
1.523379854751 
1.522699197167 
1.522854320864 
1.522641811235 
1.521822373431 
1.521353061520 
1.521841698053 
1.521440725727 
1.524980446676 
1.525283861408 
1.530567933513 
1.531395754634 
1.531800381765 
1.531710260949 
1.531893091330 
1.528957912046 
1.529086971466 
1.528979525860 
1.528707655131 
1.528269505918 
1.530474653775 
1.530254332523 
1.529345010262 
1.529380735913 
1.529631846328 
1.529102265422 
1.526632836750 
1.528749313843 
1.527747742263 
1.526850000591 
1.526856660141 
1.530117195027 
1.531526416350 
1.530485988699 
1.525928290545 
1.526593940251 
1.527170168550 
1.530736161098 
1.530214015403 
1.527756235359 
1.527518930048 
1.522676469794 
1.522053053646 
1.521468979829 
1.521413941802 
1.519748716157 
1.522025075680 
1.525343354443 
1.527005405022 
1.526545825052 
1.526960243724 
1.524266072475 
1.524325601302 
1.525304991146 
1.525885676589 
1.523857446928 
1.525637541406 
1.527294688063 
1.524291136494 
1.524875841121 
1.530171583842 
1.529745230225 
1.530837143728 
1.530645762311 
1.530367175449 
1.528144513899 
1.529666920745 
1.528127740905 
1.527908340829 
1.524934259621 
1.522391525505 
1.529598890850 
1.526677119437 
1.525223856219 
1.525214583027 
1.524679137269 
1.521713181048 
1.517384363403 
1.515870932179 
1.520415557318 
1.522477739831 
1.522713851284 
1.522535823293 
1.517649295525 
1.520557325991 
1.518692715335 
1.519437108037 
1.518700208086 
1.514609641846 
1.519145919908 
1.521780418084 
1.519698249513 
1.518376525371 
1.520206930137 
1.513300347254 
1.510935431264 
1.511859481488 
1.521866780939 
1.525105259001 
1.520226296498 
1.520662242209 
1.516331884499 
1.516626239929 
1.522868704554 
1.519704266431 
1.520146189861 
1.519829790651 
1.517149524999 
1.518392978091 
1.517715076756 
1.515559580162 
1.522776989531 
1.524247424451 
1.522076902840 
1.525665093906 
1.527753481226 
1.521492543149 
1.519748438391 
1.514515957041 
1.517673119710 
1.512317771115 
1.512134262400 
1.513057801421 
1.513080935265 
1.510730066985 
1.515739248917 
1.516248888999 
1.516264165868 
1.514147553459 
1.516432918001 
1.516784203907 
1.513348718398 
1.516241799337 
1.514143582740 
1.516228057022 
1.514528565127 
1.522431559947 
1.514368588305 
1.520082877066 
1.520486020992 
1.521515151337 
1.524008695562 
1.524512300633 
1.523994774640 
1.519477832721 
1.521604812506 
1.520811430815 
1.524644564115 
1.524835562474 
1.524884080417 
1.525258538690 
1.525436170907 
1.526838895493 
1.525366845847 
1.520403000605 
1.529662066922 
1.530149272295 
1.529788737488 
1.528690924794 
1.528475586514 
1.529920891684 
1.529969262757 
1.533843941154 
1.530948782252 
1.529207664121 
1.529972363425 
1.529737865301 
1.528122602895 
1.526218108086 
1.523738247169 
1.523707993394 
1.524045565086 
1.521678570496 
1.522808814574 
1.522408940845 
1.521704520841 
1.522055902227 
1.523071330246 
1.524076208934 
1.525582920150 
1.530528556623 
1.530213721438 
1.531145160723 
1.531745208896 
1.528642477710 
1.526043843236 
1.522804373274 
1.521188505832 
1.523627414102 
1.525740026440 
1.522786982044 
1.521036840763 
1.519977192368 
1.520071657322 
1.518560491781 
1.517596338557 
1.518428441043 
1.515552955882 
1.517929413835 
1.519744341953 
1.518458304723 
1.515947829376 
1.514327085590 
1.514247189310 
1.516096621554 
1.511491981708 
1.512198635579 
1.514225246117 
1.514582017386 
1.513251156554 
1.519016047619 
1.517027845466 
1.518053574259 
1.517059807610 
1.523074379849 
1.516873036081 
1.518131761826 
1.511729724056 
1.511774059289 
1.525069749358 
1.522453688251 
1.522159267824 
1.522873004962 
1.522972941761 
1.524541623512 
1.523985485273 
1.524135102018 
1.523280452695 
1.527307355176 
1.531001710425 
1.530678481875 
1.526951683388 
1.524533213576 
1.522934370655 
1.525366066847 
1.523425023201 
1.523283213730 
1.519613703596 
1.520230622546 
1.519717058061 
1.512692870992 
1.515383202495 
1.520092517142 
1.515821039220 
1.521460578751 
1.519913946175 
1.518480564372 
1.517507083600 
1.517263894489 
1.520421532220 
1.522152096174 
1.519077053659 
1.520182652658 
1.520472129207 
1.522963828133 
1.522617675776 
1.523453963055 
1.522036934927 
1.518225865617 
1.520376590209 
1.520857270685 
1.521403771623 
1.518232175761 
1.515872411464 
1.523026752964 
1.528039303167 
1.526604184696 
1.525059204758 
1.523268621182 
1.523389174882 
1.522743806073 
1.521724050444 
1.516286063194 
1.520221978563 
1.520631496121 
1.519512881204 
1.518788106644 
1.520817653331 
1.520186460168 
1.520033333488 
1.518506899515 
1.520364781430 
1.519696153515 
1.519346515030 
1.519610257632 
1.516236137130 
1.516225711123 
1.521356904640 
1.524593233955 
1.521649459815 
1.522598660318 
1.520971754146 
1.521172893226 
1.519969801491 
1.518585992467 
1.518692326279 
1.518994392767 
1.518413178958 
1.520578645643 
1.518106452507 
1.520455087770 
1.517490565059 
1.518089953053 
1.521143041258 
1.523000029143 
1.525214099659 
1.524778969746 
1.524453245167 
1.524442470233 
1.524153863306 
1.525766497920 
1.530234228032 
1.530530493106 
1.530546208563 
1.532271383514 
1.527874347224 
1.526074651713 
1.525383613528 
1.525968848968 
1.524866898988 
1.524960984363 
1.523308526396 
1.523441099772 
1.523128089068 
1.524565984575 
1.526269462092 
1.526324217991 
1.526657467713 
1.527570604449 
1.534840706705 
1.528582805725 
1.527260312167 
1.523355325302 
1.525431415932 
1.526561919434 
1.527067226556 
1.525809981056 
1.526443577188 
1.524657743053 
1.530418342684 
1.530725581706 
1.530023298579 
1.527777827120 
1.533082169550 
1.531026194466 
1.532744695793 
1.535854044752 
1.536584493776 
1.528892922294 
1.535664167541 
1.533043378303 
1.532949194379 
1.532911147508 
1.535438044030 
1.535097771198 
1.534806883665 
1.532984773929 
1.535013987490 
1.532547367590 
1.532420531984 
1.530711189734 
1.529634533325 
1.533161429996 
1.532241459124 
1.533853295660 
1.533297328374 
1.533798565066 
1.530364574805 
1.534480261490 
1.531590007096 
1.528167963874 
1.527780618381 
1.528959998034 
1.526114303544 
1.528313933076 
1.527894677233 
1.529822699179 
1.529027647695 
1.528976116411 
1.532809132582 
1.537956717154 
1.534417477432 
1.534796956670 
1.534349500769 
1.532217174815 
1.534675329740 
1.532479055077 
1.530101549847 
1.531942919437 
1.533053624037 
1.534977421820 
1.529806129340 
1.527616509534 
1.529997264307 
1.531976608189 
1.529432472292 
1.528988636990 
1.531617843825 
1.531704201356 
1.528953969205 
1.527352853214 
1.526747704691 
1.526136945910 
1.526094443011 
1.525869795903 
1.526219995275 
1.525917904597 
1.528076250894 
1.527381677804 
1.530291577616 
1.530566896387 
1.530186942157 
1.532001184269 
1.532377091548 
1.534415702714 
1.535974018794 
1.533847902490 
1.537491075695 
1.535263978530 
1.535956653188 
1.535985322819 
1.530741555269 
1.533883858018 
1.533878726234 
1.531700554257 
1.530642085433 
1.528222906250 
1.528337885384 
1.528517543208 
1.524962533720 
1.520253622397 
1.516182904768 
1.517033590730 
1.515749581560 
1.515412791723 
1.516497684643 
1.517204765363 
1.519427155492 
1.520225365783 
1.519377811957 
1.517983770000 
1.519125846987 
1.516073585055 
1.516564897574 
1.516100104443 
1.519476254798 
1.518725843401 
1.514897751577 
1.517060085039 
1.516377115613 
1.517299777761 
1.526454600454 
1.529962531003 
1.527247495341 
1.523200995047 
1.521694780977 
1.518518356113 
1.522259855019 
1.515992317805 
1.525417695768 
1.538527113034 
1.530430632427 
1.528762544408 
1.531380799492 
1.530905659075 
1.544172301139 
1.542974465191 
1.584183514871 
1.548317684943 
1.538695213083 
1.541944252821 
1.541579080504 
1.538675792892 
1.538380516722 
1.537432084598 
1.533698865416 
1.524081941169 
1.527174166674 
1.527737809158 
1.538624503694 
1.534102081773 
1.531819970809 
1.526461758974 
1.525530842000 
1.522780539942 
1.515455481256 
1.521949935094 
1.520946879390 
1.518982026109 
1.522383518853 
1.517555360087 
1.517083688935 
1.517613893687 
1.516957514254 
1.518779058647 
1.516534627005 
1.515177816152 
1.518965986204 
1.521263303082 
1.527553727350 
1.525080233286 
1.520477722031 
1.519083024036 
1.515959330858 
1.521842087178 
1.517660985152 
1.524614140704 
1.523364769368 
1.525463682791 
1.521997524532 
1.517399145454 
1.520900562363 
1.519065960175 
1.520662702779 
1.520807625157 
1.520700926086 
1.526595798513 
1.525508744850 
1.526854243640 
1.521409331633 
1.520090818802 
1.520051591671 
1.519287328724 
1.521427599903 
1.520940411936 
1.529080784045 
1.535457725928 
1.538112487413 
1.535303063369 
1.523401762621 
1.521675914147 
1.520761378895 
1.519956497075 
1.523459457416 
1.524980627008 
1.528946229387 
1.530138010308 
1.516200825041 
1.521242642055 
1.520845460274 
1.522304144557 
1.517871727546 
1.524396297105 
1.524905225782 
1.521769350845 
1.517690654121 
1.517599847426 
1.527200770832 
1.527582873972 
1.529404996886 
1.530783012884 
1.524400884759 
1.528101183338 
1.533601530359 
1.530490795689 
1.527533980269 
1.527540999654 
1.527275192690 
1.524876040398 
1.521561250063 
1.522197267707 
1.528237116904 
1.530009191591 
1.528232526775 
1.522025426612 
1.515349680085 
1.516336999487 
1.514947362955 
1.518312380409 
1.522292239963 
1.520872643128 
1.525793660568 
1.525275518941 
1.526785691207 
1.526493593420 
1.527492641801 
1.524785934193 
1.524275676238 
1.525035099646 
1.525012758264 
1.525038385321 
1.524991246740 
1.525078983608 
1.522783526566 
1.523475958407 
1.523609307390 
1.522339121765 
1.522202333526 
1.522338036279 
1.522374024294 
1.522477377450 
1.522338368647 
1.524939430162 
1.522949085485 
1.528778550626 
1.536464139229 
1.526125522955 
1.525668996328 
1.526646701660 
1.526769199621 
1.525316646474 
1.526247945126 
1.527328736621 
1.527002107275 
1.526461208646 
1.525690018875 
1.525410039978 
1.525593499852 
1.526435251701 
1.527657800200 
1.526626397347 
1.527056853824 
1.534413431508 
1.529148612863 
1.532359938647 
1.528584529788 
1.527010007309 
1.527070125568 
1.523664600033 
1.524248350467 
1.524894646990 
1.520348540977 
1.528625535247 
1.537519620908 
1.540971285563 
1.545161664116 
1.542795558128 
1.545676560176 
1.543869665873 
1.542299103936 
1.535558760020 
1.535785491151 
1.536733403245 
1.539231049756 
1.544614439197 
1.540542666734 
1.544449661232 
1.542077278527 
1.536248307169 
1.535480869371 
1.532351902881 
1.530206452957 
1.532326809938 
1.535814791751 
1.532493438584 
1.535809995756 
1.533353263660 
1.534350808643 
1.535040948964 
1.534407081838 
1.532807945354 
1.531868118627 
1.533873660722 
1.537845995969 
1.532430392053 
1.531973563512 
1.532626814522 
1.530427990432 
1.527906726592 
1.529008151131 
1.526604315478 
1.524489745670 
1.529378497852 
1.531580079002 
1.529904162871 
1.528047734070 
1.523379696662 
1.520667863762 
1.527803782120 
1.529429774946 
1.528598585130 
1.524115109582 
1.524045602675 
1.523652152674 
1.522644277441 
1.519372140774 
1.519440287561 
1.513225018862 
1.513319230323 
1.521193226798 
1.519287882855 
1.518691548653 
1.517873765464 
1.516638458987 
1.517171340458 
1.519436437193 
1.514671194233 
1.519076270027 
1.523346485313 
1.525206701048 
1.523811874837 
1.524496400905 
1.530716028211 
1.534069471462 
1.536370178768 
1.530490982766 
1.529639031965 
1.524268677441 
1.522313492812 
1.519552871014 
1.521791774821 
1.523669077303 
1.517607818147 
1.520785688055 
1.520708047585 
1.510903108941 
1.501578666747 
1.509644764877 
1.512057613277 
1.508332651398 
1.517014618507 
1.510568551715 
1.513850392708 
1.518866280302 
1.520827351331 
1.514304332938 
1.517695573583 
1.518778720565 
1.520545463455 
1.523109157713 
1.518741925348 
1.517826717234 
1.518076295562 
1.512136688527 
1.509889535161 
1.512481844826 
1.510420677039 
1.512357550220 
1.513413742186 
1.515179036597 
1.517726703615 
1.521147521896 
1.520413988308 
1.521488113425 
1.515095577931 
1.517759419242 
1.519764807097 
1.519746683764 
1.519237251414 
1.524355521435 
1.524267436066 
1.523688169349 
1.522024525708 
1.514381337950 
1.522593349158 
1.518536802901 
1.517292013789 
1.519657904380 
1.519048216034 
1.518826186084 
1.521528124590 
1.519920150329 
1.522403494098 
1.523572995768 
1.523720261459 
1.523187658633 
1.523780881456 
1.519136663733 
1.520738994488 
1.515984287950 
1.514706996394 
1.515050397879 
1.519391430664 
1.517357905022 
1.516805407883 
1.516405280857 
1.517480647754 
1.516801672667 
1.508820262687 
1.510779822921 
1.514303732205 
1.520694542812 
1.517395306470 
1.512239859385 
1.515801175563 
1.519016167502 
1.517760158647 
1.518786145923 
1.511561643382 
1.519931473339 
1.527576137740 
1.530632972632 
1.528466811912 
1.531572955653 
1.531692295045 
1.532681120087 
1.530102411790 
1.532922494611 
1.532079134751 
1.533309213519 
1.534108110971 
1.529473916119 
1.534226910551 
1.533475722544 
1.535033130893 
1.535842499502 
1.536127746511 
1.532614007555 
1.527507091193 
1.526469511947 
1.527289790657 
1.516551647237 
1.515882256340 
1.510720819340 
1.512210752957 
1.515689689362 
1.514102950208 
1.520447721470 
1.515417045652 
1.512521775505 
1.515706099299 
1.517740750986 
1.516961901246 
1.515907700431 
1.516242100241 
1.517052504538 
1.515546723933 
1.517170301447 
1.519332259277 
1.518357162813 
1.516572705369 
1.515824271651 
1.514807188191 
1.516170836329 
1.518112279679 
1.514118635273 
1.519961268678 
1.519815276651 
1.525270469334 
1.522437388362 
1.520512033060 
1.522910541093 
1.524771330005 
1.524329943404 
1.523092769647 
1.521516795854 
1.517056518261 
1.512262778093 
1.517082970483 
1.522020995067 
1.518909904081 
1.516762323201 
1.516324463167 
1.519864014233 
1.520696170335 
1.521253481465 
1.526513832873 
1.536549060622 
1.528597158793 
1.525943417491 
1.527465024378 
1.527104081654 
1.531838662844 
1.530217035033 
1.529891780392 
1.532977773812 
1.531395418876 
1.531378890862 
1.531165464984 
1.532343387480 
1.540930557407 
1.538084792122 
1.533948758201 
1.535136240597 
1.531900012023 
1.530564419197 
1.531371668973 
1.531613389310 
1.531722876726 
1.533954210599 
1.534278356972 
1.535710218130 
1.518663336118 
1.521253442053 
1.522377489852 
1.530265280292 
1.526762742483 
1.524667687167 
1.527827694836 
1.534152552144 
1.533062950490 
1.528285290524 
1.525247002647 
1.524141322957 
1.530490138402 
1.532411043211 
1.534538775247 
1.526261776710 
1.530232994282 
1.526645649814 
1.528608267313 
1.529623473840 
1.534699891016 
1.532577861231 
1.531047801140 
1.532572575800 
1.542869852600 
1.546845609116 
1.549996448906 
1.543926787230 
1.542507806413 
1.533552971749 
1.527115691548 
1.526614650588 
1.530153605182 
1.528390542508 
1.522541113219 
1.523081325540 
1.521114307531 
1.523973398070 
1.526061729087 
1.525407756749 
1.519001243709 
1.519448724349 
1.517355542907 
1.511950719086 
1.513408655303 
1.517562101307 
1.524249811188 
1.529196035241 
1.526796005052 
1.529525831175 
1.523725945169 
1.524255592287 
1.521620014360 
1.521765388560 
1.522889990905 
1.521505190784 
1.517213837213 
1.511981620715 
1.510796873613 
1.510654292516 
1.512791338962 
1.509660160112 
1.515512631722 
1.519280988309 
1.518130237705 
1.521908899305 
1.521623548111 
1.518490026070 
1.522418793069 
1.517381383496 
1.515800838484 
1.518376369002 
1.518560860840 
1.511101361763 
1.518032931715 
1.518714218510 
1.518638607463 
1.520708547698 
1.516564914556 
1.516310455473 
1.517973552847 
1.515690923046 
1.514210818060 
1.521344443647 
1.522737200181 
1.521629324841 
1.518506382917 
1.524006394975 
1.518593233557 
1.514902077742 
1.515916089963 
1.522301764932 
1.521596507497 
1.520115529704 
1.523630730784 
1.522124557452 
1.520479833080 
1.521136470083 
1.521035061483 
1.520616750613 
1.521367140621 
1.521095663153 
1.521103458353 
1.521843379705 
1.521902383084 
1.529951115147 
1.535105176710 
1.530686600083 
1.528685377423 
1.524568768936 
1.519699016306 
1.522850566740 
1.521114416252 
1.524275905795 
1.522249787029 
1.521071283862 
1.524867424119 
1.524211157812 
1.517300529632 
1.517682446245 
1.522735892966 
1.520010792113 
1.528844458675 
1.525383201499 
1.526114112333 
1.518536089834 
1.521992281142 
1.520903667612 
1.517989948433 
1.518429765129 
1.520407927885 
1.517877634574 
1.519766624254 
1.521160264187 
1.517849886261 
1.521714659399 
1.525816212630 
1.524629617808 
1.524641688223 
1.523393409037 
1.525576764543 
1.523337506591 
1.526733760685 
1.525371023859 
1.525234510560 
1.534241931937 
1.528545879666 
1.522710745792 
1.522348758518 
1.516029495338 
1.516341139865 
1.521424138960 
1.521393725535 
1.524096650407 
1.519685360161 
1.522727731040 
1.522488774329 
1.521010706661 
1.523706170662 
1.523601621102 
1.522174207286 
1.520247240814 
1.524028735262 
1.526324618705 
1.525756608771 
1.528413331154 
1.531209736539 
1.528978126257 
1.528962622660 
1.532991548839 
1.531636480427 
1.532754686305 
1.527816703983 
1.529828883942 
1.530760717497 
1.538267409146 
1.538333296307 
1.535791362431 
1.529225079214 
1.527169075681 
1.524858582697 
1.532657829616 
1.531815951431 
1.528643117339 
1.524838318460 
1.526431599449 
1.526220134026 
1.526027328271 
1.524768954247 
1.525766295318 
1.526071198599 
1.531863058917 
1.529162869335 
1.528540639602 
1.527183387836 
1.531262561588 
1.531617545515 
1.526386775589 
1.526469905740 
1.528805377096 
1.528012241694 
1.526907795588 
1.526359784427 
1.524697439346 
1.528541247727 
1.532773039474 
1.532103098299 
1.529709392745 
1.528555031978 
1.525446189523 
1.520881954530 
1.513240051130 
1.512227978566 
1.521419090788 
1.522176303885 
1.520944749406 
1.523470794243 
1.525087977418 
1.523711065923 
1.518198720986 
1.514089114008 
1.514235082476 
1.520277427058 
1.526006771334 
1.525803494390 
1.529090032965 
1.528953906443 
1.526667837679 
1.525948907619 
1.527078902073 
1.527675454789 
1.525841954030 
1.529473305826 
1.529863858003 
1.532157259650 
1.529175669912 
1.529062402880 
1.528408671415 
1.526115240862 
1.525229910534 
1.525218558450 
1.525415012460 
1.525138803595 
1.524434125801 
1.524388498913 
1.526563575040 
1.526017692553 
1.526337830786 
1.524619863129 
1.525122580537 
1.522739571751 
1.519546522326 
1.521633210262 
1.522473564999 
1.522119140091 
1.530165870914 
1.530694788073 
1.531458699361 
1.530536467509 
1.529325139832 
1.523088178192 
1.522768742804 
1.525916529214 
1.528596931866 
1.529799570622 
1.529246825201 
1.527997606507 
1.525572703739 
1.521230942506 
1.529698190818 
1.528104240055 
1.531694196027 
1.531786098267 
1.529531336853 
1.526805883405 
1.528168295711 
1.531385677625 
1.531428251476 
1.530836712499 
1.529114115764 
1.528456368823 
1.528674722841 
1.536621922917 
1.535785948120 
1.534710267539 
1.534294794317 
1.533564551815 
1.532508192410 
1.528169793096 
1.530203866927 
1.530274258570 
1.531556120982 
1.535972233654 
1.536053303491 
1.535809162028 
1.536741933893 
1.536577021079 
1.536203811246 
1.535821705676 
1.535611597206 
1.535509277357 
1.536905043735 
1.537439188168 
1.537953677885 
1.538926578856 
1.539693760153 
1.539947564081 
1.539026898622 
1.544705096491 
1.538888340357 
1.538965077994 
1.536639802573 
1.534311375852 
1.534293282855 
1.533556838596 
1.534164005426 
1.535433131383 
1.533387010062 
1.526375556935 
1.523319002250 
1.525190187692 
1.524963288016 
1.525811230322 
1.526220002720 
1.526883539367 
1.527532506039 
1.527721824059 
1.525883830080 
1.532492701303 
1.533303250562 
1.533322920286 
1.533076339749 
1.532114127895 
1.534167249537 
1.531910664439 
1.540859185659 
1.542453435790 
1.540372478551 
1.540662379151 
1.528886838801 
1.528378051573 
1.528140040894 
1.522941592368 
1.525839507969 
1.530839180587 
1.531648471620 
1.519454288317 
1.520347908984 
1.501356522689 
1.507772702231 
1.515122215720 
1.517015791774 
1.517555708727 
1.520571780113 
1.521102863643 
1.519025846215 
1.525820873004 
1.525900766167 
1.521332458892 
1.528550940268 
1.524354858192 
1.525054792191 
1.527609787773 
1.527174079956 
1.535687257528 
1.532962942382 
1.522216894856 
1.519645663892 
1.515222729152 
1.523173661308 
1.522685952019 
1.527662829637 
1.526687225137 
1.525800339079 
1.524950258851 
1.524112423161 
1.523878201560 
1.529249360106 
1.530264496895 
1.529307245197 
1.523169012941 
1.533946274012 
1.532737111917 
1.533248054346 
1.526521017748 
1.531979023567 
1.527558592086 
1.521197283643 
1.513665759254 
1.516015341174 
1.520684120639 
1.522095331184 
1.525139572714 
1.526969333394 
1.524984230524 
1.526560991303 
1.528508424925 
1.531394307500 
1.530240199040 
1.529234519550 
1.526600037692 
1.526684688196 
1.524094946688 
1.518316807300 
1.522012261628 
1.521019321711 
1.524068060750 
1.525154912136 
1.525745968318 
1.532412451746 
1.534364417204 
1.543279059176 
1.540467625450 
1.533488464934 
1.534816992600 
1.531201045677 
1.530450376312 
1.528884914524 
1.533134951221 
1.534419971473 
1.529192900681 
1.534033911779 
1.528587237726 
1.541998703015 
1.543118427455 
1.546506278954 
1.544106641454 
1.540629638014 
1.527003600955 
1.526367208223 
1.522199108745 
1.526203451514 
1.528123073201 
1.524168718521 
1.518913134579 
1.522853749566 
1.522822868362 
1.531719547053 
1.529973483817 
1.529922360442 
1.527476377729 
1.527733236464 
1.528268441419 
1.528106864898 
1.528749107646 
1.528556069046 
1.534617461385 
1.530837929799 
1.534821837967 
1.535341312158 
1.529005048577 
1.527489639877 
1.526059421837 
1.526545850321 
1.532735012525 
1.534214169719 
1.530545473279 
1.528881245740 
1.527506887558 
1.522845631327 
1.523737095285 
1.524630359359 
1.523848728880 
1.523921350800 
1.522897814427 
1.521903485986 
1.522262869299 
1.522385880967 
1.523657915424 
1.523957168738 
1.525069181594 
1.527042177118 
1.526685186117 
1.526582785253 
1.530699839839 
1.529115660318 
1.527209227200 
1.520809817963 
1.519937458666 
1.526309918971 
1.522012628101 
1.520088552243 
1.519135605399 
1.516997790809 
1.519496444306 
1.517266207112 
1.517218344754 
1.516382755913 
1.518229224682 
1.519351125468 
1.517263874979 
1.516647001684 
1.521635903963 
1.526088687418 
1.525583432097 
1.525821464202 
1.526422636685 
1.526434291404 
1.526785573395 
1.525216329222 
1.528561642157 
1.531280276075 
1.521196439540 
1.521035122466 
1.521212193966 
1.521806182911 
1.522708495354 
1.522405094964 
1.519123998383 
1.517422178305 
1.517968621253 
1.518581707067 
1.522063226791 
1.523646924287 
1.522495447345 
1.522941447928 
1.523513012791 
1.523287318004 
1.524728227490 
1.523631034423 
1.526383703822 
1.521863383674 
1.523165419228 
1.523416051577 
1.521584279343 
1.522795981808 
1.523408205023 
1.523462585820 
1.521549744603 
1.516930699551 
1.518915830163 
1.520263683067 
1.522952186560 
1.523327678061 
1.525561454390 
1.528940622215 
1.527879690271 
1.528932153571 
1.528227845903 
1.528261516413 
1.526374418873 
1.527276637921 
1.523511427596 
1.522500856056 
1.523130579080 
1.526428982491 
1.526319409698 
1.527849994245 
1.527568118801 
1.527944899999 
1.529088682404 
1.527488818293 
1.525250479301 
1.526088256807 
1.526945374977 
1.527734882184 
1.527029824134 
1.527010249057 
1.527048244568 
1.526972742098 
1.527185191113 
1.525734099590 
1.525737958371 
1.526242242705 
1.526315535628 
1.527865068219 
1.526301929071 
1.528447329959 
1.528732812201 
1.529016005058 
1.531369354418 
1.529510452278 
1.530159635530 
1.527804861522 
1.528665409049 
1.527378354724 
1.527954167807 
1.527361494567 
1.526183602234 
1.521480499655 
1.520021292631 
1.520117560020 
1.523654921651 
1.523702930008 
1.524506240893 
1.524196747047 
1.524196747047 
1.523927138871 
1.525707366784 
1.527297462046 
1.527514502547 
1.527586330387 
1.527276400319 
1.527449353702 
1.523794560333 
1.517832217893 
1.516010215200 
1.514518764407 
1.514701451069 
1.517246547380 
1.518577819813 
1.519717003386 
1.520056944026 
1.517693175088 
1.519131466899 
1.518680127887 
1.519301180869 
1.519357589214 
1.520287124576 
1.520286274572 
1.520863908738 
1.521342942413 
1.521342942413 
1.521343722377 
1.521098482245 
1.521008117461 
1.521325923048 
1.521680101312 
1.521922759244 
1.521860993955 
1.523140284495 
1.522435138211 
1.522110729812 
1.523634724392 
1.526419516500 
1.525643542725 
1.525659048085 
1.526006453526 
1.525787797039 
1.525957106902 
1.524855155717 
1.524856423744 
1.526401750132 
1.525234732627 
1.524765269093 
1.525032089076 
1.523763806223 
1.522261364110 
1.521826372294 
1.522624771179 
1.522480480746 
1.523149298567 
1.519812628912 
1.520568880875 
1.520843767821 
1.521510964526 
1.521319070005 
1.522487962576 
1.519165981608 
1.519139332574 
1.517920551641 
1.519410632360 
1.519371713173 
1.523003439132 
1.523681752876 
1.523542617066 
1.522977644533 
1.523961919893 
1.522120375754 
1.523867634097 
1.521996746952 
1.521797185726 
1.521328475984 
1.521334526409 
1.522770442993 
1.523750128563 
1.524649964774 
1.525287543705 
1.526830638583 
1.524596894196 
1.523774819982 
1.523772000579 
1.524000038997 
1.524246996261 
1.524710455619 
1.524931224248 
1.523707308213 
1.525586053154 
1.524036427845 
1.521884167848 
1.522656580462 
1.520510093580 
1.520865487412 
1.517130736288 
1.518880895927 
1.519507067115 
1.517737601805 
1.518992384789 
1.519452932853 
1.519647673826 
1.519489584428 
1.518213701629 
1.518552106977 
1.519917790970 
1.519636702357 
1.518169401163 
1.518169401163 
1.519710632732 
1.519044906311 
1.517972597654 
1.519825584583 
1.519410584495 
1.520530396935 
1.520033622277 
1.519831512154 
1.519853706870 
1.519103146423 
1.519084092552 
1.518731072212 
1.521063928838 
1.522255585939 
1.521927572745 
1.521759704724 
1.522183974219 
1.522335695536 
1.522781135001 
1.522607054487 
1.521437163922 
1.520983839970 
1.537756863601 
1.535368308147 
1.538939454773 
1.539019331586 
1.539179254392 
1.536473279636 
1.533390712832 
1.535876476965 
1.534326923288 
1.529249834304 
1.529937355989 
1.532041999596 
1.523447137900 
1.526939194061 
1.524810993123 
1.526256583272 
1.526971576316 
1.527561964522 
1.529169632770 
1.524456202789 
1.525651018443 
1.526324904419 
1.525744239276 
1.525985408712 
1.526700680365 
1.526049060989 
1.526576903256 
1.524977627005 
1.522910648135 
1.524471036214 
1.524484560579 
1.525733077956 
1.526214036917 
1.526784338993 
1.527836103509 
1.525199700656 
1.525234398535 
1.524306751418 
1.523690772638 
1.523288721677 
1.522551553601 
1.519611788768 
1.520627354805 
1.521581079709 
1.519636455513 
1.524891028605 
1.525389784032 
1.524166709818 
1.522183700052 
1.519971786581 
1.518326822050 
1.519669516128 
1.521106724968 
1.521802988203 
1.519687513942 
1.523958253749 
1.521556552435 
1.524809922189 
1.522115466174 
1.527873324597 
1.525029661597 
1.523825477704 
1.523426638304 
1.522655161960 
1.518996038210 
1.521495906853 
1.516305482495 
1.514978979304 
1.520700145951 
1.529563421154 
1.522433661770 
1.524671642884 
1.528126674777 
1.526406906042 
1.527846065424 
1.523127462718 
1.523219873571 
1.523073075601 
1.522651959246 
1.527785820833 
1.529962658724 
1.530620276265 
1.531231149953 
1.538324308241 
1.535706118551 
1.538693953702 
1.535538902123 
1.533209747581 
1.532912194668 
1.530553129067 
1.527678643326 
1.524403554099 
1.516822785846 
1.523202518700 
1.526455572039 
1.520526302679 
1.521322274771 
1.523538351511 
1.523665163849 
1.522874174531 
1.523981934417 
1.523707154478 
1.524101245323 
1.523601993686 
1.522337473257 
1.522186913628 
1.522020967334 
1.525507449591 
1.526043163475 
1.522542603498 
1.522065634617 
1.521785191300 
1.519908219709 
1.519471110349 
1.526644529297 
1.520343600782 
1.519304272317 
1.520123484529 
1.520915924111 
1.521387847264 
1.515346211703 
1.514666126718 
1.514266827518 
1.516579505761 
1.519633982712 
1.516935933000 
1.520999537757 
1.516222013216 
1.519453414340 
1.517356290889 
1.516095376416 
1.516328077839 
1.521089486553 
1.522906983399 
1.522680951499 
1.526439779643 
1.523441467478 
1.528511364778 
1.527032771917 
1.523530925198 
1.522538144247 
1.524848344220 
1.522747683651 
1.522001627984 
1.525400597214 
1.526467986097 
1.524124383294 
1.523327259614 
1.523056275937 
1.522020380165 
1.522241116959 
1.525353209350 
1.525669140499 
1.524703060419 
1.524443911685 
1.527326860114 
1.528047811092 
1.526921369020 
1.525629125056 
1.523439118940 
1.524015642213 
1.522684935474 
1.522263948238 
1.520830219257 
1.520066209251 
1.520246663642 
1.520660625588 
1.520589590981 
1.523282618383 
1.520108474236 
1.523634038543 
1.521551163467 
1.520317582131 
1.517227981086 
1.516860307107 
1.520326917464 
1.522110524621 
1.520769513760 
1.515593254395 
1.514040344100 
1.513997158323 
1.515047237100 
1.521438554779 
1.526445708678 
1.525985156328 
1.523823279535 
1.523035496731 
1.522074053325 
1.523042210040 
1.521677316185 
1.519148109734 
1.520210461351 
1.512460252102 
1.511174755177 
1.508268676552 
1.513576736753 
1.515482067552 
1.517549355704 
1.518171862032 
1.517746812912 
1.516457557438 
1.514785293375 
1.514776667988 
1.514746680042 
1.511921504305 
1.511361153782 
1.511188724091 
1.514831631012 
1.514126885169 
1.517004308099 
1.517089560329 
1.514712313532 
1.514698054828 
1.514155099332 
1.511526848120 
1.512968285586 
1.513548594420 
1.514132205876 
1.510395593990 
1.513543414137 
1.516355490604 
1.516258659524 
1.514552510552 
1.518306771126 
1.523880280898 
1.522286749341 
1.520823696272 
1.519006959021 
1.516715833456 
1.516235031915 
1.516445258372 
1.518298843427 
1.516830179577 
1.516830179577 
1.517056603477 
1.519991747116 
1.515479598808 
1.515301184803 
1.513405985346 
1.512216330987 
1.512454079295 
1.511524418860 
1.511720936276 
1.512328589289 
1.513172919015 
1.513623048734 
1.513431201920 
1.513379730059 
1.513476021134 
1.513095753637 
1.516812593666 
1.515191664704 
1.515674325168 
1.514558520478 
1.515998710047 
1.514287234566 
1.515822844282 
1.513922877843 
1.521491785679 
1.519945010064 
1.521427115196 
1.521453107868 
1.521435485460 
1.521520269158 
1.521307467729 
1.521756659069 
1.521699089966 
1.521726022772 
1.521391921234 
1.521561306171 
1.520813967617 
1.521330407478 
1.521159915754 
1.520981449044 
1.521631731390 
1.522156637495 
1.525552322607 
1.526388691051 
1.526444940572 
1.528070334760 
1.528193114227 
1.527367654175 
1.527560360764 
1.527795636152 
1.529136172441 
1.528623148763 
1.528542440727 
1.528549731072 
1.528559599343 
1.528559599343 
1.528559599343 
1.528592212098 
1.527310634958 
1.527414379379 
1.527427949998 
1.527257315740 
1.531480555498 
1.529956927049 
1.529388208677 
1.530003354580 
1.529449315178 
1.534888089610 
1.535419141847 
1.533445806273 
1.531170566540 
1.531154167231 
1.531085568588 
1.533147069318 
1.528298742240 
1.528687408440 
1.529322087363 
1.529262012795 
1.529574922796 
1.528023077026 
1.527166814875 
1.527197265264 
1.523493051667 
1.522893090355 
1.522923585403 
1.526302346796 
1.529492761598 
1.529100351929 
1.527037573749 
1.527846657657 
1.528312268469 
1.527210977725 
1.526030138535 
1.526448179539 
1.528096926079 
1.527881541680 
1.526967549476 
1.526811607010 
1.526025807507 
1.529556737665 
1.527829386503 
1.525689801709 
1.527016319558 
1.527233810549 
1.526530927214 
1.528031152005 
1.528254376242 
1.528652997922 
1.526689065294 
1.527678060462 
1.532176959463 
1.532233751993 
1.532025055796 
1.532069531387 
1.529470649641 
1.529139012271 
1.527154835696 
1.528949968332 
1.526894653966 
1.524477198305 
1.524120444735 
1.521334164132 
1.519102575304 
1.519145146792 
1.516769161056 
1.517240360459 
1.519556858390 
1.518896824851 
1.517793463620 
1.518903713288 
1.519223741517 
1.519477335986 
1.518562168606 
1.516988352491 
1.517852406651 
1.518458010618 
1.519293930757 
1.522250492486 
1.524446773259 
1.524067262247 
1.521997266022 
1.522572503616 
1.524672449843 
1.523807954881 
1.523425524165 
1.525224644050 
1.530596440131 
1.532462870237 
1.534562183033 
1.527242269617 
1.529076050721 
1.528474989088 
1.519348275850 
1.518451507930 
1.519340902491 
1.516360135855 
1.522184365246 
1.519281983519 
1.521583396139 
1.521033610402 
1.517146165554 
1.516170692399 
1.513882409689 
1.514007400094 
1.517972875020 
1.518486405338 
1.520326083808 
1.529184821250 
1.526835642759 
1.527926420952 
1.527768241477 
1.527715622473 
1.531064524813 
1.531901280768 
1.537429248074 
1.532297327457 
1.530592543141 
1.529852350053 
1.531650269006 
1.533611230575 
1.536535594524 
1.530846525515 
1.530842035389 
1.532142710974 
1.528774574297 
1.531840378725 
1.532605631992 
1.530488147545 
1.529752887496 
1.530947169076 
1.537473795035 
1.532021632678 
1.532197203163 
1.528859848444 
1.525475616009 
1.520517682724 
1.519516407080 
1.518800859019 
1.524877737418 
1.526943783387 
1.531530093149 
1.530003588297 
1.533358694152 
1.534681198437 
1.534866790542 
1.533991144379 
1.534576447524 
1.528365517638 
1.521750317145 
1.521510991737 
1.537308021472 
1.530844410310 
1.534543701252 
1.537839653745 
1.550718882742 
1.550530093677 
1.533890297178 
1.528944515979 
1.525729512306 
1.516449208871 
1.517729174068 
1.537898589355 
1.533345089210 
1.526742689788 
1.524752319121 
1.527289131910 
1.527547007673 
1.533499321572 
1.534096327403 
1.532819100515 
1.533731922048 
1.535334763604 
1.536722627608 
1.531159321458 
1.531930381025 
1.535180672184 
1.530861055928 
1.524449941040 
1.522012343420 
1.522670576857 
1.523759870076 
1.524328043285 
1.526876734732 
1.530264134280 
1.533723154205 
1.532899879119 
1.534919129402 
1.534940092798 
1.534033702875 
1.537798013925 
1.536898520903 
1.539676305717 
1.545273781221 
1.551013904520 
1.547516198955 
1.547960150011 
1.547677541871 
1.539686069620 
1.534654571338 
1.533961808452 
1.531607280833 
1.525814931104 
1.529848295652 
1.531577926148 
1.526440208511 
1.531727816103 
1.524915552537 
1.533865966808 
1.528213640735 
1.527320639281 
1.531659909184 
1.529797411957 
1.517047964347 
1.517074351525 
1.511246887152 
1.524499689030 
1.526911577179 
1.526209966653 
1.525961632673 
1.523549093821 
1.522482398813 
1.519032114733 
1.521018306372 
1.526123590798 
1.537781406654 
1.534548987606 
1.530917179754 
1.531090784652 
1.529006343917 
1.529947063818 
1.532851179123 
1.532371872087 
1.533214551905 
1.530035638454 
1.530485973671 
1.532358367791 
1.530888723630 
1.531353006777 
1.529520220919 
1.525851389377 
1.519890369761 
1.520457496597 
1.521024387519 
1.513811659548 
1.517134447169 
1.520781782248 
1.517893361583 
1.515250570099 
1.520339374378 
1.524507690834 
1.527168655310 
1.526146094686 
1.522094366250 
1.523153783934 
1.521845076668 
1.521793994954 
1.517618789210 
1.518412973468 
1.519298440799 
1.526246259588 
1.530278401310 
1.527268626326 
1.528396485935 
1.530462943102 
1.531150894522 
1.538286681099 
1.540083302383 
1.541743751587 
1.540164140424 
1.539931994140 
1.539865973865 
1.529800047888 
1.531848874738 
1.529371290217 
1.530863937846 
1.532221035283 
1.531577273840 
1.530343210503 
1.530231722498 
1.529026230297 
1.529430652840 
1.527237282736 
1.526904372189 
1.522927869643 
1.522136537765 
1.523224065862 
1.523402911783 
1.522166442475 
1.521188864514 
1.521717184593 
1.519026776721 
1.525927677747 
1.522316450396 
1.524433471117 
1.523130399691 
1.523786607751 
1.525088395522 
1.523542350001 
1.523601593192 
1.521576520546 
1.520361281150 
1.520976055717 
1.524441713769 
1.521882819503 
1.526886667608 
1.524838594792 
1.529228086835 
1.526743677703 
1.526184351439 
1.525516332235 
1.524800850865 
1.522988959936 
1.526898845168 
1.519943338457 
1.523069177288 
1.521678004405 
1.515185877434 
1.520329738699 
1.517213571287 
1.522645241551 
1.525141293162 
1.528354072458 
1.530583788572 
1.530389334816 
1.527025042242 
1.525940953036 
1.525106460087 
1.524218664369 
1.515528600659 
1.518063694414 
1.522203534901 
1.522512719864 
1.520148494933 
1.520809275266 
1.522358891253 
1.521450824151 
1.522403625396 
1.522342866227 
1.526088665005 
1.528468329735 
1.531565331442 
1.530718708168 
1.528158443409 
1.525302231089 
1.524656851698 
1.523389087653 
1.526435485420 
1.523537023026 
1.522388483245 
1.520782024610 
1.523206082970 
1.524521561028 
1.519395912469 
1.521396885370 
1.526116798440 
1.525756781559 
1.523521588800 
1.526582482231 
1.524278631649 
1.526106537429 
1.526226969705 
1.525945101406 
1.526924527221 
1.525230239281 
1.527345964750 
1.527179885257 
1.527744785489 
1.527875422248 
1.527837079292 
1.527429464486 
1.527088299332 
1.525315130242 
1.526454830584 
1.525958175235 
1.528003690873 
1.527710992440 
1.528015290539 
1.526221964460 
1.526711295775 
1.526161979140 
1.527390619278 
1.527521980542 
1.527730132596 
1.528438067610 
1.528972524985 
1.526489836421 
1.524540109161 
1.524260528794 
1.527892252063 
1.526812043479 
1.522520701670 
1.523684200863 
1.520662106765 
1.526114004116 
1.527872142973 
1.521949777231 
1.521183750042 
1.522098574677 
1.521978030661 
1.521267355615 
1.522353475991 
1.517159232658 
1.517332770969 
1.522689820407 
1.523470188207 
1.527461283685 
1.521704486592 
1.520864815913 
1.526253706146 
1.526314763587 
1.529248935014 
1.521924662684 
1.525677935102 
1.526931831769 
1.524220828987 
1.523247295789 
1.521574529520 
1.521591527436 
1.524810256355 
1.529228377071 
1.536075186992 
1.535345366574 
1.539595950244 
1.545771331482 
1.538589925709 
1.540193507089 
1.537588576791 
1.539658580907 
1.535789751972 
1.539157565932 
1.538989280252 
1.540327371103 
1.534702013250 
1.533742942192 
1.528312934452 
1.526500923339 
1.526567740946 
1.525632178343 
1.525589158984 
1.525693693299 
1.526221566253 
1.524119332407 
1.526312933326 
1.527094144773 
1.527824110227 
1.521726634924 
1.524318754677 
1.520537483568 
1.518566540958 
1.518127181610 
1.525884587071 
1.523910378597 
1.524499736464 
1.526853166096 
1.523514249249 
1.517618392317 
1.517297707996 
1.519983376907 
1.515776326403 
1.522256762502 
1.524830613085 
1.524369345084 
1.519796902386 
1.524298485304 
1.520348746680 
1.523580710705 
1.527709375354 
1.527864953223 
1.529488423664 
1.529618131901 
1.528294343459 
1.524688291378 
1.523969511990 
1.525179329280 
1.526844047927 
1.528128680033 
1.522650841906 
1.520671720336 
1.523351656263 
1.524086828217 
1.526276273322 
1.529278847883 
1.529938213584 
1.529366436591 
1.525587717307 
1.524767167568 
1.523604765841 
1.522258613870 
1.522041828480 
1.521650802735 
1.520736452848 
1.521766426127 
1.525577174755 
1.528443508457 
1.529529124584 
1.529315174621 
1.528587291195 
1.528692527776 
1.527851428502 
1.529785285636 
1.529386762057 
1.529234848870 
1.528699654105 
1.529184286047 
1.530683545128 
1.525702966508 
1.529625741306 
1.530907940467 
1.537522325203 
1.534660123708 
1.534391889451 
1.532908091835 
1.535216300201 
1.538331679609 
1.528237703554 
1.532502368103 
1.533466096193 
1.530243939072 
1.529526793790 
1.520241704532 
1.530154196225 
1.530012743968 
1.531638840600 
1.529868302643 
1.530216133209 
1.526348220973 
1.526028864000 
1.528617490344 
1.526550134561 
1.529911338459 
1.532694381298 
1.529872772121 
1.529395921943 
1.529684810965 
1.530036945810 
1.531381592186 
1.528703566495 
1.530686830650 
1.529885979690 
1.532199273783 
1.535150779041 
1.535661340582 
1.537695369961 
1.537634496904 
1.539033995500 
1.535622483253 
1.532836717673 
1.534613420624 
1.532973516325 
1.532623727779 
1.531882111588 
1.529251002630 
1.530225858735 
1.531281981593 
1.529630898290 
1.532869213352 
1.528949069478 
1.526568530579 
1.528579605811 
1.532934594007 
1.533438190540 
1.524346507760 
1.524695506059 
1.525196619957 
1.528509515226 
1.523675166044 
1.524429886183 
1.523967172156 
1.523741572082 
1.528110845885 
1.526912193505 
1.530305671734 
1.531711225793 
1.529779483063 
1.526739719136 
1.528108112502 
1.530134424050 
1.530805978366 
1.530256815480 
1.528620434061 
1.526052591709 
1.525331689779 
1.528422819605 
1.529662845253 
1.531565892525 
1.533540309868 
1.528517925216 
1.530334146893 
1.523490325090 
1.525647756244 
1.526738908066 
1.524833445011 
1.528408883132 
1.521140877819 
1.521948178404 
1.521856199059 
1.522218109712 
1.524459763350 
1.526268374177 
1.525579193921 
1.525254889354 
1.528802850772 
1.534563139224 
1.533540190690 
1.530398160438 
1.532120893752 
1.533453496709 
1.538409090285 
1.538159962060 
1.535768281103 
1.537549520156 
1.537202858213 
1.539364651863 
1.532396436772 
1.530415580208 
1.528244234645 
1.529161297204 
1.530210604174 
1.531045660532 
1.528660362986 
1.528451700009 
1.528249831557 
1.526690504475 
1.524151504748 
1.522906251521 
1.520754837514 
1.519836874944 
1.520694746137 
1.518238043444 
1.519425579899 
1.520473745028 
1.518963930663 
1.518565988456 
1.518130973402 
1.518454335175 
1.518371313885 
1.516534659885 
1.512853408603 
1.516594789478 
1.517926802116 
1.515186188299 
1.516250901119 
1.516943438775 
1.519791088497 
1.519778132100 
1.520077554905 
1.514591363601 
1.514507569327 
1.513921532704 
1.516877160536 
1.518792681562 
1.520639853369 
1.515956793310 
1.513746017973 
1.514487568185 
1.516470685052 
1.514029143711 
1.518609630613 
1.516941422338 
1.516564493565 
1.516925620568 
1.515804614261 
1.513346745244 
1.516810670949 
1.515154148929 
1.518370377556 
1.516743005249 
1.522584236253 
1.524648395861 
1.524529518444 
1.524100321101 
1.521373904642 
1.520255645591 
1.520477798414 
1.516989335742 
1.519212832262 
1.513522403235 
1.513332904758 
1.511144241862 
1.512974266446 
1.509991317330 
1.519589326460 
1.519651449518 
1.518729519443 
1.520063215635 
1.521553865778 
1.519234977559 
1.517999429880 
1.510570715451 
1.519567384470 
1.514600997939 
1.515146127634 
1.513107097642 
1.514387129993 
1.514671078157 
1.508798397076 
1.507651707592 
1.516085547451 
1.514247591583 
1.507894073605 
1.503437270180 
1.507474760204 
1.517568096987 
1.515721676209 
1.516996453152 
1.517779599439 
1.518256499787 
1.517496417825 
1.516808543259 
1.517063301870 
1.517921788396 
1.518984824256 
1.517213696984 
1.516432168583 
1.517048016158 
1.518901555497 
1.515061913605 
1.517527309260 
1.520008417857 
1.520008417857 
1.518674770959 
1.517222915620 
1.517645454531 
1.521749558311 
1.521243015710 
1.518202674565 
1.518516345726 
1.516821288701 
1.515005564867 
1.519296807685 
1.520148511570 
1.520568156854 
1.520717504206 
1.523251142222 
1.522364567449 
1.522285385164 
1.522175952652 
1.520507847655 
1.519616777902 
1.519766461966 
1.519258068220 
1.517591133218 
1.517350072354 
1.517284241774 
1.519180202709 
1.517743100210 
1.518598679160 
1.520208272776 
1.517417670398 
1.516081896064 
1.520235398205 
1.517178219301 
1.519661562480 
1.518270685869 
1.523002827964 
1.523007736136 
1.525118405699 
1.521411643615 
1.521837811223 
1.509507103939 
1.512144623532 
1.513301909167 
1.515903740164 
1.521625356184 
1.520997102066 
1.520234870857 
1.520035029050 
1.519636100183 
1.520920786435 
1.522242733650 
1.521771649110 
1.523462943884 
1.525203184043 
1.523211383751 
1.526249069733 
1.525295589538 
1.524473182218 
1.524353305127 
1.521868605790 
1.521376812183 
1.519394497481 
1.523896632407 
1.527585505529 
1.526644516347 
1.526797149630 
1.528932526426 
1.528964659807 
1.529891265551 
1.529921768544 
1.529432790064 
1.528377379937 
1.528246046547 
1.526933762484 
1.525921184753 
1.523477991309 
1.521147291087 
1.521407707583 
1.522659609066 
1.523796003067 
1.523895664064 
1.525898257726 
1.527921978354 
1.527738701457 
1.528333173295 
1.526571271065 
1.526126306426 
1.529574390396 
1.531479355904 
1.531415155079 
1.529787748058 
1.528029368112 
1.532604336165 
1.530031276011 
1.534892530514 
1.541579047329 
1.536989475543 
1.534724626353 
1.533585172995 
1.534285012152 
1.534965738608 
1.530007886180 
1.535000125654 
1.535039286963 
1.535754388071 
1.534553912386 
1.531921166890 
1.529212872638 
1.529900323257 
1.534039078547 
1.531127131387 
1.530639440975 
1.527800273371 
1.528911453735 
1.528835287493 
1.531930780037 
1.532131278795 
1.534633840515 
1.534764120866 
1.534271046483 
1.528136426804 
1.532113196313 
1.532716404046 
1.533476462505 
1.530903074263 
1.530256342016 
1.528253390430 
1.526741686701 
1.519665389497 
1.526739077178 
1.524194152063 
1.526221541479 
1.528998944037 
1.520880309708 
1.530600342693 
1.521538660496 
1.531542493027 
1.524735028556 
1.523833586963 
1.524795212057 
1.531175567091 
1.529214563003 
1.527264527358 
1.527731902286 
1.530263015018 
1.528944834832 
1.526806552549 
1.528791759679 
1.520598398973 
1.524305551655 
1.525807420009 
1.525736993889 
1.525825517100 
1.521109220241 
1.522071344112 
1.524854005940 
1.520369457094 
1.526701655807 
1.526254807906 
1.531820427344 
1.531292701957 
1.531038046330 
1.527647414051 
1.525062162186 
1.528467483520 
1.527641449151 
1.534374876968 
1.535089045684 
1.535648848003 
1.527583590035 
1.530484283391 
1.524148141352 
1.521723553118 
1.525073266472 
1.524297575317 
1.524756876535 
1.528097800154 
1.525962447992 
1.526281071248 
1.526541441792 
1.526481148377 
1.522755136053 
1.524084525607 
1.525849374409 
1.529375524318 
1.528845210780 
1.528047136748 
1.526818505654 
1.527001152174 
1.527848413150 
1.524578450173 
1.521404251358 
1.522075032387 
1.524475675972 
1.524003659208 
1.523321082620 
1.522229767416 
1.523397900715 
1.525171377352 
1.523967156391 
1.520553236431 
1.515999551974 
1.515105225469 
1.515509089266 
1.518219878005 
1.519860482969 
1.521026499399 
1.519434336142 
1.516821315222 
1.520086509659 
1.519712031583 
1.515911675239 
1.515166956559 
1.516962549301 
1.520152620215 
1.521993838737 
1.523176312801 
1.521398849277 
1.519310744102 
1.524591784199 
1.525260128177 
1.519731703571 
1.517668204985 
1.517234425976 
1.526168752925 
1.523289580408 
1.524272661163 
1.522460406813 
1.520814686137 
1.521374211409 
1.521794132239 
1.522489322558 
1.522403689922 
1.521851172878 
1.526503220145 
1.529982352597 
1.526735362250 
1.528317260870 
1.528964027603 
1.526342210885 
1.523852841563 
1.523573590806 
1.522017528132 
1.518160224441 
1.523188308730 
1.527165514412 
1.526718076939 
1.526779089668 
1.525803736787 
1.524447933335 
1.524370836856 
1.519687836129 
1.523128687560 
1.523295536540 
1.520384426054 
1.518151015781 
1.515713855987 
1.517356141919 
1.519796854568 
1.521809838519 
1.528928857506 
1.531205774229 
1.528637344191 
1.531792853120 
1.537608086892 
1.536633600996 
1.537016357799 
1.541528681183 
1.536243680811 
1.542347174162 
1.540207099567 
1.538954310821 
1.547009705121 
1.542315984253 
1.538726741081 
1.539667469853 
1.540906160963 
1.539775846108 
1.535333978433 
1.538760906579 
1.536116468019 
1.543781288839 
1.547064060181 
1.544964811695 
1.542819531890 
1.547966408614 
1.541635032224 
1.542876804603 
1.535105154980 
1.534170331112 
1.534026960201 
1.533107227667 
1.533412239336 
1.533783648729 
1.529733355166 
1.529625970054 
1.522703405345 
1.524700767280 
1.526397103495 
1.526820366852 
1.527493250834 
1.527497885003 
1.528087441986 
1.528428120559 
1.528524813138 
1.528338126059 
1.528641434241 
1.524984003775 
1.525702893027 
1.524426687342 
1.525651084688 
1.525326856011 
1.524251673353 
1.527256662617 
1.525644403823 
1.526049857795 
1.526973611573 
1.526803478446 
1.527174636143 
1.526334302800 
1.524570449479 
1.524197645651 
1.524114504265 
1.516457189079 
1.518351379575 
1.515847379335 
1.517084209332 
1.519074478658 
1.521131100588 
1.522401773438 
1.520662293872 
1.514291110241 
1.515662917248 
1.517678295187 
1.518203343547 
1.517701151707 
1.516893931729 
1.523415988785 
1.521074500028 
1.523676125175 
1.523264189596 
1.522102842627 
1.521513584538 
1.521479725010 
1.527190502707 
1.526066056253 
1.524978263601 
1.522744631113 
1.523364779530 
1.525354465797 
1.523862686054 
1.525393834767 
1.527478686793 
1.530523590573 
1.535873228155 
1.534133669579 
1.532722347119 
1.530045480017 
1.529967053120 
1.528785103326 
1.525808141853 
1.526784854486 
1.528560461936 
1.527527139289 
1.530008361494 
1.527069227335 
1.527723079873 
1.527840303061 
1.527847165733 
1.527742611491 
1.524935703235 
1.524933305271 
1.526710954580 
1.524347755823 
1.525082519498 
1.524937409884 
1.527128973550 
1.528225787871 
1.527705755014 
1.527082067501 
1.528510157700 
1.528442035386 
1.527640189949 
1.533115589423 
1.535999477507 
1.534130686031 
1.529609936342 
1.529091463905 
1.529439792332 
1.529291267905 
1.528606771929 
1.528196435356 
1.528830208495 
1.528709680163 
1.527895889611 
1.527701808635 
1.527199955583 
1.527322662321 
1.527175463092 
1.528403794143 
1.528552111791 
1.528405696170 
1.528336664320 
1.527116782492 
1.526580000877 
1.526713187969 
1.526734075204 
1.526616837191 
1.526484848130 
1.526295988696 
1.526290367177 
1.526057650095 
1.525712176497 
1.525610737388 
1.525207102196 
1.525145215543 
1.525346904359 
1.526792800723 
1.528357361821 
1.528595865169 
1.529061513986 
1.526240461054 
1.526865207067 
1.525758581823 
1.526021119889 
1.526703239802 
1.526646115500 
1.527642249885 
1.527838464157 
1.527839280486 
1.527605074613 
1.526501788533 
1.522291162026 
1.519259313649 
1.519319578963 
1.518780989512 
1.519182017743 
1.525243545846 
1.526787728581 
1.526253294149 
1.528852089211 
1.526770437830 
1.527063276510 
1.524598391571 
1.525170689495 
1.524403203135 
1.522713617133 
1.524153184575 
1.524964683495 
1.524832362104 
1.524999980710 
1.525361830961 
1.523105179945 
1.524387695862 
1.524036917572 
1.522866674704 
1.522585077669 
1.521579880342 
1.517768602230 
1.519117076622 
1.519178063538 
1.517753744676 
1.517813469220 
1.521577446382 
1.522014812805 
1.521894921658 
1.521878105596 
1.521798696959 
1.521695301580 
1.522869244670 
1.521842315798 
1.521555149912 
1.523088013083 
1.520420370392 
1.522396849322 
1.523406385784 
1.523619923752 
1.523868949882 
1.524236134192 
1.523515982387 
1.525341661550 
1.525019913589 
1.525259347190 
1.525882549733 
1.524916712468 
1.524656195427 
1.521631404963 
1.523532736585 
1.523589366959 
1.522797703089 
1.522578313920 
1.522714132399 
1.527898914268 
1.525470303115 
1.525764425715 
1.526515896373 
1.524985227854 
1.524899924270 
1.520762732085 
1.522240370941 
1.521413338183 
1.520497757257 
1.518335940801 
1.518693295382 
1.517756827912 
1.525908464976 
1.523067403238 
1.535734764475 
1.535413908034 
1.539648983492 
1.524458964513 
1.525730946361 
1.524635440599 
1.520533071301 
1.526419678300 
1.523956473924 
1.514922491971 
1.513935539822 
1.514865695353 
1.514726030759 
1.514822274822 
1.520322668392 
1.513888001013 
1.533320411484 
1.528599490365 
1.524854538119 
1.521080562543 
1.525559515350 
1.525028396785 
1.528277323697 
1.524183834393 
1.521976560502 
1.521632628776 
1.520505789301 
1.518203084849 
1.518662624994 
1.524699650581 
1.529660407093 
1.531285519213 
1.530534904355 
1.528675591623 
1.531657958953 
1.529608051720 
1.529777458671 
1.523408585814 
1.530022455730 
1.533689881186 
1.529012458250 
1.525091760898 
1.525897448128 
1.531101280850 
1.527312765246 
1.531982819135 
1.534293806303 
1.520894367403 
1.520465073498 
1.518259051971 
1.517207616063 
1.515637939112 
1.522031119250 
1.520127776341 
1.517313638908 
1.519319111707 
1.516964546980 
1.520656952012 
1.517462502324 
1.519107354451 
1.518262391093 
1.517308846932 
1.518295450251 
1.520979851662 
1.521355038482 
1.520796724937 
1.518701669683 
1.527241136740 
1.530187037593 
1.532253812581 
1.533763285111 
1.533886176714 
1.534516639882 
1.529479579918 
1.530300000738 
1.532897264705 
1.520179518451 
1.516036021143 
1.522442638962 
1.522497613040 
1.518111668047 
1.530755046047 
1.526506853143 
1.523828487432 
1.523601531137 
1.520666652480 
1.522160858462 
1.517383152577 
1.516689764252 
1.516000162461 
1.515791555355 
1.513558886747 
1.519275382960 
1.511089412681 
1.512178392866 
1.513865275200 
1.513413808604 
1.513541718900 
1.515798864195 
1.523222974809 
1.524016624946 
1.520251588251 
1.518160623838 
1.518853054091 
1.519212638214 
1.515587565057 
1.516292657190 
1.521119832629 
1.514821314602 
1.518742466320 
1.519600245309 
1.518359291674 
1.520089127617 
1.524512000999 
1.523157300799 
1.523214389812 
1.521965919420 
1.522640050245 
1.518202326832 
1.515627781111 
1.520622712997 
1.522391588256 
1.526058899707 
1.522093392846 
1.518597078752 
1.517780272968 
1.519216701094 
1.519368970532 
1.521497144777 
1.521212750567 
1.521897322143 
1.523303208406 
1.524262986504 
1.526766174312 
1.526389852033 
1.527306217579 
1.524242448954 
1.524867761962 
1.525726836932 
1.525492688851 
1.524738891764 
1.524622172985 
1.523070777555 
1.524911838317 
1.525311113357 
1.521231804465 
1.519335236532 
1.520472908702 
1.521278442819 
1.521753764094 
1.522271337608 
1.525173179736 
1.526612213038 
1.528923745808 
1.530011493125 
1.528218009214 
1.528656590497 
1.525236905860 
1.524356131685 
1.523942461380 
1.526498198445 
1.525892298422 
1.527618727055 
1.528044529553 
1.523286311997 
1.524394840970 
1.523135871633 
1.523098416157 
1.524503543757 
1.523494403825 
1.523700794375 
1.523932016461 
1.523863003103 
1.525533864721 
1.525090808747 
1.524379597929 
1.535475004921 
1.535616847802 
1.535719157168 
1.533408939402 
1.535088781600 
1.534749174291 
1.531384569180 
1.531896082815 
1.534611066536 
1.530731281443 
1.530671409069 
1.527324849465 
1.526793056470 
1.527312656792 
1.526297536122 
1.528655848263 
1.522270575576 
1.527556036967 
1.527314576708 
1.530554722894 
1.530622249136 
1.528946888881 
1.532843072058 
1.536631421101 
1.533512564927 
1.530688854881 
1.531329989358 
1.528726521411 
1.529996559153 
1.529168208340 
1.527866566798 
1.530106815873 
1.531306663578 
1.530444662766 
1.537758678349 
1.539149959581 
1.541919386320 
1.531897087521 
1.534171830368 
1.534449684160 
1.532406314978 
1.532388506679 
1.529193726449 
1.520060399271 
1.522590265887 
1.516178933192 
1.521426165902 
1.523331706022 
1.519809577625 
1.517863316859 
1.519994059381 
1.521785143807 
1.516056211099 
1.522292161702 
1.521163373913 
1.515022028593 
1.514959725207 
1.522773771889 
1.524317645894 
1.527246972388 
1.522696257845 
1.523973188813 
1.523161935938 
1.523783593029 
1.525123754398 
1.519493525077 
1.516317052069 
1.518048296670 
1.525124645971 
1.525082489424 
1.522819816208 
1.518137716142 
1.521664095396 
1.520023304782 
1.531029621662 
1.531449263302 
1.532011293442 
1.534857790304 
1.534511483210 
1.535329741568 
1.534988120091 
1.536986965579 
1.537161172868 
1.534876053228 
1.533693512844 
1.531862499282 
1.539917059340 
1.540877563464 
1.540481952342 
1.542945634305 
1.537972365194 
1.544726802080 
1.547133502749 
1.536223083278 
1.532942921102 
1.527752383234 
1.526460342450 
1.523261219131 
1.522894883986 
1.518963003837 
1.519226893508 
1.520535538493 
1.519482861402 
1.519598183264 
1.518923541171 
1.517279982727 
1.519307780833 
1.524224298850 
1.525943121650 
1.520996581436 
1.522630212991 
1.523994979079 
1.524962784981 
1.524216151042 
1.521906906465 
1.522324125450 
1.521081770366 
1.521531601766 
1.522042103696 
1.524131733336 
1.524943062080 
1.524909142247 
1.529482847400 
1.532743971879 
1.529677674389 
1.536622617542 
1.533597253661 
1.535880913497 
1.535768655199 
1.542164923709 
1.540903193223 
1.542143587583 
1.538193602165 
1.534386483217 
1.540389775083 
1.532013619933 
1.539709843650 
1.533168166175 
1.533227278655 
1.530529692921 
1.529911307772 
1.531717191622 
1.532055611559 
1.527460894657 
1.529398261367 
1.533865127690 
1.536424432313 
1.540817540983 
1.538228458351 
1.534505127329 
1.538072177108 
1.537017056269 
1.537602145953 
1.538968027275 
1.539017841033 
1.538391661530 
1.535659709941 
1.533305143639 
1.536615085149 
1.533391083704 
1.537309700323 
1.545744111974 
1.534060407003 
1.529472254149 
1.530026602404 
1.530038454440 
1.530899340051 
1.531638932259 
1.537283420008 
1.537607921864 
1.534455456446 
1.534273800628 
1.534480312523 
1.533842411331 
1.534259532843 
1.539547947270 
1.541546817611 
1.540959274223 
1.536821746644 
1.535809447236 
1.535196976140 
1.539813986547 
1.532785047170 
1.531401790503 
1.533086304208 
1.528538993921 
1.527398059313 
1.525688949095 
1.525844847307 
1.525855933114 
1.527001056864 
1.527697135056 
1.534234149528 
1.534040111383 
1.534377607692 
1.530453660847 
1.533269156663 
1.535881697458 
1.536600920041 
1.535439089993 
1.534089156153 
1.537175868029 
1.536236655697 
1.540354074707 
1.523218944717 
1.524748284989 
1.535389509622 
1.533562873532 
1.534621511672 
1.532595261467 
1.530361116710 
1.525963333319 
1.520804589559 
1.522482235238 
1.523557226306 
1.526337094586 
1.524998239032 
1.525566139720 
1.526472228833 
1.522672941943 
1.523085398189 
1.524763884354 
1.523941403154 
1.528316069252 
1.531020653719 
1.532102380554 
1.531679220697 
1.531488910219 
1.534151749061 
1.529385231385 
1.528456817223 
1.532853315599 
1.523934374061 
1.538036246469 
1.523271344868 
1.527405050200 
1.529616552497 
1.522792609662 
1.525040245495 
1.523191874785 
1.520003169079 
1.517266595859 
1.518577231548 
1.517017340856 
1.530185294086 
1.525605822309 
1.523550913913 
1.521553799526 
1.517949160002 
1.514775977736 
1.518949460069 
1.513819363334 
1.510843396129 
1.522305746285 
1.525432704529 
1.525349546337 
1.525202977123 
1.523535227387 
1.522139441312 
1.519295465562 
1.526192151188 
1.528414157703 
1.533624101994 
1.529455702484 
1.525731542674 
1.524404835831 
1.526925462946 
1.523492940696 
1.521847196876 
1.522260077336 
1.525337714131 
1.518266741717 
1.516123816270 
1.519135189503 
1.517947371157 
1.516139460846 
1.514719104379 
1.511781839875 
1.516552425572 
1.517257672819 
1.519355055542 
1.519712703141 
1.519229706872 
1.516722375887 
1.517568109195 
1.519001577027 
1.513527957116 
1.510632921785 
1.515424636034 
1.511718585119 
1.511552481397 
1.510819820282 
1.514478854694 
1.514769083075 
1.515210616492 
1.514730013736 
1.514809338367 
1.517010004175 
1.511037059150 
1.509852431563 
1.515974839004 
1.512569364718 
1.512108668379 
1.514510416150 
1.514066387028 
1.515095223800 
1.514708591359 
1.516683983177 
1.516381468745 
1.518485668262 
1.518128003250 
1.521770142971 
1.519098379988 
1.517849783231 
1.516702787949 
1.513083146279 
1.513989392588 
1.512221936409 
1.516380564452 
1.521803653687 
1.519271039177 
1.521593446898 
1.520404009068 
1.523471984639 
1.519433263025 
1.520784739298 
1.520502983445 
1.520564242153 
1.520922021875 
1.522441152584 
1.526170547350 
1.525069020347 
1.519900006067 
1.525654686361 
1.518306093656 
1.520852844992 
1.519073661072 
1.510913489229 
1.516607830389 
1.517410050969 
1.515802329841 
1.514565914393 
1.512867233099 
1.516748728007 
1.519760114215 
1.516330901041 
1.514284161100 
1.511982962833 
1.521666222676 
1.524535875572 
1.521510354728 
1.520991881610 
1.524077001688 
1.520624441554 
1.523415115915 
1.522540297080 
1.522410531522 
1.519859810151 
1.522184820945 
1.526035154181 
1.526007179936 
1.525529920975 
1.522522021862 
1.518096132571 
1.518746617153 
1.520364560428 
1.518634542918 
1.520632225798 
1.519582746964 
1.517648180552 
1.516768204586 
1.515734756255 
1.515903451277 
1.511304263628 
1.514134641118 
1.515684241242 
1.515540124346 
1.518566867574 
1.519269369155 
1.521809733550 
1.520068084252 
1.521702658257 
1.523375679412 
1.524557888518 
1.526507751356 
1.528209497236 
1.525895786687 
1.525554610787 
1.524996569741 
1.525859241083 
1.527105142030 
1.528048989837 
1.529200654498 
1.530910959346 
1.530211097481 
1.530325142407 
1.530700170317 
1.529566588315 
1.529419193316 
1.527783258330 
1.527088084918 
1.528382264922 
1.527561659492 
1.527413197449 
1.525384781802 
1.525724500884 
1.524198882295 
1.523069599786 
1.527027207800 
1.526339765698 
1.524718948521 
1.526353431278 
1.526202594704 
1.525181764629 
1.525234149980 
1.524829406315 
1.526187048668 
1.525956253541 
1.528938138655 
1.528218247708 
1.527560425308 
1.528855260266 
1.529413119428 
1.526513893849 
1.525641783551 
1.527500733009 
1.525418693796 
1.524584641952 
1.524455738945 
1.524812591927 
1.525227855851 
1.525967471932 
1.534033894745 
1.534690591536 
1.536144513003 
1.537190506368 
1.533051734544 
1.533983315308 
1.531720040947 
1.531710356793 
1.529063772073 
1.529160125449 
1.529553477003 
1.527743885360 
1.526148638853 
1.526951786472 
1.525132992573 
1.525452613486 
1.528387671267 
1.527485214972 
1.528151224124 
1.528275223588 
1.530093572513 
1.529143537654 
1.527676802115 
1.529911597838 
1.528475704699 
1.524828695740 
1.526367680015 
1.528019610238 
1.522178655783 
1.521024612443 
1.518444110122 
1.520296728345 
1.522847389031 
1.525064055613 
1.525745045175 
1.524824107651 
1.527747237469 
1.528462561174 
1.528514632926 
1.528898561125 
1.528425311821 
1.526154684265 
1.529688630417 
1.527598235117 
1.527669282251 
1.526701754424 
1.526022424955 
1.525293094940 
1.523891299126 
1.525529156112 
1.527660202525 
1.531713162810 
1.529874863652 
1.534610799677 
1.535721523746 
1.534160094732 
1.531412178908 
1.531216554851 
1.534039206068 
1.527747678527 
1.521687144448 
1.523077349111 
1.523042912173 
1.521307742029 
1.525481856970 
1.527304983919 
1.523687741258 
1.526792124623 
1.527059859314 
1.526419135041 
1.524421589814 
1.522594167847 
1.518556181961 
1.519545838270 
1.518579064066 
1.519304852313 
1.516693104519 
1.519533523756 
1.519683748833 
1.520139669999 
1.519775298878 
1.518767277508 
1.516037113263 
1.516207838160 
1.516617590504 
1.514871157426 
1.513630804967 
1.516503604172 
1.517253709396 
1.516241164929 
1.515534023166 
1.517389184506 
1.521647053160 
1.514487279213 
1.516161215799 
1.514099001151 
1.516000486127 
1.516058355302 
1.516260281945 
1.516666286903 
1.516092824681 
1.516129329456 
1.514461744072 
1.515509118955 
1.510974521098 
1.511102241955 
1.513253063356 
1.513973286896 
1.514957237946 
1.513790259232 
1.513305946907 
1.511359269610 
1.511197831598 
1.512149284707 
1.514609438370 
1.514324134913 
1.513959027694 
1.514176525814 
1.507617324077 
1.509413494379 
1.512272183602 
1.515853097335 
1.514172202063 
1.513922372250 
1.515058873050 
1.517654048688 
1.514585459846 
1.513028502219 
1.513716755652 
1.518142621513 
1.517262852373 
1.518660928503 
1.518619155160 
1.520314562602 
1.521705236816 
1.519828481144 
1.521635344202 
1.511632182169 
1.508634138187 
1.510350184488 
1.517029582306 
1.517160425302 
1.511579817184 
1.516388104098 
1.510927627907 
1.517830310068 
1.518044746730 
1.516209428849 
1.517997693076 
1.518946799764 
1.519500023754 
1.519599743682 
1.520750607016 
1.520662525272 
1.520171262096 
1.521237915117 
1.521736263359 
1.517290464735 
1.516677159574 
1.513070312182 
1.514033809438 
1.515670578092 
1.514244359319 
1.516641494779 
1.517484132805 
1.518779142280 
1.517292836195 
1.517478175273 
1.517812993994 
1.516468948897 
1.520395691092 
1.518930088042 
1.520261980180 
1.519551776480 
1.521239207531 
1.520873840421 
1.516262990053 
1.518138411757 
1.513007806253 
1.517775506208 
1.523115215751 
1.521604298702 
1.522755135019 
1.523335820830 
1.520282715531 
1.520048953165 
1.521719525084 
1.519314671796 
1.517954557030 
1.518466719551 
1.519170023270 
1.519985075946 
1.521790831229 
1.521935820147 
1.522333358592 
1.520979730772 
1.519839884782 
1.517942576495 
1.519066624458 
1.519114364727 
1.518728151886 
1.518666741176 
1.529010588554 
1.528895300263 
1.529685630932 
1.527444866255 
1.526633766865 
1.526905240273 
1.525379539486 
1.526072942522 
1.525798637520 
1.527247844388 
1.530377119801 
1.528807008983 
1.528700703973 
1.521855698518 
1.521495330123 
1.523267229617 
1.528448860261 
1.526684987946 
1.523137228432 
1.522288958323 
1.521441457191 
1.519557473497 
1.520091237840 
1.519515943187 
1.523159910516 
1.516147085833 
1.514616233081 
1.522172775471 
1.517525595492 
1.524512947887 
1.524709420374 
1.527042029812 
1.524420661242 
1.521955104186 
1.520509785110 
1.532315246319 
1.531928791134 
1.532216895456 
1.528871124713 
1.527605087445 
1.531260652589 
1.533829359746 
1.530520307378 
1.533278920228 
1.534901099342 
1.532989617331 
1.527016696605 
1.533272486925 
1.535254404640 
1.531507392137 
1.527886265080 
1.532471758089 
1.537745958101 
1.544061329221 
1.534484341632 
1.535207678408 
1.535476817363 
1.533920992934 
1.538169258898 
1.527508287838 
1.523891398381 
1.524621921104 
1.524349323739 
1.528514107564 
1.531472444749 
1.530934230753 
1.531930039494 
1.532252545340 
1.531261964771 
1.529546471368 
1.536456505271 
1.530367976643 
1.532083559537 
1.531782048468 
1.529273066181 
1.534842785162 
1.532874290971 
1.532964225781 
1.534623468060 
1.535706063893 
1.534960058971 
1.535335844074 
1.535586703239 
1.534178391726 
1.535149761614 
1.535823039007 
1.537315552210 
1.537707450661 
1.536773284566 
1.536135377122 
1.544492221065 
1.551853965754 
1.542227703617 
1.545552767463 
1.549677366293 
1.544675274424 
1.547352825241 
1.547978515205 
1.541324098525 
1.538396919459 
1.536700186828 
1.532934830002 
1.529681761541 
1.527706199148 
1.528761171322 
1.533433599874 
1.535655821423 
1.537356825746 
1.534960920727 
1.542610182102 
1.538203127078 
1.537783596894 
1.538081996984 
1.540189306988 
1.538740491786 
1.534258999010 
1.535701691642 
1.537561602448 
1.534249096746 
1.532337818377 
1.533012320994 
1.530011260732 
1.530327563026 
1.528353177738 
1.521305938910 
1.520322888252 
1.522024056122 
1.522299967753 
1.521766386527 
1.523410930538 
1.526937913035 
1.528966326775 
1.528659343252 
1.531457450885 
1.532187221295 
1.531335314265 
1.539507597180 
1.533021205880 
1.533144143039 
1.535262742310 
1.536074942375 
1.538612789927 
1.540003578390 
1.536017027574 
1.539113090424 
1.546777535682 
1.544006472908 
1.539879260686 
1.540951908955 
1.538279163145 
1.541600095662 
1.536825001021 
1.537834695933 
1.545606353393 
1.543686403811 
1.546132501567 
1.547759766011 
1.543467836589 
1.544529756947 
1.540124340881 
1.545253120496 
1.545416795139 
1.545250023001 
1.545958828902 
1.544498987206 
1.541144962670 
1.539530736006 
1.539983440705 
1.537480575650 
1.536859964126 
1.535087950313 
1.535893402354 
1.532716467607 
1.531533008433 
1.532619124645 
1.530632250752 
1.523085474630 
1.521818320319 
1.525848279785 
1.526320885590 
1.523265745124 
1.522102160954 
1.518322476921 
1.521747935805 
1.521315526519 
1.520377782563 
1.523836665993 
1.525294342661 
1.519701650944 
1.517485692684 
1.520328323125 
1.519938450519 
1.519905550293 
1.519470762827 
1.525050035007 
1.526481082669 
1.525365930338 
1.519519312687 
1.519708110199 
1.523430266250 
1.526199079128 
1.527115280710 
1.531461507660 
1.528997479404 
1.524159560315 
1.519563456631 
1.518997362815 
1.520462016372 
1.523487723784 
1.517874575799 
1.519542964313 
1.520423192901 
1.525541182008 
1.527627137100 
1.530874526527 
1.533116515533 
1.529784603243 
1.530937607538 
1.532721933180 
1.532913938683 
1.532586597897 
1.534379335103 
1.533910035494 
1.532797089514 
1.534097973505 
1.531617557969 
1.531255110879 
1.530816154890 
1.531627433752 
1.532235213866 
1.533451258237 
1.530720669093 
1.533963196607 
1.534942484954 
1.534776187488 
1.534514445650 
1.536654366229 
1.537450878553 
1.538233600345 
1.537627565708 
1.540703346402 
1.542766593855 
1.537500391328 
1.537085333903 
1.536811564132 
1.536617404884 
1.534163980410 
1.533565091908 
1.535769501893 
1.535990154789 
1.535576976883 
1.531790976578 
1.532345052202 
1.532013554210 
1.527959553595 
1.523860488388 
1.522891774686 
1.523261067976 
1.525046193731 
1.527390375419 
1.529974096976 
1.527944091040 
1.529684263224 
1.532493944447 
1.533367037787 
1.532896133435 
1.534647898631 
1.533147497559 
1.534379344351 
1.530764771062 
1.530801732524 
1.534304510327 
1.532871914095 
1.534877588602 
1.525770699688 
1.522496092240 
1.521448847779 
1.522733666309 
1.524759772217 
1.526255010843 
1.529319078684 
1.529415217811 
1.530461216228 
1.533481899339 
1.534020449550 
1.534486957888 
1.534030626976 
1.533750524494 
1.533262009074 
1.531307175032 
1.530812098746 
1.530178156719 
1.530467110247 
1.530608861237 
1.530987202121 
1.530030808348 
1.528201991327 
1.532270319897 
1.534897328265 
1.541171451359 
1.535823830892 
1.536405217537 
1.532500421366 
1.534557618136 
1.532791656198 
1.531275631104 
1.534352003660 
1.533446663420 
1.532243893587 
1.538893346114 
1.525442787274 
1.528545273549 
1.525408925529 
1.523333041823 
1.525687957381 
1.526011461379 
1.526110196541 
1.524741957138 
1.522591499823 
1.517199579113 
1.522593097786 
1.520010995582 
1.522110295175 
1.521176464390 
1.520263268499 
1.515999349347 
1.517929975876 
1.514660531193 
1.516183839461 
1.515582559432 
1.531910317080 
1.532644184658 
1.533635945833 
1.533273964560 
1.530610170307 
1.529176535777 
1.522772654762 
1.523727102806 
1.523284851991 
1.524354399578 
1.524517443931 
1.524901574202 
1.523802318243 
1.529118960499 
1.529166824776 
1.532253307980 
1.528796166938 
1.529640814256 
1.532446665475 
1.531069842569 
1.528683811432 
1.530211633877 
1.529198167255 
1.530029830765 
1.537477809944 
1.529975762961 
1.514379285425 
1.518156513974 
1.515854129641 
1.522417414481 
1.522696625476 
1.525505293406 
1.530652988334 
1.530212596152 
1.531994629858 
1.539863909850 
1.536866642083 
1.540066630294 
1.536804691332 
1.531327085158 
1.531302198213 
1.533927254564 
1.533172574125 
1.531110686081 
1.529692815073 
1.528494629937 
1.530970262103 
1.530393435344 
1.527383601764 
1.526788666647 
1.532694403069 
1.528057786531 
1.523716779383 
1.520162978927 
1.522749027428 
1.523274348396 
1.525275127569 
1.527826858936 
1.538810919800 
1.523653952163 
1.530463534803 
1.528162015990 
1.530427507744 
1.528449388324 
1.526333756880 
1.529845216016 
1.526064667495 
1.530894198179 
1.527702017092 
1.524450967383 
1.522965143527 
1.526131537833 
1.526200058330 
1.527579428762 
1.530113833963 
1.529522978171 
1.530080237227 
1.530856055641 
1.528768058438 
1.533420988853 
1.525786895662 
1.527560941846 
1.529707212435 
1.533418320275 
1.520027120068 
1.525121980059 
1.529361952138 
1.526799072462 
1.521157254673 
1.525007385050 
1.526894131101 
1.538775046107 
1.539784732988 
1.538666107860 
1.538294113908 
1.540236103042 
1.542805390329 
1.546581219210 
1.548505448333 
1.537305693749 
1.540218930517 
1.538811626543 
1.535771016066 
1.538850520494 
1.536564987673 
1.532564412533 
1.532169143579 
1.533031496016 
1.528795330684 
1.530385966448 
1.527974021317 
1.528862613471 
1.532435672893 
1.530399300985 
1.528853974830 
1.524727389747 
1.525840556309 
1.528013542619 
1.528785385859 
1.527854906477 
1.523297064459 
1.528335334505 
1.526829132262 
1.525646150283 
1.527905269703 
1.533922298739 
1.534161840890 
1.529306079690 
1.528283545286 
1.525503190826 
1.522203652900 
1.522960261008 
1.521788141274 
1.519477923145 
1.524697889295 
1.529838797283 
1.526366593773 
1.530860511270 
1.529337967386 
1.526316545945 
1.521221803507 
1.520104126675 
1.520168432769 
1.511412814027 
1.514033741553 
1.519581154846 
1.522211380679 
1.526037912482 
1.530971421888 
1.528467211145 
1.530361709519 
1.531531804591 
1.532387692172 
1.542137568176 
1.541533532401 
1.550618327382 
1.551611292075 
1.544484736570 
1.536332473990 
1.538582886966 
1.531503159648 
1.526816793702 
1.525323042295 
1.532178369104 
1.525514893600 
1.526584735386 
1.522431650421 
1.524549541219 
1.524474857161 
1.530370571269 
1.528181137050 
1.529459880808 
1.528073639924 
1.528345806244 
1.530018452423 
1.533834772246 
1.532374846828 
1.537514028794 
1.536413051942 
1.535898423407 
1.543535367097 
1.535792251812 
1.534712845559 
1.531441022273 
1.534742999630 
1.534653319499 
1.528672741368 
1.527425007286 
1.531710730095 
1.533164439322 
1.533680534063 
1.534294703935 
1.536894879067 
1.536180497891 
1.535406498177 
1.535345716684 
1.538640427506 
1.536036303417 
1.536929789181 
1.536488750232 
1.538008931489 
1.537127700385 
1.536727546335 
1.538399615693 
1.538825033998 
1.537350092164 
1.538907414450 
1.536525551169 
1.530207974999 
1.528837611822 
1.528235866598 
1.525037762285 
1.526357872744 
1.528698093588 
1.527020827715 
1.527639304800 
1.528697984230 
1.526939883043 
1.525588605004 
1.531480741134 
1.529610126233 
1.528549385634 
1.530275063470 
1.528273074772 
1.529105989822 
1.537758666887 
1.534760289814 
1.532981725160 
1.530880038277 
1.532278248811 
1.529626802860 
1.533538623737 
1.537911982063 
1.535489219614 
1.532525413346 
1.532553057614 
1.534553967040 
1.532102459221 
1.530764497598 
1.526566192641 
1.527216413478 
1.529946487627 
1.525766527788 
1.528535638783 
1.526720974685 
1.530151297582 
1.537323358006 
1.533971077980 
1.535335349330 
1.534552854205 
1.533231235809 
1.534781916572 
1.539102891239 
1.536244612367 
1.529717866371 
1.527336884265 
1.525850078601 
1.531006055440 
1.529434975499 
1.525160045796 
1.527760237183 
1.530079263808 
1.529659182336 
1.532663183310 
1.531534276647 
1.529767453100 
1.528313584196 
1.528256949494 
1.526924329607 
1.527736308660 
1.526801055085 
1.527106769453 
1.529335482293 
1.530645470219 
1.528798210468 
1.529167621120 
1.527338316924 
1.526408504291 
1.526863243424 
1.526640383663 
1.527047006963 
1.527670582363 
1.530944347443 
1.531038831791 
1.529275160344 
1.529674719400 
1.526188072968 
1.526345758392 
1.525936242915 
1.525961548371 
1.524581228874 
1.522309573318 
1.522309573318 
1.522665085281 
1.521856560233 
1.523786878708 
1.524266223645 
1.526256568167 
1.524108137091 
1.524476001286 
1.524956909018 
1.526124006460 
1.528554265957 
1.525307837231 
1.525255436337 
1.528614904536 
1.528596579770 
1.528293632336 
1.528034947337 
1.530701260131 
1.529662158911 
1.530451237103 
1.527884588541 
1.526530166250 
1.528792543294 
1.529245277811 
1.528736795299 
1.528731868415 
1.531830519570 
1.531713882914 
1.531574843582 
1.530905998101 
1.535288540126 
1.531949154400 
1.533461386766 
1.530494286486 
1.529184194348 
1.528635483447 
1.525087449511 
1.523494974341 
1.524384262802 
1.524985862572 
1.522488299923 
1.522169507782 
1.523636379685 
1.524797768318 
1.528567236624 
1.528326543621 
1.523892569849 
1.519279921566 
1.524576514492 
1.528741481309 
1.528753129404 
1.528785702141 
1.529511315166 
1.530515358685 
1.532143776136 
1.532154791379 
1.532120204163 
1.531916214341 
1.531424587680 
1.533678128641 
1.535760095486 
1.535318027048 
1.536348640001 
1.536070390409 
1.535178932390 
1.533703569161 
1.534259877825 
1.537846621093 
1.538282325041 
1.538232948639 
1.535857104016 
1.537574905500 
1.538631053909 
1.541493914107 
1.547741821778 
1.534114019241 
1.535147332442 
1.529567731115 
1.531101671302 
1.529804059972 
1.527656496885 
1.526340641152 
1.528411856333 
1.526331415231 
1.524575903511 
1.523137428120 
1.524045511218 
1.522627771272 
1.526203309053 
1.527123145936 
1.529344439312 
1.525621236203 
1.530458981993 
1.531403466731 
1.527069987958 
1.533132410498 
1.525050043716 
1.531120134537 
1.542786488490 
1.551554773632 
1.550238281121 
1.533932489464 
1.530890794020 
1.525311880884 
1.523309862614 
1.521249705349 
1.526688899530 
1.526805832670 
1.521407493744 
1.518224490428 
1.520452862614 
1.516777086955 
1.519333757176 
1.514156200802 
1.517098650814 
1.524825740292 
1.521147248759 
1.519160638932 
1.518294869469 
1.513383026622 
1.517336556285 
1.510086187926 
1.513041069672 
1.513752977146 
1.516391298626 
1.521371228406 
1.517332162303 
1.516912322798 
1.519032785531 
1.519817425820 
1.517204578526 
1.518414415392 
1.517464747308 
1.522273687745 
1.513914408280 
1.520771900491 
1.527504640800 
1.529133550454 
1.529918907822 
1.535194573607 
1.534236584504 
1.532386549627 
1.535273669718 
1.535769525381 
1.538716009927 
1.536219967967 
1.535632439186 
1.533748090133 
1.532481409351 
1.533954561260 
1.533085398759 
1.531231727067 
1.530766203433 
1.531812195912 
1.526480103984 
1.528505014172 
1.528526499051 
1.531461228309 
1.530964809665 
1.532000020609 
1.531868948502 
1.532837257121 
1.537692323338 
1.539579818648 
1.538636575476 
1.536009123105 
1.532828130987 
1.532472609938 
1.531711765852 
1.532156741988 
1.531662208597 
1.529775192790 
1.529828653166 
1.528617704833 
1.527481707833 
1.528285732055 
1.529821876466 
1.532299943224 
1.530192212223 
1.530134631496 
1.527931365671 
1.524679372614 
1.529250458620 
1.528862723198 
1.523687198528 
1.525096174011 
1.527947092566 
1.523683397028 
1.521083268498 
1.521798781694 
1.522989300793 
1.525859423997 
1.525751207786 
1.528177609216 
1.532822893359 
1.534764665140 
1.532966368089 
1.534817406574 
1.536562429913 
1.537195174459 
1.543430623431 
1.543840152311 
1.541268667045 
1.536929837519 
1.537647716330 
1.536867667947 
1.535694857277 
1.534666366519 
1.536575465510 
1.536463868685 
1.535767603142 
1.545654298088 
1.542102280494 
1.543770583215 
1.535871773613 
1.536878664907 
1.541754713597 
1.539531212378 
1.544679235102 
1.540553895246 
1.541714413321 
1.544087853735 
1.546003881946 
1.544324022842 
1.534304248808 
1.534974378905 
1.534725414797 
1.534871680243 
1.536733363517 
1.535510140785 
1.531478031008 
1.528795272620 
1.529784182015 
1.528154530159 
1.528065854918 
1.527468465129 
1.526976080146 
1.523747862868 
1.520234398013 
1.519954035327 
1.519644460453 
1.519194771661 
1.519438382401 
1.521784271778 
1.521601584117 
1.519373121601 
1.520913395486 
1.521732784941 
1.519912619507 
1.520163779730 
1.520950546008 
1.516430666053 
1.516107975626 
1.519020143333 
1.519583689242 
1.519809696693 
1.518774666813 
1.519689401130 
1.521228822408 
1.520612283798 
1.523598229023 
1.526961283719 
1.527284400044 
1.527270685534 
1.525993931116 
1.522751737780 
1.522198922031 
1.522315171863 
1.527797878258 
1.528423082023 
1.529498630952 
1.528172601181 
1.529377706770 
1.529188786316 
1.529672038634 
1.529207217870 
1.529056368502 
1.530150437005 
1.526379025477 
1.526551184600 
1.523771628052 
1.524875448474 
1.522572593661 
1.526783519482 
1.528958912669 
1.530771506043 
1.535313399522 
1.535291905702 
1.534195384290 
1.533408699980 
1.531176974218 
1.530167249128 
1.529063978004 
1.529445513096 
1.532503292197 
1.528137275395 
1.528689656268 
1.529381707123 
1.529261597507 
1.527940099353 
1.530062470499 
1.529164674222 
1.528473830781 
1.528409502073 
1.527888593740 
1.526730647582 
1.525560535163 
1.525219680869 
1.528804716614 
1.528269307322 
1.527497864685 
1.528436059567 
1.528206962932 
1.528474276500 
1.528911919273 
1.531868537961 
1.531612406082 
1.528589352561 
1.528239845919 
1.530728847356 
1.529646313978 
1.524783774989 
1.526305971951 
1.521020856969 
1.520765103871 
1.519393217927 
1.516553992921 
1.521492563182 
1.518822361033 
1.521240259233 
1.524103262817 
1.521664250930 
1.519961338938 
1.520806489100 
1.520287163985 
1.520636793015 
1.522907003676 
1.518098986361 
1.511358363047 
1.516881263363 
1.509677850511 
1.510703681424 
1.514331409062 
1.518625764003 
1.513124684934 
1.517802051446 
1.512611328892 
1.515753725706 
1.514863892300 
1.512910343794 
1.517000996911 
1.521588132965 
1.520745761489 
1.518209397632 
1.517623179179 
1.521121356917 
1.523197209828 
1.523668940614 
1.524677620374 
1.523359227194 
1.525914708085 
1.524173675152 
1.525235883687 
1.522574951835 
1.522379071567 
1.521751653664 
1.521393423103 
1.521273007169 
1.521084670676 
1.519226975501 
1.517176918560 
1.513359174351 
1.513670200291 
1.519006162742 
1.517005328599 
1.519708530179 
1.518223283227 
1.518791769307 
1.522304105867 
1.518634863609 
1.517088281478 
1.517154672154 
1.515994078310 
1.518928832031 
1.518876627754 
1.519118440653 
1.517512073138 
1.518577521580 
1.520183198521 
1.520498560291 
1.517578697985 
1.518222425877 
1.518271007907 
1.516321805805 
1.515214179089 
1.515430624442 
1.515320090804 
1.516425774592 
1.519279484496 
1.520842478474 
1.521593240417 
1.520539090293 
1.519128740581 
1.522431519174 
1.520754814765 
1.519714728224 
1.515441500524 
1.513595092780 
1.515062209541 
1.515141280585 
1.513516912971 
1.514884609630 
1.521233846024 
1.522741942193 
1.522863811501 
1.519430828742 
1.521562541703 
1.522745742027 
1.525975632926 
1.525005588785 
1.523560433808 
1.522798773677 
1.520713884801 
1.521570401807 
1.522715258542 
1.524337863443 
1.515369000703 
1.521774070654 
1.519899804658 
1.521809151159 
1.521383370965 
1.517117833239 
1.518944965335 
1.518554604627 
1.518220863501 
1.519185499387 
1.518021315127 
1.518033989956 
1.516443873068 
1.523280202790 
1.522394243229 
1.527460470048 
1.523439859254 
1.522816570593 
1.521641907562 
1.523249574930 
1.522891376071 
1.516321011501 
1.518921332505 
1.518951692202 
1.518122792097 
1.516061074454 
1.519068387330 
1.522882698194 
1.522183351108 
1.523086044516 
1.516059184460 
1.516264531510 
1.521462440323 
1.516575415409 
1.520122446845 
1.521478585724 
1.519979037589 
1.518604069516 
1.520444149604 
1.520375861642 
1.520628013542 
1.520513087402 
1.537458781780 
1.540635197731 
1.532786907964 
1.529382118016 
1.521825093910 
1.513944654785 
1.515393112038 
1.515153081156 
1.511000148164 
1.515709093468 
1.518448178399 
1.509715532166 
1.519707390741 
1.519330754187 
1.523013506830 
1.520996825579 
1.519013955187 
1.517146645816 
1.518757298450 
1.520182519550 
1.524039674038 
1.518598319704 
1.518311395237 
1.514676681899 
1.519244481071 
1.517658122392 
1.521129982243 
1.517829053526 
1.515846476933 
1.522808308156 
1.522957534884 
1.522503504507 
1.521664017402 
1.527169003537 
1.527083936194 
1.527614615203 
1.530748250146 
1.532395868843 
1.533262479029 
1.532444359995 
1.531721199930 
1.530546059200 
1.531236918274 
1.527426086903 
1.526583940163 
1.526618370987 
1.525598476866 
1.525860471337 
1.528323978388 
1.528309962138 
1.530745887221 
1.529774126114 
1.528232063534 
1.529927173107 
1.528081189980 
1.521942547896 
1.518276899814 
1.515378576619 
1.525440789463 
1.525536941995 
1.528673101845 
1.528194553567 
1.523809493683 
1.522837309201 
1.521308020672 
1.522357016445 
1.523810561867 
1.526904397329 
1.517955522115 
1.517288179456 
1.517801035934 
1.517710206815 
1.511024488094 
1.510861881238 
1.521180814494 
1.520861551513 
1.520230627673 
1.519903005960 
1.522224684126 
1.524550688378 
1.519895788394 
1.524173017728 
1.523564241549 
1.526017875216 
1.525759427171 
1.528555047671 
1.528745798550 
1.524473283416 
1.524441222867 
1.526873322939 
1.529331644210 
1.524852692782 
1.524554723561 
1.521887639052 
1.523872138788 
1.529976722907 
1.531497912507 
1.529866130758 
1.520296148062 
1.526774894406 
1.525002126307 
1.524493278067 
1.528168206181 
1.525998055078 
1.528546037188 
1.526431014913 
1.526746059214 
1.527698846737 
1.525051691729 
1.526285320761 
1.524491192132 
1.523318126599 
1.521870155700 
1.521855297590 
1.528536051938 
1.531334618155 
1.529291218275 
1.529948682105 
1.534081691265 
1.531826196947 
1.533389084999 
1.527040050353 
1.527813747250 
1.527676656906 
1.526244992405 
1.524151976638 
1.524000988201 
1.525263679700 
1.524387890081 
1.525732812604 
1.525296085655 
1.525355656449 
1.522748328516 
1.525131956269 
1.524617837492 
1.527486887707 
1.530218410173 
1.530093540542 
1.531069701330 
1.530043332120 
1.532720513983 
1.532414014313 
1.532789843968 
1.533985025569 
1.532888897785 
1.527663136717 
1.536574274542 
1.536480825841 
1.537367454888 
1.535943957014 
1.533303143312 
1.529185382284 
1.528137959744 
1.527881922408 
1.528869546798 
1.530484481520 
1.527249674965 
1.525409756063 
1.526725281839 
1.526992524665 
1.528808621007 
1.525008847581 
1.524785037282 
1.524398174500 
1.524845623936 
1.528496155586 
1.528026604303 
1.527494382236 
1.528348864919 
1.529075189254 
1.529485902206 
1.529993026904 
1.530239265615 
1.533775399521 
1.531298481401 
1.526812984057 
1.529093141480 
1.532918901459 
1.531069117385 
1.532020030416 
1.531674617419 
1.530761961897 
1.531026037992 
1.530508471596 
1.533348253993 
1.533264679159 
1.536760342233 
1.538885333058 
1.539716582804 
1.540636683083 
1.539480228018 
1.540012232813 
1.539360836429 
1.535886928113 
1.534751908910 
1.535778573938 
1.533995631936 
1.538954570207 
1.539689716045 
1.539195293225 
1.539065926059 
1.533928362922 
1.535323491795 
1.534035639499 
1.535317882170 
1.533063632693 
1.525973886437 
1.526569969439 
1.520126498775 
1.522469869557 
1.522179939356 
1.522332369463 
1.523337008115 
1.523259486190 
1.523667164500 
1.524474316316 
1.525753109002 
1.526496758920 
1.526076896279 
1.526076896279 
1.526105996620 
1.524675420346 
1.524470168530 
1.523348241495 
1.523288382313 
1.524674331425 
1.525066112378 
1.524848705959 
1.527231483368 
1.526348526612 
1.526927554275 
1.524840342150 
1.525959360785 
1.525918668081 
1.525448929210 
1.524882010534 
1.526858269656 
1.526203618153 
1.526942958355 
1.527203754637 
1.526859269564 
1.527886034314 
1.527973488899 
1.529156452823 
1.531078374170 
1.530780978221 
1.530098098326 
1.530220023902 
1.532290571156 
1.532747510282 
1.531126649348 
1.529294002429 
1.532167825134 
1.531841540457 
1.531064317355 
1.531705428458 
1.529952079505 
1.529822148058 
1.530637152624 
1.530135911634 
1.533426814350 
1.534330204321 
1.534461360845 
1.533078828433 
1.531934283807 
1.533042902284 
1.529815082955 
1.530782300848 
1.528146778186 
1.529410974604 
1.529438566589 
1.528320865263 
1.526559513590 
1.528799441166 
1.528718086030 
1.530690285562 
1.529962686129 
1.526827559270 
1.528189709452 
1.526223725532 
1.523093421180 
1.521958361785 
1.522591734597 
1.519663755847 
1.520857656040 
1.518417033105 
1.520983497554 
1.521772932059 
1.521250150611 
1.519195775322 
1.519554613094 
1.518568110477 
1.516926706724 
1.519739612641 
1.516261081637 
1.517051982139 
1.516683403857 
1.519020560276 
1.521221481017 
1.519841381482 
1.519763995834 
1.521690027030 
1.514627814110 
1.516154179547 
1.515119102754 
1.513435288402 
1.509019407635 
1.514814399276 
1.514954698808 
1.518577058036 
1.518168244862 
1.513039009102 
1.513509570831 
1.517166643762 
1.519175490504 
1.521862832066 
1.522040779845 
1.523266215246 
1.524118620335 
1.525765990426 
1.525450610582 
1.525369489528 
1.521989123504 
1.525598616678 
1.523278693469 
1.522651017231 
1.523548852512 
1.524816532263 
1.523122757568 
1.518249312570 
1.516254659434 
1.516529332502 
1.526020975208 
1.525632563949 
1.526171030176 
1.527406100823 
1.528963719432 
1.529743275970 
1.532569847097 
1.533045134149 
1.532122179931 
1.529053023513 
1.529322797039 
1.527286224882 
1.525334477103 
1.525515996539 
1.520721843797 
1.521195714027 
1.520213347914 
1.522626917787 
1.519406960295 
1.527548486164 
1.527083811203 
1.523750716839 
1.526689466422 
1.525993991134 
1.527257889108 
1.525620548194 
1.525813475984 
1.526517309270 
1.526415419779 
1.529789981942 
1.529098755854 
1.529507535737 
1.530234366796 
1.529257005656 
1.530142375884 
1.527945232491 
1.529802091720 
1.529322465685 
1.531220355859 
1.531225396271 
1.531346892068 
1.531279129352 
1.530888359521 
1.533557674875 
1.531109689371 
1.534049563568 
1.533844567215 
1.534080522790 
1.523331044296 
1.521409975978 
1.519219721068 
1.519763016376 
1.518571947029 
1.518445518438 
1.519517099239 
1.530096292712 
1.538123076701 
1.535188267240 
1.527303485033 
1.529081150977 
1.529314846201 
1.524955157201 
1.528571529908 
1.526489436312 
1.527672762216 
1.525105815940 
1.525231195466 
1.525297166592 
1.524894643014 
1.524729301266 
1.525706396350 
1.521864823010 
1.518209425098 
1.520711637954 
1.518907164916 
1.520141427805 
1.524646695669 
1.524554498839 
1.524923948050 
1.522326142351 
1.522439765192 
1.525024036546 
1.526442691063 
1.524002480074 
1.521337062448 
1.522571300659 
1.522840140900 
1.525618383859 
1.525151740351 
1.521992123330 
1.520732514724 
1.520104111655 
1.519324454906 
1.519219426894 
1.519411243300 
1.518806081079 
1.521946537893 
1.520591288064 
1.522261047239 
1.519661805689 
1.513317018026 
1.513646031498 
1.515790152995 
1.517847011425 
1.515708497629 
1.516068730143 
1.519015428255 
1.534453398253 
1.534089482964 
1.532733580755 
1.529101183465 
1.530570497643 
1.533452061511 
1.533695208183 
1.529762942419 
1.528890083241 
1.533920622221 
1.532661738407 
1.534108139084 
1.533708091201 
1.534764754564 
1.539766641141 
1.534895607843 
1.532182811259 
1.533272595013 
1.529047723969 
1.527247648533 
1.524508050855 
1.523664594803 
1.523390219602 
1.529614959949 
1.531525576594 
1.531669631730 
1.535095320017 
1.539864695922 
1.533562619291 
1.532317908354 
1.532259151581 
1.532239610512 
1.531641493681 
1.528976007921 
1.528237901115 
1.529901237332 
1.535172729515 
1.529623291406 
1.520997595103 
1.525272565762 
1.524582385923 
1.531185512766 
1.532469265475 
1.529353767303 
1.527891779553 
1.532319883725 
1.533176683299 
1.535150965032 
1.533453290179 
1.538010918396 
1.538678760324 
1.537474243921 
1.532051047109 
1.532373307229 
1.531858122077 
1.524042354515 
1.524215327123 
1.528716646074 
1.529269479342 
1.523217928240 
1.526074336946 
1.523427514667 
1.530559394610 
1.528483275433 
1.531535679450 
1.530781053240 
1.533263411517 
1.532258665169 
1.531980135557 
1.536674125330 
1.535794752127 
1.536115066217 
1.535053563561 
1.533677813001 
1.530975758822 
1.527201293908 
1.531466910291 
1.528993268189 
1.530650452739 
1.530960042683 
1.529736686069 
1.530846749090 
1.530802109082 
1.528644092843 
1.527208379405 
1.525932971212 
1.524494619753 
1.513194490581 
1.511621878377 
1.511688294123 
1.516294981927 
1.513896810611 
1.511921154012 
1.508812362420 
1.516169484084 
1.525786067118 
1.534436448457 
1.529168423959 
1.529755901445 
1.527771615179 
1.523023986467 
1.523327714814 
1.523721405272 
1.523454906263 
1.520095334319 
1.518242348047 
1.518381626331 
1.519384356878 
1.511103896126 
1.506691441362 
1.502448917622 
1.512047707653 
1.517589935061 
1.524199953882 
1.525046697580 
1.522862515138 
1.524122272720 
1.521201791280 
1.518669925146 
1.520040568384 
1.524926350423 
1.530577128969 
1.527741822606 
1.535110764794 
1.530988749578 
1.530946162974 
1.530073682952 
1.527668793535 
1.527547016649 
1.531637292412 
1.523387353893 
1.528259401577 
1.527931053527 
1.527408785908 
1.528178323381 
1.528545790522 
1.527324918400 
1.524472414020 
1.527030236856 
1.521809113776 
1.520473547787 
1.526777692129 
1.528115630401 
1.526703736939 
1.525085368588 
1.526689121424 
1.527241715510 
1.525648263323 
1.527842863899 
1.529265377108 
1.529140011074 
1.526624606634 
1.525308834790 
1.529627206294 
1.529077443946 
1.528205604970 
1.522231773229 
1.525141631724 
1.524548500358 
1.523187648040 
1.522584504237 
1.522140064242 
1.522530692525 
1.520311418318 
1.524593476851 
1.525388166665 
1.518723091225 
1.519451120441 
1.519662017349 
1.522181166017 
1.522545889401 
1.517704998851 
1.513581541109 
1.514655195727 
1.515438331115 
1.515693882632 
1.520223949945 
1.520207215562 
1.519605344736 
1.518033627835 
1.519659767683 
1.518790043232 
1.509971415029 
1.513462625949 
1.515695647426 
1.515261047536 
1.516960705361 
1.522678884819 
1.525087079866 
1.522339035736 
1.522881693776 
1.516139313221 
1.523300317739 
1.521689490051 
1.523613723896 
1.523496767156 
1.526436848349 
1.523578238071 
1.520003402451 
1.519453365395 
1.523130987297 
1.526530586053 
1.522798462864 
1.524163985936 
1.524095112719 
1.523520419241 
1.521871713219 
1.521307635968 
1.522545284436 
1.522600888572 
1.523310258666 
1.521359640365 
1.522835879914 
1.523303279017 
1.521336678426 
1.515819860002 
1.513170381694 
1.514232891575 
1.521555959390 
1.521555959390 
1.522154842847 
1.515186138321 
1.519129534137 
1.517315755895 
1.509535709827 
1.515377517371 
1.517128394834 
1.515026032549 
1.508984065126 
1.509178552441 
1.514050605615 
1.517147672987 
1.516030707307 
1.514772867312 
1.518567684185 
1.513403981243 
1.515026532463 
1.515187753447 
1.512554696946 
1.518968501806 
1.518641007194 
1.518018427362 
1.518613479690 
1.514155547415 
1.514393240515 
1.522494139165 
1.523122772182 
1.518589929457 
1.522778966076 
1.523824001766 
1.519712787905 
1.515406954632 
1.526102913274 
1.528642208147 
1.523971805786 
1.519984272477 
1.514770818106 
1.517865171828 
1.518015208638 
1.521572157571 
1.519575606963 
1.524716665906 
1.526173509121 
1.528360303430 
1.524624876416 
1.524026478506 
1.524438436755 
1.525958194143 
1.526556206292 
1.526407898884 
1.525991767911 
1.526367490389 
1.523937310922 
1.524595909655 
1.521105076091 
1.522174139054 
1.521972972872 
1.523740739225 
1.522957782412 
1.519366238113 
1.519300238986 
1.516509852001 
1.525327632203 
1.526329027698 
1.528588392351 
1.529836785826 
1.528802340916 
1.528722343469 
1.525068803457 
1.523861551123 
1.528195457252 
1.528153276909 
1.528971831948 
1.526710987085 
1.529953803641 
1.526874966320 
1.526063466473 
1.524768554927 
1.524446465142 
1.525288333278 
1.520923332603 
1.524936112220 
1.523555514797 
1.522961574645 
1.521581440457 
1.528465907201 
1.532124836232 
1.531528576688 
1.532699682973 
1.529609032074 
1.530411830454 
1.531360501668 
1.532223814644 
1.532415615271 
1.535664754445 
1.525866682425 
1.526211357614 
1.527223973369 
1.527239779393 
1.527085329273 
1.528466144869 
1.519100969772 
1.512633940009 
1.521380566680 
1.526416073497 
1.524116708545 
1.516778007300 
1.517666972521 
1.520542134535 
1.519276693564 
1.521432486451 
1.521676967797 
1.522825227871 
1.522800451300 
1.523619125455 
1.523724666807 
1.525799120853 
1.529533093737 
1.521997956115 
1.523726042435 
1.523639232019 
1.517582369495 
1.520737095962 
1.524530112012 
1.527062024365 
1.529720217209 
1.530984021484 
1.533875910753 
1.532534759509 
1.531128068488 
1.532105706744 
1.535868876057 
1.529834777006 
1.528340368984 
1.529275718214 
1.528658147857 
1.526723839764 
1.528616167010 
1.526928497477 
1.524398593714 
1.525768091280 
1.524972225015 
1.528487607328 
1.529002161712 
1.526082998890 
1.531047205364 
1.531577579310 
1.526863387000 
1.529561740349 
1.526662599610 
1.525494458219 
1.525211792323 
1.531616860907 
1.527615010920 
1.528158563040 
1.535315061174 
1.538974486559 
1.539686783693 
1.538131283292 
1.537431160339 
1.538715521171 
1.541635732951 
1.541001785144 
1.540978018560 
1.545749533817 
1.539602399738 
1.539802864018 
1.536886637231 
1.532091634544 
1.535207970352 
1.533500316110 
1.534402921943 
1.534434260054 
1.524982975263 
1.527967480736 
1.527495902145 
1.526720606231 
1.533411994214 
1.532160645000 
1.532782571033 
1.532327086549 
1.531924209827 
1.530987337884 
1.525820668538 
1.527529968612 
1.528067600485 
1.531911376680 
1.526103517587 
1.526580819666 
1.522180748369 
1.519170923166 
1.518796904199 
1.518009185372 
1.521117608967 
1.522182306125 
1.519098624420 
1.521447474511 
1.522118250606 
1.517110817648 
1.519650771599 
1.523228631656 
1.523773352501 
1.525579941691 
1.525381127399 
1.524897844577 
1.526993859291 
1.526053392468 
1.525866354999 
1.524551937887 
1.523343510182 
1.527412774012 
1.526805142208 
1.529153832284 
1.529806748083 
1.527951450290 
1.529468218665 
1.527833021980 
1.529022644787 
1.530886239440 
1.532361037521 
1.534720426108 
1.532007216763 
1.533392679487 
1.531474485853 
1.530954848967 
1.521733053135 
1.524133603200 
1.522657923046 
1.521397341695 
1.521331371678 
1.522849633516 
1.523651664728 
1.525038906335 
1.523503296065 
1.523655494790 
1.523850209056 
1.523648669557 
1.523125246598 
1.522329382414 
1.523820408922 
1.523831312548 
1.523374285711 
1.523126281386 
1.523573850638 
1.521863534231 
1.521827401272 
1.521633365964 
1.521756682533 
1.521961359287 
1.521677362277 
1.522217511440 
1.520436087024 
1.521485362944 
1.523363930529 
1.522290057988 
1.521620655007 
1.522176941399 
1.523989071768 
1.524130879250 
1.523010161645 
1.520298137406 
1.518389584952 
1.520385645712 
1.518592841951 
1.523337965319 
1.523469949937 
1.521684501354 
1.517652092123 
1.522167085351 
1.520660488046 
1.523247193233 
1.520565957514 
1.521152095969 
1.518391866835 
1.517471601938 
1.518820186295 
1.522307631323 
1.520683282054 
1.521607162094 
1.520606678278 
1.522542665773 
1.525197926127 
1.527112513232 
1.527087804140 
1.532496366413 
1.535267850896 
1.532029440478 
1.533538290698 
1.532903840828 
1.531893892951 
1.532475978722 
1.532764907599 
1.532820921778 
1.531681194304 
1.531773794644 
1.531399292738 
1.526401713217 
1.527092984589 
1.527391973008 
1.529696883106 
1.528490946241 
1.533649925161 
1.528311202189 
1.531992906538 
1.531676655254 
1.530670843277 
1.529192471197 
1.527497691856 
1.528384077018 
1.526624927391 
1.526384472426 
1.525450282680 
1.527794789686 
1.524867302920 
1.525962727046 
1.526800336782 
1.527553601088 
1.526663505359 
1.524720505441 
1.524266811048 
1.524698578362 
1.520704097947 
1.521399083558 
1.520319494826 
1.518973168565 
1.519729845443 
1.521807835243 
1.520152965927 
1.525753359675 
1.524732139091 
1.527176283785 
1.527649839829 
1.527693443117 
1.527382823786 
1.529897248150 
1.530012921827 
1.526400966933 
1.524537400646 
1.529216122680 
1.531346247774 
1.532435134294 
1.531939508430 
1.532331150925 
1.533434012050 
1.534656799610 
1.534252803259 
1.535157999248 
1.534722805025 
1.535070847436 
1.539217004928 
1.537428217256 
1.538719549307 
1.534095620794 
1.534336450891 
1.534572517292 
1.532527077650 
1.532957511232 
1.527092661884 
1.525013394759 
1.523779817926 
1.524154778231 
1.522557376602 
1.522629003478 
1.522651253872 
1.521344986786 
1.519365081333 
1.518876675667 
1.517353326933 
1.520146804880 
1.523885632644 
1.524445588368 
1.523283324364 
1.523631428616 
1.523504460076 
1.524407463390 
1.522097477975 
1.522826566634 
1.524556692664 
1.525040679827 
1.526586402225 
1.526369429578 
1.527179940272 
1.527041348619 
1.526896947371 
1.525674602899 
1.526846932397 
1.526568151519 
1.526870192826 
1.525732238741 
1.526365647071 
1.525275067019 
1.524510443518 
1.523926501344 
1.523456679777 
1.522067088664 
1.522328561045 
1.520211132714 
1.520665527671 
1.519346277713 
1.520821566526 
1.519689051272 
1.519222181957 
1.518876182616 
1.518269424678 
1.518918677741 
1.518950226643 
1.518800391856 
1.520477380069 
1.519345392529 
1.518931965918 
1.519973487141 
1.517473177981 
1.514610971466 
1.514288989409 
1.515707999331 
1.516388990278 
1.520883189624 
1.521223696575 
1.518247349530 
1.522669303843 
1.524109100203 
1.525671676128 
1.525557585897 
1.525697777726 
1.519738273591 
1.525152146248 
1.527292783882 
1.528541777201 
1.528958200714 
1.528653665645 
1.534439236997 
1.533345634196 
1.532812706026 
1.532127086230 
1.531889940241 
1.531248036363 
1.530615828839 
1.529970832324 
1.527365419704 
1.525781096432 
1.526692554365 
1.526734532070 
1.526463192242 
1.525891944029 
1.522772011146 
1.519450293349 
1.517812253635 
1.515569561005 
1.520234321187 
1.520105354065 
1.518225772700 
1.514502399182 
1.516476483599 
1.518018144481 
1.517571204848 
1.523612302508 
1.519712658995 
1.520625528595 
1.521371359739 
1.519781861881 
1.520724424170 
1.521503292891 
1.518959343385 
1.520605337864 
1.519763396061 
1.523428111479 
1.521822366069 
1.525020540941 
1.525351471390 
1.524831264438 
1.523960555684 
1.526111979758 
1.524285071112 
1.523663478965 
1.523186123748 
1.524927903798 
1.523522629647 
1.525228804136 
1.524081837596 
1.519113267589 
1.521456737712 
1.522321055305 
1.523919241368 
1.526927210964 
1.528042938942 
1.525248950640 
1.532174731792 
1.519522560913 
1.522333161469 
1.518191308661 
1.520516779921 
1.518676192290 
1.515979235351 
1.522982349960 
1.529539546939 
1.534919867589 
1.532675356777 
1.539837443957 
1.537720779673 
1.532951269772 
1.539680802619 
1.539120347757 
1.541558096860 
1.532151222569 
1.518793217366 
1.513430325450 
1.509812766524 
1.521955801626 
1.524658599895 
1.528239113139 
1.528458384071 
1.527107443679 
1.524017569514 
1.525497851694 
1.528722582396 
1.520627339600 
1.522687952680 
1.524056651865 
1.527842143927 
1.527928355447 
1.530247733586 
1.536650144953 
1.539013788743 
1.535236913365 
1.535723474594 
1.532460389759 
1.538479543150 
1.539719517189 
1.533747979830 
1.532712056729 
1.528461594056 
1.532631553833 
1.518812408070 
1.520453180510 
1.521247442061 
1.527934968649 
1.534156696843 
1.527873417888 
1.530974602626 
1.530903816486 
1.518362497650 
1.519175986771 
1.525131455590 
1.529005360414 
1.526306355161 
1.526566987548 
1.529858138253 
1.539957664141 
1.527651623412 
1.533162746977 
1.541275554920 
1.527991727935 
1.526572921701 
1.527201520772 
1.526620763641 
1.522136351476 
1.528348036669 
1.528580206656 
1.530571301308 
1.528387669243 
1.530914789575 
1.531709475907 
1.541285866254 
1.536253620874 
1.526203780135 
1.524886566587 
1.520943680897 
1.519024218088 
1.522392162695 
1.520054710493 
1.514972516771 
1.515455902005 
1.524210774258 
1.531494764894 
1.529640107047 
1.525340300088 
1.532144223603 
1.533297988623 
1.531300439287 
1.525887866063 
1.527475425108 
1.531590400970 
1.532421462249 
1.528188521996 
1.528230041910 
1.528260377990 
1.525793423186 
1.528069087960 
1.531763974509 
1.528387576456 
1.526874738553 
1.528767520483 
1.525002511719 
1.525399840217 
1.521515065577 
1.524330371617 
1.521822997183 
1.521133014638 
1.520949924275 
1.522636488652 
1.526137362067 
1.528993664874 
1.523800282099 
1.521019816352 
1.522224247428 
1.521496373490 
1.521719203130 
1.519439392632 
1.519815715208 
1.521938812086 
1.521430805984 
1.518381211841 
1.516260424839 
1.519560887455 
1.516524203045 
1.519699489350 
1.521067496956 
1.521100257945 
1.515516965201 
1.520576218289 
1.523227457200 
1.534446997148 
1.531475106536 
1.522862916182 
1.514259354588 
1.519388209800 
1.523893733299 
1.528201942541 
1.530202352395 
1.529991710294 
1.532690426235 
1.533410563770 
1.535069748840 
1.528551987684 
1.529200310674 
1.528448642562 
1.531377305298 
1.529444781012 
1.528908763583 
1.530541197796 
1.530387223663 
1.530519187223 
1.532782891643 
1.531885957011 
1.535740266582 
1.533132694557 
1.534281578133 
1.531232533005 
1.531399675153 
1.530912450718 
1.537023218887 
1.534064714930 
1.533752107188 
1.532732720787 
1.529940668929 
1.531731197500 
1.534854602841 
1.534512728189 
1.530477348392 
1.533824672677 
1.534198512955 
1.530190465984 
1.525316013426 
1.528326783717 
1.527880644600 
1.529037856093 
1.530694022197 
1.528256920199 
1.531420901285 
1.534186878396 
1.531198223882 
1.530830747869 
1.527467081560 
1.527499433368 
1.524080225073 
1.523730667192 
1.526572262294 
1.522458883733 
1.524475883714 
1.522380068778 
1.524551806500 
1.527201745721 
1.527071654026 
1.530647352267 
1.532125405455 
1.527700421332 
1.527674631801 
1.528372266091 
1.528572415169 
1.527914869689 
1.527776492714 
1.527685653914 
1.526072912100 
1.526580138393 
1.525109601695 
1.528734158622 
1.525109109467 
1.524893603234 
1.522263490302 
1.524925835024 
1.522869291848 
1.525282426299 
1.531235699662 
1.527142013311 
1.528244715107 
1.531853403543 
1.530359866901 
1.529540034601 
1.531117790673 
1.532747243607 
1.531372804203 
1.534322834830 
1.532901692907 
1.532939016368 
1.532322387565 
1.533796533290 
1.538703069771 
1.543560542557 
1.544755512020 
1.539928236200 
1.539495858361 
1.537901588046 
1.537800291061 
1.538941529322 
1.538254007371 
1.537695884685 
1.538105760374 
1.538763062396 
1.539124986806 
1.540437581421 
1.533687814348 
1.533301847327 
1.537341995432 
1.533370068533 
1.534238809223 
1.532782567864 
1.531326070897 
1.528661718652 
1.530342064102 
1.532788616077 
1.535523177949 
1.526158866047 
1.524369514431 
1.526133626215 
1.522965559778 
1.525977017102 
1.522642032525 
1.520526599085 
1.521960817937 
1.520018437169 
1.518125366091 
1.522019537018 
1.519796352493 
1.520774572651 
1.517642905021 
1.520319758691 
1.523682259020 
1.521934901184 
1.521881667617 
1.519597098170 
1.518204507625 
1.525071298521 
1.529484388080 
1.523940457828 
1.524742621451 
1.514530170438 
1.519321093699 
1.517580176727 
1.516147898942 
1.517537642048 
1.521826054007 
1.516211640593 
1.517598101267 
1.519737517596 
1.523636913146 
1.521501830921 
1.519126591272 
1.519904605078 
1.518282885352 
1.520337824841 
1.514359891316 
1.514864886662 
1.513766827116 
1.514549850483 
1.517075664909 
1.515589954529 
1.516382909607 
1.514806244647 
1.515105109760 
1.512269883412 
1.509781486179 
1.511375207643 
1.510522456762 
1.512383962651 
1.515852835908 
1.516662731748 
1.522057218660 
1.517828803045 
1.517763136076 
1.520395556591 
1.523604858574 
1.522378022505 
1.521291101110 
1.520524188846 
1.514103871935 
1.519978783873 
1.519618707562 
1.515612278889 
1.518912331282 
1.523653390896 
1.529985362938 
1.531486391898 
1.532430659226 
1.532430659226 
1.532706094632 
1.531627990892 
1.528036094907 
1.527648615751 
1.525553786698 
1.523043329343 
1.523209198625 
1.527218777625 
1.527281827554 
1.526960867363 
1.527073171244 
1.528107948839 
1.528599296636 
1.532061235528 
1.528944450490 
1.536782436246 
1.532823228317 
1.534738230352 
1.535051415282 
1.533527992648 
1.534222051488 
1.534105786080 
1.538452857550 
1.539489366644 
1.535926335413 
1.534503794863 
1.532978280220 
1.527471295485 
1.526870377617 
1.531342537853 
1.531607105391 
1.533622937646 
1.530269776828 
1.526861379506 
1.527843018298 
1.525113578151 
1.524810605128 
1.526134360190 
1.528152285026 
1.530052044309 
1.527505053277 
1.532309471868 
1.534243654220 
1.536463732102 
1.537166009726 
1.534430495291 
1.532924636119 
1.511756506617 
1.516683475767 
1.515921878810 
1.517954035748 
1.520326827762 
1.520613053682 
1.518108313311 
1.519278736449 
1.516666712234 
1.515260620208 
1.516646784836 
1.518801130798 
1.515112787831 
1.519863478354 
1.524544124195 
1.528115188251 
1.525124411325 
1.530197542239 
1.534374973010 
1.539128178806 
1.531400476429 
1.524778446183 
1.527004533283 
1.523369038473 
1.523757886813 
1.530315845228 
1.528818217986 
1.521818468545 
1.523502521769 
1.523165537539 
1.533525752525 
1.536069936903 
1.531235536655 
1.533085903739 
1.530734145797 
1.530320854129 
1.532387254931 
1.531408374667 
1.531119275944 
1.519608851747 
1.513845135415 
1.515742803492 
1.519428525983 
1.520082950854 
1.526454165286 
1.528095887955 
1.528189322481 
1.526144539393 
1.522518554860 
1.523264219890 
1.521448421735 
1.524803679568 
1.515648474931 
1.518760159896 
1.518716228435 
1.523254335172 
1.519073351258 
1.525275390468 
1.519031073394 
1.511025238354 
1.507628539717 
1.509616022981 
1.511594697259 
1.513150574144 
1.512232132795 
1.511302299442 
1.503981967370 
1.516248457633 
1.524229718891 
1.529677052852 
1.525272973549 
1.540609247838 
1.530181751840 
1.525021585032 
1.525001810417 
1.532934248697 
1.530219583244 
1.523629155694 
1.531556856999 
1.524486461513 
1.522658661305 
1.527433078509 
1.529667199945 
1.532166075177 
1.533939238302 
1.530803176306 
1.534080038899 
1.535033000844 
1.528100250904 
1.535810016238 
1.524743481694 
1.522803156933 
1.525934456422 
1.526214624954 
1.527867598755 
1.525883410191 
1.519990750681 
1.526513110120 
1.528690808805 
1.528797049435 
1.533780704355 
1.536834541434 
1.533023133764 
1.534681045988 
1.530907646587 
1.530219710379 
1.527013204175 
1.526019110465 
1.521547876383 
1.521006738457 
1.528822481420 
1.532169644231 
1.530005958567 
1.535463505382 
1.533084239753 
1.532888426995 
1.528036316028 
1.526324237958 
1.527114814284 
1.526580869885 
1.522138750120 
1.526531503357 
1.523044601759 
1.524545859374 
1.528083394123 
1.528263554597 
1.528242654452 
1.524260664098 
1.522698124311 
1.526443579818 
1.527708565170 
1.528377182926 
1.527379280529 
1.521606698455 
1.518100312952 
1.518799972194 
1.515742546151 
1.511695962777 
1.511317871012 
1.510786423121 
1.519157110302 
1.516008084153 
1.514694448560 
1.515774923605 
1.515645621666 
1.519378358222 
1.516781824562 
1.509916779948 
1.515627592520 
1.519780514786 
1.519395950660 
1.523217617788 
1.521257188000 
1.520693937820 
1.516798297738 
1.518585238043 
1.518610875924 
1.517691197436 
1.516782127235 
1.514840085185 
1.518775820860 
1.521067980809 
1.519605314091 
1.528098407549 
1.528179966784 
1.530850168912 
1.533577765906 
1.528164721008 
1.529282652469 
1.527714366043 
1.526655124915 
1.526925344585 
1.536424587140 
1.528304791705 
1.526045624124 
1.527514302536 
1.525253628642 
1.526846769134 
1.527219618515 
1.529652205680 
1.530132253450 
1.528920333239 
1.528738142630 
1.527765721276 
1.529109659934 
1.527760273320 
1.527555485611 
1.525034751738 
1.520897912767 
1.521918675092 
1.522413040016 
1.522918770652 
1.523988667101 
1.525266900350 
1.526126416090 
1.523911737668 
1.523949088185 
1.525194259622 
1.527141108743 
1.529084559648 
1.529420649014 
1.531253029503 
1.535290875349 
1.536643692969 
1.538206288578 
1.530006938729 
1.531087797155 
1.529520470319 
1.529272258886 
1.523858080675 
1.526559542106 
1.530233430160 
1.531751063861 
1.528198127966 
1.528708420842 
1.527227417114 
1.528165326308 
1.528327239851 
1.529900123962 
1.534793849744 
1.532417209722 
1.530950412580 
1.526352631007 
1.525193422068 
1.523625957583 
1.522554482346 
1.522407339025 
1.521992545466 
1.525276315383 
1.526361440105 
1.523782373574 
1.523993725725 
1.523551694855 
1.524158169630 
1.523983901325 
1.524850365120 
1.526815796403 
1.525822410018 
1.526989703775 
1.527249706731 
1.526843142222 
1.526379070240 
1.529534846192 
1.525726258972 
1.527729512527 
1.525801684986 
1.521502187286 
1.520989619717 
1.519108125110 
1.526550640495 
1.529342432077 
1.524493782931 
1.526316295032 
1.522435552102 
1.523413539238 
1.528568284002 
1.528262310639 
1.526948373660 
1.527517058648 
1.528970667260 
1.523738150560 
1.523738150560 
1.524142419143 
1.525561112935 
1.525799160881 
1.528639993655 
1.530298145140 
1.526417099798 
1.526994254362 
1.523846975371 
1.522241340751 
1.524979353355 
1.523762889884 
1.521686787833 
1.523049710221 
1.523860819223 
1.525710673488 
1.528037911126 
1.532381563355 
1.537176641535 
1.538269039941 
1.533930969664 
1.532207917712 
1.532698115858 
1.532829753435 
1.532287065857 
1.531359484408 
1.532667075774 
1.533576174715 
1.532565645175 
1.530067946913 
1.539723523535 
1.533363267578 
1.534589781643 
1.530835716049 
1.533702994906 
1.534119070323 
1.533042680831 
1.535438803377 
1.537489863598 
1.529388718652 
1.530108666628 
1.539275336854 
1.539611265337 
1.534377203917 
1.536927529965 
1.534797199391 
1.540660245643 
1.535640978311 
1.535631733669 
1.535410746377 
1.527827129602 
1.527549340216 
1.527331153332 
1.529373414352 
1.527451495210 
1.526968589826 
1.528416932870 
1.524582191708 
1.515939854168 
1.516251808082 
1.515009503112 
1.516557144705 
1.516106303790 
1.519129251093 
1.518329477026 
1.514791116759 
1.517725326488 
1.513969142411 
1.518810313398 
1.517385924307 
1.520364251381 
1.521307293351 
1.514160334425 
1.515509254842 
1.514710486132 
1.518113753735 
1.514412997896 
1.514512717384 
1.513873908751 
1.518851698231 
1.521166379491 
1.520202814342 
1.520019876518 
1.519829364406 
1.520063375899 
1.525307847949 
1.524767238734 
1.528660569261 
1.525812503763 
1.527313517237 
1.526464625155 
1.527440276200 
1.526781266525 
1.527107233787 
1.526368733190 
1.526599173632 
1.527230615611 
1.527230615611 
1.525341409865 
1.524670245129 
1.527184740165 
1.528104028107 
1.523896136812 
1.525157563824 
1.525233593776 
1.522148494722 
1.526573264488 
1.528219620003 
1.526900522162 
1.523296462366 
1.526225864577 
1.524797126784 
1.525373050166 
1.525570145486 
1.524415128038 
1.524731191331 
1.517052030930 
1.515465321919 
1.520592043218 
1.518062201474 
1.525978083873 
1.523384413171 
1.517759141529 
1.521235468705 
1.519829224428 
1.522623628619 
1.524985051515 
1.525081722063 
1.526154335173 
1.531437439821 
1.526706918287 
1.537612807058 
1.529282444647 
1.526750100294 
1.525222341723 
1.526721147059 
1.523934443180 
1.522014581607 
1.527678505865 
1.523837453088 
1.527303005311 
1.526187579672 
1.523754669577 
1.531402936041 
1.527941486819 
1.531709377368 
1.537276408034 
1.534540635950 
1.535127008565 
1.537373709961 
1.536096644683 
1.530701839015 
1.533234454817 
1.529569322691 
1.530819562629 
1.529937586938 
1.529180642833 
1.529426997050 
1.522983575899 
1.514820328582 
1.517411683967 
1.528508854573 
1.529679786236 
1.524548982676 
1.522859586904 
1.524126392100 
1.525261020635 
1.525464048515 
1.531744114979 
1.535467004267 
1.527373163520 
1.529345206418 
1.543802460715 
1.528260721555 
1.529131640169 
1.529814048207 
1.530791389356 
1.528689300802 
1.525545336214 
1.523266255844 
1.525968523726 
1.528412853915 
1.527437912447 
1.528079430270 
1.536743443838 
1.532829175756 
1.526907592794 
1.527365786090 
1.527770064424 
1.520355000754 
1.522851482317 
1.515623497228 
1.521331427422 
1.515482784089 
1.519306340895 
1.516911407303 
1.524898869304 
1.516964341965 
1.514289489588 
1.529492246812 
1.531621059471 
1.533500870530 
1.522410449610 
1.517684649768 
1.519933089071 
1.522228802894 
1.529268549899 
1.528189430690 
1.525066183579 
1.524429957170 
1.518074339399 
1.518990383292 
1.518803159538 
1.515190749667 
1.518338100392 
1.512716080283 
1.508511710571 
1.519094353272 
1.514663980071 
1.518819563387 
1.523816004975 
1.520909498592 
1.518762264216 
1.517471797784 
1.519652258373 
1.519104551527 
1.515751538383 
1.513263611225 
1.513177570526 
1.514444111820 
1.528665082466 
1.523642441673 
1.525358888795 
1.533983221717 
1.534731801896 
1.535402992731 
1.532088703329 
1.530237425079 
1.536338758258 
1.536086640322 
1.529587145706 
1.531299214775 
1.531881329598 
1.529508224607 
1.528442866458 
1.528898330495 
1.527192972368 
1.527855732375 
1.537395867357 
1.536735225641 
1.535093031484 
1.535395139495 
1.544379171384 
1.546952329181 
1.541136085587 
1.543017747965 
1.545932334311 
1.536540376035 
1.536147367443 
1.535192504056 
1.536714139961 
1.537982648742 
1.535408550578 
1.530565528278 
1.524778548112 
1.521648354138 
1.522117068565 
1.518503773427 
1.520865417892 
1.517324540545 
1.518217458206 
1.517811160455 
1.526485292919 
1.523760591865 
1.529010337977 
1.530136606087 
1.527328811468 
1.527066940684 
1.521394405277 
1.516437992382 
1.514397307786 
1.515491771127 
1.526536346354 
1.529716818208 
1.529425872372 
1.524984405940 
1.527850918198 
1.525695322451 
1.524766208436 
1.525515707222 
1.527384879993 
1.527849620932 
1.525829852303 
1.529067604480 
1.531115280985 
1.534248748357 
1.529974294742 
1.526514711503 
1.530126357829 
1.527635025182 
1.529161896343 
1.529237066627 
1.529418072164 
1.534500275004 
1.528142876722 
1.520992020067 
1.522491000883 
1.527126705137 
1.526942582646 
1.527746002407 
1.528028567908 
1.527777546015 
1.531212358936 
1.525583633203 
1.524846534597 
1.526806247820 
1.528804461814 
1.527218377484 
1.524373501235 
1.525287125211 
1.526672275946 
1.525488831531 
1.525138033207 
1.534913244637 
1.528157701888 
1.533914433557 
1.534081689853 
1.533161752933 
1.530733209786 
1.530662901405 
1.527877537227 
1.527672016790 
1.526428010953 
1.530642926250 
1.533035407181 
1.530782626273 
1.529007176715 
1.526335787858 
1.526716384167 
1.522999669872 
1.526132675887 
1.524848574451 
1.528820070462 
1.525656733974 
1.525002126093 
1.526414706348 
1.526782644583 
1.526389598620 
1.529926486315 
1.529029063384 
1.530630827492 
1.529047885185 
1.529778317979 
1.528748900034 
1.527093767594 
1.527604423152 
1.526213277108 
1.522078039648 
1.532030566043 
1.528880626365 
1.529275303033 
1.533015217774 
1.534156137527 
1.535956470044 
1.534302499825 
1.534227219578 
1.532699243632 
1.529094310345 
1.526572599471 
1.526895595959 
1.525091969501 
1.522208346165 
1.522738550487 
1.524835504432 
1.518661030433 
1.524886032881 
1.524516799485 
1.525846626517 
1.526344513764 
1.534455670469 
1.534064738148 
1.533121287712 
1.535064644888 
1.537420192546 
1.532716422936 
1.534707408924 
1.536406215316 
1.533728530479 
1.537201595539 
1.537201595539 
1.538057159566 
1.540324546261 
1.538715886096 
1.539544549124 
1.540300914537 
1.535982348258 
1.534243371010 
1.534212827306 
1.534691144958 
1.534384081155 
1.533905895698 
1.531586738047 
1.531136033102 
1.531060572532 
1.530324864956 
1.535203737952 
1.535191197379 
1.534355019658 
1.533349324506 
1.530134468399 
1.528194343785 
1.524240240465 
1.524265633956 
1.524805135080 
1.527073592896 
1.527276983985 
1.528879442836 
1.527173690078 
1.528770747355 
1.529655634383 
1.529148485287 
1.526377184754 
1.522548508991 
1.523553137915 
1.523319765245 
1.523336027809 
1.526327745077 
1.525135493522 
1.525072296710 
1.531779382132 
1.525727949481 
1.527947177764 
1.528449808204 
1.530451442973 
1.531611858715 
1.533165872847 
1.531979974859 
1.535807134343 
1.534509791422 
1.530905752894 
1.530450914186 
1.530418997979 
1.533980247260 
1.532715956423 
1.532836853319 
1.533019057637 
1.534409265691 
1.534554130736 
1.534348945214 
1.535518205821 
1.533888418469 
1.538135928120 
1.531360399448 
1.527770207792 
1.527044885361 
1.527347050647 
1.527274575115 
1.527548983020 
1.527630952225 
1.527549337006 
1.526210849371 
1.528504028847 
1.528575998944 
1.528666877534 
1.529815053238 
1.530676321934 
1.530617861621 
1.528391406245 
1.526850429963 
1.525135421088 
1.527041781884 
1.526494095918 
1.529786852455 
1.529075570369 
1.532454285845 
1.526059302911 
1.526018743681 
1.526566371906 
1.525996742776 
1.524851148250 
1.521754021886 
1.525188665372 
1.527667806660 
1.527051717234 
1.526029642229 
1.527872897754 
1.527716152060 
1.530945145848 
1.528864592442 
1.529110134060 
1.526905556145 
1.524805020620 
1.522776695061 
1.524194657040 
1.519804869731 
1.519086718901 
1.522153267888 
1.522060226944 
1.518695369395 
1.525946851074 
1.523043165877 
1.527729686435 
1.526971253079 
1.521926376386 
1.529692266501 
1.527665090617 
1.521553763073 
1.523511510896 
1.530176284562 
1.528102743430 
1.527049320730 
1.526762940427 
1.522602827848 
1.524955425242 
1.523549668080 
1.523888122929 
1.526178998029 
1.521224865422 
1.521585605829 
1.522108137050 
1.522292862156 
1.520156346411 
1.518814253831 
1.524166492780 
1.522445502690 
1.522876601536 
1.526833768544 
1.513141920233 
1.519647106403 
1.523819344239 
1.519196995074 
1.531191058169 
1.531721900863 
1.533445876503 
1.529970542066 
1.520932056737 
1.524906633082 
1.524146598851 
1.529641609487 
1.529722741972 
1.545999850071 
1.536743838637 
1.537159996463 
1.533236528832 
1.524829895903 
1.527970963692 
1.526667619256 
1.535846893375 
1.536688788132 
1.529196805872 
1.528097112878 
1.531638587306 
1.526540120712 
1.534525015119 
1.531878551427 
1.532365646931 
1.536565053971 
1.530011955486 
1.528601881603 
1.522300550815 
1.524276440915 
1.523119219406 
1.532566047614 
1.535446567927 
1.530095882010 
1.536751795961 
1.536154796791 
1.525681985386 
1.531085403993 
1.529635273587 
1.532010976245 
1.538857450319 
1.541257830104 
1.541025640377 
1.542511703910 
1.538665540269 
1.539292257978 
1.533457849217 
1.536747665873 
1.536536333569 
1.532176684933 
1.533265805514 
1.526224795630 
1.531447432973 
1.537500410161 
1.534562113390 
1.537759701466 
1.538636230605 
1.538966439297 
1.537051195850 
1.541869123749 
1.536701161595 
1.536509839335 
1.541449195934 
1.540725381494 
1.542227467918 
1.551261902447 
1.542376911165 
1.539879834832 
1.537951325585 
1.541025792204 
1.528669119701 
1.525192738481 
1.525444063789 
1.521338166078 
1.526547091250 
1.529461573031 
1.528225256126 
1.529657123165 
1.528201498199 
1.519702246109 
1.522772714222 
1.521270735587 
1.514803778661 
1.517721030045 
1.524260285913 
1.524508112758 
1.524065636604 
1.518046042152 
1.517911632294 
1.517767803088 
1.515040291483 
1.514739548732 
1.518100523645 
1.517690912597 
1.515900880351 
1.513780756578 
1.513896397675 
1.504337909532 
1.502133901308 
1.499256865534 
1.503866889044 
1.517960674388 
1.526301528273 
1.529168738414 
1.532407505163 
1.533977359817 
1.535895991724 
1.533305777119 
1.531318733460 
1.530961836269 
1.530088673053 
1.530804374561 
1.526713640343 
1.521340586992 
1.520288997326 
1.521285935593 
1.519964204168 
1.520634047905 
1.517898107298 
1.517923436464 
1.520046176055 
1.519255543076 
1.520382212717 
1.521291988627 
1.521110882147 
1.523026118973 
1.523061535043 
1.523389727177 
1.523565163143 
1.524214948289 
1.524121926314 
1.523899778184 
1.522148800476 
1.519839140196 
1.520538760915 
1.514813113875 
1.515906076448 
1.514573911215 
1.518256069561 
1.516365640303 
1.521529889245 
1.521404874607 
1.516382005224 
1.515431099722 
1.513811773489 
1.515478236341 
1.511570489670 
1.511207207567 
1.511076814764 
1.510892781184 
1.515071666698 
1.509033890573 
1.508856292263 
1.514175287074 
1.511179080722 
1.512153773246 
1.520387747711 
1.524421749915 
1.525312216350 
1.527938436203 
1.529530719326 
1.527486709174 
1.532882385662 
1.522068385869 
1.522769402193 
1.523133934569 
1.524426054787 
1.522204650446 
1.523847536424 
1.527649354631 
1.527009598843 
1.530093743801 
1.529799380481 
1.536228823779 
1.537419220634 
1.537368648059 
1.537221448727 
1.538544600947 
1.535844402566 
1.537670386692 
1.532258519486 
1.532867811488 
1.535265984046 
1.534092487079 
1.535821415940 
1.535565813602 
1.529225160222 
1.528546471536 
1.527906271403 
1.527232441693 
1.525567760226 
1.523798518388 
1.523647948924 
1.524001070484 
1.524696735009 
1.526395962649 
1.526460117840 
1.524899438102 
1.523988810023 
1.523726624424 
1.519251902985 
1.520029080139 
1.520013372164 
1.520311976532 
1.524291732069 
1.528209203422 
1.526948660985 
1.527919106962 
1.528038769137 
1.527382971028 
1.527439600508 
1.526685083641 
1.526868224779 
1.527231490883 
1.527969634336 
1.528188426706 
1.526864715519 
1.530077040527 
1.531946804224 
1.535683602010 
1.533169947397 
1.535467742058 
1.531447146727 
1.530635735254 
1.531449228221 
1.521449244147 
1.520516031383 
1.522613699575 
1.523897360112 
1.522108391631 
1.521612886927 
1.524365096360 
1.528549134640 
1.529814182591 
1.531090303421 
1.532522222080 
1.537085747942 
1.533084977512 
1.536039292560 
1.541804144230 
1.536718964190 
1.537432764964 
1.535719350232 
1.535578668356 
1.535578668356 
1.534954268381 
1.533817893588 
1.533560257943 
1.534870379688 
1.532998479132 
1.531700819775 
1.526288253266 
1.529419593388 
1.527518810778 
1.527620825685 
1.526452366435 
1.526434983016 
1.526286751855 
1.523800659689 
1.527876765455 
1.526513828680 
1.527274045486 
1.530257759553 
1.531032200236 
1.531699937470 
1.532699548691 
1.531796320454 
1.531508057877 
1.534241621165 
1.534719215003 
1.534348486008 
1.533075180064 
1.532479302340 
1.532686971405 
1.533836740303 
1.532430806380 
1.532941600710 
1.534335509957 
1.535209879270 
1.536515732625 
1.536192018892 
1.539145183441 
1.533208462503 
1.539870934945 
1.540134710429 
1.533400143555 
1.532992816168 
1.529240653532 
1.524442375323 
1.525489817232 
1.528411611786 
1.530396013043 
1.536234717643 
1.536063172364 
1.533379629001 
1.532824100386 
1.531212085010 
1.530716316863 
1.530127685266 
1.528947194517 
1.528389176774 
1.528672387760 
1.528556315429 
1.528489963583 
1.529536949759 
1.529404906825 
1.528567238366 
1.526603945712 
1.526694322050 
1.533055618385 
1.530671494479 
1.527683730820 
1.528285158729 
1.527274503989 
1.527548673033 
1.528514263637 
1.529917345800 
1.530887902759 
1.528301019420 
1.531069992022 
1.528067360457 
1.528054604692 
1.528082188191 
1.527781101246 
1.528351382149 
1.526125041502 
1.527222585892 
1.530169482533 
1.531257408673 
1.530662477424 
1.529869642917 
1.529919584599 
1.530717002889 
1.529652892656 
1.529118965054 
1.530308940724 
1.530502431491 
1.530848944373 
1.530670756498 
1.530130813929 
1.531267205564 
1.531055792125 
1.531064049258 
1.530598784154 
1.530618032203 
1.530618032203 
1.530727421841 
1.531051113011 
1.528455198939 
1.521751405981 
1.521820723719 
1.519674444420 
1.519907346770 
1.519154542508 
1.518268592673 
1.523387709349 
1.520589239068 
1.527668291683 
1.525664613686 
1.526683725544 
1.524286507093 
1.524599300579 
1.528684759823 
1.533815238333 
1.538752095309 
1.532008196090 
1.530927813245 
1.527608169667 
1.525057139421 
1.521370598052 
1.522628568924 
1.521319014622 
1.519630646325 
1.521759431003 
1.517135232298 
1.521119451420 
1.523918818421 
1.524590158858 
1.521912859983 
1.522862179772 
1.523331404071 
1.522459079506 
1.522687266300 
1.522540626980 
1.522287920764 
1.518777411663 
1.521445767629 
1.520097604530 
1.516292322521 
1.517256735032 
1.521264085773 
1.522277061272 
1.522140632945 
1.524284846017 
1.523702695954 
1.520683216151 
1.520835864804 
1.516442987429 
1.518013455111 
1.520254592332 
1.521248524589 
1.518595980609 
1.519985955423 
1.520990484986 
1.519318750203 
1.525436282766 
1.527435113780 
1.527213966831 
1.527743632662 
1.529794715358 
1.528981506631 
1.528352913162 
1.528222202450 
1.528331254849 
1.528695439011 
1.525960486615 
1.528162809344 
1.527852355325 
1.531070095669 
1.530393010629 
1.528292168493 
1.528247484224 
1.528035701466 
1.528856030845 
1.527987772969 
1.529512530749 
1.529916018301 
1.528551736851 
1.527143416310 
1.527685132662 
1.527953338326 
1.526602519069 
1.526731535682 
1.530830520165 
1.531127614363 
1.530707372558 
1.530414641420 
1.528632425685 
1.529301631997 
1.528529689674 
1.521904614138 
1.524362642586 
1.523981398440 
1.524111600931 
1.524033280706 
1.523787726666 
1.526245063621 
1.527328618768 
1.524472137673 
1.526280507432 
1.525794786732 
1.523880639624 
1.524827738497 
1.523977362437 
1.524879422691 
1.523385106507 
1.521479482283 
1.520833190498 
1.519133186164 
1.523748613702 
1.523090576060 
1.523188825449 
1.523828044242 
1.524464780485 
1.519620386772 
1.520493251382 
1.520875361347 
1.519756634347 
1.524160998010 
1.528005680946 
1.527058053122 
1.528172010111 
1.524490546338 
1.522589087925 
1.520921817717 
1.520249759547 
1.519544492172 
1.522133197733 
1.518752754017 
1.520199157720 
1.519546128849 
1.520932244256 
1.522945562904 
1.523937116126 
1.525207461792 
1.525874081849 
1.525377014872 
1.526253035705 
1.527982601511 
1.529389592040 
1.528746624688 
1.529334181142 
1.529756740583 
1.528626283088 
1.529592634366 
1.534379299422 
1.526565660183 
1.521816006093 
1.522409758007 
1.522798285441 
1.523244067601 
1.521404761895 
1.523105741804 
1.524412457556 
1.522001183363 
1.525390920949 
1.524660029851 
1.524785588941 
1.524750780047 
1.526655609581 
1.528237817114 
1.528896410957 
1.528283410937 
1.528413897047 
1.534475409491 
1.531456098965 
1.526837145154 
1.526449883531 
1.527134544832 
1.526255372924 
1.530156616925 
1.530032980059 
1.531117978648 
1.529852211155 
1.524469770995 
1.525701422127 
1.524072697361 
1.522679428620 
1.522805796083 
1.522541297012 
1.521583708525 
1.522891009274 
1.522514391426 
1.522977062582 
1.523156070589 
1.523691087946 
1.523917888815 
1.524360113089 
1.526968372224 
1.528292309558 
1.530746353026 
1.530069275203 
1.530543538645 
1.529384783110 
1.531374014830 
1.529639357370 
1.530316929406 
1.527714885086 
1.525119044580 
1.525152803013 
1.524572276957 
1.525760747780 
1.531270011426 
1.530507566134 
1.530511040450 
1.529259226637 
1.530201381257 
1.533886288272 
1.532517047831 
1.533698067982 
1.534492394027 
1.534784155139 
1.532578798967 
1.533949138390 
1.530509865163 
1.530867776602 
1.530880134703 
1.530667716370 
1.527330832152 
1.522227541001 
1.527275099755 
1.528287046571 
1.528008376845 
1.528173854739 
1.530510115344 
1.529708946639 
1.530228680136 
1.529428610395 
1.531477895860 
1.531252881046 
1.532354095053 
1.535931575806 
1.538424364538 
1.539614183829 
1.542435093708 
1.542453602873 
1.540280090041 
1.538913561477 
1.537581832673 
1.538826865768 
1.538026978190 
1.541796741824 
1.539439031962 
1.542026246225 
1.540829257894 
1.540397867746 
1.536640196794 
1.537081410835 
1.540570309285 
1.540217607889 
1.536282843861 
1.537635019909 
1.538235822557 
1.539229530280 
1.539494449477 
1.539554153193 
1.538860786410 
1.538565263300 
1.539501948991 
1.536808557363 
1.534668092382 
1.534539987967 
1.534563053190 
1.537969981843 
1.535710338157 
1.535602754917 
1.536919559376 
1.535232072195 
1.536868631516 
1.536637423874 
1.538684899046 
1.538395210739 
1.537431096131 
1.541837319071 
1.536592968797 
1.535986129405 
1.535024712872 
1.534988205776 
1.529444287970 
1.530048510557 
1.529944690325 
1.531685828678 
1.532051399564 
1.529626958804 
1.529460481282 
1.531733033699 
1.531586622547 
1.530891709296 
1.529325000763 
1.528355445424 
1.528612035794 
1.528745641422 
1.528805051446 
1.524964228639 
1.526134575529 
1.527557717378 
1.527846611127 
1.527671227328 
1.528464404935 
1.528140577431 
1.526842961658 
1.526083146755 
1.527350889033 
1.532253686831 
1.532275732103 
1.528578411835 
1.528631229242 
1.529370015472 
1.529136311794 
1.531175265429 
1.531277253502 
1.528919385496 
1.528067227627 
1.528010349177 
1.527595508626 
1.529580803681 
1.529222549098 
1.529205997213 
1.530276530160 
1.530208409370 
1.528977125061 
1.529140631034 
1.529050139252 
1.529110235260 
1.525594989975 
1.525718951670 
1.528320633266 
1.527955073812 
1.530602567546 
1.530536673428 
1.530111659383 
1.529174192686 
1.529248242209 
1.527443290586 
1.531494173709 
1.529583887053 
1.524742303841 
1.526784772384 
1.524648849943 
1.522907167617 
1.520681260981 
1.522011048853 
1.522767423278 
1.517426765729 
1.512569418126 
1.515122555625 
1.516792099522 
1.519391813519 
1.520110101680 
1.522082396702 
1.524098486677 
1.523075964697 
1.519589660544 
1.520524773141 
1.522657383311 
1.525927032177 
1.520371051773 
1.518882216645 
1.519124724378 
1.519824935979 
1.520088427336 
1.518679239757 
1.515546731053 
1.514957996022 
1.516352998374 
1.518000378084 
1.515843277794 
1.513928903867 
1.513373222980 
1.520326046790 
1.515406557816 
1.515737101229 
1.519545292158 
1.520253138242 
1.514772947360 
1.519779849260 
1.523869517342 
1.525577980761 
1.522645661935 
1.524091380796 
1.519761160773 
1.519278606976 
1.521121006551 
1.535874999023 
1.523515002646 
1.522976771843 
1.520516069363 
1.520160339741 
1.525160320068 
1.532793323153 
1.540106363724 
1.531846271516 
1.534115577099 
1.533575827617 
1.530848074981 
1.530781056153 
1.531021003110 
1.526298737455 
1.529623375562 
1.526356756501 
1.527599365502 
1.525276936438 
1.524753526984 
1.525153299156 
1.524812901753 
1.524812901753 
1.526849100693 
1.521779093325 
1.522472198981 
1.524540330085 
1.524017577910 
1.520540821051 
1.517673577842 
1.517936516754 
1.514685497846 
1.512793750874 
1.514500384811 
1.516908084225 
1.516559089364 
1.513591775496 
1.517134437827 
1.520106426504 
1.522124899452 
1.523356645862 
1.525586256192 
1.525632026346 
1.526217229390 
1.526328531686 
1.523337388521 
1.523898884249 
1.524181640951 
1.526809252474 
1.526512408399 
1.526874122014 
1.526517057748 
1.522105632620 
1.525703311900 
1.527936397848 
1.524761576875 
1.523831600510 
1.526406673618 
1.526301443227 
1.525641160670 
1.526512887135 
1.522050933499 
1.524243349120 
1.524787568821 
1.526618213331 
1.526630841981 
1.525376591698 
1.526227116987 
1.528837715813 
1.529049240284 
1.529120153813 
1.527305764120 
1.521283452463 
1.523291524402 
1.526823329127 
1.527409192716 
1.527229179464 
1.526688465976 
1.526472351089 
1.526475994479 
1.526597413108 
1.526955372249 
1.527542217656 
1.524974471322 
1.516780018272 
1.517396470154 
1.515620488368 
1.516304212836 
1.515578490695 
1.518351281229 
1.516531747527 
1.515443087879 
1.515423343120 
1.517342248224 
1.517474566407 
1.519180212236 
1.520564350678 
1.522646000002 
1.521541792304 
1.522187037660 
1.520563855122 
1.520715256067 
1.520932744274 
1.522756617896 
1.521260936519 
1.518120889611 
1.520078757923 
1.521664385799 
1.525847392988 
1.528331127281 
1.527280053130 
1.527353792573 
1.533867756431 
1.533562282146 
1.533938819969 
1.535686250638 
1.537787560983 
1.539117410518 
1.538743379041 
1.538275315348 
1.542651184246 
1.536657707220 
1.533538627941 
1.534400878227 
1.535938853788 
1.537269637939 
1.537529431014 
1.542137473799 
1.537789609060 
1.534590041319 
1.535091189456 
1.536446375497 
1.530523060541 
1.532000937386 
1.531789552903 
1.526901685874 
1.521742129566 
1.520778540945 
1.524037443337 
1.524327731986 
1.525000156826 
1.525875098301 
1.526894775165 
1.524840395614 
1.522755807713 
1.524244024466 
1.524763911697 
1.526040304338 
1.526782279582 
1.527985542618 
1.526355658616 
1.527158379528 
1.526922224889 
1.527367902825 
1.527031707635 
1.525826474664 
1.520431888843 
1.524880476704 
1.525657370228 
1.527170949364 
1.526330140775 
1.525552764298 
1.524836119212 
1.524791009107 
1.525214991045 
1.526916945153 
1.527888411639 
1.526639747426 
1.527517917952 
1.528037474702 
1.530503656233 
1.527541597106 
1.526319273483 
1.525421486495 
1.525419135429 
1.525870722955 
1.524934009294 
1.525280908955 
1.523848318462 
1.525244214889 
1.528256371112 
1.531066281194 
1.529079921215 
1.528540361650 
1.527929214254 
1.528167608964 
1.526358471837 
1.527359662815 
1.528616508188 
1.528889282393 
1.530429888265 
1.529355698323 
1.528864427905 
1.527472116536 
1.524738864769 
1.527510455256 
1.523641190277 
1.523478522223 
1.521760814803 
1.518505165350 
1.519150744042 
1.523315317099 
1.526410357155 
1.528994148910 
1.529001620980 
1.527635118970 
1.527439714950 
1.529557713807 
1.527476085562 
1.526320454714 
1.533242500316 
1.533608027670 
1.535574255860 
1.534896611871 
1.533925788046 
1.536351288313 
1.538173399743 
1.536941854488 
1.535652151961 
1.535643472206 
1.533915421237 
1.534777797334 
1.534555803499 
1.535171635378 
1.532504871778 
1.530624048005 
1.529105155542 
1.530416750766 
1.530244248302 
1.530674183828 
1.531589445028 
1.532831853461 
1.530793823067 
1.533857542878 
1.533786494708 
1.531313723515 
1.529661695713 
1.530567144204 
1.530179045538 
1.530052234970 
1.530337686138 
1.530126214586 
1.530374516884 
1.532917006436 
1.531231543486 
1.527680203434 
1.527881968289 
1.528904289009 
1.530831347912 
1.531184627101 
1.527812290127 
1.531294413524 
1.532643740646 
1.532079708714 
1.532383896149 
1.533094454740 
1.535088345642 
1.535080730612 
1.533606333366 
1.532690665298 
1.534575390692 
1.534118829060 
1.533606976411 
1.532188063059 
1.528962952163 
1.530081738805 
1.531990312506 
1.529919037874 
1.530376273736 
1.532740735004 
1.533797370199 
1.533119730605 
1.533550580539 
1.534437950225 
1.533956917139 
1.535431301900 
1.534702617457 
1.533225823821 
1.531050322019 
1.533516125648 
1.532997671203 
1.529684008310 
1.534489961542 
1.528613257229 
1.531826087570 
1.532663079904 
1.533688275750 
1.531043874598 
1.534517953252 
1.534695836718 
1.535253660911 
1.531955395403 
1.534320489025 
1.533568883430 
1.533723523785 
1.533833238675 
1.533999349219 
1.533369396091 
1.526377094268 
1.533295174100 
1.534458472763 
1.532235248770 
1.534217509305 
1.533261448960 
1.532762965994 
1.534891027254 
1.535397031153 
1.535725444933 
1.534498845547 
1.533344820119 
1.533573226098 
1.538021287489 
1.539882597418 
1.532195436433 
1.528160718455 
1.531483037766 
1.531201327758 
1.530071141088 
1.527978496126 
1.533012808955 
1.533039186581 
1.529732818311 
1.527731306318 
1.525773359192 
1.524069251062 
1.522759707697 
1.521016989617 
1.523164639367 
1.522364189010 
1.522306185972 
1.522663431198 
1.522891175668 
1.523703474564 
1.519329279217 
1.521608035511 
1.522324546358 
1.523388661966 
1.525078909055 
1.524485995168 
1.524417937156 
1.522430055060 
1.522103013844 
1.521208126110 
1.520288441538 
1.513995533360 
1.515881885043 
1.514933766445 
1.516782999426 
1.517295128061 
1.519986175606 
1.519320198906 
1.519463902588 
1.519106527259 
1.519001937362 
1.519727989817 
1.523957500226 
1.524305277046 
1.525024669854 
1.525022402415 
1.524557401987 
1.525875328582 
1.525860919932 
1.525860919932 
1.525813084044 
1.525373818155 
1.524818819045 
1.525712612013 
1.525588148099 
1.525687529901 
1.525618416019 
1.525676755595 
1.524105987919 
1.523726205441 
1.523420571903 
1.522840839352 
1.521460743128 
1.519470125365 
1.518830131882 
1.519801956254 
1.515309381676 
1.515454289939 
1.512218028078 
1.515566083834 
1.519968127079 
1.515229928901 
1.524894720413 
1.525955181554 
1.525048236437 
1.523237599575 
1.525674604819 
1.525097254717 
1.519805703147 
1.517555576459 
1.520653125899 
1.514059316576 
1.511933173834 
1.510357186207 
1.512615973488 
1.515480050544 
1.515841273616 
1.522357428563 
1.529757944902 
1.524219371512 
1.528427453013 
1.523164302962 
1.525252608070 
1.529795946733 
1.530877576014 
1.528264950876 
1.529910509406 
1.530927507318 
1.533984650934 
1.532975070935 
1.529900807381 
1.533321939269 
1.533106046041 
1.533773759480 
1.535388216949 
1.531654995616 
1.534909406029 
1.538724348416 
1.538007680606 
1.536487942869 
1.528016256320 
1.531126236273 
1.532571124953 
1.527124580446 
1.524792036422 
1.521065080333 
1.518604177976 
1.524981922775 
1.532123594166 
1.532010837410 
1.530737497772 
1.533846552372 
1.533381946811 
1.537859699529 
1.531500844249 
1.526489059347 
1.528283483679 
1.524587414950 
1.525273091474 
1.521768758540 
1.527365724581 
1.526018018621 
1.525157412697 
1.527129044625 
1.530272105347 
1.535710665095 
1.533221135100 
1.531405577408 
1.535002244151 
1.537853785004 
1.530688603755 
1.528098697712 
1.515573238695 
1.515799369870 
1.524005491178 
1.522293401285 
1.522043249906 
1.523095188146 
1.521822178055 
1.516236251021 
1.517955896983 
1.520629567036 
1.523941634935 
1.523135137863 
1.519087400404 
1.528413023913 
1.530084260912 
1.525491473795 
1.519680954125 
1.516223383211 
1.520093777160 
1.518888319135 
1.514216816751 
1.516009137347 
1.516700570475 
1.520123626494 
1.520816855276 
1.522038188903 
1.525940570418 
1.525455215099 
1.525627134179 
1.525636021024 
1.525980269264 
1.524761248656 
1.527532733496 
1.526411119028 
1.527624379279 
1.524091047695 
1.523422855923 
1.517178890512 
1.516561038098 
1.518990678156 
1.520080204637 
1.518753647668 
1.523905627728 
1.523548982774 
1.529255242947 
1.529379157725 
1.526237169804 
1.521969016675 
1.522484318430 
1.525377094190 
1.525083282744 
1.525312545893 
1.525762974607 
1.525514682733 
1.523361968747 
1.523892603518 
1.523872861232 
1.522690481961 
1.523079672748 
1.521932678557 
1.520808300306 
1.519022980254 
1.518730178049 
1.516549669198 
1.516806136177 
1.516832885289 
1.526315819548 
1.529067374054 
1.532206748673 
1.534397020876 
1.536991300040 
1.534287200512 
1.532956417700 
1.530234681236 
1.531167634393 
1.530195219669 
1.545406345565 
1.543789818866 
1.538153488579 
1.536784824720 
1.535960757191 
1.537246070182 
1.536490240909 
1.537088178643 
1.535786437242 
1.534834434068 
1.525738984684 
1.533894462462 
1.534645295403 
1.537726149485 
1.535249197506 
1.534255479309 
1.531106503441 
1.531028812217 
1.532031266511 
1.532148099719 
1.527619184957 
1.525194212013 
1.524619834715 
1.522940628628 
1.522625143497 
1.522678150165 
1.525478364406 
1.525371944681 
1.525631105393 
1.526128069205 
1.525694792154 
1.526521675131 
1.524916811086 
1.524491589133 
1.524293529910 
1.524309389442 
1.522549794626 
1.526470871914 
1.525737661034 
1.525064153093 
1.520159176569 
1.524508551580 
1.523386452716 
1.523244082563 
1.523541726570 
1.521850594543 
1.524566519754 
1.523943052086 
1.524267129756 
1.522700146724 
1.524021720913 
1.524191040964 
1.523013388562 
1.522109363435 
1.522098697224 
1.521741535306 
1.520007386398 
1.522318262769 
1.518470507693 
1.520721980902 
1.519635984237 
1.520603478621 
1.519973492978 
1.520493724459 
1.521809021034 
1.520553235907 
1.520715838220 
1.520268075414 
1.517713908561 
1.512839002226 
1.516231908268 
1.513688102703 
1.515988094404 
1.518028732596 
1.515542054521 
1.514991243770 
1.515203677932 
1.515367952279 
1.514957680847 
1.513446113806 
1.514269156246 
1.513466958410 
1.512108844607 
1.513034704596 
1.510633784899 
1.516986625982 
1.517967349799 
1.519836367847 
1.519505598975 
1.519803986293 
1.519780479839 
1.521090611518 
1.519257880723 
1.519010434995 
1.520069553870 
1.522240136987 
1.523143071653 
1.517753882093 
1.519885449695 
1.520451628060 
1.519943108023 
1.517761448463 
1.516100997017 
1.518662707132 
1.518573394895 
1.516893882414 
1.517241862215 
1.515172729905 
1.516366135644 
1.515674125686 
1.512817057121 
1.513181818887 
1.512065285723 
1.514198649612 
1.514452638498 
1.512839455183 
1.515873509484 
1.515462852250 
1.517497798235 
1.517629282944 
1.516362427509 
1.517335060171 
1.521030221230 
1.516804699782 
1.517799505908 
1.514958922943 
1.517409143163 
1.515656624337 
1.511482742753 
1.511858702329 
1.515068232918 
1.514883339873 
1.513593049746 
1.511961855625 
1.507682741112 
1.513237301569 
1.519245977157 
1.515676557026 
1.518462566315 
1.518503734091 
1.519943527492 
1.520335479422 
1.521460561751 
1.521214453635 
1.522836179138 
1.523720137871 
1.525266011209 
1.526441760032 
1.526224763246 
1.528833719350 
1.529541451172 
1.529240533355 
1.530265360544 
1.527447478251 
1.528023427970 
1.526092411567 
1.526335566368 
1.525845307074 
1.525628145915 
1.525493240143 
1.528030573080 
1.526955366872 
1.524618440797 
1.524488203137 
1.523702538808 
1.525903226438 
1.525484322332 
1.527554327636 
1.527774550570 
1.529136070729 
1.528257488553 
1.525204263560 
1.526583145165 
1.524802912964 
1.526318195509 
1.526466404525 
1.527218224042 
1.525727701719 
1.522536630320 
1.520238779694 
1.522342544588 
1.519797591189 
1.524111928244 
1.525464501013 
1.525748266841 
1.526666459493 
1.524843974190 
1.523628960855 
1.522389693691 
1.525438755814 
1.523736035394 
1.524248855242 
1.523408661642 
1.525664973017 
1.524568980967 
1.523488731183 
1.522348553782 
1.522855214819 
1.520440988756 
1.519404915870 
1.524820064736 
1.518952403226 
1.520210885225 
1.524387031796 
1.524766471208 
1.521540648469 
1.520246725108 
1.515226994659 
1.514825889235 
1.516020610738 
1.515359158718 
1.515298508647 
1.517485039852 
1.515334070854 
1.516778874023 
1.516720225056 
1.516281319351 
1.517085845038 
1.516803063151 
1.511569999557 
1.518133642066 
1.520653216271 
1.521305999676 
1.520866569167 
1.530751538231 
1.527746765025 
1.530590430677 
1.530956034614 
1.528773096452 
1.527175175648 
1.536135163980 
1.530693215864 
1.533451152708 
1.529843152801 
1.526178220309 
1.529952188408 
1.529436348205 
1.529007065862 
1.538624645302 
1.539733202969 
1.539478688790 
1.543090345598 
1.546021634944 
1.530922767014 
1.530689927776 
1.534863799506 
1.534163326931 
1.534131884013 
1.532959844222 
1.532540506137 
1.534479552078 
1.524053515689 
1.530742581598 
1.529806110237 
1.528622701841 
1.526945307128 
1.528880807110 
1.531203504268 
1.527003486638 
1.528701656762 
1.526281759757 
1.522940819436 
1.521303068414 
1.520092964301 
1.516663875868 
1.529763041877 
1.527140796830 
1.528714828399 
1.531301603500 
1.530253992942 
1.522522074930 
1.522284521359 
1.522547971246 
1.522827590565 
1.525338039617 
1.521399753535 
1.522147271522 
1.527297662365 
1.517266573350 
1.527061124377 
1.524134803787 
1.522658672456 
1.523065585756 
1.521736866672 
1.529071815937 
1.525368683610 
1.524696232545 
1.528183426008 
1.525640937386 
1.527769063682 
1.524246816038 
1.515858699765 
1.515834238643 
1.526119093336 
1.514107809653 
1.515333790666 
1.521179416932 
1.511453802104 
1.515494604347 
1.518199591872 
1.523103365901 
1.525010071873 
1.528770791715 
1.526589381203 
1.534597187799 
1.526867746258 
1.528676667306 
1.524614208972 
1.521484720707 
1.517576722575 
1.518834743524 
1.526051667310 
1.515892001214 
1.515330638760 
1.515928299621 
1.519206344975 
1.521464829291 
1.522013733231 
1.526768058619 
1.524411955287 
1.523592271294 
1.519636539812 
1.520033004248 
1.516276558476 
1.532672824651 
1.529579355455 
1.527533385798 
1.529701292215 
1.521702645710 
1.519581061768 
1.520826739254 
1.522098595094 
1.520392927126 
1.524308831063 
1.522192740699 
1.529517452406 
1.526957288710 
1.526639718908 
1.531697119226 
1.527962681624 
1.528522401348 
1.531044259605 
1.535473795344 
1.533140614719 
1.534317404932 
1.535725735367 
1.534025062727 
1.534003605761 
1.529077610842 
1.533858392418 
1.529396500462 
1.528374724540 
1.526406321317 
1.528914632422 
1.525232758492 
1.520779992617 
1.525042929010 
1.523158157223 
1.525786481934 
1.525494829602 
1.522939531367 
1.519339460348 
1.514647024396 
1.508789861572 
1.503190481560 
1.517564454050 
1.521751486970 
1.533040580855 
1.533790328817 
1.535111977649 
1.533593304130 
1.531572281476 
1.532610516098 
1.534696032170 
1.538255551556 
1.540967264100 
1.538915487737 
1.541045955597 
1.539320190760 
1.536133119184 
1.538628876201 
1.536103777818 
1.536772040007 
1.537242065467 
1.536748661593 
1.539034746606 
1.533137355672 
1.533825355446 
1.531059298848 
1.531054058248 
1.530441046238 
1.528155425797 
1.529231406728 
1.534082922093 
1.534606303109 
1.536077739470 
1.536596709118 
1.534016673500 
1.540491099786 
1.531218500644 
1.530218458077 
1.535182265241 
1.536119596109 
1.535939535028 
1.534694189681 
1.535913480580 
1.532747186349 
1.532907107063 
1.530373060061 
1.531629485607 
1.526270236442 
1.526572839607 
1.525438476423 
1.526142449926 
1.525946253333 
1.521845502238 
1.519577880272 
1.520685378542 
1.519470212936 
1.519094741119 
1.517823314393 
1.518849217164 
1.519908787782 
1.519426541369 
1.519894358356 
1.519336440623 
1.516049614570 
1.523857052930 
1.520884680154 
1.528641681226 
1.528016506746 
1.528705116841 
1.527972174515 
1.530226350004 
1.529654775457 
1.529631760722 
1.530084694064 
1.529764987291 
1.532030411564 
1.530346385695 
1.530617169531 
1.528438236962 
1.532452655173 
1.531920266197 
1.533698081188 
1.535647364249 
1.533336238194 
1.532878027466 
1.533188101696 
1.533351441569 
1.528673865547 
1.527933383720 
1.529513417020 
1.536171478877 
1.530755528929 
1.532371946718 
1.529600026979 
1.528899283309 
1.529734390503 
1.527260735304 
1.527081516709 
1.531449790248 
1.532549755767 
1.532972363927 
1.536462572460 
1.534343595145 
1.533415858127 
1.538664145302 
1.537848753463 
1.535929312523 
1.534654502260 
1.533170017037 
1.531315389331 
1.537257779341 
1.537158576569 
1.537567981455 
1.535657858228 
1.537808467759 
1.537758382836 
1.533742392336 
1.533274422217 
1.529722946445 
1.528793421686 
1.527011861273 
1.525107952965 
1.524018493964 
1.526660182563 
1.527065047115 
1.527761140048 
1.528534773971 
1.526306178154 
1.527679031079 
1.527225557109 
1.527665919142 
1.524659415871 
1.523274842290 
1.524377918459 
1.524669174843 
1.522437644521 
1.522406421882 
1.522456625988 
1.528470002892 
1.528353233356 
1.526702817727 
1.527461749426 
1.526248663352 
1.526123158481 
1.522352036161 
1.524507417995 
1.521874485983 
1.520548975625 
1.520239809260 
1.523578679701 
1.523062313300 
1.523637997608 
1.524719466782 
1.523525857829 
1.524073963187 
1.525354172066 
1.526822844417 
1.527642372547 
1.526626670192 
1.526948929522 
1.527072865347 
1.527232377821 
1.526323186535 
1.528589581655 
1.528502654826 
1.527190776547 
1.527254716182 
1.526681043440 
1.526051133126 
1.530152321833 
1.527847357566 
1.516723781494 
1.517078819492 
1.513964468434 
1.519199525845 
1.516632484155 
1.519023378369 
1.520819318384 
1.516027161403 
1.521222853320 
1.523576973852 
1.516717002498 
1.522988601546 
1.520145570038 
1.520644613131 
1.520765288806 
1.520001071480 
1.520519877644 
1.519367418209 
1.517546420107 
1.521749254585 
1.514935977126 
1.519102086916 
1.519815989216 
1.520945320124 
1.522632273664 
1.523137848744 
1.523588120121 
1.521214184183 
1.520709385672 
1.518955504953 
1.522237491658 
1.521510279980 
1.522115537265 
1.522359051800 
1.523489990591 
1.522588378553 
1.522339450037 
1.526707724841 
1.525634970456 
1.524823553022 
1.521867377736 
1.521694047406 
1.524632845070 
1.519897043503 
1.513643802474 
1.515518158092 
1.519076886093 
1.518219426575 
1.509894504890 
1.517493233314 
1.518237090170 
1.521318635207 
1.522189673086 
1.521964552193 
1.522628345409 
1.521630631617 
1.520381392097 
1.521776080401 
1.521144012748 
1.520179335290 
1.514751551565 
1.516773502379 
1.516409795001 
1.517648882205 
1.522423895798 
1.522462397677 
1.522627702419 
1.525865702310 
1.523983055250 
1.522050491350 
1.530714384912 
1.527167988329 
1.522401362975 
1.522234427108 
1.518652712767 
1.526511535967 
1.535770898383 
1.524758739580 
1.535672988560 
1.539203783693 
1.532698932385 
1.532969034908 
1.531207863900 
1.521578369826 
1.530900967875 
1.541652920277 
1.538350836437 
1.525529271110 
1.522707149612 
1.520809965366 
1.525910151830 
1.522455414663 
1.516637604946 
1.515140879812 
1.517304280699 
1.521142907202 
1.520357418792 
1.518039037109 
1.520759324102 
1.513382072321 
1.513167537012 
1.515197066896 
1.514665495981 
1.514952433260 
1.518084179544 
1.528249200197 
1.535890314081 
1.536589447836 
1.535008407009 
1.535272967664 
1.532032912489 
1.531447704643 
1.531453379074 
1.531338086767 
1.529855665464 
1.528847240151 
1.528519927622 
1.526939620858 
1.527462425855 
1.524969013940 
1.527263854485 
1.530386889349 
1.528931996554 
1.528449064346 
1.526030538164 
1.536784874544 
1.548632349950 
1.543153321899 
1.544000035059 
1.541159571720 
1.530974689319 
1.522594453096 
1.528257903907 
1.525471983622 
1.522427842875 
1.515686578479 
1.524613250838 
1.522995733679 
1.523454683891 
1.522964291447 
1.522401177429 
1.519480924445 
1.520542849140 
1.520571889920 
1.517454245824 
1.521222793362 
1.521540416305 
1.527413790667 
1.522401902437 
1.526116457915 
1.516916100686 
1.517841258610 
1.513289975124 
1.521496599659 
1.527134048599 
1.526966035216 
1.525959870930 
1.526711184473 
1.526337484821 
1.522043738531 
1.521862947371 
1.523447755761 
1.522536175058 
1.523600072211 
1.521685324297 
1.520590234740 
1.519513332441 
1.518329041447 
1.517746843184 
1.522037798772 
1.520823317433 
1.521654120073 
1.522121809960 
1.521821494300 
1.523700447108 
1.526805350808 
1.522503271081 
1.525119626343 
1.535096813910 
1.524340993321 
1.524439809109 
1.530828924396 
1.531741671428 
1.533006672822 
1.522818605773 
1.520269817497 
1.522596378729 
1.530390799046 
1.532165272200 
1.537406823906 
1.540891543951 
1.544179367374 
1.545120675922 
1.545077579382 
1.541973538114 
1.540975901351 
1.544886097004 
1.540021228449 
1.536598734602 
1.537994005095 
1.538925697577 
1.528177440188 
1.522373808198 
1.533849018141 
1.538117444108 
1.539772090944 
1.534115751400 
1.538781170397 
1.531821256284 
1.532317384527 
1.538207401798 
1.531594327110 
1.534395455574 
1.526517660529 
1.526020358111 
1.523121567625 
1.524432420381 
1.519627336835 
1.517044077526 
1.510486437677 
1.519554762564 
1.520847050121 
1.518347444664 
1.524236449470 
1.521727951317 
1.530688307995 
1.531962049615 
1.523168173589 
1.526528425061 
1.523245943276 
1.522994858085 
1.520842840296 
1.521901231504 
1.521216514601 
1.523503294249 
1.533657008371 
1.526026896130 
1.524752354798 
1.525091802514 
1.523714393741 
1.525236184432 
1.521126032429 
1.523420605622 
1.531277427474 
1.530748691189 
1.534169703664 
1.540064297019 
1.540413776772 
1.536827557874 
1.534121015588 
1.518899251538 
1.520106710140 
1.527728194277 
1.521332204491 
1.512633902768 
1.509242414988 
1.508087670972 
1.518508063303 
1.514726996434 
1.515777987244 
1.512914364742 
1.513053677741 
1.521738395036 
1.513348702835 
1.518410072833 
1.517724446855 
1.520704664499 
1.519401006348 
1.516723497182 
1.516327249227 
1.517200021526 
1.512082628335 
1.518572962469 
1.516476013614 
1.519034111611 
1.518750536067 
1.523402324721 
1.530545979880 
1.531410611034 
1.531226175922 
1.527527465565 
1.526185068028 
1.534333601987 
1.535478145957 
1.539544221898 
1.536406267340 
1.523824303977 
1.514420168026 
1.522461145616 
1.523973076406 
1.533522101682 
1.530625099106 
1.527711472970 
1.529154490559 
1.527544739701 
1.528164826434 
1.527656705163 
1.527502568377 
1.523284542225 
1.516686489052 
1.521774605034 
1.524267692386 
1.531394826193 
1.531767802302 
1.532647928758 
1.536770025357 
1.539115508273 
1.537217157898 
1.543373147695 
1.537859637204 
1.535587204562 
1.533498257877 
1.527601629953 
1.529778236745 
1.527637350237 
1.528409082707 
1.531021951769 
1.540136780550 
1.537464465904 
1.536708873437 
1.538423306222 
1.533093005099 
1.532419308057 
1.541365784402 
1.530371754471 
1.531233435936 
1.530099192332 
1.530880085300 
1.533750936775 
1.533370477574 
1.533567542297 
1.528037122487 
1.527974416726 
1.527941850063 
1.528591374711 
1.524146545797 
1.527330912745 
1.526469419436 
1.527041382235 
1.520933873836 
1.520921375471 
1.519222425769 
1.524371348331 
1.521851286513 
1.525431956362 
1.529498457979 
1.527500109843 
1.527520783978 
1.529993427199 
1.530136988004 
1.530283823441 
1.529639783408 
1.528553572551 
1.528097200349 
1.526735135958 
1.526031506102 
1.524326399828 
1.526490238106 
1.526639814228 
1.525871434833 
1.525990397032 
1.527859485507 
1.525529193822 
1.525570224449 
1.525816592840 
1.526369690608 
1.529946542196 
1.533927845278 
1.529854866355 
1.535195548880 
1.532447043057 
1.536116968846 
1.531826330279 
1.529202424713 
1.533813187963 
1.529918779304 
1.525778494342 
1.525654236724 
1.528680236859 
1.529732488881 
1.528421652196 
1.524170525876 
1.525445878475 
1.521954074382 
1.522466380863 
1.522108887334 
1.521608999517 
1.535488224860 
1.535550730725 
1.541588978685 
1.539057948589 
1.536350163636 
1.535804300412 
1.535559610845 
1.530931037613 
1.538417772518 
1.538974921849 
1.538997255400 
1.531522052718 
1.533827061302 
1.530879264629 
1.532446661248 
1.528489375510 
1.524842175733 
1.516794421344 
1.513515796115 
1.516939024697 
1.517330211963 
1.517654546146 
1.519132237570 
1.516577386308 
1.517068651156 
1.520745654123 
1.517186639800 
1.512487261562 
1.514831124468 
1.514954715798 
1.517351394395 
1.514065977815 
1.516420443021 
1.518761547143 
1.518558592584 
1.512340393959 
1.510637519209 
1.516649428001 
1.509973879912 
1.508477428192 
1.517566978423 
1.519053179803 
1.515164069913 
1.517102352610 
1.509693469622 
1.527704673025 
1.525838060612 
1.525700148142 
1.526018422819 
1.522940612334 
1.542009791858 
1.542586262071 
1.537160166597 
1.533791114493 
1.540106018675 
1.537318524318 
1.539335281012 
1.539908708650 
1.539655983835 
1.535989286393 
1.535050263189 
1.535845287669 
1.534772613709 
1.526839416604 
1.523952628750 
1.519158802399 
1.518265763576 
1.510304643939 
1.512051954835 
1.515613161583 
1.519133075745 
1.521526215074 
1.524742916435 
1.522583423215 
1.521487041285 
1.523763142106 
1.528315298800 
1.525510084133 
1.527744144962 
1.531451962154 
1.538278635843 
1.535040488205 
1.533409494566 
1.533500274948 
1.535518561308 
1.531806997243 
1.527493974144 
1.531062272328 
1.529006617929 
1.534359994260 
1.536932166116 
1.530414519453 
1.533327425760 
1.546946339412 
1.514159285009 
1.521999849454 
1.521246199658 
1.521541349957 
1.527894280370 
1.535629780848 
1.530362175000 
1.517374464476 
1.514503785214 
1.527169667181 
1.532398953990 
1.532511805773 
1.529715153701 
1.532727548364 
1.530480208648 
1.527416202954 
1.532018644523 
1.530258827933 
1.531119803777 
1.533004419013 
1.533331692331 
1.533752976295 
1.533115997490 
1.533424785081 
1.537267930194 
1.526861267681 
1.535324051535 
1.531706323292 
1.519217239363 
1.515921809901 
1.519029853655 
1.517687866995 
1.517710670514 
1.519655510299 
1.519203818664 
1.523406000237 
1.532429928486 
1.528410894475 
1.527445857287 
1.528163143727 
1.534421225333 
1.530660607882 
1.530872584909 
1.531966825970 
1.530835961477 
1.526814048419 
1.528210177356 
1.524928673770 
1.515783156265 
1.521574581219 
1.518304749202 
1.520459376549 
1.532725862005 
1.530566620045 
1.530023354648 
1.524462330507 
1.523633126897 
1.522713823293 
1.515121023779 
1.514306082177 
1.511266710968 
1.513094203232 
1.522337819669 
1.518089400533 
1.516208070911 
1.515871015054 
1.524653806776 
1.520053567461 
1.524127727804 
1.520593744259 
1.517092369122 
1.514674961267 
1.514043833217 
1.516483335512 
1.518780898948 
1.522701368507 
1.520382479466 
1.519852812169 
1.518482627061 
1.518137101727 
1.522628884224 
1.527146289084 
1.528869993861 
1.531432261233 
1.528350155777 
1.524730146792 
1.516732862056 
1.522787380031 
1.522592711056 
1.525928640819 
1.524715197696 
1.527713660171 
1.527828785757 
1.530600737806 
1.527209416968 
1.530934653566 
1.531220631157 
1.531555591960 
1.529587762273 
1.527102682873 
1.530799649059 
1.531598041342 
1.527996883019 
1.530166914419 
1.532207061216 
1.532118592160 
1.529866203452 
1.527949822451 
1.527786470417 
1.528837122321 
1.529447758533 
1.528335092916 
1.526434457295 
1.521871243191 
1.524227581863 
1.522789874601 
1.524732296467 
1.524241780993 
1.524479016226 
1.528993864420 
1.525814234580 
1.529440487511 
1.524175286926 
1.526202140310 
1.521096158573 
1.532558936314 
1.537053866076 
1.535959115677 
1.533402931308 
1.530076890714 
1.531702397953 
1.534149646606 
1.535194039880 
1.536934293127 
1.533101466692 
1.531104784260 
1.529728211598 
1.530014058716 
1.527063676085 
1.526100840397 
1.527367241362 
1.528059165474 
1.526790882684 
1.525405244582 
1.521332177911 
1.522436088500 
1.526494282461 
1.525346629207 
1.523307557973 
1.521417634893 
1.521133067257 
1.519880838658 
1.520710324283 
1.519928976143 
1.522020281227 
1.523042404440 
1.523263809560 
1.521882882083 
1.521843452842 
1.523166182282 
1.524380517077 
1.523236675061 
1.523557813808 
1.523290030959 
1.523228501222 
1.523589678060 
1.524637837622 
1.524640610152 
1.525039422222 
1.523412649568 
1.523428019007 
1.523159286697 
1.522889089522 
1.521491691961 
1.522026152789 
1.521078769927 
1.523133686334 
1.524129632756 
1.525197657805 
1.529273793468 
1.533057100991 
1.532681025494 
1.530118888417 
1.528873002257 
1.528809806292 
1.532974144642 
1.532780095130 
1.532849483814 
1.529681754736 
1.528625060039 
1.524855160921 
1.524494619053 
1.521270736677 
1.521960618332 
1.519106309833 
1.522859990238 
1.522572643180 
1.522783419617 
1.522729783683 
1.524262618901 
1.522614280763 
1.523367532120 
1.523677432844 
1.522584664675 
1.521798083526 
1.523438192134 
1.523034358206 
1.523560585301 
1.524375018775 
1.523795443551 
1.527586438430 
1.527022987614 
1.529270812425 
1.528059690026 
1.528787971762 
1.527504447259 
1.530987908367 
1.531850699647 
1.529979081194 
1.529894501306 
1.528962551969 
1.526116072249 
1.525787567121 
1.529091280798 
1.530985279830 
1.531073007540 
1.532085068499 
1.523283357709 
1.524549230022 
1.523984183411 
1.525902394521 
1.531346780124 
1.529256340951 
1.531057973250 
1.529787734037 
1.530946867515 
1.531986398805 
1.530611536860 
1.531108936076 
1.533059074444 
1.531164324873 
1.536428486309 
1.536380901505 
1.534957268512 
1.535528858314 
1.533080235837 
1.532240203159 
1.531912506347 
1.532735682049 
1.532048835299 
1.528698840578 
1.526151583565 
1.531040140027 
1.529652959915 
1.531221435254 
1.531746378962 
1.533391028887 
1.531911370918 
1.531792025829 
1.531106496378 
1.531241489932 
1.531342933498 
1.531945744297 
1.531684092369 
1.529593865543 
1.527690833538 
1.527204204888 
1.523403343997 
1.522617106539 
1.522569249537 
1.524882611817 
1.525208006639 
1.527047300067 
1.533419272598 
1.529162205456 
1.528620972158 
1.529536504251 
1.528502659022 
1.528988458322 
1.528594306160 
1.529016215394 
1.529320954721 
1.528806532831 
1.529303451957 
1.529705084226 
1.527429237620 
1.530366339616 
1.530410875589 
1.530550490656 
1.531351944407 
1.529606680531 
1.529374531092 
1.528951882341 
1.531358516118 
1.526870588792 
1.526974482817 
1.529536793429 
1.528841283950 
1.528844447785 
1.529420888945 
1.524873711318 
1.525260514187 
1.518646619818 
1.517569509293 
1.519864645128 
1.520201372946 
1.519700706960 
1.518884609098 
1.513247165739 
1.516728508137 
1.516743824154 
1.517651069813 
1.511348297507 
1.515946162072 
1.514871447711 
1.512094499578 
1.512491078423 
1.517445078523 
1.518758656129 
1.519306418661 
1.520352895614 
1.524398231478 
1.527207443564 
1.526241116348 
1.523565828204 
1.521097057469 
1.521014421777 
1.523301771301 
1.516651955140 
1.517503036415 
1.518199109675 
1.523587989330 
1.523121906847 
1.530785240159 
1.533786930798 
1.534391508167 
1.533160314568 
1.531179638205 
1.530648826831 
1.533754316171 
1.534173591123 
1.533517768737 
1.532606095095 
1.531407272762 
1.531003673093 
1.532084577200 
1.536756289646 
1.531166927810 
1.530519179990 
1.529871517569 
1.537543689864 
1.540191048774 
1.539564142693 
1.535144360069 
1.532946254019 
1.530201328290 
1.538692572104 
1.542476300445 
1.526824786349 
1.523972608339 
1.521434828291 
1.525267852159 
1.527407155167 
1.529005144922 
1.530969910863 
1.530977964750 
1.535416738702 
1.525707774233 
1.526594564359 
1.526610735123 
1.524472374528 
1.525038709846 
1.524300995509 
1.520413303160 
1.525635899775 
1.522275435902 
1.525204140921 
1.524019388668 
1.520494595145 
1.519666886683 
1.518773159627 
1.527354417612 
1.519998819424 
1.524842702505 
1.524757482321 
1.523862681450 
1.524936533338 
1.523975925450 
1.522250552797 
1.520873466082 
1.531353230028 
1.537521940818 
1.550178671689 
1.539141652505 
1.534296861317 
1.528948932596 
1.527313038835 
1.524755041416 
1.532644337690 
1.538755865801 
1.540292740579 
1.531315847841 
1.532578063713 
1.534297456905 
1.528961525385 
1.522914287912 
1.520142335226 
1.514824983254 
1.516934073962 
1.516082161812 
1.519333868482 
1.522125806846 
1.520853096817 
1.525097893612 
1.517277887248 
1.519191776829 
1.525463899851 
1.533758974857 
1.534115263812 
1.528380540193 
1.530275389719 
1.524362452769 
1.534232784297 
1.535170128975 
1.531309472837 
1.533344955818 
1.527436264325 
1.535394440711 
1.526521263592 
1.530633599160 
1.530340835523 
1.530338395882 
1.524409058771 
1.526060403049 
1.526230001084 
1.526659343230 
1.525098989162 
1.530271922439 
1.528471179272 
1.527922974054 
1.526704592292 
1.526274753189 
1.523552485444 
1.525962921603 
1.523151087286 
1.518717373685 
1.529870430964 
1.526859992467 
1.529903451432 
1.529778601442 
1.529849393436 
1.531203154931 
1.531244804731 
1.531256329648 
1.526110670110 
1.526019805188 
1.526354536025 
1.526382400044 
1.525554014469 
1.523821153054 
1.523344715144 
1.521885173893 
1.523214931388 
1.526576651712 
1.531533903618 
1.533522485788 
1.533415259481 
1.532733633403 
1.531784037294 
1.532041790434 
1.531907615617 
1.532299659598 
1.531624840417 
1.531179769764 
1.532010844699 
1.531924791587 
1.531466400156 
1.532038676384 
1.529913963854 
1.528755435631 
1.529481580389 
1.530085946144 
1.530208732902 
1.528507496657 
1.527144104422 
1.527934559375 
1.527112872383 
1.526193542346 
1.524859050761 
1.525477572618 
1.519795704145 
1.521028892578 
1.519213139435 
1.518997746113 
1.520785716326 
1.518027526082 
1.517669824322 
1.517111268021 
1.518636346008 
1.519254905534 
1.515190073364 
1.514021358055 
1.517681689148 
1.518103981695 
1.518726238151 
1.518885234965 
1.520990211448 
1.520042856899 
1.523381426068 
1.523450032527 
1.522956606260 
1.524065624847 
1.525073606930 
1.524301483296 
1.524729985096 
1.524908728215 
1.525027184781 
1.524273330705 
1.520941968103 
1.521428598065 
1.526563354650 
1.527287940716 
1.532093290256 
1.536522866895 
1.534414014633 
1.535298286648 
1.535354110691 
1.539096618389 
1.535899740163 
1.536086860227 
1.536688508042 
1.536650537066 
1.535540837850 
1.532369759119 
1.533709063754 
1.532382186798 
1.532011790482 
1.533088584085 
1.533944236659 
1.533771940790 
1.533958033566 
1.529841399179 
1.529212242446 
1.532741597554 
1.533724658384 
1.533568234842 
1.532105134254 
1.529474442868 
1.530048931909 
1.536593757469 
1.536189212747 
1.536437932331 
1.535547490937 
1.536093162848 
1.536333521032 
1.535292732286 
1.535098685330 
1.535125428520 
1.539472553413 
1.540124101753 
1.537744157587 
1.539109310761 
1.538311025382 
1.536182237368 
1.535274361454 
1.538086165262 
1.538531183084 
1.539106963706 
1.539213976808 
1.538027507635 
1.534548070684 
1.535968687210 
1.533803822771 
1.534012047402 
1.532470041577 
1.530958966924 
1.529950263666 
1.529507481483 
1.524764307662 
1.525136591581 
1.525641146374 
1.524766067876 
1.524903687682 
1.525569631822 
1.521372464063 
1.522353195571 
1.521172792802 
1.520766240328 
1.521920066613 
1.517991811350 
1.522571846652 
1.521476987414 
1.522980904406 
1.524188674190 
1.526045371912 
1.521558398793 
1.517273898424 
1.517533342949 
1.520459906067 
1.521237992098 
1.520574953059 
1.518606199367 
1.519885690640 
1.517320737545 
1.520922358850 
1.521718035476 
1.521105147055 
1.520158438471 
1.520291917100 
1.521497227354 
1.522072419566 
1.522212670155 
1.523833625565 
1.523600130489 
1.523586421041 
1.523565932703 
1.523558944097 
1.524026717703 
1.523341989136 
1.523312450487 
1.523272778032 
1.523651118590 
1.524548274461 
1.524548286372 
1.524438199696 
1.525379456948 
1.524206875741 
1.524260041035 
1.524165002457 
1.522833226775 
1.523501702973 
1.524624123638 
1.525080281829 
1.524156011215 
1.526909823997 
1.527081670366 
1.529634078534 
1.529670754937 
1.529410543418 
1.525450577305 
1.526562086192 
1.527480303812 
1.526345477416 
1.526076692386 
1.526964055366 
1.528212352107 
1.526543709187 
1.524903499258 
1.525166405093 
1.527009921639 
1.530726400718 
1.530561925022 
1.532912533010 
1.533091446361 
1.532930030011 
1.531819367467 
1.525059171655 
1.525406539281 
1.525786250908 
1.529023057567 
1.530091775477 
1.528388449386 
1.530616582661 
1.531257378430 
1.529285550946 
1.529319831207 
1.525768392093 
1.521256226279 
1.514149985841 
1.517346546266 
1.519015814340 
1.515338781981 
1.516962303438 
1.525170789155 
1.524659541602 
1.521562671089 
1.521655791325 
1.522080756083 
1.522992215785 
1.522969248319 
1.523186348134 
1.523214819567 
1.523807825641 
1.523565144099 
1.523432591618 
1.523341271240 
1.522650932589 
1.525782101323 
1.524647749218 
1.523222360106 
1.523601267753 
1.523847775788 
1.523873941775 
1.527131328564 
1.528022506792 
1.529978308092 
1.532712344863 
1.534754427105 
1.533741700344 
1.535527032964 
1.532284824972 
1.531531524725 
1.530461205621 
1.531658126752 
1.529697637910 
1.532861726081 
1.533332970874 
1.533148339617 
1.532922048115 
1.529799117073 
1.530638584470 
1.536158916561 
1.536091655540 
1.534280759461 
1.532896143523 
1.532211251673 
1.529757362269 
1.531478555759 
1.527530662528 
1.526105222203 
1.527146594332 
1.526168013976 
1.525536138879 
1.525499422059 
1.526520500609 
1.529235005368 
1.530099789695 
1.531662375935 
1.532168382718 
1.531914763649 
1.531675232088 
1.533425430195 
1.523892713089 
1.526870527086 
1.517547972555 
1.510491267065 
1.521340104392 
1.521748820797 
1.520560437857 
1.517669175956 
1.525477679270 
1.524423090353 
1.530025243874 
1.526284473402 
1.525332244252 
1.515781609285 
1.515650466181 
1.510552365913 
1.511899730212 
1.516720794044 
1.517879748267 
1.527294172685 
1.526729399192 
1.524507161185 
1.523198987617 
1.523049073362 
1.518623553139 
1.523960143077 
1.534973140933 
1.534255505653 
1.533848381860 
1.530926076768 
1.531454627064 
1.532984736508 
1.535684702676 
1.537066245647 
1.534195842458 
1.528137486573 
1.529224169504 
1.515726609981 
1.519760902823 
1.518691069088 
1.518649161906 
1.510750725292 
1.519244742543 
1.517699443547 
1.510406826659 
1.513205334241 
1.523434656140 
1.512450031094 
1.511068355323 
1.512331137026 
1.515165977323 
1.517455574591 
1.520758456219 
1.523933451027 
1.522894637826 
1.523843883404 
1.524359305605 
1.520935832534 
1.527908648041 
1.533816230311 
1.532176796669 
1.524901272757 
1.526274712446 
1.528101128943 
1.525337839251 
1.529553763015 
1.529494612922 
1.542347864703 
1.541808626709 
1.544952589848 
1.543092227478 
1.536252554341 
1.531421591896 
1.530251936188 
1.533575173085 
1.539478993065 
1.534496576455 
1.536291367165 
1.532106925907 
1.523419478567 
1.526188684163 
1.525014396844 
1.528565916698 
1.521151392589 
1.529198008088 
1.526538579389 
1.527471316109 
1.524940677849 
1.523535483329 
1.525849187111 
1.523709858334 
1.524669281928 
1.526705435638 
1.518940199269 
1.518045741666 
1.519706087142 
1.518182682959 
1.519246783090 
1.516387535743 
1.516329663370 
1.523619339571 
1.521003487241 
1.521080911561 
1.518148019599 
1.521440780693 
1.521053546420 
1.523969096739 
1.516767345148 
1.523650052693 
1.518856447014 
1.520565063195 
1.525934363123 
1.530351507794 
1.528884232140 
1.532632081991 
1.526945230213 
1.516604927201 
1.519250292092 
1.517044675347 
1.517503893087 
1.519595020120 
1.518573409097 
1.518763148285 
1.520124185416 
1.524571927706 
1.524312328561 
1.525838251997 
1.527912533960 
1.525311431034 
1.529292142967 
1.532559481371 
1.529753374146 
1.527666996212 
1.527208838500 
1.527178492137 
1.520591215311 
1.525867360674 
1.526182582956 
1.527827915511 
1.528024800919 
1.525512567741 
1.525147725363 
1.526309349030 
1.525918697661 
1.527429930413 
1.519909158112 
1.520285985855 
1.521255506565 
1.519450958108 
1.524021772955 
1.522313929764 
1.522177010824 
1.521234532645 
1.520582807809 
1.519603756132 
1.519904947199 
1.521604114982 
1.523919858827 
1.520988805793 
1.519102747756 
1.520747939550 
1.521165046192 
1.523830499836 
1.520500968361 
1.519684188054 
1.519351254562 
1.519111288161 
1.514106107310 
1.515778342641 
1.513648844851 
1.516134113622 
1.517872796124 
1.516683100194 
1.518876273090 
1.520538356853 
1.518810140323 
1.518827745280 
1.519178950552 
1.520169939924 
1.517264073166 
1.517709771147 
1.520037717906 
1.522015644043 
1.519022400284 
1.518479775156 
1.520542293379 
1.521296397861 
1.516971033054 
1.514637061545 
1.518591309345 
1.518308680382 
1.511450447181 
1.513438727863 
1.512179226088 
1.515884224591 
1.514369808212 
1.516576639437 
1.519408620870 
1.519620320600 
1.521840615445 
1.516247933781 
1.516132451809 
1.515010031841 
1.515596720072 
1.519353524160 
1.518459209247 
1.518887270297 
1.516814857584 
1.511637367470 
1.519079190808 
1.524558127353 
1.524031421992 
1.522864852871 
1.523632745640 
1.524525274914 
1.523658561480 
1.525313161232 
1.522453221715 
1.521574063363 
1.523029967042 
1.521192237661 
1.522171413779 
1.521601359460 
1.521364649124 
1.521947295985 
1.520404749165 
1.520216466192 
1.520379042070 
1.521827567487 
1.520674441211 
1.518144043228 
1.517388221087 
1.519156403356 
1.520600652879 
1.522049463469 
1.522285033652 
1.521272590572 
1.521061582081 
1.519716468017 
1.520776851787 
1.521033986089 
1.519969792149 
1.519043650396 
1.520065347255 
1.521002397112 
1.519201409969 
1.519966496777 
1.520484873995 
1.520067100412 
1.517753724285 
1.519609728527 
1.520950268323 
1.524976327326 
1.520644309423 
1.519186333705 
1.519521929794 
1.519060355621 
1.519223452265 
1.515823293300 
1.517329259175 
1.521163952568 
1.520394234796 
1.519513263612 
1.517816768443 
1.519228843496 
1.514579340139 
1.519339487258 
1.520976364800 
1.526017629522 
1.526176570660 
1.526876131273 
1.525098368450 
1.527406593542 
1.527050167311 
1.525718370476 
1.526374680923 
1.525890979601 
1.525976109017 
1.526230091280 
1.526187233460 
1.525167022309 
1.525154624498 
1.525212497810 
1.526260799868 
1.520099981359 
1.521292710469 
1.518856148319 
1.517378488021 
1.517478896590 
1.516721488814 
1.517414452973 
1.519566601524 
1.516881590143 
1.518034449287 
1.515614516383 
1.514605655498 
1.515261922969 
1.520850827205 
1.515024181541 
1.518153328200 
1.518053077212 
1.519324148321 
1.512762736642 
1.514198506837 
1.512416594874 
1.512416594874 
1.516770063327 
1.518053988615 
1.518301776954 
1.515395267593 
1.516438204988 
1.516214326449 
1.513051740833 
1.514053738960 
1.516736102039 
1.518322993242 
1.519258564936 
1.518839642393 
1.520748347184 
1.525370930900 
1.525097822096 
1.526505550529 
1.527235259997 
1.530485814332 
1.530358992105 
1.529242631602 
1.528339469610 
1.527828541781 
1.529054045831 
1.527456289330 
1.530149545122 
1.527018618211 
1.526897547706 
1.526455737890 
1.526970541420 
1.525838487101 
1.525335150378 
1.526421654715 
1.524551486275 
1.518954198854 
1.518902483537 
1.522933472968 
1.526299975071 
1.529319320885 
1.531256562335 
1.527834404800 
1.528172115365 
1.528483464332 
1.526589064942 
1.527665523885 
1.528377366035 
1.529649433762 
1.531477141709 
1.533524555422 
1.534135751566 
1.536649296064 
1.533665346464 
1.536567855725 
1.538482461187 
1.541236657031 
1.535297541981 
1.533248811120 
1.531562791569 
1.531558208289 
1.529553703799 
1.529582419713 
1.529897095354 
1.529059844535 
1.529517660725 
1.529873852701 
1.528778647217 
1.528873498258 
1.527932484320 
1.527906310028 
1.527885199909 
1.529001663577 
1.529675564103 
1.523307086236 
1.520007172539 
1.520812530477 
1.520460436199 
1.520460387795 
1.521302710748 
1.518524807460 
1.519314812221 
1.521522727242 
1.522144768069 
1.522698594161 
1.522012007734 
1.518716790915 
1.522770665881 
1.523235836197 
1.522436243994 
1.523503027365 
1.523191525117 
1.524120332584 
1.520992462884 
1.518376482164 
1.520368335155 
1.515718341196 
1.521463128744 
1.517066293745 
1.525230730365 
1.525641470274 
1.523480314482 
1.527081713186 
1.526858191485 
1.526193790822 
1.524713375480 
1.525981533307 
1.526907654289 
1.524251304005 
1.522945614867 
1.527515101016 
1.519460360090 
1.521755925759 
1.523849783357 
1.523142855554 
1.527354688423 
1.528151921034 
1.528021438351 
1.530228980619 
1.526359486687 
1.526655130767 
1.525885928036 
1.530780931090 
1.536737455323 
1.536558797676 
1.529539917044 
1.526358252346 
1.528038587769 
1.526092248742 
1.526799572527 
1.532231070702 
1.529716658244 
1.534247614107 
1.531489439289 
1.533148131296 
1.527663533835 
1.527826244808 
1.526678495442 
1.528429473594 
1.527094234735 
1.519485681722 
1.520468517200 
1.521360691466 
1.523955255353 
1.522290372696 
1.522211962840 
1.520320539841 
1.519872411802 
1.519047494931 
1.513672771778 
1.515491640481 
1.518615979139 
1.514854962327 
1.518213822330 
1.514699971216 
1.512470003239 
1.516881483548 
1.515176280426 
1.520618816997 
1.525959922047 
1.527510117996 
1.531868448360 
1.529440025775 
1.529784486995 
1.527342705802 
1.527593926453 
1.520857775281 
1.520376347013 
1.528594418833 
1.528935986810 
1.525643160954 
1.523867701636 
1.517207997101 
1.520578617626 
1.513650594249 
1.517070154955 
1.519646095758 
1.520146950597 
1.520953633811 
1.522619964943 
1.532898786606 
1.529148695713 
1.534211589384 
1.534438281375 
1.534724663000 
1.533773387888 
1.536693464761 
1.534702833885 
1.533456854284 
1.534855820224 
1.531992529750 
1.528137430118 
1.532545017263 
1.530707188719 
1.531194814262 
1.535112125605 
1.527291152040 
1.528856142013 
1.525147392374 
1.526308958717 
1.522379944952 
1.528717212452 
1.526408290218 
1.524481539683 
1.522342925301 
1.525719339554 
1.518271262749 
1.520532990972 
1.517848253670 
1.519609722804 
1.517596607977 
1.526785241037 
1.519568387935 
1.525236399396 
1.529834266096 
1.530380378358 
1.526653797998 
1.527656478296 
1.529404695155 
1.529950199898 
1.531511594784 
1.527241599717 
1.533824816147 
1.533503577148 
1.534386468846 
1.535445875866 
1.535509951273 
1.533722467263 
1.533096383311 
1.534015990005 
1.533694514439 
1.534032462789 
1.533719843093 
1.534430177876 
1.531330003414 
1.529277706955 
1.529097874534 
1.528560694727 
1.530473649626 
1.530776671021 
1.531607880799 
1.532342707302 
1.531853147211 
1.529931413088 
1.531923792070 
1.531721584126 
1.532349905048 
1.532266441582 
1.532391483845 
1.531662348052 
1.532184683016 
1.531777244975 
1.527094420120 
1.526885193781 
1.525732333697 
1.527726335849 
1.527851842639 
1.527571688133 
1.527969896814 
1.527307640151 
1.528012939935 
1.527696144477 
1.527932431108 
1.528199919072 
1.528410238087 
1.528659188328 
1.528058443197 
1.527641562998 
1.527647174551 
1.527714298474 
1.526961812004 
1.528285397793 
1.534197595541 
1.532121254098 
1.533950286609 
1.534144482715 
1.532855039209 
1.535359496177 
1.527122346384 
1.531137966971 
1.529671633929 
1.528396968569 
1.529641643324 
1.529525875883 
1.527350400524 
1.526269104582 
1.524953620002 
1.527911190043 
1.529749933908 
1.530346370632 
1.527277958596 
1.527329851723 
1.529864517242 
1.527951391516 
1.528155904315 
1.527186082883 
1.527626951230 
1.525966093630 
1.525588515870 
1.528459458389 
1.527912614488 
1.526854931968 
1.526035680630 
1.526427640084 
1.525611713487 
1.527569901424 
1.523938094688 
1.521984564434 
1.524371156381 
1.526362194639 
1.522148971661 
1.520883512382 
1.522142508170 
1.524352713444 
1.523413994160 
1.523268976068 
1.522942441648 
1.522764235611 
1.521787263243 
1.522180902904 
1.521739796123 
1.521985928735 
1.524073230420 
1.520471894049 
1.517326494712 
1.516380782885 
1.516338302541 
1.517121868541 
1.523719077593 
1.518944426013 
1.518009801453 
1.521044460571 
1.519312161489 
1.521478366625 
1.520190385109 
1.524923208105 
1.526489478409 
1.526072222325 
1.524577691575 
1.523420205219 
1.523507492983 
1.524693952055 
1.528222167820 
1.527987816703 
1.527855949263 
1.526314490665 
1.526175878504 
1.526132375074 
1.529256304164 
1.528686098479 
1.531628914481 
1.531700138433 
1.530713936467 
1.533039818905 
1.532732439737 
1.531704184482 
1.531876640455 
1.535295398133 
1.532872115797 
1.530414860981 
1.533260234962 
1.534362735411 
1.533232673777 
1.535700651917 
1.535618467317 
1.536028943638 
1.536631136012 
1.536017281650 
1.537310950823 
1.532811979102 
1.532427556780 
1.536570082930 
1.536048477679 
1.533347911730 
1.533641934344 
1.533601783136 
1.536555797270 
1.527869787097 
1.532964345575 
1.534561322224 
1.534845379942 
1.535609411303 
1.532372689385 
1.531189992773 
1.532801659601 
1.531352791746 
1.532256789030 
1.529360811570 
1.528617094709 
1.529209587935 
1.527870125508 
1.529320361612 
1.530923013454 
1.532061940288 
1.531026555686 
1.532782716990 
1.530708983110 
1.536201082752 
1.534714283327 
1.535011320432 
1.530580429312 
1.533220505445 
1.532741539425 
1.539191529090 
1.534509582952 
1.528798927233 
1.526115910746 
1.530872695108 
1.528169680283 
1.533847583993 
1.533141533943 
1.534993254819 
1.538062020263 
1.540401350827 
1.541545760656 
1.539707670797 
1.539919238961 
1.538090953909 
1.538768171813 
1.535308660655 
1.534837981167 
1.536504585111 
1.531875361395 
1.535582781287 
1.540217209729 
1.533433452618 
1.532009625256 
1.532535392084 
1.531031351867 
1.529409750250 
1.524784003976 
1.524913318890 
1.517416993143 
1.512100218297 
1.513054272315 
1.512824094758 
1.513639859450 
1.512667213389 
1.521090854844 
1.517452847523 
1.517510667984 
1.518044171806 
1.517345390243 
1.517911866504 
1.517103690705 
1.518675749941 
1.515288389506 
1.518808606613 
1.516556053087 
1.516712664635 
1.515499882431 
1.518600851343 
1.518734191770 
1.522252342819 
1.527468981255 
1.526914032733 
1.530697647107 
1.528670997846 
1.529062523959 
1.524708414982 
1.522523194117 
1.521239337276 
1.521348225165 
1.523834864731 
1.523771948752 
1.525353892994 
1.523403165931 
1.523645144178 
1.526293732315 
1.532354383556 
1.527063919133 
1.525628558151 
1.526024108143 
1.525428988086 
1.521527455977 
1.522844512036 
1.524427235198 
1.521423231084 
1.519806917585 
1.516580952544 
1.520864583198 
1.519823427564 
1.513885160819 
1.516997529267 
1.518816333922 
1.519564938231 
1.521014277880 
1.527870141057 
1.524641696047 
1.525843111137 
1.527361997321 
1.527393399526 
1.528182305945 
1.527833666118 
1.530120068860 
1.528750699361 
1.527901953514 
1.522254037769 
1.525001847301 
1.524164486573 
1.523551040330 
1.524203941891 
1.524437710599 
1.524606377683 
1.526855779569 
1.517406483476 
1.515471005716 
1.519504609636 
1.516545737426 
1.520612692095 
1.517596799603 
1.521282777868 
1.522164601058 
1.517899742538 
1.518992954960 
1.519260611907 
1.520444547705 
1.520426776051 
1.522522519847 
1.524354750793 
1.527849142074 
1.530258257200 
1.525822969776 
1.530904221331 
1.526525807308 
1.528451240956 
1.526436531964 
1.532070611694 
1.529965426396 
1.519790855852 
1.522449604751 
1.523150688625 
1.523602519889 
1.524183100688 
1.526267939270 
1.527672027563 
1.529010741751 
1.532634456198 
1.534452164665 
1.535091066044 
1.534274278159 
1.534193074822 
1.534677405083 
1.538103947407 
1.534842116069 
1.534618043865 
1.530704893206 
1.527348003554 
1.526934687397 
1.524813977622 
1.527072724409 
1.529507839438 
1.529520753752 
1.522162646388 
1.524161805207 
1.522114234125 
1.526689887044 
1.530579915912 
1.528134500946 
1.527070596514 
1.524065795125 
1.526402060562 
1.523135136539 
1.525560837250 
1.526749742858 
1.521423963533 
1.532833448546 
1.538451541510 
1.538246593649 
1.540885812037 
1.537765690551 
1.536347231310 
1.537355113491 
1.537487988915 
1.540197593109 
1.542755184707 
1.542321404157 
1.538950395735 
1.535729052256 
1.534176732062 
1.531999929036 
1.530448490836 
1.530545524992 
1.530848634885 
1.532568821793 
1.530660100131 
1.529947132477 
1.529531481969 
1.528154177901 
1.530497710649 
1.528931497383 
1.529615481272 
1.528860860151 
1.527209454212 
1.527069447087 
1.512659179945 
1.514568606187 
1.511232370825 
1.507962555288 
1.510498446612 
1.515224533094 
1.518435633202 
1.507708867321 
1.509016771270 
1.510400907859 
1.514066852989 
1.511941359594 
1.513385482397 
1.510357651172 
1.513092529126 
1.515806716844 
1.519181729101 
1.525501681100 
1.516540955425 
1.516409089741 
1.518773887062 
1.519955545065 
1.522238803234 
1.517796449530 
1.521133365844 
1.523459671443 
1.524308565414 
1.519931917040 
1.523832312330 
1.520842130016 
1.521614238241 
1.529029296488 
1.527060588597 
1.525347767685 
1.525361852876 
1.525016233516 
1.526062428353 
1.526167254576 
1.535244925057 
1.530874515444 
1.531638573197 
1.531273917255 
1.531911596379 
1.531598207522 
1.531278939959 
1.529037485793 
1.529247265086 
1.529451393834 
1.529673935386 
1.530387968990 
1.529002344694 
1.530750795026 
1.531444888225 
1.529453811535 
1.528094406056 
1.529658653564 
1.527734532378 
1.526679911241 
1.526271243844 
1.526203413488 
1.526613240566 
1.532417735548 
1.534206670779 
1.535185607972 
1.534244369729 
1.536485205576 
1.532635292851 
1.537801425879 
1.533071276525 
1.530564480807 
1.533942281288 
1.528213160394 
1.530704385154 
1.527693502260 
1.523760448807 
1.525251732547 
1.525947503471 
1.525720764717 
1.527853478623 
1.528732976676 
1.529943576857 
1.530933550458 
1.526868925928 
1.528289775796 
1.527982394409 
1.526835128685 
1.525640488360 
1.525316233592 
1.525913649540 
1.526330947578 
1.522337282226 
1.522691496510 
1.526186374686 
1.524100389753 
1.522866358743 
1.524097284255 
1.522349085279 
1.521628079681 
1.519207463874 
1.518658610398 
1.518704552299 
1.522998460770 
1.524183356217 
1.525303314457 
1.523966315321 
1.525093125670 
1.527051081873 
1.524527102078 
1.525432687055 
1.525721526269 
1.524030299133 
1.521238256784 
1.521677834162 
1.521011010511 
1.520557900839 
1.524525044220 
1.524393599391 
1.525416451805 
1.525881368356 
1.525583318865 
1.525918787732 
1.526039926173 
1.527288067472 
1.527224221558 
1.526947411762 
1.526921296156 
1.527619005842 
1.527521464083 
1.528059481027 
1.528647484763 
1.528170806910 
1.527746215467 
1.528306078964 
1.524417737858 
1.524424399672 
1.525456281600 
1.526349386794 
1.526321282540 
1.522239365237 
1.519849037002 
1.518978457932 
1.518169158985 
1.517161596740 
1.519406861479 
1.518267852840 
1.518788177227 
1.519301653383 
1.519398187567 
1.523593879836 
1.524390967001 
1.523951213637 
1.523090319494 
1.523734318979 
1.527616277267 
1.530319890244 
1.526606101027 
1.524207440969 
1.525494035107 
1.527249532273 
1.524381115363 
1.527695992686 
1.525297990815 
1.523148107190 
1.524084827650 
1.520942153316 
1.519784332638 
1.516960333993 
1.514715309303 
1.511362351342 
1.515766929409 
1.515775309564 
1.514006451267 
1.517519032374 
1.516849393437 
1.516254283651 
1.515901912321 
1.512102338632 
1.510496396697 
1.512580258991 
1.510164725408 
1.511609618378 
1.511997570951 
1.511096510497 
1.513000564692 
1.510316018823 
1.513065758042 
1.517050991753 
1.520268986785 
1.521373657170 
1.520971515332 
1.522326285954 
1.521865099955 
1.521462487923 
1.523233722711 
1.522442135355 
1.517465165214 
1.517591434649 
1.518587237985 
1.519871726574 
1.519999458006 
1.520264000603 
1.520665192659 
1.520288395809 
1.520639227913 
1.520474573157 
1.519161028455 
1.517117416653 
1.521762373601 
1.524135865586 
1.520000840814 
1.520190111749 
1.522900984579 
1.521029797794 
1.521949273299 
1.522266280351 
1.520887415955 
1.520554506027 
1.520881318851 
1.520958568455 
1.520019385411 
1.520442755005 
1.517933011032 
1.519364139779 
1.519922495822 
1.517888493639 
1.514563116045 
1.514109235678 
1.516260397005 
1.517251049899 
1.518403452514 
1.517087532766 
1.518644439961 
1.518557329329 
1.518708045202 
1.519704347054 
1.519730437038 
1.519598393925 
1.519319676558 
1.517056214178 
1.526312998982 
1.529375182925 
1.531210556259 
1.534410286572 
1.534740575559 
1.534862782771 
1.531836505382 
1.541082882428 
1.538722679162 
1.535052837130 
1.540493631534 
1.540644592934 
1.541399722143 
1.536732508954 
1.530680579140 
1.524633118263 
1.523529581520 
1.517865158333 
1.520443092431 
1.521490180741 
1.521576288070 
1.522127211036 
1.521284969399 
1.519270546035 
1.519000369430 
1.518096427182 
1.520985858552 
1.516728438902 
1.519111348297 
1.517630016759 
1.518389179210 
1.519128186307 
1.520378490275 
1.519152998926 
1.517833100043 
1.527281816127 
1.529273668668 
1.530396168825 
1.531309701140 
1.525254920172 
1.527271336963 
1.520703719347 
1.520835257194 
1.523071622390 
1.515414031060 
1.520529811878 
1.526763068555 
1.525928433215 
1.528938034314 
1.531262625574 
1.526310515666 
1.526378937410 
1.528563641455 
1.527125096302 
1.523804371240 
1.527108484496 
1.524652254804 
1.523206672777 
1.523283860107 
1.527750704856 
1.526828688214 
1.527697241377 
1.528374256229 
1.526591982026 
1.520411738666 
1.519022924949 
1.528606551135 
1.538646748597 
1.537833425178 
1.527575525793 
1.527890335744 
1.526016976799 
1.529629838117 
1.533474213793 
1.530906467509 
1.528399951378 
1.526657718919 
1.525485884028 
1.523995654147 
1.525063759576 
1.525837523847 
1.522117499266 
1.520688419188 
1.515708403460 
1.517540966258 
1.518406541413 
1.522072236281 
1.523691414665 
1.524657106566 
1.531287684843 
1.533315003022 
1.526989907940 
1.527345227122 
1.518395587035 
1.519925927343 
1.527707711957 
1.524545909078 
1.527511676572 
1.526668161295 
1.528934725473 
1.527490480523 
1.528060398326 
1.535441430256 
1.533794571248 
1.534383586108 
1.537509494910 
1.534290281450 
1.534988724089 
1.536509734968 
1.535180118607 
1.536649750819 
1.534045647804 
1.528350108134 
1.526558692327 
1.520708688075 
1.519796514309 
1.520761093736 
1.522218725662 
1.521226581672 
1.518939880170 
1.519327960325 
1.508462796115 
1.513966650862 
1.511860737964 
1.513515428866 
1.517166655647 
1.514893903284 
1.520426022897 
1.523472486280 
1.522503924815 
1.520557038342 
1.515085659116 
1.519878877195 
1.524032143610 
1.525385505951 
1.522252822137 
1.523947399493 
1.527304093116 
1.530532430672 
1.531603440453 
1.539245812404 
1.541259865820 
1.541006113540 
1.537991993527 
1.534013358934 
1.536415279592 
1.533421230295 
1.535312952077 
1.532117096281 
1.526294676371 
1.526486375463 
1.525662076984 
1.525093254445 
1.526672054844 
1.524570783951 
1.528281862574 
1.532825526711 
1.534129106838 
1.530663654026 
1.531802659562 
1.532643555802 
1.530447784720 
1.531204605445 
1.526910715109 
1.527572886677 
1.527146340109 
1.528129123882 
1.529054604690 
1.528152732614 
1.526987711537 
1.530605804028 
1.532787608150 
1.532102318581 
1.533052156568 
1.530235122321 
1.532148738131 
1.532781606828 
1.529214283877 
1.530333236075 
1.532264877386 
1.536091450177 
1.533262405305 
1.533767774729 
1.534695658582 
1.529742618851 
1.530337819056 
1.530188103770 
1.532729922902 
1.532977628231 
1.532916672686 
1.535170588850 
1.533379288663 
1.534514296336 
1.532405246180 
1.532126727020 
1.532278292180 
1.531423095495 
1.531149185156 
1.526842719228 
1.530511959637 
1.529373604431 
1.532152967252 
1.534131949619 
1.531363981308 
1.535886516322 
1.534584662918 
1.536289807840 
1.525805979923 
1.523441271880 
1.523225158902 
1.525776549904 
1.526251647307 
1.521087488756 
1.521073914578 
1.521040559439 
1.522807553542 
1.522418663567 
1.522835926559 
1.517183040595 
1.522299335495 
1.524552534405 
1.522111777636 
1.522664169097 
1.521999567988 
1.517716920152 
1.517970282746 
1.515935550363 
1.517113287501 
1.519823090835 
1.519308060267 
1.529109912575 
1.528376560312 
1.533128582288 
1.529693236951 
1.528677805576 
1.528394870529 
1.528789354196 
1.528488451561 
1.528465595526 
1.529709345868 
1.531572905157 
1.531802355327 
1.531267199389 
1.531630029462 
1.533042080536 
1.534795291922 
1.531663737748 
1.529599464378 
1.531348086183 
1.531139121282 
1.531847110949 
1.527637612210 
1.528767308114 
1.523339961528 
1.525275870631 
1.523444672615 
1.526409446051 
1.526540435652 
1.532434842456 
1.534002595062 
1.534443315332 
1.534687045058 
1.531021089383 
1.529992047403 
1.527448889311 
1.528382088338 
1.527473009665 
1.526114596184 
1.527936647454 
1.526351118075 
1.527883238870 
1.523781260097 
1.522596585726 
1.522377120081 
1.521534762873 
1.521996982254 
1.521190576309 
1.521266986343 
1.523201761725 
1.529204828384 
1.524201722302 
1.521126518860 
1.521636486771 
1.520828396898 
1.521197530851 
1.517361012545 
1.521874552138 
1.519887243582 
1.521217081658 
1.521383037532 
1.523124159445 
1.520444912644 
1.519015192368 
1.519338537868 
1.519814415824 
1.519792401025 
1.518743837865 
1.520833228101 
1.521851626203 
1.522785882456 
1.523113973702 
1.523592905905 
1.526345519053 
1.527455015615 
1.532893824577 
1.533062405125 
1.533070121215 
1.531288853077 
1.530174040159 
1.533087802883 
1.533783068962 
1.532346161729 
1.532116014478 
1.533512058318 
1.531323523030 
1.536535679964 
1.536267776034 
1.536267776034 
1.535894533888 
1.534242421910 
1.533525455307 
1.532868407457 
1.533368839336 
1.533509812580 
1.531583192041 
1.531461091416 
1.533836087348 
1.532158460024 
1.532530655212 
1.532966274614 
1.525222743988 
1.524548399634 
1.524151962206 
1.526415294768 
1.529044604978 
1.526564660091 
1.519861712315 
1.526089667723 
1.526428922083 
1.526104120378 
1.526881430211 
1.527669062609 
1.527576764941 
1.526756095320 
1.524330511898 
1.521249973471 
1.523992486090 
1.519006997929 
1.517004180540 
1.516413142072 
1.520030685913 
1.520247268101 
1.519673412551 
1.522820426871 
1.522090333061 
1.518820092167 
1.522485638856 
1.523214424381 
1.524719989226 
1.522699178680 
1.522900850899 
1.524271435141 
1.523549302196 
1.522796671204 
1.523044841670 
1.523777892127 
1.523617228552 
1.525055480282 
1.526089499660 
1.525313517325 
1.526606456151 
1.524415044926 
1.525962449491 
1.525770786881 
1.523046471667 
1.530003297342 
1.522570156054 
1.523104416115 
1.519804183053 
1.523792479577 
1.522586525938 
1.526969195863 
1.529501452231 
1.523158900513 
1.518094186238 
1.519078801003 
1.522244369700 
1.518720733543 
1.517364894965 
1.518892525197 
1.516900868570 
1.521310780423 
1.524001204831 
1.521889446055 
1.525408848554 
1.529636573089 
1.528897642827 
1.530136508695 
1.531752339880 
1.530011691663 
1.524750379525 
1.524141449260 
1.523140849122 
1.526974633435 
1.530450640019 
1.528296026861 
1.523462166384 
1.528992757207 
1.528136301754 
1.520055689479 
1.520794189685 
1.520565943269 
1.519423536730 
1.526704825259 
1.528806103772 
1.526708695893 
1.527948556701 
1.526586070549 
1.529778163236 
1.528176467560 
1.529233423678 
1.531328062317 
1.531251660323 
1.535053174414 
1.534004095645 
1.530524239202 
1.531622709619 
1.529851375378 
1.525521429441 
1.527414043266 
1.525892974442 
1.531571482386 
1.527893034615 
1.532110485032 
1.530039361918 
1.526233328224 
1.524003791532 
1.519110681147 
1.518245837727 
1.522571593835 
1.517387015321 
1.521034721197 
1.511444181627 
1.518274773248 
1.520407867935 
1.518784756089 
1.519281044620 
1.517988387744 
1.515864342046 
1.518784495147 
1.518714711832 
1.519681554620 
1.519419748514 
1.519605035420 
1.517519139418 
1.514611912892 
1.523466330568 
1.523514408000 
1.522309729023 
1.523525099676 
1.521635088411 
1.525042116695 
1.515488860525 
1.522094941432 
1.521635581794 
1.523286804148 
1.523141361067 
1.525891410764 
1.528778057317 
1.531697009812 
1.526116304037 
1.523814187974 
1.524680542240 
1.526589234894 
1.524607408354 
1.526699357434 
1.524773466694 
1.519890698734 
1.522434849448 
1.522820734242 
1.524557031289 
1.520486456937 
1.525503134731 
1.523870547578 
1.524825900504 
1.529061893539 
1.529163288238 
1.531401373761 
1.530584008949 
1.529386255947 
1.527059201236 
1.546164994356 
1.548308274819 
1.540237493528 
1.544934044424 
1.534712823654 
1.546152423448 
1.531697282296 
1.529952333522 
1.532493883961 
1.538490107258 
1.530816010321 
1.534973838132 
1.536347009332 
1.540281111927 
1.535575191337 
1.538141990458 
1.539425614727 
1.543491492039 
1.532017291844 
1.538286976645 
1.535856740042 
1.536130220809 
1.531228187550 
1.530082541282 
1.529865663450 
1.524536822017 
1.524899992344 
1.527815558778 
1.533399295164 
1.530203298482 
1.524817138859 
1.521730446435 
1.527675736031 
1.527380966505 
1.518326092991 
1.519864469137 
1.517601084362 
1.529728785723 
1.528344171754 
1.526239725899 
1.529375995924 
1.529462549555 
1.530355566441 
1.532443840670 
1.529998978920 
1.516250589266 
1.519962247263 
1.516223310356 
1.519886780642 
1.516038500202 
1.522743000658 
1.525098674642 
1.528136300257 
1.528587087209 
1.533854661305 
1.530041351245 
1.532595065747 
1.533486529448 
1.534752032299 
1.538273209469 
1.536665437474 
1.538556132375 
1.536539936088 
1.536500744376 
1.539063035472 
1.538923271218 
1.535098549539 
1.532389166123 
1.527813934810 
1.528395212252 
1.528982350552 
1.532381104015 
1.534924533666 
1.532713423941 
1.534155635881 
1.540505234736 
1.532296623787 
1.530641490728 
1.525307791834 
1.528163804847 
1.527612928804 
1.524293374582 
1.522960036040 
1.523009291084 
1.531888784539 
1.526581336844 
1.531050451004 
1.517793421357 
1.519684126097 
1.520255627519 
1.519993346472 
1.520964604211 
1.520586844273 
1.519138241225 
1.515383532054 
1.522183235290 
1.513815853723 
1.514620958500 
1.516564459439 
1.522174158655 
1.519348279458 
1.520809735764 
1.522267067355 
1.522828056843 
1.526475185099 
1.525083003963 
1.525303153328 
1.523045107798 
1.521955183619 
1.515972708272 
1.510986249842 
1.512160354323 
1.508928685379 
1.521334445591 
1.518042044062 
1.516758990288 
1.517124899078 
1.517805283981 
1.512595068013 
1.515586288818 
1.510652310761 
1.513009258355 
1.516410721034 
1.508258998699 
1.517432222880 
1.520161879371 
1.528080365226 
1.534517832209 
1.532885006313 
1.532759059718 
1.533318853281 
1.529149698776 
1.528405188936 
1.531436708745 
1.530808765908 
1.531974891448 
1.530128909701 
1.532116431560 
1.533848498238 
1.530286299769 
1.529739065722 
1.532186224346 
1.533121091663 
1.535164796294 
1.528225009735 
1.531489141676 
1.532077516909 
1.527811519641 
1.527341599118 
1.529682412823 
1.525248364362 
1.521500862249 
1.522531600841 
1.516122131771 
1.519262227153 
1.518568104301 
1.523684380937 
1.526502313609 
1.523540449076 
1.523567070853 
1.520326341834 
1.523057510728 
1.524187474245 
1.525563342960 
1.525698017016 
1.527275943243 
1.527447578051 
1.526420847524 
1.527751120494 
1.528765392895 
1.528985349041 
1.529242993530 
1.529181933261 
1.527316726735 
1.521365515456 
1.521185169513 
1.522814252772 
1.520116644970 
1.517056161666 
1.511743185878 
1.511072884495 
1.505102932448 
1.513905618017 
1.514882320609 
1.509918796270 
1.512118099331 
1.511621399052 
1.513890306780 
1.513216343446 
1.512234919693 
1.513804304442 
1.513684845404 
1.512606074578 
1.512173102630 
1.512757526924 
1.512876002712 
1.511796472981 
1.519997781695 
1.525206104280 
1.523774170021 
1.524747085647 
1.523844307216 
1.524212127801 
1.523599863598 
1.522857884356 
1.522655382449 
1.522221698839 
1.521879560175 
1.522722434811 
1.517008724573 
1.521040524223 
1.518548743942 
1.518736172738 
1.516274220351 
1.510600092662 
1.509209137248 
1.509652253742 
1.514128034330 
1.515992905991 
1.518132687071 
1.518897439263 
1.518893113302 
1.516636069460 
1.518305604775 
1.522627609396 
1.521764347504 
1.523338998533 
1.522820920549 
1.524107873001 
1.525397306163 
1.523703130838 
1.521252603376 
1.522634765544 
1.521567231400 
1.522702029204 
1.522013112500 
1.522871669304 
1.523570893322 
1.530311604930 
1.533293302427 
1.535226282979 
1.534913258647 
1.533923867136 
1.534360397258 
1.524801250834 
1.522853402888 
1.522149124534 
1.526414429540 
1.527576175910 
1.529271277356 
1.528951787827 
1.530253744606 
1.528717900709 
1.529531302094 
1.526803452933 
1.527511578920 
1.526312364970 
1.521442105449 
1.522657587137 
1.525428275133 
1.522448255609 
1.524568352877 
1.527104779060 
1.530231509023 
1.529116298280 
1.529366804388 
1.530089215446 
1.526778848048 
1.525682423130 
1.527004736994 
1.527418149292 
1.526512611341 
1.524771747224 
1.517090892701 
1.520221508521 
1.521644066182 
1.525072823609 
1.530144130516 
1.530819063879 
1.535301464814 
1.534467524658 
1.533051323855 
1.533499227738 
1.533167967944 
1.530544675356 
1.541510524360 
1.535543063168 
1.535134706123 
1.535116421511 
1.541151518003 
1.540428465686 
1.544675111500 
1.543682457296 
1.537332739716 
1.535551126163 
1.539187549932 
1.533195585147 
1.531760606239 
1.531460781420 
1.529647910528 
1.524613825662 
1.527442175005 
1.528055943486 
1.526398264694 
1.528496558019 
1.530449009200 
1.529025562034 
1.528334694679 
1.526486850218 
1.526257981919 
1.528203598387 
1.526633025983 
1.530379956516 
1.529078001139 
1.530603713249 
1.531129400340 
1.527421856791 
1.527911298878 
1.527883282477 
1.528659654689 
1.527129713002 
1.530927174980 
1.529967598313 
1.525638581890 
1.522418198380 
1.515698538185 
1.512955865814 
1.518521103822 
1.520046522488 
1.520170198048 
1.518646506292 
1.530365772557 
1.526859522651 
1.517879045864 
1.523366743519 
1.525105374730 
1.525950002852 
1.534978675760 
1.527872673263 
1.526398511949 
1.532144696401 
1.529030050319 
1.520088027999 
1.524797461215 
1.526206536584 
1.527612121812 
1.531325264906 
1.530655848246 
1.530590497927 
1.525476608772 
1.525381939809 
1.529062024322 
1.530797993846 
1.527344118039 
1.526056284635 
1.529510685147 
1.529561031902 
1.528637030716 
1.528482562713 
1.529452336139 
1.528229978349 
1.527670630927 
1.527237698362 
1.527863316527 
1.528289466134 
1.526170012008 
1.526251946537 
1.534681662878 
1.524484354733 
1.523452384528 
1.525918318006 
1.526695160991 
1.526280242215 
1.524049690897 
1.525151533941 
1.521870811288 
1.521275484003 
1.518037928168 
1.516716978335 
1.512885031639 
1.511870645644 
1.518927326317 
1.513945131032 
1.514353003376 
1.513912493286 
1.513849308680 
1.520683979117 
1.521949367345 
1.516649201881 
1.521495055329 
1.528747518653 
1.527055496944 
1.526773348564 
1.525817085167 
1.524615728566 
1.520686739553 
1.524301665086 
1.523538766198 
1.532828338447 
1.531401437502 
1.537395539826 
1.534939151488 
1.535081433357 
1.539085814770 
1.541751055819 
1.538836588729 
1.538433318432 
1.537318567692 
1.534549139738 
1.532329819146 
1.536925633677 
1.538615291236 
1.546065456168 
1.546664529409 
1.542699961384 
1.543301775827 
1.539421039925 
1.540467291411 
1.540620686654 
1.537219168950 
1.536206522087 
1.532779386167 
1.528296583734 
1.528218589275 
1.526629209370 
1.526884850658 
1.526372648242 
1.527964883990 
1.528584094973 
1.527487058212 
1.525794866679 
1.525282280930 
1.527093660461 
1.528027305394 
1.528014937090 
1.528850836945 
1.527748525046 
1.528933643440 
1.528540913804 
1.528989356285 
1.528006910769 
1.526437087889 
1.526042735345 
1.526439177779 
1.522549353232 
1.527497752359 
1.528062268053 
1.526757041751 
1.527474915567 
1.526741026680 
1.523818091644 
1.522945312239 
1.521434873137 
1.522310541257 
1.518906529303 
1.518995823743 
1.523581950617 
1.522345502462 
1.522216984619 
1.523402036460 
1.521918683203 
1.519100545951 
1.520382097338 
1.520467550990 
1.522246204175 
1.522267419583 
1.522142843399 
1.520663862941 
1.522067149317 
1.521642772830 
1.522270607559 
1.520039969271 
1.522789997962 
1.519012894369 
1.521608376997 
1.524132013939 
1.525619579867 
1.528971597108 
1.526602395355 
1.526124715523 
1.525275973592 
1.528001850126 
1.528102506809 
1.526643633944 
1.529265910286 
1.526005412507 
1.527810409923 
1.530399321495 
1.532759284694 
1.529640142556 
1.530183853344 
1.524216747456 
1.526580763237 
1.527463436039 
1.524723502779 
1.522996189649 
1.530691918993 
1.532768079539 
1.535708433148 
1.530942611016 
1.528555619483 
1.527629943533 
1.530299368915 
1.522063244345 
1.521737312747 
1.519557326012 
1.519740875959 
1.521590100700 
1.524793667462 
1.522051288256 
1.521714738545 
1.527395440103 
1.530265279034 
1.531251537793 
1.531015027650 
1.531477137304 
1.531661210516 
1.532479694928 
1.537257372642 
1.534162787197 
1.528777867804 
1.531951693954 
1.532320259289 
1.532471800508 
1.530489806381 
1.531374238831 
1.527513107961 
1.525859785739 
1.525382873312 
1.525757979897 
1.525883208912 
1.528346531255 
1.526396815904 
1.529707949557 
1.530551819182 
1.527576730152 
1.528946568928 
1.528763219795 
1.529506102026 
1.529533665620 
1.532672021180 
1.534394452399 
1.535531577979 
1.530891171788 
1.530962610163 
1.529746297792 
1.530634874028 
1.530689050665 
1.530277975502 
1.531460710743 
1.531145112546 
1.529395485041 
1.527811070402 
1.528448394176 
1.532549793612 
1.530802079861 
1.529056855314 
1.533844914809 
1.532071948774 
1.534432574036 
1.535562517818 
1.535007287918 
1.534762369571 
1.535429625723 
1.535440073809 
1.531324823010 
1.536561944505 
1.541228647786 
1.538398763110 
1.537718682291 
1.536614801628 
1.540092932891 
1.540988769943 
1.537398886752 
1.538789003819 
1.541405927186 
1.540937189867 
1.543636868974 
1.538222377983 
1.533793325305 
1.530908703258 
1.532385323811 
1.532640502939 
1.532259978626 
1.531754142412 
1.532188129072 
1.533830305407 
1.535361292019 
1.540050817652 
1.543056075242 
1.542836932146 
1.543197099427 
1.537017378682 
1.537207531679 
1.537103735160 
1.536090488145 
1.534519981202 
1.533618938297 
1.531453368215 
1.532296583553 
1.532041783711 
1.532491123972 
1.533992229268 
1.532786826764 
1.532802860033 
1.531903101078 
1.530927722862 
1.523709003669 
1.523917650419 
1.524542510768 
1.522682149866 
1.523368784077 
1.522618410331 
1.521631664626 
1.523005585349 
1.528505561868 
1.528632398331 
1.528578264407 
1.529739943888 
1.527538332412 
1.526727383943 
1.535841610197 
1.534181870965 
1.534719371074 
1.532759895204 
1.531135778122 
1.533927076969 
1.531764765566 
1.531279306247 
1.532380031383 
1.530285883677 
1.547416216017 
1.542055348678 
1.537229129070 
1.537192676247 
1.535252285288 
1.535633339441 
1.537230718852 
1.536517932739 
1.534916368075 
1.538616929748 
1.537904375719 
1.544664562073 
1.542855304442 
1.542198599228 
1.539113387168 
1.540617799085 
1.539423169933 
1.539025941312 
1.530512090382 
1.532524688078 
1.523831787874 
1.521801726652 
1.525147681217 
1.528110915245 
1.527505476263 
1.531228983772 
1.535831037254 
1.534477022415 
1.532070865481 
1.530490752457 
1.526584152420 
1.524948627746 
1.529192512653 
1.526165201219 
1.523099708415 
1.518181879482 
1.513076516299 
1.524163768641 
1.520593132205 
1.521299316235 
1.517817695097 
1.518694220534 
1.520040253021 
1.515497269952 
1.521778720190 
1.525494379876 
1.527981536948 
1.533905672245 
1.529137431358 
1.531538495031 
1.534506805689 
1.532001582354 
1.531397440804 
1.528295839398 
1.525953334614 
1.527137133512 
1.521672722257 
1.520298221646 
1.519232813812 
1.521577474259 
1.518820997783 
1.520207690954 
1.525992127179 
1.524032449535 
1.515839084962 
1.514598884712 
1.512351283835 
1.515468622477 
1.518379917834 
1.526092394756 
1.526034829459 
1.532104852231 
1.528930243091 
1.531424207619 
1.530152784727 
1.536119951706 
1.534257000456 
1.531507953484 
1.522585166739 
1.515455069458 
1.517640263471 
1.518838916491 
1.518462160507 
1.519615970881 
1.513260618192 
1.520908425292 
1.519882018508 
1.517481748571 
1.513320990992 
1.517894093506 
1.515756367645 
1.517703654436 
1.512254311970 
1.516909273044 
1.514603439844 
1.519821451543 
1.516163492965 
1.522388047413 
1.520510502250 
1.519708870923 
1.520361888078 
1.526303019224 
1.525230586176 
1.525263608185 
1.520301847460 
1.526033626044 
1.520741754052 
1.521903829349 
1.522474049020 
1.526342245368 
1.530564870883 
1.529346703067 
1.528334312793 
1.534566440993 
1.530663141727 
1.527390477899 
1.522781046736 
1.520607992983 
1.520175627871 
1.514553417169 
1.512253872258 
1.517039979753 
1.519865582906 
1.520069838605 
1.521049233227 
1.524147734943 
1.523856164554 
1.523682773128 
1.524968052818 
1.523278478268 
1.528869090132 
1.526530882691 
1.527397667036 
1.522866150189 
1.520284711409 
1.525215134144 
1.529217835549 
1.529451557972 
1.525919700432 
1.521981784793 
1.522804474310 
1.521633261435 
1.521768421687 
1.518349033533 
1.517325013486 
1.518224621913 
1.515120235969 
1.514597498399 
1.516741394774 
1.515216900702 
1.513400925874 
1.515765821854 
1.515411695003 
1.516489303538 
1.523082962667 
1.520175757944 
1.518356526255 
1.520087456201 
1.522179197383 
1.526244401735 
1.523625715773 
1.522354937060 
1.531835471999 
1.533975979048 
1.533112730918 
1.537538127783 
1.526871021875 
1.528471969382 
1.531031426631 
1.531161378504 
1.527610450283 
1.533716405501 
1.531248292279 
1.529593052672 
1.531351296315 
1.533408442353 
1.532846188320 
1.533976002125 
1.528153603693 
1.530351724938 
1.535226962333 
1.533086585278 
1.529345280647 
1.535595674839 
1.531265190686 
1.529234083854 
1.526492515285 
1.522446915055 
1.514914986630 
1.517571500788 
1.516272408609 
1.519155481441 
1.518746969301 
1.521360868642 
1.515110565203 
1.522616492259 
1.516399439273 
1.520263668289 
1.520239727767 
1.523840552268 
1.523161776360 
1.521845827760 
1.523164732199 
1.528956572645 
1.529536866164 
1.523347579627 
1.523142753307 
1.522964241493 
1.523435048051 
1.523597652534 
1.524841614921 
1.520276027650 
1.524858440559 
1.524486218265 
1.526441326544 
1.526391017703 
1.524610229503 
1.525755605764 
1.522143713641 
1.523250684478 
1.524981095487 
1.524226782378 
1.522191009204 
1.522080236160 
1.521981649611 
1.521243939457 
1.524392272884 
1.526064182423 
1.525393785132 
1.519366304657 
1.523756739174 
1.518422429480 
1.508926847672 
1.514852614482 
1.509408852881 
1.517281242318 
1.518054453519 
1.519973831725 
1.519129143076 
1.518464406171 
1.522378086282 
1.519271360909 
1.523240426875 
1.522024502380 
1.523833612078 
1.523325697453 
1.524138710617 
1.521254829926 
1.522628573650 
1.518205211383 
1.523799226117 
1.523627305292 
1.525986710608 
1.528613123325 
1.526127363802 
1.524224839996 
1.525410736075 
1.525059530694 
1.524383885943 
1.525978358527 
1.523941557031 
1.523773579331 
1.524064181109 
1.526114214073 
1.523189924266 
1.516509966573 
1.525737803451 
1.525357982947 
1.527389329509 
1.527963715981 
1.526400638329 
1.526116321188 
1.525375660032 
1.525023730083 
1.519498398230 
1.518132914576 
1.518289969339 
1.520334636683 
1.520659734528 
1.519452051644 
1.515967244055 
1.515405765186 
1.518467522495 
1.515446002246 
1.520275086326 
1.520414097413 
1.520852886915 
1.521296800415 
1.521840409277 
1.522080142435 
1.521463258687 
1.521767233197 
1.522331866968 
1.525569105939 
1.525110582553 
1.527518985558 
1.527593190977 
1.526085691437 
1.523960224847 
1.525229973834 
1.525310376751 
1.524510094553 
1.523609386985 
1.526098109774 
1.526935043696 
1.531361948809 
1.531277985002 
1.529301762721 
1.532421507151 
1.534256119534 
1.536193550254 
1.535912626018 
1.537110279866 
1.532329000470 
1.533016328442 
1.534280156880 
1.531322819438 
1.531248387407 
1.526815524058 
1.529251655806 
1.533218136150 
1.525064153425 
1.524279341031 
1.525629959336 
1.524871362002 
1.526377990687 
1.525031033399 
1.527709506047 
1.526087675822 
1.518172338198 
1.512997461989 
1.516930537794 
1.514005736769 
1.518930433483 
1.520701033763 
1.520398138185 
1.519241391258 
1.519416054253 
1.521649386427 
1.526341585236 
1.526328051938 
1.527266243325 
1.527038664044 
1.531448500591 
1.529381246583 
1.530321706626 
1.532733881115 
1.532733881115 
1.533589291123 
1.532301524430 
1.532124242986 
1.533215306850 
1.528856910646 
1.530137073651 
1.533991728574 
1.531210795691 
1.526514822480 
1.528549682274 
1.526831112544 
1.526837514042 
1.525918697699 
1.526282366548 
1.526834480690 
1.527021030570 
1.527781661819 
1.529920192120 
1.519746306331 
1.515636220833 
1.522523239748 
1.521063424886 
1.520508145139 
1.522130229647 
1.522155658761 
1.522643407629 
1.521866449445 
1.518520981286 
1.522728578052 
1.526499350083 
1.524944296628 
1.524175872135 
1.527450442755 
1.520645766408 
1.520510202706 
1.520942672223 
1.529414988278 
1.530618202748 
1.530826760007 
1.532919433361 
1.531883763988 
1.532624273998 
1.533375621675 
1.524195904811 
1.526304485160 
1.526508584725 
1.529063570632 
1.529696385356 
1.529847850532 
1.528436949258 
1.521671686263 
1.522002732928 
1.526216579258 
1.523345298174 
1.528730744507 
1.523423215171 
1.532563786925 
1.528722721456 
1.531677760580 
1.533273160786 
1.526261294280 
1.528771039750 
1.535929841376 
1.522286011980 
1.521475353888 
1.521118580997 
1.516911393269 
1.520124270566 
1.522972696403 
1.515436189768 
1.513430059581 
1.513605517819 
1.511460179812 
1.511934259546 
1.514805185067 
1.514051953054 
1.515131328787 
1.514926842819 
1.512979848037 
1.513267069094 
1.512105349699 
1.509475353679 
1.518403432782 
1.519378749741 
1.522786884184 
1.522759927551 
1.522189402259 
1.523245496494 
1.523897727640 
1.522308970486 
1.527121241097 
1.520400035894 
1.525371658300 
1.524348554571 
1.525503128966 
1.516219941711 
1.515791828245 
1.508428691038 
1.512943754545 
1.509331583992 
1.511874641380 
1.513508712454 
1.510964164943 
1.513330339798 
1.512064983731 
1.511020874580 
1.512056866249 
1.511173861421 
1.511352409271 
1.513617153309 
1.515246112070 
1.515980959578 
1.516526700775 
1.516752780782 
1.508656719413 
1.510929861906 
1.509074026160 
1.515198638376 
1.511097745161 
1.511963646169 
1.514960068796 
1.514487623951 
1.518763101937 
1.521118841283 
1.520835990169 
1.518245648293 
1.517883036696 
1.518576831669 
1.517271791176 
1.517781112872 
1.516596066541 
1.515643511483 
1.515151827863 
1.514296484402 
1.512192006691 
1.513183685816 
1.510291836337 
1.515028329063 
1.513952903449 
1.513877402206 
1.513833453805 
1.512934068330 
1.514658436358 
1.509070742921 
1.516932934860 
1.517550280540 
1.514689724952 
1.515378288204 
1.514082907398 
1.517523337210 
1.518901780336 
1.518254215095 
1.515993156214 
1.516268538307 
1.511436067130 
1.511199275172 
1.515299454772 
1.512926455307 
1.512372673151 
1.511723094771 
1.513639078839 
1.515143031759 
1.512916880214 
1.516504978797 
1.517191143560 
1.518929812744 
1.517733516666 
1.521337919587 
1.521306600742 
1.520481945175 
1.520541802289 
1.520165894648 
1.520007897683 
1.519711206342 
1.521034863731 
1.519850570828 
1.519779922399 
1.519667007312 
1.519404064614 
1.519326121823 
1.517000121020 
1.518368846687 
1.518161116451 
1.519147733571 
1.517946371832 
1.518127970422 
1.517656812911 
1.514623863127 
1.517136586287 
1.518054616148 
1.520388869730 
1.515712654508 
1.517952748483 
1.517418538092 
1.512925825188 
1.511475098721 
1.515974137388 
1.517819000038 
1.521423049261 
1.522877285925 
1.527852651443 
1.521743947605 
1.514088806588 
1.516701076775 
1.515514429450 
1.513210591379 
1.513358257922 
1.518546671182 
1.511232003133 
1.514613237082 
1.517563138077 
1.514832052139 
1.512871075002 
1.507455328303 
1.507904321907 
1.514015198537 
1.512902444703 
1.506342923355 
1.520701953969 
1.511119226540 
1.510034857558 
1.516720227129 
1.519956636966 
1.522212699377 
1.523329597143 
1.518362510115 
1.520736250085 
1.521005021802 
1.523417254402 
1.533814649474 
1.529352900840 
1.527712967417 
1.530675734886 
1.529210672308 
1.529203159729 
1.534845227637 
1.535168829997 
1.534618613448 
1.535532777885 
1.533264406979 
1.532989574248 
1.532155318181 
1.529644455694 
1.529924695349 
1.527434908696 
1.529785994988 
1.529030285745 
1.527330355087 
1.525499586101 
1.534361102337 
1.534953543182 
1.532952983551 
1.534036610256 
1.534020313694 
1.531363022913 
1.529302082678 
1.528599010527 
1.527995724142 
1.527423109424 
1.527352682428 
1.526899434049 
1.524602544692 
1.524262829233 
1.523940062751 
1.525755829890 
1.526005254610 
1.524616569979 
1.525731156043 
1.524136696141 
1.522175115251 
1.521470561609 
1.521180878211 
1.521769118364 
1.521829205654 
1.520398556295 
1.516664924422 
1.517055927324 
1.520342431536 
1.519645443810 
1.516559079061 
1.515984486266 
1.516224529610 
1.516489744395 
1.516876347719 
1.517907735497 
1.518347568580 
1.517890013400 
1.518486360690 
1.520632355111 
1.520536679963 
1.519153305244 
1.519420871391 
1.520469296992 
1.521167417222 
1.517903788067 
1.517060748204 
1.518945026552 
1.517071657762 
1.517970305214 
1.518500208590 
1.518369124054 
1.521954123342 
1.523983112414 
1.525652785192 
1.524400881702 
1.523528769507 
1.525750164506 
1.531083694337 
1.536086243663 
1.539296537131 
1.534811813316 
1.534870710934 
1.527317011982 
1.528713200878 
1.528562983751 
1.528894562963 
1.530243606499 
1.528763484936 
1.527628203021 
1.522270029654 
1.528004347186 
1.525968934969 
1.525918514755 
1.525993795379 
1.525857963402 
1.526189976390 
1.525757353594 
1.525831899116 
1.525530781759 
1.526169408867 
1.524709693741 
1.524012945398 
1.523696875675 
1.523730021755 
1.523805461747 
1.523856539532 
1.523929663265 
1.521867275701 
1.522925718958 
1.522341049216 
1.522267396561 
1.526761783149 
1.526859740930 
1.528021108272 
1.527383815090 
1.524274736143 
1.524488960932 
1.526204186486 
1.526336136126 
1.526819464241 
1.527634015835 
1.526720193406 
1.526909794379 
1.527135897721 
1.526738666472 
1.527699216013 
1.529050499923 
1.528524952073 
1.527674394643 
1.527255785477 
1.526806773483 
1.530610349747 
1.529392118992 
1.528027736247 
1.527611841730 
1.528728734462 
1.529281492920 
1.531712194706 
1.528896722187 
1.529796200132 
1.531292479415 
1.531623810706 
1.530480798921 
1.529759770574 
1.530004334507 
1.531050017141 
1.530634384665 
1.530417029870 
1.530205029327 
1.530235439921 
1.533927642339 
1.531579195679 
1.531086384818 
1.531457887836 
1.531162808589 
1.531337212200 
1.528892990670 
1.526298514449 
1.525664984849 
1.526603731566 
1.526271434118 
1.526544302938 
1.526388577665 
1.526343764572 
1.521527845461 
1.523683063958 
1.521330731518 
1.517913609202 
1.520030015898 
1.520408619563 
1.520319455513 
1.520515591439 
1.521913163460 
1.521549493009 
1.519911090643 
1.520127610711 
1.522711573710 
1.522394541031 
1.522744334058 
1.520253837681 
1.520404886989 
1.520994178926 
1.520566922878 
1.520633911146 
1.521280882516 
1.519924485610 
1.519906191661 
1.520743923940 
1.521818319587 
1.522361661335 
1.522442887041 
1.522310807797 
1.522088026996 
1.522530278342 
1.524094963610 
1.524848423129 
1.525427480853 
1.524767365454 
1.524770410835 
1.525100896087 
1.519720309917 
1.529493873025 
1.523719035992 
1.536579882312 
1.536364961194 
1.534015332017 
1.532267947900 
1.535599778655 
1.530343565069 
1.534005562915 
1.530005334832 
1.528907876851 
1.519247606382 
1.517181796714 
1.517433545447 
1.512458611862 
1.511552761351 
1.516007944431 
1.516959323482 
1.518850821891 
1.523576481261 
1.517706313519 
1.519424507185 
1.519137233106 
1.519353851097 
1.524343460876 
1.525376044794 
1.524285052694 
1.528395608499 
1.527679440184 
1.524995620607 
1.529859732601 
1.539359169030 
1.532232270099 
1.538888668040 
1.539926680631 
1.545180056867 
1.535530873655 
1.538281708073 
1.540099702348 
1.544442936727 
1.532953774942 
1.539565891876 
1.534169010727 
1.534710981371 
1.533385004984 
1.538808081440 
1.533097540682 
1.535600686457 
1.528551421539 
1.522869321262 
1.532184176834 
1.527896026124 
1.532102877599 
1.532251928083 
1.535027931185 
1.535839509862 
1.533608872916 
1.536182262828 
1.533432670748 
1.535004553653 
1.526635743263 
1.528525713935 
1.528749000270 
1.532034773187 
1.539388690039 
1.533504265019 
1.529051402521 
1.530109914461 
1.538097069035 
1.531363914858 
1.529836592826 
1.528718102983 
1.522686421775 
1.519110523889 
1.518549765588 
1.521159194109 
1.524853687555 
1.530647207425 
1.533088674601 
1.521706473985 
1.519149051929 
1.517521638945 
1.517104499928 
1.518880861068 
1.518228005389 
1.520109337230 
1.517218169893 
1.520564810648 
1.523833120171 
1.521991263075 
1.516870403943 
1.520324655324 
1.521770226457 
1.525589682208 
1.518833024783 
1.527106521364 
1.523094295217 
1.528312717196 
1.530971828949 
1.528177220031 
1.521148944114 
1.515949835383 
1.518925320789 
1.520717876610 
1.519985600110 
1.520033041164 
1.516542208712 
1.525433175760 
1.522159151927 
1.520143396409 
1.521442231657 
1.520486745611 
1.517122545251 
1.516987494069 
1.520377286862 
1.520116871658 
1.521591640276 
1.522016520188 
1.521703710367 
1.521011622494 
1.521997452814 
1.515082206390 
1.519475865415 
1.515972231374 
1.519090073945 
1.517422740450 
1.517402448072 
1.521346904762 
1.518838932723 
1.521166884494 
1.520041086769 
1.522551556321 
1.525633982726 
1.527859938726 
1.528848906456 
1.527641369701 
1.535608898811 
1.536476108078 
1.535602330119 
1.538606772698 
1.537642506356 
1.541420671153 
1.548635257229 
1.548215049325 
1.547400566389 
1.538995626092 
1.533973901566 
1.545135093831 
1.545375637394 
1.541584261337 
1.538288887521 
1.545886179484 
1.535508673029 
1.536218892865 
1.539533393147 
1.535488472734 
1.528065064774 
1.534469481618 
1.542601074933 
1.528164365015 
1.532698420599 
1.532855458320 
1.529489914424 
1.534479228356 
1.536297753602 
1.529690994414 
1.538921776624 
1.543362789900 
1.542415812164 
1.535662054993 
1.532232360790 
1.528148448280 
1.537287407896 
1.531118528406 
1.526919027578 
1.527633908454 
1.528604520992 
1.520294429039 
1.523658119709 
1.527814440315 
1.531134351009 
1.522172150567 
1.522367455111 
1.521171896908 
1.522104104148 
1.518493845594 
1.520988747658 
1.526452506300 
1.522898905242 
1.522533695749 
1.526116087254 
1.519534555880 
1.523057806027 
1.523375243600 
1.520276490599 
1.520232607447 
1.521271649748 
1.526125486587 
1.528117927867 
1.528288169659 
1.526343631072 
1.523998682460 
1.521493602915 
1.520818842881 
1.520133082128 
1.522026688883 
1.524170052705 
1.526468922303 
1.527960903643 
1.525808044315 
1.524710517466 
1.520767638534 
1.518297763627 
1.518481482494 
1.519008404660 
1.521104833073 
1.518361405364 
1.517590030253 
1.518779101266 
1.518229114924 
1.520868055465 
1.521235100821 
1.524881329687 
1.525439976239 
1.528528866018 
1.526846382154 
1.526435549336 
1.526343723642 
1.528434210612 
1.528498503295 
1.529844444808 
1.526457149139 
1.525419757412 
1.523768733196 
1.520997168014 
1.518745179703 
1.513770330760 
1.516547246617 
1.513562768734 
1.512183615526 
1.517168944940 
1.522874305236 
1.526690234345 
1.528852592914 
1.528868898655 
1.531669411494 
1.528411946341 
1.527459506528 
1.527258349256 
1.528872957508 
1.532340642375 
1.532905150624 
1.532049150866 
1.529970214782 
1.529230732819 
1.529325314285 
1.526224610403 
1.528777169956 
1.529502566677 
1.530100589467 
1.527527267109 
1.525620918066 
1.525816565945 
1.522018577176 
1.525080641387 
1.527576890600 
1.527479186142 
1.526927907863 
1.529290928722 
1.526271887434 
1.526020245082 
1.532290591865 
1.528048916198 
1.524954904210 
1.526251102385 
1.526091383872 
1.523206203631 
1.523597088021 
1.523673971928 
1.523360337754 
1.523445155039 
1.523566643921 
1.525660364510 
1.523510058875 
1.524803151106 
1.526265135585 
1.529334208643 
1.526897584745 
1.524226830828 
1.522543512210 
1.529392073536 
1.529147604724 
1.530697762667 
1.527436401707 
1.530814383040 
1.528252944399 
1.528024590734 
1.527645622113 
1.525154233679 
1.528077013605 
1.529327576209 
1.529058633052 
1.533784333602 
1.530810088241 
1.549584165333 
1.538216506485 
1.544673305550 
1.549747822882 
1.550312479317 
1.552659106935 
1.551754190945 
1.540009191202 
1.543097202063 
1.539239840227 
1.538091324232 
1.537751640724 
1.537820248773 
1.537150408194 
1.538088192938 
1.535143911015 
1.540323535878 
1.540750126526 
1.541250577791 
1.551356484140 
1.551358260709 
1.544162324105 
1.540727707259 
1.533830930451 
1.531400895398 
1.531885803433 
1.529155050390 
1.530562082055 
1.530125356549 
1.533013013716 
1.532866083165 
1.532732037607 
1.529194423986 
1.531864876788 
1.532933148864 
1.532822815622 
1.535777996220 
1.533422311972 
1.536796338280 
1.530301311036 
1.531044314048 
1.529214033013 
1.531191008472 
1.528206515612 
1.528554909872 
1.525946975669 
1.528981121313 
1.531781257849 
1.525909931703 
1.528955289582 
1.525315915708 
1.529705251255 
1.530783297490 
1.530963956884 
1.528088814636 
1.529116080048 
1.532384388963 
1.529267873517 
1.534252811099 
1.528829853696 
1.525755033258 
1.526998756302 
1.533126562400 
1.538569523910 
1.534451875881 
1.533007128582 
1.535107590148 
1.533102308127 
1.531163411062 
1.531149643474 
1.531342269029 
1.529206245114 
1.529528569270 
1.529795120093 
1.526908578803 
1.522702656556 
1.514156459381 
1.516942957359 
1.506719483363 
1.522598866037 
1.516774941187 
1.527155999999 
1.527148129463 
1.533326636147 
1.534858444313 
1.532650573636 
1.533679223037 
1.531589770150 
1.524531835271 
1.525388124486 
1.519033060706 
1.523529024360 
1.530865001229 
1.526784861823 
1.525535619319 
1.528786806525 
1.533893271906 
1.527102423021 
1.526298335387 
1.524284384361 
1.517373740339 
1.513263777474 
1.519388204019 
1.518970519768 
1.518397483176 
1.524763679908 
1.517778084933 
1.515234644548 
1.517647022848 
1.514357322758 
1.514319065693 
1.518521183725 
1.517008114658 
1.519007979929 
1.519590536566 
1.518530014332 
1.522293129724 
1.525794876268 
1.523559031337 
1.524676094961 
1.520901381057 
1.526540221761 
1.521792259202 
1.528895027320 
1.531548684504 
1.538163497604 
1.536691041855 
1.537536453927 
1.540661161171 
1.543301503606 
1.540863936936 
1.543440776998 
1.541434850692 
1.543476717637 
1.538727775434 
1.533072843242 
1.541816886215 
1.532705189037 
1.532549817297 
1.535366664768 
1.534148739375 
1.533464520205 
1.534866106555 
1.538507895587 
1.532882259832 
1.531782877077 
1.531375355957 
1.532762534545 
1.525637525554 
1.529546321909 
1.536642378012 
1.532950002778 
1.532502372790 
1.534951551423 
1.535366353886 
1.536151988845 
1.534613701761 
1.535483998660 
1.538791932010 
1.533099532090 
1.529375909397 
1.527421657865 
1.529046866401 
1.528955028027 
1.529384681317 
1.529683335732 
1.525618717111 
1.524074066455 
1.524642560526 
1.527301485541 
1.523070673764 
1.526394048292 
1.518958505300 
1.526182847975 
1.523835926418 
1.526090790583 
1.528663943354 
1.527350446119 
1.527821492871 
1.522216923601 
1.519841086961 
1.525116263050 
1.523339544249 
1.523431555137 
1.524672528162 
1.524532730931 
1.522260267460 
1.534149828586 
1.534299341870 
1.533286992335 
1.529481052619 
1.531309510433 
1.528533379369 
1.528832521021 
1.527840640098 
1.530847020523 
1.529795641023 
1.530445759512 
1.536154827607 
1.530753468503 
1.531172393446 
1.532406784289 
1.531225654282 
1.536068380755 
1.534638801024 
1.528241015913 
1.527060153360 
1.527297293222 
1.529176891700 
1.530565052303 
1.526162389780 
1.528333751464 
1.513251821428 
1.503195780277 
1.517782699345 
1.517042050213 
1.516988089357 
1.515989845945 
1.510929252473 
1.508469314908 
1.511155693602 
1.518380445768 
1.515881505856 
1.514814367625 
1.515785095113 
1.517298071281 
1.515005489315 
1.515146107964 
1.518971494368 
1.516466659777 
1.518507498301 
1.519288855472 
1.515691779126 
1.518319221762 
1.516700052393 
1.515839789258 
1.517524392074 
1.520210737159 
1.525784253015 
1.524021139843 
1.525959291412 
1.524286343255 
1.523032827271 
1.524603153139 
1.523015866887 
1.523363855822 
1.524703005775 
1.520429862789 
1.520771653636 
1.520818794402 
1.515481597139 
1.519827797621 
1.521325252377 
1.523991845727 
1.518355655323 
1.520279344290 
1.522930017149 
1.516796011468 
1.517257399621 
1.519299726831 
1.519497683727 
1.517840866261 
1.515529549945 
1.516004320013 
1.520213840848 
1.518297863267 
1.517232841523 
1.523213890593 
1.522942764905 
1.524248167777 
1.521781980472 
1.523764899538 
1.521297855703 
1.523254297072 
1.521890788140 
1.520859798171 
1.517336368666 
1.521987709177 
1.518277350590 
1.526352140758 
1.531005087023 
1.526686057175 
1.520452638548 
1.519828046583 
1.512179524145 
1.516499374337 
1.519763879040 
1.520928690212 
1.521037325654 
1.520162764262 
1.521060626362 
1.523312464929 
1.523222376946 
1.523153444998 
1.522789857319 
1.519723700951 
1.521504842395 
1.517069382899 
1.522315101906 
1.522372813595 
1.520540657046 
1.525561741703 
1.524848452936 
1.521728169155 
1.522755956040 
1.525375446477 
1.521608052822 
1.524155427878 
1.529264602609 
1.529313225503 
1.529169127566 
1.528779864444 
1.528811700577 
1.527984976985 
1.527218737897 
1.528942822577 
1.528406545450 
1.530284133066 
1.529972088156 
1.530040287395 
1.529414365267 
1.528502150054 
1.536913979706 
1.533146201126 
1.534558617661 
1.535625927334 
1.536478636585 
1.537455576024 
1.535193185342 
1.532919103156 
1.532903557788 
1.534553772409 
1.533979943512 
1.534864447144 
1.535264068820 
1.535560003214 
1.532126528080 
1.527441417109 
1.529502989725 
1.530833198421 
1.532973181038 
1.534189738547 
1.530953165411 
1.527516479330 
1.522935541782 
1.522897981923 
1.522870243343 
1.524931932430 
1.521973075173 
1.521303383729 
1.526974558171 
1.528554848682 
1.525244880454 
1.523561524634 
1.524377528359 
1.525845761832 
1.523682400685 
1.525746548400 
1.526995617422 
1.528497518018 
1.528339062419 
1.527908732271 
1.533764138096 
1.535381797598 
1.527906962850 
1.527569260850 
1.532344260035 
1.534579147115 
1.533811208225 
1.533812364546 
1.531822211424 
1.535015261291 
1.534117646890 
1.533439473899 
1.533532843722 
1.531005285632 
1.523721596787 
1.524193990395 
1.517032518586 
1.518614429332 
1.516492102258 
1.516174574999 
1.515341208278 
1.519800708382 
1.515902268094 
1.520037997760 
1.522077493651 
1.516886531430 
1.520618359420 
1.520698184070 
1.518539280793 
1.512830770590 
1.515477949375 
1.515151586165 
1.514560661499 
1.515415381009 
1.518219744633 
1.518757381637 
1.518616453946 
1.519526900963 
1.522093009629 
1.519399801933 
1.521420263125 
1.526497953259 
1.526175640434 
1.526091724885 
1.526043608435 
1.526841914161 
1.527003945906 
1.528988807103 
1.525644247494 
1.530550542239 
1.529625000893 
1.529392568469 
1.527231460609 
1.522943747578 
1.522392348696 
1.521031417443 
1.524756914641 
1.523801677495 
1.524772299505 
1.522647045347 
1.525894412082 
1.524978130653 
1.523709620826 
1.523953885477 
1.523782348284 
1.521083247863 
1.521529896866 
1.523231907124 
1.524745803962 
1.524083982875 
1.520843794236 
1.524688024428 
1.521156216453 
1.522209546121 
1.521108089185 
1.519173378516 
1.519866602124 
1.520029231723 
1.519695917862 
1.525045853255 
1.527010343832 
1.527750635478 
1.528684179414 
1.528616106698 
1.526105180797 
1.529852695822 
1.527041705069 
1.526632250489 
1.524006989589 
1.521279116443 
1.519765720390 
1.531633496330 
1.528880023884 
1.531155450183 
1.525605365464 
1.525250774594 
1.523204788857 
1.525969558594 
1.529565356857 
1.532407525674 
1.543229131808 
1.532725755393 
1.530058681691 
1.528000511092 
1.524674864543 
1.515998428320 
1.516502338399 
1.517749695690 
1.517640948268 
1.511504622578 
1.515264497518 
1.530781142471 
1.527253488187 
1.519739384970 
1.521406593029 
1.526144962540 
1.519094577616 
1.511132438277 
1.523199618298 
1.519048645158 
1.506101150053 
1.507641245529 
1.513335465937 
1.508876910240 
1.506474291498 
1.512125243618 
1.509793681751 
1.513501119992 
1.520761007539 
1.515727555696 
1.518607411597 
1.520349441763 
1.520338229092 
1.524038918084 
1.520721150965 
1.515738636711 
1.517057116706 
1.519505586864 
1.519313575587 
1.520809202575 
1.520138425595 
1.520584010927 
1.517040038765 
1.522037313402 
1.525611928515 
1.523785047568 
1.522915051580 
1.523912999865 
1.527911590264 
1.521349007851 
1.517715003046 
1.520953679810 
1.512248588303 
1.519665912767 
1.525998428622 
1.524521051596 
1.525958519373 
1.524775276071 
1.529677382453 
1.529260629914 
1.527918111402 
1.526872038845 
1.528714533439 
1.525690051457 
1.529513532490 
1.528433281764 
1.530063099829 
1.529147029787 
1.529911568350 
1.529631473240 
1.525426385534 
1.524252916088 
1.531605517617 
1.534102544967 
1.529900287071 
1.528679470192 
1.530726781105 
1.528617369538 
1.527466524546 
1.526197778179 
1.525428194200 
1.527204034240 
1.527250996751 
1.528993122725 
1.529226743500 
1.529115760572 
1.527853791920 
1.528627160384 
1.531088228797 
1.531781573650 
1.535080785291 
1.534778383544 
1.534469160638 
1.535226134489 
1.534881162253 
1.534779163235 
1.537434497626 
1.538607280316 
1.536878845730 
1.536716758715 
1.534987953832 
1.536169897630 
1.538333842340 
1.538488561280 
1.541713188055 
1.541650703536 
1.541104103847 
1.540590607421 
1.542052204514 
1.540823496974 
1.543659648744 
1.539777682769 
1.539113135459 
1.540227276840 
1.540269590705 
1.539694047566 
1.537272686279 
1.540679328580 
1.543586778506 
1.543218856702 
1.541214194836 
1.535411825239 
1.534211123441 
1.534066177381 
1.536616461678 
1.535150617456 
1.535368082559 
1.533422820646 
1.532096771014 
1.530037864176 
1.530035918946 
1.529489965784 
1.525924655743 
1.527331961923 
1.528448933724 
1.529817617183 
1.530856170171 
1.530694087827 
1.530494025586 
1.530504594389 
1.528970005503 
1.528916978022 
1.529688508201 
1.529833646672 
1.529891382309 
1.530522348949 
1.531439389489 
1.532006366176 
1.531849290655 
1.531355350682 
1.530127282130 
1.533111793487 
1.535016678895 
1.534066241710 
1.529400196256 
1.529348134897 
1.530323166092 
1.529823793953 
1.533595445020 
1.534464870989 
1.536758032392 
1.535001287259 
1.529498249475 
1.531048634600 
1.531181502296 
1.532463119035 
1.528456229539 
1.529858233203 
1.530195637136 
1.531255987506 
1.529618672674 
1.532890425389 
1.530703267979 
1.534771963303 
1.537074763601 
1.536385334695 
1.535335286802 
1.537008624539 
1.540103440951 
1.539042030395 
1.537040119955 
1.537153214932 
1.539011780356 
1.540839462182 
1.537258823241 
1.536087065023 
1.531702360778 
1.531489432864 
1.531902241403 
1.532109504544 
1.532084458980 
1.530389449782 
1.531860063398 
1.533797664304 
1.531709381422 
1.531150747598 
1.530386013435 
1.531752253610 
1.529097193176 
1.527891532095 
1.529921043204 
1.529095250907 
1.529830781854 
1.527742040852 
1.527381748017 
1.527121059861 
1.527105926004 
1.526702581666 
1.524282085473 
1.525414941630 
1.522971845742 
1.520197005656 
1.518868247619 
1.517061820510 
1.515305850182 
1.515435849279 
1.516999156069 
1.516969780141 
1.515859040604 
1.515554943247 
1.513115120336 
1.510716226632 
1.509620921582 
1.512949311607 
1.516579132175 
1.518177773697 
1.517015550759 
1.514651337563 
1.518299134272 
1.516570992482 
1.516597182626 
1.521019955647 
1.520933328513 
1.519719709454 
1.522515359847 
1.524692096631 
1.525169439109 
1.524911260635 
1.527295835343 
1.526122948259 
1.525847444987 
1.523944561579 
1.523869819476 
1.524483124992 
1.520631973286 
1.519685397662 
1.518135583613 
1.520900371118 
1.521087401321 
1.512421042016 
1.515287441901 
1.513823931011 
1.519427197489 
1.517362445722 
1.513281356587 
1.516736006810 
1.517634416126 
1.516323598290 
1.516353232927 
1.515232668112 
1.518082532375 
1.516698453921 
1.516665550401 
1.515113099372 
1.514311937656 
1.514343419169 
1.519186427566 
1.513201609563 
1.517563048597 
1.514470088040 
1.514586894904 
1.514967259180 
1.514178010035 
1.514830081011 
1.518338780183 
1.518824374730 
1.520368864311 
1.522266684852 
1.519968899218 
1.520613005427 
1.520211159761 
1.521190533475 
1.519412078289 
1.520568418515 
1.520930943320 
1.516118569912 
1.515618724979 
1.517651959534 
1.515946971565 
1.515488820869 
1.514517598031 
1.517021491364 
1.517021491364 
1.513343065330 
1.513896037158 
1.516386353800 
1.520065329946 
1.517842249796 
1.520024907349 
1.516724578508 
1.516664728359 
1.518911329095 
1.519219836866 
1.519468680265 
1.518960031859 
1.519092138308 
1.517291029052 
1.516735039284 
1.519250532290 
1.515057237550 
1.511489210372 
1.521919247059 
1.521441730880 
1.522745215542 
1.521112833351 
1.521205940628 
1.523680550472 
1.524875147671 
1.524773582458 
1.523716913110 
1.524672842173 
1.520462064596 
1.522594972334 
1.525825443613 
1.526022700008 
1.526489918314 
1.525778141871 
1.525153369531 
1.524762703547 
1.524847546368 
1.523003430276 
1.523462335824 
1.524750690351 
1.524709870420 
1.524266662915 
1.519478273500 
1.524729031947 
1.524869169098 
1.524652816437 
1.524521349271 
1.521859700246 
1.523966105978 
1.521681992264 
1.521699817549 
1.521699817549 
1.521209558901 
1.523305709751 
1.523502441913 
1.523237131928 
1.520657117389 
1.518140144264 
1.519452768709 
1.521072531315 
1.519657015293 
1.518148615564 
1.517697202898 
1.516956609156 
1.517305823883 
1.518426796071 
1.519629445476 
1.519384030365 
1.520091175310 
1.519718270184 
1.519599067057 
1.519580110052 
1.519352322528 
1.521070764395 
1.520298617831 
1.520241788964 
1.520864385995 
1.517013478337 
1.517455265788 
1.518000600499 
1.524917757358 
1.528552622705 
1.528157517277 
1.535368571309 
1.518543651579 
1.512648803395 
1.517494585697 
1.514920738672 
1.514873391239 
1.521949574516 
1.518761887331 
1.520454074694 
1.526347686952 
1.526785427811 
1.530363327648 
1.524927007746 
1.532419277627 
1.534871834094 
1.533231029918 
1.539087573189 
1.542051434036 
1.538003936053 
1.535849726990 
1.538856780554 
1.533655989710 
1.533736139961 
1.526567023879 
1.529893695800 
1.528746111817 
1.526414567708 
1.524575898306 
1.521468199134 
1.527592087503 
1.526284604690 
1.524029722382 
1.529877462235 
1.527324736997 
1.524952519515 
1.522789181513 
1.524602769275 
1.524582700585 
1.525440712903 
1.524958360570 
1.523281789496 
1.524720866958 
1.523212192146 
1.521329751020 
1.521076757263 
1.520510192366 
1.518998627885 
1.518998627885 
1.523032071385 
1.523529288679 
1.524299880477 
1.526424173976 
1.523821006350 
1.525771428602 
1.528127010942 
1.532716873956 
1.530034024897 
1.534026993692 
1.520318414373 
1.519780202883 
1.526735035044 
1.520473122780 
1.522197829572 
1.520659905133 
1.522813138976 
1.525751076258 
1.534025792214 
1.525457124570 
1.531825655969 
1.527862468152 
1.530141045769 
1.538271563239 
1.535490068917 
1.542398253146 
1.539748954423 
1.544053402653 
1.546392813537 
1.531416184807 
1.534461334046 
1.532303706425 
1.532389639621 
1.535997062578 
1.535934403893 
1.531009718966 
1.531721236458 
1.530223143602 
1.529264517433 
1.528739383610 
1.523400860785 
1.531078390654 
1.536472357673 
1.524170020421 
1.530194967757 
1.532716438238 
1.534163523559 
1.532112150486 
1.527729093873 
1.527694657936 
1.531876993093 
1.529053779492 
1.524325565147 
1.524403710595 
1.516004242850 
1.517224020980 
1.516959148611 
1.521036847088 
1.517854602541 
1.522287941663 
1.528413591633 
1.522394478824 
1.526035140286 
1.533321212689 
1.523449482361 
1.520047727256 
1.533227583592 
1.529002772905 
1.525623978665 
1.526169595828 
1.528898365579 
1.530821517551 
1.529093488469 
1.531853042112 
1.528793789266 
1.534038823515 
1.529559649257 
1.541766103775 
1.532473999869 
1.536334317865 
1.527715817537 
1.532159913310 
1.527547947020 
1.527277357594 
1.527469387357 
1.529602049033 
1.533370255360 
1.529918936884 
1.527090813505 
1.528991076176 
1.524801767634 
1.522126676348 
1.523757202134 
1.526020996127 
1.522898586399 
1.523653519015 
1.521753442142 
1.518148198844 
1.520254409422 
1.519053798539 
1.519680433580 
1.523247323843 
1.525286001999 
1.524803408237 
1.526047986733 
1.527827483662 
1.529341221890 
1.530518566477 
1.537372497036 
1.536078121893 
1.538517705655 
1.541435808832 
1.534449329066 
1.533014702434 
1.530373785766 
1.533643022133 
1.535607508326 
1.536622714426 
1.535807759299 
1.518216178377 
1.513669768464 
1.513127896607 
1.514073091324 
1.512934166517 
1.518693108250 
1.516927295721 
1.524356785656 
1.516495271860 
1.517934982574 
1.513720343929 
1.514427699582 
1.513603116231 
1.517324913292 
1.505397223616 
1.513327182312 
1.513051733563 
1.518462112345 
1.521936745762 
1.516029150893 
1.524942512174 
1.524649650495 
1.523856637108 
1.528028638026 
1.527132969775 
1.527408901517 
1.529146636678 
1.526715419291 
1.527651810974 
1.528934651738 
1.526901523610 
1.528348410232 
1.526175339781 
1.528421394747 
1.522331112191 
1.521279683941 
1.519516891530 
1.515732952629 
1.516728989248 
1.517622769724 
1.525219759275 
1.528798643250 
1.528594041285 
1.527383465881 
1.527581177019 
1.528334241794 
1.528367283118 
1.528304997376 
1.530047655347 
1.525488948438 
1.523796274960 
1.523447996838 
1.524141567280 
1.524716498154 
1.525514900119 
1.524112374013 
1.523681521873 
1.523540789079 
1.520678124782 
1.523701565473 
1.522218642023 
1.522434508782 
1.520461469682 
1.515879438683 
1.520583753065 
1.521280514834 
1.521093858111 
1.520949698485 
1.524230988221 
1.523209642856 
1.519732355661 
1.522410664213 
1.526069998490 
1.526425336973 
1.522823965065 
1.521773616954 
1.518687686580 
1.519819290145 
1.523344882515 
1.522922388884 
1.521789866436 
1.522316797352 
1.521729655985 
1.520451910261 
1.521582848608 
1.516682710408 
1.518569107203 
1.520036958857 
1.519580639440 
1.518978967723 
1.520285266910 
1.523110396002 
1.522394294693 
1.525314780556 
1.527042184082 
1.524427119952 
1.524724226141 
1.525052523826 
1.526699183874 
1.526062933067 
1.525576949045 
1.522859392779 
1.521598481341 
1.521514843216 
1.524352759701 
1.522148599030 
1.522048147147 
1.517183738983 
1.513772044482 
1.518291119916 
1.516911932181 
1.516073864098 
1.516075248636 
1.516175469679 
1.518969041478 
1.515234139335 
1.512742941565 
1.511697883805 
1.515601082234 
1.517255108011 
1.518743739967 
1.517835883934 
1.514899630126 
1.516593672596 
1.516071017126 
1.517077570592 
1.512072339799 
1.517581117215 
1.513707752652 
1.515608006693 
1.517221173125 
1.513842117573 
1.515043561045 
1.514762284684 
1.516068796441 
1.513301069544 
1.513281253129 
1.513494630608 
1.517450652012 
1.516840052210 
1.515208876485 
1.516737857345 
1.516794531443 
1.516550650510 
1.516927062667 
1.517063550921 
1.512937051848 
1.515533754544 
1.516769606614 
1.516178528925 
1.517043869864 
1.518896607341 
1.518896607341 
1.517238736028 
1.518998831052 
1.520143127521 
1.520659987502 
1.523694333086 
1.523015875721 
1.523099400313 
1.521674209238 
1.523107598685 
1.523868921674 
1.523590237526 
1.524209861690 
1.523326718534 
1.522744871860 
1.521954494876 
1.526717073679 
1.526673614135 
1.526581038603 
1.526971774966 
1.524845521507 
1.523469335585 
1.520669746212 
1.521749496491 
1.518231635488 
1.519864760201 
1.519927114535 
1.520027554633 
1.519897818643 
1.518732987676 
1.518193563287 
1.519021167565 
1.521159029749 
1.521317757781 
1.521172397144 
1.520649316561 
1.520439698756 
1.519535031639 
1.519971564796 
1.520319408673 
1.518315144888 
1.518298442746 
1.519505471213 
1.515884104235 
1.514400145752 
1.520882737632 
1.518189058410 
1.517854885376 
1.519939582906 
1.517595401458 
1.516269783142 
1.515517685832 
1.516644042121 
1.516884830690 
1.517727176711 
1.519679552587 
1.519837517380 
1.521213934366 
1.533039597359 
1.521844951501 
1.525203001638 
1.521187303445 
1.524003301214 
1.532983971724 
1.524770241623 
1.530599023124 
1.536245004094 
1.539497459609 
1.541729355813 
1.536295052648 
1.533828803630 
1.533507303217 
1.533860071794 
1.533579694093 
1.535886274094 
1.532996839445 
1.535995944144 
1.534188413741 
1.537570153645 
1.535236807600 
1.540952125493 
1.539159426481 
1.537430595890 
1.536499510524 
1.546245735116 
1.537777829290 
1.539815107578 
1.536160488833 
1.536369529049 
1.531580425338 
1.536086335361 
1.540587346019 
1.533900220162 
1.529841828054 
1.528594088986 
1.530294660267 
1.526501557711 
1.529126491546 
1.526880281033 
1.529518747017 
1.524498790509 
1.527385504242 
1.534293834006 
1.534942721889 
1.533096819116 
1.538451702815 
1.534403240798 
1.527654166552 
1.524869633615 
1.520791973620 
1.512142607443 
1.518257050557 
1.522254438433 
1.522047867611 
1.509874335601 
1.517292118423 
1.516932807533 
1.527059458476 
1.526443914502 
1.528319926491 
1.526808519391 
1.522602259821 
1.528891627765 
1.528485198634 
1.534721074094 
1.517572821780 
1.518350026889 
1.518707730934 
1.528135564097 
1.518955045680 
1.523449099280 
1.527087177702 
1.531187357912 
1.529730256161 
1.529213829631 
1.530313764156 
1.534081153256 
1.526619187473 
1.526939640897 
1.527987696305 
1.527850907105 
1.532636427119 
1.533888838593 
1.531164318771 
1.531210226127 
1.531307769223 
1.531221105671 
1.527841788843 
1.528495504740 
1.526468354437 
1.525519265260 
1.528166322360 
1.526840783388 
1.521995886638 
1.526396452963 
1.530266380208 
1.530038374304 
1.531078864411 
1.531436132140 
1.533434586020 
1.531989059821 
1.530701803205 
1.535106072273 
1.533631773699 
1.537164311868 
1.533740125500 
1.531694494381 
1.531741254924 
1.530118375738 
1.538128491645 
1.529293887644 
1.533554711060 
1.526620470873 
1.527745963541 
1.529572891716 
1.537262351920 
1.543136420931 
1.536829159749 
1.536745191156 
1.529542819008 
1.530845658382 
1.528907459856 
1.528189870669 
1.529943296996 
1.529774465338 
1.531660074214 
1.532972647045 
1.529869344368 
1.531035640808 
1.530220436457 
1.531560362935 
1.532372673613 
1.526733353593 
1.527421059443 
1.531674434162 
1.530389055438 
1.529738197174 
1.528636346374 
1.520675516869 
1.519305810898 
1.519634641687 
1.519231192291 
1.521869596997 
1.528974986155 
1.526793829532 
1.529195583975 
1.530615661711 
1.530984445635 
1.526508903402 
1.524663400021 
1.523781998820 
1.530734538516 
1.526914031368 
1.531543199612 
1.536875650427 
1.537512240944 
1.538419733477 
1.537628554988 
1.536274142189 
1.536427442873 
1.533010235471 
1.533378418222 
1.530541882923 
1.532228294503 
1.528474079442 
1.527023632951 
1.526823509730 
1.524484354128 
1.529047901058 
1.530818567325 
1.532731598835 
1.530076858770 
1.527316621798 
1.532982232954 
1.532559941155 
1.535608197438 
1.533762055873 
1.530309313914 
1.533529988668 
1.530186466666 
1.530747428761 
1.528059632754 
1.526647162967 
1.526119724507 
1.527052748720 
1.533372488929 
1.530448369619 
1.529141637025 
1.528826388182 
1.527577494200 
1.525384012159 
1.524890882259 
1.525272354096 
1.525836862142 
1.526584866310 
1.527460598530 
1.527642272598 
1.527680940011 
1.527935908503 
1.529364082344 
1.530470641370 
1.528888595297 
1.529430589136 
1.527305950557 
1.524128865340 
1.523664267041 
1.524439684720 
1.524313520898 
1.526088684130 
1.528601314814 
1.529115867801 
1.529858581622 
1.533317610806 
1.536149962179 
1.536865707105 
1.533309875677 
1.535044435127 
1.533434834476 
1.531847963357 
1.526299933714 
1.537117512623 
1.544564346464 
1.533851568893 
1.533748225211 
1.533426513406 
1.533808629235 
1.536259120841 
1.529929221712 
1.530142891763 
1.528314721771 
1.524950069032 
1.527154665896 
1.527928986539 
1.527550967652 
1.531643575468 
1.526504584543 
1.527931275383 
1.528087063892 
1.525624183854 
1.529613456782 
1.527744664880 
1.530115519035 
1.531018764426 
1.529349865705 
1.533054484471 
1.533702314780 
1.534530865987 
1.535560812124 
1.537370156549 
1.530194758876 
1.529636426323 
1.526406648266 
1.522581663376 
1.517327741833 
1.517479866482 
1.519734651607 
1.516773617483 
1.513280947428 
1.519033445672 
1.518768390409 
1.515945668290 
1.516721634415 
1.519160034083 
1.520094299108 
1.519814400931 
1.521616184907 
1.521379532412 
1.521990029097 
1.527495212833 
1.530130698342 
1.534204451996 
1.530699070751 
1.532527431308 
1.533516670875 
1.530717990202 
1.530074083688 
1.529287179735 
1.529461787753 
1.531407523524 
1.532085584668 
1.533460348183 
1.535178786260 
1.536353722592 
1.541321052563 
1.553073688492 
1.536714206240 
1.532164231696 
1.532065250702 
1.532125970877 
1.530109960404 
1.530009254617 
1.534558541201 
1.535126861166 
1.534207205834 
1.528233055484 
1.530655889256 
1.529897955821 
1.528636084601 
1.529467314258 
1.526662916558 
1.528866425778 
1.525216742104 
1.525880832599 
1.528047227865 
1.524194189855 
1.524880090819 
1.520493316149 
1.516457711092 
1.517254119698 
1.518221993597 
1.519293001922 
1.520639961647 
1.516292305949 
1.515026473541 
1.514174449328 
1.516277541492 
1.511771795810 
1.518982005490 
1.528206840967 
1.524269620559 
1.526104005090 
1.528088085044 
1.525438426815 
1.525317996771 
1.526513847554 
1.527308891040 
1.527110548839 
1.531068357016 
1.532602914564 
1.529665618079 
1.528798859740 
1.521257821871 
1.520968915161 
1.521111285311 
1.523001868584 
1.521256267657 
1.519265606164 
1.518135290395 
1.521583861005 
1.529001134754 
1.525363226130 
1.525054043847 
1.525215891825 
1.526085120660 
1.524267857282 
1.528269759083 
1.529825293672 
1.530262925745 
1.528448890788 
1.528120890909 
1.528108735951 
1.529785186633 
1.529763167320 
1.532178659978 
1.533174085224 
1.532867539419 
1.533807693564 
1.533094999601 
1.530573592605 
1.529340641472 
1.524794969247 
1.525787897170 
1.525906721908 
1.528472785767 
1.526973758392 
1.523613401854 
1.522227065899 
1.524457687862 
1.525805825741 
1.525693286476 
1.531475138720 
1.531631267744 
1.517220014154 
1.519018132761 
1.519270681213 
1.515599577263 
1.518192825060 
1.520881894356 
1.527991599192 
1.525238716580 
1.524162230280 
1.529183917753 
1.535241396596 
1.547610378489 
1.541597430253 
1.540932707122 
1.539860432791 
1.535027857490 
1.533938724749 
1.528498610875 
1.529299398420 
1.531288038431 
1.536906387911 
1.531468095689 
1.528793253564 
1.523555727182 
1.529920248959 
1.526498926122 
1.531929261979 
1.536644433694 
1.522118083909 
1.524202283781 
1.518124222128 
1.516930744174 
1.520862014394 
1.518673507608 
1.530899678495 
1.531798728957 
1.527133945256 
1.525239470991 
1.521485087805 
1.522484075360 
1.526507600342 
1.532660586195 
1.530670368965 
1.529023259472 
1.526609145906 
1.526898622024 
1.528729178497 
1.527979093337 
1.519928811008 
1.531533140364 
1.528853185083 
1.528401835663 
1.529990860968 
1.527819559614 
1.526387724336 
1.525399775980 
1.529100553165 
1.528184206628 
1.528246243520 
1.525695875670 
1.526003438232 
1.533307228496 
1.539552708175 
1.523980266171 
1.517271963324 
1.522883777022 
1.518416018876 
1.519655613019 
1.512492000012 
1.516108492586 
1.514726448336 
1.503672270514 
1.511144256540 
1.515688900018 
1.516642005749 
1.513441859116 
1.519507381558 
1.517304351312 
1.518688002945 
1.529664561571 
1.527940169597 
1.527671778094 
1.529626222007 
1.523414593608 
1.523065676229 
1.518979250498 
1.520913625515 
1.525511086717 
1.521753336726 
1.521303609359 
1.523058871302 
1.529273094775 
1.532985711059 
1.532628001470 
1.536435781320 
1.533790622910 
1.535188717954 
1.539347628013 
1.536538102430 
1.537500617844 
1.537211022444 
1.527973800266 
1.527454632759 
1.529251072024 
1.530819131225 
1.531583712856 
1.533581348845 
1.532618317977 
1.532455451738 
1.528691072206 
1.519169614543 
1.523998345211 
1.521144262644 
1.518237740954 
1.521499760548 
1.528012582850 
1.525679023966 
1.533613952509 
1.536262229812 
1.537910241493 
1.534868427036 
1.530221746886 
1.523991316992 
1.525053752207 
1.527926333988 
1.528182527857 
1.527675712311 
1.528655123579 
1.525963324776 
1.524071786084 
1.521415555758 
1.522826466689 
1.522632152337 
1.522242181826 
1.525802981591 
1.528617862375 
1.531123499198 
1.529647464101 
1.528220916068 
1.526208387169 
1.525005520264 
1.529180345555 
1.528880812083 
1.526888065397 
1.523954485957 
1.523919927814 
1.518915857471 
1.523385039258 
1.521872156214 
1.528980146123 
1.526119920824 
1.528231062957 
1.531437519772 
1.533992469960 
1.533240462947 
1.529560633488 
1.532585304381 
1.532906118927 
1.536380118865 
1.535682948707 
1.539726138762 
1.535379189562 
1.529401474195 
1.528100642265 
1.526686176482 
1.530046688630 
1.532442864203 
1.536454449555 
1.538784762914 
1.541182146061 
1.540233757895 
1.534896920723 
1.533963843591 
1.533731820767 
1.535928968022 
1.532509957306 
1.536445139232 
1.538819377284 
1.533502717403 
1.537321496189 
1.538502449949 
1.535446126477 
1.536621502118 
1.533409039007 
1.526365166481 
1.533425006137 
1.527561582943 
1.527071472159 
1.530455564000 
1.529558857804 
1.528003702090 
1.522415175555 
1.528590527789 
1.530827891049 
1.530108633319 
1.528179067703 
1.530059682416 
1.529004501187 
1.531104762906 
1.532923059923 
1.527450202980 
1.527490558394 
1.533265184623 
1.521906479767 
1.522776667553 
1.520994812022 
1.523284017059 
1.521706768905 
1.522438753830 
1.523366105023 
1.521843465631 
1.520024796058 
1.521270664906 
1.523149542717 
1.523657015595 
1.519293370026 
1.526260084252 
1.528305470808 
1.525768045237 
1.522070130936 
1.522628445299 
1.519789028291 
1.521447652869 
1.522894782561 
1.522954728211 
1.523060119198 
1.522591156476 
1.522282376850 
1.525301282347 
1.524464148121 
1.523715737613 
1.521314343162 
1.522138617019 
1.520927554179 
1.519827019553 
1.519688764217 
1.517828595158 
1.521518336689 
1.513522965378 
1.507057309265 
1.505855510972 
1.505685948044 
1.512960260868 
1.512332363524 
1.509707572886 
1.512281694769 
1.513326117438 
1.518243632094 
1.514281330017 
1.518781834273 
1.513884052826 
1.515516237041 
1.520489627645 
1.525073075928 
1.523325032004 
1.521606620460 
1.520598071072 
1.519234622897 
1.523098268786 
1.523460685667 
1.519940356928 
1.522337063726 
1.527049787953 
1.529790613110 
1.529691955170 
1.528841707372 
1.526469772900 
1.528516293335 
1.527732287734 
1.526489622402 
1.527042700562 
1.526849830296 
1.526245622615 
1.526210376315 
1.525980055180 
1.524212845764 
1.524352568932 
1.524526963971 
1.524922841069 
1.523634357836 
1.523623881963 
1.523859015983 
1.524815784857 
1.523795109007 
1.524165263367 
1.523146658986 
1.521893766768 
1.522051600524 
1.521602681095 
1.522472505478 
1.525045443409 
1.524399601136 
1.524591127033 
1.525760427266 
1.526407841227 
1.526549559183 
1.527193549277 
1.527553716209 
1.528523212558 
1.528425393599 
1.528156659646 
1.528181887811 
1.527762969155 
1.527573436999 
1.528451635275 
1.529855045690 
1.529732479022 
1.529819603924 
1.530178157421 
1.530473597983 
1.530744130263 
1.530647843391 
1.528683799125 
1.526968860510 
1.526302311979 
1.527399424801 
1.527549692337 
1.524428640962 
1.526808527227 
1.522729581497 
1.518933858345 
1.518692383880 
1.518381272223 
1.521249033863 
1.519233417711 
1.519633526682 
1.518252305937 
1.519212478293 
1.527078452732 
1.524057124589 
1.524211737014 
1.523936798962 
1.525242516713 
1.525277507853 
1.524792837717 
1.525750276693 
1.525614850517 
1.526433324258 
1.523834414220 
1.523450134214 
1.524120348849 
1.524212163932 
1.522609598732 
1.522468411957 
1.522590304370 
1.529500646439 
1.529261843349 
1.529519684042 
1.528655284683 
1.529819964350 
1.532558356426 
1.536980679468 
1.538415628684 
1.534888909165 
1.537631453303 
1.535797340228 
1.535949431386 
1.536072049434 
1.536216603852 
1.534702385132 
1.535035149147 
1.532970874934 
1.535311930706 
1.533555085173 
1.537797351085 
1.537194346953 
1.535798729648 
1.527301943911 
1.529542426309 
1.527495381218 
1.527885919407 
1.527745213643 
1.530848745034 
1.529717355117 
1.530336180092 
1.532093669024 
1.536705675087 
1.533084277295 
1.531120289093 
1.528821811271 
1.529480484784 
1.533070293575 
1.538447094469 
1.534423469454 
1.536910442552 
1.536399673782 
1.530473862626 
1.531353170808 
1.530834068492 
1.536731864977 
1.541337453058 
1.535441266739 
1.540036387454 
1.540258429297 
1.541151316475 
1.538633664581 
1.549370495161 
1.548134447709 
1.554303505511 
1.544391935526 
1.536770698315 
1.536887507057 
1.541253249556 
1.525182641299 
1.528646993093 
1.529121405806 
1.523475317746 
1.527033890658 
1.528383627530 
1.531977309450 
1.529271910967 
1.532423695989 
1.532357841247 
1.528917125220 
1.525824746913 
1.525742818577 
1.528576217579 
1.528254443212 
1.529901263647 
1.534811805410 
1.528881995026 
1.533471356378 
1.532645401107 
1.535098213612 
1.529853428314 
1.533606400751 
1.527461989412 
1.528752280483 
1.530494960577 
1.527584772473 
1.529427746867 
1.537623783391 
1.536821379369 
1.535632030261 
1.529964261381 
1.532234530173 
1.529517908490 
1.530449581869 
1.532610147215 
1.524023117830 
1.526381397849 
1.525357155404 
1.529839661470 
1.525767467547 
1.536826984621 
1.532723086043 
1.527914593392 
1.524069841042 
1.524447422784 
1.523028158205 
1.525503694590 
1.529894747217 
1.522751791533 
1.522946655886 
1.522542335569 
1.527136965840 
1.524377572729 
1.527836305719 
1.526603208709 
1.523372921116 
1.523458298770 
1.524944960589 
1.522786620547 
1.516971408890 
1.534088104699 
1.526600663320 
1.524794600142 
1.520932554906 
1.528694368155 
1.525801472631 
1.524419574998 
1.524667894889 
1.528074087798 
1.527450102459 
1.528395478305 
1.527535005544 
1.529062625088 
1.527924632313 
1.524404823381 
1.526673486653 
1.527009674479 
1.526853711903 
1.525109192669 
1.525946449387 
1.528702782216 
1.529697716271 
1.530109238568 
1.522612695748 
1.528426715673 
1.531939005319 
1.533424535130 
1.533788780613 
1.532326730145 
1.536679984372 
1.536813459068 
1.529732696279 
1.532831161348 
1.531325925719 
1.534407392343 
1.533755492044 
1.531734108763 
1.527376358956 
1.527113710233 
1.528699976643 
1.527415284804 
1.523611478181 
1.525042083219 
1.526295265837 
1.525835923550 
1.525155905749 
1.527407481781 
1.526254741920 
1.524263744054 
1.523418124851 
1.529198750992 
1.529307326644 
1.529938817276 
1.529117033707 
1.530265775018 
1.519345484888 
1.523932205331 
1.525170457243 
1.525180995887 
1.526302010239 
1.522655327270 
1.522059974642 
1.522059974642 
1.522383373310 
1.524567671335 
1.528436474221 
1.535285714194 
1.535683689381 
1.536761864822 
1.537945250930 
1.533469699910 
1.533444500725 
1.530451719947 
1.531719533724 
1.526806068047 
1.525206284471 
1.523806590171 
1.523981730967 
1.526141926968 
1.523903686464 
1.521263963122 
1.526279955383 
1.523401061166 
1.526218018969 
1.528633441323 
1.528375074623 
1.525551459310 
1.525383644948 
1.527765954198 
1.527558775256 
1.527106980878 
1.520535606276 
1.520629948120 
1.523229833928 
1.528749895285 
1.529240396629 
1.524279113914 
1.525893829276 
1.528107867014 
1.531911012827 
1.522179346678 
1.520411779500 
1.524515372021 
1.526770056755 
1.529772675454 
1.528867889282 
1.533069905758 
1.533879663589 
1.531980137535 
1.530215063670 
1.529202069256 
1.528615574151 
1.531559688536 
1.533871340308 
1.535290987919 
1.534574486477 
1.534571045727 
1.531605814847 
1.527278727932 
1.529241943203 
1.531474117380 
1.530217366292 
1.529891407690 
1.531080824069 
1.529257906360 
1.535819853206 
1.532035743520 
1.531903850129 
1.530917350419 
1.528378374162 
1.529188778282 
1.530413225563 
1.531635844193 
1.534093744730 
1.530520794177 
1.531367382585 
1.525959144573 
1.534911655163 
1.541398707361 
1.535348915789 
1.544971771117 
1.541290334688 
1.542843618886 
1.537732313722 
1.538546365685 
1.535919400444 
1.531842201086 
1.531908303153 
1.531420906133 
1.532090846540 
1.531063622269 
1.531018572699 
1.535066663871 
1.536475803090 
1.537619884569 
1.535452542050 
1.537151478697 
1.535701442871 
1.531034411539 
1.534486993967 
1.535730115165 
1.534095046186 
1.531092233724 
1.530976820749 
1.529730653825 
1.525734344022 
1.527425955272 
1.526590222477 
1.530035162065 
1.533305133776 
1.535973531233 
1.528629640435 
1.528874335979 
1.528628909349 
1.528830203338 
1.529140047002 
1.539125472678 
1.534820826008 
1.534095160323 
1.537183271214 
1.537119640390 
1.536730015029 
1.536073484104 
1.534642906479 
1.530742676914 
1.527887490762 
1.526978796797 
1.528201354946 
1.526938495947 
1.526938495947 
1.525992668029 
1.527948610880 
1.528683583771 
1.529153968982 
1.523606563344 
1.517733117620 
1.516898438098 
1.517853251460 
1.523771960136 
1.524952571945 
1.525833181748 
1.526726685411 
1.527897983655 
1.527099773899 
1.528129487104 
1.528449540194 
1.528895661312 
1.529433323388 
1.529801896278 
1.533434401386 
1.533484688433 
1.532346973843 
1.532520802478 
1.533220293587 
1.531557930698 
1.528942488270 
1.528373375960 
1.528273516856 
1.528057703988 
1.529798986762 
1.529840770376 
1.529845263001 
1.529587541810 
1.529587541810 
1.529970731871 
1.529352147354 
1.529637962350 
1.529688584391 
1.528397467410 
1.527820629894 
1.526425946834 
1.525935705724 
1.532320313563 
1.533493436038 
1.532113434532 
1.532286457430 
1.533587096242 
1.529884909172 
1.529826847060 
1.529757812887 
1.525607284511 
1.526547703806 
1.524770960185 
1.524610960301 
1.522712435848 
1.530808052060 
1.529136451164 
1.531040160785 
1.532539016349 
1.530449174126 
1.530145430484 
1.528993545992 
1.528164760479 
1.525482610745 
1.521127003096 
1.519467091224 
1.519086134593 
1.523368300463 
1.529281003617 
1.530339184839 
1.527349898961 
1.529193570248 
1.520999319535 
1.525577413872 
1.532053546112 
1.531599161828 
1.532160959256 
1.531808006528 
1.533317206811 
1.533779185576 
1.533557145740 
1.534499752084 
1.535734637292 
1.534152331668 
1.536316205423 
1.536288916549 
1.534534139671 
1.537793503149 
1.538414740786 
1.533239964219 
1.535471020396 
1.536716239013 
1.539966080008 
1.534069599580 
1.534528845863 
1.537026265785 
1.535629549540 
1.541862386749 
1.541842497987 
1.543885263784 
1.538629508575 
1.540292789863 
1.531270791221 
1.529448490148 
1.530462079869 
1.532729125629 
1.532766810852 
1.532105216170 
1.535718639961 
1.536349016098 
1.536482980080 
1.529651767253 
1.536516962625 
1.541907122602 
1.533709594650 
1.538081725986 
1.536041452314 
1.526420292514 
1.528435033637 
1.529031066989 
1.531368072848 
1.529186916580 
1.527660906367 
1.531409892116 
1.531258117876 
1.528675188470 
1.530507048581 
1.526008917293 
1.526700158042 
1.525640641341 
1.528530467386 
1.529202275321 
1.526339924143 
1.525226868597 
1.529670953594 
1.528905701518 
1.534758741024 
1.523973929041 
1.520898413762 
1.519263140489 
1.523252804697 
1.532445837383 
1.532151057305 
1.534788506170 
1.533479770436 
1.534022026650 
1.530255793959 
1.527129181902 
1.522118374070 
1.522183219409 
1.518996224444 
1.525405042413 
1.527217184351 
1.528439100938 
1.529154584399 
1.529529461607 
1.526348070959 
1.528261518549 
1.527117785142 
1.532266477672 
1.526420226205 
1.530763006301 
1.526970906485 
1.523501071682 
1.527989874170 
1.519926299666 
1.527020989938 
1.521898350534 
1.526237850077 
1.527909812527 
1.533015230514 
1.533571001993 
1.536359013972 
1.526551815985 
1.522611283337 
1.523043137777 
1.526234016760 
1.531052937543 
1.533173104009 
1.524152821670 
1.526539036913 
1.525554827515 
1.521316707221 
1.521682434043 
1.524291361659 
1.525346368554 
1.529123076951 
1.526353378243 
1.528846865989 
1.521342130575 
1.525940806331 
1.520567021372 
1.512074841772 
1.514865660053 
1.519270138755 
1.514485780356 
1.507027546498 
1.507777026277 
1.516276739493 
1.514311318172 
1.516933219945 
1.519174968972 
1.514668841976 
1.518417056992 
1.516991617115 
1.516867221914 
1.524362798648 
1.526312600561 
1.524085711687 
1.519781476168 
1.518318357671 
1.523214959831 
1.524867082293 
1.517967181423 
1.517827692307 
1.520359546020 
1.525530822425 
1.529781725937 
1.526125942505 
1.522965350599 
1.527733398577 
1.528944228848 
1.525575497531 
1.530863297099 
1.532159635300 
1.520193462113 
1.528639662066 
1.527415100688 
1.539554203741 
1.538588002650 
1.536334978684 
1.528730388450 
1.529543055831 
1.531850559115 
1.532107558594 
1.529783883573 
1.529642738466 
1.531093767088 
1.529500560809 
1.528406092174 
1.529837432207 
1.530575510620 
1.530419939207 
1.530564365507 
1.527654374621 
1.531224715366 
1.536046846668 
1.529864008704 
1.526290182500 
1.522833382748 
1.526471128235 
1.532083934928 
1.532521026895 
1.533605552401 
1.535536508092 
1.538699731205 
1.534221619660 
1.524572273872 
1.531440625505 
1.527936834898 
1.525224904600 
1.527492609521 
1.523879914993 
1.524058693081 
1.528760059131 
1.523936285740 
1.523231671416 
1.523731340653 
1.526816555313 
1.527437621690 
1.527053434100 
1.528242635885 
1.530613069892 
1.530270104866 
1.523649287029 
1.522665168670 
1.522511242010 
1.521203949519 
1.516336865571 
1.510865906661 
1.517950515810 
1.512702933416 
1.521088493900 
1.515510265891 
1.521914572491 
1.526843517069 
1.527682185778 
1.529372672216 
1.532675403206 
1.533264606934 
1.536474895544 
1.536090323265 
1.532061462853 
1.530944531754 
1.527068546805 
1.524245362025 
1.523393294244 
1.526221682911 
1.515438220114 
1.525249939919 
1.522716472324 
1.526981028708 
1.527169981390 
1.527343929760 
1.527276316915 
1.529655670763 
1.529793011154 
1.528418437459 
1.530028779502 
1.534777596682 
1.528882653798 
1.528651665191 
1.525757776568 
1.528768088340 
1.526964302499 
1.530014504380 
1.531445741036 
1.531898146379 
1.533744867657 
1.532535287564 
1.532390188362 
1.533478401589 
1.532821410476 
1.536903149718 
1.543103062195 
1.537148606292 
1.526235128773 
1.523321610712 
1.531891574947 
1.529941436138 
1.534539762540 
1.535460131211 
1.527134363982 
1.524043760956 
1.524847870845 
1.527903503656 
1.527969058457 
1.526138738621 
1.524723856509 
1.527481755741 
1.525990413113 
1.526510321178 
1.526442906921 
1.532509708950 
1.523018168800 
1.524672209920 
1.525591647535 
1.526731760205 
1.528360317672 
1.525652729346 
1.525904598017 
1.524840435883 
1.524144145840 
1.524455600037 
1.525959269262 
1.528892158714 
1.529996929077 
1.519324579300 
1.526069027532 
1.522721142492 
1.523414755796 
1.521500897391 
1.523619298899 
1.527819509272 
1.528322520257 
1.526454215672 
1.523863819837 
1.521402968357 
1.521018113210 
1.520912209605 
1.523460149645 
1.521736705575 
1.522044619580 
1.521822584895 
1.520922548400 
1.520598056039 
1.518860303380 
1.520503888689 
1.520667306164 
1.520564546207 
1.520477947127 
1.523370612670 
1.523375449045 
1.524221681942 
1.523930854972 
1.524828611339 
1.526036581833 
1.528274957204 
1.527314127935 
1.527174730844 
1.527428312845 
1.526689870350 
1.529521328397 
1.525843985777 
1.526882251088 
1.528272068575 
1.529802275048 
1.529515822086 
1.529382977992 
1.528116288813 
1.528581615222 
1.528423657810 
1.528856048056 
1.528813591318 
1.528477426153 
1.528511437210 
1.526721657099 
1.523203381814 
1.523718526614 
1.523209076833 
1.521897769206 
1.522440634274 
1.523342680896 
1.520881034786 
1.517522622962 
1.519752333065 
1.524924682291 
1.525073152165 
1.529183829263 
1.535501739057 
1.531799112289 
1.523511783184 
1.523034282943 
1.522268180052 
1.524179464193 
1.521086709971 
1.522341644867 
1.521455205339 
1.521313755273 
1.521420872516 
1.522079063277 
1.520117366745 
1.519981584924 
1.520387775168 
1.527304130400 
1.525955838674 
1.525433726125 
1.526524982293 
1.525890437611 
1.525232426731 
1.526052932197 
1.525779246860 
1.525834117330 
1.525599168974 
1.525693355081 
1.524783936912 
1.522333762372 
1.525065636345 
1.519952424705 
1.520495395368 
1.521658099907 
1.522661522085 
1.522300865337 
1.518436075274 
1.516204261349 
1.517201100532 
1.511558172115 
1.517699070437 
1.522444049876 
1.524258511802 
1.526884146445 
1.526297112032 
1.528100816499 
1.525999740118 
1.525948073055 
1.523063151042 
1.522611508056 
1.520806300602 
1.519370148972 
1.521852717051 
1.524000467907 
1.525180363128 
1.524810207858 
1.523096756620 
1.523434207369 
1.522127000873 
1.521733311703 
1.522061832881 
1.518743584859 
1.520031954627 
1.521460577268 
1.524993096513 
1.523010529449 
1.521651534131 
1.523716027557 
1.525699044809 
1.524963380412 
1.527050645762 
1.526809584543 
1.526841461899 
1.527308284795 
1.527660248574 
1.530910298671 
1.525316259873 
1.525658999812 
1.522655540374 
1.517889279255 
1.518334483179 
1.530014557244 
1.526384677812 
1.527888407169 
1.532939756587 
1.537614932498 
1.535852912566 
1.537459082051 
1.537822867085 
1.533849695753 
1.536265650317 
1.537914881229 
1.536060287364 
1.539310815289 
1.541642369626 
1.528631647748 
1.529071432873 
1.526385915785 
1.524828655586 
1.528972772104 
1.526969056193 
1.527045645498 
1.532566690034 
1.536077286601 
1.537298015182 
1.525802253356 
1.529893939500 
1.530821018249 
1.534653028952 
1.527275461532 
1.528425949441 
1.530473219726 
1.530408609644 
1.533054396336 
1.532069163669 
1.525876373384 
1.529610193653 
1.516043508953 
1.521031209724 
1.518194409177 
1.523383298748 
1.522601657392 
1.524515489783 
1.516433869182 
1.518739844236 
1.521249081894 
1.525036786913 
1.525762465719 
1.523157642135 
1.516552885054 
1.514485590143 
1.523753243271 
1.522523230796 
1.525170517854 
1.520892007380 
1.515443140064 
1.509415793652 
1.517921638585 
1.509555360533 
1.509665820522 
1.516709879904 
1.521971081776 
1.523577928079 
1.531383024357 
1.542342828244 
1.538939150974 
1.537848709657 
1.535461827258 
1.537990728626 
1.537980312660 
1.534827375444 
1.536717963433 
1.537033163888 
1.533595794905 
1.540584694222 
1.544082725367 
1.538993529648 
1.536133120340 
1.538288090320 
1.533169440606 
1.533040369873 
1.532377400899 
1.529003223825 
1.524645938207 
1.525239273887 
1.524662785467 
1.519611842042 
1.525217949968 
1.522235750506 
1.523647519884 
1.521802983497 
1.524041145892 
1.517217689271 
1.519140155075 
1.519352455199 
1.524305819732 
1.521829261210 
1.521494182318 
1.524747333283 
1.529780609336 
1.525615184232 
1.521145609542 
1.521237416049 
1.514780953064 
1.511336455724 
1.510065340442 
1.520239852524 
1.513047994665 
1.516180791400 
1.512829059385 
1.525959502391 
1.524440104092 
1.516782710931 
1.521486192416 
1.525054343224 
1.525581284409 
1.524331708444 
1.529407639274 
1.526086387577 
1.526002056782 
1.525413597649 
1.523082949146 
1.523184768607 
1.520492390112 
1.520493134423 
1.522597727243 
1.523590058010 
1.527440207491 
1.528515666061 
1.526481477821 
1.527906628363 
1.532453978754 
1.527247934670 
1.531945821826 
1.534123344444 
1.531077867085 
1.529102646832 
1.530744509714 
1.529673260203 
1.526209548760 
1.526665636693 
1.528870346553 
1.527891417026 
1.527609820747 
1.530530992591 
1.528277275734 
1.525646512576 
1.523167355735 
1.524083853847 
1.525053556428 
1.527266552703 
1.528343267067 
1.528275103892 
1.526401266486 
1.526359458431 
1.525701951573 
1.531650354700 
1.532629377562 
1.530753458812 
1.529934619673 
1.530310508192 
1.533626263924 
1.535387112553 
1.532031483224 
1.533027406326 
1.532132590608 
1.530534905155 
1.529676191106 
1.529694532594 
1.529350853080 
1.530726531914 
1.528321680227 
1.527833285969 
1.527203571475 
1.526919027630 
1.527155792371 
1.526418238404 
1.527358951367 
1.527372346128 
1.527318019921 
1.525588189295 
1.526085257212 
1.524998330994 
1.527180669024 
1.523293691355 
1.525418544331 
1.526050361952 
1.527859008771 
1.526733848430 
1.525033436241 
1.525574063796 
1.525586720375 
1.521756098526 
1.519033461099 
1.523587374818 
1.525785816822 
1.522248801728 
1.528489704912 
1.527339127281 
1.525715131285 
1.523388311395 
1.521885761225 
1.516935746685 
1.519619345138 
1.517865415538 
1.516238834393 
1.513920067851 
1.509502717444 
1.507263269155 
1.519149629601 
1.513460153371 
1.511001806610 
1.521708412568 
1.526733278743 
1.524825133985 
1.521665280673 
1.521026923912 
1.520529100307 
1.526344595760 
1.525194732120 
1.530375847863 
1.528366505599 
1.528876381797 
1.529030519650 
1.529502478564 
1.527700615490 
1.528857263774 
1.528518378880 
1.525581432169 
1.529110710992 
1.525227016680 
1.529023512234 
1.529027287875 
1.529676203052 
1.527773172545 
1.529357697202 
1.535803966735 
1.535762028563 
1.532633728491 
1.535295986319 
1.536482784098 
1.538595504045 
1.537203432343 
1.528878863399 
1.518389878800 
1.517912845233 
1.515982883306 
1.520458441364 
1.522766687882 
1.523681462822 
1.526172487038 
1.523508458383 
1.521081637794 
1.525495687915 
1.525680170322 
1.526679997489 
1.525010107173 
1.525925434454 
1.526871936987 
1.522394568552 
1.522774278830 
1.523445241765 
1.525027076778 
1.523508869136 
1.522868939102 
1.520117720249 
1.520760080073 
1.518689602602 
1.520281276229 
1.522294181658 
1.520213995257 
1.519712121011 
1.522259852980 
1.521082369230 
1.521038492745 
1.523610321995 
1.527243214783 
1.529783584640 
1.529203345315 
1.528764337859 
1.527793155981 
1.526143830810 
1.525534397638 
1.521811392063 
1.519749176140 
1.524233758192 
1.525513805586 
1.524931872084 
1.526325047783 
1.526780172939 
1.526264418998 
1.526151785268 
1.526453462777 
1.530093322393 
1.527576246570 
1.527554045260 
1.526159214997 
1.526384578140 
1.527681581030 
1.529971580497 
1.529300188902 
1.525856974371 
1.526371424023 
1.527542552611 
1.525900955820 
1.526183022679 
1.526012973327 
1.526133516881 
1.526179702668 
1.525767538172 
1.523645584432 
1.524659832190 
1.520066347927 
1.523821551269 
1.523380910227 
1.527107667372 
1.536241895619 
1.535734444423 
1.534577257947 
1.527280499331 
1.522840609100 
1.525807693421 
1.527882269892 
1.527249607005 
1.528902537163 
1.529879067518 
1.529944866071 
1.527685798102 
1.529189970864 
1.532009945380 
1.530495286175 
1.532842885581 
1.529022431691 
1.530272119377 
1.530022091367 
1.526753311294 
1.525643439744 
1.519359918583 
1.520211303353 
1.522456466615 
1.522365449492 
1.522662765684 
1.525136075388 
1.522336382153 
1.520607901392 
1.521927897446 
1.520134272772 
1.520344413371 
1.519700722698 
1.522442263663 
1.518644439834 
1.519513026597 
1.517666288191 
1.517736501153 
1.517987982278 
1.516800374845 
1.516533212398 
1.512290403133 
1.511095551323 
1.511552483141 
1.511241676648 
1.518309323036 
1.519849499720 
1.522022288340 
1.523776532973 
1.524250871628 
1.522674107836 
1.523740056944 
1.522323763540 
1.520325425073 
1.521745432359 
1.520938625245 
1.520842990418 
1.518482302918 
1.519217987189 
1.532844577948 
1.533820062082 
1.530958010353 
1.537831285536 
1.535404900708 
1.532669126042 
1.530881692990 
1.533763612326 
1.535406684322 
1.532370825424 
1.532570397312 
1.528138141368 
1.533194386046 
1.532033882772 
1.533087153729 
1.531817712357 
1.528794886198 
1.524368521144 
1.520838150052 
1.519756943533 
1.522081661797 
1.531102003267 
1.530381919783 
1.525528805643 
1.530027957501 
1.537560445356 
1.530016503425 
1.525575720983 
1.526439221506 
1.527269132158 
1.526993739054 
1.530082173811 
1.533355138089 
1.526609601479 
1.528860201020 
1.527279600041 
1.525746528144 
1.522424817367 
1.531652532439 
1.528115736787 
1.527719741183 
1.527627999027 
1.527260014148 
1.531210877304 
1.533215649710 
1.537879850848 
1.535712157370 
1.541106344280 
1.537763053590 
1.534011624478 
1.535458309023 
1.533217784715 
1.531973126645 
1.530478502198 
1.521520758281 
1.528882794758 
1.527460117615 
1.528076968515 
1.523340270038 
1.524740435748 
1.528428038135 
1.519599820565 
1.527731305906 
1.537188648169 
1.536742605994 
1.537418633495 
1.537240950885 
1.529260069281 
1.536711719839 
1.543554546423 
1.536545348490 
1.537122462541 
1.538111818009 
1.531206141821 
1.534842283047 
1.537663283080 
1.531468582849 
1.532044756181 
1.526439282748 
1.526563583954 
1.523656784700 
1.521316976477 
1.529184823574 
1.533538346234 
1.527776130834 
1.522933877724 
1.515818177836 
1.529065541194 
1.529386953120 
1.525617063071 
1.528933299815 
1.534907222501 
1.534260938725 
1.533394703053 
1.531375007510 
1.528772476777 
1.532970003729 
1.532387336916 
1.529772332049 
1.526369305500 
1.533365526756 
1.532248855686 
1.528243569835 
1.529257433529 
1.527299115896 
1.529268927512 
1.527090615586 
1.529745391592 
1.526008340219 
1.529883605724 
1.534243120585 
1.529474538672 
1.525744337224 
1.521144425243 
1.527392413291 
1.528718122494 
1.521386194438 
1.527964553897 
1.525016733779 
1.529247063140 
1.528996075070 
1.530381970886 
1.533175928891 
1.527225388144 
1.531354685400 
1.534766283480 
1.529375816930 
1.526569782520 
1.527250173196 
1.525984638295 
1.530766757587 
1.524416540234 
1.521693700717 
1.521721490420 
1.520735587153 
1.522069794912 
1.523431950906 
1.528323708099 
1.527319187779 
1.535618804970 
1.529357870611 
1.529488374190 
1.526983150479 
1.525510581069 
1.523946491112 
1.532459428738 
1.532356189449 
1.536324028732 
1.539365561239 
1.538404333889 
1.528576443858 
1.522131126159 
1.522098599245 
1.522942370690 
1.523413315908 
1.518067507766 
1.514844142792 
1.516769632498 
1.516113338565 
1.520230302890 
1.515367893056 
1.519323567555 
1.520509679557 
1.510857722575 
1.521160531046 
1.521072824760 
1.521216297329 
1.519091398334 
1.524454459031 
1.528048803095 
1.529910126212 
1.531589502594 
1.529020966904 
1.529559684683 
1.531305319343 
1.530788647779 
1.530529483528 
1.519357034637 
1.523759243057 
1.520172422111 
1.520532531627 
1.518883960741 
1.517364294121 
1.519518532505 
1.518065480874 
1.518913089882 
1.522511918578 
1.520756224496 
1.519455790196 
1.519643358459 
1.520909277368 
1.522943261675 
1.522031371386 
1.520628921135 
1.524935665788 
1.526228210593 
1.527313546923 
1.528133566818 
1.530466555677 
1.526739428447 
1.531978927874 
1.530760995010 
1.532921964874 
1.526227997737 
1.527038379576 
1.522914082675 
1.524373009331 
1.524542876332 
1.525884006279 
1.526775738160 
1.526072863130 
1.525268409795 
1.524842479589 
1.525292377583 
1.522863889700 
1.520837674453 
1.527394650335 
1.527153841433 
1.527237260295 
1.524341258625 
1.530564038775 
1.531679096440 
1.531109864628 
1.531794284657 
1.530279173363 
1.528022707470 
1.525591261799 
1.526130643263 
1.528156937258 
1.525873156314 
1.524928359181 
1.524297551059 
1.524433146513 
1.526485342053 
1.526557629212 
1.527896570416 
1.525718594555 
1.523776154015 
1.525913821492 
1.527397509945 
1.530714663275 
1.534879065529 
1.526219188750 
1.529228672261 
1.530572716597 
1.533172539867 
1.532017540863 
1.531311297353 
1.531844458306 
1.531192790074 
1.530599302678 
1.529856840864 
1.530076177705 
1.530447147785 
1.530220976512 
1.529225472531 
1.529311524416 
1.529651725891 
1.530271329689 
1.531531361294 
1.529503391287 
1.529541664078 
1.530249068695 
1.530737255375 
1.530636672009 
1.530665736481 
1.530700407037 
1.530706990088 
1.529396732415 
1.529141921725 
1.528417004086 
1.529345148511 
1.529266642059 
1.529692933050 
1.526921246701 
1.527417863286 
1.527007248181 
1.527748164429 
1.527610809382 
1.527611427272 
1.527184959108 
1.526725340629 
1.526849976736 
1.528121112110 
1.526335291275 
1.526515999728 
1.526977252530 
1.528314633365 
1.531088827084 
1.530183951276 
1.528905534387 
1.526943948403 
1.527101430171 
1.526547532304 
1.527830387691 
1.529661152539 
1.528481710588 
1.528170781883 
1.526297031697 
1.528077463504 
1.529691117304 
1.529658858382 
1.530131982263 
1.529329442265 
1.528492819884 
1.528485915823 
1.529276449285 
1.532181335585 
1.529287792359 
1.527485310266 
1.526849090977 
1.526121818058 
1.525950281283 
1.526005992886 
1.526126453915 
1.525351027252 
1.522185483235 
1.519624031316 
1.520495767340 
1.517342950673 
1.520218534949 
1.519405560457 
1.521669208363 
1.524569813440 
1.527898849912 
1.527096898547 
1.525344647296 
1.525563505599 
1.524952070100 
1.524952070100 
1.528329433927 
1.527027045651 
1.528078055950 
1.532853715699 
1.530460734354 
1.530310320515 
1.530835326157 
1.531600760449 
1.532619038613 
1.530454686121 
1.530225669921 
1.535146924728 
1.538239536362 
1.529435223786 
1.527837338784 
1.529828081251 
1.531305894438 
1.532414868696 
1.535550648486 
1.531819065600 
1.534641854046 
1.532941227445 
1.534680477618 
1.536253822318 
1.529609746654 
1.529967680614 
1.529178683206 
1.530000296944 
1.532004724253 
1.529314404775 
1.530722264996 
1.531250089656 
1.528718987963 
1.528356143191 
1.528721852473 
1.528747992736 
1.527834737239 
1.525838439544 
1.527619200269 
1.530766143030 
1.531133548431 
1.530720386319 
1.530377735038 
1.529972267924 
1.528973684903 
1.528973684903 
1.529449544445 
1.529019419010 
1.528366229097 
1.530460745409 
1.522821093152 
1.532638886454 
1.529519539090 
1.530669654267 
1.531545562701 
1.527853666042 
1.527665864510 
1.526831103079 
1.523786015973 
1.519776531914 
1.518640780524 
1.523172922618 
1.521703080085 
1.520014073499 
1.526426977258 
1.529346424435 
1.529221422226 
1.525472384423 
1.528662732475 
1.533467403566 
1.524849825602 
1.522903424455 
1.528409141657 
1.529179205762 
1.531543140428 
1.542389021271 
1.535452308125 
1.539965005996 
1.544577328717 
1.545509794615 
1.535411578715 
1.528296836610 
1.525072561546 
1.531368664295 
1.523150068954 
1.523778665916 
1.524102487950 
1.525189657728 
1.523210791354 
1.521440807583 
1.522017351473 
1.527572520222 
1.528248241983 
1.529405922693 
1.531611618255 
1.535702152336 
1.534682844385 
1.532133234826 
1.529710811092 
1.528630917531 
1.526232354821 
1.531832306715 
1.530278223407 
1.529144676898 
1.528473400282 
1.528413332728 
1.527309437814 
1.528286779393 
1.532399176383 
1.526233608663 
1.528762818636 
1.536234610506 
1.529613803228 
1.526798058960 
1.522045789006 
1.517807891782 
1.523691214857 
1.532011099980 
1.527721549390 
1.532051889930 
1.529961350521 
1.530670433573 
1.530780486044 
1.520735717902 
1.521407401570 
1.522266186595 
1.526048989186 
1.522504217933 
1.521897935486 
1.517205437664 
1.526482520091 
1.526203629194 
1.527441999002 
1.520633256498 
1.529734676808 
1.535296696156 
1.539272344861 
1.539791242422 
1.539894086807 
1.544835296930 
1.539341423454 
1.535216575598 
1.534890221036 
1.535334357954 
1.533469804414 
1.534707106846 
1.534041038755 
1.527387663600 
1.527663519149 
1.528333911988 
1.530860485234 
1.530248104537 
1.531963736299 
1.530748845935 
1.530148794723 
1.532050105116 
1.532474258285 
1.533688049931 
1.536894414166 
1.536980443752 
1.536961654639 
1.537907690354 
1.536326687539 
1.538324053650 
1.536446113487 
1.536407176674 
1.528938082850 
1.525094305104 
1.525139950954 
1.521252479281 
1.514655588038 
1.518978467476 
1.519478430981 
1.520228807659 
1.517987594475 
1.518220072731 
1.519197043305 
1.520399335321 
1.519264850962 
1.514377093195 
1.520569911586 
1.520888141157 
1.525957837530 
1.527342327964 
1.531858657508 
1.525545640281 
1.526588722517 
1.525896492102 
1.523831918785 
1.525719090224 
1.528025385949 
1.524541580597 
1.523724042631 
1.523563268723 
1.526635614383 
1.525796967948 
1.528479012299 
1.525550243267 
1.523330072891 
1.525586579412 
1.525999956010 
1.523542458153 
1.519301796641 
1.511572282928 
1.510634559970 
1.510889549288 
1.511150919883 
1.517829117048 
1.523134531737 
1.518628458196 
1.519486311133 
1.519819486290 
1.520859497441 
1.524170606767 
1.525501945116 
1.525559593584 
1.525756470555 
1.526028614673 
1.526221934497 
1.528114909940 
1.529582072846 
1.527824738492 
1.519368536873 
1.525127786399 
1.524140428214 
1.523847067095 
1.522777329227 
1.530252157948 
1.534533546177 
1.530968733147 
1.532924277410 
1.535890079894 
1.534779444570 
1.529308659716 
1.532498250957 
1.526255946503 
1.524195275877 
1.524479246912 
1.525848952601 
1.525366538464 
1.524951461058 
1.529366612988 
1.531058773743 
1.530346356422 
1.530000787176 
1.530165797664 
1.528930375290 
1.526265076651 
1.527189709466 
1.528651948507 
1.528092410488 
1.528772980984 
1.524346852152 
1.530505137909 
1.527658591617 
1.524215900994 
1.523998482735 
1.525815842726 
1.526796506480 
1.524707921940 
1.525632592772 
1.525980494185 
1.523656560345 
1.523826542074 
1.520870267906 
1.523157729063 
1.521470543663 
1.523278992280 
1.524110447304 
1.522790925162 
1.518184395535 
1.520185876722 
1.521854563212 
1.522826765571 
1.523979499773 
1.520359935283 
1.523222018954 
1.524243395263 
1.520260921695 
1.517186424834 
1.521797756817 
1.525374556518 
1.526348779096 
1.523690061040 
1.523377382347 
1.524743222008 
1.524495327357 
1.531708238489 
1.528564435452 
1.527372612194 
1.524326957533 
1.524785587219 
1.524745735867 
1.522275139072 
1.520986641638 
1.523089127718 
1.523704499620 
1.522230522376 
1.523356693713 
1.522103710556 
1.521020871145 
1.518424853787 
1.519281299822 
1.520893523815 
1.520949773519 
1.521195040436 
1.522973986113 
1.522822041717 
1.524136106582 
1.523075738901 
1.523594476741 
1.521523140366 
1.524719163963 
1.524779151123 
1.525537745935 
1.524876749559 
1.526424566876 
1.526114263577 
1.524078303187 
1.525142165987 
1.525045384304 
1.523350820116 
1.523370472068 
1.523368414754 
1.523023444077 
1.523531149170 
1.523168366140 
1.523130350240 
1.523509090243 
1.525413312034 
1.525621022261 
1.524393381406 
1.524434282581 
1.523936581297 
1.524947620163 
1.525267772532 
1.524502420424 
1.524381182573 
1.523706528033 
1.525916159337 
1.525722127067 
1.524730058716 
1.525008586962 
1.524960793518 
1.524711717938 
1.524865709048 
1.525684010552 
1.525042816538 
1.525516559257 
1.525442751784 
1.525320582563 
1.525425187014 
1.525942889730 
1.525942889730 
1.526256643683 
1.526758870200 
1.526618439511 
1.526203960420 
1.526427620193 
1.526998341476 
1.526468099456 
1.526488465533 
1.527182591581 
1.525361657837 
1.527397777374 
1.527151627645 
1.527146454639 
1.527807237128 
1.527962275543 
1.528217846595 
1.527125718533 
1.527931813824 
1.528645056728 
1.528760569685 
1.528755461060 
1.528277754339 
1.527690498506 
1.527056827534 
1.526891590292 
1.526189140560 
1.526767890328 
1.526255927516 
1.526075149645 
1.526394302100 
1.526430494744 
1.522362852415 
1.526435834175 
1.526021281732 
1.526094732688 
1.525926630458 
1.525840042908 
1.525140076012 
1.524453038470 
1.524402192761 
1.520298586771 
1.518846300910 
1.517723330944 
1.518127914339 
1.519476000466 
1.519541256045 
1.519666609532 
1.512661643048 
1.510575370728 
1.507733052031 
1.510680213294 
1.517035879555 
1.510905424872 
1.513418041110 
1.513024326167 
1.522070293921 
1.521347728665 
1.521611705967 
1.523640347671 
1.521465567467 
1.521844424243 
1.524421124230 
1.522657361294 
1.521377594115 
1.518767612451 
1.516984728888 
1.517299736790 
1.517409707071 
1.517409707071 
1.520003583283 
1.520658394825 
1.523111958824 
1.520650583628 
1.521621782602 
1.520812987901 
1.520937280829 
1.521667871664 
1.524457613062 
1.525217433988 
1.526529302816 
1.519810596015 
1.523913706826 
1.535167748504 
1.531074372616 
1.527670350005 
1.520413509486 
1.527576083749 
1.522293982219 
1.527657981006 
1.524782098930 
1.527685314319 
1.532174365552 
1.525720516409 
1.523095432220 
1.524763117695 
1.528766661398 
1.528315069484 
1.525872833964 
1.532071531030 
1.536089719806 
1.529480340729 
1.528491942507 
1.529744985842 
1.530686394424 
1.530461594499 
1.527899423164 
1.527120338491 
1.527001633896 
1.527189166060 
1.525065530942 
1.530156610055 
1.524565251388 
1.528835340946 
1.527566671227 
1.523578341970 
1.530296517558 
1.534434263343 
1.538167600933 
1.536504967228 
1.531054712868 
1.535563308243 
1.540046853914 
1.531923472299 
1.534274938569 
1.533546678860 
1.532462484998 
1.536303514913 
1.532653877262 
1.528261184006 
1.526536000047 
1.527020692910 
1.525562676851 
1.526921739084 
1.528207848029 
1.530259440584 
1.526312572414 
1.529678875467 
1.531235289519 
1.530421176978 
1.528020600509 
1.528521729622 
1.529926348593 
1.526749700397 
1.522400533087 
1.531593129995 
1.527467301054 
1.531884463374 
1.527939235469 
1.523730295310 
1.523147622932 
1.512631137664 
1.523664258927 
1.519696810703 
1.518551190677 
1.526592586974 
1.521899109292 
1.520258801934 
1.520118436233 
1.514295733368 
1.509108643842 
1.508475379551 
1.512553728704 
1.517227249950 
1.520620023330 
1.516731265521 
1.519564831834 
1.519121467691 
1.517135929380 
1.517333598482 
1.520621838987 
1.517452987244 
1.517153833502 
1.522542519879 
1.519142888901 
1.514888738551 
1.514037851112 
1.518477106107 
1.529794949349 
1.526603811511 
1.527638863604 
1.523175214572 
1.522106793071 
1.523092249165 
1.526198825221 
1.529043198924 
1.530041600268 
1.533070468403 
1.533077208060 
1.534201138956 
1.530683533875 
1.538171996306 
1.533646136646 
1.532374928675 
1.529101487019 
1.527062907080 
1.524252466805 
1.525832612505 
1.520689613763 
1.523894003125 
1.523785686052 
1.527042498957 
1.526104328646 
1.526331933971 
1.528926315963 
1.531213408381 
1.527640599326 
1.526591674053 
1.525748429995 
1.528132274517 
1.526577574110 
1.526669451724 
1.526865483532 
1.517165338460 
1.517838659241 
1.520347955201 
1.519349199780 
1.524635122938 
1.530001059576 
1.536170018302 
1.531757497598 
1.535611561166 
1.532715014202 
1.534973822053 
1.527083122973 
1.526386776637 
1.521247595297 
1.526614390731 
1.521726260839 
1.529696317538 
1.524926385146 
1.530578150273 
1.529882426233 
1.538667047288 
1.538833545717 
1.537630230515 
1.536065027461 
1.531886479685 
1.530217601349 
1.531112702194 
1.536834507780 
1.536314791045 
1.537081958494 
1.538015455050 
1.537100662548 
1.532791869928 
1.530499303621 
1.530428296936 
1.538496363275 
1.531348324351 
1.527198504138 
1.527930761661 
1.525382190706 
1.524873423622 
1.521168464120 
1.518830889981 
1.521266948156 
1.523173905411 
1.525487356166 
1.526558647454 
1.530404341379 
1.529587340932 
1.530856250528 
1.526941077667 
1.526988559345 
1.526344514803 
1.524331038968 
1.525938098000 
1.530160706894 
1.532682184178 
1.530597337733 
1.536120924121 
1.532702507728 
1.539634451018 
1.533248167861 
1.530890820607 
1.537891626293 
1.531129036953 
1.535870510013 
1.535019510683 
1.539340854231 
1.534427946401 
1.536647644199 
1.536444004687 
1.540402732851 
1.542287033269 
1.535622809804 
1.536188558219 
1.534632366127 
1.537762143495 
1.540315720130 
1.537403605860 
1.541013716316 
1.535256779051 
1.533024412326 
1.524176520017 
1.528811080609 
1.526183205273 
1.529704284497 
1.528690180584 
1.531617010214 
1.533885836600 
1.537758869158 
1.533113085384 
1.529000515856 
1.528733431273 
1.525139234452 
1.524542498451 
1.525851015576 
1.529195778489 
1.524459072937 
1.524429622940 
1.524904827037 
1.527389550102 
1.525868940401 
1.524931620579 
1.524498312390 
1.525193125142 
1.525794413337 
1.525654837298 
1.523050438982 
1.526512233825 
1.531020913860 
1.532631035867 
1.535875064758 
1.531444041331 
1.530586016043 
1.533801959488 
1.531355985256 
1.528852289006 
1.530652151047 
1.527406979643 
1.527360162574 
1.527799375415 
1.524369213430 
1.524104729067 
1.525080493843 
1.523184337270 
1.520450673801 
1.520049463641 
1.520962992886 
1.520437845710 
1.520762708343 
1.518815364821 
1.521005391754 
1.520788025839 
1.523469362583 
1.522146272676 
1.522002043980 
1.520781766730 
1.518227014809 
1.522820293506 
1.525058915028 
1.524340417491 
1.524542563836 
1.521249233351 
1.519112936188 
1.517853534113 
1.518703940161 
1.518633741232 
1.522689383202 
1.517538292798 
1.521108768042 
1.519965543809 
1.522633545480 
1.525783569811 
1.519935642272 
1.521141452805 
1.520113439221 
1.527778655572 
1.535094148902 
1.526564146827 
1.525271574688 
1.527820305592 
1.529185511925 
1.530897226673 
1.528977365067 
1.531050257333 
1.529336019266 
1.537163945897 
1.535489328182 
1.530729763057 
1.533770021539 
1.535349991032 
1.535229547048 
1.535595401247 
1.531456068238 
1.531494643688 
1.534002367075 
1.533805410924 
1.539333117782 
1.535086584653 
1.537456722546 
1.537742911673 
1.539224668708 
1.543233292476 
1.540932618748 
1.538179392722 
1.536379810130 
1.540741806113 
1.534833956978 
1.529869312578 
1.533087162747 
1.526123259843 
1.526733779546 
1.528800136462 
1.524858935414 
1.524694456206 
1.531109656800 
1.535195171617 
1.533797675207 
1.534154946534 
1.536229113109 
1.537494799152 
1.533931857665 
1.532259020001 
1.532303092292 
1.533095924198 
1.531972398026 
1.530080916059 
1.527939956798 
1.527580639395 
1.527339108403 
1.529970136726 
1.528980376538 
1.528760021395 
1.529936184145 
1.528148689430 
1.528740320107 
1.528614639021 
1.528430595291 
1.528330612231 
1.528552995342 
1.528527544358 
1.529402865382 
1.534161085488 
1.532977497030 
1.532899505831 
1.531146984312 
1.533001626250 
1.531572624087 
1.532360567098 
1.533645978328 
1.531579958761 
1.531462265309 
1.529493582682 
1.530329782100 
1.531507121847 
1.531215866949 
1.529857593694 
1.530558883150 
1.532592435941 
1.534054642039 
1.533641399838 
1.533348757842 
1.529867482728 
1.530373370394 
1.523723524953 
1.522560022966 
1.524136565643 
1.529983162490 
1.526429701250 
1.526897177776 
1.529280429905 
1.530205220401 
1.534998117724 
1.547661681088 
1.544055342964 
1.545981575248 
1.546927032538 
1.542251890391 
1.540856937646 
1.540904499174 
1.546086111582 
1.542311194468 
1.548010078129 
1.537691824322 
1.547034898153 
1.541176410805 
1.540711429331 
1.540115830996 
1.536274613496 
1.537299772499 
1.536204688371 
1.534682764947 
1.535505997384 
1.541543571432 
1.538365289495 
1.541007472325 
1.539779226914 
1.540233478126 
1.537372698617 
1.533104447582 
1.538210842933 
1.539912701240 
1.537304631073 
1.538698662611 
1.537831238725 
1.540523342273 
1.542376734977 
1.532645768277 
1.532147328883 
1.528466259292 
1.524685238373 
1.522072968814 
1.519283383042 
1.521994629191 
1.518791564858 
1.516854941201 
1.516104586511 
1.520425029476 
1.519681966233 
1.518029192809 
1.516618813821 
1.521843138043 
1.526909183064 
1.529475862614 
1.527073259219 
1.528293955835 
1.531152695838 
1.532500536691 
1.532875136151 
1.532623834182 
1.532683387941 
1.533056104635 
1.532360750697 
1.533184826130 
1.525657955222 
1.526524663302 
1.527576411750 
1.527233611210 
1.523506206601 
1.526612355357 
1.526949555307 
1.529488809650 
1.528956395136 
1.529267508226 
1.528599256870 
1.526329066858 
1.525626386037 
1.526722560015 
1.525069596360 
1.522762426251 
1.523687596301 
1.520351318490 
1.519751694512 
1.518913921668 
1.528242250447 
1.532098659827 
1.532570074077 
1.522882062757 
1.522075937965 
1.522806068551 
1.522192882145 
1.526170261372 
1.526068656753 
1.522931092639 
1.525495686070 
1.526386386426 
1.526177847787 
1.528059026994 
1.528378547346 
1.530834347459 
1.530826872182 
1.532855447249 
1.532834195603 
1.532700980359 
1.531226906011 
1.532077241773 
1.530803299433 
1.529949878393 
1.527719777375 
1.525798790716 
1.522951127388 
1.521455756758 
1.523403335364 
1.525976801061 
1.528676982444 
1.527635092955 
1.528796202370 
1.521659815411 
1.523626612305 
1.525923059269 
1.524553690343 
1.527033251547 
1.529024672294 
1.527064890308 
1.530481533886 
1.531371030645 
1.533545618350 
1.533712736713 
1.533597402203 
1.531360375252 
1.533201649100 
1.533978260422 
1.534693389801 
1.532537741713 
1.529501214798 
1.531696439941 
1.530769683677 
1.522826867151 
1.522433247583 
1.518778133111 
1.521263750057 
1.524888434667 
1.524438799619 
1.523583504631 
1.520812868969 
1.522841350902 
1.520306802203 
1.522458848157 
1.520005819867 
1.522203168152 
1.522588450232 
1.523826887101 
1.523264833640 
1.523513623882 
1.524335327295 
1.525623559273 
1.521319849301 
1.523637432158 
1.518563933941 
1.522606989022 
1.520591043472 
1.519333710411 
1.518535107195 
1.519463986210 
1.520042801951 
1.518570384206 
1.522955549879 
1.524654965621 
1.523619991064 
1.519956875807 
1.523451015347 
1.526229573730 
1.523002151085 
1.522182719638 
1.521345721998 
1.520912114850 
1.520759387876 
1.519993276619 
1.521392478103 
1.520329481597 
1.521922142276 
1.521794560097 
1.521721007435 
1.521398948271 
1.521309709655 
1.516998359355 
1.517267470878 
1.514777971779 
1.514643815814 
1.514289798461 
1.514868497932 
1.515393226203 
1.516972274147 
1.514646322159 
1.511884368765 
1.513194594683 
1.515428666460 
1.511247463362 
1.512243345326 
1.514621306693 
1.509905183134 
1.510282538538 
1.512521494701 
1.512130580371 
1.510694253738 
1.519670026191 
1.519021642493 
1.518801847552 
1.518255148460 
1.515148639206 
1.512716491627 
1.511666752264 
1.514881443185 
1.511949693194 
1.510916828056 
1.511107885130 
1.512016600027 
1.511961190089 
1.511503214290 
1.513805927548 
1.515281016374 
1.514230924152 
1.513709856881 
1.517585749025 
1.517337525783 
1.516373467457 
1.519517765969 
1.519817772375 
1.519253075403 
1.519739478928 
1.520475070643 
1.521008235958 
1.524893826622 
1.526154235308 
1.526117970753 
1.524334348045 
1.514282070431 
1.517615531541 
1.521405505967 
1.522806130386 
1.526486668530 
1.523988084288 
1.521923623267 
1.520906903746 
1.520655421905 
1.522314350372 
1.523720224633 
1.522077400707 
1.520241681239 
1.524572031626 
1.520294067260 
1.520348077449 
1.520518196514 
1.518564607144 
1.519498983755 
1.521859318439 
1.521128271674 
1.519460682513 
1.519296461707 
1.519350585543 
1.518987668536 
1.519066641335 
1.518505236658 
1.518508344176 
1.518745743140 
1.519212176873 
1.518398853924 
1.517689245179 
1.518631426364 
1.518695653667 
1.515902825090 
1.517732152698 
1.519556634173 
1.518298535055 
1.518577910526 
1.517292586717 
1.517562847238 
1.516264770078 
1.513438948982 
1.517789249658 
1.517682172407 
1.515545344037 
1.514891622057 
1.513793527841 
1.514746195070 
1.516922501035 
1.514893999313 
1.515077004436 
1.515587042160 
1.514953607633 
1.510462531882 
1.510632233439 
1.512842743025 
1.517477584658 
1.516898912130 
1.519783844406 
1.517523687141 
1.516535845680 
1.521200759414 
1.521656848986 
1.521938490823 
1.524204224597 
1.526269534820 
1.526002716509 
1.525105222190 
1.526285698752 
1.525922800616 
1.526930226761 
1.524392637468 
1.521317393267 
1.521622229450 
1.521560915530 
1.521151394685 
1.521509080546 
1.522419966816 
1.525496026643 
1.524609980552 
1.524557544686 
1.524805005614 
1.524993531690 
1.525835324698 
1.521850822354 
1.522280457872 
1.526332779681 
1.523977046453 
1.524302850449 
1.524500947449 
1.524330273580 
1.521643338745 
1.521857155932 
1.521478440453 
1.523212455211 
1.521505238248 
1.529192137751 
1.528171584135 
1.528326482629 
1.531171878965 
1.525755026406 
1.527940004059 
1.528130066230 
1.527943644245 
1.527394447278 
1.527028723214 
1.527547035467 
1.526316702002 
1.525077907798 
1.527026701468 
1.527297192536 
1.527297192536 
1.526250309126 
1.526255057985 
1.526179758382 
1.523068103856 
1.523504250635 
1.522430985018 
1.523099090574 
1.523843495229 
1.525861075824 
1.528389721172 
1.529890401203 
1.529625878880 
1.530007266354 
1.528838731153 
1.526021897971 
1.526885357415 
1.526855565341 
1.526449216287 
1.525409116163 
1.525132170417 
1.525140810079 
1.523547762979 
1.526423304676 
1.525363780631 
1.524142992549 
1.534209168041 
1.532619946549 
1.535001673087 
1.532177172886 
1.531669511199 
1.541562231922 
1.537548247622 
1.542191538207 
1.535563057146 
1.531938815115 
1.528345499436 
1.532206983626 
1.531203682316 
1.527893092891 
1.529285705324 
1.525940899582 
1.522208118019 
1.525470163586 
1.525529909359 
1.523722639941 
1.523963832503 
1.528235955272 
1.529617992087 
1.528906929713 
1.529907527856 
1.525404590395 
1.526308219638 
1.526375665016 
1.524967394648 
1.524670055102 
1.535528275031 
1.525104164928 
1.530164301579 
1.524551209699 
1.518358479037 
1.525298860989 
1.527265635674 
1.526203924172 
1.530276200175 
1.526856780015 
1.520676945089 
1.527405368935 
1.517029191255 
1.521772338328 
1.521973088739 
1.521929777187 
1.522111305214 
1.527662715135 
1.524780288480 
1.521589403145 
1.523823704645 
1.532807095652 
1.527872730581 
1.535105282017 
1.534832571476 
1.535143884022 
1.540220550500 
1.531916114422 
1.532753404127 
1.531661752611 
1.533734155404 
1.535250992165 
1.534152141621 
1.533715892267 
1.536002523877 
1.529215367132 
1.528752736526 
1.528201273932 
1.527431036903 
1.515891600161 
1.518903525904 
1.520322891911 
1.525782921081 
1.527018816756 
1.531356011024 
1.527754928050 
1.528106455066 
1.526387408710 
1.532068193119 
1.537118067773 
1.537830686861 
1.523573427213 
1.525506339145 
1.523626551839 
1.530226952330 
1.528503882848 
1.528008230698 
1.537522452667 
1.539373185929 
1.541892932024 
1.542583936413 
1.541004084898 
1.539292358355 
1.532577843488 
1.530900354321 
1.534432972961 
1.536773393007 
1.530470947625 
1.529709086636 
1.529492140907 
1.530582954730 
1.526113055551 
1.526922345613 
1.528521381668 
1.525889643341 
1.530473972473 
1.531367148214 
1.529600308379 
1.525998852478 
1.526413513123 
1.516885067469 
1.519606781445 
1.519461121565 
1.521027439026 
1.538741003637 
1.535668712189 
1.535760613452 
1.527745626908 
1.528556740378 
1.525251955680 
1.522684013237 
1.519044161081 
1.523437347343 
1.525835735702 
1.528475889927 
1.521814333746 
1.522224467228 
1.522299116182 
1.527065033251 
1.526373230034 
1.529717823388 
1.530134504790 
1.538792906926 
1.535500944289 
1.536042275960 
1.536224260017 
1.534727233947 
1.532714022522 
1.531111087264 
1.526657612900 
1.523789113644 
1.524423346730 
1.524476586070 
1.526719139909 
1.533561002071 
1.528104587076 
1.522670644424 
1.518541418158 
1.517992495696 
1.518320880136 
1.518941603520 
1.509323387619 
1.510261515239 
1.520596387979 
1.521771890311 
1.521122046271 
1.523382649874 
1.521543060308 
1.529031747200 
1.533676891884 
1.536898300046 
1.530620838475 
1.532206752640 
1.531057882490 
1.531437001096 
1.536042503815 
1.530325509408 
1.531253113987 
1.528008710036 
1.528396750579 
1.528966237652 
1.530384004678 
1.527020234019 
1.526334902155 
1.527368063701 
1.526621950423 
1.533182555096 
1.529691527921 
1.529075053483 
1.523215599155 
1.523784518306 
1.520968315800 
1.523973800014 
1.523620066047 
1.525564438840 
1.525371601859 
1.526396230906 
1.526648543764 
1.530826966525 
1.523817840043 
1.523281250039 
1.522021397729 
1.519574427812 
1.519939598361 
1.523951539306 
1.526439482170 
1.528837611112 
1.530885535777 
1.528518478861 
1.530238878849 
1.531062632890 
1.527709234449 
1.525133715300 
1.528153051259 
1.529966727897 
1.527955082520 
1.525713883707 
1.520108877319 
1.522896953975 
1.522945826517 
1.524553318750 
1.532084590978 
1.535278514713 
1.535695018540 
1.535311025014 
1.530786678026 
1.536832813026 
1.535593141120 
1.535880052765 
1.540291883842 
1.536958155227 
1.537219550743 
1.531543943018 
1.532184015326 
1.533192943850 
1.530184194934 
1.525228872424 
1.527816682179 
1.528714731055 
1.530301905336 
1.530025396326 
1.531458280564 
1.531028918136 
1.530938634950 
1.532317274955 
1.529541782072 
1.533091681280 
1.534821474235 
1.532489989879 
1.528792793519 
1.536055612473 
1.536574285680 
1.537206086506 
1.536012393929 
1.536966642767 
1.532979472258 
1.535348050624 
1.535522144008 
1.534315904260 
1.535025956264 
1.535786809572 
1.535872113941 
1.536064640703 
1.542617056289 
1.541476801361 
1.542224203614 
1.548387157065 
1.545506389425 
1.548953623479 
1.539637320864 
1.535947760099 
1.530812698473 
1.529292429332 
1.524502776430 
1.529482434747 
1.528771043199 
1.528352981393 
1.527352116324 
1.526596840989 
1.524704781401 
1.525628166503 
1.520975726997 
1.515450079574 
1.520425944059 
1.520119615728 
1.523035845727 
1.522212018297 
1.518536276758 
1.523649234116 
1.522413189067 
1.525095539547 
1.527193717136 
1.527344879228 
1.524358988892 
1.522197025221 
1.520410884876 
1.516653119676 
1.519636295291 
1.521596488164 
1.521432363942 
1.519707032660 
1.519594040861 
1.516658935831 
1.522859579017 
1.523282400596 
1.523873842920 
1.523381179127 
1.523257941389 
1.523774502418 
1.523939844423 
1.525912089737 
1.525626222566 
1.517732972775 
1.519383783461 
1.522024008382 
1.525799898077 
1.527307692051 
1.526261632589 
1.526582670721 
1.525138182318 
1.525314513864 
1.523241896711 
1.523855742285 
1.526004027416 
1.525146570203 
1.527535711082 
1.530472857229 
1.530752246297 
1.531610000591 
1.532439957234 
1.531676148230 
1.527696479140 
1.537458533381 
1.535500299089 
1.537489577807 
1.534093296184 
1.533105234984 
1.531493179038 
1.529128318857 
1.530753406298 
1.531265141149 
1.530048050716 
1.530631107754 
1.529173134377 
1.526514684795 
1.525595631704 
1.525094198429 
1.525142370152 
1.524389120363 
1.524238673398 
1.525480145662 
1.528205683624 
1.525011360739 
1.524922595902 
1.524952200980 
1.526645516588 
1.525783971882 
1.527502879136 
1.528673013923 
1.527985435785 
1.527578265931 
1.528456901853 
1.529546051565 
1.529546051565 
1.529546051565 
1.530315148211 
1.530153004374 
1.529231232988 
1.529881102624 
1.527426858050 
1.527426858050 
1.529567044595 
1.529460475136 
1.529753777509 
1.529562022880 
1.528482066343 
1.529042098806 
1.528791356888 
1.527922108334 
1.527117619866 
1.530732781693 
1.527151152309 
1.524575249551 
1.524200743556 
1.524544896763 
1.524441350683 
1.524771983334 
1.524733758355 
1.524733758355 
1.525356727001 
1.523757300371 
1.523583688616 
1.525181912532 
1.527993345782 
1.529739666832 
1.523724379981 
1.519921724844 
1.528246691412 
1.530600378725 
1.529181297438 
1.530813023090 
1.531927396836 
1.533307930340 
1.532007805993 
1.528683686655 
1.528318399878 
1.529963429997 
1.528864072280 
1.529313498159 
1.530554635111 
1.526569002693 
1.519294373447 
1.519178229173 
1.518536590323 
1.523258122024 
1.532107091884 
1.535402843918 
1.528109813376 
1.527341144370 
1.530882264503 
1.527432687319 
1.528226629558 
1.529196420627 
1.529658681428 
1.536328482660 
1.541767594009 
1.535025043427 
1.530159205802 
1.527747839678 
1.533294793294 
1.532420515605 
1.526452647231 
1.526224032875 
1.524066945193 
1.524141324149 
1.525724706218 
1.526062283900 
1.517468646680 
1.514427150494 
1.519042354161 
1.516050733302 
1.518023603626 
1.522893779847 
1.522814107014 
1.516075679354 
1.517830670190 
1.515562524947 
1.523822566700 
1.528487926687 
1.528267513767 
1.522398502944 
1.520099098656 
1.519575124820 
1.518265364159 
1.519982898002 
1.527240554378 
1.521533019617 
1.519562205228 
1.525760595801 
1.536322250909 
1.533385300187 
1.519573684462 
1.520304186919 
1.520395206214 
1.513185080210 
1.522063839910 
1.521124767297 
1.521385834718 
1.529098773845 
1.530329926224 
1.532296907208 
1.532487721801 
1.532270938005 
1.530391670793 
1.528419358272 
1.529504625235 
1.525121943663 
1.533999010010 
1.529245200087 
1.515953026398 
1.512968325345 
1.515607700002 
1.521764507704 
1.528644271206 
1.530346725577 
1.520305663367 
1.528668961530 
1.529072837274 
1.527366004032 
1.535027680074 
1.525767440431 
1.529805838033 
1.532857037656 
1.535001931862 
1.532185113762 
1.534247803925 
1.531866977094 
1.528720195753 
1.532244004453 
1.531711231517 
1.535611895011 
1.536657445285 
1.536107441991 
1.539020482673 
1.538560912003 
1.534390393052 
1.533818954464 
1.535437562789 
1.536394901267 
1.534637149406 
1.530507036071 
1.535364471860 
1.529448817984 
1.531989754538 
1.533850749055 
1.530248700694 
1.528447627385 
1.524087628081 
1.522944994604 
1.524911871585 
1.529081268004 
1.522491258908 
1.524496748013 
1.524074173776 
1.523775343029 
1.526683214457 
1.530143827925 
1.527018956372 
1.530022581752 
1.524023136149 
1.523744894006 
1.526844577847 
1.528899916089 
1.532522917073 
1.531474077124 
1.535164242661 
1.531244679194 
1.530801452821 
1.534450562343 
1.536106933183 
1.533012370709 
1.531205249470 
1.529991798201 
1.530277922384 
1.527331370838 
1.526521051423 
1.525421419338 
1.522717538524 
1.523412879823 
1.523175427984 
1.527223454582 
1.520351717712 
1.520674536378 
1.519309678335 
1.520679761277 
1.518765971317 
1.516986608899 
1.516782785486 
1.524349826602 
1.523444753754 
1.523685789073 
1.520187770607 
1.517927836516 
1.517558879536 
1.519752256154 
1.520438337073 
1.519030217471 
1.522914461643 
1.524435886271 
1.521691911528 
1.523931232628 
1.521287834027 
1.524351152612 
1.523976320830 
1.524312095256 
1.523515847936 
1.525929667227 
1.519469284045 
1.520683101298 
1.521597397355 
1.521162768708 
1.521874522050 
1.521706979832 
1.521672167634 
1.522350944590 
1.522175365194 
1.522344503324 
1.519769714517 
1.520263229584 
1.521290596885 
1.521651277744 
1.518225773784 
1.522379008000 
1.522049072950 
1.522001763942 
1.520812420218 
1.521407911687 
1.519980881894 
1.520782017938 
1.520277450702 
1.520442689378 
1.520586107864 
1.518642099971 
1.520391925933 
1.519241972286 
1.518639803269 
1.517020154081 
1.517406749256 
1.517074551696 
1.516902088080 
1.516833401244 
1.517890284459 
1.519142973369 
1.517788561064 
1.519583443758 
1.518877563180 
1.520261773711 
1.522149480416 
1.526361434547 
1.526548814782 
1.528537711117 
1.528269703164 
1.528087454581 
1.526354688988 
1.526005372345 
1.526161823682 
1.526183151140 
1.526004141982 
1.524764329637 
1.525909404305 
1.531657552782 
1.534232669399 
1.535310919871 
1.535154435404 
1.534511366530 
1.537605830421 
1.536518849810 
1.534491069321 
1.534845712725 
1.537238656111 
1.537609510145 
1.539985893224 
1.538443397826 
1.542860111092 
1.536679053495 
1.536680538093 
1.536883193936 
1.536432655117 
1.538545383366 
1.538777014320 
1.532789602631 
1.531264533619 
1.531837957490 
1.532806975796 
1.527889030004 
1.529806346325 
1.529443045534 
1.530267721635 
1.529998606325 
1.531817682295 
1.531817682295 
1.530583752007 
1.530714538731 
1.528011054290 
1.528440592671 
1.527361697671 
1.532821932066 
1.534316878697 
1.536850838595 
1.534908830175 
1.535620076886 
1.532266552672 
1.531219634128 
1.537730779419 
1.540755518055 
1.542093877462 
1.541666010774 
1.535663267360 
1.537379306297 
1.536591944516 
1.532603813800 
1.533331398973 
1.531078362469 
1.534772289786 
1.532577729974 
1.535963035096 
1.540177137530 
1.541131843167 
1.538455847223 
1.535732714768 
1.537388135711 
1.536045358242 
1.534772482986 
1.534557512452 
1.539496805758 
1.532651292042 
1.532280142588 
1.532724046210 
1.533034169109 
1.532796655084 
1.534359933345 
1.532459251144 
1.533242206103 
1.532970975082 
1.532686691086 
1.535136210747 
1.530632883185 
1.528951563103 
1.529585690370 
1.532087204556 
1.530596931413 
1.531225442755 
1.531262856947 
1.531288722005 
1.531288722005 
1.529526387789 
1.529405673974 
1.529879889486 
1.536708953142 
1.536800862838 
1.535656194148 
1.534816676167 
1.530736544842 
1.530945764021 
1.527246494953 
1.526472573938 
1.526262886605 
1.526108844768 
1.528185051970 
1.527444616304 
1.528566191085 
1.530895630544 
1.531265169624 
1.531509808115 
1.531598957202 
1.531965274945 
1.530906356592 
1.530382537162 
1.530598101740 
1.530719448326 
1.530313644897 
1.530313644897 
1.529311492973 
1.529065770532 
1.529498645143 
1.529235348780 
1.531940104320 
1.532720586571 
1.531329868252 
1.535350866674 
1.534680162944 
1.534406775435 
1.534417946938 
1.529718308174 
1.530050315174 
1.529753395588 
1.530413217981 
1.529969167588 
1.531350924125 
1.531576990250 
1.532856592746 
1.532221557882 
1.533504975827 
1.532933344550 
1.532734871843 
1.532304622819 
1.527644645923 
1.534285811730 
1.530370327474 
1.527480313198 
1.527368809852 
1.522425156072 
1.526575009139 
1.523679903209 
1.524524899609 
1.523574750859 
1.520855085105 
1.522612551611 
1.518584056608 
1.518153463353 
1.520822030769 
1.517644120436 
1.515849871183 
1.518264783912 
1.512904467721 
1.525409467896 
1.517033825072 
1.521904688801 
1.524472468040 
1.522564501225 
1.522414753212 
1.526247915097 
1.526585725582 
1.528353819580 
1.527408187281 
1.530497503827 
1.527224556824 
1.528403826402 
1.527032964320 
1.535057725245 
1.535125778208 
1.534475158544 
1.529244569470 
1.529343485444 
1.525254304126 
1.529231636047 
1.533277835208 
1.538727301602 
1.537737550997 
1.535018777035 
1.536629443947 
1.533418694197 
1.529275463071 
1.523254140851 
1.524164491687 
1.526473303608 
1.525758060183 
1.517631741903 
1.525560973626 
1.523991244059 
1.524150409037 
1.524636804237 
1.525915501158 
1.523829577914 
1.522996131459 
1.521491861035 
1.525230662882 
1.525372533637 
1.523323069089 
1.521594534387 
1.524907777642 
1.529955525667 
1.529886949164 
1.535441741176 
1.533387011849 
1.531289070117 
1.533350661783 
1.538279731988 
1.539492055121 
1.540266174988 
1.533374962704 
1.531007729095 
1.531914268050 
1.529312326386 
1.536804282752 
1.538156855261 
1.526046228881 
1.527363153244 
1.526912330386 
1.533718261374 
1.527207393078 
1.526488492122 
1.521756730867 
1.522649305017 
1.527403716918 
1.529193329842 
1.536855225538 
1.532789876562 
1.528194799809 
1.526042799246 
1.524893847977 
1.525367603605 
1.524206539802 
1.525425265921 
1.525447848846 
1.525758395032 
1.531464938256 
1.529916299852 
1.526265464096 
1.527711708355 
1.523460977316 
1.524384421602 
1.522515892198 
1.523076353423 
1.527510462683 
1.524728155744 
1.526150175866 
1.527897816589 
1.529061287507 
1.533809457673 
1.535988768656 
1.537020785293 
1.537464329811 
1.539464777834 
1.535847049692 
1.521543818134 
1.520951744821 
1.523488479586 
1.518565231004 
1.521109391144 
1.520329729068 
1.522148878861 
1.525041420090 
1.523371678660 
1.525144984166 
1.523717093260 
1.526539999307 
1.518796010548 
1.525975119998 
1.527572682523 
1.538988804487 
1.531284694190 
1.530981836381 
1.526313787763 
1.526217281752 
1.530102160043 
1.526686822222 
1.531326630990 
1.530181527856 
1.519867938070 
1.522740872656 
1.520872999752 
1.531244694463 
1.523928434687 
1.522044540396 
1.525710517286 
1.521947442896 
1.526416685215 
1.531159602726 
1.526502617251 
1.528906087605 
1.529723470860 
1.530364178643 
1.527070182553 
1.529991559368 
1.523868395012 
1.523998785409 
1.528418858949 
1.532010329060 
1.529919024217 
1.530833569304 
1.532377357161 
1.530907647232 
1.529711133633 
1.533018855243 
1.532652663977 
1.531647742952 
1.537915701787 
1.537093706380 
1.534136290794 
1.543895491105 
1.542259068728 
1.534947091782 
1.540689998188 
1.540968717146 
1.540373147023 
1.541185408104 
1.539531507599 
1.537343031377 
1.533927523986 
1.533129302686 
1.537019759567 
1.533051686844 
1.536773552900 
1.534322769398 
1.533331208581 
1.526929466927 
1.525244723989 
1.525225852398 
1.525002909186 
1.525091234464 
1.525188784857 
1.527705143888 
1.529571089795 
1.530377588639 
1.528655766029 
1.526920160899 
1.526724106512 
1.527014762682 
1.525773490241 
1.523798779847 
1.524947390463 
1.529185391422 
1.535537078112 
1.539647819470 
1.538546680457 
1.537747218741 
1.536025927721 
1.536361431434 
1.534152325901 
1.534440428139 
1.533548286165 
1.533392655354 
1.531178005250 
1.515839994628 
1.519323104235 
1.519783691882 
1.523951740831 
1.527402440257 
1.525028333379 
1.521310989280 
1.522171719853 
1.526320279811 
1.528751914337 
1.523139945187 
1.524172542046 
1.518448949103 
1.514789731813 
1.516593031324 
1.511545244948 
1.518279658525 
1.518813295217 
1.518824730834 
1.517639380676 
1.518211450947 
1.520297875574 
1.523050832512 
1.518489139723 
1.519873104630 
1.521424671809 
1.516050320684 
1.516849709508 
1.517746962830 
1.518980778807 
1.517587376581 
1.519317935744 
1.519052750722 
1.523369942868 
1.522463069561 
1.519559271250 
1.520484972369 
1.518607151742 
1.521787038203 
1.525924108329 
1.523735973305 
1.526106521251 
1.524257909044 
1.527416056099 
1.527323325262 
1.527407334921 
1.530208656507 
1.522406367416 
1.527294599542 
1.528513945058 
1.525571102846 
1.525008976339 
1.523990849210 
1.526910179027 
1.526347019317 
1.525608730885 
1.521208002247 
1.521703168901 
1.522025532675 
1.524108235033 
1.523701489591 
1.522868648227 
1.524088034733 
1.523364441717 
1.527720882779 
1.529649131756 
1.527478074783 
1.527172862042 
1.526437899047 
1.525928210747 
1.526341953056 
1.528093909644 
1.527994746075 
1.529640662148 
1.529694482924 
1.530045771595 
1.533363584293 
1.534209319621 
1.531688388202 
1.531544271712 
1.531785238777 
1.531893882812 
1.532021969727 
1.532760268818 
1.532363894719 
1.534056415168 
1.535338927599 
1.538007797202 
1.537463386195 
1.537656894412 
1.538093780652 
1.540045441222 
1.538254170317 
1.537893991824 
1.539725844314 
1.530812932578 
1.536567236108 
1.530197069462 
1.533636871121 
1.533179872240 
1.535247163247 
1.535248667691 
1.528102648575 
1.528588547621 
1.531425801490 
1.531705445859 
1.530147114709 
1.533435910617 
1.527777890708 
1.528888177763 
1.527205887804 
1.528613305263 
1.522890451378 
1.524079342254 
1.525384674932 
1.527736532444 
1.527132272397 
1.530548957002 
1.534713189967 
1.533967019532 
1.539360209759 
1.534795405227 
1.534717178950 
1.530763964408 
1.531490708074 
1.531254590190 
1.532437028267 
1.539850766829 
1.532867727492 
1.531341064268 
1.530795613842 
1.540398736919 
1.537262367244 
1.538171860165 
1.535125282758 
1.532146078245 
1.532092969802 
1.531815301602 
1.532872670946 
1.529576902401 
1.532316563914 
1.533013080986 
1.528944120366 
1.526585124946 
1.526739420153 
1.526849456239 
1.527241554824 
1.527825667817 
1.528304115816 
1.527019575078 
1.524280466146 
1.524033743232 
1.524700117770 
1.524039276283 
1.524957002362 
1.524113428124 
1.526018168712 
1.524247342341 
1.523485466660 
1.523449447027 
1.522737751604 
1.521818251904 
1.521290116746 
1.520912835945 
1.519971305172 
1.524262701232 
1.522601728532 
1.521138445797 
1.519512536620 
1.529160673620 
1.528606017365 
1.516062573663 
1.523008518856 
1.521825009467 
1.521876312373 
1.518064094630 
1.521579445369 
1.521457579708 
1.516479536706 
1.523105672346 
1.523724387833 
1.522343140501 
1.522519295735 
1.521820199295 
1.524734852683 
1.528667221018 
1.527113643818 
1.526158875869 
1.527031776902 
1.522817183490 
1.521554932054 
1.520755344328 
1.523783557191 
1.522827700321 
1.516808101673 
1.516552472175 
1.517839816261 
1.521231572949 
1.520351466317 
1.520738306444 
1.519101732777 
1.521321400644 
1.521874603523 
1.533221037272 
1.524818480160 
1.524887759105 
1.523972670996 
1.522192644271 
1.518528339176 
1.524607792627 
1.531485239471 
1.536157853139 
1.532716883627 
1.529349454754 
1.540649473666 
1.523546739113 
1.526780497016 
1.525722824352 
1.529711015830 
1.527175156896 
1.527562400085 
1.533636759457 
1.529587445395 
1.527292464111 
1.529068418812 
1.527886535728 
1.527542681622 
1.529457038365 
1.528166708118 
1.525833607748 
1.520676490521 
1.519459119136 
1.519444214323 
1.524255611986 
1.523470312505 
1.526885666893 
1.527930645109 
1.527157787640 
1.527733702283 
1.527771315754 
1.528151171494 
1.523944429696 
1.521807819595 
1.521507024125 
1.516311451380 
1.520267630636 
1.521179502855 
1.520003916350 
1.519627357262 
1.518559506707 
1.521711473768 
1.524386411802 
1.524546941264 
1.525945618471 
1.525734239118 
1.525443114915 
1.525377555298 
1.521569188534 
1.521385509348 
1.521907135360 
1.522437615622 
1.522480661757 
1.523470685870 
1.523511498541 
1.523869797674 
1.524030520300 
1.525999625265 
1.523122871904 
1.522515864668 
1.523104977029 
1.522913369566 
1.522185398700 
1.522066342569 
1.521394936930 
1.521280695810 
1.522259190037 
1.522598892583 
1.525006024480 
1.531235358083 
1.531601854870 
1.532246507599 
1.543885043239 
1.546597260162 
1.542291120093 
1.536795252910 
1.538532114020 
1.534749111901 
1.532960561361 
1.535117362519 
1.535077757550 
1.530041782635 
1.530332767030 
1.527988556489 
1.527859977639 
1.529095876133 
1.532017551228 
1.529454376647 
1.529115503214 
1.523460635974 
1.522487112585 
1.525207609841 
1.525296973643 
1.524548888327 
1.521482057317 
1.525840690115 
1.524339246702 
1.523556110768 
1.522696338389 
1.528204210978 
1.526841332949 
1.528094051568 
1.527460471901 
1.527269652958 
1.527512222923 
1.527180042331 
1.527477487340 
1.526194865213 
1.527459245482 
1.525837544052 
1.523992494494 
1.525141187289 
1.523678283930 
1.524827464559 
1.528644614658 
1.526039947137 
1.523774902775 
1.522491966950 
1.522148378141 
1.519688548584 
1.519498193843 
1.519711692149 
1.521203653187 
1.521159011850 
1.522847134891 
1.523985555326 
1.524533062350 
1.523411264864 
1.522902903421 
1.523450535337 
1.523093230254 
1.524657964709 
1.524344925618 
1.525361124267 
1.525251270359 
1.525602758787 
1.526535587615 
1.529363722858 
1.528511156033 
1.529816169457 
1.530789314711 
1.527666938283 
1.527256161109 
1.525802304966 
1.526173104066 
1.526558041428 
1.526909814883 
1.525493599086 
1.525581043740 
1.525690149157 
1.525890218040 
1.525979104170 
1.525480763186 
1.525124241869 
1.525494618525 
1.525927566266 
1.527116133003 
1.525366189039 
1.525888492985 
1.525575920870 
1.525404473980 
1.523289870937 
1.523692636147 
1.527231974744 
1.525865058065 
1.524198294234 
1.521971768585 
1.522022799196 
1.521839245284 
1.521986998140 
1.522396375534 
1.525652035067 
1.529469753117 
1.527443594773 
1.527660931542 
1.527310065346 
1.523388813508 
1.524578286664 
1.522503400962 
1.521675646558 
1.521648914968 
1.522535857391 
1.523719677755 
1.526039205815 
1.526363889661 
1.526699734216 
1.523226299253 
1.523933070200 
1.523015602514 
1.521545853945 
1.522297070648 
1.524075708509 
1.523822812349 
1.523317290809 
1.523299146931 
1.523381919139 
1.522992627191 
1.523437152898 
1.523903664415 
1.524168918824 
1.525619242591 
1.522973848271 
1.524238688696 
1.524319177778 
1.523811303608 
1.524811541374 
1.524687836790 
1.524685450966 
1.526175266014 
1.525037400747 
1.525736478521 
1.527063201968 
1.527170895368 
1.528760448784 
1.526650390234 
1.524554595726 
1.523556704017 
1.523999433652 
1.524430894909 
1.523672714651 
1.524972984771 
1.523920255935 
1.525166528061 
1.526621658621 
1.525249517399 
1.525360194465 
1.521617170637 
1.521435865570 
1.521119398548 
1.521424466696 
1.517376674022 
1.516697928051 
1.518172055370 
1.520194866517 
1.519976329941 
1.520847436711 
1.520246621410 
1.519842886209 
1.520597525602 
1.518128255025 
1.520537753286 
1.520210003668 
1.522987492019 
1.525519073197 
1.525201486528 
1.523579586979 
1.523131691185 
1.523500768043 
1.521849138688 
1.522119371988 
1.522641839374 
1.520470119426 
1.520262983634 
1.519624524440 
1.519950283637 
1.516469511748 
1.520892136882 
1.521753291167 
1.522077033993 
1.527076357745 
1.526948942334 
1.527115400758 
1.527732879083 
1.524174105578 
1.522700237176 
1.524316589486 
1.524667367145 
1.524824304649 
1.523508909583 
1.528393379887 
1.524651183782 
1.523252814577 
1.522426403987 
1.522692979936 
1.522689768543 
1.522754044599 
1.524059997145 
1.521963664567 
1.522583802910 
1.522441229441 
1.524176608980 
1.524591746665 
1.524572973441 
1.524798093666 
1.525219360130 
1.524326440190 
1.524601147935 
1.519256532811 
1.520753820760 
1.519334725243 
1.519777205676 
1.521033177780 
1.519499883695 
1.519428282999 
1.522302409304 
1.522312446747 
1.521961320636 
1.521545247800 
1.521721971797 
1.521710087848 
1.521577605267 
1.519603683399 
1.520764328885 
1.518540310440 
1.520675390897 
1.521469959303 
1.520743245962 
1.520937830360 
1.519758976238 
1.518627550265 
1.520166567629 
1.520284191431 
1.520075340428 
1.518008593446 
1.518281021369 
1.517359890075 
1.520986460082 
1.522354992073 
1.522949638352 
1.520481869625 
1.520855970980 
1.520742580335 
1.520062071560 
1.520633417492 
1.519949267728 
1.519171156386 
1.517986496353 
1.519816914543 
1.519923580023 
1.519594661491 
1.519316571840 
1.517688455399 
1.516078883016 
1.517266451943 
1.517534313882 
1.518856830486 
1.520153335072 
1.527488686663 
1.523513873210 
1.529931199317 
1.522941300114 
1.518910756887 
1.521595661540 
1.519339967240 
1.520017559005 
1.521171317053 
1.522776246057 
1.530592162998 
1.528041290721 
1.514834066500 
1.516583863098 
1.516290761152 
1.508356767204 
1.520293391126 
1.514105118838 
1.523424259525 
1.524470645006 
1.524232312582 
1.526461206788 
1.514489479065 
1.514512113362 
1.517917784292 
1.522877120967 
1.530083141500 
1.529615537281 
1.523228186867 
1.528280142583 
1.524320727066 
1.516163133317 
1.511917837073 
1.510690692943 
1.516261528034 
1.516423958156 
1.513622809718 
1.514324591558 
1.516789930513 
1.514813573062 
1.519091336543 
1.509819008638 
1.517780673640 
1.516503666978 
1.521557043659 
1.520344241067 
1.523121450486 
1.511634508789 
1.520319070503 
1.524134090969 
1.524117452560 
1.520486282517 
1.519271966132 
1.516366343967 
1.520667835815 
1.521614303724 
1.524304806081 
1.529786257096 
1.533851019987 
1.538642173376 
1.539512645718 
1.540701195729 
1.533564251803 
1.542397968717 
1.536190939079 
1.534286104906 
1.537136797161 
1.534288360394 
1.531862983253 
1.526282546797 
1.524286254560 
1.526556942286 
1.523252880637 
1.531564906182 
1.533914287703 
1.531195257718 
1.530205515851 
1.528106339730 
1.525525826083 
1.525782531467 
1.519923944064 
1.516842715215 
1.515415809583 
1.522190840681 
1.519707412667 
1.517216261119 
1.520624318447 
1.526884985869 
1.524823509442 
1.526930218268 
1.523982710382 
1.524456169940 
1.518763691765 
1.517591772240 
1.519776929279 
1.512635370685 
1.512571558354 
1.520147337728 
1.519029364954 
1.529671546297 
1.524868537466 
1.527394555995 
1.532664192953 
1.536007385075 
1.539581680160 
1.537856747821 
1.531553022165 
1.524100091253 
1.526358691644 
1.521344630557 
1.523229340189 
1.535660032490 
1.532213191278 
1.527727669786 
1.527492535263 
1.522922543284 
1.520446474610 
1.516710436072 
1.518481991536 
1.515067276372 
1.517188319382 
1.516734331836 
1.520318463957 
1.518699860718 
1.520527549164 
1.522772963182 
1.520807032808 
1.516902676616 
1.519048784925 
1.519105299274 
1.521912022479 
1.521884839409 
1.520492779093 
1.519744108874 
1.521757178549 
1.516848869736 
1.518140031932 
1.521587048098 
1.522591396319 
1.523083018519 
1.520436323173 
1.521587620133 
1.519573821962 
1.519738142236 
1.514611521681 
1.521020886282 
1.523642352454 
1.523859860429 
1.522602196611 
1.521805268231 
1.522956498761 
1.521452151197 
1.520966595511 
1.522061909654 
1.523823583304 
1.525325610236 
1.526167277061 
1.525974104802 
1.526616058978 
1.526616058978 
1.527574512714 
1.527166304945 
1.525999372410 
1.526158204635 
1.525315662413 
1.523512630618 
1.522972149918 
1.522351918087 
1.524179012157 
1.524226199841 
1.524584074271 
1.524542731476 
1.525078420231 
1.526480593442 
1.524855427685 
1.532955590545 
1.528963481908 
1.528388045435 
1.528156372044 
1.528593710793 
1.533521926252 
1.534512091578 
1.530167610227 
1.528915826213 
1.522680208286 
1.522048230289 
1.519468616111 
1.521352253055 
1.524015697968 
1.525634192949 
1.531410546002 
1.530074775577 
1.533364262831 
1.531343284805 
1.531365161538 
1.531896723780 
1.531922598846 
1.531968592461 
1.529962042353 
1.535658260401 
1.534245110264 
1.535524532727 
1.529624748221 
1.526450070233 
1.527124351535 
1.529648940983 
1.530119636273 
1.529170744367 
1.528570801032 
1.530062268634 
1.530371378912 
1.532556451801 
1.530156992811 
1.529802326402 
1.526642774663 
1.530420511332 
1.528532513608 
1.526305612588 
1.525093143755 
1.523818017468 
1.518693200886 
1.522230813151 
1.523600053216 
1.527570162608 
1.526117449249 
1.526500059845 
1.526795631358 
1.526915885148 
1.528418135674 
1.531953118640 
1.526580920514 
1.529010780915 
1.531139246096 
1.526841689558 
1.523686558519 
1.530864496158 
1.531527750213 
1.537289040649 
1.534901458208 
1.533334822204 
1.532424440881 
1.534192780350 
1.530115666566 
1.533801633284 
1.533417268631 
1.528590716901 
1.533002810320 
1.533855637711 
1.534360866828 
1.535526076838 
1.535895820118 
1.536452424121 
1.542179131016 
1.539646513282 
1.538233960200 
1.542305088290 
1.536973618549 
1.540530126950 
1.534968555266 
1.532249608586 
1.529663203262 
1.535464924012 
1.531598009703 
1.533917794336 
1.531169663014 
1.530820378696 
1.530220449062 
1.530077882613 
1.530679496321 
1.529972756205 
1.524508521750 
1.525528740196 
1.525450424528 
1.522751838586 
1.522916390713 
1.523515351504 
1.524771627852 
1.526652576023 
1.526157398667 
1.525927298639 
1.524443626834 
1.523404218932 
1.522524591117 
1.522693630956 
1.521567105427 
1.522796930224 
1.521851442908 
1.523450135643 
1.525560729270 
1.525597922538 
1.526891921051 
1.523219666333 
1.527663994329 
1.526967607966 
1.526142313793 
1.526176830300 
1.524654215858 
1.524811578736 
1.524924038746 
1.522527600131 
1.523871204873 
1.525493970677 
1.523558983327 
1.521173370836 
1.521785313502 
1.522228995393 
1.523218799326 
1.523433867440 
1.524542878023 
1.523490299372 
1.520964803765 
1.522226739037 
1.522011805894 
1.523863610714 
1.521062421691 
1.520235283964 
1.520183096636 
1.523050274561 
1.521513472771 
1.519279696697 
1.522106578092 
1.521834207016 
1.519689153960 
1.517575634111 
1.522631175433 
1.522958797985 
1.523168562785 
1.523325188210 
1.521149539282 
1.522265675452 
1.522533113636 
1.522838575910 
1.522860971209 
1.523230473196 
1.524368965485 
1.524408253980 
1.524644139978 
1.525840493793 
1.525171196977 
1.526379762573 
1.523160099114 
1.521299804162 
1.520688256487 
1.518944836902 
1.519869235439 
1.520486195136 
1.522378051788 
1.522350213825 
1.525380008051 
1.520493414803 
1.521563284078 
1.521335656901 
1.520760365371 
1.522294666119 
1.523622504913 
1.520287688552 
1.516130523557 
1.517673243808 
1.506182620208 
1.506731730402 
1.509306648721 
1.520079629437 
1.519476456986 
1.517680702358 
1.517896567245 
1.519297797716 
1.520428990381 
1.518171615591 
1.518842470062 
1.517968089906 
1.514292508440 
1.518828670109 
1.516514233043 
1.519559478165 
1.519048040736 
1.517605654025 
1.519646328357 
1.521450121363 
1.522742540672 
1.523733623734 
